# MagicaVoxel @ Ephtracy

# group
o 

# material
mtllib Mushroom.mtl
usemtl palette

# normals
vn -1 0 0
vn 1 0 0
vn 0 0 1
vn 0 0 -1
vn 0 -1 0
vn 0 1 0

# texcoords
vt 0.0214844 0.5
vt 0.0253906 0.5
vt 0.0292969 0.5

# verts
v -2 2 0.5
v -2 2 -0.5
v -2 2.5 0.5
v -2 2.5 -0.5
v -1.9 1.9 0.5
v -1.9 1.9 -0.5
v -1.9 2 0.8
v -1.9 2 0.5
v -1.9 2 -0.5
v -1.9 2 -0.8
v -1.9 2.5 0.8
v -1.9 2.5 0.5
v -1.9 2.5 -0.5
v -1.9 2.5 -0.8
v -1.9 2.7 0.5
v -1.9 2.7 -0.5
v -1.8 1.9 0.8
v -1.8 1.9 0.5
v -1.8 1.9 -0.5
v -1.8 1.9 -0.8
v -1.8 2 1
v -1.8 2 0.8
v -1.8 2 0.5
v -1.8 2 -0.5
v -1.8 2 -0.8
v -1.8 2 -1
v -1.8 2.5 1
v -1.8 2.5 0.8
v -1.8 2.5 0.5
v -1.8 2.5 -0.5
v -1.8 2.5 -0.8
v -1.8 2.5 -1
v -1.8 2.7 0.8
v -1.8 2.7 0.5
v -1.8 2.7 -0.5
v -1.8 2.7 -0.8
v -1.8 2.9 0.5
v -1.8 2.9 -0.5
v -1.7 1.9 1
v -1.7 1.9 0.8
v -1.7 1.9 -0.8
v -1.7 1.9 -1
v -1.7 2 1.2
v -1.7 2 1
v -1.7 2 0.8
v -1.7 2 -0.8
v -1.7 2 -1
v -1.7 2 -1.2
v -1.7 2.5 1.2
v -1.7 2.5 1
v -1.7 2.5 0.8
v -1.7 2.5 -0.8
v -1.7 2.5 -1
v -1.7 2.5 -1.2
v -1.7 2.7 1
v -1.7 2.7 0.8
v -1.7 2.7 0.5
v -1.7 2.7 -0.5
v -1.7 2.7 -0.8
v -1.7 2.7 -1
v -1.7 2.9 0.8
v -1.7 2.9 0.5
v -1.7 2.9 -0.5
v -1.7 2.9 -0.8
v -1.7 3.1 0.5
v -1.7 3.1 -0.5
v -1.6 1.9 1.1
v -1.6 1.9 1
v -1.6 1.9 -1
v -1.6 1.9 -1.1
v -1.6 2 1.3
v -1.6 2 1.2
v -1.6 2 1.1
v -1.6 2 1
v -1.6 2 -1
v -1.6 2 -1.1
v -1.6 2 -1.2
v -1.6 2 -1.3
v -1.6 2.5 1.3
v -1.6 2.5 1.2
v -1.6 2.5 1.1
v -1.6 2.5 1
v -1.6 2.5 -1
v -1.6 2.5 -1.1
v -1.6 2.5 -1.2
v -1.6 2.5 -1.3
v -1.6 2.7 1.1
v -1.6 2.7 1
v -1.6 2.7 0.8
v -1.6 2.7 -0.8
v -1.6 2.7 -1
v -1.6 2.7 -1.1
v -1.6 2.9 1
v -1.6 2.9 0.8
v -1.6 2.9 0.7
v -1.6 2.9 0.5
v -1.6 2.9 -0.5
v -1.6 2.9 -0.7
v -1.6 2.9 -0.8
v -1.6 2.9 -1
v -1.6 3.1 0.7
v -1.6 3.1 0.5
v -1.6 3.1 0.4
v -1.6 3.1 -0.4
v -1.6 3.1 -0.5
v -1.6 3.1 -0.7
v -1.6 3.2 0.4
v -1.6 3.2 -0.4
v -1.5 1.9 1.3
v -1.5 1.9 1.1
v -1.5 1.9 -1.1
v -1.5 1.9 -1.3
v -1.5 2 1.4
v -1.5 2 1.3
v -1.5 2 1.1
v -1.5 2 -1.1
v -1.5 2 -1.3
v -1.5 2 -1.4
v -1.5 2.5 1.4
v -1.5 2.5 1.3
v -1.5 2.5 1.1
v -1.5 2.5 -1.1
v -1.5 2.5 -1.3
v -1.5 2.5 -1.4
v -1.5 2.7 1.3
v -1.5 2.7 1.1
v -1.5 2.7 1
v -1.5 2.7 -1
v -1.5 2.7 -1.1
v -1.5 2.7 -1.3
v -1.5 2.9 1.1
v -1.5 2.9 1
v -1.5 2.9 0.9
v -1.5 2.9 0.7
v -1.5 2.9 -0.7
v -1.5 2.9 -0.9
v -1.5 2.9 -1
v -1.5 2.9 -1.1
v -1.5 3.1 0.9
v -1.5 3.1 0.7
v -1.5 3.1 0.4
v -1.5 3.1 -0.4
v -1.5 3.1 -0.7
v -1.5 3.1 -0.9
v -1.5 3.2 0.7
v -1.5 3.2 0.4
v -1.5 3.2 -0.4
v -1.5 3.2 -0.7
v -1.5 3.3 0.4
v -1.5 3.3 -0.4
v -1.4 1.9 1.4
v -1.4 1.9 1.3
v -1.4 1.9 -1.3
v -1.4 1.9 -1.4
v -1.4 2 1.5
v -1.4 2 1.4
v -1.4 2 1.3
v -1.4 2 -1.3
v -1.4 2 -1.4
v -1.4 2 -1.5
v -1.4 2.5 1.5
v -1.4 2.5 1.4
v -1.4 2.5 1.3
v -1.4 2.5 -1.3
v -1.4 2.5 -1.4
v -1.4 2.5 -1.5
v -1.4 2.7 1.4
v -1.4 2.7 1.3
v -1.4 2.7 1.2
v -1.4 2.7 1.1
v -1.4 2.7 -1.1
v -1.4 2.7 -1.2
v -1.4 2.7 -1.3
v -1.4 2.7 -1.4
v -1.4 2.9 1.2
v -1.4 2.9 1.1
v -1.4 2.9 0.9
v -1.4 2.9 -0.9
v -1.4 2.9 -1.1
v -1.4 2.9 -1.2
v -1.4 3.1 1.1
v -1.4 3.1 0.9
v -1.4 3.1 0.7
v -1.4 3.1 -0.7
v -1.4 3.1 -0.9
v -1.4 3.1 -1.1
v -1.4 3.2 0.9
v -1.4 3.2 0.7
v -1.4 3.2 0.4
v -1.4 3.2 -0.4
v -1.4 3.2 -0.7
v -1.4 3.2 -0.9
v -1.4 3.3 0.7
v -1.4 3.3 0.4
v -1.4 3.3 -0.4
v -1.4 3.3 -0.7
v -1.4 3.4 0.4
v -1.4 3.4 -0.4
v -1.3 0.5 0.4
v -1.3 0.5 -0.4
v -1.3 1.1 0.4
v -1.3 1.1 -0.4
v -1.3 1.9 1.5
v -1.3 1.9 1.4
v -1.3 1.9 -1.4
v -1.3 1.9 -1.5
v -1.3 2 1.6
v -1.3 2 1.5
v -1.3 2 1.4
v -1.3 2 -1.4
v -1.3 2 -1.5
v -1.3 2 -1.6
v -1.3 2.5 1.6
v -1.3 2.5 1.5
v -1.3 2.5 1.4
v -1.3 2.5 -1.4
v -1.3 2.5 -1.5
v -1.3 2.5 -1.6
v -1.3 2.7 1.5
v -1.3 2.7 1.4
v -1.3 2.7 1.3
v -1.3 2.7 1.2
v -1.3 2.7 -1.2
v -1.3 2.7 -1.3
v -1.3 2.7 -1.4
v -1.3 2.7 -1.5
v -1.3 2.9 1.3
v -1.3 2.9 1.2
v -1.3 2.9 1.1
v -1.3 2.9 -1.1
v -1.3 2.9 -1.2
v -1.3 2.9 -1.3
v -1.3 3.1 1.2
v -1.3 3.1 1.1
v -1.3 3.1 1
v -1.3 3.1 0.9
v -1.3 3.1 -0.9
v -1.3 3.1 -1
v -1.3 3.1 -1.1
v -1.3 3.1 -1.2
v -1.3 3.2 1
v -1.3 3.2 0.9
v -1.3 3.2 0.7
v -1.3 3.2 -0.7
v -1.3 3.2 -0.9
v -1.3 3.2 -1
v -1.3 3.3 0.9
v -1.3 3.3 0.7
v -1.3 3.3 0.4
v -1.3 3.3 -0.4
v -1.3 3.3 -0.7
v -1.3 3.3 -0.9
v -1.3 3.4 0.7
v -1.3 3.4 0.4
v -1.3 3.4 -0.4
v -1.3 3.4 -0.7
v -1.3 3.5 0.4
v -1.3 3.5 -0.4
v -1.2 0.3 0.4
v -1.2 0.3 -0.4
v -1.2 0.5 0.6
v -1.2 0.5 0.4
v -1.2 0.5 -0.4
v -1.2 0.5 -0.6
v -1.2 1.1 0.6
v -1.2 1.1 0.4
v -1.2 1.1 -0.4
v -1.2 1.1 -0.6
v -1.2 1.2 0.4
v -1.2 1.2 -0.4
v -1.2 2 1.7
v -1.2 2 1.6
v -1.2 2 -1.6
v -1.2 2 -1.7
v -1.2 2.5 1.7
v -1.2 2.5 1.6
v -1.2 2.5 -1.6
v -1.2 2.5 -1.7
v -1.2 2.7 1.4
v -1.2 2.7 1.3
v -1.2 2.7 -1.3
v -1.2 2.7 -1.4
v -1.2 2.9 1.4
v -1.2 2.9 1.3
v -1.2 2.9 1.2
v -1.2 2.9 -1.2
v -1.2 2.9 -1.3
v -1.2 2.9 -1.4
v -1.2 3.1 1.3
v -1.2 3.1 1.2
v -1.2 3.1 1.1
v -1.2 3.1 1
v -1.2 3.1 -1
v -1.2 3.1 -1.1
v -1.2 3.1 -1.2
v -1.2 3.1 -1.3
v -1.2 3.2 1.1
v -1.2 3.2 1
v -1.2 3.2 0.9
v -1.2 3.2 -0.9
v -1.2 3.2 -1
v -1.2 3.2 -1.1
v -1.2 3.3 1
v -1.2 3.3 0.9
v -1.2 3.3 0.8
v -1.2 3.3 0.7
v -1.2 3.3 -0.7
v -1.2 3.3 -0.8
v -1.2 3.3 -0.9
v -1.2 3.3 -1
v -1.2 3.4 0.8
v -1.2 3.4 0.7
v -1.2 3.4 0.6
v -1.2 3.4 0.4
v -1.2 3.4 -0.4
v -1.2 3.4 -0.6
v -1.2 3.4 -0.7
v -1.2 3.4 -0.8
v -1.2 3.5 0.6
v -1.2 3.5 0.4
v -1.2 3.5 -0.4
v -1.2 3.5 -0.6
v -1.2 3.6 0.4
v -1.2 3.6 -0.4
v -1.1 0.1 0.4
v -1.1 0.1 -0.4
v -1.1 0.3 0.6
v -1.1 0.3 0.4
v -1.1 0.3 -0.4
v -1.1 0.3 -0.6
v -1.1 0.5 0.8
v -1.1 0.5 0.6
v -1.1 0.5 0.4
v -1.1 0.5 -0.4
v -1.1 0.5 -0.6
v -1.1 0.5 -0.8
v -1.1 1.1 0.8
v -1.1 1.1 0.6
v -1.1 1.1 0.4
v -1.1 1.1 -0.4
v -1.1 1.1 -0.6
v -1.1 1.1 -0.8
v -1.1 1.2 0.6
v -1.1 1.2 0.4
v -1.1 1.2 -0.4
v -1.1 1.2 -0.6
v -1.1 1.3 0.4
v -1.1 1.3 -0.4
v -1.1 1.9 1.6
v -1.1 1.9 1.5
v -1.1 1.9 -1.5
v -1.1 1.9 -1.6
v -1.1 2 1.6
v -1.1 2 1.5
v -1.1 2 -1.5
v -1.1 2 -1.6
v -1.1 2.5 1.6
v -1.1 2.5 1.5
v -1.1 2.5 -1.5
v -1.1 2.5 -1.6
v -1.1 2.7 1.6
v -1.1 2.7 1.5
v -1.1 2.7 1.4
v -1.1 2.7 -1.4
v -1.1 2.7 -1.5
v -1.1 2.7 -1.6
v -1.1 2.9 1.5
v -1.1 2.9 1.4
v -1.1 2.9 1.3
v -1.1 2.9 -1.3
v -1.1 2.9 -1.4
v -1.1 2.9 -1.5
v -1.1 3.1 1.4
v -1.1 3.1 1.3
v -1.1 3.1 1.2
v -1.1 3.1 1.1
v -1.1 3.1 -1.1
v -1.1 3.1 -1.2
v -1.1 3.1 -1.3
v -1.1 3.1 -1.4
v -1.1 3.2 1.2
v -1.1 3.2 1.1
v -1.1 3.2 1
v -1.1 3.2 -1
v -1.1 3.2 -1.1
v -1.1 3.2 -1.2
v -1.1 3.3 1.1
v -1.1 3.3 1
v -1.1 3.3 0.8
v -1.1 3.3 -0.8
v -1.1 3.3 -1
v -1.1 3.3 -1.1
v -1.1 3.4 1
v -1.1 3.4 0.8
v -1.1 3.4 0.6
v -1.1 3.4 -0.6
v -1.1 3.4 -0.8
v -1.1 3.4 -1
v -1.1 3.5 0.8
v -1.1 3.5 0.6
v -1.1 3.5 0.4
v -1.1 3.5 -0.4
v -1.1 3.5 -0.6
v -1.1 3.5 -0.8
v -1.1 3.6 0.6
v -1.1 3.6 0.4
v -1.1 3.6 -0.4
v -1.1 3.6 -0.6
v -1 0 0.4
v -1 0 -0.4
v -1 0.1 0.6
v -1 0.1 0.4
v -1 0.1 -0.4
v -1 0.1 -0.6
v -1 0.3 0.8
v -1 0.3 0.6
v -1 0.3 0.4
v -1 0.3 -0.4
v -1 0.3 -0.6
v -1 0.3 -0.8
v -1 0.5 0.9
v -1 0.5 0.8
v -1 0.5 0.6
v -1 0.5 -0.6
v -1 0.5 -0.8
v -1 0.5 -0.9
v -1 1.1 0.9
v -1 1.1 0.8
v -1 1.1 0.6
v -1 1.1 -0.6
v -1 1.1 -0.8
v -1 1.1 -0.9
v -1 1.2 0.8
v -1 1.2 0.6
v -1 1.2 0.4
v -1 1.2 -0.4
v -1 1.2 -0.6
v -1 1.2 -0.8
v -1 1.3 0.6
v -1 1.3 0.4
v -1 1.3 -0.4
v -1 1.3 -0.6
v -1 1.5 0.4
v -1 1.5 -0.4
v -1 1.9 1.7
v -1 1.9 1.6
v -1 1.9 -1.6
v -1 1.9 -1.7
v -1 2 1.8
v -1 2 1.7
v -1 2 1.6
v -1 2 -1.6
v -1 2 -1.7
v -1 2 -1.8
v -1 2.5 1.8
v -1 2.5 1.7
v -1 2.5 1.6
v -1 2.5 -1.6
v -1 2.5 -1.7
v -1 2.5 -1.8
v -1 2.7 1.7
v -1 2.7 1.6
v -1 2.7 1.5
v -1 2.7 -1.5
v -1 2.7 -1.6
v -1 2.7 -1.7
v -1 2.9 1.6
v -1 2.9 1.5
v -1 2.9 -1.5
v -1 2.9 -1.6
v -1 3.1 1.3
v -1 3.1 1.2
v -1 3.1 -1.2
v -1 3.1 -1.3
v -1 3.2 1.3
v -1 3.2 1.2
v -1 3.2 1.1
v -1 3.2 -1.1
v -1 3.2 -1.2
v -1 3.2 -1.3
v -1 3.3 1.2
v -1 3.3 1.1
v -1 3.3 1
v -1 3.3 -1
v -1 3.3 -1.1
v -1 3.3 -1.2
v -1 3.4 1.1
v -1 3.4 1
v -1 3.4 0.9
v -1 3.4 0.8
v -1 3.4 -0.8
v -1 3.4 -0.9
v -1 3.4 -1
v -1 3.4 -1.1
v -1 3.5 0.9
v -1 3.5 0.8
v -1 3.5 0.6
v -1 3.5 -0.6
v -1 3.5 -0.8
v -1 3.5 -0.9
v -1 3.6 0.8
v -1 3.6 0.6
v -1 3.6 0.4
v -1 3.6 -0.4
v -1 3.6 -0.6
v -1 3.6 -0.8
v -1 3.7 0.4
v -1 3.7 -0.4
v -0.9 0 0.6
v -0.9 0 0.4
v -0.9 0 -0.4
v -0.9 0 -0.6
v -0.9 0.1 0.7
v -0.9 0.1 0.6
v -0.9 0.1 0.4
v -0.9 0.1 -0.4
v -0.9 0.1 -0.6
v -0.9 0.1 -0.7
v -0.9 0.3 0.9
v -0.9 0.3 0.8
v -0.9 0.3 0.7
v -0.9 0.3 0.6
v -0.9 0.3 -0.6
v -0.9 0.3 -0.7
v -0.9 0.3 -0.8
v -0.9 0.3 -0.9
v -0.9 0.5 1
v -0.9 0.5 0.9
v -0.9 0.5 0.8
v -0.9 0.5 -0.8
v -0.9 0.5 -0.9
v -0.9 0.5 -1
v -0.9 1.1 1
v -0.9 1.1 0.9
v -0.9 1.1 0.8
v -0.9 1.1 -0.8
v -0.9 1.1 -0.9
v -0.9 1.1 -1
v -0.9 1.2 0.9
v -0.9 1.2 0.8
v -0.9 1.2 0.7
v -0.9 1.2 0.6
v -0.9 1.2 -0.6
v -0.9 1.2 -0.7
v -0.9 1.2 -0.8
v -0.9 1.2 -0.9
v -0.9 1.3 0.7
v -0.9 1.3 0.6
v -0.9 1.3 0.4
v -0.9 1.3 -0.4
v -0.9 1.3 -0.6
v -0.9 1.3 -0.7
v -0.9 1.5 0.6
v -0.9 1.5 0.4
v -0.9 1.5 0.3
v -0.9 1.5 -0.3
v -0.9 1.5 -0.4
v -0.9 1.5 -0.6
v -0.9 1.7 0.3
v -0.9 1.7 -0.3
v -0.9 2.9 1.5
v -0.9 2.9 1.4
v -0.9 2.9 -1.4
v -0.9 2.9 -1.5
v -0.9 3.1 1.5
v -0.9 3.1 1.4
v -0.9 3.1 1.3
v -0.9 3.1 -1.3
v -0.9 3.1 -1.4
v -0.9 3.1 -1.5
v -0.9 3.2 1.4
v -0.9 3.2 1.3
v -0.9 3.2 1.2
v -0.9 3.2 -1.2
v -0.9 3.2 -1.3
v -0.9 3.2 -1.4
v -0.9 3.3 1.3
v -0.9 3.3 1.2
v -0.9 3.3 -1.2
v -0.9 3.3 -1.3
v -0.9 3.4 1
v -0.9 3.4 0.9
v -0.9 3.4 -0.9
v -0.9 3.4 -1
v -0.9 3.5 1
v -0.9 3.5 0.9
v -0.9 3.5 0.8
v -0.9 3.5 -0.8
v -0.9 3.5 -0.9
v -0.9 3.5 -1
v -0.9 3.6 0.9
v -0.9 3.6 0.8
v -0.9 3.6 0.6
v -0.9 3.6 0.4
v -0.9 3.6 -0.4
v -0.9 3.6 -0.6
v -0.9 3.6 -0.8
v -0.9 3.6 -0.9
v -0.9 3.7 0.6
v -0.9 3.7 0.4
v -0.9 3.7 -0.4
v -0.9 3.7 -0.6
v -0.8 0 0.7
v -0.8 0 0.6
v -0.8 0 -0.6
v -0.8 0 -0.7
v -0.8 0.1 0.8
v -0.8 0.1 0.7
v -0.8 0.1 0.6
v -0.8 0.1 -0.6
v -0.8 0.1 -0.7
v -0.8 0.1 -0.8
v -0.8 0.3 1
v -0.8 0.3 0.9
v -0.8 0.3 0.8
v -0.8 0.3 0.7
v -0.8 0.3 -0.7
v -0.8 0.3 -0.8
v -0.8 0.3 -0.9
v -0.8 0.3 -1
v -0.8 0.5 1.1
v -0.8 0.5 1
v -0.8 0.5 0.9
v -0.8 0.5 -0.9
v -0.8 0.5 -1
v -0.8 0.5 -1.1
v -0.8 1.1 1.1
v -0.8 1.1 1
v -0.8 1.1 0.9
v -0.8 1.1 -0.9
v -0.8 1.1 -1
v -0.8 1.1 -1.1
v -0.8 1.2 1
v -0.8 1.2 0.9
v -0.8 1.2 0.8
v -0.8 1.2 0.7
v -0.8 1.2 -0.7
v -0.8 1.2 -0.8
v -0.8 1.2 -0.9
v -0.8 1.2 -1
v -0.8 1.3 0.8
v -0.8 1.3 0.7
v -0.8 1.3 0.6
v -0.8 1.3 -0.6
v -0.8 1.3 -0.7
v -0.8 1.3 -0.8
v -0.8 1.5 0.7
v -0.8 1.5 0.6
v -0.8 1.5 0.5
v -0.8 1.5 0.3
v -0.8 1.5 -0.3
v -0.8 1.5 -0.5
v -0.8 1.5 -0.6
v -0.8 1.5 -0.7
v -0.8 1.7 0.5
v -0.8 1.7 0.3
v -0.8 1.7 -0.3
v -0.8 1.7 -0.5
v -0.8 1.9 1.8
v -0.8 1.9 1.7
v -0.8 1.9 -1.7
v -0.8 1.9 -1.8
v -0.8 2 1.9
v -0.8 2 1.8
v -0.8 2 1.7
v -0.8 2 0.3
v -0.8 2 -0.3
v -0.8 2 -1.7
v -0.8 2 -1.8
v -0.8 2 -1.9
v -0.8 2.5 1.9
v -0.8 2.5 1.8
v -0.8 2.5 1.7
v -0.8 2.5 -1.7
v -0.8 2.5 -1.8
v -0.8 2.5 -1.9
v -0.8 2.7 1.8
v -0.8 2.7 1.7
v -0.8 2.7 1.6
v -0.8 2.7 -1.6
v -0.8 2.7 -1.7
v -0.8 2.7 -1.8
v -0.8 2.9 1.7
v -0.8 2.9 1.6
v -0.8 2.9 -1.6
v -0.8 2.9 -1.7
v -0.8 3.3 1.2
v -0.8 3.3 1.1
v -0.8 3.3 -1.1
v -0.8 3.3 -1.2
v -0.8 3.4 1.2
v -0.8 3.4 1.1
v -0.8 3.4 1
v -0.8 3.4 -1
v -0.8 3.4 -1.1
v -0.8 3.4 -1.2
v -0.8 3.5 1.1
v -0.8 3.5 1
v -0.8 3.5 0.9
v -0.8 3.5 -0.9
v -0.8 3.5 -1
v -0.8 3.5 -1.1
v -0.8 3.6 1
v -0.8 3.6 0.9
v -0.8 3.6 0.7
v -0.8 3.6 0.6
v -0.8 3.6 -0.6
v -0.8 3.6 -0.7
v -0.8 3.6 -0.9
v -0.8 3.6 -1
v -0.8 3.7 0.7
v -0.8 3.7 0.6
v -0.8 3.7 0.3
v -0.8 3.7 -0.3
v -0.8 3.7 -0.6
v -0.8 3.7 -0.7
v -0.8 3.8 0.3
v -0.8 3.8 -0.3
v -0.7 0 0.8
v -0.7 0 0.7
v -0.7 0 -0.7
v -0.7 0 -0.8
v -0.7 0.1 0.9
v -0.7 0.1 0.8
v -0.7 0.1 0.7
v -0.7 0.1 -0.7
v -0.7 0.1 -0.8
v -0.7 0.1 -0.9
v -0.7 0.3 0.9
v -0.7 0.3 0.8
v -0.7 0.3 -0.8
v -0.7 0.3 -0.9
v -0.7 1.2 0.9
v -0.7 1.2 0.8
v -0.7 1.2 -0.8
v -0.7 1.2 -0.9
v -0.7 1.3 0.9
v -0.7 1.3 0.8
v -0.7 1.3 0.7
v -0.7 1.3 -0.7
v -0.7 1.3 -0.8
v -0.7 1.3 -0.9
v -0.7 1.5 0.8
v -0.7 1.5 0.7
v -0.7 1.5 0.5
v -0.7 1.5 -0.5
v -0.7 1.5 -0.7
v -0.7 1.5 -0.8
v -0.7 1.7 0.7
v -0.7 1.7 0.5
v -0.7 1.7 0.3
v -0.7 1.7 -0.3
v -0.7 1.7 -0.5
v -0.7 1.7 -0.7
v -0.7 2 0.5
v -0.7 2 0.3
v -0.7 2 -0.3
v -0.7 2 -0.5
v -0.7 2.9 1.6
v -0.7 2.9 1.5
v -0.7 2.9 -1.5
v -0.7 2.9 -1.6
v -0.7 3.1 1.6
v -0.7 3.1 1.5
v -0.7 3.1 1.4
v -0.7 3.1 -1.4
v -0.7 3.1 -1.5
v -0.7 3.1 -1.6
v -0.7 3.2 1.5
v -0.7 3.2 1.4
v -0.7 3.2 1.3
v -0.7 3.2 -1.3
v -0.7 3.2 -1.4
v -0.7 3.2 -1.5
v -0.7 3.3 1.4
v -0.7 3.3 1.3
v -0.7 3.3 1.2
v -0.7 3.3 -1.2
v -0.7 3.3 -1.3
v -0.7 3.3 -1.4
v -0.7 3.4 1.3
v -0.7 3.4 1.2
v -0.7 3.4 -1.2
v -0.7 3.4 -1.3
v -0.7 3.6 0.8
v -0.7 3.6 0.7
v -0.7 3.6 -0.7
v -0.7 3.6 -0.8
v -0.7 3.7 0.8
v -0.7 3.7 0.7
v -0.7 3.7 0.5
v -0.7 3.7 0.3
v -0.7 3.7 -0.3
v -0.7 3.7 -0.5
v -0.7 3.7 -0.7
v -0.7 3.7 -0.8
v -0.7 3.8 0.5
v -0.7 3.8 0.3
v -0.7 3.8 -0.3
v -0.7 3.8 -0.5
v -0.6 0 0.9
v -0.6 0 0.8
v -0.6 0 -0.8
v -0.6 0 -0.9
v -0.6 0.1 1
v -0.6 0.1 0.9
v -0.6 0.1 0.8
v -0.6 0.1 -0.8
v -0.6 0.1 -0.9
v -0.6 0.1 -1
v -0.6 0.3 1.1
v -0.6 0.3 1
v -0.6 0.3 0.9
v -0.6 0.3 -0.9
v -0.6 0.3 -1
v -0.6 0.3 -1.1
v -0.6 0.5 1.2
v -0.6 0.5 1.1
v -0.6 0.5 1
v -0.6 0.5 -1
v -0.6 0.5 -1.1
v -0.6 0.5 -1.2
v -0.6 1.1 1.2
v -0.6 1.1 1.1
v -0.6 1.1 1
v -0.6 1.1 -1
v -0.6 1.1 -1.1
v -0.6 1.1 -1.2
v -0.6 1.2 1.1
v -0.6 1.2 1
v -0.6 1.2 0.9
v -0.6 1.2 -0.9
v -0.6 1.2 -1
v -0.6 1.2 -1.1
v -0.6 1.3 1
v -0.6 1.3 0.9
v -0.6 1.3 0.8
v -0.6 1.3 -0.8
v -0.6 1.3 -0.9
v -0.6 1.3 -1
v -0.6 1.5 0.9
v -0.6 1.5 0.8
v -0.6 1.5 -0.8
v -0.6 1.5 -0.9
v -0.6 1.7 0.6
v -0.6 1.7 0.5
v -0.6 1.7 -0.5
v -0.6 1.7 -0.6
v -0.6 2 0.6
v -0.6 2 0.5
v -0.6 2 -0.5
v -0.6 2 -0.6
v -0.6 3.4 1.2
v -0.6 3.4 1.1
v -0.6 3.4 -1.1
v -0.6 3.4 -1.2
v -0.6 3.5 1.2
v -0.6 3.5 1.1
v -0.6 3.5 1
v -0.6 3.5 -1
v -0.6 3.5 -1.1
v -0.6 3.5 -1.2
v -0.6 3.6 1.1
v -0.6 3.6 1
v -0.6 3.6 0.9
v -0.6 3.6 0.8
v -0.6 3.6 -0.8
v -0.6 3.6 -0.9
v -0.6 3.6 -1
v -0.6 3.6 -1.1
v -0.6 3.7 0.9
v -0.6 3.7 0.8
v -0.6 3.7 0.6
v -0.6 3.7 0.5
v -0.6 3.7 -0.5
v -0.6 3.7 -0.6
v -0.6 3.7 -0.8
v -0.6 3.7 -0.9
v -0.6 3.8 0.6
v -0.6 3.8 0.5
v -0.6 3.8 0.3
v -0.6 3.8 -0.3
v -0.6 3.8 -0.5
v -0.6 3.8 -0.6
v -0.6 3.9 0.3
v -0.6 3.9 -0.3
v -0.5 1.5 0.8
v -0.5 1.5 0.7
v -0.5 1.5 -0.7
v -0.5 1.5 -0.8
v -0.5 1.7 0.8
v -0.5 1.7 0.7
v -0.5 1.7 0.6
v -0.5 1.7 -0.6
v -0.5 1.7 -0.7
v -0.5 1.7 -0.8
v -0.5 1.9 1.9
v -0.5 1.9 1.8
v -0.5 1.9 -1.8
v -0.5 1.9 -1.9
v -0.5 2 2
v -0.5 2 1.9
v -0.5 2 1.8
v -0.5 2 0.7
v -0.5 2 0.6
v -0.5 2 -0.6
v -0.5 2 -0.7
v -0.5 2 -1.8
v -0.5 2 -1.9
v -0.5 2 -2
v -0.5 2.5 2
v -0.5 2.5 1.9
v -0.5 2.5 1.8
v -0.5 2.5 -1.8
v -0.5 2.5 -1.9
v -0.5 2.5 -2
v -0.5 2.7 1.9
v -0.5 2.7 1.8
v -0.5 2.7 1.7
v -0.5 2.7 -1.7
v -0.5 2.7 -1.8
v -0.5 2.7 -1.9
v -0.5 2.9 1.8
v -0.5 2.9 1.7
v -0.5 2.9 1.6
v -0.5 2.9 -1.6
v -0.5 2.9 -1.7
v -0.5 2.9 -1.8
v -0.5 3.1 1.7
v -0.5 3.1 1.6
v -0.5 3.1 -1.6
v -0.5 3.1 -1.7
v -0.5 3.7 0.7
v -0.5 3.7 0.6
v -0.5 3.7 -0.6
v -0.5 3.7 -0.7
v -0.5 3.8 0.7
v -0.5 3.8 0.6
v -0.5 3.8 0.4
v -0.5 3.8 0.3
v -0.5 3.8 -0.3
v -0.5 3.8 -0.4
v -0.5 3.8 -0.6
v -0.5 3.8 -0.7
v -0.5 3.9 0.4
v -0.5 3.9 0.3
v -0.5 3.9 -0.3
v -0.5 3.9 -0.4
v -0.4 0 1
v -0.4 0 0.9
v -0.4 0 -0.9
v -0.4 0 -1
v -0.4 0.1 1.1
v -0.4 0.1 1
v -0.4 0.1 0.9
v -0.4 0.1 -0.9
v -0.4 0.1 -1
v -0.4 0.1 -1.1
v -0.4 0.3 1.2
v -0.4 0.3 1.1
v -0.4 0.3 1
v -0.4 0.3 -1
v -0.4 0.3 -1.1
v -0.4 0.3 -1.2
v -0.4 0.5 1.3
v -0.4 0.5 1.2
v -0.4 0.5 1.1
v -0.4 0.5 -1.1
v -0.4 0.5 -1.2
v -0.4 0.5 -1.3
v -0.4 1.1 1.3
v -0.4 1.1 1.2
v -0.4 1.1 1.1
v -0.4 1.1 -1.1
v -0.4 1.1 -1.2
v -0.4 1.1 -1.3
v -0.4 1.2 1.2
v -0.4 1.2 1.1
v -0.4 1.2 1
v -0.4 1.2 -1
v -0.4 1.2 -1.1
v -0.4 1.2 -1.2
v -0.4 1.3 1.1
v -0.4 1.3 1
v -0.4 1.3 0.9
v -0.4 1.3 -0.9
v -0.4 1.3 -1
v -0.4 1.3 -1.1
v -0.4 1.5 1
v -0.4 1.5 0.9
v -0.4 1.5 -0.9
v -0.4 1.5 -1
v -0.4 3.1 1.6
v -0.4 3.1 1.5
v -0.4 3.1 -1.5
v -0.4 3.1 -1.6
v -0.4 3.2 1.6
v -0.4 3.2 1.5
v -0.4 3.2 1.4
v -0.4 3.2 -1.4
v -0.4 3.2 -1.5
v -0.4 3.2 -1.6
v -0.4 3.3 1.5
v -0.4 3.3 1.4
v -0.4 3.3 1.3
v -0.4 3.3 -1.3
v -0.4 3.3 -1.4
v -0.4 3.3 -1.5
v -0.4 3.4 1.4
v -0.4 3.4 1.3
v -0.4 3.4 1.2
v -0.4 3.4 -1.2
v -0.4 3.4 -1.3
v -0.4 3.4 -1.4
v -0.4 3.5 1.3
v -0.4 3.5 1.2
v -0.4 3.5 1.1
v -0.4 3.5 -1.1
v -0.4 3.5 -1.2
v -0.4 3.5 -1.3
v -0.4 3.6 1.2
v -0.4 3.6 1.1
v -0.4 3.6 1
v -0.4 3.6 0.9
v -0.4 3.6 -0.9
v -0.4 3.6 -1
v -0.4 3.6 -1.1
v -0.4 3.6 -1.2
v -0.4 3.7 1
v -0.4 3.7 0.9
v -0.4 3.7 -0.9
v -0.4 3.7 -1
v -0.4 3.8 0.5
v -0.4 3.8 0.4
v -0.4 3.8 -0.4
v -0.4 3.8 -0.5
v -0.4 3.9 0.5
v -0.4 3.9 0.4
v -0.4 3.9 0.2
v -0.4 3.9 -0.2
v -0.4 3.9 -0.4
v -0.4 3.9 -0.5
v -0.4 4 0.2
v -0.4 4 -0.2
v -0.3 1.5 0.9
v -0.3 1.5 0.8
v -0.3 1.5 -0.8
v -0.3 1.5 -0.9
v -0.3 1.7 0.9
v -0.3 1.7 0.8
v -0.3 1.7 0.7
v -0.3 1.7 -0.7
v -0.3 1.7 -0.8
v -0.3 1.7 -0.9
v -0.3 2 0.8
v -0.3 2 0.7
v -0.3 2 -0.7
v -0.3 2 -0.8
v -0.3 3.7 0.8
v -0.3 3.7 0.7
v -0.3 3.7 -0.7
v -0.3 3.7 -0.8
v -0.3 3.8 0.8
v -0.3 3.8 0.7
v -0.3 3.8 0.6
v -0.3 3.8 0.5
v -0.3 3.8 -0.5
v -0.3 3.8 -0.6
v -0.3 3.8 -0.7
v -0.3 3.8 -0.8
v -0.3 3.9 0.6
v -0.3 3.9 0.5
v -0.3 3.9 0.3
v -0.3 3.9 0.2
v -0.3 3.9 -0.2
v -0.3 3.9 -0.3
v -0.3 3.9 -0.5
v -0.3 3.9 -0.6
v -0.3 4 0.3
v -0.3 4 0.2
v -0.3 4 -0.2
v -0.3 4 -0.3
v -0.2 3.9 0.4
v -0.2 3.9 0.3
v -0.2 3.9 -0.3
v -0.2 3.9 -0.4
v -0.2 4 0.4
v -0.2 4 0.3
v -0.2 4 -0.3
v -0.2 4 -0.4
v 0.4 1.9 1.3
v 0.4 1.9 1.2
v 0.4 1.9 -1.2
v 0.4 1.9 -1.3
v 0.4 2 1.3
v 0.4 2 1.2
v 0.4 2 -1.2
v 0.4 2 -1.3
v 0.6 1.9 1.2
v 0.6 1.9 1.1
v 0.6 1.9 -1.1
v 0.6 1.9 -1.2
v 0.6 2 1.2
v 0.6 2 1.1
v 0.6 2 -1.1
v 0.6 2 -1.2
v 0.8 1.9 1.1
v 0.8 1.9 1
v 0.8 1.9 -1
v 0.8 1.9 -1.1
v 0.8 2 1.1
v 0.8 2 1
v 0.8 2 -1
v 0.8 2 -1.1
v 0.9 1.9 1
v 0.9 1.9 0.9
v 0.9 1.9 -0.9
v 0.9 1.9 -1
v 0.9 2 1
v 0.9 2 0.9
v 0.9 2 -0.9
v 0.9 2 -1
v 1 1.9 0.9
v 1 1.9 0.8
v 1 1.9 -0.8
v 1 1.9 -0.9
v 1 2 0.9
v 1 2 0.8
v 1 2 -0.8
v 1 2 -0.9
v 1.1 1.9 0.8
v 1.1 1.9 0.6
v 1.1 1.9 -0.6
v 1.1 1.9 -0.8
v 1.1 2 0.8
v 1.1 2 0.6
v 1.1 2 -0.6
v 1.1 2 -0.8
v 1.2 1.9 0.6
v 1.2 1.9 0.4
v 1.2 1.9 -0.4
v 1.2 1.9 -0.6
v 1.2 2 0.6
v 1.2 2 0.4
v 1.2 2 -0.4
v 1.2 2 -0.6
v 1.3 1.9 0.4
v 1.3 1.9 -0.4
v 1.3 2 0.4
v 1.3 2 -0.4
v -1.3 1.9 0.4
v -1.3 1.9 -0.4
v -1.3 2 0.4
v -1.3 2 -0.4
v -1.2 1.9 0.6
v -1.2 1.9 0.4
v -1.2 1.9 -0.4
v -1.2 1.9 -0.6
v -1.2 2 0.6
v -1.2 2 0.4
v -1.2 2 -0.4
v -1.2 2 -0.6
v -1.1 1.9 0.8
v -1.1 1.9 0.6
v -1.1 1.9 -0.6
v -1.1 1.9 -0.8
v -1.1 2 0.8
v -1.1 2 0.6
v -1.1 2 -0.6
v -1.1 2 -0.8
v -1 1.9 0.9
v -1 1.9 0.8
v -1 1.9 -0.8
v -1 1.9 -0.9
v -1 2 0.9
v -1 2 0.8
v -1 2 -0.8
v -1 2 -0.9
v -0.9 1.9 1
v -0.9 1.9 0.9
v -0.9 1.9 -0.9
v -0.9 1.9 -1
v -0.9 2 1
v -0.9 2 0.9
v -0.9 2 -0.9
v -0.9 2 -1
v -0.8 1.9 1.1
v -0.8 1.9 1
v -0.8 1.9 -1
v -0.8 1.9 -1.1
v -0.8 2 1.1
v -0.8 2 1
v -0.8 2 -1
v -0.8 2 -1.1
v -0.6 1.9 1.2
v -0.6 1.9 1.1
v -0.6 1.9 -1.1
v -0.6 1.9 -1.2
v -0.6 2 1.2
v -0.6 2 1.1
v -0.6 2 -1.1
v -0.6 2 -1.2
v -0.4 1.9 1.3
v -0.4 1.9 1.2
v -0.4 1.9 -1.2
v -0.4 1.9 -1.3
v -0.4 2 1.3
v -0.4 2 1.2
v -0.4 2 -1.2
v -0.4 2 -1.3
v 0.2 3.9 0.4
v 0.2 3.9 0.3
v 0.2 3.9 -0.3
v 0.2 3.9 -0.4
v 0.2 4 0.4
v 0.2 4 0.3
v 0.2 4 -0.3
v 0.2 4 -0.4
v 0.3 1.5 0.9
v 0.3 1.5 0.8
v 0.3 1.5 -0.8
v 0.3 1.5 -0.9
v 0.3 1.7 0.9
v 0.3 1.7 0.8
v 0.3 1.7 0.7
v 0.3 1.7 -0.7
v 0.3 1.7 -0.8
v 0.3 1.7 -0.9
v 0.3 2 0.8
v 0.3 2 0.7
v 0.3 2 -0.7
v 0.3 2 -0.8
v 0.3 3.7 0.8
v 0.3 3.7 0.7
v 0.3 3.7 -0.7
v 0.3 3.7 -0.8
v 0.3 3.8 0.8
v 0.3 3.8 0.7
v 0.3 3.8 0.6
v 0.3 3.8 0.5
v 0.3 3.8 -0.5
v 0.3 3.8 -0.6
v 0.3 3.8 -0.7
v 0.3 3.8 -0.8
v 0.3 3.9 0.6
v 0.3 3.9 0.5
v 0.3 3.9 0.3
v 0.3 3.9 0.2
v 0.3 3.9 -0.2
v 0.3 3.9 -0.3
v 0.3 3.9 -0.5
v 0.3 3.9 -0.6
v 0.3 4 0.3
v 0.3 4 0.2
v 0.3 4 -0.2
v 0.3 4 -0.3
v 0.4 0 1
v 0.4 0 0.9
v 0.4 0 -0.9
v 0.4 0 -1
v 0.4 0.1 1.1
v 0.4 0.1 1
v 0.4 0.1 0.9
v 0.4 0.1 -0.9
v 0.4 0.1 -1
v 0.4 0.1 -1.1
v 0.4 0.3 1.2
v 0.4 0.3 1.1
v 0.4 0.3 1
v 0.4 0.3 -1
v 0.4 0.3 -1.1
v 0.4 0.3 -1.2
v 0.4 0.5 1.3
v 0.4 0.5 1.2
v 0.4 0.5 1.1
v 0.4 0.5 -1.1
v 0.4 0.5 -1.2
v 0.4 0.5 -1.3
v 0.4 1.1 1.3
v 0.4 1.1 1.2
v 0.4 1.1 1.1
v 0.4 1.1 -1.1
v 0.4 1.1 -1.2
v 0.4 1.1 -1.3
v 0.4 1.2 1.2
v 0.4 1.2 1.1
v 0.4 1.2 1
v 0.4 1.2 -1
v 0.4 1.2 -1.1
v 0.4 1.2 -1.2
v 0.4 1.3 1.1
v 0.4 1.3 1
v 0.4 1.3 0.9
v 0.4 1.3 -0.9
v 0.4 1.3 -1
v 0.4 1.3 -1.1
v 0.4 1.5 1
v 0.4 1.5 0.9
v 0.4 1.5 -0.9
v 0.4 1.5 -1
v 0.4 3.1 1.6
v 0.4 3.1 1.5
v 0.4 3.1 -1.5
v 0.4 3.1 -1.6
v 0.4 3.2 1.6
v 0.4 3.2 1.5
v 0.4 3.2 1.4
v 0.4 3.2 -1.4
v 0.4 3.2 -1.5
v 0.4 3.2 -1.6
v 0.4 3.3 1.5
v 0.4 3.3 1.4
v 0.4 3.3 1.3
v 0.4 3.3 -1.3
v 0.4 3.3 -1.4
v 0.4 3.3 -1.5
v 0.4 3.4 1.4
v 0.4 3.4 1.3
v 0.4 3.4 1.2
v 0.4 3.4 -1.2
v 0.4 3.4 -1.3
v 0.4 3.4 -1.4
v 0.4 3.5 1.3
v 0.4 3.5 1.2
v 0.4 3.5 1.1
v 0.4 3.5 -1.1
v 0.4 3.5 -1.2
v 0.4 3.5 -1.3
v 0.4 3.6 1.2
v 0.4 3.6 1.1
v 0.4 3.6 1
v 0.4 3.6 0.9
v 0.4 3.6 -0.9
v 0.4 3.6 -1
v 0.4 3.6 -1.1
v 0.4 3.6 -1.2
v 0.4 3.7 1
v 0.4 3.7 0.9
v 0.4 3.7 -0.9
v 0.4 3.7 -1
v 0.4 3.8 0.5
v 0.4 3.8 0.4
v 0.4 3.8 -0.4
v 0.4 3.8 -0.5
v 0.4 3.9 0.5
v 0.4 3.9 0.4
v 0.4 3.9 0.2
v 0.4 3.9 -0.2
v 0.4 3.9 -0.4
v 0.4 3.9 -0.5
v 0.4 4 0.2
v 0.4 4 -0.2
v 0.5 1.5 0.8
v 0.5 1.5 0.7
v 0.5 1.5 -0.7
v 0.5 1.5 -0.8
v 0.5 1.7 0.8
v 0.5 1.7 0.7
v 0.5 1.7 0.6
v 0.5 1.7 -0.6
v 0.5 1.7 -0.7
v 0.5 1.7 -0.8
v 0.5 1.9 1.9
v 0.5 1.9 1.8
v 0.5 1.9 -1.8
v 0.5 1.9 -1.9
v 0.5 2 2
v 0.5 2 1.9
v 0.5 2 1.8
v 0.5 2 0.7
v 0.5 2 0.6
v 0.5 2 -0.6
v 0.5 2 -0.7
v 0.5 2 -1.8
v 0.5 2 -1.9
v 0.5 2 -2
v 0.5 2.5 2
v 0.5 2.5 1.9
v 0.5 2.5 1.8
v 0.5 2.5 -1.8
v 0.5 2.5 -1.9
v 0.5 2.5 -2
v 0.5 2.7 1.9
v 0.5 2.7 1.8
v 0.5 2.7 1.7
v 0.5 2.7 -1.7
v 0.5 2.7 -1.8
v 0.5 2.7 -1.9
v 0.5 2.9 1.8
v 0.5 2.9 1.7
v 0.5 2.9 1.6
v 0.5 2.9 -1.6
v 0.5 2.9 -1.7
v 0.5 2.9 -1.8
v 0.5 3.1 1.7
v 0.5 3.1 1.6
v 0.5 3.1 -1.6
v 0.5 3.1 -1.7
v 0.5 3.7 0.7
v 0.5 3.7 0.6
v 0.5 3.7 -0.6
v 0.5 3.7 -0.7
v 0.5 3.8 0.7
v 0.5 3.8 0.6
v 0.5 3.8 0.4
v 0.5 3.8 0.3
v 0.5 3.8 -0.3
v 0.5 3.8 -0.4
v 0.5 3.8 -0.6
v 0.5 3.8 -0.7
v 0.5 3.9 0.4
v 0.5 3.9 0.3
v 0.5 3.9 -0.3
v 0.5 3.9 -0.4
v 0.6 0 0.9
v 0.6 0 0.8
v 0.6 0 -0.8
v 0.6 0 -0.9
v 0.6 0.1 1
v 0.6 0.1 0.9
v 0.6 0.1 0.8
v 0.6 0.1 -0.8
v 0.6 0.1 -0.9
v 0.6 0.1 -1
v 0.6 0.3 1.1
v 0.6 0.3 1
v 0.6 0.3 0.9
v 0.6 0.3 -0.9
v 0.6 0.3 -1
v 0.6 0.3 -1.1
v 0.6 0.5 1.2
v 0.6 0.5 1.1
v 0.6 0.5 1
v 0.6 0.5 -1
v 0.6 0.5 -1.1
v 0.6 0.5 -1.2
v 0.6 1.1 1.2
v 0.6 1.1 1.1
v 0.6 1.1 1
v 0.6 1.1 -1
v 0.6 1.1 -1.1
v 0.6 1.1 -1.2
v 0.6 1.2 1.1
v 0.6 1.2 1
v 0.6 1.2 0.9
v 0.6 1.2 -0.9
v 0.6 1.2 -1
v 0.6 1.2 -1.1
v 0.6 1.3 1
v 0.6 1.3 0.9
v 0.6 1.3 0.8
v 0.6 1.3 -0.8
v 0.6 1.3 -0.9
v 0.6 1.3 -1
v 0.6 1.5 0.9
v 0.6 1.5 0.8
v 0.6 1.5 -0.8
v 0.6 1.5 -0.9
v 0.6 1.7 0.6
v 0.6 1.7 0.5
v 0.6 1.7 -0.5
v 0.6 1.7 -0.6
v 0.6 2 0.6
v 0.6 2 0.5
v 0.6 2 -0.5
v 0.6 2 -0.6
v 0.6 3.4 1.2
v 0.6 3.4 1.1
v 0.6 3.4 -1.1
v 0.6 3.4 -1.2
v 0.6 3.5 1.2
v 0.6 3.5 1.1
v 0.6 3.5 1
v 0.6 3.5 -1
v 0.6 3.5 -1.1
v 0.6 3.5 -1.2
v 0.6 3.6 1.1
v 0.6 3.6 1
v 0.6 3.6 0.9
v 0.6 3.6 0.8
v 0.6 3.6 -0.8
v 0.6 3.6 -0.9
v 0.6 3.6 -1
v 0.6 3.6 -1.1
v 0.6 3.7 0.9
v 0.6 3.7 0.8
v 0.6 3.7 0.6
v 0.6 3.7 0.5
v 0.6 3.7 -0.5
v 0.6 3.7 -0.6
v 0.6 3.7 -0.8
v 0.6 3.7 -0.9
v 0.6 3.8 0.6
v 0.6 3.8 0.5
v 0.6 3.8 0.3
v 0.6 3.8 -0.3
v 0.6 3.8 -0.5
v 0.6 3.8 -0.6
v 0.6 3.9 0.3
v 0.6 3.9 -0.3
v 0.7 0 0.8
v 0.7 0 0.7
v 0.7 0 -0.7
v 0.7 0 -0.8
v 0.7 0.1 0.9
v 0.7 0.1 0.8
v 0.7 0.1 0.7
v 0.7 0.1 -0.7
v 0.7 0.1 -0.8
v 0.7 0.1 -0.9
v 0.7 0.3 0.9
v 0.7 0.3 0.8
v 0.7 0.3 -0.8
v 0.7 0.3 -0.9
v 0.7 1.2 0.9
v 0.7 1.2 0.8
v 0.7 1.2 -0.8
v 0.7 1.2 -0.9
v 0.7 1.3 0.9
v 0.7 1.3 0.8
v 0.7 1.3 0.7
v 0.7 1.3 -0.7
v 0.7 1.3 -0.8
v 0.7 1.3 -0.9
v 0.7 1.5 0.8
v 0.7 1.5 0.7
v 0.7 1.5 0.5
v 0.7 1.5 -0.5
v 0.7 1.5 -0.7
v 0.7 1.5 -0.8
v 0.7 1.7 0.7
v 0.7 1.7 0.5
v 0.7 1.7 0.3
v 0.7 1.7 -0.3
v 0.7 1.7 -0.5
v 0.7 1.7 -0.7
v 0.7 2 0.5
v 0.7 2 0.3
v 0.7 2 -0.3
v 0.7 2 -0.5
v 0.7 2.9 1.6
v 0.7 2.9 1.5
v 0.7 2.9 -1.5
v 0.7 2.9 -1.6
v 0.7 3.1 1.6
v 0.7 3.1 1.5
v 0.7 3.1 1.4
v 0.7 3.1 -1.4
v 0.7 3.1 -1.5
v 0.7 3.1 -1.6
v 0.7 3.2 1.5
v 0.7 3.2 1.4
v 0.7 3.2 1.3
v 0.7 3.2 -1.3
v 0.7 3.2 -1.4
v 0.7 3.2 -1.5
v 0.7 3.3 1.4
v 0.7 3.3 1.3
v 0.7 3.3 1.2
v 0.7 3.3 -1.2
v 0.7 3.3 -1.3
v 0.7 3.3 -1.4
v 0.7 3.4 1.3
v 0.7 3.4 1.2
v 0.7 3.4 -1.2
v 0.7 3.4 -1.3
v 0.7 3.6 0.8
v 0.7 3.6 0.7
v 0.7 3.6 -0.7
v 0.7 3.6 -0.8
v 0.7 3.7 0.8
v 0.7 3.7 0.7
v 0.7 3.7 0.5
v 0.7 3.7 0.3
v 0.7 3.7 -0.3
v 0.7 3.7 -0.5
v 0.7 3.7 -0.7
v 0.7 3.7 -0.8
v 0.7 3.8 0.5
v 0.7 3.8 0.3
v 0.7 3.8 -0.3
v 0.7 3.8 -0.5
v 0.8 0 0.7
v 0.8 0 0.6
v 0.8 0 -0.6
v 0.8 0 -0.7
v 0.8 0.1 0.8
v 0.8 0.1 0.7
v 0.8 0.1 0.6
v 0.8 0.1 -0.6
v 0.8 0.1 -0.7
v 0.8 0.1 -0.8
v 0.8 0.3 1
v 0.8 0.3 0.9
v 0.8 0.3 0.8
v 0.8 0.3 0.7
v 0.8 0.3 -0.7
v 0.8 0.3 -0.8
v 0.8 0.3 -0.9
v 0.8 0.3 -1
v 0.8 0.5 1.1
v 0.8 0.5 1
v 0.8 0.5 0.9
v 0.8 0.5 -0.9
v 0.8 0.5 -1
v 0.8 0.5 -1.1
v 0.8 1.1 1.1
v 0.8 1.1 1
v 0.8 1.1 0.9
v 0.8 1.1 -0.9
v 0.8 1.1 -1
v 0.8 1.1 -1.1
v 0.8 1.2 1
v 0.8 1.2 0.9
v 0.8 1.2 0.8
v 0.8 1.2 0.7
v 0.8 1.2 -0.7
v 0.8 1.2 -0.8
v 0.8 1.2 -0.9
v 0.8 1.2 -1
v 0.8 1.3 0.8
v 0.8 1.3 0.7
v 0.8 1.3 0.6
v 0.8 1.3 -0.6
v 0.8 1.3 -0.7
v 0.8 1.3 -0.8
v 0.8 1.5 0.7
v 0.8 1.5 0.6
v 0.8 1.5 0.5
v 0.8 1.5 0.3
v 0.8 1.5 -0.3
v 0.8 1.5 -0.5
v 0.8 1.5 -0.6
v 0.8 1.5 -0.7
v 0.8 1.7 0.5
v 0.8 1.7 0.3
v 0.8 1.7 -0.3
v 0.8 1.7 -0.5
v 0.8 1.9 1.8
v 0.8 1.9 1.7
v 0.8 1.9 -1.7
v 0.8 1.9 -1.8
v 0.8 2 1.9
v 0.8 2 1.8
v 0.8 2 1.7
v 0.8 2 0.3
v 0.8 2 -0.3
v 0.8 2 -1.7
v 0.8 2 -1.8
v 0.8 2 -1.9
v 0.8 2.5 1.9
v 0.8 2.5 1.8
v 0.8 2.5 1.7
v 0.8 2.5 -1.7
v 0.8 2.5 -1.8
v 0.8 2.5 -1.9
v 0.8 2.7 1.8
v 0.8 2.7 1.7
v 0.8 2.7 1.6
v 0.8 2.7 -1.6
v 0.8 2.7 -1.7
v 0.8 2.7 -1.8
v 0.8 2.9 1.7
v 0.8 2.9 1.6
v 0.8 2.9 -1.6
v 0.8 2.9 -1.7
v 0.8 3.3 1.2
v 0.8 3.3 1.1
v 0.8 3.3 -1.1
v 0.8 3.3 -1.2
v 0.8 3.4 1.2
v 0.8 3.4 1.1
v 0.8 3.4 1
v 0.8 3.4 -1
v 0.8 3.4 -1.1
v 0.8 3.4 -1.2
v 0.8 3.5 1.1
v 0.8 3.5 1
v 0.8 3.5 0.9
v 0.8 3.5 -0.9
v 0.8 3.5 -1
v 0.8 3.5 -1.1
v 0.8 3.6 1
v 0.8 3.6 0.9
v 0.8 3.6 0.7
v 0.8 3.6 0.6
v 0.8 3.6 -0.6
v 0.8 3.6 -0.7
v 0.8 3.6 -0.9
v 0.8 3.6 -1
v 0.8 3.7 0.7
v 0.8 3.7 0.6
v 0.8 3.7 0.3
v 0.8 3.7 -0.3
v 0.8 3.7 -0.6
v 0.8 3.7 -0.7
v 0.8 3.8 0.3
v 0.8 3.8 -0.3
v 0.9 0 0.6
v 0.9 0 0.4
v 0.9 0 -0.4
v 0.9 0 -0.6
v 0.9 0.1 0.7
v 0.9 0.1 0.6
v 0.9 0.1 0.4
v 0.9 0.1 -0.4
v 0.9 0.1 -0.6
v 0.9 0.1 -0.7
v 0.9 0.3 0.9
v 0.9 0.3 0.8
v 0.9 0.3 0.7
v 0.9 0.3 0.6
v 0.9 0.3 -0.6
v 0.9 0.3 -0.7
v 0.9 0.3 -0.8
v 0.9 0.3 -0.9
v 0.9 0.5 1
v 0.9 0.5 0.9
v 0.9 0.5 0.8
v 0.9 0.5 -0.8
v 0.9 0.5 -0.9
v 0.9 0.5 -1
v 0.9 1.1 1
v 0.9 1.1 0.9
v 0.9 1.1 0.8
v 0.9 1.1 -0.8
v 0.9 1.1 -0.9
v 0.9 1.1 -1
v 0.9 1.2 0.9
v 0.9 1.2 0.8
v 0.9 1.2 0.7
v 0.9 1.2 0.6
v 0.9 1.2 -0.6
v 0.9 1.2 -0.7
v 0.9 1.2 -0.8
v 0.9 1.2 -0.9
v 0.9 1.3 0.7
v 0.9 1.3 0.6
v 0.9 1.3 0.4
v 0.9 1.3 -0.4
v 0.9 1.3 -0.6
v 0.9 1.3 -0.7
v 0.9 1.5 0.6
v 0.9 1.5 0.4
v 0.9 1.5 0.3
v 0.9 1.5 -0.3
v 0.9 1.5 -0.4
v 0.9 1.5 -0.6
v 0.9 1.7 0.3
v 0.9 1.7 -0.3
v 0.9 2.9 1.5
v 0.9 2.9 1.4
v 0.9 2.9 -1.4
v 0.9 2.9 -1.5
v 0.9 3.1 1.5
v 0.9 3.1 1.4
v 0.9 3.1 1.3
v 0.9 3.1 -1.3
v 0.9 3.1 -1.4
v 0.9 3.1 -1.5
v 0.9 3.2 1.4
v 0.9 3.2 1.3
v 0.9 3.2 1.2
v 0.9 3.2 -1.2
v 0.9 3.2 -1.3
v 0.9 3.2 -1.4
v 0.9 3.3 1.3
v 0.9 3.3 1.2
v 0.9 3.3 -1.2
v 0.9 3.3 -1.3
v 0.9 3.4 1
v 0.9 3.4 0.9
v 0.9 3.4 -0.9
v 0.9 3.4 -1
v 0.9 3.5 1
v 0.9 3.5 0.9
v 0.9 3.5 0.8
v 0.9 3.5 -0.8
v 0.9 3.5 -0.9
v 0.9 3.5 -1
v 0.9 3.6 0.9
v 0.9 3.6 0.8
v 0.9 3.6 0.6
v 0.9 3.6 0.4
v 0.9 3.6 -0.4
v 0.9 3.6 -0.6
v 0.9 3.6 -0.8
v 0.9 3.6 -0.9
v 0.9 3.7 0.6
v 0.9 3.7 0.4
v 0.9 3.7 -0.4
v 0.9 3.7 -0.6
v 1 0 0.4
v 1 0 -0.4
v 1 0.1 0.6
v 1 0.1 0.4
v 1 0.1 -0.4
v 1 0.1 -0.6
v 1 0.3 0.8
v 1 0.3 0.6
v 1 0.3 0.4
v 1 0.3 -0.4
v 1 0.3 -0.6
v 1 0.3 -0.8
v 1 0.5 0.9
v 1 0.5 0.8
v 1 0.5 0.6
v 1 0.5 -0.6
v 1 0.5 -0.8
v 1 0.5 -0.9
v 1 1.1 0.9
v 1 1.1 0.8
v 1 1.1 0.6
v 1 1.1 -0.6
v 1 1.1 -0.8
v 1 1.1 -0.9
v 1 1.2 0.8
v 1 1.2 0.6
v 1 1.2 0.4
v 1 1.2 -0.4
v 1 1.2 -0.6
v 1 1.2 -0.8
v 1 1.3 0.6
v 1 1.3 0.4
v 1 1.3 -0.4
v 1 1.3 -0.6
v 1 1.5 0.4
v 1 1.5 -0.4
v 1 1.9 1.7
v 1 1.9 1.6
v 1 1.9 -1.6
v 1 1.9 -1.7
v 1 2 1.8
v 1 2 1.7
v 1 2 1.6
v 1 2 -1.6
v 1 2 -1.7
v 1 2 -1.8
v 1 2.5 1.8
v 1 2.5 1.7
v 1 2.5 1.6
v 1 2.5 -1.6
v 1 2.5 -1.7
v 1 2.5 -1.8
v 1 2.7 1.7
v 1 2.7 1.6
v 1 2.7 1.5
v 1 2.7 -1.5
v 1 2.7 -1.6
v 1 2.7 -1.7
v 1 2.9 1.6
v 1 2.9 1.5
v 1 2.9 -1.5
v 1 2.9 -1.6
v 1 3.1 1.3
v 1 3.1 1.2
v 1 3.1 -1.2
v 1 3.1 -1.3
v 1 3.2 1.3
v 1 3.2 1.2
v 1 3.2 1.1
v 1 3.2 -1.1
v 1 3.2 -1.2
v 1 3.2 -1.3
v 1 3.3 1.2
v 1 3.3 1.1
v 1 3.3 1
v 1 3.3 -1
v 1 3.3 -1.1
v 1 3.3 -1.2
v 1 3.4 1.1
v 1 3.4 1
v 1 3.4 0.9
v 1 3.4 0.8
v 1 3.4 -0.8
v 1 3.4 -0.9
v 1 3.4 -1
v 1 3.4 -1.1
v 1 3.5 0.9
v 1 3.5 0.8
v 1 3.5 0.6
v 1 3.5 -0.6
v 1 3.5 -0.8
v 1 3.5 -0.9
v 1 3.6 0.8
v 1 3.6 0.6
v 1 3.6 0.4
v 1 3.6 -0.4
v 1 3.6 -0.6
v 1 3.6 -0.8
v 1 3.7 0.4
v 1 3.7 -0.4
v 1.1 0.1 0.4
v 1.1 0.1 -0.4
v 1.1 0.3 0.6
v 1.1 0.3 0.4
v 1.1 0.3 -0.4
v 1.1 0.3 -0.6
v 1.1 0.5 0.8
v 1.1 0.5 0.6
v 1.1 0.5 0.4
v 1.1 0.5 -0.4
v 1.1 0.5 -0.6
v 1.1 0.5 -0.8
v 1.1 1.1 0.8
v 1.1 1.1 0.6
v 1.1 1.1 0.4
v 1.1 1.1 -0.4
v 1.1 1.1 -0.6
v 1.1 1.1 -0.8
v 1.1 1.2 0.6
v 1.1 1.2 0.4
v 1.1 1.2 -0.4
v 1.1 1.2 -0.6
v 1.1 1.3 0.4
v 1.1 1.3 -0.4
v 1.1 1.9 1.6
v 1.1 1.9 1.5
v 1.1 1.9 -1.5
v 1.1 1.9 -1.6
v 1.1 2 1.6
v 1.1 2 1.5
v 1.1 2 -1.5
v 1.1 2 -1.6
v 1.1 2.5 1.6
v 1.1 2.5 1.5
v 1.1 2.5 -1.5
v 1.1 2.5 -1.6
v 1.1 2.7 1.6
v 1.1 2.7 1.5
v 1.1 2.7 1.4
v 1.1 2.7 -1.4
v 1.1 2.7 -1.5
v 1.1 2.7 -1.6
v 1.1 2.9 1.5
v 1.1 2.9 1.4
v 1.1 2.9 1.3
v 1.1 2.9 -1.3
v 1.1 2.9 -1.4
v 1.1 2.9 -1.5
v 1.1 3.1 1.4
v 1.1 3.1 1.3
v 1.1 3.1 1.2
v 1.1 3.1 1.1
v 1.1 3.1 -1.1
v 1.1 3.1 -1.2
v 1.1 3.1 -1.3
v 1.1 3.1 -1.4
v 1.1 3.2 1.2
v 1.1 3.2 1.1
v 1.1 3.2 1
v 1.1 3.2 -1
v 1.1 3.2 -1.1
v 1.1 3.2 -1.2
v 1.1 3.3 1.1
v 1.1 3.3 1
v 1.1 3.3 0.8
v 1.1 3.3 -0.8
v 1.1 3.3 -1
v 1.1 3.3 -1.1
v 1.1 3.4 1
v 1.1 3.4 0.8
v 1.1 3.4 0.6
v 1.1 3.4 -0.6
v 1.1 3.4 -0.8
v 1.1 3.4 -1
v 1.1 3.5 0.8
v 1.1 3.5 0.6
v 1.1 3.5 0.4
v 1.1 3.5 -0.4
v 1.1 3.5 -0.6
v 1.1 3.5 -0.8
v 1.1 3.6 0.6
v 1.1 3.6 0.4
v 1.1 3.6 -0.4
v 1.1 3.6 -0.6
v 1.2 0.3 0.4
v 1.2 0.3 -0.4
v 1.2 0.5 0.6
v 1.2 0.5 0.4
v 1.2 0.5 -0.4
v 1.2 0.5 -0.6
v 1.2 1.1 0.6
v 1.2 1.1 0.4
v 1.2 1.1 -0.4
v 1.2 1.1 -0.6
v 1.2 1.2 0.4
v 1.2 1.2 -0.4
v 1.2 2 1.7
v 1.2 2 1.6
v 1.2 2 -1.6
v 1.2 2 -1.7
v 1.2 2.5 1.7
v 1.2 2.5 1.6
v 1.2 2.5 -1.6
v 1.2 2.5 -1.7
v 1.2 2.7 1.4
v 1.2 2.7 1.3
v 1.2 2.7 -1.3
v 1.2 2.7 -1.4
v 1.2 2.9 1.4
v 1.2 2.9 1.3
v 1.2 2.9 1.2
v 1.2 2.9 -1.2
v 1.2 2.9 -1.3
v 1.2 2.9 -1.4
v 1.2 3.1 1.3
v 1.2 3.1 1.2
v 1.2 3.1 1.1
v 1.2 3.1 1
v 1.2 3.1 -1
v 1.2 3.1 -1.1
v 1.2 3.1 -1.2
v 1.2 3.1 -1.3
v 1.2 3.2 1.1
v 1.2 3.2 1
v 1.2 3.2 0.9
v 1.2 3.2 -0.9
v 1.2 3.2 -1
v 1.2 3.2 -1.1
v 1.2 3.3 1
v 1.2 3.3 0.9
v 1.2 3.3 0.8
v 1.2 3.3 0.7
v 1.2 3.3 -0.7
v 1.2 3.3 -0.8
v 1.2 3.3 -0.9
v 1.2 3.3 -1
v 1.2 3.4 0.8
v 1.2 3.4 0.7
v 1.2 3.4 0.6
v 1.2 3.4 0.4
v 1.2 3.4 -0.4
v 1.2 3.4 -0.6
v 1.2 3.4 -0.7
v 1.2 3.4 -0.8
v 1.2 3.5 0.6
v 1.2 3.5 0.4
v 1.2 3.5 -0.4
v 1.2 3.5 -0.6
v 1.2 3.6 0.4
v 1.2 3.6 -0.4
v 1.3 0.5 0.4
v 1.3 0.5 -0.4
v 1.3 1.1 0.4
v 1.3 1.1 -0.4
v 1.3 1.9 1.5
v 1.3 1.9 1.4
v 1.3 1.9 -1.4
v 1.3 1.9 -1.5
v 1.3 2 1.6
v 1.3 2 1.5
v 1.3 2 1.4
v 1.3 2 -1.4
v 1.3 2 -1.5
v 1.3 2 -1.6
v 1.3 2.5 1.6
v 1.3 2.5 1.5
v 1.3 2.5 1.4
v 1.3 2.5 -1.4
v 1.3 2.5 -1.5
v 1.3 2.5 -1.6
v 1.3 2.7 1.5
v 1.3 2.7 1.4
v 1.3 2.7 1.3
v 1.3 2.7 1.2
v 1.3 2.7 -1.2
v 1.3 2.7 -1.3
v 1.3 2.7 -1.4
v 1.3 2.7 -1.5
v 1.3 2.9 1.3
v 1.3 2.9 1.2
v 1.3 2.9 1.1
v 1.3 2.9 -1.1
v 1.3 2.9 -1.2
v 1.3 2.9 -1.3
v 1.3 3.1 1.2
v 1.3 3.1 1.1
v 1.3 3.1 1
v 1.3 3.1 0.9
v 1.3 3.1 -0.9
v 1.3 3.1 -1
v 1.3 3.1 -1.1
v 1.3 3.1 -1.2
v 1.3 3.2 1
v 1.3 3.2 0.9
v 1.3 3.2 0.7
v 1.3 3.2 -0.7
v 1.3 3.2 -0.9
v 1.3 3.2 -1
v 1.3 3.3 0.9
v 1.3 3.3 0.7
v 1.3 3.3 0.4
v 1.3 3.3 -0.4
v 1.3 3.3 -0.7
v 1.3 3.3 -0.9
v 1.3 3.4 0.7
v 1.3 3.4 0.4
v 1.3 3.4 -0.4
v 1.3 3.4 -0.7
v 1.3 3.5 0.4
v 1.3 3.5 -0.4
v 1.4 1.9 1.4
v 1.4 1.9 1.3
v 1.4 1.9 -1.3
v 1.4 1.9 -1.4
v 1.4 2 1.5
v 1.4 2 1.4
v 1.4 2 1.3
v 1.4 2 -1.3
v 1.4 2 -1.4
v 1.4 2 -1.5
v 1.4 2.5 1.5
v 1.4 2.5 1.4
v 1.4 2.5 1.3
v 1.4 2.5 -1.3
v 1.4 2.5 -1.4
v 1.4 2.5 -1.5
v 1.4 2.7 1.4
v 1.4 2.7 1.3
v 1.4 2.7 1.2
v 1.4 2.7 1.1
v 1.4 2.7 -1.1
v 1.4 2.7 -1.2
v 1.4 2.7 -1.3
v 1.4 2.7 -1.4
v 1.4 2.9 1.2
v 1.4 2.9 1.1
v 1.4 2.9 0.9
v 1.4 2.9 -0.9
v 1.4 2.9 -1.1
v 1.4 2.9 -1.2
v 1.4 3.1 1.1
v 1.4 3.1 0.9
v 1.4 3.1 0.7
v 1.4 3.1 -0.7
v 1.4 3.1 -0.9
v 1.4 3.1 -1.1
v 1.4 3.2 0.9
v 1.4 3.2 0.7
v 1.4 3.2 0.4
v 1.4 3.2 -0.4
v 1.4 3.2 -0.7
v 1.4 3.2 -0.9
v 1.4 3.3 0.7
v 1.4 3.3 0.4
v 1.4 3.3 -0.4
v 1.4 3.3 -0.7
v 1.4 3.4 0.4
v 1.4 3.4 -0.4
v 1.5 1.9 1.3
v 1.5 1.9 1.1
v 1.5 1.9 -1.1
v 1.5 1.9 -1.3
v 1.5 2 1.4
v 1.5 2 1.3
v 1.5 2 1.1
v 1.5 2 -1.1
v 1.5 2 -1.3
v 1.5 2 -1.4
v 1.5 2.5 1.4
v 1.5 2.5 1.3
v 1.5 2.5 1.1
v 1.5 2.5 -1.1
v 1.5 2.5 -1.3
v 1.5 2.5 -1.4
v 1.5 2.7 1.3
v 1.5 2.7 1.1
v 1.5 2.7 1
v 1.5 2.7 -1
v 1.5 2.7 -1.1
v 1.5 2.7 -1.3
v 1.5 2.9 1.1
v 1.5 2.9 1
v 1.5 2.9 0.9
v 1.5 2.9 0.7
v 1.5 2.9 -0.7
v 1.5 2.9 -0.9
v 1.5 2.9 -1
v 1.5 2.9 -1.1
v 1.5 3.1 0.9
v 1.5 3.1 0.7
v 1.5 3.1 0.4
v 1.5 3.1 -0.4
v 1.5 3.1 -0.7
v 1.5 3.1 -0.9
v 1.5 3.2 0.7
v 1.5 3.2 0.4
v 1.5 3.2 -0.4
v 1.5 3.2 -0.7
v 1.5 3.3 0.4
v 1.5 3.3 -0.4
v 1.6 1.9 1.1
v 1.6 1.9 1
v 1.6 1.9 -1
v 1.6 1.9 -1.1
v 1.6 2 1.3
v 1.6 2 1.2
v 1.6 2 1.1
v 1.6 2 1
v 1.6 2 -1
v 1.6 2 -1.1
v 1.6 2 -1.2
v 1.6 2 -1.3
v 1.6 2.5 1.3
v 1.6 2.5 1.2
v 1.6 2.5 1.1
v 1.6 2.5 1
v 1.6 2.5 -1
v 1.6 2.5 -1.1
v 1.6 2.5 -1.2
v 1.6 2.5 -1.3
v 1.6 2.7 1.1
v 1.6 2.7 1
v 1.6 2.7 0.8
v 1.6 2.7 -0.8
v 1.6 2.7 -1
v 1.6 2.7 -1.1
v 1.6 2.9 1
v 1.6 2.9 0.8
v 1.6 2.9 0.7
v 1.6 2.9 0.5
v 1.6 2.9 -0.5
v 1.6 2.9 -0.7
v 1.6 2.9 -0.8
v 1.6 2.9 -1
v 1.6 3.1 0.7
v 1.6 3.1 0.5
v 1.6 3.1 0.4
v 1.6 3.1 -0.4
v 1.6 3.1 -0.5
v 1.6 3.1 -0.7
v 1.6 3.2 0.4
v 1.6 3.2 -0.4
v 1.7 1.9 1
v 1.7 1.9 0.8
v 1.7 1.9 -0.8
v 1.7 1.9 -1
v 1.7 2 1.2
v 1.7 2 1
v 1.7 2 0.8
v 1.7 2 -0.8
v 1.7 2 -1
v 1.7 2 -1.2
v 1.7 2.5 1.2
v 1.7 2.5 1
v 1.7 2.5 0.8
v 1.7 2.5 -0.8
v 1.7 2.5 -1
v 1.7 2.5 -1.2
v 1.7 2.7 1
v 1.7 2.7 0.8
v 1.7 2.7 0.5
v 1.7 2.7 -0.5
v 1.7 2.7 -0.8
v 1.7 2.7 -1
v 1.7 2.9 0.8
v 1.7 2.9 0.5
v 1.7 2.9 -0.5
v 1.7 2.9 -0.8
v 1.7 3.1 0.5
v 1.7 3.1 -0.5
v 1.8 1.9 0.8
v 1.8 1.9 0.5
v 1.8 1.9 -0.5
v 1.8 1.9 -0.8
v 1.8 2 1
v 1.8 2 0.8
v 1.8 2 0.5
v 1.8 2 -0.5
v 1.8 2 -0.8
v 1.8 2 -1
v 1.8 2.5 1
v 1.8 2.5 0.8
v 1.8 2.5 0.5
v 1.8 2.5 -0.5
v 1.8 2.5 -0.8
v 1.8 2.5 -1
v 1.8 2.7 0.8
v 1.8 2.7 0.5
v 1.8 2.7 -0.5
v 1.8 2.7 -0.8
v 1.8 2.9 0.5
v 1.8 2.9 -0.5
v 1.9 1.9 0.5
v 1.9 1.9 -0.5
v 1.9 2 0.8
v 1.9 2 0.5
v 1.9 2 -0.5
v 1.9 2 -0.8
v 1.9 2.5 0.8
v 1.9 2.5 0.5
v 1.9 2.5 -0.5
v 1.9 2.5 -0.8
v 1.9 2.7 0.5
v 1.9 2.7 -0.5
v 2 2 0.5
v 2 2 -0.5
v 2 2.5 0.5
v 2 2.5 -0.5
v -0.5 2 2
v -0.5 2.5 2
v 0.5 2 2
v 0.5 2.5 2
v -0.8 2 1.9
v -0.8 2.5 1.9
v -0.5 1.9 1.9
v -0.5 2 1.9
v -0.5 2.5 1.9
v -0.5 2.7 1.9
v 0.5 1.9 1.9
v 0.5 2 1.9
v 0.5 2.5 1.9
v 0.5 2.7 1.9
v 0.8 2 1.9
v 0.8 2.5 1.9
v -1 2 1.8
v -1 2.5 1.8
v -0.8 1.9 1.8
v -0.8 2 1.8
v -0.8 2.5 1.8
v -0.8 2.7 1.8
v -0.5 1.9 1.8
v -0.5 2 1.8
v -0.5 2.5 1.8
v -0.5 2.7 1.8
v -0.5 2.9 1.8
v 0.5 1.9 1.8
v 0.5 2 1.8
v 0.5 2.5 1.8
v 0.5 2.7 1.8
v 0.5 2.9 1.8
v 0.8 1.9 1.8
v 0.8 2 1.8
v 0.8 2.5 1.8
v 0.8 2.7 1.8
v 1 2 1.8
v 1 2.5 1.8
v -1.2 2 1.7
v -1.2 2.5 1.7
v -1 1.9 1.7
v -1 2 1.7
v -1 2.5 1.7
v -1 2.7 1.7
v -0.8 1.9 1.7
v -0.8 2 1.7
v -0.8 2.5 1.7
v -0.8 2.7 1.7
v -0.8 2.9 1.7
v -0.5 2.7 1.7
v -0.5 2.9 1.7
v -0.5 3.1 1.7
v 0.5 2.7 1.7
v 0.5 2.9 1.7
v 0.5 3.1 1.7
v 0.8 1.9 1.7
v 0.8 2 1.7
v 0.8 2.5 1.7
v 0.8 2.7 1.7
v 0.8 2.9 1.7
v 1 1.9 1.7
v 1 2 1.7
v 1 2.5 1.7
v 1 2.7 1.7
v 1.2 2 1.7
v 1.2 2.5 1.7
v -1.3 2 1.6
v -1.3 2.5 1.6
v -1.2 2 1.6
v -1.2 2.5 1.6
v -1.1 1.9 1.6
v -1.1 2 1.6
v -1.1 2.5 1.6
v -1.1 2.7 1.6
v -1 1.9 1.6
v -1 2 1.6
v -1 2.5 1.6
v -1 2.7 1.6
v -1 2.9 1.6
v -0.8 2.7 1.6
v -0.8 2.9 1.6
v -0.7 2.9 1.6
v -0.7 3.1 1.6
v -0.5 2.9 1.6
v -0.5 3.1 1.6
v -0.4 3.1 1.6
v -0.4 3.2 1.6
v 0.4 3.1 1.6
v 0.4 3.2 1.6
v 0.5 2.9 1.6
v 0.5 3.1 1.6
v 0.7 2.9 1.6
v 0.7 3.1 1.6
v 0.8 2.7 1.6
v 0.8 2.9 1.6
v 1 1.9 1.6
v 1 2 1.6
v 1 2.5 1.6
v 1 2.7 1.6
v 1 2.9 1.6
v 1.1 1.9 1.6
v 1.1 2 1.6
v 1.1 2.5 1.6
v 1.1 2.7 1.6
v 1.2 2 1.6
v 1.2 2.5 1.6
v 1.3 2 1.6
v 1.3 2.5 1.6
v -1.4 2 1.5
v -1.4 2.5 1.5
v -1.3 1.9 1.5
v -1.3 2 1.5
v -1.3 2.5 1.5
v -1.3 2.7 1.5
v -1.1 1.9 1.5
v -1.1 2 1.5
v -1.1 2.5 1.5
v -1.1 2.7 1.5
v -1.1 2.9 1.5
v -1 2.7 1.5
v -1 2.9 1.5
v -0.9 2.9 1.5
v -0.9 3.1 1.5
v -0.7 2.9 1.5
v -0.7 3.1 1.5
v -0.7 3.2 1.5
v -0.4 3.1 1.5
v -0.4 3.2 1.5
v -0.4 3.3 1.5
v 0.4 3.1 1.5
v 0.4 3.2 1.5
v 0.4 3.3 1.5
v 0.7 2.9 1.5
v 0.7 3.1 1.5
v 0.7 3.2 1.5
v 0.9 2.9 1.5
v 0.9 3.1 1.5
v 1 2.7 1.5
v 1 2.9 1.5
v 1.1 1.9 1.5
v 1.1 2 1.5
v 1.1 2.5 1.5
v 1.1 2.7 1.5
v 1.1 2.9 1.5
v 1.3 1.9 1.5
v 1.3 2 1.5
v 1.3 2.5 1.5
v 1.3 2.7 1.5
v 1.4 2 1.5
v 1.4 2.5 1.5
v -1.5 2 1.4
v -1.5 2.5 1.4
v -1.4 1.9 1.4
v -1.4 2 1.4
v -1.4 2.5 1.4
v -1.4 2.7 1.4
v -1.3 1.9 1.4
v -1.3 2 1.4
v -1.3 2.5 1.4
v -1.3 2.7 1.4
v -1.2 2.7 1.4
v -1.2 2.9 1.4
v -1.1 2.7 1.4
v -1.1 2.9 1.4
v -1.1 3.1 1.4
v -0.9 2.9 1.4
v -0.9 3.1 1.4
v -0.9 3.2 1.4
v -0.7 3.1 1.4
v -0.7 3.2 1.4
v -0.7 3.3 1.4
v -0.4 3.2 1.4
v -0.4 3.3 1.4
v -0.4 3.4 1.4
v 0.4 3.2 1.4
v 0.4 3.3 1.4
v 0.4 3.4 1.4
v 0.7 3.1 1.4
v 0.7 3.2 1.4
v 0.7 3.3 1.4
v 0.9 2.9 1.4
v 0.9 3.1 1.4
v 0.9 3.2 1.4
v 1.1 2.7 1.4
v 1.1 2.9 1.4
v 1.1 3.1 1.4
v 1.2 2.7 1.4
v 1.2 2.9 1.4
v 1.3 1.9 1.4
v 1.3 2 1.4
v 1.3 2.5 1.4
v 1.3 2.7 1.4
v 1.4 1.9 1.4
v 1.4 2 1.4
v 1.4 2.5 1.4
v 1.4 2.7 1.4
v 1.5 2 1.4
v 1.5 2.5 1.4
v -1.6 2 1.3
v -1.6 2.5 1.3
v -1.5 1.9 1.3
v -1.5 2 1.3
v -1.5 2.5 1.3
v -1.5 2.7 1.3
v -1.4 1.9 1.3
v -1.4 2 1.3
v -1.4 2.5 1.3
v -1.4 2.7 1.3
v -1.3 2.7 1.3
v -1.3 2.9 1.3
v -1.2 2.7 1.3
v -1.2 2.9 1.3
v -1.2 3.1 1.3
v -1.1 2.9 1.3
v -1.1 3.1 1.3
v -1 3.1 1.3
v -1 3.2 1.3
v -0.9 3.1 1.3
v -0.9 3.2 1.3
v -0.9 3.3 1.3
v -0.7 3.2 1.3
v -0.7 3.3 1.3
v -0.7 3.4 1.3
v -0.4 0.5 1.3
v -0.4 1.1 1.3
v -0.4 3.3 1.3
v -0.4 3.4 1.3
v -0.4 3.5 1.3
v 0.4 0.5 1.3
v 0.4 1.1 1.3
v 0.4 3.3 1.3
v 0.4 3.4 1.3
v 0.4 3.5 1.3
v 0.7 3.2 1.3
v 0.7 3.3 1.3
v 0.7 3.4 1.3
v 0.9 3.1 1.3
v 0.9 3.2 1.3
v 0.9 3.3 1.3
v 1 3.1 1.3
v 1 3.2 1.3
v 1.1 2.9 1.3
v 1.1 3.1 1.3
v 1.2 2.7 1.3
v 1.2 2.9 1.3
v 1.2 3.1 1.3
v 1.3 2.7 1.3
v 1.3 2.9 1.3
v 1.4 1.9 1.3
v 1.4 2 1.3
v 1.4 2.5 1.3
v 1.4 2.7 1.3
v 1.5 1.9 1.3
v 1.5 2 1.3
v 1.5 2.5 1.3
v 1.5 2.7 1.3
v 1.6 2 1.3
v 1.6 2.5 1.3
v -1.7 2 1.2
v -1.7 2.5 1.2
v -1.6 2 1.2
v -1.6 2.5 1.2
v -1.4 2.7 1.2
v -1.4 2.9 1.2
v -1.3 2.7 1.2
v -1.3 2.9 1.2
v -1.3 3.1 1.2
v -1.2 2.9 1.2
v -1.2 3.1 1.2
v -1.1 3.1 1.2
v -1.1 3.2 1.2
v -1 3.1 1.2
v -1 3.2 1.2
v -1 3.3 1.2
v -0.9 3.2 1.2
v -0.9 3.3 1.2
v -0.8 3.3 1.2
v -0.8 3.4 1.2
v -0.7 3.3 1.2
v -0.7 3.4 1.2
v -0.6 0.5 1.2
v -0.6 1.1 1.2
v -0.6 3.4 1.2
v -0.6 3.5 1.2
v -0.4 0.3 1.2
v -0.4 0.5 1.2
v -0.4 1.1 1.2
v -0.4 1.2 1.2
v -0.4 3.4 1.2
v -0.4 3.5 1.2
v -0.4 3.6 1.2
v 0.4 0.3 1.2
v 0.4 0.5 1.2
v 0.4 1.1 1.2
v 0.4 1.2 1.2
v 0.4 3.4 1.2
v 0.4 3.5 1.2
v 0.4 3.6 1.2
v 0.6 0.5 1.2
v 0.6 1.1 1.2
v 0.6 3.4 1.2
v 0.6 3.5 1.2
v 0.7 3.3 1.2
v 0.7 3.4 1.2
v 0.8 3.3 1.2
v 0.8 3.4 1.2
v 0.9 3.2 1.2
v 0.9 3.3 1.2
v 1 3.1 1.2
v 1 3.2 1.2
v 1 3.3 1.2
v 1.1 3.1 1.2
v 1.1 3.2 1.2
v 1.2 2.9 1.2
v 1.2 3.1 1.2
v 1.3 2.7 1.2
v 1.3 2.9 1.2
v 1.3 3.1 1.2
v 1.4 2.7 1.2
v 1.4 2.9 1.2
v 1.6 2 1.2
v 1.6 2.5 1.2
v 1.7 2 1.2
v 1.7 2.5 1.2
v -1.6 1.9 1.1
v -1.6 2 1.1
v -1.6 2.5 1.1
v -1.6 2.7 1.1
v -1.5 1.9 1.1
v -1.5 2 1.1
v -1.5 2.5 1.1
v -1.5 2.7 1.1
v -1.5 2.9 1.1
v -1.4 2.7 1.1
v -1.4 2.9 1.1
v -1.4 3.1 1.1
v -1.3 2.9 1.1
v -1.3 3.1 1.1
v -1.2 3.1 1.1
v -1.2 3.2 1.1
v -1.1 3.1 1.1
v -1.1 3.2 1.1
v -1.1 3.3 1.1
v -1 3.2 1.1
v -1 3.3 1.1
v -1 3.4 1.1
v -0.8 0.5 1.1
v -0.8 1.1 1.1
v -0.8 3.3 1.1
v -0.8 3.4 1.1
v -0.8 3.5 1.1
v -0.6 0.3 1.1
v -0.6 0.5 1.1
v -0.6 1.1 1.1
v -0.6 1.2 1.1
v -0.6 3.4 1.1
v -0.6 3.5 1.1
v -0.6 3.6 1.1
v -0.4 0.1 1.1
v -0.4 0.3 1.1
v -0.4 0.5 1.1
v -0.4 1.1 1.1
v -0.4 1.2 1.1
v -0.4 1.3 1.1
v -0.4 3.5 1.1
v -0.4 3.6 1.1
v 0.4 0.1 1.1
v 0.4 0.3 1.1
v 0.4 0.5 1.1
v 0.4 1.1 1.1
v 0.4 1.2 1.1
v 0.4 1.3 1.1
v 0.4 3.5 1.1
v 0.4 3.6 1.1
v 0.6 0.3 1.1
v 0.6 0.5 1.1
v 0.6 1.1 1.1
v 0.6 1.2 1.1
v 0.6 3.4 1.1
v 0.6 3.5 1.1
v 0.6 3.6 1.1
v 0.8 0.5 1.1
v 0.8 1.1 1.1
v 0.8 3.3 1.1
v 0.8 3.4 1.1
v 0.8 3.5 1.1
v 1 3.2 1.1
v 1 3.3 1.1
v 1 3.4 1.1
v 1.1 3.1 1.1
v 1.1 3.2 1.1
v 1.1 3.3 1.1
v 1.2 3.1 1.1
v 1.2 3.2 1.1
v 1.3 2.9 1.1
v 1.3 3.1 1.1
v 1.4 2.7 1.1
v 1.4 2.9 1.1
v 1.4 3.1 1.1
v 1.5 1.9 1.1
v 1.5 2 1.1
v 1.5 2.5 1.1
v 1.5 2.7 1.1
v 1.5 2.9 1.1
v 1.6 1.9 1.1
v 1.6 2 1.1
v 1.6 2.5 1.1
v 1.6 2.7 1.1
v -1.8 2 1
v -1.8 2.5 1
v -1.7 1.9 1
v -1.7 2 1
v -1.7 2.5 1
v -1.7 2.7 1
v -1.6 1.9 1
v -1.6 2 1
v -1.6 2.5 1
v -1.6 2.7 1
v -1.6 2.9 1
v -1.5 2.7 1
v -1.5 2.9 1
v -1.3 3.1 1
v -1.3 3.2 1
v -1.2 3.1 1
v -1.2 3.2 1
v -1.2 3.3 1
v -1.1 3.2 1
v -1.1 3.3 1
v -1.1 3.4 1
v -1 3.3 1
v -1 3.4 1
v -0.9 0.5 1
v -0.9 1.1 1
v -0.9 3.4 1
v -0.9 3.5 1
v -0.8 0.3 1
v -0.8 0.5 1
v -0.8 1.1 1
v -0.8 1.2 1
v -0.8 3.4 1
v -0.8 3.5 1
v -0.8 3.6 1
v -0.6 0.1 1
v -0.6 0.3 1
v -0.6 0.5 1
v -0.6 1.1 1
v -0.6 1.2 1
v -0.6 1.3 1
v -0.6 3.5 1
v -0.6 3.6 1
v -0.4 0 1
v -0.4 0.1 1
v -0.4 0.3 1
v -0.4 1.2 1
v -0.4 1.3 1
v -0.4 1.5 1
v -0.4 3.6 1
v -0.4 3.7 1
v 0.4 0 1
v 0.4 0.1 1
v 0.4 0.3 1
v 0.4 1.2 1
v 0.4 1.3 1
v 0.4 1.5 1
v 0.4 3.6 1
v 0.4 3.7 1
v 0.6 0.1 1
v 0.6 0.3 1
v 0.6 0.5 1
v 0.6 1.1 1
v 0.6 1.2 1
v 0.6 1.3 1
v 0.6 3.5 1
v 0.6 3.6 1
v 0.8 0.3 1
v 0.8 0.5 1
v 0.8 1.1 1
v 0.8 1.2 1
v 0.8 3.4 1
v 0.8 3.5 1
v 0.8 3.6 1
v 0.9 0.5 1
v 0.9 1.1 1
v 0.9 3.4 1
v 0.9 3.5 1
v 1 3.3 1
v 1 3.4 1
v 1.1 3.2 1
v 1.1 3.3 1
v 1.1 3.4 1
v 1.2 3.1 1
v 1.2 3.2 1
v 1.2 3.3 1
v 1.3 3.1 1
v 1.3 3.2 1
v 1.5 2.7 1
v 1.5 2.9 1
v 1.6 1.9 1
v 1.6 2 1
v 1.6 2.5 1
v 1.6 2.7 1
v 1.6 2.9 1
v 1.7 1.9 1
v 1.7 2 1
v 1.7 2.5 1
v 1.7 2.7 1
v 1.8 2 1
v 1.8 2.5 1
v -1.5 2.9 0.9
v -1.5 3.1 0.9
v -1.4 2.9 0.9
v -1.4 3.1 0.9
v -1.4 3.2 0.9
v -1.3 3.1 0.9
v -1.3 3.2 0.9
v -1.3 3.3 0.9
v -1.2 3.2 0.9
v -1.2 3.3 0.9
v -1 0.5 0.9
v -1 1.1 0.9
v -1 3.4 0.9
v -1 3.5 0.9
v -0.9 0.3 0.9
v -0.9 0.5 0.9
v -0.9 1.1 0.9
v -0.9 1.2 0.9
v -0.9 3.4 0.9
v -0.9 3.5 0.9
v -0.9 3.6 0.9
v -0.8 0.3 0.9
v -0.8 0.5 0.9
v -0.8 1.1 0.9
v -0.8 1.2 0.9
v -0.8 3.5 0.9
v -0.8 3.6 0.9
v -0.7 0.1 0.9
v -0.7 0.3 0.9
v -0.7 1.2 0.9
v -0.7 1.3 0.9
v -0.6 0 0.9
v -0.6 0.1 0.9
v -0.6 0.3 0.9
v -0.6 1.2 0.9
v -0.6 1.3 0.9
v -0.6 1.5 0.9
v -0.6 3.6 0.9
v -0.6 3.7 0.9
v -0.4 0 0.9
v -0.4 0.1 0.9
v -0.4 1.3 0.9
v -0.4 1.5 0.9
v -0.4 3.6 0.9
v -0.4 3.7 0.9
v -0.3 1.5 0.9
v -0.3 1.7 0.9
v 0.3 1.5 0.9
v 0.3 1.7 0.9
v 0.4 0 0.9
v 0.4 0.1 0.9
v 0.4 1.3 0.9
v 0.4 1.5 0.9
v 0.4 3.6 0.9
v 0.4 3.7 0.9
v 0.6 0 0.9
v 0.6 0.1 0.9
v 0.6 0.3 0.9
v 0.6 1.2 0.9
v 0.6 1.3 0.9
v 0.6 1.5 0.9
v 0.6 3.6 0.9
v 0.6 3.7 0.9
v 0.7 0.1 0.9
v 0.7 0.3 0.9
v 0.7 1.2 0.9
v 0.7 1.3 0.9
v 0.8 0.3 0.9
v 0.8 0.5 0.9
v 0.8 1.1 0.9
v 0.8 1.2 0.9
v 0.8 3.5 0.9
v 0.8 3.6 0.9
v 0.9 0.3 0.9
v 0.9 0.5 0.9
v 0.9 1.1 0.9
v 0.9 1.2 0.9
v 0.9 3.4 0.9
v 0.9 3.5 0.9
v 0.9 3.6 0.9
v 1 0.5 0.9
v 1 1.1 0.9
v 1 3.4 0.9
v 1 3.5 0.9
v 1.2 3.2 0.9
v 1.2 3.3 0.9
v 1.3 3.1 0.9
v 1.3 3.2 0.9
v 1.3 3.3 0.9
v 1.4 2.9 0.9
v 1.4 3.1 0.9
v 1.4 3.2 0.9
v 1.5 2.9 0.9
v 1.5 3.1 0.9
v -1.9 2 0.8
v -1.9 2.5 0.8
v -1.8 1.9 0.8
v -1.8 2 0.8
v -1.8 2.5 0.8
v -1.8 2.7 0.8
v -1.7 1.9 0.8
v -1.7 2 0.8
v -1.7 2.5 0.8
v -1.7 2.7 0.8
v -1.7 2.9 0.8
v -1.6 2.7 0.8
v -1.6 2.9 0.8
v -1.2 3.3 0.8
v -1.2 3.4 0.8
v -1.1 0.5 0.8
v -1.1 1.1 0.8
v -1.1 3.3 0.8
v -1.1 3.4 0.8
v -1.1 3.5 0.8
v -1 0.3 0.8
v -1 0.5 0.8
v -1 1.1 0.8
v -1 1.2 0.8
v -1 3.4 0.8
v -1 3.5 0.8
v -1 3.6 0.8
v -0.9 0.3 0.8
v -0.9 0.5 0.8
v -0.9 1.1 0.8
v -0.9 1.2 0.8
v -0.9 3.5 0.8
v -0.9 3.6 0.8
v -0.8 0.1 0.8
v -0.8 0.3 0.8
v -0.8 1.2 0.8
v -0.8 1.3 0.8
v -0.7 0 0.8
v -0.7 0.1 0.8
v -0.7 0.3 0.8
v -0.7 1.2 0.8
v -0.7 1.3 0.8
v -0.7 1.5 0.8
v -0.7 3.6 0.8
v -0.7 3.7 0.8
v -0.6 0 0.8
v -0.6 0.1 0.8
v -0.6 1.3 0.8
v -0.6 1.5 0.8
v -0.6 3.6 0.8
v -0.6 3.7 0.8
v -0.5 1.5 0.8
v -0.5 1.7 0.8
v -0.3 1.5 0.8
v -0.3 1.7 0.8
v -0.3 2 0.8
v -0.3 3.7 0.8
v -0.3 3.8 0.8
v 0.3 1.5 0.8
v 0.3 1.7 0.8
v 0.3 2 0.8
v 0.3 3.7 0.8
v 0.3 3.8 0.8
v 0.5 1.5 0.8
v 0.5 1.7 0.8
v 0.6 0 0.8
v 0.6 0.1 0.8
v 0.6 1.3 0.8
v 0.6 1.5 0.8
v 0.6 3.6 0.8
v 0.6 3.7 0.8
v 0.7 0 0.8
v 0.7 0.1 0.8
v 0.7 0.3 0.8
v 0.7 1.2 0.8
v 0.7 1.3 0.8
v 0.7 1.5 0.8
v 0.7 3.6 0.8
v 0.7 3.7 0.8
v 0.8 0.1 0.8
v 0.8 0.3 0.8
v 0.8 1.2 0.8
v 0.8 1.3 0.8
v 0.9 0.3 0.8
v 0.9 0.5 0.8
v 0.9 1.1 0.8
v 0.9 1.2 0.8
v 0.9 3.5 0.8
v 0.9 3.6 0.8
v 1 0.3 0.8
v 1 0.5 0.8
v 1 1.1 0.8
v 1 1.2 0.8
v 1 3.4 0.8
v 1 3.5 0.8
v 1 3.6 0.8
v 1.1 0.5 0.8
v 1.1 1.1 0.8
v 1.1 3.3 0.8
v 1.1 3.4 0.8
v 1.1 3.5 0.8
v 1.2 3.3 0.8
v 1.2 3.4 0.8
v 1.6 2.7 0.8
v 1.6 2.9 0.8
v 1.7 1.9 0.8
v 1.7 2 0.8
v 1.7 2.5 0.8
v 1.7 2.7 0.8
v 1.7 2.9 0.8
v 1.8 1.9 0.8
v 1.8 2 0.8
v 1.8 2.5 0.8
v 1.8 2.7 0.8
v 1.9 2 0.8
v 1.9 2.5 0.8
v -1.6 2.9 0.7
v -1.6 3.1 0.7
v -1.5 2.9 0.7
v -1.5 3.1 0.7
v -1.5 3.2 0.7
v -1.4 3.1 0.7
v -1.4 3.2 0.7
v -1.4 3.3 0.7
v -1.3 3.2 0.7
v -1.3 3.3 0.7
v -1.3 3.4 0.7
v -1.2 3.3 0.7
v -1.2 3.4 0.7
v -0.9 0.1 0.7
v -0.9 0.3 0.7
v -0.9 1.2 0.7
v -0.9 1.3 0.7
v -0.8 0 0.7
v -0.8 0.1 0.7
v -0.8 0.3 0.7
v -0.8 1.2 0.7
v -0.8 1.3 0.7
v -0.8 1.5 0.7
v -0.8 3.6 0.7
v -0.8 3.7 0.7
v -0.7 0 0.7
v -0.7 0.1 0.7
v -0.7 1.3 0.7
v -0.7 1.5 0.7
v -0.7 1.7 0.7
v -0.7 3.6 0.7
v -0.7 3.7 0.7
v -0.5 1.5 0.7
v -0.5 1.7 0.7
v -0.5 2 0.7
v -0.5 3.7 0.7
v -0.5 3.8 0.7
v -0.3 1.7 0.7
v -0.3 2 0.7
v -0.3 3.7 0.7
v -0.3 3.8 0.7
v 0.3 1.7 0.7
v 0.3 2 0.7
v 0.3 3.7 0.7
v 0.3 3.8 0.7
v 0.5 1.5 0.7
v 0.5 1.7 0.7
v 0.5 2 0.7
v 0.5 3.7 0.7
v 0.5 3.8 0.7
v 0.7 0 0.7
v 0.7 0.1 0.7
v 0.7 1.3 0.7
v 0.7 1.5 0.7
v 0.7 1.7 0.7
v 0.7 3.6 0.7
v 0.7 3.7 0.7
v 0.8 0 0.7
v 0.8 0.1 0.7
v 0.8 0.3 0.7
v 0.8 1.2 0.7
v 0.8 1.3 0.7
v 0.8 1.5 0.7
v 0.8 3.6 0.7
v 0.8 3.7 0.7
v 0.9 0.1 0.7
v 0.9 0.3 0.7
v 0.9 1.2 0.7
v 0.9 1.3 0.7
v 1.2 3.3 0.7
v 1.2 3.4 0.7
v 1.3 3.2 0.7
v 1.3 3.3 0.7
v 1.3 3.4 0.7
v 1.4 3.1 0.7
v 1.4 3.2 0.7
v 1.4 3.3 0.7
v 1.5 2.9 0.7
v 1.5 3.1 0.7
v 1.5 3.2 0.7
v 1.6 2.9 0.7
v 1.6 3.1 0.7
v -1.2 0.5 0.6
v -1.2 1.1 0.6
v -1.2 3.4 0.6
v -1.2 3.5 0.6
v -1.1 0.3 0.6
v -1.1 0.5 0.6
v -1.1 1.1 0.6
v -1.1 1.2 0.6
v -1.1 3.4 0.6
v -1.1 3.5 0.6
v -1.1 3.6 0.6
v -1 0.1 0.6
v -1 0.3 0.6
v -1 0.5 0.6
v -1 1.1 0.6
v -1 1.2 0.6
v -1 1.3 0.6
v -1 3.5 0.6
v -1 3.6 0.6
v -0.9 0 0.6
v -0.9 0.1 0.6
v -0.9 0.3 0.6
v -0.9 1.2 0.6
v -0.9 1.3 0.6
v -0.9 1.5 0.6
v -0.9 3.6 0.6
v -0.9 3.7 0.6
v -0.8 0 0.6
v -0.8 0.1 0.6
v -0.8 1.3 0.6
v -0.8 1.5 0.6
v -0.8 3.6 0.6
v -0.8 3.7 0.6
v -0.6 1.7 0.6
v -0.6 2 0.6
v -0.6 3.7 0.6
v -0.6 3.8 0.6
v -0.5 1.7 0.6
v -0.5 2 0.6
v -0.5 3.7 0.6
v -0.5 3.8 0.6
v -0.3 3.8 0.6
v -0.3 3.9 0.6
v 0.3 3.8 0.6
v 0.3 3.9 0.6
v 0.5 1.7 0.6
v 0.5 2 0.6
v 0.5 3.7 0.6
v 0.5 3.8 0.6
v 0.6 1.7 0.6
v 0.6 2 0.6
v 0.6 3.7 0.6
v 0.6 3.8 0.6
v 0.8 0 0.6
v 0.8 0.1 0.6
v 0.8 1.3 0.6
v 0.8 1.5 0.6
v 0.8 3.6 0.6
v 0.8 3.7 0.6
v 0.9 0 0.6
v 0.9 0.1 0.6
v 0.9 0.3 0.6
v 0.9 1.2 0.6
v 0.9 1.3 0.6
v 0.9 1.5 0.6
v 0.9 3.6 0.6
v 0.9 3.7 0.6
v 1 0.1 0.6
v 1 0.3 0.6
v 1 0.5 0.6
v 1 1.1 0.6
v 1 1.2 0.6
v 1 1.3 0.6
v 1 3.5 0.6
v 1 3.6 0.6
v 1.1 0.3 0.6
v 1.1 0.5 0.6
v 1.1 1.1 0.6
v 1.1 1.2 0.6
v 1.1 3.4 0.6
v 1.1 3.5 0.6
v 1.1 3.6 0.6
v 1.2 0.5 0.6
v 1.2 1.1 0.6
v 1.2 3.4 0.6
v 1.2 3.5 0.6
v -2 2 0.5
v -2 2.5 0.5
v -1.9 1.9 0.5
v -1.9 2 0.5
v -1.9 2.5 0.5
v -1.9 2.7 0.5
v -1.8 1.9 0.5
v -1.8 2 0.5
v -1.8 2.5 0.5
v -1.8 2.7 0.5
v -1.8 2.9 0.5
v -1.7 2.7 0.5
v -1.7 2.9 0.5
v -1.7 3.1 0.5
v -1.6 2.9 0.5
v -1.6 3.1 0.5
v -0.8 1.5 0.5
v -0.8 1.7 0.5
v -0.7 1.5 0.5
v -0.7 1.7 0.5
v -0.7 2 0.5
v -0.7 3.7 0.5
v -0.7 3.8 0.5
v -0.6 1.7 0.5
v -0.6 2 0.5
v -0.6 3.7 0.5
v -0.6 3.8 0.5
v -0.4 3.8 0.5
v -0.4 3.9 0.5
v -0.3 3.8 0.5
v -0.3 3.9 0.5
v 0.3 3.8 0.5
v 0.3 3.9 0.5
v 0.4 3.8 0.5
v 0.4 3.9 0.5
v 0.6 1.7 0.5
v 0.6 2 0.5
v 0.6 3.7 0.5
v 0.6 3.8 0.5
v 0.7 1.5 0.5
v 0.7 1.7 0.5
v 0.7 2 0.5
v 0.7 3.7 0.5
v 0.7 3.8 0.5
v 0.8 1.5 0.5
v 0.8 1.7 0.5
v 1.6 2.9 0.5
v 1.6 3.1 0.5
v 1.7 2.7 0.5
v 1.7 2.9 0.5
v 1.7 3.1 0.5
v 1.8 1.9 0.5
v 1.8 2 0.5
v 1.8 2.5 0.5
v 1.8 2.7 0.5
v 1.8 2.9 0.5
v 1.9 1.9 0.5
v 1.9 2 0.5
v 1.9 2.5 0.5
v 1.9 2.7 0.5
v 2 2 0.5
v 2 2.5 0.5
v -1.6 3.1 0.4
v -1.6 3.2 0.4
v -1.5 3.1 0.4
v -1.5 3.2 0.4
v -1.5 3.3 0.4
v -1.4 3.2 0.4
v -1.4 3.3 0.4
v -1.4 3.4 0.4
v -1.3 0.5 0.4
v -1.3 1.1 0.4
v -1.3 3.3 0.4
v -1.3 3.4 0.4
v -1.3 3.5 0.4
v -1.2 0.3 0.4
v -1.2 0.5 0.4
v -1.2 1.1 0.4
v -1.2 1.2 0.4
v -1.2 3.4 0.4
v -1.2 3.5 0.4
v -1.2 3.6 0.4
v -1.1 0.1 0.4
v -1.1 0.3 0.4
v -1.1 0.5 0.4
v -1.1 1.1 0.4
v -1.1 1.2 0.4
v -1.1 1.3 0.4
v -1.1 3.5 0.4
v -1.1 3.6 0.4
v -1 0 0.4
v -1 0.1 0.4
v -1 0.3 0.4
v -1 1.2 0.4
v -1 1.3 0.4
v -1 1.5 0.4
v -1 3.6 0.4
v -1 3.7 0.4
v -0.9 0 0.4
v -0.9 0.1 0.4
v -0.9 1.3 0.4
v -0.9 1.5 0.4
v -0.9 3.6 0.4
v -0.9 3.7 0.4
v -0.5 3.8 0.4
v -0.5 3.9 0.4
v -0.4 3.8 0.4
v -0.4 3.9 0.4
v -0.2 3.9 0.4
v -0.2 4 0.4
v 0.2 3.9 0.4
v 0.2 4 0.4
v 0.4 3.8 0.4
v 0.4 3.9 0.4
v 0.5 3.8 0.4
v 0.5 3.9 0.4
v 0.9 0 0.4
v 0.9 0.1 0.4
v 0.9 1.3 0.4
v 0.9 1.5 0.4
v 0.9 3.6 0.4
v 0.9 3.7 0.4
v 1 0 0.4
v 1 0.1 0.4
v 1 0.3 0.4
v 1 1.2 0.4
v 1 1.3 0.4
v 1 1.5 0.4
v 1 3.6 0.4
v 1 3.7 0.4
v 1.1 0.1 0.4
v 1.1 0.3 0.4
v 1.1 0.5 0.4
v 1.1 1.1 0.4
v 1.1 1.2 0.4
v 1.1 1.3 0.4
v 1.1 3.5 0.4
v 1.1 3.6 0.4
v 1.2 0.3 0.4
v 1.2 0.5 0.4
v 1.2 1.1 0.4
v 1.2 1.2 0.4
v 1.2 3.4 0.4
v 1.2 3.5 0.4
v 1.2 3.6 0.4
v 1.3 0.5 0.4
v 1.3 1.1 0.4
v 1.3 3.3 0.4
v 1.3 3.4 0.4
v 1.3 3.5 0.4
v 1.4 3.2 0.4
v 1.4 3.3 0.4
v 1.4 3.4 0.4
v 1.5 3.1 0.4
v 1.5 3.2 0.4
v 1.5 3.3 0.4
v 1.6 3.1 0.4
v 1.6 3.2 0.4
v -0.9 1.5 0.3
v -0.9 1.7 0.3
v -0.8 1.5 0.3
v -0.8 1.7 0.3
v -0.8 2 0.3
v -0.8 3.7 0.3
v -0.8 3.8 0.3
v -0.7 1.7 0.3
v -0.7 2 0.3
v -0.7 3.7 0.3
v -0.7 3.8 0.3
v -0.6 3.8 0.3
v -0.6 3.9 0.3
v -0.5 3.8 0.3
v -0.5 3.9 0.3
v -0.3 3.9 0.3
v -0.3 4 0.3
v -0.2 3.9 0.3
v -0.2 4 0.3
v 0.2 3.9 0.3
v 0.2 4 0.3
v 0.3 3.9 0.3
v 0.3 4 0.3
v 0.5 3.8 0.3
v 0.5 3.9 0.3
v 0.6 3.8 0.3
v 0.6 3.9 0.3
v 0.7 1.7 0.3
v 0.7 2 0.3
v 0.7 3.7 0.3
v 0.7 3.8 0.3
v 0.8 1.5 0.3
v 0.8 1.7 0.3
v 0.8 2 0.3
v 0.8 3.7 0.3
v 0.8 3.8 0.3
v 0.9 1.5 0.3
v 0.9 1.7 0.3
v -0.4 3.9 0.2
v -0.4 4 0.2
v -0.3 3.9 0.2
v -0.3 4 0.2
v 0.3 3.9 0.2
v 0.3 4 0.2
v 0.4 3.9 0.2
v 0.4 4 0.2
v -1.3 1.9 -0.4
v -1.3 2 -0.4
v -1.2 1.9 -0.4
v -1.2 2 -0.4
v 1.2 1.9 -0.4
v 1.2 2 -0.4
v 1.3 1.9 -0.4
v 1.3 2 -0.4
v -1.2 1.9 -0.6
v -1.2 2 -0.6
v -1.1 1.9 -0.6
v -1.1 2 -0.6
v 1.1 1.9 -0.6
v 1.1 2 -0.6
v 1.2 1.9 -0.6
v 1.2 2 -0.6
v -1.1 1.9 -0.8
v -1.1 2 -0.8
v -1 1.9 -0.8
v -1 2 -0.8
v 1 1.9 -0.8
v 1 2 -0.8
v 1.1 1.9 -0.8
v 1.1 2 -0.8
v -1 1.9 -0.9
v -1 2 -0.9
v -0.9 1.9 -0.9
v -0.9 2 -0.9
v 0.9 1.9 -0.9
v 0.9 2 -0.9
v 1 1.9 -0.9
v 1 2 -0.9
v -0.9 1.9 -1
v -0.9 2 -1
v -0.8 1.9 -1
v -0.8 2 -1
v 0.8 1.9 -1
v 0.8 2 -1
v 0.9 1.9 -1
v 0.9 2 -1
v -0.8 1.9 -1.1
v -0.8 2 -1.1
v -0.6 1.9 -1.1
v -0.6 2 -1.1
v 0.6 1.9 -1.1
v 0.6 2 -1.1
v 0.8 1.9 -1.1
v 0.8 2 -1.1
v -0.6 1.9 -1.2
v -0.6 2 -1.2
v -0.4 1.9 -1.2
v -0.4 2 -1.2
v 0.4 1.9 -1.2
v 0.4 2 -1.2
v 0.6 1.9 -1.2
v 0.6 2 -1.2
v -0.4 1.9 -1.3
v -0.4 2 -1.3
v 0.4 1.9 -1.3
v 0.4 2 -1.3
v -0.4 1.9 1.3
v -0.4 2 1.3
v 0.4 1.9 1.3
v 0.4 2 1.3
v -0.6 1.9 1.2
v -0.6 2 1.2
v -0.4 1.9 1.2
v -0.4 2 1.2
v 0.4 1.9 1.2
v 0.4 2 1.2
v 0.6 1.9 1.2
v 0.6 2 1.2
v -0.8 1.9 1.1
v -0.8 2 1.1
v -0.6 1.9 1.1
v -0.6 2 1.1
v 0.6 1.9 1.1
v 0.6 2 1.1
v 0.8 1.9 1.1
v 0.8 2 1.1
v -0.9 1.9 1
v -0.9 2 1
v -0.8 1.9 1
v -0.8 2 1
v 0.8 1.9 1
v 0.8 2 1
v 0.9 1.9 1
v 0.9 2 1
v -1 1.9 0.9
v -1 2 0.9
v -0.9 1.9 0.9
v -0.9 2 0.9
v 0.9 1.9 0.9
v 0.9 2 0.9
v 1 1.9 0.9
v 1 2 0.9
v -1.1 1.9 0.8
v -1.1 2 0.8
v -1 1.9 0.8
v -1 2 0.8
v 1 1.9 0.8
v 1 2 0.8
v 1.1 1.9 0.8
v 1.1 2 0.8
v -1.2 1.9 0.6
v -1.2 2 0.6
v -1.1 1.9 0.6
v -1.1 2 0.6
v 1.1 1.9 0.6
v 1.1 2 0.6
v 1.2 1.9 0.6
v 1.2 2 0.6
v -1.3 1.9 0.4
v -1.3 2 0.4
v -1.2 1.9 0.4
v -1.2 2 0.4
v 1.2 1.9 0.4
v 1.2 2 0.4
v 1.3 1.9 0.4
v 1.3 2 0.4
v -0.4 3.9 -0.2
v -0.4 4 -0.2
v -0.3 3.9 -0.2
v -0.3 4 -0.2
v 0.3 3.9 -0.2
v 0.3 4 -0.2
v 0.4 3.9 -0.2
v 0.4 4 -0.2
v -0.9 1.5 -0.3
v -0.9 1.7 -0.3
v -0.8 1.5 -0.3
v -0.8 1.7 -0.3
v -0.8 2 -0.3
v -0.8 3.7 -0.3
v -0.8 3.8 -0.3
v -0.7 1.7 -0.3
v -0.7 2 -0.3
v -0.7 3.7 -0.3
v -0.7 3.8 -0.3
v -0.6 3.8 -0.3
v -0.6 3.9 -0.3
v -0.5 3.8 -0.3
v -0.5 3.9 -0.3
v -0.3 3.9 -0.3
v -0.3 4 -0.3
v -0.2 3.9 -0.3
v -0.2 4 -0.3
v 0.2 3.9 -0.3
v 0.2 4 -0.3
v 0.3 3.9 -0.3
v 0.3 4 -0.3
v 0.5 3.8 -0.3
v 0.5 3.9 -0.3
v 0.6 3.8 -0.3
v 0.6 3.9 -0.3
v 0.7 1.7 -0.3
v 0.7 2 -0.3
v 0.7 3.7 -0.3
v 0.7 3.8 -0.3
v 0.8 1.5 -0.3
v 0.8 1.7 -0.3
v 0.8 2 -0.3
v 0.8 3.7 -0.3
v 0.8 3.8 -0.3
v 0.9 1.5 -0.3
v 0.9 1.7 -0.3
v -1.6 3.1 -0.4
v -1.6 3.2 -0.4
v -1.5 3.1 -0.4
v -1.5 3.2 -0.4
v -1.5 3.3 -0.4
v -1.4 3.2 -0.4
v -1.4 3.3 -0.4
v -1.4 3.4 -0.4
v -1.3 0.5 -0.4
v -1.3 1.1 -0.4
v -1.3 3.3 -0.4
v -1.3 3.4 -0.4
v -1.3 3.5 -0.4
v -1.2 0.3 -0.4
v -1.2 0.5 -0.4
v -1.2 1.1 -0.4
v -1.2 1.2 -0.4
v -1.2 3.4 -0.4
v -1.2 3.5 -0.4
v -1.2 3.6 -0.4
v -1.1 0.1 -0.4
v -1.1 0.3 -0.4
v -1.1 0.5 -0.4
v -1.1 1.1 -0.4
v -1.1 1.2 -0.4
v -1.1 1.3 -0.4
v -1.1 3.5 -0.4
v -1.1 3.6 -0.4
v -1 0 -0.4
v -1 0.1 -0.4
v -1 0.3 -0.4
v -1 1.2 -0.4
v -1 1.3 -0.4
v -1 1.5 -0.4
v -1 3.6 -0.4
v -1 3.7 -0.4
v -0.9 0 -0.4
v -0.9 0.1 -0.4
v -0.9 1.3 -0.4
v -0.9 1.5 -0.4
v -0.9 3.6 -0.4
v -0.9 3.7 -0.4
v -0.5 3.8 -0.4
v -0.5 3.9 -0.4
v -0.4 3.8 -0.4
v -0.4 3.9 -0.4
v -0.2 3.9 -0.4
v -0.2 4 -0.4
v 0.2 3.9 -0.4
v 0.2 4 -0.4
v 0.4 3.8 -0.4
v 0.4 3.9 -0.4
v 0.5 3.8 -0.4
v 0.5 3.9 -0.4
v 0.9 0 -0.4
v 0.9 0.1 -0.4
v 0.9 1.3 -0.4
v 0.9 1.5 -0.4
v 0.9 3.6 -0.4
v 0.9 3.7 -0.4
v 1 0 -0.4
v 1 0.1 -0.4
v 1 0.3 -0.4
v 1 1.2 -0.4
v 1 1.3 -0.4
v 1 1.5 -0.4
v 1 3.6 -0.4
v 1 3.7 -0.4
v 1.1 0.1 -0.4
v 1.1 0.3 -0.4
v 1.1 0.5 -0.4
v 1.1 1.1 -0.4
v 1.1 1.2 -0.4
v 1.1 1.3 -0.4
v 1.1 3.5 -0.4
v 1.1 3.6 -0.4
v 1.2 0.3 -0.4
v 1.2 0.5 -0.4
v 1.2 1.1 -0.4
v 1.2 1.2 -0.4
v 1.2 3.4 -0.4
v 1.2 3.5 -0.4
v 1.2 3.6 -0.4
v 1.3 0.5 -0.4
v 1.3 1.1 -0.4
v 1.3 3.3 -0.4
v 1.3 3.4 -0.4
v 1.3 3.5 -0.4
v 1.4 3.2 -0.4
v 1.4 3.3 -0.4
v 1.4 3.4 -0.4
v 1.5 3.1 -0.4
v 1.5 3.2 -0.4
v 1.5 3.3 -0.4
v 1.6 3.1 -0.4
v 1.6 3.2 -0.4
v -2 2 -0.5
v -2 2.5 -0.5
v -1.9 1.9 -0.5
v -1.9 2 -0.5
v -1.9 2.5 -0.5
v -1.9 2.7 -0.5
v -1.8 1.9 -0.5
v -1.8 2 -0.5
v -1.8 2.5 -0.5
v -1.8 2.7 -0.5
v -1.8 2.9 -0.5
v -1.7 2.7 -0.5
v -1.7 2.9 -0.5
v -1.7 3.1 -0.5
v -1.6 2.9 -0.5
v -1.6 3.1 -0.5
v -0.8 1.5 -0.5
v -0.8 1.7 -0.5
v -0.7 1.5 -0.5
v -0.7 1.7 -0.5
v -0.7 2 -0.5
v -0.7 3.7 -0.5
v -0.7 3.8 -0.5
v -0.6 1.7 -0.5
v -0.6 2 -0.5
v -0.6 3.7 -0.5
v -0.6 3.8 -0.5
v -0.4 3.8 -0.5
v -0.4 3.9 -0.5
v -0.3 3.8 -0.5
v -0.3 3.9 -0.5
v 0.3 3.8 -0.5
v 0.3 3.9 -0.5
v 0.4 3.8 -0.5
v 0.4 3.9 -0.5
v 0.6 1.7 -0.5
v 0.6 2 -0.5
v 0.6 3.7 -0.5
v 0.6 3.8 -0.5
v 0.7 1.5 -0.5
v 0.7 1.7 -0.5
v 0.7 2 -0.5
v 0.7 3.7 -0.5
v 0.7 3.8 -0.5
v 0.8 1.5 -0.5
v 0.8 1.7 -0.5
v 1.6 2.9 -0.5
v 1.6 3.1 -0.5
v 1.7 2.7 -0.5
v 1.7 2.9 -0.5
v 1.7 3.1 -0.5
v 1.8 1.9 -0.5
v 1.8 2 -0.5
v 1.8 2.5 -0.5
v 1.8 2.7 -0.5
v 1.8 2.9 -0.5
v 1.9 1.9 -0.5
v 1.9 2 -0.5
v 1.9 2.5 -0.5
v 1.9 2.7 -0.5
v 2 2 -0.5
v 2 2.5 -0.5
v -1.2 0.5 -0.6
v -1.2 1.1 -0.6
v -1.2 3.4 -0.6
v -1.2 3.5 -0.6
v -1.1 0.3 -0.6
v -1.1 0.5 -0.6
v -1.1 1.1 -0.6
v -1.1 1.2 -0.6
v -1.1 3.4 -0.6
v -1.1 3.5 -0.6
v -1.1 3.6 -0.6
v -1 0.1 -0.6
v -1 0.3 -0.6
v -1 0.5 -0.6
v -1 1.1 -0.6
v -1 1.2 -0.6
v -1 1.3 -0.6
v -1 3.5 -0.6
v -1 3.6 -0.6
v -0.9 0 -0.6
v -0.9 0.1 -0.6
v -0.9 0.3 -0.6
v -0.9 1.2 -0.6
v -0.9 1.3 -0.6
v -0.9 1.5 -0.6
v -0.9 3.6 -0.6
v -0.9 3.7 -0.6
v -0.8 0 -0.6
v -0.8 0.1 -0.6
v -0.8 1.3 -0.6
v -0.8 1.5 -0.6
v -0.8 3.6 -0.6
v -0.8 3.7 -0.6
v -0.6 1.7 -0.6
v -0.6 2 -0.6
v -0.6 3.7 -0.6
v -0.6 3.8 -0.6
v -0.5 1.7 -0.6
v -0.5 2 -0.6
v -0.5 3.7 -0.6
v -0.5 3.8 -0.6
v -0.3 3.8 -0.6
v -0.3 3.9 -0.6
v 0.3 3.8 -0.6
v 0.3 3.9 -0.6
v 0.5 1.7 -0.6
v 0.5 2 -0.6
v 0.5 3.7 -0.6
v 0.5 3.8 -0.6
v 0.6 1.7 -0.6
v 0.6 2 -0.6
v 0.6 3.7 -0.6
v 0.6 3.8 -0.6
v 0.8 0 -0.6
v 0.8 0.1 -0.6
v 0.8 1.3 -0.6
v 0.8 1.5 -0.6
v 0.8 3.6 -0.6
v 0.8 3.7 -0.6
v 0.9 0 -0.6
v 0.9 0.1 -0.6
v 0.9 0.3 -0.6
v 0.9 1.2 -0.6
v 0.9 1.3 -0.6
v 0.9 1.5 -0.6
v 0.9 3.6 -0.6
v 0.9 3.7 -0.6
v 1 0.1 -0.6
v 1 0.3 -0.6
v 1 0.5 -0.6
v 1 1.1 -0.6
v 1 1.2 -0.6
v 1 1.3 -0.6
v 1 3.5 -0.6
v 1 3.6 -0.6
v 1.1 0.3 -0.6
v 1.1 0.5 -0.6
v 1.1 1.1 -0.6
v 1.1 1.2 -0.6
v 1.1 3.4 -0.6
v 1.1 3.5 -0.6
v 1.1 3.6 -0.6
v 1.2 0.5 -0.6
v 1.2 1.1 -0.6
v 1.2 3.4 -0.6
v 1.2 3.5 -0.6
v -1.6 2.9 -0.7
v -1.6 3.1 -0.7
v -1.5 2.9 -0.7
v -1.5 3.1 -0.7
v -1.5 3.2 -0.7
v -1.4 3.1 -0.7
v -1.4 3.2 -0.7
v -1.4 3.3 -0.7
v -1.3 3.2 -0.7
v -1.3 3.3 -0.7
v -1.3 3.4 -0.7
v -1.2 3.3 -0.7
v -1.2 3.4 -0.7
v -0.9 0.1 -0.7
v -0.9 0.3 -0.7
v -0.9 1.2 -0.7
v -0.9 1.3 -0.7
v -0.8 0 -0.7
v -0.8 0.1 -0.7
v -0.8 0.3 -0.7
v -0.8 1.2 -0.7
v -0.8 1.3 -0.7
v -0.8 1.5 -0.7
v -0.8 3.6 -0.7
v -0.8 3.7 -0.7
v -0.7 0 -0.7
v -0.7 0.1 -0.7
v -0.7 1.3 -0.7
v -0.7 1.5 -0.7
v -0.7 1.7 -0.7
v -0.7 3.6 -0.7
v -0.7 3.7 -0.7
v -0.5 1.5 -0.7
v -0.5 1.7 -0.7
v -0.5 2 -0.7
v -0.5 3.7 -0.7
v -0.5 3.8 -0.7
v -0.3 1.7 -0.7
v -0.3 2 -0.7
v -0.3 3.7 -0.7
v -0.3 3.8 -0.7
v 0.3 1.7 -0.7
v 0.3 2 -0.7
v 0.3 3.7 -0.7
v 0.3 3.8 -0.7
v 0.5 1.5 -0.7
v 0.5 1.7 -0.7
v 0.5 2 -0.7
v 0.5 3.7 -0.7
v 0.5 3.8 -0.7
v 0.7 0 -0.7
v 0.7 0.1 -0.7
v 0.7 1.3 -0.7
v 0.7 1.5 -0.7
v 0.7 1.7 -0.7
v 0.7 3.6 -0.7
v 0.7 3.7 -0.7
v 0.8 0 -0.7
v 0.8 0.1 -0.7
v 0.8 0.3 -0.7
v 0.8 1.2 -0.7
v 0.8 1.3 -0.7
v 0.8 1.5 -0.7
v 0.8 3.6 -0.7
v 0.8 3.7 -0.7
v 0.9 0.1 -0.7
v 0.9 0.3 -0.7
v 0.9 1.2 -0.7
v 0.9 1.3 -0.7
v 1.2 3.3 -0.7
v 1.2 3.4 -0.7
v 1.3 3.2 -0.7
v 1.3 3.3 -0.7
v 1.3 3.4 -0.7
v 1.4 3.1 -0.7
v 1.4 3.2 -0.7
v 1.4 3.3 -0.7
v 1.5 2.9 -0.7
v 1.5 3.1 -0.7
v 1.5 3.2 -0.7
v 1.6 2.9 -0.7
v 1.6 3.1 -0.7
v -1.9 2 -0.8
v -1.9 2.5 -0.8
v -1.8 1.9 -0.8
v -1.8 2 -0.8
v -1.8 2.5 -0.8
v -1.8 2.7 -0.8
v -1.7 1.9 -0.8
v -1.7 2 -0.8
v -1.7 2.5 -0.8
v -1.7 2.7 -0.8
v -1.7 2.9 -0.8
v -1.6 2.7 -0.8
v -1.6 2.9 -0.8
v -1.2 3.3 -0.8
v -1.2 3.4 -0.8
v -1.1 0.5 -0.8
v -1.1 1.1 -0.8
v -1.1 3.3 -0.8
v -1.1 3.4 -0.8
v -1.1 3.5 -0.8
v -1 0.3 -0.8
v -1 0.5 -0.8
v -1 1.1 -0.8
v -1 1.2 -0.8
v -1 3.4 -0.8
v -1 3.5 -0.8
v -1 3.6 -0.8
v -0.9 0.3 -0.8
v -0.9 0.5 -0.8
v -0.9 1.1 -0.8
v -0.9 1.2 -0.8
v -0.9 3.5 -0.8
v -0.9 3.6 -0.8
v -0.8 0.1 -0.8
v -0.8 0.3 -0.8
v -0.8 1.2 -0.8
v -0.8 1.3 -0.8
v -0.7 0 -0.8
v -0.7 0.1 -0.8
v -0.7 0.3 -0.8
v -0.7 1.2 -0.8
v -0.7 1.3 -0.8
v -0.7 1.5 -0.8
v -0.7 3.6 -0.8
v -0.7 3.7 -0.8
v -0.6 0 -0.8
v -0.6 0.1 -0.8
v -0.6 1.3 -0.8
v -0.6 1.5 -0.8
v -0.6 3.6 -0.8
v -0.6 3.7 -0.8
v -0.5 1.5 -0.8
v -0.5 1.7 -0.8
v -0.3 1.5 -0.8
v -0.3 1.7 -0.8
v -0.3 2 -0.8
v -0.3 3.7 -0.8
v -0.3 3.8 -0.8
v 0.3 1.5 -0.8
v 0.3 1.7 -0.8
v 0.3 2 -0.8
v 0.3 3.7 -0.8
v 0.3 3.8 -0.8
v 0.5 1.5 -0.8
v 0.5 1.7 -0.8
v 0.6 0 -0.8
v 0.6 0.1 -0.8
v 0.6 1.3 -0.8
v 0.6 1.5 -0.8
v 0.6 3.6 -0.8
v 0.6 3.7 -0.8
v 0.7 0 -0.8
v 0.7 0.1 -0.8
v 0.7 0.3 -0.8
v 0.7 1.2 -0.8
v 0.7 1.3 -0.8
v 0.7 1.5 -0.8
v 0.7 3.6 -0.8
v 0.7 3.7 -0.8
v 0.8 0.1 -0.8
v 0.8 0.3 -0.8
v 0.8 1.2 -0.8
v 0.8 1.3 -0.8
v 0.9 0.3 -0.8
v 0.9 0.5 -0.8
v 0.9 1.1 -0.8
v 0.9 1.2 -0.8
v 0.9 3.5 -0.8
v 0.9 3.6 -0.8
v 1 0.3 -0.8
v 1 0.5 -0.8
v 1 1.1 -0.8
v 1 1.2 -0.8
v 1 3.4 -0.8
v 1 3.5 -0.8
v 1 3.6 -0.8
v 1.1 0.5 -0.8
v 1.1 1.1 -0.8
v 1.1 3.3 -0.8
v 1.1 3.4 -0.8
v 1.1 3.5 -0.8
v 1.2 3.3 -0.8
v 1.2 3.4 -0.8
v 1.6 2.7 -0.8
v 1.6 2.9 -0.8
v 1.7 1.9 -0.8
v 1.7 2 -0.8
v 1.7 2.5 -0.8
v 1.7 2.7 -0.8
v 1.7 2.9 -0.8
v 1.8 1.9 -0.8
v 1.8 2 -0.8
v 1.8 2.5 -0.8
v 1.8 2.7 -0.8
v 1.9 2 -0.8
v 1.9 2.5 -0.8
v -1.5 2.9 -0.9
v -1.5 3.1 -0.9
v -1.4 2.9 -0.9
v -1.4 3.1 -0.9
v -1.4 3.2 -0.9
v -1.3 3.1 -0.9
v -1.3 3.2 -0.9
v -1.3 3.3 -0.9
v -1.2 3.2 -0.9
v -1.2 3.3 -0.9
v -1 0.5 -0.9
v -1 1.1 -0.9
v -1 3.4 -0.9
v -1 3.5 -0.9
v -0.9 0.3 -0.9
v -0.9 0.5 -0.9
v -0.9 1.1 -0.9
v -0.9 1.2 -0.9
v -0.9 3.4 -0.9
v -0.9 3.5 -0.9
v -0.9 3.6 -0.9
v -0.8 0.3 -0.9
v -0.8 0.5 -0.9
v -0.8 1.1 -0.9
v -0.8 1.2 -0.9
v -0.8 3.5 -0.9
v -0.8 3.6 -0.9
v -0.7 0.1 -0.9
v -0.7 0.3 -0.9
v -0.7 1.2 -0.9
v -0.7 1.3 -0.9
v -0.6 0 -0.9
v -0.6 0.1 -0.9
v -0.6 0.3 -0.9
v -0.6 1.2 -0.9
v -0.6 1.3 -0.9
v -0.6 1.5 -0.9
v -0.6 3.6 -0.9
v -0.6 3.7 -0.9
v -0.4 0 -0.9
v -0.4 0.1 -0.9
v -0.4 1.3 -0.9
v -0.4 1.5 -0.9
v -0.4 3.6 -0.9
v -0.4 3.7 -0.9
v -0.3 1.5 -0.9
v -0.3 1.7 -0.9
v 0.3 1.5 -0.9
v 0.3 1.7 -0.9
v 0.4 0 -0.9
v 0.4 0.1 -0.9
v 0.4 1.3 -0.9
v 0.4 1.5 -0.9
v 0.4 3.6 -0.9
v 0.4 3.7 -0.9
v 0.6 0 -0.9
v 0.6 0.1 -0.9
v 0.6 0.3 -0.9
v 0.6 1.2 -0.9
v 0.6 1.3 -0.9
v 0.6 1.5 -0.9
v 0.6 3.6 -0.9
v 0.6 3.7 -0.9
v 0.7 0.1 -0.9
v 0.7 0.3 -0.9
v 0.7 1.2 -0.9
v 0.7 1.3 -0.9
v 0.8 0.3 -0.9
v 0.8 0.5 -0.9
v 0.8 1.1 -0.9
v 0.8 1.2 -0.9
v 0.8 3.5 -0.9
v 0.8 3.6 -0.9
v 0.9 0.3 -0.9
v 0.9 0.5 -0.9
v 0.9 1.1 -0.9
v 0.9 1.2 -0.9
v 0.9 3.4 -0.9
v 0.9 3.5 -0.9
v 0.9 3.6 -0.9
v 1 0.5 -0.9
v 1 1.1 -0.9
v 1 3.4 -0.9
v 1 3.5 -0.9
v 1.2 3.2 -0.9
v 1.2 3.3 -0.9
v 1.3 3.1 -0.9
v 1.3 3.2 -0.9
v 1.3 3.3 -0.9
v 1.4 2.9 -0.9
v 1.4 3.1 -0.9
v 1.4 3.2 -0.9
v 1.5 2.9 -0.9
v 1.5 3.1 -0.9
v -1.8 2 -1
v -1.8 2.5 -1
v -1.7 1.9 -1
v -1.7 2 -1
v -1.7 2.5 -1
v -1.7 2.7 -1
v -1.6 1.9 -1
v -1.6 2 -1
v -1.6 2.5 -1
v -1.6 2.7 -1
v -1.6 2.9 -1
v -1.5 2.7 -1
v -1.5 2.9 -1
v -1.3 3.1 -1
v -1.3 3.2 -1
v -1.2 3.1 -1
v -1.2 3.2 -1
v -1.2 3.3 -1
v -1.1 3.2 -1
v -1.1 3.3 -1
v -1.1 3.4 -1
v -1 3.3 -1
v -1 3.4 -1
v -0.9 0.5 -1
v -0.9 1.1 -1
v -0.9 3.4 -1
v -0.9 3.5 -1
v -0.8 0.3 -1
v -0.8 0.5 -1
v -0.8 1.1 -1
v -0.8 1.2 -1
v -0.8 3.4 -1
v -0.8 3.5 -1
v -0.8 3.6 -1
v -0.6 0.1 -1
v -0.6 0.3 -1
v -0.6 0.5 -1
v -0.6 1.1 -1
v -0.6 1.2 -1
v -0.6 1.3 -1
v -0.6 3.5 -1
v -0.6 3.6 -1
v -0.4 0 -1
v -0.4 0.1 -1
v -0.4 0.3 -1
v -0.4 1.2 -1
v -0.4 1.3 -1
v -0.4 1.5 -1
v -0.4 3.6 -1
v -0.4 3.7 -1
v 0.4 0 -1
v 0.4 0.1 -1
v 0.4 0.3 -1
v 0.4 1.2 -1
v 0.4 1.3 -1
v 0.4 1.5 -1
v 0.4 3.6 -1
v 0.4 3.7 -1
v 0.6 0.1 -1
v 0.6 0.3 -1
v 0.6 0.5 -1
v 0.6 1.1 -1
v 0.6 1.2 -1
v 0.6 1.3 -1
v 0.6 3.5 -1
v 0.6 3.6 -1
v 0.8 0.3 -1
v 0.8 0.5 -1
v 0.8 1.1 -1
v 0.8 1.2 -1
v 0.8 3.4 -1
v 0.8 3.5 -1
v 0.8 3.6 -1
v 0.9 0.5 -1
v 0.9 1.1 -1
v 0.9 3.4 -1
v 0.9 3.5 -1
v 1 3.3 -1
v 1 3.4 -1
v 1.1 3.2 -1
v 1.1 3.3 -1
v 1.1 3.4 -1
v 1.2 3.1 -1
v 1.2 3.2 -1
v 1.2 3.3 -1
v 1.3 3.1 -1
v 1.3 3.2 -1
v 1.5 2.7 -1
v 1.5 2.9 -1
v 1.6 1.9 -1
v 1.6 2 -1
v 1.6 2.5 -1
v 1.6 2.7 -1
v 1.6 2.9 -1
v 1.7 1.9 -1
v 1.7 2 -1
v 1.7 2.5 -1
v 1.7 2.7 -1
v 1.8 2 -1
v 1.8 2.5 -1
v -1.6 1.9 -1.1
v -1.6 2 -1.1
v -1.6 2.5 -1.1
v -1.6 2.7 -1.1
v -1.5 1.9 -1.1
v -1.5 2 -1.1
v -1.5 2.5 -1.1
v -1.5 2.7 -1.1
v -1.5 2.9 -1.1
v -1.4 2.7 -1.1
v -1.4 2.9 -1.1
v -1.4 3.1 -1.1
v -1.3 2.9 -1.1
v -1.3 3.1 -1.1
v -1.2 3.1 -1.1
v -1.2 3.2 -1.1
v -1.1 3.1 -1.1
v -1.1 3.2 -1.1
v -1.1 3.3 -1.1
v -1 3.2 -1.1
v -1 3.3 -1.1
v -1 3.4 -1.1
v -0.8 0.5 -1.1
v -0.8 1.1 -1.1
v -0.8 3.3 -1.1
v -0.8 3.4 -1.1
v -0.8 3.5 -1.1
v -0.6 0.3 -1.1
v -0.6 0.5 -1.1
v -0.6 1.1 -1.1
v -0.6 1.2 -1.1
v -0.6 3.4 -1.1
v -0.6 3.5 -1.1
v -0.6 3.6 -1.1
v -0.4 0.1 -1.1
v -0.4 0.3 -1.1
v -0.4 0.5 -1.1
v -0.4 1.1 -1.1
v -0.4 1.2 -1.1
v -0.4 1.3 -1.1
v -0.4 3.5 -1.1
v -0.4 3.6 -1.1
v 0.4 0.1 -1.1
v 0.4 0.3 -1.1
v 0.4 0.5 -1.1
v 0.4 1.1 -1.1
v 0.4 1.2 -1.1
v 0.4 1.3 -1.1
v 0.4 3.5 -1.1
v 0.4 3.6 -1.1
v 0.6 0.3 -1.1
v 0.6 0.5 -1.1
v 0.6 1.1 -1.1
v 0.6 1.2 -1.1
v 0.6 3.4 -1.1
v 0.6 3.5 -1.1
v 0.6 3.6 -1.1
v 0.8 0.5 -1.1
v 0.8 1.1 -1.1
v 0.8 3.3 -1.1
v 0.8 3.4 -1.1
v 0.8 3.5 -1.1
v 1 3.2 -1.1
v 1 3.3 -1.1
v 1 3.4 -1.1
v 1.1 3.1 -1.1
v 1.1 3.2 -1.1
v 1.1 3.3 -1.1
v 1.2 3.1 -1.1
v 1.2 3.2 -1.1
v 1.3 2.9 -1.1
v 1.3 3.1 -1.1
v 1.4 2.7 -1.1
v 1.4 2.9 -1.1
v 1.4 3.1 -1.1
v 1.5 1.9 -1.1
v 1.5 2 -1.1
v 1.5 2.5 -1.1
v 1.5 2.7 -1.1
v 1.5 2.9 -1.1
v 1.6 1.9 -1.1
v 1.6 2 -1.1
v 1.6 2.5 -1.1
v 1.6 2.7 -1.1
v -1.7 2 -1.2
v -1.7 2.5 -1.2
v -1.6 2 -1.2
v -1.6 2.5 -1.2
v -1.4 2.7 -1.2
v -1.4 2.9 -1.2
v -1.3 2.7 -1.2
v -1.3 2.9 -1.2
v -1.3 3.1 -1.2
v -1.2 2.9 -1.2
v -1.2 3.1 -1.2
v -1.1 3.1 -1.2
v -1.1 3.2 -1.2
v -1 3.1 -1.2
v -1 3.2 -1.2
v -1 3.3 -1.2
v -0.9 3.2 -1.2
v -0.9 3.3 -1.2
v -0.8 3.3 -1.2
v -0.8 3.4 -1.2
v -0.7 3.3 -1.2
v -0.7 3.4 -1.2
v -0.6 0.5 -1.2
v -0.6 1.1 -1.2
v -0.6 3.4 -1.2
v -0.6 3.5 -1.2
v -0.4 0.3 -1.2
v -0.4 0.5 -1.2
v -0.4 1.1 -1.2
v -0.4 1.2 -1.2
v -0.4 3.4 -1.2
v -0.4 3.5 -1.2
v -0.4 3.6 -1.2
v 0.4 0.3 -1.2
v 0.4 0.5 -1.2
v 0.4 1.1 -1.2
v 0.4 1.2 -1.2
v 0.4 3.4 -1.2
v 0.4 3.5 -1.2
v 0.4 3.6 -1.2
v 0.6 0.5 -1.2
v 0.6 1.1 -1.2
v 0.6 3.4 -1.2
v 0.6 3.5 -1.2
v 0.7 3.3 -1.2
v 0.7 3.4 -1.2
v 0.8 3.3 -1.2
v 0.8 3.4 -1.2
v 0.9 3.2 -1.2
v 0.9 3.3 -1.2
v 1 3.1 -1.2
v 1 3.2 -1.2
v 1 3.3 -1.2
v 1.1 3.1 -1.2
v 1.1 3.2 -1.2
v 1.2 2.9 -1.2
v 1.2 3.1 -1.2
v 1.3 2.7 -1.2
v 1.3 2.9 -1.2
v 1.3 3.1 -1.2
v 1.4 2.7 -1.2
v 1.4 2.9 -1.2
v 1.6 2 -1.2
v 1.6 2.5 -1.2
v 1.7 2 -1.2
v 1.7 2.5 -1.2
v -1.6 2 -1.3
v -1.6 2.5 -1.3
v -1.5 1.9 -1.3
v -1.5 2 -1.3
v -1.5 2.5 -1.3
v -1.5 2.7 -1.3
v -1.4 1.9 -1.3
v -1.4 2 -1.3
v -1.4 2.5 -1.3
v -1.4 2.7 -1.3
v -1.3 2.7 -1.3
v -1.3 2.9 -1.3
v -1.2 2.7 -1.3
v -1.2 2.9 -1.3
v -1.2 3.1 -1.3
v -1.1 2.9 -1.3
v -1.1 3.1 -1.3
v -1 3.1 -1.3
v -1 3.2 -1.3
v -0.9 3.1 -1.3
v -0.9 3.2 -1.3
v -0.9 3.3 -1.3
v -0.7 3.2 -1.3
v -0.7 3.3 -1.3
v -0.7 3.4 -1.3
v -0.4 0.5 -1.3
v -0.4 1.1 -1.3
v -0.4 3.3 -1.3
v -0.4 3.4 -1.3
v -0.4 3.5 -1.3
v 0.4 0.5 -1.3
v 0.4 1.1 -1.3
v 0.4 3.3 -1.3
v 0.4 3.4 -1.3
v 0.4 3.5 -1.3
v 0.7 3.2 -1.3
v 0.7 3.3 -1.3
v 0.7 3.4 -1.3
v 0.9 3.1 -1.3
v 0.9 3.2 -1.3
v 0.9 3.3 -1.3
v 1 3.1 -1.3
v 1 3.2 -1.3
v 1.1 2.9 -1.3
v 1.1 3.1 -1.3
v 1.2 2.7 -1.3
v 1.2 2.9 -1.3
v 1.2 3.1 -1.3
v 1.3 2.7 -1.3
v 1.3 2.9 -1.3
v 1.4 1.9 -1.3
v 1.4 2 -1.3
v 1.4 2.5 -1.3
v 1.4 2.7 -1.3
v 1.5 1.9 -1.3
v 1.5 2 -1.3
v 1.5 2.5 -1.3
v 1.5 2.7 -1.3
v 1.6 2 -1.3
v 1.6 2.5 -1.3
v -1.5 2 -1.4
v -1.5 2.5 -1.4
v -1.4 1.9 -1.4
v -1.4 2 -1.4
v -1.4 2.5 -1.4
v -1.4 2.7 -1.4
v -1.3 1.9 -1.4
v -1.3 2 -1.4
v -1.3 2.5 -1.4
v -1.3 2.7 -1.4
v -1.2 2.7 -1.4
v -1.2 2.9 -1.4
v -1.1 2.7 -1.4
v -1.1 2.9 -1.4
v -1.1 3.1 -1.4
v -0.9 2.9 -1.4
v -0.9 3.1 -1.4
v -0.9 3.2 -1.4
v -0.7 3.1 -1.4
v -0.7 3.2 -1.4
v -0.7 3.3 -1.4
v -0.4 3.2 -1.4
v -0.4 3.3 -1.4
v -0.4 3.4 -1.4
v 0.4 3.2 -1.4
v 0.4 3.3 -1.4
v 0.4 3.4 -1.4
v 0.7 3.1 -1.4
v 0.7 3.2 -1.4
v 0.7 3.3 -1.4
v 0.9 2.9 -1.4
v 0.9 3.1 -1.4
v 0.9 3.2 -1.4
v 1.1 2.7 -1.4
v 1.1 2.9 -1.4
v 1.1 3.1 -1.4
v 1.2 2.7 -1.4
v 1.2 2.9 -1.4
v 1.3 1.9 -1.4
v 1.3 2 -1.4
v 1.3 2.5 -1.4
v 1.3 2.7 -1.4
v 1.4 1.9 -1.4
v 1.4 2 -1.4
v 1.4 2.5 -1.4
v 1.4 2.7 -1.4
v 1.5 2 -1.4
v 1.5 2.5 -1.4
v -1.4 2 -1.5
v -1.4 2.5 -1.5
v -1.3 1.9 -1.5
v -1.3 2 -1.5
v -1.3 2.5 -1.5
v -1.3 2.7 -1.5
v -1.1 1.9 -1.5
v -1.1 2 -1.5
v -1.1 2.5 -1.5
v -1.1 2.7 -1.5
v -1.1 2.9 -1.5
v -1 2.7 -1.5
v -1 2.9 -1.5
v -0.9 2.9 -1.5
v -0.9 3.1 -1.5
v -0.7 2.9 -1.5
v -0.7 3.1 -1.5
v -0.7 3.2 -1.5
v -0.4 3.1 -1.5
v -0.4 3.2 -1.5
v -0.4 3.3 -1.5
v 0.4 3.1 -1.5
v 0.4 3.2 -1.5
v 0.4 3.3 -1.5
v 0.7 2.9 -1.5
v 0.7 3.1 -1.5
v 0.7 3.2 -1.5
v 0.9 2.9 -1.5
v 0.9 3.1 -1.5
v 1 2.7 -1.5
v 1 2.9 -1.5
v 1.1 1.9 -1.5
v 1.1 2 -1.5
v 1.1 2.5 -1.5
v 1.1 2.7 -1.5
v 1.1 2.9 -1.5
v 1.3 1.9 -1.5
v 1.3 2 -1.5
v 1.3 2.5 -1.5
v 1.3 2.7 -1.5
v 1.4 2 -1.5
v 1.4 2.5 -1.5
v -1.3 2 -1.6
v -1.3 2.5 -1.6
v -1.2 2 -1.6
v -1.2 2.5 -1.6
v -1.1 1.9 -1.6
v -1.1 2 -1.6
v -1.1 2.5 -1.6
v -1.1 2.7 -1.6
v -1 1.9 -1.6
v -1 2 -1.6
v -1 2.5 -1.6
v -1 2.7 -1.6
v -1 2.9 -1.6
v -0.8 2.7 -1.6
v -0.8 2.9 -1.6
v -0.7 2.9 -1.6
v -0.7 3.1 -1.6
v -0.5 2.9 -1.6
v -0.5 3.1 -1.6
v -0.4 3.1 -1.6
v -0.4 3.2 -1.6
v 0.4 3.1 -1.6
v 0.4 3.2 -1.6
v 0.5 2.9 -1.6
v 0.5 3.1 -1.6
v 0.7 2.9 -1.6
v 0.7 3.1 -1.6
v 0.8 2.7 -1.6
v 0.8 2.9 -1.6
v 1 1.9 -1.6
v 1 2 -1.6
v 1 2.5 -1.6
v 1 2.7 -1.6
v 1 2.9 -1.6
v 1.1 1.9 -1.6
v 1.1 2 -1.6
v 1.1 2.5 -1.6
v 1.1 2.7 -1.6
v 1.2 2 -1.6
v 1.2 2.5 -1.6
v 1.3 2 -1.6
v 1.3 2.5 -1.6
v -1.2 2 -1.7
v -1.2 2.5 -1.7
v -1 1.9 -1.7
v -1 2 -1.7
v -1 2.5 -1.7
v -1 2.7 -1.7
v -0.8 1.9 -1.7
v -0.8 2 -1.7
v -0.8 2.5 -1.7
v -0.8 2.7 -1.7
v -0.8 2.9 -1.7
v -0.5 2.7 -1.7
v -0.5 2.9 -1.7
v -0.5 3.1 -1.7
v 0.5 2.7 -1.7
v 0.5 2.9 -1.7
v 0.5 3.1 -1.7
v 0.8 1.9 -1.7
v 0.8 2 -1.7
v 0.8 2.5 -1.7
v 0.8 2.7 -1.7
v 0.8 2.9 -1.7
v 1 1.9 -1.7
v 1 2 -1.7
v 1 2.5 -1.7
v 1 2.7 -1.7
v 1.2 2 -1.7
v 1.2 2.5 -1.7
v -1 2 -1.8
v -1 2.5 -1.8
v -0.8 1.9 -1.8
v -0.8 2 -1.8
v -0.8 2.5 -1.8
v -0.8 2.7 -1.8
v -0.5 1.9 -1.8
v -0.5 2 -1.8
v -0.5 2.5 -1.8
v -0.5 2.7 -1.8
v -0.5 2.9 -1.8
v 0.5 1.9 -1.8
v 0.5 2 -1.8
v 0.5 2.5 -1.8
v 0.5 2.7 -1.8
v 0.5 2.9 -1.8
v 0.8 1.9 -1.8
v 0.8 2 -1.8
v 0.8 2.5 -1.8
v 0.8 2.7 -1.8
v 1 2 -1.8
v 1 2.5 -1.8
v -0.8 2 -1.9
v -0.8 2.5 -1.9
v -0.5 1.9 -1.9
v -0.5 2 -1.9
v -0.5 2.5 -1.9
v -0.5 2.7 -1.9
v 0.5 1.9 -1.9
v 0.5 2 -1.9
v 0.5 2.5 -1.9
v 0.5 2.7 -1.9
v 0.8 2 -1.9
v 0.8 2.5 -1.9
v -0.5 2 -2
v -0.5 2.5 -2
v 0.5 2 -2
v 0.5 2.5 -2
v -0.4 0 1
v 0.4 0 1
v -0.6 0 0.9
v -0.4 0 0.9
v 0.4 0 0.9
v 0.6 0 0.9
v -0.7 0 0.8
v -0.6 0 0.8
v 0.6 0 0.8
v 0.7 0 0.8
v -0.8 0 0.7
v -0.7 0 0.7
v 0.7 0 0.7
v 0.8 0 0.7
v -0.9 0 0.6
v -0.8 0 0.6
v 0.8 0 0.6
v 0.9 0 0.6
v -1 0 0.4
v -0.9 0 0.4
v 0.9 0 0.4
v 1 0 0.4
v -1 0 -0.4
v -0.9 0 -0.4
v 0.9 0 -0.4
v 1 0 -0.4
v -0.9 0 -0.6
v -0.8 0 -0.6
v 0.8 0 -0.6
v 0.9 0 -0.6
v -0.8 0 -0.7
v -0.7 0 -0.7
v 0.7 0 -0.7
v 0.8 0 -0.7
v -0.7 0 -0.8
v -0.6 0 -0.8
v 0.6 0 -0.8
v 0.7 0 -0.8
v -0.6 0 -0.9
v -0.4 0 -0.9
v 0.4 0 -0.9
v 0.6 0 -0.9
v -0.4 0 -1
v 0.4 0 -1
v -0.4 0.1 1.1
v 0.4 0.1 1.1
v -0.6 0.1 1
v -0.4 0.1 1
v 0.4 0.1 1
v 0.6 0.1 1
v -0.7 0.1 0.9
v -0.6 0.1 0.9
v -0.4 0.1 0.9
v 0.4 0.1 0.9
v 0.6 0.1 0.9
v 0.7 0.1 0.9
v -0.8 0.1 0.8
v -0.7 0.1 0.8
v -0.6 0.1 0.8
v 0.6 0.1 0.8
v 0.7 0.1 0.8
v 0.8 0.1 0.8
v -0.9 0.1 0.7
v -0.8 0.1 0.7
v -0.7 0.1 0.7
v 0.7 0.1 0.7
v 0.8 0.1 0.7
v 0.9 0.1 0.7
v -1 0.1 0.6
v -0.9 0.1 0.6
v -0.8 0.1 0.6
v 0.8 0.1 0.6
v 0.9 0.1 0.6
v 1 0.1 0.6
v -1.1 0.1 0.4
v -1 0.1 0.4
v -0.9 0.1 0.4
v 0.9 0.1 0.4
v 1 0.1 0.4
v 1.1 0.1 0.4
v -1.1 0.1 -0.4
v -1 0.1 -0.4
v -0.9 0.1 -0.4
v 0.9 0.1 -0.4
v 1 0.1 -0.4
v 1.1 0.1 -0.4
v -1 0.1 -0.6
v -0.9 0.1 -0.6
v -0.8 0.1 -0.6
v 0.8 0.1 -0.6
v 0.9 0.1 -0.6
v 1 0.1 -0.6
v -0.9 0.1 -0.7
v -0.8 0.1 -0.7
v -0.7 0.1 -0.7
v 0.7 0.1 -0.7
v 0.8 0.1 -0.7
v 0.9 0.1 -0.7
v -0.8 0.1 -0.8
v -0.7 0.1 -0.8
v -0.6 0.1 -0.8
v 0.6 0.1 -0.8
v 0.7 0.1 -0.8
v 0.8 0.1 -0.8
v -0.7 0.1 -0.9
v -0.6 0.1 -0.9
v -0.4 0.1 -0.9
v 0.4 0.1 -0.9
v 0.6 0.1 -0.9
v 0.7 0.1 -0.9
v -0.6 0.1 -1
v -0.4 0.1 -1
v 0.4 0.1 -1
v 0.6 0.1 -1
v -0.4 0.1 -1.1
v 0.4 0.1 -1.1
v -0.4 0.3 1.2
v 0.4 0.3 1.2
v -0.6 0.3 1.1
v -0.4 0.3 1.1
v 0.4 0.3 1.1
v 0.6 0.3 1.1
v -0.8 0.3 1
v -0.6 0.3 1
v -0.4 0.3 1
v 0.4 0.3 1
v 0.6 0.3 1
v 0.8 0.3 1
v -0.9 0.3 0.9
v -0.8 0.3 0.9
v -0.7 0.3 0.9
v -0.6 0.3 0.9
v 0.6 0.3 0.9
v 0.7 0.3 0.9
v 0.8 0.3 0.9
v 0.9 0.3 0.9
v -1 0.3 0.8
v -0.9 0.3 0.8
v -0.8 0.3 0.8
v -0.7 0.3 0.8
v 0.7 0.3 0.8
v 0.8 0.3 0.8
v 0.9 0.3 0.8
v 1 0.3 0.8
v -0.9 0.3 0.7
v -0.8 0.3 0.7
v 0.8 0.3 0.7
v 0.9 0.3 0.7
v -1.1 0.3 0.6
v -1 0.3 0.6
v -0.9 0.3 0.6
v 0.9 0.3 0.6
v 1 0.3 0.6
v 1.1 0.3 0.6
v -1.2 0.3 0.4
v -1.1 0.3 0.4
v -1 0.3 0.4
v 1 0.3 0.4
v 1.1 0.3 0.4
v 1.2 0.3 0.4
v -1.2 0.3 -0.4
v -1.1 0.3 -0.4
v -1 0.3 -0.4
v 1 0.3 -0.4
v 1.1 0.3 -0.4
v 1.2 0.3 -0.4
v -1.1 0.3 -0.6
v -1 0.3 -0.6
v -0.9 0.3 -0.6
v 0.9 0.3 -0.6
v 1 0.3 -0.6
v 1.1 0.3 -0.6
v -0.9 0.3 -0.7
v -0.8 0.3 -0.7
v 0.8 0.3 -0.7
v 0.9 0.3 -0.7
v -1 0.3 -0.8
v -0.9 0.3 -0.8
v -0.8 0.3 -0.8
v -0.7 0.3 -0.8
v 0.7 0.3 -0.8
v 0.8 0.3 -0.8
v 0.9 0.3 -0.8
v 1 0.3 -0.8
v -0.9 0.3 -0.9
v -0.8 0.3 -0.9
v -0.7 0.3 -0.9
v -0.6 0.3 -0.9
v 0.6 0.3 -0.9
v 0.7 0.3 -0.9
v 0.8 0.3 -0.9
v 0.9 0.3 -0.9
v -0.8 0.3 -1
v -0.6 0.3 -1
v -0.4 0.3 -1
v 0.4 0.3 -1
v 0.6 0.3 -1
v 0.8 0.3 -1
v -0.6 0.3 -1.1
v -0.4 0.3 -1.1
v 0.4 0.3 -1.1
v 0.6 0.3 -1.1
v -0.4 0.3 -1.2
v 0.4 0.3 -1.2
v -0.4 0.5 1.3
v 0.4 0.5 1.3
v -0.6 0.5 1.2
v -0.4 0.5 1.2
v 0.4 0.5 1.2
v 0.6 0.5 1.2
v -0.8 0.5 1.1
v -0.6 0.5 1.1
v -0.4 0.5 1.1
v 0.4 0.5 1.1
v 0.6 0.5 1.1
v 0.8 0.5 1.1
v -0.9 0.5 1
v -0.8 0.5 1
v -0.6 0.5 1
v 0.6 0.5 1
v 0.8 0.5 1
v 0.9 0.5 1
v -1 0.5 0.9
v -0.9 0.5 0.9
v -0.8 0.5 0.9
v 0.8 0.5 0.9
v 0.9 0.5 0.9
v 1 0.5 0.9
v -1.1 0.5 0.8
v -1 0.5 0.8
v -0.9 0.5 0.8
v 0.9 0.5 0.8
v 1 0.5 0.8
v 1.1 0.5 0.8
v -1.2 0.5 0.6
v -1.1 0.5 0.6
v -1 0.5 0.6
v 1 0.5 0.6
v 1.1 0.5 0.6
v 1.2 0.5 0.6
v -1.3 0.5 0.4
v -1.2 0.5 0.4
v -1.1 0.5 0.4
v 1.1 0.5 0.4
v 1.2 0.5 0.4
v 1.3 0.5 0.4
v -1.3 0.5 -0.4
v -1.2 0.5 -0.4
v -1.1 0.5 -0.4
v 1.1 0.5 -0.4
v 1.2 0.5 -0.4
v 1.3 0.5 -0.4
v -1.2 0.5 -0.6
v -1.1 0.5 -0.6
v -1 0.5 -0.6
v 1 0.5 -0.6
v 1.1 0.5 -0.6
v 1.2 0.5 -0.6
v -1.1 0.5 -0.8
v -1 0.5 -0.8
v -0.9 0.5 -0.8
v 0.9 0.5 -0.8
v 1 0.5 -0.8
v 1.1 0.5 -0.8
v -1 0.5 -0.9
v -0.9 0.5 -0.9
v -0.8 0.5 -0.9
v 0.8 0.5 -0.9
v 0.9 0.5 -0.9
v 1 0.5 -0.9
v -0.9 0.5 -1
v -0.8 0.5 -1
v -0.6 0.5 -1
v 0.6 0.5 -1
v 0.8 0.5 -1
v 0.9 0.5 -1
v -0.8 0.5 -1.1
v -0.6 0.5 -1.1
v -0.4 0.5 -1.1
v 0.4 0.5 -1.1
v 0.6 0.5 -1.1
v 0.8 0.5 -1.1
v -0.6 0.5 -1.2
v -0.4 0.5 -1.2
v 0.4 0.5 -1.2
v 0.6 0.5 -1.2
v -0.4 0.5 -1.3
v 0.4 0.5 -1.3
v -0.5 1.9 1.9
v 0.5 1.9 1.9
v -0.8 1.9 1.8
v -0.5 1.9 1.8
v 0.5 1.9 1.8
v 0.8 1.9 1.8
v -1 1.9 1.7
v -0.8 1.9 1.7
v 0.8 1.9 1.7
v 1 1.9 1.7
v -1.1 1.9 1.6
v -1 1.9 1.6
v 1 1.9 1.6
v 1.1 1.9 1.6
v -1.3 1.9 1.5
v -1.1 1.9 1.5
v 1.1 1.9 1.5
v 1.3 1.9 1.5
v -1.4 1.9 1.4
v -1.3 1.9 1.4
v 1.3 1.9 1.4
v 1.4 1.9 1.4
v -1.5 1.9 1.3
v -1.4 1.9 1.3
v -0.4 1.9 1.3
v 0.4 1.9 1.3
v 1.4 1.9 1.3
v 1.5 1.9 1.3
v -0.6 1.9 1.2
v -0.4 1.9 1.2
v 0.4 1.9 1.2
v 0.6 1.9 1.2
v -1.6 1.9 1.1
v -1.5 1.9 1.1
v -0.8 1.9 1.1
v -0.6 1.9 1.1
v 0.6 1.9 1.1
v 0.8 1.9 1.1
v 1.5 1.9 1.1
v 1.6 1.9 1.1
v -1.7 1.9 1
v -1.6 1.9 1
v -0.9 1.9 1
v -0.8 1.9 1
v 0.8 1.9 1
v 0.9 1.9 1
v 1.6 1.9 1
v 1.7 1.9 1
v -1 1.9 0.9
v -0.9 1.9 0.9
v 0.9 1.9 0.9
v 1 1.9 0.9
v -1.8 1.9 0.8
v -1.7 1.9 0.8
v -1.1 1.9 0.8
v -1 1.9 0.8
v 1 1.9 0.8
v 1.1 1.9 0.8
v 1.7 1.9 0.8
v 1.8 1.9 0.8
v -1.2 1.9 0.6
v -1.1 1.9 0.6
v 1.1 1.9 0.6
v 1.2 1.9 0.6
v -1.9 1.9 0.5
v -1.8 1.9 0.5
v 1.8 1.9 0.5
v 1.9 1.9 0.5
v -1.3 1.9 0.4
v -1.2 1.9 0.4
v 1.2 1.9 0.4
v 1.3 1.9 0.4
v -1.3 1.9 -0.4
v -1.2 1.9 -0.4
v 1.2 1.9 -0.4
v 1.3 1.9 -0.4
v -1.9 1.9 -0.5
v -1.8 1.9 -0.5
v 1.8 1.9 -0.5
v 1.9 1.9 -0.5
v -1.2 1.9 -0.6
v -1.1 1.9 -0.6
v 1.1 1.9 -0.6
v 1.2 1.9 -0.6
v -1.8 1.9 -0.8
v -1.7 1.9 -0.8
v -1.1 1.9 -0.8
v -1 1.9 -0.8
v 1 1.9 -0.8
v 1.1 1.9 -0.8
v 1.7 1.9 -0.8
v 1.8 1.9 -0.8
v -1 1.9 -0.9
v -0.9 1.9 -0.9
v 0.9 1.9 -0.9
v 1 1.9 -0.9
v -1.7 1.9 -1
v -1.6 1.9 -1
v -0.9 1.9 -1
v -0.8 1.9 -1
v 0.8 1.9 -1
v 0.9 1.9 -1
v 1.6 1.9 -1
v 1.7 1.9 -1
v -1.6 1.9 -1.1
v -1.5 1.9 -1.1
v -0.8 1.9 -1.1
v -0.6 1.9 -1.1
v 0.6 1.9 -1.1
v 0.8 1.9 -1.1
v 1.5 1.9 -1.1
v 1.6 1.9 -1.1
v -0.6 1.9 -1.2
v -0.4 1.9 -1.2
v 0.4 1.9 -1.2
v 0.6 1.9 -1.2
v -1.5 1.9 -1.3
v -1.4 1.9 -1.3
v -0.4 1.9 -1.3
v 0.4 1.9 -1.3
v 1.4 1.9 -1.3
v 1.5 1.9 -1.3
v -1.4 1.9 -1.4
v -1.3 1.9 -1.4
v 1.3 1.9 -1.4
v 1.4 1.9 -1.4
v -1.3 1.9 -1.5
v -1.1 1.9 -1.5
v 1.1 1.9 -1.5
v 1.3 1.9 -1.5
v -1.1 1.9 -1.6
v -1 1.9 -1.6
v 1 1.9 -1.6
v 1.1 1.9 -1.6
v -1 1.9 -1.7
v -0.8 1.9 -1.7
v 0.8 1.9 -1.7
v 1 1.9 -1.7
v -0.8 1.9 -1.8
v -0.5 1.9 -1.8
v 0.5 1.9 -1.8
v 0.8 1.9 -1.8
v -0.5 1.9 -1.9
v 0.5 1.9 -1.9
v -0.5 2 2
v 0.5 2 2
v -0.8 2 1.9
v -0.5 2 1.9
v 0.5 2 1.9
v 0.8 2 1.9
v -1 2 1.8
v -0.8 2 1.8
v -0.5 2 1.8
v 0.5 2 1.8
v 0.8 2 1.8
v 1 2 1.8
v -1.2 2 1.7
v -1 2 1.7
v -0.8 2 1.7
v 0.8 2 1.7
v 1 2 1.7
v 1.2 2 1.7
v -1.3 2 1.6
v -1.2 2 1.6
v -1.1 2 1.6
v -1 2 1.6
v 1 2 1.6
v 1.1 2 1.6
v 1.2 2 1.6
v 1.3 2 1.6
v -1.4 2 1.5
v -1.3 2 1.5
v -1.1 2 1.5
v 1.1 2 1.5
v 1.3 2 1.5
v 1.4 2 1.5
v -1.5 2 1.4
v -1.4 2 1.4
v -1.3 2 1.4
v 1.3 2 1.4
v 1.4 2 1.4
v 1.5 2 1.4
v -1.6 2 1.3
v -1.5 2 1.3
v -1.4 2 1.3
v -0.4 2 1.3
v 0.4 2 1.3
v 1.4 2 1.3
v 1.5 2 1.3
v 1.6 2 1.3
v -1.7 2 1.2
v -1.6 2 1.2
v -0.6 2 1.2
v -0.4 2 1.2
v 0.4 2 1.2
v 0.6 2 1.2
v 1.6 2 1.2
v 1.7 2 1.2
v -1.6 2 1.1
v -1.5 2 1.1
v -0.8 2 1.1
v -0.6 2 1.1
v 0.6 2 1.1
v 0.8 2 1.1
v 1.5 2 1.1
v 1.6 2 1.1
v -1.8 2 1
v -1.7 2 1
v -1.6 2 1
v -0.9 2 1
v -0.8 2 1
v 0.8 2 1
v 0.9 2 1
v 1.6 2 1
v 1.7 2 1
v 1.8 2 1
v -1 2 0.9
v -0.9 2 0.9
v 0.9 2 0.9
v 1 2 0.9
v -1.9 2 0.8
v -1.8 2 0.8
v -1.7 2 0.8
v -1.1 2 0.8
v -1 2 0.8
v -0.3 2 0.8
v 0.3 2 0.8
v 1 2 0.8
v 1.1 2 0.8
v 1.7 2 0.8
v 1.8 2 0.8
v 1.9 2 0.8
v -0.5 2 0.7
v -0.3 2 0.7
v 0.3 2 0.7
v 0.5 2 0.7
v -1.2 2 0.6
v -1.1 2 0.6
v -0.6 2 0.6
v -0.5 2 0.6
v 0.5 2 0.6
v 0.6 2 0.6
v 1.1 2 0.6
v 1.2 2 0.6
v -2 2 0.5
v -1.9 2 0.5
v -1.8 2 0.5
v -0.7 2 0.5
v -0.6 2 0.5
v 0.6 2 0.5
v 0.7 2 0.5
v 1.8 2 0.5
v 1.9 2 0.5
v 2 2 0.5
v -1.3 2 0.4
v -1.2 2 0.4
v 1.2 2 0.4
v 1.3 2 0.4
v -0.8 2 0.3
v -0.7 2 0.3
v 0.7 2 0.3
v 0.8 2 0.3
v -0.8 2 -0.3
v -0.7 2 -0.3
v 0.7 2 -0.3
v 0.8 2 -0.3
v -1.3 2 -0.4
v -1.2 2 -0.4
v 1.2 2 -0.4
v 1.3 2 -0.4
v -2 2 -0.5
v -1.9 2 -0.5
v -1.8 2 -0.5
v -0.7 2 -0.5
v -0.6 2 -0.5
v 0.6 2 -0.5
v 0.7 2 -0.5
v 1.8 2 -0.5
v 1.9 2 -0.5
v 2 2 -0.5
v -1.2 2 -0.6
v -1.1 2 -0.6
v -0.6 2 -0.6
v -0.5 2 -0.6
v 0.5 2 -0.6
v 0.6 2 -0.6
v 1.1 2 -0.6
v 1.2 2 -0.6
v -0.5 2 -0.7
v -0.3 2 -0.7
v 0.3 2 -0.7
v 0.5 2 -0.7
v -1.9 2 -0.8
v -1.8 2 -0.8
v -1.7 2 -0.8
v -1.1 2 -0.8
v -1 2 -0.8
v -0.3 2 -0.8
v 0.3 2 -0.8
v 1 2 -0.8
v 1.1 2 -0.8
v 1.7 2 -0.8
v 1.8 2 -0.8
v 1.9 2 -0.8
v -1 2 -0.9
v -0.9 2 -0.9
v 0.9 2 -0.9
v 1 2 -0.9
v -1.8 2 -1
v -1.7 2 -1
v -1.6 2 -1
v -0.9 2 -1
v -0.8 2 -1
v 0.8 2 -1
v 0.9 2 -1
v 1.6 2 -1
v 1.7 2 -1
v 1.8 2 -1
v -1.6 2 -1.1
v -1.5 2 -1.1
v -0.8 2 -1.1
v -0.6 2 -1.1
v 0.6 2 -1.1
v 0.8 2 -1.1
v 1.5 2 -1.1
v 1.6 2 -1.1
v -1.7 2 -1.2
v -1.6 2 -1.2
v -0.6 2 -1.2
v -0.4 2 -1.2
v 0.4 2 -1.2
v 0.6 2 -1.2
v 1.6 2 -1.2
v 1.7 2 -1.2
v -1.6 2 -1.3
v -1.5 2 -1.3
v -1.4 2 -1.3
v -0.4 2 -1.3
v 0.4 2 -1.3
v 1.4 2 -1.3
v 1.5 2 -1.3
v 1.6 2 -1.3
v -1.5 2 -1.4
v -1.4 2 -1.4
v -1.3 2 -1.4
v 1.3 2 -1.4
v 1.4 2 -1.4
v 1.5 2 -1.4
v -1.4 2 -1.5
v -1.3 2 -1.5
v -1.1 2 -1.5
v 1.1 2 -1.5
v 1.3 2 -1.5
v 1.4 2 -1.5
v -1.3 2 -1.6
v -1.2 2 -1.6
v -1.1 2 -1.6
v -1 2 -1.6
v 1 2 -1.6
v 1.1 2 -1.6
v 1.2 2 -1.6
v 1.3 2 -1.6
v -1.2 2 -1.7
v -1 2 -1.7
v -0.8 2 -1.7
v 0.8 2 -1.7
v 1 2 -1.7
v 1.2 2 -1.7
v -1 2 -1.8
v -0.8 2 -1.8
v -0.5 2 -1.8
v 0.5 2 -1.8
v 0.8 2 -1.8
v 1 2 -1.8
v -0.8 2 -1.9
v -0.5 2 -1.9
v 0.5 2 -1.9
v 0.8 2 -1.9
v -0.5 2 -2
v 0.5 2 -2
v -0.4 1.1 1.3
v 0.4 1.1 1.3
v -0.6 1.1 1.2
v -0.4 1.1 1.2
v 0.4 1.1 1.2
v 0.6 1.1 1.2
v -0.8 1.1 1.1
v -0.6 1.1 1.1
v -0.4 1.1 1.1
v 0.4 1.1 1.1
v 0.6 1.1 1.1
v 0.8 1.1 1.1
v -0.9 1.1 1
v -0.8 1.1 1
v -0.6 1.1 1
v 0.6 1.1 1
v 0.8 1.1 1
v 0.9 1.1 1
v -1 1.1 0.9
v -0.9 1.1 0.9
v -0.8 1.1 0.9
v 0.8 1.1 0.9
v 0.9 1.1 0.9
v 1 1.1 0.9
v -1.1 1.1 0.8
v -1 1.1 0.8
v -0.9 1.1 0.8
v 0.9 1.1 0.8
v 1 1.1 0.8
v 1.1 1.1 0.8
v -1.2 1.1 0.6
v -1.1 1.1 0.6
v -1 1.1 0.6
v 1 1.1 0.6
v 1.1 1.1 0.6
v 1.2 1.1 0.6
v -1.3 1.1 0.4
v -1.2 1.1 0.4
v -1.1 1.1 0.4
v 1.1 1.1 0.4
v 1.2 1.1 0.4
v 1.3 1.1 0.4
v -1.3 1.1 -0.4
v -1.2 1.1 -0.4
v -1.1 1.1 -0.4
v 1.1 1.1 -0.4
v 1.2 1.1 -0.4
v 1.3 1.1 -0.4
v -1.2 1.1 -0.6
v -1.1 1.1 -0.6
v -1 1.1 -0.6
v 1 1.1 -0.6
v 1.1 1.1 -0.6
v 1.2 1.1 -0.6
v -1.1 1.1 -0.8
v -1 1.1 -0.8
v -0.9 1.1 -0.8
v 0.9 1.1 -0.8
v 1 1.1 -0.8
v 1.1 1.1 -0.8
v -1 1.1 -0.9
v -0.9 1.1 -0.9
v -0.8 1.1 -0.9
v 0.8 1.1 -0.9
v 0.9 1.1 -0.9
v 1 1.1 -0.9
v -0.9 1.1 -1
v -0.8 1.1 -1
v -0.6 1.1 -1
v 0.6 1.1 -1
v 0.8 1.1 -1
v 0.9 1.1 -1
v -0.8 1.1 -1.1
v -0.6 1.1 -1.1
v -0.4 1.1 -1.1
v 0.4 1.1 -1.1
v 0.6 1.1 -1.1
v 0.8 1.1 -1.1
v -0.6 1.1 -1.2
v -0.4 1.1 -1.2
v 0.4 1.1 -1.2
v 0.6 1.1 -1.2
v -0.4 1.1 -1.3
v 0.4 1.1 -1.3
v -0.4 1.2 1.2
v 0.4 1.2 1.2
v -0.6 1.2 1.1
v -0.4 1.2 1.1
v 0.4 1.2 1.1
v 0.6 1.2 1.1
v -0.8 1.2 1
v -0.6 1.2 1
v -0.4 1.2 1
v 0.4 1.2 1
v 0.6 1.2 1
v 0.8 1.2 1
v -0.9 1.2 0.9
v -0.8 1.2 0.9
v -0.7 1.2 0.9
v -0.6 1.2 0.9
v 0.6 1.2 0.9
v 0.7 1.2 0.9
v 0.8 1.2 0.9
v 0.9 1.2 0.9
v -1 1.2 0.8
v -0.9 1.2 0.8
v -0.8 1.2 0.8
v -0.7 1.2 0.8
v 0.7 1.2 0.8
v 0.8 1.2 0.8
v 0.9 1.2 0.8
v 1 1.2 0.8
v -0.9 1.2 0.7
v -0.8 1.2 0.7
v 0.8 1.2 0.7
v 0.9 1.2 0.7
v -1.1 1.2 0.6
v -1 1.2 0.6
v -0.9 1.2 0.6
v 0.9 1.2 0.6
v 1 1.2 0.6
v 1.1 1.2 0.6
v -1.2 1.2 0.4
v -1.1 1.2 0.4
v -1 1.2 0.4
v 1 1.2 0.4
v 1.1 1.2 0.4
v 1.2 1.2 0.4
v -1.2 1.2 -0.4
v -1.1 1.2 -0.4
v -1 1.2 -0.4
v 1 1.2 -0.4
v 1.1 1.2 -0.4
v 1.2 1.2 -0.4
v -1.1 1.2 -0.6
v -1 1.2 -0.6
v -0.9 1.2 -0.6
v 0.9 1.2 -0.6
v 1 1.2 -0.6
v 1.1 1.2 -0.6
v -0.9 1.2 -0.7
v -0.8 1.2 -0.7
v 0.8 1.2 -0.7
v 0.9 1.2 -0.7
v -1 1.2 -0.8
v -0.9 1.2 -0.8
v -0.8 1.2 -0.8
v -0.7 1.2 -0.8
v 0.7 1.2 -0.8
v 0.8 1.2 -0.8
v 0.9 1.2 -0.8
v 1 1.2 -0.8
v -0.9 1.2 -0.9
v -0.8 1.2 -0.9
v -0.7 1.2 -0.9
v -0.6 1.2 -0.9
v 0.6 1.2 -0.9
v 0.7 1.2 -0.9
v 0.8 1.2 -0.9
v 0.9 1.2 -0.9
v -0.8 1.2 -1
v -0.6 1.2 -1
v -0.4 1.2 -1
v 0.4 1.2 -1
v 0.6 1.2 -1
v 0.8 1.2 -1
v -0.6 1.2 -1.1
v -0.4 1.2 -1.1
v 0.4 1.2 -1.1
v 0.6 1.2 -1.1
v -0.4 1.2 -1.2
v 0.4 1.2 -1.2
v -0.4 1.3 1.1
v 0.4 1.3 1.1
v -0.6 1.3 1
v -0.4 1.3 1
v 0.4 1.3 1
v 0.6 1.3 1
v -0.7 1.3 0.9
v -0.6 1.3 0.9
v -0.4 1.3 0.9
v 0.4 1.3 0.9
v 0.6 1.3 0.9
v 0.7 1.3 0.9
v -0.8 1.3 0.8
v -0.7 1.3 0.8
v -0.6 1.3 0.8
v 0.6 1.3 0.8
v 0.7 1.3 0.8
v 0.8 1.3 0.8
v -0.9 1.3 0.7
v -0.8 1.3 0.7
v -0.7 1.3 0.7
v 0.7 1.3 0.7
v 0.8 1.3 0.7
v 0.9 1.3 0.7
v -1 1.3 0.6
v -0.9 1.3 0.6
v -0.8 1.3 0.6
v 0.8 1.3 0.6
v 0.9 1.3 0.6
v 1 1.3 0.6
v -1.1 1.3 0.4
v -1 1.3 0.4
v -0.9 1.3 0.4
v 0.9 1.3 0.4
v 1 1.3 0.4
v 1.1 1.3 0.4
v -1.1 1.3 -0.4
v -1 1.3 -0.4
v -0.9 1.3 -0.4
v 0.9 1.3 -0.4
v 1 1.3 -0.4
v 1.1 1.3 -0.4
v -1 1.3 -0.6
v -0.9 1.3 -0.6
v -0.8 1.3 -0.6
v 0.8 1.3 -0.6
v 0.9 1.3 -0.6
v 1 1.3 -0.6
v -0.9 1.3 -0.7
v -0.8 1.3 -0.7
v -0.7 1.3 -0.7
v 0.7 1.3 -0.7
v 0.8 1.3 -0.7
v 0.9 1.3 -0.7
v -0.8 1.3 -0.8
v -0.7 1.3 -0.8
v -0.6 1.3 -0.8
v 0.6 1.3 -0.8
v 0.7 1.3 -0.8
v 0.8 1.3 -0.8
v -0.7 1.3 -0.9
v -0.6 1.3 -0.9
v -0.4 1.3 -0.9
v 0.4 1.3 -0.9
v 0.6 1.3 -0.9
v 0.7 1.3 -0.9
v -0.6 1.3 -1
v -0.4 1.3 -1
v 0.4 1.3 -1
v 0.6 1.3 -1
v -0.4 1.3 -1.1
v 0.4 1.3 -1.1
v -0.4 1.5 1
v 0.4 1.5 1
v -0.6 1.5 0.9
v -0.4 1.5 0.9
v -0.3 1.5 0.9
v 0.3 1.5 0.9
v 0.4 1.5 0.9
v 0.6 1.5 0.9
v -0.7 1.5 0.8
v -0.6 1.5 0.8
v -0.5 1.5 0.8
v -0.3 1.5 0.8
v 0.3 1.5 0.8
v 0.5 1.5 0.8
v 0.6 1.5 0.8
v 0.7 1.5 0.8
v -0.8 1.5 0.7
v -0.7 1.5 0.7
v -0.5 1.5 0.7
v 0.5 1.5 0.7
v 0.7 1.5 0.7
v 0.8 1.5 0.7
v -0.9 1.5 0.6
v -0.8 1.5 0.6
v 0.8 1.5 0.6
v 0.9 1.5 0.6
v -0.8 1.5 0.5
v -0.7 1.5 0.5
v 0.7 1.5 0.5
v 0.8 1.5 0.5
v -1 1.5 0.4
v -0.9 1.5 0.4
v 0.9 1.5 0.4
v 1 1.5 0.4
v -0.9 1.5 0.3
v -0.8 1.5 0.3
v 0.8 1.5 0.3
v 0.9 1.5 0.3
v -0.9 1.5 -0.3
v -0.8 1.5 -0.3
v 0.8 1.5 -0.3
v 0.9 1.5 -0.3
v -1 1.5 -0.4
v -0.9 1.5 -0.4
v 0.9 1.5 -0.4
v 1 1.5 -0.4
v -0.8 1.5 -0.5
v -0.7 1.5 -0.5
v 0.7 1.5 -0.5
v 0.8 1.5 -0.5
v -0.9 1.5 -0.6
v -0.8 1.5 -0.6
v 0.8 1.5 -0.6
v 0.9 1.5 -0.6
v -0.8 1.5 -0.7
v -0.7 1.5 -0.7
v -0.5 1.5 -0.7
v 0.5 1.5 -0.7
v 0.7 1.5 -0.7
v 0.8 1.5 -0.7
v -0.7 1.5 -0.8
v -0.6 1.5 -0.8
v -0.5 1.5 -0.8
v -0.3 1.5 -0.8
v 0.3 1.5 -0.8
v 0.5 1.5 -0.8
v 0.6 1.5 -0.8
v 0.7 1.5 -0.8
v -0.6 1.5 -0.9
v -0.4 1.5 -0.9
v -0.3 1.5 -0.9
v 0.3 1.5 -0.9
v 0.4 1.5 -0.9
v 0.6 1.5 -0.9
v -0.4 1.5 -1
v 0.4 1.5 -1
v -0.3 1.7 0.9
v 0.3 1.7 0.9
v -0.5 1.7 0.8
v -0.3 1.7 0.8
v 0.3 1.7 0.8
v 0.5 1.7 0.8
v -0.7 1.7 0.7
v -0.5 1.7 0.7
v -0.3 1.7 0.7
v 0.3 1.7 0.7
v 0.5 1.7 0.7
v 0.7 1.7 0.7
v -0.6 1.7 0.6
v -0.5 1.7 0.6
v 0.5 1.7 0.6
v 0.6 1.7 0.6
v -0.8 1.7 0.5
v -0.7 1.7 0.5
v -0.6 1.7 0.5
v 0.6 1.7 0.5
v 0.7 1.7 0.5
v 0.8 1.7 0.5
v -0.9 1.7 0.3
v -0.8 1.7 0.3
v -0.7 1.7 0.3
v 0.7 1.7 0.3
v 0.8 1.7 0.3
v 0.9 1.7 0.3
v -0.9 1.7 -0.3
v -0.8 1.7 -0.3
v -0.7 1.7 -0.3
v 0.7 1.7 -0.3
v 0.8 1.7 -0.3
v 0.9 1.7 -0.3
v -0.8 1.7 -0.5
v -0.7 1.7 -0.5
v -0.6 1.7 -0.5
v 0.6 1.7 -0.5
v 0.7 1.7 -0.5
v 0.8 1.7 -0.5
v -0.6 1.7 -0.6
v -0.5 1.7 -0.6
v 0.5 1.7 -0.6
v 0.6 1.7 -0.6
v -0.7 1.7 -0.7
v -0.5 1.7 -0.7
v -0.3 1.7 -0.7
v 0.3 1.7 -0.7
v 0.5 1.7 -0.7
v 0.7 1.7 -0.7
v -0.5 1.7 -0.8
v -0.3 1.7 -0.8
v 0.3 1.7 -0.8
v 0.5 1.7 -0.8
v -0.3 1.7 -0.9
v 0.3 1.7 -0.9
v -0.5 2.5 2
v 0.5 2.5 2
v -0.8 2.5 1.9
v -0.5 2.5 1.9
v 0.5 2.5 1.9
v 0.8 2.5 1.9
v -1 2.5 1.8
v -0.8 2.5 1.8
v -0.5 2.5 1.8
v 0.5 2.5 1.8
v 0.8 2.5 1.8
v 1 2.5 1.8
v -1.2 2.5 1.7
v -1 2.5 1.7
v -0.8 2.5 1.7
v 0.8 2.5 1.7
v 1 2.5 1.7
v 1.2 2.5 1.7
v -1.3 2.5 1.6
v -1.2 2.5 1.6
v -1.1 2.5 1.6
v -1 2.5 1.6
v 1 2.5 1.6
v 1.1 2.5 1.6
v 1.2 2.5 1.6
v 1.3 2.5 1.6
v -1.4 2.5 1.5
v -1.3 2.5 1.5
v -1.1 2.5 1.5
v 1.1 2.5 1.5
v 1.3 2.5 1.5
v 1.4 2.5 1.5
v -1.5 2.5 1.4
v -1.4 2.5 1.4
v -1.3 2.5 1.4
v 1.3 2.5 1.4
v 1.4 2.5 1.4
v 1.5 2.5 1.4
v -1.6 2.5 1.3
v -1.5 2.5 1.3
v -1.4 2.5 1.3
v 1.4 2.5 1.3
v 1.5 2.5 1.3
v 1.6 2.5 1.3
v -1.7 2.5 1.2
v -1.6 2.5 1.2
v 1.6 2.5 1.2
v 1.7 2.5 1.2
v -1.6 2.5 1.1
v -1.5 2.5 1.1
v 1.5 2.5 1.1
v 1.6 2.5 1.1
v -1.8 2.5 1
v -1.7 2.5 1
v -1.6 2.5 1
v 1.6 2.5 1
v 1.7 2.5 1
v 1.8 2.5 1
v -1.9 2.5 0.8
v -1.8 2.5 0.8
v -1.7 2.5 0.8
v 1.7 2.5 0.8
v 1.8 2.5 0.8
v 1.9 2.5 0.8
v -2 2.5 0.5
v -1.9 2.5 0.5
v -1.8 2.5 0.5
v 1.8 2.5 0.5
v 1.9 2.5 0.5
v 2 2.5 0.5
v -2 2.5 -0.5
v -1.9 2.5 -0.5
v -1.8 2.5 -0.5
v 1.8 2.5 -0.5
v 1.9 2.5 -0.5
v 2 2.5 -0.5
v -1.9 2.5 -0.8
v -1.8 2.5 -0.8
v -1.7 2.5 -0.8
v 1.7 2.5 -0.8
v 1.8 2.5 -0.8
v 1.9 2.5 -0.8
v -1.8 2.5 -1
v -1.7 2.5 -1
v -1.6 2.5 -1
v 1.6 2.5 -1
v 1.7 2.5 -1
v 1.8 2.5 -1
v -1.6 2.5 -1.1
v -1.5 2.5 -1.1
v 1.5 2.5 -1.1
v 1.6 2.5 -1.1
v -1.7 2.5 -1.2
v -1.6 2.5 -1.2
v 1.6 2.5 -1.2
v 1.7 2.5 -1.2
v -1.6 2.5 -1.3
v -1.5 2.5 -1.3
v -1.4 2.5 -1.3
v 1.4 2.5 -1.3
v 1.5 2.5 -1.3
v 1.6 2.5 -1.3
v -1.5 2.5 -1.4
v -1.4 2.5 -1.4
v -1.3 2.5 -1.4
v 1.3 2.5 -1.4
v 1.4 2.5 -1.4
v 1.5 2.5 -1.4
v -1.4 2.5 -1.5
v -1.3 2.5 -1.5
v -1.1 2.5 -1.5
v 1.1 2.5 -1.5
v 1.3 2.5 -1.5
v 1.4 2.5 -1.5
v -1.3 2.5 -1.6
v -1.2 2.5 -1.6
v -1.1 2.5 -1.6
v -1 2.5 -1.6
v 1 2.5 -1.6
v 1.1 2.5 -1.6
v 1.2 2.5 -1.6
v 1.3 2.5 -1.6
v -1.2 2.5 -1.7
v -1 2.5 -1.7
v -0.8 2.5 -1.7
v 0.8 2.5 -1.7
v 1 2.5 -1.7
v 1.2 2.5 -1.7
v -1 2.5 -1.8
v -0.8 2.5 -1.8
v -0.5 2.5 -1.8
v 0.5 2.5 -1.8
v 0.8 2.5 -1.8
v 1 2.5 -1.8
v -0.8 2.5 -1.9
v -0.5 2.5 -1.9
v 0.5 2.5 -1.9
v 0.8 2.5 -1.9
v -0.5 2.5 -2
v 0.5 2.5 -2
v -0.5 2.7 1.9
v 0.5 2.7 1.9
v -0.8 2.7 1.8
v -0.5 2.7 1.8
v 0.5 2.7 1.8
v 0.8 2.7 1.8
v -1 2.7 1.7
v -0.8 2.7 1.7
v -0.5 2.7 1.7
v 0.5 2.7 1.7
v 0.8 2.7 1.7
v 1 2.7 1.7
v -1.1 2.7 1.6
v -1 2.7 1.6
v -0.8 2.7 1.6
v 0.8 2.7 1.6
v 1 2.7 1.6
v 1.1 2.7 1.6
v -1.3 2.7 1.5
v -1.1 2.7 1.5
v -1 2.7 1.5
v 1 2.7 1.5
v 1.1 2.7 1.5
v 1.3 2.7 1.5
v -1.4 2.7 1.4
v -1.3 2.7 1.4
v -1.2 2.7 1.4
v -1.1 2.7 1.4
v 1.1 2.7 1.4
v 1.2 2.7 1.4
v 1.3 2.7 1.4
v 1.4 2.7 1.4
v -1.5 2.7 1.3
v -1.4 2.7 1.3
v -1.3 2.7 1.3
v -1.2 2.7 1.3
v 1.2 2.7 1.3
v 1.3 2.7 1.3
v 1.4 2.7 1.3
v 1.5 2.7 1.3
v -1.4 2.7 1.2
v -1.3 2.7 1.2
v 1.3 2.7 1.2
v 1.4 2.7 1.2
v -1.6 2.7 1.1
v -1.5 2.7 1.1
v -1.4 2.7 1.1
v 1.4 2.7 1.1
v 1.5 2.7 1.1
v 1.6 2.7 1.1
v -1.7 2.7 1
v -1.6 2.7 1
v -1.5 2.7 1
v 1.5 2.7 1
v 1.6 2.7 1
v 1.7 2.7 1
v -1.8 2.7 0.8
v -1.7 2.7 0.8
v -1.6 2.7 0.8
v 1.6 2.7 0.8
v 1.7 2.7 0.8
v 1.8 2.7 0.8
v -1.9 2.7 0.5
v -1.8 2.7 0.5
v -1.7 2.7 0.5
v 1.7 2.7 0.5
v 1.8 2.7 0.5
v 1.9 2.7 0.5
v -1.9 2.7 -0.5
v -1.8 2.7 -0.5
v -1.7 2.7 -0.5
v 1.7 2.7 -0.5
v 1.8 2.7 -0.5
v 1.9 2.7 -0.5
v -1.8 2.7 -0.8
v -1.7 2.7 -0.8
v -1.6 2.7 -0.8
v 1.6 2.7 -0.8
v 1.7 2.7 -0.8
v 1.8 2.7 -0.8
v -1.7 2.7 -1
v -1.6 2.7 -1
v -1.5 2.7 -1
v 1.5 2.7 -1
v 1.6 2.7 -1
v 1.7 2.7 -1
v -1.6 2.7 -1.1
v -1.5 2.7 -1.1
v -1.4 2.7 -1.1
v 1.4 2.7 -1.1
v 1.5 2.7 -1.1
v 1.6 2.7 -1.1
v -1.4 2.7 -1.2
v -1.3 2.7 -1.2
v 1.3 2.7 -1.2
v 1.4 2.7 -1.2
v -1.5 2.7 -1.3
v -1.4 2.7 -1.3
v -1.3 2.7 -1.3
v -1.2 2.7 -1.3
v 1.2 2.7 -1.3
v 1.3 2.7 -1.3
v 1.4 2.7 -1.3
v 1.5 2.7 -1.3
v -1.4 2.7 -1.4
v -1.3 2.7 -1.4
v -1.2 2.7 -1.4
v -1.1 2.7 -1.4
v 1.1 2.7 -1.4
v 1.2 2.7 -1.4
v 1.3 2.7 -1.4
v 1.4 2.7 -1.4
v -1.3 2.7 -1.5
v -1.1 2.7 -1.5
v -1 2.7 -1.5
v 1 2.7 -1.5
v 1.1 2.7 -1.5
v 1.3 2.7 -1.5
v -1.1 2.7 -1.6
v -1 2.7 -1.6
v -0.8 2.7 -1.6
v 0.8 2.7 -1.6
v 1 2.7 -1.6
v 1.1 2.7 -1.6
v -1 2.7 -1.7
v -0.8 2.7 -1.7
v -0.5 2.7 -1.7
v 0.5 2.7 -1.7
v 0.8 2.7 -1.7
v 1 2.7 -1.7
v -0.8 2.7 -1.8
v -0.5 2.7 -1.8
v 0.5 2.7 -1.8
v 0.8 2.7 -1.8
v -0.5 2.7 -1.9
v 0.5 2.7 -1.9
v -0.5 2.9 1.8
v 0.5 2.9 1.8
v -0.8 2.9 1.7
v -0.5 2.9 1.7
v 0.5 2.9 1.7
v 0.8 2.9 1.7
v -1 2.9 1.6
v -0.8 2.9 1.6
v -0.7 2.9 1.6
v -0.5 2.9 1.6
v 0.5 2.9 1.6
v 0.7 2.9 1.6
v 0.8 2.9 1.6
v 1 2.9 1.6
v -1.1 2.9 1.5
v -1 2.9 1.5
v -0.9 2.9 1.5
v -0.7 2.9 1.5
v 0.7 2.9 1.5
v 0.9 2.9 1.5
v 1 2.9 1.5
v 1.1 2.9 1.5
v -1.2 2.9 1.4
v -1.1 2.9 1.4
v -0.9 2.9 1.4
v 0.9 2.9 1.4
v 1.1 2.9 1.4
v 1.2 2.9 1.4
v -1.3 2.9 1.3
v -1.2 2.9 1.3
v -1.1 2.9 1.3
v 1.1 2.9 1.3
v 1.2 2.9 1.3
v 1.3 2.9 1.3
v -1.4 2.9 1.2
v -1.3 2.9 1.2
v -1.2 2.9 1.2
v 1.2 2.9 1.2
v 1.3 2.9 1.2
v 1.4 2.9 1.2
v -1.5 2.9 1.1
v -1.4 2.9 1.1
v -1.3 2.9 1.1
v 1.3 2.9 1.1
v 1.4 2.9 1.1
v 1.5 2.9 1.1
v -1.6 2.9 1
v -1.5 2.9 1
v 1.5 2.9 1
v 1.6 2.9 1
v -1.5 2.9 0.9
v -1.4 2.9 0.9
v 1.4 2.9 0.9
v 1.5 2.9 0.9
v -1.7 2.9 0.8
v -1.6 2.9 0.8
v 1.6 2.9 0.8
v 1.7 2.9 0.8
v -1.6 2.9 0.7
v -1.5 2.9 0.7
v 1.5 2.9 0.7
v 1.6 2.9 0.7
v -1.8 2.9 0.5
v -1.7 2.9 0.5
v -1.6 2.9 0.5
v 1.6 2.9 0.5
v 1.7 2.9 0.5
v 1.8 2.9 0.5
v -1.8 2.9 -0.5
v -1.7 2.9 -0.5
v -1.6 2.9 -0.5
v 1.6 2.9 -0.5
v 1.7 2.9 -0.5
v 1.8 2.9 -0.5
v -1.6 2.9 -0.7
v -1.5 2.9 -0.7
v 1.5 2.9 -0.7
v 1.6 2.9 -0.7
v -1.7 2.9 -0.8
v -1.6 2.9 -0.8
v 1.6 2.9 -0.8
v 1.7 2.9 -0.8
v -1.5 2.9 -0.9
v -1.4 2.9 -0.9
v 1.4 2.9 -0.9
v 1.5 2.9 -0.9
v -1.6 2.9 -1
v -1.5 2.9 -1
v 1.5 2.9 -1
v 1.6 2.9 -1
v -1.5 2.9 -1.1
v -1.4 2.9 -1.1
v -1.3 2.9 -1.1
v 1.3 2.9 -1.1
v 1.4 2.9 -1.1
v 1.5 2.9 -1.1
v -1.4 2.9 -1.2
v -1.3 2.9 -1.2
v -1.2 2.9 -1.2
v 1.2 2.9 -1.2
v 1.3 2.9 -1.2
v 1.4 2.9 -1.2
v -1.3 2.9 -1.3
v -1.2 2.9 -1.3
v -1.1 2.9 -1.3
v 1.1 2.9 -1.3
v 1.2 2.9 -1.3
v 1.3 2.9 -1.3
v -1.2 2.9 -1.4
v -1.1 2.9 -1.4
v -0.9 2.9 -1.4
v 0.9 2.9 -1.4
v 1.1 2.9 -1.4
v 1.2 2.9 -1.4
v -1.1 2.9 -1.5
v -1 2.9 -1.5
v -0.9 2.9 -1.5
v -0.7 2.9 -1.5
v 0.7 2.9 -1.5
v 0.9 2.9 -1.5
v 1 2.9 -1.5
v 1.1 2.9 -1.5
v -1 2.9 -1.6
v -0.8 2.9 -1.6
v -0.7 2.9 -1.6
v -0.5 2.9 -1.6
v 0.5 2.9 -1.6
v 0.7 2.9 -1.6
v 0.8 2.9 -1.6
v 1 2.9 -1.6
v -0.8 2.9 -1.7
v -0.5 2.9 -1.7
v 0.5 2.9 -1.7
v 0.8 2.9 -1.7
v -0.5 2.9 -1.8
v 0.5 2.9 -1.8
v -0.5 3.1 1.7
v 0.5 3.1 1.7
v -0.7 3.1 1.6
v -0.5 3.1 1.6
v -0.4 3.1 1.6
v 0.4 3.1 1.6
v 0.5 3.1 1.6
v 0.7 3.1 1.6
v -0.9 3.1 1.5
v -0.7 3.1 1.5
v -0.4 3.1 1.5
v 0.4 3.1 1.5
v 0.7 3.1 1.5
v 0.9 3.1 1.5
v -1.1 3.1 1.4
v -0.9 3.1 1.4
v -0.7 3.1 1.4
v 0.7 3.1 1.4
v 0.9 3.1 1.4
v 1.1 3.1 1.4
v -1.2 3.1 1.3
v -1.1 3.1 1.3
v -1 3.1 1.3
v -0.9 3.1 1.3
v 0.9 3.1 1.3
v 1 3.1 1.3
v 1.1 3.1 1.3
v 1.2 3.1 1.3
v -1.3 3.1 1.2
v -1.2 3.1 1.2
v -1.1 3.1 1.2
v -1 3.1 1.2
v 1 3.1 1.2
v 1.1 3.1 1.2
v 1.2 3.1 1.2
v 1.3 3.1 1.2
v -1.4 3.1 1.1
v -1.3 3.1 1.1
v -1.2 3.1 1.1
v -1.1 3.1 1.1
v 1.1 3.1 1.1
v 1.2 3.1 1.1
v 1.3 3.1 1.1
v 1.4 3.1 1.1
v -1.3 3.1 1
v -1.2 3.1 1
v 1.2 3.1 1
v 1.3 3.1 1
v -1.5 3.1 0.9
v -1.4 3.1 0.9
v -1.3 3.1 0.9
v 1.3 3.1 0.9
v 1.4 3.1 0.9
v 1.5 3.1 0.9
v -1.6 3.1 0.7
v -1.5 3.1 0.7
v -1.4 3.1 0.7
v 1.4 3.1 0.7
v 1.5 3.1 0.7
v 1.6 3.1 0.7
v -1.7 3.1 0.5
v -1.6 3.1 0.5
v 1.6 3.1 0.5
v 1.7 3.1 0.5
v -1.6 3.1 0.4
v -1.5 3.1 0.4
v 1.5 3.1 0.4
v 1.6 3.1 0.4
v -1.6 3.1 -0.4
v -1.5 3.1 -0.4
v 1.5 3.1 -0.4
v 1.6 3.1 -0.4
v -1.7 3.1 -0.5
v -1.6 3.1 -0.5
v 1.6 3.1 -0.5
v 1.7 3.1 -0.5
v -1.6 3.1 -0.7
v -1.5 3.1 -0.7
v -1.4 3.1 -0.7
v 1.4 3.1 -0.7
v 1.5 3.1 -0.7
v 1.6 3.1 -0.7
v -1.5 3.1 -0.9
v -1.4 3.1 -0.9
v -1.3 3.1 -0.9
v 1.3 3.1 -0.9
v 1.4 3.1 -0.9
v 1.5 3.1 -0.9
v -1.3 3.1 -1
v -1.2 3.1 -1
v 1.2 3.1 -1
v 1.3 3.1 -1
v -1.4 3.1 -1.1
v -1.3 3.1 -1.1
v -1.2 3.1 -1.1
v -1.1 3.1 -1.1
v 1.1 3.1 -1.1
v 1.2 3.1 -1.1
v 1.3 3.1 -1.1
v 1.4 3.1 -1.1
v -1.3 3.1 -1.2
v -1.2 3.1 -1.2
v -1.1 3.1 -1.2
v -1 3.1 -1.2
v 1 3.1 -1.2
v 1.1 3.1 -1.2
v 1.2 3.1 -1.2
v 1.3 3.1 -1.2
v -1.2 3.1 -1.3
v -1.1 3.1 -1.3
v -1 3.1 -1.3
v -0.9 3.1 -1.3
v 0.9 3.1 -1.3
v 1 3.1 -1.3
v 1.1 3.1 -1.3
v 1.2 3.1 -1.3
v -1.1 3.1 -1.4
v -0.9 3.1 -1.4
v -0.7 3.1 -1.4
v 0.7 3.1 -1.4
v 0.9 3.1 -1.4
v 1.1 3.1 -1.4
v -0.9 3.1 -1.5
v -0.7 3.1 -1.5
v -0.4 3.1 -1.5
v 0.4 3.1 -1.5
v 0.7 3.1 -1.5
v 0.9 3.1 -1.5
v -0.7 3.1 -1.6
v -0.5 3.1 -1.6
v -0.4 3.1 -1.6
v 0.4 3.1 -1.6
v 0.5 3.1 -1.6
v 0.7 3.1 -1.6
v -0.5 3.1 -1.7
v 0.5 3.1 -1.7
v -0.4 3.2 1.6
v 0.4 3.2 1.6
v -0.7 3.2 1.5
v -0.4 3.2 1.5
v 0.4 3.2 1.5
v 0.7 3.2 1.5
v -0.9 3.2 1.4
v -0.7 3.2 1.4
v -0.4 3.2 1.4
v 0.4 3.2 1.4
v 0.7 3.2 1.4
v 0.9 3.2 1.4
v -1 3.2 1.3
v -0.9 3.2 1.3
v -0.7 3.2 1.3
v 0.7 3.2 1.3
v 0.9 3.2 1.3
v 1 3.2 1.3
v -1.1 3.2 1.2
v -1 3.2 1.2
v -0.9 3.2 1.2
v 0.9 3.2 1.2
v 1 3.2 1.2
v 1.1 3.2 1.2
v -1.2 3.2 1.1
v -1.1 3.2 1.1
v -1 3.2 1.1
v 1 3.2 1.1
v 1.1 3.2 1.1
v 1.2 3.2 1.1
v -1.3 3.2 1
v -1.2 3.2 1
v -1.1 3.2 1
v 1.1 3.2 1
v 1.2 3.2 1
v 1.3 3.2 1
v -1.4 3.2 0.9
v -1.3 3.2 0.9
v -1.2 3.2 0.9
v 1.2 3.2 0.9
v 1.3 3.2 0.9
v 1.4 3.2 0.9
v -1.5 3.2 0.7
v -1.4 3.2 0.7
v -1.3 3.2 0.7
v 1.3 3.2 0.7
v 1.4 3.2 0.7
v 1.5 3.2 0.7
v -1.6 3.2 0.4
v -1.5 3.2 0.4
v -1.4 3.2 0.4
v 1.4 3.2 0.4
v 1.5 3.2 0.4
v 1.6 3.2 0.4
v -1.6 3.2 -0.4
v -1.5 3.2 -0.4
v -1.4 3.2 -0.4
v 1.4 3.2 -0.4
v 1.5 3.2 -0.4
v 1.6 3.2 -0.4
v -1.5 3.2 -0.7
v -1.4 3.2 -0.7
v -1.3 3.2 -0.7
v 1.3 3.2 -0.7
v 1.4 3.2 -0.7
v 1.5 3.2 -0.7
v -1.4 3.2 -0.9
v -1.3 3.2 -0.9
v -1.2 3.2 -0.9
v 1.2 3.2 -0.9
v 1.3 3.2 -0.9
v 1.4 3.2 -0.9
v -1.3 3.2 -1
v -1.2 3.2 -1
v -1.1 3.2 -1
v 1.1 3.2 -1
v 1.2 3.2 -1
v 1.3 3.2 -1
v -1.2 3.2 -1.1
v -1.1 3.2 -1.1
v -1 3.2 -1.1
v 1 3.2 -1.1
v 1.1 3.2 -1.1
v 1.2 3.2 -1.1
v -1.1 3.2 -1.2
v -1 3.2 -1.2
v -0.9 3.2 -1.2
v 0.9 3.2 -1.2
v 1 3.2 -1.2
v 1.1 3.2 -1.2
v -1 3.2 -1.3
v -0.9 3.2 -1.3
v -0.7 3.2 -1.3
v 0.7 3.2 -1.3
v 0.9 3.2 -1.3
v 1 3.2 -1.3
v -0.9 3.2 -1.4
v -0.7 3.2 -1.4
v -0.4 3.2 -1.4
v 0.4 3.2 -1.4
v 0.7 3.2 -1.4
v 0.9 3.2 -1.4
v -0.7 3.2 -1.5
v -0.4 3.2 -1.5
v 0.4 3.2 -1.5
v 0.7 3.2 -1.5
v -0.4 3.2 -1.6
v 0.4 3.2 -1.6
v -0.4 3.3 1.5
v 0.4 3.3 1.5
v -0.7 3.3 1.4
v -0.4 3.3 1.4
v 0.4 3.3 1.4
v 0.7 3.3 1.4
v -0.9 3.3 1.3
v -0.7 3.3 1.3
v -0.4 3.3 1.3
v 0.4 3.3 1.3
v 0.7 3.3 1.3
v 0.9 3.3 1.3
v -1 3.3 1.2
v -0.9 3.3 1.2
v -0.8 3.3 1.2
v -0.7 3.3 1.2
v 0.7 3.3 1.2
v 0.8 3.3 1.2
v 0.9 3.3 1.2
v 1 3.3 1.2
v -1.1 3.3 1.1
v -1 3.3 1.1
v -0.8 3.3 1.1
v 0.8 3.3 1.1
v 1 3.3 1.1
v 1.1 3.3 1.1
v -1.2 3.3 1
v -1.1 3.3 1
v -1 3.3 1
v 1 3.3 1
v 1.1 3.3 1
v 1.2 3.3 1
v -1.3 3.3 0.9
v -1.2 3.3 0.9
v 1.2 3.3 0.9
v 1.3 3.3 0.9
v -1.2 3.3 0.8
v -1.1 3.3 0.8
v 1.1 3.3 0.8
v 1.2 3.3 0.8
v -1.4 3.3 0.7
v -1.3 3.3 0.7
v -1.2 3.3 0.7
v 1.2 3.3 0.7
v 1.3 3.3 0.7
v 1.4 3.3 0.7
v -1.5 3.3 0.4
v -1.4 3.3 0.4
v -1.3 3.3 0.4
v 1.3 3.3 0.4
v 1.4 3.3 0.4
v 1.5 3.3 0.4
v -1.5 3.3 -0.4
v -1.4 3.3 -0.4
v -1.3 3.3 -0.4
v 1.3 3.3 -0.4
v 1.4 3.3 -0.4
v 1.5 3.3 -0.4
v -1.4 3.3 -0.7
v -1.3 3.3 -0.7
v -1.2 3.3 -0.7
v 1.2 3.3 -0.7
v 1.3 3.3 -0.7
v 1.4 3.3 -0.7
v -1.2 3.3 -0.8
v -1.1 3.3 -0.8
v 1.1 3.3 -0.8
v 1.2 3.3 -0.8
v -1.3 3.3 -0.9
v -1.2 3.3 -0.9
v 1.2 3.3 -0.9
v 1.3 3.3 -0.9
v -1.2 3.3 -1
v -1.1 3.3 -1
v -1 3.3 -1
v 1 3.3 -1
v 1.1 3.3 -1
v 1.2 3.3 -1
v -1.1 3.3 -1.1
v -1 3.3 -1.1
v -0.8 3.3 -1.1
v 0.8 3.3 -1.1
v 1 3.3 -1.1
v 1.1 3.3 -1.1
v -1 3.3 -1.2
v -0.9 3.3 -1.2
v -0.8 3.3 -1.2
v -0.7 3.3 -1.2
v 0.7 3.3 -1.2
v 0.8 3.3 -1.2
v 0.9 3.3 -1.2
v 1 3.3 -1.2
v -0.9 3.3 -1.3
v -0.7 3.3 -1.3
v -0.4 3.3 -1.3
v 0.4 3.3 -1.3
v 0.7 3.3 -1.3
v 0.9 3.3 -1.3
v -0.7 3.3 -1.4
v -0.4 3.3 -1.4
v 0.4 3.3 -1.4
v 0.7 3.3 -1.4
v -0.4 3.3 -1.5
v 0.4 3.3 -1.5
v -0.4 3.4 1.4
v 0.4 3.4 1.4
v -0.7 3.4 1.3
v -0.4 3.4 1.3
v 0.4 3.4 1.3
v 0.7 3.4 1.3
v -0.8 3.4 1.2
v -0.7 3.4 1.2
v -0.6 3.4 1.2
v -0.4 3.4 1.2
v 0.4 3.4 1.2
v 0.6 3.4 1.2
v 0.7 3.4 1.2
v 0.8 3.4 1.2
v -1 3.4 1.1
v -0.8 3.4 1.1
v -0.6 3.4 1.1
v 0.6 3.4 1.1
v 0.8 3.4 1.1
v 1 3.4 1.1
v -1.1 3.4 1
v -1 3.4 1
v -0.9 3.4 1
v -0.8 3.4 1
v 0.8 3.4 1
v 0.9 3.4 1
v 1 3.4 1
v 1.1 3.4 1
v -1 3.4 0.9
v -0.9 3.4 0.9
v 0.9 3.4 0.9
v 1 3.4 0.9
v -1.2 3.4 0.8
v -1.1 3.4 0.8
v -1 3.4 0.8
v 1 3.4 0.8
v 1.1 3.4 0.8
v 1.2 3.4 0.8
v -1.3 3.4 0.7
v -1.2 3.4 0.7
v 1.2 3.4 0.7
v 1.3 3.4 0.7
v -1.2 3.4 0.6
v -1.1 3.4 0.6
v 1.1 3.4 0.6
v 1.2 3.4 0.6
v -1.4 3.4 0.4
v -1.3 3.4 0.4
v -1.2 3.4 0.4
v 1.2 3.4 0.4
v 1.3 3.4 0.4
v 1.4 3.4 0.4
v -1.4 3.4 -0.4
v -1.3 3.4 -0.4
v -1.2 3.4 -0.4
v 1.2 3.4 -0.4
v 1.3 3.4 -0.4
v 1.4 3.4 -0.4
v -1.2 3.4 -0.6
v -1.1 3.4 -0.6
v 1.1 3.4 -0.6
v 1.2 3.4 -0.6
v -1.3 3.4 -0.7
v -1.2 3.4 -0.7
v 1.2 3.4 -0.7
v 1.3 3.4 -0.7
v -1.2 3.4 -0.8
v -1.1 3.4 -0.8
v -1 3.4 -0.8
v 1 3.4 -0.8
v 1.1 3.4 -0.8
v 1.2 3.4 -0.8
v -1 3.4 -0.9
v -0.9 3.4 -0.9
v 0.9 3.4 -0.9
v 1 3.4 -0.9
v -1.1 3.4 -1
v -1 3.4 -1
v -0.9 3.4 -1
v -0.8 3.4 -1
v 0.8 3.4 -1
v 0.9 3.4 -1
v 1 3.4 -1
v 1.1 3.4 -1
v -1 3.4 -1.1
v -0.8 3.4 -1.1
v -0.6 3.4 -1.1
v 0.6 3.4 -1.1
v 0.8 3.4 -1.1
v 1 3.4 -1.1
v -0.8 3.4 -1.2
v -0.7 3.4 -1.2
v -0.6 3.4 -1.2
v -0.4 3.4 -1.2
v 0.4 3.4 -1.2
v 0.6 3.4 -1.2
v 0.7 3.4 -1.2
v 0.8 3.4 -1.2
v -0.7 3.4 -1.3
v -0.4 3.4 -1.3
v 0.4 3.4 -1.3
v 0.7 3.4 -1.3
v -0.4 3.4 -1.4
v 0.4 3.4 -1.4
v -0.4 3.5 1.3
v 0.4 3.5 1.3
v -0.6 3.5 1.2
v -0.4 3.5 1.2
v 0.4 3.5 1.2
v 0.6 3.5 1.2
v -0.8 3.5 1.1
v -0.6 3.5 1.1
v -0.4 3.5 1.1
v 0.4 3.5 1.1
v 0.6 3.5 1.1
v 0.8 3.5 1.1
v -0.9 3.5 1
v -0.8 3.5 1
v -0.6 3.5 1
v 0.6 3.5 1
v 0.8 3.5 1
v 0.9 3.5 1
v -1 3.5 0.9
v -0.9 3.5 0.9
v -0.8 3.5 0.9
v 0.8 3.5 0.9
v 0.9 3.5 0.9
v 1 3.5 0.9
v -1.1 3.5 0.8
v -1 3.5 0.8
v -0.9 3.5 0.8
v 0.9 3.5 0.8
v 1 3.5 0.8
v 1.1 3.5 0.8
v -1.2 3.5 0.6
v -1.1 3.5 0.6
v -1 3.5 0.6
v 1 3.5 0.6
v 1.1 3.5 0.6
v 1.2 3.5 0.6
v -1.3 3.5 0.4
v -1.2 3.5 0.4
v -1.1 3.5 0.4
v 1.1 3.5 0.4
v 1.2 3.5 0.4
v 1.3 3.5 0.4
v -1.3 3.5 -0.4
v -1.2 3.5 -0.4
v -1.1 3.5 -0.4
v 1.1 3.5 -0.4
v 1.2 3.5 -0.4
v 1.3 3.5 -0.4
v -1.2 3.5 -0.6
v -1.1 3.5 -0.6
v -1 3.5 -0.6
v 1 3.5 -0.6
v 1.1 3.5 -0.6
v 1.2 3.5 -0.6
v -1.1 3.5 -0.8
v -1 3.5 -0.8
v -0.9 3.5 -0.8
v 0.9 3.5 -0.8
v 1 3.5 -0.8
v 1.1 3.5 -0.8
v -1 3.5 -0.9
v -0.9 3.5 -0.9
v -0.8 3.5 -0.9
v 0.8 3.5 -0.9
v 0.9 3.5 -0.9
v 1 3.5 -0.9
v -0.9 3.5 -1
v -0.8 3.5 -1
v -0.6 3.5 -1
v 0.6 3.5 -1
v 0.8 3.5 -1
v 0.9 3.5 -1
v -0.8 3.5 -1.1
v -0.6 3.5 -1.1
v -0.4 3.5 -1.1
v 0.4 3.5 -1.1
v 0.6 3.5 -1.1
v 0.8 3.5 -1.1
v -0.6 3.5 -1.2
v -0.4 3.5 -1.2
v 0.4 3.5 -1.2
v 0.6 3.5 -1.2
v -0.4 3.5 -1.3
v 0.4 3.5 -1.3
v -0.4 3.6 1.2
v 0.4 3.6 1.2
v -0.6 3.6 1.1
v -0.4 3.6 1.1
v 0.4 3.6 1.1
v 0.6 3.6 1.1
v -0.8 3.6 1
v -0.6 3.6 1
v -0.4 3.6 1
v 0.4 3.6 1
v 0.6 3.6 1
v 0.8 3.6 1
v -0.9 3.6 0.9
v -0.8 3.6 0.9
v -0.6 3.6 0.9
v -0.4 3.6 0.9
v 0.4 3.6 0.9
v 0.6 3.6 0.9
v 0.8 3.6 0.9
v 0.9 3.6 0.9
v -1 3.6 0.8
v -0.9 3.6 0.8
v -0.7 3.6 0.8
v -0.6 3.6 0.8
v 0.6 3.6 0.8
v 0.7 3.6 0.8
v 0.9 3.6 0.8
v 1 3.6 0.8
v -0.8 3.6 0.7
v -0.7 3.6 0.7
v 0.7 3.6 0.7
v 0.8 3.6 0.7
v -1.1 3.6 0.6
v -1 3.6 0.6
v -0.9 3.6 0.6
v -0.8 3.6 0.6
v 0.8 3.6 0.6
v 0.9 3.6 0.6
v 1 3.6 0.6
v 1.1 3.6 0.6
v -1.2 3.6 0.4
v -1.1 3.6 0.4
v -1 3.6 0.4
v -0.9 3.6 0.4
v 0.9 3.6 0.4
v 1 3.6 0.4
v 1.1 3.6 0.4
v 1.2 3.6 0.4
v -1.2 3.6 -0.4
v -1.1 3.6 -0.4
v -1 3.6 -0.4
v -0.9 3.6 -0.4
v 0.9 3.6 -0.4
v 1 3.6 -0.4
v 1.1 3.6 -0.4
v 1.2 3.6 -0.4
v -1.1 3.6 -0.6
v -1 3.6 -0.6
v -0.9 3.6 -0.6
v -0.8 3.6 -0.6
v 0.8 3.6 -0.6
v 0.9 3.6 -0.6
v 1 3.6 -0.6
v 1.1 3.6 -0.6
v -0.8 3.6 -0.7
v -0.7 3.6 -0.7
v 0.7 3.6 -0.7
v 0.8 3.6 -0.7
v -1 3.6 -0.8
v -0.9 3.6 -0.8
v -0.7 3.6 -0.8
v -0.6 3.6 -0.8
v 0.6 3.6 -0.8
v 0.7 3.6 -0.8
v 0.9 3.6 -0.8
v 1 3.6 -0.8
v -0.9 3.6 -0.9
v -0.8 3.6 -0.9
v -0.6 3.6 -0.9
v -0.4 3.6 -0.9
v 0.4 3.6 -0.9
v 0.6 3.6 -0.9
v 0.8 3.6 -0.9
v 0.9 3.6 -0.9
v -0.8 3.6 -1
v -0.6 3.6 -1
v -0.4 3.6 -1
v 0.4 3.6 -1
v 0.6 3.6 -1
v 0.8 3.6 -1
v -0.6 3.6 -1.1
v -0.4 3.6 -1.1
v 0.4 3.6 -1.1
v 0.6 3.6 -1.1
v -0.4 3.6 -1.2
v 0.4 3.6 -1.2
v -0.4 3.7 1
v 0.4 3.7 1
v -0.6 3.7 0.9
v -0.4 3.7 0.9
v 0.4 3.7 0.9
v 0.6 3.7 0.9
v -0.7 3.7 0.8
v -0.6 3.7 0.8
v -0.3 3.7 0.8
v 0.3 3.7 0.8
v 0.6 3.7 0.8
v 0.7 3.7 0.8
v -0.8 3.7 0.7
v -0.7 3.7 0.7
v -0.5 3.7 0.7
v -0.3 3.7 0.7
v 0.3 3.7 0.7
v 0.5 3.7 0.7
v 0.7 3.7 0.7
v 0.8 3.7 0.7
v -0.9 3.7 0.6
v -0.8 3.7 0.6
v -0.6 3.7 0.6
v -0.5 3.7 0.6
v 0.5 3.7 0.6
v 0.6 3.7 0.6
v 0.8 3.7 0.6
v 0.9 3.7 0.6
v -0.7 3.7 0.5
v -0.6 3.7 0.5
v 0.6 3.7 0.5
v 0.7 3.7 0.5
v -1 3.7 0.4
v -0.9 3.7 0.4
v 0.9 3.7 0.4
v 1 3.7 0.4
v -0.8 3.7 0.3
v -0.7 3.7 0.3
v 0.7 3.7 0.3
v 0.8 3.7 0.3
v -0.8 3.7 -0.3
v -0.7 3.7 -0.3
v 0.7 3.7 -0.3
v 0.8 3.7 -0.3
v -1 3.7 -0.4
v -0.9 3.7 -0.4
v 0.9 3.7 -0.4
v 1 3.7 -0.4
v -0.7 3.7 -0.5
v -0.6 3.7 -0.5
v 0.6 3.7 -0.5
v 0.7 3.7 -0.5
v -0.9 3.7 -0.6
v -0.8 3.7 -0.6
v -0.6 3.7 -0.6
v -0.5 3.7 -0.6
v 0.5 3.7 -0.6
v 0.6 3.7 -0.6
v 0.8 3.7 -0.6
v 0.9 3.7 -0.6
v -0.8 3.7 -0.7
v -0.7 3.7 -0.7
v -0.5 3.7 -0.7
v -0.3 3.7 -0.7
v 0.3 3.7 -0.7
v 0.5 3.7 -0.7
v 0.7 3.7 -0.7
v 0.8 3.7 -0.7
v -0.7 3.7 -0.8
v -0.6 3.7 -0.8
v -0.3 3.7 -0.8
v 0.3 3.7 -0.8
v 0.6 3.7 -0.8
v 0.7 3.7 -0.8
v -0.6 3.7 -0.9
v -0.4 3.7 -0.9
v 0.4 3.7 -0.9
v 0.6 3.7 -0.9
v -0.4 3.7 -1
v 0.4 3.7 -1
v -0.3 3.8 0.8
v 0.3 3.8 0.8
v -0.5 3.8 0.7
v -0.3 3.8 0.7
v 0.3 3.8 0.7
v 0.5 3.8 0.7
v -0.6 3.8 0.6
v -0.5 3.8 0.6
v -0.3 3.8 0.6
v 0.3 3.8 0.6
v 0.5 3.8 0.6
v 0.6 3.8 0.6
v -0.7 3.8 0.5
v -0.6 3.8 0.5
v -0.4 3.8 0.5
v -0.3 3.8 0.5
v 0.3 3.8 0.5
v 0.4 3.8 0.5
v 0.6 3.8 0.5
v 0.7 3.8 0.5
v -0.5 3.8 0.4
v -0.4 3.8 0.4
v 0.4 3.8 0.4
v 0.5 3.8 0.4
v -0.8 3.8 0.3
v -0.7 3.8 0.3
v -0.6 3.8 0.3
v -0.5 3.8 0.3
v 0.5 3.8 0.3
v 0.6 3.8 0.3
v 0.7 3.8 0.3
v 0.8 3.8 0.3
v -0.8 3.8 -0.3
v -0.7 3.8 -0.3
v -0.6 3.8 -0.3
v -0.5 3.8 -0.3
v 0.5 3.8 -0.3
v 0.6 3.8 -0.3
v 0.7 3.8 -0.3
v 0.8 3.8 -0.3
v -0.5 3.8 -0.4
v -0.4 3.8 -0.4
v 0.4 3.8 -0.4
v 0.5 3.8 -0.4
v -0.7 3.8 -0.5
v -0.6 3.8 -0.5
v -0.4 3.8 -0.5
v -0.3 3.8 -0.5
v 0.3 3.8 -0.5
v 0.4 3.8 -0.5
v 0.6 3.8 -0.5
v 0.7 3.8 -0.5
v -0.6 3.8 -0.6
v -0.5 3.8 -0.6
v -0.3 3.8 -0.6
v 0.3 3.8 -0.6
v 0.5 3.8 -0.6
v 0.6 3.8 -0.6
v -0.5 3.8 -0.7
v -0.3 3.8 -0.7
v 0.3 3.8 -0.7
v 0.5 3.8 -0.7
v -0.3 3.8 -0.8
v 0.3 3.8 -0.8
v -0.3 3.9 0.6
v 0.3 3.9 0.6
v -0.4 3.9 0.5
v -0.3 3.9 0.5
v 0.3 3.9 0.5
v 0.4 3.9 0.5
v -0.5 3.9 0.4
v -0.4 3.9 0.4
v -0.2 3.9 0.4
v 0.2 3.9 0.4
v 0.4 3.9 0.4
v 0.5 3.9 0.4
v -0.6 3.9 0.3
v -0.5 3.9 0.3
v -0.3 3.9 0.3
v -0.2 3.9 0.3
v 0.2 3.9 0.3
v 0.3 3.9 0.3
v 0.5 3.9 0.3
v 0.6 3.9 0.3
v -0.4 3.9 0.2
v -0.3 3.9 0.2
v 0.3 3.9 0.2
v 0.4 3.9 0.2
v -0.4 3.9 -0.2
v -0.3 3.9 -0.2
v 0.3 3.9 -0.2
v 0.4 3.9 -0.2
v -0.6 3.9 -0.3
v -0.5 3.9 -0.3
v -0.3 3.9 -0.3
v -0.2 3.9 -0.3
v 0.2 3.9 -0.3
v 0.3 3.9 -0.3
v 0.5 3.9 -0.3
v 0.6 3.9 -0.3
v -0.5 3.9 -0.4
v -0.4 3.9 -0.4
v -0.2 3.9 -0.4
v 0.2 3.9 -0.4
v 0.4 3.9 -0.4
v 0.5 3.9 -0.4
v -0.4 3.9 -0.5
v -0.3 3.9 -0.5
v 0.3 3.9 -0.5
v 0.4 3.9 -0.5
v -0.3 3.9 -0.6
v 0.3 3.9 -0.6
v -0.2 4 0.4
v 0.2 4 0.4
v -0.3 4 0.3
v -0.2 4 0.3
v 0.2 4 0.3
v 0.3 4 0.3
v -0.4 4 0.2
v -0.3 4 0.2
v 0.3 4 0.2
v 0.4 4 0.2
v -0.4 4 -0.2
v -0.3 4 -0.2
v 0.3 4 -0.2
v 0.4 4 -0.2
v -0.3 4 -0.3
v -0.2 4 -0.3
v 0.2 4 -0.3
v 0.3 4 -0.3
v -0.2 4 -0.4
v 0.2 4 -0.4

# faces
f 3/2/1 2/2/1 1/2/1
f 4/2/1 2/2/1 3/2/1
f 8/2/1 6/2/1 5/2/1
f 9/2/1 6/2/1 8/2/1
f 11/2/1 8/2/1 7/2/1
f 12/2/1 8/2/1 11/2/1
f 13/2/1 10/2/1 9/2/1
f 14/2/1 10/2/1 13/2/1
f 15/2/1 13/2/1 12/2/1
f 16/2/1 13/2/1 15/2/1
f 22/2/1 18/2/1 17/2/1
f 23/2/1 18/2/1 22/2/1
f 24/2/1 20/2/1 19/2/1
f 25/2/1 20/2/1 24/2/1
f 27/2/1 22/2/1 21/2/1
f 28/2/1 22/2/1 27/2/1
f 31/2/1 26/2/1 25/2/1
f 32/2/1 26/2/1 31/2/1
f 33/2/1 29/2/1 28/2/1
f 34/2/1 29/2/1 33/2/1
f 35/2/1 31/2/1 30/2/1
f 36/2/1 31/2/1 35/2/1
f 37/2/1 35/2/1 34/2/1
f 38/2/1 35/2/1 37/2/1
f 44/2/1 40/2/1 39/2/1
f 45/2/1 40/2/1 44/2/1
f 46/2/1 42/2/1 41/2/1
f 47/2/1 42/2/1 46/2/1
f 49/2/1 44/2/1 43/2/1
f 50/2/1 44/2/1 49/2/1
f 53/2/1 48/2/1 47/2/1
f 54/2/1 48/2/1 53/2/1
f 55/2/1 51/2/1 50/2/1
f 56/2/1 51/2/1 55/2/1
f 59/2/1 53/2/1 52/2/1
f 60/2/1 53/2/1 59/2/1
f 61/2/1 57/2/1 56/2/1
f 62/2/1 57/2/1 61/2/1
f 63/2/1 59/2/1 58/2/1
f 64/2/1 59/2/1 63/2/1
f 65/2/1 63/2/1 62/2/1
f 66/2/1 63/2/1 65/2/1
f 73/2/1 68/2/1 67/2/1
f 74/2/1 68/2/1 73/2/1
f 75/2/1 70/2/1 69/2/1
f 76/2/1 70/2/1 75/2/1
f 79/2/1 72/2/1 71/2/1
f 80/2/1 72/2/1 79/2/1
f 85/2/1 78/2/1 77/2/1
f 86/2/1 78/2/1 85/2/1
f 87/2/1 82/2/1 81/2/1
f 88/2/1 82/2/1 87/2/1
f 91/2/1 84/2/1 83/2/1
f 92/2/1 84/2/1 91/2/1
f 93/2/1 89/2/1 88/2/1
f 94/2/1 89/2/1 93/2/1
f 99/2/1 91/2/1 90/2/1
f 100/2/1 91/2/1 99/2/1
f 101/2/1 96/2/1 95/2/1
f 102/2/1 96/2/1 101/2/1
f 105/2/1 98/2/1 97/2/1
f 106/2/1 98/2/1 105/2/1
f 107/2/1 104/2/1 103/2/1
f 108/2/1 104/2/1 107/2/1
f 114/2/1 110/2/1 109/2/1
f 115/2/1 110/2/1 114/2/1
f 116/2/1 112/2/1 111/2/1
f 117/2/1 112/2/1 116/2/1
f 119/2/1 114/2/1 113/2/1
f 120/2/1 114/2/1 119/2/1
f 123/2/1 118/2/1 117/2/1
f 124/2/1 118/2/1 123/2/1
f 125/2/1 121/2/1 120/2/1
f 126/2/1 121/2/1 125/2/1
f 129/2/1 123/2/1 122/2/1
f 130/2/1 123/2/1 129/2/1
f 131/2/1 127/2/1 126/2/1
f 132/2/1 127/2/1 131/2/1
f 137/2/1 129/2/1 128/2/1
f 138/2/1 129/2/1 137/2/1
f 139/2/1 134/2/1 133/2/1
f 140/2/1 134/2/1 139/2/1
f 143/2/1 136/2/1 135/2/1
f 144/2/1 136/2/1 143/2/1
f 145/2/1 141/2/1 140/2/1
f 146/2/1 141/2/1 145/2/1
f 147/2/1 143/2/1 142/2/1
f 148/2/1 143/2/1 147/2/1
f 149/2/1 147/2/1 146/2/1
f 150/2/1 147/2/1 149/2/1
f 156/2/1 152/2/1 151/2/1
f 157/2/1 152/2/1 156/2/1
f 158/2/1 154/2/1 153/2/1
f 159/2/1 154/2/1 158/2/1
f 161/2/1 156/2/1 155/2/1
f 162/2/1 156/2/1 161/2/1
f 165/2/1 160/2/1 159/2/1
f 166/2/1 160/2/1 165/2/1
f 167/2/1 163/2/1 162/2/1
f 168/2/1 163/2/1 167/2/1
f 173/2/1 165/2/1 164/2/1
f 174/2/1 165/2/1 173/2/1
f 175/2/1 170/2/1 169/2/1
f 176/2/1 170/2/1 175/2/1
f 179/2/1 172/2/1 171/2/1
f 180/2/1 172/2/1 179/2/1
f 181/2/1 177/2/1 176/2/1
f 182/2/1 177/2/1 181/2/1
f 185/2/1 179/2/1 178/2/1
f 186/2/1 179/2/1 185/2/1
f 187/2/1 183/2/1 182/2/1
f 188/2/1 183/2/1 187/2/1
f 191/2/1 185/2/1 184/2/1
f 192/2/1 185/2/1 191/2/1
f 193/2/1 189/2/1 188/2/1
f 194/2/1 189/2/1 193/2/1
f 195/2/1 191/2/1 190/2/1
f 196/2/1 191/2/1 195/2/1
f 197/2/1 195/2/1 194/2/1
f 198/2/1 195/2/1 197/2/1
f 201/3/1 200/3/1 199/3/1
f 202/3/1 200/3/1 201/3/1
f 208/2/1 204/2/1 203/2/1
f 209/2/1 204/2/1 208/2/1
f 210/2/1 206/2/1 205/2/1
f 211/2/1 206/2/1 210/2/1
f 213/2/1 208/2/1 207/2/1
f 214/2/1 208/2/1 213/2/1
f 217/2/1 212/2/1 211/2/1
f 218/2/1 212/2/1 217/2/1
f 219/2/1 215/2/1 214/2/1
f 220/2/1 215/2/1 219/2/1
f 225/2/1 217/2/1 216/2/1
f 226/2/1 217/2/1 225/2/1
f 227/2/1 222/2/1 221/2/1
f 228/2/1 222/2/1 227/2/1
f 231/2/1 224/2/1 223/2/1
f 232/2/1 224/2/1 231/2/1
f 233/2/1 229/2/1 228/2/1
f 234/2/1 229/2/1 233/2/1
f 239/2/1 231/2/1 230/2/1
f 240/2/1 231/2/1 239/2/1
f 241/2/1 236/2/1 235/2/1
f 242/2/1 236/2/1 241/2/1
f 245/2/1 238/2/1 237/2/1
f 246/2/1 238/2/1 245/2/1
f 247/2/1 243/2/1 242/2/1
f 248/2/1 243/2/1 247/2/1
f 251/2/1 245/2/1 244/2/1
f 252/2/1 245/2/1 251/2/1
f 253/2/1 249/2/1 248/2/1
f 254/2/1 249/2/1 253/2/1
f 255/2/1 251/2/1 250/2/1
f 256/2/1 251/2/1 255/2/1
f 257/2/1 255/2/1 254/2/1
f 258/2/1 255/2/1 257/2/1
f 262/3/1 260/3/1 259/3/1
f 263/3/1 260/3/1 262/3/1
f 265/3/1 262/3/1 261/3/1
f 266/3/1 262/3/1 265/3/1
f 267/3/1 264/3/1 263/3/1
f 268/3/1 264/3/1 267/3/1
f 269/3/1 267/3/1 266/3/1
f 270/3/1 267/3/1 269/3/1
f 275/2/1 272/2/1 271/2/1
f 276/2/1 272/2/1 275/2/1
f 277/2/1 274/2/1 273/2/1
f 278/2/1 274/2/1 277/2/1
f 283/2/1 280/2/1 279/2/1
f 284/2/1 280/2/1 283/2/1
f 287/2/1 282/2/1 281/2/1
f 288/2/1 282/2/1 287/2/1
f 289/2/1 285/2/1 284/2/1
f 290/2/1 285/2/1 289/2/1
f 295/2/1 287/2/1 286/2/1
f 296/2/1 287/2/1 295/2/1
f 297/2/1 292/2/1 291/2/1
f 298/2/1 292/2/1 297/2/1
f 301/2/1 294/2/1 293/2/1
f 302/2/1 294/2/1 301/2/1
f 303/2/1 299/2/1 298/2/1
f 304/2/1 299/2/1 303/2/1
f 309/2/1 301/2/1 300/2/1
f 310/2/1 301/2/1 309/2/1
f 311/2/1 306/2/1 305/2/1
f 312/2/1 306/2/1 311/2/1
f 317/2/1 308/2/1 307/2/1
f 318/2/1 308/2/1 317/2/1
f 319/2/1 314/2/1 313/2/1
f 320/2/1 314/2/1 319/2/1
f 321/2/1 316/2/1 315/2/1
f 322/2/1 316/2/1 321/2/1
f 323/2/1 321/2/1 320/2/1
f 324/2/1 321/2/1 323/2/1
f 328/3/1 326/3/1 325/3/1
f 329/3/1 326/3/1 328/3/1
f 332/3/1 328/3/1 327/3/1
f 333/3/1 328/3/1 332/3/1
f 334/3/1 330/3/1 329/3/1
f 335/3/1 330/3/1 334/3/1
f 337/3/1 332/3/1 331/3/1
f 338/3/1 332/3/1 337/3/1
f 341/3/1 336/3/1 335/3/1
f 342/3/1 336/3/1 341/3/1
f 343/3/1 339/3/1 338/3/1
f 344/3/1 339/3/1 343/3/1
f 345/3/1 341/3/1 340/3/1
f 346/3/1 341/3/1 345/3/1
f 347/3/1 345/3/1 344/3/1
f 348/3/1 345/3/1 347/3/1
f 353/2/1 350/2/1 349/2/1
f 354/2/1 350/2/1 353/2/1
f 355/2/1 352/2/1 351/2/1
f 356/2/1 352/2/1 355/2/1
f 361/2/1 358/2/1 357/2/1
f 362/2/1 358/2/1 361/2/1
f 365/2/1 360/2/1 359/2/1
f 366/2/1 360/2/1 365/2/1
f 367/2/1 363/2/1 362/2/1
f 368/2/1 363/2/1 367/2/1
f 371/2/1 365/2/1 364/2/1
f 372/2/1 365/2/1 371/2/1
f 373/2/1 369/2/1 368/2/1
f 374/2/1 369/2/1 373/2/1
f 379/2/1 371/2/1 370/2/1
f 380/2/1 371/2/1 379/2/1
f 381/2/1 376/2/1 375/2/1
f 382/2/1 376/2/1 381/2/1
f 385/2/1 378/2/1 377/2/1
f 386/2/1 378/2/1 385/2/1
f 387/2/1 383/2/1 382/2/1
f 388/2/1 383/2/1 387/2/1
f 391/2/1 385/2/1 384/2/1
f 392/2/1 385/2/1 391/2/1
f 393/2/1 389/2/1 388/2/1
f 394/2/1 389/2/1 393/2/1
f 397/2/1 391/2/1 390/2/1
f 398/2/1 391/2/1 397/2/1
f 399/2/1 395/2/1 394/2/1
f 400/2/1 395/2/1 399/2/1
f 403/2/1 397/2/1 396/2/1
f 404/2/1 397/2/1 403/2/1
f 405/2/1 401/2/1 400/2/1
f 406/2/1 401/2/1 405/2/1
f 407/2/1 403/2/1 402/2/1
f 408/2/1 403/2/1 407/2/1
f 412/3/1 410/3/1 409/3/1
f 413/3/1 410/3/1 412/3/1
f 416/3/1 412/3/1 411/3/1
f 417/3/1 412/3/1 416/3/1
f 418/3/1 414/3/1 413/3/1
f 419/3/1 414/3/1 418/3/1
f 422/3/1 416/3/1 415/3/1
f 423/3/1 416/3/1 422/3/1
f 424/3/1 420/3/1 419/3/1
f 425/3/1 420/3/1 424/3/1
f 427/3/1 422/3/1 421/3/1
f 428/3/1 422/3/1 427/3/1
f 431/3/1 426/3/1 425/3/1
f 432/3/1 426/3/1 431/3/1
f 433/3/1 429/3/1 428/3/1
f 434/3/1 429/3/1 433/3/1
f 437/3/1 431/3/1 430/3/1
f 438/3/1 431/3/1 437/3/1
f 439/3/1 435/3/1 434/3/1
f 440/3/1 435/3/1 439/3/1
f 441/3/1 437/3/1 436/3/1
f 442/3/1 437/3/1 441/3/1
f 443/3/1 441/3/1 440/3/1
f 444/3/1 441/3/1 443/3/1
f 450/2/1 446/2/1 445/2/1
f 451/2/1 446/2/1 450/2/1
f 452/2/1 448/2/1 447/2/1
f 453/2/1 448/2/1 452/2/1
f 455/2/1 450/2/1 449/2/1
f 456/2/1 450/2/1 455/2/1
f 459/2/1 454/2/1 453/2/1
f 460/2/1 454/2/1 459/2/1
f 461/2/1 457/2/1 456/2/1
f 462/2/1 457/2/1 461/2/1
f 465/2/1 459/2/1 458/2/1
f 466/2/1 459/2/1 465/2/1
f 467/2/1 463/2/1 462/2/1
f 468/2/1 463/2/1 467/2/1
f 469/2/1 465/2/1 464/2/1
f 470/2/1 465/2/1 469/2/1
f 475/2/1 472/2/1 471/2/1
f 476/2/1 472/2/1 475/2/1
f 479/2/1 474/2/1 473/2/1
f 480/2/1 474/2/1 479/2/1
f 481/2/1 477/2/1 476/2/1
f 482/2/1 477/2/1 481/2/1
f 485/2/1 479/2/1 478/2/1
f 486/2/1 479/2/1 485/2/1
f 487/2/1 483/2/1 482/2/1
f 488/2/1 483/2/1 487/2/1
f 493/2/1 485/2/1 484/2/1
f 494/2/1 485/2/1 493/2/1
f 495/2/1 490/2/1 489/2/1
f 496/2/1 490/2/1 495/2/1
f 499/2/1 492/2/1 491/2/1
f 500/2/1 492/2/1 499/2/1
f 501/2/1 497/2/1 496/2/1
f 502/2/1 497/2/1 501/2/1
f 505/2/1 499/2/1 498/2/1
f 506/2/1 499/2/1 505/2/1
f 507/2/1 504/2/1 503/2/1
f 508/2/1 504/2/1 507/2/1
f 514/3/1 510/3/1 509/3/1
f 515/3/1 510/3/1 514/3/1
f 516/3/1 512/3/1 511/3/1
f 517/3/1 512/3/1 516/3/1
f 521/3/1 514/3/1 513/3/1
f 522/3/1 514/3/1 521/3/1
f 523/3/1 518/3/1 517/3/1
f 524/3/1 518/3/1 523/3/1
f 528/3/1 520/3/1 519/3/1
f 529/3/1 520/3/1 528/3/1
f 530/3/1 526/3/1 525/3/1
f 531/3/1 526/3/1 530/3/1
f 533/3/1 528/3/1 527/3/1
f 534/3/1 528/3/1 533/3/1
f 537/3/1 532/3/1 531/3/1
f 538/3/1 532/3/1 537/3/1
f 539/3/1 535/3/1 534/3/1
f 540/3/1 535/3/1 539/3/1
f 545/3/1 537/3/1 536/3/1
f 546/3/1 537/3/1 545/3/1
f 547/3/1 542/3/1 541/3/1
f 548/3/1 542/3/1 547/3/1
f 551/3/1 544/3/1 543/3/1
f 552/3/1 544/3/1 551/3/1
f 553/3/1 549/3/1 548/3/1
f 554/3/1 549/3/1 553/3/1
f 557/3/1 551/3/1 550/3/1
f 558/3/1 551/3/1 557/3/1
f 559/3/1 556/3/1 555/3/1
f 560/3/1 556/3/1 559/3/1
f 565/2/1 562/2/1 561/2/1
f 566/2/1 562/2/1 565/2/1
f 569/2/1 564/2/1 563/2/1
f 570/2/1 564/2/1 569/2/1
f 571/2/1 567/2/1 566/2/1
f 572/2/1 567/2/1 571/2/1
f 575/2/1 569/2/1 568/2/1
f 576/2/1 569/2/1 575/2/1
f 577/2/1 573/2/1 572/2/1
f 578/2/1 573/2/1 577/2/1
f 579/2/1 575/2/1 574/2/1
f 580/2/1 575/2/1 579/2/1
f 585/2/1 582/2/1 581/2/1
f 586/2/1 582/2/1 585/2/1
f 589/2/1 584/2/1 583/2/1
f 590/2/1 584/2/1 589/2/1
f 591/2/1 587/2/1 586/2/1
f 592/2/1 587/2/1 591/2/1
f 597/2/1 589/2/1 588/2/1
f 598/2/1 589/2/1 597/2/1
f 599/2/1 594/2/1 593/2/1
f 600/2/1 594/2/1 599/2/1
f 601/2/1 596/2/1 595/2/1
f 602/2/1 596/2/1 601/2/1
f 608/3/1 604/3/1 603/3/1
f 609/3/1 604/3/1 608/3/1
f 610/3/1 606/3/1 605/3/1
f 611/3/1 606/3/1 610/3/1
f 615/3/1 608/3/1 607/3/1
f 616/3/1 608/3/1 615/3/1
f 617/3/1 612/3/1 611/3/1
f 618/3/1 612/3/1 617/3/1
f 622/3/1 614/3/1 613/3/1
f 623/3/1 614/3/1 622/3/1
f 624/3/1 620/3/1 619/3/1
f 625/3/1 620/3/1 624/3/1
f 627/3/1 622/3/1 621/3/1
f 628/3/1 622/3/1 627/3/1
f 631/3/1 626/3/1 625/3/1
f 632/3/1 626/3/1 631/3/1
f 633/3/1 629/3/1 628/3/1
f 634/3/1 629/3/1 633/3/1
f 639/3/1 631/3/1 630/3/1
f 640/3/1 631/3/1 639/3/1
f 641/3/1 636/3/1 635/3/1
f 642/3/1 636/3/1 641/3/1
f 645/3/1 638/3/1 637/3/1
f 646/3/1 638/3/1 645/3/1
f 647/3/1 643/3/1 642/3/1
f 648/3/1 643/3/1 647/3/1
f 653/3/1 645/3/1 644/3/1
f 654/3/1 645/3/1 653/3/1
f 655/3/1 650/3/1 649/3/1
f 656/3/1 650/3/1 655/3/1
f 657/3/1 652/3/1 651/3/1
f 658/3/1 652/3/1 657/3/1
f 664/2/1 660/2/1 659/2/1
f 665/2/1 660/2/1 664/2/1
f 666/3/1 657/3/1 656/3/1
f 667/3/1 657/3/1 666/3/1
f 668/2/1 662/2/1 661/2/1
f 669/2/1 662/2/1 668/2/1
f 671/2/1 664/2/1 663/2/1
f 672/2/1 664/2/1 671/2/1
f 675/2/1 670/2/1 669/2/1
f 676/2/1 670/2/1 675/2/1
f 677/2/1 673/2/1 672/2/1
f 678/2/1 673/2/1 677/2/1
f 681/2/1 675/2/1 674/2/1
f 682/2/1 675/2/1 681/2/1
f 683/2/1 679/2/1 678/2/1
f 684/2/1 679/2/1 683/2/1
f 685/2/1 681/2/1 680/2/1
f 686/2/1 681/2/1 685/2/1
f 691/2/1 688/2/1 687/2/1
f 692/2/1 688/2/1 691/2/1
f 695/2/1 690/2/1 689/2/1
f 696/2/1 690/2/1 695/2/1
f 697/2/1 693/2/1 692/2/1
f 698/2/1 693/2/1 697/2/1
f 701/2/1 695/2/1 694/2/1
f 702/2/1 695/2/1 701/2/1
f 703/2/1 699/2/1 698/2/1
f 704/2/1 699/2/1 703/2/1
f 709/2/1 701/2/1 700/2/1
f 710/2/1 701/2/1 709/2/1
f 711/2/1 706/2/1 705/2/1
f 712/2/1 706/2/1 711/2/1
f 715/2/1 708/2/1 707/2/1
f 716/2/1 708/2/1 715/2/1
f 717/2/1 714/2/1 713/2/1
f 718/2/1 714/2/1 717/2/1
f 724/3/1 720/3/1 719/3/1
f 725/3/1 720/3/1 724/3/1
f 726/3/1 722/3/1 721/3/1
f 727/3/1 722/3/1 726/3/1
f 729/3/1 724/3/1 723/3/1
f 730/3/1 724/3/1 729/3/1
f 731/3/1 728/3/1 727/3/1
f 732/3/1 728/3/1 731/3/1
f 737/3/1 734/3/1 733/3/1
f 738/3/1 734/3/1 737/3/1
f 741/3/1 736/3/1 735/3/1
f 742/3/1 736/3/1 741/3/1
f 743/3/1 739/3/1 738/3/1
f 744/3/1 739/3/1 743/3/1
f 747/3/1 741/3/1 740/3/1
f 748/3/1 741/3/1 747/3/1
f 749/3/1 745/3/1 744/3/1
f 750/3/1 745/3/1 749/3/1
f 753/3/1 747/3/1 746/3/1
f 754/3/1 747/3/1 753/3/1
f 755/3/1 751/3/1 750/3/1
f 756/3/1 751/3/1 755/3/1
f 757/3/1 753/3/1 752/3/1
f 758/3/1 753/3/1 757/3/1
f 763/2/1 760/2/1 759/2/1
f 764/2/1 760/2/1 763/2/1
f 767/2/1 762/2/1 761/2/1
f 768/2/1 762/2/1 767/2/1
f 769/2/1 765/2/1 764/2/1
f 770/2/1 765/2/1 769/2/1
f 773/2/1 767/2/1 766/2/1
f 774/2/1 767/2/1 773/2/1
f 775/2/1 771/2/1 770/2/1
f 776/2/1 771/2/1 775/2/1
f 779/2/1 773/2/1 772/2/1
f 780/2/1 773/2/1 779/2/1
f 781/2/1 777/2/1 776/2/1
f 782/2/1 777/2/1 781/2/1
f 783/2/1 779/2/1 778/2/1
f 784/2/1 779/2/1 783/2/1
f 789/2/1 786/2/1 785/2/1
f 790/2/1 786/2/1 789/2/1
f 795/2/1 788/2/1 787/2/1
f 796/2/1 788/2/1 795/2/1
f 797/2/1 792/2/1 791/2/1
f 798/2/1 792/2/1 797/2/1
f 799/2/1 794/2/1 793/2/1
f 800/2/1 794/2/1 799/2/1
f 806/3/1 802/3/1 801/3/1
f 807/3/1 802/3/1 806/3/1
f 808/3/1 804/3/1 803/3/1
f 809/3/1 804/3/1 808/3/1
f 812/3/1 806/3/1 805/3/1
f 813/3/1 806/3/1 812/3/1
f 814/3/1 810/3/1 809/3/1
f 815/3/1 810/3/1 814/3/1
f 818/3/1 812/3/1 811/3/1
f 819/3/1 812/3/1 818/3/1
f 820/3/1 816/3/1 815/3/1
f 821/3/1 816/3/1 820/3/1
f 823/3/1 818/3/1 817/3/1
f 824/3/1 818/3/1 823/3/1
f 827/3/1 822/3/1 821/3/1
f 828/3/1 822/3/1 827/3/1
f 829/3/1 825/3/1 824/3/1
f 830/3/1 825/3/1 829/3/1
f 833/3/1 827/3/1 826/3/1
f 834/3/1 827/3/1 833/3/1
f 835/3/1 831/3/1 830/3/1
f 836/3/1 831/3/1 835/3/1
f 839/3/1 833/3/1 832/3/1
f 840/3/1 833/3/1 839/3/1
f 841/3/1 837/3/1 836/3/1
f 842/3/1 837/3/1 841/3/1
f 843/3/1 839/3/1 838/3/1
f 844/3/1 839/3/1 843/3/1
f 849/3/1 846/3/1 845/3/1
f 850/3/1 846/3/1 849/3/1
f 851/3/1 848/3/1 847/3/1
f 852/3/1 848/3/1 851/3/1
f 857/2/1 854/2/1 853/2/1
f 858/2/1 854/2/1 857/2/1
f 861/2/1 856/2/1 855/2/1
f 862/2/1 856/2/1 861/2/1
f 863/2/1 859/2/1 858/2/1
f 864/2/1 859/2/1 863/2/1
f 869/2/1 861/2/1 860/2/1
f 870/2/1 861/2/1 869/2/1
f 871/2/1 866/2/1 865/2/1
f 872/2/1 866/2/1 871/2/1
f 877/2/1 868/2/1 867/2/1
f 878/2/1 868/2/1 877/2/1
f 879/2/1 874/2/1 873/2/1
f 880/2/1 874/2/1 879/2/1
f 883/2/1 876/2/1 875/2/1
f 884/2/1 876/2/1 883/2/1
f 885/2/1 882/2/1 881/2/1
f 886/2/1 882/2/1 885/2/1
f 891/3/1 888/3/1 887/3/1
f 892/3/1 888/3/1 891/3/1
f 895/3/1 890/3/1 889/3/1
f 896/3/1 890/3/1 895/3/1
f 902/2/1 898/2/1 897/2/1
f 903/2/1 898/2/1 902/2/1
f 904/3/1 893/3/1 892/3/1
f 905/3/1 893/3/1 904/3/1
f 906/3/1 895/3/1 894/3/1
f 907/3/1 895/3/1 906/3/1
f 908/2/1 900/2/1 899/2/1
f 909/2/1 900/2/1 908/2/1
f 911/2/1 902/2/1 901/2/1
f 912/2/1 902/2/1 911/2/1
f 915/2/1 910/2/1 909/2/1
f 916/2/1 910/2/1 915/2/1
f 917/2/1 913/2/1 912/2/1
f 918/2/1 913/2/1 917/2/1
f 921/2/1 915/2/1 914/2/1
f 922/2/1 915/2/1 921/2/1
f 923/2/1 919/2/1 918/2/1
f 924/2/1 919/2/1 923/2/1
f 927/2/1 921/2/1 920/2/1
f 928/2/1 921/2/1 927/2/1
f 929/2/1 925/2/1 924/2/1
f 930/2/1 925/2/1 929/2/1
f 931/2/1 927/2/1 926/2/1
f 932/2/1 927/2/1 931/2/1
f 937/2/1 934/2/1 933/2/1
f 938/2/1 934/2/1 937/2/1
f 943/2/1 936/2/1 935/2/1
f 944/2/1 936/2/1 943/2/1
f 945/2/1 940/2/1 939/2/1
f 946/2/1 940/2/1 945/2/1
f 947/2/1 942/2/1 941/2/1
f 948/2/1 942/2/1 947/2/1
f 954/3/1 950/3/1 949/3/1
f 955/3/1 950/3/1 954/3/1
f 956/3/1 952/3/1 951/3/1
f 957/3/1 952/3/1 956/3/1
f 960/3/1 954/3/1 953/3/1
f 961/3/1 954/3/1 960/3/1
f 962/3/1 958/3/1 957/3/1
f 963/3/1 958/3/1 962/3/1
f 966/3/1 960/3/1 959/3/1
f 967/3/1 960/3/1 966/3/1
f 968/3/1 964/3/1 963/3/1
f 969/3/1 964/3/1 968/3/1
f 971/3/1 966/3/1 965/3/1
f 972/3/1 966/3/1 971/3/1
f 975/3/1 970/3/1 969/3/1
f 976/3/1 970/3/1 975/3/1
f 977/3/1 973/3/1 972/3/1
f 978/3/1 973/3/1 977/3/1
f 981/3/1 975/3/1 974/3/1
f 982/3/1 975/3/1 981/3/1
f 983/3/1 979/3/1 978/3/1
f 984/3/1 979/3/1 983/3/1
f 987/3/1 981/3/1 980/3/1
f 988/3/1 981/3/1 987/3/1
f 989/3/1 985/3/1 984/3/1
f 990/3/1 985/3/1 989/3/1
f 991/3/1 987/3/1 986/3/1
f 992/3/1 987/3/1 991/3/1
f 997/2/1 994/2/1 993/2/1
f 998/2/1 994/2/1 997/2/1
f 1001/2/1 996/2/1 995/2/1
f 1002/2/1 996/2/1 1001/2/1
f 1003/2/1 999/2/1 998/2/1
f 1004/2/1 999/2/1 1003/2/1
f 1007/2/1 1001/2/1 1000/2/1
f 1008/2/1 1001/2/1 1007/2/1
f 1009/2/1 1005/2/1 1004/2/1
f 1010/2/1 1005/2/1 1009/2/1
f 1013/2/1 1007/2/1 1006/2/1
f 1014/2/1 1007/2/1 1013/2/1
f 1015/2/1 1011/2/1 1010/2/1
f 1016/2/1 1011/2/1 1015/2/1
f 1019/2/1 1013/2/1 1012/2/1
f 1020/2/1 1013/2/1 1019/2/1
f 1021/2/1 1017/2/1 1016/2/1
f 1022/2/1 1017/2/1 1021/2/1
f 1027/2/1 1019/2/1 1018/2/1
f 1028/2/1 1019/2/1 1027/2/1
f 1029/2/1 1024/2/1 1023/2/1
f 1030/2/1 1024/2/1 1029/2/1
f 1031/2/1 1026/2/1 1025/2/1
f 1032/2/1 1026/2/1 1031/2/1
f 1037/2/1 1034/2/1 1033/2/1
f 1038/2/1 1034/2/1 1037/2/1
f 1041/2/1 1036/2/1 1035/2/1
f 1042/2/1 1036/2/1 1041/2/1
f 1043/2/1 1040/2/1 1039/2/1
f 1044/2/1 1040/2/1 1043/2/1
f 1049/3/1 1046/3/1 1045/3/1
f 1050/3/1 1046/3/1 1049/3/1
f 1053/3/1 1048/3/1 1047/3/1
f 1054/3/1 1048/3/1 1053/3/1
f 1055/3/1 1051/3/1 1050/3/1
f 1056/3/1 1051/3/1 1055/3/1
f 1057/3/1 1053/3/1 1052/3/1
f 1058/3/1 1053/3/1 1057/3/1
f 1063/2/1 1060/2/1 1059/2/1
f 1064/2/1 1060/2/1 1063/2/1
f 1069/2/1 1062/2/1 1061/2/1
f 1070/2/1 1062/2/1 1069/2/1
f 1071/2/1 1066/2/1 1065/2/1
f 1072/2/1 1066/2/1 1071/2/1
f 1077/2/1 1068/2/1 1067/2/1
f 1078/2/1 1068/2/1 1077/2/1
f 1079/2/1 1074/2/1 1073/2/1
f 1080/2/1 1074/2/1 1079/2/1
f 1081/2/1 1076/2/1 1075/2/1
f 1082/2/1 1076/2/1 1081/2/1
f 1087/2/1 1084/2/1 1083/2/1
f 1088/2/1 1084/2/1 1087/2/1
f 1089/2/1 1086/2/1 1085/2/1
f 1090/2/1 1086/2/1 1089/2/1
f 1095/2/1 1092/2/1 1091/2/1
f 1096/2/1 1092/2/1 1095/2/1
f 1097/2/1 1094/2/1 1093/2/1
f 1098/2/1 1094/2/1 1097/2/1
f 1103/2/1 1100/2/1 1099/2/1
f 1104/2/1 1100/2/1 1103/2/1
f 1105/2/1 1102/2/1 1101/2/1
f 1106/2/1 1102/2/1 1105/2/1
f 1111/2/1 1108/2/1 1107/2/1
f 1112/2/1 1108/2/1 1111/2/1
f 1113/2/1 1110/2/1 1109/2/1
f 1114/2/1 1110/2/1 1113/2/1
f 1119/2/1 1116/2/1 1115/2/1
f 1120/2/1 1116/2/1 1119/2/1
f 1121/2/1 1118/2/1 1117/2/1
f 1122/2/1 1118/2/1 1121/2/1
f 1127/2/1 1124/2/1 1123/2/1
f 1128/2/1 1124/2/1 1127/2/1
f 1129/2/1 1126/2/1 1125/2/1
f 1130/2/1 1126/2/1 1129/2/1
f 1135/2/1 1132/2/1 1131/2/1
f 1136/2/1 1132/2/1 1135/2/1
f 1137/2/1 1134/2/1 1133/2/1
f 1138/2/1 1134/2/1 1137/2/1
f 1143/2/1 1140/2/1 1139/2/1
f 1144/2/1 1140/2/1 1143/2/1
f 1145/2/1 1142/2/1 1141/2/1
f 1146/2/1 1142/2/1 1145/2/1
f 1149/2/1 1148/2/1 1147/2/1
f 1150/2/1 1148/2/1 1149/2/1
f 1151/2/2 1152/2/2 1153/2/2
f 1153/2/2 1152/2/2 1154/2/2
f 1155/2/2 1156/2/2 1159/2/2
f 1159/2/2 1156/2/2 1160/2/2
f 1157/2/2 1158/2/2 1161/2/2
f 1161/2/2 1158/2/2 1162/2/2
f 1163/2/2 1164/2/2 1167/2/2
f 1167/2/2 1164/2/2 1168/2/2
f 1165/2/2 1166/2/2 1169/2/2
f 1169/2/2 1166/2/2 1170/2/2
f 1171/2/2 1172/2/2 1175/2/2
f 1175/2/2 1172/2/2 1176/2/2
f 1173/2/2 1174/2/2 1177/2/2
f 1177/2/2 1174/2/2 1178/2/2
f 1179/2/2 1180/2/2 1183/2/2
f 1183/2/2 1180/2/2 1184/2/2
f 1181/2/2 1182/2/2 1185/2/2
f 1185/2/2 1182/2/2 1186/2/2
f 1187/2/2 1188/2/2 1191/2/2
f 1191/2/2 1188/2/2 1192/2/2
f 1189/2/2 1190/2/2 1193/2/2
f 1193/2/2 1190/2/2 1194/2/2
f 1195/2/2 1196/2/2 1199/2/2
f 1199/2/2 1196/2/2 1200/2/2
f 1197/2/2 1198/2/2 1201/2/2
f 1201/2/2 1198/2/2 1202/2/2
f 1203/2/2 1204/2/2 1207/2/2
f 1207/2/2 1204/2/2 1208/2/2
f 1205/2/2 1206/2/2 1209/2/2
f 1209/2/2 1206/2/2 1210/2/2
f 1211/2/2 1212/2/2 1215/2/2
f 1215/2/2 1212/2/2 1216/2/2
f 1213/2/2 1214/2/2 1217/2/2
f 1217/2/2 1214/2/2 1218/2/2
f 1219/3/2 1220/3/2 1223/3/2
f 1223/3/2 1220/3/2 1224/3/2
f 1221/3/2 1222/3/2 1227/3/2
f 1227/3/2 1222/3/2 1228/3/2
f 1224/3/2 1225/3/2 1229/3/2
f 1229/3/2 1225/3/2 1230/3/2
f 1226/3/2 1227/3/2 1231/3/2
f 1231/3/2 1227/3/2 1232/3/2
f 1233/2/2 1234/2/2 1237/2/2
f 1237/2/2 1234/2/2 1238/2/2
f 1235/2/2 1236/2/2 1243/2/2
f 1243/2/2 1236/2/2 1244/2/2
f 1239/2/2 1240/2/2 1245/2/2
f 1245/2/2 1240/2/2 1246/2/2
f 1241/2/2 1242/2/2 1251/2/2
f 1251/2/2 1242/2/2 1252/2/2
f 1247/2/2 1248/2/2 1253/2/2
f 1253/2/2 1248/2/2 1254/2/2
f 1249/2/2 1250/2/2 1255/2/2
f 1255/2/2 1250/2/2 1256/2/2
f 1257/3/2 1258/3/2 1262/3/2
f 1262/3/2 1258/3/2 1263/3/2
f 1259/3/2 1260/3/2 1264/3/2
f 1264/3/2 1260/3/2 1265/3/2
f 1261/3/2 1262/3/2 1268/3/2
f 1268/3/2 1262/3/2 1269/3/2
f 1265/3/2 1266/3/2 1270/3/2
f 1270/3/2 1266/3/2 1271/3/2
f 1267/3/2 1268/3/2 1274/3/2
f 1274/3/2 1268/3/2 1275/3/2
f 1271/3/2 1272/3/2 1276/3/2
f 1276/3/2 1272/3/2 1277/3/2
f 1273/3/2 1274/3/2 1279/3/2
f 1279/3/2 1274/3/2 1280/3/2
f 1277/3/2 1278/3/2 1283/3/2
f 1283/3/2 1278/3/2 1284/3/2
f 1280/3/2 1281/3/2 1285/3/2
f 1285/3/2 1281/3/2 1286/3/2
f 1282/3/2 1283/3/2 1289/3/2
f 1289/3/2 1283/3/2 1290/3/2
f 1286/3/2 1287/3/2 1291/3/2
f 1291/3/2 1287/3/2 1292/3/2
f 1288/3/2 1289/3/2 1295/3/2
f 1295/3/2 1289/3/2 1296/3/2
f 1292/3/2 1293/3/2 1297/3/2
f 1297/3/2 1293/3/2 1298/3/2
f 1294/3/2 1295/3/2 1299/3/2
f 1299/3/2 1295/3/2 1300/3/2
f 1301/2/2 1302/2/2 1305/2/2
f 1305/2/2 1302/2/2 1306/2/2
f 1303/2/2 1304/2/2 1309/2/2
f 1309/2/2 1304/2/2 1310/2/2
f 1306/2/2 1307/2/2 1311/2/2
f 1311/2/2 1307/2/2 1312/2/2
f 1308/2/2 1309/2/2 1315/2/2
f 1315/2/2 1309/2/2 1316/2/2
f 1312/2/2 1313/2/2 1317/2/2
f 1317/2/2 1313/2/2 1318/2/2
f 1314/2/2 1315/2/2 1321/2/2
f 1321/2/2 1315/2/2 1322/2/2
f 1318/2/2 1319/2/2 1323/2/2
f 1323/2/2 1319/2/2 1324/2/2
f 1320/2/2 1321/2/2 1327/2/2
f 1327/2/2 1321/2/2 1328/2/2
f 1324/2/2 1325/2/2 1329/2/2
f 1329/2/2 1325/2/2 1330/2/2
f 1326/2/2 1327/2/2 1335/2/2
f 1335/2/2 1327/2/2 1336/2/2
f 1331/2/2 1332/2/2 1337/2/2
f 1337/2/2 1332/2/2 1338/2/2
f 1333/2/2 1334/2/2 1339/2/2
f 1339/2/2 1334/2/2 1340/2/2
f 1341/2/2 1342/2/2 1345/2/2
f 1345/2/2 1342/2/2 1346/2/2
f 1343/2/2 1344/2/2 1349/2/2
f 1349/2/2 1344/2/2 1350/2/2
f 1347/2/2 1348/2/2 1351/2/2
f 1351/2/2 1348/2/2 1352/2/2
f 1353/3/2 1354/3/2 1357/3/2
f 1357/3/2 1354/3/2 1358/3/2
f 1355/3/2 1356/3/2 1361/3/2
f 1361/3/2 1356/3/2 1362/3/2
f 1363/2/2 1364/2/2 1368/2/2
f 1368/2/2 1364/2/2 1369/2/2
f 1358/3/2 1359/3/2 1370/3/2
f 1370/3/2 1359/3/2 1371/3/2
f 1360/3/2 1361/3/2 1372/3/2
f 1372/3/2 1361/3/2 1373/3/2
f 1365/2/2 1366/2/2 1374/2/2
f 1374/2/2 1366/2/2 1375/2/2
f 1367/2/2 1368/2/2 1377/2/2
f 1377/2/2 1368/2/2 1378/2/2
f 1375/2/2 1376/2/2 1381/2/2
f 1381/2/2 1376/2/2 1382/2/2
f 1378/2/2 1379/2/2 1383/2/2
f 1383/2/2 1379/2/2 1384/2/2
f 1380/2/2 1381/2/2 1387/2/2
f 1387/2/2 1381/2/2 1388/2/2
f 1384/2/2 1385/2/2 1389/2/2
f 1389/2/2 1385/2/2 1390/2/2
f 1386/2/2 1387/2/2 1393/2/2
f 1393/2/2 1387/2/2 1394/2/2
f 1390/2/2 1391/2/2 1395/2/2
f 1395/2/2 1391/2/2 1396/2/2
f 1392/2/2 1393/2/2 1397/2/2
f 1397/2/2 1393/2/2 1398/2/2
f 1399/2/2 1400/2/2 1403/2/2
f 1403/2/2 1400/2/2 1404/2/2
f 1401/2/2 1402/2/2 1409/2/2
f 1409/2/2 1402/2/2 1410/2/2
f 1405/2/2 1406/2/2 1411/2/2
f 1411/2/2 1406/2/2 1412/2/2
f 1407/2/2 1408/2/2 1413/2/2
f 1413/2/2 1408/2/2 1414/2/2
f 1415/3/2 1416/3/2 1420/3/2
f 1420/3/2 1416/3/2 1421/3/2
f 1417/3/2 1418/3/2 1422/3/2
f 1422/3/2 1418/3/2 1423/3/2
f 1419/3/2 1420/3/2 1426/3/2
f 1426/3/2 1420/3/2 1427/3/2
f 1423/3/2 1424/3/2 1428/3/2
f 1428/3/2 1424/3/2 1429/3/2
f 1425/3/2 1426/3/2 1432/3/2
f 1432/3/2 1426/3/2 1433/3/2
f 1429/3/2 1430/3/2 1434/3/2
f 1434/3/2 1430/3/2 1435/3/2
f 1431/3/2 1432/3/2 1437/3/2
f 1437/3/2 1432/3/2 1438/3/2
f 1435/3/2 1436/3/2 1441/3/2
f 1441/3/2 1436/3/2 1442/3/2
f 1438/3/2 1439/3/2 1443/3/2
f 1443/3/2 1439/3/2 1444/3/2
f 1440/3/2 1441/3/2 1447/3/2
f 1447/3/2 1441/3/2 1448/3/2
f 1444/3/2 1445/3/2 1449/3/2
f 1449/3/2 1445/3/2 1450/3/2
f 1446/3/2 1447/3/2 1453/3/2
f 1453/3/2 1447/3/2 1454/3/2
f 1450/3/2 1451/3/2 1455/3/2
f 1455/3/2 1451/3/2 1456/3/2
f 1452/3/2 1453/3/2 1457/3/2
f 1457/3/2 1453/3/2 1458/3/2
f 1459/3/2 1460/3/2 1463/3/2
f 1463/3/2 1460/3/2 1464/3/2
f 1461/3/2 1462/3/2 1465/3/2
f 1465/3/2 1462/3/2 1466/3/2
f 1467/2/2 1468/2/2 1471/2/2
f 1471/2/2 1468/2/2 1472/2/2
f 1469/2/2 1470/2/2 1475/2/2
f 1475/2/2 1470/2/2 1476/2/2
f 1472/2/2 1473/2/2 1477/2/2
f 1477/2/2 1473/2/2 1478/2/2
f 1474/2/2 1475/2/2 1483/2/2
f 1483/2/2 1475/2/2 1484/2/2
f 1479/2/2 1480/2/2 1485/2/2
f 1485/2/2 1480/2/2 1486/2/2
f 1481/2/2 1482/2/2 1491/2/2
f 1491/2/2 1482/2/2 1492/2/2
f 1487/2/2 1488/2/2 1493/2/2
f 1493/2/2 1488/2/2 1494/2/2
f 1489/2/2 1490/2/2 1497/2/2
f 1497/2/2 1490/2/2 1498/2/2
f 1495/2/2 1496/2/2 1499/2/2
f 1499/2/2 1496/2/2 1500/2/2
f 1501/3/2 1502/3/2 1506/3/2
f 1506/3/2 1502/3/2 1507/3/2
f 1503/3/2 1504/3/2 1508/3/2
f 1508/3/2 1504/3/2 1509/3/2
f 1505/3/2 1506/3/2 1511/3/2
f 1511/3/2 1506/3/2 1512/3/2
f 1509/3/2 1510/3/2 1513/3/2
f 1513/3/2 1510/3/2 1514/3/2
f 1515/3/2 1516/3/2 1519/3/2
f 1519/3/2 1516/3/2 1520/3/2
f 1517/3/2 1518/3/2 1523/3/2
f 1523/3/2 1518/3/2 1524/3/2
f 1520/3/2 1521/3/2 1525/3/2
f 1525/3/2 1521/3/2 1526/3/2
f 1522/3/2 1523/3/2 1529/3/2
f 1529/3/2 1523/3/2 1530/3/2
f 1526/3/2 1527/3/2 1531/3/2
f 1531/3/2 1527/3/2 1532/3/2
f 1528/3/2 1529/3/2 1535/3/2
f 1535/3/2 1529/3/2 1536/3/2
f 1532/3/2 1533/3/2 1537/3/2
f 1537/3/2 1533/3/2 1538/3/2
f 1534/3/2 1535/3/2 1539/3/2
f 1539/3/2 1535/3/2 1540/3/2
f 1541/2/2 1542/2/2 1545/2/2
f 1545/2/2 1542/2/2 1546/2/2
f 1543/2/2 1544/2/2 1549/2/2
f 1549/2/2 1544/2/2 1550/2/2
f 1546/2/2 1547/2/2 1551/2/2
f 1551/2/2 1547/2/2 1552/2/2
f 1548/2/2 1549/2/2 1555/2/2
f 1555/2/2 1549/2/2 1556/2/2
f 1552/2/2 1553/2/2 1557/2/2
f 1557/2/2 1553/2/2 1558/2/2
f 1554/2/2 1555/2/2 1561/2/2
f 1561/2/2 1555/2/2 1562/2/2
f 1558/2/2 1559/2/2 1563/2/2
f 1563/2/2 1559/2/2 1564/2/2
f 1560/2/2 1561/2/2 1565/2/2
f 1565/2/2 1561/2/2 1566/2/2
f 1567/2/2 1568/2/2 1571/2/2
f 1571/2/2 1568/2/2 1572/2/2
f 1569/2/2 1570/2/2 1577/2/2
f 1577/2/2 1570/2/2 1578/2/2
f 1573/2/2 1574/2/2 1579/2/2
f 1579/2/2 1574/2/2 1580/2/2
f 1575/2/2 1576/2/2 1581/2/2
f 1581/2/2 1576/2/2 1582/2/2
f 1583/3/2 1584/3/2 1588/3/2
f 1588/3/2 1584/3/2 1589/3/2
f 1585/3/2 1586/3/2 1590/3/2
f 1590/3/2 1586/3/2 1591/3/2
f 1587/3/2 1588/3/2 1595/3/2
f 1595/3/2 1588/3/2 1596/3/2
f 1591/3/2 1592/3/2 1597/3/2
f 1597/3/2 1592/3/2 1598/3/2
f 1593/3/2 1594/3/2 1602/3/2
f 1602/3/2 1594/3/2 1603/3/2
f 1599/3/2 1600/3/2 1604/3/2
f 1604/3/2 1600/3/2 1605/3/2
f 1601/3/2 1602/3/2 1607/3/2
f 1607/3/2 1602/3/2 1608/3/2
f 1605/3/2 1606/3/2 1611/3/2
f 1611/3/2 1606/3/2 1612/3/2
f 1608/3/2 1609/3/2 1613/3/2
f 1613/3/2 1609/3/2 1614/3/2
f 1610/3/2 1611/3/2 1619/3/2
f 1619/3/2 1611/3/2 1620/3/2
f 1615/3/2 1616/3/2 1621/3/2
f 1621/3/2 1616/3/2 1622/3/2
f 1617/3/2 1618/3/2 1625/3/2
f 1625/3/2 1618/3/2 1626/3/2
f 1622/3/2 1623/3/2 1627/3/2
f 1627/3/2 1623/3/2 1628/3/2
f 1624/3/2 1625/3/2 1633/3/2
f 1633/3/2 1625/3/2 1634/3/2
f 1629/3/2 1630/3/2 1635/3/2
f 1635/3/2 1630/3/2 1636/3/2
f 1631/3/2 1632/3/2 1637/3/2
f 1637/3/2 1632/3/2 1638/3/2
f 1639/2/2 1640/2/2 1644/2/2
f 1644/2/2 1640/2/2 1645/2/2
f 1636/3/2 1637/3/2 1646/3/2
f 1646/3/2 1637/3/2 1647/3/2
f 1641/2/2 1642/2/2 1648/2/2
f 1648/2/2 1642/2/2 1649/2/2
f 1643/2/2 1644/2/2 1651/2/2
f 1651/2/2 1644/2/2 1652/2/2
f 1649/2/2 1650/2/2 1655/2/2
f 1655/2/2 1650/2/2 1656/2/2
f 1652/2/2 1653/2/2 1657/2/2
f 1657/2/2 1653/2/2 1658/2/2
f 1654/2/2 1655/2/2 1661/2/2
f 1661/2/2 1655/2/2 1662/2/2
f 1658/2/2 1659/2/2 1663/2/2
f 1663/2/2 1659/2/2 1664/2/2
f 1660/2/2 1661/2/2 1665/2/2
f 1665/2/2 1661/2/2 1666/2/2
f 1667/2/2 1668/2/2 1671/2/2
f 1671/2/2 1668/2/2 1672/2/2
f 1669/2/2 1670/2/2 1675/2/2
f 1675/2/2 1670/2/2 1676/2/2
f 1672/2/2 1673/2/2 1677/2/2
f 1677/2/2 1673/2/2 1678/2/2
f 1674/2/2 1675/2/2 1681/2/2
f 1681/2/2 1675/2/2 1682/2/2
f 1678/2/2 1679/2/2 1683/2/2
f 1683/2/2 1679/2/2 1684/2/2
f 1680/2/2 1681/2/2 1689/2/2
f 1689/2/2 1681/2/2 1690/2/2
f 1685/2/2 1686/2/2 1691/2/2
f 1691/2/2 1686/2/2 1692/2/2
f 1687/2/2 1688/2/2 1695/2/2
f 1695/2/2 1688/2/2 1696/2/2
f 1693/2/2 1694/2/2 1697/2/2
f 1697/2/2 1694/2/2 1698/2/2
f 1699/3/2 1700/3/2 1704/3/2
f 1704/3/2 1700/3/2 1705/3/2
f 1701/3/2 1702/3/2 1706/3/2
f 1706/3/2 1702/3/2 1707/3/2
f 1703/3/2 1704/3/2 1711/3/2
f 1711/3/2 1704/3/2 1712/3/2
f 1707/3/2 1708/3/2 1713/3/2
f 1713/3/2 1708/3/2 1714/3/2
f 1709/3/2 1710/3/2 1718/3/2
f 1718/3/2 1710/3/2 1719/3/2
f 1715/3/2 1716/3/2 1720/3/2
f 1720/3/2 1716/3/2 1721/3/2
f 1717/3/2 1718/3/2 1723/3/2
f 1723/3/2 1718/3/2 1724/3/2
f 1721/3/2 1722/3/2 1727/3/2
f 1727/3/2 1722/3/2 1728/3/2
f 1724/3/2 1725/3/2 1729/3/2
f 1729/3/2 1725/3/2 1730/3/2
f 1726/3/2 1727/3/2 1735/3/2
f 1735/3/2 1727/3/2 1736/3/2
f 1731/3/2 1732/3/2 1737/3/2
f 1737/3/2 1732/3/2 1738/3/2
f 1733/3/2 1734/3/2 1741/3/2
f 1741/3/2 1734/3/2 1742/3/2
f 1738/3/2 1739/3/2 1743/3/2
f 1743/3/2 1739/3/2 1744/3/2
f 1740/3/2 1741/3/2 1747/3/2
f 1747/3/2 1741/3/2 1748/3/2
f 1745/3/2 1746/3/2 1749/3/2
f 1749/3/2 1746/3/2 1750/3/2
f 1751/2/2 1752/2/2 1755/2/2
f 1755/2/2 1752/2/2 1756/2/2
f 1753/2/2 1754/2/2 1759/2/2
f 1759/2/2 1754/2/2 1760/2/2
f 1756/2/2 1757/2/2 1761/2/2
f 1761/2/2 1757/2/2 1762/2/2
f 1758/2/2 1759/2/2 1765/2/2
f 1765/2/2 1759/2/2 1766/2/2
f 1762/2/2 1763/2/2 1767/2/2
f 1767/2/2 1763/2/2 1768/2/2
f 1764/2/2 1765/2/2 1769/2/2
f 1769/2/2 1765/2/2 1770/2/2
f 1771/2/2 1772/2/2 1775/2/2
f 1775/2/2 1772/2/2 1776/2/2
f 1773/2/2 1774/2/2 1779/2/2
f 1779/2/2 1774/2/2 1780/2/2
f 1776/2/2 1777/2/2 1781/2/2
f 1781/2/2 1777/2/2 1782/2/2
f 1778/2/2 1779/2/2 1787/2/2
f 1787/2/2 1779/2/2 1788/2/2
f 1783/2/2 1784/2/2 1789/2/2
f 1789/2/2 1784/2/2 1790/2/2
f 1785/2/2 1786/2/2 1791/2/2
f 1791/2/2 1786/2/2 1792/2/2
f 1793/3/2 1794/3/2 1796/3/2
f 1796/3/2 1794/3/2 1797/3/2
f 1795/3/2 1796/3/2 1800/3/2
f 1800/3/2 1796/3/2 1801/3/2
f 1797/3/2 1798/3/2 1802/3/2
f 1802/3/2 1798/3/2 1803/3/2
f 1799/3/2 1800/3/2 1806/3/2
f 1806/3/2 1800/3/2 1807/3/2
f 1803/3/2 1804/3/2 1808/3/2
f 1808/3/2 1804/3/2 1809/3/2
f 1805/3/2 1806/3/2 1811/3/2
f 1811/3/2 1806/3/2 1812/3/2
f 1809/3/2 1810/3/2 1815/3/2
f 1815/3/2 1810/3/2 1816/3/2
f 1812/3/2 1813/3/2 1817/3/2
f 1817/3/2 1813/3/2 1818/3/2
f 1814/3/2 1815/3/2 1821/3/2
f 1821/3/2 1815/3/2 1822/3/2
f 1818/3/2 1819/3/2 1823/3/2
f 1823/3/2 1819/3/2 1824/3/2
f 1820/3/2 1821/3/2 1825/3/2
f 1825/3/2 1821/3/2 1826/3/2
f 1824/3/2 1825/3/2 1827/3/2
f 1827/3/2 1825/3/2 1828/3/2
f 1829/2/2 1830/2/2 1834/2/2
f 1834/2/2 1830/2/2 1835/2/2
f 1831/2/2 1832/2/2 1836/2/2
f 1836/2/2 1832/2/2 1837/2/2
f 1833/2/2 1834/2/2 1839/2/2
f 1839/2/2 1834/2/2 1840/2/2
f 1837/2/2 1838/2/2 1843/2/2
f 1843/2/2 1838/2/2 1844/2/2
f 1840/2/2 1841/2/2 1845/2/2
f 1845/2/2 1841/2/2 1846/2/2
f 1842/2/2 1843/2/2 1849/2/2
f 1849/2/2 1843/2/2 1850/2/2
f 1846/2/2 1847/2/2 1851/2/2
f 1851/2/2 1847/2/2 1852/2/2
f 1848/2/2 1849/2/2 1853/2/2
f 1853/2/2 1849/2/2 1854/2/2
f 1855/2/2 1856/2/2 1859/2/2
f 1859/2/2 1856/2/2 1860/2/2
f 1857/2/2 1858/2/2 1863/2/2
f 1863/2/2 1858/2/2 1864/2/2
f 1860/2/2 1861/2/2 1865/2/2
f 1865/2/2 1861/2/2 1866/2/2
f 1862/2/2 1863/2/2 1869/2/2
f 1869/2/2 1863/2/2 1870/2/2
f 1866/2/2 1867/2/2 1871/2/2
f 1871/2/2 1867/2/2 1872/2/2
f 1868/2/2 1869/2/2 1877/2/2
f 1877/2/2 1869/2/2 1878/2/2
f 1873/2/2 1874/2/2 1879/2/2
f 1879/2/2 1874/2/2 1880/2/2
f 1875/2/2 1876/2/2 1883/2/2
f 1883/2/2 1876/2/2 1884/2/2
f 1880/2/2 1881/2/2 1885/2/2
f 1885/2/2 1881/2/2 1886/2/2
f 1882/2/2 1883/2/2 1889/2/2
f 1889/2/2 1883/2/2 1890/2/2
f 1887/2/2 1888/2/2 1891/2/2
f 1891/2/2 1888/2/2 1892/2/2
f 1893/3/2 1894/3/2 1896/3/2
f 1896/3/2 1894/3/2 1897/3/2
f 1895/3/2 1896/3/2 1900/3/2
f 1900/3/2 1896/3/2 1901/3/2
f 1897/3/2 1898/3/2 1902/3/2
f 1902/3/2 1898/3/2 1903/3/2
f 1899/3/2 1900/3/2 1905/3/2
f 1905/3/2 1900/3/2 1906/3/2
f 1903/3/2 1904/3/2 1909/3/2
f 1909/3/2 1904/3/2 1910/3/2
f 1906/3/2 1907/3/2 1911/3/2
f 1911/3/2 1907/3/2 1912/3/2
f 1908/3/2 1909/3/2 1913/3/2
f 1913/3/2 1909/3/2 1914/3/2
f 1912/3/2 1913/3/2 1915/3/2
f 1915/3/2 1913/3/2 1916/3/2
f 1917/2/2 1918/2/2 1921/2/2
f 1921/2/2 1918/2/2 1922/2/2
f 1919/2/2 1920/2/2 1923/2/2
f 1923/2/2 1920/2/2 1924/2/2
f 1925/2/2 1926/2/2 1929/2/2
f 1929/2/2 1926/2/2 1930/2/2
f 1927/2/2 1928/2/2 1933/2/2
f 1933/2/2 1928/2/2 1934/2/2
f 1930/2/2 1931/2/2 1935/2/2
f 1935/2/2 1931/2/2 1936/2/2
f 1932/2/2 1933/2/2 1939/2/2
f 1939/2/2 1933/2/2 1940/2/2
f 1936/2/2 1937/2/2 1941/2/2
f 1941/2/2 1937/2/2 1942/2/2
f 1938/2/2 1939/2/2 1947/2/2
f 1947/2/2 1939/2/2 1948/2/2
f 1943/2/2 1944/2/2 1949/2/2
f 1949/2/2 1944/2/2 1950/2/2
f 1945/2/2 1946/2/2 1953/2/2
f 1953/2/2 1946/2/2 1954/2/2
f 1950/2/2 1951/2/2 1955/2/2
f 1955/2/2 1951/2/2 1956/2/2
f 1952/2/2 1953/2/2 1959/2/2
f 1959/2/2 1953/2/2 1960/2/2
f 1956/2/2 1957/2/2 1961/2/2
f 1961/2/2 1957/2/2 1962/2/2
f 1958/2/2 1959/2/2 1965/2/2
f 1965/2/2 1959/2/2 1966/2/2
f 1962/2/2 1963/2/2 1967/2/2
f 1967/2/2 1963/2/2 1968/2/2
f 1964/2/2 1965/2/2 1971/2/2
f 1971/2/2 1965/2/2 1972/2/2
f 1968/2/2 1969/2/2 1973/2/2
f 1973/2/2 1969/2/2 1974/2/2
f 1970/2/2 1971/2/2 1975/2/2
f 1975/2/2 1971/2/2 1976/2/2
f 1977/3/2 1978/3/2 1980/3/2
f 1980/3/2 1978/3/2 1981/3/2
f 1979/3/2 1980/3/2 1983/3/2
f 1983/3/2 1980/3/2 1984/3/2
f 1981/3/2 1982/3/2 1985/3/2
f 1985/3/2 1982/3/2 1986/3/2
f 1984/3/2 1985/3/2 1987/3/2
f 1987/3/2 1985/3/2 1988/3/2
f 1989/2/2 1990/2/2 1993/2/2
f 1993/2/2 1990/2/2 1994/2/2
f 1991/2/2 1992/2/2 1995/2/2
f 1995/2/2 1992/2/2 1996/2/2
f 1997/2/2 1998/2/2 2001/2/2
f 2001/2/2 1998/2/2 2002/2/2
f 1999/2/2 2000/2/2 2005/2/2
f 2005/2/2 2000/2/2 2006/2/2
f 2002/2/2 2003/2/2 2007/2/2
f 2007/2/2 2003/2/2 2008/2/2
f 2004/2/2 2005/2/2 2013/2/2
f 2013/2/2 2005/2/2 2014/2/2
f 2009/2/2 2010/2/2 2015/2/2
f 2015/2/2 2010/2/2 2016/2/2
f 2011/2/2 2012/2/2 2019/2/2
f 2019/2/2 2012/2/2 2020/2/2
f 2016/2/2 2017/2/2 2021/2/2
f 2021/2/2 2017/2/2 2022/2/2
f 2018/2/2 2019/2/2 2027/2/2
f 2027/2/2 2019/2/2 2028/2/2
f 2023/2/2 2024/2/2 2029/2/2
f 2029/2/2 2024/2/2 2030/2/2
f 2025/2/2 2026/2/2 2035/2/2
f 2035/2/2 2026/2/2 2036/2/2
f 2031/2/2 2032/2/2 2037/2/2
f 2037/2/2 2032/2/2 2038/2/2
f 2033/2/2 2034/2/2 2039/2/2
f 2039/2/2 2034/2/2 2040/2/2
f 2038/2/2 2039/2/2 2041/2/2
f 2041/2/2 2039/2/2 2042/2/2
f 2043/3/2 2044/3/2 2045/3/2
f 2045/3/2 2044/3/2 2046/3/2
f 2047/2/2 2048/2/2 2052/2/2
f 2052/2/2 2048/2/2 2053/2/2
f 2049/2/2 2050/2/2 2054/2/2
f 2054/2/2 2050/2/2 2055/2/2
f 2051/2/2 2052/2/2 2057/2/2
f 2057/2/2 2052/2/2 2058/2/2
f 2055/2/2 2056/2/2 2061/2/2
f 2061/2/2 2056/2/2 2062/2/2
f 2058/2/2 2059/2/2 2063/2/2
f 2063/2/2 2059/2/2 2064/2/2
f 2060/2/2 2061/2/2 2069/2/2
f 2069/2/2 2061/2/2 2070/2/2
f 2065/2/2 2066/2/2 2071/2/2
f 2071/2/2 2066/2/2 2072/2/2
f 2067/2/2 2068/2/2 2075/2/2
f 2075/2/2 2068/2/2 2076/2/2
f 2072/2/2 2073/2/2 2077/2/2
f 2077/2/2 2073/2/2 2078/2/2
f 2074/2/2 2075/2/2 2083/2/2
f 2083/2/2 2075/2/2 2084/2/2
f 2079/2/2 2080/2/2 2085/2/2
f 2085/2/2 2080/2/2 2086/2/2
f 2081/2/2 2082/2/2 2089/2/2
f 2089/2/2 2082/2/2 2090/2/2
f 2086/2/2 2087/2/2 2091/2/2
f 2091/2/2 2087/2/2 2092/2/2
f 2088/2/2 2089/2/2 2095/2/2
f 2095/2/2 2089/2/2 2096/2/2
f 2092/2/2 2093/2/2 2097/2/2
f 2097/2/2 2093/2/2 2098/2/2
f 2094/2/2 2095/2/2 2099/2/2
f 2099/2/2 2095/2/2 2100/2/2
f 2098/2/2 2099/2/2 2101/2/2
f 2101/2/2 2099/2/2 2102/2/2
f 2103/2/2 2104/2/2 2108/2/2
f 2108/2/2 2104/2/2 2109/2/2
f 2105/2/2 2106/2/2 2110/2/2
f 2110/2/2 2106/2/2 2111/2/2
f 2107/2/2 2108/2/2 2113/2/2
f 2113/2/2 2108/2/2 2114/2/2
f 2111/2/2 2112/2/2 2117/2/2
f 2117/2/2 2112/2/2 2118/2/2
f 2114/2/2 2115/2/2 2119/2/2
f 2119/2/2 2115/2/2 2120/2/2
f 2116/2/2 2117/2/2 2125/2/2
f 2125/2/2 2117/2/2 2126/2/2
f 2121/2/2 2122/2/2 2127/2/2
f 2127/2/2 2122/2/2 2128/2/2
f 2123/2/2 2124/2/2 2131/2/2
f 2131/2/2 2124/2/2 2132/2/2
f 2128/2/2 2129/2/2 2133/2/2
f 2133/2/2 2129/2/2 2134/2/2
f 2130/2/2 2131/2/2 2137/2/2
f 2137/2/2 2131/2/2 2138/2/2
f 2134/2/2 2135/2/2 2139/2/2
f 2139/2/2 2135/2/2 2140/2/2
f 2136/2/2 2137/2/2 2143/2/2
f 2143/2/2 2137/2/2 2144/2/2
f 2140/2/2 2141/2/2 2145/2/2
f 2145/2/2 2141/2/2 2146/2/2
f 2142/2/2 2143/2/2 2147/2/2
f 2147/2/2 2143/2/2 2148/2/2
f 2146/2/2 2147/2/2 2149/2/2
f 2149/2/2 2147/2/2 2150/2/2
f 2151/2/2 2152/2/2 2156/2/2
f 2156/2/2 2152/2/2 2157/2/2
f 2153/2/2 2154/2/2 2158/2/2
f 2158/2/2 2154/2/2 2159/2/2
f 2155/2/2 2156/2/2 2161/2/2
f 2161/2/2 2156/2/2 2162/2/2
f 2159/2/2 2160/2/2 2165/2/2
f 2165/2/2 2160/2/2 2166/2/2
f 2162/2/2 2163/2/2 2167/2/2
f 2167/2/2 2163/2/2 2168/2/2
f 2164/2/2 2165/2/2 2171/2/2
f 2171/2/2 2165/2/2 2172/2/2
f 2168/2/2 2169/2/2 2173/2/2
f 2173/2/2 2169/2/2 2174/2/2
f 2170/2/2 2171/2/2 2179/2/2
f 2179/2/2 2171/2/2 2180/2/2
f 2175/2/2 2176/2/2 2181/2/2
f 2181/2/2 2176/2/2 2182/2/2
f 2177/2/2 2178/2/2 2185/2/2
f 2185/2/2 2178/2/2 2186/2/2
f 2182/2/2 2183/2/2 2187/2/2
f 2187/2/2 2183/2/2 2188/2/2
f 2184/2/2 2185/2/2 2189/2/2
f 2189/2/2 2185/2/2 2190/2/2
f 2188/2/2 2189/2/2 2191/2/2
f 2191/2/2 2189/2/2 2192/2/2
f 2193/2/2 2194/2/2 2199/2/2
f 2199/2/2 2194/2/2 2200/2/2
f 2195/2/2 2196/2/2 2201/2/2
f 2201/2/2 2196/2/2 2202/2/2
f 2197/2/2 2198/2/2 2205/2/2
f 2205/2/2 2198/2/2 2206/2/2
f 2203/2/2 2204/2/2 2211/2/2
f 2211/2/2 2204/2/2 2212/2/2
f 2207/2/2 2208/2/2 2213/2/2
f 2213/2/2 2208/2/2 2214/2/2
f 2209/2/2 2210/2/2 2217/2/2
f 2217/2/2 2210/2/2 2218/2/2
f 2214/2/2 2215/2/2 2219/2/2
f 2219/2/2 2215/2/2 2220/2/2
f 2216/2/2 2217/2/2 2225/2/2
f 2225/2/2 2217/2/2 2226/2/2
f 2221/2/2 2222/2/2 2227/2/2
f 2227/2/2 2222/2/2 2228/2/2
f 2223/2/2 2224/2/2 2231/2/2
f 2231/2/2 2224/2/2 2232/2/2
f 2229/2/2 2230/2/2 2233/2/2
f 2233/2/2 2230/2/2 2234/2/2
f 2235/2/2 2236/2/2 2240/2/2
f 2240/2/2 2236/2/2 2241/2/2
f 2237/2/2 2238/2/2 2242/2/2
f 2242/2/2 2238/2/2 2243/2/2
f 2239/2/2 2240/2/2 2245/2/2
f 2245/2/2 2240/2/2 2246/2/2
f 2243/2/2 2244/2/2 2249/2/2
f 2249/2/2 2244/2/2 2250/2/2
f 2246/2/2 2247/2/2 2251/2/2
f 2251/2/2 2247/2/2 2252/2/2
f 2248/2/2 2249/2/2 2255/2/2
f 2255/2/2 2249/2/2 2256/2/2
f 2252/2/2 2253/2/2 2257/2/2
f 2257/2/2 2253/2/2 2258/2/2
f 2254/2/2 2255/2/2 2259/2/2
f 2259/2/2 2255/2/2 2260/2/2
f 2258/2/2 2259/2/2 2261/2/2
f 2261/2/2 2259/2/2 2262/2/2
f 2263/2/2 2264/2/2 2268/2/2
f 2268/2/2 2264/2/2 2269/2/2
f 2265/2/2 2266/2/2 2270/2/2
f 2270/2/2 2266/2/2 2271/2/2
f 2267/2/2 2268/2/2 2273/2/2
f 2273/2/2 2268/2/2 2274/2/2
f 2271/2/2 2272/2/2 2277/2/2
f 2277/2/2 2272/2/2 2278/2/2
f 2274/2/2 2275/2/2 2279/2/2
f 2279/2/2 2275/2/2 2280/2/2
f 2276/2/2 2277/2/2 2281/2/2
f 2281/2/2 2277/2/2 2282/2/2
f 2280/2/2 2281/2/2 2283/2/2
f 2283/2/2 2281/2/2 2284/2/2
f 2285/2/2 2286/2/2 2288/2/2
f 2288/2/2 2286/2/2 2289/2/2
f 2287/2/2 2288/2/2 2291/2/2
f 2291/2/2 2288/2/2 2292/2/2
f 2289/2/2 2290/2/2 2293/2/2
f 2293/2/2 2290/2/2 2294/2/2
f 2292/2/2 2293/2/2 2295/2/2
f 2295/2/2 2293/2/2 2296/2/2
f 2297/2/2 2298/2/2 2299/2/2
f 2299/2/2 2298/2/2 2300/2/2
f 2303/2/3 2302/2/3 2301/2/3
f 2304/2/3 2302/2/3 2303/2/3
f 2308/2/3 2306/2/3 2305/2/3
f 2309/2/3 2306/2/3 2308/2/3
f 2311/2/3 2308/2/3 2307/2/3
f 2312/2/3 2308/2/3 2311/2/3
f 2313/2/3 2310/2/3 2309/2/3
f 2314/2/3 2310/2/3 2313/2/3
f 2315/2/3 2313/2/3 2312/2/3
f 2316/2/3 2313/2/3 2315/2/3
f 2320/2/3 2318/2/3 2317/2/3
f 2321/2/3 2318/2/3 2320/2/3
f 2323/2/3 2320/2/3 2319/2/3
f 2324/2/3 2320/2/3 2323/2/3
f 2325/2/3 2322/2/3 2321/2/3
f 2326/2/3 2322/2/3 2325/2/3
f 2331/2/3 2327/2/3 2326/2/3
f 2332/2/3 2327/2/3 2331/2/3
f 2333/2/3 2329/2/3 2328/2/3
f 2334/2/3 2329/2/3 2333/2/3
f 2335/2/3 2331/2/3 2330/2/3
f 2336/2/3 2331/2/3 2335/2/3
f 2337/2/3 2335/2/3 2334/2/3
f 2338/2/3 2335/2/3 2337/2/3
f 2342/2/3 2340/2/3 2339/2/3
f 2343/2/3 2340/2/3 2342/2/3
f 2345/2/3 2342/2/3 2341/2/3
f 2346/2/3 2342/2/3 2345/2/3
f 2347/2/3 2344/2/3 2343/2/3
f 2348/2/3 2344/2/3 2347/2/3
f 2350/2/3 2349/2/3 2348/2/3
f 2351/2/3 2349/2/3 2350/2/3
f 2354/2/3 2352/2/3 2351/2/3
f 2355/2/3 2352/2/3 2354/2/3
f 2359/2/3 2354/2/3 2353/2/3
f 2360/2/3 2354/2/3 2359/2/3
f 2361/2/3 2357/2/3 2356/2/3
f 2362/2/3 2357/2/3 2361/2/3
f 2363/2/3 2359/2/3 2358/2/3
f 2364/2/3 2359/2/3 2363/2/3
f 2365/2/3 2363/2/3 2362/2/3
f 2366/2/3 2363/2/3 2365/2/3
f 2369/2/3 2368/2/3 2367/2/3
f 2370/2/3 2368/2/3 2369/2/3
f 2375/2/3 2372/2/3 2371/2/3
f 2376/2/3 2372/2/3 2375/2/3
f 2377/2/3 2374/2/3 2373/2/3
f 2378/2/3 2374/2/3 2377/2/3
f 2380/2/3 2379/2/3 2378/2/3
f 2381/2/3 2379/2/3 2380/2/3
f 2384/2/3 2383/2/3 2382/2/3
f 2385/2/3 2383/2/3 2384/2/3
f 2388/2/3 2387/2/3 2386/2/3
f 2389/2/3 2387/2/3 2388/2/3
f 2392/2/3 2391/2/3 2390/2/3
f 2393/2/3 2391/2/3 2392/2/3
f 2399/2/3 2395/2/3 2394/2/3
f 2400/2/3 2395/2/3 2399/2/3
f 2401/2/3 2397/2/3 2396/2/3
f 2402/2/3 2397/2/3 2401/2/3
f 2403/2/3 2399/2/3 2398/2/3
f 2404/2/3 2399/2/3 2403/2/3
f 2407/2/3 2406/2/3 2405/2/3
f 2408/2/3 2406/2/3 2407/2/3
f 2412/2/3 2410/2/3 2409/2/3
f 2413/2/3 2410/2/3 2412/2/3
f 2415/2/3 2412/2/3 2411/2/3
f 2416/2/3 2412/2/3 2415/2/3
f 2417/2/3 2414/2/3 2413/2/3
f 2418/2/3 2414/2/3 2417/2/3
f 2420/2/3 2419/2/3 2418/2/3
f 2421/2/3 2419/2/3 2420/2/3
f 2424/2/3 2423/2/3 2422/2/3
f 2425/2/3 2423/2/3 2424/2/3
f 2427/2/3 2426/2/3 2425/2/3
f 2428/2/3 2426/2/3 2427/2/3
f 2431/2/3 2429/2/3 2428/2/3
f 2432/2/3 2429/2/3 2431/2/3
f 2434/2/3 2431/2/3 2430/2/3
f 2435/2/3 2431/2/3 2434/2/3
f 2436/2/3 2434/2/3 2433/2/3
f 2437/2/3 2434/2/3 2436/2/3
f 2443/2/3 2439/2/3 2438/2/3
f 2444/2/3 2439/2/3 2443/2/3
f 2445/2/3 2441/2/3 2440/2/3
f 2446/2/3 2441/2/3 2445/2/3
f 2447/2/3 2443/2/3 2442/2/3
f 2448/2/3 2443/2/3 2447/2/3
f 2449/2/3 2447/2/3 2446/2/3
f 2450/2/3 2447/2/3 2449/2/3
f 2454/2/3 2452/2/3 2451/2/3
f 2455/2/3 2452/2/3 2454/2/3
f 2457/2/3 2454/2/3 2453/2/3
f 2458/2/3 2454/2/3 2457/2/3
f 2459/2/3 2456/2/3 2455/2/3
f 2460/2/3 2456/2/3 2459/2/3
f 2463/2/3 2462/2/3 2461/2/3
f 2464/2/3 2462/2/3 2463/2/3
f 2466/2/3 2465/2/3 2464/2/3
f 2467/2/3 2465/2/3 2466/2/3
f 2469/2/3 2468/2/3 2467/2/3
f 2470/2/3 2468/2/3 2469/2/3
f 2472/2/3 2471/2/3 2470/2/3
f 2473/2/3 2471/2/3 2472/2/3
f 2476/2/3 2474/2/3 2473/2/3
f 2477/2/3 2474/2/3 2476/2/3
f 2479/2/3 2476/2/3 2475/2/3
f 2480/2/3 2476/2/3 2479/2/3
f 2482/2/3 2479/2/3 2478/2/3
f 2483/2/3 2479/2/3 2482/2/3
f 2485/2/3 2482/2/3 2481/2/3
f 2486/2/3 2482/2/3 2485/2/3
f 2487/2/3 2485/2/3 2484/2/3
f 2488/2/3 2485/2/3 2487/2/3
f 2493/2/3 2490/2/3 2489/2/3
f 2494/2/3 2490/2/3 2493/2/3
f 2495/2/3 2492/2/3 2491/2/3
f 2496/2/3 2492/2/3 2495/2/3
f 2497/2/3 2495/2/3 2494/2/3
f 2498/2/3 2495/2/3 2497/2/3
f 2502/2/3 2500/2/3 2499/2/3
f 2503/2/3 2500/2/3 2502/2/3
f 2505/2/3 2502/2/3 2501/2/3
f 2506/2/3 2502/2/3 2505/2/3
f 2507/2/3 2504/2/3 2503/2/3
f 2508/2/3 2504/2/3 2507/2/3
f 2511/2/3 2510/2/3 2509/2/3
f 2512/2/3 2510/2/3 2511/2/3
f 2514/2/3 2513/2/3 2512/2/3
f 2515/2/3 2513/2/3 2514/2/3
f 2518/2/3 2517/2/3 2516/2/3
f 2519/2/3 2517/2/3 2518/2/3
f 2521/2/3 2520/2/3 2519/2/3
f 2522/2/3 2520/2/3 2521/2/3
f 2526/2/3 2523/2/3 2522/2/3
f 2527/2/3 2523/2/3 2526/2/3
f 2529/3/3 2525/3/3 2524/3/3
f 2530/3/3 2525/3/3 2529/3/3
f 2532/2/3 2528/2/3 2527/2/3
f 2533/2/3 2528/2/3 2532/2/3
f 2535/2/3 2532/2/3 2531/2/3
f 2536/2/3 2532/2/3 2535/2/3
f 2538/2/3 2535/2/3 2534/2/3
f 2539/2/3 2535/2/3 2538/2/3
f 2540/2/3 2538/2/3 2537/2/3
f 2541/2/3 2538/2/3 2540/2/3
f 2545/2/3 2543/2/3 2542/2/3
f 2546/2/3 2543/2/3 2545/2/3
f 2547/2/3 2545/2/3 2544/2/3
f 2548/2/3 2545/2/3 2547/2/3
f 2553/2/3 2550/2/3 2549/2/3
f 2554/2/3 2550/2/3 2553/2/3
f 2555/2/3 2552/2/3 2551/2/3
f 2556/2/3 2552/2/3 2555/2/3
f 2557/2/3 2555/2/3 2554/2/3
f 2558/2/3 2555/2/3 2557/2/3
f 2561/2/3 2560/2/3 2559/2/3
f 2562/2/3 2560/2/3 2561/2/3
f 2565/2/3 2564/2/3 2563/2/3
f 2566/2/3 2564/2/3 2565/2/3
f 2568/2/3 2567/2/3 2566/2/3
f 2569/2/3 2567/2/3 2568/2/3
f 2572/2/3 2571/2/3 2570/2/3
f 2573/2/3 2571/2/3 2572/2/3
f 2575/2/3 2574/2/3 2573/2/3
f 2576/2/3 2574/2/3 2575/2/3
f 2579/2/3 2578/2/3 2577/2/3
f 2580/2/3 2578/2/3 2579/2/3
f 2586/3/3 2582/3/3 2581/3/3
f 2587/3/3 2582/3/3 2586/3/3
f 2589/2/3 2584/2/3 2583/2/3
f 2590/2/3 2584/2/3 2589/2/3
f 2592/3/3 2586/3/3 2585/3/3
f 2593/3/3 2586/3/3 2592/3/3
f 2594/3/3 2588/3/3 2587/3/3
f 2595/3/3 2588/3/3 2594/3/3
f 2597/2/3 2591/2/3 2590/2/3
f 2598/2/3 2591/2/3 2597/2/3
f 2599/3/3 2594/3/3 2593/3/3
f 2600/3/3 2594/3/3 2599/3/3
f 2601/2/3 2597/2/3 2596/2/3
f 2602/2/3 2597/2/3 2601/2/3
f 2605/2/3 2604/2/3 2603/2/3
f 2606/2/3 2604/2/3 2605/2/3
f 2610/2/3 2608/2/3 2607/2/3
f 2611/2/3 2608/2/3 2610/2/3
f 2612/2/3 2610/2/3 2609/2/3
f 2613/2/3 2610/2/3 2612/2/3
f 2617/2/3 2615/2/3 2614/2/3
f 2618/2/3 2615/2/3 2617/2/3
f 2619/2/3 2617/2/3 2616/2/3
f 2620/2/3 2617/2/3 2619/2/3
f 2623/2/3 2622/2/3 2621/2/3
f 2624/2/3 2622/2/3 2623/2/3
f 2629/2/3 2626/2/3 2625/2/3
f 2630/2/3 2626/2/3 2629/2/3
f 2631/2/3 2628/2/3 2627/2/3
f 2632/2/3 2628/2/3 2631/2/3
f 2634/2/3 2633/2/3 2632/2/3
f 2635/2/3 2633/2/3 2634/2/3
f 2637/2/3 2636/2/3 2635/2/3
f 2638/2/3 2636/2/3 2637/2/3
f 2641/2/3 2640/2/3 2639/2/3
f 2642/2/3 2640/2/3 2641/2/3
f 2644/2/3 2643/2/3 2642/2/3
f 2645/2/3 2643/2/3 2644/2/3
f 2649/2/3 2646/2/3 2645/2/3
f 2650/2/3 2646/2/3 2649/2/3
f 2653/3/3 2648/3/3 2647/3/3
f 2654/3/3 2648/3/3 2653/3/3
f 2656/2/3 2651/2/3 2650/2/3
f 2657/2/3 2651/2/3 2656/2/3
f 2660/3/3 2653/3/3 2652/3/3
f 2661/3/3 2653/3/3 2660/3/3
f 2662/3/3 2655/3/3 2654/3/3
f 2663/3/3 2655/3/3 2662/3/3
f 2665/2/3 2658/2/3 2657/2/3
f 2666/2/3 2658/2/3 2665/2/3
f 2667/3/3 2660/3/3 2659/3/3
f 2668/3/3 2660/3/3 2667/3/3
f 2671/3/3 2664/3/3 2663/3/3
f 2672/3/3 2664/3/3 2671/3/3
f 2675/3/3 2669/3/3 2668/3/3
f 2676/3/3 2669/3/3 2675/3/3
f 2677/3/3 2671/3/3 2670/3/3
f 2678/3/3 2671/3/3 2677/3/3
f 2680/2/3 2674/2/3 2673/2/3
f 2681/2/3 2674/2/3 2680/2/3
f 2682/3/3 2677/3/3 2676/3/3
f 2683/3/3 2677/3/3 2682/3/3
f 2685/2/3 2680/2/3 2679/2/3
f 2686/2/3 2680/2/3 2685/2/3
f 2688/2/3 2685/2/3 2684/2/3
f 2689/2/3 2685/2/3 2688/2/3
f 2691/2/3 2688/2/3 2687/2/3
f 2692/2/3 2688/2/3 2691/2/3
f 2693/2/3 2691/2/3 2690/2/3
f 2694/2/3 2691/2/3 2693/2/3
f 2698/2/3 2696/2/3 2695/2/3
f 2699/2/3 2696/2/3 2698/2/3
f 2703/2/3 2698/2/3 2697/2/3
f 2704/2/3 2698/2/3 2703/2/3
f 2705/2/3 2701/2/3 2700/2/3
f 2706/2/3 2701/2/3 2705/2/3
f 2707/2/3 2703/2/3 2702/2/3
f 2708/2/3 2703/2/3 2707/2/3
f 2712/2/3 2710/2/3 2709/2/3
f 2713/2/3 2710/2/3 2712/2/3
f 2715/2/3 2712/2/3 2711/2/3
f 2716/2/3 2712/2/3 2715/2/3
f 2717/2/3 2714/2/3 2713/2/3
f 2718/2/3 2714/2/3 2717/2/3
f 2720/2/3 2719/2/3 2718/2/3
f 2721/2/3 2719/2/3 2720/2/3
f 2724/2/3 2723/2/3 2722/2/3
f 2725/2/3 2723/2/3 2724/2/3
f 2727/2/3 2726/2/3 2725/2/3
f 2728/2/3 2726/2/3 2727/2/3
f 2730/2/3 2729/2/3 2728/2/3
f 2731/2/3 2729/2/3 2730/2/3
f 2737/3/3 2733/3/3 2732/3/3
f 2738/3/3 2733/3/3 2737/3/3
f 2740/2/3 2735/2/3 2734/2/3
f 2741/2/3 2735/2/3 2740/2/3
f 2744/3/3 2737/3/3 2736/3/3
f 2745/3/3 2737/3/3 2744/3/3
f 2746/3/3 2739/3/3 2738/3/3
f 2747/3/3 2739/3/3 2746/3/3
f 2749/2/3 2742/2/3 2741/2/3
f 2750/2/3 2742/2/3 2749/2/3
f 2752/3/3 2744/3/3 2743/3/3
f 2753/3/3 2744/3/3 2752/3/3
f 2754/3/3 2748/3/3 2747/3/3
f 2755/3/3 2748/3/3 2754/3/3
f 2759/3/3 2752/3/3 2751/3/3
f 2760/3/3 2752/3/3 2759/3/3
f 2763/3/3 2756/3/3 2755/3/3
f 2764/3/3 2756/3/3 2763/3/3
f 2765/2/3 2758/2/3 2757/2/3
f 2766/2/3 2758/2/3 2765/2/3
f 2767/3/3 2761/3/3 2760/3/3
f 2768/3/3 2761/3/3 2767/3/3
f 2771/3/3 2763/3/3 2762/3/3
f 2772/3/3 2763/3/3 2771/3/3
f 2775/3/3 2769/3/3 2768/3/3
f 2776/3/3 2769/3/3 2775/3/3
f 2777/3/3 2771/3/3 2770/3/3
f 2778/3/3 2771/3/3 2777/3/3
f 2780/2/3 2774/2/3 2773/2/3
f 2781/2/3 2774/2/3 2780/2/3
f 2782/3/3 2777/3/3 2776/3/3
f 2783/3/3 2777/3/3 2782/3/3
f 2784/2/3 2780/2/3 2779/2/3
f 2785/2/3 2780/2/3 2784/2/3
f 2789/2/3 2787/2/3 2786/2/3
f 2790/2/3 2787/2/3 2789/2/3
f 2792/2/3 2789/2/3 2788/2/3
f 2793/2/3 2789/2/3 2792/2/3
f 2794/2/3 2792/2/3 2791/2/3
f 2795/2/3 2792/2/3 2794/2/3
f 2801/2/3 2797/2/3 2796/2/3
f 2802/2/3 2797/2/3 2801/2/3
f 2803/2/3 2799/2/3 2798/2/3
f 2804/2/3 2799/2/3 2803/2/3
f 2805/2/3 2801/2/3 2800/2/3
f 2806/2/3 2801/2/3 2805/2/3
f 2807/2/3 2805/2/3 2804/2/3
f 2808/2/3 2805/2/3 2807/2/3
f 2811/2/3 2810/2/3 2809/2/3
f 2812/2/3 2810/2/3 2811/2/3
f 2814/2/3 2813/2/3 2812/2/3
f 2815/2/3 2813/2/3 2814/2/3
f 2817/2/3 2816/2/3 2815/2/3
f 2818/2/3 2816/2/3 2817/2/3
f 2824/3/3 2820/3/3 2819/3/3
f 2825/3/3 2820/3/3 2824/3/3
f 2827/2/3 2822/2/3 2821/2/3
f 2828/2/3 2822/2/3 2827/2/3
f 2830/3/3 2824/3/3 2823/3/3
f 2831/3/3 2824/3/3 2830/3/3
f 2832/3/3 2826/3/3 2825/3/3
f 2833/3/3 2826/3/3 2832/3/3
f 2834/2/3 2829/2/3 2828/2/3
f 2835/2/3 2829/2/3 2834/2/3
f 2841/3/3 2837/3/3 2836/3/3
f 2842/3/3 2837/3/3 2841/3/3
f 2843/3/3 2839/3/3 2838/3/3
f 2844/3/3 2839/3/3 2843/3/3
f 2848/3/3 2841/3/3 2840/3/3
f 2849/3/3 2841/3/3 2848/3/3
f 2850/3/3 2845/3/3 2844/3/3
f 2851/3/3 2845/3/3 2850/3/3
f 2852/2/3 2847/2/3 2846/2/3
f 2853/2/3 2847/2/3 2852/2/3
f 2856/3/3 2855/3/3 2854/3/3
f 2857/3/3 2855/3/3 2856/3/3
f 2864/3/3 2859/3/3 2858/3/3
f 2865/3/3 2859/3/3 2864/3/3
f 2868/3/3 2861/3/3 2860/3/3
f 2869/3/3 2861/3/3 2868/3/3
f 2870/2/3 2863/2/3 2862/2/3
f 2871/2/3 2863/2/3 2870/2/3
f 2872/3/3 2866/3/3 2865/3/3
f 2873/3/3 2866/3/3 2872/3/3
f 2874/3/3 2868/3/3 2867/3/3
f 2875/3/3 2868/3/3 2874/3/3
f 2882/3/3 2877/3/3 2876/3/3
f 2883/3/3 2877/3/3 2882/3/3
f 2884/3/3 2879/3/3 2878/3/3
f 2885/3/3 2879/3/3 2884/3/3
f 2887/2/3 2881/2/3 2880/2/3
f 2888/2/3 2881/2/3 2887/2/3
f 2889/3/3 2884/3/3 2883/3/3
f 2890/3/3 2884/3/3 2889/3/3
f 2891/2/3 2887/2/3 2886/2/3
f 2892/2/3 2887/2/3 2891/2/3
f 2896/2/3 2894/2/3 2893/2/3
f 2897/2/3 2894/2/3 2896/2/3
f 2899/2/3 2896/2/3 2895/2/3
f 2900/2/3 2896/2/3 2899/2/3
f 2901/2/3 2899/2/3 2898/2/3
f 2902/2/3 2899/2/3 2901/2/3
f 2906/2/3 2904/2/3 2903/2/3
f 2907/2/3 2904/2/3 2906/2/3
f 2909/2/3 2906/2/3 2905/2/3
f 2910/2/3 2906/2/3 2909/2/3
f 2911/2/3 2908/2/3 2907/2/3
f 2912/2/3 2908/2/3 2911/2/3
f 2914/2/3 2913/2/3 2912/2/3
f 2915/2/3 2913/2/3 2914/2/3
f 2920/2/3 2917/2/3 2916/2/3
f 2921/2/3 2917/2/3 2920/2/3
f 2924/3/3 2919/3/3 2918/3/3
f 2925/3/3 2919/3/3 2924/3/3
f 2927/2/3 2922/2/3 2921/2/3
f 2928/2/3 2922/2/3 2927/2/3
f 2930/3/3 2924/3/3 2923/3/3
f 2931/3/3 2924/3/3 2930/3/3
f 2932/3/3 2926/3/3 2925/3/3
f 2933/3/3 2926/3/3 2932/3/3
f 2934/2/3 2929/2/3 2928/2/3
f 2935/2/3 2929/2/3 2934/2/3
f 2941/3/3 2937/3/3 2936/3/3
f 2942/3/3 2937/3/3 2941/3/3
f 2943/3/3 2939/3/3 2938/3/3
f 2944/3/3 2939/3/3 2943/3/3
f 2948/3/3 2941/3/3 2940/3/3
f 2949/3/3 2941/3/3 2948/3/3
f 2950/3/3 2945/3/3 2944/3/3
f 2951/3/3 2945/3/3 2950/3/3
f 2952/2/3 2947/2/3 2946/2/3
f 2953/2/3 2947/2/3 2952/2/3
f 2956/3/3 2955/3/3 2954/3/3
f 2957/3/3 2955/3/3 2956/3/3
f 2962/3/3 2958/3/3 2957/3/3
f 2963/3/3 2958/3/3 2962/3/3
f 2964/2/3 2960/2/3 2959/2/3
f 2965/2/3 2960/2/3 2964/2/3
f 2966/3/3 2962/3/3 2961/3/3
f 2967/3/3 2962/3/3 2966/3/3
f 2974/3/3 2969/3/3 2968/3/3
f 2975/3/3 2969/3/3 2974/3/3
f 2978/3/3 2971/3/3 2970/3/3
f 2979/3/3 2971/3/3 2978/3/3
f 2980/2/3 2973/2/3 2972/2/3
f 2981/2/3 2973/2/3 2980/2/3
f 2982/3/3 2976/3/3 2975/3/3
f 2983/3/3 2976/3/3 2982/3/3
f 2984/3/3 2978/3/3 2977/3/3
f 2985/3/3 2978/3/3 2984/3/3
f 2992/3/3 2987/3/3 2986/3/3
f 2993/3/3 2987/3/3 2992/3/3
f 2994/3/3 2989/3/3 2988/3/3
f 2995/3/3 2989/3/3 2994/3/3
f 2997/2/3 2991/2/3 2990/2/3
f 2998/2/3 2991/2/3 2997/2/3
f 2999/3/3 2994/3/3 2993/3/3
f 3000/3/3 2994/3/3 2999/3/3
f 3002/2/3 2997/2/3 2996/2/3
f 3003/2/3 2997/2/3 3002/2/3
f 3004/2/3 3002/2/3 3001/2/3
f 3005/2/3 3002/2/3 3004/2/3
f 3011/2/3 3007/2/3 3006/2/3
f 3012/2/3 3007/2/3 3011/2/3
f 3013/2/3 3009/2/3 3008/2/3
f 3014/2/3 3009/2/3 3013/2/3
f 3015/2/3 3011/2/3 3010/2/3
f 3016/2/3 3011/2/3 3015/2/3
f 3017/2/3 3015/2/3 3014/2/3
f 3018/2/3 3015/2/3 3017/2/3
f 3021/2/3 3020/2/3 3019/2/3
f 3022/2/3 3020/2/3 3021/2/3
f 3024/2/3 3023/2/3 3022/2/3
f 3025/2/3 3023/2/3 3024/2/3
f 3027/2/3 3026/2/3 3025/2/3
f 3028/2/3 3026/2/3 3027/2/3
f 3030/2/3 3029/2/3 3028/2/3
f 3031/2/3 3029/2/3 3030/2/3
f 3037/3/3 3033/3/3 3032/3/3
f 3038/3/3 3033/3/3 3037/3/3
f 3039/3/3 3035/3/3 3034/3/3
f 3040/3/3 3035/3/3 3039/3/3
f 3044/3/3 3037/3/3 3036/3/3
f 3045/3/3 3037/3/3 3044/3/3
f 3046/3/3 3041/3/3 3040/3/3
f 3047/3/3 3041/3/3 3046/3/3
f 3049/2/3 3043/2/3 3042/2/3
f 3050/2/3 3043/2/3 3049/2/3
f 3051/3/3 3048/3/3 3047/3/3
f 3052/3/3 3048/3/3 3051/3/3
f 3056/3/3 3053/3/3 3052/3/3
f 3057/3/3 3053/3/3 3056/3/3
f 3058/2/3 3055/2/3 3054/2/3
f 3059/2/3 3055/2/3 3058/2/3
f 3065/3/3 3061/3/3 3060/3/3
f 3066/3/3 3061/3/3 3065/3/3
f 3067/2/3 3063/2/3 3062/2/3
f 3068/2/3 3063/2/3 3067/2/3
f 3072/3/3 3065/3/3 3064/3/3
f 3073/3/3 3065/3/3 3072/3/3
f 3076/3/3 3070/3/3 3069/3/3
f 3077/3/3 3070/3/3 3076/3/3
f 3080/3/3 3072/3/3 3071/3/3
f 3081/3/3 3072/3/3 3080/3/3
f 3082/2/3 3075/2/3 3074/2/3
f 3083/2/3 3075/2/3 3082/2/3
f 3084/3/3 3078/3/3 3077/3/3
f 3085/3/3 3078/3/3 3084/3/3
f 3086/3/3 3080/3/3 3079/3/3
f 3087/3/3 3080/3/3 3086/3/3
f 3091/2/3 3089/2/3 3088/2/3
f 3092/2/3 3089/2/3 3091/2/3
f 3094/2/3 3091/2/3 3090/2/3
f 3095/2/3 3091/2/3 3094/2/3
f 3097/2/3 3094/2/3 3093/2/3
f 3098/2/3 3094/2/3 3097/2/3
f 3099/2/3 3097/2/3 3096/2/3
f 3100/2/3 3097/2/3 3099/2/3
f 3106/3/3 3102/3/3 3101/3/3
f 3107/3/3 3102/3/3 3106/3/3
f 3109/2/3 3104/2/3 3103/2/3
f 3110/2/3 3104/2/3 3109/2/3
f 3113/3/3 3106/3/3 3105/3/3
f 3114/3/3 3106/3/3 3113/3/3
f 3115/3/3 3108/3/3 3107/3/3
f 3116/3/3 3108/3/3 3115/3/3
f 3118/2/3 3111/2/3 3110/2/3
f 3119/2/3 3111/2/3 3118/2/3
f 3121/3/3 3113/3/3 3112/3/3
f 3122/3/3 3113/3/3 3121/3/3
f 3123/3/3 3117/3/3 3116/3/3
f 3124/3/3 3117/3/3 3123/3/3
f 3128/3/3 3121/3/3 3120/3/3
f 3129/3/3 3121/3/3 3128/3/3
f 3130/3/3 3125/3/3 3124/3/3
f 3131/3/3 3125/3/3 3130/3/3
f 3132/2/3 3127/2/3 3126/2/3
f 3133/2/3 3127/2/3 3132/2/3
f 3138/3/3 3135/3/3 3134/3/3
f 3139/3/3 3135/3/3 3138/3/3
f 3140/2/3 3137/2/3 3136/2/3
f 3141/2/3 3137/2/3 3140/2/3
f 3144/2/3 3143/2/3 3142/2/3
f 3145/2/3 3143/2/3 3144/2/3
f 3150/3/3 3147/3/3 3146/3/3
f 3151/3/3 3147/3/3 3150/3/3
f 3152/2/3 3149/2/3 3148/2/3
f 3153/2/3 3149/2/3 3152/2/3
f 3160/3/3 3155/3/3 3154/3/3
f 3161/3/3 3155/3/3 3160/3/3
f 3164/3/3 3157/3/3 3156/3/3
f 3165/3/3 3157/3/3 3164/3/3
f 3166/2/3 3159/2/3 3158/2/3
f 3167/2/3 3159/2/3 3166/2/3
f 3168/3/3 3162/3/3 3161/3/3
f 3169/3/3 3162/3/3 3168/3/3
f 3172/3/3 3164/3/3 3163/3/3
f 3173/3/3 3164/3/3 3172/3/3
f 3176/3/3 3170/3/3 3169/3/3
f 3177/3/3 3170/3/3 3176/3/3
f 3178/3/3 3172/3/3 3171/3/3
f 3179/3/3 3172/3/3 3178/3/3
f 3181/2/3 3175/2/3 3174/2/3
f 3182/2/3 3175/2/3 3181/2/3
f 3183/3/3 3178/3/3 3177/3/3
f 3184/3/3 3178/3/3 3183/3/3
f 3185/2/3 3181/2/3 3180/2/3
f 3186/2/3 3181/2/3 3185/2/3
f 3190/2/3 3188/2/3 3187/2/3
f 3191/2/3 3188/2/3 3190/2/3
f 3193/2/3 3190/2/3 3189/2/3
f 3194/2/3 3190/2/3 3193/2/3
f 3195/2/3 3192/2/3 3191/2/3
f 3196/2/3 3192/2/3 3195/2/3
f 3198/2/3 3197/2/3 3196/2/3
f 3199/2/3 3197/2/3 3198/2/3
f 3201/2/3 3200/2/3 3199/2/3
f 3202/2/3 3200/2/3 3201/2/3
f 3205/3/3 3204/3/3 3203/3/3
f 3206/3/3 3204/3/3 3205/3/3
f 3210/3/3 3207/3/3 3206/3/3
f 3211/3/3 3207/3/3 3210/3/3
f 3212/2/3 3209/2/3 3208/2/3
f 3213/2/3 3209/2/3 3212/2/3
f 3216/2/3 3215/2/3 3214/2/3
f 3217/2/3 3215/2/3 3216/2/3
f 3220/2/3 3219/2/3 3218/2/3
f 3221/2/3 3219/2/3 3220/2/3
f 3227/3/3 3223/3/3 3222/3/3
f 3228/3/3 3223/3/3 3227/3/3
f 3229/2/3 3225/2/3 3224/2/3
f 3230/2/3 3225/2/3 3229/2/3
f 3231/3/3 3227/3/3 3226/3/3
f 3232/3/3 3227/3/3 3231/3/3
f 3236/2/3 3234/2/3 3233/2/3
f 3237/2/3 3234/2/3 3236/2/3
f 3241/2/3 3236/2/3 3235/2/3
f 3242/2/3 3236/2/3 3241/2/3
f 3243/2/3 3239/2/3 3238/2/3
f 3244/2/3 3239/2/3 3243/2/3
f 3245/2/3 3241/2/3 3240/2/3
f 3246/2/3 3241/2/3 3245/2/3
f 3247/2/3 3245/2/3 3244/2/3
f 3248/2/3 3245/2/3 3247/2/3
f 3251/2/3 3250/2/3 3249/2/3
f 3252/2/3 3250/2/3 3251/2/3
f 3254/2/3 3253/2/3 3252/2/3
f 3255/2/3 3253/2/3 3254/2/3
f 3259/2/3 3256/2/3 3255/2/3
f 3260/2/3 3256/2/3 3259/2/3
f 3263/3/3 3258/3/3 3257/3/3
f 3264/3/3 3258/3/3 3263/3/3
f 3266/2/3 3261/2/3 3260/2/3
f 3267/2/3 3261/2/3 3266/2/3
f 3270/3/3 3263/3/3 3262/3/3
f 3271/3/3 3263/3/3 3270/3/3
f 3272/3/3 3265/3/3 3264/3/3
f 3273/3/3 3265/3/3 3272/3/3
f 3275/2/3 3268/2/3 3267/2/3
f 3276/2/3 3268/2/3 3275/2/3
f 3278/3/3 3270/3/3 3269/3/3
f 3279/3/3 3270/3/3 3278/3/3
f 3280/3/3 3274/3/3 3273/3/3
f 3281/3/3 3274/3/3 3280/3/3
f 3285/3/3 3278/3/3 3277/3/3
f 3286/3/3 3278/3/3 3285/3/3
f 3287/3/3 3282/3/3 3281/3/3
f 3288/3/3 3282/3/3 3287/3/3
f 3289/2/3 3284/2/3 3283/2/3
f 3290/2/3 3284/2/3 3289/2/3
f 3293/2/3 3292/2/3 3291/2/3
f 3294/2/3 3292/2/3 3293/2/3
f 3297/2/3 3296/2/3 3295/2/3
f 3298/2/3 3296/2/3 3297/2/3
f 3301/2/3 3300/2/3 3299/2/3
f 3302/2/3 3300/2/3 3301/2/3
f 3309/3/3 3304/3/3 3303/3/3
f 3310/3/3 3304/3/3 3309/3/3
f 3313/3/3 3306/3/3 3305/3/3
f 3314/3/3 3306/3/3 3313/3/3
f 3315/2/3 3308/2/3 3307/2/3
f 3316/2/3 3308/2/3 3315/2/3
f 3317/3/3 3311/3/3 3310/3/3
f 3318/3/3 3311/3/3 3317/3/3
f 3321/3/3 3313/3/3 3312/3/3
f 3322/3/3 3313/3/3 3321/3/3
f 3325/3/3 3319/3/3 3318/3/3
f 3326/3/3 3319/3/3 3325/3/3
f 3327/3/3 3321/3/3 3320/3/3
f 3328/3/3 3321/3/3 3327/3/3
f 3330/2/3 3324/2/3 3323/2/3
f 3331/2/3 3324/2/3 3330/2/3
f 3332/3/3 3327/3/3 3326/3/3
f 3333/3/3 3327/3/3 3332/3/3
f 3335/2/3 3330/2/3 3329/2/3
f 3336/2/3 3330/2/3 3335/2/3
f 3338/2/3 3335/2/3 3334/2/3
f 3339/2/3 3335/2/3 3338/2/3
f 3341/2/3 3338/2/3 3337/2/3
f 3342/2/3 3338/2/3 3341/2/3
f 3343/2/3 3341/2/3 3340/2/3
f 3344/2/3 3341/2/3 3343/2/3
f 3347/3/3 3346/3/3 3345/3/3
f 3348/3/3 3346/3/3 3347/3/3
f 3352/3/3 3349/3/3 3348/3/3
f 3353/3/3 3349/3/3 3352/3/3
f 3354/2/3 3351/2/3 3350/2/3
f 3355/2/3 3351/2/3 3354/2/3
f 3358/2/3 3357/2/3 3356/2/3
f 3359/2/3 3357/2/3 3358/2/3
f 3362/2/3 3361/2/3 3360/2/3
f 3363/2/3 3361/2/3 3362/2/3
f 3366/2/3 3365/2/3 3364/2/3
f 3367/2/3 3365/2/3 3366/2/3
f 3370/2/3 3369/2/3 3368/2/3
f 3371/2/3 3369/2/3 3370/2/3
f 3377/3/3 3373/3/3 3372/3/3
f 3378/3/3 3373/3/3 3377/3/3
f 3379/2/3 3375/2/3 3374/2/3
f 3380/2/3 3375/2/3 3379/2/3
f 3381/3/3 3377/3/3 3376/3/3
f 3382/3/3 3377/3/3 3381/3/3
f 3385/2/3 3384/2/3 3383/2/3
f 3386/2/3 3384/2/3 3385/2/3
f 3389/2/3 3388/2/3 3387/2/3
f 3390/2/3 3388/2/3 3389/2/3
f 3393/2/3 3392/2/3 3391/2/3
f 3394/2/3 3392/2/3 3393/2/3
f 3397/2/3 3396/2/3 3395/2/3
f 3398/2/3 3396/2/3 3397/2/3
f 3401/2/3 3400/2/3 3399/2/3
f 3402/2/3 3400/2/3 3401/2/3
f 3405/2/3 3404/2/3 3403/2/3
f 3406/2/3 3404/2/3 3405/2/3
f 3409/2/3 3408/2/3 3407/2/3
f 3410/2/3 3408/2/3 3409/2/3
f 3413/2/3 3412/2/3 3411/2/3
f 3414/2/3 3412/2/3 3413/2/3
f 3417/2/3 3416/2/3 3415/2/3
f 3418/2/3 3416/2/3 3417/2/3
f 3421/2/3 3420/2/3 3419/2/3
f 3422/2/3 3420/2/3 3421/2/3
f 3425/2/3 3424/2/3 3423/2/3
f 3426/2/3 3424/2/3 3425/2/3
f 3429/2/3 3428/2/3 3427/2/3
f 3430/2/3 3428/2/3 3429/2/3
f 3433/2/3 3432/2/3 3431/2/3
f 3434/2/3 3432/2/3 3433/2/3
f 3437/2/3 3436/2/3 3435/2/3
f 3438/2/3 3436/2/3 3437/2/3
f 3441/2/3 3440/2/3 3439/2/3
f 3442/2/3 3440/2/3 3441/2/3
f 3445/2/3 3444/2/3 3443/2/3
f 3446/2/3 3444/2/3 3445/2/3
f 3449/2/3 3448/2/3 3447/2/3
f 3450/2/3 3448/2/3 3449/2/3
f 3451/2/4 3452/2/4 3453/2/4
f 3453/2/4 3452/2/4 3454/2/4
f 3455/2/4 3456/2/4 3457/2/4
f 3457/2/4 3456/2/4 3458/2/4
f 3459/2/4 3460/2/4 3461/2/4
f 3461/2/4 3460/2/4 3462/2/4
f 3463/2/4 3464/2/4 3465/2/4
f 3465/2/4 3464/2/4 3466/2/4
f 3467/2/4 3468/2/4 3469/2/4
f 3469/2/4 3468/2/4 3470/2/4
f 3471/2/4 3472/2/4 3473/2/4
f 3473/2/4 3472/2/4 3474/2/4
f 3475/2/4 3476/2/4 3477/2/4
f 3477/2/4 3476/2/4 3478/2/4
f 3479/2/4 3480/2/4 3481/2/4
f 3481/2/4 3480/2/4 3482/2/4
f 3483/2/4 3484/2/4 3485/2/4
f 3485/2/4 3484/2/4 3486/2/4
f 3487/2/4 3488/2/4 3489/2/4
f 3489/2/4 3488/2/4 3490/2/4
f 3491/2/4 3492/2/4 3493/2/4
f 3493/2/4 3492/2/4 3494/2/4
f 3495/2/4 3496/2/4 3497/2/4
f 3497/2/4 3496/2/4 3498/2/4
f 3499/2/4 3500/2/4 3501/2/4
f 3501/2/4 3500/2/4 3502/2/4
f 3503/2/4 3504/2/4 3505/2/4
f 3505/2/4 3504/2/4 3506/2/4
f 3507/2/4 3508/2/4 3509/2/4
f 3509/2/4 3508/2/4 3510/2/4
f 3511/2/4 3512/2/4 3513/2/4
f 3513/2/4 3512/2/4 3514/2/4
f 3515/2/4 3516/2/4 3517/2/4
f 3517/2/4 3516/2/4 3518/2/4
f 3519/3/4 3520/3/4 3521/3/4
f 3521/3/4 3520/3/4 3522/3/4
f 3522/3/4 3523/3/4 3526/3/4
f 3526/3/4 3523/3/4 3527/3/4
f 3524/2/4 3525/2/4 3528/2/4
f 3528/2/4 3525/2/4 3529/2/4
f 3530/2/4 3531/2/4 3532/2/4
f 3532/2/4 3531/2/4 3533/2/4
f 3534/2/4 3535/2/4 3536/2/4
f 3536/2/4 3535/2/4 3537/2/4
f 3538/2/4 3539/2/4 3540/2/4
f 3540/2/4 3539/2/4 3541/2/4
f 3542/2/4 3543/2/4 3544/2/4
f 3544/2/4 3543/2/4 3545/2/4
f 3546/3/4 3547/3/4 3551/3/4
f 3551/3/4 3547/3/4 3552/3/4
f 3548/2/4 3549/2/4 3553/2/4
f 3553/2/4 3549/2/4 3554/2/4
f 3550/3/4 3551/3/4 3555/3/4
f 3555/3/4 3551/3/4 3556/3/4
f 3557/2/4 3558/2/4 3559/2/4
f 3559/2/4 3558/2/4 3560/2/4
f 3560/2/4 3561/2/4 3562/2/4
f 3562/2/4 3561/2/4 3563/2/4
f 3563/2/4 3564/2/4 3567/2/4
f 3567/2/4 3564/2/4 3568/2/4
f 3565/3/4 3566/3/4 3571/3/4
f 3571/3/4 3566/3/4 3572/3/4
f 3568/2/4 3569/2/4 3574/2/4
f 3574/2/4 3569/2/4 3575/2/4
f 3570/3/4 3571/3/4 3578/3/4
f 3578/3/4 3571/3/4 3579/3/4
f 3572/3/4 3573/3/4 3580/3/4
f 3580/3/4 3573/3/4 3581/3/4
f 3575/2/4 3576/2/4 3583/2/4
f 3583/2/4 3576/2/4 3584/2/4
f 3577/3/4 3578/3/4 3586/3/4
f 3586/3/4 3578/3/4 3587/3/4
f 3581/3/4 3582/3/4 3588/3/4
f 3588/3/4 3582/3/4 3589/3/4
f 3585/3/4 3586/3/4 3593/3/4
f 3593/3/4 3586/3/4 3594/3/4
f 3589/3/4 3590/3/4 3595/3/4
f 3595/3/4 3590/3/4 3596/3/4
f 3591/2/4 3592/2/4 3597/2/4
f 3597/2/4 3592/2/4 3598/2/4
f 3599/2/4 3600/2/4 3601/2/4
f 3601/2/4 3600/2/4 3602/2/4
f 3603/2/4 3604/2/4 3605/2/4
f 3605/2/4 3604/2/4 3606/2/4
f 3607/2/4 3608/2/4 3609/2/4
f 3609/2/4 3608/2/4 3610/2/4
f 3611/3/4 3612/3/4 3617/3/4
f 3617/3/4 3612/3/4 3618/3/4
f 3613/3/4 3614/3/4 3621/3/4
f 3621/3/4 3614/3/4 3622/3/4
f 3615/2/4 3616/2/4 3623/2/4
f 3623/2/4 3616/2/4 3624/2/4
f 3618/3/4 3619/3/4 3625/3/4
f 3625/3/4 3619/3/4 3626/3/4
f 3620/3/4 3621/3/4 3629/3/4
f 3629/3/4 3621/3/4 3630/3/4
f 3626/3/4 3627/3/4 3633/3/4
f 3633/3/4 3627/3/4 3634/3/4
f 3628/3/4 3629/3/4 3635/3/4
f 3635/3/4 3629/3/4 3636/3/4
f 3631/2/4 3632/2/4 3638/2/4
f 3638/2/4 3632/2/4 3639/2/4
f 3634/3/4 3635/3/4 3640/3/4
f 3640/3/4 3635/3/4 3641/3/4
f 3637/2/4 3638/2/4 3643/2/4
f 3643/2/4 3638/2/4 3644/2/4
f 3642/2/4 3643/2/4 3646/2/4
f 3646/2/4 3643/2/4 3647/2/4
f 3645/2/4 3646/2/4 3649/2/4
f 3649/2/4 3646/2/4 3650/2/4
f 3648/2/4 3649/2/4 3651/2/4
f 3651/2/4 3649/2/4 3652/2/4
f 3653/2/4 3654/2/4 3656/2/4
f 3656/2/4 3654/2/4 3657/2/4
f 3655/2/4 3656/2/4 3659/2/4
f 3659/2/4 3656/2/4 3660/2/4
f 3657/2/4 3658/2/4 3661/2/4
f 3661/2/4 3658/2/4 3662/2/4
f 3662/2/4 3663/2/4 3664/2/4
f 3664/2/4 3663/2/4 3665/2/4
f 3665/2/4 3666/2/4 3667/2/4
f 3667/2/4 3666/2/4 3668/2/4
f 3669/3/4 3670/3/4 3671/3/4
f 3671/3/4 3670/3/4 3672/3/4
f 3672/3/4 3673/3/4 3676/3/4
f 3676/3/4 3673/3/4 3677/3/4
f 3674/2/4 3675/2/4 3678/2/4
f 3678/2/4 3675/2/4 3679/2/4
f 3680/2/4 3681/2/4 3682/2/4
f 3682/2/4 3681/2/4 3683/2/4
f 3684/2/4 3685/2/4 3686/2/4
f 3686/2/4 3685/2/4 3687/2/4
f 3688/3/4 3689/3/4 3693/3/4
f 3693/3/4 3689/3/4 3694/3/4
f 3690/2/4 3691/2/4 3695/2/4
f 3695/2/4 3691/2/4 3696/2/4
f 3692/3/4 3693/3/4 3697/3/4
f 3697/3/4 3693/3/4 3698/3/4
f 3699/2/4 3700/2/4 3702/2/4
f 3702/2/4 3700/2/4 3703/2/4
f 3701/2/4 3702/2/4 3707/2/4
f 3707/2/4 3702/2/4 3708/2/4
f 3704/2/4 3705/2/4 3709/2/4
f 3709/2/4 3705/2/4 3710/2/4
f 3706/2/4 3707/2/4 3711/2/4
f 3711/2/4 3707/2/4 3712/2/4
f 3710/2/4 3711/2/4 3713/2/4
f 3713/2/4 3711/2/4 3714/2/4
f 3715/3/4 3716/3/4 3720/3/4
f 3720/3/4 3716/3/4 3721/3/4
f 3717/2/4 3718/2/4 3723/2/4
f 3723/2/4 3718/2/4 3724/2/4
f 3719/3/4 3720/3/4 3727/3/4
f 3727/3/4 3720/3/4 3728/3/4
f 3721/3/4 3722/3/4 3729/3/4
f 3729/3/4 3722/3/4 3730/3/4
f 3724/2/4 3725/2/4 3732/2/4
f 3732/2/4 3725/2/4 3733/2/4
f 3726/3/4 3727/3/4 3735/3/4
f 3735/3/4 3727/3/4 3736/3/4
f 3730/3/4 3731/3/4 3737/3/4
f 3737/3/4 3731/3/4 3738/3/4
f 3734/3/4 3735/3/4 3742/3/4
f 3742/3/4 3735/3/4 3743/3/4
f 3738/3/4 3739/3/4 3744/3/4
f 3744/3/4 3739/3/4 3745/3/4
f 3740/2/4 3741/2/4 3746/2/4
f 3746/2/4 3741/2/4 3747/2/4
f 3748/3/4 3749/3/4 3752/3/4
f 3752/3/4 3749/3/4 3753/3/4
f 3750/2/4 3751/2/4 3754/2/4
f 3754/2/4 3751/2/4 3755/2/4
f 3756/2/4 3757/2/4 3758/2/4
f 3758/2/4 3757/2/4 3759/2/4
f 3760/3/4 3761/3/4 3764/3/4
f 3764/3/4 3761/3/4 3765/3/4
f 3762/2/4 3763/2/4 3766/2/4
f 3766/2/4 3763/2/4 3767/2/4
f 3768/3/4 3769/3/4 3774/3/4
f 3774/3/4 3769/3/4 3775/3/4
f 3770/3/4 3771/3/4 3778/3/4
f 3778/3/4 3771/3/4 3779/3/4
f 3772/2/4 3773/2/4 3780/2/4
f 3780/2/4 3773/2/4 3781/2/4
f 3775/3/4 3776/3/4 3782/3/4
f 3782/3/4 3776/3/4 3783/3/4
f 3777/3/4 3778/3/4 3786/3/4
f 3786/3/4 3778/3/4 3787/3/4
f 3783/3/4 3784/3/4 3790/3/4
f 3790/3/4 3784/3/4 3791/3/4
f 3785/3/4 3786/3/4 3792/3/4
f 3792/3/4 3786/3/4 3793/3/4
f 3788/2/4 3789/2/4 3795/2/4
f 3795/2/4 3789/2/4 3796/2/4
f 3791/3/4 3792/3/4 3797/3/4
f 3797/3/4 3792/3/4 3798/3/4
f 3794/2/4 3795/2/4 3799/2/4
f 3799/2/4 3795/2/4 3800/2/4
f 3801/2/4 3802/2/4 3803/2/4
f 3803/2/4 3802/2/4 3804/2/4
f 3804/2/4 3805/2/4 3806/2/4
f 3806/2/4 3805/2/4 3807/2/4
f 3807/2/4 3808/2/4 3809/2/4
f 3809/2/4 3808/2/4 3810/2/4
f 3810/2/4 3811/2/4 3812/2/4
f 3812/2/4 3811/2/4 3813/2/4
f 3814/3/4 3815/3/4 3819/3/4
f 3819/3/4 3815/3/4 3820/3/4
f 3816/3/4 3817/3/4 3821/3/4
f 3821/3/4 3817/3/4 3822/3/4
f 3818/3/4 3819/3/4 3826/3/4
f 3826/3/4 3819/3/4 3827/3/4
f 3822/3/4 3823/3/4 3828/3/4
f 3828/3/4 3823/3/4 3829/3/4
f 3824/2/4 3825/2/4 3831/2/4
f 3831/2/4 3825/2/4 3832/2/4
f 3829/3/4 3830/3/4 3833/3/4
f 3833/3/4 3830/3/4 3834/3/4
f 3834/3/4 3835/3/4 3838/3/4
f 3838/3/4 3835/3/4 3839/3/4
f 3836/2/4 3837/2/4 3840/2/4
f 3840/2/4 3837/2/4 3841/2/4
f 3842/3/4 3843/3/4 3847/3/4
f 3847/3/4 3843/3/4 3848/3/4
f 3844/2/4 3845/2/4 3849/2/4
f 3849/2/4 3845/2/4 3850/2/4
f 3846/3/4 3847/3/4 3854/3/4
f 3854/3/4 3847/3/4 3855/3/4
f 3851/3/4 3852/3/4 3858/3/4
f 3858/3/4 3852/3/4 3859/3/4
f 3853/3/4 3854/3/4 3862/3/4
f 3862/3/4 3854/3/4 3863/3/4
f 3856/2/4 3857/2/4 3864/2/4
f 3864/2/4 3857/2/4 3865/2/4
f 3859/3/4 3860/3/4 3866/3/4
f 3866/3/4 3860/3/4 3867/3/4
f 3861/3/4 3862/3/4 3868/3/4
f 3868/3/4 3862/3/4 3869/3/4
f 3870/2/4 3871/2/4 3873/2/4
f 3873/2/4 3871/2/4 3874/2/4
f 3872/2/4 3873/2/4 3876/2/4
f 3876/2/4 3873/2/4 3877/2/4
f 3875/2/4 3876/2/4 3879/2/4
f 3879/2/4 3876/2/4 3880/2/4
f 3878/2/4 3879/2/4 3881/2/4
f 3881/2/4 3879/2/4 3882/2/4
f 3883/2/4 3884/2/4 3886/2/4
f 3886/2/4 3884/2/4 3887/2/4
f 3885/2/4 3886/2/4 3889/2/4
f 3889/2/4 3886/2/4 3890/2/4
f 3887/2/4 3888/2/4 3891/2/4
f 3891/2/4 3888/2/4 3892/2/4
f 3892/2/4 3893/2/4 3894/2/4
f 3894/2/4 3893/2/4 3895/2/4
f 3896/2/4 3897/2/4 3900/2/4
f 3900/2/4 3897/2/4 3901/2/4
f 3898/3/4 3899/3/4 3904/3/4
f 3904/3/4 3899/3/4 3905/3/4
f 3901/2/4 3902/2/4 3907/2/4
f 3907/2/4 3902/2/4 3908/2/4
f 3903/3/4 3904/3/4 3910/3/4
f 3910/3/4 3904/3/4 3911/3/4
f 3905/3/4 3906/3/4 3912/3/4
f 3912/3/4 3906/3/4 3913/3/4
f 3908/2/4 3909/2/4 3914/2/4
f 3914/2/4 3909/2/4 3915/2/4
f 3916/3/4 3917/3/4 3921/3/4
f 3921/3/4 3917/3/4 3922/3/4
f 3918/3/4 3919/3/4 3923/3/4
f 3923/3/4 3919/3/4 3924/3/4
f 3920/3/4 3921/3/4 3928/3/4
f 3928/3/4 3921/3/4 3929/3/4
f 3924/3/4 3925/3/4 3930/3/4
f 3930/3/4 3925/3/4 3931/3/4
f 3926/2/4 3927/2/4 3932/2/4
f 3932/2/4 3927/2/4 3933/2/4
f 3934/3/4 3935/3/4 3936/3/4
f 3936/3/4 3935/3/4 3937/3/4
f 3937/3/4 3938/3/4 3942/3/4
f 3942/3/4 3938/3/4 3943/3/4
f 3939/2/4 3940/2/4 3944/2/4
f 3944/2/4 3940/2/4 3945/2/4
f 3941/3/4 3942/3/4 3946/3/4
f 3946/3/4 3942/3/4 3947/3/4
f 3948/3/4 3949/3/4 3954/3/4
f 3954/3/4 3949/3/4 3955/3/4
f 3950/3/4 3951/3/4 3958/3/4
f 3958/3/4 3951/3/4 3959/3/4
f 3952/2/4 3953/2/4 3960/2/4
f 3960/2/4 3953/2/4 3961/2/4
f 3955/3/4 3956/3/4 3962/3/4
f 3962/3/4 3956/3/4 3963/3/4
f 3957/3/4 3958/3/4 3964/3/4
f 3964/3/4 3958/3/4 3965/3/4
f 3966/3/4 3967/3/4 3972/3/4
f 3972/3/4 3967/3/4 3973/3/4
f 3968/3/4 3969/3/4 3974/3/4
f 3974/3/4 3969/3/4 3975/3/4
f 3970/2/4 3971/2/4 3977/2/4
f 3977/2/4 3971/2/4 3978/2/4
f 3973/3/4 3974/3/4 3979/3/4
f 3979/3/4 3974/3/4 3980/3/4
f 3976/2/4 3977/2/4 3982/2/4
f 3982/2/4 3977/2/4 3983/2/4
f 3981/2/4 3982/2/4 3984/2/4
f 3984/2/4 3982/2/4 3985/2/4
f 3986/2/4 3987/2/4 3991/2/4
f 3991/2/4 3987/2/4 3992/2/4
f 3988/2/4 3989/2/4 3993/2/4
f 3993/2/4 3989/2/4 3994/2/4
f 3990/2/4 3991/2/4 3995/2/4
f 3995/2/4 3991/2/4 3996/2/4
f 3994/2/4 3995/2/4 3997/2/4
f 3997/2/4 3995/2/4 3998/2/4
f 3999/2/4 4000/2/4 4001/2/4
f 4001/2/4 4000/2/4 4002/2/4
f 4002/2/4 4003/2/4 4004/2/4
f 4004/2/4 4003/2/4 4005/2/4
f 4005/2/4 4006/2/4 4007/2/4
f 4007/2/4 4006/2/4 4008/2/4
f 4009/3/4 4010/3/4 4014/3/4
f 4014/3/4 4010/3/4 4015/3/4
f 4011/2/4 4012/2/4 4017/2/4
f 4017/2/4 4012/2/4 4018/2/4
f 4013/3/4 4014/3/4 4020/3/4
f 4020/3/4 4014/3/4 4021/3/4
f 4015/3/4 4016/3/4 4022/3/4
f 4022/3/4 4016/3/4 4023/3/4
f 4018/2/4 4019/2/4 4024/2/4
f 4024/2/4 4019/2/4 4025/2/4
f 4026/3/4 4027/3/4 4031/3/4
f 4031/3/4 4027/3/4 4032/3/4
f 4028/3/4 4029/3/4 4033/3/4
f 4033/3/4 4029/3/4 4034/3/4
f 4030/3/4 4031/3/4 4038/3/4
f 4038/3/4 4031/3/4 4039/3/4
f 4034/3/4 4035/3/4 4040/3/4
f 4040/3/4 4035/3/4 4041/3/4
f 4036/2/4 4037/2/4 4042/2/4
f 4042/2/4 4037/2/4 4043/2/4
f 4044/3/4 4045/3/4 4046/3/4
f 4046/3/4 4045/3/4 4047/3/4
f 4048/3/4 4049/3/4 4054/3/4
f 4054/3/4 4049/3/4 4055/3/4
f 4050/3/4 4051/3/4 4058/3/4
f 4058/3/4 4051/3/4 4059/3/4
f 4052/2/4 4053/2/4 4060/2/4
f 4060/2/4 4053/2/4 4061/2/4
f 4055/3/4 4056/3/4 4062/3/4
f 4062/3/4 4056/3/4 4063/3/4
f 4057/3/4 4058/3/4 4064/3/4
f 4064/3/4 4058/3/4 4065/3/4
f 4066/3/4 4067/3/4 4072/3/4
f 4072/3/4 4067/3/4 4073/3/4
f 4068/3/4 4069/3/4 4074/3/4
f 4074/3/4 4069/3/4 4075/3/4
f 4070/2/4 4071/2/4 4077/2/4
f 4077/2/4 4071/2/4 4078/2/4
f 4073/3/4 4074/3/4 4079/3/4
f 4079/3/4 4074/3/4 4080/3/4
f 4076/2/4 4077/2/4 4081/2/4
f 4081/2/4 4077/2/4 4082/2/4
f 4083/2/4 4084/2/4 4086/2/4
f 4086/2/4 4084/2/4 4087/2/4
f 4085/2/4 4086/2/4 4089/2/4
f 4089/2/4 4086/2/4 4090/2/4
f 4088/2/4 4089/2/4 4091/2/4
f 4091/2/4 4089/2/4 4092/2/4
f 4093/2/4 4094/2/4 4096/2/4
f 4096/2/4 4094/2/4 4097/2/4
f 4095/2/4 4096/2/4 4099/2/4
f 4099/2/4 4096/2/4 4100/2/4
f 4097/2/4 4098/2/4 4101/2/4
f 4101/2/4 4098/2/4 4102/2/4
f 4102/2/4 4103/2/4 4104/2/4
f 4104/2/4 4103/2/4 4105/2/4
f 4106/2/4 4107/2/4 4108/2/4
f 4108/2/4 4107/2/4 4109/2/4
f 4109/2/4 4110/2/4 4111/2/4
f 4111/2/4 4110/2/4 4112/2/4
f 4112/2/4 4113/2/4 4114/2/4
f 4114/2/4 4113/2/4 4115/2/4
f 4116/3/4 4117/3/4 4121/3/4
f 4121/3/4 4117/3/4 4122/3/4
f 4118/2/4 4119/2/4 4124/2/4
f 4124/2/4 4119/2/4 4125/2/4
f 4120/3/4 4121/3/4 4128/3/4
f 4128/3/4 4121/3/4 4129/3/4
f 4122/3/4 4123/3/4 4130/3/4
f 4130/3/4 4123/3/4 4131/3/4
f 4125/2/4 4126/2/4 4133/2/4
f 4133/2/4 4126/2/4 4134/2/4
f 4127/3/4 4128/3/4 4136/3/4
f 4136/3/4 4128/3/4 4137/3/4
f 4131/3/4 4132/3/4 4138/3/4
f 4138/3/4 4132/3/4 4139/3/4
f 4135/3/4 4136/3/4 4143/3/4
f 4143/3/4 4136/3/4 4144/3/4
f 4139/3/4 4140/3/4 4147/3/4
f 4147/3/4 4140/3/4 4148/3/4
f 4141/2/4 4142/2/4 4149/2/4
f 4149/2/4 4142/2/4 4150/2/4
f 4144/3/4 4145/3/4 4151/3/4
f 4151/3/4 4145/3/4 4152/3/4
f 4146/3/4 4147/3/4 4155/3/4
f 4155/3/4 4147/3/4 4156/3/4
f 4152/3/4 4153/3/4 4159/3/4
f 4159/3/4 4153/3/4 4160/3/4
f 4154/3/4 4155/3/4 4161/3/4
f 4161/3/4 4155/3/4 4162/3/4
f 4157/2/4 4158/2/4 4164/2/4
f 4164/2/4 4158/2/4 4165/2/4
f 4160/3/4 4161/3/4 4166/3/4
f 4166/3/4 4161/3/4 4167/3/4
f 4163/2/4 4164/2/4 4168/2/4
f 4168/2/4 4164/2/4 4169/2/4
f 4170/2/4 4171/2/4 4173/2/4
f 4173/2/4 4171/2/4 4174/2/4
f 4172/2/4 4173/2/4 4176/2/4
f 4176/2/4 4173/2/4 4177/2/4
f 4175/2/4 4176/2/4 4178/2/4
f 4178/2/4 4176/2/4 4179/2/4
f 4180/2/4 4181/2/4 4185/2/4
f 4185/2/4 4181/2/4 4186/2/4
f 4182/2/4 4183/2/4 4187/2/4
f 4187/2/4 4183/2/4 4188/2/4
f 4184/2/4 4185/2/4 4189/2/4
f 4189/2/4 4185/2/4 4190/2/4
f 4188/2/4 4189/2/4 4191/2/4
f 4191/2/4 4189/2/4 4192/2/4
f 4193/2/4 4194/2/4 4197/2/4
f 4197/2/4 4194/2/4 4198/2/4
f 4195/2/4 4196/2/4 4199/2/4
f 4199/2/4 4196/2/4 4200/2/4
f 4200/2/4 4201/2/4 4202/2/4
f 4202/2/4 4201/2/4 4203/2/4
f 4203/2/4 4204/2/4 4205/2/4
f 4205/2/4 4204/2/4 4206/2/4
f 4207/2/4 4208/2/4 4209/2/4
f 4209/2/4 4208/2/4 4210/2/4
f 4210/2/4 4211/2/4 4212/2/4
f 4212/2/4 4211/2/4 4213/2/4
f 4213/2/4 4214/2/4 4217/2/4
f 4217/2/4 4214/2/4 4218/2/4
f 4215/3/4 4216/3/4 4221/3/4
f 4221/3/4 4216/3/4 4222/3/4
f 4218/2/4 4219/2/4 4224/2/4
f 4224/2/4 4219/2/4 4225/2/4
f 4220/3/4 4221/3/4 4228/3/4
f 4228/3/4 4221/3/4 4229/3/4
f 4222/3/4 4223/3/4 4230/3/4
f 4230/3/4 4223/3/4 4231/3/4
f 4225/2/4 4226/2/4 4233/2/4
f 4233/2/4 4226/2/4 4234/2/4
f 4227/3/4 4228/3/4 4235/3/4
f 4235/3/4 4228/3/4 4236/3/4
f 4231/3/4 4232/3/4 4239/3/4
f 4239/3/4 4232/3/4 4240/3/4
f 4236/3/4 4237/3/4 4243/3/4
f 4243/3/4 4237/3/4 4244/3/4
f 4238/3/4 4239/3/4 4245/3/4
f 4245/3/4 4239/3/4 4246/3/4
f 4241/2/4 4242/2/4 4248/2/4
f 4248/2/4 4242/2/4 4249/2/4
f 4244/3/4 4245/3/4 4250/3/4
f 4250/3/4 4245/3/4 4251/3/4
f 4247/2/4 4248/2/4 4253/2/4
f 4253/2/4 4248/2/4 4254/2/4
f 4252/2/4 4253/2/4 4256/2/4
f 4256/2/4 4253/2/4 4257/2/4
f 4255/2/4 4256/2/4 4259/2/4
f 4259/2/4 4256/2/4 4260/2/4
f 4258/2/4 4259/2/4 4261/2/4
f 4261/2/4 4259/2/4 4262/2/4
f 4263/2/4 4264/2/4 4266/2/4
f 4266/2/4 4264/2/4 4267/2/4
f 4265/2/4 4266/2/4 4271/2/4
f 4271/2/4 4266/2/4 4272/2/4
f 4268/2/4 4269/2/4 4273/2/4
f 4273/2/4 4269/2/4 4274/2/4
f 4270/2/4 4271/2/4 4275/2/4
f 4275/2/4 4271/2/4 4276/2/4
f 4277/2/4 4278/2/4 4279/2/4
f 4279/2/4 4278/2/4 4280/2/4
f 4281/2/4 4282/2/4 4283/2/4
f 4283/2/4 4282/2/4 4284/2/4
f 4284/2/4 4285/2/4 4286/2/4
f 4286/2/4 4285/2/4 4287/2/4
f 4288/2/4 4289/2/4 4290/2/4
f 4290/2/4 4289/2/4 4291/2/4
f 4291/2/4 4292/2/4 4293/2/4
f 4293/2/4 4292/2/4 4294/2/4
f 4295/2/4 4296/2/4 4297/2/4
f 4297/2/4 4296/2/4 4298/2/4
f 4299/3/4 4300/3/4 4304/3/4
f 4304/3/4 4300/3/4 4305/3/4
f 4301/2/4 4302/2/4 4307/2/4
f 4307/2/4 4302/2/4 4308/2/4
f 4303/3/4 4304/3/4 4310/3/4
f 4310/3/4 4304/3/4 4311/3/4
f 4305/3/4 4306/3/4 4312/3/4
f 4312/3/4 4306/3/4 4313/3/4
f 4308/2/4 4309/2/4 4315/2/4
f 4315/2/4 4309/2/4 4316/2/4
f 4311/3/4 4312/3/4 4317/3/4
f 4317/3/4 4312/3/4 4318/3/4
f 4314/2/4 4315/2/4 4319/2/4
f 4319/2/4 4315/2/4 4320/2/4
f 4321/2/4 4322/2/4 4323/2/4
f 4323/2/4 4322/2/4 4324/2/4
f 4325/2/4 4326/2/4 4328/2/4
f 4328/2/4 4326/2/4 4329/2/4
f 4327/2/4 4328/2/4 4330/2/4
f 4330/2/4 4328/2/4 4331/2/4
f 4332/2/4 4333/2/4 4335/2/4
f 4335/2/4 4333/2/4 4336/2/4
f 4334/2/4 4335/2/4 4337/2/4
f 4337/2/4 4335/2/4 4338/2/4
f 4339/2/4 4340/2/4 4341/2/4
f 4341/2/4 4340/2/4 4342/2/4
f 4343/2/4 4344/2/4 4346/2/4
f 4346/2/4 4344/2/4 4347/2/4
f 4345/2/4 4346/2/4 4349/2/4
f 4349/2/4 4346/2/4 4350/2/4
f 4347/2/4 4348/2/4 4351/2/4
f 4351/2/4 4348/2/4 4352/2/4
f 4353/2/4 4354/2/4 4355/2/4
f 4355/2/4 4354/2/4 4356/2/4
f 4356/2/4 4357/2/4 4358/2/4
f 4358/2/4 4357/2/4 4359/2/4
f 4360/2/4 4361/2/4 4362/2/4
f 4362/2/4 4361/2/4 4363/2/4
f 4363/2/4 4364/2/4 4365/2/4
f 4365/2/4 4364/2/4 4366/2/4
f 4366/2/4 4367/2/4 4370/2/4
f 4370/2/4 4367/2/4 4371/2/4
f 4368/3/4 4369/3/4 4373/3/4
f 4373/3/4 4369/3/4 4374/3/4
f 4371/2/4 4372/2/4 4376/2/4
f 4376/2/4 4372/2/4 4377/2/4
f 4375/2/4 4376/2/4 4379/2/4
f 4379/2/4 4376/2/4 4380/2/4
f 4378/2/4 4379/2/4 4382/2/4
f 4382/2/4 4379/2/4 4383/2/4
f 4381/2/4 4382/2/4 4384/2/4
f 4384/2/4 4382/2/4 4385/2/4
f 4386/2/4 4387/2/4 4389/2/4
f 4389/2/4 4387/2/4 4390/2/4
f 4388/2/4 4389/2/4 4391/2/4
f 4391/2/4 4389/2/4 4392/2/4
f 4393/2/4 4394/2/4 4397/2/4
f 4397/2/4 4394/2/4 4398/2/4
f 4395/2/4 4396/2/4 4399/2/4
f 4399/2/4 4396/2/4 4400/2/4
f 4398/2/4 4399/2/4 4401/2/4
f 4401/2/4 4399/2/4 4402/2/4
f 4403/2/4 4404/2/4 4406/2/4
f 4406/2/4 4404/2/4 4407/2/4
f 4405/2/4 4406/2/4 4409/2/4
f 4409/2/4 4406/2/4 4410/2/4
f 4407/2/4 4408/2/4 4411/2/4
f 4411/2/4 4408/2/4 4412/2/4
f 4413/2/4 4414/2/4 4415/2/4
f 4415/2/4 4414/2/4 4416/2/4
f 4416/2/4 4417/2/4 4418/2/4
f 4418/2/4 4417/2/4 4419/2/4
f 4419/2/4 4420/2/4 4421/2/4
f 4421/2/4 4420/2/4 4422/2/4
f 4422/2/4 4423/2/4 4424/2/4
f 4424/2/4 4423/2/4 4425/2/4
f 4425/2/4 4426/2/4 4428/2/4
f 4428/2/4 4426/2/4 4429/2/4
f 4427/2/4 4428/2/4 4431/2/4
f 4431/2/4 4428/2/4 4432/2/4
f 4430/2/4 4431/2/4 4434/2/4
f 4434/2/4 4431/2/4 4435/2/4
f 4433/2/4 4434/2/4 4437/2/4
f 4437/2/4 4434/2/4 4438/2/4
f 4436/2/4 4437/2/4 4439/2/4
f 4439/2/4 4437/2/4 4440/2/4
f 4441/2/4 4442/2/4 4445/2/4
f 4445/2/4 4442/2/4 4446/2/4
f 4443/2/4 4444/2/4 4447/2/4
f 4447/2/4 4444/2/4 4448/2/4
f 4446/2/4 4447/2/4 4449/2/4
f 4449/2/4 4447/2/4 4450/2/4
f 4451/2/4 4452/2/4 4454/2/4
f 4454/2/4 4452/2/4 4455/2/4
f 4453/2/4 4454/2/4 4457/2/4
f 4457/2/4 4454/2/4 4458/2/4
f 4455/2/4 4456/2/4 4459/2/4
f 4459/2/4 4456/2/4 4460/2/4
f 4460/2/4 4461/2/4 4462/2/4
f 4462/2/4 4461/2/4 4463/2/4
f 4464/2/4 4465/2/4 4466/2/4
f 4466/2/4 4465/2/4 4467/2/4
f 4467/2/4 4468/2/4 4469/2/4
f 4469/2/4 4468/2/4 4470/2/4
f 4470/2/4 4471/2/4 4473/2/4
f 4473/2/4 4471/2/4 4474/2/4
f 4472/2/4 4473/2/4 4476/2/4
f 4476/2/4 4473/2/4 4477/2/4
f 4475/2/4 4476/2/4 4478/2/4
f 4478/2/4 4476/2/4 4479/2/4
f 4480/2/4 4481/2/4 4485/2/4
f 4485/2/4 4481/2/4 4486/2/4
f 4482/2/4 4483/2/4 4487/2/4
f 4487/2/4 4483/2/4 4488/2/4
f 4484/2/4 4485/2/4 4489/2/4
f 4489/2/4 4485/2/4 4490/2/4
f 4488/2/4 4489/2/4 4491/2/4
f 4491/2/4 4489/2/4 4492/2/4
f 4493/2/4 4494/2/4 4495/2/4
f 4495/2/4 4494/2/4 4496/2/4
f 4497/2/4 4498/2/4 4501/2/4
f 4501/2/4 4498/2/4 4502/2/4
f 4499/2/4 4500/2/4 4503/2/4
f 4503/2/4 4500/2/4 4504/2/4
f 4504/2/4 4505/2/4 4506/2/4
f 4506/2/4 4505/2/4 4507/2/4
f 4508/2/4 4509/2/4 4510/2/4
f 4510/2/4 4509/2/4 4511/2/4
f 4512/2/4 4513/2/4 4514/2/4
f 4514/2/4 4513/2/4 4515/2/4
f 4516/2/4 4517/2/4 4518/2/4
f 4518/2/4 4517/2/4 4519/2/4
f 4520/2/4 4521/2/4 4525/2/4
f 4525/2/4 4521/2/4 4526/2/4
f 4522/2/4 4523/2/4 4527/2/4
f 4527/2/4 4523/2/4 4528/2/4
f 4524/2/4 4525/2/4 4529/2/4
f 4529/2/4 4525/2/4 4530/2/4
f 4531/2/4 4532/2/4 4533/2/4
f 4533/2/4 4532/2/4 4534/2/4
f 4535/2/4 4536/2/4 4538/2/4
f 4538/2/4 4536/2/4 4539/2/4
f 4537/2/4 4538/2/4 4541/2/4
f 4541/2/4 4538/2/4 4542/2/4
f 4539/2/4 4540/2/4 4543/2/4
f 4543/2/4 4540/2/4 4544/2/4
f 4544/2/4 4545/2/4 4546/2/4
f 4546/2/4 4545/2/4 4547/2/4
f 4547/2/4 4548/2/4 4550/2/4
f 4550/2/4 4548/2/4 4551/2/4
f 4549/2/4 4550/2/4 4555/2/4
f 4555/2/4 4550/2/4 4556/2/4
f 4552/2/4 4553/2/4 4557/2/4
f 4557/2/4 4553/2/4 4558/2/4
f 4554/2/4 4555/2/4 4559/2/4
f 4559/2/4 4555/2/4 4560/2/4
f 4558/2/4 4559/2/4 4561/2/4
f 4561/2/4 4559/2/4 4562/2/4
f 4563/2/4 4564/2/4 4566/2/4
f 4566/2/4 4564/2/4 4567/2/4
f 4565/2/4 4566/2/4 4569/2/4
f 4569/2/4 4566/2/4 4570/2/4
f 4567/2/4 4568/2/4 4571/2/4
f 4571/2/4 4568/2/4 4572/2/4
f 4572/2/4 4573/2/4 4577/2/4
f 4577/2/4 4573/2/4 4578/2/4
f 4574/2/4 4575/2/4 4579/2/4
f 4579/2/4 4575/2/4 4580/2/4
f 4576/2/4 4577/2/4 4581/2/4
f 4581/2/4 4577/2/4 4582/2/4
f 4580/2/4 4581/2/4 4583/2/4
f 4583/2/4 4581/2/4 4584/2/4
f 4585/2/4 4586/2/4 4588/2/4
f 4588/2/4 4586/2/4 4589/2/4
f 4587/2/4 4588/2/4 4591/2/4
f 4591/2/4 4588/2/4 4592/2/4
f 4589/2/4 4590/2/4 4593/2/4
f 4593/2/4 4590/2/4 4594/2/4
f 4592/2/4 4593/2/4 4595/2/4
f 4595/2/4 4593/2/4 4596/2/4
f 4597/2/4 4598/2/4 4599/2/4
f 4599/2/4 4598/2/4 4600/2/4
f 4604/3/5 4602/3/5 4601/3/5
f 4605/3/5 4602/3/5 4604/3/5
f 4608/3/5 4604/3/5 4603/3/5
f 4608/3/5 4606/3/5 4605/3/5
f 4608/3/5 4605/3/5 4604/3/5
f 4609/3/5 4606/3/5 4608/3/5
f 4612/3/5 4608/3/5 4607/3/5
f 4612/3/5 4610/3/5 4609/3/5
f 4612/3/5 4609/3/5 4608/3/5
f 4613/3/5 4610/3/5 4612/3/5
f 4616/3/5 4612/3/5 4611/3/5
f 4616/3/5 4614/3/5 4613/3/5
f 4616/3/5 4613/3/5 4612/3/5
f 4617/3/5 4614/3/5 4616/3/5
f 4620/3/5 4616/3/5 4615/3/5
f 4620/3/5 4618/3/5 4617/3/5
f 4620/3/5 4617/3/5 4616/3/5
f 4621/3/5 4618/3/5 4620/3/5
f 4623/3/5 4620/3/5 4619/3/5
f 4623/3/5 4622/3/5 4621/3/5
f 4623/3/5 4621/3/5 4620/3/5
f 4624/3/5 4622/3/5 4623/3/5
f 4625/3/5 4622/3/5 4624/3/5
f 4626/3/5 4622/3/5 4625/3/5
f 4627/3/5 4625/3/5 4624/3/5
f 4628/3/5 4625/3/5 4627/3/5
f 4629/3/5 4625/3/5 4628/3/5
f 4630/3/5 4625/3/5 4629/3/5
f 4631/3/5 4629/3/5 4628/3/5
f 4632/3/5 4629/3/5 4631/3/5
f 4633/3/5 4629/3/5 4632/3/5
f 4634/3/5 4629/3/5 4633/3/5
f 4635/3/5 4633/3/5 4632/3/5
f 4636/3/5 4633/3/5 4635/3/5
f 4637/3/5 4633/3/5 4636/3/5
f 4638/3/5 4633/3/5 4637/3/5
f 4639/3/5 4637/3/5 4636/3/5
f 4640/3/5 4637/3/5 4639/3/5
f 4641/3/5 4637/3/5 4640/3/5
f 4642/3/5 4637/3/5 4641/3/5
f 4643/3/5 4641/3/5 4640/3/5
f 4644/3/5 4641/3/5 4643/3/5
f 4648/3/5 4646/3/5 4645/3/5
f 4649/3/5 4646/3/5 4648/3/5
f 4652/3/5 4648/3/5 4647/3/5
f 4653/3/5 4648/3/5 4652/3/5
f 4654/3/5 4650/3/5 4649/3/5
f 4655/3/5 4650/3/5 4654/3/5
f 4658/3/5 4652/3/5 4651/3/5
f 4659/3/5 4652/3/5 4658/3/5
f 4660/3/5 4656/3/5 4655/3/5
f 4661/3/5 4656/3/5 4660/3/5
f 4664/3/5 4658/3/5 4657/3/5
f 4665/3/5 4658/3/5 4664/3/5
f 4666/3/5 4662/3/5 4661/3/5
f 4667/3/5 4662/3/5 4666/3/5
f 4670/3/5 4664/3/5 4663/3/5
f 4671/3/5 4664/3/5 4670/3/5
f 4672/3/5 4668/3/5 4667/3/5
f 4673/3/5 4668/3/5 4672/3/5
f 4676/3/5 4670/3/5 4669/3/5
f 4677/3/5 4670/3/5 4676/3/5
f 4678/3/5 4674/3/5 4673/3/5
f 4679/3/5 4674/3/5 4678/3/5
f 4681/3/5 4676/3/5 4675/3/5
f 4682/3/5 4676/3/5 4681/3/5
f 4685/3/5 4680/3/5 4679/3/5
f 4686/3/5 4680/3/5 4685/3/5
f 4687/3/5 4683/3/5 4682/3/5
f 4688/3/5 4683/3/5 4687/3/5
f 4691/3/5 4685/3/5 4684/3/5
f 4692/3/5 4685/3/5 4691/3/5
f 4693/3/5 4689/3/5 4688/3/5
f 4694/3/5 4689/3/5 4693/3/5
f 4697/3/5 4691/3/5 4690/3/5
f 4698/3/5 4691/3/5 4697/3/5
f 4699/3/5 4695/3/5 4694/3/5
f 4700/3/5 4695/3/5 4699/3/5
f 4703/3/5 4697/3/5 4696/3/5
f 4704/3/5 4697/3/5 4703/3/5
f 4705/3/5 4701/3/5 4700/3/5
f 4706/3/5 4701/3/5 4705/3/5
f 4709/3/5 4703/3/5 4702/3/5
f 4710/3/5 4703/3/5 4709/3/5
f 4711/3/5 4707/3/5 4706/3/5
f 4712/3/5 4707/3/5 4711/3/5
f 4713/3/5 4709/3/5 4708/3/5
f 4714/3/5 4709/3/5 4713/3/5
f 4715/3/5 4713/3/5 4712/3/5
f 4716/3/5 4713/3/5 4715/3/5
f 4720/3/5 4718/3/5 4717/3/5
f 4721/3/5 4718/3/5 4720/3/5
f 4724/3/5 4720/3/5 4719/3/5
f 4725/3/5 4720/3/5 4724/3/5
f 4726/3/5 4722/3/5 4721/3/5
f 4727/3/5 4722/3/5 4726/3/5
f 4730/3/5 4724/3/5 4723/3/5
f 4731/3/5 4724/3/5 4730/3/5
f 4732/3/5 4724/3/5 4731/3/5
f 4733/3/5 4728/3/5 4727/3/5
f 4734/3/5 4728/3/5 4733/3/5
f 4735/3/5 4728/3/5 4734/3/5
f 4738/3/5 4730/3/5 4729/3/5
f 4738/3/5 4731/3/5 4730/3/5
f 4739/3/5 4731/3/5 4738/3/5
f 4740/3/5 4731/3/5 4739/3/5
f 4741/3/5 4736/3/5 4735/3/5
f 4741/3/5 4735/3/5 4734/3/5
f 4742/3/5 4736/3/5 4741/3/5
f 4743/3/5 4736/3/5 4742/3/5
f 4745/3/5 4739/3/5 4738/3/5
f 4745/3/5 4738/3/5 4737/3/5
f 4746/3/5 4739/3/5 4745/3/5
f 4747/3/5 4744/3/5 4743/3/5
f 4747/3/5 4743/3/5 4742/3/5
f 4748/3/5 4744/3/5 4747/3/5
f 4750/3/5 4745/3/5 4737/3/5
f 4751/3/5 4745/3/5 4750/3/5
f 4752/3/5 4744/3/5 4748/3/5
f 4753/3/5 4744/3/5 4752/3/5
f 4756/3/5 4750/3/5 4749/3/5
f 4757/3/5 4750/3/5 4756/3/5
f 4758/3/5 4754/3/5 4753/3/5
f 4759/3/5 4754/3/5 4758/3/5
f 4761/3/5 4756/3/5 4755/3/5
f 4762/3/5 4756/3/5 4761/3/5
f 4765/3/5 4760/3/5 4759/3/5
f 4766/3/5 4760/3/5 4765/3/5
f 4767/3/5 4763/3/5 4762/3/5
f 4768/3/5 4763/3/5 4767/3/5
f 4771/3/5 4765/3/5 4764/3/5
f 4772/3/5 4765/3/5 4771/3/5
f 4773/3/5 4769/3/5 4768/3/5
f 4776/3/5 4771/3/5 4770/3/5
f 4777/3/5 4774/3/5 4773/3/5
f 4777/3/5 4773/3/5 4768/3/5
f 4778/3/5 4774/3/5 4777/3/5
f 4779/3/5 4774/3/5 4778/3/5
f 4782/3/5 4776/3/5 4775/3/5
f 4783/3/5 4771/3/5 4776/3/5
f 4783/3/5 4776/3/5 4782/3/5
f 4784/3/5 4771/3/5 4783/3/5
f 4785/3/5 4780/3/5 4779/3/5
f 4785/3/5 4779/3/5 4778/3/5
f 4786/3/5 4780/3/5 4785/3/5
f 4787/3/5 4780/3/5 4786/3/5
f 4790/3/5 4782/3/5 4781/3/5
f 4790/3/5 4783/3/5 4782/3/5
f 4791/3/5 4783/3/5 4790/3/5
f 4792/3/5 4783/3/5 4791/3/5
f 4793/3/5 4788/3/5 4787/3/5
f 4793/3/5 4787/3/5 4786/3/5
f 4794/3/5 4788/3/5 4793/3/5
f 4797/3/5 4791/3/5 4790/3/5
f 4797/3/5 4790/3/5 4789/3/5
f 4798/3/5 4791/3/5 4797/3/5
f 4799/3/5 4795/3/5 4794/3/5
f 4800/3/5 4795/3/5 4799/3/5
f 4801/3/5 4797/3/5 4796/3/5
f 4802/3/5 4797/3/5 4801/3/5
f 4803/3/5 4801/3/5 4800/3/5
f 4804/3/5 4801/3/5 4803/3/5
f 4808/3/5 4806/3/5 4805/3/5
f 4809/3/5 4806/3/5 4808/3/5
f 4812/3/5 4808/3/5 4807/3/5
f 4813/3/5 4808/3/5 4812/3/5
f 4814/3/5 4810/3/5 4809/3/5
f 4815/3/5 4810/3/5 4814/3/5
f 4818/3/5 4812/3/5 4811/3/5
f 4819/3/5 4812/3/5 4818/3/5
f 4820/3/5 4816/3/5 4815/3/5
f 4821/3/5 4816/3/5 4820/3/5
f 4824/3/5 4818/3/5 4817/3/5
f 4825/3/5 4818/3/5 4824/3/5
f 4826/3/5 4822/3/5 4821/3/5
f 4827/3/5 4822/3/5 4826/3/5
f 4830/3/5 4824/3/5 4823/3/5
f 4831/3/5 4824/3/5 4830/3/5
f 4832/3/5 4828/3/5 4827/3/5
f 4833/3/5 4828/3/5 4832/3/5
f 4836/3/5 4830/3/5 4829/3/5
f 4837/3/5 4830/3/5 4836/3/5
f 4838/3/5 4834/3/5 4833/3/5
f 4839/3/5 4834/3/5 4838/3/5
f 4842/3/5 4836/3/5 4835/3/5
f 4843/3/5 4836/3/5 4842/3/5
f 4844/3/5 4840/3/5 4839/3/5
f 4845/3/5 4840/3/5 4844/3/5
f 4847/3/5 4842/3/5 4841/3/5
f 4848/3/5 4842/3/5 4847/3/5
f 4851/3/5 4846/3/5 4845/3/5
f 4852/3/5 4846/3/5 4851/3/5
f 4853/3/5 4849/3/5 4848/3/5
f 4854/3/5 4849/3/5 4853/3/5
f 4857/3/5 4851/3/5 4850/3/5
f 4858/3/5 4851/3/5 4857/3/5
f 4859/3/5 4855/3/5 4854/3/5
f 4860/3/5 4855/3/5 4859/3/5
f 4863/3/5 4857/3/5 4856/3/5
f 4864/3/5 4857/3/5 4863/3/5
f 4865/3/5 4861/3/5 4860/3/5
f 4866/3/5 4861/3/5 4865/3/5
f 4869/3/5 4863/3/5 4862/3/5
f 4870/3/5 4863/3/5 4869/3/5
f 4871/3/5 4867/3/5 4866/3/5
f 4872/3/5 4867/3/5 4871/3/5
f 4875/3/5 4869/3/5 4868/3/5
f 4876/3/5 4869/3/5 4875/3/5
f 4877/3/5 4873/3/5 4872/3/5
f 4878/3/5 4873/3/5 4877/3/5
f 4881/3/5 4875/3/5 4874/3/5
f 4882/3/5 4875/3/5 4881/3/5
f 4883/3/5 4879/3/5 4878/3/5
f 4884/3/5 4879/3/5 4883/3/5
f 4885/3/5 4881/3/5 4880/3/5
f 4886/3/5 4881/3/5 4885/3/5
f 4887/3/5 4885/3/5 4884/3/5
f 4888/3/5 4885/3/5 4887/3/5
f 4892/2/5 4890/2/5 4889/2/5
f 4893/2/5 4890/2/5 4892/2/5
f 4896/2/5 4892/2/5 4891/2/5
f 4896/2/5 4894/2/5 4893/2/5
f 4896/2/5 4893/2/5 4892/2/5
f 4897/2/5 4894/2/5 4896/2/5
f 4900/2/5 4896/2/5 4895/2/5
f 4900/2/5 4898/2/5 4897/2/5
f 4900/2/5 4897/2/5 4896/2/5
f 4901/2/5 4898/2/5 4900/2/5
f 4904/2/5 4900/2/5 4899/2/5
f 4904/2/5 4902/2/5 4901/2/5
f 4904/2/5 4901/2/5 4900/2/5
f 4905/2/5 4902/2/5 4904/2/5
f 4908/2/5 4904/2/5 4903/2/5
f 4908/2/5 4906/2/5 4905/2/5
f 4908/2/5 4905/2/5 4904/2/5
f 4909/2/5 4906/2/5 4908/2/5
f 4912/2/5 4908/2/5 4907/2/5
f 4912/2/5 4910/2/5 4909/2/5
f 4912/2/5 4909/2/5 4908/2/5
f 4913/2/5 4910/2/5 4912/2/5
f 4914/2/5 4910/2/5 4913/2/5
f 4915/2/5 4910/2/5 4914/2/5
f 4917/2/5 4912/2/5 4911/2/5
f 4917/2/5 4913/2/5 4912/2/5
f 4918/2/5 4913/2/5 4917/2/5
f 4919/2/5 4916/2/5 4915/2/5
f 4919/2/5 4915/2/5 4914/2/5
f 4920/2/5 4916/2/5 4919/2/5
f 4922/2/5 4917/2/5 4911/2/5
f 4923/2/5 4917/2/5 4922/2/5
f 4924/2/5 4917/2/5 4923/2/5
f 4925/2/5 4916/2/5 4920/2/5
f 4926/2/5 4916/2/5 4925/2/5
f 4927/2/5 4916/2/5 4926/2/5
f 4930/2/5 4922/2/5 4921/2/5
f 4930/2/5 4923/2/5 4922/2/5
f 4931/2/5 4923/2/5 4930/2/5
f 4932/2/5 4923/2/5 4931/2/5
f 4933/2/5 4928/2/5 4927/2/5
f 4933/2/5 4927/2/5 4926/2/5
f 4934/2/5 4928/2/5 4933/2/5
f 4935/2/5 4928/2/5 4934/2/5
f 4937/2/5 4931/2/5 4930/2/5
f 4937/2/5 4930/2/5 4929/2/5
f 4938/2/5 4931/2/5 4937/2/5
f 4939/2/5 4936/2/5 4935/2/5
f 4939/2/5 4935/2/5 4934/2/5
f 4940/2/5 4936/2/5 4939/2/5
f 4942/2/5 4937/2/5 4929/2/5
f 4943/2/5 4937/2/5 4942/2/5
f 4944/2/5 4937/2/5 4943/2/5
f 4945/2/5 4936/2/5 4940/2/5
f 4946/2/5 4936/2/5 4945/2/5
f 4947/2/5 4936/2/5 4946/2/5
f 4949/2/5 4942/2/5 4941/2/5
f 4949/2/5 4943/2/5 4942/2/5
f 4950/2/5 4943/2/5 4949/2/5
f 4951/2/5 4948/2/5 4947/2/5
f 4951/2/5 4947/2/5 4946/2/5
f 4952/2/5 4948/2/5 4951/2/5
f 4954/2/5 4949/2/5 4941/2/5
f 4955/2/5 4948/2/5 4952/2/5
f 4957/2/5 4954/2/5 4953/2/5
f 4957/2/5 4949/2/5 4954/2/5
f 4958/2/5 4949/2/5 4957/2/5
f 4959/2/5 4956/2/5 4955/2/5
f 4959/2/5 4955/2/5 4952/2/5
f 4960/2/5 4956/2/5 4959/2/5
f 4961/2/5 4957/2/5 4953/2/5
f 4964/2/5 4956/2/5 4960/2/5
f 4965/2/5 4962/2/5 4961/2/5
f 4965/2/5 4961/2/5 4953/2/5
f 4966/2/5 4962/2/5 4965/2/5
f 4967/2/5 4964/2/5 4963/2/5
f 4967/2/5 4956/2/5 4964/2/5
f 4968/2/5 4956/2/5 4967/2/5
f 4969/2/5 4962/2/5 4966/2/5
f 4972/2/5 4967/2/5 4963/2/5
f 4973/2/5 4970/2/5 4969/2/5
f 4973/2/5 4969/2/5 4966/2/5
f 4974/2/5 4970/2/5 4973/2/5
f 4975/2/5 4970/2/5 4974/2/5
f 4978/2/5 4972/2/5 4971/2/5
f 4979/2/5 4967/2/5 4972/2/5
f 4979/2/5 4972/2/5 4978/2/5
f 4980/2/5 4967/2/5 4979/2/5
f 4981/2/5 4976/2/5 4975/2/5
f 4981/2/5 4975/2/5 4974/2/5
f 4984/2/5 4978/2/5 4977/2/5
f 4984/2/5 4979/2/5 4978/2/5
f 4985/2/5 4982/2/5 4981/2/5
f 4985/2/5 4981/2/5 4974/2/5
f 4986/2/5 4982/2/5 4985/2/5
f 4987/2/5 4982/2/5 4986/2/5
f 4990/2/5 4984/2/5 4983/2/5
f 4991/2/5 4979/2/5 4984/2/5
f 4991/2/5 4984/2/5 4990/2/5
f 4992/2/5 4979/2/5 4991/2/5
f 4993/2/5 4988/2/5 4987/2/5
f 4993/2/5 4987/2/5 4986/2/5
f 4994/2/5 4988/2/5 4993/2/5
f 4995/2/5 4988/2/5 4994/2/5
f 4998/2/5 4990/2/5 4989/2/5
f 4998/2/5 4991/2/5 4990/2/5
f 4999/2/5 4991/2/5 4998/2/5
f 5000/2/5 4991/2/5 4999/2/5
f 5001/2/5 4996/2/5 4995/2/5
f 5001/2/5 4995/2/5 4994/2/5
f 5004/2/5 4999/2/5 4998/2/5
f 5004/2/5 4998/2/5 4997/2/5
f 5005/2/5 5002/2/5 5001/2/5
f 5005/2/5 5001/2/5 4994/2/5
f 5006/2/5 5002/2/5 5005/2/5
f 5007/2/5 5002/2/5 5006/2/5
f 5008/2/5 5004/2/5 5003/2/5
f 5009/2/5 4999/2/5 5004/2/5
f 5009/2/5 5004/2/5 5008/2/5
f 5010/2/5 4999/2/5 5009/2/5
f 5011/2/5 5007/2/5 5006/2/5
f 5011/2/5 5008/2/5 5007/2/5
f 5011/2/5 5009/2/5 5008/2/5
f 5012/2/5 5009/2/5 5011/2/5
f 5013/2/5 5009/2/5 5012/2/5
f 5014/2/5 5009/2/5 5013/2/5
f 5015/2/5 5013/2/5 5012/2/5
f 5016/2/5 5013/2/5 5015/2/5
f 5017/2/5 5013/2/5 5016/2/5
f 5018/2/5 5013/2/5 5017/2/5
f 5019/2/5 5017/2/5 5016/2/5
f 5020/2/5 5017/2/5 5019/2/5
f 5021/2/5 5017/2/5 5020/2/5
f 5022/2/5 5017/2/5 5021/2/5
f 5023/2/5 5021/2/5 5020/2/5
f 5024/2/5 5021/2/5 5023/2/5
f 5025/2/5 5021/2/5 5024/2/5
f 5026/2/5 5021/2/5 5025/2/5
f 5027/2/5 5025/2/5 5024/2/5
f 5028/2/5 5025/2/5 5027/2/5
f 5029/2/5 5025/2/5 5028/2/5
f 5030/2/5 5025/2/5 5029/2/5
f 5031/2/5 5029/2/5 5028/2/5
f 5032/2/5 5029/2/5 5031/2/5
f 5036/2/5 5034/2/5 5033/2/5
f 5037/2/5 5034/2/5 5036/2/5
f 5040/2/5 5036/2/5 5035/2/5
f 5041/2/5 5036/2/5 5040/2/5
f 5042/2/5 5038/2/5 5037/2/5
f 5043/2/5 5038/2/5 5042/2/5
f 5046/2/5 5040/2/5 5039/2/5
f 5047/2/5 5040/2/5 5046/2/5
f 5048/2/5 5044/2/5 5043/2/5
f 5049/2/5 5044/2/5 5048/2/5
f 5052/2/5 5046/2/5 5045/2/5
f 5053/2/5 5046/2/5 5052/2/5
f 5054/2/5 5046/2/5 5053/2/5
f 5055/2/5 5050/2/5 5049/2/5
f 5056/2/5 5050/2/5 5055/2/5
f 5057/2/5 5050/2/5 5056/2/5
f 5060/2/5 5052/2/5 5051/2/5
f 5060/2/5 5053/2/5 5052/2/5
f 5061/2/5 5053/2/5 5060/2/5
f 5062/2/5 5058/2/5 5057/2/5
f 5062/2/5 5057/2/5 5056/2/5
f 5063/2/5 5058/2/5 5062/2/5
f 5066/2/5 5060/2/5 5059/2/5
f 5067/2/5 5060/2/5 5066/2/5
f 5068/2/5 5064/2/5 5063/2/5
f 5069/2/5 5064/2/5 5068/2/5
f 5072/2/5 5066/2/5 5065/2/5
f 5073/2/5 5066/2/5 5072/2/5
f 5076/2/5 5070/2/5 5069/2/5
f 5077/2/5 5070/2/5 5076/2/5
f 5080/2/5 5072/2/5 5071/2/5
f 5082/1/5 5075/1/5 5074/1/5
f 5083/1/5 5075/1/5 5082/1/5
f 5085/2/5 5078/2/5 5077/2/5
f 5087/2/5 5080/2/5 5079/2/5
f 5087/2/5 5072/2/5 5080/2/5
f 5088/2/5 5072/2/5 5087/2/5
f 5090/1/5 5084/1/5 5083/1/5
f 5090/1/5 5082/1/5 5081/1/5
f 5090/1/5 5083/1/5 5082/1/5
f 5091/1/5 5084/1/5 5090/1/5
f 5093/2/5 5086/2/5 5085/2/5
f 5093/2/5 5085/2/5 5077/2/5
f 5094/2/5 5086/2/5 5093/2/5
f 5096/2/5 5087/2/5 5079/2/5
f 5097/2/5 5087/2/5 5096/2/5
f 5099/1/5 5092/1/5 5091/1/5
f 5099/1/5 5091/1/5 5090/1/5
f 5099/1/5 5090/1/5 5089/1/5
f 5100/1/5 5092/1/5 5099/1/5
f 5102/2/5 5086/2/5 5094/2/5
f 5103/2/5 5086/2/5 5102/2/5
f 5106/1/5 5101/1/5 5100/1/5
f 5106/1/5 5099/1/5 5098/1/5
f 5106/1/5 5100/1/5 5099/1/5
f 5107/1/5 5101/1/5 5106/1/5
f 5110/2/5 5096/2/5 5095/2/5
f 5111/2/5 5096/2/5 5110/2/5
f 5113/1/5 5108/1/5 5107/1/5
f 5113/1/5 5106/1/5 5105/1/5
f 5113/1/5 5107/1/5 5106/1/5
f 5114/1/5 5108/1/5 5113/1/5
f 5115/1/5 5108/1/5 5114/1/5
f 5116/1/5 5108/1/5 5115/1/5
f 5118/2/5 5104/2/5 5103/2/5
f 5119/2/5 5104/2/5 5118/2/5
f 5121/1/5 5113/1/5 5112/1/5
f 5121/1/5 5114/1/5 5113/1/5
f 5122/1/5 5114/1/5 5121/1/5
f 5123/1/5 5117/1/5 5116/1/5
f 5123/1/5 5116/1/5 5115/1/5
f 5124/1/5 5117/1/5 5123/1/5
f 5126/1/5 5121/1/5 5112/1/5
f 5127/1/5 5121/1/5 5126/1/5
f 5128/1/5 5121/1/5 5127/1/5
f 5129/1/5 5117/1/5 5124/1/5
f 5130/1/5 5117/1/5 5129/1/5
f 5131/1/5 5117/1/5 5130/1/5
f 5134/2/5 5110/2/5 5109/2/5
f 5135/2/5 5110/2/5 5134/2/5
f 5136/1/5 5126/1/5 5125/1/5
f 5136/1/5 5127/1/5 5126/1/5
f 5137/1/5 5127/1/5 5136/1/5
f 5138/1/5 5132/1/5 5131/1/5
f 5138/1/5 5131/1/5 5130/1/5
f 5139/1/5 5132/1/5 5138/1/5
f 5140/2/5 5120/2/5 5119/2/5
f 5141/2/5 5120/2/5 5140/2/5
f 5144/1/5 5136/1/5 5125/1/5
f 5145/1/5 5132/1/5 5139/1/5
f 5147/1/5 5144/1/5 5143/1/5
f 5147/1/5 5136/1/5 5144/1/5
f 5148/1/5 5136/1/5 5147/1/5
f 5149/1/5 5146/1/5 5145/1/5
f 5149/1/5 5145/1/5 5139/1/5
f 5150/1/5 5146/1/5 5149/1/5
f 5151/1/5 5147/1/5 5143/1/5
f 5154/1/5 5146/1/5 5150/1/5
f 5155/1/5 5152/1/5 5151/1/5
f 5155/1/5 5151/1/5 5143/1/5
f 5156/1/5 5152/1/5 5155/1/5
f 5157/1/5 5154/1/5 5153/1/5
f 5157/1/5 5146/1/5 5154/1/5
f 5158/1/5 5146/1/5 5157/1/5
f 5159/2/5 5134/2/5 5133/2/5
f 5160/2/5 5134/2/5 5159/2/5
f 5162/1/5 5152/1/5 5156/1/5
f 5165/1/5 5157/1/5 5153/1/5
f 5167/2/5 5142/2/5 5141/2/5
f 5168/2/5 5142/2/5 5167/2/5
f 5169/1/5 5163/1/5 5162/1/5
f 5169/1/5 5162/1/5 5156/1/5
f 5170/1/5 5163/1/5 5169/1/5
f 5171/1/5 5163/1/5 5170/1/5
f 5174/1/5 5165/1/5 5164/1/5
f 5175/1/5 5157/1/5 5165/1/5
f 5175/1/5 5165/1/5 5174/1/5
f 5176/1/5 5157/1/5 5175/1/5
f 5177/1/5 5172/1/5 5171/1/5
f 5177/1/5 5171/1/5 5170/1/5
f 5180/1/5 5174/1/5 5173/1/5
f 5180/1/5 5175/1/5 5174/1/5
f 5181/2/5 5161/2/5 5160/2/5
f 5182/2/5 5161/2/5 5181/2/5
f 5184/1/5 5178/1/5 5177/1/5
f 5184/1/5 5177/1/5 5170/1/5
f 5185/1/5 5178/1/5 5184/1/5
f 5186/1/5 5178/1/5 5185/1/5
f 5187/1/5 5180/1/5 5179/1/5
f 5188/1/5 5175/1/5 5180/1/5
f 5188/1/5 5180/1/5 5187/1/5
f 5189/1/5 5175/1/5 5188/1/5
f 5191/2/5 5167/2/5 5166/2/5
f 5192/2/5 5167/2/5 5191/2/5
f 5193/1/5 5186/1/5 5185/1/5
f 5193/1/5 5188/1/5 5187/1/5
f 5193/1/5 5187/1/5 5186/1/5
f 5194/1/5 5188/1/5 5193/1/5
f 5195/1/5 5188/1/5 5194/1/5
f 5196/1/5 5188/1/5 5195/1/5
f 5197/2/5 5183/2/5 5182/2/5
f 5198/2/5 5183/2/5 5197/2/5
f 5200/1/5 5195/1/5 5194/1/5
f 5201/1/5 5195/1/5 5200/1/5
f 5202/1/5 5195/1/5 5201/1/5
f 5203/1/5 5195/1/5 5202/1/5
f 5205/2/5 5191/2/5 5190/2/5
f 5206/2/5 5191/2/5 5205/2/5
f 5207/2/5 5199/2/5 5198/2/5
f 5209/1/5 5202/1/5 5201/1/5
f 5210/1/5 5202/1/5 5209/1/5
f 5211/1/5 5202/1/5 5210/1/5
f 5212/1/5 5202/1/5 5211/1/5
f 5214/2/5 5205/2/5 5204/2/5
f 5215/2/5 5208/2/5 5207/2/5
f 5215/2/5 5207/2/5 5198/2/5
f 5216/2/5 5208/2/5 5215/2/5
f 5217/1/5 5211/1/5 5210/1/5
f 5218/1/5 5211/1/5 5217/1/5
f 5219/1/5 5211/1/5 5218/1/5
f 5220/1/5 5211/1/5 5219/1/5
f 5221/2/5 5214/2/5 5213/2/5
f 5221/2/5 5205/2/5 5214/2/5
f 5222/2/5 5205/2/5 5221/2/5
f 5223/2/5 5208/2/5 5216/2/5
f 5224/2/5 5208/2/5 5223/2/5
f 5226/1/5 5219/1/5 5218/1/5
f 5227/1/5 5219/1/5 5226/1/5
f 5229/2/5 5221/2/5 5213/2/5
f 5230/2/5 5221/2/5 5229/2/5
f 5231/2/5 5225/2/5 5224/2/5
f 5232/2/5 5225/2/5 5231/2/5
f 5235/2/5 5229/2/5 5228/2/5
f 5236/2/5 5229/2/5 5235/2/5
f 5237/2/5 5233/2/5 5232/2/5
f 5238/2/5 5233/2/5 5237/2/5
f 5241/2/5 5235/2/5 5234/2/5
f 5242/2/5 5235/2/5 5241/2/5
f 5243/2/5 5239/2/5 5238/2/5
f 5244/2/5 5239/2/5 5243/2/5
f 5245/2/5 5239/2/5 5244/2/5
f 5248/2/5 5241/2/5 5240/2/5
f 5249/2/5 5241/2/5 5248/2/5
f 5250/2/5 5241/2/5 5249/2/5
f 5251/2/5 5246/2/5 5245/2/5
f 5251/2/5 5245/2/5 5244/2/5
f 5252/2/5 5246/2/5 5251/2/5
f 5255/2/5 5249/2/5 5248/2/5
f 5255/2/5 5248/2/5 5247/2/5
f 5256/2/5 5249/2/5 5255/2/5
f 5257/2/5 5253/2/5 5252/2/5
f 5258/2/5 5253/2/5 5257/2/5
f 5261/2/5 5255/2/5 5254/2/5
f 5262/2/5 5255/2/5 5261/2/5
f 5263/2/5 5259/2/5 5258/2/5
f 5264/2/5 5259/2/5 5263/2/5
f 5265/2/5 5261/2/5 5260/2/5
f 5266/2/5 5261/2/5 5265/2/5
f 5267/2/5 5265/2/5 5264/2/5
f 5268/2/5 5265/2/5 5267/2/5
f 5269/3/6 5270/3/6 5272/3/6
f 5272/3/6 5270/3/6 5273/3/6
f 5271/3/6 5272/3/6 5276/3/6
f 5276/3/6 5272/3/6 5277/3/6
f 5273/3/6 5274/3/6 5278/3/6
f 5278/3/6 5274/3/6 5279/3/6
f 5275/3/6 5276/3/6 5282/3/6
f 5282/3/6 5276/3/6 5283/3/6
f 5279/3/6 5280/3/6 5284/3/6
f 5284/3/6 5280/3/6 5285/3/6
f 5281/3/6 5282/3/6 5288/3/6
f 5288/3/6 5282/3/6 5289/3/6
f 5285/3/6 5286/3/6 5290/3/6
f 5290/3/6 5286/3/6 5291/3/6
f 5287/3/6 5288/3/6 5294/3/6
f 5294/3/6 5288/3/6 5295/3/6
f 5291/3/6 5292/3/6 5296/3/6
f 5296/3/6 5292/3/6 5297/3/6
f 5293/3/6 5294/3/6 5300/3/6
f 5300/3/6 5294/3/6 5301/3/6
f 5297/3/6 5298/3/6 5302/3/6
f 5302/3/6 5298/3/6 5303/3/6
f 5299/3/6 5300/3/6 5306/3/6
f 5306/3/6 5300/3/6 5307/3/6
f 5303/3/6 5304/3/6 5308/3/6
f 5308/3/6 5304/3/6 5309/3/6
f 5305/3/6 5306/3/6 5311/3/6
f 5311/3/6 5306/3/6 5312/3/6
f 5309/3/6 5310/3/6 5315/3/6
f 5315/3/6 5310/3/6 5316/3/6
f 5312/3/6 5313/3/6 5317/3/6
f 5317/3/6 5313/3/6 5318/3/6
f 5314/3/6 5315/3/6 5321/3/6
f 5321/3/6 5315/3/6 5322/3/6
f 5318/3/6 5319/3/6 5323/3/6
f 5323/3/6 5319/3/6 5324/3/6
f 5320/3/6 5321/3/6 5327/3/6
f 5327/3/6 5321/3/6 5328/3/6
f 5324/3/6 5325/3/6 5329/3/6
f 5329/3/6 5325/3/6 5330/3/6
f 5326/3/6 5327/3/6 5333/3/6
f 5333/3/6 5327/3/6 5334/3/6
f 5330/3/6 5331/3/6 5335/3/6
f 5335/3/6 5331/3/6 5336/3/6
f 5332/3/6 5333/3/6 5339/3/6
f 5339/3/6 5333/3/6 5340/3/6
f 5336/3/6 5337/3/6 5341/3/6
f 5341/3/6 5337/3/6 5342/3/6
f 5338/3/6 5339/3/6 5345/3/6
f 5345/3/6 5339/3/6 5346/3/6
f 5342/3/6 5343/3/6 5347/3/6
f 5347/3/6 5343/3/6 5348/3/6
f 5344/3/6 5345/3/6 5349/3/6
f 5349/3/6 5345/3/6 5350/3/6
f 5348/3/6 5349/3/6 5351/3/6
f 5351/3/6 5349/3/6 5352/3/6
f 5353/3/6 5354/3/6 5356/3/6
f 5356/3/6 5354/3/6 5357/3/6
f 5355/3/6 5356/3/6 5360/3/6
f 5360/3/6 5356/3/6 5361/3/6
f 5357/3/6 5358/3/6 5362/3/6
f 5362/3/6 5358/3/6 5363/3/6
f 5359/3/6 5360/3/6 5366/3/6
f 5366/3/6 5360/3/6 5367/3/6
f 5367/3/6 5360/3/6 5368/3/6
f 5363/3/6 5364/3/6 5369/3/6
f 5369/3/6 5364/3/6 5370/3/6
f 5370/3/6 5364/3/6 5371/3/6
f 5365/3/6 5366/3/6 5374/3/6
f 5366/3/6 5367/3/6 5374/3/6
f 5374/3/6 5367/3/6 5375/3/6
f 5375/3/6 5367/3/6 5376/3/6
f 5371/3/6 5372/3/6 5377/3/6
f 5370/3/6 5371/3/6 5377/3/6
f 5377/3/6 5372/3/6 5378/3/6
f 5378/3/6 5372/3/6 5379/3/6
f 5374/3/6 5375/3/6 5381/3/6
f 5373/3/6 5374/3/6 5381/3/6
f 5381/3/6 5375/3/6 5382/3/6
f 5379/3/6 5380/3/6 5383/3/6
f 5378/3/6 5379/3/6 5383/3/6
f 5383/3/6 5380/3/6 5384/3/6
f 5373/3/6 5381/3/6 5386/3/6
f 5386/3/6 5381/3/6 5387/3/6
f 5384/3/6 5380/3/6 5388/3/6
f 5388/3/6 5380/3/6 5389/3/6
f 5385/3/6 5386/3/6 5392/3/6
f 5392/3/6 5386/3/6 5393/3/6
f 5389/3/6 5390/3/6 5394/3/6
f 5394/3/6 5390/3/6 5395/3/6
f 5391/3/6 5392/3/6 5397/3/6
f 5397/3/6 5392/3/6 5398/3/6
f 5395/3/6 5396/3/6 5401/3/6
f 5401/3/6 5396/3/6 5402/3/6
f 5398/3/6 5399/3/6 5403/3/6
f 5403/3/6 5399/3/6 5404/3/6
f 5400/3/6 5401/3/6 5407/3/6
f 5407/3/6 5401/3/6 5408/3/6
f 5404/3/6 5405/3/6 5409/3/6
f 5406/3/6 5407/3/6 5412/3/6
f 5409/3/6 5410/3/6 5413/3/6
f 5404/3/6 5409/3/6 5413/3/6
f 5413/3/6 5410/3/6 5414/3/6
f 5414/3/6 5410/3/6 5415/3/6
f 5411/3/6 5412/3/6 5418/3/6
f 5412/3/6 5407/3/6 5419/3/6
f 5418/3/6 5412/3/6 5419/3/6
f 5419/3/6 5407/3/6 5420/3/6
f 5415/3/6 5416/3/6 5421/3/6
f 5414/3/6 5415/3/6 5421/3/6
f 5421/3/6 5416/3/6 5422/3/6
f 5422/3/6 5416/3/6 5423/3/6
f 5417/3/6 5418/3/6 5426/3/6
f 5418/3/6 5419/3/6 5426/3/6
f 5426/3/6 5419/3/6 5427/3/6
f 5427/3/6 5419/3/6 5428/3/6
f 5423/3/6 5424/3/6 5429/3/6
f 5422/3/6 5423/3/6 5429/3/6
f 5429/3/6 5424/3/6 5430/3/6
f 5426/3/6 5427/3/6 5433/3/6
f 5425/3/6 5426/3/6 5433/3/6
f 5433/3/6 5427/3/6 5434/3/6
f 5430/3/6 5431/3/6 5435/3/6
f 5435/3/6 5431/3/6 5436/3/6
f 5432/3/6 5433/3/6 5437/3/6
f 5437/3/6 5433/3/6 5438/3/6
f 5436/3/6 5437/3/6 5439/3/6
f 5439/3/6 5437/3/6 5440/3/6
f 5441/3/6 5442/3/6 5444/3/6
f 5444/3/6 5442/3/6 5445/3/6
f 5443/3/6 5444/3/6 5448/3/6
f 5448/3/6 5444/3/6 5449/3/6
f 5445/3/6 5446/3/6 5450/3/6
f 5450/3/6 5446/3/6 5451/3/6
f 5447/3/6 5448/3/6 5454/3/6
f 5454/3/6 5448/3/6 5455/3/6
f 5451/3/6 5452/3/6 5456/3/6
f 5456/3/6 5452/3/6 5457/3/6
f 5453/3/6 5454/3/6 5460/3/6
f 5460/3/6 5454/3/6 5461/3/6
f 5457/3/6 5458/3/6 5462/3/6
f 5462/3/6 5458/3/6 5463/3/6
f 5459/3/6 5460/3/6 5466/3/6
f 5466/3/6 5460/3/6 5467/3/6
f 5463/3/6 5464/3/6 5468/3/6
f 5468/3/6 5464/3/6 5469/3/6
f 5465/3/6 5466/3/6 5472/3/6
f 5472/3/6 5466/3/6 5473/3/6
f 5469/3/6 5470/3/6 5474/3/6
f 5474/3/6 5470/3/6 5475/3/6
f 5471/3/6 5472/3/6 5477/3/6
f 5477/3/6 5472/3/6 5478/3/6
f 5475/3/6 5476/3/6 5481/3/6
f 5481/3/6 5476/3/6 5482/3/6
f 5478/3/6 5479/3/6 5483/3/6
f 5483/3/6 5479/3/6 5484/3/6
f 5480/3/6 5481/3/6 5487/3/6
f 5487/3/6 5481/3/6 5488/3/6
f 5484/3/6 5485/3/6 5489/3/6
f 5489/3/6 5485/3/6 5490/3/6
f 5486/3/6 5487/3/6 5493/3/6
f 5493/3/6 5487/3/6 5494/3/6
f 5490/3/6 5491/3/6 5495/3/6
f 5495/3/6 5491/3/6 5496/3/6
f 5492/3/6 5493/3/6 5499/3/6
f 5499/3/6 5493/3/6 5500/3/6
f 5496/3/6 5497/3/6 5501/3/6
f 5501/3/6 5497/3/6 5502/3/6
f 5498/3/6 5499/3/6 5505/3/6
f 5505/3/6 5499/3/6 5506/3/6
f 5502/3/6 5503/3/6 5507/3/6
f 5507/3/6 5503/3/6 5508/3/6
f 5504/3/6 5505/3/6 5509/3/6
f 5509/3/6 5505/3/6 5510/3/6
f 5508/3/6 5509/3/6 5511/3/6
f 5511/3/6 5509/3/6 5512/3/6
f 5513/3/6 5514/3/6 5516/3/6
f 5516/3/6 5514/3/6 5517/3/6
f 5517/3/6 5514/3/6 5518/3/6
f 5518/3/6 5514/3/6 5519/3/6
f 5515/3/6 5516/3/6 5522/3/6
f 5516/3/6 5517/3/6 5522/3/6
f 5522/3/6 5517/3/6 5523/3/6
f 5523/3/6 5517/3/6 5524/3/6
f 5518/3/6 5519/3/6 5525/3/6
f 5519/3/6 5520/3/6 5525/3/6
f 5525/3/6 5520/3/6 5526/3/6
f 5526/3/6 5520/3/6 5527/3/6
f 5522/3/6 5523/3/6 5530/3/6
f 5521/3/6 5522/3/6 5530/3/6
f 5530/3/6 5523/3/6 5531/3/6
f 5527/3/6 5528/3/6 5532/3/6
f 5526/3/6 5527/3/6 5532/3/6
f 5532/3/6 5528/3/6 5533/3/6
f 5529/3/6 5530/3/6 5536/3/6
f 5533/3/6 5534/3/6 5537/3/6
f 5535/3/6 5536/3/6 5539/3/6
f 5536/3/6 5530/3/6 5539/3/6
f 5539/3/6 5530/3/6 5540/3/6
f 5537/3/6 5538/3/6 5541/3/6
f 5533/3/6 5537/3/6 5541/3/6
f 5541/3/6 5538/3/6 5542/3/6
f 5535/3/6 5539/3/6 5544/3/6
f 5542/3/6 5538/3/6 5545/3/6
f 5543/3/6 5544/3/6 5547/3/6
f 5544/3/6 5539/3/6 5547/3/6
f 5547/3/6 5539/3/6 5548/3/6
f 5545/3/6 5546/3/6 5549/3/6
f 5542/3/6 5545/3/6 5549/3/6
f 5549/3/6 5546/3/6 5550/3/6
f 5543/3/6 5547/3/6 5551/3/6
f 5550/3/6 5546/3/6 5554/3/6
f 5551/3/6 5552/3/6 5555/3/6
f 5543/3/6 5551/3/6 5555/3/6
f 5555/3/6 5552/3/6 5556/3/6
f 5553/3/6 5554/3/6 5557/3/6
f 5554/3/6 5546/3/6 5557/3/6
f 5557/3/6 5546/3/6 5558/3/6
f 5556/3/6 5552/3/6 5559/3/6
f 5553/3/6 5557/3/6 5562/3/6
f 5559/3/6 5560/3/6 5563/3/6
f 5556/3/6 5559/3/6 5563/3/6
f 5563/3/6 5560/3/6 5564/3/6
f 5561/3/6 5562/3/6 5565/3/6
f 5562/3/6 5557/3/6 5565/3/6
f 5565/3/6 5557/3/6 5566/3/6
f 5564/3/6 5560/3/6 5567/3/6
f 5567/3/6 5560/3/6 5568/3/6
f 5561/3/6 5565/3/6 5571/3/6
f 5571/3/6 5565/3/6 5572/3/6
f 5568/3/6 5569/3/6 5573/3/6
f 5573/3/6 5569/3/6 5574/3/6
f 5574/3/6 5569/3/6 5575/3/6
f 5570/3/6 5571/3/6 5578/3/6
f 5578/3/6 5571/3/6 5579/3/6
f 5579/3/6 5571/3/6 5580/3/6
f 5575/3/6 5576/3/6 5581/3/6
f 5574/3/6 5575/3/6 5581/3/6
f 5581/3/6 5576/3/6 5582/3/6
f 5582/3/6 5576/3/6 5583/3/6
f 5578/3/6 5579/3/6 5584/3/6
f 5577/3/6 5578/3/6 5584/3/6
f 5584/3/6 5579/3/6 5585/3/6
f 5585/3/6 5579/3/6 5586/3/6
f 5582/3/6 5583/3/6 5587/3/6
f 5584/3/6 5585/3/6 5587/3/6
f 5583/3/6 5584/3/6 5587/3/6
f 5587/3/6 5585/3/6 5588/3/6
f 5589/3/6 5590/3/6 5592/3/6
f 5592/3/6 5590/3/6 5593/3/6
f 5591/3/6 5592/3/6 5596/3/6
f 5596/3/6 5592/3/6 5597/3/6
f 5593/3/6 5594/3/6 5598/3/6
f 5598/3/6 5594/3/6 5599/3/6
f 5595/3/6 5596/3/6 5601/3/6
f 5601/3/6 5596/3/6 5602/3/6
f 5599/3/6 5600/3/6 5603/3/6
f 5603/3/6 5600/3/6 5604/3/6
f 5595/3/6 5601/3/6 5606/3/6
f 5606/3/6 5601/3/6 5607/3/6
f 5604/3/6 5600/3/6 5608/3/6
f 5608/3/6 5600/3/6 5609/3/6
f 5605/3/6 5606/3/6 5612/3/6
f 5612/3/6 5606/3/6 5613/3/6
f 5609/3/6 5610/3/6 5614/3/6
f 5614/3/6 5610/3/6 5615/3/6
f 5611/3/6 5612/3/6 5617/3/6
f 5617/3/6 5612/3/6 5618/3/6
f 5615/3/6 5616/3/6 5621/3/6
f 5621/3/6 5616/3/6 5622/3/6
f 5618/3/6 5619/3/6 5623/3/6
f 5623/3/6 5619/3/6 5624/3/6
f 5620/3/6 5621/3/6 5627/3/6
f 5627/3/6 5621/3/6 5628/3/6
f 5624/3/6 5625/3/6 5629/3/6
f 5626/3/6 5627/3/6 5632/3/6
f 5629/3/6 5630/3/6 5633/3/6
f 5624/3/6 5629/3/6 5633/3/6
f 5633/3/6 5630/3/6 5634/3/6
f 5631/3/6 5632/3/6 5637/3/6
f 5632/3/6 5627/3/6 5638/3/6
f 5637/3/6 5632/3/6 5638/3/6
f 5634/3/6 5635/3/6 5639/3/6
f 5639/3/6 5635/3/6 5640/3/6
f 5636/3/6 5637/3/6 5641/3/6
f 5641/3/6 5637/3/6 5642/3/6
f 5640/3/6 5641/3/6 5643/3/6
f 5643/3/6 5641/3/6 5644/3/6
f 5645/2/6 5646/2/6 5648/2/6
f 5648/2/6 5646/2/6 5649/2/6
f 5647/2/6 5648/2/6 5652/2/6
f 5652/2/6 5648/2/6 5653/2/6
f 5649/2/6 5650/2/6 5654/2/6
f 5654/2/6 5650/2/6 5655/2/6
f 5651/2/6 5652/2/6 5658/2/6
f 5658/2/6 5652/2/6 5659/2/6
f 5655/2/6 5656/2/6 5660/2/6
f 5660/2/6 5656/2/6 5661/2/6
f 5657/2/6 5658/2/6 5664/2/6
f 5664/2/6 5658/2/6 5665/2/6
f 5665/2/6 5658/2/6 5666/2/6
f 5661/2/6 5662/2/6 5667/2/6
f 5667/2/6 5662/2/6 5668/2/6
f 5668/2/6 5662/2/6 5669/2/6
f 5663/2/6 5664/2/6 5672/2/6
f 5664/2/6 5665/2/6 5672/2/6
f 5672/2/6 5665/2/6 5673/2/6
f 5669/2/6 5670/2/6 5674/2/6
f 5668/2/6 5669/2/6 5674/2/6
f 5674/2/6 5670/2/6 5675/2/6
f 5671/2/6 5672/2/6 5678/2/6
f 5678/2/6 5672/2/6 5679/2/6
f 5675/2/6 5676/2/6 5680/2/6
f 5680/2/6 5676/2/6 5681/2/6
f 5677/2/6 5678/2/6 5684/2/6
f 5684/2/6 5678/2/6 5685/2/6
f 5681/2/6 5682/2/6 5686/2/6
f 5686/2/6 5682/2/6 5687/2/6
f 5683/2/6 5684/2/6 5690/2/6
f 5687/2/6 5688/2/6 5691/2/6
f 5689/2/6 5690/2/6 5693/2/6
f 5690/2/6 5684/2/6 5693/2/6
f 5693/2/6 5684/2/6 5694/2/6
f 5691/2/6 5692/2/6 5695/2/6
f 5687/2/6 5691/2/6 5695/2/6
f 5695/2/6 5692/2/6 5696/2/6
f 5689/2/6 5693/2/6 5698/2/6
f 5698/2/6 5693/2/6 5699/2/6
f 5696/2/6 5692/2/6 5700/2/6
f 5700/2/6 5692/2/6 5701/2/6
f 5697/2/6 5698/2/6 5704/2/6
f 5704/2/6 5698/2/6 5705/2/6
f 5701/2/6 5702/2/6 5706/2/6
f 5706/2/6 5702/2/6 5707/2/6
f 5703/2/6 5704/2/6 5710/2/6
f 5710/2/6 5704/2/6 5711/2/6
f 5707/2/6 5708/2/6 5712/2/6
f 5712/2/6 5708/2/6 5713/2/6
f 5709/2/6 5710/2/6 5715/2/6
f 5715/2/6 5710/2/6 5716/2/6
f 5713/2/6 5714/2/6 5719/2/6
f 5719/2/6 5714/2/6 5720/2/6
f 5716/2/6 5717/2/6 5721/2/6
f 5721/2/6 5717/2/6 5722/2/6
f 5718/2/6 5719/2/6 5725/2/6
f 5725/2/6 5719/2/6 5726/2/6
f 5722/2/6 5723/2/6 5727/2/6
f 5727/2/6 5723/2/6 5728/2/6
f 5724/2/6 5725/2/6 5731/2/6
f 5731/2/6 5725/2/6 5732/2/6
f 5728/2/6 5729/2/6 5733/2/6
f 5730/2/6 5731/2/6 5736/2/6
f 5733/2/6 5734/2/6 5737/2/6
f 5728/2/6 5733/2/6 5737/2/6
f 5737/2/6 5734/2/6 5738/2/6
f 5735/2/6 5736/2/6 5739/2/6
f 5736/2/6 5731/2/6 5739/2/6
f 5739/2/6 5731/2/6 5740/2/6
f 5738/2/6 5734/2/6 5741/2/6
f 5741/2/6 5734/2/6 5742/2/6
f 5735/2/6 5739/2/6 5745/2/6
f 5745/2/6 5739/2/6 5746/2/6
f 5742/2/6 5743/2/6 5747/2/6
f 5747/2/6 5743/2/6 5748/2/6
f 5744/2/6 5745/2/6 5751/2/6
f 5751/2/6 5745/2/6 5752/2/6
f 5748/2/6 5749/2/6 5753/2/6
f 5753/2/6 5749/2/6 5754/2/6
f 5750/2/6 5751/2/6 5757/2/6
f 5757/2/6 5751/2/6 5758/2/6
f 5754/2/6 5755/2/6 5759/2/6
f 5759/2/6 5755/2/6 5760/2/6
f 5760/2/6 5755/2/6 5761/2/6
f 5756/2/6 5757/2/6 5764/2/6
f 5764/2/6 5757/2/6 5765/2/6
f 5765/2/6 5757/2/6 5766/2/6
f 5761/2/6 5762/2/6 5767/2/6
f 5760/2/6 5761/2/6 5767/2/6
f 5767/2/6 5762/2/6 5768/2/6
f 5764/2/6 5765/2/6 5771/2/6
f 5763/2/6 5764/2/6 5771/2/6
f 5771/2/6 5765/2/6 5772/2/6
f 5768/2/6 5769/2/6 5773/2/6
f 5773/2/6 5769/2/6 5774/2/6
f 5770/2/6 5771/2/6 5777/2/6
f 5777/2/6 5771/2/6 5778/2/6
f 5774/2/6 5775/2/6 5779/2/6
f 5779/2/6 5775/2/6 5780/2/6
f 5776/2/6 5777/2/6 5781/2/6
f 5781/2/6 5777/2/6 5782/2/6
f 5780/2/6 5781/2/6 5783/2/6
f 5783/2/6 5781/2/6 5784/2/6
f 5785/2/6 5786/2/6 5788/2/6
f 5788/2/6 5786/2/6 5789/2/6
f 5787/2/6 5788/2/6 5792/2/6
f 5792/2/6 5788/2/6 5793/2/6
f 5789/2/6 5790/2/6 5794/2/6
f 5794/2/6 5790/2/6 5795/2/6
f 5791/2/6 5792/2/6 5798/2/6
f 5798/2/6 5792/2/6 5799/2/6
f 5795/2/6 5796/2/6 5800/2/6
f 5800/2/6 5796/2/6 5801/2/6
f 5797/2/6 5798/2/6 5804/2/6
f 5804/2/6 5798/2/6 5805/2/6
f 5801/2/6 5802/2/6 5806/2/6
f 5806/2/6 5802/2/6 5807/2/6
f 5803/2/6 5804/2/6 5810/2/6
f 5810/2/6 5804/2/6 5811/2/6
f 5811/2/6 5804/2/6 5812/2/6
f 5807/2/6 5808/2/6 5813/2/6
f 5813/2/6 5808/2/6 5814/2/6
f 5814/2/6 5808/2/6 5815/2/6
f 5809/2/6 5810/2/6 5818/2/6
f 5810/2/6 5811/2/6 5818/2/6
f 5818/2/6 5811/2/6 5819/2/6
f 5819/2/6 5811/2/6 5820/2/6
f 5815/2/6 5816/2/6 5821/2/6
f 5814/2/6 5815/2/6 5821/2/6
f 5821/2/6 5816/2/6 5822/2/6
f 5822/2/6 5816/2/6 5823/2/6
f 5818/2/6 5819/2/6 5825/2/6
f 5817/2/6 5818/2/6 5825/2/6
f 5825/2/6 5819/2/6 5826/2/6
f 5823/2/6 5824/2/6 5827/2/6
f 5822/2/6 5823/2/6 5827/2/6
f 5827/2/6 5824/2/6 5828/2/6
f 5817/2/6 5825/2/6 5830/2/6
f 5830/2/6 5825/2/6 5831/2/6
f 5828/2/6 5824/2/6 5832/2/6
f 5832/2/6 5824/2/6 5833/2/6
f 5829/2/6 5830/2/6 5836/2/6
f 5836/2/6 5830/2/6 5837/2/6
f 5833/2/6 5834/2/6 5838/2/6
f 5838/2/6 5834/2/6 5839/2/6
f 5835/2/6 5836/2/6 5842/2/6
f 5842/2/6 5836/2/6 5843/2/6
f 5839/2/6 5840/2/6 5844/2/6
f 5844/2/6 5840/2/6 5845/2/6
f 5841/2/6 5842/2/6 5848/2/6
f 5848/2/6 5842/2/6 5849/2/6
f 5845/2/6 5846/2/6 5850/2/6
f 5850/2/6 5846/2/6 5851/2/6
f 5847/2/6 5848/2/6 5853/2/6
f 5853/2/6 5848/2/6 5854/2/6
f 5851/2/6 5852/2/6 5857/2/6
f 5857/2/6 5852/2/6 5858/2/6
f 5854/2/6 5855/2/6 5859/2/6
f 5859/2/6 5855/2/6 5860/2/6
f 5856/2/6 5857/2/6 5863/2/6
f 5863/2/6 5857/2/6 5864/2/6
f 5860/2/6 5861/2/6 5865/2/6
f 5865/2/6 5861/2/6 5866/2/6
f 5862/2/6 5863/2/6 5869/2/6
f 5869/2/6 5863/2/6 5870/2/6
f 5866/2/6 5867/2/6 5871/2/6
f 5871/2/6 5867/2/6 5872/2/6
f 5868/2/6 5869/2/6 5875/2/6
f 5875/2/6 5869/2/6 5876/2/6
f 5872/2/6 5873/2/6 5877/2/6
f 5874/2/6 5875/2/6 5880/2/6
f 5877/2/6 5878/2/6 5881/2/6
f 5872/2/6 5877/2/6 5881/2/6
f 5881/2/6 5878/2/6 5882/2/6
f 5882/2/6 5878/2/6 5883/2/6
f 5879/2/6 5880/2/6 5886/2/6
f 5880/2/6 5875/2/6 5887/2/6
f 5886/2/6 5880/2/6 5887/2/6
f 5887/2/6 5875/2/6 5888/2/6
f 5883/2/6 5884/2/6 5889/2/6
f 5882/2/6 5883/2/6 5889/2/6
f 5889/2/6 5884/2/6 5890/2/6
f 5890/2/6 5884/2/6 5891/2/6
f 5885/2/6 5886/2/6 5894/2/6
f 5886/2/6 5887/2/6 5894/2/6
f 5894/2/6 5887/2/6 5895/2/6
f 5895/2/6 5887/2/6 5896/2/6
f 5891/2/6 5892/2/6 5897/2/6
f 5890/2/6 5891/2/6 5897/2/6
f 5897/2/6 5892/2/6 5898/2/6
f 5894/2/6 5895/2/6 5901/2/6
f 5893/2/6 5894/2/6 5901/2/6
f 5901/2/6 5895/2/6 5902/2/6
f 5898/2/6 5899/2/6 5903/2/6
f 5903/2/6 5899/2/6 5904/2/6
f 5900/2/6 5901/2/6 5907/2/6
f 5907/2/6 5901/2/6 5908/2/6
f 5904/2/6 5905/2/6 5909/2/6
f 5909/2/6 5905/2/6 5910/2/6
f 5906/2/6 5907/2/6 5913/2/6
f 5913/2/6 5907/2/6 5914/2/6
f 5910/2/6 5911/2/6 5915/2/6
f 5915/2/6 5911/2/6 5916/2/6
f 5912/2/6 5913/2/6 5917/2/6
f 5917/2/6 5913/2/6 5918/2/6
f 5916/2/6 5917/2/6 5919/2/6
f 5919/2/6 5917/2/6 5920/2/6
f 5921/2/6 5922/2/6 5924/2/6
f 5924/2/6 5922/2/6 5925/2/6
f 5923/2/6 5924/2/6 5928/2/6
f 5928/2/6 5924/2/6 5929/2/6
f 5929/2/6 5924/2/6 5930/2/6
f 5925/2/6 5926/2/6 5931/2/6
f 5931/2/6 5926/2/6 5932/2/6
f 5932/2/6 5926/2/6 5933/2/6
f 5927/2/6 5928/2/6 5936/2/6
f 5928/2/6 5929/2/6 5936/2/6
f 5936/2/6 5929/2/6 5937/2/6
f 5937/2/6 5929/2/6 5938/2/6
f 5933/2/6 5934/2/6 5939/2/6
f 5932/2/6 5933/2/6 5939/2/6
f 5939/2/6 5934/2/6 5940/2/6
f 5940/2/6 5934/2/6 5941/2/6
f 5936/2/6 5937/2/6 5944/2/6
f 5935/2/6 5936/2/6 5944/2/6
f 5944/2/6 5937/2/6 5945/2/6
f 5941/2/6 5942/2/6 5946/2/6
f 5940/2/6 5941/2/6 5946/2/6
f 5946/2/6 5942/2/6 5947/2/6
f 5943/2/6 5944/2/6 5950/2/6
f 5950/2/6 5944/2/6 5951/2/6
f 5947/2/6 5948/2/6 5952/2/6
f 5952/2/6 5948/2/6 5953/2/6
f 5949/2/6 5950/2/6 5956/2/6
f 5956/2/6 5950/2/6 5957/2/6
f 5953/2/6 5954/2/6 5958/2/6
f 5958/2/6 5954/2/6 5959/2/6
f 5955/2/6 5956/2/6 5962/2/6
f 5962/2/6 5956/2/6 5963/2/6
f 5959/2/6 5960/2/6 5964/2/6
f 5964/2/6 5960/2/6 5965/2/6
f 5961/2/6 5962/2/6 5968/2/6
f 5965/2/6 5966/2/6 5969/2/6
f 5967/2/6 5968/2/6 5971/2/6
f 5968/2/6 5962/2/6 5971/2/6
f 5971/2/6 5962/2/6 5972/2/6
f 5969/2/6 5970/2/6 5973/2/6
f 5965/2/6 5969/2/6 5973/2/6
f 5973/2/6 5970/2/6 5974/2/6
f 5967/2/6 5971/2/6 5976/2/6
f 5974/2/6 5970/2/6 5977/2/6
f 5975/2/6 5976/2/6 5979/2/6
f 5976/2/6 5971/2/6 5979/2/6
f 5979/2/6 5971/2/6 5980/2/6
f 5977/2/6 5978/2/6 5981/2/6
f 5974/2/6 5977/2/6 5981/2/6
f 5981/2/6 5978/2/6 5982/2/6
f 5975/2/6 5979/2/6 5984/2/6
f 5984/2/6 5979/2/6 5985/2/6
f 5982/2/6 5978/2/6 5986/2/6
f 5986/2/6 5978/2/6 5987/2/6
f 5983/2/6 5984/2/6 5989/2/6
f 5989/2/6 5984/2/6 5990/2/6
f 5987/2/6 5988/2/6 5993/2/6
f 5993/2/6 5988/2/6 5994/2/6
f 5990/2/6 5991/2/6 5995/2/6
f 5992/2/6 5993/2/6 5998/2/6
f 5995/2/6 5996/2/6 5999/2/6
f 5990/2/6 5995/2/6 5999/2/6
f 5999/2/6 5996/2/6 6000/2/6
f 5997/2/6 5998/2/6 6001/2/6
f 5998/2/6 5993/2/6 6001/2/6
f 6001/2/6 5993/2/6 6002/2/6
f 6000/2/6 5996/2/6 6003/2/6
f 5997/2/6 6001/2/6 6006/2/6
f 6003/2/6 6004/2/6 6007/2/6
f 6000/2/6 6003/2/6 6007/2/6
f 6007/2/6 6004/2/6 6008/2/6
f 6005/2/6 6006/2/6 6009/2/6
f 6006/2/6 6001/2/6 6009/2/6
f 6009/2/6 6001/2/6 6010/2/6
f 6008/2/6 6004/2/6 6011/2/6
f 6011/2/6 6004/2/6 6012/2/6
f 6005/2/6 6009/2/6 6015/2/6
f 6015/2/6 6009/2/6 6016/2/6
f 6012/2/6 6013/2/6 6017/2/6
f 6017/2/6 6013/2/6 6018/2/6
f 6014/2/6 6015/2/6 6021/2/6
f 6021/2/6 6015/2/6 6022/2/6
f 6018/2/6 6019/2/6 6023/2/6
f 6023/2/6 6019/2/6 6024/2/6
f 6020/2/6 6021/2/6 6027/2/6
f 6027/2/6 6021/2/6 6028/2/6
f 6024/2/6 6025/2/6 6029/2/6
f 6029/2/6 6025/2/6 6030/2/6
f 6026/2/6 6027/2/6 6033/2/6
f 6033/2/6 6027/2/6 6034/2/6
f 6030/2/6 6031/2/6 6035/2/6
f 6035/2/6 6031/2/6 6036/2/6
f 6036/2/6 6031/2/6 6037/2/6
f 6032/2/6 6033/2/6 6040/2/6
f 6040/2/6 6033/2/6 6041/2/6
f 6041/2/6 6033/2/6 6042/2/6
f 6037/2/6 6038/2/6 6043/2/6
f 6036/2/6 6037/2/6 6043/2/6
f 6043/2/6 6038/2/6 6044/2/6
f 6044/2/6 6038/2/6 6045/2/6
f 6040/2/6 6041/2/6 6048/2/6
f 6039/2/6 6040/2/6 6048/2/6
f 6048/2/6 6041/2/6 6049/2/6
f 6049/2/6 6041/2/6 6050/2/6
f 6045/2/6 6046/2/6 6051/2/6
f 6044/2/6 6045/2/6 6051/2/6
f 6051/2/6 6046/2/6 6052/2/6
f 6048/2/6 6049/2/6 6053/2/6
f 6047/2/6 6048/2/6 6053/2/6
f 6053/2/6 6049/2/6 6054/2/6
f 6052/2/6 6053/2/6 6055/2/6
f 6055/2/6 6053/2/6 6056/2/6
f 6057/2/6 6058/2/6 6060/2/6
f 6060/2/6 6058/2/6 6061/2/6
f 6061/2/6 6058/2/6 6062/2/6
f 6062/2/6 6058/2/6 6063/2/6
f 6059/2/6 6060/2/6 6066/2/6
f 6060/2/6 6061/2/6 6066/2/6
f 6066/2/6 6061/2/6 6067/2/6
f 6062/2/6 6063/2/6 6068/2/6
f 6063/2/6 6064/2/6 6068/2/6
f 6068/2/6 6064/2/6 6069/2/6
f 6065/2/6 6066/2/6 6072/2/6
f 6072/2/6 6066/2/6 6073/2/6
f 6069/2/6 6070/2/6 6074/2/6
f 6074/2/6 6070/2/6 6075/2/6
f 6071/2/6 6072/2/6 6078/2/6
f 6078/2/6 6072/2/6 6079/2/6
f 6079/2/6 6072/2/6 6080/2/6
f 6075/2/6 6076/2/6 6081/2/6
f 6081/2/6 6076/2/6 6082/2/6
f 6082/2/6 6076/2/6 6083/2/6
f 6077/2/6 6078/2/6 6086/2/6
f 6078/2/6 6079/2/6 6086/2/6
f 6086/2/6 6079/2/6 6087/2/6
f 6087/2/6 6079/2/6 6088/2/6
f 6083/2/6 6084/2/6 6089/2/6
f 6082/2/6 6083/2/6 6089/2/6
f 6089/2/6 6084/2/6 6090/2/6
f 6090/2/6 6084/2/6 6091/2/6
f 6086/2/6 6087/2/6 6094/2/6
f 6085/2/6 6086/2/6 6094/2/6
f 6094/2/6 6087/2/6 6095/2/6
f 6095/2/6 6087/2/6 6096/2/6
f 6091/2/6 6092/2/6 6097/2/6
f 6090/2/6 6091/2/6 6097/2/6
f 6097/2/6 6092/2/6 6098/2/6
f 6098/2/6 6092/2/6 6099/2/6
f 6094/2/6 6095/2/6 6101/2/6
f 6093/2/6 6094/2/6 6101/2/6
f 6101/2/6 6095/2/6 6102/2/6
f 6099/2/6 6100/2/6 6103/2/6
f 6098/2/6 6099/2/6 6103/2/6
f 6103/2/6 6100/2/6 6104/2/6
f 6093/2/6 6101/2/6 6106/2/6
f 6106/2/6 6101/2/6 6107/2/6
f 6104/2/6 6100/2/6 6108/2/6
f 6108/2/6 6100/2/6 6109/2/6
f 6105/2/6 6106/2/6 6112/2/6
f 6112/2/6 6106/2/6 6113/2/6
f 6109/2/6 6110/2/6 6114/2/6
f 6114/2/6 6110/2/6 6115/2/6
f 6111/2/6 6112/2/6 6118/2/6
f 6115/2/6 6116/2/6 6119/2/6
f 6117/2/6 6118/2/6 6121/2/6
f 6118/2/6 6112/2/6 6121/2/6
f 6121/2/6 6112/2/6 6122/2/6
f 6119/2/6 6120/2/6 6123/2/6
f 6115/2/6 6119/2/6 6123/2/6
f 6123/2/6 6120/2/6 6124/2/6
f 6117/2/6 6121/2/6 6125/2/6
f 6124/2/6 6120/2/6 6128/2/6
f 6125/2/6 6126/2/6 6129/2/6
f 6117/2/6 6125/2/6 6129/2/6
f 6129/2/6 6126/2/6 6130/2/6
f 6127/2/6 6128/2/6 6131/2/6
f 6128/2/6 6120/2/6 6131/2/6
f 6131/2/6 6120/2/6 6132/2/6
f 6130/2/6 6126/2/6 6133/2/6
f 6133/2/6 6126/2/6 6134/2/6
f 6127/2/6 6131/2/6 6137/2/6
f 6137/2/6 6131/2/6 6138/2/6
f 6134/2/6 6135/2/6 6139/2/6
f 6139/2/6 6135/2/6 6140/2/6
f 6136/2/6 6137/2/6 6143/2/6
f 6143/2/6 6137/2/6 6144/2/6
f 6140/2/6 6141/2/6 6145/2/6
f 6142/2/6 6143/2/6 6148/2/6
f 6145/2/6 6146/2/6 6149/2/6
f 6140/2/6 6145/2/6 6149/2/6
f 6149/2/6 6146/2/6 6150/2/6
f 6150/2/6 6146/2/6 6151/2/6
f 6147/2/6 6148/2/6 6154/2/6
f 6148/2/6 6143/2/6 6155/2/6
f 6154/2/6 6148/2/6 6155/2/6
f 6155/2/6 6143/2/6 6156/2/6
f 6151/2/6 6152/2/6 6157/2/6
f 6150/2/6 6151/2/6 6157/2/6
f 6157/2/6 6152/2/6 6158/2/6
f 6158/2/6 6152/2/6 6159/2/6
f 6153/2/6 6154/2/6 6162/2/6
f 6154/2/6 6155/2/6 6162/2/6
f 6162/2/6 6155/2/6 6163/2/6
f 6163/2/6 6155/2/6 6164/2/6
f 6159/2/6 6160/2/6 6165/2/6
f 6158/2/6 6159/2/6 6165/2/6
f 6165/2/6 6160/2/6 6166/2/6
f 6166/2/6 6160/2/6 6167/2/6
f 6162/2/6 6163/2/6 6170/2/6
f 6161/2/6 6162/2/6 6170/2/6
f 6170/2/6 6163/2/6 6171/2/6
f 6171/2/6 6163/2/6 6172/2/6
f 6167/2/6 6168/2/6 6173/2/6
f 6166/2/6 6167/2/6 6173/2/6
f 6173/2/6 6168/2/6 6174/2/6
f 6170/2/6 6171/2/6 6177/2/6
f 6169/2/6 6170/2/6 6177/2/6
f 6177/2/6 6171/2/6 6178/2/6
f 6174/2/6 6175/2/6 6179/2/6
f 6179/2/6 6175/2/6 6180/2/6
f 6176/2/6 6177/2/6 6183/2/6
f 6183/2/6 6177/2/6 6184/2/6
f 6180/2/6 6181/2/6 6185/2/6
f 6185/2/6 6181/2/6 6186/2/6
f 6186/2/6 6181/2/6 6187/2/6
f 6182/2/6 6183/2/6 6188/2/6
f 6188/2/6 6183/2/6 6189/2/6
f 6189/2/6 6183/2/6 6190/2/6
f 6186/2/6 6187/2/6 6191/2/6
f 6188/2/6 6189/2/6 6191/2/6
f 6187/2/6 6188/2/6 6191/2/6
f 6191/2/6 6189/2/6 6192/2/6
f 6193/2/6 6194/2/6 6196/2/6
f 6196/2/6 6194/2/6 6197/2/6
f 6195/2/6 6196/2/6 6200/2/6
f 6200/2/6 6196/2/6 6201/2/6
f 6197/2/6 6198/2/6 6202/2/6
f 6202/2/6 6198/2/6 6203/2/6
f 6199/2/6 6200/2/6 6206/2/6
f 6206/2/6 6200/2/6 6207/2/6
f 6203/2/6 6204/2/6 6208/2/6
f 6208/2/6 6204/2/6 6209/2/6
f 6205/2/6 6206/2/6 6212/2/6
f 6212/2/6 6206/2/6 6213/2/6
f 6209/2/6 6210/2/6 6214/2/6
f 6214/2/6 6210/2/6 6215/2/6
f 6211/2/6 6212/2/6 6218/2/6
f 6218/2/6 6212/2/6 6219/2/6
f 6215/2/6 6216/2/6 6220/2/6
f 6220/2/6 6216/2/6 6221/2/6
f 6217/2/6 6218/2/6 6224/2/6
f 6224/2/6 6218/2/6 6225/2/6
f 6221/2/6 6222/2/6 6226/2/6
f 6226/2/6 6222/2/6 6227/2/6
f 6223/2/6 6224/2/6 6230/2/6
f 6230/2/6 6224/2/6 6231/2/6
f 6227/2/6 6228/2/6 6232/2/6
f 6232/2/6 6228/2/6 6233/2/6
f 6229/2/6 6230/2/6 6236/2/6
f 6236/2/6 6230/2/6 6237/2/6
f 6233/2/6 6234/2/6 6238/2/6
f 6238/2/6 6234/2/6 6239/2/6
f 6235/2/6 6236/2/6 6242/2/6
f 6242/2/6 6236/2/6 6243/2/6
f 6239/2/6 6240/2/6 6244/2/6
f 6244/2/6 6240/2/6 6245/2/6
f 6241/2/6 6242/2/6 6247/2/6
f 6247/2/6 6242/2/6 6248/2/6
f 6245/2/6 6246/2/6 6251/2/6
f 6251/2/6 6246/2/6 6252/2/6
f 6248/2/6 6249/2/6 6253/2/6
f 6253/2/6 6249/2/6 6254/2/6
f 6250/2/6 6251/2/6 6257/2/6
f 6257/2/6 6251/2/6 6258/2/6
f 6254/2/6 6255/2/6 6259/2/6
f 6259/2/6 6255/2/6 6260/2/6
f 6256/2/6 6257/2/6 6263/2/6
f 6263/2/6 6257/2/6 6264/2/6
f 6260/2/6 6261/2/6 6265/2/6
f 6265/2/6 6261/2/6 6266/2/6
f 6262/2/6 6263/2/6 6269/2/6
f 6269/2/6 6263/2/6 6270/2/6
f 6266/2/6 6267/2/6 6271/2/6
f 6271/2/6 6267/2/6 6272/2/6
f 6268/2/6 6269/2/6 6275/2/6
f 6275/2/6 6269/2/6 6276/2/6
f 6272/2/6 6273/2/6 6277/2/6
f 6277/2/6 6273/2/6 6278/2/6
f 6274/2/6 6275/2/6 6281/2/6
f 6281/2/6 6275/2/6 6282/2/6
f 6278/2/6 6279/2/6 6283/2/6
f 6283/2/6 6279/2/6 6284/2/6
f 6280/2/6 6281/2/6 6287/2/6
f 6287/2/6 6281/2/6 6288/2/6
f 6284/2/6 6285/2/6 6289/2/6
f 6289/2/6 6285/2/6 6290/2/6
f 6286/2/6 6287/2/6 6293/2/6
f 6293/2/6 6287/2/6 6294/2/6
f 6290/2/6 6291/2/6 6295/2/6
f 6295/2/6 6291/2/6 6296/2/6
f 6292/2/6 6293/2/6 6297/2/6
f 6297/2/6 6293/2/6 6298/2/6
f 6296/2/6 6297/2/6 6299/2/6
f 6299/2/6 6297/2/6 6300/2/6
f 6301/2/6 6302/2/6 6304/2/6
f 6304/2/6 6302/2/6 6305/2/6
f 6303/2/6 6304/2/6 6308/2/6
f 6308/2/6 6304/2/6 6309/2/6
f 6305/2/6 6306/2/6 6310/2/6
f 6310/2/6 6306/2/6 6311/2/6
f 6307/2/6 6308/2/6 6314/2/6
f 6314/2/6 6308/2/6 6315/2/6
f 6315/2/6 6308/2/6 6316/2/6
f 6311/2/6 6312/2/6 6317/2/6
f 6317/2/6 6312/2/6 6318/2/6
f 6318/2/6 6312/2/6 6319/2/6
f 6313/2/6 6314/2/6 6322/2/6
f 6314/2/6 6315/2/6 6322/2/6
f 6322/2/6 6315/2/6 6323/2/6
f 6319/2/6 6320/2/6 6324/2/6
f 6318/2/6 6319/2/6 6324/2/6
f 6324/2/6 6320/2/6 6325/2/6
f 6321/2/6 6322/2/6 6328/2/6
f 6328/2/6 6322/2/6 6329/2/6
f 6325/2/6 6326/2/6 6330/2/6
f 6330/2/6 6326/2/6 6331/2/6
f 6327/2/6 6328/2/6 6334/2/6
f 6331/2/6 6332/2/6 6335/2/6
f 6333/2/6 6334/2/6 6337/2/6
f 6334/2/6 6328/2/6 6337/2/6
f 6337/2/6 6328/2/6 6338/2/6
f 6335/2/6 6336/2/6 6339/2/6
f 6331/2/6 6335/2/6 6339/2/6
f 6339/2/6 6336/2/6 6340/2/6
f 6333/2/6 6337/2/6 6342/2/6
f 6342/2/6 6337/2/6 6343/2/6
f 6340/2/6 6336/2/6 6344/2/6
f 6344/2/6 6336/2/6 6345/2/6
f 6341/2/6 6342/2/6 6348/2/6
f 6348/2/6 6342/2/6 6349/2/6
f 6345/2/6 6346/2/6 6350/2/6
f 6350/2/6 6346/2/6 6351/2/6
f 6347/2/6 6348/2/6 6353/2/6
f 6353/2/6 6348/2/6 6354/2/6
f 6351/2/6 6352/2/6 6357/2/6
f 6357/2/6 6352/2/6 6358/2/6
f 6354/2/6 6355/2/6 6359/2/6
f 6359/2/6 6355/2/6 6360/2/6
f 6356/2/6 6357/2/6 6363/2/6
f 6363/2/6 6357/2/6 6364/2/6
f 6360/2/6 6361/2/6 6365/2/6
f 6362/2/6 6363/2/6 6368/2/6
f 6365/2/6 6366/2/6 6369/2/6
f 6360/2/6 6365/2/6 6369/2/6
f 6369/2/6 6366/2/6 6370/2/6
f 6367/2/6 6368/2/6 6371/2/6
f 6368/2/6 6363/2/6 6371/2/6
f 6371/2/6 6363/2/6 6372/2/6
f 6370/2/6 6366/2/6 6373/2/6
f 6373/2/6 6366/2/6 6374/2/6
f 6367/2/6 6371/2/6 6377/2/6
f 6377/2/6 6371/2/6 6378/2/6
f 6374/2/6 6375/2/6 6379/2/6
f 6379/2/6 6375/2/6 6380/2/6
f 6376/2/6 6377/2/6 6383/2/6
f 6383/2/6 6377/2/6 6384/2/6
f 6380/2/6 6381/2/6 6385/2/6
f 6385/2/6 6381/2/6 6386/2/6
f 6386/2/6 6381/2/6 6387/2/6
f 6382/2/6 6383/2/6 6390/2/6
f 6390/2/6 6383/2/6 6391/2/6
f 6391/2/6 6383/2/6 6392/2/6
f 6387/2/6 6388/2/6 6393/2/6
f 6386/2/6 6387/2/6 6393/2/6
f 6393/2/6 6388/2/6 6394/2/6
f 6390/2/6 6391/2/6 6397/2/6
f 6389/2/6 6390/2/6 6397/2/6
f 6397/2/6 6391/2/6 6398/2/6
f 6394/2/6 6395/2/6 6399/2/6
f 6399/2/6 6395/2/6 6400/2/6
f 6396/2/6 6397/2/6 6401/2/6
f 6401/2/6 6397/2/6 6402/2/6
f 6400/2/6 6401/2/6 6403/2/6
f 6403/2/6 6401/2/6 6404/2/6
f 6405/2/6 6406/2/6 6408/2/6
f 6408/2/6 6406/2/6 6409/2/6
f 6407/2/6 6408/2/6 6412/2/6
f 6412/2/6 6408/2/6 6413/2/6
f 6413/2/6 6408/2/6 6414/2/6
f 6409/2/6 6410/2/6 6415/2/6
f 6415/2/6 6410/2/6 6416/2/6
f 6416/2/6 6410/2/6 6417/2/6
f 6411/2/6 6412/2/6 6420/2/6
f 6412/2/6 6413/2/6 6420/2/6
f 6420/2/6 6413/2/6 6421/2/6
f 6417/2/6 6418/2/6 6422/2/6
f 6416/2/6 6417/2/6 6422/2/6
f 6422/2/6 6418/2/6 6423/2/6
f 6419/2/6 6420/2/6 6426/2/6
f 6426/2/6 6420/2/6 6427/2/6
f 6427/2/6 6420/2/6 6428/2/6
f 6423/2/6 6424/2/6 6429/2/6
f 6429/2/6 6424/2/6 6430/2/6
f 6430/2/6 6424/2/6 6431/2/6
f 6425/2/6 6426/2/6 6433/2/6
f 6426/2/6 6427/2/6 6433/2/6
f 6433/2/6 6427/2/6 6434/2/6
f 6431/2/6 6432/2/6 6435/2/6
f 6430/2/6 6431/2/6 6435/2/6
f 6435/2/6 6432/2/6 6436/2/6
f 6425/2/6 6433/2/6 6438/2/6
f 6438/2/6 6433/2/6 6439/2/6
f 6436/2/6 6432/2/6 6440/2/6
f 6440/2/6 6432/2/6 6441/2/6
f 6437/2/6 6438/2/6 6444/2/6
f 6441/2/6 6442/2/6 6445/2/6
f 6443/2/6 6444/2/6 6447/2/6
f 6444/2/6 6438/2/6 6447/2/6
f 6447/2/6 6438/2/6 6448/2/6
f 6445/2/6 6446/2/6 6449/2/6
f 6441/2/6 6445/2/6 6449/2/6
f 6449/2/6 6446/2/6 6450/2/6
f 6443/2/6 6447/2/6 6452/2/6
f 6452/2/6 6447/2/6 6453/2/6
f 6450/2/6 6446/2/6 6454/2/6
f 6454/2/6 6446/2/6 6455/2/6
f 6451/2/6 6452/2/6 6457/2/6
f 6457/2/6 6452/2/6 6458/2/6
f 6455/2/6 6456/2/6 6461/2/6
f 6461/2/6 6456/2/6 6462/2/6
f 6458/2/6 6459/2/6 6463/2/6
f 6460/2/6 6461/2/6 6466/2/6
f 6463/2/6 6464/2/6 6467/2/6
f 6458/2/6 6463/2/6 6467/2/6
f 6467/2/6 6464/2/6 6468/2/6
f 6465/2/6 6466/2/6 6469/2/6
f 6466/2/6 6461/2/6 6469/2/6
f 6469/2/6 6461/2/6 6470/2/6
f 6468/2/6 6464/2/6 6471/2/6
f 6471/2/6 6464/2/6 6472/2/6
f 6465/2/6 6469/2/6 6475/2/6
f 6475/2/6 6469/2/6 6476/2/6
f 6472/2/6 6473/2/6 6477/2/6
f 6474/2/6 6475/2/6 6480/2/6
f 6477/2/6 6478/2/6 6481/2/6
f 6472/2/6 6477/2/6 6481/2/6
f 6481/2/6 6478/2/6 6482/2/6
f 6482/2/6 6478/2/6 6483/2/6
f 6479/2/6 6480/2/6 6486/2/6
f 6480/2/6 6475/2/6 6487/2/6
f 6486/2/6 6480/2/6 6487/2/6
f 6487/2/6 6475/2/6 6488/2/6
f 6483/2/6 6484/2/6 6489/2/6
f 6482/2/6 6483/2/6 6489/2/6
f 6489/2/6 6484/2/6 6490/2/6
f 6485/2/6 6486/2/6 6493/2/6
f 6486/2/6 6487/2/6 6493/2/6
f 6493/2/6 6487/2/6 6494/2/6
f 6490/2/6 6491/2/6 6495/2/6
f 6495/2/6 6491/2/6 6496/2/6
f 6496/2/6 6491/2/6 6497/2/6
f 6492/2/6 6493/2/6 6500/2/6
f 6500/2/6 6493/2/6 6501/2/6
f 6501/2/6 6493/2/6 6502/2/6
f 6497/2/6 6498/2/6 6503/2/6
f 6496/2/6 6497/2/6 6503/2/6
f 6503/2/6 6498/2/6 6504/2/6
f 6500/2/6 6501/2/6 6505/2/6
f 6499/2/6 6500/2/6 6505/2/6
f 6505/2/6 6501/2/6 6506/2/6
f 6504/2/6 6505/2/6 6507/2/6
f 6507/2/6 6505/2/6 6508/2/6
f 6509/2/6 6510/2/6 6512/2/6
f 6512/2/6 6510/2/6 6513/2/6
f 6511/2/6 6512/2/6 6516/2/6
f 6516/2/6 6512/2/6 6517/2/6
f 6513/2/6 6514/2/6 6518/2/6
f 6518/2/6 6514/2/6 6519/2/6
f 6515/2/6 6516/2/6 6522/2/6
f 6522/2/6 6516/2/6 6523/2/6
f 6519/2/6 6520/2/6 6524/2/6
f 6524/2/6 6520/2/6 6525/2/6
f 6521/2/6 6522/2/6 6528/2/6
f 6528/2/6 6522/2/6 6529/2/6
f 6525/2/6 6526/2/6 6530/2/6
f 6530/2/6 6526/2/6 6531/2/6
f 6527/2/6 6528/2/6 6534/2/6
f 6534/2/6 6528/2/6 6535/2/6
f 6531/2/6 6532/2/6 6536/2/6
f 6536/2/6 6532/2/6 6537/2/6
f 6533/2/6 6534/2/6 6540/2/6
f 6540/2/6 6534/2/6 6541/2/6
f 6537/2/6 6538/2/6 6542/2/6
f 6542/2/6 6538/2/6 6543/2/6
f 6539/2/6 6540/2/6 6546/2/6
f 6546/2/6 6540/2/6 6547/2/6
f 6543/2/6 6544/2/6 6548/2/6
f 6548/2/6 6544/2/6 6549/2/6
f 6545/2/6 6546/2/6 6551/2/6
f 6551/2/6 6546/2/6 6552/2/6
f 6549/2/6 6550/2/6 6555/2/6
f 6555/2/6 6550/2/6 6556/2/6
f 6552/2/6 6553/2/6 6557/2/6
f 6557/2/6 6553/2/6 6558/2/6
f 6554/2/6 6555/2/6 6561/2/6
f 6561/2/6 6555/2/6 6562/2/6
f 6558/2/6 6559/2/6 6563/2/6
f 6563/2/6 6559/2/6 6564/2/6
f 6560/2/6 6561/2/6 6567/2/6
f 6567/2/6 6561/2/6 6568/2/6
f 6564/2/6 6565/2/6 6569/2/6
f 6569/2/6 6565/2/6 6570/2/6
f 6566/2/6 6567/2/6 6573/2/6
f 6573/2/6 6567/2/6 6574/2/6
f 6570/2/6 6571/2/6 6575/2/6
f 6575/2/6 6571/2/6 6576/2/6
f 6572/2/6 6573/2/6 6579/2/6
f 6579/2/6 6573/2/6 6580/2/6
f 6576/2/6 6577/2/6 6581/2/6
f 6581/2/6 6577/2/6 6582/2/6
f 6578/2/6 6579/2/6 6585/2/6
f 6585/2/6 6579/2/6 6586/2/6
f 6582/2/6 6583/2/6 6587/2/6
f 6587/2/6 6583/2/6 6588/2/6
f 6584/2/6 6585/2/6 6589/2/6
f 6589/2/6 6585/2/6 6590/2/6
f 6588/2/6 6589/2/6 6591/2/6
f 6591/2/6 6589/2/6 6592/2/6
f 6593/2/6 6594/2/6 6596/2/6
f 6596/2/6 6594/2/6 6597/2/6
f 6595/2/6 6596/2/6 6600/2/6
f 6597/2/6 6598/2/6 6600/2/6
f 6596/2/6 6597/2/6 6600/2/6
f 6600/2/6 6598/2/6 6601/2/6
f 6601/2/6 6598/2/6 6602/2/6
f 6602/2/6 6598/2/6 6603/2/6
f 6599/2/6 6600/2/6 6606/2/6
f 6600/2/6 6601/2/6 6606/2/6
f 6606/2/6 6601/2/6 6607/2/6
f 6607/2/6 6601/2/6 6608/2/6
f 6602/2/6 6603/2/6 6609/2/6
f 6603/2/6 6604/2/6 6609/2/6
f 6609/2/6 6604/2/6 6610/2/6
f 6610/2/6 6604/2/6 6611/2/6
f 6606/2/6 6607/2/6 6614/2/6
f 6605/2/6 6606/2/6 6614/2/6
f 6614/2/6 6607/2/6 6615/2/6
f 6615/2/6 6607/2/6 6616/2/6
f 6611/2/6 6612/2/6 6617/2/6
f 6610/2/6 6611/2/6 6617/2/6
f 6617/2/6 6612/2/6 6618/2/6
f 6618/2/6 6612/2/6 6619/2/6
f 6614/2/6 6615/2/6 6621/2/6
f 6613/2/6 6614/2/6 6621/2/6
f 6621/2/6 6615/2/6 6622/2/6
f 6619/2/6 6620/2/6 6623/2/6
f 6618/2/6 6619/2/6 6623/2/6
f 6623/2/6 6620/2/6 6624/2/6
f 6613/2/6 6621/2/6 6626/2/6
f 6626/2/6 6621/2/6 6627/2/6
f 6627/2/6 6621/2/6 6628/2/6
f 6624/2/6 6620/2/6 6629/2/6
f 6629/2/6 6620/2/6 6630/2/6
f 6630/2/6 6620/2/6 6631/2/6
f 6625/2/6 6626/2/6 6634/2/6
f 6626/2/6 6627/2/6 6634/2/6
f 6634/2/6 6627/2/6 6635/2/6
f 6635/2/6 6627/2/6 6636/2/6
f 6631/2/6 6632/2/6 6637/2/6
f 6630/2/6 6631/2/6 6637/2/6
f 6637/2/6 6632/2/6 6638/2/6
f 6638/2/6 6632/2/6 6639/2/6
f 6634/2/6 6635/2/6 6641/2/6
f 6633/2/6 6634/2/6 6641/2/6
f 6641/2/6 6635/2/6 6642/2/6
f 6642/2/6 6635/2/6 6643/2/6
f 6639/2/6 6640/2/6 6646/2/6
f 6638/2/6 6639/2/6 6646/2/6
f 6646/2/6 6640/2/6 6647/2/6
f 6647/2/6 6640/2/6 6648/2/6
f 6643/2/6 6644/2/6 6649/2/6
f 6642/2/6 6643/2/6 6649/2/6
f 6649/2/6 6644/2/6 6650/2/6
f 6650/2/6 6644/2/6 6651/2/6
f 6646/2/6 6647/2/6 6654/2/6
f 6645/2/6 6646/2/6 6654/2/6
f 6654/2/6 6647/2/6 6655/2/6
f 6655/2/6 6647/2/6 6656/2/6
f 6651/2/6 6652/2/6 6657/2/6
f 6650/2/6 6651/2/6 6657/2/6
f 6654/2/6 6655/2/6 6660/2/6
f 6653/2/6 6654/2/6 6660/2/6
f 6657/2/6 6658/2/6 6661/2/6
f 6650/2/6 6657/2/6 6661/2/6
f 6661/2/6 6658/2/6 6662/2/6
f 6662/2/6 6658/2/6 6663/2/6
f 6659/2/6 6660/2/6 6666/2/6
f 6660/2/6 6655/2/6 6667/2/6
f 6666/2/6 6660/2/6 6667/2/6
f 6667/2/6 6655/2/6 6668/2/6
f 6663/2/6 6664/2/6 6669/2/6
f 6662/2/6 6663/2/6 6669/2/6
f 6669/2/6 6664/2/6 6670/2/6
f 6670/2/6 6664/2/6 6671/2/6
f 6665/2/6 6666/2/6 6674/2/6
f 6666/2/6 6667/2/6 6674/2/6
f 6674/2/6 6667/2/6 6675/2/6
f 6675/2/6 6667/2/6 6676/2/6
f 6671/2/6 6672/2/6 6677/2/6
f 6670/2/6 6671/2/6 6677/2/6
f 6677/2/6 6672/2/6 6678/2/6
f 6678/2/6 6672/2/6 6679/2/6
f 6674/2/6 6675/2/6 6680/2/6
f 6673/2/6 6674/2/6 6680/2/6
f 6680/2/6 6675/2/6 6681/2/6
f 6681/2/6 6675/2/6 6682/2/6
f 6678/2/6 6679/2/6 6683/2/6
f 6680/2/6 6681/2/6 6683/2/6
f 6679/2/6 6680/2/6 6683/2/6
f 6683/2/6 6681/2/6 6684/2/6
f 6684/2/6 6681/2/6 6685/2/6
f 6685/2/6 6681/2/6 6686/2/6
f 6684/2/6 6685/2/6 6687/2/6
f 6687/2/6 6685/2/6 6688/2/6
f 6689/2/6 6690/2/6 6692/2/6
f 6692/2/6 6690/2/6 6693/2/6
f 6691/2/6 6692/2/6 6696/2/6
f 6693/2/6 6694/2/6 6696/2/6
f 6692/2/6 6693/2/6 6696/2/6
f 6696/2/6 6694/2/6 6697/2/6
f 6697/2/6 6694/2/6 6698/2/6
f 6698/2/6 6694/2/6 6699/2/6
f 6695/2/6 6696/2/6 6702/2/6
f 6696/2/6 6697/2/6 6702/2/6
f 6702/2/6 6697/2/6 6703/2/6
f 6703/2/6 6697/2/6 6704/2/6
f 6698/2/6 6699/2/6 6705/2/6
f 6699/2/6 6700/2/6 6705/2/6
f 6705/2/6 6700/2/6 6706/2/6
f 6706/2/6 6700/2/6 6707/2/6
f 6702/2/6 6703/2/6 6710/2/6
f 6701/2/6 6702/2/6 6710/2/6
f 6710/2/6 6703/2/6 6711/2/6
f 6711/2/6 6703/2/6 6712/2/6
f 6707/2/6 6708/2/6 6713/2/6
f 6706/2/6 6707/2/6 6713/2/6
f 6713/2/6 6708/2/6 6714/2/6
f 6714/2/6 6708/2/6 6715/2/6
f 6710/2/6 6711/2/6 6717/2/6
f 6709/2/6 6710/2/6 6717/2/6
f 6717/2/6 6711/2/6 6718/2/6
f 6715/2/6 6716/2/6 6719/2/6
f 6714/2/6 6715/2/6 6719/2/6
f 6719/2/6 6716/2/6 6720/2/6
f 6709/2/6 6717/2/6 6722/2/6
f 6720/2/6 6716/2/6 6723/2/6
f 6721/2/6 6722/2/6 6725/2/6
f 6722/2/6 6717/2/6 6725/2/6
f 6725/2/6 6717/2/6 6726/2/6
f 6723/2/6 6724/2/6 6727/2/6
f 6720/2/6 6723/2/6 6727/2/6
f 6727/2/6 6724/2/6 6728/2/6
f 6721/2/6 6725/2/6 6729/2/6
f 6728/2/6 6724/2/6 6732/2/6
f 6729/2/6 6730/2/6 6733/2/6
f 6721/2/6 6729/2/6 6733/2/6
f 6733/2/6 6730/2/6 6734/2/6
f 6731/2/6 6732/2/6 6735/2/6
f 6732/2/6 6724/2/6 6735/2/6
f 6735/2/6 6724/2/6 6736/2/6
f 6734/2/6 6730/2/6 6737/2/6
f 6731/2/6 6735/2/6 6740/2/6
f 6737/2/6 6738/2/6 6741/2/6
f 6734/2/6 6737/2/6 6741/2/6
f 6741/2/6 6738/2/6 6742/2/6
f 6742/2/6 6738/2/6 6743/2/6
f 6739/2/6 6740/2/6 6746/2/6
f 6740/2/6 6735/2/6 6747/2/6
f 6746/2/6 6740/2/6 6747/2/6
f 6747/2/6 6735/2/6 6748/2/6
f 6743/2/6 6744/2/6 6749/2/6
f 6742/2/6 6743/2/6 6749/2/6
f 6749/2/6 6744/2/6 6750/2/6
f 6750/2/6 6744/2/6 6751/2/6
f 6745/2/6 6746/2/6 6754/2/6
f 6746/2/6 6747/2/6 6754/2/6
f 6754/2/6 6747/2/6 6755/2/6
f 6755/2/6 6747/2/6 6756/2/6
f 6751/2/6 6752/2/6 6757/2/6
f 6750/2/6 6751/2/6 6757/2/6
f 6757/2/6 6752/2/6 6758/2/6
f 6758/2/6 6752/2/6 6759/2/6
f 6754/2/6 6755/2/6 6760/2/6
f 6753/2/6 6754/2/6 6760/2/6
f 6760/2/6 6755/2/6 6761/2/6
f 6761/2/6 6755/2/6 6762/2/6
f 6758/2/6 6759/2/6 6763/2/6
f 6760/2/6 6761/2/6 6763/2/6
f 6759/2/6 6760/2/6 6763/2/6
f 6763/2/6 6761/2/6 6764/2/6
f 6764/2/6 6761/2/6 6765/2/6
f 6765/2/6 6761/2/6 6766/2/6
f 6764/2/6 6765/2/6 6767/2/6
f 6767/2/6 6765/2/6 6768/2/6
f 6769/2/6 6770/2/6 6772/2/6
f 6772/2/6 6770/2/6 6773/2/6
f 6771/2/6 6772/2/6 6776/2/6
f 6773/2/6 6774/2/6 6776/2/6
f 6772/2/6 6773/2/6 6776/2/6
f 6776/2/6 6774/2/6 6777/2/6
f 6777/2/6 6774/2/6 6778/2/6
f 6778/2/6 6774/2/6 6779/2/6
f 6775/2/6 6776/2/6 6782/2/6
f 6776/2/6 6777/2/6 6782/2/6
f 6782/2/6 6777/2/6 6783/2/6
f 6783/2/6 6777/2/6 6784/2/6
f 6778/2/6 6779/2/6 6785/2/6
f 6779/2/6 6780/2/6 6785/2/6
f 6785/2/6 6780/2/6 6786/2/6
f 6786/2/6 6780/2/6 6787/2/6
f 6782/2/6 6783/2/6 6789/2/6
f 6781/2/6 6782/2/6 6789/2/6
f 6789/2/6 6783/2/6 6790/2/6
f 6787/2/6 6788/2/6 6791/2/6
f 6786/2/6 6787/2/6 6791/2/6
f 6791/2/6 6788/2/6 6792/2/6
f 6781/2/6 6789/2/6 6794/2/6
f 6794/2/6 6789/2/6 6795/2/6
f 6795/2/6 6789/2/6 6796/2/6
f 6792/2/6 6788/2/6 6797/2/6
f 6797/2/6 6788/2/6 6798/2/6
f 6798/2/6 6788/2/6 6799/2/6
f 6793/2/6 6794/2/6 6801/2/6
f 6794/2/6 6795/2/6 6801/2/6
f 6801/2/6 6795/2/6 6802/2/6
f 6802/2/6 6795/2/6 6803/2/6
f 6799/2/6 6800/2/6 6806/2/6
f 6798/2/6 6799/2/6 6806/2/6
f 6806/2/6 6800/2/6 6807/2/6
f 6807/2/6 6800/2/6 6808/2/6
f 6803/2/6 6804/2/6 6809/2/6
f 6802/2/6 6803/2/6 6809/2/6
f 6806/2/6 6807/2/6 6812/2/6
f 6805/2/6 6806/2/6 6812/2/6
f 6809/2/6 6810/2/6 6813/2/6
f 6802/2/6 6809/2/6 6813/2/6
f 6813/2/6 6810/2/6 6814/2/6
f 6814/2/6 6810/2/6 6815/2/6
f 6811/2/6 6812/2/6 6818/2/6
f 6812/2/6 6807/2/6 6819/2/6
f 6818/2/6 6812/2/6 6819/2/6
f 6819/2/6 6807/2/6 6820/2/6
f 6815/2/6 6816/2/6 6821/2/6
f 6814/2/6 6815/2/6 6821/2/6
f 6821/2/6 6816/2/6 6822/2/6
f 6822/2/6 6816/2/6 6823/2/6
f 6817/2/6 6818/2/6 6824/2/6
f 6818/2/6 6819/2/6 6824/2/6
f 6824/2/6 6819/2/6 6825/2/6
f 6825/2/6 6819/2/6 6826/2/6
f 6822/2/6 6823/2/6 6827/2/6
f 6824/2/6 6825/2/6 6827/2/6
f 6823/2/6 6824/2/6 6827/2/6
f 6827/2/6 6825/2/6 6828/2/6
f 6828/2/6 6825/2/6 6829/2/6
f 6829/2/6 6825/2/6 6830/2/6
f 6828/2/6 6829/2/6 6831/2/6
f 6831/2/6 6829/2/6 6832/2/6
f 6833/2/6 6834/2/6 6836/2/6
f 6836/2/6 6834/2/6 6837/2/6
f 6835/2/6 6836/2/6 6840/2/6
f 6837/2/6 6838/2/6 6840/2/6
f 6836/2/6 6837/2/6 6840/2/6
f 6840/2/6 6838/2/6 6841/2/6
f 6841/2/6 6838/2/6 6842/2/6
f 6842/2/6 6838/2/6 6843/2/6
f 6839/2/6 6840/2/6 6846/2/6
f 6840/2/6 6841/2/6 6846/2/6
f 6846/2/6 6841/2/6 6847/2/6
f 6847/2/6 6841/2/6 6848/2/6
f 6842/2/6 6843/2/6 6849/2/6
f 6843/2/6 6844/2/6 6849/2/6
f 6849/2/6 6844/2/6 6850/2/6
f 6850/2/6 6844/2/6 6851/2/6
f 6846/2/6 6847/2/6 6853/2/6
f 6845/2/6 6846/2/6 6853/2/6
f 6853/2/6 6847/2/6 6854/2/6
f 6851/2/6 6852/2/6 6855/2/6
f 6850/2/6 6851/2/6 6855/2/6
f 6855/2/6 6852/2/6 6856/2/6
f 6845/2/6 6853/2/6 6857/2/6
f 6856/2/6 6852/2/6 6860/2/6
f 6857/2/6 6858/2/6 6861/2/6
f 6845/2/6 6857/2/6 6861/2/6
f 6861/2/6 6858/2/6 6862/2/6
f 6862/2/6 6858/2/6 6863/2/6
f 6859/2/6 6860/2/6 6866/2/6
f 6860/2/6 6852/2/6 6867/2/6
f 6866/2/6 6860/2/6 6867/2/6
f 6867/2/6 6852/2/6 6868/2/6
f 6863/2/6 6864/2/6 6869/2/6
f 6862/2/6 6863/2/6 6869/2/6
f 6869/2/6 6864/2/6 6870/2/6
f 6870/2/6 6864/2/6 6871/2/6
f 6865/2/6 6866/2/6 6872/2/6
f 6866/2/6 6867/2/6 6872/2/6
f 6872/2/6 6867/2/6 6873/2/6
f 6873/2/6 6867/2/6 6874/2/6
f 6870/2/6 6871/2/6 6875/2/6
f 6872/2/6 6873/2/6 6875/2/6
f 6871/2/6 6872/2/6 6875/2/6
f 6875/2/6 6873/2/6 6876/2/6
f 6876/2/6 6873/2/6 6877/2/6
f 6877/2/6 6873/2/6 6878/2/6
f 6876/2/6 6877/2/6 6879/2/6
f 6879/2/6 6877/2/6 6880/2/6
f 6881/2/6 6882/2/6 6884/2/6
f 6884/2/6 6882/2/6 6885/2/6
f 6883/2/6 6884/2/6 6888/2/6
f 6885/2/6 6886/2/6 6888/2/6
f 6884/2/6 6885/2/6 6888/2/6
f 6888/2/6 6886/2/6 6889/2/6
f 6887/2/6 6888/2/6 6891/2/6
f 6889/2/6 6890/2/6 6891/2/6
f 6888/2/6 6889/2/6 6891/2/6
f 6891/2/6 6890/2/6 6892/2/6
f 6892/2/6 6890/2/6 6893/2/6
f 6893/2/6 6890/2/6 6894/2/6
f 6892/2/6 6893/2/6 6895/2/6
f 6895/2/6 6893/2/6 6896/2/6
f 6896/2/6 6893/2/6 6897/2/6
f 6897/2/6 6893/2/6 6898/2/6
f 6896/2/6 6897/2/6 6899/2/6
f 6899/2/6 6897/2/6 6900/2/6
