# MagicaVoxel @ Ephtracy

# group
o 

# material
mtllib DirtBlock.mtl
usemtl palette

# normals
vn -1 0 0
vn 1 0 0
vn 0 0 1
vn 0 0 -1
vn 0 -1 0
vn 0 1 0

# texcoords
vt 0.244141 0.5
vt 0.306641 0.5
vt 0.310547 0.5
vt 0.369141 0.5
vt 0.435547 0.5

# verts
v -1 0 1
v -1 0 0.9
v -1 0 0.7
v -1 0 0.6
v -1 0 0.5
v -1 0 0.3
v -1 0 0.2
v -1 0 0.1
v -1 0 -0.1
v -1 0 -0.2
v -1 0 -0.3
v -1 0 -0.4
v -1 0 -0.8
v -1 0 -1
v -1 0.1 1
v -1 0.1 0.9
v -1 0.1 0.8
v -1 0.1 0.7
v -1 0.1 0.6
v -1 0.1 0.5
v -1 0.1 0.3
v -1 0.1 0.2
v -1 0.1 0.1
v -1 0.1 0
v -1 0.1 -0.1
v -1 0.1 -0.2
v -1 0.1 -0.3
v -1 0.1 -0.4
v -1 0.1 -0.6
v -1 0.1 -0.7
v -1 0.1 -0.8
v -1 0.1 -1
v -1 0.2 0.9
v -1 0.2 0.8
v -1 0.2 0.7
v -1 0.2 0.5
v -1 0.2 0.4
v -1 0.2 0.3
v -1 0.2 0.1
v -1 0.2 0
v -1 0.2 -0.1
v -1 0.2 -0.2
v -1 0.2 -0.3
v -1 0.2 -0.4
v -1 0.2 -0.5
v -1 0.2 -0.6
v -1 0.3 1
v -1 0.3 0.9
v -1 0.3 0.8
v -1 0.3 0.7
v -1 0.3 0.6
v -1 0.3 0.5
v -1 0.3 0.4
v -1 0.3 0.3
v -1 0.3 0.2
v -1 0.3 0
v -1 0.3 -0.1
v -1 0.3 -0.2
v -1 0.3 -0.3
v -1 0.3 -0.4
v -1 0.3 -0.5
v -1 0.3 -0.6
v -1 0.3 -0.7
v -1 0.3 -0.8
v -1 0.3 -1
v -1 0.4 1
v -1 0.4 0.9
v -1 0.4 0.8
v -1 0.4 0.7
v -1 0.4 0.6
v -1 0.4 0.5
v -1 0.4 0.4
v -1 0.4 0.3
v -1 0.4 0.2
v -1 0.4 0.1
v -1 0.4 0
v -1 0.4 -0.1
v -1 0.4 -0.2
v -1 0.4 -0.3
v -1 0.4 -0.4
v -1 0.4 -0.5
v -1 0.4 -0.6
v -1 0.4 -0.7
v -1 0.4 -0.8
v -1 0.4 -1
v -1 0.5 1
v -1 0.5 0.9
v -1 0.5 0.8
v -1 0.5 0.7
v -1 0.5 0.6
v -1 0.5 0.5
v -1 0.5 0.4
v -1 0.5 0.3
v -1 0.5 0.2
v -1 0.5 0.1
v -1 0.5 0
v -1 0.5 -0.1
v -1 0.5 -0.2
v -1 0.5 -0.3
v -1 0.5 -0.4
v -1 0.5 -0.5
v -1 0.5 -0.6
v -1 0.5 -0.7
v -1 0.5 -0.8
v -1 0.5 -1
v -1 0.6 1
v -1 0.6 0.9
v -1 0.6 0.8
v -1 0.6 0.6
v -1 0.6 0.5
v -1 0.6 0.4
v -1 0.6 0.3
v -1 0.6 0.2
v -1 0.6 0.1
v -1 0.6 0
v -1 0.6 -0.1
v -1 0.6 -0.2
v -1 0.6 -0.3
v -1 0.6 -0.4
v -1 0.6 -0.5
v -1 0.6 -0.6
v -1 0.6 -0.7
v -1 0.6 -0.8
v -1 0.6 -1
v -1 0.7 1
v -1 0.7 0.8
v -1 0.7 0.7
v -1 0.7 0.6
v -1 0.7 0.4
v -1 0.7 0.3
v -1 0.7 0.2
v -1 0.7 0.1
v -1 0.7 0
v -1 0.7 -0.1
v -1 0.7 -0.3
v -1 0.7 -0.5
v -1 0.7 -0.6
v -1 0.7 -0.7
v -1 0.7 -0.8
v -1 0.7 -1
v -1 0.8 1
v -1 0.8 0.9
v -1 0.8 0.8
v -1 0.8 0.7
v -1 0.8 0.6
v -1 0.8 0.5
v -1 0.8 0.4
v -1 0.8 0.3
v -1 0.8 0.2
v -1 0.8 0.1
v -1 0.8 0
v -1 0.8 -0.1
v -1 0.8 -0.4
v -1 0.8 -0.5
v -1 0.8 -0.6
v -1 0.8 -0.7
v -1 0.8 -0.8
v -1 0.8 -1
v -1 0.9 1
v -1 0.9 0.9
v -1 0.9 0.8
v -1 0.9 0.7
v -1 0.9 0.6
v -1 0.9 0.5
v -1 0.9 0.4
v -1 0.9 0.3
v -1 0.9 0.2
v -1 0.9 0.1
v -1 0.9 0
v -1 0.9 -0.1
v -1 0.9 -0.2
v -1 0.9 -0.3
v -1 0.9 -0.4
v -1 0.9 -0.5
v -1 0.9 -0.6
v -1 0.9 -0.7
v -1 0.9 -0.8
v -1 0.9 -1
v -1 1 0.9
v -1 1 0.8
v -1 1 0.7
v -1 1 0.6
v -1 1 0.5
v -1 1 0.4
v -1 1 0.3
v -1 1 0.2
v -1 1 0.1
v -1 1 0
v -1 1 -0.1
v -1 1 -0.2
v -1 1 -0.3
v -1 1 -0.4
v -1 1 -0.5
v -1 1 -0.6
v -1 1 -0.7
v -1 1 -0.8
v -1 1.1 0.9
v -1 1.1 0.8
v -1 1.1 0.7
v -1 1.1 0.6
v -1 1.1 0.5
v -1 1.1 0.4
v -1 1.1 0.3
v -1 1.1 0.2
v -1 1.1 0.1
v -1 1.1 0
v -1 1.1 -0.1
v -1 1.1 -0.2
v -1 1.1 -0.3
v -1 1.1 -0.4
v -1 1.1 -0.5
v -1 1.1 -0.6
v -1 1.1 -0.7
v -1 1.1 -0.8
v -1 1.2 1
v -1 1.2 0.9
v -1 1.2 0.8
v -1 1.2 0.7
v -1 1.2 0.6
v -1 1.2 0.5
v -1 1.2 0.4
v -1 1.2 0.3
v -1 1.2 0.2
v -1 1.2 0.1
v -1 1.2 0
v -1 1.2 -0.1
v -1 1.2 -0.2
v -1 1.2 -0.3
v -1 1.2 -0.4
v -1 1.2 -0.5
v -1 1.2 -0.6
v -1 1.2 -0.7
v -1 1.2 -0.8
v -1 1.2 -1
v -1 1.3 1
v -1 1.3 0.9
v -1 1.3 0.8
v -1 1.3 0.6
v -1 1.3 0.5
v -1 1.3 0.4
v -1 1.3 0.3
v -1 1.3 0.2
v -1 1.3 0.1
v -1 1.3 0
v -1 1.3 -0.1
v -1 1.3 -0.2
v -1 1.3 -0.3
v -1 1.3 -0.4
v -1 1.3 -0.5
v -1 1.3 -0.6
v -1 1.3 -0.7
v -1 1.3 -0.8
v -1 1.3 -1
v -1 1.4 0.9
v -1 1.4 0.8
v -1 1.4 0.7
v -1 1.4 0.6
v -1 1.4 0.5
v -1 1.4 0.4
v -1 1.4 0.3
v -1 1.4 0.2
v -1 1.4 -0.1
v -1 1.4 -0.2
v -1 1.4 -0.3
v -1 1.4 -0.4
v -1 1.4 -0.5
v -1 1.4 -0.6
v -1 1.4 -0.7
v -1 1.4 -0.8
v -1 1.5 1
v -1 1.5 0.9
v -1 1.5 0.8
v -1 1.5 0.7
v -1 1.5 0.6
v -1 1.5 0.5
v -1 1.5 0.4
v -1 1.5 0.3
v -1 1.5 0.2
v -1 1.5 0.1
v -1 1.5 0
v -1 1.5 -0.1
v -1 1.5 -0.2
v -1 1.5 -0.3
v -1 1.5 -0.4
v -1 1.5 -0.5
v -1 1.5 -0.6
v -1 1.5 -0.7
v -1 1.5 -0.8
v -1 1.5 -1
v -1 1.6 1
v -1 1.6 0.9
v -1 1.6 0.8
v -1 1.6 0.7
v -1 1.6 0.6
v -1 1.6 0.5
v -1 1.6 0.4
v -1 1.6 0.3
v -1 1.6 0.2
v -1 1.6 0.1
v -1 1.6 0
v -1 1.6 -0.1
v -1 1.6 -0.2
v -1 1.6 -0.3
v -1 1.6 -0.4
v -1 1.6 -0.5
v -1 1.6 -0.6
v -1 1.6 -0.7
v -1 1.6 -0.8
v -1 1.6 -1
v -1 1.7 1
v -1 1.7 0.9
v -1 1.7 0.8
v -1 1.7 0.7
v -1 1.7 0.6
v -1 1.7 0.5
v -1 1.7 0.4
v -1 1.7 0.3
v -1 1.7 0.2
v -1 1.7 0.1
v -1 1.7 0
v -1 1.7 -0.2
v -1 1.7 -0.3
v -1 1.7 -0.4
v -1 1.7 -0.5
v -1 1.7 -0.6
v -1 1.7 -0.7
v -1 1.7 -0.8
v -1 1.7 -1
v -1 1.8 0.9
v -1 1.8 0.8
v -1 1.8 0.6
v -1 1.8 0.5
v -1 1.8 0.4
v -1 1.8 0.3
v -1 1.8 0.2
v -1 1.8 0.1
v -1 1.8 0
v -1 1.8 -0.1
v -1 1.8 -0.3
v -1 1.8 -0.4
v -1 1.8 -0.5
v -1 1.8 -0.7
v -1 1.9 1
v -1 1.9 0.8
v -1 1.9 0.7
v -1 1.9 0.6
v -1 1.9 0.4
v -1 1.9 0.3
v -1 1.9 0.2
v -1 1.9 0.1
v -1 1.9 0
v -1 1.9 -0.1
v -1 1.9 -0.2
v -1 1.9 -0.3
v -1 1.9 -0.5
v -1 1.9 -0.6
v -1 1.9 -0.7
v -1 1.9 -0.8
v -1 1.9 -1
v -1 2 1
v -1 2 0.8
v -1 2 0.4
v -1 2 0.3
v -1 2 0.2
v -1 2 0.1
v -1 2 -0.1
v -1 2 -0.2
v -1 2 -0.3
v -1 2 -0.5
v -1 2 -0.6
v -1 2 -0.7
v -1 2 -0.8
v -1 2 -1
v 1 0 1
v 1 0 0.8
v 1 0 0.4
v 1 0 0.3
v 1 0 0.2
v 1 0 0.1
v 1 0 -0.1
v 1 0 -0.2
v 1 0 -0.3
v 1 0 -0.5
v 1 0 -0.6
v 1 0 -0.7
v 1 0 -0.9
v 1 0 -1
v 1 0.1 1
v 1 0.1 0.8
v 1 0.1 0.7
v 1 0.1 0.6
v 1 0.1 0.4
v 1 0.1 0.3
v 1 0.1 0.2
v 1 0.1 0.1
v 1 0.1 0
v 1 0.1 -0.1
v 1 0.1 -0.2
v 1 0.1 -0.3
v 1 0.1 -0.5
v 1 0.1 -0.6
v 1 0.1 -0.7
v 1 0.1 -0.8
v 1 0.1 -0.9
v 1 0.1 -1
v 1 0.2 0.9
v 1 0.2 0.8
v 1 0.2 0.6
v 1 0.2 0.5
v 1 0.2 0.4
v 1 0.2 0.3
v 1 0.2 0.2
v 1 0.2 0.1
v 1 0.2 0
v 1 0.2 -0.1
v 1 0.2 -0.3
v 1 0.2 -0.4
v 1 0.2 -0.5
v 1 0.2 -0.7
v 1 0.2 -0.8
v 1 0.2 -0.9
v 1 0.3 1
v 1 0.3 0.9
v 1 0.3 0.8
v 1 0.3 0.7
v 1 0.3 0.6
v 1 0.3 0.5
v 1 0.3 0.4
v 1 0.3 0.3
v 1 0.3 0.2
v 1 0.3 0.1
v 1 0.3 0
v 1 0.3 -0.2
v 1 0.3 -0.3
v 1 0.3 -0.4
v 1 0.3 -0.5
v 1 0.3 -0.6
v 1 0.3 -0.7
v 1 0.3 -0.8
v 1 0.3 -0.9
v 1 0.3 -1
v 1 0.4 1
v 1 0.4 0.9
v 1 0.4 0.8
v 1 0.4 0.7
v 1 0.4 0.6
v 1 0.4 0.5
v 1 0.4 0.4
v 1 0.4 0.3
v 1 0.4 0.2
v 1 0.4 0.1
v 1 0.4 0
v 1 0.4 -0.1
v 1 0.4 -0.2
v 1 0.4 -0.3
v 1 0.4 -0.4
v 1 0.4 -0.5
v 1 0.4 -0.6
v 1 0.4 -0.7
v 1 0.4 -0.8
v 1 0.4 -0.9
v 1 0.4 -1
v 1 0.5 1
v 1 0.5 0.9
v 1 0.5 0.8
v 1 0.5 0.7
v 1 0.5 0.6
v 1 0.5 0.5
v 1 0.5 0.4
v 1 0.5 0.3
v 1 0.5 0.2
v 1 0.5 0.1
v 1 0.5 0
v 1 0.5 -0.1
v 1 0.5 -0.2
v 1 0.5 -0.3
v 1 0.5 -0.4
v 1 0.5 -0.5
v 1 0.5 -0.6
v 1 0.5 -0.7
v 1 0.5 -0.8
v 1 0.5 -0.9
v 1 0.5 -1
v 1 0.6 1
v 1 0.6 0.9
v 1 0.6 0.8
v 1 0.6 0.7
v 1 0.6 0.6
v 1 0.6 0.5
v 1 0.6 0.4
v 1 0.6 0.3
v 1 0.6 0.2
v 1 0.6 0.1
v 1 0.6 0
v 1 0.6 -0.1
v 1 0.6 -0.2
v 1 0.6 -0.3
v 1 0.6 -0.4
v 1 0.6 -0.5
v 1 0.6 -0.6
v 1 0.6 -0.8
v 1 0.6 -0.9
v 1 0.6 -1
v 1 0.7 1
v 1 0.7 0.8
v 1 0.7 0.7
v 1 0.7 0.6
v 1 0.7 0.5
v 1 0.7 0.3
v 1 0.7 0.1
v 1 0.7 0
v 1 0.7 -0.1
v 1 0.7 -0.2
v 1 0.7 -0.3
v 1 0.7 -0.4
v 1 0.7 -0.6
v 1 0.7 -0.7
v 1 0.7 -0.8
v 1 0.7 -1
v 1 0.8 1
v 1 0.8 0.9
v 1 0.8 0.8
v 1 0.8 0.7
v 1 0.8 0.6
v 1 0.8 0.5
v 1 0.8 0.4
v 1 0.8 0.1
v 1 0.8 0
v 1 0.8 -0.1
v 1 0.8 -0.2
v 1 0.8 -0.3
v 1 0.8 -0.4
v 1 0.8 -0.5
v 1 0.8 -0.6
v 1 0.8 -0.7
v 1 0.8 -0.8
v 1 0.8 -0.9
v 1 0.8 -1
v 1 0.9 1
v 1 0.9 0.9
v 1 0.9 0.8
v 1 0.9 0.7
v 1 0.9 0.6
v 1 0.9 0.5
v 1 0.9 0.4
v 1 0.9 0.3
v 1 0.9 0.2
v 1 0.9 0.1
v 1 0.9 0
v 1 0.9 -0.1
v 1 0.9 -0.2
v 1 0.9 -0.3
v 1 0.9 -0.4
v 1 0.9 -0.5
v 1 0.9 -0.6
v 1 0.9 -0.7
v 1 0.9 -0.8
v 1 0.9 -0.9
v 1 0.9 -1
v 1 1 0.9
v 1 1 0.8
v 1 1 0.7
v 1 1 0.6
v 1 1 0.5
v 1 1 0.4
v 1 1 0.3
v 1 1 0.2
v 1 1 0.1
v 1 1 0
v 1 1 -0.1
v 1 1 -0.2
v 1 1 -0.3
v 1 1 -0.4
v 1 1 -0.5
v 1 1 -0.6
v 1 1 -0.7
v 1 1 -0.8
v 1 1 -0.9
v 1 1.1 0.9
v 1 1.1 0.8
v 1 1.1 0.7
v 1 1.1 0.6
v 1 1.1 0.5
v 1 1.1 0.4
v 1 1.1 0.3
v 1 1.1 0.2
v 1 1.1 0.1
v 1 1.1 0
v 1 1.1 -0.1
v 1 1.1 -0.2
v 1 1.1 -0.3
v 1 1.1 -0.4
v 1 1.1 -0.5
v 1 1.1 -0.6
v 1 1.1 -0.7
v 1 1.1 -0.8
v 1 1.1 -0.9
v 1 1.2 1
v 1 1.2 0.9
v 1 1.2 0.8
v 1 1.2 0.7
v 1 1.2 0.6
v 1 1.2 0.5
v 1 1.2 0.4
v 1 1.2 0.3
v 1 1.2 0.2
v 1 1.2 0.1
v 1 1.2 0
v 1 1.2 -0.1
v 1 1.2 -0.2
v 1 1.2 -0.3
v 1 1.2 -0.4
v 1 1.2 -0.5
v 1 1.2 -0.6
v 1 1.2 -0.7
v 1 1.2 -0.8
v 1 1.2 -0.9
v 1 1.2 -1
v 1 1.3 1
v 1 1.3 0.9
v 1 1.3 0.8
v 1 1.3 0.7
v 1 1.3 0.6
v 1 1.3 0.5
v 1 1.3 0.4
v 1 1.3 0.3
v 1 1.3 0.2
v 1 1.3 0.1
v 1 1.3 0
v 1 1.3 -0.1
v 1 1.3 -0.2
v 1 1.3 -0.3
v 1 1.3 -0.4
v 1 1.3 -0.5
v 1 1.3 -0.6
v 1 1.3 -0.8
v 1 1.3 -0.9
v 1 1.3 -1
v 1 1.4 0.9
v 1 1.4 0.8
v 1 1.4 0.7
v 1 1.4 0.6
v 1 1.4 0.5
v 1 1.4 0.4
v 1 1.4 0.3
v 1 1.4 0.2
v 1 1.4 0.1
v 1 1.4 -0.2
v 1 1.4 -0.3
v 1 1.4 -0.4
v 1 1.4 -0.5
v 1 1.4 -0.6
v 1 1.4 -0.7
v 1 1.4 -0.8
v 1 1.4 -0.9
v 1 1.5 1
v 1 1.5 0.9
v 1 1.5 0.8
v 1 1.5 0.7
v 1 1.5 0.6
v 1 1.5 0.5
v 1 1.5 0.4
v 1 1.5 0.3
v 1 1.5 0.2
v 1 1.5 0.1
v 1 1.5 0
v 1 1.5 -0.1
v 1 1.5 -0.2
v 1 1.5 -0.3
v 1 1.5 -0.4
v 1 1.5 -0.5
v 1 1.5 -0.6
v 1 1.5 -0.7
v 1 1.5 -0.8
v 1 1.5 -0.9
v 1 1.5 -1
v 1 1.6 1
v 1 1.6 0.9
v 1 1.6 0.8
v 1 1.6 0.7
v 1 1.6 0.6
v 1 1.6 0.5
v 1 1.6 0.4
v 1 1.6 0.3
v 1 1.6 0.2
v 1 1.6 0.1
v 1 1.6 0
v 1 1.6 -0.1
v 1 1.6 -0.2
v 1 1.6 -0.3
v 1 1.6 -0.4
v 1 1.6 -0.5
v 1 1.6 -0.6
v 1 1.6 -0.7
v 1 1.6 -0.8
v 1 1.6 -0.9
v 1 1.6 -1
v 1 1.7 1
v 1 1.7 0.9
v 1 1.7 0.8
v 1 1.7 0.7
v 1 1.7 0.6
v 1 1.7 0.5
v 1 1.7 0.4
v 1 1.7 0.3
v 1 1.7 0.2
v 1 1.7 0
v 1 1.7 -0.1
v 1 1.7 -0.2
v 1 1.7 -0.3
v 1 1.7 -0.4
v 1 1.7 -0.5
v 1 1.7 -0.6
v 1 1.7 -0.7
v 1 1.7 -0.8
v 1 1.7 -0.9
v 1 1.7 -1
v 1 1.8 0.9
v 1 1.8 0.8
v 1 1.8 0.7
v 1 1.8 0.5
v 1 1.8 0.4
v 1 1.8 0.3
v 1 1.8 0.1
v 1 1.8 0
v 1 1.8 -0.1
v 1 1.8 -0.2
v 1 1.8 -0.3
v 1 1.8 -0.4
v 1 1.8 -0.5
v 1 1.8 -0.6
v 1 1.8 -0.8
v 1 1.8 -0.9
v 1 1.9 1
v 1 1.9 0.9
v 1 1.9 0.8
v 1 1.9 0.7
v 1 1.9 0.6
v 1 1.9 0.5
v 1 1.9 0.3
v 1 1.9 0.2
v 1 1.9 0.1
v 1 1.9 0
v 1 1.9 -0.1
v 1 1.9 -0.2
v 1 1.9 -0.3
v 1 1.9 -0.4
v 1 1.9 -0.6
v 1 1.9 -0.7
v 1 1.9 -0.8
v 1 1.9 -1
v 1 2 1
v 1 2 0.9
v 1 2 0.7
v 1 2 0.6
v 1 2 0.5
v 1 2 0.3
v 1 2 0.2
v 1 2 0.1
v 1 2 -0.1
v 1 2 -0.2
v 1 2 -0.3
v 1 2 -0.4
v 1 2 -0.8
v 1 2 -1
v -1 0 1
v -1 0.1 1
v -1 0.3 1
v -1 0.4 1
v -1 0.5 1
v -1 0.6 1
v -1 0.7 1
v -1 0.8 1
v -1 0.9 1
v -1 1.2 1
v -1 1.3 1
v -1 1.5 1
v -1 1.6 1
v -1 1.7 1
v -1 1.9 1
v -1 2 1
v -0.9 0 1
v -0.9 0.1 1
v -0.9 0.2 1
v -0.9 0.3 1
v -0.9 0.4 1
v -0.9 0.5 1
v -0.9 0.6 1
v -0.9 0.8 1
v -0.9 0.9 1
v -0.9 1 1
v -0.9 1.1 1
v -0.9 1.2 1
v -0.9 1.3 1
v -0.9 1.4 1
v -0.9 1.5 1
v -0.9 1.6 1
v -0.9 1.7 1
v -0.9 1.8 1
v -0.8 0.1 1
v -0.8 0.2 1
v -0.8 0.3 1
v -0.8 0.4 1
v -0.8 0.5 1
v -0.8 0.6 1
v -0.8 0.7 1
v -0.8 0.8 1
v -0.8 0.9 1
v -0.8 1 1
v -0.8 1.1 1
v -0.8 1.2 1
v -0.8 1.3 1
v -0.8 1.4 1
v -0.8 1.5 1
v -0.8 1.6 1
v -0.8 1.7 1
v -0.8 1.8 1
v -0.8 1.9 1
v -0.8 2 1
v -0.7 0 1
v -0.7 0.1 1
v -0.7 0.2 1
v -0.7 0.3 1
v -0.7 0.4 1
v -0.7 0.5 1
v -0.7 0.7 1
v -0.7 0.8 1
v -0.7 0.9 1
v -0.7 1 1
v -0.7 1.1 1
v -0.7 1.2 1
v -0.7 1.4 1
v -0.7 1.5 1
v -0.7 1.6 1
v -0.7 1.7 1
v -0.7 1.9 1
v -0.6 0 1
v -0.6 0.1 1
v -0.6 0.3 1
v -0.6 0.4 1
v -0.6 0.5 1
v -0.6 0.6 1
v -0.6 0.7 1
v -0.6 0.8 1
v -0.6 0.9 1
v -0.6 1 1
v -0.6 1.1 1
v -0.6 1.2 1
v -0.6 1.3 1
v -0.6 1.4 1
v -0.6 1.5 1
v -0.6 1.6 1
v -0.6 1.7 1
v -0.6 1.8 1
v -0.6 1.9 1
v -0.5 0 1
v -0.5 0.1 1
v -0.5 0.2 1
v -0.5 0.3 1
v -0.5 0.4 1
v -0.5 0.5 1
v -0.5 0.6 1
v -0.5 0.8 1
v -0.5 0.9 1
v -0.5 1 1
v -0.5 1.1 1
v -0.5 1.2 1
v -0.5 1.3 1
v -0.5 1.4 1
v -0.5 1.5 1
v -0.5 1.6 1
v -0.5 1.7 1
v -0.5 1.8 1
v -0.4 0.2 1
v -0.4 0.3 1
v -0.4 0.4 1
v -0.4 0.5 1
v -0.4 0.6 1
v -0.4 0.7 1
v -0.4 0.8 1
v -0.4 0.9 1
v -0.4 1 1
v -0.4 1.1 1
v -0.4 1.2 1
v -0.4 1.3 1
v -0.4 1.4 1
v -0.4 1.5 1
v -0.4 1.6 1
v -0.4 1.7 1
v -0.4 1.8 1
v -0.4 1.9 1
v -0.4 2 1
v -0.3 0 1
v -0.3 0.1 1
v -0.3 0.2 1
v -0.3 0.3 1
v -0.3 0.4 1
v -0.3 0.5 1
v -0.3 0.6 1
v -0.3 0.7 1
v -0.3 0.8 1
v -0.3 0.9 1
v -0.3 1 1
v -0.3 1.1 1
v -0.3 1.2 1
v -0.3 1.3 1
v -0.3 1.4 1
v -0.3 1.5 1
v -0.3 1.6 1
v -0.3 1.7 1
v -0.3 1.8 1
v -0.3 1.9 1
v -0.3 2 1
v -0.2 0 1
v -0.2 0.1 1
v -0.2 0.3 1
v -0.2 0.4 1
v -0.2 0.5 1
v -0.2 0.6 1
v -0.2 0.7 1
v -0.2 0.8 1
v -0.2 0.9 1
v -0.2 1 1
v -0.2 1.1 1
v -0.2 1.2 1
v -0.2 1.3 1
v -0.2 1.4 1
v -0.2 1.5 1
v -0.2 1.6 1
v -0.2 1.7 1
v -0.2 1.8 1
v -0.2 1.9 1
v -0.2 2 1
v -0.1 0 1
v -0.1 0.1 1
v -0.1 0.2 1
v -0.1 0.4 1
v -0.1 0.5 1
v -0.1 0.6 1
v -0.1 0.7 1
v -0.1 0.8 1
v -0.1 0.9 1
v -0.1 1 1
v -0.1 1.1 1
v -0.1 1.2 1
v -0.1 1.3 1
v -0.1 1.5 1
v -0.1 1.6 1
v -0.1 1.7 1
v -0.1 1.8 1
v -0.1 1.9 1
v -0.1 2 1
v 0 0.1 1
v 0 0.2 1
v 0 0.3 1
v 0 0.4 1
v 0 0.5 1
v 0 0.6 1
v 0 0.7 1
v 0 0.8 1
v 0 0.9 1
v 0 1 1
v 0 1.1 1
v 0 1.2 1
v 0 1.3 1
v 0 1.5 1
v 0 1.6 1
v 0 1.7 1
v 0 1.8 1
v 0 1.9 1
v 0.1 0 1
v 0.1 0.1 1
v 0.1 0.2 1
v 0.1 0.3 1
v 0.1 0.4 1
v 0.1 0.5 1
v 0.1 0.6 1
v 0.1 0.7 1
v 0.1 0.8 1
v 0.1 0.9 1
v 0.1 1 1
v 0.1 1.1 1
v 0.1 1.2 1
v 0.1 1.3 1
v 0.1 1.4 1
v 0.1 1.5 1
v 0.1 1.6 1
v 0.1 1.8 1
v 0.1 1.9 1
v 0.1 2 1
v 0.2 0 1
v 0.2 0.1 1
v 0.2 0.2 1
v 0.2 0.3 1
v 0.2 0.4 1
v 0.2 0.5 1
v 0.2 0.6 1
v 0.2 0.9 1
v 0.2 1 1
v 0.2 1.1 1
v 0.2 1.2 1
v 0.2 1.3 1
v 0.2 1.4 1
v 0.2 1.5 1
v 0.2 1.6 1
v 0.2 1.7 1
v 0.2 1.9 1
v 0.2 2 1
v 0.3 0 1
v 0.3 0.1 1
v 0.3 0.2 1
v 0.3 0.3 1
v 0.3 0.4 1
v 0.3 0.5 1
v 0.3 0.6 1
v 0.3 0.7 1
v 0.3 0.9 1
v 0.3 1 1
v 0.3 1.1 1
v 0.3 1.2 1
v 0.3 1.3 1
v 0.3 1.4 1
v 0.3 1.5 1
v 0.3 1.6 1
v 0.3 1.7 1
v 0.3 1.8 1
v 0.3 1.9 1
v 0.3 2 1
v 0.4 0 1
v 0.4 0.1 1
v 0.4 0.2 1
v 0.4 0.3 1
v 0.4 0.4 1
v 0.4 0.5 1
v 0.4 0.6 1
v 0.4 0.8 1
v 0.4 0.9 1
v 0.4 1 1
v 0.4 1.1 1
v 0.4 1.2 1
v 0.4 1.3 1
v 0.4 1.4 1
v 0.4 1.5 1
v 0.4 1.6 1
v 0.4 1.7 1
v 0.4 1.8 1
v 0.5 0.2 1
v 0.5 0.3 1
v 0.5 0.4 1
v 0.5 0.5 1
v 0.5 0.6 1
v 0.5 0.7 1
v 0.5 0.8 1
v 0.5 0.9 1
v 0.5 1 1
v 0.5 1.1 1
v 0.5 1.2 1
v 0.5 1.3 1
v 0.5 1.4 1
v 0.5 1.5 1
v 0.5 1.6 1
v 0.5 1.7 1
v 0.5 1.8 1
v 0.5 1.9 1
v 0.5 2 1
v 0.6 0.1 1
v 0.6 0.2 1
v 0.6 0.3 1
v 0.6 0.4 1
v 0.6 0.5 1
v 0.6 0.6 1
v 0.6 0.7 1
v 0.6 0.8 1
v 0.6 0.9 1
v 0.6 1 1
v 0.6 1.1 1
v 0.6 1.2 1
v 0.6 1.3 1
v 0.6 1.4 1
v 0.6 1.5 1
v 0.6 1.6 1
v 0.6 1.7 1
v 0.6 1.9 1
v 0.6 2 1
v 0.7 0.1 1
v 0.7 0.3 1
v 0.7 0.4 1
v 0.7 0.5 1
v 0.7 0.6 1
v 0.7 0.7 1
v 0.7 0.8 1
v 0.7 0.9 1
v 0.7 1 1
v 0.7 1.1 1
v 0.7 1.2 1
v 0.7 1.3 1
v 0.7 1.4 1
v 0.7 1.5 1
v 0.7 1.6 1
v 0.7 1.7 1
v 0.7 1.8 1
v 0.7 1.9 1
v 0.7 2 1
v 0.8 0 1
v 0.8 0.1 1
v 0.8 0.2 1
v 0.8 0.3 1
v 0.8 0.4 1
v 0.8 0.5 1
v 0.8 0.6 1
v 0.8 0.7 1
v 0.8 0.8 1
v 0.8 0.9 1
v 0.8 1 1
v 0.8 1.1 1
v 0.8 1.2 1
v 0.8 1.3 1
v 0.8 1.4 1
v 0.8 1.5 1
v 0.8 1.6 1
v 0.8 1.7 1
v 0.8 1.8 1
v 0.8 1.9 1
v 0.9 0.2 1
v 0.9 0.3 1
v 0.9 0.4 1
v 0.9 0.5 1
v 0.9 0.6 1
v 0.9 0.8 1
v 0.9 0.9 1
v 0.9 1 1
v 0.9 1.1 1
v 0.9 1.2 1
v 0.9 1.3 1
v 0.9 1.4 1
v 0.9 1.5 1
v 0.9 1.6 1
v 0.9 1.7 1
v 0.9 1.8 1
v 0.9 1.9 1
v 0.9 2 1
v 1 0 1
v 1 0.1 1
v 1 0.3 1
v 1 0.4 1
v 1 0.5 1
v 1 0.6 1
v 1 0.7 1
v 1 0.8 1
v 1 0.9 1
v 1 1.2 1
v 1 1.3 1
v 1 1.5 1
v 1 1.6 1
v 1 1.7 1
v 1 1.9 1
v 1 2 1
v -1 0 -1
v -1 0.1 -1
v -1 0.3 -1
v -1 0.4 -1
v -1 0.5 -1
v -1 0.6 -1
v -1 0.7 -1
v -1 0.8 -1
v -1 0.9 -1
v -1 1.2 -1
v -1 1.3 -1
v -1 1.5 -1
v -1 1.6 -1
v -1 1.7 -1
v -1 1.9 -1
v -1 2 -1
v -0.9 0.2 -1
v -0.9 0.3 -1
v -0.9 0.4 -1
v -0.9 0.5 -1
v -0.9 0.6 -1
v -0.9 0.7 -1
v -0.9 0.8 -1
v -0.9 0.9 -1
v -0.9 1.1 -1
v -0.9 1.2 -1
v -0.9 1.3 -1
v -0.9 1.4 -1
v -0.9 1.5 -1
v -0.9 1.6 -1
v -0.9 1.7 -1
v -0.9 1.8 -1
v -0.9 1.9 -1
v -0.9 2 -1
v -0.8 0 -1
v -0.8 0.1 -1
v -0.8 0.2 -1
v -0.8 0.3 -1
v -0.8 0.4 -1
v -0.8 0.5 -1
v -0.8 0.6 -1
v -0.8 0.7 -1
v -0.8 0.8 -1
v -0.8 0.9 -1
v -0.8 1.1 -1
v -0.8 1.2 -1
v -0.8 1.3 -1
v -0.8 1.4 -1
v -0.8 1.5 -1
v -0.8 1.6 -1
v -0.8 1.7 -1
v -0.8 1.8 -1
v -0.8 1.9 -1
v -0.7 0.1 -1
v -0.7 0.3 -1
v -0.7 0.4 -1
v -0.7 0.5 -1
v -0.7 0.6 -1
v -0.7 0.7 -1
v -0.7 0.8 -1
v -0.7 0.9 -1
v -0.7 1.1 -1
v -0.7 1.2 -1
v -0.7 1.3 -1
v -0.7 1.4 -1
v -0.7 1.5 -1
v -0.7 1.6 -1
v -0.7 1.7 -1
v -0.7 1.8 -1
v -0.7 1.9 -1
v -0.7 2 -1
v -0.6 0.1 -1
v -0.6 0.2 -1
v -0.6 0.3 -1
v -0.6 0.4 -1
v -0.6 0.5 -1
v -0.6 0.6 -1
v -0.6 0.7 -1
v -0.6 0.8 -1
v -0.6 0.9 -1
v -0.6 1 -1
v -0.6 1.1 -1
v -0.6 1.2 -1
v -0.6 1.3 -1
v -0.6 1.4 -1
v -0.6 1.5 -1
v -0.6 1.6 -1
v -0.6 1.7 -1
v -0.6 1.9 -1
v -0.6 2 -1
v -0.5 0.2 -1
v -0.5 0.3 -1
v -0.5 0.4 -1
v -0.5 0.5 -1
v -0.5 0.6 -1
v -0.5 0.7 -1
v -0.5 0.8 -1
v -0.5 1 -1
v -0.5 1.1 -1
v -0.5 1.2 -1
v -0.5 1.3 -1
v -0.5 1.4 -1
v -0.5 1.5 -1
v -0.5 1.6 -1
v -0.5 1.7 -1
v -0.5 1.8 -1
v -0.5 1.9 -1
v -0.5 2 -1
v -0.4 0 -1
v -0.4 0.1 -1
v -0.4 0.2 -1
v -0.4 0.3 -1
v -0.4 0.4 -1
v -0.4 0.5 -1
v -0.4 0.6 -1
v -0.4 0.7 -1
v -0.4 0.8 -1
v -0.4 0.9 -1
v -0.4 1 -1
v -0.4 1.2 -1
v -0.4 1.3 -1
v -0.4 1.4 -1
v -0.4 1.5 -1
v -0.4 1.6 -1
v -0.4 1.7 -1
v -0.4 1.8 -1
v -0.3 0 -1
v -0.3 0.1 -1
v -0.3 0.2 -1
v -0.3 0.3 -1
v -0.3 0.4 -1
v -0.3 0.5 -1
v -0.3 0.6 -1
v -0.3 0.7 -1
v -0.3 0.8 -1
v -0.3 0.9 -1
v -0.3 1 -1
v -0.3 1.1 -1
v -0.3 1.2 -1
v -0.3 1.3 -1
v -0.3 1.4 -1
v -0.3 1.5 -1
v -0.3 1.6 -1
v -0.3 1.7 -1
v -0.3 1.8 -1
v -0.3 1.9 -1
v -0.3 2 -1
v -0.2 0 -1
v -0.2 0.1 -1
v -0.2 0.2 -1
v -0.2 0.3 -1
v -0.2 0.4 -1
v -0.2 0.5 -1
v -0.2 0.6 -1
v -0.2 0.7 -1
v -0.2 0.8 -1
v -0.2 0.9 -1
v -0.2 1.2 -1
v -0.2 1.3 -1
v -0.2 1.4 -1
v -0.2 1.5 -1
v -0.2 1.6 -1
v -0.2 1.7 -1
v -0.2 1.9 -1
v -0.2 2 -1
v -0.1 0 -1
v -0.1 0.1 -1
v -0.1 0.2 -1
v -0.1 0.3 -1
v -0.1 0.4 -1
v -0.1 0.5 -1
v -0.1 0.6 -1
v -0.1 0.7 -1
v -0.1 0.8 -1
v -0.1 0.9 -1
v -0.1 1 -1
v -0.1 1.1 -1
v -0.1 1.2 -1
v -0.1 1.3 -1
v -0.1 1.4 -1
v -0.1 1.5 -1
v -0.1 1.6 -1
v -0.1 1.8 -1
v -0.1 1.9 -1
v -0.1 2 -1
v 0 0.1 -1
v 0 0.2 -1
v 0 0.3 -1
v 0 0.4 -1
v 0 0.5 -1
v 0 0.6 -1
v 0 0.7 -1
v 0 0.9 -1
v 0 1 -1
v 0 1.1 -1
v 0 1.3 -1
v 0 1.4 -1
v 0 1.5 -1
v 0 1.6 -1
v 0 1.7 -1
v 0 1.8 -1
v 0 1.9 -1
v 0.1 0 -1
v 0.1 0.1 -1
v 0.1 0.2 -1
v 0.1 0.4 -1
v 0.1 0.5 -1
v 0.1 0.6 -1
v 0.1 0.7 -1
v 0.1 0.8 -1
v 0.1 0.9 -1
v 0.1 1 -1
v 0.1 1.1 -1
v 0.1 1.2 -1
v 0.1 1.3 -1
v 0.1 1.4 -1
v 0.1 1.5 -1
v 0.1 1.6 -1
v 0.1 1.7 -1
v 0.1 1.8 -1
v 0.1 1.9 -1
v 0.1 2 -1
v 0.2 0 -1
v 0.2 0.1 -1
v 0.2 0.3 -1
v 0.2 0.4 -1
v 0.2 0.5 -1
v 0.2 0.6 -1
v 0.2 0.7 -1
v 0.2 0.8 -1
v 0.2 1.1 -1
v 0.2 1.2 -1
v 0.2 1.3 -1
v 0.2 1.4 -1
v 0.2 1.5 -1
v 0.2 1.6 -1
v 0.2 1.7 -1
v 0.2 1.8 -1
v 0.2 1.9 -1
v 0.2 2 -1
v 0.3 0 -1
v 0.3 0.1 -1
v 0.3 0.2 -1
v 0.3 0.3 -1
v 0.3 0.4 -1
v 0.3 0.5 -1
v 0.3 0.6 -1
v 0.3 0.7 -1
v 0.3 0.8 -1
v 0.3 0.9 -1
v 0.3 1 -1
v 0.3 1.1 -1
v 0.3 1.2 -1
v 0.3 1.3 -1
v 0.3 1.4 -1
v 0.3 1.5 -1
v 0.3 1.6 -1
v 0.3 1.7 -1
v 0.3 1.8 -1
v 0.3 1.9 -1
v 0.3 2 -1
v 0.4 0.2 -1
v 0.4 0.3 -1
v 0.4 0.4 -1
v 0.4 0.5 -1
v 0.4 0.6 -1
v 0.4 0.7 -1
v 0.4 0.8 -1
v 0.4 1 -1
v 0.4 1.1 -1
v 0.4 1.2 -1
v 0.4 1.3 -1
v 0.4 1.4 -1
v 0.4 1.5 -1
v 0.4 1.6 -1
v 0.4 1.7 -1
v 0.4 1.8 -1
v 0.4 1.9 -1
v 0.4 2 -1
v 0.5 0 -1
v 0.5 0.1 -1
v 0.5 0.2 -1
v 0.5 0.3 -1
v 0.5 0.4 -1
v 0.5 0.5 -1
v 0.5 0.6 -1
v 0.5 0.7 -1
v 0.5 0.8 -1
v 0.5 0.9 -1
v 0.5 1 -1
v 0.5 1.2 -1
v 0.5 1.3 -1
v 0.5 1.4 -1
v 0.5 1.5 -1
v 0.5 1.6 -1
v 0.5 1.7 -1
v 0.5 1.8 -1
v 0.6 0 -1
v 0.6 0.1 -1
v 0.6 0.3 -1
v 0.6 0.4 -1
v 0.6 0.5 -1
v 0.6 0.6 -1
v 0.6 0.7 -1
v 0.6 0.8 -1
v 0.6 0.9 -1
v 0.6 1 -1
v 0.6 1.1 -1
v 0.6 1.2 -1
v 0.6 1.3 -1
v 0.6 1.4 -1
v 0.6 1.5 -1
v 0.6 1.6 -1
v 0.6 1.7 -1
v 0.6 1.8 -1
v 0.6 1.9 -1
v 0.7 0 -1
v 0.7 0.1 -1
v 0.7 0.2 -1
v 0.7 0.3 -1
v 0.7 0.4 -1
v 0.7 0.5 -1
v 0.7 0.6 -1
v 0.7 0.7 -1
v 0.7 0.8 -1
v 0.7 0.9 -1
v 0.7 1.1 -1
v 0.7 1.2 -1
v 0.7 1.3 -1
v 0.7 1.4 -1
v 0.7 1.5 -1
v 0.7 1.6 -1
v 0.7 1.7 -1
v 0.7 1.9 -1
v 0.8 0.1 -1
v 0.8 0.2 -1
v 0.8 0.3 -1
v 0.8 0.4 -1
v 0.8 0.5 -1
v 0.8 0.6 -1
v 0.8 0.7 -1
v 0.8 0.8 -1
v 0.8 0.9 -1
v 0.8 1.1 -1
v 0.8 1.2 -1
v 0.8 1.3 -1
v 0.8 1.4 -1
v 0.8 1.5 -1
v 0.8 1.6 -1
v 0.8 1.7 -1
v 0.8 1.8 -1
v 0.8 1.9 -1
v 0.8 2 -1
v 0.9 0 -1
v 0.9 0.1 -1
v 0.9 0.2 -1
v 0.9 0.3 -1
v 0.9 0.4 -1
v 0.9 0.5 -1
v 0.9 0.6 -1
v 0.9 0.7 -1
v 0.9 0.8 -1
v 0.9 0.9 -1
v 0.9 1.1 -1
v 0.9 1.2 -1
v 0.9 1.3 -1
v 0.9 1.4 -1
v 0.9 1.5 -1
v 0.9 1.6 -1
v 0.9 1.7 -1
v 0.9 1.8 -1
v 1 0 -1
v 1 0.1 -1
v 1 0.3 -1
v 1 0.4 -1
v 1 0.5 -1
v 1 0.6 -1
v 1 0.7 -1
v 1 0.8 -1
v 1 0.9 -1
v 1 1.2 -1
v 1 1.3 -1
v 1 1.5 -1
v 1 1.6 -1
v 1 1.7 -1
v 1 1.9 -1
v 1 2 -1
v -1 0 1
v -0.9 0 1
v -0.7 0 1
v -0.6 0 1
v -0.5 0 1
v -0.3 0 1
v -0.2 0 1
v -0.1 0 1
v 0.1 0 1
v 0.2 0 1
v 0.3 0 1
v 0.4 0 1
v 0.8 0 1
v 1 0 1
v -1 0 0.9
v -0.9 0 0.9
v -0.8 0 0.9
v -0.7 0 0.9
v -0.6 0 0.9
v -0.5 0 0.9
v -0.4 0 0.9
v -0.3 0 0.9
v -0.2 0 0.9
v 0 0 0.9
v 0.1 0 0.9
v 0.2 0 0.9
v 0.3 0 0.9
v 0.4 0 0.9
v 0.6 0 0.9
v 0.7 0 0.9
v 0.8 0 0.9
v 0.9 0 0.9
v -0.9 0 0.8
v -0.8 0 0.8
v -0.7 0 0.8
v -0.6 0 0.8
v -0.5 0 0.8
v -0.4 0 0.8
v -0.3 0 0.8
v -0.2 0 0.8
v -0.1 0 0.8
v 0 0 0.8
v 0.1 0 0.8
v 0.2 0 0.8
v 0.3 0 0.8
v 0.4 0 0.8
v 0.5 0 0.8
v 0.6 0 0.8
v 0.8 0 0.8
v 0.9 0 0.8
v 1 0 0.8
v -1 0 0.7
v -0.9 0 0.7
v -0.7 0 0.7
v -0.6 0 0.7
v -0.5 0 0.7
v -0.4 0 0.7
v -0.3 0 0.7
v -0.2 0 0.7
v -0.1 0 0.7
v 0 0 0.7
v 0.1 0 0.7
v 0.2 0 0.7
v 0.3 0 0.7
v 0.4 0 0.7
v 0.5 0 0.7
v 0.6 0 0.7
v 0.7 0 0.7
v 0.8 0 0.7
v 0.9 0 0.7
v -1 0 0.6
v -0.9 0 0.6
v -0.8 0 0.6
v -0.7 0 0.6
v -0.6 0 0.6
v -0.5 0 0.6
v -0.4 0 0.6
v -0.3 0 0.6
v -0.2 0 0.6
v -0.1 0 0.6
v 0 0 0.6
v 0.1 0 0.6
v 0.2 0 0.6
v 0.3 0 0.6
v 0.4 0 0.6
v 0.5 0 0.6
v 0.6 0 0.6
v 0.7 0 0.6
v 0.8 0 0.6
v 0.9 0 0.6
v -1 0 0.5
v -0.9 0 0.5
v -0.8 0 0.5
v -0.7 0 0.5
v -0.6 0 0.5
v -0.5 0 0.5
v -0.4 0 0.5
v -0.3 0 0.5
v -0.2 0 0.5
v 0 0 0.5
v 0.1 0 0.5
v 0.2 0 0.5
v 0.3 0 0.5
v 0.4 0 0.5
v 0.5 0 0.5
v 0.6 0 0.5
v 0.7 0 0.5
v 0.8 0 0.5
v 0.9 0 0.5
v -0.9 0 0.4
v -0.8 0 0.4
v -0.7 0 0.4
v -0.6 0 0.4
v -0.5 0 0.4
v -0.4 0 0.4
v -0.3 0 0.4
v -0.2 0 0.4
v -0.1 0 0.4
v 0 0 0.4
v 0.1 0 0.4
v 0.2 0 0.4
v 0.3 0 0.4
v 0.4 0 0.4
v 0.5 0 0.4
v 0.6 0 0.4
v 0.7 0 0.4
v 0.8 0 0.4
v 0.9 0 0.4
v 1 0 0.4
v -1 0 0.3
v -0.9 0 0.3
v -0.8 0 0.3
v -0.7 0 0.3
v -0.6 0 0.3
v -0.5 0 0.3
v -0.4 0 0.3
v -0.3 0 0.3
v -0.2 0 0.3
v -0.1 0 0.3
v 0 0 0.3
v 0.1 0 0.3
v 0.2 0 0.3
v 0.3 0 0.3
v 0.4 0 0.3
v 0.5 0 0.3
v 0.6 0 0.3
v 0.7 0 0.3
v 0.8 0 0.3
v 0.9 0 0.3
v 1 0 0.3
v -1 0 0.2
v -0.9 0 0.2
v -0.8 0 0.2
v -0.7 0 0.2
v -0.6 0 0.2
v -0.5 0 0.2
v -0.4 0 0.2
v -0.3 0 0.2
v -0.2 0 0.2
v -0.1 0 0.2
v 0 0 0.2
v 0.1 0 0.2
v 0.2 0 0.2
v 0.3 0 0.2
v 0.4 0 0.2
v 0.5 0 0.2
v 0.6 0 0.2
v 0.7 0 0.2
v 0.8 0 0.2
v 0.9 0 0.2
v 1 0 0.2
v -1 0 0.1
v -0.9 0 0.1
v -0.8 0 0.1
v -0.7 0 0.1
v -0.6 0 0.1
v -0.5 0 0.1
v -0.4 0 0.1
v -0.3 0 0.1
v -0.2 0 0.1
v -0.1 0 0.1
v 0 0 0.1
v 0.1 0 0.1
v 0.2 0 0.1
v 0.3 0 0.1
v 0.4 0 0.1
v 0.6 0 0.1
v 0.7 0 0.1
v 0.8 0 0.1
v 1 0 0.1
v -0.9 0 0
v -0.8 0 0
v -0.7 0 0
v -0.6 0 0
v -0.5 0 0
v -0.4 0 0
v -0.3 0 0
v -0.2 0 0
v -0.1 0 0
v 0 0 0
v 0.1 0 0
v 0.2 0 0
v 0.3 0 0
v 0.4 0 0
v 0.5 0 0
v 0.6 0 0
v 0.7 0 0
v 0.8 0 0
v 0.9 0 0
v -1 0 -0.1
v -0.8 0 -0.1
v -0.7 0 -0.1
v -0.6 0 -0.1
v -0.4 0 -0.1
v -0.3 0 -0.1
v -0.2 0 -0.1
v -0.1 0 -0.1
v 0 0 -0.1
v 0.2 0 -0.1
v 0.3 0 -0.1
v 0.4 0 -0.1
v 0.5 0 -0.1
v 0.6 0 -0.1
v 0.7 0 -0.1
v 0.8 0 -0.1
v 0.9 0 -0.1
v 1 0 -0.1
v -1 0 -0.2
v -0.9 0 -0.2
v -0.8 0 -0.2
v -0.7 0 -0.2
v -0.6 0 -0.2
v -0.5 0 -0.2
v -0.4 0 -0.2
v -0.3 0 -0.2
v -0.2 0 -0.2
v -0.1 0 -0.2
v 0 0 -0.2
v 0.1 0 -0.2
v 0.2 0 -0.2
v 0.3 0 -0.2
v 0.4 0 -0.2
v 0.5 0 -0.2
v 0.6 0 -0.2
v 0.7 0 -0.2
v 0.8 0 -0.2
v 0.9 0 -0.2
v 1 0 -0.2
v -1 0 -0.3
v -0.9 0 -0.3
v -0.8 0 -0.3
v -0.7 0 -0.3
v -0.6 0 -0.3
v -0.5 0 -0.3
v -0.4 0 -0.3
v -0.3 0 -0.3
v -0.2 0 -0.3
v -0.1 0 -0.3
v 0 0 -0.3
v 0.1 0 -0.3
v 0.2 0 -0.3
v 0.3 0 -0.3
v 0.4 0 -0.3
v 0.5 0 -0.3
v 0.6 0 -0.3
v 0.7 0 -0.3
v 0.8 0 -0.3
v 0.9 0 -0.3
v 1 0 -0.3
v -1 0 -0.4
v -0.9 0 -0.4
v -0.8 0 -0.4
v -0.7 0 -0.4
v -0.6 0 -0.4
v -0.5 0 -0.4
v -0.4 0 -0.4
v -0.3 0 -0.4
v -0.2 0 -0.4
v -0.1 0 -0.4
v 0 0 -0.4
v 0.1 0 -0.4
v 0.2 0 -0.4
v 0.3 0 -0.4
v 0.4 0 -0.4
v 0.5 0 -0.4
v 0.6 0 -0.4
v 0.7 0 -0.4
v 0.8 0 -0.4
v 0.9 0 -0.4
v -0.9 0 -0.5
v -0.8 0 -0.5
v -0.7 0 -0.5
v -0.6 0 -0.5
v -0.5 0 -0.5
v -0.4 0 -0.5
v -0.3 0 -0.5
v -0.2 0 -0.5
v -0.1 0 -0.5
v 0 0 -0.5
v 0.2 0 -0.5
v 0.3 0 -0.5
v 0.4 0 -0.5
v 0.5 0 -0.5
v 0.6 0 -0.5
v 0.7 0 -0.5
v 0.8 0 -0.5
v 0.9 0 -0.5
v 1 0 -0.5
v -0.9 0 -0.6
v -0.8 0 -0.6
v -0.7 0 -0.6
v -0.6 0 -0.6
v -0.5 0 -0.6
v -0.4 0 -0.6
v -0.3 0 -0.6
v -0.2 0 -0.6
v -0.1 0 -0.6
v 0 0 -0.6
v 0.1 0 -0.6
v 0.2 0 -0.6
v 0.3 0 -0.6
v 0.4 0 -0.6
v 0.5 0 -0.6
v 0.6 0 -0.6
v 0.7 0 -0.6
v 0.8 0 -0.6
v 0.9 0 -0.6
v 1 0 -0.6
v -0.9 0 -0.7
v -0.8 0 -0.7
v -0.7 0 -0.7
v -0.6 0 -0.7
v -0.5 0 -0.7
v -0.4 0 -0.7
v -0.3 0 -0.7
v -0.2 0 -0.7
v -0.1 0 -0.7
v 0 0 -0.7
v 0.1 0 -0.7
v 0.2 0 -0.7
v 0.3 0 -0.7
v 0.4 0 -0.7
v 0.5 0 -0.7
v 0.6 0 -0.7
v 0.7 0 -0.7
v 0.9 0 -0.7
v 1 0 -0.7
v -1 0 -0.8
v -0.9 0 -0.8
v -0.8 0 -0.8
v -0.7 0 -0.8
v -0.5 0 -0.8
v -0.4 0 -0.8
v -0.3 0 -0.8
v -0.2 0 -0.8
v -0.1 0 -0.8
v 0 0 -0.8
v 0.1 0 -0.8
v 0.2 0 -0.8
v 0.3 0 -0.8
v 0.4 0 -0.8
v 0.5 0 -0.8
v 0.6 0 -0.8
v 0.7 0 -0.8
v 0.9 0 -0.8
v 0.9 0 -0.9
v 1 0 -0.9
v -1 0 -1
v -0.8 0 -1
v -0.4 0 -1
v -0.3 0 -1
v -0.2 0 -1
v -0.1 0 -1
v 0.1 0 -1
v 0.2 0 -1
v 0.3 0 -1
v 0.5 0 -1
v 0.6 0 -1
v 0.7 0 -1
v 0.9 0 -1
v 1 0 -1
v -1 2 1
v -0.8 2 1
v -0.4 2 1
v -0.3 2 1
v -0.2 2 1
v -0.1 2 1
v 0.1 2 1
v 0.2 2 1
v 0.3 2 1
v 0.5 2 1
v 0.6 2 1
v 0.7 2 1
v 0.9 2 1
v 1 2 1
v -0.9 2 0.9
v -0.8 2 0.9
v -0.7 2 0.9
v -0.6 2 0.9
v -0.4 2 0.9
v -0.3 2 0.9
v -0.2 2 0.9
v -0.1 2 0.9
v 0 2 0.9
v 0.2 2 0.9
v 0.3 2 0.9
v 0.4 2 0.9
v 0.5 2 0.9
v 0.6 2 0.9
v 0.7 2 0.9
v 0.8 2 0.9
v 0.9 2 0.9
v 1 2 0.9
v -1 2 0.8
v -0.9 2 0.8
v -0.8 2 0.8
v -0.6 2 0.8
v -0.5 2 0.8
v -0.4 2 0.8
v -0.3 2 0.8
v -0.2 2 0.8
v -0.1 2 0.8
v 0 2 0.8
v 0.1 2 0.8
v 0.2 2 0.8
v 0.3 2 0.8
v 0.4 2 0.8
v 0.5 2 0.8
v 0.6 2 0.8
v 0.7 2 0.8
v 0.8 2 0.8
v 0.9 2 0.8
v -0.9 2 0.7
v -0.8 2 0.7
v -0.7 2 0.7
v -0.6 2 0.7
v -0.5 2 0.7
v -0.4 2 0.7
v -0.3 2 0.7
v -0.2 2 0.7
v -0.1 2 0.7
v 0 2 0.7
v 0.1 2 0.7
v 0.2 2 0.7
v 0.3 2 0.7
v 0.4 2 0.7
v 0.5 2 0.7
v 0.6 2 0.7
v 0.7 2 0.7
v 0.9 2 0.7
v 1 2 0.7
v -0.9 2 0.6
v -0.8 2 0.6
v -0.7 2 0.6
v -0.6 2 0.6
v -0.5 2 0.6
v -0.4 2 0.6
v -0.3 2 0.6
v -0.2 2 0.6
v -0.1 2 0.6
v 0 2 0.6
v 0.1 2 0.6
v 0.2 2 0.6
v 0.3 2 0.6
v 0.4 2 0.6
v 0.5 2 0.6
v 0.6 2 0.6
v 0.7 2 0.6
v 0.8 2 0.6
v 0.9 2 0.6
v 1 2 0.6
v -0.9 2 0.5
v -0.8 2 0.5
v -0.7 2 0.5
v -0.6 2 0.5
v -0.5 2 0.5
v -0.4 2 0.5
v -0.3 2 0.5
v -0.2 2 0.5
v -0.1 2 0.5
v 0 2 0.5
v 0.2 2 0.5
v 0.3 2 0.5
v 0.4 2 0.5
v 0.5 2 0.5
v 0.6 2 0.5
v 0.7 2 0.5
v 0.8 2 0.5
v 0.9 2 0.5
v 1 2 0.5
v -1 2 0.4
v -0.9 2 0.4
v -0.8 2 0.4
v -0.7 2 0.4
v -0.6 2 0.4
v -0.5 2 0.4
v -0.4 2 0.4
v -0.3 2 0.4
v -0.2 2 0.4
v -0.1 2 0.4
v 0 2 0.4
v 0.1 2 0.4
v 0.2 2 0.4
v 0.3 2 0.4
v 0.4 2 0.4
v 0.5 2 0.4
v 0.6 2 0.4
v 0.7 2 0.4
v 0.8 2 0.4
v 0.9 2 0.4
v -1 2 0.3
v -0.9 2 0.3
v -0.8 2 0.3
v -0.7 2 0.3
v -0.6 2 0.3
v -0.5 2 0.3
v -0.4 2 0.3
v -0.3 2 0.3
v -0.2 2 0.3
v -0.1 2 0.3
v 0 2 0.3
v 0.1 2 0.3
v 0.2 2 0.3
v 0.3 2 0.3
v 0.4 2 0.3
v 0.5 2 0.3
v 0.6 2 0.3
v 0.7 2 0.3
v 0.8 2 0.3
v 0.9 2 0.3
v 1 2 0.3
v -1 2 0.2
v -0.9 2 0.2
v -0.8 2 0.2
v -0.7 2 0.2
v -0.6 2 0.2
v -0.5 2 0.2
v -0.4 2 0.2
v -0.3 2 0.2
v -0.2 2 0.2
v -0.1 2 0.2
v 0 2 0.2
v 0.1 2 0.2
v 0.2 2 0.2
v 0.3 2 0.2
v 0.4 2 0.2
v 0.5 2 0.2
v 0.6 2 0.2
v 0.7 2 0.2
v 0.8 2 0.2
v 0.9 2 0.2
v 1 2 0.2
v -1 2 0.1
v -0.8 2 0.1
v -0.7 2 0.1
v -0.6 2 0.1
v -0.4 2 0.1
v -0.3 2 0.1
v -0.2 2 0.1
v -0.1 2 0.1
v 0 2 0.1
v 0.1 2 0.1
v 0.2 2 0.1
v 0.3 2 0.1
v 0.4 2 0.1
v 0.5 2 0.1
v 0.6 2 0.1
v 0.7 2 0.1
v 0.8 2 0.1
v 0.9 2 0.1
v 1 2 0.1
v -0.9 2 0
v -0.8 2 0
v -0.7 2 0
v -0.6 2 0
v -0.5 2 0
v -0.4 2 0
v -0.3 2 0
v -0.2 2 0
v -0.1 2 0
v 0 2 0
v 0.1 2 0
v 0.2 2 0
v 0.3 2 0
v 0.4 2 0
v 0.5 2 0
v 0.6 2 0
v 0.7 2 0
v 0.8 2 0
v 0.9 2 0
v -1 2 -0.1
v -0.9 2 -0.1
v -0.8 2 -0.1
v -0.7 2 -0.1
v -0.6 2 -0.1
v -0.5 2 -0.1
v -0.4 2 -0.1
v -0.3 2 -0.1
v -0.2 2 -0.1
v 0 2 -0.1
v 0.1 2 -0.1
v 0.2 2 -0.1
v 0.3 2 -0.1
v 0.4 2 -0.1
v 0.6 2 -0.1
v 0.7 2 -0.1
v 0.8 2 -0.1
v 1 2 -0.1
v -1 2 -0.2
v -0.9 2 -0.2
v -0.8 2 -0.2
v -0.7 2 -0.2
v -0.6 2 -0.2
v -0.5 2 -0.2
v -0.4 2 -0.2
v -0.3 2 -0.2
v -0.2 2 -0.2
v -0.1 2 -0.2
v 0 2 -0.2
v 0.1 2 -0.2
v 0.2 2 -0.2
v 0.3 2 -0.2
v 0.4 2 -0.2
v 0.5 2 -0.2
v 0.6 2 -0.2
v 0.7 2 -0.2
v 0.8 2 -0.2
v 0.9 2 -0.2
v 1 2 -0.2
v -1 2 -0.3
v -0.9 2 -0.3
v -0.8 2 -0.3
v -0.7 2 -0.3
v -0.6 2 -0.3
v -0.5 2 -0.3
v -0.4 2 -0.3
v -0.3 2 -0.3
v -0.2 2 -0.3
v -0.1 2 -0.3
v 0 2 -0.3
v 0.1 2 -0.3
v 0.2 2 -0.3
v 0.3 2 -0.3
v 0.4 2 -0.3
v 0.5 2 -0.3
v 0.6 2 -0.3
v 0.7 2 -0.3
v 0.8 2 -0.3
v 0.9 2 -0.3
v 1 2 -0.3
v -0.9 2 -0.4
v -0.8 2 -0.4
v -0.7 2 -0.4
v -0.6 2 -0.4
v -0.5 2 -0.4
v -0.4 2 -0.4
v -0.3 2 -0.4
v -0.2 2 -0.4
v -0.1 2 -0.4
v 0 2 -0.4
v 0.1 2 -0.4
v 0.2 2 -0.4
v 0.3 2 -0.4
v 0.4 2 -0.4
v 0.5 2 -0.4
v 0.6 2 -0.4
v 0.7 2 -0.4
v 0.8 2 -0.4
v 0.9 2 -0.4
v 1 2 -0.4
v -1 2 -0.5
v -0.9 2 -0.5
v -0.8 2 -0.5
v -0.7 2 -0.5
v -0.6 2 -0.5
v -0.5 2 -0.5
v -0.4 2 -0.5
v -0.3 2 -0.5
v -0.2 2 -0.5
v 0 2 -0.5
v 0.1 2 -0.5
v 0.2 2 -0.5
v 0.3 2 -0.5
v 0.4 2 -0.5
v 0.5 2 -0.5
v 0.6 2 -0.5
v 0.7 2 -0.5
v 0.8 2 -0.5
v 0.9 2 -0.5
v -1 2 -0.6
v -0.9 2 -0.6
v -0.8 2 -0.6
v -0.7 2 -0.6
v -0.6 2 -0.6
v -0.5 2 -0.6
v -0.4 2 -0.6
v -0.3 2 -0.6
v -0.2 2 -0.6
v -0.1 2 -0.6
v 0 2 -0.6
v 0.1 2 -0.6
v 0.2 2 -0.6
v 0.3 2 -0.6
v 0.4 2 -0.6
v 0.5 2 -0.6
v 0.6 2 -0.6
v 0.7 2 -0.6
v 0.8 2 -0.6
v 0.9 2 -0.6
v -1 2 -0.7
v -0.9 2 -0.7
v -0.7 2 -0.7
v -0.6 2 -0.7
v -0.5 2 -0.7
v -0.4 2 -0.7
v -0.3 2 -0.7
v -0.2 2 -0.7
v -0.1 2 -0.7
v 0 2 -0.7
v 0.1 2 -0.7
v 0.2 2 -0.7
v 0.3 2 -0.7
v 0.4 2 -0.7
v 0.5 2 -0.7
v 0.6 2 -0.7
v 0.7 2 -0.7
v 0.8 2 -0.7
v 0.9 2 -0.7
v -1 2 -0.8
v -0.9 2 -0.8
v -0.7 2 -0.8
v -0.6 2 -0.8
v -0.5 2 -0.8
v -0.4 2 -0.8
v -0.3 2 -0.8
v -0.2 2 -0.8
v -0.1 2 -0.8
v 0 2 -0.8
v 0.1 2 -0.8
v 0.2 2 -0.8
v 0.3 2 -0.8
v 0.4 2 -0.8
v 0.5 2 -0.8
v 0.7 2 -0.8
v 0.8 2 -0.8
v 0.9 2 -0.8
v 1 2 -0.8
v -1 2 -1
v -0.9 2 -1
v -0.7 2 -1
v -0.6 2 -1
v -0.5 2 -1
v -0.3 2 -1
v -0.2 2 -1
v -0.1 2 -1
v 0.1 2 -1
v 0.2 2 -1
v 0.3 2 -1
v 0.4 2 -1
v 0.8 2 -1
v 1 2 -1

# faces
f 15/3/1 2/3/1 1/3/1
f 16/2/1 3/2/1 2/2/1
f 16/3/1 2/3/1 15/3/1
f 17/2/1 3/2/1 16/2/1
f 18/3/1 4/3/1 3/3/1
f 18/2/1 3/2/1 17/2/1
f 19/5/1 5/5/1 4/5/1
f 19/3/1 4/3/1 18/3/1
f 20/3/1 6/3/1 5/3/1
f 20/5/1 5/5/1 19/5/1
f 21/5/1 7/5/1 6/5/1
f 21/3/1 6/3/1 20/3/1
f 22/3/1 8/3/1 7/3/1
f 22/5/1 7/5/1 21/5/1
f 23/2/1 9/2/1 8/2/1
f 23/3/1 8/3/1 22/3/1
f 24/2/1 9/2/1 23/2/1
f 25/3/1 10/3/1 9/3/1
f 25/2/1 9/2/1 24/2/1
f 26/2/1 11/2/1 10/2/1
f 26/3/1 10/3/1 25/3/1
f 27/3/1 12/3/1 11/3/1
f 27/2/1 11/2/1 26/2/1
f 28/2/1 13/2/1 12/2/1
f 28/3/1 12/3/1 27/3/1
f 29/2/1 13/2/1 28/2/1
f 30/2/1 13/2/1 29/2/1
f 31/3/1 14/3/1 13/3/1
f 31/2/1 13/2/1 30/2/1
f 32/3/1 14/3/1 31/3/1
f 33/2/1 17/2/1 16/2/1
f 33/2/1 16/2/1 15/2/1
f 34/3/1 18/3/1 17/3/1
f 34/2/1 17/2/1 33/2/1
f 35/2/1 19/2/1 18/2/1
f 35/3/1 18/3/1 34/3/1
f 35/2/1 20/2/1 19/2/1
f 36/3/1 21/3/1 20/3/1
f 36/2/1 20/2/1 35/2/1
f 37/3/1 21/3/1 36/3/1
f 38/2/1 22/2/1 21/2/1
f 38/3/1 21/3/1 37/3/1
f 38/2/1 23/2/1 22/2/1
f 39/5/1 24/5/1 23/5/1
f 39/2/1 23/2/1 38/2/1
f 40/3/1 25/3/1 24/3/1
f 40/5/1 24/5/1 39/5/1
f 41/2/1 26/2/1 25/2/1
f 41/3/1 25/3/1 40/3/1
f 41/2/1 27/2/1 26/2/1
f 42/2/1 27/2/1 41/2/1
f 43/5/1 28/5/1 27/5/1
f 43/2/1 27/2/1 42/2/1
f 44/3/1 29/3/1 28/3/1
f 44/5/1 28/5/1 43/5/1
f 45/3/1 29/3/1 44/3/1
f 46/2/1 30/2/1 29/2/1
f 46/3/1 29/3/1 45/3/1
f 47/2/1 33/2/1 15/2/1
f 48/5/1 34/5/1 33/5/1
f 48/2/1 33/2/1 47/2/1
f 49/3/1 35/3/1 34/3/1
f 49/5/1 34/5/1 48/5/1
f 49/3/1 36/3/1 35/3/1
f 50/3/1 36/3/1 49/3/1
f 51/3/1 36/3/1 50/3/1
f 52/2/1 37/2/1 36/2/1
f 52/3/1 36/3/1 51/3/1
f 53/5/1 38/5/1 37/5/1
f 53/2/1 37/2/1 52/2/1
f 54/3/1 39/3/1 38/3/1
f 54/5/1 38/5/1 53/5/1
f 55/3/1 39/3/1 54/3/1
f 56/2/1 40/2/1 39/2/1
f 56/5/1 41/5/1 40/5/1
f 57/2/1 42/2/1 41/2/1
f 57/5/1 41/5/1 56/5/1
f 58/3/1 43/3/1 42/3/1
f 58/2/1 42/2/1 57/2/1
f 58/3/1 44/3/1 43/3/1
f 59/3/1 44/3/1 58/3/1
f 60/5/1 45/5/1 44/5/1
f 60/3/1 44/3/1 59/3/1
f 61/2/1 46/2/1 45/2/1
f 61/5/1 45/5/1 60/5/1
f 62/2/1 30/2/1 46/2/1
f 62/2/1 46/2/1 61/2/1
f 63/3/1 31/3/1 30/3/1
f 63/2/1 30/2/1 62/2/1
f 64/2/1 32/2/1 31/2/1
f 64/3/1 31/3/1 63/3/1
f 65/2/1 32/2/1 64/2/1
f 66/3/1 48/3/1 47/3/1
f 67/2/1 49/2/1 48/2/1
f 67/3/1 48/3/1 66/3/1
f 68/5/1 50/5/1 49/5/1
f 68/2/1 49/2/1 67/2/1
f 69/3/1 51/3/1 50/3/1
f 69/5/1 50/5/1 68/5/1
f 70/2/1 52/2/1 51/2/1
f 70/3/1 51/3/1 69/3/1
f 71/3/1 53/3/1 52/3/1
f 71/2/1 52/2/1 70/2/1
f 72/4/1 54/4/1 53/4/1
f 72/3/1 53/3/1 71/3/1
f 73/5/1 55/5/1 54/5/1
f 73/4/1 54/4/1 72/4/1
f 74/3/1 39/3/1 55/3/1
f 74/5/1 55/5/1 73/5/1
f 75/2/1 57/2/1 56/2/1
f 75/3/1 39/3/1 74/3/1
f 75/2/1 56/2/1 39/2/1
f 76/2/1 57/2/1 75/2/1
f 77/3/1 58/3/1 57/3/1
f 77/2/1 57/2/1 76/2/1
f 78/5/1 59/5/1 58/5/1
f 78/3/1 58/3/1 77/3/1
f 79/3/1 61/3/1 60/3/1
f 79/5/1 59/5/1 78/5/1
f 79/3/1 60/3/1 59/3/1
f 80/3/1 61/3/1 79/3/1
f 81/2/1 62/2/1 61/2/1
f 81/3/1 61/3/1 80/3/1
f 82/4/1 63/4/1 62/4/1
f 82/2/1 62/2/1 81/2/1
f 83/2/1 64/2/1 63/2/1
f 83/4/1 63/4/1 82/4/1
f 84/3/1 65/3/1 64/3/1
f 84/2/1 64/2/1 83/2/1
f 85/3/1 65/3/1 84/3/1
f 86/5/1 67/5/1 66/5/1
f 87/4/1 68/4/1 67/4/1
f 87/5/1 67/5/1 86/5/1
f 88/2/1 69/2/1 68/2/1
f 88/4/1 68/4/1 87/4/1
f 89/3/1 70/3/1 69/3/1
f 89/2/1 69/2/1 88/2/1
f 90/4/1 71/4/1 70/4/1
f 90/3/1 70/3/1 89/3/1
f 91/5/1 72/5/1 71/5/1
f 91/4/1 71/4/1 90/4/1
f 92/3/1 73/3/1 72/3/1
f 92/5/1 72/5/1 91/5/1
f 93/2/1 74/2/1 73/2/1
f 93/3/1 73/3/1 92/3/1
f 94/5/1 75/5/1 74/5/1
f 94/2/1 74/2/1 93/2/1
f 95/3/1 76/3/1 75/3/1
f 95/5/1 75/5/1 94/5/1
f 96/2/1 77/2/1 76/2/1
f 96/3/1 76/3/1 95/3/1
f 97/4/1 78/4/1 77/4/1
f 97/2/1 77/2/1 96/2/1
f 98/3/1 79/3/1 78/3/1
f 98/4/1 78/4/1 97/4/1
f 99/2/1 80/2/1 79/2/1
f 99/3/1 79/3/1 98/3/1
f 100/5/1 81/5/1 80/5/1
f 100/2/1 80/2/1 99/2/1
f 101/3/1 82/3/1 81/3/1
f 101/5/1 81/5/1 100/5/1
f 102/2/1 83/2/1 82/2/1
f 102/3/1 82/3/1 101/3/1
f 103/4/1 84/4/1 83/4/1
f 103/2/1 83/2/1 102/2/1
f 104/5/1 85/5/1 84/5/1
f 104/4/1 84/4/1 103/4/1
f 105/5/1 85/5/1 104/5/1
f 106/3/1 87/3/1 86/3/1
f 107/5/1 88/5/1 87/5/1
f 107/3/1 87/3/1 106/3/1
f 108/3/1 89/3/1 88/3/1
f 108/5/1 88/5/1 107/5/1
f 109/4/1 91/4/1 90/4/1
f 109/2/1 90/2/1 89/2/1
f 110/2/1 92/2/1 91/2/1
f 110/4/1 91/4/1 109/4/1
f 110/2/1 93/2/1 92/2/1
f 111/2/1 93/2/1 110/2/1
f 112/3/1 94/3/1 93/3/1
f 112/2/1 93/2/1 111/2/1
f 113/5/1 95/5/1 94/5/1
f 113/3/1 94/3/1 112/3/1
f 114/2/1 96/2/1 95/2/1
f 114/5/1 95/5/1 113/5/1
f 115/3/1 97/3/1 96/3/1
f 115/2/1 96/2/1 114/2/1
f 116/5/1 98/5/1 97/5/1
f 116/3/1 97/3/1 115/3/1
f 117/2/1 99/2/1 98/2/1
f 117/5/1 98/5/1 116/5/1
f 118/4/1 100/4/1 99/4/1
f 118/2/1 99/2/1 117/2/1
f 119/3/1 101/3/1 100/3/1
f 119/4/1 100/4/1 118/4/1
f 120/5/1 102/5/1 101/5/1
f 120/3/1 101/3/1 119/3/1
f 121/4/1 103/4/1 102/4/1
f 121/5/1 102/5/1 120/5/1
f 122/5/1 104/5/1 103/5/1
f 122/4/1 103/4/1 121/4/1
f 123/3/1 105/3/1 104/3/1
f 123/5/1 104/5/1 122/5/1
f 124/3/1 105/3/1 123/3/1
f 125/2/1 108/2/1 107/2/1
f 125/2/1 107/2/1 106/2/1
f 126/3/1 89/3/1 108/3/1
f 126/2/1 108/2/1 125/2/1
f 127/2/1 109/2/1 89/2/1
f 127/3/1 89/3/1 126/3/1
f 128/3/1 111/3/1 110/3/1
f 128/2/1 109/2/1 127/2/1
f 128/3/1 110/3/1 109/3/1
f 129/5/1 112/5/1 111/5/1
f 129/3/1 111/3/1 128/3/1
f 130/2/1 113/2/1 112/2/1
f 130/5/1 112/5/1 129/5/1
f 130/2/1 114/2/1 113/2/1
f 131/2/1 114/2/1 130/2/1
f 132/3/1 115/3/1 114/3/1
f 132/2/1 114/2/1 131/2/1
f 133/5/1 116/5/1 115/5/1
f 133/3/1 115/3/1 132/3/1
f 134/2/1 118/2/1 117/2/1
f 134/5/1 116/5/1 133/5/1
f 134/2/1 117/2/1 116/2/1
f 135/3/1 119/3/1 118/3/1
f 135/2/1 118/2/1 134/2/1
f 135/3/1 120/3/1 119/3/1
f 136/2/1 122/2/1 121/2/1
f 136/3/1 120/3/1 135/3/1
f 136/2/1 121/2/1 120/2/1
f 137/2/1 122/2/1 136/2/1
f 138/3/1 123/3/1 122/3/1
f 138/2/1 122/2/1 137/2/1
f 139/2/1 124/2/1 123/2/1
f 139/3/1 123/3/1 138/3/1
f 140/2/1 124/2/1 139/2/1
f 141/3/1 126/3/1 125/3/1
f 142/3/1 126/3/1 141/3/1
f 143/2/1 127/2/1 126/2/1
f 143/3/1 126/3/1 142/3/1
f 144/3/1 128/3/1 127/3/1
f 144/2/1 127/2/1 143/2/1
f 145/2/1 129/2/1 128/2/1
f 145/3/1 128/3/1 144/3/1
f 146/2/1 129/2/1 145/2/1
f 147/3/1 130/3/1 129/3/1
f 147/2/1 129/2/1 146/2/1
f 148/2/1 131/2/1 130/2/1
f 148/3/1 130/3/1 147/3/1
f 149/3/1 132/3/1 131/3/1
f 149/2/1 131/2/1 148/2/1
f 150/2/1 133/2/1 132/2/1
f 150/3/1 132/3/1 149/3/1
f 151/3/1 135/3/1 134/3/1
f 151/2/1 133/2/1 150/2/1
f 151/3/1 134/3/1 133/3/1
f 152/3/1 135/3/1 151/3/1
f 153/2/1 136/2/1 135/2/1
f 154/3/1 137/3/1 136/3/1
f 154/2/1 136/2/1 153/2/1
f 155/2/1 138/2/1 137/2/1
f 155/3/1 137/3/1 154/3/1
f 155/2/1 139/2/1 138/2/1
f 156/2/1 139/2/1 155/2/1
f 157/3/1 140/3/1 139/3/1
f 157/2/1 139/2/1 156/2/1
f 158/3/1 140/3/1 157/3/1
f 159/5/1 142/5/1 141/5/1
f 160/3/1 143/3/1 142/3/1
f 160/5/1 142/5/1 159/5/1
f 161/4/1 144/4/1 143/4/1
f 161/3/1 143/3/1 160/3/1
f 162/2/1 145/2/1 144/2/1
f 162/4/1 144/4/1 161/4/1
f 163/3/1 146/3/1 145/3/1
f 163/2/1 145/2/1 162/2/1
f 164/2/1 147/2/1 146/2/1
f 164/3/1 146/3/1 163/3/1
f 164/2/1 148/2/1 147/2/1
f 165/2/1 148/2/1 164/2/1
f 166/3/1 149/3/1 148/3/1
f 166/2/1 148/2/1 165/2/1
f 167/2/1 150/2/1 149/2/1
f 167/3/1 149/3/1 166/3/1
f 168/3/1 151/3/1 150/3/1
f 168/2/1 150/2/1 167/2/1
f 169/5/1 152/5/1 151/5/1
f 169/3/1 151/3/1 168/3/1
f 170/3/1 135/3/1 152/3/1
f 170/5/1 152/5/1 169/5/1
f 171/3/1 135/3/1 170/3/1
f 172/2/1 153/2/1 135/2/1
f 172/3/1 135/3/1 171/3/1
f 173/4/1 154/4/1 153/4/1
f 173/2/1 153/2/1 172/2/1
f 174/2/1 155/2/1 154/2/1
f 174/4/1 154/4/1 173/4/1
f 175/3/1 156/3/1 155/3/1
f 175/2/1 155/2/1 174/2/1
f 176/2/1 157/2/1 156/2/1
f 176/3/1 156/3/1 175/3/1
f 177/5/1 158/5/1 157/5/1
f 177/2/1 157/2/1 176/2/1
f 178/5/1 158/5/1 177/5/1
f 179/3/1 160/3/1 159/3/1
f 179/5/1 162/5/1 161/5/1
f 179/5/1 161/5/1 160/5/1
f 180/5/1 162/5/1 179/5/1
f 181/4/1 163/4/1 162/4/1
f 181/5/1 162/5/1 180/5/1
f 182/2/1 164/2/1 163/2/1
f 182/4/1 163/4/1 181/4/1
f 183/3/1 165/3/1 164/3/1
f 183/2/1 164/2/1 182/2/1
f 184/5/1 166/5/1 165/5/1
f 184/3/1 165/3/1 183/3/1
f 185/2/1 167/2/1 166/2/1
f 185/5/1 166/5/1 184/5/1
f 186/3/1 168/3/1 167/3/1
f 186/2/1 167/2/1 185/2/1
f 187/4/1 169/4/1 168/4/1
f 187/3/1 168/3/1 186/3/1
f 188/3/1 170/3/1 169/3/1
f 188/4/1 169/4/1 187/4/1
f 189/2/1 171/2/1 170/2/1
f 189/3/1 170/3/1 188/3/1
f 190/5/1 172/5/1 171/5/1
f 190/2/1 171/2/1 189/2/1
f 191/3/1 173/3/1 172/3/1
f 191/5/1 172/5/1 190/5/1
f 192/2/1 174/2/1 173/2/1
f 192/3/1 173/3/1 191/3/1
f 193/4/1 175/4/1 174/4/1
f 193/2/1 174/2/1 192/2/1
f 194/3/1 176/3/1 175/3/1
f 194/4/1 175/4/1 193/4/1
f 195/5/1 177/5/1 176/5/1
f 195/3/1 176/3/1 194/3/1
f 196/3/1 178/3/1 177/3/1
f 196/5/1 177/5/1 195/5/1
f 197/2/1 180/2/1 179/2/1
f 197/3/1 179/3/1 159/3/1
f 198/5/1 181/5/1 180/5/1
f 198/2/1 180/2/1 197/2/1
f 199/2/1 182/2/1 181/2/1
f 199/5/1 181/5/1 198/5/1
f 200/3/1 183/3/1 182/3/1
f 200/2/1 182/2/1 199/2/1
f 201/2/1 184/2/1 183/2/1
f 201/3/1 183/3/1 200/3/1
f 202/3/1 185/3/1 184/3/1
f 202/2/1 184/2/1 201/2/1
f 203/5/1 186/5/1 185/5/1
f 203/3/1 185/3/1 202/3/1
f 203/5/1 187/5/1 186/5/1
f 204/5/1 187/5/1 203/5/1
f 205/3/1 188/3/1 187/3/1
f 205/5/1 187/5/1 204/5/1
f 206/2/1 189/2/1 188/2/1
f 206/3/1 188/3/1 205/3/1
f 207/4/1 190/4/1 189/4/1
f 207/2/1 189/2/1 206/2/1
f 208/3/1 191/3/1 190/3/1
f 208/4/1 190/4/1 207/4/1
f 209/5/1 192/5/1 191/5/1
f 209/3/1 191/3/1 208/3/1
f 210/4/1 193/4/1 192/4/1
f 210/5/1 192/5/1 209/5/1
f 211/5/1 194/5/1 193/5/1
f 211/4/1 193/4/1 210/4/1
f 212/2/1 195/2/1 194/2/1
f 212/5/1 194/5/1 211/5/1
f 213/3/1 196/3/1 195/3/1
f 213/2/1 195/2/1 212/2/1
f 214/3/1 178/3/1 196/3/1
f 214/3/1 196/3/1 213/3/1
f 215/3/1 198/3/1 197/3/1
f 215/3/1 197/3/1 159/3/1
f 216/3/1 198/3/1 215/3/1
f 217/2/1 199/2/1 198/2/1
f 217/3/1 198/3/1 216/3/1
f 218/5/1 200/5/1 199/5/1
f 218/2/1 199/2/1 217/2/1
f 219/4/1 201/4/1 200/4/1
f 219/5/1 200/5/1 218/5/1
f 220/5/1 202/5/1 201/5/1
f 220/4/1 201/4/1 219/4/1
f 221/3/1 203/3/1 202/3/1
f 221/5/1 202/5/1 220/5/1
f 222/4/1 204/4/1 203/4/1
f 222/3/1 203/3/1 221/3/1
f 223/2/1 205/2/1 204/2/1
f 223/4/1 204/4/1 222/4/1
f 224/5/1 207/5/1 206/5/1
f 224/2/1 205/2/1 223/2/1
f 224/5/1 206/5/1 205/5/1
f 224/5/1 208/5/1 207/5/1
f 225/5/1 208/5/1 224/5/1
f 226/5/1 208/5/1 225/5/1
f 227/3/1 209/3/1 208/3/1
f 227/5/1 208/5/1 226/5/1
f 228/2/1 210/2/1 209/2/1
f 228/3/1 209/3/1 227/3/1
f 229/3/1 211/3/1 210/3/1
f 229/2/1 210/2/1 228/2/1
f 230/2/1 213/2/1 212/2/1
f 230/3/1 211/3/1 229/3/1
f 230/2/1 214/2/1 213/2/1
f 230/2/1 212/2/1 211/2/1
f 231/2/1 214/2/1 230/2/1
f 232/2/1 214/2/1 231/2/1
f 233/3/1 178/3/1 214/3/1
f 233/2/1 214/2/1 232/2/1
f 234/3/1 178/3/1 233/3/1
f 235/5/1 216/5/1 215/5/1
f 236/3/1 217/3/1 216/3/1
f 236/5/1 216/5/1 235/5/1
f 237/4/1 219/4/1 218/4/1
f 237/3/1 217/3/1 236/3/1
f 237/4/1 218/4/1 217/4/1
f 238/2/1 220/2/1 219/2/1
f 238/4/1 219/4/1 237/4/1
f 239/3/1 221/3/1 220/3/1
f 239/2/1 220/2/1 238/2/1
f 240/5/1 222/5/1 221/5/1
f 240/3/1 221/3/1 239/3/1
f 241/2/1 223/2/1 222/2/1
f 241/5/1 222/5/1 240/5/1
f 242/3/1 224/3/1 223/3/1
f 242/2/1 223/2/1 241/2/1
f 243/4/1 225/4/1 224/4/1
f 243/3/1 224/3/1 242/3/1
f 244/3/1 226/3/1 225/3/1
f 244/4/1 225/4/1 243/4/1
f 245/2/1 227/2/1 226/2/1
f 245/3/1 226/3/1 244/3/1
f 246/5/1 228/5/1 227/5/1
f 246/2/1 227/2/1 245/2/1
f 247/3/1 229/3/1 228/3/1
f 247/5/1 228/5/1 246/5/1
f 248/2/1 230/2/1 229/2/1
f 248/3/1 229/3/1 247/3/1
f 249/4/1 231/4/1 230/4/1
f 249/2/1 230/2/1 248/2/1
f 250/3/1 232/3/1 231/3/1
f 250/4/1 231/4/1 249/4/1
f 251/2/1 233/2/1 232/2/1
f 251/3/1 232/3/1 250/3/1
f 252/5/1 234/5/1 233/5/1
f 252/2/1 233/2/1 251/2/1
f 253/5/1 234/5/1 252/5/1
f 254/3/1 236/3/1 235/3/1
f 254/4/1 237/4/1 236/4/1
f 255/2/1 238/2/1 237/2/1
f 255/4/1 237/4/1 254/4/1
f 256/2/1 238/2/1 255/2/1
f 257/4/1 239/4/1 238/4/1
f 257/2/1 238/2/1 256/2/1
f 258/2/1 240/2/1 239/2/1
f 258/4/1 239/4/1 257/4/1
f 259/3/1 242/3/1 241/3/1
f 259/2/1 240/2/1 258/2/1
f 259/3/1 241/3/1 240/3/1
f 260/3/1 242/3/1 259/3/1
f 261/5/1 243/5/1 242/5/1
f 261/3/1 242/3/1 260/3/1
f 262/3/1 246/3/1 245/3/1
f 262/2/1 245/2/1 244/2/1
f 263/2/1 247/2/1 246/2/1
f 263/3/1 246/3/1 262/3/1
f 263/2/1 248/2/1 247/2/1
f 264/2/1 248/2/1 263/2/1
f 265/3/1 249/3/1 248/3/1
f 265/2/1 248/2/1 264/2/1
f 266/2/1 250/2/1 249/2/1
f 266/3/1 249/3/1 265/3/1
f 267/3/1 251/3/1 250/3/1
f 267/2/1 250/2/1 266/2/1
f 268/5/1 252/5/1 251/5/1
f 268/3/1 251/3/1 267/3/1
f 269/3/1 253/3/1 252/3/1
f 269/5/1 252/5/1 268/5/1
f 270/3/1 254/3/1 235/3/1
f 271/2/1 255/2/1 254/2/1
f 271/3/1 254/3/1 270/3/1
f 272/5/1 256/5/1 255/5/1
f 272/2/1 255/2/1 271/2/1
f 273/4/1 257/4/1 256/4/1
f 273/5/1 256/5/1 272/5/1
f 274/5/1 258/5/1 257/5/1
f 274/4/1 257/4/1 273/4/1
f 275/3/1 259/3/1 258/3/1
f 275/5/1 258/5/1 274/5/1
f 276/4/1 260/4/1 259/4/1
f 276/3/1 259/3/1 275/3/1
f 277/2/1 261/2/1 260/2/1
f 277/4/1 260/4/1 276/4/1
f 278/5/1 243/5/1 261/5/1
f 278/2/1 261/2/1 277/2/1
f 279/3/1 244/3/1 243/3/1
f 279/5/1 243/5/1 278/5/1
f 280/2/1 262/2/1 244/2/1
f 280/3/1 244/3/1 279/3/1
f 281/5/1 263/5/1 262/5/1
f 281/2/1 262/2/1 280/2/1
f 282/3/1 264/3/1 263/3/1
f 282/5/1 263/5/1 281/5/1
f 283/2/1 266/2/1 265/2/1
f 283/3/1 264/3/1 282/3/1
f 283/2/1 265/2/1 264/2/1
f 284/2/1 266/2/1 283/2/1
f 285/4/1 267/4/1 266/4/1
f 285/2/1 266/2/1 284/2/1
f 286/2/1 268/2/1 267/2/1
f 286/4/1 267/4/1 285/4/1
f 287/3/1 269/3/1 268/3/1
f 287/2/1 268/2/1 286/2/1
f 288/3/1 253/3/1 269/3/1
f 288/3/1 269/3/1 287/3/1
f 289/3/1 253/3/1 288/3/1
f 290/5/1 271/5/1 270/5/1
f 291/3/1 272/3/1 271/3/1
f 291/5/1 271/5/1 290/5/1
f 292/4/1 273/4/1 272/4/1
f 292/3/1 272/3/1 291/3/1
f 293/2/1 274/2/1 273/2/1
f 293/4/1 273/4/1 292/4/1
f 294/3/1 275/3/1 274/3/1
f 294/2/1 274/2/1 293/2/1
f 295/5/1 276/5/1 275/5/1
f 295/3/1 275/3/1 294/3/1
f 296/2/1 277/2/1 276/2/1
f 296/5/1 276/5/1 295/5/1
f 297/3/1 278/3/1 277/3/1
f 297/2/1 277/2/1 296/2/1
f 298/4/1 279/4/1 278/4/1
f 298/3/1 278/3/1 297/3/1
f 299/2/1 280/2/1 279/2/1
f 299/4/1 279/4/1 298/4/1
f 300/3/1 281/3/1 280/3/1
f 300/2/1 280/2/1 299/2/1
f 301/5/1 282/5/1 281/5/1
f 301/3/1 281/3/1 300/3/1
f 302/2/1 283/2/1 282/2/1
f 302/5/1 282/5/1 301/5/1
f 303/3/1 284/3/1 283/3/1
f 303/2/1 283/2/1 302/2/1
f 304/5/1 285/5/1 284/5/1
f 304/3/1 284/3/1 303/3/1
f 305/4/1 286/4/1 285/4/1
f 305/5/1 285/5/1 304/5/1
f 306/3/1 287/3/1 286/3/1
f 306/4/1 286/4/1 305/4/1
f 307/2/1 288/2/1 287/2/1
f 307/3/1 287/3/1 306/3/1
f 308/5/1 289/5/1 288/5/1
f 308/2/1 288/2/1 307/2/1
f 309/5/1 289/5/1 308/5/1
f 310/3/1 291/3/1 290/3/1
f 311/4/1 292/4/1 291/4/1
f 311/3/1 291/3/1 310/3/1
f 312/2/1 293/2/1 292/2/1
f 312/4/1 292/4/1 311/4/1
f 313/4/1 294/4/1 293/4/1
f 313/2/1 293/2/1 312/2/1
f 314/2/1 295/2/1 294/2/1
f 314/4/1 294/4/1 313/4/1
f 315/3/1 296/3/1 295/3/1
f 315/2/1 295/2/1 314/2/1
f 315/3/1 297/3/1 296/3/1
f 316/3/1 297/3/1 315/3/1
f 317/5/1 298/5/1 297/5/1
f 317/3/1 297/3/1 316/3/1
f 318/3/1 299/3/1 298/3/1
f 318/5/1 298/5/1 317/5/1
f 319/2/1 300/2/1 299/2/1
f 319/3/1 299/3/1 318/3/1
f 319/2/1 301/2/1 300/2/1
f 320/2/1 301/2/1 319/2/1
f 321/5/1 303/5/1 302/5/1
f 321/3/1 302/3/1 301/3/1
f 322/4/1 304/4/1 303/4/1
f 322/5/1 303/5/1 321/5/1
f 323/3/1 305/3/1 304/3/1
f 323/4/1 304/4/1 322/4/1
f 324/2/1 306/2/1 305/2/1
f 324/3/1 305/3/1 323/3/1
f 325/3/1 307/3/1 306/3/1
f 325/2/1 306/2/1 324/2/1
f 326/5/1 308/5/1 307/5/1
f 326/3/1 307/3/1 325/3/1
f 327/3/1 309/3/1 308/3/1
f 327/5/1 308/5/1 326/5/1
f 328/3/1 309/3/1 327/3/1
f 329/3/1 313/3/1 312/3/1
f 329/2/1 311/2/1 310/2/1
f 329/3/1 312/3/1 311/3/1
f 330/3/1 313/3/1 329/3/1
f 331/2/1 314/2/1 313/2/1
f 331/2/1 315/2/1 314/2/1
f 332/5/1 316/5/1 315/5/1
f 332/2/1 315/2/1 331/2/1
f 333/3/1 317/3/1 316/3/1
f 333/5/1 316/5/1 332/5/1
f 333/3/1 318/3/1 317/3/1
f 334/3/1 318/3/1 333/3/1
f 335/2/1 319/2/1 318/2/1
f 335/3/1 318/3/1 334/3/1
f 336/5/1 320/5/1 319/5/1
f 336/2/1 319/2/1 335/2/1
f 337/2/1 301/2/1 320/2/1
f 337/5/1 320/5/1 336/5/1
f 338/3/1 322/3/1 321/3/1
f 338/2/1 301/2/1 337/2/1
f 338/3/1 321/3/1 301/3/1
f 339/5/1 323/5/1 322/5/1
f 339/3/1 322/3/1 338/3/1
f 340/2/1 324/2/1 323/2/1
f 340/5/1 323/5/1 339/5/1
f 341/3/1 327/3/1 326/3/1
f 341/2/1 324/2/1 340/2/1
f 341/3/1 326/3/1 325/3/1
f 341/3/1 325/3/1 324/3/1
f 342/3/1 327/3/1 341/3/1
f 343/2/1 329/2/1 310/2/1
f 343/2/1 330/2/1 329/2/1
f 344/3/1 313/3/1 330/3/1
f 344/2/1 330/2/1 343/2/1
f 345/2/1 331/2/1 313/2/1
f 345/3/1 313/3/1 344/3/1
f 346/3/1 332/3/1 331/3/1
f 346/2/1 331/2/1 345/2/1
f 346/3/1 333/3/1 332/3/1
f 347/5/1 334/5/1 333/5/1
f 347/3/1 333/3/1 346/3/1
f 348/2/1 336/2/1 335/2/1
f 348/5/1 334/5/1 347/5/1
f 348/2/1 335/2/1 334/2/1
f 349/2/1 336/2/1 348/2/1
f 350/3/1 337/3/1 336/3/1
f 350/2/1 336/2/1 349/2/1
f 351/5/1 338/5/1 337/5/1
f 351/3/1 337/3/1 350/3/1
f 352/2/1 339/2/1 338/2/1
f 352/5/1 338/5/1 351/5/1
f 353/2/1 339/2/1 352/2/1
f 354/3/1 340/3/1 339/3/1
f 354/2/1 339/2/1 353/2/1
f 354/3/1 341/3/1 340/3/1
f 355/2/1 342/2/1 341/2/1
f 355/3/1 341/3/1 354/3/1
f 356/2/1 342/2/1 355/2/1
f 357/3/1 327/3/1 342/3/1
f 357/2/1 342/2/1 356/2/1
f 358/2/1 328/2/1 327/2/1
f 358/3/1 327/3/1 357/3/1
f 359/2/1 328/2/1 358/2/1
f 360/3/1 344/3/1 343/3/1
f 361/2/1 345/2/1 344/2/1
f 361/3/1 344/3/1 360/3/1
f 361/2/1 347/2/1 346/2/1
f 361/2/1 346/2/1 345/2/1
f 362/3/1 348/3/1 347/3/1
f 362/2/1 347/2/1 361/2/1
f 363/2/1 349/2/1 348/2/1
f 363/3/1 348/3/1 362/3/1
f 364/3/1 350/3/1 349/3/1
f 364/2/1 349/2/1 363/2/1
f 365/2/1 352/2/1 351/2/1
f 365/3/1 350/3/1 364/3/1
f 365/2/1 351/2/1 350/2/1
f 366/3/1 353/3/1 352/3/1
f 366/2/1 352/2/1 365/2/1
f 367/5/1 354/5/1 353/5/1
f 367/3/1 353/3/1 366/3/1
f 368/3/1 355/3/1 354/3/1
f 368/5/1 354/5/1 367/5/1
f 369/5/1 356/5/1 355/5/1
f 369/3/1 355/3/1 368/3/1
f 370/3/1 357/3/1 356/3/1
f 370/5/1 356/5/1 369/5/1
f 371/2/1 358/2/1 357/2/1
f 371/3/1 357/3/1 370/3/1
f 372/3/1 359/3/1 358/3/1
f 372/2/1 358/2/1 371/2/1
f 373/3/1 359/3/1 372/3/1
f 374/3/2 375/3/2 388/3/2
f 375/2/2 376/2/2 389/2/2
f 388/3/2 375/3/2 389/3/2
f 389/2/2 376/2/2 390/2/2
f 390/2/2 376/2/2 391/2/2
f 376/3/2 377/3/2 392/3/2
f 391/2/2 376/2/2 392/2/2
f 377/2/2 378/2/2 393/2/2
f 392/3/2 377/3/2 393/3/2
f 378/3/2 379/3/2 394/3/2
f 393/2/2 378/2/2 394/2/2
f 379/2/2 380/2/2 395/2/2
f 394/3/2 379/3/2 395/3/2
f 395/2/2 380/2/2 396/2/2
f 380/3/2 381/3/2 397/3/2
f 396/2/2 380/2/2 397/2/2
f 381/5/2 382/5/2 398/5/2
f 397/3/2 381/3/2 398/3/2
f 382/3/2 383/3/2 399/3/2
f 398/5/2 382/5/2 399/5/2
f 383/5/2 384/5/2 400/5/2
f 399/3/2 383/3/2 400/3/2
f 384/3/2 385/3/2 401/3/2
f 400/5/2 384/5/2 401/5/2
f 385/2/2 386/2/2 402/2/2
f 401/3/2 385/3/2 402/3/2
f 402/2/2 386/2/2 403/2/2
f 386/3/2 387/3/2 404/3/2
f 403/2/2 386/2/2 404/2/2
f 404/3/2 387/3/2 405/3/2
f 388/2/2 389/2/2 406/2/2
f 389/3/2 390/3/2 407/3/2
f 406/2/2 389/2/2 407/2/2
f 390/2/2 391/2/2 408/2/2
f 391/3/2 392/3/2 408/3/2
f 408/3/2 392/3/2 409/3/2
f 392/5/2 393/5/2 410/5/2
f 409/3/2 392/3/2 410/3/2
f 393/2/2 394/2/2 411/2/2
f 410/5/2 393/5/2 411/5/2
f 394/2/2 395/2/2 411/2/2
f 411/2/2 395/2/2 412/2/2
f 395/3/2 396/3/2 413/3/2
f 412/2/2 395/2/2 413/2/2
f 396/5/2 397/5/2 414/5/2
f 413/3/2 396/3/2 414/3/2
f 397/2/2 398/2/2 415/2/2
f 414/5/2 397/5/2 415/5/2
f 398/2/2 399/2/2 415/2/2
f 399/3/2 400/3/2 416/3/2
f 415/2/2 399/2/2 416/2/2
f 416/3/2 400/3/2 417/3/2
f 400/2/2 401/2/2 418/2/2
f 417/3/2 400/3/2 418/3/2
f 401/2/2 402/2/2 418/2/2
f 402/3/2 403/3/2 419/3/2
f 418/2/2 402/2/2 419/2/2
f 403/2/2 404/2/2 420/2/2
f 419/3/2 403/3/2 420/3/2
f 404/2/2 405/2/2 420/2/2
f 420/2/2 405/2/2 421/2/2
f 388/2/2 406/2/2 422/2/2
f 406/3/2 407/3/2 423/3/2
f 422/2/2 406/2/2 423/2/2
f 407/3/2 390/3/2 424/3/2
f 423/3/2 407/3/2 424/3/2
f 408/2/2 409/2/2 425/2/2
f 424/3/2 390/3/2 425/3/2
f 390/2/2 408/2/2 425/2/2
f 425/2/2 409/2/2 426/2/2
f 409/5/2 410/5/2 427/5/2
f 426/2/2 409/2/2 427/2/2
f 411/3/2 412/3/2 428/3/2
f 427/5/2 410/5/2 428/5/2
f 410/3/2 411/3/2 428/3/2
f 428/3/2 412/3/2 429/3/2
f 412/2/2 413/2/2 430/2/2
f 429/3/2 412/3/2 430/3/2
f 413/5/2 414/5/2 431/5/2
f 430/2/2 413/2/2 431/2/2
f 414/2/2 415/2/2 432/2/2
f 431/5/2 414/5/2 432/5/2
f 415/3/2 416/3/2 433/3/2
f 416/5/2 417/5/2 434/5/2
f 433/3/2 416/3/2 434/3/2
f 417/2/2 418/2/2 435/2/2
f 434/5/2 417/5/2 435/5/2
f 418/3/2 419/3/2 436/3/2
f 435/2/2 418/2/2 436/2/2
f 419/3/2 420/3/2 436/3/2
f 436/3/2 420/3/2 437/3/2
f 437/3/2 420/3/2 438/3/2
f 420/5/2 421/5/2 439/5/2
f 438/3/2 420/3/2 439/3/2
f 421/2/2 405/2/2 440/2/2
f 439/5/2 421/5/2 440/5/2
f 440/2/2 405/2/2 441/2/2
f 422/3/2 423/3/2 442/3/2
f 423/4/2 424/4/2 443/4/2
f 442/3/2 423/3/2 443/3/2
f 424/2/2 425/2/2 444/2/2
f 443/4/2 424/4/2 444/4/2
f 425/4/2 426/4/2 445/4/2
f 444/2/2 425/2/2 445/2/2
f 426/2/2 427/2/2 446/2/2
f 445/4/2 426/4/2 446/4/2
f 428/3/2 429/3/2 447/3/2
f 446/2/2 427/2/2 447/2/2
f 427/3/2 428/3/2 447/3/2
f 447/3/2 429/3/2 448/3/2
f 429/5/2 430/5/2 449/5/2
f 448/3/2 429/3/2 449/3/2
f 430/3/2 431/3/2 450/3/2
f 449/5/2 430/5/2 450/5/2
f 431/2/2 432/2/2 451/2/2
f 450/3/2 431/3/2 451/3/2
f 432/2/2 415/2/2 452/2/2
f 451/2/2 432/2/2 452/2/2
f 415/3/2 433/3/2 453/3/2
f 452/2/2 415/2/2 453/2/2
f 433/5/2 434/5/2 454/5/2
f 453/3/2 433/3/2 454/3/2
f 434/4/2 435/4/2 455/4/2
f 454/5/2 434/5/2 455/5/2
f 435/3/2 436/3/2 456/3/2
f 455/4/2 435/4/2 456/4/2
f 436/2/2 437/2/2 457/2/2
f 456/3/2 436/3/2 457/3/2
f 437/3/2 438/3/2 458/3/2
f 457/2/2 437/2/2 458/2/2
f 438/5/2 439/5/2 459/5/2
f 458/3/2 438/3/2 459/3/2
f 439/2/2 440/2/2 460/2/2
f 459/5/2 439/5/2 460/5/2
f 440/3/2 441/3/2 461/3/2
f 460/2/2 440/2/2 461/2/2
f 461/3/2 441/3/2 462/3/2
f 442/5/2 443/5/2 463/5/2
f 443/3/2 444/3/2 464/3/2
f 463/5/2 443/5/2 464/5/2
f 444/4/2 445/4/2 465/4/2
f 464/3/2 444/3/2 465/3/2
f 445/2/2 446/2/2 466/2/2
f 465/4/2 445/4/2 466/4/2
f 446/3/2 447/3/2 467/3/2
f 466/2/2 446/2/2 467/2/2
f 447/5/2 448/5/2 468/5/2
f 467/3/2 447/3/2 468/3/2
f 448/2/2 449/2/2 469/2/2
f 468/5/2 448/5/2 469/5/2
f 449/3/2 450/3/2 470/3/2
f 469/2/2 449/2/2 470/2/2
f 450/4/2 451/4/2 471/4/2
f 470/3/2 450/3/2 471/3/2
f 451/2/2 452/2/2 472/2/2
f 471/4/2 451/4/2 472/4/2
f 452/3/2 453/3/2 473/3/2
f 472/2/2 452/2/2 473/2/2
f 453/5/2 454/5/2 474/5/2
f 473/3/2 453/3/2 474/3/2
f 454/2/2 455/2/2 475/2/2
f 474/5/2 454/5/2 475/5/2
f 455/3/2 456/3/2 476/3/2
f 475/2/2 455/2/2 476/2/2
f 456/5/2 457/5/2 477/5/2
f 476/3/2 456/3/2 477/3/2
f 457/4/2 458/4/2 478/4/2
f 477/5/2 457/5/2 478/5/2
f 458/3/2 459/3/2 479/3/2
f 478/4/2 458/4/2 479/4/2
f 459/2/2 460/2/2 480/2/2
f 479/3/2 459/3/2 480/3/2
f 460/4/2 461/4/2 481/4/2
f 480/2/2 460/2/2 481/2/2
f 461/5/2 462/5/2 482/5/2
f 481/4/2 461/4/2 482/4/2
f 482/5/2 462/5/2 483/5/2
f 463/3/2 464/3/2 484/3/2
f 464/2/2 465/2/2 485/2/2
f 484/3/2 464/3/2 485/3/2
f 465/5/2 466/5/2 486/5/2
f 485/2/2 465/2/2 486/2/2
f 466/4/2 467/4/2 487/4/2
f 486/5/2 466/5/2 487/5/2
f 467/5/2 468/5/2 488/5/2
f 487/4/2 467/4/2 488/4/2
f 468/3/2 469/3/2 489/3/2
f 488/5/2 468/5/2 489/5/2
f 469/4/2 470/4/2 490/4/2
f 489/3/2 469/3/2 490/3/2
f 470/2/2 471/2/2 491/2/2
f 490/4/2 470/4/2 491/4/2
f 471/5/2 472/5/2 492/5/2
f 491/2/2 471/2/2 492/2/2
f 472/3/2 473/3/2 493/3/2
f 492/5/2 472/5/2 493/5/2
f 473/2/2 474/2/2 494/2/2
f 493/3/2 473/3/2 494/3/2
f 474/5/2 475/5/2 495/5/2
f 494/2/2 474/2/2 495/2/2
f 475/3/2 476/3/2 496/3/2
f 495/5/2 475/5/2 496/5/2
f 476/2/2 477/2/2 497/2/2
f 496/3/2 476/3/2 497/3/2
f 477/2/2 478/2/2 497/2/2
f 497/2/2 478/2/2 498/2/2
f 478/4/2 479/4/2 499/4/2
f 498/2/2 478/2/2 499/2/2
f 479/2/2 480/2/2 500/2/2
f 499/4/2 479/4/2 500/4/2
f 480/3/2 481/3/2 501/3/2
f 481/5/2 482/5/2 501/5/2
f 482/3/2 483/3/2 502/3/2
f 501/5/2 482/5/2 502/5/2
f 502/3/2 483/3/2 503/3/2
f 485/2/2 486/2/2 504/2/2
f 484/2/2 485/2/2 504/2/2
f 486/3/2 487/3/2 505/3/2
f 504/2/2 486/2/2 505/2/2
f 488/2/2 489/2/2 506/2/2
f 505/3/2 487/3/2 506/3/2
f 487/2/2 488/2/2 506/2/2
f 506/2/2 489/2/2 507/2/2
f 490/3/2 491/3/2 508/3/2
f 507/2/2 489/2/2 508/2/2
f 489/3/2 490/3/2 508/3/2
f 491/2/2 492/2/2 509/2/2
f 508/3/2 491/3/2 509/3/2
f 492/2/2 493/2/2 509/2/2
f 493/5/2 494/5/2 510/5/2
f 509/2/2 493/2/2 510/2/2
f 494/3/2 495/3/2 511/3/2
f 510/5/2 494/5/2 511/5/2
f 495/2/2 496/2/2 512/2/2
f 511/3/2 495/3/2 512/3/2
f 496/2/2 497/2/2 512/2/2
f 512/2/2 497/2/2 513/2/2
f 497/5/2 498/5/2 514/5/2
f 513/2/2 497/2/2 514/2/2
f 499/3/2 500/3/2 515/3/2
f 514/5/2 498/5/2 515/5/2
f 498/3/2 499/3/2 515/3/2
f 500/2/2 480/2/2 516/2/2
f 515/3/2 500/3/2 516/3/2
f 480/3/2 501/3/2 517/3/2
f 516/2/2 480/2/2 517/2/2
f 501/2/2 502/2/2 518/2/2
f 517/3/2 501/3/2 518/3/2
f 502/2/2 503/2/2 518/2/2
f 518/2/2 503/2/2 519/2/2
f 504/3/2 505/3/2 520/3/2
f 520/3/2 505/3/2 521/3/2
f 506/2/2 507/2/2 522/2/2
f 521/3/2 505/3/2 522/3/2
f 505/2/2 506/2/2 522/2/2
f 522/2/2 507/2/2 523/2/2
f 507/3/2 508/3/2 524/3/2
f 523/2/2 507/2/2 524/2/2
f 508/2/2 509/2/2 525/2/2
f 524/3/2 508/3/2 525/3/2
f 525/2/2 509/2/2 526/2/2
f 510/3/2 511/3/2 527/3/2
f 509/3/2 510/3/2 527/3/2
f 511/2/2 512/2/2 528/2/2
f 527/3/2 511/3/2 528/3/2
f 512/3/2 513/3/2 529/3/2
f 528/2/2 512/2/2 529/2/2
f 513/2/2 514/2/2 530/2/2
f 529/3/2 513/3/2 530/3/2
f 514/3/2 515/3/2 531/3/2
f 530/2/2 514/2/2 531/2/2
f 515/2/2 516/2/2 532/2/2
f 531/3/2 515/3/2 532/3/2
f 532/2/2 516/2/2 533/2/2
f 516/3/2 517/3/2 534/3/2
f 533/2/2 516/2/2 534/2/2
f 517/2/2 518/2/2 535/2/2
f 534/3/2 517/3/2 535/3/2
f 518/3/2 519/3/2 536/3/2
f 535/2/2 518/2/2 536/2/2
f 536/3/2 519/3/2 537/3/2
f 537/3/2 519/3/2 538/3/2
f 520/5/2 521/5/2 539/5/2
f 521/4/2 522/4/2 540/4/2
f 539/5/2 521/5/2 540/5/2
f 522/2/2 523/2/2 541/2/2
f 540/4/2 522/4/2 541/4/2
f 523/3/2 524/3/2 542/3/2
f 541/2/2 523/2/2 542/2/2
f 524/2/2 525/2/2 543/2/2
f 542/3/2 524/3/2 543/3/2
f 525/4/2 526/4/2 544/4/2
f 543/2/2 525/2/2 544/2/2
f 526/2/2 509/2/2 545/2/2
f 544/4/2 526/4/2 545/4/2
f 509/3/2 527/3/2 546/3/2
f 545/2/2 509/2/2 546/2/2
f 546/3/2 527/3/2 547/3/2
f 527/5/2 528/5/2 548/5/2
f 547/3/2 527/3/2 548/3/2
f 528/3/2 529/3/2 549/3/2
f 548/5/2 528/5/2 549/5/2
f 529/2/2 530/2/2 550/2/2
f 549/3/2 529/3/2 550/3/2
f 530/3/2 531/3/2 551/3/2
f 550/2/2 530/2/2 551/2/2
f 532/2/2 533/2/2 552/2/2
f 551/3/2 531/3/2 552/3/2
f 531/2/2 532/2/2 552/2/2
f 552/2/2 533/2/2 553/2/2
f 533/3/2 534/3/2 554/3/2
f 553/2/2 533/2/2 554/2/2
f 534/2/2 535/2/2 555/2/2
f 554/3/2 534/3/2 555/3/2
f 535/4/2 536/4/2 556/4/2
f 555/2/2 535/2/2 556/2/2
f 536/3/2 537/3/2 557/3/2
f 556/4/2 536/4/2 557/4/2
f 537/5/2 538/5/2 558/5/2
f 557/3/2 537/3/2 558/3/2
f 558/5/2 538/5/2 559/5/2
f 539/3/2 540/3/2 560/3/2
f 540/2/2 541/2/2 560/2/2
f 541/5/2 542/5/2 561/5/2
f 560/2/2 541/2/2 561/2/2
f 542/3/2 543/3/2 562/3/2
f 561/5/2 542/5/2 562/5/2
f 543/4/2 544/4/2 563/4/2
f 562/3/2 543/3/2 563/3/2
f 544/2/2 545/2/2 564/2/2
f 563/4/2 544/4/2 564/4/2
f 545/3/2 546/3/2 565/3/2
f 564/2/2 545/2/2 565/2/2
f 546/5/2 547/5/2 566/5/2
f 565/3/2 546/3/2 566/3/2
f 547/2/2 548/2/2 567/2/2
f 566/5/2 547/5/2 567/5/2
f 548/3/2 549/3/2 568/3/2
f 567/2/2 548/2/2 568/2/2
f 549/4/2 550/4/2 569/4/2
f 568/3/2 549/3/2 569/3/2
f 550/3/2 551/3/2 570/3/2
f 569/4/2 550/4/2 570/4/2
f 551/2/2 552/2/2 571/2/2
f 570/3/2 551/3/2 571/3/2
f 552/5/2 553/5/2 572/5/2
f 571/2/2 552/2/2 572/2/2
f 553/3/2 554/3/2 573/3/2
f 572/5/2 553/5/2 573/5/2
f 554/2/2 555/2/2 574/2/2
f 573/3/2 554/3/2 574/3/2
f 555/4/2 556/4/2 575/4/2
f 574/2/2 555/2/2 575/2/2
f 556/5/2 557/5/2 576/5/2
f 575/4/2 556/4/2 576/4/2
f 557/5/2 558/5/2 576/5/2
f 576/5/2 558/5/2 577/5/2
f 558/3/2 559/3/2 578/3/2
f 577/5/2 558/5/2 578/5/2
f 560/5/2 561/5/2 579/5/2
f 539/3/2 560/3/2 579/3/2
f 561/3/2 562/3/2 580/3/2
f 579/5/2 561/5/2 580/5/2
f 562/2/2 563/2/2 581/2/2
f 580/3/2 562/3/2 581/3/2
f 563/5/2 564/5/2 582/5/2
f 581/2/2 563/2/2 582/2/2
f 564/4/2 565/4/2 583/4/2
f 582/5/2 564/5/2 583/5/2
f 565/5/2 566/5/2 584/5/2
f 583/4/2 565/4/2 584/4/2
f 566/3/2 567/3/2 585/3/2
f 584/5/2 566/5/2 585/5/2
f 567/4/2 568/4/2 586/4/2
f 585/3/2 567/3/2 586/3/2
f 568/2/2 569/2/2 587/2/2
f 586/4/2 568/4/2 587/4/2
f 569/3/2 570/3/2 588/3/2
f 587/2/2 569/2/2 588/2/2
f 570/5/2 571/5/2 589/5/2
f 588/3/2 570/3/2 589/3/2
f 571/5/2 572/5/2 589/5/2
f 589/5/2 572/5/2 590/5/2
f 572/3/2 573/3/2 591/3/2
f 590/5/2 572/5/2 591/5/2
f 573/2/2 574/2/2 592/2/2
f 591/3/2 573/3/2 592/3/2
f 574/3/2 575/3/2 593/3/2
f 592/2/2 574/2/2 593/2/2
f 575/2/2 576/2/2 594/2/2
f 593/3/2 575/3/2 594/3/2
f 576/5/2 577/5/2 595/5/2
f 594/2/2 576/2/2 595/2/2
f 577/2/2 578/2/2 596/2/2
f 595/5/2 577/5/2 596/5/2
f 578/3/2 559/3/2 597/3/2
f 596/2/2 578/2/2 597/2/2
f 539/3/2 579/3/2 598/3/2
f 579/3/2 580/3/2 598/3/2
f 598/3/2 580/3/2 599/3/2
f 581/2/2 582/2/2 600/2/2
f 599/3/2 580/3/2 600/3/2
f 582/2/2 583/2/2 600/2/2
f 580/2/2 581/2/2 600/2/2
f 600/2/2 583/2/2 601/2/2
f 601/2/2 583/2/2 602/2/2
f 583/3/2 584/3/2 603/3/2
f 602/2/2 583/2/2 603/2/2
f 584/2/2 585/2/2 604/2/2
f 603/3/2 584/3/2 604/3/2
f 585/3/2 586/3/2 605/3/2
f 604/2/2 585/2/2 605/2/2
f 587/5/2 588/5/2 606/5/2
f 605/3/2 586/3/2 606/3/2
f 588/5/2 589/5/2 606/5/2
f 586/5/2 587/5/2 606/5/2
f 606/5/2 589/5/2 607/5/2
f 607/5/2 589/5/2 608/5/2
f 589/2/2 590/2/2 609/2/2
f 608/5/2 589/5/2 609/5/2
f 590/4/2 591/4/2 610/4/2
f 609/2/2 590/2/2 610/2/2
f 591/3/2 592/3/2 611/3/2
f 610/4/2 591/4/2 611/4/2
f 592/5/2 593/5/2 612/5/2
f 611/3/2 592/3/2 612/3/2
f 593/4/2 594/4/2 613/4/2
f 612/5/2 593/5/2 613/5/2
f 594/5/2 595/5/2 614/5/2
f 613/4/2 594/4/2 614/4/2
f 595/2/2 596/2/2 615/2/2
f 614/5/2 595/5/2 615/5/2
f 596/3/2 597/3/2 616/3/2
f 615/2/2 596/2/2 616/2/2
f 597/3/2 559/3/2 617/3/2
f 616/3/2 597/3/2 617/3/2
f 617/3/2 559/3/2 618/3/2
f 598/5/2 599/5/2 619/5/2
f 599/4/2 600/4/2 620/4/2
f 619/5/2 599/5/2 620/5/2
f 600/2/2 601/2/2 621/2/2
f 620/4/2 600/4/2 621/4/2
f 601/3/2 602/3/2 622/3/2
f 621/2/2 601/2/2 622/2/2
f 602/4/2 603/4/2 623/4/2
f 622/3/2 602/3/2 623/3/2
f 603/2/2 604/2/2 624/2/2
f 623/4/2 603/4/2 624/4/2
f 604/3/2 605/3/2 625/3/2
f 624/2/2 604/2/2 625/2/2
f 605/5/2 606/5/2 626/5/2
f 625/3/2 605/3/2 626/3/2
f 606/2/2 607/2/2 627/2/2
f 626/5/2 606/5/2 627/5/2
f 607/3/2 608/3/2 628/3/2
f 627/2/2 607/2/2 628/2/2
f 608/4/2 609/4/2 629/4/2
f 628/3/2 608/3/2 629/3/2
f 609/3/2 610/3/2 630/3/2
f 629/4/2 609/4/2 630/4/2
f 610/2/2 611/2/2 631/2/2
f 630/3/2 610/3/2 631/3/2
f 611/5/2 612/5/2 632/5/2
f 631/2/2 611/2/2 632/2/2
f 612/3/2 613/3/2 633/3/2
f 632/5/2 612/5/2 633/5/2
f 613/2/2 614/2/2 634/2/2
f 633/3/2 613/3/2 634/3/2
f 615/4/2 616/4/2 635/4/2
f 634/2/2 614/2/2 635/2/2
f 614/4/2 615/4/2 635/4/2
f 616/3/2 617/3/2 636/3/2
f 635/4/2 616/4/2 636/4/2
f 617/5/2 618/5/2 637/5/2
f 636/3/2 617/3/2 637/3/2
f 637/5/2 618/5/2 638/5/2
f 620/2/2 621/2/2 639/2/2
f 619/3/2 620/3/2 639/3/2
f 621/5/2 622/5/2 640/5/2
f 639/2/2 621/2/2 640/2/2
f 622/3/2 623/3/2 641/3/2
f 640/5/2 622/5/2 641/5/2
f 623/2/2 624/2/2 642/2/2
f 641/3/2 623/3/2 642/3/2
f 624/3/2 625/3/2 643/3/2
f 642/2/2 624/2/2 643/2/2
f 626/2/2 627/2/2 644/2/2
f 643/3/2 625/3/2 644/3/2
f 625/2/2 626/2/2 644/2/2
f 644/2/2 627/2/2 645/2/2
f 627/3/2 628/3/2 646/3/2
f 645/2/2 627/2/2 646/2/2
f 628/2/2 629/2/2 647/2/2
f 646/3/2 628/3/2 647/3/2
f 632/3/2 633/3/2 648/3/2
f 630/5/2 631/5/2 648/5/2
f 631/3/2 632/3/2 648/3/2
f 648/3/2 633/3/2 649/3/2
f 633/2/2 634/2/2 650/2/2
f 649/3/2 633/3/2 650/3/2
f 634/4/2 635/4/2 651/4/2
f 650/2/2 634/2/2 651/2/2
f 635/2/2 636/2/2 652/2/2
f 651/4/2 635/4/2 652/4/2
f 652/2/2 636/2/2 653/2/2
f 636/4/2 637/4/2 654/4/2
f 653/2/2 636/2/2 654/2/2
f 637/3/2 638/3/2 655/3/2
f 654/4/2 637/4/2 655/4/2
f 619/3/2 639/3/2 656/3/2
f 639/5/2 640/5/2 657/5/2
f 656/3/2 639/3/2 657/3/2
f 640/3/2 641/3/2 658/3/2
f 657/5/2 640/5/2 658/5/2
f 641/2/2 642/2/2 659/2/2
f 658/3/2 641/3/2 659/3/2
f 642/4/2 643/4/2 660/4/2
f 659/2/2 642/2/2 660/2/2
f 643/2/2 644/2/2 661/2/2
f 660/4/2 643/4/2 661/4/2
f 644/2/2 645/2/2 661/2/2
f 661/2/2 645/2/2 662/2/2
f 645/3/2 646/3/2 663/3/2
f 662/2/2 645/2/2 663/2/2
f 646/5/2 647/5/2 664/5/2
f 663/3/2 646/3/2 664/3/2
f 647/2/2 629/2/2 665/2/2
f 664/5/2 647/5/2 665/5/2
f 629/3/2 630/3/2 666/3/2
f 665/2/2 629/2/2 666/2/2
f 630/5/2 648/5/2 667/5/2
f 666/3/2 630/3/2 667/3/2
f 648/2/2 649/2/2 668/2/2
f 667/5/2 648/5/2 668/5/2
f 649/4/2 650/4/2 669/4/2
f 668/2/2 649/2/2 669/2/2
f 650/3/2 651/3/2 670/3/2
f 669/4/2 650/4/2 670/4/2
f 651/5/2 652/5/2 671/5/2
f 670/3/2 651/3/2 671/3/2
f 652/4/2 653/4/2 672/4/2
f 671/5/2 652/5/2 672/5/2
f 653/5/2 654/5/2 673/5/2
f 672/4/2 653/4/2 673/4/2
f 654/2/2 655/2/2 674/2/2
f 673/5/2 654/5/2 674/5/2
f 655/3/2 638/3/2 675/3/2
f 674/2/2 655/2/2 675/2/2
f 675/3/2 638/3/2 676/3/2
f 656/5/2 657/5/2 677/5/2
f 657/4/2 658/4/2 678/4/2
f 677/5/2 657/5/2 678/5/2
f 658/2/2 659/2/2 679/2/2
f 678/4/2 658/4/2 679/4/2
f 659/3/2 660/3/2 680/3/2
f 679/2/2 659/2/2 680/2/2
f 660/4/2 661/4/2 681/4/2
f 680/3/2 660/3/2 681/3/2
f 661/5/2 662/5/2 682/5/2
f 681/4/2 661/4/2 682/4/2
f 662/3/2 663/3/2 683/3/2
f 682/5/2 662/5/2 683/5/2
f 663/2/2 664/2/2 684/2/2
f 683/3/2 663/3/2 684/3/2
f 664/5/2 665/5/2 685/5/2
f 684/2/2 664/2/2 685/2/2
f 665/3/2 666/3/2 686/3/2
f 685/5/2 665/5/2 686/5/2
f 666/2/2 667/2/2 687/2/2
f 686/3/2 666/3/2 687/3/2
f 667/4/2 668/4/2 688/4/2
f 687/2/2 667/2/2 688/2/2
f 668/3/2 669/3/2 689/3/2
f 688/4/2 668/4/2 689/4/2
f 669/2/2 670/2/2 690/2/2
f 689/3/2 669/3/2 690/3/2
f 670/5/2 671/5/2 691/5/2
f 690/2/2 670/2/2 691/2/2
f 671/3/2 672/3/2 692/3/2
f 691/5/2 671/5/2 692/5/2
f 672/2/2 673/2/2 693/2/2
f 692/3/2 672/3/2 693/3/2
f 673/4/2 674/4/2 694/4/2
f 693/2/2 673/2/2 694/2/2
f 674/3/2 675/3/2 695/3/2
f 694/4/2 674/4/2 695/4/2
f 675/5/2 676/5/2 696/5/2
f 695/3/2 675/3/2 696/3/2
f 696/5/2 676/5/2 697/5/2
f 677/3/2 678/3/2 698/3/2
f 678/2/2 679/2/2 699/2/2
f 698/3/2 678/3/2 699/3/2
f 679/5/2 680/5/2 700/5/2
f 699/2/2 679/2/2 700/2/2
f 680/3/2 681/3/2 701/3/2
f 700/5/2 680/5/2 701/5/2
f 681/2/2 682/2/2 702/2/2
f 701/3/2 681/3/2 702/3/2
f 682/3/2 683/3/2 703/3/2
f 702/2/2 682/2/2 703/2/2
f 683/4/2 684/4/2 704/4/2
f 703/3/2 683/3/2 704/3/2
f 684/5/2 685/5/2 705/5/2
f 704/4/2 684/4/2 705/4/2
f 685/3/2 686/3/2 706/3/2
f 705/5/2 685/5/2 706/5/2
f 687/2/2 688/2/2 707/2/2
f 686/2/2 687/2/2 707/2/2
f 688/3/2 689/3/2 708/3/2
f 707/2/2 688/2/2 708/2/2
f 689/5/2 690/5/2 709/5/2
f 708/3/2 689/3/2 709/3/2
f 690/3/2 691/3/2 710/3/2
f 709/5/2 690/5/2 710/5/2
f 691/3/2 692/3/2 710/3/2
f 710/3/2 692/3/2 711/3/2
f 692/2/2 693/2/2 712/2/2
f 711/3/2 692/3/2 712/3/2
f 693/4/2 694/4/2 713/4/2
f 712/2/2 693/2/2 713/2/2
f 694/2/2 695/2/2 714/2/2
f 713/4/2 694/4/2 714/4/2
f 695/4/2 696/4/2 715/4/2
f 714/2/2 695/2/2 715/2/2
f 696/3/2 697/3/2 716/3/2
f 715/4/2 696/4/2 716/4/2
f 716/3/2 697/3/2 717/3/2
f 699/5/2 700/5/2 718/5/2
f 698/2/2 699/2/2 718/2/2
f 701/3/2 702/3/2 719/3/2
f 718/5/2 700/5/2 719/5/2
f 700/3/2 701/3/2 719/3/2
f 702/3/2 703/3/2 719/3/2
f 719/3/2 703/3/2 720/3/2
f 703/2/2 704/2/2 721/2/2
f 720/3/2 703/3/2 721/3/2
f 704/5/2 705/5/2 722/5/2
f 721/2/2 704/2/2 722/2/2
f 705/3/2 706/3/2 723/3/2
f 722/5/2 705/5/2 723/5/2
f 706/3/2 686/3/2 724/3/2
f 723/3/2 706/3/2 724/3/2
f 686/2/2 707/2/2 724/2/2
f 707/5/2 708/5/2 725/5/2
f 724/2/2 707/2/2 725/2/2
f 708/2/2 709/2/2 726/2/2
f 725/5/2 708/5/2 726/5/2
f 710/3/2 711/3/2 727/3/2
f 726/2/2 709/2/2 727/2/2
f 709/3/2 710/3/2 727/3/2
f 727/3/2 711/3/2 728/3/2
f 711/5/2 712/5/2 729/5/2
f 728/3/2 711/3/2 729/3/2
f 713/2/2 714/2/2 730/2/2
f 729/5/2 712/5/2 730/5/2
f 712/2/2 713/2/2 730/2/2
f 730/2/2 714/2/2 731/2/2
f 715/3/2 716/3/2 732/3/2
f 714/3/2 715/3/2 732/3/2
f 716/2/2 717/2/2 733/2/2
f 732/3/2 716/3/2 733/3/2
f 698/2/2 718/2/2 734/2/2
f 718/2/2 719/2/2 734/2/2
f 734/2/2 719/2/2 735/2/2
f 719/3/2 720/3/2 736/3/2
f 735/2/2 719/2/2 736/2/2
f 720/2/2 721/2/2 737/2/2
f 736/3/2 720/3/2 737/3/2
f 737/2/2 721/2/2 738/2/2
f 722/3/2 723/3/2 739/3/2
f 738/2/2 721/2/2 739/2/2
f 721/3/2 722/3/2 739/3/2
f 723/2/2 724/2/2 740/2/2
f 739/3/2 723/3/2 740/3/2
f 740/2/2 724/2/2 741/2/2
f 724/5/2 725/5/2 742/5/2
f 741/2/2 724/2/2 742/2/2
f 725/3/2 726/3/2 743/3/2
f 742/5/2 725/5/2 743/5/2
f 727/2/2 728/2/2 744/2/2
f 743/3/2 726/3/2 744/3/2
f 726/2/2 727/2/2 744/2/2
f 744/2/2 728/2/2 745/2/2
f 728/5/2 729/5/2 746/5/2
f 745/2/2 728/2/2 746/2/2
f 730/3/2 731/3/2 747/3/2
f 746/5/2 729/5/2 747/5/2
f 729/3/2 730/3/2 747/3/2
f 731/2/2 714/2/2 748/2/2
f 747/3/2 731/3/2 748/3/2
f 714/3/2 732/3/2 749/3/2
f 748/2/2 714/2/2 749/2/2
f 732/2/2 733/2/2 750/2/2
f 749/3/2 732/3/2 750/3/2
f 733/2/2 717/2/2 751/2/2
f 750/2/2 733/2/2 751/2/2
f 734/3/2 735/3/2 752/3/2
f 735/2/2 736/2/2 753/2/2
f 752/3/2 735/3/2 753/3/2
f 736/2/2 737/2/2 753/2/2
f 737/3/2 738/3/2 754/3/2
f 753/2/2 737/2/2 754/2/2
f 738/5/2 739/5/2 755/5/2
f 754/3/2 738/3/2 755/3/2
f 739/3/2 740/3/2 756/3/2
f 755/5/2 739/5/2 756/5/2
f 740/5/2 741/5/2 757/5/2
f 756/3/2 740/3/2 757/3/2
f 741/3/2 742/3/2 758/3/2
f 757/5/2 741/5/2 758/5/2
f 742/2/2 743/2/2 759/2/2
f 758/3/2 742/3/2 759/3/2
f 743/2/2 744/2/2 759/2/2
f 744/3/2 745/3/2 760/3/2
f 759/2/2 744/2/2 760/2/2
f 745/2/2 746/2/2 761/2/2
f 760/3/2 745/3/2 761/3/2
f 746/3/2 747/3/2 762/3/2
f 761/2/2 746/2/2 762/2/2
f 749/2/2 750/2/2 763/2/2
f 762/3/2 747/3/2 763/3/2
f 748/2/2 749/2/2 763/2/2
f 747/2/2 748/2/2 763/2/2
f 750/3/2 751/3/2 764/3/2
f 763/2/2 750/2/2 764/2/2
f 764/3/2 751/3/2 765/3/2
f 782/3/3 767/3/3 766/3/3
f 783/2/3 768/2/3 767/2/3
f 783/3/3 767/3/3 782/3/3
f 784/2/3 768/2/3 783/2/3
f 785/3/3 769/3/3 768/3/3
f 785/2/3 768/2/3 784/2/3
f 786/5/3 770/5/3 769/5/3
f 786/3/3 769/3/3 785/3/3
f 787/3/3 771/3/3 770/3/3
f 787/5/3 770/5/3 786/5/3
f 788/2/3 772/2/3 771/2/3
f 788/3/3 771/3/3 787/3/3
f 789/3/3 773/3/3 772/3/3
f 789/5/3 774/5/3 773/5/3
f 790/3/3 775/3/3 774/3/3
f 790/5/3 774/5/3 789/5/3
f 791/3/3 775/3/3 790/3/3
f 792/3/3 775/3/3 791/3/3
f 793/5/3 776/5/3 775/5/3
f 793/3/3 775/3/3 792/3/3
f 794/3/3 777/3/3 776/3/3
f 794/5/3 776/5/3 793/5/3
f 795/3/3 777/3/3 794/3/3
f 796/5/3 778/5/3 777/5/3
f 796/3/3 777/3/3 795/3/3
f 797/3/3 779/3/3 778/3/3
f 797/5/3 778/5/3 796/5/3
f 798/2/3 780/2/3 779/2/3
f 798/3/3 779/3/3 797/3/3
f 799/2/3 780/2/3 798/2/3
f 800/2/3 784/2/3 783/2/3
f 800/2/3 783/2/3 782/2/3
f 801/5/3 785/5/3 784/5/3
f 801/2/3 784/2/3 800/2/3
f 802/2/3 786/2/3 785/2/3
f 802/5/3 785/5/3 801/5/3
f 803/4/3 787/4/3 786/4/3
f 803/2/3 786/2/3 802/2/3
f 804/5/3 788/5/3 787/5/3
f 804/4/3 787/4/3 803/4/3
f 805/2/3 772/2/3 788/2/3
f 805/5/3 788/5/3 804/5/3
f 806/3/3 789/3/3 772/3/3
f 806/2/3 772/2/3 805/2/3
f 806/3/3 790/3/3 789/3/3
f 807/3/3 790/3/3 806/3/3
f 808/5/3 791/5/3 790/5/3
f 808/3/3 790/3/3 807/3/3
f 809/2/3 792/2/3 791/2/3
f 809/5/3 791/5/3 808/5/3
f 810/3/3 793/3/3 792/3/3
f 810/2/3 792/2/3 809/2/3
f 810/3/3 794/3/3 793/3/3
f 811/3/3 794/3/3 810/3/3
f 812/4/3 795/4/3 794/4/3
f 812/3/3 794/3/3 811/3/3
f 813/2/3 796/2/3 795/2/3
f 813/4/3 795/4/3 812/4/3
f 814/3/3 797/3/3 796/3/3
f 814/2/3 796/2/3 813/2/3
f 815/4/3 798/4/3 797/4/3
f 815/3/3 797/3/3 814/3/3
f 816/3/3 799/3/3 798/3/3
f 816/4/3 798/4/3 815/4/3
f 817/2/3 780/2/3 799/2/3
f 817/3/3 799/3/3 816/3/3
f 818/3/3 781/3/3 780/3/3
f 818/2/3 780/2/3 817/2/3
f 819/3/3 781/3/3 818/3/3
f 820/2/3 800/2/3 782/2/3
f 821/3/3 801/3/3 800/3/3
f 821/2/3 800/2/3 820/2/3
f 821/3/3 802/3/3 801/3/3
f 822/3/3 802/3/3 821/3/3
f 823/5/3 803/5/3 802/5/3
f 823/3/3 802/3/3 822/3/3
f 824/2/3 804/2/3 803/2/3
f 824/5/3 803/5/3 823/5/3
f 825/3/3 805/3/3 804/3/3
f 825/2/3 804/2/3 824/2/3
f 825/3/3 806/3/3 805/3/3
f 826/2/3 807/2/3 806/2/3
f 826/3/3 806/3/3 825/3/3
f 827/4/3 808/4/3 807/4/3
f 827/2/3 807/2/3 826/2/3
f 828/5/3 809/5/3 808/5/3
f 828/4/3 808/4/3 827/4/3
f 828/5/3 810/5/3 809/5/3
f 829/5/3 810/5/3 828/5/3
f 830/2/3 811/2/3 810/2/3
f 830/5/3 810/5/3 829/5/3
f 831/4/3 812/4/3 811/4/3
f 831/2/3 811/2/3 830/2/3
f 832/2/3 813/2/3 812/2/3
f 832/5/3 814/5/3 813/5/3
f 833/4/3 815/4/3 814/4/3
f 833/5/3 814/5/3 832/5/3
f 834/2/3 816/2/3 815/2/3
f 834/4/3 815/4/3 833/4/3
f 835/3/3 817/3/3 816/3/3
f 835/2/3 816/2/3 834/2/3
f 835/3/3 818/3/3 817/3/3
f 836/2/3 819/2/3 818/2/3
f 836/3/3 818/3/3 835/3/3
f 837/3/3 821/3/3 820/3/3
f 838/2/3 822/2/3 821/2/3
f 838/3/3 821/3/3 837/3/3
f 839/3/3 823/3/3 822/3/3
f 839/3/3 824/3/3 823/3/3
f 839/3/3 825/3/3 824/3/3
f 840/3/3 825/3/3 839/3/3
f 841/2/3 826/2/3 825/2/3
f 841/3/3 825/3/3 840/3/3
f 842/2/3 826/2/3 841/2/3
f 843/3/3 827/3/3 826/3/3
f 843/2/3 826/2/3 842/2/3
f 844/2/3 828/2/3 827/2/3
f 844/3/3 827/3/3 843/3/3
f 845/4/3 829/4/3 828/4/3
f 845/2/3 828/2/3 844/2/3
f 846/2/3 830/2/3 829/2/3
f 846/4/3 829/4/3 845/4/3
f 847/5/3 831/5/3 830/5/3
f 847/2/3 830/2/3 846/2/3
f 848/4/3 812/4/3 831/4/3
f 848/5/3 831/5/3 847/5/3
f 849/2/3 832/2/3 812/2/3
f 849/4/3 812/4/3 848/4/3
f 850/4/3 833/4/3 832/4/3
f 850/2/3 832/2/3 849/2/3
f 851/2/3 834/2/3 833/2/3
f 851/4/3 833/4/3 850/4/3
f 852/4/3 835/4/3 834/4/3
f 852/2/3 834/2/3 851/2/3
f 853/2/3 836/2/3 835/2/3
f 853/4/3 835/4/3 852/4/3
f 854/2/3 836/2/3 853/2/3
f 855/2/3 819/2/3 836/2/3
f 855/2/3 836/2/3 854/2/3
f 856/5/3 838/5/3 837/5/3
f 857/2/3 822/2/3 838/2/3
f 857/5/3 838/5/3 856/5/3
f 858/3/3 839/3/3 822/3/3
f 858/2/3 822/2/3 857/2/3
f 859/2/3 840/2/3 839/2/3
f 859/3/3 839/3/3 858/3/3
f 860/4/3 842/4/3 841/4/3
f 860/2/3 840/2/3 859/2/3
f 860/4/3 841/4/3 840/4/3
f 861/4/3 842/4/3 860/4/3
f 862/3/3 843/3/3 842/3/3
f 862/4/3 842/4/3 861/4/3
f 863/2/3 844/2/3 843/2/3
f 863/3/3 845/3/3 844/3/3
f 864/2/3 846/2/3 845/2/3
f 864/3/3 845/3/3 863/3/3
f 865/3/3 847/3/3 846/3/3
f 865/2/3 846/2/3 864/2/3
f 866/4/3 848/4/3 847/4/3
f 866/3/3 847/3/3 865/3/3
f 867/2/3 849/2/3 848/2/3
f 867/4/3 848/4/3 866/4/3
f 868/4/3 850/4/3 849/4/3
f 868/2/3 849/2/3 867/2/3
f 869/5/3 851/5/3 850/5/3
f 869/4/3 850/4/3 868/4/3
f 870/3/3 852/3/3 851/3/3
f 870/5/3 851/5/3 869/5/3
f 871/2/3 854/2/3 853/2/3
f 871/3/3 852/3/3 870/3/3
f 871/2/3 853/2/3 852/2/3
f 872/2/3 854/2/3 871/2/3
f 873/3/3 855/3/3 854/3/3
f 873/2/3 854/2/3 872/2/3
f 874/3/3 858/3/3 857/3/3
f 874/2/3 859/2/3 858/2/3
f 874/3/3 857/3/3 856/3/3
f 875/3/3 860/3/3 859/3/3
f 875/2/3 859/2/3 874/2/3
f 876/5/3 861/5/3 860/5/3
f 876/3/3 860/3/3 875/3/3
f 877/2/3 862/2/3 861/2/3
f 877/5/3 861/5/3 876/5/3
f 878/3/3 843/3/3 862/3/3
f 878/2/3 862/2/3 877/2/3
f 879/2/3 864/2/3 863/2/3
f 879/3/3 843/3/3 878/3/3
f 879/2/3 863/2/3 843/2/3
f 880/2/3 864/2/3 879/2/3
f 881/3/3 865/3/3 864/3/3
f 881/2/3 864/2/3 880/2/3
f 882/2/3 866/2/3 865/2/3
f 882/3/3 865/3/3 881/3/3
f 883/5/3 867/5/3 866/5/3
f 883/2/3 866/2/3 882/2/3
f 884/3/3 868/3/3 867/3/3
f 884/5/3 867/5/3 883/5/3
f 885/2/3 869/2/3 868/2/3
f 885/3/3 868/3/3 884/3/3
f 886/3/3 870/3/3 869/3/3
f 886/2/3 869/2/3 885/2/3
f 887/5/3 871/5/3 870/5/3
f 887/3/3 870/3/3 886/3/3
f 888/3/3 872/3/3 871/3/3
f 888/5/3 871/5/3 887/5/3
f 889/5/3 873/5/3 872/5/3
f 889/3/3 872/3/3 888/3/3
f 890/3/3 855/3/3 873/3/3
f 890/5/3 873/5/3 889/5/3
f 891/2/3 819/2/3 855/2/3
f 891/3/3 855/3/3 890/3/3
f 892/2/3 819/2/3 891/2/3
f 893/3/3 874/3/3 856/3/3
f 894/3/3 874/3/3 893/3/3
f 895/5/3 875/5/3 874/5/3
f 895/3/3 874/3/3 894/3/3
f 896/4/3 876/4/3 875/4/3
f 896/5/3 875/5/3 895/5/3
f 897/3/3 877/3/3 876/3/3
f 897/4/3 876/4/3 896/4/3
f 898/2/3 878/2/3 877/2/3
f 898/3/3 877/3/3 897/3/3
f 899/5/3 879/5/3 878/5/3
f 899/2/3 878/2/3 898/2/3
f 900/3/3 880/3/3 879/3/3
f 900/5/3 879/5/3 899/5/3
f 901/2/3 881/2/3 880/2/3
f 901/3/3 880/3/3 900/3/3
f 902/5/3 882/5/3 881/5/3
f 902/2/3 881/2/3 901/2/3
f 903/3/3 883/3/3 882/3/3
f 903/5/3 882/5/3 902/5/3
f 903/3/3 884/3/3 883/3/3
f 904/3/3 884/3/3 903/3/3
f 905/5/3 885/5/3 884/5/3
f 905/3/3 884/3/3 904/3/3
f 906/3/3 886/3/3 885/3/3
f 906/5/3 885/5/3 905/5/3
f 907/4/3 887/4/3 886/4/3
f 907/3/3 886/3/3 906/3/3
f 908/2/3 888/2/3 887/2/3
f 908/4/3 887/4/3 907/4/3
f 909/3/3 890/3/3 889/3/3
f 909/2/3 888/2/3 908/2/3
f 909/3/3 889/3/3 888/3/3
f 910/3/3 890/3/3 909/3/3
f 911/5/3 891/5/3 890/5/3
f 911/3/3 890/3/3 910/3/3
f 912/3/3 892/3/3 891/3/3
f 912/5/3 891/5/3 911/5/3
f 913/3/3 892/3/3 912/3/3
f 914/5/3 894/5/3 893/5/3
f 915/2/3 895/2/3 894/2/3
f 915/5/3 894/5/3 914/5/3
f 916/3/3 896/3/3 895/3/3
f 916/5/3 897/5/3 896/5/3
f 917/2/3 898/2/3 897/2/3
f 917/5/3 897/5/3 916/5/3
f 918/3/3 899/3/3 898/3/3
f 918/2/3 898/2/3 917/2/3
f 919/2/3 901/2/3 900/2/3
f 919/3/3 899/3/3 918/3/3
f 919/2/3 900/2/3 899/2/3
f 920/2/3 901/2/3 919/2/3
f 921/3/3 902/3/3 901/3/3
f 921/2/3 901/2/3 920/2/3
f 922/2/3 903/2/3 902/2/3
f 922/3/3 902/3/3 921/3/3
f 923/5/3 904/5/3 903/5/3
f 923/2/3 903/2/3 922/2/3
f 924/4/3 905/4/3 904/4/3
f 924/5/3 904/5/3 923/5/3
f 925/2/3 906/2/3 905/2/3
f 925/4/3 905/4/3 924/4/3
f 926/3/3 907/3/3 906/3/3
f 926/2/3 906/2/3 925/2/3
f 927/2/3 908/2/3 907/2/3
f 927/3/3 907/3/3 926/3/3
f 928/3/3 909/3/3 908/3/3
f 928/2/3 908/2/3 927/2/3
f 929/5/3 910/5/3 909/5/3
f 929/3/3 909/3/3 928/3/3
f 930/3/3 911/3/3 910/3/3
f 930/5/3 910/5/3 929/5/3
f 931/2/3 913/2/3 912/2/3
f 931/3/3 911/3/3 930/3/3
f 931/2/3 912/2/3 911/2/3
f 932/2/3 913/2/3 931/2/3
f 933/2/3 913/2/3 932/2/3
f 934/3/3 915/3/3 914/3/3
f 935/2/3 895/2/3 915/2/3
f 935/3/3 915/3/3 934/3/3
f 936/3/3 917/3/3 916/3/3
f 936/2/3 895/2/3 935/2/3
f 936/3/3 916/3/3 895/3/3
f 937/5/3 918/5/3 917/5/3
f 937/3/3 917/3/3 936/3/3
f 937/5/3 919/5/3 918/5/3
f 938/5/3 919/5/3 937/5/3
f 939/2/3 920/2/3 919/2/3
f 939/5/3 919/5/3 938/5/3
f 940/3/3 921/3/3 920/3/3
f 940/2/3 920/2/3 939/2/3
f 941/2/3 922/2/3 921/2/3
f 941/3/3 921/3/3 940/3/3
f 942/3/3 923/3/3 922/3/3
f 942/2/3 922/2/3 941/2/3
f 943/5/3 924/5/3 923/5/3
f 943/3/3 923/3/3 942/3/3
f 944/2/3 925/2/3 924/2/3
f 944/5/3 924/5/3 943/5/3
f 945/3/3 926/3/3 925/3/3
f 945/2/3 925/2/3 944/2/3
f 946/5/3 928/5/3 927/5/3
f 946/3/3 926/3/3 945/3/3
f 946/5/3 927/5/3 926/5/3
f 947/4/3 929/4/3 928/4/3
f 947/5/3 928/5/3 946/5/3
f 948/3/3 930/3/3 929/3/3
f 948/4/3 929/4/3 947/4/3
f 949/2/3 932/2/3 931/2/3
f 949/3/3 930/3/3 948/3/3
f 949/2/3 931/2/3 930/2/3
f 950/2/3 932/2/3 949/2/3
f 951/3/3 933/3/3 932/3/3
f 951/2/3 932/2/3 950/2/3
f 952/3/3 933/3/3 951/3/3
f 953/5/3 936/5/3 935/5/3
f 953/2/3 935/2/3 934/2/3
f 954/2/3 937/2/3 936/2/3
f 954/5/3 936/5/3 953/5/3
f 955/2/3 937/2/3 954/2/3
f 956/3/3 938/3/3 937/3/3
f 956/2/3 937/2/3 955/2/3
f 957/2/3 939/2/3 938/2/3
f 957/3/3 938/3/3 956/3/3
f 958/3/3 940/3/3 939/3/3
f 958/2/3 939/2/3 957/2/3
f 959/2/3 941/2/3 940/2/3
f 959/3/3 940/3/3 958/3/3
f 960/3/3 942/3/3 941/3/3
f 960/2/3 941/2/3 959/2/3
f 961/4/3 943/4/3 942/4/3
f 961/3/3 942/3/3 960/3/3
f 962/3/3 944/3/3 943/3/3
f 962/4/3 943/4/3 961/4/3
f 963/5/3 945/5/3 944/5/3
f 963/3/3 944/3/3 962/3/3
f 964/4/3 946/4/3 945/4/3
f 964/5/3 945/5/3 963/5/3
f 965/3/3 947/3/3 946/3/3
f 965/4/3 946/4/3 964/4/3
f 966/2/3 948/2/3 947/2/3
f 966/3/3 947/3/3 965/3/3
f 966/2/3 949/2/3 948/2/3
f 967/2/3 949/2/3 966/2/3
f 968/5/3 950/5/3 949/5/3
f 968/2/3 949/2/3 967/2/3
f 969/3/3 951/3/3 950/3/3
f 969/5/3 950/5/3 968/5/3
f 970/2/3 952/2/3 951/2/3
f 970/3/3 951/3/3 969/3/3
f 971/2/3 953/2/3 934/2/3
f 972/3/3 954/3/3 953/3/3
f 972/2/3 953/2/3 971/2/3
f 973/5/3 955/5/3 954/5/3
f 973/3/3 954/3/3 972/3/3
f 974/2/3 956/2/3 955/2/3
f 974/5/3 955/5/3 973/5/3
f 974/2/3 957/2/3 956/2/3
f 975/2/3 957/2/3 974/2/3
f 976/3/3 958/3/3 957/3/3
f 976/2/3 957/2/3 975/2/3
f 977/5/3 959/5/3 958/5/3
f 977/3/3 958/3/3 976/3/3
f 978/3/3 960/3/3 959/3/3
f 978/5/3 959/5/3 977/5/3
f 979/5/3 961/5/3 960/5/3
f 979/3/3 960/3/3 978/3/3
f 980/3/3 962/3/3 961/3/3
f 980/5/3 961/5/3 979/5/3
f 981/2/3 963/2/3 962/2/3
f 981/3/3 962/3/3 980/3/3
f 982/5/3 964/5/3 963/5/3
f 982/2/3 963/2/3 981/2/3
f 983/3/3 965/3/3 964/3/3
f 983/5/3 964/5/3 982/5/3
f 984/2/3 966/2/3 965/2/3
f 984/3/3 965/3/3 983/3/3
f 985/2/3 966/2/3 984/2/3
f 986/3/3 967/3/3 966/3/3
f 986/2/3 966/2/3 985/2/3
f 987/2/3 969/2/3 968/2/3
f 987/3/3 967/3/3 986/3/3
f 987/2/3 968/2/3 967/2/3
f 988/5/3 970/5/3 969/5/3
f 988/2/3 969/2/3 987/2/3
f 989/2/3 952/2/3 970/2/3
f 989/5/3 970/5/3 988/5/3
f 990/2/3 952/2/3 989/2/3
f 991/3/3 972/3/3 971/3/3
f 992/2/3 973/2/3 972/2/3
f 992/3/3 972/3/3 991/3/3
f 992/2/3 974/2/3 973/2/3
f 993/2/3 974/2/3 992/2/3
f 994/3/3 975/3/3 974/3/3
f 994/2/3 974/2/3 993/2/3
f 995/4/3 976/4/3 975/4/3
f 995/3/3 975/3/3 994/3/3
f 996/5/3 977/5/3 976/5/3
f 996/4/3 976/4/3 995/4/3
f 997/2/3 978/2/3 977/2/3
f 997/5/3 977/5/3 996/5/3
f 998/2/3 981/2/3 980/2/3
f 998/3/3 979/3/3 978/3/3
f 998/3/3 980/3/3 979/3/3
f 999/4/3 982/4/3 981/4/3
f 999/2/3 981/2/3 998/2/3
f 1000/5/3 983/5/3 982/5/3
f 1000/4/3 982/4/3 999/4/3
f 1001/2/3 984/2/3 983/2/3
f 1001/5/3 983/5/3 1000/5/3
f 1002/3/3 985/3/3 984/3/3
f 1002/2/3 984/2/3 1001/2/3
f 1003/5/3 986/5/3 985/5/3
f 1003/3/3 985/3/3 1002/3/3
f 1003/5/3 987/5/3 986/5/3
f 1004/5/3 987/5/3 1003/5/3
f 1005/3/3 988/3/3 987/3/3
f 1005/5/3 987/5/3 1004/5/3
f 1006/3/3 988/3/3 1005/3/3
f 1007/2/3 989/2/3 988/2/3
f 1007/3/3 990/3/3 989/3/3
f 1008/3/3 990/3/3 1007/3/3
f 1009/2/3 993/2/3 992/2/3
f 1009/2/3 992/2/3 991/2/3
f 1010/2/3 993/2/3 1009/2/3
f 1011/3/3 994/3/3 993/3/3
f 1011/2/3 993/2/3 1010/2/3
f 1012/5/3 995/5/3 994/5/3
f 1012/3/3 994/3/3 1011/3/3
f 1013/3/3 996/3/3 995/3/3
f 1013/5/3 995/5/3 1012/5/3
f 1014/2/3 997/2/3 996/2/3
f 1014/3/3 996/3/3 1013/3/3
f 1015/2/3 978/2/3 997/2/3
f 1015/2/3 997/2/3 1014/2/3
f 1016/3/3 998/3/3 978/3/3
f 1016/2/3 978/2/3 1015/2/3
f 1017/5/3 999/5/3 998/5/3
f 1017/3/3 998/3/3 1016/3/3
f 1018/3/3 1001/3/3 1000/3/3
f 1018/5/3 999/5/3 1017/5/3
f 1018/3/3 1000/3/3 999/3/3
f 1019/3/3 1001/3/3 1018/3/3
f 1020/5/3 1002/5/3 1001/5/3
f 1020/3/3 1001/3/3 1019/3/3
f 1021/2/3 1003/2/3 1002/2/3
f 1021/5/3 1002/5/3 1020/5/3
f 1022/3/3 1004/3/3 1003/3/3
f 1022/2/3 1003/2/3 1021/2/3
f 1023/2/3 1005/2/3 1004/2/3
f 1023/3/3 1004/3/3 1022/3/3
f 1024/5/3 1006/5/3 1005/5/3
f 1024/2/3 1005/2/3 1023/2/3
f 1025/3/3 988/3/3 1006/3/3
f 1025/5/3 1006/5/3 1024/5/3
f 1026/2/3 1007/2/3 988/2/3
f 1026/3/3 988/3/3 1025/3/3
f 1027/5/3 1008/5/3 1007/5/3
f 1027/2/3 1007/2/3 1026/2/3
f 1028/5/3 1008/5/3 1027/5/3
f 1029/3/3 1010/3/3 1009/3/3
f 1030/5/3 1011/5/3 1010/5/3
f 1030/3/3 1010/3/3 1029/3/3
f 1031/3/3 1012/3/3 1011/3/3
f 1031/5/3 1011/5/3 1030/5/3
f 1031/3/3 1013/3/3 1012/3/3
f 1032/3/3 1013/3/3 1031/3/3
f 1033/2/3 1014/2/3 1013/2/3
f 1033/3/3 1013/3/3 1032/3/3
f 1034/4/3 1015/4/3 1014/4/3
f 1034/2/3 1014/2/3 1033/2/3
f 1035/3/3 1016/3/3 1015/3/3
f 1035/4/3 1015/4/3 1034/4/3
f 1036/2/3 1017/2/3 1016/2/3
f 1037/3/3 1018/3/3 1017/3/3
f 1037/2/3 1017/2/3 1036/2/3
f 1038/5/3 1019/5/3 1018/5/3
f 1038/3/3 1018/3/3 1037/3/3
f 1039/2/3 1020/2/3 1019/2/3
f 1039/5/3 1019/5/3 1038/5/3
f 1040/3/3 1021/3/3 1020/3/3
f 1040/2/3 1020/2/3 1039/2/3
f 1041/2/3 1023/2/3 1022/2/3
f 1041/3/3 1021/3/3 1040/3/3
f 1041/2/3 1022/2/3 1021/2/3
f 1042/2/3 1023/2/3 1041/2/3
f 1043/3/3 1024/3/3 1023/3/3
f 1043/2/3 1023/2/3 1042/2/3
f 1044/4/3 1025/4/3 1024/4/3
f 1044/3/3 1024/3/3 1043/3/3
f 1045/5/3 1026/5/3 1025/5/3
f 1045/4/3 1025/4/3 1044/4/3
f 1046/3/3 1028/3/3 1027/3/3
f 1046/5/3 1026/5/3 1045/5/3
f 1046/3/3 1027/3/3 1026/3/3
f 1047/5/3 1032/5/3 1031/5/3
f 1047/3/3 1031/3/3 1030/3/3
f 1048/3/3 1033/3/3 1032/3/3
f 1048/5/3 1032/5/3 1047/5/3
f 1049/5/3 1034/5/3 1033/5/3
f 1049/3/3 1033/3/3 1048/3/3
f 1050/3/3 1035/3/3 1034/3/3
f 1050/5/3 1034/5/3 1049/5/3
f 1051/3/3 1016/3/3 1035/3/3
f 1051/3/3 1035/3/3 1050/3/3
f 1052/2/3 1036/2/3 1016/2/3
f 1052/3/3 1016/3/3 1051/3/3
f 1053/4/3 1037/4/3 1036/4/3
f 1053/2/3 1036/2/3 1052/2/3
f 1054/2/3 1038/2/3 1037/2/3
f 1054/4/3 1037/4/3 1053/4/3
f 1055/4/3 1039/4/3 1038/4/3
f 1055/2/3 1038/2/3 1054/2/3
f 1056/3/3 1040/3/3 1039/3/3
f 1056/4/3 1039/4/3 1055/4/3
f 1057/2/3 1041/2/3 1040/2/3
f 1057/3/3 1040/3/3 1056/3/3
f 1058/3/3 1042/3/3 1041/3/3
f 1058/2/3 1041/2/3 1057/2/3
f 1059/2/3 1043/2/3 1042/2/3
f 1059/3/3 1042/3/3 1058/3/3
f 1060/5/3 1044/5/3 1043/5/3
f 1060/2/3 1043/2/3 1059/2/3
f 1061/3/3 1045/3/3 1044/3/3
f 1061/5/3 1044/5/3 1060/5/3
f 1062/2/3 1046/2/3 1045/2/3
f 1062/3/3 1045/3/3 1061/3/3
f 1063/3/3 1028/3/3 1046/3/3
f 1063/2/3 1046/2/3 1062/2/3
f 1064/3/3 1028/3/3 1063/3/3
f 1065/3/3 1028/3/3 1064/3/3
f 1066/2/3 1030/2/3 1029/2/3
f 1066/3/3 1047/3/3 1030/3/3
f 1067/2/3 1048/2/3 1047/2/3
f 1067/3/3 1047/3/3 1066/3/3
f 1067/2/3 1049/2/3 1048/2/3
f 1068/2/3 1049/2/3 1067/2/3
f 1069/3/3 1050/3/3 1049/3/3
f 1069/2/3 1049/2/3 1068/2/3
f 1070/5/3 1051/5/3 1050/5/3
f 1070/3/3 1050/3/3 1069/3/3
f 1071/2/3 1052/2/3 1051/2/3
f 1071/5/3 1051/5/3 1070/5/3
f 1072/3/3 1053/3/3 1052/3/3
f 1072/2/3 1052/2/3 1071/2/3
f 1073/2/3 1054/2/3 1053/2/3
f 1073/3/3 1053/3/3 1072/3/3
f 1074/4/3 1055/4/3 1054/4/3
f 1074/2/3 1054/2/3 1073/2/3
f 1075/5/3 1056/5/3 1055/5/3
f 1075/4/3 1055/4/3 1074/4/3
f 1076/2/3 1057/2/3 1056/2/3
f 1076/5/3 1056/5/3 1075/5/3
f 1077/4/3 1058/4/3 1057/4/3
f 1077/2/3 1057/2/3 1076/2/3
f 1078/2/3 1059/2/3 1058/2/3
f 1078/4/3 1058/4/3 1077/4/3
f 1079/4/3 1060/4/3 1059/4/3
f 1079/2/3 1059/2/3 1078/2/3
f 1079/4/3 1061/4/3 1060/4/3
f 1080/4/3 1061/4/3 1079/4/3
f 1081/2/3 1062/2/3 1061/2/3
f 1081/4/3 1061/4/3 1080/4/3
f 1082/3/3 1063/3/3 1062/3/3
f 1082/2/3 1062/2/3 1081/2/3
f 1083/5/3 1065/5/3 1064/5/3
f 1083/2/3 1064/2/3 1063/2/3
f 1084/5/3 1065/5/3 1083/5/3
f 1085/2/3 1068/2/3 1067/2/3
f 1085/2/3 1066/2/3 1029/2/3
f 1085/2/3 1067/2/3 1066/2/3
f 1086/4/3 1069/4/3 1068/4/3
f 1086/2/3 1068/2/3 1085/2/3
f 1087/2/3 1070/2/3 1069/2/3
f 1087/4/3 1069/4/3 1086/4/3
f 1088/4/3 1071/4/3 1070/4/3
f 1088/2/3 1070/2/3 1087/2/3
f 1089/2/3 1072/2/3 1071/2/3
f 1089/4/3 1071/4/3 1088/4/3
f 1089/2/3 1073/2/3 1072/2/3
f 1090/2/3 1073/2/3 1089/2/3
f 1091/3/3 1075/3/3 1074/3/3
f 1091/2/3 1073/2/3 1090/2/3
f 1091/3/3 1074/3/3 1073/3/3
f 1092/3/3 1075/3/3 1091/3/3
f 1093/2/3 1077/2/3 1076/2/3
f 1093/3/3 1075/3/3 1092/3/3
f 1093/2/3 1076/2/3 1075/2/3
f 1094/2/3 1077/2/3 1093/2/3
f 1095/3/3 1078/3/3 1077/3/3
f 1095/2/3 1077/2/3 1094/2/3
f 1095/3/3 1079/3/3 1078/3/3
f 1096/3/3 1079/3/3 1095/3/3
f 1097/2/3 1080/2/3 1079/2/3
f 1097/3/3 1079/3/3 1096/3/3
f 1098/3/3 1082/3/3 1081/3/3
f 1098/2/3 1080/2/3 1097/2/3
f 1098/3/3 1081/3/3 1080/3/3
f 1099/3/3 1082/3/3 1098/3/3
f 1100/3/3 1063/3/3 1082/3/3
f 1100/3/3 1082/3/3 1099/3/3
f 1101/2/3 1083/2/3 1063/2/3
f 1101/3/3 1063/3/3 1100/3/3
f 1102/3/3 1084/3/3 1083/3/3
f 1102/2/3 1083/2/3 1101/2/3
f 1103/3/3 1084/3/3 1102/3/3
f 1104/2/3 1085/2/3 1029/2/3
f 1105/3/3 1086/3/3 1085/3/3
f 1105/2/3 1085/2/3 1104/2/3
f 1106/3/3 1086/3/3 1105/3/3
f 1107/2/3 1087/2/3 1086/2/3
f 1107/3/3 1086/3/3 1106/3/3
f 1108/4/3 1088/4/3 1087/4/3
f 1108/2/3 1087/2/3 1107/2/3
f 1109/5/3 1089/5/3 1088/5/3
f 1109/4/3 1088/4/3 1108/4/3
f 1110/3/3 1090/3/3 1089/3/3
f 1110/5/3 1089/5/3 1109/5/3
f 1111/2/3 1092/2/3 1091/2/3
f 1111/3/3 1090/3/3 1110/3/3
f 1111/2/3 1091/2/3 1090/2/3
f 1112/2/3 1092/2/3 1111/2/3
f 1113/5/3 1093/5/3 1092/5/3
f 1113/2/3 1092/2/3 1112/2/3
f 1114/3/3 1094/3/3 1093/3/3
f 1114/5/3 1093/5/3 1113/5/3
f 1115/2/3 1096/2/3 1095/2/3
f 1115/3/3 1094/3/3 1114/3/3
f 1115/2/3 1095/2/3 1094/2/3
f 1116/2/3 1096/2/3 1115/2/3
f 1117/5/3 1097/5/3 1096/5/3
f 1117/2/3 1096/2/3 1116/2/3
f 1118/3/3 1098/3/3 1097/3/3
f 1118/5/3 1097/5/3 1117/5/3
f 1119/2/3 1099/2/3 1098/2/3
f 1119/3/3 1098/3/3 1118/3/3
f 1120/5/3 1100/5/3 1099/5/3
f 1120/2/3 1099/2/3 1119/2/3
f 1121/3/3 1101/3/3 1100/3/3
f 1121/5/3 1100/5/3 1120/5/3
f 1121/3/3 1102/3/3 1101/3/3
f 1122/3/3 1102/3/3 1121/3/3
f 1123/2/3 1103/2/3 1102/2/3
f 1123/3/3 1102/3/3 1122/3/3
f 1124/3/3 1107/3/3 1106/3/3
f 1124/2/3 1106/2/3 1105/2/3
f 1125/4/3 1108/4/3 1107/4/3
f 1125/3/3 1107/3/3 1124/3/3
f 1126/3/3 1109/3/3 1108/3/3
f 1126/4/3 1108/4/3 1125/4/3
f 1127/2/3 1110/2/3 1109/2/3
f 1127/3/3 1109/3/3 1126/3/3
f 1127/2/3 1111/2/3 1110/2/3
f 1128/2/3 1111/2/3 1127/2/3
f 1129/4/3 1113/4/3 1112/4/3
f 1129/3/3 1112/3/3 1111/3/3
f 1130/2/3 1114/2/3 1113/2/3
f 1130/4/3 1113/4/3 1129/4/3
f 1131/5/3 1115/5/3 1114/5/3
f 1131/2/3 1114/2/3 1130/2/3
f 1132/3/3 1116/3/3 1115/3/3
f 1132/5/3 1115/5/3 1131/5/3
f 1133/4/3 1117/4/3 1116/4/3
f 1133/3/3 1116/3/3 1132/3/3
f 1134/2/3 1118/2/3 1117/2/3
f 1134/4/3 1117/4/3 1133/4/3
f 1135/5/3 1119/5/3 1118/5/3
f 1135/2/3 1118/2/3 1134/2/3
f 1136/4/3 1120/4/3 1119/4/3
f 1136/5/3 1119/5/3 1135/5/3
f 1137/2/3 1121/2/3 1120/2/3
f 1137/4/3 1120/4/3 1136/4/3
f 1138/5/3 1122/5/3 1121/5/3
f 1138/2/3 1121/2/3 1137/2/3
f 1139/2/3 1123/2/3 1122/2/3
f 1139/5/3 1122/5/3 1138/5/3
f 1140/2/3 1103/2/3 1123/2/3
f 1140/2/3 1123/2/3 1139/2/3
f 1141/2/3 1103/2/3 1140/2/3
f 1142/3/3 1105/3/3 1104/3/3
f 1143/2/3 1125/2/3 1124/2/3
f 1143/3/3 1105/3/3 1142/3/3
f 1143/2/3 1124/2/3 1105/2/3
f 1144/3/3 1126/3/3 1125/3/3
f 1144/2/3 1125/2/3 1143/2/3
f 1145/5/3 1127/5/3 1126/5/3
f 1145/3/3 1126/3/3 1144/3/3
f 1146/3/3 1128/3/3 1127/3/3
f 1146/5/3 1127/5/3 1145/5/3
f 1147/2/3 1111/2/3 1128/2/3
f 1147/3/3 1128/3/3 1146/3/3
f 1148/3/3 1129/3/3 1111/3/3
f 1148/2/3 1111/2/3 1147/2/3
f 1149/5/3 1130/5/3 1129/5/3
f 1149/3/3 1129/3/3 1148/3/3
f 1150/3/3 1133/3/3 1132/3/3
f 1150/5/3 1130/5/3 1149/5/3
f 1150/3/3 1131/3/3 1130/3/3
f 1150/3/3 1132/3/3 1131/3/3
f 1151/5/3 1134/5/3 1133/5/3
f 1151/3/3 1133/3/3 1150/3/3
f 1152/3/3 1135/3/3 1134/3/3
f 1152/5/3 1134/5/3 1151/5/3
f 1152/3/3 1136/3/3 1135/3/3
f 1153/5/3 1137/5/3 1136/5/3
f 1153/3/3 1136/3/3 1152/3/3
f 1154/3/3 1138/3/3 1137/3/3
f 1154/5/3 1137/5/3 1153/5/3
f 1155/2/3 1139/2/3 1138/2/3
f 1155/3/3 1138/3/3 1154/3/3
f 1155/2/3 1140/2/3 1139/2/3
f 1156/3/3 1141/3/3 1140/3/3
f 1156/2/3 1140/2/3 1155/2/3
f 1157/3/3 1141/3/3 1156/3/3
f 1159/2/4 1160/2/4 1174/2/4
f 1160/3/4 1161/3/4 1175/3/4
f 1174/2/4 1160/2/4 1175/2/4
f 1161/5/4 1162/5/4 1176/5/4
f 1175/3/4 1161/3/4 1176/3/4
f 1162/3/4 1163/3/4 1177/3/4
f 1176/5/4 1162/5/4 1177/5/4
f 1163/2/4 1164/2/4 1178/2/4
f 1177/3/4 1163/3/4 1178/3/4
f 1164/3/4 1165/3/4 1179/3/4
f 1178/2/4 1164/2/4 1179/2/4
f 1165/5/4 1166/5/4 1180/5/4
f 1179/3/4 1165/3/4 1180/3/4
f 1166/3/4 1167/3/4 1181/3/4
f 1180/5/4 1166/5/4 1181/5/4
f 1181/3/4 1167/3/4 1182/3/4
f 1167/5/4 1168/5/4 1183/5/4
f 1182/3/4 1167/3/4 1183/3/4
f 1168/3/4 1169/3/4 1184/3/4
f 1183/5/4 1168/5/4 1184/5/4
f 1184/3/4 1169/3/4 1185/3/4
f 1169/5/4 1170/5/4 1186/5/4
f 1185/3/4 1169/3/4 1186/3/4
f 1170/3/4 1171/3/4 1187/3/4
f 1186/5/4 1170/5/4 1187/5/4
f 1171/2/4 1172/2/4 1188/2/4
f 1187/3/4 1171/3/4 1188/3/4
f 1188/2/4 1172/2/4 1189/2/4
f 1172/3/4 1173/3/4 1190/3/4
f 1189/2/4 1172/2/4 1190/2/4
f 1190/3/4 1173/3/4 1191/3/4
f 1158/3/4 1159/3/4 1192/3/4
f 1159/2/4 1174/2/4 1193/2/4
f 1192/3/4 1159/3/4 1193/3/4
f 1174/3/4 1175/3/4 1194/3/4
f 1193/2/4 1174/2/4 1194/2/4
f 1175/4/4 1176/4/4 1195/4/4
f 1194/3/4 1175/3/4 1195/3/4
f 1176/3/4 1177/3/4 1196/3/4
f 1195/4/4 1176/4/4 1196/4/4
f 1177/2/4 1178/2/4 1197/2/4
f 1196/3/4 1177/3/4 1197/3/4
f 1178/4/4 1179/4/4 1198/4/4
f 1197/2/4 1178/2/4 1198/2/4
f 1179/3/4 1180/3/4 1199/3/4
f 1198/4/4 1179/4/4 1199/4/4
f 1180/3/4 1181/3/4 1199/3/4
f 1199/3/4 1181/3/4 1200/3/4
f 1181/2/4 1182/2/4 1201/2/4
f 1200/3/4 1181/3/4 1201/3/4
f 1182/3/4 1183/3/4 1202/3/4
f 1201/2/4 1182/2/4 1202/2/4
f 1183/4/4 1184/4/4 1203/4/4
f 1202/3/4 1183/3/4 1203/3/4
f 1184/2/4 1185/2/4 1204/2/4
f 1203/4/4 1184/4/4 1204/4/4
f 1185/5/4 1186/5/4 1205/5/4
f 1204/2/4 1185/2/4 1205/2/4
f 1186/4/4 1187/4/4 1206/4/4
f 1205/5/4 1186/5/4 1206/5/4
f 1187/2/4 1188/2/4 1207/2/4
f 1206/4/4 1187/4/4 1207/4/4
f 1188/5/4 1189/5/4 1208/5/4
f 1207/2/4 1188/2/4 1208/2/4
f 1190/2/4 1191/2/4 1209/2/4
f 1208/5/4 1189/5/4 1209/5/4
f 1189/2/4 1190/2/4 1209/2/4
f 1209/2/4 1191/2/4 1210/2/4
f 1192/2/4 1193/2/4 1211/2/4
f 1193/3/4 1194/3/4 1211/3/4
f 1194/3/4 1195/3/4 1211/3/4
f 1195/2/4 1196/2/4 1212/2/4
f 1211/3/4 1195/3/4 1212/3/4
f 1196/4/4 1197/4/4 1213/4/4
f 1212/2/4 1196/2/4 1213/2/4
f 1197/5/4 1198/5/4 1214/5/4
f 1213/4/4 1197/4/4 1214/4/4
f 1198/2/4 1199/2/4 1215/2/4
f 1214/5/4 1198/5/4 1215/5/4
f 1199/4/4 1200/4/4 1216/4/4
f 1215/2/4 1199/2/4 1216/2/4
f 1200/2/4 1201/2/4 1217/2/4
f 1216/4/4 1200/4/4 1217/4/4
f 1201/3/4 1202/3/4 1218/3/4
f 1217/2/4 1201/2/4 1218/2/4
f 1202/2/4 1203/2/4 1219/2/4
f 1218/3/4 1202/3/4 1219/3/4
f 1203/2/4 1204/2/4 1219/2/4
f 1219/2/4 1204/2/4 1220/2/4
f 1204/5/4 1205/5/4 1221/5/4
f 1220/2/4 1204/2/4 1221/2/4
f 1205/3/4 1206/3/4 1222/3/4
f 1221/5/4 1205/5/4 1222/5/4
f 1206/2/4 1207/2/4 1223/2/4
f 1222/3/4 1206/3/4 1223/3/4
f 1207/5/4 1208/5/4 1224/5/4
f 1223/2/4 1207/2/4 1224/2/4
f 1209/3/4 1210/3/4 1225/3/4
f 1224/5/4 1208/5/4 1225/5/4
f 1208/3/4 1209/3/4 1225/3/4
f 1225/3/4 1210/3/4 1226/3/4
f 1210/2/4 1191/2/4 1227/2/4
f 1226/3/4 1210/3/4 1227/3/4
f 1227/2/4 1191/2/4 1228/2/4
f 1192/2/4 1211/2/4 1229/2/4
f 1211/2/4 1212/2/4 1229/2/4
f 1229/2/4 1212/2/4 1230/2/4
f 1212/4/4 1213/4/4 1231/4/4
f 1230/2/4 1212/2/4 1231/2/4
f 1213/2/4 1214/2/4 1232/2/4
f 1231/4/4 1213/4/4 1232/4/4
f 1214/4/4 1215/4/4 1233/4/4
f 1232/2/4 1214/2/4 1233/2/4
f 1215/3/4 1216/3/4 1234/3/4
f 1233/4/4 1215/4/4 1234/4/4
f 1216/2/4 1217/2/4 1235/2/4
f 1234/3/4 1216/3/4 1235/3/4
f 1217/3/4 1218/3/4 1236/3/4
f 1235/2/4 1217/2/4 1236/2/4
f 1218/2/4 1219/2/4 1237/2/4
f 1236/3/4 1218/3/4 1237/3/4
f 1219/2/4 1220/2/4 1237/2/4
f 1237/2/4 1220/2/4 1238/2/4
f 1238/2/4 1220/2/4 1239/2/4
f 1221/3/4 1222/3/4 1240/3/4
f 1239/2/4 1220/2/4 1240/2/4
f 1220/3/4 1221/3/4 1240/3/4
f 1240/3/4 1222/3/4 1241/3/4
f 1222/2/4 1223/2/4 1242/2/4
f 1241/3/4 1222/3/4 1242/3/4
f 1225/3/4 1226/3/4 1243/3/4
f 1242/2/4 1223/2/4 1243/2/4
f 1223/3/4 1224/3/4 1243/3/4
f 1224/3/4 1225/3/4 1243/3/4
f 1243/3/4 1226/3/4 1244/3/4
f 1244/3/4 1226/3/4 1245/3/4
f 1227/3/4 1228/3/4 1246/3/4
f 1226/2/4 1227/2/4 1246/2/4
f 1246/3/4 1228/3/4 1247/3/4
f 1229/3/4 1230/3/4 1248/3/4
f 1231/2/4 1232/2/4 1248/2/4
f 1230/2/4 1231/2/4 1248/2/4
f 1248/2/4 1232/2/4 1249/2/4
f 1232/3/4 1233/3/4 1250/3/4
f 1249/2/4 1232/2/4 1250/2/4
f 1233/5/4 1234/5/4 1251/5/4
f 1250/3/4 1233/3/4 1251/3/4
f 1234/2/4 1235/2/4 1252/2/4
f 1251/5/4 1234/5/4 1252/5/4
f 1235/3/4 1236/3/4 1253/3/4
f 1252/2/4 1235/2/4 1253/2/4
f 1236/2/4 1237/2/4 1254/2/4
f 1253/3/4 1236/3/4 1254/3/4
f 1238/2/4 1239/2/4 1255/2/4
f 1237/3/4 1238/3/4 1255/3/4
f 1239/3/4 1240/3/4 1256/3/4
f 1255/2/4 1239/2/4 1256/2/4
f 1240/4/4 1241/4/4 1257/4/4
f 1256/3/4 1240/3/4 1257/3/4
f 1241/2/4 1242/2/4 1258/2/4
f 1257/4/4 1241/4/4 1258/4/4
f 1242/4/4 1243/4/4 1259/4/4
f 1258/2/4 1242/2/4 1259/2/4
f 1243/4/4 1244/4/4 1259/4/4
f 1259/4/4 1244/4/4 1260/4/4
f 1244/2/4 1245/2/4 1261/2/4
f 1260/4/4 1244/4/4 1261/4/4
f 1245/3/4 1226/3/4 1262/3/4
f 1261/2/4 1245/2/4 1262/2/4
f 1226/2/4 1246/2/4 1263/2/4
f 1262/3/4 1226/3/4 1263/3/4
f 1246/5/4 1247/5/4 1264/5/4
f 1263/2/4 1246/2/4 1264/2/4
f 1264/5/4 1247/5/4 1265/5/4
f 1192/2/4 1229/2/4 1266/2/4
f 1229/3/4 1248/3/4 1267/3/4
f 1266/2/4 1229/2/4 1267/2/4
f 1248/5/4 1249/5/4 1268/5/4
f 1267/3/4 1248/3/4 1268/3/4
f 1249/3/4 1250/3/4 1269/3/4
f 1268/5/4 1249/5/4 1269/5/4
f 1250/5/4 1251/5/4 1270/5/4
f 1269/3/4 1250/3/4 1270/3/4
f 1251/3/4 1252/3/4 1271/3/4
f 1270/5/4 1251/5/4 1271/5/4
f 1252/3/4 1253/3/4 1271/3/4
f 1271/3/4 1253/3/4 1272/3/4
f 1253/5/4 1254/5/4 1273/5/4
f 1272/3/4 1253/3/4 1273/3/4
f 1254/2/4 1237/2/4 1274/2/4
f 1273/5/4 1254/5/4 1274/5/4
f 1237/3/4 1255/3/4 1275/3/4
f 1274/2/4 1237/2/4 1275/2/4
f 1255/3/4 1256/3/4 1275/3/4
f 1275/3/4 1256/3/4 1276/3/4
f 1256/2/4 1257/2/4 1277/2/4
f 1257/5/4 1258/5/4 1277/5/4
f 1258/3/4 1259/3/4 1278/3/4
f 1277/5/4 1258/5/4 1278/5/4
f 1259/2/4 1260/2/4 1279/2/4
f 1278/3/4 1259/3/4 1279/3/4
f 1260/5/4 1261/5/4 1280/5/4
f 1279/2/4 1260/2/4 1280/2/4
f 1261/3/4 1262/3/4 1281/3/4
f 1280/5/4 1261/5/4 1281/5/4
f 1262/2/4 1263/2/4 1282/2/4
f 1281/3/4 1262/3/4 1282/3/4
f 1264/3/4 1265/3/4 1283/3/4
f 1282/2/4 1263/2/4 1283/2/4
f 1263/3/4 1264/3/4 1283/3/4
f 1266/3/4 1267/3/4 1284/3/4
f 1267/5/4 1268/5/4 1285/5/4
f 1284/3/4 1267/3/4 1285/3/4
f 1269/3/4 1270/3/4 1286/3/4
f 1285/5/4 1268/5/4 1286/5/4
f 1268/3/4 1269/3/4 1286/3/4
f 1286/3/4 1270/3/4 1287/3/4
f 1270/2/4 1271/2/4 1288/2/4
f 1287/3/4 1270/3/4 1288/3/4
f 1271/4/4 1272/4/4 1289/4/4
f 1288/2/4 1271/2/4 1289/2/4
f 1272/5/4 1273/5/4 1290/5/4
f 1289/4/4 1272/4/4 1290/4/4
f 1273/2/4 1274/2/4 1291/2/4
f 1290/5/4 1273/5/4 1291/5/4
f 1274/3/4 1275/3/4 1292/3/4
f 1291/2/4 1274/2/4 1292/2/4
f 1275/5/4 1276/5/4 1293/5/4
f 1292/3/4 1275/3/4 1293/3/4
f 1276/3/4 1256/3/4 1294/3/4
f 1293/5/4 1276/5/4 1294/5/4
f 1256/2/4 1277/2/4 1295/2/4
f 1294/3/4 1256/3/4 1295/3/4
f 1277/3/4 1278/3/4 1296/3/4
f 1295/2/4 1277/2/4 1296/2/4
f 1278/4/4 1279/4/4 1297/4/4
f 1296/3/4 1278/3/4 1297/3/4
f 1279/2/4 1280/2/4 1298/2/4
f 1297/4/4 1279/4/4 1298/4/4
f 1280/3/4 1281/3/4 1299/3/4
f 1298/2/4 1280/2/4 1299/2/4
f 1281/4/4 1282/4/4 1300/4/4
f 1299/3/4 1281/3/4 1300/3/4
f 1282/5/4 1283/5/4 1301/5/4
f 1300/4/4 1282/4/4 1301/4/4
f 1283/3/4 1265/3/4 1302/3/4
f 1301/5/4 1283/5/4 1302/5/4
f 1302/3/4 1265/3/4 1303/3/4
f 1303/3/4 1265/3/4 1304/3/4
f 1284/2/4 1285/2/4 1305/2/4
f 1285/2/4 1286/2/4 1305/2/4
f 1305/2/4 1286/2/4 1306/2/4
f 1286/3/4 1287/3/4 1307/3/4
f 1306/2/4 1286/2/4 1307/2/4
f 1287/5/4 1288/5/4 1308/5/4
f 1307/3/4 1287/3/4 1308/3/4
f 1288/3/4 1289/3/4 1309/3/4
f 1308/5/4 1288/5/4 1309/5/4
f 1289/2/4 1290/2/4 1310/2/4
f 1309/3/4 1289/3/4 1310/3/4
f 1290/5/4 1291/5/4 1311/5/4
f 1310/2/4 1290/2/4 1311/2/4
f 1291/3/4 1292/3/4 1312/3/4
f 1311/5/4 1291/5/4 1312/5/4
f 1292/2/4 1293/2/4 1313/2/4
f 1312/3/4 1292/3/4 1313/3/4
f 1294/2/4 1295/2/4 1313/2/4
f 1293/2/4 1294/2/4 1313/2/4
f 1313/2/4 1295/2/4 1314/2/4
f 1295/3/4 1296/3/4 1315/3/4
f 1296/2/4 1297/2/4 1315/2/4
f 1297/5/4 1298/5/4 1316/5/4
f 1315/2/4 1297/2/4 1316/2/4
f 1298/3/4 1299/3/4 1317/3/4
f 1316/5/4 1298/5/4 1317/5/4
f 1299/2/4 1300/2/4 1318/2/4
f 1317/3/4 1299/3/4 1318/3/4
f 1300/5/4 1301/5/4 1319/5/4
f 1318/2/4 1300/2/4 1319/2/4
f 1301/3/4 1302/3/4 1320/3/4
f 1319/5/4 1301/5/4 1320/5/4
f 1302/2/4 1303/2/4 1321/2/4
f 1303/5/4 1304/5/4 1321/5/4
f 1321/5/4 1304/5/4 1322/5/4
f 1305/3/4 1306/3/4 1323/3/4
f 1307/2/4 1308/2/4 1324/2/4
f 1323/3/4 1306/3/4 1324/3/4
f 1306/2/4 1307/2/4 1324/2/4
f 1324/2/4 1308/2/4 1325/2/4
f 1308/3/4 1309/3/4 1326/3/4
f 1325/2/4 1308/2/4 1326/2/4
f 1309/4/4 1310/4/4 1327/4/4
f 1326/3/4 1309/3/4 1327/3/4
f 1310/5/4 1311/5/4 1328/5/4
f 1327/4/4 1310/4/4 1328/4/4
f 1311/3/4 1312/3/4 1329/3/4
f 1328/5/4 1311/5/4 1329/5/4
f 1312/4/4 1313/4/4 1330/4/4
f 1329/3/4 1312/3/4 1330/3/4
f 1313/3/4 1314/3/4 1331/3/4
f 1330/4/4 1313/4/4 1331/4/4
f 1314/2/4 1295/2/4 1332/2/4
f 1331/3/4 1314/3/4 1332/3/4
f 1332/2/4 1295/2/4 1333/2/4
f 1295/3/4 1315/3/4 1334/3/4
f 1333/2/4 1295/2/4 1334/2/4
f 1315/5/4 1316/5/4 1335/5/4
f 1334/3/4 1315/3/4 1335/3/4
f 1316/3/4 1317/3/4 1336/3/4
f 1335/5/4 1316/5/4 1336/5/4
f 1317/5/4 1318/5/4 1337/5/4
f 1336/3/4 1317/3/4 1337/3/4
f 1318/5/4 1319/5/4 1337/5/4
f 1337/5/4 1319/5/4 1338/5/4
f 1319/3/4 1320/3/4 1339/3/4
f 1338/5/4 1319/5/4 1339/5/4
f 1320/3/4 1302/3/4 1340/3/4
f 1339/3/4 1320/3/4 1340/3/4
f 1302/2/4 1321/2/4 1340/2/4
f 1321/3/4 1322/3/4 1341/3/4
f 1340/2/4 1321/2/4 1341/2/4
f 1341/3/4 1322/3/4 1342/3/4
f 1324/3/4 1325/3/4 1343/3/4
f 1323/2/4 1324/2/4 1343/2/4
f 1325/5/4 1326/5/4 1344/5/4
f 1343/3/4 1325/3/4 1344/3/4
f 1327/2/4 1328/2/4 1345/2/4
f 1344/5/4 1326/5/4 1345/5/4
f 1326/2/4 1327/2/4 1345/2/4
f 1345/2/4 1328/2/4 1346/2/4
f 1328/3/4 1329/3/4 1347/3/4
f 1346/2/4 1328/2/4 1347/2/4
f 1330/2/4 1331/2/4 1348/2/4
f 1347/3/4 1329/3/4 1348/3/4
f 1329/2/4 1330/2/4 1348/2/4
f 1331/2/4 1332/2/4 1348/2/4
f 1348/2/4 1332/2/4 1349/2/4
f 1332/3/4 1333/3/4 1350/3/4
f 1349/2/4 1332/2/4 1350/2/4
f 1333/5/4 1334/5/4 1351/5/4
f 1350/3/4 1333/3/4 1351/3/4
f 1335/3/4 1336/3/4 1352/3/4
f 1351/5/4 1334/5/4 1352/5/4
f 1334/3/4 1335/3/4 1352/3/4
f 1337/2/4 1338/2/4 1353/2/4
f 1352/3/4 1336/3/4 1353/3/4
f 1336/2/4 1337/2/4 1353/2/4
f 1353/2/4 1338/2/4 1354/2/4
f 1338/3/4 1339/3/4 1355/3/4
f 1354/2/4 1338/2/4 1355/2/4
f 1339/2/4 1340/2/4 1356/2/4
f 1355/3/4 1339/3/4 1356/3/4
f 1356/2/4 1340/2/4 1357/2/4
f 1340/5/4 1341/5/4 1358/5/4
f 1357/2/4 1340/2/4 1358/2/4
f 1341/2/4 1342/2/4 1359/2/4
f 1358/5/4 1341/5/4 1359/5/4
f 1323/2/4 1343/2/4 1360/2/4
f 1343/5/4 1344/5/4 1361/5/4
f 1360/2/4 1343/2/4 1361/2/4
f 1344/2/4 1345/2/4 1362/2/4
f 1361/5/4 1344/5/4 1362/5/4
f 1345/2/4 1346/2/4 1362/2/4
f 1346/3/4 1347/3/4 1363/3/4
f 1362/2/4 1346/2/4 1363/2/4
f 1348/2/4 1349/2/4 1364/2/4
f 1363/3/4 1347/3/4 1364/3/4
f 1347/2/4 1348/2/4 1364/2/4
f 1364/2/4 1349/2/4 1365/2/4
f 1349/3/4 1350/3/4 1366/3/4
f 1365/2/4 1349/2/4 1366/2/4
f 1366/3/4 1350/3/4 1367/3/4
f 1350/5/4 1351/5/4 1368/5/4
f 1367/3/4 1350/3/4 1368/3/4
f 1351/3/4 1352/3/4 1369/3/4
f 1368/5/4 1351/5/4 1369/5/4
f 1353/2/4 1354/2/4 1370/2/4
f 1369/3/4 1352/3/4 1370/3/4
f 1352/2/4 1353/2/4 1370/2/4
f 1370/2/4 1354/2/4 1371/2/4
f 1371/2/4 1354/2/4 1372/2/4
f 1354/3/4 1355/3/4 1373/3/4
f 1372/2/4 1354/2/4 1373/2/4
f 1355/2/4 1356/2/4 1374/2/4
f 1373/3/4 1355/3/4 1374/3/4
f 1356/2/4 1357/2/4 1374/2/4
f 1374/2/4 1357/2/4 1375/2/4
f 1357/5/4 1358/5/4 1376/5/4
f 1375/2/4 1357/2/4 1376/2/4
f 1358/3/4 1359/3/4 1377/3/4
f 1376/5/4 1358/5/4 1377/5/4
f 1359/2/4 1342/2/4 1378/2/4
f 1377/3/4 1359/3/4 1378/3/4
f 1378/2/4 1342/2/4 1379/2/4
f 1360/3/4 1361/3/4 1380/3/4
f 1361/2/4 1362/2/4 1381/2/4
f 1380/3/4 1361/3/4 1381/3/4
f 1362/3/4 1363/3/4 1382/3/4
f 1364/5/4 1365/5/4 1383/5/4
f 1382/3/4 1363/3/4 1383/3/4
f 1363/5/4 1364/5/4 1383/5/4
f 1383/5/4 1365/5/4 1384/5/4
f 1365/3/4 1366/3/4 1385/3/4
f 1384/5/4 1365/5/4 1385/5/4
f 1366/5/4 1367/5/4 1386/5/4
f 1385/3/4 1366/3/4 1386/3/4
f 1367/3/4 1368/3/4 1387/3/4
f 1386/5/4 1367/5/4 1387/5/4
f 1370/3/4 1371/3/4 1388/3/4
f 1368/2/4 1369/2/4 1388/2/4
f 1369/2/4 1370/2/4 1388/2/4
f 1371/4/4 1372/4/4 1389/4/4
f 1388/3/4 1371/3/4 1389/3/4
f 1372/3/4 1373/3/4 1390/3/4
f 1389/4/4 1372/4/4 1390/4/4
f 1373/5/4 1374/5/4 1391/5/4
f 1390/3/4 1373/3/4 1391/3/4
f 1374/4/4 1375/4/4 1392/4/4
f 1391/5/4 1374/5/4 1392/5/4
f 1375/3/4 1376/3/4 1393/3/4
f 1392/4/4 1375/4/4 1393/4/4
f 1376/2/4 1377/2/4 1394/2/4
f 1393/3/4 1376/3/4 1394/3/4
f 1377/2/4 1378/2/4 1394/2/4
f 1394/2/4 1378/2/4 1395/2/4
f 1378/3/4 1379/3/4 1396/3/4
f 1395/2/4 1378/2/4 1396/2/4
f 1396/3/4 1379/3/4 1397/3/4
f 1380/5/4 1381/5/4 1398/5/4
f 1381/2/4 1362/2/4 1399/2/4
f 1398/5/4 1381/5/4 1399/5/4
f 1362/3/4 1382/3/4 1400/3/4
f 1399/2/4 1362/2/4 1400/2/4
f 1382/5/4 1383/5/4 1401/5/4
f 1400/3/4 1382/3/4 1401/3/4
f 1383/2/4 1384/2/4 1402/2/4
f 1401/5/4 1383/5/4 1402/5/4
f 1384/3/4 1385/3/4 1403/3/4
f 1402/2/4 1384/2/4 1403/2/4
f 1385/5/4 1386/5/4 1404/5/4
f 1403/3/4 1385/3/4 1404/3/4
f 1386/2/4 1387/2/4 1405/2/4
f 1404/5/4 1386/5/4 1405/5/4
f 1387/3/4 1368/3/4 1406/3/4
f 1405/2/4 1387/2/4 1406/2/4
f 1388/2/4 1389/2/4 1407/2/4
f 1406/3/4 1368/3/4 1407/3/4
f 1368/2/4 1388/2/4 1407/2/4
f 1407/2/4 1389/2/4 1408/2/4
f 1408/2/4 1389/2/4 1409/2/4
f 1389/3/4 1390/3/4 1410/3/4
f 1409/2/4 1389/2/4 1410/2/4
f 1390/5/4 1391/5/4 1411/5/4
f 1410/3/4 1390/3/4 1411/3/4
f 1391/2/4 1392/2/4 1412/2/4
f 1411/5/4 1391/5/4 1412/5/4
f 1392/3/4 1393/3/4 1413/3/4
f 1412/2/4 1392/2/4 1413/2/4
f 1393/5/4 1394/5/4 1414/5/4
f 1413/3/4 1393/3/4 1414/3/4
f 1394/3/4 1395/3/4 1415/3/4
f 1414/5/4 1394/5/4 1415/5/4
f 1396/2/4 1397/2/4 1416/2/4
f 1415/3/4 1395/3/4 1416/3/4
f 1395/2/4 1396/2/4 1416/2/4
f 1416/2/4 1397/2/4 1417/2/4
f 1417/2/4 1397/2/4 1418/2/4
f 1398/3/4 1399/3/4 1419/3/4
f 1400/5/4 1401/5/4 1419/5/4
f 1399/3/4 1400/3/4 1419/3/4
f 1401/4/4 1402/4/4 1420/4/4
f 1419/5/4 1401/5/4 1420/5/4
f 1402/3/4 1403/3/4 1421/3/4
f 1420/4/4 1402/4/4 1421/4/4
f 1403/2/4 1404/2/4 1422/2/4
f 1421/3/4 1403/3/4 1422/3/4
f 1404/4/4 1405/4/4 1423/4/4
f 1422/2/4 1404/2/4 1423/2/4
f 1405/3/4 1406/3/4 1424/3/4
f 1423/4/4 1405/4/4 1424/4/4
f 1406/2/4 1407/2/4 1425/2/4
f 1424/3/4 1406/3/4 1425/3/4
f 1408/5/4 1409/5/4 1426/5/4
f 1407/3/4 1408/3/4 1426/3/4
f 1409/3/4 1410/3/4 1427/3/4
f 1426/5/4 1409/5/4 1427/5/4
f 1410/2/4 1411/2/4 1428/2/4
f 1427/3/4 1410/3/4 1428/3/4
f 1411/5/4 1412/5/4 1429/5/4
f 1428/2/4 1411/2/4 1429/2/4
f 1412/4/4 1413/4/4 1430/4/4
f 1429/5/4 1412/5/4 1430/5/4
f 1413/2/4 1414/2/4 1431/2/4
f 1430/4/4 1413/4/4 1431/4/4
f 1414/3/4 1415/3/4 1432/3/4
f 1431/2/4 1414/2/4 1432/2/4
f 1415/3/4 1416/3/4 1432/3/4
f 1432/3/4 1416/3/4 1433/3/4
f 1416/5/4 1417/5/4 1434/5/4
f 1433/3/4 1416/3/4 1434/3/4
f 1417/3/4 1418/3/4 1435/3/4
f 1434/5/4 1417/5/4 1435/5/4
f 1435/3/4 1418/3/4 1436/3/4
f 1398/3/4 1419/3/4 1437/3/4
f 1437/3/4 1419/3/4 1438/3/4
f 1419/2/4 1420/2/4 1439/2/4
f 1438/3/4 1419/3/4 1439/3/4
f 1420/3/4 1421/3/4 1440/3/4
f 1439/2/4 1420/2/4 1440/2/4
f 1421/5/4 1422/5/4 1441/5/4
f 1440/3/4 1421/3/4 1441/3/4
f 1422/2/4 1423/2/4 1442/2/4
f 1441/5/4 1422/5/4 1442/5/4
f 1423/3/4 1424/3/4 1443/3/4
f 1442/2/4 1423/2/4 1443/2/4
f 1424/5/4 1425/5/4 1444/5/4
f 1443/3/4 1424/3/4 1444/3/4
f 1425/2/4 1407/2/4 1445/2/4
f 1444/5/4 1425/5/4 1445/5/4
f 1407/3/4 1426/3/4 1446/3/4
f 1445/2/4 1407/2/4 1446/2/4
f 1426/3/4 1427/3/4 1446/3/4
f 1446/3/4 1427/3/4 1447/3/4
f 1427/2/4 1428/2/4 1448/2/4
f 1428/5/4 1429/5/4 1448/5/4
f 1430/3/4 1431/3/4 1449/3/4
f 1448/5/4 1429/5/4 1449/5/4
f 1429/3/4 1430/3/4 1449/3/4
f 1449/3/4 1431/3/4 1450/3/4
f 1431/5/4 1432/5/4 1451/5/4
f 1450/3/4 1431/3/4 1451/3/4
f 1432/3/4 1433/3/4 1452/3/4
f 1451/5/4 1432/5/4 1452/5/4
f 1433/5/4 1434/5/4 1453/5/4
f 1452/3/4 1433/3/4 1453/3/4
f 1434/3/4 1435/3/4 1454/3/4
f 1453/5/4 1434/5/4 1454/5/4
f 1437/5/4 1438/5/4 1455/5/4
f 1438/2/4 1439/2/4 1456/2/4
f 1455/5/4 1438/5/4 1456/5/4
f 1440/2/4 1441/2/4 1457/2/4
f 1439/3/4 1440/3/4 1457/3/4
f 1442/4/4 1443/4/4 1458/4/4
f 1457/2/4 1441/2/4 1458/2/4
f 1441/4/4 1442/4/4 1458/4/4
f 1458/4/4 1443/4/4 1459/4/4
f 1443/2/4 1444/2/4 1460/2/4
f 1459/4/4 1443/4/4 1460/4/4
f 1444/4/4 1445/4/4 1461/4/4
f 1460/2/4 1444/2/4 1461/2/4
f 1445/3/4 1446/3/4 1462/3/4
f 1461/4/4 1445/4/4 1462/4/4
f 1446/2/4 1447/2/4 1463/2/4
f 1462/3/4 1446/3/4 1463/3/4
f 1447/3/4 1427/3/4 1464/3/4
f 1463/2/4 1447/2/4 1464/2/4
f 1427/2/4 1448/2/4 1465/2/4
f 1464/3/4 1427/3/4 1465/3/4
f 1448/3/4 1449/3/4 1466/3/4
f 1465/2/4 1448/2/4 1466/2/4
f 1449/2/4 1450/2/4 1467/2/4
f 1466/3/4 1449/3/4 1467/3/4
f 1450/5/4 1451/5/4 1468/5/4
f 1467/2/4 1450/2/4 1468/2/4
f 1451/3/4 1452/3/4 1469/3/4
f 1468/5/4 1451/5/4 1469/5/4
f 1453/2/4 1454/2/4 1470/2/4
f 1469/3/4 1452/3/4 1470/3/4
f 1452/2/4 1453/2/4 1470/2/4
f 1470/2/4 1454/2/4 1471/2/4
f 1454/3/4 1435/3/4 1472/3/4
f 1471/2/4 1454/2/4 1472/2/4
f 1435/2/4 1436/2/4 1473/2/4
f 1472/3/4 1435/3/4 1473/3/4
f 1455/3/4 1456/3/4 1474/3/4
f 1456/2/4 1439/2/4 1475/2/4
f 1474/3/4 1456/3/4 1475/3/4
f 1458/3/4 1459/3/4 1476/3/4
f 1475/2/4 1439/2/4 1476/2/4
f 1439/3/4 1457/3/4 1476/3/4
f 1457/3/4 1458/3/4 1476/3/4
f 1476/3/4 1459/3/4 1477/3/4
f 1477/3/4 1459/3/4 1478/3/4
f 1459/2/4 1460/2/4 1479/2/4
f 1478/3/4 1459/3/4 1479/3/4
f 1460/3/4 1461/3/4 1480/3/4
f 1479/2/4 1460/2/4 1480/2/4
f 1461/3/4 1462/3/4 1480/3/4
f 1480/3/4 1462/3/4 1481/3/4
f 1463/2/4 1464/2/4 1482/2/4
f 1481/3/4 1462/3/4 1482/3/4
f 1462/2/4 1463/2/4 1482/2/4
f 1464/2/4 1465/2/4 1482/2/4
f 1482/2/4 1465/2/4 1483/2/4
f 1465/3/4 1466/3/4 1484/3/4
f 1483/2/4 1465/2/4 1484/2/4
f 1466/2/4 1467/2/4 1485/2/4
f 1484/3/4 1466/3/4 1485/3/4
f 1467/3/4 1468/3/4 1486/3/4
f 1485/2/4 1467/2/4 1486/2/4
f 1468/4/4 1469/4/4 1487/4/4
f 1486/3/4 1468/3/4 1487/3/4
f 1469/2/4 1470/2/4 1488/2/4
f 1487/4/4 1469/4/4 1488/4/4
f 1470/4/4 1471/4/4 1489/4/4
f 1488/2/4 1470/2/4 1489/2/4
f 1472/2/4 1473/2/4 1490/2/4
f 1489/4/4 1471/4/4 1490/4/4
f 1471/2/4 1472/2/4 1490/2/4
f 1473/2/4 1436/2/4 1491/2/4
f 1490/2/4 1473/2/4 1491/2/4
f 1474/2/4 1475/2/4 1492/2/4
f 1476/3/4 1477/3/4 1492/3/4
f 1475/3/4 1476/3/4 1492/3/4
f 1492/3/4 1477/3/4 1493/3/4
f 1477/5/4 1478/5/4 1494/5/4
f 1493/3/4 1477/3/4 1494/3/4
f 1478/2/4 1479/2/4 1495/2/4
f 1494/5/4 1478/5/4 1495/5/4
f 1479/3/4 1480/3/4 1496/3/4
f 1495/2/4 1479/2/4 1496/2/4
f 1480/5/4 1481/5/4 1497/5/4
f 1496/3/4 1480/3/4 1497/3/4
f 1482/2/4 1483/2/4 1498/2/4
f 1497/5/4 1481/5/4 1498/5/4
f 1481/2/4 1482/2/4 1498/2/4
f 1498/2/4 1483/2/4 1499/2/4
f 1483/3/4 1484/3/4 1500/3/4
f 1499/2/4 1483/2/4 1500/2/4
f 1484/2/4 1485/2/4 1501/2/4
f 1500/3/4 1484/3/4 1501/3/4
f 1485/4/4 1486/4/4 1502/4/4
f 1501/2/4 1485/2/4 1502/2/4
f 1486/2/4 1487/2/4 1503/2/4
f 1502/4/4 1486/4/4 1503/4/4
f 1487/5/4 1488/5/4 1504/5/4
f 1503/2/4 1487/2/4 1504/2/4
f 1488/4/4 1489/4/4 1505/4/4
f 1504/5/4 1488/5/4 1505/5/4
f 1489/2/4 1490/2/4 1506/2/4
f 1505/4/4 1489/4/4 1506/4/4
f 1490/3/4 1491/3/4 1507/3/4
f 1506/2/4 1490/2/4 1507/2/4
f 1507/3/4 1491/3/4 1508/3/4
f 1491/2/4 1436/2/4 1509/2/4
f 1508/3/4 1491/3/4 1509/3/4
f 1509/2/4 1436/2/4 1510/2/4
f 1492/2/4 1493/2/4 1511/2/4
f 1474/2/4 1492/2/4 1511/2/4
f 1511/2/4 1493/2/4 1512/2/4
f 1493/5/4 1494/5/4 1513/5/4
f 1512/2/4 1493/2/4 1513/2/4
f 1494/2/4 1495/2/4 1514/2/4
f 1513/5/4 1494/5/4 1514/5/4
f 1495/4/4 1496/4/4 1515/4/4
f 1514/2/4 1495/2/4 1515/2/4
f 1496/5/4 1497/5/4 1516/5/4
f 1515/4/4 1496/4/4 1516/4/4
f 1497/2/4 1498/2/4 1517/2/4
f 1516/5/4 1497/5/4 1517/5/4
f 1498/4/4 1499/4/4 1518/4/4
f 1517/2/4 1498/2/4 1518/2/4
f 1499/3/4 1500/3/4 1519/3/4
f 1518/4/4 1499/4/4 1519/4/4
f 1500/2/4 1501/2/4 1520/2/4
f 1519/3/4 1500/3/4 1520/3/4
f 1502/3/4 1503/3/4 1521/3/4
f 1520/2/4 1501/2/4 1521/2/4
f 1501/3/4 1502/3/4 1521/3/4
f 1521/3/4 1503/3/4 1522/3/4
f 1503/4/4 1504/4/4 1523/4/4
f 1522/3/4 1503/3/4 1523/3/4
f 1504/2/4 1505/2/4 1524/2/4
f 1523/4/4 1504/4/4 1524/4/4
f 1505/3/4 1506/3/4 1525/3/4
f 1524/2/4 1505/2/4 1525/2/4
f 1506/4/4 1507/4/4 1526/4/4
f 1525/3/4 1506/3/4 1526/3/4
f 1507/3/4 1508/3/4 1527/3/4
f 1526/4/4 1507/4/4 1527/4/4
f 1508/2/4 1509/2/4 1528/2/4
f 1527/3/4 1508/3/4 1528/3/4
f 1511/3/4 1512/3/4 1529/3/4
f 1513/2/4 1514/2/4 1530/2/4
f 1529/3/4 1512/3/4 1530/3/4
f 1512/2/4 1513/2/4 1530/2/4
f 1514/3/4 1515/3/4 1531/3/4
f 1530/2/4 1514/2/4 1531/2/4
f 1515/5/4 1516/5/4 1532/5/4
f 1531/3/4 1515/3/4 1532/3/4
f 1516/3/4 1517/3/4 1533/3/4
f 1532/5/4 1516/5/4 1533/5/4
f 1517/2/4 1518/2/4 1534/2/4
f 1533/3/4 1517/3/4 1534/3/4
f 1518/3/4 1519/3/4 1535/3/4
f 1534/2/4 1518/2/4 1535/2/4
f 1519/5/4 1520/5/4 1536/5/4
f 1535/3/4 1519/3/4 1536/3/4
f 1521/3/4 1522/3/4 1537/3/4
f 1536/5/4 1520/5/4 1537/5/4
f 1520/3/4 1521/3/4 1537/3/4
f 1522/5/4 1523/5/4 1538/5/4
f 1537/3/4 1522/3/4 1538/3/4
f 1523/3/4 1524/3/4 1539/3/4
f 1538/5/4 1523/5/4 1539/5/4
f 1524/3/4 1525/3/4 1539/3/4
f 1525/5/4 1526/5/4 1540/5/4
f 1539/3/4 1525/3/4 1540/3/4
f 1526/3/4 1527/3/4 1541/3/4
f 1540/5/4 1526/5/4 1541/5/4
f 1527/2/4 1528/2/4 1542/2/4
f 1541/3/4 1527/3/4 1542/3/4
f 1528/2/4 1509/2/4 1543/2/4
f 1542/2/4 1528/2/4 1543/2/4
f 1509/3/4 1510/3/4 1543/3/4
f 1543/3/4 1510/3/4 1544/3/4
f 1559/3/5 1546/3/5 1545/3/5
f 1560/2/5 1547/2/5 1546/2/5
f 1560/3/5 1546/3/5 1559/3/5
f 1561/2/5 1547/2/5 1560/2/5
f 1562/3/5 1548/3/5 1547/3/5
f 1562/2/5 1547/2/5 1561/2/5
f 1563/5/5 1549/5/5 1548/5/5
f 1563/3/5 1548/3/5 1562/3/5
f 1564/3/5 1550/3/5 1549/3/5
f 1564/5/5 1549/5/5 1563/5/5
f 1565/3/5 1550/3/5 1564/3/5
f 1566/5/5 1551/5/5 1550/5/5
f 1566/3/5 1550/3/5 1565/3/5
f 1567/3/5 1552/3/5 1551/3/5
f 1567/5/5 1551/5/5 1566/5/5
f 1568/2/5 1553/2/5 1552/2/5
f 1569/3/5 1554/3/5 1553/3/5
f 1569/2/5 1553/2/5 1568/2/5
f 1570/2/5 1555/2/5 1554/2/5
f 1570/3/5 1554/3/5 1569/3/5
f 1571/3/5 1556/3/5 1555/3/5
f 1571/2/5 1555/2/5 1570/2/5
f 1572/2/5 1557/2/5 1556/2/5
f 1572/3/5 1556/3/5 1571/3/5
f 1573/2/5 1557/2/5 1572/2/5
f 1574/2/5 1557/2/5 1573/2/5
f 1575/3/5 1558/3/5 1557/3/5
f 1575/2/5 1557/2/5 1574/2/5
f 1576/3/5 1558/3/5 1575/3/5
f 1577/2/5 1561/2/5 1560/2/5
f 1577/2/5 1560/2/5 1559/2/5
f 1578/3/5 1562/3/5 1561/3/5
f 1578/2/5 1561/2/5 1577/2/5
f 1579/4/5 1563/4/5 1562/4/5
f 1579/3/5 1562/3/5 1578/3/5
f 1580/3/5 1564/3/5 1563/3/5
f 1580/4/5 1563/4/5 1579/4/5
f 1581/2/5 1565/2/5 1564/2/5
f 1581/3/5 1564/3/5 1580/3/5
f 1582/4/5 1566/4/5 1565/4/5
f 1582/2/5 1565/2/5 1581/2/5
f 1583/3/5 1567/3/5 1566/3/5
f 1583/4/5 1566/4/5 1582/4/5
f 1584/3/5 1552/3/5 1567/3/5
f 1584/3/5 1567/3/5 1583/3/5
f 1585/2/5 1568/2/5 1552/2/5
f 1585/3/5 1552/3/5 1584/3/5
f 1586/3/5 1569/3/5 1568/3/5
f 1586/2/5 1568/2/5 1585/2/5
f 1587/2/5 1570/2/5 1569/2/5
f 1587/3/5 1569/3/5 1586/3/5
f 1587/2/5 1571/2/5 1570/2/5
f 1588/2/5 1571/2/5 1587/2/5
f 1589/5/5 1572/5/5 1571/5/5
f 1589/2/5 1571/2/5 1588/2/5
f 1590/3/5 1573/3/5 1572/3/5
f 1590/5/5 1572/5/5 1589/5/5
f 1591/3/5 1573/3/5 1590/3/5
f 1592/2/5 1574/2/5 1573/2/5
f 1592/3/5 1573/3/5 1591/3/5
f 1593/3/5 1575/3/5 1574/3/5
f 1593/2/5 1576/2/5 1575/2/5
f 1594/3/5 1558/3/5 1576/3/5
f 1594/2/5 1576/2/5 1593/2/5
f 1595/3/5 1558/3/5 1594/3/5
f 1596/2/5 1577/2/5 1559/2/5
f 1597/3/5 1578/3/5 1577/3/5
f 1597/2/5 1577/2/5 1596/2/5
f 1597/3/5 1579/3/5 1578/3/5
f 1598/2/5 1580/2/5 1579/2/5
f 1598/3/5 1579/3/5 1597/3/5
f 1599/4/5 1581/4/5 1580/4/5
f 1599/2/5 1580/2/5 1598/2/5
f 1600/5/5 1582/5/5 1581/5/5
f 1600/4/5 1581/4/5 1599/4/5
f 1601/2/5 1583/2/5 1582/2/5
f 1601/5/5 1582/5/5 1600/5/5
f 1602/4/5 1584/4/5 1583/4/5
f 1602/2/5 1583/2/5 1601/2/5
f 1603/2/5 1585/2/5 1584/2/5
f 1603/4/5 1584/4/5 1602/4/5
f 1604/3/5 1586/3/5 1585/3/5
f 1604/2/5 1585/2/5 1603/2/5
f 1605/5/5 1587/5/5 1586/5/5
f 1605/3/5 1586/3/5 1604/3/5
f 1606/2/5 1588/2/5 1587/2/5
f 1606/5/5 1587/5/5 1605/5/5
f 1607/3/5 1589/3/5 1588/3/5
f 1607/2/5 1588/2/5 1606/2/5
f 1607/3/5 1590/3/5 1589/3/5
f 1608/3/5 1590/3/5 1607/3/5
f 1609/5/5 1591/5/5 1590/5/5
f 1609/3/5 1590/3/5 1608/3/5
f 1610/2/5 1592/2/5 1591/2/5
f 1610/5/5 1591/5/5 1609/5/5
f 1611/2/5 1574/2/5 1592/2/5
f 1611/2/5 1592/2/5 1610/2/5
f 1612/3/5 1593/3/5 1574/3/5
f 1612/2/5 1574/2/5 1611/2/5
f 1612/3/5 1594/3/5 1593/3/5
f 1613/3/5 1594/3/5 1612/3/5
f 1614/2/5 1595/2/5 1594/2/5
f 1614/3/5 1594/3/5 1613/3/5
f 1615/3/5 1597/3/5 1596/3/5
f 1616/2/5 1598/2/5 1597/2/5
f 1616/3/5 1597/3/5 1615/3/5
f 1617/2/5 1598/2/5 1616/2/5
f 1618/4/5 1599/4/5 1598/4/5
f 1618/2/5 1598/2/5 1617/2/5
f 1619/2/5 1600/2/5 1599/2/5
f 1619/4/5 1599/4/5 1618/4/5
f 1620/4/5 1601/4/5 1600/4/5
f 1620/2/5 1600/2/5 1619/2/5
f 1621/3/5 1602/3/5 1601/3/5
f 1621/4/5 1601/4/5 1620/4/5
f 1622/2/5 1603/2/5 1602/2/5
f 1622/3/5 1602/3/5 1621/3/5
f 1623/3/5 1604/3/5 1603/3/5
f 1623/2/5 1603/2/5 1622/2/5
f 1624/2/5 1605/2/5 1604/2/5
f 1624/3/5 1604/3/5 1623/3/5
f 1624/2/5 1606/2/5 1605/2/5
f 1625/2/5 1606/2/5 1624/2/5
f 1626/3/5 1607/3/5 1606/3/5
f 1626/2/5 1606/2/5 1625/2/5
f 1627/5/5 1608/5/5 1607/5/5
f 1627/3/5 1607/3/5 1626/3/5
f 1628/3/5 1610/3/5 1609/3/5
f 1628/5/5 1608/5/5 1627/5/5
f 1628/3/5 1609/3/5 1608/3/5
f 1629/3/5 1610/3/5 1628/3/5
f 1630/2/5 1611/2/5 1610/2/5
f 1630/3/5 1610/3/5 1629/3/5
f 1631/4/5 1612/4/5 1611/4/5
f 1631/2/5 1611/2/5 1630/2/5
f 1632/2/5 1613/2/5 1612/2/5
f 1632/4/5 1612/4/5 1631/4/5
f 1633/4/5 1614/4/5 1613/4/5
f 1633/2/5 1613/2/5 1632/2/5
f 1634/2/5 1595/2/5 1614/2/5
f 1634/4/5 1614/4/5 1633/4/5
f 1635/5/5 1616/5/5 1615/5/5
f 1636/3/5 1617/3/5 1616/3/5
f 1636/5/5 1616/5/5 1635/5/5
f 1637/2/5 1618/2/5 1617/2/5
f 1637/3/5 1617/3/5 1636/3/5
f 1637/2/5 1619/2/5 1618/2/5
f 1638/2/5 1619/2/5 1637/2/5
f 1639/3/5 1620/3/5 1619/3/5
f 1639/2/5 1619/2/5 1638/2/5
f 1640/5/5 1621/5/5 1620/5/5
f 1640/3/5 1620/3/5 1639/3/5
f 1641/2/5 1622/2/5 1621/2/5
f 1641/5/5 1621/5/5 1640/5/5
f 1642/3/5 1623/3/5 1622/3/5
f 1642/2/5 1622/2/5 1641/2/5
f 1643/2/5 1624/2/5 1623/2/5
f 1643/3/5 1623/3/5 1642/3/5
f 1644/2/5 1626/2/5 1625/2/5
f 1644/3/5 1625/3/5 1624/3/5
f 1645/4/5 1627/4/5 1626/4/5
f 1645/2/5 1626/2/5 1644/2/5
f 1646/3/5 1628/3/5 1627/3/5
f 1646/4/5 1627/4/5 1645/4/5
f 1647/2/5 1629/2/5 1628/2/5
f 1647/3/5 1628/3/5 1646/3/5
f 1648/5/5 1630/5/5 1629/5/5
f 1648/2/5 1629/2/5 1647/2/5
f 1649/3/5 1631/3/5 1630/3/5
f 1649/5/5 1630/5/5 1648/5/5
f 1650/2/5 1632/2/5 1631/2/5
f 1650/3/5 1631/3/5 1649/3/5
f 1651/4/5 1633/4/5 1632/4/5
f 1651/2/5 1632/2/5 1650/2/5
f 1652/3/5 1634/3/5 1633/3/5
f 1652/4/5 1633/4/5 1651/4/5
f 1653/2/5 1595/2/5 1634/2/5
f 1653/3/5 1634/3/5 1652/3/5
f 1654/3/5 1636/3/5 1635/3/5
f 1654/3/5 1637/3/5 1636/3/5
f 1655/5/5 1638/5/5 1637/5/5
f 1655/3/5 1637/3/5 1654/3/5
f 1656/3/5 1639/3/5 1638/3/5
f 1656/5/5 1638/5/5 1655/5/5
f 1657/5/5 1640/5/5 1639/5/5
f 1657/3/5 1639/3/5 1656/3/5
f 1658/3/5 1642/3/5 1641/3/5
f 1658/5/5 1640/5/5 1657/5/5
f 1658/3/5 1641/3/5 1640/3/5
f 1659/3/5 1642/3/5 1658/3/5
f 1660/5/5 1643/5/5 1642/5/5
f 1660/3/5 1642/3/5 1659/3/5
f 1661/2/5 1624/2/5 1643/2/5
f 1661/5/5 1643/5/5 1660/5/5
f 1662/3/5 1644/3/5 1624/3/5
f 1662/2/5 1624/2/5 1661/2/5
f 1662/3/5 1645/3/5 1644/3/5
f 1663/3/5 1645/3/5 1662/3/5
f 1664/5/5 1646/5/5 1645/5/5
f 1664/3/5 1645/3/5 1663/3/5
f 1665/2/5 1647/2/5 1646/2/5
f 1665/5/5 1646/5/5 1664/5/5
f 1666/4/5 1648/4/5 1647/4/5
f 1666/2/5 1647/2/5 1665/2/5
f 1667/3/5 1649/3/5 1648/3/5
f 1667/4/5 1648/4/5 1666/4/5
f 1668/5/5 1650/5/5 1649/5/5
f 1668/3/5 1649/3/5 1667/3/5
f 1669/4/5 1651/4/5 1650/4/5
f 1669/5/5 1650/5/5 1668/5/5
f 1670/5/5 1652/5/5 1651/5/5
f 1670/4/5 1651/4/5 1669/4/5
f 1671/2/5 1653/2/5 1652/2/5
f 1671/5/5 1652/5/5 1670/5/5
f 1672/2/5 1595/2/5 1653/2/5
f 1672/2/5 1653/2/5 1671/2/5
f 1673/2/5 1595/2/5 1672/2/5
f 1674/3/5 1654/3/5 1635/3/5
f 1675/5/5 1655/5/5 1654/5/5
f 1675/3/5 1654/3/5 1674/3/5
f 1676/3/5 1657/3/5 1656/3/5
f 1676/5/5 1655/5/5 1675/5/5
f 1676/3/5 1656/3/5 1655/3/5
f 1677/3/5 1657/3/5 1676/3/5
f 1678/2/5 1658/2/5 1657/2/5
f 1678/3/5 1657/3/5 1677/3/5
f 1679/4/5 1659/4/5 1658/4/5
f 1679/2/5 1658/2/5 1678/2/5
f 1680/5/5 1660/5/5 1659/5/5
f 1680/4/5 1659/4/5 1679/4/5
f 1681/2/5 1661/2/5 1660/2/5
f 1681/5/5 1660/5/5 1680/5/5
f 1682/3/5 1662/3/5 1661/3/5
f 1682/2/5 1661/2/5 1681/2/5
f 1683/5/5 1663/5/5 1662/5/5
f 1683/3/5 1662/3/5 1682/3/5
f 1684/2/5 1664/2/5 1663/2/5
f 1684/5/5 1663/5/5 1683/5/5
f 1685/3/5 1665/3/5 1664/3/5
f 1685/2/5 1664/2/5 1684/2/5
f 1686/5/5 1667/5/5 1666/5/5
f 1686/3/5 1665/3/5 1685/3/5
f 1686/5/5 1666/5/5 1665/5/5
f 1687/5/5 1667/5/5 1686/5/5
f 1688/3/5 1668/3/5 1667/3/5
f 1688/5/5 1667/5/5 1687/5/5
f 1689/2/5 1669/2/5 1668/2/5
f 1689/3/5 1668/3/5 1688/3/5
f 1690/3/5 1670/3/5 1669/3/5
f 1690/2/5 1669/2/5 1689/2/5
f 1691/2/5 1671/2/5 1670/2/5
f 1691/3/5 1670/3/5 1690/3/5
f 1692/4/5 1672/4/5 1671/4/5
f 1692/2/5 1671/2/5 1691/2/5
f 1693/3/5 1673/3/5 1672/3/5
f 1693/4/5 1672/4/5 1692/4/5
f 1694/3/5 1673/3/5 1693/3/5
f 1695/5/5 1675/5/5 1674/5/5
f 1696/2/5 1676/2/5 1675/2/5
f 1696/5/5 1675/5/5 1695/5/5
f 1697/3/5 1677/3/5 1676/3/5
f 1697/2/5 1676/2/5 1696/2/5
f 1698/5/5 1678/5/5 1677/5/5
f 1698/3/5 1677/3/5 1697/3/5
f 1699/3/5 1679/3/5 1678/3/5
f 1699/5/5 1678/5/5 1698/5/5
f 1700/2/5 1680/2/5 1679/2/5
f 1700/3/5 1679/3/5 1699/3/5
f 1701/5/5 1681/5/5 1680/5/5
f 1701/2/5 1680/2/5 1700/2/5
f 1702/3/5 1682/3/5 1681/3/5
f 1702/5/5 1681/5/5 1701/5/5
f 1703/2/5 1684/2/5 1683/2/5
f 1703/3/5 1682/3/5 1702/3/5
f 1703/2/5 1683/2/5 1682/2/5
f 1704/2/5 1684/2/5 1703/2/5
f 1705/3/5 1685/3/5 1684/3/5
f 1705/2/5 1684/2/5 1704/2/5
f 1706/4/5 1686/4/5 1685/4/5
f 1706/3/5 1685/3/5 1705/3/5
f 1707/3/5 1687/3/5 1686/3/5
f 1707/4/5 1686/4/5 1706/4/5
f 1708/2/5 1688/2/5 1687/2/5
f 1708/3/5 1687/3/5 1707/3/5
f 1709/5/5 1689/5/5 1688/5/5
f 1709/2/5 1688/2/5 1708/2/5
f 1710/3/5 1690/3/5 1689/3/5
f 1710/5/5 1689/5/5 1709/5/5
f 1711/2/5 1691/2/5 1690/2/5
f 1711/3/5 1690/3/5 1710/3/5
f 1712/4/5 1692/4/5 1691/4/5
f 1712/2/5 1691/2/5 1711/2/5
f 1713/3/5 1693/3/5 1692/3/5
f 1713/4/5 1692/4/5 1712/4/5
f 1714/2/5 1694/2/5 1693/2/5
f 1714/3/5 1693/3/5 1713/3/5
f 1715/2/5 1694/2/5 1714/2/5
f 1716/3/5 1696/3/5 1695/3/5
f 1717/2/5 1698/2/5 1697/2/5
f 1717/3/5 1696/3/5 1716/3/5
f 1717/2/5 1697/2/5 1696/2/5
f 1718/2/5 1698/2/5 1717/2/5
f 1719/3/5 1699/3/5 1698/3/5
f 1719/2/5 1698/2/5 1718/2/5
f 1720/4/5 1700/4/5 1699/4/5
f 1720/3/5 1699/3/5 1719/3/5
f 1721/5/5 1701/5/5 1700/5/5
f 1721/4/5 1700/4/5 1720/4/5
f 1722/3/5 1702/3/5 1701/3/5
f 1722/5/5 1701/5/5 1721/5/5
f 1723/4/5 1703/4/5 1702/4/5
f 1723/3/5 1702/3/5 1722/3/5
f 1724/3/5 1704/3/5 1703/3/5
f 1724/4/5 1703/4/5 1723/4/5
f 1725/2/5 1706/2/5 1705/2/5
f 1725/3/5 1704/3/5 1724/3/5
f 1725/2/5 1705/2/5 1704/2/5
f 1726/2/5 1706/2/5 1725/2/5
f 1727/3/5 1707/3/5 1706/3/5
f 1727/2/5 1706/2/5 1726/2/5
f 1728/2/5 1708/2/5 1707/2/5
f 1728/3/5 1707/3/5 1727/3/5
f 1729/3/5 1709/3/5 1708/3/5
f 1729/2/5 1708/2/5 1728/2/5
f 1730/2/5 1711/2/5 1710/2/5
f 1730/3/5 1709/3/5 1729/3/5
f 1730/2/5 1710/2/5 1709/2/5
f 1731/3/5 1712/3/5 1711/3/5
f 1731/2/5 1711/2/5 1730/2/5
f 1732/2/5 1713/2/5 1712/2/5
f 1732/3/5 1712/3/5 1731/3/5
f 1733/3/5 1715/3/5 1714/3/5
f 1733/2/5 1713/2/5 1732/2/5
f 1733/3/5 1714/3/5 1713/3/5
f 1734/3/5 1715/3/5 1733/3/5
f 1735/3/5 1718/3/5 1717/3/5
f 1735/2/5 1717/2/5 1716/2/5
f 1736/5/5 1719/5/5 1718/5/5
f 1736/3/5 1718/3/5 1735/3/5
f 1737/2/5 1720/2/5 1719/2/5
f 1737/5/5 1719/5/5 1736/5/5
f 1737/2/5 1721/2/5 1720/2/5
f 1738/2/5 1721/2/5 1737/2/5
f 1739/3/5 1722/3/5 1721/3/5
f 1739/2/5 1721/2/5 1738/2/5
f 1740/2/5 1723/2/5 1722/2/5
f 1740/3/5 1722/3/5 1739/3/5
f 1741/3/5 1724/3/5 1723/3/5
f 1741/2/5 1723/2/5 1740/2/5
f 1742/2/5 1726/2/5 1725/2/5
f 1742/3/5 1724/3/5 1741/3/5
f 1742/2/5 1725/2/5 1724/2/5
f 1743/2/5 1726/2/5 1742/2/5
f 1744/3/5 1727/3/5 1726/3/5
f 1744/2/5 1726/2/5 1743/2/5
f 1745/2/5 1728/2/5 1727/2/5
f 1745/3/5 1727/3/5 1744/3/5
f 1745/2/5 1729/2/5 1728/2/5
f 1746/2/5 1729/2/5 1745/2/5
f 1747/5/5 1730/5/5 1729/5/5
f 1747/2/5 1729/2/5 1746/2/5
f 1748/3/5 1731/3/5 1730/3/5
f 1748/5/5 1730/5/5 1747/5/5
f 1749/3/5 1731/3/5 1748/3/5
f 1750/2/5 1732/2/5 1731/2/5
f 1750/3/5 1731/3/5 1749/3/5
f 1751/3/5 1733/3/5 1732/3/5
f 1751/2/5 1732/2/5 1750/2/5
f 1752/2/5 1734/2/5 1733/2/5
f 1752/3/5 1733/3/5 1751/3/5
f 1753/2/5 1734/2/5 1752/2/5
f 1754/2/5 1736/2/5 1735/2/5
f 1754/2/5 1735/2/5 1716/2/5
f 1755/3/5 1737/3/5 1736/3/5
f 1755/2/5 1736/2/5 1754/2/5
f 1756/2/5 1738/2/5 1737/2/5
f 1756/3/5 1737/3/5 1755/3/5
f 1757/3/5 1739/3/5 1738/3/5
f 1757/2/5 1738/2/5 1756/2/5
f 1757/3/5 1740/3/5 1739/3/5
f 1758/5/5 1741/5/5 1740/5/5
f 1758/3/5 1740/3/5 1757/3/5
f 1759/2/5 1743/2/5 1742/2/5
f 1759/5/5 1741/5/5 1758/5/5
f 1759/2/5 1742/2/5 1741/2/5
f 1760/2/5 1743/2/5 1759/2/5
f 1761/3/5 1744/3/5 1743/3/5
f 1761/2/5 1743/2/5 1760/2/5
f 1762/2/5 1745/2/5 1744/2/5
f 1762/3/5 1744/3/5 1761/3/5
f 1763/2/5 1748/2/5 1747/2/5
f 1763/2/5 1747/2/5 1746/2/5
f 1763/3/5 1746/3/5 1745/3/5
f 1764/2/5 1748/2/5 1763/2/5
f 1765/3/5 1749/3/5 1748/3/5
f 1765/2/5 1748/2/5 1764/2/5
f 1766/2/5 1750/2/5 1749/2/5
f 1766/3/5 1749/3/5 1765/3/5
f 1766/2/5 1751/2/5 1750/2/5
f 1767/2/5 1751/2/5 1766/2/5
f 1768/5/5 1752/5/5 1751/5/5
f 1768/2/5 1751/2/5 1767/2/5
f 1769/3/5 1753/3/5 1752/3/5
f 1769/5/5 1752/5/5 1768/5/5
f 1770/2/5 1734/2/5 1753/2/5
f 1770/3/5 1753/3/5 1769/3/5
f 1771/2/5 1734/2/5 1770/2/5
f 1772/3/5 1755/3/5 1754/3/5
f 1773/3/5 1755/3/5 1772/3/5
f 1774/2/5 1756/2/5 1755/2/5
f 1774/3/5 1755/3/5 1773/3/5
f 1775/3/5 1757/3/5 1756/3/5
f 1775/2/5 1756/2/5 1774/2/5
f 1776/2/5 1758/2/5 1757/2/5
f 1776/3/5 1757/3/5 1775/3/5
f 1777/2/5 1758/2/5 1776/2/5
f 1778/3/5 1759/3/5 1758/3/5
f 1778/2/5 1758/2/5 1777/2/5
f 1779/2/5 1760/2/5 1759/2/5
f 1779/3/5 1759/3/5 1778/3/5
f 1780/3/5 1761/3/5 1760/3/5
f 1780/2/5 1760/2/5 1779/2/5
f 1781/2/5 1762/2/5 1761/2/5
f 1781/3/5 1761/3/5 1780/3/5
f 1782/2/5 1745/2/5 1762/2/5
f 1782/2/5 1762/2/5 1781/2/5
f 1783/3/5 1763/3/5 1745/3/5
f 1783/2/5 1745/2/5 1782/2/5
f 1784/4/5 1764/4/5 1763/4/5
f 1784/3/5 1763/3/5 1783/3/5
f 1785/3/5 1765/3/5 1764/3/5
f 1785/4/5 1764/4/5 1784/4/5
f 1786/5/5 1766/5/5 1765/5/5
f 1786/3/5 1765/3/5 1785/3/5
f 1787/4/5 1767/4/5 1766/4/5
f 1787/5/5 1766/5/5 1786/5/5
f 1788/3/5 1768/3/5 1767/3/5
f 1788/4/5 1767/4/5 1787/4/5
f 1789/2/5 1769/2/5 1768/2/5
f 1789/3/5 1768/3/5 1788/3/5
f 1789/2/5 1770/2/5 1769/2/5
f 1790/2/5 1770/2/5 1789/2/5
f 1791/3/5 1771/3/5 1770/3/5
f 1791/2/5 1770/2/5 1790/2/5
f 1792/3/5 1771/3/5 1791/3/5
f 1793/2/5 1773/2/5 1772/2/5
f 1794/3/5 1774/3/5 1773/3/5
f 1794/2/5 1773/2/5 1793/2/5
f 1795/4/5 1775/4/5 1774/4/5
f 1795/3/5 1774/3/5 1794/3/5
f 1796/2/5 1776/2/5 1775/2/5
f 1796/4/5 1775/4/5 1795/4/5
f 1797/3/5 1777/3/5 1776/3/5
f 1797/2/5 1776/2/5 1796/2/5
f 1798/5/5 1778/5/5 1777/5/5
f 1798/3/5 1777/3/5 1797/3/5
f 1799/2/5 1779/2/5 1778/2/5
f 1799/5/5 1778/5/5 1798/5/5
f 1800/3/5 1780/3/5 1779/3/5
f 1800/2/5 1779/2/5 1799/2/5
f 1801/4/5 1781/4/5 1780/4/5
f 1801/3/5 1780/3/5 1800/3/5
f 1802/3/5 1782/3/5 1781/3/5
f 1802/4/5 1781/4/5 1801/4/5
f 1803/2/5 1784/2/5 1783/2/5
f 1803/3/5 1782/3/5 1802/3/5
f 1803/2/5 1783/2/5 1782/2/5
f 1804/2/5 1784/2/5 1803/2/5
f 1805/3/5 1785/3/5 1784/3/5
f 1805/2/5 1784/2/5 1804/2/5
f 1806/5/5 1786/5/5 1785/5/5
f 1806/3/5 1785/3/5 1805/3/5
f 1807/2/5 1787/2/5 1786/2/5
f 1807/5/5 1786/5/5 1806/5/5
f 1808/3/5 1788/3/5 1787/3/5
f 1808/2/5 1787/2/5 1807/2/5
f 1809/5/5 1789/5/5 1788/5/5
f 1809/3/5 1788/3/5 1808/3/5
f 1810/3/5 1790/3/5 1789/3/5
f 1810/5/5 1789/5/5 1809/5/5
f 1811/2/5 1791/2/5 1790/2/5
f 1811/3/5 1790/3/5 1810/3/5
f 1812/5/5 1792/5/5 1791/5/5
f 1812/2/5 1791/2/5 1811/2/5
f 1813/5/5 1792/5/5 1812/5/5
f 1814/3/5 1794/3/5 1793/3/5
f 1815/4/5 1795/4/5 1794/4/5
f 1815/3/5 1794/3/5 1814/3/5
f 1816/2/5 1796/2/5 1795/2/5
f 1816/4/5 1795/4/5 1815/4/5
f 1817/3/5 1797/3/5 1796/3/5
f 1817/2/5 1796/2/5 1816/2/5
f 1818/2/5 1798/2/5 1797/2/5
f 1818/3/5 1797/3/5 1817/3/5
f 1819/3/5 1799/3/5 1798/3/5
f 1819/2/5 1798/2/5 1818/2/5
f 1820/5/5 1800/5/5 1799/5/5
f 1820/3/5 1799/3/5 1819/3/5
f 1820/5/5 1801/5/5 1800/5/5
f 1821/5/5 1801/5/5 1820/5/5
f 1822/3/5 1802/3/5 1801/3/5
f 1822/5/5 1801/5/5 1821/5/5
f 1823/2/5 1803/2/5 1802/2/5
f 1823/3/5 1802/3/5 1822/3/5
f 1824/5/5 1804/5/5 1803/5/5
f 1824/2/5 1803/2/5 1823/2/5
f 1825/3/5 1805/3/5 1804/3/5
f 1825/5/5 1804/5/5 1824/5/5
f 1826/2/5 1806/2/5 1805/2/5
f 1826/3/5 1805/3/5 1825/3/5
f 1827/5/5 1807/5/5 1806/5/5
f 1827/2/5 1806/2/5 1826/2/5
f 1828/4/5 1808/4/5 1807/4/5
f 1828/5/5 1807/5/5 1827/5/5
f 1829/2/5 1809/2/5 1808/2/5
f 1829/4/5 1808/4/5 1828/4/5
f 1830/3/5 1811/3/5 1810/3/5
f 1830/2/5 1809/2/5 1829/2/5
f 1830/3/5 1810/3/5 1809/3/5
f 1831/3/5 1811/3/5 1830/3/5
f 1832/5/5 1812/5/5 1811/5/5
f 1832/3/5 1811/3/5 1831/3/5
f 1833/3/5 1813/3/5 1812/3/5
f 1833/5/5 1812/5/5 1832/5/5
f 1834/2/5 1816/2/5 1815/2/5
f 1834/2/5 1815/2/5 1814/2/5
f 1835/5/5 1817/5/5 1816/5/5
f 1835/2/5 1816/2/5 1834/2/5
f 1836/4/5 1818/4/5 1817/4/5
f 1836/5/5 1817/5/5 1835/5/5
f 1837/5/5 1819/5/5 1818/5/5
f 1837/4/5 1818/4/5 1836/4/5
f 1838/3/5 1820/3/5 1819/3/5
f 1838/5/5 1819/5/5 1837/5/5
f 1839/4/5 1821/4/5 1820/4/5
f 1839/3/5 1820/3/5 1838/3/5
f 1840/2/5 1822/2/5 1821/2/5
f 1840/4/5 1821/4/5 1839/4/5
f 1841/5/5 1823/5/5 1822/5/5
f 1841/2/5 1822/2/5 1840/2/5
f 1842/3/5 1824/3/5 1823/3/5
f 1842/5/5 1823/5/5 1841/5/5
f 1842/3/5 1825/3/5 1824/3/5
f 1843/3/5 1825/3/5 1842/3/5
f 1844/2/5 1826/2/5 1825/2/5
f 1844/5/5 1827/5/5 1826/5/5
f 1845/3/5 1829/3/5 1828/3/5
f 1845/5/5 1827/5/5 1844/5/5
f 1845/3/5 1828/3/5 1827/3/5
f 1846/3/5 1829/3/5 1845/3/5
f 1847/5/5 1830/5/5 1829/5/5
f 1847/3/5 1829/3/5 1846/3/5
f 1848/3/5 1831/3/5 1830/3/5
f 1848/5/5 1830/5/5 1847/5/5
f 1849/5/5 1832/5/5 1831/5/5
f 1849/3/5 1831/3/5 1848/3/5
f 1850/3/5 1833/3/5 1832/3/5
f 1850/5/5 1832/5/5 1849/5/5
f 1851/3/5 1813/3/5 1833/3/5
f 1851/3/5 1833/3/5 1850/3/5
f 1852/3/5 1813/3/5 1851/3/5
f 1853/3/5 1835/3/5 1834/3/5
f 1853/2/5 1834/2/5 1814/2/5
f 1854/4/5 1836/4/5 1835/4/5
f 1854/3/5 1835/3/5 1853/3/5
f 1855/2/5 1837/2/5 1836/2/5
f 1855/4/5 1836/4/5 1854/4/5
f 1856/3/5 1838/3/5 1837/3/5
f 1856/2/5 1837/2/5 1855/2/5
f 1857/5/5 1839/5/5 1838/5/5
f 1857/3/5 1838/3/5 1856/3/5
f 1858/2/5 1840/2/5 1839/2/5
f 1858/5/5 1839/5/5 1857/5/5
f 1859/3/5 1841/3/5 1840/3/5
f 1859/2/5 1840/2/5 1858/2/5
f 1860/4/5 1842/4/5 1841/4/5
f 1860/3/5 1841/3/5 1859/3/5
f 1861/2/5 1843/2/5 1842/2/5
f 1861/4/5 1842/4/5 1860/4/5
f 1862/3/5 1825/3/5 1843/3/5
f 1862/2/5 1843/2/5 1861/2/5
f 1863/2/5 1844/2/5 1825/2/5
f 1863/3/5 1825/3/5 1862/3/5
f 1864/3/5 1845/3/5 1844/3/5
f 1864/2/5 1844/2/5 1863/2/5
f 1865/2/5 1846/2/5 1845/2/5
f 1865/3/5 1845/3/5 1864/3/5
f 1866/5/5 1847/5/5 1846/5/5
f 1866/2/5 1846/2/5 1865/2/5
f 1867/3/5 1848/3/5 1847/3/5
f 1867/5/5 1847/5/5 1866/5/5
f 1868/2/5 1850/2/5 1849/2/5
f 1868/3/5 1848/3/5 1867/3/5
f 1868/2/5 1849/2/5 1848/2/5
f 1869/2/5 1850/2/5 1868/2/5
f 1870/3/5 1851/3/5 1850/3/5
f 1870/2/5 1850/2/5 1869/2/5
f 1871/5/5 1852/5/5 1851/5/5
f 1871/3/5 1851/3/5 1870/3/5
f 1872/5/5 1852/5/5 1871/5/5
f 1873/2/5 1853/2/5 1814/2/5
f 1873/4/5 1854/4/5 1853/4/5
f 1874/2/5 1855/2/5 1854/2/5
f 1874/4/5 1854/4/5 1873/4/5
f 1875/4/5 1856/4/5 1855/4/5
f 1875/2/5 1855/2/5 1874/2/5
f 1876/2/5 1857/2/5 1856/2/5
f 1876/4/5 1856/4/5 1875/4/5
f 1877/3/5 1858/3/5 1857/3/5
f 1877/2/5 1857/2/5 1876/2/5
f 1877/3/5 1859/3/5 1858/3/5
f 1878/3/5 1859/3/5 1877/3/5
f 1879/5/5 1860/5/5 1859/5/5
f 1879/3/5 1859/3/5 1878/3/5
f 1880/3/5 1861/3/5 1860/3/5
f 1880/5/5 1860/5/5 1879/5/5
f 1881/2/5 1862/2/5 1861/2/5
f 1881/3/5 1861/3/5 1880/3/5
f 1881/2/5 1863/2/5 1862/2/5
f 1882/2/5 1863/2/5 1881/2/5
f 1883/3/5 1864/3/5 1863/3/5
f 1883/2/5 1863/2/5 1882/2/5
f 1884/2/5 1865/2/5 1864/2/5
f 1884/3/5 1864/3/5 1883/3/5
f 1885/3/5 1866/3/5 1865/3/5
f 1885/2/5 1865/2/5 1884/2/5
f 1886/4/5 1867/4/5 1866/4/5
f 1886/3/5 1866/3/5 1885/3/5
f 1887/2/5 1868/2/5 1867/2/5
f 1887/4/5 1867/4/5 1886/4/5
f 1888/4/5 1869/4/5 1868/4/5
f 1888/2/5 1868/2/5 1887/2/5
f 1889/2/5 1870/2/5 1869/2/5
f 1889/4/5 1869/4/5 1888/4/5
f 1889/2/5 1871/2/5 1870/2/5
f 1890/3/5 1872/3/5 1871/3/5
f 1890/2/5 1871/2/5 1889/2/5
f 1891/3/5 1872/3/5 1890/3/5
f 1892/2/5 1873/2/5 1814/2/5
f 1893/3/5 1875/3/5 1874/3/5
f 1893/2/5 1873/2/5 1892/2/5
f 1893/3/5 1874/3/5 1873/3/5
f 1894/3/5 1875/3/5 1893/3/5
f 1895/2/5 1876/2/5 1875/2/5
f 1895/3/5 1875/3/5 1894/3/5
f 1895/2/5 1877/2/5 1876/2/5
f 1896/5/5 1878/5/5 1877/5/5
f 1896/2/5 1877/2/5 1895/2/5
f 1897/3/5 1879/3/5 1878/3/5
f 1897/5/5 1878/5/5 1896/5/5
f 1897/3/5 1880/3/5 1879/3/5
f 1898/3/5 1880/3/5 1897/3/5
f 1899/2/5 1881/2/5 1880/2/5
f 1899/3/5 1880/3/5 1898/3/5
f 1900/5/5 1882/5/5 1881/5/5
f 1900/2/5 1881/2/5 1899/2/5
f 1901/3/5 1883/3/5 1882/3/5
f 1901/5/5 1882/5/5 1900/5/5
f 1902/2/5 1884/2/5 1883/2/5
f 1902/3/5 1883/3/5 1901/3/5
f 1903/4/5 1885/4/5 1884/4/5
f 1903/2/5 1884/2/5 1902/2/5
f 1904/2/5 1886/2/5 1885/2/5
f 1904/4/5 1885/4/5 1903/4/5
f 1905/5/5 1887/5/5 1886/5/5
f 1905/2/5 1886/2/5 1904/2/5
f 1906/4/5 1888/4/5 1887/4/5
f 1906/5/5 1887/5/5 1905/5/5
f 1907/2/5 1889/2/5 1888/2/5
f 1907/4/5 1888/4/5 1906/4/5
f 1908/3/5 1890/3/5 1889/3/5
f 1908/2/5 1889/2/5 1907/2/5
f 1909/2/5 1891/2/5 1890/2/5
f 1909/3/5 1890/3/5 1908/3/5
f 1910/2/5 1909/2/5 1908/2/5
f 1910/2/5 1891/2/5 1909/2/5
f 1911/2/5 1891/2/5 1910/2/5
f 1912/3/5 1894/3/5 1893/3/5
f 1912/3/5 1893/3/5 1892/3/5
f 1913/2/5 1896/2/5 1895/2/5
f 1913/3/5 1894/3/5 1912/3/5
f 1913/2/5 1895/2/5 1894/2/5
f 1913/2/5 1897/2/5 1896/2/5
f 1914/3/5 1898/3/5 1897/3/5
f 1914/2/5 1897/2/5 1913/2/5
f 1915/2/5 1899/2/5 1898/2/5
f 1915/3/5 1898/3/5 1914/3/5
f 1916/3/5 1900/3/5 1899/3/5
f 1916/2/5 1899/2/5 1915/2/5
f 1917/2/5 1902/2/5 1901/2/5
f 1917/3/5 1900/3/5 1916/3/5
f 1917/2/5 1901/2/5 1900/2/5
f 1918/3/5 1903/3/5 1902/3/5
f 1918/2/5 1902/2/5 1917/2/5
f 1919/5/5 1904/5/5 1903/5/5
f 1919/3/5 1903/3/5 1918/3/5
f 1920/3/5 1905/3/5 1904/3/5
f 1920/5/5 1904/5/5 1919/5/5
f 1920/3/5 1906/3/5 1905/3/5
f 1921/5/5 1907/5/5 1906/5/5
f 1921/3/5 1906/3/5 1920/3/5
f 1922/3/5 1908/3/5 1907/3/5
f 1922/5/5 1907/5/5 1921/5/5
f 1923/2/5 1910/2/5 1908/2/5
f 1923/3/5 1908/3/5 1922/3/5
f 1924/3/5 1911/3/5 1910/3/5
f 1924/2/5 1910/2/5 1923/2/5
f 1925/3/5 1911/3/5 1924/3/5
f 1926/3/6 1927/3/6 1940/3/6
f 1927/2/6 1928/2/6 1941/2/6
f 1940/3/6 1927/3/6 1941/3/6
f 1941/2/6 1928/2/6 1942/2/6
f 1942/2/6 1928/2/6 1943/2/6
f 1928/3/6 1929/3/6 1944/3/6
f 1943/2/6 1928/2/6 1944/2/6
f 1929/2/6 1930/2/6 1945/2/6
f 1944/3/6 1929/3/6 1945/3/6
f 1930/3/6 1931/3/6 1946/3/6
f 1945/2/6 1930/2/6 1946/2/6
f 1931/2/6 1932/2/6 1947/2/6
f 1946/3/6 1931/3/6 1947/3/6
f 1947/2/6 1932/2/6 1948/2/6
f 1932/3/6 1933/3/6 1949/3/6
f 1933/5/6 1934/5/6 1949/5/6
f 1934/3/6 1935/3/6 1950/3/6
f 1949/5/6 1934/5/6 1950/5/6
f 1950/3/6 1935/3/6 1951/3/6
f 1935/5/6 1936/5/6 1952/5/6
f 1951/3/6 1935/3/6 1952/3/6
f 1936/3/6 1937/3/6 1953/3/6
f 1952/5/6 1936/5/6 1953/5/6
f 1937/2/6 1938/2/6 1954/2/6
f 1953/3/6 1937/3/6 1954/3/6
f 1954/2/6 1938/2/6 1955/2/6
f 1938/3/6 1939/3/6 1956/3/6
f 1955/2/6 1938/2/6 1956/2/6
f 1956/3/6 1939/3/6 1957/3/6
f 1926/3/6 1940/3/6 1958/3/6
f 1940/2/6 1941/2/6 1959/2/6
f 1958/3/6 1940/3/6 1959/3/6
f 1941/3/6 1942/3/6 1960/3/6
f 1959/2/6 1941/2/6 1960/2/6
f 1942/2/6 1943/2/6 1961/2/6
f 1943/3/6 1944/3/6 1961/3/6
f 1961/3/6 1944/3/6 1962/3/6
f 1944/5/6 1945/5/6 1963/5/6
f 1962/3/6 1944/3/6 1963/3/6
f 1945/2/6 1946/2/6 1964/2/6
f 1963/5/6 1945/5/6 1964/5/6
f 1946/2/6 1947/2/6 1964/2/6
f 1964/2/6 1947/2/6 1965/2/6
f 1947/3/6 1948/3/6 1966/3/6
f 1965/2/6 1947/2/6 1966/2/6
f 1948/2/6 1932/2/6 1967/2/6
f 1966/3/6 1948/3/6 1967/3/6
f 1932/3/6 1949/3/6 1968/3/6
f 1967/2/6 1932/2/6 1968/2/6
f 1949/3/6 1950/3/6 1968/3/6
f 1968/3/6 1950/3/6 1969/3/6
f 1950/4/6 1951/4/6 1970/4/6
f 1969/3/6 1950/3/6 1970/3/6
f 1951/2/6 1952/2/6 1971/2/6
f 1970/4/6 1951/4/6 1971/4/6
f 1952/3/6 1953/3/6 1972/3/6
f 1971/2/6 1952/2/6 1972/2/6
f 1953/4/6 1954/4/6 1973/4/6
f 1972/3/6 1953/3/6 1973/3/6
f 1954/3/6 1955/3/6 1974/3/6
f 1973/4/6 1954/4/6 1974/4/6
f 1955/2/6 1956/2/6 1975/2/6
f 1974/3/6 1955/3/6 1975/3/6
f 1956/2/6 1957/2/6 1975/2/6
f 1975/2/6 1957/2/6 1976/2/6
f 1959/3/6 1960/3/6 1977/3/6
f 1958/2/6 1959/2/6 1977/2/6
f 1960/3/6 1942/3/6 1978/3/6
f 1977/3/6 1960/3/6 1978/3/6
f 1961/2/6 1962/2/6 1979/2/6
f 1978/3/6 1942/3/6 1979/3/6
f 1942/2/6 1961/2/6 1979/2/6
f 1979/2/6 1962/2/6 1980/2/6
f 1962/5/6 1963/5/6 1981/5/6
f 1980/2/6 1962/2/6 1981/2/6
f 1964/3/6 1965/3/6 1982/3/6
f 1981/5/6 1963/5/6 1982/5/6
f 1963/3/6 1964/3/6 1982/3/6
f 1982/3/6 1965/3/6 1983/3/6
f 1965/2/6 1966/2/6 1984/2/6
f 1983/3/6 1965/3/6 1984/3/6
f 1966/5/6 1967/5/6 1985/5/6
f 1984/2/6 1966/2/6 1985/2/6
f 1967/3/6 1968/3/6 1986/3/6
f 1985/5/6 1967/5/6 1986/5/6
f 1968/2/6 1969/2/6 1987/2/6
f 1986/3/6 1968/3/6 1987/3/6
f 1969/4/6 1970/4/6 1988/4/6
f 1987/2/6 1969/2/6 1988/2/6
f 1970/2/6 1971/2/6 1989/2/6
f 1988/4/6 1970/4/6 1989/4/6
f 1971/5/6 1972/5/6 1990/5/6
f 1989/2/6 1971/2/6 1990/2/6
f 1972/4/6 1973/4/6 1991/4/6
f 1990/5/6 1972/5/6 1991/5/6
f 1973/2/6 1974/2/6 1992/2/6
f 1991/4/6 1973/4/6 1992/4/6
f 1975/3/6 1976/3/6 1993/3/6
f 1992/2/6 1974/2/6 1993/2/6
f 1974/3/6 1975/3/6 1993/3/6
f 1976/2/6 1957/2/6 1994/2/6
f 1993/3/6 1976/3/6 1994/3/6
f 1994/2/6 1957/2/6 1995/2/6
f 1958/2/6 1977/2/6 1996/2/6
f 1977/4/6 1978/4/6 1996/4/6
f 1978/2/6 1979/2/6 1997/2/6
f 1996/4/6 1978/4/6 1997/4/6
f 1979/4/6 1980/4/6 1998/4/6
f 1997/2/6 1979/2/6 1998/2/6
f 1980/2/6 1981/2/6 1999/2/6
f 1998/4/6 1980/4/6 1999/4/6
f 1982/3/6 1983/3/6 2000/3/6
f 1999/2/6 1981/2/6 2000/2/6
f 1981/3/6 1982/3/6 2000/3/6
f 2000/3/6 1983/3/6 2001/3/6
f 1983/5/6 1984/5/6 2002/5/6
f 2001/3/6 1983/3/6 2002/3/6
f 1984/3/6 1985/3/6 2003/3/6
f 2002/5/6 1984/5/6 2003/5/6
f 1985/2/6 1986/2/6 2004/2/6
f 2003/3/6 1985/3/6 2004/3/6
f 1986/2/6 1987/2/6 2004/2/6
f 2004/2/6 1987/2/6 2005/2/6
f 1987/3/6 1988/3/6 2006/3/6
f 2005/2/6 1987/2/6 2006/2/6
f 1988/2/6 1989/2/6 2007/2/6
f 2006/3/6 1988/3/6 2007/3/6
f 1989/3/6 1990/3/6 2008/3/6
f 2007/2/6 1989/2/6 2008/2/6
f 1990/4/6 1991/4/6 2009/4/6
f 2008/3/6 1990/3/6 2009/3/6
f 1991/2/6 1992/2/6 2010/2/6
f 2009/4/6 1991/4/6 2010/4/6
f 1992/4/6 1993/4/6 2011/4/6
f 2010/2/6 1992/2/6 2011/2/6
f 1993/2/6 1994/2/6 2012/2/6
f 2011/4/6 1993/4/6 2012/4/6
f 2012/2/6 1994/2/6 2013/2/6
f 1994/3/6 1995/3/6 2014/3/6
f 2013/2/6 1994/2/6 2014/2/6
f 2014/3/6 1995/3/6 2015/3/6
f 1996/3/6 1997/3/6 2016/3/6
f 1958/2/6 1996/2/6 2016/2/6
f 1997/4/6 1998/4/6 2017/4/6
f 2016/3/6 1997/3/6 2017/3/6
f 1998/2/6 1999/2/6 2018/2/6
f 2017/4/6 1998/4/6 2018/4/6
f 1999/3/6 2000/3/6 2019/3/6
f 2018/2/6 1999/2/6 2019/2/6
f 2000/5/6 2001/5/6 2020/5/6
f 2019/3/6 2000/3/6 2020/3/6
f 2001/2/6 2002/2/6 2021/2/6
f 2020/5/6 2001/5/6 2021/5/6
f 2002/3/6 2003/3/6 2022/3/6
f 2021/2/6 2002/2/6 2022/2/6
f 2003/4/6 2004/4/6 2023/4/6
f 2022/3/6 2003/3/6 2023/3/6
f 2004/2/6 2005/2/6 2024/2/6
f 2023/4/6 2004/4/6 2024/4/6
f 2005/3/6 2006/3/6 2025/3/6
f 2024/2/6 2005/2/6 2025/2/6
f 2006/2/6 2007/2/6 2026/2/6
f 2007/3/6 2008/3/6 2026/3/6
f 2008/2/6 2009/2/6 2027/2/6
f 2026/3/6 2008/3/6 2027/3/6
f 2009/5/6 2010/5/6 2028/5/6
f 2027/2/6 2009/2/6 2028/2/6
f 2010/3/6 2011/3/6 2029/3/6
f 2028/5/6 2010/5/6 2029/5/6
f 2012/2/6 2013/2/6 2030/2/6
f 2029/3/6 2011/3/6 2030/3/6
f 2011/2/6 2012/2/6 2030/2/6
f 2030/2/6 2013/2/6 2031/2/6
f 2013/3/6 2014/3/6 2032/3/6
f 2031/2/6 2013/2/6 2032/2/6
f 2014/5/6 2015/5/6 2033/5/6
f 2032/3/6 2014/3/6 2033/3/6
f 2033/5/6 2015/5/6 2034/5/6
f 2016/2/6 2017/2/6 2035/2/6
f 1958/2/6 2016/2/6 2035/2/6
f 2035/2/6 2017/2/6 2036/2/6
f 2017/5/6 2018/5/6 2037/5/6
f 2036/2/6 2017/2/6 2037/2/6
f 2018/4/6 2019/4/6 2038/4/6
f 2037/5/6 2018/5/6 2038/5/6
f 2019/5/6 2020/5/6 2039/5/6
f 2038/4/6 2019/4/6 2039/4/6
f 2020/3/6 2021/3/6 2040/3/6
f 2039/5/6 2020/5/6 2040/5/6
f 2021/4/6 2022/4/6 2041/4/6
f 2040/3/6 2021/3/6 2041/3/6
f 2022/2/6 2023/2/6 2042/2/6
f 2041/4/6 2022/4/6 2042/4/6
f 2023/5/6 2024/5/6 2043/5/6
f 2042/2/6 2023/2/6 2043/2/6
f 2024/3/6 2025/3/6 2044/3/6
f 2043/5/6 2024/5/6 2044/5/6
f 2025/3/6 2006/3/6 2045/3/6
f 2044/3/6 2025/3/6 2045/3/6
f 2006/2/6 2026/2/6 2046/2/6
f 2045/3/6 2006/3/6 2046/3/6
f 2026/5/6 2027/5/6 2047/5/6
f 2046/2/6 2026/2/6 2047/2/6
f 2028/3/6 2029/3/6 2048/3/6
f 2047/5/6 2027/5/6 2048/5/6
f 2027/3/6 2028/3/6 2048/3/6
f 2048/3/6 2029/3/6 2049/3/6
f 2029/5/6 2030/5/6 2050/5/6
f 2049/3/6 2029/3/6 2050/3/6
f 2030/3/6 2031/3/6 2051/3/6
f 2050/5/6 2030/5/6 2051/5/6
f 2031/5/6 2032/5/6 2052/5/6
f 2051/3/6 2031/3/6 2052/3/6
f 2033/3/6 2034/3/6 2053/3/6
f 2052/5/6 2032/5/6 2053/5/6
f 2032/3/6 2033/3/6 2053/3/6
f 2053/3/6 2034/3/6 2054/3/6
f 2035/3/6 2036/3/6 2055/3/6
f 2036/4/6 2037/4/6 2056/4/6
f 2055/3/6 2036/3/6 2056/3/6
f 2037/2/6 2038/2/6 2057/2/6
f 2056/4/6 2037/4/6 2057/4/6
f 2038/3/6 2039/3/6 2058/3/6
f 2057/2/6 2038/2/6 2058/2/6
f 2039/2/6 2040/2/6 2059/2/6
f 2058/3/6 2039/3/6 2059/3/6
f 2040/3/6 2041/3/6 2060/3/6
f 2059/2/6 2040/2/6 2060/2/6
f 2041/5/6 2042/5/6 2061/5/6
f 2060/3/6 2041/3/6 2061/3/6
f 2042/5/6 2043/5/6 2061/5/6
f 2061/5/6 2043/5/6 2062/5/6
f 2043/3/6 2044/3/6 2063/3/6
f 2062/5/6 2043/5/6 2063/5/6
f 2044/2/6 2045/2/6 2064/2/6
f 2063/3/6 2044/3/6 2064/3/6
f 2045/5/6 2046/5/6 2065/5/6
f 2064/2/6 2045/2/6 2065/2/6
f 2046/3/6 2047/3/6 2066/3/6
f 2065/5/6 2046/5/6 2066/5/6
f 2047/2/6 2048/2/6 2067/2/6
f 2066/3/6 2047/3/6 2067/3/6
f 2048/5/6 2049/5/6 2068/5/6
f 2067/2/6 2048/2/6 2068/2/6
f 2049/4/6 2050/4/6 2069/4/6
f 2068/5/6 2049/5/6 2069/5/6
f 2050/2/6 2051/2/6 2070/2/6
f 2069/4/6 2050/4/6 2070/4/6
f 2051/3/6 2052/3/6 2071/3/6
f 2070/2/6 2051/2/6 2071/2/6
f 2052/3/6 2053/3/6 2071/3/6
f 2071/3/6 2053/3/6 2072/3/6
f 2053/5/6 2054/5/6 2073/5/6
f 2072/3/6 2053/3/6 2073/3/6
f 2054/3/6 2034/3/6 2074/3/6
f 2073/5/6 2054/5/6 2074/5/6
f 2074/3/6 2034/3/6 2075/3/6
f 2055/2/6 2056/2/6 2076/2/6
f 2056/3/6 2057/3/6 2077/3/6
f 2076/2/6 2056/2/6 2077/2/6
f 2057/4/6 2058/4/6 2078/4/6
f 2077/3/6 2057/3/6 2078/3/6
f 2058/2/6 2059/2/6 2079/2/6
f 2078/4/6 2058/4/6 2079/4/6
f 2059/3/6 2060/3/6 2080/3/6
f 2079/2/6 2059/2/6 2080/2/6
f 2060/5/6 2061/5/6 2081/5/6
f 2080/3/6 2060/3/6 2081/3/6
f 2061/2/6 2062/2/6 2082/2/6
f 2081/5/6 2061/5/6 2082/5/6
f 2062/3/6 2063/3/6 2083/3/6
f 2082/2/6 2062/2/6 2083/2/6
f 2063/4/6 2064/4/6 2084/4/6
f 2083/3/6 2063/3/6 2084/3/6
f 2064/3/6 2065/3/6 2085/3/6
f 2084/4/6 2064/4/6 2085/4/6
f 2066/2/6 2067/2/6 2086/2/6
f 2085/3/6 2065/3/6 2086/3/6
f 2065/2/6 2066/2/6 2086/2/6
f 2086/2/6 2067/2/6 2087/2/6
f 2067/3/6 2068/3/6 2088/3/6
f 2087/2/6 2067/2/6 2088/2/6
f 2068/5/6 2069/5/6 2089/5/6
f 2088/3/6 2068/3/6 2089/3/6
f 2069/2/6 2070/2/6 2090/2/6
f 2089/5/6 2069/5/6 2090/5/6
f 2070/3/6 2071/3/6 2091/3/6
f 2090/2/6 2070/2/6 2091/2/6
f 2071/5/6 2072/5/6 2092/5/6
f 2091/3/6 2071/3/6 2092/3/6
f 2072/3/6 2073/3/6 2093/3/6
f 2092/5/6 2072/5/6 2093/5/6
f 2073/2/6 2074/2/6 2094/2/6
f 2093/3/6 2073/3/6 2094/3/6
f 2074/5/6 2075/5/6 2095/5/6
f 2094/2/6 2074/2/6 2095/2/6
f 2095/5/6 2075/5/6 2096/5/6
f 2077/3/6 2078/3/6 2097/3/6
f 2076/3/6 2077/3/6 2097/3/6
f 2078/2/6 2079/2/6 2098/2/6
f 2097/3/6 2078/3/6 2098/3/6
f 2079/3/6 2080/3/6 2099/3/6
f 2098/2/6 2079/2/6 2099/2/6
f 2080/2/6 2081/2/6 2100/2/6
f 2099/3/6 2080/3/6 2100/3/6
f 2081/2/6 2082/2/6 2100/2/6
f 2082/3/6 2083/3/6 2101/3/6
f 2100/2/6 2082/2/6 2101/2/6
f 2083/2/6 2084/2/6 2102/2/6
f 2101/3/6 2083/3/6 2102/3/6
f 2084/3/6 2085/3/6 2103/3/6
f 2102/2/6 2084/2/6 2103/2/6
f 2086/2/6 2087/2/6 2104/2/6
f 2103/3/6 2085/3/6 2104/3/6
f 2085/2/6 2086/2/6 2104/2/6
f 2104/2/6 2087/2/6 2105/2/6
f 2087/3/6 2088/3/6 2106/3/6
f 2105/2/6 2087/2/6 2106/2/6
f 2088/4/6 2089/4/6 2107/4/6
f 2106/3/6 2088/3/6 2107/3/6
f 2089/3/6 2090/3/6 2108/3/6
f 2107/4/6 2089/4/6 2108/4/6
f 2090/5/6 2091/5/6 2109/5/6
f 2108/3/6 2090/3/6 2109/3/6
f 2091/4/6 2092/4/6 2110/4/6
f 2109/5/6 2091/5/6 2110/5/6
f 2092/3/6 2093/3/6 2111/3/6
f 2110/4/6 2092/4/6 2111/4/6
f 2094/2/6 2095/2/6 2112/2/6
f 2111/3/6 2093/3/6 2112/3/6
f 2093/2/6 2094/2/6 2112/2/6
f 2112/2/6 2095/2/6 2113/2/6
f 2095/3/6 2096/3/6 2114/3/6
f 2113/2/6 2095/2/6 2114/2/6
f 2114/3/6 2096/3/6 2115/3/6
f 2097/2/6 2098/2/6 2116/2/6
f 2098/3/6 2099/3/6 2117/3/6
f 2116/2/6 2098/2/6 2117/2/6
f 2099/2/6 2100/2/6 2118/2/6
f 2117/3/6 2099/3/6 2118/3/6
f 2100/3/6 2101/3/6 2119/3/6
f 2118/2/6 2100/2/6 2119/2/6
f 2119/3/6 2101/3/6 2120/3/6
f 2101/5/6 2102/5/6 2121/5/6
f 2120/3/6 2101/3/6 2121/3/6
f 2102/2/6 2103/2/6 2122/2/6
f 2121/5/6 2102/5/6 2122/5/6
f 2103/2/6 2104/2/6 2122/2/6
f 2122/2/6 2104/2/6 2123/2/6
f 2104/3/6 2105/3/6 2124/3/6
f 2123/2/6 2104/2/6 2124/2/6
f 2105/2/6 2106/2/6 2125/2/6
f 2124/3/6 2105/3/6 2125/3/6
f 2106/2/6 2107/2/6 2125/2/6
f 2125/2/6 2107/2/6 2126/2/6
f 2107/3/6 2108/3/6 2127/3/6
f 2126/2/6 2107/2/6 2127/2/6
f 2108/2/6 2109/2/6 2128/2/6
f 2127/3/6 2108/3/6 2128/3/6
f 2109/3/6 2110/3/6 2129/3/6
f 2128/2/6 2109/2/6 2129/2/6
f 2110/2/6 2111/2/6 2130/2/6
f 2129/3/6 2110/3/6 2130/3/6
f 2111/2/6 2112/2/6 2130/2/6
f 2130/2/6 2112/2/6 2131/2/6
f 2112/5/6 2113/5/6 2132/5/6
f 2131/2/6 2112/2/6 2132/2/6
f 2113/3/6 2114/3/6 2133/3/6
f 2132/5/6 2113/5/6 2133/5/6
f 2114/2/6 2115/2/6 2134/2/6
f 2133/3/6 2114/3/6 2134/3/6
f 2097/2/6 2116/2/6 2135/2/6
f 2116/3/6 2117/3/6 2136/3/6
f 2135/2/6 2116/2/6 2136/2/6
f 2117/5/6 2118/5/6 2137/5/6
f 2136/3/6 2117/3/6 2137/3/6
f 2119/2/6 2120/2/6 2138/2/6
f 2137/5/6 2118/5/6 2138/5/6
f 2118/2/6 2119/2/6 2138/2/6
f 2138/2/6 2120/2/6 2139/2/6
f 2120/3/6 2121/3/6 2140/3/6
f 2139/2/6 2120/2/6 2140/2/6
f 2122/2/6 2123/2/6 2141/2/6
f 2140/3/6 2121/3/6 2141/3/6
f 2121/2/6 2122/2/6 2141/2/6
f 2141/2/6 2123/2/6 2142/2/6
f 2123/3/6 2124/3/6 2143/3/6
f 2142/2/6 2123/2/6 2143/2/6
f 2125/3/6 2126/3/6 2144/3/6
f 2124/2/6 2125/2/6 2144/2/6
f 2126/2/6 2127/2/6 2145/2/6
f 2144/3/6 2126/3/6 2145/3/6
f 2127/2/6 2128/2/6 2145/2/6
f 2145/2/6 2128/2/6 2146/2/6
f 2128/5/6 2129/5/6 2147/5/6
f 2146/2/6 2128/2/6 2147/2/6
f 2130/3/6 2131/3/6 2148/3/6
f 2147/5/6 2129/5/6 2148/5/6
f 2129/3/6 2130/3/6 2148/3/6
f 2131/2/6 2132/2/6 2149/2/6
f 2148/3/6 2131/3/6 2149/3/6
f 2132/3/6 2133/3/6 2150/3/6
f 2149/2/6 2132/2/6 2150/2/6
f 2133/2/6 2134/2/6 2151/2/6
f 2150/3/6 2133/3/6 2151/3/6
f 2134/2/6 2115/2/6 2152/2/6
f 2151/2/6 2134/2/6 2152/2/6
f 2135/3/6 2136/3/6 2153/3/6
f 2136/2/6 2137/2/6 2154/2/6
f 2153/3/6 2136/3/6 2154/3/6
f 2137/2/6 2138/2/6 2154/2/6
f 2154/2/6 2138/2/6 2155/2/6
f 2138/3/6 2139/3/6 2156/3/6
f 2155/2/6 2138/2/6 2156/2/6
f 2139/4/6 2140/4/6 2157/4/6
f 2156/3/6 2139/3/6 2157/3/6
f 2140/5/6 2141/5/6 2158/5/6
f 2157/4/6 2140/4/6 2158/4/6
f 2141/3/6 2142/3/6 2159/3/6
f 2158/5/6 2141/5/6 2159/5/6
f 2142/4/6 2143/4/6 2160/4/6
f 2159/3/6 2142/3/6 2160/3/6
f 2143/3/6 2124/3/6 2161/3/6
f 2160/4/6 2143/4/6 2161/4/6
f 2124/2/6 2144/2/6 2162/2/6
f 2161/3/6 2124/3/6 2162/3/6
f 2144/2/6 2145/2/6 2162/2/6
f 2162/2/6 2145/2/6 2163/2/6
f 2145/3/6 2146/3/6 2164/3/6
f 2163/2/6 2145/2/6 2164/2/6
f 2146/2/6 2147/2/6 2165/2/6
f 2164/3/6 2146/3/6 2165/3/6
f 2147/3/6 2148/3/6 2166/3/6
f 2165/2/6 2147/2/6 2166/2/6
f 2148/2/6 2149/2/6 2167/2/6
f 2166/3/6 2148/3/6 2167/3/6
f 2167/2/6 2149/2/6 2168/2/6
f 2149/3/6 2150/3/6 2169/3/6
f 2168/2/6 2149/2/6 2169/2/6
f 2150/2/6 2151/2/6 2170/2/6
f 2169/3/6 2150/3/6 2170/3/6
f 2151/3/6 2152/3/6 2171/3/6
f 2170/2/6 2151/2/6 2171/2/6
f 2171/3/6 2152/3/6 2172/3/6
f 2172/3/6 2152/3/6 2173/3/6
f 2153/5/6 2154/5/6 2174/5/6
f 2154/2/6 2155/2/6 2175/2/6
f 2174/5/6 2154/5/6 2175/5/6
f 2155/3/6 2156/3/6 2176/3/6
f 2175/2/6 2155/2/6 2176/2/6
f 2156/5/6 2157/5/6 2177/5/6
f 2176/3/6 2156/3/6 2177/3/6
f 2157/3/6 2158/3/6 2178/3/6
f 2177/5/6 2157/5/6 2178/5/6
f 2158/2/6 2159/2/6 2179/2/6
f 2178/3/6 2158/3/6 2179/3/6
f 2159/5/6 2160/5/6 2180/5/6
f 2179/2/6 2159/2/6 2180/2/6
f 2160/3/6 2161/3/6 2181/3/6
f 2180/5/6 2160/5/6 2181/5/6
f 2162/2/6 2163/2/6 2182/2/6
f 2181/3/6 2161/3/6 2182/3/6
f 2161/2/6 2162/2/6 2182/2/6
f 2182/2/6 2163/2/6 2183/2/6
f 2163/3/6 2164/3/6 2184/3/6
f 2183/2/6 2163/2/6 2184/2/6
f 2164/4/6 2165/4/6 2185/4/6
f 2184/3/6 2164/3/6 2185/3/6
f 2165/3/6 2166/3/6 2186/3/6
f 2185/4/6 2165/4/6 2186/4/6
f 2166/2/6 2167/2/6 2187/2/6
f 2186/3/6 2166/3/6 2187/3/6
f 2167/5/6 2168/5/6 2188/5/6
f 2187/2/6 2167/2/6 2188/2/6
f 2168/3/6 2169/3/6 2189/3/6
f 2188/5/6 2168/5/6 2189/5/6
f 2169/2/6 2170/2/6 2190/2/6
f 2189/3/6 2169/3/6 2190/3/6
f 2170/4/6 2171/4/6 2191/4/6
f 2190/2/6 2170/2/6 2191/2/6
f 2171/3/6 2172/3/6 2192/3/6
f 2191/4/6 2171/4/6 2192/4/6
f 2172/2/6 2173/2/6 2193/2/6
f 2192/3/6 2172/3/6 2193/3/6
f 2193/2/6 2173/2/6 2194/2/6
f 2174/3/6 2175/3/6 2195/3/6
f 2175/5/6 2176/5/6 2195/5/6
f 2176/3/6 2177/3/6 2196/3/6
f 2195/5/6 2176/5/6 2196/5/6
f 2177/3/6 2178/3/6 2196/3/6
f 2196/3/6 2178/3/6 2197/3/6
f 2178/2/6 2179/2/6 2198/2/6
f 2197/3/6 2178/3/6 2198/3/6
f 2179/4/6 2180/4/6 2199/4/6
f 2198/2/6 2179/2/6 2199/2/6
f 2180/5/6 2181/5/6 2200/5/6
f 2199/4/6 2180/4/6 2200/4/6
f 2181/2/6 2182/2/6 2201/2/6
f 2200/5/6 2181/5/6 2201/5/6
f 2182/3/6 2183/3/6 2202/3/6
f 2201/2/6 2182/2/6 2202/2/6
f 2183/5/6 2184/5/6 2203/5/6
f 2202/3/6 2183/3/6 2203/3/6
f 2184/2/6 2185/2/6 2204/2/6
f 2203/5/6 2184/5/6 2204/5/6
f 2185/3/6 2186/3/6 2205/3/6
f 2204/2/6 2185/2/6 2205/2/6
f 2187/5/6 2188/5/6 2206/5/6
f 2205/3/6 2186/3/6 2206/3/6
f 2186/5/6 2187/5/6 2206/5/6
f 2206/5/6 2188/5/6 2207/5/6
f 2188/3/6 2189/3/6 2208/3/6
f 2207/5/6 2188/5/6 2208/5/6
f 2189/2/6 2190/2/6 2209/2/6
f 2208/3/6 2189/3/6 2209/3/6
f 2190/3/6 2191/3/6 2210/3/6
f 2209/2/6 2190/2/6 2210/2/6
f 2191/2/6 2192/2/6 2211/2/6
f 2210/3/6 2191/3/6 2211/3/6
f 2192/4/6 2193/4/6 2212/4/6
f 2211/2/6 2192/2/6 2212/2/6
f 2193/3/6 2194/3/6 2213/3/6
f 2212/4/6 2193/4/6 2213/4/6
f 2213/3/6 2194/3/6 2214/3/6
f 2174/3/6 2195/3/6 2215/3/6
f 2195/3/6 2196/3/6 2215/3/6
f 2215/3/6 2196/3/6 2216/3/6
f 2196/5/6 2197/5/6 2217/5/6
f 2216/3/6 2196/3/6 2217/3/6
f 2197/3/6 2198/3/6 2218/3/6
f 2217/5/6 2197/5/6 2218/5/6
f 2198/5/6 2199/5/6 2219/5/6
f 2218/3/6 2198/3/6 2219/3/6
f 2200/3/6 2201/3/6 2220/3/6
f 2219/5/6 2199/5/6 2220/5/6
f 2199/3/6 2200/3/6 2220/3/6
f 2220/3/6 2201/3/6 2221/3/6
f 2201/5/6 2202/5/6 2222/5/6
f 2221/3/6 2201/3/6 2222/3/6
f 2202/2/6 2203/2/6 2223/2/6
f 2222/5/6 2202/5/6 2223/5/6
f 2204/3/6 2205/3/6 2224/3/6
f 2203/3/6 2204/3/6 2224/3/6
f 2205/5/6 2206/5/6 2225/5/6
f 2224/3/6 2205/3/6 2225/3/6
f 2206/2/6 2207/2/6 2226/2/6
f 2225/5/6 2206/5/6 2226/5/6
f 2207/4/6 2208/4/6 2227/4/6
f 2226/2/6 2207/2/6 2227/2/6
f 2208/3/6 2209/3/6 2228/3/6
f 2227/4/6 2208/4/6 2228/4/6
f 2209/5/6 2210/5/6 2229/5/6
f 2228/3/6 2209/3/6 2229/3/6
f 2210/4/6 2211/4/6 2230/4/6
f 2229/5/6 2210/5/6 2230/5/6
f 2211/5/6 2212/5/6 2231/5/6
f 2230/4/6 2211/4/6 2231/4/6
f 2213/2/6 2214/2/6 2232/2/6
f 2231/5/6 2212/5/6 2232/5/6
f 2212/2/6 2213/2/6 2232/2/6
f 2232/2/6 2214/2/6 2233/2/6
f 2215/5/6 2216/5/6 2234/5/6
f 2216/3/6 2217/3/6 2235/3/6
f 2234/5/6 2216/5/6 2235/5/6
f 2217/2/6 2218/2/6 2236/2/6
f 2235/3/6 2217/3/6 2236/3/6
f 2218/2/6 2219/2/6 2236/2/6
f 2236/2/6 2219/2/6 2237/2/6
f 2219/3/6 2220/3/6 2238/3/6
f 2237/2/6 2219/2/6 2238/2/6
f 2220/5/6 2221/5/6 2239/5/6
f 2238/3/6 2220/3/6 2239/3/6
f 2221/2/6 2222/2/6 2240/2/6
f 2239/5/6 2221/5/6 2240/5/6
f 2222/3/6 2223/3/6 2241/3/6
f 2240/2/6 2222/2/6 2241/2/6
f 2223/2/6 2203/2/6 2242/2/6
f 2241/3/6 2223/3/6 2242/3/6
f 2203/3/6 2224/3/6 2243/3/6
f 2242/2/6 2203/2/6 2243/2/6
f 2224/2/6 2225/2/6 2244/2/6
f 2243/3/6 2224/3/6 2244/3/6
f 2225/4/6 2226/4/6 2245/4/6
f 2244/2/6 2225/2/6 2245/2/6
f 2226/3/6 2227/3/6 2246/3/6
f 2245/4/6 2226/4/6 2246/4/6
f 2227/2/6 2228/2/6 2247/2/6
f 2246/3/6 2227/3/6 2247/3/6
f 2228/5/6 2229/5/6 2248/5/6
f 2247/2/6 2228/2/6 2248/2/6
f 2229/3/6 2230/3/6 2249/3/6
f 2248/5/6 2229/5/6 2249/5/6
f 2230/2/6 2231/2/6 2250/2/6
f 2249/3/6 2230/3/6 2250/3/6
f 2231/4/6 2232/4/6 2251/4/6
f 2250/2/6 2231/2/6 2251/2/6
f 2232/3/6 2233/3/6 2252/3/6
f 2251/4/6 2232/4/6 2252/4/6
f 2233/2/6 2214/2/6 2253/2/6
f 2252/3/6 2233/3/6 2253/3/6
f 2234/3/6 2235/3/6 2254/3/6
f 2236/2/6 2237/2/6 2255/2/6
f 2254/3/6 2235/3/6 2255/3/6
f 2235/2/6 2236/2/6 2255/2/6
f 2237/4/6 2238/4/6 2256/4/6
f 2255/2/6 2237/2/6 2256/2/6
f 2238/2/6 2239/2/6 2257/2/6
f 2256/4/6 2238/4/6 2257/4/6
f 2239/4/6 2240/4/6 2258/4/6
f 2257/2/6 2239/2/6 2258/2/6
f 2240/3/6 2241/3/6 2259/3/6
f 2258/4/6 2240/4/6 2259/4/6
f 2241/2/6 2242/2/6 2260/2/6
f 2259/3/6 2241/3/6 2260/3/6
f 2242/3/6 2243/3/6 2261/3/6
f 2260/2/6 2242/2/6 2261/2/6
f 2243/2/6 2244/2/6 2262/2/6
f 2261/3/6 2243/3/6 2262/3/6
f 2244/2/6 2245/2/6 2262/2/6
f 2262/2/6 2245/2/6 2263/2/6
f 2245/3/6 2246/3/6 2264/3/6
f 2263/2/6 2245/2/6 2264/2/6
f 2246/5/6 2247/5/6 2265/5/6
f 2264/3/6 2246/3/6 2265/3/6
f 2248/3/6 2249/3/6 2266/3/6
f 2265/5/6 2247/5/6 2266/5/6
f 2247/3/6 2248/3/6 2266/3/6
f 2266/3/6 2249/3/6 2267/3/6
f 2249/2/6 2250/2/6 2268/2/6
f 2267/3/6 2249/3/6 2268/3/6
f 2250/4/6 2251/4/6 2269/4/6
f 2268/2/6 2250/2/6 2269/2/6
f 2251/2/6 2252/2/6 2270/2/6
f 2269/4/6 2251/4/6 2270/4/6
f 2252/4/6 2253/4/6 2271/4/6
f 2270/2/6 2252/2/6 2271/2/6
f 2253/2/6 2214/2/6 2272/2/6
f 2271/4/6 2253/4/6 2272/4/6
f 2254/2/6 2255/2/6 2273/2/6
f 2255/3/6 2256/3/6 2274/3/6
f 2273/2/6 2255/2/6 2274/2/6
f 2256/2/6 2257/2/6 2275/2/6
f 2274/3/6 2256/3/6 2275/3/6
f 2257/4/6 2258/4/6 2276/4/6
f 2275/2/6 2257/2/6 2276/2/6
f 2258/5/6 2259/5/6 2277/5/6
f 2276/4/6 2258/4/6 2277/4/6
f 2259/2/6 2260/2/6 2278/2/6
f 2277/5/6 2259/5/6 2278/5/6
f 2260/4/6 2261/4/6 2279/4/6
f 2278/2/6 2260/2/6 2279/2/6
f 2261/2/6 2262/2/6 2280/2/6
f 2279/4/6 2261/4/6 2280/4/6
f 2262/3/6 2263/3/6 2281/3/6
f 2280/2/6 2262/2/6 2281/2/6
f 2263/5/6 2264/5/6 2282/5/6
f 2281/3/6 2263/3/6 2282/3/6
f 2264/2/6 2265/2/6 2283/2/6
f 2282/5/6 2264/5/6 2283/5/6
f 2266/3/6 2267/3/6 2284/3/6
f 2283/2/6 2265/2/6 2284/2/6
f 2265/3/6 2266/3/6 2284/3/6
f 2284/3/6 2267/3/6 2285/3/6
f 2267/5/6 2268/5/6 2286/5/6
f 2285/3/6 2267/3/6 2286/3/6
f 2268/2/6 2269/2/6 2287/2/6
f 2286/5/6 2268/5/6 2287/5/6
f 2269/2/6 2270/2/6 2287/2/6
f 2270/3/6 2271/3/6 2288/3/6
f 2287/2/6 2270/2/6 2288/2/6
f 2271/3/6 2272/3/6 2288/3/6
f 2288/3/6 2272/3/6 2289/3/6
f 2272/2/6 2214/2/6 2290/2/6
f 2289/3/6 2272/3/6 2290/3/6
f 2290/2/6 2214/2/6 2291/2/6
f 2273/3/6 2274/3/6 2292/3/6
f 2274/2/6 2275/2/6 2293/2/6
f 2292/3/6 2274/3/6 2293/3/6
f 2275/3/6 2276/3/6 2294/3/6
f 2293/2/6 2275/2/6 2294/2/6
f 2276/5/6 2277/5/6 2295/5/6
f 2294/3/6 2276/3/6 2295/3/6
f 2278/3/6 2279/3/6 2296/3/6
f 2295/5/6 2277/5/6 2296/5/6
f 2277/3/6 2278/3/6 2296/3/6
f 2279/5/6 2280/5/6 2297/5/6
f 2296/3/6 2279/3/6 2297/3/6
f 2280/3/6 2281/3/6 2298/3/6
f 2297/5/6 2280/5/6 2298/5/6
f 2281/2/6 2282/2/6 2299/2/6
f 2298/3/6 2281/3/6 2299/3/6
f 2282/2/6 2283/2/6 2299/2/6
f 2283/3/6 2284/3/6 2300/3/6
f 2299/2/6 2283/2/6 2300/2/6
f 2284/2/6 2285/2/6 2301/2/6
f 2300/3/6 2284/3/6 2301/3/6
f 2285/3/6 2286/3/6 2302/3/6
f 2301/2/6 2285/2/6 2302/2/6
f 2286/2/6 2287/2/6 2303/2/6
f 2302/3/6 2286/3/6 2303/3/6
f 2288/2/6 2289/2/6 2303/2/6
f 2287/2/6 2288/2/6 2303/2/6
f 2289/3/6 2290/3/6 2304/3/6
f 2303/2/6 2289/2/6 2304/2/6
f 2290/3/6 2291/3/6 2304/3/6
f 2304/3/6 2291/3/6 2305/3/6
