# MagicaVoxel @ Ephtracy

# group
o 

# material
mtllib GrassBlock.mtl
usemtl palette

# normals
vn -1 0 0
vn 1 0 0
vn 0 0 1
vn 0 0 -1
vn 0 -1 0
vn 0 1 0

# texcoords
vt 0.244141 0.5
vt 0.306641 0.5
vt 0.310547 0.5
vt 0.369141 0.5
vt 0.435547 0.5
vt 0.474609 0.5
vt 0.478516 0.5
vt 0.482422 0.5
vt 0.494141 0.5
vt 0.498047 0.5
vt 0.583984 0.5
vt 0.587891 0.5
vt 0.623047 0.5
vt 0.642578 0.5
vt 0.701172 0.5
vt 0.759766 0.5
vt 0.767578 0.5
vt 0.916016 0.5

# verts
v -1 0 1
v -1 0 0.8
v -1 0 0.4
v -1 0 0.3
v -1 0 0.2
v -1 0 0.1
v -1 0 -0.1
v -1 0 -0.2
v -1 0 -0.3
v -1 0 -0.5
v -1 0 -0.6
v -1 0 -0.7
v -1 0 -0.9
v -1 0 -1
v -1 0.1 1
v -1 0.1 0.8
v -1 0.1 0.7
v -1 0.1 0.6
v -1 0.1 0.4
v -1 0.1 0.3
v -1 0.1 0.2
v -1 0.1 0.1
v -1 0.1 0
v -1 0.1 -0.1
v -1 0.1 -0.2
v -1 0.1 -0.3
v -1 0.1 -0.5
v -1 0.1 -0.6
v -1 0.1 -0.7
v -1 0.1 -0.8
v -1 0.1 -0.9
v -1 0.1 -1
v -1 0.2 0.9
v -1 0.2 0.8
v -1 0.2 0.6
v -1 0.2 0.5
v -1 0.2 0.4
v -1 0.2 0.3
v -1 0.2 0.2
v -1 0.2 0.1
v -1 0.2 0
v -1 0.2 -0.1
v -1 0.2 -0.3
v -1 0.2 -0.4
v -1 0.2 -0.5
v -1 0.2 -0.7
v -1 0.2 -0.8
v -1 0.2 -0.9
v -1 0.3 1
v -1 0.3 0.9
v -1 0.3 0.8
v -1 0.3 0.7
v -1 0.3 0.6
v -1 0.3 0.5
v -1 0.3 0.4
v -1 0.3 0.3
v -1 0.3 0.2
v -1 0.3 0.1
v -1 0.3 0
v -1 0.3 -0.2
v -1 0.3 -0.3
v -1 0.3 -0.4
v -1 0.3 -0.5
v -1 0.3 -0.6
v -1 0.3 -0.7
v -1 0.3 -0.8
v -1 0.3 -0.9
v -1 0.3 -1
v -1 0.4 1
v -1 0.4 0.9
v -1 0.4 0.8
v -1 0.4 0.7
v -1 0.4 0.6
v -1 0.4 0.5
v -1 0.4 0.4
v -1 0.4 0.3
v -1 0.4 0.2
v -1 0.4 0.1
v -1 0.4 0
v -1 0.4 -0.1
v -1 0.4 -0.2
v -1 0.4 -0.3
v -1 0.4 -0.4
v -1 0.4 -0.5
v -1 0.4 -0.6
v -1 0.4 -0.7
v -1 0.4 -0.8
v -1 0.4 -0.9
v -1 0.4 -1
v -1 0.5 1
v -1 0.5 0.9
v -1 0.5 0.8
v -1 0.5 0.7
v -1 0.5 0.6
v -1 0.5 0.5
v -1 0.5 0.4
v -1 0.5 0.3
v -1 0.5 0.2
v -1 0.5 0.1
v -1 0.5 0
v -1 0.5 -0.1
v -1 0.5 -0.2
v -1 0.5 -0.3
v -1 0.5 -0.4
v -1 0.5 -0.5
v -1 0.5 -0.6
v -1 0.5 -0.7
v -1 0.5 -0.8
v -1 0.5 -0.9
v -1 0.5 -1
v -1 0.6 0.9
v -1 0.6 0.8
v -1 0.6 0.7
v -1 0.6 0.6
v -1 0.6 0.5
v -1 0.6 0.4
v -1 0.6 0.3
v -1 0.6 0.2
v -1 0.6 0.1
v -1 0.6 0
v -1 0.6 -0.1
v -1 0.6 -0.2
v -1 0.6 -0.3
v -1 0.6 -0.4
v -1 0.6 -0.5
v -1 0.6 -0.6
v -1 0.6 -0.7
v -1 0.6 -0.8
v -1 0.6 -0.9
v -1 0.7 1
v -1 0.7 0.9
v -1 0.7 0.8
v -1 0.7 0.7
v -1 0.7 0.6
v -1 0.7 0.5
v -1 0.7 0.4
v -1 0.7 0.3
v -1 0.7 0.2
v -1 0.7 0.1
v -1 0.7 0
v -1 0.7 -0.1
v -1 0.7 -0.2
v -1 0.7 -0.3
v -1 0.7 -0.4
v -1 0.7 -0.5
v -1 0.7 -0.6
v -1 0.7 -0.7
v -1 0.7 -0.8
v -1 0.7 -0.9
v -1 0.7 -1
v -1 0.8 1
v -1 0.8 0.9
v -1 0.8 0.8
v -1 0.8 0.7
v -1 0.8 0.6
v -1 0.8 0.5
v -1 0.8 0.4
v -1 0.8 0.3
v -1 0.8 0.2
v -1 0.8 0.1
v -1 0.8 -0.1
v -1 0.8 -0.2
v -1 0.8 -0.3
v -1 0.8 -0.4
v -1 0.8 -0.5
v -1 0.8 -0.6
v -1 0.8 -0.7
v -1 0.8 -0.8
v -1 0.8 -0.9
v -1 0.8 -1
v -1 0.9 1
v -1 0.9 0.8
v -1 0.9 0.7
v -1 0.9 0.6
v -1 0.9 0.4
v -1 0.9 0.3
v -1 0.9 0.2
v -1 0.9 0.1
v -1 0.9 0
v -1 0.9 -0.1
v -1 0.9 -0.3
v -1 0.9 -0.5
v -1 0.9 -0.6
v -1 0.9 -0.7
v -1 0.9 -0.8
v -1 0.9 -1
v -1 1 0.9
v -1 1 0.8
v -1 1 0.5
v -1 1 0.4
v -1 1 0.3
v -1 1 0.2
v -1 1 0.1
v -1 1 0
v -1 1 -0.1
v -1 1 -0.3
v -1 1 -0.4
v -1 1 -0.5
v -1 1 -0.7
v -1 1 -0.8
v -1 1 -0.9
v -1 1.1 1
v -1 1.1 0.9
v -1 1.1 0.8
v -1 1.1 0.7
v -1 1.1 0.6
v -1 1.1 0.5
v -1 1.1 0.3
v -1 1.1 0.2
v -1 1.1 0.1
v -1 1.1 0
v -1 1.1 -0.2
v -1 1.1 -0.3
v -1 1.1 -0.4
v -1 1.1 -0.5
v -1 1.1 -0.6
v -1 1.1 -0.7
v -1 1.1 -0.8
v -1 1.1 -0.9
v -1 1.1 -1
v -1 1.2 1
v -1 1.2 0.9
v -1 1.2 0.8
v -1 1.2 0.7
v -1 1.2 0.6
v -1 1.2 0.5
v -1 1.2 0.4
v -1 1.2 0.3
v -1 1.2 0.2
v -1 1.2 0.1
v -1 1.2 0
v -1 1.2 -0.1
v -1 1.2 -0.2
v -1 1.2 -0.3
v -1 1.2 -0.4
v -1 1.2 -0.5
v -1 1.2 -0.6
v -1 1.2 -0.8
v -1 1.2 -0.9
v -1 1.2 -1
v -1 1.3 1
v -1 1.3 0.9
v -1 1.3 0.8
v -1 1.3 0.7
v -1 1.3 0.6
v -1 1.3 0.5
v -1 1.3 0.4
v -1 1.3 0.3
v -1 1.3 0.2
v -1 1.3 0.1
v -1 1.3 0
v -1 1.3 -0.1
v -1 1.3 -0.2
v -1 1.3 -0.3
v -1 1.3 -0.4
v -1 1.3 -0.5
v -1 1.3 -0.6
v -1 1.3 -0.7
v -1 1.3 -0.8
v -1 1.3 -0.9
v -1 1.3 -1
v -1 1.4 1
v -1 1.4 0.9
v -1 1.4 0.8
v -1 1.4 0.7
v -1 1.4 0.6
v -1 1.4 0.5
v -1 1.4 0.4
v -1 1.4 0.3
v -1 1.4 0.2
v -1 1.4 0.1
v -1 1.4 0
v -1 1.4 -0.1
v -1 1.4 -0.2
v -1 1.4 -0.3
v -1 1.4 -0.4
v -1 1.4 -0.5
v -1 1.4 -0.6
v -1 1.4 -0.7
v -1 1.4 -0.8
v -1 1.4 -0.9
v -1 1.4 -1
v -1 1.5 1
v -1 1.5 0.9
v -1 1.5 0.8
v -1 1.5 0.7
v -1 1.5 0.4
v -1 1.5 0.3
v -1 1.5 0.2
v -1 1.5 0.1
v -1 1.5 0
v -1 1.5 -0.1
v -1 1.5 -0.2
v -1 1.5 -0.3
v -1 1.5 -0.4
v -1 1.5 -0.5
v -1 1.5 -0.6
v -1 1.5 -0.8
v -1 1.5 -0.9
v -1 1.5 -1
v -1 1.6 1
v -1 1.6 0.9
v -1 1.6 0.8
v -1 1.6 0.7
v -1 1.6 0.6
v -1 1.6 0.5
v -1 1.6 0.4
v -1 1.6 0.3
v -1 1.6 0.2
v -1 1.6 0.1
v -1 1.6 0
v -1 1.6 -0.1
v -1 1.6 -0.3
v -1 1.6 -0.4
v -1 1.6 -0.5
v -1 1.6 -0.6
v -1 1.6 -0.7
v -1 1.6 -0.8
v -1 1.6 -0.9
v -1 1.6 -1
v -1 1.7 1
v -1 1.7 0.9
v -1 1.7 0.8
v -1 1.7 0.7
v -1 1.7 0.6
v -1 1.7 0.5
v -1 1.7 0.4
v -1 1.7 0.3
v -1 1.7 0.2
v -1 1.7 0.1
v -1 1.7 0
v -1 1.7 -0.1
v -1 1.7 -0.2
v -1 1.7 -0.3
v -1 1.7 -0.4
v -1 1.7 -0.5
v -1 1.7 -0.6
v -1 1.7 -0.7
v -1 1.7 -0.8
v -1 1.7 -0.9
v -1 1.7 -1
v -1 1.8 1
v -1 1.8 0.9
v -1 1.8 0.8
v -1 1.8 0.7
v -1 1.8 0.6
v -1 1.8 0.5
v -1 1.8 0.4
v -1 1.8 0.3
v -1 1.8 0.2
v -1 1.8 0.1
v -1 1.8 0
v -1 1.8 -0.1
v -1 1.8 -0.2
v -1 1.8 -0.3
v -1 1.8 -0.4
v -1 1.8 -0.5
v -1 1.8 -0.6
v -1 1.8 -0.7
v -1 1.8 -0.8
v -1 1.8 -0.9
v -1 1.8 -1
v -1 1.9 1
v -1 1.9 0.9
v -1 1.9 0.8
v -1 1.9 0.7
v -1 1.9 0.6
v -1 1.9 0.5
v -1 1.9 0.4
v -1 1.9 0.3
v -1 1.9 0.2
v -1 1.9 0
v -1 1.9 -0.1
v -1 1.9 -0.2
v -1 1.9 -0.3
v -1 1.9 -0.4
v -1 1.9 -0.5
v -1 1.9 -0.6
v -1 1.9 -0.7
v -1 1.9 -0.9
v -1 1.9 -1
v -1 2 1
v -1 2 0.9
v -1 2 0.8
v -1 2 0.7
v -1 2 0.6
v -1 2 0.5
v -1 2 0.4
v -1 2 0.3
v -1 2 0.2
v -1 2 -0.2
v -1 2 -0.3
v -1 2 -0.4
v -1 2 -0.5
v -1 2 -0.6
v -1 2 -1
v 1 0 1
v 1 0 0.9
v 1 0 0.7
v 1 0 0.6
v 1 0 0.5
v 1 0 0.3
v 1 0 0.2
v 1 0 0.1
v 1 0 -0.1
v 1 0 -0.2
v 1 0 -0.3
v 1 0 -0.4
v 1 0 -0.8
v 1 0 -1
v 1 0.1 1
v 1 0.1 0.9
v 1 0.1 0.8
v 1 0.1 0.7
v 1 0.1 0.6
v 1 0.1 0.5
v 1 0.1 0.3
v 1 0.1 0.2
v 1 0.1 0.1
v 1 0.1 0
v 1 0.1 -0.1
v 1 0.1 -0.2
v 1 0.1 -0.3
v 1 0.1 -0.4
v 1 0.1 -0.6
v 1 0.1 -0.7
v 1 0.1 -0.8
v 1 0.1 -1
v 1 0.2 0.9
v 1 0.2 0.8
v 1 0.2 0.7
v 1 0.2 0.5
v 1 0.2 0.4
v 1 0.2 0.3
v 1 0.2 0.1
v 1 0.2 0
v 1 0.2 -0.1
v 1 0.2 -0.2
v 1 0.2 -0.3
v 1 0.2 -0.4
v 1 0.2 -0.5
v 1 0.2 -0.6
v 1 0.2 -0.8
v 1 0.2 -0.9
v 1 0.3 1
v 1 0.3 0.9
v 1 0.3 0.8
v 1 0.3 0.7
v 1 0.3 0.6
v 1 0.3 0.5
v 1 0.3 0.4
v 1 0.3 0.3
v 1 0.3 0.2
v 1 0.3 0
v 1 0.3 -0.1
v 1 0.3 -0.2
v 1 0.3 -0.3
v 1 0.3 -0.4
v 1 0.3 -0.5
v 1 0.3 -0.6
v 1 0.3 -0.7
v 1 0.3 -0.8
v 1 0.3 -0.9
v 1 0.3 -1
v 1 0.4 1
v 1 0.4 0.9
v 1 0.4 0.8
v 1 0.4 0.7
v 1 0.4 0.6
v 1 0.4 0.5
v 1 0.4 0.4
v 1 0.4 0.3
v 1 0.4 0.2
v 1 0.4 0.1
v 1 0.4 0
v 1 0.4 -0.1
v 1 0.4 -0.2
v 1 0.4 -0.3
v 1 0.4 -0.4
v 1 0.4 -0.5
v 1 0.4 -0.6
v 1 0.4 -0.7
v 1 0.4 -0.8
v 1 0.4 -0.9
v 1 0.4 -1
v 1 0.5 1
v 1 0.5 0.9
v 1 0.5 0.8
v 1 0.5 0.7
v 1 0.5 0.6
v 1 0.5 0.5
v 1 0.5 0.4
v 1 0.5 0.3
v 1 0.5 0.2
v 1 0.5 0.1
v 1 0.5 0
v 1 0.5 -0.1
v 1 0.5 -0.2
v 1 0.5 -0.3
v 1 0.5 -0.4
v 1 0.5 -0.5
v 1 0.5 -0.6
v 1 0.5 -0.7
v 1 0.5 -0.8
v 1 0.5 -0.9
v 1 0.5 -1
v 1 0.6 0.9
v 1 0.6 0.8
v 1 0.6 0.7
v 1 0.6 0.6
v 1 0.6 0.5
v 1 0.6 0.4
v 1 0.6 0.3
v 1 0.6 0.2
v 1 0.6 0.1
v 1 0.6 0
v 1 0.6 -0.1
v 1 0.6 -0.2
v 1 0.6 -0.3
v 1 0.6 -0.4
v 1 0.6 -0.5
v 1 0.6 -0.6
v 1 0.6 -0.7
v 1 0.6 -0.8
v 1 0.6 -0.9
v 1 0.7 1
v 1 0.7 0.9
v 1 0.7 0.8
v 1 0.7 0.7
v 1 0.7 0.6
v 1 0.7 0.5
v 1 0.7 0.4
v 1 0.7 0.3
v 1 0.7 0.2
v 1 0.7 0.1
v 1 0.7 0
v 1 0.7 -0.1
v 1 0.7 -0.2
v 1 0.7 -0.3
v 1 0.7 -0.4
v 1 0.7 -0.5
v 1 0.7 -0.6
v 1 0.7 -0.7
v 1 0.7 -0.8
v 1 0.7 -0.9
v 1 0.7 -1
v 1 0.8 1
v 1 0.8 0.9
v 1 0.8 0.8
v 1 0.8 0.7
v 1 0.8 0.6
v 1 0.8 0.5
v 1 0.8 0.4
v 1 0.8 0.3
v 1 0.8 0.2
v 1 0.8 0.1
v 1 0.8 -0.1
v 1 0.8 -0.2
v 1 0.8 -0.3
v 1 0.8 -0.4
v 1 0.8 -0.5
v 1 0.8 -0.6
v 1 0.8 -0.7
v 1 0.8 -0.8
v 1 0.8 -0.9
v 1 0.8 -1
v 1 0.9 1
v 1 0.9 0.8
v 1 0.9 0.7
v 1 0.9 0.6
v 1 0.9 0.5
v 1 0.9 0.3
v 1 0.9 0.1
v 1 0.9 0
v 1 0.9 -0.1
v 1 0.9 -0.2
v 1 0.9 -0.3
v 1 0.9 -0.4
v 1 0.9 -0.6
v 1 0.9 -0.7
v 1 0.9 -0.8
v 1 0.9 -1
v 1 1 0.9
v 1 1 0.8
v 1 1 0.7
v 1 1 0.5
v 1 1 0.4
v 1 1 0.3
v 1 1 0.1
v 1 1 0
v 1 1 -0.1
v 1 1 -0.2
v 1 1 -0.3
v 1 1 -0.4
v 1 1 -0.5
v 1 1 -0.8
v 1 1 -0.9
v 1 1.1 1
v 1 1.1 0.9
v 1 1.1 0.8
v 1 1.1 0.7
v 1 1.1 0.6
v 1 1.1 0.5
v 1 1.1 0.4
v 1 1.1 0.3
v 1 1.1 0.2
v 1 1.1 0
v 1 1.1 -0.1
v 1 1.1 -0.2
v 1 1.1 -0.3
v 1 1.1 -0.5
v 1 1.1 -0.6
v 1 1.1 -0.7
v 1 1.1 -0.8
v 1 1.1 -0.9
v 1 1.1 -1
v 1 1.2 1
v 1 1.2 0.9
v 1 1.2 0.8
v 1 1.2 0.6
v 1 1.2 0.5
v 1 1.2 0.4
v 1 1.2 0.3
v 1 1.2 0.2
v 1 1.2 0.1
v 1 1.2 0
v 1 1.2 -0.1
v 1 1.2 -0.2
v 1 1.2 -0.3
v 1 1.2 -0.4
v 1 1.2 -0.5
v 1 1.2 -0.6
v 1 1.2 -0.7
v 1 1.2 -0.8
v 1 1.2 -0.9
v 1 1.2 -1
v 1 1.3 1
v 1 1.3 0.9
v 1 1.3 0.8
v 1 1.3 0.7
v 1 1.3 0.6
v 1 1.3 0.5
v 1 1.3 0.4
v 1 1.3 0.3
v 1 1.3 0.2
v 1 1.3 0.1
v 1 1.3 0
v 1 1.3 -0.1
v 1 1.3 -0.2
v 1 1.3 -0.3
v 1 1.3 -0.4
v 1 1.3 -0.5
v 1 1.3 -0.6
v 1 1.3 -0.7
v 1 1.3 -0.8
v 1 1.3 -0.9
v 1 1.3 -1
v 1 1.4 1
v 1 1.4 0.9
v 1 1.4 0.8
v 1 1.4 0.7
v 1 1.4 0.6
v 1 1.4 0.5
v 1 1.4 0.4
v 1 1.4 0.3
v 1 1.4 0.2
v 1 1.4 0.1
v 1 1.4 0
v 1 1.4 -0.1
v 1 1.4 -0.2
v 1 1.4 -0.3
v 1 1.4 -0.4
v 1 1.4 -0.5
v 1 1.4 -0.6
v 1 1.4 -0.7
v 1 1.4 -0.8
v 1 1.4 -0.9
v 1 1.4 -1
v 1 1.5 1
v 1 1.5 0.9
v 1 1.5 0.8
v 1 1.5 0.6
v 1 1.5 0.5
v 1 1.5 0.4
v 1 1.5 0.3
v 1 1.5 0.2
v 1 1.5 0.1
v 1 1.5 0
v 1 1.5 -0.1
v 1 1.5 -0.2
v 1 1.5 -0.3
v 1 1.5 -0.4
v 1 1.5 -0.7
v 1 1.5 -0.8
v 1 1.5 -0.9
v 1 1.5 -1
v 1 1.6 1
v 1 1.6 0.9
v 1 1.6 0.8
v 1 1.6 0.7
v 1 1.6 0.6
v 1 1.6 0.5
v 1 1.6 0.4
v 1 1.6 0.3
v 1 1.6 0.1
v 1 1.6 0
v 1 1.6 -0.1
v 1 1.6 -0.2
v 1 1.6 -0.3
v 1 1.6 -0.4
v 1 1.6 -0.5
v 1 1.6 -0.6
v 1 1.6 -0.7
v 1 1.6 -0.8
v 1 1.6 -0.9
v 1 1.6 -1
v 1 1.7 1
v 1 1.7 0.9
v 1 1.7 0.8
v 1 1.7 0.7
v 1 1.7 0.6
v 1 1.7 0.5
v 1 1.7 0.4
v 1 1.7 0.3
v 1 1.7 0.2
v 1 1.7 0.1
v 1 1.7 0
v 1 1.7 -0.1
v 1 1.7 -0.2
v 1 1.7 -0.3
v 1 1.7 -0.4
v 1 1.7 -0.5
v 1 1.7 -0.6
v 1 1.7 -0.7
v 1 1.7 -0.8
v 1 1.7 -0.9
v 1 1.7 -1
v 1 1.8 1
v 1 1.8 0.9
v 1 1.8 0.8
v 1 1.8 0.7
v 1 1.8 0.6
v 1 1.8 0.5
v 1 1.8 0.4
v 1 1.8 0.3
v 1 1.8 0.2
v 1 1.8 0.1
v 1 1.8 0
v 1 1.8 -0.1
v 1 1.8 -0.2
v 1 1.8 -0.3
v 1 1.8 -0.4
v 1 1.8 -0.5
v 1 1.8 -0.6
v 1 1.8 -0.7
v 1 1.8 -0.8
v 1 1.8 -0.9
v 1 1.8 -1
v 1 1.9 1
v 1 1.9 0.9
v 1 1.9 0.7
v 1 1.9 0.6
v 1 1.9 0.5
v 1 1.9 0.4
v 1 1.9 0.3
v 1 1.9 0.2
v 1 1.9 0.1
v 1 1.9 0
v 1 1.9 -0.2
v 1 1.9 -0.3
v 1 1.9 -0.4
v 1 1.9 -0.5
v 1 1.9 -0.6
v 1 1.9 -0.7
v 1 1.9 -0.8
v 1 1.9 -0.9
v 1 1.9 -1
v 1 2 1
v 1 2 0.6
v 1 2 0.5
v 1 2 0.4
v 1 2 0.3
v 1 2 0.2
v 1 2 -0.2
v 1 2 -0.3
v 1 2 -0.4
v 1 2 -0.5
v 1 2 -0.6
v 1 2 -0.7
v 1 2 -0.8
v 1 2 -0.9
v 1 2 -1
v -1 0 1
v -1 0.1 1
v -1 0.3 1
v -1 0.4 1
v -1 0.5 1
v -1 0.7 1
v -1 0.8 1
v -1 0.9 1
v -1 1.1 1
v -1 1.2 1
v -1 1.3 1
v -1 1.4 1
v -1 1.5 1
v -1 1.6 1
v -1 1.7 1
v -1 1.8 1
v -1 1.9 1
v -1 2 1
v -0.9 0 1
v -0.9 0.1 1
v -0.9 0.2 1
v -0.9 0.3 1
v -0.9 0.4 1
v -0.9 0.5 1
v -0.9 0.6 1
v -0.9 0.7 1
v -0.9 0.8 1
v -0.9 1 1
v -0.9 1.1 1
v -0.9 1.2 1
v -0.9 1.3 1
v -0.9 1.4 1
v -0.9 1.5 1
v -0.9 1.6 1
v -0.9 1.7 1
v -0.9 1.8 1
v -0.9 1.9 1
v -0.8 0.1 1
v -0.8 0.2 1
v -0.8 0.3 1
v -0.8 0.4 1
v -0.8 0.5 1
v -0.8 0.6 1
v -0.8 0.7 1
v -0.8 0.8 1
v -0.8 0.9 1
v -0.8 1 1
v -0.8 1.1 1
v -0.8 1.2 1
v -0.8 1.3 1
v -0.8 1.4 1
v -0.8 1.5 1
v -0.8 1.6 1
v -0.8 1.7 1
v -0.8 1.8 1
v -0.7 0 1
v -0.7 0.1 1
v -0.7 0.2 1
v -0.7 0.3 1
v -0.7 0.4 1
v -0.7 0.5 1
v -0.7 0.6 1
v -0.7 0.7 1
v -0.7 0.8 1
v -0.7 0.9 1
v -0.7 1 1
v -0.7 1.1 1
v -0.7 1.3 1
v -0.7 1.4 1
v -0.7 1.6 1
v -0.7 1.7 1
v -0.7 1.8 1
v -0.7 1.9 1
v -0.6 0 1
v -0.6 0.1 1
v -0.6 0.3 1
v -0.6 0.4 1
v -0.6 0.5 1
v -0.6 0.6 1
v -0.6 0.7 1
v -0.6 0.8 1
v -0.6 0.9 1
v -0.6 1.1 1
v -0.6 1.2 1
v -0.6 1.3 1
v -0.6 1.4 1
v -0.6 1.5 1
v -0.6 1.6 1
v -0.6 1.7 1
v -0.6 1.8 1
v -0.6 1.9 1
v -0.6 2 1
v -0.5 0 1
v -0.5 0.1 1
v -0.5 0.2 1
v -0.5 0.3 1
v -0.5 0.4 1
v -0.5 0.5 1
v -0.5 0.6 1
v -0.5 0.7 1
v -0.5 0.8 1
v -0.5 0.9 1
v -0.5 1 1
v -0.5 1.1 1
v -0.5 1.2 1
v -0.5 1.3 1
v -0.5 1.4 1
v -0.5 1.5 1
v -0.5 1.6 1
v -0.5 1.7 1
v -0.5 1.8 1
v -0.5 1.9 1
v -0.5 2 1
v -0.4 0.2 1
v -0.4 0.3 1
v -0.4 0.4 1
v -0.4 0.5 1
v -0.4 0.6 1
v -0.4 0.7 1
v -0.4 0.8 1
v -0.4 1 1
v -0.4 1.1 1
v -0.4 1.2 1
v -0.4 1.3 1
v -0.4 1.4 1
v -0.4 1.5 1
v -0.4 1.6 1
v -0.4 1.7 1
v -0.4 1.8 1
v -0.4 1.9 1
v -0.4 2 1
v -0.3 0 1
v -0.3 0.1 1
v -0.3 0.2 1
v -0.3 0.3 1
v -0.3 0.4 1
v -0.3 0.5 1
v -0.3 0.6 1
v -0.3 0.7 1
v -0.3 0.8 1
v -0.3 0.9 1
v -0.3 1 1
v -0.3 1.1 1
v -0.3 1.2 1
v -0.3 1.3 1
v -0.3 1.4 1
v -0.3 1.5 1
v -0.3 1.6 1
v -0.3 1.7 1
v -0.3 1.8 1
v -0.3 1.9 1
v -0.3 2 1
v -0.2 0 1
v -0.2 0.1 1
v -0.2 0.3 1
v -0.2 0.4 1
v -0.2 0.5 1
v -0.2 0.6 1
v -0.2 0.7 1
v -0.2 0.8 1
v -0.2 1.1 1
v -0.2 1.2 1
v -0.2 1.3 1
v -0.2 1.4 1
v -0.2 1.5 1
v -0.2 1.7 1
v -0.2 1.8 1
v -0.2 1.9 1
v -0.2 2 1
v -0.1 0 1
v -0.1 0.1 1
v -0.1 0.2 1
v -0.1 0.4 1
v -0.1 0.5 1
v -0.1 0.6 1
v -0.1 0.7 1
v -0.1 0.8 1
v -0.1 0.9 1
v -0.1 1 1
v -0.1 1.2 1
v -0.1 1.3 1
v -0.1 1.4 1
v -0.1 1.5 1
v -0.1 1.6 1
v -0.1 1.7 1
v -0.1 1.8 1
v -0.1 1.9 1
v 0 0.1 1
v 0 0.2 1
v 0 0.3 1
v 0 0.4 1
v 0 0.5 1
v 0 0.6 1
v 0 0.7 1
v 0 0.9 1
v 0 1 1
v 0 1.1 1
v 0 1.2 1
v 0 1.3 1
v 0 1.4 1
v 0 1.5 1
v 0 1.6 1
v 0 1.7 1
v 0 1.8 1
v 0 1.9 1
v 0.1 0 1
v 0.1 0.1 1
v 0.1 0.2 1
v 0.1 0.3 1
v 0.1 0.4 1
v 0.1 0.5 1
v 0.1 0.6 1
v 0.1 0.7 1
v 0.1 0.8 1
v 0.1 0.9 1
v 0.1 1 1
v 0.1 1.1 1
v 0.1 1.2 1
v 0.1 1.3 1
v 0.1 1.4 1
v 0.1 1.5 1
v 0.1 1.6 1
v 0.1 1.7 1
v 0.1 1.8 1
v 0.2 0 1
v 0.2 0.1 1
v 0.2 0.2 1
v 0.2 0.3 1
v 0.2 0.4 1
v 0.2 0.5 1
v 0.2 0.6 1
v 0.2 0.7 1
v 0.2 0.8 1
v 0.2 0.9 1
v 0.2 1 1
v 0.2 1.1 1
v 0.2 1.2 1
v 0.2 1.3 1
v 0.2 1.4 1
v 0.2 1.5 1
v 0.2 1.6 1
v 0.2 1.7 1
v 0.2 1.8 1
v 0.2 1.9 1
v 0.2 2 1
v 0.3 0 1
v 0.3 0.1 1
v 0.3 0.2 1
v 0.3 0.3 1
v 0.3 0.4 1
v 0.3 0.5 1
v 0.3 0.6 1
v 0.3 0.7 1
v 0.3 0.8 1
v 0.3 0.9 1
v 0.3 1 1
v 0.3 1.1 1
v 0.3 1.2 1
v 0.3 1.3 1
v 0.3 1.4 1
v 0.3 1.5 1
v 0.3 1.6 1
v 0.3 1.7 1
v 0.3 1.8 1
v 0.3 1.9 1
v 0.3 2 1
v 0.4 0 1
v 0.4 0.1 1
v 0.4 0.2 1
v 0.4 0.3 1
v 0.4 0.4 1
v 0.4 0.5 1
v 0.4 0.6 1
v 0.4 0.7 1
v 0.4 0.8 1
v 0.4 0.9 1
v 0.4 1 1
v 0.4 1.2 1
v 0.4 1.3 1
v 0.4 1.4 1
v 0.4 1.5 1
v 0.4 1.6 1
v 0.4 1.7 1
v 0.4 1.8 1
v 0.4 1.9 1
v 0.4 2 1
v 0.5 0.2 1
v 0.5 0.3 1
v 0.5 0.4 1
v 0.5 0.5 1
v 0.5 0.6 1
v 0.5 0.7 1
v 0.5 0.8 1
v 0.5 1 1
v 0.5 1.1 1
v 0.5 1.2 1
v 0.5 1.3 1
v 0.5 1.4 1
v 0.5 1.6 1
v 0.5 1.7 1
v 0.5 1.8 1
v 0.5 1.9 1
v 0.5 2 1
v 0.6 0.1 1
v 0.6 0.2 1
v 0.6 0.3 1
v 0.6 0.4 1
v 0.6 0.5 1
v 0.6 0.6 1
v 0.6 0.7 1
v 0.6 0.8 1
v 0.6 0.9 1
v 0.6 1.1 1
v 0.6 1.2 1
v 0.6 1.3 1
v 0.6 1.4 1
v 0.6 1.6 1
v 0.6 1.7 1
v 0.6 1.8 1
v 0.6 1.9 1
v 0.6 2 1
v 0.7 0.1 1
v 0.7 0.3 1
v 0.7 0.4 1
v 0.7 0.5 1
v 0.7 0.6 1
v 0.7 0.7 1
v 0.7 0.8 1
v 0.7 0.9 1
v 0.7 1.1 1
v 0.7 1.2 1
v 0.7 1.3 1
v 0.7 1.4 1
v 0.7 1.5 1
v 0.7 1.6 1
v 0.7 1.7 1
v 0.7 1.8 1
v 0.7 1.9 1
v 0.7 2 1
v 0.8 0 1
v 0.8 0.1 1
v 0.8 0.2 1
v 0.8 0.3 1
v 0.8 0.4 1
v 0.8 0.5 1
v 0.8 0.6 1
v 0.8 0.7 1
v 0.8 0.8 1
v 0.8 0.9 1
v 0.8 1 1
v 0.8 1.1 1
v 0.8 1.2 1
v 0.8 1.3 1
v 0.8 1.4 1
v 0.8 1.5 1
v 0.8 1.6 1
v 0.8 1.7 1
v 0.8 1.8 1
v 0.8 1.9 1
v 0.8 2 1
v 0.9 0.2 1
v 0.9 0.3 1
v 0.9 0.4 1
v 0.9 0.5 1
v 0.9 0.6 1
v 0.9 0.7 1
v 0.9 0.8 1
v 0.9 1 1
v 0.9 1.1 1
v 0.9 1.2 1
v 0.9 1.3 1
v 0.9 1.4 1
v 0.9 1.5 1
v 0.9 1.6 1
v 0.9 1.7 1
v 0.9 1.8 1
v 0.9 1.9 1
v 0.9 2 1
v 1 0 1
v 1 0.1 1
v 1 0.3 1
v 1 0.4 1
v 1 0.5 1
v 1 0.7 1
v 1 0.8 1
v 1 0.9 1
v 1 1.1 1
v 1 1.2 1
v 1 1.3 1
v 1 1.4 1
v 1 1.5 1
v 1 1.6 1
v 1 1.7 1
v 1 1.8 1
v 1 1.9 1
v 1 2 1
v -1 0 -1
v -1 0.1 -1
v -1 0.3 -1
v -1 0.4 -1
v -1 0.5 -1
v -1 0.7 -1
v -1 0.8 -1
v -1 0.9 -1
v -1 1.1 -1
v -1 1.2 -1
v -1 1.3 -1
v -1 1.4 -1
v -1 1.5 -1
v -1 1.6 -1
v -1 1.7 -1
v -1 1.8 -1
v -1 1.9 -1
v -1 2 -1
v -0.9 0.2 -1
v -0.9 0.3 -1
v -0.9 0.4 -1
v -0.9 0.5 -1
v -0.9 0.6 -1
v -0.9 0.7 -1
v -0.9 0.8 -1
v -0.9 1 -1
v -0.9 1.1 -1
v -0.9 1.2 -1
v -0.9 1.3 -1
v -0.9 1.4 -1
v -0.9 1.5 -1
v -0.9 1.6 -1
v -0.9 1.7 -1
v -0.9 1.8 -1
v -0.9 1.9 -1
v -0.9 2 -1
v -0.8 0 -1
v -0.8 0.1 -1
v -0.8 0.2 -1
v -0.8 0.3 -1
v -0.8 0.4 -1
v -0.8 0.5 -1
v -0.8 0.6 -1
v -0.8 0.7 -1
v -0.8 0.8 -1
v -0.8 0.9 -1
v -0.8 1 -1
v -0.8 1.1 -1
v -0.8 1.2 -1
v -0.8 1.3 -1
v -0.8 1.4 -1
v -0.8 1.5 -1
v -0.8 1.6 -1
v -0.8 1.7 -1
v -0.8 1.8 -1
v -0.8 1.9 -1
v -0.8 2 -1
v -0.7 0.1 -1
v -0.7 0.3 -1
v -0.7 0.4 -1
v -0.7 0.5 -1
v -0.7 0.6 -1
v -0.7 0.7 -1
v -0.7 0.8 -1
v -0.7 0.9 -1
v -0.7 1.1 -1
v -0.7 1.2 -1
v -0.7 1.3 -1
v -0.7 1.4 -1
v -0.7 1.5 -1
v -0.7 1.6 -1
v -0.7 1.7 -1
v -0.7 1.8 -1
v -0.7 1.9 -1
v -0.7 2 -1
v -0.6 0.1 -1
v -0.6 0.2 -1
v -0.6 0.3 -1
v -0.6 0.4 -1
v -0.6 0.5 -1
v -0.6 0.6 -1
v -0.6 0.7 -1
v -0.6 0.8 -1
v -0.6 0.9 -1
v -0.6 1.1 -1
v -0.6 1.2 -1
v -0.6 1.3 -1
v -0.6 1.4 -1
v -0.6 1.6 -1
v -0.6 1.7 -1
v -0.6 1.8 -1
v -0.6 1.9 -1
v -0.6 2 -1
v -0.5 0.2 -1
v -0.5 0.3 -1
v -0.5 0.4 -1
v -0.5 0.5 -1
v -0.5 0.6 -1
v -0.5 0.7 -1
v -0.5 0.8 -1
v -0.5 1 -1
v -0.5 1.1 -1
v -0.5 1.2 -1
v -0.5 1.3 -1
v -0.5 1.4 -1
v -0.5 1.6 -1
v -0.5 1.7 -1
v -0.5 1.8 -1
v -0.5 1.9 -1
v -0.5 2 -1
v -0.4 0 -1
v -0.4 0.1 -1
v -0.4 0.2 -1
v -0.4 0.3 -1
v -0.4 0.4 -1
v -0.4 0.5 -1
v -0.4 0.6 -1
v -0.4 0.7 -1
v -0.4 0.8 -1
v -0.4 0.9 -1
v -0.4 1 -1
v -0.4 1.2 -1
v -0.4 1.3 -1
v -0.4 1.4 -1
v -0.4 1.5 -1
v -0.4 1.6 -1
v -0.4 1.7 -1
v -0.4 1.8 -1
v -0.4 1.9 -1
v -0.4 2 -1
v -0.3 0 -1
v -0.3 0.1 -1
v -0.3 0.2 -1
v -0.3 0.3 -1
v -0.3 0.4 -1
v -0.3 0.5 -1
v -0.3 0.6 -1
v -0.3 0.7 -1
v -0.3 0.8 -1
v -0.3 0.9 -1
v -0.3 1 -1
v -0.3 1.1 -1
v -0.3 1.2 -1
v -0.3 1.3 -1
v -0.3 1.4 -1
v -0.3 1.5 -1
v -0.3 1.6 -1
v -0.3 1.7 -1
v -0.3 1.8 -1
v -0.3 1.9 -1
v -0.3 2 -1
v -0.2 0 -1
v -0.2 0.1 -1
v -0.2 0.2 -1
v -0.2 0.3 -1
v -0.2 0.4 -1
v -0.2 0.5 -1
v -0.2 0.6 -1
v -0.2 0.7 -1
v -0.2 0.8 -1
v -0.2 0.9 -1
v -0.2 1 -1
v -0.2 1.1 -1
v -0.2 1.2 -1
v -0.2 1.3 -1
v -0.2 1.4 -1
v -0.2 1.5 -1
v -0.2 1.6 -1
v -0.2 1.7 -1
v -0.2 1.8 -1
v -0.2 1.9 -1
v -0.2 2 -1
v -0.1 0 -1
v -0.1 0.1 -1
v -0.1 0.2 -1
v -0.1 0.3 -1
v -0.1 0.4 -1
v -0.1 0.5 -1
v -0.1 0.6 -1
v -0.1 0.7 -1
v -0.1 0.8 -1
v -0.1 0.9 -1
v -0.1 1 -1
v -0.1 1.1 -1
v -0.1 1.2 -1
v -0.1 1.3 -1
v -0.1 1.4 -1
v -0.1 1.5 -1
v -0.1 1.6 -1
v -0.1 1.7 -1
v -0.1 1.8 -1
v 0 0.1 -1
v 0 0.2 -1
v 0 0.3 -1
v 0 0.4 -1
v 0 0.5 -1
v 0 0.6 -1
v 0 0.7 -1
v 0 0.9 -1
v 0 1 -1
v 0 1.1 -1
v 0 1.2 -1
v 0 1.3 -1
v 0 1.4 -1
v 0 1.5 -1
v 0 1.6 -1
v 0 1.7 -1
v 0 1.8 -1
v 0 1.9 -1
v 0.1 0 -1
v 0.1 0.1 -1
v 0.1 0.2 -1
v 0.1 0.4 -1
v 0.1 0.5 -1
v 0.1 0.6 -1
v 0.1 0.7 -1
v 0.1 0.8 -1
v 0.1 0.9 -1
v 0.1 1 -1
v 0.1 1.2 -1
v 0.1 1.3 -1
v 0.1 1.4 -1
v 0.1 1.5 -1
v 0.1 1.6 -1
v 0.1 1.7 -1
v 0.1 1.8 -1
v 0.1 1.9 -1
v 0.2 0 -1
v 0.2 0.1 -1
v 0.2 0.3 -1
v 0.2 0.4 -1
v 0.2 0.5 -1
v 0.2 0.6 -1
v 0.2 0.7 -1
v 0.2 0.8 -1
v 0.2 1.1 -1
v 0.2 1.2 -1
v 0.2 1.3 -1
v 0.2 1.4 -1
v 0.2 1.5 -1
v 0.2 1.7 -1
v 0.2 1.8 -1
v 0.2 1.9 -1
v 0.2 2 -1
v 0.3 0 -1
v 0.3 0.1 -1
v 0.3 0.2 -1
v 0.3 0.3 -1
v 0.3 0.4 -1
v 0.3 0.5 -1
v 0.3 0.6 -1
v 0.3 0.7 -1
v 0.3 0.8 -1
v 0.3 0.9 -1
v 0.3 1 -1
v 0.3 1.1 -1
v 0.3 1.2 -1
v 0.3 1.3 -1
v 0.3 1.4 -1
v 0.3 1.5 -1
v 0.3 1.6 -1
v 0.3 1.7 -1
v 0.3 1.8 -1
v 0.3 1.9 -1
v 0.3 2 -1
v 0.4 0.2 -1
v 0.4 0.3 -1
v 0.4 0.4 -1
v 0.4 0.5 -1
v 0.4 0.6 -1
v 0.4 0.7 -1
v 0.4 0.8 -1
v 0.4 1 -1
v 0.4 1.1 -1
v 0.4 1.2 -1
v 0.4 1.3 -1
v 0.4 1.4 -1
v 0.4 1.5 -1
v 0.4 1.6 -1
v 0.4 1.7 -1
v 0.4 1.8 -1
v 0.4 1.9 -1
v 0.4 2 -1
v 0.5 0 -1
v 0.5 0.1 -1
v 0.5 0.2 -1
v 0.5 0.3 -1
v 0.5 0.4 -1
v 0.5 0.5 -1
v 0.5 0.6 -1
v 0.5 0.7 -1
v 0.5 0.8 -1
v 0.5 0.9 -1
v 0.5 1 -1
v 0.5 1.1 -1
v 0.5 1.2 -1
v 0.5 1.3 -1
v 0.5 1.4 -1
v 0.5 1.5 -1
v 0.5 1.6 -1
v 0.5 1.7 -1
v 0.5 1.8 -1
v 0.5 1.9 -1
v 0.5 2 -1
v 0.6 0 -1
v 0.6 0.1 -1
v 0.6 0.3 -1
v 0.6 0.4 -1
v 0.6 0.5 -1
v 0.6 0.6 -1
v 0.6 0.7 -1
v 0.6 0.8 -1
v 0.6 0.9 -1
v 0.6 1.1 -1
v 0.6 1.2 -1
v 0.6 1.3 -1
v 0.6 1.4 -1
v 0.6 1.5 -1
v 0.6 1.6 -1
v 0.6 1.7 -1
v 0.6 1.8 -1
v 0.6 1.9 -1
v 0.6 2 -1
v 0.7 0 -1
v 0.7 0.1 -1
v 0.7 0.2 -1
v 0.7 0.3 -1
v 0.7 0.4 -1
v 0.7 0.5 -1
v 0.7 0.6 -1
v 0.7 0.7 -1
v 0.7 0.8 -1
v 0.7 0.9 -1
v 0.7 1 -1
v 0.7 1.1 -1
v 0.7 1.3 -1
v 0.7 1.4 -1
v 0.7 1.6 -1
v 0.7 1.7 -1
v 0.7 1.8 -1
v 0.7 1.9 -1
v 0.8 0.1 -1
v 0.8 0.2 -1
v 0.8 0.3 -1
v 0.8 0.4 -1
v 0.8 0.5 -1
v 0.8 0.6 -1
v 0.8 0.7 -1
v 0.8 0.8 -1
v 0.8 0.9 -1
v 0.8 1 -1
v 0.8 1.1 -1
v 0.8 1.2 -1
v 0.8 1.3 -1
v 0.8 1.4 -1
v 0.8 1.5 -1
v 0.8 1.6 -1
v 0.8 1.7 -1
v 0.8 1.8 -1
v 0.9 0 -1
v 0.9 0.1 -1
v 0.9 0.2 -1
v 0.9 0.3 -1
v 0.9 0.4 -1
v 0.9 0.5 -1
v 0.9 0.6 -1
v 0.9 0.7 -1
v 0.9 0.8 -1
v 0.9 1 -1
v 0.9 1.1 -1
v 0.9 1.2 -1
v 0.9 1.3 -1
v 0.9 1.4 -1
v 0.9 1.5 -1
v 0.9 1.6 -1
v 0.9 1.7 -1
v 0.9 1.8 -1
v 0.9 1.9 -1
v 1 0 -1
v 1 0.1 -1
v 1 0.3 -1
v 1 0.4 -1
v 1 0.5 -1
v 1 0.7 -1
v 1 0.8 -1
v 1 0.9 -1
v 1 1.1 -1
v 1 1.2 -1
v 1 1.3 -1
v 1 1.4 -1
v 1 1.5 -1
v 1 1.6 -1
v 1 1.7 -1
v 1 1.8 -1
v 1 1.9 -1
v 1 2 -1
v -1 0 1
v -0.9 0 1
v -0.7 0 1
v -0.6 0 1
v -0.5 0 1
v -0.3 0 1
v -0.2 0 1
v -0.1 0 1
v 0.1 0 1
v 0.2 0 1
v 0.3 0 1
v 0.4 0 1
v 0.8 0 1
v 1 0 1
v -0.8 0 0.9
v -0.7 0 0.9
v -0.6 0 0.9
v -0.5 0 0.9
v -0.4 0 0.9
v -0.3 0 0.9
v -0.2 0 0.9
v 0 0 0.9
v 0.1 0 0.9
v 0.2 0 0.9
v 0.3 0 0.9
v 0.4 0 0.9
v 0.6 0 0.9
v 0.7 0 0.9
v 0.8 0 0.9
v 1 0 0.9
v -1 0 0.8
v -0.9 0 0.8
v -0.8 0 0.8
v -0.7 0 0.8
v -0.6 0 0.8
v -0.5 0 0.8
v -0.4 0 0.8
v -0.3 0 0.8
v -0.2 0 0.8
v -0.1 0 0.8
v 0 0 0.8
v 0.1 0 0.8
v 0.2 0 0.8
v 0.3 0 0.8
v 0.4 0 0.8
v 0.5 0 0.8
v 0.6 0 0.8
v 0.8 0 0.8
v 0.9 0 0.8
v -0.9 0 0.7
v -0.7 0 0.7
v -0.6 0 0.7
v -0.5 0 0.7
v -0.4 0 0.7
v -0.3 0 0.7
v -0.2 0 0.7
v -0.1 0 0.7
v 0 0 0.7
v 0.1 0 0.7
v 0.2 0 0.7
v 0.3 0 0.7
v 0.4 0 0.7
v 0.5 0 0.7
v 0.6 0 0.7
v 0.7 0 0.7
v 0.8 0 0.7
v 0.9 0 0.7
v 1 0 0.7
v -0.9 0 0.6
v -0.8 0 0.6
v -0.7 0 0.6
v -0.6 0 0.6
v -0.5 0 0.6
v -0.4 0 0.6
v -0.3 0 0.6
v -0.2 0 0.6
v -0.1 0 0.6
v 0 0 0.6
v 0.1 0 0.6
v 0.2 0 0.6
v 0.3 0 0.6
v 0.4 0 0.6
v 0.5 0 0.6
v 0.6 0 0.6
v 0.7 0 0.6
v 0.8 0 0.6
v 0.9 0 0.6
v 1 0 0.6
v -0.8 0 0.5
v -0.7 0 0.5
v -0.6 0 0.5
v -0.5 0 0.5
v -0.4 0 0.5
v -0.3 0 0.5
v -0.2 0 0.5
v 0 0 0.5
v 0.1 0 0.5
v 0.2 0 0.5
v 0.3 0 0.5
v 0.4 0 0.5
v 0.5 0 0.5
v 0.6 0 0.5
v 0.7 0 0.5
v 0.8 0 0.5
v 0.9 0 0.5
v 1 0 0.5
v -1 0 0.4
v -0.9 0 0.4
v -0.8 0 0.4
v -0.7 0 0.4
v -0.6 0 0.4
v -0.5 0 0.4
v -0.4 0 0.4
v -0.3 0 0.4
v -0.2 0 0.4
v -0.1 0 0.4
v 0 0 0.4
v 0.1 0 0.4
v 0.2 0 0.4
v 0.3 0 0.4
v 0.4 0 0.4
v 0.5 0 0.4
v 0.6 0 0.4
v 0.7 0 0.4
v 0.8 0 0.4
v 0.9 0 0.4
v -1 0 0.3
v -0.9 0 0.3
v -0.8 0 0.3
v -0.7 0 0.3
v -0.6 0 0.3
v -0.5 0 0.3
v -0.4 0 0.3
v -0.3 0 0.3
v -0.2 0 0.3
v -0.1 0 0.3
v 0 0 0.3
v 0.1 0 0.3
v 0.2 0 0.3
v 0.3 0 0.3
v 0.4 0 0.3
v 0.5 0 0.3
v 0.6 0 0.3
v 0.7 0 0.3
v 0.8 0 0.3
v 0.9 0 0.3
v 1 0 0.3
v -1 0 0.2
v -0.9 0 0.2
v -0.8 0 0.2
v -0.7 0 0.2
v -0.6 0 0.2
v -0.5 0 0.2
v -0.4 0 0.2
v -0.3 0 0.2
v -0.2 0 0.2
v -0.1 0 0.2
v 0 0 0.2
v 0.1 0 0.2
v 0.2 0 0.2
v 0.3 0 0.2
v 0.4 0 0.2
v 0.5 0 0.2
v 0.6 0 0.2
v 0.7 0 0.2
v 0.8 0 0.2
v 0.9 0 0.2
v 1 0 0.2
v -1 0 0.1
v -0.9 0 0.1
v -0.8 0 0.1
v -0.7 0 0.1
v -0.6 0 0.1
v -0.5 0 0.1
v -0.4 0 0.1
v -0.3 0 0.1
v -0.2 0 0.1
v -0.1 0 0.1
v 0 0 0.1
v 0.1 0 0.1
v 0.2 0 0.1
v 0.3 0 0.1
v 0.4 0 0.1
v 0.6 0 0.1
v 0.7 0 0.1
v 0.8 0 0.1
v 1 0 0.1
v -0.9 0 0
v -0.8 0 0
v -0.7 0 0
v -0.6 0 0
v -0.5 0 0
v -0.4 0 0
v -0.3 0 0
v -0.2 0 0
v -0.1 0 0
v 0 0 0
v 0.1 0 0
v 0.2 0 0
v 0.3 0 0
v 0.4 0 0
v 0.5 0 0
v 0.6 0 0
v 0.7 0 0
v 0.8 0 0
v 0.9 0 0
v -1 0 -0.1
v -0.8 0 -0.1
v -0.7 0 -0.1
v -0.6 0 -0.1
v -0.4 0 -0.1
v -0.3 0 -0.1
v -0.2 0 -0.1
v -0.1 0 -0.1
v 0 0 -0.1
v 0.2 0 -0.1
v 0.3 0 -0.1
v 0.4 0 -0.1
v 0.5 0 -0.1
v 0.6 0 -0.1
v 0.7 0 -0.1
v 0.8 0 -0.1
v 0.9 0 -0.1
v 1 0 -0.1
v -1 0 -0.2
v -0.9 0 -0.2
v -0.8 0 -0.2
v -0.7 0 -0.2
v -0.6 0 -0.2
v -0.5 0 -0.2
v -0.4 0 -0.2
v -0.3 0 -0.2
v -0.2 0 -0.2
v -0.1 0 -0.2
v 0 0 -0.2
v 0.1 0 -0.2
v 0.2 0 -0.2
v 0.3 0 -0.2
v 0.4 0 -0.2
v 0.5 0 -0.2
v 0.6 0 -0.2
v 0.7 0 -0.2
v 0.8 0 -0.2
v 0.9 0 -0.2
v 1 0 -0.2
v -1 0 -0.3
v -0.9 0 -0.3
v -0.8 0 -0.3
v -0.7 0 -0.3
v -0.6 0 -0.3
v -0.5 0 -0.3
v -0.4 0 -0.3
v -0.3 0 -0.3
v -0.2 0 -0.3
v -0.1 0 -0.3
v 0 0 -0.3
v 0.1 0 -0.3
v 0.2 0 -0.3
v 0.3 0 -0.3
v 0.4 0 -0.3
v 0.5 0 -0.3
v 0.6 0 -0.3
v 0.7 0 -0.3
v 0.8 0 -0.3
v 0.9 0 -0.3
v 1 0 -0.3
v -0.9 0 -0.4
v -0.8 0 -0.4
v -0.7 0 -0.4
v -0.6 0 -0.4
v -0.5 0 -0.4
v -0.4 0 -0.4
v -0.3 0 -0.4
v -0.2 0 -0.4
v -0.1 0 -0.4
v 0 0 -0.4
v 0.1 0 -0.4
v 0.2 0 -0.4
v 0.3 0 -0.4
v 0.4 0 -0.4
v 0.5 0 -0.4
v 0.6 0 -0.4
v 0.7 0 -0.4
v 0.8 0 -0.4
v 0.9 0 -0.4
v 1 0 -0.4
v -1 0 -0.5
v -0.9 0 -0.5
v -0.8 0 -0.5
v -0.7 0 -0.5
v -0.6 0 -0.5
v -0.5 0 -0.5
v -0.4 0 -0.5
v -0.3 0 -0.5
v -0.2 0 -0.5
v -0.1 0 -0.5
v 0 0 -0.5
v 0.2 0 -0.5
v 0.3 0 -0.5
v 0.4 0 -0.5
v 0.5 0 -0.5
v 0.6 0 -0.5
v 0.7 0 -0.5
v 0.8 0 -0.5
v -1 0 -0.6
v -0.9 0 -0.6
v -0.8 0 -0.6
v -0.7 0 -0.6
v -0.6 0 -0.6
v -0.5 0 -0.6
v -0.4 0 -0.6
v -0.3 0 -0.6
v -0.2 0 -0.6
v -0.1 0 -0.6
v 0 0 -0.6
v 0.1 0 -0.6
v 0.2 0 -0.6
v 0.3 0 -0.6
v 0.4 0 -0.6
v 0.5 0 -0.6
v 0.6 0 -0.6
v 0.7 0 -0.6
v 0.8 0 -0.6
v 0.9 0 -0.6
v -1 0 -0.7
v -0.9 0 -0.7
v -0.8 0 -0.7
v -0.7 0 -0.7
v -0.6 0 -0.7
v -0.5 0 -0.7
v -0.4 0 -0.7
v -0.3 0 -0.7
v -0.2 0 -0.7
v -0.1 0 -0.7
v 0 0 -0.7
v 0.1 0 -0.7
v 0.2 0 -0.7
v 0.3 0 -0.7
v 0.4 0 -0.7
v 0.5 0 -0.7
v 0.6 0 -0.7
v 0.7 0 -0.7
v 0.9 0 -0.7
v -0.9 0 -0.8
v -0.8 0 -0.8
v -0.6 0 -0.8
v -0.5 0 -0.8
v -0.4 0 -0.8
v -0.3 0 -0.8
v -0.2 0 -0.8
v -0.1 0 -0.8
v 0 0 -0.8
v 0.1 0 -0.8
v 0.2 0 -0.8
v 0.3 0 -0.8
v 0.4 0 -0.8
v 0.5 0 -0.8
v 0.6 0 -0.8
v 0.7 0 -0.8
v 0.8 0 -0.8
v 0.9 0 -0.8
v 1 0 -0.8
v -1 0 -0.9
v -0.8 0 -0.9
v -0.7 0 -0.9
v -0.6 0 -0.9
v -0.4 0 -0.9
v -0.3 0 -0.9
v -0.2 0 -0.9
v -0.1 0 -0.9
v 0 0 -0.9
v 0.2 0 -0.9
v 0.3 0 -0.9
v 0.4 0 -0.9
v 0.5 0 -0.9
v 0.6 0 -0.9
v 0.7 0 -0.9
v 0.8 0 -0.9
v -1 0 -1
v -0.8 0 -1
v -0.4 0 -1
v -0.3 0 -1
v -0.2 0 -1
v -0.1 0 -1
v 0.1 0 -1
v 0.2 0 -1
v 0.3 0 -1
v 0.5 0 -1
v 0.6 0 -1
v 0.7 0 -1
v 0.9 0 -1
v 1 0 -1
v -1 2 1
v -0.6 2 1
v -0.5 2 1
v -0.4 2 1
v -0.3 2 1
v -0.2 2 1
v 0.2 2 1
v 0.3 2 1
v 0.4 2 1
v 0.5 2 1
v 0.6 2 1
v 0.7 2 1
v 0.8 2 1
v 0.9 2 1
v 1 2 1
v -1 2 0.9
v -0.9 2 0.9
v -0.8 2 0.9
v -0.6 2 0.9
v -0.5 2 0.9
v -0.4 2 0.9
v -0.3 2 0.9
v -0.2 2 0.9
v -0.1 2 0.9
v 0.1 2 0.9
v 0.2 2 0.9
v 0.3 2 0.9
v 0.4 2 0.9
v 0.5 2 0.9
v 0.6 2 0.9
v 0.7 2 0.9
v 0.8 2 0.9
v 0.9 2 0.9
v -1 2 0.8
v -0.9 2 0.8
v -0.8 2 0.8
v -0.7 2 0.8
v -0.6 2 0.8
v -0.5 2 0.8
v -0.4 2 0.8
v -0.3 2 0.8
v -0.2 2 0.8
v -0.1 2 0.8
v 0 2 0.8
v 0.1 2 0.8
v 0.3 2 0.8
v 0.4 2 0.8
v 0.6 2 0.8
v 0.7 2 0.8
v 0.8 2 0.8
v 0.9 2 0.8
v -1 2 0.7
v -0.9 2 0.7
v -0.8 2 0.7
v -0.7 2 0.7
v -0.6 2 0.7
v -0.5 2 0.7
v -0.4 2 0.7
v -0.3 2 0.7
v -0.2 2 0.7
v -0.1 2 0.7
v 0 2 0.7
v 0.1 2 0.7
v 0.2 2 0.7
v 0.3 2 0.7
v 0.5 2 0.7
v 0.6 2 0.7
v 0.7 2 0.7
v 0.8 2 0.7
v -1 2 0.6
v -0.9 2 0.6
v -0.8 2 0.6
v -0.7 2 0.6
v -0.6 2 0.6
v -0.5 2 0.6
v -0.4 2 0.6
v -0.3 2 0.6
v -0.2 2 0.6
v -0.1 2 0.6
v 0 2 0.6
v 0.1 2 0.6
v 0.2 2 0.6
v 0.3 2 0.6
v 0.4 2 0.6
v 0.5 2 0.6
v 0.6 2 0.6
v 0.7 2 0.6
v 0.8 2 0.6
v 0.9 2 0.6
v 1 2 0.6
v -1 2 0.5
v -0.9 2 0.5
v -0.7 2 0.5
v -0.6 2 0.5
v -0.4 2 0.5
v -0.3 2 0.5
v -0.2 2 0.5
v -0.1 2 0.5
v 0 2 0.5
v 0.1 2 0.5
v 0.3 2 0.5
v 0.4 2 0.5
v 0.5 2 0.5
v 0.6 2 0.5
v 0.7 2 0.5
v 0.8 2 0.5
v 0.9 2 0.5
v 1 2 0.5
v -1 2 0.4
v -0.9 2 0.4
v -0.8 2 0.4
v -0.7 2 0.4
v -0.6 2 0.4
v -0.5 2 0.4
v -0.4 2 0.4
v -0.3 2 0.4
v -0.2 2 0.4
v -0.1 2 0.4
v 0 2 0.4
v 0.1 2 0.4
v 0.2 2 0.4
v 0.3 2 0.4
v 0.4 2 0.4
v 0.5 2 0.4
v 0.6 2 0.4
v 0.7 2 0.4
v 0.8 2 0.4
v 0.9 2 0.4
v 1 2 0.4
v -1 2 0.3
v -0.9 2 0.3
v -0.8 2 0.3
v -0.7 2 0.3
v -0.6 2 0.3
v -0.5 2 0.3
v -0.4 2 0.3
v -0.1 2 0.3
v 0 2 0.3
v 0.1 2 0.3
v 0.2 2 0.3
v 0.3 2 0.3
v 0.4 2 0.3
v 0.5 2 0.3
v 0.6 2 0.3
v 0.7 2 0.3
v 0.8 2 0.3
v 0.9 2 0.3
v 1 2 0.3
v -1 2 0.2
v -0.9 2 0.2
v -0.7 2 0.2
v -0.6 2 0.2
v -0.5 2 0.2
v -0.4 2 0.2
v 0 2 0.2
v 0.1 2 0.2
v 0.2 2 0.2
v 0.3 2 0.2
v 0.4 2 0.2
v 0.5 2 0.2
v 0.6 2 0.2
v 0.7 2 0.2
v 0.8 2 0.2
v 0.9 2 0.2
v 1 2 0.2
v -0.9 2 0.1
v -0.8 2 0.1
v -0.7 2 0.1
v -0.6 2 0.1
v -0.5 2 0.1
v -0.4 2 0.1
v 0.2 2 0.1
v 0.3 2 0.1
v 0.4 2 0.1
v 0.5 2 0.1
v 0.6 2 0.1
v 0.7 2 0.1
v 0.9 2 0.1
v -0.8 2 0
v -0.7 2 0
v -0.6 2 0
v -0.5 2 0
v -0.4 2 0
v -0.3 2 0
v -0.2 2 0
v 0.3 2 0
v 0.4 2 0
v 0.6 2 0
v 0.7 2 0
v 0.8 2 0
v -0.9 2 -0.1
v -0.7 2 -0.1
v -0.5 2 -0.1
v -0.4 2 -0.1
v -0.3 2 -0.1
v -0.2 2 -0.1
v -0.1 2 -0.1
v 0.5 2 -0.1
v 0.6 2 -0.1
v 0.7 2 -0.1
v 0.8 2 -0.1
v 0.9 2 -0.1
v -1 2 -0.2
v -0.9 2 -0.2
v -0.8 2 -0.2
v -0.7 2 -0.2
v -0.6 2 -0.2
v -0.4 2 -0.2
v -0.3 2 -0.2
v -0.2 2 -0.2
v -0.1 2 -0.2
v 0.5 2 -0.2
v 0.6 2 -0.2
v 0.7 2 -0.2
v 0.8 2 -0.2
v 0.9 2 -0.2
v 1 2 -0.2
v -1 2 -0.3
v -0.9 2 -0.3
v -0.8 2 -0.3
v -0.6 2 -0.3
v -0.4 2 -0.3
v -0.3 2 -0.3
v -0.2 2 -0.3
v -0.1 2 -0.3
v 0.2 2 -0.3
v 0.3 2 -0.3
v 0.5 2 -0.3
v 0.6 2 -0.3
v 0.7 2 -0.3
v 0.8 2 -0.3
v 0.9 2 -0.3
v 1 2 -0.3
v -1 2 -0.4
v -0.9 2 -0.4
v -0.8 2 -0.4
v -0.7 2 -0.4
v -0.6 2 -0.4
v -0.5 2 -0.4
v -0.4 2 -0.4
v -0.3 2 -0.4
v -0.2 2 -0.4
v -0.1 2 -0.4
v 0 2 -0.4
v 0.1 2 -0.4
v 0.2 2 -0.4
v 0.3 2 -0.4
v 0.4 2 -0.4
v 0.6 2 -0.4
v 0.7 2 -0.4
v 0.8 2 -0.4
v 0.9 2 -0.4
v 1 2 -0.4
v -1 2 -0.5
v -0.9 2 -0.5
v -0.8 2 -0.5
v -0.7 2 -0.5
v -0.6 2 -0.5
v -0.5 2 -0.5
v -0.4 2 -0.5
v -0.3 2 -0.5
v -0.2 2 -0.5
v -0.1 2 -0.5
v 0 2 -0.5
v 0.1 2 -0.5
v 0.2 2 -0.5
v 0.3 2 -0.5
v 0.4 2 -0.5
v 0.5 2 -0.5
v 0.6 2 -0.5
v 0.7 2 -0.5
v 0.9 2 -0.5
v 1 2 -0.5
v -1 2 -0.6
v -0.9 2 -0.6
v -0.8 2 -0.6
v -0.7 2 -0.6
v -0.6 2 -0.6
v -0.5 2 -0.6
v -0.4 2 -0.6
v -0.3 2 -0.6
v -0.2 2 -0.6
v -0.1 2 -0.6
v 0 2 -0.6
v 0.1 2 -0.6
v 0.2 2 -0.6
v 0.3 2 -0.6
v 0.4 2 -0.6
v 0.5 2 -0.6
v 0.6 2 -0.6
v 0.7 2 -0.6
v 0.8 2 -0.6
v 0.9 2 -0.6
v 1 2 -0.6
v -0.8 2 -0.7
v -0.7 2 -0.7
v -0.6 2 -0.7
v -0.5 2 -0.7
v -0.4 2 -0.7
v -0.3 2 -0.7
v -0.2 2 -0.7
v -0.1 2 -0.7
v 0 2 -0.7
v 0.1 2 -0.7
v 0.2 2 -0.7
v 0.4 2 -0.7
v 0.5 2 -0.7
v 0.6 2 -0.7
v 0.7 2 -0.7
v 0.8 2 -0.7
v 0.9 2 -0.7
v 1 2 -0.7
v -0.9 2 -0.8
v -0.8 2 -0.8
v -0.7 2 -0.8
v -0.6 2 -0.8
v -0.4 2 -0.8
v -0.3 2 -0.8
v -0.2 2 -0.8
v -0.1 2 -0.8
v 0 2 -0.8
v 0.2 2 -0.8
v 0.3 2 -0.8
v 0.4 2 -0.8
v 0.5 2 -0.8
v 0.6 2 -0.8
v 0.7 2 -0.8
v 0.8 2 -0.8
v 0.9 2 -0.8
v 1 2 -0.8
v -0.9 2 -0.9
v -0.8 2 -0.9
v -0.7 2 -0.9
v -0.6 2 -0.9
v -0.5 2 -0.9
v -0.4 2 -0.9
v -0.3 2 -0.9
v -0.2 2 -0.9
v -0.1 2 -0.9
v 0.1 2 -0.9
v 0.2 2 -0.9
v 0.3 2 -0.9
v 0.4 2 -0.9
v 0.5 2 -0.9
v 0.6 2 -0.9
v 0.8 2 -0.9
v 0.9 2 -0.9
v 1 2 -0.9
v -1 2 -1
v -0.9 2 -1
v -0.8 2 -1
v -0.7 2 -1
v -0.6 2 -1
v -0.5 2 -1
v -0.4 2 -1
v -0.3 2 -1
v -0.2 2 -1
v 0.2 2 -1
v 0.3 2 -1
v 0.4 2 -1
v 0.5 2 -1
v 0.6 2 -1
v 1 2 -1

# faces
f 15/3/1 2/3/1 1/3/1
f 16/2/1 3/2/1 2/2/1
f 16/3/1 2/3/1 15/3/1
f 17/2/1 3/2/1 16/2/1
f 18/2/1 3/2/1 17/2/1
f 19/3/1 4/3/1 3/3/1
f 19/2/1 3/2/1 18/2/1
f 20/2/1 5/2/1 4/2/1
f 20/3/1 4/3/1 19/3/1
f 21/3/1 6/3/1 5/3/1
f 21/2/1 5/2/1 20/2/1
f 22/2/1 7/2/1 6/2/1
f 22/3/1 6/3/1 21/3/1
f 23/2/1 7/2/1 22/2/1
f 24/3/1 8/3/1 7/3/1
f 24/2/1 7/2/1 23/2/1
f 25/5/1 9/5/1 8/5/1
f 25/3/1 8/3/1 24/3/1
f 26/3/1 10/3/1 9/3/1
f 26/5/1 9/5/1 25/5/1
f 27/5/1 11/5/1 10/5/1
f 27/3/1 10/3/1 26/3/1
f 28/3/1 12/3/1 11/3/1
f 28/5/1 11/5/1 27/5/1
f 29/2/1 13/2/1 12/2/1
f 29/3/1 12/3/1 28/3/1
f 30/2/1 13/2/1 29/2/1
f 31/3/1 14/3/1 13/3/1
f 31/2/1 13/2/1 30/2/1
f 32/3/1 14/3/1 31/3/1
f 33/2/1 16/2/1 15/2/1
f 34/3/1 17/3/1 16/3/1
f 34/2/1 16/2/1 33/2/1
f 35/2/1 18/2/1 17/2/1
f 35/3/1 19/3/1 18/3/1
f 36/3/1 19/3/1 35/3/1
f 37/5/1 20/5/1 19/5/1
f 37/3/1 19/3/1 36/3/1
f 38/2/1 21/2/1 20/2/1
f 38/5/1 20/5/1 37/5/1
f 38/2/1 22/2/1 21/2/1
f 39/2/1 22/2/1 38/2/1
f 40/3/1 23/3/1 22/3/1
f 40/2/1 22/2/1 39/2/1
f 41/5/1 24/5/1 23/5/1
f 41/3/1 23/3/1 40/3/1
f 42/2/1 25/2/1 24/2/1
f 42/5/1 24/5/1 41/5/1
f 42/2/1 26/2/1 25/2/1
f 43/3/1 27/3/1 26/3/1
f 43/2/1 26/2/1 42/2/1
f 44/3/1 27/3/1 43/3/1
f 45/2/1 28/2/1 27/2/1
f 45/3/1 27/3/1 44/3/1
f 45/2/1 29/2/1 28/2/1
f 46/3/1 30/3/1 29/3/1
f 46/2/1 29/2/1 45/2/1
f 47/2/1 31/2/1 30/2/1
f 47/3/1 30/3/1 46/3/1
f 47/2/1 32/2/1 31/2/1
f 48/2/1 32/2/1 47/2/1
f 49/2/1 33/2/1 15/2/1
f 50/3/1 34/3/1 33/3/1
f 50/2/1 33/2/1 49/2/1
f 51/3/1 17/3/1 34/3/1
f 51/3/1 34/3/1 50/3/1
f 52/2/1 36/2/1 35/2/1
f 52/3/1 17/3/1 51/3/1
f 52/2/1 35/2/1 17/2/1
f 53/2/1 36/2/1 52/2/1
f 54/5/1 37/5/1 36/5/1
f 54/2/1 36/2/1 53/2/1
f 55/3/1 39/3/1 38/3/1
f 55/5/1 37/5/1 54/5/1
f 55/3/1 38/3/1 37/3/1
f 56/3/1 39/3/1 55/3/1
f 57/2/1 40/2/1 39/2/1
f 57/3/1 39/3/1 56/3/1
f 58/5/1 41/5/1 40/5/1
f 58/2/1 40/2/1 57/2/1
f 59/2/1 42/2/1 41/2/1
f 59/5/1 41/5/1 58/5/1
f 60/3/1 43/3/1 42/3/1
f 61/5/1 44/5/1 43/5/1
f 61/3/1 43/3/1 60/3/1
f 62/2/1 45/2/1 44/2/1
f 62/5/1 44/5/1 61/5/1
f 63/3/1 46/3/1 45/3/1
f 63/2/1 45/2/1 62/2/1
f 63/3/1 47/3/1 46/3/1
f 64/3/1 47/3/1 63/3/1
f 65/3/1 47/3/1 64/3/1
f 66/5/1 48/5/1 47/5/1
f 66/3/1 47/3/1 65/3/1
f 67/2/1 32/2/1 48/2/1
f 67/5/1 48/5/1 66/5/1
f 68/2/1 32/2/1 67/2/1
f 69/3/1 50/3/1 49/3/1
f 70/4/1 51/4/1 50/4/1
f 70/3/1 50/3/1 69/3/1
f 71/2/1 52/2/1 51/2/1
f 71/4/1 51/4/1 70/4/1
f 72/4/1 53/4/1 52/4/1
f 72/2/1 52/2/1 71/2/1
f 73/2/1 54/2/1 53/2/1
f 73/4/1 53/4/1 72/4/1
f 74/3/1 56/3/1 55/3/1
f 74/2/1 54/2/1 73/2/1
f 74/3/1 55/3/1 54/3/1
f 75/3/1 56/3/1 74/3/1
f 76/5/1 57/5/1 56/5/1
f 76/3/1 56/3/1 75/3/1
f 77/3/1 58/3/1 57/3/1
f 77/5/1 57/5/1 76/5/1
f 78/2/1 59/2/1 58/2/1
f 78/3/1 58/3/1 77/3/1
f 79/2/1 42/2/1 59/2/1
f 79/2/1 59/2/1 78/2/1
f 80/3/1 60/3/1 42/3/1
f 80/2/1 42/2/1 79/2/1
f 81/5/1 61/5/1 60/5/1
f 81/3/1 60/3/1 80/3/1
f 82/4/1 62/4/1 61/4/1
f 82/5/1 61/5/1 81/5/1
f 83/3/1 63/3/1 62/3/1
f 83/4/1 62/4/1 82/4/1
f 84/2/1 64/2/1 63/2/1
f 84/3/1 63/3/1 83/3/1
f 85/3/1 65/3/1 64/3/1
f 85/2/1 64/2/1 84/2/1
f 86/5/1 66/5/1 65/5/1
f 86/3/1 65/3/1 85/3/1
f 87/2/1 67/2/1 66/2/1
f 87/5/1 66/5/1 86/5/1
f 88/3/1 68/3/1 67/3/1
f 88/2/1 67/2/1 87/2/1
f 89/3/1 68/3/1 88/3/1
f 90/5/1 70/5/1 69/5/1
f 91/3/1 71/3/1 70/3/1
f 91/5/1 70/5/1 90/5/1
f 92/4/1 72/4/1 71/4/1
f 92/3/1 71/3/1 91/3/1
f 93/2/1 73/2/1 72/2/1
f 93/4/1 72/4/1 92/4/1
f 94/3/1 74/3/1 73/3/1
f 94/2/1 73/2/1 93/2/1
f 95/5/1 75/5/1 74/5/1
f 95/3/1 74/3/1 94/3/1
f 96/2/1 76/2/1 75/2/1
f 96/5/1 75/5/1 95/5/1
f 97/3/1 77/3/1 76/3/1
f 97/2/1 76/2/1 96/2/1
f 98/4/1 78/4/1 77/4/1
f 98/3/1 77/3/1 97/3/1
f 99/2/1 79/2/1 78/2/1
f 99/4/1 78/4/1 98/4/1
f 100/3/1 80/3/1 79/3/1
f 100/2/1 79/2/1 99/2/1
f 101/5/1 81/5/1 80/5/1
f 101/3/1 80/3/1 100/3/1
f 102/2/1 82/2/1 81/2/1
f 102/5/1 81/5/1 101/5/1
f 103/3/1 83/3/1 82/3/1
f 103/2/1 82/2/1 102/2/1
f 104/5/1 84/5/1 83/5/1
f 104/3/1 83/3/1 103/3/1
f 105/4/1 85/4/1 84/4/1
f 105/5/1 84/5/1 104/5/1
f 106/3/1 86/3/1 85/3/1
f 106/4/1 85/4/1 105/4/1
f 107/2/1 87/2/1 86/2/1
f 107/3/1 86/3/1 106/3/1
f 108/4/1 88/4/1 87/4/1
f 108/2/1 87/2/1 107/2/1
f 109/5/1 89/5/1 88/5/1
f 109/4/1 88/4/1 108/4/1
f 110/5/1 89/5/1 109/5/1
f 111/3/1 91/3/1 90/3/1
f 111/2/1 92/2/1 91/2/1
f 112/5/1 93/5/1 92/5/1
f 112/2/1 92/2/1 111/2/1
f 113/4/1 94/4/1 93/4/1
f 113/5/1 93/5/1 112/5/1
f 114/5/1 95/5/1 94/5/1
f 114/4/1 94/4/1 113/4/1
f 115/3/1 96/3/1 95/3/1
f 115/5/1 95/5/1 114/5/1
f 116/4/1 97/4/1 96/4/1
f 116/3/1 96/3/1 115/3/1
f 117/2/1 98/2/1 97/2/1
f 117/4/1 97/4/1 116/4/1
f 118/5/1 99/5/1 98/5/1
f 118/2/1 98/2/1 117/2/1
f 119/3/1 100/3/1 99/3/1
f 119/5/1 99/5/1 118/5/1
f 120/2/1 101/2/1 100/2/1
f 120/3/1 100/3/1 119/3/1
f 121/5/1 102/5/1 101/5/1
f 121/2/1 101/2/1 120/2/1
f 122/3/1 103/3/1 102/3/1
f 122/5/1 102/5/1 121/5/1
f 123/2/1 104/2/1 103/2/1
f 123/3/1 103/3/1 122/3/1
f 123/2/1 105/2/1 104/2/1
f 124/2/1 105/2/1 123/2/1
f 125/4/1 106/4/1 105/4/1
f 125/2/1 105/2/1 124/2/1
f 126/2/1 107/2/1 106/2/1
f 126/4/1 106/4/1 125/4/1
f 127/3/1 108/3/1 107/3/1
f 127/2/1 107/2/1 126/2/1
f 128/5/1 109/5/1 108/5/1
f 128/3/1 108/3/1 127/3/1
f 129/3/1 110/3/1 109/3/1
f 129/5/1 109/5/1 128/5/1
f 130/3/1 111/3/1 90/3/1
f 131/4/1 112/4/1 111/4/1
f 131/3/1 111/3/1 130/3/1
f 132/2/1 113/2/1 112/2/1
f 132/4/1 112/4/1 131/4/1
f 133/3/1 114/3/1 113/3/1
f 133/2/1 113/2/1 132/2/1
f 134/2/1 115/2/1 114/2/1
f 134/3/1 114/3/1 133/3/1
f 135/3/1 116/3/1 115/3/1
f 135/2/1 115/2/1 134/2/1
f 136/5/1 117/5/1 116/5/1
f 136/3/1 116/3/1 135/3/1
f 136/5/1 118/5/1 117/5/1
f 137/5/1 118/5/1 136/5/1
f 138/3/1 119/3/1 118/3/1
f 138/5/1 118/5/1 137/5/1
f 139/2/1 121/2/1 120/2/1
f 139/3/1 119/3/1 138/3/1
f 139/2/1 120/2/1 119/2/1
f 140/2/1 121/2/1 139/2/1
f 141/3/1 122/3/1 121/3/1
f 141/2/1 121/2/1 140/2/1
f 142/5/1 123/5/1 122/5/1
f 142/3/1 122/3/1 141/3/1
f 143/4/1 124/4/1 123/4/1
f 143/5/1 123/5/1 142/5/1
f 144/3/1 125/3/1 124/3/1
f 144/4/1 124/4/1 143/4/1
f 145/2/1 126/2/1 125/2/1
f 145/3/1 125/3/1 144/3/1
f 146/3/1 127/3/1 126/3/1
f 146/2/1 126/2/1 145/2/1
f 147/5/1 128/5/1 127/5/1
f 147/3/1 127/3/1 146/3/1
f 148/2/1 129/2/1 128/2/1
f 148/5/1 128/5/1 147/5/1
f 149/3/1 110/3/1 129/3/1
f 149/2/1 129/2/1 148/2/1
f 150/3/1 110/3/1 149/3/1
f 151/5/1 131/5/1 130/5/1
f 152/3/1 132/3/1 131/3/1
f 152/5/1 131/5/1 151/5/1
f 153/4/1 133/4/1 132/4/1
f 153/3/1 132/3/1 152/3/1
f 154/2/1 134/2/1 133/2/1
f 154/4/1 133/4/1 153/4/1
f 155/3/1 135/3/1 134/3/1
f 155/2/1 134/2/1 154/2/1
f 156/5/1 136/5/1 135/5/1
f 156/3/1 135/3/1 155/3/1
f 157/2/1 137/2/1 136/2/1
f 157/5/1 136/5/1 156/5/1
f 158/3/1 138/3/1 137/3/1
f 158/2/1 137/2/1 157/2/1
f 159/4/1 139/4/1 138/4/1
f 159/3/1 138/3/1 158/3/1
f 160/2/1 140/2/1 139/2/1
f 160/4/1 139/4/1 159/4/1
f 161/5/1 142/5/1 141/5/1
f 161/3/1 141/3/1 140/3/1
f 162/2/1 143/2/1 142/2/1
f 162/5/1 142/5/1 161/5/1
f 163/3/1 144/3/1 143/3/1
f 163/2/1 143/2/1 162/2/1
f 164/5/1 145/5/1 144/5/1
f 164/3/1 144/3/1 163/3/1
f 165/4/1 146/4/1 145/4/1
f 165/5/1 145/5/1 164/5/1
f 166/3/1 147/3/1 146/3/1
f 166/4/1 146/4/1 165/4/1
f 167/2/1 148/2/1 147/2/1
f 167/3/1 147/3/1 166/3/1
f 168/4/1 149/4/1 148/4/1
f 168/2/1 148/2/1 167/2/1
f 169/5/1 150/5/1 149/5/1
f 169/4/1 149/4/1 168/4/1
f 170/5/1 150/5/1 169/5/1
f 171/3/1 153/3/1 152/3/1
f 171/3/1 152/3/1 151/3/1
f 172/2/1 154/2/1 153/2/1
f 172/3/1 153/3/1 171/3/1
f 173/3/1 155/3/1 154/3/1
f 173/2/1 154/2/1 172/2/1
f 174/2/1 157/2/1 156/2/1
f 174/3/1 155/3/1 173/3/1
f 174/2/1 156/2/1 155/2/1
f 175/3/1 158/3/1 157/3/1
f 175/2/1 157/2/1 174/2/1
f 176/2/1 159/2/1 158/2/1
f 176/3/1 158/3/1 175/3/1
f 177/3/1 160/3/1 159/3/1
f 177/2/1 159/2/1 176/2/1
f 178/2/1 140/2/1 160/2/1
f 178/3/1 160/3/1 177/3/1
f 179/3/1 163/3/1 162/3/1
f 179/2/1 140/2/1 178/2/1
f 179/3/1 161/3/1 140/3/1
f 179/3/1 162/3/1 161/3/1
f 180/3/1 163/3/1 179/3/1
f 181/2/1 164/2/1 163/2/1
f 181/3/1 163/3/1 180/3/1
f 181/2/1 165/2/1 164/2/1
f 182/3/1 166/3/1 165/3/1
f 182/2/1 165/2/1 181/2/1
f 183/2/1 168/2/1 167/2/1
f 183/3/1 166/3/1 182/3/1
f 183/2/1 167/2/1 166/2/1
f 184/2/1 168/2/1 183/2/1
f 185/3/1 170/3/1 169/3/1
f 185/2/1 168/2/1 184/2/1
f 185/3/1 169/3/1 168/3/1
f 186/3/1 170/3/1 185/3/1
f 187/2/1 172/2/1 171/2/1
f 188/3/1 173/3/1 172/3/1
f 188/2/1 172/2/1 187/2/1
f 189/3/1 175/3/1 174/3/1
f 190/5/1 176/5/1 175/5/1
f 190/3/1 175/3/1 189/3/1
f 191/2/1 177/2/1 176/2/1
f 191/5/1 176/5/1 190/5/1
f 191/2/1 178/2/1 177/2/1
f 192/2/1 178/2/1 191/2/1
f 193/3/1 179/3/1 178/3/1
f 193/2/1 178/2/1 192/2/1
f 194/5/1 180/5/1 179/5/1
f 194/3/1 179/3/1 193/3/1
f 195/2/1 181/2/1 180/2/1
f 195/5/1 180/5/1 194/5/1
f 196/3/1 182/3/1 181/3/1
f 196/2/1 181/2/1 195/2/1
f 197/3/1 182/3/1 196/3/1
f 198/2/1 184/2/1 183/2/1
f 198/3/1 182/3/1 197/3/1
f 198/2/1 183/2/1 182/2/1
f 199/3/1 185/3/1 184/3/1
f 199/2/1 184/2/1 198/2/1
f 200/2/1 186/2/1 185/2/1
f 200/3/1 185/3/1 199/3/1
f 201/2/1 186/2/1 200/2/1
f 202/2/1 187/2/1 171/2/1
f 203/3/1 188/3/1 187/3/1
f 203/2/1 187/2/1 202/2/1
f 204/3/1 173/3/1 188/3/1
f 204/3/1 188/3/1 203/3/1
f 205/2/1 174/2/1 173/2/1
f 205/3/1 173/3/1 204/3/1
f 206/3/1 189/3/1 174/3/1
f 206/2/1 174/2/1 205/2/1
f 207/5/1 190/5/1 189/5/1
f 207/3/1 189/3/1 206/3/1
f 207/5/1 191/5/1 190/5/1
f 208/3/1 192/3/1 191/3/1
f 208/5/1 191/5/1 207/5/1
f 209/2/1 193/2/1 192/2/1
f 209/3/1 192/3/1 208/3/1
f 210/5/1 194/5/1 193/5/1
f 210/2/1 193/2/1 209/2/1
f 211/2/1 195/2/1 194/2/1
f 211/5/1 194/5/1 210/5/1
f 212/3/1 196/3/1 195/3/1
f 213/5/1 197/5/1 196/5/1
f 213/3/1 196/3/1 212/3/1
f 214/2/1 198/2/1 197/2/1
f 214/5/1 197/5/1 213/5/1
f 215/3/1 199/3/1 198/3/1
f 215/2/1 198/2/1 214/2/1
f 215/3/1 200/3/1 199/3/1
f 216/3/1 200/3/1 215/3/1
f 217/3/1 200/3/1 216/3/1
f 218/5/1 201/5/1 200/5/1
f 218/3/1 200/3/1 217/3/1
f 219/2/1 186/2/1 201/2/1
f 219/5/1 201/5/1 218/5/1
f 220/2/1 186/2/1 219/2/1
f 221/3/1 203/3/1 202/3/1
f 221/3/1 204/3/1 203/3/1
f 222/3/1 204/3/1 221/3/1
f 223/2/1 205/2/1 204/2/1
f 223/3/1 204/3/1 222/3/1
f 224/3/1 206/3/1 205/3/1
f 224/2/1 205/2/1 223/2/1
f 225/2/1 207/2/1 206/2/1
f 225/3/1 206/3/1 224/3/1
f 226/3/1 208/3/1 207/3/1
f 226/2/1 207/2/1 225/2/1
f 227/3/1 208/3/1 226/3/1
f 228/5/1 209/5/1 208/5/1
f 228/3/1 208/3/1 227/3/1
f 229/3/1 210/3/1 209/3/1
f 229/5/1 209/5/1 228/5/1
f 230/2/1 211/2/1 210/2/1
f 230/3/1 210/3/1 229/3/1
f 231/2/1 195/2/1 211/2/1
f 231/2/1 211/2/1 230/2/1
f 232/3/1 212/3/1 195/3/1
f 232/2/1 195/2/1 231/2/1
f 233/5/1 213/5/1 212/5/1
f 233/3/1 212/3/1 232/3/1
f 234/4/1 214/4/1 213/4/1
f 234/5/1 213/5/1 233/5/1
f 235/3/1 215/3/1 214/3/1
f 235/4/1 214/4/1 234/4/1
f 236/2/1 216/2/1 215/2/1
f 236/3/1 215/3/1 235/3/1
f 237/3/1 217/3/1 216/3/1
f 237/2/1 216/2/1 236/2/1
f 238/5/1 218/5/1 217/5/1
f 238/2/1 219/2/1 218/2/1
f 239/3/1 220/3/1 219/3/1
f 239/2/1 219/2/1 238/2/1
f 240/3/1 220/3/1 239/3/1
f 241/5/1 222/5/1 221/5/1
f 242/3/1 223/3/1 222/3/1
f 242/5/1 222/5/1 241/5/1
f 243/4/1 224/4/1 223/4/1
f 243/3/1 223/3/1 242/3/1
f 244/5/1 225/5/1 224/5/1
f 244/4/1 224/4/1 243/4/1
f 245/3/1 226/3/1 225/3/1
f 245/5/1 225/5/1 244/5/1
f 246/2/1 227/2/1 226/2/1
f 246/3/1 226/3/1 245/3/1
f 247/16/1 228/16/1 227/16/1
f 247/2/1 227/2/1 246/2/1
f 248/3/1 229/3/1 228/3/1
f 248/16/1 228/16/1 247/16/1
f 249/4/1 230/4/1 229/4/1
f 249/3/1 229/3/1 248/3/1
f 250/3/1 231/3/1 230/3/1
f 250/4/1 230/4/1 249/4/1
f 251/5/1 232/5/1 231/5/1
f 251/3/1 231/3/1 250/3/1
f 252/4/1 233/4/1 232/4/1
f 252/5/1 232/5/1 251/5/1
f 253/3/1 234/3/1 233/3/1
f 253/4/1 233/4/1 252/4/1
f 254/5/1 235/5/1 234/5/1
f 254/3/1 234/3/1 253/3/1
f 255/3/1 236/3/1 235/3/1
f 255/5/1 235/5/1 254/5/1
f 256/16/1 237/16/1 236/16/1
f 256/3/1 236/3/1 255/3/1
f 257/3/1 217/3/1 237/3/1
f 257/16/1 237/16/1 256/16/1
f 258/5/1 238/5/1 217/5/1
f 258/3/1 217/3/1 257/3/1
f 259/3/1 239/3/1 238/3/1
f 259/5/1 238/5/1 258/5/1
f 260/5/1 240/5/1 239/5/1
f 260/3/1 239/3/1 259/3/1
f 261/5/1 240/5/1 260/5/1
f 262/3/1 242/3/1 241/3/1
f 263/2/1 243/2/1 242/2/1
f 263/3/1 242/3/1 262/3/1
f 264/5/1 244/5/1 243/5/1
f 264/2/1 243/2/1 263/2/1
f 265/3/1 245/3/1 244/3/1
f 265/5/1 244/5/1 264/5/1
f 266/2/1 246/2/1 245/2/1
f 266/3/1 245/3/1 265/3/1
f 267/16/1 247/16/1 246/16/1
f 267/2/1 246/2/1 266/2/1
f 268/17/1 248/17/1 247/17/1
f 268/16/1 247/16/1 267/16/1
f 269/16/1 249/16/1 248/16/1
f 269/17/1 248/17/1 268/17/1
f 270/5/1 250/5/1 249/5/1
f 270/16/1 249/16/1 269/16/1
f 271/3/1 251/3/1 250/3/1
f 271/5/1 250/5/1 270/5/1
f 272/4/1 252/4/1 251/4/1
f 272/3/1 251/3/1 271/3/1
f 273/3/1 253/3/1 252/3/1
f 273/4/1 252/4/1 272/4/1
f 274/2/1 254/2/1 253/2/1
f 274/3/1 253/3/1 273/3/1
f 275/5/1 255/5/1 254/5/1
f 275/2/1 254/2/1 274/2/1
f 276/16/1 256/16/1 255/16/1
f 276/5/1 255/5/1 275/5/1
f 277/17/1 257/17/1 256/17/1
f 277/16/1 256/16/1 276/16/1
f 278/16/1 258/16/1 257/16/1
f 278/17/1 257/17/1 277/17/1
f 279/5/1 259/5/1 258/5/1
f 279/16/1 258/16/1 278/16/1
f 280/4/1 260/4/1 259/4/1
f 280/5/1 259/5/1 279/5/1
f 281/3/1 261/3/1 260/3/1
f 281/4/1 260/4/1 280/4/1
f 282/3/1 261/3/1 281/3/1
f 283/2/1 263/2/1 262/2/1
f 284/16/1 264/16/1 263/16/1
f 284/2/1 263/2/1 283/2/1
f 285/3/1 265/3/1 264/3/1
f 285/16/1 264/16/1 284/16/1
f 286/2/1 266/2/1 265/2/1
f 286/3/1 265/3/1 285/3/1
f 287/17/1 268/17/1 267/17/1
f 287/15/1 269/15/1 268/15/1
f 287/15/1 270/15/1 269/15/1
f 288/15/1 270/15/1 287/15/1
f 289/3/1 271/3/1 270/3/1
f 289/15/1 270/15/1 288/15/1
f 290/5/1 272/5/1 271/5/1
f 290/3/1 271/3/1 289/3/1
f 291/3/1 273/3/1 272/3/1
f 291/5/1 272/5/1 290/5/1
f 292/2/1 274/2/1 273/2/1
f 292/3/1 273/3/1 291/3/1
f 293/16/1 275/16/1 274/16/1
f 293/2/1 274/2/1 292/2/1
f 294/2/1 276/2/1 275/2/1
f 294/16/1 275/16/1 293/16/1
f 295/17/1 277/17/1 276/17/1
f 295/2/1 276/2/1 294/2/1
f 296/15/1 278/15/1 277/15/1
f 296/17/1 277/17/1 295/17/1
f 296/15/1 279/15/1 278/15/1
f 297/15/1 279/15/1 296/15/1
f 298/16/1 280/16/1 279/16/1
f 298/3/1 281/3/1 280/3/1
f 299/2/1 282/2/1 281/2/1
f 299/3/1 281/3/1 298/3/1
f 300/2/1 282/2/1 299/2/1
f 301/16/1 284/16/1 283/16/1
f 302/17/1 285/17/1 284/17/1
f 302/16/1 284/16/1 301/16/1
f 303/16/1 286/16/1 285/16/1
f 303/17/1 285/17/1 302/17/1
f 304/2/1 266/2/1 286/2/1
f 304/16/1 286/16/1 303/16/1
f 305/16/1 267/16/1 266/16/1
f 305/2/1 266/2/1 304/2/1
f 306/17/1 287/17/1 267/17/1
f 306/16/1 267/16/1 305/16/1
f 307/13/1 288/13/1 287/13/1
f 307/17/1 287/17/1 306/17/1
f 308/15/1 289/15/1 288/15/1
f 308/13/1 288/13/1 307/13/1
f 309/16/1 290/16/1 289/16/1
f 309/15/1 289/15/1 308/15/1
f 310/3/1 292/3/1 291/3/1
f 310/16/1 290/16/1 309/16/1
f 310/3/1 291/3/1 290/3/1
f 311/3/1 292/3/1 310/3/1
f 312/16/1 293/16/1 292/16/1
f 312/3/1 292/3/1 311/3/1
f 313/17/1 294/17/1 293/17/1
f 313/16/1 295/16/1 294/16/1
f 314/15/1 296/15/1 295/15/1
f 314/16/1 295/16/1 313/16/1
f 315/13/1 297/13/1 296/13/1
f 315/15/1 296/15/1 314/15/1
f 316/15/1 279/15/1 297/15/1
f 316/13/1 297/13/1 315/13/1
f 317/16/1 298/16/1 279/16/1
f 317/15/1 279/15/1 316/15/1
f 318/2/1 299/2/1 298/2/1
f 318/16/1 298/16/1 317/16/1
f 319/16/1 300/16/1 299/16/1
f 319/2/1 299/2/1 318/2/1
f 320/16/1 300/16/1 319/16/1
f 321/17/1 302/17/1 301/17/1
f 322/15/1 303/15/1 302/15/1
f 322/17/1 302/17/1 321/17/1
f 322/15/1 304/15/1 303/15/1
f 323/15/1 304/15/1 322/15/1
f 324/16/1 305/16/1 304/16/1
f 324/15/1 304/15/1 323/15/1
f 325/17/1 306/17/1 305/17/1
f 325/16/1 305/16/1 324/16/1
f 326/15/1 307/15/1 306/15/1
f 326/17/1 306/17/1 325/17/1
f 327/14/1 308/14/1 307/14/1
f 327/15/1 307/15/1 326/15/1
f 328/13/1 309/13/1 308/13/1
f 328/14/1 308/14/1 327/14/1
f 329/15/1 310/15/1 309/15/1
f 329/13/1 309/13/1 328/13/1
f 330/16/1 311/16/1 310/16/1
f 330/15/1 310/15/1 329/15/1
f 331/2/1 312/2/1 311/2/1
f 331/16/1 311/16/1 330/16/1
f 332/16/1 293/16/1 312/16/1
f 332/2/1 312/2/1 331/2/1
f 333/17/1 313/17/1 293/17/1
f 333/16/1 293/16/1 332/16/1
f 334/15/1 314/15/1 313/15/1
f 334/17/1 313/17/1 333/17/1
f 335/14/1 316/14/1 315/14/1
f 335/15/1 314/15/1 334/15/1
f 335/14/1 315/14/1 314/14/1
f 336/14/1 316/14/1 335/14/1
f 337/13/1 317/13/1 316/13/1
f 337/14/1 316/14/1 336/14/1
f 338/15/1 318/15/1 317/15/1
f 338/13/1 317/13/1 337/13/1
f 339/16/1 319/16/1 318/16/1
f 339/15/1 318/15/1 338/15/1
f 340/17/1 320/17/1 319/17/1
f 340/16/1 319/16/1 339/16/1
f 341/17/1 320/17/1 340/17/1
f 342/15/1 322/15/1 321/15/1
f 343/14/1 323/14/1 322/14/1
f 343/15/1 322/15/1 342/15/1
f 344/13/1 324/13/1 323/13/1
f 344/14/1 323/14/1 343/14/1
f 345/15/1 325/15/1 324/15/1
f 345/13/1 324/13/1 344/13/1
f 346/14/1 327/14/1 326/14/1
f 346/15/1 325/15/1 345/15/1
f 346/14/1 326/14/1 325/14/1
f 347/14/1 327/14/1 346/14/1
f 348/6/1 328/6/1 327/6/1
f 348/14/1 327/14/1 347/14/1
f 349/14/1 329/14/1 328/14/1
f 349/6/1 328/6/1 348/6/1
f 350/13/1 330/13/1 329/13/1
f 350/14/1 329/14/1 349/14/1
f 351/15/1 331/15/1 330/15/1
f 351/13/1 330/13/1 350/13/1
f 352/16/1 332/16/1 331/16/1
f 352/15/1 331/15/1 351/15/1
f 353/17/1 333/17/1 332/17/1
f 353/16/1 332/16/1 352/16/1
f 354/14/1 334/14/1 333/14/1
f 354/17/1 333/17/1 353/17/1
f 354/14/1 336/14/1 335/14/1
f 354/14/1 335/14/1 334/14/1
f 355/14/1 336/14/1 354/14/1
f 356/14/1 336/14/1 355/14/1
f 357/6/1 337/6/1 336/6/1
f 357/14/1 336/14/1 356/14/1
f 358/14/1 338/14/1 337/14/1
f 358/6/1 337/6/1 357/6/1
f 359/13/1 339/13/1 338/13/1
f 359/14/1 338/14/1 358/14/1
f 360/15/1 341/15/1 340/15/1
f 360/13/1 339/13/1 359/13/1
f 360/15/1 340/15/1 339/15/1
f 361/15/1 341/15/1 360/15/1
f 362/15/1 341/15/1 361/15/1
f 363/13/1 343/13/1 342/13/1
f 364/14/1 345/14/1 344/14/1
f 364/13/1 343/13/1 363/13/1
f 364/14/1 344/14/1 343/14/1
f 365/14/1 345/14/1 364/14/1
f 366/13/1 346/13/1 345/13/1
f 366/14/1 345/14/1 365/14/1
f 367/14/1 347/14/1 346/14/1
f 367/13/1 346/13/1 366/13/1
f 368/7/1 348/7/1 347/7/1
f 368/14/1 347/14/1 367/14/1
f 369/9/1 349/9/1 348/9/1
f 369/7/1 348/7/1 368/7/1
f 370/8/1 350/8/1 349/8/1
f 370/9/1 349/9/1 369/9/1
f 371/14/1 352/14/1 351/14/1
f 371/8/1 350/8/1 370/8/1
f 371/14/1 351/14/1 350/14/1
f 372/15/1 353/15/1 352/15/1
f 372/14/1 352/14/1 371/14/1
f 373/14/1 355/14/1 354/14/1
f 373/15/1 353/15/1 372/15/1
f 373/14/1 354/14/1 353/14/1
f 374/14/1 355/14/1 373/14/1
f 375/6/1 356/6/1 355/6/1
f 375/14/1 355/14/1 374/14/1
f 376/7/1 357/7/1 356/7/1
f 376/6/1 356/6/1 375/6/1
f 377/9/1 358/9/1 357/9/1
f 377/7/1 357/7/1 376/7/1
f 378/8/1 359/8/1 358/8/1
f 378/9/1 358/9/1 377/9/1
f 379/14/1 361/14/1 360/14/1
f 379/8/1 359/8/1 378/8/1
f 379/14/1 360/14/1 359/14/1
f 380/13/1 362/13/1 361/13/1
f 380/14/1 361/14/1 379/14/1
f 381/13/1 362/13/1 380/13/1
f 382/14/1 364/14/1 363/14/1
f 383/12/1 365/12/1 364/12/1
f 383/14/1 364/14/1 382/14/1
f 384/14/1 366/14/1 365/14/1
f 384/12/1 365/12/1 383/12/1
f 385/8/1 367/8/1 366/8/1
f 385/14/1 366/14/1 384/14/1
f 386/12/1 368/12/1 367/12/1
f 386/8/1 367/8/1 385/8/1
f 387/14/1 369/14/1 368/14/1
f 387/12/1 368/12/1 386/12/1
f 388/18/1 370/18/1 369/18/1
f 388/14/1 369/14/1 387/14/1
f 389/12/1 371/12/1 370/12/1
f 389/18/1 370/18/1 388/18/1
f 390/14/1 374/14/1 373/14/1
f 390/12/1 371/12/1 389/12/1
f 390/14/1 372/14/1 371/14/1
f 390/14/1 373/14/1 372/14/1
f 391/7/1 375/7/1 374/7/1
f 391/14/1 374/14/1 390/14/1
f 392/9/1 376/9/1 375/9/1
f 392/7/1 375/7/1 391/7/1
f 393/8/1 377/8/1 376/8/1
f 393/9/1 376/9/1 392/9/1
f 394/18/1 378/18/1 377/18/1
f 394/8/1 377/8/1 393/8/1
f 395/14/1 379/14/1 378/14/1
f 395/18/1 378/18/1 394/18/1
f 395/14/1 381/14/1 380/14/1
f 395/14/1 380/14/1 379/14/1
f 396/14/1 381/14/1 395/14/1
f 397/3/2 398/3/2 411/3/2
f 398/2/2 399/2/2 412/2/2
f 411/3/2 398/3/2 412/3/2
f 412/2/2 399/2/2 413/2/2
f 399/3/2 400/3/2 414/3/2
f 413/2/2 399/2/2 414/2/2
f 400/5/2 401/5/2 415/5/2
f 414/3/2 400/3/2 415/3/2
f 401/3/2 402/3/2 416/3/2
f 415/5/2 401/5/2 416/5/2
f 402/5/2 403/5/2 417/5/2
f 416/3/2 402/3/2 417/3/2
f 403/3/2 404/3/2 418/3/2
f 417/5/2 403/5/2 418/5/2
f 404/2/2 405/2/2 419/2/2
f 418/3/2 404/3/2 419/3/2
f 419/2/2 405/2/2 420/2/2
f 405/3/2 406/3/2 421/3/2
f 420/2/2 405/2/2 421/2/2
f 406/2/2 407/2/2 422/2/2
f 421/3/2 406/3/2 422/3/2
f 407/3/2 408/3/2 423/3/2
f 422/2/2 407/2/2 423/2/2
f 408/2/2 409/2/2 424/2/2
f 423/3/2 408/3/2 424/3/2
f 424/2/2 409/2/2 425/2/2
f 425/2/2 409/2/2 426/2/2
f 409/3/2 410/3/2 427/3/2
f 426/2/2 409/2/2 427/2/2
f 427/3/2 410/3/2 428/3/2
f 412/2/2 413/2/2 429/2/2
f 411/2/2 412/2/2 429/2/2
f 413/3/2 414/3/2 430/3/2
f 429/2/2 413/2/2 430/2/2
f 414/2/2 415/2/2 431/2/2
f 430/3/2 414/3/2 431/3/2
f 415/2/2 416/2/2 431/2/2
f 416/3/2 417/3/2 432/3/2
f 431/2/2 416/2/2 432/2/2
f 432/3/2 417/3/2 433/3/2
f 417/2/2 418/2/2 434/2/2
f 433/3/2 417/3/2 434/3/2
f 418/2/2 419/2/2 434/2/2
f 419/5/2 420/5/2 435/5/2
f 434/2/2 419/2/2 435/2/2
f 420/3/2 421/3/2 436/3/2
f 435/5/2 420/5/2 436/5/2
f 421/2/2 422/2/2 437/2/2
f 436/3/2 421/3/2 437/3/2
f 422/2/2 423/2/2 437/2/2
f 437/2/2 423/2/2 438/2/2
f 423/5/2 424/5/2 439/5/2
f 438/2/2 423/2/2 439/2/2
f 424/3/2 425/3/2 440/3/2
f 439/5/2 424/5/2 440/5/2
f 440/3/2 425/3/2 441/3/2
f 425/2/2 426/2/2 442/2/2
f 441/3/2 425/3/2 442/3/2
f 426/3/2 427/3/2 443/3/2
f 427/2/2 428/2/2 443/2/2
f 443/2/2 428/2/2 444/2/2
f 411/2/2 429/2/2 445/2/2
f 429/5/2 430/5/2 446/5/2
f 445/2/2 429/2/2 446/2/2
f 430/3/2 431/3/2 447/3/2
f 446/5/2 430/5/2 447/5/2
f 431/3/2 432/3/2 447/3/2
f 447/3/2 432/3/2 448/3/2
f 448/3/2 432/3/2 449/3/2
f 432/2/2 433/2/2 450/2/2
f 449/3/2 432/3/2 450/3/2
f 433/5/2 434/5/2 451/5/2
f 450/2/2 433/2/2 451/2/2
f 434/3/2 435/3/2 452/3/2
f 451/5/2 434/5/2 452/5/2
f 452/3/2 435/3/2 453/3/2
f 435/2/2 436/2/2 454/2/2
f 436/5/2 437/5/2 454/5/2
f 437/2/2 438/2/2 455/2/2
f 454/5/2 437/5/2 455/5/2
f 438/3/2 439/3/2 456/3/2
f 455/2/2 438/2/2 456/2/2
f 439/3/2 440/3/2 456/3/2
f 456/3/2 440/3/2 457/3/2
f 440/5/2 441/5/2 458/5/2
f 457/3/2 440/3/2 458/3/2
f 441/2/2 442/2/2 459/2/2
f 458/5/2 441/5/2 459/5/2
f 442/2/2 426/2/2 460/2/2
f 459/2/2 442/2/2 460/2/2
f 443/3/2 444/3/2 461/3/2
f 460/2/2 426/2/2 461/2/2
f 426/3/2 443/3/2 461/3/2
f 461/3/2 444/3/2 462/3/2
f 444/2/2 428/2/2 463/2/2
f 462/3/2 444/3/2 463/3/2
f 463/2/2 428/2/2 464/2/2
f 445/3/2 446/3/2 465/3/2
f 446/2/2 447/2/2 466/2/2
f 465/3/2 446/3/2 466/3/2
f 447/5/2 448/5/2 467/5/2
f 466/2/2 447/2/2 467/2/2
f 448/3/2 449/3/2 468/3/2
f 467/5/2 448/5/2 468/5/2
f 449/2/2 450/2/2 469/2/2
f 468/3/2 449/3/2 469/3/2
f 450/3/2 451/3/2 470/3/2
f 469/2/2 450/2/2 470/2/2
f 451/4/2 452/4/2 471/4/2
f 470/3/2 451/3/2 471/3/2
f 452/5/2 453/5/2 472/5/2
f 471/4/2 452/4/2 472/4/2
f 453/3/2 435/3/2 473/3/2
f 472/5/2 453/5/2 473/5/2
f 454/2/2 455/2/2 474/2/2
f 473/3/2 435/3/2 474/3/2
f 435/2/2 454/2/2 474/2/2
f 474/2/2 455/2/2 475/2/2
f 455/3/2 456/3/2 476/3/2
f 475/2/2 455/2/2 476/2/2
f 456/5/2 457/5/2 477/5/2
f 476/3/2 456/3/2 477/3/2
f 458/3/2 459/3/2 478/3/2
f 477/5/2 457/5/2 478/5/2
f 457/3/2 458/3/2 478/3/2
f 478/3/2 459/3/2 479/3/2
f 459/2/2 460/2/2 480/2/2
f 479/3/2 459/3/2 480/3/2
f 460/4/2 461/4/2 481/4/2
f 480/2/2 460/2/2 481/2/2
f 461/2/2 462/2/2 482/2/2
f 481/4/2 461/4/2 482/4/2
f 462/4/2 463/4/2 483/4/2
f 482/2/2 462/2/2 483/2/2
f 463/3/2 464/3/2 484/3/2
f 483/4/2 463/4/2 484/4/2
f 484/3/2 464/3/2 485/3/2
f 465/5/2 466/5/2 486/5/2
f 466/4/2 467/4/2 487/4/2
f 486/5/2 466/5/2 487/5/2
f 467/2/2 468/2/2 488/2/2
f 487/4/2 467/4/2 488/4/2
f 468/3/2 469/3/2 489/3/2
f 488/2/2 468/2/2 489/2/2
f 469/4/2 470/4/2 490/4/2
f 489/3/2 469/3/2 490/3/2
f 470/5/2 471/5/2 491/5/2
f 490/4/2 470/4/2 491/4/2
f 471/3/2 472/3/2 492/3/2
f 491/5/2 471/5/2 492/5/2
f 472/2/2 473/2/2 493/2/2
f 492/3/2 472/3/2 493/3/2
f 473/5/2 474/5/2 494/5/2
f 493/2/2 473/2/2 494/2/2
f 474/3/2 475/3/2 495/3/2
f 494/5/2 474/5/2 495/5/2
f 475/2/2 476/2/2 496/2/2
f 495/3/2 475/3/2 496/3/2
f 476/4/2 477/4/2 497/4/2
f 496/2/2 476/2/2 497/2/2
f 477/3/2 478/3/2 498/3/2
f 497/4/2 477/4/2 498/4/2
f 478/2/2 479/2/2 499/2/2
f 498/3/2 478/3/2 499/3/2
f 479/5/2 480/5/2 500/5/2
f 499/2/2 479/2/2 500/2/2
f 480/3/2 481/3/2 501/3/2
f 500/5/2 480/5/2 501/5/2
f 481/2/2 482/2/2 502/2/2
f 501/3/2 481/3/2 502/3/2
f 482/4/2 483/4/2 503/4/2
f 502/2/2 482/2/2 503/2/2
f 483/3/2 484/3/2 504/3/2
f 503/4/2 483/4/2 504/4/2
f 484/5/2 485/5/2 505/5/2
f 504/3/2 484/3/2 505/3/2
f 505/5/2 485/5/2 506/5/2
f 486/3/2 487/3/2 507/3/2
f 487/5/2 488/5/2 507/5/2
f 488/3/2 489/3/2 508/3/2
f 507/5/2 488/5/2 508/5/2
f 489/2/2 490/2/2 509/2/2
f 508/3/2 489/3/2 509/3/2
f 490/4/2 491/4/2 510/4/2
f 509/2/2 490/2/2 510/2/2
f 491/2/2 492/2/2 511/2/2
f 510/4/2 491/4/2 511/4/2
f 492/2/2 493/2/2 511/2/2
f 511/2/2 493/2/2 512/2/2
f 493/3/2 494/3/2 513/3/2
f 512/2/2 493/2/2 513/2/2
f 494/5/2 495/5/2 514/5/2
f 513/3/2 494/3/2 514/3/2
f 495/2/2 496/2/2 515/2/2
f 514/5/2 495/5/2 515/5/2
f 496/3/2 497/3/2 516/3/2
f 515/2/2 496/2/2 516/2/2
f 497/5/2 498/5/2 517/5/2
f 516/3/2 497/3/2 517/3/2
f 498/2/2 499/2/2 518/2/2
f 517/5/2 498/5/2 518/5/2
f 499/4/2 500/4/2 519/4/2
f 518/2/2 499/2/2 519/2/2
f 500/3/2 501/3/2 520/3/2
f 519/4/2 500/4/2 520/4/2
f 501/5/2 502/5/2 521/5/2
f 520/3/2 501/3/2 521/3/2
f 502/4/2 503/4/2 522/4/2
f 521/5/2 502/5/2 522/5/2
f 503/5/2 504/5/2 523/5/2
f 522/4/2 503/4/2 523/4/2
f 504/2/2 505/2/2 524/2/2
f 523/5/2 504/5/2 524/5/2
f 505/3/2 506/3/2 525/3/2
f 524/2/2 505/2/2 525/2/2
f 486/3/2 507/3/2 526/3/2
f 507/2/2 508/2/2 527/2/2
f 526/3/2 507/3/2 527/3/2
f 508/5/2 509/5/2 528/5/2
f 527/2/2 508/2/2 528/2/2
f 509/3/2 510/3/2 529/3/2
f 528/5/2 509/5/2 529/5/2
f 510/2/2 511/2/2 530/2/2
f 529/3/2 510/3/2 530/3/2
f 511/3/2 512/3/2 531/3/2
f 530/2/2 511/2/2 531/2/2
f 512/4/2 513/4/2 532/4/2
f 531/3/2 512/3/2 532/3/2
f 513/5/2 514/5/2 533/5/2
f 532/4/2 513/4/2 533/4/2
f 514/3/2 515/3/2 534/3/2
f 533/5/2 514/5/2 534/5/2
f 515/2/2 516/2/2 535/2/2
f 534/3/2 515/3/2 535/3/2
f 516/2/2 517/2/2 535/2/2
f 535/2/2 517/2/2 536/2/2
f 517/3/2 518/3/2 537/3/2
f 536/2/2 517/2/2 537/2/2
f 519/5/2 520/5/2 538/5/2
f 537/3/2 518/3/2 538/3/2
f 518/5/2 519/5/2 538/5/2
f 538/5/2 520/5/2 539/5/2
f 520/3/2 521/3/2 540/3/2
f 539/5/2 520/5/2 540/5/2
f 521/2/2 522/2/2 541/2/2
f 540/3/2 521/3/2 541/3/2
f 522/3/2 523/3/2 542/3/2
f 541/2/2 522/2/2 542/2/2
f 523/2/2 524/2/2 543/2/2
f 542/3/2 523/3/2 543/3/2
f 524/4/2 525/4/2 544/4/2
f 543/2/2 524/2/2 544/2/2
f 525/3/2 506/3/2 545/3/2
f 544/4/2 525/4/2 545/4/2
f 545/3/2 506/3/2 546/3/2
f 526/5/2 527/5/2 547/5/2
f 527/4/2 528/4/2 548/4/2
f 547/5/2 527/5/2 548/5/2
f 528/2/2 529/2/2 549/2/2
f 548/4/2 528/4/2 549/4/2
f 529/3/2 530/3/2 550/3/2
f 549/2/2 529/2/2 550/2/2
f 530/4/2 531/4/2 551/4/2
f 550/3/2 530/3/2 551/3/2
f 531/5/2 532/5/2 552/5/2
f 551/4/2 531/4/2 552/4/2
f 532/3/2 533/3/2 553/3/2
f 552/5/2 532/5/2 553/5/2
f 533/2/2 534/2/2 554/2/2
f 553/3/2 533/3/2 554/3/2
f 534/5/2 535/5/2 555/5/2
f 554/2/2 534/2/2 555/2/2
f 535/3/2 536/3/2 556/3/2
f 555/5/2 535/5/2 556/5/2
f 536/2/2 537/2/2 557/2/2
f 537/4/2 538/4/2 557/4/2
f 538/3/2 539/3/2 558/3/2
f 557/4/2 538/4/2 558/4/2
f 539/2/2 540/2/2 559/2/2
f 558/3/2 539/3/2 559/3/2
f 540/5/2 541/5/2 560/5/2
f 559/2/2 540/2/2 560/2/2
f 541/3/2 542/3/2 561/3/2
f 560/5/2 541/5/2 561/5/2
f 542/2/2 543/2/2 562/2/2
f 561/3/2 542/3/2 562/3/2
f 543/4/2 544/4/2 563/4/2
f 562/2/2 543/2/2 563/2/2
f 544/3/2 545/3/2 564/3/2
f 563/4/2 544/4/2 564/4/2
f 545/5/2 546/5/2 565/5/2
f 564/3/2 545/3/2 565/3/2
f 565/5/2 546/5/2 566/5/2
f 548/3/2 549/3/2 567/3/2
f 547/3/2 548/3/2 567/3/2
f 549/2/2 550/2/2 568/2/2
f 567/3/2 549/3/2 568/3/2
f 550/2/2 551/2/2 568/2/2
f 568/2/2 551/2/2 569/2/2
f 551/3/2 552/3/2 570/3/2
f 569/2/2 551/2/2 570/2/2
f 552/2/2 553/2/2 571/2/2
f 570/3/2 552/3/2 571/3/2
f 553/2/2 554/2/2 571/2/2
f 554/3/2 555/3/2 572/3/2
f 571/2/2 554/2/2 572/2/2
f 555/3/2 556/3/2 572/3/2
f 556/3/2 536/3/2 573/3/2
f 572/3/2 556/3/2 573/3/2
f 536/2/2 557/2/2 574/2/2
f 573/3/2 536/3/2 574/3/2
f 557/3/2 558/3/2 575/3/2
f 574/2/2 557/2/2 575/2/2
f 558/2/2 559/2/2 576/2/2
f 575/3/2 558/3/2 576/3/2
f 559/3/2 560/3/2 577/3/2
f 576/2/2 559/2/2 577/2/2
f 561/2/2 562/2/2 578/2/2
f 577/3/2 560/3/2 578/3/2
f 560/2/2 561/2/2 578/2/2
f 562/3/2 563/3/2 579/3/2
f 578/2/2 562/2/2 579/2/2
f 563/2/2 564/2/2 580/2/2
f 579/3/2 563/3/2 580/3/2
f 564/3/2 565/3/2 581/3/2
f 580/2/2 564/2/2 581/2/2
f 565/3/2 566/3/2 581/3/2
f 581/3/2 566/3/2 582/3/2
f 567/2/2 568/2/2 583/2/2
f 568/3/2 569/3/2 584/3/2
f 583/2/2 568/2/2 584/2/2
f 570/2/2 571/2/2 585/2/2
f 584/3/2 569/3/2 585/3/2
f 569/2/2 570/2/2 585/2/2
f 571/3/2 572/3/2 586/3/2
f 585/2/2 571/2/2 586/2/2
f 586/3/2 572/3/2 587/3/2
f 572/2/2 573/2/2 588/2/2
f 587/3/2 572/3/2 588/3/2
f 573/5/2 574/5/2 589/5/2
f 588/2/2 573/2/2 589/2/2
f 574/3/2 575/3/2 590/3/2
f 589/5/2 574/5/2 590/5/2
f 575/2/2 576/2/2 591/2/2
f 590/3/2 575/3/2 591/3/2
f 576/2/2 577/2/2 591/2/2
f 591/2/2 577/2/2 592/2/2
f 577/5/2 578/5/2 593/5/2
f 592/2/2 577/2/2 593/2/2
f 578/3/2 579/3/2 594/3/2
f 593/5/2 578/5/2 594/5/2
f 594/3/2 579/3/2 595/3/2
f 581/2/2 582/2/2 596/2/2
f 580/3/2 581/3/2 596/3/2
f 596/2/2 582/2/2 597/2/2
f 567/2/2 583/2/2 598/2/2
f 583/5/2 584/5/2 599/5/2
f 598/2/2 583/2/2 599/2/2
f 584/3/2 585/3/2 600/3/2
f 599/5/2 584/5/2 600/5/2
f 585/3/2 586/3/2 600/3/2
f 600/3/2 586/3/2 601/3/2
f 601/3/2 586/3/2 602/3/2
f 586/2/2 587/2/2 603/2/2
f 602/3/2 586/3/2 603/3/2
f 587/5/2 588/5/2 604/5/2
f 603/2/2 587/2/2 604/2/2
f 588/3/2 589/3/2 605/3/2
f 604/5/2 588/5/2 605/5/2
f 605/3/2 589/3/2 606/3/2
f 589/2/2 590/2/2 607/2/2
f 590/5/2 591/5/2 607/5/2
f 591/2/2 592/2/2 608/2/2
f 607/5/2 591/5/2 608/5/2
f 592/3/2 593/3/2 609/3/2
f 608/2/2 592/2/2 609/2/2
f 594/5/2 595/5/2 610/5/2
f 609/3/2 593/3/2 610/3/2
f 593/5/2 594/5/2 610/5/2
f 595/3/2 579/3/2 611/3/2
f 610/5/2 595/5/2 611/5/2
f 579/2/2 580/2/2 612/2/2
f 611/3/2 579/3/2 612/3/2
f 596/3/2 597/3/2 613/3/2
f 612/2/2 580/2/2 613/2/2
f 580/3/2 596/3/2 613/3/2
f 613/3/2 597/3/2 614/3/2
f 597/2/2 582/2/2 615/2/2
f 614/3/2 597/3/2 615/3/2
f 615/2/2 582/2/2 616/2/2
f 598/3/2 599/3/2 617/3/2
f 599/2/2 600/2/2 618/2/2
f 617/3/2 599/3/2 618/3/2
f 600/5/2 601/5/2 619/5/2
f 618/2/2 600/2/2 619/2/2
f 601/3/2 602/3/2 620/3/2
f 602/2/2 603/2/2 620/2/2
f 603/3/2 604/3/2 621/3/2
f 620/2/2 603/2/2 621/2/2
f 604/4/2 605/4/2 622/4/2
f 621/3/2 604/3/2 622/3/2
f 605/5/2 606/5/2 623/5/2
f 622/4/2 605/4/2 623/4/2
f 606/3/2 589/3/2 624/3/2
f 623/5/2 606/5/2 624/5/2
f 589/2/2 607/2/2 625/2/2
f 624/3/2 589/3/2 625/3/2
f 607/2/2 608/2/2 625/2/2
f 625/2/2 608/2/2 626/2/2
f 608/3/2 609/3/2 627/3/2
f 626/2/2 608/2/2 627/2/2
f 609/5/2 610/5/2 628/5/2
f 627/3/2 609/3/2 628/3/2
f 610/3/2 611/3/2 629/3/2
f 628/5/2 610/5/2 629/5/2
f 629/3/2 611/3/2 630/3/2
f 611/2/2 612/2/2 631/2/2
f 630/3/2 611/3/2 631/3/2
f 612/3/2 613/3/2 632/3/2
f 631/2/2 612/2/2 632/2/2
f 613/2/2 614/2/2 633/2/2
f 632/3/2 613/3/2 633/3/2
f 615/3/2 616/3/2 634/3/2
f 633/2/2 614/2/2 634/2/2
f 614/3/2 615/3/2 634/3/2
f 634/3/2 616/3/2 635/3/2
f 635/3/2 616/3/2 636/3/2
f 617/5/2 618/5/2 637/5/2
f 618/3/2 619/3/2 638/3/2
f 637/5/2 618/5/2 638/5/2
f 619/5/2 601/5/2 639/5/2
f 638/3/2 619/3/2 639/3/2
f 601/3/2 620/3/2 640/3/2
f 639/5/2 601/5/2 640/5/2
f 620/16/2 621/16/2 641/16/2
f 640/3/2 620/3/2 641/3/2
f 621/3/2 622/3/2 642/3/2
f 641/16/2 621/16/2 642/16/2
f 622/5/2 623/5/2 643/5/2
f 642/3/2 622/3/2 643/3/2
f 623/3/2 624/3/2 644/3/2
f 643/5/2 623/5/2 644/5/2
f 624/4/2 625/4/2 645/4/2
f 644/3/2 624/3/2 645/3/2
f 625/5/2 626/5/2 646/5/2
f 645/4/2 625/4/2 646/4/2
f 626/3/2 627/3/2 647/3/2
f 646/5/2 626/5/2 647/5/2
f 627/4/2 628/4/2 648/4/2
f 647/3/2 627/3/2 648/3/2
f 628/3/2 629/3/2 649/3/2
f 648/4/2 628/4/2 649/4/2
f 629/16/2 630/16/2 650/16/2
f 649/3/2 629/3/2 650/3/2
f 630/2/2 631/2/2 651/2/2
f 650/16/2 630/16/2 651/16/2
f 631/3/2 632/3/2 652/3/2
f 651/2/2 631/2/2 652/2/2
f 632/5/2 633/5/2 653/5/2
f 652/3/2 632/3/2 653/3/2
f 633/4/2 634/4/2 654/4/2
f 653/5/2 633/5/2 654/5/2
f 634/3/2 635/3/2 655/3/2
f 654/4/2 634/4/2 655/4/2
f 635/5/2 636/5/2 656/5/2
f 655/3/2 635/3/2 656/3/2
f 656/5/2 636/5/2 657/5/2
f 637/3/2 638/3/2 658/3/2
f 638/4/2 639/4/2 659/4/2
f 658/3/2 638/3/2 659/3/2
f 639/5/2 640/5/2 660/5/2
f 659/4/2 639/4/2 660/4/2
f 640/16/2 641/16/2 661/16/2
f 660/5/2 640/5/2 661/5/2
f 641/17/2 642/17/2 662/17/2
f 661/16/2 641/16/2 662/16/2
f 642/16/2 643/16/2 663/16/2
f 662/17/2 642/17/2 663/17/2
f 643/5/2 644/5/2 664/5/2
f 663/16/2 643/16/2 664/16/2
f 644/2/2 645/2/2 665/2/2
f 664/5/2 644/5/2 665/5/2
f 645/3/2 646/3/2 666/3/2
f 665/2/2 645/2/2 666/2/2
f 646/4/2 647/4/2 667/4/2
f 666/3/2 646/3/2 667/3/2
f 647/3/2 648/3/2 668/3/2
f 667/4/2 647/4/2 668/4/2
f 648/5/2 649/5/2 669/5/2
f 668/3/2 648/3/2 669/3/2
f 649/16/2 650/16/2 670/16/2
f 669/5/2 649/5/2 670/5/2
f 650/17/2 651/17/2 671/17/2
f 670/16/2 650/16/2 671/16/2
f 651/16/2 652/16/2 672/16/2
f 671/17/2 651/17/2 672/17/2
f 652/2/2 653/2/2 673/2/2
f 672/16/2 652/16/2 673/16/2
f 653/3/2 654/3/2 674/3/2
f 673/2/2 653/2/2 674/2/2
f 654/5/2 655/5/2 675/5/2
f 674/3/2 654/3/2 675/3/2
f 655/2/2 656/2/2 676/2/2
f 675/5/2 655/5/2 676/5/2
f 656/3/2 657/3/2 677/3/2
f 676/2/2 656/2/2 677/2/2
f 677/3/2 657/3/2 678/3/2
f 658/2/2 659/2/2 679/2/2
f 659/3/2 660/3/2 680/3/2
f 679/2/2 659/2/2 680/2/2
f 660/16/2 661/16/2 681/16/2
f 680/3/2 660/3/2 681/3/2
f 661/15/2 662/15/2 682/15/2
f 662/15/2 663/15/2 682/15/2
f 663/17/2 664/17/2 683/17/2
f 682/15/2 663/15/2 683/15/2
f 664/2/2 665/2/2 684/2/2
f 683/17/2 664/17/2 684/17/2
f 665/16/2 666/16/2 685/16/2
f 684/2/2 665/2/2 685/2/2
f 666/2/2 667/2/2 686/2/2
f 685/16/2 666/16/2 686/16/2
f 667/3/2 668/3/2 687/3/2
f 686/2/2 667/2/2 687/2/2
f 668/5/2 669/5/2 688/5/2
f 687/3/2 668/3/2 688/3/2
f 669/3/2 670/3/2 689/3/2
f 688/5/2 669/5/2 689/5/2
f 670/15/2 671/15/2 690/15/2
f 689/3/2 670/3/2 690/3/2
f 671/15/2 672/15/2 690/15/2
f 690/15/2 672/15/2 691/15/2
f 672/17/2 673/17/2 692/17/2
f 691/15/2 672/15/2 692/15/2
f 674/2/2 675/2/2 693/2/2
f 675/3/2 676/3/2 693/3/2
f 676/16/2 677/16/2 694/16/2
f 693/3/2 676/3/2 694/3/2
f 677/2/2 678/2/2 695/2/2
f 694/16/2 677/16/2 695/16/2
f 695/2/2 678/2/2 696/2/2
f 679/16/2 680/16/2 697/16/2
f 680/2/2 681/2/2 698/2/2
f 697/16/2 680/16/2 698/16/2
f 681/16/2 661/16/2 699/16/2
f 698/2/2 681/2/2 699/2/2
f 661/15/2 682/15/2 700/15/2
f 699/16/2 661/16/2 700/16/2
f 682/13/2 683/13/2 701/13/2
f 700/15/2 682/15/2 701/15/2
f 683/15/2 684/15/2 702/15/2
f 701/13/2 683/13/2 702/13/2
f 684/16/2 685/16/2 703/16/2
f 702/15/2 684/15/2 703/15/2
f 685/17/2 686/17/2 704/17/2
f 703/16/2 685/16/2 704/16/2
f 687/3/2 688/3/2 705/3/2
f 688/3/2 689/3/2 705/3/2
f 686/16/2 687/16/2 705/16/2
f 705/3/2 689/3/2 706/3/2
f 689/16/2 690/16/2 707/16/2
f 706/3/2 689/3/2 707/3/2
f 690/15/2 691/15/2 708/15/2
f 707/16/2 690/16/2 708/16/2
f 691/13/2 692/13/2 709/13/2
f 708/15/2 691/15/2 709/15/2
f 692/17/2 673/17/2 710/17/2
f 709/13/2 692/13/2 710/13/2
f 673/16/2 674/16/2 711/16/2
f 710/17/2 673/17/2 711/17/2
f 674/2/2 693/2/2 712/2/2
f 711/16/2 674/16/2 712/16/2
f 693/16/2 694/16/2 713/16/2
f 712/2/2 693/2/2 713/2/2
f 694/17/2 695/17/2 714/17/2
f 713/16/2 694/16/2 714/16/2
f 695/16/2 696/16/2 715/16/2
f 714/17/2 695/17/2 715/17/2
f 715/16/2 696/16/2 716/16/2
f 697/17/2 698/17/2 717/17/2
f 698/16/2 699/16/2 718/16/2
f 717/17/2 698/17/2 718/17/2
f 699/15/2 700/15/2 719/15/2
f 718/16/2 699/16/2 719/16/2
f 700/13/2 701/13/2 720/13/2
f 719/15/2 700/15/2 720/15/2
f 702/14/2 703/14/2 721/14/2
f 720/13/2 701/13/2 721/13/2
f 701/14/2 702/14/2 721/14/2
f 721/14/2 703/14/2 722/14/2
f 703/15/2 704/15/2 723/15/2
f 722/14/2 703/14/2 723/14/2
f 704/17/2 686/17/2 724/17/2
f 723/15/2 704/15/2 724/15/2
f 686/16/2 705/16/2 725/16/2
f 724/17/2 686/17/2 725/17/2
f 705/2/2 706/2/2 726/2/2
f 725/16/2 705/16/2 726/16/2
f 706/16/2 707/16/2 727/16/2
f 726/2/2 706/2/2 727/2/2
f 707/15/2 708/15/2 728/15/2
f 727/16/2 707/16/2 728/16/2
f 708/13/2 709/13/2 729/13/2
f 728/15/2 708/15/2 729/15/2
f 709/14/2 710/14/2 730/14/2
f 729/13/2 709/13/2 730/13/2
f 710/15/2 711/15/2 731/15/2
f 730/14/2 710/14/2 731/14/2
f 711/17/2 712/17/2 732/17/2
f 731/15/2 711/15/2 732/15/2
f 712/16/2 713/16/2 733/16/2
f 732/17/2 712/17/2 733/17/2
f 713/15/2 714/15/2 734/15/2
f 733/16/2 713/16/2 734/16/2
f 714/15/2 715/15/2 734/15/2
f 734/15/2 715/15/2 735/15/2
f 715/17/2 716/17/2 736/17/2
f 735/15/2 715/15/2 736/15/2
f 736/17/2 716/17/2 737/17/2
f 718/15/2 719/15/2 738/15/2
f 717/15/2 718/15/2 738/15/2
f 738/15/2 719/15/2 739/15/2
f 719/13/2 720/13/2 740/13/2
f 739/15/2 719/15/2 740/15/2
f 720/14/2 721/14/2 741/14/2
f 740/13/2 720/13/2 741/13/2
f 721/6/2 722/6/2 742/6/2
f 741/14/2 721/14/2 742/14/2
f 722/14/2 723/14/2 743/14/2
f 742/6/2 722/6/2 743/6/2
f 724/14/2 725/14/2 743/14/2
f 723/14/2 724/14/2 743/14/2
f 743/14/2 725/14/2 744/14/2
f 744/14/2 725/14/2 745/14/2
f 725/17/2 726/17/2 746/17/2
f 745/14/2 725/14/2 746/14/2
f 726/16/2 727/16/2 747/16/2
f 746/17/2 726/17/2 747/17/2
f 727/15/2 728/15/2 748/15/2
f 747/16/2 727/16/2 748/16/2
f 728/13/2 729/13/2 749/13/2
f 748/15/2 728/15/2 749/15/2
f 729/14/2 730/14/2 750/14/2
f 749/13/2 729/13/2 750/13/2
f 730/6/2 731/6/2 751/6/2
f 750/14/2 730/14/2 751/14/2
f 732/14/2 733/14/2 752/14/2
f 751/6/2 731/6/2 752/6/2
f 731/14/2 732/14/2 752/14/2
f 752/14/2 733/14/2 753/14/2
f 733/15/2 734/15/2 754/15/2
f 753/14/2 733/14/2 754/14/2
f 734/13/2 735/13/2 755/13/2
f 754/15/2 734/15/2 755/15/2
f 735/14/2 736/14/2 756/14/2
f 755/13/2 735/13/2 756/13/2
f 736/15/2 737/15/2 757/15/2
f 756/14/2 736/14/2 757/14/2
f 757/15/2 737/15/2 758/15/2
f 738/13/2 739/13/2 759/13/2
f 740/14/2 741/14/2 760/14/2
f 759/13/2 739/13/2 760/13/2
f 739/14/2 740/14/2 760/14/2
f 741/8/2 742/8/2 761/8/2
f 760/14/2 741/14/2 761/14/2
f 742/9/2 743/9/2 762/9/2
f 761/8/2 742/8/2 762/8/2
f 743/7/2 744/7/2 763/7/2
f 762/9/2 743/9/2 763/9/2
f 744/6/2 745/6/2 764/6/2
f 763/7/2 744/7/2 764/7/2
f 746/14/2 747/14/2 765/14/2
f 764/6/2 745/6/2 765/6/2
f 745/14/2 746/14/2 765/14/2
f 765/14/2 747/14/2 766/14/2
f 747/15/2 748/15/2 767/15/2
f 766/14/2 747/14/2 767/14/2
f 749/14/2 750/14/2 768/14/2
f 767/15/2 748/15/2 768/15/2
f 748/14/2 749/14/2 768/14/2
f 750/8/2 751/8/2 769/8/2
f 768/14/2 750/14/2 769/14/2
f 751/9/2 752/9/2 770/9/2
f 769/8/2 751/8/2 770/8/2
f 752/7/2 753/7/2 771/7/2
f 770/9/2 752/9/2 771/9/2
f 753/14/2 754/14/2 772/14/2
f 771/7/2 753/7/2 772/7/2
f 754/13/2 755/13/2 773/13/2
f 772/14/2 754/14/2 773/14/2
f 755/14/2 756/14/2 774/14/2
f 773/13/2 755/13/2 774/13/2
f 756/14/2 757/14/2 774/14/2
f 774/14/2 757/14/2 775/14/2
f 757/13/2 758/13/2 776/13/2
f 775/14/2 757/14/2 776/14/2
f 776/13/2 758/13/2 777/13/2
f 759/14/2 760/14/2 778/14/2
f 761/14/2 762/14/2 778/14/2
f 760/14/2 761/14/2 778/14/2
f 762/18/2 763/18/2 779/18/2
f 778/14/2 762/14/2 779/14/2
f 763/8/2 764/8/2 780/8/2
f 779/18/2 763/18/2 780/18/2
f 764/9/2 765/9/2 781/9/2
f 780/8/2 764/8/2 781/8/2
f 765/7/2 766/7/2 782/7/2
f 781/9/2 765/9/2 782/9/2
f 767/14/2 768/14/2 783/14/2
f 782/7/2 766/7/2 783/7/2
f 766/14/2 767/14/2 783/14/2
f 768/14/2 769/14/2 783/14/2
f 769/12/2 770/12/2 784/12/2
f 783/14/2 769/14/2 784/14/2
f 770/18/2 771/18/2 785/18/2
f 784/12/2 770/12/2 785/12/2
f 771/14/2 772/14/2 786/14/2
f 785/18/2 771/18/2 786/18/2
f 772/12/2 773/12/2 787/12/2
f 786/14/2 772/14/2 787/14/2
f 773/8/2 774/8/2 788/8/2
f 787/12/2 773/12/2 788/12/2
f 774/14/2 775/14/2 789/14/2
f 788/8/2 774/8/2 789/8/2
f 775/12/2 776/12/2 790/12/2
f 789/14/2 775/14/2 790/14/2
f 776/14/2 777/14/2 791/14/2
f 790/12/2 776/12/2 791/12/2
f 791/14/2 777/14/2 792/14/2
f 811/3/3 794/3/3 793/3/3
f 812/2/3 795/2/3 794/2/3
f 812/3/3 794/3/3 811/3/3
f 813/2/3 795/2/3 812/2/3
f 814/3/3 796/3/3 795/3/3
f 814/2/3 795/2/3 813/2/3
f 815/5/3 797/5/3 796/5/3
f 815/3/3 796/3/3 814/3/3
f 816/3/3 798/3/3 797/3/3
f 816/5/3 797/5/3 815/5/3
f 817/3/3 798/3/3 816/3/3
f 818/5/3 799/5/3 798/5/3
f 818/3/3 798/3/3 817/3/3
f 819/3/3 800/3/3 799/3/3
f 819/5/3 799/5/3 818/5/3
f 820/2/3 801/2/3 800/2/3
f 821/3/3 802/3/3 801/3/3
f 821/2/3 801/2/3 820/2/3
f 822/5/3 803/5/3 802/5/3
f 822/3/3 802/3/3 821/3/3
f 823/3/3 804/3/3 803/3/3
f 823/5/3 803/5/3 822/5/3
f 824/2/3 805/2/3 804/2/3
f 824/3/3 804/3/3 823/3/3
f 825/16/3 806/16/3 805/16/3
f 825/2/3 805/2/3 824/2/3
f 826/17/3 807/17/3 806/17/3
f 826/16/3 806/16/3 825/16/3
f 827/15/3 808/15/3 807/15/3
f 827/17/3 807/17/3 826/17/3
f 828/13/3 809/13/3 808/13/3
f 828/15/3 808/15/3 827/15/3
f 829/14/3 810/14/3 809/14/3
f 829/13/3 809/13/3 828/13/3
f 830/2/3 813/2/3 812/2/3
f 830/2/3 812/2/3 811/2/3
f 831/5/3 814/5/3 813/5/3
f 831/2/3 813/2/3 830/2/3
f 832/2/3 815/2/3 814/2/3
f 832/5/3 814/5/3 831/5/3
f 833/4/3 816/4/3 815/4/3
f 833/2/3 815/2/3 832/2/3
f 834/5/3 817/5/3 816/5/3
f 834/4/3 816/4/3 833/4/3
f 835/2/3 818/2/3 817/2/3
f 835/5/3 817/5/3 834/5/3
f 836/4/3 819/4/3 818/4/3
f 836/2/3 818/2/3 835/2/3
f 837/3/3 800/3/3 819/3/3
f 837/4/3 819/4/3 836/4/3
f 838/2/3 820/2/3 800/2/3
f 838/3/3 800/3/3 837/3/3
f 839/5/3 821/5/3 820/5/3
f 839/2/3 820/2/3 838/2/3
f 840/2/3 822/2/3 821/2/3
f 840/5/3 821/5/3 839/5/3
f 841/3/3 823/3/3 822/3/3
f 841/2/3 822/2/3 840/2/3
f 842/4/3 824/4/3 823/4/3
f 842/3/3 823/3/3 841/3/3
f 843/3/3 825/3/3 824/3/3
f 843/4/3 824/4/3 842/4/3
f 844/2/3 826/2/3 825/2/3
f 844/3/3 825/3/3 843/3/3
f 845/16/3 827/16/3 826/16/3
f 845/2/3 826/2/3 844/2/3
f 846/15/3 828/15/3 827/15/3
f 846/16/3 827/16/3 845/16/3
f 847/14/3 829/14/3 828/14/3
f 847/15/3 828/15/3 846/15/3
f 848/2/3 830/2/3 811/2/3
f 849/3/3 831/3/3 830/3/3
f 849/2/3 830/2/3 848/2/3
f 849/3/3 832/3/3 831/3/3
f 850/3/3 832/3/3 849/3/3
f 851/5/3 833/5/3 832/5/3
f 851/3/3 832/3/3 850/3/3
f 852/2/3 834/2/3 833/2/3
f 852/5/3 833/5/3 851/5/3
f 853/3/3 835/3/3 834/3/3
f 853/2/3 834/2/3 852/2/3
f 854/5/3 836/5/3 835/5/3
f 854/3/3 835/3/3 853/3/3
f 855/2/3 837/2/3 836/2/3
f 855/5/3 836/5/3 854/5/3
f 855/2/3 838/2/3 837/2/3
f 856/2/3 838/2/3 855/2/3
f 857/3/3 839/3/3 838/3/3
f 857/2/3 838/2/3 856/2/3
f 857/3/3 840/3/3 839/3/3
f 858/3/3 840/3/3 857/3/3
f 859/5/3 841/5/3 840/5/3
f 859/3/3 840/3/3 858/3/3
f 859/5/3 842/5/3 841/5/3
f 859/5/3 843/5/3 842/5/3
f 860/5/3 843/5/3 859/5/3
f 861/16/3 845/16/3 844/16/3
f 861/5/3 843/5/3 860/5/3
f 861/16/3 844/16/3 843/16/3
f 862/15/3 846/15/3 845/15/3
f 862/16/3 845/16/3 861/16/3
f 863/13/3 847/13/3 846/13/3
f 863/15/3 846/15/3 862/15/3
f 864/14/3 829/14/3 847/14/3
f 864/13/3 847/13/3 863/13/3
f 865/14/3 810/14/3 829/14/3
f 865/14/3 829/14/3 864/14/3
f 866/3/3 849/3/3 848/3/3
f 867/2/3 850/2/3 849/2/3
f 867/3/3 849/3/3 866/3/3
f 868/3/3 851/3/3 850/3/3
f 868/3/3 853/3/3 852/3/3
f 868/3/3 852/3/3 851/3/3
f 869/3/3 853/3/3 868/3/3
f 870/2/3 854/2/3 853/2/3
f 870/3/3 853/3/3 869/3/3
f 871/3/3 856/3/3 855/3/3
f 871/2/3 854/2/3 870/2/3
f 871/3/3 855/3/3 854/3/3
f 872/3/3 856/3/3 871/3/3
f 873/2/3 858/2/3 857/2/3
f 873/3/3 856/3/3 872/3/3
f 873/2/3 857/2/3 856/2/3
f 874/2/3 858/2/3 873/2/3
f 875/3/3 860/3/3 859/3/3
f 875/3/3 859/3/3 858/3/3
f 876/3/3 860/3/3 875/3/3
f 877/16/3 861/16/3 860/16/3
f 877/3/3 860/3/3 876/3/3
f 878/15/3 862/15/3 861/15/3
f 878/16/3 861/16/3 877/16/3
f 879/15/3 862/15/3 878/15/3
f 880/13/3 863/13/3 862/13/3
f 880/15/3 862/15/3 879/15/3
f 881/14/3 864/14/3 863/14/3
f 881/13/3 863/13/3 880/13/3
f 882/8/3 865/8/3 864/8/3
f 882/14/3 864/14/3 881/14/3
f 883/14/3 810/14/3 865/14/3
f 883/8/3 865/8/3 882/8/3
f 884/14/3 810/14/3 883/14/3
f 885/5/3 867/5/3 866/5/3
f 886/2/3 850/2/3 867/2/3
f 886/5/3 867/5/3 885/5/3
f 887/3/3 868/3/3 850/3/3
f 887/2/3 850/2/3 886/2/3
f 888/2/3 869/2/3 868/2/3
f 888/3/3 868/3/3 887/3/3
f 889/4/3 870/4/3 869/4/3
f 889/2/3 869/2/3 888/2/3
f 889/4/3 871/4/3 870/4/3
f 890/4/3 871/4/3 889/4/3
f 891/2/3 872/2/3 871/2/3
f 891/4/3 871/4/3 890/4/3
f 892/4/3 873/4/3 872/4/3
f 892/2/3 872/2/3 891/2/3
f 893/3/3 874/3/3 873/3/3
f 893/4/3 873/4/3 892/4/3
f 894/2/3 858/2/3 874/2/3
f 894/3/3 874/3/3 893/3/3
f 895/3/3 875/3/3 858/3/3
f 895/2/3 858/2/3 894/2/3
f 896/2/3 876/2/3 875/2/3
f 896/3/3 875/3/3 895/3/3
f 897/16/3 877/16/3 876/16/3
f 897/2/3 876/2/3 896/2/3
f 898/17/3 878/17/3 877/17/3
f 898/16/3 877/16/3 897/16/3
f 899/15/3 879/15/3 878/15/3
f 899/17/3 878/17/3 898/17/3
f 900/13/3 880/13/3 879/13/3
f 900/15/3 879/15/3 899/15/3
f 901/14/3 881/14/3 880/14/3
f 901/13/3 880/13/3 900/13/3
f 902/6/3 882/6/3 881/6/3
f 902/14/3 881/14/3 901/14/3
f 903/9/3 883/9/3 882/9/3
f 903/6/3 882/6/3 902/6/3
f 904/18/3 884/18/3 883/18/3
f 904/9/3 883/9/3 903/9/3
f 905/18/3 884/18/3 904/18/3
f 906/3/3 887/3/3 886/3/3
f 906/2/3 888/2/3 887/2/3
f 906/3/3 886/3/3 885/3/3
f 907/3/3 889/3/3 888/3/3
f 907/2/3 888/2/3 906/2/3
f 908/5/3 890/5/3 889/5/3
f 908/3/3 889/3/3 907/3/3
f 909/2/3 891/2/3 890/2/3
f 909/5/3 890/5/3 908/5/3
f 910/3/3 892/3/3 891/3/3
f 910/2/3 891/2/3 909/2/3
f 911/5/3 893/5/3 892/5/3
f 911/3/3 892/3/3 910/3/3
f 912/2/3 894/2/3 893/2/3
f 912/5/3 893/5/3 911/5/3
f 913/3/3 895/3/3 894/3/3
f 913/2/3 896/2/3 895/2/3
f 914/3/3 898/3/3 897/3/3
f 914/2/3 896/2/3 913/2/3
f 914/3/3 897/3/3 896/3/3
f 915/3/3 898/3/3 914/3/3
f 916/16/3 899/16/3 898/16/3
f 916/3/3 898/3/3 915/3/3
f 917/17/3 900/17/3 899/17/3
f 917/16/3 899/16/3 916/16/3
f 918/15/3 901/15/3 900/15/3
f 918/17/3 900/17/3 917/17/3
f 919/14/3 903/14/3 902/14/3
f 919/15/3 901/15/3 918/15/3
f 919/14/3 902/14/3 901/14/3
f 920/14/3 903/14/3 919/14/3
f 921/7/3 904/7/3 903/7/3
f 921/14/3 903/14/3 920/14/3
f 922/8/3 905/8/3 904/8/3
f 922/7/3 904/7/3 921/7/3
f 923/8/3 905/8/3 922/8/3
f 924/3/3 906/3/3 885/3/3
f 925/3/3 906/3/3 924/3/3
f 926/5/3 907/5/3 906/5/3
f 926/3/3 906/3/3 925/3/3
f 927/4/3 908/4/3 907/4/3
f 927/5/3 907/5/3 926/5/3
f 928/3/3 909/3/3 908/3/3
f 928/4/3 908/4/3 927/4/3
f 929/2/3 910/2/3 909/2/3
f 929/3/3 909/3/3 928/3/3
f 930/4/3 911/4/3 910/4/3
f 930/2/3 910/2/3 929/2/3
f 931/3/3 912/3/3 911/3/3
f 931/4/3 911/4/3 930/4/3
f 932/2/3 894/2/3 912/2/3
f 932/3/3 912/3/3 931/3/3
f 933/3/3 913/3/3 894/3/3
f 933/2/3 894/2/3 932/2/3
f 934/5/3 914/5/3 913/5/3
f 934/3/3 913/3/3 933/3/3
f 935/4/3 915/4/3 914/4/3
f 935/5/3 914/5/3 934/5/3
f 936/5/3 917/5/3 916/5/3
f 936/4/3 915/4/3 935/4/3
f 936/5/3 916/5/3 915/5/3
f 937/5/3 917/5/3 936/5/3
f 938/2/3 918/2/3 917/2/3
f 938/5/3 917/5/3 937/5/3
f 939/16/3 919/16/3 918/16/3
f 939/2/3 918/2/3 938/2/3
f 940/15/3 920/15/3 919/15/3
f 940/16/3 919/16/3 939/16/3
f 941/14/3 921/14/3 920/14/3
f 941/15/3 920/15/3 940/15/3
f 942/6/3 922/6/3 921/6/3
f 942/14/3 921/14/3 941/14/3
f 943/9/3 923/9/3 922/9/3
f 943/6/3 922/6/3 942/6/3
f 944/9/3 923/9/3 943/9/3
f 945/5/3 925/5/3 924/5/3
f 946/2/3 926/2/3 925/2/3
f 946/5/3 925/5/3 945/5/3
f 947/5/3 928/5/3 927/5/3
f 947/3/3 927/3/3 926/3/3
f 948/2/3 929/2/3 928/2/3
f 948/5/3 928/5/3 947/5/3
f 949/3/3 930/3/3 929/3/3
f 949/2/3 929/2/3 948/2/3
f 950/5/3 931/5/3 930/5/3
f 950/3/3 930/3/3 949/3/3
f 951/2/3 932/2/3 931/2/3
f 951/5/3 931/5/3 950/5/3
f 952/3/3 933/3/3 932/3/3
f 952/2/3 932/2/3 951/2/3
f 953/3/3 935/3/3 934/3/3
f 953/5/3 936/5/3 935/5/3
f 954/3/3 937/3/3 936/3/3
f 954/5/3 936/5/3 953/5/3
f 955/2/3 938/2/3 937/2/3
f 955/3/3 937/3/3 954/3/3
f 956/16/3 939/16/3 938/16/3
f 956/2/3 938/2/3 955/2/3
f 957/17/3 940/17/3 939/17/3
f 957/16/3 939/16/3 956/16/3
f 957/17/3 941/17/3 940/17/3
f 958/14/3 942/14/3 941/14/3
f 958/17/3 941/17/3 957/17/3
f 958/14/3 943/14/3 942/14/3
f 959/14/3 943/14/3 958/14/3
f 960/7/3 944/7/3 943/7/3
f 960/14/3 943/14/3 959/14/3
f 961/7/3 944/7/3 960/7/3
f 962/3/3 946/3/3 945/3/3
f 963/2/3 926/2/3 946/2/3
f 963/3/3 946/3/3 962/3/3
f 964/3/3 948/3/3 947/3/3
f 964/2/3 926/2/3 963/2/3
f 964/3/3 947/3/3 926/3/3
f 965/5/3 950/5/3 949/5/3
f 965/3/3 948/3/3 964/3/3
f 965/5/3 949/5/3 948/5/3
f 966/5/3 950/5/3 965/5/3
f 967/3/3 951/3/3 950/3/3
f 967/5/3 950/5/3 966/5/3
f 968/5/3 952/5/3 951/5/3
f 968/3/3 951/3/3 967/3/3
f 969/3/3 933/3/3 952/3/3
f 969/5/3 952/5/3 968/5/3
f 970/2/3 934/2/3 933/2/3
f 970/3/3 933/3/3 969/3/3
f 971/3/3 953/3/3 934/3/3
f 971/2/3 934/2/3 970/2/3
f 971/3/3 954/3/3 953/3/3
f 972/4/3 955/4/3 954/4/3
f 972/3/3 954/3/3 971/3/3
f 973/3/3 956/3/3 955/3/3
f 973/4/3 955/4/3 972/4/3
f 974/2/3 957/2/3 956/2/3
f 974/3/3 956/3/3 973/3/3
f 975/16/3 958/16/3 957/16/3
f 975/2/3 957/2/3 974/2/3
f 976/16/3 958/16/3 975/16/3
f 977/17/3 959/17/3 958/17/3
f 977/16/3 958/16/3 976/16/3
f 978/14/3 960/14/3 959/14/3
f 978/17/3 959/17/3 977/17/3
f 978/14/3 961/14/3 960/14/3
f 979/14/3 961/14/3 978/14/3
f 980/5/3 964/5/3 963/5/3
f 980/2/3 963/2/3 962/2/3
f 981/2/3 965/2/3 964/2/3
f 981/5/3 964/5/3 980/5/3
f 982/2/3 965/2/3 981/2/3
f 983/3/3 966/3/3 965/3/3
f 983/2/3 965/2/3 982/2/3
f 984/2/3 968/2/3 967/2/3
f 984/3/3 966/3/3 983/3/3
f 984/2/3 967/2/3 966/2/3
f 985/2/3 968/2/3 984/2/3
f 986/3/3 969/3/3 968/3/3
f 986/2/3 968/2/3 985/2/3
f 986/3/3 970/3/3 969/3/3
f 987/5/3 971/5/3 970/5/3
f 987/3/3 970/3/3 986/3/3
f 988/2/3 972/2/3 971/2/3
f 988/5/3 971/5/3 987/5/3
f 989/2/3 972/2/3 988/2/3
f 990/5/3 973/5/3 972/5/3
f 990/2/3 972/2/3 989/2/3
f 991/4/3 974/4/3 973/4/3
f 991/5/3 973/5/3 990/5/3
f 992/3/3 975/3/3 974/3/3
f 992/4/3 974/4/3 991/4/3
f 992/3/3 976/3/3 975/3/3
f 993/3/3 976/3/3 992/3/3
f 994/2/3 977/2/3 976/2/3
f 994/3/3 976/3/3 993/3/3
f 995/16/3 978/16/3 977/16/3
f 995/2/3 977/2/3 994/2/3
f 996/15/3 979/15/3 978/15/3
f 996/16/3 978/16/3 995/16/3
f 997/14/3 961/14/3 979/14/3
f 997/15/3 979/15/3 996/15/3
f 998/2/3 980/2/3 962/2/3
f 999/3/3 981/3/3 980/3/3
f 999/2/3 980/2/3 998/2/3
f 1000/5/3 982/5/3 981/5/3
f 1000/3/3 981/3/3 999/3/3
f 1001/2/3 983/2/3 982/2/3
f 1001/5/3 982/5/3 1000/5/3
f 1001/2/3 984/2/3 983/2/3
f 1002/2/3 984/2/3 1001/2/3
f 1003/3/3 985/3/3 984/3/3
f 1003/2/3 984/2/3 1002/2/3
f 1004/2/3 987/2/3 986/2/3
f 1004/3/3 985/3/3 1003/3/3
f 1004/2/3 986/2/3 985/2/3
f 1005/2/3 987/2/3 1004/2/3
f 1006/2/3 987/2/3 1005/2/3
f 1007/3/3 988/3/3 987/3/3
f 1007/2/3 987/2/3 1006/2/3
f 1008/5/3 989/5/3 988/5/3
f 1008/3/3 988/3/3 1007/3/3
f 1009/2/3 990/2/3 989/2/3
f 1009/5/3 989/5/3 1008/5/3
f 1010/3/3 991/3/3 990/3/3
f 1010/2/3 990/2/3 1009/2/3
f 1010/3/3 992/3/3 991/3/3
f 1011/3/3 992/3/3 1010/3/3
f 1012/5/3 993/5/3 992/5/3
f 1012/3/3 992/3/3 1011/3/3
f 1013/3/3 994/3/3 993/3/3
f 1013/5/3 993/5/3 1012/5/3
f 1014/16/3 995/16/3 994/16/3
f 1014/3/3 994/3/3 1013/3/3
f 1015/15/3 996/15/3 995/15/3
f 1015/16/3 995/16/3 1014/16/3
f 1016/14/3 997/14/3 996/14/3
f 1016/15/3 996/15/3 1015/15/3
f 1017/3/3 999/3/3 998/3/3
f 1018/2/3 1000/2/3 999/2/3
f 1018/3/3 999/3/3 1017/3/3
f 1018/2/3 1001/2/3 1000/2/3
f 1019/2/3 1001/2/3 1018/2/3
f 1020/3/3 1002/3/3 1001/3/3
f 1020/2/3 1001/2/3 1019/2/3
f 1021/4/3 1003/4/3 1002/4/3
f 1021/3/3 1002/3/3 1020/3/3
f 1022/5/3 1004/5/3 1003/5/3
f 1022/4/3 1003/4/3 1021/4/3
f 1023/3/3 1005/3/3 1004/3/3
f 1023/5/3 1004/5/3 1022/5/3
f 1024/4/3 1006/4/3 1005/4/3
f 1024/3/3 1005/3/3 1023/3/3
f 1025/3/3 1007/3/3 1006/3/3
f 1025/4/3 1006/4/3 1024/4/3
f 1026/2/3 1009/2/3 1008/2/3
f 1026/3/3 1007/3/3 1025/3/3
f 1026/2/3 1008/2/3 1007/2/3
f 1027/2/3 1009/2/3 1026/2/3
f 1028/3/3 1010/3/3 1009/3/3
f 1028/2/3 1009/2/3 1027/2/3
f 1029/4/3 1011/4/3 1010/4/3
f 1029/3/3 1010/3/3 1028/3/3
f 1030/5/3 1012/5/3 1011/5/3
f 1030/4/3 1011/4/3 1029/4/3
f 1031/3/3 1013/3/3 1012/3/3
f 1031/5/3 1012/5/3 1030/5/3
f 1032/16/3 1014/16/3 1013/16/3
f 1032/3/3 1013/3/3 1031/3/3
f 1033/15/3 1015/15/3 1014/15/3
f 1033/16/3 1014/16/3 1032/16/3
f 1034/13/3 1016/13/3 1015/13/3
f 1034/15/3 1015/15/3 1033/15/3
f 1035/14/3 997/14/3 1016/14/3
f 1035/13/3 1016/13/3 1034/13/3
f 1036/14/3 961/14/3 997/14/3
f 1036/14/3 997/14/3 1035/14/3
f 1037/14/3 961/14/3 1036/14/3
f 1038/2/3 1019/2/3 1018/2/3
f 1038/2/3 1018/2/3 1017/2/3
f 1039/2/3 1019/2/3 1038/2/3
f 1040/3/3 1020/3/3 1019/3/3
f 1040/2/3 1019/2/3 1039/2/3
f 1041/5/3 1021/5/3 1020/5/3
f 1041/3/3 1020/3/3 1040/3/3
f 1042/3/3 1022/3/3 1021/3/3
f 1042/5/3 1021/5/3 1041/5/3
f 1043/2/3 1023/2/3 1022/2/3
f 1043/3/3 1022/3/3 1042/3/3
f 1044/5/3 1024/5/3 1023/5/3
f 1044/2/3 1023/2/3 1043/2/3
f 1045/3/3 1025/3/3 1024/3/3
f 1045/5/3 1024/5/3 1044/5/3
f 1046/2/3 1027/2/3 1026/2/3
f 1046/3/3 1025/3/3 1045/3/3
f 1046/2/3 1026/2/3 1025/2/3
f 1047/2/3 1027/2/3 1046/2/3
f 1048/3/3 1028/3/3 1027/3/3
f 1048/2/3 1027/2/3 1047/2/3
f 1049/5/3 1029/5/3 1028/5/3
f 1049/3/3 1028/3/3 1048/3/3
f 1050/3/3 1030/3/3 1029/3/3
f 1050/5/3 1029/5/3 1049/5/3
f 1051/16/3 1031/16/3 1030/16/3
f 1051/3/3 1030/3/3 1050/3/3
f 1052/15/3 1033/15/3 1032/15/3
f 1052/16/3 1031/16/3 1051/16/3
f 1052/15/3 1032/15/3 1031/15/3
f 1053/15/3 1033/15/3 1052/15/3
f 1054/13/3 1034/13/3 1033/13/3
f 1054/15/3 1033/15/3 1053/15/3
f 1055/14/3 1035/14/3 1034/14/3
f 1055/13/3 1034/13/3 1054/13/3
f 1056/8/3 1036/8/3 1035/8/3
f 1056/14/3 1035/14/3 1055/14/3
f 1057/12/3 1037/12/3 1036/12/3
f 1057/8/3 1036/8/3 1056/8/3
f 1058/12/3 1037/12/3 1057/12/3
f 1059/3/3 1039/3/3 1038/3/3
f 1060/5/3 1040/5/3 1039/5/3
f 1060/3/3 1039/3/3 1059/3/3
f 1061/3/3 1042/3/3 1041/3/3
f 1061/5/3 1040/5/3 1060/5/3
f 1061/3/3 1041/3/3 1040/3/3
f 1062/3/3 1042/3/3 1061/3/3
f 1063/2/3 1043/2/3 1042/2/3
f 1063/3/3 1042/3/3 1062/3/3
f 1064/4/3 1044/4/3 1043/4/3
f 1064/2/3 1043/2/3 1063/2/3
f 1065/5/3 1045/5/3 1044/5/3
f 1065/4/3 1044/4/3 1064/4/3
f 1066/2/3 1046/2/3 1045/2/3
f 1066/5/3 1045/5/3 1065/5/3
f 1067/3/3 1047/3/3 1046/3/3
f 1067/2/3 1046/2/3 1066/2/3
f 1068/5/3 1049/5/3 1048/5/3
f 1068/3/3 1047/3/3 1067/3/3
f 1068/5/3 1048/5/3 1047/5/3
f 1069/5/3 1049/5/3 1068/5/3
f 1070/3/3 1050/3/3 1049/3/3
f 1070/16/3 1051/16/3 1050/16/3
f 1071/17/3 1052/17/3 1051/17/3
f 1071/16/3 1051/16/3 1070/16/3
f 1072/15/3 1053/15/3 1052/15/3
f 1072/17/3 1052/17/3 1071/17/3
f 1073/13/3 1054/13/3 1053/13/3
f 1073/15/3 1053/15/3 1072/15/3
f 1074/14/3 1055/14/3 1054/14/3
f 1074/13/3 1054/13/3 1073/13/3
f 1075/6/3 1056/6/3 1055/6/3
f 1075/14/3 1055/14/3 1074/14/3
f 1076/9/3 1057/9/3 1056/9/3
f 1076/6/3 1056/6/3 1075/6/3
f 1077/18/3 1058/18/3 1057/18/3
f 1077/9/3 1057/9/3 1076/9/3
f 1078/18/3 1058/18/3 1077/18/3
f 1079/5/3 1062/5/3 1061/5/3
f 1079/3/3 1061/3/3 1060/3/3
f 1080/3/3 1063/3/3 1062/3/3
f 1080/5/3 1062/5/3 1079/5/3
f 1081/5/3 1064/5/3 1063/5/3
f 1081/3/3 1063/3/3 1080/3/3
f 1082/3/3 1065/3/3 1064/3/3
f 1082/5/3 1064/5/3 1081/5/3
f 1082/3/3 1066/3/3 1065/3/3
f 1083/3/3 1066/3/3 1082/3/3
f 1084/5/3 1067/5/3 1066/5/3
f 1084/3/3 1066/3/3 1083/3/3
f 1085/2/3 1068/2/3 1067/2/3
f 1085/5/3 1067/5/3 1084/5/3
f 1086/5/3 1049/5/3 1069/5/3
f 1086/3/3 1069/3/3 1068/3/3
f 1087/3/3 1070/3/3 1049/3/3
f 1087/5/3 1049/5/3 1086/5/3
f 1088/2/3 1071/2/3 1070/2/3
f 1088/3/3 1070/3/3 1087/3/3
f 1089/16/3 1072/16/3 1071/16/3
f 1089/2/3 1071/2/3 1088/2/3
f 1090/17/3 1074/17/3 1073/17/3
f 1090/16/3 1072/16/3 1089/16/3
f 1090/17/3 1073/17/3 1072/17/3
f 1091/15/3 1075/15/3 1074/15/3
f 1091/17/3 1074/17/3 1090/17/3
f 1092/14/3 1076/14/3 1075/14/3
f 1092/15/3 1075/15/3 1091/15/3
f 1093/7/3 1077/7/3 1076/7/3
f 1093/14/3 1076/14/3 1092/14/3
f 1094/14/3 1078/14/3 1077/14/3
f 1094/7/3 1077/7/3 1093/7/3
f 1095/14/3 1078/14/3 1094/14/3
f 1096/3/3 1079/3/3 1060/3/3
f 1096/2/3 1060/2/3 1059/2/3
f 1097/2/3 1081/2/3 1080/2/3
f 1097/3/3 1079/3/3 1096/3/3
f 1097/2/3 1080/2/3 1079/2/3
f 1098/2/3 1081/2/3 1097/2/3
f 1099/3/3 1082/3/3 1081/3/3
f 1099/2/3 1081/2/3 1098/2/3
f 1100/5/3 1083/5/3 1082/5/3
f 1100/3/3 1082/3/3 1099/3/3
f 1101/2/3 1084/2/3 1083/2/3
f 1101/5/3 1083/5/3 1100/5/3
f 1102/3/3 1085/3/3 1084/3/3
f 1102/2/3 1084/2/3 1101/2/3
f 1103/2/3 1068/2/3 1085/2/3
f 1103/3/3 1085/3/3 1102/3/3
f 1104/3/3 1087/3/3 1086/3/3
f 1104/2/3 1068/2/3 1103/2/3
f 1104/3/3 1086/3/3 1068/3/3
f 1105/2/3 1088/2/3 1087/2/3
f 1105/3/3 1087/3/3 1104/3/3
f 1106/3/3 1089/3/3 1088/3/3
f 1106/2/3 1088/2/3 1105/2/3
f 1107/2/3 1090/2/3 1089/2/3
f 1107/3/3 1089/3/3 1106/3/3
f 1108/16/3 1091/16/3 1090/16/3
f 1108/2/3 1090/2/3 1107/2/3
f 1109/17/3 1092/17/3 1091/17/3
f 1109/16/3 1091/16/3 1108/16/3
f 1110/14/3 1093/14/3 1092/14/3
f 1110/17/3 1092/17/3 1109/17/3
f 1110/14/3 1094/14/3 1093/14/3
f 1111/14/3 1094/14/3 1110/14/3
f 1112/12/3 1095/12/3 1094/12/3
f 1112/14/3 1094/14/3 1111/14/3
f 1113/12/3 1095/12/3 1112/12/3
f 1114/2/3 1096/2/3 1059/2/3
f 1114/2/3 1098/2/3 1097/2/3
f 1114/2/3 1097/2/3 1096/2/3
f 1115/4/3 1099/4/3 1098/4/3
f 1115/2/3 1098/2/3 1114/2/3
f 1116/2/3 1100/2/3 1099/2/3
f 1116/4/3 1099/4/3 1115/4/3
f 1117/4/3 1101/4/3 1100/4/3
f 1117/2/3 1100/2/3 1116/2/3
f 1118/3/3 1102/3/3 1101/3/3
f 1118/4/3 1101/4/3 1117/4/3
f 1119/2/3 1103/2/3 1102/2/3
f 1119/3/3 1102/3/3 1118/3/3
f 1120/3/3 1104/3/3 1103/3/3
f 1120/2/3 1103/2/3 1119/2/3
f 1121/2/3 1105/2/3 1104/2/3
f 1121/3/3 1104/3/3 1120/3/3
f 1122/3/3 1106/3/3 1105/3/3
f 1122/2/3 1105/2/3 1121/2/3
f 1123/5/3 1107/5/3 1106/5/3
f 1123/3/3 1106/3/3 1122/3/3
f 1124/3/3 1108/3/3 1107/3/3
f 1124/5/3 1107/5/3 1123/5/3
f 1125/2/3 1109/2/3 1108/2/3
f 1125/3/3 1108/3/3 1124/3/3
f 1126/2/3 1109/2/3 1125/2/3
f 1127/16/3 1110/16/3 1109/16/3
f 1127/2/3 1109/2/3 1126/2/3
f 1128/15/3 1111/15/3 1110/15/3
f 1128/16/3 1110/16/3 1127/16/3
f 1129/13/3 1112/13/3 1111/13/3
f 1129/15/3 1111/15/3 1128/15/3
f 1130/8/3 1113/8/3 1112/8/3
f 1130/13/3 1112/13/3 1129/13/3
f 1131/8/3 1113/8/3 1130/8/3
f 1132/2/3 1114/2/3 1059/2/3
f 1133/3/3 1115/3/3 1114/3/3
f 1133/2/3 1114/2/3 1132/2/3
f 1134/3/3 1115/3/3 1133/3/3
f 1135/2/3 1116/2/3 1115/2/3
f 1135/3/3 1115/3/3 1134/3/3
f 1136/4/3 1117/4/3 1116/4/3
f 1136/2/3 1116/2/3 1135/2/3
f 1137/5/3 1118/5/3 1117/5/3
f 1137/4/3 1117/4/3 1136/4/3
f 1138/2/3 1119/2/3 1118/2/3
f 1138/5/3 1118/5/3 1137/5/3
f 1139/4/3 1120/4/3 1119/4/3
f 1139/2/3 1119/2/3 1138/2/3
f 1140/2/3 1121/2/3 1120/2/3
f 1140/4/3 1120/4/3 1139/4/3
f 1141/3/3 1122/3/3 1121/3/3
f 1141/2/3 1121/2/3 1140/2/3
f 1142/3/3 1122/3/3 1141/3/3
f 1143/2/3 1123/2/3 1122/2/3
f 1143/3/3 1122/3/3 1142/3/3
f 1144/4/3 1124/4/3 1123/4/3
f 1144/2/3 1123/2/3 1143/2/3
f 1145/5/3 1125/5/3 1124/5/3
f 1145/4/3 1124/4/3 1144/4/3
f 1146/3/3 1126/3/3 1125/3/3
f 1146/5/3 1125/5/3 1145/5/3
f 1147/16/3 1127/16/3 1126/16/3
f 1147/3/3 1126/3/3 1146/3/3
f 1148/15/3 1128/15/3 1127/15/3
f 1148/16/3 1127/16/3 1147/16/3
f 1149/13/3 1129/13/3 1128/13/3
f 1149/15/3 1128/15/3 1148/15/3
f 1150/14/3 1130/14/3 1129/14/3
f 1150/13/3 1129/13/3 1149/13/3
f 1150/14/3 1131/14/3 1130/14/3
f 1151/14/3 1131/14/3 1150/14/3
f 1152/14/3 1131/14/3 1151/14/3
f 1153/3/3 1135/3/3 1134/3/3
f 1153/2/3 1134/2/3 1133/2/3
f 1154/4/3 1136/4/3 1135/4/3
f 1154/3/3 1135/3/3 1153/3/3
f 1155/3/3 1137/3/3 1136/3/3
f 1155/4/3 1136/4/3 1154/4/3
f 1156/2/3 1138/2/3 1137/2/3
f 1156/3/3 1137/3/3 1155/3/3
f 1157/4/3 1139/4/3 1138/4/3
f 1157/2/3 1138/2/3 1156/2/3
f 1158/3/3 1140/3/3 1139/3/3
f 1158/4/3 1139/4/3 1157/4/3
f 1158/3/3 1141/3/3 1140/3/3
f 1159/3/3 1141/3/3 1158/3/3
f 1160/2/3 1142/2/3 1141/2/3
f 1160/3/3 1143/3/3 1142/3/3
f 1160/3/3 1145/3/3 1144/3/3
f 1160/3/3 1144/3/3 1143/3/3
f 1161/3/3 1145/3/3 1160/3/3
f 1162/3/3 1145/3/3 1161/3/3
f 1163/2/3 1146/2/3 1145/2/3
f 1163/3/3 1145/3/3 1162/3/3
f 1164/16/3 1147/16/3 1146/16/3
f 1164/2/3 1146/2/3 1163/2/3
f 1165/17/3 1148/17/3 1147/17/3
f 1165/16/3 1147/16/3 1164/16/3
f 1166/15/3 1149/15/3 1148/15/3
f 1166/17/3 1148/17/3 1165/17/3
f 1167/14/3 1150/14/3 1149/14/3
f 1167/15/3 1149/15/3 1166/15/3
f 1167/14/3 1151/14/3 1150/14/3
f 1168/14/3 1151/14/3 1167/14/3
f 1169/12/3 1152/12/3 1151/12/3
f 1169/14/3 1151/14/3 1168/14/3
f 1170/12/3 1152/12/3 1169/12/3
f 1171/3/3 1133/3/3 1132/3/3
f 1172/2/3 1153/2/3 1133/2/3
f 1172/3/3 1133/3/3 1171/3/3
f 1172/2/3 1154/2/3 1153/2/3
f 1173/3/3 1155/3/3 1154/3/3
f 1173/2/3 1154/2/3 1172/2/3
f 1174/5/3 1156/5/3 1155/5/3
f 1174/3/3 1155/3/3 1173/3/3
f 1175/3/3 1157/3/3 1156/3/3
f 1175/5/3 1156/5/3 1174/5/3
f 1175/3/3 1158/3/3 1157/3/3
f 1176/5/3 1159/5/3 1158/5/3
f 1176/3/3 1158/3/3 1175/3/3
f 1177/3/3 1141/3/3 1159/3/3
f 1177/5/3 1159/5/3 1176/5/3
f 1178/2/3 1161/2/3 1160/2/3
f 1178/3/3 1141/3/3 1177/3/3
f 1178/2/3 1160/2/3 1141/2/3
f 1179/3/3 1162/3/3 1161/3/3
f 1179/2/3 1161/2/3 1178/2/3
f 1180/5/3 1163/5/3 1162/5/3
f 1180/3/3 1162/3/3 1179/3/3
f 1181/3/3 1164/3/3 1163/3/3
f 1181/5/3 1163/5/3 1180/5/3
f 1182/2/3 1165/2/3 1164/2/3
f 1182/3/3 1164/3/3 1181/3/3
f 1183/16/3 1166/16/3 1165/16/3
f 1183/2/3 1165/2/3 1182/2/3
f 1184/17/3 1167/17/3 1166/17/3
f 1184/16/3 1166/16/3 1183/16/3
f 1185/15/3 1168/15/3 1167/15/3
f 1185/17/3 1167/17/3 1184/17/3
f 1186/13/3 1169/13/3 1168/13/3
f 1186/15/3 1168/15/3 1185/15/3
f 1187/14/3 1170/14/3 1169/14/3
f 1187/13/3 1169/13/3 1186/13/3
f 1188/14/3 1170/14/3 1187/14/3
f 1190/2/4 1191/2/4 1207/2/4
f 1191/3/4 1192/3/4 1208/3/4
f 1207/2/4 1191/2/4 1208/2/4
f 1192/5/4 1193/5/4 1209/5/4
f 1208/3/4 1192/3/4 1209/3/4
f 1193/3/4 1194/3/4 1210/3/4
f 1209/5/4 1193/5/4 1210/5/4
f 1210/3/4 1194/3/4 1211/3/4
f 1194/5/4 1195/5/4 1212/5/4
f 1211/3/4 1194/3/4 1212/3/4
f 1195/3/4 1196/3/4 1213/3/4
f 1212/5/4 1195/5/4 1213/5/4
f 1196/2/4 1197/2/4 1214/2/4
f 1197/3/4 1198/3/4 1215/3/4
f 1214/2/4 1197/2/4 1215/2/4
f 1198/5/4 1199/5/4 1216/5/4
f 1215/3/4 1198/3/4 1216/3/4
f 1199/3/4 1200/3/4 1217/3/4
f 1216/5/4 1199/5/4 1217/5/4
f 1200/2/4 1201/2/4 1218/2/4
f 1217/3/4 1200/3/4 1218/3/4
f 1201/16/4 1202/16/4 1219/16/4
f 1218/2/4 1201/2/4 1219/2/4
f 1202/17/4 1203/17/4 1220/17/4
f 1219/16/4 1202/16/4 1220/16/4
f 1203/15/4 1204/15/4 1221/15/4
f 1220/17/4 1203/17/4 1221/17/4
f 1204/13/4 1205/13/4 1222/13/4
f 1221/15/4 1204/15/4 1222/15/4
f 1205/14/4 1206/14/4 1223/14/4
f 1222/13/4 1205/13/4 1223/13/4
f 1223/14/4 1206/14/4 1224/14/4
f 1189/3/4 1190/3/4 1225/3/4
f 1190/2/4 1207/2/4 1226/2/4
f 1225/3/4 1190/3/4 1226/3/4
f 1207/3/4 1208/3/4 1227/3/4
f 1226/2/4 1207/2/4 1227/2/4
f 1208/4/4 1209/4/4 1228/4/4
f 1227/3/4 1208/3/4 1228/3/4
f 1209/3/4 1210/3/4 1229/3/4
f 1228/4/4 1209/4/4 1229/4/4
f 1210/2/4 1211/2/4 1230/2/4
f 1229/3/4 1210/3/4 1230/3/4
f 1211/4/4 1212/4/4 1231/4/4
f 1230/2/4 1211/2/4 1231/2/4
f 1212/3/4 1213/3/4 1232/3/4
f 1231/4/4 1212/4/4 1232/4/4
f 1213/3/4 1196/3/4 1233/3/4
f 1232/3/4 1213/3/4 1233/3/4
f 1196/2/4 1214/2/4 1234/2/4
f 1233/3/4 1196/3/4 1234/3/4
f 1214/3/4 1215/3/4 1235/3/4
f 1234/2/4 1214/2/4 1235/2/4
f 1215/3/4 1216/3/4 1235/3/4
f 1216/3/4 1217/3/4 1235/3/4
f 1235/3/4 1217/3/4 1236/3/4
f 1236/3/4 1217/3/4 1237/3/4
f 1217/2/4 1218/2/4 1238/2/4
f 1237/3/4 1217/3/4 1238/3/4
f 1218/16/4 1219/16/4 1239/16/4
f 1238/2/4 1218/2/4 1239/2/4
f 1219/17/4 1220/17/4 1240/17/4
f 1239/16/4 1219/16/4 1240/16/4
f 1220/15/4 1221/15/4 1241/15/4
f 1240/17/4 1220/17/4 1241/17/4
f 1221/14/4 1222/14/4 1242/14/4
f 1241/15/4 1221/15/4 1242/15/4
f 1222/14/4 1223/14/4 1242/14/4
f 1242/14/4 1223/14/4 1243/14/4
f 1223/12/4 1224/12/4 1244/12/4
f 1243/14/4 1223/14/4 1244/14/4
f 1244/12/4 1224/12/4 1245/12/4
f 1225/2/4 1226/2/4 1246/2/4
f 1226/3/4 1227/3/4 1246/3/4
f 1227/3/4 1228/3/4 1246/3/4
f 1228/2/4 1229/2/4 1247/2/4
f 1246/3/4 1228/3/4 1247/3/4
f 1229/4/4 1230/4/4 1248/4/4
f 1247/2/4 1229/2/4 1248/2/4
f 1230/5/4 1231/5/4 1249/5/4
f 1248/4/4 1230/4/4 1249/4/4
f 1231/2/4 1232/2/4 1250/2/4
f 1249/5/4 1231/5/4 1250/5/4
f 1232/4/4 1233/4/4 1251/4/4
f 1250/2/4 1232/2/4 1251/2/4
f 1233/2/4 1234/2/4 1252/2/4
f 1251/4/4 1233/4/4 1252/4/4
f 1235/3/4 1236/3/4 1253/3/4
f 1252/2/4 1234/2/4 1253/2/4
f 1234/3/4 1235/3/4 1253/3/4
f 1236/2/4 1237/2/4 1254/2/4
f 1253/3/4 1236/3/4 1254/3/4
f 1237/4/4 1238/4/4 1255/4/4
f 1254/2/4 1237/2/4 1255/2/4
f 1238/5/4 1239/5/4 1256/5/4
f 1255/4/4 1238/4/4 1256/4/4
f 1239/3/4 1240/3/4 1257/3/4
f 1256/5/4 1239/5/4 1257/5/4
f 1240/16/4 1241/16/4 1258/16/4
f 1257/3/4 1240/3/4 1258/3/4
f 1241/15/4 1242/15/4 1259/15/4
f 1258/16/4 1241/16/4 1259/16/4
f 1242/13/4 1243/13/4 1260/13/4
f 1259/15/4 1242/15/4 1260/15/4
f 1244/14/4 1245/14/4 1261/14/4
f 1260/13/4 1243/13/4 1261/13/4
f 1243/14/4 1244/14/4 1261/14/4
f 1261/14/4 1245/14/4 1262/14/4
f 1262/14/4 1245/14/4 1263/14/4
f 1225/2/4 1246/2/4 1264/2/4
f 1246/2/4 1247/2/4 1264/2/4
f 1264/2/4 1247/2/4 1265/2/4
f 1247/4/4 1248/4/4 1266/4/4
f 1265/2/4 1247/2/4 1266/2/4
f 1248/2/4 1249/2/4 1267/2/4
f 1266/4/4 1248/4/4 1267/4/4
f 1249/4/4 1250/4/4 1268/4/4
f 1267/2/4 1249/2/4 1268/2/4
f 1250/3/4 1251/3/4 1269/3/4
f 1268/4/4 1250/4/4 1269/4/4
f 1251/2/4 1252/2/4 1270/2/4
f 1269/3/4 1251/3/4 1270/3/4
f 1252/3/4 1253/3/4 1271/3/4
f 1270/2/4 1252/2/4 1271/2/4
f 1253/2/4 1254/2/4 1272/2/4
f 1271/3/4 1253/3/4 1272/3/4
f 1254/3/4 1255/3/4 1273/3/4
f 1272/2/4 1254/2/4 1273/2/4
f 1255/5/4 1256/5/4 1274/5/4
f 1273/3/4 1255/3/4 1274/3/4
f 1256/3/4 1257/3/4 1275/3/4
f 1274/5/4 1256/5/4 1275/5/4
f 1258/2/4 1259/2/4 1276/2/4
f 1275/3/4 1257/3/4 1276/3/4
f 1257/2/4 1258/2/4 1276/2/4
f 1259/16/4 1260/16/4 1277/16/4
f 1276/2/4 1259/2/4 1277/2/4
f 1260/15/4 1261/15/4 1278/15/4
f 1277/16/4 1260/16/4 1278/16/4
f 1261/13/4 1262/13/4 1279/13/4
f 1278/15/4 1261/15/4 1279/15/4
f 1262/8/4 1263/8/4 1280/8/4
f 1279/13/4 1262/13/4 1280/13/4
f 1280/8/4 1263/8/4 1281/8/4
f 1265/2/4 1266/2/4 1282/2/4
f 1266/2/4 1267/2/4 1282/2/4
f 1264/3/4 1265/3/4 1282/3/4
f 1282/2/4 1267/2/4 1283/2/4
f 1267/3/4 1268/3/4 1284/3/4
f 1283/2/4 1267/2/4 1284/2/4
f 1268/5/4 1269/5/4 1285/5/4
f 1284/3/4 1268/3/4 1285/3/4
f 1269/2/4 1270/2/4 1286/2/4
f 1285/5/4 1269/5/4 1286/5/4
f 1270/3/4 1271/3/4 1287/3/4
f 1286/2/4 1270/2/4 1287/2/4
f 1271/2/4 1272/2/4 1288/2/4
f 1287/3/4 1271/3/4 1288/3/4
f 1272/3/4 1273/3/4 1289/3/4
f 1273/2/4 1274/2/4 1290/2/4
f 1289/3/4 1273/3/4 1290/3/4
f 1274/3/4 1275/3/4 1291/3/4
f 1290/2/4 1274/2/4 1291/2/4
f 1275/2/4 1276/2/4 1292/2/4
f 1291/3/4 1275/3/4 1292/3/4
f 1276/16/4 1277/16/4 1293/16/4
f 1292/2/4 1276/2/4 1293/2/4
f 1277/17/4 1278/17/4 1294/17/4
f 1293/16/4 1277/16/4 1294/16/4
f 1278/14/4 1279/14/4 1295/14/4
f 1294/17/4 1278/17/4 1295/17/4
f 1279/14/4 1280/14/4 1295/14/4
f 1295/14/4 1280/14/4 1296/14/4
f 1280/12/4 1281/12/4 1297/12/4
f 1296/14/4 1280/14/4 1297/14/4
f 1297/12/4 1281/12/4 1298/12/4
f 1225/2/4 1264/2/4 1299/2/4
f 1264/3/4 1282/3/4 1300/3/4
f 1299/2/4 1264/2/4 1300/2/4
f 1282/5/4 1283/5/4 1301/5/4
f 1300/3/4 1282/3/4 1301/3/4
f 1283/3/4 1284/3/4 1302/3/4
f 1301/5/4 1283/5/4 1302/5/4
f 1284/5/4 1285/5/4 1303/5/4
f 1302/3/4 1284/3/4 1303/3/4
f 1285/3/4 1286/3/4 1304/3/4
f 1303/5/4 1285/5/4 1304/5/4
f 1286/3/4 1287/3/4 1304/3/4
f 1304/3/4 1287/3/4 1305/3/4
f 1287/5/4 1288/5/4 1306/5/4
f 1305/3/4 1287/3/4 1306/3/4
f 1288/2/4 1272/2/4 1307/2/4
f 1306/5/4 1288/5/4 1307/5/4
f 1272/3/4 1289/3/4 1308/3/4
f 1307/2/4 1272/2/4 1308/2/4
f 1289/5/4 1290/5/4 1309/5/4
f 1308/3/4 1289/3/4 1309/3/4
f 1290/3/4 1291/3/4 1310/3/4
f 1291/2/4 1292/2/4 1310/2/4
f 1292/16/4 1293/16/4 1311/16/4
f 1310/2/4 1292/2/4 1311/2/4
f 1293/17/4 1294/17/4 1312/17/4
f 1311/16/4 1293/16/4 1312/16/4
f 1312/17/4 1294/17/4 1313/17/4
f 1294/15/4 1295/15/4 1314/15/4
f 1313/17/4 1294/17/4 1314/17/4
f 1295/14/4 1296/14/4 1315/14/4
f 1314/15/4 1295/15/4 1315/15/4
f 1296/7/4 1297/7/4 1316/7/4
f 1315/14/4 1296/14/4 1316/14/4
f 1297/14/4 1298/14/4 1317/14/4
f 1316/7/4 1297/7/4 1317/7/4
f 1317/14/4 1298/14/4 1318/14/4
f 1299/3/4 1300/3/4 1319/3/4
f 1300/5/4 1301/5/4 1320/5/4
f 1319/3/4 1300/3/4 1320/3/4
f 1301/3/4 1302/3/4 1321/3/4
f 1320/5/4 1301/5/4 1321/5/4
f 1302/3/4 1303/3/4 1321/3/4
f 1321/3/4 1303/3/4 1322/3/4
f 1303/2/4 1304/2/4 1323/2/4
f 1322/3/4 1303/3/4 1323/3/4
f 1304/4/4 1305/4/4 1324/4/4
f 1323/2/4 1304/2/4 1324/2/4
f 1305/5/4 1306/5/4 1325/5/4
f 1324/4/4 1305/4/4 1325/4/4
f 1306/2/4 1307/2/4 1326/2/4
f 1325/5/4 1306/5/4 1326/5/4
f 1307/3/4 1308/3/4 1327/3/4
f 1326/2/4 1307/2/4 1327/2/4
f 1308/5/4 1309/5/4 1328/5/4
f 1327/3/4 1308/3/4 1328/3/4
f 1309/5/4 1290/5/4 1329/5/4
f 1328/5/4 1309/5/4 1329/5/4
f 1290/3/4 1310/3/4 1330/3/4
f 1329/5/4 1290/5/4 1330/5/4
f 1310/16/4 1311/16/4 1331/16/4
f 1330/3/4 1310/3/4 1331/3/4
f 1311/17/4 1312/17/4 1332/17/4
f 1331/16/4 1311/16/4 1332/16/4
f 1312/15/4 1313/15/4 1333/15/4
f 1332/17/4 1312/17/4 1333/17/4
f 1313/13/4 1314/13/4 1334/13/4
f 1333/15/4 1313/15/4 1334/15/4
f 1314/14/4 1315/14/4 1335/14/4
f 1334/13/4 1314/13/4 1335/13/4
f 1315/6/4 1316/6/4 1336/6/4
f 1335/14/4 1315/14/4 1336/14/4
f 1316/9/4 1317/9/4 1337/9/4
f 1336/6/4 1316/6/4 1337/6/4
f 1317/18/4 1318/18/4 1338/18/4
f 1337/9/4 1317/9/4 1338/9/4
f 1338/18/4 1318/18/4 1339/18/4
f 1319/2/4 1320/2/4 1340/2/4
f 1320/2/4 1321/2/4 1340/2/4
f 1340/2/4 1321/2/4 1341/2/4
f 1321/3/4 1322/3/4 1342/3/4
f 1341/2/4 1321/2/4 1342/2/4
f 1322/5/4 1323/5/4 1343/5/4
f 1342/3/4 1322/3/4 1343/3/4
f 1323/3/4 1324/3/4 1344/3/4
f 1343/5/4 1323/5/4 1344/5/4
f 1324/2/4 1325/2/4 1345/2/4
f 1344/3/4 1324/3/4 1345/3/4
f 1325/5/4 1326/5/4 1346/5/4
f 1345/2/4 1325/2/4 1346/2/4
f 1326/3/4 1327/3/4 1347/3/4
f 1346/5/4 1326/5/4 1347/5/4
f 1327/2/4 1328/2/4 1348/2/4
f 1347/3/4 1327/3/4 1348/3/4
f 1328/2/4 1329/2/4 1348/2/4
f 1348/2/4 1329/2/4 1349/2/4
f 1329/3/4 1330/3/4 1350/3/4
f 1349/2/4 1329/2/4 1350/2/4
f 1330/5/4 1331/5/4 1351/5/4
f 1350/3/4 1330/3/4 1351/3/4
f 1331/3/4 1332/3/4 1352/3/4
f 1351/5/4 1331/5/4 1352/5/4
f 1332/16/4 1333/16/4 1353/16/4
f 1352/3/4 1332/3/4 1353/3/4
f 1334/15/4 1335/15/4 1354/15/4
f 1353/16/4 1333/16/4 1354/16/4
f 1333/15/4 1334/15/4 1354/15/4
f 1354/15/4 1335/15/4 1355/15/4
f 1335/13/4 1336/13/4 1356/13/4
f 1355/15/4 1335/15/4 1356/15/4
f 1336/14/4 1337/14/4 1357/14/4
f 1356/13/4 1336/13/4 1357/13/4
f 1337/8/4 1338/8/4 1358/8/4
f 1357/14/4 1337/14/4 1358/14/4
f 1338/12/4 1339/12/4 1359/12/4
f 1358/8/4 1338/8/4 1359/8/4
f 1359/12/4 1339/12/4 1360/12/4
f 1340/3/4 1341/3/4 1361/3/4
f 1342/2/4 1343/2/4 1362/2/4
f 1361/3/4 1341/3/4 1362/3/4
f 1341/2/4 1342/2/4 1362/2/4
f 1362/2/4 1343/2/4 1363/2/4
f 1343/3/4 1344/3/4 1364/3/4
f 1363/2/4 1343/2/4 1364/2/4
f 1344/4/4 1345/4/4 1365/4/4
f 1364/3/4 1344/3/4 1365/3/4
f 1345/5/4 1346/5/4 1366/5/4
f 1365/4/4 1345/4/4 1366/4/4
f 1346/3/4 1347/3/4 1367/3/4
f 1366/5/4 1346/5/4 1367/5/4
f 1347/4/4 1348/4/4 1368/4/4
f 1367/3/4 1347/3/4 1368/3/4
f 1348/3/4 1349/3/4 1369/3/4
f 1368/4/4 1348/4/4 1369/4/4
f 1350/2/4 1351/2/4 1370/2/4
f 1369/3/4 1349/3/4 1370/3/4
f 1349/2/4 1350/2/4 1370/2/4
f 1370/2/4 1351/2/4 1371/2/4
f 1351/3/4 1352/3/4 1372/3/4
f 1371/2/4 1351/2/4 1372/2/4
f 1352/4/4 1353/4/4 1373/4/4
f 1372/3/4 1352/3/4 1373/3/4
f 1353/5/4 1354/5/4 1374/5/4
f 1373/4/4 1353/4/4 1374/4/4
f 1354/3/4 1355/3/4 1375/3/4
f 1374/5/4 1354/5/4 1375/5/4
f 1355/16/4 1356/16/4 1376/16/4
f 1375/3/4 1355/3/4 1376/3/4
f 1356/15/4 1357/15/4 1377/15/4
f 1376/16/4 1356/16/4 1377/16/4
f 1357/13/4 1358/13/4 1378/13/4
f 1377/15/4 1357/15/4 1378/15/4
f 1359/14/4 1360/14/4 1379/14/4
f 1378/13/4 1358/13/4 1379/13/4
f 1358/14/4 1359/14/4 1379/14/4
f 1362/3/4 1363/3/4 1380/3/4
f 1361/2/4 1362/2/4 1380/2/4
f 1363/5/4 1364/5/4 1381/5/4
f 1380/3/4 1363/3/4 1381/3/4
f 1365/2/4 1366/2/4 1382/2/4
f 1381/5/4 1364/5/4 1382/5/4
f 1364/2/4 1365/2/4 1382/2/4
f 1382/2/4 1366/2/4 1383/2/4
f 1366/3/4 1367/3/4 1384/3/4
f 1383/2/4 1366/2/4 1384/2/4
f 1367/2/4 1368/2/4 1385/2/4
f 1384/3/4 1367/3/4 1385/3/4
f 1369/2/4 1370/2/4 1385/2/4
f 1368/2/4 1369/2/4 1385/2/4
f 1385/2/4 1370/2/4 1386/2/4
f 1370/3/4 1371/3/4 1387/3/4
f 1386/2/4 1370/2/4 1387/2/4
f 1371/5/4 1372/5/4 1388/5/4
f 1387/3/4 1371/3/4 1388/3/4
f 1372/2/4 1373/2/4 1389/2/4
f 1388/5/4 1372/5/4 1389/5/4
f 1374/3/4 1375/3/4 1390/3/4
f 1389/2/4 1373/2/4 1390/2/4
f 1373/3/4 1374/3/4 1390/3/4
f 1390/3/4 1375/3/4 1391/3/4
f 1375/5/4 1376/5/4 1392/5/4
f 1391/3/4 1375/3/4 1392/3/4
f 1376/3/4 1377/3/4 1393/3/4
f 1392/5/4 1376/5/4 1393/5/4
f 1377/16/4 1378/16/4 1394/16/4
f 1393/3/4 1377/3/4 1394/3/4
f 1378/15/4 1379/15/4 1395/15/4
f 1394/16/4 1378/16/4 1395/16/4
f 1379/14/4 1360/14/4 1396/14/4
f 1395/15/4 1379/15/4 1396/15/4
f 1396/14/4 1360/14/4 1397/14/4
f 1361/2/4 1380/2/4 1398/2/4
f 1380/5/4 1381/5/4 1399/5/4
f 1398/2/4 1380/2/4 1399/2/4
f 1381/2/4 1382/2/4 1400/2/4
f 1399/5/4 1381/5/4 1400/5/4
f 1382/2/4 1383/2/4 1400/2/4
f 1383/3/4 1384/3/4 1401/3/4
f 1400/2/4 1383/2/4 1401/2/4
f 1385/2/4 1386/2/4 1402/2/4
f 1401/3/4 1384/3/4 1402/3/4
f 1384/2/4 1385/2/4 1402/2/4
f 1402/2/4 1386/2/4 1403/2/4
f 1386/3/4 1387/3/4 1404/3/4
f 1403/2/4 1386/2/4 1404/2/4
f 1404/3/4 1387/3/4 1405/3/4
f 1387/5/4 1388/5/4 1406/5/4
f 1405/3/4 1387/3/4 1406/3/4
f 1388/2/4 1389/2/4 1407/2/4
f 1406/5/4 1388/5/4 1407/5/4
f 1389/2/4 1390/2/4 1407/2/4
f 1390/5/4 1391/5/4 1408/5/4
f 1407/2/4 1390/2/4 1408/2/4
f 1391/4/4 1392/4/4 1409/4/4
f 1408/5/4 1391/5/4 1409/5/4
f 1392/3/4 1393/3/4 1410/3/4
f 1409/4/4 1392/4/4 1410/4/4
f 1393/3/4 1394/3/4 1410/3/4
f 1410/3/4 1394/3/4 1411/3/4
f 1394/2/4 1395/2/4 1412/2/4
f 1411/3/4 1394/3/4 1412/3/4
f 1395/16/4 1396/16/4 1413/16/4
f 1412/2/4 1395/2/4 1413/2/4
f 1396/15/4 1397/15/4 1414/15/4
f 1413/16/4 1396/16/4 1414/16/4
f 1397/14/4 1360/14/4 1415/14/4
f 1414/15/4 1397/15/4 1415/15/4
f 1398/3/4 1399/3/4 1416/3/4
f 1399/2/4 1400/2/4 1417/2/4
f 1416/3/4 1399/3/4 1417/3/4
f 1400/3/4 1401/3/4 1418/3/4
f 1402/5/4 1403/5/4 1419/5/4
f 1418/3/4 1401/3/4 1419/3/4
f 1401/5/4 1402/5/4 1419/5/4
f 1419/5/4 1403/5/4 1420/5/4
f 1403/3/4 1404/3/4 1421/3/4
f 1420/5/4 1403/5/4 1421/5/4
f 1404/5/4 1405/5/4 1422/5/4
f 1421/3/4 1404/3/4 1422/3/4
f 1405/3/4 1406/3/4 1423/3/4
f 1422/5/4 1405/5/4 1423/5/4
f 1407/3/4 1408/3/4 1424/3/4
f 1408/4/4 1409/4/4 1425/4/4
f 1424/3/4 1408/3/4 1425/3/4
f 1409/3/4 1410/3/4 1426/3/4
f 1425/4/4 1409/4/4 1426/4/4
f 1410/2/4 1411/2/4 1427/2/4
f 1426/3/4 1410/3/4 1427/3/4
f 1412/16/4 1413/16/4 1428/16/4
f 1427/2/4 1411/2/4 1428/2/4
f 1411/16/4 1412/16/4 1428/16/4
f 1413/17/4 1414/17/4 1429/17/4
f 1428/16/4 1413/16/4 1429/16/4
f 1414/14/4 1415/14/4 1430/14/4
f 1429/17/4 1414/17/4 1430/17/4
f 1415/14/4 1360/14/4 1431/14/4
f 1430/14/4 1415/14/4 1431/14/4
f 1431/14/4 1360/14/4 1432/14/4
f 1416/5/4 1417/5/4 1433/5/4
f 1417/2/4 1400/2/4 1434/2/4
f 1433/5/4 1417/5/4 1434/5/4
f 1400/3/4 1418/3/4 1435/3/4
f 1434/2/4 1400/2/4 1435/2/4
f 1418/5/4 1419/5/4 1436/5/4
f 1435/3/4 1418/3/4 1436/3/4
f 1419/2/4 1420/2/4 1437/2/4
f 1436/5/4 1419/5/4 1437/5/4
f 1420/3/4 1421/3/4 1438/3/4
f 1437/2/4 1420/2/4 1438/2/4
f 1421/5/4 1422/5/4 1439/5/4
f 1438/3/4 1421/3/4 1439/3/4
f 1422/2/4 1423/2/4 1440/2/4
f 1439/5/4 1422/5/4 1440/5/4
f 1423/3/4 1406/3/4 1441/3/4
f 1440/2/4 1423/2/4 1441/2/4
f 1406/2/4 1407/2/4 1442/2/4
f 1441/3/4 1406/3/4 1442/3/4
f 1407/3/4 1424/3/4 1443/3/4
f 1442/2/4 1407/2/4 1443/2/4
f 1424/5/4 1425/5/4 1444/5/4
f 1443/3/4 1424/3/4 1444/3/4
f 1425/3/4 1426/3/4 1445/3/4
f 1444/5/4 1425/5/4 1445/5/4
f 1426/2/4 1427/2/4 1446/2/4
f 1445/3/4 1426/3/4 1446/3/4
f 1427/16/4 1428/16/4 1447/16/4
f 1446/2/4 1427/2/4 1447/2/4
f 1428/17/4 1429/17/4 1448/17/4
f 1447/16/4 1428/16/4 1448/16/4
f 1448/17/4 1429/17/4 1449/17/4
f 1429/14/4 1430/14/4 1450/14/4
f 1449/17/4 1429/17/4 1450/17/4
f 1430/14/4 1431/14/4 1450/14/4
f 1450/14/4 1431/14/4 1451/14/4
f 1431/7/4 1432/7/4 1452/7/4
f 1451/14/4 1431/14/4 1452/14/4
f 1452/7/4 1432/7/4 1453/7/4
f 1433/3/4 1434/3/4 1454/3/4
f 1435/5/4 1436/5/4 1454/5/4
f 1434/3/4 1435/3/4 1454/3/4
f 1436/4/4 1437/4/4 1455/4/4
f 1454/5/4 1436/5/4 1455/5/4
f 1437/3/4 1438/3/4 1456/3/4
f 1455/4/4 1437/4/4 1456/4/4
f 1438/2/4 1439/2/4 1457/2/4
f 1456/3/4 1438/3/4 1457/3/4
f 1439/4/4 1440/4/4 1458/4/4
f 1457/2/4 1439/2/4 1458/2/4
f 1440/3/4 1441/3/4 1459/3/4
f 1458/4/4 1440/4/4 1459/4/4
f 1441/2/4 1442/2/4 1460/2/4
f 1459/3/4 1441/3/4 1460/3/4
f 1443/5/4 1444/5/4 1461/5/4
f 1442/3/4 1443/3/4 1461/3/4
f 1444/4/4 1445/4/4 1462/4/4
f 1461/5/4 1444/5/4 1462/5/4
f 1445/5/4 1446/5/4 1463/5/4
f 1462/4/4 1445/4/4 1463/4/4
f 1446/5/4 1447/5/4 1463/5/4
f 1463/5/4 1447/5/4 1464/5/4
f 1447/2/4 1448/2/4 1465/2/4
f 1464/5/4 1447/5/4 1465/5/4
f 1448/16/4 1449/16/4 1466/16/4
f 1465/2/4 1448/2/4 1466/2/4
f 1449/15/4 1450/15/4 1467/15/4
f 1466/16/4 1449/16/4 1467/16/4
f 1450/14/4 1451/14/4 1468/14/4
f 1467/15/4 1450/15/4 1468/15/4
f 1451/6/4 1452/6/4 1469/6/4
f 1468/14/4 1451/14/4 1469/14/4
f 1452/9/4 1453/9/4 1470/9/4
f 1469/6/4 1452/6/4 1470/6/4
f 1470/9/4 1453/9/4 1471/9/4
f 1433/3/4 1454/3/4 1472/3/4
f 1472/3/4 1454/3/4 1473/3/4
f 1454/2/4 1455/2/4 1474/2/4
f 1473/3/4 1454/3/4 1474/3/4
f 1455/3/4 1456/3/4 1475/3/4
f 1474/2/4 1455/2/4 1475/2/4
f 1456/5/4 1457/5/4 1476/5/4
f 1475/3/4 1456/3/4 1476/3/4
f 1457/2/4 1458/2/4 1477/2/4
f 1476/5/4 1457/5/4 1477/5/4
f 1458/3/4 1459/3/4 1478/3/4
f 1477/2/4 1458/2/4 1478/2/4
f 1459/5/4 1460/5/4 1479/5/4
f 1478/3/4 1459/3/4 1479/3/4
f 1460/2/4 1442/2/4 1480/2/4
f 1479/5/4 1460/5/4 1480/5/4
f 1442/3/4 1461/3/4 1481/3/4
f 1480/2/4 1442/2/4 1481/2/4
f 1461/2/4 1462/2/4 1482/2/4
f 1481/3/4 1461/3/4 1482/3/4
f 1463/3/4 1464/3/4 1483/3/4
f 1482/2/4 1462/2/4 1483/2/4
f 1462/3/4 1463/3/4 1483/3/4
f 1483/3/4 1464/3/4 1484/3/4
f 1464/16/4 1465/16/4 1485/16/4
f 1484/3/4 1464/3/4 1485/3/4
f 1465/17/4 1466/17/4 1486/17/4
f 1485/16/4 1465/16/4 1486/16/4
f 1466/15/4 1467/15/4 1487/15/4
f 1486/17/4 1466/17/4 1487/17/4
f 1468/14/4 1469/14/4 1488/14/4
f 1487/15/4 1467/15/4 1488/15/4
f 1467/14/4 1468/14/4 1488/14/4
f 1488/14/4 1469/14/4 1489/14/4
f 1469/7/4 1470/7/4 1490/7/4
f 1489/14/4 1469/14/4 1490/14/4
f 1470/8/4 1471/8/4 1491/8/4
f 1490/7/4 1470/7/4 1491/7/4
f 1491/8/4 1471/8/4 1492/8/4
f 1472/5/4 1473/5/4 1493/5/4
f 1473/2/4 1474/2/4 1494/2/4
f 1493/5/4 1473/5/4 1494/5/4
f 1474/3/4 1475/3/4 1495/3/4
f 1475/2/4 1476/2/4 1495/2/4
f 1476/4/4 1477/4/4 1496/4/4
f 1495/2/4 1476/2/4 1496/2/4
f 1477/4/4 1478/4/4 1496/4/4
f 1496/4/4 1478/4/4 1497/4/4
f 1478/2/4 1479/2/4 1498/2/4
f 1497/4/4 1478/4/4 1498/4/4
f 1479/4/4 1480/4/4 1499/4/4
f 1498/2/4 1479/2/4 1499/2/4
f 1480/3/4 1481/3/4 1500/3/4
f 1499/4/4 1480/4/4 1500/4/4
f 1481/2/4 1482/2/4 1501/2/4
f 1500/3/4 1481/3/4 1501/3/4
f 1483/2/4 1484/2/4 1502/2/4
f 1482/3/4 1483/3/4 1502/3/4
f 1484/16/4 1485/16/4 1503/16/4
f 1502/2/4 1484/2/4 1503/2/4
f 1485/17/4 1486/17/4 1504/17/4
f 1503/16/4 1485/16/4 1504/16/4
f 1486/15/4 1487/15/4 1505/15/4
f 1504/17/4 1486/17/4 1505/17/4
f 1487/13/4 1488/13/4 1506/13/4
f 1505/15/4 1487/15/4 1506/15/4
f 1488/14/4 1489/14/4 1507/14/4
f 1506/13/4 1488/13/4 1507/13/4
f 1489/6/4 1490/6/4 1508/6/4
f 1507/14/4 1489/14/4 1508/14/4
f 1490/9/4 1491/9/4 1509/9/4
f 1508/6/4 1490/6/4 1509/6/4
f 1491/18/4 1492/18/4 1510/18/4
f 1509/9/4 1491/9/4 1510/9/4
f 1510/18/4 1492/18/4 1511/18/4
f 1493/3/4 1494/3/4 1512/3/4
f 1494/2/4 1474/2/4 1513/2/4
f 1512/3/4 1494/3/4 1513/3/4
f 1496/3/4 1497/3/4 1514/3/4
f 1513/2/4 1474/2/4 1514/2/4
f 1474/3/4 1495/3/4 1514/3/4
f 1495/3/4 1496/3/4 1514/3/4
f 1514/3/4 1497/3/4 1515/3/4
f 1515/3/4 1497/3/4 1516/3/4
f 1497/2/4 1498/2/4 1517/2/4
f 1516/3/4 1497/3/4 1517/3/4
f 1498/3/4 1499/3/4 1518/3/4
f 1517/2/4 1498/2/4 1518/2/4
f 1499/3/4 1500/3/4 1518/3/4
f 1518/3/4 1500/3/4 1519/3/4
f 1500/2/4 1501/2/4 1520/2/4
f 1519/3/4 1500/3/4 1520/3/4
f 1501/2/4 1482/2/4 1521/2/4
f 1520/2/4 1501/2/4 1521/2/4
f 1503/3/4 1504/3/4 1522/3/4
f 1521/2/4 1482/2/4 1522/2/4
f 1482/3/4 1502/3/4 1522/3/4
f 1502/3/4 1503/3/4 1522/3/4
f 1522/3/4 1504/3/4 1523/3/4
f 1504/16/4 1505/16/4 1524/16/4
f 1523/3/4 1504/3/4 1524/3/4
f 1505/15/4 1506/15/4 1525/15/4
f 1524/16/4 1505/16/4 1525/16/4
f 1506/15/4 1507/15/4 1525/15/4
f 1507/13/4 1508/13/4 1526/13/4
f 1525/15/4 1507/15/4 1526/15/4
f 1508/14/4 1509/14/4 1527/14/4
f 1526/13/4 1508/13/4 1527/13/4
f 1509/8/4 1510/8/4 1528/8/4
f 1527/14/4 1509/14/4 1528/14/4
f 1510/14/4 1511/14/4 1529/14/4
f 1528/8/4 1510/8/4 1529/8/4
f 1512/2/4 1513/2/4 1530/2/4
f 1514/3/4 1515/3/4 1530/3/4
f 1513/3/4 1514/3/4 1530/3/4
f 1530/3/4 1515/3/4 1531/3/4
f 1515/5/4 1516/5/4 1532/5/4
f 1531/3/4 1515/3/4 1532/3/4
f 1516/2/4 1517/2/4 1533/2/4
f 1532/5/4 1516/5/4 1533/5/4
f 1517/3/4 1518/3/4 1534/3/4
f 1533/2/4 1517/2/4 1534/2/4
f 1518/5/4 1519/5/4 1535/5/4
f 1534/3/4 1518/3/4 1535/3/4
f 1519/2/4 1520/2/4 1536/2/4
f 1535/5/4 1519/5/4 1536/5/4
f 1520/2/4 1521/2/4 1536/2/4
f 1536/2/4 1521/2/4 1537/2/4
f 1521/3/4 1522/3/4 1538/3/4
f 1537/2/4 1521/2/4 1538/2/4
f 1522/3/4 1523/3/4 1538/3/4
f 1538/3/4 1523/3/4 1539/3/4
f 1523/5/4 1524/5/4 1540/5/4
f 1539/3/4 1523/3/4 1540/3/4
f 1524/5/4 1525/5/4 1540/5/4
f 1540/5/4 1525/5/4 1541/5/4
f 1541/5/4 1525/5/4 1542/5/4
f 1525/16/4 1526/16/4 1543/16/4
f 1542/5/4 1525/5/4 1543/5/4
f 1543/16/4 1526/16/4 1544/16/4
f 1526/15/4 1527/15/4 1545/15/4
f 1544/16/4 1526/16/4 1545/16/4
f 1527/13/4 1528/13/4 1546/13/4
f 1545/15/4 1527/15/4 1546/15/4
f 1528/14/4 1529/14/4 1547/14/4
f 1546/13/4 1528/13/4 1547/13/4
f 1530/2/4 1531/2/4 1548/2/4
f 1512/2/4 1530/2/4 1548/2/4
f 1548/2/4 1531/2/4 1549/2/4
f 1531/5/4 1532/5/4 1550/5/4
f 1549/2/4 1531/2/4 1550/2/4
f 1532/2/4 1533/2/4 1551/2/4
f 1550/5/4 1532/5/4 1551/5/4
f 1533/4/4 1534/4/4 1552/4/4
f 1551/2/4 1533/2/4 1552/2/4
f 1534/5/4 1535/5/4 1553/5/4
f 1552/4/4 1534/4/4 1553/4/4
f 1535/2/4 1536/2/4 1554/2/4
f 1553/5/4 1535/5/4 1554/5/4
f 1536/4/4 1537/4/4 1555/4/4
f 1554/2/4 1536/2/4 1555/2/4
f 1537/3/4 1538/3/4 1556/3/4
f 1555/4/4 1537/4/4 1556/4/4
f 1538/2/4 1539/2/4 1557/2/4
f 1539/5/4 1540/5/4 1557/5/4
f 1540/2/4 1541/2/4 1558/2/4
f 1557/5/4 1540/5/4 1558/5/4
f 1541/3/4 1542/3/4 1559/3/4
f 1558/2/4 1541/2/4 1559/2/4
f 1542/4/4 1543/4/4 1560/4/4
f 1559/3/4 1542/3/4 1560/3/4
f 1543/3/4 1544/3/4 1561/3/4
f 1560/4/4 1543/4/4 1561/4/4
f 1544/2/4 1545/2/4 1562/2/4
f 1561/3/4 1544/3/4 1562/3/4
f 1545/16/4 1546/16/4 1563/16/4
f 1562/2/4 1545/2/4 1563/2/4
f 1546/15/4 1547/15/4 1564/15/4
f 1563/16/4 1546/16/4 1564/16/4
f 1547/14/4 1529/14/4 1565/14/4
f 1564/15/4 1547/15/4 1565/15/4
f 1529/14/4 1511/14/4 1566/14/4
f 1565/14/4 1529/14/4 1566/14/4
f 1548/3/4 1549/3/4 1567/3/4
f 1549/2/4 1550/2/4 1568/2/4
f 1567/3/4 1549/3/4 1568/3/4
f 1550/2/4 1551/2/4 1568/2/4
f 1551/3/4 1552/3/4 1569/3/4
f 1568/2/4 1551/2/4 1569/2/4
f 1552/5/4 1553/5/4 1570/5/4
f 1569/3/4 1552/3/4 1570/3/4
f 1553/3/4 1554/3/4 1571/3/4
f 1570/5/4 1553/5/4 1571/5/4
f 1554/3/4 1555/3/4 1571/3/4
f 1555/5/4 1556/5/4 1572/5/4
f 1571/3/4 1555/3/4 1572/3/4
f 1556/3/4 1538/3/4 1573/3/4
f 1572/5/4 1556/5/4 1573/5/4
f 1557/2/4 1558/2/4 1574/2/4
f 1573/3/4 1538/3/4 1574/3/4
f 1538/2/4 1557/2/4 1574/2/4
f 1558/3/4 1559/3/4 1575/3/4
f 1574/2/4 1558/2/4 1575/2/4
f 1559/5/4 1560/5/4 1576/5/4
f 1575/3/4 1559/3/4 1576/3/4
f 1560/3/4 1561/3/4 1577/3/4
f 1576/5/4 1560/5/4 1577/5/4
f 1561/2/4 1562/2/4 1578/2/4
f 1577/3/4 1561/3/4 1578/3/4
f 1562/16/4 1563/16/4 1579/16/4
f 1578/2/4 1562/2/4 1579/2/4
f 1563/17/4 1564/17/4 1580/17/4
f 1579/16/4 1563/16/4 1580/16/4
f 1564/15/4 1565/15/4 1581/15/4
f 1580/17/4 1564/17/4 1581/17/4
f 1565/13/4 1566/13/4 1582/13/4
f 1581/15/4 1565/15/4 1582/15/4
f 1566/14/4 1511/14/4 1583/14/4
f 1582/13/4 1566/13/4 1583/13/4
f 1583/14/4 1511/14/4 1584/14/4
f 1599/2/5 1587/2/5 1586/2/5
f 1600/3/5 1588/3/5 1587/3/5
f 1600/2/5 1587/2/5 1599/2/5
f 1601/5/5 1589/5/5 1588/5/5
f 1601/3/5 1588/3/5 1600/3/5
f 1602/3/5 1590/3/5 1589/3/5
f 1602/5/5 1589/5/5 1601/5/5
f 1603/3/5 1590/3/5 1602/3/5
f 1604/5/5 1591/5/5 1590/5/5
f 1604/3/5 1590/3/5 1603/3/5
f 1605/3/5 1592/3/5 1591/3/5
f 1605/5/5 1591/5/5 1604/5/5
f 1606/2/5 1593/2/5 1592/2/5
f 1607/3/5 1594/3/5 1593/3/5
f 1607/2/5 1593/2/5 1606/2/5
f 1608/2/5 1595/2/5 1594/2/5
f 1608/3/5 1594/3/5 1607/3/5
f 1609/3/5 1596/3/5 1595/3/5
f 1609/2/5 1595/2/5 1608/2/5
f 1610/2/5 1597/2/5 1596/2/5
f 1610/3/5 1596/3/5 1609/3/5
f 1611/2/5 1597/2/5 1610/2/5
f 1612/2/5 1597/2/5 1611/2/5
f 1613/3/5 1598/3/5 1597/3/5
f 1613/2/5 1597/2/5 1612/2/5
f 1614/3/5 1598/3/5 1613/3/5
f 1615/3/5 1586/3/5 1585/3/5
f 1616/2/5 1599/2/5 1586/2/5
f 1616/3/5 1586/3/5 1615/3/5
f 1617/3/5 1600/3/5 1599/3/5
f 1617/2/5 1599/2/5 1616/2/5
f 1618/4/5 1601/4/5 1600/4/5
f 1618/3/5 1600/3/5 1617/3/5
f 1619/3/5 1602/3/5 1601/3/5
f 1619/4/5 1601/4/5 1618/4/5
f 1620/2/5 1603/2/5 1602/2/5
f 1620/3/5 1602/3/5 1619/3/5
f 1621/4/5 1604/4/5 1603/4/5
f 1621/2/5 1603/2/5 1620/2/5
f 1622/3/5 1605/3/5 1604/3/5
f 1622/4/5 1604/4/5 1621/4/5
f 1623/3/5 1592/3/5 1605/3/5
f 1623/3/5 1605/3/5 1622/3/5
f 1624/2/5 1606/2/5 1592/2/5
f 1624/3/5 1592/3/5 1623/3/5
f 1625/3/5 1607/3/5 1606/3/5
f 1625/2/5 1606/2/5 1624/2/5
f 1626/2/5 1608/2/5 1607/2/5
f 1626/3/5 1607/3/5 1625/3/5
f 1626/2/5 1609/2/5 1608/2/5
f 1627/2/5 1609/2/5 1626/2/5
f 1628/5/5 1610/5/5 1609/5/5
f 1628/2/5 1609/2/5 1627/2/5
f 1629/3/5 1611/3/5 1610/3/5
f 1629/5/5 1610/5/5 1628/5/5
f 1630/3/5 1611/3/5 1629/3/5
f 1631/2/5 1612/2/5 1611/2/5
f 1631/3/5 1611/3/5 1630/3/5
f 1632/2/5 1614/2/5 1613/2/5
f 1632/3/5 1613/3/5 1612/3/5
f 1633/2/5 1614/2/5 1632/2/5
f 1634/2/5 1616/2/5 1615/2/5
f 1634/3/5 1617/3/5 1616/3/5
f 1634/3/5 1618/3/5 1617/3/5
f 1635/2/5 1619/2/5 1618/2/5
f 1635/3/5 1618/3/5 1634/3/5
f 1636/4/5 1620/4/5 1619/4/5
f 1636/2/5 1619/2/5 1635/2/5
f 1637/5/5 1621/5/5 1620/5/5
f 1637/4/5 1620/4/5 1636/4/5
f 1638/2/5 1622/2/5 1621/2/5
f 1638/5/5 1621/5/5 1637/5/5
f 1639/4/5 1623/4/5 1622/4/5
f 1639/2/5 1622/2/5 1638/2/5
f 1640/2/5 1624/2/5 1623/2/5
f 1640/4/5 1623/4/5 1639/4/5
f 1641/3/5 1625/3/5 1624/3/5
f 1641/2/5 1624/2/5 1640/2/5
f 1642/5/5 1626/5/5 1625/5/5
f 1642/3/5 1625/3/5 1641/3/5
f 1643/2/5 1627/2/5 1626/2/5
f 1643/5/5 1626/5/5 1642/5/5
f 1644/3/5 1628/3/5 1627/3/5
f 1644/2/5 1627/2/5 1643/2/5
f 1644/3/5 1629/3/5 1628/3/5
f 1645/3/5 1629/3/5 1644/3/5
f 1646/5/5 1630/5/5 1629/5/5
f 1646/3/5 1629/3/5 1645/3/5
f 1647/2/5 1631/2/5 1630/2/5
f 1647/5/5 1630/5/5 1646/5/5
f 1648/2/5 1612/2/5 1631/2/5
f 1648/2/5 1631/2/5 1647/2/5
f 1649/3/5 1633/3/5 1632/3/5
f 1649/2/5 1612/2/5 1648/2/5
f 1649/3/5 1632/3/5 1612/3/5
f 1650/3/5 1633/3/5 1649/3/5
f 1651/2/5 1614/2/5 1633/2/5
f 1651/3/5 1633/3/5 1650/3/5
f 1652/2/5 1614/2/5 1651/2/5
f 1653/2/5 1634/2/5 1615/2/5
f 1653/2/5 1635/2/5 1634/2/5
f 1654/2/5 1635/2/5 1653/2/5
f 1655/4/5 1636/4/5 1635/4/5
f 1655/2/5 1635/2/5 1654/2/5
f 1656/2/5 1637/2/5 1636/2/5
f 1656/4/5 1636/4/5 1655/4/5
f 1657/4/5 1638/4/5 1637/4/5
f 1657/2/5 1637/2/5 1656/2/5
f 1658/3/5 1639/3/5 1638/3/5
f 1658/4/5 1638/4/5 1657/4/5
f 1659/2/5 1640/2/5 1639/2/5
f 1659/3/5 1639/3/5 1658/3/5
f 1660/3/5 1641/3/5 1640/3/5
f 1660/2/5 1640/2/5 1659/2/5
f 1661/2/5 1642/2/5 1641/2/5
f 1661/3/5 1641/3/5 1660/3/5
f 1661/2/5 1643/2/5 1642/2/5
f 1662/2/5 1643/2/5 1661/2/5
f 1663/3/5 1644/3/5 1643/3/5
f 1663/2/5 1643/2/5 1662/2/5
f 1664/5/5 1645/5/5 1644/5/5
f 1664/3/5 1644/3/5 1663/3/5
f 1665/3/5 1647/3/5 1646/3/5
f 1665/5/5 1645/5/5 1664/5/5
f 1665/3/5 1646/3/5 1645/3/5
f 1666/3/5 1647/3/5 1665/3/5
f 1667/2/5 1648/2/5 1647/2/5
f 1667/3/5 1647/3/5 1666/3/5
f 1668/4/5 1649/4/5 1648/4/5
f 1668/2/5 1648/2/5 1667/2/5
f 1669/2/5 1650/2/5 1649/2/5
f 1669/4/5 1649/4/5 1668/4/5
f 1670/4/5 1651/4/5 1650/4/5
f 1670/2/5 1650/2/5 1669/2/5
f 1671/3/5 1652/3/5 1651/3/5
f 1671/4/5 1651/4/5 1670/4/5
f 1672/3/5 1652/3/5 1671/3/5
f 1673/2/5 1655/2/5 1654/2/5
f 1673/2/5 1656/2/5 1655/2/5
f 1673/3/5 1654/3/5 1653/3/5
f 1674/2/5 1656/2/5 1673/2/5
f 1675/3/5 1657/3/5 1656/3/5
f 1675/2/5 1656/2/5 1674/2/5
f 1676/5/5 1658/5/5 1657/5/5
f 1676/3/5 1657/3/5 1675/3/5
f 1677/2/5 1659/2/5 1658/2/5
f 1677/5/5 1658/5/5 1676/5/5
f 1678/3/5 1660/3/5 1659/3/5
f 1678/2/5 1659/2/5 1677/2/5
f 1679/2/5 1661/2/5 1660/2/5
f 1679/3/5 1660/3/5 1678/3/5
f 1680/2/5 1663/2/5 1662/2/5
f 1680/3/5 1662/3/5 1661/3/5
f 1681/4/5 1664/4/5 1663/4/5
f 1681/2/5 1663/2/5 1680/2/5
f 1682/3/5 1665/3/5 1664/3/5
f 1682/4/5 1664/4/5 1681/4/5
f 1683/2/5 1666/2/5 1665/2/5
f 1683/3/5 1665/3/5 1682/3/5
f 1684/5/5 1667/5/5 1666/5/5
f 1684/2/5 1666/2/5 1683/2/5
f 1685/3/5 1668/3/5 1667/3/5
f 1685/5/5 1667/5/5 1684/5/5
f 1686/2/5 1669/2/5 1668/2/5
f 1686/3/5 1668/3/5 1685/3/5
f 1687/4/5 1670/4/5 1669/4/5
f 1687/2/5 1669/2/5 1686/2/5
f 1688/3/5 1671/3/5 1670/3/5
f 1688/4/5 1670/4/5 1687/4/5
f 1689/5/5 1672/5/5 1671/5/5
f 1689/3/5 1671/3/5 1688/3/5
f 1690/5/5 1672/5/5 1689/5/5
f 1691/2/5 1653/2/5 1615/2/5
f 1692/3/5 1673/3/5 1653/3/5
f 1692/2/5 1653/2/5 1691/2/5
f 1693/5/5 1674/5/5 1673/5/5
f 1693/3/5 1673/3/5 1692/3/5
f 1694/3/5 1675/3/5 1674/3/5
f 1694/5/5 1674/5/5 1693/5/5
f 1695/5/5 1676/5/5 1675/5/5
f 1695/3/5 1675/3/5 1694/3/5
f 1696/3/5 1677/3/5 1676/3/5
f 1696/5/5 1676/5/5 1695/5/5
f 1696/3/5 1678/3/5 1677/3/5
f 1697/3/5 1678/3/5 1696/3/5
f 1698/5/5 1679/5/5 1678/5/5
f 1698/3/5 1678/3/5 1697/3/5
f 1699/2/5 1661/2/5 1679/2/5
f 1699/5/5 1679/5/5 1698/5/5
f 1700/3/5 1680/3/5 1661/3/5
f 1700/2/5 1661/2/5 1699/2/5
f 1700/3/5 1681/3/5 1680/3/5
f 1701/3/5 1681/3/5 1700/3/5
f 1702/5/5 1682/5/5 1681/5/5
f 1702/3/5 1681/3/5 1701/3/5
f 1703/2/5 1683/2/5 1682/2/5
f 1703/5/5 1682/5/5 1702/5/5
f 1704/4/5 1684/4/5 1683/4/5
f 1704/2/5 1683/2/5 1703/2/5
f 1705/3/5 1685/3/5 1684/3/5
f 1705/4/5 1684/4/5 1704/4/5
f 1706/5/5 1686/5/5 1685/5/5
f 1706/3/5 1685/3/5 1705/3/5
f 1707/4/5 1687/4/5 1686/4/5
f 1707/5/5 1686/5/5 1706/5/5
f 1708/5/5 1688/5/5 1687/5/5
f 1708/4/5 1687/4/5 1707/4/5
f 1709/2/5 1689/2/5 1688/2/5
f 1709/5/5 1688/5/5 1708/5/5
f 1710/3/5 1690/3/5 1689/3/5
f 1710/2/5 1689/2/5 1709/2/5
f 1711/3/5 1692/3/5 1691/3/5
f 1712/5/5 1693/5/5 1692/5/5
f 1712/3/5 1692/3/5 1711/3/5
f 1713/3/5 1695/3/5 1694/3/5
f 1713/5/5 1693/5/5 1712/5/5
f 1713/3/5 1694/3/5 1693/3/5
f 1714/3/5 1695/3/5 1713/3/5
f 1715/2/5 1696/2/5 1695/2/5
f 1715/3/5 1695/3/5 1714/3/5
f 1716/4/5 1697/4/5 1696/4/5
f 1716/2/5 1696/2/5 1715/2/5
f 1717/5/5 1698/5/5 1697/5/5
f 1717/4/5 1697/4/5 1716/4/5
f 1718/2/5 1699/2/5 1698/2/5
f 1718/5/5 1698/5/5 1717/5/5
f 1719/3/5 1700/3/5 1699/3/5
f 1719/2/5 1699/2/5 1718/2/5
f 1720/5/5 1701/5/5 1700/5/5
f 1720/3/5 1700/3/5 1719/3/5
f 1721/2/5 1702/2/5 1701/2/5
f 1721/5/5 1701/5/5 1720/5/5
f 1722/3/5 1703/3/5 1702/3/5
f 1722/2/5 1702/2/5 1721/2/5
f 1723/5/5 1705/5/5 1704/5/5
f 1723/3/5 1703/3/5 1722/3/5
f 1723/5/5 1704/5/5 1703/5/5
f 1724/5/5 1705/5/5 1723/5/5
f 1725/3/5 1706/3/5 1705/3/5
f 1725/5/5 1705/5/5 1724/5/5
f 1726/2/5 1707/2/5 1706/2/5
f 1726/3/5 1706/3/5 1725/3/5
f 1727/3/5 1708/3/5 1707/3/5
f 1727/2/5 1707/2/5 1726/2/5
f 1728/2/5 1709/2/5 1708/2/5
f 1728/3/5 1708/3/5 1727/3/5
f 1729/4/5 1710/4/5 1709/4/5
f 1729/2/5 1709/2/5 1728/2/5
f 1730/3/5 1690/3/5 1710/3/5
f 1730/4/5 1710/4/5 1729/4/5
f 1731/3/5 1690/3/5 1730/3/5
f 1732/2/5 1712/2/5 1711/2/5
f 1732/2/5 1713/2/5 1712/2/5
f 1733/2/5 1713/2/5 1732/2/5
f 1734/3/5 1714/3/5 1713/3/5
f 1734/2/5 1713/2/5 1733/2/5
f 1735/5/5 1715/5/5 1714/5/5
f 1735/3/5 1714/3/5 1734/3/5
f 1736/3/5 1716/3/5 1715/3/5
f 1736/5/5 1715/5/5 1735/5/5
f 1737/2/5 1717/2/5 1716/2/5
f 1737/3/5 1716/3/5 1736/3/5
f 1738/5/5 1718/5/5 1717/5/5
f 1738/2/5 1717/2/5 1737/2/5
f 1739/3/5 1719/3/5 1718/3/5
f 1739/5/5 1718/5/5 1738/5/5
f 1740/2/5 1721/2/5 1720/2/5
f 1740/3/5 1719/3/5 1739/3/5
f 1740/2/5 1720/2/5 1719/2/5
f 1741/2/5 1721/2/5 1740/2/5
f 1742/3/5 1722/3/5 1721/3/5
f 1742/2/5 1721/2/5 1741/2/5
f 1743/4/5 1723/4/5 1722/4/5
f 1743/3/5 1722/3/5 1742/3/5
f 1744/3/5 1724/3/5 1723/3/5
f 1744/4/5 1723/4/5 1743/4/5
f 1745/2/5 1725/2/5 1724/2/5
f 1745/3/5 1724/3/5 1744/3/5
f 1746/5/5 1726/5/5 1725/5/5
f 1746/2/5 1725/2/5 1745/2/5
f 1747/3/5 1727/3/5 1726/3/5
f 1747/5/5 1726/5/5 1746/5/5
f 1748/2/5 1728/2/5 1727/2/5
f 1748/3/5 1727/3/5 1747/3/5
f 1749/4/5 1729/4/5 1728/4/5
f 1749/2/5 1728/2/5 1748/2/5
f 1750/3/5 1730/3/5 1729/3/5
f 1750/4/5 1729/4/5 1749/4/5
f 1751/5/5 1731/5/5 1730/5/5
f 1751/3/5 1730/3/5 1750/3/5
f 1752/5/5 1731/5/5 1751/5/5
f 1753/3/5 1733/3/5 1732/3/5
f 1754/2/5 1735/2/5 1734/2/5
f 1754/3/5 1733/3/5 1753/3/5
f 1754/2/5 1734/2/5 1733/2/5
f 1755/2/5 1735/2/5 1754/2/5
f 1756/3/5 1736/3/5 1735/3/5
f 1756/2/5 1735/2/5 1755/2/5
f 1757/4/5 1737/4/5 1736/4/5
f 1757/3/5 1736/3/5 1756/3/5
f 1758/5/5 1738/5/5 1737/5/5
f 1758/4/5 1737/4/5 1757/4/5
f 1759/3/5 1739/3/5 1738/3/5
f 1759/5/5 1738/5/5 1758/5/5
f 1760/4/5 1740/4/5 1739/4/5
f 1760/3/5 1739/3/5 1759/3/5
f 1761/3/5 1741/3/5 1740/3/5
f 1761/4/5 1740/4/5 1760/4/5
f 1762/2/5 1743/2/5 1742/2/5
f 1762/3/5 1741/3/5 1761/3/5
f 1762/2/5 1742/2/5 1741/2/5
f 1763/2/5 1743/2/5 1762/2/5
f 1764/3/5 1744/3/5 1743/3/5
f 1764/2/5 1743/2/5 1763/2/5
f 1765/2/5 1745/2/5 1744/2/5
f 1765/3/5 1744/3/5 1764/3/5
f 1766/3/5 1746/3/5 1745/3/5
f 1766/2/5 1745/2/5 1765/2/5
f 1767/2/5 1748/2/5 1747/2/5
f 1767/3/5 1746/3/5 1766/3/5
f 1767/2/5 1747/2/5 1746/2/5
f 1768/3/5 1749/3/5 1748/3/5
f 1768/2/5 1748/2/5 1767/2/5
f 1769/2/5 1750/2/5 1749/2/5
f 1769/3/5 1749/3/5 1768/3/5
f 1770/3/5 1752/3/5 1751/3/5
f 1770/2/5 1750/2/5 1769/2/5
f 1770/3/5 1751/3/5 1750/3/5
f 1771/3/5 1752/3/5 1770/3/5
f 1772/3/5 1755/3/5 1754/3/5
f 1772/2/5 1754/2/5 1753/2/5
f 1773/5/5 1756/5/5 1755/5/5
f 1773/3/5 1755/3/5 1772/3/5
f 1774/2/5 1758/2/5 1757/2/5
f 1774/5/5 1756/5/5 1773/5/5
f 1774/2/5 1757/2/5 1756/2/5
f 1775/2/5 1758/2/5 1774/2/5
f 1776/3/5 1759/3/5 1758/3/5
f 1776/2/5 1758/2/5 1775/2/5
f 1777/2/5 1760/2/5 1759/2/5
f 1777/3/5 1759/3/5 1776/3/5
f 1778/3/5 1761/3/5 1760/3/5
f 1778/2/5 1760/2/5 1777/2/5
f 1779/2/5 1763/2/5 1762/2/5
f 1779/3/5 1761/3/5 1778/3/5
f 1779/2/5 1762/2/5 1761/2/5
f 1780/2/5 1763/2/5 1779/2/5
f 1781/3/5 1764/3/5 1763/3/5
f 1781/2/5 1763/2/5 1780/2/5
f 1782/2/5 1766/2/5 1765/2/5
f 1782/3/5 1764/3/5 1781/3/5
f 1782/2/5 1765/2/5 1764/2/5
f 1783/2/5 1766/2/5 1782/2/5
f 1784/5/5 1767/5/5 1766/5/5
f 1784/2/5 1766/2/5 1783/2/5
f 1785/3/5 1768/3/5 1767/3/5
f 1785/5/5 1767/5/5 1784/5/5
f 1786/3/5 1768/3/5 1785/3/5
f 1787/2/5 1769/2/5 1768/2/5
f 1787/3/5 1768/3/5 1786/3/5
f 1788/3/5 1770/3/5 1769/3/5
f 1788/2/5 1769/2/5 1787/2/5
f 1789/2/5 1771/2/5 1770/2/5
f 1789/3/5 1770/3/5 1788/3/5
f 1790/2/5 1771/2/5 1789/2/5
f 1791/2/5 1773/2/5 1772/2/5
f 1791/2/5 1772/2/5 1753/2/5
f 1792/3/5 1774/3/5 1773/3/5
f 1792/2/5 1773/2/5 1791/2/5
f 1793/2/5 1775/2/5 1774/2/5
f 1793/3/5 1774/3/5 1792/3/5
f 1794/3/5 1776/3/5 1775/3/5
f 1794/2/5 1775/2/5 1793/2/5
f 1794/3/5 1777/3/5 1776/3/5
f 1795/5/5 1778/5/5 1777/5/5
f 1795/3/5 1777/3/5 1794/3/5
f 1796/2/5 1779/2/5 1778/2/5
f 1796/5/5 1778/5/5 1795/5/5
f 1796/2/5 1780/2/5 1779/2/5
f 1797/2/5 1780/2/5 1796/2/5
f 1798/3/5 1781/3/5 1780/3/5
f 1798/2/5 1780/2/5 1797/2/5
f 1799/2/5 1782/2/5 1781/2/5
f 1799/3/5 1781/3/5 1798/3/5
f 1800/2/5 1784/2/5 1783/2/5
f 1800/2/5 1785/2/5 1784/2/5
f 1800/3/5 1783/3/5 1782/3/5
f 1801/2/5 1785/2/5 1800/2/5
f 1802/3/5 1786/3/5 1785/3/5
f 1802/2/5 1785/2/5 1801/2/5
f 1803/2/5 1787/2/5 1786/2/5
f 1803/3/5 1786/3/5 1802/3/5
f 1803/2/5 1788/2/5 1787/2/5
f 1804/2/5 1788/2/5 1803/2/5
f 1805/5/5 1789/5/5 1788/5/5
f 1805/2/5 1788/2/5 1804/2/5
f 1806/3/5 1790/3/5 1789/3/5
f 1806/5/5 1789/5/5 1805/5/5
f 1807/2/5 1771/2/5 1790/2/5
f 1807/3/5 1790/3/5 1806/3/5
f 1808/2/5 1771/2/5 1807/2/5
f 1809/3/5 1792/3/5 1791/3/5
f 1810/3/5 1792/3/5 1809/3/5
f 1811/2/5 1793/2/5 1792/2/5
f 1811/3/5 1792/3/5 1810/3/5
f 1812/3/5 1794/3/5 1793/3/5
f 1812/2/5 1793/2/5 1811/2/5
f 1813/2/5 1795/2/5 1794/2/5
f 1813/3/5 1794/3/5 1812/3/5
f 1814/2/5 1795/2/5 1813/2/5
f 1815/3/5 1796/3/5 1795/3/5
f 1815/2/5 1795/2/5 1814/2/5
f 1816/2/5 1797/2/5 1796/2/5
f 1816/3/5 1796/3/5 1815/3/5
f 1817/3/5 1798/3/5 1797/3/5
f 1817/2/5 1797/2/5 1816/2/5
f 1818/2/5 1799/2/5 1798/2/5
f 1818/3/5 1798/3/5 1817/3/5
f 1819/2/5 1782/2/5 1799/2/5
f 1819/2/5 1799/2/5 1818/2/5
f 1820/3/5 1800/3/5 1782/3/5
f 1820/2/5 1782/2/5 1819/2/5
f 1821/4/5 1801/4/5 1800/4/5
f 1821/3/5 1800/3/5 1820/3/5
f 1822/3/5 1802/3/5 1801/3/5
f 1822/4/5 1801/4/5 1821/4/5
f 1823/5/5 1803/5/5 1802/5/5
f 1823/3/5 1802/3/5 1822/3/5
f 1824/4/5 1804/4/5 1803/4/5
f 1824/5/5 1803/5/5 1823/5/5
f 1825/3/5 1805/3/5 1804/3/5
f 1825/4/5 1804/4/5 1824/4/5
f 1826/2/5 1806/2/5 1805/2/5
f 1826/3/5 1805/3/5 1825/3/5
f 1826/2/5 1807/2/5 1806/2/5
f 1827/2/5 1807/2/5 1826/2/5
f 1828/3/5 1808/3/5 1807/3/5
f 1828/2/5 1807/2/5 1827/2/5
f 1829/3/5 1808/3/5 1828/3/5
f 1830/5/5 1810/5/5 1809/5/5
f 1831/3/5 1811/3/5 1810/3/5
f 1831/5/5 1810/5/5 1830/5/5
f 1832/4/5 1812/4/5 1811/4/5
f 1832/3/5 1811/3/5 1831/3/5
f 1833/2/5 1813/2/5 1812/2/5
f 1833/4/5 1812/4/5 1832/4/5
f 1834/3/5 1814/3/5 1813/3/5
f 1834/2/5 1813/2/5 1833/2/5
f 1835/5/5 1815/5/5 1814/5/5
f 1835/3/5 1814/3/5 1834/3/5
f 1836/2/5 1816/2/5 1815/2/5
f 1836/5/5 1815/5/5 1835/5/5
f 1837/3/5 1817/3/5 1816/3/5
f 1837/2/5 1816/2/5 1836/2/5
f 1838/4/5 1818/4/5 1817/4/5
f 1838/3/5 1817/3/5 1837/3/5
f 1839/3/5 1819/3/5 1818/3/5
f 1839/4/5 1818/4/5 1838/4/5
f 1840/2/5 1821/2/5 1820/2/5
f 1840/3/5 1819/3/5 1839/3/5
f 1840/2/5 1820/2/5 1819/2/5
f 1841/2/5 1821/2/5 1840/2/5
f 1842/3/5 1822/3/5 1821/3/5
f 1842/2/5 1821/2/5 1841/2/5
f 1843/5/5 1823/5/5 1822/5/5
f 1843/3/5 1822/3/5 1842/3/5
f 1844/2/5 1824/2/5 1823/2/5
f 1844/5/5 1823/5/5 1843/5/5
f 1845/3/5 1825/3/5 1824/3/5
f 1845/2/5 1824/2/5 1844/2/5
f 1846/5/5 1826/5/5 1825/5/5
f 1846/3/5 1825/3/5 1845/3/5
f 1847/3/5 1827/3/5 1826/3/5
f 1847/5/5 1826/5/5 1846/5/5
f 1848/2/5 1829/2/5 1828/2/5
f 1848/3/5 1827/3/5 1847/3/5
f 1848/2/5 1828/2/5 1827/2/5
f 1849/2/5 1829/2/5 1848/2/5
f 1850/2/5 1829/2/5 1849/2/5
f 1851/3/5 1831/3/5 1830/3/5
f 1851/4/5 1832/4/5 1831/4/5
f 1852/2/5 1833/2/5 1832/2/5
f 1852/4/5 1832/4/5 1851/4/5
f 1853/3/5 1834/3/5 1833/3/5
f 1853/2/5 1833/2/5 1852/2/5
f 1854/2/5 1835/2/5 1834/2/5
f 1854/3/5 1834/3/5 1853/3/5
f 1855/3/5 1836/3/5 1835/3/5
f 1855/2/5 1835/2/5 1854/2/5
f 1856/5/5 1837/5/5 1836/5/5
f 1856/3/5 1836/3/5 1855/3/5
f 1856/5/5 1838/5/5 1837/5/5
f 1857/5/5 1838/5/5 1856/5/5
f 1858/3/5 1839/3/5 1838/3/5
f 1858/5/5 1838/5/5 1857/5/5
f 1859/2/5 1840/2/5 1839/2/5
f 1859/3/5 1839/3/5 1858/3/5
f 1860/5/5 1841/5/5 1840/5/5
f 1860/2/5 1840/2/5 1859/2/5
f 1861/3/5 1842/3/5 1841/3/5
f 1861/5/5 1841/5/5 1860/5/5
f 1862/2/5 1843/2/5 1842/2/5
f 1862/3/5 1842/3/5 1861/3/5
f 1863/5/5 1844/5/5 1843/5/5
f 1863/2/5 1843/2/5 1862/2/5
f 1864/4/5 1845/4/5 1844/4/5
f 1864/5/5 1844/5/5 1863/5/5
f 1865/2/5 1846/2/5 1845/2/5
f 1865/4/5 1845/4/5 1864/4/5
f 1866/3/5 1847/3/5 1846/3/5
f 1866/2/5 1846/2/5 1865/2/5
f 1866/3/5 1848/3/5 1847/3/5
f 1867/3/5 1848/3/5 1866/3/5
f 1868/5/5 1849/5/5 1848/5/5
f 1868/3/5 1848/3/5 1867/3/5
f 1869/3/5 1850/3/5 1849/3/5
f 1869/5/5 1849/5/5 1868/5/5
f 1870/3/5 1850/3/5 1869/3/5
f 1871/3/5 1851/3/5 1830/3/5
f 1872/2/5 1852/2/5 1851/2/5
f 1872/3/5 1851/3/5 1871/3/5
f 1873/5/5 1853/5/5 1852/5/5
f 1873/2/5 1852/2/5 1872/2/5
f 1874/4/5 1854/4/5 1853/4/5
f 1874/5/5 1853/5/5 1873/5/5
f 1875/5/5 1855/5/5 1854/5/5
f 1875/4/5 1854/4/5 1874/4/5
f 1876/3/5 1856/3/5 1855/3/5
f 1876/5/5 1855/5/5 1875/5/5
f 1877/4/5 1857/4/5 1856/4/5
f 1877/3/5 1856/3/5 1876/3/5
f 1878/2/5 1858/2/5 1857/2/5
f 1878/4/5 1857/4/5 1877/4/5
f 1879/5/5 1859/5/5 1858/5/5
f 1879/2/5 1858/2/5 1878/2/5
f 1880/3/5 1860/3/5 1859/3/5
f 1880/5/5 1859/5/5 1879/5/5
f 1880/3/5 1861/3/5 1860/3/5
f 1881/3/5 1861/3/5 1880/3/5
f 1882/2/5 1862/2/5 1861/2/5
f 1882/5/5 1863/5/5 1862/5/5
f 1883/3/5 1865/3/5 1864/3/5
f 1883/5/5 1863/5/5 1882/5/5
f 1883/3/5 1864/3/5 1863/3/5
f 1884/3/5 1865/3/5 1883/3/5
f 1885/5/5 1866/5/5 1865/5/5
f 1885/3/5 1865/3/5 1884/3/5
f 1886/3/5 1867/3/5 1866/3/5
f 1886/5/5 1866/5/5 1885/5/5
f 1887/5/5 1868/5/5 1867/5/5
f 1887/3/5 1867/3/5 1886/3/5
f 1888/3/5 1869/3/5 1868/3/5
f 1888/5/5 1868/5/5 1887/5/5
f 1889/5/5 1872/5/5 1871/5/5
f 1890/3/5 1873/3/5 1872/3/5
f 1890/5/5 1872/5/5 1889/5/5
f 1891/4/5 1874/4/5 1873/4/5
f 1891/3/5 1873/3/5 1890/3/5
f 1892/2/5 1875/2/5 1874/2/5
f 1892/4/5 1874/4/5 1891/4/5
f 1893/3/5 1876/3/5 1875/3/5
f 1893/2/5 1875/2/5 1892/2/5
f 1894/5/5 1877/5/5 1876/5/5
f 1894/3/5 1876/3/5 1893/3/5
f 1895/2/5 1878/2/5 1877/2/5
f 1895/5/5 1877/5/5 1894/5/5
f 1896/3/5 1879/3/5 1878/3/5
f 1896/2/5 1878/2/5 1895/2/5
f 1897/4/5 1880/4/5 1879/4/5
f 1897/3/5 1879/3/5 1896/3/5
f 1898/2/5 1881/2/5 1880/2/5
f 1898/4/5 1880/4/5 1897/4/5
f 1899/3/5 1861/3/5 1881/3/5
f 1899/2/5 1881/2/5 1898/2/5
f 1900/2/5 1882/2/5 1861/2/5
f 1900/3/5 1861/3/5 1899/3/5
f 1901/3/5 1883/3/5 1882/3/5
f 1901/2/5 1882/2/5 1900/2/5
f 1902/2/5 1884/2/5 1883/2/5
f 1902/3/5 1883/3/5 1901/3/5
f 1903/5/5 1885/5/5 1884/5/5
f 1903/2/5 1884/2/5 1902/2/5
f 1904/3/5 1886/3/5 1885/3/5
f 1904/5/5 1885/5/5 1903/5/5
f 1905/2/5 1887/2/5 1886/2/5
f 1905/3/5 1886/3/5 1904/3/5
f 1905/2/5 1888/2/5 1887/2/5
f 1906/2/5 1888/2/5 1905/2/5
f 1907/3/5 1869/3/5 1888/3/5
f 1907/2/5 1888/2/5 1906/2/5
f 1908/2/5 1870/2/5 1869/2/5
f 1908/3/5 1869/3/5 1907/3/5
f 1909/3/5 1890/3/5 1889/3/5
f 1910/4/5 1891/4/5 1890/4/5
f 1910/3/5 1890/3/5 1909/3/5
f 1911/2/5 1892/2/5 1891/2/5
f 1911/4/5 1891/4/5 1910/4/5
f 1912/4/5 1893/4/5 1892/4/5
f 1912/2/5 1892/2/5 1911/2/5
f 1913/2/5 1894/2/5 1893/2/5
f 1913/4/5 1893/4/5 1912/4/5
f 1914/3/5 1895/3/5 1894/3/5
f 1914/2/5 1894/2/5 1913/2/5
f 1914/3/5 1896/3/5 1895/3/5
f 1915/3/5 1896/3/5 1914/3/5
f 1916/5/5 1897/5/5 1896/5/5
f 1916/3/5 1896/3/5 1915/3/5
f 1917/3/5 1898/3/5 1897/3/5
f 1917/5/5 1897/5/5 1916/5/5
f 1918/2/5 1899/2/5 1898/2/5
f 1918/3/5 1898/3/5 1917/3/5
f 1918/2/5 1900/2/5 1899/2/5
f 1919/2/5 1900/2/5 1918/2/5
f 1920/3/5 1901/3/5 1900/3/5
f 1920/2/5 1900/2/5 1919/2/5
f 1921/2/5 1902/2/5 1901/2/5
f 1921/3/5 1901/3/5 1920/3/5
f 1922/3/5 1903/3/5 1902/3/5
f 1922/2/5 1902/2/5 1921/2/5
f 1923/4/5 1904/4/5 1903/4/5
f 1923/3/5 1903/3/5 1922/3/5
f 1924/2/5 1905/2/5 1904/2/5
f 1924/4/5 1904/4/5 1923/4/5
f 1925/4/5 1906/4/5 1905/4/5
f 1925/2/5 1905/2/5 1924/2/5
f 1926/2/5 1907/2/5 1906/2/5
f 1926/4/5 1906/4/5 1925/4/5
f 1926/2/5 1908/2/5 1907/2/5
f 1927/2/5 1870/2/5 1908/2/5
f 1927/2/5 1908/2/5 1926/2/5
f 1928/2/5 1910/2/5 1909/2/5
f 1928/3/5 1912/3/5 1911/3/5
f 1928/3/5 1911/3/5 1910/3/5
f 1929/3/5 1912/3/5 1928/3/5
f 1930/2/5 1913/2/5 1912/2/5
f 1930/2/5 1914/2/5 1913/2/5
f 1931/5/5 1915/5/5 1914/5/5
f 1931/2/5 1914/2/5 1930/2/5
f 1932/3/5 1916/3/5 1915/3/5
f 1932/5/5 1915/5/5 1931/5/5
f 1932/3/5 1917/3/5 1916/3/5
f 1933/3/5 1917/3/5 1932/3/5
f 1934/2/5 1918/2/5 1917/2/5
f 1934/3/5 1917/3/5 1933/3/5
f 1935/5/5 1919/5/5 1918/5/5
f 1935/2/5 1918/2/5 1934/2/5
f 1936/3/5 1920/3/5 1919/3/5
f 1936/5/5 1919/5/5 1935/5/5
f 1937/2/5 1921/2/5 1920/2/5
f 1937/3/5 1920/3/5 1936/3/5
f 1938/4/5 1922/4/5 1921/4/5
f 1938/2/5 1921/2/5 1937/2/5
f 1939/2/5 1923/2/5 1922/2/5
f 1939/4/5 1922/4/5 1938/4/5
f 1940/5/5 1924/5/5 1923/5/5
f 1940/2/5 1923/2/5 1939/2/5
f 1941/4/5 1925/4/5 1924/4/5
f 1941/5/5 1924/5/5 1940/5/5
f 1942/2/5 1926/2/5 1925/2/5
f 1942/4/5 1925/4/5 1941/4/5
f 1943/3/5 1927/3/5 1926/3/5
f 1943/2/5 1926/2/5 1942/2/5
f 1944/3/5 1927/3/5 1943/3/5
f 1945/2/5 1870/2/5 1927/2/5
f 1945/3/5 1927/3/5 1944/3/5
f 1946/2/5 1870/2/5 1945/2/5
f 1947/2/5 1928/2/5 1909/2/5
f 1947/2/5 1929/2/5 1928/2/5
f 1948/3/5 1912/3/5 1929/3/5
f 1948/2/5 1929/2/5 1947/2/5
f 1949/2/5 1930/2/5 1912/2/5
f 1949/3/5 1912/3/5 1948/3/5
f 1950/3/5 1931/3/5 1930/3/5
f 1950/2/5 1930/2/5 1949/2/5
f 1950/3/5 1932/3/5 1931/3/5
f 1951/5/5 1933/5/5 1932/5/5
f 1951/3/5 1932/3/5 1950/3/5
f 1952/2/5 1935/2/5 1934/2/5
f 1952/5/5 1933/5/5 1951/5/5
f 1952/2/5 1934/2/5 1933/2/5
f 1953/2/5 1935/2/5 1952/2/5
f 1954/3/5 1936/3/5 1935/3/5
f 1954/2/5 1935/2/5 1953/2/5
f 1955/2/5 1937/2/5 1936/2/5
f 1955/3/5 1936/3/5 1954/3/5
f 1956/3/5 1939/3/5 1938/3/5
f 1956/3/5 1938/3/5 1937/3/5
f 1957/4/5 1940/4/5 1939/4/5
f 1957/3/5 1939/3/5 1956/3/5
f 1958/2/5 1941/2/5 1940/2/5
f 1958/4/5 1940/4/5 1957/4/5
f 1959/3/5 1942/3/5 1941/3/5
f 1959/2/5 1941/2/5 1958/2/5
f 1960/4/5 1943/4/5 1942/4/5
f 1960/3/5 1942/3/5 1959/3/5
f 1961/3/5 1944/3/5 1943/3/5
f 1961/4/5 1943/4/5 1960/4/5
f 1962/2/5 1945/2/5 1944/2/5
f 1962/3/5 1944/3/5 1961/3/5
f 1963/3/5 1948/3/5 1947/3/5
f 1964/2/5 1949/2/5 1948/2/5
f 1964/3/5 1948/3/5 1963/3/5
f 1964/2/5 1951/2/5 1950/2/5
f 1964/2/5 1950/2/5 1949/2/5
f 1965/3/5 1952/3/5 1951/3/5
f 1965/2/5 1951/2/5 1964/2/5
f 1966/2/5 1953/2/5 1952/2/5
f 1966/3/5 1952/3/5 1965/3/5
f 1967/3/5 1954/3/5 1953/3/5
f 1967/2/5 1953/2/5 1966/2/5
f 1968/2/5 1955/2/5 1954/2/5
f 1968/3/5 1954/3/5 1967/3/5
f 1969/3/5 1956/3/5 1937/3/5
f 1969/2/5 1955/2/5 1968/2/5
f 1969/2/5 1937/2/5 1955/2/5
f 1970/5/5 1957/5/5 1956/5/5
f 1970/3/5 1956/3/5 1969/3/5
f 1971/3/5 1958/3/5 1957/3/5
f 1971/5/5 1957/5/5 1970/5/5
f 1971/3/5 1959/3/5 1958/3/5
f 1972/5/5 1960/5/5 1959/5/5
f 1972/3/5 1959/3/5 1971/3/5
f 1973/3/5 1961/3/5 1960/3/5
f 1973/5/5 1960/5/5 1972/5/5
f 1974/2/5 1962/2/5 1961/2/5
f 1974/3/5 1961/3/5 1973/3/5
f 1975/2/5 1945/2/5 1962/2/5
f 1975/2/5 1962/2/5 1974/2/5
f 1975/3/5 1946/3/5 1945/3/5
f 1976/3/5 1946/3/5 1975/3/5
f 1977/14/6 1978/14/6 1992/14/6
f 1992/14/6 1978/14/6 1993/14/6
f 1993/14/6 1978/14/6 1994/14/6
f 1978/18/6 1979/18/6 1995/18/6
f 1994/14/6 1978/14/6 1995/14/6
f 1979/8/6 1980/8/6 1996/8/6
f 1995/18/6 1979/18/6 1996/18/6
f 1980/9/6 1981/9/6 1997/9/6
f 1996/8/6 1980/8/6 1997/8/6
f 1981/7/6 1982/7/6 1998/7/6
f 1997/9/6 1981/9/6 1998/9/6
f 1982/14/6 1983/14/6 1999/14/6
f 1998/7/6 1982/7/6 1999/7/6
f 1999/14/6 1983/14/6 2000/14/6
f 2000/14/6 1983/14/6 2001/14/6
f 1983/12/6 1984/12/6 2002/12/6
f 2001/14/6 1983/14/6 2002/14/6
f 1984/18/6 1985/18/6 2003/18/6
f 2002/12/6 1984/12/6 2003/12/6
f 1985/14/6 1986/14/6 2004/14/6
f 2003/18/6 1985/18/6 2004/18/6
f 1986/12/6 1987/12/6 2005/12/6
f 2004/14/6 1986/14/6 2005/14/6
f 1987/8/6 1988/8/6 2006/8/6
f 2005/12/6 1987/12/6 2006/12/6
f 1988/14/6 1989/14/6 2007/14/6
f 2006/8/6 1988/8/6 2007/8/6
f 1989/12/6 1990/12/6 2008/12/6
f 2007/14/6 1989/14/6 2008/14/6
f 1990/14/6 1991/14/6 2009/14/6
f 2008/12/6 1990/12/6 2009/12/6
f 1992/12/6 1993/12/6 2010/12/6
f 1993/14/6 1994/14/6 2011/14/6
f 2010/12/6 1993/12/6 2011/12/6
f 1994/12/6 1995/12/6 2012/12/6
f 2011/14/6 1994/14/6 2012/14/6
f 2012/12/6 1995/12/6 2013/12/6
f 1995/14/6 1996/14/6 2014/14/6
f 2013/12/6 1995/12/6 2014/12/6
f 1996/14/6 1997/14/6 2014/14/6
f 2014/14/6 1997/14/6 2015/14/6
f 1997/18/6 1998/18/6 2016/18/6
f 2015/14/6 1997/14/6 2016/14/6
f 1998/14/6 1999/14/6 2017/14/6
f 2016/18/6 1998/18/6 2017/18/6
f 1999/12/6 2000/12/6 2018/12/6
f 2017/14/6 1999/14/6 2018/14/6
f 2000/14/6 2001/14/6 2019/14/6
f 2018/12/6 2000/12/6 2019/12/6
f 2019/14/6 2001/14/6 2020/14/6
f 2001/12/6 2002/12/6 2021/12/6
f 2020/14/6 2001/14/6 2021/14/6
f 2002/14/6 2003/14/6 2022/14/6
f 2003/14/6 2004/14/6 2022/14/6
f 2004/12/6 2005/12/6 2023/12/6
f 2022/14/6 2004/14/6 2023/14/6
f 2007/12/6 2008/12/6 2024/12/6
f 2005/14/6 2006/14/6 2024/14/6
f 2006/12/6 2007/12/6 2024/12/6
f 2024/12/6 2008/12/6 2025/12/6
f 2008/14/6 2009/14/6 2026/14/6
f 2025/12/6 2008/12/6 2026/12/6
f 2009/14/6 1991/14/6 2027/14/6
f 2026/14/6 2009/14/6 2027/14/6
f 2010/14/6 2011/14/6 2028/14/6
f 2011/12/6 2012/12/6 2029/12/6
f 2028/14/6 2011/14/6 2029/14/6
f 2012/14/6 2013/14/6 2030/14/6
f 2029/12/6 2012/12/6 2030/12/6
f 2013/8/6 2014/8/6 2031/8/6
f 2030/14/6 2013/14/6 2031/14/6
f 2014/12/6 2015/12/6 2032/12/6
f 2031/8/6 2014/8/6 2032/8/6
f 2015/14/6 2016/14/6 2033/14/6
f 2032/12/6 2015/12/6 2033/12/6
f 2016/14/6 2017/14/6 2033/14/6
f 2033/14/6 2017/14/6 2034/14/6
f 2017/12/6 2018/12/6 2035/12/6
f 2034/14/6 2017/14/6 2035/14/6
f 2018/12/6 2019/12/6 2035/12/6
f 2035/12/6 2019/12/6 2036/12/6
f 2019/18/6 2020/18/6 2037/18/6
f 2036/12/6 2019/12/6 2037/12/6
f 2020/12/6 2021/12/6 2038/12/6
f 2037/18/6 2020/18/6 2038/18/6
f 2021/12/6 2002/12/6 2039/12/6
f 2038/12/6 2021/12/6 2039/12/6
f 2002/14/6 2022/14/6 2040/14/6
f 2039/12/6 2002/12/6 2040/12/6
f 2022/12/6 2023/12/6 2041/12/6
f 2040/14/6 2022/14/6 2041/14/6
f 2023/12/6 2005/12/6 2042/12/6
f 2041/12/6 2023/12/6 2042/12/6
f 2005/14/6 2024/14/6 2042/14/6
f 2024/18/6 2025/18/6 2043/18/6
f 2042/14/6 2024/14/6 2043/14/6
f 2025/14/6 2026/14/6 2044/14/6
f 2043/18/6 2025/18/6 2044/18/6
f 2026/12/6 2027/12/6 2045/12/6
f 2044/14/6 2026/14/6 2045/14/6
f 2028/8/6 2029/8/6 2046/8/6
f 2029/12/6 2030/12/6 2047/12/6
f 2046/8/6 2029/8/6 2047/8/6
f 2030/18/6 2031/18/6 2048/18/6
f 2047/12/6 2030/12/6 2048/12/6
f 2031/9/6 2032/9/6 2049/9/6
f 2048/18/6 2031/18/6 2049/18/6
f 2032/18/6 2033/18/6 2050/18/6
f 2049/9/6 2032/9/6 2050/9/6
f 2033/12/6 2034/12/6 2051/12/6
f 2050/18/6 2033/18/6 2051/18/6
f 2034/14/6 2035/14/6 2052/14/6
f 2051/12/6 2034/12/6 2052/12/6
f 2035/11/6 2036/11/6 2053/11/6
f 2052/14/6 2035/14/6 2053/14/6
f 2037/12/6 2038/12/6 2054/12/6
f 2053/11/6 2036/11/6 2054/11/6
f 2036/12/6 2037/12/6 2054/12/6
f 2054/12/6 2038/12/6 2055/12/6
f 2038/14/6 2039/14/6 2056/14/6
f 2055/12/6 2038/12/6 2056/12/6
f 2039/12/6 2040/12/6 2057/12/6
f 2056/14/6 2039/14/6 2057/14/6
f 2040/11/6 2041/11/6 2058/11/6
f 2057/12/6 2040/12/6 2058/12/6
f 2041/12/6 2042/12/6 2059/12/6
f 2058/11/6 2041/11/6 2059/11/6
f 2059/12/6 2042/12/6 2060/12/6
f 2042/18/6 2043/18/6 2061/18/6
f 2060/12/6 2042/12/6 2061/12/6
f 2043/9/6 2044/9/6 2062/9/6
f 2061/18/6 2043/18/6 2062/18/6
f 2044/8/6 2045/8/6 2063/8/6
f 2062/9/6 2044/9/6 2063/9/6
f 2045/12/6 2027/12/6 2064/12/6
f 2063/8/6 2045/8/6 2064/8/6
f 2027/14/6 1991/14/6 2065/14/6
f 2064/12/6 2027/12/6 2065/12/6
f 2065/14/6 1991/14/6 2066/14/6
f 2046/12/6 2047/12/6 2067/12/6
f 2048/14/6 2049/14/6 2068/14/6
f 2067/12/6 2047/12/6 2068/12/6
f 2047/14/6 2048/14/6 2068/14/6
f 2049/18/6 2050/18/6 2069/18/6
f 2068/14/6 2049/14/6 2069/14/6
f 2051/12/6 2052/12/6 2070/12/6
f 2069/18/6 2050/18/6 2070/18/6
f 2052/12/6 2053/12/6 2070/12/6
f 2050/12/6 2051/12/6 2070/12/6
f 2053/12/6 2054/12/6 2070/12/6
f 2070/12/6 2054/12/6 2071/12/6
f 2071/12/6 2054/12/6 2072/12/6
f 2054/11/6 2055/11/6 2073/11/6
f 2072/12/6 2054/12/6 2073/12/6
f 2056/12/6 2057/12/6 2074/12/6
f 2073/11/6 2055/11/6 2074/11/6
f 2055/12/6 2056/12/6 2074/12/6
f 2074/12/6 2057/12/6 2075/12/6
f 2057/11/6 2058/11/6 2076/11/6
f 2075/12/6 2057/12/6 2076/12/6
f 2059/12/6 2060/12/6 2077/12/6
f 2058/12/6 2059/12/6 2077/12/6
f 2060/11/6 2061/11/6 2078/11/6
f 2077/12/6 2060/12/6 2078/12/6
f 2061/12/6 2062/12/6 2079/12/6
f 2078/11/6 2061/11/6 2079/11/6
f 2062/18/6 2063/18/6 2080/18/6
f 2079/12/6 2062/12/6 2080/12/6
f 2063/12/6 2064/12/6 2081/12/6
f 2080/18/6 2063/18/6 2081/18/6
f 2064/14/6 2065/14/6 2082/14/6
f 2081/12/6 2064/12/6 2082/12/6
f 2065/18/6 2066/18/6 2083/18/6
f 2082/14/6 2065/14/6 2083/14/6
f 2083/18/6 2066/18/6 2084/18/6
f 2067/14/6 2068/14/6 2085/14/6
f 2068/12/6 2069/12/6 2086/12/6
f 2085/14/6 2068/14/6 2086/14/6
f 2069/12/6 2070/12/6 2086/12/6
f 2086/12/6 2070/12/6 2087/12/6
f 2087/12/6 2070/12/6 2088/12/6
f 2070/11/6 2071/11/6 2089/11/6
f 2088/12/6 2070/12/6 2089/12/6
f 2089/11/6 2071/11/6 2090/11/6
f 2071/12/6 2072/12/6 2091/12/6
f 2090/11/6 2071/11/6 2091/11/6
f 2072/11/6 2073/11/6 2092/11/6
f 2091/12/6 2072/12/6 2092/12/6
f 2074/12/6 2075/12/6 2093/12/6
f 2092/11/6 2073/11/6 2093/11/6
f 2073/12/6 2074/12/6 2093/12/6
f 2093/12/6 2075/12/6 2094/12/6
f 2075/18/6 2076/18/6 2095/18/6
f 2094/12/6 2075/12/6 2095/12/6
f 2076/11/6 2058/11/6 2096/11/6
f 2095/18/6 2076/18/6 2096/18/6
f 2058/12/6 2077/12/6 2097/12/6
f 2096/11/6 2058/11/6 2097/11/6
f 2077/11/6 2078/11/6 2098/11/6
f 2097/12/6 2077/12/6 2098/12/6
f 2079/12/6 2080/12/6 2099/12/6
f 2098/11/6 2078/11/6 2099/11/6
f 2078/12/6 2079/12/6 2099/12/6
f 2080/12/6 2081/12/6 2099/12/6
f 2099/12/6 2081/12/6 2100/12/6
f 2100/12/6 2081/12/6 2101/12/6
f 2081/14/6 2082/14/6 2102/14/6
f 2101/12/6 2081/12/6 2102/12/6
f 2082/14/6 2083/14/6 2102/14/6
f 2102/14/6 2083/14/6 2103/14/6
f 2083/8/6 2084/8/6 2104/8/6
f 2103/14/6 2083/14/6 2104/14/6
f 2104/8/6 2084/8/6 2105/8/6
f 2085/18/6 2086/18/6 2106/18/6
f 2086/14/6 2087/14/6 2107/14/6
f 2106/18/6 2086/18/6 2107/18/6
f 2087/11/6 2088/11/6 2108/11/6
f 2107/14/6 2087/14/6 2108/14/6
f 2089/12/6 2090/12/6 2109/12/6
f 2108/11/6 2088/11/6 2109/11/6
f 2088/12/6 2089/12/6 2109/12/6
f 2109/12/6 2090/12/6 2110/12/6
f 2090/11/6 2091/11/6 2111/11/6
f 2110/12/6 2090/12/6 2111/12/6
f 2092/11/6 2093/11/6 2111/11/6
f 2091/11/6 2092/11/6 2111/11/6
f 2093/11/6 2094/11/6 2111/11/6
f 2111/11/6 2094/11/6 2112/11/6
f 2094/18/6 2095/18/6 2113/18/6
f 2112/11/6 2094/11/6 2113/11/6
f 2095/10/6 2096/10/6 2114/10/6
f 2113/18/6 2095/18/6 2114/18/6
f 2096/18/6 2097/18/6 2115/18/6
f 2114/10/6 2096/10/6 2115/10/6
f 2097/11/6 2098/11/6 2116/11/6
f 2115/18/6 2097/18/6 2116/18/6
f 2099/11/6 2100/11/6 2116/11/6
f 2098/11/6 2099/11/6 2116/11/6
f 2116/11/6 2100/11/6 2117/11/6
f 2117/11/6 2100/11/6 2118/11/6
f 2100/12/6 2101/12/6 2119/12/6
f 2118/11/6 2100/11/6 2119/11/6
f 2101/14/6 2102/14/6 2120/14/6
f 2119/12/6 2101/12/6 2120/12/6
f 2102/14/6 2103/14/6 2120/14/6
f 2120/14/6 2103/14/6 2121/14/6
f 2103/18/6 2104/18/6 2122/18/6
f 2121/14/6 2103/14/6 2122/14/6
f 2104/9/6 2105/9/6 2123/9/6
f 2122/18/6 2104/18/6 2123/18/6
f 2123/9/6 2105/9/6 2124/9/6
f 2106/12/6 2107/12/6 2125/12/6
f 2108/14/6 2109/14/6 2126/14/6
f 2125/12/6 2107/12/6 2126/12/6
f 2107/14/6 2108/14/6 2126/14/6
f 2109/12/6 2110/12/6 2127/12/6
f 2126/14/6 2109/14/6 2127/14/6
f 2110/11/6 2111/11/6 2128/11/6
f 2127/12/6 2110/12/6 2128/12/6
f 2111/18/6 2112/18/6 2129/18/6
f 2128/11/6 2111/11/6 2129/11/6
f 2113/11/6 2114/11/6 2130/11/6
f 2129/18/6 2112/18/6 2130/18/6
f 2112/11/6 2113/11/6 2130/11/6
f 2114/18/6 2115/18/6 2131/18/6
f 2130/11/6 2114/11/6 2131/11/6
f 2116/11/6 2117/11/6 2132/11/6
f 2131/18/6 2115/18/6 2132/18/6
f 2115/11/6 2116/11/6 2132/11/6
f 2132/11/6 2117/11/6 2133/11/6
f 2117/18/6 2118/18/6 2134/18/6
f 2133/11/6 2117/11/6 2134/11/6
f 2118/12/6 2119/12/6 2135/12/6
f 2134/18/6 2118/18/6 2135/18/6
f 2119/12/6 2120/12/6 2135/12/6
f 2135/12/6 2120/12/6 2136/12/6
f 2120/11/6 2121/11/6 2137/11/6
f 2136/12/6 2120/12/6 2137/12/6
f 2121/12/6 2122/12/6 2138/12/6
f 2137/11/6 2121/11/6 2138/11/6
f 2122/14/6 2123/14/6 2139/14/6
f 2138/12/6 2122/12/6 2139/12/6
f 2123/7/6 2124/7/6 2140/7/6
f 2139/14/6 2123/14/6 2140/14/6
f 2140/7/6 2124/7/6 2141/7/6
f 2125/14/6 2126/14/6 2142/14/6
f 2126/12/6 2127/12/6 2142/12/6
f 2142/12/6 2127/12/6 2143/12/6
f 2127/11/6 2128/11/6 2144/11/6
f 2143/12/6 2127/12/6 2144/12/6
f 2128/12/6 2129/12/6 2145/12/6
f 2144/11/6 2128/11/6 2145/11/6
f 2129/11/6 2130/11/6 2146/11/6
f 2145/12/6 2129/12/6 2146/12/6
f 2132/11/6 2133/11/6 2146/11/6
f 2130/11/6 2131/11/6 2146/11/6
f 2131/11/6 2132/11/6 2146/11/6
f 2146/11/6 2133/11/6 2147/11/6
f 2133/18/6 2134/18/6 2148/18/6
f 2147/11/6 2133/11/6 2148/11/6
f 2134/10/6 2135/10/6 2149/10/6
f 2148/18/6 2134/18/6 2149/18/6
f 2135/18/6 2136/18/6 2150/18/6
f 2149/10/6 2135/10/6 2150/10/6
f 2136/11/6 2137/11/6 2151/11/6
f 2150/18/6 2136/18/6 2151/18/6
f 2138/12/6 2139/12/6 2152/12/6
f 2151/11/6 2137/11/6 2152/11/6
f 2137/12/6 2138/12/6 2152/12/6
f 2139/12/6 2140/12/6 2152/12/6
f 2152/12/6 2140/12/6 2153/12/6
f 2140/14/6 2141/14/6 2154/14/6
f 2153/12/6 2140/12/6 2154/12/6
f 2143/12/6 2144/12/6 2155/12/6
f 2142/14/6 2143/14/6 2155/14/6
f 2144/14/6 2145/14/6 2156/14/6
f 2155/12/6 2144/12/6 2156/12/6
f 2145/12/6 2146/12/6 2157/12/6
f 2156/14/6 2145/14/6 2157/14/6
f 2146/12/6 2147/12/6 2157/12/6
f 2157/12/6 2147/12/6 2158/12/6
f 2148/11/6 2149/11/6 2159/11/6
f 2158/12/6 2147/12/6 2159/12/6
f 2147/11/6 2148/11/6 2159/11/6
f 2159/11/6 2149/11/6 2160/11/6
f 2160/11/6 2149/11/6 2161/11/6
f 2149/18/6 2150/18/6 2162/18/6
f 2161/11/6 2149/11/6 2162/11/6
f 2150/11/6 2151/11/6 2163/11/6
f 2162/18/6 2150/18/6 2163/18/6
f 2151/12/6 2152/12/6 2164/12/6
f 2152/12/6 2153/12/6 2164/12/6
f 2153/14/6 2154/14/6 2165/14/6
f 2164/12/6 2153/12/6 2165/12/6
f 2165/14/6 2154/14/6 2166/14/6
f 2142/14/6 2155/14/6 2167/14/6
f 2125/14/6 2142/14/6 2167/14/6
f 2155/14/6 2156/14/6 2167/14/6
f 2157/12/6 2158/12/6 2168/12/6
f 2167/14/6 2156/14/6 2168/14/6
f 2156/12/6 2157/12/6 2168/12/6
f 2159/11/6 2160/11/6 2169/11/6
f 2168/12/6 2158/12/6 2169/12/6
f 2158/11/6 2159/11/6 2169/11/6
f 2169/11/6 2160/11/6 2170/11/6
f 2160/18/6 2161/18/6 2171/18/6
f 2170/11/6 2160/11/6 2171/11/6
f 2161/11/6 2162/11/6 2172/11/6
f 2171/18/6 2161/18/6 2172/18/6
f 2162/11/6 2163/11/6 2172/11/6
f 2172/11/6 2163/11/6 2173/11/6
f 2151/12/6 2164/12/6 2174/12/6
f 2173/11/6 2163/11/6 2174/11/6
f 2163/11/6 2151/11/6 2174/11/6
f 2164/14/6 2165/14/6 2175/14/6
f 2174/12/6 2164/12/6 2175/12/6
f 2165/12/6 2166/12/6 2176/12/6
f 2175/14/6 2165/14/6 2176/14/6
f 2166/14/6 2154/14/6 2177/14/6
f 2176/12/6 2166/12/6 2177/12/6
f 2154/14/6 2141/14/6 2178/14/6
f 2177/14/6 2154/14/6 2178/14/6
f 2125/14/6 2167/14/6 2179/14/6
f 2167/12/6 2168/12/6 2180/12/6
f 2179/14/6 2167/14/6 2180/14/6
f 2180/12/6 2168/12/6 2181/12/6
f 2169/11/6 2170/11/6 2182/11/6
f 2181/12/6 2168/12/6 2182/12/6
f 2168/11/6 2169/11/6 2182/11/6
f 2182/11/6 2170/11/6 2183/11/6
f 2170/18/6 2171/18/6 2184/18/6
f 2183/11/6 2170/11/6 2184/11/6
f 2171/10/6 2172/10/6 2185/10/6
f 2184/18/6 2171/18/6 2185/18/6
f 2172/18/6 2173/18/6 2186/18/6
f 2185/10/6 2172/10/6 2186/10/6
f 2174/11/6 2175/11/6 2187/11/6
f 2186/18/6 2173/18/6 2187/18/6
f 2173/11/6 2174/11/6 2187/11/6
f 2187/11/6 2175/11/6 2188/11/6
f 2175/12/6 2176/12/6 2189/12/6
f 2188/11/6 2175/11/6 2189/11/6
f 2176/12/6 2177/12/6 2189/12/6
f 2189/12/6 2177/12/6 2190/12/6
f 2177/18/6 2178/18/6 2191/18/6
f 2190/12/6 2177/12/6 2191/12/6
f 2178/14/6 2141/14/6 2192/14/6
f 2191/18/6 2178/18/6 2192/18/6
f 2192/14/6 2141/14/6 2193/14/6
f 2179/7/6 2180/7/6 2194/7/6
f 2180/14/6 2181/14/6 2195/14/6
f 2194/7/6 2180/7/6 2195/7/6
f 2182/12/6 2183/12/6 2196/12/6
f 2195/14/6 2181/14/6 2196/14/6
f 2181/12/6 2182/12/6 2196/12/6
f 2184/11/6 2185/11/6 2197/11/6
f 2196/12/6 2183/12/6 2197/12/6
f 2183/11/6 2184/11/6 2197/11/6
f 2197/11/6 2185/11/6 2198/11/6
f 2185/18/6 2186/18/6 2199/18/6
f 2198/11/6 2185/11/6 2199/11/6
f 2187/11/6 2188/11/6 2200/11/6
f 2199/18/6 2186/18/6 2200/18/6
f 2186/11/6 2187/11/6 2200/11/6
f 2200/11/6 2188/11/6 2201/11/6
f 2201/11/6 2188/11/6 2202/11/6
f 2202/11/6 2188/11/6 2203/11/6
f 2189/12/6 2190/12/6 2204/12/6
f 2203/11/6 2188/11/6 2204/11/6
f 2188/12/6 2189/12/6 2204/12/6
f 2204/12/6 2190/12/6 2205/12/6
f 2190/14/6 2191/14/6 2206/14/6
f 2205/12/6 2190/12/6 2206/12/6
f 2191/14/6 2192/14/6 2206/14/6
f 2206/14/6 2192/14/6 2207/14/6
f 2192/12/6 2193/12/6 2208/12/6
f 2207/14/6 2192/14/6 2208/14/6
f 2208/12/6 2193/12/6 2209/12/6
f 2194/9/6 2195/9/6 2210/9/6
f 2195/18/6 2196/18/6 2211/18/6
f 2210/9/6 2195/9/6 2211/9/6
f 2196/14/6 2197/14/6 2212/14/6
f 2211/18/6 2196/18/6 2212/18/6
f 2212/14/6 2197/14/6 2213/14/6
f 2197/12/6 2198/12/6 2214/12/6
f 2213/14/6 2197/14/6 2214/14/6
f 2214/12/6 2198/12/6 2215/12/6
f 2198/11/6 2199/11/6 2216/11/6
f 2215/12/6 2198/12/6 2216/12/6
f 2199/11/6 2200/11/6 2216/11/6
f 2216/11/6 2200/11/6 2217/11/6
f 2200/12/6 2201/12/6 2218/12/6
f 2217/11/6 2200/11/6 2218/11/6
f 2201/11/6 2202/11/6 2219/11/6
f 2218/12/6 2201/12/6 2219/12/6
f 2219/11/6 2202/11/6 2220/11/6
f 2220/11/6 2202/11/6 2221/11/6
f 2202/12/6 2203/12/6 2222/12/6
f 2221/11/6 2202/11/6 2222/11/6
f 2204/11/6 2205/11/6 2223/11/6
f 2222/12/6 2203/12/6 2223/12/6
f 2203/11/6 2204/11/6 2223/11/6
f 2223/11/6 2205/11/6 2224/11/6
f 2206/12/6 2207/12/6 2225/12/6
f 2224/11/6 2205/11/6 2225/11/6
f 2205/12/6 2206/12/6 2225/12/6
f 2225/12/6 2207/12/6 2226/12/6
f 2207/14/6 2208/14/6 2227/14/6
f 2226/12/6 2207/12/6 2227/12/6
f 2208/18/6 2209/18/6 2228/18/6
f 2227/14/6 2208/14/6 2228/14/6
f 2228/18/6 2209/18/6 2229/18/6
f 2210/8/6 2211/8/6 2230/8/6
f 2212/14/6 2213/14/6 2231/14/6
f 2230/8/6 2211/8/6 2231/8/6
f 2211/14/6 2212/14/6 2231/14/6
f 2231/14/6 2213/14/6 2232/14/6
f 2214/12/6 2215/12/6 2233/12/6
f 2232/14/6 2213/14/6 2233/14/6
f 2213/12/6 2214/12/6 2233/12/6
f 2233/12/6 2215/12/6 2234/12/6
f 2216/11/6 2217/11/6 2235/11/6
f 2234/12/6 2215/12/6 2235/12/6
f 2215/11/6 2216/11/6 2235/11/6
f 2235/11/6 2217/11/6 2236/11/6
f 2217/12/6 2218/12/6 2237/12/6
f 2236/11/6 2217/11/6 2237/11/6
f 2218/11/6 2219/11/6 2238/11/6
f 2237/12/6 2218/12/6 2238/12/6
f 2219/12/6 2220/12/6 2239/12/6
f 2238/11/6 2219/11/6 2239/11/6
f 2220/11/6 2221/11/6 2240/11/6
f 2239/12/6 2220/12/6 2240/12/6
f 2221/12/6 2222/12/6 2241/12/6
f 2240/11/6 2221/11/6 2241/11/6
f 2222/11/6 2223/11/6 2242/11/6
f 2241/12/6 2222/12/6 2242/12/6
f 2223/12/6 2224/12/6 2243/12/6
f 2242/11/6 2223/11/6 2243/11/6
f 2225/11/6 2226/11/6 2244/11/6
f 2243/12/6 2224/12/6 2244/12/6
f 2224/11/6 2225/11/6 2244/11/6
f 2244/11/6 2226/11/6 2245/11/6
f 2245/11/6 2226/11/6 2246/11/6
f 2226/12/6 2227/12/6 2247/12/6
f 2246/11/6 2226/11/6 2247/11/6
f 2227/12/6 2228/12/6 2247/12/6
f 2228/14/6 2229/14/6 2248/14/6
f 2247/12/6 2228/12/6 2248/12/6
f 2248/14/6 2229/14/6 2249/14/6
f 2230/18/6 2231/18/6 2250/18/6
f 2231/14/6 2232/14/6 2251/14/6
f 2250/18/6 2231/18/6 2251/18/6
f 2232/12/6 2233/12/6 2252/12/6
f 2251/14/6 2232/14/6 2252/14/6
f 2233/18/6 2234/18/6 2253/18/6
f 2252/12/6 2233/12/6 2253/12/6
f 2235/11/6 2236/11/6 2254/11/6
f 2253/18/6 2234/18/6 2254/18/6
f 2234/11/6 2235/11/6 2254/11/6
f 2254/11/6 2236/11/6 2255/11/6
f 2236/12/6 2237/12/6 2256/12/6
f 2255/11/6 2236/11/6 2256/11/6
f 2237/11/6 2238/11/6 2257/11/6
f 2256/12/6 2237/12/6 2257/12/6
f 2239/12/6 2240/12/6 2258/12/6
f 2257/11/6 2238/11/6 2258/11/6
f 2238/12/6 2239/12/6 2258/12/6
f 2240/12/6 2241/12/6 2258/12/6
f 2258/12/6 2241/12/6 2259/12/6
f 2259/12/6 2241/12/6 2260/12/6
f 2241/18/6 2242/18/6 2261/18/6
f 2260/12/6 2241/12/6 2261/12/6
f 2242/12/6 2243/12/6 2262/12/6
f 2261/18/6 2242/18/6 2262/18/6
f 2244/12/6 2245/12/6 2262/12/6
f 2243/12/6 2244/12/6 2262/12/6
f 2262/12/6 2245/12/6 2263/12/6
f 2263/12/6 2245/12/6 2264/12/6
f 2245/11/6 2246/11/6 2265/11/6
f 2264/12/6 2245/12/6 2265/12/6
f 2246/18/6 2247/18/6 2266/18/6
f 2265/11/6 2246/11/6 2266/11/6
f 2247/14/6 2248/14/6 2267/14/6
f 2266/18/6 2247/18/6 2267/18/6
f 2267/14/6 2248/14/6 2268/14/6
f 2248/12/6 2249/12/6 2269/12/6
f 2268/14/6 2248/14/6 2269/14/6
f 2269/12/6 2249/12/6 2270/12/6
f 2252/8/6 2253/8/6 2271/8/6
f 2251/12/6 2252/12/6 2271/12/6
f 2253/9/6 2254/9/6 2272/9/6
f 2271/8/6 2253/8/6 2272/8/6
f 2254/18/6 2255/18/6 2273/18/6
f 2272/9/6 2254/9/6 2273/9/6
f 2256/12/6 2257/12/6 2274/12/6
f 2273/18/6 2255/18/6 2274/18/6
f 2255/12/6 2256/12/6 2274/12/6
f 2257/12/6 2258/12/6 2274/12/6
f 2274/12/6 2258/12/6 2275/12/6
f 2275/12/6 2258/12/6 2276/12/6
f 2258/18/6 2259/18/6 2277/18/6
f 2276/12/6 2258/12/6 2277/12/6
f 2259/14/6 2260/14/6 2278/14/6
f 2277/18/6 2259/18/6 2278/18/6
f 2260/12/6 2261/12/6 2279/12/6
f 2278/14/6 2260/14/6 2279/14/6
f 2261/11/6 2262/11/6 2280/11/6
f 2279/12/6 2261/12/6 2280/12/6
f 2262/12/6 2263/12/6 2281/12/6
f 2280/11/6 2262/11/6 2281/11/6
f 2263/14/6 2264/14/6 2282/14/6
f 2264/12/6 2265/12/6 2282/12/6
f 2265/18/6 2266/18/6 2283/18/6
f 2282/12/6 2265/12/6 2283/12/6
f 2266/9/6 2267/9/6 2284/9/6
f 2283/18/6 2266/18/6 2284/18/6
f 2267/18/6 2268/18/6 2285/18/6
f 2284/9/6 2267/9/6 2285/9/6
f 2268/12/6 2269/12/6 2286/12/6
f 2285/18/6 2268/18/6 2286/18/6
f 2269/8/6 2270/8/6 2287/8/6
f 2286/12/6 2269/12/6 2287/12/6
f 2287/8/6 2270/8/6 2288/8/6
f 2251/12/6 2271/12/6 2289/12/6
f 2250/14/6 2251/14/6 2289/14/6
f 2271/14/6 2272/14/6 2290/14/6
f 2289/12/6 2271/12/6 2290/12/6
f 2272/18/6 2273/18/6 2291/18/6
f 2290/14/6 2272/14/6 2291/14/6
f 2273/14/6 2274/14/6 2292/14/6
f 2291/18/6 2273/18/6 2292/18/6
f 2275/11/6 2276/11/6 2293/11/6
f 2274/12/6 2275/12/6 2293/12/6
f 2276/18/6 2277/18/6 2294/18/6
f 2293/11/6 2276/11/6 2294/11/6
f 2277/10/6 2278/10/6 2295/10/6
f 2294/18/6 2277/18/6 2295/18/6
f 2278/18/6 2279/18/6 2296/18/6
f 2295/10/6 2278/10/6 2296/10/6
f 2279/14/6 2280/14/6 2297/14/6
f 2296/18/6 2279/18/6 2297/18/6
f 2281/12/6 2263/12/6 2298/12/6
f 2280/12/6 2281/12/6 2298/12/6
f 2263/14/6 2282/14/6 2299/14/6
f 2298/12/6 2263/12/6 2299/12/6
f 2282/14/6 2283/14/6 2299/14/6
f 2299/14/6 2283/14/6 2300/14/6
f 2283/12/6 2284/12/6 2301/12/6
f 2300/14/6 2283/14/6 2301/14/6
f 2284/8/6 2285/8/6 2302/8/6
f 2301/12/6 2284/12/6 2302/12/6
f 2285/11/6 2286/11/6 2303/11/6
f 2302/8/6 2285/8/6 2303/8/6
f 2286/12/6 2287/12/6 2304/12/6
f 2303/11/6 2286/11/6 2304/11/6
f 2287/14/6 2288/14/6 2305/14/6
f 2304/12/6 2287/12/6 2305/12/6
f 2305/14/6 2288/14/6 2306/14/6
f 2289/14/6 2290/14/6 2307/14/6
f 2250/14/6 2289/14/6 2307/14/6
f 2290/12/6 2291/12/6 2308/12/6
f 2307/14/6 2290/14/6 2308/14/6
f 2291/12/6 2292/12/6 2308/12/6
f 2308/12/6 2292/12/6 2309/12/6
f 2292/14/6 2274/14/6 2310/14/6
f 2309/12/6 2292/12/6 2310/12/6
f 2274/12/6 2293/12/6 2311/12/6
f 2310/14/6 2274/14/6 2311/14/6
f 2293/14/6 2294/14/6 2312/14/6
f 2311/12/6 2293/12/6 2312/12/6
f 2294/14/6 2295/14/6 2312/14/6
f 2312/14/6 2295/14/6 2313/14/6
f 2295/18/6 2296/18/6 2314/18/6
f 2313/14/6 2295/14/6 2314/14/6
f 2296/14/6 2297/14/6 2315/14/6
f 2314/18/6 2296/18/6 2315/18/6
f 2280/12/6 2298/12/6 2316/12/6
f 2315/14/6 2297/14/6 2316/14/6
f 2297/14/6 2280/14/6 2316/14/6
f 2298/14/6 2299/14/6 2317/14/6
f 2316/12/6 2298/12/6 2317/12/6
f 2299/18/6 2300/18/6 2318/18/6
f 2317/14/6 2299/14/6 2318/14/6
f 2300/14/6 2301/14/6 2319/14/6
f 2318/18/6 2300/18/6 2319/18/6
f 2301/14/6 2302/14/6 2319/14/6
f 2319/14/6 2302/14/6 2320/14/6
f 2303/12/6 2304/12/6 2321/12/6
f 2320/14/6 2302/14/6 2321/14/6
f 2302/12/6 2303/12/6 2321/12/6
f 2304/14/6 2305/14/6 2322/14/6
f 2321/12/6 2304/12/6 2322/12/6
f 2305/12/6 2306/12/6 2323/12/6
f 2322/14/6 2305/14/6 2323/14/6
f 2323/12/6 2306/12/6 2324/12/6
f 2250/14/6 2307/14/6 2325/14/6
f 2307/12/6 2308/12/6 2326/12/6
f 2325/14/6 2307/14/6 2326/14/6
f 2308/14/6 2309/14/6 2327/14/6
f 2326/12/6 2308/12/6 2327/12/6
f 2309/8/6 2310/8/6 2328/8/6
f 2327/14/6 2309/14/6 2328/14/6
f 2310/12/6 2311/12/6 2329/12/6
f 2328/8/6 2310/8/6 2329/8/6
f 2311/14/6 2312/14/6 2330/14/6
f 2329/12/6 2311/12/6 2330/12/6
f 2312/18/6 2313/18/6 2331/18/6
f 2330/14/6 2312/14/6 2331/14/6
f 2313/12/6 2314/12/6 2332/12/6
f 2331/18/6 2313/18/6 2332/18/6
f 2315/14/6 2316/14/6 2333/14/6
f 2332/12/6 2314/12/6 2333/12/6
f 2314/14/6 2315/14/6 2333/14/6
f 2316/14/6 2317/14/6 2333/14/6
f 2317/7/6 2318/7/6 2334/7/6
f 2333/14/6 2317/14/6 2334/14/6
f 2318/9/6 2319/9/6 2335/9/6
f 2334/7/6 2318/7/6 2335/7/6
f 2319/8/6 2320/8/6 2336/8/6
f 2335/9/6 2319/9/6 2336/9/6
f 2320/18/6 2321/18/6 2337/18/6
f 2336/8/6 2320/8/6 2337/8/6
f 2323/14/6 2324/14/6 2338/14/6
f 2337/18/6 2321/18/6 2338/18/6
f 2321/14/6 2322/14/6 2338/14/6
f 2322/14/6 2323/14/6 2338/14/6
f 2338/14/6 2324/14/6 2339/14/6
