# MagicaVoxel @ Ephtracy

# group
o 

# material
mtllib Platform_01.mtl
usemtl palette

# normals
vn -1 0 0
vn 1 0 0
vn 0 0 1
vn 0 0 -1
vn 0 -1 0
vn 0 1 0

# texcoords
vt 0.0253906 0.5
vt 0.0292969 0.5
vt 0.0566406 0.5
vt 0.0605469 0.5

# verts
v -4.2 2.4 1.1
v -4.2 2.4 0.9
v -4.2 2.4 0.8
v -4.2 2.4 0.7
v -4.2 2.4 0.5
v -4.2 2.4 0.4
v -4.2 2.4 0.3
v -4.2 2.4 0.2
v -4.2 2.4 -0.0999999
v -4.2 2.4 -0.2
v -4.2 2.4 -0.4
v -4.2 2.4 -0.7
v -4.2 2.4 -0.8
v -4.2 2.4 -0.9
v -4.2 2.4 -1
v -4.2 2.4 -1.1
v -4.2 2.4 -1.2
v -4.2 2.4 -1.3
v -4.2 2.4 -1.5
v -4.2 2.4 -1.6
v -4.2 2.4 -1.9
v -4.2 2.4 -2.2
v -4.2 2.4 -2.3
v -4.2 2.4 -2.5
v -4.2 2.4 -2.6
v -4.2 2.4 -2.8
v -4.2 2.4 -3
v -4.2 2.4 -3.1
v -4.2 2.5 0.5
v -4.2 2.5 0.4
v -4.2 2.5 0.3
v -4.2 2.5 0.2
v -4.2 2.5 0.1
v -4.2 2.5 -0.0999999
v -4.2 2.5 -0.2
v -4.2 2.5 -0.7
v -4.2 2.5 -0.8
v -4.2 2.5 -0.9
v -4.2 2.5 -1
v -4.2 2.5 -1.1
v -4.2 2.5 -1.2
v -4.2 2.5 -1.3
v -4.2 2.5 -1.5
v -4.2 2.5 -1.6
v -4.2 2.5 -1.9
v -4.2 2.5 -2
v -4.2 2.5 -2.1
v -4.2 2.5 -2.2
v -4.2 2.5 -2.3
v -4.2 2.5 -2.5
v -4.2 2.5 -2.6
v -4.2 2.5 -2.7
v -4.2 2.5 -2.8
v -4.2 2.5 -3
v -4.2 2.6 0.5
v -4.2 2.6 0.4
v -4.2 2.6 0.3
v -4.2 2.6 0.2
v -4.2 2.6 0.1
v -4.2 2.6 0
v -4.2 2.6 -0.0999999
v -4.2 2.6 -1
v -4.2 2.6 -1.1
v -4.2 2.6 -1.2
v -4.2 2.6 -1.3
v -4.2 2.6 -2.2
v -4.2 2.6 -2.3
v -4.2 2.6 -2.7
v -4.2 2.6 -2.8
v -4.2 2.6 -3
v -4.2 2.6 -3.1
v -4.2 2.7 1.1
v -4.2 2.7 0.9
v -4.2 2.7 0.8
v -4.2 2.7 0.5
v -4.2 2.7 0.4
v -4.2 2.7 0.2
v -4.2 2.7 0.1
v -4.2 2.7 0
v -4.2 2.7 -0.0999999
v -4.2 2.7 -0.2
v -4.2 2.7 -0.4
v -4.2 2.7 -0.6
v -4.2 2.7 -0.7
v -4.2 2.7 -0.8
v -4.2 2.7 -0.9
v -4.2 2.7 -1
v -4.2 2.7 -1.1
v -4.2 2.7 -1.2
v -4.2 2.7 -1.3
v -4.2 2.7 -1.5
v -4.2 2.7 -1.6
v -4.2 2.7 -1.9
v -4.2 2.7 -2
v -4.2 2.7 -2.1
v -4.2 2.7 -2.3
v -4.2 2.7 -2.4
v -4.2 2.7 -2.5
v -4.2 2.7 -2.6
v -4.2 2.7 -2.7
v -4.2 2.7 -2.8
v -4.2 2.7 -3
v -4.2 2.7 -3.1
v -4.2 2.8 1.1
v -4.2 2.8 0.9
v -4.2 2.8 0.8
v -4.2 2.8 0.7
v -4.2 2.8 0.5
v -4.2 2.8 0.4
v -4.2 2.8 0.3
v -4.2 2.8 0.2
v -4.2 2.8 0.1
v -4.2 2.8 0
v -4.2 2.8 -0.0999999
v -4.2 2.8 -0.2
v -4.2 2.8 -0.4
v -4.2 2.8 -0.6
v -4.2 2.8 -0.7
v -4.2 2.8 -0.8
v -4.2 2.8 -0.9
v -4.2 2.8 -1
v -4.2 2.8 -1.1
v -4.2 2.8 -1.2
v -4.2 2.8 -1.5
v -4.2 2.8 -1.6
v -4.2 2.8 -1.9
v -4.2 2.8 -2
v -4.2 2.8 -2.1
v -4.2 2.8 -2.4
v -4.2 2.8 -2.5
v -4.2 2.8 -2.6
v -4.2 2.8 -2.8
v -4.2 2.8 -3
v -4.2 2.8 -3.1
v -4.2 3.1 1.1
v -4.2 3.1 0.9
v -4.2 3.1 0.8
v -4.2 3.1 0.7
v -4.2 3.1 0.4
v -4.2 3.1 0.3
v -4.2 3.1 0.1
v -4.2 3.1 0
v -4.2 3.1 -0.2
v -4.2 3.1 -0.3
v -4.2 3.1 -0.4
v -4.2 3.1 -0.8
v -4.2 3.1 -0.9
v -4.2 3.1 -1
v -4.2 3.1 -1.2
v -4.2 3.1 -1.7
v -4.2 3.1 -1.9
v -4.2 3.1 -2
v -4.2 3.1 -2.1
v -4.2 3.1 -2.4
v -4.2 3.1 -2.5
v -4.2 3.1 -2.8
v -4.2 3.1 -3
v -4.2 3.1 -3.1
v -4.2 3.2 1.1
v -4.2 3.2 1
v -4.2 3.2 0.9
v -4.2 3.2 0.8
v -4.2 3.2 0.5
v -4.2 3.2 0.4
v -4.2 3.2 0.3
v -4.2 3.2 0.2
v -4.2 3.2 0.1
v -4.2 3.2 0
v -4.2 3.2 -0.2
v -4.2 3.2 -0.3
v -4.2 3.2 -0.4
v -4.2 3.2 -0.5
v -4.2 3.2 -0.6
v -4.2 3.2 -0.7
v -4.2 3.2 -0.8
v -4.2 3.2 -0.9
v -4.2 3.2 -1
v -4.2 3.2 -1.2
v -4.2 3.2 -1.3
v -4.2 3.2 -1.4
v -4.2 3.2 -1.7
v -4.2 3.2 -1.8
v -4.2 3.2 -1.9
v -4.2 3.2 -2
v -4.2 3.2 -2.1
v -4.2 3.2 -2.2
v -4.2 3.2 -2.4
v -4.2 3.2 -2.5
v -4.2 3.2 -2.8
v -4.2 3.2 -3
v -4.2 3.2 -3.1
v -4.2 3.3 0.9
v -4.2 3.3 0.7
v -4.2 3.3 0.4
v -4.2 3.3 0.3
v -4.2 3.3 0.2
v -4.2 3.3 0.1
v -4.2 3.3 0
v -4.2 3.3 -0.2
v -4.2 3.3 -0.3
v -4.2 3.3 -0.4
v -4.2 3.3 -0.5
v -4.2 3.3 -0.8
v -4.2 3.3 -0.9
v -4.2 3.3 -1
v -4.2 3.3 -1.2
v -4.2 3.3 -1.3
v -4.2 3.3 -1.4
v -4.2 3.3 -1.5
v -4.2 3.3 -1.6
v -4.2 3.3 -1.7
v -4.2 3.3 -1.8
v -4.2 3.3 -1.9
v -4.2 3.3 -2
v -4.2 3.3 -2.1
v -4.2 3.3 -2.2
v -4.2 3.3 -2.8
v -4.2 3.3 -2.9
v -4.2 3.3 -3
v -4.2 3.3 -3.1
v -4.2 3.4 1.1
v -4.2 3.4 1
v -4.2 3.4 0.9
v -4.2 3.4 0.4
v -4.2 3.4 0.3
v -4.2 3.4 0.2
v -4.2 3.4 0.1
v -4.2 3.4 -0.4
v -4.2 3.4 -0.5
v -4.2 3.4 -0.6
v -4.2 3.4 -0.8
v -4.2 3.4 -0.9
v -4.2 3.4 -1.2
v -4.2 3.4 -1.3
v -4.2 3.4 -1.4
v -4.2 3.4 -1.5
v -4.2 3.4 -1.6
v -4.2 3.4 -1.7
v -4.2 3.4 -1.9
v -4.2 3.4 -2
v -4.2 3.4 -2.1
v -4.2 3.4 -2.2
v -4.2 3.4 -2.4
v -4.2 3.4 -2.5
v -4.2 3.5 1.1
v -4.2 3.5 1
v -4.2 3.5 0.9
v -4.2 3.5 0.8
v -4.2 3.5 0.6
v -4.2 3.5 0.5
v -4.2 3.5 0.3
v -4.2 3.5 0.2
v -4.2 3.5 -0.2
v -4.2 3.5 -0.3
v -4.2 3.5 -0.4
v -4.2 3.5 -0.5
v -4.2 3.5 -0.6
v -4.2 3.5 -0.7
v -4.2 3.5 -0.8
v -4.2 3.5 -0.9
v -4.2 3.5 -1.4
v -4.2 3.5 -1.5
v -4.2 3.5 -1.6
v -4.2 3.5 -1.7
v -4.2 3.5 -2
v -4.2 3.5 -2.1
v -4.2 3.5 -2.2
v -4.2 3.5 -2.4
v -4.2 3.5 -2.5
v -4.2 3.5 -2.8
v -4.2 3.5 -2.9
v -4.2 3.5 -3
v -4.2 3.5 -3.1
v -4.2 3.6 1.1
v -4.2 3.6 1
v -4.2 3.6 0.9
v -4.2 3.6 0.8
v -4.2 3.6 0.6
v -4.2 3.6 0.5
v -4.2 3.6 0.4
v -4.2 3.6 0.3
v -4.2 3.6 0.2
v -4.2 3.6 0.1
v -4.2 3.6 0
v -4.2 3.6 -0.2
v -4.2 3.6 -0.3
v -4.2 3.6 -0.4
v -4.2 3.6 -0.5
v -4.2 3.6 -0.6
v -4.2 3.6 -0.7
v -4.2 3.6 -0.8
v -4.2 3.6 -0.9
v -4.2 3.6 -1
v -4.2 3.6 -1.2
v -4.2 3.6 -1.3
v -4.2 3.6 -1.4
v -4.2 3.6 -1.5
v -4.2 3.6 -1.6
v -4.2 3.6 -1.8
v -4.2 3.6 -2.1
v -4.2 3.6 -2.2
v -4.2 3.6 -2.5
v -4.2 3.6 -2.8
v -4.2 3.6 -3
v -4.2 3.6 -3.1
v -4.2 3.7 1.1
v -4.2 3.7 1
v -4.2 3.7 0.9
v -4.2 3.7 0.8
v -4.2 3.7 0.5
v -4.2 3.7 0.4
v -4.2 3.7 0.3
v -4.2 3.7 0.2
v -4.2 3.7 0.1
v -4.2 3.7 0
v -4.2 3.7 -0.2
v -4.2 3.7 -0.3
v -4.2 3.7 -0.4
v -4.2 3.7 -0.5
v -4.2 3.7 -0.6
v -4.2 3.7 -0.7
v -4.2 3.7 -1
v -4.2 3.7 -1.2
v -4.2 3.7 -1.3
v -4.2 3.7 -1.4
v -4.2 3.7 -1.5
v -4.2 3.7 -1.6
v -4.2 3.7 -1.7
v -4.2 3.7 -1.8
v -4.2 3.7 -2.1
v -4.2 3.7 -2.2
v -4.2 3.7 -2.5
v -4.2 3.7 -2.8
v -4.2 3.7 -3
v -4.2 3.7 -3.1
v -4.2 4 1.1
v -4.2 4 0.9
v -4.2 4 0.8
v -4.2 4 0.7
v -4.2 4 0.5
v -4.2 4 0.4
v -4.2 4 0.3
v -4.2 4 0.2
v -4.2 4 0.1
v -4.2 4 0
v -4.2 4 -0.0999999
v -4.2 4 -0.2
v -4.2 4 -0.4
v -4.2 4 -0.6
v -4.2 4 -0.7
v -4.2 4 -0.8
v -4.2 4 -0.9
v -4.2 4 -1
v -4.2 4 -1.1
v -4.2 4 -1.2
v -4.2 4 -1.5
v -4.2 4 -1.6
v -4.2 4 -1.9
v -4.2 4 -2
v -4.2 4 -2.1
v -4.2 4 -2.4
v -4.2 4 -2.5
v -4.2 4 -2.6
v -4.2 4 -2.8
v -4.2 4 -3
v -4.2 4 -3.1
v -4.2 4.1 1.1
v -4.2 4.1 0.9
v -4.2 4.1 0.8
v -4.2 4.1 0.5
v -4.2 4.1 0.4
v -4.2 4.1 0.2
v -4.2 4.1 0.1
v -4.2 4.1 0
v -4.2 4.1 -0.0999999
v -4.2 4.1 -0.2
v -4.2 4.1 -0.4
v -4.2 4.1 -0.6
v -4.2 4.1 -0.7
v -4.2 4.1 -0.8
v -4.2 4.1 -0.9
v -4.2 4.1 -1
v -4.2 4.1 -1.1
v -4.2 4.1 -1.2
v -4.2 4.1 -1.3
v -4.2 4.1 -1.5
v -4.2 4.1 -1.6
v -4.2 4.1 -1.9
v -4.2 4.1 -2
v -4.2 4.1 -2.1
v -4.2 4.1 -2.3
v -4.2 4.1 -2.4
v -4.2 4.1 -2.5
v -4.2 4.1 -2.6
v -4.2 4.1 -2.7
v -4.2 4.1 -2.8
v -4.2 4.1 -3
v -4.2 4.1 -3.1
v -4.2 4.2 0.5
v -4.2 4.2 0.4
v -4.2 4.2 0.3
v -4.2 4.2 0.2
v -4.2 4.2 0.1
v -4.2 4.2 0
v -4.2 4.2 -0.0999999
v -4.2 4.2 -1
v -4.2 4.2 -1.1
v -4.2 4.2 -1.2
v -4.2 4.2 -1.3
v -4.2 4.2 -2.2
v -4.2 4.2 -2.3
v -4.2 4.2 -2.7
v -4.2 4.2 -2.8
v -4.2 4.2 -3
v -4.2 4.2 -3.1
v -4.2 4.3 0.5
v -4.2 4.3 0.4
v -4.2 4.3 0.3
v -4.2 4.3 0.2
v -4.2 4.3 0.1
v -4.2 4.3 -0.0999999
v -4.2 4.3 -0.2
v -4.2 4.3 -0.7
v -4.2 4.3 -0.8
v -4.2 4.3 -0.9
v -4.2 4.3 -1
v -4.2 4.3 -1.1
v -4.2 4.3 -1.2
v -4.2 4.3 -1.3
v -4.2 4.3 -1.5
v -4.2 4.3 -1.6
v -4.2 4.3 -1.9
v -4.2 4.3 -2
v -4.2 4.3 -2.1
v -4.2 4.3 -2.2
v -4.2 4.3 -2.3
v -4.2 4.3 -2.5
v -4.2 4.3 -2.6
v -4.2 4.3 -2.7
v -4.2 4.3 -2.8
v -4.2 4.3 -3
v -4.2 4.4 1.1
v -4.2 4.4 0.9
v -4.2 4.4 0.8
v -4.2 4.4 0.7
v -4.2 4.4 0.5
v -4.2 4.4 0.4
v -4.2 4.4 0.3
v -4.2 4.4 0.2
v -4.2 4.4 -0.0999999
v -4.2 4.4 -0.2
v -4.2 4.4 -0.4
v -4.2 4.4 -0.7
v -4.2 4.4 -0.8
v -4.2 4.4 -0.9
v -4.2 4.4 -1
v -4.2 4.4 -1.1
v -4.2 4.4 -1.2
v -4.2 4.4 -1.3
v -4.2 4.4 -1.5
v -4.2 4.4 -1.6
v -4.2 4.4 -1.9
v -4.2 4.4 -2.2
v -4.2 4.4 -2.3
v -4.2 4.4 -2.5
v -4.2 4.4 -2.6
v -4.2 4.4 -2.8
v -4.2 4.4 -3
v -4.2 4.4 -3.1
v -4.1 2.4 1.2
v -4.1 2.4 1.1
v -4.1 2.4 0.7
v -4.1 2.4 0.6
v -4.1 2.4 -3.1
v -4.1 2.4 -3.2
v -4.1 2.5 -0.3
v -4.1 2.5 -0.4
v -4.1 2.5 -1.6
v -4.1 2.5 -1.7
v -4.1 2.5 -1.8
v -4.1 2.5 -1.9
v -4.1 2.5 -3.1
v -4.1 2.5 -3.2
v -4.1 2.6 1.2
v -4.1 2.6 1.1
v -4.1 2.6 0.7
v -4.1 2.6 0.6
v -4.1 2.6 -1.8
v -4.1 2.6 -1.9
v -4.1 2.6 -3.1
v -4.1 2.6 -3.2
v -4.1 2.7 1.1
v -4.1 2.7 0.7
v -4.1 2.7 0.6
v -4.1 2.7 -0.4
v -4.1 2.7 -1.6
v -4.1 2.7 -1.7
v -4.1 2.7 -1.9
v -4.1 2.7 -3.1
v -4.1 2.7 -3.2
v -4.1 2.8 1.2
v -4.1 2.8 1.1
v -4.1 2.8 1
v -4.1 2.8 0.9
v -4.1 2.8 0.8
v -4.1 2.8 0.7
v -4.1 2.8 0.6
v -4.1 2.8 0.5
v -4.1 2.8 0.4
v -4.1 2.8 0.3
v -4.1 2.8 0.2
v -4.1 2.8 0.1
v -4.1 2.8 0
v -4.1 2.8 -0.0999999
v -4.1 2.8 -0.2
v -4.1 2.8 -0.3
v -4.1 2.8 -0.4
v -4.1 2.8 -0.6
v -4.1 2.8 -0.7
v -4.1 2.8 -0.8
v -4.1 2.8 -0.9
v -4.1 2.8 -1
v -4.1 2.8 -1.1
v -4.1 2.8 -1.2
v -4.1 2.8 -1.3
v -4.1 2.8 -1.4
v -4.1 2.8 -1.5
v -4.1 2.8 -1.6
v -4.1 2.8 -1.7
v -4.1 2.8 -1.8
v -4.1 2.8 -1.9
v -4.1 2.8 -2
v -4.1 2.8 -2.1
v -4.1 2.8 -2.2
v -4.1 2.8 -2.4
v -4.1 2.8 -2.5
v -4.1 2.8 -2.6
v -4.1 2.8 -2.8
v -4.1 2.8 -2.9
v -4.1 2.8 -3
v -4.1 2.8 -3.1
v -4.1 2.8 -3.2
v -4.1 2.9 1.1
v -4.1 2.9 1
v -4.1 2.9 0.9
v -4.1 2.9 0.7
v -4.1 2.9 0.5
v -4.1 2.9 0.2
v -4.1 2.9 0.1
v -4.1 2.9 0
v -4.1 2.9 -0.0999999
v -4.1 2.9 -0.2
v -4.1 2.9 -0.4
v -4.1 2.9 -0.7
v -4.1 2.9 -0.9
v -4.1 2.9 -1.1
v -4.1 2.9 -1.2
v -4.1 2.9 -1.3
v -4.1 2.9 -1.4
v -4.1 2.9 -1.6
v -4.1 2.9 -1.9
v -4.1 2.9 -2
v -4.1 2.9 -2.2
v -4.1 2.9 -2.4
v -4.1 2.9 -2.5
v -4.1 2.9 -2.6
v -4.1 2.9 -2.9
v -4.1 2.9 -3.1
v -4.1 3 1.1
v -4.1 3 0.9
v -4.1 3 0.8
v -4.1 3 0.3
v -4.1 3 0
v -4.1 3 -0.2
v -4.1 3 -0.3
v -4.1 3 -0.4
v -4.1 3 -0.8
v -4.1 3 -1
v -4.1 3 -1.2
v -4.1 3 -1.3
v -4.1 3 -1.4
v -4.1 3 -1.6
v -4.1 3 -1.7
v -4.1 3 -1.9
v -4.1 3 -2.1
v -4.1 3 -2.3
v -4.1 3 -2.4
v -4.1 3 -2.5
v -4.1 3 -2.8
v -4.1 3 -3
v -4.1 3 -3.1
v -4.1 3.1 1.2
v -4.1 3.1 1.1
v -4.1 3.1 0.9
v -4.1 3.1 0.8
v -4.1 3.1 0.7
v -4.1 3.1 0.4
v -4.1 3.1 0.3
v -4.1 3.1 0.1
v -4.1 3.1 0
v -4.1 3.1 -0.0999999
v -4.1 3.1 -0.2
v -4.1 3.1 -0.3
v -4.1 3.1 -0.4
v -4.1 3.1 -0.8
v -4.1 3.1 -0.9
v -4.1 3.1 -1
v -4.1 3.1 -1.1
v -4.1 3.1 -1.2
v -4.1 3.1 -1.3
v -4.1 3.1 -1.4
v -4.1 3.1 -1.6
v -4.1 3.1 -1.7
v -4.1 3.1 -1.9
v -4.1 3.1 -2
v -4.1 3.1 -2.1
v -4.1 3.1 -2.3
v -4.1 3.1 -2.4
v -4.1 3.1 -2.5
v -4.1 3.1 -2.6
v -4.1 3.1 -2.7
v -4.1 3.1 -2.8
v -4.1 3.1 -3
v -4.1 3.1 -3.1
v -4.1 3.1 -3.2
v -4.1 3.2 1.2
v -4.1 3.2 1.1
v -4.1 3.2 0
v -4.1 3.2 -0.0999999
v -4.1 3.2 -1.1
v -4.1 3.2 -1.2
v -4.1 3.2 -2.5
v -4.1 3.2 -2.6
v -4.1 3.2 -2.7
v -4.1 3.2 -2.8
v -4.1 3.2 -3.1
v -4.1 3.2 -3.2
v -4.1 3.3 1.2
v -4.1 3.3 1.1
v -4.1 3.3 0
v -4.1 3.3 -0.0999999
v -4.1 3.3 -1.2
v -4.1 3.3 -2.7
v -4.1 3.3 -2.8
v -4.1 3.3 -3.1
v -4.1 3.3 -3.2
v -4.1 3.4 1.2
v -4.1 3.4 1.1
v -4.1 3.4 -1.1
v -4.1 3.4 -1.2
v -4.1 3.4 -2.5
v -4.1 3.4 -2.6
v -4.1 3.4 -3.1
v -4.1 3.4 -3.2
v -4.1 3.5 1.1
v -4.1 3.5 0
v -4.1 3.5 -0.0999999
v -4.1 3.5 -1.1
v -4.1 3.5 -1.2
v -4.1 3.5 -2.5
v -4.1 3.5 -2.6
v -4.1 3.5 -2.7
v -4.1 3.5 -2.8
v -4.1 3.5 -3.1
v -4.1 3.5 -3.2
v -4.1 3.6 1.2
v -4.1 3.6 1.1
v -4.1 3.6 0
v -4.1 3.6 -0.0999999
v -4.1 3.6 -1.2
v -4.1 3.6 -2.5
v -4.1 3.6 -2.6
v -4.1 3.6 -2.7
v -4.1 3.6 -2.8
v -4.1 3.6 -3.1
v -4.1 3.6 -3.2
v -4.1 3.7 1.2
v -4.1 3.7 1.1
v -4.1 3.7 1
v -4.1 3.7 0.9
v -4.1 3.7 0.8
v -4.1 3.7 0.5
v -4.1 3.7 0.4
v -4.1 3.7 0.3
v -4.1 3.7 0.2
v -4.1 3.7 0.1
v -4.1 3.7 0
v -4.1 3.7 -0.0999999
v -4.1 3.7 -0.2
v -4.1 3.7 -0.3
v -4.1 3.7 -0.4
v -4.1 3.7 -0.5
v -4.1 3.7 -0.6
v -4.1 3.7 -0.7
v -4.1 3.7 -0.8
v -4.1 3.7 -1
v -4.1 3.7 -1.1
v -4.1 3.7 -1.2
v -4.1 3.7 -1.3
v -4.1 3.7 -1.4
v -4.1 3.7 -1.5
v -4.1 3.7 -1.6
v -4.1 3.7 -1.7
v -4.1 3.7 -1.8
v -4.1 3.7 -1.9
v -4.1 3.7 -2.1
v -4.1 3.7 -2.2
v -4.1 3.7 -2.5
v -4.1 3.7 -2.6
v -4.1 3.7 -2.7
v -4.1 3.7 -2.8
v -4.1 3.7 -3
v -4.1 3.7 -3.1
v -4.1 3.7 -3.2
v -4.1 3.8 1.1
v -4.1 3.8 0.9
v -4.1 3.8 0.8
v -4.1 3.8 0.5
v -4.1 3.8 0.3
v -4.1 3.8 0
v -4.1 3.8 -0.2
v -4.1 3.8 -0.4
v -4.1 3.8 -0.6
v -4.1 3.8 -0.7
v -4.1 3.8 -0.8
v -4.1 3.8 -1
v -4.1 3.8 -1.2
v -4.1 3.8 -1.3
v -4.1 3.8 -1.4
v -4.1 3.8 -1.5
v -4.1 3.8 -1.6
v -4.1 3.8 -1.8
v -4.1 3.8 -1.9
v -4.1 3.8 -2.1
v -4.1 3.8 -2.2
v -4.1 3.8 -2.5
v -4.1 3.8 -2.8
v -4.1 3.8 -3.1
v -4.1 3.9 1.1
v -4.1 3.9 1
v -4.1 3.9 0.9
v -4.1 3.9 0.7
v -4.1 3.9 0.5
v -4.1 3.9 0.2
v -4.1 3.9 0.1
v -4.1 3.9 0
v -4.1 3.9 -0.0999999
v -4.1 3.9 -0.2
v -4.1 3.9 -0.4
v -4.1 3.9 -0.7
v -4.1 3.9 -0.9
v -4.1 3.9 -1.1
v -4.1 3.9 -1.2
v -4.1 3.9 -1.3
v -4.1 3.9 -1.4
v -4.1 3.9 -1.6
v -4.1 3.9 -1.9
v -4.1 3.9 -2
v -4.1 3.9 -2.2
v -4.1 3.9 -2.4
v -4.1 3.9 -2.5
v -4.1 3.9 -2.6
v -4.1 3.9 -2.9
v -4.1 3.9 -3.1
v -4.1 4 1.2
v -4.1 4 1.1
v -4.1 4 1
v -4.1 4 0.9
v -4.1 4 0.8
v -4.1 4 0.7
v -4.1 4 0.6
v -4.1 4 0.5
v -4.1 4 0.4
v -4.1 4 0.3
v -4.1 4 0.2
v -4.1 4 0.1
v -4.1 4 0
v -4.1 4 -0.0999999
v -4.1 4 -0.2
v -4.1 4 -0.3
v -4.1 4 -0.4
v -4.1 4 -0.6
v -4.1 4 -0.7
v -4.1 4 -0.8
v -4.1 4 -0.9
v -4.1 4 -1
v -4.1 4 -1.1
v -4.1 4 -1.2
v -4.1 4 -1.3
v -4.1 4 -1.4
v -4.1 4 -1.5
v -4.1 4 -1.6
v -4.1 4 -1.7
v -4.1 4 -1.8
v -4.1 4 -1.9
v -4.1 4 -2
v -4.1 4 -2.1
v -4.1 4 -2.2
v -4.1 4 -2.4
v -4.1 4 -2.5
v -4.1 4 -2.6
v -4.1 4 -2.8
v -4.1 4 -2.9
v -4.1 4 -3
v -4.1 4 -3.1
v -4.1 4 -3.2
v -4.1 4.1 1.1
v -4.1 4.1 0.7
v -4.1 4.1 0.6
v -4.1 4.1 -0.4
v -4.1 4.1 -1.6
v -4.1 4.1 -1.7
v -4.1 4.1 -1.9
v -4.1 4.1 -3.1
v -4.1 4.1 -3.2
v -4.1 4.2 1.2
v -4.1 4.2 1.1
v -4.1 4.2 0.7
v -4.1 4.2 0.6
v -4.1 4.2 -1.6
v -4.1 4.2 -1.7
v -4.1 4.2 -1.8
v -4.1 4.2 -1.9
v -4.1 4.2 -3.1
v -4.1 4.2 -3.2
v -4.1 4.3 -0.3
v -4.1 4.3 -0.4
v -4.1 4.3 -1.6
v -4.1 4.3 -1.7
v -4.1 4.3 -1.8
v -4.1 4.3 -1.9
v -4.1 4.3 -3.1
v -4.1 4.3 -3.2
v -4.1 4.4 1.2
v -4.1 4.4 1.1
v -4.1 4.4 0.7
v -4.1 4.4 0.6
v -4.1 4.4 -3.1
v -4.1 4.4 -3.2
v -4 2.6 0.6
v -4 2.6 0.5
v -4 2.6 -0.2
v -4 2.6 -0.3
v -4 2.6 -1.7
v -4 2.6 -1.8
v -4 2.7 0.6
v -4 2.7 -1.7
v -4 2.8 0.7
v -4 2.8 0.6
v -4 2.8 0.5
v -4 2.8 -0.2
v -4 2.8 -0.3
v -4 2.8 -0.4
v -4 2.8 -1.6
v -4 2.8 -1.7
v -4 2.8 -1.8
v -4 2.8 -1.9
v -4 2.9 1
v -4 2.9 0.9
v -4 2.9 0.7
v -4 2.9 0.5
v -4 2.9 0.2
v -4 2.9 0.1
v -4 2.9 0
v -4 2.9 -0.0999999
v -4 2.9 -0.2
v -4 2.9 -0.4
v -4 2.9 -0.7
v -4 2.9 -0.9
v -4 2.9 -1.1
v -4 2.9 -1.2
v -4 2.9 -1.3
v -4 2.9 -1.4
v -4 2.9 -1.6
v -4 2.9 -1.9
v -4 2.9 -2
v -4 2.9 -2.2
v -4 2.9 -2.4
v -4 2.9 -2.5
v -4 2.9 -2.6
v -4 2.9 -2.9
v -4 2.9 -3
v -4 3 1
v -4 3 0.9
v -4 3 0.8
v -4 3 0.3
v -4 3 0
v -4 3 -0.2
v -4 3 -0.3
v -4 3 -0.4
v -4 3 -0.8
v -4 3 -1
v -4 3 -1.2
v -4 3 -1.3
v -4 3 -1.4
v -4 3 -1.6
v -4 3 -1.7
v -4 3 -1.9
v -4 3 -2.1
v -4 3 -2.3
v -4 3 -2.4
v -4 3 -2.5
v -4 3 -2.8
v -4 3 -3
v -4 3.1 0
v -4 3.1 -0.0999999
v -4 3.1 -0.2
v -4 3.1 -1
v -4 3.1 -1.1
v -4 3.1 -1.2
v -4 3.1 -2.5
v -4 3.1 -2.6
v -4 3.1 -2.7
v -4 3.1 -2.8
v -4 3.2 -0.0999999
v -4 3.2 -1.1
v -4 3.2 -2.6
v -4 3.2 -2.7
v -4 3.3 -0.0999999
v -4 3.3 -2.7
v -4 3.4 -1.1
v -4 3.4 -2.6
v -4 3.5 -0.0999999
v -4 3.5 -1.1
v -4 3.5 -2.6
v -4 3.5 -2.7
v -4 3.6 -0.0999999
v -4 3.6 -2.6
v -4 3.6 -2.7
v -4 3.7 0
v -4 3.7 -0.0999999
v -4 3.7 -1
v -4 3.7 -1.1
v -4 3.7 -1.2
v -4 3.7 -2.5
v -4 3.7 -2.6
v -4 3.7 -2.7
v -4 3.7 -2.8
v -4 3.8 1
v -4 3.8 0.9
v -4 3.8 0.8
v -4 3.8 0.5
v -4 3.8 0.3
v -4 3.8 0
v -4 3.8 -0.2
v -4 3.8 -0.4
v -4 3.8 -0.6
v -4 3.8 -0.7
v -4 3.8 -0.8
v -4 3.8 -1
v -4 3.8 -1.2
v -4 3.8 -1.3
v -4 3.8 -1.4
v -4 3.8 -1.5
v -4 3.8 -1.6
v -4 3.8 -1.8
v -4 3.8 -1.9
v -4 3.8 -2.1
v -4 3.8 -2.2
v -4 3.8 -2.5
v -4 3.8 -2.8
v -4 3.8 -3
v -4 3.9 1
v -4 3.9 0.9
v -4 3.9 0.7
v -4 3.9 0.5
v -4 3.9 0.2
v -4 3.9 0.1
v -4 3.9 0
v -4 3.9 -0.0999999
v -4 3.9 -0.2
v -4 3.9 -0.4
v -4 3.9 -0.7
v -4 3.9 -0.9
v -4 3.9 -1.1
v -4 3.9 -1.2
v -4 3.9 -1.3
v -4 3.9 -1.4
v -4 3.9 -1.6
v -4 3.9 -1.9
v -4 3.9 -2
v -4 3.9 -2.2
v -4 3.9 -2.4
v -4 3.9 -2.5
v -4 3.9 -2.6
v -4 3.9 -2.9
v -4 3.9 -3
v -4 4 0.7
v -4 4 0.6
v -4 4 0.5
v -4 4 -0.2
v -4 4 -0.3
v -4 4 -0.4
v -4 4 -1.6
v -4 4 -1.7
v -4 4 -1.8
v -4 4 -1.9
v -4 4.1 0.6
v -4 4.1 -1.7
v -4 4.2 0.6
v -4 4.2 0.5
v -4 4.2 -0.2
v -4 4.2 -0.3
v -4 4.2 -1.7
v -4 4.2 -1.8
v -3.5 3.9 1.1
v -3.5 3.9 1
v -3.5 3.9 -3
v -3.5 3.9 -3.1
v -3.5 4 1.2
v -3.5 4 1.1
v -3.5 4 1
v -3.5 4 -3
v -3.5 4 -3.1
v -3.5 4 -3.2
v -3.5 4.1 1.2
v -3.5 4.1 1.1
v -3.5 4.1 -3.1
v -3.5 4.1 -3.2
v -3.5 4.2 1.2
v -3.5 4.2 1.1
v -3.5 4.2 1
v -3.5 4.2 0.6
v -3.5 4.2 -1.8
v -3.5 4.2 -3
v -3.5 4.2 -3.1
v -3.5 4.2 -3.2
v -3.5 4.3 1.2
v -3.5 4.3 1.1
v -3.5 4.3 1
v -3.5 4.3 0.8
v -3.5 4.3 0.7
v -3.5 4.3 -1.8
v -3.5 4.3 -1.9
v -3.5 4.3 -2
v -3.5 4.3 -2.1
v -3.5 4.3 -2.2
v -3.5 4.3 -2.4
v -3.5 4.3 -2.5
v -3.5 4.3 -2.6
v -3.5 4.3 -2.7
v -3.5 4.3 -2.9
v -3.5 4.3 -3.1
v -3.5 4.3 -3.2
v -3.5 4.4 1.2
v -3.5 4.4 1.1
v -3.5 4.4 1
v -3.5 4.4 0.8
v -3.5 4.4 0.7
v -3.5 4.4 0.6
v -3.5 4.4 -1.9
v -3.5 4.4 -2
v -3.5 4.4 -2.1
v -3.5 4.4 -2.2
v -3.5 4.4 -2.4
v -3.5 4.4 -2.5
v -3.5 4.4 -2.6
v -3.5 4.4 -2.7
v -3.5 4.4 -2.9
v -3.5 4.4 -3.2
v -3.1 2.5 -0.4
v -3.1 2.5 -0.6
v -3.1 2.5 -0.7
v -3.1 2.5 -0.8
v -3.1 2.5 -1.1
v -3.1 2.5 -1.2
v -3.1 2.5 -1.3
v -3.1 2.5 -1.4
v -3.1 2.5 -1.5
v -3.1 2.5 -1.6
v -3.1 2.6 -0.4
v -3.1 2.6 -0.6
v -3.1 2.6 -0.7
v -3.1 2.6 -0.8
v -3.1 2.6 -1.1
v -3.1 2.6 -1.2
v -3.1 2.6 -1.3
v -3.1 2.6 -1.4
v -3.1 2.6 -1.5
v -3.1 2.6 -1.6
v -3.1 4.2 0.5
v -3.1 4.2 0.4
v -3.1 4.2 0.3
v -3.1 4.2 0.2
v -3.1 4.2 -0.2
v -3.1 4.3 0.5
v -3.1 4.3 0.4
v -3.1 4.3 0.3
v -3.1 4.3 0.2
v -3.1 4.3 -0.2
v -3 2.4 -0.4
v -3 2.4 -0.5
v -3 2.4 -0.6
v -3 2.4 -0.7
v -3 2.4 -0.8
v -3 2.4 -0.9
v -3 2.4 -1.1
v -3 2.4 -1.2
v -3 2.4 -1.3
v -3 2.4 -1.4
v -3 2.4 -1.5
v -3 2.4 -1.6
v -3 2.5 -0.3
v -3 2.5 -0.4
v -3 2.5 -0.5
v -3 2.5 -0.6
v -3 2.5 -0.7
v -3 2.5 -0.8
v -3 2.5 -0.9
v -3 2.5 -1.1
v -3 2.5 -1.2
v -3 2.5 -1.3
v -3 2.5 -1.4
v -3 2.5 -1.5
v -3 2.5 -1.6
v -3 2.5 -1.7
v -3 2.6 -0.3
v -3 2.6 -0.4
v -3 2.6 -1.6
v -3 2.6 -1.7
v -3 4.3 0.5
v -3 4.3 0.4
v -3 4.3 0.3
v -3 4.3 0.2
v -3 4.3 -0.2
v -3 4.4 0.5
v -3 4.4 0.4
v -3 4.4 0.3
v -3 4.4 0.2
v -3 4.4 -0.2
v -2.8 3 1.1
v -2.8 3 1
v -2.8 3 -3
v -2.8 3 -3.1
v -2.8 3.1 1.2
v -2.8 3.1 1.1
v -2.8 3.1 1
v -2.8 3.1 -3
v -2.8 3.1 -3.1
v -2.8 3.1 -3.2
v -2.8 3.2 1.2
v -2.8 3.2 1.1
v -2.8 3.2 -3.1
v -2.8 3.2 -3.2
v -2.8 3.3 1.2
v -2.8 3.3 1.1
v -2.8 3.3 -3.1
v -2.8 3.3 -3.2
v -2.8 3.5 1.2
v -2.8 3.5 1.1
v -2.8 3.5 -3.1
v -2.8 3.5 -3.2
v -2.8 3.6 1.2
v -2.8 3.6 1.1
v -2.8 3.6 -3.1
v -2.8 3.6 -3.2
v -2.8 3.7 1.2
v -2.8 3.7 1.1
v -2.8 3.7 -3.1
v -2.8 3.7 -3.2
v -2.8 3.8 1.1
v -2.8 3.8 1
v -2.8 3.8 -3
v -2.8 3.8 -3.1
v -2.7 2.5 1.1
v -2.7 2.5 0.9
v -2.7 2.5 0.8
v -2.7 2.5 0.7
v -2.7 2.5 0.6
v -2.7 2.5 -1.9
v -2.7 2.5 -2.1
v -2.7 2.5 -2.2
v -2.7 2.5 -2.5
v -2.7 2.5 -2.6
v -2.7 2.5 -2.9
v -2.7 2.5 -3
v -2.7 2.5 -3.1
v -2.7 2.6 1
v -2.7 2.6 0.9
v -2.7 2.6 0.8
v -2.7 2.6 0.7
v -2.7 2.6 0.6
v -2.7 2.6 -1.9
v -2.7 2.6 -2.1
v -2.7 2.6 -2.2
v -2.7 2.6 -2.5
v -2.7 2.6 -2.6
v -2.7 2.6 -2.9
v -2.7 2.6 -3
v -2.7 2.6 -3.1
v -2.7 2.7 1.1
v -2.7 2.7 1
v -2.7 2.7 -3
v -2.7 2.7 -3.1
v -2.7 2.8 1.1
v -2.7 2.8 1
v -2.7 2.8 -3
v -2.7 2.8 -3.1
v -2.7 4 1.1
v -2.7 4 1
v -2.7 4 -3
v -2.7 4 -3.1
v -2.7 4.2 1
v -2.7 4.2 0.8
v -2.7 4.2 0.7
v -2.7 4.2 0.6
v -2.7 4.2 -1.9
v -2.7 4.2 -2.1
v -2.7 4.2 -2.3
v -2.7 4.2 -2.4
v -2.7 4.2 -2.5
v -2.7 4.2 -3
v -2.7 4.3 1.1
v -2.7 4.3 1
v -2.7 4.3 0.8
v -2.7 4.3 0.7
v -2.7 4.3 0.6
v -2.7 4.3 -1.9
v -2.7 4.3 -2.1
v -2.7 4.3 -2.3
v -2.7 4.3 -2.4
v -2.7 4.3 -2.5
v -2.7 4.3 -3
v -2.7 4.3 -3.1
v -2.6 2.4 1.2
v -2.6 2.4 1.1
v -2.6 2.4 1
v -2.6 2.4 0.9
v -2.6 2.4 0.8
v -2.6 2.4 0.7
v -2.6 2.4 0.6
v -2.6 2.4 -1.9
v -2.6 2.4 -2
v -2.6 2.4 -2.3
v -2.6 2.4 -2.4
v -2.6 2.4 -3
v -2.6 2.4 -3.1
v -2.6 2.4 -3.2
v -2.6 2.5 1.2
v -2.6 2.5 1.1
v -2.6 2.5 1
v -2.6 2.5 0.9
v -2.6 2.5 0.8
v -2.6 2.5 0.7
v -2.6 2.5 0.6
v -2.6 2.5 -1.8
v -2.6 2.5 -1.9
v -2.6 2.5 -2
v -2.6 2.5 -2.1
v -2.6 2.5 -2.2
v -2.6 2.5 -2.3
v -2.6 2.5 -2.4
v -2.6 2.5 -2.5
v -2.6 2.5 -2.6
v -2.6 2.5 -2.9
v -2.6 2.5 -3
v -2.6 2.5 -3.1
v -2.6 2.5 -3.2
v -2.6 2.6 -1.8
v -2.6 2.6 -1.9
v -2.6 2.6 -3.1
v -2.6 2.7 1.2
v -2.6 2.7 1.1
v -2.6 2.7 -3.1
v -2.6 2.7 -3.2
v -2.6 2.8 1.2
v -2.6 2.8 1.1
v -2.6 2.8 1
v -2.6 2.8 -3
v -2.6 2.8 -3.1
v -2.6 2.8 -3.2
v -2.6 2.9 1.1
v -2.6 2.9 1
v -2.6 2.9 -3
v -2.6 2.9 -3.1
v -2.6 3.9 1.1
v -2.6 3.9 1
v -2.6 3.9 -3
v -2.6 3.9 -3.1
v -2.6 4 1.2
v -2.6 4 1.1
v -2.6 4 1
v -2.6 4 -3
v -2.6 4 -3.1
v -2.6 4 -3.2
v -2.6 4.1 1.2
v -2.6 4.1 1.1
v -2.6 4.1 -3.1
v -2.6 4.1 -3.2
v -2.6 4.2 -1.8
v -2.6 4.2 -1.9
v -2.6 4.3 1.1
v -2.6 4.3 1
v -2.6 4.3 0.8
v -2.6 4.3 0.7
v -2.6 4.3 0.6
v -2.6 4.3 -1.8
v -2.6 4.3 -1.9
v -2.6 4.3 -2.1
v -2.6 4.3 -2.3
v -2.6 4.3 -2.4
v -2.6 4.3 -2.5
v -2.6 4.3 -2.7
v -2.6 4.3 -2.8
v -2.6 4.3 -3
v -2.6 4.3 -3.1
v -2.6 4.4 1.2
v -2.6 4.4 1.1
v -2.6 4.4 0.7
v -2.6 4.4 0.6
v -2.6 4.4 -1.9
v -2.6 4.4 -2.4
v -2.6 4.4 -2.5
v -2.6 4.4 -2.7
v -2.6 4.4 -2.8
v -2.6 4.4 -3
v -2.6 4.4 -3.1
v -2.6 4.4 -3.2
v -2.1 2.5 0.5
v -2.1 2.5 0.1
v -2.1 2.5 0
v -2.1 2.5 -0.0999999
v -2.1 2.5 -0.2
v -2.1 2.6 0.5
v -2.1 2.6 0.1
v -2.1 2.6 0
v -2.1 2.6 -0.0999999
v -2.1 2.6 -0.2
v -2.1 4.2 -0.4
v -2.1 4.2 -0.5
v -2.1 4.2 -0.6
v -2.1 4.2 -0.8
v -2.1 4.2 -0.9
v -2.1 4.2 -1.2
v -2.1 4.2 -1.3
v -2.1 4.2 -1.6
v -2.1 4.3 -0.4
v -2.1 4.3 -0.5
v -2.1 4.3 -0.6
v -2.1 4.3 -0.8
v -2.1 4.3 -0.9
v -2.1 4.3 -1.2
v -2.1 4.3 -1.3
v -2.1 4.3 -1.6
v -2 2.4 0.5
v -2 2.4 0.4
v -2 2.4 0.2
v -2 2.4 0.1
v -2 2.4 0
v -2 2.4 -0.2
v -2 2.5 0.5
v -2 2.5 0.4
v -2 2.5 0.2
v -2 2.5 0.1
v -2 2.5 0
v -2 2.5 -0.0999999
v -2 2.5 -0.2
v -2 4.2 -0.3
v -2 4.2 -0.4
v -2 4.2 -1.6
v -2 4.2 -1.7
v -2 4.3 -0.3
v -2 4.3 -0.4
v -2 4.3 -0.5
v -2 4.3 -0.6
v -2 4.3 -0.8
v -2 4.3 -0.9
v -2 4.3 -1.2
v -2 4.3 -1.3
v -2 4.3 -1.6
v -2 4.3 -1.7
v -2 4.4 -0.4
v -2 4.4 -0.8
v -2 4.4 -0.9
v -2 4.4 -1.6
v -1.9 3.1 1.1
v -1.9 3.1 1
v -1.9 3.1 -3
v -1.9 3.1 -3.1
v -1.9 3.2 1.1
v -1.9 3.2 1
v -1.9 3.2 -3
v -1.9 3.2 -3.1
v -1.9 3.4 1.1
v -1.9 3.4 1
v -1.9 3.4 -3
v -1.9 3.4 -3.1
v -1.9 3.5 1.1
v -1.9 3.5 1
v -1.9 3.5 -3
v -1.9 3.5 -3.1
v -1.9 3.7 1.1
v -1.9 3.7 1
v -1.9 3.7 -3
v -1.9 3.7 -3.1
v -1.8 2.5 -0.4
v -1.8 2.5 -0.6
v -1.8 2.5 -0.7
v -1.8 2.5 -0.8
v -1.8 2.5 -1.1
v -1.8 2.5 -1.2
v -1.8 2.5 -1.3
v -1.8 2.5 -1.4
v -1.8 2.5 -1.5
v -1.8 2.5 -1.6
v -1.8 2.6 -0.4
v -1.8 2.6 -0.6
v -1.8 2.6 -0.7
v -1.8 2.6 -0.8
v -1.8 2.6 -1.1
v -1.8 2.6 -1.2
v -1.8 2.6 -1.3
v -1.8 2.6 -1.4
v -1.8 2.6 -1.5
v -1.8 2.6 -1.6
v -1.8 3 1.1
v -1.8 3 1
v -1.8 3 -3
v -1.8 3 -3.1
v -1.8 3.1 1.2
v -1.8 3.1 1.1
v -1.8 3.1 1
v -1.8 3.1 -3
v -1.8 3.1 -3.1
v -1.8 3.1 -3.2
v -1.8 3.2 1.2
v -1.8 3.2 1.1
v -1.8 3.2 -3.1
v -1.8 3.2 -3.2
v -1.8 3.3 1.2
v -1.8 3.3 1.1
v -1.8 3.3 -3.1
v -1.8 3.3 -3.2
v -1.8 3.4 1.2
v -1.8 3.4 1.1
v -1.8 3.4 -3.1
v -1.8 3.4 -3.2
v -1.8 3.5 1.1
v -1.8 3.5 -3.1
v -1.8 3.6 1.2
v -1.8 3.6 1.1
v -1.8 3.6 -3.1
v -1.8 3.6 -3.2
v -1.8 3.7 1.2
v -1.8 3.7 1.1
v -1.8 3.7 1
v -1.8 3.7 -3
v -1.8 3.7 -3.1
v -1.8 3.7 -3.2
v -1.8 3.8 1.1
v -1.8 3.8 1
v -1.8 3.8 -3
v -1.8 3.8 -3.1
v -1.8 4.2 0.5
v -1.8 4.2 0.4
v -1.8 4.2 0.3
v -1.8 4.2 0.2
v -1.8 4.2 -0.2
v -1.8 4.3 0.5
v -1.8 4.3 0.4
v -1.8 4.3 0.3
v -1.8 4.3 0.2
v -1.8 4.3 -0.2
v -1.7 2.4 -0.4
v -1.7 2.4 -0.6
v -1.7 2.4 -0.7
v -1.7 2.4 -0.8
v -1.7 2.4 -1
v -1.7 2.4 -1.1
v -1.7 2.4 -1.3
v -1.7 2.4 -1.4
v -1.7 2.4 -1.5
v -1.7 2.4 -1.6
v -1.7 2.5 -0.3
v -1.7 2.5 -0.4
v -1.7 2.5 -0.6
v -1.7 2.5 -0.7
v -1.7 2.5 -0.8
v -1.7 2.5 -1
v -1.7 2.5 -1.1
v -1.7 2.5 -1.2
v -1.7 2.5 -1.3
v -1.7 2.5 -1.4
v -1.7 2.5 -1.5
v -1.7 2.5 -1.6
v -1.7 2.5 -1.7
v -1.7 2.6 -0.3
v -1.7 2.6 -0.4
v -1.7 2.6 -1.6
v -1.7 2.6 -1.7
v -1.7 4.3 0.5
v -1.7 4.3 0.4
v -1.7 4.3 0.3
v -1.7 4.3 0.2
v -1.7 4.3 -0.0999999
v -1.7 4.3 -0.2
v -1.7 4.4 0.5
v -1.7 4.4 0.4
v -1.7 4.4 0.3
v -1.7 4.4 0.2
v -1.7 4.4 -0.0999999
v -1.7 4.4 -0.2
v -1.2 2.4 1.2
v -1.2 2.4 1.1
v -1.2 2.4 1
v -1.2 2.4 0.8
v -1.2 2.4 0.7
v -1.2 2.4 0.6
v -1.2 2.4 -1.9
v -1.2 2.4 -2.1
v -1.2 2.4 -2.3
v -1.2 2.4 -2.5
v -1.2 2.4 -2.6
v -1.2 2.4 -2.9
v -1.2 2.4 -3
v -1.2 2.4 -3.1
v -1.2 2.4 -3.2
v -1.2 2.5 1.2
v -1.2 2.5 1.1
v -1.2 2.5 1
v -1.2 2.5 0.8
v -1.2 2.5 0.7
v -1.2 2.5 0.6
v -1.2 2.5 -1.8
v -1.2 2.5 -1.9
v -1.2 2.5 -2.1
v -1.2 2.5 -2.3
v -1.2 2.5 -2.5
v -1.2 2.5 -2.6
v -1.2 2.5 -2.9
v -1.2 2.5 -3
v -1.2 2.5 -3.1
v -1.2 2.5 -3.2
v -1.2 2.6 1
v -1.2 2.6 0.6
v -1.2 2.6 -1.8
v -1.2 2.6 -3
v -1.2 2.7 1.2
v -1.2 2.7 1.1
v -1.2 2.7 -3.1
v -1.2 2.7 -3.2
v -1.2 2.8 1.2
v -1.2 2.8 1.1
v -1.2 2.8 1
v -1.2 2.8 -3
v -1.2 2.8 -3.1
v -1.2 2.8 -3.2
v -1.2 2.9 1.1
v -1.2 2.9 1
v -1.2 2.9 -3
v -1.2 2.9 -3.1
v -1.2 4 1.1
v -1.2 4 1
v -1.2 4 -3
v -1.2 4 -3.1
v -1.2 4.2 1.1
v -1.2 4.2 1
v -1.2 4.2 0.8
v -1.2 4.2 0.7
v -1.2 4.2 0.6
v -1.2 4.2 -1.9
v -1.2 4.2 -2.1
v -1.2 4.2 -2.3
v -1.2 4.2 -2.4
v -1.2 4.2 -2.5
v -1.2 4.2 -3
v -1.2 4.3 1.1
v -1.2 4.3 0.8
v -1.2 4.3 0.7
v -1.2 4.3 0.6
v -1.2 4.3 -1.9
v -1.2 4.3 -2.1
v -1.2 4.3 -2.3
v -1.2 4.3 -2.4
v -1.2 4.3 -2.5
v -1.2 4.3 -3
v -1.2 4.3 -3.1
v -1.1 3.9 1.1
v -1.1 3.9 1
v -1.1 3.9 -3
v -1.1 3.9 -3.1
v -1.1 4 1.2
v -1.1 4 1.1
v -1.1 4 1
v -1.1 4 -3
v -1.1 4 -3.1
v -1.1 4 -3.2
v -1.1 4.1 1.2
v -1.1 4.1 1.1
v -1.1 4.1 -3.1
v -1.1 4.1 -3.2
v -1.1 4.2 1.1
v -1.1 4.2 -1.8
v -1.1 4.2 -1.9
v -1.1 4.3 1.2
v -1.1 4.3 1.1
v -1.1 4.3 1
v -1.1 4.3 0.8
v -1.1 4.3 0.7
v -1.1 4.3 0.6
v -1.1 4.3 -1.8
v -1.1 4.3 -1.9
v -1.1 4.3 -2.1
v -1.1 4.3 -2.3
v -1.1 4.3 -2.4
v -1.1 4.3 -2.5
v -1.1 4.3 -2.7
v -1.1 4.3 -2.8
v -1.1 4.3 -3
v -1.1 4.3 -3.1
v -1.1 4.3 -3.2
v -1.1 4.4 1.2
v -1.1 4.4 1.1
v -1.1 4.4 1
v -1.1 4.4 0.7
v -1.1 4.4 0.6
v -1.1 4.4 -1.9
v -1.1 4.4 -2.4
v -1.1 4.4 -2.5
v -1.1 4.4 -2.7
v -1.1 4.4 -2.8
v -1.1 4.4 -3
v -1.1 4.4 -3.1
v -1.1 4.4 -3.2
v -0.8 2.5 0.5
v -0.8 2.5 0.1
v -0.8 2.5 0
v -0.8 2.5 -0.0999999
v -0.8 2.5 -0.2
v -0.8 2.6 0.5
v -0.8 2.6 0.1
v -0.8 2.6 0
v -0.8 2.6 -0.0999999
v -0.8 2.6 -0.2
v -0.8 4.2 -0.3
v -0.8 4.2 -0.4
v -0.8 4.2 -1.6
v -0.8 4.2 -1.7
v -0.8 4.3 -0.3
v -0.8 4.3 -0.4
v -0.8 4.3 -0.5
v -0.8 4.3 -0.6
v -0.8 4.3 -0.7
v -0.8 4.3 -0.9
v -0.8 4.3 -1
v -0.8 4.3 -1.2
v -0.8 4.3 -1.3
v -0.8 4.3 -1.6
v -0.8 4.3 -1.7
v -0.8 4.4 -0.4
v -0.8 4.4 -0.5
v -0.8 4.4 -0.6
v -0.8 4.4 -0.7
v -0.8 4.4 -0.9
v -0.8 4.4 -1
v -0.8 4.4 -1.2
v -0.8 4.4 -1.3
v -0.8 4.4 -1.6
v -0.7 2.4 0.5
v -0.7 2.4 0.4
v -0.7 2.4 0.2
v -0.7 2.4 0.1
v -0.7 2.4 0
v -0.7 2.4 -0.2
v -0.7 2.5 0.5
v -0.7 2.5 0.4
v -0.7 2.5 0.2
v -0.7 2.5 0.1
v -0.7 2.5 0
v -0.7 2.5 -0.0999999
v -0.7 2.5 -0.2
v -0.4 2.4 1.1
v -0.4 2.4 1
v -0.4 2.4 0.8
v -0.4 2.4 0.7
v -0.4 2.4 0.6
v -0.4 2.4 -1.9
v -0.4 2.4 -2.1
v -0.4 2.4 -2.2
v -0.4 2.4 -2.3
v -0.4 2.4 -2.5
v -0.4 2.4 -2.6
v -0.4 2.4 -2.8
v -0.4 2.4 -2.9
v -0.4 2.4 -3
v -0.4 2.4 -3.1
v -0.4 2.5 1
v -0.4 2.5 0.8
v -0.4 2.5 0.7
v -0.4 2.5 0.6
v -0.4 2.5 -1.8
v -0.4 2.5 -1.9
v -0.4 2.5 -2.1
v -0.4 2.5 -2.2
v -0.4 2.5 -2.3
v -0.4 2.5 -2.5
v -0.4 2.5 -2.6
v -0.4 2.5 -2.8
v -0.4 2.5 -2.9
v -0.4 2.5 -3
v -0.4 2.6 1.1
v -0.4 2.6 1
v -0.4 2.6 0.6
v -0.4 2.6 -1.8
v -0.4 2.6 -1.9
v -0.4 2.6 -3
v -0.4 2.6 -3.1
v -0.4 2.7 1.1
v -0.4 2.7 1
v -0.4 2.7 -3
v -0.4 2.7 -3.1
v -0.4 2.8 1.1
v -0.4 2.8 1
v -0.4 2.8 -3
v -0.4 2.8 -3.1
v -0.3 2.4 1.2
v -0.3 2.4 1.1
v -0.3 2.4 -3.1
v -0.3 2.4 -3.2
v -0.3 2.6 1.1
v -0.3 2.6 -3.1
v -0.3 2.7 1.1
v -0.3 2.7 -3.1
v -0.3 2.8 1.2
v -0.3 2.8 1.1
v -0.3 2.8 1
v -0.3 2.8 -3
v -0.3 2.8 -3.1
v -0.3 2.8 -3.2
v -0.3 2.9 1.1
v -0.3 2.9 1
v -0.3 2.9 -3
v -0.3 2.9 -3.1
v -0.3 3.1 1.1
v -0.3 3.1 1
v -0.3 3.1 -3
v -0.3 3.1 -3.1
v -0.3 3.2 1.1
v -0.3 3.2 1
v -0.3 3.2 -3
v -0.3 3.2 -3.1
v -0.3 3.3 1.1
v -0.3 3.3 1
v -0.3 3.3 -3
v -0.3 3.3 -3.1
v -0.3 3.5 1.1
v -0.3 3.5 1
v -0.3 3.5 -3
v -0.3 3.5 -3.1
v -0.3 3.6 1.1
v -0.3 3.6 1
v -0.3 3.6 -3
v -0.3 3.6 -3.1
v -0.3 3.7 1.1
v -0.3 3.7 1
v -0.3 3.7 -3
v -0.3 3.7 -3.1
v -0.2 3 1.1
v -0.2 3 1
v -0.2 3 -3
v -0.2 3 -3.1
v -0.2 3.1 1.2
v -0.2 3.1 1.1
v -0.2 3.1 1
v -0.2 3.1 -3
v -0.2 3.1 -3.1
v -0.2 3.1 -3.2
v -0.2 3.2 1.2
v -0.2 3.2 1.1
v -0.2 3.2 -3.1
v -0.2 3.2 -3.2
v -0.2 3.3 1.2
v -0.2 3.3 1.1
v -0.2 3.3 -3.1
v -0.2 3.3 -3.2
v -0.2 3.5 1.2
v -0.2 3.5 1.1
v -0.2 3.5 -3.1
v -0.2 3.5 -3.2
v -0.2 3.6 1.2
v -0.2 3.6 1.1
v -0.2 3.6 -3.1
v -0.2 3.6 -3.2
v -0.2 3.7 1.2
v -0.2 3.7 1.1
v -0.2 3.7 1
v -0.2 3.7 -3
v -0.2 3.7 -3.1
v -0.2 3.7 -3.2
v -0.2 3.8 1.1
v -0.2 3.8 1
v -0.2 3.8 -3
v -0.2 3.8 -3.1
v -3.7 3.9 1.1
v -3.7 3.9 1
v -3.7 3.9 -3
v -3.7 3.9 -3.1
v -3.7 4 1.2
v -3.7 4 1.1
v -3.7 4 1
v -3.7 4 -3
v -3.7 4 -3.1
v -3.7 4 -3.2
v -3.7 4.1 1.1
v -3.7 4.1 -3.1
v -3.7 4.2 1.1
v -3.7 4.2 -3.1
v -3.7 4.4 1.2
v -3.7 4.4 1.1
v -3.7 4.4 -3.1
v -3.7 4.4 -3.2
v -3.6 4 1.1
v -3.6 4 1
v -3.6 4 -3
v -3.6 4 -3.1
v -3.6 4.1 1.1
v -3.6 4.1 1
v -3.6 4.1 -3
v -3.6 4.1 -3.1
v -3.6 4.2 1.1
v -3.6 4.2 1
v -3.6 4.2 0.6
v -3.6 4.2 -1.8
v -3.6 4.2 -1.9
v -3.6 4.2 -3
v -3.6 4.2 -3.1
v -3.6 4.3 1
v -3.6 4.3 0.8
v -3.6 4.3 0.7
v -3.6 4.3 0.6
v -3.6 4.3 -1.8
v -3.6 4.3 -1.9
v -3.6 4.3 -2.1
v -3.6 4.3 -2.2
v -3.6 4.3 -2.3
v -3.6 4.3 -2.5
v -3.6 4.3 -2.6
v -3.6 4.3 -2.8
v -3.6 4.3 -2.9
v -3.6 4.3 -3
v -3.6 4.4 1.1
v -3.6 4.4 1
v -3.6 4.4 0.8
v -3.6 4.4 0.7
v -3.6 4.4 0.6
v -3.6 4.4 -1.9
v -3.6 4.4 -2.1
v -3.6 4.4 -2.2
v -3.6 4.4 -2.3
v -3.6 4.4 -2.5
v -3.6 4.4 -2.6
v -3.6 4.4 -2.8
v -3.6 4.4 -2.9
v -3.6 4.4 -3
v -3.6 4.4 -3.1
v -3.3 4.3 0.5
v -3.3 4.3 0.4
v -3.3 4.3 0.2
v -3.3 4.3 0.1
v -3.3 4.3 0
v -3.3 4.3 -0.0999999
v -3.3 4.3 -0.2
v -3.3 4.4 0.5
v -3.3 4.4 0.4
v -3.3 4.4 0.2
v -3.3 4.4 0.1
v -3.3 4.4 0
v -3.3 4.4 -0.2
v -3.2 2.4 -0.4
v -3.2 2.4 -0.5
v -3.2 2.4 -0.6
v -3.2 2.4 -0.7
v -3.2 2.4 -0.9
v -3.2 2.4 -1
v -3.2 2.4 -1.2
v -3.2 2.4 -1.3
v -3.2 2.4 -1.6
v -3.2 2.5 -0.3
v -3.2 2.5 -0.4
v -3.2 2.5 -0.5
v -3.2 2.5 -0.6
v -3.2 2.5 -0.7
v -3.2 2.5 -0.9
v -3.2 2.5 -1
v -3.2 2.5 -1.2
v -3.2 2.5 -1.3
v -3.2 2.5 -1.6
v -3.2 2.5 -1.7
v -3.2 2.6 -0.3
v -3.2 2.6 -0.4
v -3.2 2.6 -1.6
v -3.2 2.6 -1.7
v -3.2 4.2 0.5
v -3.2 4.2 0.1
v -3.2 4.2 0
v -3.2 4.2 -0.0999999
v -3.2 4.2 -0.2
v -3.2 4.3 0.5
v -3.2 4.3 0.1
v -3.2 4.3 0
v -3.2 4.3 -0.0999999
v -3.2 4.3 -0.2
v -3 3 1.1
v -3 3 1
v -3 3 -3
v -3 3 -3.1
v -3 3.1 1.2
v -3 3.1 1.1
v -3 3.1 1
v -3 3.1 -3
v -3 3.1 -3.1
v -3 3.1 -3.2
v -3 3.2 1.2
v -3 3.2 1.1
v -3 3.2 -3.1
v -3 3.2 -3.2
v -3 3.3 1.2
v -3 3.3 1.1
v -3 3.3 -3.1
v -3 3.3 -3.2
v -3 3.5 1.1
v -3 3.5 -3.1
v -3 3.6 1.2
v -3 3.6 1.1
v -3 3.6 -3.1
v -3 3.6 -3.2
v -3 3.7 1.2
v -3 3.7 1.1
v -3 3.7 1
v -3 3.7 -3
v -3 3.7 -3.1
v -3 3.7 -3.2
v -3 3.8 1.1
v -3 3.8 1
v -3 3.8 -3
v -3 3.8 -3.1
v -2.9 2.4 1.2
v -2.9 2.4 1.1
v -2.9 2.4 1
v -2.9 2.4 0.7
v -2.9 2.4 0.6
v -2.9 2.4 -1.9
v -2.9 2.4 -2.4
v -2.9 2.4 -2.5
v -2.9 2.4 -2.7
v -2.9 2.4 -2.8
v -2.9 2.4 -3
v -2.9 2.4 -3.1
v -2.9 2.4 -3.2
v -2.9 2.5 1.2
v -2.9 2.5 1.1
v -2.9 2.5 1
v -2.9 2.5 0.8
v -2.9 2.5 0.7
v -2.9 2.5 0.6
v -2.9 2.5 -1.8
v -2.9 2.5 -1.9
v -2.9 2.5 -2.1
v -2.9 2.5 -2.3
v -2.9 2.5 -2.4
v -2.9 2.5 -2.5
v -2.9 2.5 -2.7
v -2.9 2.5 -2.8
v -2.9 2.5 -3
v -2.9 2.5 -3.1
v -2.9 2.5 -3.2
v -2.9 2.6 1.1
v -2.9 2.6 -1.8
v -2.9 2.6 -1.9
v -2.9 2.7 1.2
v -2.9 2.7 1.1
v -2.9 2.7 -3.1
v -2.9 2.7 -3.2
v -2.9 2.8 1.2
v -2.9 2.8 1.1
v -2.9 2.8 1
v -2.9 2.8 -3
v -2.9 2.8 -3.1
v -2.9 2.8 -3.2
v -2.9 2.9 1.1
v -2.9 2.9 1
v -2.9 2.9 -3
v -2.9 2.9 -3.1
v -2.9 3.1 1.1
v -2.9 3.1 1
v -2.9 3.1 -3
v -2.9 3.1 -3.1
v -2.9 3.2 1.1
v -2.9 3.2 1
v -2.9 3.2 -3
v -2.9 3.2 -3.1
v -2.9 3.3 1.1
v -2.9 3.3 1
v -2.9 3.3 -3
v -2.9 3.3 -3.1
v -2.9 3.5 1.1
v -2.9 3.5 1
v -2.9 3.5 -3
v -2.9 3.5 -3.1
v -2.9 3.6 1.1
v -2.9 3.6 1
v -2.9 3.6 -3
v -2.9 3.6 -3.1
v -2.9 3.7 1.1
v -2.9 3.7 1
v -2.9 3.7 -3
v -2.9 3.7 -3.1
v -2.8 2.5 1.1
v -2.8 2.5 0.8
v -2.8 2.5 0.7
v -2.8 2.5 0.6
v -2.8 2.5 -1.9
v -2.8 2.5 -2.1
v -2.8 2.5 -2.3
v -2.8 2.5 -2.4
v -2.8 2.5 -2.5
v -2.8 2.5 -3
v -2.8 2.5 -3.1
v -2.8 2.6 1.1
v -2.8 2.6 1
v -2.8 2.6 0.8
v -2.8 2.6 0.7
v -2.8 2.6 0.6
v -2.8 2.6 -1.9
v -2.8 2.6 -2.1
v -2.8 2.6 -2.3
v -2.8 2.6 -2.4
v -2.8 2.6 -2.5
v -2.8 2.6 -3
v -2.8 2.8 1.1
v -2.8 2.8 1
v -2.8 2.8 -3
v -2.8 2.8 -3.1
v -2.8 3.9 1.1
v -2.8 3.9 1
v -2.8 3.9 -3
v -2.8 3.9 -3.1
v -2.8 4 1.2
v -2.8 4 1.1
v -2.8 4 1
v -2.8 4 -3
v -2.8 4 -3.1
v -2.8 4 -3.2
v -2.8 4.1 1.2
v -2.8 4.1 1.1
v -2.8 4.1 -3.1
v -2.8 4.1 -3.2
v -2.8 4.2 1
v -2.8 4.2 0.6
v -2.8 4.2 -1.8
v -2.8 4.2 -3
v -2.8 4.3 1.2
v -2.8 4.3 1.1
v -2.8 4.3 1
v -2.8 4.3 0.8
v -2.8 4.3 0.7
v -2.8 4.3 0.6
v -2.8 4.3 -1.8
v -2.8 4.3 -1.9
v -2.8 4.3 -2.1
v -2.8 4.3 -2.3
v -2.8 4.3 -2.5
v -2.8 4.3 -2.6
v -2.8 4.3 -2.9
v -2.8 4.3 -3
v -2.8 4.3 -3.1
v -2.8 4.3 -3.2
v -2.8 4.4 1.2
v -2.8 4.4 1.1
v -2.8 4.4 1
v -2.8 4.4 0.8
v -2.8 4.4 0.7
v -2.8 4.4 0.6
v -2.8 4.4 -1.9
v -2.8 4.4 -2.1
v -2.8 4.4 -2.3
v -2.8 4.4 -2.5
v -2.8 4.4 -2.6
v -2.8 4.4 -2.9
v -2.8 4.4 -3
v -2.8 4.4 -3.1
v -2.8 4.4 -3.2
v -2.3 2.4 0.5
v -2.3 2.4 0.4
v -2.3 2.4 0.3
v -2.3 2.4 0.2
v -2.3 2.4 -0.0999999
v -2.3 2.4 -0.2
v -2.3 2.5 0.5
v -2.3 2.5 0.4
v -2.3 2.5 0.3
v -2.3 2.5 0.2
v -2.3 2.5 -0.0999999
v -2.3 2.5 -0.2
v -2.3 4.2 -0.3
v -2.3 4.2 -0.4
v -2.3 4.2 -1.6
v -2.3 4.2 -1.7
v -2.3 4.3 -0.3
v -2.3 4.3 -0.4
v -2.3 4.3 -0.6
v -2.3 4.3 -0.7
v -2.3 4.3 -0.8
v -2.3 4.3 -1
v -2.3 4.3 -1.1
v -2.3 4.3 -1.2
v -2.3 4.3 -1.3
v -2.3 4.3 -1.4
v -2.3 4.3 -1.5
v -2.3 4.3 -1.6
v -2.3 4.3 -1.7
v -2.3 4.4 -0.4
v -2.3 4.4 -0.6
v -2.3 4.4 -0.7
v -2.3 4.4 -0.8
v -2.3 4.4 -1
v -2.3 4.4 -1.1
v -2.3 4.4 -1.3
v -2.3 4.4 -1.4
v -2.3 4.4 -1.5
v -2.3 4.4 -1.6
v -2.2 2.5 0.5
v -2.2 2.5 0.4
v -2.2 2.5 0.3
v -2.2 2.5 0.2
v -2.2 2.5 -0.2
v -2.2 2.6 0.5
v -2.2 2.6 0.4
v -2.2 2.6 0.3
v -2.2 2.6 0.2
v -2.2 2.6 -0.2
v -2.2 4.2 -0.4
v -2.2 4.2 -0.6
v -2.2 4.2 -0.7
v -2.2 4.2 -0.8
v -2.2 4.2 -1.1
v -2.2 4.2 -1.2
v -2.2 4.2 -1.3
v -2.2 4.2 -1.4
v -2.2 4.2 -1.5
v -2.2 4.2 -1.6
v -2.2 4.3 -0.4
v -2.2 4.3 -0.6
v -2.2 4.3 -0.7
v -2.2 4.3 -0.8
v -2.2 4.3 -1.1
v -2.2 4.3 -1.2
v -2.2 4.3 -1.3
v -2.2 4.3 -1.4
v -2.2 4.3 -1.5
v -2.2 4.3 -1.6
v -2 2.4 -0.4
v -2 2.4 -0.8
v -2 2.4 -0.9
v -2 2.4 -1.6
v -2 2.5 -0.3
v -2 2.5 -0.4
v -2 2.5 -0.5
v -2 2.5 -0.6
v -2 2.5 -0.8
v -2 2.5 -0.9
v -2 2.5 -1.2
v -2 2.5 -1.3
v -2 2.5 -1.6
v -2 2.5 -1.7
v -2 2.6 -0.3
v -2 2.6 -0.4
v -2 2.6 -1.6
v -2 2.6 -1.7
v -2 3 1.1
v -2 3 1
v -2 3 -3
v -2 3 -3.1
v -2 3.1 1.2
v -2 3.1 1.1
v -2 3.1 1
v -2 3.1 -3
v -2 3.1 -3.1
v -2 3.1 -3.2
v -2 3.2 1.2
v -2 3.2 1.1
v -2 3.2 -3.1
v -2 3.2 -3.2
v -2 3.3 1.2
v -2 3.3 1.1
v -2 3.3 -3.1
v -2 3.3 -3.2
v -2 3.6 1.2
v -2 3.6 1.1
v -2 3.6 -3.1
v -2 3.6 -3.2
v -2 3.7 1.2
v -2 3.7 1.1
v -2 3.7 1
v -2 3.7 -3
v -2 3.7 -3.1
v -2 3.7 -3.2
v -2 3.8 1.1
v -2 3.8 1
v -2 3.8 -3
v -2 3.8 -3.1
v -2 4.3 0.5
v -2 4.3 0.4
v -2 4.3 0.2
v -2 4.3 0.1
v -2 4.3 0
v -2 4.3 -0.0999999
v -2 4.3 -0.2
v -2 4.4 0.5
v -2 4.4 0.4
v -2 4.4 0.2
v -2 4.4 0.1
v -2 4.4 0
v -2 4.4 -0.2
v -1.9 2.5 -0.4
v -1.9 2.5 -0.5
v -1.9 2.5 -0.6
v -1.9 2.5 -0.8
v -1.9 2.5 -0.9
v -1.9 2.5 -1.2
v -1.9 2.5 -1.3
v -1.9 2.5 -1.6
v -1.9 2.6 -0.4
v -1.9 2.6 -0.5
v -1.9 2.6 -0.6
v -1.9 2.6 -0.8
v -1.9 2.6 -0.9
v -1.9 2.6 -1.2
v -1.9 2.6 -1.3
v -1.9 2.6 -1.6
v -1.9 4.2 0.5
v -1.9 4.2 0.1
v -1.9 4.2 0
v -1.9 4.2 -0.0999999
v -1.9 4.2 -0.2
v -1.9 4.3 0.5
v -1.9 4.3 0.1
v -1.9 4.3 0
v -1.9 4.3 -0.0999999
v -1.9 4.3 -0.2
v -1.4 2.4 1.2
v -1.4 2.4 1.1
v -1.4 2.4 0.7
v -1.4 2.4 0.6
v -1.4 2.4 -1.9
v -1.4 2.4 -2.4
v -1.4 2.4 -2.5
v -1.4 2.4 -2.7
v -1.4 2.4 -2.8
v -1.4 2.4 -3
v -1.4 2.4 -3.1
v -1.4 2.4 -3.2
v -1.4 2.5 1.1
v -1.4 2.5 1
v -1.4 2.5 0.8
v -1.4 2.5 0.7
v -1.4 2.5 0.6
v -1.4 2.5 -1.8
v -1.4 2.5 -1.9
v -1.4 2.5 -2.1
v -1.4 2.5 -2.3
v -1.4 2.5 -2.4
v -1.4 2.5 -2.5
v -1.4 2.5 -2.7
v -1.4 2.5 -2.8
v -1.4 2.5 -3
v -1.4 2.5 -3.1
v -1.4 2.6 -1.8
v -1.4 2.6 -1.9
v -1.4 2.7 1.2
v -1.4 2.7 1.1
v -1.4 2.7 -3.1
v -1.4 2.7 -3.2
v -1.4 2.8 1.2
v -1.4 2.8 1.1
v -1.4 2.8 1
v -1.4 2.8 -3
v -1.4 2.8 -3.1
v -1.4 2.8 -3.2
v -1.4 2.9 1.1
v -1.4 2.9 1
v -1.4 2.9 -3
v -1.4 2.9 -3.1
v -1.4 3.9 1.1
v -1.4 3.9 1
v -1.4 3.9 -3
v -1.4 3.9 -3.1
v -1.4 4 1.2
v -1.4 4 1.1
v -1.4 4 1
v -1.4 4 -3
v -1.4 4 -3.1
v -1.4 4 -3.2
v -1.4 4.1 1.2
v -1.4 4.1 1.1
v -1.4 4.1 -3.1
v -1.4 4.1 -3.2
v -1.4 4.2 -1.8
v -1.4 4.2 -1.9
v -1.4 4.2 -3.1
v -1.4 4.3 1.2
v -1.4 4.3 1.1
v -1.4 4.3 1
v -1.4 4.3 0.9
v -1.4 4.3 0.8
v -1.4 4.3 0.7
v -1.4 4.3 0.6
v -1.4 4.3 -1.8
v -1.4 4.3 -1.9
v -1.4 4.3 -2
v -1.4 4.3 -2.1
v -1.4 4.3 -2.2
v -1.4 4.3 -2.3
v -1.4 4.3 -2.4
v -1.4 4.3 -2.5
v -1.4 4.3 -2.6
v -1.4 4.3 -2.9
v -1.4 4.3 -3
v -1.4 4.3 -3.1
v -1.4 4.3 -3.2
v -1.4 4.4 1.2
v -1.4 4.4 1.1
v -1.4 4.4 1
v -1.4 4.4 0.9
v -1.4 4.4 0.8
v -1.4 4.4 0.7
v -1.4 4.4 0.6
v -1.4 4.4 -1.9
v -1.4 4.4 -2
v -1.4 4.4 -2.3
v -1.4 4.4 -2.4
v -1.4 4.4 -3
v -1.4 4.4 -3.1
v -1.4 4.4 -3.2
v -1.3 2.5 1.1
v -1.3 2.5 1
v -1.3 2.5 0.8
v -1.3 2.5 0.7
v -1.3 2.5 0.6
v -1.3 2.5 -1.9
v -1.3 2.5 -2.1
v -1.3 2.5 -2.3
v -1.3 2.5 -2.4
v -1.3 2.5 -2.5
v -1.3 2.5 -3
v -1.3 2.5 -3.1
v -1.3 2.6 1
v -1.3 2.6 0.8
v -1.3 2.6 0.7
v -1.3 2.6 0.6
v -1.3 2.6 -1.9
v -1.3 2.6 -2.1
v -1.3 2.6 -2.3
v -1.3 2.6 -2.4
v -1.3 2.6 -2.5
v -1.3 2.6 -3
v -1.3 2.8 1.1
v -1.3 2.8 1
v -1.3 2.8 -3
v -1.3 2.8 -3.1
v -1.3 4 1.1
v -1.3 4 1
v -1.3 4 -3
v -1.3 4 -3.1
v -1.3 4.1 1.1
v -1.3 4.1 1
v -1.3 4.1 -3
v -1.3 4.1 -3.1
v -1.3 4.2 1
v -1.3 4.2 0.9
v -1.3 4.2 0.8
v -1.3 4.2 0.7
v -1.3 4.2 0.6
v -1.3 4.2 -1.9
v -1.3 4.2 -2.1
v -1.3 4.2 -2.2
v -1.3 4.2 -2.5
v -1.3 4.2 -2.6
v -1.3 4.2 -2.9
v -1.3 4.2 -3
v -1.3 4.2 -3.1
v -1.3 4.3 1.1
v -1.3 4.3 0.9
v -1.3 4.3 0.8
v -1.3 4.3 0.7
v -1.3 4.3 0.6
v -1.3 4.3 -1.9
v -1.3 4.3 -2.1
v -1.3 4.3 -2.2
v -1.3 4.3 -2.5
v -1.3 4.3 -2.6
v -1.3 4.3 -2.9
v -1.3 4.3 -3
v -1.3 4.3 -3.1
v -1 2.4 0.5
v -1 2.4 0.4
v -1 2.4 0.3
v -1 2.4 0.2
v -1 2.4 -0.2
v -1 2.5 0.5
v -1 2.5 0.4
v -1 2.5 0.3
v -1 2.5 0.2
v -1 2.5 -0.2
v -1 4.2 -0.3
v -1 4.2 -0.4
v -1 4.2 -1.6
v -1 4.2 -1.7
v -1 4.3 -0.3
v -1 4.3 -0.4
v -1 4.3 -0.5
v -1 4.3 -0.6
v -1 4.3 -0.7
v -1 4.3 -0.8
v -1 4.3 -0.9
v -1 4.3 -1.1
v -1 4.3 -1.2
v -1 4.3 -1.3
v -1 4.3 -1.4
v -1 4.3 -1.5
v -1 4.3 -1.6
v -1 4.3 -1.7
v -1 4.4 -0.4
v -1 4.4 -0.5
v -1 4.4 -0.6
v -1 4.4 -0.7
v -1 4.4 -0.8
v -1 4.4 -0.9
v -1 4.4 -1.1
v -1 4.4 -1.2
v -1 4.4 -1.3
v -1 4.4 -1.4
v -1 4.4 -1.5
v -1 4.4 -1.6
v -0.9 2.5 0.5
v -0.9 2.5 0.4
v -0.9 2.5 0.3
v -0.9 2.5 0.2
v -0.9 2.5 -0.2
v -0.9 2.6 0.5
v -0.9 2.6 0.4
v -0.9 2.6 0.3
v -0.9 2.6 0.2
v -0.9 2.6 -0.2
v -0.9 4.2 -0.4
v -0.9 4.2 -0.6
v -0.9 4.2 -0.7
v -0.9 4.2 -0.8
v -0.9 4.2 -1.1
v -0.9 4.2 -1.2
v -0.9 4.2 -1.3
v -0.9 4.2 -1.4
v -0.9 4.2 -1.5
v -0.9 4.2 -1.6
v -0.9 4.3 -0.4
v -0.9 4.3 -0.6
v -0.9 4.3 -0.7
v -0.9 4.3 -0.8
v -0.9 4.3 -1.1
v -0.9 4.3 -1.2
v -0.9 4.3 -1.3
v -0.9 4.3 -1.4
v -0.9 4.3 -1.5
v -0.9 4.3 -1.6
v -0.5 2.4 1.2
v -0.5 2.4 1.1
v -0.5 2.4 1
v -0.5 2.4 0.8
v -0.5 2.4 0.7
v -0.5 2.4 0.6
v -0.5 2.4 -1.9
v -0.5 2.4 -2
v -0.5 2.4 -2.1
v -0.5 2.4 -2.2
v -0.5 2.4 -2.4
v -0.5 2.4 -2.5
v -0.5 2.4 -2.6
v -0.5 2.4 -2.7
v -0.5 2.4 -2.9
v -0.5 2.4 -3.2
v -0.5 2.5 1.2
v -0.5 2.5 1.1
v -0.5 2.5 1
v -0.5 2.5 0.8
v -0.5 2.5 0.7
v -0.5 2.5 -1.8
v -0.5 2.5 -1.9
v -0.5 2.5 -2
v -0.5 2.5 -2.1
v -0.5 2.5 -2.2
v -0.5 2.5 -2.4
v -0.5 2.5 -2.5
v -0.5 2.5 -2.6
v -0.5 2.5 -2.7
v -0.5 2.5 -2.9
v -0.5 2.5 -3.1
v -0.5 2.5 -3.2
v -0.5 2.6 1.2
v -0.5 2.6 1.1
v -0.5 2.6 1
v -0.5 2.6 0.6
v -0.5 2.6 -1.8
v -0.5 2.6 -3
v -0.5 2.6 -3.1
v -0.5 2.6 -3.2
v -0.5 2.7 1.2
v -0.5 2.7 1.1
v -0.5 2.7 -3.1
v -0.5 2.7 -3.2
v -0.5 2.8 1.2
v -0.5 2.8 1.1
v -0.5 2.8 1
v -0.5 2.8 -3
v -0.5 2.8 -3.1
v -0.5 2.8 -3.2
v -0.5 2.9 1.1
v -0.5 2.9 1
v -0.5 2.9 -3
v -0.5 2.9 -3.1
v -0.5 3 1.1
v -0.5 3 1
v -0.5 3 -3
v -0.5 3 -3.1
v -0.5 3.1 1.2
v -0.5 3.1 1.1
v -0.5 3.1 1
v -0.5 3.1 -3
v -0.5 3.1 -3.1
v -0.5 3.1 -3.2
v -0.5 3.2 1.2
v -0.5 3.2 1.1
v -0.5 3.2 -3.1
v -0.5 3.2 -3.2
v -0.5 3.4 1.2
v -0.5 3.4 1.1
v -0.5 3.4 -3.1
v -0.5 3.4 -3.2
v -0.5 3.5 1.2
v -0.5 3.5 1.1
v -0.5 3.5 -3.1
v -0.5 3.5 -3.2
v -0.5 3.6 1.2
v -0.5 3.6 1.1
v -0.5 3.6 -3.1
v -0.5 3.6 -3.2
v -0.5 3.7 1.2
v -0.5 3.7 1.1
v -0.5 3.7 1
v -0.5 3.7 -3
v -0.5 3.7 -3.1
v -0.5 3.7 -3.2
v -0.5 3.8 1.1
v -0.5 3.8 1
v -0.5 3.8 -3
v -0.5 3.8 -3.1
v -0.4 3.1 1.1
v -0.4 3.1 1
v -0.4 3.1 -3
v -0.4 3.1 -3.1
v -0.4 3.2 1.1
v -0.4 3.2 1
v -0.4 3.2 -3
v -0.4 3.2 -3.1
v -0.4 3.4 1.1
v -0.4 3.4 1
v -0.4 3.4 -3
v -0.4 3.4 -3.1
v -0.4 3.5 1.1
v -0.4 3.5 1
v -0.4 3.5 -3
v -0.4 3.5 -3.1
v -0.4 3.6 1.1
v -0.4 3.6 1
v -0.4 3.6 -3
v -0.4 3.6 -3.1
v -0.4 3.7 1.1
v -0.4 3.7 1
v -0.4 3.7 -3
v -0.4 3.7 -3.1
v 0 2.4 1.2
v 0 2.4 1.1
v 0 2.5 1.1
v 0 2.6 0.6
v 0 2.6 0.5
v 0 2.6 -0.2
v 0 2.6 -0.3
v 0 2.6 -1.7
v 0 2.6 -1.8
v 0 2.7 1.2
v 0 2.7 1.1
v 0 2.7 0.6
v 0 2.7 -1.7
v 0 2.8 1.2
v 0 2.8 1.1
v 0 2.8 0.7
v 0 2.8 0.6
v 0 2.8 0.5
v 0 2.8 -0.2
v 0 2.8 -0.3
v 0 2.8 -0.4
v 0 2.8 -1.6
v 0 2.8 -1.7
v 0 2.8 -1.8
v 0 2.8 -1.9
v 0 2.9 1
v 0 2.9 0.9
v 0 2.9 0.7
v 0 2.9 0.5
v 0 2.9 0.2
v 0 2.9 0.1
v 0 2.9 0
v 0 2.9 -0.0999999
v 0 2.9 -0.2
v 0 2.9 -0.4
v 0 2.9 -0.7
v 0 2.9 -0.9
v 0 2.9 -1.1
v 0 2.9 -1.2
v 0 2.9 -1.3
v 0 2.9 -1.4
v 0 2.9 -1.6
v 0 2.9 -1.9
v 0 2.9 -2
v 0 2.9 -2.2
v 0 2.9 -2.4
v 0 2.9 -2.5
v 0 2.9 -2.6
v 0 2.9 -2.9
v 0 2.9 -3
v 0 3 1
v 0 3 0.9
v 0 3 0.8
v 0 3 0.3
v 0 3 0
v 0 3 -0.2
v 0 3 -0.3
v 0 3 -0.4
v 0 3 -0.8
v 0 3 -1
v 0 3 -1.2
v 0 3 -1.3
v 0 3 -1.4
v 0 3 -1.6
v 0 3 -1.7
v 0 3 -1.9
v 0 3 -2.1
v 0 3 -2.3
v 0 3 -2.4
v 0 3 -2.5
v 0 3 -2.8
v 0 3 -3
v 0 3.1 0
v 0 3.1 -0.0999999
v 0 3.1 -0.2
v 0 3.1 -1
v 0 3.1 -1.1
v 0 3.1 -1.2
v 0 3.1 -2.5
v 0 3.1 -2.6
v 0 3.1 -2.7
v 0 3.1 -2.8
v 0 3.2 -0.0999999
v 0 3.2 -1.1
v 0 3.2 -2.6
v 0 3.2 -2.7
v 0 3.3 -0.0999999
v 0 3.3 -2.7
v 0 3.4 -1.1
v 0 3.4 -2.6
v 0 3.5 -0.0999999
v 0 3.5 -1.1
v 0 3.5 -2.6
v 0 3.5 -2.7
v 0 3.6 -0.0999999
v 0 3.6 -2.6
v 0 3.6 -2.7
v 0 3.7 0
v 0 3.7 -0.0999999
v 0 3.7 -1
v 0 3.7 -1.1
v 0 3.7 -1.2
v 0 3.7 -2.5
v 0 3.7 -2.6
v 0 3.7 -2.7
v 0 3.7 -2.8
v 0 3.8 1
v 0 3.8 0.9
v 0 3.8 0.8
v 0 3.8 0.5
v 0 3.8 0.3
v 0 3.8 0
v 0 3.8 -0.2
v 0 3.8 -0.4
v 0 3.8 -0.6
v 0 3.8 -0.7
v 0 3.8 -0.8
v 0 3.8 -1
v 0 3.8 -1.2
v 0 3.8 -1.3
v 0 3.8 -1.4
v 0 3.8 -1.5
v 0 3.8 -1.6
v 0 3.8 -1.8
v 0 3.8 -1.9
v 0 3.8 -2.1
v 0 3.8 -2.2
v 0 3.8 -2.5
v 0 3.8 -2.8
v 0 3.8 -3
v 0 3.9 1
v 0 3.9 0.9
v 0 3.9 0.7
v 0 3.9 0.5
v 0 3.9 0.2
v 0 3.9 0.1
v 0 3.9 0
v 0 3.9 -0.0999999
v 0 3.9 -0.2
v 0 3.9 -0.4
v 0 3.9 -0.7
v 0 3.9 -0.9
v 0 3.9 -1.1
v 0 3.9 -1.2
v 0 3.9 -1.3
v 0 3.9 -1.4
v 0 3.9 -1.6
v 0 3.9 -1.9
v 0 3.9 -2
v 0 3.9 -2.2
v 0 3.9 -2.4
v 0 3.9 -2.5
v 0 3.9 -2.6
v 0 3.9 -2.9
v 0 3.9 -3
v 0 4 0.7
v 0 4 0.6
v 0 4 0.5
v 0 4 -0.2
v 0 4 -0.3
v 0 4 -0.4
v 0 4 -1.6
v 0 4 -1.7
v 0 4 -1.8
v 0 4 -1.9
v 0 4.1 0.6
v 0 4.1 -1.7
v 0 4.2 0.6
v 0 4.2 0.5
v 0 4.2 -0.2
v 0 4.2 -0.3
v 0 4.2 -1.7
v 0 4.2 -1.8
v 0.0999999 2.4 0.7
v 0.0999999 2.4 0.6
v 0.0999999 2.4 -3.1
v 0.0999999 2.4 -3.2
v 0.0999999 2.5 -0.3
v 0.0999999 2.5 -0.4
v 0.0999999 2.5 -1.6
v 0.0999999 2.5 -1.7
v 0.0999999 2.5 -1.8
v 0.0999999 2.5 -1.9
v 0.0999999 2.5 -3.1
v 0.0999999 2.5 -3.2
v 0.0999999 2.6 0.7
v 0.0999999 2.6 0.6
v 0.0999999 2.6 -1.6
v 0.0999999 2.6 -1.7
v 0.0999999 2.6 -1.8
v 0.0999999 2.6 -1.9
v 0.0999999 2.6 -3.1
v 0.0999999 2.6 -3.2
v 0.0999999 2.7 0.7
v 0.0999999 2.7 0.6
v 0.0999999 2.7 -0.4
v 0.0999999 2.7 -1.6
v 0.0999999 2.7 -1.7
v 0.0999999 2.7 -1.9
v 0.0999999 2.7 -3.1
v 0.0999999 2.7 -3.2
v 0.0999999 2.8 1.1
v 0.0999999 2.8 1
v 0.0999999 2.8 0.9
v 0.0999999 2.8 0.8
v 0.0999999 2.8 0.7
v 0.0999999 2.8 0.6
v 0.0999999 2.8 0.5
v 0.0999999 2.8 0.4
v 0.0999999 2.8 0.3
v 0.0999999 2.8 0.2
v 0.0999999 2.8 0.1
v 0.0999999 2.8 0
v 0.0999999 2.8 -0.0999999
v 0.0999999 2.8 -0.2
v 0.0999999 2.8 -0.3
v 0.0999999 2.8 -0.4
v 0.0999999 2.8 -0.6
v 0.0999999 2.8 -0.7
v 0.0999999 2.8 -0.8
v 0.0999999 2.8 -0.9
v 0.0999999 2.8 -1
v 0.0999999 2.8 -1.1
v 0.0999999 2.8 -1.2
v 0.0999999 2.8 -1.3
v 0.0999999 2.8 -1.4
v 0.0999999 2.8 -1.5
v 0.0999999 2.8 -1.6
v 0.0999999 2.8 -1.7
v 0.0999999 2.8 -1.8
v 0.0999999 2.8 -1.9
v 0.0999999 2.8 -2
v 0.0999999 2.8 -2.1
v 0.0999999 2.8 -2.2
v 0.0999999 2.8 -2.4
v 0.0999999 2.8 -2.5
v 0.0999999 2.8 -2.6
v 0.0999999 2.8 -2.8
v 0.0999999 2.8 -2.9
v 0.0999999 2.8 -3
v 0.0999999 2.8 -3.1
v 0.0999999 2.8 -3.2
v 0.0999999 2.9 1.1
v 0.0999999 2.9 1
v 0.0999999 2.9 0.9
v 0.0999999 2.9 0.7
v 0.0999999 2.9 0.5
v 0.0999999 2.9 0.2
v 0.0999999 2.9 0.1
v 0.0999999 2.9 0
v 0.0999999 2.9 -0.0999999
v 0.0999999 2.9 -0.2
v 0.0999999 2.9 -0.4
v 0.0999999 2.9 -0.7
v 0.0999999 2.9 -0.9
v 0.0999999 2.9 -1.1
v 0.0999999 2.9 -1.2
v 0.0999999 2.9 -1.3
v 0.0999999 2.9 -1.4
v 0.0999999 2.9 -1.6
v 0.0999999 2.9 -1.9
v 0.0999999 2.9 -2
v 0.0999999 2.9 -2.2
v 0.0999999 2.9 -2.4
v 0.0999999 2.9 -2.5
v 0.0999999 2.9 -2.6
v 0.0999999 2.9 -2.9
v 0.0999999 2.9 -3.1
v 0.0999999 3 1.1
v 0.0999999 3 0.9
v 0.0999999 3 0.8
v 0.0999999 3 0.3
v 0.0999999 3 0
v 0.0999999 3 -0.2
v 0.0999999 3 -0.3
v 0.0999999 3 -0.4
v 0.0999999 3 -0.8
v 0.0999999 3 -1
v 0.0999999 3 -1.2
v 0.0999999 3 -1.3
v 0.0999999 3 -1.4
v 0.0999999 3 -1.6
v 0.0999999 3 -1.7
v 0.0999999 3 -1.9
v 0.0999999 3 -2.1
v 0.0999999 3 -2.3
v 0.0999999 3 -2.4
v 0.0999999 3 -2.5
v 0.0999999 3 -2.8
v 0.0999999 3 -3
v 0.0999999 3 -3.1
v 0.0999999 3.1 1.2
v 0.0999999 3.1 1.1
v 0.0999999 3.1 0.9
v 0.0999999 3.1 0.8
v 0.0999999 3.1 0.7
v 0.0999999 3.1 0.4
v 0.0999999 3.1 0.3
v 0.0999999 3.1 0.1
v 0.0999999 3.1 0
v 0.0999999 3.1 -0.0999999
v 0.0999999 3.1 -0.2
v 0.0999999 3.1 -0.3
v 0.0999999 3.1 -0.4
v 0.0999999 3.1 -0.8
v 0.0999999 3.1 -0.9
v 0.0999999 3.1 -1
v 0.0999999 3.1 -1.1
v 0.0999999 3.1 -1.2
v 0.0999999 3.1 -1.3
v 0.0999999 3.1 -1.4
v 0.0999999 3.1 -1.6
v 0.0999999 3.1 -1.7
v 0.0999999 3.1 -1.9
v 0.0999999 3.1 -2
v 0.0999999 3.1 -2.1
v 0.0999999 3.1 -2.3
v 0.0999999 3.1 -2.4
v 0.0999999 3.1 -2.5
v 0.0999999 3.1 -2.6
v 0.0999999 3.1 -2.7
v 0.0999999 3.1 -2.8
v 0.0999999 3.1 -3
v 0.0999999 3.1 -3.1
v 0.0999999 3.1 -3.2
v 0.0999999 3.2 1.2
v 0.0999999 3.2 1.1
v 0.0999999 3.2 0
v 0.0999999 3.2 -0.0999999
v 0.0999999 3.2 -1.1
v 0.0999999 3.2 -1.2
v 0.0999999 3.2 -2.5
v 0.0999999 3.2 -2.6
v 0.0999999 3.2 -2.7
v 0.0999999 3.2 -2.8
v 0.0999999 3.2 -3.1
v 0.0999999 3.2 -3.2
v 0.0999999 3.3 1.2
v 0.0999999 3.3 1.1
v 0.0999999 3.3 0
v 0.0999999 3.3 -0.0999999
v 0.0999999 3.3 -1.2
v 0.0999999 3.3 -2.7
v 0.0999999 3.3 -2.8
v 0.0999999 3.3 -3.1
v 0.0999999 3.3 -3.2
v 0.0999999 3.4 1.2
v 0.0999999 3.4 1.1
v 0.0999999 3.4 -1.1
v 0.0999999 3.4 -1.2
v 0.0999999 3.4 -2.5
v 0.0999999 3.4 -2.6
v 0.0999999 3.4 -3.1
v 0.0999999 3.4 -3.2
v 0.0999999 3.5 1.1
v 0.0999999 3.5 0
v 0.0999999 3.5 -0.0999999
v 0.0999999 3.5 -1.1
v 0.0999999 3.5 -1.2
v 0.0999999 3.5 -2.5
v 0.0999999 3.5 -2.6
v 0.0999999 3.5 -2.7
v 0.0999999 3.5 -2.8
v 0.0999999 3.5 -3.1
v 0.0999999 3.5 -3.2
v 0.0999999 3.6 1.2
v 0.0999999 3.6 1.1
v 0.0999999 3.6 0
v 0.0999999 3.6 -0.0999999
v 0.0999999 3.6 -1.2
v 0.0999999 3.6 -2.5
v 0.0999999 3.6 -2.6
v 0.0999999 3.6 -2.7
v 0.0999999 3.6 -2.8
v 0.0999999 3.6 -3.1
v 0.0999999 3.6 -3.2
v 0.0999999 3.7 1.2
v 0.0999999 3.7 1.1
v 0.0999999 3.7 1
v 0.0999999 3.7 0.9
v 0.0999999 3.7 0.8
v 0.0999999 3.7 0.5
v 0.0999999 3.7 0.4
v 0.0999999 3.7 0.3
v 0.0999999 3.7 0.2
v 0.0999999 3.7 0.1
v 0.0999999 3.7 0
v 0.0999999 3.7 -0.0999999
v 0.0999999 3.7 -0.2
v 0.0999999 3.7 -0.3
v 0.0999999 3.7 -0.4
v 0.0999999 3.7 -0.5
v 0.0999999 3.7 -0.6
v 0.0999999 3.7 -0.7
v 0.0999999 3.7 -0.8
v 0.0999999 3.7 -1
v 0.0999999 3.7 -1.1
v 0.0999999 3.7 -1.2
v 0.0999999 3.7 -1.3
v 0.0999999 3.7 -1.4
v 0.0999999 3.7 -1.5
v 0.0999999 3.7 -1.6
v 0.0999999 3.7 -1.7
v 0.0999999 3.7 -1.8
v 0.0999999 3.7 -1.9
v 0.0999999 3.7 -2.1
v 0.0999999 3.7 -2.2
v 0.0999999 3.7 -2.5
v 0.0999999 3.7 -2.6
v 0.0999999 3.7 -2.7
v 0.0999999 3.7 -2.8
v 0.0999999 3.7 -3
v 0.0999999 3.7 -3.1
v 0.0999999 3.7 -3.2
v 0.0999999 3.8 1.1
v 0.0999999 3.8 0.9
v 0.0999999 3.8 0.8
v 0.0999999 3.8 0.5
v 0.0999999 3.8 0.3
v 0.0999999 3.8 0
v 0.0999999 3.8 -0.2
v 0.0999999 3.8 -0.4
v 0.0999999 3.8 -0.6
v 0.0999999 3.8 -0.7
v 0.0999999 3.8 -0.8
v 0.0999999 3.8 -1
v 0.0999999 3.8 -1.2
v 0.0999999 3.8 -1.3
v 0.0999999 3.8 -1.4
v 0.0999999 3.8 -1.5
v 0.0999999 3.8 -1.6
v 0.0999999 3.8 -1.8
v 0.0999999 3.8 -1.9
v 0.0999999 3.8 -2.1
v 0.0999999 3.8 -2.2
v 0.0999999 3.8 -2.5
v 0.0999999 3.8 -2.8
v 0.0999999 3.8 -3.1
v 0.0999999 3.9 1.1
v 0.0999999 3.9 1
v 0.0999999 3.9 0.9
v 0.0999999 3.9 0.7
v 0.0999999 3.9 0.5
v 0.0999999 3.9 0.2
v 0.0999999 3.9 0.1
v 0.0999999 3.9 0
v 0.0999999 3.9 -0.0999999
v 0.0999999 3.9 -0.2
v 0.0999999 3.9 -0.4
v 0.0999999 3.9 -0.7
v 0.0999999 3.9 -0.9
v 0.0999999 3.9 -1.1
v 0.0999999 3.9 -1.2
v 0.0999999 3.9 -1.3
v 0.0999999 3.9 -1.4
v 0.0999999 3.9 -1.6
v 0.0999999 3.9 -1.9
v 0.0999999 3.9 -2
v 0.0999999 3.9 -2.2
v 0.0999999 3.9 -2.4
v 0.0999999 3.9 -2.5
v 0.0999999 3.9 -2.6
v 0.0999999 3.9 -2.9
v 0.0999999 3.9 -3.1
v 0.0999999 4 1.2
v 0.0999999 4 1.1
v 0.0999999 4 1
v 0.0999999 4 0.9
v 0.0999999 4 0.8
v 0.0999999 4 0.7
v 0.0999999 4 0.6
v 0.0999999 4 0.5
v 0.0999999 4 0.4
v 0.0999999 4 0.3
v 0.0999999 4 0.2
v 0.0999999 4 0.1
v 0.0999999 4 0
v 0.0999999 4 -0.0999999
v 0.0999999 4 -0.2
v 0.0999999 4 -0.3
v 0.0999999 4 -0.4
v 0.0999999 4 -0.6
v 0.0999999 4 -0.7
v 0.0999999 4 -0.8
v 0.0999999 4 -0.9
v 0.0999999 4 -1
v 0.0999999 4 -1.1
v 0.0999999 4 -1.2
v 0.0999999 4 -1.3
v 0.0999999 4 -1.4
v 0.0999999 4 -1.5
v 0.0999999 4 -1.6
v 0.0999999 4 -1.7
v 0.0999999 4 -1.8
v 0.0999999 4 -1.9
v 0.0999999 4 -2
v 0.0999999 4 -2.1
v 0.0999999 4 -2.2
v 0.0999999 4 -2.4
v 0.0999999 4 -2.5
v 0.0999999 4 -2.6
v 0.0999999 4 -2.8
v 0.0999999 4 -2.9
v 0.0999999 4 -3
v 0.0999999 4 -3.1
v 0.0999999 4 -3.2
v 0.0999999 4.1 1.1
v 0.0999999 4.1 0.7
v 0.0999999 4.1 0.6
v 0.0999999 4.1 -0.4
v 0.0999999 4.1 -1.6
v 0.0999999 4.1 -1.7
v 0.0999999 4.1 -1.9
v 0.0999999 4.1 -3.1
v 0.0999999 4.1 -3.2
v 0.0999999 4.2 1.2
v 0.0999999 4.2 1.1
v 0.0999999 4.2 0.7
v 0.0999999 4.2 0.6
v 0.0999999 4.2 -1.8
v 0.0999999 4.2 -1.9
v 0.0999999 4.2 -3.1
v 0.0999999 4.2 -3.2
v 0.0999999 4.3 -0.3
v 0.0999999 4.3 -0.4
v 0.0999999 4.3 -1.6
v 0.0999999 4.3 -1.7
v 0.0999999 4.3 -1.8
v 0.0999999 4.3 -1.9
v 0.0999999 4.3 -3.1
v 0.0999999 4.3 -3.2
v 0.0999999 4.4 1.2
v 0.0999999 4.4 1.1
v 0.0999999 4.4 0.7
v 0.0999999 4.4 0.6
v 0.0999999 4.4 -3.1
v 0.0999999 4.4 -3.2
v 0.2 2.4 1.1
v 0.2 2.4 0.9
v 0.2 2.4 0.8
v 0.2 2.4 0.7
v 0.2 2.4 0.5
v 0.2 2.4 0.4
v 0.2 2.4 0.3
v 0.2 2.4 0.2
v 0.2 2.4 -0.0999999
v 0.2 2.4 -0.2
v 0.2 2.4 -0.4
v 0.2 2.4 -0.7
v 0.2 2.4 -0.8
v 0.2 2.4 -0.9
v 0.2 2.4 -1
v 0.2 2.4 -1.1
v 0.2 2.4 -1.2
v 0.2 2.4 -1.3
v 0.2 2.4 -1.5
v 0.2 2.4 -1.6
v 0.2 2.4 -1.9
v 0.2 2.4 -2.2
v 0.2 2.4 -2.3
v 0.2 2.4 -2.5
v 0.2 2.4 -2.6
v 0.2 2.4 -2.8
v 0.2 2.4 -3
v 0.2 2.4 -3.1
v 0.2 2.5 0.5
v 0.2 2.5 0.4
v 0.2 2.5 0.3
v 0.2 2.5 0.2
v 0.2 2.5 0.1
v 0.2 2.5 -0.0999999
v 0.2 2.5 -0.2
v 0.2 2.5 -0.7
v 0.2 2.5 -0.8
v 0.2 2.5 -0.9
v 0.2 2.5 -1
v 0.2 2.5 -1.1
v 0.2 2.5 -1.2
v 0.2 2.5 -1.3
v 0.2 2.5 -1.5
v 0.2 2.5 -1.6
v 0.2 2.5 -1.9
v 0.2 2.5 -2
v 0.2 2.5 -2.1
v 0.2 2.5 -2.2
v 0.2 2.5 -2.3
v 0.2 2.5 -2.5
v 0.2 2.5 -2.6
v 0.2 2.5 -2.7
v 0.2 2.5 -2.8
v 0.2 2.5 -3
v 0.2 2.6 0.5
v 0.2 2.6 0.4
v 0.2 2.6 0.3
v 0.2 2.6 0.2
v 0.2 2.6 0.1
v 0.2 2.6 0
v 0.2 2.6 -0.0999999
v 0.2 2.6 -1
v 0.2 2.6 -1.1
v 0.2 2.6 -1.2
v 0.2 2.6 -1.3
v 0.2 2.6 -2.2
v 0.2 2.6 -2.3
v 0.2 2.6 -2.7
v 0.2 2.6 -2.8
v 0.2 2.6 -3
v 0.2 2.6 -3.1
v 0.2 2.7 1.1
v 0.2 2.7 0.9
v 0.2 2.7 0.8
v 0.2 2.7 0.5
v 0.2 2.7 0.4
v 0.2 2.7 0.2
v 0.2 2.7 0.1
v 0.2 2.7 0
v 0.2 2.7 -0.0999999
v 0.2 2.7 -0.2
v 0.2 2.7 -0.4
v 0.2 2.7 -0.6
v 0.2 2.7 -0.7
v 0.2 2.7 -0.8
v 0.2 2.7 -0.9
v 0.2 2.7 -1
v 0.2 2.7 -1.1
v 0.2 2.7 -1.2
v 0.2 2.7 -1.3
v 0.2 2.7 -1.5
v 0.2 2.7 -1.6
v 0.2 2.7 -1.9
v 0.2 2.7 -2
v 0.2 2.7 -2.1
v 0.2 2.7 -2.3
v 0.2 2.7 -2.4
v 0.2 2.7 -2.5
v 0.2 2.7 -2.6
v 0.2 2.7 -2.7
v 0.2 2.7 -2.8
v 0.2 2.7 -3
v 0.2 2.7 -3.1
v 0.2 2.8 1.1
v 0.2 2.8 0.9
v 0.2 2.8 0.8
v 0.2 2.8 0.7
v 0.2 2.8 0.5
v 0.2 2.8 0.4
v 0.2 2.8 0.3
v 0.2 2.8 0.2
v 0.2 2.8 0.1
v 0.2 2.8 0
v 0.2 2.8 -0.0999999
v 0.2 2.8 -0.2
v 0.2 2.8 -0.4
v 0.2 2.8 -0.6
v 0.2 2.8 -0.7
v 0.2 2.8 -0.8
v 0.2 2.8 -0.9
v 0.2 2.8 -1
v 0.2 2.8 -1.1
v 0.2 2.8 -1.2
v 0.2 2.8 -1.5
v 0.2 2.8 -1.6
v 0.2 2.8 -1.9
v 0.2 2.8 -2
v 0.2 2.8 -2.1
v 0.2 2.8 -2.4
v 0.2 2.8 -2.5
v 0.2 2.8 -2.6
v 0.2 2.8 -2.8
v 0.2 2.8 -3
v 0.2 2.8 -3.1
v 0.2 3.1 1.1
v 0.2 3.1 0.9
v 0.2 3.1 0.8
v 0.2 3.1 0.7
v 0.2 3.1 0.4
v 0.2 3.1 0.3
v 0.2 3.1 0.1
v 0.2 3.1 0
v 0.2 3.1 -0.2
v 0.2 3.1 -0.3
v 0.2 3.1 -0.4
v 0.2 3.1 -0.8
v 0.2 3.1 -0.9
v 0.2 3.1 -1
v 0.2 3.1 -1.2
v 0.2 3.1 -1.7
v 0.2 3.1 -1.9
v 0.2 3.1 -2
v 0.2 3.1 -2.1
v 0.2 3.1 -2.4
v 0.2 3.1 -2.5
v 0.2 3.1 -2.8
v 0.2 3.1 -3
v 0.2 3.1 -3.1
v 0.2 3.2 1.1
v 0.2 3.2 1
v 0.2 3.2 0.9
v 0.2 3.2 0.8
v 0.2 3.2 0.5
v 0.2 3.2 0.4
v 0.2 3.2 0.3
v 0.2 3.2 0.2
v 0.2 3.2 0.1
v 0.2 3.2 0
v 0.2 3.2 -0.2
v 0.2 3.2 -0.3
v 0.2 3.2 -0.4
v 0.2 3.2 -0.5
v 0.2 3.2 -0.6
v 0.2 3.2 -0.7
v 0.2 3.2 -0.8
v 0.2 3.2 -0.9
v 0.2 3.2 -1
v 0.2 3.2 -1.2
v 0.2 3.2 -1.3
v 0.2 3.2 -1.4
v 0.2 3.2 -1.7
v 0.2 3.2 -1.8
v 0.2 3.2 -1.9
v 0.2 3.2 -2
v 0.2 3.2 -2.1
v 0.2 3.2 -2.2
v 0.2 3.2 -2.4
v 0.2 3.2 -2.5
v 0.2 3.2 -2.8
v 0.2 3.2 -3
v 0.2 3.2 -3.1
v 0.2 3.3 0.9
v 0.2 3.3 0.7
v 0.2 3.3 0.4
v 0.2 3.3 0.3
v 0.2 3.3 0.2
v 0.2 3.3 0.1
v 0.2 3.3 0
v 0.2 3.3 -0.2
v 0.2 3.3 -0.3
v 0.2 3.3 -0.4
v 0.2 3.3 -0.5
v 0.2 3.3 -0.8
v 0.2 3.3 -0.9
v 0.2 3.3 -1
v 0.2 3.3 -1.2
v 0.2 3.3 -1.3
v 0.2 3.3 -1.4
v 0.2 3.3 -1.5
v 0.2 3.3 -1.6
v 0.2 3.3 -1.7
v 0.2 3.3 -1.8
v 0.2 3.3 -1.9
v 0.2 3.3 -2
v 0.2 3.3 -2.1
v 0.2 3.3 -2.2
v 0.2 3.3 -2.8
v 0.2 3.3 -2.9
v 0.2 3.3 -3
v 0.2 3.3 -3.1
v 0.2 3.4 1.1
v 0.2 3.4 1
v 0.2 3.4 0.9
v 0.2 3.4 0.4
v 0.2 3.4 0.3
v 0.2 3.4 0.2
v 0.2 3.4 0.1
v 0.2 3.4 -0.4
v 0.2 3.4 -0.5
v 0.2 3.4 -0.6
v 0.2 3.4 -0.8
v 0.2 3.4 -0.9
v 0.2 3.4 -1.2
v 0.2 3.4 -1.3
v 0.2 3.4 -1.4
v 0.2 3.4 -1.5
v 0.2 3.4 -1.6
v 0.2 3.4 -1.7
v 0.2 3.4 -1.9
v 0.2 3.4 -2
v 0.2 3.4 -2.1
v 0.2 3.4 -2.2
v 0.2 3.4 -2.4
v 0.2 3.4 -2.5
v 0.2 3.5 1.1
v 0.2 3.5 1
v 0.2 3.5 0.9
v 0.2 3.5 0.8
v 0.2 3.5 0.6
v 0.2 3.5 0.5
v 0.2 3.5 0.3
v 0.2 3.5 0.2
v 0.2 3.5 -0.2
v 0.2 3.5 -0.3
v 0.2 3.5 -0.4
v 0.2 3.5 -0.5
v 0.2 3.5 -0.6
v 0.2 3.5 -0.7
v 0.2 3.5 -0.8
v 0.2 3.5 -0.9
v 0.2 3.5 -1.4
v 0.2 3.5 -1.5
v 0.2 3.5 -1.6
v 0.2 3.5 -1.7
v 0.2 3.5 -2
v 0.2 3.5 -2.1
v 0.2 3.5 -2.2
v 0.2 3.5 -2.4
v 0.2 3.5 -2.5
v 0.2 3.5 -2.8
v 0.2 3.5 -2.9
v 0.2 3.5 -3
v 0.2 3.5 -3.1
v 0.2 3.6 1.1
v 0.2 3.6 1
v 0.2 3.6 0.9
v 0.2 3.6 0.8
v 0.2 3.6 0.6
v 0.2 3.6 0.5
v 0.2 3.6 0.4
v 0.2 3.6 0.3
v 0.2 3.6 0.2
v 0.2 3.6 0.1
v 0.2 3.6 0
v 0.2 3.6 -0.2
v 0.2 3.6 -0.3
v 0.2 3.6 -0.4
v 0.2 3.6 -0.5
v 0.2 3.6 -0.6
v 0.2 3.6 -0.7
v 0.2 3.6 -0.8
v 0.2 3.6 -0.9
v 0.2 3.6 -1
v 0.2 3.6 -1.2
v 0.2 3.6 -1.3
v 0.2 3.6 -1.4
v 0.2 3.6 -1.5
v 0.2 3.6 -1.6
v 0.2 3.6 -1.8
v 0.2 3.6 -2.1
v 0.2 3.6 -2.2
v 0.2 3.6 -2.5
v 0.2 3.6 -2.8
v 0.2 3.6 -3
v 0.2 3.6 -3.1
v 0.2 3.7 1.1
v 0.2 3.7 1
v 0.2 3.7 0.9
v 0.2 3.7 0.8
v 0.2 3.7 0.5
v 0.2 3.7 0.4
v 0.2 3.7 0.3
v 0.2 3.7 0.2
v 0.2 3.7 0.1
v 0.2 3.7 0
v 0.2 3.7 -0.2
v 0.2 3.7 -0.3
v 0.2 3.7 -0.4
v 0.2 3.7 -0.5
v 0.2 3.7 -0.6
v 0.2 3.7 -0.7
v 0.2 3.7 -1
v 0.2 3.7 -1.2
v 0.2 3.7 -1.3
v 0.2 3.7 -1.4
v 0.2 3.7 -1.5
v 0.2 3.7 -1.6
v 0.2 3.7 -1.7
v 0.2 3.7 -1.8
v 0.2 3.7 -2.1
v 0.2 3.7 -2.2
v 0.2 3.7 -2.5
v 0.2 3.7 -2.8
v 0.2 3.7 -3
v 0.2 3.7 -3.1
v 0.2 4 1.1
v 0.2 4 0.9
v 0.2 4 0.8
v 0.2 4 0.7
v 0.2 4 0.5
v 0.2 4 0.4
v 0.2 4 0.3
v 0.2 4 0.2
v 0.2 4 0.1
v 0.2 4 0
v 0.2 4 -0.0999999
v 0.2 4 -0.2
v 0.2 4 -0.4
v 0.2 4 -0.6
v 0.2 4 -0.7
v 0.2 4 -0.8
v 0.2 4 -0.9
v 0.2 4 -1
v 0.2 4 -1.1
v 0.2 4 -1.2
v 0.2 4 -1.5
v 0.2 4 -1.6
v 0.2 4 -1.9
v 0.2 4 -2
v 0.2 4 -2.1
v 0.2 4 -2.4
v 0.2 4 -2.5
v 0.2 4 -2.6
v 0.2 4 -2.8
v 0.2 4 -3
v 0.2 4 -3.1
v 0.2 4.1 1.1
v 0.2 4.1 0.9
v 0.2 4.1 0.8
v 0.2 4.1 0.5
v 0.2 4.1 0.4
v 0.2 4.1 0.2
v 0.2 4.1 0.1
v 0.2 4.1 0
v 0.2 4.1 -0.0999999
v 0.2 4.1 -0.2
v 0.2 4.1 -0.4
v 0.2 4.1 -0.6
v 0.2 4.1 -0.7
v 0.2 4.1 -0.8
v 0.2 4.1 -0.9
v 0.2 4.1 -1
v 0.2 4.1 -1.1
v 0.2 4.1 -1.2
v 0.2 4.1 -1.3
v 0.2 4.1 -1.5
v 0.2 4.1 -1.6
v 0.2 4.1 -1.9
v 0.2 4.1 -2
v 0.2 4.1 -2.1
v 0.2 4.1 -2.3
v 0.2 4.1 -2.4
v 0.2 4.1 -2.5
v 0.2 4.1 -2.6
v 0.2 4.1 -2.7
v 0.2 4.1 -2.8
v 0.2 4.1 -3
v 0.2 4.1 -3.1
v 0.2 4.2 0.5
v 0.2 4.2 0.4
v 0.2 4.2 0.3
v 0.2 4.2 0.2
v 0.2 4.2 0.1
v 0.2 4.2 0
v 0.2 4.2 -0.0999999
v 0.2 4.2 -1
v 0.2 4.2 -1.1
v 0.2 4.2 -1.2
v 0.2 4.2 -1.3
v 0.2 4.2 -2.2
v 0.2 4.2 -2.3
v 0.2 4.2 -2.7
v 0.2 4.2 -2.8
v 0.2 4.2 -3
v 0.2 4.2 -3.1
v 0.2 4.3 0.5
v 0.2 4.3 0.4
v 0.2 4.3 0.3
v 0.2 4.3 0.2
v 0.2 4.3 0.1
v 0.2 4.3 -0.0999999
v 0.2 4.3 -0.2
v 0.2 4.3 -0.7
v 0.2 4.3 -0.8
v 0.2 4.3 -0.9
v 0.2 4.3 -1
v 0.2 4.3 -1.1
v 0.2 4.3 -1.2
v 0.2 4.3 -1.3
v 0.2 4.3 -1.5
v 0.2 4.3 -1.6
v 0.2 4.3 -1.9
v 0.2 4.3 -2
v 0.2 4.3 -2.1
v 0.2 4.3 -2.2
v 0.2 4.3 -2.3
v 0.2 4.3 -2.5
v 0.2 4.3 -2.6
v 0.2 4.3 -2.7
v 0.2 4.3 -2.8
v 0.2 4.3 -3
v 0.2 4.4 1.1
v 0.2 4.4 0.9
v 0.2 4.4 0.8
v 0.2 4.4 0.7
v 0.2 4.4 0.5
v 0.2 4.4 0.4
v 0.2 4.4 0.3
v 0.2 4.4 0.2
v 0.2 4.4 -0.0999999
v 0.2 4.4 -0.2
v 0.2 4.4 -0.4
v 0.2 4.4 -0.7
v 0.2 4.4 -0.8
v 0.2 4.4 -0.9
v 0.2 4.4 -1
v 0.2 4.4 -1.1
v 0.2 4.4 -1.2
v 0.2 4.4 -1.3
v 0.2 4.4 -1.5
v 0.2 4.4 -1.6
v 0.2 4.4 -1.9
v 0.2 4.4 -2.2
v 0.2 4.4 -2.3
v 0.2 4.4 -2.5
v 0.2 4.4 -2.6
v 0.2 4.4 -2.8
v 0.2 4.4 -3
v 0.2 4.4 -3.1
v -4.1 2.4 1.2
v -4.1 2.6 1.2
v -4.1 2.8 1.2
v -4.1 3.1 1.2
v -4.1 3.2 1.2
v -4.1 3.3 1.2
v -4.1 3.4 1.2
v -4.1 3.6 1.2
v -4.1 3.7 1.2
v -4.1 4 1.2
v -4.1 4.2 1.2
v -4.1 4.4 1.2
v -4 2.5 1.2
v -4 2.6 1.2
v -4 2.7 1.2
v -4 2.8 1.2
v -4 3.1 1.2
v -4 3.2 1.2
v -4 3.3 1.2
v -4 3.4 1.2
v -4 3.6 1.2
v -4 3.7 1.2
v -4 4.1 1.2
v -4 4.2 1.2
v -3.9 3.1 1.2
v -3.9 3.2 1.2
v -3.9 3.3 1.2
v -3.9 3.4 1.2
v -3.9 3.5 1.2
v -3.9 3.6 1.2
v -3.9 3.7 1.2
v -3.9 4 1.2
v -3.9 4.1 1.2
v -3.9 4.4 1.2
v -3.8 2.4 1.2
v -3.8 2.5 1.2
v -3.8 2.6 1.2
v -3.8 2.7 1.2
v -3.8 2.8 1.2
v -3.8 3.1 1.2
v -3.8 3.2 1.2
v -3.8 3.5 1.2
v -3.8 3.6 1.2
v -3.8 3.7 1.2
v -3.8 4 1.2
v -3.8 4.1 1.2
v -3.8 4.4 1.2
v -3.7 2.5 1.2
v -3.7 2.6 1.2
v -3.7 2.7 1.2
v -3.7 3.1 1.2
v -3.7 3.3 1.2
v -3.7 4 1.2
v -3.7 4.4 1.2
v -3.6 2.4 1.2
v -3.6 2.5 1.2
v -3.6 2.7 1.2
v -3.6 2.8 1.2
v -3.6 3.5 1.2
v -3.6 3.6 1.2
v -3.5 2.4 1.2
v -3.5 2.5 1.2
v -3.5 2.7 1.2
v -3.5 2.8 1.2
v -3.5 3.2 1.2
v -3.5 3.5 1.2
v -3.5 3.6 1.2
v -3.5 3.7 1.2
v -3.5 4 1.2
v -3.5 4.1 1.2
v -3.5 4.2 1.2
v -3.5 4.3 1.2
v -3.5 4.4 1.2
v -3.4 2.7 1.2
v -3.4 2.8 1.2
v -3.4 3.1 1.2
v -3.4 3.2 1.2
v -3.4 3.3 1.2
v -3.4 3.4 1.2
v -3.4 3.6 1.2
v -3.4 3.7 1.2
v -3.4 4 1.2
v -3.4 4.1 1.2
v -3.4 4.2 1.2
v -3.4 4.3 1.2
v -3.4 4.4 1.2
v -3.3 2.4 1.2
v -3.3 2.5 1.2
v -3.3 2.6 1.2
v -3.3 2.7 1.2
v -3.3 3.1 1.2
v -3.3 3.2 1.2
v -3.3 3.3 1.2
v -3.3 3.4 1.2
v -3.3 3.5 1.2
v -3.3 3.6 1.2
v -3.3 3.7 1.2
v -3.3 4 1.2
v -3.3 4.2 1.2
v -3.3 4.3 1.2
v -3.3 4.4 1.2
v -3.2 2.4 1.2
v -3.2 2.5 1.2
v -3.2 2.6 1.2
v -3.2 3.2 1.2
v -3.2 3.3 1.2
v -3.2 3.4 1.2
v -3.2 3.5 1.2
v -3.2 3.6 1.2
v -3.2 3.7 1.2
v -3.2 4 1.2
v -3.2 4.1 1.2
v -3.2 4.2 1.2
v -3.2 4.3 1.2
v -3.2 4.4 1.2
v -3.1 2.5 1.2
v -3.1 2.7 1.2
v -3.1 2.8 1.2
v -3.1 3.1 1.2
v -3.1 3.2 1.2
v -3.1 3.3 1.2
v -3.1 3.4 1.2
v -3.1 3.6 1.2
v -3.1 3.7 1.2
v -3.1 4 1.2
v -3.1 4.1 1.2
v -3.1 4.2 1.2
v -3.1 4.3 1.2
v -3 2.5 1.2
v -3 2.7 1.2
v -3 2.8 1.2
v -3 3.1 1.2
v -3 3.2 1.2
v -3 3.3 1.2
v -3 3.6 1.2
v -3 3.7 1.2
v -3 4 1.2
v -3 4.1 1.2
v -3 4.2 1.2
v -2.9 2.4 1.2
v -2.9 2.5 1.2
v -2.9 2.7 1.2
v -2.9 2.8 1.2
v -2.9 4 1.2
v -2.9 4.1 1.2
v -2.9 4.2 1.2
v -2.9 4.3 1.2
v -2.9 4.4 1.2
v -2.8 3.1 1.2
v -2.8 3.2 1.2
v -2.8 3.3 1.2
v -2.8 3.5 1.2
v -2.8 3.6 1.2
v -2.8 3.7 1.2
v -2.8 4 1.2
v -2.8 4.1 1.2
v -2.8 4.3 1.2
v -2.8 4.4 1.2
v -2.7 3.1 1.2
v -2.7 3.2 1.2
v -2.7 3.3 1.2
v -2.7 3.5 1.2
v -2.7 3.6 1.2
v -2.7 3.7 1.2
v -2.6 2.4 1.2
v -2.6 2.5 1.2
v -2.6 2.7 1.2
v -2.6 2.8 1.2
v -2.6 3.1 1.2
v -2.6 3.2 1.2
v -2.6 3.3 1.2
v -2.6 3.4 1.2
v -2.6 3.5 1.2
v -2.6 3.6 1.2
v -2.6 3.7 1.2
v -2.6 4 1.2
v -2.6 4.1 1.2
v -2.6 4.4 1.2
v -2.5 2.4 1.2
v -2.5 2.5 1.2
v -2.5 2.7 1.2
v -2.5 2.8 1.2
v -2.5 3.2 1.2
v -2.5 3.3 1.2
v -2.5 3.4 1.2
v -2.5 3.5 1.2
v -2.5 3.6 1.2
v -2.5 3.7 1.2
v -2.4 3.2 1.2
v -2.4 3.4 1.2
v -2.4 3.5 1.2
v -2.4 3.6 1.2
v -2.4 3.7 1.2
v -2.4 4 1.2
v -2.4 4.1 1.2
v -2.3 2.4 1.2
v -2.3 2.5 1.2
v -2.3 2.6 1.2
v -2.3 2.7 1.2
v -2.3 3.2 1.2
v -2.3 3.5 1.2
v -2.3 3.6 1.2
v -2.3 3.7 1.2
v -2.3 4 1.2
v -2.3 4.1 1.2
v -2.3 4.3 1.2
v -2.3 4.4 1.2
v -2.2 2.4 1.2
v -2.2 2.5 1.2
v -2.2 2.6 1.2
v -2.2 2.7 1.2
v -2.2 2.8 1.2
v -2.2 3.1 1.2
v -2.2 3.2 1.2
v -2.2 3.3 1.2
v -2.2 3.4 1.2
v -2.2 3.5 1.2
v -2.2 3.6 1.2
v -2.2 4 1.2
v -2.2 4.1 1.2
v -2.2 4.3 1.2
v -2.2 4.4 1.2
v -2.1 2.4 1.2
v -2.1 2.5 1.2
v -2.1 2.6 1.2
v -2.1 2.7 1.2
v -2.1 2.8 1.2
v -2.1 3.1 1.2
v -2.1 3.2 1.2
v -2.1 3.3 1.2
v -2.1 3.4 1.2
v -2.1 3.5 1.2
v -2.1 3.6 1.2
v -2.1 4 1.2
v -2.1 4.1 1.2
v -2.1 4.3 1.2
v -2.1 4.4 1.2
v -2 2.4 1.2
v -2 2.5 1.2
v -2 2.6 1.2
v -2 2.7 1.2
v -2 2.8 1.2
v -2 3.1 1.2
v -2 3.2 1.2
v -2 3.3 1.2
v -2 3.6 1.2
v -2 3.7 1.2
v -2 4 1.2
v -2 4.1 1.2
v -2 4.2 1.2
v -2 4.3 1.2
v -2 4.4 1.2
v -1.9 2.4 1.2
v -1.9 2.5 1.2
v -1.9 2.7 1.2
v -1.9 2.8 1.2
v -1.9 4 1.2
v -1.9 4.1 1.2
v -1.9 4.2 1.2
v -1.9 4.3 1.2
v -1.9 4.4 1.2
v -1.8 2.4 1.2
v -1.8 2.5 1.2
v -1.8 2.7 1.2
v -1.8 2.8 1.2
v -1.8 3.1 1.2
v -1.8 3.2 1.2
v -1.8 3.3 1.2
v -1.8 3.4 1.2
v -1.8 3.6 1.2
v -1.8 3.7 1.2
v -1.8 4 1.2
v -1.8 4.1 1.2
v -1.8 4.2 1.2
v -1.8 4.3 1.2
v -1.8 4.4 1.2
v -1.7 2.4 1.2
v -1.7 2.5 1.2
v -1.7 2.7 1.2
v -1.7 2.8 1.2
v -1.7 3.2 1.2
v -1.7 3.3 1.2
v -1.7 3.4 1.2
v -1.7 3.6 1.2
v -1.7 3.7 1.2
v -1.7 4.1 1.2
v -1.7 4.2 1.2
v -1.7 4.3 1.2
v -1.7 4.4 1.2
v -1.6 2.7 1.2
v -1.6 2.8 1.2
v -1.6 3.2 1.2
v -1.6 3.3 1.2
v -1.6 3.4 1.2
v -1.6 3.5 1.2
v -1.6 3.6 1.2
v -1.6 3.7 1.2
v -1.5 3.3 1.2
v -1.5 3.4 1.2
v -1.5 3.5 1.2
v -1.5 3.6 1.2
v -1.5 3.7 1.2
v -1.5 4 1.2
v -1.5 4.1 1.2
v -1.5 4.3 1.2
v -1.5 4.4 1.2
v -1.4 2.4 1.2
v -1.4 2.7 1.2
v -1.4 2.8 1.2
v -1.4 3.3 1.2
v -1.4 3.4 1.2
v -1.4 3.5 1.2
v -1.4 3.6 1.2
v -1.4 3.7 1.2
v -1.4 4 1.2
v -1.4 4.1 1.2
v -1.4 4.3 1.2
v -1.4 4.4 1.2
v -1.3 3.1 1.2
v -1.3 3.2 1.2
v -1.3 3.3 1.2
v -1.3 3.4 1.2
v -1.3 3.5 1.2
v -1.3 3.7 1.2
v -1.2 2.4 1.2
v -1.2 2.5 1.2
v -1.2 2.7 1.2
v -1.2 2.8 1.2
v -1.2 3.2 1.2
v -1.2 3.3 1.2
v -1.2 3.6 1.2
v -1.2 3.7 1.2
v -1.1 2.4 1.2
v -1.1 2.5 1.2
v -1.1 2.6 1.2
v -1.1 2.7 1.2
v -1.1 2.8 1.2
v -1.1 3.1 1.2
v -1.1 3.2 1.2
v -1.1 3.3 1.2
v -1.1 3.4 1.2
v -1.1 4 1.2
v -1.1 4.1 1.2
v -1.1 4.3 1.2
v -1.1 4.4 1.2
v -1 2.6 1.2
v -1 2.7 1.2
v -1 2.8 1.2
v -1 3.1 1.2
v -1 3.2 1.2
v -1 3.3 1.2
v -1 3.4 1.2
v -1 3.5 1.2
v -1 4 1.2
v -1 4.1 1.2
v -1 4.3 1.2
v -0.9 2.5 1.2
v -0.9 2.6 1.2
v -0.9 2.7 1.2
v -0.9 2.8 1.2
v -0.9 3.1 1.2
v -0.9 3.2 1.2
v -0.9 3.3 1.2
v -0.9 3.4 1.2
v -0.9 3.5 1.2
v -0.9 3.6 1.2
v -0.9 3.7 1.2
v -0.9 4 1.2
v -0.9 4.1 1.2
v -0.9 4.3 1.2
v -0.8 2.4 1.2
v -0.8 2.5 1.2
v -0.8 2.6 1.2
v -0.8 2.7 1.2
v -0.8 2.8 1.2
v -0.8 3.2 1.2
v -0.8 3.3 1.2
v -0.8 3.4 1.2
v -0.8 3.5 1.2
v -0.8 3.6 1.2
v -0.8 3.7 1.2
v -0.8 4.2 1.2
v -0.8 4.3 1.2
v -0.8 4.4 1.2
v -0.7 2.4 1.2
v -0.7 2.5 1.2
v -0.7 2.6 1.2
v -0.7 2.8 1.2
v -0.7 4.1 1.2
v -0.7 4.2 1.2
v -0.7 4.3 1.2
v -0.7 4.4 1.2
v -0.6 2.4 1.2
v -0.6 2.5 1.2
v -0.6 2.6 1.2
v -0.6 2.7 1.2
v -0.6 2.8 1.2
v -0.6 3.1 1.2
v -0.6 3.2 1.2
v -0.6 3.4 1.2
v -0.6 3.5 1.2
v -0.6 4 1.2
v -0.6 4.1 1.2
v -0.5 2.4 1.2
v -0.5 2.5 1.2
v -0.5 2.6 1.2
v -0.5 2.7 1.2
v -0.5 2.8 1.2
v -0.5 3.1 1.2
v -0.5 3.2 1.2
v -0.5 3.4 1.2
v -0.5 3.5 1.2
v -0.5 3.6 1.2
v -0.5 3.7 1.2
v -0.5 4 1.2
v -0.5 4.1 1.2
v -0.5 4.3 1.2
v -0.5 4.4 1.2
v -0.4 4 1.2
v -0.4 4.1 1.2
v -0.4 4.3 1.2
v -0.4 4.4 1.2
v -0.3 2.4 1.2
v -0.3 2.8 1.2
v -0.3 4.1 1.2
v -0.3 4.2 1.2
v -0.3 4.3 1.2
v -0.2 2.4 1.2
v -0.2 2.7 1.2
v -0.2 2.8 1.2
v -0.2 3.1 1.2
v -0.2 3.2 1.2
v -0.2 3.3 1.2
v -0.2 3.5 1.2
v -0.2 3.6 1.2
v -0.2 3.7 1.2
v -0.2 4 1.2
v -0.2 4.1 1.2
v -0.2 4.2 1.2
v -0.2 4.3 1.2
v -0.2 4.4 1.2
v -0.0999999 2.4 1.2
v -0.0999999 2.7 1.2
v -0.0999999 2.8 1.2
v -0.0999999 3.3 1.2
v -0.0999999 3.5 1.2
v 0 2.4 1.2
v 0 2.7 1.2
v 0 2.8 1.2
v 0 3.1 1.2
v 0 3.2 1.2
v 0 3.3 1.2
v 0 3.4 1.2
v 0 3.6 1.2
v 0 4 1.2
v 0 4.1 1.2
v 0 4.2 1.2
v 0 4.3 1.2
v 0.0999999 3.1 1.2
v 0.0999999 3.2 1.2
v 0.0999999 3.3 1.2
v 0.0999999 3.4 1.2
v 0.0999999 3.6 1.2
v 0.0999999 3.7 1.2
v 0.0999999 4 1.2
v 0.0999999 4.2 1.2
v 0.0999999 4.4 1.2
v -4.2 2.4 1.1
v -4.2 2.7 1.1
v -4.2 2.8 1.1
v -4.2 3.1 1.1
v -4.2 3.2 1.1
v -4.2 3.4 1.1
v -4.2 3.5 1.1
v -4.2 3.6 1.1
v -4.2 3.7 1.1
v -4.2 4 1.1
v -4.2 4.1 1.1
v -4.2 4.4 1.1
v -4.1 2.4 1.1
v -4.1 2.6 1.1
v -4.1 2.7 1.1
v -4.1 2.8 1.1
v -4.1 2.9 1.1
v -4.1 3 1.1
v -4.1 3.1 1.1
v -4.1 3.2 1.1
v -4.1 3.3 1.1
v -4.1 3.4 1.1
v -4.1 3.5 1.1
v -4.1 3.6 1.1
v -4.1 3.7 1.1
v -4.1 3.8 1.1
v -4.1 3.9 1.1
v -4.1 4 1.1
v -4.1 4.1 1.1
v -4.1 4.2 1.1
v -4.1 4.4 1.1
v -4 2.8 1.1
v -4 2.9 1.1
v -4 3.1 1.1
v -4 3.7 1.1
v -4 3.9 1.1
v -4 4 1.1
v -3.9 2.8 1.1
v -3.9 2.9 1.1
v -3.9 3 1.1
v -3.9 3.1 1.1
v -3.9 3.7 1.1
v -3.9 3.8 1.1
v -3.9 3.9 1.1
v -3.9 4 1.1
v -3.8 2.8 1.1
v -3.8 3 1.1
v -3.8 3.1 1.1
v -3.8 3.7 1.1
v -3.8 3.8 1.1
v -3.8 4 1.1
v -3.7 3.1 1.1
v -3.7 3.9 1.1
v -3.7 4 1.1
v -3.7 4.1 1.1
v -3.7 4.2 1.1
v -3.7 4.4 1.1
v -3.6 2.8 1.1
v -3.6 2.9 1.1
v -3.6 4 1.1
v -3.6 4.1 1.1
v -3.6 4.2 1.1
v -3.6 4.4 1.1
v -3.5 2.8 1.1
v -3.5 2.9 1.1
v -3.5 3.7 1.1
v -3.5 3.8 1.1
v -3.5 3.9 1.1
v -3.5 4 1.1
v -3.4 2.8 1.1
v -3.4 2.9 1.1
v -3.4 3.1 1.1
v -3.4 3.7 1.1
v -3.4 4 1.1
v -3.3 3 1.1
v -3.3 3.1 1.1
v -3.3 3.7 1.1
v -3.3 3.8 1.1
v -3.3 4 1.1
v -3.2 2.8 1.1
v -3.2 2.9 1.1
v -3.2 3.7 1.1
v -3.2 3.9 1.1
v -3.2 4 1.1
v -3.1 2.8 1.1
v -3.1 3.1 1.1
v -3.1 3.7 1.1
v -3.1 3.9 1.1
v -3.1 4 1.1
v -3 2.8 1.1
v -3 2.9 1.1
v -3 3 1.1
v -3 3.1 1.1
v -3 3.2 1.1
v -3 3.3 1.1
v -3 3.5 1.1
v -3 3.6 1.1
v -3 3.7 1.1
v -3 3.8 1.1
v -3 3.9 1.1
v -3 4 1.1
v -2.9 2.5 1.1
v -2.9 2.6 1.1
v -2.9 2.7 1.1
v -2.9 2.8 1.1
v -2.9 2.9 1.1
v -2.9 3.1 1.1
v -2.9 3.2 1.1
v -2.9 3.3 1.1
v -2.9 3.5 1.1
v -2.9 3.6 1.1
v -2.9 3.7 1.1
v -2.9 3.9 1.1
v -2.9 4 1.1
v -2.8 2.5 1.1
v -2.8 2.6 1.1
v -2.8 2.8 1.1
v -2.8 3 1.1
v -2.8 3.1 1.1
v -2.8 3.7 1.1
v -2.8 3.8 1.1
v -2.8 3.9 1.1
v -2.8 4 1.1
v -2.7 2.5 1.1
v -2.7 2.7 1.1
v -2.7 2.8 1.1
v -2.7 3 1.1
v -2.7 3.1 1.1
v -2.7 3.7 1.1
v -2.7 4 1.1
v -2.7 4.3 1.1
v -2.6 2.5 1.1
v -2.6 2.7 1.1
v -2.6 2.8 1.1
v -2.6 2.9 1.1
v -2.6 3 1.1
v -2.6 3.1 1.1
v -2.6 3.7 1.1
v -2.6 3.8 1.1
v -2.6 3.9 1.1
v -2.6 4 1.1
v -2.6 4.1 1.1
v -2.6 4.3 1.1
v -2.5 2.8 1.1
v -2.5 3.7 1.1
v -2.4 2.8 1.1
v -2.4 2.9 1.1
v -2.4 3.7 1.1
v -2.4 3.8 1.1
v -2.4 4 1.1
v -2.3 2.8 1.1
v -2.3 2.9 1.1
v -2.3 3.7 1.1
v -2.3 3.8 1.1
v -2.3 3.9 1.1
v -2.3 4 1.1
v -2.2 2.8 1.1
v -2.2 2.9 1.1
v -2.2 3 1.1
v -2.2 3.1 1.1
v -2.2 3.7 1.1
v -2.2 3.8 1.1
v -2.2 4 1.1
v -2.1 2.8 1.1
v -2.1 2.9 1.1
v -2.1 3.1 1.1
v -2.1 3.9 1.1
v -2.1 4 1.1
v -2 2.8 1.1
v -2 3 1.1
v -2 3.1 1.1
v -2 3.7 1.1
v -2 3.8 1.1
v -2 4 1.1
v -1.9 2.8 1.1
v -1.9 2.9 1.1
v -1.9 3.1 1.1
v -1.9 3.2 1.1
v -1.9 3.4 1.1
v -1.9 3.5 1.1
v -1.9 3.7 1.1
v -1.9 3.9 1.1
v -1.9 4 1.1
v -1.8 2.8 1.1
v -1.8 3 1.1
v -1.8 3.1 1.1
v -1.8 3.2 1.1
v -1.8 3.3 1.1
v -1.8 3.4 1.1
v -1.8 3.5 1.1
v -1.8 3.6 1.1
v -1.8 3.7 1.1
v -1.8 3.8 1.1
v -1.8 3.9 1.1
v -1.8 4 1.1
v -1.7 2.8 1.1
v -1.7 2.9 1.1
v -1.7 3 1.1
v -1.7 3.1 1.1
v -1.7 3.7 1.1
v -1.7 3.8 1.1
v -1.7 3.9 1.1
v -1.7 4 1.1
v -1.6 2.8 1.1
v -1.6 3 1.1
v -1.6 3.1 1.1
v -1.6 3.7 1.1
v -1.6 3.8 1.1
v -1.6 3.9 1.1
v -1.6 4 1.1
v -1.5 3.7 1.1
v -1.5 3.8 1.1
v -1.5 4 1.1
v -1.4 2.5 1.1
v -1.4 2.7 1.1
v -1.4 2.8 1.1
v -1.4 2.9 1.1
v -1.4 3 1.1
v -1.4 3.1 1.1
v -1.4 3.7 1.1
v -1.4 3.8 1.1
v -1.4 3.9 1.1
v -1.4 4 1.1
v -1.4 4.1 1.1
v -1.4 4.3 1.1
v -1.3 2.5 1.1
v -1.3 2.8 1.1
v -1.3 3 1.1
v -1.3 3.1 1.1
v -1.3 3.7 1.1
v -1.3 4 1.1
v -1.3 4.1 1.1
v -1.3 4.3 1.1
v -1.2 2.8 1.1
v -1.2 2.9 1.1
v -1.2 3.7 1.1
v -1.2 3.8 1.1
v -1.2 4 1.1
v -1.2 4.2 1.1
v -1.2 4.3 1.1
v -1.1 2.8 1.1
v -1.1 2.9 1.1
v -1.1 3 1.1
v -1.1 3.1 1.1
v -1.1 3.7 1.1
v -1.1 3.8 1.1
v -1.1 3.9 1.1
v -1.1 4 1.1
v -1.1 4.1 1.1
v -1.1 4.2 1.1
v -1.1 4.3 1.1
v -1 2.8 1.1
v -1 2.9 1.1
v -1 3.1 1.1
v -1 3.9 1.1
v -1 4 1.1
v -0.9 2.8 1.1
v -0.9 2.9 1.1
v -0.9 3 1.1
v -0.9 3.1 1.1
v -0.9 3.7 1.1
v -0.9 3.8 1.1
v -0.9 4 1.1
v -0.8 2.8 1.1
v -0.8 2.9 1.1
v -0.8 3.7 1.1
v -0.8 3.8 1.1
v -0.8 3.9 1.1
v -0.8 4 1.1
v -0.7 2.8 1.1
v -0.7 3 1.1
v -0.7 3.1 1.1
v -0.6 2.8 1.1
v -0.6 3 1.1
v -0.6 3.1 1.1
v -0.6 3.9 1.1
v -0.6 4 1.1
v -0.5 2.8 1.1
v -0.5 2.9 1.1
v -0.5 3 1.1
v -0.5 3.1 1.1
v -0.5 3.2 1.1
v -0.5 3.4 1.1
v -0.5 3.5 1.1
v -0.5 3.6 1.1
v -0.5 3.7 1.1
v -0.5 3.8 1.1
v -0.5 3.9 1.1
v -0.5 4 1.1
v -0.4 2.4 1.1
v -0.4 2.6 1.1
v -0.4 2.7 1.1
v -0.4 2.8 1.1
v -0.4 3.1 1.1
v -0.4 3.2 1.1
v -0.4 3.4 1.1
v -0.4 3.5 1.1
v -0.4 3.6 1.1
v -0.4 3.7 1.1
v -0.4 3.9 1.1
v -0.4 4 1.1
v -0.3 2.4 1.1
v -0.3 2.6 1.1
v -0.3 2.7 1.1
v -0.3 2.8 1.1
v -0.3 2.9 1.1
v -0.3 3.1 1.1
v -0.3 3.2 1.1
v -0.3 3.3 1.1
v -0.3 3.5 1.1
v -0.3 3.6 1.1
v -0.3 3.7 1.1
v -0.2 2.8 1.1
v -0.2 3 1.1
v -0.2 3.1 1.1
v -0.2 3.2 1.1
v -0.2 3.3 1.1
v -0.2 3.5 1.1
v -0.2 3.6 1.1
v -0.2 3.7 1.1
v -0.2 3.8 1.1
v -0.2 4 1.1
v -0.0999999 2.8 1.1
v -0.0999999 2.9 1.1
v -0.0999999 3.9 1.1
v -0.0999999 4 1.1
v 0 2.4 1.1
v 0 2.5 1.1
v 0 2.7 1.1
v 0 2.8 1.1
v 0 2.9 1.1
v 0 3.1 1.1
v 0 3.7 1.1
v 0 3.8 1.1
v 0 3.9 1.1
v 0 4 1.1
v 0.0999999 2.4 1.1
v 0.0999999 2.5 1.1
v 0.0999999 2.7 1.1
v 0.0999999 2.8 1.1
v 0.0999999 2.9 1.1
v 0.0999999 3 1.1
v 0.0999999 3.1 1.1
v 0.0999999 3.2 1.1
v 0.0999999 3.3 1.1
v 0.0999999 3.4 1.1
v 0.0999999 3.5 1.1
v 0.0999999 3.6 1.1
v 0.0999999 3.7 1.1
v 0.0999999 3.8 1.1
v 0.0999999 3.9 1.1
v 0.0999999 4 1.1
v 0.0999999 4.1 1.1
v 0.0999999 4.2 1.1
v 0.0999999 4.4 1.1
v 0.2 2.4 1.1
v 0.2 2.7 1.1
v 0.2 2.8 1.1
v 0.2 3.1 1.1
v 0.2 3.2 1.1
v 0.2 3.4 1.1
v 0.2 3.5 1.1
v 0.2 3.6 1.1
v 0.2 3.7 1.1
v 0.2 4 1.1
v 0.2 4.1 1.1
v 0.2 4.4 1.1
v -4 2.9 1
v -4 3 1
v -4 3.8 1
v -4 3.9 1
v -3.9 2.9 1
v -3.9 3 1
v -3.9 3.8 1
v -3.9 3.9 1
v -3.8 3 1
v -3.8 3.8 1
v -3.7 3.9 1
v -3.7 4 1
v -3.6 2.9 1
v -3.6 4 1
v -3.6 4.1 1
v -3.6 4.2 1
v -3.5 2.9 1
v -3.5 3.8 1
v -3.5 3.9 1
v -3.5 4 1
v -3.5 4.2 1
v -3.4 2.9 1
v -3.3 3 1
v -3.3 3.8 1
v -3.2 2.9 1
v -3.2 3.9 1
v -3.1 3.9 1
v -3 2.9 1
v -3 3 1
v -3 3.1 1
v -3 3.7 1
v -3 3.8 1
v -3 3.9 1
v -2.9 2.8 1
v -2.9 2.9 1
v -2.9 3.1 1
v -2.9 3.2 1
v -2.9 3.3 1
v -2.9 3.5 1
v -2.9 3.6 1
v -2.9 3.7 1
v -2.9 3.9 1
v -2.8 2.6 1
v -2.8 2.8 1
v -2.8 3 1
v -2.8 3.1 1
v -2.8 3.8 1
v -2.8 3.9 1
v -2.8 4 1
v -2.8 4.2 1
v -2.7 2.6 1
v -2.7 2.7 1
v -2.7 2.8 1
v -2.7 3 1
v -2.7 4 1
v -2.7 4.2 1
v -2.6 2.8 1
v -2.6 2.9 1
v -2.6 3 1
v -2.6 3.8 1
v -2.6 3.9 1
v -2.6 4 1
v -2.4 2.9 1
v -2.4 3.8 1
v -2.3 2.9 1
v -2.3 3.8 1
v -2.3 3.9 1
v -2.2 2.9 1
v -2.2 3 1
v -2.2 3.8 1
v -2.1 2.9 1
v -2.1 3.9 1
v -2 3 1
v -2 3.1 1
v -2 3.7 1
v -2 3.8 1
v -1.9 2.9 1
v -1.9 3.1 1
v -1.9 3.2 1
v -1.9 3.4 1
v -1.9 3.5 1
v -1.9 3.7 1
v -1.9 3.9 1
v -1.8 3 1
v -1.8 3.1 1
v -1.8 3.7 1
v -1.8 3.8 1
v -1.8 3.9 1
v -1.7 2.9 1
v -1.7 3 1
v -1.7 3.8 1
v -1.7 3.9 1
v -1.6 3 1
v -1.6 3.8 1
v -1.6 3.9 1
v -1.5 3.8 1
v -1.4 2.8 1
v -1.4 2.9 1
v -1.4 3 1
v -1.4 3.8 1
v -1.4 3.9 1
v -1.4 4 1
v -1.3 2.6 1
v -1.3 2.8 1
v -1.3 3 1
v -1.3 4 1
v -1.3 4.1 1
v -1.3 4.2 1
v -1.2 2.6 1
v -1.2 2.8 1
v -1.2 2.9 1
v -1.2 3.8 1
v -1.2 4 1
v -1.2 4.2 1
v -1.1 2.9 1
v -1.1 3 1
v -1.1 3.8 1
v -1.1 3.9 1
v -1.1 4 1
v -1 2.9 1
v -1 3.9 1
v -0.9 2.9 1
v -0.9 3 1
v -0.9 3.8 1
v -0.8 2.9 1
v -0.8 3.8 1
v -0.8 3.9 1
v -0.7 3 1
v -0.6 3 1
v -0.6 3.9 1
v -0.5 2.6 1
v -0.5 2.8 1
v -0.5 2.9 1
v -0.5 3 1
v -0.5 3.1 1
v -0.5 3.7 1
v -0.5 3.8 1
v -0.5 3.9 1
v -0.4 2.6 1
v -0.4 2.7 1
v -0.4 2.8 1
v -0.4 3.1 1
v -0.4 3.2 1
v -0.4 3.4 1
v -0.4 3.5 1
v -0.4 3.6 1
v -0.4 3.7 1
v -0.4 3.9 1
v -0.3 2.8 1
v -0.3 2.9 1
v -0.3 3.1 1
v -0.3 3.2 1
v -0.3 3.3 1
v -0.3 3.5 1
v -0.3 3.6 1
v -0.3 3.7 1
v -0.2 3 1
v -0.2 3.1 1
v -0.2 3.7 1
v -0.2 3.8 1
v -0.0999999 2.9 1
v -0.0999999 3.9 1
v 0 2.9 1
v 0 3 1
v 0 3.8 1
v 0 3.9 1
v -4.2 2.4 0.5
v -4.2 2.5 0.5
v -4.2 2.6 0.5
v -4.2 2.7 0.5
v -4.2 2.8 0.5
v -4.2 4 0.5
v -4.2 4.1 0.5
v -4.2 4.2 0.5
v -4.2 4.3 0.5
v -4.2 4.4 0.5
v -4.1 2.5 0.5
v -4.1 2.6 0.5
v -4.1 2.7 0.5
v -4.1 2.8 0.5
v -4.1 2.9 0.5
v -4.1 3.9 0.5
v -4.1 4 0.5
v -4.1 4.1 0.5
v -4.1 4.2 0.5
v -4.1 4.3 0.5
v -4 2.4 0.5
v -4 2.5 0.5
v -4 2.6 0.5
v -4 2.8 0.5
v -4 2.9 0.5
v -4 3.9 0.5
v -4 4 0.5
v -4 4.2 0.5
v -3.9 2.4 0.5
v -3.9 2.5 0.5
v -3.9 4.3 0.5
v -3.9 4.4 0.5
v -3.8 2.4 0.5
v -3.8 2.5 0.5
v -3.8 4.3 0.5
v -3.8 4.4 0.5
v -3.7 4.3 0.5
v -3.7 4.4 0.5
v -3.6 4.3 0.5
v -3.6 4.4 0.5
v -3.5 4.3 0.5
v -3.5 4.4 0.5
v -3.4 2.4 0.5
v -3.4 2.5 0.5
v -3.4 4.3 0.5
v -3.4 4.4 0.5
v -3.3 4.3 0.5
v -3.3 4.4 0.5
v -3.2 2.4 0.5
v -3.2 2.5 0.5
v -3.2 4.2 0.5
v -3.2 4.3 0.5
v -3.1 4.2 0.5
v -3.1 4.3 0.5
v -3 4.3 0.5
v -3 4.4 0.5
v -2.9 2.4 0.5
v -2.9 2.5 0.5
v -2.9 4.3 0.5
v -2.9 4.4 0.5
v -2.7 4.3 0.5
v -2.7 4.4 0.5
v -2.6 2.4 0.5
v -2.6 2.5 0.5
v -2.6 4.3 0.5
v -2.6 4.4 0.5
v -2.5 4.3 0.5
v -2.5 4.4 0.5
v -2.4 4.3 0.5
v -2.4 4.4 0.5
v -2.3 2.4 0.5
v -2.3 2.5 0.5
v -2.3 4.3 0.5
v -2.3 4.4 0.5
v -2.2 2.5 0.5
v -2.2 2.6 0.5
v -2.1 2.5 0.5
v -2.1 2.6 0.5
v -2.1 4.3 0.5
v -2.1 4.4 0.5
v -2 2.4 0.5
v -2 2.5 0.5
v -2 4.3 0.5
v -2 4.4 0.5
v -1.9 2.4 0.5
v -1.9 2.5 0.5
v -1.9 4.2 0.5
v -1.9 4.3 0.5
v -1.8 4.2 0.5
v -1.8 4.3 0.5
v -1.7 2.4 0.5
v -1.7 2.5 0.5
v -1.7 4.3 0.5
v -1.7 4.4 0.5
v -1.6 2.4 0.5
v -1.6 2.5 0.5
v -1.5 2.4 0.5
v -1.5 2.5 0.5
v -1.4 2.4 0.5
v -1.4 2.5 0.5
v -1.4 4.3 0.5
v -1.4 4.4 0.5
v -1.3 2.4 0.5
v -1.3 2.5 0.5
v -1.1 2.4 0.5
v -1.1 2.5 0.5
v -1.1 4.3 0.5
v -1.1 4.4 0.5
v -1 2.4 0.5
v -1 2.5 0.5
v -0.9 2.5 0.5
v -0.9 2.6 0.5
v -0.8 2.5 0.5
v -0.8 2.6 0.5
v -0.8 4.3 0.5
v -0.8 4.4 0.5
v -0.7 2.4 0.5
v -0.7 2.5 0.5
v -0.6 2.4 0.5
v -0.6 2.5 0.5
v -0.6 4.3 0.5
v -0.6 4.4 0.5
v -0.5 2.4 0.5
v -0.5 2.5 0.5
v -0.4 2.4 0.5
v -0.4 2.5 0.5
v -0.3 2.4 0.5
v -0.3 2.5 0.5
v -0.2 2.4 0.5
v -0.2 2.5 0.5
v -0.2 4.3 0.5
v -0.2 4.4 0.5
v -0.0999999 2.4 0.5
v -0.0999999 2.5 0.5
v -0.0999999 4.3 0.5
v -0.0999999 4.4 0.5
v 0 2.6 0.5
v 0 2.8 0.5
v 0 2.9 0.5
v 0 3.9 0.5
v 0 4 0.5
v 0 4.2 0.5
v 0 4.3 0.5
v 0 4.4 0.5
v 0.0999999 2.5 0.5
v 0.0999999 2.6 0.5
v 0.0999999 2.7 0.5
v 0.0999999 2.8 0.5
v 0.0999999 2.9 0.5
v 0.0999999 3.9 0.5
v 0.0999999 4 0.5
v 0.0999999 4.1 0.5
v 0.0999999 4.2 0.5
v 0.0999999 4.3 0.5
v 0.2 2.4 0.5
v 0.2 2.5 0.5
v 0.2 2.6 0.5
v 0.2 2.7 0.5
v 0.2 2.8 0.5
v 0.2 4 0.5
v 0.2 4.1 0.5
v 0.2 4.2 0.5
v 0.2 4.3 0.5
v 0.2 4.4 0.5
v -4.2 3.1 -0.2
v -4.2 3.2 -0.2
v -4.2 3.3 -0.2
v -4.2 3.5 -0.2
v -4.2 3.6 -0.2
v -4.2 3.7 -0.2
v -4.1 3 -0.2
v -4.1 3.1 -0.2
v -4.1 3.2 -0.2
v -4.1 3.3 -0.2
v -4.1 3.5 -0.2
v -4.1 3.6 -0.2
v -4.1 3.7 -0.2
v -4.1 3.8 -0.2
v -4 3 -0.2
v -4 3.1 -0.2
v -4 3.8 -0.2
v 0 3 -0.2
v 0 3.1 -0.2
v 0 3.8 -0.2
v 0.0999999 3 -0.2
v 0.0999999 3.1 -0.2
v 0.0999999 3.2 -0.2
v 0.0999999 3.3 -0.2
v 0.0999999 3.5 -0.2
v 0.0999999 3.6 -0.2
v 0.0999999 3.7 -0.2
v 0.0999999 3.8 -0.2
v 0.2 3.1 -0.2
v 0.2 3.2 -0.2
v 0.2 3.3 -0.2
v 0.2 3.5 -0.2
v 0.2 3.6 -0.2
v 0.2 3.7 -0.2
v -4.1 2.5 -0.3
v -4.1 2.8 -0.3
v -4.1 4 -0.3
v -4.1 4.3 -0.3
v -4 2.5 -0.3
v -4 2.6 -0.3
v -4 2.8 -0.3
v -4 4 -0.3
v -4 4.2 -0.3
v -4 4.3 -0.3
v -3.8 2.5 -0.3
v -3.8 2.6 -0.3
v -3.7 2.5 -0.3
v -3.7 2.6 -0.3
v -3.7 4.2 -0.3
v -3.7 4.3 -0.3
v -3.6 4.2 -0.3
v -3.6 4.3 -0.3
v -3.5 2.5 -0.3
v -3.5 2.6 -0.3
v -3.4 2.5 -0.3
v -3.4 2.6 -0.3
v -3.3 2.5 -0.3
v -3.3 2.6 -0.3
v -3.2 2.5 -0.3
v -3.2 2.6 -0.3
v -3.2 4.2 -0.3
v -3.2 4.3 -0.3
v -3.1 4.2 -0.3
v -3.1 4.3 -0.3
v -3 2.5 -0.3
v -3 2.6 -0.3
v -3 4.2 -0.3
v -3 4.3 -0.3
v -2.9 2.5 -0.3
v -2.9 2.6 -0.3
v -2.6 2.5 -0.3
v -2.6 2.6 -0.3
v -2.6 4.2 -0.3
v -2.6 4.3 -0.3
v -2.5 2.5 -0.3
v -2.5 2.6 -0.3
v -2.4 4.2 -0.3
v -2.4 4.3 -0.3
v -2.3 2.5 -0.3
v -2.3 2.6 -0.3
v -2.3 4.2 -0.3
v -2.3 4.3 -0.3
v -2.2 2.5 -0.3
v -2.2 2.6 -0.3
v -2 2.5 -0.3
v -2 2.6 -0.3
v -2 4.2 -0.3
v -2 4.3 -0.3
v -1.8 4.2 -0.3
v -1.8 4.3 -0.3
v -1.7 2.5 -0.3
v -1.7 2.6 -0.3
v -1.7 4.2 -0.3
v -1.7 4.3 -0.3
v -1.6 2.5 -0.3
v -1.6 2.6 -0.3
v -1.5 4.2 -0.3
v -1.5 4.3 -0.3
v -1.4 2.5 -0.3
v -1.4 2.6 -0.3
v -1.4 4.2 -0.3
v -1.4 4.3 -0.3
v -1.1 4.2 -0.3
v -1.1 4.3 -0.3
v -1 2.5 -0.3
v -1 2.6 -0.3
v -1 4.2 -0.3
v -1 4.3 -0.3
v -0.9 2.5 -0.3
v -0.9 2.6 -0.3
v -0.8 2.5 -0.3
v -0.8 2.6 -0.3
v -0.8 4.2 -0.3
v -0.8 4.3 -0.3
v -0.7 4.2 -0.3
v -0.7 4.3 -0.3
v -0.6 4.2 -0.3
v -0.6 4.3 -0.3
v -0.5 4.2 -0.3
v -0.5 4.3 -0.3
v -0.4 2.5 -0.3
v -0.4 2.6 -0.3
v -0.3 2.5 -0.3
v -0.3 2.6 -0.3
v -0.3 4.2 -0.3
v -0.3 4.3 -0.3
v -0.2 4.2 -0.3
v -0.2 4.3 -0.3
v 0 2.5 -0.3
v 0 2.6 -0.3
v 0 2.8 -0.3
v 0 4 -0.3
v 0 4.2 -0.3
v 0 4.3 -0.3
v 0.0999999 2.5 -0.3
v 0.0999999 2.8 -0.3
v 0.0999999 4 -0.3
v 0.0999999 4.3 -0.3
v -4.2 2.4 -0.4
v -4.2 2.7 -0.4
v -4.2 2.8 -0.4
v -4.2 4 -0.4
v -4.2 4.1 -0.4
v -4.2 4.4 -0.4
v -4.1 2.4 -0.4
v -4.1 2.5 -0.4
v -4.1 2.7 -0.4
v -4.1 2.8 -0.4
v -4.1 2.9 -0.4
v -4.1 3.9 -0.4
v -4.1 4 -0.4
v -4.1 4.1 -0.4
v -4.1 4.3 -0.4
v -4.1 4.4 -0.4
v -4 2.5 -0.4
v -4 2.8 -0.4
v -4 2.9 -0.4
v -4 3.9 -0.4
v -4 4 -0.4
v -4 4.3 -0.4
v -4 4.4 -0.4
v -3.8 2.5 -0.4
v -3.7 2.5 -0.4
v -3.7 4.3 -0.4
v -3.7 4.4 -0.4
v -3.6 4.3 -0.4
v -3.6 4.4 -0.4
v -3.5 2.5 -0.4
v -3.5 4.3 -0.4
v -3.5 4.4 -0.4
v -3.4 2.5 -0.4
v -3.3 2.4 -0.4
v -3.3 2.5 -0.4
v -3.2 2.4 -0.4
v -3.2 2.5 -0.4
v -3.2 4.3 -0.4
v -3.2 4.4 -0.4
v -3.1 2.5 -0.4
v -3.1 2.6 -0.4
v -3.1 4.3 -0.4
v -3.1 4.4 -0.4
v -3 2.4 -0.4
v -3 2.5 -0.4
v -3 2.6 -0.4
v -3 4.3 -0.4
v -2.9 2.5 -0.4
v -2.6 2.4 -0.4
v -2.6 2.5 -0.4
v -2.6 4.3 -0.4
v -2.5 2.4 -0.4
v -2.5 2.5 -0.4
v -2.4 4.3 -0.4
v -2.4 4.4 -0.4
v -2.3 2.4 -0.4
v -2.3 2.5 -0.4
v -2.3 4.2 -0.4
v -2.3 4.3 -0.4
v -2.3 4.4 -0.4
v -2.2 2.4 -0.4
v -2.2 2.5 -0.4
v -2.2 4.2 -0.4
v -2.2 4.3 -0.4
v -2.1 4.2 -0.4
v -2.1 4.3 -0.4
v -2 2.4 -0.4
v -2 2.5 -0.4
v -2 2.6 -0.4
v -2 4.2 -0.4
v -2 4.3 -0.4
v -2 4.4 -0.4
v -1.9 2.5 -0.4
v -1.9 2.6 -0.4
v -1.8 2.5 -0.4
v -1.8 2.6 -0.4
v -1.8 4.3 -0.4
v -1.8 4.4 -0.4
v -1.7 2.4 -0.4
v -1.7 2.5 -0.4
v -1.7 2.6 -0.4
v -1.7 4.3 -0.4
v -1.7 4.4 -0.4
v -1.6 2.4 -0.4
v -1.6 2.5 -0.4
v -1.5 4.3 -0.4
v -1.5 4.4 -0.4
v -1.4 2.5 -0.4
v -1.4 4.3 -0.4
v -1.4 4.4 -0.4
v -1.1 4.3 -0.4
v -1 2.5 -0.4
v -1 4.2 -0.4
v -1 4.3 -0.4
v -1 4.4 -0.4
v -0.9 2.4 -0.4
v -0.9 2.5 -0.4
v -0.9 4.2 -0.4
v -0.9 4.3 -0.4
v -0.8 2.4 -0.4
v -0.8 2.5 -0.4
v -0.8 4.3 -0.4
v -0.8 4.4 -0.4
v -0.7 4.3 -0.4
v -0.7 4.4 -0.4
v -0.6 4.3 -0.4
v -0.5 2.4 -0.4
v -0.5 2.5 -0.4
v -0.5 4.3 -0.4
v -0.4 2.4 -0.4
v -0.4 2.5 -0.4
v -0.3 2.4 -0.4
v -0.3 2.5 -0.4
v -0.3 4.3 -0.4
v -0.2 4.3 -0.4
v 0 2.4 -0.4
v 0 2.5 -0.4
v 0 2.8 -0.4
v 0 2.9 -0.4
v 0 3.9 -0.4
v 0 4 -0.4
v 0 4.3 -0.4
v 0.0999999 2.4 -0.4
v 0.0999999 2.5 -0.4
v 0.0999999 2.7 -0.4
v 0.0999999 2.8 -0.4
v 0.0999999 2.9 -0.4
v 0.0999999 3.9 -0.4
v 0.0999999 4 -0.4
v 0.0999999 4.1 -0.4
v 0.0999999 4.3 -0.4
v 0.0999999 4.4 -0.4
v 0.2 2.4 -0.4
v 0.2 2.7 -0.4
v 0.2 2.8 -0.4
v 0.2 4 -0.4
v 0.2 4.1 -0.4
v 0.2 4.4 -0.4
v -4.1 3.1 -1.1
v -4.1 3.2 -1.1
v -4.1 3.4 -1.1
v -4.1 3.5 -1.1
v -4.1 3.7 -1.1
v -4 3.1 -1.1
v -4 3.2 -1.1
v -4 3.4 -1.1
v -4 3.5 -1.1
v -4 3.7 -1.1
v 0 3.1 -1.1
v 0 3.2 -1.1
v 0 3.4 -1.1
v 0 3.5 -1.1
v 0 3.7 -1.1
v 0.0999999 3.1 -1.1
v 0.0999999 3.2 -1.1
v 0.0999999 3.4 -1.1
v 0.0999999 3.5 -1.1
v 0.0999999 3.7 -1.1
v -4.2 3.1 -1.2
v -4.2 3.2 -1.2
v -4.2 3.3 -1.2
v -4.2 3.4 -1.2
v -4.2 3.6 -1.2
v -4.2 3.7 -1.2
v -4.1 3 -1.2
v -4.1 3.1 -1.2
v -4.1 3.2 -1.2
v -4.1 3.3 -1.2
v -4.1 3.4 -1.2
v -4.1 3.5 -1.2
v -4.1 3.6 -1.2
v -4.1 3.7 -1.2
v -4.1 3.8 -1.2
v -4 3 -1.2
v -4 3.1 -1.2
v -4 3.7 -1.2
v -4 3.8 -1.2
v 0 3 -1.2
v 0 3.1 -1.2
v 0 3.7 -1.2
v 0 3.8 -1.2
v 0.0999999 3 -1.2
v 0.0999999 3.1 -1.2
v 0.0999999 3.2 -1.2
v 0.0999999 3.3 -1.2
v 0.0999999 3.4 -1.2
v 0.0999999 3.5 -1.2
v 0.0999999 3.6 -1.2
v 0.0999999 3.7 -1.2
v 0.0999999 3.8 -1.2
v 0.2 3.1 -1.2
v 0.2 3.2 -1.2
v 0.2 3.3 -1.2
v 0.2 3.4 -1.2
v 0.2 3.6 -1.2
v 0.2 3.7 -1.2
v -4.1 2.5 -1.8
v -4.1 2.6 -1.8
v -4.1 2.8 -1.8
v -4.1 4 -1.8
v -4.1 4.2 -1.8
v -4.1 4.3 -1.8
v -4 2.5 -1.8
v -4 2.6 -1.8
v -4 2.8 -1.8
v -4 4 -1.8
v -4 4.2 -1.8
v -3.9 2.5 -1.8
v -3.9 2.6 -1.8
v -3.9 4.2 -1.8
v -3.9 4.3 -1.8
v -3.8 2.5 -1.8
v -3.8 2.6 -1.8
v -3.8 4.2 -1.8
v -3.8 4.3 -1.8
v -3.7 2.5 -1.8
v -3.7 2.6 -1.8
v -3.7 4.2 -1.8
v -3.7 4.3 -1.8
v -3.6 2.5 -1.8
v -3.6 2.6 -1.8
v -3.6 4.2 -1.8
v -3.6 4.3 -1.8
v -3.5 4.2 -1.8
v -3.5 4.3 -1.8
v -3.3 2.5 -1.8
v -3.3 2.6 -1.8
v -3.2 2.5 -1.8
v -3.2 2.6 -1.8
v -3.1 2.5 -1.8
v -3.1 2.6 -1.8
v -3.1 4.2 -1.8
v -3.1 4.3 -1.8
v -3 4.2 -1.8
v -3 4.3 -1.8
v -2.9 2.5 -1.8
v -2.9 2.6 -1.8
v -2.9 4.2 -1.8
v -2.9 4.3 -1.8
v -2.8 4.2 -1.8
v -2.8 4.3 -1.8
v -2.6 2.5 -1.8
v -2.6 2.6 -1.8
v -2.6 4.2 -1.8
v -2.6 4.3 -1.8
v -2.5 2.5 -1.8
v -2.5 2.6 -1.8
v -2.4 2.5 -1.8
v -2.4 2.6 -1.8
v -2.3 4.2 -1.8
v -2.3 4.3 -1.8
v -2.2 2.5 -1.8
v -2.2 2.6 -1.8
v -2.2 4.2 -1.8
v -2.2 4.3 -1.8
v -2.1 2.5 -1.8
v -2.1 2.6 -1.8
v -1.9 4.2 -1.8
v -1.9 4.3 -1.8
v -1.8 2.5 -1.8
v -1.8 2.6 -1.8
v -1.8 4.2 -1.8
v -1.8 4.3 -1.8
v -1.7 2.5 -1.8
v -1.7 2.6 -1.8
v -1.6 4.2 -1.8
v -1.6 4.3 -1.8
v -1.5 4.2 -1.8
v -1.5 4.3 -1.8
v -1.4 2.5 -1.8
v -1.4 2.6 -1.8
v -1.4 4.2 -1.8
v -1.4 4.3 -1.8
v -1.2 2.5 -1.8
v -1.2 2.6 -1.8
v -1.1 2.5 -1.8
v -1.1 2.6 -1.8
v -1.1 4.2 -1.8
v -1.1 4.3 -1.8
v -1 2.5 -1.8
v -1 2.6 -1.8
v -0.9 2.5 -1.8
v -0.9 2.6 -1.8
v -0.9 4.2 -1.8
v -0.9 4.3 -1.8
v -0.8 4.2 -1.8
v -0.8 4.3 -1.8
v -0.7 4.2 -1.8
v -0.7 4.3 -1.8
v -0.5 2.5 -1.8
v -0.5 2.6 -1.8
v -0.4 2.5 -1.8
v -0.4 2.6 -1.8
v -0.4 4.2 -1.8
v -0.4 4.3 -1.8
v -0.3 2.5 -1.8
v -0.3 2.6 -1.8
v -0.3 4.2 -1.8
v -0.3 4.3 -1.8
v -0.2 2.5 -1.8
v -0.2 2.6 -1.8
v -0.2 4.2 -1.8
v -0.2 4.3 -1.8
v -0.0999999 2.5 -1.8
v -0.0999999 2.6 -1.8
v -0.0999999 4.2 -1.8
v -0.0999999 4.3 -1.8
v 0 2.6 -1.8
v 0 2.8 -1.8
v 0 4 -1.8
v 0 4.2 -1.8
v 0 4.3 -1.8
v 0.0999999 2.5 -1.8
v 0.0999999 2.6 -1.8
v 0.0999999 2.8 -1.8
v 0.0999999 4 -1.8
v 0.0999999 4.2 -1.8
v 0.0999999 4.3 -1.8
v -4.2 2.4 -1.9
v -4.2 2.5 -1.9
v -4.2 2.7 -1.9
v -4.2 2.8 -1.9
v -4.2 4 -1.9
v -4.2 4.1 -1.9
v -4.2 4.3 -1.9
v -4.2 4.4 -1.9
v -4.1 2.4 -1.9
v -4.1 2.5 -1.9
v -4.1 2.6 -1.9
v -4.1 2.7 -1.9
v -4.1 2.8 -1.9
v -4.1 2.9 -1.9
v -4.1 3.9 -1.9
v -4.1 4 -1.9
v -4.1 4.1 -1.9
v -4.1 4.2 -1.9
v -4.1 4.3 -1.9
v -4.1 4.4 -1.9
v -4 2.4 -1.9
v -4 2.5 -1.9
v -4 2.8 -1.9
v -4 2.9 -1.9
v -4 3.9 -1.9
v -4 4 -1.9
v -4 4.3 -1.9
v -4 4.4 -1.9
v -3.9 2.4 -1.9
v -3.9 2.5 -1.9
v -3.9 4.3 -1.9
v -3.9 4.4 -1.9
v -3.8 2.4 -1.9
v -3.8 2.5 -1.9
v -3.8 4.3 -1.9
v -3.8 4.4 -1.9
v -3.7 2.4 -1.9
v -3.7 2.5 -1.9
v -3.7 4.3 -1.9
v -3.7 4.4 -1.9
v -3.6 2.4 -1.9
v -3.6 2.5 -1.9
v -3.6 4.3 -1.9
v -3.6 4.4 -1.9
v -3.5 4.3 -1.9
v -3.5 4.4 -1.9
v -3.4 2.4 -1.9
v -3.4 2.5 -1.9
v -3.4 4.3 -1.9
v -3.4 4.4 -1.9
v -3.3 2.4 -1.9
v -3.3 2.5 -1.9
v -3.2 2.4 -1.9
v -3.2 2.5 -1.9
v -3.2 4.3 -1.9
v -3.2 4.4 -1.9
v -3.1 2.4 -1.9
v -3.1 2.5 -1.9
v -3.1 4.3 -1.9
v -3.1 4.4 -1.9
v -3 2.4 -1.9
v -3 2.5 -1.9
v -3 4.3 -1.9
v -3 4.4 -1.9
v -2.9 2.4 -1.9
v -2.9 2.5 -1.9
v -2.9 2.6 -1.9
v -2.9 4.3 -1.9
v -2.8 2.5 -1.9
v -2.8 2.6 -1.9
v -2.8 4.3 -1.9
v -2.8 4.4 -1.9
v -2.7 2.5 -1.9
v -2.7 2.6 -1.9
v -2.7 4.2 -1.9
v -2.7 4.3 -1.9
v -2.6 2.4 -1.9
v -2.6 2.5 -1.9
v -2.6 2.6 -1.9
v -2.6 4.2 -1.9
v -2.6 4.3 -1.9
v -2.6 4.4 -1.9
v -2.5 2.4 -1.9
v -2.5 2.5 -1.9
v -2.5 4.3 -1.9
v -2.5 4.4 -1.9
v -2.4 2.4 -1.9
v -2.4 2.5 -1.9
v -2.3 2.4 -1.9
v -2.3 2.5 -1.9
v -2.3 4.3 -1.9
v -2.3 4.4 -1.9
v -2.2 2.4 -1.9
v -2.2 2.5 -1.9
v -2.2 4.3 -1.9
v -2.2 4.4 -1.9
v -2.1 2.4 -1.9
v -2.1 2.5 -1.9
v -2.1 4.3 -1.9
v -2.1 4.4 -1.9
v -1.9 2.4 -1.9
v -1.9 2.5 -1.9
v -1.9 4.3 -1.9
v -1.9 4.4 -1.9
v -1.8 2.4 -1.9
v -1.8 2.5 -1.9
v -1.8 4.3 -1.9
v -1.8 4.4 -1.9
v -1.7 2.4 -1.9
v -1.7 2.5 -1.9
v -1.7 4.3 -1.9
v -1.7 4.4 -1.9
v -1.6 4.3 -1.9
v -1.6 4.4 -1.9
v -1.5 2.4 -1.9
v -1.5 2.5 -1.9
v -1.5 4.3 -1.9
v -1.5 4.4 -1.9
v -1.4 2.4 -1.9
v -1.4 2.5 -1.9
v -1.4 2.6 -1.9
v -1.4 4.2 -1.9
v -1.4 4.3 -1.9
v -1.4 4.4 -1.9
v -1.3 2.5 -1.9
v -1.3 2.6 -1.9
v -1.3 4.2 -1.9
v -1.3 4.3 -1.9
v -1.2 2.4 -1.9
v -1.2 2.5 -1.9
v -1.2 4.2 -1.9
v -1.2 4.3 -1.9
v -1.1 2.5 -1.9
v -1.1 4.2 -1.9
v -1.1 4.3 -1.9
v -1.1 4.4 -1.9
v -1 2.4 -1.9
v -1 2.5 -1.9
v -1 4.3 -1.9
v -1 4.4 -1.9
v -0.9 2.4 -1.9
v -0.9 2.5 -1.9
v -0.9 4.3 -1.9
v -0.9 4.4 -1.9
v -0.8 2.4 -1.9
v -0.8 2.5 -1.9
v -0.8 4.3 -1.9
v -0.8 4.4 -1.9
v -0.7 4.3 -1.9
v -0.7 4.4 -1.9
v -0.6 2.4 -1.9
v -0.6 2.5 -1.9
v -0.6 4.3 -1.9
v -0.6 4.4 -1.9
v -0.5 2.4 -1.9
v -0.5 2.5 -1.9
v -0.4 2.4 -1.9
v -0.4 2.5 -1.9
v -0.4 4.3 -1.9
v -0.4 4.4 -1.9
v -0.3 2.4 -1.9
v -0.3 2.5 -1.9
v -0.3 4.3 -1.9
v -0.3 4.4 -1.9
v -0.2 2.4 -1.9
v -0.2 2.5 -1.9
v -0.2 4.3 -1.9
v -0.2 4.4 -1.9
v -0.0999999 2.4 -1.9
v -0.0999999 2.5 -1.9
v -0.0999999 4.3 -1.9
v -0.0999999 4.4 -1.9
v 0 2.4 -1.9
v 0 2.5 -1.9
v 0 2.8 -1.9
v 0 2.9 -1.9
v 0 3.9 -1.9
v 0 4 -1.9
v 0 4.3 -1.9
v 0 4.4 -1.9
v 0.0999999 2.4 -1.9
v 0.0999999 2.5 -1.9
v 0.0999999 2.6 -1.9
v 0.0999999 2.7 -1.9
v 0.0999999 2.8 -1.9
v 0.0999999 2.9 -1.9
v 0.0999999 3.9 -1.9
v 0.0999999 4 -1.9
v 0.0999999 4.1 -1.9
v 0.0999999 4.2 -1.9
v 0.0999999 4.3 -1.9
v 0.0999999 4.4 -1.9
v 0.2 2.4 -1.9
v 0.2 2.5 -1.9
v 0.2 2.7 -1.9
v 0.2 2.8 -1.9
v 0.2 4 -1.9
v 0.2 4.1 -1.9
v 0.2 4.3 -1.9
v 0.2 4.4 -1.9
v -4.1 3.1 -2.7
v -4.1 3.2 -2.7
v -4.1 3.3 -2.7
v -4.1 3.5 -2.7
v -4.1 3.6 -2.7
v -4.1 3.7 -2.7
v -4 3.1 -2.7
v -4 3.2 -2.7
v -4 3.3 -2.7
v -4 3.5 -2.7
v -4 3.6 -2.7
v -4 3.7 -2.7
v 0 3.1 -2.7
v 0 3.2 -2.7
v 0 3.3 -2.7
v 0 3.5 -2.7
v 0 3.6 -2.7
v 0 3.7 -2.7
v 0.0999999 3.1 -2.7
v 0.0999999 3.2 -2.7
v 0.0999999 3.3 -2.7
v 0.0999999 3.5 -2.7
v 0.0999999 3.6 -2.7
v 0.0999999 3.7 -2.7
v -4.2 3.1 -2.8
v -4.2 3.2 -2.8
v -4.2 3.3 -2.8
v -4.2 3.5 -2.8
v -4.2 3.6 -2.8
v -4.2 3.7 -2.8
v -4.1 3 -2.8
v -4.1 3.1 -2.8
v -4.1 3.2 -2.8
v -4.1 3.3 -2.8
v -4.1 3.5 -2.8
v -4.1 3.6 -2.8
v -4.1 3.7 -2.8
v -4.1 3.8 -2.8
v -4 3 -2.8
v -4 3.1 -2.8
v -4 3.7 -2.8
v -4 3.8 -2.8
v 0 3 -2.8
v 0 3.1 -2.8
v 0 3.7 -2.8
v 0 3.8 -2.8
v 0.0999999 3 -2.8
v 0.0999999 3.1 -2.8
v 0.0999999 3.2 -2.8
v 0.0999999 3.3 -2.8
v 0.0999999 3.5 -2.8
v 0.0999999 3.6 -2.8
v 0.0999999 3.7 -2.8
v 0.0999999 3.8 -2.8
v 0.2 3.1 -2.8
v 0.2 3.2 -2.8
v 0.2 3.3 -2.8
v 0.2 3.5 -2.8
v 0.2 3.6 -2.8
v 0.2 3.7 -2.8
v -4.2 2.4 0.7
v -4.2 2.8 0.7
v -4.2 4 0.7
v -4.2 4.4 0.7
v -4.1 2.4 0.7
v -4.1 2.6 0.7
v -4.1 2.7 0.7
v -4.1 2.8 0.7
v -4.1 2.9 0.7
v -4.1 3.9 0.7
v -4.1 4 0.7
v -4.1 4.1 0.7
v -4.1 4.2 0.7
v -4.1 4.4 0.7
v -4 2.8 0.7
v -4 2.9 0.7
v -4 3.9 0.7
v -4 4 0.7
v 0 2.8 0.7
v 0 2.9 0.7
v 0 3.9 0.7
v 0 4 0.7
v 0.0999999 2.4 0.7
v 0.0999999 2.6 0.7
v 0.0999999 2.7 0.7
v 0.0999999 2.8 0.7
v 0.0999999 2.9 0.7
v 0.0999999 3.9 0.7
v 0.0999999 4 0.7
v 0.0999999 4.1 0.7
v 0.0999999 4.2 0.7
v 0.0999999 4.4 0.7
v 0.2 2.4 0.7
v 0.2 2.8 0.7
v 0.2 4 0.7
v 0.2 4.4 0.7
v -4.1 2.4 0.6
v -4.1 2.6 0.6
v -4.1 2.7 0.6
v -4.1 2.8 0.6
v -4.1 4 0.6
v -4.1 4.1 0.6
v -4.1 4.2 0.6
v -4.1 4.4 0.6
v -4 2.6 0.6
v -4 2.7 0.6
v -4 2.8 0.6
v -4 4 0.6
v -4 4.1 0.6
v -4 4.2 0.6
v -4 4.3 0.6
v -4 4.4 0.6
v -3.9 2.4 0.6
v -3.9 2.5 0.6
v -3.9 4.3 0.6
v -3.9 4.4 0.6
v -3.8 4.3 0.6
v -3.8 4.4 0.6
v -3.7 2.4 0.6
v -3.7 2.5 0.6
v -3.7 4.3 0.6
v -3.7 4.4 0.6
v -3.6 2.4 0.6
v -3.6 2.5 0.6
v -3.6 4.2 0.6
v -3.6 4.3 0.6
v -3.6 4.4 0.6
v -3.5 2.4 0.6
v -3.5 2.5 0.6
v -3.5 4.2 0.6
v -3.5 4.4 0.6
v -3.4 2.4 0.6
v -3.4 2.5 0.6
v -3.4 4.3 0.6
v -3.4 4.4 0.6
v -3.3 4.3 0.6
v -3.3 4.4 0.6
v -3.2 2.4 0.6
v -3.2 2.5 0.6
v -3.2 4.3 0.6
v -3.2 4.4 0.6
v -3.1 2.4 0.6
v -3.1 2.5 0.6
v -3.1 4.3 0.6
v -3.1 4.4 0.6
v -3 2.4 0.6
v -3 2.5 0.6
v -2.9 2.4 0.6
v -2.9 2.5 0.6
v -2.9 4.3 0.6
v -2.9 4.4 0.6
v -2.8 2.5 0.6
v -2.8 2.6 0.6
v -2.8 4.2 0.6
v -2.8 4.3 0.6
v -2.8 4.4 0.6
v -2.7 2.5 0.6
v -2.7 2.6 0.6
v -2.7 4.2 0.6
v -2.7 4.3 0.6
v -2.6 2.4 0.6
v -2.6 2.5 0.6
v -2.6 2.6 0.6
v -2.6 4.2 0.6
v -2.6 4.3 0.6
v -2.6 4.4 0.6
v -2.5 4.3 0.6
v -2.5 4.4 0.6
v -2.4 2.4 0.6
v -2.4 2.5 0.6
v -2.4 4.3 0.6
v -2.4 4.4 0.6
v -2.3 2.4 0.6
v -2.3 2.5 0.6
v -2.3 4.3 0.6
v -2.3 4.4 0.6
v -2.2 2.4 0.6
v -2.2 2.5 0.6
v -2.1 4.3 0.6
v -2.1 4.4 0.6
v -2 2.4 0.6
v -2 2.5 0.6
v -2 4.3 0.6
v -2 4.4 0.6
v -1.9 2.4 0.6
v -1.9 2.5 0.6
v -1.8 4.3 0.6
v -1.8 4.4 0.6
v -1.7 2.4 0.6
v -1.7 2.5 0.6
v -1.7 4.3 0.6
v -1.7 4.4 0.6
v -1.6 2.4 0.6
v -1.6 2.5 0.6
v -1.6 4.3 0.6
v -1.6 4.4 0.6
v -1.5 2.4 0.6
v -1.5 2.5 0.6
v -1.4 2.4 0.6
v -1.4 2.5 0.6
v -1.4 2.6 0.6
v -1.4 4.2 0.6
v -1.4 4.3 0.6
v -1.4 4.4 0.6
v -1.3 2.5 0.6
v -1.3 2.6 0.6
v -1.3 4.2 0.6
v -1.3 4.3 0.6
v -1.2 2.4 0.6
v -1.2 2.5 0.6
v -1.2 2.6 0.6
v -1.2 4.2 0.6
v -1.2 4.3 0.6
v -1.1 2.4 0.6
v -1.1 2.5 0.6
v -1.1 4.3 0.6
v -1.1 4.4 0.6
v -1 4.3 0.6
v -1 4.4 0.6
v -0.9 2.4 0.6
v -0.9 2.5 0.6
v -0.9 4.3 0.6
v -0.9 4.4 0.6
v -0.8 2.4 0.6
v -0.8 2.5 0.6
v -0.8 4.3 0.6
v -0.8 4.4 0.6
v -0.7 2.4 0.6
v -0.7 2.5 0.6
v -0.6 2.4 0.6
v -0.6 2.5 0.6
v -0.6 4.3 0.6
v -0.6 4.4 0.6
v -0.5 2.4 0.6
v -0.5 2.6 0.6
v -0.5 4.3 0.6
v -0.5 4.4 0.6
v -0.4 2.4 0.6
v -0.4 2.5 0.6
v -0.4 2.6 0.6
v -0.4 4.3 0.6
v -0.4 4.4 0.6
v -0.3 2.4 0.6
v -0.3 2.5 0.6
v -0.3 4.3 0.6
v -0.3 4.4 0.6
v -0.2 2.4 0.6
v -0.2 2.5 0.6
v -0.0999999 2.4 0.6
v -0.0999999 2.5 0.6
v -0.0999999 4.3 0.6
v -0.0999999 4.4 0.6
v 0 2.4 0.6
v 0 2.5 0.6
v 0 2.6 0.6
v 0 2.7 0.6
v 0 2.8 0.6
v 0 4 0.6
v 0 4.1 0.6
v 0 4.2 0.6
v 0.0999999 2.4 0.6
v 0.0999999 2.6 0.6
v 0.0999999 2.7 0.6
v 0.0999999 2.8 0.6
v 0.0999999 4 0.6
v 0.0999999 4.1 0.6
v 0.0999999 4.2 0.6
v 0.0999999 4.4 0.6
v -4.2 3.1 0
v -4.2 3.2 0
v -4.2 3.3 0
v -4.2 3.6 0
v -4.2 3.7 0
v -4.1 3 0
v -4.1 3.1 0
v -4.1 3.2 0
v -4.1 3.3 0
v -4.1 3.5 0
v -4.1 3.6 0
v -4.1 3.7 0
v -4.1 3.8 0
v -4 3 0
v -4 3.1 0
v -4 3.7 0
v -4 3.8 0
v 0 3 0
v 0 3.1 0
v 0 3.7 0
v 0 3.8 0
v 0.0999999 3 0
v 0.0999999 3.1 0
v 0.0999999 3.2 0
v 0.0999999 3.3 0
v 0.0999999 3.5 0
v 0.0999999 3.6 0
v 0.0999999 3.7 0
v 0.0999999 3.8 0
v 0.2 3.1 0
v 0.2 3.2 0
v 0.2 3.3 0
v 0.2 3.6 0
v 0.2 3.7 0
v -4.1 3.1 -0.0999999
v -4.1 3.2 -0.0999999
v -4.1 3.3 -0.0999999
v -4.1 3.5 -0.0999999
v -4.1 3.6 -0.0999999
v -4.1 3.7 -0.0999999
v -4 3.1 -0.0999999
v -4 3.2 -0.0999999
v -4 3.3 -0.0999999
v -4 3.5 -0.0999999
v -4 3.6 -0.0999999
v -4 3.7 -0.0999999
v 0 3.1 -0.0999999
v 0 3.2 -0.0999999
v 0 3.3 -0.0999999
v 0 3.5 -0.0999999
v 0 3.6 -0.0999999
v 0 3.7 -0.0999999
v 0.0999999 3.1 -0.0999999
v 0.0999999 3.2 -0.0999999
v 0.0999999 3.3 -0.0999999
v 0.0999999 3.5 -0.0999999
v 0.0999999 3.6 -0.0999999
v 0.0999999 3.7 -0.0999999
v -4.2 2.4 -0.2
v -4.2 2.5 -0.2
v -4.2 2.7 -0.2
v -4.2 2.8 -0.2
v -4.2 4 -0.2
v -4.2 4.1 -0.2
v -4.2 4.3 -0.2
v -4.2 4.4 -0.2
v -4.1 2.4 -0.2
v -4.1 2.5 -0.2
v -4.1 2.7 -0.2
v -4.1 2.8 -0.2
v -4.1 2.9 -0.2
v -4.1 3.9 -0.2
v -4.1 4 -0.2
v -4.1 4.1 -0.2
v -4.1 4.3 -0.2
v -4.1 4.4 -0.2
v -4 2.6 -0.2
v -4 2.8 -0.2
v -4 2.9 -0.2
v -4 3.9 -0.2
v -4 4 -0.2
v -4 4.2 -0.2
v -4 4.3 -0.2
v -4 4.4 -0.2
v -3.9 4.3 -0.2
v -3.9 4.4 -0.2
v -3.8 2.4 -0.2
v -3.8 2.5 -0.2
v -3.7 4.3 -0.2
v -3.7 4.4 -0.2
v -3.5 2.4 -0.2
v -3.5 2.5 -0.2
v -3.4 4.3 -0.2
v -3.4 4.4 -0.2
v -3.3 2.4 -0.2
v -3.3 2.5 -0.2
v -3.3 4.3 -0.2
v -3.3 4.4 -0.2
v -3.2 2.4 -0.2
v -3.2 2.5 -0.2
v -3.2 4.2 -0.2
v -3.2 4.3 -0.2
v -3.1 2.4 -0.2
v -3.1 2.5 -0.2
v -3.1 4.2 -0.2
v -3.1 4.3 -0.2
v -3 4.3 -0.2
v -3 4.4 -0.2
v -2.9 4.3 -0.2
v -2.9 4.4 -0.2
v -2.8 2.4 -0.2
v -2.8 2.5 -0.2
v -2.6 2.4 -0.2
v -2.6 2.5 -0.2
v -2.6 4.3 -0.2
v -2.6 4.4 -0.2
v -2.5 2.4 -0.2
v -2.5 2.5 -0.2
v -2.5 4.3 -0.2
v -2.5 4.4 -0.2
v -2.3 2.4 -0.2
v -2.3 2.5 -0.2
v -2.3 4.3 -0.2
v -2.3 4.4 -0.2
v -2.2 2.5 -0.2
v -2.2 2.6 -0.2
v -2.1 2.5 -0.2
v -2.1 2.6 -0.2
v -2.1 4.3 -0.2
v -2.1 4.4 -0.2
v -2 2.4 -0.2
v -2 2.5 -0.2
v -2 4.3 -0.2
v -2 4.4 -0.2
v -1.9 2.4 -0.2
v -1.9 2.5 -0.2
v -1.9 4.2 -0.2
v -1.9 4.3 -0.2
v -1.8 4.2 -0.2
v -1.8 4.3 -0.2
v -1.7 2.4 -0.2
v -1.7 2.5 -0.2
v -1.7 4.3 -0.2
v -1.7 4.4 -0.2
v -1.5 2.4 -0.2
v -1.5 2.5 -0.2
v -1.5 4.3 -0.2
v -1.5 4.4 -0.2
v -1.4 2.4 -0.2
v -1.4 2.5 -0.2
v -1.4 4.3 -0.2
v -1.4 4.4 -0.2
v -1.2 4.3 -0.2
v -1.2 4.4 -0.2
v -1.1 2.4 -0.2
v -1.1 2.5 -0.2
v -1 2.4 -0.2
v -1 2.5 -0.2
v -0.9 2.5 -0.2
v -0.9 2.6 -0.2
v -0.9 4.3 -0.2
v -0.9 4.4 -0.2
v -0.8 2.5 -0.2
v -0.8 2.6 -0.2
v -0.8 4.3 -0.2
v -0.8 4.4 -0.2
v -0.7 2.4 -0.2
v -0.7 2.5 -0.2
v -0.7 4.3 -0.2
v -0.7 4.4 -0.2
v -0.6 2.4 -0.2
v -0.6 2.5 -0.2
v -0.5 4.3 -0.2
v -0.5 4.4 -0.2
v -0.3 2.4 -0.2
v -0.3 2.5 -0.2
v -0.2 4.3 -0.2
v -0.2 4.4 -0.2
v -0.0999999 2.4 -0.2
v -0.0999999 2.5 -0.2
v 0 2.4 -0.2
v 0 2.5 -0.2
v 0 2.6 -0.2
v 0 2.8 -0.2
v 0 2.9 -0.2
v 0 3.9 -0.2
v 0 4 -0.2
v 0 4.2 -0.2
v 0.0999999 2.4 -0.2
v 0.0999999 2.5 -0.2
v 0.0999999 2.7 -0.2
v 0.0999999 2.8 -0.2
v 0.0999999 2.9 -0.2
v 0.0999999 3.9 -0.2
v 0.0999999 4 -0.2
v 0.0999999 4.1 -0.2
v 0.0999999 4.3 -0.2
v 0.0999999 4.4 -0.2
v 0.2 2.4 -0.2
v 0.2 2.5 -0.2
v 0.2 2.7 -0.2
v 0.2 2.8 -0.2
v 0.2 4 -0.2
v 0.2 4.1 -0.2
v 0.2 4.3 -0.2
v 0.2 4.4 -0.2
v -4.2 3.1 -1
v -4.2 3.2 -1
v -4.2 3.3 -1
v -4.2 3.6 -1
v -4.2 3.7 -1
v -4.1 3 -1
v -4.1 3.1 -1
v -4.1 3.2 -1
v -4.1 3.3 -1
v -4.1 3.6 -1
v -4.1 3.7 -1
v -4.1 3.8 -1
v -4 3 -1
v -4 3.1 -1
v -4 3.7 -1
v -4 3.8 -1
v 0 3 -1
v 0 3.1 -1
v 0 3.7 -1
v 0 3.8 -1
v 0.0999999 3 -1
v 0.0999999 3.1 -1
v 0.0999999 3.2 -1
v 0.0999999 3.3 -1
v 0.0999999 3.6 -1
v 0.0999999 3.7 -1
v 0.0999999 3.8 -1
v 0.2 3.1 -1
v 0.2 3.2 -1
v 0.2 3.3 -1
v 0.2 3.6 -1
v 0.2 3.7 -1
v -4.2 2.4 -1.6
v -4.2 2.5 -1.6
v -4.2 2.7 -1.6
v -4.2 2.8 -1.6
v -4.2 4 -1.6
v -4.2 4.1 -1.6
v -4.2 4.3 -1.6
v -4.2 4.4 -1.6
v -4.1 2.4 -1.6
v -4.1 2.5 -1.6
v -4.1 2.7 -1.6
v -4.1 2.8 -1.6
v -4.1 2.9 -1.6
v -4.1 3.9 -1.6
v -4.1 4 -1.6
v -4.1 4.1 -1.6
v -4.1 4.2 -1.6
v -4.1 4.3 -1.6
v -4.1 4.4 -1.6
v -4 2.8 -1.6
v -4 2.9 -1.6
v -4 3.9 -1.6
v -4 4 -1.6
v -4 4.3 -1.6
v -4 4.4 -1.6
v -3.9 2.4 -1.6
v -3.9 2.5 -1.6
v -3.8 2.4 -1.6
v -3.8 2.5 -1.6
v -3.8 4.3 -1.6
v -3.7 2.4 -1.6
v -3.7 2.5 -1.6
v -3.6 2.4 -1.6
v -3.6 2.5 -1.6
v -3.4 2.5 -1.6
v -3.4 4.3 -1.6
v -3.3 2.4 -1.6
v -3.3 2.5 -1.6
v -3.3 4.3 -1.6
v -3.2 2.4 -1.6
v -3.2 2.5 -1.6
v -3.2 4.3 -1.6
v -3.1 2.5 -1.6
v -3.1 2.6 -1.6
v -3.1 4.3 -1.6
v -3.1 4.4 -1.6
v -3 2.4 -1.6
v -3 2.5 -1.6
v -3 2.6 -1.6
v -3 4.3 -1.6
v -3 4.4 -1.6
v -2.9 2.4 -1.6
v -2.9 2.5 -1.6
v -2.8 2.4 -1.6
v -2.8 2.5 -1.6
v -2.8 4.3 -1.6
v -2.7 2.5 -1.6
v -2.7 4.3 -1.6
v -2.7 4.4 -1.6
v -2.6 4.3 -1.6
v -2.6 4.4 -1.6
v -2.5 2.5 -1.6
v -2.5 4.3 -1.6
v -2.5 4.4 -1.6
v -2.4 2.5 -1.6
v -2.4 4.3 -1.6
v -2.3 4.2 -1.6
v -2.3 4.3 -1.6
v -2.3 4.4 -1.6
v -2.2 4.2 -1.6
v -2.2 4.3 -1.6
v -2.1 2.5 -1.6
v -2.1 4.2 -1.6
v -2.1 4.3 -1.6
v -2 2.4 -1.6
v -2 2.5 -1.6
v -2 2.6 -1.6
v -2 4.2 -1.6
v -2 4.3 -1.6
v -2 4.4 -1.6
v -1.9 2.5 -1.6
v -1.9 2.6 -1.6
v -1.9 4.3 -1.6
v -1.8 2.5 -1.6
v -1.8 2.6 -1.6
v -1.7 2.4 -1.6
v -1.7 2.5 -1.6
v -1.7 2.6 -1.6
v -1.6 2.5 -1.6
v -1.6 4.3 -1.6
v -1.5 2.4 -1.6
v -1.5 2.5 -1.6
v -1.5 4.3 -1.6
v -1.4 2.4 -1.6
v -1.4 2.5 -1.6
v -1.3 2.4 -1.6
v -1.3 2.5 -1.6
v -1.3 4.3 -1.6
v -1.2 2.5 -1.6
v -1.2 4.3 -1.6
v -1.2 4.4 -1.6
v -1.1 4.3 -1.6
v -1.1 4.4 -1.6
v -1 2.4 -1.6
v -1 2.5 -1.6
v -1 4.2 -1.6
v -1 4.3 -1.6
v -1 4.4 -1.6
v -0.9 2.4 -1.6
v -0.9 2.5 -1.6
v -0.9 4.2 -1.6
v -0.9 4.3 -1.6
v -0.8 2.5 -1.6
v -0.8 4.3 -1.6
v -0.8 4.4 -1.6
v -0.7 2.5 -1.6
v -0.7 4.3 -1.6
v -0.7 4.4 -1.6
v -0.6 2.5 -1.6
v -0.6 4.3 -1.6
v -0.4 4.3 -1.6
v -0.4 4.4 -1.6
v -0.3 4.3 -1.6
v -0.3 4.4 -1.6
v -0.2 2.5 -1.6
v -0.2 4.3 -1.6
v -0.2 4.4 -1.6
v -0.0999999 4.3 -1.6
v -0.0999999 4.4 -1.6
v 0 2.4 -1.6
v 0 2.5 -1.6
v 0 2.8 -1.6
v 0 2.9 -1.6
v 0 3.9 -1.6
v 0 4 -1.6
v 0.0999999 2.4 -1.6
v 0.0999999 2.5 -1.6
v 0.0999999 2.6 -1.6
v 0.0999999 2.7 -1.6
v 0.0999999 2.8 -1.6
v 0.0999999 2.9 -1.6
v 0.0999999 3.9 -1.6
v 0.0999999 4 -1.6
v 0.0999999 4.1 -1.6
v 0.0999999 4.3 -1.6
v 0.0999999 4.4 -1.6
v 0.2 2.4 -1.6
v 0.2 2.5 -1.6
v 0.2 2.7 -1.6
v 0.2 2.8 -1.6
v 0.2 4 -1.6
v 0.2 4.1 -1.6
v 0.2 4.3 -1.6
v 0.2 4.4 -1.6
v -4.1 2.5 -1.7
v -4.1 2.7 -1.7
v -4.1 2.8 -1.7
v -4.1 4 -1.7
v -4.1 4.1 -1.7
v -4.1 4.2 -1.7
v -4.1 4.3 -1.7
v -4 2.6 -1.7
v -4 2.7 -1.7
v -4 2.8 -1.7
v -4 4 -1.7
v -4 4.1 -1.7
v -4 4.2 -1.7
v -4 4.3 -1.7
v -3.8 4.2 -1.7
v -3.8 4.3 -1.7
v -3.7 2.5 -1.7
v -3.7 2.6 -1.7
v -3.6 2.5 -1.7
v -3.6 2.6 -1.7
v -3.4 2.5 -1.7
v -3.4 2.6 -1.7
v -3.4 4.2 -1.7
v -3.4 4.3 -1.7
v -3.3 2.5 -1.7
v -3.3 2.6 -1.7
v -3.3 4.2 -1.7
v -3.3 4.3 -1.7
v -3.2 2.5 -1.7
v -3.2 2.6 -1.7
v -3.2 4.2 -1.7
v -3.2 4.3 -1.7
v -3 2.5 -1.7
v -3 2.6 -1.7
v -2.8 2.5 -1.7
v -2.8 2.6 -1.7
v -2.8 4.2 -1.7
v -2.8 4.3 -1.7
v -2.7 2.5 -1.7
v -2.7 2.6 -1.7
v -2.7 4.2 -1.7
v -2.7 4.3 -1.7
v -2.5 2.5 -1.7
v -2.5 2.6 -1.7
v -2.4 2.5 -1.7
v -2.4 2.6 -1.7
v -2.4 4.2 -1.7
v -2.4 4.3 -1.7
v -2.3 4.2 -1.7
v -2.3 4.3 -1.7
v -2.1 2.5 -1.7
v -2.1 2.6 -1.7
v -2 2.5 -1.7
v -2 2.6 -1.7
v -2 4.2 -1.7
v -2 4.3 -1.7
v -1.9 4.2 -1.7
v -1.9 4.3 -1.7
v -1.7 2.5 -1.7
v -1.7 2.6 -1.7
v -1.6 2.5 -1.7
v -1.6 2.6 -1.7
v -1.6 4.2 -1.7
v -1.6 4.3 -1.7
v -1.5 4.2 -1.7
v -1.5 4.3 -1.7
v -1.3 2.5 -1.7
v -1.3 2.6 -1.7
v -1.3 4.2 -1.7
v -1.3 4.3 -1.7
v -1.2 2.5 -1.7
v -1.2 2.6 -1.7
v -1.2 4.2 -1.7
v -1.2 4.3 -1.7
v -1 4.2 -1.7
v -1 4.3 -1.7
v -0.8 2.5 -1.7
v -0.8 2.6 -1.7
v -0.8 4.2 -1.7
v -0.8 4.3 -1.7
v -0.7 2.5 -1.7
v -0.7 2.6 -1.7
v -0.7 4.2 -1.7
v -0.7 4.3 -1.7
v -0.6 2.5 -1.7
v -0.6 2.6 -1.7
v -0.6 4.2 -1.7
v -0.6 4.3 -1.7
v -0.4 4.2 -1.7
v -0.4 4.3 -1.7
v -0.3 4.2 -1.7
v -0.3 4.3 -1.7
v -0.2 2.5 -1.7
v -0.2 2.6 -1.7
v 0 2.5 -1.7
v 0 2.6 -1.7
v 0 2.7 -1.7
v 0 2.8 -1.7
v 0 4 -1.7
v 0 4.1 -1.7
v 0 4.2 -1.7
v 0.0999999 2.5 -1.7
v 0.0999999 2.6 -1.7
v 0.0999999 2.7 -1.7
v 0.0999999 2.8 -1.7
v 0.0999999 4 -1.7
v 0.0999999 4.1 -1.7
v 0.0999999 4.3 -1.7
v -4.2 3.1 -2.5
v -4.2 3.2 -2.5
v -4.2 3.4 -2.5
v -4.2 3.5 -2.5
v -4.2 3.6 -2.5
v -4.2 3.7 -2.5
v -4.1 3 -2.5
v -4.1 3.1 -2.5
v -4.1 3.2 -2.5
v -4.1 3.4 -2.5
v -4.1 3.5 -2.5
v -4.1 3.6 -2.5
v -4.1 3.7 -2.5
v -4.1 3.8 -2.5
v -4 3 -2.5
v -4 3.1 -2.5
v -4 3.7 -2.5
v -4 3.8 -2.5
v 0 3 -2.5
v 0 3.1 -2.5
v 0 3.7 -2.5
v 0 3.8 -2.5
v 0.0999999 3 -2.5
v 0.0999999 3.1 -2.5
v 0.0999999 3.2 -2.5
v 0.0999999 3.4 -2.5
v 0.0999999 3.5 -2.5
v 0.0999999 3.6 -2.5
v 0.0999999 3.7 -2.5
v 0.0999999 3.8 -2.5
v 0.2 3.1 -2.5
v 0.2 3.2 -2.5
v 0.2 3.4 -2.5
v 0.2 3.5 -2.5
v 0.2 3.6 -2.5
v 0.2 3.7 -2.5
v -4.1 3.1 -2.6
v -4.1 3.2 -2.6
v -4.1 3.4 -2.6
v -4.1 3.5 -2.6
v -4.1 3.6 -2.6
v -4.1 3.7 -2.6
v -4 3.1 -2.6
v -4 3.2 -2.6
v -4 3.4 -2.6
v -4 3.5 -2.6
v -4 3.6 -2.6
v -4 3.7 -2.6
v 0 3.1 -2.6
v 0 3.2 -2.6
v 0 3.4 -2.6
v 0 3.5 -2.6
v 0 3.6 -2.6
v 0 3.7 -2.6
v 0.0999999 3.1 -2.6
v 0.0999999 3.2 -2.6
v 0.0999999 3.4 -2.6
v 0.0999999 3.5 -2.6
v 0.0999999 3.6 -2.6
v 0.0999999 3.7 -2.6
v -4 2.9 -3
v -4 3 -3
v -4 3.8 -3
v -4 3.9 -3
v -3.9 2.9 -3
v -3.9 3 -3
v -3.9 3.8 -3
v -3.9 3.9 -3
v -3.8 3 -3
v -3.8 3.8 -3
v -3.7 3.9 -3
v -3.7 4 -3
v -3.6 2.9 -3
v -3.6 4 -3
v -3.6 4.1 -3
v -3.6 4.2 -3
v -3.5 2.9 -3
v -3.5 3.8 -3
v -3.5 3.9 -3
v -3.5 4 -3
v -3.5 4.2 -3
v -3.4 2.9 -3
v -3.3 3 -3
v -3.3 3.8 -3
v -3.2 2.9 -3
v -3.2 3.9 -3
v -3.1 3.9 -3
v -3 2.9 -3
v -3 3 -3
v -3 3.1 -3
v -3 3.7 -3
v -3 3.8 -3
v -3 3.9 -3
v -2.9 2.8 -3
v -2.9 2.9 -3
v -2.9 3.1 -3
v -2.9 3.2 -3
v -2.9 3.3 -3
v -2.9 3.5 -3
v -2.9 3.6 -3
v -2.9 3.7 -3
v -2.9 3.9 -3
v -2.8 2.6 -3
v -2.8 2.8 -3
v -2.8 3 -3
v -2.8 3.1 -3
v -2.8 3.8 -3
v -2.8 3.9 -3
v -2.8 4 -3
v -2.8 4.2 -3
v -2.7 2.6 -3
v -2.7 2.7 -3
v -2.7 2.8 -3
v -2.7 3 -3
v -2.7 4 -3
v -2.7 4.2 -3
v -2.6 2.8 -3
v -2.6 2.9 -3
v -2.6 3 -3
v -2.6 3.8 -3
v -2.6 3.9 -3
v -2.6 4 -3
v -2.4 2.9 -3
v -2.4 3.8 -3
v -2.3 2.9 -3
v -2.3 3.8 -3
v -2.3 3.9 -3
v -2.2 2.9 -3
v -2.2 3 -3
v -2.2 3.8 -3
v -2.1 2.9 -3
v -2.1 3.9 -3
v -2 3 -3
v -2 3.1 -3
v -2 3.7 -3
v -2 3.8 -3
v -1.9 2.9 -3
v -1.9 3.1 -3
v -1.9 3.2 -3
v -1.9 3.4 -3
v -1.9 3.5 -3
v -1.9 3.7 -3
v -1.9 3.9 -3
v -1.8 3 -3
v -1.8 3.1 -3
v -1.8 3.7 -3
v -1.8 3.8 -3
v -1.8 3.9 -3
v -1.7 2.9 -3
v -1.7 3 -3
v -1.7 3.8 -3
v -1.7 3.9 -3
v -1.6 3 -3
v -1.6 3.8 -3
v -1.6 3.9 -3
v -1.5 3.8 -3
v -1.4 2.8 -3
v -1.4 2.9 -3
v -1.4 3 -3
v -1.4 3.8 -3
v -1.4 3.9 -3
v -1.4 4 -3
v -1.3 2.6 -3
v -1.3 2.8 -3
v -1.3 3 -3
v -1.3 4 -3
v -1.3 4.1 -3
v -1.3 4.2 -3
v -1.2 2.6 -3
v -1.2 2.8 -3
v -1.2 2.9 -3
v -1.2 3.8 -3
v -1.2 4 -3
v -1.2 4.2 -3
v -1.1 2.9 -3
v -1.1 3 -3
v -1.1 3.8 -3
v -1.1 3.9 -3
v -1.1 4 -3
v -1 2.9 -3
v -1 3.9 -3
v -0.9 2.9 -3
v -0.9 3 -3
v -0.9 3.8 -3
v -0.8 2.9 -3
v -0.8 3.8 -3
v -0.8 3.9 -3
v -0.7 3 -3
v -0.6 3 -3
v -0.6 3.9 -3
v -0.5 2.6 -3
v -0.5 2.8 -3
v -0.5 2.9 -3
v -0.5 3 -3
v -0.5 3.1 -3
v -0.5 3.7 -3
v -0.5 3.8 -3
v -0.5 3.9 -3
v -0.4 2.6 -3
v -0.4 2.7 -3
v -0.4 2.8 -3
v -0.4 3.1 -3
v -0.4 3.2 -3
v -0.4 3.4 -3
v -0.4 3.5 -3
v -0.4 3.6 -3
v -0.4 3.7 -3
v -0.4 3.9 -3
v -0.3 2.8 -3
v -0.3 2.9 -3
v -0.3 3.1 -3
v -0.3 3.2 -3
v -0.3 3.3 -3
v -0.3 3.5 -3
v -0.3 3.6 -3
v -0.3 3.7 -3
v -0.2 3 -3
v -0.2 3.1 -3
v -0.2 3.7 -3
v -0.2 3.8 -3
v -0.0999999 2.9 -3
v -0.0999999 3.9 -3
v 0 2.9 -3
v 0 3 -3
v 0 3.8 -3
v 0 3.9 -3
v -4.2 2.4 -3.1
v -4.2 2.6 -3.1
v -4.2 2.7 -3.1
v -4.2 2.8 -3.1
v -4.2 3.1 -3.1
v -4.2 3.2 -3.1
v -4.2 3.3 -3.1
v -4.2 3.5 -3.1
v -4.2 3.6 -3.1
v -4.2 3.7 -3.1
v -4.2 4 -3.1
v -4.2 4.1 -3.1
v -4.2 4.2 -3.1
v -4.2 4.4 -3.1
v -4.1 2.4 -3.1
v -4.1 2.5 -3.1
v -4.1 2.6 -3.1
v -4.1 2.7 -3.1
v -4.1 2.8 -3.1
v -4.1 2.9 -3.1
v -4.1 3 -3.1
v -4.1 3.1 -3.1
v -4.1 3.2 -3.1
v -4.1 3.3 -3.1
v -4.1 3.4 -3.1
v -4.1 3.5 -3.1
v -4.1 3.6 -3.1
v -4.1 3.7 -3.1
v -4.1 3.8 -3.1
v -4.1 3.9 -3.1
v -4.1 4 -3.1
v -4.1 4.1 -3.1
v -4.1 4.2 -3.1
v -4.1 4.3 -3.1
v -4.1 4.4 -3.1
v -4 2.8 -3.1
v -4 3 -3.1
v -4 3.1 -3.1
v -4 3.7 -3.1
v -4 3.8 -3.1
v -4 3.9 -3.1
v -4 4 -3.1
v -3.9 2.8 -3.1
v -3.9 2.9 -3.1
v -3.9 3 -3.1
v -3.9 3.1 -3.1
v -3.9 3.7 -3.1
v -3.9 3.8 -3.1
v -3.9 3.9 -3.1
v -3.9 4 -3.1
v -3.8 2.8 -3.1
v -3.8 3 -3.1
v -3.8 3.1 -3.1
v -3.8 3.7 -3.1
v -3.8 3.8 -3.1
v -3.8 4 -3.1
v -3.7 3.1 -3.1
v -3.7 3.9 -3.1
v -3.7 4 -3.1
v -3.7 4.1 -3.1
v -3.7 4.2 -3.1
v -3.7 4.4 -3.1
v -3.6 2.8 -3.1
v -3.6 2.9 -3.1
v -3.6 4 -3.1
v -3.6 4.1 -3.1
v -3.6 4.2 -3.1
v -3.6 4.4 -3.1
v -3.5 2.8 -3.1
v -3.5 2.9 -3.1
v -3.5 3.7 -3.1
v -3.5 3.8 -3.1
v -3.5 3.9 -3.1
v -3.5 4 -3.1
v -3.4 2.8 -3.1
v -3.4 2.9 -3.1
v -3.4 3.1 -3.1
v -3.4 3.7 -3.1
v -3.4 4 -3.1
v -3.3 3 -3.1
v -3.3 3.1 -3.1
v -3.3 3.7 -3.1
v -3.3 3.8 -3.1
v -3.3 4 -3.1
v -3.2 2.8 -3.1
v -3.2 2.9 -3.1
v -3.2 3.7 -3.1
v -3.2 3.9 -3.1
v -3.2 4 -3.1
v -3.1 2.8 -3.1
v -3.1 3.1 -3.1
v -3.1 3.7 -3.1
v -3.1 3.9 -3.1
v -3.1 4 -3.1
v -3 2.8 -3.1
v -3 2.9 -3.1
v -3 3 -3.1
v -3 3.1 -3.1
v -3 3.2 -3.1
v -3 3.3 -3.1
v -3 3.5 -3.1
v -3 3.6 -3.1
v -3 3.7 -3.1
v -3 3.8 -3.1
v -3 3.9 -3.1
v -3 4 -3.1
v -2.9 2.5 -3.1
v -2.9 2.7 -3.1
v -2.9 2.8 -3.1
v -2.9 2.9 -3.1
v -2.9 3.1 -3.1
v -2.9 3.2 -3.1
v -2.9 3.3 -3.1
v -2.9 3.5 -3.1
v -2.9 3.6 -3.1
v -2.9 3.7 -3.1
v -2.9 3.9 -3.1
v -2.9 4 -3.1
v -2.8 2.5 -3.1
v -2.8 2.8 -3.1
v -2.8 3 -3.1
v -2.8 3.1 -3.1
v -2.8 3.7 -3.1
v -2.8 3.8 -3.1
v -2.8 3.9 -3.1
v -2.8 4 -3.1
v -2.7 2.5 -3.1
v -2.7 2.6 -3.1
v -2.7 2.7 -3.1
v -2.7 2.8 -3.1
v -2.7 3 -3.1
v -2.7 3.1 -3.1
v -2.7 3.7 -3.1
v -2.7 4 -3.1
v -2.7 4.3 -3.1
v -2.6 2.5 -3.1
v -2.6 2.6 -3.1
v -2.6 2.7 -3.1
v -2.6 2.8 -3.1
v -2.6 2.9 -3.1
v -2.6 3 -3.1
v -2.6 3.1 -3.1
v -2.6 3.7 -3.1
v -2.6 3.8 -3.1
v -2.6 3.9 -3.1
v -2.6 4 -3.1
v -2.6 4.1 -3.1
v -2.6 4.3 -3.1
v -2.5 2.8 -3.1
v -2.5 3.7 -3.1
v -2.4 2.8 -3.1
v -2.4 2.9 -3.1
v -2.4 3.7 -3.1
v -2.4 3.8 -3.1
v -2.4 4 -3.1
v -2.3 2.8 -3.1
v -2.3 2.9 -3.1
v -2.3 3.7 -3.1
v -2.3 3.8 -3.1
v -2.3 3.9 -3.1
v -2.3 4 -3.1
v -2.2 2.8 -3.1
v -2.2 2.9 -3.1
v -2.2 3 -3.1
v -2.2 3.1 -3.1
v -2.2 3.7 -3.1
v -2.2 3.8 -3.1
v -2.2 4 -3.1
v -2.1 2.8 -3.1
v -2.1 2.9 -3.1
v -2.1 3.1 -3.1
v -2.1 3.9 -3.1
v -2.1 4 -3.1
v -2 2.8 -3.1
v -2 3 -3.1
v -2 3.1 -3.1
v -2 3.7 -3.1
v -2 3.8 -3.1
v -2 4 -3.1
v -1.9 2.8 -3.1
v -1.9 2.9 -3.1
v -1.9 3.1 -3.1
v -1.9 3.2 -3.1
v -1.9 3.4 -3.1
v -1.9 3.5 -3.1
v -1.9 3.7 -3.1
v -1.9 3.9 -3.1
v -1.9 4 -3.1
v -1.8 2.8 -3.1
v -1.8 3 -3.1
v -1.8 3.1 -3.1
v -1.8 3.2 -3.1
v -1.8 3.3 -3.1
v -1.8 3.4 -3.1
v -1.8 3.5 -3.1
v -1.8 3.6 -3.1
v -1.8 3.7 -3.1
v -1.8 3.8 -3.1
v -1.8 3.9 -3.1
v -1.8 4 -3.1
v -1.7 2.8 -3.1
v -1.7 2.9 -3.1
v -1.7 3 -3.1
v -1.7 3.1 -3.1
v -1.7 3.7 -3.1
v -1.7 3.8 -3.1
v -1.7 3.9 -3.1
v -1.7 4 -3.1
v -1.6 2.8 -3.1
v -1.6 3 -3.1
v -1.6 3.1 -3.1
v -1.6 3.7 -3.1
v -1.6 3.8 -3.1
v -1.6 3.9 -3.1
v -1.6 4 -3.1
v -1.5 3.7 -3.1
v -1.5 3.8 -3.1
v -1.5 4 -3.1
v -1.4 2.5 -3.1
v -1.4 2.7 -3.1
v -1.4 2.8 -3.1
v -1.4 2.9 -3.1
v -1.4 3 -3.1
v -1.4 3.1 -3.1
v -1.4 3.7 -3.1
v -1.4 3.8 -3.1
v -1.4 3.9 -3.1
v -1.4 4 -3.1
v -1.4 4.1 -3.1
v -1.4 4.2 -3.1
v -1.4 4.3 -3.1
v -1.3 2.5 -3.1
v -1.3 2.8 -3.1
v -1.3 3 -3.1
v -1.3 3.1 -3.1
v -1.3 3.7 -3.1
v -1.3 4 -3.1
v -1.3 4.1 -3.1
v -1.3 4.2 -3.1
v -1.3 4.3 -3.1
v -1.2 2.8 -3.1
v -1.2 2.9 -3.1
v -1.2 3.7 -3.1
v -1.2 3.8 -3.1
v -1.2 4 -3.1
v -1.2 4.3 -3.1
v -1.1 2.8 -3.1
v -1.1 2.9 -3.1
v -1.1 3 -3.1
v -1.1 3.1 -3.1
v -1.1 3.7 -3.1
v -1.1 3.8 -3.1
v -1.1 3.9 -3.1
v -1.1 4 -3.1
v -1.1 4.1 -3.1
v -1.1 4.3 -3.1
v -1 2.8 -3.1
v -1 2.9 -3.1
v -1 3.1 -3.1
v -1 3.9 -3.1
v -1 4 -3.1
v -0.9 2.8 -3.1
v -0.9 2.9 -3.1
v -0.9 3 -3.1
v -0.9 3.1 -3.1
v -0.9 3.7 -3.1
v -0.9 3.8 -3.1
v -0.9 4 -3.1
v -0.8 2.8 -3.1
v -0.8 2.9 -3.1
v -0.8 3.7 -3.1
v -0.8 3.8 -3.1
v -0.8 3.9 -3.1
v -0.8 4 -3.1
v -0.7 2.8 -3.1
v -0.7 3 -3.1
v -0.7 3.1 -3.1
v -0.6 2.8 -3.1
v -0.6 3 -3.1
v -0.6 3.1 -3.1
v -0.6 3.9 -3.1
v -0.6 4 -3.1
v -0.5 2.8 -3.1
v -0.5 2.9 -3.1
v -0.5 3 -3.1
v -0.5 3.1 -3.1
v -0.5 3.2 -3.1
v -0.5 3.4 -3.1
v -0.5 3.5 -3.1
v -0.5 3.6 -3.1
v -0.5 3.7 -3.1
v -0.5 3.8 -3.1
v -0.5 3.9 -3.1
v -0.5 4 -3.1
v -0.4 2.4 -3.1
v -0.4 2.6 -3.1
v -0.4 2.7 -3.1
v -0.4 2.8 -3.1
v -0.4 3.1 -3.1
v -0.4 3.2 -3.1
v -0.4 3.4 -3.1
v -0.4 3.5 -3.1
v -0.4 3.6 -3.1
v -0.4 3.7 -3.1
v -0.4 3.9 -3.1
v -0.4 4 -3.1
v -0.3 2.4 -3.1
v -0.3 2.6 -3.1
v -0.3 2.7 -3.1
v -0.3 2.8 -3.1
v -0.3 2.9 -3.1
v -0.3 3.1 -3.1
v -0.3 3.2 -3.1
v -0.3 3.3 -3.1
v -0.3 3.5 -3.1
v -0.3 3.6 -3.1
v -0.3 3.7 -3.1
v -0.2 2.8 -3.1
v -0.2 3 -3.1
v -0.2 3.1 -3.1
v -0.2 3.2 -3.1
v -0.2 3.3 -3.1
v -0.2 3.5 -3.1
v -0.2 3.6 -3.1
v -0.2 3.7 -3.1
v -0.2 3.8 -3.1
v -0.2 4 -3.1
v -0.0999999 2.8 -3.1
v -0.0999999 2.9 -3.1
v -0.0999999 3.9 -3.1
v -0.0999999 4 -3.1
v 0 2.8 -3.1
v 0 2.9 -3.1
v 0 3 -3.1
v 0 3.1 -3.1
v 0 3.7 -3.1
v 0 4 -3.1
v 0.0999999 2.4 -3.1
v 0.0999999 2.5 -3.1
v 0.0999999 2.6 -3.1
v 0.0999999 2.7 -3.1
v 0.0999999 2.8 -3.1
v 0.0999999 2.9 -3.1
v 0.0999999 3 -3.1
v 0.0999999 3.1 -3.1
v 0.0999999 3.2 -3.1
v 0.0999999 3.3 -3.1
v 0.0999999 3.4 -3.1
v 0.0999999 3.5 -3.1
v 0.0999999 3.6 -3.1
v 0.0999999 3.7 -3.1
v 0.0999999 3.8 -3.1
v 0.0999999 3.9 -3.1
v 0.0999999 4 -3.1
v 0.0999999 4.1 -3.1
v 0.0999999 4.2 -3.1
v 0.0999999 4.3 -3.1
v 0.0999999 4.4 -3.1
v 0.2 2.4 -3.1
v 0.2 2.6 -3.1
v 0.2 2.7 -3.1
v 0.2 2.8 -3.1
v 0.2 3.1 -3.1
v 0.2 3.2 -3.1
v 0.2 3.3 -3.1
v 0.2 3.5 -3.1
v 0.2 3.6 -3.1
v 0.2 3.7 -3.1
v 0.2 4 -3.1
v 0.2 4.1 -3.1
v 0.2 4.2 -3.1
v 0.2 4.4 -3.1
v -4.1 2.4 -3.2
v -4.1 2.5 -3.2
v -4.1 2.6 -3.2
v -4.1 2.7 -3.2
v -4.1 2.8 -3.2
v -4.1 3.1 -3.2
v -4.1 3.2 -3.2
v -4.1 3.3 -3.2
v -4.1 3.4 -3.2
v -4.1 3.5 -3.2
v -4.1 3.6 -3.2
v -4.1 3.7 -3.2
v -4.1 4 -3.2
v -4.1 4.1 -3.2
v -4.1 4.2 -3.2
v -4.1 4.3 -3.2
v -4.1 4.4 -3.2
v -4 2.4 -3.2
v -4 2.5 -3.2
v -4 2.6 -3.2
v -4 2.7 -3.2
v -4 2.8 -3.2
v -4 3.1 -3.2
v -4 3.2 -3.2
v -4 3.3 -3.2
v -4 3.4 -3.2
v -4 3.5 -3.2
v -4 3.6 -3.2
v -4 3.7 -3.2
v -4 4.1 -3.2
v -4 4.2 -3.2
v -4 4.3 -3.2
v -4 4.4 -3.2
v -3.9 3.1 -3.2
v -3.9 3.2 -3.2
v -3.9 3.3 -3.2
v -3.9 3.4 -3.2
v -3.9 3.5 -3.2
v -3.9 3.6 -3.2
v -3.9 3.7 -3.2
v -3.9 4 -3.2
v -3.9 4.1 -3.2
v -3.9 4.4 -3.2
v -3.8 2.4 -3.2
v -3.8 2.5 -3.2
v -3.8 2.6 -3.2
v -3.8 2.7 -3.2
v -3.8 2.8 -3.2
v -3.8 3.1 -3.2
v -3.8 3.2 -3.2
v -3.8 3.5 -3.2
v -3.8 3.6 -3.2
v -3.8 3.7 -3.2
v -3.8 4 -3.2
v -3.8 4.1 -3.2
v -3.8 4.4 -3.2
v -3.7 2.5 -3.2
v -3.7 2.6 -3.2
v -3.7 2.7 -3.2
v -3.7 3.1 -3.2
v -3.7 3.3 -3.2
v -3.7 4 -3.2
v -3.7 4.4 -3.2
v -3.6 2.4 -3.2
v -3.6 2.5 -3.2
v -3.6 2.7 -3.2
v -3.6 2.8 -3.2
v -3.6 3.5 -3.2
v -3.6 3.6 -3.2
v -3.5 2.4 -3.2
v -3.5 2.5 -3.2
v -3.5 2.7 -3.2
v -3.5 2.8 -3.2
v -3.5 3.2 -3.2
v -3.5 3.5 -3.2
v -3.5 3.6 -3.2
v -3.5 3.7 -3.2
v -3.5 4 -3.2
v -3.5 4.1 -3.2
v -3.5 4.2 -3.2
v -3.5 4.3 -3.2
v -3.5 4.4 -3.2
v -3.4 2.7 -3.2
v -3.4 2.8 -3.2
v -3.4 3.1 -3.2
v -3.4 3.2 -3.2
v -3.4 3.3 -3.2
v -3.4 3.4 -3.2
v -3.4 3.6 -3.2
v -3.4 3.7 -3.2
v -3.4 4 -3.2
v -3.4 4.1 -3.2
v -3.4 4.2 -3.2
v -3.4 4.3 -3.2
v -3.4 4.4 -3.2
v -3.3 2.4 -3.2
v -3.3 2.5 -3.2
v -3.3 2.6 -3.2
v -3.3 2.7 -3.2
v -3.3 3.1 -3.2
v -3.3 3.2 -3.2
v -3.3 3.3 -3.2
v -3.3 3.4 -3.2
v -3.3 3.5 -3.2
v -3.3 3.6 -3.2
v -3.3 3.7 -3.2
v -3.3 4 -3.2
v -3.3 4.2 -3.2
v -3.3 4.3 -3.2
v -3.3 4.4 -3.2
v -3.2 2.4 -3.2
v -3.2 2.5 -3.2
v -3.2 2.6 -3.2
v -3.2 3.2 -3.2
v -3.2 3.3 -3.2
v -3.2 3.4 -3.2
v -3.2 3.5 -3.2
v -3.2 3.6 -3.2
v -3.2 3.7 -3.2
v -3.2 4 -3.2
v -3.2 4.1 -3.2
v -3.2 4.2 -3.2
v -3.2 4.3 -3.2
v -3.2 4.4 -3.2
v -3.1 2.5 -3.2
v -3.1 2.7 -3.2
v -3.1 2.8 -3.2
v -3.1 3.1 -3.2
v -3.1 3.2 -3.2
v -3.1 3.3 -3.2
v -3.1 3.4 -3.2
v -3.1 3.6 -3.2
v -3.1 3.7 -3.2
v -3.1 4 -3.2
v -3.1 4.1 -3.2
v -3.1 4.2 -3.2
v -3.1 4.3 -3.2
v -3 2.5 -3.2
v -3 2.7 -3.2
v -3 2.8 -3.2
v -3 3.1 -3.2
v -3 3.2 -3.2
v -3 3.3 -3.2
v -3 3.6 -3.2
v -3 3.7 -3.2
v -3 4 -3.2
v -3 4.1 -3.2
v -3 4.2 -3.2
v -2.9 2.4 -3.2
v -2.9 2.5 -3.2
v -2.9 2.7 -3.2
v -2.9 2.8 -3.2
v -2.9 4 -3.2
v -2.9 4.1 -3.2
v -2.9 4.2 -3.2
v -2.9 4.3 -3.2
v -2.9 4.4 -3.2
v -2.8 3.1 -3.2
v -2.8 3.2 -3.2
v -2.8 3.3 -3.2
v -2.8 3.5 -3.2
v -2.8 3.6 -3.2
v -2.8 3.7 -3.2
v -2.8 4 -3.2
v -2.8 4.1 -3.2
v -2.8 4.3 -3.2
v -2.8 4.4 -3.2
v -2.7 3.1 -3.2
v -2.7 3.2 -3.2
v -2.7 3.3 -3.2
v -2.7 3.5 -3.2
v -2.7 3.6 -3.2
v -2.7 3.7 -3.2
v -2.6 2.4 -3.2
v -2.6 2.5 -3.2
v -2.6 2.7 -3.2
v -2.6 2.8 -3.2
v -2.6 3.1 -3.2
v -2.6 3.2 -3.2
v -2.6 3.3 -3.2
v -2.6 3.4 -3.2
v -2.6 3.5 -3.2
v -2.6 3.6 -3.2
v -2.6 3.7 -3.2
v -2.6 4 -3.2
v -2.6 4.1 -3.2
v -2.6 4.4 -3.2
v -2.5 2.4 -3.2
v -2.5 2.5 -3.2
v -2.5 2.7 -3.2
v -2.5 2.8 -3.2
v -2.5 3.2 -3.2
v -2.5 3.3 -3.2
v -2.5 3.4 -3.2
v -2.5 3.5 -3.2
v -2.5 3.6 -3.2
v -2.5 3.7 -3.2
v -2.4 3.2 -3.2
v -2.4 3.4 -3.2
v -2.4 3.5 -3.2
v -2.4 3.6 -3.2
v -2.4 3.7 -3.2
v -2.4 4 -3.2
v -2.4 4.1 -3.2
v -2.3 2.4 -3.2
v -2.3 2.5 -3.2
v -2.3 2.6 -3.2
v -2.3 2.7 -3.2
v -2.3 3.2 -3.2
v -2.3 3.5 -3.2
v -2.3 3.6 -3.2
v -2.3 3.7 -3.2
v -2.3 4 -3.2
v -2.3 4.1 -3.2
v -2.3 4.3 -3.2
v -2.3 4.4 -3.2
v -2.2 2.4 -3.2
v -2.2 2.5 -3.2
v -2.2 2.6 -3.2
v -2.2 2.7 -3.2
v -2.2 2.8 -3.2
v -2.2 3.1 -3.2
v -2.2 3.2 -3.2
v -2.2 3.3 -3.2
v -2.2 3.4 -3.2
v -2.2 3.5 -3.2
v -2.2 3.6 -3.2
v -2.2 4 -3.2
v -2.2 4.1 -3.2
v -2.2 4.3 -3.2
v -2.2 4.4 -3.2
v -2.1 2.4 -3.2
v -2.1 2.5 -3.2
v -2.1 2.6 -3.2
v -2.1 2.7 -3.2
v -2.1 2.8 -3.2
v -2.1 3.1 -3.2
v -2.1 3.2 -3.2
v -2.1 3.3 -3.2
v -2.1 3.4 -3.2
v -2.1 3.5 -3.2
v -2.1 3.6 -3.2
v -2.1 4 -3.2
v -2.1 4.1 -3.2
v -2.1 4.3 -3.2
v -2.1 4.4 -3.2
v -2 2.4 -3.2
v -2 2.5 -3.2
v -2 2.6 -3.2
v -2 2.7 -3.2
v -2 2.8 -3.2
v -2 3.1 -3.2
v -2 3.2 -3.2
v -2 3.3 -3.2
v -2 3.6 -3.2
v -2 3.7 -3.2
v -2 4 -3.2
v -2 4.1 -3.2
v -2 4.2 -3.2
v -2 4.3 -3.2
v -2 4.4 -3.2
v -1.9 2.4 -3.2
v -1.9 2.5 -3.2
v -1.9 2.7 -3.2
v -1.9 2.8 -3.2
v -1.9 4 -3.2
v -1.9 4.1 -3.2
v -1.9 4.2 -3.2
v -1.9 4.3 -3.2
v -1.9 4.4 -3.2
v -1.8 2.4 -3.2
v -1.8 2.5 -3.2
v -1.8 2.7 -3.2
v -1.8 2.8 -3.2
v -1.8 3.1 -3.2
v -1.8 3.2 -3.2
v -1.8 3.3 -3.2
v -1.8 3.4 -3.2
v -1.8 3.6 -3.2
v -1.8 3.7 -3.2
v -1.8 4 -3.2
v -1.8 4.1 -3.2
v -1.8 4.2 -3.2
v -1.8 4.3 -3.2
v -1.8 4.4 -3.2
v -1.7 2.4 -3.2
v -1.7 2.5 -3.2
v -1.7 2.7 -3.2
v -1.7 2.8 -3.2
v -1.7 3.2 -3.2
v -1.7 3.3 -3.2
v -1.7 3.4 -3.2
v -1.7 3.6 -3.2
v -1.7 3.7 -3.2
v -1.7 4.1 -3.2
v -1.7 4.2 -3.2
v -1.7 4.3 -3.2
v -1.7 4.4 -3.2
v -1.6 2.7 -3.2
v -1.6 2.8 -3.2
v -1.6 3.2 -3.2
v -1.6 3.3 -3.2
v -1.6 3.4 -3.2
v -1.6 3.5 -3.2
v -1.6 3.6 -3.2
v -1.6 3.7 -3.2
v -1.5 3.3 -3.2
v -1.5 3.4 -3.2
v -1.5 3.5 -3.2
v -1.5 3.6 -3.2
v -1.5 3.7 -3.2
v -1.5 4 -3.2
v -1.5 4.1 -3.2
v -1.5 4.3 -3.2
v -1.5 4.4 -3.2
v -1.4 2.4 -3.2
v -1.4 2.7 -3.2
v -1.4 2.8 -3.2
v -1.4 3.3 -3.2
v -1.4 3.4 -3.2
v -1.4 3.5 -3.2
v -1.4 3.6 -3.2
v -1.4 3.7 -3.2
v -1.4 4 -3.2
v -1.4 4.1 -3.2
v -1.4 4.3 -3.2
v -1.4 4.4 -3.2
v -1.3 3.1 -3.2
v -1.3 3.2 -3.2
v -1.3 3.3 -3.2
v -1.3 3.4 -3.2
v -1.3 3.5 -3.2
v -1.3 3.7 -3.2
v -1.2 2.4 -3.2
v -1.2 2.5 -3.2
v -1.2 2.7 -3.2
v -1.2 2.8 -3.2
v -1.2 3.2 -3.2
v -1.2 3.3 -3.2
v -1.2 3.6 -3.2
v -1.2 3.7 -3.2
v -1.1 2.4 -3.2
v -1.1 2.5 -3.2
v -1.1 2.6 -3.2
v -1.1 2.7 -3.2
v -1.1 2.8 -3.2
v -1.1 3.1 -3.2
v -1.1 3.2 -3.2
v -1.1 3.3 -3.2
v -1.1 3.4 -3.2
v -1.1 4 -3.2
v -1.1 4.1 -3.2
v -1.1 4.3 -3.2
v -1.1 4.4 -3.2
v -1 2.6 -3.2
v -1 2.7 -3.2
v -1 2.8 -3.2
v -1 3.1 -3.2
v -1 3.2 -3.2
v -1 3.3 -3.2
v -1 3.4 -3.2
v -1 3.5 -3.2
v -1 4 -3.2
v -1 4.1 -3.2
v -1 4.3 -3.2
v -0.9 2.5 -3.2
v -0.9 2.6 -3.2
v -0.9 2.7 -3.2
v -0.9 2.8 -3.2
v -0.9 3.1 -3.2
v -0.9 3.2 -3.2
v -0.9 3.3 -3.2
v -0.9 3.4 -3.2
v -0.9 3.5 -3.2
v -0.9 3.6 -3.2
v -0.9 3.7 -3.2
v -0.9 4 -3.2
v -0.9 4.1 -3.2
v -0.9 4.3 -3.2
v -0.8 2.4 -3.2
v -0.8 2.5 -3.2
v -0.8 2.6 -3.2
v -0.8 2.7 -3.2
v -0.8 2.8 -3.2
v -0.8 3.2 -3.2
v -0.8 3.3 -3.2
v -0.8 3.4 -3.2
v -0.8 3.5 -3.2
v -0.8 3.6 -3.2
v -0.8 3.7 -3.2
v -0.8 4.2 -3.2
v -0.8 4.3 -3.2
v -0.8 4.4 -3.2
v -0.7 2.4 -3.2
v -0.7 2.5 -3.2
v -0.7 2.6 -3.2
v -0.7 2.8 -3.2
v -0.7 4.1 -3.2
v -0.7 4.2 -3.2
v -0.7 4.3 -3.2
v -0.7 4.4 -3.2
v -0.6 2.4 -3.2
v -0.6 2.5 -3.2
v -0.6 2.6 -3.2
v -0.6 2.7 -3.2
v -0.6 2.8 -3.2
v -0.6 3.1 -3.2
v -0.6 3.2 -3.2
v -0.6 3.4 -3.2
v -0.6 3.5 -3.2
v -0.6 4 -3.2
v -0.6 4.1 -3.2
v -0.5 2.4 -3.2
v -0.5 2.5 -3.2
v -0.5 2.6 -3.2
v -0.5 2.7 -3.2
v -0.5 2.8 -3.2
v -0.5 3.1 -3.2
v -0.5 3.2 -3.2
v -0.5 3.4 -3.2
v -0.5 3.5 -3.2
v -0.5 3.6 -3.2
v -0.5 3.7 -3.2
v -0.5 4 -3.2
v -0.5 4.1 -3.2
v -0.5 4.3 -3.2
v -0.5 4.4 -3.2
v -0.4 4 -3.2
v -0.4 4.1 -3.2
v -0.4 4.3 -3.2
v -0.4 4.4 -3.2
v -0.3 2.4 -3.2
v -0.3 2.8 -3.2
v -0.3 4.1 -3.2
v -0.3 4.2 -3.2
v -0.3 4.3 -3.2
v -0.2 2.4 -3.2
v -0.2 2.7 -3.2
v -0.2 2.8 -3.2
v -0.2 3.1 -3.2
v -0.2 3.2 -3.2
v -0.2 3.3 -3.2
v -0.2 3.5 -3.2
v -0.2 3.6 -3.2
v -0.2 3.7 -3.2
v -0.2 4 -3.2
v -0.2 4.1 -3.2
v -0.2 4.2 -3.2
v -0.2 4.3 -3.2
v -0.2 4.4 -3.2
v -0.0999999 2.4 -3.2
v -0.0999999 2.7 -3.2
v -0.0999999 2.8 -3.2
v -0.0999999 3.3 -3.2
v -0.0999999 3.5 -3.2
v 0 2.4 -3.2
v 0 2.5 -3.2
v 0 2.6 -3.2
v 0 2.7 -3.2
v 0 3.1 -3.2
v 0 3.2 -3.2
v 0 3.3 -3.2
v 0 3.4 -3.2
v 0 3.5 -3.2
v 0 3.6 -3.2
v 0 3.7 -3.2
v 0 4 -3.2
v 0 4.1 -3.2
v 0 4.2 -3.2
v 0 4.3 -3.2
v 0 4.4 -3.2
v 0.0999999 2.4 -3.2
v 0.0999999 2.5 -3.2
v 0.0999999 2.6 -3.2
v 0.0999999 2.7 -3.2
v 0.0999999 2.8 -3.2
v 0.0999999 3.1 -3.2
v 0.0999999 3.2 -3.2
v 0.0999999 3.3 -3.2
v 0.0999999 3.4 -3.2
v 0.0999999 3.5 -3.2
v 0.0999999 3.6 -3.2
v 0.0999999 3.7 -3.2
v 0.0999999 4 -3.2
v 0.0999999 4.1 -3.2
v 0.0999999 4.2 -3.2
v 0.0999999 4.3 -3.2
v 0.0999999 4.4 -3.2
v -4.1 2.4 1.2
v -3.8 2.4 1.2
v -3.6 2.4 1.2
v -3.5 2.4 1.2
v -3.3 2.4 1.2
v -3.2 2.4 1.2
v -2.9 2.4 1.2
v -2.6 2.4 1.2
v -2.5 2.4 1.2
v -2.3 2.4 1.2
v -2.2 2.4 1.2
v -2.1 2.4 1.2
v -2 2.4 1.2
v -1.9 2.4 1.2
v -1.8 2.4 1.2
v -1.7 2.4 1.2
v -1.4 2.4 1.2
v -1.2 2.4 1.2
v -1.1 2.4 1.2
v -0.8 2.4 1.2
v -0.7 2.4 1.2
v -0.6 2.4 1.2
v -0.5 2.4 1.2
v -0.3 2.4 1.2
v -0.2 2.4 1.2
v -0.0999999 2.4 1.2
v 0 2.4 1.2
v -4.2 2.4 1.1
v -4.1 2.4 1.1
v -4 2.4 1.1
v -3.8 2.4 1.1
v -3.6 2.4 1.1
v -3.5 2.4 1.1
v -3.4 2.4 1.1
v -3.3 2.4 1.1
v -3.2 2.4 1.1
v -3 2.4 1.1
v -2.9 2.4 1.1
v -2.6 2.4 1.1
v -2.5 2.4 1.1
v -2.3 2.4 1.1
v -2.2 2.4 1.1
v -2.1 2.4 1.1
v -2 2.4 1.1
v -1.9 2.4 1.1
v -1.8 2.4 1.1
v -1.7 2.4 1.1
v -1.4 2.4 1.1
v -1.2 2.4 1.1
v -1.1 2.4 1.1
v -1 2.4 1.1
v -0.9 2.4 1.1
v -0.8 2.4 1.1
v -0.7 2.4 1.1
v -0.6 2.4 1.1
v -0.5 2.4 1.1
v -0.4 2.4 1.1
v -0.3 2.4 1.1
v -0.2 2.4 1.1
v -0.0999999 2.4 1.1
v 0 2.4 1.1
v 0.0999999 2.4 1.1
v 0.2 2.4 1.1
v -4.1 2.4 1
v -4 2.4 1
v -3.5 2.4 1
v -3.4 2.4 1
v -3.1 2.4 1
v -3 2.4 1
v -2.9 2.4 1
v -2.6 2.4 1
v -2.5 2.4 1
v -2.3 2.4 1
v -2.1 2.4 1
v -1.9 2.4 1
v -1.8 2.4 1
v -1.7 2.4 1
v -1.5 2.4 1
v -1.2 2.4 1
v -1.1 2.4 1
v -1 2.4 1
v -0.9 2.4 1
v -0.8 2.4 1
v -0.7 2.4 1
v -0.5 2.4 1
v -0.4 2.4 1
v -0.3 2.4 1
v -0.0999999 2.4 1
v -4.2 2.4 0.9
v -4.1 2.4 0.9
v -3.9 2.4 0.9
v -3.5 2.4 0.9
v -3.4 2.4 0.9
v -3.3 2.4 0.9
v -3.1 2.4 0.9
v -3 2.4 0.9
v -2.6 2.4 0.9
v -2.5 2.4 0.9
v -2.3 2.4 0.9
v -2.2 2.4 0.9
v -2.1 2.4 0.9
v -2 2.4 0.9
v -1.9 2.4 0.9
v -1.8 2.4 0.9
v -1.7 2.4 0.9
v -1.6 2.4 0.9
v -1.5 2.4 0.9
v -1 2.4 0.9
v -0.9 2.4 0.9
v -0.8 2.4 0.9
v -0.7 2.4 0.9
v -0.2 2.4 0.9
v -0.0999999 2.4 0.9
v 0 2.4 0.9
v 0.0999999 2.4 0.9
v 0.2 2.4 0.9
v -4.2 2.4 0.8
v -4.1 2.4 0.8
v -4 2.4 0.8
v -3.9 2.4 0.8
v -3.8 2.4 0.8
v -3.7 2.4 0.8
v -3.6 2.4 0.8
v -3.5 2.4 0.8
v -3.4 2.4 0.8
v -3.3 2.4 0.8
v -3.2 2.4 0.8
v -3.1 2.4 0.8
v -3 2.4 0.8
v -2.6 2.4 0.8
v -2.3 2.4 0.8
v -2.2 2.4 0.8
v -2.1 2.4 0.8
v -2 2.4 0.8
v -1.8 2.4 0.8
v -1.7 2.4 0.8
v -1.6 2.4 0.8
v -1.2 2.4 0.8
v -1.1 2.4 0.8
v -1 2.4 0.8
v -0.9 2.4 0.8
v -0.7 2.4 0.8
v -0.6 2.4 0.8
v -0.5 2.4 0.8
v -0.4 2.4 0.8
v -0.3 2.4 0.8
v -0.2 2.4 0.8
v -0.0999999 2.4 0.8
v 0 2.4 0.8
v 0.0999999 2.4 0.8
v 0.2 2.4 0.8
v -4.2 2.4 0.7
v -4.1 2.4 0.7
v -4 2.4 0.7
v -3.9 2.4 0.7
v -3.8 2.4 0.7
v -3.7 2.4 0.7
v -3.6 2.4 0.7
v -3.5 2.4 0.7
v -3.4 2.4 0.7
v -3.2 2.4 0.7
v -3.1 2.4 0.7
v -3 2.4 0.7
v -2.9 2.4 0.7
v -2.6 2.4 0.7
v -2.4 2.4 0.7
v -2.3 2.4 0.7
v -2 2.4 0.7
v -1.9 2.4 0.7
v -1.6 2.4 0.7
v -1.5 2.4 0.7
v -1.4 2.4 0.7
v -1.2 2.4 0.7
v -1.1 2.4 0.7
v -1 2.4 0.7
v -0.9 2.4 0.7
v -0.8 2.4 0.7
v -0.6 2.4 0.7
v -0.5 2.4 0.7
v -0.4 2.4 0.7
v -0.3 2.4 0.7
v -0.2 2.4 0.7
v 0 2.4 0.7
v 0.0999999 2.4 0.7
v 0.2 2.4 0.7
v -4.1 2.4 0.6
v -3.9 2.4 0.6
v -3.7 2.4 0.6
v -3.6 2.4 0.6
v -3.5 2.4 0.6
v -3.4 2.4 0.6
v -3.2 2.4 0.6
v -3.1 2.4 0.6
v -3 2.4 0.6
v -2.9 2.4 0.6
v -2.6 2.4 0.6
v -2.4 2.4 0.6
v -2.3 2.4 0.6
v -2.2 2.4 0.6
v -2 2.4 0.6
v -1.9 2.4 0.6
v -1.7 2.4 0.6
v -1.6 2.4 0.6
v -1.5 2.4 0.6
v -1.4 2.4 0.6
v -1.2 2.4 0.6
v -1.1 2.4 0.6
v -0.9 2.4 0.6
v -0.8 2.4 0.6
v -0.7 2.4 0.6
v -0.6 2.4 0.6
v -0.5 2.4 0.6
v -0.4 2.4 0.6
v -0.3 2.4 0.6
v -0.2 2.4 0.6
v -0.0999999 2.4 0.6
v 0 2.4 0.6
v 0.0999999 2.4 0.6
v -4.2 2.4 0.5
v -4 2.4 0.5
v -3.9 2.4 0.5
v -3.8 2.4 0.5
v -3.4 2.4 0.5
v -3.2 2.4 0.5
v -2.9 2.4 0.5
v -2.6 2.4 0.5
v -2.3 2.4 0.5
v -2 2.4 0.5
v -1.9 2.4 0.5
v -1.7 2.4 0.5
v -1.6 2.4 0.5
v -1.5 2.4 0.5
v -1.4 2.4 0.5
v -1.3 2.4 0.5
v -1.1 2.4 0.5
v -1 2.4 0.5
v -0.7 2.4 0.5
v -0.6 2.4 0.5
v -0.5 2.4 0.5
v -0.4 2.4 0.5
v -0.3 2.4 0.5
v -0.2 2.4 0.5
v -0.0999999 2.4 0.5
v 0.2 2.4 0.5
v -4.2 2.4 0.4
v -4.1 2.4 0.4
v -3.3 2.4 0.4
v -3.2 2.4 0.4
v -2.8 2.4 0.4
v -2.7 2.4 0.4
v -2.6 2.4 0.4
v -2.4 2.4 0.4
v -2.3 2.4 0.4
v -2 2.4 0.4
v -1.9 2.4 0.4
v -1.8 2.4 0.4
v -1.7 2.4 0.4
v -1.6 2.4 0.4
v -1.5 2.4 0.4
v -1.4 2.4 0.4
v -1.3 2.4 0.4
v -1.1 2.4 0.4
v -1 2.4 0.4
v -0.7 2.4 0.4
v -0.6 2.4 0.4
v -0.5 2.4 0.4
v -0.4 2.4 0.4
v -0.3 2.4 0.4
v -0.2 2.4 0.4
v -0.0999999 2.4 0.4
v 0.2 2.4 0.4
v -4.2 2.4 0.3
v -4.1 2.4 0.3
v -3.9 2.4 0.3
v -3.8 2.4 0.3
v -3.4 2.4 0.3
v -3.3 2.4 0.3
v -3.2 2.4 0.3
v -2.9 2.4 0.3
v -2.8 2.4 0.3
v -2.7 2.4 0.3
v -2.4 2.4 0.3
v -2.3 2.4 0.3
v -1.9 2.4 0.3
v -1.8 2.4 0.3
v -1.7 2.4 0.3
v -1.6 2.4 0.3
v -1.4 2.4 0.3
v -1.3 2.4 0.3
v -1.1 2.4 0.3
v -1 2.4 0.3
v -0.6 2.4 0.3
v -0.5 2.4 0.3
v -0.4 2.4 0.3
v -0.3 2.4 0.3
v -0.2 2.4 0.3
v -0.0999999 2.4 0.3
v 0 2.4 0.3
v 0.2 2.4 0.3
v -4.2 2.4 0.2
v -4.1 2.4 0.2
v -4 2.4 0.2
v -3.9 2.4 0.2
v -3.8 2.4 0.2
v -3.4 2.4 0.2
v -3.3 2.4 0.2
v -3.2 2.4 0.2
v -3.1 2.4 0.2
v -3 2.4 0.2
v -2.9 2.4 0.2
v -2.6 2.4 0.2
v -2.5 2.4 0.2
v -2.4 2.4 0.2
v -2.3 2.4 0.2
v -2 2.4 0.2
v -1.8 2.4 0.2
v -1.7 2.4 0.2
v -1.6 2.4 0.2
v -1.4 2.4 0.2
v -1.1 2.4 0.2
v -1 2.4 0.2
v -0.7 2.4 0.2
v -0.5 2.4 0.2
v -0.4 2.4 0.2
v -0.3 2.4 0.2
v -0.0999999 2.4 0.2
v 0 2.4 0.2
v 0.2 2.4 0.2
v -4.1 2.4 0.1
v -4 2.4 0.1
v -3.9 2.4 0.1
v -3.8 2.4 0.1
v -3.4 2.4 0.1
v -3.2 2.4 0.1
v -3.1 2.4 0.1
v -3 2.4 0.1
v -2.9 2.4 0.1
v -2.5 2.4 0.1
v -2.4 2.4 0.1
v -2 2.4 0.1
v -1.8 2.4 0.1
v -1.7 2.4 0.1
v -1.6 2.4 0.1
v -1.4 2.4 0.1
v -1.1 2.4 0.1
v -0.7 2.4 0.1
v -0.5 2.4 0.1
v -0.3 2.4 0.1
v -0.0999999 2.4 0.1
v 0 2.4 0.1
v -4.1 2.4 0
v -4 2.4 0
v -3.9 2.4 0
v -3.8 2.4 0
v -3.5 2.4 0
v -3.4 2.4 0
v -3.3 2.4 0
v -3 2.4 0
v -2.8 2.4 0
v -2.7 2.4 0
v -2.6 2.4 0
v -2.5 2.4 0
v -2 2.4 0
v -1.8 2.4 0
v -1.7 2.4 0
v -1.5 2.4 0
v -1.4 2.4 0
v -1.1 2.4 0
v -0.7 2.4 0
v -0.5 2.4 0
v -0.4 2.4 0
v -0.3 2.4 0
v -0.0999999 2.4 0
v 0 2.4 0
v -4.2 2.4 -0.0999999
v -4.1 2.4 -0.0999999
v -4 2.4 -0.0999999
v -3.9 2.4 -0.0999999
v -3.8 2.4 -0.0999999
v -3.5 2.4 -0.0999999
v -3.4 2.4 -0.0999999
v -3.2 2.4 -0.0999999
v -3.1 2.4 -0.0999999
v -2.8 2.4 -0.0999999
v -2.7 2.4 -0.0999999
v -2.6 2.4 -0.0999999
v -2.5 2.4 -0.0999999
v -2.3 2.4 -0.0999999
v -1.9 2.4 -0.0999999
v -1.8 2.4 -0.0999999
v -1.7 2.4 -0.0999999
v -1.5 2.4 -0.0999999
v -1.4 2.4 -0.0999999
v -0.6 2.4 -0.0999999
v -0.5 2.4 -0.0999999
v -0.4 2.4 -0.0999999
v -0.3 2.4 -0.0999999
v 0.0999999 2.4 -0.0999999
v 0.2 2.4 -0.0999999
v -4.2 2.4 -0.2
v -4.1 2.4 -0.2
v -3.8 2.4 -0.2
v -3.5 2.4 -0.2
v -3.3 2.4 -0.2
v -3.2 2.4 -0.2
v -3.1 2.4 -0.2
v -2.8 2.4 -0.2
v -2.6 2.4 -0.2
v -2.5 2.4 -0.2
v -2.3 2.4 -0.2
v -2 2.4 -0.2
v -1.9 2.4 -0.2
v -1.7 2.4 -0.2
v -1.5 2.4 -0.2
v -1.4 2.4 -0.2
v -1.1 2.4 -0.2
v -1 2.4 -0.2
v -0.7 2.4 -0.2
v -0.6 2.4 -0.2
v -0.3 2.4 -0.2
v -0.0999999 2.4 -0.2
v 0 2.4 -0.2
v 0.0999999 2.4 -0.2
v 0.2 2.4 -0.2
v -4.2 2.4 -0.4
v -4.1 2.4 -0.4
v -3.3 2.4 -0.4
v -3.2 2.4 -0.4
v -3 2.4 -0.4
v -2.6 2.4 -0.4
v -2.5 2.4 -0.4
v -2.3 2.4 -0.4
v -2.2 2.4 -0.4
v -2 2.4 -0.4
v -1.7 2.4 -0.4
v -1.6 2.4 -0.4
v -0.9 2.4 -0.4
v -0.8 2.4 -0.4
v -0.5 2.4 -0.4
v -0.4 2.4 -0.4
v -0.3 2.4 -0.4
v 0 2.4 -0.4
v 0.0999999 2.4 -0.4
v 0.2 2.4 -0.4
v -4 2.4 -0.5
v -3.9 2.4 -0.5
v -3.8 2.4 -0.5
v -3.7 2.4 -0.5
v -3.6 2.4 -0.5
v -3.5 2.4 -0.5
v -3.3 2.4 -0.5
v -3.2 2.4 -0.5
v -3 2.4 -0.5
v -2.8 2.4 -0.5
v -2.7 2.4 -0.5
v -2.6 2.4 -0.5
v -2.5 2.4 -0.5
v -2.4 2.4 -0.5
v -2.2 2.4 -0.5
v -2.1 2.4 -0.5
v -1.6 2.4 -0.5
v -1.3 2.4 -0.5
v -1.2 2.4 -0.5
v -1.1 2.4 -0.5
v -0.9 2.4 -0.5
v -0.8 2.4 -0.5
v -0.6 2.4 -0.5
v -0.5 2.4 -0.5
v -0.4 2.4 -0.5
v -0.3 2.4 -0.5
v -0.2 2.4 -0.5
v 0 2.4 -0.5
v 0.0999999 2.4 -0.5
v -4 2.4 -0.6
v -3.9 2.4 -0.6
v -3.7 2.4 -0.6
v -3.6 2.4 -0.6
v -3.5 2.4 -0.6
v -3.3 2.4 -0.6
v -3.2 2.4 -0.6
v -3 2.4 -0.6
v -2.8 2.4 -0.6
v -2.5 2.4 -0.6
v -2.4 2.4 -0.6
v -2.2 2.4 -0.6
v -2.1 2.4 -0.6
v -1.7 2.4 -0.6
v -1.3 2.4 -0.6
v -1.2 2.4 -0.6
v -1.1 2.4 -0.6
v -0.8 2.4 -0.6
v -0.6 2.4 -0.6
v -0.3 2.4 -0.6
v -0.2 2.4 -0.6
v -0.0999999 2.4 -0.6
v 0 2.4 -0.6
v 0.0999999 2.4 -0.6
v -4.2 2.4 -0.7
v -4.1 2.4 -0.7
v -4 2.4 -0.7
v -3.8 2.4 -0.7
v -3.6 2.4 -0.7
v -3.5 2.4 -0.7
v -3.4 2.4 -0.7
v -3.3 2.4 -0.7
v -3.2 2.4 -0.7
v -3 2.4 -0.7
v -2.8 2.4 -0.7
v -2.7 2.4 -0.7
v -2.6 2.4 -0.7
v -2.5 2.4 -0.7
v -2.3 2.4 -0.7
v -2.2 2.4 -0.7
v -2.1 2.4 -0.7
v -1.7 2.4 -0.7
v -1.5 2.4 -0.7
v -1.4 2.4 -0.7
v -1.3 2.4 -0.7
v -1.2 2.4 -0.7
v -1 2.4 -0.7
v -0.9 2.4 -0.7
v -0.8 2.4 -0.7
v -0.7 2.4 -0.7
v -0.6 2.4 -0.7
v -0.5 2.4 -0.7
v -0.3 2.4 -0.7
v -0.0999999 2.4 -0.7
v 0 2.4 -0.7
v 0.2 2.4 -0.7
v -4.2 2.4 -0.8
v -4.1 2.4 -0.8
v -4 2.4 -0.8
v -3.8 2.4 -0.8
v -3.7 2.4 -0.8
v -3.6 2.4 -0.8
v -3.5 2.4 -0.8
v -3.4 2.4 -0.8
v -3.3 2.4 -0.8
v -3 2.4 -0.8
v -2.6 2.4 -0.8
v -2.4 2.4 -0.8
v -2 2.4 -0.8
v -1.7 2.4 -0.8
v -1.5 2.4 -0.8
v -1.4 2.4 -0.8
v -1 2.4 -0.8
v -0.9 2.4 -0.8
v -0.7 2.4 -0.8
v -0.6 2.4 -0.8
v 0 2.4 -0.8
v 0.0999999 2.4 -0.8
v 0.2 2.4 -0.8
v -4.2 2.4 -0.9
v -4.1 2.4 -0.9
v -4 2.4 -0.9
v -3.8 2.4 -0.9
v -3.7 2.4 -0.9
v -3.6 2.4 -0.9
v -3.5 2.4 -0.9
v -3.4 2.4 -0.9
v -3.3 2.4 -0.9
v -3.2 2.4 -0.9
v -3 2.4 -0.9
v -2.9 2.4 -0.9
v -2.7 2.4 -0.9
v -2.6 2.4 -0.9
v -2.5 2.4 -0.9
v -2.4 2.4 -0.9
v -2.1 2.4 -0.9
v -2 2.4 -0.9
v -1.6 2.4 -0.9
v -1.5 2.4 -0.9
v -1.1 2.4 -0.9
v -1 2.4 -0.9
v -0.9 2.4 -0.9
v -0.8 2.4 -0.9
v -0.6 2.4 -0.9
v -0.2 2.4 -0.9
v -0.0999999 2.4 -0.9
v 0 2.4 -0.9
v 0.0999999 2.4 -0.9
v 0.2 2.4 -0.9
v -4.2 2.4 -1
v -4.1 2.4 -1
v -3.7 2.4 -1
v -3.6 2.4 -1
v -3.3 2.4 -1
v -3.2 2.4 -1
v -2.9 2.4 -1
v -2.8 2.4 -1
v -2.6 2.4 -1
v -2.5 2.4 -1
v -1.7 2.4 -1
v -1.6 2.4 -1
v -1.4 2.4 -1
v -1.3 2.4 -1
v -0.9 2.4 -1
v -0.8 2.4 -1
v 0 2.4 -1
v 0.0999999 2.4 -1
v 0.2 2.4 -1
v -4.2 2.4 -1.1
v -4.1 2.4 -1.1
v -4 2.4 -1.1
v -3.8 2.4 -1.1
v -3.7 2.4 -1.1
v -3.6 2.4 -1.1
v -3.5 2.4 -1.1
v -3 2.4 -1.1
v -2.8 2.4 -1.1
v -2.7 2.4 -1.1
v -2.6 2.4 -1.1
v -2.4 2.4 -1.1
v -2.1 2.4 -1.1
v -1.7 2.4 -1.1
v -1.5 2.4 -1.1
v -1.4 2.4 -1.1
v -1.3 2.4 -1.1
v -1.1 2.4 -1.1
v -1 2.4 -1.1
v -0.9 2.4 -1.1
v -0.7 2.4 -1.1
v -0.6 2.4 -1.1
v -0.2 2.4 -1.1
v -0.0999999 2.4 -1.1
v 0.0999999 2.4 -1.1
v 0.2 2.4 -1.1
v -4.2 2.4 -1.2
v -4.1 2.4 -1.2
v -3.8 2.4 -1.2
v -3.7 2.4 -1.2
v -3.6 2.4 -1.2
v -3.4 2.4 -1.2
v -3.3 2.4 -1.2
v -3.2 2.4 -1.2
v -3 2.4 -1.2
v -2.9 2.4 -1.2
v -2.8 2.4 -1.2
v -2.7 2.4 -1.2
v -2.6 2.4 -1.2
v -2.5 2.4 -1.2
v -2.4 2.4 -1.2
v -2.1 2.4 -1.2
v -1.6 2.4 -1.2
v -1.5 2.4 -1.2
v -1.3 2.4 -1.2
v -1.1 2.4 -1.2
v -1 2.4 -1.2
v -0.8 2.4 -1.2
v -0.7 2.4 -1.2
v -0.6 2.4 -1.2
v -0.2 2.4 -1.2
v 0 2.4 -1.2
v 0.0999999 2.4 -1.2
v 0.2 2.4 -1.2
v -4.2 2.4 -1.3
v -4.1 2.4 -1.3
v -4 2.4 -1.3
v -3.8 2.4 -1.3
v -3.7 2.4 -1.3
v -3.6 2.4 -1.3
v -3.5 2.4 -1.3
v -3.4 2.4 -1.3
v -3.3 2.4 -1.3
v -3.2 2.4 -1.3
v -3 2.4 -1.3
v -2.9 2.4 -1.3
v -2.8 2.4 -1.3
v -2.7 2.4 -1.3
v -2.6 2.4 -1.3
v -2.5 2.4 -1.3
v -2.4 2.4 -1.3
v -2.1 2.4 -1.3
v -1.7 2.4 -1.3
v -1.6 2.4 -1.3
v -1.5 2.4 -1.3
v -1.3 2.4 -1.3
v -1.2 2.4 -1.3
v -1.1 2.4 -1.3
v -1 2.4 -1.3
v -0.8 2.4 -1.3
v -0.7 2.4 -1.3
v -0.6 2.4 -1.3
v -0.2 2.4 -1.3
v -0.0999999 2.4 -1.3
v 0 2.4 -1.3
v 0.0999999 2.4 -1.3
v 0.2 2.4 -1.3
v -3.8 2.4 -1.4
v -3.7 2.4 -1.4
v -3 2.4 -1.4
v -2.9 2.4 -1.4
v -2.8 2.4 -1.4
v -2.7 2.4 -1.4
v -2.6 2.4 -1.4
v -2.5 2.4 -1.4
v -2.3 2.4 -1.4
v -2.1 2.4 -1.4
v -1.7 2.4 -1.4
v -1.6 2.4 -1.4
v -1.5 2.4 -1.4
v -1.3 2.4 -1.4
v -1.1 2.4 -1.4
v -0.9 2.4 -1.4
v -0.8 2.4 -1.4
v -0.4 2.4 -1.4
v -0.2 2.4 -1.4
v -0.0999999 2.4 -1.4
v -4.2 2.4 -1.5
v -4.1 2.4 -1.5
v -4 2.4 -1.5
v -3.9 2.4 -1.5
v -3.8 2.4 -1.5
v -3.7 2.4 -1.5
v -3.6 2.4 -1.5
v -3.5 2.4 -1.5
v -3.4 2.4 -1.5
v -3.3 2.4 -1.5
v -3 2.4 -1.5
v -2.9 2.4 -1.5
v -2.8 2.4 -1.5
v -2.7 2.4 -1.5
v -2.6 2.4 -1.5
v -2.4 2.4 -1.5
v -2.3 2.4 -1.5
v -2.1 2.4 -1.5
v -1.7 2.4 -1.5
v -1.5 2.4 -1.5
v -1.4 2.4 -1.5
v -1.3 2.4 -1.5
v -1.2 2.4 -1.5
v -1 2.4 -1.5
v -0.9 2.4 -1.5
v -0.7 2.4 -1.5
v -0.6 2.4 -1.5
v -0.4 2.4 -1.5
v -0.2 2.4 -1.5
v 0.0999999 2.4 -1.5
v 0.2 2.4 -1.5
v -4.2 2.4 -1.6
v -4.1 2.4 -1.6
v -3.9 2.4 -1.6
v -3.8 2.4 -1.6
v -3.7 2.4 -1.6
v -3.6 2.4 -1.6
v -3.3 2.4 -1.6
v -3.2 2.4 -1.6
v -3 2.4 -1.6
v -2.9 2.4 -1.6
v -2.8 2.4 -1.6
v -2 2.4 -1.6
v -1.7 2.4 -1.6
v -1.5 2.4 -1.6
v -1.4 2.4 -1.6
v -1.3 2.4 -1.6
v -1 2.4 -1.6
v -0.9 2.4 -1.6
v 0 2.4 -1.6
v 0.0999999 2.4 -1.6
v 0.2 2.4 -1.6
v -4.2 2.4 -1.9
v -4.1 2.4 -1.9
v -4 2.4 -1.9
v -3.9 2.4 -1.9
v -3.8 2.4 -1.9
v -3.7 2.4 -1.9
v -3.6 2.4 -1.9
v -3.4 2.4 -1.9
v -3.3 2.4 -1.9
v -3.2 2.4 -1.9
v -3.1 2.4 -1.9
v -3 2.4 -1.9
v -2.9 2.4 -1.9
v -2.6 2.4 -1.9
v -2.5 2.4 -1.9
v -2.4 2.4 -1.9
v -2.3 2.4 -1.9
v -2.2 2.4 -1.9
v -2.1 2.4 -1.9
v -1.9 2.4 -1.9
v -1.8 2.4 -1.9
v -1.7 2.4 -1.9
v -1.5 2.4 -1.9
v -1.4 2.4 -1.9
v -1.2 2.4 -1.9
v -1 2.4 -1.9
v -0.9 2.4 -1.9
v -0.8 2.4 -1.9
v -0.6 2.4 -1.9
v -0.5 2.4 -1.9
v -0.4 2.4 -1.9
v -0.3 2.4 -1.9
v -0.2 2.4 -1.9
v -0.0999999 2.4 -1.9
v 0 2.4 -1.9
v 0.0999999 2.4 -1.9
v 0.2 2.4 -1.9
v -4 2.4 -2
v -3.9 2.4 -2
v -3.8 2.4 -2
v -3.7 2.4 -2
v -3.6 2.4 -2
v -3.4 2.4 -2
v -3.3 2.4 -2
v -3.2 2.4 -2
v -2.6 2.4 -2
v -2.5 2.4 -2
v -2.4 2.4 -2
v -2.3 2.4 -2
v -2.2 2.4 -2
v -2.1 2.4 -2
v -1.9 2.4 -2
v -1.8 2.4 -2
v -1.7 2.4 -2
v -0.9 2.4 -2
v -0.8 2.4 -2
v -0.7 2.4 -2
v -0.6 2.4 -2
v -0.5 2.4 -2
v -0.0999999 2.4 -2
v 0 2.4 -2
v -4.1 2.4 -2.1
v -4 2.4 -2.1
v -3.9 2.4 -2.1
v -3.8 2.4 -2.1
v -3.7 2.4 -2.1
v -3.6 2.4 -2.1
v -3.3 2.4 -2.1
v -3.1 2.4 -2.1
v -3 2.4 -2.1
v -2.3 2.4 -2.1
v -2.2 2.4 -2.1
v -2.1 2.4 -2.1
v -1.8 2.4 -2.1
v -1.7 2.4 -2.1
v -1.5 2.4 -2.1
v -1.2 2.4 -2.1
v -1.1 2.4 -2.1
v -1 2.4 -2.1
v -0.9 2.4 -2.1
v -0.7 2.4 -2.1
v -0.6 2.4 -2.1
v -0.5 2.4 -2.1
v -0.4 2.4 -2.1
v -0.3 2.4 -2.1
v -4.2 2.4 -2.2
v -4.1 2.4 -2.2
v -4 2.4 -2.2
v -3.8 2.4 -2.2
v -3.2 2.4 -2.2
v -3.1 2.4 -2.2
v -3 2.4 -2.2
v -2.5 2.4 -2.2
v -2.4 2.4 -2.2
v -2.3 2.4 -2.2
v -1.7 2.4 -2.2
v -1.6 2.4 -2.2
v -1.5 2.4 -2.2
v -1.1 2.4 -2.2
v -1 2.4 -2.2
v -0.7 2.4 -2.2
v -0.6 2.4 -2.2
v -0.5 2.4 -2.2
v -0.4 2.4 -2.2
v -0.3 2.4 -2.2
v -0.2 2.4 -2.2
v -0.0999999 2.4 -2.2
v 0 2.4 -2.2
v 0.0999999 2.4 -2.2
v 0.2 2.4 -2.2
v -4.2 2.4 -2.3
v -4.1 2.4 -2.3
v -4 2.4 -2.3
v -3.9 2.4 -2.3
v -3.7 2.4 -2.3
v -3.6 2.4 -2.3
v -3.3 2.4 -2.3
v -3.2 2.4 -2.3
v -3.1 2.4 -2.3
v -3 2.4 -2.3
v -2.6 2.4 -2.3
v -2.5 2.4 -2.3
v -2.4 2.4 -2.3
v -2.2 2.4 -2.3
v -2.1 2.4 -2.3
v -1.8 2.4 -2.3
v -1.7 2.4 -2.3
v -1.6 2.4 -2.3
v -1.5 2.4 -2.3
v -1.2 2.4 -2.3
v -1 2.4 -2.3
v -0.9 2.4 -2.3
v -0.7 2.4 -2.3
v -0.4 2.4 -2.3
v -0.2 2.4 -2.3
v -0.0999999 2.4 -2.3
v 0 2.4 -2.3
v 0.0999999 2.4 -2.3
v 0.2 2.4 -2.3
v -4 2.4 -2.4
v -3.9 2.4 -2.4
v -3.6 2.4 -2.4
v -3.5 2.4 -2.4
v -3.4 2.4 -2.4
v -3.3 2.4 -2.4
v -3.2 2.4 -2.4
v -3 2.4 -2.4
v -2.9 2.4 -2.4
v -2.6 2.4 -2.4
v -2.5 2.4 -2.4
v -2.4 2.4 -2.4
v -2.1 2.4 -2.4
v -2 2.4 -2.4
v -1.9 2.4 -2.4
v -1.8 2.4 -2.4
v -1.7 2.4 -2.4
v -1.5 2.4 -2.4
v -1.4 2.4 -2.4
v -0.9 2.4 -2.4
v -0.8 2.4 -2.4
v -0.6 2.4 -2.4
v -0.5 2.4 -2.4
v -0.2 2.4 -2.4
v -0.0999999 2.4 -2.4
v 0 2.4 -2.4
v 0.0999999 2.4 -2.4
v -4.2 2.4 -2.5
v -4 2.4 -2.5
v -3.9 2.4 -2.5
v -3.8 2.4 -2.5
v -3.7 2.4 -2.5
v -3.5 2.4 -2.5
v -3.4 2.4 -2.5
v -3.3 2.4 -2.5
v -3.2 2.4 -2.5
v -3.1 2.4 -2.5
v -3 2.4 -2.5
v -2.9 2.4 -2.5
v -2.3 2.4 -2.5
v -2.2 2.4 -2.5
v -2 2.4 -2.5
v -1.9 2.4 -2.5
v -1.5 2.4 -2.5
v -1.4 2.4 -2.5
v -1.2 2.4 -2.5
v -1.1 2.4 -2.5
v -1 2.4 -2.5
v -0.9 2.4 -2.5
v -0.8 2.4 -2.5
v -0.6 2.4 -2.5
v -0.5 2.4 -2.5
v -0.4 2.4 -2.5
v -0.3 2.4 -2.5
v -0.2 2.4 -2.5
v -0.0999999 2.4 -2.5
v 0.0999999 2.4 -2.5
v 0.2 2.4 -2.5
v -4.2 2.4 -2.6
v -4.1 2.4 -2.6
v -4 2.4 -2.6
v -3.8 2.4 -2.6
v -3.7 2.4 -2.6
v -3.6 2.4 -2.6
v -3.4 2.4 -2.6
v -3.3 2.4 -2.6
v -3.1 2.4 -2.6
v -3 2.4 -2.6
v -2.5 2.4 -2.6
v -2.4 2.4 -2.6
v -2.3 2.4 -2.6
v -2.2 2.4 -2.6
v -2.1 2.4 -2.6
v -1.9 2.4 -2.6
v -1.8 2.4 -2.6
v -1.7 2.4 -2.6
v -1.5 2.4 -2.6
v -1.2 2.4 -2.6
v -1.1 2.4 -2.6
v -1 2.4 -2.6
v -0.9 2.4 -2.6
v -0.8 2.4 -2.6
v -0.7 2.4 -2.6
v -0.6 2.4 -2.6
v -0.5 2.4 -2.6
v -0.4 2.4 -2.6
v -0.3 2.4 -2.6
v -0.0999999 2.4 -2.6
v 0 2.4 -2.6
v 0.0999999 2.4 -2.6
v 0.2 2.4 -2.6
v -3.2 2.4 -2.7
v -3 2.4 -2.7
v -2.9 2.4 -2.7
v -2.4 2.4 -2.7
v -2.3 2.4 -2.7
v -1.7 2.4 -2.7
v -1.5 2.4 -2.7
v -1.4 2.4 -2.7
v -0.7 2.4 -2.7
v -0.6 2.4 -2.7
v -0.5 2.4 -2.7
v -0.2 2.4 -2.7
v -0.0999999 2.4 -2.7
v 0 2.4 -2.7
v -4.2 2.4 -2.8
v -4.1 2.4 -2.8
v -4 2.4 -2.8
v -3.9 2.4 -2.8
v -3.2 2.4 -2.8
v -3.1 2.4 -2.8
v -3 2.4 -2.8
v -2.9 2.4 -2.8
v -2.5 2.4 -2.8
v -2.4 2.4 -2.8
v -1.5 2.4 -2.8
v -1.4 2.4 -2.8
v -0.4 2.4 -2.8
v -0.2 2.4 -2.8
v -0.0999999 2.4 -2.8
v 0 2.4 -2.8
v 0.0999999 2.4 -2.8
v 0.2 2.4 -2.8
v -4.1 2.4 -2.9
v -4 2.4 -2.9
v -3.9 2.4 -2.9
v -3.8 2.4 -2.9
v -3.7 2.4 -2.9
v -3.6 2.4 -2.9
v -3.4 2.4 -2.9
v -3.1 2.4 -2.9
v -3 2.4 -2.9
v -2.5 2.4 -2.9
v -2.4 2.4 -2.9
v -2.3 2.4 -2.9
v -2.2 2.4 -2.9
v -2.1 2.4 -2.9
v -1.9 2.4 -2.9
v -1.7 2.4 -2.9
v -1.6 2.4 -2.9
v -1.5 2.4 -2.9
v -1.2 2.4 -2.9
v -1 2.4 -2.9
v -0.9 2.4 -2.9
v -0.8 2.4 -2.9
v -0.7 2.4 -2.9
v -0.6 2.4 -2.9
v -0.5 2.4 -2.9
v -0.4 2.4 -2.9
v -0.3 2.4 -2.9
v -0.2 2.4 -2.9
v -0.0999999 2.4 -2.9
v -4.2 2.4 -3
v -4.1 2.4 -3
v -4 2.4 -3
v -3.9 2.4 -3
v -3.8 2.4 -3
v -3.7 2.4 -3
v -3.6 2.4 -3
v -3.5 2.4 -3
v -3.4 2.4 -3
v -3.3 2.4 -3
v -3.2 2.4 -3
v -3.1 2.4 -3
v -3 2.4 -3
v -2.9 2.4 -3
v -2.6 2.4 -3
v -2.4 2.4 -3
v -2.2 2.4 -3
v -2.1 2.4 -3
v -2 2.4 -3
v -1.9 2.4 -3
v -1.8 2.4 -3
v -1.5 2.4 -3
v -1.4 2.4 -3
v -1.2 2.4 -3
v -1 2.4 -3
v -0.9 2.4 -3
v -0.8 2.4 -3
v -0.7 2.4 -3
v -0.4 2.4 -3
v -0.3 2.4 -3
v -0.2 2.4 -3
v -0.0999999 2.4 -3
v 0.0999999 2.4 -3
v 0.2 2.4 -3
v -4.2 2.4 -3.1
v -4.1 2.4 -3.1
v -4 2.4 -3.1
v -3.8 2.4 -3.1
v -3.7 2.4 -3.1
v -3.6 2.4 -3.1
v -3.5 2.4 -3.1
v -3.4 2.4 -3.1
v -3.3 2.4 -3.1
v -3.2 2.4 -3.1
v -3.1 2.4 -3.1
v -3 2.4 -3.1
v -2.9 2.4 -3.1
v -2.6 2.4 -3.1
v -2.5 2.4 -3.1
v -2.4 2.4 -3.1
v -2.3 2.4 -3.1
v -2.2 2.4 -3.1
v -2.1 2.4 -3.1
v -2 2.4 -3.1
v -1.9 2.4 -3.1
v -1.8 2.4 -3.1
v -1.7 2.4 -3.1
v -1.6 2.4 -3.1
v -1.5 2.4 -3.1
v -1.4 2.4 -3.1
v -1.2 2.4 -3.1
v -1.1 2.4 -3.1
v -0.9 2.4 -3.1
v -0.8 2.4 -3.1
v -0.4 2.4 -3.1
v -0.3 2.4 -3.1
v -0.2 2.4 -3.1
v -0.0999999 2.4 -3.1
v 0 2.4 -3.1
v 0.0999999 2.4 -3.1
v 0.2 2.4 -3.1
v -4.1 2.4 -3.2
v -4 2.4 -3.2
v -3.8 2.4 -3.2
v -3.6 2.4 -3.2
v -3.5 2.4 -3.2
v -3.3 2.4 -3.2
v -3.2 2.4 -3.2
v -2.9 2.4 -3.2
v -2.6 2.4 -3.2
v -2.5 2.4 -3.2
v -2.3 2.4 -3.2
v -2.2 2.4 -3.2
v -2.1 2.4 -3.2
v -2 2.4 -3.2
v -1.9 2.4 -3.2
v -1.8 2.4 -3.2
v -1.7 2.4 -3.2
v -1.4 2.4 -3.2
v -1.2 2.4 -3.2
v -1.1 2.4 -3.2
v -0.8 2.4 -3.2
v -0.7 2.4 -3.2
v -0.6 2.4 -3.2
v -0.5 2.4 -3.2
v -0.3 2.4 -3.2
v -0.2 2.4 -3.2
v -0.0999999 2.4 -3.2
v 0 2.4 -3.2
v 0.0999999 2.4 -3.2
v -2.9 2.5 1.1
v -2.8 2.5 1.1
v -2.7 2.5 1.1
v -2.6 2.5 1.1
v -1.4 2.5 1.1
v -1.3 2.5 1.1
v -2.9 2.5 1
v -2.6 2.5 1
v -1.4 2.5 1
v -1.3 2.5 1
v -2.7 2.5 0.9
v -2.6 2.5 0.9
v -2.9 2.5 0.8
v -2.8 2.5 0.8
v -2.7 2.5 0.8
v -2.6 2.5 0.8
v -1.4 2.5 0.8
v -1.3 2.5 0.8
v -2.9 2.5 0.7
v -2.8 2.5 0.7
v -2.7 2.5 0.7
v -2.6 2.5 0.7
v -1.4 2.5 0.7
v -1.3 2.5 0.7
v -2.9 2.5 0.6
v -2.8 2.5 0.6
v -2.7 2.5 0.6
v -2.6 2.5 0.6
v -1.4 2.5 0.6
v -1.3 2.5 0.6
v -2.3 2.5 0.5
v -2.2 2.5 0.5
v -2.1 2.5 0.5
v -2 2.5 0.5
v -1 2.5 0.5
v -0.9 2.5 0.5
v -0.8 2.5 0.5
v -0.7 2.5 0.5
v -2.3 2.5 0.4
v -2.2 2.5 0.4
v -2 2.5 0.4
v -1 2.5 0.4
v -0.9 2.5 0.4
v -0.7 2.5 0.4
v -2.3 2.5 0.3
v -2.2 2.5 0.3
v -1 2.5 0.3
v -0.9 2.5 0.3
v -2.3 2.5 0.2
v -2.2 2.5 0.2
v -2 2.5 0.2
v -1 2.5 0.2
v -0.9 2.5 0.2
v -0.7 2.5 0.2
v -2.1 2.5 0.1
v -2 2.5 0.1
v -0.8 2.5 0.1
v -0.7 2.5 0.1
v -2.1 2.5 0
v -2 2.5 0
v -0.8 2.5 0
v -0.7 2.5 0
v -2.3 2.5 -0.0999999
v -2.1 2.5 -0.0999999
v -2 2.5 -0.0999999
v -0.8 2.5 -0.0999999
v -0.7 2.5 -0.0999999
v -2.3 2.5 -0.2
v -2.2 2.5 -0.2
v -2.1 2.5 -0.2
v -2 2.5 -0.2
v -1 2.5 -0.2
v -0.9 2.5 -0.2
v -0.8 2.5 -0.2
v -0.7 2.5 -0.2
v -4.1 2.5 -0.3
v -4 2.5 -0.3
v -3.8 2.5 -0.3
v -3.7 2.5 -0.3
v -3.5 2.5 -0.3
v -3.4 2.5 -0.3
v -3.3 2.5 -0.3
v -3.2 2.5 -0.3
v -3 2.5 -0.3
v -2.9 2.5 -0.3
v -2.6 2.5 -0.3
v -2.5 2.5 -0.3
v -2.3 2.5 -0.3
v -2.2 2.5 -0.3
v -2 2.5 -0.3
v -1.7 2.5 -0.3
v -1.6 2.5 -0.3
v -1.4 2.5 -0.3
v -1 2.5 -0.3
v -0.9 2.5 -0.3
v -0.8 2.5 -0.3
v -0.4 2.5 -0.3
v -0.3 2.5 -0.3
v 0 2.5 -0.3
v 0.0999999 2.5 -0.3
v -4.1 2.5 -0.4
v -4 2.5 -0.4
v -3.8 2.5 -0.4
v -3.7 2.5 -0.4
v -3.5 2.5 -0.4
v -3.4 2.5 -0.4
v -3.3 2.5 -0.4
v -3.2 2.5 -0.4
v -3.1 2.5 -0.4
v -3 2.5 -0.4
v -2.9 2.5 -0.4
v -2.6 2.5 -0.4
v -2.5 2.5 -0.4
v -2.3 2.5 -0.4
v -2.2 2.5 -0.4
v -2 2.5 -0.4
v -1.9 2.5 -0.4
v -1.8 2.5 -0.4
v -1.7 2.5 -0.4
v -1.6 2.5 -0.4
v -1.4 2.5 -0.4
v -1 2.5 -0.4
v -0.9 2.5 -0.4
v -0.8 2.5 -0.4
v -0.5 2.5 -0.4
v -0.4 2.5 -0.4
v -0.3 2.5 -0.4
v 0 2.5 -0.4
v 0.0999999 2.5 -0.4
v -3 2.5 -0.5
v -2 2.5 -0.5
v -1.9 2.5 -0.5
v -3.1 2.5 -0.6
v -3 2.5 -0.6
v -2 2.5 -0.6
v -1.9 2.5 -0.6
v -1.8 2.5 -0.6
v -1.7 2.5 -0.6
v -3.1 2.5 -0.7
v -3 2.5 -0.7
v -1.8 2.5 -0.7
v -1.7 2.5 -0.7
v -3.1 2.5 -0.8
v -3 2.5 -0.8
v -2 2.5 -0.8
v -1.9 2.5 -0.8
v -1.8 2.5 -0.8
v -1.7 2.5 -0.8
v -3 2.5 -0.9
v -2 2.5 -0.9
v -1.9 2.5 -0.9
v -1.7 2.5 -1
v -3.1 2.5 -1.1
v -3 2.5 -1.1
v -1.8 2.5 -1.1
v -1.7 2.5 -1.1
v -3.1 2.5 -1.2
v -3 2.5 -1.2
v -2 2.5 -1.2
v -1.9 2.5 -1.2
v -1.8 2.5 -1.2
v -1.7 2.5 -1.2
v -3.1 2.5 -1.3
v -3 2.5 -1.3
v -2 2.5 -1.3
v -1.9 2.5 -1.3
v -1.8 2.5 -1.3
v -1.7 2.5 -1.3
v -3.1 2.5 -1.4
v -3 2.5 -1.4
v -1.8 2.5 -1.4
v -1.7 2.5 -1.4
v -3.1 2.5 -1.5
v -3 2.5 -1.5
v -1.8 2.5 -1.5
v -1.7 2.5 -1.5
v -4.1 2.5 -1.6
v -3.9 2.5 -1.6
v -3.8 2.5 -1.6
v -3.7 2.5 -1.6
v -3.6 2.5 -1.6
v -3.4 2.5 -1.6
v -3.3 2.5 -1.6
v -3.2 2.5 -1.6
v -3.1 2.5 -1.6
v -3 2.5 -1.6
v -2.9 2.5 -1.6
v -2.8 2.5 -1.6
v -2.7 2.5 -1.6
v -2.5 2.5 -1.6
v -2.4 2.5 -1.6
v -2.1 2.5 -1.6
v -2 2.5 -1.6
v -1.9 2.5 -1.6
v -1.8 2.5 -1.6
v -1.7 2.5 -1.6
v -1.6 2.5 -1.6
v -1.5 2.5 -1.6
v -1.4 2.5 -1.6
v -1.3 2.5 -1.6
v -1.2 2.5 -1.6
v -1 2.5 -1.6
v -0.9 2.5 -1.6
v -0.8 2.5 -1.6
v -0.7 2.5 -1.6
v -0.6 2.5 -1.6
v -0.2 2.5 -1.6
v 0 2.5 -1.6
v 0.0999999 2.5 -1.6
v -4.1 2.5 -1.7
v -3.7 2.5 -1.7
v -3.6 2.5 -1.7
v -3.4 2.5 -1.7
v -3.3 2.5 -1.7
v -3.2 2.5 -1.7
v -3 2.5 -1.7
v -2.8 2.5 -1.7
v -2.7 2.5 -1.7
v -2.5 2.5 -1.7
v -2.4 2.5 -1.7
v -2.1 2.5 -1.7
v -2 2.5 -1.7
v -1.7 2.5 -1.7
v -1.6 2.5 -1.7
v -1.3 2.5 -1.7
v -1.2 2.5 -1.7
v -0.8 2.5 -1.7
v -0.7 2.5 -1.7
v -0.6 2.5 -1.7
v -0.2 2.5 -1.7
v 0 2.5 -1.7
v 0.0999999 2.5 -1.7
v -4.1 2.5 -1.8
v -4 2.5 -1.8
v -3.9 2.5 -1.8
v -3.8 2.5 -1.8
v -3.7 2.5 -1.8
v -3.6 2.5 -1.8
v -3.3 2.5 -1.8
v -3.2 2.5 -1.8
v -3.1 2.5 -1.8
v -2.9 2.5 -1.8
v -2.6 2.5 -1.8
v -2.5 2.5 -1.8
v -2.4 2.5 -1.8
v -2.2 2.5 -1.8
v -2.1 2.5 -1.8
v -1.8 2.5 -1.8
v -1.7 2.5 -1.8
v -1.4 2.5 -1.8
v -1.2 2.5 -1.8
v -1.1 2.5 -1.8
v -1 2.5 -1.8
v -0.9 2.5 -1.8
v -0.5 2.5 -1.8
v -0.4 2.5 -1.8
v -0.3 2.5 -1.8
v -0.2 2.5 -1.8
v -0.0999999 2.5 -1.8
v 0.0999999 2.5 -1.8
v -4.1 2.5 -1.9
v -4 2.5 -1.9
v -3.9 2.5 -1.9
v -3.8 2.5 -1.9
v -3.7 2.5 -1.9
v -3.6 2.5 -1.9
v -3.4 2.5 -1.9
v -3.3 2.5 -1.9
v -3.2 2.5 -1.9
v -3.1 2.5 -1.9
v -3 2.5 -1.9
v -2.9 2.5 -1.9
v -2.8 2.5 -1.9
v -2.7 2.5 -1.9
v -2.6 2.5 -1.9
v -2.5 2.5 -1.9
v -2.4 2.5 -1.9
v -2.3 2.5 -1.9
v -2.2 2.5 -1.9
v -2.1 2.5 -1.9
v -1.9 2.5 -1.9
v -1.8 2.5 -1.9
v -1.7 2.5 -1.9
v -1.5 2.5 -1.9
v -1.4 2.5 -1.9
v -1.3 2.5 -1.9
v -1.2 2.5 -1.9
v -1.1 2.5 -1.9
v -1 2.5 -1.9
v -0.9 2.5 -1.9
v -0.8 2.5 -1.9
v -0.6 2.5 -1.9
v -0.5 2.5 -1.9
v -0.4 2.5 -1.9
v -0.3 2.5 -1.9
v -0.2 2.5 -1.9
v -0.0999999 2.5 -1.9
v 0 2.5 -1.9
v 0.0999999 2.5 -1.9
v -2.6 2.5 -2
v -2.9 2.5 -2.1
v -2.8 2.5 -2.1
v -2.7 2.5 -2.1
v -2.6 2.5 -2.1
v -1.4 2.5 -2.1
v -1.3 2.5 -2.1
v -2.7 2.5 -2.2
v -2.6 2.5 -2.2
v -2.9 2.5 -2.3
v -2.8 2.5 -2.3
v -2.6 2.5 -2.3
v -1.4 2.5 -2.3
v -1.3 2.5 -2.3
v -2.9 2.5 -2.4
v -2.8 2.5 -2.4
v -2.6 2.5 -2.4
v -1.4 2.5 -2.4
v -1.3 2.5 -2.4
v -2.9 2.5 -2.5
v -2.8 2.5 -2.5
v -2.7 2.5 -2.5
v -2.6 2.5 -2.5
v -1.4 2.5 -2.5
v -1.3 2.5 -2.5
v -2.7 2.5 -2.6
v -2.6 2.5 -2.6
v -2.9 2.5 -2.7
v -1.4 2.5 -2.7
v -2.9 2.5 -2.8
v -1.4 2.5 -2.8
v -2.7 2.5 -2.9
v -2.6 2.5 -2.9
v -2.9 2.5 -3
v -2.8 2.5 -3
v -2.7 2.5 -3
v -2.6 2.5 -3
v -1.4 2.5 -3
v -1.3 2.5 -3
v -2.9 2.5 -3.1
v -2.8 2.5 -3.1
v -2.7 2.5 -3.1
v -2.6 2.5 -3.1
v -1.4 2.5 -3.1
v -1.3 2.5 -3.1
v -2.8 2.6 1
v -2.7 2.6 1
v -1.3 2.6 1
v -1.2 2.6 1
v -0.5 2.6 1
v -0.4 2.6 1
v -2.7 2.6 0.9
v -2.8 2.6 0.8
v -2.7 2.6 0.8
v -1.3 2.6 0.8
v -2.8 2.6 0.7
v -2.7 2.6 0.7
v -1.3 2.6 0.7
v -4 2.6 0.6
v -2.8 2.6 0.6
v -2.7 2.6 0.6
v -2.6 2.6 0.6
v -1.4 2.6 0.6
v -1.3 2.6 0.6
v -1.2 2.6 0.6
v -0.5 2.6 0.6
v -0.4 2.6 0.6
v 0 2.6 0.6
v -4 2.6 0.5
v -2.2 2.6 0.5
v -2.1 2.6 0.5
v -0.9 2.6 0.5
v -0.8 2.6 0.5
v 0 2.6 0.5
v -2.2 2.6 0.4
v -0.9 2.6 0.4
v -2.2 2.6 0.3
v -0.9 2.6 0.3
v -2.2 2.6 0.2
v -0.9 2.6 0.2
v -2.1 2.6 0.1
v -0.8 2.6 0.1
v -2.1 2.6 0
v -0.8 2.6 0
v -2.1 2.6 -0.0999999
v -0.8 2.6 -0.0999999
v -4 2.6 -0.2
v -2.2 2.6 -0.2
v -2.1 2.6 -0.2
v -0.9 2.6 -0.2
v -0.8 2.6 -0.2
v 0 2.6 -0.2
v -4 2.6 -0.3
v -3.8 2.6 -0.3
v -3.7 2.6 -0.3
v -3.5 2.6 -0.3
v -3.4 2.6 -0.3
v -3.3 2.6 -0.3
v -3.2 2.6 -0.3
v -3 2.6 -0.3
v -2.9 2.6 -0.3
v -2.6 2.6 -0.3
v -2.5 2.6 -0.3
v -2.3 2.6 -0.3
v -2.2 2.6 -0.3
v -2 2.6 -0.3
v -1.7 2.6 -0.3
v -1.6 2.6 -0.3
v -1.4 2.6 -0.3
v -1 2.6 -0.3
v -0.9 2.6 -0.3
v -0.8 2.6 -0.3
v -0.4 2.6 -0.3
v -0.3 2.6 -0.3
v 0 2.6 -0.3
v -3.2 2.6 -0.4
v -3.1 2.6 -0.4
v -3 2.6 -0.4
v -2 2.6 -0.4
v -1.9 2.6 -0.4
v -1.8 2.6 -0.4
v -1.7 2.6 -0.4
v -1.9 2.6 -0.5
v -3.1 2.6 -0.6
v -1.9 2.6 -0.6
v -1.8 2.6 -0.6
v -3.1 2.6 -0.7
v -1.8 2.6 -0.7
v -3.1 2.6 -0.8
v -1.9 2.6 -0.8
v -1.8 2.6 -0.8
v -1.9 2.6 -0.9
v -3.1 2.6 -1.1
v -1.8 2.6 -1.1
v -3.1 2.6 -1.2
v -1.9 2.6 -1.2
v -1.8 2.6 -1.2
v -3.1 2.6 -1.3
v -1.9 2.6 -1.3
v -1.8 2.6 -1.3
v -3.1 2.6 -1.4
v -1.8 2.6 -1.4
v -3.1 2.6 -1.5
v -1.8 2.6 -1.5
v -3.2 2.6 -1.6
v -3.1 2.6 -1.6
v -3 2.6 -1.6
v -2 2.6 -1.6
v -1.9 2.6 -1.6
v -1.8 2.6 -1.6
v -1.7 2.6 -1.6
v -4 2.6 -1.7
v -3.7 2.6 -1.7
v -3.6 2.6 -1.7
v -3.4 2.6 -1.7
v -3.3 2.6 -1.7
v -3.2 2.6 -1.7
v -3 2.6 -1.7
v -2.8 2.6 -1.7
v -2.7 2.6 -1.7
v -2.5 2.6 -1.7
v -2.4 2.6 -1.7
v -2.1 2.6 -1.7
v -2 2.6 -1.7
v -1.7 2.6 -1.7
v -1.6 2.6 -1.7
v -1.3 2.6 -1.7
v -1.2 2.6 -1.7
v -0.8 2.6 -1.7
v -0.7 2.6 -1.7
v -0.6 2.6 -1.7
v -0.2 2.6 -1.7
v 0 2.6 -1.7
v -4 2.6 -1.8
v -3.9 2.6 -1.8
v -3.8 2.6 -1.8
v -3.7 2.6 -1.8
v -3.6 2.6 -1.8
v -3.3 2.6 -1.8
v -3.2 2.6 -1.8
v -3.1 2.6 -1.8
v -2.9 2.6 -1.8
v -2.6 2.6 -1.8
v -2.5 2.6 -1.8
v -2.4 2.6 -1.8
v -2.2 2.6 -1.8
v -2.1 2.6 -1.8
v -1.8 2.6 -1.8
v -1.7 2.6 -1.8
v -1.4 2.6 -1.8
v -1.2 2.6 -1.8
v -1.1 2.6 -1.8
v -1 2.6 -1.8
v -0.9 2.6 -1.8
v -0.5 2.6 -1.8
v -0.4 2.6 -1.8
v -0.3 2.6 -1.8
v -0.2 2.6 -1.8
v -0.0999999 2.6 -1.8
v 0 2.6 -1.8
v -2.9 2.6 -1.9
v -2.8 2.6 -1.9
v -2.7 2.6 -1.9
v -2.6 2.6 -1.9
v -1.4 2.6 -1.9
v -1.3 2.6 -1.9
v -0.4 2.6 -1.9
v -2.8 2.6 -2.1
v -2.7 2.6 -2.1
v -1.3 2.6 -2.1
v -2.7 2.6 -2.2
v -2.8 2.6 -2.3
v -1.3 2.6 -2.3
v -2.8 2.6 -2.4
v -1.3 2.6 -2.4
v -2.8 2.6 -2.5
v -2.7 2.6 -2.5
v -1.3 2.6 -2.5
v -2.7 2.6 -2.6
v -2.7 2.6 -2.9
v -2.8 2.6 -3
v -2.7 2.6 -3
v -1.3 2.6 -3
v -1.2 2.6 -3
v -0.5 2.6 -3
v -0.4 2.6 -3
v -4.1 3 1.1
v -3.9 3 1.1
v -3.8 3 1.1
v -3.3 3 1.1
v -3 3 1.1
v -2.8 3 1.1
v -2.7 3 1.1
v -2.6 3 1.1
v -2.2 3 1.1
v -2 3 1.1
v -1.8 3 1.1
v -1.7 3 1.1
v -1.6 3 1.1
v -1.4 3 1.1
v -1.3 3 1.1
v -1.1 3 1.1
v -0.9 3 1.1
v -0.7 3 1.1
v -0.6 3 1.1
v -0.5 3 1.1
v -0.2 3 1.1
v 0.0999999 3 1.1
v -4 3 1
v -3.9 3 1
v -3.8 3 1
v -3.3 3 1
v -3 3 1
v -2.8 3 1
v -2.7 3 1
v -2.6 3 1
v -2.2 3 1
v -2 3 1
v -1.8 3 1
v -1.7 3 1
v -1.6 3 1
v -1.4 3 1
v -1.3 3 1
v -1.1 3 1
v -0.9 3 1
v -0.7 3 1
v -0.6 3 1
v -0.5 3 1
v -0.2 3 1
v 0 3 1
v -4.1 3 0.9
v -4 3 0.9
v 0 3 0.9
v 0.0999999 3 0.9
v -4.1 3 0.8
v -4 3 0.8
v 0 3 0.8
v 0.0999999 3 0.8
v -4.1 3 0.3
v -4 3 0.3
v 0 3 0.3
v 0.0999999 3 0.3
v -4.1 3 0
v -4 3 0
v 0 3 0
v 0.0999999 3 0
v -4.1 3 -0.2
v -4 3 -0.2
v 0 3 -0.2
v 0.0999999 3 -0.2
v -4.1 3 -0.3
v -4 3 -0.3
v 0 3 -0.3
v 0.0999999 3 -0.3
v -4.1 3 -0.4
v -4 3 -0.4
v 0 3 -0.4
v 0.0999999 3 -0.4
v -4.1 3 -0.8
v -4 3 -0.8
v 0 3 -0.8
v 0.0999999 3 -0.8
v -4.1 3 -1
v -4 3 -1
v 0 3 -1
v 0.0999999 3 -1
v -4.1 3 -1.2
v -4 3 -1.2
v 0 3 -1.2
v 0.0999999 3 -1.2
v -4.1 3 -1.3
v -4 3 -1.3
v 0 3 -1.3
v 0.0999999 3 -1.3
v -4.1 3 -1.4
v -4 3 -1.4
v 0 3 -1.4
v 0.0999999 3 -1.4
v -4.1 3 -1.6
v -4 3 -1.6
v 0 3 -1.6
v 0.0999999 3 -1.6
v -4.1 3 -1.7
v -4 3 -1.7
v 0 3 -1.7
v 0.0999999 3 -1.7
v -4.1 3 -1.9
v -4 3 -1.9
v 0 3 -1.9
v 0.0999999 3 -1.9
v -4.1 3 -2.1
v -4 3 -2.1
v 0 3 -2.1
v 0.0999999 3 -2.1
v -4.1 3 -2.3
v -4 3 -2.3
v 0 3 -2.3
v 0.0999999 3 -2.3
v -4.1 3 -2.4
v -4 3 -2.4
v 0 3 -2.4
v 0.0999999 3 -2.4
v -4.1 3 -2.5
v -4 3 -2.5
v 0 3 -2.5
v 0.0999999 3 -2.5
v -4.1 3 -2.8
v -4 3 -2.8
v 0 3 -2.8
v 0.0999999 3 -2.8
v -4.1 3 -3
v -4 3 -3
v -3.9 3 -3
v -3.8 3 -3
v -3.3 3 -3
v -3 3 -3
v -2.8 3 -3
v -2.7 3 -3
v -2.6 3 -3
v -2.2 3 -3
v -2 3 -3
v -1.8 3 -3
v -1.7 3 -3
v -1.6 3 -3
v -1.4 3 -3
v -1.3 3 -3
v -1.1 3 -3
v -0.9 3 -3
v -0.7 3 -3
v -0.6 3 -3
v -0.5 3 -3
v -0.2 3 -3
v 0 3 -3
v 0.0999999 3 -3
v -4.1 3 -3.1
v -4 3 -3.1
v -3.9 3 -3.1
v -3.8 3 -3.1
v -3.3 3 -3.1
v -3 3 -3.1
v -2.8 3 -3.1
v -2.7 3 -3.1
v -2.6 3 -3.1
v -2.2 3 -3.1
v -2 3 -3.1
v -1.8 3 -3.1
v -1.7 3 -3.1
v -1.6 3 -3.1
v -1.4 3 -3.1
v -1.3 3 -3.1
v -1.1 3 -3.1
v -0.9 3 -3.1
v -0.7 3 -3.1
v -0.6 3 -3.1
v -0.5 3 -3.1
v -0.2 3 -3.1
v 0 3 -3.1
v 0.0999999 3 -3.1
v -4.1 3.1 1.2
v -4 3.1 1.2
v -3.9 3.1 1.2
v -3.8 3.1 1.2
v -3.7 3.1 1.2
v -3.4 3.1 1.2
v -3.3 3.1 1.2
v -3.1 3.1 1.2
v -3 3.1 1.2
v -2.8 3.1 1.2
v -2.7 3.1 1.2
v -2.6 3.1 1.2
v -2.2 3.1 1.2
v -2.1 3.1 1.2
v -2 3.1 1.2
v -1.8 3.1 1.2
v -1.3 3.1 1.2
v -1.1 3.1 1.2
v -1 3.1 1.2
v -0.9 3.1 1.2
v -0.6 3.1 1.2
v -0.5 3.1 1.2
v -0.2 3.1 1.2
v 0 3.1 1.2
v 0.0999999 3.1 1.2
v -4.2 3.1 1.1
v -4.1 3.1 1.1
v -4 3.1 1.1
v -3.9 3.1 1.1
v -3.8 3.1 1.1
v -3.7 3.1 1.1
v -3.4 3.1 1.1
v -3.3 3.1 1.1
v -3.1 3.1 1.1
v -3 3.1 1.1
v -2.9 3.1 1.1
v -2.8 3.1 1.1
v -2.7 3.1 1.1
v -2.6 3.1 1.1
v -2.2 3.1 1.1
v -2.1 3.1 1.1
v -2 3.1 1.1
v -1.9 3.1 1.1
v -1.8 3.1 1.1
v -1.7 3.1 1.1
v -1.6 3.1 1.1
v -1.4 3.1 1.1
v -1.3 3.1 1.1
v -1.1 3.1 1.1
v -1 3.1 1.1
v -0.9 3.1 1.1
v -0.7 3.1 1.1
v -0.6 3.1 1.1
v -0.5 3.1 1.1
v -0.4 3.1 1.1
v -0.3 3.1 1.1
v -0.2 3.1 1.1
v 0 3.1 1.1
v 0.0999999 3.1 1.1
v 0.2 3.1 1.1
v -3 3.1 1
v -2.9 3.1 1
v -1.9 3.1 1
v -1.8 3.1 1
v -0.5 3.1 1
v -0.4 3.1 1
v -0.3 3.1 1
v -0.2 3.1 1
v -4.2 3.1 0.9
v -4.1 3.1 0.9
v 0.0999999 3.1 0.9
v 0.2 3.1 0.9
v -4.2 3.1 0.8
v -4.1 3.1 0.8
v 0.0999999 3.1 0.8
v 0.2 3.1 0.8
v -4.2 3.1 0.7
v -4.1 3.1 0.7
v 0.0999999 3.1 0.7
v 0.2 3.1 0.7
v -4.2 3.1 0.4
v -4.1 3.1 0.4
v 0.0999999 3.1 0.4
v 0.2 3.1 0.4
v -4.2 3.1 0.3
v -4.1 3.1 0.3
v 0.0999999 3.1 0.3
v 0.2 3.1 0.3
v -4.2 3.1 0.1
v -4.1 3.1 0.1
v 0.0999999 3.1 0.1
v 0.2 3.1 0.1
v -4.2 3.1 0
v -4.1 3.1 0
v -4 3.1 0
v 0 3.1 0
v 0.0999999 3.1 0
v 0.2 3.1 0
v -4.1 3.1 -0.0999999
v -4 3.1 -0.0999999
v 0 3.1 -0.0999999
v 0.0999999 3.1 -0.0999999
v -4.2 3.1 -0.2
v -4.1 3.1 -0.2
v 0.0999999 3.1 -0.2
v 0.2 3.1 -0.2
v -4.2 3.1 -0.3
v -4.1 3.1 -0.3
v 0.0999999 3.1 -0.3
v 0.2 3.1 -0.3
v -4.2 3.1 -0.4
v -4.1 3.1 -0.4
v 0.0999999 3.1 -0.4
v 0.2 3.1 -0.4
v -4.2 3.1 -0.8
v -4.1 3.1 -0.8
v 0.0999999 3.1 -0.8
v 0.2 3.1 -0.8
v -4.2 3.1 -0.9
v -4.1 3.1 -0.9
v 0.0999999 3.1 -0.9
v 0.2 3.1 -0.9
v -4.2 3.1 -1
v -4.1 3.1 -1
v 0.0999999 3.1 -1
v 0.2 3.1 -1
v -4.1 3.1 -1.1
v -4 3.1 -1.1
v 0 3.1 -1.1
v 0.0999999 3.1 -1.1
v -4.2 3.1 -1.2
v -4.1 3.1 -1.2
v -4 3.1 -1.2
v 0 3.1 -1.2
v 0.0999999 3.1 -1.2
v 0.2 3.1 -1.2
v -4.1 3.1 -1.3
v 0.0999999 3.1 -1.3
v -4.1 3.1 -1.4
v 0.0999999 3.1 -1.4
v -4.1 3.1 -1.6
v 0.0999999 3.1 -1.6
v -4.2 3.1 -1.7
v -4.1 3.1 -1.7
v 0.0999999 3.1 -1.7
v 0.2 3.1 -1.7
v -4.2 3.1 -1.9
v -4.1 3.1 -1.9
v 0.0999999 3.1 -1.9
v 0.2 3.1 -1.9
v -4.2 3.1 -2
v -4.1 3.1 -2
v 0.0999999 3.1 -2
v 0.2 3.1 -2
v -4.2 3.1 -2.1
v -4.1 3.1 -2.1
v 0.0999999 3.1 -2.1
v 0.2 3.1 -2.1
v -4.1 3.1 -2.3
v 0.0999999 3.1 -2.3
v -4.2 3.1 -2.4
v -4.1 3.1 -2.4
v 0.0999999 3.1 -2.4
v 0.2 3.1 -2.4
v -4.2 3.1 -2.5
v -4.1 3.1 -2.5
v -4 3.1 -2.5
v 0 3.1 -2.5
v 0.0999999 3.1 -2.5
v 0.2 3.1 -2.5
v -4.1 3.1 -2.6
v -4 3.1 -2.6
v 0 3.1 -2.6
v 0.0999999 3.1 -2.6
v -4.1 3.1 -2.7
v -4 3.1 -2.7
v 0 3.1 -2.7
v 0.0999999 3.1 -2.7
v -4.2 3.1 -2.8
v -4.1 3.1 -2.8
v -4 3.1 -2.8
v 0 3.1 -2.8
v 0.0999999 3.1 -2.8
v 0.2 3.1 -2.8
v -4.2 3.1 -3
v -4.1 3.1 -3
v -3 3.1 -3
v -2.9 3.1 -3
v -1.9 3.1 -3
v -1.8 3.1 -3
v -0.5 3.1 -3
v -0.4 3.1 -3
v -0.3 3.1 -3
v -0.2 3.1 -3
v 0.0999999 3.1 -3
v 0.2 3.1 -3
v -4.2 3.1 -3.1
v -4.1 3.1 -3.1
v -4 3.1 -3.1
v -3.9 3.1 -3.1
v -3.8 3.1 -3.1
v -3.7 3.1 -3.1
v -3.4 3.1 -3.1
v -3.3 3.1 -3.1
v -3.1 3.1 -3.1
v -3 3.1 -3.1
v -2.9 3.1 -3.1
v -2.8 3.1 -3.1
v -2.7 3.1 -3.1
v -2.6 3.1 -3.1
v -2.2 3.1 -3.1
v -2.1 3.1 -3.1
v -2 3.1 -3.1
v -1.9 3.1 -3.1
v -1.8 3.1 -3.1
v -1.7 3.1 -3.1
v -1.6 3.1 -3.1
v -1.4 3.1 -3.1
v -1.3 3.1 -3.1
v -1.1 3.1 -3.1
v -1 3.1 -3.1
v -0.9 3.1 -3.1
v -0.7 3.1 -3.1
v -0.6 3.1 -3.1
v -0.5 3.1 -3.1
v -0.4 3.1 -3.1
v -0.3 3.1 -3.1
v -0.2 3.1 -3.1
v 0 3.1 -3.1
v 0.0999999 3.1 -3.1
v 0.2 3.1 -3.1
v -4.1 3.1 -3.2
v -4 3.1 -3.2
v -3.9 3.1 -3.2
v -3.8 3.1 -3.2
v -3.7 3.1 -3.2
v -3.4 3.1 -3.2
v -3.3 3.1 -3.2
v -3.1 3.1 -3.2
v -3 3.1 -3.2
v -2.8 3.1 -3.2
v -2.7 3.1 -3.2
v -2.6 3.1 -3.2
v -2.2 3.1 -3.2
v -2.1 3.1 -3.2
v -2 3.1 -3.2
v -1.8 3.1 -3.2
v -1.3 3.1 -3.2
v -1.1 3.1 -3.2
v -1 3.1 -3.2
v -0.9 3.1 -3.2
v -0.6 3.1 -3.2
v -0.5 3.1 -3.2
v -0.2 3.1 -3.2
v 0 3.1 -3.2
v 0.0999999 3.1 -3.2
v -4.1 3.9 1.1
v -4 3.9 1.1
v -3.9 3.9 1.1
v -3.7 3.9 1.1
v -3.5 3.9 1.1
v -3.2 3.9 1.1
v -3.1 3.9 1.1
v -3 3.9 1.1
v -2.9 3.9 1.1
v -2.8 3.9 1.1
v -2.6 3.9 1.1
v -2.3 3.9 1.1
v -2.1 3.9 1.1
v -1.9 3.9 1.1
v -1.8 3.9 1.1
v -1.7 3.9 1.1
v -1.6 3.9 1.1
v -1.4 3.9 1.1
v -1.1 3.9 1.1
v -1 3.9 1.1
v -0.8 3.9 1.1
v -0.6 3.9 1.1
v -0.5 3.9 1.1
v -0.4 3.9 1.1
v -0.0999999 3.9 1.1
v 0 3.9 1.1
v 0.0999999 3.9 1.1
v -4.1 3.9 1
v -4 3.9 1
v -3.9 3.9 1
v -3.7 3.9 1
v -3.5 3.9 1
v -3.2 3.9 1
v -3.1 3.9 1
v -3 3.9 1
v -2.9 3.9 1
v -2.8 3.9 1
v -2.6 3.9 1
v -2.3 3.9 1
v -2.1 3.9 1
v -1.9 3.9 1
v -1.8 3.9 1
v -1.7 3.9 1
v -1.6 3.9 1
v -1.4 3.9 1
v -1.1 3.9 1
v -1 3.9 1
v -0.8 3.9 1
v -0.6 3.9 1
v -0.5 3.9 1
v -0.4 3.9 1
v -0.0999999 3.9 1
v 0 3.9 1
v 0.0999999 3.9 1
v -4.1 3.9 0.9
v -4 3.9 0.9
v 0 3.9 0.9
v 0.0999999 3.9 0.9
v -4.1 3.9 0.7
v -4 3.9 0.7
v 0 3.9 0.7
v 0.0999999 3.9 0.7
v -4.1 3.9 0.5
v -4 3.9 0.5
v 0 3.9 0.5
v 0.0999999 3.9 0.5
v -4.1 3.9 0.2
v -4 3.9 0.2
v 0 3.9 0.2
v 0.0999999 3.9 0.2
v -4.1 3.9 0.1
v -4 3.9 0.1
v 0 3.9 0.1
v 0.0999999 3.9 0.1
v -4.1 3.9 0
v -4 3.9 0
v 0 3.9 0
v 0.0999999 3.9 0
v -4.1 3.9 -0.0999999
v -4 3.9 -0.0999999
v 0 3.9 -0.0999999
v 0.0999999 3.9 -0.0999999
v -4.1 3.9 -0.2
v -4 3.9 -0.2
v 0 3.9 -0.2
v 0.0999999 3.9 -0.2
v -4.1 3.9 -0.4
v -4 3.9 -0.4
v 0 3.9 -0.4
v 0.0999999 3.9 -0.4
v -4.1 3.9 -0.7
v -4 3.9 -0.7
v 0 3.9 -0.7
v 0.0999999 3.9 -0.7
v -4.1 3.9 -0.9
v -4 3.9 -0.9
v 0 3.9 -0.9
v 0.0999999 3.9 -0.9
v -4.1 3.9 -1.1
v -4 3.9 -1.1
v 0 3.9 -1.1
v 0.0999999 3.9 -1.1
v -4.1 3.9 -1.2
v -4 3.9 -1.2
v 0 3.9 -1.2
v 0.0999999 3.9 -1.2
v -4.1 3.9 -1.3
v -4 3.9 -1.3
v 0 3.9 -1.3
v 0.0999999 3.9 -1.3
v -4.1 3.9 -1.4
v -4 3.9 -1.4
v 0 3.9 -1.4
v 0.0999999 3.9 -1.4
v -4.1 3.9 -1.6
v -4 3.9 -1.6
v 0 3.9 -1.6
v 0.0999999 3.9 -1.6
v -4.1 3.9 -1.9
v -4 3.9 -1.9
v 0 3.9 -1.9
v 0.0999999 3.9 -1.9
v -4.1 3.9 -2
v -4 3.9 -2
v 0 3.9 -2
v 0.0999999 3.9 -2
v -4.1 3.9 -2.2
v -4 3.9 -2.2
v 0 3.9 -2.2
v 0.0999999 3.9 -2.2
v -4.1 3.9 -2.4
v -4 3.9 -2.4
v 0 3.9 -2.4
v 0.0999999 3.9 -2.4
v -4.1 3.9 -2.5
v -4 3.9 -2.5
v 0 3.9 -2.5
v 0.0999999 3.9 -2.5
v -4.1 3.9 -2.6
v -4 3.9 -2.6
v 0 3.9 -2.6
v 0.0999999 3.9 -2.6
v -4.1 3.9 -2.9
v -4 3.9 -2.9
v 0 3.9 -2.9
v 0.0999999 3.9 -2.9
v -4 3.9 -3
v -3.9 3.9 -3
v -3.7 3.9 -3
v -3.5 3.9 -3
v -3.2 3.9 -3
v -3.1 3.9 -3
v -3 3.9 -3
v -2.9 3.9 -3
v -2.8 3.9 -3
v -2.6 3.9 -3
v -2.3 3.9 -3
v -2.1 3.9 -3
v -1.9 3.9 -3
v -1.8 3.9 -3
v -1.7 3.9 -3
v -1.6 3.9 -3
v -1.4 3.9 -3
v -1.1 3.9 -3
v -1 3.9 -3
v -0.8 3.9 -3
v -0.6 3.9 -3
v -0.5 3.9 -3
v -0.4 3.9 -3
v -0.0999999 3.9 -3
v 0 3.9 -3
v -4.1 3.9 -3.1
v -4 3.9 -3.1
v -3.9 3.9 -3.1
v -3.7 3.9 -3.1
v -3.5 3.9 -3.1
v -3.2 3.9 -3.1
v -3.1 3.9 -3.1
v -3 3.9 -3.1
v -2.9 3.9 -3.1
v -2.8 3.9 -3.1
v -2.6 3.9 -3.1
v -2.3 3.9 -3.1
v -2.1 3.9 -3.1
v -1.9 3.9 -3.1
v -1.8 3.9 -3.1
v -1.7 3.9 -3.1
v -1.6 3.9 -3.1
v -1.4 3.9 -3.1
v -1.1 3.9 -3.1
v -1 3.9 -3.1
v -0.8 3.9 -3.1
v -0.6 3.9 -3.1
v -0.5 3.9 -3.1
v -0.4 3.9 -3.1
v -0.0999999 3.9 -3.1
v 0.0999999 3.9 -3.1
v -4.1 4 1.2
v -3.9 4 1.2
v -3.8 4 1.2
v -3.7 4 1.2
v -3.5 4 1.2
v -3.4 4 1.2
v -3.3 4 1.2
v -3.2 4 1.2
v -3.1 4 1.2
v -3 4 1.2
v -2.9 4 1.2
v -2.8 4 1.2
v -2.6 4 1.2
v -2.4 4 1.2
v -2.3 4 1.2
v -2.2 4 1.2
v -2.1 4 1.2
v -2 4 1.2
v -1.9 4 1.2
v -1.8 4 1.2
v -1.5 4 1.2
v -1.4 4 1.2
v -1.1 4 1.2
v -1 4 1.2
v -0.9 4 1.2
v -0.6 4 1.2
v -0.5 4 1.2
v -0.4 4 1.2
v -0.2 4 1.2
v 0 4 1.2
v 0.0999999 4 1.2
v -4.2 4 1.1
v -4.1 4 1.1
v -4 4 1.1
v -3.9 4 1.1
v -3.8 4 1.1
v -3.7 4 1.1
v -3.6 4 1.1
v -3.5 4 1.1
v -3.4 4 1.1
v -3.3 4 1.1
v -3.2 4 1.1
v -3.1 4 1.1
v -3 4 1.1
v -2.9 4 1.1
v -2.8 4 1.1
v -2.7 4 1.1
v -2.6 4 1.1
v -2.4 4 1.1
v -2.3 4 1.1
v -2.2 4 1.1
v -2.1 4 1.1
v -2 4 1.1
v -1.9 4 1.1
v -1.8 4 1.1
v -1.7 4 1.1
v -1.6 4 1.1
v -1.5 4 1.1
v -1.4 4 1.1
v -1.3 4 1.1
v -1.2 4 1.1
v -1.1 4 1.1
v -1 4 1.1
v -0.9 4 1.1
v -0.8 4 1.1
v -0.6 4 1.1
v -0.5 4 1.1
v -0.4 4 1.1
v -0.2 4 1.1
v -0.0999999 4 1.1
v 0 4 1.1
v 0.0999999 4 1.1
v 0.2 4 1.1
v -4.1 4 1
v -3.7 4 1
v -3.6 4 1
v -2.7 4 1
v -2.6 4 1
v -1.4 4 1
v -1.3 4 1
v -1.2 4 1
v -1.1 4 1
v 0.0999999 4 1
v -4.2 4 0.9
v -4.1 4 0.9
v 0.0999999 4 0.9
v 0.2 4 0.9
v -4.2 4 0.8
v -4.1 4 0.8
v 0.0999999 4 0.8
v 0.2 4 0.8
v -4.2 4 0.7
v -4.1 4 0.7
v -4 4 0.7
v 0 4 0.7
v 0.0999999 4 0.7
v 0.2 4 0.7
v -4.1 4 0.6
v -4 4 0.6
v 0 4 0.6
v 0.0999999 4 0.6
v -4.2 4 0.5
v -4.1 4 0.5
v 0.0999999 4 0.5
v 0.2 4 0.5
v -4.2 4 0.4
v -4.1 4 0.4
v 0.0999999 4 0.4
v 0.2 4 0.4
v -4.2 4 0.3
v -4.1 4 0.3
v 0.0999999 4 0.3
v 0.2 4 0.3
v -4.2 4 0.2
v -4.1 4 0.2
v 0.0999999 4 0.2
v 0.2 4 0.2
v -4.2 4 0.1
v -4.1 4 0.1
v 0.0999999 4 0.1
v 0.2 4 0.1
v -4.2 4 0
v -4.1 4 0
v 0.0999999 4 0
v 0.2 4 0
v -4.2 4 -0.0999999
v -4.1 4 -0.0999999
v 0.0999999 4 -0.0999999
v 0.2 4 -0.0999999
v -4.2 4 -0.2
v -4.1 4 -0.2
v 0.0999999 4 -0.2
v 0.2 4 -0.2
v -4.1 4 -0.3
v -4 4 -0.3
v 0 4 -0.3
v 0.0999999 4 -0.3
v -4.2 4 -0.4
v -4.1 4 -0.4
v -4 4 -0.4
v 0 4 -0.4
v 0.0999999 4 -0.4
v 0.2 4 -0.4
v -4.2 4 -0.6
v -4.1 4 -0.6
v 0.0999999 4 -0.6
v 0.2 4 -0.6
v -4.2 4 -0.7
v -4.1 4 -0.7
v 0.0999999 4 -0.7
v 0.2 4 -0.7
v -4.2 4 -0.8
v -4.1 4 -0.8
v 0.0999999 4 -0.8
v 0.2 4 -0.8
v -4.2 4 -0.9
v -4.1 4 -0.9
v 0.0999999 4 -0.9
v 0.2 4 -0.9
v -4.2 4 -1
v -4.1 4 -1
v 0.0999999 4 -1
v 0.2 4 -1
v -4.2 4 -1.1
v -4.1 4 -1.1
v 0.0999999 4 -1.1
v 0.2 4 -1.1
v -4.2 4 -1.2
v -4.1 4 -1.2
v 0.0999999 4 -1.2
v 0.2 4 -1.2
v -4.1 4 -1.3
v 0.0999999 4 -1.3
v -4.1 4 -1.4
v 0.0999999 4 -1.4
v -4.2 4 -1.5
v -4.1 4 -1.5
v 0.0999999 4 -1.5
v 0.2 4 -1.5
v -4.2 4 -1.6
v -4.1 4 -1.6
v -4 4 -1.6
v 0 4 -1.6
v 0.0999999 4 -1.6
v 0.2 4 -1.6
v -4.1 4 -1.7
v -4 4 -1.7
v 0 4 -1.7
v 0.0999999 4 -1.7
v -4.1 4 -1.8
v -4 4 -1.8
v 0 4 -1.8
v 0.0999999 4 -1.8
v -4.2 4 -1.9
v -4.1 4 -1.9
v -4 4 -1.9
v 0 4 -1.9
v 0.0999999 4 -1.9
v 0.2 4 -1.9
v -4.2 4 -2
v -4.1 4 -2
v 0.0999999 4 -2
v 0.2 4 -2
v -4.2 4 -2.1
v -4.1 4 -2.1
v 0.0999999 4 -2.1
v 0.2 4 -2.1
v -4.1 4 -2.2
v 0.0999999 4 -2.2
v -4.2 4 -2.4
v -4.1 4 -2.4
v 0.0999999 4 -2.4
v 0.2 4 -2.4
v -4.2 4 -2.5
v -4.1 4 -2.5
v 0.0999999 4 -2.5
v 0.2 4 -2.5
v -4.2 4 -2.6
v -4.1 4 -2.6
v 0.0999999 4 -2.6
v 0.2 4 -2.6
v -4.2 4 -2.8
v -4.1 4 -2.8
v 0.0999999 4 -2.8
v 0.2 4 -2.8
v -4.1 4 -2.9
v 0.0999999 4 -2.9
v -4.2 4 -3
v -4.1 4 -3
v -3.7 4 -3
v -3.6 4 -3
v -2.7 4 -3
v -2.6 4 -3
v -1.4 4 -3
v -1.3 4 -3
v -1.2 4 -3
v -1.1 4 -3
v 0.0999999 4 -3
v 0.2 4 -3
v -4.2 4 -3.1
v -4.1 4 -3.1
v -4 4 -3.1
v -3.9 4 -3.1
v -3.8 4 -3.1
v -3.7 4 -3.1
v -3.6 4 -3.1
v -3.5 4 -3.1
v -3.4 4 -3.1
v -3.3 4 -3.1
v -3.2 4 -3.1
v -3.1 4 -3.1
v -3 4 -3.1
v -2.9 4 -3.1
v -2.8 4 -3.1
v -2.7 4 -3.1
v -2.6 4 -3.1
v -2.4 4 -3.1
v -2.3 4 -3.1
v -2.2 4 -3.1
v -2.1 4 -3.1
v -2 4 -3.1
v -1.9 4 -3.1
v -1.8 4 -3.1
v -1.7 4 -3.1
v -1.6 4 -3.1
v -1.5 4 -3.1
v -1.4 4 -3.1
v -1.3 4 -3.1
v -1.2 4 -3.1
v -1.1 4 -3.1
v -1 4 -3.1
v -0.9 4 -3.1
v -0.8 4 -3.1
v -0.6 4 -3.1
v -0.5 4 -3.1
v -0.4 4 -3.1
v -0.2 4 -3.1
v -0.0999999 4 -3.1
v 0 4 -3.1
v 0.0999999 4 -3.1
v 0.2 4 -3.1
v -4.1 4 -3.2
v -3.9 4 -3.2
v -3.8 4 -3.2
v -3.7 4 -3.2
v -3.5 4 -3.2
v -3.4 4 -3.2
v -3.3 4 -3.2
v -3.2 4 -3.2
v -3.1 4 -3.2
v -3 4 -3.2
v -2.9 4 -3.2
v -2.8 4 -3.2
v -2.6 4 -3.2
v -2.4 4 -3.2
v -2.3 4 -3.2
v -2.2 4 -3.2
v -2.1 4 -3.2
v -2 4 -3.2
v -1.9 4 -3.2
v -1.8 4 -3.2
v -1.5 4 -3.2
v -1.4 4 -3.2
v -1.1 4 -3.2
v -1 4 -3.2
v -0.9 4 -3.2
v -0.6 4 -3.2
v -0.5 4 -3.2
v -0.4 4 -3.2
v -0.2 4 -3.2
v 0 4 -3.2
v 0.0999999 4 -3.2
v -4.1 2.8 1.2
v -4 2.8 1.2
v -3.8 2.8 1.2
v -3.6 2.8 1.2
v -3.5 2.8 1.2
v -3.4 2.8 1.2
v -3.1 2.8 1.2
v -3 2.8 1.2
v -2.9 2.8 1.2
v -2.6 2.8 1.2
v -2.5 2.8 1.2
v -2.2 2.8 1.2
v -2.1 2.8 1.2
v -2 2.8 1.2
v -1.9 2.8 1.2
v -1.8 2.8 1.2
v -1.7 2.8 1.2
v -1.6 2.8 1.2
v -1.4 2.8 1.2
v -1.2 2.8 1.2
v -1.1 2.8 1.2
v -1 2.8 1.2
v -0.9 2.8 1.2
v -0.8 2.8 1.2
v -0.7 2.8 1.2
v -0.6 2.8 1.2
v -0.5 2.8 1.2
v -0.3 2.8 1.2
v -0.2 2.8 1.2
v -0.0999999 2.8 1.2
v 0 2.8 1.2
v -4.2 2.8 1.1
v -4.1 2.8 1.1
v -4 2.8 1.1
v -3.9 2.8 1.1
v -3.8 2.8 1.1
v -3.6 2.8 1.1
v -3.5 2.8 1.1
v -3.4 2.8 1.1
v -3.2 2.8 1.1
v -3.1 2.8 1.1
v -3 2.8 1.1
v -2.9 2.8 1.1
v -2.8 2.8 1.1
v -2.7 2.8 1.1
v -2.6 2.8 1.1
v -2.5 2.8 1.1
v -2.4 2.8 1.1
v -2.3 2.8 1.1
v -2.2 2.8 1.1
v -2.1 2.8 1.1
v -2 2.8 1.1
v -1.9 2.8 1.1
v -1.8 2.8 1.1
v -1.7 2.8 1.1
v -1.6 2.8 1.1
v -1.4 2.8 1.1
v -1.3 2.8 1.1
v -1.2 2.8 1.1
v -1.1 2.8 1.1
v -1 2.8 1.1
v -0.9 2.8 1.1
v -0.8 2.8 1.1
v -0.7 2.8 1.1
v -0.6 2.8 1.1
v -0.5 2.8 1.1
v -0.4 2.8 1.1
v -0.3 2.8 1.1
v -0.2 2.8 1.1
v -0.0999999 2.8 1.1
v 0 2.8 1.1
v 0.0999999 2.8 1.1
v 0.2 2.8 1.1
v -4.1 2.8 1
v -2.9 2.8 1
v -2.8 2.8 1
v -2.7 2.8 1
v -2.6 2.8 1
v -1.4 2.8 1
v -1.3 2.8 1
v -0.4 2.8 1
v -0.3 2.8 1
v 0.0999999 2.8 1
v -4.2 2.8 0.9
v -4.1 2.8 0.9
v 0.0999999 2.8 0.9
v 0.2 2.8 0.9
v -4.2 2.8 0.8
v -4.1 2.8 0.8
v 0.0999999 2.8 0.8
v 0.2 2.8 0.8
v -4.2 2.8 0.7
v -4.1 2.8 0.7
v -4 2.8 0.7
v 0 2.8 0.7
v 0.0999999 2.8 0.7
v 0.2 2.8 0.7
v -4.1 2.8 0.6
v -4 2.8 0.6
v 0 2.8 0.6
v 0.0999999 2.8 0.6
v -4.2 2.8 0.5
v -4.1 2.8 0.5
v 0.0999999 2.8 0.5
v 0.2 2.8 0.5
v -4.2 2.8 0.4
v -4.1 2.8 0.4
v 0.0999999 2.8 0.4
v 0.2 2.8 0.4
v -4.2 2.8 0.3
v -4.1 2.8 0.3
v 0.0999999 2.8 0.3
v 0.2 2.8 0.3
v -4.2 2.8 0.2
v -4.1 2.8 0.2
v 0.0999999 2.8 0.2
v 0.2 2.8 0.2
v -4.2 2.8 0.1
v -4.1 2.8 0.1
v 0.0999999 2.8 0.1
v 0.2 2.8 0.1
v -4.2 2.8 0
v -4.1 2.8 0
v 0.0999999 2.8 0
v 0.2 2.8 0
v -4.2 2.8 -0.0999999
v -4.1 2.8 -0.0999999
v 0.0999999 2.8 -0.0999999
v 0.2 2.8 -0.0999999
v -4.2 2.8 -0.2
v -4.1 2.8 -0.2
v 0.0999999 2.8 -0.2
v 0.2 2.8 -0.2
v -4.1 2.8 -0.3
v -4 2.8 -0.3
v 0 2.8 -0.3
v 0.0999999 2.8 -0.3
v -4.2 2.8 -0.4
v -4.1 2.8 -0.4
v -4 2.8 -0.4
v 0 2.8 -0.4
v 0.0999999 2.8 -0.4
v 0.2 2.8 -0.4
v -4.2 2.8 -0.6
v -4.1 2.8 -0.6
v 0.0999999 2.8 -0.6
v 0.2 2.8 -0.6
v -4.2 2.8 -0.7
v -4.1 2.8 -0.7
v 0.0999999 2.8 -0.7
v 0.2 2.8 -0.7
v -4.2 2.8 -0.8
v -4.1 2.8 -0.8
v 0.0999999 2.8 -0.8
v 0.2 2.8 -0.8
v -4.2 2.8 -0.9
v -4.1 2.8 -0.9
v 0.0999999 2.8 -0.9
v 0.2 2.8 -0.9
v -4.2 2.8 -1
v -4.1 2.8 -1
v 0.0999999 2.8 -1
v 0.2 2.8 -1
v -4.2 2.8 -1.1
v -4.1 2.8 -1.1
v 0.0999999 2.8 -1.1
v 0.2 2.8 -1.1
v -4.2 2.8 -1.2
v -4.1 2.8 -1.2
v 0.0999999 2.8 -1.2
v 0.2 2.8 -1.2
v -4.1 2.8 -1.3
v 0.0999999 2.8 -1.3
v -4.1 2.8 -1.4
v 0.0999999 2.8 -1.4
v -4.2 2.8 -1.5
v -4.1 2.8 -1.5
v 0.0999999 2.8 -1.5
v 0.2 2.8 -1.5
v -4.2 2.8 -1.6
v -4.1 2.8 -1.6
v -4 2.8 -1.6
v 0 2.8 -1.6
v 0.0999999 2.8 -1.6
v 0.2 2.8 -1.6
v -4.1 2.8 -1.7
v -4 2.8 -1.7
v 0 2.8 -1.7
v 0.0999999 2.8 -1.7
v -4.1 2.8 -1.8
v -4 2.8 -1.8
v 0 2.8 -1.8
v 0.0999999 2.8 -1.8
v -4.2 2.8 -1.9
v -4.1 2.8 -1.9
v -4 2.8 -1.9
v 0 2.8 -1.9
v 0.0999999 2.8 -1.9
v 0.2 2.8 -1.9
v -4.2 2.8 -2
v -4.1 2.8 -2
v 0.0999999 2.8 -2
v 0.2 2.8 -2
v -4.2 2.8 -2.1
v -4.1 2.8 -2.1
v 0.0999999 2.8 -2.1
v 0.2 2.8 -2.1
v -4.1 2.8 -2.2
v 0.0999999 2.8 -2.2
v -4.2 2.8 -2.4
v -4.1 2.8 -2.4
v 0.0999999 2.8 -2.4
v 0.2 2.8 -2.4
v -4.2 2.8 -2.5
v -4.1 2.8 -2.5
v 0.0999999 2.8 -2.5
v 0.2 2.8 -2.5
v -4.2 2.8 -2.6
v -4.1 2.8 -2.6
v 0.0999999 2.8 -2.6
v 0.2 2.8 -2.6
v -4.2 2.8 -2.8
v -4.1 2.8 -2.8
v 0.0999999 2.8 -2.8
v 0.2 2.8 -2.8
v -4.1 2.8 -2.9
v 0.0999999 2.8 -2.9
v -4.2 2.8 -3
v -4.1 2.8 -3
v -2.9 2.8 -3
v -2.8 2.8 -3
v -2.7 2.8 -3
v -2.6 2.8 -3
v -1.4 2.8 -3
v -1.3 2.8 -3
v -0.4 2.8 -3
v -0.3 2.8 -3
v 0.0999999 2.8 -3
v 0.2 2.8 -3
v -4.2 2.8 -3.1
v -4.1 2.8 -3.1
v -4 2.8 -3.1
v -3.9 2.8 -3.1
v -3.8 2.8 -3.1
v -3.6 2.8 -3.1
v -3.5 2.8 -3.1
v -3.4 2.8 -3.1
v -3.2 2.8 -3.1
v -3.1 2.8 -3.1
v -3 2.8 -3.1
v -2.9 2.8 -3.1
v -2.8 2.8 -3.1
v -2.7 2.8 -3.1
v -2.6 2.8 -3.1
v -2.5 2.8 -3.1
v -2.4 2.8 -3.1
v -2.3 2.8 -3.1
v -2.2 2.8 -3.1
v -2.1 2.8 -3.1
v -2 2.8 -3.1
v -1.9 2.8 -3.1
v -1.8 2.8 -3.1
v -1.7 2.8 -3.1
v -1.6 2.8 -3.1
v -1.4 2.8 -3.1
v -1.3 2.8 -3.1
v -1.2 2.8 -3.1
v -1.1 2.8 -3.1
v -1 2.8 -3.1
v -0.9 2.8 -3.1
v -0.8 2.8 -3.1
v -0.7 2.8 -3.1
v -0.6 2.8 -3.1
v -0.5 2.8 -3.1
v -0.4 2.8 -3.1
v -0.3 2.8 -3.1
v -0.2 2.8 -3.1
v -0.0999999 2.8 -3.1
v 0 2.8 -3.1
v 0.0999999 2.8 -3.1
v 0.2 2.8 -3.1
v -4.1 2.8 -3.2
v -4 2.8 -3.2
v -3.8 2.8 -3.2
v -3.6 2.8 -3.2
v -3.5 2.8 -3.2
v -3.4 2.8 -3.2
v -3.1 2.8 -3.2
v -3 2.8 -3.2
v -2.9 2.8 -3.2
v -2.6 2.8 -3.2
v -2.5 2.8 -3.2
v -2.2 2.8 -3.2
v -2.1 2.8 -3.2
v -2 2.8 -3.2
v -1.9 2.8 -3.2
v -1.8 2.8 -3.2
v -1.7 2.8 -3.2
v -1.6 2.8 -3.2
v -1.4 2.8 -3.2
v -1.2 2.8 -3.2
v -1.1 2.8 -3.2
v -1 2.8 -3.2
v -0.9 2.8 -3.2
v -0.8 2.8 -3.2
v -0.7 2.8 -3.2
v -0.6 2.8 -3.2
v -0.5 2.8 -3.2
v -0.3 2.8 -3.2
v -0.2 2.8 -3.2
v -0.0999999 2.8 -3.2
v 0.0999999 2.8 -3.2
v -4.1 2.9 1.1
v -4 2.9 1.1
v -3.9 2.9 1.1
v -3.6 2.9 1.1
v -3.5 2.9 1.1
v -3.4 2.9 1.1
v -3.2 2.9 1.1
v -3 2.9 1.1
v -2.9 2.9 1.1
v -2.6 2.9 1.1
v -2.4 2.9 1.1
v -2.3 2.9 1.1
v -2.2 2.9 1.1
v -2.1 2.9 1.1
v -1.9 2.9 1.1
v -1.7 2.9 1.1
v -1.4 2.9 1.1
v -1.2 2.9 1.1
v -1.1 2.9 1.1
v -1 2.9 1.1
v -0.9 2.9 1.1
v -0.8 2.9 1.1
v -0.5 2.9 1.1
v -0.3 2.9 1.1
v -0.0999999 2.9 1.1
v 0 2.9 1.1
v 0.0999999 2.9 1.1
v -4.1 2.9 1
v -4 2.9 1
v -3.9 2.9 1
v -3.6 2.9 1
v -3.5 2.9 1
v -3.4 2.9 1
v -3.2 2.9 1
v -3 2.9 1
v -2.9 2.9 1
v -2.6 2.9 1
v -2.4 2.9 1
v -2.3 2.9 1
v -2.2 2.9 1
v -2.1 2.9 1
v -1.9 2.9 1
v -1.7 2.9 1
v -1.4 2.9 1
v -1.2 2.9 1
v -1.1 2.9 1
v -1 2.9 1
v -0.9 2.9 1
v -0.8 2.9 1
v -0.5 2.9 1
v -0.3 2.9 1
v -0.0999999 2.9 1
v 0 2.9 1
v 0.0999999 2.9 1
v -4.1 2.9 0.9
v -4 2.9 0.9
v 0 2.9 0.9
v 0.0999999 2.9 0.9
v -4.1 2.9 0.7
v -4 2.9 0.7
v 0 2.9 0.7
v 0.0999999 2.9 0.7
v -4.1 2.9 0.5
v -4 2.9 0.5
v 0 2.9 0.5
v 0.0999999 2.9 0.5
v -4.1 2.9 0.2
v -4 2.9 0.2
v 0 2.9 0.2
v 0.0999999 2.9 0.2
v -4.1 2.9 0.1
v -4 2.9 0.1
v 0 2.9 0.1
v 0.0999999 2.9 0.1
v -4.1 2.9 0
v -4 2.9 0
v 0 2.9 0
v 0.0999999 2.9 0
v -4.1 2.9 -0.0999999
v -4 2.9 -0.0999999
v 0 2.9 -0.0999999
v 0.0999999 2.9 -0.0999999
v -4.1 2.9 -0.2
v -4 2.9 -0.2
v 0 2.9 -0.2
v 0.0999999 2.9 -0.2
v -4.1 2.9 -0.4
v -4 2.9 -0.4
v 0 2.9 -0.4
v 0.0999999 2.9 -0.4
v -4.1 2.9 -0.7
v -4 2.9 -0.7
v 0 2.9 -0.7
v 0.0999999 2.9 -0.7
v -4.1 2.9 -0.9
v -4 2.9 -0.9
v 0 2.9 -0.9
v 0.0999999 2.9 -0.9
v -4.1 2.9 -1.1
v -4 2.9 -1.1
v 0 2.9 -1.1
v 0.0999999 2.9 -1.1
v -4.1 2.9 -1.2
v -4 2.9 -1.2
v 0 2.9 -1.2
v 0.0999999 2.9 -1.2
v -4.1 2.9 -1.3
v -4 2.9 -1.3
v 0 2.9 -1.3
v 0.0999999 2.9 -1.3
v -4.1 2.9 -1.4
v -4 2.9 -1.4
v 0 2.9 -1.4
v 0.0999999 2.9 -1.4
v -4.1 2.9 -1.6
v -4 2.9 -1.6
v 0 2.9 -1.6
v 0.0999999 2.9 -1.6
v -4.1 2.9 -1.9
v -4 2.9 -1.9
v 0 2.9 -1.9
v 0.0999999 2.9 -1.9
v -4.1 2.9 -2
v -4 2.9 -2
v 0 2.9 -2
v 0.0999999 2.9 -2
v -4.1 2.9 -2.2
v -4 2.9 -2.2
v 0 2.9 -2.2
v 0.0999999 2.9 -2.2
v -4.1 2.9 -2.4
v -4 2.9 -2.4
v 0 2.9 -2.4
v 0.0999999 2.9 -2.4
v -4.1 2.9 -2.5
v -4 2.9 -2.5
v 0 2.9 -2.5
v 0.0999999 2.9 -2.5
v -4.1 2.9 -2.6
v -4 2.9 -2.6
v 0 2.9 -2.6
v 0.0999999 2.9 -2.6
v -4.1 2.9 -2.9
v -4 2.9 -2.9
v 0 2.9 -2.9
v 0.0999999 2.9 -2.9
v -4 2.9 -3
v -3.9 2.9 -3
v -3.6 2.9 -3
v -3.5 2.9 -3
v -3.4 2.9 -3
v -3.2 2.9 -3
v -3 2.9 -3
v -2.9 2.9 -3
v -2.6 2.9 -3
v -2.4 2.9 -3
v -2.3 2.9 -3
v -2.2 2.9 -3
v -2.1 2.9 -3
v -1.9 2.9 -3
v -1.7 2.9 -3
v -1.4 2.9 -3
v -1.2 2.9 -3
v -1.1 2.9 -3
v -1 2.9 -3
v -0.9 2.9 -3
v -0.8 2.9 -3
v -0.5 2.9 -3
v -0.3 2.9 -3
v -0.0999999 2.9 -3
v 0 2.9 -3
v -4.1 2.9 -3.1
v -3.9 2.9 -3.1
v -3.6 2.9 -3.1
v -3.5 2.9 -3.1
v -3.4 2.9 -3.1
v -3.2 2.9 -3.1
v -3 2.9 -3.1
v -2.9 2.9 -3.1
v -2.6 2.9 -3.1
v -2.4 2.9 -3.1
v -2.3 2.9 -3.1
v -2.2 2.9 -3.1
v -2.1 2.9 -3.1
v -1.9 2.9 -3.1
v -1.7 2.9 -3.1
v -1.4 2.9 -3.1
v -1.2 2.9 -3.1
v -1.1 2.9 -3.1
v -1 2.9 -3.1
v -0.9 2.9 -3.1
v -0.8 2.9 -3.1
v -0.5 2.9 -3.1
v -0.3 2.9 -3.1
v -0.0999999 2.9 -3.1
v 0 2.9 -3.1
v 0.0999999 2.9 -3.1
v -4.1 3.7 1.2
v -4 3.7 1.2
v -3.9 3.7 1.2
v -3.8 3.7 1.2
v -3.5 3.7 1.2
v -3.4 3.7 1.2
v -3.3 3.7 1.2
v -3.2 3.7 1.2
v -3.1 3.7 1.2
v -3 3.7 1.2
v -2.8 3.7 1.2
v -2.7 3.7 1.2
v -2.6 3.7 1.2
v -2.5 3.7 1.2
v -2.4 3.7 1.2
v -2.3 3.7 1.2
v -2 3.7 1.2
v -1.8 3.7 1.2
v -1.7 3.7 1.2
v -1.6 3.7 1.2
v -1.5 3.7 1.2
v -1.4 3.7 1.2
v -1.3 3.7 1.2
v -1.2 3.7 1.2
v -0.9 3.7 1.2
v -0.8 3.7 1.2
v -0.5 3.7 1.2
v -0.2 3.7 1.2
v 0.0999999 3.7 1.2
v -4.2 3.7 1.1
v -4.1 3.7 1.1
v -4 3.7 1.1
v -3.9 3.7 1.1
v -3.8 3.7 1.1
v -3.5 3.7 1.1
v -3.4 3.7 1.1
v -3.3 3.7 1.1
v -3.2 3.7 1.1
v -3.1 3.7 1.1
v -3 3.7 1.1
v -2.9 3.7 1.1
v -2.8 3.7 1.1
v -2.7 3.7 1.1
v -2.6 3.7 1.1
v -2.5 3.7 1.1
v -2.4 3.7 1.1
v -2.3 3.7 1.1
v -2.2 3.7 1.1
v -2 3.7 1.1
v -1.9 3.7 1.1
v -1.8 3.7 1.1
v -1.7 3.7 1.1
v -1.6 3.7 1.1
v -1.5 3.7 1.1
v -1.4 3.7 1.1
v -1.3 3.7 1.1
v -1.2 3.7 1.1
v -1.1 3.7 1.1
v -0.9 3.7 1.1
v -0.8 3.7 1.1
v -0.5 3.7 1.1
v -0.4 3.7 1.1
v -0.3 3.7 1.1
v -0.2 3.7 1.1
v 0 3.7 1.1
v 0.0999999 3.7 1.1
v 0.2 3.7 1.1
v -4.2 3.7 1
v -4.1 3.7 1
v -3 3.7 1
v -2.9 3.7 1
v -1.9 3.7 1
v -1.8 3.7 1
v -0.5 3.7 1
v -0.4 3.7 1
v -0.3 3.7 1
v -0.2 3.7 1
v 0.0999999 3.7 1
v 0.2 3.7 1
v -4.2 3.7 0.9
v -4.1 3.7 0.9
v 0.0999999 3.7 0.9
v 0.2 3.7 0.9
v -4.2 3.7 0.8
v -4.1 3.7 0.8
v 0.0999999 3.7 0.8
v 0.2 3.7 0.8
v -4.2 3.7 0.5
v -4.1 3.7 0.5
v 0.0999999 3.7 0.5
v 0.2 3.7 0.5
v -4.2 3.7 0.4
v -4.1 3.7 0.4
v 0.0999999 3.7 0.4
v 0.2 3.7 0.4
v -4.2 3.7 0.3
v -4.1 3.7 0.3
v 0.0999999 3.7 0.3
v 0.2 3.7 0.3
v -4.2 3.7 0.2
v -4.1 3.7 0.2
v 0.0999999 3.7 0.2
v 0.2 3.7 0.2
v -4.2 3.7 0.1
v -4.1 3.7 0.1
v 0.0999999 3.7 0.1
v 0.2 3.7 0.1
v -4.2 3.7 0
v -4.1 3.7 0
v -4 3.7 0
v 0 3.7 0
v 0.0999999 3.7 0
v 0.2 3.7 0
v -4.1 3.7 -0.0999999
v -4 3.7 -0.0999999
v 0 3.7 -0.0999999
v 0.0999999 3.7 -0.0999999
v -4.2 3.7 -0.2
v -4.1 3.7 -0.2
v 0.0999999 3.7 -0.2
v 0.2 3.7 -0.2
v -4.2 3.7 -0.3
v -4.1 3.7 -0.3
v 0.0999999 3.7 -0.3
v 0.2 3.7 -0.3
v -4.2 3.7 -0.4
v -4.1 3.7 -0.4
v 0.0999999 3.7 -0.4
v 0.2 3.7 -0.4
v -4.2 3.7 -0.5
v -4.1 3.7 -0.5
v 0.0999999 3.7 -0.5
v 0.2 3.7 -0.5
v -4.2 3.7 -0.6
v -4.1 3.7 -0.6
v 0.0999999 3.7 -0.6
v 0.2 3.7 -0.6
v -4.2 3.7 -0.7
v -4.1 3.7 -0.7
v 0.0999999 3.7 -0.7
v 0.2 3.7 -0.7
v -4.1 3.7 -0.8
v 0.0999999 3.7 -0.8
v -4.2 3.7 -1
v -4.1 3.7 -1
v 0.0999999 3.7 -1
v 0.2 3.7 -1
v -4.1 3.7 -1.1
v -4 3.7 -1.1
v 0 3.7 -1.1
v 0.0999999 3.7 -1.1
v -4.2 3.7 -1.2
v -4.1 3.7 -1.2
v -4 3.7 -1.2
v 0 3.7 -1.2
v 0.0999999 3.7 -1.2
v 0.2 3.7 -1.2
v -4.2 3.7 -1.3
v -4.1 3.7 -1.3
v 0.0999999 3.7 -1.3
v 0.2 3.7 -1.3
v -4.2 3.7 -1.4
v -4.1 3.7 -1.4
v 0.0999999 3.7 -1.4
v 0.2 3.7 -1.4
v -4.2 3.7 -1.5
v -4.1 3.7 -1.5
v 0.0999999 3.7 -1.5
v 0.2 3.7 -1.5
v -4.2 3.7 -1.6
v -4.1 3.7 -1.6
v 0.0999999 3.7 -1.6
v 0.2 3.7 -1.6
v -4.2 3.7 -1.7
v -4.1 3.7 -1.7
v 0.0999999 3.7 -1.7
v 0.2 3.7 -1.7
v -4.2 3.7 -1.8
v -4.1 3.7 -1.8
v 0.0999999 3.7 -1.8
v 0.2 3.7 -1.8
v -4.1 3.7 -1.9
v 0.0999999 3.7 -1.9
v -4.2 3.7 -2.1
v -4.1 3.7 -2.1
v 0.0999999 3.7 -2.1
v 0.2 3.7 -2.1
v -4.2 3.7 -2.2
v -4.1 3.7 -2.2
v 0.0999999 3.7 -2.2
v 0.2 3.7 -2.2
v -4.2 3.7 -2.5
v -4.1 3.7 -2.5
v -4 3.7 -2.5
v 0 3.7 -2.5
v 0.0999999 3.7 -2.5
v 0.2 3.7 -2.5
v -4.1 3.7 -2.6
v -4 3.7 -2.6
v 0 3.7 -2.6
v 0.0999999 3.7 -2.6
v -4.1 3.7 -2.7
v -4 3.7 -2.7
v 0 3.7 -2.7
v 0.0999999 3.7 -2.7
v -4.2 3.7 -2.8
v -4.1 3.7 -2.8
v -4 3.7 -2.8
v 0 3.7 -2.8
v 0.0999999 3.7 -2.8
v 0.2 3.7 -2.8
v -4.2 3.7 -3
v -4.1 3.7 -3
v -3 3.7 -3
v -2.9 3.7 -3
v -1.9 3.7 -3
v -1.8 3.7 -3
v -0.5 3.7 -3
v -0.4 3.7 -3
v -0.3 3.7 -3
v -0.2 3.7 -3
v 0.0999999 3.7 -3
v 0.2 3.7 -3
v -4.2 3.7 -3.1
v -4.1 3.7 -3.1
v -4 3.7 -3.1
v -3.9 3.7 -3.1
v -3.8 3.7 -3.1
v -3.5 3.7 -3.1
v -3.4 3.7 -3.1
v -3.3 3.7 -3.1
v -3.2 3.7 -3.1
v -3.1 3.7 -3.1
v -3 3.7 -3.1
v -2.9 3.7 -3.1
v -2.8 3.7 -3.1
v -2.7 3.7 -3.1
v -2.6 3.7 -3.1
v -2.5 3.7 -3.1
v -2.4 3.7 -3.1
v -2.3 3.7 -3.1
v -2.2 3.7 -3.1
v -2 3.7 -3.1
v -1.9 3.7 -3.1
v -1.8 3.7 -3.1
v -1.7 3.7 -3.1
v -1.6 3.7 -3.1
v -1.5 3.7 -3.1
v -1.4 3.7 -3.1
v -1.3 3.7 -3.1
v -1.2 3.7 -3.1
v -1.1 3.7 -3.1
v -0.9 3.7 -3.1
v -0.8 3.7 -3.1
v -0.5 3.7 -3.1
v -0.4 3.7 -3.1
v -0.3 3.7 -3.1
v -0.2 3.7 -3.1
v 0 3.7 -3.1
v 0.0999999 3.7 -3.1
v 0.2 3.7 -3.1
v -4.1 3.7 -3.2
v -4 3.7 -3.2
v -3.9 3.7 -3.2
v -3.8 3.7 -3.2
v -3.5 3.7 -3.2
v -3.4 3.7 -3.2
v -3.3 3.7 -3.2
v -3.2 3.7 -3.2
v -3.1 3.7 -3.2
v -3 3.7 -3.2
v -2.8 3.7 -3.2
v -2.7 3.7 -3.2
v -2.6 3.7 -3.2
v -2.5 3.7 -3.2
v -2.4 3.7 -3.2
v -2.3 3.7 -3.2
v -2 3.7 -3.2
v -1.8 3.7 -3.2
v -1.7 3.7 -3.2
v -1.6 3.7 -3.2
v -1.5 3.7 -3.2
v -1.4 3.7 -3.2
v -1.3 3.7 -3.2
v -1.2 3.7 -3.2
v -0.9 3.7 -3.2
v -0.8 3.7 -3.2
v -0.5 3.7 -3.2
v -0.2 3.7 -3.2
v 0 3.7 -3.2
v 0.0999999 3.7 -3.2
v -4.1 3.8 1.1
v -3.9 3.8 1.1
v -3.8 3.8 1.1
v -3.5 3.8 1.1
v -3.3 3.8 1.1
v -3 3.8 1.1
v -2.8 3.8 1.1
v -2.6 3.8 1.1
v -2.4 3.8 1.1
v -2.3 3.8 1.1
v -2.2 3.8 1.1
v -2 3.8 1.1
v -1.8 3.8 1.1
v -1.7 3.8 1.1
v -1.6 3.8 1.1
v -1.5 3.8 1.1
v -1.4 3.8 1.1
v -1.2 3.8 1.1
v -1.1 3.8 1.1
v -0.9 3.8 1.1
v -0.8 3.8 1.1
v -0.5 3.8 1.1
v -0.2 3.8 1.1
v 0 3.8 1.1
v 0.0999999 3.8 1.1
v -4 3.8 1
v -3.9 3.8 1
v -3.8 3.8 1
v -3.5 3.8 1
v -3.3 3.8 1
v -3 3.8 1
v -2.8 3.8 1
v -2.6 3.8 1
v -2.4 3.8 1
v -2.3 3.8 1
v -2.2 3.8 1
v -2 3.8 1
v -1.8 3.8 1
v -1.7 3.8 1
v -1.6 3.8 1
v -1.5 3.8 1
v -1.4 3.8 1
v -1.2 3.8 1
v -1.1 3.8 1
v -0.9 3.8 1
v -0.8 3.8 1
v -0.5 3.8 1
v -0.2 3.8 1
v 0 3.8 1
v -4.1 3.8 0.9
v -4 3.8 0.9
v 0 3.8 0.9
v 0.0999999 3.8 0.9
v -4.1 3.8 0.8
v -4 3.8 0.8
v 0 3.8 0.8
v 0.0999999 3.8 0.8
v -4.1 3.8 0.5
v -4 3.8 0.5
v 0 3.8 0.5
v 0.0999999 3.8 0.5
v -4.1 3.8 0.3
v -4 3.8 0.3
v 0 3.8 0.3
v 0.0999999 3.8 0.3
v -4.1 3.8 0
v -4 3.8 0
v 0 3.8 0
v 0.0999999 3.8 0
v -4.1 3.8 -0.2
v -4 3.8 -0.2
v 0 3.8 -0.2
v 0.0999999 3.8 -0.2
v -4.1 3.8 -0.4
v -4 3.8 -0.4
v 0 3.8 -0.4
v 0.0999999 3.8 -0.4
v -4.1 3.8 -0.6
v -4 3.8 -0.6
v 0 3.8 -0.6
v 0.0999999 3.8 -0.6
v -4.1 3.8 -0.7
v -4 3.8 -0.7
v 0 3.8 -0.7
v 0.0999999 3.8 -0.7
v -4.1 3.8 -0.8
v -4 3.8 -0.8
v 0 3.8 -0.8
v 0.0999999 3.8 -0.8
v -4.1 3.8 -1
v -4 3.8 -1
v 0 3.8 -1
v 0.0999999 3.8 -1
v -4.1 3.8 -1.2
v -4 3.8 -1.2
v 0 3.8 -1.2
v 0.0999999 3.8 -1.2
v -4.1 3.8 -1.3
v -4 3.8 -1.3
v 0 3.8 -1.3
v 0.0999999 3.8 -1.3
v -4.1 3.8 -1.4
v -4 3.8 -1.4
v 0 3.8 -1.4
v 0.0999999 3.8 -1.4
v -4.1 3.8 -1.5
v -4 3.8 -1.5
v 0 3.8 -1.5
v 0.0999999 3.8 -1.5
v -4.1 3.8 -1.6
v -4 3.8 -1.6
v 0 3.8 -1.6
v 0.0999999 3.8 -1.6
v -4.1 3.8 -1.8
v -4 3.8 -1.8
v 0 3.8 -1.8
v 0.0999999 3.8 -1.8
v -4.1 3.8 -1.9
v -4 3.8 -1.9
v 0 3.8 -1.9
v 0.0999999 3.8 -1.9
v -4.1 3.8 -2.1
v -4 3.8 -2.1
v 0 3.8 -2.1
v 0.0999999 3.8 -2.1
v -4.1 3.8 -2.2
v -4 3.8 -2.2
v 0 3.8 -2.2
v 0.0999999 3.8 -2.2
v -4.1 3.8 -2.5
v -4 3.8 -2.5
v 0 3.8 -2.5
v 0.0999999 3.8 -2.5
v -4.1 3.8 -2.8
v -4 3.8 -2.8
v 0 3.8 -2.8
v 0.0999999 3.8 -2.8
v -4 3.8 -3
v -3.9 3.8 -3
v -3.8 3.8 -3
v -3.5 3.8 -3
v -3.3 3.8 -3
v -3 3.8 -3
v -2.8 3.8 -3
v -2.6 3.8 -3
v -2.4 3.8 -3
v -2.3 3.8 -3
v -2.2 3.8 -3
v -2 3.8 -3
v -1.8 3.8 -3
v -1.7 3.8 -3
v -1.6 3.8 -3
v -1.5 3.8 -3
v -1.4 3.8 -3
v -1.2 3.8 -3
v -1.1 3.8 -3
v -0.9 3.8 -3
v -0.8 3.8 -3
v -0.5 3.8 -3
v -0.2 3.8 -3
v 0 3.8 -3
v -4.1 3.8 -3.1
v -4 3.8 -3.1
v -3.9 3.8 -3.1
v -3.8 3.8 -3.1
v -3.5 3.8 -3.1
v -3.3 3.8 -3.1
v -3 3.8 -3.1
v -2.8 3.8 -3.1
v -2.6 3.8 -3.1
v -2.4 3.8 -3.1
v -2.3 3.8 -3.1
v -2.2 3.8 -3.1
v -2 3.8 -3.1
v -1.8 3.8 -3.1
v -1.7 3.8 -3.1
v -1.6 3.8 -3.1
v -1.5 3.8 -3.1
v -1.4 3.8 -3.1
v -1.2 3.8 -3.1
v -1.1 3.8 -3.1
v -0.9 3.8 -3.1
v -0.8 3.8 -3.1
v -0.5 3.8 -3.1
v -0.2 3.8 -3.1
v 0.0999999 3.8 -3.1
v -3.6 4.2 1
v -3.5 4.2 1
v -2.8 4.2 1
v -2.7 4.2 1
v -1.3 4.2 1
v -1.2 4.2 1
v -1.3 4.2 0.9
v -2.7 4.2 0.8
v -1.3 4.2 0.8
v -1.2 4.2 0.8
v -2.7 4.2 0.7
v -1.3 4.2 0.7
v -1.2 4.2 0.7
v -4 4.2 0.6
v -3.6 4.2 0.6
v -3.5 4.2 0.6
v -2.8 4.2 0.6
v -2.7 4.2 0.6
v -2.6 4.2 0.6
v -1.4 4.2 0.6
v -1.3 4.2 0.6
v -1.2 4.2 0.6
v 0 4.2 0.6
v -4 4.2 0.5
v -3.2 4.2 0.5
v -3.1 4.2 0.5
v -1.9 4.2 0.5
v -1.8 4.2 0.5
v 0 4.2 0.5
v -3.1 4.2 0.4
v -1.8 4.2 0.4
v -3.1 4.2 0.3
v -1.8 4.2 0.3
v -3.1 4.2 0.2
v -1.8 4.2 0.2
v -3.2 4.2 0.1
v -1.9 4.2 0.1
v -3.2 4.2 0
v -1.9 4.2 0
v -3.2 4.2 -0.0999999
v -1.9 4.2 -0.0999999
v -4 4.2 -0.2
v -3.2 4.2 -0.2
v -3.1 4.2 -0.2
v -1.9 4.2 -0.2
v -1.8 4.2 -0.2
v 0 4.2 -0.2
v -4 4.2 -0.3
v -3.7 4.2 -0.3
v -3.6 4.2 -0.3
v -3.2 4.2 -0.3
v -3.1 4.2 -0.3
v -3 4.2 -0.3
v -2.6 4.2 -0.3
v -2.4 4.2 -0.3
v -2.3 4.2 -0.3
v -2 4.2 -0.3
v -1.8 4.2 -0.3
v -1.7 4.2 -0.3
v -1.5 4.2 -0.3
v -1.4 4.2 -0.3
v -1.1 4.2 -0.3
v -1 4.2 -0.3
v -0.8 4.2 -0.3
v -0.7 4.2 -0.3
v -0.6 4.2 -0.3
v -0.5 4.2 -0.3
v -0.3 4.2 -0.3
v -0.2 4.2 -0.3
v 0 4.2 -0.3
v -2.3 4.2 -0.4
v -2.2 4.2 -0.4
v -2.1 4.2 -0.4
v -2 4.2 -0.4
v -1 4.2 -0.4
v -0.9 4.2 -0.4
v -0.8 4.2 -0.4
v -2.1 4.2 -0.5
v -2.2 4.2 -0.6
v -2.1 4.2 -0.6
v -0.9 4.2 -0.6
v -2.2 4.2 -0.7
v -0.9 4.2 -0.7
v -2.2 4.2 -0.8
v -2.1 4.2 -0.8
v -0.9 4.2 -0.8
v -2.1 4.2 -0.9
v -2.2 4.2 -1.1
v -0.9 4.2 -1.1
v -2.2 4.2 -1.2
v -2.1 4.2 -1.2
v -0.9 4.2 -1.2
v -2.2 4.2 -1.3
v -2.1 4.2 -1.3
v -0.9 4.2 -1.3
v -2.2 4.2 -1.4
v -0.9 4.2 -1.4
v -2.2 4.2 -1.5
v -0.9 4.2 -1.5
v -2.3 4.2 -1.6
v -2.2 4.2 -1.6
v -2.1 4.2 -1.6
v -2 4.2 -1.6
v -1 4.2 -1.6
v -0.9 4.2 -1.6
v -0.8 4.2 -1.6
v -4 4.2 -1.7
v -3.8 4.2 -1.7
v -3.4 4.2 -1.7
v -3.3 4.2 -1.7
v -3.2 4.2 -1.7
v -2.8 4.2 -1.7
v -2.7 4.2 -1.7
v -2.4 4.2 -1.7
v -2.3 4.2 -1.7
v -2 4.2 -1.7
v -1.9 4.2 -1.7
v -1.6 4.2 -1.7
v -1.5 4.2 -1.7
v -1.3 4.2 -1.7
v -1.2 4.2 -1.7
v -1 4.2 -1.7
v -0.8 4.2 -1.7
v -0.7 4.2 -1.7
v -0.6 4.2 -1.7
v -0.4 4.2 -1.7
v -0.3 4.2 -1.7
v 0 4.2 -1.7
v -4 4.2 -1.8
v -3.9 4.2 -1.8
v -3.8 4.2 -1.8
v -3.7 4.2 -1.8
v -3.6 4.2 -1.8
v -3.5 4.2 -1.8
v -3.1 4.2 -1.8
v -3 4.2 -1.8
v -2.9 4.2 -1.8
v -2.8 4.2 -1.8
v -2.6 4.2 -1.8
v -2.3 4.2 -1.8
v -2.2 4.2 -1.8
v -1.9 4.2 -1.8
v -1.8 4.2 -1.8
v -1.6 4.2 -1.8
v -1.5 4.2 -1.8
v -1.4 4.2 -1.8
v -1.1 4.2 -1.8
v -0.9 4.2 -1.8
v -0.8 4.2 -1.8
v -0.7 4.2 -1.8
v -0.4 4.2 -1.8
v -0.3 4.2 -1.8
v -0.2 4.2 -1.8
v -0.0999999 4.2 -1.8
v 0 4.2 -1.8
v -3.6 4.2 -1.9
v -2.7 4.2 -1.9
v -2.6 4.2 -1.9
v -1.4 4.2 -1.9
v -1.3 4.2 -1.9
v -1.2 4.2 -1.9
v -1.1 4.2 -1.9
v -2.7 4.2 -2.1
v -1.3 4.2 -2.1
v -1.2 4.2 -2.1
v -1.3 4.2 -2.2
v -2.7 4.2 -2.3
v -1.2 4.2 -2.3
v -2.7 4.2 -2.4
v -1.2 4.2 -2.4
v -2.7 4.2 -2.5
v -1.3 4.2 -2.5
v -1.2 4.2 -2.5
v -1.3 4.2 -2.6
v -1.3 4.2 -2.9
v -3.6 4.2 -3
v -3.5 4.2 -3
v -2.8 4.2 -3
v -2.7 4.2 -3
v -1.3 4.2 -3
v -1.2 4.2 -3
v -2.7 4.3 1.1
v -2.6 4.3 1.1
v -1.4 4.3 1.1
v -1.3 4.3 1.1
v -1.2 4.3 1.1
v -1.1 4.3 1.1
v -2.7 4.3 1
v -2.6 4.3 1
v -1.4 4.3 1
v -1.1 4.3 1
v -1.4 4.3 0.9
v -1.3 4.3 0.9
v -2.7 4.3 0.8
v -2.6 4.3 0.8
v -1.4 4.3 0.8
v -1.3 4.3 0.8
v -1.2 4.3 0.8
v -1.1 4.3 0.8
v -2.7 4.3 0.7
v -2.6 4.3 0.7
v -1.4 4.3 0.7
v -1.3 4.3 0.7
v -1.2 4.3 0.7
v -1.1 4.3 0.7
v -2.7 4.3 0.6
v -2.6 4.3 0.6
v -1.4 4.3 0.6
v -1.3 4.3 0.6
v -1.2 4.3 0.6
v -1.1 4.3 0.6
v -3.3 4.3 0.5
v -3.2 4.3 0.5
v -3.1 4.3 0.5
v -3 4.3 0.5
v -2 4.3 0.5
v -1.9 4.3 0.5
v -1.8 4.3 0.5
v -1.7 4.3 0.5
v -3.3 4.3 0.4
v -3.1 4.3 0.4
v -3 4.3 0.4
v -2 4.3 0.4
v -1.8 4.3 0.4
v -1.7 4.3 0.4
v -3.1 4.3 0.3
v -3 4.3 0.3
v -1.8 4.3 0.3
v -1.7 4.3 0.3
v -3.3 4.3 0.2
v -3.1 4.3 0.2
v -3 4.3 0.2
v -2 4.3 0.2
v -1.8 4.3 0.2
v -1.7 4.3 0.2
v -3.3 4.3 0.1
v -3.2 4.3 0.1
v -2 4.3 0.1
v -1.9 4.3 0.1
v -3.3 4.3 0
v -3.2 4.3 0
v -2 4.3 0
v -1.9 4.3 0
v -3.3 4.3 -0.0999999
v -3.2 4.3 -0.0999999
v -2 4.3 -0.0999999
v -1.9 4.3 -0.0999999
v -1.7 4.3 -0.0999999
v -3.3 4.3 -0.2
v -3.2 4.3 -0.2
v -3.1 4.3 -0.2
v -3 4.3 -0.2
v -2 4.3 -0.2
v -1.9 4.3 -0.2
v -1.8 4.3 -0.2
v -1.7 4.3 -0.2
v -4.1 4.3 -0.3
v -4 4.3 -0.3
v -3.7 4.3 -0.3
v -3.6 4.3 -0.3
v -3.2 4.3 -0.3
v -3.1 4.3 -0.3
v -3 4.3 -0.3
v -2.6 4.3 -0.3
v -2.4 4.3 -0.3
v -2.3 4.3 -0.3
v -2 4.3 -0.3
v -1.8 4.3 -0.3
v -1.7 4.3 -0.3
v -1.5 4.3 -0.3
v -1.4 4.3 -0.3
v -1.1 4.3 -0.3
v -1 4.3 -0.3
v -0.8 4.3 -0.3
v -0.7 4.3 -0.3
v -0.6 4.3 -0.3
v -0.5 4.3 -0.3
v -0.3 4.3 -0.3
v -0.2 4.3 -0.3
v 0 4.3 -0.3
v 0.0999999 4.3 -0.3
v -4.1 4.3 -0.4
v -4 4.3 -0.4
v -3.7 4.3 -0.4
v -3.6 4.3 -0.4
v -3.5 4.3 -0.4
v -3.2 4.3 -0.4
v -3.1 4.3 -0.4
v -3 4.3 -0.4
v -2.6 4.3 -0.4
v -2.4 4.3 -0.4
v -2.3 4.3 -0.4
v -2.2 4.3 -0.4
v -2.1 4.3 -0.4
v -2 4.3 -0.4
v -1.8 4.3 -0.4
v -1.7 4.3 -0.4
v -1.5 4.3 -0.4
v -1.4 4.3 -0.4
v -1.1 4.3 -0.4
v -1 4.3 -0.4
v -0.9 4.3 -0.4
v -0.8 4.3 -0.4
v -0.7 4.3 -0.4
v -0.6 4.3 -0.4
v -0.5 4.3 -0.4
v -0.3 4.3 -0.4
v -0.2 4.3 -0.4
v 0 4.3 -0.4
v 0.0999999 4.3 -0.4
v -2.1 4.3 -0.5
v -2 4.3 -0.5
v -1 4.3 -0.5
v -2.3 4.3 -0.6
v -2.2 4.3 -0.6
v -2.1 4.3 -0.6
v -2 4.3 -0.6
v -1 4.3 -0.6
v -0.9 4.3 -0.6
v -2.3 4.3 -0.7
v -2.2 4.3 -0.7
v -1 4.3 -0.7
v -0.9 4.3 -0.7
v -2.3 4.3 -0.8
v -2.2 4.3 -0.8
v -2.1 4.3 -0.8
v -2 4.3 -0.8
v -1 4.3 -0.8
v -0.9 4.3 -0.8
v -2.1 4.3 -0.9
v -2 4.3 -0.9
v -1 4.3 -0.9
v -2.3 4.3 -1
v -2.3 4.3 -1.1
v -2.2 4.3 -1.1
v -1 4.3 -1.1
v -0.9 4.3 -1.1
v -2.3 4.3 -1.2
v -2.2 4.3 -1.2
v -2.1 4.3 -1.2
v -2 4.3 -1.2
v -1 4.3 -1.2
v -0.9 4.3 -1.2
v -2.3 4.3 -1.3
v -2.2 4.3 -1.3
v -2.1 4.3 -1.3
v -2 4.3 -1.3
v -1 4.3 -1.3
v -0.9 4.3 -1.3
v -2.3 4.3 -1.4
v -2.2 4.3 -1.4
v -1 4.3 -1.4
v -0.9 4.3 -1.4
v -2.3 4.3 -1.5
v -2.2 4.3 -1.5
v -1 4.3 -1.5
v -0.9 4.3 -1.5
v -4.1 4.3 -1.6
v -4 4.3 -1.6
v -3.8 4.3 -1.6
v -3.4 4.3 -1.6
v -3.3 4.3 -1.6
v -3.2 4.3 -1.6
v -3.1 4.3 -1.6
v -3 4.3 -1.6
v -2.8 4.3 -1.6
v -2.7 4.3 -1.6
v -2.6 4.3 -1.6
v -2.5 4.3 -1.6
v -2.4 4.3 -1.6
v -2.3 4.3 -1.6
v -2.2 4.3 -1.6
v -2.1 4.3 -1.6
v -2 4.3 -1.6
v -1.9 4.3 -1.6
v -1.6 4.3 -1.6
v -1.5 4.3 -1.6
v -1.3 4.3 -1.6
v -1.2 4.3 -1.6
v -1.1 4.3 -1.6
v -1 4.3 -1.6
v -0.9 4.3 -1.6
v -0.8 4.3 -1.6
v -0.7 4.3 -1.6
v -0.6 4.3 -1.6
v -0.4 4.3 -1.6
v -0.3 4.3 -1.6
v -0.2 4.3 -1.6
v -0.0999999 4.3 -1.6
v 0.0999999 4.3 -1.6
v -4.1 4.3 -1.7
v -4 4.3 -1.7
v -3.8 4.3 -1.7
v -3.4 4.3 -1.7
v -3.3 4.3 -1.7
v -3.2 4.3 -1.7
v -2.8 4.3 -1.7
v -2.7 4.3 -1.7
v -2.4 4.3 -1.7
v -2.3 4.3 -1.7
v -2 4.3 -1.7
v -1.9 4.3 -1.7
v -1.6 4.3 -1.7
v -1.5 4.3 -1.7
v -1.3 4.3 -1.7
v -1.2 4.3 -1.7
v -1 4.3 -1.7
v -0.8 4.3 -1.7
v -0.7 4.3 -1.7
v -0.6 4.3 -1.7
v -0.4 4.3 -1.7
v -0.3 4.3 -1.7
v 0.0999999 4.3 -1.7
v -4.1 4.3 -1.8
v -3.9 4.3 -1.8
v -3.8 4.3 -1.8
v -3.7 4.3 -1.8
v -3.6 4.3 -1.8
v -3.5 4.3 -1.8
v -3.1 4.3 -1.8
v -3 4.3 -1.8
v -2.9 4.3 -1.8
v -2.8 4.3 -1.8
v -2.6 4.3 -1.8
v -2.3 4.3 -1.8
v -2.2 4.3 -1.8
v -1.9 4.3 -1.8
v -1.8 4.3 -1.8
v -1.6 4.3 -1.8
v -1.5 4.3 -1.8
v -1.4 4.3 -1.8
v -1.1 4.3 -1.8
v -0.9 4.3 -1.8
v -0.8 4.3 -1.8
v -0.7 4.3 -1.8
v -0.4 4.3 -1.8
v -0.3 4.3 -1.8
v -0.2 4.3 -1.8
v -0.0999999 4.3 -1.8
v 0 4.3 -1.8
v 0.0999999 4.3 -1.8
v -4.1 4.3 -1.9
v -4 4.3 -1.9
v -3.9 4.3 -1.9
v -3.8 4.3 -1.9
v -3.7 4.3 -1.9
v -3.6 4.3 -1.9
v -3.5 4.3 -1.9
v -3.4 4.3 -1.9
v -3.2 4.3 -1.9
v -3.1 4.3 -1.9
v -3 4.3 -1.9
v -2.9 4.3 -1.9
v -2.8 4.3 -1.9
v -2.7 4.3 -1.9
v -2.6 4.3 -1.9
v -2.5 4.3 -1.9
v -2.3 4.3 -1.9
v -2.2 4.3 -1.9
v -2.1 4.3 -1.9
v -1.9 4.3 -1.9
v -1.8 4.3 -1.9
v -1.7 4.3 -1.9
v -1.6 4.3 -1.9
v -1.5 4.3 -1.9
v -1.4 4.3 -1.9
v -1.3 4.3 -1.9
v -1.2 4.3 -1.9
v -1.1 4.3 -1.9
v -1 4.3 -1.9
v -0.9 4.3 -1.9
v -0.8 4.3 -1.9
v -0.7 4.3 -1.9
v -0.6 4.3 -1.9
v -0.4 4.3 -1.9
v -0.3 4.3 -1.9
v -0.2 4.3 -1.9
v -0.0999999 4.3 -1.9
v 0 4.3 -1.9
v 0.0999999 4.3 -1.9
v -1.4 4.3 -2
v -2.7 4.3 -2.1
v -2.6 4.3 -2.1
v -1.4 4.3 -2.1
v -1.3 4.3 -2.1
v -1.2 4.3 -2.1
v -1.1 4.3 -2.1
v -1.4 4.3 -2.2
v -1.3 4.3 -2.2
v -2.7 4.3 -2.3
v -2.6 4.3 -2.3
v -1.4 4.3 -2.3
v -1.2 4.3 -2.3
v -1.1 4.3 -2.3
v -2.7 4.3 -2.4
v -2.6 4.3 -2.4
v -1.4 4.3 -2.4
v -1.2 4.3 -2.4
v -1.1 4.3 -2.4
v -2.7 4.3 -2.5
v -2.6 4.3 -2.5
v -1.4 4.3 -2.5
v -1.3 4.3 -2.5
v -1.2 4.3 -2.5
v -1.1 4.3 -2.5
v -1.4 4.3 -2.6
v -1.3 4.3 -2.6
v -2.6 4.3 -2.7
v -1.1 4.3 -2.7
v -2.6 4.3 -2.8
v -1.1 4.3 -2.8
v -1.4 4.3 -2.9
v -1.3 4.3 -2.9
v -2.7 4.3 -3
v -2.6 4.3 -3
v -1.4 4.3 -3
v -1.3 4.3 -3
v -1.2 4.3 -3
v -1.1 4.3 -3
v -2.7 4.3 -3.1
v -2.6 4.3 -3.1
v -1.4 4.3 -3.1
v -1.3 4.3 -3.1
v -1.2 4.3 -3.1
v -1.1 4.3 -3.1
v -4.1 4.4 1.2
v -3.9 4.4 1.2
v -3.8 4.4 1.2
v -3.7 4.4 1.2
v -3.5 4.4 1.2
v -3.4 4.4 1.2
v -3.3 4.4 1.2
v -3.2 4.4 1.2
v -2.9 4.4 1.2
v -2.8 4.4 1.2
v -2.6 4.4 1.2
v -2.3 4.4 1.2
v -2.2 4.4 1.2
v -2.1 4.4 1.2
v -2 4.4 1.2
v -1.9 4.4 1.2
v -1.8 4.4 1.2
v -1.7 4.4 1.2
v -1.5 4.4 1.2
v -1.4 4.4 1.2
v -1.1 4.4 1.2
v -0.8 4.4 1.2
v -0.7 4.4 1.2
v -0.5 4.4 1.2
v -0.4 4.4 1.2
v -0.2 4.4 1.2
v 0.0999999 4.4 1.2
v -4.2 4.4 1.1
v -4.1 4.4 1.1
v -3.9 4.4 1.1
v -3.8 4.4 1.1
v -3.7 4.4 1.1
v -3.6 4.4 1.1
v -3.5 4.4 1.1
v -3.4 4.4 1.1
v -3.3 4.4 1.1
v -3.2 4.4 1.1
v -3.1 4.4 1.1
v -3 4.4 1.1
v -2.9 4.4 1.1
v -2.8 4.4 1.1
v -2.6 4.4 1.1
v -2.3 4.4 1.1
v -2.2 4.4 1.1
v -2.1 4.4 1.1
v -2 4.4 1.1
v -1.9 4.4 1.1
v -1.8 4.4 1.1
v -1.7 4.4 1.1
v -1.5 4.4 1.1
v -1.4 4.4 1.1
v -1.1 4.4 1.1
v -1 4.4 1.1
v -0.8 4.4 1.1
v -0.7 4.4 1.1
v -0.6 4.4 1.1
v -0.5 4.4 1.1
v -0.4 4.4 1.1
v -0.2 4.4 1.1
v 0 4.4 1.1
v 0.0999999 4.4 1.1
v 0.2 4.4 1.1
v -3.9 4.4 1
v -3.7 4.4 1
v -3.6 4.4 1
v -3.5 4.4 1
v -3.3 4.4 1
v -3.2 4.4 1
v -3.1 4.4 1
v -3 4.4 1
v -2.9 4.4 1
v -2.8 4.4 1
v -2.5 4.4 1
v -2.3 4.4 1
v -2.2 4.4 1
v -2.1 4.4 1
v -1.9 4.4 1
v -1.7 4.4 1
v -1.5 4.4 1
v -1.4 4.4 1
v -1.1 4.4 1
v -1 4.4 1
v -0.9 4.4 1
v -0.6 4.4 1
v -0.5 4.4 1
v 0 4.4 1
v 0.0999999 4.4 1
v -4.2 4.4 0.9
v -4.1 4.4 0.9
v -4 4.4 0.9
v -3.9 4.4 0.9
v -3.8 4.4 0.9
v -3.3 4.4 0.9
v -3.2 4.4 0.9
v -3.1 4.4 0.9
v -3 4.4 0.9
v -2.5 4.4 0.9
v -2.4 4.4 0.9
v -2.3 4.4 0.9
v -2.2 4.4 0.9
v -2.1 4.4 0.9
v -2 4.4 0.9
v -1.9 4.4 0.9
v -1.8 4.4 0.9
v -1.7 4.4 0.9
v -1.5 4.4 0.9
v -1.4 4.4 0.9
v -1 4.4 0.9
v -0.9 4.4 0.9
v -0.7 4.4 0.9
v -0.6 4.4 0.9
v -0.5 4.4 0.9
v -0.0999999 4.4 0.9
v 0.0999999 4.4 0.9
v 0.2 4.4 0.9
v -4.2 4.4 0.8
v -4.1 4.4 0.8
v -4 4.4 0.8
v -3.9 4.4 0.8
v -3.8 4.4 0.8
v -3.7 4.4 0.8
v -3.6 4.4 0.8
v -3.5 4.4 0.8
v -3.4 4.4 0.8
v -3.3 4.4 0.8
v -3.1 4.4 0.8
v -3 4.4 0.8
v -2.9 4.4 0.8
v -2.8 4.4 0.8
v -2.4 4.4 0.8
v -2.3 4.4 0.8
v -2.2 4.4 0.8
v -2 4.4 0.8
v -1.9 4.4 0.8
v -1.8 4.4 0.8
v -1.7 4.4 0.8
v -1.4 4.4 0.8
v -1 4.4 0.8
v -0.9 4.4 0.8
v -0.8 4.4 0.8
v -0.7 4.4 0.8
v -0.6 4.4 0.8
v -0.5 4.4 0.8
v -0.4 4.4 0.8
v -0.3 4.4 0.8
v -0.2 4.4 0.8
v -0.0999999 4.4 0.8
v 0 4.4 0.8
v 0.0999999 4.4 0.8
v 0.2 4.4 0.8
v -4.2 4.4 0.7
v -4.1 4.4 0.7
v -4 4.4 0.7
v -3.8 4.4 0.7
v -3.7 4.4 0.7
v -3.6 4.4 0.7
v -3.5 4.4 0.7
v -3.4 4.4 0.7
v -3.2 4.4 0.7
v -3.1 4.4 0.7
v -3 4.4 0.7
v -2.9 4.4 0.7
v -2.8 4.4 0.7
v -2.6 4.4 0.7
v -2.5 4.4 0.7
v -2.4 4.4 0.7
v -2.1 4.4 0.7
v -2 4.4 0.7
v -1.7 4.4 0.7
v -1.6 4.4 0.7
v -1.4 4.4 0.7
v -1.1 4.4 0.7
v -1 4.4 0.7
v -0.9 4.4 0.7
v -0.8 4.4 0.7
v -0.6 4.4 0.7
v -0.5 4.4 0.7
v -0.4 4.4 0.7
v -0.3 4.4 0.7
v -0.2 4.4 0.7
v -0.0999999 4.4 0.7
v 0 4.4 0.7
v 0.0999999 4.4 0.7
v 0.2 4.4 0.7
v -4.1 4.4 0.6
v -4 4.4 0.6
v -3.9 4.4 0.6
v -3.8 4.4 0.6
v -3.7 4.4 0.6
v -3.6 4.4 0.6
v -3.5 4.4 0.6
v -3.4 4.4 0.6
v -3.3 4.4 0.6
v -3.2 4.4 0.6
v -3.1 4.4 0.6
v -2.9 4.4 0.6
v -2.8 4.4 0.6
v -2.6 4.4 0.6
v -2.5 4.4 0.6
v -2.4 4.4 0.6
v -2.3 4.4 0.6
v -2.1 4.4 0.6
v -2 4.4 0.6
v -1.8 4.4 0.6
v -1.7 4.4 0.6
v -1.6 4.4 0.6
v -1.4 4.4 0.6
v -1.1 4.4 0.6
v -1 4.4 0.6
v -0.9 4.4 0.6
v -0.8 4.4 0.6
v -0.6 4.4 0.6
v -0.5 4.4 0.6
v -0.4 4.4 0.6
v -0.3 4.4 0.6
v -0.0999999 4.4 0.6
v 0.0999999 4.4 0.6
v -4.2 4.4 0.5
v -3.9 4.4 0.5
v -3.8 4.4 0.5
v -3.7 4.4 0.5
v -3.6 4.4 0.5
v -3.5 4.4 0.5
v -3.4 4.4 0.5
v -3.3 4.4 0.5
v -3 4.4 0.5
v -2.9 4.4 0.5
v -2.7 4.4 0.5
v -2.6 4.4 0.5
v -2.5 4.4 0.5
v -2.4 4.4 0.5
v -2.3 4.4 0.5
v -2.1 4.4 0.5
v -2 4.4 0.5
v -1.7 4.4 0.5
v -1.4 4.4 0.5
v -1.1 4.4 0.5
v -0.8 4.4 0.5
v -0.6 4.4 0.5
v -0.2 4.4 0.5
v -0.0999999 4.4 0.5
v 0 4.4 0.5
v 0.2 4.4 0.5
v -4.2 4.4 0.4
v -3.9 4.4 0.4
v -3.8 4.4 0.4
v -3.7 4.4 0.4
v -3.6 4.4 0.4
v -3.5 4.4 0.4
v -3.4 4.4 0.4
v -3.3 4.4 0.4
v -3 4.4 0.4
v -2.9 4.4 0.4
v -2.7 4.4 0.4
v -2.6 4.4 0.4
v -2.5 4.4 0.4
v -2.4 4.4 0.4
v -2.3 4.4 0.4
v -2.2 4.4 0.4
v -2.1 4.4 0.4
v -2 4.4 0.4
v -1.7 4.4 0.4
v -1.6 4.4 0.4
v -1.4 4.4 0.4
v -1.3 4.4 0.4
v -1.2 4.4 0.4
v -0.8 4.4 0.4
v -0.7 4.4 0.4
v 0.0999999 4.4 0.4
v 0.2 4.4 0.4
v -4.2 4.4 0.3
v -4 4.4 0.3
v -3.9 4.4 0.3
v -3.8 4.4 0.3
v -3.7 4.4 0.3
v -3.6 4.4 0.3
v -3.5 4.4 0.3
v -3.4 4.4 0.3
v -3 4.4 0.3
v -2.9 4.4 0.3
v -2.7 4.4 0.3
v -2.6 4.4 0.3
v -2.4 4.4 0.3
v -2.3 4.4 0.3
v -2.2 4.4 0.3
v -2.1 4.4 0.3
v -1.7 4.4 0.3
v -1.6 4.4 0.3
v -1.3 4.4 0.3
v -1.2 4.4 0.3
v -1.1 4.4 0.3
v -0.8 4.4 0.3
v -0.7 4.4 0.3
v -0.6 4.4 0.3
v -0.2 4.4 0.3
v -0.0999999 4.4 0.3
v 0.0999999 4.4 0.3
v 0.2 4.4 0.3
v -4.2 4.4 0.2
v -4 4.4 0.2
v -3.9 4.4 0.2
v -3.7 4.4 0.2
v -3.6 4.4 0.2
v -3.5 4.4 0.2
v -3.3 4.4 0.2
v -3 4.4 0.2
v -2.9 4.4 0.2
v -2.6 4.4 0.2
v -2.4 4.4 0.2
v -2.3 4.4 0.2
v -2.2 4.4 0.2
v -2 4.4 0.2
v -1.7 4.4 0.2
v -1.6 4.4 0.2
v -1.5 4.4 0.2
v -1.4 4.4 0.2
v -1.1 4.4 0.2
v -1 4.4 0.2
v -0.9 4.4 0.2
v -0.8 4.4 0.2
v -0.7 4.4 0.2
v -0.6 4.4 0.2
v -0.2 4.4 0.2
v -0.0999999 4.4 0.2
v 0 4.4 0.2
v 0.0999999 4.4 0.2
v 0.2 4.4 0.2
v -4 4.4 0.1
v -3.9 4.4 0.1
v -3.7 4.4 0.1
v -3.5 4.4 0.1
v -3.3 4.4 0.1
v -2.9 4.4 0.1
v -2.6 4.4 0.1
v -2.4 4.4 0.1
v -2.3 4.4 0.1
v -2.2 4.4 0.1
v -2 4.4 0.1
v -1.6 4.4 0.1
v -1.5 4.4 0.1
v -1.1 4.4 0.1
v -1 4.4 0.1
v -0.9 4.4 0.1
v -0.8 4.4 0.1
v -0.6 4.4 0.1
v -0.2 4.4 0.1
v -0.0999999 4.4 0.1
v 0 4.4 0.1
v 0.0999999 4.4 0.1
v -4 4.4 0
v -3.9 4.4 0
v -3.7 4.4 0
v -3.6 4.4 0
v -3.5 4.4 0
v -3.3 4.4 0
v -2.9 4.4 0
v -2.6 4.4 0
v -2.5 4.4 0
v -2.3 4.4 0
v -2.2 4.4 0
v -2 4.4 0
v -1.5 4.4 0
v -1.4 4.4 0
v -1.3 4.4 0
v -1.2 4.4 0
v -1 4.4 0
v -0.7 4.4 0
v -0.6 4.4 0
v -0.5 4.4 0
v -0.2 4.4 0
v -0.0999999 4.4 0
v 0 4.4 0
v 0.0999999 4.4 0
v -4.2 4.4 -0.0999999
v -4.1 4.4 -0.0999999
v -3.7 4.4 -0.0999999
v -3.6 4.4 -0.0999999
v -3.5 4.4 -0.0999999
v -3.4 4.4 -0.0999999
v -2.6 4.4 -0.0999999
v -2.5 4.4 -0.0999999
v -2.3 4.4 -0.0999999
v -2.2 4.4 -0.0999999
v -2.1 4.4 -0.0999999
v -1.7 4.4 -0.0999999
v -1.5 4.4 -0.0999999
v -1.4 4.4 -0.0999999
v -1.3 4.4 -0.0999999
v -1.2 4.4 -0.0999999
v -0.9 4.4 -0.0999999
v -0.8 4.4 -0.0999999
v -0.6 4.4 -0.0999999
v -0.5 4.4 -0.0999999
v -0.2 4.4 -0.0999999
v -0.0999999 4.4 -0.0999999
v 0 4.4 -0.0999999
v 0.0999999 4.4 -0.0999999
v 0.2 4.4 -0.0999999
v -4.2 4.4 -0.2
v -4.1 4.4 -0.2
v -4 4.4 -0.2
v -3.9 4.4 -0.2
v -3.7 4.4 -0.2
v -3.4 4.4 -0.2
v -3.3 4.4 -0.2
v -3 4.4 -0.2
v -2.9 4.4 -0.2
v -2.6 4.4 -0.2
v -2.5 4.4 -0.2
v -2.3 4.4 -0.2
v -2.1 4.4 -0.2
v -2 4.4 -0.2
v -1.7 4.4 -0.2
v -1.5 4.4 -0.2
v -1.4 4.4 -0.2
v -1.2 4.4 -0.2
v -0.9 4.4 -0.2
v -0.8 4.4 -0.2
v -0.7 4.4 -0.2
v -0.5 4.4 -0.2
v -0.2 4.4 -0.2
v 0.0999999 4.4 -0.2
v 0.2 4.4 -0.2
v -4.2 4.4 -0.4
v -4.1 4.4 -0.4
v -4 4.4 -0.4
v -3.7 4.4 -0.4
v -3.6 4.4 -0.4
v -3.5 4.4 -0.4
v -3.2 4.4 -0.4
v -3.1 4.4 -0.4
v -2.4 4.4 -0.4
v -2.3 4.4 -0.4
v -2 4.4 -0.4
v -1.8 4.4 -0.4
v -1.7 4.4 -0.4
v -1.5 4.4 -0.4
v -1.4 4.4 -0.4
v -1 4.4 -0.4
v -0.8 4.4 -0.4
v -0.7 4.4 -0.4
v 0.0999999 4.4 -0.4
v 0.2 4.4 -0.4
v -4.1 4.4 -0.5
v -4 4.4 -0.5
v -3.8 4.4 -0.5
v -3.7 4.4 -0.5
v -3.6 4.4 -0.5
v -3.5 4.4 -0.5
v -3.4 4.4 -0.5
v -3.2 4.4 -0.5
v -3.1 4.4 -0.5
v -2.9 4.4 -0.5
v -2.8 4.4 -0.5
v -2.7 4.4 -0.5
v -2.4 4.4 -0.5
v -1.9 4.4 -0.5
v -1.8 4.4 -0.5
v -1.6 4.4 -0.5
v -1.5 4.4 -0.5
v -1.4 4.4 -0.5
v -1.3 4.4 -0.5
v -1.2 4.4 -0.5
v -1 4.4 -0.5
v -0.8 4.4 -0.5
v -0.7 4.4 -0.5
v -0.5 4.4 -0.5
v -0.4 4.4 -0.5
v -0.3 4.4 -0.5
v -0.2 4.4 -0.5
v -0.0999999 4.4 -0.5
v 0 4.4 -0.5
v -4.1 4.4 -0.6
v -4 4.4 -0.6
v -3.9 4.4 -0.6
v -3.8 4.4 -0.6
v -3.7 4.4 -0.6
v -3.4 4.4 -0.6
v -3.2 4.4 -0.6
v -2.9 4.4 -0.6
v -2.8 4.4 -0.6
v -2.7 4.4 -0.6
v -2.3 4.4 -0.6
v -1.9 4.4 -0.6
v -1.8 4.4 -0.6
v -1.6 4.4 -0.6
v -1.5 4.4 -0.6
v -1.2 4.4 -0.6
v -1 4.4 -0.6
v -0.8 4.4 -0.6
v -0.7 4.4 -0.6
v -0.5 4.4 -0.6
v -0.4 4.4 -0.6
v -0.3 4.4 -0.6
v -0.0999999 4.4 -0.6
v 0 4.4 -0.6
v -4.2 4.4 -0.7
v -4 4.4 -0.7
v -3.9 4.4 -0.7
v -3.7 4.4 -0.7
v -3.5 4.4 -0.7
v -3.4 4.4 -0.7
v -3.3 4.4 -0.7
v -3.2 4.4 -0.7
v -3.1 4.4 -0.7
v -3 4.4 -0.7
v -2.8 4.4 -0.7
v -2.7 4.4 -0.7
v -2.6 4.4 -0.7
v -2.5 4.4 -0.7
v -2.3 4.4 -0.7
v -1.9 4.4 -0.7
v -1.8 4.4 -0.7
v -1.7 4.4 -0.7
v -1.5 4.4 -0.7
v -1.4 4.4 -0.7
v -1.3 4.4 -0.7
v -1.2 4.4 -0.7
v -1 4.4 -0.7
v -0.8 4.4 -0.7
v -0.7 4.4 -0.7
v -0.6 4.4 -0.7
v -0.5 4.4 -0.7
v -0.4 4.4 -0.7
v -0.2 4.4 -0.7
v 0 4.4 -0.7
v 0.0999999 4.4 -0.7
v 0.2 4.4 -0.7
v -4.2 4.4 -0.8
v -4.1 4.4 -0.8
v -4 4.4 -0.8
v -3.4 4.4 -0.8
v -3.3 4.4 -0.8
v -3.1 4.4 -0.8
v -3 4.4 -0.8
v -2.6 4.4 -0.8
v -2.5 4.4 -0.8
v -2.3 4.4 -0.8
v -2 4.4 -0.8
v -1.6 4.4 -0.8
v -1.4 4.4 -0.8
v -1 4.4 -0.8
v -0.7 4.4 -0.8
v -0.6 4.4 -0.8
v -0.5 4.4 -0.8
v -0.4 4.4 -0.8
v -0.3 4.4 -0.8
v -0.2 4.4 -0.8
v 0 4.4 -0.8
v 0.0999999 4.4 -0.8
v 0.2 4.4 -0.8
v -4.2 4.4 -0.9
v -4.1 4.4 -0.9
v -4 4.4 -0.9
v -3.9 4.4 -0.9
v -3.8 4.4 -0.9
v -3.4 4.4 -0.9
v -3.2 4.4 -0.9
v -3.1 4.4 -0.9
v -3 4.4 -0.9
v -2.9 4.4 -0.9
v -2.5 4.4 -0.9
v -2.4 4.4 -0.9
v -2 4.4 -0.9
v -1.9 4.4 -0.9
v -1.6 4.4 -0.9
v -1.5 4.4 -0.9
v -1.4 4.4 -0.9
v -1.3 4.4 -0.9
v -1.1 4.4 -0.9
v -1 4.4 -0.9
v -0.8 4.4 -0.9
v -0.7 4.4 -0.9
v -0.6 4.4 -0.9
v -0.5 4.4 -0.9
v -0.4 4.4 -0.9
v -0.3 4.4 -0.9
v -0.2 4.4 -0.9
v 0 4.4 -0.9
v 0.0999999 4.4 -0.9
v 0.2 4.4 -0.9
v -4.2 4.4 -1
v -4.1 4.4 -1
v -4 4.4 -1
v -3.2 4.4 -1
v -3.1 4.4 -1
v -2.7 4.4 -1
v -2.6 4.4 -1
v -2.4 4.4 -1
v -2.3 4.4 -1
v -1.5 4.4 -1
v -1.4 4.4 -1
v -1.2 4.4 -1
v -1.1 4.4 -1
v -0.8 4.4 -1
v -0.7 4.4 -1
v -0.4 4.4 -1
v -0.3 4.4 -1
v 0.0999999 4.4 -1
v 0.2 4.4 -1
v -4.2 4.4 -1.1
v -4.1 4.4 -1.1
v -3.9 4.4 -1.1
v -3.8 4.4 -1.1
v -3.4 4.4 -1.1
v -3.3 4.4 -1.1
v -3.1 4.4 -1.1
v -3 4.4 -1.1
v -2.9 4.4 -1.1
v -2.7 4.4 -1.1
v -2.6 4.4 -1.1
v -2.5 4.4 -1.1
v -2.3 4.4 -1.1
v -1.9 4.4 -1.1
v -1.6 4.4 -1.1
v -1.4 4.4 -1.1
v -1.3 4.4 -1.1
v -1.2 4.4 -1.1
v -1 4.4 -1.1
v -0.5 4.4 -1.1
v -0.4 4.4 -1.1
v -0.3 4.4 -1.1
v -0.2 4.4 -1.1
v 0 4.4 -1.1
v 0.0999999 4.4 -1.1
v 0.2 4.4 -1.1
v -4.2 4.4 -1.2
v -4.1 4.4 -1.2
v -4 4.4 -1.2
v -3.8 4.4 -1.2
v -3.4 4.4 -1.2
v -3.3 4.4 -1.2
v -3.2 4.4 -1.2
v -3 4.4 -1.2
v -2.9 4.4 -1.2
v -2.7 4.4 -1.2
v -2.5 4.4 -1.2
v -2.4 4.4 -1.2
v -1.9 4.4 -1.2
v -1.6 4.4 -1.2
v -1.5 4.4 -1.2
v -1.4 4.4 -1.2
v -1.3 4.4 -1.2
v -1.2 4.4 -1.2
v -1.1 4.4 -1.2
v -1 4.4 -1.2
v -0.8 4.4 -1.2
v -0.7 4.4 -1.2
v -0.6 4.4 -1.2
v -0.4 4.4 -1.2
v -0.3 4.4 -1.2
v -0.2 4.4 -1.2
v 0.0999999 4.4 -1.2
v 0.2 4.4 -1.2
v -4.2 4.4 -1.3
v -4.1 4.4 -1.3
v -4 4.4 -1.3
v -3.9 4.4 -1.3
v -3.8 4.4 -1.3
v -3.4 4.4 -1.3
v -3.3 4.4 -1.3
v -3.2 4.4 -1.3
v -3 4.4 -1.3
v -2.9 4.4 -1.3
v -2.8 4.4 -1.3
v -2.7 4.4 -1.3
v -2.5 4.4 -1.3
v -2.4 4.4 -1.3
v -2.3 4.4 -1.3
v -1.9 4.4 -1.3
v -1.6 4.4 -1.3
v -1.5 4.4 -1.3
v -1.4 4.4 -1.3
v -1.3 4.4 -1.3
v -1.2 4.4 -1.3
v -1.1 4.4 -1.3
v -1 4.4 -1.3
v -0.8 4.4 -1.3
v -0.7 4.4 -1.3
v -0.6 4.4 -1.3
v -0.5 4.4 -1.3
v -0.4 4.4 -1.3
v -0.3 4.4 -1.3
v -0.2 4.4 -1.3
v 0 4.4 -1.3
v 0.0999999 4.4 -1.3
v 0.2 4.4 -1.3
v -3.9 4.4 -1.4
v -3.8 4.4 -1.4
v -3.6 4.4 -1.4
v -3.2 4.4 -1.4
v -3.1 4.4 -1.4
v -2.9 4.4 -1.4
v -2.7 4.4 -1.4
v -2.5 4.4 -1.4
v -2.4 4.4 -1.4
v -2.3 4.4 -1.4
v -1.9 4.4 -1.4
v -1.7 4.4 -1.4
v -1.5 4.4 -1.4
v -1.4 4.4 -1.4
v -1.3 4.4 -1.4
v -1.2 4.4 -1.4
v -1.1 4.4 -1.4
v -1 4.4 -1.4
v -0.3 4.4 -1.4
v -0.2 4.4 -1.4
v -4.2 4.4 -1.5
v -4.1 4.4 -1.5
v -3.8 4.4 -1.5
v -3.6 4.4 -1.5
v -3.4 4.4 -1.5
v -3.3 4.4 -1.5
v -3.1 4.4 -1.5
v -3 4.4 -1.5
v -2.8 4.4 -1.5
v -2.7 4.4 -1.5
v -2.6 4.4 -1.5
v -2.5 4.4 -1.5
v -2.3 4.4 -1.5
v -1.9 4.4 -1.5
v -1.7 4.4 -1.5
v -1.6 4.4 -1.5
v -1.4 4.4 -1.5
v -1.3 4.4 -1.5
v -1.2 4.4 -1.5
v -1.1 4.4 -1.5
v -1 4.4 -1.5
v -0.7 4.4 -1.5
v -0.6 4.4 -1.5
v -0.5 4.4 -1.5
v -0.4 4.4 -1.5
v -0.3 4.4 -1.5
v -0.2 4.4 -1.5
v -0.0999999 4.4 -1.5
v 0 4.4 -1.5
v 0.0999999 4.4 -1.5
v 0.2 4.4 -1.5
v -4.2 4.4 -1.6
v -4.1 4.4 -1.6
v -4 4.4 -1.6
v -3.1 4.4 -1.6
v -3 4.4 -1.6
v -2.7 4.4 -1.6
v -2.6 4.4 -1.6
v -2.5 4.4 -1.6
v -2.3 4.4 -1.6
v -2 4.4 -1.6
v -1.2 4.4 -1.6
v -1.1 4.4 -1.6
v -1 4.4 -1.6
v -0.8 4.4 -1.6
v -0.7 4.4 -1.6
v -0.4 4.4 -1.6
v -0.3 4.4 -1.6
v -0.2 4.4 -1.6
v -0.0999999 4.4 -1.6
v 0.0999999 4.4 -1.6
v 0.2 4.4 -1.6
v -4.2 4.4 -1.9
v -4.1 4.4 -1.9
v -4 4.4 -1.9
v -3.9 4.4 -1.9
v -3.8 4.4 -1.9
v -3.7 4.4 -1.9
v -3.6 4.4 -1.9
v -3.5 4.4 -1.9
v -3.4 4.4 -1.9
v -3.2 4.4 -1.9
v -3.1 4.4 -1.9
v -3 4.4 -1.9
v -2.8 4.4 -1.9
v -2.6 4.4 -1.9
v -2.5 4.4 -1.9
v -2.3 4.4 -1.9
v -2.2 4.4 -1.9
v -2.1 4.4 -1.9
v -1.9 4.4 -1.9
v -1.8 4.4 -1.9
v -1.7 4.4 -1.9
v -1.6 4.4 -1.9
v -1.5 4.4 -1.9
v -1.4 4.4 -1.9
v -1.1 4.4 -1.9
v -1 4.4 -1.9
v -0.9 4.4 -1.9
v -0.8 4.4 -1.9
v -0.7 4.4 -1.9
v -0.6 4.4 -1.9
v -0.4 4.4 -1.9
v -0.3 4.4 -1.9
v -0.2 4.4 -1.9
v -0.0999999 4.4 -1.9
v 0 4.4 -1.9
v 0.0999999 4.4 -1.9
v 0.2 4.4 -1.9
v -4 4.4 -2
v -3.9 4.4 -2
v -3.5 4.4 -2
v -3.4 4.4 -2
v -3.3 4.4 -2
v -3.2 4.4 -2
v -3.1 4.4 -2
v -2.3 4.4 -2
v -2.2 4.4 -2
v -2.1 4.4 -2
v -1.9 4.4 -2
v -1.8 4.4 -2
v -1.7 4.4 -2
v -1.6 4.4 -2
v -1.5 4.4 -2
v -1.4 4.4 -2
v -0.8 4.4 -2
v -0.7 4.4 -2
v -0.6 4.4 -2
v -0.4 4.4 -2
v -0.3 4.4 -2
v -0.2 4.4 -2
v -0.0999999 4.4 -2
v 0 4.4 -2
v -3.7 4.4 -2.1
v -3.6 4.4 -2.1
v -3.5 4.4 -2.1
v -3.4 4.4 -2.1
v -3.3 4.4 -2.1
v -3.1 4.4 -2.1
v -3 4.4 -2.1
v -2.9 4.4 -2.1
v -2.8 4.4 -2.1
v -2.5 4.4 -2.1
v -2.3 4.4 -2.1
v -2.2 4.4 -2.1
v -1.9 4.4 -2.1
v -1.8 4.4 -2.1
v -1.7 4.4 -2.1
v -1 4.4 -2.1
v -0.9 4.4 -2.1
v -0.7 4.4 -2.1
v -0.4 4.4 -2.1
v -0.3 4.4 -2.1
v -0.2 4.4 -2.1
v -0.0999999 4.4 -2.1
v 0 4.4 -2.1
v 0.0999999 4.4 -2.1
v -4.2 4.4 -2.2
v -4.1 4.4 -2.2
v -4 4.4 -2.2
v -3.9 4.4 -2.2
v -3.8 4.4 -2.2
v -3.7 4.4 -2.2
v -3.6 4.4 -2.2
v -3.5 4.4 -2.2
v -3.4 4.4 -2.2
v -3.3 4.4 -2.2
v -3 4.4 -2.2
v -2.9 4.4 -2.2
v -2.5 4.4 -2.2
v -2.4 4.4 -2.2
v -2.3 4.4 -2.2
v -1.7 4.4 -2.2
v -1.6 4.4 -2.2
v -1.5 4.4 -2.2
v -1 4.4 -2.2
v -0.9 4.4 -2.2
v -0.8 4.4 -2.2
v -0.2 4.4 -2.2
v 0 4.4 -2.2
v 0.0999999 4.4 -2.2
v 0.2 4.4 -2.2
v -4.2 4.4 -2.3
v -4.1 4.4 -2.3
v -4 4.4 -2.3
v -3.9 4.4 -2.3
v -3.8 4.4 -2.3
v -3.6 4.4 -2.3
v -3.3 4.4 -2.3
v -3.1 4.4 -2.3
v -3 4.4 -2.3
v -2.8 4.4 -2.3
v -2.5 4.4 -2.3
v -2.4 4.4 -2.3
v -2.3 4.4 -2.3
v -2.2 4.4 -2.3
v -1.9 4.4 -2.3
v -1.8 4.4 -2.3
v -1.6 4.4 -2.3
v -1.5 4.4 -2.3
v -1.4 4.4 -2.3
v -1 4.4 -2.3
v -0.9 4.4 -2.3
v -0.8 4.4 -2.3
v -0.7 4.4 -2.3
v -0.4 4.4 -2.3
v -0.3 4.4 -2.3
v -0.0999999 4.4 -2.3
v 0 4.4 -2.3
v 0.0999999 4.4 -2.3
v 0.2 4.4 -2.3
v -4.1 4.4 -2.4
v -4 4.4 -2.4
v -3.9 4.4 -2.4
v -3.8 4.4 -2.4
v -3.5 4.4 -2.4
v -3.4 4.4 -2.4
v -3.2 4.4 -2.4
v -3.1 4.4 -2.4
v -2.6 4.4 -2.4
v -2.5 4.4 -2.4
v -2.3 4.4 -2.4
v -2.2 4.4 -2.4
v -2.1 4.4 -2.4
v -2 4.4 -2.4
v -1.9 4.4 -2.4
v -1.6 4.4 -2.4
v -1.5 4.4 -2.4
v -1.4 4.4 -2.4
v -1.1 4.4 -2.4
v -1 4.4 -2.4
v -0.8 4.4 -2.4
v -0.7 4.4 -2.4
v -0.6 4.4 -2.4
v -0.5 4.4 -2.4
v -0.4 4.4 -2.4
v -0.0999999 4.4 -2.4
v 0 4.4 -2.4
v -4.2 4.4 -2.5
v -4.1 4.4 -2.5
v -3.9 4.4 -2.5
v -3.8 4.4 -2.5
v -3.7 4.4 -2.5
v -3.6 4.4 -2.5
v -3.5 4.4 -2.5
v -3.4 4.4 -2.5
v -3.2 4.4 -2.5
v -3.1 4.4 -2.5
v -3 4.4 -2.5
v -2.9 4.4 -2.5
v -2.8 4.4 -2.5
v -2.6 4.4 -2.5
v -2.5 4.4 -2.5
v -2.1 4.4 -2.5
v -2 4.4 -2.5
v -1.8 4.4 -2.5
v -1.7 4.4 -2.5
v -1.1 4.4 -2.5
v -1 4.4 -2.5
v -0.9 4.4 -2.5
v -0.8 4.4 -2.5
v -0.7 4.4 -2.5
v -0.6 4.4 -2.5
v -0.5 4.4 -2.5
v -0.3 4.4 -2.5
v -0.2 4.4 -2.5
v -0.0999999 4.4 -2.5
v 0 4.4 -2.5
v 0.2 4.4 -2.5
v -4.2 4.4 -2.6
v -4.1 4.4 -2.6
v -4 4.4 -2.6
v -3.9 4.4 -2.6
v -3.7 4.4 -2.6
v -3.6 4.4 -2.6
v -3.5 4.4 -2.6
v -3.4 4.4 -2.6
v -3.3 4.4 -2.6
v -3.2 4.4 -2.6
v -3.1 4.4 -2.6
v -3 4.4 -2.6
v -2.9 4.4 -2.6
v -2.8 4.4 -2.6
v -2.5 4.4 -2.6
v -2.3 4.4 -2.6
v -2.2 4.4 -2.6
v -2.1 4.4 -2.6
v -1.9 4.4 -2.6
v -1.8 4.4 -2.6
v -1.7 4.4 -2.6
v -1.6 4.4 -2.6
v -1.5 4.4 -2.6
v -1 4.4 -2.6
v -0.9 4.4 -2.6
v -0.7 4.4 -2.6
v -0.6 4.4 -2.6
v -0.4 4.4 -2.6
v -0.3 4.4 -2.6
v -0.2 4.4 -2.6
v 0 4.4 -2.6
v 0.0999999 4.4 -2.6
v 0.2 4.4 -2.6
v -4 4.4 -2.7
v -3.9 4.4 -2.7
v -3.8 4.4 -2.7
v -3.5 4.4 -2.7
v -3.4 4.4 -2.7
v -3.3 4.4 -2.7
v -2.6 4.4 -2.7
v -2.5 4.4 -2.7
v -2.3 4.4 -2.7
v -1.7 4.4 -2.7
v -1.6 4.4 -2.7
v -1.1 4.4 -2.7
v -1 4.4 -2.7
v -0.8 4.4 -2.7
v -4.2 4.4 -2.8
v -4.1 4.4 -2.8
v -4 4.4 -2.8
v -3.9 4.4 -2.8
v -3.8 4.4 -2.8
v -3.6 4.4 -2.8
v -2.6 4.4 -2.8
v -2.5 4.4 -2.8
v -1.6 4.4 -2.8
v -1.5 4.4 -2.8
v -1.1 4.4 -2.8
v -1 4.4 -2.8
v -0.9 4.4 -2.8
v -0.8 4.4 -2.8
v -0.0999999 4.4 -2.8
v 0 4.4 -2.8
v 0.0999999 4.4 -2.8
v 0.2 4.4 -2.8
v -3.9 4.4 -2.9
v -3.8 4.4 -2.9
v -3.7 4.4 -2.9
v -3.6 4.4 -2.9
v -3.5 4.4 -2.9
v -3.4 4.4 -2.9
v -3.3 4.4 -2.9
v -3.2 4.4 -2.9
v -3.1 4.4 -2.9
v -3 4.4 -2.9
v -2.8 4.4 -2.9
v -2.5 4.4 -2.9
v -2.4 4.4 -2.9
v -2.3 4.4 -2.9
v -2.1 4.4 -2.9
v -1.9 4.4 -2.9
v -1.8 4.4 -2.9
v -1.7 4.4 -2.9
v -1.6 4.4 -2.9
v -1.5 4.4 -2.9
v -1 4.4 -2.9
v -0.9 4.4 -2.9
v -0.6 4.4 -2.9
v -0.4 4.4 -2.9
v -0.3 4.4 -2.9
v -0.2 4.4 -2.9
v -0.0999999 4.4 -2.9
v 0 4.4 -2.9
v 0.0999999 4.4 -2.9
v -4.2 4.4 -3
v -4.1 4.4 -3
v -3.9 4.4 -3
v -3.8 4.4 -3
v -3.7 4.4 -3
v -3.6 4.4 -3
v -3.3 4.4 -3
v -3.2 4.4 -3
v -3.1 4.4 -3
v -3 4.4 -3
v -2.8 4.4 -3
v -2.6 4.4 -3
v -2.5 4.4 -3
v -2.2 4.4 -3
v -2.1 4.4 -3
v -2 4.4 -3
v -1.9 4.4 -3
v -1.8 4.4 -3
v -1.6 4.4 -3
v -1.4 4.4 -3
v -1.1 4.4 -3
v -1 4.4 -3
v -0.9 4.4 -3
v -0.8 4.4 -3
v -0.7 4.4 -3
v -0.6 4.4 -3
v -0.5 4.4 -3
v -0.4 4.4 -3
v -0.3 4.4 -3
v -0.2 4.4 -3
v -0.0999999 4.4 -3
v 0 4.4 -3
v 0.0999999 4.4 -3
v 0.2 4.4 -3
v -4.2 4.4 -3.1
v -4.1 4.4 -3.1
v -4 4.4 -3.1
v -3.9 4.4 -3.1
v -3.8 4.4 -3.1
v -3.7 4.4 -3.1
v -3.6 4.4 -3.1
v -3.2 4.4 -3.1
v -3.1 4.4 -3.1
v -2.9 4.4 -3.1
v -2.8 4.4 -3.1
v -2.6 4.4 -3.1
v -2.5 4.4 -3.1
v -2.4 4.4 -3.1
v -2.3 4.4 -3.1
v -2.2 4.4 -3.1
v -2.1 4.4 -3.1
v -2 4.4 -3.1
v -1.9 4.4 -3.1
v -1.8 4.4 -3.1
v -1.7 4.4 -3.1
v -1.6 4.4 -3.1
v -1.5 4.4 -3.1
v -1.4 4.4 -3.1
v -1.1 4.4 -3.1
v -1 4.4 -3.1
v -0.9 4.4 -3.1
v -0.8 4.4 -3.1
v -0.7 4.4 -3.1
v -0.6 4.4 -3.1
v -0.5 4.4 -3.1
v -0.4 4.4 -3.1
v -0.3 4.4 -3.1
v -0.2 4.4 -3.1
v 0 4.4 -3.1
v 0.0999999 4.4 -3.1
v 0.2 4.4 -3.1
v -4.1 4.4 -3.2
v -4 4.4 -3.2
v -3.9 4.4 -3.2
v -3.8 4.4 -3.2
v -3.7 4.4 -3.2
v -3.5 4.4 -3.2
v -3.4 4.4 -3.2
v -3.3 4.4 -3.2
v -3.2 4.4 -3.2
v -2.9 4.4 -3.2
v -2.8 4.4 -3.2
v -2.6 4.4 -3.2
v -2.3 4.4 -3.2
v -2.2 4.4 -3.2
v -2.1 4.4 -3.2
v -2 4.4 -3.2
v -1.9 4.4 -3.2
v -1.8 4.4 -3.2
v -1.7 4.4 -3.2
v -1.5 4.4 -3.2
v -1.4 4.4 -3.2
v -1.1 4.4 -3.2
v -0.8 4.4 -3.2
v -0.7 4.4 -3.2
v -0.5 4.4 -3.2
v -0.4 4.4 -3.2
v -0.2 4.4 -3.2
v 0 4.4 -3.2
v 0.0999999 4.4 -3.2

# faces
f 29/2/1 6/2/1 5/2/1
f 30/4/1 7/4/1 6/4/1
f 30/2/1 6/2/1 29/2/1
f 31/1/1 8/1/1 7/1/1
f 31/4/1 7/4/1 30/4/1
f 32/2/1 9/2/1 8/2/1
f 32/1/1 8/1/1 31/1/1
f 33/2/1 9/2/1 32/2/1
f 34/4/1 10/4/1 9/4/1
f 34/2/1 9/2/1 33/2/1
f 35/4/1 10/4/1 34/4/1
f 36/2/1 12/2/1 11/2/1
f 36/1/1 13/1/1 12/1/1
f 37/3/1 14/3/1 13/3/1
f 37/1/1 13/1/1 36/1/1
f 38/1/1 15/1/1 14/1/1
f 38/3/1 14/3/1 37/3/1
f 39/3/1 16/3/1 15/3/1
f 39/1/1 15/1/1 38/1/1
f 40/1/1 17/1/1 16/1/1
f 40/3/1 16/3/1 39/3/1
f 41/4/1 18/4/1 17/4/1
f 41/1/1 17/1/1 40/1/1
f 42/2/1 19/2/1 18/2/1
f 42/4/1 18/4/1 41/4/1
f 43/3/1 20/3/1 19/3/1
f 43/2/1 19/2/1 42/2/1
f 44/3/1 20/3/1 43/3/1
f 45/3/1 22/3/1 21/3/1
f 46/3/1 22/3/1 45/3/1
f 47/3/1 22/3/1 46/3/1
f 48/4/1 23/4/1 22/4/1
f 48/3/1 22/3/1 47/3/1
f 49/2/1 24/2/1 23/2/1
f 49/4/1 23/4/1 48/4/1
f 50/1/1 25/1/1 24/1/1
f 50/2/1 24/2/1 49/2/1
f 51/4/1 26/4/1 25/4/1
f 51/1/1 25/1/1 50/1/1
f 52/4/1 26/4/1 51/4/1
f 53/2/1 27/2/1 26/2/1
f 53/4/1 26/4/1 52/4/1
f 54/1/1 28/1/1 27/1/1
f 54/2/1 27/2/1 53/2/1
f 55/4/1 30/4/1 29/4/1
f 56/3/1 31/3/1 30/3/1
f 56/4/1 30/4/1 55/4/1
f 57/1/1 32/1/1 31/1/1
f 57/3/1 31/3/1 56/3/1
f 58/4/1 33/4/1 32/4/1
f 58/1/1 32/1/1 57/1/1
f 59/2/1 34/2/1 33/2/1
f 59/4/1 33/4/1 58/4/1
f 60/2/1 34/2/1 59/2/1
f 61/1/1 35/1/1 34/1/1
f 61/2/1 34/2/1 60/2/1
f 62/2/1 39/2/1 38/2/1
f 62/1/1 40/1/1 39/1/1
f 63/4/1 41/4/1 40/4/1
f 63/1/1 40/1/1 62/1/1
f 64/2/1 42/2/1 41/2/1
f 64/4/1 41/4/1 63/4/1
f 64/2/1 43/2/1 42/2/1
f 65/2/1 43/2/1 64/2/1
f 66/4/1 48/4/1 47/4/1
f 66/2/1 49/2/1 48/2/1
f 66/2/1 50/2/1 49/2/1
f 66/2/1 51/2/1 50/2/1
f 67/2/1 51/2/1 66/2/1
f 68/4/1 53/4/1 52/4/1
f 68/1/1 52/1/1 51/1/1
f 68/4/1 54/4/1 53/4/1
f 69/4/1 54/4/1 68/4/1
f 70/1/1 28/1/1 54/1/1
f 70/4/1 54/4/1 69/4/1
f 71/1/1 28/1/1 70/1/1
f 72/2/1 2/2/1 1/2/1
f 73/1/1 3/1/1 2/1/1
f 73/2/1 2/2/1 72/2/1
f 74/4/1 4/4/1 3/4/1
f 74/1/1 3/1/1 73/1/1
f 75/1/1 56/1/1 55/1/1
f 76/4/1 57/4/1 56/4/1
f 76/1/1 56/1/1 75/1/1
f 77/2/1 58/2/1 57/2/1
f 77/4/1 59/4/1 58/4/1
f 78/1/1 60/1/1 59/1/1
f 78/4/1 59/4/1 77/4/1
f 79/4/1 61/4/1 60/4/1
f 79/1/1 60/1/1 78/1/1
f 80/1/1 35/1/1 61/1/1
f 80/4/1 61/4/1 79/4/1
f 81/1/1 35/1/1 80/1/1
f 82/2/1 36/2/1 11/2/1
f 82/2/1 37/2/1 36/2/1
f 83/2/1 37/2/1 82/2/1
f 84/2/1 37/2/1 83/2/1
f 85/1/1 38/1/1 37/1/1
f 85/2/1 37/2/1 84/2/1
f 86/2/1 62/2/1 38/2/1
f 86/1/1 38/1/1 85/1/1
f 86/2/1 63/2/1 62/2/1
f 87/2/1 63/2/1 86/2/1
f 88/4/1 65/4/1 64/4/1
f 88/2/1 63/2/1 87/2/1
f 88/4/1 64/4/1 63/4/1
f 89/4/1 65/4/1 88/4/1
f 90/2/1 43/2/1 65/2/1
f 90/4/1 65/4/1 89/4/1
f 91/1/1 44/1/1 43/1/1
f 91/2/1 43/2/1 90/2/1
f 92/1/1 44/1/1 91/1/1
f 93/2/1 46/2/1 45/2/1
f 94/1/1 47/1/1 46/1/1
f 94/2/1 46/2/1 93/2/1
f 95/4/1 67/4/1 66/4/1
f 95/1/1 47/1/1 94/1/1
f 95/4/1 66/4/1 47/4/1
f 96/2/1 51/2/1 67/2/1
f 96/4/1 67/4/1 95/4/1
f 97/2/1 51/2/1 96/2/1
f 98/2/1 51/2/1 97/2/1
f 99/1/1 68/1/1 51/1/1
f 99/2/1 51/2/1 98/2/1
f 100/3/1 69/3/1 68/3/1
f 100/1/1 68/1/1 99/1/1
f 101/4/1 70/4/1 69/4/1
f 101/3/1 69/3/1 100/3/1
f 101/4/1 71/4/1 70/4/1
f 102/4/1 71/4/1 101/4/1
f 103/4/1 71/4/1 102/4/1
f 104/4/1 73/4/1 72/4/1
f 105/3/1 74/3/1 73/3/1
f 105/4/1 73/4/1 104/4/1
f 106/4/1 4/4/1 74/4/1
f 106/3/1 74/3/1 105/3/1
f 107/4/1 4/4/1 106/4/1
f 108/2/1 76/2/1 75/2/1
f 109/4/1 57/4/1 76/4/1
f 109/2/1 76/2/1 108/2/1
f 110/2/1 77/2/1 57/2/1
f 110/4/1 57/4/1 109/4/1
f 111/3/1 78/3/1 77/3/1
f 111/2/1 77/2/1 110/2/1
f 112/2/1 79/2/1 78/2/1
f 112/3/1 78/3/1 111/3/1
f 113/4/1 80/4/1 79/4/1
f 113/2/1 79/2/1 112/2/1
f 114/3/1 81/3/1 80/3/1
f 114/4/1 80/4/1 113/4/1
f 115/3/1 81/3/1 114/3/1
f 116/4/1 83/4/1 82/4/1
f 117/2/1 84/2/1 83/2/1
f 117/4/1 83/4/1 116/4/1
f 118/1/1 85/1/1 84/1/1
f 118/2/1 84/2/1 117/2/1
f 119/3/1 86/3/1 85/3/1
f 119/1/1 85/1/1 118/1/1
f 120/4/1 87/4/1 86/4/1
f 120/3/1 86/3/1 119/3/1
f 121/2/1 88/2/1 87/2/1
f 121/4/1 87/4/1 120/4/1
f 122/1/1 89/1/1 88/1/1
f 122/2/1 88/2/1 121/2/1
f 123/4/1 90/4/1 89/4/1
f 123/1/1 89/1/1 122/1/1
f 123/4/1 91/4/1 90/4/1
f 124/3/1 92/3/1 91/3/1
f 124/4/1 91/4/1 123/4/1
f 125/3/1 92/3/1 124/3/1
f 126/4/1 94/4/1 93/4/1
f 127/3/1 95/3/1 94/3/1
f 127/4/1 94/4/1 126/4/1
f 128/4/1 97/4/1 96/4/1
f 128/3/1 95/3/1 127/3/1
f 128/4/1 96/4/1 95/4/1
f 129/2/1 98/2/1 97/2/1
f 129/4/1 97/4/1 128/4/1
f 130/4/1 99/4/1 98/4/1
f 130/2/1 98/2/1 129/2/1
f 131/3/1 100/3/1 99/3/1
f 131/4/1 99/4/1 130/4/1
f 131/3/1 101/3/1 100/3/1
f 132/1/1 102/1/1 101/1/1
f 132/3/1 101/3/1 131/3/1
f 133/3/1 103/3/1 102/3/1
f 133/1/1 102/1/1 132/1/1
f 134/3/1 103/3/1 133/3/1
f 159/2/1 136/2/1 135/2/1
f 160/2/1 136/2/1 159/2/1
f 161/3/1 137/3/1 136/3/1
f 161/2/1 136/2/1 160/2/1
f 162/4/1 138/4/1 137/4/1
f 162/3/1 137/3/1 161/3/1
f 163/2/1 139/2/1 138/2/1
f 164/1/1 140/1/1 139/1/1
f 164/2/1 139/2/1 163/2/1
f 165/4/1 141/4/1 140/4/1
f 165/1/1 140/1/1 164/1/1
f 166/4/1 141/4/1 165/4/1
f 167/3/1 142/3/1 141/3/1
f 167/4/1 141/4/1 166/4/1
f 168/3/1 142/3/1 167/3/1
f 169/2/1 144/2/1 143/2/1
f 170/1/1 145/1/1 144/1/1
f 170/2/1 144/2/1 169/2/1
f 171/2/1 146/2/1 145/2/1
f 171/1/1 145/1/1 170/1/1
f 172/2/1 146/2/1 171/2/1
f 173/2/1 146/2/1 172/2/1
f 174/2/1 146/2/1 173/2/1
f 175/4/1 147/4/1 146/4/1
f 175/2/1 146/2/1 174/2/1
f 176/3/1 148/3/1 147/3/1
f 176/4/1 147/4/1 175/4/1
f 177/3/1 148/3/1 176/3/1
f 178/4/1 150/4/1 149/4/1
f 179/4/1 150/4/1 178/4/1
f 180/4/1 150/4/1 179/4/1
f 181/3/1 151/3/1 150/3/1
f 181/4/1 150/4/1 180/4/1
f 182/3/1 151/3/1 181/3/1
f 183/1/1 152/1/1 151/1/1
f 183/3/1 151/3/1 182/3/1
f 184/3/1 153/3/1 152/3/1
f 184/1/1 152/1/1 183/1/1
f 185/4/1 154/4/1 153/4/1
f 185/3/1 153/3/1 184/3/1
f 186/4/1 154/4/1 185/4/1
f 187/3/1 155/3/1 154/3/1
f 187/4/1 154/4/1 186/4/1
f 188/3/1 155/3/1 187/3/1
f 189/2/1 157/2/1 156/2/1
f 190/1/1 158/1/1 157/1/1
f 190/2/1 157/2/1 189/2/1
f 191/1/1 158/1/1 190/1/1
f 192/4/1 161/4/1 160/4/1
f 192/4/1 162/4/1 161/4/1
f 193/4/1 138/4/1 162/4/1
f 193/4/1 162/4/1 192/4/1
f 193/2/1 163/2/1 138/2/1
f 194/1/1 164/1/1 163/1/1
f 194/4/1 165/4/1 164/4/1
f 195/2/1 166/2/1 165/2/1
f 195/4/1 165/4/1 194/4/1
f 196/4/1 167/4/1 166/4/1
f 196/2/1 166/2/1 195/2/1
f 197/1/1 168/1/1 167/1/1
f 197/4/1 167/4/1 196/4/1
f 198/1/1 168/1/1 197/1/1
f 199/4/1 170/4/1 169/4/1
f 200/3/1 171/3/1 170/3/1
f 200/4/1 170/4/1 199/4/1
f 201/1/1 172/1/1 171/1/1
f 201/3/1 171/3/1 200/3/1
f 202/4/1 173/4/1 172/4/1
f 202/1/1 172/1/1 201/1/1
f 203/1/1 175/1/1 174/1/1
f 203/2/1 176/2/1 175/2/1
f 204/1/1 177/1/1 176/1/1
f 204/2/1 176/2/1 203/2/1
f 205/1/1 177/1/1 204/1/1
f 206/2/1 179/2/1 178/2/1
f 207/4/1 180/4/1 179/4/1
f 207/2/1 179/2/1 206/2/1
f 208/2/1 181/2/1 180/2/1
f 208/4/1 180/4/1 207/4/1
f 209/2/1 181/2/1 208/2/1
f 210/2/1 181/2/1 209/2/1
f 211/1/1 182/1/1 181/1/1
f 211/2/1 181/2/1 210/2/1
f 212/4/1 183/4/1 182/4/1
f 212/1/1 182/1/1 211/1/1
f 212/4/1 184/4/1 183/4/1
f 213/4/1 184/4/1 212/4/1
f 214/1/1 186/1/1 185/1/1
f 214/4/1 184/4/1 213/4/1
f 214/1/1 185/1/1 184/1/1
f 215/1/1 186/1/1 214/1/1
f 216/2/1 187/2/1 186/2/1
f 216/1/1 186/1/1 215/1/1
f 217/4/1 190/4/1 189/4/1
f 218/4/1 190/4/1 217/4/1
f 219/3/1 191/3/1 190/3/1
f 219/4/1 190/4/1 218/4/1
f 220/3/1 191/3/1 219/3/1
f 221/1/1 160/1/1 159/1/1
f 222/4/1 192/4/1 160/4/1
f 222/1/1 160/1/1 221/1/1
f 223/2/1 193/2/1 192/2/1
f 223/4/1 192/4/1 222/4/1
f 224/1/1 194/1/1 163/1/1
f 224/2/1 195/2/1 194/2/1
f 225/4/1 196/4/1 195/4/1
f 225/2/1 195/2/1 224/2/1
f 226/3/1 197/3/1 196/3/1
f 226/4/1 196/4/1 225/4/1
f 227/4/1 198/4/1 197/4/1
f 227/3/1 197/3/1 226/3/1
f 228/4/1 201/4/1 200/4/1
f 228/2/1 202/2/1 201/2/1
f 229/4/1 173/4/1 202/4/1
f 229/2/1 202/2/1 228/2/1
f 230/2/1 174/2/1 173/2/1
f 230/4/1 173/4/1 229/4/1
f 231/1/1 203/1/1 174/1/1
f 231/4/1 205/4/1 204/4/1
f 231/4/1 204/4/1 203/4/1
f 232/4/1 205/4/1 231/4/1
f 233/3/1 207/3/1 206/3/1
f 233/3/1 208/3/1 207/3/1
f 234/3/1 208/3/1 233/3/1
f 235/4/1 209/4/1 208/4/1
f 235/3/1 208/3/1 234/3/1
f 236/2/1 210/2/1 209/2/1
f 236/4/1 209/4/1 235/4/1
f 237/1/1 211/1/1 210/1/1
f 237/2/1 210/2/1 236/2/1
f 238/4/1 213/4/1 212/4/1
f 238/1/1 211/1/1 237/1/1
f 238/4/1 212/4/1 211/4/1
f 239/2/1 214/2/1 213/2/1
f 239/4/1 213/4/1 238/4/1
f 240/1/1 215/1/1 214/1/1
f 240/2/1 214/2/1 239/2/1
f 241/3/1 216/3/1 215/3/1
f 241/1/1 215/1/1 240/1/1
f 242/2/1 187/2/1 216/2/1
f 242/3/1 216/3/1 241/3/1
f 243/1/1 188/1/1 187/1/1
f 243/2/1 187/2/1 242/2/1
f 244/1/1 188/1/1 243/1/1
f 245/3/1 222/3/1 221/3/1
f 245/3/1 223/3/1 222/3/1
f 246/3/1 223/3/1 245/3/1
f 247/2/1 193/2/1 223/2/1
f 247/3/1 223/3/1 246/3/1
f 248/2/1 193/2/1 247/2/1
f 249/2/1 163/2/1 193/2/1
f 249/2/1 193/2/1 248/2/1
f 250/1/1 224/1/1 163/1/1
f 250/2/1 163/2/1 249/2/1
f 250/1/1 225/1/1 224/1/1
f 251/3/1 226/3/1 225/3/1
f 251/1/1 225/1/1 250/1/1
f 252/4/1 227/4/1 226/4/1
f 252/3/1 226/3/1 251/3/1
f 253/2/1 200/2/1 199/2/1
f 254/4/1 228/4/1 200/4/1
f 254/2/1 200/2/1 253/2/1
f 255/1/1 229/1/1 228/1/1
f 255/4/1 228/4/1 254/4/1
f 256/3/1 230/3/1 229/3/1
f 256/1/1 229/1/1 255/1/1
f 257/2/1 174/2/1 230/2/1
f 257/3/1 230/3/1 256/3/1
f 258/1/1 231/1/1 174/1/1
f 258/2/1 174/2/1 257/2/1
f 259/3/1 232/3/1 231/3/1
f 259/1/1 231/1/1 258/1/1
f 260/4/1 205/4/1 232/4/1
f 260/3/1 232/3/1 259/3/1
f 261/3/1 235/3/1 234/3/1
f 261/3/1 236/3/1 235/3/1
f 262/1/1 237/1/1 236/1/1
f 262/3/1 236/3/1 261/3/1
f 263/3/1 238/3/1 237/3/1
f 263/1/1 237/1/1 262/1/1
f 264/1/1 239/1/1 238/1/1
f 264/3/1 238/3/1 263/3/1
f 264/1/1 240/1/1 239/1/1
f 265/3/1 241/3/1 240/3/1
f 265/1/1 240/1/1 264/1/1
f 265/3/1 242/3/1 241/3/1
f 266/3/1 242/3/1 265/3/1
f 267/1/1 243/1/1 242/1/1
f 267/3/1 242/3/1 266/3/1
f 268/3/1 244/3/1 243/3/1
f 268/1/1 243/1/1 267/1/1
f 269/3/1 244/3/1 268/3/1
f 270/2/1 218/2/1 217/2/1
f 271/1/1 219/1/1 218/1/1
f 271/2/1 218/2/1 270/2/1
f 272/4/1 220/4/1 219/4/1
f 272/1/1 219/1/1 271/1/1
f 273/4/1 220/4/1 272/4/1
f 274/4/1 246/4/1 245/4/1
f 275/3/1 248/3/1 247/3/1
f 275/4/1 246/4/1 274/4/1
f 275/3/1 247/3/1 246/3/1
f 276/3/1 248/3/1 275/3/1
f 277/1/1 249/1/1 248/1/1
f 277/3/1 248/3/1 276/3/1
f 278/3/1 250/3/1 249/3/1
f 278/1/1 249/1/1 277/1/1
f 279/4/1 251/4/1 250/4/1
f 279/3/1 250/3/1 278/3/1
f 280/4/1 251/4/1 279/4/1
f 281/1/1 252/1/1 251/1/1
f 281/4/1 251/4/1 280/4/1
f 282/4/1 227/4/1 252/4/1
f 282/1/1 252/1/1 281/1/1
f 283/4/1 198/4/1 227/4/1
f 283/4/1 227/4/1 282/4/1
f 284/4/1 198/4/1 283/4/1
f 285/1/1 254/1/1 253/1/1
f 286/3/1 255/3/1 254/3/1
f 286/1/1 254/1/1 285/1/1
f 287/4/1 256/4/1 255/4/1
f 287/3/1 255/3/1 286/3/1
f 288/3/1 257/3/1 256/3/1
f 288/4/1 256/4/1 287/4/1
f 289/1/1 258/1/1 257/1/1
f 289/3/1 257/3/1 288/3/1
f 290/4/1 259/4/1 258/4/1
f 290/1/1 258/1/1 289/1/1
f 291/1/1 260/1/1 259/1/1
f 291/4/1 259/4/1 290/4/1
f 292/4/1 205/4/1 260/4/1
f 292/1/1 260/1/1 291/1/1
f 293/4/1 205/4/1 292/4/1
f 294/1/1 234/1/1 233/1/1
f 295/3/1 261/3/1 234/3/1
f 295/1/1 234/1/1 294/1/1
f 296/1/1 262/1/1 261/1/1
f 296/3/1 261/3/1 295/3/1
f 297/4/1 263/4/1 262/4/1
f 297/1/1 262/1/1 296/1/1
f 298/1/1 264/1/1 263/1/1
f 298/4/1 263/4/1 297/4/1
f 299/4/1 266/4/1 265/4/1
f 299/4/1 265/4/1 264/4/1
f 300/3/1 267/3/1 266/3/1
f 300/4/1 266/4/1 299/4/1
f 301/4/1 269/4/1 268/4/1
f 301/3/1 267/3/1 300/3/1
f 301/4/1 268/4/1 267/4/1
f 302/4/1 269/4/1 301/4/1
f 303/1/1 271/1/1 270/1/1
f 303/1/1 272/1/1 271/1/1
f 304/3/1 273/3/1 272/3/1
f 304/1/1 272/1/1 303/1/1
f 305/3/1 273/3/1 304/3/1
f 306/2/1 275/2/1 274/2/1
f 307/1/1 276/1/1 275/1/1
f 307/2/1 275/2/1 306/2/1
f 308/4/1 277/4/1 276/4/1
f 308/1/1 276/1/1 307/1/1
f 309/2/1 278/2/1 277/2/1
f 309/4/1 277/4/1 308/4/1
f 309/2/1 279/2/1 278/2/1
f 310/1/1 280/1/1 279/1/1
f 310/2/1 279/2/1 309/2/1
f 311/2/1 281/2/1 280/2/1
f 311/1/1 280/1/1 310/1/1
f 312/1/1 282/1/1 281/1/1
f 312/2/1 281/2/1 311/2/1
f 313/3/1 283/3/1 282/3/1
f 313/1/1 282/1/1 312/1/1
f 314/1/1 284/1/1 283/1/1
f 314/3/1 283/3/1 313/3/1
f 315/1/1 284/1/1 314/1/1
f 316/2/1 286/2/1 285/2/1
f 317/1/1 287/1/1 286/1/1
f 317/2/1 286/2/1 316/2/1
f 318/2/1 288/2/1 287/2/1
f 318/1/1 287/1/1 317/1/1
f 319/1/1 289/1/1 288/1/1
f 319/2/1 288/2/1 318/2/1
f 320/2/1 290/2/1 289/2/1
f 320/1/1 289/1/1 319/1/1
f 321/1/1 291/1/1 290/1/1
f 321/2/1 290/2/1 320/2/1
f 321/1/1 293/1/1 292/1/1
f 321/1/1 292/1/1 291/1/1
f 322/1/1 293/1/1 321/1/1
f 323/2/1 295/2/1 294/2/1
f 324/1/1 296/1/1 295/1/1
f 324/2/1 295/2/1 323/2/1
f 325/4/1 297/4/1 296/4/1
f 325/1/1 296/1/1 324/1/1
f 326/2/1 298/2/1 297/2/1
f 326/4/1 297/4/1 325/4/1
f 327/1/1 264/1/1 298/1/1
f 327/2/1 298/2/1 326/2/1
f 328/4/1 299/4/1 264/4/1
f 328/1/1 264/1/1 327/1/1
f 329/2/1 300/2/1 299/2/1
f 329/4/1 299/4/1 328/4/1
f 330/1/1 301/1/1 300/1/1
f 330/2/1 300/2/1 329/2/1
f 331/2/1 302/2/1 301/2/1
f 331/1/1 301/1/1 330/1/1
f 332/2/1 302/2/1 331/2/1
f 333/2/1 304/2/1 303/2/1
f 334/1/1 305/1/1 304/1/1
f 334/2/1 304/2/1 333/2/1
f 335/1/1 305/1/1 334/1/1
f 367/4/1 337/4/1 336/4/1
f 368/3/1 338/3/1 337/3/1
f 368/4/1 337/4/1 367/4/1
f 369/4/1 339/4/1 338/4/1
f 369/3/1 338/3/1 368/3/1
f 370/2/1 341/2/1 340/2/1
f 371/4/1 342/4/1 341/4/1
f 371/2/1 341/2/1 370/2/1
f 372/2/1 343/2/1 342/2/1
f 372/3/1 344/3/1 343/3/1
f 373/2/1 345/2/1 344/2/1
f 373/3/1 344/3/1 372/3/1
f 374/4/1 346/4/1 345/4/1
f 374/2/1 345/2/1 373/2/1
f 375/3/1 347/3/1 346/3/1
f 375/4/1 346/4/1 374/4/1
f 376/3/1 347/3/1 375/3/1
f 377/4/1 349/4/1 348/4/1
f 378/2/1 350/2/1 349/2/1
f 378/4/1 349/4/1 377/4/1
f 379/1/1 351/1/1 350/1/1
f 379/2/1 350/2/1 378/2/1
f 380/3/1 352/3/1 351/3/1
f 380/1/1 351/1/1 379/1/1
f 381/4/1 353/4/1 352/4/1
f 381/3/1 352/3/1 380/3/1
f 382/2/1 354/2/1 353/2/1
f 382/4/1 353/4/1 381/4/1
f 383/1/1 355/1/1 354/1/1
f 383/2/1 354/2/1 382/2/1
f 384/4/1 356/4/1 355/4/1
f 384/1/1 355/1/1 383/1/1
f 385/4/1 356/4/1 384/4/1
f 386/3/1 357/3/1 356/3/1
f 386/4/1 356/4/1 385/4/1
f 387/3/1 357/3/1 386/3/1
f 388/4/1 359/4/1 358/4/1
f 389/3/1 360/3/1 359/3/1
f 389/4/1 359/4/1 388/4/1
f 390/4/1 361/4/1 360/4/1
f 390/3/1 360/3/1 389/3/1
f 391/4/1 361/4/1 390/4/1
f 392/2/1 362/2/1 361/2/1
f 392/4/1 361/4/1 391/4/1
f 393/4/1 363/4/1 362/4/1
f 393/2/1 362/2/1 392/2/1
f 394/3/1 364/3/1 363/3/1
f 394/4/1 363/4/1 393/4/1
f 395/3/1 364/3/1 394/3/1
f 396/1/1 365/1/1 364/1/1
f 396/3/1 364/3/1 395/3/1
f 397/3/1 366/3/1 365/3/1
f 397/1/1 365/1/1 396/1/1
f 398/3/1 366/3/1 397/3/1
f 399/1/1 371/1/1 370/1/1
f 400/4/1 342/4/1 371/4/1
f 400/1/1 371/1/1 399/1/1
f 401/2/1 372/2/1 342/2/1
f 401/4/1 342/4/1 400/4/1
f 402/4/1 373/4/1 372/4/1
f 402/2/1 372/2/1 401/2/1
f 403/1/1 374/1/1 373/1/1
f 403/4/1 373/4/1 402/4/1
f 404/4/1 375/4/1 374/4/1
f 404/1/1 374/1/1 403/1/1
f 405/1/1 376/1/1 375/1/1
f 405/4/1 375/4/1 404/4/1
f 406/2/1 382/2/1 381/2/1
f 406/2/1 383/2/1 382/2/1
f 407/4/1 385/4/1 384/4/1
f 407/2/1 383/2/1 406/2/1
f 407/4/1 384/4/1 383/4/1
f 408/4/1 385/4/1 407/4/1
f 409/2/1 386/2/1 385/2/1
f 409/4/1 385/4/1 408/4/1
f 410/4/1 391/4/1 390/4/1
f 411/2/1 392/2/1 391/2/1
f 411/4/1 391/4/1 410/4/1
f 411/2/1 393/2/1 392/2/1
f 411/2/1 394/2/1 393/2/1
f 412/3/1 396/3/1 395/3/1
f 412/1/1 395/1/1 394/1/1
f 413/4/1 398/4/1 397/4/1
f 413/3/1 396/3/1 412/3/1
f 413/4/1 397/4/1 396/4/1
f 414/4/1 398/4/1 413/4/1
f 415/4/1 398/4/1 414/4/1
f 416/4/1 400/4/1 399/4/1
f 417/3/1 401/3/1 400/3/1
f 417/4/1 400/4/1 416/4/1
f 418/1/1 402/1/1 401/1/1
f 418/3/1 401/3/1 417/3/1
f 419/4/1 403/4/1 402/4/1
f 419/1/1 402/1/1 418/1/1
f 420/2/1 404/2/1 403/2/1
f 420/4/1 403/4/1 419/4/1
f 420/2/1 405/2/1 404/2/1
f 421/1/1 376/1/1 405/1/1
f 421/2/1 405/2/1 420/2/1
f 422/1/1 376/1/1 421/1/1
f 423/2/1 378/2/1 377/2/1
f 423/2/1 379/2/1 378/2/1
f 423/2/1 380/2/1 379/2/1
f 424/1/1 381/1/1 380/1/1
f 424/2/1 380/2/1 423/2/1
f 425/2/1 406/2/1 381/2/1
f 425/1/1 381/1/1 424/1/1
f 426/1/1 407/1/1 406/1/1
f 426/2/1 406/2/1 425/2/1
f 427/4/1 408/4/1 407/4/1
f 427/1/1 407/1/1 426/1/1
f 428/2/1 409/2/1 408/2/1
f 428/4/1 408/4/1 427/4/1
f 429/2/1 386/2/1 409/2/1
f 429/2/1 409/2/1 428/2/1
f 430/1/1 387/1/1 386/1/1
f 430/2/1 386/2/1 429/2/1
f 431/1/1 387/1/1 430/1/1
f 432/2/1 389/2/1 388/2/1
f 433/1/1 390/1/1 389/1/1
f 433/2/1 389/2/1 432/2/1
f 434/4/1 410/4/1 390/4/1
f 434/1/1 390/1/1 433/1/1
f 435/2/1 411/2/1 410/2/1
f 435/4/1 410/4/1 434/4/1
f 436/2/1 394/2/1 411/2/1
f 436/2/1 411/2/1 435/2/1
f 437/2/1 394/2/1 436/2/1
f 438/1/1 412/1/1 394/1/1
f 438/2/1 394/2/1 437/2/1
f 439/4/1 414/4/1 413/4/1
f 439/1/1 412/1/1 438/1/1
f 439/4/1 413/4/1 412/4/1
f 440/4/1 414/4/1 439/4/1
f 441/1/1 415/1/1 414/1/1
f 441/4/1 414/4/1 440/4/1
f 442/2/1 368/2/1 367/2/1
f 443/1/1 369/1/1 368/1/1
f 443/2/1 368/2/1 442/2/1
f 444/4/1 339/4/1 369/4/1
f 444/1/1 369/1/1 443/1/1
f 445/4/1 339/4/1 444/4/1
f 446/2/1 417/2/1 416/2/1
f 447/4/1 418/4/1 417/4/1
f 447/2/1 417/2/1 446/2/1
f 448/1/1 419/1/1 418/1/1
f 448/4/1 418/4/1 447/4/1
f 449/2/1 421/2/1 420/2/1
f 449/1/1 419/1/1 448/1/1
f 449/2/1 420/2/1 419/2/1
f 450/4/1 422/4/1 421/4/1
f 450/2/1 421/2/1 449/2/1
f 451/4/1 422/4/1 450/4/1
f 452/2/1 423/2/1 377/2/1
f 453/1/1 424/1/1 423/1/1
f 453/2/1 423/2/1 452/2/1
f 454/3/1 425/3/1 424/3/1
f 454/1/1 424/1/1 453/1/1
f 455/1/1 426/1/1 425/1/1
f 455/3/1 425/3/1 454/3/1
f 456/3/1 427/3/1 426/3/1
f 456/1/1 426/1/1 455/1/1
f 457/1/1 428/1/1 427/1/1
f 457/3/1 427/3/1 456/3/1
f 458/4/1 429/4/1 428/4/1
f 458/1/1 428/1/1 457/1/1
f 459/2/1 430/2/1 429/2/1
f 459/4/1 429/4/1 458/4/1
f 460/3/1 431/3/1 430/3/1
f 460/2/1 430/2/1 459/2/1
f 461/3/1 431/3/1 460/3/1
f 462/3/1 435/3/1 434/3/1
f 462/3/1 433/3/1 432/3/1
f 462/3/1 434/3/1 433/3/1
f 463/4/1 436/4/1 435/4/1
f 463/3/1 435/3/1 462/3/1
f 464/2/1 437/2/1 436/2/1
f 464/4/1 436/4/1 463/4/1
f 465/1/1 438/1/1 437/1/1
f 465/2/1 437/2/1 464/2/1
f 466/4/1 440/4/1 439/4/1
f 466/1/1 438/1/1 465/1/1
f 466/4/1 439/4/1 438/4/1
f 467/2/1 441/2/1 440/2/1
f 467/4/1 440/4/1 466/4/1
f 468/1/1 415/1/1 441/1/1
f 468/2/1 441/2/1 467/2/1
f 469/1/1 415/1/1 468/1/1
f 482/3/1 475/3/1 474/3/1
f 483/3/1 475/3/1 482/3/1
f 484/2/1 471/2/1 470/2/1
f 485/2/1 471/2/1 484/2/1
f 486/2/1 473/2/1 472/2/1
f 487/2/1 473/2/1 486/2/1
f 488/2/1 481/2/1 480/2/1
f 489/2/1 481/2/1 488/2/1
f 490/1/1 483/1/1 482/1/1
f 491/1/1 483/1/1 490/1/1
f 492/4/1 485/4/1 484/4/1
f 493/4/1 487/4/1 486/4/1
f 494/4/1 487/4/1 493/4/1
f 495/4/1 477/4/1 476/4/1
f 496/2/1 479/2/1 478/2/1
f 497/2/1 479/2/1 496/2/1
f 498/4/1 489/4/1 488/4/1
f 499/3/1 491/3/1 490/3/1
f 500/3/1 491/3/1 499/3/1
f 501/4/1 492/4/1 484/4/1
f 502/4/1 492/4/1 501/4/1
f 506/3/1 494/3/1 493/3/1
f 507/3/1 494/3/1 506/3/1
f 516/4/1 495/4/1 476/4/1
f 517/4/1 495/4/1 516/4/1
f 528/4/1 497/4/1 496/4/1
f 529/4/1 497/4/1 528/4/1
f 530/4/1 498/4/1 488/4/1
f 531/4/1 498/4/1 530/4/1
f 541/4/1 500/4/1 499/4/1
f 542/4/1 500/4/1 541/4/1
f 543/4/1 503/4/1 502/4/1
f 544/1/1 504/1/1 503/1/1
f 544/4/1 503/4/1 543/4/1
f 545/3/1 505/3/1 504/3/1
f 545/1/1 504/1/1 544/1/1
f 545/3/1 506/3/1 505/3/1
f 546/3/1 506/3/1 545/3/1
f 547/4/1 509/4/1 508/4/1
f 547/4/1 510/4/1 509/4/1
f 547/4/1 511/4/1 510/4/1
f 548/3/1 512/3/1 511/3/1
f 548/4/1 511/4/1 547/4/1
f 549/4/1 513/4/1 512/4/1
f 549/3/1 512/3/1 548/3/1
f 550/1/1 514/1/1 513/1/1
f 550/4/1 513/4/1 549/4/1
f 551/3/1 515/3/1 514/3/1
f 551/1/1 514/1/1 550/1/1
f 552/3/1 515/3/1 551/3/1
f 553/4/1 518/4/1 517/4/1
f 553/4/1 519/4/1 518/4/1
f 554/3/1 520/3/1 519/3/1
f 554/4/1 519/4/1 553/4/1
f 554/3/1 521/3/1 520/3/1
f 555/4/1 522/4/1 521/4/1
f 555/3/1 521/3/1 554/3/1
f 555/4/1 523/4/1 522/4/1
f 556/3/1 524/3/1 523/3/1
f 556/4/1 523/4/1 555/4/1
f 557/1/1 525/1/1 524/1/1
f 557/3/1 524/3/1 556/3/1
f 558/4/1 526/4/1 525/4/1
f 558/1/1 525/1/1 557/1/1
f 559/3/1 527/3/1 526/3/1
f 559/4/1 526/4/1 558/4/1
f 559/3/1 528/3/1 527/3/1
f 560/3/1 528/3/1 559/3/1
f 561/1/1 532/1/1 531/1/1
f 562/3/1 534/3/1 533/3/1
f 562/1/1 532/1/1 561/1/1
f 562/3/1 533/3/1 532/3/1
f 563/1/1 535/1/1 534/1/1
f 563/3/1 534/3/1 562/3/1
f 564/4/1 536/4/1 535/4/1
f 564/1/1 535/1/1 563/1/1
f 565/3/1 537/3/1 536/3/1
f 565/4/1 536/4/1 564/4/1
f 566/4/1 539/4/1 538/4/1
f 566/3/1 537/3/1 565/3/1
f 566/4/1 538/4/1 537/4/1
f 567/3/1 540/3/1 539/3/1
f 567/4/1 539/4/1 566/4/1
f 567/3/1 541/3/1 540/3/1
f 568/3/1 541/3/1 567/3/1
f 593/4/1 570/4/1 569/4/1
f 594/3/1 571/3/1 570/3/1
f 594/4/1 570/4/1 593/4/1
f 595/4/1 572/4/1 571/4/1
f 595/3/1 571/3/1 594/3/1
f 596/4/1 572/4/1 595/4/1
f 597/4/1 572/4/1 596/4/1
f 598/3/1 573/3/1 572/3/1
f 598/4/1 572/4/1 597/4/1
f 599/3/1 573/3/1 598/3/1
f 600/3/1 573/3/1 599/3/1
f 602/4/1 575/4/1 574/4/1
f 603/3/1 576/3/1 575/3/1
f 603/4/1 575/4/1 602/4/1
f 604/4/1 577/4/1 576/4/1
f 604/3/1 576/3/1 603/3/1
f 605/3/1 578/3/1 577/3/1
f 605/4/1 577/4/1 604/4/1
f 606/3/1 578/3/1 605/3/1
f 607/3/1 578/3/1 606/3/1
f 609/1/1 580/1/1 579/1/1
f 610/3/1 581/3/1 580/3/1
f 610/1/1 580/1/1 609/1/1
f 611/1/1 582/1/1 581/1/1
f 611/3/1 581/3/1 610/3/1
f 612/3/1 583/3/1 582/3/1
f 612/1/1 582/1/1 611/1/1
f 613/4/1 584/4/1 583/4/1
f 613/3/1 583/3/1 612/3/1
f 614/3/1 585/3/1 584/3/1
f 614/4/1 584/4/1 613/4/1
f 615/3/1 585/3/1 614/3/1
f 616/4/1 586/4/1 585/4/1
f 616/3/1 585/3/1 615/3/1
f 617/1/1 587/1/1 586/1/1
f 617/4/1 586/4/1 616/4/1
f 618/3/1 588/3/1 587/3/1
f 618/1/1 587/1/1 617/1/1
f 619/3/1 588/3/1 618/3/1
f 622/4/1 590/4/1 589/4/1
f 623/3/1 591/3/1 590/3/1
f 623/4/1 590/4/1 622/4/1
f 624/3/1 591/3/1 623/3/1
f 626/4/1 593/4/1 592/4/1
f 627/4/1 593/4/1 626/4/1
f 628/4/1 601/4/1 600/4/1
f 629/4/1 601/4/1 628/4/1
f 630/4/1 609/4/1 608/4/1
f 631/4/1 609/4/1 630/4/1
f 632/3/1 620/3/1 619/3/1
f 633/3/1 620/3/1 632/3/1
f 634/1/1 622/1/1 621/1/1
f 635/1/1 622/1/1 634/1/1
f 636/4/1 625/4/1 624/4/1
f 637/4/1 625/4/1 636/4/1
f 638/1/1 627/1/1 626/1/1
f 639/1/1 627/1/1 638/1/1
f 640/3/1 629/3/1 628/3/1
f 641/3/1 629/3/1 640/3/1
f 642/2/1 631/2/1 630/2/1
f 643/4/1 635/4/1 634/4/1
f 644/4/1 635/4/1 643/4/1
f 645/3/1 637/3/1 636/3/1
f 646/3/1 637/3/1 645/3/1
f 647/3/1 639/3/1 638/3/1
f 648/3/1 639/3/1 647/3/1
f 649/2/1 642/2/1 630/2/1
f 650/2/1 642/2/1 649/2/1
f 651/2/1 633/2/1 632/2/1
f 652/2/1 633/2/1 651/2/1
f 653/4/1 646/4/1 645/4/1
f 654/4/1 646/4/1 653/4/1
f 655/4/1 648/4/1 647/4/1
f 656/4/1 641/4/1 640/4/1
f 657/4/1 641/4/1 656/4/1
f 658/3/1 650/3/1 649/3/1
f 659/3/1 650/3/1 658/3/1
f 660/1/1 652/1/1 651/1/1
f 661/1/1 652/1/1 660/1/1
f 662/2/1 644/2/1 643/2/1
f 663/2/1 644/2/1 662/2/1
f 664/2/1 654/2/1 653/2/1
f 665/2/1 654/2/1 664/2/1
f 666/4/1 655/4/1 647/4/1
f 667/4/1 655/4/1 666/4/1
f 668/2/1 657/2/1 656/2/1
f 669/2/1 657/2/1 668/2/1
f 670/4/1 659/4/1 658/4/1
f 671/3/1 661/3/1 660/3/1
f 672/3/1 661/3/1 671/3/1
f 673/1/1 663/1/1 662/1/1
f 674/1/1 663/1/1 673/1/1
f 675/3/1 665/3/1 664/3/1
f 676/3/1 665/3/1 675/3/1
f 677/2/1 667/2/1 666/2/1
f 678/2/1 667/2/1 677/2/1
f 687/1/1 669/1/1 668/1/1
f 688/1/1 669/1/1 687/1/1
f 697/4/1 670/4/1 658/4/1
f 698/4/1 670/4/1 697/4/1
f 708/1/1 672/1/1 671/1/1
f 709/1/1 672/1/1 708/1/1
f 710/2/1 674/2/1 673/2/1
f 711/2/1 674/2/1 710/2/1
f 713/4/1 676/4/1 675/4/1
f 714/4/1 676/4/1 713/4/1
f 715/1/1 679/1/1 678/1/1
f 715/1/1 680/1/1 679/1/1
f 716/4/1 681/4/1 680/4/1
f 716/1/1 680/1/1 715/1/1
f 717/2/1 682/2/1 681/2/1
f 717/4/1 681/4/1 716/4/1
f 718/1/1 683/1/1 682/1/1
f 718/2/1 682/2/1 717/2/1
f 718/1/1 684/1/1 683/1/1
f 719/4/1 686/4/1 685/4/1
f 719/1/1 684/1/1 718/1/1
f 719/4/1 685/4/1 684/4/1
f 719/4/1 687/4/1 686/4/1
f 720/4/1 687/4/1 719/4/1
f 721/2/1 690/2/1 689/2/1
f 721/2/1 691/2/1 690/2/1
f 722/1/1 692/1/1 691/1/1
f 722/2/1 691/2/1 721/2/1
f 722/1/1 693/1/1 692/1/1
f 723/2/1 694/2/1 693/2/1
f 723/1/1 693/1/1 722/1/1
f 724/1/1 695/1/1 694/1/1
f 724/2/1 694/2/1 723/2/1
f 725/4/1 696/4/1 695/4/1
f 725/1/1 695/1/1 724/1/1
f 726/4/1 696/4/1 725/4/1
f 727/2/1 699/2/1 698/2/1
f 728/1/1 700/1/1 699/1/1
f 728/2/1 699/2/1 727/2/1
f 729/4/1 701/4/1 700/4/1
f 729/1/1 700/1/1 728/1/1
f 730/2/1 702/2/1 701/2/1
f 730/4/1 701/4/1 729/4/1
f 731/1/1 704/1/1 703/1/1
f 731/2/1 702/2/1 730/2/1
f 731/1/1 703/1/1 702/1/1
f 732/4/1 705/4/1 704/4/1
f 732/1/1 704/1/1 731/1/1
f 733/2/1 706/2/1 705/2/1
f 733/4/1 705/4/1 732/4/1
f 734/1/1 707/1/1 706/1/1
f 734/2/1 706/2/1 733/2/1
f 735/2/1 708/2/1 707/2/1
f 735/1/1 707/1/1 734/1/1
f 736/2/1 708/2/1 735/2/1
f 737/2/1 712/2/1 711/2/1
f 737/2/1 713/2/1 712/2/1
f 738/2/1 713/2/1 737/2/1
f 766/4/1 740/4/1 739/4/1
f 767/1/1 741/1/1 740/1/1
f 767/4/1 740/4/1 766/4/1
f 768/3/1 742/3/1 741/3/1
f 768/1/1 741/1/1 767/1/1
f 769/3/1 742/3/1 768/3/1
f 770/3/1 742/3/1 769/3/1
f 772/4/1 744/4/1 743/4/1
f 773/4/1 744/4/1 772/4/1
f 774/4/1 744/4/1 773/4/1
f 775/3/1 745/3/1 744/3/1
f 775/4/1 744/4/1 774/4/1
f 776/4/1 746/4/1 745/4/1
f 776/3/1 745/3/1 775/3/1
f 777/1/1 747/1/1 746/1/1
f 777/4/1 746/4/1 776/4/1
f 778/3/1 748/3/1 747/3/1
f 778/1/1 747/1/1 777/1/1
f 779/3/1 748/3/1 778/3/1
f 781/4/1 750/4/1 749/4/1
f 782/4/1 750/4/1 781/4/1
f 783/3/1 751/3/1 750/3/1
f 783/4/1 750/4/1 782/4/1
f 784/3/1 751/3/1 783/3/1
f 785/4/1 752/4/1 751/4/1
f 785/3/1 751/3/1 784/3/1
f 786/4/1 752/4/1 785/4/1
f 787/3/1 753/3/1 752/3/1
f 787/4/1 752/4/1 786/4/1
f 788/1/1 754/1/1 753/1/1
f 788/3/1 753/3/1 787/3/1
f 789/4/1 755/4/1 754/4/1
f 789/1/1 754/1/1 788/1/1
f 790/3/1 756/3/1 755/3/1
f 790/4/1 755/4/1 789/4/1
f 791/3/1 756/3/1 790/3/1
f 792/3/1 756/3/1 791/3/1
f 795/1/1 758/1/1 757/1/1
f 796/3/1 759/3/1 758/3/1
f 796/1/1 758/1/1 795/1/1
f 797/3/1 759/3/1 796/3/1
f 798/1/1 760/1/1 759/1/1
f 798/3/1 759/3/1 797/3/1
f 799/4/1 761/4/1 760/4/1
f 799/1/1 760/1/1 798/1/1
f 800/3/1 762/3/1 761/3/1
f 800/4/1 761/4/1 799/4/1
f 801/4/1 763/4/1 762/4/1
f 801/3/1 762/3/1 800/3/1
f 802/4/1 763/4/1 801/4/1
f 803/3/1 764/3/1 763/3/1
f 803/4/1 763/4/1 802/4/1
f 804/3/1 764/3/1 803/3/1
f 805/3/1 764/3/1 804/3/1
f 807/4/1 766/4/1 765/4/1
f 808/3/1 771/3/1 770/3/1
f 809/3/1 771/3/1 808/3/1
f 810/4/1 781/4/1 780/4/1
f 811/4/1 793/4/1 792/4/1
f 812/4/1 793/4/1 811/4/1
f 813/4/1 795/4/1 794/4/1
f 814/4/1 806/4/1 805/4/1
f 815/4/1 806/4/1 814/4/1
f 816/4/1 807/4/1 765/4/1
f 817/4/1 807/4/1 816/4/1
f 818/4/1 809/4/1 808/4/1
f 819/4/1 809/4/1 818/4/1
f 820/2/1 812/2/1 811/2/1
f 821/2/1 812/2/1 820/2/1
f 822/4/1 813/4/1 794/4/1
f 823/4/1 813/4/1 822/4/1
f 824/3/1 815/3/1 814/3/1
f 825/3/1 815/3/1 824/3/1
f 826/4/1 810/4/1 780/4/1
f 827/4/1 810/4/1 826/4/1
f 828/1/1 821/1/1 820/1/1
f 829/1/1 821/1/1 828/1/1
f 830/2/1 823/2/1 822/2/1
f 831/2/1 823/2/1 830/2/1
f 832/1/1 825/1/1 824/1/1
f 833/1/1 825/1/1 832/1/1
f 834/2/1 817/2/1 816/2/1
f 835/2/1 817/2/1 834/2/1
f 836/2/1 819/2/1 818/2/1
f 837/2/1 819/2/1 836/2/1
f 838/3/1 833/3/1 832/3/1
f 839/3/1 833/3/1 838/3/1
f 846/3/1 841/3/1 840/3/1
f 847/3/1 845/3/1 844/3/1
f 849/3/1 841/3/1 846/3/1
f 850/3/1 841/3/1 849/3/1
f 851/3/1 843/3/1 842/3/1
f 852/3/1 843/3/1 851/3/1
f 855/3/1 845/3/1 847/3/1
f 856/3/1 845/3/1 855/3/1
f 860/3/1 850/3/1 849/3/1
f 860/3/1 849/3/1 848/3/1
f 861/3/1 850/3/1 860/3/1
f 866/3/1 853/3/1 852/3/1
f 866/3/1 852/3/1 851/3/1
f 867/3/1 853/3/1 866/3/1
f 874/3/1 857/3/1 856/3/1
f 874/3/1 855/3/1 854/3/1
f 874/3/1 856/3/1 855/3/1
f 875/3/1 857/3/1 874/3/1
f 883/3/1 865/3/1 864/3/1
f 883/3/1 882/3/1 881/3/1
f 883/3/1 881/3/1 880/3/1
f 883/3/1 880/3/1 879/3/1
f 883/3/1 879/3/1 878/3/1
f 883/3/1 878/3/1 877/3/1
f 883/3/1 877/3/1 876/3/1
f 883/3/1 876/3/1 875/3/1
f 883/3/1 875/3/1 874/3/1
f 883/3/1 874/3/1 873/3/1
f 883/3/1 859/3/1 858/3/1
f 883/3/1 870/3/1 869/3/1
f 883/3/1 869/3/1 868/3/1
f 883/3/1 868/3/1 867/3/1
f 883/3/1 867/3/1 866/3/1
f 883/3/1 866/3/1 865/3/1
f 883/3/1 873/3/1 872/3/1
f 883/3/1 863/3/1 862/3/1
f 883/3/1 862/3/1 861/3/1
f 883/3/1 861/3/1 860/3/1
f 883/3/1 860/3/1 859/3/1
f 883/3/1 864/3/1 863/3/1
f 883/3/1 871/3/1 870/3/1
f 883/3/1 872/3/1 871/3/1
f 884/3/1 882/3/1 883/3/1
f 885/3/1 882/3/1 884/3/1
f 886/3/1 882/3/1 885/3/1
f 887/3/1 882/3/1 886/3/1
f 888/3/1 882/3/1 887/3/1
f 889/3/1 882/3/1 888/3/1
f 890/3/1 882/3/1 889/3/1
f 891/3/1 882/3/1 890/3/1
f 892/3/1 882/3/1 891/3/1
f 893/3/1 882/3/1 892/3/1
f 894/3/1 882/3/1 893/3/1
f 895/3/1 882/3/1 894/3/1
f 896/3/1 882/3/1 895/3/1
f 897/3/1 882/3/1 896/3/1
f 898/3/1 882/3/1 897/3/1
f 899/3/1 882/3/1 898/3/1
f 900/3/1 882/3/1 899/3/1
f 901/3/1 882/3/1 900/3/1
f 902/3/1 882/3/1 901/3/1
f 903/3/1 882/3/1 902/3/1
f 904/3/1 882/3/1 903/3/1
f 905/3/1 888/3/1 887/3/1
f 906/3/1 888/3/1 905/3/1
f 907/3/1 888/3/1 906/3/1
f 908/3/1 893/3/1 892/3/1
f 909/3/1 893/3/1 908/3/1
f 910/3/1 893/3/1 909/3/1
f 911/3/1 903/3/1 902/3/1
f 912/3/1 903/3/1 911/3/1
f 913/3/1 903/3/1 912/3/1
f 914/3/1 903/3/1 913/3/1
f 915/3/1 907/3/1 906/3/1
f 916/3/1 909/3/1 908/3/1
f 917/3/1 913/3/1 912/3/1
f 918/3/1 913/3/1 917/3/1
f 919/3/1 907/3/1 915/3/1
f 920/3/1 918/3/1 917/3/1
f 921/3/1 916/3/1 908/3/1
f 922/3/1 920/3/1 917/3/1
f 923/3/1 907/3/1 919/3/1
f 924/3/1 921/3/1 908/3/1
f 925/3/1 920/3/1 922/3/1
f 926/3/1 920/3/1 925/3/1
f 927/3/1 907/3/1 923/3/1
f 928/3/1 926/3/1 925/3/1
f 929/3/1 926/3/1 928/3/1
f 931/3/1 907/3/1 927/3/1
f 932/3/1 924/3/1 908/3/1
f 933/3/1 924/3/1 932/3/1
f 936/3/1 929/3/1 928/3/1
f 937/3/1 929/3/1 936/3/1
f 944/3/1 931/3/1 930/3/1
f 945/3/1 907/3/1 931/3/1
f 945/3/1 931/3/1 944/3/1
f 950/3/1 933/3/1 932/3/1
f 950/3/1 934/3/1 933/3/1
f 951/3/1 934/3/1 950/3/1
f 960/3/1 937/3/1 936/3/1
f 960/3/1 936/3/1 935/3/1
f 960/3/1 938/3/1 937/3/1
f 961/3/1 938/3/1 960/3/1
f 963/3/1 961/3/1 960/3/1
f 963/3/1 962/3/1 961/3/1
f 963/3/1 960/3/1 959/3/1
f 963/3/1 959/3/1 958/3/1
f 963/3/1 956/3/1 955/3/1
f 963/3/1 955/3/1 954/3/1
f 963/3/1 954/3/1 953/3/1
f 963/3/1 953/3/1 952/3/1
f 963/3/1 952/3/1 951/3/1
f 963/3/1 951/3/1 950/3/1
f 963/3/1 950/3/1 949/3/1
f 963/3/1 958/3/1 957/3/1
f 963/3/1 947/3/1 946/3/1
f 963/3/1 946/3/1 945/3/1
f 963/3/1 945/3/1 944/3/1
f 963/3/1 943/3/1 942/3/1
f 963/3/1 942/3/1 941/3/1
f 963/3/1 941/3/1 940/3/1
f 963/3/1 940/3/1 939/3/1
f 963/3/1 957/3/1 956/3/1
f 963/3/1 949/3/1 948/3/1
f 963/3/1 944/3/1 943/3/1
f 963/3/1 948/3/1 947/3/1
f 964/3/1 962/3/1 963/3/1
f 965/3/1 962/3/1 964/3/1
f 966/3/1 962/3/1 965/3/1
f 967/3/1 962/3/1 966/3/1
f 968/3/1 962/3/1 967/3/1
f 969/3/1 962/3/1 968/3/1
f 970/3/1 962/3/1 969/3/1
f 971/3/1 962/3/1 970/3/1
f 972/3/1 962/3/1 971/3/1
f 973/3/1 962/3/1 972/3/1
f 974/3/1 962/3/1 973/3/1
f 975/3/1 962/3/1 974/3/1
f 976/3/1 962/3/1 975/3/1
f 977/3/1 962/3/1 976/3/1
f 978/3/1 962/3/1 977/3/1
f 979/3/1 962/3/1 978/3/1
f 980/3/1 962/3/1 979/3/1
f 981/3/1 962/3/1 980/3/1
f 982/3/1 962/3/1 981/3/1
f 983/3/1 962/3/1 982/3/1
f 984/3/1 962/3/1 983/3/1
f 985/3/1 962/3/1 984/3/1
f 986/3/1 962/3/1 985/3/1
f 987/3/1 962/3/1 986/3/1
f 988/3/1 966/3/1 965/3/1
f 989/3/1 966/3/1 988/3/1
f 990/3/1 966/3/1 989/3/1
f 991/3/1 972/3/1 971/3/1
f 992/3/1 972/3/1 991/3/1
f 993/3/1 972/3/1 992/3/1
f 994/3/1 980/3/1 979/3/1
f 995/3/1 980/3/1 994/3/1
f 996/3/1 980/3/1 995/3/1
f 997/3/1 980/3/1 996/3/1
f 998/3/1 990/3/1 989/3/1
f 999/3/1 996/3/1 995/3/1
f 1000/3/1 990/3/1 998/3/1
f 1001/3/1 990/3/1 1000/3/1
f 1002/3/1 992/3/1 991/3/1
f 1003/3/1 992/3/1 1002/3/1
f 1004/3/1 996/3/1 999/3/1
f 1005/3/1 996/3/1 1004/3/1
f 1011/4/1 1007/4/1 1006/4/1
f 1012/4/1 1007/4/1 1011/4/1
f 1013/4/1 1009/4/1 1008/4/1
f 1014/4/1 1009/4/1 1013/4/1
f 1016/2/1 1012/2/1 1011/2/1
f 1016/2/1 1011/2/1 1010/2/1
f 1017/2/1 1012/2/1 1016/2/1
f 1018/2/1 1015/2/1 1014/2/1
f 1018/2/1 1014/2/1 1013/2/1
f 1019/2/1 1015/2/1 1018/2/1
f 1020/1/1 1017/1/1 1016/1/1
f 1021/2/1 1012/2/1 1017/2/1
f 1021/1/1 1017/1/1 1020/1/1
f 1022/2/1 1012/2/1 1021/2/1
f 1025/2/1 1018/2/1 1013/2/1
f 1026/1/1 1019/1/1 1018/1/1
f 1026/2/1 1018/2/1 1025/2/1
f 1027/1/1 1019/1/1 1026/1/1
f 1028/4/1 1021/4/1 1020/4/1
f 1029/2/1 1023/2/1 1022/2/1
f 1029/4/1 1021/4/1 1028/4/1
f 1029/2/1 1022/2/1 1021/2/1
f 1030/2/1 1023/2/1 1029/2/1
f 1031/2/1 1023/2/1 1030/2/1
f 1032/2/1 1023/2/1 1031/2/1
f 1033/2/1 1025/2/1 1024/2/1
f 1033/2/1 1026/2/1 1025/2/1
f 1034/2/1 1026/2/1 1033/2/1
f 1035/2/1 1026/2/1 1034/2/1
f 1036/2/1 1026/2/1 1035/2/1
f 1037/2/1 1026/2/1 1036/2/1
f 1038/2/1 1026/2/1 1037/2/1
f 1039/2/1 1026/2/1 1038/2/1
f 1040/2/1 1026/2/1 1039/2/1
f 1041/2/1 1026/2/1 1040/2/1
f 1042/2/1 1026/2/1 1041/2/1
f 1043/4/1 1027/4/1 1026/4/1
f 1043/2/1 1026/2/1 1042/2/1
f 1044/4/1 1027/4/1 1043/4/1
f 1045/2/1 1029/2/1 1028/2/1
f 1046/1/1 1030/1/1 1029/1/1
f 1046/2/1 1029/2/1 1045/2/1
f 1047/2/1 1031/2/1 1030/2/1
f 1047/1/1 1030/1/1 1046/1/1
f 1048/1/1 1032/1/1 1031/1/1
f 1048/2/1 1031/2/1 1047/2/1
f 1049/2/1 1023/2/1 1032/2/1
f 1049/1/1 1032/1/1 1048/1/1
f 1050/2/1 1023/2/1 1049/2/1
f 1051/1/1 1035/1/1 1034/1/1
f 1052/4/1 1036/4/1 1035/4/1
f 1052/1/1 1035/1/1 1051/1/1
f 1053/2/1 1037/2/1 1036/2/1
f 1053/4/1 1036/4/1 1052/4/1
f 1054/4/1 1038/4/1 1037/4/1
f 1054/2/1 1037/2/1 1053/2/1
f 1055/1/1 1039/1/1 1038/1/1
f 1055/4/1 1038/4/1 1054/4/1
f 1056/2/1 1040/2/1 1039/2/1
f 1056/1/1 1039/1/1 1055/1/1
f 1057/4/1 1041/4/1 1040/4/1
f 1057/2/1 1040/2/1 1056/2/1
f 1058/1/1 1042/1/1 1041/1/1
f 1058/4/1 1041/4/1 1057/4/1
f 1059/2/1 1044/2/1 1043/2/1
f 1059/1/1 1042/1/1 1058/1/1
f 1059/2/1 1043/2/1 1042/2/1
f 1060/2/1 1044/2/1 1059/2/1
f 1071/2/1 1062/2/1 1061/2/1
f 1072/4/1 1063/4/1 1062/4/1
f 1072/2/1 1062/2/1 1071/2/1
f 1073/1/1 1064/1/1 1063/1/1
f 1073/4/1 1063/4/1 1072/4/1
f 1074/2/1 1065/2/1 1064/2/1
f 1074/1/1 1064/1/1 1073/1/1
f 1075/1/1 1066/1/1 1065/1/1
f 1075/2/1 1065/2/1 1074/2/1
f 1076/2/1 1067/2/1 1066/2/1
f 1076/1/1 1066/1/1 1075/1/1
f 1077/4/1 1068/4/1 1067/4/1
f 1077/2/1 1067/2/1 1076/2/1
f 1078/1/1 1069/1/1 1068/1/1
f 1078/4/1 1068/4/1 1077/4/1
f 1079/2/1 1070/2/1 1069/2/1
f 1079/1/1 1069/1/1 1078/1/1
f 1080/2/1 1070/2/1 1079/2/1
f 1086/2/1 1082/2/1 1081/2/1
f 1087/4/1 1083/4/1 1082/4/1
f 1087/2/1 1082/2/1 1086/2/1
f 1088/1/1 1084/1/1 1083/1/1
f 1088/4/1 1083/4/1 1087/4/1
f 1089/2/1 1085/2/1 1084/2/1
f 1089/1/1 1084/1/1 1088/1/1
f 1090/2/1 1085/2/1 1089/2/1
f 1104/1/1 1092/1/1 1091/1/1
f 1105/2/1 1093/2/1 1092/2/1
f 1105/1/1 1092/1/1 1104/1/1
f 1106/4/1 1094/4/1 1093/4/1
f 1106/2/1 1093/2/1 1105/2/1
f 1107/1/1 1095/1/1 1094/1/1
f 1107/4/1 1094/4/1 1106/4/1
f 1108/2/1 1096/2/1 1095/2/1
f 1108/1/1 1095/1/1 1107/1/1
f 1109/4/1 1097/4/1 1096/4/1
f 1109/2/1 1096/2/1 1108/2/1
f 1110/1/1 1098/1/1 1097/1/1
f 1110/4/1 1097/4/1 1109/4/1
f 1111/4/1 1099/4/1 1098/4/1
f 1111/1/1 1098/1/1 1110/1/1
f 1112/2/1 1100/2/1 1099/2/1
f 1112/4/1 1099/4/1 1111/4/1
f 1113/1/1 1101/1/1 1100/1/1
f 1113/2/1 1100/2/1 1112/2/1
f 1114/2/1 1102/2/1 1101/2/1
f 1114/1/1 1101/1/1 1113/1/1
f 1115/2/1 1102/2/1 1114/2/1
f 1117/4/1 1104/4/1 1103/4/1
f 1118/4/1 1104/4/1 1117/4/1
f 1119/2/1 1116/2/1 1115/2/1
f 1120/2/1 1116/2/1 1119/2/1
f 1126/2/1 1122/2/1 1121/2/1
f 1127/1/1 1123/1/1 1122/1/1
f 1127/2/1 1122/2/1 1126/2/1
f 1128/2/1 1124/2/1 1123/2/1
f 1128/1/1 1123/1/1 1127/1/1
f 1129/1/1 1125/1/1 1124/1/1
f 1129/2/1 1124/2/1 1128/2/1
f 1130/1/1 1125/1/1 1129/1/1
f 1136/4/1 1132/4/1 1131/4/1
f 1137/4/1 1132/4/1 1136/4/1
f 1138/4/1 1134/4/1 1133/4/1
f 1139/4/1 1134/4/1 1138/4/1
f 1141/2/1 1137/2/1 1136/2/1
f 1141/2/1 1136/2/1 1135/2/1
f 1142/2/1 1137/2/1 1141/2/1
f 1143/2/1 1140/2/1 1139/2/1
f 1143/2/1 1139/2/1 1138/2/1
f 1144/2/1 1140/2/1 1143/2/1
f 1145/4/1 1142/4/1 1141/4/1
f 1146/2/1 1137/2/1 1142/2/1
f 1146/4/1 1142/4/1 1145/4/1
f 1147/2/1 1143/2/1 1138/2/1
f 1147/4/1 1144/4/1 1143/4/1
f 1148/4/1 1144/4/1 1147/4/1
f 1149/2/1 1146/2/1 1145/2/1
f 1150/2/1 1137/2/1 1146/2/1
f 1150/2/1 1146/2/1 1149/2/1
f 1151/2/1 1147/2/1 1138/2/1
f 1151/2/1 1148/2/1 1147/2/1
f 1152/2/1 1148/2/1 1151/2/1
f 1153/1/1 1150/1/1 1149/1/1
f 1154/2/1 1137/2/1 1150/2/1
f 1154/1/1 1150/1/1 1153/1/1
f 1155/2/1 1151/2/1 1138/2/1
f 1155/1/1 1152/1/1 1151/1/1
f 1156/1/1 1152/1/1 1155/1/1
f 1157/2/1 1154/2/1 1153/2/1
f 1158/2/1 1137/2/1 1154/2/1
f 1158/2/1 1154/2/1 1157/2/1
f 1159/2/1 1155/2/1 1138/2/1
f 1159/2/1 1156/2/1 1155/2/1
f 1160/2/1 1156/2/1 1159/2/1
f 1161/2/1 1137/2/1 1158/2/1
f 1162/2/1 1137/2/1 1161/2/1
f 1163/2/1 1159/2/1 1138/2/1
f 1164/2/1 1159/2/1 1163/2/1
f 1178/2/1 1166/2/1 1165/2/1
f 1179/4/1 1167/4/1 1166/4/1
f 1179/2/1 1166/2/1 1178/2/1
f 1180/2/1 1168/2/1 1167/2/1
f 1180/4/1 1167/4/1 1179/4/1
f 1181/1/1 1169/1/1 1168/1/1
f 1181/2/1 1168/2/1 1180/2/1
f 1182/1/1 1169/1/1 1181/1/1
f 1183/2/1 1171/2/1 1170/2/1
f 1184/1/1 1172/1/1 1171/1/1
f 1184/2/1 1171/2/1 1183/2/1
f 1185/2/1 1173/2/1 1172/2/1
f 1185/1/1 1172/1/1 1184/1/1
f 1186/4/1 1174/4/1 1173/4/1
f 1186/2/1 1173/2/1 1185/2/1
f 1187/2/1 1175/2/1 1174/2/1
f 1187/4/1 1174/4/1 1186/4/1
f 1188/4/1 1176/4/1 1175/4/1
f 1188/2/1 1175/2/1 1187/2/1
f 1189/1/1 1177/1/1 1176/1/1
f 1189/4/1 1176/4/1 1188/4/1
f 1190/1/1 1177/1/1 1189/1/1
f 1191/2/1 1178/2/1 1165/2/1
f 1192/2/1 1178/2/1 1191/2/1
f 1193/2/1 1190/2/1 1189/2/1
f 1194/2/1 1190/2/1 1193/2/1
f 1195/4/1 1192/4/1 1191/4/1
f 1196/4/1 1192/4/1 1195/4/1
f 1197/4/1 1194/4/1 1193/4/1
f 1198/4/1 1194/4/1 1197/4/1
f 1203/4/1 1200/4/1 1199/4/1
f 1212/4/1 1202/4/1 1201/4/1
f 1213/4/1 1203/4/1 1199/4/1
f 1214/2/1 1204/2/1 1203/2/1
f 1214/4/1 1203/4/1 1213/4/1
f 1215/1/1 1205/1/1 1204/1/1
f 1215/2/1 1204/2/1 1214/2/1
f 1216/4/1 1206/4/1 1205/4/1
f 1216/1/1 1205/1/1 1215/1/1
f 1217/4/1 1206/4/1 1216/4/1
f 1218/4/1 1208/4/1 1207/4/1
f 1219/2/1 1209/2/1 1208/2/1
f 1219/4/1 1208/4/1 1218/4/1
f 1220/1/1 1210/1/1 1209/1/1
f 1220/2/1 1209/2/1 1219/2/1
f 1221/4/1 1211/4/1 1210/4/1
f 1221/1/1 1210/1/1 1220/1/1
f 1222/2/1 1212/2/1 1211/2/1
f 1222/4/1 1211/4/1 1221/4/1
f 1223/4/1 1202/4/1 1212/4/1
f 1223/2/1 1212/2/1 1222/2/1
f 1224/4/1 1202/4/1 1223/4/1
f 1239/3/1 1226/3/1 1225/3/1
f 1240/1/1 1227/1/1 1226/1/1
f 1240/3/1 1226/3/1 1239/3/1
f 1241/4/1 1228/4/1 1227/4/1
f 1241/1/1 1227/1/1 1240/1/1
f 1242/2/1 1229/2/1 1228/2/1
f 1242/4/1 1228/4/1 1241/4/1
f 1243/1/1 1230/1/1 1229/1/1
f 1243/2/1 1229/2/1 1242/2/1
f 1244/2/1 1231/2/1 1230/2/1
f 1244/1/1 1230/1/1 1243/1/1
f 1245/2/1 1231/2/1 1244/2/1
f 1247/2/1 1233/2/1 1232/2/1
f 1248/1/1 1234/1/1 1233/1/1
f 1248/2/1 1233/2/1 1247/2/1
f 1249/1/1 1234/1/1 1248/1/1
f 1250/1/1 1234/1/1 1249/1/1
f 1251/2/1 1235/2/1 1234/2/1
f 1251/1/1 1234/1/1 1250/1/1
f 1252/1/1 1236/1/1 1235/1/1
f 1252/2/1 1235/2/1 1251/2/1
f 1253/1/1 1236/1/1 1252/1/1
f 1254/1/1 1236/1/1 1253/1/1
f 1255/1/1 1236/1/1 1254/1/1
f 1256/2/1 1237/2/1 1236/2/1
f 1256/1/1 1236/1/1 1255/1/1
f 1257/3/1 1238/3/1 1237/3/1
f 1257/2/1 1237/2/1 1256/2/1
f 1258/3/1 1238/3/1 1257/3/1
f 1259/2/1 1247/2/1 1246/2/1
f 1260/2/1 1247/2/1 1259/2/1
f 1261/1/1 1258/1/1 1257/1/1
f 1262/1/1 1240/1/1 1239/1/1
f 1263/1/1 1240/1/1 1262/1/1
f 1264/1/1 1258/1/1 1261/1/1
f 1265/1/1 1258/1/1 1264/1/1
f 1266/3/1 1263/3/1 1262/3/1
f 1267/3/1 1263/3/1 1266/3/1
f 1270/3/1 1265/3/1 1264/3/1
f 1271/3/1 1265/3/1 1270/3/1
f 1272/3/1 1268/3/1 1267/3/1
f 1273/3/1 1268/3/1 1272/3/1
f 1274/3/1 1270/3/1 1269/3/1
f 1275/3/1 1270/3/1 1274/3/1
f 1281/4/1 1277/4/1 1276/4/1
f 1282/4/1 1277/4/1 1281/4/1
f 1283/4/1 1279/4/1 1278/4/1
f 1284/4/1 1279/4/1 1283/4/1
f 1286/4/1 1281/4/1 1280/4/1
f 1287/4/1 1281/4/1 1286/4/1
f 1288/4/1 1285/4/1 1284/4/1
f 1289/4/1 1285/4/1 1288/4/1
f 1292/2/1 1287/2/1 1286/2/1
f 1297/2/1 1291/2/1 1290/2/1
f 1298/2/1 1291/2/1 1297/2/1
f 1306/2/1 1289/2/1 1288/2/1
f 1307/2/1 1292/2/1 1286/2/1
f 1308/1/1 1293/1/1 1292/1/1
f 1308/2/1 1292/2/1 1307/2/1
f 1308/1/1 1294/1/1 1293/1/1
f 1308/1/1 1295/1/1 1294/1/1
f 1309/2/1 1296/2/1 1295/2/1
f 1309/1/1 1295/1/1 1308/1/1
f 1310/2/1 1296/2/1 1309/2/1
f 1311/1/1 1299/1/1 1298/1/1
f 1311/1/1 1300/1/1 1299/1/1
f 1311/1/1 1301/1/1 1300/1/1
f 1312/2/1 1302/2/1 1301/2/1
f 1312/1/1 1301/1/1 1311/1/1
f 1313/1/1 1303/1/1 1302/1/1
f 1313/2/1 1302/2/1 1312/2/1
f 1314/4/1 1304/4/1 1303/4/1
f 1314/1/1 1303/1/1 1313/1/1
f 1315/1/1 1305/1/1 1304/1/1
f 1315/4/1 1304/4/1 1314/4/1
f 1316/4/1 1306/4/1 1305/4/1
f 1316/1/1 1305/1/1 1315/1/1
f 1317/2/1 1289/2/1 1306/2/1
f 1317/4/1 1306/4/1 1316/4/1
f 1318/2/1 1289/2/1 1317/2/1
f 1324/2/1 1320/2/1 1319/2/1
f 1325/1/1 1321/1/1 1320/1/1
f 1325/2/1 1320/2/1 1324/2/1
f 1326/4/1 1322/4/1 1321/4/1
f 1326/1/1 1321/1/1 1325/1/1
f 1327/2/1 1323/2/1 1322/2/1
f 1327/4/1 1322/4/1 1326/4/1
f 1328/2/1 1323/2/1 1327/2/1
f 1337/4/1 1330/4/1 1329/4/1
f 1338/1/1 1331/1/1 1330/1/1
f 1338/4/1 1330/4/1 1337/4/1
f 1339/2/1 1332/2/1 1331/2/1
f 1339/1/1 1331/1/1 1338/1/1
f 1340/1/1 1333/1/1 1332/1/1
f 1340/2/1 1332/2/1 1339/2/1
f 1341/2/1 1334/2/1 1333/2/1
f 1341/1/1 1333/1/1 1340/1/1
f 1342/1/1 1335/1/1 1334/1/1
f 1342/2/1 1334/2/1 1341/2/1
f 1343/2/1 1336/2/1 1335/2/1
f 1343/1/1 1335/1/1 1342/1/1
f 1344/2/1 1336/2/1 1343/2/1
f 1351/1/1 1346/1/1 1345/1/1
f 1352/2/1 1347/2/1 1346/2/1
f 1352/1/1 1346/1/1 1351/1/1
f 1353/4/1 1348/4/1 1347/4/1
f 1353/2/1 1347/2/1 1352/2/1
f 1354/1/1 1349/1/1 1348/1/1
f 1354/4/1 1348/4/1 1353/4/1
f 1355/2/1 1350/2/1 1349/2/1
f 1355/1/1 1349/1/1 1354/1/1
f 1356/2/1 1350/2/1 1355/2/1
f 1357/2/1 1350/2/1 1356/2/1
f 1362/2/1 1359/2/1 1358/2/1
f 1363/2/1 1359/2/1 1362/2/1
f 1370/4/1 1361/4/1 1360/4/1
f 1371/4/1 1361/4/1 1370/4/1
f 1372/1/1 1364/1/1 1363/1/1
f 1372/1/1 1365/1/1 1364/1/1
f 1372/1/1 1366/1/1 1365/1/1
f 1373/2/1 1367/2/1 1366/2/1
f 1373/1/1 1366/1/1 1372/1/1
f 1374/1/1 1369/1/1 1368/1/1
f 1374/2/1 1367/2/1 1373/2/1
f 1374/1/1 1370/1/1 1369/1/1
f 1374/1/1 1368/1/1 1367/1/1
f 1375/1/1 1370/1/1 1374/1/1
f 1380/4/1 1377/4/1 1376/4/1
f 1381/4/1 1377/4/1 1380/4/1
f 1382/4/1 1379/4/1 1378/4/1
f 1383/4/1 1379/4/1 1382/4/1
f 1384/2/1 1381/2/1 1380/2/1
f 1385/2/1 1381/2/1 1384/2/1
f 1386/2/1 1383/2/1 1382/2/1
f 1387/2/1 1383/2/1 1386/2/1
f 1388/3/1 1385/3/1 1384/3/1
f 1389/3/1 1385/3/1 1388/3/1
f 1390/3/1 1387/3/1 1386/3/1
f 1391/3/1 1387/3/1 1390/3/1
f 1392/4/1 1389/4/1 1388/4/1
f 1393/4/1 1389/4/1 1392/4/1
f 1394/4/1 1391/4/1 1390/4/1
f 1395/4/1 1391/4/1 1394/4/1
f 1406/2/1 1397/2/1 1396/2/1
f 1407/4/1 1398/4/1 1397/4/1
f 1407/2/1 1397/2/1 1406/2/1
f 1408/1/1 1399/1/1 1398/1/1
f 1408/4/1 1398/4/1 1407/4/1
f 1409/2/1 1400/2/1 1399/2/1
f 1409/1/1 1399/1/1 1408/1/1
f 1410/1/1 1401/1/1 1400/1/1
f 1410/2/1 1400/2/1 1409/2/1
f 1411/2/1 1402/2/1 1401/2/1
f 1411/1/1 1401/1/1 1410/1/1
f 1412/4/1 1403/4/1 1402/4/1
f 1412/2/1 1402/2/1 1411/2/1
f 1413/1/1 1404/1/1 1403/1/1
f 1413/4/1 1403/4/1 1412/4/1
f 1414/2/1 1405/2/1 1404/2/1
f 1414/1/1 1404/1/1 1413/1/1
f 1415/2/1 1405/2/1 1414/2/1
f 1421/1/1 1417/1/1 1416/1/1
f 1422/1/1 1417/1/1 1421/1/1
f 1423/1/1 1419/1/1 1418/1/1
f 1424/1/1 1419/1/1 1423/1/1
f 1426/4/1 1421/4/1 1420/4/1
f 1427/4/1 1421/4/1 1426/4/1
f 1428/4/1 1425/4/1 1424/4/1
f 1429/4/1 1425/4/1 1428/4/1
f 1430/2/1 1427/2/1 1426/2/1
f 1431/2/1 1427/2/1 1430/2/1
f 1432/2/1 1429/2/1 1428/2/1
f 1433/2/1 1429/2/1 1432/2/1
f 1434/3/1 1431/3/1 1430/3/1
f 1435/3/1 1431/3/1 1434/3/1
f 1436/3/1 1433/3/1 1432/3/1
f 1437/3/1 1433/3/1 1436/3/1
f 1438/1/1 1435/1/1 1434/1/1
f 1439/1/1 1437/1/1 1436/1/1
f 1440/1/1 1438/1/1 1434/1/1
f 1441/1/1 1438/1/1 1440/1/1
f 1442/1/1 1437/1/1 1439/1/1
f 1443/1/1 1437/1/1 1442/1/1
f 1444/2/1 1441/2/1 1440/2/1
f 1445/2/1 1441/2/1 1444/2/1
f 1448/2/1 1443/2/1 1442/2/1
f 1449/2/1 1443/2/1 1448/2/1
f 1450/2/1 1446/2/1 1445/2/1
f 1451/2/1 1446/2/1 1450/2/1
f 1452/2/1 1448/2/1 1447/2/1
f 1453/2/1 1448/2/1 1452/2/1
f 1459/2/1 1455/2/1 1454/2/1
f 1460/4/1 1456/4/1 1455/4/1
f 1460/2/1 1455/2/1 1459/2/1
f 1461/1/1 1457/1/1 1456/1/1
f 1461/4/1 1456/4/1 1460/4/1
f 1462/2/1 1458/2/1 1457/2/1
f 1462/1/1 1457/1/1 1461/1/1
f 1463/2/1 1458/2/1 1462/2/1
f 1475/2/1 1465/2/1 1464/2/1
f 1476/4/1 1466/4/1 1465/4/1
f 1476/2/1 1465/2/1 1475/2/1
f 1477/1/1 1467/1/1 1466/1/1
f 1477/4/1 1466/4/1 1476/4/1
f 1478/2/1 1468/2/1 1467/2/1
f 1478/1/1 1467/1/1 1477/1/1
f 1479/4/1 1469/4/1 1468/4/1
f 1479/2/1 1468/2/1 1478/2/1
f 1480/1/1 1470/1/1 1469/1/1
f 1480/4/1 1469/4/1 1479/4/1
f 1481/1/1 1470/1/1 1480/1/1
f 1482/4/1 1471/4/1 1470/4/1
f 1482/1/1 1470/1/1 1481/1/1
f 1483/1/1 1472/1/1 1471/1/1
f 1483/4/1 1471/4/1 1482/4/1
f 1484/2/1 1473/2/1 1472/2/1
f 1484/1/1 1472/1/1 1483/1/1
f 1485/2/1 1473/2/1 1484/2/1
f 1487/1/1 1475/1/1 1474/1/1
f 1488/1/1 1475/1/1 1487/1/1
f 1489/4/1 1486/4/1 1485/4/1
f 1490/4/1 1486/4/1 1489/4/1
f 1497/2/1 1492/2/1 1491/2/1
f 1498/4/1 1493/4/1 1492/4/1
f 1498/2/1 1492/2/1 1497/2/1
f 1499/1/1 1494/1/1 1493/1/1
f 1499/4/1 1493/4/1 1498/4/1
f 1500/2/1 1495/2/1 1494/2/1
f 1500/1/1 1494/1/1 1499/1/1
f 1501/1/1 1496/1/1 1495/1/1
f 1501/2/1 1495/2/1 1500/2/1
f 1502/1/1 1496/1/1 1501/1/1
f 1518/4/1 1504/4/1 1503/4/1
f 1519/2/1 1505/2/1 1504/2/1
f 1519/4/1 1504/4/1 1518/4/1
f 1520/1/1 1506/1/1 1505/1/1
f 1520/2/1 1505/2/1 1519/2/1
f 1521/2/1 1507/2/1 1506/2/1
f 1521/1/1 1506/1/1 1520/1/1
f 1522/1/1 1508/1/1 1507/1/1
f 1522/2/1 1507/2/1 1521/2/1
f 1523/1/1 1508/1/1 1522/1/1
f 1525/2/1 1510/2/1 1509/2/1
f 1526/1/1 1511/1/1 1510/1/1
f 1526/2/1 1510/2/1 1525/2/1
f 1527/2/1 1512/2/1 1511/2/1
f 1527/1/1 1511/1/1 1526/1/1
f 1528/1/1 1513/1/1 1512/1/1
f 1528/2/1 1512/2/1 1527/2/1
f 1529/2/1 1514/2/1 1513/2/1
f 1529/1/1 1513/1/1 1528/1/1
f 1530/4/1 1515/4/1 1514/4/1
f 1530/2/1 1514/2/1 1529/2/1
f 1531/2/1 1516/2/1 1515/2/1
f 1531/4/1 1515/4/1 1530/4/1
f 1532/4/1 1517/4/1 1516/4/1
f 1532/2/1 1516/2/1 1531/2/1
f 1533/4/1 1517/4/1 1532/4/1
f 1534/2/1 1520/2/1 1519/2/1
f 1534/2/1 1521/2/1 1520/2/1
f 1534/2/1 1523/2/1 1522/2/1
f 1534/2/1 1522/2/1 1521/2/1
f 1535/2/1 1523/2/1 1534/2/1
f 1536/2/1 1531/2/1 1530/2/1
f 1536/2/1 1532/2/1 1531/2/1
f 1536/2/1 1525/2/1 1524/2/1
f 1536/2/1 1526/2/1 1525/2/1
f 1536/2/1 1530/2/1 1529/2/1
f 1536/2/1 1529/2/1 1528/2/1
f 1536/2/1 1528/2/1 1527/2/1
f 1536/2/1 1527/2/1 1526/2/1
f 1537/2/1 1532/2/1 1536/2/1
f 1538/1/1 1519/1/1 1518/1/1
f 1539/2/1 1534/2/1 1519/2/1
f 1539/1/1 1519/1/1 1538/1/1
f 1540/2/1 1532/2/1 1537/2/1
f 1540/1/1 1533/1/1 1532/1/1
f 1541/1/1 1533/1/1 1540/1/1
f 1542/3/1 1539/3/1 1538/3/1
f 1543/2/1 1534/2/1 1539/2/1
f 1543/3/1 1539/3/1 1542/3/1
f 1544/2/1 1534/2/1 1543/2/1
f 1545/2/1 1540/2/1 1537/2/1
f 1546/3/1 1541/3/1 1540/3/1
f 1546/2/1 1540/2/1 1545/2/1
f 1547/3/1 1541/3/1 1546/3/1
f 1548/3/1 1544/3/1 1543/3/1
f 1549/3/1 1544/3/1 1548/3/1
f 1550/3/1 1546/3/1 1545/3/1
f 1551/3/1 1546/3/1 1550/3/1
f 1556/4/1 1553/4/1 1552/4/1
f 1557/4/1 1553/4/1 1556/4/1
f 1566/4/1 1555/4/1 1554/4/1
f 1567/2/1 1557/2/1 1556/2/1
f 1567/2/1 1558/2/1 1557/2/1
f 1568/4/1 1559/4/1 1558/4/1
f 1568/2/1 1558/2/1 1567/2/1
f 1569/2/1 1560/2/1 1559/2/1
f 1569/4/1 1559/4/1 1568/4/1
f 1570/2/1 1560/2/1 1569/2/1
f 1571/4/1 1562/4/1 1561/4/1
f 1572/2/1 1563/2/1 1562/2/1
f 1572/4/1 1562/4/1 1571/4/1
f 1573/1/1 1564/1/1 1563/1/1
f 1573/2/1 1563/2/1 1572/2/1
f 1574/4/1 1565/4/1 1564/4/1
f 1574/1/1 1564/1/1 1573/1/1
f 1575/2/1 1566/2/1 1565/2/1
f 1575/4/1 1565/4/1 1574/4/1
f 1576/4/1 1555/4/1 1566/4/1
f 1576/2/1 1566/2/1 1575/2/1
f 1577/4/1 1555/4/1 1576/4/1
f 1583/1/1 1579/1/1 1578/1/1
f 1584/1/1 1579/1/1 1583/1/1
f 1585/1/1 1581/1/1 1580/1/1
f 1586/1/1 1581/1/1 1585/1/1
f 1588/4/1 1583/4/1 1582/4/1
f 1589/4/1 1583/4/1 1588/4/1
f 1590/4/1 1587/4/1 1586/4/1
f 1591/4/1 1587/4/1 1590/4/1
f 1592/2/1 1589/2/1 1588/2/1
f 1595/2/1 1592/2/1 1588/2/1
f 1596/2/1 1592/2/1 1595/2/1
f 1601/2/1 1594/2/1 1593/2/1
f 1602/2/1 1594/2/1 1601/2/1
f 1610/2/1 1591/2/1 1590/2/1
f 1611/2/1 1591/2/1 1610/2/1
f 1612/3/1 1596/3/1 1595/3/1
f 1613/2/1 1597/2/1 1596/2/1
f 1613/3/1 1596/3/1 1612/3/1
f 1614/4/1 1598/4/1 1597/4/1
f 1614/2/1 1597/2/1 1613/2/1
f 1614/4/1 1599/4/1 1598/4/1
f 1615/1/1 1600/1/1 1599/1/1
f 1615/4/1 1599/4/1 1614/4/1
f 1616/1/1 1600/1/1 1615/1/1
f 1617/1/1 1603/1/1 1602/1/1
f 1617/1/1 1604/1/1 1603/1/1
f 1617/1/1 1605/1/1 1604/1/1
f 1618/2/1 1606/2/1 1605/2/1
f 1618/1/1 1605/1/1 1617/1/1
f 1619/1/1 1607/1/1 1606/1/1
f 1619/2/1 1606/2/1 1618/2/1
f 1620/4/1 1608/4/1 1607/4/1
f 1620/1/1 1607/1/1 1619/1/1
f 1621/1/1 1609/1/1 1608/1/1
f 1621/4/1 1608/4/1 1620/4/1
f 1622/4/1 1610/4/1 1609/4/1
f 1622/1/1 1609/1/1 1621/1/1
f 1623/3/1 1611/3/1 1610/3/1
f 1623/4/1 1610/4/1 1622/4/1
f 1624/3/1 1611/3/1 1623/3/1
f 1630/2/1 1626/2/1 1625/2/1
f 1631/1/1 1627/1/1 1626/1/1
f 1631/2/1 1626/2/1 1630/2/1
f 1632/4/1 1628/4/1 1627/4/1
f 1632/1/1 1627/1/1 1631/1/1
f 1633/2/1 1629/2/1 1628/2/1
f 1633/4/1 1628/4/1 1632/4/1
f 1634/2/1 1629/2/1 1633/2/1
f 1639/4/1 1636/4/1 1635/4/1
f 1640/2/1 1637/2/1 1636/2/1
f 1640/4/1 1636/4/1 1639/4/1
f 1641/2/1 1637/2/1 1640/2/1
f 1642/2/1 1637/2/1 1641/2/1
f 1643/2/1 1637/2/1 1642/2/1
f 1644/2/1 1637/2/1 1643/2/1
f 1645/2/1 1637/2/1 1644/2/1
f 1646/2/1 1637/2/1 1645/2/1
f 1647/2/1 1637/2/1 1646/2/1
f 1648/1/1 1638/1/1 1637/1/1
f 1648/2/1 1637/2/1 1647/2/1
f 1649/1/1 1638/1/1 1648/1/1
f 1650/2/1 1641/2/1 1640/2/1
f 1651/1/1 1642/1/1 1641/1/1
f 1651/2/1 1641/2/1 1650/2/1
f 1652/2/1 1643/2/1 1642/2/1
f 1652/1/1 1642/1/1 1651/1/1
f 1653/1/1 1644/1/1 1643/1/1
f 1653/2/1 1643/2/1 1652/2/1
f 1654/4/1 1645/4/1 1644/4/1
f 1654/1/1 1644/1/1 1653/1/1
f 1655/2/1 1646/2/1 1645/2/1
f 1655/4/1 1645/4/1 1654/4/1
f 1656/1/1 1647/1/1 1646/1/1
f 1656/2/1 1646/2/1 1655/2/1
f 1657/2/1 1648/2/1 1647/2/1
f 1657/1/1 1647/1/1 1656/1/1
f 1658/2/1 1648/2/1 1657/2/1
f 1665/1/1 1660/1/1 1659/1/1
f 1666/2/1 1661/2/1 1660/2/1
f 1666/1/1 1660/1/1 1665/1/1
f 1667/4/1 1662/4/1 1661/4/1
f 1667/2/1 1661/2/1 1666/2/1
f 1668/1/1 1663/1/1 1662/1/1
f 1668/4/1 1662/4/1 1667/4/1
f 1669/2/1 1664/2/1 1663/2/1
f 1669/1/1 1663/1/1 1668/1/1
f 1670/2/1 1664/2/1 1669/2/1
f 1671/2/1 1664/2/1 1670/2/1
f 1687/2/1 1673/2/1 1672/2/1
f 1687/1/1 1674/1/1 1673/1/1
f 1688/2/1 1675/2/1 1674/2/1
f 1688/1/1 1674/1/1 1687/1/1
f 1689/1/1 1676/1/1 1675/1/1
f 1689/2/1 1675/2/1 1688/2/1
f 1690/1/1 1676/1/1 1689/1/1
f 1692/2/1 1678/2/1 1677/2/1
f 1693/4/1 1679/4/1 1678/4/1
f 1693/2/1 1678/2/1 1692/2/1
f 1694/1/1 1680/1/1 1679/1/1
f 1694/4/1 1679/4/1 1693/4/1
f 1695/2/1 1681/2/1 1680/2/1
f 1695/1/1 1680/1/1 1694/1/1
f 1696/4/1 1682/4/1 1681/4/1
f 1696/2/1 1681/2/1 1695/2/1
f 1697/1/1 1683/1/1 1682/1/1
f 1697/4/1 1682/4/1 1696/4/1
f 1698/4/1 1684/4/1 1683/4/1
f 1698/1/1 1683/1/1 1697/1/1
f 1699/1/1 1685/1/1 1684/1/1
f 1699/4/1 1684/4/1 1698/4/1
f 1700/2/1 1686/2/1 1685/2/1
f 1700/1/1 1685/1/1 1699/1/1
f 1701/2/1 1687/2/1 1672/2/1
f 1701/2/1 1688/2/1 1687/2/1
f 1701/2/1 1690/2/1 1689/2/1
f 1701/2/1 1689/2/1 1688/2/1
f 1702/2/1 1690/2/1 1701/2/1
f 1703/2/1 1690/2/1 1702/2/1
f 1704/1/1 1692/1/1 1691/1/1
f 1705/2/1 1699/2/1 1698/2/1
f 1705/1/1 1692/1/1 1704/1/1
f 1705/2/1 1698/2/1 1697/2/1
f 1705/2/1 1700/2/1 1699/2/1
f 1705/2/1 1693/2/1 1692/2/1
f 1705/2/1 1697/2/1 1696/2/1
f 1705/2/1 1696/2/1 1695/2/1
f 1705/2/1 1695/2/1 1694/2/1
f 1705/2/1 1694/2/1 1693/2/1
f 1706/2/1 1686/2/1 1700/2/1
f 1706/2/1 1700/2/1 1705/2/1
f 1707/2/1 1686/2/1 1706/2/1
f 1708/4/1 1702/4/1 1701/4/1
f 1709/4/1 1702/4/1 1708/4/1
f 1710/4/1 1707/4/1 1706/4/1
f 1711/4/1 1707/4/1 1710/4/1
f 1712/3/1 1709/3/1 1708/3/1
f 1713/3/1 1709/3/1 1712/3/1
f 1714/3/1 1711/3/1 1710/3/1
f 1715/3/1 1711/3/1 1714/3/1
f 1720/4/1 1717/4/1 1716/4/1
f 1721/4/1 1719/4/1 1718/4/1
f 1722/4/1 1720/4/1 1716/4/1
f 1723/4/1 1719/4/1 1721/4/1
f 1724/4/1 1722/4/1 1716/4/1
f 1725/4/1 1722/4/1 1724/4/1
f 1728/4/1 1719/4/1 1723/4/1
f 1729/4/1 1719/4/1 1728/4/1
f 1730/3/1 1726/3/1 1725/3/1
f 1731/3/1 1726/3/1 1730/3/1
f 1732/3/1 1728/3/1 1727/3/1
f 1733/3/1 1728/3/1 1732/3/1
f 1738/1/1 1735/1/1 1734/1/1
f 1739/1/1 1735/1/1 1738/1/1
f 1740/1/1 1737/1/1 1736/1/1
f 1741/1/1 1737/1/1 1740/1/1
f 1742/4/1 1739/4/1 1738/4/1
f 1743/4/1 1739/4/1 1742/4/1
f 1744/4/1 1741/4/1 1740/4/1
f 1745/4/1 1741/4/1 1744/4/1
f 1746/2/1 1743/2/1 1742/2/1
f 1747/2/1 1743/2/1 1746/2/1
f 1748/2/1 1745/2/1 1744/2/1
f 1749/2/1 1745/2/1 1748/2/1
f 1750/1/1 1747/1/1 1746/1/1
f 1751/1/1 1747/1/1 1750/1/1
f 1752/1/1 1749/1/1 1748/1/1
f 1753/1/1 1749/1/1 1752/1/1
f 1754/2/1 1751/2/1 1750/2/1
f 1755/2/1 1751/2/1 1754/2/1
f 1756/2/1 1753/2/1 1752/2/1
f 1757/2/1 1753/2/1 1756/2/1
f 1763/4/1 1759/4/1 1758/4/1
f 1764/4/1 1759/4/1 1763/4/1
f 1765/4/1 1761/4/1 1760/4/1
f 1766/4/1 1761/4/1 1765/4/1
f 1768/2/1 1763/2/1 1762/2/1
f 1769/2/1 1763/2/1 1768/2/1
f 1770/2/1 1767/2/1 1766/2/1
f 1771/2/1 1767/2/1 1770/2/1
f 1772/4/1 1769/4/1 1768/4/1
f 1773/4/1 1769/4/1 1772/4/1
f 1774/4/1 1771/4/1 1770/4/1
f 1775/4/1 1771/4/1 1774/4/1
f 1776/2/1 1773/2/1 1772/2/1
f 1777/2/1 1773/2/1 1776/2/1
f 1778/2/1 1775/2/1 1774/2/1
f 1779/2/1 1775/2/1 1778/2/1
f 1780/1/1 1777/1/1 1776/1/1
f 1781/1/1 1777/1/1 1780/1/1
f 1782/1/1 1779/1/1 1778/1/1
f 1783/1/1 1779/1/1 1782/1/1
f 1784/2/1 1781/2/1 1780/2/1
f 1785/2/1 1781/2/1 1784/2/1
f 1788/2/1 1783/2/1 1782/2/1
f 1789/2/1 1783/2/1 1788/2/1
f 1790/2/1 1786/2/1 1785/2/1
f 1791/2/1 1786/2/1 1790/2/1
f 1792/2/1 1788/2/1 1787/2/1
f 1793/2/1 1788/2/1 1792/2/1
f 1794/3/2 1795/3/2 1799/3/2
f 1799/3/2 1795/3/2 1800/3/2
f 1796/3/2 1797/3/2 1801/3/2
f 1801/3/2 1797/3/2 1802/3/2
f 1798/4/2 1799/4/2 1804/4/2
f 1802/4/2 1803/4/2 1805/4/2
f 1798/4/2 1804/4/2 1806/4/2
f 1805/4/2 1803/4/2 1807/4/2
f 1798/4/2 1806/4/2 1808/4/2
f 1808/4/2 1806/4/2 1809/4/2
f 1807/4/2 1803/4/2 1810/4/2
f 1810/4/2 1803/4/2 1811/4/2
f 1812/3/2 1813/3/2 1816/3/2
f 1816/3/2 1813/3/2 1817/3/2
f 1814/3/2 1815/3/2 1818/3/2
f 1818/3/2 1815/3/2 1819/3/2
f 1816/4/2 1817/4/2 1820/4/2
f 1820/4/2 1817/4/2 1821/4/2
f 1818/4/2 1819/4/2 1825/4/2
f 1825/4/2 1819/4/2 1826/4/2
f 1820/2/2 1821/2/2 1827/2/2
f 1821/2/2 1822/2/2 1827/2/2
f 1827/2/2 1822/2/2 1828/2/2
f 1828/2/2 1822/2/2 1829/2/2
f 1829/2/2 1822/2/2 1830/2/2
f 1823/1/2 1824/1/2 1831/1/2
f 1825/2/2 1826/2/2 1832/2/2
f 1831/1/2 1824/1/2 1832/1/2
f 1824/2/2 1825/2/2 1832/2/2
f 1832/2/2 1826/2/2 1833/2/2
f 1833/2/2 1826/2/2 1834/2/2
f 1834/2/2 1826/2/2 1835/2/2
f 1835/2/2 1826/2/2 1836/2/2
f 1836/2/2 1826/2/2 1837/2/2
f 1837/2/2 1826/2/2 1838/2/2
f 1838/2/2 1826/2/2 1839/2/2
f 1839/2/2 1826/2/2 1840/2/2
f 1820/2/2 1827/2/2 1841/2/2
f 1827/1/2 1828/1/2 1842/1/2
f 1841/2/2 1827/2/2 1842/2/2
f 1828/2/2 1829/2/2 1843/2/2
f 1842/1/2 1828/1/2 1843/1/2
f 1829/1/2 1830/1/2 1844/1/2
f 1843/2/2 1829/2/2 1844/2/2
f 1844/1/2 1830/1/2 1845/1/2
f 1832/2/2 1833/2/2 1846/2/2
f 1833/4/2 1834/4/2 1847/4/2
f 1846/2/2 1833/2/2 1847/2/2
f 1834/1/2 1835/1/2 1848/1/2
f 1847/4/2 1834/4/2 1848/4/2
f 1835/2/2 1836/2/2 1849/2/2
f 1848/1/2 1835/1/2 1849/1/2
f 1836/4/2 1837/4/2 1850/4/2
f 1849/2/2 1836/2/2 1850/2/2
f 1837/1/2 1838/1/2 1851/1/2
f 1850/4/2 1837/4/2 1851/4/2
f 1838/4/2 1839/4/2 1852/4/2
f 1851/1/2 1838/1/2 1852/1/2
f 1839/1/2 1840/1/2 1853/1/2
f 1852/4/2 1839/4/2 1853/4/2
f 1840/2/2 1826/2/2 1854/2/2
f 1853/1/2 1840/1/2 1854/1/2
f 1854/2/2 1826/2/2 1855/2/2
f 1856/1/2 1857/1/2 1863/1/2
f 1857/2/2 1858/2/2 1864/2/2
f 1863/1/2 1857/1/2 1864/1/2
f 1858/4/2 1859/4/2 1865/4/2
f 1864/2/2 1858/2/2 1865/2/2
f 1859/1/2 1860/1/2 1866/1/2
f 1865/4/2 1859/4/2 1866/4/2
f 1861/2/2 1862/2/2 1867/2/2
f 1866/1/2 1860/1/2 1867/1/2
f 1860/2/2 1861/2/2 1867/2/2
f 1867/2/2 1862/2/2 1868/2/2
f 1869/2/2 1870/2/2 1879/2/2
f 1870/1/2 1871/1/2 1880/1/2
f 1879/2/2 1870/2/2 1880/2/2
f 1871/2/2 1872/2/2 1881/2/2
f 1880/1/2 1871/1/2 1881/1/2
f 1872/1/2 1873/1/2 1882/1/2
f 1881/2/2 1872/2/2 1882/2/2
f 1873/4/2 1874/4/2 1883/4/2
f 1882/1/2 1873/1/2 1883/1/2
f 1874/2/2 1875/2/2 1884/2/2
f 1883/4/2 1874/4/2 1884/4/2
f 1875/1/2 1876/1/2 1885/1/2
f 1884/2/2 1875/2/2 1885/2/2
f 1876/2/2 1877/2/2 1886/2/2
f 1885/1/2 1876/1/2 1886/1/2
f 1886/2/2 1877/2/2 1887/2/2
f 1878/4/2 1879/4/2 1889/4/2
f 1884/2/2 1885/2/2 1890/2/2
f 1889/4/2 1879/4/2 1890/4/2
f 1879/2/2 1880/2/2 1890/2/2
f 1886/2/2 1887/2/2 1890/2/2
f 1885/2/2 1886/2/2 1890/2/2
f 1880/2/2 1881/2/2 1890/2/2
f 1883/2/2 1884/2/2 1890/2/2
f 1882/2/2 1883/2/2 1890/2/2
f 1881/2/2 1882/2/2 1890/2/2
f 1887/1/2 1888/1/2 1891/1/2
f 1890/2/2 1887/2/2 1891/2/2
f 1891/1/2 1888/1/2 1892/1/2
f 1893/2/2 1894/2/2 1898/2/2
f 1894/1/2 1895/1/2 1899/1/2
f 1898/2/2 1894/2/2 1899/2/2
f 1895/4/2 1896/4/2 1900/4/2
f 1899/1/2 1895/1/2 1900/1/2
f 1896/2/2 1897/2/2 1901/2/2
f 1900/4/2 1896/4/2 1901/4/2
f 1901/2/2 1897/2/2 1902/2/2
f 1903/3/2 1904/3/2 1908/3/2
f 1908/3/2 1904/3/2 1909/3/2
f 1905/3/2 1906/3/2 1910/3/2
f 1910/3/2 1906/3/2 1911/3/2
f 1907/3/2 1908/3/2 1913/3/2
f 1913/3/2 1908/3/2 1914/3/2
f 1911/3/2 1912/3/2 1915/3/2
f 1915/3/2 1912/3/2 1916/3/2
f 1913/1/2 1914/1/2 1917/1/2
f 1917/1/2 1914/1/2 1918/1/2
f 1915/1/2 1916/1/2 1919/1/2
f 1919/1/2 1916/1/2 1920/1/2
f 1917/4/2 1918/4/2 1921/4/2
f 1919/4/2 1920/4/2 1922/4/2
f 1917/4/2 1921/4/2 1923/4/2
f 1923/4/2 1921/4/2 1924/4/2
f 1922/4/2 1920/4/2 1925/4/2
f 1925/4/2 1920/4/2 1926/4/2
f 1923/1/2 1924/1/2 1927/1/2
f 1927/1/2 1924/1/2 1928/1/2
f 1925/1/2 1926/1/2 1931/1/2
f 1931/1/2 1926/1/2 1932/1/2
f 1928/4/2 1929/4/2 1933/4/2
f 1933/4/2 1929/4/2 1934/4/2
f 1930/4/2 1931/4/2 1935/4/2
f 1935/4/2 1931/4/2 1936/4/2
f 1937/3/2 1938/3/2 1950/3/2
f 1938/2/2 1939/2/2 1951/2/2
f 1950/3/2 1938/3/2 1951/3/2
f 1939/4/2 1940/4/2 1952/4/2
f 1951/2/2 1939/2/2 1952/2/2
f 1952/4/2 1940/4/2 1953/4/2
f 1940/1/2 1941/1/2 1954/1/2
f 1953/4/2 1940/4/2 1954/4/2
f 1954/1/2 1941/1/2 1955/1/2
f 1942/1/2 1943/1/2 1957/1/2
f 1957/1/2 1943/1/2 1958/1/2
f 1958/1/2 1943/1/2 1959/1/2
f 1943/2/2 1944/2/2 1960/2/2
f 1959/1/2 1943/1/2 1960/1/2
f 1944/1/2 1945/1/2 1961/1/2
f 1960/2/2 1944/2/2 1961/2/2
f 1945/4/2 1946/4/2 1962/4/2
f 1961/1/2 1945/1/2 1962/1/2
f 1946/1/2 1947/1/2 1963/1/2
f 1962/4/2 1946/4/2 1963/4/2
f 1947/4/2 1948/4/2 1964/4/2
f 1963/1/2 1947/1/2 1964/1/2
f 1948/3/2 1949/3/2 1965/3/2
f 1964/4/2 1948/4/2 1965/4/2
f 1965/3/2 1949/3/2 1966/3/2
f 1950/2/2 1951/2/2 1967/2/2
f 1956/2/2 1957/2/2 1968/2/2
f 1968/2/2 1957/2/2 1969/2/2
f 1950/2/2 1967/2/2 1970/2/2
f 1970/2/2 1967/2/2 1971/2/2
f 1965/2/2 1966/2/2 1972/2/2
f 1972/2/2 1966/2/2 1973/2/2
f 1970/4/2 1971/4/2 1974/4/2
f 1974/4/2 1971/4/2 1975/4/2
f 1972/4/2 1973/4/2 1978/4/2
f 1978/4/2 1973/4/2 1979/4/2
f 1975/1/2 1976/1/2 1980/1/2
f 1980/1/2 1976/1/2 1981/1/2
f 1977/1/2 1978/1/2 1982/1/2
f 1982/1/2 1978/1/2 1983/1/2
f 1984/4/2 1985/4/2 1988/4/2
f 1988/4/2 1985/4/2 1989/4/2
f 1986/4/2 1987/4/2 1990/4/2
f 1990/4/2 1987/4/2 1991/4/2
f 1988/3/2 1989/3/2 1992/3/2
f 1992/3/2 1989/3/2 1993/3/2
f 1990/3/2 1991/3/2 1994/3/2
f 1994/3/2 1991/3/2 1995/3/2
f 1992/4/2 1993/4/2 1996/4/2
f 1996/4/2 1993/4/2 1997/4/2
f 1994/4/2 1995/4/2 1998/4/2
f 1998/4/2 1995/4/2 1999/4/2
f 1996/2/2 1997/2/2 2000/2/2
f 2000/2/2 1997/2/2 2001/2/2
f 1998/2/2 1999/2/2 2002/2/2
f 2002/2/2 1999/2/2 2003/2/2
f 2000/1/2 2001/1/2 2004/1/2
f 2004/1/2 2001/1/2 2005/1/2
f 2002/1/2 2003/1/2 2006/1/2
f 2006/1/2 2003/1/2 2007/1/2
f 2008/2/2 2009/2/2 2019/2/2
f 2019/2/2 2009/2/2 2020/2/2
f 2009/4/2 2010/4/2 2021/4/2
f 2020/2/2 2009/2/2 2021/2/2
f 2010/2/2 2011/2/2 2022/2/2
f 2021/4/2 2010/4/2 2022/4/2
f 2022/2/2 2011/2/2 2023/2/2
f 2012/4/2 2013/4/2 2024/4/2
f 2013/2/2 2014/2/2 2025/2/2
f 2024/4/2 2013/4/2 2025/4/2
f 2014/1/2 2015/1/2 2026/1/2
f 2025/2/2 2014/2/2 2026/2/2
f 2015/4/2 2016/4/2 2027/4/2
f 2026/1/2 2015/1/2 2027/1/2
f 2016/2/2 2017/2/2 2028/2/2
f 2027/4/2 2016/4/2 2028/4/2
f 2017/4/2 2018/4/2 2029/4/2
f 2028/2/2 2017/2/2 2029/2/2
f 2019/4/2 2020/4/2 2030/4/2
f 2030/4/2 2020/4/2 2031/4/2
f 2029/4/2 2018/4/2 2032/4/2
f 2032/4/2 2018/4/2 2033/4/2
f 2034/3/2 2035/3/2 2039/3/2
f 2039/3/2 2035/3/2 2040/3/2
f 2036/3/2 2037/3/2 2041/3/2
f 2041/3/2 2037/3/2 2042/3/2
f 2038/3/2 2039/3/2 2044/3/2
f 2039/2/2 2040/2/2 2045/2/2
f 2044/3/2 2039/3/2 2045/3/2
f 2041/2/2 2042/2/2 2046/2/2
f 2042/3/2 2043/3/2 2046/3/2
f 2046/3/2 2043/3/2 2047/3/2
f 2045/2/2 2040/2/2 2048/2/2
f 2041/2/2 2046/2/2 2051/2/2
f 2044/1/2 2045/1/2 2052/1/2
f 2048/2/2 2049/2/2 2053/2/2
f 2052/1/2 2045/1/2 2053/1/2
f 2045/2/2 2048/2/2 2053/2/2
f 2053/2/2 2049/2/2 2054/2/2
f 2054/2/2 2049/2/2 2055/2/2
f 2055/2/2 2049/2/2 2056/2/2
f 2056/2/2 2049/2/2 2057/2/2
f 2050/2/2 2051/2/2 2058/2/2
f 2058/2/2 2051/2/2 2059/2/2
f 2059/2/2 2051/2/2 2060/2/2
f 2060/2/2 2051/2/2 2061/2/2
f 2061/2/2 2051/2/2 2062/2/2
f 2062/2/2 2051/2/2 2063/2/2
f 2063/2/2 2051/2/2 2064/2/2
f 2051/2/2 2046/2/2 2065/2/2
f 2064/2/2 2051/2/2 2065/2/2
f 2046/1/2 2047/1/2 2066/1/2
f 2065/2/2 2046/2/2 2066/2/2
f 2066/1/2 2047/1/2 2067/1/2
f 2052/4/2 2053/4/2 2068/4/2
f 2053/2/2 2054/2/2 2069/2/2
f 2068/4/2 2053/4/2 2069/4/2
f 2054/1/2 2055/1/2 2070/1/2
f 2069/2/2 2054/2/2 2070/2/2
f 2055/2/2 2056/2/2 2071/2/2
f 2070/1/2 2055/1/2 2071/1/2
f 2056/1/2 2057/1/2 2072/1/2
f 2071/2/2 2056/2/2 2072/2/2
f 2072/1/2 2057/1/2 2073/1/2
f 2059/2/2 2060/2/2 2074/2/2
f 2060/1/2 2061/1/2 2075/1/2
f 2074/2/2 2060/2/2 2075/2/2
f 2061/2/2 2062/2/2 2076/2/2
f 2075/1/2 2061/1/2 2076/1/2
f 2062/1/2 2063/1/2 2077/1/2
f 2076/2/2 2062/2/2 2077/2/2
f 2063/2/2 2064/2/2 2078/2/2
f 2077/1/2 2063/1/2 2078/1/2
f 2064/4/2 2065/4/2 2079/4/2
f 2078/2/2 2064/2/2 2079/2/2
f 2065/2/2 2066/2/2 2080/2/2
f 2079/4/2 2065/4/2 2080/4/2
f 2066/4/2 2067/4/2 2081/4/2
f 2080/2/2 2066/2/2 2081/2/2
f 2081/4/2 2067/4/2 2082/4/2
f 2083/2/2 2084/2/2 2089/2/2
f 2084/4/2 2085/4/2 2090/4/2
f 2089/2/2 2084/2/2 2090/2/2
f 2085/1/2 2086/1/2 2091/1/2
f 2090/4/2 2085/4/2 2091/4/2
f 2086/2/2 2087/2/2 2092/2/2
f 2091/1/2 2086/1/2 2092/1/2
f 2087/1/2 2088/1/2 2093/1/2
f 2092/2/2 2087/2/2 2093/2/2
f 2093/1/2 2088/1/2 2094/1/2
f 2095/1/2 2096/1/2 2099/1/2
f 2099/1/2 2096/1/2 2100/1/2
f 2097/4/2 2098/4/2 2110/4/2
f 2110/4/2 2098/4/2 2111/4/2
f 2100/2/2 2101/2/2 2112/2/2
f 2101/4/2 2102/4/2 2113/4/2
f 2112/2/2 2101/2/2 2113/2/2
f 2102/1/2 2103/1/2 2114/1/2
f 2113/4/2 2102/4/2 2114/4/2
f 2103/2/2 2104/2/2 2115/2/2
f 2114/1/2 2103/1/2 2115/1/2
f 2104/4/2 2105/4/2 2116/4/2
f 2115/2/2 2104/2/2 2116/2/2
f 2105/1/2 2106/1/2 2117/1/2
f 2116/4/2 2105/4/2 2117/4/2
f 2106/1/2 2107/1/2 2117/1/2
f 2107/4/2 2108/4/2 2118/4/2
f 2117/1/2 2107/1/2 2118/1/2
f 2108/1/2 2109/1/2 2119/1/2
f 2118/4/2 2108/4/2 2119/4/2
f 2109/2/2 2110/2/2 2120/2/2
f 2119/1/2 2109/1/2 2120/1/2
f 2120/2/2 2110/2/2 2121/2/2
f 2122/2/2 2123/2/2 2127/2/2
f 2123/4/2 2124/4/2 2128/4/2
f 2127/2/2 2123/2/2 2128/2/2
f 2124/1/2 2125/1/2 2129/1/2
f 2128/4/2 2124/4/2 2129/4/2
f 2125/2/2 2126/2/2 2130/2/2
f 2129/1/2 2125/1/2 2130/1/2
f 2130/2/2 2126/2/2 2131/2/2
f 2132/2/2 2133/2/2 2142/2/2
f 2133/4/2 2134/4/2 2143/4/2
f 2142/2/2 2133/2/2 2143/2/2
f 2134/1/2 2135/1/2 2144/1/2
f 2143/4/2 2134/4/2 2144/4/2
f 2135/2/2 2136/2/2 2145/2/2
f 2144/1/2 2135/1/2 2145/1/2
f 2136/1/2 2137/1/2 2146/1/2
f 2145/2/2 2136/2/2 2146/2/2
f 2137/2/2 2138/2/2 2147/2/2
f 2146/1/2 2137/1/2 2147/1/2
f 2138/4/2 2139/4/2 2148/4/2
f 2147/2/2 2138/2/2 2148/2/2
f 2139/1/2 2140/1/2 2149/1/2
f 2148/4/2 2139/4/2 2149/4/2
f 2140/2/2 2141/2/2 2150/2/2
f 2149/1/2 2140/1/2 2150/1/2
f 2150/2/2 2141/2/2 2151/2/2
f 2152/1/2 2153/1/2 2157/1/2
f 2157/1/2 2153/1/2 2158/1/2
f 2158/1/2 2153/1/2 2159/1/2
f 2153/2/2 2154/2/2 2160/2/2
f 2159/1/2 2153/1/2 2160/1/2
f 2154/1/2 2155/1/2 2161/1/2
f 2160/2/2 2154/2/2 2161/2/2
f 2161/1/2 2155/1/2 2162/1/2
f 2162/1/2 2155/1/2 2163/1/2
f 2163/1/2 2155/1/2 2164/1/2
f 2156/2/2 2157/2/2 2166/2/2
f 2166/2/2 2157/2/2 2167/2/2
f 2164/4/2 2165/4/2 2168/4/2
f 2168/4/2 2165/4/2 2169/4/2
f 2170/3/2 2171/3/2 2175/3/2
f 2175/3/2 2171/3/2 2176/3/2
f 2172/3/2 2173/3/2 2177/3/2
f 2177/3/2 2173/3/2 2178/3/2
f 2174/3/2 2175/3/2 2180/3/2
f 2175/2/2 2176/2/2 2181/2/2
f 2180/3/2 2175/3/2 2181/3/2
f 2178/3/2 2179/3/2 2182/3/2
f 2177/2/2 2178/2/2 2182/2/2
f 2182/3/2 2179/3/2 2183/3/2
f 2180/1/2 2181/1/2 2184/1/2
f 2181/2/2 2176/2/2 2185/2/2
f 2184/1/2 2181/1/2 2185/1/2
f 2177/2/2 2182/2/2 2186/2/2
f 2182/1/2 2183/1/2 2186/1/2
f 2186/1/2 2183/1/2 2187/1/2
f 2184/4/2 2185/4/2 2188/4/2
f 2185/2/2 2176/2/2 2189/2/2
f 2188/4/2 2185/4/2 2189/4/2
f 2177/2/2 2186/2/2 2190/2/2
f 2186/4/2 2187/4/2 2190/4/2
f 2190/4/2 2187/4/2 2191/4/2
f 2188/1/2 2189/1/2 2192/1/2
f 2189/2/2 2176/2/2 2193/2/2
f 2192/1/2 2189/1/2 2193/1/2
f 2193/2/2 2176/2/2 2194/2/2
f 2177/2/2 2190/2/2 2195/2/2
f 2190/1/2 2191/1/2 2196/1/2
f 2195/2/2 2190/2/2 2196/2/2
f 2196/1/2 2191/1/2 2197/1/2
f 2193/4/2 2194/4/2 2198/4/2
f 2198/4/2 2194/4/2 2199/4/2
f 2195/4/2 2196/4/2 2200/4/2
f 2200/4/2 2196/4/2 2201/4/2
f 2202/1/2 2203/1/2 2209/1/2
f 2203/2/2 2204/2/2 2210/2/2
f 2209/1/2 2203/1/2 2210/1/2
f 2204/4/2 2205/4/2 2211/4/2
f 2210/2/2 2204/2/2 2211/2/2
f 2205/1/2 2206/1/2 2212/1/2
f 2211/4/2 2205/4/2 2212/4/2
f 2207/2/2 2208/2/2 2213/2/2
f 2212/1/2 2206/1/2 2213/1/2
f 2206/2/2 2207/2/2 2213/2/2
f 2213/2/2 2208/2/2 2214/2/2
f 2215/4/2 2216/4/2 2223/4/2
f 2216/1/2 2217/1/2 2224/1/2
f 2223/4/2 2216/4/2 2224/4/2
f 2217/2/2 2218/2/2 2225/2/2
f 2224/1/2 2217/1/2 2225/1/2
f 2218/1/2 2219/1/2 2226/1/2
f 2225/2/2 2218/2/2 2226/2/2
f 2219/2/2 2220/2/2 2227/2/2
f 2226/1/2 2219/1/2 2227/1/2
f 2220/1/2 2221/1/2 2228/1/2
f 2227/2/2 2220/2/2 2228/2/2
f 2221/2/2 2222/2/2 2229/2/2
f 2228/1/2 2221/1/2 2229/1/2
f 2229/2/2 2222/2/2 2230/2/2
f 2231/2/2 2232/2/2 2236/2/2
f 2232/1/2 2233/1/2 2237/1/2
f 2236/2/2 2232/2/2 2237/2/2
f 2233/4/2 2234/4/2 2238/4/2
f 2237/1/2 2233/1/2 2238/1/2
f 2234/2/2 2235/2/2 2239/2/2
f 2238/4/2 2234/4/2 2239/4/2
f 2239/2/2 2235/2/2 2240/2/2
f 2241/2/2 2242/2/2 2253/2/2
f 2242/1/2 2243/1/2 2253/1/2
f 2253/1/2 2243/1/2 2254/1/2
f 2254/1/2 2243/1/2 2255/1/2
f 2243/2/2 2244/2/2 2256/2/2
f 2255/1/2 2243/1/2 2256/1/2
f 2256/2/2 2244/2/2 2257/2/2
f 2245/1/2 2246/1/2 2259/1/2
f 2259/1/2 2246/1/2 2260/1/2
f 2260/1/2 2246/1/2 2261/1/2
f 2246/2/2 2247/2/2 2262/2/2
f 2261/1/2 2246/1/2 2262/1/2
f 2247/1/2 2248/1/2 2263/1/2
f 2262/2/2 2247/2/2 2263/2/2
f 2248/4/2 2249/4/2 2264/4/2
f 2263/1/2 2248/1/2 2264/1/2
f 2249/1/2 2250/1/2 2265/1/2
f 2264/4/2 2249/4/2 2265/4/2
f 2250/4/2 2251/4/2 2266/4/2
f 2265/1/2 2250/1/2 2266/1/2
f 2251/2/2 2252/2/2 2267/2/2
f 2266/4/2 2251/4/2 2267/4/2
f 2258/2/2 2259/2/2 2268/2/2
f 2268/2/2 2259/2/2 2269/2/2
f 2241/2/2 2253/2/2 2270/2/2
f 2270/2/2 2253/2/2 2271/2/2
f 2267/2/2 2252/2/2 2272/2/2
f 2272/2/2 2252/2/2 2273/2/2
f 2270/4/2 2271/4/2 2274/4/2
f 2274/4/2 2271/4/2 2275/4/2
f 2272/4/2 2273/4/2 2278/4/2
f 2278/4/2 2273/4/2 2279/4/2
f 2275/4/2 2276/4/2 2280/4/2
f 2280/4/2 2276/4/2 2281/4/2
f 2277/4/2 2278/4/2 2282/4/2
f 2282/4/2 2278/4/2 2283/4/2
f 2284/3/2 2285/3/2 2289/3/2
f 2289/3/2 2285/3/2 2290/3/2
f 2286/3/2 2287/3/2 2291/3/2
f 2291/3/2 2287/3/2 2292/3/2
f 2288/3/2 2289/3/2 2294/3/2
f 2294/3/2 2289/3/2 2295/3/2
f 2292/3/2 2293/3/2 2296/3/2
f 2296/3/2 2293/3/2 2297/3/2
f 2296/1/2 2297/1/2 2300/1/2
f 2294/1/2 2295/1/2 2301/1/2
f 2301/1/2 2295/1/2 2302/1/2
f 2298/2/2 2299/2/2 2308/2/2
f 2308/2/2 2299/2/2 2309/2/2
f 2300/1/2 2297/1/2 2319/1/2
f 2319/1/2 2297/1/2 2320/1/2
f 2301/3/2 2302/3/2 2321/3/2
f 2302/1/2 2303/1/2 2322/1/2
f 2321/3/2 2302/3/2 2322/3/2
f 2303/4/2 2304/4/2 2323/4/2
f 2322/1/2 2303/1/2 2323/1/2
f 2304/2/2 2305/2/2 2324/2/2
f 2323/4/2 2304/4/2 2324/4/2
f 2305/1/2 2306/1/2 2325/1/2
f 2324/2/2 2305/2/2 2325/2/2
f 2306/2/2 2307/2/2 2326/2/2
f 2325/1/2 2306/1/2 2326/1/2
f 2326/2/2 2307/2/2 2327/2/2
f 2309/2/2 2310/2/2 2328/2/2
f 2310/1/2 2311/1/2 2329/1/2
f 2328/2/2 2310/2/2 2329/2/2
f 2311/1/2 2312/1/2 2329/1/2
f 2312/1/2 2313/1/2 2329/1/2
f 2313/2/2 2314/2/2 2330/2/2
f 2329/1/2 2313/1/2 2330/1/2
f 2317/1/2 2318/1/2 2331/1/2
f 2330/2/2 2314/2/2 2331/2/2
f 2314/1/2 2315/1/2 2331/1/2
f 2315/1/2 2316/1/2 2331/1/2
f 2316/1/2 2317/1/2 2331/1/2
f 2318/2/2 2319/2/2 2332/2/2
f 2331/1/2 2318/1/2 2332/1/2
f 2319/3/2 2320/3/2 2333/3/2
f 2332/2/2 2319/2/2 2333/2/2
f 2333/3/2 2320/3/2 2334/3/2
f 2335/4/2 2336/4/2 2347/4/2
f 2336/2/2 2337/2/2 2347/2/2
f 2337/1/2 2338/1/2 2348/1/2
f 2347/2/2 2337/2/2 2348/2/2
f 2338/4/2 2339/4/2 2349/4/2
f 2348/1/2 2338/1/2 2349/1/2
f 2349/4/2 2339/4/2 2350/4/2
f 2340/4/2 2341/4/2 2351/4/2
f 2341/2/2 2342/2/2 2352/2/2
f 2351/4/2 2341/4/2 2352/4/2
f 2342/1/2 2343/1/2 2353/1/2
f 2352/2/2 2342/2/2 2353/2/2
f 2343/4/2 2344/4/2 2354/4/2
f 2353/1/2 2343/1/2 2354/1/2
f 2344/2/2 2345/2/2 2355/2/2
f 2354/4/2 2344/4/2 2355/4/2
f 2345/4/2 2346/4/2 2356/4/2
f 2355/2/2 2345/2/2 2356/2/2
f 2335/4/2 2347/4/2 2357/4/2
f 2357/4/2 2347/4/2 2358/4/2
f 2356/4/2 2346/4/2 2359/4/2
f 2359/4/2 2346/4/2 2360/4/2
f 2361/4/2 2362/4/2 2365/4/2
f 2365/4/2 2362/4/2 2366/4/2
f 2363/4/2 2364/4/2 2367/4/2
f 2367/4/2 2364/4/2 2368/4/2
f 2365/2/2 2366/2/2 2369/2/2
f 2367/2/2 2368/2/2 2380/2/2
f 2380/2/2 2368/2/2 2381/2/2
f 2365/2/2 2369/2/2 2382/2/2
f 2369/2/2 2370/2/2 2382/2/2
f 2370/4/2 2371/4/2 2383/4/2
f 2382/2/2 2370/2/2 2383/2/2
f 2371/2/2 2372/2/2 2384/2/2
f 2383/4/2 2371/4/2 2384/4/2
f 2372/1/2 2373/1/2 2385/1/2
f 2384/2/2 2372/2/2 2385/2/2
f 2385/1/2 2373/1/2 2386/1/2
f 2374/2/2 2375/2/2 2387/2/2
f 2375/1/2 2376/1/2 2388/1/2
f 2387/2/2 2375/2/2 2388/2/2
f 2376/2/2 2377/2/2 2389/2/2
f 2388/1/2 2376/1/2 2389/1/2
f 2377/4/2 2378/4/2 2390/4/2
f 2389/2/2 2377/2/2 2390/2/2
f 2378/2/2 2379/2/2 2391/2/2
f 2390/4/2 2378/4/2 2391/4/2
f 2379/4/2 2380/4/2 2392/4/2
f 2391/2/2 2379/2/2 2392/2/2
f 2380/1/2 2381/1/2 2393/1/2
f 2392/4/2 2380/4/2 2393/4/2
f 2393/1/2 2381/1/2 2394/1/2
f 2395/2/2 2396/2/2 2400/2/2
f 2396/1/2 2397/1/2 2401/1/2
f 2400/2/2 2396/2/2 2401/2/2
f 2397/2/2 2398/2/2 2402/2/2
f 2401/1/2 2397/1/2 2402/1/2
f 2398/1/2 2399/1/2 2403/1/2
f 2402/2/2 2398/2/2 2403/2/2
f 2403/1/2 2399/1/2 2404/1/2
f 2405/4/2 2406/4/2 2409/4/2
f 2409/4/2 2406/4/2 2410/4/2
f 2407/2/2 2408/2/2 2421/2/2
f 2421/2/2 2408/2/2 2422/2/2
f 2410/1/2 2411/1/2 2423/1/2
f 2411/2/2 2412/2/2 2424/2/2
f 2423/1/2 2411/1/2 2424/1/2
f 2412/4/2 2413/4/2 2425/4/2
f 2424/2/2 2412/2/2 2425/2/2
f 2413/1/2 2414/1/2 2426/1/2
f 2425/4/2 2413/4/2 2426/4/2
f 2414/2/2 2415/2/2 2427/2/2
f 2426/1/2 2414/1/2 2427/1/2
f 2415/4/2 2416/4/2 2428/4/2
f 2427/2/2 2415/2/2 2428/2/2
f 2416/1/2 2417/1/2 2429/1/2
f 2428/4/2 2416/4/2 2429/4/2
f 2417/4/2 2418/4/2 2430/4/2
f 2429/1/2 2417/1/2 2430/1/2
f 2418/2/2 2419/2/2 2431/2/2
f 2430/4/2 2418/4/2 2431/4/2
f 2419/1/2 2420/1/2 2432/1/2
f 2431/2/2 2419/2/2 2432/2/2
f 2420/2/2 2421/2/2 2433/2/2
f 2432/1/2 2420/1/2 2433/1/2
f 2433/2/2 2421/2/2 2434/2/2
f 2435/2/2 2436/2/2 2440/2/2
f 2436/4/2 2437/4/2 2441/4/2
f 2440/2/2 2436/2/2 2441/2/2
f 2437/1/2 2438/1/2 2442/1/2
f 2441/4/2 2437/4/2 2442/4/2
f 2438/2/2 2439/2/2 2443/2/2
f 2442/1/2 2438/1/2 2443/1/2
f 2443/2/2 2439/2/2 2444/2/2
f 2445/2/2 2446/2/2 2455/2/2
f 2446/4/2 2447/4/2 2456/4/2
f 2455/2/2 2446/2/2 2456/2/2
f 2447/1/2 2448/1/2 2457/1/2
f 2456/4/2 2447/4/2 2457/4/2
f 2448/2/2 2449/2/2 2458/2/2
f 2457/1/2 2448/1/2 2458/1/2
f 2449/1/2 2450/1/2 2459/1/2
f 2458/2/2 2449/2/2 2459/2/2
f 2450/2/2 2451/2/2 2460/2/2
f 2459/1/2 2450/1/2 2460/1/2
f 2451/4/2 2452/4/2 2461/4/2
f 2460/2/2 2451/2/2 2461/2/2
f 2452/1/2 2453/1/2 2462/1/2
f 2461/4/2 2452/4/2 2462/4/2
f 2453/2/2 2454/2/2 2463/2/2
f 2462/1/2 2453/1/2 2463/1/2
f 2463/2/2 2454/2/2 2464/2/2
f 2465/2/2 2466/2/2 2481/2/2
f 2466/1/2 2467/1/2 2482/1/2
f 2481/2/2 2466/2/2 2482/2/2
f 2467/2/2 2468/2/2 2483/2/2
f 2482/1/2 2467/1/2 2483/1/2
f 2468/1/2 2469/1/2 2484/1/2
f 2483/2/2 2468/2/2 2484/2/2
f 2469/2/2 2470/2/2 2485/2/2
f 2484/1/2 2469/1/2 2485/1/2
f 2471/1/2 2472/1/2 2487/1/2
f 2472/4/2 2473/4/2 2488/4/2
f 2487/1/2 2472/1/2 2488/1/2
f 2473/2/2 2474/2/2 2489/2/2
f 2488/4/2 2473/4/2 2489/4/2
f 2474/4/2 2475/4/2 2490/4/2
f 2489/2/2 2474/2/2 2490/2/2
f 2475/1/2 2476/1/2 2491/1/2
f 2490/4/2 2475/4/2 2491/4/2
f 2476/2/2 2477/2/2 2492/2/2
f 2491/1/2 2476/1/2 2492/1/2
f 2477/4/2 2478/4/2 2493/4/2
f 2492/2/2 2477/2/2 2493/2/2
f 2478/1/2 2479/1/2 2494/1/2
f 2493/4/2 2478/4/2 2494/4/2
f 2479/2/2 2480/2/2 2495/2/2
f 2494/1/2 2479/1/2 2495/1/2
f 2495/2/2 2480/2/2 2496/2/2
f 2496/2/2 2480/2/2 2497/2/2
f 2481/4/2 2482/4/2 2498/4/2
f 2482/2/2 2483/2/2 2499/2/2
f 2498/4/2 2482/4/2 2499/4/2
f 2483/2/2 2484/2/2 2499/2/2
f 2484/2/2 2485/2/2 2499/2/2
f 2499/2/2 2485/2/2 2500/2/2
f 2485/2/2 2470/2/2 2501/2/2
f 2500/2/2 2485/2/2 2501/2/2
f 2493/2/2 2494/2/2 2502/2/2
f 2486/2/2 2487/2/2 2502/2/2
f 2487/2/2 2488/2/2 2502/2/2
f 2494/2/2 2495/2/2 2502/2/2
f 2488/2/2 2489/2/2 2502/2/2
f 2495/2/2 2496/2/2 2502/2/2
f 2492/2/2 2493/2/2 2502/2/2
f 2491/2/2 2492/2/2 2502/2/2
f 2490/2/2 2491/2/2 2502/2/2
f 2489/2/2 2490/2/2 2502/2/2
f 2502/2/2 2496/2/2 2503/2/2
f 2496/4/2 2497/4/2 2504/4/2
f 2503/2/2 2496/2/2 2504/2/2
f 2504/4/2 2497/4/2 2505/4/2
f 2498/1/2 2499/1/2 2506/1/2
f 2499/2/2 2500/2/2 2507/2/2
f 2506/1/2 2499/1/2 2507/1/2
f 2504/1/2 2505/1/2 2508/1/2
f 2503/2/2 2504/2/2 2508/2/2
f 2508/1/2 2505/1/2 2509/1/2
f 2506/2/2 2507/2/2 2510/2/2
f 2507/2/2 2500/2/2 2511/2/2
f 2510/2/2 2507/2/2 2511/2/2
f 2511/2/2 2500/2/2 2512/2/2
f 2503/2/2 2508/2/2 2513/2/2
f 2508/2/2 2509/2/2 2513/2/2
f 2513/2/2 2509/2/2 2514/2/2
f 2514/2/2 2509/2/2 2515/2/2
f 2511/4/2 2512/4/2 2516/4/2
f 2516/4/2 2512/4/2 2517/4/2
f 2513/4/2 2514/4/2 2518/4/2
f 2518/4/2 2514/4/2 2519/4/2
f 2520/3/2 2521/3/2 2525/3/2
f 2525/3/2 2521/3/2 2526/3/2
f 2522/3/2 2523/3/2 2527/3/2
f 2527/3/2 2523/3/2 2528/3/2
f 2524/3/2 2525/3/2 2530/3/2
f 2530/3/2 2525/3/2 2531/3/2
f 2528/3/2 2529/3/2 2532/3/2
f 2532/3/2 2529/3/2 2533/3/2
f 2530/1/2 2531/1/2 2534/1/2
f 2534/1/2 2531/1/2 2535/1/2
f 2532/1/2 2533/1/2 2536/1/2
f 2536/1/2 2533/1/2 2537/1/2
f 2534/3/2 2535/3/2 2538/3/2
f 2538/3/2 2535/3/2 2539/3/2
f 2536/3/2 2537/3/2 2540/3/2
f 2540/3/2 2537/3/2 2541/3/2
f 2538/4/2 2539/4/2 2542/4/2
f 2542/4/2 2539/4/2 2543/4/2
f 2540/4/2 2541/4/2 2544/4/2
f 2544/4/2 2541/4/2 2545/4/2
f 2542/2/2 2543/2/2 2546/2/2
f 2546/2/2 2543/2/2 2547/2/2
f 2544/2/2 2545/2/2 2550/2/2
f 2550/2/2 2545/2/2 2551/2/2
f 2547/2/2 2548/2/2 2552/2/2
f 2552/2/2 2548/2/2 2553/2/2
f 2549/2/2 2550/2/2 2554/2/2
f 2554/2/2 2550/2/2 2555/2/2
f 2556/3/2 2557/3/2 2560/3/2
f 2560/3/2 2557/3/2 2561/3/2
f 2558/3/2 2559/3/2 2562/3/2
f 2562/3/2 2559/3/2 2563/3/2
f 2560/2/2 2561/2/2 2564/2/2
f 2564/2/2 2561/2/2 2565/2/2
f 2562/2/2 2563/2/2 2566/2/2
f 2566/2/2 2563/2/2 2567/2/2
f 2564/1/2 2565/1/2 2568/1/2
f 2568/1/2 2565/1/2 2569/1/2
f 2566/1/2 2567/1/2 2570/1/2
f 2570/1/2 2567/1/2 2571/1/2
f 2568/3/2 2569/3/2 2572/3/2
f 2572/3/2 2569/3/2 2573/3/2
f 2570/3/2 2571/3/2 2574/3/2
f 2574/3/2 2571/3/2 2575/3/2
f 2572/1/2 2573/1/2 2576/1/2
f 2576/1/2 2573/1/2 2577/1/2
f 2574/1/2 2575/1/2 2578/1/2
f 2578/1/2 2575/1/2 2579/1/2
f 2580/2/2 2581/2/2 2582/2/2
f 2580/2/2 2582/2/2 2589/2/2
f 2589/2/2 2582/2/2 2590/2/2
f 2583/3/2 2584/3/2 2591/3/2
f 2587/3/2 2588/3/2 2592/3/2
f 2589/4/2 2590/4/2 2593/4/2
f 2593/4/2 2590/4/2 2594/4/2
f 2591/3/2 2584/3/2 2596/3/2
f 2596/3/2 2584/3/2 2597/3/2
f 2585/3/2 2586/3/2 2598/3/2
f 2598/3/2 2586/3/2 2599/3/2
f 2592/3/2 2588/3/2 2602/3/2
f 2602/3/2 2588/3/2 2603/3/2
f 2596/3/2 2597/3/2 2607/3/2
f 2595/3/2 2596/3/2 2607/3/2
f 2607/3/2 2597/3/2 2608/3/2
f 2599/3/2 2600/3/2 2613/3/2
f 2598/3/2 2599/3/2 2613/3/2
f 2613/3/2 2600/3/2 2614/3/2
f 2603/3/2 2604/3/2 2621/3/2
f 2602/3/2 2603/3/2 2621/3/2
f 2601/3/2 2602/3/2 2621/3/2
f 2621/3/2 2604/3/2 2622/3/2
f 2619/3/2 2620/3/2 2630/3/2
f 2628/3/2 2629/3/2 2630/3/2
f 2627/3/2 2628/3/2 2630/3/2
f 2626/3/2 2627/3/2 2630/3/2
f 2625/3/2 2626/3/2 2630/3/2
f 2624/3/2 2625/3/2 2630/3/2
f 2623/3/2 2624/3/2 2630/3/2
f 2622/3/2 2623/3/2 2630/3/2
f 2621/3/2 2622/3/2 2630/3/2
f 2620/3/2 2621/3/2 2630/3/2
f 2611/3/2 2612/3/2 2630/3/2
f 2616/3/2 2617/3/2 2630/3/2
f 2615/3/2 2616/3/2 2630/3/2
f 2614/3/2 2615/3/2 2630/3/2
f 2613/3/2 2614/3/2 2630/3/2
f 2612/3/2 2613/3/2 2630/3/2
f 2605/3/2 2606/3/2 2630/3/2
f 2609/3/2 2610/3/2 2630/3/2
f 2608/3/2 2609/3/2 2630/3/2
f 2607/3/2 2608/3/2 2630/3/2
f 2606/3/2 2607/3/2 2630/3/2
f 2618/3/2 2619/3/2 2630/3/2
f 2617/3/2 2618/3/2 2630/3/2
f 2610/3/2 2611/3/2 2630/3/2
f 2630/3/2 2629/3/2 2631/3/2
f 2631/3/2 2629/3/2 2632/3/2
f 2632/3/2 2629/3/2 2633/3/2
f 2633/3/2 2629/3/2 2634/3/2
f 2634/3/2 2629/3/2 2635/3/2
f 2635/3/2 2629/3/2 2636/3/2
f 2636/3/2 2629/3/2 2637/3/2
f 2637/3/2 2629/3/2 2638/3/2
f 2638/3/2 2629/3/2 2639/3/2
f 2639/3/2 2629/3/2 2640/3/2
f 2640/3/2 2629/3/2 2641/3/2
f 2641/3/2 2629/3/2 2642/3/2
f 2642/3/2 2629/3/2 2643/3/2
f 2643/3/2 2629/3/2 2644/3/2
f 2644/3/2 2629/3/2 2645/3/2
f 2645/3/2 2629/3/2 2646/3/2
f 2646/3/2 2629/3/2 2647/3/2
f 2647/3/2 2629/3/2 2648/3/2
f 2648/3/2 2629/3/2 2649/3/2
f 2649/3/2 2629/3/2 2650/3/2
f 2650/3/2 2629/3/2 2651/3/2
f 2634/3/2 2635/3/2 2652/3/2
f 2652/3/2 2635/3/2 2653/3/2
f 2653/3/2 2635/3/2 2654/3/2
f 2639/3/2 2640/3/2 2655/3/2
f 2655/3/2 2640/3/2 2656/3/2
f 2656/3/2 2640/3/2 2657/3/2
f 2649/3/2 2650/3/2 2658/3/2
f 2658/3/2 2650/3/2 2659/3/2
f 2659/3/2 2650/3/2 2660/3/2
f 2660/3/2 2650/3/2 2661/3/2
f 2653/3/2 2654/3/2 2662/3/2
f 2655/3/2 2656/3/2 2663/3/2
f 2659/3/2 2660/3/2 2664/3/2
f 2664/3/2 2660/3/2 2665/3/2
f 2662/3/2 2654/3/2 2666/3/2
f 2664/3/2 2665/3/2 2667/3/2
f 2655/3/2 2663/3/2 2668/3/2
f 2664/3/2 2667/3/2 2669/3/2
f 2666/3/2 2654/3/2 2670/3/2
f 2655/3/2 2668/3/2 2671/3/2
f 2669/3/2 2667/3/2 2672/3/2
f 2672/3/2 2667/3/2 2673/3/2
f 2670/3/2 2654/3/2 2674/3/2
f 2672/3/2 2673/3/2 2675/3/2
f 2675/3/2 2673/3/2 2676/3/2
f 2674/3/2 2654/3/2 2678/3/2
f 2655/3/2 2671/3/2 2679/3/2
f 2679/3/2 2671/3/2 2680/3/2
f 2675/3/2 2676/3/2 2683/3/2
f 2683/3/2 2676/3/2 2684/3/2
f 2677/3/2 2678/3/2 2691/3/2
f 2678/3/2 2654/3/2 2692/3/2
f 2691/3/2 2678/3/2 2692/3/2
f 2679/3/2 2680/3/2 2697/3/2
f 2680/3/2 2681/3/2 2697/3/2
f 2697/3/2 2681/3/2 2698/3/2
f 2683/3/2 2684/3/2 2707/3/2
f 2682/3/2 2683/3/2 2707/3/2
f 2684/3/2 2685/3/2 2707/3/2
f 2707/3/2 2685/3/2 2708/3/2
f 2707/3/2 2708/3/2 2710/3/2
f 2708/3/2 2709/3/2 2710/3/2
f 2706/3/2 2707/3/2 2710/3/2
f 2705/3/2 2706/3/2 2710/3/2
f 2702/3/2 2703/3/2 2710/3/2
f 2701/3/2 2702/3/2 2710/3/2
f 2700/3/2 2701/3/2 2710/3/2
f 2699/3/2 2700/3/2 2710/3/2
f 2698/3/2 2699/3/2 2710/3/2
f 2697/3/2 2698/3/2 2710/3/2
f 2696/3/2 2697/3/2 2710/3/2
f 2704/3/2 2705/3/2 2710/3/2
f 2693/3/2 2694/3/2 2710/3/2
f 2692/3/2 2693/3/2 2710/3/2
f 2691/3/2 2692/3/2 2710/3/2
f 2689/3/2 2690/3/2 2710/3/2
f 2688/3/2 2689/3/2 2710/3/2
f 2687/3/2 2688/3/2 2710/3/2
f 2686/3/2 2687/3/2 2710/3/2
f 2703/3/2 2704/3/2 2710/3/2
f 2695/3/2 2696/3/2 2710/3/2
f 2690/3/2 2691/3/2 2710/3/2
f 2694/3/2 2695/3/2 2710/3/2
f 2710/3/2 2709/3/2 2711/3/2
f 2711/3/2 2709/3/2 2712/3/2
f 2712/3/2 2709/3/2 2713/3/2
f 2713/3/2 2709/3/2 2714/3/2
f 2714/3/2 2709/3/2 2715/3/2
f 2715/3/2 2709/3/2 2716/3/2
f 2716/3/2 2709/3/2 2717/3/2
f 2717/3/2 2709/3/2 2718/3/2
f 2718/3/2 2709/3/2 2719/3/2
f 2719/3/2 2709/3/2 2720/3/2
f 2720/3/2 2709/3/2 2721/3/2
f 2721/3/2 2709/3/2 2722/3/2
f 2722/3/2 2709/3/2 2723/3/2
f 2723/3/2 2709/3/2 2724/3/2
f 2724/3/2 2709/3/2 2725/3/2
f 2725/3/2 2709/3/2 2726/3/2
f 2726/3/2 2709/3/2 2727/3/2
f 2727/3/2 2709/3/2 2728/3/2
f 2728/3/2 2709/3/2 2729/3/2
f 2729/3/2 2709/3/2 2730/3/2
f 2730/3/2 2709/3/2 2731/3/2
f 2731/3/2 2709/3/2 2732/3/2
f 2732/3/2 2709/3/2 2733/3/2
f 2733/3/2 2709/3/2 2734/3/2
f 2712/3/2 2713/3/2 2735/3/2
f 2735/3/2 2713/3/2 2736/3/2
f 2736/3/2 2713/3/2 2737/3/2
f 2718/3/2 2719/3/2 2738/3/2
f 2738/3/2 2719/3/2 2739/3/2
f 2739/3/2 2719/3/2 2740/3/2
f 2726/3/2 2727/3/2 2741/3/2
f 2741/3/2 2727/3/2 2742/3/2
f 2742/3/2 2727/3/2 2743/3/2
f 2743/3/2 2727/3/2 2744/3/2
f 2736/3/2 2737/3/2 2745/3/2
f 2742/3/2 2743/3/2 2746/3/2
f 2745/3/2 2737/3/2 2747/3/2
f 2747/3/2 2737/3/2 2748/3/2
f 2738/3/2 2739/3/2 2749/3/2
f 2749/3/2 2739/3/2 2750/3/2
f 2746/3/2 2743/3/2 2751/3/2
f 2751/3/2 2743/3/2 2752/3/2
f 2755/3/2 2756/3/2 2763/3/2
f 2763/3/2 2756/3/2 2764/3/2
f 2753/2/2 2754/2/2 2765/2/2
f 2765/2/2 2754/2/2 2766/2/2
f 2759/1/2 2760/1/2 2767/1/2
f 2767/1/2 2760/1/2 2768/1/2
f 2761/2/2 2762/2/2 2769/2/2
f 2769/2/2 2762/2/2 2770/2/2
f 2763/1/2 2764/1/2 2771/1/2
f 2771/1/2 2764/1/2 2772/1/2
f 2765/4/2 2766/4/2 2773/4/2
f 2773/4/2 2766/4/2 2774/4/2
f 2757/4/2 2758/4/2 2775/4/2
f 2767/2/2 2768/2/2 2776/2/2
f 2776/2/2 2768/2/2 2777/2/2
f 2769/4/2 2770/4/2 2778/4/2
f 2771/3/2 2772/3/2 2779/3/2
f 2779/3/2 2772/3/2 2780/3/2
f 2773/3/2 2774/3/2 2785/3/2
f 2785/3/2 2774/3/2 2786/3/2
f 2757/4/2 2775/4/2 2795/4/2
f 2795/4/2 2775/4/2 2796/4/2
f 2776/4/2 2777/4/2 2807/4/2
f 2807/4/2 2777/4/2 2808/4/2
f 2769/4/2 2778/4/2 2809/4/2
f 2809/4/2 2778/4/2 2810/4/2
f 2779/4/2 2780/4/2 2820/4/2
f 2820/4/2 2780/4/2 2821/4/2
f 2781/4/2 2782/4/2 2822/4/2
f 2782/1/2 2783/1/2 2823/1/2
f 2822/4/2 2782/4/2 2823/4/2
f 2783/3/2 2784/3/2 2824/3/2
f 2823/1/2 2783/1/2 2824/1/2
f 2784/3/2 2785/3/2 2824/3/2
f 2824/3/2 2785/3/2 2825/3/2
f 2787/4/2 2788/4/2 2826/4/2
f 2788/4/2 2789/4/2 2826/4/2
f 2789/4/2 2790/4/2 2826/4/2
f 2790/3/2 2791/3/2 2827/3/2
f 2826/4/2 2790/4/2 2827/4/2
f 2791/4/2 2792/4/2 2828/4/2
f 2827/3/2 2791/3/2 2828/3/2
f 2792/1/2 2793/1/2 2829/1/2
f 2828/4/2 2792/4/2 2829/4/2
f 2793/3/2 2794/3/2 2830/3/2
f 2829/1/2 2793/1/2 2830/1/2
f 2830/3/2 2794/3/2 2831/3/2
f 2796/4/2 2797/4/2 2832/4/2
f 2797/4/2 2798/4/2 2832/4/2
f 2798/3/2 2799/3/2 2833/3/2
f 2832/4/2 2798/4/2 2833/4/2
f 2799/3/2 2800/3/2 2833/3/2
f 2800/4/2 2801/4/2 2834/4/2
f 2833/3/2 2800/3/2 2834/3/2
f 2801/4/2 2802/4/2 2834/4/2
f 2802/3/2 2803/3/2 2835/3/2
f 2834/4/2 2802/4/2 2835/4/2
f 2803/1/2 2804/1/2 2836/1/2
f 2835/3/2 2803/3/2 2836/3/2
f 2804/4/2 2805/4/2 2837/4/2
f 2836/1/2 2804/1/2 2837/1/2
f 2805/3/2 2806/3/2 2838/3/2
f 2837/4/2 2805/4/2 2838/4/2
f 2806/3/2 2807/3/2 2838/3/2
f 2838/3/2 2807/3/2 2839/3/2
f 2810/1/2 2811/1/2 2840/1/2
f 2812/3/2 2813/3/2 2841/3/2
f 2840/1/2 2811/1/2 2841/1/2
f 2811/3/2 2812/3/2 2841/3/2
f 2813/1/2 2814/1/2 2842/1/2
f 2841/3/2 2813/3/2 2842/3/2
f 2814/4/2 2815/4/2 2843/4/2
f 2842/1/2 2814/1/2 2843/1/2
f 2815/3/2 2816/3/2 2844/3/2
f 2843/4/2 2815/4/2 2844/4/2
f 2817/4/2 2818/4/2 2845/4/2
f 2844/3/2 2816/3/2 2845/3/2
f 2816/4/2 2817/4/2 2845/4/2
f 2818/3/2 2819/3/2 2846/3/2
f 2845/4/2 2818/4/2 2846/4/2
f 2819/3/2 2820/3/2 2846/3/2
f 2846/3/2 2820/3/2 2847/3/2
f 2848/4/2 2849/4/2 2872/4/2
f 2849/3/2 2850/3/2 2873/3/2
f 2872/4/2 2849/4/2 2873/4/2
f 2850/4/2 2851/4/2 2874/4/2
f 2873/3/2 2850/3/2 2874/3/2
f 2874/4/2 2851/4/2 2875/4/2
f 2875/4/2 2851/4/2 2876/4/2
f 2851/3/2 2852/3/2 2877/3/2
f 2876/4/2 2851/4/2 2877/4/2
f 2877/3/2 2852/3/2 2878/3/2
f 2878/3/2 2852/3/2 2879/3/2
f 2853/4/2 2854/4/2 2881/4/2
f 2854/3/2 2855/3/2 2882/3/2
f 2881/4/2 2854/4/2 2882/4/2
f 2855/4/2 2856/4/2 2883/4/2
f 2882/3/2 2855/3/2 2883/3/2
f 2856/3/2 2857/3/2 2884/3/2
f 2883/4/2 2856/4/2 2884/4/2
f 2884/3/2 2857/3/2 2885/3/2
f 2885/3/2 2857/3/2 2886/3/2
f 2858/1/2 2859/1/2 2888/1/2
f 2859/3/2 2860/3/2 2889/3/2
f 2888/1/2 2859/1/2 2889/1/2
f 2860/1/2 2861/1/2 2890/1/2
f 2889/3/2 2860/3/2 2890/3/2
f 2861/3/2 2862/3/2 2891/3/2
f 2890/1/2 2861/1/2 2891/1/2
f 2862/4/2 2863/4/2 2892/4/2
f 2891/3/2 2862/3/2 2892/3/2
f 2863/3/2 2864/3/2 2893/3/2
f 2892/4/2 2863/4/2 2893/4/2
f 2893/3/2 2864/3/2 2894/3/2
f 2864/4/2 2865/4/2 2895/4/2
f 2894/3/2 2864/3/2 2895/3/2
f 2865/1/2 2866/1/2 2896/1/2
f 2895/4/2 2865/4/2 2896/4/2
f 2866/3/2 2867/3/2 2897/3/2
f 2896/1/2 2866/1/2 2897/1/2
f 2897/3/2 2867/3/2 2898/3/2
f 2868/4/2 2869/4/2 2901/4/2
f 2869/3/2 2870/3/2 2902/3/2
f 2901/4/2 2869/4/2 2902/4/2
f 2902/3/2 2870/3/2 2903/3/2
f 2871/4/2 2872/4/2 2905/4/2
f 2905/4/2 2872/4/2 2906/4/2
f 2879/4/2 2880/4/2 2907/4/2
f 2907/4/2 2880/4/2 2908/4/2
f 2887/4/2 2888/4/2 2909/4/2
f 2909/4/2 2888/4/2 2910/4/2
f 2898/3/2 2899/3/2 2911/3/2
f 2911/3/2 2899/3/2 2912/3/2
f 2900/1/2 2901/1/2 2913/1/2
f 2913/1/2 2901/1/2 2914/1/2
f 2903/4/2 2904/4/2 2915/4/2
f 2915/4/2 2904/4/2 2916/4/2
f 2905/1/2 2906/1/2 2917/1/2
f 2917/1/2 2906/1/2 2918/1/2
f 2907/3/2 2908/3/2 2919/3/2
f 2919/3/2 2908/3/2 2920/3/2
f 2909/2/2 2910/2/2 2921/2/2
f 2913/4/2 2914/4/2 2922/4/2
f 2922/4/2 2914/4/2 2923/4/2
f 2915/3/2 2916/3/2 2924/3/2
f 2924/3/2 2916/3/2 2925/3/2
f 2917/3/2 2918/3/2 2926/3/2
f 2926/3/2 2918/3/2 2927/3/2
f 2909/2/2 2921/2/2 2928/2/2
f 2928/2/2 2921/2/2 2929/2/2
f 2911/2/2 2912/2/2 2930/2/2
f 2930/2/2 2912/2/2 2931/2/2
f 2924/4/2 2925/4/2 2932/4/2
f 2932/4/2 2925/4/2 2933/4/2
f 2926/4/2 2927/4/2 2934/4/2
f 2919/4/2 2920/4/2 2935/4/2
f 2935/4/2 2920/4/2 2936/4/2
f 2928/3/2 2929/3/2 2937/3/2
f 2937/3/2 2929/3/2 2938/3/2
f 2930/1/2 2931/1/2 2939/1/2
f 2939/1/2 2931/1/2 2940/1/2
f 2922/2/2 2923/2/2 2941/2/2
f 2941/2/2 2923/2/2 2942/2/2
f 2932/2/2 2933/2/2 2943/2/2
f 2943/2/2 2933/2/2 2944/2/2
f 2926/4/2 2934/4/2 2945/4/2
f 2945/4/2 2934/4/2 2946/4/2
f 2935/2/2 2936/2/2 2947/2/2
f 2947/2/2 2936/2/2 2948/2/2
f 2937/4/2 2938/4/2 2949/4/2
f 2939/3/2 2940/3/2 2950/3/2
f 2950/3/2 2940/3/2 2951/3/2
f 2941/1/2 2942/1/2 2952/1/2
f 2952/1/2 2942/1/2 2953/1/2
f 2943/3/2 2944/3/2 2954/3/2
f 2954/3/2 2944/3/2 2955/3/2
f 2945/2/2 2946/2/2 2956/2/2
f 2956/2/2 2946/2/2 2957/2/2
f 2947/1/2 2948/1/2 2966/1/2
f 2966/1/2 2948/1/2 2967/1/2
f 2937/4/2 2949/4/2 2976/4/2
f 2976/4/2 2949/4/2 2977/4/2
f 2950/1/2 2951/1/2 2987/1/2
f 2987/1/2 2951/1/2 2988/1/2
f 2952/2/2 2953/2/2 2989/2/2
f 2989/2/2 2953/2/2 2990/2/2
f 2954/4/2 2955/4/2 2992/4/2
f 2992/4/2 2955/4/2 2993/4/2
f 2957/1/2 2958/1/2 2994/1/2
f 2958/1/2 2959/1/2 2994/1/2
f 2959/4/2 2960/4/2 2995/4/2
f 2994/1/2 2959/1/2 2995/1/2
f 2960/2/2 2961/2/2 2996/2/2
f 2995/4/2 2960/4/2 2996/4/2
f 2961/1/2 2962/1/2 2997/1/2
f 2996/2/2 2961/2/2 2997/2/2
f 2962/1/2 2963/1/2 2997/1/2
f 2964/4/2 2965/4/2 2998/4/2
f 2997/1/2 2963/1/2 2998/1/2
f 2963/4/2 2964/4/2 2998/4/2
f 2965/4/2 2966/4/2 2998/4/2
f 2998/4/2 2966/4/2 2999/4/2
f 2968/2/2 2969/2/2 3000/2/2
f 2969/2/2 2970/2/2 3000/2/2
f 2970/1/2 2971/1/2 3001/1/2
f 3000/2/2 2970/2/2 3001/2/2
f 2971/1/2 2972/1/2 3001/1/2
f 2972/2/2 2973/2/2 3002/2/2
f 3001/1/2 2972/1/2 3002/1/2
f 2973/1/2 2974/1/2 3003/1/2
f 3002/2/2 2973/2/2 3003/2/2
f 2974/4/2 2975/4/2 3004/4/2
f 3003/1/2 2974/1/2 3004/1/2
f 3004/4/2 2975/4/2 3005/4/2
f 2977/2/2 2978/2/2 3006/2/2
f 2978/1/2 2979/1/2 3007/1/2
f 3006/2/2 2978/2/2 3007/2/2
f 2979/4/2 2980/4/2 3008/4/2
f 3007/1/2 2979/1/2 3008/1/2
f 2980/2/2 2981/2/2 3009/2/2
f 3008/4/2 2980/4/2 3009/4/2
f 2982/1/2 2983/1/2 3010/1/2
f 3009/2/2 2981/2/2 3010/2/2
f 2981/1/2 2982/1/2 3010/1/2
f 2983/4/2 2984/4/2 3011/4/2
f 3010/1/2 2983/1/2 3011/1/2
f 2984/2/2 2985/2/2 3012/2/2
f 3011/4/2 2984/4/2 3012/4/2
f 2985/1/2 2986/1/2 3013/1/2
f 3012/2/2 2985/2/2 3013/2/2
f 2986/2/2 2987/2/2 3014/2/2
f 3013/1/2 2986/1/2 3014/1/2
f 3014/2/2 2987/2/2 3015/2/2
f 2990/2/2 2991/2/2 3016/2/2
f 2991/2/2 2992/2/2 3016/2/2
f 3016/2/2 2992/2/2 3017/2/2
f 3018/4/2 3019/4/2 3045/4/2
f 3019/1/2 3020/1/2 3046/1/2
f 3045/4/2 3019/4/2 3046/4/2
f 3020/3/2 3021/3/2 3047/3/2
f 3046/1/2 3020/1/2 3047/1/2
f 3047/3/2 3021/3/2 3048/3/2
f 3048/3/2 3021/3/2 3049/3/2
f 3022/4/2 3023/4/2 3051/4/2
f 3051/4/2 3023/4/2 3052/4/2
f 3052/4/2 3023/4/2 3053/4/2
f 3023/3/2 3024/3/2 3054/3/2
f 3053/4/2 3023/4/2 3054/4/2
f 3024/4/2 3025/4/2 3055/4/2
f 3054/3/2 3024/3/2 3055/3/2
f 3025/1/2 3026/1/2 3056/1/2
f 3055/4/2 3025/4/2 3056/4/2
f 3026/3/2 3027/3/2 3057/3/2
f 3056/1/2 3026/1/2 3057/1/2
f 3057/3/2 3027/3/2 3058/3/2
f 3028/4/2 3029/4/2 3060/4/2
f 3060/4/2 3029/4/2 3061/4/2
f 3029/3/2 3030/3/2 3062/3/2
f 3061/4/2 3029/4/2 3062/4/2
f 3062/3/2 3030/3/2 3063/3/2
f 3030/4/2 3031/4/2 3064/4/2
f 3063/3/2 3030/3/2 3064/3/2
f 3064/4/2 3031/4/2 3065/4/2
f 3031/3/2 3032/3/2 3066/3/2
f 3065/4/2 3031/4/2 3066/4/2
f 3032/1/2 3033/1/2 3067/1/2
f 3066/3/2 3032/3/2 3067/3/2
f 3033/4/2 3034/4/2 3068/4/2
f 3067/1/2 3033/1/2 3068/1/2
f 3034/3/2 3035/3/2 3069/3/2
f 3068/4/2 3034/4/2 3069/4/2
f 3069/3/2 3035/3/2 3070/3/2
f 3070/3/2 3035/3/2 3071/3/2
f 3036/1/2 3037/1/2 3074/1/2
f 3037/3/2 3038/3/2 3075/3/2
f 3074/1/2 3037/1/2 3075/1/2
f 3075/3/2 3038/3/2 3076/3/2
f 3038/1/2 3039/1/2 3077/1/2
f 3076/3/2 3038/3/2 3077/3/2
f 3039/4/2 3040/4/2 3078/4/2
f 3077/1/2 3039/1/2 3078/1/2
f 3040/3/2 3041/3/2 3079/3/2
f 3078/4/2 3040/4/2 3079/4/2
f 3041/4/2 3042/4/2 3080/4/2
f 3079/3/2 3041/3/2 3080/3/2
f 3080/4/2 3042/4/2 3081/4/2
f 3042/3/2 3043/3/2 3082/3/2
f 3081/4/2 3042/4/2 3082/4/2
f 3082/3/2 3043/3/2 3083/3/2
f 3083/3/2 3043/3/2 3084/3/2
f 3044/4/2 3045/4/2 3086/4/2
f 3049/3/2 3050/3/2 3087/3/2
f 3087/3/2 3050/3/2 3088/3/2
f 3059/4/2 3060/4/2 3089/4/2
f 3071/4/2 3072/4/2 3090/4/2
f 3090/4/2 3072/4/2 3091/4/2
f 3073/4/2 3074/4/2 3092/4/2
f 3084/4/2 3085/4/2 3093/4/2
f 3093/4/2 3085/4/2 3094/4/2
f 3044/4/2 3086/4/2 3095/4/2
f 3095/4/2 3086/4/2 3096/4/2
f 3087/4/2 3088/4/2 3097/4/2
f 3097/4/2 3088/4/2 3098/4/2
f 3073/4/2 3092/4/2 3099/4/2
f 3099/4/2 3092/4/2 3100/4/2
f 3093/3/2 3094/3/2 3101/3/2
f 3101/3/2 3094/3/2 3102/3/2
f 3059/4/2 3089/4/2 3103/4/2
f 3103/4/2 3089/4/2 3104/4/2
f 3090/2/2 3091/2/2 3105/2/2
f 3105/2/2 3091/2/2 3106/2/2
f 3099/2/2 3100/2/2 3107/2/2
f 3107/2/2 3100/2/2 3108/2/2
f 3101/1/2 3102/1/2 3109/1/2
f 3109/1/2 3102/1/2 3110/1/2
f 3095/2/2 3096/2/2 3111/2/2
f 3111/2/2 3096/2/2 3112/2/2
f 3097/2/2 3098/2/2 3113/2/2
f 3113/2/2 3098/2/2 3114/2/2
f 3109/3/2 3110/3/2 3115/3/2
f 3115/3/2 3110/3/2 3116/3/2
f 3121/2/2 3122/2/2 3145/2/2
f 3122/4/2 3123/4/2 3146/4/2
f 3145/2/2 3122/2/2 3146/2/2
f 3123/1/2 3124/1/2 3147/1/2
f 3146/4/2 3123/4/2 3147/4/2
f 3124/2/2 3125/2/2 3148/2/2
f 3147/1/2 3124/1/2 3148/1/2
f 3148/2/2 3125/2/2 3149/2/2
f 3125/4/2 3126/4/2 3150/4/2
f 3149/2/2 3125/2/2 3150/2/2
f 3150/4/2 3126/4/2 3151/4/2
f 3127/2/2 3128/2/2 3152/2/2
f 3128/1/2 3129/1/2 3152/1/2
f 3129/3/2 3130/3/2 3153/3/2
f 3152/1/2 3129/1/2 3153/1/2
f 3130/1/2 3131/1/2 3154/1/2
f 3153/3/2 3130/3/2 3154/3/2
f 3131/3/2 3132/3/2 3155/3/2
f 3154/1/2 3131/1/2 3155/1/2
f 3132/1/2 3133/1/2 3156/1/2
f 3155/3/2 3132/3/2 3156/3/2
f 3133/4/2 3134/4/2 3157/4/2
f 3156/1/2 3133/1/2 3157/1/2
f 3134/2/2 3135/2/2 3158/2/2
f 3157/4/2 3134/4/2 3158/4/2
f 3135/3/2 3136/3/2 3159/3/2
f 3158/2/2 3135/2/2 3159/2/2
f 3159/3/2 3136/3/2 3160/3/2
f 3137/3/2 3138/3/2 3161/3/2
f 3161/3/2 3138/3/2 3162/3/2
f 3162/3/2 3138/3/2 3163/3/2
f 3138/4/2 3139/4/2 3164/4/2
f 3163/3/2 3138/3/2 3164/3/2
f 3139/2/2 3140/2/2 3165/2/2
f 3164/4/2 3139/4/2 3165/4/2
f 3140/1/2 3141/1/2 3166/1/2
f 3165/2/2 3140/2/2 3166/2/2
f 3141/4/2 3142/4/2 3167/4/2
f 3166/1/2 3141/1/2 3167/1/2
f 3167/4/2 3142/4/2 3168/4/2
f 3142/2/2 3143/2/2 3169/2/2
f 3168/4/2 3142/4/2 3169/4/2
f 3143/1/2 3144/1/2 3170/1/2
f 3169/2/2 3143/2/2 3170/2/2
f 3145/4/2 3146/4/2 3171/4/2
f 3146/3/2 3147/3/2 3172/3/2
f 3171/4/2 3146/4/2 3172/4/2
f 3147/1/2 3148/1/2 3173/1/2
f 3172/3/2 3147/3/2 3173/3/2
f 3148/4/2 3149/4/2 3174/4/2
f 3173/1/2 3148/1/2 3174/1/2
f 3149/2/2 3150/2/2 3175/2/2
f 3174/4/2 3149/4/2 3175/4/2
f 3175/2/2 3150/2/2 3176/2/2
f 3150/1/2 3151/1/2 3177/1/2
f 3176/2/2 3150/2/2 3177/2/2
f 3154/2/2 3155/2/2 3178/2/2
f 3155/1/2 3156/1/2 3178/1/2
f 3156/4/2 3157/4/2 3179/4/2
f 3178/1/2 3156/1/2 3179/1/2
f 3157/2/2 3158/2/2 3180/2/2
f 3179/4/2 3157/4/2 3180/4/2
f 3158/2/2 3159/2/2 3180/2/2
f 3180/2/2 3159/2/2 3181/2/2
f 3163/4/2 3164/4/2 3182/4/2
f 3164/2/2 3165/2/2 3182/2/2
f 3165/2/2 3166/2/2 3182/2/2
f 3166/2/2 3167/2/2 3182/2/2
f 3182/2/2 3167/2/2 3183/2/2
f 3168/4/2 3169/4/2 3184/4/2
f 3167/1/2 3168/1/2 3184/1/2
f 3169/4/2 3170/4/2 3184/4/2
f 3184/4/2 3170/4/2 3185/4/2
f 3170/1/2 3144/1/2 3186/1/2
f 3185/4/2 3170/4/2 3186/4/2
f 3186/1/2 3144/1/2 3187/1/2
f 3117/2/2 3118/2/2 3188/2/2
f 3118/1/2 3119/1/2 3189/1/2
f 3188/2/2 3118/2/2 3189/2/2
f 3119/4/2 3120/4/2 3190/4/2
f 3189/1/2 3119/1/2 3190/1/2
f 3171/1/2 3172/1/2 3191/1/2
f 3172/4/2 3173/4/2 3192/4/2
f 3191/1/2 3172/1/2 3192/1/2
f 3173/2/2 3174/2/2 3193/2/2
f 3174/4/2 3175/4/2 3193/4/2
f 3175/1/2 3176/1/2 3194/1/2
f 3193/4/2 3175/4/2 3194/4/2
f 3176/4/2 3177/4/2 3195/4/2
f 3194/1/2 3176/1/2 3195/1/2
f 3177/1/2 3151/1/2 3196/1/2
f 3195/4/2 3177/4/2 3196/4/2
f 3196/1/2 3151/1/2 3197/1/2
f 3127/2/2 3152/2/2 3198/2/2
f 3152/2/2 3153/2/2 3198/2/2
f 3198/2/2 3153/2/2 3199/2/2
f 3199/2/2 3153/2/2 3200/2/2
f 3153/1/2 3154/1/2 3201/1/2
f 3200/2/2 3153/2/2 3201/2/2
f 3154/2/2 3178/2/2 3202/2/2
f 3201/1/2 3154/1/2 3202/1/2
f 3178/2/2 3179/2/2 3202/2/2
f 3202/2/2 3179/2/2 3203/2/2
f 3180/4/2 3181/4/2 3204/4/2
f 3203/2/2 3179/2/2 3204/2/2
f 3179/4/2 3180/4/2 3204/4/2
f 3204/4/2 3181/4/2 3205/4/2
f 3181/2/2 3159/2/2 3206/2/2
f 3205/4/2 3181/4/2 3206/4/2
f 3159/1/2 3160/1/2 3207/1/2
f 3206/2/2 3159/2/2 3207/2/2
f 3207/1/2 3160/1/2 3208/1/2
f 3161/2/2 3162/2/2 3209/2/2
f 3162/1/2 3163/1/2 3210/1/2
f 3209/2/2 3162/2/2 3210/2/2
f 3182/4/2 3183/4/2 3211/4/2
f 3210/1/2 3163/1/2 3211/1/2
f 3163/4/2 3182/4/2 3211/4/2
f 3183/2/2 3167/2/2 3212/2/2
f 3211/4/2 3183/4/2 3212/4/2
f 3212/2/2 3167/2/2 3213/2/2
f 3213/2/2 3167/2/2 3214/2/2
f 3167/1/2 3184/1/2 3215/1/2
f 3214/2/2 3167/2/2 3215/2/2
f 3184/3/2 3185/3/2 3216/3/2
f 3215/1/2 3184/1/2 3216/1/2
f 3185/4/2 3186/4/2 3217/4/2
f 3216/3/2 3185/3/2 3217/3/2
f 3186/4/2 3187/4/2 3217/4/2
f 3217/4/2 3187/4/2 3218/4/2
f 3218/4/2 3187/4/2 3219/4/2
f 3188/4/2 3189/4/2 3220/4/2
f 3189/3/2 3190/3/2 3221/3/2
f 3220/4/2 3189/4/2 3221/4/2
f 3190/4/2 3120/4/2 3222/4/2
f 3221/3/2 3190/3/2 3222/3/2
f 3222/4/2 3120/4/2 3223/4/2
f 3191/2/2 3192/2/2 3224/2/2
f 3192/4/2 3173/4/2 3225/4/2
f 3224/2/2 3192/2/2 3225/2/2
f 3173/2/2 3193/2/2 3226/2/2
f 3225/4/2 3173/4/2 3226/4/2
f 3193/3/2 3194/3/2 3227/3/2
f 3226/2/2 3193/2/2 3227/2/2
f 3194/2/2 3195/2/2 3228/2/2
f 3227/3/2 3194/3/2 3228/3/2
f 3195/4/2 3196/4/2 3229/4/2
f 3228/2/2 3195/2/2 3229/2/2
f 3196/3/2 3197/3/2 3230/3/2
f 3229/4/2 3196/4/2 3230/4/2
f 3230/3/2 3197/3/2 3231/3/2
f 3198/4/2 3199/4/2 3232/4/2
f 3199/2/2 3200/2/2 3233/2/2
f 3232/4/2 3199/4/2 3233/4/2
f 3200/1/2 3201/1/2 3234/1/2
f 3233/2/2 3200/2/2 3234/2/2
f 3201/3/2 3202/3/2 3235/3/2
f 3234/1/2 3201/1/2 3235/1/2
f 3202/4/2 3203/4/2 3236/4/2
f 3235/3/2 3202/3/2 3236/3/2
f 3203/2/2 3204/2/2 3237/2/2
f 3236/4/2 3203/4/2 3237/4/2
f 3204/1/2 3205/1/2 3238/1/2
f 3237/2/2 3204/2/2 3238/2/2
f 3205/4/2 3206/4/2 3239/4/2
f 3238/1/2 3205/1/2 3239/1/2
f 3206/4/2 3207/4/2 3239/4/2
f 3207/3/2 3208/3/2 3240/3/2
f 3239/4/2 3207/4/2 3240/4/2
f 3240/3/2 3208/3/2 3241/3/2
f 3209/4/2 3210/4/2 3242/4/2
f 3210/3/2 3211/3/2 3243/3/2
f 3242/4/2 3210/4/2 3243/4/2
f 3212/4/2 3213/4/2 3244/4/2
f 3243/3/2 3211/3/2 3244/3/2
f 3211/4/2 3212/4/2 3244/4/2
f 3213/2/2 3214/2/2 3245/2/2
f 3244/4/2 3213/4/2 3245/4/2
f 3214/4/2 3215/4/2 3246/4/2
f 3245/2/2 3214/2/2 3246/2/2
f 3215/3/2 3216/3/2 3247/3/2
f 3246/4/2 3215/4/2 3247/4/2
f 3216/3/2 3217/3/2 3247/3/2
f 3217/1/2 3218/1/2 3248/1/2
f 3247/3/2 3217/3/2 3248/3/2
f 3218/3/2 3219/3/2 3249/3/2
f 3248/1/2 3218/1/2 3249/1/2
f 3249/3/2 3219/3/2 3250/3/2
f 3251/2/2 3252/2/2 3275/2/2
f 3275/2/2 3252/2/2 3276/2/2
f 3252/3/2 3253/3/2 3277/3/2
f 3276/2/2 3252/2/2 3277/2/2
f 3253/4/2 3254/4/2 3278/4/2
f 3277/3/2 3253/3/2 3278/3/2
f 3254/2/2 3255/2/2 3279/2/2
f 3255/1/2 3256/1/2 3280/1/2
f 3279/2/2 3255/2/2 3280/2/2
f 3256/4/2 3257/4/2 3281/4/2
f 3280/1/2 3256/1/2 3281/1/2
f 3281/4/2 3257/4/2 3282/4/2
f 3257/3/2 3258/3/2 3283/3/2
f 3282/4/2 3257/4/2 3283/4/2
f 3283/3/2 3258/3/2 3284/3/2
f 3259/2/2 3260/2/2 3285/2/2
f 3260/1/2 3261/1/2 3286/1/2
f 3285/2/2 3260/2/2 3286/2/2
f 3261/2/2 3262/2/2 3287/2/2
f 3286/1/2 3261/1/2 3287/1/2
f 3287/2/2 3262/2/2 3288/2/2
f 3288/2/2 3262/2/2 3289/2/2
f 3289/2/2 3262/2/2 3290/2/2
f 3262/4/2 3263/4/2 3291/4/2
f 3290/2/2 3262/2/2 3291/2/2
f 3263/3/2 3264/3/2 3292/3/2
f 3291/4/2 3263/4/2 3292/4/2
f 3292/3/2 3264/3/2 3293/3/2
f 3265/4/2 3266/4/2 3294/4/2
f 3294/4/2 3266/4/2 3295/4/2
f 3295/4/2 3266/4/2 3296/4/2
f 3266/3/2 3267/3/2 3297/3/2
f 3296/4/2 3266/4/2 3297/4/2
f 3297/3/2 3267/3/2 3298/3/2
f 3267/1/2 3268/1/2 3299/1/2
f 3298/3/2 3267/3/2 3299/3/2
f 3268/3/2 3269/3/2 3300/3/2
f 3299/1/2 3268/1/2 3300/1/2
f 3269/4/2 3270/4/2 3301/4/2
f 3300/3/2 3269/3/2 3301/3/2
f 3301/4/2 3270/4/2 3302/4/2
f 3270/3/2 3271/3/2 3303/3/2
f 3302/4/2 3270/4/2 3303/4/2
f 3303/3/2 3271/3/2 3304/3/2
f 3272/2/2 3273/2/2 3305/2/2
f 3273/1/2 3274/1/2 3306/1/2
f 3305/2/2 3273/2/2 3306/2/2
f 3306/1/2 3274/1/2 3307/1/2
f 3276/4/2 3277/4/2 3308/4/2
f 3277/4/2 3278/4/2 3308/4/2
f 3278/4/2 3254/4/2 3309/4/2
f 3308/4/2 3278/4/2 3309/4/2
f 3254/2/2 3279/2/2 3309/2/2
f 3279/1/2 3280/1/2 3310/1/2
f 3280/4/2 3281/4/2 3310/4/2
f 3281/2/2 3282/2/2 3311/2/2
f 3310/4/2 3281/4/2 3311/4/2
f 3282/4/2 3283/4/2 3312/4/2
f 3311/2/2 3282/2/2 3312/2/2
f 3283/1/2 3284/1/2 3313/1/2
f 3312/4/2 3283/4/2 3313/4/2
f 3313/1/2 3284/1/2 3314/1/2
f 3285/4/2 3286/4/2 3315/4/2
f 3286/3/2 3287/3/2 3316/3/2
f 3315/4/2 3286/4/2 3316/4/2
f 3287/1/2 3288/1/2 3317/1/2
f 3316/3/2 3287/3/2 3317/3/2
f 3288/4/2 3289/4/2 3318/4/2
f 3317/1/2 3288/1/2 3318/1/2
f 3290/1/2 3291/1/2 3319/1/2
f 3291/2/2 3292/2/2 3319/2/2
f 3292/1/2 3293/1/2 3320/1/2
f 3319/2/2 3292/2/2 3320/2/2
f 3320/1/2 3293/1/2 3321/1/2
f 3294/2/2 3295/2/2 3322/2/2
f 3295/4/2 3296/4/2 3323/4/2
f 3322/2/2 3295/2/2 3323/2/2
f 3296/2/2 3297/2/2 3324/2/2
f 3323/4/2 3296/4/2 3324/4/2
f 3324/2/2 3297/2/2 3325/2/2
f 3325/2/2 3297/2/2 3326/2/2
f 3297/1/2 3298/1/2 3327/1/2
f 3326/2/2 3297/2/2 3327/2/2
f 3298/4/2 3299/4/2 3328/4/2
f 3327/1/2 3298/1/2 3328/1/2
f 3299/4/2 3300/4/2 3328/4/2
f 3328/4/2 3300/4/2 3329/4/2
f 3301/1/2 3302/1/2 3330/1/2
f 3329/4/2 3300/4/2 3330/4/2
f 3300/1/2 3301/1/2 3330/1/2
f 3330/1/2 3302/1/2 3331/1/2
f 3302/2/2 3303/2/2 3332/2/2
f 3331/1/2 3302/1/2 3332/1/2
f 3305/4/2 3306/4/2 3333/4/2
f 3333/4/2 3306/4/2 3334/4/2
f 3306/3/2 3307/3/2 3335/3/2
f 3334/4/2 3306/4/2 3335/4/2
f 3335/3/2 3307/3/2 3336/3/2
f 3275/1/2 3276/1/2 3337/1/2
f 3276/4/2 3308/4/2 3338/4/2
f 3337/1/2 3276/1/2 3338/1/2
f 3308/2/2 3309/2/2 3339/2/2
f 3338/4/2 3308/4/2 3339/4/2
f 3279/1/2 3310/1/2 3340/1/2
f 3310/2/2 3311/2/2 3340/2/2
f 3311/4/2 3312/4/2 3341/4/2
f 3340/2/2 3311/2/2 3341/2/2
f 3312/3/2 3313/3/2 3342/3/2
f 3341/4/2 3312/4/2 3342/4/2
f 3313/4/2 3314/4/2 3343/4/2
f 3342/3/2 3313/3/2 3343/3/2
f 3316/4/2 3317/4/2 3344/4/2
f 3317/2/2 3318/2/2 3344/2/2
f 3318/4/2 3289/4/2 3345/4/2
f 3344/2/2 3318/2/2 3345/2/2
f 3289/2/2 3290/2/2 3346/2/2
f 3345/4/2 3289/4/2 3346/4/2
f 3290/1/2 3319/1/2 3347/1/2
f 3320/4/2 3321/4/2 3347/4/2
f 3319/4/2 3320/4/2 3347/4/2
f 3347/4/2 3321/4/2 3348/4/2
f 3322/3/2 3323/3/2 3349/3/2
f 3323/3/2 3324/3/2 3349/3/2
f 3349/3/2 3324/3/2 3350/3/2
f 3324/4/2 3325/4/2 3351/4/2
f 3350/3/2 3324/3/2 3351/3/2
f 3325/2/2 3326/2/2 3352/2/2
f 3351/4/2 3325/4/2 3352/4/2
f 3326/1/2 3327/1/2 3353/1/2
f 3352/2/2 3326/2/2 3353/2/2
f 3328/4/2 3329/4/2 3354/4/2
f 3353/1/2 3327/1/2 3354/1/2
f 3327/4/2 3328/4/2 3354/4/2
f 3329/2/2 3330/2/2 3355/2/2
f 3354/4/2 3329/4/2 3355/4/2
f 3330/1/2 3331/1/2 3356/1/2
f 3355/2/2 3330/2/2 3356/2/2
f 3331/3/2 3332/3/2 3357/3/2
f 3356/1/2 3331/1/2 3357/1/2
f 3332/2/2 3303/2/2 3358/2/2
f 3357/3/2 3332/3/2 3358/3/2
f 3303/1/2 3304/1/2 3359/1/2
f 3358/2/2 3303/2/2 3359/2/2
f 3359/1/2 3304/1/2 3360/1/2
f 3337/3/2 3338/3/2 3361/3/2
f 3338/3/2 3339/3/2 3361/3/2
f 3361/3/2 3339/3/2 3362/3/2
f 3339/2/2 3309/2/2 3363/2/2
f 3362/3/2 3339/3/2 3363/3/2
f 3363/2/2 3309/2/2 3364/2/2
f 3309/2/2 3279/2/2 3365/2/2
f 3364/2/2 3309/2/2 3365/2/2
f 3279/1/2 3340/1/2 3366/1/2
f 3365/2/2 3279/2/2 3366/2/2
f 3340/1/2 3341/1/2 3366/1/2
f 3341/3/2 3342/3/2 3367/3/2
f 3366/1/2 3341/1/2 3367/1/2
f 3342/4/2 3343/4/2 3368/4/2
f 3367/3/2 3342/3/2 3368/3/2
f 3315/2/2 3316/2/2 3369/2/2
f 3316/4/2 3344/4/2 3370/4/2
f 3369/2/2 3316/2/2 3370/2/2
f 3344/1/2 3345/1/2 3371/1/2
f 3370/4/2 3344/4/2 3371/4/2
f 3345/3/2 3346/3/2 3372/3/2
f 3371/1/2 3345/1/2 3372/1/2
f 3346/2/2 3290/2/2 3373/2/2
f 3372/3/2 3346/3/2 3373/3/2
f 3290/1/2 3347/1/2 3374/1/2
f 3373/2/2 3290/2/2 3374/2/2
f 3347/3/2 3348/3/2 3375/3/2
f 3374/1/2 3347/1/2 3375/1/2
f 3348/4/2 3321/4/2 3376/4/2
f 3375/3/2 3348/3/2 3376/3/2
f 3350/3/2 3351/3/2 3377/3/2
f 3351/3/2 3352/3/2 3377/3/2
f 3352/1/2 3353/1/2 3378/1/2
f 3377/3/2 3352/3/2 3378/3/2
f 3353/3/2 3354/3/2 3379/3/2
f 3378/1/2 3353/1/2 3379/1/2
f 3354/1/2 3355/1/2 3380/1/2
f 3379/3/2 3354/3/2 3380/3/2
f 3355/1/2 3356/1/2 3380/1/2
f 3356/3/2 3357/3/2 3381/3/2
f 3380/1/2 3356/1/2 3381/1/2
f 3357/3/2 3358/3/2 3381/3/2
f 3381/3/2 3358/3/2 3382/3/2
f 3358/1/2 3359/1/2 3383/1/2
f 3382/3/2 3358/3/2 3383/3/2
f 3359/3/2 3360/3/2 3384/3/2
f 3383/1/2 3359/1/2 3384/1/2
f 3384/3/2 3360/3/2 3385/3/2
f 3333/2/2 3334/2/2 3386/2/2
f 3334/1/2 3335/1/2 3387/1/2
f 3386/2/2 3334/2/2 3387/2/2
f 3335/4/2 3336/4/2 3388/4/2
f 3387/1/2 3335/1/2 3388/1/2
f 3388/4/2 3336/4/2 3389/4/2
f 3361/4/2 3362/4/2 3390/4/2
f 3363/3/2 3364/3/2 3391/3/2
f 3390/4/2 3362/4/2 3391/4/2
f 3362/3/2 3363/3/2 3391/3/2
f 3391/3/2 3364/3/2 3392/3/2
f 3364/1/2 3365/1/2 3393/1/2
f 3392/3/2 3364/3/2 3393/3/2
f 3365/3/2 3366/3/2 3394/3/2
f 3393/1/2 3365/1/2 3394/1/2
f 3366/4/2 3367/4/2 3395/4/2
f 3394/3/2 3366/3/2 3395/3/2
f 3395/4/2 3367/4/2 3396/4/2
f 3367/1/2 3368/1/2 3397/1/2
f 3396/4/2 3367/4/2 3397/4/2
f 3368/4/2 3343/4/2 3398/4/2
f 3397/1/2 3368/1/2 3398/1/2
f 3343/4/2 3314/4/2 3399/4/2
f 3398/4/2 3343/4/2 3399/4/2
f 3399/4/2 3314/4/2 3400/4/2
f 3369/1/2 3370/1/2 3401/1/2
f 3370/3/2 3371/3/2 3402/3/2
f 3401/1/2 3370/1/2 3402/1/2
f 3371/4/2 3372/4/2 3403/4/2
f 3402/3/2 3371/3/2 3403/3/2
f 3372/3/2 3373/3/2 3404/3/2
f 3403/4/2 3372/4/2 3404/4/2
f 3373/1/2 3374/1/2 3405/1/2
f 3404/3/2 3373/3/2 3405/3/2
f 3374/4/2 3375/4/2 3406/4/2
f 3405/1/2 3374/1/2 3406/1/2
f 3375/1/2 3376/1/2 3407/1/2
f 3406/4/2 3375/4/2 3407/4/2
f 3376/4/2 3321/4/2 3408/4/2
f 3407/1/2 3376/1/2 3408/1/2
f 3408/4/2 3321/4/2 3409/4/2
f 3349/1/2 3350/1/2 3410/1/2
f 3350/3/2 3377/3/2 3411/3/2
f 3410/1/2 3350/1/2 3411/1/2
f 3377/1/2 3378/1/2 3412/1/2
f 3411/3/2 3377/3/2 3412/3/2
f 3378/4/2 3379/4/2 3413/4/2
f 3412/1/2 3378/1/2 3413/1/2
f 3379/1/2 3380/1/2 3414/1/2
f 3413/4/2 3379/4/2 3414/4/2
f 3381/4/2 3382/4/2 3415/4/2
f 3380/4/2 3381/4/2 3415/4/2
f 3382/3/2 3383/3/2 3416/3/2
f 3415/4/2 3382/4/2 3416/4/2
f 3384/4/2 3385/4/2 3417/4/2
f 3416/3/2 3383/3/2 3417/3/2
f 3383/4/2 3384/4/2 3417/4/2
f 3417/4/2 3385/4/2 3418/4/2
f 3386/1/2 3387/1/2 3419/1/2
f 3387/1/2 3388/1/2 3419/1/2
f 3388/3/2 3389/3/2 3420/3/2
f 3419/1/2 3388/1/2 3420/1/2
f 3420/3/2 3389/3/2 3421/3/2
f 3390/2/2 3391/2/2 3422/2/2
f 3391/1/2 3392/1/2 3423/1/2
f 3422/2/2 3391/2/2 3423/2/2
f 3392/4/2 3393/4/2 3424/4/2
f 3423/1/2 3392/1/2 3424/1/2
f 3393/2/2 3394/2/2 3425/2/2
f 3424/4/2 3393/4/2 3425/4/2
f 3394/2/2 3395/2/2 3425/2/2
f 3395/1/2 3396/1/2 3426/1/2
f 3425/2/2 3395/2/2 3426/2/2
f 3396/2/2 3397/2/2 3427/2/2
f 3426/1/2 3396/1/2 3427/1/2
f 3397/1/2 3398/1/2 3428/1/2
f 3427/2/2 3397/2/2 3428/2/2
f 3398/3/2 3399/3/2 3429/3/2
f 3428/1/2 3398/1/2 3429/1/2
f 3399/1/2 3400/1/2 3430/1/2
f 3429/3/2 3399/3/2 3430/3/2
f 3430/1/2 3400/1/2 3431/1/2
f 3401/2/2 3402/2/2 3432/2/2
f 3402/1/2 3403/1/2 3433/1/2
f 3432/2/2 3402/2/2 3433/2/2
f 3403/2/2 3404/2/2 3434/2/2
f 3433/1/2 3403/1/2 3434/1/2
f 3404/1/2 3405/1/2 3435/1/2
f 3434/2/2 3404/2/2 3435/2/2
f 3405/2/2 3406/2/2 3436/2/2
f 3435/1/2 3405/1/2 3436/1/2
f 3406/1/2 3407/1/2 3437/1/2
f 3436/2/2 3406/2/2 3437/2/2
f 3408/1/2 3409/1/2 3437/1/2
f 3407/1/2 3408/1/2 3437/1/2
f 3437/1/2 3409/1/2 3438/1/2
f 3410/2/2 3411/2/2 3439/2/2
f 3411/1/2 3412/1/2 3440/1/2
f 3439/2/2 3411/2/2 3440/2/2
f 3412/4/2 3413/4/2 3441/4/2
f 3440/1/2 3412/1/2 3441/1/2
f 3413/2/2 3414/2/2 3442/2/2
f 3441/4/2 3413/4/2 3442/4/2
f 3414/1/2 3380/1/2 3443/1/2
f 3442/2/2 3414/2/2 3443/2/2
f 3380/4/2 3415/4/2 3444/4/2
f 3443/1/2 3380/1/2 3444/1/2
f 3415/2/2 3416/2/2 3445/2/2
f 3444/4/2 3415/4/2 3445/4/2
f 3416/1/2 3417/1/2 3446/1/2
f 3445/2/2 3416/2/2 3446/2/2
f 3417/2/2 3418/2/2 3447/2/2
f 3446/1/2 3417/1/2 3447/1/2
f 3447/2/2 3418/2/2 3448/2/2
f 3419/2/2 3420/2/2 3449/2/2
f 3420/1/2 3421/1/2 3450/1/2
f 3449/2/2 3420/2/2 3450/2/2
f 3450/1/2 3421/1/2 3451/1/2
f 3452/4/2 3453/4/2 3483/4/2
f 3453/3/2 3454/3/2 3484/3/2
f 3483/4/2 3453/4/2 3484/4/2
f 3454/4/2 3455/4/2 3485/4/2
f 3484/3/2 3454/3/2 3485/3/2
f 3456/2/2 3457/2/2 3486/2/2
f 3457/4/2 3458/4/2 3487/4/2
f 3486/2/2 3457/2/2 3487/2/2
f 3458/2/2 3459/2/2 3488/2/2
f 3459/3/2 3460/3/2 3488/3/2
f 3460/2/2 3461/2/2 3489/2/2
f 3488/3/2 3460/3/2 3489/3/2
f 3461/4/2 3462/4/2 3490/4/2
f 3489/2/2 3461/2/2 3490/2/2
f 3462/3/2 3463/3/2 3491/3/2
f 3490/4/2 3462/4/2 3491/4/2
f 3491/3/2 3463/3/2 3492/3/2
f 3464/4/2 3465/4/2 3493/4/2
f 3465/2/2 3466/2/2 3494/2/2
f 3493/4/2 3465/4/2 3494/4/2
f 3466/1/2 3467/1/2 3495/1/2
f 3494/2/2 3466/2/2 3495/2/2
f 3467/3/2 3468/3/2 3496/3/2
f 3495/1/2 3467/1/2 3496/1/2
f 3468/4/2 3469/4/2 3497/4/2
f 3496/3/2 3468/3/2 3497/3/2
f 3469/2/2 3470/2/2 3498/2/2
f 3497/4/2 3469/4/2 3498/4/2
f 3470/1/2 3471/1/2 3499/1/2
f 3498/2/2 3470/2/2 3499/2/2
f 3471/4/2 3472/4/2 3500/4/2
f 3499/1/2 3471/1/2 3500/1/2
f 3500/4/2 3472/4/2 3501/4/2
f 3472/3/2 3473/3/2 3502/3/2
f 3501/4/2 3472/4/2 3502/4/2
f 3502/3/2 3473/3/2 3503/3/2
f 3474/4/2 3475/4/2 3504/4/2
f 3475/3/2 3476/3/2 3505/3/2
f 3504/4/2 3475/4/2 3505/4/2
f 3476/4/2 3477/4/2 3506/4/2
f 3505/3/2 3476/3/2 3506/3/2
f 3506/4/2 3477/4/2 3507/4/2
f 3477/2/2 3478/2/2 3508/2/2
f 3507/4/2 3477/4/2 3508/4/2
f 3478/4/2 3479/4/2 3509/4/2
f 3508/2/2 3478/2/2 3509/2/2
f 3479/3/2 3480/3/2 3510/3/2
f 3509/4/2 3479/4/2 3510/4/2
f 3510/3/2 3480/3/2 3511/3/2
f 3480/1/2 3481/1/2 3512/1/2
f 3511/3/2 3480/3/2 3512/3/2
f 3481/3/2 3482/3/2 3513/3/2
f 3512/1/2 3481/1/2 3513/1/2
f 3513/3/2 3482/3/2 3514/3/2
f 3486/1/2 3487/1/2 3515/1/2
f 3487/4/2 3458/4/2 3516/4/2
f 3515/1/2 3487/1/2 3516/1/2
f 3458/2/2 3488/2/2 3517/2/2
f 3516/4/2 3458/4/2 3517/4/2
f 3488/4/2 3489/4/2 3518/4/2
f 3517/2/2 3488/2/2 3518/2/2
f 3489/1/2 3490/1/2 3519/1/2
f 3518/4/2 3489/4/2 3519/4/2
f 3490/4/2 3491/4/2 3520/4/2
f 3519/1/2 3490/1/2 3520/1/2
f 3491/1/2 3492/1/2 3521/1/2
f 3520/4/2 3491/4/2 3521/4/2
f 3497/2/2 3498/2/2 3522/2/2
f 3498/2/2 3499/2/2 3522/2/2
f 3500/4/2 3501/4/2 3523/4/2
f 3522/2/2 3499/2/2 3523/2/2
f 3499/4/2 3500/4/2 3523/4/2
f 3523/4/2 3501/4/2 3524/4/2
f 3501/2/2 3502/2/2 3525/2/2
f 3524/4/2 3501/4/2 3525/4/2
f 3506/4/2 3507/4/2 3526/4/2
f 3507/2/2 3508/2/2 3527/2/2
f 3526/4/2 3507/4/2 3527/4/2
f 3508/2/2 3509/2/2 3527/2/2
f 3509/2/2 3510/2/2 3527/2/2
f 3511/3/2 3512/3/2 3528/3/2
f 3510/1/2 3511/1/2 3528/1/2
f 3513/4/2 3514/4/2 3529/4/2
f 3528/3/2 3512/3/2 3529/3/2
f 3512/4/2 3513/4/2 3529/4/2
f 3529/4/2 3514/4/2 3530/4/2
f 3530/4/2 3514/4/2 3531/4/2
f 3515/4/2 3516/4/2 3532/4/2
f 3516/3/2 3517/3/2 3533/3/2
f 3532/4/2 3516/4/2 3533/4/2
f 3517/1/2 3518/1/2 3534/1/2
f 3533/3/2 3517/3/2 3534/3/2
f 3518/4/2 3519/4/2 3535/4/2
f 3534/1/2 3518/1/2 3535/1/2
f 3519/2/2 3520/2/2 3536/2/2
f 3535/4/2 3519/4/2 3536/4/2
f 3520/2/2 3521/2/2 3536/2/2
f 3521/1/2 3492/1/2 3537/1/2
f 3536/2/2 3521/2/2 3537/2/2
f 3537/1/2 3492/1/2 3538/1/2
f 3493/2/2 3494/2/2 3539/2/2
f 3494/2/2 3495/2/2 3539/2/2
f 3495/2/2 3496/2/2 3539/2/2
f 3496/1/2 3497/1/2 3540/1/2
f 3539/2/2 3496/2/2 3540/2/2
f 3497/2/2 3522/2/2 3541/2/2
f 3540/1/2 3497/1/2 3541/1/2
f 3522/1/2 3523/1/2 3542/1/2
f 3541/2/2 3522/2/2 3542/2/2
f 3523/4/2 3524/4/2 3543/4/2
f 3542/1/2 3523/1/2 3543/1/2
f 3524/2/2 3525/2/2 3544/2/2
f 3543/4/2 3524/4/2 3544/4/2
f 3525/2/2 3502/2/2 3545/2/2
f 3544/2/2 3525/2/2 3545/2/2
f 3502/1/2 3503/1/2 3546/1/2
f 3545/2/2 3502/2/2 3546/2/2
f 3546/1/2 3503/1/2 3547/1/2
f 3504/2/2 3505/2/2 3548/2/2
f 3505/1/2 3506/1/2 3549/1/2
f 3548/2/2 3505/2/2 3549/2/2
f 3506/4/2 3526/4/2 3550/4/2
f 3549/1/2 3506/1/2 3550/1/2
f 3526/2/2 3527/2/2 3551/2/2
f 3550/4/2 3526/4/2 3551/4/2
f 3527/2/2 3510/2/2 3552/2/2
f 3551/2/2 3527/2/2 3552/2/2
f 3552/2/2 3510/2/2 3553/2/2
f 3510/1/2 3528/1/2 3554/1/2
f 3553/2/2 3510/2/2 3554/2/2
f 3529/4/2 3530/4/2 3555/4/2
f 3554/1/2 3528/1/2 3555/1/2
f 3528/4/2 3529/4/2 3555/4/2
f 3555/4/2 3530/4/2 3556/4/2
f 3530/1/2 3531/1/2 3557/1/2
f 3556/4/2 3530/4/2 3557/4/2
f 3483/2/2 3484/2/2 3558/2/2
f 3484/1/2 3485/1/2 3559/1/2
f 3558/2/2 3484/2/2 3559/2/2
f 3485/4/2 3455/4/2 3560/4/2
f 3559/1/2 3485/1/2 3560/1/2
f 3560/4/2 3455/4/2 3561/4/2
f 3532/2/2 3533/2/2 3562/2/2
f 3533/4/2 3534/4/2 3563/4/2
f 3562/2/2 3533/2/2 3563/2/2
f 3534/1/2 3535/1/2 3564/1/2
f 3563/4/2 3534/4/2 3564/4/2
f 3536/2/2 3537/2/2 3565/2/2
f 3564/1/2 3535/1/2 3565/1/2
f 3535/2/2 3536/2/2 3565/2/2
f 3537/4/2 3538/4/2 3566/4/2
f 3565/2/2 3537/2/2 3566/2/2
f 3566/4/2 3538/4/2 3567/4/2
f 3493/2/2 3539/2/2 3568/2/2
f 3539/1/2 3540/1/2 3569/1/2
f 3568/2/2 3539/2/2 3569/2/2
f 3540/3/2 3541/3/2 3570/3/2
f 3569/1/2 3540/1/2 3570/1/2
f 3541/1/2 3542/1/2 3571/1/2
f 3570/3/2 3541/3/2 3571/3/2
f 3542/3/2 3543/3/2 3572/3/2
f 3571/1/2 3542/1/2 3572/1/2
f 3543/1/2 3544/1/2 3573/1/2
f 3572/3/2 3543/3/2 3573/3/2
f 3544/4/2 3545/4/2 3574/4/2
f 3573/1/2 3544/1/2 3574/1/2
f 3545/2/2 3546/2/2 3575/2/2
f 3574/4/2 3545/4/2 3575/4/2
f 3546/3/2 3547/3/2 3576/3/2
f 3575/2/2 3546/2/2 3576/2/2
f 3576/3/2 3547/3/2 3577/3/2
f 3550/3/2 3551/3/2 3578/3/2
f 3548/3/2 3549/3/2 3578/3/2
f 3549/3/2 3550/3/2 3578/3/2
f 3551/4/2 3552/4/2 3579/4/2
f 3578/3/2 3551/3/2 3579/3/2
f 3552/2/2 3553/2/2 3580/2/2
f 3579/4/2 3552/4/2 3580/4/2
f 3553/1/2 3554/1/2 3581/1/2
f 3580/2/2 3553/2/2 3581/2/2
f 3555/4/2 3556/4/2 3582/4/2
f 3581/1/2 3554/1/2 3582/1/2
f 3554/4/2 3555/4/2 3582/4/2
f 3556/2/2 3557/2/2 3583/2/2
f 3582/4/2 3556/4/2 3583/4/2
f 3557/1/2 3531/1/2 3584/1/2
f 3583/2/2 3557/2/2 3584/2/2
f 3584/1/2 3531/1/2 3585/1/2
f 3598/2/3 3587/2/3 3586/2/3
f 3599/4/3 3588/4/3 3587/4/3
f 3599/2/3 3587/2/3 3598/2/3
f 3600/4/3 3588/4/3 3599/4/3
f 3601/4/3 3588/4/3 3600/4/3
f 3602/4/3 3590/4/3 3589/4/3
f 3603/1/3 3591/1/3 3590/1/3
f 3603/4/3 3590/4/3 3602/4/3
f 3604/3/3 3592/3/3 3591/3/3
f 3604/1/3 3591/1/3 3603/1/3
f 3605/4/3 3593/4/3 3592/4/3
f 3605/3/3 3592/3/3 3604/3/3
f 3606/2/3 3594/2/3 3593/2/3
f 3606/4/3 3593/4/3 3605/4/3
f 3607/2/3 3594/2/3 3606/2/3
f 3608/4/3 3596/4/3 3595/4/3
f 3609/2/3 3597/2/3 3596/2/3
f 3609/4/3 3596/4/3 3608/4/3
f 3610/2/3 3603/2/3 3602/2/3
f 3611/4/3 3604/4/3 3603/4/3
f 3611/2/3 3603/2/3 3610/2/3
f 3611/4/3 3605/4/3 3604/4/3
f 3612/4/3 3605/4/3 3611/4/3
f 3613/3/3 3606/3/3 3605/3/3
f 3613/4/3 3605/4/3 3612/4/3
f 3614/3/3 3606/3/3 3613/3/3
f 3615/1/3 3607/1/3 3606/1/3
f 3615/3/3 3606/3/3 3614/3/3
f 3616/1/3 3607/1/3 3615/1/3
f 3617/4/3 3608/4/3 3595/4/3
f 3618/2/3 3609/2/3 3608/2/3
f 3618/4/3 3608/4/3 3617/4/3
f 3619/2/3 3597/2/3 3609/2/3
f 3619/2/3 3609/2/3 3618/2/3
f 3620/2/3 3598/2/3 3586/2/3
f 3621/4/3 3599/4/3 3598/4/3
f 3621/2/3 3598/2/3 3620/2/3
f 3621/4/3 3600/4/3 3599/4/3
f 3622/4/3 3600/4/3 3621/4/3
f 3623/1/3 3601/1/3 3600/1/3
f 3623/4/3 3600/4/3 3622/4/3
f 3624/1/3 3601/1/3 3623/1/3
f 3625/3/3 3611/3/3 3610/3/3
f 3626/4/3 3612/4/3 3611/4/3
f 3626/3/3 3611/3/3 3625/3/3
f 3627/2/3 3614/2/3 3613/2/3
f 3627/2/3 3613/2/3 3612/2/3
f 3627/3/3 3615/3/3 3614/3/3
f 3628/4/3 3616/4/3 3615/4/3
f 3628/3/3 3615/3/3 3627/3/3
f 3629/4/3 3616/4/3 3628/4/3
f 3630/3/3 3618/3/3 3617/3/3
f 3631/1/3 3619/1/3 3618/1/3
f 3631/3/3 3618/3/3 3630/3/3
f 3632/1/3 3619/1/3 3631/1/3
f 3633/4/3 3622/4/3 3621/4/3
f 3633/4/3 3621/4/3 3620/4/3
f 3634/3/3 3624/3/3 3623/3/3
f 3634/4/3 3622/4/3 3633/4/3
f 3634/3/3 3623/3/3 3622/3/3
f 3635/3/3 3624/3/3 3634/3/3
f 3636/4/3 3626/4/3 3625/4/3
f 3637/2/3 3627/2/3 3612/2/3
f 3637/4/3 3626/4/3 3636/4/3
f 3637/4/3 3612/4/3 3626/4/3
f 3638/4/3 3631/4/3 3630/4/3
f 3638/4/3 3632/4/3 3631/4/3
f 3639/4/3 3632/4/3 3638/4/3
f 3640/4/3 3633/4/3 3620/4/3
f 3641/1/3 3635/1/3 3634/1/3
f 3641/4/3 3633/4/3 3640/4/3
f 3641/1/3 3634/1/3 3633/1/3
f 3642/3/3 3624/3/3 3635/3/3
f 3642/1/3 3635/1/3 3641/1/3
f 3643/3/3 3624/3/3 3642/3/3
f 3644/2/3 3627/2/3 3637/2/3
f 3644/2/3 3637/2/3 3636/2/3
f 3644/1/3 3628/1/3 3627/1/3
f 3645/2/3 3629/2/3 3628/2/3
f 3645/1/3 3628/1/3 3644/1/3
f 3646/1/3 3641/1/3 3640/1/3
f 3647/2/3 3642/2/3 3641/2/3
f 3647/1/3 3641/1/3 3646/1/3
f 3648/4/3 3643/4/3 3642/4/3
f 3648/2/3 3642/2/3 3647/2/3
f 3649/4/3 3643/4/3 3648/4/3
f 3650/2/3 3644/2/3 3636/2/3
f 3651/3/3 3645/3/3 3644/3/3
f 3651/2/3 3644/2/3 3650/2/3
f 3652/2/3 3629/2/3 3645/2/3
f 3652/3/3 3645/3/3 3651/3/3
f 3653/2/3 3629/2/3 3652/2/3
f 3659/2/3 3649/2/3 3648/2/3
f 3659/2/3 3647/2/3 3646/2/3
f 3659/2/3 3648/2/3 3647/2/3
f 3660/2/3 3649/2/3 3659/2/3
f 3661/2/3 3650/2/3 3636/2/3
f 3662/1/3 3651/1/3 3650/1/3
f 3662/2/3 3650/2/3 3661/2/3
f 3663/1/3 3651/1/3 3662/1/3
f 3664/1/3 3651/1/3 3663/1/3
f 3665/4/3 3652/4/3 3651/4/3
f 3665/1/3 3653/1/3 3652/1/3
f 3666/1/3 3653/1/3 3665/1/3
f 3667/2/3 3655/2/3 3654/2/3
f 3668/1/3 3656/1/3 3655/1/3
f 3668/2/3 3655/2/3 3667/2/3
f 3669/4/3 3657/4/3 3656/4/3
f 3669/1/3 3656/1/3 3668/1/3
f 3670/2/3 3658/2/3 3657/2/3
f 3670/4/3 3657/4/3 3669/4/3
f 3671/2/3 3658/2/3 3670/2/3
f 3672/2/3 3659/2/3 3646/2/3
f 3673/2/3 3659/2/3 3672/2/3
f 3674/2/3 3659/2/3 3673/2/3
f 3675/4/3 3660/4/3 3659/4/3
f 3675/2/3 3659/2/3 3674/2/3
f 3676/1/3 3662/1/3 3661/1/3
f 3677/4/3 3663/4/3 3662/4/3
f 3677/1/3 3662/1/3 3676/1/3
f 3678/2/3 3664/2/3 3663/2/3
f 3678/4/3 3663/4/3 3677/4/3
f 3679/1/3 3651/1/3 3664/1/3
f 3679/2/3 3664/2/3 3678/2/3
f 3680/4/3 3665/4/3 3651/4/3
f 3680/1/3 3651/1/3 3679/1/3
f 3681/2/3 3666/2/3 3665/2/3
f 3681/4/3 3665/4/3 3680/4/3
f 3682/2/3 3666/2/3 3681/2/3
f 3683/4/3 3669/4/3 3668/4/3
f 3683/4/3 3668/4/3 3667/4/3
f 3684/3/3 3670/3/3 3669/3/3
f 3684/4/3 3669/4/3 3683/4/3
f 3685/4/3 3671/4/3 3670/4/3
f 3685/3/3 3670/3/3 3684/3/3
f 3686/4/3 3671/4/3 3685/4/3
f 3687/4/3 3673/4/3 3672/4/3
f 3688/2/3 3674/2/3 3673/2/3
f 3688/4/3 3673/4/3 3687/4/3
f 3689/4/3 3675/4/3 3674/4/3
f 3689/2/3 3674/2/3 3688/2/3
f 3690/2/3 3678/2/3 3677/2/3
f 3690/4/3 3677/4/3 3676/4/3
f 3691/4/3 3679/4/3 3678/4/3
f 3691/2/3 3678/2/3 3690/2/3
f 3692/3/3 3680/3/3 3679/3/3
f 3692/4/3 3679/4/3 3691/4/3
f 3693/1/3 3682/1/3 3681/1/3
f 3693/3/3 3680/3/3 3692/3/3
f 3693/1/3 3681/1/3 3680/1/3
f 3694/1/3 3682/1/3 3693/1/3
f 3695/1/3 3682/1/3 3694/1/3
f 3696/2/3 3684/2/3 3683/2/3
f 3697/2/3 3684/2/3 3696/2/3
f 3698/1/3 3686/1/3 3685/1/3
f 3698/2/3 3684/2/3 3697/2/3
f 3698/1/3 3685/1/3 3684/1/3
f 3699/1/3 3686/1/3 3698/1/3
f 3700/1/3 3686/1/3 3699/1/3
f 3701/4/3 3689/4/3 3688/4/3
f 3701/3/3 3688/3/3 3687/3/3
f 3702/4/3 3675/4/3 3689/4/3
f 3702/4/3 3689/4/3 3701/4/3
f 3702/4/3 3660/4/3 3675/4/3
f 3703/4/3 3660/4/3 3702/4/3
f 3704/4/3 3691/4/3 3690/4/3
f 3704/4/3 3690/4/3 3676/4/3
f 3705/4/3 3691/4/3 3704/4/3
f 3706/3/3 3692/3/3 3691/3/3
f 3706/4/3 3691/4/3 3705/4/3
f 3707/4/3 3693/4/3 3692/4/3
f 3707/3/3 3692/3/3 3706/3/3
f 3707/4/3 3694/4/3 3693/4/3
f 3708/3/3 3695/3/3 3694/3/3
f 3708/4/3 3694/4/3 3707/4/3
f 3709/3/3 3695/3/3 3708/3/3
f 3710/3/3 3697/3/3 3696/3/3
f 3711/4/3 3699/4/3 3698/4/3
f 3711/3/3 3697/3/3 3710/3/3
f 3711/4/3 3698/4/3 3697/4/3
f 3712/4/3 3699/4/3 3711/4/3
f 3713/2/3 3700/2/3 3699/2/3
f 3713/4/3 3699/4/3 3712/4/3
f 3714/3/3 3701/3/3 3687/3/3
f 3714/1/3 3702/1/3 3701/1/3
f 3715/3/3 3703/3/3 3702/3/3
f 3715/1/3 3702/1/3 3714/1/3
f 3716/3/3 3703/3/3 3715/3/3
f 3717/3/3 3705/3/3 3704/3/3
f 3718/1/3 3706/1/3 3705/1/3
f 3718/3/3 3705/3/3 3717/3/3
f 3719/4/3 3707/4/3 3706/4/3
f 3719/1/3 3706/1/3 3718/1/3
f 3719/4/3 3708/4/3 3707/4/3
f 3720/1/3 3709/1/3 3708/1/3
f 3720/4/3 3708/4/3 3719/4/3
f 3721/1/3 3709/1/3 3720/1/3
f 3722/2/3 3711/2/3 3710/2/3
f 3723/1/3 3712/1/3 3711/1/3
f 3723/2/3 3711/2/3 3722/2/3
f 3724/2/3 3713/2/3 3712/2/3
f 3724/1/3 3712/1/3 3723/1/3
f 3725/3/3 3714/3/3 3687/3/3
f 3726/2/3 3715/2/3 3714/2/3
f 3726/3/3 3714/3/3 3725/3/3
f 3727/4/3 3716/4/3 3715/4/3
f 3727/2/3 3715/2/3 3726/2/3
f 3728/4/3 3716/4/3 3727/4/3
f 3729/4/3 3724/4/3 3723/4/3
f 3729/4/3 3723/4/3 3722/4/3
f 3730/4/3 3724/4/3 3729/4/3
f 3731/2/3 3713/2/3 3724/2/3
f 3731/4/3 3724/4/3 3730/4/3
f 3732/2/3 3700/2/3 3713/2/3
f 3732/2/3 3713/2/3 3731/2/3
f 3733/2/3 3700/2/3 3732/2/3
f 3740/3/3 3730/3/3 3729/3/3
f 3741/1/3 3731/1/3 3730/1/3
f 3741/3/3 3730/3/3 3740/3/3
f 3741/1/3 3732/1/3 3731/1/3
f 3742/4/3 3733/4/3 3732/4/3
f 3742/1/3 3732/1/3 3741/1/3
f 3743/4/3 3733/4/3 3742/4/3
f 3744/2/3 3735/2/3 3734/2/3
f 3745/4/3 3736/4/3 3735/4/3
f 3745/2/3 3735/2/3 3744/2/3
f 3746/2/3 3737/2/3 3736/2/3
f 3746/4/3 3736/4/3 3745/4/3
f 3747/1/3 3738/1/3 3737/1/3
f 3747/2/3 3737/2/3 3746/2/3
f 3748/2/3 3739/2/3 3738/2/3
f 3748/1/3 3738/1/3 3747/1/3
f 3749/2/3 3739/2/3 3748/2/3
f 3754/1/3 3745/1/3 3744/1/3
f 3755/3/3 3746/3/3 3745/3/3
f 3755/1/3 3745/1/3 3754/1/3
f 3756/4/3 3747/4/3 3746/4/3
f 3756/3/3 3746/3/3 3755/3/3
f 3757/4/3 3747/4/3 3756/4/3
f 3758/3/3 3748/3/3 3747/3/3
f 3758/4/3 3747/4/3 3757/4/3
f 3759/1/3 3749/1/3 3748/1/3
f 3759/3/3 3748/3/3 3758/3/3
f 3760/1/3 3749/1/3 3759/1/3
f 3764/3/3 3751/3/3 3750/3/3
f 3765/1/3 3752/1/3 3751/1/3
f 3765/3/3 3751/3/3 3764/3/3
f 3766/3/3 3753/3/3 3752/3/3
f 3766/1/3 3752/1/3 3765/1/3
f 3767/3/3 3753/3/3 3766/3/3
f 3768/2/3 3755/2/3 3754/2/3
f 3768/1/3 3756/1/3 3755/1/3
f 3769/2/3 3757/2/3 3756/2/3
f 3769/1/3 3756/1/3 3768/1/3
f 3770/1/3 3758/1/3 3757/1/3
f 3770/2/3 3757/2/3 3769/2/3
f 3771/4/3 3759/4/3 3758/4/3
f 3771/1/3 3758/1/3 3770/1/3
f 3772/2/3 3760/2/3 3759/2/3
f 3772/4/3 3759/4/3 3771/4/3
f 3773/2/3 3760/2/3 3772/2/3
f 3774/2/3 3768/2/3 3754/2/3
f 3774/4/3 3769/4/3 3768/4/3
f 3774/4/3 3770/4/3 3769/4/3
f 3775/3/3 3771/3/3 3770/3/3
f 3775/4/3 3770/4/3 3774/4/3
f 3775/3/3 3772/3/3 3771/3/3
f 3776/3/3 3772/3/3 3775/3/3
f 3777/1/3 3773/1/3 3772/1/3
f 3777/3/3 3772/3/3 3776/3/3
f 3778/1/3 3773/1/3 3777/1/3
f 3779/4/3 3762/4/3 3761/4/3
f 3780/2/3 3763/2/3 3762/2/3
f 3780/4/3 3762/4/3 3779/4/3
f 3781/2/3 3765/2/3 3764/2/3
f 3781/2/3 3766/2/3 3765/2/3
f 3782/2/3 3766/2/3 3781/2/3
f 3783/2/3 3766/2/3 3782/2/3
f 3784/4/3 3767/4/3 3766/4/3
f 3784/2/3 3766/2/3 3783/2/3
f 3785/2/3 3776/2/3 3775/2/3
f 3785/2/3 3774/2/3 3754/2/3
f 3785/2/3 3775/2/3 3774/2/3
f 3786/1/3 3777/1/3 3776/1/3
f 3786/2/3 3776/2/3 3785/2/3
f 3787/2/3 3778/2/3 3777/2/3
f 3787/1/3 3777/1/3 3786/1/3
f 3788/2/3 3778/2/3 3787/2/3
f 3789/2/3 3780/2/3 3779/2/3
f 3790/2/3 3763/2/3 3780/2/3
f 3790/2/3 3780/2/3 3789/2/3
f 3791/2/3 3763/2/3 3790/2/3
f 3792/2/3 3763/2/3 3791/2/3
f 3793/4/3 3782/4/3 3781/4/3
f 3794/2/3 3783/2/3 3782/2/3
f 3794/4/3 3782/4/3 3793/4/3
f 3795/4/3 3784/4/3 3783/4/3
f 3795/2/3 3783/2/3 3794/2/3
f 3796/4/3 3767/4/3 3784/4/3
f 3796/4/3 3784/4/3 3795/4/3
f 3797/4/3 3767/4/3 3796/4/3
f 3798/2/3 3785/2/3 3754/2/3
f 3799/1/3 3786/1/3 3785/1/3
f 3799/2/3 3785/2/3 3798/2/3
f 3800/1/3 3786/1/3 3799/1/3
f 3801/1/3 3786/1/3 3800/1/3
f 3802/4/3 3787/4/3 3786/4/3
f 3802/1/3 3786/1/3 3801/1/3
f 3803/1/3 3788/1/3 3787/1/3
f 3803/4/3 3787/4/3 3802/4/3
f 3804/1/3 3790/1/3 3789/1/3
f 3805/2/3 3791/2/3 3790/2/3
f 3805/1/3 3790/1/3 3804/1/3
f 3806/1/3 3792/1/3 3791/1/3
f 3806/2/3 3791/2/3 3805/2/3
f 3807/1/3 3792/1/3 3806/1/3
f 3808/1/3 3794/1/3 3793/1/3
f 3809/4/3 3795/4/3 3794/4/3
f 3809/1/3 3794/1/3 3808/1/3
f 3809/4/3 3796/4/3 3795/4/3
f 3810/4/3 3796/4/3 3809/4/3
f 3811/1/3 3797/1/3 3796/1/3
f 3811/4/3 3796/4/3 3810/4/3
f 3812/1/3 3797/1/3 3811/1/3
f 3813/4/3 3799/4/3 3798/4/3
f 3814/2/3 3800/2/3 3799/2/3
f 3814/4/3 3799/4/3 3813/4/3
f 3815/4/3 3801/4/3 3800/4/3
f 3815/2/3 3800/2/3 3814/2/3
f 3816/3/3 3802/3/3 3801/3/3
f 3816/4/3 3801/4/3 3815/4/3
f 3817/1/3 3803/1/3 3802/1/3
f 3817/3/3 3802/3/3 3816/3/3
f 3818/1/3 3788/1/3 3803/1/3
f 3818/1/3 3803/1/3 3817/1/3
f 3819/3/3 3805/3/3 3804/3/3
f 3820/1/3 3806/1/3 3805/1/3
f 3820/3/3 3805/3/3 3819/3/3
f 3821/3/3 3807/3/3 3806/3/3
f 3821/1/3 3806/1/3 3820/1/3
f 3822/3/3 3807/3/3 3821/3/3
f 3823/3/3 3809/3/3 3808/3/3
f 3824/1/3 3810/1/3 3809/1/3
f 3824/3/3 3809/3/3 3823/3/3
f 3825/2/3 3812/2/3 3811/2/3
f 3825/1/3 3810/1/3 3824/1/3
f 3825/2/3 3811/2/3 3810/2/3
f 3826/2/3 3812/2/3 3825/2/3
f 3827/2/3 3812/2/3 3826/2/3
f 3828/3/3 3814/3/3 3813/3/3
f 3829/1/3 3815/1/3 3814/1/3
f 3829/3/3 3814/3/3 3828/3/3
f 3830/4/3 3817/4/3 3816/4/3
f 3830/1/3 3815/1/3 3829/1/3
f 3830/4/3 3816/4/3 3815/4/3
f 3830/4/3 3818/4/3 3817/4/3
f 3831/1/3 3788/1/3 3818/1/3
f 3831/4/3 3818/4/3 3830/4/3
f 3832/1/3 3788/1/3 3831/1/3
f 3833/4/3 3820/4/3 3819/4/3
f 3834/2/3 3821/2/3 3820/2/3
f 3834/4/3 3820/4/3 3833/4/3
f 3835/2/3 3821/2/3 3834/2/3
f 3836/1/3 3822/1/3 3821/1/3
f 3836/2/3 3821/2/3 3835/2/3
f 3837/1/3 3822/1/3 3836/1/3
f 3838/1/3 3824/1/3 3823/1/3
f 3839/2/3 3826/2/3 3825/2/3
f 3839/1/3 3824/1/3 3838/1/3
f 3839/2/3 3825/2/3 3824/2/3
f 3840/4/3 3827/4/3 3826/4/3
f 3840/2/3 3826/2/3 3839/2/3
f 3841/4/3 3827/4/3 3840/4/3
f 3842/2/3 3834/2/3 3833/2/3
f 3842/2/3 3835/2/3 3834/2/3
f 3843/2/3 3835/2/3 3842/2/3
f 3844/1/3 3836/1/3 3835/1/3
f 3844/2/3 3835/2/3 3843/2/3
f 3845/3/3 3837/3/3 3836/3/3
f 3845/1/3 3836/1/3 3844/1/3
f 3846/3/3 3837/3/3 3845/3/3
f 3847/3/3 3839/3/3 3838/3/3
f 3848/1/3 3840/1/3 3839/1/3
f 3848/3/3 3839/3/3 3847/3/3
f 3849/3/3 3841/3/3 3840/3/3
f 3849/1/3 3840/1/3 3848/1/3
f 3850/3/3 3841/3/3 3849/3/3
f 3857/1/3 3843/1/3 3842/1/3
f 3858/4/3 3844/4/3 3843/4/3
f 3858/1/3 3843/1/3 3857/1/3
f 3858/4/3 3845/4/3 3844/4/3
f 3859/4/3 3845/4/3 3858/4/3
f 3860/1/3 3846/1/3 3845/1/3
f 3860/4/3 3845/4/3 3859/4/3
f 3861/1/3 3846/1/3 3860/1/3
f 3862/1/3 3848/1/3 3847/1/3
f 3863/2/3 3849/2/3 3848/2/3
f 3863/1/3 3848/1/3 3862/1/3
f 3864/1/3 3850/1/3 3849/1/3
f 3864/2/3 3849/2/3 3863/2/3
f 3865/1/3 3850/1/3 3864/1/3
f 3866/4/3 3852/4/3 3851/4/3
f 3866/2/3 3853/2/3 3852/2/3
f 3867/3/3 3854/3/3 3853/3/3
f 3867/2/3 3853/2/3 3866/2/3
f 3868/1/3 3855/1/3 3854/1/3
f 3868/3/3 3854/3/3 3867/3/3
f 3869/2/3 3856/2/3 3855/2/3
f 3869/1/3 3855/1/3 3868/1/3
f 3870/2/3 3856/2/3 3869/2/3
f 3871/4/3 3859/4/3 3858/4/3
f 3871/4/3 3858/4/3 3857/4/3
f 3872/2/3 3860/2/3 3859/2/3
f 3872/4/3 3859/4/3 3871/4/3
f 3873/4/3 3861/4/3 3860/4/3
f 3873/2/3 3860/2/3 3872/2/3
f 3874/4/3 3861/4/3 3873/4/3
f 3875/2/3 3863/2/3 3862/2/3
f 3875/2/3 3865/2/3 3864/2/3
f 3875/2/3 3864/2/3 3863/2/3
f 3876/2/3 3865/2/3 3875/2/3
f 3877/4/3 3867/4/3 3866/4/3
f 3877/4/3 3866/4/3 3851/4/3
f 3878/3/3 3868/3/3 3867/3/3
f 3878/4/3 3867/4/3 3877/4/3
f 3878/3/3 3869/3/3 3868/3/3
f 3879/3/3 3869/3/3 3878/3/3
f 3880/3/3 3869/3/3 3879/3/3
f 3881/1/3 3870/1/3 3869/1/3
f 3881/3/3 3869/3/3 3880/3/3
f 3882/1/3 3870/1/3 3881/1/3
f 3883/2/3 3878/2/3 3877/2/3
f 3883/4/3 3879/4/3 3878/4/3
f 3884/3/3 3880/3/3 3879/3/3
f 3884/4/3 3879/4/3 3883/4/3
f 3885/1/3 3881/1/3 3880/1/3
f 3885/3/3 3880/3/3 3884/3/3
f 3886/4/3 3882/4/3 3881/4/3
f 3886/1/3 3881/1/3 3885/1/3
f 3887/4/3 3882/4/3 3886/4/3
f 3888/4/3 3871/4/3 3857/4/3
f 3889/2/3 3874/2/3 3873/2/3
f 3889/4/3 3871/4/3 3888/4/3
f 3889/2/3 3873/2/3 3872/2/3
f 3889/2/3 3872/2/3 3871/2/3
f 3890/2/3 3874/2/3 3889/2/3
f 3891/2/3 3874/2/3 3890/2/3
f 3892/2/3 3875/2/3 3862/2/3
f 3893/4/3 3876/4/3 3875/4/3
f 3893/2/3 3875/2/3 3892/2/3
f 3894/4/3 3876/4/3 3893/4/3
f 3895/2/3 3883/2/3 3877/2/3
f 3895/2/3 3884/2/3 3883/2/3
f 3896/1/3 3885/1/3 3884/1/3
f 3896/2/3 3884/2/3 3895/2/3
f 3897/4/3 3886/4/3 3885/4/3
f 3897/1/3 3885/1/3 3896/1/3
f 3898/2/3 3887/2/3 3886/2/3
f 3898/4/3 3886/4/3 3897/4/3
f 3899/2/3 3887/2/3 3898/2/3
f 3900/3/3 3889/3/3 3888/3/3
f 3901/1/3 3890/1/3 3889/1/3
f 3901/3/3 3889/3/3 3900/3/3
f 3902/3/3 3891/3/3 3890/3/3
f 3902/1/3 3890/1/3 3901/1/3
f 3903/3/3 3891/3/3 3902/3/3
f 3904/4/3 3877/4/3 3851/4/3
f 3905/2/3 3895/2/3 3877/2/3
f 3905/4/3 3877/4/3 3904/4/3
f 3906/1/3 3896/1/3 3895/1/3
f 3906/2/3 3895/2/3 3905/2/3
f 3907/3/3 3897/3/3 3896/3/3
f 3907/1/3 3896/1/3 3906/1/3
f 3908/1/3 3898/1/3 3897/1/3
f 3908/3/3 3897/3/3 3907/3/3
f 3908/1/3 3899/1/3 3898/1/3
f 3909/1/3 3899/1/3 3908/1/3
f 3914/1/3 3906/1/3 3905/1/3
f 3914/3/3 3905/3/3 3904/3/3
f 3915/4/3 3907/4/3 3906/4/3
f 3915/1/3 3906/1/3 3914/1/3
f 3916/4/3 3909/4/3 3908/4/3
f 3917/4/3 3909/4/3 3916/4/3
f 3918/4/3 3911/4/3 3910/4/3
f 3919/1/3 3912/1/3 3911/1/3
f 3919/4/3 3911/4/3 3918/4/3
f 3920/1/3 3912/1/3 3919/1/3
f 3921/3/3 3913/3/3 3912/3/3
f 3921/1/3 3912/1/3 3920/1/3
f 3922/3/3 3913/3/3 3921/3/3
f 3923/3/3 3914/3/3 3904/3/3
f 3924/4/3 3915/4/3 3914/4/3
f 3924/3/3 3914/3/3 3923/3/3
f 3925/4/3 3907/4/3 3915/4/3
f 3925/4/3 3915/4/3 3924/4/3
f 3926/1/3 3908/1/3 3907/1/3
f 3926/4/3 3907/4/3 3925/4/3
f 3931/4/3 3922/4/3 3921/4/3
f 3931/2/3 3920/2/3 3919/2/3
f 3931/2/3 3919/2/3 3918/2/3
f 3931/4/3 3921/4/3 3920/4/3
f 3932/4/3 3922/4/3 3931/4/3
f 3933/4/3 3922/4/3 3932/4/3
f 3934/1/3 3924/1/3 3923/1/3
f 3935/4/3 3925/4/3 3924/4/3
f 3935/1/3 3924/1/3 3934/1/3
f 3936/2/3 3926/2/3 3925/2/3
f 3936/4/3 3925/4/3 3935/4/3
f 3937/1/3 3908/1/3 3926/1/3
f 3937/2/3 3926/2/3 3936/2/3
f 3938/4/3 3916/4/3 3908/4/3
f 3938/1/3 3908/1/3 3937/1/3
f 3939/4/3 3928/4/3 3927/4/3
f 3940/2/3 3929/2/3 3928/2/3
f 3940/4/3 3928/4/3 3939/4/3
f 3941/3/3 3930/3/3 3929/3/3
f 3941/2/3 3929/2/3 3940/2/3
f 3942/2/3 3931/2/3 3918/2/3
f 3943/1/3 3932/1/3 3931/1/3
f 3943/2/3 3931/2/3 3942/2/3
f 3944/2/3 3933/2/3 3932/2/3
f 3944/1/3 3932/1/3 3943/1/3
f 3945/2/3 3933/2/3 3944/2/3
f 3946/3/3 3935/3/3 3934/3/3
f 3947/1/3 3936/1/3 3935/1/3
f 3947/3/3 3935/3/3 3946/3/3
f 3947/1/3 3937/1/3 3936/1/3
f 3948/1/3 3937/1/3 3947/1/3
f 3949/3/3 3938/3/3 3937/3/3
f 3949/1/3 3937/1/3 3948/1/3
f 3950/4/3 3916/4/3 3938/4/3
f 3950/3/3 3938/3/3 3949/3/3
f 3951/2/3 3917/2/3 3916/2/3
f 3951/4/3 3916/4/3 3950/4/3
f 3952/2/3 3917/2/3 3951/2/3
f 3953/3/3 3940/3/3 3939/3/3
f 3954/1/3 3941/1/3 3940/1/3
f 3954/3/3 3940/3/3 3953/3/3
f 3955/3/3 3930/3/3 3941/3/3
f 3955/1/3 3941/1/3 3954/1/3
f 3956/2/3 3942/2/3 3918/2/3
f 3957/4/3 3943/4/3 3942/4/3
f 3957/2/3 3942/2/3 3956/2/3
f 3957/4/3 3944/4/3 3943/4/3
f 3958/4/3 3944/4/3 3957/4/3
f 3959/3/3 3945/3/3 3944/3/3
f 3959/4/3 3944/4/3 3958/4/3
f 3960/3/3 3945/3/3 3959/3/3
f 3961/1/3 3948/1/3 3947/1/3
f 3961/4/3 3947/4/3 3946/4/3
f 3962/3/3 3950/3/3 3949/3/3
f 3962/1/3 3948/1/3 3961/1/3
f 3962/3/3 3949/3/3 3948/3/3
f 3962/3/3 3951/3/3 3950/3/3
f 3963/3/3 3951/3/3 3962/3/3
f 3964/3/3 3951/3/3 3963/3/3
f 3965/1/3 3952/1/3 3951/1/3
f 3965/3/3 3951/3/3 3964/3/3
f 3966/1/3 3952/1/3 3965/1/3
f 3967/4/3 3955/4/3 3954/4/3
f 3967/4/3 3954/4/3 3953/4/3
f 3968/3/3 3930/3/3 3955/3/3
f 3968/4/3 3955/4/3 3967/4/3
f 3969/3/3 3930/3/3 3968/3/3
f 3970/1/3 3958/1/3 3957/1/3
f 3970/1/3 3957/1/3 3956/1/3
f 3971/1/3 3958/1/3 3970/1/3
f 3972/2/3 3960/2/3 3959/2/3
f 3972/1/3 3958/1/3 3971/1/3
f 3972/2/3 3959/2/3 3958/2/3
f 3973/2/3 3960/2/3 3972/2/3
f 3974/4/3 3967/4/3 3953/4/3
f 3975/2/3 3968/2/3 3967/2/3
f 3975/4/3 3967/4/3 3974/4/3
f 3976/4/3 3969/4/3 3968/4/3
f 3976/2/3 3968/2/3 3975/2/3
f 3977/4/3 3969/4/3 3976/4/3
f 3978/4/3 3971/4/3 3970/4/3
f 3979/3/3 3972/3/3 3971/3/3
f 3979/4/3 3971/4/3 3978/4/3
f 3980/4/3 3973/4/3 3972/4/3
f 3980/3/3 3972/3/3 3979/3/3
f 3981/4/3 3973/4/3 3980/4/3
f 3982/4/3 3973/4/3 3981/4/3
f 3983/4/3 3961/4/3 3946/4/3
f 3984/2/3 3962/2/3 3961/2/3
f 3984/4/3 3961/4/3 3983/4/3
f 3984/2/3 3963/2/3 3962/2/3
f 3985/1/3 3964/1/3 3963/1/3
f 3985/2/3 3963/2/3 3984/2/3
f 3986/4/3 3965/4/3 3964/4/3
f 3986/1/3 3964/1/3 3985/1/3
f 3987/4/3 3974/4/3 3953/4/3
f 3988/2/3 3975/2/3 3974/2/3
f 3988/4/3 3974/4/3 3987/4/3
f 3988/2/3 3976/2/3 3975/2/3
f 3988/2/3 3977/2/3 3976/2/3
f 3989/2/3 3979/2/3 3978/2/3
f 3990/4/3 3980/4/3 3979/4/3
f 3990/2/3 3979/2/3 3989/2/3
f 3991/1/3 3981/1/3 3980/1/3
f 3991/4/3 3980/4/3 3990/4/3
f 3992/2/3 3982/2/3 3981/2/3
f 3992/1/3 3981/1/3 3991/1/3
f 3993/2/3 3982/2/3 3992/2/3
f 3994/3/3 3984/3/3 3983/3/3
f 3995/1/3 3985/1/3 3984/1/3
f 3995/3/3 3984/3/3 3994/3/3
f 3996/3/3 3986/3/3 3985/3/3
f 3996/1/3 3985/1/3 3995/1/3
f 3997/4/3 3965/4/3 3986/4/3
f 3997/3/3 3986/3/3 3996/3/3
f 3998/2/3 3966/2/3 3965/2/3
f 3998/4/3 3965/4/3 3997/4/3
f 3999/2/3 3966/2/3 3998/2/3
f 4000/2/3 3988/2/3 3987/2/3
f 4001/2/3 3977/2/3 3988/2/3
f 4001/2/3 3988/2/3 4000/2/3
f 4002/2/3 3977/2/3 4001/2/3
f 4003/2/3 3977/2/3 4002/2/3
f 4004/4/3 4001/4/3 4000/4/3
f 4005/2/3 4002/2/3 4001/2/3
f 4005/4/3 4001/4/3 4004/4/3
f 4006/1/3 4003/1/3 4002/1/3
f 4006/2/3 4002/2/3 4005/2/3
f 4007/1/3 4003/1/3 4006/1/3
f 4010/3/3 4005/3/3 4004/3/3
f 4010/1/3 4006/1/3 4005/1/3
f 4011/1/3 4006/1/3 4010/1/3
f 4012/4/3 4007/4/3 4006/4/3
f 4012/1/3 4006/1/3 4011/1/3
f 4013/4/3 4009/4/3 4008/4/3
f 4014/4/3 4009/4/3 4013/4/3
f 4015/4/3 4009/4/3 4014/4/3
f 4022/3/3 4011/3/3 4010/3/3
f 4022/3/3 4010/3/3 4004/3/3
f 4023/3/3 4011/3/3 4022/3/3
f 4024/4/3 4012/4/3 4011/4/3
f 4024/3/3 4011/3/3 4023/3/3
f 4025/4/3 4007/4/3 4012/4/3
f 4025/4/3 4012/4/3 4024/4/3
f 4026/4/3 4007/4/3 4025/4/3
f 4027/1/3 4014/1/3 4013/1/3
f 4028/3/3 4015/3/3 4014/3/3
f 4028/1/3 4014/1/3 4027/1/3
f 4029/3/3 4015/3/3 4028/3/3
f 4030/4/3 4018/4/3 4017/4/3
f 4030/2/3 4019/2/3 4018/2/3
f 4031/1/3 4020/1/3 4019/1/3
f 4031/2/3 4019/2/3 4030/2/3
f 4032/2/3 4028/2/3 4027/2/3
f 4033/4/3 4029/4/3 4028/4/3
f 4033/2/3 4028/2/3 4032/2/3
f 4034/4/3 4029/4/3 4033/4/3
f 4035/2/3 4017/2/3 4016/2/3
f 4036/4/3 4030/4/3 4017/4/3
f 4036/2/3 4017/2/3 4035/2/3
f 4037/1/3 4031/1/3 4030/1/3
f 4037/4/3 4030/4/3 4036/4/3
f 4038/1/3 4031/1/3 4037/1/3
f 4039/2/3 4021/2/3 4020/2/3
f 4039/1/3 4031/1/3 4038/1/3
f 4039/1/3 4020/1/3 4031/1/3
f 4040/1/3 4023/1/3 4022/1/3
f 4041/4/3 4024/4/3 4023/4/3
f 4041/1/3 4023/1/3 4040/1/3
f 4041/4/3 4025/4/3 4024/4/3
f 4042/4/3 4025/4/3 4041/4/3
f 4043/2/3 4026/2/3 4025/2/3
f 4043/4/3 4025/4/3 4042/4/3
f 4044/4/3 4036/4/3 4035/4/3
f 4045/1/3 4037/1/3 4036/1/3
f 4045/4/3 4036/4/3 4044/4/3
f 4046/3/3 4038/3/3 4037/3/3
f 4046/1/3 4037/1/3 4045/1/3
f 4047/4/3 4039/4/3 4038/4/3
f 4047/3/3 4038/3/3 4046/3/3
f 4048/2/3 4021/2/3 4039/2/3
f 4048/4/3 4039/4/3 4047/4/3
f 4049/2/3 4021/2/3 4048/2/3
f 4050/4/3 4042/4/3 4041/4/3
f 4050/4/3 4041/4/3 4040/4/3
f 4051/2/3 4043/2/3 4042/2/3
f 4051/4/3 4042/4/3 4050/4/3
f 4052/2/3 4026/2/3 4043/2/3
f 4052/2/3 4043/2/3 4051/2/3
f 4065/2/3 4054/2/3 4053/2/3
f 4066/2/3 4054/2/3 4065/2/3
f 4067/4/3 4055/4/3 4054/4/3
f 4067/2/3 4054/2/3 4066/2/3
f 4068/4/3 4055/4/3 4067/4/3
f 4071/2/3 4057/2/3 4056/2/3
f 4072/1/3 4058/1/3 4057/1/3
f 4072/2/3 4057/2/3 4071/2/3
f 4073/1/3 4058/1/3 4072/1/3
f 4074/3/3 4059/3/3 4058/3/3
f 4074/1/3 4058/1/3 4073/1/3
f 4075/4/3 4060/4/3 4059/4/3
f 4075/3/3 4059/3/3 4074/3/3
f 4076/2/3 4061/2/3 4060/2/3
f 4076/4/3 4060/4/3 4075/4/3
f 4077/2/3 4061/2/3 4076/2/3
f 4080/4/3 4063/4/3 4062/4/3
f 4081/2/3 4064/2/3 4063/2/3
f 4081/4/3 4063/4/3 4080/4/3
f 4082/2/3 4064/2/3 4081/2/3
f 4083/2/3 4064/2/3 4082/2/3
f 4084/4/3 4069/4/3 4068/4/3
f 4085/4/3 4069/4/3 4084/4/3
f 4086/4/3 4071/4/3 4070/4/3
f 4087/1/3 4078/1/3 4077/1/3
f 4088/4/3 4080/4/3 4079/4/3
f 4089/4/3 4080/4/3 4088/4/3
f 4090/3/3 4085/3/3 4084/3/3
f 4091/3/3 4085/3/3 4090/3/3
f 4092/4/3 4086/4/3 4070/4/3
f 4093/4/3 4086/4/3 4092/4/3
f 4094/1/3 4078/1/3 4087/1/3
f 4095/1/3 4078/1/3 4094/1/3
f 4096/1/3 4089/1/3 4088/1/3
f 4097/1/3 4089/1/3 4096/1/3
f 4098/4/3 4091/4/3 4090/4/3
f 4099/3/3 4093/3/3 4092/3/3
f 4100/3/3 4093/3/3 4099/3/3
f 4101/4/3 4095/4/3 4094/4/3
f 4102/4/3 4095/4/3 4101/4/3
f 4103/3/3 4097/3/3 4096/3/3
f 4104/4/3 4100/4/3 4099/4/3
f 4105/3/3 4103/3/3 4096/3/3
f 4106/3/3 4103/3/3 4105/3/3
f 4110/4/3 4091/4/3 4098/4/3
f 4111/4/3 4091/4/3 4110/4/3
f 4112/3/3 4107/3/3 4106/3/3
f 4113/4/3 4108/4/3 4107/4/3
f 4113/3/3 4107/3/3 4112/3/3
f 4114/2/3 4109/2/3 4108/2/3
f 4114/4/3 4108/4/3 4113/4/3
f 4115/2/3 4109/2/3 4114/2/3
f 4116/3/3 4111/3/3 4110/3/3
f 4117/3/3 4111/3/3 4116/3/3
f 4118/2/3 4102/2/3 4101/2/3
f 4119/2/3 4102/2/3 4118/2/3
f 4122/4/3 4117/4/3 4116/4/3
f 4123/4/3 4117/4/3 4122/4/3
f 4124/4/3 4104/4/3 4099/4/3
f 4125/1/3 4119/1/3 4118/1/3
f 4126/4/3 4121/4/3 4120/4/3
f 4127/4/3 4124/4/3 4099/4/3
f 4128/4/3 4124/4/3 4127/4/3
f 4129/1/3 4119/1/3 4125/1/3
f 4130/1/3 4119/1/3 4129/1/3
f 4131/4/3 4126/4/3 4120/4/3
f 4132/1/3 4123/1/3 4122/1/3
f 4133/1/3 4123/1/3 4132/1/3
f 4134/4/3 4130/4/3 4129/4/3
f 4135/4/3 4131/4/3 4120/4/3
f 4136/4/3 4131/4/3 4135/4/3
f 4137/3/3 4133/3/3 4132/3/3
f 4138/3/3 4128/3/3 4127/3/3
f 4139/4/3 4130/4/3 4134/4/3
f 4140/3/3 4136/3/3 4135/3/3
f 4141/3/3 4136/3/3 4140/3/3
f 4142/3/3 4133/3/3 4137/3/3
f 4143/3/3 4133/3/3 4142/3/3
f 4144/3/3 4138/3/3 4127/3/3
f 4145/3/3 4138/3/3 4144/3/3
f 4150/4/3 4130/4/3 4139/4/3
f 4151/4/3 4130/4/3 4150/4/3
f 4152/4/3 4141/4/3 4140/4/3
f 4153/4/3 4141/4/3 4152/4/3
f 4157/1/3 4143/1/3 4142/1/3
f 4158/1/3 4143/1/3 4157/1/3
f 4159/4/3 4146/4/3 4145/4/3
f 4160/3/3 4147/3/3 4146/3/3
f 4160/4/3 4146/4/3 4159/4/3
f 4161/4/3 4148/4/3 4147/4/3
f 4161/3/3 4147/3/3 4160/3/3
f 4162/2/3 4149/2/3 4148/2/3
f 4162/4/3 4148/4/3 4161/4/3
f 4163/1/3 4150/1/3 4149/1/3
f 4163/2/3 4149/2/3 4162/2/3
f 4164/1/3 4150/1/3 4163/1/3
f 4165/1/3 4153/1/3 4152/1/3
f 4166/1/3 4153/1/3 4165/1/3
f 4167/2/3 4155/2/3 4154/2/3
f 4168/4/3 4156/4/3 4155/4/3
f 4168/2/3 4155/2/3 4167/2/3
f 4168/4/3 4157/4/3 4156/4/3
f 4169/4/3 4157/4/3 4168/4/3
f 4174/3/3 4166/3/3 4165/3/3
f 4175/3/3 4166/3/3 4174/3/3
f 4179/4/3 4171/4/3 4170/4/3
f 4180/4/3 4171/4/3 4179/4/3
f 4181/2/3 4173/2/3 4172/2/3
f 4184/2/3 4177/2/3 4176/2/3
f 4185/4/3 4178/4/3 4177/4/3
f 4185/2/3 4177/2/3 4184/2/3
f 4186/4/3 4178/4/3 4185/4/3
f 4188/3/3 4180/3/3 4179/3/3
f 4189/3/3 4180/3/3 4188/3/3
f 4190/2/3 4173/2/3 4181/2/3
f 4191/2/3 4173/2/3 4190/2/3
f 4193/4/3 4183/4/3 4182/4/3
f 4194/4/3 4183/4/3 4193/4/3
f 4195/4/3 4183/4/3 4194/4/3
f 4196/3/3 4187/3/3 4186/3/3
f 4197/1/3 4191/1/3 4190/1/3
f 4198/3/3 4187/3/3 4196/3/3
f 4199/3/3 4187/3/3 4198/3/3
f 4200/1/3 4191/1/3 4197/1/3
f 4201/1/3 4191/1/3 4200/1/3
f 4202/4/3 4193/4/3 4192/4/3
f 4203/4/3 4199/4/3 4198/4/3
f 4204/4/3 4199/4/3 4203/4/3
f 4205/2/3 4201/2/3 4200/2/3
f 4206/2/3 4201/2/3 4205/2/3
f 4207/4/3 4202/4/3 4192/4/3
f 4208/4/3 4202/4/3 4207/4/3
f 4209/1/3 4204/1/3 4203/1/3
f 4210/1/3 4204/1/3 4209/1/3
f 4211/4/3 4189/4/3 4188/4/3
f 4212/4/3 4189/4/3 4211/4/3
f 4213/1/3 4206/1/3 4205/1/3
f 4214/1/3 4206/1/3 4213/1/3
f 4215/3/3 4208/3/3 4207/3/3
f 4216/3/3 4210/3/3 4209/3/3
f 4217/3/3 4210/3/3 4216/3/3
f 4218/3/3 4212/3/3 4211/3/3
f 4219/3/3 4215/3/3 4207/3/3
f 4220/3/3 4215/3/3 4219/3/3
f 4221/4/3 4217/4/3 4216/4/3
f 4222/3/3 4218/3/3 4211/3/3
f 4223/3/3 4218/3/3 4222/3/3
f 4224/4/3 4214/4/3 4213/4/3
f 4225/4/3 4214/4/3 4224/4/3
f 4226/4/3 4220/4/3 4219/4/3
f 4227/4/3 4217/4/3 4221/4/3
f 4228/4/3 4217/4/3 4227/4/3
f 4234/4/3 4226/4/3 4219/4/3
f 4235/4/3 4226/4/3 4234/4/3
f 4236/3/3 4228/3/3 4227/3/3
f 4238/4/3 4230/4/3 4229/4/3
f 4239/2/3 4231/2/3 4230/2/3
f 4239/4/3 4230/4/3 4238/4/3
f 4240/2/3 4231/2/3 4239/2/3
f 4241/3/3 4232/3/3 4231/3/3
f 4241/2/3 4231/2/3 4240/2/3
f 4242/4/3 4233/4/3 4232/4/3
f 4242/3/3 4232/3/3 4241/3/3
f 4243/4/3 4233/4/3 4242/4/3
f 4244/4/3 4233/4/3 4243/4/3
f 4246/3/3 4235/3/3 4234/3/3
f 4247/3/3 4235/3/3 4246/3/3
f 4248/3/3 4228/3/3 4236/3/3
f 4249/3/3 4228/3/3 4248/3/3
f 4250/1/3 4238/1/3 4237/1/3
f 4251/1/3 4238/1/3 4250/1/3
f 4252/2/3 4245/2/3 4244/2/3
f 4253/2/3 4245/2/3 4252/2/3
f 4254/1/3 4247/1/3 4246/1/3
f 4255/1/3 4247/1/3 4254/1/3
f 4256/4/3 4249/4/3 4248/4/3
f 4257/3/3 4251/3/3 4250/3/3
f 4258/3/3 4251/3/3 4257/3/3
f 4259/1/3 4253/1/3 4252/1/3
f 4260/1/3 4253/1/3 4259/1/3
f 4261/4/3 4255/4/3 4254/4/3
f 4262/4/3 4255/4/3 4261/4/3
f 4263/4/3 4260/4/3 4259/4/3
f 4264/4/3 4260/4/3 4263/4/3
f 4265/3/3 4262/3/3 4261/3/3
f 4268/4/3 4249/4/3 4256/4/3
f 4269/4/3 4249/4/3 4268/4/3
f 4270/1/3 4258/1/3 4257/1/3
f 4271/1/3 4258/1/3 4270/1/3
f 4272/2/3 4264/2/3 4263/2/3
f 4273/2/3 4264/2/3 4272/2/3
f 4274/3/3 4265/3/3 4261/3/3
f 4275/3/3 4265/3/3 4274/3/3
f 4278/4/3 4268/4/3 4267/4/3
f 4278/4/3 4267/4/3 4266/4/3
f 4279/4/3 4268/4/3 4278/4/3
f 4280/3/3 4271/3/3 4270/3/3
f 4281/3/3 4271/3/3 4280/3/3
f 4282/1/3 4273/1/3 4272/1/3
f 4283/4/3 4276/4/3 4275/4/3
f 4284/2/3 4277/2/3 4276/2/3
f 4284/4/3 4276/4/3 4283/4/3
f 4285/2/3 4277/2/3 4284/2/3
f 4288/1/3 4273/1/3 4282/1/3
f 4289/1/3 4273/1/3 4288/1/3
f 4293/3/3 4287/3/3 4286/3/3
f 4294/3/3 4287/3/3 4293/3/3
f 4295/4/3 4281/4/3 4280/4/3
f 4296/4/3 4281/4/3 4295/4/3
f 4297/4/3 4289/4/3 4288/4/3
f 4298/4/3 4289/4/3 4297/4/3
f 4300/4/3 4291/4/3 4290/4/3
f 4301/4/3 4291/4/3 4300/4/3
f 4302/2/3 4292/2/3 4291/2/3
f 4302/4/3 4291/4/3 4301/4/3
f 4303/2/3 4292/2/3 4302/2/3
f 4304/1/3 4294/1/3 4293/1/3
f 4305/1/3 4294/1/3 4304/1/3
f 4306/3/3 4296/3/3 4295/3/3
f 4307/1/3 4300/1/3 4299/1/3
f 4308/1/3 4300/1/3 4307/1/3
f 4309/4/3 4305/4/3 4304/4/3
f 4310/4/3 4305/4/3 4309/4/3
f 4311/3/3 4306/3/3 4295/3/3
f 4312/3/3 4306/3/3 4311/3/3
f 4313/2/3 4298/2/3 4297/2/3
f 4314/2/3 4298/2/3 4313/2/3
f 4315/3/3 4308/3/3 4307/3/3
f 4316/3/3 4310/3/3 4309/3/3
f 4317/3/3 4310/3/3 4316/3/3
f 4318/1/3 4314/1/3 4313/1/3
f 4319/1/3 4314/1/3 4318/1/3
f 4320/3/3 4315/3/3 4307/3/3
f 4321/3/3 4315/3/3 4320/3/3
f 4322/4/3 4317/4/3 4316/4/3
f 4323/4/3 4312/4/3 4311/4/3
f 4324/4/3 4312/4/3 4323/4/3
f 4325/4/3 4317/4/3 4322/4/3
f 4326/1/3 4324/1/3 4323/1/3
f 4327/1/3 4324/1/3 4326/1/3
f 4328/1/3 4321/1/3 4320/1/3
f 4329/1/3 4321/1/3 4328/1/3
f 4330/4/3 4317/4/3 4325/4/3
f 4331/4/3 4317/4/3 4330/4/3
f 4332/3/3 4327/3/3 4326/3/3
f 4333/3/3 4327/3/3 4332/3/3
f 4338/2/3 4319/2/3 4318/2/3
f 4339/2/3 4319/2/3 4338/2/3
f 4340/4/3 4329/4/3 4328/4/3
f 4341/4/3 4329/4/3 4340/4/3
f 4346/3/3 4334/3/3 4333/3/3
f 4347/2/3 4335/2/3 4334/2/3
f 4347/3/3 4334/3/3 4346/3/3
f 4348/1/3 4336/1/3 4335/1/3
f 4348/2/3 4335/2/3 4347/2/3
f 4349/3/3 4337/3/3 4336/3/3
f 4349/1/3 4336/1/3 4348/1/3
f 4350/1/3 4338/1/3 4337/1/3
f 4350/3/3 4337/3/3 4349/3/3
f 4351/1/3 4338/1/3 4350/1/3
f 4352/3/3 4341/3/3 4340/3/3
f 4353/3/3 4341/3/3 4352/3/3
f 4354/2/3 4343/2/3 4342/2/3
f 4355/4/3 4344/4/3 4343/4/3
f 4355/2/3 4343/2/3 4354/2/3
f 4356/3/3 4345/3/3 4344/3/3
f 4356/4/3 4344/4/3 4355/4/3
f 4357/3/3 4345/3/3 4356/3/3
f 4365/3/3 4358/3/3 4357/3/3
f 4367/1/3 4360/1/3 4359/1/3
f 4368/4/3 4361/4/3 4360/4/3
f 4368/1/3 4360/1/3 4367/1/3
f 4369/2/3 4362/2/3 4361/2/3
f 4369/4/3 4361/4/3 4368/4/3
f 4370/1/3 4363/1/3 4362/1/3
f 4370/2/3 4362/2/3 4369/2/3
f 4371/2/3 4364/2/3 4363/2/3
f 4371/1/3 4363/1/3 4370/1/3
f 4372/2/3 4364/2/3 4371/2/3
f 4374/4/3 4353/4/3 4352/4/3
f 4375/3/3 4358/3/3 4365/3/3
f 4376/3/3 4358/3/3 4375/3/3
f 4377/4/3 4374/4/3 4352/4/3
f 4378/4/3 4374/4/3 4377/4/3
f 4382/1/3 4376/1/3 4375/1/3
f 4383/1/3 4376/1/3 4382/1/3
f 4384/4/3 4367/4/3 4366/4/3
f 4385/2/3 4373/2/3 4372/2/3
f 4386/2/3 4373/2/3 4385/2/3
f 4387/3/3 4378/3/3 4377/3/3
f 4388/3/3 4378/3/3 4387/3/3
f 4389/1/3 4380/1/3 4379/1/3
f 4390/2/3 4381/2/3 4380/2/3
f 4390/1/3 4380/1/3 4389/1/3
f 4390/2/3 4382/2/3 4381/2/3
f 4391/2/3 4382/2/3 4390/2/3
f 4392/4/3 4383/4/3 4382/4/3
f 4392/2/3 4382/2/3 4391/2/3
f 4393/4/3 4383/4/3 4392/4/3
f 4394/4/3 4384/4/3 4366/4/3
f 4395/4/3 4384/4/3 4394/4/3
f 4401/1/3 4386/1/3 4385/1/3
f 4402/1/3 4386/1/3 4401/1/3
f 4403/4/3 4388/4/3 4387/4/3
f 4404/4/3 4388/4/3 4403/4/3
f 4408/2/3 4391/2/3 4390/2/3
f 4408/2/3 4390/2/3 4389/2/3
f 4409/4/3 4392/4/3 4391/4/3
f 4409/2/3 4391/2/3 4408/2/3
f 4410/4/3 4392/4/3 4409/4/3
f 4411/2/3 4396/2/3 4395/2/3
f 4412/1/3 4398/1/3 4397/1/3
f 4412/2/3 4396/2/3 4411/2/3
f 4412/1/3 4397/1/3 4396/1/3
f 4413/3/3 4399/3/3 4398/3/3
f 4413/1/3 4398/1/3 4412/1/3
f 4414/4/3 4400/4/3 4399/4/3
f 4414/3/3 4399/3/3 4413/3/3
f 4415/2/3 4401/2/3 4400/2/3
f 4415/4/3 4400/4/3 4414/4/3
f 4416/2/3 4401/2/3 4415/2/3
f 4417/4/3 4405/4/3 4404/4/3
f 4418/2/3 4406/2/3 4405/2/3
f 4418/4/3 4405/4/3 4417/4/3
f 4418/2/3 4407/2/3 4406/2/3
f 4419/2/3 4407/2/3 4418/2/3
f 4424/3/3 4421/3/3 4420/3/3
f 4425/3/3 4421/3/3 4424/3/3
f 4426/3/3 4423/3/3 4422/3/3
f 4427/3/3 4423/3/3 4426/3/3
f 4428/3/3 4425/3/3 4424/3/3
f 4429/3/3 4427/3/3 4426/3/3
f 4430/3/3 4427/3/3 4429/3/3
f 4432/3/3 4428/3/3 4424/3/3
f 4433/3/3 4431/3/3 4430/3/3
f 4436/3/3 4428/3/3 4432/3/3
f 4437/3/3 4430/3/3 4429/3/3
f 4437/3/3 4435/3/3 4434/3/3
f 4437/3/3 4433/3/3 4430/3/3
f 4437/3/3 4434/3/3 4433/3/3
f 4438/3/3 4435/3/3 4437/3/3
f 4439/3/3 4435/3/3 4438/3/3
f 4440/3/3 4435/3/3 4439/3/3
f 4441/3/3 4428/3/3 4436/3/3
f 4442/3/3 4428/3/3 4441/3/3
f 4443/3/3 4438/3/3 4437/3/3
f 4444/3/3 4442/3/3 4441/3/3
f 4445/3/3 4438/3/3 4443/3/3
f 4446/3/3 4445/3/3 4443/3/3
f 4447/3/3 4442/3/3 4444/3/3
f 4448/3/3 4442/3/3 4447/3/3
f 4451/3/3 4446/3/3 4443/3/3
f 4452/3/3 4446/3/3 4451/3/3
f 4454/3/3 4449/3/3 4448/3/3
f 4454/3/3 4448/3/3 4447/3/3
f 4455/3/3 4449/3/3 4454/3/3
f 4460/3/3 4452/3/3 4451/3/3
f 4460/3/3 4451/3/3 4450/3/3
f 4461/3/3 4452/3/3 4460/3/3
f 4463/3/3 4459/3/3 4458/3/3
f 4463/3/3 4458/3/3 4457/3/3
f 4463/3/3 4461/3/3 4460/3/3
f 4463/3/3 4460/3/3 4459/3/3
f 4463/3/3 4454/3/3 4453/3/3
f 4463/3/3 4457/3/3 4456/3/3
f 4463/3/3 4456/3/3 4455/3/3
f 4463/3/3 4455/3/3 4454/3/3
f 4464/3/3 4461/3/3 4463/3/3
f 4465/3/3 4461/3/3 4464/3/3
f 4466/3/3 4461/3/3 4465/3/3
f 4467/3/3 4461/3/3 4466/3/3
f 4470/3/3 4464/3/3 4463/3/3
f 4470/3/3 4463/3/3 4462/3/3
f 4471/3/3 4464/3/3 4470/3/3
f 4472/3/3 4464/3/3 4471/3/3
f 4473/3/3 4464/3/3 4472/3/3
f 4474/3/3 4467/3/3 4466/3/3
f 4474/3/3 4469/3/3 4468/3/3
f 4474/3/3 4468/3/3 4467/3/3
f 4475/3/3 4469/3/3 4474/3/3
f 4476/3/3 4473/3/3 4472/3/3
f 4477/3/3 4473/3/3 4476/3/3
f 4478/3/3 4473/3/3 4477/3/3
f 4479/3/3 4474/3/3 4466/3/3
f 4480/3/3 4474/3/3 4479/3/3
f 4481/3/3 4474/3/3 4480/3/3
f 4482/3/3 4478/3/3 4477/3/3
f 4483/3/3 4480/3/3 4479/3/3
f 4484/3/3 4478/3/3 4482/3/3
f 4485/3/3 4480/3/3 4483/3/3
f 4486/3/3 4480/3/3 4485/3/3
f 4487/3/3 4478/3/3 4484/3/3
f 4488/3/3 4478/3/3 4487/3/3
f 4489/3/3 4486/3/3 4485/3/3
f 4490/3/3 4488/3/3 4487/3/3
f 4491/3/3 4486/3/3 4489/3/3
f 4492/3/3 4488/3/3 4490/3/3
f 4495/3/3 4491/3/3 4489/3/3
f 4496/3/3 4494/3/3 4493/3/3
f 4496/3/3 4495/3/3 4494/3/3
f 4496/3/3 4492/3/3 4490/3/3
f 4496/3/3 4493/3/3 4492/3/3
f 4497/3/3 4495/3/3 4496/3/3
f 4498/3/3 4495/3/3 4497/3/3
f 4499/3/3 4495/3/3 4498/3/3
f 4500/3/3 4495/3/3 4499/3/3
f 4501/3/3 4495/3/3 4500/3/3
f 4502/3/3 4491/3/3 4495/3/3
f 4502/3/3 4495/3/3 4501/3/3
f 4503/3/3 4497/3/3 4496/3/3
f 4504/3/3 4497/3/3 4503/3/3
f 4505/3/3 4502/3/3 4501/3/3
f 4506/3/3 4502/3/3 4505/3/3
f 4507/3/3 4502/3/3 4506/3/3
f 4508/3/3 4503/3/3 4496/3/3
f 4509/3/3 4503/3/3 4508/3/3
f 4510/3/3 4507/3/3 4506/3/3
f 4511/3/3 4507/3/3 4510/3/3
f 4512/3/3 4509/3/3 4508/3/3
f 4513/3/3 4511/3/3 4510/3/3
f 4514/3/3 4511/3/3 4513/3/3
f 4515/3/3 4514/3/3 4513/3/3
f 4517/3/3 4512/3/3 4508/3/3
f 4518/3/3 4512/3/3 4517/3/3
f 4519/3/3 4514/3/3 4515/3/3
f 4520/3/3 4514/3/3 4519/3/3
f 4523/3/3 4517/3/3 4516/3/3
f 4523/3/3 4518/3/3 4517/3/3
f 4524/3/3 4518/3/3 4523/3/3
f 4525/3/3 4520/3/3 4519/3/3
f 4525/3/3 4521/3/3 4520/3/3
f 4528/3/3 4524/3/3 4523/3/3
f 4528/3/3 4523/3/3 4522/3/3
f 4529/3/3 4524/3/3 4528/3/3
f 4530/3/3 4524/3/3 4529/3/3
f 4531/3/3 4525/3/3 4519/3/3
f 4531/3/3 4527/3/3 4526/3/3
f 4531/3/3 4526/3/3 4525/3/3
f 4532/3/3 4527/3/3 4531/3/3
f 4533/3/3 4527/3/3 4532/3/3
f 4534/3/3 4524/3/3 4530/3/3
f 4535/3/3 4524/3/3 4534/3/3
f 4536/3/3 4532/3/3 4531/3/3
f 4537/3/3 4532/3/3 4536/3/3
f 4538/3/3 4532/3/3 4537/3/3
f 4539/3/3 4535/3/3 4534/3/3
f 4540/3/3 4537/3/3 4536/3/3
f 4541/3/3 4535/3/3 4539/3/3
f 4542/3/3 4535/3/3 4541/3/3
f 4543/3/3 4540/3/3 4536/3/3
f 4544/3/3 4542/3/3 4541/3/3
f 4545/3/3 4540/3/3 4543/3/3
f 4546/3/3 4540/3/3 4545/3/3
f 4547/3/3 4542/3/3 4544/3/3
f 4548/3/3 4547/3/3 4544/3/3
f 4549/3/3 4546/3/3 4545/3/3
f 4552/3/3 4548/3/3 4544/3/3
f 4553/3/3 4548/3/3 4552/3/3
f 4556/3/3 4549/3/3 4545/3/3
f 4557/3/3 4549/3/3 4556/3/3
f 4558/3/3 4551/3/3 4550/3/3
f 4558/3/3 4554/3/3 4553/3/3
f 4558/3/3 4552/3/3 4551/3/3
f 4558/3/3 4553/3/3 4552/3/3
f 4559/3/3 4554/3/3 4558/3/3
f 4560/3/3 4554/3/3 4559/3/3
f 4561/3/3 4554/3/3 4560/3/3
f 4566/3/3 4557/3/3 4556/3/3
f 4566/3/3 4556/3/3 4555/3/3
f 4567/3/3 4557/3/3 4566/3/3
f 4568/3/3 4565/3/3 4564/3/3
f 4568/3/3 4564/3/3 4563/3/3
f 4568/3/3 4567/3/3 4566/3/3
f 4568/3/3 4566/3/3 4565/3/3
f 4568/3/3 4563/3/3 4562/3/3
f 4568/3/3 4562/3/3 4561/3/3
f 4568/3/3 4561/3/3 4560/3/3
f 4569/3/3 4567/3/3 4568/3/3
f 4570/3/3 4567/3/3 4569/3/3
f 4571/3/3 4567/3/3 4570/3/3
f 4572/3/3 4567/3/3 4571/3/3
f 4573/3/3 4567/3/3 4572/3/3
f 4574/3/3 4567/3/3 4573/3/3
f 4575/3/3 4567/3/3 4574/3/3
f 4576/3/3 4570/3/3 4569/3/3
f 4577/3/3 4570/3/3 4576/3/3
f 4578/3/3 4567/3/3 4575/3/3
f 4579/3/3 4567/3/3 4578/3/3
f 4580/3/3 4576/3/3 4569/3/3
f 4581/3/3 4567/3/3 4579/3/3
f 4582/3/3 4576/3/3 4580/3/3
f 4583/3/3 4576/3/3 4582/3/3
f 4584/3/3 4581/3/3 4579/3/3
f 4585/3/3 4581/3/3 4584/3/3
f 4596/2/3 4587/2/3 4586/2/3
f 4596/4/3 4588/4/3 4587/4/3
f 4597/1/3 4589/1/3 4588/1/3
f 4597/4/3 4588/4/3 4596/4/3
f 4598/2/3 4590/2/3 4589/2/3
f 4598/1/3 4589/1/3 4597/1/3
f 4599/2/3 4590/2/3 4598/2/3
f 4602/2/3 4592/2/3 4591/2/3
f 4603/1/3 4593/1/3 4592/1/3
f 4603/2/3 4592/2/3 4602/2/3
f 4604/4/3 4594/4/3 4593/4/3
f 4604/1/3 4593/1/3 4603/1/3
f 4605/2/3 4595/2/3 4594/2/3
f 4605/4/3 4594/4/3 4604/4/3
f 4606/2/3 4596/2/3 4586/2/3
f 4606/2/3 4597/2/3 4596/2/3
f 4606/2/3 4598/2/3 4597/2/3
f 4606/2/3 4599/2/3 4598/2/3
f 4607/2/3 4599/2/3 4606/2/3
f 4608/2/3 4599/2/3 4607/2/3
f 4609/4/3 4600/4/3 4599/4/3
f 4609/2/3 4599/2/3 4608/2/3
f 4610/4/3 4600/4/3 4609/4/3
f 4611/4/3 4602/4/3 4601/4/3
f 4612/2/3 4604/2/3 4603/2/3
f 4612/4/3 4602/4/3 4611/4/3
f 4612/2/3 4603/2/3 4602/2/3
f 4612/2/3 4605/2/3 4604/2/3
f 4613/2/3 4605/2/3 4612/2/3
f 4614/1/3 4607/1/3 4606/1/3
f 4615/2/3 4608/2/3 4607/2/3
f 4615/1/3 4607/1/3 4614/1/3
f 4616/2/3 4605/2/3 4613/2/3
f 4616/2/3 4595/2/3 4605/2/3
f 4617/2/3 4595/2/3 4616/2/3
f 4618/4/3 4615/4/3 4614/4/3
f 4619/2/3 4608/2/3 4615/2/3
f 4619/4/3 4615/4/3 4618/4/3
f 4620/2/3 4616/2/3 4613/2/3
f 4620/1/3 4617/1/3 4616/1/3
f 4621/1/3 4617/1/3 4620/1/3
f 4622/2/3 4620/2/3 4613/2/3
f 4622/4/3 4621/4/3 4620/4/3
f 4623/4/3 4621/4/3 4622/4/3
f 4624/2/3 4622/2/3 4613/2/3
f 4624/2/3 4623/2/3 4622/2/3
f 4625/2/3 4623/2/3 4624/2/3
f 4626/2/3 4624/2/3 4613/2/3
f 4626/4/3 4625/4/3 4624/4/3
f 4627/4/3 4625/4/3 4626/4/3
f 4628/2/3 4619/2/3 4618/2/3
f 4629/2/3 4608/2/3 4619/2/3
f 4629/2/3 4619/2/3 4628/2/3
f 4630/2/3 4626/2/3 4613/2/3
f 4630/2/3 4627/2/3 4626/2/3
f 4631/2/3 4627/2/3 4630/2/3
f 4632/2/3 4630/2/3 4613/2/3
f 4632/1/3 4631/1/3 4630/1/3
f 4633/1/3 4631/1/3 4632/1/3
f 4634/1/3 4629/1/3 4628/1/3
f 4635/2/3 4608/2/3 4629/2/3
f 4635/1/3 4629/1/3 4634/1/3
f 4636/2/3 4632/2/3 4613/2/3
f 4637/2/3 4632/2/3 4636/2/3
f 4640/2/3 4639/2/3 4638/2/3
f 4642/2/3 4635/2/3 4634/2/3
f 4643/2/3 4608/2/3 4635/2/3
f 4643/2/3 4635/2/3 4642/2/3
f 4644/2/3 4641/2/3 4640/2/3
f 4644/2/3 4640/2/3 4638/2/3
f 4645/2/3 4641/2/3 4644/2/3
f 4646/2/3 4644/2/3 4638/2/3
f 4646/1/3 4645/1/3 4644/1/3
f 4647/1/3 4645/1/3 4646/1/3
f 4648/1/3 4643/1/3 4642/1/3
f 4649/2/3 4608/2/3 4643/2/3
f 4649/1/3 4643/1/3 4648/1/3
f 4650/2/3 4646/2/3 4638/2/3
f 4650/4/3 4647/4/3 4646/4/3
f 4651/4/3 4647/4/3 4650/4/3
f 4652/2/3 4650/2/3 4638/2/3
f 4652/2/3 4651/2/3 4650/2/3
f 4653/2/3 4651/2/3 4652/2/3
f 4654/2/3 4652/2/3 4638/2/3
f 4654/1/3 4653/1/3 4652/1/3
f 4655/1/3 4653/1/3 4654/1/3
f 4656/2/3 4649/2/3 4648/2/3
f 4657/2/3 4608/2/3 4649/2/3
f 4657/2/3 4649/2/3 4656/2/3
f 4658/2/3 4654/2/3 4638/2/3
f 4658/4/3 4655/4/3 4654/4/3
f 4659/4/3 4655/4/3 4658/4/3
f 4660/2/3 4608/2/3 4657/2/3
f 4661/2/3 4608/2/3 4660/2/3
f 4664/2/3 4659/2/3 4658/2/3
f 4664/2/3 4658/2/3 4638/2/3
f 4665/2/3 4659/2/3 4664/2/3
f 4667/2/3 4663/2/3 4662/2/3
f 4668/2/3 4664/2/3 4638/2/3
f 4668/1/3 4665/1/3 4664/1/3
f 4669/1/3 4665/1/3 4668/1/3
f 4670/1/3 4667/1/3 4666/1/3
f 4671/2/3 4663/2/3 4667/2/3
f 4671/1/3 4667/1/3 4670/1/3
f 4672/2/3 4668/2/3 4638/2/3
f 4673/2/3 4668/2/3 4672/2/3
f 4676/2/3 4671/2/3 4670/2/3
f 4677/2/3 4663/2/3 4671/2/3
f 4677/2/3 4671/2/3 4676/2/3
f 4678/2/3 4675/2/3 4674/2/3
f 4680/4/3 4677/4/3 4676/4/3
f 4681/2/3 4663/2/3 4677/2/3
f 4681/4/3 4677/4/3 4680/4/3
f 4682/1/3 4681/1/3 4680/1/3
f 4683/2/3 4663/2/3 4681/2/3
f 4683/1/3 4681/1/3 4682/1/3
f 4684/2/3 4683/2/3 4682/2/3
f 4685/2/3 4663/2/3 4683/2/3
f 4685/2/3 4683/2/3 4684/2/3
f 4686/2/3 4678/2/3 4674/2/3
f 4686/2/3 4679/2/3 4678/2/3
f 4687/2/3 4679/2/3 4686/2/3
f 4688/4/3 4685/4/3 4684/4/3
f 4689/2/3 4663/2/3 4685/2/3
f 4689/4/3 4685/4/3 4688/4/3
f 4690/1/3 4689/1/3 4688/1/3
f 4691/2/3 4663/2/3 4689/2/3
f 4691/1/3 4689/1/3 4690/1/3
f 4692/2/3 4686/2/3 4674/2/3
f 4692/1/3 4687/1/3 4686/1/3
f 4693/1/3 4687/1/3 4692/1/3
f 4694/2/3 4691/2/3 4690/2/3
f 4695/2/3 4663/2/3 4691/2/3
f 4695/2/3 4691/2/3 4694/2/3
f 4696/2/3 4663/2/3 4695/2/3
f 4697/2/3 4663/2/3 4696/2/3
f 4700/2/3 4692/2/3 4674/2/3
f 4700/2/3 4693/2/3 4692/2/3
f 4701/2/3 4693/2/3 4700/2/3
f 4703/2/3 4699/2/3 4698/2/3
f 4704/1/3 4703/1/3 4702/1/3
f 4705/2/3 4699/2/3 4703/2/3
f 4705/1/3 4703/1/3 4704/1/3
f 4706/2/3 4700/2/3 4674/2/3
f 4706/1/3 4701/1/3 4700/1/3
f 4707/1/3 4701/1/3 4706/1/3
f 4708/2/3 4705/2/3 4704/2/3
f 4709/2/3 4699/2/3 4705/2/3
f 4709/2/3 4705/2/3 4708/2/3
f 4710/4/3 4709/4/3 4708/4/3
f 4711/2/3 4699/2/3 4709/2/3
f 4711/4/3 4709/4/3 4710/4/3
f 4712/2/3 4711/2/3 4710/2/3
f 4713/2/3 4699/2/3 4711/2/3
f 4713/2/3 4711/2/3 4712/2/3
f 4714/4/3 4713/4/3 4712/4/3
f 4715/2/3 4699/2/3 4713/2/3
f 4715/4/3 4713/4/3 4714/4/3
f 4716/2/3 4706/2/3 4674/2/3
f 4716/2/3 4707/2/3 4706/2/3
f 4717/2/3 4707/2/3 4716/2/3
f 4718/1/3 4715/1/3 4714/1/3
f 4719/2/3 4699/2/3 4715/2/3
f 4719/1/3 4715/1/3 4718/1/3
f 4720/2/3 4716/2/3 4674/2/3
f 4720/4/3 4717/4/3 4716/4/3
f 4721/4/3 4717/4/3 4720/4/3
f 4722/2/3 4699/2/3 4719/2/3
f 4722/2/3 4719/2/3 4718/2/3
f 4727/2/3 4720/2/3 4674/2/3
f 4728/1/3 4721/1/3 4720/1/3
f 4728/2/3 4720/2/3 4727/2/3
f 4729/1/3 4721/1/3 4728/1/3
f 4730/2/3 4722/2/3 4718/2/3
f 4730/2/3 4723/2/3 4722/2/3
f 4731/2/3 4723/2/3 4730/2/3
f 4732/2/3 4723/2/3 4731/2/3
f 4733/4/3 4724/4/3 4723/4/3
f 4733/2/3 4723/2/3 4732/2/3
f 4734/4/3 4724/4/3 4733/4/3
f 4735/4/3 4726/4/3 4725/4/3
f 4736/2/3 4727/2/3 4726/2/3
f 4736/4/3 4726/4/3 4735/4/3
f 4736/2/3 4729/2/3 4728/2/3
f 4736/2/3 4728/2/3 4727/2/3
f 4737/2/3 4729/2/3 4736/2/3
f 4738/2/3 4729/2/3 4737/2/3
f 4739/2/3 4729/2/3 4738/2/3
f 4740/2/3 4730/2/3 4718/2/3
f 4741/4/3 4731/4/3 4730/4/3
f 4741/2/3 4730/2/3 4740/2/3
f 4742/1/3 4732/1/3 4731/1/3
f 4742/4/3 4731/4/3 4741/4/3
f 4743/2/3 4733/2/3 4732/2/3
f 4743/1/3 4732/1/3 4742/1/3
f 4744/2/3 4733/2/3 4743/2/3
f 4745/2/3 4737/2/3 4736/2/3
f 4746/1/3 4738/1/3 4737/1/3
f 4746/2/3 4737/2/3 4745/2/3
f 4747/4/3 4739/4/3 4738/4/3
f 4747/1/3 4738/1/3 4746/1/3
f 4748/2/3 4729/2/3 4739/2/3
f 4748/4/3 4739/4/3 4747/4/3
f 4749/2/3 4729/2/3 4748/2/3
f 4757/2/3 4751/2/3 4750/2/3
f 4758/4/3 4752/4/3 4751/4/3
f 4758/2/3 4751/2/3 4757/2/3
f 4759/2/3 4753/2/3 4752/2/3
f 4759/4/3 4752/4/3 4758/4/3
f 4760/1/3 4754/1/3 4753/1/3
f 4760/2/3 4753/2/3 4759/2/3
f 4761/2/3 4755/2/3 4754/2/3
f 4761/1/3 4754/1/3 4760/1/3
f 4762/2/3 4755/2/3 4761/2/3
f 4764/4/3 4757/4/3 4756/4/3
f 4765/2/3 4760/2/3 4759/2/3
f 4765/4/3 4757/4/3 4764/4/3
f 4765/2/3 4763/2/3 4762/2/3
f 4765/2/3 4762/2/3 4761/2/3
f 4765/2/3 4761/2/3 4760/2/3
f 4765/2/3 4758/2/3 4757/2/3
f 4765/2/3 4759/2/3 4758/2/3
f 4766/2/3 4763/2/3 4765/2/3
f 4770/4/3 4768/4/3 4767/4/3
f 4771/2/3 4769/2/3 4768/2/3
f 4771/4/3 4768/4/3 4770/4/3
f 4772/2/3 4769/2/3 4771/2/3
f 4773/2/3 4769/2/3 4772/2/3
f 4774/2/3 4769/2/3 4773/2/3
f 4775/2/3 4769/2/3 4774/2/3
f 4776/2/3 4769/2/3 4775/2/3
f 4777/2/3 4769/2/3 4776/2/3
f 4778/2/3 4772/2/3 4771/2/3
f 4779/4/3 4773/4/3 4772/4/3
f 4779/2/3 4772/2/3 4778/2/3
f 4780/2/3 4774/2/3 4773/2/3
f 4780/4/3 4773/4/3 4779/4/3
f 4781/1/3 4775/1/3 4774/1/3
f 4781/2/3 4774/2/3 4780/2/3
f 4782/2/3 4776/2/3 4775/2/3
f 4782/1/3 4775/1/3 4781/1/3
f 4783/2/3 4776/2/3 4782/2/3
f 4788/4/3 4785/4/3 4784/4/3
f 4789/4/3 4785/4/3 4788/4/3
f 4790/4/3 4785/4/3 4789/4/3
f 4791/4/3 4787/4/3 4786/4/3
f 4792/4/3 4787/4/3 4791/4/3
f 4793/4/3 4787/4/3 4792/4/3
f 4794/2/3 4789/2/3 4788/2/3
f 4795/2/3 4789/2/3 4794/2/3
f 4796/1/3 4795/1/3 4794/1/3
f 4797/1/3 4795/1/3 4796/1/3
f 4798/2/3 4793/2/3 4792/2/3
f 4799/2/3 4793/2/3 4798/2/3
f 4800/1/3 4799/1/3 4798/1/3
f 4801/1/3 4799/1/3 4800/1/3
f 4802/2/3 4797/2/3 4796/2/3
f 4803/2/3 4797/2/3 4802/2/3
f 4804/1/3 4803/1/3 4802/1/3
f 4805/1/3 4803/1/3 4804/1/3
f 4806/2/3 4805/2/3 4804/2/3
f 4807/2/3 4805/2/3 4806/2/3
f 4808/4/3 4807/4/3 4806/4/3
f 4809/4/3 4807/4/3 4808/4/3
f 4810/2/3 4801/2/3 4800/2/3
f 4811/2/3 4801/2/3 4810/2/3
f 4812/4/3 4811/4/3 4810/4/3
f 4813/4/3 4811/4/3 4812/4/3
f 4816/1/3 4813/1/3 4812/1/3
f 4817/1/3 4813/1/3 4816/1/3
f 4818/4/3 4815/4/3 4814/4/3
f 4819/4/3 4815/4/3 4818/4/3
f 4820/2/3 4819/2/3 4818/2/3
f 4821/2/3 4819/2/3 4820/2/3
f 4822/2/3 4817/2/3 4816/2/3
f 4823/2/3 4817/2/3 4822/2/3
f 4824/4/3 4821/4/3 4820/4/3
f 4825/4/3 4821/4/3 4824/4/3
f 4826/4/3 4823/4/3 4822/4/3
f 4827/4/3 4823/4/3 4826/4/3
f 4828/2/3 4825/2/3 4824/2/3
f 4829/2/3 4825/2/3 4828/2/3
f 4830/1/3 4827/1/3 4826/1/3
f 4831/1/3 4827/1/3 4830/1/3
f 4832/1/3 4829/1/3 4828/1/3
f 4833/1/3 4829/1/3 4832/1/3
f 4834/2/3 4833/2/3 4832/2/3
f 4835/2/3 4833/2/3 4834/2/3
f 4838/2/3 4837/2/3 4836/2/3
f 4839/2/3 4837/2/3 4838/2/3
f 4842/1/3 4839/1/3 4838/1/3
f 4843/1/3 4839/1/3 4842/1/3
f 4844/1/3 4841/1/3 4840/1/3
f 4845/1/3 4841/1/3 4844/1/3
f 4846/2/3 4843/2/3 4842/2/3
f 4847/2/3 4843/2/3 4846/2/3
f 4848/4/3 4845/4/3 4844/4/3
f 4849/4/3 4845/4/3 4848/4/3
f 4850/4/3 4847/4/3 4846/4/3
f 4851/4/3 4847/4/3 4850/4/3
f 4852/2/3 4851/2/3 4850/2/3
f 4853/2/3 4851/2/3 4852/2/3
f 4854/2/3 4849/2/3 4848/2/3
f 4855/2/3 4849/2/3 4854/2/3
f 4856/4/3 4853/4/3 4852/4/3
f 4857/4/3 4853/4/3 4856/4/3
f 4858/1/3 4855/1/3 4854/1/3
f 4859/1/3 4855/1/3 4858/1/3
f 4860/4/3 4859/4/3 4858/4/3
f 4861/4/3 4859/4/3 4860/4/3
f 4864/4/3 4863/4/3 4862/4/3
f 4865/4/3 4863/4/3 4864/4/3
f 4866/2/3 4865/2/3 4864/2/3
f 4867/2/3 4865/2/3 4866/2/3
f 4868/1/3 4867/1/3 4866/1/3
f 4869/1/3 4867/1/3 4868/1/3
f 4870/2/3 4861/2/3 4860/2/3
f 4871/2/3 4861/2/3 4870/2/3
f 4872/1/3 4871/1/3 4870/1/3
f 4873/1/3 4871/1/3 4872/1/3
f 4874/2/3 4869/2/3 4868/2/3
f 4875/2/3 4869/2/3 4874/2/3
f 4876/1/3 4875/1/3 4874/1/3
f 4877/1/3 4875/1/3 4876/1/3
f 4878/2/3 4873/2/3 4872/2/3
f 4879/2/3 4873/2/3 4878/2/3
f 4882/2/3 4877/2/3 4876/2/3
f 4883/2/3 4877/2/3 4882/2/3
f 4884/4/3 4880/4/3 4879/4/3
f 4884/4/3 4879/4/3 4878/4/3
f 4885/4/3 4880/4/3 4884/4/3
f 4886/4/3 4883/4/3 4882/4/3
f 4886/4/3 4882/4/3 4881/4/3
f 4887/4/3 4883/4/3 4886/4/3
f 4894/2/3 4889/2/3 4888/2/3
f 4895/2/3 4889/2/3 4894/2/3
f 4896/4/3 4890/4/3 4889/4/3
f 4896/2/3 4889/2/3 4895/2/3
f 4897/4/3 4890/4/3 4896/4/3
f 4900/4/3 4892/4/3 4891/4/3
f 4901/2/3 4893/2/3 4892/2/3
f 4901/4/3 4892/4/3 4900/4/3
f 4902/2/3 4893/2/3 4901/2/3
f 4903/2/3 4893/2/3 4902/2/3
f 4904/1/3 4895/1/3 4894/1/3
f 4905/4/3 4898/4/3 4897/4/3
f 4906/4/3 4898/4/3 4905/4/3
f 4907/4/3 4900/4/3 4899/4/3
f 4908/4/3 4900/4/3 4907/4/3
f 4909/4/3 4903/4/3 4902/4/3
f 4910/4/3 4903/4/3 4909/4/3
f 4911/1/3 4904/1/3 4894/1/3
f 4912/1/3 4911/1/3 4894/1/3
f 4913/1/3 4910/1/3 4909/1/3
f 4914/1/3 4910/1/3 4913/1/3
f 4915/2/3 4914/2/3 4913/2/3
f 4916/2/3 4914/2/3 4915/2/3
f 4917/1/3 4912/1/3 4894/1/3
f 4918/4/3 4916/4/3 4915/4/3
f 4919/4/3 4916/4/3 4918/4/3
f 4920/1/3 4917/1/3 4894/1/3
f 4921/1/3 4920/1/3 4894/1/3
f 4922/1/3 4920/1/3 4921/1/3
f 4923/2/3 4922/2/3 4921/2/3
f 4924/2/3 4922/2/3 4923/2/3
f 4925/1/3 4919/1/3 4918/1/3
f 4926/1/3 4919/1/3 4925/1/3
f 4929/2/3 4926/2/3 4925/2/3
f 4930/2/3 4926/2/3 4929/2/3
f 4932/2/3 4928/2/3 4927/2/3
f 4933/2/3 4928/2/3 4932/2/3
f 4934/1/3 4930/1/3 4929/1/3
f 4935/1/3 4932/1/3 4931/1/3
f 4936/1/3 4935/1/3 4931/1/3
f 4937/1/3 4935/1/3 4936/1/3
f 4938/1/3 4930/1/3 4934/1/3
f 4939/2/3 4937/2/3 4936/2/3
f 4940/2/3 4937/2/3 4939/2/3
f 4941/1/3 4930/1/3 4938/1/3
f 4942/1/3 4930/1/3 4941/1/3
f 4943/1/3 4940/1/3 4939/1/3
f 4944/1/3 4940/1/3 4943/1/3
f 4946/2/3 4942/2/3 4941/2/3
f 4947/2/3 4942/2/3 4946/2/3
f 4948/2/3 4944/2/3 4943/2/3
f 4949/2/3 4944/2/3 4948/2/3
f 4950/2/3 4946/2/3 4945/2/3
f 4951/2/3 4946/2/3 4950/2/3
f 4954/1/3 4949/1/3 4948/1/3
f 4955/1/3 4949/1/3 4954/1/3
f 4957/4/3 4953/4/3 4952/4/3
f 4958/4/3 4953/4/3 4957/4/3
f 4960/4/3 4956/4/3 4955/4/3
f 4961/4/3 4956/4/3 4960/4/3
f 4964/1/3 4959/1/3 4958/1/3
f 4965/1/3 4959/1/3 4964/1/3
f 4967/2/3 4963/2/3 4962/2/3
f 4968/2/3 4963/2/3 4967/2/3
f 4969/2/3 4965/2/3 4964/2/3
f 4970/2/3 4965/2/3 4969/2/3
f 4971/2/3 4967/2/3 4966/2/3
f 4972/2/3 4967/2/3 4971/2/3
f 4973/1/3 4970/1/3 4969/1/3
f 4974/1/3 4970/1/3 4973/1/3
f 4975/1/3 4972/1/3 4971/1/3
f 4976/2/3 4974/2/3 4973/2/3
f 4977/2/3 4974/2/3 4976/2/3
f 4978/1/3 4977/1/3 4976/1/3
f 4979/1/3 4975/1/3 4971/1/3
f 4981/1/3 4977/1/3 4978/1/3
f 4982/1/3 4977/1/3 4981/1/3
f 4983/1/3 4979/1/3 4971/1/3
f 4984/1/3 4979/1/3 4983/1/3
f 4985/2/3 4981/2/3 4980/2/3
f 4986/2/3 4981/2/3 4985/2/3
f 4987/2/3 4984/2/3 4983/2/3
f 4988/2/3 4984/2/3 4987/2/3
f 4991/2/3 4990/2/3 4989/2/3
f 4992/2/3 4990/2/3 4991/2/3
f 4993/1/3 4992/1/3 4991/1/3
f 4994/1/3 4988/1/3 4987/1/3
f 4995/1/3 4988/1/3 4994/1/3
f 4996/1/3 4992/1/3 4993/1/3
f 4997/4/3 4995/4/3 4994/4/3
f 4998/4/3 4995/4/3 4997/4/3
f 4999/2/3 4998/2/3 4997/2/3
f 5000/2/3 4998/2/3 4999/2/3
f 5001/1/3 4992/1/3 4996/1/3
f 5002/1/3 4992/1/3 5001/1/3
f 5003/1/3 5000/1/3 4999/1/3
f 5004/1/3 5000/1/3 5003/1/3
f 5009/1/3 4992/1/3 5002/1/3
f 5010/4/3 5004/4/3 5003/4/3
f 5011/4/3 5004/4/3 5010/4/3
f 5013/4/3 5006/4/3 5005/4/3
f 5014/4/3 5006/4/3 5013/4/3
f 5015/4/3 5008/4/3 5007/4/3
f 5016/4/3 5008/4/3 5015/4/3
f 5018/1/3 4992/1/3 5009/1/3
f 5019/1/3 4992/1/3 5018/1/3
f 5020/2/3 5012/2/3 5011/2/3
f 5020/2/3 5011/2/3 5010/2/3
f 5021/4/3 5013/4/3 5012/4/3
f 5021/2/3 5012/2/3 5020/2/3
f 5022/4/3 5013/4/3 5021/4/3
f 5023/4/3 5017/4/3 5016/4/3
f 5024/2/3 5019/2/3 5018/2/3
f 5024/4/3 5017/4/3 5023/4/3
f 5024/2/3 5018/2/3 5017/2/3
f 5025/2/3 5019/2/3 5024/2/3
f 5031/4/3 5027/4/3 5026/4/3
f 5032/2/3 5028/2/3 5027/2/3
f 5032/4/3 5027/4/3 5031/4/3
f 5033/3/3 5029/3/3 5028/3/3
f 5033/2/3 5028/2/3 5032/2/3
f 5034/4/3 5030/4/3 5029/4/3
f 5034/3/3 5029/3/3 5033/3/3
f 5035/4/3 5030/4/3 5034/4/3
f 5041/4/3 5037/4/3 5036/4/3
f 5042/2/3 5038/2/3 5037/2/3
f 5042/4/3 5037/4/3 5041/4/3
f 5043/3/3 5039/3/3 5038/3/3
f 5043/2/3 5038/2/3 5042/2/3
f 5044/4/3 5040/4/3 5039/4/3
f 5044/3/3 5039/3/3 5043/3/3
f 5045/4/3 5040/4/3 5044/4/3
f 5053/4/3 5047/4/3 5046/4/3
f 5054/2/3 5048/2/3 5047/2/3
f 5054/4/3 5047/4/3 5053/4/3
f 5055/3/3 5049/3/3 5048/3/3
f 5055/2/3 5048/2/3 5054/2/3
f 5056/1/3 5050/1/3 5049/1/3
f 5056/3/3 5049/3/3 5055/3/3
f 5057/1/3 5050/1/3 5056/1/3
f 5058/2/3 5051/2/3 5050/2/3
f 5058/1/3 5050/1/3 5057/1/3
f 5059/2/3 5051/2/3 5058/2/3
f 5061/1/3 5053/1/3 5052/1/3
f 5062/1/3 5053/1/3 5061/1/3
f 5063/2/3 5060/2/3 5059/2/3
f 5064/2/3 5060/2/3 5063/2/3
f 5069/1/3 5066/1/3 5065/1/3
f 5070/1/3 5066/1/3 5069/1/3
f 5076/2/3 5068/2/3 5067/2/3
f 5077/2/3 5068/2/3 5076/2/3
f 5078/4/3 5071/4/3 5070/4/3
f 5079/2/3 5072/2/3 5071/2/3
f 5079/4/3 5071/4/3 5078/4/3
f 5080/3/3 5073/3/3 5072/3/3
f 5080/2/3 5072/2/3 5079/2/3
f 5081/1/3 5075/1/3 5074/1/3
f 5081/3/3 5073/3/3 5080/3/3
f 5081/1/3 5074/1/3 5073/1/3
f 5082/2/3 5076/2/3 5075/2/3
f 5082/1/3 5075/1/3 5081/1/3
f 5083/2/3 5076/2/3 5082/2/3
f 5090/2/3 5085/2/3 5084/2/3
f 5091/4/3 5086/4/3 5085/4/3
f 5091/2/3 5085/2/3 5090/2/3
f 5092/4/3 5086/4/3 5091/4/3
f 5093/4/3 5088/4/3 5087/4/3
f 5094/2/3 5089/2/3 5088/2/3
f 5094/4/3 5088/4/3 5093/4/3
f 5095/1/3 5091/1/3 5090/1/3
f 5096/1/3 5091/1/3 5095/1/3
f 5097/2/3 5089/2/3 5094/2/3
f 5098/2/3 5089/2/3 5097/2/3
f 5099/4/3 5096/4/3 5095/4/3
f 5100/4/3 5096/4/3 5099/4/3
f 5101/4/3 5098/4/3 5097/4/3
f 5102/4/3 5098/4/3 5101/4/3
f 5103/2/3 5100/2/3 5099/2/3
f 5104/2/3 5100/2/3 5103/2/3
f 5105/2/3 5102/2/3 5101/2/3
f 5106/2/3 5102/2/3 5105/2/3
f 5107/1/3 5104/1/3 5103/1/3
f 5108/1/3 5104/1/3 5107/1/3
f 5109/1/3 5106/1/3 5105/1/3
f 5110/1/3 5106/1/3 5109/1/3
f 5113/2/3 5108/2/3 5107/2/3
f 5114/2/3 5108/2/3 5113/2/3
f 5115/1/3 5114/1/3 5113/1/3
f 5116/1/3 5114/1/3 5115/1/3
f 5117/4/3 5116/4/3 5115/4/3
f 5118/4/3 5116/4/3 5117/4/3
f 5119/2/3 5112/2/3 5111/2/3
f 5120/2/3 5112/2/3 5119/2/3
f 5121/1/3 5120/1/3 5119/1/3
f 5122/1/3 5120/1/3 5121/1/3
f 5123/2/3 5118/2/3 5117/2/3
f 5124/2/3 5118/2/3 5123/2/3
f 5125/4/3 5122/4/3 5121/4/3
f 5126/4/3 5122/4/3 5125/4/3
f 5127/2/3 5126/2/3 5125/2/3
f 5128/2/3 5126/2/3 5127/2/3
f 5133/2/3 5130/2/3 5129/2/3
f 5134/2/3 5130/2/3 5133/2/3
f 5135/1/3 5134/1/3 5133/1/3
f 5136/1/3 5134/1/3 5135/1/3
f 5137/2/3 5132/2/3 5131/2/3
f 5138/2/3 5132/2/3 5137/2/3
f 5139/2/3 5136/2/3 5135/2/3
f 5140/2/3 5136/2/3 5139/2/3
f 5141/1/3 5138/1/3 5137/1/3
f 5142/1/3 5138/1/3 5141/1/3
f 5143/1/3 5140/1/3 5139/1/3
f 5144/1/3 5140/1/3 5143/1/3
f 5145/2/3 5142/2/3 5141/2/3
f 5146/2/3 5142/2/3 5145/2/3
f 5147/2/3 5144/2/3 5143/2/3
f 5148/2/3 5144/2/3 5147/2/3
f 5149/1/3 5146/1/3 5145/1/3
f 5150/1/3 5146/1/3 5149/1/3
f 5151/1/3 5148/1/3 5147/1/3
f 5152/1/3 5148/1/3 5151/1/3
f 5153/2/3 5150/2/3 5149/2/3
f 5154/2/3 5150/2/3 5153/2/3
f 5155/1/3 5154/1/3 5153/1/3
f 5156/1/3 5154/1/3 5155/1/3
f 5157/2/3 5152/2/3 5151/2/3
f 5158/2/3 5152/2/3 5157/2/3
f 5159/2/3 5156/2/3 5155/2/3
f 5160/2/3 5156/2/3 5159/2/3
f 5163/2/3 5162/2/3 5161/2/3
f 5164/2/3 5162/2/3 5163/2/3
f 5167/4/3 5164/4/3 5163/4/3
f 5168/4/3 5164/4/3 5167/4/3
f 5169/1/3 5168/1/3 5167/1/3
f 5170/1/3 5168/1/3 5169/1/3
f 5171/2/3 5166/2/3 5165/2/3
f 5172/2/3 5166/2/3 5171/2/3
f 5173/4/3 5172/4/3 5171/4/3
f 5174/4/3 5172/4/3 5173/4/3
f 5175/1/3 5174/1/3 5173/1/3
f 5176/1/3 5174/1/3 5175/1/3
f 5177/2/3 5170/2/3 5169/2/3
f 5178/2/3 5170/2/3 5177/2/3
f 5181/2/3 5176/2/3 5175/2/3
f 5182/2/3 5176/2/3 5181/2/3
f 5183/1/3 5180/1/3 5179/1/3
f 5184/1/3 5180/1/3 5183/1/3
f 5185/1/3 5182/1/3 5181/1/3
f 5186/1/3 5182/1/3 5185/1/3
f 5187/2/3 5184/2/3 5183/2/3
f 5188/2/3 5184/2/3 5187/2/3
f 5189/2/3 5186/2/3 5185/2/3
f 5190/2/3 5186/2/3 5189/2/3
f 5191/4/3 5188/4/3 5187/4/3
f 5192/4/3 5188/4/3 5191/4/3
f 5193/4/3 5190/4/3 5189/4/3
f 5194/4/3 5190/4/3 5193/4/3
f 5195/2/3 5192/2/3 5191/2/3
f 5198/1/3 5194/1/3 5193/1/3
f 5199/1/3 5194/1/3 5198/1/3
f 5200/2/3 5195/2/3 5191/2/3
f 5201/4/3 5196/4/3 5195/4/3
f 5201/2/3 5195/2/3 5200/2/3
f 5202/4/3 5196/4/3 5201/4/3
f 5203/4/3 5198/4/3 5197/4/3
f 5204/2/3 5199/2/3 5198/2/3
f 5204/4/3 5198/4/3 5203/4/3
f 5205/2/3 5199/2/3 5204/2/3
f 5214/3/3 5207/3/3 5206/3/3
f 5215/2/3 5208/2/3 5207/2/3
f 5215/3/3 5207/3/3 5214/3/3
f 5216/2/3 5208/2/3 5215/2/3
f 5217/4/3 5209/4/3 5208/4/3
f 5217/2/3 5208/2/3 5216/2/3
f 5218/4/3 5209/4/3 5217/4/3
f 5221/4/3 5211/4/3 5210/4/3
f 5222/2/3 5212/2/3 5211/2/3
f 5222/4/3 5211/4/3 5221/4/3
f 5223/2/3 5212/2/3 5222/2/3
f 5224/3/3 5213/3/3 5212/3/3
f 5224/2/3 5212/2/3 5223/2/3
f 5225/3/3 5213/3/3 5224/3/3
f 5226/2/3 5215/2/3 5214/2/3
f 5227/2/3 5215/2/3 5226/2/3
f 5228/1/3 5219/1/3 5218/1/3
f 5229/1/3 5219/1/3 5228/1/3
f 5230/1/3 5221/1/3 5220/1/3
f 5231/1/3 5221/1/3 5230/1/3
f 5232/1/3 5225/1/3 5224/1/3
f 5233/1/3 5225/1/3 5232/1/3
f 5234/1/3 5227/1/3 5226/1/3
f 5235/1/3 5227/1/3 5234/1/3
f 5236/4/3 5233/4/3 5232/4/3
f 5237/4/3 5233/4/3 5236/4/3
f 5238/2/3 5235/2/3 5234/2/3
f 5239/2/3 5235/2/3 5238/2/3
f 5240/2/3 5237/2/3 5236/2/3
f 5241/2/3 5237/2/3 5240/2/3
f 5242/4/3 5239/4/3 5238/4/3
f 5243/4/3 5239/4/3 5242/4/3
f 5244/1/3 5241/1/3 5240/1/3
f 5245/1/3 5241/1/3 5244/1/3
f 5246/1/3 5243/1/3 5242/1/3
f 5247/1/3 5243/1/3 5246/1/3
f 5248/2/3 5245/2/3 5244/2/3
f 5249/2/3 5245/2/3 5248/2/3
f 5252/4/3 5247/4/3 5246/4/3
f 5253/4/3 5247/4/3 5252/4/3
f 5254/1/3 5251/1/3 5250/1/3
f 5255/1/3 5251/1/3 5254/1/3
f 5256/2/3 5253/2/3 5252/2/3
f 5257/2/3 5253/2/3 5256/2/3
f 5258/1/3 5257/1/3 5256/1/3
f 5259/1/3 5257/1/3 5258/1/3
f 5260/2/3 5255/2/3 5254/2/3
f 5261/2/3 5255/2/3 5260/2/3
f 5262/4/3 5259/4/3 5258/4/3
f 5263/4/3 5259/4/3 5262/4/3
f 5264/4/3 5261/4/3 5260/4/3
f 5265/4/3 5261/4/3 5264/4/3
f 5266/2/3 5263/2/3 5262/2/3
f 5267/2/3 5263/2/3 5266/2/3
f 5268/1/3 5265/1/3 5264/1/3
f 5269/1/3 5265/1/3 5268/1/3
f 5270/1/3 5267/1/3 5266/1/3
f 5271/1/3 5267/1/3 5270/1/3
f 5273/2/3 5269/2/3 5268/2/3
f 5274/4/3 5272/4/3 5271/4/3
f 5275/4/3 5272/4/3 5274/4/3
f 5276/2/3 5269/2/3 5273/2/3
f 5277/2/3 5269/2/3 5276/2/3
f 5283/2/3 5279/2/3 5278/2/3
f 5284/2/3 5279/2/3 5283/2/3
f 5285/4/3 5281/4/3 5280/4/3
f 5286/4/3 5281/4/3 5285/4/3
f 5288/2/3 5283/2/3 5282/2/3
f 5289/2/3 5283/2/3 5288/2/3
f 5290/1/3 5287/1/3 5286/1/3
f 5291/1/3 5287/1/3 5290/1/3
f 5292/1/3 5289/1/3 5288/1/3
f 5293/1/3 5289/1/3 5292/1/3
f 5294/2/3 5293/2/3 5292/2/3
f 5295/2/3 5293/2/3 5294/2/3
f 5296/2/3 5291/2/3 5290/2/3
f 5297/2/3 5291/2/3 5296/2/3
f 5298/4/3 5295/4/3 5294/4/3
f 5299/4/3 5295/4/3 5298/4/3
f 5300/1/3 5297/1/3 5296/1/3
f 5301/1/3 5297/1/3 5300/1/3
f 5302/1/3 5299/1/3 5298/1/3
f 5303/1/3 5299/1/3 5302/1/3
f 5304/2/3 5301/2/3 5300/2/3
f 5305/2/3 5301/2/3 5304/2/3
f 5306/4/3 5303/4/3 5302/4/3
f 5307/4/3 5303/4/3 5306/4/3
f 5308/4/3 5305/4/3 5304/4/3
f 5309/4/3 5305/4/3 5308/4/3
f 5310/2/3 5307/2/3 5306/2/3
f 5311/2/3 5307/2/3 5310/2/3
f 5312/1/3 5309/1/3 5308/1/3
f 5313/1/3 5309/1/3 5312/1/3
f 5314/1/3 5311/1/3 5310/1/3
f 5315/1/3 5311/1/3 5314/1/3
f 5316/4/3 5313/4/3 5312/4/3
f 5317/4/3 5313/4/3 5316/4/3
f 5318/2/3 5317/2/3 5316/2/3
f 5319/2/3 5317/2/3 5318/2/3
f 5320/2/3 5315/2/3 5314/2/3
f 5321/2/3 5315/2/3 5320/2/3
f 5322/1/3 5319/1/3 5318/1/3
f 5323/1/3 5319/1/3 5322/1/3
f 5324/1/3 5321/1/3 5320/1/3
f 5325/1/3 5321/1/3 5324/1/3
f 5328/2/3 5323/2/3 5322/2/3
f 5329/2/3 5323/2/3 5328/2/3
f 5330/4/3 5326/4/3 5325/4/3
f 5331/4/3 5326/4/3 5330/4/3
f 5332/2/3 5328/2/3 5327/2/3
f 5333/2/3 5328/2/3 5332/2/3
f 5338/2/3 5335/2/3 5334/2/3
f 5339/4/3 5337/4/3 5336/4/3
f 5340/4/3 5337/4/3 5339/4/3
f 5342/2/3 5338/2/3 5334/2/3
f 5343/2/3 5338/2/3 5342/2/3
f 5344/1/3 5341/1/3 5340/1/3
f 5345/1/3 5341/1/3 5344/1/3
f 5346/1/3 5343/1/3 5342/1/3
f 5347/1/3 5343/1/3 5346/1/3
f 5348/2/3 5345/2/3 5344/2/3
f 5349/2/3 5345/2/3 5348/2/3
f 5350/4/3 5347/4/3 5346/4/3
f 5351/4/3 5347/4/3 5350/4/3
f 5352/4/3 5349/4/3 5348/4/3
f 5353/4/3 5349/4/3 5352/4/3
f 5354/1/3 5353/1/3 5352/1/3
f 5355/1/3 5353/1/3 5354/1/3
f 5356/2/3 5351/2/3 5350/2/3
f 5357/2/3 5351/2/3 5356/2/3
f 5358/2/3 5355/2/3 5354/2/3
f 5359/2/3 5355/2/3 5358/2/3
f 5360/1/3 5357/1/3 5356/1/3
f 5361/1/3 5357/1/3 5360/1/3
f 5364/4/3 5359/4/3 5358/4/3
f 5365/4/3 5359/4/3 5364/4/3
f 5366/2/3 5363/2/3 5362/2/3
f 5367/2/3 5363/2/3 5366/2/3
f 5368/1/3 5365/1/3 5364/1/3
f 5369/1/3 5365/1/3 5368/1/3
f 5370/1/3 5367/1/3 5366/1/3
f 5371/1/3 5367/1/3 5370/1/3
f 5372/4/3 5369/4/3 5368/4/3
f 5373/4/3 5369/4/3 5372/4/3
f 5374/2/3 5371/2/3 5370/2/3
f 5375/2/3 5371/2/3 5374/2/3
f 5376/2/3 5373/2/3 5372/2/3
f 5377/2/3 5373/2/3 5376/2/3
f 5378/4/3 5375/4/3 5374/4/3
f 5379/4/3 5375/4/3 5378/4/3
f 5384/1/3 5377/1/3 5376/1/3
f 5385/1/3 5377/1/3 5384/1/3
f 5386/1/3 5379/1/3 5378/1/3
f 5387/1/3 5379/1/3 5386/1/3
f 5390/1/3 5381/1/3 5380/1/3
f 5391/1/3 5381/1/3 5390/1/3
f 5392/1/3 5383/1/3 5382/1/3
f 5393/1/3 5383/1/3 5392/1/3
f 5396/2/3 5385/2/3 5384/2/3
f 5397/2/3 5385/2/3 5396/2/3
f 5398/3/3 5387/3/3 5386/3/3
f 5399/2/3 5389/2/3 5388/2/3
f 5399/3/3 5387/3/3 5398/3/3
f 5399/2/3 5388/2/3 5387/2/3
f 5400/4/3 5390/4/3 5389/4/3
f 5400/2/3 5389/2/3 5399/2/3
f 5401/4/3 5390/4/3 5400/4/3
f 5402/4/3 5394/4/3 5393/4/3
f 5403/2/3 5395/2/3 5394/2/3
f 5403/4/3 5394/4/3 5402/4/3
f 5403/2/3 5396/2/3 5395/2/3
f 5404/3/3 5397/3/3 5396/3/3
f 5404/2/3 5396/2/3 5403/2/3
f 5405/3/3 5397/3/3 5404/3/3
f 5412/1/3 5407/1/3 5406/1/3
f 5413/4/3 5408/4/3 5407/4/3
f 5413/1/3 5407/1/3 5412/1/3
f 5414/2/3 5409/2/3 5408/2/3
f 5414/4/3 5408/4/3 5413/4/3
f 5415/1/3 5410/1/3 5409/1/3
f 5415/2/3 5409/2/3 5414/2/3
f 5416/2/3 5411/2/3 5410/2/3
f 5416/1/3 5410/1/3 5415/1/3
f 5417/2/3 5411/2/3 5416/2/3
f 5424/1/3 5419/1/3 5418/1/3
f 5425/4/3 5420/4/3 5419/4/3
f 5425/1/3 5419/1/3 5424/1/3
f 5426/2/3 5421/2/3 5420/2/3
f 5426/4/3 5420/4/3 5425/4/3
f 5427/1/3 5422/1/3 5421/1/3
f 5427/2/3 5421/2/3 5426/2/3
f 5428/2/3 5423/2/3 5422/2/3
f 5428/1/3 5422/1/3 5427/1/3
f 5429/2/3 5423/2/3 5428/2/3
f 5437/2/3 5431/2/3 5430/2/3
f 5438/4/3 5432/4/3 5431/4/3
f 5438/2/3 5431/2/3 5437/2/3
f 5439/2/3 5433/2/3 5432/2/3
f 5439/4/3 5432/4/3 5438/4/3
f 5440/1/3 5434/1/3 5433/1/3
f 5440/2/3 5433/2/3 5439/2/3
f 5441/2/3 5435/2/3 5434/2/3
f 5441/1/3 5434/1/3 5440/1/3
f 5442/2/3 5435/2/3 5441/2/3
f 5444/4/3 5437/4/3 5436/4/3
f 5445/4/3 5437/4/3 5444/4/3
f 5446/2/3 5443/2/3 5442/2/3
f 5447/2/3 5443/2/3 5446/2/3
f 5452/4/3 5449/4/3 5448/4/3
f 5453/4/3 5449/4/3 5452/4/3
f 5458/2/3 5451/2/3 5450/2/3
f 5459/2/3 5451/2/3 5458/2/3
f 5460/2/3 5454/2/3 5453/2/3
f 5461/4/3 5455/4/3 5454/4/3
f 5461/2/3 5454/2/3 5460/2/3
f 5462/2/3 5456/2/3 5455/2/3
f 5462/4/3 5455/4/3 5461/4/3
f 5463/1/3 5457/1/3 5456/1/3
f 5463/2/3 5456/2/3 5462/2/3
f 5464/2/3 5458/2/3 5457/2/3
f 5464/1/3 5457/1/3 5463/1/3
f 5465/2/3 5458/2/3 5464/2/3
f 5466/4/4 5467/4/4 5470/4/4
f 5470/4/4 5467/4/4 5471/4/4
f 5471/4/4 5467/4/4 5472/4/4
f 5472/4/4 5467/4/4 5473/4/4
f 5468/4/4 5469/4/4 5476/4/4
f 5476/4/4 5469/4/4 5477/4/4
f 5477/4/4 5469/4/4 5478/4/4
f 5478/4/4 5469/4/4 5479/4/4
f 5473/3/4 5474/3/4 5480/3/4
f 5480/3/4 5474/3/4 5481/3/4
f 5475/3/4 5476/3/4 5482/3/4
f 5482/3/4 5476/3/4 5483/3/4
f 5484/3/4 5485/3/4 5491/3/4
f 5491/3/4 5485/3/4 5492/3/4
f 5486/3/4 5487/3/4 5493/3/4
f 5493/3/4 5487/3/4 5494/3/4
f 5489/4/4 5490/4/4 5498/4/4
f 5488/4/4 5489/4/4 5498/4/4
f 5490/4/4 5491/4/4 5498/4/4
f 5498/4/4 5491/4/4 5499/4/4
f 5496/4/4 5497/4/4 5500/4/4
f 5495/4/4 5496/4/4 5500/4/4
f 5494/4/4 5495/4/4 5500/4/4
f 5500/4/4 5497/4/4 5501/4/4
f 5502/2/4 5503/2/4 5510/2/4
f 5503/4/4 5504/4/4 5510/4/4
f 5504/3/4 5505/3/4 5511/3/4
f 5510/4/4 5504/4/4 5511/4/4
f 5511/3/4 5505/3/4 5512/3/4
f 5506/3/4 5507/3/4 5513/3/4
f 5507/4/4 5508/4/4 5514/4/4
f 5513/3/4 5507/3/4 5514/3/4
f 5508/2/4 5509/2/4 5515/2/4
f 5514/4/4 5508/4/4 5515/4/4
f 5515/2/4 5509/2/4 5516/2/4
f 5516/2/4 5509/2/4 5517/2/4
f 5502/2/4 5510/2/4 5518/2/4
f 5518/2/4 5510/2/4 5519/2/4
f 5516/1/4 5517/1/4 5520/1/4
f 5515/2/4 5516/2/4 5520/2/4
f 5520/1/4 5517/1/4 5521/1/4
f 5515/2/4 5520/2/4 5522/2/4
f 5520/2/4 5521/2/4 5522/2/4
f 5522/2/4 5521/2/4 5523/2/4
f 5518/1/4 5519/1/4 5524/1/4
f 5519/2/4 5510/2/4 5525/2/4
f 5524/1/4 5519/1/4 5525/1/4
f 5515/2/4 5522/2/4 5526/2/4
f 5522/4/4 5523/4/4 5526/4/4
f 5526/4/4 5523/4/4 5527/4/4
f 5524/4/4 5525/4/4 5528/4/4
f 5525/2/4 5510/2/4 5529/2/4
f 5528/4/4 5525/4/4 5529/4/4
f 5515/2/4 5526/2/4 5530/2/4
f 5526/1/4 5527/1/4 5531/1/4
f 5530/2/4 5526/2/4 5531/2/4
f 5531/1/4 5527/1/4 5532/1/4
f 5528/2/4 5529/2/4 5533/2/4
f 5529/2/4 5510/2/4 5534/2/4
f 5533/2/4 5529/2/4 5534/2/4
f 5533/1/4 5534/1/4 5537/1/4
f 5534/2/4 5510/2/4 5538/2/4
f 5537/1/4 5534/1/4 5538/1/4
f 5535/2/4 5536/2/4 5539/2/4
f 5539/2/4 5536/2/4 5540/2/4
f 5535/2/4 5539/2/4 5541/2/4
f 5539/4/4 5540/4/4 5541/4/4
f 5541/4/4 5540/4/4 5542/4/4
f 5537/4/4 5538/4/4 5543/4/4
f 5538/2/4 5510/2/4 5544/2/4
f 5543/4/4 5538/4/4 5544/4/4
f 5535/2/4 5541/2/4 5545/2/4
f 5541/1/4 5542/1/4 5545/1/4
f 5545/1/4 5542/1/4 5546/1/4
f 5543/2/4 5544/2/4 5547/2/4
f 5544/2/4 5510/2/4 5548/2/4
f 5547/2/4 5544/2/4 5548/2/4
f 5535/2/4 5545/2/4 5549/2/4
f 5545/4/4 5546/4/4 5549/4/4
f 5549/4/4 5546/4/4 5550/4/4
f 5547/4/4 5548/4/4 5551/4/4
f 5548/2/4 5510/2/4 5552/2/4
f 5551/4/4 5548/4/4 5552/4/4
f 5551/1/4 5552/1/4 5553/1/4
f 5552/2/4 5510/2/4 5554/2/4
f 5553/1/4 5552/1/4 5554/1/4
f 5535/2/4 5549/2/4 5555/2/4
f 5549/2/4 5550/2/4 5555/2/4
f 5555/2/4 5550/2/4 5556/2/4
f 5554/2/4 5510/2/4 5557/2/4
f 5557/2/4 5510/2/4 5558/2/4
f 5535/2/4 5555/2/4 5559/2/4
f 5555/1/4 5556/1/4 5560/1/4
f 5559/2/4 5555/2/4 5560/2/4
f 5560/1/4 5556/1/4 5561/1/4
f 5562/1/4 5563/1/4 5567/1/4
f 5567/1/4 5563/1/4 5568/1/4
f 5564/4/4 5565/4/4 5569/4/4
f 5569/4/4 5565/4/4 5570/4/4
f 5569/2/4 5570/2/4 5572/2/4
f 5570/2/4 5571/2/4 5572/2/4
f 5572/2/4 5571/2/4 5573/2/4
f 5567/2/4 5568/2/4 5574/2/4
f 5566/2/4 5567/2/4 5574/2/4
f 5574/2/4 5568/2/4 5575/2/4
f 5572/1/4 5573/1/4 5576/1/4
f 5569/2/4 5572/2/4 5576/2/4
f 5576/1/4 5573/1/4 5577/1/4
f 5574/4/4 5575/4/4 5578/4/4
f 5575/2/4 5568/2/4 5579/2/4
f 5578/4/4 5575/4/4 5579/4/4
f 5569/2/4 5576/2/4 5580/2/4
f 5576/4/4 5577/4/4 5580/4/4
f 5580/4/4 5577/4/4 5581/4/4
f 5578/1/4 5579/1/4 5582/1/4
f 5579/2/4 5568/2/4 5583/2/4
f 5582/1/4 5579/1/4 5583/1/4
f 5569/2/4 5580/2/4 5584/2/4
f 5580/1/4 5581/1/4 5584/1/4
f 5584/1/4 5581/1/4 5585/1/4
f 5582/2/4 5583/2/4 5586/2/4
f 5583/2/4 5568/2/4 5587/2/4
f 5586/2/4 5583/2/4 5587/2/4
f 5569/2/4 5584/2/4 5588/2/4
f 5584/4/4 5585/4/4 5588/4/4
f 5588/4/4 5585/4/4 5589/4/4
f 5586/4/4 5587/4/4 5590/4/4
f 5587/2/4 5568/2/4 5591/2/4
f 5590/4/4 5587/4/4 5591/4/4
f 5569/2/4 5588/2/4 5592/2/4
f 5588/2/4 5589/2/4 5592/2/4
f 5592/2/4 5589/2/4 5593/2/4
f 5590/1/4 5591/1/4 5594/1/4
f 5591/2/4 5568/2/4 5595/2/4
f 5594/1/4 5591/1/4 5595/1/4
f 5569/2/4 5592/2/4 5596/2/4
f 5592/1/4 5593/1/4 5596/1/4
f 5596/1/4 5593/1/4 5597/1/4
f 5594/4/4 5595/4/4 5598/4/4
f 5595/2/4 5568/2/4 5599/2/4
f 5598/4/4 5595/4/4 5599/4/4
f 5569/2/4 5596/2/4 5600/2/4
f 5596/4/4 5597/4/4 5600/4/4
f 5600/4/4 5597/4/4 5601/4/4
f 5598/1/4 5599/1/4 5602/1/4
f 5599/2/4 5568/2/4 5603/2/4
f 5602/1/4 5599/1/4 5603/1/4
f 5602/2/4 5603/2/4 5604/2/4
f 5603/2/4 5568/2/4 5605/2/4
f 5604/2/4 5603/2/4 5605/2/4
f 5605/2/4 5568/2/4 5606/2/4
f 5569/2/4 5600/2/4 5607/2/4
f 5600/2/4 5601/2/4 5607/2/4
f 5607/2/4 5601/2/4 5608/2/4
f 5608/2/4 5601/2/4 5609/2/4
f 5605/4/4 5606/4/4 5610/4/4
f 5610/4/4 5606/4/4 5611/4/4
f 5607/1/4 5608/1/4 5612/1/4
f 5612/1/4 5608/1/4 5613/1/4
f 5614/1/4 5615/1/4 5619/1/4
f 5615/2/4 5616/2/4 5620/2/4
f 5619/1/4 5615/1/4 5620/1/4
f 5617/2/4 5618/2/4 5621/2/4
f 5617/2/4 5621/2/4 5623/2/4
f 5621/1/4 5622/1/4 5623/1/4
f 5623/1/4 5622/1/4 5624/1/4
f 5619/2/4 5620/2/4 5625/2/4
f 5620/2/4 5616/2/4 5626/2/4
f 5625/2/4 5620/2/4 5626/2/4
f 5617/2/4 5623/2/4 5627/2/4
f 5623/4/4 5624/4/4 5627/4/4
f 5627/4/4 5624/4/4 5628/4/4
f 5625/4/4 5626/4/4 5629/4/4
f 5626/2/4 5616/2/4 5630/2/4
f 5629/4/4 5626/4/4 5630/4/4
f 5617/2/4 5627/2/4 5631/2/4
f 5627/2/4 5628/2/4 5631/2/4
f 5631/2/4 5628/2/4 5632/2/4
f 5629/1/4 5630/1/4 5633/1/4
f 5630/2/4 5616/2/4 5634/2/4
f 5633/1/4 5630/1/4 5634/1/4
f 5633/4/4 5634/4/4 5635/4/4
f 5634/2/4 5616/2/4 5636/2/4
f 5635/4/4 5634/4/4 5636/4/4
f 5617/2/4 5631/2/4 5637/2/4
f 5631/4/4 5632/4/4 5637/4/4
f 5637/4/4 5632/4/4 5638/4/4
f 5635/2/4 5636/2/4 5639/2/4
f 5636/2/4 5616/2/4 5640/2/4
f 5639/2/4 5636/2/4 5640/2/4
f 5617/2/4 5637/2/4 5641/2/4
f 5637/1/4 5638/1/4 5641/1/4
f 5641/1/4 5638/1/4 5642/1/4
f 5617/2/4 5641/2/4 5646/2/4
f 5641/2/4 5642/2/4 5646/2/4
f 5646/2/4 5642/2/4 5647/2/4
f 5643/1/4 5644/1/4 5648/1/4
f 5644/2/4 5645/2/4 5649/2/4
f 5648/1/4 5644/1/4 5649/1/4
f 5617/2/4 5646/2/4 5650/2/4
f 5646/4/4 5647/4/4 5650/4/4
f 5650/4/4 5647/4/4 5651/4/4
f 5648/4/4 5649/4/4 5652/4/4
f 5649/2/4 5645/2/4 5653/2/4
f 5652/4/4 5649/4/4 5653/4/4
f 5652/2/4 5653/2/4 5654/2/4
f 5653/2/4 5645/2/4 5655/2/4
f 5654/2/4 5653/2/4 5655/2/4
f 5617/2/4 5650/2/4 5656/2/4
f 5650/1/4 5651/1/4 5656/1/4
f 5656/1/4 5651/1/4 5657/1/4
f 5654/1/4 5655/1/4 5658/1/4
f 5655/2/4 5645/2/4 5659/2/4
f 5658/1/4 5655/1/4 5659/1/4
f 5659/2/4 5645/2/4 5660/2/4
f 5617/2/4 5656/2/4 5665/2/4
f 5656/2/4 5657/2/4 5665/2/4
f 5658/2/4 5659/2/4 5666/2/4
f 5659/2/4 5660/2/4 5666/2/4
f 5660/4/4 5661/4/4 5667/4/4
f 5666/2/4 5660/2/4 5667/2/4
f 5661/3/4 5662/3/4 5668/3/4
f 5667/4/4 5661/4/4 5668/4/4
f 5668/3/4 5662/3/4 5669/3/4
f 5663/3/4 5664/3/4 5670/3/4
f 5664/4/4 5665/4/4 5671/4/4
f 5670/3/4 5664/3/4 5671/3/4
f 5665/2/4 5657/2/4 5672/2/4
f 5671/4/4 5665/4/4 5672/4/4
f 5672/2/4 5657/2/4 5673/2/4
f 5674/3/4 5675/3/4 5680/3/4
f 5675/1/4 5676/1/4 5681/1/4
f 5680/3/4 5675/3/4 5681/3/4
f 5676/4/4 5677/4/4 5682/4/4
f 5681/1/4 5676/1/4 5682/1/4
f 5682/4/4 5677/4/4 5683/4/4
f 5677/1/4 5678/1/4 5684/1/4
f 5683/4/4 5677/4/4 5684/4/4
f 5684/1/4 5678/1/4 5685/1/4
f 5679/3/4 5680/3/4 5687/3/4
f 5687/3/4 5680/3/4 5688/3/4
f 5685/4/4 5686/4/4 5689/4/4
f 5689/4/4 5686/4/4 5690/4/4
f 5691/3/4 5692/3/4 5695/3/4
f 5695/3/4 5692/3/4 5696/3/4
f 5693/4/4 5694/4/4 5701/4/4
f 5701/4/4 5694/4/4 5702/4/4
f 5696/3/4 5697/3/4 5703/3/4
f 5697/1/4 5698/1/4 5704/1/4
f 5703/3/4 5697/3/4 5704/3/4
f 5699/4/4 5700/4/4 5705/4/4
f 5704/1/4 5698/1/4 5705/1/4
f 5698/4/4 5699/4/4 5705/4/4
f 5700/1/4 5701/1/4 5706/1/4
f 5705/4/4 5700/4/4 5706/4/4
f 5706/1/4 5701/1/4 5707/1/4
f 5708/4/4 5709/4/4 5714/4/4
f 5709/3/4 5710/3/4 5715/3/4
f 5714/4/4 5709/4/4 5715/4/4
f 5710/4/4 5711/4/4 5716/4/4
f 5715/3/4 5710/3/4 5716/3/4
f 5711/2/4 5712/2/4 5717/2/4
f 5716/4/4 5711/4/4 5717/4/4
f 5712/1/4 5713/1/4 5718/1/4
f 5717/2/4 5712/2/4 5718/2/4
f 5718/1/4 5713/1/4 5719/1/4
f 5720/4/4 5721/4/4 5726/4/4
f 5721/3/4 5722/3/4 5727/3/4
f 5726/4/4 5721/4/4 5727/4/4
f 5722/4/4 5723/4/4 5728/4/4
f 5727/3/4 5722/3/4 5728/3/4
f 5723/2/4 5724/2/4 5729/2/4
f 5728/4/4 5723/4/4 5729/4/4
f 5724/1/4 5725/1/4 5730/1/4
f 5729/2/4 5724/2/4 5730/2/4
f 5730/1/4 5725/1/4 5731/1/4
f 5732/4/4 5733/4/4 5740/4/4
f 5733/1/4 5734/1/4 5741/1/4
f 5740/4/4 5733/4/4 5741/4/4
f 5734/3/4 5735/3/4 5742/3/4
f 5741/1/4 5734/1/4 5742/1/4
f 5742/3/4 5735/3/4 5743/3/4
f 5736/3/4 5737/3/4 5746/3/4
f 5737/1/4 5738/1/4 5747/1/4
f 5746/3/4 5737/3/4 5747/3/4
f 5738/4/4 5739/4/4 5748/4/4
f 5747/1/4 5738/1/4 5748/1/4
f 5748/4/4 5739/4/4 5749/4/4
f 5740/2/4 5741/2/4 5750/2/4
f 5741/2/4 5742/2/4 5750/2/4
f 5742/2/4 5743/2/4 5750/2/4
f 5743/3/4 5744/3/4 5751/3/4
f 5750/2/4 5743/2/4 5751/2/4
f 5751/3/4 5744/3/4 5752/3/4
f 5745/3/4 5746/3/4 5753/3/4
f 5746/2/4 5747/2/4 5754/2/4
f 5753/3/4 5746/3/4 5754/3/4
f 5748/2/4 5749/2/4 5754/2/4
f 5747/2/4 5748/2/4 5754/2/4
f 5754/2/4 5749/2/4 5755/2/4
f 5755/2/4 5749/2/4 5756/2/4
f 5756/2/4 5749/2/4 5757/2/4
f 5756/4/4 5757/4/4 5758/4/4
f 5755/2/4 5756/2/4 5758/2/4
f 5758/4/4 5757/4/4 5759/4/4
f 5740/2/4 5750/2/4 5760/2/4
f 5760/2/4 5750/2/4 5761/2/4
f 5755/2/4 5758/2/4 5762/2/4
f 5758/2/4 5759/2/4 5762/2/4
f 5762/2/4 5759/2/4 5763/2/4
f 5760/1/4 5761/1/4 5764/1/4
f 5761/2/4 5750/2/4 5765/2/4
f 5764/1/4 5761/1/4 5765/1/4
f 5755/2/4 5762/2/4 5766/2/4
f 5762/1/4 5763/1/4 5766/1/4
f 5766/1/4 5763/1/4 5767/1/4
f 5764/4/4 5765/4/4 5768/4/4
f 5765/2/4 5750/2/4 5769/2/4
f 5768/4/4 5765/4/4 5769/4/4
f 5755/2/4 5766/2/4 5770/2/4
f 5766/2/4 5767/2/4 5770/2/4
f 5770/2/4 5767/2/4 5771/2/4
f 5768/2/4 5769/2/4 5772/2/4
f 5769/2/4 5750/2/4 5773/2/4
f 5772/2/4 5769/2/4 5773/2/4
f 5755/2/4 5770/2/4 5774/2/4
f 5774/2/4 5770/2/4 5775/2/4
f 5772/1/4 5773/1/4 5776/1/4
f 5773/2/4 5750/2/4 5777/2/4
f 5776/1/4 5773/1/4 5777/1/4
f 5778/2/4 5779/2/4 5780/2/4
f 5778/2/4 5780/2/4 5782/2/4
f 5780/1/4 5781/1/4 5782/1/4
f 5782/1/4 5781/1/4 5783/1/4
f 5776/4/4 5777/4/4 5784/4/4
f 5777/2/4 5750/2/4 5785/2/4
f 5784/4/4 5777/4/4 5785/4/4
f 5784/2/4 5785/2/4 5786/2/4
f 5785/2/4 5750/2/4 5787/2/4
f 5786/2/4 5785/2/4 5787/2/4
f 5778/2/4 5782/2/4 5788/2/4
f 5782/2/4 5783/2/4 5788/2/4
f 5788/2/4 5783/2/4 5789/2/4
f 5786/4/4 5787/4/4 5790/4/4
f 5787/2/4 5750/2/4 5791/2/4
f 5790/4/4 5787/4/4 5791/4/4
f 5778/2/4 5788/2/4 5792/2/4
f 5788/1/4 5789/1/4 5792/1/4
f 5792/1/4 5789/1/4 5793/1/4
f 5790/1/4 5791/1/4 5794/1/4
f 5791/2/4 5750/2/4 5795/2/4
f 5794/1/4 5791/1/4 5795/1/4
f 5778/2/4 5792/2/4 5796/2/4
f 5792/2/4 5793/2/4 5796/2/4
f 5796/2/4 5793/2/4 5797/2/4
f 5795/2/4 5750/2/4 5798/2/4
f 5798/2/4 5750/2/4 5799/2/4
f 5796/1/4 5797/1/4 5802/1/4
f 5778/2/4 5796/2/4 5802/2/4
f 5802/1/4 5797/1/4 5803/1/4
f 5800/2/4 5801/2/4 5805/2/4
f 5778/2/4 5802/2/4 5806/2/4
f 5802/2/4 5803/2/4 5806/2/4
f 5806/2/4 5803/2/4 5807/2/4
f 5804/2/4 5805/2/4 5808/2/4
f 5805/2/4 5801/2/4 5809/2/4
f 5808/2/4 5805/2/4 5809/2/4
f 5778/2/4 5806/2/4 5810/2/4
f 5810/2/4 5806/2/4 5811/2/4
f 5808/1/4 5809/1/4 5814/1/4
f 5809/2/4 5801/2/4 5815/2/4
f 5814/1/4 5809/1/4 5815/1/4
f 5812/2/4 5813/2/4 5816/2/4
f 5814/2/4 5815/2/4 5818/2/4
f 5815/2/4 5801/2/4 5819/2/4
f 5818/2/4 5815/2/4 5819/2/4
f 5812/2/4 5816/2/4 5820/2/4
f 5816/1/4 5817/1/4 5820/1/4
f 5820/1/4 5817/1/4 5821/1/4
f 5818/1/4 5819/1/4 5822/1/4
f 5819/2/4 5801/2/4 5823/2/4
f 5822/1/4 5819/1/4 5823/1/4
f 5812/2/4 5820/2/4 5824/2/4
f 5820/4/4 5821/4/4 5824/4/4
f 5824/4/4 5821/4/4 5825/4/4
f 5812/2/4 5824/2/4 5826/2/4
f 5824/2/4 5825/2/4 5826/2/4
f 5826/2/4 5825/2/4 5827/2/4
f 5822/2/4 5823/2/4 5828/2/4
f 5823/2/4 5801/2/4 5829/2/4
f 5828/2/4 5823/2/4 5829/2/4
f 5828/1/4 5829/1/4 5830/1/4
f 5829/2/4 5801/2/4 5831/2/4
f 5830/1/4 5829/1/4 5831/1/4
f 5831/2/4 5801/2/4 5832/2/4
f 5832/2/4 5801/2/4 5833/2/4
f 5812/2/4 5826/2/4 5834/2/4
f 5826/4/4 5827/4/4 5834/4/4
f 5834/4/4 5827/4/4 5835/4/4
f 5812/2/4 5834/2/4 5838/2/4
f 5834/1/4 5835/1/4 5838/1/4
f 5838/1/4 5835/1/4 5839/1/4
f 5836/2/4 5837/2/4 5841/2/4
f 5812/2/4 5838/2/4 5842/2/4
f 5838/2/4 5839/2/4 5842/2/4
f 5842/2/4 5839/2/4 5843/2/4
f 5840/2/4 5841/2/4 5844/2/4
f 5841/2/4 5837/2/4 5845/2/4
f 5844/2/4 5841/2/4 5845/2/4
f 5812/2/4 5842/2/4 5846/2/4
f 5842/4/4 5843/4/4 5846/4/4
f 5846/4/4 5843/4/4 5847/4/4
f 5844/1/4 5845/1/4 5848/1/4
f 5845/2/4 5837/2/4 5849/2/4
f 5848/1/4 5845/1/4 5849/1/4
f 5812/2/4 5846/2/4 5850/2/4
f 5846/1/4 5847/1/4 5850/1/4
f 5850/1/4 5847/1/4 5851/1/4
f 5848/2/4 5849/2/4 5852/2/4
f 5849/2/4 5837/2/4 5853/2/4
f 5852/2/4 5849/2/4 5853/2/4
f 5852/4/4 5853/4/4 5854/4/4
f 5853/2/4 5837/2/4 5855/2/4
f 5854/4/4 5853/4/4 5855/4/4
f 5855/2/4 5837/2/4 5856/2/4
f 5812/2/4 5850/2/4 5861/2/4
f 5850/2/4 5851/2/4 5861/2/4
f 5854/2/4 5855/2/4 5862/2/4
f 5855/2/4 5856/2/4 5862/2/4
f 5856/2/4 5857/2/4 5862/2/4
f 5862/2/4 5857/2/4 5863/2/4
f 5863/2/4 5857/2/4 5864/2/4
f 5857/3/4 5858/3/4 5865/3/4
f 5864/2/4 5857/2/4 5865/2/4
f 5865/3/4 5858/3/4 5866/3/4
f 5859/3/4 5860/3/4 5867/3/4
f 5860/2/4 5861/2/4 5868/2/4
f 5867/3/4 5860/3/4 5868/3/4
f 5868/2/4 5861/2/4 5869/2/4
f 5861/2/4 5851/2/4 5870/2/4
f 5869/2/4 5861/2/4 5870/2/4
f 5870/2/4 5851/2/4 5871/2/4
f 5862/4/4 5863/4/4 5872/4/4
f 5863/1/4 5864/1/4 5873/1/4
f 5872/4/4 5863/4/4 5873/4/4
f 5864/3/4 5865/3/4 5874/3/4
f 5873/1/4 5864/1/4 5874/1/4
f 5874/3/4 5865/3/4 5875/3/4
f 5868/3/4 5869/3/4 5876/3/4
f 5869/1/4 5870/1/4 5877/1/4
f 5876/3/4 5869/3/4 5877/3/4
f 5870/4/4 5871/4/4 5878/4/4
f 5877/1/4 5870/1/4 5878/1/4
f 5878/4/4 5871/4/4 5879/4/4
f 5880/3/4 5881/3/4 5886/3/4
f 5881/1/4 5882/1/4 5887/1/4
f 5886/3/4 5881/3/4 5887/3/4
f 5882/4/4 5883/4/4 5888/4/4
f 5887/1/4 5882/1/4 5888/1/4
f 5883/1/4 5884/1/4 5889/1/4
f 5888/4/4 5883/4/4 5889/4/4
f 5889/1/4 5884/1/4 5890/1/4
f 5885/3/4 5886/3/4 5892/3/4
f 5887/2/4 5888/2/4 5893/2/4
f 5892/3/4 5886/3/4 5893/3/4
f 5886/2/4 5887/2/4 5893/2/4
f 5889/2/4 5890/2/4 5893/2/4
f 5888/2/4 5889/2/4 5893/2/4
f 5890/4/4 5891/4/4 5894/4/4
f 5893/2/4 5890/2/4 5894/2/4
f 5894/4/4 5891/4/4 5895/4/4
f 5896/3/4 5897/3/4 5900/3/4
f 5897/2/4 5898/2/4 5901/2/4
f 5900/3/4 5897/3/4 5901/3/4
f 5901/2/4 5898/2/4 5902/2/4
f 5902/2/4 5898/2/4 5903/2/4
f 5903/2/4 5898/2/4 5904/2/4
f 5898/4/4 5899/4/4 5905/4/4
f 5904/2/4 5898/2/4 5905/2/4
f 5905/4/4 5899/4/4 5906/4/4
f 5901/3/4 5902/3/4 5907/3/4
f 5902/1/4 5903/1/4 5908/1/4
f 5907/3/4 5902/3/4 5908/3/4
f 5903/4/4 5904/4/4 5909/4/4
f 5908/1/4 5903/1/4 5909/1/4
f 5904/1/4 5905/1/4 5910/1/4
f 5909/4/4 5904/4/4 5910/4/4
f 5910/1/4 5905/1/4 5911/1/4
f 5912/3/4 5913/3/4 5920/3/4
f 5913/1/4 5914/1/4 5921/1/4
f 5920/3/4 5913/3/4 5921/3/4
f 5914/3/4 5915/3/4 5922/3/4
f 5921/1/4 5914/1/4 5922/1/4
f 5922/3/4 5915/3/4 5923/3/4
f 5916/3/4 5917/3/4 5926/3/4
f 5917/1/4 5918/1/4 5927/1/4
f 5926/3/4 5917/3/4 5927/3/4
f 5927/1/4 5918/1/4 5928/1/4
f 5918/3/4 5919/3/4 5929/3/4
f 5928/1/4 5918/1/4 5929/1/4
f 5929/3/4 5919/3/4 5930/3/4
f 5923/3/4 5924/3/4 5931/3/4
f 5931/3/4 5924/3/4 5932/3/4
f 5925/3/4 5926/3/4 5933/3/4
f 5933/3/4 5926/3/4 5934/3/4
f 5929/2/4 5930/2/4 5935/2/4
f 5935/2/4 5930/2/4 5936/2/4
f 5920/1/4 5921/1/4 5937/1/4
f 5937/1/4 5921/1/4 5938/1/4
f 5937/4/4 5938/4/4 5939/4/4
f 5939/4/4 5938/4/4 5940/4/4
f 5935/1/4 5936/1/4 5941/1/4
f 5939/1/4 5940/1/4 5942/1/4
f 5942/1/4 5940/1/4 5943/1/4
f 5942/2/4 5943/2/4 5944/2/4
f 5944/2/4 5943/2/4 5945/2/4
f 5944/1/4 5945/1/4 5946/1/4
f 5941/1/4 5936/1/4 5947/1/4
f 5944/1/4 5946/1/4 5948/1/4
f 5948/1/4 5946/1/4 5949/1/4
f 5947/1/4 5936/1/4 5950/1/4
f 5948/2/4 5949/2/4 5951/2/4
f 5951/2/4 5949/2/4 5952/2/4
f 5950/1/4 5936/1/4 5953/1/4
f 5953/1/4 5936/1/4 5956/1/4
f 5956/1/4 5936/1/4 5957/1/4
f 5954/2/4 5955/2/4 5959/2/4
f 5959/2/4 5955/2/4 5960/2/4
f 5956/2/4 5957/2/4 5961/2/4
f 5961/2/4 5957/2/4 5962/2/4
f 5958/2/4 5959/2/4 5963/2/4
f 5963/2/4 5959/2/4 5964/2/4
f 5963/4/4 5964/4/4 5965/4/4
f 5965/4/4 5964/4/4 5966/4/4
f 5961/1/4 5962/1/4 5967/1/4
f 5965/1/4 5966/1/4 5968/1/4
f 5967/1/4 5962/1/4 5969/1/4
f 5969/1/4 5962/1/4 5970/1/4
f 5969/4/4 5970/4/4 5971/4/4
f 5971/4/4 5970/4/4 5972/4/4
f 5965/1/4 5968/1/4 5973/1/4
f 5971/1/4 5972/1/4 5974/1/4
f 5974/1/4 5972/1/4 5975/1/4
f 5965/1/4 5973/1/4 5976/1/4
f 5974/2/4 5975/2/4 5977/2/4
f 5977/2/4 5975/2/4 5979/2/4
f 5979/2/4 5975/2/4 5980/2/4
f 5978/2/4 5979/2/4 5981/2/4
f 5981/2/4 5979/2/4 5982/2/4
f 5965/1/4 5976/1/4 5983/1/4
f 5965/1/4 5983/1/4 5986/1/4
f 5986/1/4 5983/1/4 5987/1/4
f 5984/2/4 5985/2/4 5989/2/4
f 5989/2/4 5985/2/4 5990/2/4
f 5987/2/4 5988/2/4 5992/2/4
f 5992/2/4 5988/2/4 5993/2/4
f 5990/1/4 5991/1/4 5994/1/4
f 5995/2/4 5996/2/4 5998/2/4
f 5998/2/4 5996/2/4 5999/2/4
f 5997/2/4 5998/2/4 6000/2/4
f 5994/1/4 5991/1/4 6001/1/4
f 5997/2/4 6000/2/4 6002/2/4
f 6002/2/4 6000/2/4 6003/2/4
f 6001/1/4 5991/1/4 6004/1/4
f 6002/1/4 6003/1/4 6005/1/4
f 6005/1/4 6003/1/4 6006/1/4
f 6005/4/4 6006/4/4 6007/4/4
f 6007/4/4 6006/4/4 6008/4/4
f 6004/1/4 5991/1/4 6009/1/4
f 6007/1/4 6008/1/4 6010/1/4
f 6009/1/4 5991/1/4 6011/1/4
f 6011/1/4 5991/1/4 6012/1/4
f 6011/4/4 6012/4/4 6013/4/4
f 6013/4/4 6012/4/4 6014/4/4
f 6007/1/4 6010/1/4 6015/1/4
f 6015/1/4 6010/1/4 6016/1/4
f 6013/2/4 6014/2/4 6018/2/4
f 6018/2/4 6014/2/4 6019/2/4
f 6015/2/4 6016/2/4 6020/2/4
f 6020/2/4 6016/2/4 6021/2/4
f 6017/2/4 6018/2/4 6022/2/4
f 6022/2/4 6018/2/4 6023/2/4
f 6020/1/4 6021/1/4 6024/1/4
f 6020/1/4 6024/1/4 6027/1/4
f 6025/2/4 6026/2/4 6028/2/4
f 6028/2/4 6026/2/4 6029/2/4
f 6020/1/4 6027/1/4 6030/1/4
f 6028/1/4 6029/1/4 6031/1/4
f 6031/1/4 6029/1/4 6032/1/4
f 6032/1/4 6029/1/4 6033/1/4
f 6032/2/4 6033/2/4 6034/2/4
f 6034/2/4 6033/2/4 6035/2/4
f 6020/1/4 6030/1/4 6036/1/4
f 6034/1/4 6035/1/4 6037/1/4
f 6037/1/4 6035/1/4 6038/1/4
f 6037/4/4 6038/4/4 6039/4/4
f 6039/4/4 6038/4/4 6040/4/4
f 6020/1/4 6036/1/4 6041/1/4
f 6041/1/4 6036/1/4 6042/1/4
f 6041/2/4 6042/2/4 6047/2/4
f 6047/2/4 6042/2/4 6048/2/4
f 6043/3/4 6044/3/4 6051/3/4
f 6051/3/4 6044/3/4 6052/3/4
f 6045/3/4 6046/3/4 6053/3/4
f 6053/3/4 6046/3/4 6054/3/4
f 6039/1/4 6040/1/4 6056/1/4
f 6056/1/4 6040/1/4 6057/1/4
f 6047/3/4 6048/3/4 6058/3/4
f 6049/1/4 6050/1/4 6059/1/4
f 6058/3/4 6048/3/4 6059/3/4
f 6048/1/4 6049/1/4 6059/1/4
f 6050/3/4 6051/3/4 6060/3/4
f 6059/1/4 6050/1/4 6060/1/4
f 6060/3/4 6051/3/4 6061/3/4
f 6054/3/4 6055/3/4 6062/3/4
f 6055/1/4 6056/1/4 6063/1/4
f 6062/3/4 6055/3/4 6063/3/4
f 6056/3/4 6057/3/4 6064/3/4
f 6063/1/4 6056/1/4 6064/1/4
f 6064/3/4 6057/3/4 6065/3/4
f 6066/2/4 6067/2/4 6073/2/4
f 6067/4/4 6068/4/4 6074/4/4
f 6073/2/4 6067/2/4 6074/2/4
f 6074/4/4 6068/4/4 6075/4/4
f 6069/4/4 6070/4/4 6076/4/4
f 6070/2/4 6071/2/4 6077/2/4
f 6076/4/4 6070/4/4 6077/4/4
f 6071/1/4 6072/1/4 6078/1/4
f 6077/2/4 6071/2/4 6078/2/4
f 6078/1/4 6072/1/4 6079/1/4
f 6078/4/4 6079/4/4 6080/4/4
f 6080/4/4 6079/4/4 6081/4/4
f 6066/2/4 6073/2/4 6082/2/4
f 6082/2/4 6073/2/4 6083/2/4
f 6082/4/4 6083/4/4 6084/4/4
f 6084/4/4 6083/4/4 6085/4/4
f 6084/2/4 6085/2/4 6086/2/4
f 6086/2/4 6085/2/4 6087/2/4
f 6080/2/4 6081/2/4 6088/2/4
f 6088/2/4 6081/2/4 6089/2/4
f 6086/4/4 6087/4/4 6090/4/4
f 6090/4/4 6087/4/4 6091/4/4
f 6088/1/4 6089/1/4 6092/1/4
f 6092/1/4 6089/1/4 6093/1/4
f 6090/1/4 6091/1/4 6094/1/4
f 6094/1/4 6091/1/4 6095/1/4
f 6092/4/4 6093/4/4 6096/4/4
f 6096/4/4 6093/4/4 6097/4/4
f 6098/2/4 6099/2/4 6100/2/4
f 6100/2/4 6099/2/4 6101/2/4
f 6096/2/4 6097/2/4 6102/2/4
f 6102/2/4 6097/2/4 6103/2/4
f 6100/1/4 6101/1/4 6104/1/4
f 6104/1/4 6101/1/4 6105/1/4
f 6102/1/4 6103/1/4 6106/1/4
f 6106/1/4 6103/1/4 6107/1/4
f 6104/2/4 6105/2/4 6108/2/4
f 6108/2/4 6105/2/4 6109/2/4
f 6108/4/4 6109/4/4 6110/4/4
f 6110/4/4 6109/4/4 6111/4/4
f 6106/2/4 6107/2/4 6112/2/4
f 6112/2/4 6107/2/4 6113/2/4
f 6112/4/4 6113/4/4 6114/4/4
f 6114/4/4 6113/4/4 6115/4/4
f 6110/2/4 6111/2/4 6116/2/4
f 6116/2/4 6111/2/4 6117/2/4
f 6116/4/4 6117/4/4 6118/4/4
f 6118/4/4 6117/4/4 6119/4/4
f 6120/4/4 6121/4/4 6122/4/4
f 6122/4/4 6121/4/4 6123/4/4
f 6124/4/4 6125/4/4 6126/4/4
f 6126/4/4 6125/4/4 6127/4/4
f 6122/2/4 6123/2/4 6128/2/4
f 6128/2/4 6123/2/4 6129/2/4
f 6128/4/4 6129/4/4 6130/4/4
f 6130/4/4 6129/4/4 6131/4/4
f 6126/2/4 6127/2/4 6132/2/4
f 6132/2/4 6127/2/4 6133/2/4
f 6130/2/4 6131/2/4 6134/2/4
f 6134/2/4 6131/2/4 6135/2/4
f 6132/1/4 6133/1/4 6136/1/4
f 6136/1/4 6133/1/4 6137/1/4
f 6134/1/4 6135/1/4 6138/1/4
f 6138/1/4 6135/1/4 6139/1/4
f 6138/2/4 6139/2/4 6140/2/4
f 6140/2/4 6139/2/4 6141/2/4
f 6136/2/4 6137/2/4 6142/2/4
f 6142/2/4 6137/2/4 6143/2/4
f 6142/4/4 6143/4/4 6146/4/4
f 6146/4/4 6143/4/4 6147/4/4
f 6144/1/4 6145/1/4 6148/1/4
f 6148/1/4 6145/1/4 6149/1/4
f 6146/1/4 6147/1/4 6150/1/4
f 6150/1/4 6147/1/4 6151/1/4
f 6148/4/4 6149/4/4 6152/4/4
f 6152/4/4 6149/4/4 6153/4/4
f 6152/2/4 6153/2/4 6154/2/4
f 6154/2/4 6153/2/4 6155/2/4
f 6154/4/4 6155/4/4 6156/4/4
f 6156/4/4 6155/4/4 6157/4/4
f 6150/2/4 6151/2/4 6158/2/4
f 6158/2/4 6151/2/4 6159/2/4
f 6158/4/4 6159/4/4 6160/4/4
f 6160/4/4 6159/4/4 6161/4/4
f 6156/2/4 6157/2/4 6166/2/4
f 6160/1/4 6161/1/4 6167/1/4
f 6161/2/4 6162/2/4 6168/2/4
f 6167/1/4 6161/1/4 6168/1/4
f 6162/4/4 6163/4/4 6169/4/4
f 6168/2/4 6162/2/4 6169/2/4
f 6169/4/4 6163/4/4 6170/4/4
f 6164/4/4 6165/4/4 6171/4/4
f 6165/2/4 6166/2/4 6172/2/4
f 6171/4/4 6165/4/4 6172/4/4
f 6166/2/4 6157/2/4 6173/2/4
f 6172/2/4 6166/2/4 6173/2/4
f 6174/3/4 6175/3/4 6181/3/4
f 6175/1/4 6176/1/4 6182/1/4
f 6181/3/4 6175/3/4 6182/3/4
f 6176/3/4 6177/3/4 6183/3/4
f 6182/1/4 6176/1/4 6183/1/4
f 6177/4/4 6178/4/4 6184/4/4
f 6183/3/4 6177/3/4 6184/3/4
f 6178/2/4 6179/2/4 6185/2/4
f 6184/4/4 6178/4/4 6185/4/4
f 6185/2/4 6179/2/4 6186/2/4
f 6180/3/4 6181/3/4 6188/3/4
f 6188/3/4 6181/3/4 6189/3/4
f 6186/2/4 6187/2/4 6190/2/4
f 6190/2/4 6187/2/4 6191/2/4
f 6192/3/4 6193/3/4 6196/3/4
f 6196/3/4 6193/3/4 6197/3/4
f 6194/2/4 6195/2/4 6202/2/4
f 6202/2/4 6195/2/4 6203/2/4
f 6197/3/4 6198/3/4 6204/3/4
f 6198/1/4 6199/1/4 6205/1/4
f 6204/3/4 6198/3/4 6205/3/4
f 6199/3/4 6200/3/4 6206/3/4
f 6205/1/4 6199/1/4 6206/1/4
f 6200/4/4 6201/4/4 6207/4/4
f 6206/3/4 6200/3/4 6207/3/4
f 6201/2/4 6202/2/4 6208/2/4
f 6207/4/4 6201/4/4 6208/4/4
f 6208/2/4 6202/2/4 6209/2/4
f 6210/3/4 6211/3/4 6216/3/4
f 6211/2/4 6212/2/4 6217/2/4
f 6216/3/4 6211/3/4 6217/3/4
f 6212/1/4 6213/1/4 6218/1/4
f 6217/2/4 6212/2/4 6218/2/4
f 6213/3/4 6214/3/4 6219/3/4
f 6218/1/4 6213/1/4 6219/1/4
f 6214/1/4 6215/1/4 6220/1/4
f 6219/3/4 6214/3/4 6220/3/4
f 6220/1/4 6215/1/4 6221/1/4
f 6222/3/4 6223/3/4 6228/3/4
f 6223/2/4 6224/2/4 6229/2/4
f 6228/3/4 6223/3/4 6229/3/4
f 6224/1/4 6225/1/4 6230/1/4
f 6229/2/4 6224/2/4 6230/2/4
f 6225/3/4 6226/3/4 6231/3/4
f 6230/1/4 6225/1/4 6231/1/4
f 6226/1/4 6227/1/4 6232/1/4
f 6231/3/4 6226/3/4 6232/3/4
f 6232/1/4 6227/1/4 6233/1/4
f 6234/3/4 6235/3/4 6238/3/4
f 6238/3/4 6235/3/4 6239/3/4
f 6236/3/4 6237/3/4 6240/3/4
f 6240/3/4 6237/3/4 6241/3/4
f 6238/3/4 6239/3/4 6242/3/4
f 6240/3/4 6241/3/4 6243/3/4
f 6243/3/4 6241/3/4 6244/3/4
f 6238/3/4 6242/3/4 6246/3/4
f 6244/3/4 6245/3/4 6247/3/4
f 6246/3/4 6242/3/4 6250/3/4
f 6243/3/4 6244/3/4 6251/3/4
f 6248/3/4 6249/3/4 6251/3/4
f 6244/3/4 6247/3/4 6251/3/4
f 6247/3/4 6248/3/4 6251/3/4
f 6251/3/4 6249/3/4 6252/3/4
f 6252/3/4 6249/3/4 6253/3/4
f 6253/3/4 6249/3/4 6254/3/4
f 6250/3/4 6242/3/4 6255/3/4
f 6255/3/4 6242/3/4 6256/3/4
f 6251/3/4 6252/3/4 6257/3/4
f 6255/3/4 6256/3/4 6258/3/4
f 6257/3/4 6252/3/4 6259/3/4
f 6257/3/4 6259/3/4 6260/3/4
f 6258/3/4 6256/3/4 6261/3/4
f 6261/3/4 6256/3/4 6262/3/4
f 6257/3/4 6260/3/4 6265/3/4
f 6265/3/4 6260/3/4 6266/3/4
f 6262/3/4 6263/3/4 6268/3/4
f 6261/3/4 6262/3/4 6268/3/4
f 6268/3/4 6263/3/4 6269/3/4
f 6265/3/4 6266/3/4 6274/3/4
f 6264/3/4 6265/3/4 6274/3/4
f 6274/3/4 6266/3/4 6275/3/4
f 6272/3/4 6273/3/4 6277/3/4
f 6271/3/4 6272/3/4 6277/3/4
f 6274/3/4 6275/3/4 6277/3/4
f 6273/3/4 6274/3/4 6277/3/4
f 6267/3/4 6268/3/4 6277/3/4
f 6270/3/4 6271/3/4 6277/3/4
f 6269/3/4 6270/3/4 6277/3/4
f 6268/3/4 6269/3/4 6277/3/4
f 6277/3/4 6275/3/4 6278/3/4
f 6278/3/4 6275/3/4 6279/3/4
f 6279/3/4 6275/3/4 6280/3/4
f 6280/3/4 6275/3/4 6281/3/4
f 6277/3/4 6278/3/4 6284/3/4
f 6276/3/4 6277/3/4 6284/3/4
f 6284/3/4 6278/3/4 6285/3/4
f 6285/3/4 6278/3/4 6286/3/4
f 6286/3/4 6278/3/4 6287/3/4
f 6280/3/4 6281/3/4 6288/3/4
f 6282/3/4 6283/3/4 6288/3/4
f 6281/3/4 6282/3/4 6288/3/4
f 6288/3/4 6283/3/4 6289/3/4
f 6286/3/4 6287/3/4 6290/3/4
f 6290/3/4 6287/3/4 6291/3/4
f 6291/3/4 6287/3/4 6292/3/4
f 6280/3/4 6288/3/4 6293/3/4
f 6293/3/4 6288/3/4 6294/3/4
f 6294/3/4 6288/3/4 6295/3/4
f 6291/3/4 6292/3/4 6296/3/4
f 6293/3/4 6294/3/4 6297/3/4
f 6296/3/4 6292/3/4 6298/3/4
f 6297/3/4 6294/3/4 6299/3/4
f 6299/3/4 6294/3/4 6300/3/4
f 6298/3/4 6292/3/4 6301/3/4
f 6301/3/4 6292/3/4 6302/3/4
f 6299/3/4 6300/3/4 6303/3/4
f 6301/3/4 6302/3/4 6304/3/4
f 6303/3/4 6300/3/4 6305/3/4
f 6304/3/4 6302/3/4 6306/3/4
f 6303/3/4 6305/3/4 6309/3/4
f 6307/3/4 6308/3/4 6310/3/4
f 6308/3/4 6309/3/4 6310/3/4
f 6304/3/4 6306/3/4 6310/3/4
f 6306/3/4 6307/3/4 6310/3/4
f 6310/3/4 6309/3/4 6311/3/4
f 6311/3/4 6309/3/4 6312/3/4
f 6312/3/4 6309/3/4 6313/3/4
f 6313/3/4 6309/3/4 6314/3/4
f 6314/3/4 6309/3/4 6315/3/4
f 6309/3/4 6305/3/4 6316/3/4
f 6315/3/4 6309/3/4 6316/3/4
f 6310/3/4 6311/3/4 6317/3/4
f 6317/3/4 6311/3/4 6318/3/4
f 6315/3/4 6316/3/4 6319/3/4
f 6319/3/4 6316/3/4 6320/3/4
f 6320/3/4 6316/3/4 6321/3/4
f 6310/3/4 6317/3/4 6322/3/4
f 6322/3/4 6317/3/4 6323/3/4
f 6320/3/4 6321/3/4 6324/3/4
f 6324/3/4 6321/3/4 6325/3/4
f 6322/3/4 6323/3/4 6326/3/4
f 6324/3/4 6325/3/4 6327/3/4
f 6327/3/4 6325/3/4 6328/3/4
f 6327/3/4 6328/3/4 6329/3/4
f 6322/3/4 6326/3/4 6331/3/4
f 6331/3/4 6326/3/4 6332/3/4
f 6329/3/4 6328/3/4 6333/3/4
f 6333/3/4 6328/3/4 6334/3/4
f 6330/3/4 6331/3/4 6337/3/4
f 6331/3/4 6332/3/4 6337/3/4
f 6337/3/4 6332/3/4 6338/3/4
f 6333/3/4 6334/3/4 6339/3/4
f 6334/3/4 6335/3/4 6339/3/4
f 6337/3/4 6338/3/4 6342/3/4
f 6336/3/4 6337/3/4 6342/3/4
f 6342/3/4 6338/3/4 6343/3/4
f 6343/3/4 6338/3/4 6344/3/4
f 6333/3/4 6339/3/4 6345/3/4
f 6340/3/4 6341/3/4 6345/3/4
f 6339/3/4 6340/3/4 6345/3/4
f 6345/3/4 6341/3/4 6346/3/4
f 6346/3/4 6341/3/4 6347/3/4
f 6344/3/4 6338/3/4 6348/3/4
f 6348/3/4 6338/3/4 6349/3/4
f 6345/3/4 6346/3/4 6350/3/4
f 6350/3/4 6346/3/4 6351/3/4
f 6351/3/4 6346/3/4 6352/3/4
f 6348/3/4 6349/3/4 6353/3/4
f 6350/3/4 6351/3/4 6354/3/4
f 6353/3/4 6349/3/4 6355/3/4
f 6355/3/4 6349/3/4 6356/3/4
f 6350/3/4 6354/3/4 6357/3/4
f 6355/3/4 6356/3/4 6358/3/4
f 6357/3/4 6354/3/4 6359/3/4
f 6359/3/4 6354/3/4 6360/3/4
f 6358/3/4 6356/3/4 6361/3/4
f 6358/3/4 6361/3/4 6362/3/4
f 6359/3/4 6360/3/4 6363/3/4
f 6358/3/4 6362/3/4 6366/3/4
f 6366/3/4 6362/3/4 6367/3/4
f 6359/3/4 6363/3/4 6370/3/4
f 6370/3/4 6363/3/4 6371/3/4
f 6364/3/4 6365/3/4 6372/3/4
f 6367/3/4 6368/3/4 6372/3/4
f 6365/3/4 6366/3/4 6372/3/4
f 6366/3/4 6367/3/4 6372/3/4
f 6372/3/4 6368/3/4 6373/3/4
f 6373/3/4 6368/3/4 6374/3/4
f 6374/3/4 6368/3/4 6375/3/4
f 6370/3/4 6371/3/4 6380/3/4
f 6369/3/4 6370/3/4 6380/3/4
f 6380/3/4 6371/3/4 6381/3/4
f 6378/3/4 6379/3/4 6382/3/4
f 6377/3/4 6378/3/4 6382/3/4
f 6380/3/4 6381/3/4 6382/3/4
f 6379/3/4 6380/3/4 6382/3/4
f 6376/3/4 6377/3/4 6382/3/4
f 6375/3/4 6376/3/4 6382/3/4
f 6374/3/4 6375/3/4 6382/3/4
f 6382/3/4 6381/3/4 6383/3/4
f 6383/3/4 6381/3/4 6384/3/4
f 6384/3/4 6381/3/4 6385/3/4
f 6385/3/4 6381/3/4 6386/3/4
f 6386/3/4 6381/3/4 6387/3/4
f 6387/3/4 6381/3/4 6388/3/4
f 6388/3/4 6381/3/4 6389/3/4
f 6383/3/4 6384/3/4 6390/3/4
f 6390/3/4 6384/3/4 6391/3/4
f 6389/3/4 6381/3/4 6392/3/4
f 6392/3/4 6381/3/4 6393/3/4
f 6383/3/4 6390/3/4 6394/3/4
f 6393/3/4 6381/3/4 6395/3/4
f 6394/3/4 6390/3/4 6396/3/4
f 6396/3/4 6390/3/4 6397/3/4
f 6393/3/4 6395/3/4 6398/3/4
f 6398/3/4 6395/3/4 6399/3/4
f 6400/1/4 6401/1/4 6414/1/4
f 6414/1/4 6401/1/4 6415/1/4
f 6401/4/4 6402/4/4 6416/4/4
f 6415/1/4 6401/1/4 6416/1/4
f 6402/3/4 6403/3/4 6417/3/4
f 6416/4/4 6402/4/4 6417/4/4
f 6417/3/4 6403/3/4 6418/3/4
f 6404/1/4 6405/1/4 6421/1/4
f 6405/3/4 6406/3/4 6422/3/4
f 6421/1/4 6405/1/4 6422/1/4
f 6406/4/4 6407/4/4 6423/4/4
f 6422/3/4 6406/3/4 6423/3/4
f 6423/4/4 6407/4/4 6424/4/4
f 6407/3/4 6408/3/4 6425/3/4
f 6424/4/4 6407/4/4 6425/4/4
f 6408/1/4 6409/1/4 6426/1/4
f 6425/3/4 6408/3/4 6426/3/4
f 6426/1/4 6409/1/4 6427/1/4
f 6410/3/4 6411/3/4 6430/3/4
f 6411/4/4 6412/4/4 6431/4/4
f 6430/3/4 6411/3/4 6431/3/4
f 6412/1/4 6413/1/4 6432/1/4
f 6431/4/4 6412/4/4 6432/4/4
f 6432/1/4 6413/1/4 6433/1/4
f 6433/1/4 6413/1/4 6434/1/4
f 6418/3/4 6419/3/4 6435/3/4
f 6420/3/4 6421/3/4 6436/3/4
f 6436/3/4 6421/3/4 6437/3/4
f 6427/2/4 6428/2/4 6438/2/4
f 6438/2/4 6428/2/4 6439/2/4
f 6429/3/4 6430/3/4 6440/3/4
f 6440/3/4 6430/3/4 6441/3/4
f 6435/3/4 6419/3/4 6442/3/4
f 6442/3/4 6419/3/4 6443/3/4
f 6436/4/4 6437/4/4 6444/4/4
f 6444/4/4 6437/4/4 6445/4/4
f 6438/1/4 6439/1/4 6446/1/4
f 6446/1/4 6439/1/4 6447/1/4
f 6440/1/4 6441/1/4 6448/1/4
f 6448/1/4 6441/1/4 6449/1/4
f 6442/4/4 6443/4/4 6450/4/4
f 6444/3/4 6445/3/4 6451/3/4
f 6451/3/4 6445/3/4 6452/3/4
f 6446/4/4 6447/4/4 6453/4/4
f 6453/4/4 6447/4/4 6454/4/4
f 6448/3/4 6449/3/4 6455/3/4
f 6451/4/4 6452/4/4 6456/4/4
f 6448/3/4 6455/3/4 6457/3/4
f 6457/3/4 6455/3/4 6458/3/4
f 6450/4/4 6443/4/4 6462/4/4
f 6462/4/4 6443/4/4 6463/4/4
f 6458/3/4 6459/3/4 6464/3/4
f 6459/4/4 6460/4/4 6465/4/4
f 6464/3/4 6459/3/4 6465/3/4
f 6460/2/4 6461/2/4 6466/2/4
f 6465/4/4 6460/4/4 6466/4/4
f 6466/2/4 6461/2/4 6467/2/4
f 6462/3/4 6463/3/4 6468/3/4
f 6468/3/4 6463/3/4 6469/3/4
f 6453/2/4 6454/2/4 6470/2/4
f 6470/2/4 6454/2/4 6471/2/4
f 6468/4/4 6469/4/4 6474/4/4
f 6474/4/4 6469/4/4 6475/4/4
f 6451/4/4 6456/4/4 6476/4/4
f 6470/1/4 6471/1/4 6477/1/4
f 6472/4/4 6473/4/4 6478/4/4
f 6451/4/4 6476/4/4 6479/4/4
f 6479/4/4 6476/4/4 6480/4/4
f 6477/1/4 6471/1/4 6481/1/4
f 6481/1/4 6471/1/4 6482/1/4
f 6472/4/4 6478/4/4 6483/4/4
f 6474/1/4 6475/1/4 6484/1/4
f 6484/1/4 6475/1/4 6485/1/4
f 6481/4/4 6482/4/4 6486/4/4
f 6472/4/4 6483/4/4 6487/4/4
f 6487/4/4 6483/4/4 6488/4/4
f 6484/3/4 6485/3/4 6489/3/4
f 6479/3/4 6480/3/4 6490/3/4
f 6486/4/4 6482/4/4 6491/4/4
f 6487/3/4 6488/3/4 6492/3/4
f 6492/3/4 6488/3/4 6493/3/4
f 6489/3/4 6485/3/4 6494/3/4
f 6494/3/4 6485/3/4 6495/3/4
f 6479/3/4 6490/3/4 6496/3/4
f 6496/3/4 6490/3/4 6497/3/4
f 6491/4/4 6482/4/4 6502/4/4
f 6502/4/4 6482/4/4 6503/4/4
f 6492/4/4 6493/4/4 6504/4/4
f 6504/4/4 6493/4/4 6505/4/4
f 6494/1/4 6495/1/4 6508/1/4
f 6508/1/4 6495/1/4 6509/1/4
f 6497/4/4 6498/4/4 6510/4/4
f 6498/3/4 6499/3/4 6511/3/4
f 6510/4/4 6498/4/4 6511/4/4
f 6499/4/4 6500/4/4 6512/4/4
f 6511/3/4 6499/3/4 6512/3/4
f 6500/2/4 6501/2/4 6513/2/4
f 6512/4/4 6500/4/4 6513/4/4
f 6501/1/4 6502/1/4 6514/1/4
f 6513/2/4 6501/2/4 6514/2/4
f 6514/1/4 6502/1/4 6515/1/4
f 6504/1/4 6505/1/4 6516/1/4
f 6516/1/4 6505/1/4 6517/1/4
f 6506/4/4 6507/4/4 6518/4/4
f 6507/4/4 6508/4/4 6518/4/4
f 6518/4/4 6508/4/4 6519/4/4
f 6516/3/4 6517/3/4 6524/3/4
f 6524/3/4 6517/3/4 6525/3/4
f 6520/4/4 6521/4/4 6530/4/4
f 6530/4/4 6521/4/4 6531/4/4
f 6522/2/4 6523/2/4 6532/2/4
f 6526/1/4 6527/1/4 6535/1/4
f 6527/2/4 6528/2/4 6536/2/4
f 6535/1/4 6527/1/4 6536/1/4
f 6528/4/4 6529/4/4 6537/4/4
f 6536/2/4 6528/2/4 6537/2/4
f 6537/4/4 6529/4/4 6538/4/4
f 6530/3/4 6531/3/4 6540/3/4
f 6540/3/4 6531/3/4 6541/3/4
f 6532/2/4 6523/2/4 6542/2/4
f 6542/2/4 6523/2/4 6543/2/4
f 6533/4/4 6534/4/4 6545/4/4
f 6545/4/4 6534/4/4 6546/4/4
f 6546/4/4 6534/4/4 6547/4/4
f 6538/3/4 6539/3/4 6548/3/4
f 6542/1/4 6543/1/4 6549/1/4
f 6548/3/4 6539/3/4 6550/3/4
f 6550/3/4 6539/3/4 6551/3/4
f 6549/1/4 6543/1/4 6552/1/4
f 6552/1/4 6543/1/4 6553/1/4
f 6544/4/4 6545/4/4 6554/4/4
f 6550/4/4 6551/4/4 6555/4/4
f 6555/4/4 6551/4/4 6556/4/4
f 6552/2/4 6553/2/4 6557/2/4
f 6557/2/4 6553/2/4 6558/2/4
f 6544/4/4 6554/4/4 6559/4/4
f 6559/4/4 6554/4/4 6560/4/4
f 6555/1/4 6556/1/4 6561/1/4
f 6561/1/4 6556/1/4 6562/1/4
f 6540/4/4 6541/4/4 6563/4/4
f 6563/4/4 6541/4/4 6564/4/4
f 6557/1/4 6558/1/4 6565/1/4
f 6565/1/4 6558/1/4 6566/1/4
f 6559/3/4 6560/3/4 6567/3/4
f 6561/3/4 6562/3/4 6568/3/4
f 6568/3/4 6562/3/4 6569/3/4
f 6563/3/4 6564/3/4 6570/3/4
f 6559/3/4 6567/3/4 6571/3/4
f 6571/3/4 6567/3/4 6572/3/4
f 6568/4/4 6569/4/4 6573/4/4
f 6563/3/4 6570/3/4 6574/3/4
f 6574/3/4 6570/3/4 6575/3/4
f 6565/4/4 6566/4/4 6576/4/4
f 6576/4/4 6566/4/4 6577/4/4
f 6571/4/4 6572/4/4 6578/4/4
f 6573/4/4 6569/4/4 6579/4/4
f 6579/4/4 6569/4/4 6580/4/4
f 6571/4/4 6578/4/4 6586/4/4
f 6586/4/4 6578/4/4 6587/4/4
f 6579/3/4 6580/3/4 6588/3/4
f 6581/4/4 6582/4/4 6590/4/4
f 6582/2/4 6583/2/4 6591/2/4
f 6590/4/4 6582/4/4 6591/4/4
f 6591/2/4 6583/2/4 6592/2/4
f 6583/3/4 6584/3/4 6593/3/4
f 6592/2/4 6583/2/4 6593/2/4
f 6584/4/4 6585/4/4 6594/4/4
f 6593/3/4 6584/3/4 6594/3/4
f 6594/4/4 6585/4/4 6595/4/4
f 6595/4/4 6585/4/4 6596/4/4
f 6586/3/4 6587/3/4 6598/3/4
f 6598/3/4 6587/3/4 6599/3/4
f 6588/3/4 6580/3/4 6600/3/4
f 6600/3/4 6580/3/4 6601/3/4
f 6589/1/4 6590/1/4 6602/1/4
f 6602/1/4 6590/1/4 6603/1/4
f 6596/2/4 6597/2/4 6604/2/4
f 6604/2/4 6597/2/4 6605/2/4
f 6598/1/4 6599/1/4 6606/1/4
f 6606/1/4 6599/1/4 6607/1/4
f 6600/4/4 6601/4/4 6608/4/4
f 6602/3/4 6603/3/4 6609/3/4
f 6609/3/4 6603/3/4 6610/3/4
f 6604/1/4 6605/1/4 6611/1/4
f 6611/1/4 6605/1/4 6612/1/4
f 6606/4/4 6607/4/4 6613/4/4
f 6613/4/4 6607/4/4 6614/4/4
f 6611/4/4 6612/4/4 6615/4/4
f 6615/4/4 6612/4/4 6616/4/4
f 6613/3/4 6614/3/4 6617/3/4
f 6608/4/4 6601/4/4 6620/4/4
f 6620/4/4 6601/4/4 6621/4/4
f 6609/1/4 6610/1/4 6622/1/4
f 6622/1/4 6610/1/4 6623/1/4
f 6615/2/4 6616/2/4 6624/2/4
f 6624/2/4 6616/2/4 6625/2/4
f 6613/3/4 6617/3/4 6626/3/4
f 6626/3/4 6617/3/4 6627/3/4
f 6619/4/4 6620/4/4 6631/4/4
f 6618/4/4 6619/4/4 6631/4/4
f 6631/4/4 6620/4/4 6632/4/4
f 6622/3/4 6623/3/4 6633/3/4
f 6633/3/4 6623/3/4 6634/3/4
f 6624/1/4 6625/1/4 6635/1/4
f 6627/4/4 6628/4/4 6636/4/4
f 6628/2/4 6629/2/4 6637/2/4
f 6636/4/4 6628/4/4 6637/4/4
f 6629/1/4 6630/1/4 6638/1/4
f 6637/2/4 6629/2/4 6638/2/4
f 6638/1/4 6630/1/4 6639/1/4
f 6635/1/4 6625/1/4 6642/1/4
f 6642/1/4 6625/1/4 6643/1/4
f 6640/3/4 6641/3/4 6646/3/4
f 6646/3/4 6641/3/4 6647/3/4
f 6633/4/4 6634/4/4 6648/4/4
f 6648/4/4 6634/4/4 6649/4/4
f 6642/4/4 6643/4/4 6650/4/4
f 6650/4/4 6643/4/4 6651/4/4
f 6644/4/4 6645/4/4 6653/4/4
f 6653/4/4 6645/4/4 6654/4/4
f 6654/4/4 6645/4/4 6655/4/4
f 6646/1/4 6647/1/4 6656/1/4
f 6656/1/4 6647/1/4 6657/1/4
f 6648/3/4 6649/3/4 6658/3/4
f 6652/1/4 6653/1/4 6659/1/4
f 6659/1/4 6653/1/4 6660/1/4
f 6656/4/4 6657/4/4 6661/4/4
f 6661/4/4 6657/4/4 6662/4/4
f 6648/3/4 6658/3/4 6663/3/4
f 6663/3/4 6658/3/4 6664/3/4
f 6650/2/4 6651/2/4 6665/2/4
f 6665/2/4 6651/2/4 6666/2/4
f 6659/3/4 6660/3/4 6667/3/4
f 6661/3/4 6662/3/4 6668/3/4
f 6668/3/4 6662/3/4 6669/3/4
f 6665/1/4 6666/1/4 6670/1/4
f 6670/1/4 6666/1/4 6671/1/4
f 6659/3/4 6667/3/4 6672/3/4
f 6672/3/4 6667/3/4 6673/3/4
f 6668/4/4 6669/4/4 6674/4/4
f 6663/4/4 6664/4/4 6675/4/4
f 6675/4/4 6664/4/4 6676/4/4
f 6674/4/4 6669/4/4 6677/4/4
f 6675/1/4 6676/1/4 6678/1/4
f 6678/1/4 6676/1/4 6679/1/4
f 6672/1/4 6673/1/4 6680/1/4
f 6680/1/4 6673/1/4 6681/1/4
f 6677/4/4 6669/4/4 6682/4/4
f 6682/4/4 6669/4/4 6683/4/4
f 6678/3/4 6679/3/4 6684/3/4
f 6684/3/4 6679/3/4 6685/3/4
f 6670/2/4 6671/2/4 6690/2/4
f 6690/2/4 6671/2/4 6691/2/4
f 6680/4/4 6681/4/4 6692/4/4
f 6692/4/4 6681/4/4 6693/4/4
f 6685/3/4 6686/3/4 6698/3/4
f 6686/2/4 6687/2/4 6699/2/4
f 6698/3/4 6686/3/4 6699/3/4
f 6687/1/4 6688/1/4 6700/1/4
f 6699/2/4 6687/2/4 6700/2/4
f 6688/3/4 6689/3/4 6701/3/4
f 6700/1/4 6688/1/4 6701/1/4
f 6689/1/4 6690/1/4 6702/1/4
f 6701/3/4 6689/3/4 6702/3/4
f 6702/1/4 6690/1/4 6703/1/4
f 6692/3/4 6693/3/4 6704/3/4
f 6704/3/4 6693/3/4 6705/3/4
f 6694/2/4 6695/2/4 6706/2/4
f 6695/4/4 6696/4/4 6707/4/4
f 6706/2/4 6695/2/4 6707/2/4
f 6696/3/4 6697/3/4 6708/3/4
f 6707/4/4 6696/4/4 6708/4/4
f 6708/3/4 6697/3/4 6709/3/4
f 6709/3/4 6710/3/4 6717/3/4
f 6711/1/4 6712/1/4 6719/1/4
f 6712/4/4 6713/4/4 6720/4/4
f 6719/1/4 6712/1/4 6720/1/4
f 6713/2/4 6714/2/4 6721/2/4
f 6720/4/4 6713/4/4 6721/4/4
f 6714/1/4 6715/1/4 6722/1/4
f 6721/2/4 6714/2/4 6722/2/4
f 6715/2/4 6716/2/4 6723/2/4
f 6722/1/4 6715/1/4 6723/1/4
f 6723/2/4 6716/2/4 6724/2/4
f 6704/4/4 6705/4/4 6726/4/4
f 6717/3/4 6710/3/4 6727/3/4
f 6727/3/4 6710/3/4 6728/3/4
f 6704/4/4 6726/4/4 6729/4/4
f 6729/4/4 6726/4/4 6730/4/4
f 6727/1/4 6728/1/4 6731/1/4
f 6731/1/4 6728/1/4 6732/1/4
f 6718/4/4 6719/4/4 6733/4/4
f 6733/4/4 6719/4/4 6734/4/4
f 6724/2/4 6725/2/4 6735/2/4
f 6729/3/4 6730/3/4 6736/3/4
f 6731/3/4 6732/3/4 6741/3/4
f 6741/3/4 6732/3/4 6742/3/4
f 6733/3/4 6734/3/4 6743/3/4
f 6743/3/4 6734/3/4 6744/3/4
f 6735/2/4 6725/2/4 6750/2/4
f 6750/2/4 6725/2/4 6751/2/4
f 6729/3/4 6736/3/4 6752/3/4
f 6752/3/4 6736/3/4 6753/3/4
f 6737/1/4 6738/1/4 6758/1/4
f 6738/1/4 6739/1/4 6758/1/4
f 6739/4/4 6740/4/4 6759/4/4
f 6758/1/4 6739/1/4 6759/1/4
f 6740/3/4 6741/3/4 6760/3/4
f 6759/4/4 6740/4/4 6760/4/4
f 6760/3/4 6741/3/4 6761/3/4
f 6744/1/4 6745/1/4 6762/1/4
f 6745/3/4 6746/3/4 6763/3/4
f 6762/1/4 6745/1/4 6763/1/4
f 6747/4/4 6748/4/4 6764/4/4
f 6763/3/4 6746/3/4 6764/3/4
f 6746/4/4 6747/4/4 6764/4/4
f 6748/3/4 6749/3/4 6765/3/4
f 6764/4/4 6748/4/4 6765/4/4
f 6749/1/4 6750/1/4 6766/1/4
f 6765/3/4 6749/3/4 6766/3/4
f 6766/1/4 6750/1/4 6767/1/4
f 6753/3/4 6754/3/4 6768/3/4
f 6754/4/4 6755/4/4 6769/4/4
f 6768/3/4 6754/3/4 6769/3/4
f 6755/1/4 6756/1/4 6770/1/4
f 6769/4/4 6755/4/4 6770/4/4
f 6756/1/4 6757/1/4 6770/1/4
f 6770/1/4 6757/1/4 6771/1/4
f 6772/3/4 6773/3/4 6789/3/4
f 6773/1/4 6774/1/4 6790/1/4
f 6789/3/4 6773/3/4 6790/3/4
f 6774/3/4 6775/3/4 6791/3/4
f 6790/1/4 6774/1/4 6791/1/4
f 6775/4/4 6776/4/4 6792/4/4
f 6791/3/4 6775/3/4 6792/3/4
f 6792/4/4 6776/4/4 6793/4/4
f 6777/4/4 6778/4/4 6794/4/4
f 6778/3/4 6779/3/4 6795/3/4
f 6794/4/4 6778/4/4 6795/4/4
f 6779/4/4 6780/4/4 6796/4/4
f 6795/3/4 6779/3/4 6796/3/4
f 6780/2/4 6781/2/4 6797/2/4
f 6796/4/4 6780/4/4 6797/4/4
f 6781/3/4 6782/3/4 6798/3/4
f 6797/2/4 6781/2/4 6798/2/4
f 6782/4/4 6783/4/4 6799/4/4
f 6798/3/4 6782/3/4 6799/3/4
f 6799/4/4 6783/4/4 6800/4/4
f 6784/4/4 6785/4/4 6801/4/4
f 6785/3/4 6786/3/4 6801/3/4
f 6786/1/4 6787/1/4 6802/1/4
f 6801/3/4 6786/3/4 6802/3/4
f 6787/3/4 6788/3/4 6803/3/4
f 6802/1/4 6787/1/4 6803/1/4
f 6803/3/4 6788/3/4 6804/3/4
f 6794/2/4 6795/2/4 6805/2/4
f 6795/4/4 6796/4/4 6806/4/4
f 6805/2/4 6795/2/4 6806/2/4
f 6796/4/4 6797/4/4 6806/4/4
f 6806/4/4 6797/4/4 6807/4/4
f 6797/3/4 6798/3/4 6808/3/4
f 6807/4/4 6797/4/4 6808/4/4
f 6798/3/4 6799/3/4 6808/3/4
f 6808/3/4 6799/3/4 6809/3/4
f 6799/1/4 6800/1/4 6810/1/4
f 6809/3/4 6799/3/4 6810/3/4
f 6810/1/4 6800/1/4 6811/1/4
f 6784/4/4 6801/4/4 6812/4/4
f 6801/2/4 6802/2/4 6813/2/4
f 6812/4/4 6801/4/4 6813/4/4
f 6803/2/4 6804/2/4 6813/2/4
f 6802/2/4 6803/2/4 6813/2/4
f 6813/2/4 6804/2/4 6814/2/4
f 6789/2/4 6790/2/4 6815/2/4
f 6790/4/4 6791/4/4 6816/4/4
f 6815/2/4 6790/2/4 6816/2/4
f 6791/4/4 6792/4/4 6816/4/4
f 6816/4/4 6792/4/4 6817/4/4
f 6792/1/4 6793/1/4 6818/1/4
f 6817/4/4 6792/4/4 6818/4/4
f 6818/1/4 6793/1/4 6819/1/4
f 6805/3/4 6806/3/4 6820/3/4
f 6806/4/4 6807/4/4 6821/4/4
f 6820/3/4 6806/3/4 6821/3/4
f 6809/3/4 6810/3/4 6822/3/4
f 6808/2/4 6809/2/4 6822/2/4
f 6807/2/4 6808/2/4 6822/2/4
f 6810/4/4 6811/4/4 6823/4/4
f 6822/3/4 6810/3/4 6823/3/4
f 6823/4/4 6811/4/4 6824/4/4
f 6812/3/4 6813/3/4 6825/3/4
f 6813/1/4 6814/1/4 6826/1/4
f 6825/3/4 6813/3/4 6826/3/4
f 6826/1/4 6814/1/4 6827/1/4
f 6816/4/4 6817/4/4 6828/4/4
f 6815/4/4 6816/4/4 6828/4/4
f 6818/3/4 6819/3/4 6829/3/4
f 6828/4/4 6817/4/4 6829/4/4
f 6817/3/4 6818/3/4 6829/3/4
f 6829/3/4 6819/3/4 6830/3/4
f 6820/4/4 6821/4/4 6831/4/4
f 6821/4/4 6807/4/4 6832/4/4
f 6831/4/4 6821/4/4 6832/4/4
f 6807/2/4 6822/2/4 6832/2/4
f 6825/4/4 6826/4/4 6833/4/4
f 6826/4/4 6827/4/4 6833/4/4
f 6833/4/4 6827/4/4 6834/4/4
f 6815/4/4 6828/4/4 6835/4/4
f 6829/1/4 6830/1/4 6836/1/4
f 6835/4/4 6828/4/4 6836/4/4
f 6828/1/4 6829/1/4 6836/1/4
f 6830/3/4 6819/3/4 6837/3/4
f 6836/1/4 6830/1/4 6837/1/4
f 6837/3/4 6819/3/4 6838/3/4
f 6832/2/4 6822/2/4 6839/2/4
f 6831/2/4 6832/2/4 6839/2/4
f 6822/1/4 6823/1/4 6839/1/4
f 6823/2/4 6824/2/4 6840/2/4
f 6839/1/4 6823/1/4 6840/1/4
f 6835/1/4 6836/1/4 6841/1/4
f 6836/2/4 6837/2/4 6842/2/4
f 6841/1/4 6836/1/4 6842/1/4
f 6837/4/4 6838/4/4 6843/4/4
f 6842/2/4 6837/2/4 6843/2/4
f 6843/4/4 6838/4/4 6844/4/4
f 6831/2/4 6839/2/4 6845/2/4
f 6839/3/4 6840/3/4 6846/3/4
f 6845/2/4 6839/2/4 6846/2/4
f 6840/2/4 6824/2/4 6847/2/4
f 6846/3/4 6840/3/4 6847/3/4
f 6847/2/4 6824/2/4 6848/2/4
f 6841/2/4 6842/2/4 6854/2/4
f 6843/2/4 6844/2/4 6854/2/4
f 6842/2/4 6843/2/4 6854/2/4
f 6854/2/4 6844/2/4 6855/2/4
f 6831/2/4 6845/2/4 6856/2/4
f 6845/1/4 6846/1/4 6857/1/4
f 6856/2/4 6845/2/4 6857/2/4
f 6857/1/4 6846/1/4 6858/1/4
f 6858/1/4 6846/1/4 6859/1/4
f 6846/4/4 6847/4/4 6860/4/4
f 6847/1/4 6848/1/4 6860/1/4
f 6860/1/4 6848/1/4 6861/1/4
f 6849/2/4 6850/2/4 6862/2/4
f 6850/1/4 6851/1/4 6863/1/4
f 6862/2/4 6850/2/4 6863/2/4
f 6851/4/4 6852/4/4 6864/4/4
f 6863/1/4 6851/1/4 6864/1/4
f 6852/2/4 6853/2/4 6865/2/4
f 6864/4/4 6852/4/4 6865/4/4
f 6865/2/4 6853/2/4 6866/2/4
f 6841/2/4 6854/2/4 6867/2/4
f 6867/2/4 6854/2/4 6868/2/4
f 6868/2/4 6854/2/4 6869/2/4
f 6854/4/4 6855/4/4 6870/4/4
f 6869/2/4 6854/2/4 6870/2/4
f 6856/1/4 6857/1/4 6871/1/4
f 6857/4/4 6858/4/4 6872/4/4
f 6871/1/4 6857/1/4 6872/1/4
f 6858/2/4 6859/2/4 6873/2/4
f 6872/4/4 6858/4/4 6873/4/4
f 6859/1/4 6846/1/4 6874/1/4
f 6873/2/4 6859/2/4 6874/2/4
f 6846/4/4 6860/4/4 6875/4/4
f 6874/1/4 6846/1/4 6875/1/4
f 6860/2/4 6861/2/4 6876/2/4
f 6875/4/4 6860/4/4 6876/4/4
f 6876/2/4 6861/2/4 6877/2/4
f 6863/4/4 6864/4/4 6878/4/4
f 6862/4/4 6863/4/4 6878/4/4
f 6864/3/4 6865/3/4 6879/3/4
f 6878/4/4 6864/4/4 6879/4/4
f 6865/4/4 6866/4/4 6880/4/4
f 6879/3/4 6865/3/4 6880/3/4
f 6880/4/4 6866/4/4 6881/4/4
f 6867/4/4 6868/4/4 6882/4/4
f 6868/2/4 6869/2/4 6883/2/4
f 6882/4/4 6868/4/4 6883/4/4
f 6869/4/4 6870/4/4 6884/4/4
f 6883/2/4 6869/2/4 6884/2/4
f 6872/2/4 6873/2/4 6885/2/4
f 6871/4/4 6872/4/4 6885/4/4
f 6873/4/4 6874/4/4 6886/4/4
f 6885/2/4 6873/2/4 6886/2/4
f 6874/3/4 6875/3/4 6887/3/4
f 6886/4/4 6874/4/4 6887/4/4
f 6876/1/4 6877/1/4 6888/1/4
f 6887/3/4 6875/3/4 6888/3/4
f 6875/1/4 6876/1/4 6888/1/4
f 6888/1/4 6877/1/4 6889/1/4
f 6889/1/4 6877/1/4 6890/1/4
f 6878/2/4 6879/2/4 6891/2/4
f 6891/2/4 6879/2/4 6892/2/4
f 6880/1/4 6881/1/4 6893/1/4
f 6892/2/4 6879/2/4 6893/2/4
f 6879/1/4 6880/1/4 6893/1/4
f 6893/1/4 6881/1/4 6894/1/4
f 6894/1/4 6881/1/4 6895/1/4
f 6883/4/4 6884/4/4 6896/4/4
f 6882/3/4 6883/3/4 6896/3/4
f 6884/4/4 6870/4/4 6897/4/4
f 6896/4/4 6884/4/4 6897/4/4
f 6870/4/4 6855/4/4 6897/4/4
f 6897/4/4 6855/4/4 6898/4/4
f 6885/4/4 6886/4/4 6899/4/4
f 6871/4/4 6885/4/4 6899/4/4
f 6899/4/4 6886/4/4 6900/4/4
f 6886/3/4 6887/3/4 6901/3/4
f 6900/4/4 6886/4/4 6901/4/4
f 6887/4/4 6888/4/4 6902/4/4
f 6901/3/4 6887/3/4 6902/3/4
f 6888/4/4 6889/4/4 6902/4/4
f 6889/3/4 6890/3/4 6903/3/4
f 6902/4/4 6889/4/4 6903/4/4
f 6903/3/4 6890/3/4 6904/3/4
f 6891/3/4 6892/3/4 6905/3/4
f 6893/4/4 6894/4/4 6906/4/4
f 6905/3/4 6892/3/4 6906/3/4
f 6892/4/4 6893/4/4 6906/4/4
f 6906/4/4 6894/4/4 6907/4/4
f 6894/2/4 6895/2/4 6908/2/4
f 6907/4/4 6894/4/4 6908/4/4
f 6882/3/4 6896/3/4 6909/3/4
f 6896/1/4 6897/1/4 6909/1/4
f 6897/3/4 6898/3/4 6910/3/4
f 6909/1/4 6897/1/4 6910/1/4
f 6910/3/4 6898/3/4 6911/3/4
f 6899/3/4 6900/3/4 6912/3/4
f 6900/1/4 6901/1/4 6913/1/4
f 6912/3/4 6900/3/4 6913/3/4
f 6901/4/4 6902/4/4 6914/4/4
f 6913/1/4 6901/1/4 6914/1/4
f 6902/4/4 6903/4/4 6914/4/4
f 6903/1/4 6904/1/4 6915/1/4
f 6914/4/4 6903/4/4 6915/4/4
f 6915/1/4 6904/1/4 6916/1/4
f 6905/2/4 6906/2/4 6917/2/4
f 6906/1/4 6907/1/4 6918/1/4
f 6917/2/4 6906/2/4 6918/2/4
f 6907/2/4 6908/2/4 6919/2/4
f 6918/1/4 6907/1/4 6919/1/4
f 6882/3/4 6909/3/4 6920/3/4
f 6909/2/4 6910/2/4 6921/2/4
f 6920/3/4 6909/3/4 6921/3/4
f 6910/4/4 6911/4/4 6922/4/4
f 6921/2/4 6910/2/4 6922/2/4
f 6922/4/4 6911/4/4 6923/4/4
f 6918/4/4 6919/4/4 6924/4/4
f 6917/4/4 6918/4/4 6924/4/4
f 6924/4/4 6919/4/4 6925/4/4
f 6919/2/4 6908/2/4 6926/2/4
f 6925/4/4 6919/4/4 6926/4/4
f 6908/2/4 6895/2/4 6927/2/4
f 6926/2/4 6908/2/4 6927/2/4
f 6927/2/4 6895/2/4 6928/2/4
f 6924/3/4 6925/3/4 6935/3/4
f 6925/1/4 6926/1/4 6936/1/4
f 6935/3/4 6925/3/4 6936/3/4
f 6926/1/4 6927/1/4 6936/1/4
f 6927/4/4 6928/4/4 6937/4/4
f 6936/1/4 6927/1/4 6937/1/4
f 6937/4/4 6928/4/4 6938/4/4
f 6929/2/4 6930/2/4 6939/2/4
f 6930/4/4 6931/4/4 6940/4/4
f 6939/2/4 6930/2/4 6940/2/4
f 6931/2/4 6932/2/4 6941/2/4
f 6940/4/4 6931/4/4 6941/4/4
f 6932/1/4 6933/1/4 6942/1/4
f 6941/2/4 6932/2/4 6942/2/4
f 6933/2/4 6934/2/4 6943/2/4
f 6942/1/4 6933/1/4 6943/1/4
f 6943/2/4 6934/2/4 6944/2/4
f 6939/1/4 6940/1/4 6949/1/4
f 6940/3/4 6941/3/4 6950/3/4
f 6949/1/4 6940/1/4 6950/1/4
f 6941/4/4 6942/4/4 6951/4/4
f 6950/3/4 6941/3/4 6951/3/4
f 6951/4/4 6942/4/4 6952/4/4
f 6942/3/4 6943/3/4 6953/3/4
f 6952/4/4 6942/4/4 6953/4/4
f 6943/1/4 6944/1/4 6954/1/4
f 6953/3/4 6943/3/4 6954/3/4
f 6954/1/4 6944/1/4 6955/1/4
f 6945/3/4 6946/3/4 6959/3/4
f 6946/1/4 6947/1/4 6960/1/4
f 6959/3/4 6946/3/4 6960/3/4
f 6947/3/4 6948/3/4 6961/3/4
f 6960/1/4 6947/1/4 6961/1/4
f 6961/3/4 6948/3/4 6962/3/4
f 6949/2/4 6950/2/4 6963/2/4
f 6950/1/4 6951/1/4 6963/1/4
f 6951/2/4 6952/2/4 6964/2/4
f 6963/1/4 6951/1/4 6964/1/4
f 6952/1/4 6953/1/4 6965/1/4
f 6964/2/4 6952/2/4 6965/2/4
f 6953/4/4 6954/4/4 6966/4/4
f 6965/1/4 6953/1/4 6966/1/4
f 6954/2/4 6955/2/4 6967/2/4
f 6966/4/4 6954/4/4 6967/4/4
f 6967/2/4 6955/2/4 6968/2/4
f 6949/2/4 6963/2/4 6969/2/4
f 6963/4/4 6964/4/4 6969/4/4
f 6964/4/4 6965/4/4 6969/4/4
f 6965/3/4 6966/3/4 6970/3/4
f 6969/4/4 6965/4/4 6970/4/4
f 6966/3/4 6967/3/4 6970/3/4
f 6970/3/4 6967/3/4 6971/3/4
f 6967/1/4 6968/1/4 6972/1/4
f 6971/3/4 6967/3/4 6972/3/4
f 6972/1/4 6968/1/4 6973/1/4
f 6956/4/4 6957/4/4 6974/4/4
f 6957/2/4 6958/2/4 6975/2/4
f 6974/4/4 6957/4/4 6975/4/4
f 6959/2/4 6960/2/4 6976/2/4
f 6960/2/4 6961/2/4 6976/2/4
f 6976/2/4 6961/2/4 6977/2/4
f 6977/2/4 6961/2/4 6978/2/4
f 6961/4/4 6962/4/4 6979/4/4
f 6978/2/4 6961/2/4 6979/2/4
f 6970/2/4 6971/2/4 6980/2/4
f 6949/2/4 6969/2/4 6980/2/4
f 6969/2/4 6970/2/4 6980/2/4
f 6971/1/4 6972/1/4 6981/1/4
f 6980/2/4 6971/2/4 6981/2/4
f 6972/2/4 6973/2/4 6982/2/4
f 6981/1/4 6972/1/4 6982/1/4
f 6982/2/4 6973/2/4 6983/2/4
f 6974/2/4 6975/2/4 6984/2/4
f 6975/2/4 6958/2/4 6985/2/4
f 6984/2/4 6975/2/4 6985/2/4
f 6985/2/4 6958/2/4 6986/2/4
f 6986/2/4 6958/2/4 6987/2/4
f 6976/4/4 6977/4/4 6988/4/4
f 6977/2/4 6978/2/4 6989/2/4
f 6988/4/4 6977/4/4 6989/4/4
f 6978/4/4 6979/4/4 6990/4/4
f 6989/2/4 6978/2/4 6990/2/4
f 6979/4/4 6962/4/4 6991/4/4
f 6990/4/4 6979/4/4 6991/4/4
f 6991/4/4 6962/4/4 6992/4/4
f 6949/2/4 6980/2/4 6993/2/4
f 6980/1/4 6981/1/4 6994/1/4
f 6993/2/4 6980/2/4 6994/2/4
f 6994/1/4 6981/1/4 6995/1/4
f 6995/1/4 6981/1/4 6996/1/4
f 6981/4/4 6982/4/4 6997/4/4
f 6996/1/4 6981/1/4 6997/1/4
f 6982/1/4 6983/1/4 6998/1/4
f 6997/4/4 6982/4/4 6998/4/4
f 6984/1/4 6985/1/4 6999/1/4
f 6985/2/4 6986/2/4 7000/2/4
f 6999/1/4 6985/1/4 7000/1/4
f 6986/1/4 6987/1/4 7001/1/4
f 7000/2/4 6986/2/4 7001/2/4
f 7001/1/4 6987/1/4 7002/1/4
f 6988/1/4 6989/1/4 7003/1/4
f 6989/4/4 6990/4/4 7004/4/4
f 7003/1/4 6989/1/4 7004/1/4
f 6990/4/4 6991/4/4 7004/4/4
f 7004/4/4 6991/4/4 7005/4/4
f 6991/1/4 6992/1/4 7006/1/4
f 7005/4/4 6991/4/4 7006/4/4
f 7006/1/4 6992/1/4 7007/1/4
f 6993/4/4 6994/4/4 7008/4/4
f 6994/2/4 6995/2/4 7009/2/4
f 7008/4/4 6994/4/4 7009/4/4
f 6995/4/4 6996/4/4 7010/4/4
f 7009/2/4 6995/2/4 7010/2/4
f 6996/3/4 6997/3/4 7011/3/4
f 7010/4/4 6996/4/4 7011/4/4
f 6997/1/4 6998/1/4 7012/1/4
f 7011/3/4 6997/3/4 7012/3/4
f 6998/1/4 6983/1/4 7013/1/4
f 7012/1/4 6998/1/4 7013/1/4
f 6999/3/4 7000/3/4 7014/3/4
f 7000/1/4 7001/1/4 7015/1/4
f 7014/3/4 7000/3/4 7015/3/4
f 7001/3/4 7002/3/4 7016/3/4
f 7015/1/4 7001/1/4 7016/1/4
f 7016/3/4 7002/3/4 7017/3/4
f 7003/3/4 7004/3/4 7018/3/4
f 7004/1/4 7005/1/4 7019/1/4
f 7018/3/4 7004/3/4 7019/3/4
f 7006/2/4 7007/2/4 7020/2/4
f 7019/1/4 7005/1/4 7020/1/4
f 7005/2/4 7006/2/4 7020/2/4
f 7020/2/4 7007/2/4 7021/2/4
f 7021/2/4 7007/2/4 7022/2/4
f 7008/3/4 7009/3/4 7023/3/4
f 7009/1/4 7010/1/4 7024/1/4
f 7023/3/4 7009/3/4 7024/3/4
f 7011/4/4 7012/4/4 7025/4/4
f 7024/1/4 7010/1/4 7025/1/4
f 7010/4/4 7011/4/4 7025/4/4
f 7012/4/4 7013/4/4 7025/4/4
f 7013/1/4 6983/1/4 7026/1/4
f 7025/4/4 7013/4/4 7026/4/4
f 7026/1/4 6983/1/4 7027/1/4
f 7014/4/4 7015/4/4 7028/4/4
f 7015/2/4 7016/2/4 7029/2/4
f 7028/4/4 7015/4/4 7029/4/4
f 7029/2/4 7016/2/4 7030/2/4
f 7016/1/4 7017/1/4 7031/1/4
f 7030/2/4 7016/2/4 7031/2/4
f 7031/1/4 7017/1/4 7032/1/4
f 7018/1/4 7019/1/4 7033/1/4
f 7020/2/4 7021/2/4 7034/2/4
f 7033/1/4 7019/1/4 7034/1/4
f 7019/2/4 7020/2/4 7034/2/4
f 7021/4/4 7022/4/4 7035/4/4
f 7034/2/4 7021/2/4 7035/2/4
f 7035/4/4 7022/4/4 7036/4/4
f 7028/2/4 7029/2/4 7037/2/4
f 7029/2/4 7030/2/4 7037/2/4
f 7037/2/4 7030/2/4 7038/2/4
f 7030/1/4 7031/1/4 7039/1/4
f 7038/2/4 7030/2/4 7039/2/4
f 7031/3/4 7032/3/4 7040/3/4
f 7039/1/4 7031/1/4 7040/1/4
f 7040/3/4 7032/3/4 7041/3/4
f 7033/3/4 7034/3/4 7042/3/4
f 7034/1/4 7035/1/4 7043/1/4
f 7042/3/4 7034/3/4 7043/3/4
f 7035/3/4 7036/3/4 7044/3/4
f 7043/1/4 7035/1/4 7044/1/4
f 7044/3/4 7036/3/4 7045/3/4
f 7037/1/4 7038/1/4 7052/1/4
f 7038/4/4 7039/4/4 7053/4/4
f 7052/1/4 7038/1/4 7053/1/4
f 7039/4/4 7040/4/4 7053/4/4
f 7053/4/4 7040/4/4 7054/4/4
f 7040/1/4 7041/1/4 7055/1/4
f 7054/4/4 7040/4/4 7055/4/4
f 7055/1/4 7041/1/4 7056/1/4
f 7042/1/4 7043/1/4 7057/1/4
f 7043/2/4 7044/2/4 7058/2/4
f 7057/1/4 7043/1/4 7058/1/4
f 7044/1/4 7045/1/4 7059/1/4
f 7058/2/4 7044/2/4 7059/2/4
f 7059/1/4 7045/1/4 7060/1/4
f 7046/4/4 7047/4/4 7061/4/4
f 7047/2/4 7048/2/4 7061/2/4
f 7048/3/4 7049/3/4 7062/3/4
f 7061/2/4 7048/2/4 7062/2/4
f 7049/1/4 7050/1/4 7063/1/4
f 7062/3/4 7049/3/4 7063/3/4
f 7050/2/4 7051/2/4 7064/2/4
f 7063/1/4 7050/1/4 7064/1/4
f 7064/2/4 7051/2/4 7065/2/4
f 7053/4/4 7054/4/4 7066/4/4
f 7052/4/4 7053/4/4 7066/4/4
f 7054/2/4 7055/2/4 7067/2/4
f 7066/4/4 7054/4/4 7067/4/4
f 7055/4/4 7056/4/4 7068/4/4
f 7067/2/4 7055/2/4 7068/2/4
f 7068/4/4 7056/4/4 7069/4/4
f 7057/2/4 7058/2/4 7070/2/4
f 7059/2/4 7060/2/4 7070/2/4
f 7058/2/4 7059/2/4 7070/2/4
f 7070/2/4 7060/2/4 7071/2/4
f 7061/4/4 7062/4/4 7072/4/4
f 7046/4/4 7061/4/4 7072/4/4
f 7062/3/4 7063/3/4 7073/3/4
f 7072/4/4 7062/4/4 7073/4/4
f 7063/3/4 7064/3/4 7073/3/4
f 7073/3/4 7064/3/4 7074/3/4
f 7074/3/4 7064/3/4 7075/3/4
f 7064/1/4 7065/1/4 7076/1/4
f 7075/3/4 7064/3/4 7076/3/4
f 7076/1/4 7065/1/4 7077/1/4
f 7072/2/4 7073/2/4 7078/2/4
f 7073/4/4 7074/4/4 7078/4/4
f 7074/3/4 7075/3/4 7079/3/4
f 7078/4/4 7074/4/4 7079/4/4
f 7075/1/4 7076/1/4 7080/1/4
f 7079/3/4 7075/3/4 7080/3/4
f 7076/4/4 7077/4/4 7081/4/4
f 7080/1/4 7076/1/4 7081/1/4
f 7081/4/4 7077/4/4 7082/4/4
f 7052/4/4 7066/4/4 7083/4/4
f 7068/2/4 7069/2/4 7084/2/4
f 7083/4/4 7066/4/4 7084/4/4
f 7067/2/4 7068/2/4 7084/2/4
f 7066/2/4 7067/2/4 7084/2/4
f 7084/2/4 7069/2/4 7085/2/4
f 7085/2/4 7069/2/4 7086/2/4
f 7057/2/4 7070/2/4 7087/2/4
f 7070/4/4 7071/4/4 7088/4/4
f 7087/2/4 7070/2/4 7088/2/4
f 7088/4/4 7071/4/4 7089/4/4
f 7072/2/4 7078/2/4 7090/2/4
f 7078/2/4 7079/2/4 7090/2/4
f 7079/1/4 7080/1/4 7091/1/4
f 7090/2/4 7079/2/4 7091/2/4
f 7080/4/4 7081/4/4 7092/4/4
f 7091/1/4 7080/1/4 7092/1/4
f 7081/2/4 7082/2/4 7093/2/4
f 7092/4/4 7081/4/4 7093/4/4
f 7093/2/4 7082/2/4 7094/2/4
f 7083/3/4 7084/3/4 7095/3/4
f 7084/1/4 7085/1/4 7096/1/4
f 7095/3/4 7084/3/4 7096/3/4
f 7085/3/4 7086/3/4 7097/3/4
f 7096/1/4 7085/1/4 7097/1/4
f 7097/3/4 7086/3/4 7098/3/4
f 7046/4/4 7072/4/4 7099/4/4
f 7072/2/4 7090/2/4 7100/2/4
f 7099/4/4 7072/4/4 7100/4/4
f 7090/1/4 7091/1/4 7101/1/4
f 7100/2/4 7090/2/4 7101/2/4
f 7091/3/4 7092/3/4 7102/3/4
f 7101/1/4 7091/1/4 7102/1/4
f 7092/1/4 7093/1/4 7103/1/4
f 7102/3/4 7092/3/4 7103/3/4
f 7093/1/4 7094/1/4 7103/1/4
f 7103/1/4 7094/1/4 7104/1/4
f 7100/1/4 7101/1/4 7109/1/4
f 7099/3/4 7100/3/4 7109/3/4
f 7101/4/4 7102/4/4 7110/4/4
f 7109/1/4 7101/1/4 7110/1/4
f 7103/4/4 7104/4/4 7111/4/4
f 7111/4/4 7104/4/4 7112/4/4
f 7105/4/4 7106/4/4 7113/4/4
f 7106/1/4 7107/1/4 7114/1/4
f 7113/4/4 7106/4/4 7114/4/4
f 7114/1/4 7107/1/4 7115/1/4
f 7107/3/4 7108/3/4 7116/3/4
f 7115/1/4 7107/1/4 7116/1/4
f 7116/3/4 7108/3/4 7117/3/4
f 7099/3/4 7109/3/4 7118/3/4
f 7109/4/4 7110/4/4 7119/4/4
f 7118/3/4 7109/3/4 7119/3/4
f 7110/4/4 7102/4/4 7120/4/4
f 7119/4/4 7110/4/4 7120/4/4
f 7102/1/4 7103/1/4 7121/1/4
f 7120/4/4 7102/4/4 7121/4/4
f 7116/4/4 7117/4/4 7126/4/4
f 7114/2/4 7115/2/4 7126/2/4
f 7113/2/4 7114/2/4 7126/2/4
f 7115/4/4 7116/4/4 7126/4/4
f 7126/4/4 7117/4/4 7127/4/4
f 7127/4/4 7117/4/4 7128/4/4
f 7118/1/4 7119/1/4 7129/1/4
f 7119/4/4 7120/4/4 7130/4/4
f 7129/1/4 7119/1/4 7130/1/4
f 7120/2/4 7121/2/4 7131/2/4
f 7130/4/4 7120/4/4 7131/4/4
f 7121/1/4 7103/1/4 7132/1/4
f 7131/2/4 7121/2/4 7132/2/4
f 7103/4/4 7111/4/4 7133/4/4
f 7132/1/4 7103/1/4 7133/1/4
f 7122/4/4 7123/4/4 7134/4/4
f 7123/2/4 7124/2/4 7135/2/4
f 7134/4/4 7123/4/4 7135/4/4
f 7124/3/4 7125/3/4 7136/3/4
f 7135/2/4 7124/2/4 7136/2/4
f 7113/2/4 7126/2/4 7137/2/4
f 7126/1/4 7127/1/4 7138/1/4
f 7137/2/4 7126/2/4 7138/2/4
f 7127/2/4 7128/2/4 7139/2/4
f 7138/1/4 7127/1/4 7139/1/4
f 7139/2/4 7128/2/4 7140/2/4
f 7129/3/4 7130/3/4 7141/3/4
f 7130/1/4 7131/1/4 7142/1/4
f 7141/3/4 7130/3/4 7142/3/4
f 7131/1/4 7132/1/4 7142/1/4
f 7142/1/4 7132/1/4 7143/1/4
f 7132/3/4 7133/3/4 7144/3/4
f 7143/1/4 7132/1/4 7144/1/4
f 7133/4/4 7111/4/4 7145/4/4
f 7144/3/4 7133/3/4 7145/3/4
f 7111/2/4 7112/2/4 7146/2/4
f 7145/4/4 7111/4/4 7146/4/4
f 7146/2/4 7112/2/4 7147/2/4
f 7134/3/4 7135/3/4 7148/3/4
f 7135/1/4 7136/1/4 7149/1/4
f 7148/3/4 7135/3/4 7149/3/4
f 7136/3/4 7125/3/4 7150/3/4
f 7149/1/4 7136/1/4 7150/1/4
f 7113/2/4 7137/2/4 7151/2/4
f 7137/4/4 7138/4/4 7152/4/4
f 7151/2/4 7137/2/4 7152/2/4
f 7138/4/4 7139/4/4 7152/4/4
f 7152/4/4 7139/4/4 7153/4/4
f 7139/3/4 7140/3/4 7154/3/4
f 7153/4/4 7139/4/4 7154/4/4
f 7154/3/4 7140/3/4 7155/3/4
f 7142/1/4 7143/1/4 7156/1/4
f 7141/4/4 7142/4/4 7156/4/4
f 7144/3/4 7145/3/4 7157/3/4
f 7156/1/4 7143/1/4 7157/1/4
f 7143/3/4 7144/3/4 7157/3/4
f 7145/3/4 7146/3/4 7157/3/4
f 7157/3/4 7146/3/4 7158/3/4
f 7158/3/4 7146/3/4 7159/3/4
f 7146/1/4 7147/1/4 7160/1/4
f 7159/3/4 7146/3/4 7160/3/4
f 7160/1/4 7147/1/4 7161/1/4
f 7149/4/4 7150/4/4 7162/4/4
f 7148/4/4 7149/4/4 7162/4/4
f 7150/3/4 7125/3/4 7163/3/4
f 7162/4/4 7150/4/4 7163/4/4
f 7163/3/4 7125/3/4 7164/3/4
f 7152/1/4 7153/1/4 7165/1/4
f 7151/1/4 7152/1/4 7165/1/4
f 7165/1/4 7153/1/4 7166/1/4
f 7154/2/4 7155/2/4 7167/2/4
f 7166/1/4 7153/1/4 7167/1/4
f 7153/2/4 7154/2/4 7167/2/4
f 7167/2/4 7155/2/4 7168/2/4
f 7148/4/4 7162/4/4 7169/4/4
f 7162/2/4 7163/2/4 7170/2/4
f 7169/4/4 7162/4/4 7170/4/4
f 7163/4/4 7164/4/4 7171/4/4
f 7170/2/4 7163/2/4 7171/2/4
f 7171/4/4 7164/4/4 7172/4/4
f 7165/4/4 7166/4/4 7173/4/4
f 7166/3/4 7167/3/4 7174/3/4
f 7173/4/4 7166/4/4 7174/4/4
f 7167/4/4 7168/4/4 7175/4/4
f 7174/3/4 7167/3/4 7175/3/4
f 7175/4/4 7168/4/4 7176/4/4
f 7176/4/4 7168/4/4 7177/4/4
f 7141/4/4 7156/4/4 7178/4/4
f 7156/2/4 7157/2/4 7179/2/4
f 7178/4/4 7156/4/4 7179/4/4
f 7157/2/4 7158/2/4 7179/2/4
f 7158/1/4 7159/1/4 7180/1/4
f 7179/2/4 7158/2/4 7180/2/4
f 7159/4/4 7160/4/4 7181/4/4
f 7180/1/4 7159/1/4 7181/1/4
f 7148/4/4 7169/4/4 7182/4/4
f 7169/2/4 7170/2/4 7183/2/4
f 7182/4/4 7169/4/4 7183/4/4
f 7170/2/4 7171/2/4 7183/2/4
f 7171/2/4 7172/2/4 7183/2/4
f 7173/2/4 7174/2/4 7184/2/4
f 7174/4/4 7175/4/4 7185/4/4
f 7184/2/4 7174/2/4 7185/2/4
f 7175/1/4 7176/1/4 7186/1/4
f 7185/4/4 7175/4/4 7186/4/4
f 7176/2/4 7177/2/4 7187/2/4
f 7186/1/4 7176/1/4 7187/1/4
f 7187/2/4 7177/2/4 7188/2/4
f 7178/3/4 7179/3/4 7189/3/4
f 7179/1/4 7180/1/4 7190/1/4
f 7189/3/4 7179/3/4 7190/3/4
f 7180/3/4 7181/3/4 7191/3/4
f 7190/1/4 7180/1/4 7191/1/4
f 7181/4/4 7160/4/4 7192/4/4
f 7191/3/4 7181/3/4 7192/3/4
f 7160/2/4 7161/2/4 7193/2/4
f 7192/4/4 7160/4/4 7193/4/4
f 7193/2/4 7161/2/4 7194/2/4
f 7182/2/4 7183/2/4 7195/2/4
f 7183/2/4 7172/2/4 7196/2/4
f 7195/2/4 7183/2/4 7196/2/4
f 7196/2/4 7172/2/4 7197/2/4
f 7197/2/4 7172/2/4 7198/2/4
f 7195/4/4 7196/4/4 7199/4/4
f 7196/2/4 7197/2/4 7200/2/4
f 7199/4/4 7196/4/4 7200/4/4
f 7197/1/4 7198/1/4 7201/1/4
f 7200/2/4 7197/2/4 7201/2/4
f 7201/1/4 7198/1/4 7202/1/4
f 7199/3/4 7200/3/4 7205/3/4
f 7200/1/4 7201/1/4 7205/1/4
f 7205/1/4 7201/1/4 7206/1/4
f 7201/4/4 7202/4/4 7207/4/4
f 7206/1/4 7201/1/4 7207/1/4
f 7203/4/4 7204/4/4 7208/4/4
f 7208/4/4 7204/4/4 7209/4/4
f 7209/4/4 7204/4/4 7210/4/4
f 7205/3/4 7206/3/4 7217/3/4
f 7199/3/4 7205/3/4 7217/3/4
f 7217/3/4 7206/3/4 7218/3/4
f 7206/4/4 7207/4/4 7219/4/4
f 7218/3/4 7206/3/4 7219/3/4
f 7207/4/4 7202/4/4 7220/4/4
f 7219/4/4 7207/4/4 7220/4/4
f 7220/4/4 7202/4/4 7221/4/4
f 7208/1/4 7209/1/4 7222/1/4
f 7209/3/4 7210/3/4 7223/3/4
f 7222/1/4 7209/1/4 7223/1/4
f 7223/3/4 7210/3/4 7224/3/4
f 7212/4/4 7213/4/4 7225/4/4
f 7213/2/4 7214/2/4 7225/2/4
f 7214/1/4 7215/1/4 7226/1/4
f 7225/2/4 7214/2/4 7226/2/4
f 7222/2/4 7223/2/4 7227/2/4
f 7227/2/4 7223/2/4 7228/2/4
f 7228/2/4 7223/2/4 7229/2/4
f 7223/4/4 7224/4/4 7230/4/4
f 7229/2/4 7223/2/4 7230/2/4
f 7211/2/4 7212/2/4 7231/2/4
f 7212/4/4 7225/4/4 7232/4/4
f 7231/2/4 7212/2/4 7232/2/4
f 7225/1/4 7226/1/4 7233/1/4
f 7232/4/4 7225/4/4 7233/4/4
f 7233/1/4 7226/1/4 7234/1/4
f 7226/1/4 7215/1/4 7235/1/4
f 7234/1/4 7226/1/4 7235/1/4
f 7215/2/4 7216/2/4 7236/2/4
f 7235/1/4 7215/1/4 7236/1/4
f 7236/2/4 7216/2/4 7237/2/4
f 7217/1/4 7218/1/4 7238/1/4
f 7218/4/4 7219/4/4 7239/4/4
f 7238/1/4 7218/1/4 7239/1/4
f 7219/4/4 7220/4/4 7239/4/4
f 7239/4/4 7220/4/4 7240/4/4
f 7220/2/4 7221/2/4 7241/2/4
f 7240/4/4 7220/4/4 7241/4/4
f 7241/2/4 7221/2/4 7242/2/4
f 7227/3/4 7228/3/4 7243/3/4
f 7228/1/4 7229/1/4 7244/1/4
f 7243/3/4 7228/3/4 7244/3/4
f 7229/3/4 7230/3/4 7245/3/4
f 7244/1/4 7229/1/4 7245/1/4
f 7230/4/4 7224/4/4 7246/4/4
f 7245/3/4 7230/3/4 7246/3/4
f 7246/4/4 7224/4/4 7247/4/4
f 7231/4/4 7232/4/4 7248/4/4
f 7232/3/4 7233/3/4 7249/3/4
f 7248/4/4 7232/4/4 7249/4/4
f 7233/4/4 7234/4/4 7250/4/4
f 7249/3/4 7233/3/4 7250/3/4
f 7234/2/4 7235/2/4 7251/2/4
f 7250/4/4 7234/4/4 7251/4/4
f 7235/3/4 7236/3/4 7252/3/4
f 7251/2/4 7235/2/4 7252/2/4
f 7236/4/4 7237/4/4 7253/4/4
f 7252/3/4 7236/3/4 7253/3/4
f 7253/4/4 7237/4/4 7254/4/4
f 7238/4/4 7239/4/4 7255/4/4
f 7239/3/4 7240/3/4 7256/3/4
f 7255/4/4 7239/4/4 7256/4/4
f 7240/1/4 7241/1/4 7257/1/4
f 7256/3/4 7240/3/4 7257/3/4
f 7241/3/4 7242/3/4 7258/3/4
f 7257/1/4 7241/1/4 7258/1/4
f 7258/3/4 7242/3/4 7259/3/4
f 7288/2/5 7261/2/5 7260/2/5
f 7289/2/5 7261/2/5 7288/2/5
f 7290/4/5 7262/4/5 7261/4/5
f 7290/2/5 7261/2/5 7289/2/5
f 7291/1/5 7263/1/5 7262/1/5
f 7291/4/5 7262/4/5 7290/4/5
f 7292/2/5 7264/2/5 7263/2/5
f 7292/1/5 7263/1/5 7291/1/5
f 7293/2/5 7264/2/5 7292/2/5
f 7294/4/5 7265/4/5 7264/4/5
f 7294/2/5 7264/2/5 7293/2/5
f 7295/3/5 7266/3/5 7265/3/5
f 7295/4/5 7265/4/5 7294/4/5
f 7296/3/5 7266/3/5 7295/3/5
f 7297/3/5 7266/3/5 7296/3/5
f 7298/3/5 7268/3/5 7267/3/5
f 7299/2/5 7269/2/5 7268/2/5
f 7299/3/5 7268/3/5 7298/3/5
f 7300/4/5 7270/4/5 7269/4/5
f 7300/2/5 7269/2/5 7299/2/5
f 7301/1/5 7271/1/5 7270/1/5
f 7301/4/5 7270/4/5 7300/4/5
f 7302/3/5 7272/3/5 7271/3/5
f 7302/1/5 7271/1/5 7301/1/5
f 7303/1/5 7273/1/5 7272/1/5
f 7303/3/5 7272/3/5 7302/3/5
f 7304/3/5 7274/3/5 7273/3/5
f 7304/1/5 7273/1/5 7303/1/5
f 7305/1/5 7275/1/5 7274/1/5
f 7305/3/5 7274/3/5 7304/3/5
f 7306/2/5 7276/2/5 7275/2/5
f 7306/1/5 7275/1/5 7305/1/5
f 7307/2/5 7276/2/5 7306/2/5
f 7308/4/5 7278/4/5 7277/4/5
f 7309/2/5 7279/2/5 7278/2/5
f 7309/4/5 7278/4/5 7308/4/5
f 7310/2/5 7279/2/5 7309/2/5
f 7311/2/5 7279/2/5 7310/2/5
f 7312/1/5 7280/1/5 7279/1/5
f 7312/2/5 7279/2/5 7311/2/5
f 7313/4/5 7281/4/5 7280/4/5
f 7313/1/5 7280/1/5 7312/1/5
f 7314/2/5 7282/2/5 7281/2/5
f 7314/4/5 7281/4/5 7313/4/5
f 7315/2/5 7282/2/5 7314/2/5
f 7317/4/5 7284/4/5 7283/4/5
f 7318/1/5 7285/1/5 7284/1/5
f 7318/4/5 7284/4/5 7317/4/5
f 7319/2/5 7286/2/5 7285/2/5
f 7319/1/5 7285/1/5 7318/1/5
f 7320/2/5 7286/2/5 7319/2/5
f 7323/2/5 7289/2/5 7288/2/5
f 7323/2/5 7288/2/5 7287/2/5
f 7324/1/5 7290/1/5 7289/1/5
f 7324/2/5 7289/2/5 7323/2/5
f 7324/1/5 7291/1/5 7290/1/5
f 7324/1/5 7293/1/5 7292/1/5
f 7324/1/5 7292/1/5 7291/1/5
f 7325/1/5 7293/1/5 7324/1/5
f 7326/2/5 7294/2/5 7293/2/5
f 7326/1/5 7293/1/5 7325/1/5
f 7327/1/5 7295/1/5 7294/1/5
f 7327/1/5 7296/1/5 7295/1/5
f 7328/2/5 7297/2/5 7296/2/5
f 7328/1/5 7296/1/5 7327/1/5
f 7329/2/5 7297/2/5 7328/2/5
f 7330/1/5 7299/1/5 7298/1/5
f 7330/1/5 7300/1/5 7299/1/5
f 7330/1/5 7301/1/5 7300/1/5
f 7331/1/5 7301/1/5 7330/1/5
f 7332/1/5 7301/1/5 7331/1/5
f 7333/2/5 7302/2/5 7301/2/5
f 7333/1/5 7303/1/5 7302/1/5
f 7333/1/5 7304/1/5 7303/1/5
f 7333/1/5 7305/1/5 7304/1/5
f 7333/1/5 7307/1/5 7306/1/5
f 7333/1/5 7306/1/5 7305/1/5
f 7334/1/5 7307/1/5 7333/1/5
f 7335/1/5 7307/1/5 7334/1/5
f 7336/1/5 7307/1/5 7335/1/5
f 7337/1/5 7307/1/5 7336/1/5
f 7338/2/5 7309/2/5 7308/2/5
f 7339/1/5 7310/1/5 7309/1/5
f 7339/2/5 7309/2/5 7338/2/5
f 7340/2/5 7311/2/5 7310/2/5
f 7340/1/5 7310/1/5 7339/1/5
f 7341/1/5 7314/1/5 7313/1/5
f 7341/2/5 7311/2/5 7340/2/5
f 7341/1/5 7312/1/5 7311/1/5
f 7341/1/5 7313/1/5 7312/1/5
f 7341/1/5 7315/1/5 7314/1/5
f 7342/1/5 7315/1/5 7341/1/5
f 7343/1/5 7315/1/5 7342/1/5
f 7344/1/5 7315/1/5 7343/1/5
f 7345/2/5 7317/2/5 7316/2/5
f 7346/1/5 7318/1/5 7317/1/5
f 7346/2/5 7317/2/5 7345/2/5
f 7346/1/5 7320/1/5 7319/1/5
f 7346/1/5 7319/1/5 7318/1/5
f 7346/1/5 7321/1/5 7320/1/5
f 7347/1/5 7321/1/5 7346/1/5
f 7348/2/5 7323/2/5 7287/2/5
f 7349/1/5 7325/1/5 7324/1/5
f 7349/2/5 7323/2/5 7348/2/5
f 7349/1/5 7324/1/5 7323/1/5
f 7350/1/5 7325/1/5 7349/1/5
f 7351/2/5 7326/2/5 7325/2/5
f 7351/1/5 7325/1/5 7350/1/5
f 7352/2/5 7294/2/5 7326/2/5
f 7352/2/5 7326/2/5 7351/2/5
f 7353/1/5 7327/1/5 7294/1/5
f 7353/2/5 7294/2/5 7352/2/5
f 7354/2/5 7328/2/5 7327/2/5
f 7354/1/5 7327/1/5 7353/1/5
f 7355/4/5 7329/4/5 7328/4/5
f 7355/2/5 7328/2/5 7354/2/5
f 7356/4/5 7331/4/5 7330/4/5
f 7357/2/5 7332/2/5 7331/2/5
f 7357/4/5 7331/4/5 7356/4/5
f 7358/1/5 7301/1/5 7332/1/5
f 7358/2/5 7332/2/5 7357/2/5
f 7359/2/5 7333/2/5 7301/2/5
f 7359/1/5 7301/1/5 7358/1/5
f 7359/2/5 7334/2/5 7333/2/5
f 7360/2/5 7334/2/5 7359/2/5
f 7361/2/5 7334/2/5 7360/2/5
f 7362/4/5 7335/4/5 7334/4/5
f 7362/2/5 7334/2/5 7361/2/5
f 7363/1/5 7336/1/5 7335/1/5
f 7363/4/5 7335/4/5 7362/4/5
f 7364/2/5 7337/2/5 7336/2/5
f 7364/1/5 7336/1/5 7363/1/5
f 7365/2/5 7337/2/5 7364/2/5
f 7366/1/5 7307/1/5 7337/1/5
f 7366/2/5 7337/2/5 7365/2/5
f 7367/2/5 7342/2/5 7341/2/5
f 7367/2/5 7340/2/5 7339/2/5
f 7367/2/5 7341/2/5 7340/2/5
f 7368/2/5 7342/2/5 7367/2/5
f 7369/4/5 7343/4/5 7342/4/5
f 7369/2/5 7342/2/5 7368/2/5
f 7370/2/5 7344/2/5 7343/2/5
f 7370/4/5 7343/4/5 7369/4/5
f 7371/2/5 7347/2/5 7346/2/5
f 7372/1/5 7321/1/5 7347/1/5
f 7372/2/5 7347/2/5 7371/2/5
f 7373/1/5 7321/1/5 7372/1/5
f 7374/2/5 7322/2/5 7321/2/5
f 7374/1/5 7321/1/5 7373/1/5
f 7375/2/5 7322/2/5 7374/2/5
f 7376/1/5 7349/1/5 7348/1/5
f 7377/4/5 7350/4/5 7349/4/5
f 7377/1/5 7349/1/5 7376/1/5
f 7378/4/5 7350/4/5 7377/4/5
f 7379/2/5 7351/2/5 7350/2/5
f 7379/4/5 7350/4/5 7378/4/5
f 7380/2/5 7351/2/5 7379/2/5
f 7381/2/5 7351/2/5 7380/2/5
f 7382/2/5 7351/2/5 7381/2/5
f 7383/4/5 7352/4/5 7351/4/5
f 7383/2/5 7351/2/5 7382/2/5
f 7384/1/5 7353/1/5 7352/1/5
f 7384/4/5 7352/4/5 7383/4/5
f 7385/2/5 7354/2/5 7353/2/5
f 7385/1/5 7353/1/5 7384/1/5
f 7386/2/5 7354/2/5 7385/2/5
f 7387/1/5 7355/1/5 7354/1/5
f 7387/2/5 7354/2/5 7386/2/5
f 7388/4/5 7329/4/5 7355/4/5
f 7388/1/5 7355/1/5 7387/1/5
f 7389/2/5 7357/2/5 7356/2/5
f 7389/2/5 7358/2/5 7357/2/5
f 7390/4/5 7359/4/5 7358/4/5
f 7390/2/5 7358/2/5 7389/2/5
f 7391/1/5 7360/1/5 7359/1/5
f 7391/4/5 7359/4/5 7390/4/5
f 7392/4/5 7361/4/5 7360/4/5
f 7392/1/5 7360/1/5 7391/1/5
f 7393/2/5 7362/2/5 7361/2/5
f 7393/4/5 7361/4/5 7392/4/5
f 7394/1/5 7363/1/5 7362/1/5
f 7394/2/5 7364/2/5 7363/2/5
f 7394/2/5 7365/2/5 7364/2/5
f 7395/2/5 7365/2/5 7394/2/5
f 7396/4/5 7366/4/5 7365/4/5
f 7396/2/5 7365/2/5 7395/2/5
f 7397/1/5 7339/1/5 7338/1/5
f 7398/2/5 7367/2/5 7339/2/5
f 7398/1/5 7339/1/5 7397/1/5
f 7399/1/5 7368/1/5 7367/1/5
f 7399/2/5 7367/2/5 7398/2/5
f 7400/2/5 7369/2/5 7368/2/5
f 7400/1/5 7368/1/5 7399/1/5
f 7401/2/5 7344/2/5 7370/2/5
f 7401/1/5 7370/1/5 7369/1/5
f 7402/2/5 7344/2/5 7401/2/5
f 7403/2/5 7344/2/5 7402/2/5
f 7404/1/5 7346/1/5 7345/1/5
f 7405/2/5 7371/2/5 7346/2/5
f 7405/1/5 7346/1/5 7404/1/5
f 7406/4/5 7372/4/5 7371/4/5
f 7406/2/5 7371/2/5 7405/2/5
f 7407/2/5 7373/2/5 7372/2/5
f 7407/4/5 7372/4/5 7406/4/5
f 7408/1/5 7374/1/5 7373/1/5
f 7408/2/5 7373/2/5 7407/2/5
f 7408/1/5 7375/1/5 7374/1/5
f 7409/1/5 7375/1/5 7408/1/5
f 7410/1/5 7375/1/5 7409/1/5
f 7411/4/5 7377/4/5 7376/4/5
f 7412/2/5 7378/2/5 7377/2/5
f 7412/4/5 7377/4/5 7411/4/5
f 7413/4/5 7379/4/5 7378/4/5
f 7413/2/5 7378/2/5 7412/2/5
f 7413/4/5 7380/4/5 7379/4/5
f 7414/4/5 7380/4/5 7413/4/5
f 7415/2/5 7381/2/5 7380/2/5
f 7415/4/5 7380/4/5 7414/4/5
f 7416/1/5 7382/1/5 7381/1/5
f 7416/2/5 7381/2/5 7415/2/5
f 7417/4/5 7383/4/5 7382/4/5
f 7417/1/5 7382/1/5 7416/1/5
f 7418/2/5 7384/2/5 7383/2/5
f 7418/4/5 7383/4/5 7417/4/5
f 7418/2/5 7385/2/5 7384/2/5
f 7418/2/5 7386/2/5 7385/2/5
f 7419/2/5 7386/2/5 7418/2/5
f 7420/1/5 7387/1/5 7386/1/5
f 7420/2/5 7386/2/5 7419/2/5
f 7421/4/5 7388/4/5 7387/4/5
f 7421/1/5 7387/1/5 7420/1/5
f 7422/4/5 7329/4/5 7388/4/5
f 7422/4/5 7388/4/5 7421/4/5
f 7423/4/5 7329/4/5 7422/4/5
f 7424/1/5 7391/1/5 7390/1/5
f 7424/1/5 7390/1/5 7389/1/5
f 7425/1/5 7391/1/5 7424/1/5
f 7426/1/5 7391/1/5 7425/1/5
f 7427/2/5 7362/2/5 7393/2/5
f 7427/2/5 7392/2/5 7391/2/5
f 7427/2/5 7393/2/5 7392/2/5
f 7428/1/5 7395/1/5 7394/1/5
f 7428/2/5 7362/2/5 7427/2/5
f 7428/1/5 7394/1/5 7362/1/5
f 7429/4/5 7366/4/5 7396/4/5
f 7429/4/5 7396/4/5 7395/4/5
f 7430/1/5 7307/1/5 7366/1/5
f 7430/4/5 7366/4/5 7429/4/5
f 7431/1/5 7307/1/5 7430/1/5
f 7432/2/5 7398/2/5 7397/2/5
f 7433/1/5 7399/1/5 7398/1/5
f 7433/2/5 7398/2/5 7432/2/5
f 7434/2/5 7400/2/5 7399/2/5
f 7434/1/5 7399/1/5 7433/1/5
f 7435/2/5 7369/2/5 7400/2/5
f 7435/2/5 7400/2/5 7434/2/5
f 7436/1/5 7401/1/5 7369/1/5
f 7436/2/5 7369/2/5 7435/2/5
f 7437/1/5 7403/1/5 7402/1/5
f 7437/4/5 7402/4/5 7401/4/5
f 7438/1/5 7403/1/5 7437/1/5
f 7439/2/5 7405/2/5 7404/2/5
f 7440/1/5 7406/1/5 7405/1/5
f 7440/2/5 7405/2/5 7439/2/5
f 7441/2/5 7407/2/5 7406/2/5
f 7441/1/5 7406/1/5 7440/1/5
f 7442/1/5 7409/1/5 7408/1/5
f 7442/1/5 7408/1/5 7407/1/5
f 7443/4/5 7410/4/5 7409/4/5
f 7443/1/5 7409/1/5 7442/1/5
f 7444/4/5 7410/4/5 7443/4/5
f 7445/2/5 7413/2/5 7412/2/5
f 7445/2/5 7414/2/5 7413/2/5
f 7446/1/5 7415/1/5 7414/1/5
f 7446/2/5 7414/2/5 7445/2/5
f 7446/1/5 7416/1/5 7415/1/5
f 7447/4/5 7417/4/5 7416/4/5
f 7447/1/5 7416/1/5 7446/1/5
f 7448/2/5 7418/2/5 7417/2/5
f 7448/4/5 7417/4/5 7447/4/5
f 7449/1/5 7419/1/5 7418/1/5
f 7449/2/5 7418/2/5 7448/2/5
f 7450/4/5 7420/4/5 7419/4/5
f 7450/1/5 7419/1/5 7449/1/5
f 7451/2/5 7421/2/5 7420/2/5
f 7451/4/5 7420/4/5 7450/4/5
f 7452/4/5 7422/4/5 7421/4/5
f 7452/2/5 7421/2/5 7451/2/5
f 7453/1/5 7423/1/5 7422/1/5
f 7453/4/5 7422/4/5 7452/4/5
f 7454/1/5 7423/1/5 7453/1/5
f 7455/2/5 7425/2/5 7424/2/5
f 7456/4/5 7426/4/5 7425/4/5
f 7456/2/5 7425/2/5 7455/2/5
f 7457/1/5 7391/1/5 7426/1/5
f 7457/4/5 7426/4/5 7456/4/5
f 7458/2/5 7427/2/5 7391/2/5
f 7458/1/5 7391/1/5 7457/1/5
f 7459/4/5 7428/4/5 7427/4/5
f 7459/2/5 7427/2/5 7458/2/5
f 7460/1/5 7395/1/5 7428/1/5
f 7460/4/5 7428/4/5 7459/4/5
f 7461/4/5 7429/4/5 7395/4/5
f 7461/1/5 7395/1/5 7460/1/5
f 7462/1/5 7430/1/5 7429/1/5
f 7462/4/5 7429/4/5 7461/4/5
f 7463/2/5 7431/2/5 7430/2/5
f 7463/1/5 7430/1/5 7462/1/5
f 7464/2/5 7431/2/5 7463/2/5
f 7465/1/5 7433/1/5 7432/1/5
f 7466/2/5 7434/2/5 7433/2/5
f 7466/1/5 7433/1/5 7465/1/5
f 7466/2/5 7435/2/5 7434/2/5
f 7467/4/5 7436/4/5 7435/4/5
f 7467/2/5 7435/2/5 7466/2/5
f 7468/1/5 7401/1/5 7436/1/5
f 7468/4/5 7436/4/5 7467/4/5
f 7469/4/5 7437/4/5 7401/4/5
f 7469/1/5 7401/1/5 7468/1/5
f 7470/2/5 7438/2/5 7437/2/5
f 7470/4/5 7437/4/5 7469/4/5
f 7471/2/5 7438/2/5 7470/2/5
f 7472/1/5 7440/1/5 7439/1/5
f 7473/4/5 7441/4/5 7440/4/5
f 7473/1/5 7440/1/5 7472/1/5
f 7474/2/5 7407/2/5 7441/2/5
f 7474/4/5 7441/4/5 7473/4/5
f 7475/1/5 7442/1/5 7407/1/5
f 7475/2/5 7407/2/5 7474/2/5
f 7476/2/5 7443/2/5 7442/2/5
f 7476/1/5 7442/1/5 7475/1/5
f 7477/2/5 7443/2/5 7476/2/5
f 7504/2/5 7479/2/5 7478/2/5
f 7505/2/5 7479/2/5 7504/2/5
f 7506/1/5 7483/1/5 7482/1/5
f 7507/2/5 7484/2/5 7483/2/5
f 7507/1/5 7483/1/5 7506/1/5
f 7508/1/5 7485/1/5 7484/1/5
f 7509/1/5 7485/1/5 7508/1/5
f 7510/2/5 7486/2/5 7485/2/5
f 7510/1/5 7485/1/5 7509/1/5
f 7511/2/5 7486/2/5 7510/2/5
f 7512/2/5 7486/2/5 7511/2/5
f 7513/1/5 7488/1/5 7487/1/5
f 7514/2/5 7489/2/5 7488/2/5
f 7514/1/5 7488/1/5 7513/1/5
f 7515/2/5 7489/2/5 7514/2/5
f 7516/4/5 7490/4/5 7489/4/5
f 7516/2/5 7489/2/5 7515/2/5
f 7517/1/5 7491/1/5 7490/1/5
f 7517/4/5 7490/4/5 7516/4/5
f 7518/2/5 7492/2/5 7491/2/5
f 7518/1/5 7491/1/5 7517/1/5
f 7519/4/5 7493/4/5 7492/4/5
f 7519/2/5 7492/2/5 7518/2/5
f 7520/1/5 7494/1/5 7493/1/5
f 7520/4/5 7493/4/5 7519/4/5
f 7521/2/5 7495/2/5 7494/2/5
f 7521/1/5 7494/1/5 7520/1/5
f 7522/2/5 7495/2/5 7521/2/5
f 7523/1/5 7497/1/5 7496/1/5
f 7524/2/5 7498/2/5 7497/2/5
f 7524/1/5 7497/1/5 7523/1/5
f 7525/4/5 7499/4/5 7498/4/5
f 7525/2/5 7498/2/5 7524/2/5
f 7526/2/5 7500/2/5 7499/2/5
f 7526/4/5 7499/4/5 7525/4/5
f 7527/4/5 7501/4/5 7500/4/5
f 7527/2/5 7500/2/5 7526/2/5
f 7528/1/5 7502/1/5 7501/1/5
f 7528/4/5 7501/4/5 7527/4/5
f 7529/2/5 7503/2/5 7502/2/5
f 7529/1/5 7502/1/5 7528/1/5
f 7530/2/5 7503/2/5 7529/2/5
f 7531/4/5 7505/4/5 7504/4/5
f 7532/2/5 7479/2/5 7505/2/5
f 7532/4/5 7505/4/5 7531/4/5
f 7533/1/5 7480/1/5 7479/1/5
f 7533/4/5 7481/4/5 7480/4/5
f 7534/2/5 7482/2/5 7481/2/5
f 7534/4/5 7481/4/5 7533/4/5
f 7535/1/5 7506/1/5 7482/1/5
f 7535/2/5 7482/2/5 7534/2/5
f 7536/4/5 7507/4/5 7506/4/5
f 7536/1/5 7506/1/5 7535/1/5
f 7537/2/5 7484/2/5 7507/2/5
f 7537/4/5 7507/4/5 7536/4/5
f 7538/1/5 7508/1/5 7484/1/5
f 7538/2/5 7484/2/5 7537/2/5
f 7539/4/5 7509/4/5 7508/4/5
f 7539/1/5 7508/1/5 7538/1/5
f 7540/2/5 7510/2/5 7509/2/5
f 7540/4/5 7509/4/5 7539/4/5
f 7540/2/5 7511/2/5 7510/2/5
f 7541/4/5 7512/4/5 7511/4/5
f 7541/2/5 7511/2/5 7540/2/5
f 7542/4/5 7512/4/5 7541/4/5
f 7543/4/5 7515/4/5 7514/4/5
f 7543/2/5 7514/2/5 7513/2/5
f 7544/1/5 7516/1/5 7515/1/5
f 7544/4/5 7515/4/5 7543/4/5
f 7545/2/5 7517/2/5 7516/2/5
f 7545/1/5 7516/1/5 7544/1/5
f 7545/2/5 7518/2/5 7517/2/5
f 7545/2/5 7519/2/5 7518/2/5
f 7546/2/5 7519/2/5 7545/2/5
f 7547/1/5 7520/1/5 7519/1/5
f 7547/2/5 7519/2/5 7546/2/5
f 7548/2/5 7521/2/5 7520/2/5
f 7548/1/5 7520/1/5 7547/1/5
f 7549/1/5 7522/1/5 7521/1/5
f 7549/2/5 7521/2/5 7548/2/5
f 7550/1/5 7522/1/5 7549/1/5
f 7551/2/5 7524/2/5 7523/2/5
f 7551/4/5 7525/4/5 7524/4/5
f 7552/2/5 7527/2/5 7526/2/5
f 7552/4/5 7525/4/5 7551/4/5
f 7552/2/5 7526/2/5 7525/2/5
f 7553/2/5 7527/2/5 7552/2/5
f 7554/1/5 7528/1/5 7527/1/5
f 7554/2/5 7527/2/5 7553/2/5
f 7555/2/5 7529/2/5 7528/2/5
f 7555/1/5 7528/1/5 7554/1/5
f 7556/4/5 7530/4/5 7529/4/5
f 7556/2/5 7529/2/5 7555/2/5
f 7557/4/5 7530/4/5 7556/4/5
f 7558/4/5 7530/4/5 7557/4/5
f 7559/1/5 7532/1/5 7531/1/5
f 7560/2/5 7479/2/5 7532/2/5
f 7560/1/5 7532/1/5 7559/1/5
f 7561/1/5 7533/1/5 7479/1/5
f 7561/2/5 7479/2/5 7560/2/5
f 7561/1/5 7534/1/5 7533/1/5
f 7562/1/5 7534/1/5 7561/1/5
f 7563/4/5 7535/4/5 7534/4/5
f 7563/1/5 7534/1/5 7562/1/5
f 7564/2/5 7536/2/5 7535/2/5
f 7564/4/5 7535/4/5 7563/4/5
f 7565/1/5 7538/1/5 7537/1/5
f 7565/2/5 7536/2/5 7564/2/5
f 7565/1/5 7540/1/5 7539/1/5
f 7565/1/5 7542/1/5 7541/1/5
f 7565/1/5 7537/1/5 7536/1/5
f 7565/1/5 7539/1/5 7538/1/5
f 7565/1/5 7541/1/5 7540/1/5
f 7566/1/5 7542/1/5 7565/1/5
f 7567/1/5 7542/1/5 7566/1/5
f 7568/1/5 7542/1/5 7567/1/5
f 7569/1/5 7542/1/5 7568/1/5
f 7570/1/5 7542/1/5 7569/1/5
f 7571/1/5 7542/1/5 7570/1/5
f 7572/1/5 7542/1/5 7571/1/5
f 7573/1/5 7542/1/5 7572/1/5
f 7574/2/5 7543/2/5 7513/2/5
f 7574/2/5 7544/2/5 7543/2/5
f 7574/2/5 7546/2/5 7545/2/5
f 7574/2/5 7545/2/5 7544/2/5
f 7575/2/5 7546/2/5 7574/2/5
f 7576/2/5 7546/2/5 7575/2/5
f 7577/1/5 7547/1/5 7546/1/5
f 7577/2/5 7546/2/5 7576/2/5
f 7578/2/5 7548/2/5 7547/2/5
f 7578/1/5 7547/1/5 7577/1/5
f 7578/2/5 7550/2/5 7549/2/5
f 7578/2/5 7549/2/5 7548/2/5
f 7579/2/5 7550/2/5 7578/2/5
f 7580/2/5 7550/2/5 7579/2/5
f 7581/2/5 7551/2/5 7523/2/5
f 7581/2/5 7553/2/5 7552/2/5
f 7581/2/5 7552/2/5 7551/2/5
f 7582/2/5 7553/2/5 7581/2/5
f 7583/1/5 7554/1/5 7553/1/5
f 7583/2/5 7553/2/5 7582/2/5
f 7584/2/5 7557/2/5 7556/2/5
f 7584/1/5 7554/1/5 7583/1/5
f 7584/2/5 7556/2/5 7555/2/5
f 7584/2/5 7555/2/5 7554/2/5
f 7585/2/5 7557/2/5 7584/2/5
f 7586/1/5 7558/1/5 7557/1/5
f 7586/2/5 7557/2/5 7585/2/5
f 7587/1/5 7558/1/5 7586/1/5
f 7588/2/5 7560/2/5 7559/2/5
f 7588/4/5 7561/4/5 7560/4/5
f 7589/1/5 7562/1/5 7561/1/5
f 7589/4/5 7561/4/5 7588/4/5
f 7590/4/5 7563/4/5 7562/4/5
f 7590/1/5 7562/1/5 7589/1/5
f 7591/2/5 7564/2/5 7563/2/5
f 7591/4/5 7563/4/5 7590/4/5
f 7591/2/5 7565/2/5 7564/2/5
f 7591/2/5 7566/2/5 7565/2/5
f 7592/2/5 7566/2/5 7591/2/5
f 7593/4/5 7567/4/5 7566/4/5
f 7593/2/5 7566/2/5 7592/2/5
f 7594/1/5 7568/1/5 7567/1/5
f 7594/4/5 7567/4/5 7593/4/5
f 7595/4/5 7569/4/5 7568/4/5
f 7595/1/5 7568/1/5 7594/1/5
f 7596/2/5 7570/2/5 7569/2/5
f 7596/4/5 7569/4/5 7595/4/5
f 7597/4/5 7572/4/5 7571/4/5
f 7597/1/5 7571/1/5 7570/1/5
f 7598/2/5 7573/2/5 7572/2/5
f 7598/4/5 7572/4/5 7597/4/5
f 7599/4/5 7575/4/5 7574/4/5
f 7600/2/5 7576/2/5 7575/2/5
f 7600/4/5 7575/4/5 7599/4/5
f 7601/4/5 7577/4/5 7576/4/5
f 7601/2/5 7576/2/5 7600/2/5
f 7602/2/5 7579/2/5 7578/2/5
f 7602/4/5 7577/4/5 7601/4/5
f 7602/2/5 7578/2/5 7577/2/5
f 7603/2/5 7579/2/5 7602/2/5
f 7604/1/5 7580/1/5 7579/1/5
f 7604/2/5 7579/2/5 7603/2/5
f 7605/4/5 7582/4/5 7581/4/5
f 7606/2/5 7585/2/5 7584/2/5
f 7606/4/5 7582/4/5 7605/4/5
f 7606/2/5 7583/2/5 7582/2/5
f 7606/2/5 7584/2/5 7583/2/5
f 7607/2/5 7585/2/5 7606/2/5
f 7608/4/5 7586/4/5 7585/4/5
f 7608/2/5 7585/2/5 7607/2/5
f 7609/2/5 7587/2/5 7586/2/5
f 7609/4/5 7586/4/5 7608/4/5
f 7610/1/5 7589/1/5 7588/1/5
f 7610/2/5 7588/2/5 7559/2/5
f 7611/2/5 7590/2/5 7589/2/5
f 7611/1/5 7589/1/5 7610/1/5
f 7611/2/5 7592/2/5 7591/2/5
f 7611/2/5 7591/2/5 7590/2/5
f 7612/2/5 7592/2/5 7611/2/5
f 7613/2/5 7592/2/5 7612/2/5
f 7614/2/5 7592/2/5 7613/2/5
f 7615/1/5 7595/1/5 7594/1/5
f 7615/2/5 7592/2/5 7614/2/5
f 7615/1/5 7594/1/5 7593/1/5
f 7615/1/5 7593/1/5 7592/1/5
f 7616/1/5 7595/1/5 7615/1/5
f 7617/2/5 7596/2/5 7595/2/5
f 7617/1/5 7595/1/5 7616/1/5
f 7618/2/5 7570/2/5 7596/2/5
f 7618/2/5 7596/2/5 7617/2/5
f 7619/2/5 7570/2/5 7618/2/5
f 7620/1/5 7597/1/5 7570/1/5
f 7620/2/5 7570/2/5 7619/2/5
f 7621/2/5 7598/2/5 7597/2/5
f 7621/1/5 7597/1/5 7620/1/5
f 7622/1/5 7603/1/5 7602/1/5
f 7622/1/5 7601/1/5 7600/1/5
f 7622/1/5 7600/1/5 7599/1/5
f 7622/1/5 7602/1/5 7601/1/5
f 7623/1/5 7603/1/5 7622/1/5
f 7624/1/5 7603/1/5 7623/1/5
f 7625/1/5 7603/1/5 7624/1/5
f 7626/4/5 7604/4/5 7603/4/5
f 7626/1/5 7603/1/5 7625/1/5
f 7627/1/5 7580/1/5 7604/1/5
f 7627/4/5 7604/4/5 7626/4/5
f 7628/1/5 7607/1/5 7606/1/5
f 7628/1/5 7606/1/5 7605/1/5
f 7629/1/5 7607/1/5 7628/1/5
f 7630/1/5 7607/1/5 7629/1/5
f 7631/4/5 7608/4/5 7607/4/5
f 7631/1/5 7607/1/5 7630/1/5
f 7632/1/5 7609/1/5 7608/1/5
f 7632/4/5 7608/4/5 7631/4/5
f 7633/2/5 7587/2/5 7609/2/5
f 7633/1/5 7609/1/5 7632/1/5
f 7634/2/5 7610/2/5 7559/2/5
f 7635/4/5 7611/4/5 7610/4/5
f 7635/2/5 7610/2/5 7634/2/5
f 7636/1/5 7612/1/5 7611/1/5
f 7636/4/5 7611/4/5 7635/4/5
f 7637/4/5 7613/4/5 7612/4/5
f 7637/1/5 7612/1/5 7636/1/5
f 7638/2/5 7614/2/5 7613/2/5
f 7638/4/5 7613/4/5 7637/4/5
f 7639/1/5 7615/1/5 7614/1/5
f 7639/2/5 7614/2/5 7638/2/5
f 7640/4/5 7616/4/5 7615/4/5
f 7640/1/5 7615/1/5 7639/1/5
f 7641/2/5 7617/2/5 7616/2/5
f 7641/2/5 7618/2/5 7617/2/5
f 7642/2/5 7618/2/5 7641/2/5
f 7643/1/5 7619/1/5 7618/1/5
f 7643/2/5 7618/2/5 7642/2/5
f 7644/4/5 7620/4/5 7619/4/5
f 7644/1/5 7619/1/5 7643/1/5
f 7645/2/5 7621/2/5 7620/2/5
f 7645/4/5 7620/4/5 7644/4/5
f 7646/2/5 7598/2/5 7621/2/5
f 7646/2/5 7621/2/5 7645/2/5
f 7647/2/5 7573/2/5 7598/2/5
f 7647/2/5 7598/2/5 7646/2/5
f 7648/2/5 7623/2/5 7622/2/5
f 7649/4/5 7624/4/5 7623/4/5
f 7649/2/5 7623/2/5 7648/2/5
f 7650/2/5 7625/2/5 7624/2/5
f 7650/4/5 7624/4/5 7649/4/5
f 7651/4/5 7626/4/5 7625/4/5
f 7651/2/5 7625/2/5 7650/2/5
f 7652/2/5 7627/2/5 7626/2/5
f 7652/4/5 7626/4/5 7651/4/5
f 7653/2/5 7629/2/5 7628/2/5
f 7654/1/5 7630/1/5 7629/1/5
f 7654/2/5 7629/2/5 7653/2/5
f 7655/4/5 7631/4/5 7630/4/5
f 7655/1/5 7630/1/5 7654/1/5
f 7656/2/5 7632/2/5 7631/2/5
f 7656/4/5 7631/4/5 7655/4/5
f 7657/2/5 7587/2/5 7633/2/5
f 7658/2/5 7587/2/5 7657/2/5
f 7659/4/5 7635/4/5 7634/4/5
f 7660/2/5 7637/2/5 7636/2/5
f 7660/4/5 7635/4/5 7659/4/5
f 7660/2/5 7636/2/5 7635/2/5
f 7660/2/5 7638/2/5 7637/2/5
f 7661/1/5 7639/1/5 7638/1/5
f 7661/2/5 7638/2/5 7660/2/5
f 7662/4/5 7640/4/5 7639/4/5
f 7662/1/5 7639/1/5 7661/1/5
f 7663/4/5 7616/4/5 7640/4/5
f 7663/4/5 7640/4/5 7662/4/5
f 7663/2/5 7641/2/5 7616/2/5
f 7664/1/5 7642/1/5 7641/1/5
f 7664/2/5 7641/2/5 7663/2/5
f 7665/4/5 7643/4/5 7642/4/5
f 7665/1/5 7642/1/5 7664/1/5
f 7666/2/5 7645/2/5 7644/2/5
f 7666/4/5 7643/4/5 7665/4/5
f 7666/2/5 7644/2/5 7643/2/5
f 7667/4/5 7646/4/5 7645/4/5
f 7667/2/5 7645/2/5 7666/2/5
f 7668/1/5 7647/1/5 7646/1/5
f 7668/4/5 7646/4/5 7667/4/5
f 7669/1/5 7647/1/5 7668/1/5
f 7670/2/5 7648/2/5 7622/2/5
f 7671/1/5 7649/1/5 7648/1/5
f 7671/2/5 7648/2/5 7670/2/5
f 7671/1/5 7650/1/5 7649/1/5
f 7672/2/5 7651/2/5 7650/2/5
f 7672/1/5 7650/1/5 7671/1/5
f 7673/1/5 7652/1/5 7651/1/5
f 7673/2/5 7651/2/5 7672/2/5
f 7674/2/5 7627/2/5 7652/2/5
f 7674/1/5 7652/1/5 7673/1/5
f 7675/1/5 7580/1/5 7627/1/5
f 7675/2/5 7627/2/5 7674/2/5
f 7676/1/5 7580/1/5 7675/1/5
f 7677/2/5 7653/2/5 7628/2/5
f 7678/1/5 7655/1/5 7654/1/5
f 7678/2/5 7653/2/5 7677/2/5
f 7678/1/5 7654/1/5 7653/1/5
f 7678/1/5 7656/1/5 7655/1/5
f 7679/2/5 7632/2/5 7656/2/5
f 7679/1/5 7656/1/5 7678/1/5
f 7680/4/5 7633/4/5 7632/4/5
f 7680/2/5 7632/2/5 7679/2/5
f 7681/2/5 7657/2/5 7633/2/5
f 7681/4/5 7633/4/5 7680/4/5
f 7682/4/5 7658/4/5 7657/4/5
f 7682/2/5 7657/2/5 7681/2/5
f 7683/4/5 7658/4/5 7682/4/5
f 7704/1/5 7686/1/5 7685/1/5
f 7705/1/5 7686/1/5 7704/1/5
f 7706/1/5 7686/1/5 7705/1/5
f 7707/1/5 7686/1/5 7706/1/5
f 7708/1/5 7686/1/5 7707/1/5
f 7709/1/5 7686/1/5 7708/1/5
f 7710/2/5 7687/2/5 7686/2/5
f 7710/1/5 7686/1/5 7709/1/5
f 7711/2/5 7687/2/5 7710/2/5
f 7712/1/5 7689/1/5 7688/1/5
f 7713/1/5 7689/1/5 7712/1/5
f 7714/1/5 7689/1/5 7713/1/5
f 7715/2/5 7690/2/5 7689/2/5
f 7715/1/5 7689/1/5 7714/1/5
f 7716/1/5 7691/1/5 7690/1/5
f 7716/2/5 7690/2/5 7715/2/5
f 7717/1/5 7691/1/5 7716/1/5
f 7718/2/5 7692/2/5 7691/2/5
f 7718/1/5 7693/1/5 7692/1/5
f 7719/1/5 7693/1/5 7718/1/5
f 7720/2/5 7695/2/5 7694/2/5
f 7720/1/5 7696/1/5 7695/1/5
f 7721/1/5 7696/1/5 7720/1/5
f 7722/1/5 7696/1/5 7721/1/5
f 7723/1/5 7696/1/5 7722/1/5
f 7724/2/5 7697/2/5 7696/2/5
f 7724/1/5 7696/1/5 7723/1/5
f 7725/1/5 7698/1/5 7697/1/5
f 7725/2/5 7697/2/5 7724/2/5
f 7726/1/5 7698/1/5 7725/1/5
f 7727/4/5 7699/4/5 7698/4/5
f 7727/1/5 7698/1/5 7726/1/5
f 7728/2/5 7700/2/5 7699/2/5
f 7728/4/5 7699/4/5 7727/4/5
f 7729/1/5 7701/1/5 7700/1/5
f 7729/2/5 7700/2/5 7728/2/5
f 7730/1/5 7701/1/5 7729/1/5
f 7731/4/5 7702/4/5 7701/4/5
f 7731/1/5 7701/1/5 7730/1/5
f 7732/2/5 7703/2/5 7702/2/5
f 7732/4/5 7702/4/5 7731/4/5
f 7733/1/5 7704/1/5 7685/1/5
f 7733/4/5 7705/4/5 7704/4/5
f 7734/2/5 7706/2/5 7705/2/5
f 7734/4/5 7705/4/5 7733/4/5
f 7735/1/5 7707/1/5 7706/1/5
f 7735/4/5 7708/4/5 7707/4/5
f 7736/1/5 7709/1/5 7708/1/5
f 7736/4/5 7708/4/5 7735/4/5
f 7737/4/5 7710/4/5 7709/4/5
f 7737/1/5 7709/1/5 7736/1/5
f 7738/1/5 7711/1/5 7710/1/5
f 7738/4/5 7710/4/5 7737/4/5
f 7739/1/5 7711/1/5 7738/1/5
f 7740/2/5 7713/2/5 7712/2/5
f 7741/1/5 7714/1/5 7713/1/5
f 7741/2/5 7713/2/5 7740/2/5
f 7742/2/5 7715/2/5 7714/2/5
f 7742/2/5 7717/2/5 7716/2/5
f 7742/2/5 7716/2/5 7715/2/5
f 7743/1/5 7691/1/5 7717/1/5
f 7743/2/5 7717/2/5 7742/2/5
f 7744/2/5 7719/2/5 7718/2/5
f 7744/2/5 7718/2/5 7691/2/5
f 7745/1/5 7693/1/5 7719/1/5
f 7745/2/5 7719/2/5 7744/2/5
f 7746/2/5 7720/2/5 7694/2/5
f 7746/2/5 7721/2/5 7720/2/5
f 7747/1/5 7722/1/5 7721/1/5
f 7747/2/5 7721/2/5 7746/2/5
f 7748/4/5 7723/4/5 7722/4/5
f 7748/1/5 7722/1/5 7747/1/5
f 7749/2/5 7724/2/5 7723/2/5
f 7749/4/5 7723/4/5 7748/4/5
f 7749/2/5 7726/2/5 7725/2/5
f 7749/2/5 7725/2/5 7724/2/5
f 7750/2/5 7726/2/5 7749/2/5
f 7751/1/5 7727/1/5 7726/1/5
f 7751/2/5 7726/2/5 7750/2/5
f 7752/2/5 7729/2/5 7728/2/5
f 7752/2/5 7728/2/5 7727/2/5
f 7752/2/5 7730/2/5 7729/2/5
f 7753/1/5 7731/1/5 7730/1/5
f 7753/2/5 7730/2/5 7752/2/5
f 7753/1/5 7732/1/5 7731/1/5
f 7754/1/5 7732/1/5 7753/1/5
f 7755/1/5 7732/1/5 7754/1/5
f 7756/2/5 7703/2/5 7732/2/5
f 7756/1/5 7732/1/5 7755/1/5
f 7757/2/5 7685/2/5 7684/2/5
f 7758/1/5 7733/1/5 7685/1/5
f 7758/2/5 7685/2/5 7757/2/5
f 7759/2/5 7734/2/5 7733/2/5
f 7759/1/5 7733/1/5 7758/1/5
f 7760/1/5 7735/1/5 7706/1/5
f 7760/2/5 7734/2/5 7759/2/5
f 7760/2/5 7706/2/5 7734/2/5
f 7761/2/5 7737/2/5 7736/2/5
f 7761/2/5 7736/2/5 7735/2/5
f 7761/2/5 7739/2/5 7738/2/5
f 7761/2/5 7738/2/5 7737/2/5
f 7762/2/5 7739/2/5 7761/2/5
f 7763/2/5 7739/2/5 7762/2/5
f 7764/2/5 7739/2/5 7763/2/5
f 7765/2/5 7739/2/5 7764/2/5
f 7766/4/5 7741/4/5 7740/4/5
f 7767/1/5 7714/1/5 7741/1/5
f 7767/4/5 7741/4/5 7766/4/5
f 7768/2/5 7742/2/5 7714/2/5
f 7768/1/5 7714/1/5 7767/1/5
f 7769/2/5 7742/2/5 7768/2/5
f 7770/4/5 7743/4/5 7742/4/5
f 7770/2/5 7742/2/5 7769/2/5
f 7771/2/5 7744/2/5 7691/2/5
f 7771/1/5 7691/1/5 7743/1/5
f 7772/4/5 7745/4/5 7744/4/5
f 7772/2/5 7744/2/5 7771/2/5
f 7773/1/5 7693/1/5 7745/1/5
f 7773/4/5 7745/4/5 7772/4/5
f 7774/4/5 7747/4/5 7746/4/5
f 7775/4/5 7747/4/5 7774/4/5
f 7776/4/5 7747/4/5 7775/4/5
f 7777/1/5 7748/1/5 7747/1/5
f 7777/4/5 7747/4/5 7776/4/5
f 7778/2/5 7750/2/5 7749/2/5
f 7778/1/5 7748/1/5 7777/1/5
f 7778/2/5 7749/2/5 7748/2/5
f 7779/2/5 7750/2/5 7778/2/5
f 7780/2/5 7750/2/5 7779/2/5
f 7781/4/5 7751/4/5 7750/4/5
f 7781/2/5 7750/2/5 7780/2/5
f 7782/4/5 7751/4/5 7781/4/5
f 7783/1/5 7727/1/5 7751/1/5
f 7783/4/5 7751/4/5 7782/4/5
f 7784/2/5 7752/2/5 7727/2/5
f 7784/1/5 7727/1/5 7783/1/5
f 7785/4/5 7754/4/5 7753/4/5
f 7785/2/5 7752/2/5 7784/2/5
f 7785/4/5 7753/4/5 7752/4/5
f 7786/1/5 7755/1/5 7754/1/5
f 7786/4/5 7754/4/5 7785/4/5
f 7787/2/5 7756/2/5 7755/2/5
f 7787/1/5 7755/1/5 7786/1/5
f 7788/2/5 7703/2/5 7756/2/5
f 7788/2/5 7756/2/5 7787/2/5
f 7789/1/5 7759/1/5 7758/1/5
f 7789/1/5 7758/1/5 7757/1/5
f 7789/1/5 7760/1/5 7759/1/5
f 7790/1/5 7760/1/5 7789/1/5
f 7791/1/5 7760/1/5 7790/1/5
f 7792/1/5 7735/1/5 7760/1/5
f 7792/1/5 7760/1/5 7791/1/5
f 7793/2/5 7761/2/5 7735/2/5
f 7793/1/5 7735/1/5 7792/1/5
f 7794/4/5 7762/4/5 7761/4/5
f 7794/2/5 7761/2/5 7793/2/5
f 7795/1/5 7763/1/5 7762/1/5
f 7795/4/5 7762/4/5 7794/4/5
f 7796/2/5 7764/2/5 7763/2/5
f 7796/1/5 7763/1/5 7795/1/5
f 7797/1/5 7765/1/5 7764/1/5
f 7797/2/5 7764/2/5 7796/2/5
f 7798/1/5 7767/1/5 7766/1/5
f 7798/1/5 7769/1/5 7768/1/5
f 7798/1/5 7768/1/5 7767/1/5
f 7799/4/5 7770/4/5 7769/4/5
f 7799/1/5 7769/1/5 7798/1/5
f 7800/4/5 7743/4/5 7770/4/5
f 7800/4/5 7770/4/5 7799/4/5
f 7800/1/5 7772/1/5 7771/1/5
f 7800/1/5 7771/1/5 7743/1/5
f 7800/1/5 7773/1/5 7772/1/5
f 7801/1/5 7693/1/5 7773/1/5
f 7801/1/5 7773/1/5 7800/1/5
f 7802/1/5 7775/1/5 7774/1/5
f 7803/4/5 7776/4/5 7775/4/5
f 7803/1/5 7775/1/5 7802/1/5
f 7804/1/5 7777/1/5 7776/1/5
f 7804/4/5 7776/4/5 7803/4/5
f 7804/1/5 7779/1/5 7778/1/5
f 7804/1/5 7778/1/5 7777/1/5
f 7805/2/5 7780/2/5 7779/2/5
f 7805/1/5 7779/1/5 7804/1/5
f 7806/4/5 7782/4/5 7781/4/5
f 7806/2/5 7780/2/5 7805/2/5
f 7806/4/5 7781/4/5 7780/4/5
f 7807/1/5 7787/1/5 7786/1/5
f 7807/4/5 7782/4/5 7806/4/5
f 7807/1/5 7783/1/5 7782/1/5
f 7807/1/5 7785/1/5 7784/1/5
f 7807/1/5 7786/1/5 7785/1/5
f 7807/1/5 7788/1/5 7787/1/5
f 7807/1/5 7784/1/5 7783/1/5
f 7808/1/5 7788/1/5 7807/1/5
f 7809/1/5 7788/1/5 7808/1/5
f 7810/1/5 7788/1/5 7809/1/5
f 7811/1/5 7788/1/5 7810/1/5
f 7812/3/5 7790/3/5 7789/3/5
f 7813/1/5 7791/1/5 7790/1/5
f 7813/3/5 7790/3/5 7812/3/5
f 7814/4/5 7792/4/5 7791/4/5
f 7814/1/5 7791/1/5 7813/1/5
f 7815/2/5 7793/2/5 7792/2/5
f 7815/4/5 7792/4/5 7814/4/5
f 7816/1/5 7794/1/5 7793/1/5
f 7816/2/5 7793/2/5 7815/2/5
f 7816/1/5 7796/1/5 7795/1/5
f 7816/1/5 7795/1/5 7794/1/5
f 7816/1/5 7797/1/5 7796/1/5
f 7817/1/5 7797/1/5 7816/1/5
f 7818/1/5 7797/1/5 7817/1/5
f 7819/1/5 7797/1/5 7818/1/5
f 7820/1/5 7765/1/5 7797/1/5
f 7820/1/5 7797/1/5 7819/1/5
f 7821/1/5 7765/1/5 7820/1/5
f 7822/2/5 7799/2/5 7798/2/5
f 7823/2/5 7799/2/5 7822/2/5
f 7824/2/5 7799/2/5 7823/2/5
f 7825/1/5 7800/1/5 7799/1/5
f 7825/2/5 7799/2/5 7824/2/5
f 7826/1/5 7800/1/5 7825/1/5
f 7827/2/5 7801/2/5 7800/2/5
f 7827/1/5 7800/1/5 7826/1/5
f 7828/2/5 7801/2/5 7827/2/5
f 7829/2/5 7801/2/5 7828/2/5
f 7830/2/5 7803/2/5 7802/2/5
f 7831/1/5 7804/1/5 7803/1/5
f 7831/2/5 7803/2/5 7830/2/5
f 7832/2/5 7805/2/5 7804/2/5
f 7833/1/5 7806/1/5 7805/1/5
f 7833/2/5 7805/2/5 7832/2/5
f 7833/1/5 7807/1/5 7806/1/5
f 7833/1/5 7808/1/5 7807/1/5
f 7834/1/5 7808/1/5 7833/1/5
f 7835/1/5 7808/1/5 7834/1/5
f 7836/2/5 7809/2/5 7808/2/5
f 7836/1/5 7808/1/5 7835/1/5
f 7837/2/5 7809/2/5 7836/2/5
f 7838/2/5 7809/2/5 7837/2/5
f 7839/1/5 7810/1/5 7809/1/5
f 7839/2/5 7809/2/5 7838/2/5
f 7840/3/5 7811/3/5 7810/3/5
f 7840/1/5 7810/1/5 7839/1/5
f 7841/3/5 7811/3/5 7840/3/5
f 7842/1/5 7814/1/5 7813/1/5
f 7842/1/5 7813/1/5 7812/1/5
f 7843/1/5 7814/1/5 7842/1/5
f 7844/2/5 7815/2/5 7814/2/5
f 7844/2/5 7816/2/5 7815/2/5
f 7844/2/5 7817/2/5 7816/2/5
f 7845/4/5 7818/4/5 7817/4/5
f 7845/2/5 7817/2/5 7844/2/5
f 7846/4/5 7821/4/5 7820/4/5
f 7846/1/5 7820/1/5 7819/1/5
f 7847/4/5 7821/4/5 7846/4/5
f 7848/2/5 7824/2/5 7823/2/5
f 7848/4/5 7823/4/5 7822/4/5
f 7849/2/5 7824/2/5 7848/2/5
f 7850/4/5 7826/4/5 7825/4/5
f 7850/4/5 7825/4/5 7824/4/5
f 7851/2/5 7828/2/5 7827/2/5
f 7851/4/5 7826/4/5 7850/4/5
f 7851/2/5 7827/2/5 7826/2/5
f 7852/2/5 7830/2/5 7802/2/5
f 7853/4/5 7831/4/5 7830/4/5
f 7853/2/5 7830/2/5 7852/2/5
f 7854/2/5 7832/2/5 7804/2/5
f 7854/1/5 7804/1/5 7831/1/5
f 7855/2/5 7832/2/5 7854/2/5
f 7856/4/5 7835/4/5 7834/4/5
f 7856/1/5 7834/1/5 7833/1/5
f 7857/2/5 7836/2/5 7835/2/5
f 7857/4/5 7835/4/5 7856/4/5
f 7857/2/5 7837/2/5 7836/2/5
f 7858/1/5 7839/1/5 7838/1/5
f 7858/4/5 7840/4/5 7839/4/5
f 7859/1/5 7841/1/5 7840/1/5
f 7859/4/5 7840/4/5 7858/4/5
f 7860/1/5 7841/1/5 7859/1/5
f 7861/3/5 7843/3/5 7842/3/5
f 7862/1/5 7814/1/5 7843/1/5
f 7862/3/5 7843/3/5 7861/3/5
f 7863/2/5 7844/2/5 7814/2/5
f 7863/1/5 7814/1/5 7862/1/5
f 7864/2/5 7844/2/5 7863/2/5
f 7865/4/5 7845/4/5 7844/4/5
f 7865/2/5 7844/2/5 7864/2/5
f 7866/4/5 7818/4/5 7845/4/5
f 7866/4/5 7845/4/5 7865/4/5
f 7867/2/5 7819/2/5 7818/2/5
f 7867/4/5 7818/4/5 7866/4/5
f 7868/4/5 7849/4/5 7848/4/5
f 7868/4/5 7848/4/5 7822/4/5
f 7869/2/5 7824/2/5 7849/2/5
f 7869/4/5 7849/4/5 7868/4/5
f 7870/4/5 7850/4/5 7824/4/5
f 7870/2/5 7824/2/5 7869/2/5
f 7871/2/5 7851/2/5 7850/2/5
f 7871/4/5 7850/4/5 7870/4/5
f 7872/2/5 7828/2/5 7851/2/5
f 7872/2/5 7851/2/5 7871/2/5
f 7873/1/5 7829/1/5 7828/1/5
f 7873/2/5 7828/2/5 7872/2/5
f 7874/4/5 7853/4/5 7852/4/5
f 7875/4/5 7831/4/5 7853/4/5
f 7875/4/5 7853/4/5 7874/4/5
f 7875/1/5 7854/1/5 7831/1/5
f 7876/4/5 7855/4/5 7854/4/5
f 7876/1/5 7854/1/5 7875/1/5
f 7877/2/5 7832/2/5 7855/2/5
f 7877/4/5 7855/4/5 7876/4/5
f 7878/4/5 7833/4/5 7832/4/5
f 7878/2/5 7832/2/5 7877/2/5
f 7879/1/5 7856/1/5 7833/1/5
f 7879/4/5 7833/4/5 7878/4/5
f 7880/2/5 7857/2/5 7856/2/5
f 7880/1/5 7856/1/5 7879/1/5
f 7881/2/5 7837/2/5 7857/2/5
f 7881/2/5 7857/2/5 7880/2/5
f 7882/2/5 7837/2/5 7881/2/5
f 7883/4/5 7838/4/5 7837/4/5
f 7883/2/5 7837/2/5 7882/2/5
f 7884/1/5 7858/1/5 7838/1/5
f 7884/4/5 7838/4/5 7883/4/5
f 7885/2/5 7859/2/5 7858/2/5
f 7885/3/5 7860/3/5 7859/3/5
f 7886/3/5 7860/3/5 7885/3/5
f 7887/1/5 7862/1/5 7861/1/5
f 7888/2/5 7864/2/5 7863/2/5
f 7888/1/5 7862/1/5 7887/1/5
f 7888/2/5 7863/2/5 7862/2/5
f 7889/1/5 7866/1/5 7865/1/5
f 7889/2/5 7864/2/5 7888/2/5
f 7889/1/5 7865/1/5 7864/1/5
f 7890/1/5 7866/1/5 7889/1/5
f 7891/2/5 7867/2/5 7866/2/5
f 7891/1/5 7866/1/5 7890/1/5
f 7892/1/5 7846/1/5 7819/1/5
f 7892/2/5 7867/2/5 7891/2/5
f 7892/2/5 7819/2/5 7867/2/5
f 7893/2/5 7847/2/5 7846/2/5
f 7893/1/5 7846/1/5 7892/1/5
f 7894/2/5 7847/2/5 7893/2/5
f 7895/1/5 7872/1/5 7871/1/5
f 7895/1/5 7871/1/5 7870/1/5
f 7895/1/5 7869/1/5 7868/1/5
f 7895/1/5 7870/1/5 7869/1/5
f 7896/1/5 7872/1/5 7895/1/5
f 7897/1/5 7872/1/5 7896/1/5
f 7898/1/5 7872/1/5 7897/1/5
f 7899/1/5 7872/1/5 7898/1/5
f 7900/1/5 7872/1/5 7899/1/5
f 7901/4/5 7873/4/5 7872/4/5
f 7901/1/5 7872/1/5 7900/1/5
f 7902/1/5 7829/1/5 7873/1/5
f 7902/4/5 7873/4/5 7901/4/5
f 7903/1/5 7880/1/5 7879/1/5
f 7903/1/5 7876/1/5 7875/1/5
f 7903/1/5 7881/1/5 7880/1/5
f 7903/1/5 7877/1/5 7876/1/5
f 7903/1/5 7875/1/5 7874/1/5
f 7903/1/5 7878/1/5 7877/1/5
f 7903/1/5 7879/1/5 7878/1/5
f 7904/1/5 7881/1/5 7903/1/5
f 7905/1/5 7881/1/5 7904/1/5
f 7906/1/5 7881/1/5 7905/1/5
f 7907/1/5 7881/1/5 7906/1/5
f 7908/1/5 7881/1/5 7907/1/5
f 7909/2/5 7882/2/5 7881/2/5
f 7909/1/5 7881/1/5 7908/1/5
f 7910/4/5 7883/4/5 7882/4/5
f 7910/2/5 7882/2/5 7909/2/5
f 7911/1/5 7884/1/5 7883/1/5
f 7911/4/5 7883/4/5 7910/4/5
f 7912/2/5 7885/2/5 7858/2/5
f 7912/1/5 7884/1/5 7911/1/5
f 7912/1/5 7858/1/5 7884/1/5
f 7913/1/5 7886/1/5 7885/1/5
f 7913/2/5 7885/2/5 7912/2/5
f 7914/1/5 7886/1/5 7913/1/5
f 7915/4/5 7888/4/5 7887/4/5
f 7916/1/5 7889/1/5 7888/1/5
f 7916/4/5 7888/4/5 7915/4/5
f 7916/1/5 7890/1/5 7889/1/5
f 7917/1/5 7890/1/5 7916/1/5
f 7918/1/5 7890/1/5 7917/1/5
f 7919/4/5 7891/4/5 7890/4/5
f 7919/1/5 7890/1/5 7918/1/5
f 7920/1/5 7892/1/5 7891/1/5
f 7920/4/5 7891/4/5 7919/4/5
f 7921/1/5 7892/1/5 7920/1/5
f 7922/4/5 7893/4/5 7892/4/5
f 7922/1/5 7892/1/5 7921/1/5
f 7923/1/5 7894/1/5 7893/1/5
f 7923/4/5 7893/4/5 7922/4/5
f 7924/1/5 7894/1/5 7923/1/5
f 7925/4/5 7896/4/5 7895/4/5
f 7926/2/5 7897/2/5 7896/2/5
f 7926/4/5 7896/4/5 7925/4/5
f 7927/1/5 7898/1/5 7897/1/5
f 7927/2/5 7897/2/5 7926/2/5
f 7928/4/5 7899/4/5 7898/4/5
f 7928/1/5 7898/1/5 7927/1/5
f 7929/2/5 7900/2/5 7899/2/5
f 7929/4/5 7899/4/5 7928/4/5
f 7930/1/5 7901/1/5 7900/1/5
f 7930/2/5 7900/2/5 7929/2/5
f 7930/1/5 7902/1/5 7901/1/5
f 7931/1/5 7902/1/5 7930/1/5
f 7932/1/5 7829/1/5 7902/1/5
f 7932/1/5 7902/1/5 7931/1/5
f 7933/1/5 7903/1/5 7874/1/5
f 7934/4/5 7904/4/5 7903/4/5
f 7934/1/5 7903/1/5 7933/1/5
f 7935/2/5 7905/2/5 7904/2/5
f 7935/4/5 7904/4/5 7934/4/5
f 7936/1/5 7906/1/5 7905/1/5
f 7936/2/5 7905/2/5 7935/2/5
f 7937/1/5 7906/1/5 7936/1/5
f 7938/4/5 7907/4/5 7906/4/5
f 7938/1/5 7906/1/5 7937/1/5
f 7939/2/5 7908/2/5 7907/2/5
f 7939/4/5 7907/4/5 7938/4/5
f 7940/1/5 7911/1/5 7910/1/5
f 7940/2/5 7908/2/5 7939/2/5
f 7940/1/5 7909/1/5 7908/1/5
f 7940/1/5 7912/1/5 7911/1/5
f 7940/1/5 7910/1/5 7909/1/5
f 7940/1/5 7913/1/5 7912/1/5
f 7941/1/5 7913/1/5 7940/1/5
f 7942/1/5 7913/1/5 7941/1/5
f 7943/1/5 7913/1/5 7942/1/5
f 7944/1/5 7913/1/5 7943/1/5
f 7945/1/5 7913/1/5 7944/1/5
f 7946/4/5 7914/4/5 7913/4/5
f 7946/1/5 7913/1/5 7945/1/5
f 7947/4/5 7914/4/5 7946/4/5
f 7948/4/5 7919/4/5 7918/4/5
f 7948/2/5 7918/2/5 7917/2/5
f 7949/2/5 7921/2/5 7920/2/5
f 7949/4/5 7919/4/5 7948/4/5
f 7949/2/5 7920/2/5 7919/2/5
f 7950/2/5 7927/2/5 7926/2/5
f 7950/2/5 7926/2/5 7925/2/5
f 7951/2/5 7927/2/5 7950/2/5
f 7952/4/5 7928/4/5 7927/4/5
f 7952/2/5 7927/2/5 7951/2/5
f 7953/2/5 7929/2/5 7928/2/5
f 7953/4/5 7928/4/5 7952/4/5
f 7953/2/5 7930/2/5 7929/2/5
f 7954/2/5 7930/2/5 7953/2/5
f 7955/4/5 7931/4/5 7930/4/5
f 7955/2/5 7930/2/5 7954/2/5
f 7956/2/5 7932/2/5 7931/2/5
f 7957/1/5 7829/1/5 7932/1/5
f 7957/2/5 7932/2/5 7956/2/5
f 7958/4/5 7934/4/5 7933/4/5
f 7959/2/5 7936/2/5 7935/2/5
f 7959/4/5 7934/4/5 7958/4/5
f 7959/2/5 7935/2/5 7934/2/5
f 7960/2/5 7936/2/5 7959/2/5
f 7961/4/5 7937/4/5 7936/4/5
f 7961/2/5 7936/2/5 7960/2/5
f 7962/2/5 7939/2/5 7938/2/5
f 7962/1/5 7938/1/5 7937/1/5
f 7962/2/5 7940/2/5 7939/2/5
f 7963/2/5 7940/2/5 7962/2/5
f 7964/4/5 7941/4/5 7940/4/5
f 7964/2/5 7940/2/5 7963/2/5
f 7965/2/5 7943/2/5 7942/2/5
f 7966/4/5 7944/4/5 7943/4/5
f 7966/2/5 7943/2/5 7965/2/5
f 7967/1/5 7945/1/5 7944/1/5
f 7967/4/5 7944/4/5 7966/4/5
f 7968/2/5 7916/2/5 7915/2/5
f 7969/1/5 7917/1/5 7916/1/5
f 7969/2/5 7916/2/5 7968/2/5
f 7970/2/5 7948/2/5 7917/2/5
f 7970/1/5 7917/1/5 7969/1/5
f 7970/2/5 7949/2/5 7948/2/5
f 7971/2/5 7949/2/5 7970/2/5
f 7972/2/5 7949/2/5 7971/2/5
f 7973/2/5 7921/2/5 7949/2/5
f 7973/2/5 7949/2/5 7972/2/5
f 7974/2/5 7921/2/5 7973/2/5
f 7975/1/5 7922/1/5 7921/1/5
f 7975/2/5 7921/2/5 7974/2/5
f 7976/2/5 7923/2/5 7922/2/5
f 7976/1/5 7922/1/5 7975/1/5
f 7976/2/5 7924/2/5 7923/2/5
f 7977/2/5 7924/2/5 7976/2/5
f 7978/1/5 7951/1/5 7950/1/5
f 7979/4/5 7952/4/5 7951/4/5
f 7979/1/5 7951/1/5 7978/1/5
f 7979/4/5 7953/4/5 7952/4/5
f 7980/4/5 7953/4/5 7979/4/5
f 7981/1/5 7954/1/5 7953/1/5
f 7981/4/5 7953/4/5 7980/4/5
f 7982/4/5 7955/4/5 7954/4/5
f 7982/1/5 7954/1/5 7981/1/5
f 7983/4/5 7931/4/5 7955/4/5
f 7983/4/5 7955/4/5 7982/4/5
f 7983/2/5 7956/2/5 7931/2/5
f 7984/4/5 7957/4/5 7956/4/5
f 7984/2/5 7956/2/5 7983/2/5
f 7985/1/5 7829/1/5 7957/1/5
f 7985/4/5 7957/4/5 7984/4/5
f 7986/1/5 7960/1/5 7959/1/5
f 7986/1/5 7959/1/5 7958/1/5
f 7987/4/5 7961/4/5 7960/4/5
f 7987/1/5 7960/1/5 7986/1/5
f 7988/4/5 7961/4/5 7987/4/5
f 7989/4/5 7937/4/5 7961/4/5
f 7989/4/5 7961/4/5 7988/4/5
f 7990/1/5 7963/1/5 7962/1/5
f 7990/4/5 7937/4/5 7989/4/5
f 7990/1/5 7962/1/5 7937/1/5
f 7991/1/5 7963/1/5 7990/1/5
f 7992/4/5 7964/4/5 7963/4/5
f 7992/1/5 7963/1/5 7991/1/5
f 7993/1/5 7942/1/5 7941/1/5
f 7993/4/5 7964/4/5 7992/4/5
f 7993/4/5 7941/4/5 7964/4/5
f 7994/2/5 7965/2/5 7942/2/5
f 7994/1/5 7942/1/5 7993/1/5
f 7995/4/5 7966/4/5 7965/4/5
f 7995/2/5 7965/2/5 7994/2/5
f 7996/1/5 7967/1/5 7966/1/5
f 7996/4/5 7966/4/5 7995/4/5
f 7997/2/5 7947/2/5 7946/2/5
f 7997/2/5 7946/2/5 7945/2/5
f 7998/2/5 7947/2/5 7997/2/5
f 7999/3/5 7969/3/5 7968/3/5
f 8000/1/5 7970/1/5 7969/1/5
f 8000/3/5 7969/3/5 7999/3/5
f 8000/1/5 7971/1/5 7970/1/5
f 8001/4/5 7972/4/5 7971/4/5
f 8001/1/5 7971/1/5 8000/1/5
f 8002/1/5 7973/1/5 7972/1/5
f 8002/4/5 7972/4/5 8001/4/5
f 8003/2/5 7974/2/5 7973/2/5
f 8003/1/5 7973/1/5 8002/1/5
f 8004/1/5 7975/1/5 7974/1/5
f 8004/2/5 7974/2/5 8003/2/5
f 8004/1/5 7977/1/5 7976/1/5
f 8004/1/5 7976/1/5 7975/1/5
f 8005/2/5 7924/2/5 7977/2/5
f 8005/1/5 7977/1/5 8004/1/5
f 8006/2/5 7924/2/5 8005/2/5
f 8007/2/5 7979/2/5 7978/2/5
f 8008/4/5 7980/4/5 7979/4/5
f 8008/2/5 7979/2/5 8007/2/5
f 8009/1/5 7982/1/5 7981/1/5
f 8009/4/5 7980/4/5 8008/4/5
f 8009/1/5 7984/1/5 7983/1/5
f 8009/1/5 7983/1/5 7982/1/5
f 8009/1/5 7985/1/5 7984/1/5
f 8009/1/5 7981/1/5 7980/1/5
f 8010/1/5 7829/1/5 7985/1/5
f 8010/1/5 7985/1/5 8009/1/5
f 8011/2/5 7987/2/5 7986/2/5
f 8012/1/5 7988/1/5 7987/1/5
f 8012/2/5 7987/2/5 8011/2/5
f 8013/4/5 7989/4/5 7988/4/5
f 8013/1/5 7988/1/5 8012/1/5
f 8014/1/5 7990/1/5 7989/1/5
f 8014/4/5 7989/4/5 8013/4/5
f 8014/1/5 7991/1/5 7990/1/5
f 8015/2/5 7992/2/5 7991/2/5
f 8015/1/5 7991/1/5 8014/1/5
f 8016/1/5 7994/1/5 7993/1/5
f 8016/2/5 7992/2/5 8015/2/5
f 8016/1/5 7995/1/5 7994/1/5
f 8016/1/5 7996/1/5 7995/1/5
f 8016/1/5 7993/1/5 7992/1/5
f 8017/1/5 7967/1/5 7996/1/5
f 8017/1/5 7996/1/5 8016/1/5
f 8017/2/5 7997/2/5 7945/2/5
f 8017/1/5 7945/1/5 7967/1/5
f 8018/3/5 7998/3/5 7997/3/5
f 8018/2/5 7997/2/5 8017/2/5
f 8019/3/5 7998/3/5 8018/3/5
f 8057/2/5 8022/2/5 8021/2/5
f 8057/1/5 8023/1/5 8022/1/5
f 8058/2/5 8024/2/5 8023/2/5
f 8058/1/5 8023/1/5 8057/1/5
f 8059/4/5 8025/4/5 8024/4/5
f 8059/2/5 8024/2/5 8058/2/5
f 8060/1/5 8026/1/5 8025/1/5
f 8060/4/5 8025/4/5 8059/4/5
f 8061/4/5 8027/4/5 8026/4/5
f 8061/1/5 8026/1/5 8060/1/5
f 8062/2/5 8028/2/5 8027/2/5
f 8062/4/5 8027/4/5 8061/4/5
f 8063/1/5 8029/1/5 8028/1/5
f 8063/2/5 8028/2/5 8062/2/5
f 8064/4/5 8030/4/5 8029/4/5
f 8064/1/5 8029/1/5 8063/1/5
f 8065/2/5 8034/2/5 8033/2/5
f 8066/1/5 8035/1/5 8034/1/5
f 8066/2/5 8034/2/5 8065/2/5
f 8067/2/5 8036/2/5 8035/2/5
f 8067/1/5 8035/1/5 8066/1/5
f 8068/4/5 8037/4/5 8036/4/5
f 8068/2/5 8036/2/5 8067/2/5
f 8069/1/5 8038/1/5 8037/1/5
f 8069/4/5 8037/4/5 8068/4/5
f 8070/4/5 8039/4/5 8038/4/5
f 8070/1/5 8038/1/5 8069/1/5
f 8071/2/5 8040/2/5 8039/2/5
f 8071/4/5 8039/4/5 8070/4/5
f 8072/1/5 8041/1/5 8040/1/5
f 8072/2/5 8040/2/5 8071/2/5
f 8073/2/5 8042/2/5 8041/2/5
f 8073/1/5 8041/1/5 8072/1/5
f 8074/1/5 8046/1/5 8045/1/5
f 8074/4/5 8047/4/5 8046/4/5
f 8075/2/5 8048/2/5 8047/2/5
f 8075/4/5 8047/4/5 8074/4/5
f 8076/2/5 8048/2/5 8075/2/5
f 8077/1/5 8049/1/5 8048/1/5
f 8077/2/5 8048/2/5 8076/2/5
f 8078/1/5 8049/1/5 8077/1/5
f 8079/2/5 8053/2/5 8052/2/5
f 8079/4/5 8054/4/5 8053/4/5
f 8080/1/5 8055/1/5 8054/1/5
f 8080/4/5 8054/4/5 8079/4/5
f 8081/3/5 8021/3/5 8020/3/5
f 8081/2/5 8057/2/5 8021/2/5
f 8082/4/5 8058/4/5 8057/4/5
f 8082/2/5 8057/2/5 8081/2/5
f 8083/2/5 8059/2/5 8058/2/5
f 8083/4/5 8058/4/5 8082/4/5
f 8083/2/5 8060/2/5 8059/2/5
f 8084/2/5 8060/2/5 8083/2/5
f 8085/1/5 8061/1/5 8060/1/5
f 8085/2/5 8060/2/5 8084/2/5
f 8085/1/5 8062/1/5 8061/1/5
f 8085/1/5 8063/1/5 8062/1/5
f 8086/1/5 8063/1/5 8085/1/5
f 8087/4/5 8064/4/5 8063/4/5
f 8087/1/5 8063/1/5 8086/1/5
f 8088/2/5 8031/2/5 8030/2/5
f 8088/4/5 8064/4/5 8087/4/5
f 8088/4/5 8030/4/5 8064/4/5
f 8089/1/5 8032/1/5 8031/1/5
f 8089/2/5 8031/2/5 8088/2/5
f 8090/2/5 8068/2/5 8067/2/5
f 8090/2/5 8069/2/5 8068/2/5
f 8091/1/5 8070/1/5 8069/1/5
f 8091/2/5 8069/2/5 8090/2/5
f 8091/1/5 8071/1/5 8070/1/5
f 8091/1/5 8072/1/5 8071/1/5
f 8092/1/5 8072/1/5 8091/1/5
f 8093/4/5 8073/4/5 8072/4/5
f 8093/1/5 8072/1/5 8092/1/5
f 8094/2/5 8042/2/5 8073/2/5
f 8094/4/5 8073/4/5 8093/4/5
f 8095/1/5 8043/1/5 8042/1/5
f 8095/2/5 8042/2/5 8094/2/5
f 8096/2/5 8045/2/5 8044/2/5
f 8097/2/5 8045/2/5 8096/2/5
f 8098/1/5 8075/1/5 8074/1/5
f 8098/2/5 8045/2/5 8097/2/5
f 8098/1/5 8074/1/5 8045/1/5
f 8098/1/5 8076/1/5 8075/1/5
f 8099/1/5 8076/1/5 8098/1/5
f 8100/2/5 8077/2/5 8076/2/5
f 8100/1/5 8076/1/5 8099/1/5
f 8101/4/5 8078/4/5 8077/4/5
f 8101/2/5 8077/2/5 8100/2/5
f 8102/4/5 8078/4/5 8101/4/5
f 8103/2/5 8051/2/5 8050/2/5
f 8104/1/5 8052/1/5 8051/1/5
f 8104/2/5 8051/2/5 8103/2/5
f 8105/3/5 8081/3/5 8020/3/5
f 8106/1/5 8082/1/5 8081/1/5
f 8106/3/5 8081/3/5 8105/3/5
f 8107/4/5 8084/4/5 8083/4/5
f 8107/1/5 8082/1/5 8106/1/5
f 8107/4/5 8083/4/5 8082/4/5
f 8108/1/5 8086/1/5 8085/1/5
f 8108/4/5 8084/4/5 8107/4/5
f 8108/1/5 8085/1/5 8084/1/5
f 8109/1/5 8088/1/5 8087/1/5
f 8109/1/5 8089/1/5 8088/1/5
f 8110/1/5 8089/1/5 8109/1/5
f 8111/1/5 8032/1/5 8089/1/5
f 8111/1/5 8089/1/5 8110/1/5
f 8112/1/5 8066/1/5 8065/1/5
f 8112/4/5 8067/4/5 8066/4/5
f 8113/2/5 8090/2/5 8067/2/5
f 8113/4/5 8067/4/5 8112/4/5
f 8114/1/5 8092/1/5 8091/1/5
f 8114/2/5 8090/2/5 8113/2/5
f 8114/1/5 8091/1/5 8090/1/5
f 8115/1/5 8094/1/5 8093/1/5
f 8115/1/5 8095/1/5 8094/1/5
f 8116/1/5 8095/1/5 8115/1/5
f 8117/1/5 8043/1/5 8095/1/5
f 8117/1/5 8095/1/5 8116/1/5
f 8118/1/5 8097/1/5 8096/1/5
f 8118/4/5 8098/4/5 8097/4/5
f 8119/1/5 8099/1/5 8098/1/5
f 8119/4/5 8098/4/5 8118/4/5
f 8120/1/5 8101/1/5 8100/1/5
f 8120/2/5 8100/2/5 8099/2/5
f 8121/2/5 8102/2/5 8101/2/5
f 8121/1/5 8101/1/5 8120/1/5
f 8122/2/5 8102/2/5 8121/2/5
f 8123/4/5 8104/4/5 8103/4/5
f 8124/1/5 8052/1/5 8104/1/5
f 8124/4/5 8104/4/5 8123/4/5
f 8125/2/5 8079/2/5 8052/2/5
f 8125/1/5 8052/1/5 8124/1/5
f 8125/2/5 8080/2/5 8079/2/5
f 8126/2/5 8080/2/5 8125/2/5
f 8127/1/5 8055/1/5 8080/1/5
f 8127/2/5 8080/2/5 8126/2/5
f 8128/3/5 8056/3/5 8055/3/5
f 8128/1/5 8055/1/5 8127/1/5
f 8129/3/5 8056/3/5 8128/3/5
f 8130/4/5 8106/4/5 8105/4/5
f 8131/1/5 8107/1/5 8106/1/5
f 8131/4/5 8106/4/5 8130/4/5
f 8131/1/5 8108/1/5 8107/1/5
f 8132/1/5 8108/1/5 8131/1/5
f 8133/1/5 8108/1/5 8132/1/5
f 8134/1/5 8086/1/5 8108/1/5
f 8134/1/5 8108/1/5 8133/1/5
f 8135/2/5 8087/2/5 8086/2/5
f 8135/1/5 8086/1/5 8134/1/5
f 8136/1/5 8109/1/5 8087/1/5
f 8136/2/5 8087/2/5 8135/2/5
f 8137/2/5 8110/2/5 8109/2/5
f 8137/1/5 8109/1/5 8136/1/5
f 8138/4/5 8111/4/5 8110/4/5
f 8138/2/5 8110/2/5 8137/2/5
f 8139/1/5 8032/1/5 8111/1/5
f 8139/4/5 8111/4/5 8138/4/5
f 8140/1/5 8112/1/5 8065/1/5
f 8140/1/5 8113/1/5 8112/1/5
f 8140/1/5 8114/1/5 8113/1/5
f 8141/1/5 8114/1/5 8140/1/5
f 8142/1/5 8114/1/5 8141/1/5
f 8143/1/5 8092/1/5 8114/1/5
f 8143/1/5 8114/1/5 8142/1/5
f 8144/2/5 8093/2/5 8092/2/5
f 8144/1/5 8092/1/5 8143/1/5
f 8145/1/5 8115/1/5 8093/1/5
f 8145/2/5 8093/2/5 8144/2/5
f 8146/2/5 8116/2/5 8115/2/5
f 8146/1/5 8115/1/5 8145/1/5
f 8147/4/5 8117/4/5 8116/4/5
f 8147/2/5 8116/2/5 8146/2/5
f 8148/1/5 8043/1/5 8117/1/5
f 8148/4/5 8117/4/5 8147/4/5
f 8149/1/5 8118/1/5 8096/1/5
f 8149/1/5 8119/1/5 8118/1/5
f 8150/1/5 8099/1/5 8119/1/5
f 8150/1/5 8119/1/5 8149/1/5
f 8151/2/5 8121/2/5 8120/2/5
f 8151/1/5 8099/1/5 8150/1/5
f 8151/2/5 8120/2/5 8099/2/5
f 8152/2/5 8121/2/5 8151/2/5
f 8153/1/5 8124/1/5 8123/1/5
f 8153/1/5 8125/1/5 8124/1/5
f 8154/4/5 8126/4/5 8125/4/5
f 8154/1/5 8125/1/5 8153/1/5
f 8155/1/5 8127/1/5 8126/1/5
f 8155/4/5 8126/4/5 8154/4/5
f 8155/1/5 8128/1/5 8127/1/5
f 8156/1/5 8128/1/5 8155/1/5
f 8157/4/5 8129/4/5 8128/4/5
f 8157/1/5 8128/1/5 8156/1/5
f 8158/4/5 8129/4/5 8157/4/5
f 8159/1/5 8133/1/5 8132/1/5
f 8159/2/5 8132/2/5 8131/2/5
f 8159/2/5 8131/2/5 8130/2/5
f 8160/2/5 8134/2/5 8133/2/5
f 8160/1/5 8133/1/5 8159/1/5
f 8161/1/5 8136/1/5 8135/1/5
f 8161/1/5 8135/1/5 8134/1/5
f 8162/1/5 8136/1/5 8161/1/5
f 8163/1/5 8136/1/5 8162/1/5
f 8164/2/5 8138/2/5 8137/2/5
f 8164/1/5 8136/1/5 8163/1/5
f 8164/2/5 8137/2/5 8136/2/5
f 8164/2/5 8139/2/5 8138/2/5
f 8165/2/5 8139/2/5 8164/2/5
f 8166/1/5 8032/1/5 8139/1/5
f 8166/2/5 8139/2/5 8165/2/5
f 8167/1/5 8032/1/5 8166/1/5
f 8168/2/5 8141/2/5 8140/2/5
f 8169/1/5 8142/1/5 8141/1/5
f 8169/2/5 8141/2/5 8168/2/5
f 8170/2/5 8143/2/5 8142/2/5
f 8170/1/5 8142/1/5 8169/1/5
f 8171/1/5 8145/1/5 8144/1/5
f 8171/1/5 8144/1/5 8143/1/5
f 8172/1/5 8145/1/5 8171/1/5
f 8173/1/5 8145/1/5 8172/1/5
f 8174/2/5 8147/2/5 8146/2/5
f 8174/1/5 8145/1/5 8173/1/5
f 8174/2/5 8148/2/5 8147/2/5
f 8174/2/5 8146/2/5 8145/2/5
f 8175/2/5 8148/2/5 8174/2/5
f 8176/1/5 8043/1/5 8148/1/5
f 8176/2/5 8148/2/5 8175/2/5
f 8177/1/5 8043/1/5 8176/1/5
f 8178/1/5 8152/1/5 8151/1/5
f 8178/1/5 8151/1/5 8150/1/5
f 8179/1/5 8152/1/5 8178/1/5
f 8180/2/5 8121/2/5 8152/2/5
f 8180/4/5 8122/4/5 8121/4/5
f 8181/4/5 8122/4/5 8180/4/5
f 8182/2/5 8154/2/5 8153/2/5
f 8182/1/5 8155/1/5 8154/1/5
f 8183/2/5 8156/2/5 8155/2/5
f 8183/1/5 8155/1/5 8182/1/5
f 8184/4/5 8157/4/5 8156/4/5
f 8184/2/5 8156/2/5 8183/2/5
f 8185/2/5 8158/2/5 8157/2/5
f 8185/4/5 8157/4/5 8184/4/5
f 8186/2/5 8159/2/5 8130/2/5
f 8187/4/5 8160/4/5 8159/4/5
f 8187/2/5 8159/2/5 8186/2/5
f 8188/2/5 8134/2/5 8160/2/5
f 8188/4/5 8160/4/5 8187/4/5
f 8189/2/5 8134/2/5 8188/2/5
f 8190/1/5 8161/1/5 8134/1/5
f 8190/2/5 8134/2/5 8189/2/5
f 8191/4/5 8163/4/5 8162/4/5
f 8191/2/5 8162/2/5 8161/2/5
f 8192/1/5 8164/1/5 8163/1/5
f 8192/4/5 8163/4/5 8191/4/5
f 8193/4/5 8165/4/5 8164/4/5
f 8193/1/5 8164/1/5 8192/1/5
f 8194/2/5 8167/2/5 8166/2/5
f 8194/4/5 8165/4/5 8193/4/5
f 8194/2/5 8166/2/5 8165/2/5
f 8195/2/5 8167/2/5 8194/2/5
f 8196/2/5 8167/2/5 8195/2/5
f 8197/2/5 8167/2/5 8196/2/5
f 8198/2/5 8143/2/5 8170/2/5
f 8199/1/5 8171/1/5 8143/1/5
f 8199/2/5 8143/2/5 8198/2/5
f 8200/4/5 8173/4/5 8172/4/5
f 8200/2/5 8172/2/5 8171/2/5
f 8201/1/5 8174/1/5 8173/1/5
f 8201/4/5 8173/4/5 8200/4/5
f 8202/2/5 8177/2/5 8176/2/5
f 8202/2/5 8176/2/5 8175/2/5
f 8203/2/5 8177/2/5 8202/2/5
f 8204/2/5 8150/2/5 8149/2/5
f 8205/2/5 8150/2/5 8204/2/5
f 8206/1/5 8178/1/5 8150/1/5
f 8206/2/5 8150/2/5 8205/2/5
f 8207/4/5 8179/4/5 8178/4/5
f 8207/1/5 8178/1/5 8206/1/5
f 8208/1/5 8152/1/5 8179/1/5
f 8208/4/5 8179/4/5 8207/4/5
f 8209/1/5 8181/1/5 8180/1/5
f 8209/2/5 8180/2/5 8152/2/5
f 8210/1/5 8181/1/5 8209/1/5
f 8211/2/5 8182/2/5 8153/2/5
f 8212/2/5 8182/2/5 8211/2/5
f 8213/4/5 8183/4/5 8182/4/5
f 8213/2/5 8182/2/5 8212/2/5
f 8214/2/5 8184/2/5 8183/2/5
f 8214/4/5 8183/4/5 8213/4/5
f 8215/2/5 8158/2/5 8185/2/5
f 8215/1/5 8185/1/5 8184/1/5
f 8216/2/5 8158/2/5 8215/2/5
f 8217/1/5 8187/1/5 8186/1/5
f 8218/1/5 8187/1/5 8217/1/5
f 8219/4/5 8189/4/5 8188/4/5
f 8219/1/5 8187/1/5 8218/1/5
f 8219/4/5 8188/4/5 8187/4/5
f 8220/1/5 8190/1/5 8189/1/5
f 8220/4/5 8189/4/5 8219/4/5
f 8221/1/5 8161/1/5 8190/1/5
f 8221/1/5 8190/1/5 8220/1/5
f 8222/2/5 8192/2/5 8191/2/5
f 8222/1/5 8161/1/5 8221/1/5
f 8222/2/5 8191/2/5 8161/2/5
f 8223/4/5 8193/4/5 8192/4/5
f 8223/2/5 8192/2/5 8222/2/5
f 8223/4/5 8194/4/5 8193/4/5
f 8223/4/5 8195/4/5 8194/4/5
f 8224/4/5 8195/4/5 8223/4/5
f 8225/2/5 8196/2/5 8195/2/5
f 8225/4/5 8195/4/5 8224/4/5
f 8226/1/5 8197/1/5 8196/1/5
f 8226/2/5 8196/2/5 8225/2/5
f 8227/1/5 8169/1/5 8168/1/5
f 8227/4/5 8170/4/5 8169/4/5
f 8228/2/5 8198/2/5 8170/2/5
f 8228/4/5 8170/4/5 8227/4/5
f 8229/1/5 8199/1/5 8198/1/5
f 8229/2/5 8198/2/5 8228/2/5
f 8230/1/5 8171/1/5 8199/1/5
f 8230/1/5 8199/1/5 8229/1/5
f 8231/2/5 8201/2/5 8200/2/5
f 8231/1/5 8171/1/5 8230/1/5
f 8231/2/5 8200/2/5 8171/2/5
f 8232/1/5 8174/1/5 8201/1/5
f 8232/2/5 8201/2/5 8231/2/5
f 8233/4/5 8175/4/5 8174/4/5
f 8233/1/5 8174/1/5 8232/1/5
f 8234/2/5 8202/2/5 8175/2/5
f 8234/4/5 8175/4/5 8233/4/5
f 8235/1/5 8203/1/5 8202/1/5
f 8235/2/5 8202/2/5 8234/2/5
f 8236/1/5 8205/1/5 8204/1/5
f 8237/4/5 8206/4/5 8205/4/5
f 8237/1/5 8205/1/5 8236/1/5
f 8238/1/5 8207/1/5 8206/1/5
f 8238/4/5 8206/4/5 8237/4/5
f 8239/2/5 8208/2/5 8207/2/5
f 8239/1/5 8207/1/5 8238/1/5
f 8240/1/5 8152/1/5 8208/1/5
f 8240/2/5 8208/2/5 8239/2/5
f 8241/2/5 8210/2/5 8209/2/5
f 8241/1/5 8152/1/5 8240/1/5
f 8241/2/5 8209/2/5 8152/2/5
f 8242/2/5 8210/2/5 8241/2/5
f 8243/2/5 8210/2/5 8242/2/5
f 8244/4/5 8212/4/5 8211/4/5
f 8245/2/5 8213/2/5 8212/2/5
f 8245/4/5 8212/4/5 8244/4/5
f 8245/2/5 8214/2/5 8213/2/5
f 8246/2/5 8184/2/5 8214/2/5
f 8246/2/5 8214/2/5 8245/2/5
f 8247/1/5 8216/1/5 8215/1/5
f 8247/2/5 8184/2/5 8246/2/5
f 8247/1/5 8215/1/5 8184/1/5
f 8248/1/5 8216/1/5 8247/1/5
f 8249/1/5 8216/1/5 8248/1/5
f 8250/1/5 8225/1/5 8224/1/5
f 8250/1/5 8226/1/5 8225/1/5
f 8251/1/5 8197/1/5 8226/1/5
f 8251/1/5 8226/1/5 8250/1/5
f 8252/1/5 8197/1/5 8251/1/5
f 8253/4/5 8229/4/5 8228/4/5
f 8253/2/5 8228/2/5 8227/2/5
f 8254/1/5 8230/1/5 8229/1/5
f 8254/4/5 8229/4/5 8253/4/5
f 8255/1/5 8234/1/5 8233/1/5
f 8255/1/5 8235/1/5 8234/1/5
f 8256/1/5 8203/1/5 8235/1/5
f 8256/1/5 8235/1/5 8255/1/5
f 8257/1/5 8203/1/5 8256/1/5
f 8258/2/5 8240/2/5 8239/2/5
f 8258/1/5 8242/1/5 8241/1/5
f 8258/2/5 8241/2/5 8240/2/5
f 8259/4/5 8243/4/5 8242/4/5
f 8259/1/5 8242/1/5 8258/1/5
f 8260/4/5 8243/4/5 8259/4/5
f 8261/1/5 8245/1/5 8244/1/5
f 8261/1/5 8246/1/5 8245/1/5
f 8262/4/5 8247/4/5 8246/4/5
f 8262/1/5 8246/1/5 8261/1/5
f 8263/1/5 8248/1/5 8247/1/5
f 8263/4/5 8247/4/5 8262/4/5
f 8264/4/5 8218/4/5 8217/4/5
f 8265/2/5 8220/2/5 8219/2/5
f 8265/4/5 8218/4/5 8264/4/5
f 8265/2/5 8219/2/5 8218/2/5
f 8266/2/5 8220/2/5 8265/2/5
f 8267/2/5 8220/2/5 8266/2/5
f 8268/2/5 8251/2/5 8250/2/5
f 8268/1/5 8250/1/5 8224/1/5
f 8269/2/5 8251/2/5 8268/2/5
f 8270/4/5 8252/4/5 8251/4/5
f 8270/2/5 8251/2/5 8269/2/5
f 8271/4/5 8252/4/5 8270/4/5
f 8272/1/5 8227/1/5 8168/1/5
f 8272/2/5 8253/2/5 8227/2/5
f 8272/2/5 8254/2/5 8253/2/5
f 8273/2/5 8254/2/5 8272/2/5
f 8274/4/5 8257/4/5 8256/4/5
f 8274/2/5 8256/2/5 8255/2/5
f 8275/4/5 8257/4/5 8274/4/5
f 8276/1/5 8261/1/5 8244/1/5
f 8277/2/5 8262/2/5 8261/2/5
f 8277/1/5 8261/1/5 8276/1/5
f 8278/1/5 8263/1/5 8262/1/5
f 8278/2/5 8262/2/5 8277/2/5
f 8279/1/5 8248/1/5 8263/1/5
f 8279/1/5 8263/1/5 8278/1/5
f 8280/4/5 8249/4/5 8248/4/5
f 8280/1/5 8248/1/5 8279/1/5
f 8281/4/5 8249/4/5 8280/4/5
f 8282/2/5 8265/2/5 8264/2/5
f 8282/2/5 8266/2/5 8265/2/5
f 8283/4/5 8267/4/5 8266/4/5
f 8283/2/5 8266/2/5 8282/2/5
f 8284/2/5 8220/2/5 8267/2/5
f 8284/4/5 8267/4/5 8283/4/5
f 8285/1/5 8221/1/5 8220/1/5
f 8285/2/5 8220/2/5 8284/2/5
f 8286/4/5 8222/4/5 8221/4/5
f 8286/1/5 8221/1/5 8285/1/5
f 8287/2/5 8223/2/5 8222/2/5
f 8287/4/5 8222/4/5 8286/4/5
f 8287/2/5 8224/2/5 8223/2/5
f 8288/2/5 8224/2/5 8287/2/5
f 8289/4/5 8269/4/5 8268/4/5
f 8289/2/5 8270/2/5 8269/2/5
f 8290/1/5 8271/1/5 8270/1/5
f 8290/2/5 8270/2/5 8289/2/5
f 8291/4/5 8273/4/5 8272/4/5
f 8291/1/5 8272/1/5 8168/1/5
f 8292/2/5 8254/2/5 8273/2/5
f 8292/4/5 8273/4/5 8291/4/5
f 8293/1/5 8230/1/5 8254/1/5
f 8293/2/5 8254/2/5 8292/2/5
f 8294/4/5 8231/4/5 8230/4/5
f 8294/1/5 8230/1/5 8293/1/5
f 8295/2/5 8232/2/5 8231/2/5
f 8295/4/5 8231/4/5 8294/4/5
f 8295/2/5 8233/2/5 8232/2/5
f 8296/2/5 8233/2/5 8295/2/5
f 8297/1/5 8255/1/5 8233/1/5
f 8297/2/5 8274/2/5 8255/2/5
f 8298/2/5 8274/2/5 8297/2/5
f 8299/1/5 8275/1/5 8274/1/5
f 8299/2/5 8274/2/5 8298/2/5
f 8300/2/5 8237/2/5 8236/2/5
f 8300/2/5 8238/2/5 8237/2/5
f 8301/4/5 8239/4/5 8238/4/5
f 8301/2/5 8238/2/5 8300/2/5
f 8302/2/5 8258/2/5 8239/2/5
f 8302/4/5 8239/4/5 8301/4/5
f 8302/2/5 8259/2/5 8258/2/5
f 8303/2/5 8259/2/5 8302/2/5
f 8304/2/5 8259/2/5 8303/2/5
f 8305/1/5 8260/1/5 8259/1/5
f 8305/2/5 8259/2/5 8304/2/5
f 8306/1/5 8260/1/5 8305/1/5
f 8307/4/5 8277/4/5 8276/4/5
f 8308/4/5 8277/4/5 8307/4/5
f 8309/2/5 8278/2/5 8277/2/5
f 8309/4/5 8277/4/5 8308/4/5
f 8309/2/5 8279/2/5 8278/2/5
f 8310/2/5 8279/2/5 8309/2/5
f 8311/2/5 8282/2/5 8264/2/5
f 8312/4/5 8283/4/5 8282/4/5
f 8312/2/5 8282/2/5 8311/2/5
f 8313/1/5 8284/1/5 8283/1/5
f 8313/4/5 8283/4/5 8312/4/5
f 8314/4/5 8285/4/5 8284/4/5
f 8314/1/5 8284/1/5 8313/1/5
f 8315/1/5 8286/1/5 8285/1/5
f 8315/4/5 8285/4/5 8314/4/5
f 8315/1/5 8287/1/5 8286/1/5
f 8316/1/5 8287/1/5 8315/1/5
f 8317/4/5 8288/4/5 8287/4/5
f 8317/1/5 8287/1/5 8316/1/5
f 8318/4/5 8288/4/5 8317/4/5
f 8319/2/5 8224/2/5 8288/2/5
f 8319/4/5 8288/4/5 8318/4/5
f 8320/1/5 8268/1/5 8224/1/5
f 8320/2/5 8224/2/5 8319/2/5
f 8321/4/5 8289/4/5 8268/4/5
f 8321/1/5 8268/1/5 8320/1/5
f 8322/1/5 8290/1/5 8289/1/5
f 8322/4/5 8289/4/5 8321/4/5
f 8323/1/5 8271/1/5 8290/1/5
f 8323/1/5 8290/1/5 8322/1/5
f 8324/1/5 8271/1/5 8323/1/5
f 8325/1/5 8292/1/5 8291/1/5
f 8325/1/5 8291/1/5 8168/1/5
f 8326/4/5 8293/4/5 8292/4/5
f 8326/1/5 8292/1/5 8325/1/5
f 8327/1/5 8294/1/5 8293/1/5
f 8327/1/5 8295/1/5 8294/1/5
f 8328/4/5 8296/4/5 8295/4/5
f 8328/1/5 8295/1/5 8327/1/5
f 8329/4/5 8296/4/5 8328/4/5
f 8330/2/5 8233/2/5 8296/2/5
f 8330/4/5 8296/4/5 8329/4/5
f 8331/1/5 8297/1/5 8233/1/5
f 8331/2/5 8233/2/5 8330/2/5
f 8332/1/5 8275/1/5 8299/1/5
f 8332/1/5 8299/1/5 8298/1/5
f 8333/1/5 8275/1/5 8332/1/5
f 8334/4/5 8301/4/5 8300/4/5
f 8335/1/5 8302/1/5 8301/1/5
f 8335/4/5 8301/4/5 8334/4/5
f 8336/4/5 8303/4/5 8302/4/5
f 8336/1/5 8302/1/5 8335/1/5
f 8337/2/5 8304/2/5 8303/2/5
f 8337/4/5 8303/4/5 8336/4/5
f 8338/4/5 8305/4/5 8304/4/5
f 8338/2/5 8304/2/5 8337/2/5
f 8339/1/5 8308/1/5 8307/1/5
f 8340/4/5 8310/4/5 8309/4/5
f 8340/1/5 8308/1/5 8339/1/5
f 8340/4/5 8309/4/5 8308/4/5
f 8341/4/5 8310/4/5 8340/4/5
f 8342/2/5 8279/2/5 8310/2/5
f 8342/4/5 8310/4/5 8341/4/5
f 8343/1/5 8280/1/5 8279/1/5
f 8343/2/5 8281/2/5 8280/2/5
f 8344/2/5 8281/2/5 8343/2/5
f 8345/1/5 8312/1/5 8311/1/5
f 8346/2/5 8313/2/5 8312/2/5
f 8346/1/5 8312/1/5 8345/1/5
f 8346/2/5 8314/2/5 8313/2/5
f 8346/2/5 8315/2/5 8314/2/5
f 8347/2/5 8315/2/5 8346/2/5
f 8348/1/5 8316/1/5 8315/1/5
f 8348/2/5 8315/2/5 8347/2/5
f 8349/2/5 8318/2/5 8317/2/5
f 8349/1/5 8316/1/5 8348/1/5
f 8349/2/5 8317/2/5 8316/2/5
f 8350/2/5 8318/2/5 8349/2/5
f 8351/4/5 8319/4/5 8318/4/5
f 8351/2/5 8318/2/5 8350/2/5
f 8352/1/5 8320/1/5 8319/1/5
f 8352/4/5 8319/4/5 8351/4/5
f 8352/1/5 8321/1/5 8320/1/5
f 8353/1/5 8321/1/5 8352/1/5
f 8354/2/5 8322/2/5 8321/2/5
f 8354/1/5 8321/1/5 8353/1/5
f 8355/1/5 8323/1/5 8322/1/5
f 8355/2/5 8322/2/5 8354/2/5
f 8356/4/5 8324/4/5 8323/4/5
f 8356/1/5 8323/1/5 8355/1/5
f 8357/4/5 8324/4/5 8356/4/5
f 8358/2/5 8326/2/5 8325/2/5
f 8359/2/5 8326/2/5 8358/2/5
f 8360/4/5 8293/4/5 8326/4/5
f 8360/2/5 8326/2/5 8359/2/5
f 8361/1/5 8327/1/5 8293/1/5
f 8361/4/5 8293/4/5 8360/4/5
f 8362/2/5 8329/2/5 8328/2/5
f 8362/1/5 8327/1/5 8361/1/5
f 8362/2/5 8328/2/5 8327/2/5
f 8363/2/5 8329/2/5 8362/2/5
f 8364/4/5 8330/4/5 8329/4/5
f 8364/2/5 8329/2/5 8363/2/5
f 8365/1/5 8331/1/5 8330/1/5
f 8365/4/5 8330/4/5 8364/4/5
f 8366/1/5 8297/1/5 8331/1/5
f 8366/1/5 8331/1/5 8365/1/5
f 8367/4/5 8298/4/5 8297/4/5
f 8367/1/5 8297/1/5 8366/1/5
f 8368/1/5 8332/1/5 8298/1/5
f 8368/4/5 8298/4/5 8367/4/5
f 8369/4/5 8333/4/5 8332/4/5
f 8369/1/5 8332/1/5 8368/1/5
f 8370/4/5 8333/4/5 8369/4/5
f 8371/2/5 8336/2/5 8335/2/5
f 8371/2/5 8335/2/5 8334/2/5
f 8372/2/5 8336/2/5 8371/2/5
f 8373/4/5 8337/4/5 8336/4/5
f 8373/2/5 8336/2/5 8372/2/5
f 8374/1/5 8338/1/5 8337/1/5
f 8374/4/5 8337/4/5 8373/4/5
f 8375/2/5 8340/2/5 8339/2/5
f 8376/1/5 8341/1/5 8340/1/5
f 8376/2/5 8340/2/5 8375/2/5
f 8377/2/5 8342/2/5 8341/2/5
f 8377/1/5 8341/1/5 8376/1/5
f 8378/2/5 8279/2/5 8342/2/5
f 8378/2/5 8342/2/5 8377/2/5
f 8379/1/5 8344/1/5 8343/1/5
f 8379/2/5 8279/2/5 8378/2/5
f 8379/1/5 8343/1/5 8279/1/5
f 8380/1/5 8344/1/5 8379/1/5
f 8381/1/5 8344/1/5 8380/1/5
f 8382/3/5 8347/3/5 8346/3/5
f 8383/2/5 8348/2/5 8347/2/5
f 8383/3/5 8347/3/5 8382/3/5
f 8384/4/5 8350/4/5 8349/4/5
f 8384/2/5 8348/2/5 8383/2/5
f 8384/4/5 8349/4/5 8348/4/5
f 8385/1/5 8351/1/5 8350/1/5
f 8385/4/5 8350/4/5 8384/4/5
f 8386/2/5 8353/2/5 8352/2/5
f 8386/1/5 8351/1/5 8385/1/5
f 8386/2/5 8352/2/5 8351/2/5
f 8387/4/5 8354/4/5 8353/4/5
f 8387/2/5 8353/2/5 8386/2/5
f 8388/3/5 8355/3/5 8354/3/5
f 8388/4/5 8354/4/5 8387/4/5
f 8388/3/5 8357/3/5 8356/3/5
f 8388/3/5 8356/3/5 8355/3/5
f 8389/3/5 8357/3/5 8388/3/5
f 8390/3/5 8359/3/5 8358/3/5
f 8391/2/5 8361/2/5 8360/2/5
f 8391/3/5 8359/3/5 8390/3/5
f 8391/2/5 8360/2/5 8359/2/5
f 8392/4/5 8362/4/5 8361/4/5
f 8392/2/5 8361/2/5 8391/2/5
f 8393/1/5 8363/1/5 8362/1/5
f 8393/4/5 8362/4/5 8392/4/5
f 8394/3/5 8364/3/5 8363/3/5
f 8394/1/5 8363/1/5 8393/1/5
f 8395/1/5 8365/1/5 8364/1/5
f 8395/3/5 8364/3/5 8394/3/5
f 8396/3/5 8366/3/5 8365/3/5
f 8396/1/5 8365/1/5 8395/1/5
f 8397/1/5 8367/1/5 8366/1/5
f 8397/3/5 8366/3/5 8396/3/5
f 8398/2/5 8370/2/5 8369/2/5
f 8398/1/5 8367/1/5 8397/1/5
f 8398/2/5 8368/2/5 8367/2/5
f 8398/2/5 8369/2/5 8368/2/5
f 8399/2/5 8370/2/5 8398/2/5
f 8400/4/5 8372/4/5 8371/4/5
f 8401/2/5 8373/2/5 8372/2/5
f 8401/4/5 8372/4/5 8400/4/5
f 8401/2/5 8374/2/5 8373/2/5
f 8402/1/5 8338/1/5 8374/1/5
f 8402/2/5 8374/2/5 8401/2/5
f 8403/4/5 8305/4/5 8338/4/5
f 8403/1/5 8338/1/5 8402/1/5
f 8404/2/5 8306/2/5 8305/2/5
f 8404/4/5 8305/4/5 8403/4/5
f 8405/2/5 8306/2/5 8404/2/5
f 8406/4/5 8377/4/5 8376/4/5
f 8407/1/5 8378/1/5 8377/1/5
f 8407/4/5 8377/4/5 8406/4/5
f 8408/2/5 8379/2/5 8378/2/5
f 8408/1/5 8378/1/5 8407/1/5
f 8409/3/5 8380/3/5 8379/3/5
f 8409/2/5 8379/2/5 8408/2/5
f 8410/3/5 8380/3/5 8409/3/5
f 8417/2/5 8412/2/5 8411/2/5
f 8418/2/5 8414/2/5 8413/2/5
f 8419/4/5 8416/4/5 8415/4/5
f 8420/4/5 8416/4/5 8419/4/5
f 8421/2/5 8418/2/5 8413/2/5
f 8422/2/5 8418/2/5 8421/2/5
f 8423/2/5 8412/2/5 8417/2/5
f 8424/2/5 8412/2/5 8423/2/5
f 8425/4/5 8422/4/5 8421/4/5
f 8426/4/5 8422/4/5 8425/4/5
f 8427/2/5 8420/2/5 8419/2/5
f 8428/2/5 8420/2/5 8427/2/5
f 8429/4/5 8424/4/5 8423/4/5
f 8430/4/5 8424/4/5 8429/4/5
f 8431/2/5 8426/2/5 8425/2/5
f 8432/2/5 8426/2/5 8431/2/5
f 8433/1/5 8428/1/5 8427/1/5
f 8434/1/5 8428/1/5 8433/1/5
f 8435/2/5 8430/2/5 8429/2/5
f 8436/2/5 8430/2/5 8435/2/5
f 8437/1/5 8432/1/5 8431/1/5
f 8438/1/5 8432/1/5 8437/1/5
f 8439/4/5 8434/4/5 8433/4/5
f 8440/4/5 8434/4/5 8439/4/5
f 8449/2/5 8442/2/5 8441/2/5
f 8450/2/5 8442/2/5 8449/2/5
f 8451/2/5 8444/2/5 8443/2/5
f 8452/2/5 8446/2/5 8445/2/5
f 8453/2/5 8446/2/5 8452/2/5
f 8454/2/5 8448/2/5 8447/2/5
f 8455/4/5 8450/4/5 8449/4/5
f 8456/4/5 8450/4/5 8455/4/5
f 8457/4/5 8453/4/5 8452/4/5
f 8458/4/5 8453/4/5 8457/4/5
f 8459/1/5 8456/1/5 8455/1/5
f 8460/1/5 8456/1/5 8459/1/5
f 8461/2/5 8451/2/5 8443/2/5
f 8462/1/5 8458/1/5 8457/1/5
f 8463/1/5 8458/1/5 8462/1/5
f 8464/2/5 8454/2/5 8447/2/5
f 8465/2/5 8461/2/5 8443/2/5
f 8466/2/5 8461/2/5 8465/2/5
f 8467/2/5 8464/2/5 8447/2/5
f 8468/2/5 8464/2/5 8467/2/5
f 8469/1/5 8466/1/5 8465/1/5
f 8470/1/5 8466/1/5 8469/1/5
f 8471/1/5 8468/1/5 8467/1/5
f 8472/1/5 8468/1/5 8471/1/5
f 8473/2/5 8460/2/5 8459/2/5
f 8474/4/5 8470/4/5 8469/4/5
f 8475/4/5 8470/4/5 8474/4/5
f 8476/4/5 8472/4/5 8471/4/5
f 8477/4/5 8472/4/5 8476/4/5
f 8478/2/5 8460/2/5 8473/2/5
f 8479/2/5 8460/2/5 8478/2/5
f 8480/2/5 8475/2/5 8474/2/5
f 8481/2/5 8475/2/5 8480/2/5
f 8482/2/5 8463/2/5 8462/2/5
f 8483/2/5 8463/2/5 8482/2/5
f 8484/2/5 8477/2/5 8476/2/5
f 8485/2/5 8477/2/5 8484/2/5
f 8511/4/5 8487/4/5 8486/4/5
f 8512/2/5 8488/2/5 8487/2/5
f 8512/4/5 8487/4/5 8511/4/5
f 8513/1/5 8489/1/5 8488/1/5
f 8513/2/5 8488/2/5 8512/2/5
f 8514/2/5 8490/2/5 8489/2/5
f 8514/1/5 8489/1/5 8513/1/5
f 8515/1/5 8491/1/5 8490/1/5
f 8515/2/5 8490/2/5 8514/2/5
f 8516/2/5 8492/2/5 8491/2/5
f 8516/1/5 8491/1/5 8515/1/5
f 8517/4/5 8493/4/5 8492/4/5
f 8517/2/5 8492/2/5 8516/2/5
f 8518/4/5 8493/4/5 8517/4/5
f 8520/4/5 8495/4/5 8494/4/5
f 8521/2/5 8496/2/5 8495/2/5
f 8521/4/5 8495/4/5 8520/4/5
f 8522/4/5 8497/4/5 8496/4/5
f 8522/2/5 8496/2/5 8521/2/5
f 8523/2/5 8498/2/5 8497/2/5
f 8523/4/5 8497/4/5 8522/4/5
f 8524/1/5 8499/1/5 8498/1/5
f 8524/2/5 8498/2/5 8523/2/5
f 8525/2/5 8500/2/5 8499/2/5
f 8525/1/5 8499/1/5 8524/1/5
f 8526/2/5 8500/2/5 8525/2/5
f 8529/1/5 8502/1/5 8501/1/5
f 8530/4/5 8503/4/5 8502/4/5
f 8530/1/5 8502/1/5 8529/1/5
f 8531/2/5 8504/2/5 8503/2/5
f 8531/4/5 8503/4/5 8530/4/5
f 8532/1/5 8505/1/5 8504/1/5
f 8532/2/5 8504/2/5 8531/2/5
f 8533/4/5 8506/4/5 8505/4/5
f 8533/1/5 8505/1/5 8532/1/5
f 8534/2/5 8507/2/5 8506/2/5
f 8534/4/5 8506/4/5 8533/4/5
f 8535/2/5 8507/2/5 8534/2/5
f 8536/1/5 8508/1/5 8507/1/5
f 8536/2/5 8507/2/5 8535/2/5
f 8537/2/5 8509/2/5 8508/2/5
f 8537/1/5 8508/1/5 8536/1/5
f 8538/4/5 8510/4/5 8509/4/5
f 8538/2/5 8509/2/5 8537/2/5
f 8539/4/5 8510/4/5 8538/4/5
f 8540/2/5 8520/2/5 8519/2/5
f 8541/4/5 8527/4/5 8526/4/5
f 8542/4/5 8527/4/5 8541/4/5
f 8543/2/5 8540/2/5 8519/2/5
f 8544/2/5 8540/2/5 8543/2/5
f 8545/1/5 8542/1/5 8541/1/5
f 8546/1/5 8542/1/5 8545/1/5
f 8547/2/5 8529/2/5 8528/2/5
f 8548/2/5 8529/2/5 8547/2/5
f 8549/4/5 8544/4/5 8543/4/5
f 8550/4/5 8544/4/5 8549/4/5
f 8551/4/5 8548/4/5 8547/4/5
f 8552/4/5 8548/4/5 8551/4/5
f 8553/1/5 8550/1/5 8549/1/5
f 8554/1/5 8550/1/5 8553/1/5
f 8555/2/5 8546/2/5 8545/2/5
f 8556/2/5 8546/2/5 8555/2/5
f 8557/1/5 8552/1/5 8551/1/5
f 8558/1/5 8552/1/5 8557/1/5
f 8559/2/5 8554/2/5 8553/2/5
f 8560/1/5 8556/1/5 8555/1/5
f 8561/1/5 8556/1/5 8560/1/5
f 8562/2/5 8558/2/5 8557/2/5
f 8563/2/5 8559/2/5 8553/2/5
f 8564/2/5 8559/2/5 8563/2/5
f 8565/2/5 8562/2/5 8557/2/5
f 8566/2/5 8562/2/5 8565/2/5
f 8567/1/5 8564/1/5 8563/1/5
f 8568/1/5 8564/1/5 8567/1/5
f 8569/2/5 8561/2/5 8560/2/5
f 8570/2/5 8561/2/5 8569/2/5
f 8571/1/5 8566/1/5 8565/1/5
f 8572/1/5 8566/1/5 8571/1/5
f 8573/2/5 8568/2/5 8567/2/5
f 8574/2/5 8568/2/5 8573/2/5
f 8575/1/5 8570/1/5 8569/1/5
f 8576/1/5 8570/1/5 8575/1/5
f 8577/2/5 8572/2/5 8571/2/5
f 8578/2/5 8572/2/5 8577/2/5
f 8579/4/5 8574/4/5 8573/4/5
f 8580/4/5 8574/4/5 8579/4/5
f 8581/4/5 8578/4/5 8577/4/5
f 8582/4/5 8578/4/5 8581/4/5
f 8583/1/5 8580/1/5 8579/1/5
f 8584/1/5 8580/1/5 8583/1/5
f 8585/1/5 8582/1/5 8581/1/5
f 8586/1/5 8582/1/5 8585/1/5
f 8595/2/5 8584/2/5 8583/2/5
f 8596/2/5 8584/2/5 8595/2/5
f 8603/2/5 8576/2/5 8575/2/5
f 8604/2/5 8576/2/5 8603/2/5
f 8605/2/5 8586/2/5 8585/2/5
f 8606/2/5 8586/2/5 8605/2/5
f 8620/2/5 8588/2/5 8587/2/5
f 8620/2/5 8589/2/5 8588/2/5
f 8620/2/5 8590/2/5 8589/2/5
f 8621/4/5 8591/4/5 8590/4/5
f 8621/2/5 8590/2/5 8620/2/5
f 8622/2/5 8592/2/5 8591/2/5
f 8622/4/5 8591/4/5 8621/4/5
f 8623/4/5 8593/4/5 8592/4/5
f 8623/2/5 8592/2/5 8622/2/5
f 8624/1/5 8594/1/5 8593/1/5
f 8624/4/5 8593/4/5 8623/4/5
f 8625/1/5 8594/1/5 8624/1/5
f 8626/2/5 8598/2/5 8597/2/5
f 8626/2/5 8597/2/5 8596/2/5
f 8627/1/5 8599/1/5 8598/1/5
f 8627/2/5 8598/2/5 8626/2/5
f 8628/2/5 8600/2/5 8599/2/5
f 8628/1/5 8599/1/5 8627/1/5
f 8629/4/5 8601/4/5 8600/4/5
f 8629/2/5 8600/2/5 8628/2/5
f 8630/2/5 8602/2/5 8601/2/5
f 8630/4/5 8601/4/5 8629/4/5
f 8631/4/5 8603/4/5 8602/4/5
f 8631/2/5 8602/2/5 8630/2/5
f 8632/4/5 8603/4/5 8631/4/5
f 8633/4/5 8607/4/5 8606/4/5
f 8634/2/5 8608/2/5 8607/2/5
f 8634/4/5 8607/4/5 8633/4/5
f 8634/2/5 8609/2/5 8608/2/5
f 8634/2/5 8610/2/5 8609/2/5
f 8635/1/5 8611/1/5 8610/1/5
f 8635/2/5 8610/2/5 8634/2/5
f 8636/2/5 8614/2/5 8613/2/5
f 8636/1/5 8611/1/5 8635/1/5
f 8636/2/5 8613/2/5 8612/2/5
f 8636/2/5 8612/2/5 8611/2/5
f 8637/4/5 8615/4/5 8614/4/5
f 8637/2/5 8614/2/5 8636/2/5
f 8638/1/5 8616/1/5 8615/1/5
f 8638/4/5 8615/4/5 8637/4/5
f 8639/2/5 8617/2/5 8616/2/5
f 8639/1/5 8616/1/5 8638/1/5
f 8640/4/5 8618/4/5 8617/4/5
f 8640/2/5 8617/2/5 8639/2/5
f 8641/1/5 8619/1/5 8618/1/5
f 8641/4/5 8618/4/5 8640/4/5
f 8642/1/5 8619/1/5 8641/1/5
f 8671/2/5 8644/2/5 8643/2/5
f 8672/1/5 8645/1/5 8644/1/5
f 8672/2/5 8644/2/5 8671/2/5
f 8673/4/5 8646/4/5 8645/4/5
f 8673/1/5 8645/1/5 8672/1/5
f 8674/2/5 8647/2/5 8646/2/5
f 8674/4/5 8646/4/5 8673/4/5
f 8675/1/5 8648/1/5 8647/1/5
f 8675/2/5 8647/2/5 8674/2/5
f 8676/2/5 8649/2/5 8648/2/5
f 8676/1/5 8648/1/5 8675/1/5
f 8677/2/5 8649/2/5 8676/2/5
f 8678/1/5 8650/1/5 8649/1/5
f 8678/2/5 8649/2/5 8677/2/5
f 8679/4/5 8651/4/5 8650/4/5
f 8679/1/5 8650/1/5 8678/1/5
f 8680/2/5 8652/2/5 8651/2/5
f 8680/4/5 8651/4/5 8679/4/5
f 8681/2/5 8652/2/5 8680/2/5
f 8682/2/5 8652/2/5 8681/2/5
f 8685/2/5 8654/2/5 8653/2/5
f 8686/1/5 8655/1/5 8654/1/5
f 8686/2/5 8654/2/5 8685/2/5
f 8687/2/5 8656/2/5 8655/2/5
f 8687/1/5 8655/1/5 8686/1/5
f 8688/2/5 8656/2/5 8687/2/5
f 8689/1/5 8657/1/5 8656/1/5
f 8689/2/5 8656/2/5 8688/2/5
f 8690/2/5 8658/2/5 8657/2/5
f 8690/1/5 8657/1/5 8689/1/5
f 8691/2/5 8658/2/5 8690/2/5
f 8692/1/5 8659/1/5 8658/1/5
f 8692/2/5 8658/2/5 8691/2/5
f 8693/2/5 8660/2/5 8659/2/5
f 8693/1/5 8659/1/5 8692/1/5
f 8694/2/5 8660/2/5 8693/2/5
f 8695/2/5 8660/2/5 8694/2/5
f 8697/2/5 8662/2/5 8661/2/5
f 8698/4/5 8663/4/5 8662/4/5
f 8698/2/5 8662/2/5 8697/2/5
f 8699/1/5 8664/1/5 8663/1/5
f 8699/4/5 8663/4/5 8698/4/5
f 8700/2/5 8665/2/5 8664/2/5
f 8700/1/5 8664/1/5 8699/1/5
f 8701/2/5 8665/2/5 8700/2/5
f 8702/2/5 8665/2/5 8701/2/5
f 8703/2/5 8665/2/5 8702/2/5
f 8704/1/5 8667/1/5 8666/1/5
f 8705/2/5 8668/2/5 8667/2/5
f 8705/1/5 8667/1/5 8704/1/5
f 8706/4/5 8669/4/5 8668/4/5
f 8706/2/5 8668/2/5 8705/2/5
f 8707/2/5 8670/2/5 8669/2/5
f 8707/4/5 8669/4/5 8706/4/5
f 8708/2/5 8670/2/5 8707/2/5
f 8709/2/5 8670/2/5 8708/2/5
f 8710/2/5 8685/2/5 8684/2/5
f 8711/4/5 8683/4/5 8682/4/5
f 8712/4/5 8683/4/5 8711/4/5
f 8713/2/5 8710/2/5 8684/2/5
f 8714/2/5 8710/2/5 8713/2/5
f 8715/4/5 8696/4/5 8695/4/5
f 8716/4/5 8696/4/5 8715/4/5
f 8717/1/5 8714/1/5 8713/1/5
f 8718/1/5 8714/1/5 8717/1/5
f 8719/2/5 8712/2/5 8711/2/5
f 8720/2/5 8712/2/5 8719/2/5
f 8721/2/5 8718/2/5 8717/2/5
f 8722/2/5 8716/2/5 8715/2/5
f 8723/2/5 8716/2/5 8722/2/5
f 8724/1/5 8720/1/5 8719/1/5
f 8725/1/5 8720/1/5 8724/1/5
f 8726/2/5 8721/2/5 8717/2/5
f 8727/1/5 8723/1/5 8722/1/5
f 8728/1/5 8723/1/5 8727/1/5
f 8729/4/5 8725/4/5 8724/4/5
f 8730/4/5 8725/4/5 8729/4/5
f 8731/2/5 8726/2/5 8717/2/5
f 8732/2/5 8726/2/5 8731/2/5
f 8733/4/5 8728/4/5 8727/4/5
f 8734/4/5 8728/4/5 8733/4/5
f 8735/4/5 8732/4/5 8731/4/5
f 8736/4/5 8732/4/5 8735/4/5
f 8737/2/5 8730/2/5 8729/2/5
f 8738/2/5 8734/2/5 8733/2/5
f 8739/2/5 8730/2/5 8737/2/5
f 8740/2/5 8734/2/5 8738/2/5
f 8741/2/5 8736/2/5 8735/2/5
f 8742/2/5 8736/2/5 8741/2/5
f 8743/2/5 8730/2/5 8739/2/5
f 8744/2/5 8730/2/5 8743/2/5
f 8745/4/5 8742/4/5 8741/4/5
f 8746/4/5 8742/4/5 8745/4/5
f 8747/2/5 8734/2/5 8740/2/5
f 8748/2/5 8734/2/5 8747/2/5
f 8749/4/5 8744/4/5 8743/4/5
f 8750/4/5 8744/4/5 8749/4/5
f 8751/1/5 8746/1/5 8745/1/5
f 8752/1/5 8746/1/5 8751/1/5
f 8753/4/5 8748/4/5 8747/4/5
f 8754/4/5 8748/4/5 8753/4/5
f 8761/3/5 8756/3/5 8755/3/5
f 8762/3/5 8761/3/5 8755/3/5
f 8763/3/5 8761/3/5 8762/3/5
f 8764/3/5 8758/3/5 8757/3/5
f 8765/3/5 8763/3/5 8762/3/5
f 8766/3/5 8763/3/5 8765/3/5
f 8767/3/5 8758/3/5 8764/3/5
f 8769/3/5 8766/3/5 8765/3/5
f 8770/3/5 8766/3/5 8769/3/5
f 8773/3/5 8758/3/5 8767/3/5
f 8774/3/5 8758/3/5 8773/3/5
f 8775/3/5 8760/3/5 8759/3/5
f 8776/3/5 8760/3/5 8775/3/5
f 8778/3/5 8774/3/5 8773/3/5
f 8778/3/5 8777/3/5 8776/3/5
f 8778/3/5 8776/3/5 8775/3/5
f 8778/3/5 8775/3/5 8774/3/5
f 8778/3/5 8772/3/5 8771/3/5
f 8778/3/5 8773/3/5 8772/3/5
f 8778/3/5 8769/3/5 8768/3/5
f 8778/3/5 8771/3/5 8770/3/5
f 8778/3/5 8770/3/5 8769/3/5
f 8779/3/5 8777/3/5 8778/3/5
f 8780/3/5 8777/3/5 8779/3/5
f 8781/3/5 8777/3/5 8780/3/5
f 8782/3/5 8777/3/5 8781/3/5
f 8783/3/5 8777/3/5 8782/3/5
f 8784/3/5 8780/3/5 8779/3/5
f 8785/3/5 8782/3/5 8781/3/5
f 8786/3/5 8780/3/5 8784/3/5
f 8787/3/5 8782/3/5 8785/3/5
f 8788/3/5 8780/3/5 8786/3/5
f 8789/3/5 8782/3/5 8787/3/5
f 8790/3/5 8780/3/5 8788/3/5
f 8791/3/5 8782/3/5 8789/3/5
f 8792/3/5 8790/3/5 8788/3/5
f 8793/3/5 8791/3/5 8789/3/5
f 8794/3/5 8792/3/5 8788/3/5
f 8795/3/5 8793/3/5 8789/3/5
f 8797/3/5 8794/3/5 8788/3/5
f 8798/3/5 8794/3/5 8797/3/5
f 8799/3/5 8795/3/5 8789/3/5
f 8800/3/5 8795/3/5 8799/3/5
f 8802/3/5 8800/3/5 8799/3/5
f 8802/3/5 8801/3/5 8800/3/5
f 8802/3/5 8797/3/5 8796/3/5
f 8802/3/5 8799/3/5 8798/3/5
f 8802/3/5 8798/3/5 8797/3/5
f 8803/3/5 8801/3/5 8802/3/5
f 8804/3/5 8801/3/5 8803/3/5
f 8805/3/5 8801/3/5 8804/3/5
f 8806/3/5 8801/3/5 8805/3/5
f 8807/3/5 8801/3/5 8806/3/5
f 8808/3/5 8801/3/5 8807/3/5
f 8809/3/5 8801/3/5 8808/3/5
f 8810/3/5 8801/3/5 8809/3/5
f 8811/3/5 8801/3/5 8810/3/5
f 8812/3/5 8801/3/5 8811/3/5
f 8813/3/5 8801/3/5 8812/3/5
f 8814/3/5 8801/3/5 8813/3/5
f 8815/3/5 8801/3/5 8814/3/5
f 8816/3/5 8801/3/5 8815/3/5
f 8817/3/5 8801/3/5 8816/3/5
f 8818/3/5 8801/3/5 8817/3/5
f 8819/3/5 8801/3/5 8818/3/5
f 8820/3/5 8801/3/5 8819/3/5
f 8821/3/5 8801/3/5 8820/3/5
f 8822/3/5 8801/3/5 8821/3/5
f 8823/3/5 8801/3/5 8822/3/5
f 8824/3/5 8801/3/5 8823/3/5
f 8825/3/5 8809/3/5 8808/3/5
f 8826/3/5 8809/3/5 8825/3/5
f 8827/3/5 8809/3/5 8826/3/5
f 8828/3/5 8816/3/5 8815/3/5
f 8829/3/5 8816/3/5 8828/3/5
f 8830/3/5 8816/3/5 8829/3/5
f 8831/3/5 8816/3/5 8830/3/5
f 8832/3/5 8830/3/5 8829/3/5
f 8833/3/5 8826/3/5 8825/3/5
f 8834/3/5 8830/3/5 8832/3/5
f 8835/3/5 8830/3/5 8834/3/5
f 8836/3/5 8833/3/5 8825/3/5
f 8837/3/5 8835/3/5 8834/3/5
f 8838/3/5 8836/3/5 8825/3/5
f 8839/3/5 8837/3/5 8834/3/5
f 8840/3/5 8837/3/5 8839/3/5
f 8841/3/5 8840/3/5 8839/3/5
f 8842/3/5 8838/3/5 8825/3/5
f 8843/3/5 8840/3/5 8841/3/5
f 8844/3/5 8842/3/5 8825/3/5
f 8845/3/5 8843/3/5 8841/3/5
f 8846/3/5 8843/3/5 8845/3/5
f 8847/3/5 8844/3/5 8825/3/5
f 8848/3/5 8846/3/5 8845/3/5
f 8849/3/5 8846/3/5 8848/3/5
f 8850/3/5 8847/3/5 8825/3/5
f 8851/3/5 8849/3/5 8848/3/5
f 8852/3/5 8850/3/5 8825/3/5
f 8853/3/5 8851/3/5 8848/3/5
f 8854/3/5 8852/3/5 8825/3/5
f 8855/3/5 8852/3/5 8854/3/5
f 8858/3/5 8853/3/5 8848/3/5
f 8859/3/5 8853/3/5 8858/3/5
f 8866/3/5 8855/3/5 8854/3/5
f 8866/3/5 8856/3/5 8855/3/5
f 8867/3/5 8856/3/5 8866/3/5
f 8873/3/5 8859/3/5 8858/3/5
f 8873/3/5 8858/3/5 8857/3/5
f 8873/3/5 8860/3/5 8859/3/5
f 8874/3/5 8860/3/5 8873/3/5
f 8883/3/5 8874/3/5 8873/3/5
f 8883/3/5 8882/3/5 8881/3/5
f 8883/3/5 8881/3/5 8880/3/5
f 8883/3/5 8880/3/5 8879/3/5
f 8883/3/5 8879/3/5 8878/3/5
f 8883/3/5 8878/3/5 8877/3/5
f 8883/3/5 8877/3/5 8876/3/5
f 8883/3/5 8876/3/5 8875/3/5
f 8883/3/5 8875/3/5 8874/3/5
f 8883/3/5 8873/3/5 8872/3/5
f 8883/3/5 8872/3/5 8871/3/5
f 8883/3/5 8869/3/5 8868/3/5
f 8883/3/5 8868/3/5 8867/3/5
f 8883/3/5 8867/3/5 8866/3/5
f 8883/3/5 8866/3/5 8865/3/5
f 8883/3/5 8871/3/5 8870/3/5
f 8883/3/5 8863/3/5 8862/3/5
f 8883/3/5 8862/3/5 8861/3/5
f 8883/3/5 8870/3/5 8869/3/5
f 8883/3/5 8865/3/5 8864/3/5
f 8883/3/5 8864/3/5 8863/3/5
f 8884/3/5 8882/3/5 8883/3/5
f 8885/3/5 8882/3/5 8884/3/5
f 8886/3/5 8882/3/5 8885/3/5
f 8887/3/5 8882/3/5 8886/3/5
f 8888/3/5 8882/3/5 8887/3/5
f 8889/3/5 8882/3/5 8888/3/5
f 8890/3/5 8882/3/5 8889/3/5
f 8891/3/5 8882/3/5 8890/3/5
f 8892/3/5 8882/3/5 8891/3/5
f 8893/3/5 8882/3/5 8892/3/5
f 8894/3/5 8882/3/5 8893/3/5
f 8895/3/5 8882/3/5 8894/3/5
f 8896/3/5 8882/3/5 8895/3/5
f 8897/3/5 8882/3/5 8896/3/5
f 8898/3/5 8882/3/5 8897/3/5
f 8899/3/5 8882/3/5 8898/3/5
f 8900/3/5 8882/3/5 8899/3/5
f 8901/3/5 8882/3/5 8900/3/5
f 8902/3/5 8882/3/5 8901/3/5
f 8903/3/5 8882/3/5 8902/3/5
f 8904/3/5 8882/3/5 8903/3/5
f 8905/3/5 8882/3/5 8904/3/5
f 8906/3/5 8882/3/5 8905/3/5
f 8907/3/5 8882/3/5 8906/3/5
f 8908/3/5 8882/3/5 8907/3/5
f 8909/3/5 8882/3/5 8908/3/5
f 8910/3/5 8892/3/5 8891/3/5
f 8911/3/5 8892/3/5 8910/3/5
f 8912/3/5 8892/3/5 8911/3/5
f 8913/3/5 8892/3/5 8912/3/5
f 8914/3/5 8900/3/5 8899/3/5
f 8915/3/5 8900/3/5 8914/3/5
f 8916/3/5 8905/3/5 8904/3/5
f 8917/3/5 8912/3/5 8911/3/5
f 8918/3/5 8912/3/5 8917/3/5
f 8919/3/5 8900/3/5 8915/3/5
f 8920/3/5 8918/3/5 8917/3/5
f 8921/3/5 8920/3/5 8917/3/5
f 8922/3/5 8900/3/5 8919/3/5
f 8923/3/5 8920/3/5 8921/3/5
f 8924/3/5 8900/3/5 8922/3/5
f 8925/3/5 8920/3/5 8923/3/5
f 8926/3/5 8920/3/5 8925/3/5
f 8927/3/5 8900/3/5 8924/3/5
f 8928/3/5 8926/3/5 8925/3/5
f 8929/3/5 8928/3/5 8925/3/5
f 8930/3/5 8929/3/5 8925/3/5
f 8931/3/5 8929/3/5 8930/3/5
f 8932/3/5 8900/3/5 8927/3/5
f 8933/3/5 8900/3/5 8932/3/5
f 8934/3/5 8916/3/5 8904/3/5
f 8935/3/5 8916/3/5 8934/3/5
f 8958/4/5 8937/4/5 8936/4/5
f 8959/3/5 8938/3/5 8937/3/5
f 8959/4/5 8937/4/5 8958/4/5
f 8960/4/5 8939/4/5 8938/4/5
f 8960/3/5 8938/3/5 8959/3/5
f 8961/3/5 8940/3/5 8939/3/5
f 8961/4/5 8939/4/5 8960/4/5
f 8962/3/5 8940/3/5 8961/3/5
f 8963/4/5 8942/4/5 8941/4/5
f 8964/3/5 8943/3/5 8942/3/5
f 8964/4/5 8942/4/5 8963/4/5
f 8965/4/5 8944/4/5 8943/4/5
f 8965/3/5 8943/3/5 8964/3/5
f 8966/3/5 8945/3/5 8944/3/5
f 8966/4/5 8944/4/5 8965/4/5
f 8967/3/5 8945/3/5 8966/3/5
f 8968/1/5 8947/1/5 8946/1/5
f 8969/3/5 8948/3/5 8947/3/5
f 8969/1/5 8947/1/5 8968/1/5
f 8970/1/5 8949/1/5 8948/1/5
f 8970/3/5 8948/3/5 8969/3/5
f 8971/3/5 8950/3/5 8949/3/5
f 8971/1/5 8949/1/5 8970/1/5
f 8972/4/5 8951/4/5 8950/4/5
f 8972/3/5 8950/3/5 8971/3/5
f 8973/3/5 8952/3/5 8951/3/5
f 8973/4/5 8951/4/5 8972/4/5
f 8974/4/5 8953/4/5 8952/4/5
f 8974/3/5 8952/3/5 8973/3/5
f 8975/1/5 8954/1/5 8953/1/5
f 8975/4/5 8953/4/5 8974/4/5
f 8976/3/5 8955/3/5 8954/3/5
f 8976/1/5 8954/1/5 8975/1/5
f 8977/3/5 8955/3/5 8976/3/5
f 8978/4/5 8957/4/5 8956/4/5
f 8979/4/5 8957/4/5 8978/4/5
f 8980/4/5 8958/4/5 8936/4/5
f 8981/4/5 8958/4/5 8980/4/5
f 8982/4/5 8957/4/5 8979/4/5
f 8983/4/5 8957/4/5 8982/4/5
f 8984/3/5 8981/3/5 8980/3/5
f 8985/3/5 8981/3/5 8984/3/5
f 8986/3/5 8983/3/5 8982/3/5
f 8987/3/5 8983/3/5 8986/3/5
f 8988/4/5 8985/4/5 8984/4/5
f 8989/4/5 8985/4/5 8988/4/5
f 8990/4/5 8987/4/5 8986/4/5
f 8991/4/5 8987/4/5 8990/4/5
f 8992/3/5 8989/3/5 8988/3/5
f 8993/3/5 8989/3/5 8992/3/5
f 8994/3/5 8991/3/5 8990/3/5
f 8995/3/5 8991/3/5 8994/3/5
f 9000/4/5 8997/4/5 8996/4/5
f 9001/4/5 8997/4/5 9000/4/5
f 9002/4/5 8999/4/5 8998/4/5
f 9003/4/5 8999/4/5 9002/4/5
f 9004/3/5 9001/3/5 9000/3/5
f 9005/3/5 9001/3/5 9004/3/5
f 9006/3/5 9003/3/5 9002/3/5
f 9007/3/5 9003/3/5 9006/3/5
f 9008/4/5 9005/4/5 9004/4/5
f 9009/4/5 9005/4/5 9008/4/5
f 9010/4/5 9007/4/5 9006/4/5
f 9011/4/5 9007/4/5 9010/4/5
f 9012/3/5 9009/3/5 9008/3/5
f 9013/3/5 9009/3/5 9012/3/5
f 9014/3/5 9011/3/5 9010/3/5
f 9015/3/5 9011/3/5 9014/3/5
f 9020/1/5 9017/1/5 9016/1/5
f 9021/1/5 9017/1/5 9020/1/5
f 9022/1/5 9019/1/5 9018/1/5
f 9023/1/5 9019/1/5 9022/1/5
f 9024/3/5 9021/3/5 9020/3/5
f 9025/3/5 9021/3/5 9024/3/5
f 9026/3/5 9023/3/5 9022/3/5
f 9027/3/5 9023/3/5 9026/3/5
f 9028/1/5 9025/1/5 9024/1/5
f 9029/1/5 9025/1/5 9028/1/5
f 9030/1/5 9027/1/5 9026/1/5
f 9031/1/5 9027/1/5 9030/1/5
f 9032/3/5 9029/3/5 9028/3/5
f 9033/3/5 9029/3/5 9032/3/5
f 9034/3/5 9031/3/5 9030/3/5
f 9035/3/5 9031/3/5 9034/3/5
f 9036/4/5 9033/4/5 9032/4/5
f 9037/4/5 9033/4/5 9036/4/5
f 9038/4/5 9035/4/5 9034/4/5
f 9039/4/5 9035/4/5 9038/4/5
f 9040/3/5 9037/3/5 9036/3/5
f 9041/3/5 9037/3/5 9040/3/5
f 9042/3/5 9039/3/5 9038/3/5
f 9043/3/5 9039/3/5 9042/3/5
f 9044/4/5 9041/4/5 9040/4/5
f 9045/4/5 9041/4/5 9044/4/5
f 9046/4/5 9043/4/5 9042/4/5
f 9047/4/5 9043/4/5 9046/4/5
f 9048/1/5 9045/1/5 9044/1/5
f 9049/1/5 9045/1/5 9048/1/5
f 9050/1/5 9047/1/5 9046/1/5
f 9051/1/5 9047/1/5 9050/1/5
f 9052/3/5 9049/3/5 9048/3/5
f 9053/3/5 9049/3/5 9052/3/5
f 9054/3/5 9051/3/5 9050/3/5
f 9055/3/5 9051/3/5 9054/3/5
f 9060/4/5 9057/4/5 9056/4/5
f 9061/4/5 9057/4/5 9060/4/5
f 9082/4/5 9059/4/5 9058/4/5
f 9083/4/5 9059/4/5 9082/4/5
f 9084/3/5 9061/3/5 9060/3/5
f 9085/4/5 9062/4/5 9061/4/5
f 9085/3/5 9061/3/5 9084/3/5
f 9086/3/5 9063/3/5 9062/3/5
f 9086/4/5 9062/4/5 9085/4/5
f 9087/4/5 9064/4/5 9063/4/5
f 9087/3/5 9063/3/5 9086/3/5
f 9088/3/5 9065/3/5 9064/3/5
f 9088/4/5 9064/4/5 9087/4/5
f 9089/3/5 9065/3/5 9088/3/5
f 9090/4/5 9067/4/5 9066/4/5
f 9091/3/5 9068/3/5 9067/3/5
f 9091/4/5 9067/4/5 9090/4/5
f 9092/4/5 9069/4/5 9068/4/5
f 9092/3/5 9068/3/5 9091/3/5
f 9093/3/5 9070/3/5 9069/3/5
f 9093/4/5 9069/4/5 9092/4/5
f 9094/3/5 9070/3/5 9093/3/5
f 9095/1/5 9072/1/5 9071/1/5
f 9096/3/5 9073/3/5 9072/3/5
f 9096/1/5 9072/1/5 9095/1/5
f 9097/1/5 9074/1/5 9073/1/5
f 9097/3/5 9073/3/5 9096/3/5
f 9098/3/5 9075/3/5 9074/3/5
f 9098/1/5 9074/1/5 9097/1/5
f 9099/4/5 9076/4/5 9075/4/5
f 9099/3/5 9075/3/5 9098/3/5
f 9100/3/5 9077/3/5 9076/3/5
f 9100/4/5 9076/4/5 9099/4/5
f 9101/4/5 9078/4/5 9077/4/5
f 9101/3/5 9077/3/5 9100/3/5
f 9102/1/5 9079/1/5 9078/1/5
f 9102/4/5 9078/4/5 9101/4/5
f 9103/3/5 9080/3/5 9079/3/5
f 9103/1/5 9079/1/5 9102/1/5
f 9104/3/5 9080/3/5 9103/3/5
f 9105/4/5 9082/4/5 9081/4/5
f 9106/3/5 9083/3/5 9082/3/5
f 9106/4/5 9082/4/5 9105/4/5
f 9107/3/5 9083/3/5 9106/3/5
f 9134/4/5 9109/4/5 9108/4/5
f 9135/2/5 9110/2/5 9109/2/5
f 9135/4/5 9109/4/5 9134/4/5
f 9136/3/5 9111/3/5 9110/3/5
f 9136/2/5 9110/2/5 9135/2/5
f 9137/4/5 9112/4/5 9111/4/5
f 9137/3/5 9111/3/5 9136/3/5
f 9138/2/5 9113/2/5 9112/2/5
f 9138/4/5 9112/4/5 9137/4/5
f 9139/1/5 9114/1/5 9113/1/5
f 9139/2/5 9113/2/5 9138/2/5
f 9140/4/5 9115/4/5 9114/4/5
f 9140/1/5 9114/1/5 9139/1/5
f 9141/3/5 9116/3/5 9115/3/5
f 9141/4/5 9115/4/5 9140/4/5
f 9142/3/5 9116/3/5 9141/3/5
f 9144/2/5 9118/2/5 9117/2/5
f 9145/1/5 9119/1/5 9118/1/5
f 9145/2/5 9118/2/5 9144/2/5
f 9146/2/5 9120/2/5 9119/2/5
f 9146/1/5 9119/1/5 9145/1/5
f 9147/4/5 9121/4/5 9120/4/5
f 9147/2/5 9120/2/5 9146/2/5
f 9148/3/5 9122/3/5 9121/3/5
f 9148/4/5 9121/4/5 9147/4/5
f 9149/3/5 9122/3/5 9148/3/5
f 9151/4/5 9124/4/5 9123/4/5
f 9152/4/5 9124/4/5 9151/4/5
f 9153/4/5 9124/4/5 9152/4/5
f 9154/4/5 9124/4/5 9153/4/5
f 9155/3/5 9125/3/5 9124/3/5
f 9155/4/5 9124/4/5 9154/4/5
f 9156/1/5 9126/1/5 9125/1/5
f 9156/3/5 9125/3/5 9155/3/5
f 9157/3/5 9127/3/5 9126/3/5
f 9157/1/5 9126/1/5 9156/1/5
f 9158/4/5 9128/4/5 9127/4/5
f 9158/3/5 9127/3/5 9157/3/5
f 9159/4/5 9128/4/5 9158/4/5
f 9160/3/5 9129/3/5 9128/3/5
f 9160/4/5 9128/4/5 9159/4/5
f 9161/3/5 9129/3/5 9160/3/5
f 9164/2/5 9131/2/5 9130/2/5
f 9165/4/5 9132/4/5 9131/4/5
f 9165/2/5 9131/2/5 9164/2/5
f 9166/4/5 9132/4/5 9165/4/5
f 9168/4/5 9143/4/5 9142/4/5
f 9169/4/5 9143/4/5 9168/4/5
f 9170/4/5 9151/4/5 9150/4/5
f 9171/4/5 9151/4/5 9170/4/5
f 9172/3/5 9162/3/5 9161/3/5
f 9173/3/5 9162/3/5 9172/3/5
f 9174/1/5 9164/1/5 9163/1/5
f 9175/1/5 9164/1/5 9174/1/5
f 9176/2/5 9134/2/5 9133/2/5
f 9177/2/5 9134/2/5 9176/2/5
f 9178/2/5 9167/2/5 9166/2/5
f 9179/2/5 9167/2/5 9178/2/5
f 9180/3/5 9177/3/5 9176/3/5
f 9181/3/5 9177/3/5 9180/3/5
f 9182/3/5 9179/3/5 9178/3/5
f 9183/3/5 9179/3/5 9182/3/5
f 9184/4/5 9181/4/5 9180/4/5
f 9185/4/5 9181/4/5 9184/4/5
f 9186/4/5 9183/4/5 9182/4/5
f 9187/4/5 9183/4/5 9186/4/5
f 9188/2/5 9185/2/5 9184/2/5
f 9189/2/5 9185/2/5 9188/2/5
f 9190/2/5 9187/2/5 9186/2/5
f 9191/2/5 9187/2/5 9190/2/5
f 9192/1/5 9189/1/5 9188/1/5
f 9193/1/5 9189/1/5 9192/1/5
f 9194/1/5 9191/1/5 9190/1/5
f 9195/1/5 9191/1/5 9194/1/5
f 9196/4/5 9193/4/5 9192/4/5
f 9197/4/5 9193/4/5 9196/4/5
f 9198/4/5 9195/4/5 9194/4/5
f 9199/4/5 9195/4/5 9198/4/5
f 9200/3/5 9197/3/5 9196/3/5
f 9201/3/5 9197/3/5 9200/3/5
f 9204/3/5 9199/3/5 9198/3/5
f 9205/3/5 9199/3/5 9204/3/5
f 9206/4/5 9202/4/5 9201/4/5
f 9207/4/5 9202/4/5 9206/4/5
f 9208/4/5 9204/4/5 9203/4/5
f 9209/4/5 9204/4/5 9208/4/5
f 9214/2/5 9211/2/5 9210/2/5
f 9215/2/5 9211/2/5 9214/2/5
f 9216/2/5 9213/2/5 9212/2/5
f 9217/2/5 9213/2/5 9216/2/5
f 9218/1/5 9215/1/5 9214/1/5
f 9219/1/5 9215/1/5 9218/1/5
f 9220/1/5 9217/1/5 9216/1/5
f 9221/1/5 9217/1/5 9220/1/5
f 9222/2/5 9219/2/5 9218/2/5
f 9223/2/5 9219/2/5 9222/2/5
f 9224/2/5 9221/2/5 9220/2/5
f 9225/2/5 9221/2/5 9224/2/5
f 9226/4/5 9223/4/5 9222/4/5
f 9227/4/5 9223/4/5 9226/4/5
f 9228/4/5 9225/4/5 9224/4/5
f 9229/4/5 9225/4/5 9228/4/5
f 9230/3/5 9227/3/5 9226/3/5
f 9231/3/5 9227/3/5 9230/3/5
f 9232/3/5 9229/3/5 9228/3/5
f 9233/3/5 9229/3/5 9232/3/5
f 9239/4/5 9235/4/5 9234/4/5
f 9240/4/5 9235/4/5 9239/4/5
f 9241/4/5 9237/4/5 9236/4/5
f 9242/4/5 9237/4/5 9241/4/5
f 9244/4/5 9239/4/5 9238/4/5
f 9245/4/5 9243/4/5 9242/4/5
f 9246/4/5 9244/4/5 9238/4/5
f 9247/4/5 9243/4/5 9245/4/5
f 9248/4/5 9246/4/5 9238/4/5
f 9249/4/5 9243/4/5 9247/4/5
f 9250/4/5 9248/4/5 9238/4/5
f 9251/4/5 9248/4/5 9250/4/5
f 9252/4/5 9243/4/5 9249/4/5
f 9253/4/5 9243/4/5 9252/4/5
f 9254/3/5 9251/3/5 9250/3/5
f 9255/3/5 9251/3/5 9254/3/5
f 9256/3/5 9253/3/5 9252/3/5
f 9257/3/5 9253/3/5 9256/3/5
f 9258/1/5 9255/1/5 9254/1/5
f 9259/1/5 9255/1/5 9258/1/5
f 9260/1/5 9257/1/5 9256/1/5
f 9261/1/5 9257/1/5 9260/1/5
f 9262/3/5 9259/3/5 9258/3/5
f 9263/3/5 9259/3/5 9262/3/5
f 9264/3/5 9261/3/5 9260/3/5
f 9265/3/5 9261/3/5 9264/3/5
f 9266/4/5 9263/4/5 9262/4/5
f 9267/4/5 9265/4/5 9264/4/5
f 9268/4/5 9266/4/5 9262/4/5
f 9269/4/5 9266/4/5 9268/4/5
f 9270/4/5 9265/4/5 9267/4/5
f 9271/4/5 9265/4/5 9270/4/5
f 9272/3/5 9269/3/5 9268/3/5
f 9273/3/5 9269/3/5 9272/3/5
f 9276/3/5 9271/3/5 9270/3/5
f 9277/3/5 9271/3/5 9276/3/5
f 9278/3/5 9274/3/5 9273/3/5
f 9279/3/5 9274/3/5 9278/3/5
f 9280/3/5 9276/3/5 9275/3/5
f 9281/3/5 9276/3/5 9280/3/5
f 9287/1/5 9283/1/5 9282/1/5
f 9288/1/5 9283/1/5 9287/1/5
f 9289/1/5 9285/1/5 9284/1/5
f 9290/1/5 9285/1/5 9289/1/5
f 9292/2/5 9287/2/5 9286/2/5
f 9293/2/5 9287/2/5 9292/2/5
f 9302/2/5 9291/2/5 9290/2/5
f 9303/2/5 9291/2/5 9302/2/5
f 9304/1/5 9293/1/5 9292/1/5
f 9305/1/5 9293/1/5 9304/1/5
f 9313/4/5 9295/4/5 9294/4/5
f 9314/4/5 9295/4/5 9313/4/5
f 9321/4/5 9297/4/5 9296/4/5
f 9322/4/5 9297/4/5 9321/4/5
f 9332/3/5 9299/3/5 9298/3/5
f 9333/3/5 9299/3/5 9332/3/5
f 9334/1/5 9301/1/5 9300/1/5
f 9335/1/5 9301/1/5 9334/1/5
f 9337/1/5 9303/1/5 9302/1/5
f 9338/1/5 9303/1/5 9337/1/5
f 9339/4/5 9306/4/5 9305/4/5
f 9340/2/5 9307/2/5 9306/2/5
f 9340/4/5 9306/4/5 9339/4/5
f 9341/3/5 9308/3/5 9307/3/5
f 9341/2/5 9307/2/5 9340/2/5
f 9342/4/5 9309/4/5 9308/4/5
f 9342/3/5 9308/3/5 9341/3/5
f 9343/2/5 9310/2/5 9309/2/5
f 9343/4/5 9309/4/5 9342/4/5
f 9344/1/5 9311/1/5 9310/1/5
f 9344/2/5 9310/2/5 9343/2/5
f 9345/4/5 9312/4/5 9311/4/5
f 9345/1/5 9311/1/5 9344/1/5
f 9346/3/5 9313/3/5 9312/3/5
f 9346/4/5 9312/4/5 9345/4/5
f 9347/3/5 9313/3/5 9346/3/5
f 9348/2/5 9316/2/5 9315/2/5
f 9349/1/5 9317/1/5 9316/1/5
f 9349/2/5 9316/2/5 9348/2/5
f 9350/2/5 9318/2/5 9317/2/5
f 9350/1/5 9317/1/5 9349/1/5
f 9351/4/5 9319/4/5 9318/4/5
f 9351/2/5 9318/2/5 9350/2/5
f 9352/3/5 9320/3/5 9319/3/5
f 9352/4/5 9319/4/5 9351/4/5
f 9353/3/5 9320/3/5 9352/3/5
f 9354/4/5 9323/4/5 9322/4/5
f 9354/4/5 9324/4/5 9323/4/5
f 9354/4/5 9325/4/5 9324/4/5
f 9354/4/5 9326/4/5 9325/4/5
f 9355/3/5 9327/3/5 9326/3/5
f 9355/4/5 9326/4/5 9354/4/5
f 9356/1/5 9328/1/5 9327/1/5
f 9356/3/5 9327/3/5 9355/3/5
f 9357/3/5 9329/3/5 9328/3/5
f 9357/1/5 9328/1/5 9356/1/5
f 9358/4/5 9331/4/5 9330/4/5
f 9358/3/5 9329/3/5 9357/3/5
f 9358/4/5 9330/4/5 9329/4/5
f 9359/3/5 9332/3/5 9331/3/5
f 9359/4/5 9331/4/5 9358/4/5
f 9360/3/5 9332/3/5 9359/3/5
f 9361/2/5 9336/2/5 9335/2/5
f 9362/4/5 9337/4/5 9336/4/5
f 9362/2/5 9336/2/5 9361/2/5
f 9363/4/5 9337/4/5 9362/4/5
f 9391/4/5 9365/4/5 9364/4/5
f 9392/1/5 9366/1/5 9365/1/5
f 9392/4/5 9365/4/5 9391/4/5
f 9393/3/5 9367/3/5 9366/3/5
f 9393/1/5 9366/1/5 9392/1/5
f 9394/3/5 9367/3/5 9393/3/5
f 9395/4/5 9369/4/5 9368/4/5
f 9396/3/5 9370/3/5 9369/3/5
f 9396/4/5 9369/4/5 9395/4/5
f 9397/4/5 9371/4/5 9370/4/5
f 9397/3/5 9370/3/5 9396/3/5
f 9398/1/5 9372/1/5 9371/1/5
f 9398/4/5 9371/4/5 9397/4/5
f 9399/3/5 9373/3/5 9372/3/5
f 9399/1/5 9372/1/5 9398/1/5
f 9400/3/5 9373/3/5 9399/3/5
f 9401/4/5 9375/4/5 9374/4/5
f 9402/3/5 9376/3/5 9375/3/5
f 9402/4/5 9375/4/5 9401/4/5
f 9403/4/5 9377/4/5 9376/4/5
f 9403/3/5 9376/3/5 9402/3/5
f 9404/3/5 9378/3/5 9377/3/5
f 9404/4/5 9377/4/5 9403/4/5
f 9405/1/5 9379/1/5 9378/1/5
f 9405/3/5 9378/3/5 9404/3/5
f 9406/4/5 9380/4/5 9379/4/5
f 9406/1/5 9379/1/5 9405/1/5
f 9407/3/5 9381/3/5 9380/3/5
f 9407/4/5 9380/4/5 9406/4/5
f 9408/3/5 9381/3/5 9407/3/5
f 9409/1/5 9383/1/5 9382/1/5
f 9410/3/5 9384/3/5 9383/3/5
f 9410/1/5 9383/1/5 9409/1/5
f 9411/1/5 9385/1/5 9384/1/5
f 9411/3/5 9384/3/5 9410/3/5
f 9412/4/5 9386/4/5 9385/4/5
f 9412/1/5 9385/1/5 9411/1/5
f 9413/3/5 9387/3/5 9386/3/5
f 9413/4/5 9386/4/5 9412/4/5
f 9414/4/5 9388/4/5 9387/4/5
f 9414/3/5 9387/3/5 9413/3/5
f 9415/3/5 9389/3/5 9388/3/5
f 9415/4/5 9388/4/5 9414/4/5
f 9416/4/5 9390/4/5 9389/4/5
f 9416/3/5 9389/3/5 9415/3/5
f 9417/4/5 9390/4/5 9416/4/5
f 9418/1/5 9392/1/5 9391/1/5
f 9419/1/5 9392/1/5 9418/1/5
f 9420/1/5 9417/1/5 9416/1/5
f 9421/1/5 9417/1/5 9420/1/5
f 9422/3/5 9419/3/5 9418/3/5
f 9423/3/5 9419/3/5 9422/3/5
f 9424/3/5 9421/3/5 9420/3/5
f 9425/3/5 9421/3/5 9424/3/5
f 9430/4/5 9427/4/5 9426/4/5
f 9431/4/5 9427/4/5 9430/4/5
f 9432/4/5 9429/4/5 9428/4/5
f 9433/4/5 9429/4/5 9432/4/5
f 9434/3/5 9431/3/5 9430/3/5
f 9435/3/5 9431/3/5 9434/3/5
f 9436/3/5 9433/3/5 9432/3/5
f 9437/3/5 9433/3/5 9436/3/5
f 9438/4/5 9435/4/5 9434/4/5
f 9439/4/5 9435/4/5 9438/4/5
f 9440/4/5 9437/4/5 9436/4/5
f 9441/4/5 9437/4/5 9440/4/5
f 9442/1/5 9439/1/5 9438/1/5
f 9443/1/5 9439/1/5 9442/1/5
f 9444/1/5 9441/1/5 9440/1/5
f 9445/1/5 9441/1/5 9444/1/5
f 9446/3/5 9443/3/5 9442/3/5
f 9447/3/5 9443/3/5 9446/3/5
f 9448/3/5 9445/3/5 9444/3/5
f 9449/3/5 9445/3/5 9448/3/5
f 9454/4/5 9451/4/5 9450/4/5
f 9455/4/5 9451/4/5 9454/4/5
f 9456/4/5 9453/4/5 9452/4/5
f 9457/4/5 9453/4/5 9456/4/5
f 9458/3/5 9455/3/5 9454/3/5
f 9459/3/5 9455/3/5 9458/3/5
f 9460/3/5 9457/3/5 9456/3/5
f 9461/3/5 9457/3/5 9460/3/5
f 9462/4/5 9459/4/5 9458/4/5
f 9463/4/5 9459/4/5 9462/4/5
f 9464/4/5 9461/4/5 9460/4/5
f 9465/4/5 9461/4/5 9464/4/5
f 9466/3/5 9463/3/5 9462/3/5
f 9467/3/5 9463/3/5 9466/3/5
f 9468/3/5 9465/3/5 9464/3/5
f 9469/3/5 9465/3/5 9468/3/5
f 9470/1/5 9467/1/5 9466/1/5
f 9471/1/5 9467/1/5 9470/1/5
f 9472/1/5 9469/1/5 9468/1/5
f 9473/1/5 9469/1/5 9472/1/5
f 9474/4/5 9471/4/5 9470/4/5
f 9475/4/5 9471/4/5 9474/4/5
f 9476/4/5 9473/4/5 9472/4/5
f 9477/4/5 9473/4/5 9476/4/5
f 9478/3/5 9475/3/5 9474/3/5
f 9479/3/5 9475/3/5 9478/3/5
f 9480/3/5 9477/3/5 9476/3/5
f 9481/3/5 9477/3/5 9480/3/5
f 9486/1/5 9483/1/5 9482/1/5
f 9487/1/5 9483/1/5 9486/1/5
f 9488/1/5 9485/1/5 9484/1/5
f 9489/1/5 9485/1/5 9488/1/5
f 9490/3/5 9487/3/5 9486/3/5
f 9491/3/5 9487/3/5 9490/3/5
f 9492/3/5 9489/3/5 9488/3/5
f 9493/3/5 9489/3/5 9492/3/5
f 9494/1/5 9491/1/5 9490/1/5
f 9495/1/5 9491/1/5 9494/1/5
f 9496/1/5 9493/1/5 9492/1/5
f 9497/1/5 9493/1/5 9496/1/5
f 9498/4/5 9495/4/5 9494/4/5
f 9499/4/5 9495/4/5 9498/4/5
f 9500/4/5 9497/4/5 9496/4/5
f 9501/4/5 9497/4/5 9500/4/5
f 9502/3/5 9499/3/5 9498/3/5
f 9503/3/5 9499/3/5 9502/3/5
f 9504/3/5 9501/3/5 9500/3/5
f 9505/3/5 9501/3/5 9504/3/5
f 9506/4/5 9503/4/5 9502/4/5
f 9507/4/5 9503/4/5 9506/4/5
f 9508/4/5 9505/4/5 9504/4/5
f 9509/4/5 9505/4/5 9508/4/5
f 9510/3/5 9507/3/5 9506/3/5
f 9534/3/5 9509/3/5 9508/3/5
f 9535/3/5 9510/3/5 9506/3/5
f 9536/1/5 9511/1/5 9510/1/5
f 9536/3/5 9510/3/5 9535/3/5
f 9537/3/5 9512/3/5 9511/3/5
f 9537/1/5 9511/1/5 9536/1/5
f 9538/3/5 9512/3/5 9537/3/5
f 9539/4/5 9514/4/5 9513/4/5
f 9540/3/5 9515/3/5 9514/3/5
f 9540/4/5 9514/4/5 9539/4/5
f 9541/4/5 9516/4/5 9515/4/5
f 9541/3/5 9515/3/5 9540/3/5
f 9542/1/5 9517/1/5 9516/1/5
f 9542/4/5 9516/4/5 9541/4/5
f 9543/3/5 9518/3/5 9517/3/5
f 9543/1/5 9517/1/5 9542/1/5
f 9544/3/5 9518/3/5 9543/3/5
f 9545/4/5 9520/4/5 9519/4/5
f 9546/3/5 9521/3/5 9520/3/5
f 9546/4/5 9520/4/5 9545/4/5
f 9547/4/5 9522/4/5 9521/4/5
f 9547/3/5 9521/3/5 9546/3/5
f 9548/3/5 9523/3/5 9522/3/5
f 9548/4/5 9522/4/5 9547/4/5
f 9549/1/5 9524/1/5 9523/1/5
f 9549/3/5 9523/3/5 9548/3/5
f 9550/4/5 9525/4/5 9524/4/5
f 9550/1/5 9524/1/5 9549/1/5
f 9551/3/5 9526/3/5 9525/3/5
f 9551/4/5 9525/4/5 9550/4/5
f 9552/3/5 9526/3/5 9551/3/5
f 9553/1/5 9528/1/5 9527/1/5
f 9554/3/5 9529/3/5 9528/3/5
f 9554/1/5 9528/1/5 9553/1/5
f 9555/1/5 9530/1/5 9529/1/5
f 9555/3/5 9529/3/5 9554/3/5
f 9556/4/5 9531/4/5 9530/4/5
f 9556/1/5 9530/1/5 9555/1/5
f 9557/3/5 9532/3/5 9531/3/5
f 9557/4/5 9531/4/5 9556/4/5
f 9558/4/5 9533/4/5 9532/4/5
f 9558/3/5 9532/3/5 9557/3/5
f 9559/3/5 9534/3/5 9533/3/5
f 9559/4/5 9533/4/5 9558/4/5
f 9560/3/5 9509/3/5 9534/3/5
f 9560/3/5 9534/3/5 9559/3/5
f 9593/4/5 9562/4/5 9561/4/5
f 9594/4/5 9562/4/5 9593/4/5
f 9595/3/5 9563/3/5 9562/3/5
f 9595/4/5 9562/4/5 9594/4/5
f 9596/4/5 9564/4/5 9563/4/5
f 9596/3/5 9563/3/5 9595/3/5
f 9597/4/5 9564/4/5 9596/4/5
f 9599/2/5 9566/2/5 9565/2/5
f 9600/4/5 9567/4/5 9566/4/5
f 9600/2/5 9566/2/5 9599/2/5
f 9601/2/5 9568/2/5 9567/2/5
f 9601/4/5 9567/4/5 9600/4/5
f 9602/3/5 9569/3/5 9568/3/5
f 9602/2/5 9568/2/5 9601/2/5
f 9603/2/5 9570/2/5 9569/2/5
f 9603/3/5 9569/3/5 9602/3/5
f 9604/4/5 9571/4/5 9570/4/5
f 9604/2/5 9570/2/5 9603/2/5
f 9605/3/5 9572/3/5 9571/3/5
f 9605/4/5 9571/4/5 9604/4/5
f 9606/3/5 9572/3/5 9605/3/5
f 9608/4/5 9574/4/5 9573/4/5
f 9609/2/5 9575/2/5 9574/2/5
f 9609/4/5 9574/4/5 9608/4/5
f 9610/1/5 9576/1/5 9575/1/5
f 9610/2/5 9575/2/5 9609/2/5
f 9611/3/5 9577/3/5 9576/3/5
f 9611/1/5 9576/1/5 9610/1/5
f 9612/4/5 9578/4/5 9577/4/5
f 9612/3/5 9577/3/5 9611/3/5
f 9613/2/5 9579/2/5 9578/2/5
f 9613/4/5 9578/4/5 9612/4/5
f 9614/1/5 9580/1/5 9579/1/5
f 9614/2/5 9579/2/5 9613/2/5
f 9615/4/5 9581/4/5 9580/4/5
f 9615/1/5 9580/1/5 9614/1/5
f 9616/4/5 9581/4/5 9615/4/5
f 9617/4/5 9581/4/5 9616/4/5
f 9618/3/5 9582/3/5 9581/3/5
f 9618/4/5 9581/4/5 9617/4/5
f 9619/3/5 9582/3/5 9618/3/5
f 9622/4/5 9584/4/5 9583/4/5
f 9623/3/5 9585/3/5 9584/3/5
f 9623/4/5 9584/4/5 9622/4/5
f 9624/4/5 9586/4/5 9585/4/5
f 9624/3/5 9585/3/5 9623/3/5
f 9625/4/5 9586/4/5 9624/4/5
f 9626/2/5 9587/2/5 9586/2/5
f 9626/4/5 9586/4/5 9625/4/5
f 9627/4/5 9588/4/5 9587/4/5
f 9627/2/5 9587/2/5 9626/2/5
f 9628/3/5 9589/3/5 9588/3/5
f 9628/4/5 9588/4/5 9627/4/5
f 9629/1/5 9590/1/5 9589/1/5
f 9629/3/5 9589/3/5 9628/3/5
f 9630/1/5 9590/1/5 9629/1/5
f 9631/4/5 9591/4/5 9590/4/5
f 9631/1/5 9590/1/5 9630/1/5
f 9632/4/5 9591/4/5 9631/4/5
f 9634/4/5 9593/4/5 9592/4/5
f 9635/3/5 9598/3/5 9597/3/5
f 9636/3/5 9598/3/5 9635/3/5
f 9637/4/5 9608/4/5 9607/4/5
f 9638/4/5 9608/4/5 9637/4/5
f 9639/4/5 9620/4/5 9619/4/5
f 9640/4/5 9620/4/5 9639/4/5
f 9641/4/5 9622/4/5 9621/4/5
f 9642/4/5 9622/4/5 9641/4/5
f 9643/4/5 9633/4/5 9632/4/5
f 9644/4/5 9634/4/5 9592/4/5
f 9645/4/5 9634/4/5 9644/4/5
f 9646/4/5 9633/4/5 9643/4/5
f 9647/4/5 9633/4/5 9646/4/5
f 9648/3/5 9645/3/5 9644/3/5
f 9649/3/5 9645/3/5 9648/3/5
f 9650/3/5 9647/3/5 9646/3/5
f 9651/3/5 9647/3/5 9650/3/5
f 9652/4/5 9649/4/5 9648/4/5
f 9653/4/5 9649/4/5 9652/4/5
f 9656/4/5 9651/4/5 9650/4/5
f 9657/4/5 9651/4/5 9656/4/5
f 9658/3/5 9654/3/5 9653/3/5
f 9659/3/5 9654/3/5 9658/3/5
f 9660/3/5 9656/3/5 9655/3/5
f 9661/3/5 9656/3/5 9660/3/5
f 9666/2/5 9663/2/5 9662/2/5
f 9667/2/5 9663/2/5 9666/2/5
f 9668/2/5 9665/2/5 9664/2/5
f 9669/2/5 9665/2/5 9668/2/5
f 9670/4/5 9667/4/5 9666/4/5
f 9671/4/5 9667/4/5 9670/4/5
f 9672/4/5 9669/4/5 9668/4/5
f 9673/4/5 9669/4/5 9672/4/5
f 9674/2/5 9671/2/5 9670/2/5
f 9675/2/5 9671/2/5 9674/2/5
f 9676/2/5 9673/2/5 9672/2/5
f 9677/2/5 9673/2/5 9676/2/5
f 9678/3/5 9675/3/5 9674/3/5
f 9679/3/5 9675/3/5 9678/3/5
f 9680/3/5 9677/3/5 9676/3/5
f 9681/3/5 9677/3/5 9680/3/5
f 9682/2/5 9679/2/5 9678/2/5
f 9683/2/5 9679/2/5 9682/2/5
f 9684/2/5 9681/2/5 9680/2/5
f 9685/2/5 9681/2/5 9684/2/5
f 9686/4/5 9683/4/5 9682/4/5
f 9687/4/5 9683/4/5 9686/4/5
f 9688/4/5 9685/4/5 9684/4/5
f 9689/4/5 9685/4/5 9688/4/5
f 9690/3/5 9687/3/5 9686/3/5
f 9691/3/5 9687/3/5 9690/3/5
f 9692/3/5 9689/3/5 9688/3/5
f 9693/3/5 9689/3/5 9692/3/5
f 9699/4/5 9695/4/5 9694/4/5
f 9700/4/5 9695/4/5 9699/4/5
f 9701/4/5 9697/4/5 9696/4/5
f 9702/4/5 9697/4/5 9701/4/5
f 9704/4/5 9699/4/5 9698/4/5
f 9705/4/5 9699/4/5 9704/4/5
f 9706/4/5 9703/4/5 9702/4/5
f 9707/4/5 9703/4/5 9706/4/5
f 9708/2/5 9705/2/5 9704/2/5
f 9709/2/5 9705/2/5 9708/2/5
f 9710/2/5 9707/2/5 9706/2/5
f 9711/2/5 9707/2/5 9710/2/5
f 9712/1/5 9709/1/5 9708/1/5
f 9713/1/5 9709/1/5 9712/1/5
f 9714/1/5 9711/1/5 9710/1/5
f 9715/1/5 9711/1/5 9714/1/5
f 9716/3/5 9713/3/5 9712/3/5
f 9717/3/5 9713/3/5 9716/3/5
f 9718/3/5 9715/3/5 9714/3/5
f 9719/3/5 9715/3/5 9718/3/5
f 9720/4/5 9717/4/5 9716/4/5
f 9721/4/5 9717/4/5 9720/4/5
f 9722/4/5 9719/4/5 9718/4/5
f 9723/4/5 9719/4/5 9722/4/5
f 9724/2/5 9721/2/5 9720/2/5
f 9725/2/5 9721/2/5 9724/2/5
f 9726/2/5 9723/2/5 9722/2/5
f 9727/2/5 9723/2/5 9726/2/5
f 9728/1/5 9725/1/5 9724/1/5
f 9729/1/5 9725/1/5 9728/1/5
f 9730/1/5 9727/1/5 9726/1/5
f 9731/1/5 9727/1/5 9730/1/5
f 9732/4/5 9729/4/5 9728/4/5
f 9733/4/5 9731/4/5 9730/4/5
f 9734/4/5 9732/4/5 9728/4/5
f 9735/4/5 9731/4/5 9733/4/5
f 9736/4/5 9734/4/5 9728/4/5
f 9737/4/5 9734/4/5 9736/4/5
f 9738/4/5 9731/4/5 9735/4/5
f 9739/4/5 9731/4/5 9738/4/5
f 9740/3/5 9737/3/5 9736/3/5
f 9741/3/5 9737/3/5 9740/3/5
f 9744/3/5 9739/3/5 9738/3/5
f 9745/3/5 9739/3/5 9744/3/5
f 9746/4/5 9742/4/5 9741/4/5
f 9747/4/5 9742/4/5 9746/4/5
f 9748/4/5 9744/4/5 9743/4/5
f 9749/4/5 9744/4/5 9748/4/5
f 9755/4/5 9751/4/5 9750/4/5
f 9756/4/5 9751/4/5 9755/4/5
f 9757/4/5 9753/4/5 9752/4/5
f 9758/4/5 9753/4/5 9757/4/5
f 9760/4/5 9755/4/5 9754/4/5
f 9761/4/5 9755/4/5 9760/4/5
f 9762/4/5 9759/4/5 9758/4/5
f 9763/4/5 9759/4/5 9762/4/5
f 9764/3/5 9761/3/5 9760/3/5
f 9765/3/5 9761/3/5 9764/3/5
f 9766/3/5 9763/3/5 9762/3/5
f 9767/3/5 9763/3/5 9766/3/5
f 9768/4/5 9765/4/5 9764/4/5
f 9769/4/5 9767/4/5 9766/4/5
f 9770/4/5 9768/4/5 9764/4/5
f 9771/4/5 9768/4/5 9770/4/5
f 9772/4/5 9767/4/5 9769/4/5
f 9773/4/5 9767/4/5 9772/4/5
f 9774/2/5 9771/2/5 9770/2/5
f 9775/2/5 9771/2/5 9774/2/5
f 9776/2/5 9773/2/5 9772/2/5
f 9777/2/5 9773/2/5 9776/2/5
f 9778/4/5 9775/4/5 9774/4/5
f 9779/4/5 9775/4/5 9778/4/5
f 9780/4/5 9777/4/5 9776/4/5
f 9781/4/5 9777/4/5 9780/4/5
f 9782/3/5 9779/3/5 9778/3/5
f 9783/3/5 9779/3/5 9782/3/5
f 9784/3/5 9781/3/5 9780/3/5
f 9785/3/5 9781/3/5 9784/3/5
f 9786/1/5 9783/1/5 9782/1/5
f 9787/1/5 9785/1/5 9784/1/5
f 9788/1/5 9786/1/5 9782/1/5
f 9789/1/5 9786/1/5 9788/1/5
f 9798/1/5 9785/1/5 9787/1/5
f 9799/1/5 9785/1/5 9798/1/5
f 9800/3/5 9789/3/5 9788/3/5
f 9801/3/5 9789/3/5 9800/3/5
f 9805/3/5 9791/3/5 9790/3/5
f 9806/3/5 9791/3/5 9805/3/5
f 9815/4/5 9793/4/5 9792/4/5
f 9816/4/5 9793/4/5 9815/4/5
f 9827/4/5 9795/4/5 9794/4/5
f 9828/4/5 9795/4/5 9827/4/5
f 9829/4/5 9797/4/5 9796/4/5
f 9830/4/5 9797/4/5 9829/4/5
f 9840/3/5 9799/3/5 9798/3/5
f 9841/3/5 9799/3/5 9840/3/5
f 9842/4/5 9802/4/5 9801/4/5
f 9842/4/5 9803/4/5 9802/4/5
f 9843/3/5 9804/3/5 9803/3/5
f 9843/4/5 9803/4/5 9842/4/5
f 9844/4/5 9805/4/5 9804/4/5
f 9844/3/5 9804/3/5 9843/3/5
f 9845/4/5 9805/4/5 9844/4/5
f 9846/2/5 9808/2/5 9807/2/5
f 9847/4/5 9809/4/5 9808/4/5
f 9847/2/5 9808/2/5 9846/2/5
f 9848/2/5 9810/2/5 9809/2/5
f 9848/4/5 9809/4/5 9847/4/5
f 9849/3/5 9811/3/5 9810/3/5
f 9849/2/5 9810/2/5 9848/2/5
f 9850/2/5 9812/2/5 9811/2/5
f 9850/3/5 9811/3/5 9849/3/5
f 9851/4/5 9813/4/5 9812/4/5
f 9851/2/5 9812/2/5 9850/2/5
f 9852/3/5 9814/3/5 9813/3/5
f 9852/4/5 9813/4/5 9851/4/5
f 9853/3/5 9814/3/5 9852/3/5
f 9854/4/5 9817/4/5 9816/4/5
f 9855/2/5 9818/2/5 9817/2/5
f 9855/4/5 9817/4/5 9854/4/5
f 9856/1/5 9819/1/5 9818/1/5
f 9856/2/5 9818/2/5 9855/2/5
f 9857/3/5 9820/3/5 9819/3/5
f 9857/1/5 9819/1/5 9856/1/5
f 9858/4/5 9821/4/5 9820/4/5
f 9858/3/5 9820/3/5 9857/3/5
f 9859/2/5 9822/2/5 9821/2/5
f 9859/4/5 9821/4/5 9858/4/5
f 9860/1/5 9823/1/5 9822/1/5
f 9860/2/5 9822/2/5 9859/2/5
f 9861/4/5 9826/4/5 9825/4/5
f 9861/1/5 9823/1/5 9860/1/5
f 9861/4/5 9824/4/5 9823/4/5
f 9861/4/5 9825/4/5 9824/4/5
f 9862/3/5 9827/3/5 9826/3/5
f 9862/4/5 9826/4/5 9861/4/5
f 9863/3/5 9827/3/5 9862/3/5
f 9864/4/5 9831/4/5 9830/4/5
f 9865/3/5 9832/3/5 9831/3/5
f 9865/4/5 9831/4/5 9864/4/5
f 9866/4/5 9833/4/5 9832/4/5
f 9866/3/5 9832/3/5 9865/3/5
f 9866/4/5 9834/4/5 9833/4/5
f 9867/2/5 9835/2/5 9834/2/5
f 9867/4/5 9834/4/5 9866/4/5
f 9868/4/5 9836/4/5 9835/4/5
f 9868/2/5 9835/2/5 9867/2/5
f 9869/3/5 9837/3/5 9836/3/5
f 9869/4/5 9836/4/5 9868/4/5
f 9870/1/5 9839/1/5 9838/1/5
f 9870/3/5 9837/3/5 9869/3/5
f 9870/1/5 9838/1/5 9837/1/5
f 9871/4/5 9840/4/5 9839/4/5
f 9871/1/5 9839/1/5 9870/1/5
f 9872/4/5 9840/4/5 9871/4/5
f 9873/4/6 9874/4/6 9905/4/6
f 9874/1/6 9875/1/6 9906/1/6
f 9905/4/6 9874/4/6 9906/4/6
f 9906/1/6 9875/1/6 9907/1/6
f 9875/3/6 9876/3/6 9908/3/6
f 9907/1/6 9875/1/6 9908/1/6
f 9876/4/6 9877/4/6 9909/4/6
f 9908/3/6 9876/3/6 9909/3/6
f 9877/2/6 9878/2/6 9910/2/6
f 9909/4/6 9877/4/6 9910/4/6
f 9878/4/6 9879/4/6 9911/4/6
f 9910/2/6 9878/2/6 9911/2/6
f 9911/4/6 9879/4/6 9912/4/6
f 9879/3/6 9880/3/6 9913/3/6
f 9912/4/6 9879/4/6 9913/4/6
f 9880/4/6 9881/4/6 9914/4/6
f 9913/3/6 9880/3/6 9914/3/6
f 9914/4/6 9881/4/6 9915/4/6
f 9882/3/6 9883/3/6 9918/3/6
f 9883/4/6 9884/4/6 9919/4/6
f 9918/3/6 9883/3/6 9919/3/6
f 9919/4/6 9884/4/6 9920/4/6
f 9920/4/6 9884/4/6 9921/4/6
f 9884/1/6 9885/1/6 9922/1/6
f 9921/4/6 9884/4/6 9922/4/6
f 9885/2/6 9886/2/6 9923/2/6
f 9922/1/6 9885/1/6 9923/1/6
f 9886/4/6 9887/4/6 9924/4/6
f 9923/2/6 9886/2/6 9924/2/6
f 9887/3/6 9888/3/6 9925/3/6
f 9924/4/6 9887/4/6 9925/4/6
f 9888/1/6 9889/1/6 9926/1/6
f 9925/3/6 9888/3/6 9926/3/6
f 9889/2/6 9890/2/6 9927/2/6
f 9926/1/6 9889/1/6 9927/1/6
f 9890/4/6 9891/4/6 9928/4/6
f 9927/2/6 9890/2/6 9928/2/6
f 9928/4/6 9891/4/6 9929/4/6
f 9892/3/6 9893/3/6 9931/3/6
f 9893/4/6 9894/4/6 9932/4/6
f 9931/3/6 9893/3/6 9932/3/6
f 9894/2/6 9895/2/6 9933/2/6
f 9932/4/6 9894/4/6 9933/4/6
f 9895/3/6 9896/3/6 9934/3/6
f 9933/2/6 9895/2/6 9934/2/6
f 9896/2/6 9897/2/6 9935/2/6
f 9934/3/6 9896/3/6 9935/3/6
f 9897/4/6 9898/4/6 9936/4/6
f 9935/2/6 9897/2/6 9936/2/6
f 9898/2/6 9899/2/6 9937/2/6
f 9936/4/6 9898/4/6 9937/4/6
f 9937/2/6 9899/2/6 9938/2/6
f 9900/4/6 9901/4/6 9940/4/6
f 9901/3/6 9902/3/6 9941/3/6
f 9940/4/6 9901/4/6 9941/4/6
f 9902/4/6 9903/4/6 9942/4/6
f 9941/3/6 9902/3/6 9942/3/6
f 9942/4/6 9903/4/6 9943/4/6
f 9904/4/6 9905/4/6 9946/4/6
f 9915/4/6 9916/4/6 9947/4/6
f 9947/4/6 9916/4/6 9948/4/6
f 9917/4/6 9918/4/6 9949/4/6
f 9949/4/6 9918/4/6 9950/4/6
f 9929/4/6 9930/4/6 9951/4/6
f 9951/4/6 9930/4/6 9952/4/6
f 9939/3/6 9940/3/6 9953/3/6
f 9953/3/6 9940/3/6 9954/3/6
f 9944/4/6 9945/4/6 9955/4/6
f 9904/4/6 9946/4/6 9956/4/6
f 9956/4/6 9946/4/6 9957/4/6
f 9955/4/6 9945/4/6 9958/4/6
f 9958/4/6 9945/4/6 9959/4/6
f 9956/3/6 9957/3/6 9960/3/6
f 9960/3/6 9957/3/6 9961/3/6
f 9958/3/6 9959/3/6 9962/3/6
f 9962/3/6 9959/3/6 9963/3/6
f 9960/4/6 9961/4/6 9964/4/6
f 9964/4/6 9961/4/6 9965/4/6
f 9962/4/6 9963/4/6 9968/4/6
f 9968/4/6 9963/4/6 9969/4/6
f 9965/3/6 9966/3/6 9970/3/6
f 9970/3/6 9966/3/6 9971/3/6
f 9967/3/6 9968/3/6 9972/3/6
f 9972/3/6 9968/3/6 9973/3/6
f 9974/2/6 9975/2/6 9978/2/6
f 9978/2/6 9975/2/6 9979/2/6
f 9976/2/6 9977/2/6 9980/2/6
f 9980/2/6 9977/2/6 9981/2/6
f 9978/4/6 9979/4/6 9982/4/6
f 9982/4/6 9979/4/6 9983/4/6
f 9980/4/6 9981/4/6 9984/4/6
f 9984/4/6 9981/4/6 9985/4/6
f 9982/2/6 9983/2/6 9986/2/6
f 9986/2/6 9983/2/6 9987/2/6
f 9984/2/6 9985/2/6 9988/2/6
f 9988/2/6 9985/2/6 9989/2/6
f 9986/3/6 9987/3/6 9990/3/6
f 9990/3/6 9987/3/6 9991/3/6
f 9988/3/6 9989/3/6 9992/3/6
f 9992/3/6 9989/3/6 9993/3/6
f 9990/2/6 9991/2/6 9994/2/6
f 9994/2/6 9991/2/6 9995/2/6
f 9992/2/6 9993/2/6 9996/2/6
f 9996/2/6 9993/2/6 9997/2/6
f 9994/4/6 9995/4/6 9998/4/6
f 9998/4/6 9995/4/6 9999/4/6
f 9996/4/6 9997/4/6 10000/4/6
f 10000/4/6 9997/4/6 10001/4/6
f 9998/3/6 9999/3/6 10002/3/6
f 10002/3/6 9999/3/6 10003/3/6
f 10000/3/6 10001/3/6 10004/3/6
f 10004/3/6 10001/3/6 10005/3/6
f 10006/4/6 10007/4/6 10011/4/6
f 10011/4/6 10007/4/6 10012/4/6
f 10008/4/6 10009/4/6 10013/4/6
f 10013/4/6 10009/4/6 10014/4/6
f 10010/4/6 10011/4/6 10016/4/6
f 10016/4/6 10011/4/6 10017/4/6
f 10014/4/6 10015/4/6 10018/4/6
f 10018/4/6 10015/4/6 10019/4/6
f 10016/2/6 10017/2/6 10020/2/6
f 10020/2/6 10017/2/6 10021/2/6
f 10018/2/6 10019/2/6 10022/2/6
f 10022/2/6 10019/2/6 10023/2/6
f 10020/1/6 10021/1/6 10024/1/6
f 10024/1/6 10021/1/6 10025/1/6
f 10022/1/6 10023/1/6 10026/1/6
f 10026/1/6 10023/1/6 10027/1/6
f 10024/3/6 10025/3/6 10028/3/6
f 10028/3/6 10025/3/6 10029/3/6
f 10026/3/6 10027/3/6 10030/3/6
f 10030/3/6 10027/3/6 10031/3/6
f 10028/4/6 10029/4/6 10032/4/6
f 10032/4/6 10029/4/6 10033/4/6
f 10030/4/6 10031/4/6 10034/4/6
f 10034/4/6 10031/4/6 10035/4/6
f 10032/2/6 10033/2/6 10036/2/6
f 10036/2/6 10033/2/6 10037/2/6
f 10034/2/6 10035/2/6 10038/2/6
f 10038/2/6 10035/2/6 10039/2/6
f 10036/1/6 10037/1/6 10040/1/6
f 10040/1/6 10037/1/6 10041/1/6
f 10038/1/6 10039/1/6 10042/1/6
f 10042/1/6 10039/1/6 10043/1/6
f 10040/4/6 10041/4/6 10044/4/6
f 10042/4/6 10043/4/6 10045/4/6
f 10040/4/6 10044/4/6 10046/4/6
f 10045/4/6 10043/4/6 10047/4/6
f 10040/4/6 10046/4/6 10048/4/6
f 10048/4/6 10046/4/6 10049/4/6
f 10047/4/6 10043/4/6 10050/4/6
f 10050/4/6 10043/4/6 10051/4/6
f 10048/3/6 10049/3/6 10052/3/6
f 10052/3/6 10049/3/6 10053/3/6
f 10050/3/6 10051/3/6 10056/3/6
f 10056/3/6 10051/3/6 10057/3/6
f 10053/4/6 10054/4/6 10058/4/6
f 10058/4/6 10054/4/6 10059/4/6
f 10055/4/6 10056/4/6 10060/4/6
f 10060/4/6 10056/4/6 10061/4/6
f 10062/4/6 10063/4/6 10067/4/6
f 10067/4/6 10063/4/6 10068/4/6
f 10064/4/6 10065/4/6 10069/4/6
f 10069/4/6 10065/4/6 10070/4/6
f 10066/4/6 10067/4/6 10072/4/6
f 10072/4/6 10067/4/6 10073/4/6
f 10070/4/6 10071/4/6 10074/4/6
f 10074/4/6 10071/4/6 10075/4/6
f 10072/3/6 10073/3/6 10076/3/6
f 10076/3/6 10073/3/6 10077/3/6
f 10074/3/6 10075/3/6 10078/3/6
f 10078/3/6 10075/3/6 10079/3/6
f 10076/4/6 10077/4/6 10080/4/6
f 10078/4/6 10079/4/6 10081/4/6
f 10076/4/6 10080/4/6 10082/4/6
f 10082/4/6 10080/4/6 10083/4/6
f 10081/4/6 10079/4/6 10084/4/6
f 10084/4/6 10079/4/6 10085/4/6
f 10082/2/6 10083/2/6 10086/2/6
f 10086/2/6 10083/2/6 10087/2/6
f 10084/2/6 10085/2/6 10088/2/6
f 10088/2/6 10085/2/6 10089/2/6
f 10086/4/6 10087/4/6 10090/4/6
f 10090/4/6 10087/4/6 10091/4/6
f 10088/4/6 10089/4/6 10092/4/6
f 10092/4/6 10089/4/6 10093/4/6
f 10090/3/6 10091/3/6 10094/3/6
f 10094/3/6 10091/3/6 10095/3/6
f 10092/3/6 10093/3/6 10096/3/6
f 10096/3/6 10093/3/6 10097/3/6
f 10094/1/6 10095/1/6 10098/1/6
f 10096/1/6 10097/1/6 10099/1/6
f 10094/1/6 10098/1/6 10100/1/6
f 10100/1/6 10098/1/6 10101/1/6
f 10099/1/6 10097/1/6 10110/1/6
f 10110/1/6 10097/1/6 10111/1/6
f 10100/3/6 10101/3/6 10112/3/6
f 10112/3/6 10101/3/6 10113/3/6
f 10102/4/6 10103/4/6 10123/4/6
f 10123/4/6 10103/4/6 10124/4/6
f 10104/4/6 10105/4/6 10125/4/6
f 10125/4/6 10105/4/6 10126/4/6
f 10106/4/6 10107/4/6 10137/4/6
f 10137/4/6 10107/4/6 10138/4/6
f 10108/3/6 10109/3/6 10147/3/6
f 10147/3/6 10109/3/6 10148/3/6
f 10110/3/6 10111/3/6 10152/3/6
f 10152/3/6 10111/3/6 10153/3/6
f 10113/4/6 10114/4/6 10154/4/6
f 10114/1/6 10115/1/6 10155/1/6
f 10154/4/6 10114/4/6 10155/4/6
f 10115/1/6 10116/1/6 10155/1/6
f 10116/3/6 10117/3/6 10156/3/6
f 10155/1/6 10116/1/6 10156/1/6
f 10117/4/6 10118/4/6 10157/4/6
f 10156/3/6 10117/3/6 10157/3/6
f 10118/2/6 10119/2/6 10158/2/6
f 10157/4/6 10118/4/6 10158/4/6
f 10119/4/6 10120/4/6 10159/4/6
f 10158/2/6 10119/2/6 10159/2/6
f 10120/4/6 10121/4/6 10159/4/6
f 10121/3/6 10122/3/6 10160/3/6
f 10159/4/6 10121/4/6 10160/4/6
f 10122/4/6 10123/4/6 10161/4/6
f 10160/3/6 10122/3/6 10161/3/6
f 10161/4/6 10123/4/6 10162/4/6
f 10126/3/6 10127/3/6 10163/3/6
f 10127/4/6 10128/4/6 10164/4/6
f 10163/3/6 10127/3/6 10164/3/6
f 10128/4/6 10129/4/6 10164/4/6
f 10129/4/6 10130/4/6 10164/4/6
f 10130/1/6 10131/1/6 10165/1/6
f 10164/4/6 10130/4/6 10165/4/6
f 10131/2/6 10132/2/6 10166/2/6
f 10165/1/6 10131/1/6 10166/1/6
f 10132/4/6 10133/4/6 10167/4/6
f 10166/2/6 10132/2/6 10167/2/6
f 10133/3/6 10134/3/6 10168/3/6
f 10167/4/6 10133/4/6 10168/4/6
f 10134/1/6 10135/1/6 10169/1/6
f 10168/3/6 10134/3/6 10169/3/6
f 10135/2/6 10136/2/6 10170/2/6
f 10169/1/6 10135/1/6 10170/1/6
f 10136/4/6 10137/4/6 10171/4/6
f 10170/2/6 10136/2/6 10171/2/6
f 10171/4/6 10137/4/6 10172/4/6
f 10139/3/6 10140/3/6 10173/3/6
f 10140/4/6 10141/4/6 10174/4/6
f 10173/3/6 10140/3/6 10174/3/6
f 10141/2/6 10142/2/6 10175/2/6
f 10174/4/6 10141/4/6 10175/4/6
f 10142/3/6 10143/3/6 10176/3/6
f 10175/2/6 10142/2/6 10176/2/6
f 10143/2/6 10144/2/6 10177/2/6
f 10176/3/6 10143/3/6 10177/3/6
f 10144/4/6 10145/4/6 10178/4/6
f 10177/2/6 10144/2/6 10178/2/6
f 10145/2/6 10146/2/6 10179/2/6
f 10178/4/6 10145/4/6 10179/4/6
f 10179/2/6 10146/2/6 10180/2/6
f 10148/4/6 10149/4/6 10181/4/6
f 10149/3/6 10150/3/6 10182/3/6
f 10181/4/6 10149/4/6 10182/4/6
f 10150/4/6 10151/4/6 10183/4/6
f 10182/3/6 10150/3/6 10183/3/6
f 10151/4/6 10152/4/6 10183/4/6
f 10183/4/6 10152/4/6 10184/4/6
f 10185/4/6 10186/4/6 10212/4/6
f 10186/3/6 10187/3/6 10213/3/6
f 10212/4/6 10186/4/6 10213/4/6
f 10187/4/6 10188/4/6 10214/4/6
f 10213/3/6 10187/3/6 10214/3/6
f 10188/3/6 10189/3/6 10215/3/6
f 10214/4/6 10188/4/6 10215/4/6
f 10189/4/6 10190/4/6 10216/4/6
f 10215/3/6 10189/3/6 10216/3/6
f 10190/1/6 10191/1/6 10217/1/6
f 10216/4/6 10190/4/6 10217/4/6
f 10191/3/6 10192/3/6 10218/3/6
f 10217/1/6 10191/1/6 10218/1/6
f 10192/1/6 10193/1/6 10219/1/6
f 10218/3/6 10192/3/6 10219/3/6
f 10219/1/6 10193/1/6 10220/1/6
f 10194/3/6 10195/3/6 10221/3/6
f 10195/4/6 10196/4/6 10222/4/6
f 10221/3/6 10195/3/6 10222/3/6
f 10196/1/6 10197/1/6 10223/1/6
f 10222/4/6 10196/4/6 10223/4/6
f 10197/3/6 10198/3/6 10224/3/6
f 10223/1/6 10197/1/6 10224/1/6
f 10198/4/6 10199/4/6 10225/4/6
f 10224/3/6 10198/3/6 10225/3/6
f 10199/3/6 10200/3/6 10226/3/6
f 10225/4/6 10199/4/6 10226/4/6
f 10200/4/6 10201/4/6 10227/4/6
f 10226/3/6 10200/3/6 10227/3/6
f 10227/4/6 10201/4/6 10228/4/6
f 10202/3/6 10203/3/6 10229/3/6
f 10203/1/6 10204/1/6 10230/1/6
f 10229/3/6 10203/3/6 10230/3/6
f 10204/4/6 10205/4/6 10231/4/6
f 10230/1/6 10204/1/6 10231/1/6
f 10205/3/6 10206/3/6 10232/3/6
f 10231/4/6 10205/4/6 10232/4/6
f 10206/4/6 10207/4/6 10233/4/6
f 10232/3/6 10206/3/6 10233/3/6
f 10233/4/6 10207/4/6 10234/4/6
f 10208/3/6 10209/3/6 10235/3/6
f 10209/1/6 10210/1/6 10236/1/6
f 10235/3/6 10209/3/6 10236/3/6
f 10210/4/6 10211/4/6 10237/4/6
f 10236/1/6 10210/1/6 10237/1/6
f 10237/4/6 10211/4/6 10238/4/6
f 10212/1/6 10213/1/6 10239/1/6
f 10239/1/6 10213/1/6 10240/1/6
f 10237/1/6 10238/1/6 10241/1/6
f 10241/1/6 10238/1/6 10242/1/6
f 10239/3/6 10240/3/6 10243/3/6
f 10243/3/6 10240/3/6 10244/3/6
f 10241/3/6 10242/3/6 10245/3/6
f 10245/3/6 10242/3/6 10246/3/6
f 10247/4/6 10248/4/6 10251/4/6
f 10251/4/6 10248/4/6 10252/4/6
f 10249/4/6 10250/4/6 10253/4/6
f 10253/4/6 10250/4/6 10254/4/6
f 10251/3/6 10252/3/6 10255/3/6
f 10255/3/6 10252/3/6 10256/3/6
f 10253/3/6 10254/3/6 10257/3/6
f 10257/3/6 10254/3/6 10258/3/6
f 10255/4/6 10256/4/6 10259/4/6
f 10259/4/6 10256/4/6 10260/4/6
f 10257/4/6 10258/4/6 10261/4/6
f 10261/4/6 10258/4/6 10262/4/6
f 10259/1/6 10260/1/6 10263/1/6
f 10263/1/6 10260/1/6 10264/1/6
f 10261/1/6 10262/1/6 10265/1/6
f 10265/1/6 10262/1/6 10266/1/6
f 10263/3/6 10264/3/6 10267/3/6
f 10267/3/6 10264/3/6 10268/3/6
f 10265/3/6 10266/3/6 10269/3/6
f 10269/3/6 10266/3/6 10270/3/6
f 10271/4/6 10272/4/6 10275/4/6
f 10275/4/6 10272/4/6 10276/4/6
f 10273/4/6 10274/4/6 10277/4/6
f 10277/4/6 10274/4/6 10278/4/6
f 10275/3/6 10276/3/6 10279/3/6
f 10279/3/6 10276/3/6 10280/3/6
f 10277/3/6 10278/3/6 10281/3/6
f 10281/3/6 10278/3/6 10282/3/6
f 10279/4/6 10280/4/6 10283/4/6
f 10283/4/6 10280/4/6 10284/4/6
f 10281/4/6 10282/4/6 10285/4/6
f 10285/4/6 10282/4/6 10286/4/6
f 10283/3/6 10284/3/6 10287/3/6
f 10287/3/6 10284/3/6 10288/3/6
f 10285/3/6 10286/3/6 10289/3/6
f 10289/3/6 10286/3/6 10290/3/6
f 10287/1/6 10288/1/6 10291/1/6
f 10291/1/6 10288/1/6 10292/1/6
f 10289/1/6 10290/1/6 10293/1/6
f 10293/1/6 10290/1/6 10294/1/6
f 10291/4/6 10292/4/6 10295/4/6
f 10295/4/6 10292/4/6 10296/4/6
f 10293/4/6 10294/4/6 10297/4/6
f 10297/4/6 10294/4/6 10298/4/6
f 10295/3/6 10296/3/6 10299/3/6
f 10299/3/6 10296/3/6 10300/3/6
f 10297/3/6 10298/3/6 10301/3/6
f 10301/3/6 10298/3/6 10302/3/6
f 10303/1/6 10304/1/6 10307/1/6
f 10307/1/6 10304/1/6 10308/1/6
f 10305/1/6 10306/1/6 10309/1/6
f 10309/1/6 10306/1/6 10310/1/6
f 10307/3/6 10308/3/6 10311/3/6
f 10311/3/6 10308/3/6 10312/3/6
f 10309/3/6 10310/3/6 10313/3/6
f 10313/3/6 10310/3/6 10314/3/6
f 10311/1/6 10312/1/6 10315/1/6
f 10315/1/6 10312/1/6 10316/1/6
f 10313/1/6 10314/1/6 10317/1/6
f 10317/1/6 10314/1/6 10318/1/6
f 10315/4/6 10316/4/6 10319/4/6
f 10319/4/6 10316/4/6 10320/4/6
f 10317/4/6 10318/4/6 10321/4/6
f 10321/4/6 10318/4/6 10322/4/6
f 10319/3/6 10320/3/6 10323/3/6
f 10323/3/6 10320/3/6 10324/3/6
f 10321/3/6 10322/3/6 10325/3/6
f 10325/3/6 10322/3/6 10326/3/6
f 10323/4/6 10324/4/6 10327/4/6
f 10327/4/6 10324/4/6 10328/4/6
f 10325/4/6 10326/4/6 10329/4/6
f 10329/4/6 10326/4/6 10330/4/6
f 10327/3/6 10328/3/6 10331/3/6
f 10329/3/6 10330/3/6 10355/3/6
f 10327/3/6 10331/3/6 10356/3/6
f 10331/3/6 10332/3/6 10356/3/6
f 10332/4/6 10333/4/6 10357/4/6
f 10356/3/6 10332/3/6 10357/3/6
f 10333/3/6 10334/3/6 10358/3/6
f 10357/4/6 10333/4/6 10358/4/6
f 10334/4/6 10335/4/6 10359/4/6
f 10358/3/6 10334/3/6 10359/3/6
f 10335/1/6 10336/1/6 10360/1/6
f 10359/4/6 10335/4/6 10360/4/6
f 10336/3/6 10337/3/6 10361/3/6
f 10360/1/6 10336/1/6 10361/1/6
f 10337/1/6 10338/1/6 10362/1/6
f 10361/3/6 10337/3/6 10362/3/6
f 10362/1/6 10338/1/6 10363/1/6
f 10339/3/6 10340/3/6 10364/3/6
f 10340/4/6 10341/4/6 10365/4/6
f 10364/3/6 10340/3/6 10365/3/6
f 10341/1/6 10342/1/6 10366/1/6
f 10365/4/6 10341/4/6 10366/4/6
f 10342/3/6 10343/3/6 10367/3/6
f 10366/1/6 10342/1/6 10367/1/6
f 10343/4/6 10344/4/6 10368/4/6
f 10367/3/6 10343/3/6 10368/3/6
f 10344/3/6 10345/3/6 10369/3/6
f 10368/4/6 10344/4/6 10369/4/6
f 10345/4/6 10346/4/6 10370/4/6
f 10369/3/6 10345/3/6 10370/3/6
f 10370/4/6 10346/4/6 10371/4/6
f 10347/3/6 10348/3/6 10372/3/6
f 10348/1/6 10349/1/6 10373/1/6
f 10372/3/6 10348/3/6 10373/3/6
f 10349/4/6 10350/4/6 10374/4/6
f 10373/1/6 10349/1/6 10374/1/6
f 10350/3/6 10351/3/6 10375/3/6
f 10374/4/6 10350/4/6 10375/4/6
f 10351/4/6 10352/4/6 10376/4/6
f 10375/3/6 10351/3/6 10376/3/6
f 10376/4/6 10352/4/6 10377/4/6
f 10353/3/6 10354/3/6 10378/3/6
f 10354/1/6 10355/1/6 10379/1/6
f 10378/3/6 10354/3/6 10379/3/6
f 10355/3/6 10330/3/6 10380/3/6
f 10379/1/6 10355/1/6 10380/1/6
f 10380/3/6 10330/3/6 10381/3/6
f 10382/2/6 10383/2/6 10412/2/6
f 10383/1/6 10384/1/6 10413/1/6
f 10412/2/6 10383/2/6 10413/2/6
f 10384/4/6 10385/4/6 10414/4/6
f 10413/1/6 10384/1/6 10414/1/6
f 10385/2/6 10386/2/6 10415/2/6
f 10414/4/6 10385/4/6 10415/4/6
f 10386/1/6 10387/1/6 10416/1/6
f 10415/2/6 10386/2/6 10416/2/6
f 10387/2/6 10388/2/6 10417/2/6
f 10416/1/6 10387/1/6 10417/1/6
f 10388/1/6 10389/1/6 10418/1/6
f 10417/2/6 10388/2/6 10418/2/6
f 10389/3/6 10390/3/6 10419/3/6
f 10418/1/6 10389/1/6 10419/1/6
f 10390/1/6 10391/1/6 10420/1/6
f 10419/3/6 10390/3/6 10420/3/6
f 10420/1/6 10391/1/6 10421/1/6
f 10392/2/6 10393/2/6 10423/2/6
f 10393/1/6 10394/1/6 10424/1/6
f 10423/2/6 10393/2/6 10424/2/6
f 10394/2/6 10395/2/6 10425/2/6
f 10424/1/6 10394/1/6 10425/1/6
f 10395/1/6 10396/1/6 10426/1/6
f 10425/2/6 10395/2/6 10426/2/6
f 10396/2/6 10397/2/6 10427/2/6
f 10426/1/6 10396/1/6 10427/1/6
f 10397/1/6 10398/1/6 10428/1/6
f 10427/2/6 10397/2/6 10428/2/6
f 10428/1/6 10398/1/6 10429/1/6
f 10429/1/6 10398/1/6 10430/1/6
f 10399/2/6 10400/2/6 10432/2/6
f 10400/1/6 10401/1/6 10433/1/6
f 10432/2/6 10400/2/6 10433/2/6
f 10401/4/6 10402/4/6 10434/4/6
f 10433/1/6 10401/1/6 10434/1/6
f 10402/2/6 10403/2/6 10435/2/6
f 10434/4/6 10402/4/6 10435/4/6
f 10403/1/6 10404/1/6 10436/1/6
f 10435/2/6 10403/2/6 10436/2/6
f 10404/4/6 10405/4/6 10437/4/6
f 10436/1/6 10404/1/6 10437/1/6
f 10405/2/6 10406/2/6 10438/2/6
f 10437/4/6 10405/4/6 10438/4/6
f 10438/2/6 10406/2/6 10439/2/6
f 10406/1/6 10407/1/6 10440/1/6
f 10439/2/6 10406/2/6 10440/2/6
f 10407/2/6 10408/2/6 10441/2/6
f 10440/1/6 10407/1/6 10441/1/6
f 10441/2/6 10408/2/6 10442/2/6
f 10409/2/6 10410/2/6 10445/2/6
f 10445/2/6 10410/2/6 10446/2/6
f 10446/2/6 10410/2/6 10447/2/6
f 10411/2/6 10412/2/6 10449/2/6
f 10449/2/6 10412/2/6 10450/2/6
f 10421/1/6 10422/1/6 10451/1/6
f 10451/1/6 10422/1/6 10452/1/6
f 10431/4/6 10432/4/6 10453/4/6
f 10453/4/6 10432/4/6 10454/4/6
f 10442/1/6 10443/1/6 10455/1/6
f 10455/1/6 10443/1/6 10456/1/6
f 10444/2/6 10445/2/6 10457/2/6
f 10457/2/6 10445/2/6 10458/2/6
f 10447/2/6 10448/2/6 10459/2/6
f 10459/2/6 10448/2/6 10460/2/6
f 10449/1/6 10450/1/6 10461/1/6
f 10461/1/6 10450/1/6 10462/1/6
f 10459/1/6 10460/1/6 10463/1/6
f 10463/1/6 10460/1/6 10464/1/6
f 10461/4/6 10462/4/6 10465/4/6
f 10465/4/6 10462/4/6 10466/4/6
f 10463/4/6 10464/4/6 10467/4/6
f 10467/4/6 10464/4/6 10468/4/6
f 10465/2/6 10466/2/6 10469/2/6
f 10469/2/6 10466/2/6 10470/2/6
f 10467/2/6 10468/2/6 10471/2/6
f 10471/2/6 10468/2/6 10472/2/6
f 10469/1/6 10470/1/6 10473/1/6
f 10473/1/6 10470/1/6 10474/1/6
f 10471/1/6 10472/1/6 10475/1/6
f 10475/1/6 10472/1/6 10476/1/6
f 10473/2/6 10474/2/6 10477/2/6
f 10477/2/6 10474/2/6 10478/2/6
f 10475/2/6 10476/2/6 10479/2/6
f 10479/2/6 10476/2/6 10480/2/6
f 10477/1/6 10478/1/6 10481/1/6
f 10481/1/6 10478/1/6 10482/1/6
f 10479/1/6 10480/1/6 10483/1/6
f 10483/1/6 10480/1/6 10484/1/6
f 10481/3/6 10482/3/6 10485/3/6
f 10485/3/6 10482/3/6 10486/3/6
f 10483/3/6 10484/3/6 10487/3/6
f 10487/3/6 10484/3/6 10488/3/6
f 10485/1/6 10486/1/6 10489/1/6
f 10489/1/6 10486/1/6 10490/1/6
f 10487/1/6 10488/1/6 10493/1/6
f 10493/1/6 10488/1/6 10494/1/6
f 10490/1/6 10491/1/6 10495/1/6
f 10495/1/6 10491/1/6 10496/1/6
f 10492/1/6 10493/1/6 10497/1/6
f 10497/1/6 10493/1/6 10498/1/6
f 10499/2/6 10500/2/6 10503/2/6
f 10503/2/6 10500/2/6 10504/2/6
f 10501/2/6 10502/2/6 10505/2/6
f 10505/2/6 10502/2/6 10506/2/6
f 10503/1/6 10504/1/6 10507/1/6
f 10507/1/6 10504/1/6 10508/1/6
f 10505/1/6 10506/1/6 10509/1/6
f 10509/1/6 10506/1/6 10510/1/6
f 10507/2/6 10508/2/6 10511/2/6
f 10511/2/6 10508/2/6 10512/2/6
f 10509/2/6 10510/2/6 10513/2/6
f 10513/2/6 10510/2/6 10514/2/6
f 10511/1/6 10512/1/6 10515/1/6
f 10515/1/6 10512/1/6 10516/1/6
f 10513/1/6 10514/1/6 10517/1/6
f 10517/1/6 10514/1/6 10518/1/6
f 10515/2/6 10516/2/6 10519/2/6
f 10519/2/6 10516/2/6 10520/2/6
f 10517/2/6 10518/2/6 10521/2/6
f 10521/2/6 10518/2/6 10522/2/6
f 10519/1/6 10520/1/6 10523/1/6
f 10521/1/6 10522/1/6 10524/1/6
f 10519/1/6 10523/1/6 10525/1/6
f 10525/1/6 10523/1/6 10526/1/6
f 10524/1/6 10522/1/6 10527/1/6
f 10527/1/6 10522/1/6 10528/1/6
f 10529/4/6 10530/4/6 10534/4/6
f 10534/4/6 10530/4/6 10535/4/6
f 10531/4/6 10532/4/6 10536/4/6
f 10536/4/6 10532/4/6 10537/4/6
f 10533/2/6 10534/2/6 10539/2/6
f 10539/2/6 10534/2/6 10540/2/6
f 10537/2/6 10538/2/6 10541/2/6
f 10541/2/6 10538/2/6 10542/2/6
f 10539/1/6 10540/1/6 10543/1/6
f 10543/1/6 10540/1/6 10544/1/6
f 10541/1/6 10542/1/6 10545/1/6
f 10545/1/6 10542/1/6 10546/1/6
f 10543/4/6 10544/4/6 10547/4/6
f 10547/4/6 10544/4/6 10548/4/6
f 10545/4/6 10546/4/6 10549/4/6
f 10549/4/6 10546/4/6 10550/4/6
f 10547/2/6 10548/2/6 10551/2/6
f 10551/2/6 10548/2/6 10552/2/6
f 10549/2/6 10550/2/6 10553/2/6
f 10553/2/6 10550/2/6 10554/2/6
f 10551/1/6 10552/1/6 10555/1/6
f 10555/1/6 10552/1/6 10556/1/6
f 10553/1/6 10554/1/6 10557/1/6
f 10557/1/6 10554/1/6 10558/1/6
f 10555/4/6 10556/4/6 10559/4/6
f 10559/4/6 10556/4/6 10560/4/6
f 10557/4/6 10558/4/6 10561/4/6
f 10561/4/6 10558/4/6 10562/4/6
f 10559/2/6 10560/2/6 10563/2/6
f 10561/2/6 10562/2/6 10564/2/6
f 10559/2/6 10563/2/6 10565/2/6
f 10565/2/6 10563/2/6 10566/2/6
f 10564/2/6 10562/2/6 10567/2/6
f 10567/2/6 10562/2/6 10568/2/6
f 10565/1/6 10566/1/6 10569/1/6
f 10569/1/6 10566/1/6 10570/1/6
f 10567/1/6 10568/1/6 10571/1/6
f 10571/1/6 10568/1/6 10572/1/6
f 10569/2/6 10570/2/6 10573/2/6
f 10573/2/6 10570/2/6 10574/2/6
f 10571/2/6 10572/2/6 10577/2/6
f 10577/2/6 10572/2/6 10578/2/6
f 10574/1/6 10575/1/6 10579/1/6
f 10579/1/6 10575/1/6 10580/1/6
f 10576/1/6 10577/1/6 10581/1/6
f 10581/1/6 10577/1/6 10582/1/6
f 10583/2/6 10584/2/6 10588/2/6
f 10588/2/6 10584/2/6 10589/2/6
f 10585/2/6 10586/2/6 10590/2/6
f 10590/2/6 10586/2/6 10591/2/6
f 10587/2/6 10588/2/6 10593/2/6
f 10593/2/6 10588/2/6 10594/2/6
f 10591/2/6 10592/2/6 10603/2/6
f 10603/2/6 10592/2/6 10604/2/6
f 10593/1/6 10594/1/6 10605/1/6
f 10605/1/6 10594/1/6 10606/1/6
f 10595/1/6 10596/1/6 10615/1/6
f 10615/1/6 10596/1/6 10616/1/6
f 10597/4/6 10598/4/6 10625/4/6
f 10625/4/6 10598/4/6 10626/4/6
f 10599/1/6 10600/1/6 10636/1/6
f 10636/1/6 10600/1/6 10637/1/6
f 10601/2/6 10602/2/6 10638/2/6
f 10638/2/6 10602/2/6 10639/2/6
f 10603/1/6 10604/1/6 10641/1/6
f 10641/1/6 10604/1/6 10642/1/6
f 10606/4/6 10607/4/6 10643/4/6
f 10607/1/6 10608/1/6 10644/1/6
f 10643/4/6 10607/4/6 10644/4/6
f 10608/4/6 10609/4/6 10645/4/6
f 10644/1/6 10608/1/6 10645/1/6
f 10609/2/6 10610/2/6 10646/2/6
f 10645/4/6 10609/4/6 10646/4/6
f 10610/1/6 10611/1/6 10647/1/6
f 10646/2/6 10610/2/6 10647/2/6
f 10611/2/6 10612/2/6 10648/2/6
f 10647/1/6 10611/1/6 10648/1/6
f 10612/1/6 10613/1/6 10649/1/6
f 10648/2/6 10612/2/6 10649/2/6
f 10613/3/6 10614/3/6 10650/3/6
f 10649/1/6 10613/1/6 10650/1/6
f 10614/1/6 10615/1/6 10651/1/6
f 10650/3/6 10614/3/6 10651/3/6
f 10651/1/6 10615/1/6 10652/1/6
f 10617/2/6 10618/2/6 10653/2/6
f 10618/1/6 10619/1/6 10654/1/6
f 10653/2/6 10618/2/6 10654/2/6
f 10619/2/6 10620/2/6 10655/2/6
f 10654/1/6 10619/1/6 10655/1/6
f 10620/1/6 10621/1/6 10656/1/6
f 10655/2/6 10620/2/6 10656/2/6
f 10621/2/6 10622/2/6 10657/2/6
f 10656/1/6 10621/1/6 10657/1/6
f 10623/1/6 10624/1/6 10658/1/6
f 10657/2/6 10622/2/6 10658/2/6
f 10622/1/6 10623/1/6 10658/1/6
f 10658/1/6 10624/1/6 10659/1/6
f 10626/2/6 10627/2/6 10660/2/6
f 10627/1/6 10628/1/6 10661/1/6
f 10660/2/6 10627/2/6 10661/2/6
f 10628/4/6 10629/4/6 10662/4/6
f 10661/1/6 10628/1/6 10662/1/6
f 10629/2/6 10630/2/6 10663/2/6
f 10662/4/6 10629/4/6 10663/4/6
f 10630/1/6 10631/1/6 10664/1/6
f 10663/2/6 10630/2/6 10664/2/6
f 10631/4/6 10632/4/6 10665/4/6
f 10664/1/6 10631/1/6 10665/1/6
f 10632/2/6 10633/2/6 10666/2/6
f 10665/4/6 10632/4/6 10666/4/6
f 10633/2/6 10634/2/6 10666/2/6
f 10634/1/6 10635/1/6 10667/1/6
f 10666/2/6 10634/2/6 10667/2/6
f 10635/2/6 10636/2/6 10668/2/6
f 10667/1/6 10635/1/6 10668/1/6
f 10668/2/6 10636/2/6 10669/2/6
f 10639/2/6 10640/2/6 10670/2/6
f 10640/4/6 10641/4/6 10671/4/6
f 10670/2/6 10640/2/6 10671/2/6
f 10671/4/6 10641/4/6 10672/4/6
f 10673/1/6 10674/1/6 10698/1/6
f 10674/4/6 10675/4/6 10699/4/6
f 10698/1/6 10674/1/6 10699/1/6
f 10675/2/6 10676/2/6 10700/2/6
f 10699/4/6 10675/4/6 10700/4/6
f 10676/1/6 10677/1/6 10701/1/6
f 10700/2/6 10676/2/6 10701/2/6
f 10677/4/6 10678/4/6 10702/4/6
f 10701/1/6 10677/1/6 10702/1/6
f 10702/4/6 10678/4/6 10703/4/6
f 10679/2/6 10680/2/6 10704/2/6
f 10680/1/6 10681/1/6 10705/1/6
f 10704/2/6 10680/2/6 10705/2/6
f 10681/2/6 10682/2/6 10706/2/6
f 10705/1/6 10681/1/6 10706/1/6
f 10682/1/6 10683/1/6 10707/1/6
f 10706/2/6 10682/2/6 10707/2/6
f 10683/4/6 10684/4/6 10708/4/6
f 10707/1/6 10683/1/6 10708/1/6
f 10708/4/6 10684/4/6 10709/4/6
f 10685/2/6 10686/2/6 10710/2/6
f 10686/1/6 10687/1/6 10711/1/6
f 10710/2/6 10686/2/6 10711/2/6
f 10687/4/6 10688/4/6 10712/4/6
f 10711/1/6 10687/1/6 10712/1/6
f 10688/2/6 10689/2/6 10713/2/6
f 10712/4/6 10688/4/6 10713/4/6
f 10689/1/6 10690/1/6 10714/1/6
f 10713/2/6 10689/2/6 10714/2/6
f 10690/4/6 10691/4/6 10715/4/6
f 10714/1/6 10690/1/6 10715/1/6
f 10691/2/6 10692/2/6 10716/2/6
f 10715/4/6 10691/4/6 10716/4/6
f 10692/1/6 10693/1/6 10717/1/6
f 10716/2/6 10692/2/6 10717/2/6
f 10693/2/6 10694/2/6 10718/2/6
f 10717/1/6 10693/1/6 10718/1/6
f 10718/2/6 10694/2/6 10719/2/6
f 10695/2/6 10696/2/6 10720/2/6
f 10696/1/6 10697/1/6 10721/1/6
f 10720/2/6 10696/2/6 10721/2/6
f 10673/1/6 10698/1/6 10722/1/6
f 10722/1/6 10698/1/6 10723/1/6
f 10721/1/6 10697/1/6 10724/1/6
f 10724/1/6 10697/1/6 10725/1/6
f 10722/4/6 10723/4/6 10726/4/6
f 10726/4/6 10723/4/6 10727/4/6
f 10724/4/6 10725/4/6 10728/4/6
f 10728/4/6 10725/4/6 10729/4/6
f 10726/2/6 10727/2/6 10730/2/6
f 10730/2/6 10727/2/6 10731/2/6
f 10728/2/6 10729/2/6 10732/2/6
f 10732/2/6 10729/2/6 10733/2/6
f 10730/1/6 10731/1/6 10734/1/6
f 10734/1/6 10731/1/6 10735/1/6
f 10732/1/6 10733/1/6 10736/1/6
f 10736/1/6 10733/1/6 10737/1/6
f 10734/4/6 10735/4/6 10738/4/6
f 10738/4/6 10735/4/6 10739/4/6
f 10736/4/6 10737/4/6 10740/4/6
f 10740/4/6 10737/4/6 10741/4/6
f 10742/2/6 10743/2/6 10746/2/6
f 10746/2/6 10743/2/6 10747/2/6
f 10744/2/6 10745/2/6 10748/2/6
f 10748/2/6 10745/2/6 10749/2/6
f 10746/1/6 10747/1/6 10750/1/6
f 10750/1/6 10747/1/6 10751/1/6
f 10748/1/6 10749/1/6 10752/1/6
f 10752/1/6 10749/1/6 10753/1/6
f 10750/2/6 10751/2/6 10754/2/6
f 10754/2/6 10751/2/6 10755/2/6
f 10752/2/6 10753/2/6 10756/2/6
f 10756/2/6 10753/2/6 10757/2/6
f 10754/1/6 10755/1/6 10758/1/6
f 10758/1/6 10755/1/6 10759/1/6
f 10756/1/6 10757/1/6 10760/1/6
f 10760/1/6 10757/1/6 10761/1/6
f 10758/4/6 10759/4/6 10762/4/6
f 10762/4/6 10759/4/6 10763/4/6
f 10760/4/6 10761/4/6 10764/4/6
f 10764/4/6 10761/4/6 10765/4/6
f 10766/2/6 10767/2/6 10770/2/6
f 10770/2/6 10767/2/6 10771/2/6
f 10768/2/6 10769/2/6 10772/2/6
f 10772/2/6 10769/2/6 10773/2/6
f 10770/1/6 10771/1/6 10774/1/6
f 10774/1/6 10771/1/6 10775/1/6
f 10772/1/6 10773/1/6 10776/1/6
f 10776/1/6 10773/1/6 10777/1/6
f 10774/4/6 10775/4/6 10778/4/6
f 10778/4/6 10775/4/6 10779/4/6
f 10776/4/6 10777/4/6 10780/4/6
f 10780/4/6 10777/4/6 10781/4/6
f 10778/2/6 10779/2/6 10782/2/6
f 10782/2/6 10779/2/6 10783/2/6
f 10780/2/6 10781/2/6 10784/2/6
f 10784/2/6 10781/2/6 10785/2/6
f 10782/1/6 10783/1/6 10786/1/6
f 10786/1/6 10783/1/6 10787/1/6
f 10784/1/6 10785/1/6 10788/1/6
f 10788/1/6 10785/1/6 10789/1/6
f 10786/4/6 10787/4/6 10790/4/6
f 10790/4/6 10787/4/6 10791/4/6
f 10788/4/6 10789/4/6 10792/4/6
f 10792/4/6 10789/4/6 10793/4/6
f 10790/2/6 10791/2/6 10794/2/6
f 10794/2/6 10791/2/6 10795/2/6
f 10792/2/6 10793/2/6 10796/2/6
f 10796/2/6 10793/2/6 10797/2/6
f 10794/1/6 10795/1/6 10798/1/6
f 10798/1/6 10795/1/6 10799/1/6
f 10796/1/6 10797/1/6 10800/1/6
f 10800/1/6 10797/1/6 10801/1/6
f 10798/2/6 10799/2/6 10802/2/6
f 10802/2/6 10799/2/6 10803/2/6
f 10800/2/6 10801/2/6 10804/2/6
f 10804/2/6 10801/2/6 10805/2/6
f 10806/2/6 10807/2/6 10810/2/6
f 10808/2/6 10809/2/6 10833/2/6
f 10806/2/6 10810/2/6 10834/2/6
f 10810/1/6 10811/1/6 10835/1/6
f 10834/2/6 10810/2/6 10835/2/6
f 10811/4/6 10812/4/6 10836/4/6
f 10835/1/6 10811/1/6 10836/1/6
f 10812/2/6 10813/2/6 10837/2/6
f 10836/4/6 10812/4/6 10837/4/6
f 10813/1/6 10814/1/6 10838/1/6
f 10837/2/6 10813/2/6 10838/2/6
f 10814/4/6 10815/4/6 10839/4/6
f 10838/1/6 10814/1/6 10839/1/6
f 10839/4/6 10815/4/6 10840/4/6
f 10816/2/6 10817/2/6 10841/2/6
f 10817/1/6 10818/1/6 10842/1/6
f 10841/2/6 10817/2/6 10842/2/6
f 10818/2/6 10819/2/6 10843/2/6
f 10842/1/6 10818/1/6 10843/1/6
f 10819/1/6 10820/1/6 10844/1/6
f 10843/2/6 10819/2/6 10844/2/6
f 10820/4/6 10821/4/6 10845/4/6
f 10844/1/6 10820/1/6 10845/1/6
f 10845/4/6 10821/4/6 10846/4/6
f 10822/2/6 10823/2/6 10847/2/6
f 10823/1/6 10824/1/6 10848/1/6
f 10847/2/6 10823/2/6 10848/2/6
f 10824/4/6 10825/4/6 10849/4/6
f 10848/1/6 10824/1/6 10849/1/6
f 10825/2/6 10826/2/6 10850/2/6
f 10849/4/6 10825/4/6 10850/4/6
f 10826/1/6 10827/1/6 10851/1/6
f 10850/2/6 10826/2/6 10851/2/6
f 10827/4/6 10828/4/6 10852/4/6
f 10851/1/6 10827/1/6 10852/1/6
f 10828/2/6 10829/2/6 10853/2/6
f 10852/4/6 10828/4/6 10853/4/6
f 10829/1/6 10830/1/6 10854/1/6
f 10853/2/6 10829/2/6 10854/2/6
f 10830/2/6 10831/2/6 10855/2/6
f 10854/1/6 10830/1/6 10855/1/6
f 10855/2/6 10831/2/6 10856/2/6
f 10832/2/6 10833/2/6 10857/2/6
f 10833/2/6 10809/2/6 10858/2/6
f 10857/2/6 10833/2/6 10858/2/6
f 10863/3/6 10864/3/6 10865/3/6
f 10861/3/6 10862/3/6 10866/3/6
f 10865/3/6 10864/3/6 10867/3/6
f 10867/3/6 10864/3/6 10868/3/6
f 10861/3/6 10866/3/6 10869/3/6
f 10867/3/6 10868/3/6 10870/3/6
f 10870/3/6 10868/3/6 10871/3/6
f 10859/3/6 10860/3/6 10873/3/6
f 10873/3/6 10860/3/6 10874/3/6
f 10861/3/6 10869/3/6 10875/3/6
f 10875/3/6 10869/3/6 10876/3/6
f 10870/3/6 10871/3/6 10879/3/6
f 10879/3/6 10871/3/6 10880/3/6
f 10879/3/6 10880/3/6 10882/3/6
f 10880/3/6 10881/3/6 10882/3/6
f 10878/3/6 10879/3/6 10882/3/6
f 10876/3/6 10877/3/6 10882/3/6
f 10875/3/6 10876/3/6 10882/3/6
f 10874/3/6 10875/3/6 10882/3/6
f 10873/3/6 10874/3/6 10882/3/6
f 10872/3/6 10873/3/6 10882/3/6
f 10877/3/6 10878/3/6 10882/3/6
f 10882/3/6 10881/3/6 10883/3/6
f 10883/3/6 10881/3/6 10884/3/6
f 10884/3/6 10881/3/6 10885/3/6
f 10885/3/6 10881/3/6 10886/3/6
f 10886/3/6 10881/3/6 10887/3/6
f 10883/3/6 10884/3/6 10888/3/6
f 10885/3/6 10886/3/6 10889/3/6
f 10883/3/6 10888/3/6 10890/3/6
f 10885/3/6 10889/3/6 10891/3/6
f 10883/3/6 10890/3/6 10892/3/6
f 10885/3/6 10891/3/6 10893/3/6
f 10883/3/6 10892/3/6 10894/3/6
f 10885/3/6 10893/3/6 10895/3/6
f 10894/3/6 10892/3/6 10896/3/6
f 10895/3/6 10893/3/6 10897/3/6
f 10896/3/6 10892/3/6 10898/3/6
f 10897/3/6 10893/3/6 10899/3/6
f 10898/3/6 10892/3/6 10901/3/6
f 10901/3/6 10892/3/6 10902/3/6
f 10899/3/6 10893/3/6 10903/3/6
f 10903/3/6 10893/3/6 10904/3/6
f 10903/3/6 10904/3/6 10906/3/6
f 10904/3/6 10905/3/6 10906/3/6
f 10900/3/6 10901/3/6 10906/3/6
f 10902/3/6 10903/3/6 10906/3/6
f 10901/3/6 10902/3/6 10906/3/6
f 10906/3/6 10905/3/6 10907/3/6
f 10907/3/6 10905/3/6 10908/3/6
f 10908/3/6 10905/3/6 10909/3/6
f 10909/3/6 10905/3/6 10910/3/6
f 10910/3/6 10905/3/6 10911/3/6
f 10911/3/6 10905/3/6 10912/3/6
f 10912/3/6 10905/3/6 10913/3/6
f 10913/3/6 10905/3/6 10914/3/6
f 10914/3/6 10905/3/6 10915/3/6
f 10915/3/6 10905/3/6 10916/3/6
f 10916/3/6 10905/3/6 10917/3/6
f 10917/3/6 10905/3/6 10918/3/6
f 10918/3/6 10905/3/6 10919/3/6
f 10919/3/6 10905/3/6 10920/3/6
f 10920/3/6 10905/3/6 10921/3/6
f 10921/3/6 10905/3/6 10922/3/6
f 10922/3/6 10905/3/6 10923/3/6
f 10923/3/6 10905/3/6 10924/3/6
f 10924/3/6 10905/3/6 10925/3/6
f 10925/3/6 10905/3/6 10926/3/6
f 10926/3/6 10905/3/6 10927/3/6
f 10927/3/6 10905/3/6 10928/3/6
f 10914/3/6 10915/3/6 10929/3/6
f 10929/3/6 10915/3/6 10930/3/6
f 10930/3/6 10915/3/6 10931/3/6
f 10931/3/6 10915/3/6 10932/3/6
f 10921/3/6 10922/3/6 10933/3/6
f 10933/3/6 10922/3/6 10934/3/6
f 10934/3/6 10922/3/6 10935/3/6
f 10930/3/6 10931/3/6 10936/3/6
f 10930/3/6 10936/3/6 10937/3/6
f 10937/3/6 10936/3/6 10938/3/6
f 10934/3/6 10935/3/6 10939/3/6
f 10937/3/6 10938/3/6 10940/3/6
f 10939/3/6 10935/3/6 10941/3/6
f 10940/3/6 10938/3/6 10942/3/6
f 10942/3/6 10938/3/6 10943/3/6
f 10941/3/6 10935/3/6 10944/3/6
f 10942/3/6 10943/3/6 10945/3/6
f 10942/3/6 10945/3/6 10946/3/6
f 10944/3/6 10935/3/6 10947/3/6
f 10946/3/6 10945/3/6 10948/3/6
f 10948/3/6 10945/3/6 10949/3/6
f 10947/3/6 10935/3/6 10950/3/6
f 10948/3/6 10949/3/6 10951/3/6
f 10951/3/6 10949/3/6 10952/3/6
f 10950/3/6 10935/3/6 10953/3/6
f 10951/3/6 10952/3/6 10954/3/6
f 10953/3/6 10935/3/6 10955/3/6
f 10954/3/6 10952/3/6 10956/3/6
f 10955/3/6 10935/3/6 10957/3/6
f 10956/3/6 10952/3/6 10959/3/6
f 10959/3/6 10952/3/6 10960/3/6
f 10957/3/6 10935/3/6 10963/3/6
f 10963/3/6 10935/3/6 10964/3/6
f 10960/3/6 10961/3/6 10973/3/6
f 10958/3/6 10959/3/6 10973/3/6
f 10959/3/6 10960/3/6 10973/3/6
f 10973/3/6 10961/3/6 10974/3/6
f 10962/3/6 10963/3/6 10980/3/6
f 10963/3/6 10964/3/6 10980/3/6
f 10980/3/6 10964/3/6 10981/3/6
f 10980/3/6 10981/3/6 10987/3/6
f 10985/3/6 10986/3/6 10987/3/6
f 10984/3/6 10985/3/6 10987/3/6
f 10983/3/6 10984/3/6 10987/3/6
f 10982/3/6 10983/3/6 10987/3/6
f 10981/3/6 10982/3/6 10987/3/6
f 10971/3/6 10972/3/6 10987/3/6
f 10976/3/6 10977/3/6 10987/3/6
f 10975/3/6 10976/3/6 10987/3/6
f 10974/3/6 10975/3/6 10987/3/6
f 10973/3/6 10974/3/6 10987/3/6
f 10972/3/6 10973/3/6 10987/3/6
f 10970/3/6 10971/3/6 10987/3/6
f 10968/3/6 10969/3/6 10987/3/6
f 10967/3/6 10968/3/6 10987/3/6
f 10966/3/6 10967/3/6 10987/3/6
f 10965/3/6 10966/3/6 10987/3/6
f 10979/3/6 10980/3/6 10987/3/6
f 10977/3/6 10978/3/6 10987/3/6
f 10978/3/6 10979/3/6 10987/3/6
f 10969/3/6 10970/3/6 10987/3/6
f 10987/3/6 10986/3/6 10988/3/6
f 10988/3/6 10986/3/6 10989/3/6
f 10989/3/6 10986/3/6 10990/3/6
f 10990/3/6 10986/3/6 10991/3/6
f 10991/3/6 10986/3/6 10992/3/6
f 10992/3/6 10986/3/6 10993/3/6
f 10993/3/6 10986/3/6 10994/3/6
f 10994/3/6 10986/3/6 10995/3/6
f 10995/3/6 10986/3/6 10996/3/6
f 10996/3/6 10986/3/6 10997/3/6
f 10997/3/6 10986/3/6 10998/3/6
f 10998/3/6 10986/3/6 10999/3/6
f 10999/3/6 10986/3/6 11000/3/6
f 11000/3/6 10986/3/6 11001/3/6
f 11001/3/6 10986/3/6 11002/3/6
f 11002/3/6 10986/3/6 11003/3/6
f 11003/3/6 10986/3/6 11004/3/6
f 11004/3/6 10986/3/6 11005/3/6
f 11005/3/6 10986/3/6 11006/3/6
f 11006/3/6 10986/3/6 11007/3/6
f 11007/3/6 10986/3/6 11008/3/6
f 11008/3/6 10986/3/6 11009/3/6
f 11009/3/6 10986/3/6 11010/3/6
f 11010/3/6 10986/3/6 11011/3/6
f 11011/3/6 10986/3/6 11012/3/6
f 11012/3/6 10986/3/6 11013/3/6
f 10991/3/6 10992/3/6 11014/3/6
f 10996/3/6 10997/3/6 11015/3/6
f 11015/3/6 10997/3/6 11016/3/6
f 11004/3/6 11005/3/6 11017/3/6
f 11017/3/6 11005/3/6 11018/3/6
f 11018/3/6 11005/3/6 11019/3/6
f 11019/3/6 11005/3/6 11020/3/6
f 10996/3/6 11015/3/6 11021/3/6
f 11018/3/6 11019/3/6 11022/3/6
f 11022/3/6 11019/3/6 11023/3/6
f 11022/3/6 11023/3/6 11024/3/6
f 10996/3/6 11021/3/6 11025/3/6
f 11024/3/6 11023/3/6 11026/3/6
f 10996/3/6 11025/3/6 11027/3/6
f 11024/3/6 11026/3/6 11028/3/6
f 10996/3/6 11027/3/6 11029/3/6
f 11024/3/6 11028/3/6 11030/3/6
f 11030/3/6 11028/3/6 11031/3/6
f 11030/3/6 11031/3/6 11032/3/6
f 11032/3/6 11031/3/6 11033/3/6
f 11014/3/6 10992/3/6 11034/3/6
f 11034/3/6 10992/3/6 11035/3/6
f 10996/3/6 11029/3/6 11036/3/6
f 11036/3/6 11029/3/6 11037/3/6
f 11033/3/6 11031/3/6 11038/3/6
f 11038/3/6 11031/3/6 11039/3/6
f 11040/4/6 11041/4/6 11046/4/6
f 11046/4/6 11041/4/6 11047/4/6
f 11042/2/6 11043/2/6 11048/2/6
f 11044/2/6 11045/2/6 11049/2/6
f 11048/2/6 11043/2/6 11050/2/6
f 11050/2/6 11043/2/6 11051/2/6
f 11046/2/6 11047/2/6 11052/2/6
f 11052/2/6 11047/2/6 11053/2/6
f 11050/4/6 11051/4/6 11054/4/6
f 11054/4/6 11051/4/6 11055/4/6
f 11044/2/6 11049/2/6 11056/2/6
f 11056/2/6 11049/2/6 11057/2/6
f 11052/1/6 11053/1/6 11058/1/6
f 11058/1/6 11053/1/6 11059/1/6
f 11054/2/6 11055/2/6 11060/2/6
f 11060/2/6 11055/2/6 11061/2/6
f 11056/4/6 11057/4/6 11062/4/6
f 11062/4/6 11057/4/6 11063/4/6
f 11058/4/6 11059/4/6 11064/4/6
f 11064/4/6 11059/4/6 11065/4/6
f 11060/1/6 11061/1/6 11066/1/6
f 11066/1/6 11061/1/6 11067/1/6
f 11062/2/6 11063/2/6 11068/2/6
f 11068/2/6 11063/2/6 11069/2/6
f 11070/2/6 11071/2/6 11078/2/6
f 11072/2/6 11073/2/6 11079/2/6
f 11079/2/6 11073/2/6 11080/2/6
f 11074/2/6 11075/2/6 11081/2/6
f 11076/2/6 11077/2/6 11082/2/6
f 11082/2/6 11077/2/6 11083/2/6
f 11079/4/6 11080/4/6 11084/4/6
f 11084/4/6 11080/4/6 11085/4/6
f 11082/4/6 11083/4/6 11086/4/6
f 11086/4/6 11083/4/6 11087/4/6
f 11078/2/6 11071/2/6 11088/2/6
f 11084/1/6 11085/1/6 11089/1/6
f 11089/1/6 11085/1/6 11090/1/6
f 11081/2/6 11075/2/6 11091/2/6
f 11086/1/6 11087/1/6 11092/1/6
f 11092/1/6 11087/1/6 11093/1/6
f 11088/2/6 11071/2/6 11094/2/6
f 11094/2/6 11071/2/6 11095/2/6
f 11091/2/6 11075/2/6 11096/2/6
f 11096/2/6 11075/2/6 11097/2/6
f 11094/1/6 11095/1/6 11098/1/6
f 11098/1/6 11095/1/6 11099/1/6
f 11096/1/6 11097/1/6 11100/1/6
f 11100/1/6 11097/1/6 11101/1/6
f 11098/4/6 11099/4/6 11102/4/6
f 11102/4/6 11099/4/6 11103/4/6
f 11100/4/6 11101/4/6 11104/4/6
f 11104/4/6 11101/4/6 11105/4/6
f 11092/2/6 11093/2/6 11106/2/6
f 11102/2/6 11103/2/6 11107/2/6
f 11107/2/6 11103/2/6 11108/2/6
f 11089/2/6 11090/2/6 11109/2/6
f 11109/2/6 11090/2/6 11110/2/6
f 11104/2/6 11105/2/6 11111/2/6
f 11111/2/6 11105/2/6 11112/2/6
f 11092/2/6 11106/2/6 11113/2/6
f 11113/2/6 11106/2/6 11114/2/6
f 11115/4/6 11116/4/6 11140/4/6
f 11116/2/6 11117/2/6 11141/2/6
f 11140/4/6 11116/4/6 11141/4/6
f 11117/1/6 11118/1/6 11142/1/6
f 11141/2/6 11117/2/6 11142/2/6
f 11118/2/6 11119/2/6 11143/2/6
f 11142/1/6 11118/1/6 11143/1/6
f 11143/2/6 11119/2/6 11144/2/6
f 11119/4/6 11120/4/6 11145/4/6
f 11144/2/6 11119/2/6 11145/2/6
f 11120/1/6 11121/1/6 11146/1/6
f 11145/4/6 11120/4/6 11146/4/6
f 11121/2/6 11122/2/6 11147/2/6
f 11146/1/6 11121/1/6 11147/1/6
f 11122/4/6 11123/4/6 11148/4/6
f 11147/2/6 11122/2/6 11148/2/6
f 11123/1/6 11124/1/6 11149/1/6
f 11148/4/6 11123/4/6 11149/4/6
f 11149/1/6 11124/1/6 11150/1/6
f 11125/2/6 11126/2/6 11153/2/6
f 11126/1/6 11127/1/6 11154/1/6
f 11153/2/6 11126/2/6 11154/2/6
f 11127/2/6 11128/2/6 11155/2/6
f 11154/1/6 11127/1/6 11155/1/6
f 11128/4/6 11129/4/6 11156/4/6
f 11155/2/6 11128/2/6 11156/2/6
f 11129/2/6 11130/2/6 11157/2/6
f 11156/4/6 11129/4/6 11157/4/6
f 11130/4/6 11131/4/6 11158/4/6
f 11157/2/6 11130/2/6 11158/2/6
f 11158/4/6 11131/4/6 11159/4/6
f 11132/4/6 11133/4/6 11161/4/6
f 11133/2/6 11134/2/6 11162/2/6
f 11161/4/6 11133/4/6 11162/4/6
f 11134/1/6 11135/1/6 11163/1/6
f 11162/2/6 11134/2/6 11163/2/6
f 11135/2/6 11136/2/6 11164/2/6
f 11163/1/6 11135/1/6 11164/1/6
f 11136/1/6 11137/1/6 11165/1/6
f 11164/2/6 11136/2/6 11165/2/6
f 11137/2/6 11138/2/6 11166/2/6
f 11165/1/6 11137/1/6 11166/1/6
f 11138/4/6 11139/4/6 11167/4/6
f 11166/2/6 11138/2/6 11167/2/6
f 11167/4/6 11139/4/6 11168/4/6
f 11152/4/6 11153/4/6 11169/4/6
f 11169/4/6 11153/4/6 11170/4/6
f 11159/2/6 11160/2/6 11171/2/6
f 11150/2/6 11151/2/6 11172/2/6
f 11172/2/6 11151/2/6 11173/2/6
f 11169/1/6 11170/1/6 11174/1/6
f 11174/1/6 11170/1/6 11175/1/6
f 11171/2/6 11160/2/6 11176/2/6
f 11176/2/6 11160/2/6 11177/2/6
f 11172/4/6 11173/4/6 11178/4/6
f 11178/4/6 11173/4/6 11179/4/6
f 11176/4/6 11177/4/6 11180/4/6
f 11180/4/6 11177/4/6 11181/4/6
f 11178/1/6 11179/1/6 11182/1/6
f 11182/1/6 11179/1/6 11183/1/6
f 11174/2/6 11175/2/6 11184/2/6
f 11184/2/6 11175/2/6 11185/2/6
f 11180/1/6 11181/1/6 11186/1/6
f 11186/1/6 11181/1/6 11187/1/6
f 11184/1/6 11185/1/6 11188/1/6
f 11188/1/6 11185/1/6 11189/1/6
f 11186/2/6 11187/2/6 11190/2/6
f 11182/2/6 11183/2/6 11191/2/6
f 11191/2/6 11183/2/6 11192/2/6
f 11192/2/6 11183/2/6 11193/2/6
f 11190/2/6 11187/2/6 11194/2/6
f 11194/2/6 11187/2/6 11195/2/6
f 11192/1/6 11193/1/6 11196/1/6
f 11196/1/6 11193/1/6 11197/1/6
f 11188/2/6 11189/2/6 11198/2/6
f 11198/2/6 11189/2/6 11199/2/6
f 11194/1/6 11195/1/6 11200/1/6
f 11200/1/6 11195/1/6 11201/1/6
f 11196/2/6 11197/2/6 11202/2/6
f 11202/2/6 11197/2/6 11203/2/6
f 11198/1/6 11199/1/6 11204/1/6
f 11204/1/6 11199/1/6 11205/1/6
f 11200/2/6 11201/2/6 11206/2/6
f 11206/2/6 11201/2/6 11207/2/6
f 11202/4/6 11203/4/6 11208/4/6
f 11208/4/6 11203/4/6 11209/4/6
f 11206/4/6 11207/4/6 11210/4/6
f 11210/4/6 11207/4/6 11211/4/6
f 11208/1/6 11209/1/6 11212/1/6
f 11212/1/6 11209/1/6 11213/1/6
f 11210/1/6 11211/1/6 11214/1/6
f 11214/1/6 11211/1/6 11215/1/6
f 11212/2/6 11213/2/6 11229/2/6
f 11229/2/6 11213/2/6 11230/2/6
f 11204/2/6 11205/2/6 11231/2/6
f 11231/2/6 11205/2/6 11232/2/6
f 11214/2/6 11215/2/6 11239/2/6
f 11239/2/6 11215/2/6 11240/2/6
f 11216/1/6 11217/1/6 11249/1/6
f 11217/4/6 11218/4/6 11250/4/6
f 11249/1/6 11217/1/6 11250/1/6
f 11218/2/6 11219/2/6 11251/2/6
f 11250/4/6 11218/4/6 11251/4/6
f 11219/1/6 11220/1/6 11252/1/6
f 11251/2/6 11219/2/6 11252/2/6
f 11220/4/6 11221/4/6 11253/4/6
f 11252/1/6 11220/1/6 11253/1/6
f 11221/2/6 11222/2/6 11254/2/6
f 11253/4/6 11221/4/6 11254/4/6
f 11222/2/6 11223/2/6 11254/2/6
f 11223/2/6 11224/2/6 11254/2/6
f 11224/1/6 11225/1/6 11255/1/6
f 11254/2/6 11224/2/6 11255/2/6
f 11227/2/6 11228/2/6 11256/2/6
f 11255/1/6 11225/1/6 11256/1/6
f 11225/2/6 11226/2/6 11256/2/6
f 11226/2/6 11227/2/6 11256/2/6
f 11228/4/6 11229/4/6 11257/4/6
f 11256/2/6 11228/2/6 11257/2/6
f 11257/4/6 11229/4/6 11258/4/6
f 11232/4/6 11233/4/6 11259/4/6
f 11233/2/6 11234/2/6 11260/2/6
f 11259/4/6 11233/4/6 11260/4/6
f 11234/4/6 11235/4/6 11261/4/6
f 11260/2/6 11234/2/6 11261/2/6
f 11235/2/6 11236/2/6 11262/2/6
f 11261/4/6 11235/4/6 11262/4/6
f 11236/1/6 11237/1/6 11263/1/6
f 11262/2/6 11236/2/6 11263/2/6
f 11238/2/6 11239/2/6 11264/2/6
f 11263/1/6 11237/1/6 11264/1/6
f 11237/2/6 11238/2/6 11264/2/6
f 11264/2/6 11239/2/6 11265/2/6
f 11241/1/6 11242/1/6 11266/1/6
f 11242/4/6 11243/4/6 11267/4/6
f 11266/1/6 11242/1/6 11267/1/6
f 11243/2/6 11244/2/6 11268/2/6
f 11267/4/6 11243/4/6 11268/4/6
f 11244/4/6 11245/4/6 11269/4/6
f 11268/2/6 11244/2/6 11269/2/6
f 11247/2/6 11248/2/6 11270/2/6
f 11269/4/6 11245/4/6 11270/4/6
f 11246/2/6 11247/2/6 11270/2/6
f 11245/2/6 11246/2/6 11270/2/6
f 11270/2/6 11248/2/6 11271/2/6
f 11272/2/6 11273/2/6 11300/2/6
f 11300/2/6 11273/2/6 11301/2/6
f 11273/4/6 11274/4/6 11302/4/6
f 11301/2/6 11273/2/6 11302/2/6
f 11274/2/6 11275/2/6 11303/2/6
f 11302/4/6 11274/4/6 11303/4/6
f 11275/1/6 11276/1/6 11304/1/6
f 11303/2/6 11275/2/6 11304/2/6
f 11304/1/6 11276/1/6 11305/1/6
f 11277/2/6 11278/2/6 11306/2/6
f 11306/2/6 11278/2/6 11307/2/6
f 11307/2/6 11278/2/6 11308/2/6
f 11278/1/6 11279/1/6 11309/1/6
f 11308/2/6 11278/2/6 11309/2/6
f 11279/4/6 11280/4/6 11310/4/6
f 11309/1/6 11279/1/6 11310/1/6
f 11280/2/6 11281/2/6 11311/2/6
f 11310/4/6 11280/4/6 11311/4/6
f 11311/2/6 11281/2/6 11312/2/6
f 11282/2/6 11283/2/6 11314/2/6
f 11314/2/6 11283/2/6 11315/2/6
f 11283/1/6 11284/1/6 11316/1/6
f 11315/2/6 11283/2/6 11316/2/6
f 11284/2/6 11285/2/6 11317/2/6
f 11316/1/6 11284/1/6 11317/1/6
f 11317/2/6 11285/2/6 11318/2/6
f 11285/1/6 11286/1/6 11319/1/6
f 11318/2/6 11285/2/6 11319/2/6
f 11286/2/6 11287/2/6 11320/2/6
f 11319/1/6 11286/1/6 11320/1/6
f 11320/2/6 11287/2/6 11321/2/6
f 11287/1/6 11288/1/6 11322/1/6
f 11321/2/6 11287/2/6 11322/2/6
f 11288/2/6 11289/2/6 11323/2/6
f 11322/1/6 11288/1/6 11323/1/6
f 11323/2/6 11289/2/6 11324/2/6
f 11290/2/6 11291/2/6 11327/2/6
f 11327/2/6 11291/2/6 11328/2/6
f 11291/4/6 11292/4/6 11329/4/6
f 11328/2/6 11291/2/6 11329/2/6
f 11292/1/6 11293/1/6 11330/1/6
f 11329/4/6 11292/4/6 11330/4/6
f 11293/2/6 11294/2/6 11331/2/6
f 11330/1/6 11293/1/6 11331/1/6
f 11331/2/6 11294/2/6 11332/2/6
f 11294/1/6 11295/1/6 11333/1/6
f 11332/2/6 11294/2/6 11333/2/6
f 11295/2/6 11296/2/6 11334/2/6
f 11333/1/6 11295/1/6 11334/1/6
f 11296/4/6 11297/4/6 11335/4/6
f 11334/2/6 11296/2/6 11335/2/6
f 11297/1/6 11298/1/6 11336/1/6
f 11335/4/6 11297/4/6 11336/4/6
f 11298/2/6 11299/2/6 11337/2/6
f 11336/1/6 11298/1/6 11337/1/6
f 11337/2/6 11299/2/6 11338/2/6
f 11324/2/6 11325/2/6 11339/2/6
f 11313/4/6 11314/4/6 11340/4/6
f 11340/4/6 11314/4/6 11341/4/6
f 11339/2/6 11325/2/6 11342/2/6
f 11342/2/6 11325/2/6 11343/2/6
f 11326/4/6 11327/4/6 11344/4/6
f 11344/4/6 11327/4/6 11345/4/6
f 11342/1/6 11343/1/6 11346/1/6
f 11346/1/6 11343/1/6 11347/1/6
f 11340/2/6 11341/2/6 11348/2/6
f 11348/2/6 11341/2/6 11349/2/6
f 11346/2/6 11347/2/6 11350/2/6
f 11344/2/6 11345/2/6 11351/2/6
f 11351/2/6 11345/2/6 11352/2/6
f 11348/1/6 11349/1/6 11353/1/6
f 11353/1/6 11349/1/6 11354/1/6
f 11350/2/6 11347/2/6 11355/2/6
f 11351/1/6 11352/1/6 11356/1/6
f 11356/1/6 11352/1/6 11357/1/6
f 11353/4/6 11354/4/6 11358/4/6
f 11358/4/6 11354/4/6 11359/4/6
f 11355/2/6 11347/2/6 11360/2/6
f 11360/2/6 11347/2/6 11361/2/6
f 11356/4/6 11357/4/6 11362/4/6
f 11362/4/6 11357/4/6 11363/4/6
f 11360/4/6 11361/4/6 11364/4/6
f 11364/4/6 11361/4/6 11365/4/6
f 11358/2/6 11359/2/6 11366/2/6
f 11362/2/6 11363/2/6 11367/2/6
f 11358/2/6 11366/2/6 11368/2/6
f 11362/2/6 11367/2/6 11369/2/6
f 11364/2/6 11365/2/6 11370/2/6
f 11370/2/6 11365/2/6 11371/2/6
f 11358/2/6 11368/2/6 11372/2/6
f 11372/2/6 11368/2/6 11373/2/6
f 11370/4/6 11371/4/6 11374/4/6
f 11374/4/6 11371/4/6 11375/4/6
f 11362/2/6 11369/2/6 11376/2/6
f 11376/2/6 11369/2/6 11377/2/6
f 11372/4/6 11373/4/6 11378/4/6
f 11378/4/6 11373/4/6 11379/4/6
f 11374/1/6 11375/1/6 11380/1/6
f 11380/1/6 11375/1/6 11381/1/6
f 11376/4/6 11377/4/6 11382/4/6
f 11382/4/6 11377/4/6 11383/4/6
f 11384/2/6 11385/2/6 11412/2/6
f 11385/1/6 11386/1/6 11413/1/6
f 11412/2/6 11385/2/6 11413/2/6
f 11386/4/6 11387/4/6 11414/4/6
f 11413/1/6 11386/1/6 11414/1/6
f 11414/4/6 11387/4/6 11415/4/6
f 11388/2/6 11389/2/6 11417/2/6
f 11389/4/6 11390/4/6 11418/4/6
f 11417/2/6 11389/2/6 11418/2/6
f 11390/1/6 11391/1/6 11419/1/6
f 11418/4/6 11390/4/6 11419/4/6
f 11391/2/6 11392/2/6 11420/2/6
f 11419/1/6 11391/1/6 11420/1/6
f 11420/2/6 11392/2/6 11421/2/6
f 11421/2/6 11392/2/6 11422/2/6
f 11392/4/6 11393/4/6 11423/4/6
f 11422/2/6 11392/2/6 11423/2/6
f 11423/4/6 11393/4/6 11424/4/6
f 11394/2/6 11395/2/6 11425/2/6
f 11395/1/6 11396/1/6 11426/1/6
f 11425/2/6 11395/2/6 11426/2/6
f 11396/3/6 11397/3/6 11427/3/6
f 11426/1/6 11396/1/6 11427/1/6
f 11397/1/6 11398/1/6 11428/1/6
f 11427/3/6 11397/3/6 11428/3/6
f 11398/3/6 11399/3/6 11429/3/6
f 11428/1/6 11398/1/6 11429/1/6
f 11399/1/6 11400/1/6 11430/1/6
f 11429/3/6 11399/3/6 11430/3/6
f 11400/4/6 11401/4/6 11431/4/6
f 11430/1/6 11400/1/6 11431/1/6
f 11401/2/6 11402/2/6 11432/2/6
f 11431/4/6 11401/4/6 11432/4/6
f 11402/3/6 11403/3/6 11433/3/6
f 11432/2/6 11402/2/6 11433/2/6
f 11433/3/6 11403/3/6 11434/3/6
f 11404/3/6 11405/3/6 11435/3/6
f 11435/3/6 11405/3/6 11436/3/6
f 11405/4/6 11406/4/6 11437/4/6
f 11436/3/6 11405/3/6 11437/3/6
f 11406/2/6 11407/2/6 11438/2/6
f 11437/4/6 11406/4/6 11438/4/6
f 11438/2/6 11407/2/6 11439/2/6
f 11407/1/6 11408/1/6 11440/1/6
f 11439/2/6 11407/2/6 11440/2/6
f 11408/4/6 11409/4/6 11441/4/6
f 11440/1/6 11408/1/6 11441/1/6
f 11409/2/6 11410/2/6 11442/2/6
f 11441/4/6 11409/4/6 11442/4/6
f 11442/2/6 11410/2/6 11443/2/6
f 11443/2/6 11410/2/6 11444/2/6
f 11412/1/6 11413/1/6 11446/1/6
f 11413/1/6 11414/1/6 11446/1/6
f 11414/1/6 11415/1/6 11446/1/6
f 11415/2/6 11416/2/6 11447/2/6
f 11446/1/6 11415/1/6 11447/1/6
f 11447/2/6 11416/2/6 11448/2/6
f 11417/1/6 11418/1/6 11449/1/6
f 11418/1/6 11419/1/6 11449/1/6
f 11419/1/6 11420/1/6 11449/1/6
f 11420/1/6 11421/1/6 11449/1/6
f 11449/1/6 11421/1/6 11450/1/6
f 11450/1/6 11421/1/6 11451/1/6
f 11421/2/6 11422/2/6 11452/2/6
f 11451/1/6 11421/1/6 11452/1/6
f 11422/1/6 11423/1/6 11453/1/6
f 11452/2/6 11422/2/6 11453/2/6
f 11423/2/6 11424/2/6 11454/2/6
f 11453/1/6 11423/1/6 11454/1/6
f 11454/2/6 11424/2/6 11455/2/6
f 11425/1/6 11426/1/6 11456/1/6
f 11426/1/6 11427/1/6 11456/1/6
f 11427/1/6 11428/1/6 11456/1/6
f 11428/1/6 11429/1/6 11456/1/6
f 11429/1/6 11430/1/6 11456/1/6
f 11456/1/6 11430/1/6 11457/1/6
f 11457/1/6 11430/1/6 11458/1/6
f 11458/1/6 11430/1/6 11459/1/6
f 11430/2/6 11431/2/6 11460/2/6
f 11459/1/6 11430/1/6 11460/1/6
f 11431/1/6 11432/1/6 11461/1/6
f 11433/1/6 11434/1/6 11461/1/6
f 11432/1/6 11433/1/6 11461/1/6
f 11461/1/6 11434/1/6 11462/1/6
f 11462/1/6 11434/1/6 11463/1/6
f 11435/2/6 11436/2/6 11464/2/6
f 11436/1/6 11437/1/6 11465/1/6
f 11464/2/6 11436/2/6 11465/2/6
f 11437/1/6 11438/1/6 11465/1/6
f 11465/1/6 11438/1/6 11466/1/6
f 11440/1/6 11441/1/6 11467/1/6
f 11438/2/6 11439/2/6 11467/2/6
f 11439/1/6 11440/1/6 11467/1/6
f 11442/1/6 11443/1/6 11467/1/6
f 11441/1/6 11442/1/6 11467/1/6
f 11467/1/6 11443/1/6 11468/1/6
f 11444/2/6 11445/2/6 11469/2/6
f 11468/1/6 11443/1/6 11469/1/6
f 11443/2/6 11444/2/6 11469/2/6
f 11469/2/6 11445/2/6 11470/2/6
f 11411/2/6 11412/2/6 11471/2/6
f 11412/1/6 11446/1/6 11472/1/6
f 11471/2/6 11412/2/6 11472/2/6
f 11472/1/6 11446/1/6 11473/1/6
f 11446/2/6 11447/2/6 11474/2/6
f 11473/1/6 11446/1/6 11474/1/6
f 11474/2/6 11447/2/6 11475/2/6
f 11450/4/6 11451/4/6 11476/4/6
f 11449/2/6 11450/2/6 11476/2/6
f 11452/2/6 11453/2/6 11477/2/6
f 11476/4/6 11451/4/6 11477/4/6
f 11453/2/6 11454/2/6 11477/2/6
f 11451/2/6 11452/2/6 11477/2/6
f 11477/2/6 11454/2/6 11478/2/6
f 11478/2/6 11454/2/6 11479/2/6
f 11456/2/6 11457/2/6 11480/2/6
f 11425/1/6 11456/1/6 11480/1/6
f 11480/2/6 11457/2/6 11481/2/6
f 11457/1/6 11458/1/6 11482/1/6
f 11481/2/6 11457/2/6 11482/2/6
f 11458/4/6 11459/4/6 11483/4/6
f 11482/1/6 11458/1/6 11483/1/6
f 11459/2/6 11460/2/6 11484/2/6
f 11483/4/6 11459/4/6 11484/4/6
f 11484/2/6 11460/2/6 11485/2/6
f 11460/2/6 11431/2/6 11486/2/6
f 11485/2/6 11460/2/6 11486/2/6
f 11431/1/6 11461/1/6 11487/1/6
f 11486/2/6 11431/2/6 11487/2/6
f 11461/2/6 11462/2/6 11488/2/6
f 11487/1/6 11461/1/6 11488/1/6
f 11462/4/6 11463/4/6 11489/4/6
f 11488/2/6 11462/2/6 11489/2/6
f 11489/4/6 11463/4/6 11490/4/6
f 11465/2/6 11466/2/6 11491/2/6
f 11464/4/6 11465/4/6 11491/4/6
f 11466/1/6 11438/1/6 11492/1/6
f 11491/2/6 11466/2/6 11492/2/6
f 11467/2/6 11468/2/6 11493/2/6
f 11492/1/6 11438/1/6 11493/1/6
f 11438/2/6 11467/2/6 11493/2/6
f 11493/2/6 11468/2/6 11494/2/6
f 11468/1/6 11469/1/6 11495/1/6
f 11494/2/6 11468/2/6 11495/2/6
f 11469/1/6 11470/1/6 11495/1/6
f 11495/1/6 11470/1/6 11496/1/6
f 11470/2/6 11445/2/6 11497/2/6
f 11496/1/6 11470/1/6 11497/1/6
f 11497/2/6 11445/2/6 11498/2/6
f 11472/1/6 11473/1/6 11499/1/6
f 11471/1/6 11472/1/6 11499/1/6
f 11499/1/6 11473/1/6 11500/1/6
f 11473/2/6 11474/2/6 11501/2/6
f 11500/1/6 11473/1/6 11501/1/6
f 11474/4/6 11475/4/6 11502/4/6
f 11501/2/6 11474/2/6 11502/2/6
f 11475/2/6 11447/2/6 11503/2/6
f 11502/4/6 11475/4/6 11503/4/6
f 11447/1/6 11448/1/6 11504/1/6
f 11503/2/6 11447/2/6 11504/2/6
f 11504/1/6 11448/1/6 11505/1/6
f 11449/2/6 11476/2/6 11506/2/6
f 11506/2/6 11476/2/6 11507/2/6
f 11476/1/6 11477/1/6 11508/1/6
f 11507/2/6 11476/2/6 11508/2/6
f 11478/1/6 11479/1/6 11509/1/6
f 11477/2/6 11478/2/6 11509/2/6
f 11479/2/6 11454/2/6 11510/2/6
f 11509/1/6 11479/1/6 11510/1/6
f 11454/1/6 11455/1/6 11511/1/6
f 11510/2/6 11454/2/6 11511/2/6
f 11511/1/6 11455/1/6 11512/1/6
f 11481/2/6 11482/2/6 11513/2/6
f 11482/2/6 11483/2/6 11513/2/6
f 11480/4/6 11481/4/6 11513/4/6
f 11513/2/6 11483/2/6 11514/2/6
f 11483/1/6 11484/1/6 11515/1/6
f 11514/2/6 11483/2/6 11515/2/6
f 11484/2/6 11485/2/6 11516/2/6
f 11485/4/6 11486/4/6 11516/4/6
f 11486/1/6 11487/1/6 11517/1/6
f 11516/4/6 11486/4/6 11517/4/6
f 11487/4/6 11488/4/6 11518/4/6
f 11517/1/6 11487/1/6 11518/1/6
f 11489/2/6 11490/2/6 11519/2/6
f 11518/4/6 11488/4/6 11519/4/6
f 11488/2/6 11489/2/6 11519/2/6
f 11519/2/6 11490/2/6 11520/2/6
f 11464/4/6 11491/4/6 11521/4/6
f 11491/1/6 11492/1/6 11521/1/6
f 11492/2/6 11493/2/6 11522/2/6
f 11521/1/6 11492/1/6 11522/1/6
f 11522/2/6 11493/2/6 11523/2/6
f 11493/1/6 11494/1/6 11524/1/6
f 11523/2/6 11493/2/6 11524/2/6
f 11494/4/6 11495/4/6 11525/4/6
f 11524/1/6 11494/1/6 11525/1/6
f 11495/2/6 11496/2/6 11526/2/6
f 11525/4/6 11495/4/6 11526/4/6
f 11526/2/6 11496/2/6 11527/2/6
f 11527/2/6 11496/2/6 11528/2/6
f 11528/2/6 11496/2/6 11529/2/6
f 11496/4/6 11497/4/6 11530/4/6
f 11529/2/6 11496/2/6 11530/2/6
f 11530/4/6 11497/4/6 11531/4/6
f 11497/1/6 11498/1/6 11532/1/6
f 11531/4/6 11497/4/6 11532/4/6
f 11532/1/6 11498/1/6 11533/1/6
f 11499/4/6 11500/4/6 11534/4/6
f 11501/1/6 11502/1/6 11535/1/6
f 11534/4/6 11500/4/6 11535/4/6
f 11500/1/6 11501/1/6 11535/1/6
f 11535/1/6 11502/1/6 11536/1/6
f 11502/2/6 11503/2/6 11537/2/6
f 11503/1/6 11504/1/6 11537/1/6
f 11504/2/6 11505/2/6 11538/2/6
f 11537/1/6 11504/1/6 11538/1/6
f 11538/2/6 11505/2/6 11539/2/6
f 11506/1/6 11507/1/6 11540/1/6
f 11507/4/6 11508/4/6 11541/4/6
f 11540/1/6 11507/1/6 11541/1/6
f 11509/2/6 11510/2/6 11542/2/6
f 11477/2/6 11509/2/6 11542/2/6
f 11508/1/6 11477/1/6 11542/1/6
f 11542/2/6 11510/2/6 11543/2/6
f 11510/1/6 11511/1/6 11544/1/6
f 11543/2/6 11510/2/6 11544/2/6
f 11511/2/6 11512/2/6 11545/2/6
f 11544/1/6 11511/1/6 11545/1/6
f 11545/2/6 11512/2/6 11546/2/6
f 11425/1/6 11480/1/6 11547/1/6
f 11480/4/6 11513/4/6 11548/4/6
f 11547/1/6 11480/1/6 11548/1/6
f 11513/4/6 11514/4/6 11548/4/6
f 11548/4/6 11514/4/6 11549/4/6
f 11515/1/6 11484/1/6 11550/1/6
f 11516/2/6 11517/2/6 11550/2/6
f 11517/2/6 11518/2/6 11550/2/6
f 11514/1/6 11515/1/6 11550/1/6
f 11484/2/6 11516/2/6 11550/2/6
f 11550/2/6 11518/2/6 11551/2/6
f 11519/1/6 11520/1/6 11552/1/6
f 11518/1/6 11519/1/6 11552/1/6
f 11552/1/6 11520/1/6 11553/1/6
f 11553/1/6 11520/1/6 11554/1/6
f 11464/4/6 11521/4/6 11555/4/6
f 11521/4/6 11522/4/6 11555/4/6
f 11555/4/6 11522/4/6 11556/4/6
f 11522/1/6 11523/1/6 11557/1/6
f 11556/4/6 11522/4/6 11557/4/6
f 11524/2/6 11525/2/6 11558/2/6
f 11557/1/6 11523/1/6 11558/1/6
f 11523/2/6 11524/2/6 11558/2/6
f 11525/2/6 11526/2/6 11558/2/6
f 11558/2/6 11526/2/6 11559/2/6
f 11526/4/6 11527/4/6 11560/4/6
f 11559/2/6 11526/2/6 11560/2/6
f 11527/1/6 11528/1/6 11561/1/6
f 11560/4/6 11527/4/6 11561/4/6
f 11528/2/6 11529/2/6 11562/2/6
f 11561/1/6 11528/1/6 11562/1/6
f 11530/4/6 11531/4/6 11563/4/6
f 11562/2/6 11529/2/6 11563/2/6
f 11529/4/6 11530/4/6 11563/4/6
f 11563/4/6 11531/4/6 11564/4/6
f 11531/2/6 11532/2/6 11565/2/6
f 11564/4/6 11531/4/6 11565/4/6
f 11532/4/6 11533/4/6 11566/4/6
f 11565/2/6 11532/2/6 11566/2/6
f 11566/4/6 11533/4/6 11567/4/6
f 11535/2/6 11536/2/6 11568/2/6
f 11536/1/6 11502/1/6 11569/1/6
f 11568/2/6 11536/2/6 11569/2/6
f 11502/2/6 11537/2/6 11570/2/6
f 11569/1/6 11502/1/6 11570/1/6
f 11537/4/6 11538/4/6 11571/4/6
f 11570/2/6 11537/2/6 11571/2/6
f 11538/1/6 11539/1/6 11572/1/6
f 11571/4/6 11538/4/6 11572/4/6
f 11572/1/6 11539/1/6 11573/1/6
f 11540/2/6 11541/2/6 11574/2/6
f 11541/4/6 11508/4/6 11575/4/6
f 11574/2/6 11541/2/6 11575/2/6
f 11508/1/6 11542/1/6 11576/1/6
f 11575/4/6 11508/4/6 11576/4/6
f 11542/4/6 11543/4/6 11577/4/6
f 11576/1/6 11542/1/6 11577/1/6
f 11543/2/6 11544/2/6 11578/2/6
f 11577/4/6 11543/4/6 11578/4/6
f 11544/2/6 11545/2/6 11578/2/6
f 11545/1/6 11546/1/6 11579/1/6
f 11578/2/6 11545/2/6 11579/2/6
f 11579/1/6 11546/1/6 11580/1/6
f 11547/2/6 11548/2/6 11581/2/6
f 11548/1/6 11549/1/6 11582/1/6
f 11581/2/6 11548/2/6 11582/2/6
f 11549/4/6 11514/4/6 11583/4/6
f 11582/1/6 11549/1/6 11583/1/6
f 11514/1/6 11550/1/6 11584/1/6
f 11583/4/6 11514/4/6 11584/4/6
f 11550/4/6 11551/4/6 11585/4/6
f 11584/1/6 11550/1/6 11585/1/6
f 11551/2/6 11518/2/6 11586/2/6
f 11585/4/6 11551/4/6 11586/4/6
f 11518/1/6 11552/1/6 11587/1/6
f 11586/2/6 11518/2/6 11587/2/6
f 11552/4/6 11553/4/6 11588/4/6
f 11587/1/6 11552/1/6 11588/1/6
f 11553/2/6 11554/2/6 11589/2/6
f 11588/4/6 11553/4/6 11589/4/6
f 11589/2/6 11554/2/6 11590/2/6
f 11555/1/6 11556/1/6 11591/1/6
f 11556/4/6 11557/4/6 11592/4/6
f 11591/1/6 11556/1/6 11592/1/6
f 11557/2/6 11558/2/6 11593/2/6
f 11592/4/6 11557/4/6 11593/4/6
f 11558/4/6 11559/4/6 11594/4/6
f 11593/2/6 11558/2/6 11594/2/6
f 11559/1/6 11560/1/6 11595/1/6
f 11594/4/6 11559/4/6 11595/4/6
f 11560/2/6 11561/2/6 11596/2/6
f 11595/1/6 11560/1/6 11596/1/6
f 11561/4/6 11562/4/6 11597/4/6
f 11596/2/6 11561/2/6 11597/2/6
f 11563/1/6 11564/1/6 11598/1/6
f 11597/4/6 11562/4/6 11598/4/6
f 11562/1/6 11563/1/6 11598/1/6
f 11564/2/6 11565/2/6 11599/2/6
f 11598/1/6 11564/1/6 11599/1/6
f 11565/2/6 11566/2/6 11599/2/6
f 11599/2/6 11566/2/6 11600/2/6
f 11601/2/6 11602/2/6 11627/2/6
f 11602/1/6 11603/1/6 11628/1/6
f 11627/2/6 11602/2/6 11628/2/6
f 11603/4/6 11604/4/6 11629/4/6
f 11628/1/6 11603/1/6 11629/1/6
f 11604/2/6 11605/2/6 11630/2/6
f 11629/4/6 11604/4/6 11630/4/6
f 11605/4/6 11606/4/6 11631/4/6
f 11630/2/6 11605/2/6 11631/2/6
f 11606/2/6 11607/2/6 11632/2/6
f 11631/4/6 11606/4/6 11632/4/6
f 11607/1/6 11608/1/6 11633/1/6
f 11632/2/6 11607/2/6 11633/2/6
f 11633/1/6 11608/1/6 11634/1/6
f 11609/2/6 11610/2/6 11635/2/6
f 11610/1/6 11611/1/6 11636/1/6
f 11635/2/6 11610/2/6 11636/2/6
f 11611/4/6 11612/4/6 11637/4/6
f 11636/1/6 11611/1/6 11637/1/6
f 11612/2/6 11613/2/6 11638/2/6
f 11637/4/6 11612/4/6 11638/4/6
f 11613/1/6 11614/1/6 11639/1/6
f 11638/2/6 11613/2/6 11639/2/6
f 11614/4/6 11615/4/6 11640/4/6
f 11639/1/6 11614/1/6 11640/1/6
f 11615/2/6 11616/2/6 11641/2/6
f 11640/4/6 11615/4/6 11641/4/6
f 11641/2/6 11616/2/6 11642/2/6
f 11616/1/6 11617/1/6 11643/1/6
f 11642/2/6 11616/2/6 11643/2/6
f 11643/1/6 11617/1/6 11644/1/6
f 11618/2/6 11619/2/6 11645/2/6
f 11645/2/6 11619/2/6 11646/2/6
f 11619/1/6 11620/1/6 11647/1/6
f 11646/2/6 11619/2/6 11647/2/6
f 11647/1/6 11620/1/6 11648/1/6
f 11648/1/6 11620/1/6 11649/1/6
f 11620/2/6 11621/2/6 11650/2/6
f 11621/1/6 11622/1/6 11650/1/6
f 11650/1/6 11622/1/6 11651/1/6
f 11625/2/6 11626/2/6 11652/2/6
f 11652/2/6 11626/2/6 11653/2/6
f 11627/4/6 11628/4/6 11654/4/6
f 11654/4/6 11628/4/6 11655/4/6
f 11628/2/6 11629/2/6 11656/2/6
f 11655/4/6 11628/4/6 11656/4/6
f 11629/1/6 11630/1/6 11657/1/6
f 11656/2/6 11629/2/6 11657/2/6
f 11630/2/6 11631/2/6 11658/2/6
f 11657/1/6 11630/1/6 11658/1/6
f 11631/2/6 11632/2/6 11658/2/6
f 11658/2/6 11632/2/6 11659/2/6
f 11632/4/6 11633/4/6 11660/4/6
f 11659/2/6 11632/2/6 11660/2/6
f 11633/2/6 11634/2/6 11661/2/6
f 11660/4/6 11633/4/6 11661/4/6
f 11635/1/6 11636/1/6 11662/1/6
f 11636/2/6 11637/2/6 11663/2/6
f 11662/1/6 11636/1/6 11663/1/6
f 11637/1/6 11638/1/6 11664/1/6
f 11663/2/6 11637/2/6 11664/2/6
f 11638/2/6 11639/2/6 11665/2/6
f 11664/1/6 11638/1/6 11665/1/6
f 11639/2/6 11640/2/6 11665/2/6
f 11640/2/6 11641/2/6 11665/2/6
f 11665/2/6 11641/2/6 11666/2/6
f 11641/1/6 11642/1/6 11667/1/6
f 11666/2/6 11641/2/6 11667/2/6
f 11642/4/6 11643/4/6 11668/4/6
f 11667/1/6 11642/1/6 11668/1/6
f 11643/2/6 11644/2/6 11669/2/6
f 11668/4/6 11643/4/6 11669/4/6
f 11645/4/6 11646/4/6 11670/4/6
f 11646/2/6 11647/2/6 11671/2/6
f 11670/4/6 11646/4/6 11671/4/6
f 11647/2/6 11648/2/6 11671/2/6
f 11648/4/6 11649/4/6 11672/4/6
f 11671/2/6 11648/2/6 11672/2/6
f 11649/1/6 11620/1/6 11673/1/6
f 11672/4/6 11649/4/6 11673/4/6
f 11620/2/6 11650/2/6 11674/2/6
f 11673/1/6 11620/1/6 11674/1/6
f 11650/4/6 11651/4/6 11675/4/6
f 11674/2/6 11650/2/6 11675/2/6
f 11651/1/6 11622/1/6 11676/1/6
f 11675/4/6 11651/4/6 11676/4/6
f 11622/2/6 11623/2/6 11677/2/6
f 11676/1/6 11622/1/6 11677/1/6
f 11623/4/6 11624/4/6 11678/4/6
f 11677/2/6 11623/2/6 11678/2/6
f 11624/1/6 11625/1/6 11679/1/6
f 11678/4/6 11624/4/6 11679/4/6
f 11625/2/6 11652/2/6 11680/2/6
f 11652/4/6 11653/4/6 11680/4/6
f 11680/4/6 11653/4/6 11681/4/6
f 11654/1/6 11655/1/6 11682/1/6
f 11655/2/6 11656/2/6 11683/2/6
f 11682/1/6 11655/1/6 11683/1/6
f 11656/2/6 11657/2/6 11683/2/6
f 11657/2/6 11658/2/6 11683/2/6
f 11683/2/6 11658/2/6 11684/2/6
f 11658/1/6 11659/1/6 11685/1/6
f 11684/2/6 11658/2/6 11685/2/6
f 11659/2/6 11660/2/6 11686/2/6
f 11685/1/6 11659/1/6 11686/1/6
f 11660/2/6 11661/2/6 11686/2/6
f 11686/2/6 11661/2/6 11687/2/6
f 11661/2/6 11634/2/6 11688/2/6
f 11687/2/6 11661/2/6 11688/2/6
f 11662/2/6 11663/2/6 11689/2/6
f 11663/2/6 11664/2/6 11689/2/6
f 11664/2/6 11665/2/6 11689/2/6
f 11689/2/6 11665/2/6 11690/2/6
f 11665/1/6 11666/1/6 11691/1/6
f 11690/2/6 11665/2/6 11691/2/6
f 11667/2/6 11668/2/6 11692/2/6
f 11691/1/6 11666/1/6 11692/1/6
f 11666/2/6 11667/2/6 11692/2/6
f 11668/2/6 11669/2/6 11692/2/6
f 11692/2/6 11669/2/6 11693/2/6
f 11693/2/6 11669/2/6 11694/2/6
f 11669/2/6 11644/2/6 11695/2/6
f 11694/2/6 11669/2/6 11695/2/6
f 11674/1/6 11675/1/6 11696/1/6
f 11671/1/6 11672/1/6 11696/1/6
f 11670/1/6 11671/1/6 11696/1/6
f 11675/1/6 11676/1/6 11696/1/6
f 11672/1/6 11673/1/6 11696/1/6
f 11673/1/6 11674/1/6 11696/1/6
f 11696/1/6 11676/1/6 11697/1/6
f 11697/1/6 11676/1/6 11698/1/6
f 11698/1/6 11676/1/6 11699/1/6
f 11699/1/6 11676/1/6 11700/1/6
f 11700/1/6 11676/1/6 11701/1/6
f 11701/1/6 11676/1/6 11702/1/6
f 11702/1/6 11676/1/6 11703/1/6
f 11676/2/6 11677/2/6 11704/2/6
f 11703/1/6 11676/1/6 11704/1/6
f 11677/4/6 11678/4/6 11705/4/6
f 11704/2/6 11677/2/6 11705/2/6
f 11678/1/6 11679/1/6 11706/1/6
f 11705/4/6 11678/4/6 11706/4/6
f 11679/1/6 11625/1/6 11707/1/6
f 11706/1/6 11679/1/6 11707/1/6
f 11625/2/6 11680/2/6 11708/2/6
f 11707/1/6 11625/1/6 11708/1/6
f 11680/1/6 11681/1/6 11709/1/6
f 11708/2/6 11680/2/6 11709/2/6
f 11709/1/6 11681/1/6 11710/1/6
f 11682/2/6 11683/2/6 11711/2/6
f 11683/4/6 11684/4/6 11711/4/6
f 11684/2/6 11685/2/6 11712/2/6
f 11711/4/6 11684/4/6 11712/4/6
f 11686/2/6 11687/2/6 11712/2/6
f 11685/2/6 11686/2/6 11712/2/6
f 11712/2/6 11687/2/6 11713/2/6
f 11687/4/6 11688/4/6 11714/4/6
f 11713/2/6 11687/2/6 11714/2/6
f 11714/4/6 11688/4/6 11715/4/6
f 11689/1/6 11690/1/6 11716/1/6
f 11690/2/6 11691/2/6 11716/2/6
f 11691/2/6 11692/2/6 11716/2/6
f 11716/2/6 11692/2/6 11717/2/6
f 11692/4/6 11693/4/6 11718/4/6
f 11717/2/6 11692/2/6 11718/2/6
f 11693/2/6 11694/2/6 11719/2/6
f 11718/4/6 11693/4/6 11719/4/6
f 11694/4/6 11695/4/6 11720/4/6
f 11719/2/6 11694/2/6 11720/2/6
f 11720/4/6 11695/4/6 11721/4/6
f 11696/2/6 11697/2/6 11722/2/6
f 11697/4/6 11698/4/6 11722/4/6
f 11698/1/6 11699/1/6 11723/1/6
f 11722/4/6 11698/4/6 11723/4/6
f 11699/2/6 11700/2/6 11724/2/6
f 11700/4/6 11701/4/6 11724/4/6
f 11701/1/6 11702/1/6 11725/1/6
f 11724/4/6 11701/4/6 11725/4/6
f 11702/4/6 11703/4/6 11726/4/6
f 11725/1/6 11702/1/6 11726/1/6
f 11703/2/6 11704/2/6 11727/2/6
f 11726/4/6 11703/4/6 11727/4/6
f 11705/2/6 11706/2/6 11727/2/6
f 11704/2/6 11705/2/6 11727/2/6
f 11727/2/6 11706/2/6 11728/2/6
f 11706/4/6 11707/4/6 11729/4/6
f 11728/2/6 11706/2/6 11729/2/6
f 11707/1/6 11708/1/6 11730/1/6
f 11729/4/6 11707/4/6 11730/4/6
f 11708/4/6 11709/4/6 11731/4/6
f 11730/1/6 11708/1/6 11731/1/6
f 11709/2/6 11710/2/6 11732/2/6
f 11731/4/6 11709/4/6 11732/4/6
f 11682/2/6 11711/2/6 11733/2/6
f 11711/1/6 11712/1/6 11733/1/6
f 11712/4/6 11713/4/6 11734/4/6
f 11733/1/6 11712/1/6 11734/1/6
f 11714/1/6 11715/1/6 11735/1/6
f 11734/4/6 11713/4/6 11735/4/6
f 11713/1/6 11714/1/6 11735/1/6
f 11735/1/6 11715/1/6 11736/1/6
f 11736/1/6 11715/1/6 11737/1/6
f 11737/1/6 11715/1/6 11738/1/6
f 11716/4/6 11717/4/6 11739/4/6
f 11689/1/6 11716/1/6 11739/1/6
f 11718/1/6 11719/1/6 11740/1/6
f 11739/4/6 11717/4/6 11740/4/6
f 11717/1/6 11718/1/6 11740/1/6
f 11720/1/6 11721/1/6 11740/1/6
f 11719/1/6 11720/1/6 11740/1/6
f 11740/1/6 11721/1/6 11741/1/6
f 11741/1/6 11721/1/6 11742/1/6
f 11742/1/6 11721/1/6 11743/1/6
f 11743/1/6 11721/1/6 11744/1/6
f 11722/2/6 11723/2/6 11745/2/6
f 11723/1/6 11699/1/6 11745/1/6
f 11699/2/6 11724/2/6 11746/2/6
f 11745/1/6 11699/1/6 11746/1/6
f 11724/2/6 11725/2/6 11746/2/6
f 11746/2/6 11725/2/6 11747/2/6
f 11747/2/6 11725/2/6 11748/2/6
f 11725/1/6 11726/1/6 11749/1/6
f 11748/2/6 11725/2/6 11749/2/6
f 11726/1/6 11727/1/6 11749/1/6
f 11727/1/6 11728/1/6 11749/1/6
f 11749/1/6 11728/1/6 11750/1/6
f 11728/2/6 11729/2/6 11751/2/6
f 11750/1/6 11728/1/6 11751/1/6
f 11729/2/6 11730/2/6 11751/2/6
f 11730/2/6 11731/2/6 11751/2/6
f 11751/2/6 11731/2/6 11752/2/6
f 11752/2/6 11731/2/6 11753/2/6
f 11753/2/6 11731/2/6 11754/2/6
f 11731/1/6 11732/1/6 11755/1/6
f 11754/2/6 11731/2/6 11755/2/6
f 11732/2/6 11710/2/6 11756/2/6
f 11755/1/6 11732/1/6 11756/1/6
f 11682/2/6 11733/2/6 11757/2/6
f 11757/2/6 11733/2/6 11758/2/6
f 11735/4/6 11736/4/6 11759/4/6
f 11734/2/6 11735/2/6 11759/2/6
f 11736/1/6 11737/1/6 11760/1/6
f 11759/4/6 11736/4/6 11760/4/6
f 11737/2/6 11738/2/6 11761/2/6
f 11760/1/6 11737/1/6 11761/1/6
f 11761/2/6 11738/2/6 11762/2/6
f 11740/4/6 11741/4/6 11763/4/6
f 11739/2/6 11740/2/6 11763/2/6
f 11741/2/6 11742/2/6 11764/2/6
f 11763/4/6 11741/4/6 11764/4/6
f 11742/4/6 11743/4/6 11765/4/6
f 11764/2/6 11742/2/6 11765/2/6
f 11743/2/6 11744/2/6 11766/2/6
f 11765/4/6 11743/4/6 11766/4/6
f 11766/2/6 11744/2/6 11767/2/6
f 11722/2/6 11745/2/6 11768/2/6
f 11745/2/6 11746/2/6 11768/2/6
f 11696/2/6 11722/2/6 11768/2/6
f 11768/2/6 11746/2/6 11769/2/6
f 11746/4/6 11747/4/6 11770/4/6
f 11769/2/6 11746/2/6 11770/2/6
f 11747/1/6 11748/1/6 11771/1/6
f 11770/4/6 11747/4/6 11771/4/6
f 11749/2/6 11750/2/6 11772/2/6
f 11771/1/6 11748/1/6 11772/1/6
f 11748/2/6 11749/2/6 11772/2/6
f 11772/2/6 11750/2/6 11773/2/6
f 11773/2/6 11750/2/6 11774/2/6
f 11750/4/6 11751/4/6 11775/4/6
f 11751/1/6 11752/1/6 11775/1/6
f 11752/2/6 11753/2/6 11776/2/6
f 11775/1/6 11752/1/6 11776/1/6
f 11753/4/6 11754/4/6 11777/4/6
f 11776/2/6 11753/2/6 11777/2/6
f 11754/1/6 11755/1/6 11778/1/6
f 11777/4/6 11754/4/6 11778/4/6
f 11755/4/6 11756/4/6 11779/4/6
f 11778/1/6 11755/1/6 11779/1/6
f 11756/2/6 11710/2/6 11780/2/6
f 11779/4/6 11756/4/6 11780/4/6
f 11780/2/6 11710/2/6 11781/2/6
f 11757/4/6 11758/4/6 11782/4/6
f 11758/2/6 11733/2/6 11783/2/6
f 11782/4/6 11758/4/6 11783/4/6
f 11733/4/6 11734/4/6 11784/4/6
f 11783/2/6 11733/2/6 11784/2/6
f 11734/2/6 11759/2/6 11785/2/6
f 11784/4/6 11734/4/6 11785/4/6
f 11759/1/6 11760/1/6 11786/1/6
f 11785/2/6 11759/2/6 11786/2/6
f 11761/1/6 11762/1/6 11786/1/6
f 11760/1/6 11761/1/6 11786/1/6
f 11762/2/6 11738/2/6 11787/2/6
f 11786/1/6 11762/1/6 11787/1/6
f 11787/2/6 11738/2/6 11788/2/6
f 11689/1/6 11739/1/6 11789/1/6
f 11739/2/6 11763/2/6 11790/2/6
f 11789/1/6 11739/1/6 11790/1/6
f 11763/1/6 11764/1/6 11791/1/6
f 11790/2/6 11763/2/6 11791/2/6
f 11764/2/6 11765/2/6 11792/2/6
f 11791/1/6 11764/1/6 11792/1/6
f 11766/1/6 11767/1/6 11793/1/6
f 11792/2/6 11765/2/6 11793/2/6
f 11765/1/6 11766/1/6 11793/1/6
f 11767/2/6 11744/2/6 11794/2/6
f 11793/1/6 11767/1/6 11794/1/6
f 11794/2/6 11744/2/6 11795/2/6
f 11768/1/6 11769/1/6 11796/1/6
f 11769/4/6 11770/4/6 11797/4/6
f 11796/1/6 11769/1/6 11797/1/6
f 11770/2/6 11771/2/6 11798/2/6
f 11797/4/6 11770/4/6 11798/4/6
f 11771/2/6 11772/2/6 11798/2/6
f 11772/4/6 11773/4/6 11799/4/6
f 11798/2/6 11772/2/6 11799/2/6
f 11773/1/6 11774/1/6 11800/1/6
f 11799/4/6 11773/4/6 11800/4/6
f 11774/2/6 11750/2/6 11801/2/6
f 11800/1/6 11774/1/6 11801/1/6
f 11775/4/6 11776/4/6 11802/4/6
f 11801/2/6 11750/2/6 11802/2/6
f 11750/4/6 11775/4/6 11802/4/6
f 11776/1/6 11777/1/6 11803/1/6
f 11802/4/6 11776/4/6 11803/4/6
f 11778/2/6 11779/2/6 11804/2/6
f 11803/1/6 11777/1/6 11804/1/6
f 11777/2/6 11778/2/6 11804/2/6
f 11779/2/6 11780/2/6 11804/2/6
f 11780/4/6 11781/4/6 11805/4/6
f 11804/2/6 11780/2/6 11805/2/6
f 11805/4/6 11781/4/6 11806/4/6
f 11807/2/6 11808/2/6 11827/2/6
f 11808/4/6 11809/4/6 11827/4/6
f 11809/1/6 11810/1/6 11828/1/6
f 11827/4/6 11809/4/6 11828/4/6
f 11828/1/6 11810/1/6 11829/1/6
f 11810/2/6 11811/2/6 11830/2/6
f 11829/1/6 11810/1/6 11830/1/6
f 11811/4/6 11812/4/6 11831/4/6
f 11830/2/6 11811/2/6 11831/2/6
f 11812/1/6 11813/1/6 11832/1/6
f 11831/4/6 11812/4/6 11832/4/6
f 11832/1/6 11813/1/6 11833/1/6
f 11813/2/6 11814/2/6 11834/2/6
f 11833/1/6 11813/1/6 11834/1/6
f 11814/1/6 11815/1/6 11835/1/6
f 11834/2/6 11814/2/6 11835/2/6
f 11835/1/6 11815/1/6 11836/1/6
f 11836/1/6 11815/1/6 11837/1/6
f 11837/1/6 11815/1/6 11838/1/6
f 11815/2/6 11816/2/6 11839/2/6
f 11838/1/6 11815/1/6 11839/1/6
f 11817/1/6 11818/1/6 11840/1/6
f 11818/2/6 11819/2/6 11841/2/6
f 11840/1/6 11818/1/6 11841/1/6
f 11819/1/6 11820/1/6 11842/1/6
f 11820/2/6 11821/2/6 11843/2/6
f 11842/1/6 11820/1/6 11843/1/6
f 11821/1/6 11822/1/6 11844/1/6
f 11843/2/6 11821/2/6 11844/2/6
f 11844/1/6 11822/1/6 11845/1/6
f 11845/1/6 11822/1/6 11846/1/6
f 11846/1/6 11822/1/6 11847/1/6
f 11823/2/6 11824/2/6 11848/2/6
f 11824/1/6 11825/1/6 11849/1/6
f 11848/2/6 11824/2/6 11849/2/6
f 11849/1/6 11825/1/6 11850/1/6
f 11850/1/6 11825/1/6 11851/1/6
f 11851/1/6 11825/1/6 11852/1/6
f 11852/1/6 11825/1/6 11853/1/6
f 11853/1/6 11825/1/6 11854/1/6
f 11854/1/6 11825/1/6 11855/1/6
f 11807/2/6 11827/2/6 11856/2/6
f 11828/1/6 11829/1/6 11856/1/6
f 11827/1/6 11828/1/6 11856/1/6
f 11856/1/6 11829/1/6 11857/1/6
f 11857/1/6 11829/1/6 11858/1/6
f 11829/2/6 11830/2/6 11859/2/6
f 11858/1/6 11829/1/6 11859/1/6
f 11830/2/6 11831/2/6 11859/2/6
f 11831/2/6 11832/2/6 11859/2/6
f 11859/2/6 11832/2/6 11860/2/6
f 11832/1/6 11833/1/6 11861/1/6
f 11833/2/6 11834/2/6 11861/2/6
f 11834/2/6 11835/2/6 11861/2/6
f 11835/2/6 11836/2/6 11861/2/6
f 11861/2/6 11836/2/6 11862/2/6
f 11836/4/6 11837/4/6 11863/4/6
f 11862/2/6 11836/2/6 11863/2/6
f 11837/1/6 11838/1/6 11864/1/6
f 11863/4/6 11837/4/6 11864/4/6
f 11838/2/6 11839/2/6 11865/2/6
f 11864/1/6 11838/1/6 11865/1/6
f 11839/2/6 11816/2/6 11866/2/6
f 11865/2/6 11839/2/6 11866/2/6
f 11817/1/6 11840/1/6 11867/1/6
f 11840/2/6 11841/2/6 11867/2/6
f 11841/2/6 11819/2/6 11868/2/6
f 11867/2/6 11841/2/6 11868/2/6
f 11819/1/6 11842/1/6 11869/1/6
f 11842/2/6 11843/2/6 11869/2/6
f 11843/2/6 11844/2/6 11869/2/6
f 11844/2/6 11845/2/6 11869/2/6
f 11869/2/6 11845/2/6 11870/2/6
f 11846/2/6 11847/2/6 11871/2/6
f 11845/1/6 11846/1/6 11871/1/6
f 11871/2/6 11847/2/6 11872/2/6
f 11848/1/6 11849/1/6 11873/1/6
f 11849/4/6 11850/4/6 11874/4/6
f 11873/1/6 11849/1/6 11874/1/6
f 11850/1/6 11851/1/6 11875/1/6
f 11874/4/6 11850/4/6 11875/4/6
f 11851/4/6 11852/4/6 11876/4/6
f 11875/1/6 11851/1/6 11876/1/6
f 11852/1/6 11853/1/6 11877/1/6
f 11876/4/6 11852/4/6 11877/4/6
f 11854/4/6 11855/4/6 11878/4/6
f 11853/2/6 11854/2/6 11878/2/6
f 11855/1/6 11825/1/6 11879/1/6
f 11878/4/6 11855/4/6 11879/4/6
f 11856/2/6 11857/2/6 11880/2/6
f 11807/2/6 11856/2/6 11880/2/6
f 11857/1/6 11858/1/6 11881/1/6
f 11880/2/6 11857/2/6 11881/2/6
f 11859/4/6 11860/4/6 11882/4/6
f 11881/1/6 11858/1/6 11882/1/6
f 11858/4/6 11859/4/6 11882/4/6
f 11860/2/6 11832/2/6 11883/2/6
f 11882/4/6 11860/4/6 11883/4/6
f 11832/1/6 11861/1/6 11884/1/6
f 11883/2/6 11832/2/6 11884/2/6
f 11861/4/6 11862/4/6 11885/4/6
f 11884/1/6 11861/1/6 11885/1/6
f 11885/4/6 11862/4/6 11886/4/6
f 11862/2/6 11863/2/6 11887/2/6
f 11886/4/6 11862/4/6 11887/4/6
f 11863/2/6 11864/2/6 11887/2/6
f 11887/2/6 11864/2/6 11888/2/6
f 11888/2/6 11864/2/6 11889/2/6
f 11864/1/6 11865/1/6 11890/1/6
f 11889/2/6 11864/2/6 11890/2/6
f 11865/4/6 11866/4/6 11891/4/6
f 11890/1/6 11865/1/6 11891/1/6
f 11891/4/6 11866/4/6 11892/4/6
f 11892/4/6 11866/4/6 11893/4/6
f 11893/4/6 11866/4/6 11894/4/6
f 11817/1/6 11867/1/6 11895/1/6
f 11867/4/6 11868/4/6 11895/4/6
f 11868/2/6 11819/2/6 11896/2/6
f 11895/4/6 11868/4/6 11896/4/6
f 11819/1/6 11869/1/6 11897/1/6
f 11896/2/6 11819/2/6 11897/2/6
f 11870/2/6 11845/2/6 11898/2/6
f 11869/4/6 11870/4/6 11898/4/6
f 11898/2/6 11845/2/6 11899/2/6
f 11845/1/6 11871/1/6 11900/1/6
f 11899/2/6 11845/2/6 11900/2/6
f 11871/4/6 11872/4/6 11901/4/6
f 11900/1/6 11871/1/6 11901/1/6
f 11901/4/6 11872/4/6 11902/4/6
f 11876/2/6 11877/2/6 11903/2/6
f 11875/2/6 11876/2/6 11903/2/6
f 11874/2/6 11875/2/6 11903/2/6
f 11873/2/6 11874/2/6 11903/2/6
f 11903/2/6 11877/2/6 11904/2/6
f 11904/2/6 11877/2/6 11905/2/6
f 11905/2/6 11877/2/6 11906/2/6
f 11906/2/6 11877/2/6 11907/2/6
f 11853/2/6 11878/2/6 11908/2/6
f 11877/1/6 11853/1/6 11908/1/6
f 11878/2/6 11879/2/6 11908/2/6
f 11879/1/6 11825/1/6 11909/1/6
f 11908/2/6 11879/2/6 11909/2/6
f 11825/2/6 11826/2/6 11910/2/6
f 11909/1/6 11825/1/6 11910/1/6
f 11910/2/6 11826/2/6 11911/2/6
f 11881/1/6 11882/1/6 11912/1/6
f 11880/1/6 11881/1/6 11912/1/6
f 11885/1/6 11886/1/6 11912/1/6
f 11883/1/6 11884/1/6 11912/1/6
f 11884/1/6 11885/1/6 11912/1/6
f 11882/1/6 11883/1/6 11912/1/6
f 11912/1/6 11886/1/6 11913/1/6
f 11913/1/6 11886/1/6 11914/1/6
f 11914/1/6 11886/1/6 11915/1/6
f 11886/4/6 11887/4/6 11916/4/6
f 11915/1/6 11886/1/6 11916/1/6
f 11887/4/6 11888/4/6 11916/4/6
f 11888/2/6 11889/2/6 11917/2/6
f 11916/4/6 11888/4/6 11917/4/6
f 11889/1/6 11890/1/6 11918/1/6
f 11917/2/6 11889/2/6 11918/2/6
f 11891/1/6 11892/1/6 11918/1/6
f 11890/1/6 11891/1/6 11918/1/6
f 11892/4/6 11893/4/6 11919/4/6
f 11918/1/6 11892/1/6 11919/1/6
f 11893/1/6 11894/1/6 11920/1/6
f 11919/4/6 11893/4/6 11920/4/6
f 11920/1/6 11894/1/6 11921/1/6
f 11817/1/6 11895/1/6 11922/1/6
f 11896/1/6 11897/1/6 11922/1/6
f 11895/1/6 11896/1/6 11922/1/6
f 11897/1/6 11869/1/6 11923/1/6
f 11922/1/6 11897/1/6 11923/1/6
f 11898/4/6 11899/4/6 11923/4/6
f 11869/4/6 11898/4/6 11923/4/6
f 11901/1/6 11902/1/6 11924/1/6
f 11923/4/6 11899/4/6 11924/4/6
f 11900/1/6 11901/1/6 11924/1/6
f 11899/1/6 11900/1/6 11924/1/6
f 11924/1/6 11902/1/6 11925/1/6
f 11904/2/6 11905/2/6 11926/2/6
f 11903/1/6 11904/1/6 11926/1/6
f 11905/1/6 11906/1/6 11927/1/6
f 11926/2/6 11905/2/6 11927/2/6
f 11906/4/6 11907/4/6 11928/4/6
f 11927/1/6 11906/1/6 11928/1/6
f 11907/2/6 11877/2/6 11929/2/6
f 11928/4/6 11907/4/6 11929/4/6
f 11908/1/6 11909/1/6 11930/1/6
f 11929/2/6 11877/2/6 11930/2/6
f 11877/1/6 11908/1/6 11930/1/6
f 11910/1/6 11911/1/6 11930/1/6
f 11909/1/6 11910/1/6 11930/1/6
f 11930/1/6 11911/1/6 11931/1/6
f 11931/1/6 11911/1/6 11932/1/6
f 11932/1/6 11911/1/6 11933/1/6
f 11933/1/6 11911/1/6 11934/1/6
f 11912/3/6 11913/3/6 11935/3/6
f 11913/1/6 11914/1/6 11936/1/6
f 11935/3/6 11913/3/6 11936/3/6
f 11914/2/6 11915/2/6 11937/2/6
f 11936/1/6 11914/1/6 11937/1/6
f 11937/2/6 11915/2/6 11938/2/6
f 11938/2/6 11915/2/6 11939/2/6
f 11915/1/6 11916/1/6 11940/1/6
f 11939/2/6 11915/2/6 11940/2/6
f 11916/1/6 11917/1/6 11940/1/6
f 11917/1/6 11918/1/6 11940/1/6
f 11940/1/6 11918/1/6 11941/1/6
f 11941/1/6 11918/1/6 11942/1/6
f 11918/2/6 11919/2/6 11943/2/6
f 11942/1/6 11918/1/6 11943/1/6
f 11943/2/6 11919/2/6 11944/2/6
f 11919/1/6 11920/1/6 11945/1/6
f 11920/2/6 11921/2/6 11945/2/6
f 11945/2/6 11921/2/6 11946/2/6
f 11922/2/6 11923/2/6 11947/2/6
f 11947/2/6 11923/2/6 11948/2/6
f 11923/1/6 11924/1/6 11949/1/6
f 11948/2/6 11923/2/6 11949/2/6
f 11949/1/6 11924/1/6 11950/1/6
f 11924/2/6 11925/2/6 11951/2/6
f 11950/1/6 11924/1/6 11951/1/6
f 11951/2/6 11925/2/6 11952/2/6
f 11952/2/6 11925/2/6 11953/2/6
f 11953/2/6 11925/2/6 11954/2/6
f 11928/1/6 11929/1/6 11955/1/6
f 11927/1/6 11928/1/6 11955/1/6
f 11926/1/6 11927/1/6 11955/1/6
f 11903/1/6 11926/1/6 11955/1/6
f 11929/1/6 11930/1/6 11955/1/6
f 11955/1/6 11930/1/6 11956/1/6
f 11956/1/6 11930/1/6 11957/1/6
f 11957/1/6 11930/1/6 11958/1/6
f 11958/1/6 11930/1/6 11959/1/6
f 11930/2/6 11931/2/6 11960/2/6
f 11959/1/6 11930/1/6 11960/1/6
f 11931/4/6 11932/4/6 11961/4/6
f 11960/2/6 11931/2/6 11961/2/6
f 11932/1/6 11933/1/6 11962/1/6
f 11961/4/6 11932/4/6 11962/4/6
f 11933/3/6 11934/3/6 11963/3/6
f 11962/1/6 11933/1/6 11963/1/6
f 11963/3/6 11934/3/6 11964/3/6
f 11935/1/6 11936/1/6 11965/1/6
f 11936/4/6 11937/4/6 11966/4/6
f 11965/1/6 11936/1/6 11966/1/6
f 11937/1/6 11938/1/6 11967/1/6
f 11966/4/6 11937/4/6 11967/4/6
f 11941/4/6 11942/4/6 11968/4/6
f 11939/2/6 11940/2/6 11968/2/6
f 11940/2/6 11941/2/6 11968/2/6
f 11942/1/6 11943/1/6 11969/1/6
f 11968/4/6 11942/4/6 11969/4/6
f 11944/2/6 11919/2/6 11970/2/6
f 11919/1/6 11945/1/6 11971/1/6
f 11970/2/6 11919/2/6 11971/2/6
f 11946/2/6 11921/2/6 11972/2/6
f 11945/4/6 11946/4/6 11972/4/6
f 11972/2/6 11921/2/6 11973/2/6
f 11951/4/6 11952/4/6 11974/4/6
f 11950/4/6 11951/4/6 11974/4/6
f 11949/2/6 11950/2/6 11974/2/6
f 11948/2/6 11949/2/6 11974/2/6
f 11974/4/6 11952/4/6 11975/4/6
f 11952/2/6 11953/2/6 11976/2/6
f 11953/4/6 11954/4/6 11977/4/6
f 11976/2/6 11953/2/6 11977/2/6
f 11955/4/6 11956/4/6 11978/4/6
f 11956/1/6 11957/1/6 11979/1/6
f 11978/4/6 11956/4/6 11979/4/6
f 11958/4/6 11959/4/6 11980/4/6
f 11959/2/6 11960/2/6 11980/2/6
f 11960/2/6 11961/2/6 11980/2/6
f 11961/2/6 11962/2/6 11980/2/6
f 11980/2/6 11962/2/6 11981/2/6
f 11962/1/6 11963/1/6 11982/1/6
f 11963/1/6 11964/1/6 11982/1/6
f 11982/1/6 11964/1/6 11983/1/6
f 11965/3/6 11966/3/6 11984/3/6
f 11966/2/6 11967/2/6 11985/2/6
f 11984/3/6 11966/3/6 11985/3/6
f 11938/4/6 11939/4/6 11986/4/6
f 11967/1/6 11938/1/6 11986/1/6
f 11968/2/6 11969/2/6 11987/2/6
f 11986/4/6 11939/4/6 11987/4/6
f 11939/2/6 11968/2/6 11987/2/6
f 11987/2/6 11969/2/6 11988/2/6
f 11988/2/6 11969/2/6 11989/2/6
f 11969/1/6 11943/1/6 11990/1/6
f 11989/2/6 11969/2/6 11990/2/6
f 11943/4/6 11944/4/6 11991/4/6
f 11990/1/6 11943/1/6 11991/1/6
f 11944/2/6 11970/2/6 11992/2/6
f 11991/4/6 11944/4/6 11992/4/6
f 11970/4/6 11971/4/6 11993/4/6
f 11992/2/6 11970/2/6 11993/2/6
f 11971/1/6 11945/1/6 11994/1/6
f 11993/4/6 11971/4/6 11994/4/6
f 11972/4/6 11973/4/6 11995/4/6
f 11994/1/6 11945/1/6 11995/1/6
f 11945/4/6 11972/4/6 11995/4/6
f 11995/4/6 11973/4/6 11996/4/6
f 11947/1/6 11948/1/6 11997/1/6
f 11974/2/6 11975/2/6 11997/2/6
f 11948/2/6 11974/2/6 11997/2/6
f 11997/2/6 11975/2/6 11998/2/6
f 11975/4/6 11952/4/6 11999/4/6
f 11998/2/6 11975/2/6 11999/2/6
f 11952/2/6 11976/2/6 12000/2/6
f 11999/4/6 11952/4/6 12000/4/6
f 11976/4/6 11977/4/6 12001/4/6
f 12000/2/6 11976/2/6 12001/2/6
f 11977/4/6 11954/4/6 12002/4/6
f 12001/4/6 11977/4/6 12002/4/6
f 11980/4/6 11981/4/6 12003/4/6
f 11957/2/6 11958/2/6 12003/2/6
f 11958/4/6 11980/4/6 12003/4/6
f 12003/4/6 11981/4/6 12004/4/6
f 11981/2/6 11962/2/6 12005/2/6
f 12004/4/6 11981/4/6 12005/4/6
f 12005/2/6 11962/2/6 12006/2/6
f 11962/1/6 11982/1/6 12007/1/6
f 12006/2/6 11962/2/6 12007/2/6
f 11982/3/6 11983/3/6 12008/3/6
f 12007/1/6 11982/1/6 12008/1/6
f 12008/3/6 11983/3/6 12009/3/6
f 11984/1/6 11985/1/6 12010/1/6
f 11985/2/6 11967/2/6 12011/2/6
f 12010/1/6 11985/1/6 12011/1/6
f 11967/1/6 11986/1/6 12012/1/6
f 12011/2/6 11967/2/6 12012/2/6
f 11986/1/6 11987/1/6 12012/1/6
f 11987/4/6 11988/4/6 12013/4/6
f 12012/1/6 11987/1/6 12013/1/6
f 11988/2/6 11989/2/6 12014/2/6
f 12013/4/6 11988/4/6 12014/4/6
f 11993/1/6 11994/1/6 12015/1/6
f 12014/2/6 11989/2/6 12015/2/6
f 11989/1/6 11990/1/6 12015/1/6
f 11992/1/6 11993/1/6 12015/1/6
f 11995/1/6 11996/1/6 12015/1/6
f 11994/1/6 11995/1/6 12015/1/6
f 11990/1/6 11991/1/6 12015/1/6
f 11991/1/6 11992/1/6 12015/1/6
f 12015/1/6 11996/1/6 12016/1/6
f 12016/1/6 11996/1/6 12017/1/6
f 12017/1/6 11996/1/6 12018/1/6
f 12018/1/6 11996/1/6 12019/1/6
f 12019/1/6 11996/1/6 12020/1/6
f 12020/1/6 11996/1/6 12021/1/6
f 11997/4/6 11998/4/6 12022/4/6
f 11947/1/6 11997/1/6 12022/1/6
f 11998/1/6 11999/1/6 12023/1/6
f 12022/4/6 11998/4/6 12023/4/6
f 11999/1/6 12000/1/6 12023/1/6
f 12001/1/6 12002/1/6 12023/1/6
f 12000/1/6 12001/1/6 12023/1/6
f 12023/1/6 12002/1/6 12024/1/6
f 12024/1/6 12002/1/6 12025/1/6
f 12025/1/6 12002/1/6 12026/1/6
f 12026/1/6 12002/1/6 12027/1/6
f 12027/1/6 12002/1/6 12028/1/6
f 12028/1/6 12002/1/6 12029/1/6
f 11978/2/6 11979/2/6 12030/2/6
f 11979/1/6 11957/1/6 12031/1/6
f 12030/2/6 11979/2/6 12031/2/6
f 11957/2/6 12003/2/6 12032/2/6
f 12031/1/6 11957/1/6 12032/1/6
f 12003/2/6 12004/2/6 12032/2/6
f 12004/1/6 12005/1/6 12033/1/6
f 12032/2/6 12004/2/6 12033/2/6
f 12005/1/6 12006/1/6 12033/1/6
f 12033/1/6 12006/1/6 12034/1/6
f 12007/2/6 12008/2/6 12035/2/6
f 12034/1/6 12006/1/6 12035/1/6
f 12006/2/6 12007/2/6 12035/2/6
f 12008/1/6 12009/1/6 12036/1/6
f 12035/2/6 12008/2/6 12036/2/6
f 12036/1/6 12009/1/6 12037/1/6
f 12010/4/6 12011/4/6 12038/4/6
f 12013/1/6 12014/1/6 12039/1/6
f 12038/4/6 12011/4/6 12039/4/6
f 12012/1/6 12013/1/6 12039/1/6
f 12011/1/6 12012/1/6 12039/1/6
f 12014/1/6 12015/1/6 12039/1/6
f 12015/1/6 12016/1/6 12039/1/6
f 12039/1/6 12016/1/6 12040/1/6
f 12040/1/6 12016/1/6 12041/1/6
f 12041/1/6 12016/1/6 12042/1/6
f 12042/1/6 12016/1/6 12043/1/6
f 12043/1/6 12016/1/6 12044/1/6
f 12016/2/6 12017/2/6 12045/2/6
f 12044/1/6 12016/1/6 12045/1/6
f 12017/4/6 12018/4/6 12046/4/6
f 12045/2/6 12017/2/6 12046/2/6
f 12018/1/6 12019/1/6 12047/1/6
f 12046/4/6 12018/4/6 12047/4/6
f 12047/1/6 12019/1/6 12048/1/6
f 12019/2/6 12020/2/6 12049/2/6
f 12048/1/6 12019/1/6 12049/1/6
f 12020/4/6 12021/4/6 12050/4/6
f 12049/2/6 12020/2/6 12050/2/6
f 12021/1/6 11996/1/6 12051/1/6
f 12050/4/6 12021/4/6 12051/4/6
f 12051/1/6 11996/1/6 12052/1/6
f 11947/1/6 12022/1/6 12053/1/6
f 12022/1/6 12023/1/6 12053/1/6
f 12023/1/6 12024/1/6 12053/1/6
f 12053/1/6 12024/1/6 12054/1/6
f 12024/2/6 12025/2/6 12055/2/6
f 12054/1/6 12024/1/6 12055/1/6
f 12025/4/6 12026/4/6 12056/4/6
f 12055/2/6 12025/2/6 12056/2/6
f 12026/1/6 12027/1/6 12057/1/6
f 12056/4/6 12026/4/6 12057/4/6
f 12027/2/6 12028/2/6 12058/2/6
f 12057/1/6 12027/1/6 12058/1/6
f 12028/4/6 12029/4/6 12059/4/6
f 12058/2/6 12028/2/6 12059/2/6
f 12059/4/6 12029/4/6 12060/4/6
f 12030/1/6 12031/1/6 12061/1/6
f 12031/4/6 12032/4/6 12062/4/6
f 12061/1/6 12031/1/6 12062/1/6
f 12032/1/6 12033/1/6 12063/1/6
f 12062/4/6 12032/4/6 12063/4/6
f 12063/1/6 12033/1/6 12064/1/6
f 12033/4/6 12034/4/6 12065/4/6
f 12064/1/6 12033/1/6 12065/1/6
f 12035/1/6 12036/1/6 12066/1/6
f 12065/4/6 12034/4/6 12066/4/6
f 12034/1/6 12035/1/6 12066/1/6
f 12066/1/6 12036/1/6 12067/1/6
f 12067/1/6 12036/1/6 12068/1/6
f 12036/4/6 12037/4/6 12069/4/6
f 12068/1/6 12036/1/6 12069/1/6
f 12069/4/6 12037/4/6 12070/4/6
f 12040/1/6 12041/1/6 12071/1/6
f 12041/4/6 12042/4/6 12071/4/6
f 12042/2/6 12043/2/6 12072/2/6
f 12071/4/6 12042/4/6 12072/4/6
f 12072/2/6 12043/2/6 12073/2/6
f 12045/2/6 12046/2/6 12074/2/6
f 12044/4/6 12045/4/6 12074/4/6
f 12046/2/6 12047/2/6 12074/2/6
f 12074/2/6 12047/2/6 12075/2/6
f 12047/1/6 12048/1/6 12076/1/6
f 12075/2/6 12047/2/6 12076/2/6
f 12049/2/6 12050/2/6 12077/2/6
f 12048/4/6 12049/4/6 12077/4/6
f 12050/2/6 12051/2/6 12077/2/6
f 12077/2/6 12051/2/6 12078/2/6
f 12051/4/6 12052/4/6 12079/4/6
f 12078/2/6 12051/2/6 12079/2/6
f 12079/4/6 12052/4/6 12080/4/6
f 12053/2/6 12054/2/6 12081/2/6
f 11947/1/6 12053/1/6 12081/1/6
f 12081/2/6 12054/2/6 12082/2/6
f 12056/2/6 12057/2/6 12083/2/6
f 12055/2/6 12056/2/6 12083/2/6
f 12054/4/6 12055/4/6 12083/4/6
f 12083/2/6 12057/2/6 12084/2/6
f 12057/4/6 12058/4/6 12085/4/6
f 12084/2/6 12057/2/6 12085/2/6
f 12059/2/6 12060/2/6 12086/2/6
f 12085/4/6 12058/4/6 12086/4/6
f 12058/2/6 12059/2/6 12086/2/6
f 12086/2/6 12060/2/6 12087/2/6
f 12087/2/6 12060/2/6 12088/2/6
f 12064/2/6 12065/2/6 12089/2/6
f 12065/2/6 12066/2/6 12089/2/6
f 12066/4/6 12067/4/6 12089/4/6
f 12067/2/6 12068/2/6 12090/2/6
f 12089/4/6 12067/4/6 12090/4/6
f 12038/2/6 12039/2/6 12091/2/6
f 12039/2/6 12040/2/6 12091/2/6
f 12091/2/6 12040/2/6 12092/2/6
f 12072/4/6 12073/4/6 12093/4/6
f 12071/1/6 12072/1/6 12093/1/6
f 12073/2/6 12043/2/6 12094/2/6
f 12093/4/6 12073/4/6 12094/4/6
f 12043/1/6 12044/1/6 12095/1/6
f 12094/2/6 12043/2/6 12095/2/6
f 12074/4/6 12075/4/6 12096/4/6
f 12095/1/6 12044/1/6 12096/1/6
f 12044/4/6 12074/4/6 12096/4/6
f 12075/1/6 12076/1/6 12097/1/6
f 12096/4/6 12075/4/6 12097/4/6
f 12097/1/6 12076/1/6 12098/1/6
f 12077/4/6 12078/4/6 12099/4/6
f 12098/1/6 12076/1/6 12099/1/6
f 12076/1/6 12048/1/6 12099/1/6
f 12048/4/6 12077/4/6 12099/4/6
f 12099/4/6 12078/4/6 12100/4/6
f 12100/4/6 12078/4/6 12101/4/6
f 12079/1/6 12080/1/6 12102/1/6
f 12101/4/6 12078/4/6 12102/4/6
f 12078/1/6 12079/1/6 12102/1/6
f 12102/1/6 12080/1/6 12103/1/6
f 12081/4/6 12082/4/6 12104/4/6
f 11947/1/6 12081/1/6 12104/1/6
f 12082/2/6 12054/2/6 12105/2/6
f 12104/4/6 12082/4/6 12105/4/6
f 12083/4/6 12084/4/6 12106/4/6
f 12105/2/6 12054/2/6 12106/2/6
f 12054/4/6 12083/4/6 12106/4/6
f 12084/1/6 12085/1/6 12107/1/6
f 12106/4/6 12084/4/6 12107/4/6
f 12086/4/6 12087/4/6 12108/4/6
f 12107/1/6 12085/1/6 12108/1/6
f 12085/4/6 12086/4/6 12108/4/6
f 12108/4/6 12087/4/6 12109/4/6
f 12087/1/6 12088/1/6 12110/1/6
f 12109/4/6 12087/4/6 12110/4/6
f 12110/1/6 12088/1/6 12111/1/6
f 12061/2/6 12062/2/6 12112/2/6
f 12062/2/6 12063/2/6 12112/2/6
f 12063/1/6 12064/1/6 12113/1/6
f 12112/2/6 12063/2/6 12113/2/6
f 12064/2/6 12089/2/6 12114/2/6
f 12113/1/6 12064/1/6 12114/1/6
f 12089/2/6 12090/2/6 12114/2/6
f 12114/2/6 12090/2/6 12115/2/6
f 12115/2/6 12090/2/6 12116/2/6
f 12090/2/6 12068/2/6 12117/2/6
f 12116/2/6 12090/2/6 12117/2/6
f 12117/2/6 12068/2/6 12118/2/6
f 12068/1/6 12069/1/6 12119/1/6
f 12118/2/6 12068/2/6 12119/2/6
f 12069/2/6 12070/2/6 12120/2/6
f 12119/1/6 12069/1/6 12120/1/6
f 12120/2/6 12070/2/6 12121/2/6
f 12091/3/6 12092/3/6 12122/3/6
f 12092/2/6 12040/2/6 12123/2/6
f 12122/3/6 12092/3/6 12123/3/6
f 12096/1/6 12097/1/6 12124/1/6
f 12123/2/6 12040/2/6 12124/2/6
f 12094/1/6 12095/1/6 12124/1/6
f 12071/1/6 12093/1/6 12124/1/6
f 12095/1/6 12096/1/6 12124/1/6
f 12093/1/6 12094/1/6 12124/1/6
f 12040/1/6 12071/1/6 12124/1/6
f 12097/2/6 12098/2/6 12125/2/6
f 12124/1/6 12097/1/6 12125/1/6
f 12099/1/6 12100/1/6 12126/1/6
f 12125/2/6 12098/2/6 12126/2/6
f 12098/1/6 12099/1/6 12126/1/6
f 12100/4/6 12101/4/6 12127/4/6
f 12126/1/6 12100/1/6 12127/1/6
f 12101/1/6 12102/1/6 12128/1/6
f 12127/4/6 12101/4/6 12128/4/6
f 12102/2/6 12103/2/6 12129/2/6
f 12128/1/6 12102/1/6 12129/1/6
f 12129/2/6 12103/2/6 12130/2/6
f 12108/1/6 12109/1/6 12131/1/6
f 12105/1/6 12106/1/6 12131/1/6
f 11947/1/6 12104/1/6 12131/1/6
f 12106/1/6 12107/1/6 12131/1/6
f 12104/1/6 12105/1/6 12131/1/6
f 12107/1/6 12108/1/6 12131/1/6
f 12109/4/6 12110/4/6 12132/4/6
f 12131/1/6 12109/1/6 12132/1/6
f 12110/2/6 12111/2/6 12133/2/6
f 12132/4/6 12110/4/6 12133/4/6
f 12133/2/6 12111/2/6 12134/2/6
f 12061/2/6 12112/2/6 12135/2/6
f 12112/1/6 12113/1/6 12136/1/6
f 12135/2/6 12112/2/6 12136/2/6
f 12114/1/6 12115/1/6 12136/1/6
f 12113/1/6 12114/1/6 12136/1/6
f 12115/2/6 12116/2/6 12137/2/6
f 12136/1/6 12115/1/6 12137/1/6
f 12116/1/6 12117/1/6 12138/1/6
f 12137/2/6 12116/2/6 12138/2/6
f 12117/4/6 12118/4/6 12139/4/6
f 12138/1/6 12117/1/6 12139/1/6
f 12119/1/6 12120/1/6 12140/1/6
f 12139/4/6 12118/4/6 12140/4/6
f 12118/1/6 12119/1/6 12140/1/6
f 12120/3/6 12121/3/6 12141/3/6
f 12140/1/6 12120/1/6 12141/1/6
f 12141/3/6 12121/3/6 12142/3/6
f 12144/1/6 12145/1/6 12180/1/6
f 12145/4/6 12146/4/6 12180/4/6
f 12146/2/6 12147/2/6 12181/2/6
f 12180/4/6 12146/4/6 12181/4/6
f 12150/1/6 12151/1/6 12182/1/6
f 12151/2/6 12152/2/6 12183/2/6
f 12182/1/6 12151/1/6 12183/1/6
f 12183/2/6 12152/2/6 12184/2/6
f 12152/4/6 12153/4/6 12185/4/6
f 12184/2/6 12152/2/6 12185/2/6
f 12153/1/6 12154/1/6 12186/1/6
f 12185/4/6 12153/4/6 12186/4/6
f 12157/2/6 12158/2/6 12187/2/6
f 12158/1/6 12159/1/6 12187/1/6
f 12159/2/6 12160/2/6 12188/2/6
f 12187/1/6 12159/1/6 12188/1/6
f 12160/4/6 12161/4/6 12189/4/6
f 12188/2/6 12160/2/6 12189/2/6
f 12161/1/6 12162/1/6 12190/1/6
f 12189/4/6 12161/4/6 12190/4/6
f 12162/4/6 12163/4/6 12191/4/6
f 12190/1/6 12162/1/6 12191/1/6
f 12163/2/6 12164/2/6 12192/2/6
f 12191/4/6 12163/4/6 12192/4/6
f 12164/1/6 12165/1/6 12193/1/6
f 12192/2/6 12164/2/6 12193/2/6
f 12165/2/6 12166/2/6 12194/2/6
f 12193/1/6 12165/1/6 12194/1/6
f 12194/2/6 12166/2/6 12195/2/6
f 12169/4/6 12170/4/6 12196/4/6
f 12170/1/6 12171/1/6 12196/1/6
f 12171/2/6 12172/2/6 12197/2/6
f 12196/1/6 12171/1/6 12197/1/6
f 12172/4/6 12173/4/6 12198/4/6
f 12197/2/6 12172/2/6 12198/2/6
f 12173/1/6 12174/1/6 12199/1/6
f 12198/4/6 12173/4/6 12199/4/6
f 12174/4/6 12175/4/6 12200/4/6
f 12199/1/6 12174/1/6 12200/1/6
f 12175/2/6 12176/2/6 12201/2/6
f 12200/4/6 12175/4/6 12201/4/6
f 12176/1/6 12177/1/6 12202/1/6
f 12201/2/6 12176/2/6 12202/2/6
f 12177/2/6 12178/2/6 12203/2/6
f 12202/1/6 12177/1/6 12203/1/6
f 12147/1/6 12148/1/6 12204/1/6
f 12148/2/6 12149/2/6 12204/2/6
f 12204/2/6 12149/2/6 12205/2/6
f 12182/4/6 12183/4/6 12206/4/6
f 12183/2/6 12184/2/6 12207/2/6
f 12206/4/6 12183/4/6 12207/4/6
f 12184/1/6 12185/1/6 12208/1/6
f 12207/2/6 12184/2/6 12208/2/6
f 12185/1/6 12186/1/6 12208/1/6
f 12186/1/6 12154/1/6 12209/1/6
f 12208/1/6 12186/1/6 12209/1/6
f 12154/2/6 12155/2/6 12210/2/6
f 12209/1/6 12154/1/6 12210/1/6
f 12210/2/6 12155/2/6 12211/2/6
f 12211/2/6 12155/2/6 12212/2/6
f 12156/1/6 12157/1/6 12213/1/6
f 12157/2/6 12187/2/6 12213/2/6
f 12187/4/6 12188/4/6 12214/4/6
f 12213/2/6 12187/2/6 12214/2/6
f 12188/1/6 12189/1/6 12215/1/6
f 12214/4/6 12188/4/6 12215/4/6
f 12189/1/6 12190/1/6 12215/1/6
f 12190/1/6 12191/1/6 12215/1/6
f 12215/1/6 12191/1/6 12216/1/6
f 12191/2/6 12192/2/6 12217/2/6
f 12216/1/6 12191/1/6 12217/1/6
f 12192/2/6 12193/2/6 12217/2/6
f 12217/2/6 12193/2/6 12218/2/6
f 12167/1/6 12168/1/6 12219/1/6
f 12168/2/6 12169/2/6 12219/2/6
f 12169/4/6 12196/4/6 12220/4/6
f 12219/2/6 12169/2/6 12220/2/6
f 12196/4/6 12197/4/6 12220/4/6
f 12197/1/6 12198/1/6 12221/1/6
f 12220/4/6 12197/4/6 12221/4/6
f 12198/1/6 12199/1/6 12221/1/6
f 12199/1/6 12200/1/6 12221/1/6
f 12221/1/6 12200/1/6 12222/1/6
f 12201/2/6 12202/2/6 12223/2/6
f 12222/1/6 12200/1/6 12223/1/6
f 12200/2/6 12201/2/6 12223/2/6
f 12223/2/6 12202/2/6 12224/2/6
f 12202/4/6 12203/4/6 12225/4/6
f 12224/2/6 12202/2/6 12225/2/6
f 12203/2/6 12178/2/6 12226/2/6
f 12225/4/6 12203/4/6 12226/4/6
f 12178/3/6 12179/3/6 12227/3/6
f 12226/2/6 12178/2/6 12227/2/6
f 12143/3/6 12144/3/6 12228/3/6
f 12144/1/6 12180/1/6 12229/1/6
f 12228/3/6 12144/3/6 12229/3/6
f 12180/2/6 12181/2/6 12230/2/6
f 12229/1/6 12180/1/6 12230/1/6
f 12181/2/6 12147/2/6 12231/2/6
f 12230/2/6 12181/2/6 12231/2/6
f 12147/1/6 12204/1/6 12232/1/6
f 12231/2/6 12147/2/6 12232/2/6
f 12204/4/6 12205/4/6 12233/4/6
f 12232/1/6 12204/1/6 12233/1/6
f 12233/4/6 12205/4/6 12234/4/6
f 12206/2/6 12207/2/6 12235/2/6
f 12207/1/6 12208/1/6 12236/1/6
f 12235/2/6 12207/2/6 12236/2/6
f 12208/2/6 12209/2/6 12237/2/6
f 12236/1/6 12208/1/6 12237/1/6
f 12210/4/6 12211/4/6 12238/4/6
f 12209/1/6 12210/1/6 12238/1/6
f 12211/1/6 12212/1/6 12239/1/6
f 12238/4/6 12211/4/6 12239/4/6
f 12156/1/6 12213/1/6 12240/1/6
f 12213/1/6 12214/1/6 12240/1/6
f 12214/1/6 12215/1/6 12240/1/6
f 12240/1/6 12215/1/6 12241/1/6
f 12241/1/6 12215/1/6 12242/1/6
f 12218/2/6 12193/2/6 12243/2/6
f 12217/1/6 12218/1/6 12243/1/6
f 12216/1/6 12217/1/6 12243/1/6
f 12193/4/6 12194/4/6 12244/4/6
f 12243/2/6 12193/2/6 12244/2/6
f 12194/1/6 12195/1/6 12245/1/6
f 12244/4/6 12194/4/6 12245/4/6
f 12167/1/6 12219/1/6 12246/1/6
f 12219/1/6 12220/1/6 12246/1/6
f 12220/1/6 12221/1/6 12246/1/6
f 12246/1/6 12221/1/6 12247/1/6
f 12247/1/6 12221/1/6 12248/1/6
f 12225/4/6 12226/4/6 12249/4/6
f 12224/4/6 12225/4/6 12249/4/6
f 12223/1/6 12224/1/6 12249/1/6
f 12222/1/6 12223/1/6 12249/1/6
f 12226/1/6 12227/1/6 12250/1/6
f 12249/4/6 12226/4/6 12250/4/6
f 12227/3/6 12179/3/6 12251/3/6
f 12250/1/6 12227/1/6 12251/1/6
f 12251/3/6 12179/3/6 12252/3/6
f 12228/4/6 12229/4/6 12253/4/6
f 12229/1/6 12230/1/6 12254/1/6
f 12253/4/6 12229/4/6 12254/4/6
f 12230/1/6 12231/1/6 12254/1/6
f 12254/1/6 12231/1/6 12255/1/6
f 12231/4/6 12232/4/6 12256/4/6
f 12255/1/6 12231/1/6 12256/1/6
f 12233/1/6 12234/1/6 12257/1/6
f 12256/4/6 12232/4/6 12257/4/6
f 12232/1/6 12233/1/6 12257/1/6
f 12257/1/6 12234/1/6 12258/1/6
f 12237/2/6 12209/2/6 12259/2/6
f 12236/2/6 12237/2/6 12259/2/6
f 12209/1/6 12238/1/6 12260/1/6
f 12259/2/6 12209/2/6 12260/2/6
f 12238/1/6 12239/1/6 12260/1/6
f 12260/1/6 12239/1/6 12261/1/6
f 12239/1/6 12212/1/6 12262/1/6
f 12261/1/6 12239/1/6 12262/1/6
f 12240/4/6 12241/4/6 12263/4/6
f 12156/1/6 12240/1/6 12263/1/6
f 12241/2/6 12242/2/6 12264/2/6
f 12263/4/6 12241/4/6 12264/4/6
f 12242/1/6 12215/1/6 12265/1/6
f 12264/2/6 12242/2/6 12265/2/6
f 12215/2/6 12216/2/6 12266/2/6
f 12265/1/6 12215/1/6 12266/1/6
f 12243/1/6 12244/1/6 12267/1/6
f 12266/2/6 12216/2/6 12267/2/6
f 12216/1/6 12243/1/6 12267/1/6
f 12244/1/6 12245/1/6 12267/1/6
f 12267/1/6 12245/1/6 12268/1/6
f 12268/1/6 12245/1/6 12269/1/6
f 12245/1/6 12195/1/6 12270/1/6
f 12269/1/6 12245/1/6 12270/1/6
f 12270/1/6 12195/1/6 12271/1/6
f 12246/4/6 12247/4/6 12272/4/6
f 12167/1/6 12246/1/6 12272/1/6
f 12247/2/6 12248/2/6 12273/2/6
f 12272/4/6 12247/4/6 12273/4/6
f 12248/1/6 12221/1/6 12274/1/6
f 12273/2/6 12248/2/6 12274/2/6
f 12221/2/6 12222/2/6 12275/2/6
f 12274/1/6 12221/1/6 12275/1/6
f 12249/1/6 12250/1/6 12276/1/6
f 12275/2/6 12222/2/6 12276/2/6
f 12250/1/6 12251/1/6 12276/1/6
f 12222/1/6 12249/1/6 12276/1/6
f 12276/1/6 12251/1/6 12277/1/6
f 12277/1/6 12251/1/6 12278/1/6
f 12278/1/6 12251/1/6 12279/1/6
f 12251/4/6 12252/4/6 12280/4/6
f 12279/1/6 12251/1/6 12280/1/6
f 12280/4/6 12252/4/6 12281/4/6
f 12254/4/6 12255/4/6 12282/4/6
f 12253/2/6 12254/2/6 12282/2/6
f 12255/2/6 12256/2/6 12283/2/6
f 12282/4/6 12255/4/6 12283/4/6
f 12256/1/6 12257/1/6 12284/1/6
f 12283/2/6 12256/2/6 12284/2/6
f 12257/2/6 12258/2/6 12285/2/6
f 12284/1/6 12257/1/6 12285/1/6
f 12235/4/6 12236/4/6 12286/4/6
f 12236/2/6 12259/2/6 12287/2/6
f 12286/4/6 12236/4/6 12287/4/6
f 12260/1/6 12261/1/6 12288/1/6
f 12259/1/6 12260/1/6 12288/1/6
f 12288/1/6 12261/1/6 12289/1/6
f 12156/1/6 12263/1/6 12290/1/6
f 12264/2/6 12265/2/6 12291/2/6
f 12290/1/6 12263/1/6 12291/1/6
f 12263/2/6 12264/2/6 12291/2/6
f 12265/2/6 12266/2/6 12291/2/6
f 12291/2/6 12266/2/6 12292/2/6
f 12267/1/6 12268/1/6 12293/1/6
f 12292/2/6 12266/2/6 12293/2/6
f 12266/1/6 12267/1/6 12293/1/6
f 12293/1/6 12268/1/6 12294/1/6
f 12294/1/6 12268/1/6 12295/1/6
f 12295/1/6 12268/1/6 12296/1/6
f 12268/2/6 12269/2/6 12297/2/6
f 12269/1/6 12270/1/6 12297/1/6
f 12270/2/6 12271/2/6 12298/2/6
f 12297/1/6 12270/1/6 12298/1/6
f 12298/2/6 12271/2/6 12299/2/6
f 12167/1/6 12272/1/6 12300/1/6
f 12274/2/6 12275/2/6 12301/2/6
f 12300/1/6 12272/1/6 12301/1/6
f 12272/2/6 12273/2/6 12301/2/6
f 12273/2/6 12274/2/6 12301/2/6
f 12301/2/6 12275/2/6 12302/2/6
f 12275/1/6 12276/1/6 12303/1/6
f 12302/2/6 12275/2/6 12303/2/6
f 12276/1/6 12277/1/6 12303/1/6
f 12303/1/6 12277/1/6 12304/1/6
f 12304/1/6 12277/1/6 12305/1/6
f 12305/1/6 12277/1/6 12306/1/6
f 12278/1/6 12279/1/6 12307/1/6
f 12277/2/6 12278/2/6 12307/2/6
f 12280/2/6 12281/2/6 12308/2/6
f 12307/1/6 12279/1/6 12308/1/6
f 12279/2/6 12280/2/6 12308/2/6
f 12253/2/6 12282/2/6 12309/2/6
f 12282/1/6 12283/1/6 12310/1/6
f 12309/2/6 12282/2/6 12310/2/6
f 12283/2/6 12284/2/6 12311/2/6
f 12284/4/6 12285/4/6 12311/4/6
f 12285/2/6 12258/2/6 12312/2/6
f 12311/4/6 12285/4/6 12312/4/6
f 12312/2/6 12258/2/6 12313/2/6
f 12313/2/6 12258/2/6 12314/2/6
f 12286/1/6 12287/1/6 12315/1/6
f 12287/2/6 12259/2/6 12316/2/6
f 12315/1/6 12287/1/6 12316/1/6
f 12288/4/6 12289/4/6 12317/4/6
f 12259/1/6 12288/1/6 12317/1/6
f 12289/1/6 12261/1/6 12318/1/6
f 12317/4/6 12289/4/6 12318/4/6
f 12261/2/6 12262/2/6 12319/2/6
f 12318/1/6 12261/1/6 12319/1/6
f 12319/2/6 12262/2/6 12320/2/6
f 12320/2/6 12262/2/6 12321/2/6
f 12291/2/6 12292/2/6 12322/2/6
f 12290/2/6 12291/2/6 12322/2/6
f 12322/2/6 12292/2/6 12323/2/6
f 12294/4/6 12295/4/6 12324/4/6
f 12293/1/6 12294/1/6 12324/1/6
f 12295/2/6 12296/2/6 12325/2/6
f 12324/4/6 12295/4/6 12325/4/6
f 12268/2/6 12297/2/6 12326/2/6
f 12296/1/6 12268/1/6 12326/1/6
f 12326/2/6 12297/2/6 12327/2/6
f 12301/2/6 12302/2/6 12328/2/6
f 12300/2/6 12301/2/6 12328/2/6
f 12328/2/6 12302/2/6 12329/2/6
f 12329/2/6 12302/2/6 12330/2/6
f 12302/4/6 12303/4/6 12331/4/6
f 12330/2/6 12302/2/6 12331/2/6
f 12303/1/6 12304/1/6 12332/1/6
f 12331/4/6 12303/4/6 12332/4/6
f 12304/4/6 12305/4/6 12333/4/6
f 12332/1/6 12304/1/6 12333/1/6
f 12305/2/6 12306/2/6 12334/2/6
f 12333/4/6 12305/4/6 12334/4/6
f 12306/1/6 12277/1/6 12335/1/6
f 12277/2/6 12307/2/6 12335/2/6
f 12335/2/6 12307/2/6 12336/2/6
f 12307/4/6 12308/4/6 12337/4/6
f 12336/2/6 12307/2/6 12337/2/6
f 12308/2/6 12281/2/6 12338/2/6
f 12337/4/6 12308/4/6 12338/4/6
f 12338/2/6 12281/2/6 12339/2/6
f 12309/1/6 12310/1/6 12340/1/6
f 12310/1/6 12283/1/6 12341/1/6
f 12340/1/6 12310/1/6 12341/1/6
f 12283/2/6 12311/2/6 12342/2/6
f 12341/1/6 12283/1/6 12342/1/6
f 12311/2/6 12312/2/6 12342/2/6
f 12312/2/6 12313/2/6 12342/2/6
f 12342/2/6 12313/2/6 12343/2/6
f 12313/4/6 12314/4/6 12344/4/6
f 12343/2/6 12313/2/6 12344/2/6
f 12344/4/6 12314/4/6 12345/4/6
f 12315/2/6 12316/2/6 12346/2/6
f 12316/2/6 12259/2/6 12347/2/6
f 12346/2/6 12316/2/6 12347/2/6
f 12259/1/6 12317/1/6 12348/1/6
f 12347/2/6 12259/2/6 12348/2/6
f 12317/2/6 12318/2/6 12349/2/6
f 12348/1/6 12317/1/6 12349/1/6
f 12318/1/6 12319/1/6 12350/1/6
f 12349/2/6 12318/2/6 12350/2/6
f 12319/4/6 12320/4/6 12351/4/6
f 12350/1/6 12319/1/6 12351/1/6
f 12320/1/6 12321/1/6 12352/1/6
f 12351/4/6 12320/4/6 12352/4/6
f 12352/1/6 12321/1/6 12353/1/6
f 12323/2/6 12292/2/6 12354/2/6
f 12322/1/6 12323/1/6 12354/1/6
f 12292/4/6 12293/4/6 12355/4/6
f 12354/2/6 12292/2/6 12355/2/6
f 12293/1/6 12324/1/6 12356/1/6
f 12355/4/6 12293/4/6 12356/4/6
f 12324/2/6 12325/2/6 12357/2/6
f 12356/1/6 12324/1/6 12357/1/6
f 12325/2/6 12296/2/6 12358/2/6
f 12357/2/6 12325/2/6 12358/2/6
f 12326/1/6 12327/1/6 12358/1/6
f 12296/1/6 12326/1/6 12358/1/6
f 12358/1/6 12327/1/6 12359/1/6
f 12327/2/6 12297/2/6 12360/2/6
f 12359/1/6 12327/1/6 12360/1/6
f 12297/4/6 12298/4/6 12361/4/6
f 12360/2/6 12297/2/6 12361/2/6
f 12298/1/6 12299/1/6 12362/1/6
f 12361/4/6 12298/4/6 12362/4/6
f 12329/2/6 12330/2/6 12363/2/6
f 12328/1/6 12329/1/6 12363/1/6
f 12332/4/6 12333/4/6 12364/4/6
f 12363/2/6 12330/2/6 12364/2/6
f 12331/4/6 12332/4/6 12364/4/6
f 12330/4/6 12331/4/6 12364/4/6
f 12364/4/6 12333/4/6 12365/4/6
f 12333/2/6 12334/2/6 12366/2/6
f 12365/4/6 12333/4/6 12366/4/6
f 12334/2/6 12306/2/6 12367/2/6
f 12366/2/6 12334/2/6 12367/2/6
f 12306/1/6 12335/1/6 12367/1/6
f 12335/1/6 12336/1/6 12367/1/6
f 12367/1/6 12336/1/6 12368/1/6
f 12336/4/6 12337/4/6 12369/4/6
f 12368/1/6 12336/1/6 12369/1/6
f 12337/4/6 12338/4/6 12369/4/6
f 12338/1/6 12339/1/6 12370/1/6
f 12369/4/6 12338/4/6 12370/4/6
f 12370/1/6 12339/1/6 12371/1/6
f 12371/1/6 12339/1/6 12372/1/6
f 12342/4/6 12343/4/6 12373/4/6
f 12341/1/6 12342/1/6 12373/1/6
f 12344/1/6 12345/1/6 12374/1/6
f 12373/4/6 12343/4/6 12374/4/6
f 12343/1/6 12344/1/6 12374/1/6
f 12374/1/6 12345/1/6 12375/1/6
f 12346/4/6 12347/4/6 12376/4/6
f 12347/1/6 12348/1/6 12377/1/6
f 12376/4/6 12347/4/6 12377/4/6
f 12349/2/6 12350/2/6 12378/2/6
f 12377/1/6 12348/1/6 12378/1/6
f 12348/2/6 12349/2/6 12378/2/6
f 12355/1/6 12356/1/6 12379/1/6
f 12354/1/6 12355/1/6 12379/1/6
f 12322/1/6 12354/1/6 12379/1/6
f 12379/1/6 12356/1/6 12380/1/6
f 12380/1/6 12356/1/6 12381/1/6
f 12359/1/6 12360/1/6 12382/1/6
f 12360/4/6 12361/4/6 12382/4/6
f 12361/2/6 12362/2/6 12383/2/6
f 12382/4/6 12361/4/6 12383/4/6
f 12364/1/6 12365/1/6 12384/1/6
f 12328/1/6 12363/1/6 12384/1/6
f 12363/1/6 12364/1/6 12384/1/6
f 12384/1/6 12365/1/6 12385/1/6
f 12385/1/6 12365/1/6 12386/1/6
f 12340/4/6 12341/4/6 12387/4/6
f 12341/1/6 12373/1/6 12388/1/6
f 12387/4/6 12341/4/6 12388/4/6
f 12373/1/6 12374/1/6 12388/1/6
f 12388/1/6 12374/1/6 12389/1/6
f 12374/2/6 12375/2/6 12390/2/6
f 12389/1/6 12374/1/6 12390/1/6
f 12375/1/6 12345/1/6 12391/1/6
f 12390/2/6 12375/2/6 12391/2/6
f 12391/1/6 12345/1/6 12392/1/6
f 12379/4/6 12380/4/6 12393/4/6
f 12380/2/6 12381/2/6 12394/2/6
f 12393/4/6 12380/4/6 12394/4/6
f 12383/2/6 12362/2/6 12395/2/6
f 12382/2/6 12383/2/6 12395/2/6
f 12362/1/6 12299/1/6 12396/1/6
f 12395/2/6 12362/2/6 12396/2/6
f 12384/4/6 12385/4/6 12397/4/6
f 12385/2/6 12386/2/6 12398/2/6
f 12397/4/6 12385/4/6 12398/4/6
f 12398/2/6 12386/2/6 12399/2/6
f 12386/1/6 12365/1/6 12400/1/6
f 12399/2/6 12386/2/6 12400/2/6
f 12370/2/6 12371/2/6 12401/2/6
f 12369/2/6 12370/2/6 12401/2/6
f 12401/2/6 12371/2/6 12402/2/6
f 12371/4/6 12372/4/6 12403/4/6
f 12402/2/6 12371/2/6 12403/2/6
f 12403/4/6 12372/4/6 12404/4/6
f 12389/2/6 12390/2/6 12405/2/6
f 12390/2/6 12391/2/6 12405/2/6
f 12391/4/6 12392/4/6 12406/4/6
f 12405/2/6 12391/2/6 12406/2/6
f 12406/4/6 12392/4/6 12407/4/6
f 12407/4/6 12392/4/6 12408/4/6
f 12376/1/6 12377/1/6 12409/1/6
f 12377/2/6 12378/2/6 12410/2/6
f 12409/1/6 12377/1/6 12410/1/6
f 12378/2/6 12350/2/6 12411/2/6
f 12410/2/6 12378/2/6 12411/2/6
f 12411/2/6 12350/2/6 12412/2/6
f 12350/4/6 12351/4/6 12413/4/6
f 12412/2/6 12350/2/6 12413/2/6
f 12352/2/6 12353/2/6 12414/2/6
f 12413/4/6 12351/4/6 12414/4/6
f 12351/2/6 12352/2/6 12414/2/6
f 12414/2/6 12353/2/6 12415/2/6
f 12394/2/6 12381/2/6 12416/2/6
f 12393/1/6 12394/1/6 12416/1/6
f 12416/2/6 12381/2/6 12417/2/6
f 12381/1/6 12356/1/6 12418/1/6
f 12417/2/6 12381/2/6 12418/2/6
f 12356/2/6 12357/2/6 12419/2/6
f 12357/2/6 12358/2/6 12419/2/6
f 12358/4/6 12359/4/6 12420/4/6
f 12419/2/6 12358/2/6 12420/2/6
f 12359/1/6 12382/1/6 12421/1/6
f 12420/4/6 12359/4/6 12421/4/6
f 12382/2/6 12395/2/6 12422/2/6
f 12421/1/6 12382/1/6 12422/1/6
f 12395/4/6 12396/4/6 12423/4/6
f 12422/2/6 12395/2/6 12423/2/6
f 12396/1/6 12299/1/6 12424/1/6
f 12423/4/6 12396/4/6 12424/4/6
f 12398/2/6 12399/2/6 12425/2/6
f 12397/1/6 12398/1/6 12425/1/6
f 12399/4/6 12400/4/6 12426/4/6
f 12425/2/6 12399/2/6 12426/2/6
f 12365/2/6 12366/2/6 12427/2/6
f 12366/2/6 12367/2/6 12427/2/6
f 12367/4/6 12368/4/6 12428/4/6
f 12427/2/6 12367/2/6 12428/2/6
f 12368/1/6 12369/1/6 12429/1/6
f 12428/4/6 12368/4/6 12429/4/6
f 12369/2/6 12401/2/6 12430/2/6
f 12429/1/6 12369/1/6 12430/1/6
f 12401/4/6 12402/4/6 12431/4/6
f 12430/2/6 12401/2/6 12431/2/6
f 12403/2/6 12404/2/6 12432/2/6
f 12431/4/6 12402/4/6 12432/4/6
f 12402/2/6 12403/2/6 12432/2/6
f 12432/2/6 12404/2/6 12433/2/6
f 12387/2/6 12388/2/6 12434/2/6
f 12388/1/6 12389/1/6 12435/1/6
f 12434/2/6 12388/2/6 12435/2/6
f 12389/2/6 12405/2/6 12436/2/6
f 12405/4/6 12406/4/6 12436/4/6
f 12406/4/6 12407/4/6 12436/4/6
f 12436/4/6 12407/4/6 12437/4/6
f 12407/1/6 12408/1/6 12438/1/6
f 12437/4/6 12407/4/6 12438/4/6
f 12438/1/6 12408/1/6 12439/1/6
f 12411/2/6 12412/2/6 12440/2/6
f 12410/4/6 12411/4/6 12440/4/6
f 12412/4/6 12413/4/6 12441/4/6
f 12440/2/6 12412/2/6 12441/2/6
f 12413/1/6 12414/1/6 12442/1/6
f 12441/4/6 12413/4/6 12442/4/6
f 12414/4/6 12415/4/6 12443/4/6
f 12442/1/6 12414/1/6 12443/1/6
f 12443/4/6 12415/4/6 12444/4/6
f 12416/1/6 12417/1/6 12445/1/6
f 12393/1/6 12416/1/6 12445/1/6
f 12445/1/6 12417/1/6 12446/1/6
f 12418/1/6 12356/1/6 12447/1/6
f 12356/2/6 12419/2/6 12447/2/6
f 12419/4/6 12420/4/6 12448/4/6
f 12447/2/6 12419/2/6 12448/2/6
f 12448/4/6 12420/4/6 12449/4/6
f 12420/1/6 12421/1/6 12450/1/6
f 12449/4/6 12420/4/6 12450/4/6
f 12421/1/6 12422/1/6 12450/1/6
f 12450/1/6 12422/1/6 12451/1/6
f 12422/4/6 12423/4/6 12452/4/6
f 12423/1/6 12424/1/6 12452/1/6
f 12424/1/6 12299/1/6 12453/1/6
f 12452/1/6 12424/1/6 12453/1/6
f 12425/1/6 12426/1/6 12454/1/6
f 12397/1/6 12425/1/6 12454/1/6
f 12454/1/6 12426/1/6 12455/1/6
f 12426/4/6 12400/4/6 12456/4/6
f 12455/1/6 12426/1/6 12456/1/6
f 12400/1/6 12365/1/6 12457/1/6
f 12456/4/6 12400/4/6 12457/4/6
f 12365/2/6 12427/2/6 12458/2/6
f 12457/1/6 12365/1/6 12458/1/6
f 12427/4/6 12428/4/6 12459/4/6
f 12458/2/6 12427/2/6 12459/2/6
f 12459/4/6 12428/4/6 12460/4/6
f 12429/1/6 12430/1/6 12461/1/6
f 12460/4/6 12428/4/6 12461/4/6
f 12428/1/6 12429/1/6 12461/1/6
f 12461/1/6 12430/1/6 12462/1/6
f 12430/4/6 12431/4/6 12463/4/6
f 12462/1/6 12430/1/6 12463/1/6
f 12431/1/6 12432/1/6 12464/1/6
f 12463/4/6 12431/4/6 12464/4/6
f 12432/4/6 12433/4/6 12465/4/6
f 12464/1/6 12432/1/6 12465/1/6
f 12433/2/6 12404/2/6 12466/2/6
f 12465/4/6 12433/4/6 12466/4/6
f 12466/2/6 12404/2/6 12467/2/6
f 12434/1/6 12435/1/6 12468/1/6
f 12435/1/6 12389/1/6 12469/1/6
f 12468/1/6 12435/1/6 12469/1/6
f 12436/2/6 12437/2/6 12470/2/6
f 12469/1/6 12389/1/6 12470/1/6
f 12389/2/6 12436/2/6 12470/2/6
f 12470/2/6 12437/2/6 12471/2/6
f 12437/1/6 12438/1/6 12472/1/6
f 12471/2/6 12437/2/6 12472/2/6
f 12438/2/6 12439/2/6 12473/2/6
f 12472/1/6 12438/1/6 12473/1/6
f 12473/2/6 12439/2/6 12474/2/6
f 12441/4/6 12442/4/6 12475/4/6
f 12440/1/6 12441/1/6 12475/1/6
f 12443/2/6 12444/2/6 12476/2/6
f 12475/4/6 12442/4/6 12476/4/6
f 12442/2/6 12443/2/6 12476/2/6
f 12476/2/6 12444/2/6 12477/2/6
f 12477/2/6 12444/2/6 12478/2/6
f 12445/4/6 12446/4/6 12479/4/6
f 12446/1/6 12417/1/6 12480/1/6
f 12479/4/6 12446/4/6 12480/4/6
f 12417/4/6 12418/4/6 12481/4/6
f 12480/1/6 12417/1/6 12481/1/6
f 12418/1/6 12447/1/6 12482/1/6
f 12481/4/6 12418/4/6 12482/4/6
f 12447/1/6 12448/1/6 12482/1/6
f 12482/1/6 12448/1/6 12483/1/6
f 12448/4/6 12449/4/6 12484/4/6
f 12483/1/6 12448/1/6 12484/1/6
f 12449/2/6 12450/2/6 12485/2/6
f 12484/4/6 12449/4/6 12485/4/6
f 12450/2/6 12451/2/6 12485/2/6
f 12485/2/6 12451/2/6 12486/2/6
f 12451/1/6 12422/1/6 12487/1/6
f 12486/2/6 12451/2/6 12487/2/6
f 12422/4/6 12452/4/6 12488/4/6
f 12487/1/6 12422/1/6 12488/1/6
f 12452/2/6 12453/2/6 12489/2/6
f 12488/4/6 12452/4/6 12489/4/6
f 12489/2/6 12453/2/6 12490/2/6
f 12490/2/6 12453/2/6 12491/2/6
f 12454/4/6 12455/4/6 12492/4/6
f 12455/1/6 12456/1/6 12493/1/6
f 12492/4/6 12455/4/6 12493/4/6
f 12456/2/6 12457/2/6 12494/2/6
f 12493/1/6 12456/1/6 12494/1/6
f 12457/1/6 12458/1/6 12495/1/6
f 12494/2/6 12457/2/6 12495/2/6
f 12458/1/6 12459/1/6 12495/1/6
f 12495/1/6 12459/1/6 12496/1/6
f 12459/4/6 12460/4/6 12497/4/6
f 12496/1/6 12459/1/6 12497/1/6
f 12461/2/6 12462/2/6 12498/2/6
f 12497/4/6 12460/4/6 12498/4/6
f 12460/2/6 12461/2/6 12498/2/6
f 12498/2/6 12462/2/6 12499/2/6
f 12462/1/6 12463/1/6 12500/1/6
f 12499/2/6 12462/2/6 12500/2/6
f 12464/2/6 12465/2/6 12501/2/6
f 12500/1/6 12463/1/6 12501/1/6
f 12463/2/6 12464/2/6 12501/2/6
f 12465/2/6 12466/2/6 12501/2/6
f 12501/2/6 12466/2/6 12502/2/6
f 12466/1/6 12467/1/6 12503/1/6
f 12502/2/6 12466/2/6 12503/2/6
f 12503/1/6 12467/1/6 12504/1/6
f 12469/3/6 12470/3/6 12505/3/6
f 12470/2/6 12471/2/6 12506/2/6
f 12505/3/6 12470/3/6 12506/3/6
f 12471/1/6 12472/1/6 12507/1/6
f 12506/2/6 12471/2/6 12507/2/6
f 12472/4/6 12473/4/6 12508/4/6
f 12507/1/6 12472/1/6 12508/1/6
f 12508/4/6 12473/4/6 12509/4/6
f 12409/2/6 12410/2/6 12510/2/6
f 12410/4/6 12440/4/6 12511/4/6
f 12510/2/6 12410/2/6 12511/2/6
f 12440/1/6 12475/1/6 12512/1/6
f 12511/4/6 12440/4/6 12512/4/6
f 12476/2/6 12477/2/6 12513/2/6
f 12512/1/6 12475/1/6 12513/1/6
f 12475/2/6 12476/2/6 12513/2/6
f 12477/4/6 12478/4/6 12514/4/6
f 12513/2/6 12477/2/6 12514/2/6
f 12514/4/6 12478/4/6 12515/4/6
f 12479/2/6 12480/2/6 12516/2/6
f 12480/2/6 12481/2/6 12516/2/6
f 12481/2/6 12482/2/6 12516/2/6
f 12482/1/6 12483/1/6 12517/1/6
f 12516/2/6 12482/2/6 12517/2/6
f 12483/3/6 12484/3/6 12518/3/6
f 12517/1/6 12483/1/6 12518/1/6
f 12484/1/6 12485/1/6 12519/1/6
f 12518/3/6 12484/3/6 12519/3/6
f 12485/3/6 12486/3/6 12520/3/6
f 12519/1/6 12485/1/6 12520/1/6
f 12486/1/6 12487/1/6 12521/1/6
f 12520/3/6 12486/3/6 12521/3/6
f 12487/4/6 12488/4/6 12522/4/6
f 12521/1/6 12487/1/6 12522/1/6
f 12489/2/6 12490/2/6 12523/2/6
f 12522/4/6 12488/4/6 12523/4/6
f 12488/2/6 12489/2/6 12523/2/6
f 12490/3/6 12491/3/6 12524/3/6
f 12523/2/6 12490/2/6 12524/2/6
f 12524/3/6 12491/3/6 12525/3/6
f 12492/3/6 12493/3/6 12526/3/6
f 12493/3/6 12494/3/6 12526/3/6
f 12494/3/6 12495/3/6 12526/3/6
f 12495/4/6 12496/4/6 12527/4/6
f 12526/3/6 12495/3/6 12527/3/6
f 12496/2/6 12497/2/6 12528/2/6
f 12527/4/6 12496/4/6 12528/4/6
f 12497/2/6 12498/2/6 12528/2/6
f 12498/1/6 12499/1/6 12529/1/6
f 12528/2/6 12498/2/6 12529/2/6
f 12499/4/6 12500/4/6 12530/4/6
f 12529/1/6 12499/1/6 12530/1/6
f 12500/4/6 12501/4/6 12530/4/6
f 12501/2/6 12502/2/6 12531/2/6
f 12530/4/6 12501/4/6 12531/4/6
f 12502/3/6 12503/3/6 12532/3/6
f 12531/2/6 12502/2/6 12532/2/6
f 12532/3/6 12503/3/6 12533/3/6
