# MagicaVoxel @ Ephtracy

# group
o 

# material
mtllib Stairs.mtl
usemtl palette

# normals
vn -1 0 0
vn 1 0 0
vn 0 0 1
vn 0 0 -1
vn 0 -1 0
vn 0 1 0

# texcoords
vt 0.0253906 0.5
vt 0.0292969 0.5
vt 0.0566406 0.5
vt 0.0605469 0.5

# verts
v -4.2 0.1 0
v -4.2 0.1 -0.1
v -4.2 0.1 -0.3
v -4.2 0.1 -0.4
v -4.2 0.1 -0.5
v -4.2 0.1 -0.7
v -4.2 0.1 -0.8
v -4.2 0.1 -0.9
v -4.2 0.1 -1.1
v -4.2 0.1 -1.2
v -4.2 0.1 -1.3
v -4.2 0.1 -1.4
v -4.2 0.1 -1.5
v -4.2 0.1 -1.8
v -4.2 0.1 -2
v -4.2 0.1 -2.1
v -4.2 0.1 -2.3
v -4.2 0.1 -2.4
v -4.2 0.1 -2.6
v -4.2 0.1 -2.7
v -4.2 0.1 -2.8
v -4.2 0.1 -3
v -4.2 0.1 -3.1
v -4.2 0.1 -3.4
v -4.2 0.1 -3.5
v -4.2 0.1 -3.6
v -4.2 0.1 -3.7
v -4.2 0.1 -3.8
v -4.2 0.1 -3.9
v -4.2 0.1 -4
v -4.2 0.2 0
v -4.2 0.2 -0.1
v -4.2 0.2 -0.3
v -4.2 0.2 -0.4
v -4.2 0.2 -0.5
v -4.2 0.2 -0.6
v -4.2 0.2 -0.7
v -4.2 0.2 -0.8
v -4.2 0.2 -0.9
v -4.2 0.2 -1
v -4.2 0.2 -1.1
v -4.2 0.2 -1.2
v -4.2 0.2 -1.3
v -4.2 0.2 -1.4
v -4.2 0.2 -1.5
v -4.2 0.2 -1.6
v -4.2 0.2 -1.8
v -4.2 0.2 -1.9
v -4.2 0.2 -2
v -4.2 0.2 -2.2
v -4.2 0.2 -2.3
v -4.2 0.2 -2.4
v -4.2 0.2 -2.6
v -4.2 0.2 -2.7
v -4.2 0.2 -2.8
v -4.2 0.2 -3
v -4.2 0.2 -3.1
v -4.2 0.2 -3.2
v -4.2 0.2 -3.4
v -4.2 0.2 -3.5
v -4.2 0.2 -3.6
v -4.2 0.2 -3.7
v -4.2 0.2 -3.8
v -4.2 0.2 -3.9
v -4.2 0.2 -4
v -4.2 0.3 0
v -4.2 0.3 -0.1
v -4.2 0.3 -0.3
v -4.2 0.3 -0.4
v -4.2 0.3 -0.5
v -4.2 0.3 -0.6
v -4.2 0.3 -0.7
v -4.2 0.3 -1
v -4.2 0.3 -1.1
v -4.2 0.3 -1.2
v -4.2 0.3 -1.3
v -4.2 0.3 -1.4
v -4.2 0.3 -1.5
v -4.2 0.3 -1.6
v -4.2 0.3 -1.7
v -4.2 0.3 -1.8
v -4.2 0.3 -1.9
v -4.2 0.3 -2.1
v -4.2 0.3 -2.2
v -4.2 0.3 -2.3
v -4.2 0.3 -2.4
v -4.2 0.3 -2.5
v -4.2 0.3 -2.6
v -4.2 0.3 -2.7
v -4.2 0.3 -2.8
v -4.2 0.3 -2.9
v -4.2 0.3 -3
v -4.2 0.3 -3.1
v -4.2 0.3 -3.2
v -4.2 0.3 -3.4
v -4.2 0.3 -3.5
v -4.2 0.3 -3.6
v -4.2 0.3 -3.7
v -4.2 0.3 -3.8
v -4.2 0.3 -3.9
v -4.2 0.3 -4
v -4.2 0.4 0
v -4.2 0.4 -0.1
v -4.2 0.4 -0.3
v -4.2 0.4 -0.4
v -4.2 0.4 -0.5
v -4.2 0.4 -0.6
v -4.2 0.4 -0.7
v -4.2 0.4 -0.8
v -4.2 0.4 -0.9
v -4.2 0.4 -1.1
v -4.2 0.4 -1.2
v -4.2 0.4 -1.3
v -4.2 0.4 -1.5
v -4.2 0.4 -1.7
v -4.2 0.4 -1.8
v -4.2 0.4 -1.9
v -4.2 0.4 -2.1
v -4.2 0.4 -2.2
v -4.2 0.4 -2.3
v -4.2 0.4 -2.4
v -4.2 0.4 -2.5
v -4.2 0.4 -2.6
v -4.2 0.4 -2.7
v -4.2 0.4 -2.8
v -4.2 0.4 -2.9
v -4.2 0.4 -3.1
v -4.2 0.4 -3.2
v -4.2 0.4 -3.3
v -4.2 0.4 -3.5
v -4.2 0.4 -3.6
v -4.2 0.4 -3.7
v -4.2 0.4 -3.9
v -4.2 0.4 -4
v -4.2 0.5 0
v -4.2 0.5 -0.1
v -4.2 0.5 -0.3
v -4.2 0.5 -0.4
v -4.2 0.5 -0.7
v -4.2 0.5 -0.8
v -4.2 0.5 -0.9
v -4.2 0.5 -1
v -4.2 0.5 -1.2
v -4.2 0.5 -1.3
v -4.2 0.5 -1.4
v -4.2 0.5 -1.5
v -4.2 0.5 -1.7
v -4.2 0.5 -1.8
v -4.2 0.5 -2.1
v -4.2 0.5 -2.2
v -4.2 0.5 -2.3
v -4.2 0.5 -2.4
v -4.2 0.5 -2.5
v -4.2 0.5 -2.6
v -4.2 0.5 -2.7
v -4.2 0.5 -2.8
v -4.2 0.5 -3.1
v -4.2 0.5 -3.3
v -4.2 0.5 -3.4
v -4.2 0.5 -3.6
v -4.2 0.5 -3.7
v -4.2 0.5 -3.9
v -4.2 0.5 -4
v -4.2 0.6 -0.5
v -4.2 0.6 -0.6
v -4.2 0.6 -0.7
v -4.2 0.6 -0.8
v -4.2 0.6 -0.9
v -4.2 0.6 -1
v -4.2 0.6 -1.1
v -4.2 0.6 -1.3
v -4.2 0.6 -1.4
v -4.2 0.6 -1.5
v -4.2 0.6 -1.7
v -4.2 0.6 -1.9
v -4.2 0.6 -2
v -4.2 0.6 -2.1
v -4.2 0.6 -2.2
v -4.2 0.6 -2.3
v -4.2 0.6 -2.4
v -4.2 0.6 -2.6
v -4.2 0.6 -2.7
v -4.2 0.6 -2.8
v -4.2 0.6 -2.9
v -4.2 0.6 -3
v -4.2 0.6 -3.1
v -4.2 0.6 -3.4
v -4.2 0.6 -3.5
v -4.2 0.6 -3.6
v -4.2 0.6 -3.8
v -4.2 0.6 -4
v -4.2 0.7 -0.5
v -4.2 0.7 -0.6
v -4.2 0.7 -0.7
v -4.2 0.7 -0.8
v -4.2 0.7 -0.9
v -4.2 0.7 -1
v -4.2 0.7 -1.1
v -4.2 0.7 -1.3
v -4.2 0.7 -1.4
v -4.2 0.7 -1.5
v -4.2 0.7 -1.6
v -4.2 0.7 -1.7
v -4.2 0.7 -1.8
v -4.2 0.7 -1.9
v -4.2 0.7 -2
v -4.2 0.7 -2.2
v -4.2 0.7 -2.3
v -4.2 0.7 -2.4
v -4.2 0.7 -2.5
v -4.2 0.7 -2.6
v -4.2 0.7 -2.7
v -4.2 0.7 -2.8
v -4.2 0.7 -2.9
v -4.2 0.7 -3.1
v -4.2 0.7 -3.4
v -4.2 0.7 -3.5
v -4.2 0.7 -3.7
v -4.2 0.7 -3.8
v -4.2 0.7 -4
v -4.2 0.8 -0.5
v -4.2 0.8 -0.6
v -4.2 0.8 -0.7
v -4.2 0.8 -0.8
v -4.2 0.8 -0.9
v -4.2 0.8 -1
v -4.2 0.8 -1.1
v -4.2 0.8 -1.2
v -4.2 0.8 -1.3
v -4.2 0.8 -1.5
v -4.2 0.8 -1.6
v -4.2 0.8 -1.7
v -4.2 0.8 -1.8
v -4.2 0.8 -1.9
v -4.2 0.8 -2
v -4.2 0.8 -2.3
v -4.2 0.8 -2.4
v -4.2 0.8 -2.5
v -4.2 0.8 -2.6
v -4.2 0.8 -2.7
v -4.2 0.8 -2.8
v -4.2 0.8 -2.9
v -4.2 0.8 -3
v -4.2 0.8 -3.3
v -4.2 0.8 -3.4
v -4.2 0.8 -3.6
v -4.2 0.8 -3.7
v -4.2 0.8 -3.8
v -4.2 0.8 -3.9
v -4.2 0.8 -4
v -4.2 0.9 -0.5
v -4.2 0.9 -0.6
v -4.2 0.9 -0.7
v -4.2 0.9 -0.8
v -4.2 0.9 -1
v -4.2 0.9 -1.1
v -4.2 0.9 -1.2
v -4.2 0.9 -1.3
v -4.2 0.9 -1.5
v -4.2 0.9 -1.6
v -4.2 0.9 -1.7
v -4.2 0.9 -1.8
v -4.2 0.9 -1.9
v -4.2 0.9 -2
v -4.2 0.9 -2.1
v -4.2 0.9 -2.2
v -4.2 0.9 -2.4
v -4.2 0.9 -2.5
v -4.2 0.9 -2.7
v -4.2 0.9 -2.8
v -4.2 0.9 -3
v -4.2 0.9 -3.1
v -4.2 0.9 -3.3
v -4.2 0.9 -3.4
v -4.2 0.9 -3.6
v -4.2 0.9 -3.7
v -4.2 0.9 -3.8
v -4.2 0.9 -3.9
v -4.2 1 -0.5
v -4.2 1 -0.6
v -4.2 1 -0.7
v -4.2 1 -1
v -4.2 1 -1.2
v -4.2 1 -1.3
v -4.2 1 -1.6
v -4.2 1 -1.7
v -4.2 1 -1.8
v -4.2 1 -1.9
v -4.2 1 -2.1
v -4.2 1 -2.2
v -4.2 1 -2.4
v -4.2 1 -2.5
v -4.2 1 -2.6
v -4.2 1 -2.7
v -4.2 1 -2.8
v -4.2 1 -3
v -4.2 1 -3.1
v -4.2 1 -3.3
v -4.2 1 -3.4
v -4.2 1 -3.6
v -4.2 1 -3.7
v -4.2 1 -3.8
v -4.2 1 -3.9
v -4.2 1 -4
v -4.2 1.1 -1
v -4.2 1.1 -1.1
v -4.2 1.1 -1.2
v -4.2 1.1 -1.3
v -4.2 1.1 -1.4
v -4.2 1.1 -1.5
v -4.2 1.1 -1.6
v -4.2 1.1 -1.8
v -4.2 1.1 -2.1
v -4.2 1.1 -2.2
v -4.2 1.1 -2.3
v -4.2 1.1 -2.5
v -4.2 1.1 -2.6
v -4.2 1.1 -2.8
v -4.2 1.1 -2.9
v -4.2 1.1 -3.2
v -4.2 1.1 -3.4
v -4.2 1.1 -3.5
v -4.2 1.1 -3.7
v -4.2 1.1 -3.8
v -4.2 1.1 -4
v -4.2 1.2 -1
v -4.2 1.2 -1.1
v -4.2 1.2 -1.2
v -4.2 1.2 -1.3
v -4.2 1.2 -1.4
v -4.2 1.2 -1.5
v -4.2 1.2 -1.6
v -4.2 1.2 -1.8
v -4.2 1.2 -1.9
v -4.2 1.2 -2
v -4.2 1.2 -2.1
v -4.2 1.2 -2.2
v -4.2 1.2 -2.4
v -4.2 1.2 -2.5
v -4.2 1.2 -2.6
v -4.2 1.2 -2.7
v -4.2 1.2 -2.8
v -4.2 1.2 -2.9
v -4.2 1.2 -3
v -4.2 1.2 -3.2
v -4.2 1.2 -3.3
v -4.2 1.2 -3.4
v -4.2 1.2 -3.6
v -4.2 1.2 -3.7
v -4.2 1.2 -3.8
v -4.2 1.2 -4
v -4.2 1.3 -1
v -4.2 1.3 -1.1
v -4.2 1.3 -1.2
v -4.2 1.3 -1.3
v -4.2 1.3 -1.4
v -4.2 1.3 -1.5
v -4.2 1.3 -1.6
v -4.2 1.3 -1.7
v -4.2 1.3 -1.8
v -4.2 1.3 -1.9
v -4.2 1.3 -2
v -4.2 1.3 -2.1
v -4.2 1.3 -2.3
v -4.2 1.3 -2.4
v -4.2 1.3 -2.5
v -4.2 1.3 -2.6
v -4.2 1.3 -2.7
v -4.2 1.3 -2.8
v -4.2 1.3 -2.9
v -4.2 1.3 -3
v -4.2 1.3 -3.1
v -4.2 1.3 -3.2
v -4.2 1.3 -3.3
v -4.2 1.3 -3.5
v -4.2 1.3 -3.6
v -4.2 1.3 -3.7
v -4.2 1.3 -3.8
v -4.2 1.3 -3.9
v -4.2 1.3 -4
v -4.2 1.4 -1.1
v -4.2 1.4 -1.2
v -4.2 1.4 -1.3
v -4.2 1.4 -1.5
v -4.2 1.4 -1.7
v -4.2 1.4 -1.9
v -4.2 1.4 -2
v -4.2 1.4 -2.1
v -4.2 1.4 -2.2
v -4.2 1.4 -2.3
v -4.2 1.4 -2.4
v -4.2 1.4 -2.5
v -4.2 1.4 -2.6
v -4.2 1.4 -2.7
v -4.2 1.4 -2.8
v -4.2 1.4 -2.9
v -4.2 1.4 -3.1
v -4.2 1.4 -3.2
v -4.2 1.4 -3.3
v -4.2 1.4 -3.5
v -4.2 1.4 -3.6
v -4.2 1.4 -3.7
v -4.2 1.4 -3.8
v -4.2 1.4 -3.9
v -4.2 1.5 -1
v -4.2 1.5 -1.2
v -4.2 1.5 -1.3
v -4.2 1.5 -1.5
v -4.2 1.5 -1.7
v -4.2 1.5 -1.8
v -4.2 1.5 -1.9
v -4.2 1.5 -2
v -4.2 1.5 -2.1
v -4.2 1.5 -2.2
v -4.2 1.5 -2.3
v -4.2 1.5 -2.5
v -4.2 1.5 -2.7
v -4.2 1.5 -2.8
v -4.2 1.5 -2.9
v -4.2 1.5 -3.1
v -4.2 1.5 -3.2
v -4.2 1.5 -3.5
v -4.2 1.5 -3.6
v -4.2 1.5 -3.7
v -4.2 1.5 -3.8
v -4.2 1.5 -3.9
v -4.2 1.5 -4
v -4.2 1.6 -1.5
v -4.2 1.6 -1.7
v -4.2 1.6 -1.8
v -4.2 1.6 -1.9
v -4.2 1.6 -2
v -4.2 1.6 -2.2
v -4.2 1.6 -2.3
v -4.2 1.6 -2.4
v -4.2 1.6 -2.6
v -4.2 1.6 -2.7
v -4.2 1.6 -2.8
v -4.2 1.6 -3
v -4.2 1.6 -3.1
v -4.2 1.6 -3.3
v -4.2 1.6 -3.4
v -4.2 1.6 -3.6
v -4.2 1.6 -3.7
v -4.2 1.6 -4
v -4.2 1.7 -1.5
v -4.2 1.7 -1.6
v -4.2 1.7 -1.7
v -4.2 1.7 -1.8
v -4.2 1.7 -1.9
v -4.2 1.7 -2
v -4.2 1.7 -2.2
v -4.2 1.7 -2.3
v -4.2 1.7 -2.4
v -4.2 1.7 -2.5
v -4.2 1.7 -2.7
v -4.2 1.7 -2.8
v -4.2 1.7 -2.9
v -4.2 1.7 -3
v -4.2 1.7 -3.1
v -4.2 1.7 -3.2
v -4.2 1.7 -3.4
v -4.2 1.7 -3.6
v -4.2 1.7 -3.7
v -4.2 1.7 -3.8
v -4.2 1.7 -4
v -4.2 1.8 -1.5
v -4.2 1.8 -1.6
v -4.2 1.8 -1.7
v -4.2 1.8 -1.8
v -4.2 1.8 -1.9
v -4.2 1.8 -2
v -4.2 1.8 -2.2
v -4.2 1.8 -2.3
v -4.2 1.8 -2.4
v -4.2 1.8 -2.5
v -4.2 1.8 -2.6
v -4.2 1.8 -2.7
v -4.2 1.8 -2.8
v -4.2 1.8 -2.9
v -4.2 1.8 -3
v -4.2 1.8 -3.1
v -4.2 1.8 -3.2
v -4.2 1.8 -3.3
v -4.2 1.8 -3.4
v -4.2 1.8 -3.5
v -4.2 1.8 -3.6
v -4.2 1.8 -3.7
v -4.2 1.8 -3.8
v -4.2 1.8 -4
v -4.2 1.9 -1.5
v -4.2 1.9 -1.7
v -4.2 1.9 -1.9
v -4.2 1.9 -2.1
v -4.2 1.9 -2.3
v -4.2 1.9 -2.4
v -4.2 1.9 -2.5
v -4.2 1.9 -2.6
v -4.2 1.9 -2.8
v -4.2 1.9 -2.9
v -4.2 1.9 -3.1
v -4.2 1.9 -3.2
v -4.2 1.9 -3.3
v -4.2 1.9 -3.4
v -4.2 1.9 -3.5
v -4.2 1.9 -3.7
v -4.2 1.9 -3.8
v -4.2 1.9 -3.9
v -4.2 2 -1.5
v -4.2 2 -1.7
v -4.2 2 -1.8
v -4.2 2 -1.9
v -4.2 2 -2.1
v -4.2 2 -2.2
v -4.2 2 -2.4
v -4.2 2 -2.5
v -4.2 2 -2.6
v -4.2 2 -2.7
v -4.2 2 -2.9
v -4.2 2 -3
v -4.2 2 -3.1
v -4.2 2 -3.2
v -4.2 2 -3.3
v -4.2 2 -3.4
v -4.2 2 -3.7
v -4.2 2 -3.9
v -4.2 2 -4
v -4.2 2.1 -2
v -4.2 2.1 -2.2
v -4.2 2.1 -2.4
v -4.2 2.1 -2.5
v -4.2 2.1 -2.7
v -4.2 2.1 -2.8
v -4.2 2.1 -2.9
v -4.2 2.1 -3
v -4.2 2.1 -3.1
v -4.2 2.1 -3.4
v -4.2 2.1 -3.6
v -4.2 2.1 -3.7
v -4.2 2.1 -3.9
v -4.2 2.1 -4
v -4.2 2.2 -2
v -4.2 2.2 -2.1
v -4.2 2.2 -2.2
v -4.2 2.2 -2.3
v -4.2 2.2 -2.4
v -4.2 2.2 -2.5
v -4.2 2.2 -2.7
v -4.2 2.2 -2.8
v -4.2 2.2 -2.9
v -4.2 2.2 -3
v -4.2 2.2 -3.1
v -4.2 2.2 -3.2
v -4.2 2.2 -3.4
v -4.2 2.2 -3.5
v -4.2 2.2 -3.6
v -4.2 2.2 -3.8
v -4.2 2.2 -3.9
v -4.2 2.2 -4
v -4.2 2.3 -2
v -4.2 2.3 -2.1
v -4.2 2.3 -2.2
v -4.2 2.3 -2.3
v -4.2 2.3 -2.4
v -4.2 2.3 -2.5
v -4.2 2.3 -2.6
v -4.2 2.3 -2.7
v -4.2 2.3 -2.8
v -4.2 2.3 -3
v -4.2 2.3 -3.1
v -4.2 2.3 -3.2
v -4.2 2.3 -3.3
v -4.2 2.3 -3.4
v -4.2 2.3 -3.5
v -4.2 2.3 -3.7
v -4.2 2.3 -3.8
v -4.2 2.3 -3.9
v -4.2 2.4 -2.2
v -4.2 2.4 -2.3
v -4.2 2.4 -2.4
v -4.2 2.4 -2.7
v -4.2 2.4 -2.8
v -4.2 2.4 -2.9
v -4.2 2.4 -3
v -4.2 2.4 -3.1
v -4.2 2.4 -3.3
v -4.2 2.4 -3.4
v -4.2 2.4 -3.5
v -4.2 2.4 -3.7
v -4.2 2.4 -3.8
v -4.2 2.4 -3.9
v -4.2 2.4 -4
v -4.2 2.5 -2
v -4.2 2.5 -2.1
v -4.2 2.5 -2.2
v -4.2 2.5 -2.3
v -4.2 2.5 -2.4
v -4.2 2.5 -2.5
v -4.2 2.5 -2.6
v -4.2 2.5 -2.7
v -4.2 2.5 -2.8
v -4.2 2.5 -2.9
v -4.2 2.5 -3
v -4.2 2.5 -3.1
v -4.2 2.5 -3.3
v -4.2 2.5 -3.4
v -4.2 2.5 -3.7
v -4.2 2.5 -3.8
v -4.2 2.5 -3.9
v -4.2 2.5 -4
v -4.2 2.6 -2.5
v -4.2 2.6 -2.7
v -4.2 2.6 -2.8
v -4.2 2.6 -3.1
v -4.2 2.6 -3.2
v -4.2 2.6 -3.3
v -4.2 2.6 -3.4
v -4.2 2.6 -3.5
v -4.2 2.6 -3.6
v -4.2 2.6 -3.7
v -4.2 2.6 -3.8
v -4.2 2.6 -4
v -4.2 2.7 -2.5
v -4.2 2.7 -2.7
v -4.2 2.7 -2.8
v -4.2 2.7 -2.9
v -4.2 2.7 -3.1
v -4.2 2.7 -3.2
v -4.2 2.7 -3.3
v -4.2 2.7 -3.4
v -4.2 2.7 -3.5
v -4.2 2.7 -3.6
v -4.2 2.7 -3.7
v -4.2 2.7 -3.8
v -4.2 2.7 -4
v -4.2 2.8 -2.5
v -4.2 2.8 -2.6
v -4.2 2.8 -2.7
v -4.2 2.8 -2.8
v -4.2 2.8 -2.9
v -4.2 2.8 -3.1
v -4.2 2.8 -3.2
v -4.2 2.8 -3.3
v -4.2 2.8 -3.4
v -4.2 2.8 -3.5
v -4.2 2.8 -3.6
v -4.2 2.8 -3.7
v -4.2 2.8 -3.8
v -4.2 2.8 -3.9
v -4.2 2.9 -2.5
v -4.2 2.9 -2.6
v -4.2 2.9 -2.8
v -4.2 2.9 -2.9
v -4.2 2.9 -3
v -4.2 2.9 -3.2
v -4.2 2.9 -3.3
v -4.2 2.9 -3.4
v -4.2 2.9 -3.6
v -4.2 2.9 -3.7
v -4.2 2.9 -3.8
v -4.2 2.9 -3.9
v -4.2 2.9 -4
v -4.2 3 -2.5
v -4.2 3 -2.8
v -4.2 3 -3
v -4.2 3 -3.1
v -4.2 3 -3.3
v -4.2 3 -3.4
v -4.2 3 -3.6
v -4.2 3 -3.7
v -4.2 3 -3.8
v -4.2 3 -4
v -4.2 3.1 -3
v -4.2 3.1 -3.1
v -4.2 3.1 -3.3
v -4.2 3.1 -3.6
v -4.2 3.1 -3.7
v -4.2 3.1 -3.8
v -4.2 3.1 -4
v -4.2 3.2 -3.1
v -4.2 3.2 -3.2
v -4.2 3.2 -3.5
v -4.2 3.2 -3.6
v -4.2 3.2 -3.7
v -4.2 3.2 -3.8
v -4.2 3.2 -3.9
v -4.2 3.3 -3
v -4.2 3.3 -3.1
v -4.2 3.3 -3.2
v -4.2 3.3 -3.3
v -4.2 3.3 -3.5
v -4.2 3.3 -3.6
v -4.2 3.3 -3.7
v -4.2 3.3 -3.8
v -4.2 3.3 -3.9
v -4.2 3.4 -3.1
v -4.2 3.4 -3.3
v -4.2 3.4 -3.4
v -4.2 3.4 -3.5
v -4.2 3.4 -3.7
v -4.2 3.4 -3.8
v -4.2 3.4 -3.9
v -4.2 3.4 -4
v -4.2 3.5 -3
v -4.2 3.5 -3.1
v -4.2 3.5 -3.4
v -4.2 3.5 -3.5
v -4.2 3.5 -3.6
v -4.2 3.5 -3.8
v -4.2 3.5 -3.9
v -4.2 3.5 -4
v -4.2 3.6 -3.5
v -4.2 3.6 -3.7
v -4.2 3.6 -3.8
v -4.2 3.6 -3.9
v -4.2 3.6 -4
v -4.2 3.7 -3.5
v -4.2 3.7 -3.7
v -4.2 3.7 -3.8
v -4.2 3.7 -3.9
v -4.2 3.8 -3.5
v -4.2 3.8 -3.7
v -4.2 3.8 -3.8
v -4.2 3.8 -3.9
v -4.2 3.9 -3.7
v -4.2 3.9 -3.8
v -4.2 3.9 -3.9
v -4.2 3.9 -4
v -4.2 4 -3.5
v -4.2 4 -3.8
v -4.2 4 -3.9
v -4.2 4 -4
v -4.1 0 0
v -4.1 0 -0.2
v -4.1 0 -0.3
v -4.1 0 -0.5
v -4.1 0 -0.6
v -4.1 0 -0.8
v -4.1 0 -0.9
v -4.1 0 -1.3
v -4.1 0 -1.4
v -4.1 0 -1.5
v -4.1 0 -1.6
v -4.1 0 -1.7
v -4.1 0 -1.8
v -4.1 0 -2
v -4.1 0 -2.1
v -4.1 0 -2.2
v -4.1 0 -2.3
v -4.1 0 -2.4
v -4.1 0 -2.5
v -4.1 0 -2.6
v -4.1 0 -2.7
v -4.1 0 -2.8
v -4.1 0 -2.9
v -4.1 0 -3
v -4.1 0 -3.3
v -4.1 0 -3.5
v -4.1 0 -3.9
v -4.1 0 -4
v -4.1 0.1 0.1
v -4.1 0.1 0
v -4.1 0.1 -0.1
v -4.1 0.1 -0.2
v -4.1 0.1 -0.3
v -4.1 0.1 -0.4
v -4.1 0.1 -0.5
v -4.1 0.1 -0.6
v -4.1 0.1 -0.7
v -4.1 0.1 -0.8
v -4.1 0.1 -0.9
v -4.1 0.1 -1.1
v -4.1 0.1 -1.2
v -4.1 0.1 -1.3
v -4.1 0.1 -1.4
v -4.1 0.1 -1.5
v -4.1 0.1 -1.6
v -4.1 0.1 -1.7
v -4.1 0.1 -1.8
v -4.1 0.1 -2
v -4.1 0.1 -2.1
v -4.1 0.1 -2.2
v -4.1 0.1 -2.3
v -4.1 0.1 -2.4
v -4.1 0.1 -2.5
v -4.1 0.1 -2.6
v -4.1 0.1 -2.7
v -4.1 0.1 -2.8
v -4.1 0.1 -2.9
v -4.1 0.1 -3
v -4.1 0.1 -3.1
v -4.1 0.1 -3.3
v -4.1 0.1 -3.4
v -4.1 0.1 -3.5
v -4.1 0.1 -3.6
v -4.1 0.1 -3.7
v -4.1 0.1 -3.8
v -4.1 0.1 -3.9
v -4.1 0.1 -4
v -4.1 0.2 0.1
v -4.1 0.2 0
v -4.1 0.2 -1.4
v -4.1 0.2 -1.5
v -4.1 0.2 -2.7
v -4.1 0.2 -2.8
v -4.1 0.3 0.1
v -4.1 0.3 0
v -4.1 0.3 -1.4
v -4.1 0.3 -1.5
v -4.1 0.3 -2.7
v -4.1 0.3 -2.8
v -4.1 0.4 0
v -4.1 0.4 -1.4
v -4.1 0.4 -1.5
v -4.1 0.4 -2.7
v -4.1 0.4 -2.8
v -4.1 0.5 0.1
v -4.1 0.5 0
v -4.1 0.5 -0.1
v -4.1 0.5 -0.3
v -4.1 0.5 -0.4
v -4.1 0.5 -0.5
v -4.1 0.5 -0.6
v -4.1 0.5 -0.7
v -4.1 0.5 -0.8
v -4.1 0.5 -0.9
v -4.1 0.5 -1
v -4.1 0.5 -1.2
v -4.1 0.5 -1.3
v -4.1 0.5 -1.4
v -4.1 0.5 -1.5
v -4.1 0.5 -1.6
v -4.1 0.5 -1.7
v -4.1 0.5 -1.8
v -4.1 0.5 -2
v -4.1 0.5 -2.1
v -4.1 0.5 -2.2
v -4.1 0.5 -2.3
v -4.1 0.5 -2.4
v -4.1 0.5 -2.5
v -4.1 0.5 -2.6
v -4.1 0.5 -2.7
v -4.1 0.5 -2.8
v -4.1 0.5 -2.9
v -4.1 0.5 -3
v -4.1 0.5 -3.1
v -4.1 0.5 -3.3
v -4.1 0.5 -3.4
v -4.1 0.5 -3.5
v -4.1 0.5 -3.6
v -4.1 0.5 -3.7
v -4.1 0.5 -3.8
v -4.1 0.5 -3.9
v -4.1 0.5 -4
v -4.1 0.6 0
v -4.1 0.6 -0.1
v -4.1 0.6 -0.3
v -4.1 0.6 -0.4
v -4.1 0.6 -0.5
v -4.1 0.6 -0.6
v -4.1 0.6 -0.7
v -4.1 0.6 -0.8
v -4.1 0.6 -0.9
v -4.1 0.6 -1
v -4.1 0.6 -1.1
v -4.1 0.6 -1.2
v -4.1 0.6 -1.3
v -4.1 0.6 -1.4
v -4.1 0.6 -1.5
v -4.1 0.6 -1.6
v -4.1 0.6 -1.7
v -4.1 0.6 -1.9
v -4.1 0.6 -2
v -4.1 0.6 -2.1
v -4.1 0.6 -2.2
v -4.1 0.6 -2.3
v -4.1 0.6 -2.4
v -4.1 0.6 -2.6
v -4.1 0.6 -2.7
v -4.1 0.6 -2.8
v -4.1 0.6 -2.9
v -4.1 0.6 -3
v -4.1 0.6 -3.1
v -4.1 0.6 -3.3
v -4.1 0.6 -3.4
v -4.1 0.6 -3.5
v -4.1 0.6 -3.6
v -4.1 0.6 -3.7
v -4.1 0.6 -3.8
v -4.1 0.6 -3.9
v -4.1 0.6 -4
v -4.1 0.7 -0.5
v -4.1 0.7 -2.1
v -4.1 0.7 -2.2
v -4.1 0.7 -3
v -4.1 0.7 -3.1
v -4.1 0.8 -0.4
v -4.1 0.8 -0.5
v -4.1 0.8 -2.1
v -4.1 0.8 -2.2
v -4.1 0.8 -3
v -4.1 0.8 -3.1
v -4.1 0.9 -0.4
v -4.1 0.9 -0.5
v -4.1 0.9 -2.1
v -4.1 0.9 -2.2
v -4.1 0.9 -3
v -4.1 0.9 -3.1
v -4.1 1 -0.4
v -4.1 1 -0.5
v -4.1 1 -0.6
v -4.1 1 -0.7
v -4.1 1 -0.8
v -4.1 1 -1
v -4.1 1 -1.1
v -4.1 1 -1.2
v -4.1 1 -1.3
v -4.1 1 -1.4
v -4.1 1 -1.5
v -4.1 1 -1.6
v -4.1 1 -1.7
v -4.1 1 -1.8
v -4.1 1 -1.9
v -4.1 1 -2.1
v -4.1 1 -2.2
v -4.1 1 -2.3
v -4.1 1 -2.4
v -4.1 1 -2.5
v -4.1 1 -2.6
v -4.1 1 -2.7
v -4.1 1 -2.8
v -4.1 1 -2.9
v -4.1 1 -3
v -4.1 1 -3.1
v -4.1 1 -3.3
v -4.1 1 -3.4
v -4.1 1 -3.5
v -4.1 1 -3.6
v -4.1 1 -3.7
v -4.1 1 -3.8
v -4.1 1 -3.9
v -4.1 1 -4
v -4.1 1.1 -0.5
v -4.1 1.1 -0.6
v -4.1 1.1 -0.7
v -4.1 1.1 -0.8
v -4.1 1.1 -0.9
v -4.1 1.1 -1
v -4.1 1.1 -1.1
v -4.1 1.1 -1.2
v -4.1 1.1 -1.3
v -4.1 1.1 -1.4
v -4.1 1.1 -1.5
v -4.1 1.1 -1.6
v -4.1 1.1 -1.8
v -4.1 1.1 -1.9
v -4.1 1.1 -2.1
v -4.1 1.1 -2.2
v -4.1 1.1 -2.3
v -4.1 1.1 -2.4
v -4.1 1.1 -2.5
v -4.1 1.1 -2.6
v -4.1 1.1 -2.8
v -4.1 1.1 -2.9
v -4.1 1.1 -3
v -4.1 1.1 -3.1
v -4.1 1.1 -3.2
v -4.1 1.1 -3.3
v -4.1 1.1 -3.4
v -4.1 1.1 -3.5
v -4.1 1.1 -3.7
v -4.1 1.1 -3.8
v -4.1 1.1 -4
v -4.1 1.2 -1
v -4.1 1.2 -2.8
v -4.1 1.2 -2.9
v -4.1 1.3 -0.9
v -4.1 1.3 -1
v -4.1 1.3 -2.8
v -4.1 1.3 -2.9
v -4.1 1.4 -0.9
v -4.1 1.4 -1
v -4.1 1.4 -2.8
v -4.1 1.4 -2.9
v -4.1 1.5 -0.9
v -4.1 1.5 -1
v -4.1 1.5 -1.2
v -4.1 1.5 -1.3
v -4.1 1.5 -1.4
v -4.1 1.5 -1.5
v -4.1 1.5 -1.7
v -4.1 1.5 -1.8
v -4.1 1.5 -1.9
v -4.1 1.5 -2
v -4.1 1.5 -2.1
v -4.1 1.5 -2.2
v -4.1 1.5 -2.3
v -4.1 1.5 -2.4
v -4.1 1.5 -2.5
v -4.1 1.5 -2.7
v -4.1 1.5 -2.8
v -4.1 1.5 -2.9
v -4.1 1.5 -3
v -4.1 1.5 -3.1
v -4.1 1.5 -3.2
v -4.1 1.5 -3.4
v -4.1 1.5 -3.5
v -4.1 1.5 -3.6
v -4.1 1.5 -3.7
v -4.1 1.5 -3.8
v -4.1 1.5 -3.9
v -4.1 1.5 -4
v -4.1 1.6 -1
v -4.1 1.6 -1.2
v -4.1 1.6 -1.3
v -4.1 1.6 -1.4
v -4.1 1.6 -1.5
v -4.1 1.6 -1.7
v -4.1 1.6 -1.8
v -4.1 1.6 -1.9
v -4.1 1.6 -2
v -4.1 1.6 -2.1
v -4.1 1.6 -2.2
v -4.1 1.6 -2.3
v -4.1 1.6 -2.4
v -4.1 1.6 -2.6
v -4.1 1.6 -2.7
v -4.1 1.6 -2.8
v -4.1 1.6 -2.9
v -4.1 1.6 -3
v -4.1 1.6 -3.1
v -4.1 1.6 -3.3
v -4.1 1.6 -3.4
v -4.1 1.6 -3.6
v -4.1 1.6 -3.7
v -4.1 1.6 -4
v -4.1 1.7 -1.4
v -4.1 1.7 -1.5
v -4.1 1.7 -3.3
v -4.1 1.7 -3.4
v -4.1 1.8 -1.4
v -4.1 1.8 -1.5
v -4.1 1.8 -3.3
v -4.1 1.8 -3.4
v -4.1 1.9 -1.5
v -4.1 1.9 -3.3
v -4.1 1.9 -3.4
v -4.1 2 -1.4
v -4.1 2 -1.5
v -4.1 2 -1.7
v -4.1 2 -1.8
v -4.1 2 -1.9
v -4.1 2 -2
v -4.1 2 -2.1
v -4.1 2 -2.2
v -4.1 2 -2.3
v -4.1 2 -2.4
v -4.1 2 -2.5
v -4.1 2 -2.6
v -4.1 2 -2.7
v -4.1 2 -2.9
v -4.1 2 -3
v -4.1 2 -3.1
v -4.1 2 -3.2
v -4.1 2 -3.3
v -4.1 2 -3.4
v -4.1 2 -3.5
v -4.1 2 -3.6
v -4.1 2 -3.7
v -4.1 2 -3.9
v -4.1 2 -4
v -4.1 2.1 -1.5
v -4.1 2.1 -1.9
v -4.1 2.1 -2
v -4.1 2.1 -2.2
v -4.1 2.1 -2.3
v -4.1 2.1 -2.4
v -4.1 2.1 -2.5
v -4.1 2.1 -2.6
v -4.1 2.1 -2.7
v -4.1 2.1 -2.8
v -4.1 2.1 -2.9
v -4.1 2.1 -3
v -4.1 2.1 -3.1
v -4.1 2.1 -3.2
v -4.1 2.1 -3.3
v -4.1 2.1 -3.4
v -4.1 2.1 -3.5
v -4.1 2.1 -3.6
v -4.1 2.1 -3.7
v -4.1 2.1 -3.9
v -4.1 2.1 -4
v -4.1 2.2 -2
v -4.1 2.2 -3
v -4.1 2.2 -3.1
v -4.1 2.3 -2
v -4.1 2.3 -3
v -4.1 2.3 -3.1
v -4.1 2.4 -1.9
v -4.1 2.4 -2
v -4.1 2.4 -3
v -4.1 2.4 -3.1
v -4.1 2.5 -1.9
v -4.1 2.5 -2
v -4.1 2.5 -2.1
v -4.1 2.5 -2.2
v -4.1 2.5 -2.3
v -4.1 2.5 -2.4
v -4.1 2.5 -2.5
v -4.1 2.5 -2.6
v -4.1 2.5 -2.7
v -4.1 2.5 -2.8
v -4.1 2.5 -2.9
v -4.1 2.5 -3
v -4.1 2.5 -3.1
v -4.1 2.5 -3.2
v -4.1 2.5 -3.3
v -4.1 2.5 -3.4
v -4.1 2.5 -3.6
v -4.1 2.5 -3.7
v -4.1 2.5 -3.8
v -4.1 2.5 -3.9
v -4.1 2.5 -4
v -4.1 2.6 -2
v -4.1 2.6 -2.1
v -4.1 2.6 -2.3
v -4.1 2.6 -2.4
v -4.1 2.6 -2.5
v -4.1 2.6 -2.6
v -4.1 2.6 -2.7
v -4.1 2.6 -2.8
v -4.1 2.6 -3
v -4.1 2.6 -3.1
v -4.1 2.6 -3.2
v -4.1 2.6 -3.3
v -4.1 2.6 -3.4
v -4.1 2.6 -3.5
v -4.1 2.6 -3.6
v -4.1 2.6 -3.7
v -4.1 2.6 -3.8
v -4.1 2.6 -4
v -4.1 2.7 -2.4
v -4.1 2.7 -2.5
v -4.1 2.7 -3.7
v -4.1 2.7 -3.8
v -4.1 2.8 -2.4
v -4.1 2.8 -2.5
v -4.1 2.8 -3.7
v -4.1 2.8 -3.8
v -4.1 2.9 -2.4
v -4.1 2.9 -2.5
v -4.1 2.9 -3.7
v -4.1 2.9 -3.8
v -4.1 3 -2.4
v -4.1 3 -2.5
v -4.1 3 -2.6
v -4.1 3 -2.7
v -4.1 3 -2.8
v -4.1 3 -3
v -4.1 3 -3.1
v -4.1 3 -3.2
v -4.1 3 -3.3
v -4.1 3 -3.4
v -4.1 3 -3.5
v -4.1 3 -3.6
v -4.1 3 -3.7
v -4.1 3 -3.8
v -4.1 3 -3.9
v -4.1 3 -4
v -4.1 3.1 -2.5
v -4.1 3.1 -2.6
v -4.1 3.1 -2.7
v -4.1 3.1 -2.8
v -4.1 3.1 -2.9
v -4.1 3.1 -3
v -4.1 3.1 -3.1
v -4.1 3.1 -3.2
v -4.1 3.1 -3.3
v -4.1 3.1 -3.4
v -4.1 3.1 -3.5
v -4.1 3.1 -3.6
v -4.1 3.1 -3.7
v -4.1 3.1 -3.8
v -4.1 3.1 -3.9
v -4.1 3.1 -4
v -4.1 3.3 -2.9
v -4.1 3.3 -3
v -4.1 3.4 -2.9
v -4.1 3.4 -3
v -4.1 3.5 -2.9
v -4.1 3.5 -3
v -4.1 3.5 -3.1
v -4.1 3.5 -3.2
v -4.1 3.5 -3.3
v -4.1 3.5 -3.4
v -4.1 3.5 -3.5
v -4.1 3.5 -3.6
v -4.1 3.5 -3.7
v -4.1 3.5 -3.8
v -4.1 3.5 -3.9
v -4.1 3.5 -4
v -4.1 3.6 -3
v -4.1 3.6 -3.1
v -4.1 3.6 -3.2
v -4.1 3.6 -3.3
v -4.1 3.6 -3.4
v -4.1 3.6 -3.5
v -4.1 3.6 -3.6
v -4.1 3.6 -3.7
v -4.1 3.6 -3.8
v -4.1 3.6 -3.9
v -4.1 3.6 -4
v -4.1 3.7 -3.5
v -4.1 3.8 -3.5
v -4.1 3.9 -3.4
v -4.1 3.9 -3.5
v -4.1 4 -3.4
v -4.1 4 -3.5
v -4.1 4 -3.8
v -4.1 4 -3.9
v -4.1 4 -4
v -4.1 4.1 -3.5
v -4.1 4.1 -4
v -4 0 -1.4
v -4 0 -1.5
v -4 0.1 -1.4
v -4 0.1 -1.5
v -3.6 0.1 0.1
v -3.6 0.1 0
v -3.6 0.3 0.1
v -3.6 0.3 0
v -3.6 0.4 0.1
v -3.6 0.4 0
v -3.6 0.5 0.1
v -3.6 0.5 0
v -3.6 0.5 -0.2
v -3.6 0.5 -0.5
v -3.6 0.6 0
v -3.6 0.6 -0.4
v -3.6 0.6 -0.5
v -3.6 1.1 -0.9
v -3.6 1.1 -1
v -3.6 1.2 -0.9
v -3.6 1.2 -1
v -3.6 1.3 -0.9
v -3.6 1.3 -1
v -3.6 1.4 -0.9
v -3.6 1.4 -1
v -3.6 1.5 -0.9
v -3.6 1.5 -1
v -3.6 1.5 -1.2
v -3.6 1.5 -1.3
v -3.6 1.5 -1.5
v -3.6 1.6 -1
v -3.6 1.6 -1.2
v -3.6 1.6 -1.3
v -3.6 1.6 -1.4
v -3.6 1.6 -1.5
v -3.5 3.1 -2.9
v -3.5 3.1 -3
v -3.5 3.3 -2.9
v -3.5 3.3 -3
v -3.5 3.4 -3
v -3.5 3.5 -2.9
v -3.5 3.5 -3
v -3.5 3.5 -3.1
v -3.5 3.5 -3.3
v -3.5 3.5 -3.4
v -3.5 3.5 -3.5
v -3.5 3.6 -3
v -3.5 3.6 -3.4
v -3.5 3.6 -3.5
v -3.4 2.1 -1.9
v -3.4 2.1 -2
v -3.4 2.2 -2
v -3.4 2.3 -1.9
v -3.4 2.3 -2
v -3.4 2.4 -1.9
v -3.4 2.4 -2
v -3.4 2.5 -1.9
v -3.4 2.5 -2
v -3.4 2.5 -2.1
v -3.4 2.5 -2.2
v -3.4 2.5 -2.3
v -3.4 2.5 -2.5
v -3.4 2.6 -2
v -3.4 2.6 -2.2
v -3.4 2.6 -2.3
v -3.4 2.6 -2.4
v -3.4 2.6 -2.5
v -3.2 0.6 -0.4
v -3.2 0.6 -0.5
v -3.2 0.7 -0.4
v -3.2 0.7 -0.5
v -3.2 0.8 -0.4
v -3.2 0.8 -0.5
v -3.2 0.9 -0.4
v -3.2 0.9 -0.5
v -3.2 1 -0.4
v -3.2 1 -0.5
v -3.2 1 -0.6
v -3.2 1 -0.7
v -3.2 1 -0.8
v -3.2 1 -1
v -3.2 1.1 -0.5
v -3.2 1.1 -0.6
v -3.2 1.1 -0.7
v -3.2 1.1 -0.8
v -3.2 1.1 -0.9
v -3.2 1.1 -1
v -3 1.6 -1.4
v -3 1.6 -1.5
v -3 1.7 -1.4
v -3 1.7 -1.5
v -3 1.8 -1.4
v -3 1.8 -1.5
v -3 1.9 -1.4
v -3 1.9 -1.5
v -3 2 -1.4
v -3 2 -1.5
v -3 2 -1.6
v -3 2 -1.8
v -3 2 -1.9
v -3 2 -2
v -3 2.1 -1.5
v -3 2.1 -1.6
v -3 2.1 -1.8
v -3 2.1 -1.9
v -3 2.1 -2
v -2.8 2.6 -2.4
v -2.8 2.6 -2.5
v -2.8 2.7 -2.4
v -2.8 2.7 -2.5
v -2.8 2.8 -2.4
v -2.8 2.8 -2.5
v -2.8 2.9 -2.4
v -2.8 2.9 -2.5
v -2.8 3 -2.4
v -2.8 3 -2.5
v -2.8 3 -2.6
v -2.8 3 -2.7
v -2.8 3 -2.8
v -2.8 3 -2.9
v -2.8 3 -3
v -2.8 3.1 -2.5
v -2.8 3.1 -2.6
v -2.8 3.1 -2.7
v -2.8 3.1 -2.8
v -2.8 3.1 -2.9
v -2.8 3.1 -3
v -2.6 0.1 0.1
v -2.6 0.1 0
v -2.6 0.2 0
v -2.6 0.3 0.1
v -2.6 0.3 0
v -2.6 0.4 0.1
v -2.6 0.4 0
v -2.6 0.5 0.1
v -2.6 0.5 0
v -2.6 0.5 -0.1
v -2.6 0.5 -0.2
v -2.6 0.5 -0.3
v -2.6 0.5 -0.5
v -2.6 0.6 0
v -2.6 0.6 -0.2
v -2.6 0.6 -0.3
v -2.6 0.6 -0.4
v -2.6 0.6 -0.5
v -2.5 3.6 -3.4
v -2.5 3.6 -3.5
v -2.5 3.7 -3.4
v -2.5 3.7 -3.5
v -2.5 3.8 -3.4
v -2.5 3.8 -3.5
v -2.5 3.9 -3.4
v -2.5 3.9 -3.5
v -2.5 4 -3.4
v -2.5 4 -3.5
v -2.5 4 -3.6
v -2.5 4 -3.7
v -2.5 4 -3.8
v -2.5 4 -3.9
v -2.5 4 -4
v -2.5 4.1 -3.5
v -2.5 4.1 -3.7
v -2.5 4.1 -3.8
v -2.5 4.1 -3.9
v -2.5 4.1 -4
v -2.3 1.1 -0.9
v -2.3 1.1 -1
v -2.3 1.2 -0.9
v -2.3 1.2 -1
v -2.3 1.3 -0.9
v -2.3 1.3 -1
v -2.3 1.4 -0.9
v -2.3 1.4 -1
v -2.3 1.5 -0.9
v -2.3 1.5 -1
v -2.3 1.5 -1.1
v -2.3 1.5 -1.3
v -2.3 1.5 -1.4
v -2.3 1.5 -1.5
v -2.3 1.6 -1
v -2.3 1.6 -1.1
v -2.3 1.6 -1.3
v -2.3 1.6 -1.4
v -2.3 1.6 -1.5
v -2.1 3.1 -2.9
v -2.1 3.1 -3
v -2.1 3.3 -2.9
v -2.1 3.3 -3
v -2.1 3.4 -2.9
v -2.1 3.4 -3
v -2.1 3.5 -2.9
v -2.1 3.5 -3
v -2.1 3.5 -3.1
v -2.1 3.5 -3.3
v -2.1 3.5 -3.4
v -2.1 3.5 -3.5
v -2.1 3.6 -3
v -2.1 3.6 -3.4
v -2.1 3.6 -3.5
v -1.8 0.6 -0.4
v -1.8 0.6 -0.5
v -1.8 0.7 -0.4
v -1.8 0.7 -0.5
v -1.8 0.8 -0.5
v -1.8 0.9 -0.4
v -1.8 0.9 -0.5
v -1.8 1 -0.4
v -1.8 1 -0.5
v -1.8 1 -0.8
v -1.8 1 -0.9
v -1.8 1 -1
v -1.8 1.1 -0.5
v -1.8 1.1 -0.8
v -1.8 1.1 -0.9
v -1.8 1.1 -1
v -1.7 1.6 -1.4
v -1.7 1.6 -1.5
v -1.7 1.7 -1.4
v -1.7 1.7 -1.5
v -1.7 1.8 -1.4
v -1.7 1.8 -1.5
v -1.7 1.9 -1.4
v -1.7 1.9 -1.5
v -1.7 2 -1.4
v -1.7 2 -1.5
v -1.7 2 -1.6
v -1.7 2 -1.7
v -1.7 2 -1.8
v -1.7 2 -1.9
v -1.7 2 -2
v -1.7 2.1 -1.5
v -1.7 2.1 -1.6
v -1.7 2.1 -1.8
v -1.7 2.1 -1.9
v -1.7 2.1 -2
v -1.3 2.6 -2.4
v -1.3 2.6 -2.5
v -1.3 2.7 -2.5
v -1.3 2.8 -2.4
v -1.3 2.8 -2.5
v -1.3 2.9 -2.4
v -1.3 2.9 -2.5
v -1.3 3 -2.4
v -1.3 3 -2.5
v -1.3 3 -2.6
v -1.3 3 -2.7
v -1.3 3 -2.8
v -1.3 3 -2.9
v -1.3 3 -3
v -1.3 3.1 -2.5
v -1.3 3.1 -2.6
v -1.3 3.1 -2.7
v -1.3 3.1 -2.9
v -1.3 3.1 -3
v -1.1 1.1 -0.9
v -1.1 1.1 -1
v -1.1 1.2 -0.9
v -1.1 1.2 -1
v -1.1 1.4 -0.9
v -1.1 1.4 -1
v -1.1 1.5 -0.9
v -1.1 1.5 -1
v -1.1 1.5 -1.2
v -1.1 1.5 -1.3
v -1.1 1.5 -1.4
v -1.1 1.5 -1.5
v -1.1 1.6 -1
v -1.1 1.6 -1.3
v -1.1 1.6 -1.4
v -1.1 1.6 -1.5
v -0.9 0.1 0.1
v -0.9 0.1 0
v -0.9 0.2 0.1
v -0.9 0.2 0
v -0.9 0.3 0.1
v -0.9 0.3 0
v -0.9 0.4 0
v -0.9 0.5 0.1
v -0.9 0.5 0
v -0.9 0.5 -0.1
v -0.9 0.5 -0.3
v -0.9 0.5 -0.4
v -0.9 0.5 -0.5
v -0.9 0.6 0
v -0.9 0.6 -0.1
v -0.9 0.6 -0.3
v -0.9 0.6 -0.4
v -0.9 0.6 -0.5
v -0.9 2.1 -1.9
v -0.9 2.1 -2
v -0.9 2.2 -1.9
v -0.9 2.2 -2
v -0.9 2.3 -1.9
v -0.9 2.3 -2
v -0.9 2.4 -1.9
v -0.9 2.4 -2
v -0.9 2.5 -1.9
v -0.9 2.5 -2
v -0.9 2.5 -2.1
v -0.9 2.5 -2.2
v -0.9 2.5 -2.3
v -0.9 2.5 -2.4
v -0.9 2.5 -2.5
v -0.9 2.6 -2
v -0.9 2.6 -2.1
v -0.9 2.6 -2.2
v -0.9 2.6 -2.3
v -0.9 2.6 -2.4
v -0.9 2.6 -2.5
v -0.8 3.1 -2.9
v -0.8 3.1 -3
v -0.8 3.2 -3
v -0.8 3.3 -2.9
v -0.8 3.3 -3
v -0.8 3.4 -2.9
v -0.8 3.4 -3
v -0.8 3.5 -2.9
v -0.8 3.5 -3
v -0.8 3.5 -3.1
v -0.8 3.5 -3.2
v -0.8 3.5 -3.3
v -0.8 3.5 -3.4
v -0.8 3.5 -3.5
v -0.8 3.6 -3
v -0.8 3.6 -3.1
v -0.8 3.6 -3.3
v -0.8 3.6 -3.4
v -0.8 3.6 -3.5
v -0.5 1.6 -1.4
v -0.5 1.6 -1.5
v -0.5 1.7 -1.4
v -0.5 1.7 -1.5
v -0.5 1.9 -1.4
v -0.5 1.9 -1.5
v -0.5 2 -1.4
v -0.5 2 -1.5
v -0.5 2 -1.7
v -0.5 2 -1.8
v -0.5 2 -2
v -0.5 2.1 -1.5
v -0.5 2.1 -1.8
v -0.5 2.1 -1.9
v -0.5 2.1 -2
v -0.3 0.6 -0.4
v -0.3 0.6 -0.5
v -0.3 0.7 -0.5
v -0.3 0.8 -0.4
v -0.3 0.8 -0.5
v -0.3 0.9 -0.4
v -0.3 0.9 -0.5
v -0.3 1 -0.4
v -0.3 1 -0.5
v -0.3 1 -0.7
v -0.3 1 -0.8
v -0.3 1 -0.9
v -0.3 1 -1
v -0.3 1.1 -0.5
v -0.3 1.1 -0.7
v -0.3 1.1 -0.8
v -0.3 1.1 -0.9
v -0.3 1.1 -1
v -0.3 2.6 -2.4
v -0.3 2.6 -2.5
v -0.3 2.8 -2.4
v -0.3 2.8 -2.5
v -0.3 2.9 -2.4
v -0.3 2.9 -2.5
v -0.3 3 -2.4
v -0.3 3 -2.5
v -0.3 3 -2.6
v -0.3 3 -2.7
v -0.3 3 -2.8
v -0.3 3 -2.9
v -0.3 3 -3
v -0.3 3.1 -2.5
v -0.3 3.1 -2.6
v -0.3 3.1 -2.7
v -0.3 3.1 -2.8
v -0.3 3.1 -2.9
v -0.3 3.1 -3
v -0.3 3.6 -3.4
v -0.3 3.6 -3.5
v -0.3 3.8 -3.4
v -0.3 3.8 -3.5
v -0.3 3.9 -3.4
v -0.3 3.9 -3.5
v -0.3 4 -3.4
v -0.3 4 -3.5
v -0.3 4 -3.6
v -0.3 4 -3.7
v -0.3 4 -3.8
v -0.3 4 -4
v -0.3 4.1 -3.5
v -0.3 4.1 -3.6
v -0.3 4.1 -3.7
v -0.3 4.1 -3.8
v -0.3 4.1 -4
v -3.7 0.1 0.1
v -3.7 0.1 0
v -3.7 0.2 0.1
v -3.7 0.2 0
v -3.7 0.3 0.1
v -3.7 0.3 0
v -3.7 0.4 0.1
v -3.7 0.4 0
v -3.7 0.5 0.1
v -3.7 0.5 0
v -3.7 0.5 -0.1
v -3.7 0.5 -0.2
v -3.7 0.5 -0.4
v -3.7 0.5 -0.5
v -3.7 0.6 0
v -3.7 0.6 -0.1
v -3.7 0.6 -0.2
v -3.7 0.6 -0.4
v -3.7 0.6 -0.5
v -3.7 1.1 -0.9
v -3.7 1.1 -1
v -3.7 1.2 -0.9
v -3.7 1.2 -1
v -3.7 1.5 -0.9
v -3.7 1.5 -1
v -3.7 1.5 -1.1
v -3.7 1.5 -1.2
v -3.7 1.5 -1.3
v -3.7 1.5 -1.5
v -3.7 1.6 -1
v -3.7 1.6 -1.1
v -3.7 1.6 -1.2
v -3.7 1.6 -1.3
v -3.7 1.6 -1.4
v -3.7 1.6 -1.5
v -3.6 3.1 -2.9
v -3.6 3.1 -3
v -3.6 3.2 -2.9
v -3.6 3.2 -3
v -3.6 3.3 -2.9
v -3.6 3.3 -3
v -3.6 3.4 -2.9
v -3.6 3.4 -3
v -3.6 3.5 -2.9
v -3.6 3.5 -3
v -3.6 3.5 -3.1
v -3.6 3.5 -3.3
v -3.6 3.5 -3.4
v -3.6 3.5 -3.5
v -3.6 3.6 -3
v -3.6 3.6 -3.1
v -3.6 3.6 -3.3
v -3.6 3.6 -3.4
v -3.6 3.6 -3.5
v -3.5 2.1 -1.9
v -3.5 2.1 -2
v -3.5 2.2 -1.9
v -3.5 2.2 -2
v -3.5 2.3 -1.9
v -3.5 2.3 -2
v -3.5 2.4 -1.9
v -3.5 2.4 -2
v -3.5 2.5 -1.9
v -3.5 2.5 -2
v -3.5 2.5 -2.1
v -3.5 2.5 -2.2
v -3.5 2.5 -2.3
v -3.5 2.5 -2.5
v -3.5 2.6 -2
v -3.5 2.6 -2.2
v -3.5 2.6 -2.3
v -3.5 2.6 -2.4
v -3.5 2.6 -2.5
v -3.3 0.6 -0.4
v -3.3 0.6 -0.5
v -3.3 0.7 -0.5
v -3.3 0.8 -0.4
v -3.3 0.8 -0.5
v -3.3 0.9 -0.4
v -3.3 0.9 -0.5
v -3.3 1 -0.4
v -3.3 1 -0.5
v -3.3 1 -0.7
v -3.3 1 -0.8
v -3.3 1 -1
v -3.3 1.1 -0.5
v -3.3 1.1 -0.8
v -3.3 1.1 -0.9
v -3.3 1.1 -1
v -3.1 1.6 -1.4
v -3.1 1.6 -1.5
v -3.1 1.9 -1.4
v -3.1 1.9 -1.5
v -3.1 2 -1.4
v -3.1 2 -1.5
v -3.1 2 -1.8
v -3.1 2 -1.9
v -3.1 2 -2
v -3.1 2.1 -1.5
v -3.1 2.1 -1.8
v -3.1 2.1 -1.9
v -3.1 2.1 -2
v -2.9 2.6 -2.4
v -2.9 2.6 -2.5
v -2.9 2.7 -2.4
v -2.9 2.7 -2.5
v -2.9 2.8 -2.4
v -2.9 2.8 -2.5
v -2.9 2.9 -2.4
v -2.9 2.9 -2.5
v -2.9 3 -2.4
v -2.9 3 -2.5
v -2.9 3 -2.7
v -2.9 3 -2.8
v -2.9 3 -2.9
v -2.9 3 -3
v -2.9 3.1 -2.5
v -2.9 3.1 -2.7
v -2.9 3.1 -2.9
v -2.9 3.1 -3
v -2.7 0.1 0.1
v -2.7 0.1 0
v -2.7 0.2 0.1
v -2.7 0.2 0
v -2.7 0.3 0
v -2.7 0.4 0.1
v -2.7 0.4 0
v -2.7 0.5 0.1
v -2.7 0.5 0
v -2.7 0.5 -0.1
v -2.7 0.5 -0.3
v -2.7 0.5 -0.5
v -2.7 0.6 0
v -2.7 0.6 -0.1
v -2.7 0.6 -0.4
v -2.7 0.6 -0.5
v -2.6 3.6 -3.4
v -2.6 3.6 -3.5
v -2.6 3.7 -3.4
v -2.6 3.7 -3.5
v -2.6 3.8 -3.5
v -2.6 3.9 -3.4
v -2.6 3.9 -3.5
v -2.6 4 -3.4
v -2.6 4 -3.5
v -2.6 4 -3.6
v -2.6 4 -3.8
v -2.6 4 -3.9
v -2.6 4 -4
v -2.6 4.1 -3.5
v -2.6 4.1 -3.8
v -2.6 4.1 -4
v -2.4 1.1 -0.9
v -2.4 1.1 -1
v -2.4 1.2 -0.9
v -2.4 1.2 -1
v -2.4 1.3 -0.9
v -2.4 1.3 -1
v -2.4 1.4 -1
v -2.4 1.5 -0.9
v -2.4 1.5 -1
v -2.4 1.5 -1.1
v -2.4 1.5 -1.3
v -2.4 1.5 -1.4
v -2.4 1.5 -1.5
v -2.4 1.6 -1
v -2.4 1.6 -1.1
v -2.4 1.6 -1.3
v -2.4 1.6 -1.4
v -2.4 1.6 -1.5
v -2.2 3.1 -2.9
v -2.2 3.1 -3
v -2.2 3.2 -2.9
v -2.2 3.2 -3
v -2.2 3.3 -2.9
v -2.2 3.3 -3
v -2.2 3.4 -2.9
v -2.2 3.4 -3
v -2.2 3.5 -2.9
v -2.2 3.5 -3
v -2.2 3.5 -3.1
v -2.2 3.5 -3.2
v -2.2 3.5 -3.3
v -2.2 3.5 -3.4
v -2.2 3.5 -3.5
v -2.2 3.6 -3
v -2.2 3.6 -3.1
v -2.2 3.6 -3.2
v -2.2 3.6 -3.3
v -2.2 3.6 -3.4
v -2.2 3.6 -3.5
v -1.9 0.6 -0.4
v -1.9 0.6 -0.5
v -1.9 0.7 -0.4
v -1.9 0.7 -0.5
v -1.9 0.8 -0.4
v -1.9 0.8 -0.5
v -1.9 0.9 -0.4
v -1.9 0.9 -0.5
v -1.9 1 -0.4
v -1.9 1 -0.5
v -1.9 1 -0.8
v -1.9 1 -0.9
v -1.9 1 -1
v -1.9 1.1 -0.5
v -1.9 1.1 -0.8
v -1.9 1.1 -0.9
v -1.9 1.1 -1
v -1.8 1.6 -1.4
v -1.8 1.6 -1.5
v -1.8 1.7 -1.4
v -1.8 1.7 -1.5
v -1.8 1.9 -1.4
v -1.8 1.9 -1.5
v -1.8 2 -1.4
v -1.8 2 -1.5
v -1.8 2 -1.7
v -1.8 2 -1.8
v -1.8 2 -1.9
v -1.8 2 -2
v -1.8 2.1 -1.5
v -1.8 2.1 -1.7
v -1.8 2.1 -1.8
v -1.8 2.1 -1.9
v -1.8 2.1 -2
v -1.4 2.6 -2.4
v -1.4 2.6 -2.5
v -1.4 2.7 -2.4
v -1.4 2.7 -2.5
v -1.4 2.8 -2.4
v -1.4 2.8 -2.5
v -1.4 2.9 -2.4
v -1.4 2.9 -2.5
v -1.4 3 -2.4
v -1.4 3 -2.5
v -1.4 3 -2.7
v -1.4 3 -2.8
v -1.4 3 -2.9
v -1.4 3 -3
v -1.4 3.1 -2.5
v -1.4 3.1 -2.8
v -1.4 3.1 -2.9
v -1.4 3.1 -3
v -1.2 1.1 -0.9
v -1.2 1.1 -1
v -1.2 1.2 -0.9
v -1.2 1.2 -1
v -1.2 1.4 -0.9
v -1.2 1.4 -1
v -1.2 1.5 -0.9
v -1.2 1.5 -1
v -1.2 1.5 -1.2
v -1.2 1.5 -1.3
v -1.2 1.5 -1.4
v -1.2 1.5 -1.5
v -1.2 1.6 -1
v -1.2 1.6 -1.2
v -1.2 1.6 -1.3
v -1.2 1.6 -1.4
v -1.2 1.6 -1.5
v -1 0.1 0.1
v -1 0.1 0
v -1 0.2 0.1
v -1 0.2 0
v -1 0.3 0.1
v -1 0.3 0
v -1 0.4 0.1
v -1 0.4 0
v -1 0.5 0.1
v -1 0.5 0
v -1 0.5 -0.1
v -1 0.5 -0.3
v -1 0.5 -0.4
v -1 0.5 -0.5
v -1 0.6 0
v -1 0.6 -0.3
v -1 0.6 -0.4
v -1 0.6 -0.5
v -1 2.1 -1.9
v -1 2.1 -2
v -1 2.2 -1.9
v -1 2.2 -2
v -1 2.3 -1.9
v -1 2.3 -2
v -1 2.4 -1.9
v -1 2.4 -2
v -1 2.5 -1.9
v -1 2.5 -2
v -1 2.5 -2.1
v -1 2.5 -2.3
v -1 2.5 -2.4
v -1 2.5 -2.5
v -1 2.6 -2
v -1 2.6 -2.3
v -1 2.6 -2.4
v -1 2.6 -2.5
v -0.9 3.1 -2.9
v -0.9 3.1 -3
v -0.9 3.2 -2.9
v -0.9 3.2 -3
v -0.9 3.3 -3
v -0.9 3.4 -2.9
v -0.9 3.4 -3
v -0.9 3.5 -2.9
v -0.9 3.5 -3
v -0.9 3.5 -3.1
v -0.9 3.5 -3.2
v -0.9 3.5 -3.3
v -0.9 3.5 -3.4
v -0.9 3.5 -3.5
v -0.9 3.6 -3
v -0.9 3.6 -3.2
v -0.9 3.6 -3.3
v -0.9 3.6 -3.4
v -0.9 3.6 -3.5
v -0.6 1.6 -1.4
v -0.6 1.6 -1.5
v -0.6 1.7 -1.4
v -0.6 1.7 -1.5
v -0.6 1.9 -1.4
v -0.6 1.9 -1.5
v -0.6 2 -1.4
v -0.6 2 -1.5
v -0.6 2 -1.7
v -0.6 2 -1.8
v -0.6 2 -1.9
v -0.6 2 -2
v -0.6 2.1 -1.5
v -0.6 2.1 -1.7
v -0.6 2.1 -1.8
v -0.6 2.1 -1.9
v -0.6 2.1 -2
v -0.4 0.6 -0.4
v -0.4 0.6 -0.5
v -0.4 0.7 -0.4
v -0.4 0.7 -0.5
v -0.4 0.9 -0.5
v -0.4 1 -0.4
v -0.4 1 -0.5
v -0.4 1 -0.6
v -0.4 1 -0.7
v -0.4 1 -0.8
v -0.4 1 -1
v -0.4 1.1 -0.5
v -0.4 1.1 -0.6
v -0.4 1.1 -0.7
v -0.4 1.1 -0.8
v -0.4 1.1 -0.9
v -0.4 1.1 -1
v -0.4 2.6 -2.4
v -0.4 2.6 -2.5
v -0.4 2.8 -2.4
v -0.4 2.8 -2.5
v -0.4 2.9 -2.4
v -0.4 2.9 -2.5
v -0.4 3 -2.4
v -0.4 3 -2.5
v -0.4 3 -2.7
v -0.4 3 -2.8
v -0.4 3 -2.9
v -0.4 3 -3
v -0.4 3.1 -2.5
v -0.4 3.1 -2.7
v -0.4 3.1 -2.8
v -0.4 3.1 -2.9
v -0.4 3.1 -3
v -0.4 3.6 -3.4
v -0.4 3.6 -3.5
v -0.4 3.7 -3.4
v -0.4 3.7 -3.5
v -0.4 3.8 -3.4
v -0.4 3.8 -3.5
v -0.4 3.9 -3.4
v -0.4 3.9 -3.5
v -0.4 4 -3.4
v -0.4 4 -3.5
v -0.4 4 -3.8
v -0.4 4 -3.9
v -0.4 4 -4
v -0.4 4.1 -3.5
v -0.4 4.1 -3.9
v -0.4 4.1 -4
v 0 0 -1.4
v 0 0 -1.5
v 0 0.1 -1.4
v 0 0.1 -1.5
v 0.0999999 0 0
v 0.0999999 0 -0.2
v 0.0999999 0 -0.3
v 0.0999999 0 -0.5
v 0.0999999 0 -0.6
v 0.0999999 0 -0.8
v 0.0999999 0 -0.9
v 0.0999999 0 -1.3
v 0.0999999 0 -1.4
v 0.0999999 0 -1.5
v 0.0999999 0 -1.6
v 0.0999999 0 -1.7
v 0.0999999 0 -1.8
v 0.0999999 0 -2
v 0.0999999 0 -2.1
v 0.0999999 0 -2.2
v 0.0999999 0 -2.3
v 0.0999999 0 -2.4
v 0.0999999 0 -2.5
v 0.0999999 0 -2.6
v 0.0999999 0 -2.7
v 0.0999999 0 -2.8
v 0.0999999 0 -2.9
v 0.0999999 0 -3
v 0.0999999 0 -3.3
v 0.0999999 0 -3.5
v 0.0999999 0 -3.9
v 0.0999999 0 -4
v 0.0999999 0.1 0.1
v 0.0999999 0.1 0
v 0.0999999 0.1 -0.1
v 0.0999999 0.1 -0.2
v 0.0999999 0.1 -0.3
v 0.0999999 0.1 -0.4
v 0.0999999 0.1 -0.5
v 0.0999999 0.1 -0.6
v 0.0999999 0.1 -0.7
v 0.0999999 0.1 -0.8
v 0.0999999 0.1 -0.9
v 0.0999999 0.1 -1.1
v 0.0999999 0.1 -1.2
v 0.0999999 0.1 -1.3
v 0.0999999 0.1 -1.4
v 0.0999999 0.1 -1.5
v 0.0999999 0.1 -1.6
v 0.0999999 0.1 -1.7
v 0.0999999 0.1 -1.8
v 0.0999999 0.1 -2
v 0.0999999 0.1 -2.1
v 0.0999999 0.1 -2.2
v 0.0999999 0.1 -2.3
v 0.0999999 0.1 -2.4
v 0.0999999 0.1 -2.5
v 0.0999999 0.1 -2.6
v 0.0999999 0.1 -2.7
v 0.0999999 0.1 -2.8
v 0.0999999 0.1 -2.9
v 0.0999999 0.1 -3
v 0.0999999 0.1 -3.1
v 0.0999999 0.1 -3.3
v 0.0999999 0.1 -3.4
v 0.0999999 0.1 -3.5
v 0.0999999 0.1 -3.6
v 0.0999999 0.1 -3.7
v 0.0999999 0.1 -3.8
v 0.0999999 0.1 -3.9
v 0.0999999 0.1 -4
v 0.0999999 0.2 0.1
v 0.0999999 0.2 0
v 0.0999999 0.2 -1.4
v 0.0999999 0.2 -1.5
v 0.0999999 0.2 -2.7
v 0.0999999 0.2 -2.8
v 0.0999999 0.3 0.1
v 0.0999999 0.3 0
v 0.0999999 0.3 -1.4
v 0.0999999 0.3 -1.5
v 0.0999999 0.3 -2.7
v 0.0999999 0.3 -2.8
v 0.0999999 0.4 0
v 0.0999999 0.4 -1.4
v 0.0999999 0.4 -1.5
v 0.0999999 0.4 -2.7
v 0.0999999 0.4 -2.8
v 0.0999999 0.5 0.1
v 0.0999999 0.5 0
v 0.0999999 0.5 -0.1
v 0.0999999 0.5 -0.3
v 0.0999999 0.5 -0.4
v 0.0999999 0.5 -0.5
v 0.0999999 0.5 -0.6
v 0.0999999 0.5 -0.7
v 0.0999999 0.5 -0.8
v 0.0999999 0.5 -0.9
v 0.0999999 0.5 -1
v 0.0999999 0.5 -1.2
v 0.0999999 0.5 -1.3
v 0.0999999 0.5 -1.4
v 0.0999999 0.5 -1.5
v 0.0999999 0.5 -1.6
v 0.0999999 0.5 -1.7
v 0.0999999 0.5 -1.8
v 0.0999999 0.5 -2
v 0.0999999 0.5 -2.1
v 0.0999999 0.5 -2.2
v 0.0999999 0.5 -2.3
v 0.0999999 0.5 -2.4
v 0.0999999 0.5 -2.5
v 0.0999999 0.5 -2.6
v 0.0999999 0.5 -2.7
v 0.0999999 0.5 -2.8
v 0.0999999 0.5 -2.9
v 0.0999999 0.5 -3
v 0.0999999 0.5 -3.1
v 0.0999999 0.5 -3.3
v 0.0999999 0.5 -3.4
v 0.0999999 0.5 -3.5
v 0.0999999 0.5 -3.6
v 0.0999999 0.5 -3.7
v 0.0999999 0.5 -3.8
v 0.0999999 0.5 -3.9
v 0.0999999 0.5 -4
v 0.0999999 0.6 0
v 0.0999999 0.6 -0.1
v 0.0999999 0.6 -0.3
v 0.0999999 0.6 -0.4
v 0.0999999 0.6 -0.5
v 0.0999999 0.6 -0.6
v 0.0999999 0.6 -0.7
v 0.0999999 0.6 -0.8
v 0.0999999 0.6 -0.9
v 0.0999999 0.6 -1
v 0.0999999 0.6 -1.1
v 0.0999999 0.6 -1.2
v 0.0999999 0.6 -1.3
v 0.0999999 0.6 -1.4
v 0.0999999 0.6 -1.5
v 0.0999999 0.6 -1.6
v 0.0999999 0.6 -1.7
v 0.0999999 0.6 -1.9
v 0.0999999 0.6 -2
v 0.0999999 0.6 -2.1
v 0.0999999 0.6 -2.2
v 0.0999999 0.6 -2.3
v 0.0999999 0.6 -2.4
v 0.0999999 0.6 -2.6
v 0.0999999 0.6 -2.7
v 0.0999999 0.6 -2.8
v 0.0999999 0.6 -2.9
v 0.0999999 0.6 -3
v 0.0999999 0.6 -3.1
v 0.0999999 0.6 -3.3
v 0.0999999 0.6 -3.4
v 0.0999999 0.6 -3.5
v 0.0999999 0.6 -3.6
v 0.0999999 0.6 -3.7
v 0.0999999 0.6 -3.8
v 0.0999999 0.6 -3.9
v 0.0999999 0.6 -4
v 0.0999999 0.7 -0.5
v 0.0999999 0.7 -2.1
v 0.0999999 0.7 -2.2
v 0.0999999 0.7 -3
v 0.0999999 0.7 -3.1
v 0.0999999 0.8 -0.4
v 0.0999999 0.8 -0.5
v 0.0999999 0.8 -2.1
v 0.0999999 0.8 -2.2
v 0.0999999 0.8 -3
v 0.0999999 0.8 -3.1
v 0.0999999 0.9 -0.4
v 0.0999999 0.9 -0.5
v 0.0999999 0.9 -2.1
v 0.0999999 0.9 -2.2
v 0.0999999 0.9 -3
v 0.0999999 0.9 -3.1
v 0.0999999 1 -0.4
v 0.0999999 1 -0.5
v 0.0999999 1 -0.6
v 0.0999999 1 -0.7
v 0.0999999 1 -0.8
v 0.0999999 1 -1
v 0.0999999 1 -1.1
v 0.0999999 1 -1.2
v 0.0999999 1 -1.3
v 0.0999999 1 -1.4
v 0.0999999 1 -1.5
v 0.0999999 1 -1.6
v 0.0999999 1 -1.7
v 0.0999999 1 -1.8
v 0.0999999 1 -1.9
v 0.0999999 1 -2.1
v 0.0999999 1 -2.2
v 0.0999999 1 -2.3
v 0.0999999 1 -2.4
v 0.0999999 1 -2.5
v 0.0999999 1 -2.6
v 0.0999999 1 -2.7
v 0.0999999 1 -2.8
v 0.0999999 1 -2.9
v 0.0999999 1 -3
v 0.0999999 1 -3.1
v 0.0999999 1 -3.3
v 0.0999999 1 -3.4
v 0.0999999 1 -3.5
v 0.0999999 1 -3.6
v 0.0999999 1 -3.7
v 0.0999999 1 -3.8
v 0.0999999 1 -3.9
v 0.0999999 1 -4
v 0.0999999 1.1 -0.5
v 0.0999999 1.1 -0.6
v 0.0999999 1.1 -0.7
v 0.0999999 1.1 -0.8
v 0.0999999 1.1 -0.9
v 0.0999999 1.1 -1
v 0.0999999 1.1 -1.1
v 0.0999999 1.1 -1.2
v 0.0999999 1.1 -1.3
v 0.0999999 1.1 -1.4
v 0.0999999 1.1 -1.5
v 0.0999999 1.1 -1.6
v 0.0999999 1.1 -1.8
v 0.0999999 1.1 -1.9
v 0.0999999 1.1 -2.1
v 0.0999999 1.1 -2.2
v 0.0999999 1.1 -2.3
v 0.0999999 1.1 -2.4
v 0.0999999 1.1 -2.5
v 0.0999999 1.1 -2.6
v 0.0999999 1.1 -2.8
v 0.0999999 1.1 -2.9
v 0.0999999 1.1 -3
v 0.0999999 1.1 -3.1
v 0.0999999 1.1 -3.2
v 0.0999999 1.1 -3.3
v 0.0999999 1.1 -3.4
v 0.0999999 1.1 -3.5
v 0.0999999 1.1 -3.7
v 0.0999999 1.1 -3.8
v 0.0999999 1.1 -4
v 0.0999999 1.2 -1
v 0.0999999 1.2 -2.8
v 0.0999999 1.2 -2.9
v 0.0999999 1.3 -0.9
v 0.0999999 1.3 -1
v 0.0999999 1.3 -2.8
v 0.0999999 1.3 -2.9
v 0.0999999 1.4 -0.9
v 0.0999999 1.4 -1
v 0.0999999 1.4 -2.8
v 0.0999999 1.4 -2.9
v 0.0999999 1.5 -0.9
v 0.0999999 1.5 -1
v 0.0999999 1.5 -1.2
v 0.0999999 1.5 -1.3
v 0.0999999 1.5 -1.4
v 0.0999999 1.5 -1.5
v 0.0999999 1.5 -1.7
v 0.0999999 1.5 -1.8
v 0.0999999 1.5 -1.9
v 0.0999999 1.5 -2
v 0.0999999 1.5 -2.1
v 0.0999999 1.5 -2.2
v 0.0999999 1.5 -2.3
v 0.0999999 1.5 -2.4
v 0.0999999 1.5 -2.5
v 0.0999999 1.5 -2.7
v 0.0999999 1.5 -2.8
v 0.0999999 1.5 -2.9
v 0.0999999 1.5 -3
v 0.0999999 1.5 -3.1
v 0.0999999 1.5 -3.2
v 0.0999999 1.5 -3.4
v 0.0999999 1.5 -3.5
v 0.0999999 1.5 -3.6
v 0.0999999 1.5 -3.7
v 0.0999999 1.5 -3.8
v 0.0999999 1.5 -3.9
v 0.0999999 1.5 -4
v 0.0999999 1.6 -1
v 0.0999999 1.6 -1.2
v 0.0999999 1.6 -1.3
v 0.0999999 1.6 -1.4
v 0.0999999 1.6 -1.5
v 0.0999999 1.6 -1.7
v 0.0999999 1.6 -1.8
v 0.0999999 1.6 -1.9
v 0.0999999 1.6 -2
v 0.0999999 1.6 -2.1
v 0.0999999 1.6 -2.2
v 0.0999999 1.6 -2.3
v 0.0999999 1.6 -2.4
v 0.0999999 1.6 -2.6
v 0.0999999 1.6 -2.7
v 0.0999999 1.6 -2.8
v 0.0999999 1.6 -2.9
v 0.0999999 1.6 -3
v 0.0999999 1.6 -3.1
v 0.0999999 1.6 -3.3
v 0.0999999 1.6 -3.4
v 0.0999999 1.6 -3.6
v 0.0999999 1.6 -3.7
v 0.0999999 1.6 -4
v 0.0999999 1.7 -1.4
v 0.0999999 1.7 -1.5
v 0.0999999 1.7 -3.3
v 0.0999999 1.7 -3.4
v 0.0999999 1.8 -1.4
v 0.0999999 1.8 -1.5
v 0.0999999 1.8 -3.3
v 0.0999999 1.8 -3.4
v 0.0999999 1.9 -1.5
v 0.0999999 1.9 -3.3
v 0.0999999 1.9 -3.4
v 0.0999999 2 -1.4
v 0.0999999 2 -1.5
v 0.0999999 2 -1.7
v 0.0999999 2 -1.8
v 0.0999999 2 -1.9
v 0.0999999 2 -2
v 0.0999999 2 -2.1
v 0.0999999 2 -2.2
v 0.0999999 2 -2.3
v 0.0999999 2 -2.4
v 0.0999999 2 -2.5
v 0.0999999 2 -2.6
v 0.0999999 2 -2.7
v 0.0999999 2 -2.9
v 0.0999999 2 -3
v 0.0999999 2 -3.1
v 0.0999999 2 -3.2
v 0.0999999 2 -3.3
v 0.0999999 2 -3.4
v 0.0999999 2 -3.5
v 0.0999999 2 -3.6
v 0.0999999 2 -3.7
v 0.0999999 2 -3.9
v 0.0999999 2 -4
v 0.0999999 2.1 -1.5
v 0.0999999 2.1 -1.9
v 0.0999999 2.1 -2
v 0.0999999 2.1 -2.2
v 0.0999999 2.1 -2.3
v 0.0999999 2.1 -2.4
v 0.0999999 2.1 -2.5
v 0.0999999 2.1 -2.6
v 0.0999999 2.1 -2.7
v 0.0999999 2.1 -2.8
v 0.0999999 2.1 -2.9
v 0.0999999 2.1 -3
v 0.0999999 2.1 -3.1
v 0.0999999 2.1 -3.2
v 0.0999999 2.1 -3.3
v 0.0999999 2.1 -3.4
v 0.0999999 2.1 -3.5
v 0.0999999 2.1 -3.6
v 0.0999999 2.1 -3.7
v 0.0999999 2.1 -3.9
v 0.0999999 2.1 -4
v 0.0999999 2.2 -2
v 0.0999999 2.2 -3
v 0.0999999 2.2 -3.1
v 0.0999999 2.3 -2
v 0.0999999 2.3 -3
v 0.0999999 2.3 -3.1
v 0.0999999 2.4 -1.9
v 0.0999999 2.4 -2
v 0.0999999 2.4 -3
v 0.0999999 2.4 -3.1
v 0.0999999 2.5 -1.9
v 0.0999999 2.5 -2
v 0.0999999 2.5 -2.1
v 0.0999999 2.5 -2.2
v 0.0999999 2.5 -2.3
v 0.0999999 2.5 -2.4
v 0.0999999 2.5 -2.5
v 0.0999999 2.5 -2.6
v 0.0999999 2.5 -2.7
v 0.0999999 2.5 -2.8
v 0.0999999 2.5 -2.9
v 0.0999999 2.5 -3
v 0.0999999 2.5 -3.1
v 0.0999999 2.5 -3.2
v 0.0999999 2.5 -3.3
v 0.0999999 2.5 -3.4
v 0.0999999 2.5 -3.6
v 0.0999999 2.5 -3.7
v 0.0999999 2.5 -3.8
v 0.0999999 2.5 -3.9
v 0.0999999 2.5 -4
v 0.0999999 2.6 -2
v 0.0999999 2.6 -2.1
v 0.0999999 2.6 -2.3
v 0.0999999 2.6 -2.4
v 0.0999999 2.6 -2.5
v 0.0999999 2.6 -2.6
v 0.0999999 2.6 -2.7
v 0.0999999 2.6 -2.8
v 0.0999999 2.6 -3
v 0.0999999 2.6 -3.1
v 0.0999999 2.6 -3.2
v 0.0999999 2.6 -3.3
v 0.0999999 2.6 -3.4
v 0.0999999 2.6 -3.5
v 0.0999999 2.6 -3.6
v 0.0999999 2.6 -3.7
v 0.0999999 2.6 -3.8
v 0.0999999 2.6 -4
v 0.0999999 2.7 -2.4
v 0.0999999 2.7 -2.5
v 0.0999999 2.7 -3.7
v 0.0999999 2.7 -3.8
v 0.0999999 2.8 -2.4
v 0.0999999 2.8 -2.5
v 0.0999999 2.8 -3.7
v 0.0999999 2.8 -3.8
v 0.0999999 2.9 -2.4
v 0.0999999 2.9 -2.5
v 0.0999999 2.9 -3.7
v 0.0999999 2.9 -3.8
v 0.0999999 3 -2.4
v 0.0999999 3 -2.5
v 0.0999999 3 -2.6
v 0.0999999 3 -2.7
v 0.0999999 3 -2.8
v 0.0999999 3 -3
v 0.0999999 3 -3.1
v 0.0999999 3 -3.2
v 0.0999999 3 -3.3
v 0.0999999 3 -3.4
v 0.0999999 3 -3.5
v 0.0999999 3 -3.6
v 0.0999999 3 -3.7
v 0.0999999 3 -3.8
v 0.0999999 3 -3.9
v 0.0999999 3 -4
v 0.0999999 3.1 -2.5
v 0.0999999 3.1 -2.6
v 0.0999999 3.1 -2.7
v 0.0999999 3.1 -2.8
v 0.0999999 3.1 -2.9
v 0.0999999 3.1 -3
v 0.0999999 3.1 -3.1
v 0.0999999 3.1 -3.2
v 0.0999999 3.1 -3.3
v 0.0999999 3.1 -3.4
v 0.0999999 3.1 -3.5
v 0.0999999 3.1 -3.6
v 0.0999999 3.1 -3.7
v 0.0999999 3.1 -3.8
v 0.0999999 3.1 -3.9
v 0.0999999 3.1 -4
v 0.0999999 3.3 -2.9
v 0.0999999 3.3 -3
v 0.0999999 3.4 -2.9
v 0.0999999 3.4 -3
v 0.0999999 3.5 -2.9
v 0.0999999 3.5 -3
v 0.0999999 3.5 -3.1
v 0.0999999 3.5 -3.2
v 0.0999999 3.5 -3.3
v 0.0999999 3.5 -3.4
v 0.0999999 3.5 -3.5
v 0.0999999 3.5 -3.6
v 0.0999999 3.5 -3.7
v 0.0999999 3.5 -3.8
v 0.0999999 3.5 -3.9
v 0.0999999 3.5 -4
v 0.0999999 3.6 -3
v 0.0999999 3.6 -3.1
v 0.0999999 3.6 -3.2
v 0.0999999 3.6 -3.3
v 0.0999999 3.6 -3.4
v 0.0999999 3.6 -3.5
v 0.0999999 3.6 -3.6
v 0.0999999 3.6 -3.7
v 0.0999999 3.6 -3.8
v 0.0999999 3.6 -3.9
v 0.0999999 3.6 -4
v 0.0999999 3.7 -3.5
v 0.0999999 3.8 -3.5
v 0.0999999 3.9 -3.4
v 0.0999999 3.9 -3.5
v 0.0999999 4 -3.4
v 0.0999999 4 -3.5
v 0.0999999 4 -3.8
v 0.0999999 4 -3.9
v 0.0999999 4 -4
v 0.0999999 4.1 -3.5
v 0.0999999 4.1 -4
v 0.2 0.1 0
v 0.2 0.1 -0.1
v 0.2 0.1 -0.3
v 0.2 0.1 -0.4
v 0.2 0.1 -0.5
v 0.2 0.1 -0.7
v 0.2 0.1 -0.8
v 0.2 0.1 -0.9
v 0.2 0.1 -1.1
v 0.2 0.1 -1.2
v 0.2 0.1 -1.3
v 0.2 0.1 -1.4
v 0.2 0.1 -1.5
v 0.2 0.1 -1.8
v 0.2 0.1 -2
v 0.2 0.1 -2.1
v 0.2 0.1 -2.3
v 0.2 0.1 -2.4
v 0.2 0.1 -2.6
v 0.2 0.1 -2.7
v 0.2 0.1 -2.8
v 0.2 0.1 -3
v 0.2 0.1 -3.1
v 0.2 0.1 -3.4
v 0.2 0.1 -3.5
v 0.2 0.1 -3.6
v 0.2 0.1 -3.7
v 0.2 0.1 -3.8
v 0.2 0.1 -3.9
v 0.2 0.1 -4
v 0.2 0.2 0
v 0.2 0.2 -0.1
v 0.2 0.2 -0.3
v 0.2 0.2 -0.4
v 0.2 0.2 -0.5
v 0.2 0.2 -0.6
v 0.2 0.2 -0.7
v 0.2 0.2 -0.8
v 0.2 0.2 -0.9
v 0.2 0.2 -1
v 0.2 0.2 -1.1
v 0.2 0.2 -1.2
v 0.2 0.2 -1.3
v 0.2 0.2 -1.4
v 0.2 0.2 -1.5
v 0.2 0.2 -1.6
v 0.2 0.2 -1.8
v 0.2 0.2 -1.9
v 0.2 0.2 -2
v 0.2 0.2 -2.2
v 0.2 0.2 -2.3
v 0.2 0.2 -2.4
v 0.2 0.2 -2.6
v 0.2 0.2 -2.7
v 0.2 0.2 -2.8
v 0.2 0.2 -3
v 0.2 0.2 -3.1
v 0.2 0.2 -3.2
v 0.2 0.2 -3.4
v 0.2 0.2 -3.5
v 0.2 0.2 -3.6
v 0.2 0.2 -3.7
v 0.2 0.2 -3.8
v 0.2 0.2 -3.9
v 0.2 0.2 -4
v 0.2 0.3 0
v 0.2 0.3 -0.1
v 0.2 0.3 -0.3
v 0.2 0.3 -0.4
v 0.2 0.3 -0.5
v 0.2 0.3 -0.6
v 0.2 0.3 -0.7
v 0.2 0.3 -1
v 0.2 0.3 -1.1
v 0.2 0.3 -1.2
v 0.2 0.3 -1.3
v 0.2 0.3 -1.4
v 0.2 0.3 -1.5
v 0.2 0.3 -1.6
v 0.2 0.3 -1.7
v 0.2 0.3 -1.8
v 0.2 0.3 -1.9
v 0.2 0.3 -2.1
v 0.2 0.3 -2.2
v 0.2 0.3 -2.3
v 0.2 0.3 -2.4
v 0.2 0.3 -2.5
v 0.2 0.3 -2.6
v 0.2 0.3 -2.7
v 0.2 0.3 -2.8
v 0.2 0.3 -2.9
v 0.2 0.3 -3
v 0.2 0.3 -3.1
v 0.2 0.3 -3.2
v 0.2 0.3 -3.4
v 0.2 0.3 -3.5
v 0.2 0.3 -3.6
v 0.2 0.3 -3.7
v 0.2 0.3 -3.8
v 0.2 0.3 -3.9
v 0.2 0.3 -4
v 0.2 0.4 0
v 0.2 0.4 -0.1
v 0.2 0.4 -0.3
v 0.2 0.4 -0.4
v 0.2 0.4 -0.5
v 0.2 0.4 -0.6
v 0.2 0.4 -0.7
v 0.2 0.4 -0.8
v 0.2 0.4 -0.9
v 0.2 0.4 -1.1
v 0.2 0.4 -1.2
v 0.2 0.4 -1.3
v 0.2 0.4 -1.5
v 0.2 0.4 -1.7
v 0.2 0.4 -1.8
v 0.2 0.4 -1.9
v 0.2 0.4 -2.1
v 0.2 0.4 -2.2
v 0.2 0.4 -2.3
v 0.2 0.4 -2.4
v 0.2 0.4 -2.5
v 0.2 0.4 -2.6
v 0.2 0.4 -2.7
v 0.2 0.4 -2.8
v 0.2 0.4 -2.9
v 0.2 0.4 -3.1
v 0.2 0.4 -3.2
v 0.2 0.4 -3.3
v 0.2 0.4 -3.5
v 0.2 0.4 -3.6
v 0.2 0.4 -3.7
v 0.2 0.4 -3.9
v 0.2 0.4 -4
v 0.2 0.5 0
v 0.2 0.5 -0.1
v 0.2 0.5 -0.3
v 0.2 0.5 -0.4
v 0.2 0.5 -0.7
v 0.2 0.5 -0.8
v 0.2 0.5 -0.9
v 0.2 0.5 -1
v 0.2 0.5 -1.2
v 0.2 0.5 -1.3
v 0.2 0.5 -1.4
v 0.2 0.5 -1.5
v 0.2 0.5 -1.7
v 0.2 0.5 -1.8
v 0.2 0.5 -2.1
v 0.2 0.5 -2.2
v 0.2 0.5 -2.3
v 0.2 0.5 -2.4
v 0.2 0.5 -2.5
v 0.2 0.5 -2.6
v 0.2 0.5 -2.7
v 0.2 0.5 -2.8
v 0.2 0.5 -3.1
v 0.2 0.5 -3.3
v 0.2 0.5 -3.4
v 0.2 0.5 -3.6
v 0.2 0.5 -3.7
v 0.2 0.5 -3.9
v 0.2 0.5 -4
v 0.2 0.6 -0.5
v 0.2 0.6 -0.6
v 0.2 0.6 -0.7
v 0.2 0.6 -0.8
v 0.2 0.6 -0.9
v 0.2 0.6 -1
v 0.2 0.6 -1.1
v 0.2 0.6 -1.3
v 0.2 0.6 -1.4
v 0.2 0.6 -1.5
v 0.2 0.6 -1.7
v 0.2 0.6 -1.9
v 0.2 0.6 -2
v 0.2 0.6 -2.1
v 0.2 0.6 -2.2
v 0.2 0.6 -2.3
v 0.2 0.6 -2.4
v 0.2 0.6 -2.6
v 0.2 0.6 -2.7
v 0.2 0.6 -2.8
v 0.2 0.6 -2.9
v 0.2 0.6 -3
v 0.2 0.6 -3.1
v 0.2 0.6 -3.4
v 0.2 0.6 -3.5
v 0.2 0.6 -3.6
v 0.2 0.6 -3.8
v 0.2 0.6 -4
v 0.2 0.7 -0.5
v 0.2 0.7 -0.6
v 0.2 0.7 -0.7
v 0.2 0.7 -0.8
v 0.2 0.7 -0.9
v 0.2 0.7 -1
v 0.2 0.7 -1.1
v 0.2 0.7 -1.3
v 0.2 0.7 -1.4
v 0.2 0.7 -1.5
v 0.2 0.7 -1.6
v 0.2 0.7 -1.7
v 0.2 0.7 -1.8
v 0.2 0.7 -1.9
v 0.2 0.7 -2
v 0.2 0.7 -2.2
v 0.2 0.7 -2.3
v 0.2 0.7 -2.4
v 0.2 0.7 -2.5
v 0.2 0.7 -2.6
v 0.2 0.7 -2.7
v 0.2 0.7 -2.8
v 0.2 0.7 -2.9
v 0.2 0.7 -3.1
v 0.2 0.7 -3.4
v 0.2 0.7 -3.5
v 0.2 0.7 -3.7
v 0.2 0.7 -3.8
v 0.2 0.7 -4
v 0.2 0.8 -0.5
v 0.2 0.8 -0.6
v 0.2 0.8 -0.7
v 0.2 0.8 -0.8
v 0.2 0.8 -0.9
v 0.2 0.8 -1
v 0.2 0.8 -1.1
v 0.2 0.8 -1.2
v 0.2 0.8 -1.3
v 0.2 0.8 -1.5
v 0.2 0.8 -1.6
v 0.2 0.8 -1.7
v 0.2 0.8 -1.8
v 0.2 0.8 -1.9
v 0.2 0.8 -2
v 0.2 0.8 -2.3
v 0.2 0.8 -2.4
v 0.2 0.8 -2.5
v 0.2 0.8 -2.6
v 0.2 0.8 -2.7
v 0.2 0.8 -2.8
v 0.2 0.8 -2.9
v 0.2 0.8 -3
v 0.2 0.8 -3.3
v 0.2 0.8 -3.4
v 0.2 0.8 -3.6
v 0.2 0.8 -3.7
v 0.2 0.8 -3.8
v 0.2 0.8 -3.9
v 0.2 0.8 -4
v 0.2 0.9 -0.5
v 0.2 0.9 -0.6
v 0.2 0.9 -0.7
v 0.2 0.9 -0.8
v 0.2 0.9 -1
v 0.2 0.9 -1.1
v 0.2 0.9 -1.2
v 0.2 0.9 -1.3
v 0.2 0.9 -1.5
v 0.2 0.9 -1.6
v 0.2 0.9 -1.7
v 0.2 0.9 -1.8
v 0.2 0.9 -1.9
v 0.2 0.9 -2
v 0.2 0.9 -2.1
v 0.2 0.9 -2.2
v 0.2 0.9 -2.4
v 0.2 0.9 -2.5
v 0.2 0.9 -2.7
v 0.2 0.9 -2.8
v 0.2 0.9 -3
v 0.2 0.9 -3.1
v 0.2 0.9 -3.3
v 0.2 0.9 -3.4
v 0.2 0.9 -3.6
v 0.2 0.9 -3.7
v 0.2 0.9 -3.8
v 0.2 0.9 -3.9
v 0.2 1 -0.5
v 0.2 1 -0.6
v 0.2 1 -0.7
v 0.2 1 -1
v 0.2 1 -1.2
v 0.2 1 -1.3
v 0.2 1 -1.6
v 0.2 1 -1.7
v 0.2 1 -1.8
v 0.2 1 -1.9
v 0.2 1 -2.1
v 0.2 1 -2.2
v 0.2 1 -2.4
v 0.2 1 -2.5
v 0.2 1 -2.6
v 0.2 1 -2.7
v 0.2 1 -2.8
v 0.2 1 -3
v 0.2 1 -3.1
v 0.2 1 -3.3
v 0.2 1 -3.4
v 0.2 1 -3.6
v 0.2 1 -3.7
v 0.2 1 -3.8
v 0.2 1 -3.9
v 0.2 1 -4
v 0.2 1.1 -1
v 0.2 1.1 -1.1
v 0.2 1.1 -1.2
v 0.2 1.1 -1.3
v 0.2 1.1 -1.4
v 0.2 1.1 -1.5
v 0.2 1.1 -1.6
v 0.2 1.1 -1.8
v 0.2 1.1 -2.1
v 0.2 1.1 -2.2
v 0.2 1.1 -2.3
v 0.2 1.1 -2.5
v 0.2 1.1 -2.6
v 0.2 1.1 -2.8
v 0.2 1.1 -2.9
v 0.2 1.1 -3.2
v 0.2 1.1 -3.4
v 0.2 1.1 -3.5
v 0.2 1.1 -3.7
v 0.2 1.1 -3.8
v 0.2 1.1 -4
v 0.2 1.2 -1
v 0.2 1.2 -1.1
v 0.2 1.2 -1.2
v 0.2 1.2 -1.3
v 0.2 1.2 -1.4
v 0.2 1.2 -1.5
v 0.2 1.2 -1.6
v 0.2 1.2 -1.8
v 0.2 1.2 -1.9
v 0.2 1.2 -2
v 0.2 1.2 -2.1
v 0.2 1.2 -2.2
v 0.2 1.2 -2.4
v 0.2 1.2 -2.5
v 0.2 1.2 -2.6
v 0.2 1.2 -2.7
v 0.2 1.2 -2.8
v 0.2 1.2 -2.9
v 0.2 1.2 -3
v 0.2 1.2 -3.2
v 0.2 1.2 -3.3
v 0.2 1.2 -3.4
v 0.2 1.2 -3.6
v 0.2 1.2 -3.7
v 0.2 1.2 -3.8
v 0.2 1.2 -4
v 0.2 1.3 -1
v 0.2 1.3 -1.1
v 0.2 1.3 -1.2
v 0.2 1.3 -1.3
v 0.2 1.3 -1.4
v 0.2 1.3 -1.5
v 0.2 1.3 -1.6
v 0.2 1.3 -1.7
v 0.2 1.3 -1.8
v 0.2 1.3 -1.9
v 0.2 1.3 -2
v 0.2 1.3 -2.1
v 0.2 1.3 -2.3
v 0.2 1.3 -2.4
v 0.2 1.3 -2.5
v 0.2 1.3 -2.6
v 0.2 1.3 -2.7
v 0.2 1.3 -2.8
v 0.2 1.3 -2.9
v 0.2 1.3 -3
v 0.2 1.3 -3.1
v 0.2 1.3 -3.2
v 0.2 1.3 -3.3
v 0.2 1.3 -3.5
v 0.2 1.3 -3.6
v 0.2 1.3 -3.7
v 0.2 1.3 -3.8
v 0.2 1.3 -3.9
v 0.2 1.3 -4
v 0.2 1.4 -1.1
v 0.2 1.4 -1.2
v 0.2 1.4 -1.3
v 0.2 1.4 -1.5
v 0.2 1.4 -1.7
v 0.2 1.4 -1.9
v 0.2 1.4 -2
v 0.2 1.4 -2.1
v 0.2 1.4 -2.2
v 0.2 1.4 -2.3
v 0.2 1.4 -2.4
v 0.2 1.4 -2.5
v 0.2 1.4 -2.6
v 0.2 1.4 -2.7
v 0.2 1.4 -2.8
v 0.2 1.4 -2.9
v 0.2 1.4 -3.1
v 0.2 1.4 -3.2
v 0.2 1.4 -3.3
v 0.2 1.4 -3.5
v 0.2 1.4 -3.6
v 0.2 1.4 -3.7
v 0.2 1.4 -3.8
v 0.2 1.4 -3.9
v 0.2 1.5 -1
v 0.2 1.5 -1.2
v 0.2 1.5 -1.3
v 0.2 1.5 -1.5
v 0.2 1.5 -1.7
v 0.2 1.5 -1.8
v 0.2 1.5 -1.9
v 0.2 1.5 -2
v 0.2 1.5 -2.1
v 0.2 1.5 -2.2
v 0.2 1.5 -2.3
v 0.2 1.5 -2.5
v 0.2 1.5 -2.7
v 0.2 1.5 -2.8
v 0.2 1.5 -2.9
v 0.2 1.5 -3.1
v 0.2 1.5 -3.2
v 0.2 1.5 -3.5
v 0.2 1.5 -3.6
v 0.2 1.5 -3.7
v 0.2 1.5 -3.8
v 0.2 1.5 -3.9
v 0.2 1.5 -4
v 0.2 1.6 -1.5
v 0.2 1.6 -1.7
v 0.2 1.6 -1.8
v 0.2 1.6 -1.9
v 0.2 1.6 -2
v 0.2 1.6 -2.2
v 0.2 1.6 -2.3
v 0.2 1.6 -2.4
v 0.2 1.6 -2.6
v 0.2 1.6 -2.7
v 0.2 1.6 -2.8
v 0.2 1.6 -3
v 0.2 1.6 -3.1
v 0.2 1.6 -3.3
v 0.2 1.6 -3.4
v 0.2 1.6 -3.6
v 0.2 1.6 -3.7
v 0.2 1.6 -4
v 0.2 1.7 -1.5
v 0.2 1.7 -1.6
v 0.2 1.7 -1.7
v 0.2 1.7 -1.8
v 0.2 1.7 -1.9
v 0.2 1.7 -2
v 0.2 1.7 -2.2
v 0.2 1.7 -2.3
v 0.2 1.7 -2.4
v 0.2 1.7 -2.5
v 0.2 1.7 -2.7
v 0.2 1.7 -2.8
v 0.2 1.7 -2.9
v 0.2 1.7 -3
v 0.2 1.7 -3.1
v 0.2 1.7 -3.2
v 0.2 1.7 -3.4
v 0.2 1.7 -3.6
v 0.2 1.7 -3.7
v 0.2 1.7 -3.8
v 0.2 1.7 -4
v 0.2 1.8 -1.5
v 0.2 1.8 -1.6
v 0.2 1.8 -1.7
v 0.2 1.8 -1.8
v 0.2 1.8 -1.9
v 0.2 1.8 -2
v 0.2 1.8 -2.2
v 0.2 1.8 -2.3
v 0.2 1.8 -2.4
v 0.2 1.8 -2.5
v 0.2 1.8 -2.6
v 0.2 1.8 -2.7
v 0.2 1.8 -2.8
v 0.2 1.8 -2.9
v 0.2 1.8 -3
v 0.2 1.8 -3.1
v 0.2 1.8 -3.2
v 0.2 1.8 -3.3
v 0.2 1.8 -3.4
v 0.2 1.8 -3.5
v 0.2 1.8 -3.6
v 0.2 1.8 -3.7
v 0.2 1.8 -3.8
v 0.2 1.8 -4
v 0.2 1.9 -1.5
v 0.2 1.9 -1.7
v 0.2 1.9 -1.9
v 0.2 1.9 -2.1
v 0.2 1.9 -2.3
v 0.2 1.9 -2.4
v 0.2 1.9 -2.5
v 0.2 1.9 -2.6
v 0.2 1.9 -2.8
v 0.2 1.9 -2.9
v 0.2 1.9 -3.1
v 0.2 1.9 -3.2
v 0.2 1.9 -3.3
v 0.2 1.9 -3.4
v 0.2 1.9 -3.5
v 0.2 1.9 -3.7
v 0.2 1.9 -3.8
v 0.2 1.9 -3.9
v 0.2 2 -1.5
v 0.2 2 -1.7
v 0.2 2 -1.8
v 0.2 2 -1.9
v 0.2 2 -2.1
v 0.2 2 -2.2
v 0.2 2 -2.4
v 0.2 2 -2.5
v 0.2 2 -2.6
v 0.2 2 -2.7
v 0.2 2 -2.9
v 0.2 2 -3
v 0.2 2 -3.1
v 0.2 2 -3.2
v 0.2 2 -3.3
v 0.2 2 -3.4
v 0.2 2 -3.7
v 0.2 2 -3.9
v 0.2 2 -4
v 0.2 2.1 -2
v 0.2 2.1 -2.2
v 0.2 2.1 -2.4
v 0.2 2.1 -2.5
v 0.2 2.1 -2.7
v 0.2 2.1 -2.8
v 0.2 2.1 -2.9
v 0.2 2.1 -3
v 0.2 2.1 -3.1
v 0.2 2.1 -3.4
v 0.2 2.1 -3.6
v 0.2 2.1 -3.7
v 0.2 2.1 -3.9
v 0.2 2.1 -4
v 0.2 2.2 -2
v 0.2 2.2 -2.1
v 0.2 2.2 -2.2
v 0.2 2.2 -2.3
v 0.2 2.2 -2.4
v 0.2 2.2 -2.5
v 0.2 2.2 -2.7
v 0.2 2.2 -2.8
v 0.2 2.2 -2.9
v 0.2 2.2 -3
v 0.2 2.2 -3.1
v 0.2 2.2 -3.2
v 0.2 2.2 -3.4
v 0.2 2.2 -3.5
v 0.2 2.2 -3.6
v 0.2 2.2 -3.8
v 0.2 2.2 -3.9
v 0.2 2.2 -4
v 0.2 2.3 -2
v 0.2 2.3 -2.1
v 0.2 2.3 -2.2
v 0.2 2.3 -2.3
v 0.2 2.3 -2.4
v 0.2 2.3 -2.5
v 0.2 2.3 -2.6
v 0.2 2.3 -2.7
v 0.2 2.3 -2.8
v 0.2 2.3 -3
v 0.2 2.3 -3.1
v 0.2 2.3 -3.2
v 0.2 2.3 -3.3
v 0.2 2.3 -3.4
v 0.2 2.3 -3.5
v 0.2 2.3 -3.7
v 0.2 2.3 -3.8
v 0.2 2.3 -3.9
v 0.2 2.4 -2.2
v 0.2 2.4 -2.3
v 0.2 2.4 -2.4
v 0.2 2.4 -2.7
v 0.2 2.4 -2.8
v 0.2 2.4 -2.9
v 0.2 2.4 -3
v 0.2 2.4 -3.1
v 0.2 2.4 -3.3
v 0.2 2.4 -3.4
v 0.2 2.4 -3.5
v 0.2 2.4 -3.7
v 0.2 2.4 -3.8
v 0.2 2.4 -3.9
v 0.2 2.4 -4
v 0.2 2.5 -2
v 0.2 2.5 -2.1
v 0.2 2.5 -2.2
v 0.2 2.5 -2.3
v 0.2 2.5 -2.4
v 0.2 2.5 -2.5
v 0.2 2.5 -2.6
v 0.2 2.5 -2.7
v 0.2 2.5 -2.8
v 0.2 2.5 -2.9
v 0.2 2.5 -3
v 0.2 2.5 -3.1
v 0.2 2.5 -3.3
v 0.2 2.5 -3.4
v 0.2 2.5 -3.7
v 0.2 2.5 -3.8
v 0.2 2.5 -3.9
v 0.2 2.5 -4
v 0.2 2.6 -2.5
v 0.2 2.6 -2.7
v 0.2 2.6 -2.8
v 0.2 2.6 -3.1
v 0.2 2.6 -3.2
v 0.2 2.6 -3.3
v 0.2 2.6 -3.4
v 0.2 2.6 -3.5
v 0.2 2.6 -3.6
v 0.2 2.6 -3.7
v 0.2 2.6 -3.8
v 0.2 2.6 -4
v 0.2 2.7 -2.5
v 0.2 2.7 -2.7
v 0.2 2.7 -2.8
v 0.2 2.7 -2.9
v 0.2 2.7 -3.1
v 0.2 2.7 -3.2
v 0.2 2.7 -3.3
v 0.2 2.7 -3.4
v 0.2 2.7 -3.5
v 0.2 2.7 -3.6
v 0.2 2.7 -3.7
v 0.2 2.7 -3.8
v 0.2 2.7 -4
v 0.2 2.8 -2.5
v 0.2 2.8 -2.6
v 0.2 2.8 -2.7
v 0.2 2.8 -2.8
v 0.2 2.8 -2.9
v 0.2 2.8 -3.1
v 0.2 2.8 -3.2
v 0.2 2.8 -3.3
v 0.2 2.8 -3.4
v 0.2 2.8 -3.5
v 0.2 2.8 -3.6
v 0.2 2.8 -3.7
v 0.2 2.8 -3.8
v 0.2 2.8 -3.9
v 0.2 2.9 -2.5
v 0.2 2.9 -2.6
v 0.2 2.9 -2.8
v 0.2 2.9 -2.9
v 0.2 2.9 -3
v 0.2 2.9 -3.2
v 0.2 2.9 -3.3
v 0.2 2.9 -3.4
v 0.2 2.9 -3.6
v 0.2 2.9 -3.7
v 0.2 2.9 -3.8
v 0.2 2.9 -3.9
v 0.2 2.9 -4
v 0.2 3 -2.5
v 0.2 3 -2.8
v 0.2 3 -3
v 0.2 3 -3.1
v 0.2 3 -3.3
v 0.2 3 -3.4
v 0.2 3 -3.6
v 0.2 3 -3.7
v 0.2 3 -3.8
v 0.2 3 -4
v 0.2 3.1 -3
v 0.2 3.1 -3.1
v 0.2 3.1 -3.3
v 0.2 3.1 -3.6
v 0.2 3.1 -3.7
v 0.2 3.1 -3.8
v 0.2 3.1 -4
v 0.2 3.2 -3.1
v 0.2 3.2 -3.2
v 0.2 3.2 -3.5
v 0.2 3.2 -3.6
v 0.2 3.2 -3.7
v 0.2 3.2 -3.8
v 0.2 3.2 -3.9
v 0.2 3.3 -3
v 0.2 3.3 -3.1
v 0.2 3.3 -3.2
v 0.2 3.3 -3.3
v 0.2 3.3 -3.5
v 0.2 3.3 -3.6
v 0.2 3.3 -3.7
v 0.2 3.3 -3.8
v 0.2 3.3 -3.9
v 0.2 3.4 -3.1
v 0.2 3.4 -3.3
v 0.2 3.4 -3.4
v 0.2 3.4 -3.5
v 0.2 3.4 -3.7
v 0.2 3.4 -3.8
v 0.2 3.4 -3.9
v 0.2 3.4 -4
v 0.2 3.5 -3
v 0.2 3.5 -3.1
v 0.2 3.5 -3.4
v 0.2 3.5 -3.5
v 0.2 3.5 -3.6
v 0.2 3.5 -3.8
v 0.2 3.5 -3.9
v 0.2 3.5 -4
v 0.2 3.6 -3.5
v 0.2 3.6 -3.7
v 0.2 3.6 -3.8
v 0.2 3.6 -3.9
v 0.2 3.6 -4
v 0.2 3.7 -3.5
v 0.2 3.7 -3.7
v 0.2 3.7 -3.8
v 0.2 3.7 -3.9
v 0.2 3.8 -3.5
v 0.2 3.8 -3.7
v 0.2 3.8 -3.8
v 0.2 3.8 -3.9
v 0.2 3.9 -3.7
v 0.2 3.9 -3.8
v 0.2 3.9 -3.9
v 0.2 3.9 -4
v 0.2 4 -3.5
v 0.2 4 -3.8
v 0.2 4 -3.9
v 0.2 4 -4
v -4.1 0.1 0.1
v -4.1 0.2 0.1
v -4.1 0.3 0.1
v -4.1 0.5 0.1
v -4 0.3 0.1
v -4 0.4 0.1
v -3.9 0.4 0.1
v -3.9 0.5 0.1
v -3.8 0.1 0.1
v -3.8 0.2 0.1
v -3.8 0.3 0.1
v -3.8 0.4 0.1
v -3.8 0.5 0.1
v -3.7 0.1 0.1
v -3.7 0.2 0.1
v -3.7 0.3 0.1
v -3.7 0.4 0.1
v -3.7 0.5 0.1
v -3.6 0.1 0.1
v -3.6 0.3 0.1
v -3.6 0.4 0.1
v -3.6 0.5 0.1
v -3.5 0.1 0.1
v -3.5 0.3 0.1
v -3.5 0.4 0.1
v -3.5 0.5 0.1
v -3.4 0.1 0.1
v -3.4 0.3 0.1
v -3.4 0.4 0.1
v -3.4 0.5 0.1
v -3.3 0.1 0.1
v -3.3 0.2 0.1
v -3.3 0.3 0.1
v -3.3 0.4 0.1
v -3.3 0.5 0.1
v -3.2 0.1 0.1
v -3.2 0.2 0.1
v -3.2 0.3 0.1
v -3.2 0.4 0.1
v -3.2 0.5 0.1
v -3.1 0.1 0.1
v -3.1 0.2 0.1
v -3 0.1 0.1
v -3 0.2 0.1
v -3 0.3 0.1
v -3 0.4 0.1
v -3 0.5 0.1
v -2.9 0.1 0.1
v -2.9 0.3 0.1
v -2.9 0.4 0.1
v -2.9 0.5 0.1
v -2.8 0.1 0.1
v -2.8 0.2 0.1
v -2.8 0.3 0.1
v -2.7 0.1 0.1
v -2.7 0.2 0.1
v -2.7 0.4 0.1
v -2.7 0.5 0.1
v -2.6 0.1 0.1
v -2.6 0.3 0.1
v -2.6 0.4 0.1
v -2.6 0.5 0.1
v -2.5 0.1 0.1
v -2.5 0.3 0.1
v -2.4 0.1 0.1
v -2.4 0.3 0.1
v -2.4 0.4 0.1
v -2.3 0.1 0.1
v -2.3 0.2 0.1
v -2.3 0.3 0.1
v -2.3 0.4 0.1
v -2.3 0.5 0.1
v -2.2 0.1 0.1
v -2.2 0.2 0.1
v -2.2 0.3 0.1
v -2.2 0.4 0.1
v -2.2 0.5 0.1
v -2.1 0.1 0.1
v -2.1 0.2 0.1
v -2.1 0.3 0.1
v -2.1 0.4 0.1
v -2.1 0.5 0.1
v -2 0.2 0.1
v -2 0.3 0.1
v -2 0.4 0.1
v -1.9 0.3 0.1
v -1.9 0.4 0.1
v -1.9 0.5 0.1
v -1.8 0.1 0.1
v -1.8 0.2 0.1
v -1.8 0.3 0.1
v -1.8 0.4 0.1
v -1.7 0.1 0.1
v -1.7 0.2 0.1
v -1.6 0.1 0.1
v -1.6 0.2 0.1
v -1.6 0.3 0.1
v -1.6 0.4 0.1
v -1.6 0.5 0.1
v -1.5 0.2 0.1
v -1.5 0.3 0.1
v -1.5 0.4 0.1
v -1.5 0.5 0.1
v -1.4 0.1 0.1
v -1.4 0.3 0.1
v -1.4 0.4 0.1
v -1.4 0.5 0.1
v -1.3 0.2 0.1
v -1.3 0.3 0.1
v -1.2 0.1 0.1
v -1.2 0.2 0.1
v -1.1 0.1 0.1
v -1.1 0.2 0.1
v -1.1 0.3 0.1
v -1.1 0.4 0.1
v -1.1 0.5 0.1
v -1 0.1 0.1
v -1 0.2 0.1
v -1 0.3 0.1
v -1 0.4 0.1
v -1 0.5 0.1
v -0.9 0.1 0.1
v -0.9 0.2 0.1
v -0.9 0.3 0.1
v -0.9 0.5 0.1
v -0.8 0.3 0.1
v -0.8 0.5 0.1
v -0.7 0.2 0.1
v -0.7 0.3 0.1
v -0.7 0.5 0.1
v -0.6 0.1 0.1
v -0.6 0.2 0.1
v -0.6 0.3 0.1
v -0.6 0.4 0.1
v -0.6 0.5 0.1
v -0.5 0.1 0.1
v -0.5 0.2 0.1
v -0.5 0.3 0.1
v -0.5 0.4 0.1
v -0.5 0.5 0.1
v -0.4 0.1 0.1
v -0.4 0.2 0.1
v -0.4 0.3 0.1
v -0.4 0.4 0.1
v -0.4 0.5 0.1
v -0.3 0.2 0.1
v -0.3 0.3 0.1
v -0.3 0.4 0.1
v -0.2 0.1 0.1
v -0.2 0.2 0.1
v -0.2 0.3 0.1
v -0.0999999 0.2 0.1
v -0.0999999 0.3 0.1
v -0.0999999 0.4 0.1
v -0.0999999 0.5 0.1
v 0 0.1 0.1
v 0 0.2 0.1
v 0 0.3 0.1
v 0 0.4 0.1
v 0 0.5 0.1
v 0.0999999 0.1 0.1
v 0.0999999 0.2 0.1
v 0.0999999 0.3 0.1
v 0.0999999 0.5 0.1
v -4.2 0.1 0
v -4.2 0.2 0
v -4.2 0.3 0
v -4.2 0.4 0
v -4.2 0.5 0
v -4.1 0 0
v -4.1 0.1 0
v -4.1 0.2 0
v -4.1 0.3 0
v -4.1 0.4 0
v -4.1 0.5 0
v -4.1 0.6 0
v -4 0 0
v -4 0.1 0
v -4 0.5 0
v -4 0.6 0
v -3.9 0 0
v -3.9 0.1 0
v -3.9 0.5 0
v -3.8 0.1 0
v -3.8 0.5 0
v -3.8 0.6 0
v -3.7 0 0
v -3.7 0.1 0
v -3.7 0.2 0
v -3.7 0.3 0
v -3.7 0.4 0
v -3.7 0.5 0
v -3.7 0.6 0
v -3.6 0.1 0
v -3.6 0.3 0
v -3.6 0.4 0
v -3.6 0.5 0
v -3.6 0.6 0
v -3.5 0 0
v -3.5 0.1 0
v -3.5 0.5 0
v -3.5 0.6 0
v -3.4 0 0
v -3.4 0.1 0
v -3.4 0.5 0
v -3.4 0.6 0
v -3.3 0 0
v -3.3 0.1 0
v -3.3 0.5 0
v -3.3 0.6 0
v -3.2 0 0
v -3.2 0.1 0
v -3.2 0.5 0
v -3.2 0.6 0
v -3.1 0.1 0
v -3.1 0.5 0
v -3.1 0.6 0
v -3 0 0
v -3 0.1 0
v -3 0.5 0
v -3 0.6 0
v -2.9 0.1 0
v -2.9 0.5 0
v -2.9 0.6 0
v -2.8 0.1 0
v -2.7 0.1 0
v -2.7 0.2 0
v -2.7 0.3 0
v -2.7 0.4 0
v -2.7 0.5 0
v -2.7 0.6 0
v -2.6 0.1 0
v -2.6 0.2 0
v -2.6 0.3 0
v -2.6 0.4 0
v -2.6 0.5 0
v -2.6 0.6 0
v -2.5 0.1 0
v -2.5 0.5 0
v -2.5 0.6 0
v -2.4 0 0
v -2.4 0.1 0
v -2.3 0 0
v -2.3 0.1 0
v -2.3 0.5 0
v -2.3 0.6 0
v -2.2 0.1 0
v -2.2 0.5 0
v -2.2 0.6 0
v -2.1 0 0
v -2.1 0.1 0
v -2.1 0.5 0
v -2.1 0.6 0
v -1.9 0 0
v -1.9 0.1 0
v -1.9 0.5 0
v -1.8 0.1 0
v -1.8 0.5 0
v -1.8 0.6 0
v -1.7 0.1 0
v -1.7 0.5 0
v -1.7 0.6 0
v -1.6 0 0
v -1.6 0.1 0
v -1.6 0.5 0
v -1.5 0 0
v -1.5 0.1 0
v -1.5 0.5 0
v -1.4 0 0
v -1.4 0.1 0
v -1.4 0.5 0
v -1.4 0.6 0
v -1.3 0 0
v -1.3 0.1 0
v -1.3 0.5 0
v -1.3 0.6 0
v -1.2 0.1 0
v -1.2 0.5 0
v -1.2 0.6 0
v -1.1 0 0
v -1.1 0.1 0
v -1.1 0.5 0
v -1 0 0
v -1 0.1 0
v -1 0.2 0
v -1 0.3 0
v -1 0.4 0
v -1 0.5 0
v -1 0.6 0
v -0.9 0 0
v -0.9 0.1 0
v -0.9 0.2 0
v -0.9 0.3 0
v -0.9 0.4 0
v -0.9 0.5 0
v -0.9 0.6 0
v -0.8 0 0
v -0.8 0.1 0
v -0.8 0.5 0
v -0.7 0.5 0
v -0.7 0.6 0
v -0.6 0 0
v -0.6 0.1 0
v -0.6 0.5 0
v -0.6 0.6 0
v -0.5 0 0
v -0.5 0.1 0
v -0.5 0.5 0
v -0.4 0 0
v -0.4 0.1 0
v -0.4 0.5 0
v -0.4 0.6 0
v -0.2 0.1 0
v -0.2 0.5 0
v -0.2 0.6 0
v -0.0999999 0 0
v -0.0999999 0.1 0
v -0.0999999 0.5 0
v 0 0 0
v 0 0.1 0
v 0 0.5 0
v 0 0.6 0
v 0.0999999 0 0
v 0.0999999 0.1 0
v 0.0999999 0.2 0
v 0.0999999 0.3 0
v 0.0999999 0.4 0
v 0.0999999 0.5 0
v 0.0999999 0.6 0
v 0.2 0.1 0
v 0.2 0.2 0
v 0.2 0.3 0
v 0.2 0.4 0
v 0.2 0.5 0
v -4.1 0.6 -0.4
v -4.1 0.8 -0.4
v -4.1 0.9 -0.4
v -4.1 1 -0.4
v -4 0.6 -0.4
v -4 0.7 -0.4
v -4 0.8 -0.4
v -4 0.9 -0.4
v -3.9 0.6 -0.4
v -3.9 0.7 -0.4
v -3.9 0.8 -0.4
v -3.8 0.6 -0.4
v -3.8 0.8 -0.4
v -3.8 0.9 -0.4
v -3.8 1 -0.4
v -3.7 0.6 -0.4
v -3.7 0.9 -0.4
v -3.7 1 -0.4
v -3.6 0.6 -0.4
v -3.6 0.7 -0.4
v -3.6 0.8 -0.4
v -3.6 1 -0.4
v -3.5 0.6 -0.4
v -3.5 0.7 -0.4
v -3.5 0.8 -0.4
v -3.5 0.9 -0.4
v -3.4 0.6 -0.4
v -3.4 0.8 -0.4
v -3.4 0.9 -0.4
v -3.4 1 -0.4
v -3.3 0.6 -0.4
v -3.3 0.8 -0.4
v -3.3 0.9 -0.4
v -3.3 1 -0.4
v -3.2 0.6 -0.4
v -3.2 0.7 -0.4
v -3.2 0.8 -0.4
v -3.2 0.9 -0.4
v -3.2 1 -0.4
v -3.1 0.6 -0.4
v -3.1 0.7 -0.4
v -3.1 0.8 -0.4
v -3.1 0.9 -0.4
v -3.1 1 -0.4
v -3 0.6 -0.4
v -3 0.7 -0.4
v -3 0.8 -0.4
v -3 0.9 -0.4
v -3 1 -0.4
v -2.9 0.6 -0.4
v -2.9 0.7 -0.4
v -2.9 0.8 -0.4
v -2.9 0.9 -0.4
v -2.9 1 -0.4
v -2.8 0.8 -0.4
v -2.8 0.9 -0.4
v -2.7 0.6 -0.4
v -2.7 0.7 -0.4
v -2.7 0.8 -0.4
v -2.7 0.9 -0.4
v -2.7 1 -0.4
v -2.6 0.6 -0.4
v -2.6 0.7 -0.4
v -2.6 0.8 -0.4
v -2.6 0.9 -0.4
v -2.6 1 -0.4
v -2.5 0.6 -0.4
v -2.5 0.8 -0.4
v -2.5 0.9 -0.4
v -2.5 1 -0.4
v -2.4 0.6 -0.4
v -2.4 0.9 -0.4
v -2.4 1 -0.4
v -2.3 0.6 -0.4
v -2.3 0.7 -0.4
v -2.3 0.8 -0.4
v -2.3 0.9 -0.4
v -2.3 1 -0.4
v -2.2 0.6 -0.4
v -2.2 0.7 -0.4
v -2.2 0.8 -0.4
v -2.1 0.6 -0.4
v -2.1 0.8 -0.4
v -2.1 0.9 -0.4
v -2 0.6 -0.4
v -2 0.7 -0.4
v -2 0.8 -0.4
v -2 0.9 -0.4
v -1.9 0.6 -0.4
v -1.9 0.7 -0.4
v -1.9 0.8 -0.4
v -1.9 0.9 -0.4
v -1.9 1 -0.4
v -1.8 0.6 -0.4
v -1.8 0.7 -0.4
v -1.8 0.9 -0.4
v -1.8 1 -0.4
v -1.7 0.6 -0.4
v -1.7 0.7 -0.4
v -1.7 0.8 -0.4
v -1.7 0.9 -0.4
v -1.6 0.6 -0.4
v -1.6 0.7 -0.4
v -1.6 0.8 -0.4
v -1.6 0.9 -0.4
v -1.5 0.6 -0.4
v -1.4 0.6 -0.4
v -1.4 0.7 -0.4
v -1.4 0.8 -0.4
v -1.4 0.9 -0.4
v -1.4 1 -0.4
v -1.3 0.6 -0.4
v -1.3 0.7 -0.4
v -1.3 0.9 -0.4
v -1.3 1 -0.4
v -1.2 0.6 -0.4
v -1.2 0.7 -0.4
v -1.2 0.9 -0.4
v -1.2 1 -0.4
v -1.1 0.6 -0.4
v -1.1 0.7 -0.4
v -1 0.6 -0.4
v -1 0.7 -0.4
v -1 0.8 -0.4
v -1 0.9 -0.4
v -1 1 -0.4
v -0.9 0.6 -0.4
v -0.9 0.7 -0.4
v -0.9 0.8 -0.4
v -0.9 0.9 -0.4
v -0.9 1 -0.4
v -0.8 0.6 -0.4
v -0.8 0.8 -0.4
v -0.8 0.9 -0.4
v -0.8 1 -0.4
v -0.7 0.6 -0.4
v -0.7 0.8 -0.4
v -0.6 0.6 -0.4
v -0.6 0.7 -0.4
v -0.6 0.8 -0.4
v -0.6 0.9 -0.4
v -0.6 1 -0.4
v -0.5 0.6 -0.4
v -0.5 0.7 -0.4
v -0.5 0.9 -0.4
v -0.5 1 -0.4
v -0.4 0.6 -0.4
v -0.4 0.7 -0.4
v -0.4 1 -0.4
v -0.3 0.6 -0.4
v -0.3 0.8 -0.4
v -0.3 0.9 -0.4
v -0.3 1 -0.4
v -0.2 0.6 -0.4
v -0.2 0.8 -0.4
v -0.2 0.9 -0.4
v -0.0999999 0.6 -0.4
v -0.0999999 0.9 -0.4
v -0.0999999 1 -0.4
v 0 0.6 -0.4
v 0 0.8 -0.4
v 0 0.9 -0.4
v 0.0999999 0.6 -0.4
v 0.0999999 0.8 -0.4
v 0.0999999 0.9 -0.4
v 0.0999999 1 -0.4
v -4.2 0.6 -0.5
v -4.2 0.7 -0.5
v -4.2 0.8 -0.5
v -4.2 0.9 -0.5
v -4.2 1 -0.5
v -4.1 0.6 -0.5
v -4.1 0.7 -0.5
v -4.1 0.8 -0.5
v -4.1 0.9 -0.5
v -4.1 1 -0.5
v -4.1 1.1 -0.5
v -4 1 -0.5
v -4 1.1 -0.5
v -3.9 1 -0.5
v -3.9 1.1 -0.5
v -3.8 1 -0.5
v -3.7 0.5 -0.5
v -3.7 0.6 -0.5
v -3.7 1 -0.5
v -3.7 1.1 -0.5
v -3.6 0.5 -0.5
v -3.6 0.6 -0.5
v -3.6 1 -0.5
v -3.6 1.1 -0.5
v -3.5 1 -0.5
v -3.5 1.1 -0.5
v -3.4 1 -0.5
v -3.4 1.1 -0.5
v -3.3 0.6 -0.5
v -3.3 0.7 -0.5
v -3.3 0.8 -0.5
v -3.3 0.9 -0.5
v -3.3 1 -0.5
v -3.3 1.1 -0.5
v -3.2 0.6 -0.5
v -3.2 0.7 -0.5
v -3.2 0.8 -0.5
v -3.2 0.9 -0.5
v -3.2 1 -0.5
v -3.2 1.1 -0.5
v -3.1 1 -0.5
v -3.1 1.1 -0.5
v -3 1 -0.5
v -3 1.1 -0.5
v -2.9 1 -0.5
v -2.7 0.5 -0.5
v -2.7 0.6 -0.5
v -2.7 1 -0.5
v -2.6 0.5 -0.5
v -2.6 0.6 -0.5
v -2.6 1 -0.5
v -2.6 1.1 -0.5
v -2.5 1 -0.5
v -2.4 1 -0.5
v -2.4 1.1 -0.5
v -2.3 1 -0.5
v -2.3 1.1 -0.5
v -2.1 1 -0.5
v -2.1 1.1 -0.5
v -1.9 0.6 -0.5
v -1.9 0.7 -0.5
v -1.9 0.8 -0.5
v -1.9 0.9 -0.5
v -1.9 1 -0.5
v -1.9 1.1 -0.5
v -1.8 0.6 -0.5
v -1.8 0.7 -0.5
v -1.8 0.8 -0.5
v -1.8 0.9 -0.5
v -1.8 1 -0.5
v -1.8 1.1 -0.5
v -1.6 1 -0.5
v -1.6 1.1 -0.5
v -1.4 1 -0.5
v -1.3 1 -0.5
v -1.3 1.1 -0.5
v -1.2 1 -0.5
v -1.1 1 -0.5
v -1.1 1.1 -0.5
v -1 0.5 -0.5
v -1 0.6 -0.5
v -1 1 -0.5
v -1 1.1 -0.5
v -0.9 0.5 -0.5
v -0.9 0.6 -0.5
v -0.9 1 -0.5
v -0.8 1 -0.5
v -0.6 1 -0.5
v -0.6 1.1 -0.5
v -0.5 1 -0.5
v -0.4 0.6 -0.5
v -0.4 0.7 -0.5
v -0.4 0.9 -0.5
v -0.4 1 -0.5
v -0.4 1.1 -0.5
v -0.3 0.6 -0.5
v -0.3 0.7 -0.5
v -0.3 0.8 -0.5
v -0.3 0.9 -0.5
v -0.3 1 -0.5
v -0.3 1.1 -0.5
v -0.2 1 -0.5
v -0.2 1.1 -0.5
v -0.0999999 1 -0.5
v 0.0999999 0.6 -0.5
v 0.0999999 0.7 -0.5
v 0.0999999 0.8 -0.5
v 0.0999999 0.9 -0.5
v 0.0999999 1 -0.5
v 0.0999999 1.1 -0.5
v 0.2 0.6 -0.5
v 0.2 0.7 -0.5
v 0.2 0.8 -0.5
v 0.2 0.9 -0.5
v 0.2 1 -0.5
v -4.1 1.1 -0.9
v -4.1 1.3 -0.9
v -4.1 1.4 -0.9
v -4.1 1.5 -0.9
v -4 1.1 -0.9
v -4 1.2 -0.9
v -4 1.3 -0.9
v -4 1.4 -0.9
v -4 1.5 -0.9
v -3.9 1.1 -0.9
v -3.9 1.2 -0.9
v -3.9 1.4 -0.9
v -3.9 1.5 -0.9
v -3.8 1.1 -0.9
v -3.8 1.2 -0.9
v -3.8 1.4 -0.9
v -3.7 1.1 -0.9
v -3.7 1.2 -0.9
v -3.7 1.5 -0.9
v -3.6 1.1 -0.9
v -3.6 1.2 -0.9
v -3.6 1.3 -0.9
v -3.6 1.4 -0.9
v -3.6 1.5 -0.9
v -3.5 1.2 -0.9
v -3.5 1.3 -0.9
v -3.5 1.4 -0.9
v -3.5 1.5 -0.9
v -3.4 1.1 -0.9
v -3.4 1.2 -0.9
v -3.4 1.3 -0.9
v -3.4 1.4 -0.9
v -3.4 1.5 -0.9
v -3.3 1.1 -0.9
v -3.2 1.1 -0.9
v -3.2 1.2 -0.9
v -3.2 1.4 -0.9
v -3.2 1.5 -0.9
v -3.1 1.1 -0.9
v -3.1 1.2 -0.9
v -3.1 1.3 -0.9
v -3.1 1.4 -0.9
v -3.1 1.5 -0.9
v -3 1.1 -0.9
v -3 1.2 -0.9
v -3 1.4 -0.9
v -3 1.5 -0.9
v -2.9 1.1 -0.9
v -2.9 1.2 -0.9
v -2.9 1.3 -0.9
v -2.9 1.4 -0.9
v -2.8 1.1 -0.9
v -2.8 1.4 -0.9
v -2.8 1.5 -0.9
v -2.7 1.1 -0.9
v -2.7 1.2 -0.9
v -2.7 1.3 -0.9
v -2.7 1.4 -0.9
v -2.7 1.5 -0.9
v -2.6 1.1 -0.9
v -2.6 1.2 -0.9
v -2.6 1.3 -0.9
v -2.6 1.4 -0.9
v -2.6 1.5 -0.9
v -2.5 1.1 -0.9
v -2.5 1.2 -0.9
v -2.4 1.1 -0.9
v -2.4 1.2 -0.9
v -2.4 1.3 -0.9
v -2.4 1.5 -0.9
v -2.3 1.1 -0.9
v -2.3 1.2 -0.9
v -2.3 1.3 -0.9
v -2.3 1.4 -0.9
v -2.3 1.5 -0.9
v -2.2 1.2 -0.9
v -2.2 1.3 -0.9
v -2.2 1.4 -0.9
v -2.2 1.5 -0.9
v -2.1 1.1 -0.9
v -2.1 1.2 -0.9
v -2.1 1.3 -0.9
v -2.1 1.4 -0.9
v -2 1.1 -0.9
v -2 1.2 -0.9
v -2 1.3 -0.9
v -2 1.4 -0.9
v -2 1.5 -0.9
v -1.9 1.1 -0.9
v -1.9 1.2 -0.9
v -1.9 1.4 -0.9
v -1.9 1.5 -0.9
v -1.8 1.1 -0.9
v -1.8 1.2 -0.9
v -1.8 1.4 -0.9
v -1.8 1.5 -0.9
v -1.7 1.1 -0.9
v -1.7 1.2 -0.9
v -1.7 1.3 -0.9
v -1.7 1.4 -0.9
v -1.7 1.5 -0.9
v -1.6 1.1 -0.9
v -1.6 1.2 -0.9
v -1.6 1.3 -0.9
v -1.6 1.4 -0.9
v -1.6 1.5 -0.9
v -1.5 1.3 -0.9
v -1.5 1.4 -0.9
v -1.5 1.5 -0.9
v -1.4 1.1 -0.9
v -1.4 1.2 -0.9
v -1.4 1.4 -0.9
v -1.4 1.5 -0.9
v -1.3 1.2 -0.9
v -1.3 1.4 -0.9
v -1.3 1.5 -0.9
v -1.2 1.1 -0.9
v -1.2 1.2 -0.9
v -1.2 1.4 -0.9
v -1.2 1.5 -0.9
v -1.1 1.1 -0.9
v -1.1 1.2 -0.9
v -1.1 1.4 -0.9
v -1.1 1.5 -0.9
v -1 1.1 -0.9
v -1 1.2 -0.9
v -1 1.3 -0.9
v -1 1.4 -0.9
v -1 1.5 -0.9
v -0.9 1.2 -0.9
v -0.9 1.3 -0.9
v -0.9 1.4 -0.9
v -0.9 1.5 -0.9
v -0.8 1.1 -0.9
v -0.8 1.2 -0.9
v -0.8 1.3 -0.9
v -0.8 1.4 -0.9
v -0.6 1.1 -0.9
v -0.6 1.2 -0.9
v -0.6 1.3 -0.9
v -0.6 1.4 -0.9
v -0.6 1.5 -0.9
v -0.5 1.1 -0.9
v -0.5 1.2 -0.9
v -0.5 1.4 -0.9
v -0.5 1.5 -0.9
v -0.4 1.1 -0.9
v -0.4 1.4 -0.9
v -0.4 1.5 -0.9
v -0.3 1.1 -0.9
v -0.3 1.2 -0.9
v -0.3 1.4 -0.9
v -0.3 1.5 -0.9
v -0.2 1.1 -0.9
v -0.2 1.2 -0.9
v -0.0999999 1.1 -0.9
v -0.0999999 1.2 -0.9
v -0.0999999 1.3 -0.9
v -0.0999999 1.4 -0.9
v -0.0999999 1.5 -0.9
v 0 1.1 -0.9
v 0 1.2 -0.9
v 0 1.3 -0.9
v 0 1.4 -0.9
v 0 1.5 -0.9
v 0.0999999 1.1 -0.9
v 0.0999999 1.3 -0.9
v 0.0999999 1.4 -0.9
v 0.0999999 1.5 -0.9
v -4.2 1.1 -1
v -4.2 1.2 -1
v -4.2 1.3 -1
v -4.2 1.5 -1
v -4.1 1.1 -1
v -4.1 1.2 -1
v -4.1 1.3 -1
v -4.1 1.4 -1
v -4.1 1.5 -1
v -4.1 1.6 -1
v -4 1.5 -1
v -4 1.6 -1
v -3.9 1.5 -1
v -3.7 1.1 -1
v -3.7 1.2 -1
v -3.7 1.5 -1
v -3.7 1.6 -1
v -3.6 1.1 -1
v -3.6 1.2 -1
v -3.6 1.3 -1
v -3.6 1.4 -1
v -3.6 1.5 -1
v -3.6 1.6 -1
v -3.5 1.5 -1
v -3.5 1.6 -1
v -3.4 1.5 -1
v -3.4 1.6 -1
v -3.3 1 -1
v -3.3 1.1 -1
v -3.2 1 -1
v -3.2 1.1 -1
v -3.2 1.5 -1
v -3.1 1.5 -1
v -3.1 1.6 -1
v -3 1.5 -1
v -3 1.6 -1
v -2.8 1.5 -1
v -2.7 1.5 -1
v -2.7 1.6 -1
v -2.6 1.5 -1
v -2.6 1.6 -1
v -2.4 1.1 -1
v -2.4 1.2 -1
v -2.4 1.3 -1
v -2.4 1.4 -1
v -2.4 1.5 -1
v -2.4 1.6 -1
v -2.3 1.1 -1
v -2.3 1.2 -1
v -2.3 1.3 -1
v -2.3 1.4 -1
v -2.3 1.5 -1
v -2.3 1.6 -1
v -2.2 1.5 -1
v -2.1 1.5 -1
v -2.1 1.6 -1
v -2 1.5 -1
v -1.9 1 -1
v -1.9 1.1 -1
v -1.9 1.5 -1
v -1.9 1.6 -1
v -1.8 1 -1
v -1.8 1.1 -1
v -1.8 1.5 -1
v -1.8 1.6 -1
v -1.7 1.5 -1
v -1.7 1.6 -1
v -1.6 1.5 -1
v -1.5 1.5 -1
v -1.4 1.5 -1
v -1.4 1.6 -1
v -1.3 1.5 -1
v -1.2 1.1 -1
v -1.2 1.2 -1
v -1.2 1.4 -1
v -1.2 1.5 -1
v -1.2 1.6 -1
v -1.1 1.1 -1
v -1.1 1.2 -1
v -1.1 1.4 -1
v -1.1 1.5 -1
v -1.1 1.6 -1
v -1 1.5 -1
v -0.9 1.5 -1
v -0.8 1.5 -1
v -0.8 1.6 -1
v -0.6 1.5 -1
v -0.5 1.5 -1
v -0.5 1.6 -1
v -0.4 1 -1
v -0.4 1.1 -1
v -0.4 1.5 -1
v -0.3 1 -1
v -0.3 1.1 -1
v -0.3 1.5 -1
v -0.2 1.5 -1
v -0.2 1.6 -1
v -0.0999999 1.5 -1
v -0.0999999 1.6 -1
v 0 1.5 -1
v 0.0999999 1.1 -1
v 0.0999999 1.2 -1
v 0.0999999 1.3 -1
v 0.0999999 1.4 -1
v 0.0999999 1.5 -1
v 0.0999999 1.6 -1
v 0.2 1.1 -1
v 0.2 1.2 -1
v 0.2 1.3 -1
v 0.2 1.5 -1
v -4.1 1.6 -1.4
v -4.1 1.7 -1.4
v -4.1 1.8 -1.4
v -4.1 2 -1.4
v -4 1.6 -1.4
v -4 1.7 -1.4
v -4 1.9 -1.4
v -4 2 -1.4
v -3.9 1.6 -1.4
v -3.9 1.7 -1.4
v -3.8 1.6 -1.4
v -3.8 1.7 -1.4
v -3.8 1.8 -1.4
v -3.8 1.9 -1.4
v -3.7 1.6 -1.4
v -3.7 1.9 -1.4
v -3.7 2 -1.4
v -3.6 1.6 -1.4
v -3.6 1.7 -1.4
v -3.6 1.8 -1.4
v -3.6 1.9 -1.4
v -3.5 1.6 -1.4
v -3.5 1.7 -1.4
v -3.5 1.8 -1.4
v -3.5 1.9 -1.4
v -3.5 2 -1.4
v -3.4 1.6 -1.4
v -3.4 1.7 -1.4
v -3.4 1.8 -1.4
v -3.4 1.9 -1.4
v -3.4 2 -1.4
v -3.3 1.6 -1.4
v -3.3 1.7 -1.4
v -3.2 1.6 -1.4
v -3.2 1.7 -1.4
v -3.2 1.8 -1.4
v -3.2 1.9 -1.4
v -3.1 1.6 -1.4
v -3.1 1.9 -1.4
v -3.1 2 -1.4
v -3 1.6 -1.4
v -3 1.7 -1.4
v -3 1.8 -1.4
v -3 1.9 -1.4
v -3 2 -1.4
v -2.9 1.6 -1.4
v -2.9 1.7 -1.4
v -2.9 1.8 -1.4
v -2.9 1.9 -1.4
v -2.9 2 -1.4
v -2.8 1.6 -1.4
v -2.8 1.7 -1.4
v -2.8 1.8 -1.4
v -2.8 1.9 -1.4
v -2.7 1.6 -1.4
v -2.7 1.7 -1.4
v -2.7 1.8 -1.4
v -2.7 1.9 -1.4
v -2.7 2 -1.4
v -2.6 1.6 -1.4
v -2.6 1.7 -1.4
v -2.6 1.9 -1.4
v -2.6 2 -1.4
v -2.5 1.6 -1.4
v -2.5 1.7 -1.4
v -2.5 1.9 -1.4
v -2.5 2 -1.4
v -2.4 1.6 -1.4
v -2.4 1.7 -1.4
v -2.3 1.6 -1.4
v -2.3 1.7 -1.4
v -2.3 1.8 -1.4
v -2.3 1.9 -1.4
v -2.3 2 -1.4
v -2.2 1.7 -1.4
v -2.2 1.8 -1.4
v -2.2 1.9 -1.4
v -2.1 1.6 -1.4
v -2.1 1.8 -1.4
v -2.1 1.9 -1.4
v -2.1 2 -1.4
v -2 1.6 -1.4
v -2 1.7 -1.4
v -2 1.8 -1.4
v -2 1.9 -1.4
v -2 2 -1.4
v -1.9 1.7 -1.4
v -1.9 1.9 -1.4
v -1.9 2 -1.4
v -1.8 1.6 -1.4
v -1.8 1.7 -1.4
v -1.8 1.9 -1.4
v -1.8 2 -1.4
v -1.7 1.6 -1.4
v -1.7 1.7 -1.4
v -1.7 1.8 -1.4
v -1.7 1.9 -1.4
v -1.7 2 -1.4
v -1.6 1.7 -1.4
v -1.6 1.8 -1.4
v -1.6 1.9 -1.4
v -1.6 2 -1.4
v -1.5 1.6 -1.4
v -1.5 1.7 -1.4
v -1.5 1.8 -1.4
v -1.5 1.9 -1.4
v -1.4 1.6 -1.4
v -1.4 1.7 -1.4
v -1.4 1.8 -1.4
v -1.4 1.9 -1.4
v -1.4 2 -1.4
v -1.3 1.6 -1.4
v -1.3 1.7 -1.4
v -1.3 1.9 -1.4
v -1.3 2 -1.4
v -1.2 1.6 -1.4
v -1.2 1.7 -1.4
v -1.2 1.9 -1.4
v -1.2 2 -1.4
v -1.1 1.6 -1.4
v -1.1 1.7 -1.4
v -1.1 1.8 -1.4
v -1.1 1.9 -1.4
v -1.1 2 -1.4
v -1 1.7 -1.4
v -1 1.8 -1.4
v -1 1.9 -1.4
v -0.9 1.6 -1.4
v -0.9 1.8 -1.4
v -0.9 1.9 -1.4
v -0.9 2 -1.4
v -0.8 1.6 -1.4
v -0.8 1.7 -1.4
v -0.8 1.8 -1.4
v -0.8 1.9 -1.4
v -0.8 2 -1.4
v -0.7 1.7 -1.4
v -0.7 1.9 -1.4
v -0.7 2 -1.4
v -0.6 1.6 -1.4
v -0.6 1.7 -1.4
v -0.6 1.9 -1.4
v -0.6 2 -1.4
v -0.5 1.6 -1.4
v -0.5 1.7 -1.4
v -0.5 1.9 -1.4
v -0.5 2 -1.4
v -0.4 1.6 -1.4
v -0.4 1.7 -1.4
v -0.4 1.8 -1.4
v -0.4 1.9 -1.4
v -0.3 1.6 -1.4
v -0.3 1.7 -1.4
v -0.3 1.8 -1.4
v -0.3 1.9 -1.4
v -0.3 2 -1.4
v -0.2 1.6 -1.4
v -0.2 1.7 -1.4
v -0.2 1.8 -1.4
v -0.2 1.9 -1.4
v -0.2 2 -1.4
v -0.0999999 1.6 -1.4
v -0.0999999 1.7 -1.4
v 0 1.6 -1.4
v 0 1.7 -1.4
v 0 1.8 -1.4
v 0 1.9 -1.4
v 0 2 -1.4
v 0.0999999 1.6 -1.4
v 0.0999999 1.7 -1.4
v 0.0999999 1.8 -1.4
v 0.0999999 2 -1.4
v -4.2 0.1 -1.5
v -4.2 0.2 -1.5
v -4.2 0.3 -1.5
v -4.2 0.4 -1.5
v -4.2 0.5 -1.5
v -4.2 1.6 -1.5
v -4.2 1.7 -1.5
v -4.2 1.8 -1.5
v -4.2 1.9 -1.5
v -4.2 2 -1.5
v -4.1 0 -1.5
v -4.1 0.1 -1.5
v -4.1 0.2 -1.5
v -4.1 0.3 -1.5
v -4.1 0.4 -1.5
v -4.1 0.5 -1.5
v -4.1 1.6 -1.5
v -4.1 1.7 -1.5
v -4.1 1.8 -1.5
v -4.1 1.9 -1.5
v -4.1 2 -1.5
v -4.1 2.1 -1.5
v -4 0 -1.5
v -4 0.1 -1.5
v -4 2 -1.5
v -4 2.1 -1.5
v -3.8 2 -1.5
v -3.8 2.1 -1.5
v -3.7 1.5 -1.5
v -3.7 1.6 -1.5
v -3.7 2 -1.5
v -3.6 1.5 -1.5
v -3.6 1.6 -1.5
v -3.6 2 -1.5
v -3.6 2.1 -1.5
v -3.5 2 -1.5
v -3.5 2.1 -1.5
v -3.4 2 -1.5
v -3.4 2.1 -1.5
v -3.1 1.6 -1.5
v -3.1 1.9 -1.5
v -3.1 2 -1.5
v -3.1 2.1 -1.5
v -3 1.6 -1.5
v -3 1.7 -1.5
v -3 1.8 -1.5
v -3 1.9 -1.5
v -3 2 -1.5
v -3 2.1 -1.5
v -2.9 2 -1.5
v -2.8 2 -1.5
v -2.8 2.1 -1.5
v -2.7 2 -1.5
v -2.6 2 -1.5
v -2.6 2.1 -1.5
v -2.5 2 -1.5
v -2.4 1.5 -1.5
v -2.4 1.6 -1.5
v -2.4 2 -1.5
v -2.4 2.1 -1.5
v -2.3 1.5 -1.5
v -2.3 1.6 -1.5
v -2.3 2 -1.5
v -2.3 2.1 -1.5
v -2.1 2 -1.5
v -2 2 -1.5
v -2 2.1 -1.5
v -1.9 2 -1.5
v -1.8 1.6 -1.5
v -1.8 1.7 -1.5
v -1.8 1.9 -1.5
v -1.8 2 -1.5
v -1.8 2.1 -1.5
v -1.7 1.6 -1.5
v -1.7 1.7 -1.5
v -1.7 1.8 -1.5
v -1.7 1.9 -1.5
v -1.7 2 -1.5
v -1.7 2.1 -1.5
v -1.6 2 -1.5
v -1.5 2 -1.5
v -1.5 2.1 -1.5
v -1.4 2 -1.5
v -1.3 2 -1.5
v -1.3 2.1 -1.5
v -1.2 1.5 -1.5
v -1.2 1.6 -1.5
v -1.2 2 -1.5
v -1.2 2.1 -1.5
v -1.1 1.5 -1.5
v -1.1 1.6 -1.5
v -1.1 2 -1.5
v -1.1 2.1 -1.5
v -0.9 2 -1.5
v -0.8 2 -1.5
v -0.8 2.1 -1.5
v -0.7 2 -1.5
v -0.6 1.6 -1.5
v -0.6 1.7 -1.5
v -0.6 1.9 -1.5
v -0.6 2 -1.5
v -0.6 2.1 -1.5
v -0.5 1.6 -1.5
v -0.5 1.7 -1.5
v -0.5 1.9 -1.5
v -0.5 2 -1.5
v -0.5 2.1 -1.5
v -0.4 2 -1.5
v -0.4 2.1 -1.5
v -0.3 2 -1.5
v -0.3 2.1 -1.5
v -0.2 2 -1.5
v -0.2 2.1 -1.5
v 0 0 -1.5
v 0 0.1 -1.5
v 0 2 -1.5
v 0 2.1 -1.5
v 0.0999999 0 -1.5
v 0.0999999 0.1 -1.5
v 0.0999999 0.2 -1.5
v 0.0999999 0.3 -1.5
v 0.0999999 0.4 -1.5
v 0.0999999 0.5 -1.5
v 0.0999999 1.6 -1.5
v 0.0999999 1.7 -1.5
v 0.0999999 1.8 -1.5
v 0.0999999 1.9 -1.5
v 0.0999999 2 -1.5
v 0.0999999 2.1 -1.5
v 0.2 0.1 -1.5
v 0.2 0.2 -1.5
v 0.2 0.3 -1.5
v 0.2 0.4 -1.5
v 0.2 0.5 -1.5
v 0.2 1.6 -1.5
v 0.2 1.7 -1.5
v 0.2 1.8 -1.5
v 0.2 1.9 -1.5
v 0.2 2 -1.5
v -4.1 2.1 -1.9
v -4.1 2.4 -1.9
v -4.1 2.5 -1.9
v -4 2.1 -1.9
v -4 2.3 -1.9
v -3.8 2.1 -1.9
v -3.8 2.4 -1.9
v -3.8 2.5 -1.9
v -3.7 2.1 -1.9
v -3.7 2.3 -1.9
v -3.7 2.4 -1.9
v -3.6 2.1 -1.9
v -3.6 2.2 -1.9
v -3.6 2.3 -1.9
v -3.6 2.4 -1.9
v -3.6 2.5 -1.9
v -3.5 2.1 -1.9
v -3.5 2.2 -1.9
v -3.5 2.3 -1.9
v -3.5 2.4 -1.9
v -3.5 2.5 -1.9
v -3.4 2.1 -1.9
v -3.4 2.3 -1.9
v -3.4 2.4 -1.9
v -3.4 2.5 -1.9
v -3.2 2.1 -1.9
v -3.2 2.3 -1.9
v -3.1 2.1 -1.9
v -3.1 2.3 -1.9
v -3.1 2.4 -1.9
v -3 2.1 -1.9
v -3 2.4 -1.9
v -3 2.5 -1.9
v -2.9 2.1 -1.9
v -2.9 2.2 -1.9
v -2.9 2.3 -1.9
v -2.9 2.4 -1.9
v -2.8 2.1 -1.9
v -2.7 2.1 -1.9
v -2.7 2.2 -1.9
v -2.7 2.3 -1.9
v -2.7 2.4 -1.9
v -2.7 2.5 -1.9
v -2.6 2.1 -1.9
v -2.6 2.2 -1.9
v -2.6 2.3 -1.9
v -2.6 2.4 -1.9
v -2.6 2.5 -1.9
v -2.5 2.1 -1.9
v -2.5 2.2 -1.9
v -2.5 2.3 -1.9
v -2.5 2.4 -1.9
v -2.4 2.1 -1.9
v -2.3 2.1 -1.9
v -2.3 2.3 -1.9
v -2.3 2.4 -1.9
v -2.3 2.5 -1.9
v -2.2 2.1 -1.9
v -2.2 2.2 -1.9
v -2.2 2.3 -1.9
v -2.2 2.4 -1.9
v -2.1 2.1 -1.9
v -2.1 2.2 -1.9
v -2 2.1 -1.9
v -1.9 2.1 -1.9
v -1.9 2.2 -1.9
v -1.9 2.3 -1.9
v -1.9 2.4 -1.9
v -1.9 2.5 -1.9
v -1.8 2.1 -1.9
v -1.8 2.2 -1.9
v -1.8 2.3 -1.9
v -1.8 2.4 -1.9
v -1.8 2.5 -1.9
v -1.7 2.1 -1.9
v -1.7 2.4 -1.9
v -1.7 2.5 -1.9
v -1.6 2.1 -1.9
v -1.6 2.3 -1.9
v -1.6 2.4 -1.9
v -1.6 2.5 -1.9
v -1.5 2.1 -1.9
v -1.4 2.2 -1.9
v -1.4 2.3 -1.9
v -1.3 2.1 -1.9
v -1.3 2.2 -1.9
v -1.2 2.1 -1.9
v -1.2 2.2 -1.9
v -1.2 2.3 -1.9
v -1.2 2.4 -1.9
v -1.2 2.5 -1.9
v -1.1 2.1 -1.9
v -1 2.1 -1.9
v -1 2.2 -1.9
v -1 2.3 -1.9
v -1 2.4 -1.9
v -1 2.5 -1.9
v -0.9 2.1 -1.9
v -0.9 2.2 -1.9
v -0.9 2.3 -1.9
v -0.9 2.4 -1.9
v -0.9 2.5 -1.9
v -0.8 2.1 -1.9
v -0.8 2.2 -1.9
v -0.8 2.3 -1.9
v -0.8 2.4 -1.9
v -0.8 2.5 -1.9
v -0.7 2.1 -1.9
v -0.7 2.2 -1.9
v -0.7 2.3 -1.9
v -0.7 2.4 -1.9
v -0.6 2.1 -1.9
v -0.6 2.4 -1.9
v -0.6 2.5 -1.9
v -0.5 2.1 -1.9
v -0.5 2.3 -1.9
v -0.5 2.4 -1.9
v -0.5 2.5 -1.9
v -0.4 2.1 -1.9
v -0.4 2.3 -1.9
v -0.4 2.4 -1.9
v -0.4 2.5 -1.9
v -0.3 2.1 -1.9
v -0.3 2.2 -1.9
v -0.3 2.3 -1.9
v -0.2 2.1 -1.9
v -0.2 2.2 -1.9
v -0.2 2.3 -1.9
v -0.0999999 2.1 -1.9
v -0.0999999 2.2 -1.9
v -0.0999999 2.4 -1.9
v -0.0999999 2.5 -1.9
v 0 2.1 -1.9
v 0 2.2 -1.9
v 0 2.4 -1.9
v 0 2.5 -1.9
v 0.0999999 2.1 -1.9
v 0.0999999 2.4 -1.9
v 0.0999999 2.5 -1.9
v -4.2 2.1 -2
v -4.2 2.2 -2
v -4.2 2.3 -2
v -4.2 2.5 -2
v -4.1 2.1 -2
v -4.1 2.2 -2
v -4.1 2.3 -2
v -4.1 2.4 -2
v -4.1 2.5 -2
v -4.1 2.6 -2
v -4 2.5 -2
v -4 2.6 -2
v -3.9 2.5 -2
v -3.9 2.6 -2
v -3.8 2.5 -2
v -3.6 2.5 -2
v -3.5 2.1 -2
v -3.5 2.2 -2
v -3.5 2.3 -2
v -3.5 2.4 -2
v -3.5 2.5 -2
v -3.5 2.6 -2
v -3.4 2.1 -2
v -3.4 2.2 -2
v -3.4 2.3 -2
v -3.4 2.4 -2
v -3.4 2.5 -2
v -3.4 2.6 -2
v -3.2 2.5 -2
v -3.2 2.6 -2
v -3.1 2 -2
v -3.1 2.1 -2
v -3 2 -2
v -3 2.1 -2
v -3 2.5 -2
v -2.9 2.5 -2
v -2.9 2.6 -2
v -2.7 2.5 -2
v -2.7 2.6 -2
v -2.6 2.5 -2
v -2.6 2.6 -2
v -2.3 2.5 -2
v -2.2 2.5 -2
v -2.2 2.6 -2
v -2.1 2.5 -2
v -2.1 2.6 -2
v -1.9 2.5 -2
v -1.8 2 -2
v -1.8 2.1 -2
v -1.8 2.5 -2
v -1.7 2 -2
v -1.7 2.1 -2
v -1.7 2.5 -2
v -1.7 2.6 -2
v -1.6 2.5 -2
v -1.6 2.6 -2
v -1.4 2.5 -2
v -1.4 2.6 -2
v -1.3 2.5 -2
v -1.3 2.6 -2
v -1.2 2.5 -2
v -1 2.1 -2
v -1 2.2 -2
v -1 2.3 -2
v -1 2.4 -2
v -1 2.5 -2
v -1 2.6 -2
v -0.9 2.1 -2
v -0.9 2.2 -2
v -0.9 2.3 -2
v -0.9 2.4 -2
v -0.9 2.5 -2
v -0.9 2.6 -2
v -0.8 2.5 -2
v -0.6 2 -2
v -0.6 2.1 -2
v -0.6 2.5 -2
v -0.6 2.6 -2
v -0.5 2 -2
v -0.5 2.1 -2
v -0.5 2.5 -2
v -0.4 2.5 -2
v -0.3 2.5 -2
v -0.3 2.6 -2
v -0.2 2.5 -2
v -0.2 2.6 -2
v -0.0999999 2.5 -2
v 0 2.5 -2
v 0 2.6 -2
v 0.0999999 2.1 -2
v 0.0999999 2.2 -2
v 0.0999999 2.3 -2
v 0.0999999 2.4 -2
v 0.0999999 2.5 -2
v 0.0999999 2.6 -2
v 0.2 2.1 -2
v 0.2 2.2 -2
v 0.2 2.3 -2
v 0.2 2.5 -2
v -4.2 0.6 -2.2
v -4.2 0.7 -2.2
v -4.2 0.9 -2.2
v -4.2 1 -2.2
v -4.1 0.6 -2.2
v -4.1 0.7 -2.2
v -4.1 0.8 -2.2
v -4.1 0.9 -2.2
v -4.1 1 -2.2
v 0.0999999 0.6 -2.2
v 0.0999999 0.7 -2.2
v 0.0999999 0.8 -2.2
v 0.0999999 0.9 -2.2
v 0.0999999 1 -2.2
v 0.2 0.6 -2.2
v 0.2 0.7 -2.2
v 0.2 0.9 -2.2
v 0.2 1 -2.2
v -4.1 2.6 -2.4
v -4.1 2.7 -2.4
v -4.1 2.8 -2.4
v -4.1 2.9 -2.4
v -4.1 3 -2.4
v -4 2.6 -2.4
v -4 2.7 -2.4
v -4 2.8 -2.4
v -4 2.9 -2.4
v -3.9 2.8 -2.4
v -3.9 2.9 -2.4
v -3.9 3 -2.4
v -3.8 2.6 -2.4
v -3.8 2.7 -2.4
v -3.8 2.8 -2.4
v -3.8 2.9 -2.4
v -3.7 2.6 -2.4
v -3.7 2.7 -2.4
v -3.6 2.6 -2.4
v -3.6 2.7 -2.4
v -3.6 2.8 -2.4
v -3.6 2.9 -2.4
v -3.6 3 -2.4
v -3.5 2.6 -2.4
v -3.5 2.7 -2.4
v -3.5 2.8 -2.4
v -3.5 2.9 -2.4
v -3.5 3 -2.4
v -3.4 2.6 -2.4
v -3.4 2.9 -2.4
v -3.4 3 -2.4
v -3.3 2.6 -2.4
v -3.3 2.8 -2.4
v -3.3 2.9 -2.4
v -3.3 3 -2.4
v -3.2 2.6 -2.4
v -3.2 2.7 -2.4
v -3.2 2.8 -2.4
v -3.1 2.6 -2.4
v -3.1 2.7 -2.4
v -3 2.6 -2.4
v -3 2.7 -2.4
v -3 2.8 -2.4
v -3 2.9 -2.4
v -3 3 -2.4
v -2.9 2.6 -2.4
v -2.9 2.7 -2.4
v -2.9 2.8 -2.4
v -2.9 2.9 -2.4
v -2.9 3 -2.4
v -2.8 2.6 -2.4
v -2.8 2.7 -2.4
v -2.8 2.8 -2.4
v -2.8 2.9 -2.4
v -2.8 3 -2.4
v -2.7 2.6 -2.4
v -2.7 2.7 -2.4
v -2.7 2.8 -2.4
v -2.7 2.9 -2.4
v -2.7 3 -2.4
v -2.6 2.6 -2.4
v -2.6 2.9 -2.4
v -2.6 3 -2.4
v -2.5 2.8 -2.4
v -2.5 2.9 -2.4
v -2.5 3 -2.4
v -2.4 2.6 -2.4
v -2.4 2.8 -2.4
v -2.4 2.9 -2.4
v -2.4 3 -2.4
v -2.3 2.6 -2.4
v -2.3 2.7 -2.4
v -2.3 2.8 -2.4
v -2.2 2.6 -2.4
v -2.2 2.7 -2.4
v -2.2 2.9 -2.4
v -2.2 3 -2.4
v -2.1 2.7 -2.4
v -2.1 2.8 -2.4
v -2 2.9 -2.4
v -2 3 -2.4
v -1.9 2.6 -2.4
v -1.9 2.8 -2.4
v -1.9 2.9 -2.4
v -1.9 3 -2.4
v -1.8 2.6 -2.4
v -1.8 2.7 -2.4
v -1.8 2.8 -2.4
v -1.6 2.9 -2.4
v -1.6 3 -2.4
v -1.5 2.6 -2.4
v -1.5 2.7 -2.4
v -1.5 2.9 -2.4
v -1.5 3 -2.4
v -1.4 2.6 -2.4
v -1.4 2.7 -2.4
v -1.4 2.8 -2.4
v -1.4 2.9 -2.4
v -1.4 3 -2.4
v -1.3 2.6 -2.4
v -1.3 2.8 -2.4
v -1.3 2.9 -2.4
v -1.3 3 -2.4
v -1.2 2.6 -2.4
v -1.2 2.9 -2.4
v -1.2 3 -2.4
v -1.1 2.6 -2.4
v -1.1 2.8 -2.4
v -1.1 2.9 -2.4
v -1.1 3 -2.4
v -1 2.6 -2.4
v -1 2.7 -2.4
v -1 2.8 -2.4
v -0.9 2.6 -2.4
v -0.9 2.7 -2.4
v -0.9 2.8 -2.4
v -0.9 2.9 -2.4
v -0.9 3 -2.4
v -0.8 2.6 -2.4
v -0.8 2.9 -2.4
v -0.8 3 -2.4
v -0.7 2.6 -2.4
v -0.7 2.7 -2.4
v -0.7 2.8 -2.4
v -0.7 2.9 -2.4
v -0.7 3 -2.4
v -0.5 2.9 -2.4
v -0.5 3 -2.4
v -0.4 2.6 -2.4
v -0.4 2.8 -2.4
v -0.4 2.9 -2.4
v -0.4 3 -2.4
v -0.3 2.6 -2.4
v -0.3 2.8 -2.4
v -0.3 2.9 -2.4
v -0.3 3 -2.4
v -0.2 2.6 -2.4
v -0.2 2.8 -2.4
v -0.0999999 2.6 -2.4
v -0.0999999 2.8 -2.4
v -0.0999999 2.9 -2.4
v 0 2.6 -2.4
v 0 2.7 -2.4
v 0 2.8 -2.4
v 0 2.9 -2.4
v 0.0999999 2.6 -2.4
v 0.0999999 2.7 -2.4
v 0.0999999 2.8 -2.4
v 0.0999999 2.9 -2.4
v 0.0999999 3 -2.4
v -4.2 2.6 -2.5
v -4.2 2.7 -2.5
v -4.2 2.8 -2.5
v -4.2 2.9 -2.5
v -4.2 3 -2.5
v -4.1 2.6 -2.5
v -4.1 2.7 -2.5
v -4.1 2.8 -2.5
v -4.1 2.9 -2.5
v -4.1 3 -2.5
v -4.1 3.1 -2.5
v -3.9 3 -2.5
v -3.9 3.1 -2.5
v -3.7 3 -2.5
v -3.7 3.1 -2.5
v -3.6 3 -2.5
v -3.5 2.5 -2.5
v -3.5 2.6 -2.5
v -3.5 3 -2.5
v -3.5 3.1 -2.5
v -3.4 2.5 -2.5
v -3.4 2.6 -2.5
v -3.4 3 -2.5
v -3.4 3.1 -2.5
v -3.3 3 -2.5
v -3.2 3 -2.5
v -3.2 3.1 -2.5
v -3.1 3 -2.5
v -3.1 3.1 -2.5
v -3 3 -2.5
v -2.9 2.6 -2.5
v -2.9 2.7 -2.5
v -2.9 2.8 -2.5
v -2.9 2.9 -2.5
v -2.9 3 -2.5
v -2.9 3.1 -2.5
v -2.8 2.6 -2.5
v -2.8 2.7 -2.5
v -2.8 2.8 -2.5
v -2.8 2.9 -2.5
v -2.8 3 -2.5
v -2.8 3.1 -2.5
v -2.7 3 -2.5
v -2.7 3.1 -2.5
v -2.6 3 -2.5
v -2.5 3 -2.5
v -2.5 3.1 -2.5
v -2.4 3 -2.5
v -2.4 3.1 -2.5
v -2.3 3 -2.5
v -2.3 3.1 -2.5
v -2.2 3 -2.5
v -2.1 3 -2.5
v -2.1 3.1 -2.5
v -2 3 -2.5
v -2 3.1 -2.5
v -1.9 3 -2.5
v -1.6 3 -2.5
v -1.5 3 -2.5
v -1.5 3.1 -2.5
v -1.4 2.6 -2.5
v -1.4 2.7 -2.5
v -1.4 2.8 -2.5
v -1.4 2.9 -2.5
v -1.4 3 -2.5
v -1.4 3.1 -2.5
v -1.3 2.6 -2.5
v -1.3 2.7 -2.5
v -1.3 2.8 -2.5
v -1.3 2.9 -2.5
v -1.3 3 -2.5
v -1.3 3.1 -2.5
v -1.2 3 -2.5
v -1.2 3.1 -2.5
v -1.1 3 -2.5
v -1.1 3.1 -2.5
v -1 2.5 -2.5
v -1 2.6 -2.5
v -1 3 -2.5
v -1 3.1 -2.5
v -0.9 2.5 -2.5
v -0.9 2.6 -2.5
v -0.9 3 -2.5
v -0.9 3.1 -2.5
v -0.8 3 -2.5
v -0.7 3 -2.5
v -0.5 3 -2.5
v -0.4 2.6 -2.5
v -0.4 2.8 -2.5
v -0.4 2.9 -2.5
v -0.4 3 -2.5
v -0.4 3.1 -2.5
v -0.3 2.6 -2.5
v -0.3 2.8 -2.5
v -0.3 2.9 -2.5
v -0.3 3 -2.5
v -0.3 3.1 -2.5
v -0.0999999 3 -2.5
v -0.0999999 3.1 -2.5
v 0.0999999 2.6 -2.5
v 0.0999999 2.7 -2.5
v 0.0999999 2.8 -2.5
v 0.0999999 2.9 -2.5
v 0.0999999 3 -2.5
v 0.0999999 3.1 -2.5
v 0.2 2.6 -2.5
v 0.2 2.7 -2.5
v 0.2 2.8 -2.5
v 0.2 2.9 -2.5
v 0.2 3 -2.5
v -4.2 0.1 -2.8
v -4.2 0.2 -2.8
v -4.2 0.3 -2.8
v -4.2 0.4 -2.8
v -4.2 0.5 -2.8
v -4.1 0.1 -2.8
v -4.1 0.2 -2.8
v -4.1 0.3 -2.8
v -4.1 0.4 -2.8
v -4.1 0.5 -2.8
v 0.0999999 0.1 -2.8
v 0.0999999 0.2 -2.8
v 0.0999999 0.3 -2.8
v 0.0999999 0.4 -2.8
v 0.0999999 0.5 -2.8
v 0.2 0.1 -2.8
v 0.2 0.2 -2.8
v 0.2 0.3 -2.8
v 0.2 0.4 -2.8
v 0.2 0.5 -2.8
v -4.2 1.1 -2.9
v -4.2 1.2 -2.9
v -4.2 1.3 -2.9
v -4.2 1.4 -2.9
v -4.2 1.5 -2.9
v -4.1 1.1 -2.9
v -4.1 1.2 -2.9
v -4.1 1.3 -2.9
v -4.1 1.4 -2.9
v -4.1 1.5 -2.9
v -4.1 3.1 -2.9
v -4.1 3.3 -2.9
v -4.1 3.4 -2.9
v -4.1 3.5 -2.9
v -4 3.1 -2.9
v -4 3.3 -2.9
v -4 3.4 -2.9
v -4 3.5 -2.9
v -3.9 3.2 -2.9
v -3.9 3.3 -2.9
v -3.8 3.1 -2.9
v -3.8 3.2 -2.9
v -3.7 3.1 -2.9
v -3.7 3.2 -2.9
v -3.7 3.3 -2.9
v -3.7 3.4 -2.9
v -3.7 3.5 -2.9
v -3.6 3.1 -2.9
v -3.6 3.2 -2.9
v -3.6 3.3 -2.9
v -3.6 3.4 -2.9
v -3.6 3.5 -2.9
v -3.5 3.1 -2.9
v -3.5 3.3 -2.9
v -3.5 3.5 -2.9
v -3.4 3.3 -2.9
v -3.4 3.4 -2.9
v -3.3 3.4 -2.9
v -3.3 3.5 -2.9
v -3.2 3.2 -2.9
v -3.2 3.3 -2.9
v -3.1 3.1 -2.9
v -3.1 3.2 -2.9
v -3.1 3.3 -2.9
v -3 3.1 -2.9
v -3 3.2 -2.9
v -3 3.3 -2.9
v -3 3.4 -2.9
v -3 3.5 -2.9
v -2.9 3.1 -2.9
v -2.9 3.2 -2.9
v -2.9 3.3 -2.9
v -2.9 3.4 -2.9
v -2.9 3.5 -2.9
v -2.8 3.1 -2.9
v -2.8 3.2 -2.9
v -2.8 3.4 -2.9
v -2.8 3.5 -2.9
v -2.7 3.1 -2.9
v -2.7 3.2 -2.9
v -2.7 3.3 -2.9
v -2.6 3.1 -2.9
v -2.6 3.2 -2.9
v -2.6 3.3 -2.9
v -2.6 3.4 -2.9
v -2.6 3.5 -2.9
v -2.5 3.3 -2.9
v -2.5 3.4 -2.9
v -2.5 3.5 -2.9
v -2.4 3.4 -2.9
v -2.4 3.5 -2.9
v -2.3 3.1 -2.9
v -2.3 3.2 -2.9
v -2.3 3.3 -2.9
v -2.3 3.4 -2.9
v -2.3 3.5 -2.9
v -2.2 3.1 -2.9
v -2.2 3.2 -2.9
v -2.2 3.3 -2.9
v -2.2 3.4 -2.9
v -2.2 3.5 -2.9
v -2.1 3.1 -2.9
v -2.1 3.3 -2.9
v -2.1 3.4 -2.9
v -2.1 3.5 -2.9
v -2 3.1 -2.9
v -1.9 3.1 -2.9
v -1.9 3.3 -2.9
v -1.9 3.4 -2.9
v -1.9 3.5 -2.9
v -1.8 3.1 -2.9
v -1.8 3.3 -2.9
v -1.8 3.4 -2.9
v -1.8 3.5 -2.9
v -1.7 3.1 -2.9
v -1.7 3.2 -2.9
v -1.7 3.3 -2.9
v -1.7 3.4 -2.9
v -1.7 3.5 -2.9
v -1.6 3.1 -2.9
v -1.6 3.3 -2.9
v -1.6 3.4 -2.9
v -1.6 3.5 -2.9
v -1.5 3.1 -2.9
v -1.4 3.1 -2.9
v -1.4 3.2 -2.9
v -1.4 3.3 -2.9
v -1.4 3.4 -2.9
v -1.3 3.1 -2.9
v -1.3 3.2 -2.9
v -1.3 3.3 -2.9
v -1.3 3.4 -2.9
v -1.3 3.5 -2.9
v -1.2 3.1 -2.9
v -1.2 3.3 -2.9
v -1.2 3.4 -2.9
v -1.2 3.5 -2.9
v -1.1 3.1 -2.9
v -1.1 3.2 -2.9
v -1.1 3.3 -2.9
v -1 3.1 -2.9
v -0.9 3.1 -2.9
v -0.9 3.2 -2.9
v -0.9 3.4 -2.9
v -0.9 3.5 -2.9
v -0.8 3.1 -2.9
v -0.8 3.3 -2.9
v -0.8 3.4 -2.9
v -0.8 3.5 -2.9
v -0.7 3.1 -2.9
v -0.7 3.3 -2.9
v -0.6 3.1 -2.9
v -0.6 3.3 -2.9
v -0.6 3.4 -2.9
v -0.5 3.1 -2.9
v -0.5 3.2 -2.9
v -0.5 3.3 -2.9
v -0.5 3.4 -2.9
v -0.5 3.5 -2.9
v -0.4 3.1 -2.9
v -0.4 3.2 -2.9
v -0.4 3.3 -2.9
v -0.4 3.4 -2.9
v -0.4 3.5 -2.9
v -0.3 3.1 -2.9
v -0.3 3.2 -2.9
v -0.3 3.3 -2.9
v -0.3 3.4 -2.9
v -0.3 3.5 -2.9
v -0.2 3.1 -2.9
v -0.2 3.2 -2.9
v -0.2 3.3 -2.9
v -0.2 3.4 -2.9
v -0.0999999 3.1 -2.9
v -0.0999999 3.3 -2.9
v -0.0999999 3.4 -2.9
v -0.0999999 3.5 -2.9
v 0 3.1 -2.9
v 0 3.2 -2.9
v 0 3.3 -2.9
v 0 3.4 -2.9
v 0 3.5 -2.9
v 0.0999999 1.1 -2.9
v 0.0999999 1.2 -2.9
v 0.0999999 1.3 -2.9
v 0.0999999 1.4 -2.9
v 0.0999999 1.5 -2.9
v 0.0999999 3.1 -2.9
v 0.0999999 3.3 -2.9
v 0.0999999 3.4 -2.9
v 0.0999999 3.5 -2.9
v 0.2 1.1 -2.9
v 0.2 1.2 -2.9
v 0.2 1.3 -2.9
v 0.2 1.4 -2.9
v 0.2 1.5 -2.9
v -4.2 3.1 -3
v -4.2 3.3 -3
v -4.2 3.5 -3
v -4.1 3.1 -3
v -4.1 3.3 -3
v -4.1 3.4 -3
v -4.1 3.5 -3
v -4.1 3.6 -3
v -4 3.5 -3
v -4 3.6 -3
v -3.9 3.5 -3
v -3.9 3.6 -3
v -3.8 3.5 -3
v -3.8 3.6 -3
v -3.7 3.5 -3
v -3.6 3.1 -3
v -3.6 3.2 -3
v -3.6 3.3 -3
v -3.6 3.4 -3
v -3.6 3.5 -3
v -3.6 3.6 -3
v -3.5 3.1 -3
v -3.5 3.3 -3
v -3.5 3.4 -3
v -3.5 3.5 -3
v -3.5 3.6 -3
v -3.3 3.5 -3
v -3 3.5 -3
v -2.9 3 -3
v -2.9 3.1 -3
v -2.9 3.5 -3
v -2.8 3 -3
v -2.8 3.1 -3
v -2.8 3.5 -3
v -2.8 3.6 -3
v -2.7 3.5 -3
v -2.7 3.6 -3
v -2.6 3.5 -3
v -2.5 3.5 -3
v -2.5 3.6 -3
v -2.4 3.5 -3
v -2.4 3.6 -3
v -2.3 3.5 -3
v -2.3 3.6 -3
v -2.2 3.1 -3
v -2.2 3.2 -3
v -2.2 3.3 -3
v -2.2 3.4 -3
v -2.2 3.5 -3
v -2.2 3.6 -3
v -2.1 3.1 -3
v -2.1 3.3 -3
v -2.1 3.4 -3
v -2.1 3.5 -3
v -2.1 3.6 -3
v -1.9 3.5 -3
v -1.8 3.5 -3
v -1.7 3.5 -3
v -1.6 3.5 -3
v -1.4 3 -3
v -1.4 3.1 -3
v -1.4 3.5 -3
v -1.4 3.6 -3
v -1.3 3 -3
v -1.3 3.1 -3
v -1.3 3.5 -3
v -1.3 3.6 -3
v -1.2 3.5 -3
v -0.9 3.1 -3
v -0.9 3.2 -3
v -0.9 3.3 -3
v -0.9 3.4 -3
v -0.9 3.5 -3
v -0.9 3.6 -3
v -0.8 3.1 -3
v -0.8 3.2 -3
v -0.8 3.3 -3
v -0.8 3.4 -3
v -0.8 3.5 -3
v -0.8 3.6 -3
v -0.6 3.5 -3
v -0.6 3.6 -3
v -0.5 3.5 -3
v -0.5 3.6 -3
v -0.4 3 -3
v -0.4 3.1 -3
v -0.4 3.5 -3
v -0.4 3.6 -3
v -0.3 3 -3
v -0.3 3.1 -3
v -0.3 3.5 -3
v -0.3 3.6 -3
v -0.0999999 3.5 -3
v -0.0999999 3.6 -3
v 0 3.5 -3
v 0.0999999 3.1 -3
v 0.0999999 3.3 -3
v 0.0999999 3.4 -3
v 0.0999999 3.5 -3
v 0.0999999 3.6 -3
v 0.2 3.1 -3
v 0.2 3.3 -3
v 0.2 3.5 -3
v -4.2 0.6 -3.1
v -4.2 0.7 -3.1
v -4.2 0.9 -3.1
v -4.2 1 -3.1
v -4.2 2.1 -3.1
v -4.2 2.2 -3.1
v -4.2 2.3 -3.1
v -4.2 2.4 -3.1
v -4.2 2.5 -3.1
v -4.1 0.6 -3.1
v -4.1 0.7 -3.1
v -4.1 0.8 -3.1
v -4.1 0.9 -3.1
v -4.1 1 -3.1
v -4.1 2.1 -3.1
v -4.1 2.2 -3.1
v -4.1 2.3 -3.1
v -4.1 2.4 -3.1
v -4.1 2.5 -3.1
v 0.0999999 0.6 -3.1
v 0.0999999 0.7 -3.1
v 0.0999999 0.8 -3.1
v 0.0999999 0.9 -3.1
v 0.0999999 1 -3.1
v 0.0999999 2.1 -3.1
v 0.0999999 2.2 -3.1
v 0.0999999 2.3 -3.1
v 0.0999999 2.4 -3.1
v 0.0999999 2.5 -3.1
v 0.2 0.6 -3.1
v 0.2 0.7 -3.1
v 0.2 0.9 -3.1
v 0.2 1 -3.1
v 0.2 2.1 -3.1
v 0.2 2.2 -3.1
v 0.2 2.3 -3.1
v 0.2 2.4 -3.1
v 0.2 2.5 -3.1
v -4.2 1.6 -3.4
v -4.2 1.7 -3.4
v -4.2 1.8 -3.4
v -4.2 1.9 -3.4
v -4.2 2 -3.4
v -4.1 1.6 -3.4
v -4.1 1.7 -3.4
v -4.1 1.8 -3.4
v -4.1 1.9 -3.4
v -4.1 2 -3.4
v -4.1 3.6 -3.4
v -4.1 3.9 -3.4
v -4.1 4 -3.4
v -4 3.6 -3.4
v -4 3.7 -3.4
v -4 3.8 -3.4
v -4 3.9 -3.4
v -4 4 -3.4
v -3.9 3.6 -3.4
v -3.9 3.7 -3.4
v -3.9 3.8 -3.4
v -3.9 3.9 -3.4
v -3.8 3.8 -3.4
v -3.8 3.9 -3.4
v -3.8 4 -3.4
v -3.7 3.6 -3.4
v -3.7 3.7 -3.4
v -3.7 3.8 -3.4
v -3.7 3.9 -3.4
v -3.6 3.6 -3.4
v -3.5 3.6 -3.4
v -3.5 3.7 -3.4
v -3.4 3.6 -3.4
v -3.4 3.7 -3.4
v -3.4 3.8 -3.4
v -3.4 3.9 -3.4
v -3.4 4 -3.4
v -3.3 3.6 -3.4
v -3.3 3.7 -3.4
v -3.3 3.8 -3.4
v -3.3 3.9 -3.4
v -3.3 4 -3.4
v -3.2 3.9 -3.4
v -3.2 4 -3.4
v -3.1 3.6 -3.4
v -3.1 3.8 -3.4
v -3.1 3.9 -3.4
v -3.1 4 -3.4
v -3 3.6 -3.4
v -3 3.7 -3.4
v -3 3.8 -3.4
v -2.9 3.6 -3.4
v -2.8 3.6 -3.4
v -2.8 3.7 -3.4
v -2.7 3.6 -3.4
v -2.7 3.7 -3.4
v -2.7 3.9 -3.4
v -2.7 4 -3.4
v -2.6 3.6 -3.4
v -2.6 3.7 -3.4
v -2.6 3.9 -3.4
v -2.6 4 -3.4
v -2.5 3.6 -3.4
v -2.5 3.7 -3.4
v -2.5 3.8 -3.4
v -2.5 3.9 -3.4
v -2.5 4 -3.4
v -2.4 3.6 -3.4
v -2.4 3.7 -3.4
v -2.4 3.8 -3.4
v -2.4 3.9 -3.4
v -2.4 4 -3.4
v -2.3 3.6 -3.4
v -2.3 3.7 -3.4
v -2.3 3.8 -3.4
v -2.3 3.9 -3.4
v -2.2 3.6 -3.4
v -2.1 3.6 -3.4
v -2.1 3.9 -3.4
v -2.1 4 -3.4
v -2 3.8 -3.4
v -2 3.9 -3.4
v -2 4 -3.4
v -1.9 3.6 -3.4
v -1.9 3.8 -3.4
v -1.9 3.9 -3.4
v -1.9 4 -3.4
v -1.8 3.7 -3.4
v -1.8 3.8 -3.4
v -1.7 3.6 -3.4
v -1.7 3.7 -3.4
v -1.7 3.8 -3.4
v -1.6 3.6 -3.4
v -1.6 3.7 -3.4
v -1.6 3.9 -3.4
v -1.6 4 -3.4
v -1.5 3.7 -3.4
v -1.5 3.8 -3.4
v -1.3 3.6 -3.4
v -1.3 3.9 -3.4
v -1.3 4 -3.4
v -1.2 3.6 -3.4
v -1.2 3.7 -3.4
v -1.2 3.8 -3.4
v -1.2 3.9 -3.4
v -1.2 4 -3.4
v -1.1 3.6 -3.4
v -1.1 3.7 -3.4
v -1.1 3.8 -3.4
v -1 3.7 -3.4
v -1 3.8 -3.4
v -0.9 3.6 -3.4
v -0.8 3.6 -3.4
v -0.8 3.9 -3.4
v -0.8 4 -3.4
v -0.7 3.6 -3.4
v -0.6 3.6 -3.4
v -0.6 3.8 -3.4
v -0.6 3.9 -3.4
v -0.5 3.6 -3.4
v -0.5 3.7 -3.4
v -0.5 3.8 -3.4
v -0.5 3.9 -3.4
v -0.5 4 -3.4
v -0.4 3.6 -3.4
v -0.4 3.7 -3.4
v -0.4 3.8 -3.4
v -0.4 3.9 -3.4
v -0.4 4 -3.4
v -0.3 3.6 -3.4
v -0.3 3.8 -3.4
v -0.3 3.9 -3.4
v -0.3 4 -3.4
v -0.2 3.6 -3.4
v -0.2 3.8 -3.4
v -0.0999999 3.6 -3.4
v -0.0999999 3.8 -3.4
v -0.0999999 3.9 -3.4
v 0 3.6 -3.4
v 0 3.8 -3.4
v 0 3.9 -3.4
v 0 4 -3.4
v 0.0999999 1.6 -3.4
v 0.0999999 1.7 -3.4
v 0.0999999 1.8 -3.4
v 0.0999999 1.9 -3.4
v 0.0999999 2 -3.4
v 0.0999999 3.6 -3.4
v 0.0999999 3.9 -3.4
v 0.0999999 4 -3.4
v 0.2 1.6 -3.4
v 0.2 1.7 -3.4
v 0.2 1.8 -3.4
v 0.2 1.9 -3.4
v 0.2 2 -3.4
v -4.2 3.6 -3.5
v -4.2 3.7 -3.5
v -4.2 3.8 -3.5
v -4.2 4 -3.5
v -4.1 3.6 -3.5
v -4.1 3.7 -3.5
v -4.1 3.8 -3.5
v -4.1 3.9 -3.5
v -4.1 4 -3.5
v -4.1 4.1 -3.5
v -4 4 -3.5
v -4 4.1 -3.5
v -3.8 4 -3.5
v -3.7 4 -3.5
v -3.7 4.1 -3.5
v -3.6 3.5 -3.5
v -3.6 3.6 -3.5
v -3.5 3.5 -3.5
v -3.5 3.6 -3.5
v -3.5 4 -3.5
v -3.5 4.1 -3.5
v -3.4 4 -3.5
v -3.3 4 -3.5
v -3.2 4 -3.5
v -3.2 4.1 -3.5
v -3.1 4 -3.5
v -3.1 4.1 -3.5
v -3 4 -3.5
v -3 4.1 -3.5
v -2.8 4 -3.5
v -2.8 4.1 -3.5
v -2.7 4 -3.5
v -2.7 4.1 -3.5
v -2.6 3.6 -3.5
v -2.6 3.7 -3.5
v -2.6 3.8 -3.5
v -2.6 3.9 -3.5
v -2.6 4 -3.5
v -2.6 4.1 -3.5
v -2.5 3.6 -3.5
v -2.5 3.7 -3.5
v -2.5 3.8 -3.5
v -2.5 3.9 -3.5
v -2.5 4 -3.5
v -2.5 4.1 -3.5
v -2.4 4 -3.5
v -2.2 3.5 -3.5
v -2.2 3.6 -3.5
v -2.1 3.5 -3.5
v -2.1 3.6 -3.5
v -2.1 4 -3.5
v -2.1 4.1 -3.5
v -2 4 -3.5
v -1.9 4 -3.5
v -1.8 4 -3.5
v -1.8 4.1 -3.5
v -1.6 4 -3.5
v -1.5 4 -3.5
v -1.5 4.1 -3.5
v -1.3 4 -3.5
v -1.2 4 -3.5
v -1.2 4.1 -3.5
v -0.9 3.5 -3.5
v -0.9 3.6 -3.5
v -0.8 3.5 -3.5
v -0.8 3.6 -3.5
v -0.8 4 -3.5
v -0.8 4.1 -3.5
v -0.6 4 -3.5
v -0.6 4.1 -3.5
v -0.5 4 -3.5
v -0.5 4.1 -3.5
v -0.4 3.6 -3.5
v -0.4 3.7 -3.5
v -0.4 3.8 -3.5
v -0.4 3.9 -3.5
v -0.4 4 -3.5
v -0.4 4.1 -3.5
v -0.3 3.6 -3.5
v -0.3 3.8 -3.5
v -0.3 3.9 -3.5
v -0.3 4 -3.5
v -0.3 4.1 -3.5
v 0 4 -3.5
v 0 4.1 -3.5
v 0.0999999 3.6 -3.5
v 0.0999999 3.7 -3.5
v 0.0999999 3.8 -3.5
v 0.0999999 3.9 -3.5
v 0.0999999 4 -3.5
v 0.0999999 4.1 -3.5
v 0.2 3.6 -3.5
v 0.2 3.7 -3.5
v 0.2 3.8 -3.5
v 0.2 4 -3.5
v -4.2 2.6 -3.8
v -4.2 2.7 -3.8
v -4.2 2.8 -3.8
v -4.2 2.9 -3.8
v -4.2 3 -3.8
v -4.1 2.6 -3.8
v -4.1 2.7 -3.8
v -4.1 2.8 -3.8
v -4.1 2.9 -3.8
v -4.1 3 -3.8
v 0.0999999 2.6 -3.8
v 0.0999999 2.7 -3.8
v 0.0999999 2.8 -3.8
v 0.0999999 2.9 -3.8
v 0.0999999 3 -3.8
v 0.2 2.6 -3.8
v 0.2 2.7 -3.8
v 0.2 2.8 -3.8
v 0.2 2.9 -3.8
v 0.2 3 -3.8
v -4.2 0.1 -1.4
v -4.2 0.2 -1.4
v -4.2 0.3 -1.4
v -4.2 0.5 -1.4
v -4.1 0 -1.4
v -4.1 0.1 -1.4
v -4.1 0.2 -1.4
v -4.1 0.3 -1.4
v -4.1 0.4 -1.4
v -4.1 0.5 -1.4
v -4 0 -1.4
v -4 0.1 -1.4
v 0 0 -1.4
v 0 0.1 -1.4
v 0.0999999 0 -1.4
v 0.0999999 0.1 -1.4
v 0.0999999 0.2 -1.4
v 0.0999999 0.3 -1.4
v 0.0999999 0.4 -1.4
v 0.0999999 0.5 -1.4
v 0.2 0.1 -1.4
v 0.2 0.2 -1.4
v 0.2 0.3 -1.4
v 0.2 0.5 -1.4
v -4.2 0.6 -2.1
v -4.2 0.9 -2.1
v -4.2 1 -2.1
v -4.1 0.6 -2.1
v -4.1 0.7 -2.1
v -4.1 0.8 -2.1
v -4.1 0.9 -2.1
v -4.1 1 -2.1
v 0.0999999 0.6 -2.1
v 0.0999999 0.7 -2.1
v 0.0999999 0.8 -2.1
v 0.0999999 0.9 -2.1
v 0.0999999 1 -2.1
v 0.2 0.6 -2.1
v 0.2 0.9 -2.1
v 0.2 1 -2.1
v -4.2 0.1 -2.7
v -4.2 0.2 -2.7
v -4.2 0.3 -2.7
v -4.2 0.4 -2.7
v -4.2 0.5 -2.7
v -4.1 0.1 -2.7
v -4.1 0.2 -2.7
v -4.1 0.3 -2.7
v -4.1 0.4 -2.7
v -4.1 0.5 -2.7
v 0.0999999 0.1 -2.7
v 0.0999999 0.2 -2.7
v 0.0999999 0.3 -2.7
v 0.0999999 0.4 -2.7
v 0.0999999 0.5 -2.7
v 0.2 0.1 -2.7
v 0.2 0.2 -2.7
v 0.2 0.3 -2.7
v 0.2 0.4 -2.7
v 0.2 0.5 -2.7
v -4.2 1.1 -2.8
v -4.2 1.2 -2.8
v -4.2 1.3 -2.8
v -4.2 1.4 -2.8
v -4.2 1.5 -2.8
v -4.1 1.1 -2.8
v -4.1 1.2 -2.8
v -4.1 1.3 -2.8
v -4.1 1.4 -2.8
v -4.1 1.5 -2.8
v 0.0999999 1.1 -2.8
v 0.0999999 1.2 -2.8
v 0.0999999 1.3 -2.8
v 0.0999999 1.4 -2.8
v 0.0999999 1.5 -2.8
v 0.2 1.1 -2.8
v 0.2 1.2 -2.8
v 0.2 1.3 -2.8
v 0.2 1.4 -2.8
v 0.2 1.5 -2.8
v -4.2 0.6 -3
v -4.2 0.8 -3
v -4.2 0.9 -3
v -4.2 1 -3
v -4.2 2.1 -3
v -4.2 2.2 -3
v -4.2 2.3 -3
v -4.2 2.4 -3
v -4.2 2.5 -3
v -4.1 0.6 -3
v -4.1 0.7 -3
v -4.1 0.8 -3
v -4.1 0.9 -3
v -4.1 1 -3
v -4.1 2.1 -3
v -4.1 2.2 -3
v -4.1 2.3 -3
v -4.1 2.4 -3
v -4.1 2.5 -3
v 0.0999999 0.6 -3
v 0.0999999 0.7 -3
v 0.0999999 0.8 -3
v 0.0999999 0.9 -3
v 0.0999999 1 -3
v 0.0999999 2.1 -3
v 0.0999999 2.2 -3
v 0.0999999 2.3 -3
v 0.0999999 2.4 -3
v 0.0999999 2.5 -3
v 0.2 0.6 -3
v 0.2 0.8 -3
v 0.2 0.9 -3
v 0.2 1 -3
v 0.2 2.1 -3
v 0.2 2.2 -3
v 0.2 2.3 -3
v 0.2 2.4 -3
v 0.2 2.5 -3
v -4.2 1.6 -3.3
v -4.2 1.8 -3.3
v -4.2 1.9 -3.3
v -4.2 2 -3.3
v -4.1 1.6 -3.3
v -4.1 1.7 -3.3
v -4.1 1.8 -3.3
v -4.1 1.9 -3.3
v -4.1 2 -3.3
v 0.0999999 1.6 -3.3
v 0.0999999 1.7 -3.3
v 0.0999999 1.8 -3.3
v 0.0999999 1.9 -3.3
v 0.0999999 2 -3.3
v 0.2 1.6 -3.3
v 0.2 1.8 -3.3
v 0.2 1.9 -3.3
v 0.2 2 -3.3
v -4.2 2.6 -3.7
v -4.2 2.7 -3.7
v -4.2 2.8 -3.7
v -4.2 2.9 -3.7
v -4.2 3 -3.7
v -4.1 2.6 -3.7
v -4.1 2.7 -3.7
v -4.1 2.8 -3.7
v -4.1 2.9 -3.7
v -4.1 3 -3.7
v 0.0999999 2.6 -3.7
v 0.0999999 2.7 -3.7
v 0.0999999 2.8 -3.7
v 0.0999999 2.9 -3.7
v 0.0999999 3 -3.7
v 0.2 2.6 -3.7
v 0.2 2.7 -3.7
v 0.2 2.8 -3.7
v 0.2 2.9 -3.7
v 0.2 3 -3.7
v -4.2 0.1 -4
v -4.2 0.2 -4
v -4.2 0.3 -4
v -4.2 0.4 -4
v -4.2 0.5 -4
v -4.2 0.6 -4
v -4.2 0.7 -4
v -4.2 0.8 -4
v -4.2 1 -4
v -4.2 1.1 -4
v -4.2 1.2 -4
v -4.2 1.3 -4
v -4.2 1.5 -4
v -4.2 1.6 -4
v -4.2 1.7 -4
v -4.2 1.8 -4
v -4.2 2 -4
v -4.2 2.1 -4
v -4.2 2.2 -4
v -4.2 2.4 -4
v -4.2 2.5 -4
v -4.2 2.6 -4
v -4.2 2.7 -4
v -4.2 2.9 -4
v -4.2 3 -4
v -4.2 3.1 -4
v -4.2 3.4 -4
v -4.2 3.5 -4
v -4.2 3.6 -4
v -4.2 3.9 -4
v -4.2 4 -4
v -4.1 0 -4
v -4.1 0.1 -4
v -4.1 0.2 -4
v -4.1 0.3 -4
v -4.1 0.4 -4
v -4.1 0.5 -4
v -4.1 0.6 -4
v -4.1 0.7 -4
v -4.1 0.8 -4
v -4.1 1 -4
v -4.1 1.1 -4
v -4.1 1.2 -4
v -4.1 1.3 -4
v -4.1 1.5 -4
v -4.1 1.6 -4
v -4.1 1.7 -4
v -4.1 1.8 -4
v -4.1 2 -4
v -4.1 2.1 -4
v -4.1 2.2 -4
v -4.1 2.4 -4
v -4.1 2.5 -4
v -4.1 2.6 -4
v -4.1 2.7 -4
v -4.1 2.9 -4
v -4.1 3 -4
v -4.1 3.1 -4
v -4.1 3.5 -4
v -4.1 3.6 -4
v -4.1 3.9 -4
v -4.1 4 -4
v -4.1 4.1 -4
v -4 0 -4
v -4 0.1 -4
v -4 1 -4
v -4 1.1 -4
v -4 1.5 -4
v -4 1.6 -4
v -4 2 -4
v -4 2.1 -4
v -4 2.5 -4
v -4 2.6 -4
v -4 3 -4
v -4 3.1 -4
v -4 3.3 -4
v -4 3.4 -4
v -4 3.5 -4
v -4 4 -4
v -4 4.1 -4
v -3.9 3.4 -4
v -3.9 3.5 -4
v -3.8 3.1 -4
v -3.8 3.3 -4
v -3.8 3.4 -4
v -3.8 4 -4
v -3.8 4.1 -4
v -3.7 3.1 -4
v -3.7 3.3 -4
v -3.6 3.1 -4
v -3.6 3.2 -4
v -3.6 3.3 -4
v -3.6 3.4 -4
v -3.6 3.5 -4
v -3.5 3.1 -4
v -3.5 3.2 -4
v -3.5 3.4 -4
v -3.5 3.5 -4
v -3.5 3.6 -4
v -3.4 3.5 -4
v -3.4 3.6 -4
v -3.3 3.5 -4
v -3.3 3.6 -4
v -3.3 4 -4
v -3.3 4.1 -4
v -3.2 4 -4
v -3.2 4.1 -4
v -3.1 3 -4
v -3.1 3.1 -4
v -3.1 3.5 -4
v -3.1 3.6 -4
v -3 3 -4
v -3 3.1 -4
v -2.9 3 -4
v -2.9 3.1 -4
v -2.8 3.5 -4
v -2.8 3.6 -4
v -2.7 3 -4
v -2.7 3.1 -4
v -2.7 3.5 -4
v -2.7 3.6 -4
v -2.7 4 -4
v -2.7 4.1 -4
v -2.6 3.5 -4
v -2.6 3.6 -4
v -2.6 3.8 -4
v -2.6 3.9 -4
v -2.6 4 -4
v -2.6 4.1 -4
v -2.5 3.8 -4
v -2.5 3.9 -4
v -2.5 4 -4
v -2.5 4.1 -4
v -2.4 3.5 -4
v -2.4 3.6 -4
v -2.3 3.5 -4
v -2.3 3.6 -4
v -2.2 3.1 -4
v -2.2 3.3 -4
v -2.2 3.4 -4
v -2.1 3.1 -4
v -2.1 3.3 -4
v -2.1 3.4 -4
v -2.1 3.5 -4
v -2.1 3.6 -4
v -2 3.5 -4
v -2 3.6 -4
v -1.9 3.5 -4
v -1.9 3.6 -4
v -1.9 4 -4
v -1.9 4.1 -4
v -1.8 3.5 -4
v -1.8 3.6 -4
v -1.8 4 -4
v -1.8 4.1 -4
v -1.6 3.5 -4
v -1.6 3.6 -4
v -1.5 3.5 -4
v -1.5 3.6 -4
v -1.3 3.5 -4
v -1.3 3.6 -4
v -1.3 4 -4
v -1.3 4.1 -4
v -1.2 4 -4
v -1.2 4.1 -4
v -1.1 4 -4
v -1.1 4.1 -4
v -1 3.5 -4
v -1 3.6 -4
v -0.8 3.1 -4
v -0.8 3.2 -4
v -0.8 3.4 -4
v -0.8 3.5 -4
v -0.8 3.6 -4
v -0.8 4 -4
v -0.8 4.1 -4
v -0.7 3.1 -4
v -0.7 3.2 -4
v -0.7 3.4 -4
v -0.7 3.5 -4
v -0.6 3.1 -4
v -0.6 3.2 -4
v -0.6 3.5 -4
v -0.6 3.6 -4
v -0.6 4 -4
v -0.6 4.1 -4
v -0.5 3.1 -4
v -0.5 3.2 -4
v -0.5 3.3 -4
v -0.5 3.4 -4
v -0.5 3.5 -4
v -0.5 3.6 -4
v -0.5 4 -4
v -0.5 4.1 -4
v -0.4 3.4 -4
v -0.4 3.5 -4
v -0.4 3.6 -4
v -0.4 3.7 -4
v -0.4 3.8 -4
v -0.4 3.9 -4
v -0.4 4 -4
v -0.4 4.1 -4
v -0.3 3.2 -4
v -0.3 3.3 -4
v -0.3 3.4 -4
v -0.3 3.5 -4
v -0.3 3.6 -4
v -0.3 3.7 -4
v -0.3 3.8 -4
v -0.3 3.9 -4
v -0.3 4 -4
v -0.3 4.1 -4
v -0.2 3.1 -4
v -0.2 3.2 -4
v -0.2 3.3 -4
v -0.2 3.4 -4
v -0.2 3.5 -4
v -0.2 3.6 -4
v -0.2 4 -4
v -0.2 4.1 -4
v -0.0999999 3.1 -4
v -0.0999999 3.2 -4
v -0.0999999 3.5 -4
v -0.0999999 3.6 -4
v -0.0999999 4 -4
v -0.0999999 4.1 -4
v 0 0 -4
v 0 0.1 -4
v 0 1 -4
v 0 1.1 -4
v 0 1.5 -4
v 0 1.6 -4
v 0 2 -4
v 0 2.1 -4
v 0 2.5 -4
v 0 2.6 -4
v 0 3 -4
v 0 3.1 -4
v 0 3.2 -4
v 0 3.3 -4
v 0 3.4 -4
v 0 3.5 -4
v 0 3.6 -4
v 0 4 -4
v 0 4.1 -4
v 0.0999999 0 -4
v 0.0999999 0.1 -4
v 0.0999999 0.2 -4
v 0.0999999 0.3 -4
v 0.0999999 0.4 -4
v 0.0999999 0.5 -4
v 0.0999999 0.6 -4
v 0.0999999 0.7 -4
v 0.0999999 0.8 -4
v 0.0999999 1 -4
v 0.0999999 1.1 -4
v 0.0999999 1.2 -4
v 0.0999999 1.3 -4
v 0.0999999 1.5 -4
v 0.0999999 1.6 -4
v 0.0999999 1.7 -4
v 0.0999999 1.8 -4
v 0.0999999 2 -4
v 0.0999999 2.1 -4
v 0.0999999 2.2 -4
v 0.0999999 2.4 -4
v 0.0999999 2.5 -4
v 0.0999999 2.6 -4
v 0.0999999 2.7 -4
v 0.0999999 2.9 -4
v 0.0999999 3 -4
v 0.0999999 3.1 -4
v 0.0999999 3.5 -4
v 0.0999999 3.6 -4
v 0.0999999 3.9 -4
v 0.0999999 4 -4
v 0.0999999 4.1 -4
v 0.2 0.1 -4
v 0.2 0.2 -4
v 0.2 0.3 -4
v 0.2 0.4 -4
v 0.2 0.5 -4
v 0.2 0.6 -4
v 0.2 0.7 -4
v 0.2 0.8 -4
v 0.2 1 -4
v 0.2 1.1 -4
v 0.2 1.2 -4
v 0.2 1.3 -4
v 0.2 1.5 -4
v 0.2 1.6 -4
v 0.2 1.7 -4
v 0.2 1.8 -4
v 0.2 2 -4
v 0.2 2.1 -4
v 0.2 2.2 -4
v 0.2 2.4 -4
v 0.2 2.5 -4
v 0.2 2.6 -4
v 0.2 2.7 -4
v 0.2 2.9 -4
v 0.2 3 -4
v 0.2 3.1 -4
v 0.2 3.4 -4
v 0.2 3.5 -4
v 0.2 3.6 -4
v 0.2 3.9 -4
v 0.2 4 -4
v -4.1 0 0
v -4 0 0
v -3.9 0 0
v -3.7 0 0
v -3.5 0 0
v -3.4 0 0
v -3.3 0 0
v -3.2 0 0
v -3 0 0
v -2.4 0 0
v -2.3 0 0
v -2.1 0 0
v -1.9 0 0
v -1.6 0 0
v -1.5 0 0
v -1.4 0 0
v -1.3 0 0
v -1.1 0 0
v -1 0 0
v -0.9 0 0
v -0.8 0 0
v -0.6 0 0
v -0.5 0 0
v -0.4 0 0
v -0.0999999 0 0
v 0 0 0
v 0.0999999 0 0
v -4 0 -0.1
v -3.9 0 -0.1
v -3.8 0 -0.1
v -3.5 0 -0.1
v -3.4 0 -0.1
v -3.3 0 -0.1
v -3.2 0 -0.1
v -3 0 -0.1
v -2.9 0 -0.1
v -2.8 0 -0.1
v -2.6 0 -0.1
v -2.5 0 -0.1
v -2.4 0 -0.1
v -2.3 0 -0.1
v -2.1 0 -0.1
v -1.9 0 -0.1
v -1.8 0 -0.1
v -1.6 0 -0.1
v -1.5 0 -0.1
v -1.4 0 -0.1
v -1.3 0 -0.1
v -1.1 0 -0.1
v -1 0 -0.1
v -0.9 0 -0.1
v -0.8 0 -0.1
v -0.7 0 -0.1
v -0.5 0 -0.1
v -0.4 0 -0.1
v -0.0999999 0 -0.1
v 0 0 -0.1
v -4.1 0 -0.2
v -4 0 -0.2
v -3.9 0 -0.2
v -3.8 0 -0.2
v -3.7 0 -0.2
v -3.5 0 -0.2
v -3.4 0 -0.2
v -3.2 0 -0.2
v -3.1 0 -0.2
v -3 0 -0.2
v -2.9 0 -0.2
v -2.8 0 -0.2
v -2.7 0 -0.2
v -2.4 0 -0.2
v -2.3 0 -0.2
v -2.1 0 -0.2
v -2 0 -0.2
v -1.9 0 -0.2
v -1.8 0 -0.2
v -1.6 0 -0.2
v -1.5 0 -0.2
v -1.4 0 -0.2
v -1.2 0 -0.2
v -0.9 0 -0.2
v -0.8 0 -0.2
v -0.5 0 -0.2
v -0.4 0 -0.2
v -0.0999999 0 -0.2
v 0 0 -0.2
v 0.0999999 0 -0.2
v -4.1 0 -0.3
v -4 0 -0.3
v -3.9 0 -0.3
v -3.8 0 -0.3
v -3.5 0 -0.3
v -3.4 0 -0.3
v -3.3 0 -0.3
v -3.1 0 -0.3
v -3 0 -0.3
v -2.9 0 -0.3
v -2.8 0 -0.3
v -2.4 0 -0.3
v -2.3 0 -0.3
v -2.2 0 -0.3
v -1.9 0 -0.3
v -1.7 0 -0.3
v -1.6 0 -0.3
v -1.5 0 -0.3
v -1.3 0 -0.3
v -1.2 0 -0.3
v -1.1 0 -0.3
v -1 0 -0.3
v -0.7 0 -0.3
v -0.6 0 -0.3
v -0.5 0 -0.3
v -0.0999999 0 -0.3
v 0 0 -0.3
v 0.0999999 0 -0.3
v -4 0 -0.4
v -3.9 0 -0.4
v -3.3 0 -0.4
v -3.2 0 -0.4
v -3 0 -0.4
v -2.8 0 -0.4
v -2.7 0 -0.4
v -2.6 0 -0.4
v -2.5 0 -0.4
v -2.4 0 -0.4
v -2.3 0 -0.4
v -2.1 0 -0.4
v -2 0 -0.4
v -1.8 0 -0.4
v -1.7 0 -0.4
v -1.6 0 -0.4
v -1.4 0 -0.4
v -1.3 0 -0.4
v -1.2 0 -0.4
v -1.1 0 -0.4
v -0.9 0 -0.4
v -0.8 0 -0.4
v -0.7 0 -0.4
v -0.6 0 -0.4
v -0.5 0 -0.4
v -4.1 0 -0.5
v -4 0 -0.5
v -3.9 0 -0.5
v -3.7 0 -0.5
v -3.6 0 -0.5
v -3.5 0 -0.5
v -3.4 0 -0.5
v -3.3 0 -0.5
v -3.2 0 -0.5
v -3 0 -0.5
v -2.9 0 -0.5
v -2.8 0 -0.5
v -2.7 0 -0.5
v -2.6 0 -0.5
v -2.5 0 -0.5
v -2.3 0 -0.5
v -2.2 0 -0.5
v -2.1 0 -0.5
v -1.7 0 -0.5
v -1.6 0 -0.5
v -1.4 0 -0.5
v -1.3 0 -0.5
v -1.1 0 -0.5
v -1 0 -0.5
v -0.7 0 -0.5
v -0.6 0 -0.5
v -0.5 0 -0.5
v -0.4 0 -0.5
v 0 0 -0.5
v 0.0999999 0 -0.5
v -4.1 0 -0.6
v -4 0 -0.6
v -3.9 0 -0.6
v -3.8 0 -0.6
v -3.6 0 -0.6
v -3.5 0 -0.6
v -3.3 0 -0.6
v -3.2 0 -0.6
v -3.1 0 -0.6
v -3 0 -0.6
v -2.9 0 -0.6
v -2.8 0 -0.6
v -2.3 0 -0.6
v -2.2 0 -0.6
v -2 0 -0.6
v -1.8 0 -0.6
v -1.5 0 -0.6
v -1.3 0 -0.6
v -1.2 0 -0.6
v -1.1 0 -0.6
v -1 0 -0.6
v -0.9 0 -0.6
v -0.8 0 -0.6
v -0.7 0 -0.6
v -0.5 0 -0.6
v -0.4 0 -0.6
v -0.2 0 -0.6
v -0.0999999 0 -0.6
v 0 0 -0.6
v 0.0999999 0 -0.6
v -3.8 0 -0.7
v -3.7 0 -0.7
v -3.6 0 -0.7
v -3.5 0 -0.7
v -3.3 0 -0.7
v -3.1 0 -0.7
v -3 0 -0.7
v -2.9 0 -0.7
v -2.8 0 -0.7
v -2.7 0 -0.7
v -2.6 0 -0.7
v -2.5 0 -0.7
v -2.3 0 -0.7
v -2.2 0 -0.7
v -2 0 -0.7
v -1.7 0 -0.7
v -1.6 0 -0.7
v -1.4 0 -0.7
v -1.3 0 -0.7
v -1.2 0 -0.7
v -1.1 0 -0.7
v -1 0 -0.7
v -0.9 0 -0.7
v -0.8 0 -0.7
v -0.7 0 -0.7
v -0.6 0 -0.7
v -0.5 0 -0.7
v -0.3 0 -0.7
v -0.2 0 -0.7
v -0.0999999 0 -0.7
v -4.1 0 -0.8
v -4 0 -0.8
v -3.9 0 -0.8
v -3.6 0 -0.8
v -3.5 0 -0.8
v -3.4 0 -0.8
v -3.3 0 -0.8
v -2.8 0 -0.8
v -2.7 0 -0.8
v -2.6 0 -0.8
v -2.5 0 -0.8
v -1.8 0 -0.8
v -1.7 0 -0.8
v -1.5 0 -0.8
v -1.4 0 -0.8
v -1.3 0 -0.8
v -1.2 0 -0.8
v -0.9 0 -0.8
v -0.8 0 -0.8
v -0.5 0 -0.8
v -0.4 0 -0.8
v -0.3 0 -0.8
v -0.2 0 -0.8
v 0 0 -0.8
v 0.0999999 0 -0.8
v -4.1 0 -0.9
v -4 0 -0.9
v -3.9 0 -0.9
v -3.8 0 -0.9
v -3.7 0 -0.9
v -3.5 0 -0.9
v -3.4 0 -0.9
v -3.3 0 -0.9
v -3.2 0 -0.9
v -2.8 0 -0.9
v -2.7 0 -0.9
v -2.5 0 -0.9
v -2.3 0 -0.9
v -2.2 0 -0.9
v -2.1 0 -0.9
v -2 0 -0.9
v -1.8 0 -0.9
v -1.7 0 -0.9
v -1.6 0 -0.9
v -1.4 0 -0.9
v -1.3 0 -0.9
v -1.2 0 -0.9
v -0.9 0 -0.9
v -0.8 0 -0.9
v -0.7 0 -0.9
v -0.6 0 -0.9
v -0.5 0 -0.9
v -0.4 0 -0.9
v -0.3 0 -0.9
v 0 0 -0.9
v 0.0999999 0 -0.9
v -4 0 -1
v -3.9 0 -1
v -3.5 0 -1
v -3.4 0 -1
v -3.2 0 -1
v -3 0 -1
v -2.9 0 -1
v -2.8 0 -1
v -2.4 0 -1
v -2.3 0 -1
v -2.2 0 -1
v -2.1 0 -1
v -2 0 -1
v -1.7 0 -1
v -1.6 0 -1
v -1.4 0 -1
v -1.2 0 -1
v -1.1 0 -1
v -1 0 -1
v -0.8 0 -1
v -0.7 0 -1
v -3.5 0 -1.1
v -3.3 0 -1.1
v -3.2 0 -1.1
v -3.1 0 -1.1
v -3 0 -1.1
v -2.9 0 -1.1
v -2.8 0 -1.1
v -2.7 0 -1.1
v -2.6 0 -1.1
v -2.5 0 -1.1
v -2.4 0 -1.1
v -2.1 0 -1.1
v -2 0 -1.1
v -1.7 0 -1.1
v -1.6 0 -1.1
v -1.2 0 -1.1
v -1.1 0 -1.1
v -1 0 -1.1
v -0.8 0 -1.1
v -0.7 0 -1.1
v -0.6 0 -1.1
v -0.5 0 -1.1
v -4 0 -1.2
v -3.9 0 -1.2
v -3.8 0 -1.2
v -3.7 0 -1.2
v -3.3 0 -1.2
v -3.2 0 -1.2
v -3.1 0 -1.2
v -2.8 0 -1.2
v -2.7 0 -1.2
v -2.6 0 -1.2
v -2.5 0 -1.2
v -2.4 0 -1.2
v -2.2 0 -1.2
v -2.1 0 -1.2
v -1.3 0 -1.2
v -1.2 0 -1.2
v -1.1 0 -1.2
v -0.9 0 -1.2
v -0.8 0 -1.2
v -0.7 0 -1.2
v -0.6 0 -1.2
v -0.2 0 -1.2
v 0 0 -1.2
v -4.1 0 -1.3
v -4 0 -1.3
v -3.8 0 -1.3
v -3.7 0 -1.3
v -2.6 0 -1.3
v -2.5 0 -1.3
v -2.3 0 -1.3
v -2.2 0 -1.3
v -2 0 -1.3
v -1.9 0 -1.3
v -1.4 0 -1.3
v -1.3 0 -1.3
v -1.2 0 -1.3
v -1.1 0 -1.3
v -1 0 -1.3
v -0.8 0 -1.3
v -0.7 0 -1.3
v -0.6 0 -1.3
v -0.5 0 -1.3
v -0.4 0 -1.3
v -0.2 0 -1.3
v -0.0999999 0 -1.3
v 0 0 -1.3
v 0.0999999 0 -1.3
v -4.1 0 -1.4
v -4 0 -1.4
v -3.7 0 -1.4
v -2.4 0 -1.4
v -2.3 0 -1.4
v -2.2 0 -1.4
v -2.1 0 -1.4
v -2 0 -1.4
v -1.9 0 -1.4
v -1.4 0 -1.4
v -1.3 0 -1.4
v -1.2 0 -1.4
v -1.1 0 -1.4
v -1 0 -1.4
v -0.9 0 -1.4
v -0.8 0 -1.4
v -0.7 0 -1.4
v -0.6 0 -1.4
v -0.5 0 -1.4
v -0.2 0 -1.4
v -0.0999999 0 -1.4
v 0 0 -1.4
v 0.0999999 0 -1.4
v -4.1 0 -1.5
v -4 0 -1.5
v -2.6 0 -1.5
v -2.5 0 -1.5
v -2.4 0 -1.5
v -2.3 0 -1.5
v -2.2 0 -1.5
v -1.9 0 -1.5
v -1.6 0 -1.5
v -1.4 0 -1.5
v -1.3 0 -1.5
v 0 0 -1.5
v 0.0999999 0 -1.5
v -4.1 0 -1.6
v -4 0 -1.6
v -2.3 0 -1.6
v -2.1 0 -1.6
v -2 0 -1.6
v -1.8 0 -1.6
v -1.7 0 -1.6
v -1.6 0 -1.6
v -1.4 0 -1.6
v -1.2 0 -1.6
v -1.1 0 -1.6
v 0 0 -1.6
v 0.0999999 0 -1.6
v -4.1 0 -1.7
v -4 0 -1.7
v -2.6 0 -1.7
v -2.5 0 -1.7
v -2.3 0 -1.7
v -2.1 0 -1.7
v -2 0 -1.7
v -1.8 0 -1.7
v -1.5 0 -1.7
v -1.3 0 -1.7
v -1.2 0 -1.7
v -1 0 -1.7
v 0 0 -1.7
v 0.0999999 0 -1.7
v -4.1 0 -1.8
v -4 0 -1.8
v -2.6 0 -1.8
v -2.5 0 -1.8
v -2.3 0 -1.8
v -2.1 0 -1.8
v -2 0 -1.8
v -1.7 0 -1.8
v -1.5 0 -1.8
v -1.3 0 -1.8
v -1.2 0 -1.8
v 0 0 -1.8
v 0.0999999 0 -1.8
v -4.1 0 -2
v -4 0 -2
v 0 0 -2
v 0.0999999 0 -2
v -4.1 0 -2.1
v -4 0 -2.1
v 0 0 -2.1
v 0.0999999 0 -2.1
v -4.1 0 -2.2
v -4 0 -2.2
v 0 0 -2.2
v 0.0999999 0 -2.2
v -4.1 0 -2.3
v -4 0 -2.3
v 0 0 -2.3
v 0.0999999 0 -2.3
v -4.1 0 -2.4
v -4 0 -2.4
v 0 0 -2.4
v 0.0999999 0 -2.4
v -4.1 0 -2.5
v -4 0 -2.5
v 0 0 -2.5
v 0.0999999 0 -2.5
v -4.1 0 -2.6
v -4 0 -2.6
v 0 0 -2.6
v 0.0999999 0 -2.6
v -4.1 0 -2.7
v -4 0 -2.7
v 0 0 -2.7
v 0.0999999 0 -2.7
v -4.1 0 -2.8
v -4 0 -2.8
v 0 0 -2.8
v 0.0999999 0 -2.8
v -4.1 0 -2.9
v -4 0 -2.9
v 0 0 -2.9
v 0.0999999 0 -2.9
v -4.1 0 -3
v -4 0 -3
v 0 0 -3
v 0.0999999 0 -3
v -4.1 0 -3.3
v -4 0 -3.3
v 0 0 -3.3
v 0.0999999 0 -3.3
v -4.1 0 -3.5
v -4 0 -3.5
v 0 0 -3.5
v 0.0999999 0 -3.5
v -4.1 0 -3.9
v -4 0 -3.9
v 0 0 -3.9
v 0.0999999 0 -3.9
v -4.1 0 -4
v -4 0 -4
v 0 0 -4
v 0.0999999 0 -4
v -4.1 0.1 0.1
v -3.8 0.1 0.1
v -3.7 0.1 0.1
v -3.6 0.1 0.1
v -3.5 0.1 0.1
v -3.4 0.1 0.1
v -3.3 0.1 0.1
v -3.2 0.1 0.1
v -3.1 0.1 0.1
v -3 0.1 0.1
v -2.9 0.1 0.1
v -2.8 0.1 0.1
v -2.7 0.1 0.1
v -2.6 0.1 0.1
v -2.5 0.1 0.1
v -2.4 0.1 0.1
v -2.3 0.1 0.1
v -2.2 0.1 0.1
v -2.1 0.1 0.1
v -1.8 0.1 0.1
v -1.7 0.1 0.1
v -1.6 0.1 0.1
v -1.4 0.1 0.1
v -1.2 0.1 0.1
v -1.1 0.1 0.1
v -1 0.1 0.1
v -0.9 0.1 0.1
v -0.6 0.1 0.1
v -0.5 0.1 0.1
v -0.4 0.1 0.1
v -0.2 0.1 0.1
v 0 0.1 0.1
v 0.0999999 0.1 0.1
v -4.2 0.1 0
v -4.1 0.1 0
v -4 0.1 0
v -3.9 0.1 0
v -3.8 0.1 0
v -3.7 0.1 0
v -3.6 0.1 0
v -3.5 0.1 0
v -3.4 0.1 0
v -3.3 0.1 0
v -3.2 0.1 0
v -3.1 0.1 0
v -3 0.1 0
v -2.9 0.1 0
v -2.8 0.1 0
v -2.7 0.1 0
v -2.6 0.1 0
v -2.5 0.1 0
v -2.4 0.1 0
v -2.3 0.1 0
v -2.2 0.1 0
v -2.1 0.1 0
v -1.9 0.1 0
v -1.8 0.1 0
v -1.7 0.1 0
v -1.6 0.1 0
v -1.5 0.1 0
v -1.4 0.1 0
v -1.3 0.1 0
v -1.2 0.1 0
v -1.1 0.1 0
v -1 0.1 0
v -0.9 0.1 0
v -0.8 0.1 0
v -0.6 0.1 0
v -0.5 0.1 0
v -0.4 0.1 0
v -0.2 0.1 0
v -0.0999999 0.1 0
v 0 0.1 0
v 0.0999999 0.1 0
v 0.2 0.1 0
v -4.2 0.1 -0.1
v -4.1 0.1 -0.1
v 0.0999999 0.1 -0.1
v 0.2 0.1 -0.1
v -4.1 0.1 -0.2
v 0.0999999 0.1 -0.2
v -4.2 0.1 -0.3
v -4.1 0.1 -0.3
v 0.0999999 0.1 -0.3
v 0.2 0.1 -0.3
v -4.2 0.1 -0.4
v -4.1 0.1 -0.4
v 0.0999999 0.1 -0.4
v 0.2 0.1 -0.4
v -4.2 0.1 -0.5
v -4.1 0.1 -0.5
v 0.0999999 0.1 -0.5
v 0.2 0.1 -0.5
v -4.1 0.1 -0.6
v 0.0999999 0.1 -0.6
v -4.2 0.1 -0.7
v -4.1 0.1 -0.7
v 0.0999999 0.1 -0.7
v 0.2 0.1 -0.7
v -4.2 0.1 -0.8
v -4.1 0.1 -0.8
v 0.0999999 0.1 -0.8
v 0.2 0.1 -0.8
v -4.2 0.1 -0.9
v -4.1 0.1 -0.9
v 0.0999999 0.1 -0.9
v 0.2 0.1 -0.9
v -4.2 0.1 -1.1
v -4.1 0.1 -1.1
v 0.0999999 0.1 -1.1
v 0.2 0.1 -1.1
v -4.2 0.1 -1.2
v -4.1 0.1 -1.2
v 0.0999999 0.1 -1.2
v 0.2 0.1 -1.2
v -4.2 0.1 -1.3
v -4.1 0.1 -1.3
v 0.0999999 0.1 -1.3
v 0.2 0.1 -1.3
v -4.2 0.1 -1.4
v -4.1 0.1 -1.4
v -4 0.1 -1.4
v 0 0.1 -1.4
v 0.0999999 0.1 -1.4
v 0.2 0.1 -1.4
v -4.2 0.1 -1.5
v -4.1 0.1 -1.5
v -4 0.1 -1.5
v 0 0.1 -1.5
v 0.0999999 0.1 -1.5
v 0.2 0.1 -1.5
v -4.1 0.1 -1.6
v 0.0999999 0.1 -1.6
v -4.1 0.1 -1.7
v 0.0999999 0.1 -1.7
v -4.2 0.1 -1.8
v -4.1 0.1 -1.8
v 0.0999999 0.1 -1.8
v 0.2 0.1 -1.8
v -4.2 0.1 -2
v -4.1 0.1 -2
v 0.0999999 0.1 -2
v 0.2 0.1 -2
v -4.2 0.1 -2.1
v -4.1 0.1 -2.1
v 0.0999999 0.1 -2.1
v 0.2 0.1 -2.1
v -4.1 0.1 -2.2
v 0.0999999 0.1 -2.2
v -4.2 0.1 -2.3
v -4.1 0.1 -2.3
v 0.0999999 0.1 -2.3
v 0.2 0.1 -2.3
v -4.2 0.1 -2.4
v -4.1 0.1 -2.4
v 0.0999999 0.1 -2.4
v 0.2 0.1 -2.4
v -4.1 0.1 -2.5
v 0.0999999 0.1 -2.5
v -4.2 0.1 -2.6
v -4.1 0.1 -2.6
v 0.0999999 0.1 -2.6
v 0.2 0.1 -2.6
v -4.2 0.1 -2.7
v -4.1 0.1 -2.7
v 0.0999999 0.1 -2.7
v 0.2 0.1 -2.7
v -4.2 0.1 -2.8
v -4.1 0.1 -2.8
v 0.0999999 0.1 -2.8
v 0.2 0.1 -2.8
v -4.1 0.1 -2.9
v 0.0999999 0.1 -2.9
v -4.2 0.1 -3
v -4.1 0.1 -3
v 0.0999999 0.1 -3
v 0.2 0.1 -3
v -4.2 0.1 -3.1
v -4.1 0.1 -3.1
v 0.0999999 0.1 -3.1
v 0.2 0.1 -3.1
v -4.1 0.1 -3.3
v 0.0999999 0.1 -3.3
v -4.2 0.1 -3.4
v -4.1 0.1 -3.4
v 0.0999999 0.1 -3.4
v 0.2 0.1 -3.4
v -4.2 0.1 -3.5
v -4.1 0.1 -3.5
v 0.0999999 0.1 -3.5
v 0.2 0.1 -3.5
v -4.2 0.1 -3.6
v -4.1 0.1 -3.6
v 0.0999999 0.1 -3.6
v 0.2 0.1 -3.6
v -4.2 0.1 -3.7
v -4.1 0.1 -3.7
v 0.0999999 0.1 -3.7
v 0.2 0.1 -3.7
v -4.2 0.1 -3.8
v -4.1 0.1 -3.8
v 0.0999999 0.1 -3.8
v 0.2 0.1 -3.8
v -4.2 0.1 -3.9
v -4.1 0.1 -3.9
v 0.0999999 0.1 -3.9
v 0.2 0.1 -3.9
v -4.2 0.1 -4
v -4.1 0.1 -4
v 0.0999999 0.1 -4
v 0.2 0.1 -4
v -3.7 0.6 -0.4
v -3.6 0.6 -0.4
v -2.7 0.6 -0.4
v -2.6 0.6 -0.4
v -1 0.6 -0.4
v -0.9 0.6 -0.4
v -4.2 0.6 -0.5
v -4.1 0.6 -0.5
v -3.7 0.6 -0.5
v -3.6 0.6 -0.5
v -2.7 0.6 -0.5
v -2.6 0.6 -0.5
v -1 0.6 -0.5
v -0.9 0.6 -0.5
v 0.0999999 0.6 -0.5
v 0.2 0.6 -0.5
v -4.2 0.6 -0.6
v -4.1 0.6 -0.6
v 0.0999999 0.6 -0.6
v 0.2 0.6 -0.6
v -4.2 0.6 -0.7
v -4.1 0.6 -0.7
v 0.0999999 0.6 -0.7
v 0.2 0.6 -0.7
v -4.2 0.6 -0.8
v -4.1 0.6 -0.8
v 0.0999999 0.6 -0.8
v 0.2 0.6 -0.8
v -4.2 0.6 -0.9
v -4.1 0.6 -0.9
v 0.0999999 0.6 -0.9
v 0.2 0.6 -0.9
v -4.2 0.6 -1
v -4.1 0.6 -1
v 0.0999999 0.6 -1
v 0.2 0.6 -1
v -4.2 0.6 -1.1
v -4.1 0.6 -1.1
v 0.0999999 0.6 -1.1
v 0.2 0.6 -1.1
v -4.1 0.6 -1.2
v 0.0999999 0.6 -1.2
v -4.2 0.6 -1.3
v -4.1 0.6 -1.3
v 0.0999999 0.6 -1.3
v 0.2 0.6 -1.3
v -4.2 0.6 -1.4
v -4.1 0.6 -1.4
v 0.0999999 0.6 -1.4
v 0.2 0.6 -1.4
v -4.2 0.6 -1.5
v -4.1 0.6 -1.5
v 0.0999999 0.6 -1.5
v 0.2 0.6 -1.5
v -4.1 0.6 -1.6
v 0.0999999 0.6 -1.6
v -4.2 0.6 -1.7
v -4.1 0.6 -1.7
v 0.0999999 0.6 -1.7
v 0.2 0.6 -1.7
v -4.2 0.6 -1.9
v -4.1 0.6 -1.9
v 0.0999999 0.6 -1.9
v 0.2 0.6 -1.9
v -4.2 0.6 -2
v -4.1 0.6 -2
v 0.0999999 0.6 -2
v 0.2 0.6 -2
v -4.2 0.6 -2.1
v -4.1 0.6 -2.1
v 0.0999999 0.6 -2.1
v 0.2 0.6 -2.1
v -4.2 0.6 -2.2
v -4.1 0.6 -2.2
v 0.0999999 0.6 -2.2
v 0.2 0.6 -2.2
v -4.2 0.6 -2.3
v -4.1 0.6 -2.3
v 0.0999999 0.6 -2.3
v 0.2 0.6 -2.3
v -4.2 0.6 -2.4
v -4.1 0.6 -2.4
v 0.0999999 0.6 -2.4
v 0.2 0.6 -2.4
v -4.2 0.6 -2.6
v -4.1 0.6 -2.6
v 0.0999999 0.6 -2.6
v 0.2 0.6 -2.6
v -4.2 0.6 -2.7
v -4.1 0.6 -2.7
v 0.0999999 0.6 -2.7
v 0.2 0.6 -2.7
v -4.2 0.6 -2.8
v -4.1 0.6 -2.8
v 0.0999999 0.6 -2.8
v 0.2 0.6 -2.8
v -4.2 0.6 -2.9
v -4.1 0.6 -2.9
v 0.0999999 0.6 -2.9
v 0.2 0.6 -2.9
v -4.2 0.6 -3
v -4.1 0.6 -3
v 0.0999999 0.6 -3
v 0.2 0.6 -3
v -4.2 0.6 -3.1
v -4.1 0.6 -3.1
v 0.0999999 0.6 -3.1
v 0.2 0.6 -3.1
v -4.1 0.6 -3.3
v 0.0999999 0.6 -3.3
v -4.2 0.6 -3.4
v -4.1 0.6 -3.4
v 0.0999999 0.6 -3.4
v 0.2 0.6 -3.4
v -4.2 0.6 -3.5
v -4.1 0.6 -3.5
v 0.0999999 0.6 -3.5
v 0.2 0.6 -3.5
v -4.2 0.6 -3.6
v -4.1 0.6 -3.6
v 0.0999999 0.6 -3.6
v 0.2 0.6 -3.6
v -4.1 0.6 -3.7
v 0.0999999 0.6 -3.7
v -4.2 0.6 -3.8
v -4.1 0.6 -3.8
v 0.0999999 0.6 -3.8
v 0.2 0.6 -3.8
v -4.1 0.6 -3.9
v 0.0999999 0.6 -3.9
v -4.2 0.6 -4
v -4.1 0.6 -4
v 0.0999999 0.6 -4
v 0.2 0.6 -4
v -3.3 1.1 -0.9
v -3.2 1.1 -0.9
v -1.9 1.1 -0.9
v -1.8 1.1 -0.9
v -0.4 1.1 -0.9
v -0.3 1.1 -0.9
v -4.2 1.1 -1
v -4.1 1.1 -1
v -3.3 1.1 -1
v -3.2 1.1 -1
v -1.9 1.1 -1
v -1.8 1.1 -1
v -0.4 1.1 -1
v -0.3 1.1 -1
v 0.0999999 1.1 -1
v 0.2 1.1 -1
v -4.2 1.1 -1.1
v -4.1 1.1 -1.1
v 0.0999999 1.1 -1.1
v 0.2 1.1 -1.1
v -4.2 1.1 -1.2
v -4.1 1.1 -1.2
v 0.0999999 1.1 -1.2
v 0.2 1.1 -1.2
v -4.2 1.1 -1.3
v -4.1 1.1 -1.3
v 0.0999999 1.1 -1.3
v 0.2 1.1 -1.3
v -4.2 1.1 -1.4
v -4.1 1.1 -1.4
v 0.0999999 1.1 -1.4
v 0.2 1.1 -1.4
v -4.2 1.1 -1.5
v -4.1 1.1 -1.5
v 0.0999999 1.1 -1.5
v 0.2 1.1 -1.5
v -4.2 1.1 -1.6
v -4.1 1.1 -1.6
v 0.0999999 1.1 -1.6
v 0.2 1.1 -1.6
v -4.2 1.1 -1.8
v -4.1 1.1 -1.8
v 0.0999999 1.1 -1.8
v 0.2 1.1 -1.8
v -4.1 1.1 -1.9
v 0.0999999 1.1 -1.9
v -4.2 1.1 -2.1
v -4.1 1.1 -2.1
v 0.0999999 1.1 -2.1
v 0.2 1.1 -2.1
v -4.2 1.1 -2.2
v -4.1 1.1 -2.2
v 0.0999999 1.1 -2.2
v 0.2 1.1 -2.2
v -4.2 1.1 -2.3
v -4.1 1.1 -2.3
v 0.0999999 1.1 -2.3
v 0.2 1.1 -2.3
v -4.1 1.1 -2.4
v 0.0999999 1.1 -2.4
v -4.2 1.1 -2.5
v -4.1 1.1 -2.5
v 0.0999999 1.1 -2.5
v 0.2 1.1 -2.5
v -4.2 1.1 -2.6
v -4.1 1.1 -2.6
v 0.0999999 1.1 -2.6
v 0.2 1.1 -2.6
v -4.2 1.1 -2.8
v -4.1 1.1 -2.8
v 0.0999999 1.1 -2.8
v 0.2 1.1 -2.8
v -4.2 1.1 -2.9
v -4.1 1.1 -2.9
v 0.0999999 1.1 -2.9
v 0.2 1.1 -2.9
v -4.1 1.1 -3
v 0.0999999 1.1 -3
v -4.1 1.1 -3.1
v 0.0999999 1.1 -3.1
v -4.2 1.1 -3.2
v -4.1 1.1 -3.2
v 0.0999999 1.1 -3.2
v 0.2 1.1 -3.2
v -4.1 1.1 -3.3
v 0.0999999 1.1 -3.3
v -4.2 1.1 -3.4
v -4.1 1.1 -3.4
v 0.0999999 1.1 -3.4
v 0.2 1.1 -3.4
v -4.2 1.1 -3.5
v -4.1 1.1 -3.5
v 0.0999999 1.1 -3.5
v 0.2 1.1 -3.5
v -4.2 1.1 -3.7
v -4.1 1.1 -3.7
v 0.0999999 1.1 -3.7
v 0.2 1.1 -3.7
v -4.2 1.1 -3.8
v -4.1 1.1 -3.8
v 0.0999999 1.1 -3.8
v 0.2 1.1 -3.8
v -4.2 1.1 -4
v -4.1 1.1 -4
v 0.0999999 1.1 -4
v 0.2 1.1 -4
v -3.7 1.6 -1.4
v -3.6 1.6 -1.4
v -2.4 1.6 -1.4
v -2.3 1.6 -1.4
v -1.2 1.6 -1.4
v -1.1 1.6 -1.4
v -4.2 1.6 -1.5
v -4.1 1.6 -1.5
v -3.7 1.6 -1.5
v -3.6 1.6 -1.5
v -2.4 1.6 -1.5
v -2.3 1.6 -1.5
v -1.2 1.6 -1.5
v -1.1 1.6 -1.5
v 0.0999999 1.6 -1.5
v 0.2 1.6 -1.5
v -4.2 1.6 -1.7
v -4.1 1.6 -1.7
v 0.0999999 1.6 -1.7
v 0.2 1.6 -1.7
v -4.2 1.6 -1.8
v -4.1 1.6 -1.8
v 0.0999999 1.6 -1.8
v 0.2 1.6 -1.8
v -4.2 1.6 -1.9
v -4.1 1.6 -1.9
v 0.0999999 1.6 -1.9
v 0.2 1.6 -1.9
v -4.2 1.6 -2
v -4.1 1.6 -2
v 0.0999999 1.6 -2
v 0.2 1.6 -2
v -4.1 1.6 -2.1
v 0.0999999 1.6 -2.1
v -4.2 1.6 -2.2
v -4.1 1.6 -2.2
v 0.0999999 1.6 -2.2
v 0.2 1.6 -2.2
v -4.2 1.6 -2.3
v -4.1 1.6 -2.3
v 0.0999999 1.6 -2.3
v 0.2 1.6 -2.3
v -4.2 1.6 -2.4
v -4.1 1.6 -2.4
v 0.0999999 1.6 -2.4
v 0.2 1.6 -2.4
v -4.2 1.6 -2.6
v -4.1 1.6 -2.6
v 0.0999999 1.6 -2.6
v 0.2 1.6 -2.6
v -4.2 1.6 -2.7
v -4.1 1.6 -2.7
v 0.0999999 1.6 -2.7
v 0.2 1.6 -2.7
v -4.2 1.6 -2.8
v -4.1 1.6 -2.8
v 0.0999999 1.6 -2.8
v 0.2 1.6 -2.8
v -4.1 1.6 -2.9
v 0.0999999 1.6 -2.9
v -4.2 1.6 -3
v -4.1 1.6 -3
v 0.0999999 1.6 -3
v 0.2 1.6 -3
v -4.2 1.6 -3.1
v -4.1 1.6 -3.1
v 0.0999999 1.6 -3.1
v 0.2 1.6 -3.1
v -4.2 1.6 -3.3
v -4.1 1.6 -3.3
v 0.0999999 1.6 -3.3
v 0.2 1.6 -3.3
v -4.2 1.6 -3.4
v -4.1 1.6 -3.4
v 0.0999999 1.6 -3.4
v 0.2 1.6 -3.4
v -4.2 1.6 -3.6
v -4.1 1.6 -3.6
v 0.0999999 1.6 -3.6
v 0.2 1.6 -3.6
v -4.2 1.6 -3.7
v -4.1 1.6 -3.7
v 0.0999999 1.6 -3.7
v 0.2 1.6 -3.7
v -4.2 1.6 -4
v -4.1 1.6 -4
v 0.0999999 1.6 -4
v 0.2 1.6 -4
v -3.1 2.1 -1.9
v -3 2.1 -1.9
v -1.8 2.1 -1.9
v -1.7 2.1 -1.9
v -0.6 2.1 -1.9
v -0.5 2.1 -1.9
v -4.2 2.1 -2
v -4.1 2.1 -2
v -3.1 2.1 -2
v -3 2.1 -2
v -1.8 2.1 -2
v -1.7 2.1 -2
v -0.6 2.1 -2
v -0.5 2.1 -2
v 0.0999999 2.1 -2
v 0.2 2.1 -2
v -4.2 2.1 -2.2
v -4.1 2.1 -2.2
v 0.0999999 2.1 -2.2
v 0.2 2.1 -2.2
v -4.1 2.1 -2.3
v 0.0999999 2.1 -2.3
v -4.2 2.1 -2.4
v -4.1 2.1 -2.4
v 0.0999999 2.1 -2.4
v 0.2 2.1 -2.4
v -4.2 2.1 -2.5
v -4.1 2.1 -2.5
v 0.0999999 2.1 -2.5
v 0.2 2.1 -2.5
v -4.1 2.1 -2.6
v 0.0999999 2.1 -2.6
v -4.2 2.1 -2.7
v -4.1 2.1 -2.7
v 0.0999999 2.1 -2.7
v 0.2 2.1 -2.7
v -4.2 2.1 -2.8
v -4.1 2.1 -2.8
v 0.0999999 2.1 -2.8
v 0.2 2.1 -2.8
v -4.2 2.1 -2.9
v -4.1 2.1 -2.9
v 0.0999999 2.1 -2.9
v 0.2 2.1 -2.9
v -4.2 2.1 -3
v -4.1 2.1 -3
v 0.0999999 2.1 -3
v 0.2 2.1 -3
v -4.2 2.1 -3.1
v -4.1 2.1 -3.1
v 0.0999999 2.1 -3.1
v 0.2 2.1 -3.1
v -4.1 2.1 -3.2
v 0.0999999 2.1 -3.2
v -4.1 2.1 -3.3
v 0.0999999 2.1 -3.3
v -4.2 2.1 -3.4
v -4.1 2.1 -3.4
v 0.0999999 2.1 -3.4
v 0.2 2.1 -3.4
v -4.1 2.1 -3.5
v 0.0999999 2.1 -3.5
v -4.2 2.1 -3.6
v -4.1 2.1 -3.6
v 0.0999999 2.1 -3.6
v 0.2 2.1 -3.6
v -4.2 2.1 -3.7
v -4.1 2.1 -3.7
v 0.0999999 2.1 -3.7
v 0.2 2.1 -3.7
v -4.2 2.1 -3.9
v -4.1 2.1 -3.9
v 0.0999999 2.1 -3.9
v 0.2 2.1 -3.9
v -4.2 2.1 -4
v -4.1 2.1 -4
v 0.0999999 2.1 -4
v 0.2 2.1 -4
v -3.5 2.6 -2.4
v -3.4 2.6 -2.4
v -1 2.6 -2.4
v -0.9 2.6 -2.4
v -4.2 2.6 -2.5
v -4.1 2.6 -2.5
v -3.5 2.6 -2.5
v -3.4 2.6 -2.5
v -1 2.6 -2.5
v -0.9 2.6 -2.5
v 0.0999999 2.6 -2.5
v 0.2 2.6 -2.5
v -4.1 2.6 -2.6
v 0.0999999 2.6 -2.6
v -4.2 2.6 -2.7
v -4.1 2.6 -2.7
v 0.0999999 2.6 -2.7
v 0.2 2.6 -2.7
v -4.2 2.6 -2.8
v -4.1 2.6 -2.8
v 0.0999999 2.6 -2.8
v 0.2 2.6 -2.8
v -4.1 2.6 -3
v 0.0999999 2.6 -3
v -4.2 2.6 -3.1
v -4.1 2.6 -3.1
v 0.0999999 2.6 -3.1
v 0.2 2.6 -3.1
v -4.2 2.6 -3.2
v -4.1 2.6 -3.2
v 0.0999999 2.6 -3.2
v 0.2 2.6 -3.2
v -4.2 2.6 -3.3
v -4.1 2.6 -3.3
v 0.0999999 2.6 -3.3
v 0.2 2.6 -3.3
v -4.2 2.6 -3.4
v -4.1 2.6 -3.4
v 0.0999999 2.6 -3.4
v 0.2 2.6 -3.4
v -4.2 2.6 -3.5
v -4.1 2.6 -3.5
v 0.0999999 2.6 -3.5
v 0.2 2.6 -3.5
v -4.2 2.6 -3.6
v -4.1 2.6 -3.6
v 0.0999999 2.6 -3.6
v 0.2 2.6 -3.6
v -4.2 2.6 -3.7
v -4.1 2.6 -3.7
v 0.0999999 2.6 -3.7
v 0.2 2.6 -3.7
v -4.2 2.6 -3.8
v -4.1 2.6 -3.8
v 0.0999999 2.6 -3.8
v 0.2 2.6 -3.8
v -4.2 2.6 -4
v -4.1 2.6 -4
v 0.0999999 2.6 -4
v 0.2 2.6 -4
v -2.9 3.1 -2.9
v -2.8 3.1 -2.9
v -1.4 3.1 -2.9
v -1.3 3.1 -2.9
v -0.4 3.1 -2.9
v -0.3 3.1 -2.9
v -4.2 3.1 -3
v -4.1 3.1 -3
v -2.9 3.1 -3
v -2.8 3.1 -3
v -1.4 3.1 -3
v -1.3 3.1 -3
v -0.4 3.1 -3
v -0.3 3.1 -3
v 0.0999999 3.1 -3
v 0.2 3.1 -3
v -4.2 3.1 -3.1
v -4.1 3.1 -3.1
v 0.0999999 3.1 -3.1
v 0.2 3.1 -3.1
v -4.1 3.1 -3.2
v 0.0999999 3.1 -3.2
v -4.2 3.1 -3.3
v -4.1 3.1 -3.3
v 0.0999999 3.1 -3.3
v 0.2 3.1 -3.3
v -4.1 3.1 -3.4
v 0.0999999 3.1 -3.4
v -4.1 3.1 -3.5
v 0.0999999 3.1 -3.5
v -4.2 3.1 -3.6
v -4.1 3.1 -3.6
v 0.0999999 3.1 -3.6
v 0.2 3.1 -3.6
v -4.2 3.1 -3.7
v -4.1 3.1 -3.7
v 0.0999999 3.1 -3.7
v 0.2 3.1 -3.7
v -4.2 3.1 -3.8
v -4.1 3.1 -3.8
v 0.0999999 3.1 -3.8
v 0.2 3.1 -3.8
v -4.1 3.1 -3.9
v 0.0999999 3.1 -3.9
v -4.2 3.1 -4
v -4.1 3.1 -4
v 0.0999999 3.1 -4
v 0.2 3.1 -4
v -3.6 3.6 -3.4
v -3.5 3.6 -3.4
v -2.2 3.6 -3.4
v -2.1 3.6 -3.4
v -0.9 3.6 -3.4
v -0.8 3.6 -3.4
v -4.2 3.6 -3.5
v -4.1 3.6 -3.5
v -3.6 3.6 -3.5
v -3.5 3.6 -3.5
v -2.2 3.6 -3.5
v -2.1 3.6 -3.5
v -0.9 3.6 -3.5
v -0.8 3.6 -3.5
v 0.0999999 3.6 -3.5
v 0.2 3.6 -3.5
v -4.1 3.6 -3.6
v 0.0999999 3.6 -3.6
v -4.2 3.6 -3.7
v -4.1 3.6 -3.7
v 0.0999999 3.6 -3.7
v 0.2 3.6 -3.7
v -4.2 3.6 -3.8
v -4.1 3.6 -3.8
v 0.0999999 3.6 -3.8
v 0.2 3.6 -3.8
v -4.2 3.6 -3.9
v -4.1 3.6 -3.9
v 0.0999999 3.6 -3.9
v 0.2 3.6 -3.9
v -4.2 3.6 -4
v -4.1 3.6 -4
v 0.0999999 3.6 -4
v 0.2 3.6 -4
v -4.1 0.5 0.1
v -3.9 0.5 0.1
v -3.8 0.5 0.1
v -3.7 0.5 0.1
v -3.6 0.5 0.1
v -3.5 0.5 0.1
v -3.4 0.5 0.1
v -3.3 0.5 0.1
v -3.2 0.5 0.1
v -3 0.5 0.1
v -2.9 0.5 0.1
v -2.7 0.5 0.1
v -2.6 0.5 0.1
v -2.3 0.5 0.1
v -2.2 0.5 0.1
v -2.1 0.5 0.1
v -1.9 0.5 0.1
v -1.6 0.5 0.1
v -1.5 0.5 0.1
v -1.4 0.5 0.1
v -1.1 0.5 0.1
v -1 0.5 0.1
v -0.9 0.5 0.1
v -0.8 0.5 0.1
v -0.7 0.5 0.1
v -0.6 0.5 0.1
v -0.5 0.5 0.1
v -0.4 0.5 0.1
v -0.0999999 0.5 0.1
v 0 0.5 0.1
v 0.0999999 0.5 0.1
v -4.2 0.5 0
v -4.1 0.5 0
v -4 0.5 0
v -3.9 0.5 0
v -3.8 0.5 0
v -3.7 0.5 0
v -3.6 0.5 0
v -3.5 0.5 0
v -3.4 0.5 0
v -3.3 0.5 0
v -3.2 0.5 0
v -3.1 0.5 0
v -3 0.5 0
v -2.9 0.5 0
v -2.7 0.5 0
v -2.6 0.5 0
v -2.5 0.5 0
v -2.3 0.5 0
v -2.2 0.5 0
v -2.1 0.5 0
v -1.9 0.5 0
v -1.8 0.5 0
v -1.7 0.5 0
v -1.6 0.5 0
v -1.5 0.5 0
v -1.4 0.5 0
v -1.3 0.5 0
v -1.2 0.5 0
v -1.1 0.5 0
v -1 0.5 0
v -0.9 0.5 0
v -0.8 0.5 0
v -0.7 0.5 0
v -0.6 0.5 0
v -0.5 0.5 0
v -0.4 0.5 0
v -0.2 0.5 0
v -0.0999999 0.5 0
v 0 0.5 0
v 0.0999999 0.5 0
v 0.2 0.5 0
v -4.2 0.5 -0.1
v -4.1 0.5 -0.1
v -3.7 0.5 -0.1
v -2.7 0.5 -0.1
v -2.6 0.5 -0.1
v -1 0.5 -0.1
v -0.9 0.5 -0.1
v 0.0999999 0.5 -0.1
v 0.2 0.5 -0.1
v -3.7 0.5 -0.2
v -3.6 0.5 -0.2
v -2.6 0.5 -0.2
v -4.2 0.5 -0.3
v -4.1 0.5 -0.3
v -2.7 0.5 -0.3
v -2.6 0.5 -0.3
v -1 0.5 -0.3
v -0.9 0.5 -0.3
v 0.0999999 0.5 -0.3
v 0.2 0.5 -0.3
v -4.2 0.5 -0.4
v -4.1 0.5 -0.4
v -3.7 0.5 -0.4
v -1 0.5 -0.4
v -0.9 0.5 -0.4
v 0.0999999 0.5 -0.4
v 0.2 0.5 -0.4
v -4.1 0.5 -0.5
v -3.7 0.5 -0.5
v -3.6 0.5 -0.5
v -2.7 0.5 -0.5
v -2.6 0.5 -0.5
v -1 0.5 -0.5
v -0.9 0.5 -0.5
v 0.0999999 0.5 -0.5
v -4.1 0.5 -0.6
v 0.0999999 0.5 -0.6
v -4.2 0.5 -0.7
v -4.1 0.5 -0.7
v 0.0999999 0.5 -0.7
v 0.2 0.5 -0.7
v -4.2 0.5 -0.8
v -4.1 0.5 -0.8
v 0.0999999 0.5 -0.8
v 0.2 0.5 -0.8
v -4.2 0.5 -0.9
v -4.1 0.5 -0.9
v 0.0999999 0.5 -0.9
v 0.2 0.5 -0.9
v -4.2 0.5 -1
v -4.1 0.5 -1
v 0.0999999 0.5 -1
v 0.2 0.5 -1
v -4.2 0.5 -1.2
v -4.1 0.5 -1.2
v 0.0999999 0.5 -1.2
v 0.2 0.5 -1.2
v -4.2 0.5 -1.3
v -4.1 0.5 -1.3
v 0.0999999 0.5 -1.3
v 0.2 0.5 -1.3
v -4.2 0.5 -1.4
v -4.1 0.5 -1.4
v 0.0999999 0.5 -1.4
v 0.2 0.5 -1.4
v -4.2 0.5 -1.5
v -4.1 0.5 -1.5
v 0.0999999 0.5 -1.5
v 0.2 0.5 -1.5
v -4.1 0.5 -1.6
v 0.0999999 0.5 -1.6
v -4.2 0.5 -1.7
v -4.1 0.5 -1.7
v 0.0999999 0.5 -1.7
v 0.2 0.5 -1.7
v -4.2 0.5 -1.8
v -4.1 0.5 -1.8
v 0.0999999 0.5 -1.8
v 0.2 0.5 -1.8
v -4.1 0.5 -2
v 0.0999999 0.5 -2
v -4.2 0.5 -2.1
v -4.1 0.5 -2.1
v 0.0999999 0.5 -2.1
v 0.2 0.5 -2.1
v -4.2 0.5 -2.2
v -4.1 0.5 -2.2
v 0.0999999 0.5 -2.2
v 0.2 0.5 -2.2
v -4.2 0.5 -2.3
v -4.1 0.5 -2.3
v 0.0999999 0.5 -2.3
v 0.2 0.5 -2.3
v -4.2 0.5 -2.4
v -4.1 0.5 -2.4
v 0.0999999 0.5 -2.4
v 0.2 0.5 -2.4
v -4.2 0.5 -2.5
v -4.1 0.5 -2.5
v 0.0999999 0.5 -2.5
v 0.2 0.5 -2.5
v -4.2 0.5 -2.6
v -4.1 0.5 -2.6
v 0.0999999 0.5 -2.6
v 0.2 0.5 -2.6
v -4.2 0.5 -2.7
v -4.1 0.5 -2.7
v 0.0999999 0.5 -2.7
v 0.2 0.5 -2.7
v -4.2 0.5 -2.8
v -4.1 0.5 -2.8
v 0.0999999 0.5 -2.8
v 0.2 0.5 -2.8
v -4.1 0.5 -2.9
v 0.0999999 0.5 -2.9
v -4.1 0.5 -3
v 0.0999999 0.5 -3
v -4.2 0.5 -3.1
v -4.1 0.5 -3.1
v 0.0999999 0.5 -3.1
v 0.2 0.5 -3.1
v -4.2 0.5 -3.3
v -4.1 0.5 -3.3
v 0.0999999 0.5 -3.3
v 0.2 0.5 -3.3
v -4.2 0.5 -3.4
v -4.1 0.5 -3.4
v 0.0999999 0.5 -3.4
v 0.2 0.5 -3.4
v -4.1 0.5 -3.5
v 0.0999999 0.5 -3.5
v -4.2 0.5 -3.6
v -4.1 0.5 -3.6
v 0.0999999 0.5 -3.6
v 0.2 0.5 -3.6
v -4.2 0.5 -3.7
v -4.1 0.5 -3.7
v 0.0999999 0.5 -3.7
v 0.2 0.5 -3.7
v -4.1 0.5 -3.8
v 0.0999999 0.5 -3.8
v -4.2 0.5 -3.9
v -4.1 0.5 -3.9
v 0.0999999 0.5 -3.9
v 0.2 0.5 -3.9
v -4.2 0.5 -4
v -4.1 0.5 -4
v 0.0999999 0.5 -4
v 0.2 0.5 -4
v -4.1 0.6 0
v -4 0.6 0
v -3.8 0.6 0
v -3.7 0.6 0
v -3.6 0.6 0
v -3.5 0.6 0
v -3.4 0.6 0
v -3.3 0.6 0
v -3.2 0.6 0
v -3.1 0.6 0
v -3 0.6 0
v -2.9 0.6 0
v -2.7 0.6 0
v -2.6 0.6 0
v -2.5 0.6 0
v -2.3 0.6 0
v -2.2 0.6 0
v -2.1 0.6 0
v -1.8 0.6 0
v -1.7 0.6 0
v -1.4 0.6 0
v -1.3 0.6 0
v -1.2 0.6 0
v -1 0.6 0
v -0.9 0.6 0
v -0.7 0.6 0
v -0.6 0.6 0
v -0.4 0.6 0
v -0.2 0.6 0
v 0 0.6 0
v 0.0999999 0.6 0
v -4.1 0.6 -0.1
v -4 0.6 -0.1
v -3.9 0.6 -0.1
v -3.8 0.6 -0.1
v -3.7 0.6 -0.1
v -3.4 0.6 -0.1
v -3.3 0.6 -0.1
v -3.2 0.6 -0.1
v -3.1 0.6 -0.1
v -3 0.6 -0.1
v -2.9 0.6 -0.1
v -2.8 0.6 -0.1
v -2.7 0.6 -0.1
v -2.5 0.6 -0.1
v -2.4 0.6 -0.1
v -1.9 0.6 -0.1
v -1.8 0.6 -0.1
v -1.5 0.6 -0.1
v -1.4 0.6 -0.1
v -1.3 0.6 -0.1
v -0.9 0.6 -0.1
v -0.8 0.6 -0.1
v -0.7 0.6 -0.1
v -0.6 0.6 -0.1
v -0.4 0.6 -0.1
v -0.3 0.6 -0.1
v -0.2 0.6 -0.1
v 0 0.6 -0.1
v 0.0999999 0.6 -0.1
v -4 0.6 -0.2
v -3.9 0.6 -0.2
v -3.8 0.6 -0.2
v -3.7 0.6 -0.2
v -3.5 0.6 -0.2
v -3.4 0.6 -0.2
v -3.3 0.6 -0.2
v -3.1 0.6 -0.2
v -3 0.6 -0.2
v -2.9 0.6 -0.2
v -2.8 0.6 -0.2
v -2.6 0.6 -0.2
v -2.5 0.6 -0.2
v -2.2 0.6 -0.2
v -2.1 0.6 -0.2
v -1.9 0.6 -0.2
v -1.7 0.6 -0.2
v -1.6 0.6 -0.2
v -1.5 0.6 -0.2
v -1.4 0.6 -0.2
v -1.3 0.6 -0.2
v -1.2 0.6 -0.2
v -1.1 0.6 -0.2
v -0.7 0.6 -0.2
v -0.6 0.6 -0.2
v -0.5 0.6 -0.2
v -0.2 0.6 -0.2
v 0 0.6 -0.2
v -4.1 0.6 -0.3
v -4 0.6 -0.3
v -3.9 0.6 -0.3
v -3.8 0.6 -0.3
v -3.5 0.6 -0.3
v -3.4 0.6 -0.3
v -2.9 0.6 -0.3
v -2.8 0.6 -0.3
v -2.6 0.6 -0.3
v -2.5 0.6 -0.3
v -2.2 0.6 -0.3
v -2.1 0.6 -0.3
v -1.8 0.6 -0.3
v -1.7 0.6 -0.3
v -1.2 0.6 -0.3
v -1.1 0.6 -0.3
v -1 0.6 -0.3
v -0.9 0.6 -0.3
v -0.8 0.6 -0.3
v -0.7 0.6 -0.3
v -0.6 0.6 -0.3
v -0.4 0.6 -0.3
v -0.3 0.6 -0.3
v -0.0999999 0.6 -0.3
v 0 0.6 -0.3
v 0.0999999 0.6 -0.3
v -4.1 0.6 -0.4
v -4 0.6 -0.4
v -3.9 0.6 -0.4
v -3.8 0.6 -0.4
v -3.7 0.6 -0.4
v -3.6 0.6 -0.4
v -3.5 0.6 -0.4
v -3.4 0.6 -0.4
v -3.3 0.6 -0.4
v -3.2 0.6 -0.4
v -3.1 0.6 -0.4
v -3 0.6 -0.4
v -2.9 0.6 -0.4
v -2.7 0.6 -0.4
v -2.6 0.6 -0.4
v -2.5 0.6 -0.4
v -2.4 0.6 -0.4
v -2.3 0.6 -0.4
v -2.2 0.6 -0.4
v -2.1 0.6 -0.4
v -2 0.6 -0.4
v -1.9 0.6 -0.4
v -1.8 0.6 -0.4
v -1.7 0.6 -0.4
v -1.6 0.6 -0.4
v -1.5 0.6 -0.4
v -1.4 0.6 -0.4
v -1.3 0.6 -0.4
v -1.2 0.6 -0.4
v -1.1 0.6 -0.4
v -1 0.6 -0.4
v -0.9 0.6 -0.4
v -0.8 0.6 -0.4
v -0.7 0.6 -0.4
v -0.6 0.6 -0.4
v -0.5 0.6 -0.4
v -0.4 0.6 -0.4
v -0.3 0.6 -0.4
v -0.2 0.6 -0.4
v -0.0999999 0.6 -0.4
v 0 0.6 -0.4
v 0.0999999 0.6 -0.4
v -3.3 0.6 -0.5
v -3.2 0.6 -0.5
v -1.9 0.6 -0.5
v -1.8 0.6 -0.5
v -0.4 0.6 -0.5
v -0.3 0.6 -0.5
v -4.1 1 -0.4
v -3.8 1 -0.4
v -3.7 1 -0.4
v -3.6 1 -0.4
v -3.4 1 -0.4
v -3.3 1 -0.4
v -3.2 1 -0.4
v -3.1 1 -0.4
v -3 1 -0.4
v -2.9 1 -0.4
v -2.7 1 -0.4
v -2.6 1 -0.4
v -2.5 1 -0.4
v -2.4 1 -0.4
v -2.3 1 -0.4
v -1.9 1 -0.4
v -1.8 1 -0.4
v -1.4 1 -0.4
v -1.3 1 -0.4
v -1.2 1 -0.4
v -1 1 -0.4
v -0.9 1 -0.4
v -0.8 1 -0.4
v -0.6 1 -0.4
v -0.5 1 -0.4
v -0.4 1 -0.4
v -0.3 1 -0.4
v -0.0999999 1 -0.4
v 0.0999999 1 -0.4
v -4.2 1 -0.5
v -4.1 1 -0.5
v -4 1 -0.5
v -3.9 1 -0.5
v -3.8 1 -0.5
v -3.7 1 -0.5
v -3.6 1 -0.5
v -3.5 1 -0.5
v -3.4 1 -0.5
v -3.3 1 -0.5
v -3.2 1 -0.5
v -3.1 1 -0.5
v -3 1 -0.5
v -2.9 1 -0.5
v -2.7 1 -0.5
v -2.6 1 -0.5
v -2.5 1 -0.5
v -2.4 1 -0.5
v -2.3 1 -0.5
v -2.1 1 -0.5
v -1.9 1 -0.5
v -1.8 1 -0.5
v -1.6 1 -0.5
v -1.4 1 -0.5
v -1.3 1 -0.5
v -1.2 1 -0.5
v -1.1 1 -0.5
v -1 1 -0.5
v -0.9 1 -0.5
v -0.8 1 -0.5
v -0.6 1 -0.5
v -0.5 1 -0.5
v -0.4 1 -0.5
v -0.3 1 -0.5
v -0.2 1 -0.5
v -0.0999999 1 -0.5
v 0.0999999 1 -0.5
v 0.2 1 -0.5
v -4.2 1 -0.6
v -4.1 1 -0.6
v -3.2 1 -0.6
v -0.4 1 -0.6
v 0.0999999 1 -0.6
v 0.2 1 -0.6
v -4.2 1 -0.7
v -4.1 1 -0.7
v -3.3 1 -0.7
v -3.2 1 -0.7
v -0.4 1 -0.7
v -0.3 1 -0.7
v 0.0999999 1 -0.7
v 0.2 1 -0.7
v -4.1 1 -0.8
v -3.3 1 -0.8
v -3.2 1 -0.8
v -1.9 1 -0.8
v -1.8 1 -0.8
v -0.4 1 -0.8
v -0.3 1 -0.8
v 0.0999999 1 -0.8
v -1.9 1 -0.9
v -1.8 1 -0.9
v -0.3 1 -0.9
v -4.2 1 -1
v -4.1 1 -1
v -3.3 1 -1
v -3.2 1 -1
v -1.9 1 -1
v -1.8 1 -1
v -0.4 1 -1
v -0.3 1 -1
v 0.0999999 1 -1
v 0.2 1 -1
v -4.1 1 -1.1
v 0.0999999 1 -1.1
v -4.2 1 -1.2
v -4.1 1 -1.2
v 0.0999999 1 -1.2
v 0.2 1 -1.2
v -4.2 1 -1.3
v -4.1 1 -1.3
v 0.0999999 1 -1.3
v 0.2 1 -1.3
v -4.1 1 -1.4
v 0.0999999 1 -1.4
v -4.1 1 -1.5
v 0.0999999 1 -1.5
v -4.2 1 -1.6
v -4.1 1 -1.6
v 0.0999999 1 -1.6
v 0.2 1 -1.6
v -4.2 1 -1.7
v -4.1 1 -1.7
v 0.0999999 1 -1.7
v 0.2 1 -1.7
v -4.2 1 -1.8
v -4.1 1 -1.8
v 0.0999999 1 -1.8
v 0.2 1 -1.8
v -4.2 1 -1.9
v -4.1 1 -1.9
v 0.0999999 1 -1.9
v 0.2 1 -1.9
v -4.2 1 -2.1
v -4.1 1 -2.1
v 0.0999999 1 -2.1
v 0.2 1 -2.1
v -4.2 1 -2.2
v -4.1 1 -2.2
v 0.0999999 1 -2.2
v 0.2 1 -2.2
v -4.1 1 -2.3
v 0.0999999 1 -2.3
v -4.2 1 -2.4
v -4.1 1 -2.4
v 0.0999999 1 -2.4
v 0.2 1 -2.4
v -4.2 1 -2.5
v -4.1 1 -2.5
v 0.0999999 1 -2.5
v 0.2 1 -2.5
v -4.2 1 -2.6
v -4.1 1 -2.6
v 0.0999999 1 -2.6
v 0.2 1 -2.6
v -4.2 1 -2.7
v -4.1 1 -2.7
v 0.0999999 1 -2.7
v 0.2 1 -2.7
v -4.2 1 -2.8
v -4.1 1 -2.8
v 0.0999999 1 -2.8
v 0.2 1 -2.8
v -4.1 1 -2.9
v 0.0999999 1 -2.9
v -4.2 1 -3
v -4.1 1 -3
v 0.0999999 1 -3
v 0.2 1 -3
v -4.2 1 -3.1
v -4.1 1 -3.1
v 0.0999999 1 -3.1
v 0.2 1 -3.1
v -4.2 1 -3.3
v -4.1 1 -3.3
v 0.0999999 1 -3.3
v 0.2 1 -3.3
v -4.2 1 -3.4
v -4.1 1 -3.4
v 0.0999999 1 -3.4
v 0.2 1 -3.4
v -4.1 1 -3.5
v 0.0999999 1 -3.5
v -4.2 1 -3.6
v -4.1 1 -3.6
v 0.0999999 1 -3.6
v 0.2 1 -3.6
v -4.2 1 -3.7
v -4.1 1 -3.7
v 0.0999999 1 -3.7
v 0.2 1 -3.7
v -4.2 1 -3.8
v -4.1 1 -3.8
v 0.0999999 1 -3.8
v 0.2 1 -3.8
v -4.2 1 -3.9
v -4.1 1 -3.9
v 0.0999999 1 -3.9
v 0.2 1 -3.9
v -4.2 1 -4
v -4.1 1 -4
v 0.0999999 1 -4
v 0.2 1 -4
v -4.1 1.1 -0.5
v -4 1.1 -0.5
v -3.9 1.1 -0.5
v -3.7 1.1 -0.5
v -3.6 1.1 -0.5
v -3.5 1.1 -0.5
v -3.4 1.1 -0.5
v -3.3 1.1 -0.5
v -3.2 1.1 -0.5
v -3.1 1.1 -0.5
v -3 1.1 -0.5
v -2.6 1.1 -0.5
v -2.4 1.1 -0.5
v -2.3 1.1 -0.5
v -2.1 1.1 -0.5
v -1.9 1.1 -0.5
v -1.8 1.1 -0.5
v -1.6 1.1 -0.5
v -1.3 1.1 -0.5
v -1.1 1.1 -0.5
v -1 1.1 -0.5
v -0.6 1.1 -0.5
v -0.4 1.1 -0.5
v -0.3 1.1 -0.5
v -0.2 1.1 -0.5
v 0.0999999 1.1 -0.5
v -4.1 1.1 -0.6
v -4 1.1 -0.6
v -3.8 1.1 -0.6
v -3.7 1.1 -0.6
v -3.6 1.1 -0.6
v -3.5 1.1 -0.6
v -3.2 1.1 -0.6
v -3.1 1.1 -0.6
v -3 1.1 -0.6
v -2.7 1.1 -0.6
v -2.6 1.1 -0.6
v -2.4 1.1 -0.6
v -2.3 1.1 -0.6
v -2.2 1.1 -0.6
v -2.1 1.1 -0.6
v -2 1.1 -0.6
v -1.7 1.1 -0.6
v -1.6 1.1 -0.6
v -1.5 1.1 -0.6
v -1.3 1.1 -0.6
v -1.1 1.1 -0.6
v -1 1.1 -0.6
v -0.9 1.1 -0.6
v -0.7 1.1 -0.6
v -0.6 1.1 -0.6
v -0.4 1.1 -0.6
v 0 1.1 -0.6
v 0.0999999 1.1 -0.6
v -4.1 1.1 -0.7
v -3.9 1.1 -0.7
v -3.8 1.1 -0.7
v -3.7 1.1 -0.7
v -3.5 1.1 -0.7
v -3.4 1.1 -0.7
v -3.2 1.1 -0.7
v -3.1 1.1 -0.7
v -2.6 1.1 -0.7
v -2.4 1.1 -0.7
v -2.3 1.1 -0.7
v -2.2 1.1 -0.7
v -2.1 1.1 -0.7
v -2 1.1 -0.7
v -1.5 1.1 -0.7
v -1.3 1.1 -0.7
v -1.1 1.1 -0.7
v -0.9 1.1 -0.7
v -0.7 1.1 -0.7
v -0.6 1.1 -0.7
v -0.4 1.1 -0.7
v -0.3 1.1 -0.7
v -0.2 1.1 -0.7
v 0 1.1 -0.7
v 0.0999999 1.1 -0.7
v -4.1 1.1 -0.8
v -3.9 1.1 -0.8
v -3.8 1.1 -0.8
v -3.7 1.1 -0.8
v -3.6 1.1 -0.8
v -3.5 1.1 -0.8
v -3.4 1.1 -0.8
v -3.3 1.1 -0.8
v -3.2 1.1 -0.8
v -3 1.1 -0.8
v -2.9 1.1 -0.8
v -2.8 1.1 -0.8
v -2.7 1.1 -0.8
v -2.4 1.1 -0.8
v -2.3 1.1 -0.8
v -2.2 1.1 -0.8
v -2.1 1.1 -0.8
v -1.9 1.1 -0.8
v -1.8 1.1 -0.8
v -1.7 1.1 -0.8
v -1.6 1.1 -0.8
v -1.5 1.1 -0.8
v -1.3 1.1 -0.8
v -1.2 1.1 -0.8
v -0.7 1.1 -0.8
v -0.6 1.1 -0.8
v -0.5 1.1 -0.8
v -0.4 1.1 -0.8
v -0.3 1.1 -0.8
v -0.2 1.1 -0.8
v 0 1.1 -0.8
v 0.0999999 1.1 -0.8
v -4.1 1.1 -0.9
v -4 1.1 -0.9
v -3.9 1.1 -0.9
v -3.8 1.1 -0.9
v -3.7 1.1 -0.9
v -3.6 1.1 -0.9
v -3.4 1.1 -0.9
v -3.3 1.1 -0.9
v -3.2 1.1 -0.9
v -3.1 1.1 -0.9
v -3 1.1 -0.9
v -2.9 1.1 -0.9
v -2.8 1.1 -0.9
v -2.7 1.1 -0.9
v -2.6 1.1 -0.9
v -2.5 1.1 -0.9
v -2.4 1.1 -0.9
v -2.3 1.1 -0.9
v -2.1 1.1 -0.9
v -2 1.1 -0.9
v -1.9 1.1 -0.9
v -1.8 1.1 -0.9
v -1.7 1.1 -0.9
v -1.6 1.1 -0.9
v -1.4 1.1 -0.9
v -1.2 1.1 -0.9
v -1.1 1.1 -0.9
v -1 1.1 -0.9
v -0.8 1.1 -0.9
v -0.6 1.1 -0.9
v -0.5 1.1 -0.9
v -0.4 1.1 -0.9
v -0.3 1.1 -0.9
v -0.2 1.1 -0.9
v -0.0999999 1.1 -0.9
v 0 1.1 -0.9
v 0.0999999 1.1 -0.9
v -3.7 1.1 -1
v -3.6 1.1 -1
v -2.4 1.1 -1
v -2.3 1.1 -1
v -1.2 1.1 -1
v -1.1 1.1 -1
v -4.1 1.5 -0.9
v -4 1.5 -0.9
v -3.9 1.5 -0.9
v -3.7 1.5 -0.9
v -3.6 1.5 -0.9
v -3.5 1.5 -0.9
v -3.4 1.5 -0.9
v -3.2 1.5 -0.9
v -3.1 1.5 -0.9
v -3 1.5 -0.9
v -2.8 1.5 -0.9
v -2.7 1.5 -0.9
v -2.6 1.5 -0.9
v -2.4 1.5 -0.9
v -2.3 1.5 -0.9
v -2.2 1.5 -0.9
v -2 1.5 -0.9
v -1.9 1.5 -0.9
v -1.8 1.5 -0.9
v -1.7 1.5 -0.9
v -1.6 1.5 -0.9
v -1.5 1.5 -0.9
v -1.4 1.5 -0.9
v -1.3 1.5 -0.9
v -1.2 1.5 -0.9
v -1.1 1.5 -0.9
v -1 1.5 -0.9
v -0.9 1.5 -0.9
v -0.6 1.5 -0.9
v -0.5 1.5 -0.9
v -0.4 1.5 -0.9
v -0.3 1.5 -0.9
v -0.0999999 1.5 -0.9
v 0 1.5 -0.9
v 0.0999999 1.5 -0.9
v -4.2 1.5 -1
v -4.1 1.5 -1
v -4 1.5 -1
v -3.9 1.5 -1
v -3.7 1.5 -1
v -3.6 1.5 -1
v -3.5 1.5 -1
v -3.4 1.5 -1
v -3.2 1.5 -1
v -3.1 1.5 -1
v -3 1.5 -1
v -2.8 1.5 -1
v -2.7 1.5 -1
v -2.6 1.5 -1
v -2.4 1.5 -1
v -2.3 1.5 -1
v -2.2 1.5 -1
v -2.1 1.5 -1
v -2 1.5 -1
v -1.9 1.5 -1
v -1.8 1.5 -1
v -1.7 1.5 -1
v -1.6 1.5 -1
v -1.5 1.5 -1
v -1.4 1.5 -1
v -1.3 1.5 -1
v -1.2 1.5 -1
v -1.1 1.5 -1
v -1 1.5 -1
v -0.9 1.5 -1
v -0.8 1.5 -1
v -0.6 1.5 -1
v -0.5 1.5 -1
v -0.4 1.5 -1
v -0.3 1.5 -1
v -0.2 1.5 -1
v -0.0999999 1.5 -1
v 0 1.5 -1
v 0.0999999 1.5 -1
v 0.2 1.5 -1
v -3.7 1.5 -1.1
v -2.4 1.5 -1.1
v -2.3 1.5 -1.1
v -4.2 1.5 -1.2
v -4.1 1.5 -1.2
v -3.7 1.5 -1.2
v -3.6 1.5 -1.2
v -1.2 1.5 -1.2
v -1.1 1.5 -1.2
v 0.0999999 1.5 -1.2
v 0.2 1.5 -1.2
v -4.2 1.5 -1.3
v -4.1 1.5 -1.3
v -3.7 1.5 -1.3
v -3.6 1.5 -1.3
v -2.4 1.5 -1.3
v -2.3 1.5 -1.3
v -1.2 1.5 -1.3
v -1.1 1.5 -1.3
v 0.0999999 1.5 -1.3
v 0.2 1.5 -1.3
v -4.1 1.5 -1.4
v -2.4 1.5 -1.4
v -2.3 1.5 -1.4
v -1.2 1.5 -1.4
v -1.1 1.5 -1.4
v 0.0999999 1.5 -1.4
v -4.2 1.5 -1.5
v -4.1 1.5 -1.5
v -3.7 1.5 -1.5
v -3.6 1.5 -1.5
v -2.4 1.5 -1.5
v -2.3 1.5 -1.5
v -1.2 1.5 -1.5
v -1.1 1.5 -1.5
v 0.0999999 1.5 -1.5
v 0.2 1.5 -1.5
v -4.2 1.5 -1.7
v -4.1 1.5 -1.7
v 0.0999999 1.5 -1.7
v 0.2 1.5 -1.7
v -4.2 1.5 -1.8
v -4.1 1.5 -1.8
v 0.0999999 1.5 -1.8
v 0.2 1.5 -1.8
v -4.2 1.5 -1.9
v -4.1 1.5 -1.9
v 0.0999999 1.5 -1.9
v 0.2 1.5 -1.9
v -4.2 1.5 -2
v -4.1 1.5 -2
v 0.0999999 1.5 -2
v 0.2 1.5 -2
v -4.2 1.5 -2.1
v -4.1 1.5 -2.1
v 0.0999999 1.5 -2.1
v 0.2 1.5 -2.1
v -4.2 1.5 -2.2
v -4.1 1.5 -2.2
v 0.0999999 1.5 -2.2
v 0.2 1.5 -2.2
v -4.2 1.5 -2.3
v -4.1 1.5 -2.3
v 0.0999999 1.5 -2.3
v 0.2 1.5 -2.3
v -4.1 1.5 -2.4
v 0.0999999 1.5 -2.4
v -4.2 1.5 -2.5
v -4.1 1.5 -2.5
v 0.0999999 1.5 -2.5
v 0.2 1.5 -2.5
v -4.2 1.5 -2.7
v -4.1 1.5 -2.7
v 0.0999999 1.5 -2.7
v 0.2 1.5 -2.7
v -4.2 1.5 -2.8
v -4.1 1.5 -2.8
v 0.0999999 1.5 -2.8
v 0.2 1.5 -2.8
v -4.2 1.5 -2.9
v -4.1 1.5 -2.9
v 0.0999999 1.5 -2.9
v 0.2 1.5 -2.9
v -4.1 1.5 -3
v 0.0999999 1.5 -3
v -4.2 1.5 -3.1
v -4.1 1.5 -3.1
v 0.0999999 1.5 -3.1
v 0.2 1.5 -3.1
v -4.2 1.5 -3.2
v -4.1 1.5 -3.2
v 0.0999999 1.5 -3.2
v 0.2 1.5 -3.2
v -4.1 1.5 -3.4
v 0.0999999 1.5 -3.4
v -4.2 1.5 -3.5
v -4.1 1.5 -3.5
v 0.0999999 1.5 -3.5
v 0.2 1.5 -3.5
v -4.2 1.5 -3.6
v -4.1 1.5 -3.6
v 0.0999999 1.5 -3.6
v 0.2 1.5 -3.6
v -4.2 1.5 -3.7
v -4.1 1.5 -3.7
v 0.0999999 1.5 -3.7
v 0.2 1.5 -3.7
v -4.2 1.5 -3.8
v -4.1 1.5 -3.8
v 0.0999999 1.5 -3.8
v 0.2 1.5 -3.8
v -4.2 1.5 -3.9
v -4.1 1.5 -3.9
v 0.0999999 1.5 -3.9
v 0.2 1.5 -3.9
v -4.2 1.5 -4
v -4.1 1.5 -4
v 0.0999999 1.5 -4
v 0.2 1.5 -4
v -4.1 1.6 -1
v -4 1.6 -1
v -3.7 1.6 -1
v -3.6 1.6 -1
v -3.5 1.6 -1
v -3.4 1.6 -1
v -3.1 1.6 -1
v -3 1.6 -1
v -2.7 1.6 -1
v -2.6 1.6 -1
v -2.4 1.6 -1
v -2.3 1.6 -1
v -2.1 1.6 -1
v -1.9 1.6 -1
v -1.8 1.6 -1
v -1.7 1.6 -1
v -1.4 1.6 -1
v -1.2 1.6 -1
v -1.1 1.6 -1
v -0.8 1.6 -1
v -0.5 1.6 -1
v -0.2 1.6 -1
v -0.0999999 1.6 -1
v 0.0999999 1.6 -1
v -4 1.6 -1.1
v -3.9 1.6 -1.1
v -3.8 1.6 -1.1
v -3.7 1.6 -1.1
v -3.2 1.6 -1.1
v -3.1 1.6 -1.1
v -2.6 1.6 -1.1
v -2.4 1.6 -1.1
v -2.3 1.6 -1.1
v -2.1 1.6 -1.1
v -1.9 1.6 -1.1
v -1.8 1.6 -1.1
v -1.7 1.6 -1.1
v -1.6 1.6 -1.1
v -1.4 1.6 -1.1
v -1.3 1.6 -1.1
v -1 1.6 -1.1
v -0.8 1.6 -1.1
v -0.7 1.6 -1.1
v -0.5 1.6 -1.1
v -0.2 1.6 -1.1
v -0.0999999 1.6 -1.1
v 0 1.6 -1.1
v -4.1 1.6 -1.2
v -4 1.6 -1.2
v -3.9 1.6 -1.2
v -3.8 1.6 -1.2
v -3.7 1.6 -1.2
v -3.6 1.6 -1.2
v -3.5 1.6 -1.2
v -3.4 1.6 -1.2
v -3.2 1.6 -1.2
v -3 1.6 -1.2
v -2.7 1.6 -1.2
v -2.1 1.6 -1.2
v -1.9 1.6 -1.2
v -1.8 1.6 -1.2
v -1.6 1.6 -1.2
v -1.4 1.6 -1.2
v -1.3 1.6 -1.2
v -1.2 1.6 -1.2
v -0.7 1.6 -1.2
v -0.5 1.6 -1.2
v -0.2 1.6 -1.2
v 0 1.6 -1.2
v 0.0999999 1.6 -1.2
v -4.1 1.6 -1.3
v -4 1.6 -1.3
v -3.9 1.6 -1.3
v -3.7 1.6 -1.3
v -3.6 1.6 -1.3
v -3.4 1.6 -1.3
v -3.1 1.6 -1.3
v -2.9 1.6 -1.3
v -2.6 1.6 -1.3
v -2.4 1.6 -1.3
v -2.3 1.6 -1.3
v -2.1 1.6 -1.3
v -1.9 1.6 -1.3
v -1.8 1.6 -1.3
v -1.3 1.6 -1.3
v -1.2 1.6 -1.3
v -1.1 1.6 -1.3
v -1 1.6 -1.3
v -0.8 1.6 -1.3
v -0.7 1.6 -1.3
v -0.5 1.6 -1.3
v -0.3 1.6 -1.3
v 0 1.6 -1.3
v 0.0999999 1.6 -1.3
v -4.1 1.6 -1.4
v -4 1.6 -1.4
v -3.9 1.6 -1.4
v -3.8 1.6 -1.4
v -3.7 1.6 -1.4
v -3.6 1.6 -1.4
v -3.5 1.6 -1.4
v -3.4 1.6 -1.4
v -3.3 1.6 -1.4
v -3.2 1.6 -1.4
v -3.1 1.6 -1.4
v -3 1.6 -1.4
v -2.9 1.6 -1.4
v -2.8 1.6 -1.4
v -2.7 1.6 -1.4
v -2.6 1.6 -1.4
v -2.5 1.6 -1.4
v -2.4 1.6 -1.4
v -2.3 1.6 -1.4
v -2.1 1.6 -1.4
v -2 1.6 -1.4
v -1.8 1.6 -1.4
v -1.7 1.6 -1.4
v -1.5 1.6 -1.4
v -1.4 1.6 -1.4
v -1.3 1.6 -1.4
v -1.2 1.6 -1.4
v -1.1 1.6 -1.4
v -0.9 1.6 -1.4
v -0.8 1.6 -1.4
v -0.6 1.6 -1.4
v -0.5 1.6 -1.4
v -0.4 1.6 -1.4
v -0.3 1.6 -1.4
v -0.2 1.6 -1.4
v -0.0999999 1.6 -1.4
v 0 1.6 -1.4
v 0.0999999 1.6 -1.4
v -3.1 1.6 -1.5
v -3 1.6 -1.5
v -1.8 1.6 -1.5
v -1.7 1.6 -1.5
v -0.6 1.6 -1.5
v -0.5 1.6 -1.5
v -4.1 2 -1.4
v -4 2 -1.4
v -3.7 2 -1.4
v -3.5 2 -1.4
v -3.4 2 -1.4
v -3.1 2 -1.4
v -3 2 -1.4
v -2.9 2 -1.4
v -2.7 2 -1.4
v -2.6 2 -1.4
v -2.5 2 -1.4
v -2.3 2 -1.4
v -2.1 2 -1.4
v -2 2 -1.4
v -1.9 2 -1.4
v -1.8 2 -1.4
v -1.7 2 -1.4
v -1.6 2 -1.4
v -1.4 2 -1.4
v -1.3 2 -1.4
v -1.2 2 -1.4
v -1.1 2 -1.4
v -0.9 2 -1.4
v -0.8 2 -1.4
v -0.7 2 -1.4
v -0.6 2 -1.4
v -0.5 2 -1.4
v -0.3 2 -1.4
v -0.2 2 -1.4
v 0 2 -1.4
v 0.0999999 2 -1.4
v -4.2 2 -1.5
v -4.1 2 -1.5
v -4 2 -1.5
v -3.8 2 -1.5
v -3.7 2 -1.5
v -3.6 2 -1.5
v -3.5 2 -1.5
v -3.4 2 -1.5
v -3.1 2 -1.5
v -3 2 -1.5
v -2.9 2 -1.5
v -2.8 2 -1.5
v -2.7 2 -1.5
v -2.6 2 -1.5
v -2.5 2 -1.5
v -2.4 2 -1.5
v -2.3 2 -1.5
v -2.1 2 -1.5
v -2 2 -1.5
v -1.9 2 -1.5
v -1.8 2 -1.5
v -1.7 2 -1.5
v -1.6 2 -1.5
v -1.5 2 -1.5
v -1.4 2 -1.5
v -1.3 2 -1.5
v -1.2 2 -1.5
v -1.1 2 -1.5
v -0.9 2 -1.5
v -0.8 2 -1.5
v -0.7 2 -1.5
v -0.6 2 -1.5
v -0.5 2 -1.5
v -0.4 2 -1.5
v -0.3 2 -1.5
v -0.2 2 -1.5
v 0 2 -1.5
v 0.0999999 2 -1.5
v 0.2 2 -1.5
v -3 2 -1.6
v -1.7 2 -1.6
v -4.2 2 -1.7
v -4.1 2 -1.7
v -1.8 2 -1.7
v -1.7 2 -1.7
v -0.6 2 -1.7
v -0.5 2 -1.7
v 0.0999999 2 -1.7
v 0.2 2 -1.7
v -4.2 2 -1.8
v -4.1 2 -1.8
v -3.1 2 -1.8
v -3 2 -1.8
v -1.8 2 -1.8
v -1.7 2 -1.8
v -0.6 2 -1.8
v -0.5 2 -1.8
v 0.0999999 2 -1.8
v 0.2 2 -1.8
v -4.2 2 -1.9
v -4.1 2 -1.9
v -3.1 2 -1.9
v -3 2 -1.9
v -1.8 2 -1.9
v -1.7 2 -1.9
v -0.6 2 -1.9
v 0.0999999 2 -1.9
v 0.2 2 -1.9
v -4.1 2 -2
v -3.1 2 -2
v -3 2 -2
v -1.8 2 -2
v -1.7 2 -2
v -0.6 2 -2
v -0.5 2 -2
v 0.0999999 2 -2
v -4.2 2 -2.1
v -4.1 2 -2.1
v 0.0999999 2 -2.1
v 0.2 2 -2.1
v -4.2 2 -2.2
v -4.1 2 -2.2
v 0.0999999 2 -2.2
v 0.2 2 -2.2
v -4.1 2 -2.3
v 0.0999999 2 -2.3
v -4.2 2 -2.4
v -4.1 2 -2.4
v 0.0999999 2 -2.4
v 0.2 2 -2.4
v -4.2 2 -2.5
v -4.1 2 -2.5
v 0.0999999 2 -2.5
v 0.2 2 -2.5
v -4.2 2 -2.6
v -4.1 2 -2.6
v 0.0999999 2 -2.6
v 0.2 2 -2.6
v -4.2 2 -2.7
v -4.1 2 -2.7
v 0.0999999 2 -2.7
v 0.2 2 -2.7
v -4.2 2 -2.9
v -4.1 2 -2.9
v 0.0999999 2 -2.9
v 0.2 2 -2.9
v -4.2 2 -3
v -4.1 2 -3
v 0.0999999 2 -3
v 0.2 2 -3
v -4.2 2 -3.1
v -4.1 2 -3.1
v 0.0999999 2 -3.1
v 0.2 2 -3.1
v -4.2 2 -3.2
v -4.1 2 -3.2
v 0.0999999 2 -3.2
v 0.2 2 -3.2
v -4.2 2 -3.3
v -4.1 2 -3.3
v 0.0999999 2 -3.3
v 0.2 2 -3.3
v -4.2 2 -3.4
v -4.1 2 -3.4
v 0.0999999 2 -3.4
v 0.2 2 -3.4
v -4.1 2 -3.5
v 0.0999999 2 -3.5
v -4.1 2 -3.6
v 0.0999999 2 -3.6
v -4.2 2 -3.7
v -4.1 2 -3.7
v 0.0999999 2 -3.7
v 0.2 2 -3.7
v -4.2 2 -3.9
v -4.1 2 -3.9
v 0.0999999 2 -3.9
v 0.2 2 -3.9
v -4.2 2 -4
v -4.1 2 -4
v 0.0999999 2 -4
v 0.2 2 -4
v -4.1 2.1 -1.5
v -4 2.1 -1.5
v -3.8 2.1 -1.5
v -3.6 2.1 -1.5
v -3.5 2.1 -1.5
v -3.4 2.1 -1.5
v -3.1 2.1 -1.5
v -3 2.1 -1.5
v -2.8 2.1 -1.5
v -2.6 2.1 -1.5
v -2.4 2.1 -1.5
v -2.3 2.1 -1.5
v -2 2.1 -1.5
v -1.8 2.1 -1.5
v -1.7 2.1 -1.5
v -1.5 2.1 -1.5
v -1.3 2.1 -1.5
v -1.2 2.1 -1.5
v -1.1 2.1 -1.5
v -0.8 2.1 -1.5
v -0.6 2.1 -1.5
v -0.5 2.1 -1.5
v -0.4 2.1 -1.5
v -0.3 2.1 -1.5
v -0.2 2.1 -1.5
v 0 2.1 -1.5
v 0.0999999 2.1 -1.5
v -3.9 2.1 -1.6
v -3.8 2.1 -1.6
v -3.6 2.1 -1.6
v -3.5 2.1 -1.6
v -3.3 2.1 -1.6
v -3.2 2.1 -1.6
v -3 2.1 -1.6
v -2.8 2.1 -1.6
v -2.6 2.1 -1.6
v -2.4 2.1 -1.6
v -2.3 2.1 -1.6
v -2.2 2.1 -1.6
v -2.1 2.1 -1.6
v -2 2.1 -1.6
v -1.9 2.1 -1.6
v -1.7 2.1 -1.6
v -1.5 2.1 -1.6
v -1.3 2.1 -1.6
v -1.2 2.1 -1.6
v -1.1 2.1 -1.6
v -1 2.1 -1.6
v -0.9 2.1 -1.6
v -0.8 2.1 -1.6
v -0.7 2.1 -1.6
v -0.4 2.1 -1.6
v -0.3 2.1 -1.6
v -0.0999999 2.1 -1.6
v 0 2.1 -1.6
v -2.8 2.1 -1.7
v -2.6 2.1 -1.7
v -2.4 2.1 -1.7
v -2.2 2.1 -1.7
v -2.1 2.1 -1.7
v -2 2.1 -1.7
v -1.9 2.1 -1.7
v -1.8 2.1 -1.7
v -1.5 2.1 -1.7
v -1.3 2.1 -1.7
v -1.2 2.1 -1.7
v -1 2.1 -1.7
v -0.9 2.1 -1.7
v -0.8 2.1 -1.7
v -0.7 2.1 -1.7
v -0.6 2.1 -1.7
v -0.4 2.1 -1.7
v -0.3 2.1 -1.7
v -0.2 2.1 -1.7
v -0.0999999 2.1 -1.7
v -4 2.1 -1.8
v -3.9 2.1 -1.8
v -3.8 2.1 -1.8
v -3.7 2.1 -1.8
v -3.4 2.1 -1.8
v -3.3 2.1 -1.8
v -3.2 2.1 -1.8
v -3.1 2.1 -1.8
v -3 2.1 -1.8
v -2.8 2.1 -1.8
v -2.6 2.1 -1.8
v -2.5 2.1 -1.8
v -2.1 2.1 -1.8
v -2 2.1 -1.8
v -1.9 2.1 -1.8
v -1.8 2.1 -1.8
v -1.7 2.1 -1.8
v -1.5 2.1 -1.8
v -1.3 2.1 -1.8
v -1.2 2.1 -1.8
v -0.9 2.1 -1.8
v -0.8 2.1 -1.8
v -0.7 2.1 -1.8
v -0.6 2.1 -1.8
v -0.5 2.1 -1.8
v -0.4 2.1 -1.8
v -0.3 2.1 -1.8
v -0.2 2.1 -1.8
v -0.0999999 2.1 -1.8
v 0 2.1 -1.8
v -4.1 2.1 -1.9
v -4 2.1 -1.9
v -3.8 2.1 -1.9
v -3.7 2.1 -1.9
v -3.6 2.1 -1.9
v -3.5 2.1 -1.9
v -3.4 2.1 -1.9
v -3.2 2.1 -1.9
v -3.1 2.1 -1.9
v -3 2.1 -1.9
v -2.9 2.1 -1.9
v -2.8 2.1 -1.9
v -2.7 2.1 -1.9
v -2.6 2.1 -1.9
v -2.5 2.1 -1.9
v -2.4 2.1 -1.9
v -2.3 2.1 -1.9
v -2.2 2.1 -1.9
v -2.1 2.1 -1.9
v -2 2.1 -1.9
v -1.9 2.1 -1.9
v -1.8 2.1 -1.9
v -1.7 2.1 -1.9
v -1.6 2.1 -1.9
v -1.5 2.1 -1.9
v -1.3 2.1 -1.9
v -1.2 2.1 -1.9
v -1.1 2.1 -1.9
v -1 2.1 -1.9
v -0.9 2.1 -1.9
v -0.8 2.1 -1.9
v -0.7 2.1 -1.9
v -0.6 2.1 -1.9
v -0.5 2.1 -1.9
v -0.4 2.1 -1.9
v -0.3 2.1 -1.9
v -0.2 2.1 -1.9
v -0.0999999 2.1 -1.9
v 0 2.1 -1.9
v 0.0999999 2.1 -1.9
v -3.5 2.1 -2
v -3.4 2.1 -2
v -1 2.1 -2
v -0.9 2.1 -2
v -4.1 2.5 -1.9
v -3.8 2.5 -1.9
v -3.6 2.5 -1.9
v -3.5 2.5 -1.9
v -3.4 2.5 -1.9
v -3 2.5 -1.9
v -2.7 2.5 -1.9
v -2.6 2.5 -1.9
v -2.3 2.5 -1.9
v -1.9 2.5 -1.9
v -1.8 2.5 -1.9
v -1.7 2.5 -1.9
v -1.6 2.5 -1.9
v -1.2 2.5 -1.9
v -1 2.5 -1.9
v -0.9 2.5 -1.9
v -0.8 2.5 -1.9
v -0.6 2.5 -1.9
v -0.5 2.5 -1.9
v -0.4 2.5 -1.9
v -0.0999999 2.5 -1.9
v 0 2.5 -1.9
v 0.0999999 2.5 -1.9
v -4.2 2.5 -2
v -4.1 2.5 -2
v -4 2.5 -2
v -3.9 2.5 -2
v -3.8 2.5 -2
v -3.6 2.5 -2
v -3.5 2.5 -2
v -3.4 2.5 -2
v -3.2 2.5 -2
v -3 2.5 -2
v -2.9 2.5 -2
v -2.7 2.5 -2
v -2.6 2.5 -2
v -2.3 2.5 -2
v -2.2 2.5 -2
v -2.1 2.5 -2
v -1.9 2.5 -2
v -1.8 2.5 -2
v -1.7 2.5 -2
v -1.6 2.5 -2
v -1.4 2.5 -2
v -1.3 2.5 -2
v -1.2 2.5 -2
v -1 2.5 -2
v -0.9 2.5 -2
v -0.8 2.5 -2
v -0.6 2.5 -2
v -0.5 2.5 -2
v -0.4 2.5 -2
v -0.3 2.5 -2
v -0.2 2.5 -2
v -0.0999999 2.5 -2
v 0 2.5 -2
v 0.0999999 2.5 -2
v 0.2 2.5 -2
v -4.2 2.5 -2.1
v -4.1 2.5 -2.1
v -3.5 2.5 -2.1
v -3.4 2.5 -2.1
v -1 2.5 -2.1
v -0.9 2.5 -2.1
v 0.0999999 2.5 -2.1
v 0.2 2.5 -2.1
v -4.2 2.5 -2.2
v -4.1 2.5 -2.2
v -3.5 2.5 -2.2
v -3.4 2.5 -2.2
v -0.9 2.5 -2.2
v 0.0999999 2.5 -2.2
v 0.2 2.5 -2.2
v -4.2 2.5 -2.3
v -4.1 2.5 -2.3
v -3.5 2.5 -2.3
v -3.4 2.5 -2.3
v -1 2.5 -2.3
v -0.9 2.5 -2.3
v 0.0999999 2.5 -2.3
v 0.2 2.5 -2.3
v -4.2 2.5 -2.4
v -4.1 2.5 -2.4
v -1 2.5 -2.4
v -0.9 2.5 -2.4
v 0.0999999 2.5 -2.4
v 0.2 2.5 -2.4
v -4.2 2.5 -2.5
v -4.1 2.5 -2.5
v -3.5 2.5 -2.5
v -3.4 2.5 -2.5
v -1 2.5 -2.5
v -0.9 2.5 -2.5
v 0.0999999 2.5 -2.5
v 0.2 2.5 -2.5
v -4.2 2.5 -2.6
v -4.1 2.5 -2.6
v 0.0999999 2.5 -2.6
v 0.2 2.5 -2.6
v -4.2 2.5 -2.7
v -4.1 2.5 -2.7
v 0.0999999 2.5 -2.7
v 0.2 2.5 -2.7
v -4.2 2.5 -2.8
v -4.1 2.5 -2.8
v 0.0999999 2.5 -2.8
v 0.2 2.5 -2.8
v -4.2 2.5 -2.9
v -4.1 2.5 -2.9
v 0.0999999 2.5 -2.9
v 0.2 2.5 -2.9
v -4.2 2.5 -3
v -4.1 2.5 -3
v 0.0999999 2.5 -3
v 0.2 2.5 -3
v -4.2 2.5 -3.1
v -4.1 2.5 -3.1
v 0.0999999 2.5 -3.1
v 0.2 2.5 -3.1
v -4.1 2.5 -3.2
v 0.0999999 2.5 -3.2
v -4.2 2.5 -3.3
v -4.1 2.5 -3.3
v 0.0999999 2.5 -3.3
v 0.2 2.5 -3.3
v -4.2 2.5 -3.4
v -4.1 2.5 -3.4
v 0.0999999 2.5 -3.4
v 0.2 2.5 -3.4
v -4.1 2.5 -3.6
v 0.0999999 2.5 -3.6
v -4.2 2.5 -3.7
v -4.1 2.5 -3.7
v 0.0999999 2.5 -3.7
v 0.2 2.5 -3.7
v -4.2 2.5 -3.8
v -4.1 2.5 -3.8
v 0.0999999 2.5 -3.8
v 0.2 2.5 -3.8
v -4.2 2.5 -3.9
v -4.1 2.5 -3.9
v 0.0999999 2.5 -3.9
v 0.2 2.5 -3.9
v -4.2 2.5 -4
v -4.1 2.5 -4
v 0.0999999 2.5 -4
v 0.2 2.5 -4
v -4.1 2.6 -2
v -4 2.6 -2
v -3.9 2.6 -2
v -3.5 2.6 -2
v -3.4 2.6 -2
v -3.2 2.6 -2
v -2.9 2.6 -2
v -2.7 2.6 -2
v -2.6 2.6 -2
v -2.2 2.6 -2
v -2.1 2.6 -2
v -1.7 2.6 -2
v -1.6 2.6 -2
v -1.4 2.6 -2
v -1.3 2.6 -2
v -1 2.6 -2
v -0.9 2.6 -2
v -0.6 2.6 -2
v -0.3 2.6 -2
v -0.2 2.6 -2
v 0 2.6 -2
v 0.0999999 2.6 -2
v -4.1 2.6 -2.1
v -4 2.6 -2.1
v -3.9 2.6 -2.1
v -3.8 2.6 -2.1
v -3.2 2.6 -2.1
v -3.1 2.6 -2.1
v -2.3 2.6 -2.1
v -2.2 2.6 -2.1
v -1.8 2.6 -2.1
v -1.7 2.6 -2.1
v -1.6 2.6 -2.1
v -1.4 2.6 -2.1
v -0.9 2.6 -2.1
v -0.8 2.6 -2.1
v -0.7 2.6 -2.1
v -0.6 2.6 -2.1
v -0.2 2.6 -2.1
v -0.0999999 2.6 -2.1
v 0 2.6 -2.1
v 0.0999999 2.6 -2.1
v -3.8 2.6 -2.2
v -3.5 2.6 -2.2
v -3.4 2.6 -2.2
v -3.2 2.6 -2.2
v -2.7 2.6 -2.2
v -2.6 2.6 -2.2
v -2.3 2.6 -2.2
v -2.1 2.6 -2.2
v -1.9 2.6 -2.2
v -1.8 2.6 -2.2
v -1.7 2.6 -2.2
v -1.4 2.6 -2.2
v -1.3 2.6 -2.2
v -1.2 2.6 -2.2
v -0.9 2.6 -2.2
v -0.8 2.6 -2.2
v -0.6 2.6 -2.2
v -0.5 2.6 -2.2
v -0.0999999 2.6 -2.2
v 0 2.6 -2.2
v -4.1 2.6 -2.3
v -4 2.6 -2.3
v -3.9 2.6 -2.3
v -3.8 2.6 -2.3
v -3.7 2.6 -2.3
v -3.5 2.6 -2.3
v -3.4 2.6 -2.3
v -3.2 2.6 -2.3
v -3 2.6 -2.3
v -2.9 2.6 -2.3
v -2.7 2.6 -2.3
v -2.6 2.6 -2.3
v -2.2 2.6 -2.3
v -2.1 2.6 -2.3
v -1.3 2.6 -2.3
v -1.2 2.6 -2.3
v -1 2.6 -2.3
v -0.9 2.6 -2.3
v -0.8 2.6 -2.3
v -0.7 2.6 -2.3
v -0.5 2.6 -2.3
v -0.3 2.6 -2.3
v -0.2 2.6 -2.3
v -0.0999999 2.6 -2.3
v 0 2.6 -2.3
v 0.0999999 2.6 -2.3
v -4.1 2.6 -2.4
v -4 2.6 -2.4
v -3.8 2.6 -2.4
v -3.7 2.6 -2.4
v -3.6 2.6 -2.4
v -3.5 2.6 -2.4
v -3.4 2.6 -2.4
v -3.3 2.6 -2.4
v -3.2 2.6 -2.4
v -3.1 2.6 -2.4
v -3 2.6 -2.4
v -2.9 2.6 -2.4
v -2.8 2.6 -2.4
v -2.7 2.6 -2.4
v -2.6 2.6 -2.4
v -2.4 2.6 -2.4
v -2.3 2.6 -2.4
v -2.2 2.6 -2.4
v -1.9 2.6 -2.4
v -1.8 2.6 -2.4
v -1.5 2.6 -2.4
v -1.4 2.6 -2.4
v -1.3 2.6 -2.4
v -1.2 2.6 -2.4
v -1.1 2.6 -2.4
v -1 2.6 -2.4
v -0.9 2.6 -2.4
v -0.8 2.6 -2.4
v -0.7 2.6 -2.4
v -0.4 2.6 -2.4
v -0.3 2.6 -2.4
v -0.2 2.6 -2.4
v -0.0999999 2.6 -2.4
v 0 2.6 -2.4
v 0.0999999 2.6 -2.4
v -2.9 2.6 -2.5
v -2.8 2.6 -2.5
v -1.4 2.6 -2.5
v -1.3 2.6 -2.5
v -0.4 2.6 -2.5
v -0.3 2.6 -2.5
v -4.1 3 -2.4
v -3.9 3 -2.4
v -3.6 3 -2.4
v -3.5 3 -2.4
v -3.4 3 -2.4
v -3.3 3 -2.4
v -3 3 -2.4
v -2.9 3 -2.4
v -2.8 3 -2.4
v -2.7 3 -2.4
v -2.6 3 -2.4
v -2.5 3 -2.4
v -2.4 3 -2.4
v -2.2 3 -2.4
v -2 3 -2.4
v -1.9 3 -2.4
v -1.6 3 -2.4
v -1.5 3 -2.4
v -1.4 3 -2.4
v -1.3 3 -2.4
v -1.2 3 -2.4
v -1.1 3 -2.4
v -0.9 3 -2.4
v -0.8 3 -2.4
v -0.7 3 -2.4
v -0.5 3 -2.4
v -0.4 3 -2.4
v -0.3 3 -2.4
v 0.0999999 3 -2.4
v -4.2 3 -2.5
v -4.1 3 -2.5
v -3.9 3 -2.5
v -3.7 3 -2.5
v -3.6 3 -2.5
v -3.5 3 -2.5
v -3.4 3 -2.5
v -3.3 3 -2.5
v -3.2 3 -2.5
v -3.1 3 -2.5
v -3 3 -2.5
v -2.9 3 -2.5
v -2.8 3 -2.5
v -2.7 3 -2.5
v -2.6 3 -2.5
v -2.5 3 -2.5
v -2.4 3 -2.5
v -2.3 3 -2.5
v -2.2 3 -2.5
v -2.1 3 -2.5
v -2 3 -2.5
v -1.9 3 -2.5
v -1.6 3 -2.5
v -1.5 3 -2.5
v -1.4 3 -2.5
v -1.3 3 -2.5
v -1.2 3 -2.5
v -1.1 3 -2.5
v -1 3 -2.5
v -0.9 3 -2.5
v -0.8 3 -2.5
v -0.7 3 -2.5
v -0.5 3 -2.5
v -0.4 3 -2.5
v -0.3 3 -2.5
v -0.0999999 3 -2.5
v 0.0999999 3 -2.5
v 0.2 3 -2.5
v -4.1 3 -2.6
v -2.8 3 -2.6
v -1.3 3 -2.6
v -0.3 3 -2.6
v 0.0999999 3 -2.6
v -4.1 3 -2.7
v -2.9 3 -2.7
v -2.8 3 -2.7
v -1.4 3 -2.7
v -1.3 3 -2.7
v -0.4 3 -2.7
v -0.3 3 -2.7
v 0.0999999 3 -2.7
v -4.2 3 -2.8
v -4.1 3 -2.8
v -2.9 3 -2.8
v -2.8 3 -2.8
v -1.4 3 -2.8
v -1.3 3 -2.8
v -0.4 3 -2.8
v -0.3 3 -2.8
v 0.0999999 3 -2.8
v 0.2 3 -2.8
v -2.9 3 -2.9
v -2.8 3 -2.9
v -1.4 3 -2.9
v -1.3 3 -2.9
v -0.4 3 -2.9
v -0.3 3 -2.9
v -4.2 3 -3
v -4.1 3 -3
v -2.9 3 -3
v -2.8 3 -3
v -1.4 3 -3
v -1.3 3 -3
v -0.4 3 -3
v -0.3 3 -3
v 0.0999999 3 -3
v 0.2 3 -3
v -4.2 3 -3.1
v -4.1 3 -3.1
v 0.0999999 3 -3.1
v 0.2 3 -3.1
v -4.1 3 -3.2
v 0.0999999 3 -3.2
v -4.2 3 -3.3
v -4.1 3 -3.3
v 0.0999999 3 -3.3
v 0.2 3 -3.3
v -4.2 3 -3.4
v -4.1 3 -3.4
v 0.0999999 3 -3.4
v 0.2 3 -3.4
v -4.1 3 -3.5
v 0.0999999 3 -3.5
v -4.2 3 -3.6
v -4.1 3 -3.6
v 0.0999999 3 -3.6
v 0.2 3 -3.6
v -4.2 3 -3.7
v -4.1 3 -3.7
v 0.0999999 3 -3.7
v 0.2 3 -3.7
v -4.2 3 -3.8
v -4.1 3 -3.8
v 0.0999999 3 -3.8
v 0.2 3 -3.8
v -4.1 3 -3.9
v 0.0999999 3 -3.9
v -4.2 3 -4
v -4.1 3 -4
v 0.0999999 3 -4
v 0.2 3 -4
v -4.1 3.1 -2.5
v -3.9 3.1 -2.5
v -3.7 3.1 -2.5
v -3.5 3.1 -2.5
v -3.4 3.1 -2.5
v -3.2 3.1 -2.5
v -3.1 3.1 -2.5
v -2.9 3.1 -2.5
v -2.8 3.1 -2.5
v -2.7 3.1 -2.5
v -2.5 3.1 -2.5
v -2.4 3.1 -2.5
v -2.3 3.1 -2.5
v -2.1 3.1 -2.5
v -2 3.1 -2.5
v -1.5 3.1 -2.5
v -1.4 3.1 -2.5
v -1.3 3.1 -2.5
v -1.2 3.1 -2.5
v -1.1 3.1 -2.5
v -1 3.1 -2.5
v -0.9 3.1 -2.5
v -0.4 3.1 -2.5
v -0.3 3.1 -2.5
v -0.0999999 3.1 -2.5
v 0.0999999 3.1 -2.5
v -4.1 3.1 -2.6
v -3.9 3.1 -2.6
v -3.7 3.1 -2.6
v -3.6 3.1 -2.6
v -3.5 3.1 -2.6
v -3.4 3.1 -2.6
v -3.2 3.1 -2.6
v -3.1 3.1 -2.6
v -3 3.1 -2.6
v -2.8 3.1 -2.6
v -2.7 3.1 -2.6
v -2.6 3.1 -2.6
v -2.5 3.1 -2.6
v -2.4 3.1 -2.6
v -2.3 3.1 -2.6
v -2.1 3.1 -2.6
v -2 3.1 -2.6
v -1.9 3.1 -2.6
v -1.8 3.1 -2.6
v -1.7 3.1 -2.6
v -1.5 3.1 -2.6
v -1.3 3.1 -2.6
v -1.2 3.1 -2.6
v -1 3.1 -2.6
v -0.9 3.1 -2.6
v -0.8 3.1 -2.6
v -0.7 3.1 -2.6
v -0.5 3.1 -2.6
v -0.3 3.1 -2.6
v -0.2 3.1 -2.6
v 0 3.1 -2.6
v 0.0999999 3.1 -2.6
v -4.1 3.1 -2.7
v -3.7 3.1 -2.7
v -3.5 3.1 -2.7
v -3.4 3.1 -2.7
v -3.3 3.1 -2.7
v -3.2 3.1 -2.7
v -3 3.1 -2.7
v -2.9 3.1 -2.7
v -2.8 3.1 -2.7
v -2.6 3.1 -2.7
v -2.3 3.1 -2.7
v -2.2 3.1 -2.7
v -1.9 3.1 -2.7
v -1.8 3.1 -2.7
v -1.7 3.1 -2.7
v -1.6 3.1 -2.7
v -1.3 3.1 -2.7
v -1.1 3.1 -2.7
v -1 3.1 -2.7
v -0.9 3.1 -2.7
v -0.8 3.1 -2.7
v -0.7 3.1 -2.7
v -0.5 3.1 -2.7
v -0.4 3.1 -2.7
v -0.3 3.1 -2.7
v -0.2 3.1 -2.7
v -0.0999999 3.1 -2.7
v 0 3.1 -2.7
v 0.0999999 3.1 -2.7
v -4.1 3.1 -2.8
v -4 3.1 -2.8
v -3.4 3.1 -2.8
v -3.3 3.1 -2.8
v -3.1 3.1 -2.8
v -2.8 3.1 -2.8
v -2.6 3.1 -2.8
v -2.3 3.1 -2.8
v -2.2 3.1 -2.8
v -2 3.1 -2.8
v -1.9 3.1 -2.8
v -1.8 3.1 -2.8
v -1.7 3.1 -2.8
v -1.6 3.1 -2.8
v -1.5 3.1 -2.8
v -1.4 3.1 -2.8
v -0.9 3.1 -2.8
v -0.8 3.1 -2.8
v -0.7 3.1 -2.8
v -0.5 3.1 -2.8
v -0.4 3.1 -2.8
v -0.3 3.1 -2.8
v -0.2 3.1 -2.8
v -0.0999999 3.1 -2.8
v 0 3.1 -2.8
v 0.0999999 3.1 -2.8
v -4.1 3.1 -2.9
v -4 3.1 -2.9
v -3.8 3.1 -2.9
v -3.7 3.1 -2.9
v -3.6 3.1 -2.9
v -3.5 3.1 -2.9
v -3.1 3.1 -2.9
v -3 3.1 -2.9
v -2.9 3.1 -2.9
v -2.8 3.1 -2.9
v -2.7 3.1 -2.9
v -2.6 3.1 -2.9
v -2.3 3.1 -2.9
v -2.2 3.1 -2.9
v -2.1 3.1 -2.9
v -2 3.1 -2.9
v -1.9 3.1 -2.9
v -1.8 3.1 -2.9
v -1.7 3.1 -2.9
v -1.6 3.1 -2.9
v -1.5 3.1 -2.9
v -1.4 3.1 -2.9
v -1.3 3.1 -2.9
v -1.2 3.1 -2.9
v -1.1 3.1 -2.9
v -1 3.1 -2.9
v -0.9 3.1 -2.9
v -0.8 3.1 -2.9
v -0.7 3.1 -2.9
v -0.6 3.1 -2.9
v -0.5 3.1 -2.9
v -0.4 3.1 -2.9
v -0.3 3.1 -2.9
v -0.2 3.1 -2.9
v -0.0999999 3.1 -2.9
v 0 3.1 -2.9
v 0.0999999 3.1 -2.9
v -3.6 3.1 -3
v -3.5 3.1 -3
v -2.2 3.1 -3
v -2.1 3.1 -3
v -0.9 3.1 -3
v -0.8 3.1 -3
v -4.1 3.5 -2.9
v -4 3.5 -2.9
v -3.7 3.5 -2.9
v -3.6 3.5 -2.9
v -3.5 3.5 -2.9
v -3.3 3.5 -2.9
v -3 3.5 -2.9
v -2.9 3.5 -2.9
v -2.8 3.5 -2.9
v -2.6 3.5 -2.9
v -2.5 3.5 -2.9
v -2.4 3.5 -2.9
v -2.3 3.5 -2.9
v -2.2 3.5 -2.9
v -2.1 3.5 -2.9
v -1.9 3.5 -2.9
v -1.8 3.5 -2.9
v -1.7 3.5 -2.9
v -1.6 3.5 -2.9
v -1.3 3.5 -2.9
v -1.2 3.5 -2.9
v -0.9 3.5 -2.9
v -0.8 3.5 -2.9
v -0.5 3.5 -2.9
v -0.4 3.5 -2.9
v -0.3 3.5 -2.9
v -0.0999999 3.5 -2.9
v 0 3.5 -2.9
v 0.0999999 3.5 -2.9
v -4.2 3.5 -3
v -4.1 3.5 -3
v -4 3.5 -3
v -3.9 3.5 -3
v -3.8 3.5 -3
v -3.7 3.5 -3
v -3.6 3.5 -3
v -3.5 3.5 -3
v -3.3 3.5 -3
v -3 3.5 -3
v -2.9 3.5 -3
v -2.8 3.5 -3
v -2.7 3.5 -3
v -2.6 3.5 -3
v -2.5 3.5 -3
v -2.4 3.5 -3
v -2.3 3.5 -3
v -2.2 3.5 -3
v -2.1 3.5 -3
v -1.9 3.5 -3
v -1.8 3.5 -3
v -1.7 3.5 -3
v -1.6 3.5 -3
v -1.4 3.5 -3
v -1.3 3.5 -3
v -1.2 3.5 -3
v -0.9 3.5 -3
v -0.8 3.5 -3
v -0.6 3.5 -3
v -0.5 3.5 -3
v -0.4 3.5 -3
v -0.3 3.5 -3
v -0.0999999 3.5 -3
v 0 3.5 -3
v 0.0999999 3.5 -3
v 0.2 3.5 -3
v -4.2 3.5 -3.1
v -4.1 3.5 -3.1
v -3.6 3.5 -3.1
v -3.5 3.5 -3.1
v -2.2 3.5 -3.1
v -2.1 3.5 -3.1
v -0.9 3.5 -3.1
v -0.8 3.5 -3.1
v 0.0999999 3.5 -3.1
v 0.2 3.5 -3.1
v -4.1 3.5 -3.2
v -2.2 3.5 -3.2
v -0.9 3.5 -3.2
v -0.8 3.5 -3.2
v 0.0999999 3.5 -3.2
v -4.1 3.5 -3.3
v -3.6 3.5 -3.3
v -3.5 3.5 -3.3
v -2.2 3.5 -3.3
v -2.1 3.5 -3.3
v -0.9 3.5 -3.3
v -0.8 3.5 -3.3
v 0.0999999 3.5 -3.3
v -4.2 3.5 -3.4
v -4.1 3.5 -3.4
v -3.6 3.5 -3.4
v -3.5 3.5 -3.4
v -2.2 3.5 -3.4
v -2.1 3.5 -3.4
v -0.9 3.5 -3.4
v -0.8 3.5 -3.4
v 0.0999999 3.5 -3.4
v 0.2 3.5 -3.4
v -4.2 3.5 -3.5
v -4.1 3.5 -3.5
v -3.6 3.5 -3.5
v -3.5 3.5 -3.5
v -2.2 3.5 -3.5
v -2.1 3.5 -3.5
v -0.9 3.5 -3.5
v -0.8 3.5 -3.5
v 0.0999999 3.5 -3.5
v 0.2 3.5 -3.5
v -4.2 3.5 -3.6
v -4.1 3.5 -3.6
v 0.0999999 3.5 -3.6
v 0.2 3.5 -3.6
v -4.1 3.5 -3.7
v 0.0999999 3.5 -3.7
v -4.2 3.5 -3.8
v -4.1 3.5 -3.8
v 0.0999999 3.5 -3.8
v 0.2 3.5 -3.8
v -4.2 3.5 -3.9
v -4.1 3.5 -3.9
v 0.0999999 3.5 -3.9
v 0.2 3.5 -3.9
v -4.2 3.5 -4
v -4.1 3.5 -4
v 0.0999999 3.5 -4
v 0.2 3.5 -4
v -4.1 3.6 -3
v -4 3.6 -3
v -3.9 3.6 -3
v -3.8 3.6 -3
v -3.6 3.6 -3
v -3.5 3.6 -3
v -2.8 3.6 -3
v -2.7 3.6 -3
v -2.5 3.6 -3
v -2.4 3.6 -3
v -2.3 3.6 -3
v -2.2 3.6 -3
v -2.1 3.6 -3
v -1.4 3.6 -3
v -1.3 3.6 -3
v -0.9 3.6 -3
v -0.8 3.6 -3
v -0.6 3.6 -3
v -0.5 3.6 -3
v -0.4 3.6 -3
v -0.3 3.6 -3
v -0.0999999 3.6 -3
v 0.0999999 3.6 -3
v -4.1 3.6 -3.1
v -4 3.6 -3.1
v -3.9 3.6 -3.1
v -3.8 3.6 -3.1
v -3.7 3.6 -3.1
v -3.6 3.6 -3.1
v -3.4 3.6 -3.1
v -3.3 3.6 -3.1
v -3 3.6 -3.1
v -2.9 3.6 -3.1
v -2.8 3.6 -3.1
v -2.7 3.6 -3.1
v -2.6 3.6 -3.1
v -2.5 3.6 -3.1
v -2.4 3.6 -3.1
v -2.3 3.6 -3.1
v -2.2 3.6 -3.1
v -1.9 3.6 -3.1
v -1.8 3.6 -3.1
v -1.7 3.6 -3.1
v -1.6 3.6 -3.1
v -1.4 3.6 -3.1
v -1.3 3.6 -3.1
v -1.2 3.6 -3.1
v -1.1 3.6 -3.1
v -0.8 3.6 -3.1
v -0.7 3.6 -3.1
v -0.0999999 3.6 -3.1
v 0.0999999 3.6 -3.1
v -4.1 3.6 -3.2
v -4 3.6 -3.2
v -3.9 3.6 -3.2
v -3.8 3.6 -3.2
v -3.7 3.6 -3.2
v -3.1 3.6 -3.2
v -3 3.6 -3.2
v -2.6 3.6 -3.2
v -2.5 3.6 -3.2
v -2.3 3.6 -3.2
v -2.2 3.6 -3.2
v -1.7 3.6 -3.2
v -1.6 3.6 -3.2
v -1.1 3.6 -3.2
v -0.9 3.6 -3.2
v -0.6 3.6 -3.2
v -0.5 3.6 -3.2
v -0.4 3.6 -3.2
v 0 3.6 -3.2
v 0.0999999 3.6 -3.2
v -4.1 3.6 -3.3
v -4 3.6 -3.3
v -3.9 3.6 -3.3
v -3.8 3.6 -3.3
v -3.7 3.6 -3.3
v -3.6 3.6 -3.3
v -3.4 3.6 -3.3
v -3.3 3.6 -3.3
v -3.1 3.6 -3.3
v -3 3.6 -3.3
v -2.9 3.6 -3.3
v -2.2 3.6 -3.3
v -1.9 3.6 -3.3
v -1.8 3.6 -3.3
v -1.2 3.6 -3.3
v -1.1 3.6 -3.3
v -0.9 3.6 -3.3
v -0.8 3.6 -3.3
v -0.7 3.6 -3.3
v -0.6 3.6 -3.3
v -0.4 3.6 -3.3
v -0.0999999 3.6 -3.3
v 0 3.6 -3.3
v 0.0999999 3.6 -3.3
v -4.1 3.6 -3.4
v -4 3.6 -3.4
v -3.9 3.6 -3.4
v -3.7 3.6 -3.4
v -3.6 3.6 -3.4
v -3.5 3.6 -3.4
v -3.4 3.6 -3.4
v -3.3 3.6 -3.4
v -3.1 3.6 -3.4
v -3 3.6 -3.4
v -2.9 3.6 -3.4
v -2.8 3.6 -3.4
v -2.7 3.6 -3.4
v -2.6 3.6 -3.4
v -2.5 3.6 -3.4
v -2.4 3.6 -3.4
v -2.3 3.6 -3.4
v -2.2 3.6 -3.4
v -2.1 3.6 -3.4
v -1.9 3.6 -3.4
v -1.7 3.6 -3.4
v -1.6 3.6 -3.4
v -1.3 3.6 -3.4
v -1.2 3.6 -3.4
v -1.1 3.6 -3.4
v -0.9 3.6 -3.4
v -0.8 3.6 -3.4
v -0.7 3.6 -3.4
v -0.6 3.6 -3.4
v -0.5 3.6 -3.4
v -0.4 3.6 -3.4
v -0.3 3.6 -3.4
v -0.2 3.6 -3.4
v -0.0999999 3.6 -3.4
v 0 3.6 -3.4
v 0.0999999 3.6 -3.4
v -2.6 3.6 -3.5
v -2.5 3.6 -3.5
v -0.4 3.6 -3.5
v -0.3 3.6 -3.5
v -4.1 4 -3.4
v -4 4 -3.4
v -3.8 4 -3.4
v -3.4 4 -3.4
v -3.3 4 -3.4
v -3.2 4 -3.4
v -3.1 4 -3.4
v -2.7 4 -3.4
v -2.6 4 -3.4
v -2.5 4 -3.4
v -2.4 4 -3.4
v -2.1 4 -3.4
v -2 4 -3.4
v -1.9 4 -3.4
v -1.6 4 -3.4
v -1.3 4 -3.4
v -1.2 4 -3.4
v -0.8 4 -3.4
v -0.5 4 -3.4
v -0.4 4 -3.4
v -0.3 4 -3.4
v 0 4 -3.4
v 0.0999999 4 -3.4
v -4.2 4 -3.5
v -4.1 4 -3.5
v -4 4 -3.5
v -3.8 4 -3.5
v -3.7 4 -3.5
v -3.5 4 -3.5
v -3.4 4 -3.5
v -3.3 4 -3.5
v -3.2 4 -3.5
v -3.1 4 -3.5
v -3 4 -3.5
v -2.8 4 -3.5
v -2.7 4 -3.5
v -2.6 4 -3.5
v -2.5 4 -3.5
v -2.4 4 -3.5
v -2.1 4 -3.5
v -2 4 -3.5
v -1.9 4 -3.5
v -1.8 4 -3.5
v -1.6 4 -3.5
v -1.5 4 -3.5
v -1.3 4 -3.5
v -1.2 4 -3.5
v -0.8 4 -3.5
v -0.6 4 -3.5
v -0.5 4 -3.5
v -0.4 4 -3.5
v -0.3 4 -3.5
v 0 4 -3.5
v 0.0999999 4 -3.5
v 0.2 4 -3.5
v -2.6 4 -3.6
v -2.5 4 -3.6
v -0.3 4 -3.6
v -2.5 4 -3.7
v -0.3 4 -3.7
v -4.2 4 -3.8
v -4.1 4 -3.8
v -2.6 4 -3.8
v -2.5 4 -3.8
v -0.4 4 -3.8
v -0.3 4 -3.8
v 0.0999999 4 -3.8
v 0.2 4 -3.8
v -4.2 4 -3.9
v -4.1 4 -3.9
v -2.6 4 -3.9
v -2.5 4 -3.9
v -0.4 4 -3.9
v 0.0999999 4 -3.9
v 0.2 4 -3.9
v -4.2 4 -4
v -4.1 4 -4
v -2.6 4 -4
v -2.5 4 -4
v -0.4 4 -4
v -0.3 4 -4
v 0.0999999 4 -4
v 0.2 4 -4
v -4.1 4.1 -3.5
v -4 4.1 -3.5
v -3.7 4.1 -3.5
v -3.5 4.1 -3.5
v -3.2 4.1 -3.5
v -3.1 4.1 -3.5
v -3 4.1 -3.5
v -2.8 4.1 -3.5
v -2.7 4.1 -3.5
v -2.6 4.1 -3.5
v -2.5 4.1 -3.5
v -2.1 4.1 -3.5
v -1.8 4.1 -3.5
v -1.5 4.1 -3.5
v -1.2 4.1 -3.5
v -0.8 4.1 -3.5
v -0.6 4.1 -3.5
v -0.5 4.1 -3.5
v -0.4 4.1 -3.5
v -0.3 4.1 -3.5
v 0 4.1 -3.5
v 0.0999999 4.1 -3.5
v -4 4.1 -3.6
v -3.7 4.1 -3.6
v -3.5 4.1 -3.6
v -3.4 4.1 -3.6
v -3.3 4.1 -3.6
v -3.2 4.1 -3.6
v -3.1 4.1 -3.6
v -3 4.1 -3.6
v -2.8 4.1 -3.6
v -2.7 4.1 -3.6
v -2.3 4.1 -3.6
v -2.1 4.1 -3.6
v -2 4.1 -3.6
v -1.8 4.1 -3.6
v -1.7 4.1 -3.6
v -1.6 4.1 -3.6
v -1.5 4.1 -3.6
v -1.2 4.1 -3.6
v -0.8 4.1 -3.6
v -0.6 4.1 -3.6
v -0.3 4.1 -3.6
v 0 4.1 -3.6
v -3.9 4.1 -3.7
v -3.5 4.1 -3.7
v -3.4 4.1 -3.7
v -3.2 4.1 -3.7
v -3 4.1 -3.7
v -2.5 4.1 -3.7
v -2.3 4.1 -3.7
v -2.1 4.1 -3.7
v -2 4.1 -3.7
v -1.9 4.1 -3.7
v -1.7 4.1 -3.7
v -1.6 4.1 -3.7
v -1.3 4.1 -3.7
v -1.2 4.1 -3.7
v -1 4.1 -3.7
v -0.8 4.1 -3.7
v -0.3 4.1 -3.7
v -0.2 4.1 -3.7
v -4 4.1 -3.8
v -3.9 4.1 -3.8
v -3.8 4.1 -3.8
v -3.5 4.1 -3.8
v -3.1 4.1 -3.8
v -3 4.1 -3.8
v -2.8 4.1 -3.8
v -2.7 4.1 -3.8
v -2.6 4.1 -3.8
v -2.5 4.1 -3.8
v -2.4 4.1 -3.8
v -2.3 4.1 -3.8
v -2 4.1 -3.8
v -1.8 4.1 -3.8
v -1.6 4.1 -3.8
v -1.5 4.1 -3.8
v -1 4.1 -3.8
v -0.8 4.1 -3.8
v -0.6 4.1 -3.8
v -0.3 4.1 -3.8
v -0.2 4.1 -3.8
v -0.0999999 4.1 -3.8
v 0 4.1 -3.8
v -3.2 4.1 -3.9
v -3.1 4.1 -3.9
v -2.8 4.1 -3.9
v -2.7 4.1 -3.9
v -2.5 4.1 -3.9
v -2.4 4.1 -3.9
v -2 4.1 -3.9
v -1.9 4.1 -3.9
v -1.5 4.1 -3.9
v -1.3 4.1 -3.9
v -1.2 4.1 -3.9
v -1.1 4.1 -3.9
v -0.5 4.1 -3.9
v -0.4 4.1 -3.9
v -4.1 4.1 -4
v -4 4.1 -4
v -3.8 4.1 -4
v -3.3 4.1 -4
v -3.2 4.1 -4
v -2.7 4.1 -4
v -2.6 4.1 -4
v -2.5 4.1 -4
v -1.9 4.1 -4
v -1.8 4.1 -4
v -1.3 4.1 -4
v -1.2 4.1 -4
v -1.1 4.1 -4
v -0.8 4.1 -4
v -0.6 4.1 -4
v -0.5 4.1 -4
v -0.4 4.1 -4
v -0.3 4.1 -4
v -0.2 4.1 -4
v -0.0999999 4.1 -4
v 0 4.1 -4
v 0.0999999 4.1 -4

# faces
f 31/1/1 2/1/1 1/1/1
f 32/2/1 3/2/1 2/2/1
f 32/1/1 2/1/1 31/1/1
f 33/4/1 4/4/1 3/4/1
f 33/2/1 3/2/1 32/2/1
f 34/3/1 5/3/1 4/3/1
f 34/4/1 4/4/1 33/4/1
f 35/1/1 6/1/1 5/1/1
f 35/3/1 5/3/1 34/3/1
f 36/1/1 6/1/1 35/1/1
f 37/3/1 7/3/1 6/3/1
f 37/1/1 6/1/1 36/1/1
f 38/2/1 8/2/1 7/2/1
f 38/3/1 7/3/1 37/3/1
f 39/4/1 9/4/1 8/4/1
f 39/2/1 8/2/1 38/2/1
f 40/4/1 9/4/1 39/4/1
f 41/1/1 10/1/1 9/1/1
f 41/4/1 9/4/1 40/4/1
f 42/2/1 11/2/1 10/2/1
f 42/1/1 10/1/1 41/1/1
f 43/4/1 12/4/1 11/4/1
f 43/2/1 11/2/1 42/2/1
f 44/4/1 12/4/1 43/4/1
f 45/1/1 14/1/1 13/1/1
f 46/1/1 14/1/1 45/1/1
f 47/2/1 15/2/1 14/2/1
f 47/1/1 14/1/1 46/1/1
f 48/2/1 15/2/1 47/2/1
f 49/4/1 16/4/1 15/4/1
f 49/2/1 15/2/1 48/2/1
f 50/1/1 17/1/1 16/1/1
f 51/4/1 18/4/1 17/4/1
f 51/1/1 17/1/1 50/1/1
f 52/2/1 19/2/1 18/2/1
f 52/4/1 18/4/1 51/4/1
f 53/4/1 20/4/1 19/4/1
f 53/2/1 19/2/1 52/2/1
f 54/4/1 20/4/1 53/4/1
f 55/4/1 22/4/1 21/4/1
f 56/1/1 23/1/1 22/1/1
f 56/4/1 22/4/1 55/4/1
f 57/2/1 24/2/1 23/2/1
f 57/1/1 23/1/1 56/1/1
f 58/2/1 24/2/1 57/2/1
f 59/4/1 25/4/1 24/4/1
f 59/2/1 24/2/1 58/2/1
f 60/3/1 26/3/1 25/3/1
f 60/4/1 25/4/1 59/4/1
f 61/2/1 27/2/1 26/2/1
f 61/3/1 26/3/1 60/3/1
f 62/4/1 28/4/1 27/4/1
f 62/2/1 27/2/1 61/2/1
f 63/1/1 29/1/1 28/1/1
f 63/4/1 28/4/1 62/4/1
f 64/4/1 30/4/1 29/4/1
f 64/1/1 29/1/1 63/1/1
f 65/4/1 30/4/1 64/4/1
f 66/4/1 32/4/1 31/4/1
f 67/1/1 33/1/1 32/1/1
f 67/4/1 32/4/1 66/4/1
f 68/3/1 34/3/1 33/3/1
f 68/1/1 33/1/1 67/1/1
f 69/2/1 35/2/1 34/2/1
f 69/3/1 34/3/1 68/3/1
f 70/4/1 36/4/1 35/4/1
f 70/2/1 35/2/1 69/2/1
f 71/1/1 37/1/1 36/1/1
f 71/4/1 36/4/1 70/4/1
f 72/2/1 38/2/1 37/2/1
f 72/1/1 37/1/1 71/1/1
f 72/2/1 40/2/1 39/2/1
f 72/2/1 39/2/1 38/2/1
f 73/1/1 41/1/1 40/1/1
f 73/2/1 40/2/1 72/2/1
f 73/1/1 42/1/1 41/1/1
f 74/1/1 42/1/1 73/1/1
f 75/3/1 43/3/1 42/3/1
f 75/1/1 42/1/1 74/1/1
f 76/2/1 44/2/1 43/2/1
f 76/3/1 43/3/1 75/3/1
f 77/2/1 44/2/1 76/2/1
f 78/4/1 46/4/1 45/4/1
f 79/2/1 47/2/1 46/2/1
f 79/4/1 46/4/1 78/4/1
f 80/2/1 47/2/1 79/2/1
f 81/1/1 48/1/1 47/1/1
f 81/2/1 47/2/1 80/2/1
f 82/4/1 49/4/1 48/4/1
f 82/1/1 48/1/1 81/1/1
f 83/4/1 16/4/1 49/4/1
f 83/4/1 49/4/1 82/4/1
f 83/1/1 50/1/1 16/1/1
f 84/3/1 51/3/1 50/3/1
f 84/1/1 50/1/1 83/1/1
f 84/3/1 52/3/1 51/3/1
f 85/3/1 52/3/1 84/3/1
f 86/4/1 53/4/1 52/4/1
f 86/3/1 52/3/1 85/3/1
f 87/4/1 53/4/1 86/4/1
f 88/1/1 54/1/1 53/1/1
f 88/4/1 53/4/1 87/4/1
f 89/1/1 54/1/1 88/1/1
f 90/2/1 56/2/1 55/2/1
f 91/2/1 56/2/1 90/2/1
f 92/4/1 57/4/1 56/4/1
f 92/2/1 56/2/1 91/2/1
f 93/3/1 58/3/1 57/3/1
f 93/4/1 57/4/1 92/4/1
f 94/1/1 59/1/1 58/1/1
f 94/3/1 58/3/1 93/3/1
f 95/2/1 60/2/1 59/2/1
f 95/1/1 59/1/1 94/1/1
f 96/1/1 61/1/1 60/1/1
f 96/2/1 60/2/1 95/2/1
f 97/3/1 63/3/1 62/3/1
f 97/1/1 61/1/1 96/1/1
f 97/3/1 62/3/1 61/3/1
f 98/3/1 63/3/1 97/3/1
f 99/1/1 64/1/1 63/1/1
f 99/3/1 63/3/1 98/3/1
f 100/2/1 65/2/1 64/2/1
f 100/1/1 64/1/1 99/1/1
f 101/2/1 65/2/1 100/2/1
f 102/3/1 67/3/1 66/3/1
f 103/4/1 68/4/1 67/4/1
f 103/3/1 67/3/1 102/3/1
f 104/1/1 69/1/1 68/1/1
f 104/4/1 68/4/1 103/4/1
f 105/4/1 70/4/1 69/4/1
f 105/1/1 69/1/1 104/1/1
f 106/2/1 71/2/1 70/2/1
f 106/4/1 70/4/1 105/4/1
f 107/3/1 72/3/1 71/3/1
f 107/2/1 71/2/1 106/2/1
f 108/1/1 73/1/1 72/1/1
f 108/3/1 72/3/1 107/3/1
f 109/1/1 73/1/1 108/1/1
f 110/1/1 73/1/1 109/1/1
f 111/4/1 75/4/1 74/4/1
f 111/2/1 74/2/1 73/2/1
f 112/1/1 77/1/1 76/1/1
f 112/4/1 75/4/1 111/4/1
f 112/1/1 76/1/1 75/1/1
f 113/1/1 77/1/1 112/1/1
f 114/2/1 80/2/1 79/2/1
f 114/2/1 79/2/1 78/2/1
f 115/4/1 81/4/1 80/4/1
f 115/2/1 80/2/1 114/2/1
f 116/3/1 82/3/1 81/3/1
f 116/4/1 81/4/1 115/4/1
f 117/1/1 83/1/1 82/1/1
f 117/3/1 82/3/1 116/3/1
f 118/2/1 84/2/1 83/2/1
f 118/1/1 83/1/1 117/1/1
f 119/1/1 85/1/1 84/1/1
f 119/2/1 84/2/1 118/2/1
f 120/3/1 87/3/1 86/3/1
f 120/1/1 85/1/1 119/1/1
f 120/3/1 86/3/1 85/3/1
f 121/3/1 87/3/1 120/3/1
f 122/1/1 88/1/1 87/1/1
f 122/3/1 87/3/1 121/3/1
f 123/2/1 89/2/1 88/2/1
f 123/1/1 88/1/1 122/1/1
f 124/2/1 89/2/1 123/2/1
f 125/4/1 91/4/1 90/4/1
f 126/2/1 92/2/1 91/2/1
f 126/4/1 91/4/1 125/4/1
f 126/2/1 93/2/1 92/2/1
f 127/1/1 94/1/1 93/1/1
f 127/2/1 93/2/1 126/2/1
f 128/4/1 95/4/1 94/4/1
f 128/1/1 94/1/1 127/1/1
f 129/4/1 95/4/1 128/4/1
f 130/1/1 96/1/1 95/1/1
f 130/3/1 98/3/1 97/3/1
f 130/3/1 97/3/1 96/3/1
f 131/3/1 98/3/1 130/3/1
f 132/4/1 99/4/1 98/4/1
f 132/3/1 98/3/1 131/3/1
f 132/4/1 100/4/1 99/4/1
f 133/1/1 101/1/1 100/1/1
f 133/4/1 100/4/1 132/4/1
f 134/1/1 101/1/1 133/1/1
f 135/1/1 103/1/1 102/1/1
f 136/2/1 104/2/1 103/2/1
f 136/1/1 103/1/1 135/1/1
f 137/4/1 105/4/1 104/4/1
f 137/2/1 104/2/1 136/2/1
f 138/1/1 106/1/1 105/1/1
f 138/4/1 105/4/1 137/4/1
f 138/1/1 107/1/1 106/1/1
f 138/1/1 108/1/1 107/1/1
f 139/2/1 109/2/1 108/2/1
f 139/1/1 108/1/1 138/1/1
f 140/4/1 110/4/1 109/4/1
f 140/2/1 109/2/1 139/2/1
f 141/1/1 73/1/1 110/1/1
f 141/4/1 110/4/1 140/4/1
f 142/2/1 111/2/1 73/2/1
f 142/1/1 73/1/1 141/1/1
f 142/2/1 112/2/1 111/2/1
f 143/4/1 113/4/1 112/4/1
f 143/2/1 112/2/1 142/2/1
f 144/1/1 77/1/1 113/1/1
f 144/4/1 113/4/1 143/4/1
f 145/1/1 77/1/1 144/1/1
f 146/4/1 115/4/1 114/4/1
f 147/1/1 116/1/1 115/1/1
f 147/4/1 115/4/1 146/4/1
f 148/2/1 118/2/1 117/2/1
f 148/1/1 116/1/1 147/1/1
f 148/2/1 117/2/1 116/2/1
f 149/4/1 119/4/1 118/4/1
f 149/2/1 118/2/1 148/2/1
f 150/3/1 120/3/1 119/3/1
f 150/4/1 119/4/1 149/4/1
f 151/2/1 121/2/1 120/2/1
f 151/3/1 120/3/1 150/3/1
f 152/4/1 122/4/1 121/4/1
f 152/2/1 121/2/1 151/2/1
f 153/1/1 123/1/1 122/1/1
f 153/4/1 122/4/1 152/4/1
f 154/4/1 124/4/1 123/4/1
f 154/1/1 123/1/1 153/1/1
f 155/4/1 124/4/1 154/4/1
f 156/1/1 126/1/1 125/1/1
f 156/1/1 127/1/1 126/1/1
f 157/2/1 129/2/1 128/2/1
f 157/1/1 127/1/1 156/1/1
f 157/2/1 128/2/1 127/2/1
f 158/4/1 95/4/1 129/4/1
f 158/2/1 129/2/1 157/2/1
f 159/1/1 131/1/1 130/1/1
f 159/4/1 95/4/1 158/4/1
f 159/1/1 130/1/1 95/1/1
f 160/4/1 132/4/1 131/4/1
f 160/1/1 131/1/1 159/1/1
f 161/2/1 133/2/1 132/2/1
f 161/4/1 132/4/1 160/4/1
f 162/4/1 134/4/1 133/4/1
f 162/2/1 133/2/1 161/2/1
f 163/4/1 134/4/1 162/4/1
f 192/4/1 165/4/1 164/4/1
f 193/1/1 166/1/1 165/1/1
f 193/4/1 165/4/1 192/4/1
f 194/3/1 167/3/1 166/3/1
f 194/1/1 166/1/1 193/1/1
f 195/2/1 168/2/1 167/2/1
f 195/3/1 167/3/1 194/3/1
f 196/4/1 169/4/1 168/4/1
f 196/2/1 168/2/1 195/2/1
f 197/1/1 170/1/1 169/1/1
f 197/4/1 169/4/1 196/4/1
f 198/2/1 171/2/1 170/2/1
f 198/1/1 170/1/1 197/1/1
f 199/4/1 172/4/1 171/4/1
f 199/2/1 171/2/1 198/2/1
f 200/3/1 173/3/1 172/3/1
f 200/4/1 172/4/1 199/4/1
f 201/2/1 174/2/1 173/2/1
f 201/3/1 173/3/1 200/3/1
f 202/2/1 174/2/1 201/2/1
f 203/4/1 175/4/1 174/4/1
f 203/2/1 174/2/1 202/2/1
f 204/4/1 175/4/1 203/4/1
f 205/1/1 176/1/1 175/1/1
f 205/4/1 175/4/1 204/4/1
f 206/4/1 177/4/1 176/4/1
f 206/1/1 176/1/1 205/1/1
f 207/4/1 179/4/1 178/4/1
f 208/1/1 180/1/1 179/1/1
f 208/4/1 179/4/1 207/4/1
f 209/2/1 181/2/1 180/2/1
f 209/1/1 180/1/1 208/1/1
f 210/2/1 181/2/1 209/2/1
f 211/4/1 182/4/1 181/4/1
f 211/2/1 181/2/1 210/2/1
f 212/2/1 183/2/1 182/2/1
f 212/4/1 182/4/1 211/4/1
f 213/4/1 184/4/1 183/4/1
f 213/2/1 183/2/1 212/2/1
f 214/1/1 185/1/1 184/1/1
f 214/4/1 184/4/1 213/4/1
f 215/1/1 187/1/1 186/1/1
f 216/2/1 188/2/1 187/2/1
f 216/1/1 187/1/1 215/1/1
f 217/4/1 189/4/1 188/4/1
f 217/2/1 188/2/1 216/2/1
f 218/1/1 190/1/1 189/1/1
f 219/2/1 191/2/1 190/2/1
f 219/1/1 190/1/1 218/1/1
f 220/2/1 191/2/1 219/2/1
f 221/2/1 193/2/1 192/2/1
f 222/4/1 194/4/1 193/4/1
f 222/2/1 193/2/1 221/2/1
f 223/1/1 195/1/1 194/1/1
f 223/4/1 194/4/1 222/4/1
f 223/1/1 196/1/1 195/1/1
f 224/1/1 196/1/1 223/1/1
f 225/2/1 197/2/1 196/2/1
f 225/1/1 196/1/1 224/1/1
f 226/1/1 198/1/1 197/1/1
f 226/2/1 197/2/1 225/2/1
f 227/3/1 199/3/1 198/3/1
f 227/1/1 198/1/1 226/1/1
f 228/3/1 199/3/1 227/3/1
f 229/1/1 200/1/1 199/1/1
f 229/3/1 199/3/1 228/3/1
f 229/1/1 201/1/1 200/1/1
f 230/3/1 202/3/1 201/3/1
f 230/1/1 201/1/1 229/1/1
f 231/2/1 204/2/1 203/2/1
f 231/3/1 202/3/1 230/3/1
f 231/2/1 203/2/1 202/2/1
f 232/2/1 204/2/1 231/2/1
f 233/1/1 205/1/1 204/1/1
f 233/2/1 204/2/1 232/2/1
f 234/4/1 206/4/1 205/4/1
f 234/1/1 205/1/1 233/1/1
f 235/4/1 177/4/1 206/4/1
f 235/4/1 206/4/1 234/4/1
f 236/2/1 208/2/1 207/2/1
f 236/4/1 209/4/1 208/4/1
f 237/3/1 210/3/1 209/3/1
f 237/4/1 209/4/1 236/4/1
f 238/1/1 211/1/1 210/1/1
f 238/3/1 210/3/1 237/3/1
f 239/2/1 212/2/1 211/2/1
f 239/1/1 211/1/1 238/1/1
f 240/3/1 213/3/1 212/3/1
f 240/2/1 212/2/1 239/2/1
f 240/3/1 214/3/1 213/3/1
f 241/3/1 214/3/1 240/3/1
f 242/1/1 185/1/1 214/1/1
f 242/3/1 214/3/1 241/3/1
f 243/1/1 185/1/1 242/1/1
f 244/2/1 216/2/1 215/2/1
f 245/4/1 217/4/1 216/4/1
f 245/2/1 216/2/1 244/2/1
f 246/1/1 218/1/1 189/1/1
f 246/4/1 217/4/1 245/4/1
f 246/4/1 189/4/1 217/4/1
f 247/3/1 219/3/1 218/3/1
f 247/1/1 218/1/1 246/1/1
f 248/4/1 220/4/1 219/4/1
f 248/3/1 219/3/1 247/3/1
f 249/4/1 220/4/1 248/4/1
f 250/4/1 220/4/1 249/4/1
f 251/3/1 222/3/1 221/3/1
f 251/3/1 224/3/1 223/3/1
f 251/3/1 223/3/1 222/3/1
f 252/3/1 224/3/1 251/3/1
f 253/3/1 224/3/1 252/3/1
f 254/1/1 225/1/1 224/1/1
f 254/3/1 224/3/1 253/3/1
f 254/1/1 226/1/1 225/1/1
f 255/4/1 227/4/1 226/4/1
f 255/1/1 226/1/1 254/1/1
f 256/1/1 228/1/1 227/1/1
f 256/4/1 227/4/1 255/4/1
f 257/3/1 229/3/1 228/3/1
f 257/1/1 228/1/1 256/1/1
f 258/4/1 230/4/1 229/4/1
f 258/3/1 229/3/1 257/3/1
f 259/1/1 232/1/1 231/1/1
f 259/4/1 230/4/1 258/4/1
f 259/1/1 231/1/1 230/1/1
f 260/1/1 232/1/1 259/1/1
f 261/3/1 233/3/1 232/3/1
f 261/1/1 232/1/1 260/1/1
f 262/1/1 234/1/1 233/1/1
f 262/3/1 233/3/1 261/3/1
f 263/2/1 235/2/1 234/2/1
f 263/1/1 234/1/1 262/1/1
f 264/4/1 177/4/1 235/4/1
f 264/2/1 235/2/1 263/2/1
f 265/4/1 177/4/1 264/4/1
f 266/2/1 236/2/1 207/2/1
f 266/2/1 237/2/1 236/2/1
f 267/1/1 238/1/1 237/1/1
f 267/2/1 237/2/1 266/2/1
f 268/4/1 239/4/1 238/4/1
f 268/1/1 238/1/1 267/1/1
f 269/3/1 241/3/1 240/3/1
f 269/1/1 240/1/1 239/1/1
f 270/4/1 243/4/1 242/4/1
f 270/3/1 241/3/1 269/3/1
f 270/4/1 242/4/1 241/4/1
f 271/4/1 243/4/1 270/4/1
f 272/2/1 244/2/1 215/2/1
f 273/4/1 245/4/1 244/4/1
f 273/2/1 244/2/1 272/2/1
f 274/1/1 246/1/1 245/1/1
f 274/4/1 245/4/1 273/4/1
f 275/2/1 247/2/1 246/2/1
f 275/1/1 246/1/1 274/1/1
f 276/1/1 248/1/1 247/1/1
f 276/2/1 247/2/1 275/2/1
f 277/3/1 249/3/1 248/3/1
f 277/1/1 248/1/1 276/1/1
f 278/1/1 250/1/1 249/1/1
f 278/3/1 249/3/1 277/3/1
f 279/1/1 252/1/1 251/1/1
f 280/3/1 253/3/1 252/3/1
f 280/1/1 252/1/1 279/1/1
f 281/2/1 255/2/1 254/2/1
f 281/3/1 253/3/1 280/3/1
f 281/2/1 254/2/1 253/2/1
f 282/4/1 256/4/1 255/4/1
f 282/2/1 255/2/1 281/2/1
f 282/4/1 257/4/1 256/4/1
f 283/1/1 258/1/1 257/1/1
f 283/4/1 257/4/1 282/4/1
f 284/2/1 259/2/1 258/2/1
f 284/1/1 258/1/1 283/1/1
f 284/2/1 260/2/1 259/2/1
f 285/4/1 261/4/1 260/4/1
f 285/2/1 260/2/1 284/2/1
f 286/1/1 262/1/1 261/1/1
f 286/4/1 261/4/1 285/4/1
f 287/3/1 263/3/1 262/3/1
f 287/1/1 262/1/1 286/1/1
f 288/1/1 265/1/1 264/1/1
f 288/3/1 263/3/1 287/3/1
f 288/1/1 264/1/1 263/1/1
f 289/1/1 265/1/1 288/1/1
f 290/1/1 267/1/1 266/1/1
f 291/2/1 268/2/1 267/2/1
f 291/1/1 267/1/1 290/1/1
f 292/4/1 239/4/1 268/4/1
f 292/2/1 268/2/1 291/2/1
f 293/1/1 269/1/1 239/1/1
f 293/4/1 239/4/1 292/4/1
f 294/4/1 270/4/1 269/4/1
f 294/1/1 269/1/1 293/1/1
f 295/2/1 271/2/1 270/2/1
f 295/4/1 270/4/1 294/4/1
f 296/2/1 271/2/1 295/2/1
f 297/4/1 273/4/1 272/4/1
f 298/1/1 274/1/1 273/1/1
f 298/4/1 273/4/1 297/4/1
f 299/2/1 275/2/1 274/2/1
f 299/1/1 274/1/1 298/1/1
f 300/4/1 276/4/1 275/4/1
f 300/2/1 275/2/1 299/2/1
f 301/3/1 277/3/1 276/3/1
f 301/4/1 276/4/1 300/4/1
f 302/4/1 278/4/1 277/4/1
f 302/3/1 277/3/1 301/3/1
f 303/1/1 250/1/1 278/1/1
f 303/4/1 278/4/1 302/4/1
f 304/1/1 250/1/1 303/1/1
f 326/2/1 306/2/1 305/2/1
f 327/4/1 307/4/1 306/4/1
f 327/2/1 306/2/1 326/2/1
f 328/1/1 308/1/1 307/1/1
f 328/4/1 307/4/1 327/4/1
f 329/2/1 309/2/1 308/2/1
f 329/1/1 308/1/1 328/1/1
f 330/4/1 310/4/1 309/4/1
f 330/2/1 309/2/1 329/2/1
f 331/3/1 311/3/1 310/3/1
f 331/4/1 310/4/1 330/4/1
f 332/2/1 312/2/1 311/2/1
f 332/3/1 311/3/1 331/3/1
f 333/4/1 313/4/1 312/4/1
f 333/2/1 312/2/1 332/2/1
f 334/4/1 313/4/1 333/4/1
f 335/4/1 313/4/1 334/4/1
f 336/1/1 314/1/1 313/1/1
f 336/4/1 313/4/1 335/4/1
f 337/2/1 315/2/1 314/2/1
f 337/1/1 314/1/1 336/1/1
f 338/4/1 316/4/1 315/4/1
f 339/1/1 317/1/1 316/1/1
f 339/4/1 316/4/1 338/4/1
f 340/4/1 318/4/1 317/4/1
f 340/1/1 317/1/1 339/1/1
f 341/4/1 318/4/1 340/4/1
f 342/4/1 318/4/1 341/4/1
f 343/1/1 320/1/1 319/1/1
f 344/1/1 320/1/1 343/1/1
f 345/2/1 321/2/1 320/2/1
f 345/1/1 320/1/1 344/1/1
f 346/2/1 321/2/1 345/2/1
f 347/4/1 322/4/1 321/4/1
f 347/2/1 321/2/1 346/2/1
f 348/1/1 323/1/1 322/1/1
f 349/4/1 324/4/1 323/4/1
f 349/1/1 323/1/1 348/1/1
f 350/2/1 325/2/1 324/2/1
f 350/4/1 324/4/1 349/4/1
f 351/2/1 325/2/1 350/2/1
f 352/1/1 327/1/1 326/1/1
f 352/1/1 328/1/1 327/1/1
f 353/1/1 328/1/1 352/1/1
f 354/3/1 329/3/1 328/3/1
f 354/1/1 328/1/1 353/1/1
f 354/3/1 330/3/1 329/3/1
f 355/3/1 330/3/1 354/3/1
f 356/2/1 331/2/1 330/2/1
f 356/3/1 330/3/1 355/3/1
f 357/4/1 332/4/1 331/4/1
f 357/2/1 331/2/1 356/2/1
f 358/3/1 333/3/1 332/3/1
f 358/4/1 332/4/1 357/4/1
f 359/3/1 333/3/1 358/3/1
f 360/2/1 334/2/1 333/2/1
f 360/3/1 333/3/1 359/3/1
f 361/1/1 335/1/1 334/1/1
f 361/2/1 334/2/1 360/2/1
f 362/3/1 336/3/1 335/3/1
f 362/1/1 335/1/1 361/1/1
f 363/2/1 337/2/1 336/2/1
f 363/3/1 336/3/1 362/3/1
f 364/2/1 315/2/1 337/2/1
f 364/2/1 337/2/1 363/2/1
f 364/4/1 338/4/1 315/4/1
f 365/1/1 339/1/1 338/1/1
f 365/4/1 338/4/1 364/4/1
f 366/3/1 340/3/1 339/3/1
f 366/1/1 339/1/1 365/1/1
f 366/3/1 341/3/1 340/3/1
f 367/3/1 341/3/1 366/3/1
f 368/2/1 342/2/1 341/2/1
f 368/3/1 341/3/1 367/3/1
f 369/2/1 342/2/1 368/2/1
f 370/4/1 344/4/1 343/4/1
f 371/2/1 345/2/1 344/2/1
f 371/4/1 344/4/1 370/4/1
f 372/2/1 345/2/1 371/2/1
f 373/1/1 346/1/1 345/1/1
f 373/2/1 345/2/1 372/2/1
f 374/4/1 347/4/1 346/4/1
f 374/1/1 346/1/1 373/1/1
f 375/4/1 322/4/1 347/4/1
f 375/4/1 347/4/1 374/4/1
f 375/1/1 348/1/1 322/1/1
f 376/3/1 349/3/1 348/3/1
f 376/1/1 348/1/1 375/1/1
f 376/3/1 350/3/1 349/3/1
f 377/3/1 350/3/1 376/3/1
f 378/4/1 351/4/1 350/4/1
f 378/3/1 350/3/1 377/3/1
f 379/4/1 351/4/1 378/4/1
f 380/4/1 351/4/1 379/4/1
f 381/2/1 353/2/1 352/2/1
f 381/4/1 354/4/1 353/4/1
f 382/1/1 355/1/1 354/1/1
f 382/4/1 354/4/1 381/4/1
f 383/3/1 356/3/1 355/3/1
f 383/1/1 355/1/1 382/1/1
f 383/3/1 357/3/1 356/3/1
f 384/1/1 358/1/1 357/1/1
f 384/3/1 357/3/1 383/3/1
f 384/1/1 359/1/1 358/1/1
f 385/4/1 360/4/1 359/4/1
f 385/1/1 359/1/1 384/1/1
f 386/1/1 361/1/1 360/1/1
f 386/4/1 363/4/1 362/4/1
f 386/4/1 362/4/1 361/4/1
f 387/4/1 363/4/1 386/4/1
f 388/3/1 364/3/1 363/3/1
f 388/4/1 363/4/1 387/4/1
f 389/3/1 364/3/1 388/3/1
f 390/2/1 365/2/1 364/2/1
f 390/3/1 364/3/1 389/3/1
f 391/3/1 366/3/1 365/3/1
f 391/2/1 365/2/1 390/2/1
f 392/4/1 367/4/1 366/4/1
f 392/3/1 366/3/1 391/3/1
f 393/3/1 368/3/1 367/3/1
f 393/4/1 367/4/1 392/4/1
f 394/1/1 369/1/1 368/1/1
f 394/3/1 368/3/1 393/3/1
f 395/1/1 369/1/1 394/1/1
f 396/2/1 372/2/1 371/2/1
f 396/2/1 371/2/1 370/2/1
f 397/4/1 373/4/1 372/4/1
f 397/2/1 372/2/1 396/2/1
f 398/3/1 374/3/1 373/3/1
f 398/4/1 373/4/1 397/4/1
f 399/1/1 375/1/1 374/1/1
f 399/3/1 374/3/1 398/3/1
f 400/2/1 376/2/1 375/2/1
f 400/1/1 375/1/1 399/1/1
f 401/1/1 377/1/1 376/1/1
f 401/2/1 376/2/1 400/2/1
f 402/3/1 379/3/1 378/3/1
f 402/1/1 377/1/1 401/1/1
f 402/3/1 378/3/1 377/3/1
f 403/3/1 379/3/1 402/3/1
f 404/1/1 380/1/1 379/1/1
f 404/3/1 379/3/1 403/3/1
f 405/2/1 381/2/1 352/2/1
f 405/2/1 382/2/1 381/2/1
f 406/4/1 383/4/1 382/4/1
f 406/2/1 382/2/1 405/2/1
f 407/1/1 384/1/1 383/1/1
f 407/4/1 383/4/1 406/4/1
f 408/2/1 385/2/1 384/2/1
f 408/1/1 384/1/1 407/1/1
f 409/4/1 360/4/1 385/4/1
f 409/2/1 385/2/1 408/2/1
f 410/1/1 386/1/1 360/1/1
f 410/4/1 360/4/1 409/4/1
f 411/2/1 387/2/1 386/2/1
f 411/1/1 386/1/1 410/1/1
f 412/4/1 388/4/1 387/4/1
f 412/2/1 387/2/1 411/2/1
f 413/1/1 389/1/1 388/1/1
f 413/4/1 388/4/1 412/4/1
f 414/3/1 390/3/1 389/3/1
f 414/1/1 389/1/1 413/1/1
f 415/1/1 391/1/1 390/1/1
f 415/3/1 390/3/1 414/3/1
f 415/1/1 392/1/1 391/1/1
f 416/2/1 393/2/1 392/2/1
f 416/1/1 392/1/1 415/1/1
f 416/2/1 394/2/1 393/2/1
f 417/4/1 395/4/1 394/4/1
f 417/2/1 394/2/1 416/2/1
f 418/4/1 395/4/1 417/4/1
f 419/4/1 397/4/1 396/4/1
f 420/1/1 398/1/1 397/1/1
f 420/4/1 397/4/1 419/4/1
f 421/2/1 400/2/1 399/2/1
f 421/1/1 398/1/1 420/1/1
f 421/2/1 399/2/1 398/2/1
f 422/4/1 401/4/1 400/4/1
f 422/2/1 400/2/1 421/2/1
f 423/3/1 402/3/1 401/3/1
f 423/4/1 401/4/1 422/4/1
f 424/2/1 403/2/1 402/2/1
f 424/3/1 402/3/1 423/3/1
f 425/4/1 404/4/1 403/4/1
f 425/2/1 403/2/1 424/2/1
f 426/1/1 380/1/1 404/1/1
f 426/4/1 404/4/1 425/4/1
f 427/1/1 380/1/1 426/1/1
f 446/2/1 429/2/1 428/2/1
f 447/2/1 429/2/1 446/2/1
f 448/4/1 430/4/1 429/4/1
f 448/2/1 429/2/1 447/2/1
f 449/3/1 431/3/1 430/3/1
f 449/4/1 430/4/1 448/4/1
f 450/1/1 432/1/1 431/1/1
f 450/3/1 431/3/1 449/3/1
f 451/2/1 433/2/1 432/2/1
f 451/1/1 432/1/1 450/1/1
f 452/4/1 434/4/1 433/4/1
f 452/2/1 433/2/1 451/2/1
f 453/1/1 435/1/1 434/1/1
f 453/4/1 434/4/1 452/4/1
f 454/4/1 436/4/1 435/4/1
f 454/1/1 435/1/1 453/1/1
f 455/4/1 436/4/1 454/4/1
f 456/2/1 437/2/1 436/2/1
f 456/4/1 438/4/1 437/4/1
f 457/1/1 439/1/1 438/1/1
f 457/4/1 438/4/1 456/4/1
f 458/1/1 439/1/1 457/1/1
f 459/2/1 440/2/1 439/2/1
f 459/1/1 439/1/1 458/1/1
f 460/4/1 441/4/1 440/4/1
f 460/2/1 440/2/1 459/2/1
f 461/4/1 441/4/1 460/4/1
f 462/4/1 443/4/1 442/4/1
f 463/1/1 444/1/1 443/1/1
f 463/4/1 443/4/1 462/4/1
f 464/2/1 445/2/1 444/2/1
f 464/1/1 444/1/1 463/1/1
f 465/2/1 445/2/1 464/2/1
f 466/2/1 445/2/1 465/2/1
f 467/4/1 447/4/1 446/4/1
f 468/2/1 448/2/1 447/2/1
f 468/4/1 447/4/1 467/4/1
f 469/3/1 449/3/1 448/3/1
f 469/2/1 448/2/1 468/2/1
f 469/3/1 450/3/1 449/3/1
f 470/3/1 450/3/1 469/3/1
f 471/4/1 451/4/1 450/4/1
f 471/3/1 450/3/1 470/3/1
f 472/1/1 452/1/1 451/1/1
f 472/4/1 451/4/1 471/4/1
f 473/2/1 453/2/1 452/2/1
f 473/1/1 452/1/1 472/1/1
f 474/3/1 455/3/1 454/3/1
f 474/2/1 453/2/1 473/2/1
f 474/3/1 454/3/1 453/3/1
f 475/3/1 455/3/1 474/3/1
f 476/4/1 436/4/1 455/4/1
f 476/3/1 455/3/1 475/3/1
f 477/2/1 456/2/1 436/2/1
f 477/4/1 436/4/1 476/4/1
f 478/1/1 457/1/1 456/1/1
f 478/2/1 456/2/1 477/2/1
f 479/4/1 458/4/1 457/4/1
f 479/1/1 457/1/1 478/1/1
f 480/1/1 459/1/1 458/1/1
f 480/4/1 458/4/1 479/4/1
f 481/3/1 460/3/1 459/3/1
f 481/1/1 459/1/1 480/1/1
f 482/2/1 461/2/1 460/2/1
f 482/3/1 460/3/1 481/3/1
f 483/4/1 441/4/1 461/4/1
f 483/2/1 461/2/1 482/2/1
f 484/4/1 441/4/1 483/4/1
f 485/2/1 463/2/1 462/2/1
f 486/2/1 463/2/1 485/2/1
f 487/4/1 464/4/1 463/4/1
f 487/2/1 463/2/1 486/2/1
f 488/3/1 465/3/1 464/3/1
f 488/4/1 464/4/1 487/4/1
f 489/1/1 466/1/1 465/1/1
f 489/3/1 465/3/1 488/3/1
f 490/1/1 466/1/1 489/1/1
f 491/1/1 468/1/1 467/1/1
f 491/1/1 469/1/1 468/1/1
f 492/4/1 470/4/1 469/4/1
f 492/1/1 469/1/1 491/1/1
f 493/1/1 471/1/1 470/1/1
f 493/4/1 472/4/1 471/4/1
f 493/4/1 473/4/1 472/4/1
f 494/4/1 473/4/1 493/4/1
f 495/3/1 475/3/1 474/3/1
f 495/1/1 474/1/1 473/1/1
f 496/1/1 476/1/1 475/1/1
f 496/3/1 475/3/1 495/3/1
f 496/1/1 478/1/1 477/1/1
f 496/1/1 477/1/1 476/1/1
f 497/1/1 478/1/1 496/1/1
f 498/1/1 478/1/1 497/1/1
f 499/2/1 479/2/1 478/2/1
f 499/4/1 480/4/1 479/4/1
f 499/4/1 481/4/1 480/4/1
f 500/4/1 481/4/1 499/4/1
f 501/1/1 484/1/1 483/1/1
f 501/1/1 482/1/1 481/1/1
f 501/1/1 483/1/1 482/1/1
f 502/1/1 484/1/1 501/1/1
f 503/1/1 484/1/1 502/1/1
f 504/4/1 486/4/1 485/4/1
f 505/2/1 488/2/1 487/2/1
f 505/4/1 486/4/1 504/4/1
f 505/2/1 487/2/1 486/2/1
f 506/1/1 489/1/1 488/1/1
f 506/2/1 488/2/1 505/2/1
f 507/4/1 490/4/1 489/4/1
f 507/1/1 489/1/1 506/1/1
f 508/4/1 490/4/1 507/4/1
f 509/2/1 492/2/1 491/2/1
f 510/4/1 470/4/1 492/4/1
f 510/2/1 492/2/1 509/2/1
f 511/1/1 493/1/1 470/1/1
f 511/4/1 470/4/1 510/4/1
f 512/2/1 494/2/1 493/2/1
f 512/1/1 493/1/1 511/1/1
f 513/4/1 473/4/1 494/4/1
f 513/2/1 494/2/1 512/2/1
f 514/1/1 495/1/1 473/1/1
f 514/4/1 473/4/1 513/4/1
f 514/1/1 496/1/1 495/1/1
f 515/2/1 497/2/1 496/2/1
f 515/1/1 496/1/1 514/1/1
f 516/4/1 498/4/1 497/4/1
f 516/2/1 497/2/1 515/2/1
f 517/1/1 478/1/1 498/1/1
f 517/4/1 498/4/1 516/4/1
f 518/2/1 500/2/1 499/2/1
f 518/1/1 478/1/1 517/1/1
f 518/2/1 499/2/1 478/2/1
f 519/4/1 481/4/1 500/4/1
f 519/2/1 500/2/1 518/2/1
f 520/1/1 501/1/1 481/1/1
f 520/4/1 481/4/1 519/4/1
f 521/2/1 502/2/1 501/2/1
f 521/1/1 501/1/1 520/1/1
f 522/4/1 503/4/1 502/4/1
f 522/2/1 502/2/1 521/2/1
f 523/4/1 503/4/1 522/4/1
f 524/1/1 505/1/1 504/1/1
f 524/1/1 506/1/1 505/1/1
f 525/2/1 507/2/1 506/2/1
f 525/1/1 506/1/1 524/1/1
f 525/2/1 508/2/1 507/2/1
f 526/4/1 490/4/1 508/4/1
f 526/2/1 508/2/1 525/2/1
f 527/4/1 490/4/1 526/4/1
f 542/3/1 529/3/1 528/3/1
f 543/3/1 529/3/1 542/3/1
f 544/2/1 530/2/1 529/2/1
f 544/3/1 529/3/1 543/3/1
f 545/2/1 530/2/1 544/2/1
f 546/4/1 531/4/1 530/4/1
f 546/2/1 530/2/1 545/2/1
f 547/1/1 532/1/1 531/1/1
f 547/4/1 531/4/1 546/4/1
f 548/3/1 533/3/1 532/3/1
f 548/1/1 532/1/1 547/1/1
f 549/2/1 534/2/1 533/2/1
f 549/3/1 533/3/1 548/3/1
f 550/4/1 535/4/1 534/4/1
f 550/2/1 534/2/1 549/2/1
f 551/4/1 535/4/1 550/4/1
f 552/1/1 537/1/1 536/1/1
f 553/1/1 537/1/1 552/1/1
f 554/2/1 538/2/1 537/2/1
f 554/1/1 537/1/1 553/1/1
f 555/2/1 538/2/1 554/2/1
f 556/4/1 539/4/1 538/4/1
f 556/2/1 538/2/1 555/2/1
f 557/1/1 540/1/1 539/1/1
f 558/4/1 541/4/1 540/4/1
f 558/1/1 540/1/1 557/1/1
f 559/4/1 541/4/1 558/4/1
f 560/1/1 543/1/1 542/1/1
f 561/3/1 544/3/1 543/3/1
f 561/1/1 543/1/1 560/1/1
f 562/4/1 545/4/1 544/4/1
f 562/3/1 544/3/1 561/3/1
f 563/2/1 546/2/1 545/2/1
f 563/4/1 545/4/1 562/4/1
f 564/1/1 547/1/1 546/1/1
f 564/2/1 546/2/1 563/2/1
f 565/4/1 548/4/1 547/4/1
f 565/1/1 547/1/1 564/1/1
f 566/4/1 548/4/1 565/4/1
f 567/1/1 549/1/1 548/1/1
f 567/4/1 548/4/1 566/4/1
f 568/2/1 551/2/1 550/2/1
f 568/1/1 549/1/1 567/1/1
f 568/2/1 550/2/1 549/2/1
f 569/2/1 551/2/1 568/2/1
f 570/4/1 553/4/1 552/4/1
f 571/2/1 554/2/1 553/2/1
f 571/4/1 553/4/1 570/4/1
f 572/2/1 554/2/1 571/2/1
f 573/1/1 555/1/1 554/1/1
f 573/2/1 554/2/1 572/2/1
f 574/4/1 556/4/1 555/4/1
f 574/1/1 555/1/1 573/1/1
f 575/1/1 557/1/1 539/1/1
f 575/4/1 556/4/1 574/4/1
f 575/4/1 539/4/1 556/4/1
f 576/3/1 558/3/1 557/3/1
f 576/1/1 557/1/1 575/1/1
f 576/3/1 559/3/1 558/3/1
f 577/3/1 559/3/1 576/3/1
f 578/1/1 562/1/1 561/1/1
f 578/1/1 563/1/1 562/1/1
f 578/1/1 564/1/1 563/1/1
f 578/1/1 565/1/1 564/1/1
f 579/1/1 565/1/1 578/1/1
f 580/1/1 565/1/1 579/1/1
f 581/4/1 567/4/1 566/4/1
f 581/4/1 568/4/1 567/4/1
f 582/1/1 569/1/1 568/1/1
f 582/4/1 568/4/1 581/4/1
f 583/1/1 569/1/1 582/1/1
f 584/1/1 569/1/1 583/1/1
f 585/2/1 572/2/1 571/2/1
f 585/2/1 571/2/1 570/2/1
f 586/4/1 573/4/1 572/4/1
f 586/2/1 572/2/1 585/2/1
f 587/3/1 574/3/1 573/3/1
f 587/4/1 573/4/1 586/4/1
f 588/1/1 575/1/1 574/1/1
f 588/3/1 574/3/1 587/3/1
f 589/2/1 576/2/1 575/2/1
f 589/1/1 575/1/1 588/1/1
f 590/1/1 577/1/1 576/1/1
f 590/2/1 576/2/1 589/2/1
f 591/3/1 559/3/1 577/3/1
f 591/1/1 577/1/1 590/1/1
f 592/3/1 559/3/1 591/3/1
f 593/2/1 561/2/1 560/2/1
f 594/1/1 578/1/1 561/1/1
f 594/2/1 561/2/1 593/2/1
f 595/2/1 579/2/1 578/2/1
f 595/1/1 578/1/1 594/1/1
f 596/4/1 580/4/1 579/4/1
f 596/2/1 579/2/1 595/2/1
f 597/1/1 565/1/1 580/1/1
f 597/4/1 580/4/1 596/4/1
f 598/2/1 566/2/1 565/2/1
f 598/1/1 565/1/1 597/1/1
f 599/4/1 581/4/1 566/4/1
f 599/2/1 566/2/1 598/2/1
f 600/1/1 582/1/1 581/1/1
f 600/4/1 581/4/1 599/4/1
f 601/2/1 583/2/1 582/2/1
f 601/1/1 582/1/1 600/1/1
f 602/4/1 584/4/1 583/4/1
f 602/2/1 583/2/1 601/2/1
f 603/4/1 584/4/1 602/4/1
f 604/4/1 586/4/1 585/4/1
f 605/1/1 587/1/1 586/1/1
f 605/4/1 586/4/1 604/4/1
f 606/2/1 589/2/1 588/2/1
f 606/1/1 587/1/1 605/1/1
f 606/2/1 588/2/1 587/2/1
f 607/4/1 590/4/1 589/4/1
f 607/2/1 589/2/1 606/2/1
f 608/3/1 591/3/1 590/3/1
f 608/4/1 590/4/1 607/4/1
f 609/2/1 592/2/1 591/2/1
f 609/3/1 591/3/1 608/3/1
f 610/2/1 592/2/1 609/2/1
f 623/4/1 612/4/1 611/4/1
f 624/1/1 613/1/1 612/1/1
f 624/4/1 612/4/1 623/4/1
f 625/2/1 614/2/1 613/2/1
f 625/1/1 613/1/1 624/1/1
f 626/2/1 614/2/1 625/2/1
f 627/4/1 615/4/1 614/4/1
f 627/2/1 614/2/1 626/2/1
f 628/3/1 616/3/1 615/3/1
f 628/4/1 615/4/1 627/4/1
f 629/2/1 617/2/1 616/2/1
f 629/3/1 616/3/1 628/3/1
f 630/4/1 618/4/1 617/4/1
f 630/2/1 617/2/1 629/2/1
f 631/1/1 619/1/1 618/1/1
f 631/4/1 618/4/1 630/4/1
f 632/4/1 620/4/1 619/4/1
f 632/1/1 619/1/1 631/1/1
f 633/4/1 620/4/1 632/4/1
f 634/4/1 622/4/1 621/4/1
f 635/4/1 622/4/1 634/4/1
f 636/2/1 624/2/1 623/2/1
f 637/2/1 624/2/1 636/2/1
f 638/4/1 625/4/1 624/4/1
f 638/2/1 624/2/1 637/2/1
f 639/3/1 626/3/1 625/3/1
f 639/4/1 625/4/1 638/4/1
f 640/1/1 627/1/1 626/1/1
f 640/3/1 626/3/1 639/3/1
f 641/2/1 628/2/1 627/2/1
f 641/1/1 627/1/1 640/1/1
f 642/1/1 629/1/1 628/1/1
f 642/2/1 628/2/1 641/2/1
f 643/3/1 630/3/1 629/3/1
f 643/1/1 629/1/1 642/1/1
f 643/3/1 631/3/1 630/3/1
f 644/3/1 631/3/1 643/3/1
f 645/1/1 632/1/1 631/1/1
f 645/3/1 631/3/1 644/3/1
f 646/2/1 633/2/1 632/2/1
f 646/1/1 632/1/1 645/1/1
f 647/2/1 633/2/1 646/2/1
f 648/2/1 635/2/1 634/2/1
f 649/2/1 635/2/1 648/2/1
f 650/4/1 637/4/1 636/4/1
f 651/2/1 638/2/1 637/2/1
f 651/4/1 637/4/1 650/4/1
f 651/2/1 639/2/1 638/2/1
f 652/1/1 640/1/1 639/1/1
f 652/2/1 639/2/1 651/2/1
f 653/4/1 641/4/1 640/4/1
f 653/1/1 640/1/1 652/1/1
f 654/4/1 641/4/1 653/4/1
f 655/1/1 642/1/1 641/1/1
f 655/3/1 644/3/1 643/3/1
f 655/3/1 643/3/1 642/3/1
f 656/3/1 644/3/1 655/3/1
f 657/4/1 645/4/1 644/4/1
f 657/3/1 644/3/1 656/3/1
f 657/4/1 646/4/1 645/4/1
f 658/1/1 647/1/1 646/1/1
f 658/4/1 646/4/1 657/4/1
f 659/1/1 647/1/1 658/1/1
f 660/4/1 649/4/1 648/4/1
f 661/2/1 635/2/1 649/2/1
f 661/4/1 649/4/1 660/4/1
f 662/2/1 635/2/1 661/2/1
f 663/1/1 651/1/1 650/1/1
f 663/1/1 652/1/1 651/1/1
f 664/2/1 654/2/1 653/2/1
f 664/1/1 652/1/1 663/1/1
f 664/2/1 653/2/1 652/2/1
f 665/4/1 641/4/1 654/4/1
f 665/2/1 654/2/1 664/2/1
f 666/1/1 656/1/1 655/1/1
f 666/4/1 641/4/1 665/4/1
f 666/1/1 655/1/1 641/1/1
f 667/4/1 657/4/1 656/4/1
f 667/1/1 656/1/1 666/1/1
f 668/2/1 658/2/1 657/2/1
f 668/4/1 657/4/1 667/4/1
f 669/4/1 659/4/1 658/4/1
f 669/2/1 658/2/1 668/2/1
f 670/4/1 659/4/1 669/4/1
f 671/1/1 662/1/1 661/1/1
f 671/1/1 661/1/1 660/1/1
f 672/1/1 662/1/1 671/1/1
f 680/4/1 674/4/1 673/4/1
f 680/3/1 675/3/1 674/3/1
f 681/3/1 675/3/1 680/3/1
f 682/4/1 676/4/1 675/4/1
f 683/3/1 677/3/1 676/3/1
f 683/4/1 676/4/1 682/4/1
f 684/1/1 678/1/1 677/1/1
f 684/3/1 677/3/1 683/3/1
f 685/3/1 679/3/1 678/3/1
f 685/1/1 678/1/1 684/1/1
f 686/3/1 679/3/1 685/3/1
f 687/4/1 680/4/1 673/4/1
f 688/1/1 681/1/1 680/1/1
f 688/4/1 680/4/1 687/4/1
f 689/3/1 675/3/1 681/3/1
f 689/1/1 681/1/1 688/1/1
f 690/4/1 682/4/1 675/4/1
f 690/3/1 675/3/1 689/3/1
f 691/1/1 683/1/1 682/1/1
f 691/4/1 682/4/1 690/4/1
f 692/4/1 684/4/1 683/4/1
f 692/1/1 683/1/1 691/1/1
f 692/4/1 685/4/1 684/4/1
f 693/4/1 685/4/1 692/4/1
f 694/1/1 686/1/1 685/1/1
f 694/4/1 685/4/1 693/4/1
f 695/3/1 679/3/1 686/3/1
f 695/1/1 686/1/1 694/1/1
f 696/4/1 690/4/1 689/4/1
f 696/1/1 688/1/1 687/1/1
f 696/4/1 689/4/1 688/4/1
f 697/1/1 691/1/1 690/1/1
f 697/4/1 690/4/1 696/4/1
f 697/1/1 692/1/1 691/1/1
f 698/1/1 692/1/1 697/1/1
f 699/1/1 692/1/1 698/1/1
f 700/4/1 695/4/1 694/4/1
f 700/2/1 693/2/1 692/2/1
f 700/4/1 694/4/1 693/4/1
f 701/4/1 695/4/1 700/4/1
f 702/3/1 679/3/1 695/3/1
f 702/4/1 695/4/1 701/4/1
f 703/3/1 679/3/1 702/3/1
f 704/1/1 696/1/1 687/1/1
f 705/2/1 698/2/1 697/2/1
f 705/1/1 696/1/1 704/1/1
f 705/2/1 697/2/1 696/2/1
f 706/4/1 699/4/1 698/4/1
f 706/2/1 698/2/1 705/2/1
f 707/1/1 692/1/1 699/1/1
f 707/4/1 699/4/1 706/4/1
f 708/2/1 701/2/1 700/2/1
f 708/1/1 692/1/1 707/1/1
f 708/2/1 700/2/1 692/2/1
f 709/4/1 702/4/1 701/4/1
f 709/2/1 701/2/1 708/2/1
f 710/1/1 703/1/1 702/1/1
f 710/4/1 702/4/1 709/4/1
f 711/1/1 703/1/1 710/1/1
f 717/1/1 713/1/1 712/1/1
f 718/3/1 714/3/1 713/3/1
f 718/1/1 713/1/1 717/1/1
f 719/1/1 715/1/1 714/1/1
f 719/3/1 714/3/1 718/3/1
f 720/4/1 716/4/1 715/4/1
f 720/1/1 715/1/1 719/1/1
f 721/4/1 718/4/1 717/4/1
f 722/1/1 719/1/1 718/1/1
f 722/4/1 718/4/1 721/4/1
f 723/4/1 720/4/1 719/4/1
f 723/1/1 719/1/1 722/1/1
f 724/4/1 716/4/1 720/4/1
f 724/4/1 720/4/1 723/4/1
f 725/4/1 723/4/1 722/4/1
f 725/2/1 722/2/1 721/2/1
f 726/1/1 724/1/1 723/1/1
f 726/4/1 723/4/1 725/4/1
f 727/4/1 716/4/1 724/4/1
f 727/1/1 724/1/1 726/1/1
f 728/4/1 716/4/1 727/4/1
f 729/2/1 726/2/1 725/2/1
f 729/2/1 725/2/1 721/2/1
f 730/1/1 727/1/1 726/1/1
f 730/2/1 726/2/1 729/2/1
f 731/2/1 728/2/1 727/2/1
f 731/1/1 727/1/1 730/1/1
f 732/2/1 728/2/1 731/2/1
f 762/3/1 734/3/1 733/3/1
f 763/3/1 734/3/1 762/3/1
f 764/4/1 735/4/1 734/4/1
f 764/3/1 734/3/1 763/3/1
f 765/3/1 736/3/1 735/3/1
f 765/4/1 735/4/1 764/4/1
f 766/3/1 736/3/1 765/3/1
f 767/4/1 737/4/1 736/4/1
f 767/3/1 736/3/1 766/3/1
f 768/3/1 738/3/1 737/3/1
f 768/4/1 737/4/1 767/4/1
f 769/3/1 738/3/1 768/3/1
f 770/1/1 739/1/1 738/1/1
f 770/3/1 738/3/1 769/3/1
f 771/4/1 740/4/1 739/4/1
f 771/1/1 739/1/1 770/1/1
f 772/4/1 740/4/1 771/4/1
f 773/4/1 740/4/1 772/4/1
f 774/3/1 741/3/1 740/3/1
f 774/4/1 740/4/1 773/4/1
f 775/3/1 741/3/1 774/3/1
f 776/2/1 743/2/1 742/2/1
f 777/1/1 744/1/1 743/1/1
f 777/2/1 743/2/1 776/2/1
f 778/2/1 745/2/1 744/2/1
f 778/1/1 744/1/1 777/1/1
f 779/1/1 746/1/1 745/1/1
f 779/2/1 745/2/1 778/2/1
f 780/3/1 747/3/1 746/3/1
f 780/1/1 746/1/1 779/1/1
f 781/2/1 748/2/1 747/2/1
f 781/3/1 747/3/1 780/3/1
f 782/4/1 749/4/1 748/4/1
f 782/2/1 748/2/1 781/2/1
f 783/2/1 750/2/1 749/2/1
f 783/4/1 749/4/1 782/4/1
f 784/4/1 751/4/1 750/4/1
f 784/2/1 750/2/1 783/2/1
f 785/3/1 752/3/1 751/3/1
f 785/4/1 751/4/1 784/4/1
f 786/2/1 753/2/1 752/2/1
f 786/3/1 752/3/1 785/3/1
f 787/4/1 754/4/1 753/4/1
f 787/2/1 753/2/1 786/2/1
f 788/3/1 755/3/1 754/3/1
f 788/4/1 754/4/1 787/4/1
f 789/1/1 756/1/1 755/1/1
f 789/3/1 755/3/1 788/3/1
f 790/2/1 757/2/1 756/2/1
f 790/1/1 756/1/1 789/1/1
f 791/2/1 757/2/1 790/2/1
f 792/4/1 758/4/1 757/4/1
f 792/2/1 757/2/1 791/2/1
f 793/4/1 758/4/1 792/4/1
f 794/3/1 759/3/1 758/3/1
f 794/4/1 758/4/1 793/4/1
f 795/3/1 759/3/1 794/3/1
f 796/3/1 759/3/1 795/3/1
f 797/3/1 759/3/1 796/3/1
f 798/1/1 760/1/1 759/1/1
f 798/3/1 759/3/1 797/3/1
f 799/1/1 760/1/1 798/1/1
f 800/1/1 762/1/1 761/1/1
f 801/1/1 762/1/1 800/1/1
f 802/2/1 776/2/1 775/2/1
f 803/2/1 776/2/1 802/2/1
f 804/4/1 788/4/1 787/4/1
f 805/4/1 788/4/1 804/4/1
f 806/3/1 801/3/1 800/3/1
f 807/3/1 801/3/1 806/3/1
f 808/3/1 803/3/1 802/3/1
f 809/3/1 803/3/1 808/3/1
f 810/1/1 805/1/1 804/1/1
f 811/1/1 805/1/1 810/1/1
f 812/4/1 807/4/1 806/4/1
f 813/1/1 809/1/1 808/1/1
f 814/1/1 809/1/1 813/1/1
f 815/3/1 811/3/1 810/3/1
f 816/3/1 811/3/1 815/3/1
f 817/4/1 812/4/1 806/4/1
f 818/4/1 812/4/1 817/4/1
f 830/4/1 814/4/1 813/4/1
f 831/4/1 814/4/1 830/4/1
f 842/2/1 816/2/1 815/2/1
f 843/2/1 816/2/1 842/2/1
f 855/1/1 819/1/1 818/1/1
f 856/4/1 820/4/1 819/4/1
f 856/1/1 819/1/1 855/1/1
f 857/1/1 821/1/1 820/1/1
f 857/4/1 820/4/1 856/4/1
f 858/3/1 822/3/1 821/3/1
f 858/1/1 821/1/1 857/1/1
f 859/4/1 823/4/1 822/4/1
f 859/3/1 822/3/1 858/3/1
f 860/3/1 824/3/1 823/3/1
f 860/4/1 823/4/1 859/4/1
f 860/3/1 825/3/1 824/3/1
f 861/3/1 825/3/1 860/3/1
f 862/2/1 826/2/1 825/2/1
f 862/3/1 825/3/1 861/3/1
f 862/2/1 827/2/1 826/2/1
f 863/2/1 827/2/1 862/2/1
f 864/4/1 828/4/1 827/4/1
f 864/2/1 827/2/1 863/2/1
f 865/4/1 828/4/1 864/4/1
f 866/1/1 829/1/1 828/1/1
f 866/4/1 828/4/1 865/4/1
f 867/4/1 830/4/1 829/4/1
f 867/1/1 829/1/1 866/1/1
f 867/4/1 831/4/1 830/4/1
f 868/4/1 831/4/1 867/4/1
f 869/3/1 832/3/1 831/3/1
f 869/4/1 831/4/1 868/4/1
f 870/1/1 833/1/1 832/1/1
f 870/3/1 832/3/1 869/3/1
f 871/2/1 834/2/1 833/2/1
f 871/1/1 833/1/1 870/1/1
f 871/2/1 835/2/1 834/2/1
f 872/2/1 835/2/1 871/2/1
f 873/4/1 836/4/1 835/4/1
f 873/2/1 835/2/1 872/2/1
f 873/4/1 837/4/1 836/4/1
f 874/4/1 837/4/1 873/4/1
f 875/3/1 841/3/1 840/3/1
f 875/4/1 837/4/1 874/4/1
f 875/3/1 838/3/1 837/3/1
f 875/3/1 839/3/1 838/3/1
f 875/3/1 840/3/1 839/3/1
f 876/3/1 841/3/1 875/3/1
f 877/3/1 841/3/1 876/3/1
f 878/1/1 842/1/1 841/1/1
f 878/3/1 841/3/1 877/3/1
f 879/3/1 843/3/1 842/3/1
f 879/1/1 842/1/1 878/1/1
f 880/2/1 844/2/1 843/2/1
f 880/3/1 843/3/1 879/3/1
f 881/1/1 845/1/1 844/1/1
f 881/2/1 844/2/1 880/2/1
f 882/2/1 846/2/1 845/2/1
f 882/1/1 845/1/1 881/1/1
f 883/1/1 847/1/1 846/1/1
f 883/2/1 846/2/1 882/2/1
f 884/3/1 848/3/1 847/3/1
f 884/1/1 847/1/1 883/1/1
f 885/2/1 849/2/1 848/2/1
f 885/3/1 848/3/1 884/3/1
f 886/4/1 850/4/1 849/4/1
f 886/2/1 849/2/1 885/2/1
f 887/2/1 851/2/1 850/2/1
f 887/4/1 850/4/1 886/4/1
f 888/4/1 852/4/1 851/4/1
f 888/2/1 851/2/1 887/2/1
f 889/3/1 853/3/1 852/3/1
f 889/4/1 852/4/1 888/4/1
f 890/2/1 854/2/1 853/2/1
f 890/3/1 853/3/1 889/3/1
f 891/2/1 854/2/1 890/2/1
f 892/4/1 859/4/1 858/4/1
f 893/4/1 875/4/1 874/4/1
f 894/4/1 875/4/1 893/4/1
f 895/2/1 883/2/1 882/2/1
f 896/2/1 883/2/1 895/2/1
f 897/4/1 892/4/1 858/4/1
f 898/4/1 892/4/1 897/4/1
f 899/1/1 894/1/1 893/1/1
f 900/1/1 894/1/1 899/1/1
f 901/3/1 896/3/1 895/3/1
f 902/3/1 896/3/1 901/3/1
f 903/1/1 898/1/1 897/1/1
f 904/1/1 898/1/1 903/1/1
f 905/3/1 900/3/1 899/3/1
f 906/3/1 900/3/1 905/3/1
f 907/1/1 902/1/1 901/1/1
f 908/1/1 902/1/1 907/1/1
f 909/4/1 904/4/1 903/4/1
f 910/4/1 904/4/1 909/4/1
f 924/2/1 906/2/1 905/2/1
f 925/2/1 906/2/1 924/2/1
f 933/4/1 908/4/1 907/4/1
f 934/4/1 908/4/1 933/4/1
f 943/2/1 911/2/1 910/2/1
f 944/4/1 912/4/1 911/4/1
f 944/2/1 911/2/1 943/2/1
f 945/1/1 913/1/1 912/1/1
f 945/4/1 912/4/1 944/4/1
f 946/2/1 914/2/1 913/2/1
f 946/1/1 913/1/1 945/1/1
f 947/2/1 914/2/1 946/2/1
f 948/4/1 915/4/1 914/4/1
f 948/2/1 914/2/1 947/2/1
f 949/3/1 916/3/1 915/3/1
f 949/4/1 915/4/1 948/4/1
f 950/2/1 917/2/1 916/2/1
f 950/3/1 916/3/1 949/3/1
f 950/2/1 918/2/1 917/2/1
f 951/2/1 918/2/1 950/2/1
f 952/4/1 919/4/1 918/4/1
f 952/2/1 918/2/1 951/2/1
f 953/3/1 923/3/1 922/3/1
f 953/4/1 919/4/1 952/4/1
f 953/3/1 920/3/1 919/3/1
f 953/3/1 921/3/1 920/3/1
f 953/3/1 922/3/1 921/3/1
f 954/3/1 923/3/1 953/3/1
f 955/3/1 923/3/1 954/3/1
f 956/4/1 924/4/1 923/4/1
f 956/3/1 923/3/1 955/3/1
f 956/4/1 925/4/1 924/4/1
f 957/4/1 925/4/1 956/4/1
f 958/1/1 926/1/1 925/1/1
f 958/4/1 925/4/1 957/4/1
f 959/2/1 927/2/1 926/2/1
f 959/1/1 926/1/1 958/1/1
f 960/1/1 928/1/1 927/1/1
f 960/2/1 927/2/1 959/2/1
f 961/3/1 929/3/1 928/3/1
f 961/1/1 928/1/1 960/1/1
f 962/2/1 930/2/1 929/2/1
f 962/3/1 929/3/1 961/3/1
f 962/2/1 931/2/1 930/2/1
f 963/4/1 932/4/1 931/4/1
f 963/2/1 931/2/1 962/2/1
f 964/3/1 933/3/1 932/3/1
f 964/4/1 932/4/1 963/4/1
f 965/4/1 934/4/1 933/4/1
f 965/3/1 933/3/1 964/3/1
f 966/1/1 935/1/1 934/1/1
f 966/4/1 934/4/1 965/4/1
f 967/1/1 935/1/1 966/1/1
f 968/2/1 936/2/1 935/2/1
f 968/1/1 935/1/1 967/1/1
f 968/2/1 937/2/1 936/2/1
f 969/2/1 937/2/1 968/2/1
f 970/4/1 939/4/1 938/4/1
f 970/2/1 937/2/1 969/2/1
f 970/4/1 938/4/1 937/4/1
f 971/3/1 942/3/1 941/3/1
f 971/4/1 939/4/1 970/4/1
f 971/3/1 941/3/1 940/3/1
f 971/3/1 940/3/1 939/3/1
f 972/3/1 942/3/1 971/3/1
f 973/3/1 942/3/1 972/3/1
f 974/4/1 948/4/1 947/4/1
f 975/2/1 964/2/1 963/2/1
f 976/2/1 964/2/1 975/2/1
f 977/4/1 974/4/1 947/4/1
f 978/4/1 974/4/1 977/4/1
f 979/3/1 976/3/1 975/3/1
f 980/3/1 976/3/1 979/3/1
f 981/2/1 978/2/1 977/2/1
f 982/2/1 978/2/1 981/2/1
f 983/1/1 980/1/1 979/1/1
f 984/1/1 980/1/1 983/1/1
f 985/4/1 982/4/1 981/4/1
f 986/4/1 982/4/1 985/4/1
f 1001/4/1 984/4/1 983/4/1
f 1002/4/1 984/4/1 1001/4/1
f 1013/1/1 987/1/1 986/1/1
f 1014/4/1 988/4/1 987/4/1
f 1014/1/1 987/1/1 1013/1/1
f 1015/2/1 989/2/1 988/2/1
f 1015/4/1 988/4/1 1014/4/1
f 1016/1/1 990/1/1 989/1/1
f 1016/2/1 989/2/1 1015/2/1
f 1017/4/1 991/4/1 990/4/1
f 1017/1/1 990/1/1 1016/1/1
f 1018/3/1 992/3/1 991/3/1
f 1018/4/1 991/4/1 1017/4/1
f 1018/3/1 993/3/1 992/3/1
f 1019/3/1 993/3/1 1018/3/1
f 1020/1/1 994/1/1 993/1/1
f 1020/3/1 993/3/1 1019/3/1
f 1021/2/1 995/2/1 994/2/1
f 1021/1/1 994/1/1 1020/1/1
f 1022/4/1 996/4/1 995/4/1
f 1022/2/1 995/2/1 1021/2/1
f 1022/4/1 997/4/1 996/4/1
f 1023/4/1 997/4/1 1022/4/1
f 1024/3/1 998/3/1 997/3/1
f 1024/4/1 997/4/1 1023/4/1
f 1025/4/1 1002/4/1 1001/4/1
f 1025/3/1 998/3/1 1024/3/1
f 1025/4/1 1001/4/1 1000/4/1
f 1025/4/1 1000/4/1 999/4/1
f 1025/4/1 999/4/1 998/4/1
f 1026/4/1 1002/4/1 1025/4/1
f 1027/4/1 1002/4/1 1026/4/1
f 1028/4/1 1002/4/1 1027/4/1
f 1029/3/1 1003/3/1 1002/3/1
f 1029/4/1 1002/4/1 1028/4/1
f 1030/1/1 1004/1/1 1003/1/1
f 1030/3/1 1003/3/1 1029/3/1
f 1031/2/1 1005/2/1 1004/2/1
f 1031/1/1 1004/1/1 1030/1/1
f 1031/2/1 1006/2/1 1005/2/1
f 1032/2/1 1006/2/1 1031/2/1
f 1033/4/1 1008/4/1 1007/4/1
f 1033/2/1 1006/2/1 1032/2/1
f 1033/4/1 1007/4/1 1006/4/1
f 1034/3/1 1009/3/1 1008/3/1
f 1034/4/1 1008/4/1 1033/4/1
f 1034/3/1 1012/3/1 1011/3/1
f 1034/3/1 1011/3/1 1010/3/1
f 1034/3/1 1010/3/1 1009/3/1
f 1035/3/1 1012/3/1 1034/3/1
f 1036/3/1 1012/3/1 1035/3/1
f 1037/2/1 1017/2/1 1016/2/1
f 1038/2/1 1017/2/1 1037/2/1
f 1039/4/1 1033/4/1 1032/4/1
f 1040/4/1 1033/4/1 1039/4/1
f 1041/4/1 1038/4/1 1037/4/1
f 1042/4/1 1038/4/1 1041/4/1
f 1043/1/1 1040/1/1 1039/1/1
f 1044/1/1 1040/1/1 1043/1/1
f 1045/2/1 1042/2/1 1041/2/1
f 1046/3/1 1044/3/1 1043/3/1
f 1047/3/1 1044/3/1 1046/3/1
f 1048/2/1 1045/2/1 1041/2/1
f 1049/2/1 1045/2/1 1048/2/1
f 1065/2/1 1047/2/1 1046/2/1
f 1066/2/1 1047/2/1 1065/2/1
f 1072/1/1 1050/1/1 1049/1/1
f 1072/1/1 1051/1/1 1050/1/1
f 1072/1/1 1052/1/1 1051/1/1
f 1073/4/1 1053/4/1 1052/4/1
f 1073/1/1 1052/1/1 1072/1/1
f 1074/3/1 1054/3/1 1053/3/1
f 1074/4/1 1053/4/1 1073/4/1
f 1074/3/1 1055/3/1 1054/3/1
f 1074/3/1 1056/3/1 1055/3/1
f 1075/3/1 1056/3/1 1074/3/1
f 1076/4/1 1057/4/1 1056/4/1
f 1076/3/1 1056/3/1 1075/3/1
f 1076/4/1 1058/4/1 1057/4/1
f 1076/4/1 1059/4/1 1058/4/1
f 1077/4/1 1059/4/1 1076/4/1
f 1078/4/1 1059/4/1 1077/4/1
f 1079/3/1 1060/3/1 1059/3/1
f 1079/4/1 1059/4/1 1078/4/1
f 1079/3/1 1061/3/1 1060/3/1
f 1080/3/1 1061/3/1 1079/3/1
f 1081/3/1 1061/3/1 1080/3/1
f 1082/1/1 1063/1/1 1062/1/1
f 1082/3/1 1061/3/1 1081/3/1
f 1082/1/1 1062/1/1 1061/1/1
f 1083/1/1 1063/1/1 1082/1/1
f 1084/2/1 1064/2/1 1063/2/1
f 1084/1/1 1063/1/1 1083/1/1
f 1085/1/1 1065/1/1 1064/1/1
f 1085/2/1 1064/2/1 1084/2/1
f 1086/2/1 1066/2/1 1065/2/1
f 1086/1/1 1065/1/1 1085/1/1
f 1086/2/1 1067/2/1 1066/2/1
f 1087/2/1 1067/2/1 1086/2/1
f 1088/1/1 1068/1/1 1067/1/1
f 1088/2/1 1067/2/1 1087/2/1
f 1089/2/1 1069/2/1 1068/2/1
f 1089/1/1 1068/1/1 1088/1/1
f 1090/1/1 1070/1/1 1069/1/1
f 1090/2/1 1069/2/1 1089/2/1
f 1091/3/1 1071/3/1 1070/3/1
f 1091/1/1 1070/1/1 1090/1/1
f 1092/3/1 1071/3/1 1091/3/1
f 1093/1/1 1074/1/1 1073/1/1
f 1094/2/1 1084/2/1 1083/2/1
f 1095/2/1 1084/2/1 1094/2/1
f 1096/1/1 1093/1/1 1073/1/1
f 1097/3/1 1095/3/1 1094/3/1
f 1098/3/1 1095/3/1 1097/3/1
f 1099/1/1 1096/1/1 1073/1/1
f 1100/1/1 1096/1/1 1099/1/1
f 1101/1/1 1098/1/1 1097/1/1
f 1102/1/1 1098/1/1 1101/1/1
f 1103/2/1 1100/2/1 1099/2/1
f 1104/2/1 1100/2/1 1103/2/1
f 1114/4/1 1102/4/1 1101/4/1
f 1115/4/1 1102/4/1 1114/4/1
f 1124/4/1 1105/4/1 1104/4/1
f 1125/2/1 1106/2/1 1105/2/1
f 1125/4/1 1105/4/1 1124/4/1
f 1125/2/1 1107/2/1 1106/2/1
f 1126/4/1 1108/4/1 1107/4/1
f 1126/2/1 1107/2/1 1125/2/1
f 1126/4/1 1109/4/1 1108/4/1
f 1127/4/1 1109/4/1 1126/4/1
f 1128/3/1 1110/3/1 1109/3/1
f 1128/4/1 1109/4/1 1127/4/1
f 1129/1/1 1111/1/1 1110/1/1
f 1129/3/1 1110/3/1 1128/3/1
f 1130/2/1 1114/2/1 1113/2/1
f 1130/1/1 1111/1/1 1129/1/1
f 1130/2/1 1113/2/1 1112/2/1
f 1130/2/1 1112/2/1 1111/2/1
f 1131/2/1 1114/2/1 1130/2/1
f 1132/4/1 1115/4/1 1114/4/1
f 1132/2/1 1114/2/1 1131/2/1
f 1133/3/1 1116/3/1 1115/3/1
f 1133/4/1 1115/4/1 1132/4/1
f 1134/1/1 1117/1/1 1116/1/1
f 1134/3/1 1116/3/1 1133/3/1
f 1135/2/1 1119/2/1 1118/2/1
f 1135/1/1 1117/1/1 1134/1/1
f 1135/2/1 1118/2/1 1117/2/1
f 1136/2/1 1119/2/1 1135/2/1
f 1137/2/1 1119/2/1 1136/2/1
f 1138/4/1 1121/4/1 1120/4/1
f 1138/2/1 1119/2/1 1137/2/1
f 1138/4/1 1120/4/1 1119/4/1
f 1139/4/1 1121/4/1 1138/4/1
f 1140/3/1 1123/3/1 1122/3/1
f 1140/4/1 1121/4/1 1139/4/1
f 1140/3/1 1122/3/1 1121/3/1
f 1141/3/1 1123/3/1 1140/3/1
f 1142/4/1 1128/4/1 1127/4/1
f 1143/4/1 1128/4/1 1142/4/1
f 1144/4/1 1140/4/1 1139/4/1
f 1145/4/1 1140/4/1 1144/4/1
f 1146/1/1 1143/1/1 1142/1/1
f 1147/1/1 1143/1/1 1146/1/1
f 1148/1/1 1145/1/1 1144/1/1
f 1149/1/1 1145/1/1 1148/1/1
f 1150/3/1 1147/3/1 1146/3/1
f 1151/3/1 1147/3/1 1150/3/1
f 1152/3/1 1149/3/1 1148/3/1
f 1153/3/1 1149/3/1 1152/3/1
f 1154/2/1 1151/2/1 1150/2/1
f 1155/2/1 1151/2/1 1154/2/1
f 1166/2/1 1153/2/1 1152/2/1
f 1167/2/1 1153/2/1 1166/2/1
f 1170/2/1 1156/2/1 1155/2/1
f 1171/1/1 1157/1/1 1156/1/1
f 1171/2/1 1156/2/1 1170/2/1
f 1172/2/1 1158/2/1 1157/2/1
f 1172/1/1 1157/1/1 1171/1/1
f 1173/1/1 1159/1/1 1158/1/1
f 1173/2/1 1158/2/1 1172/2/1
f 1174/1/1 1159/1/1 1173/1/1
f 1175/3/1 1160/3/1 1159/3/1
f 1175/1/1 1159/1/1 1174/1/1
f 1176/2/1 1161/2/1 1160/2/1
f 1176/3/1 1160/3/1 1175/3/1
f 1177/4/1 1162/4/1 1161/4/1
f 1177/2/1 1161/2/1 1176/2/1
f 1178/2/1 1163/2/1 1162/2/1
f 1178/4/1 1162/4/1 1177/4/1
f 1179/4/1 1164/4/1 1163/4/1
f 1179/2/1 1163/2/1 1178/2/1
f 1180/3/1 1165/3/1 1164/3/1
f 1180/4/1 1164/4/1 1179/4/1
f 1181/2/1 1166/2/1 1165/2/1
f 1181/3/1 1165/3/1 1180/3/1
f 1182/4/1 1167/4/1 1166/4/1
f 1182/2/1 1166/2/1 1181/2/1
f 1183/2/1 1168/2/1 1167/2/1
f 1183/4/1 1167/4/1 1182/4/1
f 1184/1/1 1169/1/1 1168/1/1
f 1184/2/1 1168/2/1 1183/2/1
f 1185/1/1 1169/1/1 1184/1/1
f 1186/2/1 1175/2/1 1174/2/1
f 1187/2/1 1175/2/1 1186/2/1
f 1188/1/1 1187/1/1 1186/1/1
f 1189/1/1 1187/1/1 1188/1/1
f 1190/2/1 1189/2/1 1188/2/1
f 1191/2/1 1189/2/1 1190/2/1
f 1202/4/1 1192/4/1 1191/4/1
f 1203/2/1 1193/2/1 1192/2/1
f 1203/4/1 1192/4/1 1202/4/1
f 1204/1/1 1194/1/1 1193/1/1
f 1204/2/1 1193/2/1 1203/2/1
f 1205/4/1 1195/4/1 1194/4/1
f 1205/1/1 1194/1/1 1204/1/1
f 1206/1/1 1196/1/1 1195/1/1
f 1206/4/1 1195/4/1 1205/4/1
f 1207/4/1 1197/4/1 1196/4/1
f 1207/1/1 1196/1/1 1206/1/1
f 1208/3/1 1198/3/1 1197/3/1
f 1208/4/1 1197/4/1 1207/4/1
f 1209/4/1 1200/4/1 1199/4/1
f 1209/3/1 1198/3/1 1208/3/1
f 1209/4/1 1199/4/1 1198/4/1
f 1210/4/1 1200/4/1 1209/4/1
f 1211/2/1 1201/2/1 1200/2/1
f 1211/4/1 1200/4/1 1210/4/1
f 1212/2/1 1201/2/1 1211/2/1
f 1213/3/1 1207/3/1 1206/3/1
f 1214/3/1 1213/3/1 1206/3/1
f 1215/3/1 1214/3/1 1206/3/1
f 1216/3/1 1214/3/1 1215/3/1
f 1217/1/1 1216/1/1 1215/1/1
f 1218/1/1 1216/1/1 1217/1/1
f 1222/1/1 1221/1/1 1220/1/1
f 1222/1/1 1220/1/1 1219/1/1
f 1222/1/1 1219/1/1 1218/1/1
f 1223/1/1 1221/1/1 1222/1/1
f 1226/3/1 1225/3/1 1224/3/1
f 1227/3/1 1225/3/1 1226/3/1
f 1230/1/1 1229/1/1 1228/1/1
f 1231/1/1 1229/1/1 1230/1/1
f 1232/3/1 1231/3/1 1230/3/1
f 1233/3/1 1231/3/1 1232/3/1
f 1234/2/1 1233/2/1 1232/2/1
f 1235/2/1 1233/2/1 1234/2/1
f 1238/1/1 1237/1/1 1236/1/1
f 1238/1/1 1236/1/1 1235/1/1
f 1239/1/1 1237/1/1 1238/1/1
f 1240/1/1 1237/1/1 1239/1/1
f 1243/2/1 1242/2/1 1241/2/1
f 1244/2/1 1242/2/1 1243/2/1
f 1245/3/1 1244/3/1 1243/3/1
f 1246/3/1 1244/3/1 1245/3/1
f 1247/1/1 1246/1/1 1245/1/1
f 1248/1/1 1246/1/1 1247/1/1
f 1249/4/1 1248/4/1 1247/4/1
f 1250/4/1 1248/4/1 1249/4/1
f 1254/4/1 1251/4/1 1250/4/1
f 1255/1/1 1252/1/1 1251/1/1
f 1255/4/1 1251/4/1 1254/4/1
f 1256/2/1 1253/2/1 1252/2/1
f 1256/1/1 1252/1/1 1255/1/1
f 1257/2/1 1253/2/1 1256/2/1
f 1258/2/1 1253/2/1 1257/2/1
f 1261/2/1 1260/2/1 1259/2/1
f 1262/2/1 1260/2/1 1261/2/1
f 1263/4/1 1262/4/1 1261/4/1
f 1264/4/1 1263/4/1 1261/4/1
f 1265/4/1 1263/4/1 1264/4/1
f 1270/1/1 1269/1/1 1268/1/1
f 1270/1/1 1268/1/1 1267/1/1
f 1270/1/1 1267/1/1 1266/1/1
f 1270/1/1 1266/1/1 1265/1/1
f 1271/1/1 1269/1/1 1270/1/1
f 1272/1/1 1269/1/1 1271/1/1
f 1275/4/1 1274/4/1 1273/4/1
f 1276/4/1 1275/4/1 1273/4/1
f 1277/4/1 1275/4/1 1276/4/1
f 1278/3/1 1277/3/1 1276/3/1
f 1279/3/1 1277/3/1 1278/3/1
f 1280/2/1 1279/2/1 1278/2/1
f 1281/2/1 1279/2/1 1280/2/1
f 1286/1/1 1282/1/1 1281/1/1
f 1286/1/1 1283/1/1 1282/1/1
f 1287/4/1 1284/4/1 1283/4/1
f 1287/1/1 1283/1/1 1286/1/1
f 1288/2/1 1285/2/1 1284/2/1
f 1288/4/1 1284/4/1 1287/4/1
f 1289/2/1 1285/2/1 1288/2/1
f 1290/2/1 1285/2/1 1289/2/1
f 1293/2/1 1292/2/1 1291/2/1
f 1294/2/1 1292/2/1 1293/2/1
f 1295/4/1 1294/4/1 1293/4/1
f 1296/4/1 1294/4/1 1295/4/1
f 1297/1/1 1296/1/1 1295/1/1
f 1298/1/1 1296/1/1 1297/1/1
f 1299/2/1 1298/2/1 1297/2/1
f 1300/2/1 1298/2/1 1299/2/1
f 1305/2/1 1301/2/1 1300/2/1
f 1306/4/1 1302/4/1 1301/4/1
f 1306/2/1 1301/2/1 1305/2/1
f 1307/1/1 1303/1/1 1302/1/1
f 1307/4/1 1302/4/1 1306/4/1
f 1308/2/1 1304/2/1 1303/2/1
f 1308/1/1 1303/1/1 1307/1/1
f 1309/2/1 1304/2/1 1308/2/1
f 1310/2/1 1304/2/1 1309/2/1
f 1313/2/1 1312/2/1 1311/2/1
f 1314/2/1 1312/2/1 1313/2/1
f 1315/3/1 1314/3/1 1313/3/1
f 1316/3/1 1314/3/1 1315/3/1
f 1317/4/1 1316/4/1 1315/4/1
f 1318/4/1 1316/4/1 1317/4/1
f 1319/1/1 1318/1/1 1317/1/1
f 1320/1/1 1318/1/1 1319/1/1
f 1325/4/1 1321/4/1 1320/4/1
f 1326/2/1 1322/2/1 1321/2/1
f 1326/4/1 1321/4/1 1325/4/1
f 1327/1/1 1323/1/1 1322/1/1
f 1327/2/1 1322/2/1 1326/2/1
f 1328/2/1 1324/2/1 1323/2/1
f 1328/1/1 1323/1/1 1327/1/1
f 1329/2/1 1324/2/1 1328/2/1
f 1332/4/1 1331/4/1 1330/4/1
f 1333/4/1 1331/4/1 1332/4/1
f 1334/2/1 1333/2/1 1332/2/1
f 1335/2/1 1333/2/1 1334/2/1
f 1336/3/1 1335/3/1 1334/3/1
f 1337/3/1 1335/3/1 1336/3/1
f 1338/4/1 1337/4/1 1336/4/1
f 1339/4/1 1337/4/1 1338/4/1
f 1345/4/1 1340/4/1 1339/4/1
f 1346/1/1 1341/1/1 1340/1/1
f 1346/4/1 1340/4/1 1345/4/1
f 1347/4/1 1342/4/1 1341/4/1
f 1347/1/1 1341/1/1 1346/1/1
f 1348/1/1 1344/1/1 1343/1/1
f 1348/4/1 1342/4/1 1347/4/1
f 1348/1/1 1343/1/1 1342/1/1
f 1349/1/1 1344/1/1 1348/1/1
f 1350/1/1 1344/1/1 1349/1/1
f 1353/4/1 1352/4/1 1351/4/1
f 1354/4/1 1353/4/1 1351/4/1
f 1355/4/1 1353/4/1 1354/4/1
f 1356/3/1 1355/3/1 1354/3/1
f 1357/3/1 1355/3/1 1356/3/1
f 1358/2/1 1357/2/1 1356/2/1
f 1359/2/1 1357/2/1 1358/2/1
f 1364/1/1 1360/1/1 1359/1/1
f 1364/1/1 1361/1/1 1360/1/1
f 1365/4/1 1362/4/1 1361/4/1
f 1365/1/1 1361/1/1 1364/1/1
f 1366/2/1 1363/2/1 1362/2/1
f 1366/4/1 1362/4/1 1365/4/1
f 1367/2/1 1363/2/1 1366/2/1
f 1368/2/1 1363/2/1 1367/2/1
f 1371/4/1 1370/4/1 1369/4/1
f 1372/4/1 1370/4/1 1371/4/1
f 1373/2/1 1372/2/1 1371/2/1
f 1374/2/1 1372/2/1 1373/2/1
f 1375/3/1 1374/3/1 1373/3/1
f 1376/3/1 1374/3/1 1375/3/1
f 1377/4/1 1376/4/1 1375/4/1
f 1378/4/1 1376/4/1 1377/4/1
f 1384/2/1 1379/2/1 1378/2/1
f 1384/2/1 1380/2/1 1379/2/1
f 1385/1/1 1381/1/1 1380/1/1
f 1385/2/1 1380/2/1 1384/2/1
f 1386/4/1 1382/4/1 1381/4/1
f 1386/1/1 1381/1/1 1385/1/1
f 1387/2/1 1383/2/1 1382/2/1
f 1387/4/1 1382/4/1 1386/4/1
f 1388/2/1 1383/2/1 1387/2/1
f 1391/2/1 1390/2/1 1389/2/1
f 1392/2/1 1390/2/1 1391/2/1
f 1393/3/1 1392/3/1 1391/3/1
f 1394/3/1 1392/3/1 1393/3/1
f 1395/4/1 1394/4/1 1393/4/1
f 1396/4/1 1394/4/1 1395/4/1
f 1397/1/1 1396/1/1 1395/1/1
f 1398/1/1 1396/1/1 1397/1/1
f 1403/4/1 1399/4/1 1398/4/1
f 1404/2/1 1400/2/1 1399/2/1
f 1404/4/1 1399/4/1 1403/4/1
f 1405/1/1 1401/1/1 1400/1/1
f 1405/2/1 1400/2/1 1404/2/1
f 1406/2/1 1402/2/1 1401/2/1
f 1406/1/1 1401/1/1 1405/1/1
f 1407/2/1 1402/2/1 1406/2/1
f 1410/1/1 1409/1/1 1408/1/1
f 1411/1/1 1409/1/1 1410/1/1
f 1412/3/1 1411/3/1 1410/3/1
f 1413/3/1 1411/3/1 1412/3/1
f 1414/2/1 1413/2/1 1412/2/1
f 1415/2/1 1413/2/1 1414/2/1
f 1420/1/1 1419/1/1 1418/1/1
f 1420/1/1 1418/1/1 1417/1/1
f 1420/1/1 1417/1/1 1416/1/1
f 1420/1/1 1416/1/1 1415/1/1
f 1421/1/1 1419/1/1 1420/1/1
f 1422/1/1 1419/1/1 1421/1/1
f 1425/1/1 1424/1/1 1423/1/1
f 1426/1/1 1424/1/1 1425/1/1
f 1427/4/1 1426/4/1 1425/4/1
f 1428/4/1 1427/4/1 1425/4/1
f 1429/4/1 1427/4/1 1428/4/1
f 1430/2/1 1429/2/1 1428/2/1
f 1431/2/1 1429/2/1 1430/2/1
f 1435/4/1 1432/4/1 1431/4/1
f 1436/1/1 1433/1/1 1432/1/1
f 1436/4/1 1432/4/1 1435/4/1
f 1437/4/1 1434/4/1 1433/4/1
f 1437/1/1 1433/1/1 1436/1/1
f 1438/4/1 1434/4/1 1437/4/1
f 1441/2/1 1440/2/1 1439/2/1
f 1442/2/1 1440/2/1 1441/2/1
f 1443/3/1 1442/3/1 1441/3/1
f 1444/3/1 1442/3/1 1443/3/1
f 1445/4/1 1444/4/1 1443/4/1
f 1446/4/1 1444/4/1 1445/4/1
f 1447/1/1 1446/1/1 1445/1/1
f 1448/1/1 1446/1/1 1447/1/1
f 1454/4/1 1449/4/1 1448/4/1
f 1455/2/1 1450/2/1 1449/2/1
f 1455/4/1 1449/4/1 1454/4/1
f 1455/2/1 1451/2/1 1450/2/1
f 1456/1/1 1452/1/1 1451/1/1
f 1456/2/1 1451/2/1 1455/2/1
f 1457/2/1 1453/2/1 1452/2/1
f 1457/1/1 1452/1/1 1456/1/1
f 1458/2/1 1453/2/1 1457/2/1
f 1461/2/1 1460/2/1 1459/2/1
f 1462/2/1 1461/2/1 1459/2/1
f 1463/2/1 1461/2/1 1462/2/1
f 1464/1/1 1463/1/1 1462/1/1
f 1465/1/1 1463/1/1 1464/1/1
f 1466/2/1 1465/2/1 1464/2/1
f 1467/2/1 1465/2/1 1466/2/1
f 1473/1/1 1468/1/1 1467/1/1
f 1474/4/1 1469/4/1 1468/4/1
f 1474/1/1 1468/1/1 1473/1/1
f 1475/2/1 1471/2/1 1470/2/1
f 1475/4/1 1469/4/1 1474/4/1
f 1475/2/1 1470/2/1 1469/2/1
f 1476/1/1 1472/1/1 1471/1/1
f 1476/2/1 1471/2/1 1475/2/1
f 1477/1/1 1472/1/1 1476/1/1
f 1480/1/1 1479/1/1 1478/1/1
f 1481/1/1 1479/1/1 1480/1/1
f 1482/4/1 1481/4/1 1480/4/1
f 1483/4/1 1481/4/1 1482/4/1
f 1484/2/1 1483/2/1 1482/2/1
f 1485/2/1 1483/2/1 1484/2/1
f 1490/4/1 1486/4/1 1485/4/1
f 1490/4/1 1487/4/1 1486/4/1
f 1491/1/1 1488/1/1 1487/1/1
f 1491/4/1 1487/4/1 1490/4/1
f 1492/4/1 1489/4/1 1488/4/1
f 1492/1/1 1488/1/1 1491/1/1
f 1493/4/1 1489/4/1 1492/4/1
f 1496/2/1 1495/2/1 1494/2/1
f 1497/2/1 1495/2/1 1496/2/1
f 1498/3/1 1497/3/1 1496/3/1
f 1499/3/1 1497/3/1 1498/3/1
f 1500/4/1 1499/4/1 1498/4/1
f 1501/4/1 1500/4/1 1498/4/1
f 1502/4/1 1500/4/1 1501/4/1
f 1507/3/1 1503/3/1 1502/3/1
f 1508/4/1 1504/4/1 1503/4/1
f 1508/3/1 1503/3/1 1507/3/1
f 1509/1/1 1505/1/1 1504/1/1
f 1509/4/1 1504/4/1 1508/4/1
f 1510/3/1 1506/3/1 1505/3/1
f 1510/1/1 1505/1/1 1509/1/1
f 1511/3/1 1506/3/1 1510/3/1
f 1514/4/1 1513/4/1 1512/4/1
f 1515/4/1 1513/4/1 1514/4/1
f 1516/2/1 1515/2/1 1514/2/1
f 1517/2/1 1515/2/1 1516/2/1
f 1518/3/1 1517/3/1 1516/3/1
f 1519/3/1 1517/3/1 1518/3/1
f 1520/4/1 1519/4/1 1518/4/1
f 1521/4/1 1519/4/1 1520/4/1
f 1527/1/1 1522/1/1 1521/1/1
f 1528/4/1 1523/4/1 1522/4/1
f 1528/1/1 1522/1/1 1527/1/1
f 1529/2/1 1524/2/1 1523/2/1
f 1529/4/1 1523/4/1 1528/4/1
f 1530/1/1 1525/1/1 1524/1/1
f 1530/2/1 1524/2/1 1529/2/1
f 1531/4/1 1526/4/1 1525/4/1
f 1531/1/1 1525/1/1 1530/1/1
f 1532/4/1 1526/4/1 1531/4/1
f 1535/4/1 1534/4/1 1533/4/1
f 1536/4/1 1535/4/1 1533/4/1
f 1537/4/1 1535/4/1 1536/4/1
f 1538/3/1 1537/3/1 1536/3/1
f 1539/3/1 1537/3/1 1538/3/1
f 1540/2/1 1539/2/1 1538/2/1
f 1541/2/1 1539/2/1 1540/2/1
f 1547/1/1 1542/1/1 1541/1/1
f 1548/2/1 1543/2/1 1542/2/1
f 1548/1/1 1542/1/1 1547/1/1
f 1548/2/1 1544/2/1 1543/2/1
f 1549/4/1 1545/4/1 1544/4/1
f 1549/2/1 1544/2/1 1548/2/1
f 1550/2/1 1546/2/1 1545/2/1
f 1550/4/1 1545/4/1 1549/4/1
f 1551/2/1 1546/2/1 1550/2/1
f 1554/1/1 1553/1/1 1552/1/1
f 1555/1/1 1553/1/1 1554/1/1
f 1556/2/1 1555/2/1 1554/2/1
f 1557/2/1 1555/2/1 1556/2/1
f 1558/4/1 1557/4/1 1556/4/1
f 1559/4/1 1557/4/1 1558/4/1
f 1563/2/1 1560/2/1 1559/2/1
f 1563/2/1 1561/2/1 1560/2/1
f 1564/1/1 1562/1/1 1561/1/1
f 1564/2/1 1561/2/1 1563/2/1
f 1565/1/1 1562/1/1 1564/1/1
f 1566/1/1 1562/1/1 1565/1/1
f 1569/4/1 1568/4/1 1567/4/1
f 1570/4/1 1569/4/1 1567/4/1
f 1571/4/1 1569/4/1 1570/4/1
f 1572/3/1 1571/3/1 1570/3/1
f 1573/3/1 1571/3/1 1572/3/1
f 1574/2/1 1573/2/1 1572/2/1
f 1575/2/1 1573/2/1 1574/2/1
f 1580/1/1 1576/1/1 1575/1/1
f 1581/4/1 1577/4/1 1576/4/1
f 1581/1/1 1576/1/1 1580/1/1
f 1582/2/1 1578/2/1 1577/2/1
f 1582/4/1 1577/4/1 1581/4/1
f 1583/4/1 1579/4/1 1578/4/1
f 1583/2/1 1578/2/1 1582/2/1
f 1584/4/1 1579/4/1 1583/4/1
f 1587/4/1 1586/4/1 1585/4/1
f 1588/4/1 1586/4/1 1587/4/1
f 1589/3/1 1588/3/1 1587/3/1
f 1590/3/1 1588/3/1 1589/3/1
f 1591/2/1 1590/2/1 1589/2/1
f 1592/2/1 1590/2/1 1591/2/1
f 1598/1/1 1593/1/1 1592/1/1
f 1599/4/1 1594/4/1 1593/4/1
f 1599/1/1 1593/1/1 1598/1/1
f 1600/2/1 1595/2/1 1594/2/1
f 1600/4/1 1594/4/1 1599/4/1
f 1601/4/1 1597/4/1 1596/4/1
f 1601/2/1 1595/2/1 1600/2/1
f 1601/4/1 1596/4/1 1595/4/1
f 1602/4/1 1597/4/1 1601/4/1
f 1603/4/1 1597/4/1 1602/4/1
f 1606/4/1 1605/4/1 1604/4/1
f 1607/4/1 1605/4/1 1606/4/1
f 1608/3/1 1607/3/1 1606/3/1
f 1609/3/1 1607/3/1 1608/3/1
f 1610/2/1 1609/2/1 1608/2/1
f 1611/2/1 1609/2/1 1610/2/1
f 1616/2/1 1612/2/1 1611/2/1
f 1617/1/1 1613/1/1 1612/1/1
f 1617/2/1 1612/2/1 1616/2/1
f 1618/4/1 1614/4/1 1613/4/1
f 1618/1/1 1613/1/1 1617/1/1
f 1619/2/1 1615/2/1 1614/2/1
f 1619/4/1 1614/4/1 1618/4/1
f 1620/2/1 1615/2/1 1619/2/1
f 1621/4/2 1622/4/2 1623/4/2
f 1623/4/2 1622/4/2 1624/4/2
f 1623/1/2 1624/1/2 1625/1/2
f 1625/1/2 1624/1/2 1626/1/2
f 1625/3/2 1626/3/2 1627/3/2
f 1627/3/2 1626/3/2 1628/3/2
f 1627/2/2 1628/2/2 1629/2/2
f 1629/2/2 1628/2/2 1630/2/2
f 1630/1/2 1631/1/2 1635/1/2
f 1631/3/2 1632/3/2 1636/3/2
f 1635/1/2 1631/1/2 1636/1/2
f 1632/4/2 1633/4/2 1637/4/2
f 1636/3/2 1632/3/2 1637/3/2
f 1633/1/2 1634/1/2 1638/1/2
f 1637/4/2 1633/4/2 1638/4/2
f 1638/1/2 1634/1/2 1639/1/2
f 1640/1/2 1641/1/2 1642/1/2
f 1642/1/2 1641/1/2 1643/1/2
f 1642/2/2 1643/2/2 1644/2/2
f 1644/2/2 1643/2/2 1645/2/2
f 1645/2/2 1646/2/2 1650/2/2
f 1646/4/2 1647/4/2 1651/4/2
f 1650/2/2 1646/2/2 1651/2/2
f 1647/1/2 1648/1/2 1652/1/2
f 1651/4/2 1647/4/2 1652/4/2
f 1648/4/2 1649/4/2 1653/4/2
f 1652/1/2 1648/1/2 1653/1/2
f 1653/4/2 1649/4/2 1654/4/2
f 1654/4/2 1649/4/2 1655/4/2
f 1656/2/2 1657/2/2 1658/2/2
f 1658/2/2 1657/2/2 1659/2/2
f 1658/3/2 1659/3/2 1660/3/2
f 1660/3/2 1659/3/2 1661/3/2
f 1660/1/2 1661/1/2 1662/1/2
f 1662/1/2 1661/1/2 1663/1/2
f 1662/4/2 1663/4/2 1664/4/2
f 1664/4/2 1663/4/2 1665/4/2
f 1665/2/2 1666/2/2 1670/2/2
f 1666/1/2 1667/1/2 1671/1/2
f 1670/2/2 1666/2/2 1671/2/2
f 1667/2/2 1668/2/2 1672/2/2
f 1671/1/2 1667/1/2 1672/1/2
f 1668/1/2 1669/1/2 1673/1/2
f 1672/2/2 1668/2/2 1673/2/2
f 1673/1/2 1669/1/2 1674/1/2
f 1675/4/2 1676/4/2 1677/4/2
f 1677/4/2 1676/4/2 1678/4/2
f 1677/2/2 1678/2/2 1679/2/2
f 1679/2/2 1678/2/2 1680/2/2
f 1679/1/2 1680/1/2 1681/1/2
f 1681/1/2 1680/1/2 1682/1/2
f 1681/3/2 1682/3/2 1683/3/2
f 1683/3/2 1682/3/2 1684/3/2
f 1684/2/2 1685/2/2 1689/2/2
f 1685/2/2 1686/2/2 1689/2/2
f 1686/4/2 1687/4/2 1690/4/2
f 1689/2/2 1686/2/2 1690/2/2
f 1687/2/2 1688/2/2 1691/2/2
f 1690/4/2 1687/4/2 1691/4/2
f 1691/2/2 1688/2/2 1692/2/2
f 1692/2/2 1688/2/2 1693/2/2
f 1694/2/2 1695/2/2 1696/2/2
f 1694/2/2 1696/2/2 1697/2/2
f 1697/2/2 1696/2/2 1698/2/2
f 1697/1/2 1698/1/2 1699/1/2
f 1699/1/2 1698/1/2 1700/1/2
f 1699/4/2 1700/4/2 1701/4/2
f 1701/4/2 1700/4/2 1702/4/2
f 1702/2/2 1703/2/2 1706/2/2
f 1703/2/2 1704/2/2 1706/2/2
f 1704/1/2 1705/1/2 1707/1/2
f 1706/2/2 1704/2/2 1707/2/2
f 1707/1/2 1705/1/2 1708/1/2
f 1708/1/2 1705/1/2 1709/1/2
f 1710/4/2 1711/4/2 1712/4/2
f 1712/4/2 1711/4/2 1713/4/2
f 1712/2/2 1713/2/2 1714/2/2
f 1714/2/2 1713/2/2 1715/2/2
f 1715/4/2 1716/4/2 1719/4/2
f 1717/1/2 1718/1/2 1720/1/2
f 1719/4/2 1716/4/2 1720/4/2
f 1716/1/2 1717/1/2 1720/1/2
f 1720/1/2 1718/1/2 1721/1/2
f 1721/1/2 1718/1/2 1722/1/2
f 1723/2/2 1724/2/2 1725/2/2
f 1725/2/2 1724/2/2 1726/2/2
f 1725/3/2 1726/3/2 1727/3/2
f 1727/3/2 1726/3/2 1728/3/2
f 1727/1/2 1728/1/2 1729/1/2
f 1729/1/2 1728/1/2 1730/1/2
f 1729/4/2 1730/4/2 1731/4/2
f 1731/4/2 1730/4/2 1732/4/2
f 1732/2/2 1733/2/2 1737/2/2
f 1734/1/2 1735/1/2 1738/1/2
f 1737/2/2 1733/2/2 1738/2/2
f 1733/1/2 1734/1/2 1738/1/2
f 1735/2/2 1736/2/2 1739/2/2
f 1738/1/2 1735/1/2 1739/1/2
f 1739/2/2 1736/2/2 1740/2/2
f 1741/1/2 1742/1/2 1743/1/2
f 1743/1/2 1742/1/2 1744/1/2
f 1743/3/2 1744/3/2 1745/3/2
f 1743/3/2 1745/3/2 1746/3/2
f 1746/3/2 1745/3/2 1747/3/2
f 1746/1/2 1747/1/2 1748/1/2
f 1748/1/2 1747/1/2 1749/1/2
f 1749/2/2 1750/2/2 1753/2/2
f 1751/1/2 1752/1/2 1754/1/2
f 1753/2/2 1750/2/2 1754/2/2
f 1750/1/2 1751/1/2 1754/1/2
f 1754/1/2 1752/1/2 1755/1/2
f 1755/1/2 1752/1/2 1756/1/2
f 1757/2/2 1758/2/2 1759/2/2
f 1759/2/2 1758/2/2 1760/2/2
f 1759/1/2 1760/1/2 1761/1/2
f 1759/1/2 1761/1/2 1762/1/2
f 1762/1/2 1761/1/2 1763/1/2
f 1762/4/2 1763/4/2 1764/4/2
f 1764/4/2 1763/4/2 1765/4/2
f 1765/2/2 1766/2/2 1770/2/2
f 1766/2/2 1767/2/2 1770/2/2
f 1768/1/2 1769/1/2 1771/1/2
f 1770/2/2 1767/2/2 1771/2/2
f 1767/1/2 1768/1/2 1771/1/2
f 1771/1/2 1769/1/2 1772/1/2
f 1773/2/2 1774/2/2 1775/2/2
f 1775/2/2 1774/2/2 1776/2/2
f 1775/4/2 1776/4/2 1777/4/2
f 1777/4/2 1776/4/2 1778/4/2
f 1777/2/2 1778/2/2 1779/2/2
f 1777/2/2 1779/2/2 1780/2/2
f 1780/2/2 1779/2/2 1781/2/2
f 1781/4/2 1782/4/2 1786/4/2
f 1782/2/2 1783/2/2 1787/2/2
f 1786/4/2 1782/4/2 1787/4/2
f 1783/1/2 1784/1/2 1788/1/2
f 1787/2/2 1783/2/2 1788/2/2
f 1784/4/2 1785/4/2 1789/4/2
f 1788/1/2 1784/1/2 1789/1/2
f 1789/4/2 1785/4/2 1790/4/2
f 1791/4/2 1792/4/2 1793/4/2
f 1793/4/2 1792/4/2 1794/4/2
f 1793/2/2 1794/2/2 1795/2/2
f 1795/2/2 1794/2/2 1796/2/2
f 1795/3/2 1796/3/2 1797/3/2
f 1797/3/2 1796/3/2 1798/3/2
f 1797/4/2 1798/4/2 1799/4/2
f 1799/4/2 1798/4/2 1800/4/2
f 1800/2/2 1801/2/2 1806/2/2
f 1801/4/2 1802/4/2 1807/4/2
f 1806/2/2 1801/2/2 1807/2/2
f 1802/2/2 1803/2/2 1808/2/2
f 1807/4/2 1802/4/2 1808/4/2
f 1803/1/2 1804/1/2 1809/1/2
f 1808/2/2 1803/2/2 1809/2/2
f 1804/4/2 1805/4/2 1810/4/2
f 1809/1/2 1804/1/2 1810/1/2
f 1810/4/2 1805/4/2 1811/4/2
f 1812/3/2 1813/3/2 1814/3/2
f 1814/3/2 1813/3/2 1815/3/2
f 1814/1/2 1815/1/2 1816/1/2
f 1816/1/2 1815/1/2 1817/1/2
f 1816/4/2 1817/4/2 1818/4/2
f 1818/4/2 1817/4/2 1819/4/2
f 1818/2/2 1819/2/2 1820/2/2
f 1820/2/2 1819/2/2 1821/2/2
f 1821/4/2 1822/4/2 1825/4/2
f 1822/1/2 1823/1/2 1826/1/2
f 1825/4/2 1822/4/2 1826/4/2
f 1823/4/2 1824/4/2 1827/4/2
f 1826/1/2 1823/1/2 1827/1/2
f 1827/4/2 1824/4/2 1828/4/2
f 1829/3/2 1830/3/2 1831/3/2
f 1831/3/2 1830/3/2 1832/3/2
f 1831/1/2 1832/1/2 1833/1/2
f 1833/1/2 1832/1/2 1834/1/2
f 1833/2/2 1834/2/2 1835/2/2
f 1835/2/2 1834/2/2 1836/2/2
f 1836/2/2 1837/2/2 1841/2/2
f 1837/1/2 1838/1/2 1842/1/2
f 1841/2/2 1837/2/2 1842/2/2
f 1838/4/2 1839/4/2 1843/4/2
f 1842/1/2 1838/1/2 1843/1/2
f 1839/2/2 1840/2/2 1844/2/2
f 1843/4/2 1839/4/2 1844/4/2
f 1844/2/2 1840/2/2 1845/2/2
f 1846/4/2 1847/4/2 1848/4/2
f 1848/4/2 1847/4/2 1849/4/2
f 1848/2/2 1849/2/2 1850/2/2
f 1850/2/2 1849/2/2 1851/2/2
f 1850/1/2 1851/1/2 1852/1/2
f 1852/1/2 1851/1/2 1853/1/2
f 1852/3/2 1853/3/2 1854/3/2
f 1854/3/2 1853/3/2 1855/3/2
f 1855/2/2 1856/2/2 1860/2/2
f 1856/2/2 1857/2/2 1860/2/2
f 1857/1/2 1858/1/2 1861/1/2
f 1860/2/2 1857/2/2 1861/2/2
f 1858/2/2 1859/2/2 1862/2/2
f 1861/1/2 1858/1/2 1862/1/2
f 1862/2/2 1859/2/2 1863/2/2
f 1864/3/2 1865/3/2 1866/3/2
f 1866/3/2 1865/3/2 1867/3/2
f 1866/1/2 1867/1/2 1868/1/2
f 1868/1/2 1867/1/2 1869/1/2
f 1868/2/2 1869/2/2 1870/2/2
f 1870/2/2 1869/2/2 1871/2/2
f 1871/2/2 1872/2/2 1876/2/2
f 1872/1/2 1873/1/2 1877/1/2
f 1876/2/2 1872/2/2 1877/2/2
f 1873/4/2 1874/4/2 1878/4/2
f 1877/1/2 1873/1/2 1878/1/2
f 1874/2/2 1875/2/2 1879/2/2
f 1878/4/2 1874/4/2 1879/4/2
f 1879/2/2 1875/2/2 1880/2/2
f 1881/2/2 1882/2/2 1883/2/2
f 1883/2/2 1882/2/2 1884/2/2
f 1883/3/2 1884/3/2 1885/3/2
f 1885/3/2 1884/3/2 1886/3/2
f 1885/1/2 1886/1/2 1887/1/2
f 1887/1/2 1886/1/2 1888/1/2
f 1887/4/2 1888/4/2 1889/4/2
f 1889/4/2 1888/4/2 1890/4/2
f 1890/2/2 1891/2/2 1895/2/2
f 1891/2/2 1892/2/2 1895/2/2
f 1893/1/2 1894/1/2 1896/1/2
f 1895/2/2 1892/2/2 1896/2/2
f 1892/1/2 1893/1/2 1896/1/2
f 1896/1/2 1894/1/2 1897/1/2
f 1897/1/2 1894/1/2 1898/1/2
f 1899/2/2 1900/2/2 1901/2/2
f 1901/2/2 1900/2/2 1902/2/2
f 1901/3/2 1902/3/2 1903/3/2
f 1903/3/2 1902/3/2 1904/3/2
f 1903/1/2 1904/1/2 1905/1/2
f 1905/1/2 1904/1/2 1906/1/2
f 1905/4/2 1906/4/2 1907/4/2
f 1907/4/2 1906/4/2 1908/4/2
f 1908/2/2 1909/2/2 1913/2/2
f 1909/2/2 1910/2/2 1913/2/2
f 1911/1/2 1912/1/2 1914/1/2
f 1913/2/2 1910/2/2 1914/2/2
f 1910/1/2 1911/1/2 1914/1/2
f 1914/1/2 1912/1/2 1915/1/2
f 1915/1/2 1912/1/2 1916/1/2
f 1917/1/2 1918/1/2 1919/1/2
f 1919/1/2 1918/1/2 1920/1/2
f 1919/3/2 1920/3/2 1921/3/2
f 1919/3/2 1921/3/2 1922/3/2
f 1922/3/2 1921/3/2 1923/3/2
f 1922/1/2 1923/1/2 1924/1/2
f 1924/1/2 1923/1/2 1925/1/2
f 1925/1/2 1926/1/2 1931/1/2
f 1926/1/2 1927/1/2 1931/1/2
f 1927/4/2 1928/4/2 1932/4/2
f 1931/1/2 1927/1/2 1932/1/2
f 1928/1/2 1929/1/2 1933/1/2
f 1932/4/2 1928/4/2 1933/4/2
f 1929/2/2 1930/2/2 1934/2/2
f 1933/1/2 1929/1/2 1934/1/2
f 1934/2/2 1930/2/2 1935/2/2
f 1936/3/2 1937/3/2 1938/3/2
f 1938/3/2 1937/3/2 1939/3/2
f 1938/1/2 1939/1/2 1940/1/2
f 1940/1/2 1939/1/2 1941/1/2
f 1940/2/2 1941/2/2 1942/2/2
f 1942/2/2 1941/2/2 1943/2/2
f 1943/2/2 1944/2/2 1948/2/2
f 1944/1/2 1945/1/2 1949/1/2
f 1948/2/2 1944/2/2 1949/2/2
f 1945/4/2 1946/4/2 1950/4/2
f 1949/1/2 1945/1/2 1950/1/2
f 1946/2/2 1947/2/2 1951/2/2
f 1950/4/2 1946/4/2 1951/4/2
f 1951/2/2 1947/2/2 1952/2/2
f 1953/1/2 1954/1/2 1955/1/2
f 1955/1/2 1954/1/2 1956/1/2
f 1955/2/2 1956/2/2 1957/2/2
f 1955/2/2 1957/2/2 1958/2/2
f 1958/2/2 1957/2/2 1959/2/2
f 1959/2/2 1960/2/2 1964/2/2
f 1960/4/2 1961/4/2 1965/4/2
f 1964/2/2 1960/2/2 1965/2/2
f 1961/1/2 1962/1/2 1966/1/2
f 1965/4/2 1961/4/2 1966/4/2
f 1962/4/2 1963/4/2 1967/4/2
f 1966/1/2 1962/1/2 1967/1/2
f 1967/4/2 1963/4/2 1968/4/2
f 1968/4/2 1963/4/2 1969/4/2
f 1970/2/2 1971/2/2 1972/2/2
f 1972/2/2 1971/2/2 1973/2/2
f 1972/1/2 1973/1/2 1974/1/2
f 1974/1/2 1973/1/2 1975/1/2
f 1974/4/2 1975/4/2 1976/4/2
f 1976/4/2 1975/4/2 1977/4/2
f 1977/1/2 1978/1/2 1982/1/2
f 1978/4/2 1979/4/2 1983/4/2
f 1982/1/2 1978/1/2 1983/1/2
f 1980/1/2 1981/1/2 1984/1/2
f 1983/4/2 1979/4/2 1984/4/2
f 1979/1/2 1980/1/2 1984/1/2
f 1984/1/2 1981/1/2 1985/1/2
f 1985/1/2 1981/1/2 1986/1/2
f 1987/4/2 1988/4/2 1989/4/2
f 1989/4/2 1988/4/2 1990/4/2
f 1989/2/2 1990/2/2 1991/2/2
f 1991/2/2 1990/2/2 1992/2/2
f 1991/1/2 1992/1/2 1993/1/2
f 1993/1/2 1992/1/2 1994/1/2
f 1993/3/2 1994/3/2 1995/3/2
f 1995/3/2 1994/3/2 1996/3/2
f 1996/2/2 1997/2/2 2000/2/2
f 1997/2/2 1998/2/2 2000/2/2
f 1998/4/2 1999/4/2 2001/4/2
f 2000/2/2 1998/2/2 2001/2/2
f 2001/4/2 1999/4/2 2002/4/2
f 2003/3/2 2004/3/2 2005/3/2
f 2005/3/2 2004/3/2 2006/3/2
f 2007/3/2 2008/3/2 2036/3/2
f 2036/3/2 2008/3/2 2037/3/2
f 2008/4/2 2009/4/2 2038/4/2
f 2037/3/2 2008/3/2 2038/3/2
f 2009/3/2 2010/3/2 2039/3/2
f 2038/4/2 2009/4/2 2039/4/2
f 2039/3/2 2010/3/2 2040/3/2
f 2010/4/2 2011/4/2 2041/4/2
f 2040/3/2 2010/3/2 2041/3/2
f 2011/3/2 2012/3/2 2042/3/2
f 2041/4/2 2011/4/2 2042/4/2
f 2042/3/2 2012/3/2 2043/3/2
f 2012/1/2 2013/1/2 2044/1/2
f 2043/3/2 2012/3/2 2044/3/2
f 2013/4/2 2014/4/2 2045/4/2
f 2044/1/2 2013/1/2 2045/1/2
f 2045/4/2 2014/4/2 2046/4/2
f 2046/4/2 2014/4/2 2047/4/2
f 2014/3/2 2015/3/2 2048/3/2
f 2047/4/2 2014/4/2 2048/4/2
f 2048/3/2 2015/3/2 2049/3/2
f 2016/2/2 2017/2/2 2050/2/2
f 2017/1/2 2018/1/2 2051/1/2
f 2050/2/2 2017/2/2 2051/2/2
f 2018/2/2 2019/2/2 2052/2/2
f 2051/1/2 2018/1/2 2052/1/2
f 2019/1/2 2020/1/2 2053/1/2
f 2052/2/2 2019/2/2 2053/2/2
f 2020/3/2 2021/3/2 2054/3/2
f 2053/1/2 2020/1/2 2054/1/2
f 2021/2/2 2022/2/2 2055/2/2
f 2054/3/2 2021/3/2 2055/3/2
f 2022/4/2 2023/4/2 2056/4/2
f 2055/2/2 2022/2/2 2056/2/2
f 2023/2/2 2024/2/2 2057/2/2
f 2056/4/2 2023/4/2 2057/4/2
f 2024/4/2 2025/4/2 2058/4/2
f 2057/2/2 2024/2/2 2058/2/2
f 2025/3/2 2026/3/2 2059/3/2
f 2058/4/2 2025/4/2 2059/4/2
f 2026/2/2 2027/2/2 2060/2/2
f 2059/3/2 2026/3/2 2060/3/2
f 2027/4/2 2028/4/2 2061/4/2
f 2060/2/2 2027/2/2 2061/2/2
f 2028/3/2 2029/3/2 2062/3/2
f 2061/4/2 2028/4/2 2062/4/2
f 2029/1/2 2030/1/2 2063/1/2
f 2062/3/2 2029/3/2 2063/3/2
f 2030/2/2 2031/2/2 2064/2/2
f 2063/1/2 2030/1/2 2064/1/2
f 2064/2/2 2031/2/2 2065/2/2
f 2031/4/2 2032/4/2 2066/4/2
f 2065/2/2 2031/2/2 2066/2/2
f 2066/4/2 2032/4/2 2067/4/2
f 2032/3/2 2033/3/2 2068/3/2
f 2067/4/2 2032/4/2 2068/4/2
f 2068/3/2 2033/3/2 2069/3/2
f 2069/3/2 2033/3/2 2070/3/2
f 2070/3/2 2033/3/2 2071/3/2
f 2033/1/2 2034/1/2 2072/1/2
f 2071/3/2 2033/3/2 2072/3/2
f 2072/1/2 2034/1/2 2073/1/2
f 2035/1/2 2036/1/2 2074/1/2
f 2074/1/2 2036/1/2 2075/1/2
f 2049/2/2 2050/2/2 2076/2/2
f 2076/2/2 2050/2/2 2077/2/2
f 2061/4/2 2062/4/2 2078/4/2
f 2078/4/2 2062/4/2 2079/4/2
f 2074/3/2 2075/3/2 2080/3/2
f 2080/3/2 2075/3/2 2081/3/2
f 2076/3/2 2077/3/2 2082/3/2
f 2082/3/2 2077/3/2 2083/3/2
f 2078/1/2 2079/1/2 2084/1/2
f 2084/1/2 2079/1/2 2085/1/2
f 2080/4/2 2081/4/2 2086/4/2
f 2082/1/2 2083/1/2 2087/1/2
f 2087/1/2 2083/1/2 2088/1/2
f 2084/3/2 2085/3/2 2089/3/2
f 2089/3/2 2085/3/2 2090/3/2
f 2080/4/2 2086/4/2 2091/4/2
f 2091/4/2 2086/4/2 2092/4/2
f 2087/4/2 2088/4/2 2104/4/2
f 2104/4/2 2088/4/2 2105/4/2
f 2089/2/2 2090/2/2 2116/2/2
f 2116/2/2 2090/2/2 2117/2/2
f 2092/1/2 2093/1/2 2129/1/2
f 2093/4/2 2094/4/2 2130/4/2
f 2129/1/2 2093/1/2 2130/1/2
f 2094/1/2 2095/1/2 2131/1/2
f 2130/4/2 2094/4/2 2131/4/2
f 2095/3/2 2096/3/2 2132/3/2
f 2131/1/2 2095/1/2 2132/1/2
f 2096/4/2 2097/4/2 2133/4/2
f 2132/3/2 2096/3/2 2133/3/2
f 2097/3/2 2098/3/2 2134/3/2
f 2133/4/2 2097/4/2 2134/4/2
f 2098/3/2 2099/3/2 2134/3/2
f 2134/3/2 2099/3/2 2135/3/2
f 2099/2/2 2100/2/2 2136/2/2
f 2135/3/2 2099/3/2 2136/3/2
f 2100/2/2 2101/2/2 2136/2/2
f 2136/2/2 2101/2/2 2137/2/2
f 2101/4/2 2102/4/2 2138/4/2
f 2137/2/2 2101/2/2 2138/2/2
f 2138/4/2 2102/4/2 2139/4/2
f 2102/1/2 2103/1/2 2140/1/2
f 2139/4/2 2102/4/2 2140/4/2
f 2103/4/2 2104/4/2 2141/4/2
f 2140/1/2 2103/1/2 2141/1/2
f 2104/4/2 2105/4/2 2141/4/2
f 2141/4/2 2105/4/2 2142/4/2
f 2105/3/2 2106/3/2 2143/3/2
f 2142/4/2 2105/4/2 2143/4/2
f 2106/1/2 2107/1/2 2144/1/2
f 2143/3/2 2106/3/2 2144/3/2
f 2107/2/2 2108/2/2 2145/2/2
f 2144/1/2 2107/1/2 2145/1/2
f 2108/2/2 2109/2/2 2145/2/2
f 2145/2/2 2109/2/2 2146/2/2
f 2109/4/2 2110/4/2 2147/4/2
f 2146/2/2 2109/2/2 2147/2/2
f 2110/4/2 2111/4/2 2147/4/2
f 2147/4/2 2111/4/2 2148/4/2
f 2114/3/2 2115/3/2 2149/3/2
f 2148/4/2 2111/4/2 2149/4/2
f 2111/3/2 2112/3/2 2149/3/2
f 2112/3/2 2113/3/2 2149/3/2
f 2113/3/2 2114/3/2 2149/3/2
f 2149/3/2 2115/3/2 2150/3/2
f 2150/3/2 2115/3/2 2151/3/2
f 2115/1/2 2116/1/2 2152/1/2
f 2151/3/2 2115/3/2 2152/3/2
f 2116/3/2 2117/3/2 2153/3/2
f 2152/1/2 2116/1/2 2153/1/2
f 2117/2/2 2118/2/2 2154/2/2
f 2153/3/2 2117/3/2 2154/3/2
f 2118/1/2 2119/1/2 2155/1/2
f 2154/2/2 2118/2/2 2155/2/2
f 2119/2/2 2120/2/2 2156/2/2
f 2155/1/2 2119/1/2 2156/1/2
f 2120/1/2 2121/1/2 2157/1/2
f 2156/2/2 2120/2/2 2157/2/2
f 2121/3/2 2122/3/2 2158/3/2
f 2157/1/2 2121/1/2 2158/1/2
f 2122/2/2 2123/2/2 2159/2/2
f 2158/3/2 2122/3/2 2159/3/2
f 2123/4/2 2124/4/2 2160/4/2
f 2159/2/2 2123/2/2 2160/2/2
f 2124/2/2 2125/2/2 2161/2/2
f 2160/4/2 2124/4/2 2161/4/2
f 2125/4/2 2126/4/2 2162/4/2
f 2161/2/2 2125/2/2 2162/2/2
f 2126/3/2 2127/3/2 2163/3/2
f 2162/4/2 2126/4/2 2163/4/2
f 2127/2/2 2128/2/2 2164/2/2
f 2163/3/2 2127/3/2 2164/3/2
f 2164/2/2 2128/2/2 2165/2/2
f 2132/4/2 2133/4/2 2166/4/2
f 2148/4/2 2149/4/2 2167/4/2
f 2167/4/2 2149/4/2 2168/4/2
f 2156/2/2 2157/2/2 2169/2/2
f 2169/2/2 2157/2/2 2170/2/2
f 2132/4/2 2166/4/2 2171/4/2
f 2171/4/2 2166/4/2 2172/4/2
f 2167/1/2 2168/1/2 2173/1/2
f 2173/1/2 2168/1/2 2174/1/2
f 2169/3/2 2170/3/2 2175/3/2
f 2175/3/2 2170/3/2 2176/3/2
f 2171/1/2 2172/1/2 2177/1/2
f 2177/1/2 2172/1/2 2178/1/2
f 2173/3/2 2174/3/2 2179/3/2
f 2179/3/2 2174/3/2 2180/3/2
f 2175/1/2 2176/1/2 2181/1/2
f 2181/1/2 2176/1/2 2182/1/2
f 2177/4/2 2178/4/2 2183/4/2
f 2183/4/2 2178/4/2 2184/4/2
f 2179/2/2 2180/2/2 2198/2/2
f 2198/2/2 2180/2/2 2199/2/2
f 2181/4/2 2182/4/2 2207/4/2
f 2207/4/2 2182/4/2 2208/4/2
f 2184/2/2 2185/2/2 2217/2/2
f 2185/4/2 2186/4/2 2218/4/2
f 2217/2/2 2185/2/2 2218/2/2
f 2186/1/2 2187/1/2 2219/1/2
f 2218/4/2 2186/4/2 2219/4/2
f 2187/2/2 2188/2/2 2220/2/2
f 2219/1/2 2187/1/2 2220/1/2
f 2220/2/2 2188/2/2 2221/2/2
f 2188/4/2 2189/4/2 2222/4/2
f 2221/2/2 2188/2/2 2222/2/2
f 2189/3/2 2190/3/2 2223/3/2
f 2222/4/2 2189/4/2 2223/4/2
f 2190/2/2 2191/2/2 2224/2/2
f 2223/3/2 2190/3/2 2224/3/2
f 2191/2/2 2192/2/2 2224/2/2
f 2224/2/2 2192/2/2 2225/2/2
f 2192/4/2 2193/4/2 2226/4/2
f 2225/2/2 2192/2/2 2226/2/2
f 2196/3/2 2197/3/2 2227/3/2
f 2226/4/2 2193/4/2 2227/4/2
f 2193/3/2 2194/3/2 2227/3/2
f 2194/3/2 2195/3/2 2227/3/2
f 2195/3/2 2196/3/2 2227/3/2
f 2227/3/2 2197/3/2 2228/3/2
f 2228/3/2 2197/3/2 2229/3/2
f 2197/4/2 2198/4/2 2230/4/2
f 2229/3/2 2197/3/2 2230/3/2
f 2198/4/2 2199/4/2 2230/4/2
f 2230/4/2 2199/4/2 2231/4/2
f 2199/1/2 2200/1/2 2232/1/2
f 2231/4/2 2199/4/2 2232/4/2
f 2200/2/2 2201/2/2 2233/2/2
f 2232/1/2 2200/1/2 2233/1/2
f 2201/1/2 2202/1/2 2234/1/2
f 2233/2/2 2201/2/2 2234/2/2
f 2202/3/2 2203/3/2 2235/3/2
f 2234/1/2 2202/1/2 2235/1/2
f 2203/2/2 2204/2/2 2236/2/2
f 2235/3/2 2203/3/2 2236/3/2
f 2204/2/2 2205/2/2 2236/2/2
f 2205/4/2 2206/4/2 2237/4/2
f 2236/2/2 2205/2/2 2237/2/2
f 2206/3/2 2207/3/2 2238/3/2
f 2237/4/2 2206/4/2 2238/4/2
f 2207/4/2 2208/4/2 2239/4/2
f 2238/3/2 2207/3/2 2239/3/2
f 2208/1/2 2209/1/2 2240/1/2
f 2239/4/2 2208/4/2 2240/4/2
f 2240/1/2 2209/1/2 2241/1/2
f 2209/2/2 2210/2/2 2242/2/2
f 2241/1/2 2209/1/2 2242/1/2
f 2210/2/2 2211/2/2 2242/2/2
f 2242/2/2 2211/2/2 2243/2/2
f 2212/4/2 2213/4/2 2244/4/2
f 2243/2/2 2211/2/2 2244/2/2
f 2211/4/2 2212/4/2 2244/4/2
f 2215/3/2 2216/3/2 2245/3/2
f 2244/4/2 2213/4/2 2245/4/2
f 2214/3/2 2215/3/2 2245/3/2
f 2213/3/2 2214/3/2 2245/3/2
f 2245/3/2 2216/3/2 2246/3/2
f 2246/3/2 2216/3/2 2247/3/2
f 2221/4/2 2222/4/2 2248/4/2
f 2237/2/2 2238/2/2 2249/2/2
f 2249/2/2 2238/2/2 2250/2/2
f 2221/4/2 2248/4/2 2251/4/2
f 2251/4/2 2248/4/2 2252/4/2
f 2249/3/2 2250/3/2 2253/3/2
f 2253/3/2 2250/3/2 2254/3/2
f 2251/2/2 2252/2/2 2255/2/2
f 2255/2/2 2252/2/2 2256/2/2
f 2253/1/2 2254/1/2 2257/1/2
f 2257/1/2 2254/1/2 2258/1/2
f 2255/4/2 2256/4/2 2259/4/2
f 2259/4/2 2256/4/2 2260/4/2
f 2257/4/2 2258/4/2 2275/4/2
f 2275/4/2 2258/4/2 2276/4/2
f 2260/1/2 2261/1/2 2287/1/2
f 2261/4/2 2262/4/2 2288/4/2
f 2287/1/2 2261/1/2 2288/1/2
f 2262/2/2 2263/2/2 2289/2/2
f 2288/4/2 2262/4/2 2289/4/2
f 2263/1/2 2264/1/2 2290/1/2
f 2289/2/2 2263/2/2 2290/2/2
f 2264/4/2 2265/4/2 2291/4/2
f 2290/1/2 2264/1/2 2291/1/2
f 2265/3/2 2266/3/2 2292/3/2
f 2291/4/2 2265/4/2 2292/4/2
f 2266/3/2 2267/3/2 2292/3/2
f 2292/3/2 2267/3/2 2293/3/2
f 2267/1/2 2268/1/2 2294/1/2
f 2293/3/2 2267/3/2 2294/3/2
f 2268/2/2 2269/2/2 2295/2/2
f 2294/1/2 2268/1/2 2295/1/2
f 2269/4/2 2270/4/2 2296/4/2
f 2295/2/2 2269/2/2 2296/2/2
f 2270/4/2 2271/4/2 2296/4/2
f 2296/4/2 2271/4/2 2297/4/2
f 2271/3/2 2272/3/2 2298/3/2
f 2297/4/2 2271/4/2 2298/4/2
f 2275/4/2 2276/4/2 2299/4/2
f 2298/3/2 2272/3/2 2299/3/2
f 2274/4/2 2275/4/2 2299/4/2
f 2273/4/2 2274/4/2 2299/4/2
f 2272/4/2 2273/4/2 2299/4/2
f 2299/4/2 2276/4/2 2300/4/2
f 2300/4/2 2276/4/2 2301/4/2
f 2301/4/2 2276/4/2 2302/4/2
f 2276/3/2 2277/3/2 2303/3/2
f 2302/4/2 2276/4/2 2303/4/2
f 2277/1/2 2278/1/2 2304/1/2
f 2303/3/2 2277/3/2 2304/3/2
f 2278/2/2 2279/2/2 2305/2/2
f 2304/1/2 2278/1/2 2305/1/2
f 2279/2/2 2280/2/2 2305/2/2
f 2305/2/2 2280/2/2 2306/2/2
f 2281/4/2 2282/4/2 2307/4/2
f 2306/2/2 2280/2/2 2307/2/2
f 2280/4/2 2281/4/2 2307/4/2
f 2282/3/2 2283/3/2 2308/3/2
f 2307/4/2 2282/4/2 2308/4/2
f 2285/3/2 2286/3/2 2308/3/2
f 2284/3/2 2285/3/2 2308/3/2
f 2283/3/2 2284/3/2 2308/3/2
f 2308/3/2 2286/3/2 2309/3/2
f 2309/3/2 2286/3/2 2310/3/2
f 2290/2/2 2291/2/2 2311/2/2
f 2311/2/2 2291/2/2 2312/2/2
f 2306/4/2 2307/4/2 2313/4/2
f 2313/4/2 2307/4/2 2314/4/2
f 2311/4/2 2312/4/2 2315/4/2
f 2315/4/2 2312/4/2 2316/4/2
f 2313/1/2 2314/1/2 2317/1/2
f 2317/1/2 2314/1/2 2318/1/2
f 2315/2/2 2316/2/2 2319/2/2
f 2317/3/2 2318/3/2 2320/3/2
f 2320/3/2 2318/3/2 2321/3/2
f 2315/2/2 2319/2/2 2322/2/2
f 2322/2/2 2319/2/2 2323/2/2
f 2320/2/2 2321/2/2 2339/2/2
f 2339/2/2 2321/2/2 2340/2/2
f 2323/1/2 2324/1/2 2346/1/2
f 2324/1/2 2325/1/2 2346/1/2
f 2325/1/2 2326/1/2 2346/1/2
f 2326/4/2 2327/4/2 2347/4/2
f 2346/1/2 2326/1/2 2347/1/2
f 2327/3/2 2328/3/2 2348/3/2
f 2347/4/2 2327/4/2 2348/4/2
f 2328/3/2 2329/3/2 2348/3/2
f 2329/3/2 2330/3/2 2348/3/2
f 2348/3/2 2330/3/2 2349/3/2
f 2330/4/2 2331/4/2 2350/4/2
f 2349/3/2 2330/3/2 2350/3/2
f 2331/4/2 2332/4/2 2350/4/2
f 2332/4/2 2333/4/2 2350/4/2
f 2350/4/2 2333/4/2 2351/4/2
f 2351/4/2 2333/4/2 2352/4/2
f 2333/3/2 2334/3/2 2353/3/2
f 2352/4/2 2333/4/2 2353/4/2
f 2334/3/2 2335/3/2 2353/3/2
f 2353/3/2 2335/3/2 2354/3/2
f 2354/3/2 2335/3/2 2355/3/2
f 2336/1/2 2337/1/2 2356/1/2
f 2355/3/2 2335/3/2 2356/3/2
f 2335/1/2 2336/1/2 2356/1/2
f 2356/1/2 2337/1/2 2357/1/2
f 2337/2/2 2338/2/2 2358/2/2
f 2357/1/2 2337/1/2 2358/1/2
f 2338/1/2 2339/1/2 2359/1/2
f 2358/2/2 2338/2/2 2359/2/2
f 2339/2/2 2340/2/2 2360/2/2
f 2359/1/2 2339/1/2 2360/1/2
f 2340/2/2 2341/2/2 2360/2/2
f 2360/2/2 2341/2/2 2361/2/2
f 2341/1/2 2342/1/2 2362/1/2
f 2361/2/2 2341/2/2 2362/2/2
f 2342/2/2 2343/2/2 2363/2/2
f 2362/1/2 2342/1/2 2363/1/2
f 2343/1/2 2344/1/2 2364/1/2
f 2363/2/2 2343/2/2 2364/2/2
f 2344/3/2 2345/3/2 2365/3/2
f 2364/1/2 2344/1/2 2365/1/2
f 2365/3/2 2345/3/2 2366/3/2
f 2347/1/2 2348/1/2 2367/1/2
f 2357/2/2 2358/2/2 2368/2/2
f 2368/2/2 2358/2/2 2369/2/2
f 2347/1/2 2367/1/2 2370/1/2
f 2368/3/2 2369/3/2 2371/3/2
f 2371/3/2 2369/3/2 2372/3/2
f 2347/1/2 2370/1/2 2373/1/2
f 2373/1/2 2370/1/2 2374/1/2
f 2371/1/2 2372/1/2 2375/1/2
f 2375/1/2 2372/1/2 2376/1/2
f 2373/2/2 2374/2/2 2377/2/2
f 2377/2/2 2374/2/2 2378/2/2
f 2375/4/2 2376/4/2 2388/4/2
f 2388/4/2 2376/4/2 2389/4/2
f 2378/4/2 2379/4/2 2398/4/2
f 2379/2/2 2380/2/2 2399/2/2
f 2398/4/2 2379/4/2 2399/4/2
f 2380/2/2 2381/2/2 2399/2/2
f 2381/4/2 2382/4/2 2400/4/2
f 2399/2/2 2381/2/2 2400/2/2
f 2382/4/2 2383/4/2 2400/4/2
f 2400/4/2 2383/4/2 2401/4/2
f 2383/3/2 2384/3/2 2402/3/2
f 2401/4/2 2383/4/2 2402/4/2
f 2384/1/2 2385/1/2 2403/1/2
f 2402/3/2 2384/3/2 2403/3/2
f 2387/2/2 2388/2/2 2404/2/2
f 2403/1/2 2385/1/2 2404/1/2
f 2386/2/2 2387/2/2 2404/2/2
f 2385/2/2 2386/2/2 2404/2/2
f 2404/2/2 2388/2/2 2405/2/2
f 2388/4/2 2389/4/2 2406/4/2
f 2405/2/2 2388/2/2 2406/2/2
f 2389/3/2 2390/3/2 2407/3/2
f 2406/4/2 2389/4/2 2407/4/2
f 2390/1/2 2391/1/2 2408/1/2
f 2407/3/2 2390/3/2 2408/3/2
f 2392/2/2 2393/2/2 2409/2/2
f 2408/1/2 2391/1/2 2409/1/2
f 2391/2/2 2392/2/2 2409/2/2
f 2409/2/2 2393/2/2 2410/2/2
f 2410/2/2 2393/2/2 2411/2/2
f 2394/4/2 2395/4/2 2412/4/2
f 2411/2/2 2393/2/2 2412/2/2
f 2393/4/2 2394/4/2 2412/4/2
f 2412/4/2 2395/4/2 2413/4/2
f 2396/3/2 2397/3/2 2414/3/2
f 2413/4/2 2395/4/2 2414/4/2
f 2395/3/2 2396/3/2 2414/3/2
f 2414/3/2 2397/3/2 2415/3/2
f 2401/4/2 2402/4/2 2416/4/2
f 2416/4/2 2402/4/2 2417/4/2
f 2413/4/2 2414/4/2 2418/4/2
f 2418/4/2 2414/4/2 2419/4/2
f 2416/1/2 2417/1/2 2420/1/2
f 2420/1/2 2417/1/2 2421/1/2
f 2418/1/2 2419/1/2 2422/1/2
f 2422/1/2 2419/1/2 2423/1/2
f 2420/3/2 2421/3/2 2424/3/2
f 2424/3/2 2421/3/2 2425/3/2
f 2422/3/2 2423/3/2 2426/3/2
f 2426/3/2 2423/3/2 2427/3/2
f 2424/2/2 2425/2/2 2428/2/2
f 2428/2/2 2425/2/2 2429/2/2
f 2426/2/2 2427/2/2 2440/2/2
f 2440/2/2 2427/2/2 2441/2/2
f 2429/2/2 2430/2/2 2444/2/2
f 2430/1/2 2431/1/2 2445/1/2
f 2444/2/2 2430/2/2 2445/2/2
f 2431/2/2 2432/2/2 2446/2/2
f 2445/1/2 2431/1/2 2446/1/2
f 2432/1/2 2433/1/2 2447/1/2
f 2446/2/2 2432/2/2 2447/2/2
f 2447/1/2 2433/1/2 2448/1/2
f 2433/3/2 2434/3/2 2449/3/2
f 2448/1/2 2433/1/2 2449/1/2
f 2434/2/2 2435/2/2 2450/2/2
f 2449/3/2 2434/3/2 2450/3/2
f 2435/4/2 2436/4/2 2451/4/2
f 2450/2/2 2435/2/2 2451/2/2
f 2436/2/2 2437/2/2 2452/2/2
f 2451/4/2 2436/4/2 2452/4/2
f 2437/4/2 2438/4/2 2453/4/2
f 2452/2/2 2437/2/2 2453/2/2
f 2438/3/2 2439/3/2 2454/3/2
f 2453/4/2 2438/4/2 2454/4/2
f 2439/2/2 2440/2/2 2455/2/2
f 2454/3/2 2439/3/2 2455/3/2
f 2440/4/2 2441/4/2 2456/4/2
f 2455/2/2 2440/2/2 2456/2/2
f 2441/2/2 2442/2/2 2457/2/2
f 2456/4/2 2441/4/2 2457/4/2
f 2442/1/2 2443/1/2 2458/1/2
f 2457/2/2 2442/2/2 2458/2/2
f 2458/1/2 2443/1/2 2459/1/2
f 2448/2/2 2449/2/2 2460/2/2
f 2460/2/2 2449/2/2 2461/2/2
f 2460/1/2 2461/1/2 2462/1/2
f 2462/1/2 2461/1/2 2463/1/2
f 2462/2/2 2463/2/2 2464/2/2
f 2464/2/2 2463/2/2 2465/2/2
f 2465/4/2 2466/4/2 2476/4/2
f 2466/2/2 2467/2/2 2477/2/2
f 2476/4/2 2466/4/2 2477/4/2
f 2467/1/2 2468/1/2 2478/1/2
f 2477/2/2 2467/2/2 2478/2/2
f 2468/4/2 2469/4/2 2479/4/2
f 2478/1/2 2468/1/2 2479/1/2
f 2469/1/2 2470/1/2 2480/1/2
f 2479/4/2 2469/4/2 2480/4/2
f 2470/4/2 2471/4/2 2481/4/2
f 2480/1/2 2470/1/2 2481/1/2
f 2471/3/2 2472/3/2 2482/3/2
f 2481/4/2 2471/4/2 2482/4/2
f 2473/4/2 2474/4/2 2483/4/2
f 2482/3/2 2472/3/2 2483/3/2
f 2472/4/2 2473/4/2 2483/4/2
f 2483/4/2 2474/4/2 2484/4/2
f 2474/2/2 2475/2/2 2485/2/2
f 2484/4/2 2474/4/2 2485/4/2
f 2485/2/2 2475/2/2 2486/2/2
f 2480/3/2 2481/3/2 2487/3/2
f 2480/3/2 2487/3/2 2488/3/2
f 2480/3/2 2488/3/2 2489/3/2
f 2489/3/2 2488/3/2 2490/3/2
f 2489/1/2 2490/1/2 2491/1/2
f 2491/1/2 2490/1/2 2492/1/2
f 2494/1/2 2495/1/2 2496/1/2
f 2493/1/2 2494/1/2 2496/1/2
f 2492/1/2 2493/1/2 2496/1/2
f 2496/1/2 2495/1/2 2497/1/2
f 2498/1/2 2499/1/2 2528/1/2
f 2499/2/2 2500/2/2 2529/2/2
f 2528/1/2 2499/1/2 2529/1/2
f 2500/4/2 2501/4/2 2530/4/2
f 2529/2/2 2500/2/2 2530/2/2
f 2501/3/2 2502/3/2 2531/3/2
f 2530/4/2 2501/4/2 2531/4/2
f 2502/1/2 2503/1/2 2532/1/2
f 2531/3/2 2502/3/2 2532/3/2
f 2532/1/2 2503/1/2 2533/1/2
f 2503/3/2 2504/3/2 2534/3/2
f 2533/1/2 2503/1/2 2534/1/2
f 2504/2/2 2505/2/2 2535/2/2
f 2534/3/2 2504/3/2 2535/3/2
f 2505/4/2 2506/4/2 2536/4/2
f 2535/2/2 2505/2/2 2536/2/2
f 2536/4/2 2506/4/2 2537/4/2
f 2506/1/2 2507/1/2 2538/1/2
f 2537/4/2 2506/4/2 2538/4/2
f 2507/2/2 2508/2/2 2539/2/2
f 2538/1/2 2507/1/2 2539/1/2
f 2508/4/2 2509/4/2 2540/4/2
f 2539/2/2 2508/2/2 2540/2/2
f 2540/4/2 2509/4/2 2541/4/2
f 2510/1/2 2511/1/2 2542/1/2
f 2542/1/2 2511/1/2 2543/1/2
f 2511/2/2 2512/2/2 2544/2/2
f 2543/1/2 2511/1/2 2544/1/2
f 2544/2/2 2512/2/2 2545/2/2
f 2512/4/2 2513/4/2 2546/4/2
f 2545/2/2 2512/2/2 2546/2/2
f 2513/1/2 2514/1/2 2547/1/2
f 2514/4/2 2515/4/2 2548/4/2
f 2547/1/2 2514/1/2 2548/1/2
f 2515/2/2 2516/2/2 2549/2/2
f 2548/4/2 2515/4/2 2549/4/2
f 2516/4/2 2517/4/2 2550/4/2
f 2549/2/2 2516/2/2 2550/2/2
f 2550/4/2 2517/4/2 2551/4/2
f 2518/4/2 2519/4/2 2552/4/2
f 2519/1/2 2520/1/2 2553/1/2
f 2552/4/2 2519/4/2 2553/4/2
f 2520/2/2 2521/2/2 2554/2/2
f 2553/1/2 2520/1/2 2554/1/2
f 2554/2/2 2521/2/2 2555/2/2
f 2521/4/2 2522/4/2 2556/4/2
f 2555/2/2 2521/2/2 2556/2/2
f 2522/3/2 2523/3/2 2557/3/2
f 2556/4/2 2522/4/2 2557/4/2
f 2523/2/2 2524/2/2 2558/2/2
f 2557/3/2 2523/3/2 2558/3/2
f 2524/4/2 2525/4/2 2559/4/2
f 2558/2/2 2524/2/2 2559/2/2
f 2525/1/2 2526/1/2 2560/1/2
f 2559/4/2 2525/4/2 2560/4/2
f 2526/4/2 2527/4/2 2561/4/2
f 2560/1/2 2526/1/2 2561/1/2
f 2561/4/2 2527/4/2 2562/4/2
f 2528/4/2 2529/4/2 2563/4/2
f 2529/1/2 2530/1/2 2564/1/2
f 2563/4/2 2529/4/2 2564/4/2
f 2530/3/2 2531/3/2 2565/3/2
f 2564/1/2 2530/1/2 2565/1/2
f 2531/2/2 2532/2/2 2566/2/2
f 2565/3/2 2531/3/2 2566/3/2
f 2532/4/2 2533/4/2 2567/4/2
f 2566/2/2 2532/2/2 2567/2/2
f 2533/1/2 2534/1/2 2568/1/2
f 2567/4/2 2533/4/2 2568/4/2
f 2534/2/2 2535/2/2 2569/2/2
f 2568/1/2 2534/1/2 2569/1/2
f 2536/2/2 2537/2/2 2569/2/2
f 2535/2/2 2536/2/2 2569/2/2
f 2537/1/2 2538/1/2 2570/1/2
f 2569/2/2 2537/2/2 2570/2/2
f 2538/1/2 2539/1/2 2570/1/2
f 2570/1/2 2539/1/2 2571/1/2
f 2539/3/2 2540/3/2 2572/3/2
f 2571/1/2 2539/1/2 2572/1/2
f 2540/2/2 2541/2/2 2573/2/2
f 2572/3/2 2540/3/2 2573/3/2
f 2573/2/2 2541/2/2 2574/2/2
f 2542/4/2 2543/4/2 2575/4/2
f 2543/2/2 2544/2/2 2576/2/2
f 2575/4/2 2543/4/2 2576/4/2
f 2576/2/2 2544/2/2 2577/2/2
f 2544/1/2 2545/1/2 2578/1/2
f 2577/2/2 2544/2/2 2578/2/2
f 2545/4/2 2546/4/2 2579/4/2
f 2578/1/2 2545/1/2 2579/1/2
f 2546/4/2 2513/4/2 2580/4/2
f 2579/4/2 2546/4/2 2580/4/2
f 2513/1/2 2547/1/2 2580/1/2
f 2547/3/2 2548/3/2 2581/3/2
f 2580/1/2 2547/1/2 2581/1/2
f 2548/3/2 2549/3/2 2581/3/2
f 2581/3/2 2549/3/2 2582/3/2
f 2549/4/2 2550/4/2 2583/4/2
f 2582/3/2 2549/3/2 2583/3/2
f 2583/4/2 2550/4/2 2584/4/2
f 2550/1/2 2551/1/2 2585/1/2
f 2584/4/2 2550/4/2 2585/4/2
f 2585/1/2 2551/1/2 2586/1/2
f 2552/2/2 2553/2/2 2587/2/2
f 2587/2/2 2553/2/2 2588/2/2
f 2553/4/2 2554/4/2 2589/4/2
f 2588/2/2 2553/2/2 2589/2/2
f 2554/3/2 2555/3/2 2590/3/2
f 2589/4/2 2554/4/2 2590/4/2
f 2555/1/2 2556/1/2 2591/1/2
f 2590/3/2 2555/3/2 2591/3/2
f 2556/2/2 2557/2/2 2592/2/2
f 2591/1/2 2556/1/2 2592/1/2
f 2557/1/2 2558/1/2 2593/1/2
f 2592/2/2 2557/2/2 2593/2/2
f 2559/3/2 2560/3/2 2594/3/2
f 2593/1/2 2558/1/2 2594/1/2
f 2558/3/2 2559/3/2 2594/3/2
f 2594/3/2 2560/3/2 2595/3/2
f 2560/1/2 2561/1/2 2596/1/2
f 2595/3/2 2560/3/2 2596/3/2
f 2561/2/2 2562/2/2 2597/2/2
f 2596/1/2 2561/1/2 2597/1/2
f 2597/2/2 2562/2/2 2598/2/2
f 2563/3/2 2564/3/2 2599/3/2
f 2564/4/2 2565/4/2 2600/4/2
f 2599/3/2 2564/3/2 2600/3/2
f 2565/1/2 2566/1/2 2601/1/2
f 2600/4/2 2565/4/2 2601/4/2
f 2566/4/2 2567/4/2 2602/4/2
f 2601/1/2 2566/1/2 2602/1/2
f 2567/2/2 2568/2/2 2603/2/2
f 2602/4/2 2567/4/2 2603/4/2
f 2568/3/2 2569/3/2 2604/3/2
f 2603/2/2 2568/2/2 2604/2/2
f 2569/1/2 2570/1/2 2605/1/2
f 2604/3/2 2569/3/2 2605/3/2
f 2605/1/2 2570/1/2 2606/1/2
f 2606/1/2 2570/1/2 2607/1/2
f 2571/4/2 2572/4/2 2608/4/2
f 2570/2/2 2571/2/2 2608/2/2
f 2573/1/2 2574/1/2 2609/1/2
f 2608/4/2 2572/4/2 2609/4/2
f 2572/1/2 2573/1/2 2609/1/2
f 2609/1/2 2574/1/2 2610/1/2
f 2576/2/2 2577/2/2 2611/2/2
f 2575/2/2 2576/2/2 2611/2/2
f 2577/4/2 2578/4/2 2612/4/2
f 2611/2/2 2577/2/2 2612/2/2
f 2578/3/2 2579/3/2 2613/3/2
f 2612/4/2 2578/4/2 2613/4/2
f 2579/1/2 2580/1/2 2614/1/2
f 2613/3/2 2579/3/2 2614/3/2
f 2580/2/2 2581/2/2 2615/2/2
f 2614/1/2 2580/1/2 2615/1/2
f 2581/1/2 2582/1/2 2616/1/2
f 2615/2/2 2581/2/2 2616/2/2
f 2583/3/2 2584/3/2 2617/3/2
f 2616/1/2 2582/1/2 2617/1/2
f 2582/3/2 2583/3/2 2617/3/2
f 2617/3/2 2584/3/2 2618/3/2
f 2584/1/2 2585/1/2 2619/1/2
f 2618/3/2 2584/3/2 2619/3/2
f 2585/2/2 2586/2/2 2620/2/2
f 2619/1/2 2585/1/2 2620/1/2
f 2620/2/2 2586/2/2 2621/2/2
f 2587/4/2 2588/4/2 2622/4/2
f 2588/2/2 2589/2/2 2623/2/2
f 2622/4/2 2588/4/2 2623/4/2
f 2589/2/2 2590/2/2 2623/2/2
f 2590/1/2 2591/1/2 2624/1/2
f 2623/2/2 2590/2/2 2624/2/2
f 2591/4/2 2592/4/2 2625/4/2
f 2624/1/2 2591/1/2 2625/1/2
f 2625/4/2 2592/4/2 2626/4/2
f 2592/1/2 2593/1/2 2627/1/2
f 2594/3/2 2595/3/2 2627/3/2
f 2593/3/2 2594/3/2 2627/3/2
f 2627/3/2 2595/3/2 2628/3/2
f 2595/4/2 2596/4/2 2629/4/2
f 2628/3/2 2595/3/2 2629/3/2
f 2596/4/2 2597/4/2 2629/4/2
f 2597/1/2 2598/1/2 2630/1/2
f 2629/4/2 2597/4/2 2630/4/2
f 2630/1/2 2598/1/2 2631/1/2
f 2599/1/2 2600/1/2 2632/1/2
f 2600/2/2 2601/2/2 2633/2/2
f 2632/1/2 2600/1/2 2633/1/2
f 2601/4/2 2602/4/2 2634/4/2
f 2633/2/2 2601/2/2 2634/2/2
f 2602/1/2 2603/1/2 2635/1/2
f 2634/4/2 2602/4/2 2635/4/2
f 2603/1/2 2604/1/2 2635/1/2
f 2604/1/2 2605/1/2 2635/1/2
f 2605/2/2 2606/2/2 2636/2/2
f 2635/1/2 2605/1/2 2636/1/2
f 2606/4/2 2607/4/2 2637/4/2
f 2636/2/2 2606/2/2 2637/2/2
f 2607/1/2 2570/1/2 2638/1/2
f 2637/4/2 2607/4/2 2638/4/2
f 2570/2/2 2608/2/2 2639/2/2
f 2638/1/2 2570/1/2 2639/1/2
f 2608/2/2 2609/2/2 2639/2/2
f 2609/4/2 2610/4/2 2640/4/2
f 2639/2/2 2609/2/2 2640/2/2
f 2610/1/2 2574/1/2 2641/1/2
f 2640/4/2 2610/4/2 2641/4/2
f 2641/1/2 2574/1/2 2642/1/2
f 2611/4/2 2612/4/2 2643/4/2
f 2612/1/2 2613/1/2 2644/1/2
f 2643/4/2 2612/4/2 2644/4/2
f 2614/2/2 2615/2/2 2645/2/2
f 2644/1/2 2613/1/2 2645/1/2
f 2613/2/2 2614/2/2 2645/2/2
f 2615/4/2 2616/4/2 2646/4/2
f 2645/2/2 2615/2/2 2646/2/2
f 2616/3/2 2617/3/2 2647/3/2
f 2646/4/2 2616/4/2 2647/4/2
f 2617/2/2 2618/2/2 2648/2/2
f 2647/3/2 2617/3/2 2648/3/2
f 2618/4/2 2619/4/2 2649/4/2
f 2648/2/2 2618/2/2 2649/2/2
f 2619/1/2 2620/1/2 2650/1/2
f 2649/4/2 2619/4/2 2650/4/2
f 2620/4/2 2621/4/2 2651/4/2
f 2650/1/2 2620/1/2 2651/1/2
f 2651/4/2 2621/4/2 2652/4/2
f 2622/1/2 2623/1/2 2653/1/2
f 2623/1/2 2624/1/2 2653/1/2
f 2625/2/2 2626/2/2 2654/2/2
f 2653/1/2 2624/1/2 2654/1/2
f 2624/2/2 2625/2/2 2654/2/2
f 2626/4/2 2592/4/2 2655/4/2
f 2654/2/2 2626/2/2 2655/2/2
f 2627/1/2 2628/1/2 2656/1/2
f 2655/4/2 2592/4/2 2656/4/2
f 2592/1/2 2627/1/2 2656/1/2
f 2628/4/2 2629/4/2 2657/4/2
f 2656/1/2 2628/1/2 2657/1/2
f 2629/2/2 2630/2/2 2658/2/2
f 2657/4/2 2629/4/2 2658/4/2
f 2630/4/2 2631/4/2 2659/4/2
f 2658/2/2 2630/2/2 2659/2/2
f 2659/4/2 2631/4/2 2660/4/2
f 2661/4/2 2662/4/2 2689/4/2
f 2662/1/2 2663/1/2 2690/1/2
f 2689/4/2 2662/4/2 2690/4/2
f 2663/3/2 2664/3/2 2691/3/2
f 2690/1/2 2663/1/2 2691/1/2
f 2664/2/2 2665/2/2 2692/2/2
f 2691/3/2 2664/3/2 2692/3/2
f 2665/4/2 2666/4/2 2693/4/2
f 2692/2/2 2665/2/2 2693/2/2
f 2666/1/2 2667/1/2 2694/1/2
f 2693/4/2 2666/4/2 2694/4/2
f 2667/2/2 2668/2/2 2695/2/2
f 2694/1/2 2667/1/2 2695/1/2
f 2668/4/2 2669/4/2 2696/4/2
f 2695/2/2 2668/2/2 2696/2/2
f 2669/3/2 2670/3/2 2697/3/2
f 2696/4/2 2669/4/2 2697/4/2
f 2670/2/2 2671/2/2 2698/2/2
f 2697/3/2 2670/3/2 2698/3/2
f 2698/2/2 2671/2/2 2699/2/2
f 2671/4/2 2672/4/2 2700/4/2
f 2699/2/2 2671/2/2 2700/2/2
f 2700/4/2 2672/4/2 2701/4/2
f 2672/1/2 2673/1/2 2702/1/2
f 2701/4/2 2672/4/2 2702/4/2
f 2673/4/2 2674/4/2 2703/4/2
f 2702/1/2 2673/1/2 2703/1/2
f 2675/4/2 2676/4/2 2704/4/2
f 2676/1/2 2677/1/2 2705/1/2
f 2704/4/2 2676/4/2 2705/4/2
f 2677/2/2 2678/2/2 2706/2/2
f 2705/1/2 2677/1/2 2706/1/2
f 2706/2/2 2678/2/2 2707/2/2
f 2678/4/2 2679/4/2 2708/4/2
f 2707/2/2 2678/2/2 2708/2/2
f 2679/2/2 2680/2/2 2709/2/2
f 2708/4/2 2679/4/2 2709/4/2
f 2680/4/2 2681/4/2 2710/4/2
f 2709/2/2 2680/2/2 2710/2/2
f 2681/1/2 2682/1/2 2711/1/2
f 2710/4/2 2681/4/2 2711/4/2
f 2683/1/2 2684/1/2 2712/1/2
f 2684/2/2 2685/2/2 2713/2/2
f 2712/1/2 2684/1/2 2713/1/2
f 2685/4/2 2686/4/2 2714/4/2
f 2713/2/2 2685/2/2 2714/2/2
f 2686/1/2 2687/1/2 2715/1/2
f 2687/2/2 2688/2/2 2716/2/2
f 2715/1/2 2687/1/2 2716/1/2
f 2716/2/2 2688/2/2 2717/2/2
f 2689/2/2 2690/2/2 2718/2/2
f 2690/4/2 2691/4/2 2719/4/2
f 2718/2/2 2690/2/2 2719/2/2
f 2691/1/2 2692/1/2 2720/1/2
f 2719/4/2 2691/4/2 2720/4/2
f 2692/1/2 2693/1/2 2720/1/2
f 2720/1/2 2693/1/2 2721/1/2
f 2693/2/2 2694/2/2 2722/2/2
f 2721/1/2 2693/1/2 2722/1/2
f 2694/1/2 2695/1/2 2723/1/2
f 2722/2/2 2694/2/2 2723/2/2
f 2695/3/2 2696/3/2 2724/3/2
f 2723/1/2 2695/1/2 2724/1/2
f 2724/3/2 2696/3/2 2725/3/2
f 2696/1/2 2697/1/2 2726/1/2
f 2725/3/2 2696/3/2 2726/3/2
f 2697/1/2 2698/1/2 2726/1/2
f 2698/3/2 2699/3/2 2727/3/2
f 2726/1/2 2698/1/2 2727/1/2
f 2700/2/2 2701/2/2 2728/2/2
f 2727/3/2 2699/3/2 2728/3/2
f 2699/2/2 2700/2/2 2728/2/2
f 2728/2/2 2701/2/2 2729/2/2
f 2701/1/2 2702/1/2 2730/1/2
f 2729/2/2 2701/2/2 2730/2/2
f 2702/4/2 2703/4/2 2731/4/2
f 2730/1/2 2702/1/2 2731/1/2
f 2703/4/2 2674/4/2 2732/4/2
f 2731/4/2 2703/4/2 2732/4/2
f 2704/2/2 2705/2/2 2733/2/2
f 2705/4/2 2706/4/2 2733/4/2
f 2706/3/2 2707/3/2 2734/3/2
f 2733/4/2 2706/4/2 2734/4/2
f 2707/1/2 2708/1/2 2735/1/2
f 2734/3/2 2707/3/2 2735/3/2
f 2708/2/2 2709/2/2 2736/2/2
f 2735/1/2 2708/1/2 2736/1/2
f 2709/3/2 2710/3/2 2737/3/2
f 2736/2/2 2709/2/2 2737/2/2
f 2710/3/2 2711/3/2 2737/3/2
f 2737/3/2 2711/3/2 2738/3/2
f 2711/1/2 2682/1/2 2739/1/2
f 2738/3/2 2711/3/2 2739/3/2
f 2739/1/2 2682/1/2 2740/1/2
f 2712/2/2 2713/2/2 2741/2/2
f 2713/4/2 2714/4/2 2742/4/2
f 2741/2/2 2713/2/2 2742/2/2
f 2686/1/2 2715/1/2 2743/1/2
f 2742/4/2 2714/4/2 2743/4/2
f 2714/4/2 2686/4/2 2743/4/2
f 2715/3/2 2716/3/2 2744/3/2
f 2743/1/2 2715/1/2 2744/1/2
f 2716/4/2 2717/4/2 2745/4/2
f 2744/3/2 2716/3/2 2745/3/2
f 2745/4/2 2717/4/2 2746/4/2
f 2746/4/2 2717/4/2 2747/4/2
f 2718/3/2 2719/3/2 2748/3/2
f 2720/3/2 2721/3/2 2748/3/2
f 2719/3/2 2720/3/2 2748/3/2
f 2748/3/2 2721/3/2 2749/3/2
f 2749/3/2 2721/3/2 2750/3/2
f 2721/1/2 2722/1/2 2751/1/2
f 2750/3/2 2721/3/2 2751/3/2
f 2722/1/2 2723/1/2 2751/1/2
f 2723/4/2 2724/4/2 2752/4/2
f 2751/1/2 2723/1/2 2752/1/2
f 2724/1/2 2725/1/2 2753/1/2
f 2752/4/2 2724/4/2 2753/4/2
f 2725/3/2 2726/3/2 2754/3/2
f 2753/1/2 2725/1/2 2754/1/2
f 2726/4/2 2727/4/2 2755/4/2
f 2754/3/2 2726/3/2 2755/3/2
f 2728/1/2 2729/1/2 2756/1/2
f 2755/4/2 2727/4/2 2756/4/2
f 2727/1/2 2728/1/2 2756/1/2
f 2756/1/2 2729/1/2 2757/1/2
f 2729/3/2 2730/3/2 2758/3/2
f 2757/1/2 2729/1/2 2758/1/2
f 2730/1/2 2731/1/2 2759/1/2
f 2758/3/2 2730/3/2 2759/3/2
f 2731/2/2 2732/2/2 2760/2/2
f 2759/1/2 2731/1/2 2760/1/2
f 2732/4/2 2674/4/2 2761/4/2
f 2760/2/2 2732/2/2 2761/2/2
f 2761/4/2 2674/4/2 2762/4/2
f 2704/2/2 2733/2/2 2763/2/2
f 2733/2/2 2734/2/2 2763/2/2
f 2734/1/2 2735/1/2 2764/1/2
f 2763/2/2 2734/2/2 2764/2/2
f 2735/4/2 2736/4/2 2765/4/2
f 2764/1/2 2735/1/2 2765/1/2
f 2737/3/2 2738/3/2 2766/3/2
f 2736/1/2 2737/1/2 2766/1/2
f 2739/4/2 2740/4/2 2767/4/2
f 2766/3/2 2738/3/2 2767/3/2
f 2738/4/2 2739/4/2 2767/4/2
f 2767/4/2 2740/4/2 2768/4/2
f 2712/2/2 2741/2/2 2769/2/2
f 2741/4/2 2742/4/2 2770/4/2
f 2769/2/2 2741/2/2 2770/2/2
f 2742/1/2 2743/1/2 2771/1/2
f 2770/4/2 2742/4/2 2771/4/2
f 2743/2/2 2744/2/2 2772/2/2
f 2771/1/2 2743/1/2 2772/1/2
f 2744/1/2 2745/1/2 2773/1/2
f 2772/2/2 2744/2/2 2773/2/2
f 2745/3/2 2746/3/2 2774/3/2
f 2773/1/2 2745/1/2 2774/1/2
f 2746/1/2 2747/1/2 2775/1/2
f 2774/3/2 2746/3/2 2775/3/2
f 2748/1/2 2749/1/2 2776/1/2
f 2749/3/2 2750/3/2 2777/3/2
f 2776/1/2 2749/1/2 2777/1/2
f 2751/2/2 2752/2/2 2778/2/2
f 2777/3/2 2750/3/2 2778/3/2
f 2750/2/2 2751/2/2 2778/2/2
f 2752/4/2 2753/4/2 2779/4/2
f 2778/2/2 2752/2/2 2779/2/2
f 2753/4/2 2754/4/2 2779/4/2
f 2754/1/2 2755/1/2 2780/1/2
f 2779/4/2 2754/4/2 2780/4/2
f 2755/2/2 2756/2/2 2781/2/2
f 2780/1/2 2755/1/2 2781/1/2
f 2756/2/2 2757/2/2 2781/2/2
f 2757/4/2 2758/4/2 2782/4/2
f 2781/2/2 2757/2/2 2782/2/2
f 2758/1/2 2759/1/2 2783/1/2
f 2782/4/2 2758/4/2 2783/4/2
f 2759/3/2 2760/3/2 2784/3/2
f 2783/1/2 2759/1/2 2784/1/2
f 2761/1/2 2762/1/2 2785/1/2
f 2784/3/2 2760/3/2 2785/3/2
f 2760/1/2 2761/1/2 2785/1/2
f 2785/1/2 2762/1/2 2786/1/2
f 2763/1/2 2764/1/2 2787/1/2
f 2764/2/2 2765/2/2 2788/2/2
f 2787/1/2 2764/1/2 2788/1/2
f 2765/4/2 2736/4/2 2789/4/2
f 2788/2/2 2765/2/2 2789/2/2
f 2736/1/2 2766/1/2 2790/1/2
f 2789/4/2 2736/4/2 2790/4/2
f 2766/4/2 2767/4/2 2791/4/2
f 2790/1/2 2766/1/2 2791/1/2
f 2767/2/2 2768/2/2 2792/2/2
f 2791/4/2 2767/4/2 2792/4/2
f 2792/2/2 2768/2/2 2793/2/2
f 2769/4/2 2770/4/2 2794/4/2
f 2770/1/2 2771/1/2 2795/1/2
f 2794/4/2 2770/4/2 2795/4/2
f 2771/2/2 2772/2/2 2796/2/2
f 2795/1/2 2771/1/2 2796/1/2
f 2772/4/2 2773/4/2 2797/4/2
f 2796/2/2 2772/2/2 2797/2/2
f 2773/3/2 2774/3/2 2798/3/2
f 2797/4/2 2773/4/2 2798/4/2
f 2774/4/2 2775/4/2 2799/4/2
f 2798/3/2 2774/3/2 2799/3/2
f 2775/1/2 2747/1/2 2800/1/2
f 2799/4/2 2775/4/2 2800/4/2
f 2800/1/2 2747/1/2 2801/1/2
f 2802/2/2 2803/2/2 2823/2/2
f 2803/4/2 2804/4/2 2824/4/2
f 2823/2/2 2803/2/2 2824/2/2
f 2804/1/2 2805/1/2 2825/1/2
f 2824/4/2 2804/4/2 2825/4/2
f 2805/2/2 2806/2/2 2826/2/2
f 2825/1/2 2805/1/2 2826/1/2
f 2806/4/2 2807/4/2 2827/4/2
f 2826/2/2 2806/2/2 2827/2/2
f 2807/3/2 2808/3/2 2828/3/2
f 2827/4/2 2807/4/2 2828/4/2
f 2808/2/2 2809/2/2 2829/2/2
f 2828/3/2 2808/3/2 2829/3/2
f 2809/4/2 2810/4/2 2830/4/2
f 2829/2/2 2809/2/2 2830/2/2
f 2830/4/2 2810/4/2 2831/4/2
f 2831/4/2 2810/4/2 2832/4/2
f 2810/1/2 2811/1/2 2833/1/2
f 2832/4/2 2810/4/2 2833/4/2
f 2811/2/2 2812/2/2 2834/2/2
f 2833/1/2 2811/1/2 2834/1/2
f 2812/4/2 2813/4/2 2835/4/2
f 2813/1/2 2814/1/2 2836/1/2
f 2835/4/2 2813/4/2 2836/4/2
f 2814/4/2 2815/4/2 2837/4/2
f 2836/1/2 2814/1/2 2837/1/2
f 2837/4/2 2815/4/2 2838/4/2
f 2838/4/2 2815/4/2 2839/4/2
f 2816/1/2 2817/1/2 2840/1/2
f 2840/1/2 2817/1/2 2841/1/2
f 2817/2/2 2818/2/2 2842/2/2
f 2841/1/2 2817/1/2 2842/1/2
f 2842/2/2 2818/2/2 2843/2/2
f 2818/4/2 2819/4/2 2844/4/2
f 2843/2/2 2818/2/2 2844/2/2
f 2819/1/2 2820/1/2 2845/1/2
f 2820/4/2 2821/4/2 2846/4/2
f 2845/1/2 2820/1/2 2846/1/2
f 2821/2/2 2822/2/2 2847/2/2
f 2846/4/2 2821/4/2 2847/4/2
f 2847/2/2 2822/2/2 2848/2/2
f 2823/1/2 2824/1/2 2849/1/2
f 2824/1/2 2825/1/2 2849/1/2
f 2849/1/2 2825/1/2 2850/1/2
f 2825/3/2 2826/3/2 2851/3/2
f 2850/1/2 2825/1/2 2851/1/2
f 2826/3/2 2827/3/2 2851/3/2
f 2851/3/2 2827/3/2 2852/3/2
f 2827/2/2 2828/2/2 2853/2/2
f 2852/3/2 2827/3/2 2853/3/2
f 2828/4/2 2829/4/2 2854/4/2
f 2853/2/2 2828/2/2 2854/2/2
f 2829/3/2 2830/3/2 2855/3/2
f 2854/4/2 2829/4/2 2855/4/2
f 2855/3/2 2830/3/2 2856/3/2
f 2830/2/2 2831/2/2 2857/2/2
f 2856/3/2 2830/3/2 2857/3/2
f 2831/1/2 2832/1/2 2858/1/2
f 2857/2/2 2831/2/2 2858/2/2
f 2832/3/2 2833/3/2 2859/3/2
f 2858/1/2 2832/1/2 2859/1/2
f 2833/2/2 2834/2/2 2860/2/2
f 2859/3/2 2833/3/2 2860/3/2
f 2834/2/2 2812/2/2 2861/2/2
f 2860/2/2 2834/2/2 2861/2/2
f 2812/4/2 2835/4/2 2861/4/2
f 2835/1/2 2836/1/2 2862/1/2
f 2861/4/2 2835/4/2 2862/4/2
f 2836/3/2 2837/3/2 2863/3/2
f 2862/1/2 2836/1/2 2863/1/2
f 2837/3/2 2838/3/2 2863/3/2
f 2863/3/2 2838/3/2 2864/3/2
f 2838/2/2 2839/2/2 2865/2/2
f 2864/3/2 2838/3/2 2865/3/2
f 2865/2/2 2839/2/2 2866/2/2
f 2840/4/2 2841/4/2 2867/4/2
f 2841/2/2 2842/2/2 2868/2/2
f 2867/4/2 2841/4/2 2868/4/2
f 2868/2/2 2842/2/2 2869/2/2
f 2842/1/2 2843/1/2 2870/1/2
f 2869/2/2 2842/2/2 2870/2/2
f 2843/4/2 2844/4/2 2871/4/2
f 2870/1/2 2843/1/2 2871/1/2
f 2844/4/2 2819/4/2 2872/4/2
f 2871/4/2 2844/4/2 2872/4/2
f 2819/1/2 2845/1/2 2872/1/2
f 2845/3/2 2846/3/2 2873/3/2
f 2872/1/2 2845/1/2 2873/1/2
f 2846/3/2 2847/3/2 2873/3/2
f 2873/3/2 2847/3/2 2874/3/2
f 2847/4/2 2848/4/2 2875/4/2
f 2874/3/2 2847/3/2 2875/3/2
f 2875/4/2 2848/4/2 2876/4/2
f 2876/4/2 2848/4/2 2877/4/2
f 2849/2/2 2850/2/2 2878/2/2
f 2850/4/2 2851/4/2 2878/4/2
f 2851/1/2 2852/1/2 2879/1/2
f 2878/4/2 2851/4/2 2879/4/2
f 2852/3/2 2853/3/2 2880/3/2
f 2879/1/2 2852/1/2 2880/1/2
f 2853/3/2 2854/3/2 2880/3/2
f 2854/1/2 2855/1/2 2881/1/2
f 2880/3/2 2854/3/2 2881/3/2
f 2855/1/2 2856/1/2 2881/1/2
f 2856/4/2 2857/4/2 2882/4/2
f 2881/1/2 2856/1/2 2882/1/2
f 2857/1/2 2858/1/2 2883/1/2
f 2859/4/2 2860/4/2 2883/4/2
f 2858/4/2 2859/4/2 2883/4/2
f 2883/4/2 2860/4/2 2884/4/2
f 2860/3/2 2861/3/2 2885/3/2
f 2884/4/2 2860/4/2 2885/4/2
f 2885/3/2 2861/3/2 2886/3/2
f 2861/2/2 2862/2/2 2887/2/2
f 2886/3/2 2861/3/2 2887/3/2
f 2862/3/2 2863/3/2 2888/3/2
f 2887/2/2 2862/2/2 2888/2/2
f 2863/4/2 2864/4/2 2889/4/2
f 2888/3/2 2863/3/2 2889/3/2
f 2864/3/2 2865/3/2 2890/3/2
f 2889/4/2 2864/4/2 2890/4/2
f 2865/1/2 2866/1/2 2891/1/2
f 2890/3/2 2865/3/2 2891/3/2
f 2891/1/2 2866/1/2 2892/1/2
f 2868/2/2 2869/2/2 2893/2/2
f 2867/2/2 2868/2/2 2893/2/2
f 2869/4/2 2870/4/2 2894/4/2
f 2893/2/2 2869/2/2 2894/2/2
f 2870/3/2 2871/3/2 2895/3/2
f 2894/4/2 2870/4/2 2895/4/2
f 2871/1/2 2872/1/2 2896/1/2
f 2895/3/2 2871/3/2 2896/3/2
f 2872/2/2 2873/2/2 2897/2/2
f 2896/1/2 2872/1/2 2897/1/2
f 2873/1/2 2874/1/2 2898/1/2
f 2897/2/2 2873/2/2 2898/2/2
f 2875/3/2 2876/3/2 2899/3/2
f 2898/1/2 2874/1/2 2899/1/2
f 2874/3/2 2875/3/2 2899/3/2
f 2899/3/2 2876/3/2 2900/3/2
f 2876/1/2 2877/1/2 2901/1/2
f 2900/3/2 2876/3/2 2901/3/2
f 2849/2/2 2878/2/2 2902/2/2
f 2878/2/2 2879/2/2 2902/2/2
f 2879/4/2 2880/4/2 2903/4/2
f 2902/2/2 2879/2/2 2903/2/2
f 2880/1/2 2881/1/2 2904/1/2
f 2903/4/2 2880/4/2 2904/4/2
f 2881/2/2 2882/2/2 2905/2/2
f 2904/1/2 2881/1/2 2905/1/2
f 2882/4/2 2857/4/2 2906/4/2
f 2905/2/2 2882/2/2 2906/2/2
f 2857/1/2 2883/1/2 2907/1/2
f 2906/4/2 2857/4/2 2907/4/2
f 2883/2/2 2884/2/2 2908/2/2
f 2907/1/2 2883/1/2 2908/1/2
f 2884/4/2 2885/4/2 2909/4/2
f 2908/2/2 2884/2/2 2909/2/2
f 2885/1/2 2886/1/2 2910/1/2
f 2909/4/2 2885/4/2 2910/4/2
f 2886/3/2 2887/3/2 2911/3/2
f 2910/1/2 2886/1/2 2911/1/2
f 2887/1/2 2888/1/2 2912/1/2
f 2911/3/2 2887/3/2 2912/3/2
f 2888/1/2 2889/1/2 2912/1/2
f 2889/2/2 2890/2/2 2913/2/2
f 2912/1/2 2889/1/2 2913/1/2
f 2890/2/2 2891/2/2 2913/2/2
f 2891/4/2 2892/4/2 2914/4/2
f 2913/2/2 2891/2/2 2914/2/2
f 2914/4/2 2892/4/2 2915/4/2
f 2893/4/2 2894/4/2 2916/4/2
f 2894/1/2 2895/1/2 2917/1/2
f 2916/4/2 2894/4/2 2917/4/2
f 2896/2/2 2897/2/2 2918/2/2
f 2917/1/2 2895/1/2 2918/1/2
f 2895/2/2 2896/2/2 2918/2/2
f 2897/4/2 2898/4/2 2919/4/2
f 2918/2/2 2897/2/2 2919/2/2
f 2898/3/2 2899/3/2 2920/3/2
f 2919/4/2 2898/4/2 2920/4/2
f 2899/2/2 2900/2/2 2921/2/2
f 2920/3/2 2899/3/2 2921/3/2
f 2900/4/2 2901/4/2 2922/4/2
f 2921/2/2 2900/2/2 2922/2/2
f 2901/1/2 2877/1/2 2923/1/2
f 2922/4/2 2901/4/2 2923/4/2
f 2923/1/2 2877/1/2 2924/1/2
f 2925/2/2 2926/2/2 2943/2/2
f 2943/2/2 2926/2/2 2944/2/2
f 2926/4/2 2927/4/2 2945/4/2
f 2944/2/2 2926/2/2 2945/2/2
f 2927/3/2 2928/3/2 2946/3/2
f 2945/4/2 2927/4/2 2946/4/2
f 2928/1/2 2929/1/2 2947/1/2
f 2946/3/2 2928/3/2 2947/3/2
f 2929/2/2 2930/2/2 2948/2/2
f 2947/1/2 2929/1/2 2948/1/2
f 2930/4/2 2931/4/2 2949/4/2
f 2948/2/2 2930/2/2 2949/2/2
f 2931/1/2 2932/1/2 2950/1/2
f 2949/4/2 2931/4/2 2950/4/2
f 2932/4/2 2933/4/2 2951/4/2
f 2950/1/2 2932/1/2 2951/1/2
f 2951/4/2 2933/4/2 2952/4/2
f 2933/2/2 2934/2/2 2953/2/2
f 2934/4/2 2935/4/2 2953/4/2
f 2935/1/2 2936/1/2 2954/1/2
f 2953/4/2 2935/4/2 2954/4/2
f 2954/1/2 2936/1/2 2955/1/2
f 2936/2/2 2937/2/2 2956/2/2
f 2955/1/2 2936/1/2 2956/1/2
f 2937/4/2 2938/4/2 2957/4/2
f 2956/2/2 2937/2/2 2957/2/2
f 2957/4/2 2938/4/2 2958/4/2
f 2939/4/2 2940/4/2 2959/4/2
f 2940/1/2 2941/1/2 2960/1/2
f 2959/4/2 2940/4/2 2960/4/2
f 2941/2/2 2942/2/2 2961/2/2
f 2960/1/2 2941/1/2 2961/1/2
f 2961/2/2 2942/2/2 2962/2/2
f 2962/2/2 2942/2/2 2963/2/2
f 2943/4/2 2944/4/2 2964/4/2
f 2944/2/2 2945/2/2 2965/2/2
f 2964/4/2 2944/4/2 2965/4/2
f 2945/3/2 2946/3/2 2966/3/2
f 2965/2/2 2945/2/2 2966/2/2
f 2946/3/2 2947/3/2 2966/3/2
f 2966/3/2 2947/3/2 2967/3/2
f 2947/4/2 2948/4/2 2968/4/2
f 2967/3/2 2947/3/2 2968/3/2
f 2948/1/2 2949/1/2 2969/1/2
f 2968/4/2 2948/4/2 2969/4/2
f 2949/2/2 2950/2/2 2970/2/2
f 2969/1/2 2949/1/2 2970/1/2
f 2951/3/2 2952/3/2 2971/3/2
f 2970/2/2 2950/2/2 2971/2/2
f 2950/3/2 2951/3/2 2971/3/2
f 2971/3/2 2952/3/2 2972/3/2
f 2952/4/2 2933/4/2 2973/4/2
f 2972/3/2 2952/3/2 2973/3/2
f 2933/2/2 2953/2/2 2974/2/2
f 2973/4/2 2933/4/2 2974/4/2
f 2953/1/2 2954/1/2 2975/1/2
f 2974/2/2 2953/2/2 2975/2/2
f 2954/4/2 2955/4/2 2976/4/2
f 2975/1/2 2954/1/2 2976/1/2
f 2955/1/2 2956/1/2 2977/1/2
f 2976/4/2 2955/4/2 2977/4/2
f 2956/3/2 2957/3/2 2978/3/2
f 2977/1/2 2956/1/2 2978/1/2
f 2957/2/2 2958/2/2 2979/2/2
f 2978/3/2 2957/3/2 2979/3/2
f 2958/4/2 2938/4/2 2980/4/2
f 2979/2/2 2958/2/2 2980/2/2
f 2980/4/2 2938/4/2 2981/4/2
f 2959/2/2 2960/2/2 2982/2/2
f 2982/2/2 2960/2/2 2983/2/2
f 2960/4/2 2961/4/2 2984/4/2
f 2983/2/2 2960/2/2 2984/2/2
f 2961/3/2 2962/3/2 2985/3/2
f 2984/4/2 2961/4/2 2985/4/2
f 2962/1/2 2963/1/2 2986/1/2
f 2985/3/2 2962/3/2 2986/3/2
f 2986/1/2 2963/1/2 2987/1/2
f 2964/1/2 2965/1/2 2988/1/2
f 2965/1/2 2966/1/2 2988/1/2
f 2966/4/2 2967/4/2 2989/4/2
f 2988/1/2 2966/1/2 2989/1/2
f 2967/1/2 2968/1/2 2990/1/2
f 2968/4/2 2969/4/2 2990/4/2
f 2969/4/2 2970/4/2 2990/4/2
f 2990/4/2 2970/4/2 2991/4/2
f 2971/3/2 2972/3/2 2992/3/2
f 2970/1/2 2971/1/2 2992/1/2
f 2972/1/2 2973/1/2 2993/1/2
f 2992/3/2 2972/3/2 2993/3/2
f 2974/1/2 2975/1/2 2993/1/2
f 2973/1/2 2974/1/2 2993/1/2
f 2993/1/2 2975/1/2 2994/1/2
f 2994/1/2 2975/1/2 2995/1/2
f 2975/2/2 2976/2/2 2996/2/2
f 2976/4/2 2977/4/2 2996/4/2
f 2977/4/2 2978/4/2 2996/4/2
f 2996/4/2 2978/4/2 2997/4/2
f 2980/1/2 2981/1/2 2998/1/2
f 2978/1/2 2979/1/2 2998/1/2
f 2979/1/2 2980/1/2 2998/1/2
f 2998/1/2 2981/1/2 2999/1/2
f 2999/1/2 2981/1/2 3000/1/2
f 2982/4/2 2983/4/2 3001/4/2
f 2984/2/2 2985/2/2 3002/2/2
f 3001/4/2 2983/4/2 3002/4/2
f 2983/2/2 2984/2/2 3002/2/2
f 2985/1/2 2986/1/2 3003/1/2
f 3002/2/2 2985/2/2 3003/2/2
f 2986/4/2 2987/4/2 3004/4/2
f 3003/1/2 2986/1/2 3004/1/2
f 3004/4/2 2987/4/2 3005/4/2
f 2988/2/2 2989/2/2 3006/2/2
f 2989/4/2 2967/4/2 3007/4/2
f 3006/2/2 2989/2/2 3007/2/2
f 2967/1/2 2990/1/2 3008/1/2
f 3007/4/2 2967/4/2 3008/4/2
f 2990/2/2 2991/2/2 3009/2/2
f 3008/1/2 2990/1/2 3009/1/2
f 2991/4/2 2970/4/2 3010/4/2
f 3009/2/2 2991/2/2 3010/2/2
f 2970/1/2 2992/1/2 3011/1/2
f 3010/4/2 2970/4/2 3011/4/2
f 2992/1/2 2993/1/2 3011/1/2
f 2993/2/2 2994/2/2 3012/2/2
f 3011/1/2 2993/1/2 3012/1/2
f 2994/4/2 2995/4/2 3013/4/2
f 3012/2/2 2994/2/2 3013/2/2
f 2995/1/2 2975/1/2 3014/1/2
f 3013/4/2 2995/4/2 3014/4/2
f 2996/2/2 2997/2/2 3015/2/2
f 3014/1/2 2975/1/2 3015/1/2
f 2975/2/2 2996/2/2 3015/2/2
f 2997/4/2 2978/4/2 3016/4/2
f 3015/2/2 2997/2/2 3016/2/2
f 2978/1/2 2998/1/2 3017/1/2
f 3016/4/2 2978/4/2 3017/4/2
f 2998/2/2 2999/2/2 3018/2/2
f 3017/1/2 2998/1/2 3018/1/2
f 2999/4/2 3000/4/2 3019/4/2
f 3018/2/2 2999/2/2 3019/2/2
f 3019/4/2 3000/4/2 3020/4/2
f 3001/1/2 3002/1/2 3021/1/2
f 3002/1/2 3003/1/2 3021/1/2
f 3003/2/2 3004/2/2 3022/2/2
f 3021/1/2 3003/1/2 3022/1/2
f 3004/2/2 3005/2/2 3022/2/2
f 3005/4/2 2987/4/2 3023/4/2
f 3022/2/2 3005/2/2 3023/2/2
f 3023/4/2 2987/4/2 3024/4/2
f 3025/3/2 3026/3/2 3039/3/2
f 3039/3/2 3026/3/2 3040/3/2
f 3026/2/2 3027/2/2 3041/2/2
f 3040/3/2 3026/3/2 3041/3/2
f 3041/2/2 3027/2/2 3042/2/2
f 3027/4/2 3028/4/2 3043/4/2
f 3042/2/2 3027/2/2 3043/2/2
f 3028/1/2 3029/1/2 3044/1/2
f 3043/4/2 3028/4/2 3044/4/2
f 3029/3/2 3030/3/2 3045/3/2
f 3044/1/2 3029/1/2 3045/1/2
f 3030/2/2 3031/2/2 3046/2/2
f 3045/3/2 3030/3/2 3046/3/2
f 3031/4/2 3032/4/2 3047/4/2
f 3046/2/2 3031/2/2 3047/2/2
f 3047/4/2 3032/4/2 3048/4/2
f 3033/1/2 3034/1/2 3049/1/2
f 3049/1/2 3034/1/2 3050/1/2
f 3034/2/2 3035/2/2 3051/2/2
f 3050/1/2 3034/1/2 3051/1/2
f 3051/2/2 3035/2/2 3052/2/2
f 3035/4/2 3036/4/2 3053/4/2
f 3052/2/2 3035/2/2 3053/2/2
f 3036/1/2 3037/1/2 3054/1/2
f 3037/4/2 3038/4/2 3055/4/2
f 3054/1/2 3037/1/2 3055/1/2
f 3055/4/2 3038/4/2 3056/4/2
f 3039/1/2 3040/1/2 3057/1/2
f 3040/3/2 3041/3/2 3058/3/2
f 3057/1/2 3040/1/2 3058/1/2
f 3041/4/2 3042/4/2 3059/4/2
f 3058/3/2 3041/3/2 3059/3/2
f 3042/2/2 3043/2/2 3060/2/2
f 3059/4/2 3042/4/2 3060/4/2
f 3043/1/2 3044/1/2 3061/1/2
f 3060/2/2 3043/2/2 3061/2/2
f 3044/4/2 3045/4/2 3062/4/2
f 3061/1/2 3044/1/2 3062/1/2
f 3062/4/2 3045/4/2 3063/4/2
f 3045/1/2 3046/1/2 3064/1/2
f 3063/4/2 3045/4/2 3064/4/2
f 3047/2/2 3048/2/2 3065/2/2
f 3064/1/2 3046/1/2 3065/1/2
f 3046/2/2 3047/2/2 3065/2/2
f 3065/2/2 3048/2/2 3066/2/2
f 3049/4/2 3050/4/2 3067/4/2
f 3050/2/2 3051/2/2 3068/2/2
f 3067/4/2 3050/4/2 3068/4/2
f 3068/2/2 3051/2/2 3069/2/2
f 3051/1/2 3052/1/2 3070/1/2
f 3069/2/2 3051/2/2 3070/2/2
f 3052/4/2 3053/4/2 3071/4/2
f 3070/1/2 3052/1/2 3071/1/2
f 3036/1/2 3054/1/2 3072/1/2
f 3071/4/2 3053/4/2 3072/4/2
f 3053/4/2 3036/4/2 3072/4/2
f 3054/3/2 3055/3/2 3073/3/2
f 3072/1/2 3054/1/2 3073/1/2
f 3055/3/2 3056/3/2 3073/3/2
f 3073/3/2 3056/3/2 3074/3/2
f 3058/1/2 3059/1/2 3075/1/2
f 3059/1/2 3060/1/2 3075/1/2
f 3060/1/2 3061/1/2 3075/1/2
f 3061/1/2 3062/1/2 3075/1/2
f 3075/1/2 3062/1/2 3076/1/2
f 3076/1/2 3062/1/2 3077/1/2
f 3063/4/2 3064/4/2 3078/4/2
f 3064/4/2 3065/4/2 3078/4/2
f 3065/1/2 3066/1/2 3079/1/2
f 3078/4/2 3065/4/2 3079/4/2
f 3079/1/2 3066/1/2 3080/1/2
f 3080/1/2 3066/1/2 3081/1/2
f 3068/2/2 3069/2/2 3082/2/2
f 3067/2/2 3068/2/2 3082/2/2
f 3069/4/2 3070/4/2 3083/4/2
f 3082/2/2 3069/2/2 3083/2/2
f 3070/3/2 3071/3/2 3084/3/2
f 3083/4/2 3070/4/2 3084/4/2
f 3071/1/2 3072/1/2 3085/1/2
f 3084/3/2 3071/3/2 3085/3/2
f 3072/2/2 3073/2/2 3086/2/2
f 3085/1/2 3072/1/2 3086/1/2
f 3073/1/2 3074/1/2 3087/1/2
f 3086/2/2 3073/2/2 3087/2/2
f 3074/3/2 3056/3/2 3088/3/2
f 3087/1/2 3074/1/2 3088/1/2
f 3088/3/2 3056/3/2 3089/3/2
f 3057/2/2 3058/2/2 3090/2/2
f 3058/1/2 3075/1/2 3091/1/2
f 3090/2/2 3058/2/2 3091/2/2
f 3075/2/2 3076/2/2 3092/2/2
f 3091/1/2 3075/1/2 3092/1/2
f 3076/4/2 3077/4/2 3093/4/2
f 3092/2/2 3076/2/2 3093/2/2
f 3077/1/2 3062/1/2 3094/1/2
f 3093/4/2 3077/4/2 3094/4/2
f 3062/2/2 3063/2/2 3095/2/2
f 3094/1/2 3062/1/2 3095/1/2
f 3063/4/2 3078/4/2 3096/4/2
f 3095/2/2 3063/2/2 3096/2/2
f 3078/1/2 3079/1/2 3097/1/2
f 3096/4/2 3078/4/2 3097/4/2
f 3079/2/2 3080/2/2 3098/2/2
f 3097/1/2 3079/1/2 3098/1/2
f 3080/4/2 3081/4/2 3099/4/2
f 3098/2/2 3080/2/2 3099/2/2
f 3099/4/2 3081/4/2 3100/4/2
f 3082/4/2 3083/4/2 3101/4/2
f 3083/1/2 3084/1/2 3102/1/2
f 3101/4/2 3083/4/2 3102/4/2
f 3085/2/2 3086/2/2 3103/2/2
f 3102/1/2 3084/1/2 3103/1/2
f 3084/2/2 3085/2/2 3103/2/2
f 3086/4/2 3087/4/2 3104/4/2
f 3103/2/2 3086/2/2 3104/2/2
f 3087/3/2 3088/3/2 3105/3/2
f 3104/4/2 3087/4/2 3105/4/2
f 3088/2/2 3089/2/2 3106/2/2
f 3105/3/2 3088/3/2 3106/3/2
f 3106/2/2 3089/2/2 3107/2/2
f 3108/4/2 3109/4/2 3120/4/2
f 3109/1/2 3110/1/2 3121/1/2
f 3120/4/2 3109/4/2 3121/4/2
f 3110/2/2 3111/2/2 3122/2/2
f 3121/1/2 3110/1/2 3122/1/2
f 3122/2/2 3111/2/2 3123/2/2
f 3111/4/2 3112/4/2 3124/4/2
f 3123/2/2 3111/2/2 3124/2/2
f 3112/3/2 3113/3/2 3125/3/2
f 3124/4/2 3112/4/2 3125/4/2
f 3113/2/2 3114/2/2 3126/2/2
f 3125/3/2 3113/3/2 3126/3/2
f 3114/4/2 3115/4/2 3127/4/2
f 3126/2/2 3114/2/2 3127/2/2
f 3115/1/2 3116/1/2 3128/1/2
f 3127/4/2 3115/4/2 3128/4/2
f 3116/4/2 3117/4/2 3129/4/2
f 3128/1/2 3116/1/2 3129/1/2
f 3129/4/2 3117/4/2 3130/4/2
f 3118/4/2 3119/4/2 3131/4/2
f 3131/4/2 3119/4/2 3132/4/2
f 3120/2/2 3121/2/2 3133/2/2
f 3133/2/2 3121/2/2 3134/2/2
f 3121/4/2 3122/4/2 3135/4/2
f 3134/2/2 3121/2/2 3135/2/2
f 3122/3/2 3123/3/2 3136/3/2
f 3135/4/2 3122/4/2 3136/4/2
f 3123/1/2 3124/1/2 3137/1/2
f 3136/3/2 3123/3/2 3137/3/2
f 3124/2/2 3125/2/2 3138/2/2
f 3137/1/2 3124/1/2 3138/1/2
f 3125/1/2 3126/1/2 3139/1/2
f 3138/2/2 3125/2/2 3139/2/2
f 3126/3/2 3127/3/2 3140/3/2
f 3139/1/2 3126/1/2 3140/1/2
f 3127/3/2 3128/3/2 3140/3/2
f 3140/3/2 3128/3/2 3141/3/2
f 3128/1/2 3129/1/2 3142/1/2
f 3141/3/2 3128/3/2 3142/3/2
f 3129/2/2 3130/2/2 3143/2/2
f 3142/1/2 3129/1/2 3143/1/2
f 3143/2/2 3130/2/2 3144/2/2
f 3131/2/2 3132/2/2 3145/2/2
f 3145/2/2 3132/2/2 3146/2/2
f 3133/4/2 3134/4/2 3147/4/2
f 3134/2/2 3135/2/2 3148/2/2
f 3147/4/2 3134/4/2 3148/4/2
f 3135/2/2 3136/2/2 3148/2/2
f 3136/1/2 3137/1/2 3149/1/2
f 3148/2/2 3136/2/2 3149/2/2
f 3137/4/2 3138/4/2 3150/4/2
f 3149/1/2 3137/1/2 3150/1/2
f 3150/4/2 3138/4/2 3151/4/2
f 3138/1/2 3139/1/2 3152/1/2
f 3140/3/2 3141/3/2 3152/3/2
f 3139/3/2 3140/3/2 3152/3/2
f 3152/3/2 3141/3/2 3153/3/2
f 3141/4/2 3142/4/2 3154/4/2
f 3153/3/2 3141/3/2 3154/3/2
f 3142/4/2 3143/4/2 3154/4/2
f 3143/1/2 3144/1/2 3155/1/2
f 3154/4/2 3143/4/2 3155/4/2
f 3155/1/2 3144/1/2 3156/1/2
f 3145/4/2 3146/4/2 3157/4/2
f 3146/2/2 3132/2/2 3158/2/2
f 3157/4/2 3146/4/2 3158/4/2
f 3158/2/2 3132/2/2 3159/2/2
f 3147/1/2 3148/1/2 3160/1/2
f 3148/1/2 3149/1/2 3160/1/2
f 3150/2/2 3151/2/2 3161/2/2
f 3160/1/2 3149/1/2 3161/1/2
f 3149/2/2 3150/2/2 3161/2/2
f 3151/4/2 3138/4/2 3162/4/2
f 3161/2/2 3151/2/2 3162/2/2
f 3152/1/2 3153/1/2 3163/1/2
f 3162/4/2 3138/4/2 3163/4/2
f 3138/1/2 3152/1/2 3163/1/2
f 3153/4/2 3154/4/2 3164/4/2
f 3163/1/2 3153/1/2 3164/1/2
f 3154/2/2 3155/2/2 3165/2/2
f 3164/4/2 3154/4/2 3165/4/2
f 3155/4/2 3156/4/2 3166/4/2
f 3165/2/2 3155/2/2 3166/2/2
f 3166/4/2 3156/4/2 3167/4/2
f 3158/1/2 3159/1/2 3168/1/2
f 3157/1/2 3158/1/2 3168/1/2
f 3168/1/2 3159/1/2 3169/1/2
f 3170/4/2 3171/4/2 3177/4/2
f 3171/3/2 3172/3/2 3177/3/2
f 3177/3/2 3172/3/2 3178/3/2
f 3172/4/2 3173/4/2 3179/4/2
f 3173/3/2 3174/3/2 3180/3/2
f 3179/4/2 3173/4/2 3180/4/2
f 3174/1/2 3175/1/2 3181/1/2
f 3180/3/2 3174/3/2 3181/3/2
f 3175/3/2 3176/3/2 3182/3/2
f 3181/1/2 3175/1/2 3182/1/2
f 3182/3/2 3176/3/2 3183/3/2
f 3170/4/2 3177/4/2 3184/4/2
f 3177/1/2 3178/1/2 3185/1/2
f 3184/4/2 3177/4/2 3185/4/2
f 3178/3/2 3172/3/2 3186/3/2
f 3185/1/2 3178/1/2 3186/1/2
f 3172/4/2 3179/4/2 3187/4/2
f 3186/3/2 3172/3/2 3187/3/2
f 3179/1/2 3180/1/2 3188/1/2
f 3187/4/2 3179/4/2 3188/4/2
f 3180/4/2 3181/4/2 3189/4/2
f 3188/1/2 3180/1/2 3189/1/2
f 3181/4/2 3182/4/2 3189/4/2
f 3189/4/2 3182/4/2 3190/4/2
f 3182/1/2 3183/1/2 3191/1/2
f 3190/4/2 3182/4/2 3191/4/2
f 3183/3/2 3176/3/2 3192/3/2
f 3191/1/2 3183/1/2 3192/1/2
f 3186/4/2 3187/4/2 3193/4/2
f 3184/1/2 3185/1/2 3193/1/2
f 3185/4/2 3186/4/2 3193/4/2
f 3187/1/2 3188/1/2 3194/1/2
f 3193/4/2 3187/4/2 3194/4/2
f 3188/1/2 3189/1/2 3194/1/2
f 3194/1/2 3189/1/2 3195/1/2
f 3195/1/2 3189/1/2 3196/1/2
f 3191/4/2 3192/4/2 3197/4/2
f 3189/2/2 3190/2/2 3197/2/2
f 3190/4/2 3191/4/2 3197/4/2
f 3197/4/2 3192/4/2 3198/4/2
f 3192/3/2 3176/3/2 3199/3/2
f 3198/4/2 3192/4/2 3199/4/2
f 3199/3/2 3176/3/2 3200/3/2
f 3184/1/2 3193/1/2 3201/1/2
f 3194/2/2 3195/2/2 3202/2/2
f 3201/1/2 3193/1/2 3202/1/2
f 3193/2/2 3194/2/2 3202/2/2
f 3195/4/2 3196/4/2 3203/4/2
f 3202/2/2 3195/2/2 3203/2/2
f 3196/1/2 3189/1/2 3204/1/2
f 3203/4/2 3196/4/2 3204/4/2
f 3197/2/2 3198/2/2 3205/2/2
f 3204/1/2 3189/1/2 3205/1/2
f 3189/2/2 3197/2/2 3205/2/2
f 3198/4/2 3199/4/2 3206/4/2
f 3205/2/2 3198/2/2 3206/2/2
f 3199/1/2 3200/1/2 3207/1/2
f 3206/4/2 3199/4/2 3207/4/2
f 3207/1/2 3200/1/2 3208/1/2
f 3209/1/2 3210/1/2 3214/1/2
f 3210/3/2 3211/3/2 3215/3/2
f 3214/1/2 3210/1/2 3215/1/2
f 3211/1/2 3212/1/2 3216/1/2
f 3215/3/2 3211/3/2 3216/3/2
f 3212/4/2 3213/4/2 3217/4/2
f 3216/1/2 3212/1/2 3217/1/2
f 3214/4/2 3215/4/2 3218/4/2
f 3215/1/2 3216/1/2 3219/1/2
f 3218/4/2 3215/4/2 3219/4/2
f 3216/4/2 3217/4/2 3220/4/2
f 3219/1/2 3216/1/2 3220/1/2
f 3217/4/2 3213/4/2 3221/4/2
f 3220/4/2 3217/4/2 3221/4/2
f 3219/4/2 3220/4/2 3222/4/2
f 3218/2/2 3219/2/2 3222/2/2
f 3220/1/2 3221/1/2 3223/1/2
f 3222/4/2 3220/4/2 3223/4/2
f 3221/4/2 3213/4/2 3224/4/2
f 3223/1/2 3221/1/2 3224/1/2
f 3224/4/2 3213/4/2 3225/4/2
f 3222/2/2 3223/2/2 3226/2/2
f 3218/2/2 3222/2/2 3226/2/2
f 3223/1/2 3224/1/2 3227/1/2
f 3226/2/2 3223/2/2 3227/2/2
f 3224/2/2 3225/2/2 3228/2/2
f 3227/1/2 3224/1/2 3228/1/2
f 3228/2/2 3225/2/2 3229/2/2
f 3234/3/3 3232/3/3 3231/3/3
f 3234/4/3 3233/4/3 3232/4/3
f 3235/4/3 3233/4/3 3234/4/3
f 3236/3/3 3235/3/3 3234/3/3
f 3236/4/3 3233/4/3 3235/4/3
f 3237/4/3 3233/4/3 3236/4/3
f 3238/1/3 3231/1/3 3230/1/3
f 3239/3/3 3234/3/3 3231/3/3
f 3239/1/3 3231/1/3 3238/1/3
f 3239/3/3 3236/3/3 3234/3/3
f 3240/3/3 3236/3/3 3239/3/3
f 3241/1/3 3237/1/3 3236/1/3
f 3241/3/3 3236/3/3 3240/3/3
f 3242/1/3 3237/1/3 3241/1/3
f 3243/4/3 3239/4/3 3238/4/3
f 3244/1/3 3240/1/3 3239/1/3
f 3244/4/3 3239/4/3 3243/4/3
f 3245/3/3 3241/3/3 3240/3/3
f 3245/1/3 3240/1/3 3244/1/3
f 3246/2/3 3242/2/3 3241/2/3
f 3246/3/3 3241/3/3 3245/3/3
f 3247/2/3 3242/2/3 3246/2/3
f 3252/1/3 3249/1/3 3248/1/3
f 3253/3/3 3250/3/3 3249/3/3
f 3253/1/3 3249/1/3 3252/1/3
f 3254/2/3 3251/2/3 3250/2/3
f 3254/3/3 3250/3/3 3253/3/3
f 3255/2/3 3251/2/3 3254/2/3
f 3256/2/3 3253/2/3 3252/2/3
f 3257/1/3 3254/1/3 3253/1/3
f 3257/2/3 3253/2/3 3256/2/3
f 3258/4/3 3255/4/3 3254/4/3
f 3258/1/3 3254/1/3 3257/1/3
f 3259/4/3 3255/4/3 3258/4/3
f 3260/3/3 3257/3/3 3256/3/3
f 3260/3/3 3258/3/3 3257/3/3
f 3261/3/3 3258/3/3 3260/3/3
f 3262/3/3 3258/3/3 3261/3/3
f 3263/1/3 3259/1/3 3258/1/3
f 3263/3/3 3258/3/3 3262/3/3
f 3264/1/3 3259/1/3 3263/1/3
f 3265/4/3 3261/4/3 3260/4/3
f 3266/2/3 3262/2/3 3261/2/3
f 3266/4/3 3261/4/3 3265/4/3
f 3267/1/3 3263/1/3 3262/1/3
f 3267/2/3 3262/2/3 3266/2/3
f 3268/2/3 3264/2/3 3263/2/3
f 3268/1/3 3263/1/3 3267/1/3
f 3269/2/3 3264/2/3 3268/2/3
f 3270/3/3 3266/3/3 3265/3/3
f 3271/4/3 3267/4/3 3266/4/3
f 3271/3/3 3266/3/3 3270/3/3
f 3272/1/3 3271/1/3 3270/1/3
f 3273/4/3 3267/4/3 3271/4/3
f 3273/1/3 3271/1/3 3272/1/3
f 3274/1/3 3268/1/3 3267/1/3
f 3274/4/3 3267/4/3 3273/4/3
f 3275/4/3 3269/4/3 3268/4/3
f 3275/1/3 3268/1/3 3274/1/3
f 3276/4/3 3269/4/3 3275/4/3
f 3277/2/3 3273/2/3 3272/2/3
f 3277/2/3 3274/2/3 3273/2/3
f 3278/1/3 3275/1/3 3274/1/3
f 3278/2/3 3274/2/3 3277/2/3
f 3279/2/3 3276/2/3 3275/2/3
f 3279/1/3 3275/1/3 3278/1/3
f 3280/2/3 3276/2/3 3279/2/3
f 3281/4/3 3278/4/3 3277/4/3
f 3282/4/3 3278/4/3 3281/4/3
f 3283/3/3 3279/3/3 3278/3/3
f 3283/4/3 3278/4/3 3282/4/3
f 3284/1/3 3282/1/3 3281/1/3
f 3285/3/3 3283/3/3 3282/3/3
f 3285/1/3 3282/1/3 3284/1/3
f 3286/3/3 3279/3/3 3283/3/3
f 3286/3/3 3283/3/3 3285/3/3
f 3286/1/3 3280/1/3 3279/1/3
f 3287/1/3 3280/1/3 3286/1/3
f 3292/4/3 3289/4/3 3288/4/3
f 3293/3/3 3290/3/3 3289/3/3
f 3293/4/3 3289/4/3 3292/4/3
f 3294/1/3 3293/1/3 3292/1/3
f 3295/3/3 3290/3/3 3293/3/3
f 3295/1/3 3293/1/3 3294/1/3
f 3296/2/3 3291/2/3 3290/2/3
f 3296/3/3 3290/3/3 3295/3/3
f 3297/2/3 3295/2/3 3294/2/3
f 3298/2/3 3295/2/3 3297/2/3
f 3299/1/3 3296/1/3 3295/1/3
f 3299/2/3 3295/2/3 3298/2/3
f 3300/2/3 3291/2/3 3296/2/3
f 3300/1/3 3296/1/3 3299/1/3
f 3301/2/3 3291/2/3 3300/2/3
f 3302/4/3 3298/4/3 3297/4/3
f 3303/2/3 3299/2/3 3298/2/3
f 3303/4/3 3298/4/3 3302/4/3
f 3304/3/3 3300/3/3 3299/3/3
f 3304/2/3 3299/2/3 3303/2/3
f 3305/4/3 3301/4/3 3300/4/3
f 3305/3/3 3300/3/3 3304/3/3
f 3306/4/3 3301/4/3 3305/4/3
f 3307/3/3 3303/3/3 3302/3/3
f 3307/3/3 3304/3/3 3303/3/3
f 3307/3/3 3305/3/3 3304/3/3
f 3308/3/3 3305/3/3 3307/3/3
f 3309/3/3 3305/3/3 3308/3/3
f 3310/1/3 3306/1/3 3305/1/3
f 3310/3/3 3305/3/3 3309/3/3
f 3311/1/3 3306/1/3 3310/1/3
f 3312/1/3 3309/1/3 3308/1/3
f 3312/4/3 3308/4/3 3307/4/3
f 3313/3/3 3310/3/3 3309/3/3
f 3313/1/3 3309/1/3 3312/1/3
f 3314/2/3 3311/2/3 3310/2/3
f 3314/3/3 3310/3/3 3313/3/3
f 3315/2/3 3313/2/3 3312/2/3
f 3315/1/3 3314/1/3 3313/1/3
f 3316/2/3 3311/2/3 3314/2/3
f 3316/1/3 3314/1/3 3315/1/3
f 3317/2/3 3311/2/3 3316/2/3
f 3318/4/3 3312/4/3 3307/4/3
f 3319/2/3 3315/2/3 3312/2/3
f 3319/4/3 3312/4/3 3318/4/3
f 3319/2/3 3316/2/3 3315/2/3
f 3320/2/3 3316/2/3 3319/2/3
f 3321/4/3 3317/4/3 3316/4/3
f 3321/2/3 3316/2/3 3320/2/3
f 3322/3/3 3319/3/3 3318/3/3
f 3323/4/3 3320/4/3 3319/4/3
f 3323/3/3 3319/3/3 3322/3/3
f 3324/1/3 3323/1/3 3322/1/3
f 3325/4/3 3320/4/3 3323/4/3
f 3325/1/3 3323/1/3 3324/1/3
f 3326/1/3 3321/1/3 3320/1/3
f 3326/4/3 3320/4/3 3325/4/3
f 3327/4/3 3317/4/3 3321/4/3
f 3327/1/3 3321/1/3 3326/1/3
f 3328/4/3 3317/4/3 3327/4/3
f 3329/1/3 3326/1/3 3325/1/3
f 3329/2/3 3325/2/3 3324/2/3
f 3330/3/3 3327/3/3 3326/3/3
f 3330/1/3 3326/1/3 3329/1/3
f 3331/1/3 3328/1/3 3327/1/3
f 3331/3/3 3327/3/3 3330/3/3
f 3332/1/3 3328/1/3 3331/1/3
f 3333/2/3 3330/2/3 3329/2/3
f 3333/2/3 3329/2/3 3324/2/3
f 3334/1/3 3331/1/3 3330/1/3
f 3334/2/3 3330/2/3 3333/2/3
f 3335/2/3 3332/2/3 3331/2/3
f 3335/1/3 3331/1/3 3334/1/3
f 3336/2/3 3332/2/3 3335/2/3
f 3337/4/3 3334/4/3 3333/4/3
f 3338/3/3 3335/3/3 3334/3/3
f 3338/4/3 3334/4/3 3337/4/3
f 3339/4/3 3337/4/3 3333/4/3
f 3340/3/3 3338/3/3 3337/3/3
f 3340/4/3 3337/4/3 3339/4/3
f 3341/1/3 3340/1/3 3339/1/3
f 3342/3/3 3338/3/3 3340/3/3
f 3342/1/3 3340/1/3 3341/1/3
f 3343/3/3 3335/3/3 3338/3/3
f 3343/3/3 3338/3/3 3342/3/3
f 3344/1/3 3336/1/3 3335/1/3
f 3344/3/3 3335/3/3 3343/3/3
f 3345/1/3 3336/1/3 3344/1/3
f 3346/2/3 3342/2/3 3341/2/3
f 3347/3/3 3343/3/3 3342/3/3
f 3347/2/3 3342/2/3 3346/2/3
f 3348/1/3 3344/1/3 3343/1/3
f 3348/3/3 3343/3/3 3347/3/3
f 3349/4/3 3345/4/3 3344/4/3
f 3349/1/3 3344/1/3 3348/1/3
f 3350/4/3 3345/4/3 3349/4/3
f 3355/3/3 3353/3/3 3352/3/3
f 3355/4/3 3354/4/3 3353/4/3
f 3356/4/3 3354/4/3 3355/4/3
f 3357/2/3 3352/2/3 3351/2/3
f 3357/3/3 3355/3/3 3352/3/3
f 3358/1/3 3356/1/3 3355/1/3
f 3358/3/3 3355/3/3 3357/3/3
f 3359/1/3 3356/1/3 3358/1/3
f 3360/2/3 3357/2/3 3351/2/3
f 3361/1/3 3358/1/3 3357/1/3
f 3361/2/3 3357/2/3 3360/2/3
f 3362/2/3 3359/2/3 3358/2/3
f 3362/1/3 3358/1/3 3361/1/3
f 3363/2/3 3359/2/3 3362/2/3
f 3364/2/3 3359/2/3 3363/2/3
f 3365/4/3 3361/4/3 3360/4/3
f 3366/3/3 3362/3/3 3361/3/3
f 3366/4/3 3361/4/3 3365/4/3
f 3367/2/3 3363/2/3 3362/2/3
f 3367/3/3 3362/3/3 3366/3/3
f 3368/4/3 3364/4/3 3363/4/3
f 3368/2/3 3363/2/3 3367/2/3
f 3369/4/3 3364/4/3 3368/4/3
f 3370/1/3 3366/1/3 3365/1/3
f 3371/3/3 3367/3/3 3366/3/3
f 3371/1/3 3366/1/3 3370/1/3
f 3371/3/3 3368/3/3 3367/3/3
f 3371/3/3 3369/3/3 3368/3/3
f 3372/3/3 3369/3/3 3371/3/3
f 3373/3/3 3369/3/3 3372/3/3
f 3374/3/3 3369/3/3 3373/3/3
f 3375/2/3 3371/2/3 3370/2/3
f 3375/3/3 3372/3/3 3371/3/3
f 3376/1/3 3373/1/3 3372/1/3
f 3376/3/3 3372/3/3 3375/3/3
f 3377/4/3 3374/4/3 3373/4/3
f 3377/1/3 3373/1/3 3376/1/3
f 3378/2/3 3375/2/3 3370/2/3
f 3379/1/3 3376/1/3 3375/1/3
f 3379/2/3 3375/2/3 3378/2/3
f 3380/2/3 3377/2/3 3376/2/3
f 3380/1/3 3376/1/3 3379/1/3
f 3381/4/3 3379/4/3 3378/4/3
f 3381/2/3 3380/2/3 3379/2/3
f 3382/2/3 3377/2/3 3380/2/3
f 3382/2/3 3380/2/3 3381/2/3
f 3383/4/3 3374/4/3 3377/4/3
f 3383/2/3 3377/2/3 3382/2/3
f 3384/4/3 3374/4/3 3383/4/3
f 3385/4/3 3381/4/3 3378/4/3
f 3386/1/3 3382/1/3 3381/1/3
f 3386/4/3 3381/4/3 3385/4/3
f 3387/4/3 3383/4/3 3382/4/3
f 3387/1/3 3382/1/3 3386/1/3
f 3388/3/3 3384/3/3 3383/3/3
f 3388/4/3 3383/4/3 3387/4/3
f 3389/3/3 3384/3/3 3388/3/3
f 3390/1/3 3386/1/3 3385/1/3
f 3391/3/3 3387/3/3 3386/3/3
f 3391/1/3 3386/1/3 3390/1/3
f 3392/4/3 3388/4/3 3387/4/3
f 3392/3/3 3387/3/3 3391/3/3
f 3392/4/3 3389/4/3 3388/4/3
f 3393/4/3 3389/4/3 3392/4/3
f 3400/1/3 3395/1/3 3394/1/3
f 3401/4/3 3396/4/3 3395/4/3
f 3401/1/3 3395/1/3 3400/1/3
f 3402/3/3 3397/3/3 3396/3/3
f 3402/4/3 3396/4/3 3401/4/3
f 3403/1/3 3398/1/3 3397/1/3
f 3403/3/3 3397/3/3 3402/3/3
f 3404/1/3 3398/1/3 3403/1/3
f 3406/3/3 3400/3/3 3399/3/3
f 3407/3/3 3400/3/3 3406/3/3
f 3408/1/3 3405/1/3 3404/1/3
f 3409/1/3 3405/1/3 3408/1/3
f 3410/1/3 3407/1/3 3406/1/3
f 3411/1/3 3407/1/3 3410/1/3
f 3412/3/3 3409/3/3 3408/3/3
f 3413/2/3 3411/2/3 3410/2/3
f 3414/3/3 3409/3/3 3412/3/3
f 3415/3/3 3409/3/3 3414/3/3
f 3416/2/3 3413/2/3 3410/2/3
f 3417/2/3 3413/2/3 3416/2/3
f 3421/1/3 3415/1/3 3414/1/3
f 3422/1/3 3415/1/3 3421/1/3
f 3423/3/3 3417/3/3 3416/3/3
f 3423/2/3 3418/2/3 3417/2/3
f 3423/2/3 3419/2/3 3418/2/3
f 3424/4/3 3420/4/3 3419/4/3
f 3424/2/3 3419/2/3 3423/2/3
f 3424/4/3 3421/4/3 3420/4/3
f 3425/4/3 3421/4/3 3424/4/3
f 3426/4/3 3421/4/3 3425/4/3
f 3428/3/3 3423/3/3 3416/3/3
f 3429/3/3 3423/3/3 3428/3/3
f 3430/1/3 3427/1/3 3426/1/3
f 3431/1/3 3427/1/3 3430/1/3
f 3432/2/3 3429/2/3 3428/2/3
f 3433/2/3 3429/2/3 3432/2/3
f 3434/2/3 3431/2/3 3430/2/3
f 3435/2/3 3431/2/3 3434/2/3
f 3436/1/3 3433/1/3 3432/1/3
f 3437/1/3 3433/1/3 3436/1/3
f 3438/1/3 3435/1/3 3434/1/3
f 3439/1/3 3435/1/3 3438/1/3
f 3440/3/3 3437/3/3 3436/3/3
f 3441/3/3 3437/3/3 3440/3/3
f 3442/2/3 3439/2/3 3438/2/3
f 3443/2/3 3439/2/3 3442/2/3
f 3444/1/3 3441/1/3 3440/1/3
f 3445/4/3 3443/4/3 3442/4/3
f 3446/4/3 3443/4/3 3445/4/3
f 3447/1/3 3444/1/3 3440/1/3
f 3448/1/3 3444/1/3 3447/1/3
f 3449/1/3 3446/1/3 3445/1/3
f 3450/1/3 3446/1/3 3449/1/3
f 3451/3/3 3448/3/3 3447/3/3
f 3452/4/3 3450/4/3 3449/4/3
f 3453/4/3 3450/4/3 3452/4/3
f 3454/3/3 3451/3/3 3447/3/3
f 3455/3/3 3454/3/3 3447/3/3
f 3459/2/3 3453/2/3 3452/2/3
f 3460/2/3 3453/2/3 3459/2/3
f 3461/3/3 3455/3/3 3447/3/3
f 3461/4/3 3456/4/3 3455/4/3
f 3462/2/3 3457/2/3 3456/2/3
f 3462/4/3 3456/4/3 3461/4/3
f 3463/1/3 3458/1/3 3457/1/3
f 3463/2/3 3457/2/3 3462/2/3
f 3464/3/3 3459/3/3 3458/3/3
f 3464/1/3 3458/1/3 3463/1/3
f 3465/3/3 3459/3/3 3464/3/3
f 3467/3/3 3461/3/3 3447/3/3
f 3468/1/3 3466/1/3 3465/1/3
f 3469/1/3 3466/1/3 3468/1/3
f 3470/3/3 3467/3/3 3447/3/3
f 3471/3/3 3467/3/3 3470/3/3
f 3472/1/3 3471/1/3 3470/1/3
f 3473/1/3 3471/1/3 3472/1/3
f 3474/2/3 3469/2/3 3468/2/3
f 3475/2/3 3469/2/3 3474/2/3
f 3476/4/3 3473/4/3 3472/4/3
f 3477/4/3 3475/4/3 3474/4/3
f 3478/4/3 3475/4/3 3477/4/3
f 3479/4/3 3476/4/3 3472/4/3
f 3480/4/3 3476/4/3 3479/4/3
f 3481/1/3 3478/1/3 3477/1/3
f 3482/1/3 3478/1/3 3481/1/3
f 3483/3/3 3480/3/3 3479/3/3
f 3484/3/3 3480/3/3 3483/3/3
f 3485/2/3 3482/2/3 3481/2/3
f 3486/4/3 3484/4/3 3483/4/3
f 3487/2/3 3482/2/3 3485/2/3
f 3488/2/3 3482/2/3 3487/2/3
f 3489/4/3 3486/4/3 3483/4/3
f 3490/4/3 3488/4/3 3487/4/3
f 3491/4/3 3488/4/3 3490/4/3
f 3492/4/3 3489/4/3 3483/4/3
f 3493/4/3 3489/4/3 3492/4/3
f 3494/1/3 3491/1/3 3490/1/3
f 3495/3/3 3493/3/3 3492/3/3
f 3496/3/3 3493/3/3 3495/3/3
f 3497/1/3 3491/1/3 3494/1/3
f 3498/4/3 3496/4/3 3495/4/3
f 3499/4/3 3496/4/3 3498/4/3
f 3500/1/3 3491/1/3 3497/1/3
f 3501/1/3 3491/1/3 3500/1/3
f 3502/1/3 3499/1/3 3498/1/3
f 3503/1/3 3499/1/3 3502/1/3
f 3504/4/3 3501/4/3 3500/4/3
f 3505/4/3 3501/4/3 3504/4/3
f 3506/3/3 3503/3/3 3502/3/3
f 3507/1/3 3505/1/3 3504/1/3
f 3508/1/3 3505/1/3 3507/1/3
f 3509/3/3 3506/3/3 3502/3/3
f 3510/3/3 3506/3/3 3509/3/3
f 3511/2/3 3508/2/3 3507/2/3
f 3512/1/3 3510/1/3 3509/1/3
f 3513/1/3 3510/1/3 3512/1/3
f 3517/2/3 3508/2/3 3511/2/3
f 3518/2/3 3508/2/3 3517/2/3
f 3519/3/3 3513/3/3 3512/3/3
f 3520/4/3 3514/4/3 3513/4/3
f 3520/3/3 3513/3/3 3519/3/3
f 3521/2/3 3515/2/3 3514/2/3
f 3521/4/3 3514/4/3 3520/4/3
f 3522/3/3 3516/3/3 3515/3/3
f 3522/2/3 3515/2/3 3521/2/3
f 3523/4/3 3517/4/3 3516/4/3
f 3523/3/3 3516/3/3 3522/3/3
f 3524/4/3 3517/4/3 3523/4/3
f 3526/1/3 3520/1/3 3519/1/3
f 3527/1/3 3520/1/3 3526/1/3
f 3528/3/3 3525/3/3 3524/3/3
f 3529/3/3 3525/3/3 3528/3/3
f 3530/3/3 3525/3/3 3529/3/3
f 3531/2/3 3527/2/3 3526/2/3
f 3532/2/3 3527/2/3 3531/2/3
f 3533/1/3 3530/1/3 3529/1/3
f 3534/1/3 3530/1/3 3533/1/3
f 3535/4/3 3532/4/3 3531/4/3
f 3536/4/3 3532/4/3 3535/4/3
f 3537/4/3 3534/4/3 3533/4/3
f 3538/1/3 3536/1/3 3535/1/3
f 3539/1/3 3536/1/3 3538/1/3
f 3540/4/3 3534/4/3 3537/4/3
f 3541/4/3 3534/4/3 3540/4/3
f 3542/2/3 3539/2/3 3538/2/3
f 3543/3/3 3541/3/3 3540/3/3
f 3544/3/3 3541/3/3 3543/3/3
f 3545/2/3 3542/2/3 3538/2/3
f 3546/2/3 3542/2/3 3545/2/3
f 3547/4/3 3544/4/3 3543/4/3
f 3548/4/3 3546/4/3 3545/4/3
f 3549/4/3 3546/4/3 3548/4/3
f 3550/4/3 3544/4/3 3547/4/3
f 3551/4/3 3544/4/3 3550/4/3
f 3552/3/3 3549/3/3 3548/3/3
f 3553/3/3 3549/3/3 3552/3/3
f 3557/1/3 3551/1/3 3550/1/3
f 3558/1/3 3551/1/3 3557/1/3
f 3559/1/3 3554/1/3 3553/1/3
f 3560/4/3 3555/4/3 3554/4/3
f 3560/1/3 3554/1/3 3559/1/3
f 3561/3/3 3556/3/3 3555/3/3
f 3561/4/3 3555/4/3 3560/4/3
f 3562/1/3 3557/1/3 3556/1/3
f 3562/3/3 3556/3/3 3561/3/3
f 3563/1/3 3557/1/3 3562/1/3
f 3568/4/3 3565/4/3 3564/4/3
f 3569/4/3 3565/4/3 3568/4/3
f 3570/1/3 3566/1/3 3565/1/3
f 3570/4/3 3565/4/3 3569/4/3
f 3571/4/3 3567/4/3 3566/4/3
f 3571/1/3 3566/1/3 3570/1/3
f 3572/3/3 3569/3/3 3568/3/3
f 3573/4/3 3570/4/3 3569/4/3
f 3573/3/3 3569/3/3 3572/3/3
f 3573/4/3 3571/4/3 3570/4/3
f 3574/4/3 3571/4/3 3573/4/3
f 3575/1/3 3573/1/3 3572/1/3
f 3575/1/3 3574/1/3 3573/1/3
f 3576/4/3 3571/4/3 3574/4/3
f 3576/1/3 3574/1/3 3575/1/3
f 3577/4/3 3567/4/3 3571/4/3
f 3577/4/3 3571/4/3 3576/4/3
f 3578/4/3 3567/4/3 3577/4/3
f 3579/2/3 3576/2/3 3575/2/3
f 3580/4/3 3577/4/3 3576/4/3
f 3580/2/3 3578/2/3 3577/2/3
f 3581/2/3 3578/2/3 3580/2/3
f 3582/2/3 3576/2/3 3579/2/3
f 3583/2/3 3576/2/3 3582/2/3
f 3584/4/3 3580/4/3 3576/4/3
f 3584/2/3 3576/2/3 3583/2/3
f 3584/4/3 3581/4/3 3580/4/3
f 3585/4/3 3581/4/3 3584/4/3
f 3586/4/3 3583/4/3 3582/4/3
f 3587/2/3 3584/2/3 3583/2/3
f 3587/4/3 3583/4/3 3586/4/3
f 3588/1/3 3585/1/3 3584/1/3
f 3588/2/3 3584/2/3 3587/2/3
f 3589/1/3 3585/1/3 3588/1/3
f 3590/4/3 3587/4/3 3586/4/3
f 3590/4/3 3588/4/3 3587/4/3
f 3591/3/3 3589/3/3 3588/3/3
f 3591/4/3 3588/4/3 3590/4/3
f 3592/1/3 3585/1/3 3589/1/3
f 3592/3/3 3589/3/3 3591/3/3
f 3593/1/3 3585/1/3 3592/1/3
f 3594/2/3 3591/2/3 3590/2/3
f 3595/1/3 3592/1/3 3591/1/3
f 3595/2/3 3591/2/3 3594/2/3
f 3596/4/3 3593/4/3 3592/4/3
f 3596/1/3 3592/1/3 3595/1/3
f 3597/4/3 3593/4/3 3596/4/3
f 3603/2/3 3599/2/3 3598/2/3
f 3604/4/3 3600/4/3 3599/4/3
f 3604/2/3 3599/2/3 3603/2/3
f 3605/1/3 3601/1/3 3600/1/3
f 3605/4/3 3600/4/3 3604/4/3
f 3606/2/3 3602/2/3 3601/2/3
f 3606/1/3 3601/1/3 3605/1/3
f 3607/2/3 3602/2/3 3606/2/3
f 3608/1/3 3604/1/3 3603/1/3
f 3609/3/3 3605/3/3 3604/3/3
f 3609/1/3 3604/1/3 3608/1/3
f 3610/4/3 3606/4/3 3605/4/3
f 3610/3/3 3605/3/3 3609/3/3
f 3611/3/3 3607/3/3 3606/3/3
f 3611/4/3 3606/4/3 3610/4/3
f 3612/3/3 3607/3/3 3611/3/3
f 3613/4/3 3609/4/3 3608/4/3
f 3614/3/3 3610/3/3 3609/3/3
f 3614/4/3 3609/4/3 3613/4/3
f 3615/2/3 3611/2/3 3610/2/3
f 3615/3/3 3610/3/3 3614/3/3
f 3616/4/3 3612/4/3 3611/4/3
f 3616/2/3 3611/2/3 3615/2/3
f 3617/4/3 3612/4/3 3616/4/3
f 3618/1/3 3615/1/3 3614/1/3
f 3618/1/3 3616/1/3 3615/1/3
f 3619/2/3 3617/2/3 3616/2/3
f 3619/1/3 3616/1/3 3618/1/3
f 3620/2/3 3614/2/3 3613/2/3
f 3621/1/3 3618/1/3 3614/1/3
f 3621/2/3 3614/2/3 3620/2/3
f 3622/3/3 3619/3/3 3618/3/3
f 3622/1/3 3618/1/3 3621/1/3
f 3623/2/3 3617/2/3 3619/2/3
f 3623/3/3 3619/3/3 3622/3/3
f 3624/2/3 3617/2/3 3623/2/3
f 3625/2/3 3621/2/3 3620/2/3
f 3626/4/3 3622/4/3 3621/4/3
f 3626/2/3 3621/2/3 3625/2/3
f 3627/3/3 3623/3/3 3622/3/3
f 3627/4/3 3622/4/3 3626/4/3
f 3627/3/3 3624/3/3 3623/3/3
f 3628/3/3 3624/3/3 3627/3/3
f 3629/3/3 3624/3/3 3628/3/3
f 3630/4/3 3626/4/3 3625/4/3
f 3630/4/3 3627/4/3 3626/4/3
f 3631/2/3 3628/2/3 3627/2/3
f 3631/4/3 3627/4/3 3630/4/3
f 3632/4/3 3629/4/3 3628/4/3
f 3632/2/3 3628/2/3 3631/2/3
f 3633/4/3 3629/4/3 3632/4/3
f 3634/2/3 3631/2/3 3630/2/3
f 3634/2/3 3632/2/3 3631/2/3
f 3634/2/3 3633/2/3 3632/2/3
f 3635/2/3 3633/2/3 3634/2/3
f 3636/2/3 3633/2/3 3635/2/3
f 3637/2/3 3635/2/3 3634/2/3
f 3638/2/3 3635/2/3 3637/2/3
f 3639/2/3 3635/2/3 3638/2/3
f 3640/1/3 3636/1/3 3635/1/3
f 3640/2/3 3635/2/3 3639/2/3
f 3641/1/3 3636/1/3 3640/1/3
f 3642/1/3 3638/1/3 3637/1/3
f 3643/4/3 3639/4/3 3638/4/3
f 3643/1/3 3638/1/3 3642/1/3
f 3644/1/3 3640/1/3 3639/1/3
f 3644/4/3 3639/4/3 3643/4/3
f 3645/4/3 3643/4/3 3642/4/3
f 3646/1/3 3640/1/3 3644/1/3
f 3646/2/3 3644/2/3 3643/2/3
f 3647/2/3 3641/2/3 3640/2/3
f 3647/1/3 3640/1/3 3646/1/3
f 3648/4/3 3643/4/3 3645/4/3
f 3649/2/3 3646/2/3 3643/2/3
f 3649/4/3 3643/4/3 3648/4/3
f 3650/3/3 3647/3/3 3646/3/3
f 3650/2/3 3646/2/3 3649/2/3
f 3651/2/3 3641/2/3 3647/2/3
f 3651/3/3 3647/3/3 3650/3/3
f 3652/3/3 3649/3/3 3648/3/3
f 3653/1/3 3650/1/3 3649/1/3
f 3653/3/3 3649/3/3 3652/3/3
f 3654/4/3 3651/4/3 3650/4/3
f 3654/1/3 3650/1/3 3653/1/3
f 3655/2/3 3641/2/3 3651/2/3
f 3655/4/3 3651/4/3 3654/4/3
f 3656/2/3 3641/2/3 3655/2/3
f 3661/1/3 3658/1/3 3657/1/3
f 3662/4/3 3659/4/3 3658/4/3
f 3662/1/3 3658/1/3 3661/1/3
f 3663/4/3 3659/4/3 3662/4/3
f 3664/2/3 3660/2/3 3659/2/3
f 3664/4/3 3659/4/3 3663/4/3
f 3665/2/3 3662/2/3 3661/2/3
f 3666/4/3 3663/4/3 3662/4/3
f 3666/2/3 3662/2/3 3665/2/3
f 3667/3/3 3664/3/3 3663/3/3
f 3667/4/3 3663/4/3 3666/4/3
f 3668/2/3 3660/2/3 3664/2/3
f 3668/3/3 3664/3/3 3667/3/3
f 3669/4/3 3666/4/3 3665/4/3
f 3670/4/3 3666/4/3 3669/4/3
f 3671/2/3 3667/2/3 3666/2/3
f 3671/4/3 3666/4/3 3670/4/3
f 3672/1/3 3668/1/3 3667/1/3
f 3672/2/3 3667/2/3 3671/2/3
f 3673/2/3 3660/2/3 3668/2/3
f 3673/1/3 3668/1/3 3672/1/3
f 3674/2/3 3660/2/3 3673/2/3
f 3675/1/3 3672/1/3 3671/1/3
f 3675/1/3 3671/1/3 3670/1/3
f 3675/1/3 3673/1/3 3672/1/3
f 3676/1/3 3673/1/3 3675/1/3
f 3677/4/3 3674/4/3 3673/4/3
f 3677/1/3 3673/1/3 3676/1/3
f 3678/4/3 3674/4/3 3677/4/3
f 3679/1/3 3676/1/3 3675/1/3
f 3680/2/3 3677/2/3 3676/2/3
f 3680/1/3 3676/1/3 3679/1/3
f 3680/2/3 3678/2/3 3677/2/3
f 3681/2/3 3678/2/3 3680/2/3
f 3682/2/3 3678/2/3 3681/2/3
f 3683/3/3 3680/3/3 3679/3/3
f 3684/2/3 3681/2/3 3680/2/3
f 3684/3/3 3680/3/3 3683/3/3
f 3685/4/3 3684/4/3 3683/4/3
f 3686/2/3 3681/2/3 3684/2/3
f 3686/4/3 3684/4/3 3685/4/3
f 3687/2/3 3681/2/3 3686/2/3
f 3688/4/3 3682/4/3 3681/4/3
f 3688/2/3 3681/2/3 3687/2/3
f 3689/4/3 3682/4/3 3688/4/3
f 3690/3/3 3686/3/3 3685/3/3
f 3691/4/3 3687/4/3 3686/4/3
f 3691/3/3 3686/3/3 3690/3/3
f 3692/3/3 3688/3/3 3687/3/3
f 3692/4/3 3687/4/3 3691/4/3
f 3692/3/3 3689/3/3 3688/3/3
f 3693/3/3 3689/3/3 3692/3/3
f 3694/3/3 3689/3/3 3693/3/3
f 3695/2/3 3691/2/3 3690/2/3
f 3695/2/3 3692/2/3 3691/2/3
f 3696/1/3 3693/1/3 3692/1/3
f 3696/2/3 3692/2/3 3695/2/3
f 3697/2/3 3694/2/3 3693/2/3
f 3697/1/3 3693/1/3 3696/1/3
f 3698/2/3 3694/2/3 3697/2/3
f 3699/2/3 3696/2/3 3695/2/3
f 3699/2/3 3697/2/3 3696/2/3
f 3700/2/3 3697/2/3 3699/2/3
f 3701/4/3 3700/4/3 3699/4/3
f 3702/4/3 3700/4/3 3701/4/3
f 3703/2/3 3697/2/3 3700/2/3
f 3703/4/3 3700/4/3 3702/4/3
f 3704/4/3 3698/4/3 3697/4/3
f 3704/2/3 3697/2/3 3703/2/3
f 3705/4/3 3698/4/3 3704/4/3
f 3706/3/3 3702/3/3 3701/3/3
f 3707/4/3 3703/4/3 3702/4/3
f 3707/3/3 3702/3/3 3706/3/3
f 3707/4/3 3704/4/3 3703/4/3
f 3708/3/3 3705/3/3 3704/3/3
f 3708/4/3 3704/4/3 3707/4/3
f 3709/3/3 3705/3/3 3708/3/3
f 3710/1/3 3707/1/3 3706/1/3
f 3711/2/3 3708/2/3 3707/2/3
f 3711/1/3 3707/1/3 3710/1/3
f 3711/2/3 3709/2/3 3708/2/3
f 3712/2/3 3709/2/3 3711/2/3
f 3717/4/3 3714/4/3 3713/4/3
f 3718/3/3 3715/3/3 3714/3/3
f 3718/4/3 3714/4/3 3717/4/3
f 3719/2/3 3716/2/3 3715/2/3
f 3719/3/3 3715/3/3 3718/3/3
f 3720/2/3 3718/2/3 3717/2/3
f 3721/2/3 3716/2/3 3719/2/3
f 3721/4/3 3719/4/3 3718/4/3
f 3722/2/3 3716/2/3 3721/2/3
f 3723/2/3 3718/2/3 3720/2/3
f 3724/4/3 3721/4/3 3718/4/3
f 3724/2/3 3718/2/3 3723/2/3
f 3724/4/3 3722/4/3 3721/4/3
f 3725/4/3 3722/4/3 3724/4/3
f 3726/4/3 3724/4/3 3723/4/3
f 3727/1/3 3725/1/3 3724/1/3
f 3727/4/3 3724/4/3 3726/4/3
f 3728/4/3 3722/4/3 3725/4/3
f 3728/1/3 3725/1/3 3727/1/3
f 3729/4/3 3722/4/3 3728/4/3
f 3735/4/3 3731/4/3 3730/4/3
f 3736/2/3 3732/2/3 3731/2/3
f 3736/4/3 3731/4/3 3735/4/3
f 3737/3/3 3733/3/3 3732/3/3
f 3737/2/3 3732/2/3 3736/2/3
f 3738/1/3 3734/1/3 3733/1/3
f 3738/3/3 3733/3/3 3737/3/3
f 3739/1/3 3734/1/3 3738/1/3
f 3741/2/3 3740/2/3 3739/2/3
f 3742/2/3 3740/2/3 3741/2/3
f 3743/4/3 3742/4/3 3741/4/3
f 3744/4/3 3742/4/3 3743/4/3
f 3745/1/3 3744/1/3 3743/1/3
f 3748/1/3 3744/1/3 3745/1/3
f 3749/1/3 3744/1/3 3748/1/3
f 3750/1/3 3747/1/3 3746/1/3
f 3751/1/3 3747/1/3 3750/1/3
f 3752/2/3 3749/2/3 3748/2/3
f 3753/2/3 3749/2/3 3752/2/3
f 3754/4/3 3753/4/3 3752/4/3
f 3755/4/3 3753/4/3 3754/4/3
f 3756/1/3 3755/1/3 3754/1/3
f 3757/1/3 3755/1/3 3756/1/3
f 3762/2/3 3757/2/3 3756/2/3
f 3763/2/3 3757/2/3 3762/2/3
f 3764/1/3 3759/1/3 3758/1/3
f 3765/4/3 3760/4/3 3759/4/3
f 3765/1/3 3759/1/3 3764/1/3
f 3766/2/3 3761/2/3 3760/2/3
f 3766/4/3 3760/4/3 3765/4/3
f 3767/4/3 3762/4/3 3761/4/3
f 3767/2/3 3761/2/3 3766/2/3
f 3768/4/3 3762/4/3 3767/4/3
f 3770/2/3 3769/2/3 3768/2/3
f 3771/2/3 3769/2/3 3770/2/3
f 3772/4/3 3771/4/3 3770/4/3
f 3773/4/3 3771/4/3 3772/4/3
f 3774/1/3 3773/1/3 3772/1/3
f 3777/1/3 3773/1/3 3774/1/3
f 3778/3/3 3776/3/3 3775/3/3
f 3779/3/3 3776/3/3 3778/3/3
f 3780/1/3 3773/1/3 3777/1/3
f 3781/1/3 3773/1/3 3780/1/3
f 3782/2/3 3781/2/3 3780/2/3
f 3783/2/3 3781/2/3 3782/2/3
f 3784/2/3 3781/2/3 3783/2/3
f 3785/4/3 3784/4/3 3783/4/3
f 3786/4/3 3784/4/3 3785/4/3
f 3787/1/3 3786/1/3 3785/1/3
f 3788/1/3 3786/1/3 3787/1/3
f 3793/4/3 3788/4/3 3787/4/3
f 3794/4/3 3788/4/3 3793/4/3
f 3795/4/3 3790/4/3 3789/4/3
f 3796/3/3 3791/3/3 3790/3/3
f 3796/4/3 3790/4/3 3795/4/3
f 3797/4/3 3792/4/3 3791/4/3
f 3797/3/3 3791/3/3 3796/3/3
f 3798/2/3 3793/2/3 3792/2/3
f 3798/4/3 3792/4/3 3797/4/3
f 3799/2/3 3793/2/3 3798/2/3
f 3801/4/3 3800/4/3 3799/4/3
f 3802/4/3 3800/4/3 3801/4/3
f 3803/1/3 3802/1/3 3801/1/3
f 3804/1/3 3802/1/3 3803/1/3
f 3805/1/3 3802/1/3 3804/1/3
f 3806/2/3 3805/2/3 3804/2/3
f 3807/2/3 3805/2/3 3806/2/3
f 3808/2/3 3805/2/3 3807/2/3
f 3811/4/3 3808/4/3 3807/4/3
f 3812/4/3 3808/4/3 3811/4/3
f 3813/4/3 3810/4/3 3809/4/3
f 3814/4/3 3810/4/3 3813/4/3
f 3815/1/3 3812/1/3 3811/1/3
f 3816/1/3 3812/1/3 3815/1/3
f 3817/1/3 3812/1/3 3816/1/3
f 3818/1/3 3812/1/3 3817/1/3
f 3819/2/3 3818/2/3 3817/2/3
f 3823/2/3 3818/2/3 3819/2/3
f 3824/2/3 3818/2/3 3823/2/3
f 3825/1/3 3821/1/3 3820/1/3
f 3826/2/3 3822/2/3 3821/2/3
f 3826/1/3 3821/1/3 3825/1/3
f 3827/2/3 3822/2/3 3826/2/3
f 3828/4/3 3823/4/3 3822/4/3
f 3828/2/3 3822/2/3 3827/2/3
f 3829/4/3 3823/4/3 3828/4/3
f 3831/1/3 3830/1/3 3829/1/3
f 3832/1/3 3830/1/3 3831/1/3
f 3833/2/3 3832/2/3 3831/2/3
f 3838/2/3 3832/2/3 3833/2/3
f 3839/2/3 3832/2/3 3838/2/3
f 3840/4/3 3835/4/3 3834/4/3
f 3841/2/3 3836/2/3 3835/2/3
f 3841/4/3 3835/4/3 3840/4/3
f 3842/3/3 3837/3/3 3836/3/3
f 3842/2/3 3836/2/3 3841/2/3
f 3843/1/3 3838/1/3 3837/1/3
f 3843/3/3 3837/3/3 3842/3/3
f 3844/1/3 3838/1/3 3843/1/3
f 3849/4/3 3846/4/3 3845/4/3
f 3850/4/3 3846/4/3 3849/4/3
f 3851/2/3 3847/2/3 3846/2/3
f 3851/4/3 3846/4/3 3850/4/3
f 3852/4/3 3848/4/3 3847/4/3
f 3852/2/3 3847/2/3 3851/2/3
f 3853/4/3 3848/4/3 3852/4/3
f 3854/3/3 3850/3/3 3849/3/3
f 3855/4/3 3851/4/3 3850/4/3
f 3855/3/3 3850/3/3 3854/3/3
f 3855/4/3 3852/4/3 3851/4/3
f 3856/3/3 3853/3/3 3852/3/3
f 3856/4/3 3852/4/3 3855/4/3
f 3857/3/3 3853/3/3 3856/3/3
f 3858/3/3 3855/3/3 3854/3/3
f 3859/1/3 3856/1/3 3855/1/3
f 3859/3/3 3855/3/3 3858/3/3
f 3860/2/3 3857/2/3 3856/2/3
f 3860/1/3 3856/1/3 3859/1/3
f 3861/1/3 3859/1/3 3858/1/3
f 3862/2/3 3860/2/3 3859/2/3
f 3862/1/3 3859/1/3 3861/1/3
f 3863/2/3 3857/2/3 3860/2/3
f 3863/2/3 3860/2/3 3862/2/3
f 3869/2/3 3865/2/3 3864/2/3
f 3869/3/3 3866/3/3 3865/3/3
f 3870/1/3 3867/1/3 3866/1/3
f 3870/3/3 3866/3/3 3869/3/3
f 3871/4/3 3868/4/3 3867/4/3
f 3871/1/3 3867/1/3 3870/1/3
f 3872/4/3 3868/4/3 3871/4/3
f 3873/2/3 3869/2/3 3864/2/3
f 3874/1/3 3870/1/3 3869/1/3
f 3874/2/3 3869/2/3 3873/2/3
f 3875/2/3 3871/2/3 3870/2/3
f 3875/1/3 3870/1/3 3874/1/3
f 3876/3/3 3872/3/3 3871/3/3
f 3876/2/3 3871/2/3 3875/2/3
f 3877/3/3 3872/3/3 3876/3/3
f 3878/1/3 3874/1/3 3873/1/3
f 3879/1/3 3874/1/3 3878/1/3
f 3880/2/3 3875/2/3 3874/2/3
f 3880/1/3 3874/1/3 3879/1/3
f 3880/2/3 3876/2/3 3875/2/3
f 3881/1/3 3877/1/3 3876/1/3
f 3881/2/3 3876/2/3 3880/2/3
f 3882/1/3 3877/1/3 3881/1/3
f 3883/3/3 3880/3/3 3879/3/3
f 3884/4/3 3881/4/3 3880/4/3
f 3884/3/3 3880/3/3 3883/3/3
f 3885/4/3 3881/4/3 3884/4/3
f 3886/3/3 3882/3/3 3881/3/3
f 3886/4/3 3881/4/3 3885/4/3
f 3887/3/3 3882/3/3 3886/3/3
f 3888/2/3 3884/2/3 3883/2/3
f 3889/4/3 3885/4/3 3884/4/3
f 3889/2/3 3884/2/3 3888/2/3
f 3890/2/3 3886/2/3 3885/2/3
f 3890/2/3 3887/2/3 3886/2/3
f 3891/2/3 3887/2/3 3890/2/3
f 3892/4/3 3889/4/3 3888/4/3
f 3893/4/3 3885/4/3 3889/4/3
f 3893/4/3 3889/4/3 3892/4/3
f 3894/2/3 3890/2/3 3885/2/3
f 3894/4/3 3885/4/3 3893/4/3
f 3895/1/3 3891/1/3 3890/1/3
f 3895/2/3 3890/2/3 3894/2/3
f 3896/2/3 3893/2/3 3892/2/3
f 3897/1/3 3891/1/3 3895/1/3
f 3897/4/3 3895/4/3 3894/4/3
f 3898/1/3 3891/1/3 3897/1/3
f 3899/2/3 3893/2/3 3896/2/3
f 3900/1/3 3894/1/3 3893/1/3
f 3900/2/3 3893/2/3 3899/2/3
f 3901/4/3 3897/4/3 3894/4/3
f 3901/1/3 3894/1/3 3900/1/3
f 3902/3/3 3898/3/3 3897/3/3
f 3902/4/3 3897/4/3 3901/4/3
f 3903/3/3 3898/3/3 3902/3/3
f 3904/4/3 3900/4/3 3899/4/3
f 3905/1/3 3901/1/3 3900/1/3
f 3905/4/3 3900/4/3 3904/4/3
f 3906/2/3 3902/2/3 3901/2/3
f 3906/1/3 3901/1/3 3905/1/3
f 3907/4/3 3903/4/3 3902/4/3
f 3907/2/3 3902/2/3 3906/2/3
f 3908/4/3 3903/4/3 3907/4/3
f 3909/1/3 3905/1/3 3904/1/3
f 3910/4/3 3906/4/3 3905/4/3
f 3910/1/3 3905/1/3 3909/1/3
f 3911/2/3 3910/2/3 3909/2/3
f 3912/4/3 3906/4/3 3910/4/3
f 3912/2/3 3910/2/3 3911/2/3
f 3913/2/3 3907/2/3 3906/2/3
f 3913/4/3 3906/4/3 3912/4/3
f 3913/2/3 3908/2/3 3907/2/3
f 3914/2/3 3908/2/3 3913/2/3
f 3920/2/3 3916/2/3 3915/2/3
f 3920/3/3 3917/3/3 3916/3/3
f 3921/4/3 3918/4/3 3917/4/3
f 3921/3/3 3917/3/3 3920/3/3
f 3922/1/3 3919/1/3 3918/1/3
f 3922/4/3 3918/4/3 3921/4/3
f 3923/1/3 3919/1/3 3922/1/3
f 3924/2/3 3920/2/3 3915/2/3
f 3925/4/3 3921/4/3 3920/4/3
f 3925/2/3 3920/2/3 3924/2/3
f 3926/3/3 3922/3/3 3921/3/3
f 3926/4/3 3921/4/3 3925/4/3
f 3927/2/3 3923/2/3 3922/2/3
f 3927/3/3 3922/3/3 3926/3/3
f 3928/4/3 3925/4/3 3924/4/3
f 3929/2/3 3926/2/3 3925/2/3
f 3929/4/3 3925/4/3 3928/4/3
f 3930/1/3 3927/1/3 3926/1/3
f 3930/2/3 3926/2/3 3929/2/3
f 3931/2/3 3923/2/3 3927/2/3
f 3931/1/3 3927/1/3 3930/1/3
f 3932/2/3 3923/2/3 3931/2/3
f 3933/1/3 3930/1/3 3929/1/3
f 3933/1/3 3929/1/3 3928/1/3
f 3933/1/3 3931/1/3 3930/1/3
f 3934/1/3 3931/1/3 3933/1/3
f 3935/4/3 3932/4/3 3931/4/3
f 3935/1/3 3931/1/3 3934/1/3
f 3936/4/3 3932/4/3 3935/4/3
f 3937/1/3 3934/1/3 3933/1/3
f 3938/2/3 3935/2/3 3934/2/3
f 3938/1/3 3934/1/3 3937/1/3
f 3938/2/3 3936/2/3 3935/2/3
f 3939/2/3 3936/2/3 3938/2/3
f 3940/2/3 3936/2/3 3939/2/3
f 3941/4/3 3938/4/3 3937/4/3
f 3942/2/3 3939/2/3 3938/2/3
f 3942/4/3 3938/4/3 3941/4/3
f 3943/2/3 3939/2/3 3942/2/3
f 3944/4/3 3940/4/3 3939/4/3
f 3944/2/3 3939/2/3 3943/2/3
f 3945/4/3 3940/4/3 3944/4/3
f 3946/3/3 3942/3/3 3941/3/3
f 3947/4/3 3943/4/3 3942/4/3
f 3947/3/3 3942/3/3 3946/3/3
f 3948/3/3 3944/3/3 3943/3/3
f 3948/4/3 3943/4/3 3947/4/3
f 3948/3/3 3945/3/3 3944/3/3
f 3949/3/3 3945/3/3 3948/3/3
f 3950/3/3 3945/3/3 3949/3/3
f 3951/2/3 3947/2/3 3946/2/3
f 3951/2/3 3948/2/3 3947/2/3
f 3951/1/3 3949/1/3 3948/1/3
f 3952/2/3 3950/2/3 3949/2/3
f 3952/1/3 3949/1/3 3951/1/3
f 3953/2/3 3950/2/3 3952/2/3
f 3954/2/3 3951/2/3 3946/2/3
f 3954/2/3 3952/2/3 3951/2/3
f 3955/2/3 3952/2/3 3954/2/3
f 3956/4/3 3953/4/3 3952/4/3
f 3956/2/3 3952/2/3 3955/2/3
f 3957/4/3 3953/4/3 3956/4/3
f 3958/3/3 3955/3/3 3954/3/3
f 3958/4/3 3956/4/3 3955/4/3
f 3959/3/3 3957/3/3 3956/3/3
f 3959/4/3 3956/4/3 3958/4/3
f 3960/3/3 3957/3/3 3959/3/3
f 3961/3/3 3958/3/3 3954/3/3
f 3962/1/3 3959/1/3 3958/1/3
f 3962/3/3 3958/3/3 3961/3/3
f 3963/2/3 3960/2/3 3959/2/3
f 3963/1/3 3959/1/3 3962/1/3
f 3964/2/3 3960/2/3 3963/2/3
f 3969/1/3 3966/1/3 3965/1/3
f 3970/4/3 3967/4/3 3966/4/3
f 3970/1/3 3966/1/3 3969/1/3
f 3971/4/3 3967/4/3 3970/4/3
f 3972/2/3 3968/2/3 3967/2/3
f 3972/4/3 3967/4/3 3971/4/3
f 3973/2/3 3968/2/3 3972/2/3
f 3974/3/3 3971/3/3 3970/3/3
f 3974/2/3 3970/2/3 3969/2/3
f 3975/4/3 3972/4/3 3971/4/3
f 3975/3/3 3971/3/3 3974/3/3
f 3976/1/3 3973/1/3 3972/1/3
f 3976/4/3 3972/4/3 3975/4/3
f 3977/1/3 3973/1/3 3976/1/3
f 3978/2/3 3974/2/3 3969/2/3
f 3979/4/3 3975/4/3 3974/4/3
f 3979/2/3 3974/2/3 3978/2/3
f 3980/3/3 3976/3/3 3975/3/3
f 3980/4/3 3975/4/3 3979/4/3
f 3981/2/3 3977/2/3 3976/2/3
f 3981/3/3 3976/3/3 3980/3/3
f 3982/4/3 3979/4/3 3978/4/3
f 3983/2/3 3980/2/3 3979/2/3
f 3983/4/3 3979/4/3 3982/4/3
f 3984/1/3 3981/1/3 3980/1/3
f 3984/2/3 3980/2/3 3983/2/3
f 3985/2/3 3977/2/3 3981/2/3
f 3985/1/3 3981/1/3 3984/1/3
f 3986/2/3 3977/2/3 3985/2/3
f 3987/1/3 3984/1/3 3983/1/3
f 3987/1/3 3983/1/3 3982/1/3
f 3987/1/3 3985/1/3 3984/1/3
f 3988/1/3 3985/1/3 3987/1/3
f 3989/4/3 3986/4/3 3985/4/3
f 3989/1/3 3985/1/3 3988/1/3
f 3990/4/3 3986/4/3 3989/4/3
f 3991/1/3 3988/1/3 3987/1/3
f 3992/2/3 3989/2/3 3988/2/3
f 3992/1/3 3990/1/3 3989/1/3
f 3993/1/3 3990/1/3 3992/1/3
f 3994/1/3 3988/1/3 3991/1/3
f 3995/2/3 3992/2/3 3988/2/3
f 3995/1/3 3988/1/3 3994/1/3
f 3995/2/3 3993/2/3 3992/2/3
f 3996/2/3 3993/2/3 3995/2/3
f 3997/2/3 3993/2/3 3996/2/3
f 3998/3/3 3995/3/3 3994/3/3
f 3999/2/3 3996/2/3 3995/2/3
f 3999/3/3 3995/3/3 3998/3/3
f 4000/4/3 3999/4/3 3998/4/3
f 4001/2/3 3996/2/3 3999/2/3
f 4001/4/3 3999/4/3 4000/4/3
f 4002/2/3 3996/2/3 4001/2/3
f 4003/4/3 3997/4/3 3996/4/3
f 4003/2/3 3996/2/3 4002/2/3
f 4004/4/3 3997/4/3 4003/4/3
f 4005/3/3 4001/3/3 4000/3/3
f 4006/4/3 4002/4/3 4001/4/3
f 4006/3/3 4001/3/3 4005/3/3
f 4007/3/3 4003/3/3 4002/3/3
f 4007/4/3 4002/4/3 4006/4/3
f 4007/3/3 4004/3/3 4003/3/3
f 4008/3/3 4004/3/3 4007/3/3
f 4009/3/3 4004/3/3 4008/3/3
f 4010/4/3 4006/4/3 4005/4/3
f 4010/4/3 4007/4/3 4006/4/3
f 4011/2/3 4008/2/3 4007/2/3
f 4011/4/3 4007/4/3 4010/4/3
f 4012/4/3 4009/4/3 4008/4/3
f 4012/2/3 4008/2/3 4011/2/3
f 4013/4/3 4009/4/3 4012/4/3
f 4018/2/3 4015/2/3 4014/2/3
f 4019/1/3 4016/1/3 4015/1/3
f 4019/2/3 4015/2/3 4018/2/3
f 4020/2/3 4017/2/3 4016/2/3
f 4020/1/3 4016/1/3 4019/1/3
f 4021/2/3 4017/2/3 4020/2/3
f 4022/2/3 4017/2/3 4021/2/3
f 4024/1/3 4023/1/3 4022/1/3
f 4025/1/3 4023/1/3 4024/1/3
f 4026/2/3 4025/2/3 4024/2/3
f 4029/2/3 4025/2/3 4026/2/3
f 4030/2/3 4025/2/3 4029/2/3
f 4031/1/3 4028/1/3 4027/1/3
f 4032/2/3 4029/2/3 4028/2/3
f 4032/1/3 4028/1/3 4031/1/3
f 4033/2/3 4029/2/3 4032/2/3
f 4034/2/3 4029/2/3 4033/2/3
f 4035/2/3 4029/2/3 4034/2/3
f 4037/4/3 4036/4/3 4035/4/3
f 4038/4/3 4036/4/3 4037/4/3
f 4039/1/3 4038/1/3 4037/1/3
f 4040/1/3 4038/1/3 4039/1/3
f 4043/3/3 4042/3/3 4041/3/3
f 4044/3/3 4042/3/3 4043/3/3
f 4045/2/3 4040/2/3 4039/2/3
f 4046/2/3 4040/2/3 4045/2/3
f 4047/2/3 4040/2/3 4046/2/3
f 4048/1/3 4047/1/3 4046/1/3
f 4049/1/3 4047/1/3 4048/1/3
f 4050/2/3 4049/2/3 4048/2/3
f 4051/2/3 4049/2/3 4050/2/3
f 4052/2/3 4049/2/3 4051/2/3
f 4053/1/3 4052/1/3 4051/1/3
f 4054/1/3 4052/1/3 4053/1/3
f 4059/4/3 4054/4/3 4053/4/3
f 4060/4/3 4054/4/3 4059/4/3
f 4061/4/3 4058/4/3 4057/4/3
f 4061/4/3 4056/4/3 4055/4/3
f 4061/4/3 4057/4/3 4056/4/3
f 4062/4/3 4058/4/3 4061/4/3
f 4063/4/3 4058/4/3 4062/4/3
f 4064/2/3 4059/2/3 4058/2/3
f 4064/4/3 4058/4/3 4063/4/3
f 4065/2/3 4059/2/3 4064/2/3
f 4067/4/3 4066/4/3 4065/4/3
f 4068/4/3 4066/4/3 4067/4/3
f 4069/4/3 4066/4/3 4068/4/3
f 4070/1/3 4069/1/3 4068/1/3
f 4073/1/3 4069/1/3 4070/1/3
f 4074/1/3 4069/1/3 4073/1/3
f 4075/4/3 4072/4/3 4071/4/3
f 4076/4/3 4072/4/3 4075/4/3
f 4077/2/3 4074/2/3 4073/2/3
f 4078/2/3 4074/2/3 4077/2/3
f 4079/4/3 4078/4/3 4077/4/3
f 4080/4/3 4078/4/3 4079/4/3
f 4081/1/3 4080/1/3 4079/1/3
f 4082/1/3 4080/1/3 4081/1/3
f 4083/1/3 4080/1/3 4082/1/3
f 4084/1/3 4080/1/3 4083/1/3
f 4085/2/3 4084/2/3 4083/2/3
f 4089/2/3 4084/2/3 4085/2/3
f 4090/2/3 4084/2/3 4089/2/3
f 4091/1/3 4087/1/3 4086/1/3
f 4092/2/3 4088/2/3 4087/2/3
f 4092/1/3 4087/1/3 4091/1/3
f 4093/4/3 4089/4/3 4088/4/3
f 4093/2/3 4088/2/3 4092/2/3
f 4094/4/3 4089/4/3 4093/4/3
f 4096/4/3 4095/4/3 4094/4/3
f 4097/4/3 4095/4/3 4096/4/3
f 4098/4/3 4095/4/3 4097/4/3
f 4099/4/3 4095/4/3 4098/4/3
f 4100/1/3 4099/1/3 4098/1/3
f 4101/1/3 4099/1/3 4100/1/3
f 4102/1/3 4099/1/3 4101/1/3
f 4105/2/3 4102/2/3 4101/2/3
f 4106/4/3 4104/4/3 4103/4/3
f 4107/4/3 4104/4/3 4106/4/3
f 4108/2/3 4102/2/3 4105/2/3
f 4109/2/3 4102/2/3 4108/2/3
f 4110/2/3 4102/2/3 4109/2/3
f 4111/4/3 4110/4/3 4109/4/3
f 4112/4/3 4110/4/3 4111/4/3
f 4113/1/3 4112/1/3 4111/1/3
f 4118/1/3 4112/1/3 4113/1/3
f 4119/1/3 4112/1/3 4118/1/3
f 4120/2/3 4115/2/3 4114/2/3
f 4121/1/3 4116/1/3 4115/1/3
f 4121/2/3 4115/2/3 4120/2/3
f 4122/2/3 4117/2/3 4116/2/3
f 4122/1/3 4116/1/3 4121/1/3
f 4122/2/3 4118/2/3 4117/2/3
f 4123/2/3 4118/2/3 4122/2/3
f 4128/2/3 4125/2/3 4124/2/3
f 4129/4/3 4126/4/3 4125/4/3
f 4129/2/3 4125/2/3 4128/2/3
f 4130/2/3 4127/2/3 4126/2/3
f 4131/2/3 4127/2/3 4130/2/3
f 4132/4/3 4129/4/3 4128/4/3
f 4133/4/3 4126/4/3 4129/4/3
f 4133/4/3 4129/4/3 4132/4/3
f 4134/1/3 4133/1/3 4132/1/3
f 4135/4/3 4126/4/3 4133/4/3
f 4135/1/3 4133/1/3 4134/1/3
f 4136/2/3 4130/2/3 4126/2/3
f 4136/4/3 4126/4/3 4135/4/3
f 4137/1/3 4131/1/3 4130/1/3
f 4137/2/3 4130/2/3 4136/2/3
f 4138/2/3 4135/2/3 4134/2/3
f 4139/1/3 4131/1/3 4137/1/3
f 4139/4/3 4137/4/3 4136/4/3
f 4140/1/3 4131/1/3 4139/1/3
f 4141/2/3 4135/2/3 4138/2/3
f 4142/1/3 4136/1/3 4135/1/3
f 4142/2/3 4135/2/3 4141/2/3
f 4143/4/3 4139/4/3 4136/4/3
f 4143/1/3 4136/1/3 4142/1/3
f 4144/3/3 4140/3/3 4139/3/3
f 4144/4/3 4139/4/3 4143/4/3
f 4145/2/3 4142/2/3 4141/2/3
f 4145/2/3 4143/2/3 4142/2/3
f 4146/2/3 4143/2/3 4145/2/3
f 4147/1/3 4144/1/3 4143/1/3
f 4147/2/3 4143/2/3 4146/2/3
f 4148/3/3 4140/3/3 4144/3/3
f 4148/1/3 4144/1/3 4147/1/3
f 4149/3/3 4140/3/3 4148/3/3
f 4150/4/3 4146/4/3 4145/4/3
f 4151/1/3 4147/1/3 4146/1/3
f 4151/4/3 4146/4/3 4150/4/3
f 4152/2/3 4148/2/3 4147/2/3
f 4152/1/3 4147/1/3 4151/1/3
f 4153/4/3 4149/4/3 4148/4/3
f 4153/2/3 4148/2/3 4152/2/3
f 4154/4/3 4149/4/3 4153/4/3
f 4155/1/3 4151/1/3 4150/1/3
f 4156/4/3 4152/4/3 4151/4/3
f 4156/1/3 4151/1/3 4155/1/3
f 4157/2/3 4156/2/3 4155/2/3
f 4158/4/3 4152/4/3 4156/4/3
f 4158/2/3 4156/2/3 4157/2/3
f 4159/2/3 4153/2/3 4152/2/3
f 4159/4/3 4152/4/3 4158/4/3
f 4159/2/3 4154/2/3 4153/2/3
f 4160/2/3 4154/2/3 4159/2/3
f 4161/4/3 4158/4/3 4157/4/3
f 4161/4/3 4159/4/3 4158/4/3
f 4161/4/3 4160/4/3 4159/4/3
f 4162/2/3 4154/2/3 4160/2/3
f 4162/4/3 4160/4/3 4161/4/3
f 4163/2/3 4154/2/3 4162/2/3
f 4169/2/3 4165/2/3 4164/2/3
f 4170/3/3 4166/3/3 4165/3/3
f 4170/2/3 4165/2/3 4169/2/3
f 4171/4/3 4167/4/3 4166/4/3
f 4171/3/3 4166/3/3 4170/3/3
f 4172/1/3 4168/1/3 4167/1/3
f 4172/4/3 4167/4/3 4171/4/3
f 4173/1/3 4168/1/3 4172/1/3
f 4174/2/3 4170/2/3 4169/2/3
f 4175/4/3 4171/4/3 4170/4/3
f 4175/2/3 4170/2/3 4174/2/3
f 4176/3/3 4172/3/3 4171/3/3
f 4176/4/3 4171/4/3 4175/4/3
f 4177/2/3 4173/2/3 4172/2/3
f 4177/3/3 4172/3/3 4176/3/3
f 4178/4/3 4175/4/3 4174/4/3
f 4179/2/3 4176/2/3 4175/2/3
f 4179/4/3 4175/4/3 4178/4/3
f 4180/1/3 4177/1/3 4176/1/3
f 4180/2/3 4176/2/3 4179/2/3
f 4181/2/3 4173/2/3 4177/2/3
f 4181/1/3 4177/1/3 4180/1/3
f 4182/2/3 4173/2/3 4181/2/3
f 4183/1/3 4180/1/3 4179/1/3
f 4183/1/3 4179/1/3 4178/1/3
f 4183/1/3 4181/1/3 4180/1/3
f 4184/1/3 4181/1/3 4183/1/3
f 4185/4/3 4182/4/3 4181/4/3
f 4185/1/3 4181/1/3 4184/1/3
f 4186/4/3 4182/4/3 4185/4/3
f 4187/1/3 4184/1/3 4183/1/3
f 4188/2/3 4185/2/3 4184/2/3
f 4188/1/3 4184/1/3 4187/1/3
f 4189/1/3 4186/1/3 4185/1/3
f 4189/2/3 4185/2/3 4188/2/3
f 4190/1/3 4186/1/3 4189/1/3
f 4191/3/3 4188/3/3 4187/3/3
f 4192/2/3 4189/2/3 4188/2/3
f 4192/3/3 4188/3/3 4191/3/3
f 4193/4/3 4192/4/3 4191/4/3
f 4194/2/3 4189/2/3 4192/2/3
f 4194/4/3 4192/4/3 4193/4/3
f 4195/2/3 4189/2/3 4194/2/3
f 4196/4/3 4190/4/3 4189/4/3
f 4196/2/3 4189/2/3 4195/2/3
f 4197/4/3 4190/4/3 4196/4/3
f 4198/1/3 4195/1/3 4194/1/3
f 4198/2/3 4194/2/3 4193/2/3
f 4199/3/3 4196/3/3 4195/3/3
f 4199/1/3 4195/1/3 4198/1/3
f 4200/2/3 4197/2/3 4196/2/3
f 4200/3/3 4196/3/3 4199/3/3
f 4201/2/3 4199/2/3 4198/2/3
f 4201/2/3 4198/2/3 4193/2/3
f 4202/1/3 4200/1/3 4199/1/3
f 4202/2/3 4199/2/3 4201/2/3
f 4203/2/3 4197/2/3 4200/2/3
f 4203/1/3 4200/1/3 4202/1/3
f 4204/2/3 4197/2/3 4203/2/3
f 4205/4/3 4202/4/3 4201/4/3
f 4206/4/3 4202/4/3 4205/4/3
f 4207/2/3 4203/2/3 4202/2/3
f 4207/4/3 4202/4/3 4206/4/3
f 4208/4/3 4204/4/3 4203/4/3
f 4208/2/3 4203/2/3 4207/2/3
f 4209/4/3 4204/4/3 4208/4/3
f 4210/3/3 4206/3/3 4205/3/3
f 4210/4/3 4207/4/3 4206/4/3
f 4210/4/3 4208/4/3 4207/4/3
f 4211/3/3 4209/3/3 4208/3/3
f 4211/4/3 4208/4/3 4210/4/3
f 4212/3/3 4209/3/3 4211/3/3
f 4213/3/3 4210/3/3 4205/3/3
f 4214/1/3 4211/1/3 4210/1/3
f 4214/3/3 4210/3/3 4213/3/3
f 4215/2/3 4212/2/3 4211/2/3
f 4215/1/3 4211/1/3 4214/1/3
f 4216/2/3 4212/2/3 4215/2/3
f 4222/2/3 4218/2/3 4217/2/3
f 4222/3/3 4219/3/3 4218/3/3
f 4223/4/3 4220/4/3 4219/4/3
f 4223/3/3 4219/3/3 4222/3/3
f 4224/1/3 4221/1/3 4220/1/3
f 4224/4/3 4220/4/3 4223/4/3
f 4225/1/3 4221/1/3 4224/1/3
f 4226/2/3 4222/2/3 4217/2/3
f 4227/4/3 4223/4/3 4222/4/3
f 4227/2/3 4222/2/3 4226/2/3
f 4228/3/3 4224/3/3 4223/3/3
f 4228/4/3 4223/4/3 4227/4/3
f 4229/2/3 4225/2/3 4224/2/3
f 4229/3/3 4224/3/3 4228/3/3
f 4230/4/3 4227/4/3 4226/4/3
f 4231/2/3 4228/2/3 4227/2/3
f 4231/4/3 4227/4/3 4230/4/3
f 4232/1/3 4229/1/3 4228/1/3
f 4232/2/3 4228/2/3 4231/2/3
f 4233/2/3 4225/2/3 4229/2/3
f 4233/1/3 4229/1/3 4232/1/3
f 4234/2/3 4225/2/3 4233/2/3
f 4235/1/3 4232/1/3 4231/1/3
f 4235/1/3 4231/1/3 4230/1/3
f 4235/1/3 4233/1/3 4232/1/3
f 4236/1/3 4233/1/3 4235/1/3
f 4237/4/3 4234/4/3 4233/4/3
f 4237/1/3 4233/1/3 4236/1/3
f 4238/4/3 4234/4/3 4237/4/3
f 4239/1/3 4236/1/3 4235/1/3
f 4240/2/3 4237/2/3 4236/2/3
f 4240/1/3 4236/1/3 4239/1/3
f 4241/1/3 4238/1/3 4237/1/3
f 4241/2/3 4237/2/3 4240/2/3
f 4242/1/3 4238/1/3 4241/1/3
f 4243/4/3 4240/4/3 4239/4/3
f 4244/2/3 4241/2/3 4240/2/3
f 4244/4/3 4240/4/3 4243/4/3
f 4245/2/3 4241/2/3 4244/2/3
f 4246/4/3 4242/4/3 4241/4/3
f 4246/2/3 4241/2/3 4245/2/3
f 4247/4/3 4242/4/3 4246/4/3
f 4248/1/3 4245/1/3 4244/1/3
f 4248/2/3 4244/2/3 4243/2/3
f 4249/3/3 4246/3/3 4245/3/3
f 4249/1/3 4245/1/3 4248/1/3
f 4250/2/3 4247/2/3 4246/2/3
f 4250/3/3 4246/3/3 4249/3/3
f 4251/2/3 4249/2/3 4248/2/3
f 4251/2/3 4248/2/3 4243/2/3
f 4252/1/3 4250/1/3 4249/1/3
f 4252/2/3 4249/2/3 4251/2/3
f 4253/2/3 4247/2/3 4250/2/3
f 4253/1/3 4250/1/3 4252/1/3
f 4254/2/3 4247/2/3 4253/2/3
f 4255/4/3 4252/4/3 4251/4/3
f 4256/4/3 4252/4/3 4255/4/3
f 4257/2/3 4253/2/3 4252/2/3
f 4257/4/3 4252/4/3 4256/4/3
f 4258/4/3 4254/4/3 4253/4/3
f 4258/2/3 4253/2/3 4257/2/3
f 4259/4/3 4254/4/3 4258/4/3
f 4260/3/3 4256/3/3 4255/3/3
f 4260/4/3 4257/4/3 4256/4/3
f 4260/4/3 4258/4/3 4257/4/3
f 4261/3/3 4259/3/3 4258/3/3
f 4261/4/3 4258/4/3 4260/4/3
f 4262/3/3 4259/3/3 4261/3/3
f 4263/3/3 4260/3/3 4255/3/3
f 4264/1/3 4261/1/3 4260/1/3
f 4264/3/3 4260/3/3 4263/3/3
f 4265/2/3 4262/2/3 4261/2/3
f 4265/1/3 4261/1/3 4264/1/3
f 4266/2/3 4262/2/3 4265/2/3
f 4271/1/3 4268/1/3 4267/1/3
f 4272/2/3 4269/2/3 4268/2/3
f 4272/1/3 4268/1/3 4271/1/3
f 4273/2/3 4269/2/3 4272/2/3
f 4274/4/3 4270/4/3 4269/4/3
f 4274/2/3 4269/2/3 4273/2/3
f 4275/2/3 4272/2/3 4271/2/3
f 4276/3/3 4273/3/3 4272/3/3
f 4276/2/3 4272/2/3 4275/2/3
f 4277/1/3 4274/1/3 4273/1/3
f 4277/3/3 4273/3/3 4276/3/3
f 4278/4/3 4270/4/3 4274/4/3
f 4278/1/3 4274/1/3 4277/1/3
f 4279/4/3 4270/4/3 4278/4/3
f 4280/2/3 4276/2/3 4275/2/3
f 4281/1/3 4277/1/3 4276/1/3
f 4281/2/3 4276/2/3 4280/2/3
f 4282/2/3 4278/2/3 4277/2/3
f 4282/1/3 4277/1/3 4281/1/3
f 4283/3/3 4279/3/3 4278/3/3
f 4283/2/3 4278/2/3 4282/2/3
f 4284/3/3 4279/3/3 4283/3/3
f 4285/2/3 4281/2/3 4280/2/3
f 4285/2/3 4282/2/3 4281/2/3
f 4285/2/3 4283/2/3 4282/2/3
f 4286/2/3 4283/2/3 4285/2/3
f 4287/1/3 4286/1/3 4285/1/3
f 4288/2/3 4283/2/3 4286/2/3
f 4288/1/3 4286/1/3 4287/1/3
f 4289/2/3 4283/2/3 4288/2/3
f 4290/1/3 4284/1/3 4283/1/3
f 4290/2/3 4283/2/3 4289/2/3
f 4291/1/3 4284/1/3 4290/1/3
f 4292/2/3 4288/2/3 4287/2/3
f 4293/4/3 4289/4/3 4288/4/3
f 4293/2/3 4288/2/3 4292/2/3
f 4294/2/3 4290/2/3 4289/2/3
f 4294/4/3 4289/4/3 4293/4/3
f 4294/2/3 4291/2/3 4290/2/3
f 4295/2/3 4291/2/3 4294/2/3
f 4307/1/3 4297/1/3 4296/1/3
f 4308/4/3 4298/4/3 4297/4/3
f 4308/1/3 4297/1/3 4307/1/3
f 4309/2/3 4299/2/3 4298/2/3
f 4309/4/3 4298/4/3 4308/4/3
f 4310/4/3 4300/4/3 4299/4/3
f 4310/2/3 4299/2/3 4309/2/3
f 4311/4/3 4300/4/3 4310/4/3
f 4312/2/3 4302/2/3 4301/2/3
f 4313/4/3 4303/4/3 4302/4/3
f 4313/2/3 4302/2/3 4312/2/3
f 4314/1/3 4304/1/3 4303/1/3
f 4314/4/3 4303/4/3 4313/4/3
f 4315/2/3 4305/2/3 4304/2/3
f 4315/1/3 4304/1/3 4314/1/3
f 4316/2/3 4305/2/3 4315/2/3
f 4318/2/3 4307/2/3 4306/2/3
f 4319/2/3 4307/2/3 4318/2/3
f 4320/1/3 4317/1/3 4316/1/3
f 4321/1/3 4317/1/3 4320/1/3
f 4322/4/3 4321/4/3 4320/4/3
f 4323/4/3 4321/4/3 4322/4/3
f 4326/2/3 4323/2/3 4322/2/3
f 4327/4/3 4325/4/3 4324/4/3
f 4328/4/3 4325/4/3 4327/4/3
f 4329/2/3 4323/2/3 4326/2/3
f 4330/2/3 4323/2/3 4329/2/3
f 4331/4/3 4330/4/3 4329/4/3
f 4332/4/3 4330/4/3 4331/4/3
f 4333/1/3 4332/1/3 4331/1/3
f 4334/1/3 4332/1/3 4333/1/3
f 4337/4/3 4334/4/3 4333/4/3
f 4338/4/3 4334/4/3 4337/4/3
f 4339/4/3 4336/4/3 4335/4/3
f 4340/4/3 4336/4/3 4339/4/3
f 4341/4/3 4336/4/3 4340/4/3
f 4342/2/3 4337/2/3 4336/2/3
f 4342/4/3 4336/4/3 4341/4/3
f 4343/2/3 4337/2/3 4342/2/3
f 4345/4/3 4344/4/3 4343/4/3
f 4346/4/3 4344/4/3 4345/4/3
f 4347/4/3 4344/4/3 4346/4/3
f 4348/1/3 4347/1/3 4346/1/3
f 4349/1/3 4347/1/3 4348/1/3
f 4350/1/3 4347/1/3 4349/1/3
f 4351/2/3 4350/2/3 4349/2/3
f 4354/2/3 4350/2/3 4351/2/3
f 4355/2/3 4350/2/3 4354/2/3
f 4356/3/3 4353/3/3 4352/3/3
f 4357/3/3 4353/3/3 4356/3/3
f 4358/4/3 4355/4/3 4354/4/3
f 4359/4/3 4355/4/3 4358/4/3
f 4360/1/3 4359/1/3 4358/1/3
f 4361/1/3 4359/1/3 4360/1/3
f 4362/1/3 4359/1/3 4361/1/3
f 4363/2/3 4362/2/3 4361/2/3
f 4367/2/3 4362/2/3 4363/2/3
f 4368/2/3 4362/2/3 4367/2/3
f 4369/1/3 4365/1/3 4364/1/3
f 4370/2/3 4366/2/3 4365/2/3
f 4370/1/3 4365/1/3 4369/1/3
f 4371/2/3 4366/2/3 4370/2/3
f 4372/4/3 4367/4/3 4366/4/3
f 4372/2/3 4366/2/3 4371/2/3
f 4373/4/3 4367/4/3 4372/4/3
f 4375/4/3 4374/4/3 4373/4/3
f 4376/4/3 4374/4/3 4375/4/3
f 4377/4/3 4374/4/3 4376/4/3
f 4378/1/3 4377/1/3 4376/1/3
f 4379/1/3 4377/1/3 4378/1/3
f 4380/1/3 4377/1/3 4379/1/3
f 4383/2/3 4380/2/3 4379/2/3
f 4384/2/3 4380/2/3 4383/2/3
f 4385/3/3 4382/3/3 4381/3/3
f 4386/3/3 4382/3/3 4385/3/3
f 4387/4/3 4384/4/3 4383/4/3
f 4388/4/3 4384/4/3 4387/4/3
f 4389/1/3 4388/1/3 4387/1/3
f 4390/1/3 4388/1/3 4389/1/3
f 4391/1/3 4388/1/3 4390/1/3
f 4392/2/3 4391/2/3 4390/2/3
f 4396/2/3 4391/2/3 4392/2/3
f 4397/2/3 4391/2/3 4396/2/3
f 4398/1/3 4394/1/3 4393/1/3
f 4399/2/3 4395/2/3 4394/2/3
f 4399/1/3 4394/1/3 4398/1/3
f 4400/4/3 4396/4/3 4395/4/3
f 4400/2/3 4395/2/3 4399/2/3
f 4401/4/3 4396/4/3 4400/4/3
f 4403/2/3 4402/2/3 4401/2/3
f 4404/2/3 4402/2/3 4403/2/3
f 4405/4/3 4404/4/3 4403/4/3
f 4406/4/3 4404/4/3 4405/4/3
f 4407/1/3 4406/1/3 4405/1/3
f 4408/1/3 4406/1/3 4407/1/3
f 4411/4/3 4408/4/3 4407/4/3
f 4412/4/3 4408/4/3 4411/4/3
f 4413/2/3 4410/2/3 4409/2/3
f 4414/2/3 4410/2/3 4413/2/3
f 4423/1/3 4412/1/3 4411/1/3
f 4424/1/3 4412/1/3 4423/1/3
f 4425/1/3 4415/1/3 4414/1/3
f 4426/4/3 4416/4/3 4415/4/3
f 4426/1/3 4415/1/3 4425/1/3
f 4427/2/3 4417/2/3 4416/2/3
f 4427/4/3 4416/4/3 4426/4/3
f 4428/4/3 4418/4/3 4417/4/3
f 4428/2/3 4417/2/3 4427/2/3
f 4429/4/3 4418/4/3 4428/4/3
f 4430/2/3 4420/2/3 4419/2/3
f 4431/4/3 4421/4/3 4420/4/3
f 4431/2/3 4420/2/3 4430/2/3
f 4432/1/3 4422/1/3 4421/1/3
f 4432/4/3 4421/4/3 4431/4/3
f 4433/2/3 4423/2/3 4422/2/3
f 4433/1/3 4422/1/3 4432/1/3
f 4434/2/3 4423/2/3 4433/2/3
f 4438/1/3 4436/1/3 4435/1/3
f 4439/1/3 4436/1/3 4438/1/3
f 4440/2/3 4439/2/3 4438/2/3
f 4441/2/3 4437/2/3 4436/2/3
f 4441/1/3 4436/1/3 4439/1/3
f 4442/2/3 4437/2/3 4441/2/3
f 4443/2/3 4439/2/3 4440/2/3
f 4444/1/3 4441/1/3 4439/1/3
f 4444/2/3 4439/2/3 4443/2/3
f 4445/4/3 4442/4/3 4441/4/3
f 4445/1/3 4441/1/3 4444/1/3
f 4446/2/3 4444/2/3 4443/2/3
f 4447/2/3 4444/2/3 4446/2/3
f 4448/4/3 4445/4/3 4444/4/3
f 4448/2/3 4444/2/3 4447/2/3
f 4449/4/3 4442/4/3 4445/4/3
f 4449/4/3 4445/4/3 4448/4/3
f 4450/4/3 4442/4/3 4449/4/3
f 4451/4/3 4447/4/3 4446/4/3
f 4452/2/3 4448/2/3 4447/2/3
f 4452/4/3 4447/4/3 4451/4/3
f 4453/1/3 4449/1/3 4448/1/3
f 4453/2/3 4448/2/3 4452/2/3
f 4454/3/3 4450/3/3 4449/3/3
f 4454/1/3 4449/1/3 4453/1/3
f 4455/3/3 4450/3/3 4454/3/3
f 4460/4/3 4457/4/3 4456/4/3
f 4461/3/3 4458/3/3 4457/3/3
f 4461/4/3 4457/4/3 4460/4/3
f 4462/1/3 4461/1/3 4460/1/3
f 4463/3/3 4458/3/3 4461/3/3
f 4463/1/3 4461/1/3 4462/1/3
f 4464/2/3 4459/2/3 4458/2/3
f 4464/3/3 4458/3/3 4463/3/3
f 4465/2/3 4463/2/3 4462/2/3
f 4466/2/3 4459/2/3 4464/2/3
f 4466/1/3 4464/1/3 4463/1/3
f 4467/2/3 4459/2/3 4466/2/3
f 4468/2/3 4463/2/3 4465/2/3
f 4469/2/3 4463/2/3 4468/2/3
f 4470/1/3 4466/1/3 4463/1/3
f 4470/2/3 4463/2/3 4469/2/3
f 4471/4/3 4467/4/3 4466/4/3
f 4471/1/3 4466/1/3 4470/1/3
f 4472/4/3 4469/4/3 4468/4/3
f 4473/4/3 4469/4/3 4472/4/3
f 4474/2/3 4470/2/3 4469/2/3
f 4474/4/3 4469/4/3 4473/4/3
f 4475/3/3 4471/3/3 4470/3/3
f 4475/2/3 4470/2/3 4474/2/3
f 4476/4/3 4467/4/3 4471/4/3
f 4476/3/3 4471/3/3 4475/3/3
f 4477/4/3 4467/4/3 4476/4/3
f 4478/3/3 4475/3/3 4474/3/3
f 4478/3/3 4474/3/3 4473/3/3
f 4478/3/3 4476/3/3 4475/3/3
f 4479/3/3 4476/3/3 4478/3/3
f 4480/3/3 4476/3/3 4479/3/3
f 4481/1/3 4477/1/3 4476/1/3
f 4481/3/3 4476/3/3 4480/3/3
f 4482/1/3 4477/1/3 4481/1/3
f 4483/4/3 4479/4/3 4478/4/3
f 4484/1/3 4480/1/3 4479/1/3
f 4484/4/3 4479/4/3 4483/4/3
f 4485/3/3 4481/3/3 4480/3/3
f 4485/1/3 4480/1/3 4484/1/3
f 4486/2/3 4482/2/3 4481/2/3
f 4486/3/3 4481/3/3 4485/3/3
f 4487/4/3 4484/4/3 4483/4/3
f 4488/4/3 4484/4/3 4487/4/3
f 4489/2/3 4485/2/3 4484/2/3
f 4489/1/3 4486/1/3 4485/1/3
f 4490/2/3 4482/2/3 4486/2/3
f 4490/1/3 4486/1/3 4489/1/3
f 4491/2/3 4482/2/3 4490/2/3
f 4492/4/3 4484/4/3 4488/4/3
f 4493/2/3 4489/2/3 4484/2/3
f 4493/4/3 4484/4/3 4492/4/3
f 4493/2/3 4490/2/3 4489/2/3
f 4494/2/3 4490/2/3 4493/2/3
f 4495/4/3 4491/4/3 4490/4/3
f 4495/2/3 4490/2/3 4494/2/3
f 4496/3/3 4493/3/3 4492/3/3
f 4497/4/3 4494/4/3 4493/4/3
f 4497/3/3 4493/3/3 4496/3/3
f 4498/1/3 4497/1/3 4496/1/3
f 4499/1/3 4497/1/3 4498/1/3
f 4500/4/3 4494/4/3 4497/4/3
f 4500/1/3 4497/1/3 4499/1/3
f 4501/1/3 4495/1/3 4494/1/3
f 4501/4/3 4494/4/3 4500/4/3
f 4502/4/3 4491/4/3 4495/4/3
f 4502/1/3 4495/1/3 4501/1/3
f 4503/4/3 4491/4/3 4502/4/3
f 4504/2/3 4500/2/3 4499/2/3
f 4505/1/3 4501/1/3 4500/1/3
f 4505/2/3 4500/2/3 4504/2/3
f 4506/3/3 4502/3/3 4501/3/3
f 4506/1/3 4501/1/3 4505/1/3
f 4507/1/3 4503/1/3 4502/1/3
f 4507/3/3 4502/3/3 4506/3/3
f 4508/1/3 4503/1/3 4507/1/3
f 4509/2/3 4505/2/3 4504/2/3
f 4509/2/3 4506/2/3 4505/2/3
f 4510/2/3 4508/2/3 4507/2/3
f 4510/1/3 4507/1/3 4506/1/3
f 4511/2/3 4508/2/3 4510/2/3
f 4512/2/3 4506/2/3 4509/2/3
f 4513/1/3 4510/1/3 4506/1/3
f 4513/2/3 4506/2/3 4512/2/3
f 4514/4/3 4511/4/3 4510/4/3
f 4514/1/3 4510/1/3 4513/1/3
f 4515/4/3 4511/4/3 4514/4/3
f 4516/4/3 4513/4/3 4512/4/3
f 4517/4/3 4513/4/3 4516/4/3
f 4518/3/3 4514/3/3 4513/3/3
f 4518/4/3 4513/4/3 4517/4/3
f 4519/4/3 4517/4/3 4516/4/3
f 4520/3/3 4518/3/3 4517/3/3
f 4520/4/3 4517/4/3 4519/4/3
f 4521/1/3 4520/1/3 4519/1/3
f 4522/3/3 4518/3/3 4520/3/3
f 4522/1/3 4520/1/3 4521/1/3
f 4523/3/3 4514/3/3 4518/3/3
f 4523/3/3 4518/3/3 4522/3/3
f 4524/1/3 4515/1/3 4514/1/3
f 4524/3/3 4514/3/3 4523/3/3
f 4525/1/3 4515/1/3 4524/1/3
f 4526/2/3 4522/2/3 4521/2/3
f 4527/2/3 4522/2/3 4526/2/3
f 4528/3/3 4523/3/3 4522/3/3
f 4528/2/3 4522/2/3 4527/2/3
f 4529/1/3 4524/1/3 4523/1/3
f 4529/3/3 4523/3/3 4528/3/3
f 4530/4/3 4525/4/3 4524/4/3
f 4530/1/3 4524/1/3 4529/1/3
f 4531/4/3 4525/4/3 4530/4/3
f 4537/4/3 4533/4/3 4532/4/3
f 4538/2/3 4534/2/3 4533/2/3
f 4538/4/3 4533/4/3 4537/4/3
f 4539/3/3 4535/3/3 4534/3/3
f 4539/2/3 4534/2/3 4538/2/3
f 4540/4/3 4536/4/3 4535/4/3
f 4540/3/3 4535/3/3 4539/3/3
f 4541/4/3 4536/4/3 4540/4/3
f 4542/1/3 4538/1/3 4537/1/3
f 4543/3/3 4539/3/3 4538/3/3
f 4543/1/3 4538/1/3 4542/1/3
f 4544/4/3 4540/4/3 4539/4/3
f 4544/3/3 4539/3/3 4543/3/3
f 4545/2/3 4541/2/3 4540/2/3
f 4545/4/3 4540/4/3 4544/4/3
f 4546/2/3 4543/2/3 4542/2/3
f 4546/2/3 4544/2/3 4543/2/3
f 4547/2/3 4541/2/3 4545/2/3
f 4547/1/3 4545/1/3 4544/1/3
f 4548/2/3 4541/2/3 4547/2/3
f 4549/2/3 4544/2/3 4546/2/3
f 4550/1/3 4547/1/3 4544/1/3
f 4550/2/3 4544/2/3 4549/2/3
f 4551/4/3 4548/4/3 4547/4/3
f 4551/1/3 4547/1/3 4550/1/3
f 4552/4/3 4548/4/3 4551/4/3
f 4553/2/3 4550/2/3 4549/2/3
f 4554/4/3 4551/4/3 4550/4/3
f 4554/2/3 4550/2/3 4553/2/3
f 4555/1/3 4552/1/3 4551/1/3
f 4555/4/3 4551/4/3 4554/4/3
f 4556/1/3 4552/1/3 4555/1/3
f 4557/4/3 4554/4/3 4553/4/3
f 4558/4/3 4554/4/3 4557/4/3
f 4559/3/3 4555/3/3 4554/3/3
f 4559/4/3 4554/4/3 4558/4/3
f 4560/4/3 4558/4/3 4557/4/3
f 4561/1/3 4559/1/3 4558/1/3
f 4561/4/3 4558/4/3 4560/4/3
f 4562/3/3 4555/3/3 4559/3/3
f 4562/1/3 4559/1/3 4561/1/3
f 4563/1/3 4561/1/3 4560/1/3
f 4564/3/3 4562/3/3 4561/3/3
f 4564/1/3 4561/1/3 4563/1/3
f 4565/3/3 4555/3/3 4562/3/3
f 4565/3/3 4562/3/3 4564/3/3
f 4565/2/3 4556/2/3 4555/2/3
f 4566/2/3 4556/2/3 4565/2/3
f 4567/2/3 4564/2/3 4563/2/3
f 4568/3/3 4565/3/3 4564/3/3
f 4568/2/3 4564/2/3 4567/2/3
f 4569/4/3 4566/4/3 4565/4/3
f 4569/3/3 4565/3/3 4568/3/3
f 4570/4/3 4566/4/3 4569/4/3
f 4571/1/3 4568/1/3 4567/1/3
f 4571/1/3 4569/1/3 4568/1/3
f 4572/2/3 4570/2/3 4569/2/3
f 4572/1/3 4569/1/3 4571/1/3
f 4573/2/3 4570/2/3 4572/2/3
f 4578/3/3 4575/3/3 4574/3/3
f 4579/1/3 4576/1/3 4575/1/3
f 4579/3/3 4575/3/3 4578/3/3
f 4580/2/3 4577/2/3 4576/2/3
f 4580/1/3 4576/1/3 4579/1/3
f 4581/2/3 4577/2/3 4580/2/3
f 4582/2/3 4577/2/3 4581/2/3
f 4584/4/3 4583/4/3 4582/4/3
f 4585/4/3 4583/4/3 4584/4/3
f 4586/1/3 4585/1/3 4584/1/3
f 4587/1/3 4585/1/3 4586/1/3
f 4588/2/3 4587/2/3 4586/2/3
f 4589/2/3 4587/2/3 4588/2/3
f 4594/2/3 4587/2/3 4589/2/3
f 4595/2/3 4587/2/3 4594/2/3
f 4596/4/3 4591/4/3 4590/4/3
f 4597/2/3 4592/2/3 4591/2/3
f 4597/4/3 4591/4/3 4596/4/3
f 4598/1/3 4593/1/3 4592/1/3
f 4598/2/3 4592/2/3 4597/2/3
f 4599/3/3 4594/3/3 4593/3/3
f 4599/1/3 4593/1/3 4598/1/3
f 4600/3/3 4594/3/3 4599/3/3
f 4602/1/3 4601/1/3 4600/1/3
f 4603/1/3 4601/1/3 4602/1/3
f 4606/1/3 4605/1/3 4604/1/3
f 4607/1/3 4605/1/3 4606/1/3
f 4608/2/3 4603/2/3 4602/2/3
f 4609/2/3 4603/2/3 4608/2/3
f 4610/2/3 4603/2/3 4609/2/3
f 4611/4/3 4610/4/3 4609/4/3
f 4612/4/3 4610/4/3 4611/4/3
f 4613/1/3 4612/1/3 4611/1/3
f 4614/1/3 4612/1/3 4613/1/3
f 4615/2/3 4614/2/3 4613/2/3
f 4616/2/3 4614/2/3 4615/2/3
f 4617/2/3 4614/2/3 4616/2/3
f 4618/4/3 4617/4/3 4616/4/3
f 4619/4/3 4617/4/3 4618/4/3
f 4620/1/3 4619/1/3 4618/1/3
f 4623/1/3 4619/1/3 4620/1/3
f 4624/4/3 4622/4/3 4621/4/3
f 4625/4/3 4622/4/3 4624/4/3
f 4626/1/3 4619/1/3 4623/1/3
f 4627/1/3 4619/1/3 4626/1/3
f 4628/2/3 4627/2/3 4626/2/3
f 4629/2/3 4627/2/3 4628/2/3
f 4630/4/3 4629/4/3 4628/4/3
f 4631/4/3 4629/4/3 4630/4/3
f 4632/1/3 4631/1/3 4630/1/3
f 4633/1/3 4631/1/3 4632/1/3
f 4634/2/3 4633/2/3 4632/2/3
f 4639/2/3 4633/2/3 4634/2/3
f 4640/2/3 4633/2/3 4639/2/3
f 4641/4/3 4636/4/3 4635/4/3
f 4642/2/3 4637/2/3 4636/2/3
f 4642/4/3 4636/4/3 4641/4/3
f 4643/3/3 4638/3/3 4637/3/3
f 4643/2/3 4637/2/3 4642/2/3
f 4644/4/3 4639/4/3 4638/4/3
f 4644/3/3 4638/3/3 4643/3/3
f 4645/4/3 4639/4/3 4644/4/3
f 4647/1/3 4646/1/3 4645/1/3
f 4650/1/3 4646/1/3 4647/1/3
f 4651/1/3 4646/1/3 4650/1/3
f 4652/4/3 4649/4/3 4648/4/3
f 4653/4/3 4649/4/3 4652/4/3
f 4654/2/3 4651/2/3 4650/2/3
f 4655/2/3 4651/2/3 4654/2/3
f 4656/2/3 4651/2/3 4655/2/3
f 4657/2/3 4651/2/3 4656/2/3
f 4658/1/3 4657/1/3 4656/1/3
f 4659/1/3 4657/1/3 4658/1/3
f 4660/2/3 4659/2/3 4658/2/3
f 4661/2/3 4659/2/3 4660/2/3
f 4662/2/3 4659/2/3 4661/2/3
f 4667/4/3 4662/4/3 4661/4/3
f 4668/4/3 4662/4/3 4667/4/3
f 4669/3/3 4664/3/3 4663/3/3
f 4670/1/3 4665/1/3 4664/1/3
f 4670/3/3 4664/3/3 4669/3/3
f 4671/2/3 4666/2/3 4665/2/3
f 4671/1/3 4665/1/3 4670/1/3
f 4671/2/3 4667/2/3 4666/2/3
f 4672/2/3 4667/2/3 4671/2/3
f 4677/4/3 4674/4/3 4673/4/3
f 4678/2/3 4675/2/3 4674/2/3
f 4678/4/3 4674/4/3 4677/4/3
f 4679/2/3 4675/2/3 4678/2/3
f 4680/1/3 4676/1/3 4675/1/3
f 4680/2/3 4675/2/3 4679/2/3
f 4681/1/3 4676/1/3 4680/1/3
f 4687/4/3 4683/4/3 4682/4/3
f 4688/2/3 4684/2/3 4683/2/3
f 4688/4/3 4683/4/3 4687/4/3
f 4688/2/3 4685/2/3 4684/2/3
f 4689/1/3 4686/1/3 4685/1/3
f 4689/2/3 4685/2/3 4688/2/3
f 4690/1/3 4686/1/3 4689/1/3
f 4696/4/3 4692/4/3 4691/4/3
f 4697/1/3 4693/1/3 4692/1/3
f 4697/4/3 4692/4/3 4696/4/3
f 4698/3/3 4694/3/3 4693/3/3
f 4698/1/3 4693/1/3 4697/1/3
f 4699/2/3 4695/2/3 4694/2/3
f 4699/3/3 4694/3/3 4698/3/3
f 4700/2/3 4698/2/3 4697/2/3
f 4700/1/3 4699/1/3 4698/1/3
f 4701/2/3 4695/2/3 4699/2/3
f 4701/1/3 4699/1/3 4700/1/3
f 4702/2/3 4695/2/3 4701/2/3
f 4703/4/3 4697/4/3 4696/4/3
f 4704/2/3 4700/2/3 4697/2/3
f 4704/4/3 4697/4/3 4703/4/3
f 4704/2/3 4701/2/3 4700/2/3
f 4705/2/3 4701/2/3 4704/2/3
f 4706/4/3 4702/4/3 4701/4/3
f 4706/2/3 4701/2/3 4705/2/3
f 4707/3/3 4704/3/3 4703/3/3
f 4708/4/3 4705/4/3 4704/4/3
f 4708/3/3 4704/3/3 4707/3/3
f 4709/1/3 4708/1/3 4707/1/3
f 4710/4/3 4705/4/3 4708/4/3
f 4710/1/3 4708/1/3 4709/1/3
f 4711/1/3 4706/1/3 4705/1/3
f 4711/4/3 4705/4/3 4710/4/3
f 4712/4/3 4702/4/3 4706/4/3
f 4712/1/3 4706/1/3 4711/1/3
f 4713/4/3 4702/4/3 4712/4/3
f 4714/2/3 4710/2/3 4709/2/3
f 4715/1/3 4711/1/3 4710/1/3
f 4715/2/3 4710/2/3 4714/2/3
f 4716/3/3 4712/3/3 4711/3/3
f 4716/1/3 4711/1/3 4715/1/3
f 4717/1/3 4713/1/3 4712/1/3
f 4717/3/3 4712/3/3 4716/3/3
f 4718/1/3 4713/1/3 4717/1/3
f 4719/2/3 4715/2/3 4714/2/3
f 4719/2/3 4716/2/3 4715/2/3
f 4720/2/3 4718/2/3 4717/2/3
f 4720/1/3 4717/1/3 4716/1/3
f 4721/2/3 4718/2/3 4720/2/3
f 4722/2/3 4716/2/3 4719/2/3
f 4723/1/3 4720/1/3 4716/1/3
f 4723/2/3 4716/2/3 4722/2/3
f 4724/4/3 4721/4/3 4720/4/3
f 4724/1/3 4720/1/3 4723/1/3
f 4725/4/3 4721/4/3 4724/4/3
f 4726/4/3 4723/4/3 4722/4/3
f 4727/4/3 4723/4/3 4726/4/3
f 4728/3/3 4724/3/3 4723/3/3
f 4728/4/3 4723/4/3 4727/4/3
f 4729/4/3 4727/4/3 4726/4/3
f 4730/3/3 4728/3/3 4727/3/3
f 4730/4/3 4727/4/3 4729/4/3
f 4731/1/3 4730/1/3 4729/1/3
f 4732/3/3 4728/3/3 4730/3/3
f 4732/1/3 4730/1/3 4731/1/3
f 4733/3/3 4724/3/3 4728/3/3
f 4733/3/3 4728/3/3 4732/3/3
f 4734/1/3 4725/1/3 4724/1/3
f 4734/3/3 4724/3/3 4733/3/3
f 4735/1/3 4725/1/3 4734/1/3
f 4736/2/3 4732/2/3 4731/2/3
f 4737/3/3 4733/3/3 4732/3/3
f 4737/2/3 4732/2/3 4736/2/3
f 4738/1/3 4734/1/3 4733/1/3
f 4738/3/3 4733/3/3 4737/3/3
f 4739/4/3 4735/4/3 4734/4/3
f 4739/1/3 4734/1/3 4738/1/3
f 4740/4/3 4735/4/3 4739/4/3
f 4746/4/3 4742/4/3 4741/4/3
f 4747/2/3 4743/2/3 4742/2/3
f 4747/4/3 4742/4/3 4746/4/3
f 4748/3/3 4744/3/3 4743/3/3
f 4748/2/3 4743/2/3 4747/2/3
f 4749/4/3 4745/4/3 4744/4/3
f 4749/3/3 4744/3/3 4748/3/3
f 4750/4/3 4745/4/3 4749/4/3
f 4751/2/3 4748/2/3 4747/2/3
f 4751/2/3 4747/2/3 4746/2/3
f 4752/2/3 4750/2/3 4749/2/3
f 4752/1/3 4749/1/3 4748/1/3
f 4753/2/3 4750/2/3 4752/2/3
f 4754/2/3 4748/2/3 4751/2/3
f 4754/1/3 4752/1/3 4748/1/3
f 4755/4/3 4753/4/3 4752/4/3
f 4755/1/3 4752/1/3 4754/1/3
f 4756/4/3 4753/4/3 4755/4/3
f 4757/2/3 4754/2/3 4751/2/3
f 4758/4/3 4755/4/3 4754/4/3
f 4758/2/3 4754/2/3 4757/2/3
f 4759/1/3 4756/1/3 4755/1/3
f 4759/4/3 4755/4/3 4758/4/3
f 4760/1/3 4756/1/3 4759/1/3
f 4761/4/3 4758/4/3 4757/4/3
f 4762/4/3 4758/4/3 4761/4/3
f 4763/3/3 4759/3/3 4758/3/3
f 4763/4/3 4758/4/3 4762/4/3
f 4764/1/3 4762/1/3 4761/1/3
f 4765/3/3 4763/3/3 4762/3/3
f 4765/1/3 4762/1/3 4764/1/3
f 4766/3/3 4759/3/3 4763/3/3
f 4766/3/3 4763/3/3 4765/3/3
f 4766/2/3 4760/2/3 4759/2/3
f 4767/2/3 4760/2/3 4766/2/3
f 4768/2/3 4765/2/3 4764/2/3
f 4768/3/3 4766/3/3 4765/3/3
f 4769/3/3 4766/3/3 4768/3/3
f 4770/4/3 4767/4/3 4766/4/3
f 4770/3/3 4766/3/3 4769/3/3
f 4771/4/3 4767/4/3 4770/4/3
f 4772/2/3 4768/2/3 4764/2/3
f 4773/1/3 4769/1/3 4768/1/3
f 4773/3/3 4770/3/3 4769/3/3
f 4774/1/3 4771/1/3 4770/1/3
f 4774/3/3 4770/3/3 4773/3/3
f 4775/1/3 4771/1/3 4774/1/3
f 4776/2/3 4768/2/3 4772/2/3
f 4777/1/3 4773/1/3 4768/1/3
f 4777/2/3 4768/2/3 4776/2/3
f 4777/1/3 4774/1/3 4773/1/3
f 4778/1/3 4774/1/3 4777/1/3
f 4779/2/3 4775/2/3 4774/2/3
f 4779/1/3 4774/1/3 4778/1/3
f 4780/2/3 4775/2/3 4779/2/3
f 4781/2/3 4778/2/3 4777/2/3
f 4781/2/3 4777/2/3 4776/2/3
f 4782/2/3 4778/2/3 4781/2/3
f 4783/4/3 4780/4/3 4779/4/3
f 4783/1/3 4779/1/3 4778/1/3
f 4784/4/3 4780/4/3 4783/4/3
f 4785/4/3 4782/4/3 4781/4/3
f 4786/2/3 4778/2/3 4782/2/3
f 4786/4/3 4782/4/3 4785/4/3
f 4787/1/3 4783/1/3 4778/1/3
f 4787/2/3 4778/2/3 4786/2/3
f 4788/3/3 4784/3/3 4783/3/3
f 4788/1/3 4783/1/3 4787/1/3
f 4789/3/3 4784/3/3 4788/3/3
f 4794/2/3 4791/2/3 4790/2/3
f 4795/2/3 4793/2/3 4792/2/3
f 4795/1/3 4792/1/3 4791/1/3
f 4796/2/3 4793/2/3 4795/2/3
f 4797/2/3 4791/2/3 4794/2/3
f 4798/1/3 4795/1/3 4791/1/3
f 4798/2/3 4791/2/3 4797/2/3
f 4799/4/3 4796/4/3 4795/4/3
f 4799/1/3 4795/1/3 4798/1/3
f 4800/4/3 4796/4/3 4799/4/3
f 4801/4/3 4798/4/3 4797/4/3
f 4802/4/3 4798/4/3 4801/4/3
f 4803/3/3 4799/3/3 4798/3/3
f 4803/4/3 4798/4/3 4802/4/3
f 4804/1/3 4802/1/3 4801/1/3
f 4805/3/3 4803/3/3 4802/3/3
f 4805/1/3 4802/1/3 4804/1/3
f 4806/3/3 4799/3/3 4803/3/3
f 4806/3/3 4803/3/3 4805/3/3
f 4807/2/3 4800/2/3 4799/2/3
f 4807/3/3 4799/3/3 4806/3/3
f 4808/2/3 4800/2/3 4807/2/3
f 4809/2/3 4805/2/3 4804/2/3
f 4810/3/3 4807/3/3 4806/3/3
f 4810/4/3 4808/4/3 4807/4/3
f 4811/4/3 4808/4/3 4810/4/3
f 4812/2/3 4805/2/3 4809/2/3
f 4813/1/3 4806/1/3 4805/1/3
f 4813/2/3 4805/2/3 4812/2/3
f 4814/3/3 4810/3/3 4806/3/3
f 4814/1/3 4806/1/3 4813/1/3
f 4815/1/3 4811/1/3 4810/1/3
f 4815/3/3 4810/3/3 4814/3/3
f 4816/1/3 4811/1/3 4815/1/3
f 4817/1/3 4815/1/3 4814/1/3
f 4817/2/3 4816/2/3 4815/2/3
f 4818/2/3 4816/2/3 4817/2/3
f 4819/2/3 4813/2/3 4812/2/3
f 4819/2/3 4814/2/3 4813/2/3
f 4820/1/3 4817/1/3 4814/1/3
f 4820/2/3 4814/2/3 4819/2/3
f 4821/4/3 4818/4/3 4817/4/3
f 4821/1/3 4817/1/3 4820/1/3
f 4822/4/3 4818/4/3 4821/4/3
f 4827/4/3 4824/4/3 4823/4/3
f 4828/3/3 4825/3/3 4824/3/3
f 4828/4/3 4824/4/3 4827/4/3
f 4829/1/3 4828/1/3 4827/1/3
f 4830/3/3 4825/3/3 4828/3/3
f 4830/1/3 4828/1/3 4829/1/3
f 4831/2/3 4826/2/3 4825/2/3
f 4831/3/3 4825/3/3 4830/3/3
f 4832/2/3 4830/2/3 4829/2/3
f 4833/2/3 4830/2/3 4832/2/3
f 4834/1/3 4831/1/3 4830/1/3
f 4834/2/3 4830/2/3 4833/2/3
f 4835/2/3 4826/2/3 4831/2/3
f 4835/1/3 4831/1/3 4834/1/3
f 4836/4/3 4833/4/3 4832/4/3
f 4837/1/3 4834/1/3 4833/1/3
f 4837/4/3 4833/4/3 4836/4/3
f 4838/3/3 4835/3/3 4834/3/3
f 4838/1/3 4834/1/3 4837/1/3
f 4839/2/3 4826/2/3 4835/2/3
f 4839/3/3 4835/3/3 4838/3/3
f 4840/2/3 4826/2/3 4839/2/3
f 4846/4/3 4842/4/3 4841/4/3
f 4847/2/3 4843/2/3 4842/2/3
f 4847/4/3 4842/4/3 4846/4/3
f 4848/4/3 4844/4/3 4843/4/3
f 4848/2/3 4843/2/3 4847/2/3
f 4849/1/3 4845/1/3 4844/1/3
f 4849/4/3 4844/4/3 4848/4/3
f 4850/1/3 4845/1/3 4849/1/3
f 4852/2/3 4851/2/3 4850/2/3
f 4853/2/3 4851/2/3 4852/2/3
f 4854/4/3 4853/4/3 4852/4/3
f 4855/4/3 4853/4/3 4854/4/3
f 4856/1/3 4855/1/3 4854/1/3
f 4859/1/3 4855/1/3 4856/1/3
f 4860/1/3 4855/1/3 4859/1/3
f 4861/3/3 4858/3/3 4857/3/3
f 4862/3/3 4858/3/3 4861/3/3
f 4863/4/3 4860/4/3 4859/4/3
f 4864/4/3 4860/4/3 4863/4/3
f 4865/2/3 4864/2/3 4863/2/3
f 4866/2/3 4864/2/3 4865/2/3
f 4867/2/3 4864/2/3 4866/2/3
f 4868/1/3 4867/1/3 4866/1/3
f 4869/1/3 4867/1/3 4868/1/3
f 4870/2/3 4869/2/3 4868/2/3
f 4875/2/3 4869/2/3 4870/2/3
f 4876/2/3 4869/2/3 4875/2/3
f 4877/1/3 4872/1/3 4871/1/3
f 4878/3/3 4874/3/3 4873/3/3
f 4878/1/3 4872/1/3 4877/1/3
f 4878/3/3 4873/3/3 4872/3/3
f 4879/3/3 4874/3/3 4878/3/3
f 4880/1/3 4875/1/3 4874/1/3
f 4880/3/3 4874/3/3 4879/3/3
f 4881/1/3 4875/1/3 4880/1/3
f 4883/4/3 4882/4/3 4881/4/3
f 4884/4/3 4882/4/3 4883/4/3
f 4885/1/3 4884/1/3 4883/1/3
f 4886/1/3 4884/1/3 4885/1/3
f 4887/1/3 4884/1/3 4886/1/3
f 4888/2/3 4887/2/3 4886/2/3
f 4889/2/3 4887/2/3 4888/2/3
f 4890/4/3 4889/4/3 4888/4/3
f 4891/4/3 4889/4/3 4890/4/3
f 4892/1/3 4891/1/3 4890/1/3
f 4893/1/3 4891/1/3 4892/1/3
f 4894/1/3 4891/1/3 4893/1/3
f 4895/2/3 4894/2/3 4893/2/3
f 4896/2/3 4894/2/3 4895/2/3
f 4897/1/3 4896/1/3 4895/1/3
f 4898/1/3 4896/1/3 4897/1/3
f 4899/1/3 4896/1/3 4898/1/3
f 4900/1/3 4896/1/3 4899/1/3
f 4905/2/3 4900/2/3 4899/2/3
f 4906/2/3 4900/2/3 4905/2/3
f 4907/1/3 4902/1/3 4901/1/3
f 4908/3/3 4904/3/3 4903/3/3
f 4908/1/3 4902/1/3 4907/1/3
f 4908/3/3 4903/3/3 4902/3/3
f 4909/3/3 4904/3/3 4908/3/3
f 4910/1/3 4905/1/3 4904/1/3
f 4910/3/3 4904/3/3 4909/3/3
f 4911/1/3 4905/1/3 4910/1/3
f 4913/1/3 4912/1/3 4911/1/3
f 4914/1/3 4912/1/3 4913/1/3
f 4915/4/3 4914/4/3 4913/4/3
f 4916/4/3 4914/4/3 4915/4/3
f 4919/1/3 4916/1/3 4915/1/3
f 4920/1/3 4916/1/3 4919/1/3
f 4921/1/3 4918/1/3 4917/1/3
f 4922/1/3 4918/1/3 4921/1/3
f 4923/2/3 4920/2/3 4919/2/3
f 4924/2/3 4920/2/3 4923/2/3
f 4925/1/3 4924/1/3 4923/1/3
f 4926/1/3 4924/1/3 4925/1/3
f 4927/1/3 4924/1/3 4926/1/3
f 4931/1/3 4924/1/3 4927/1/3
f 4932/1/3 4924/1/3 4931/1/3
f 4933/1/3 4929/1/3 4928/1/3
f 4934/3/3 4930/3/3 4929/3/3
f 4934/1/3 4929/1/3 4933/1/3
f 4935/2/3 4931/2/3 4930/2/3
f 4935/3/3 4930/3/3 4934/3/3
f 4936/2/3 4931/2/3 4935/2/3
f 4938/1/3 4937/1/3 4936/1/3
f 4939/1/3 4937/1/3 4938/1/3
f 4944/2/3 4939/2/3 4938/2/3
f 4945/2/3 4939/2/3 4944/2/3
f 4946/4/3 4941/4/3 4940/4/3
f 4947/2/3 4942/2/3 4941/2/3
f 4947/4/3 4941/4/3 4946/4/3
f 4948/4/3 4943/4/3 4942/4/3
f 4948/2/3 4942/2/3 4947/2/3
f 4949/1/3 4944/1/3 4943/1/3
f 4949/4/3 4943/4/3 4948/4/3
f 4950/1/3 4944/1/3 4949/1/3
f 4956/4/3 4952/4/3 4951/4/3
f 4957/2/3 4953/2/3 4952/2/3
f 4957/4/3 4952/4/3 4956/4/3
f 4958/4/3 4954/4/3 4953/4/3
f 4958/2/3 4953/2/3 4957/2/3
f 4959/1/3 4955/1/3 4954/1/3
f 4959/4/3 4954/4/3 4958/4/3
f 4960/1/3 4955/1/3 4959/1/3
f 4966/4/3 4962/4/3 4961/4/3
f 4967/2/3 4963/2/3 4962/2/3
f 4967/4/3 4962/4/3 4966/4/3
f 4968/4/3 4964/4/3 4963/4/3
f 4968/2/3 4963/2/3 4967/2/3
f 4969/1/3 4965/1/3 4964/1/3
f 4969/4/3 4964/4/3 4968/4/3
f 4970/1/3 4965/1/3 4969/1/3
f 4976/1/3 4972/1/3 4971/1/3
f 4977/4/3 4973/4/3 4972/4/3
f 4977/1/3 4972/1/3 4976/1/3
f 4978/2/3 4974/2/3 4973/2/3
f 4978/4/3 4973/4/3 4977/4/3
f 4979/4/3 4975/4/3 4974/4/3
f 4979/2/3 4974/2/3 4978/2/3
f 4980/4/3 4975/4/3 4979/4/3
f 4985/2/3 4982/2/3 4981/2/3
f 4986/1/3 4983/1/3 4982/1/3
f 4986/2/3 4982/2/3 4985/2/3
f 4987/2/3 4984/2/3 4983/2/3
f 4987/1/3 4983/1/3 4986/1/3
f 4988/2/3 4984/2/3 4987/2/3
f 4989/4/3 4986/4/3 4985/4/3
f 4990/3/3 4987/3/3 4986/3/3
f 4990/4/3 4986/4/3 4989/4/3
f 4991/4/3 4989/4/3 4985/4/3
f 4992/3/3 4990/3/3 4989/3/3
f 4992/4/3 4989/4/3 4991/4/3
f 4993/1/3 4992/1/3 4991/1/3
f 4994/3/3 4990/3/3 4992/3/3
f 4994/1/3 4992/1/3 4993/1/3
f 4995/3/3 4987/3/3 4990/3/3
f 4995/3/3 4990/3/3 4994/3/3
f 4996/1/3 4988/1/3 4987/1/3
f 4996/3/3 4987/3/3 4995/3/3
f 4997/1/3 4988/1/3 4996/1/3
f 4998/2/3 4994/2/3 4993/2/3
f 4999/3/3 4995/3/3 4994/3/3
f 4999/2/3 4994/2/3 4998/2/3
f 5000/1/3 4996/1/3 4995/1/3
f 5000/3/3 4995/3/3 4999/3/3
f 5001/4/3 4997/4/3 4996/4/3
f 5001/1/3 4996/1/3 5000/1/3
f 5002/4/3 4997/4/3 5001/4/3
f 5006/2/3 5004/2/3 5003/2/3
f 5006/4/3 5005/4/3 5004/4/3
f 5007/4/3 5005/4/3 5006/4/3
f 5008/1/3 5007/1/3 5006/1/3
f 5008/4/3 5005/4/3 5007/4/3
f 5009/4/3 5005/4/3 5008/4/3
f 5010/2/3 5006/2/3 5003/2/3
f 5011/1/3 5008/1/3 5006/1/3
f 5011/2/3 5006/2/3 5010/2/3
f 5012/2/3 5010/2/3 5003/2/3
f 5013/1/3 5011/1/3 5010/1/3
f 5013/2/3 5010/2/3 5012/2/3
f 5014/1/3 5008/1/3 5011/1/3
f 5014/1/3 5011/1/3 5013/1/3
f 5015/1/3 5013/1/3 5012/1/3
f 5016/3/3 5014/3/3 5013/3/3
f 5016/1/3 5013/1/3 5015/1/3
f 5017/1/3 5008/1/3 5014/1/3
f 5017/3/3 5014/3/3 5016/3/3
f 5018/2/3 5009/2/3 5008/2/3
f 5018/1/3 5008/1/3 5017/1/3
f 5019/2/3 5009/2/3 5018/2/3
f 5020/2/3 5016/2/3 5015/2/3
f 5021/1/3 5017/1/3 5016/1/3
f 5021/2/3 5016/2/3 5020/2/3
f 5022/3/3 5018/3/3 5017/3/3
f 5022/1/3 5017/1/3 5021/1/3
f 5023/1/3 5019/1/3 5018/1/3
f 5023/3/3 5018/3/3 5022/3/3
f 5024/1/3 5019/1/3 5023/1/3
f 5025/2/3 5021/2/3 5020/2/3
f 5026/3/3 5022/3/3 5021/3/3
f 5026/2/3 5021/2/3 5025/2/3
f 5026/3/3 5023/3/3 5022/3/3
f 5027/4/3 5024/4/3 5023/4/3
f 5027/3/3 5023/3/3 5026/3/3
f 5028/4/3 5024/4/3 5027/4/3
f 5029/1/3 5026/1/3 5025/1/3
f 5030/3/3 5027/3/3 5026/3/3
f 5030/1/3 5026/1/3 5029/1/3
f 5031/3/3 5027/3/3 5030/3/3
f 5032/4/3 5030/4/3 5029/4/3
f 5033/1/3 5031/1/3 5030/1/3
f 5033/4/3 5030/4/3 5032/4/3
f 5034/3/3 5027/3/3 5031/3/3
f 5034/1/3 5031/1/3 5033/1/3
f 5035/2/3 5028/2/3 5027/2/3
f 5035/3/3 5027/3/3 5034/3/3
f 5036/2/3 5028/2/3 5035/2/3
f 5037/2/3 5034/2/3 5033/2/3
f 5037/2/3 5033/2/3 5032/2/3
f 5037/4/3 5035/4/3 5034/4/3
f 5038/1/3 5036/1/3 5035/1/3
f 5038/4/3 5035/4/3 5037/4/3
f 5039/1/3 5036/1/3 5038/1/3
f 5040/1/3 5038/1/3 5037/1/3
f 5040/4/3 5039/4/3 5038/4/3
f 5041/4/3 5039/4/3 5040/4/3
f 5042/2/3 5037/2/3 5032/2/3
f 5043/2/3 5037/2/3 5042/2/3
f 5044/1/3 5040/1/3 5037/1/3
f 5044/2/3 5037/2/3 5043/2/3
f 5045/2/3 5041/2/3 5040/2/3
f 5045/1/3 5040/1/3 5044/1/3
f 5046/2/3 5041/2/3 5045/2/3
f 5047/4/3 5043/4/3 5042/4/3
f 5048/2/3 5044/2/3 5043/2/3
f 5048/4/3 5043/4/3 5047/4/3
f 5049/3/3 5045/3/3 5044/3/3
f 5049/2/3 5044/2/3 5048/2/3
f 5050/4/3 5046/4/3 5045/4/3
f 5050/3/3 5045/3/3 5049/3/3
f 5051/4/3 5046/4/3 5050/4/3
f 5056/1/3 5053/1/3 5052/1/3
f 5057/1/3 5053/1/3 5056/1/3
f 5058/3/3 5054/3/3 5053/3/3
f 5058/1/3 5053/1/3 5057/1/3
f 5059/2/3 5055/2/3 5054/2/3
f 5059/3/3 5054/3/3 5058/3/3
f 5060/2/3 5055/2/3 5059/2/3
f 5061/2/3 5058/2/3 5057/2/3
f 5062/1/3 5059/1/3 5058/1/3
f 5062/2/3 5058/2/3 5061/2/3
f 5063/4/3 5060/4/3 5059/4/3
f 5063/1/3 5059/1/3 5062/1/3
f 5064/4/3 5060/4/3 5063/4/3
f 5065/3/3 5062/3/3 5061/3/3
f 5065/3/3 5063/3/3 5062/3/3
f 5066/3/3 5063/3/3 5065/3/3
f 5067/3/3 5063/3/3 5066/3/3
f 5068/1/3 5064/1/3 5063/1/3
f 5068/3/3 5063/3/3 5067/3/3
f 5069/1/3 5064/1/3 5068/1/3
f 5070/4/3 5066/4/3 5065/4/3
f 5071/2/3 5067/2/3 5066/2/3
f 5071/1/3 5068/1/3 5067/1/3
f 5072/2/3 5069/2/3 5068/2/3
f 5072/1/3 5068/1/3 5071/1/3
f 5073/2/3 5069/2/3 5072/2/3
f 5074/4/3 5066/4/3 5070/4/3
f 5075/4/3 5066/4/3 5074/4/3
f 5076/2/3 5071/2/3 5066/2/3
f 5076/4/3 5066/4/3 5075/4/3
f 5076/2/3 5072/2/3 5071/2/3
f 5077/2/3 5072/2/3 5076/2/3
f 5078/4/3 5073/4/3 5072/4/3
f 5078/2/3 5072/2/3 5077/2/3
f 5079/1/3 5076/1/3 5075/1/3
f 5080/4/3 5077/4/3 5076/4/3
f 5080/1/3 5076/1/3 5079/1/3
f 5081/1/3 5078/1/3 5077/1/3
f 5081/4/3 5077/4/3 5080/4/3
f 5082/4/3 5073/4/3 5078/4/3
f 5082/1/3 5078/1/3 5081/1/3
f 5083/4/3 5073/4/3 5082/4/3
f 5084/2/3 5081/2/3 5080/2/3
f 5084/2/3 5080/2/3 5079/2/3
f 5085/1/3 5082/1/3 5081/1/3
f 5085/2/3 5081/2/3 5084/2/3
f 5086/2/3 5083/2/3 5082/2/3
f 5086/1/3 5082/1/3 5085/1/3
f 5087/2/3 5083/2/3 5086/2/3
f 5088/4/3 5085/4/3 5084/4/3
f 5089/4/3 5085/4/3 5088/4/3
f 5090/3/3 5086/3/3 5085/3/3
f 5090/4/3 5085/4/3 5089/4/3
f 5091/1/3 5089/1/3 5088/1/3
f 5092/1/3 5089/1/3 5091/1/3
f 5093/3/3 5090/3/3 5089/3/3
f 5093/1/3 5089/1/3 5092/1/3
f 5094/3/3 5086/3/3 5090/3/3
f 5094/3/3 5090/3/3 5093/3/3
f 5094/1/3 5087/1/3 5086/1/3
f 5095/1/3 5087/1/3 5094/1/3
f 5100/4/3 5097/4/3 5096/4/3
f 5101/3/3 5098/3/3 5097/3/3
f 5101/4/3 5097/4/3 5100/4/3
f 5102/1/3 5101/1/3 5100/1/3
f 5103/3/3 5098/3/3 5101/3/3
f 5103/1/3 5101/1/3 5102/1/3
f 5104/2/3 5099/2/3 5098/2/3
f 5104/3/3 5098/3/3 5103/3/3
f 5105/2/3 5103/2/3 5102/2/3
f 5106/2/3 5103/2/3 5105/2/3
f 5107/1/3 5104/1/3 5103/1/3
f 5107/2/3 5103/2/3 5106/2/3
f 5108/2/3 5099/2/3 5104/2/3
f 5108/1/3 5104/1/3 5107/1/3
f 5109/2/3 5099/2/3 5108/2/3
f 5110/4/3 5106/4/3 5105/4/3
f 5111/2/3 5107/2/3 5106/2/3
f 5111/4/3 5106/4/3 5110/4/3
f 5112/3/3 5108/3/3 5107/3/3
f 5112/2/3 5107/2/3 5111/2/3
f 5113/4/3 5109/4/3 5108/4/3
f 5113/3/3 5108/3/3 5112/3/3
f 5114/4/3 5109/4/3 5113/4/3
f 5115/3/3 5111/3/3 5110/3/3
f 5115/3/3 5112/3/3 5111/3/3
f 5115/3/3 5113/3/3 5112/3/3
f 5116/3/3 5113/3/3 5115/3/3
f 5117/3/3 5113/3/3 5116/3/3
f 5118/1/3 5114/1/3 5113/1/3
f 5118/3/3 5113/3/3 5117/3/3
f 5119/1/3 5114/1/3 5118/1/3
f 5120/4/3 5116/4/3 5115/4/3
f 5121/1/3 5117/1/3 5116/1/3
f 5121/4/3 5116/4/3 5120/4/3
f 5122/3/3 5118/3/3 5117/3/3
f 5122/1/3 5117/1/3 5121/1/3
f 5123/2/3 5119/2/3 5118/2/3
f 5123/3/3 5118/3/3 5122/3/3
f 5124/4/3 5121/4/3 5120/4/3
f 5125/2/3 5122/2/3 5121/2/3
f 5125/1/3 5123/1/3 5122/1/3
f 5126/2/3 5119/2/3 5123/2/3
f 5126/1/3 5123/1/3 5125/1/3
f 5127/2/3 5119/2/3 5126/2/3
f 5128/4/3 5121/4/3 5124/4/3
f 5129/2/3 5125/2/3 5121/2/3
f 5129/4/3 5121/4/3 5128/4/3
f 5129/2/3 5126/2/3 5125/2/3
f 5130/2/3 5126/2/3 5129/2/3
f 5131/4/3 5127/4/3 5126/4/3
f 5131/2/3 5126/2/3 5130/2/3
f 5132/4/3 5127/4/3 5131/4/3
f 5138/2/3 5130/2/3 5129/2/3
f 5138/2/3 5129/2/3 5128/2/3
f 5139/1/3 5131/1/3 5130/1/3
f 5139/2/3 5130/2/3 5138/2/3
f 5140/2/3 5132/2/3 5131/2/3
f 5140/1/3 5131/1/3 5139/1/3
f 5141/2/3 5132/2/3 5140/2/3
f 5142/1/3 5134/1/3 5133/1/3
f 5143/4/3 5135/4/3 5134/4/3
f 5143/1/3 5134/1/3 5142/1/3
f 5144/2/3 5136/2/3 5135/2/3
f 5144/4/3 5135/4/3 5143/4/3
f 5145/4/3 5137/4/3 5136/4/3
f 5145/2/3 5136/2/3 5144/2/3
f 5146/4/3 5137/4/3 5145/4/3
f 5150/4/3 5148/4/3 5147/4/3
f 5151/1/3 5149/1/3 5148/1/3
f 5151/4/3 5148/4/3 5150/4/3
f 5152/1/3 5149/1/3 5151/1/3
f 5153/1/3 5149/1/3 5152/1/3
f 5155/4/3 5154/4/3 5153/4/3
f 5156/4/3 5154/4/3 5155/4/3
f 5157/2/3 5156/2/3 5155/2/3
f 5158/2/3 5156/2/3 5157/2/3
f 5159/1/3 5158/1/3 5157/1/3
f 5160/1/3 5158/1/3 5159/1/3
f 5161/2/3 5160/2/3 5159/2/3
f 5166/2/3 5160/2/3 5161/2/3
f 5167/2/3 5160/2/3 5166/2/3
f 5168/1/3 5163/1/3 5162/1/3
f 5168/1/3 5164/1/3 5163/1/3
f 5169/3/3 5165/3/3 5164/3/3
f 5169/1/3 5164/1/3 5168/1/3
f 5170/2/3 5166/2/3 5165/2/3
f 5170/3/3 5165/3/3 5169/3/3
f 5171/2/3 5166/2/3 5170/2/3
f 5173/1/3 5172/1/3 5171/1/3
f 5174/1/3 5172/1/3 5173/1/3
f 5177/1/3 5172/1/3 5174/1/3
f 5178/1/3 5176/1/3 5175/1/3
f 5179/1/3 5176/1/3 5178/1/3
f 5180/1/3 5172/1/3 5177/1/3
f 5181/1/3 5172/1/3 5180/1/3
f 5182/2/3 5181/2/3 5180/2/3
f 5183/2/3 5181/2/3 5182/2/3
f 5184/1/3 5183/1/3 5182/1/3
f 5185/1/3 5183/1/3 5184/1/3
f 5186/1/3 5183/1/3 5185/1/3
f 5187/4/3 5186/4/3 5185/4/3
f 5188/4/3 5186/4/3 5187/4/3
f 5189/1/3 5188/1/3 5187/1/3
f 5190/1/3 5188/1/3 5189/1/3
f 5195/2/3 5190/2/3 5189/2/3
f 5196/2/3 5190/2/3 5195/2/3
f 5197/2/3 5192/2/3 5191/2/3
f 5197/2/3 5193/2/3 5192/2/3
f 5198/4/3 5194/4/3 5193/4/3
f 5198/2/3 5193/2/3 5197/2/3
f 5198/4/3 5195/4/3 5194/4/3
f 5199/4/3 5195/4/3 5198/4/3
f 5200/4/3 5195/4/3 5199/4/3
f 5202/1/3 5201/1/3 5200/1/3
f 5203/1/3 5201/1/3 5202/1/3
f 5204/1/3 5201/1/3 5203/1/3
f 5205/1/3 5201/1/3 5204/1/3
f 5208/1/3 5201/1/3 5205/1/3
f 5209/1/3 5201/1/3 5208/1/3
f 5210/2/3 5207/2/3 5206/2/3
f 5211/2/3 5207/2/3 5210/2/3
f 5212/4/3 5209/4/3 5208/4/3
f 5213/4/3 5209/4/3 5212/4/3
f 5214/1/3 5213/1/3 5212/1/3
f 5219/1/3 5213/1/3 5214/1/3
f 5220/1/3 5213/1/3 5219/1/3
f 5221/1/3 5216/1/3 5215/1/3
f 5222/3/3 5217/3/3 5216/3/3
f 5222/1/3 5216/1/3 5221/1/3
f 5223/4/3 5218/4/3 5217/4/3
f 5223/3/3 5217/3/3 5222/3/3
f 5224/2/3 5219/2/3 5218/2/3
f 5224/4/3 5218/4/3 5223/4/3
f 5225/2/3 5219/2/3 5224/2/3
f 5227/1/3 5226/1/3 5225/1/3
f 5228/1/3 5226/1/3 5227/1/3
f 5229/2/3 5228/2/3 5227/2/3
f 5230/2/3 5228/2/3 5229/2/3
f 5233/4/3 5230/4/3 5229/4/3
f 5234/4/3 5230/4/3 5233/4/3
f 5235/1/3 5232/1/3 5231/1/3
f 5236/1/3 5232/1/3 5235/1/3
f 5237/1/3 5234/1/3 5233/1/3
f 5238/1/3 5234/1/3 5237/1/3
f 5239/2/3 5238/2/3 5237/2/3
f 5240/2/3 5238/2/3 5239/2/3
f 5241/4/3 5240/4/3 5239/4/3
f 5245/4/3 5240/4/3 5241/4/3
f 5246/4/3 5240/4/3 5245/4/3
f 5247/4/3 5243/4/3 5242/4/3
f 5248/1/3 5244/1/3 5243/1/3
f 5248/4/3 5243/4/3 5247/4/3
f 5248/1/3 5245/1/3 5244/1/3
f 5249/1/3 5245/1/3 5248/1/3
f 5259/1/3 5251/1/3 5250/1/3
f 5260/2/3 5252/2/3 5251/2/3
f 5260/1/3 5251/1/3 5259/1/3
f 5261/2/3 5252/2/3 5260/2/3
f 5262/4/3 5253/4/3 5252/4/3
f 5262/2/3 5252/2/3 5261/2/3
f 5263/4/3 5253/4/3 5262/4/3
f 5264/1/3 5255/1/3 5254/1/3
f 5265/4/3 5256/4/3 5255/4/3
f 5265/1/3 5255/1/3 5264/1/3
f 5266/2/3 5257/2/3 5256/2/3
f 5266/4/3 5256/4/3 5265/4/3
f 5267/4/3 5258/4/3 5257/4/3
f 5267/2/3 5257/2/3 5266/2/3
f 5268/4/3 5258/4/3 5267/4/3
f 5279/1/3 5270/1/3 5269/1/3
f 5280/2/3 5271/2/3 5270/2/3
f 5280/1/3 5270/1/3 5279/1/3
f 5280/2/3 5272/2/3 5271/2/3
f 5281/4/3 5273/4/3 5272/4/3
f 5281/2/3 5272/2/3 5280/2/3
f 5282/4/3 5273/4/3 5281/4/3
f 5283/1/3 5275/1/3 5274/1/3
f 5284/4/3 5276/4/3 5275/4/3
f 5284/1/3 5275/1/3 5283/1/3
f 5285/2/3 5277/2/3 5276/2/3
f 5285/4/3 5276/4/3 5284/4/3
f 5286/4/3 5278/4/3 5277/4/3
f 5286/2/3 5277/2/3 5285/2/3
f 5287/4/3 5278/4/3 5286/4/3
f 5293/4/3 5289/4/3 5288/4/3
f 5294/2/3 5290/2/3 5289/2/3
f 5294/4/3 5289/4/3 5293/4/3
f 5295/4/3 5291/4/3 5290/4/3
f 5295/2/3 5290/2/3 5294/2/3
f 5296/1/3 5292/1/3 5291/1/3
f 5296/4/3 5291/4/3 5295/4/3
f 5297/1/3 5292/1/3 5296/1/3
f 5301/3/3 5299/3/3 5298/3/3
f 5302/3/3 5299/3/3 5301/3/3
f 5303/3/3 5299/3/3 5302/3/3
f 5304/1/3 5300/1/3 5299/1/3
f 5304/3/3 5299/3/3 5303/3/3
f 5305/1/3 5300/1/3 5304/1/3
f 5306/4/3 5302/4/3 5301/4/3
f 5307/1/3 5303/1/3 5302/1/3
f 5307/4/3 5302/4/3 5306/4/3
f 5308/3/3 5304/3/3 5303/3/3
f 5308/1/3 5303/1/3 5307/1/3
f 5309/2/3 5305/2/3 5304/2/3
f 5309/3/3 5304/3/3 5308/3/3
f 5310/2/3 5308/2/3 5307/2/3
f 5310/1/3 5309/1/3 5308/1/3
f 5311/2/3 5305/2/3 5309/2/3
f 5311/1/3 5309/1/3 5310/1/3
f 5312/2/3 5305/2/3 5311/2/3
f 5313/4/3 5307/4/3 5306/4/3
f 5314/2/3 5310/2/3 5307/2/3
f 5314/4/3 5307/4/3 5313/4/3
f 5314/2/3 5311/2/3 5310/2/3
f 5315/2/3 5311/2/3 5314/2/3
f 5316/4/3 5312/4/3 5311/4/3
f 5316/2/3 5311/2/3 5315/2/3
f 5317/3/3 5314/3/3 5313/3/3
f 5318/3/3 5314/3/3 5317/3/3
f 5319/4/3 5315/4/3 5314/4/3
f 5319/3/3 5314/3/3 5318/3/3
f 5320/1/3 5319/1/3 5318/1/3
f 5321/4/3 5315/4/3 5319/4/3
f 5321/1/3 5319/1/3 5320/1/3
f 5322/1/3 5316/1/3 5315/1/3
f 5322/4/3 5315/4/3 5321/4/3
f 5323/4/3 5312/4/3 5316/4/3
f 5323/1/3 5316/1/3 5322/1/3
f 5324/4/3 5312/4/3 5323/4/3
f 5325/2/3 5321/2/3 5320/2/3
f 5326/1/3 5322/1/3 5321/1/3
f 5326/2/3 5321/2/3 5325/2/3
f 5327/3/3 5323/3/3 5322/3/3
f 5327/1/3 5322/1/3 5326/1/3
f 5328/1/3 5324/1/3 5323/1/3
f 5328/3/3 5323/3/3 5327/3/3
f 5329/1/3 5324/1/3 5328/1/3
f 5330/1/3 5328/1/3 5327/1/3
f 5330/2/3 5329/2/3 5328/2/3
f 5331/2/3 5329/2/3 5330/2/3
f 5332/2/3 5326/2/3 5325/2/3
f 5332/2/3 5327/2/3 5326/2/3
f 5333/1/3 5330/1/3 5327/1/3
f 5333/2/3 5327/2/3 5332/2/3
f 5334/4/3 5331/4/3 5330/4/3
f 5334/1/3 5330/1/3 5333/1/3
f 5335/4/3 5331/4/3 5334/4/3
f 5336/4/3 5333/4/3 5332/4/3
f 5337/4/3 5333/4/3 5336/4/3
f 5338/3/3 5334/3/3 5333/3/3
f 5338/4/3 5333/4/3 5337/4/3
f 5339/4/3 5337/4/3 5336/4/3
f 5340/4/3 5337/4/3 5339/4/3
f 5341/3/3 5338/3/3 5337/3/3
f 5341/4/3 5337/4/3 5340/4/3
f 5342/1/3 5341/1/3 5340/1/3
f 5343/3/3 5338/3/3 5341/3/3
f 5343/1/3 5341/1/3 5342/1/3
f 5344/3/3 5334/3/3 5338/3/3
f 5344/3/3 5338/3/3 5343/3/3
f 5344/1/3 5335/1/3 5334/1/3
f 5345/1/3 5335/1/3 5344/1/3
f 5346/2/3 5343/2/3 5342/2/3
f 5347/1/3 5344/1/3 5343/1/3
f 5347/2/3 5343/2/3 5346/2/3
f 5348/4/3 5345/4/3 5344/4/3
f 5348/1/3 5344/1/3 5347/1/3
f 5349/4/3 5345/4/3 5348/4/3
f 5355/4/3 5351/4/3 5350/4/3
f 5356/2/3 5352/2/3 5351/2/3
f 5356/4/3 5351/4/3 5355/4/3
f 5357/3/3 5353/3/3 5352/3/3
f 5357/2/3 5352/2/3 5356/2/3
f 5358/4/3 5354/4/3 5353/4/3
f 5358/3/3 5353/3/3 5357/3/3
f 5359/4/3 5354/4/3 5358/4/3
f 5360/1/3 5356/1/3 5355/1/3
f 5361/3/3 5357/3/3 5356/3/3
f 5361/1/3 5356/1/3 5360/1/3
f 5362/4/3 5358/4/3 5357/4/3
f 5362/3/3 5357/3/3 5361/3/3
f 5363/2/3 5359/2/3 5358/2/3
f 5363/4/3 5358/4/3 5362/4/3
f 5364/2/3 5361/2/3 5360/2/3
f 5364/2/3 5362/2/3 5361/2/3
f 5365/2/3 5362/2/3 5364/2/3
f 5366/2/3 5359/2/3 5363/2/3
f 5366/1/3 5363/1/3 5362/1/3
f 5367/2/3 5359/2/3 5366/2/3
f 5368/2/3 5362/2/3 5365/2/3
f 5368/1/3 5366/1/3 5362/1/3
f 5369/4/3 5367/4/3 5366/4/3
f 5369/1/3 5366/1/3 5368/1/3
f 5370/4/3 5367/4/3 5369/4/3
f 5371/2/3 5368/2/3 5365/2/3
f 5372/4/3 5369/4/3 5368/4/3
f 5372/2/3 5368/2/3 5371/2/3
f 5373/1/3 5370/1/3 5369/1/3
f 5373/4/3 5369/4/3 5372/4/3
f 5374/1/3 5370/1/3 5373/1/3
f 5375/4/3 5372/4/3 5371/4/3
f 5376/3/3 5373/3/3 5372/3/3
f 5376/4/3 5372/4/3 5375/4/3
f 5377/4/3 5375/4/3 5371/4/3
f 5378/1/3 5376/1/3 5375/1/3
f 5378/4/3 5375/4/3 5377/4/3
f 5379/3/3 5373/3/3 5376/3/3
f 5379/1/3 5376/1/3 5378/1/3
f 5380/1/3 5378/1/3 5377/1/3
f 5381/3/3 5379/3/3 5378/3/3
f 5381/1/3 5378/1/3 5380/1/3
f 5382/3/3 5373/3/3 5379/3/3
f 5382/3/3 5379/3/3 5381/3/3
f 5382/2/3 5374/2/3 5373/2/3
f 5383/2/3 5374/2/3 5382/2/3
f 5384/2/3 5381/2/3 5380/2/3
f 5384/3/3 5382/3/3 5381/3/3
f 5385/3/3 5382/3/3 5384/3/3
f 5386/2/3 5384/2/3 5380/2/3
f 5387/4/3 5383/4/3 5382/4/3
f 5387/3/3 5382/3/3 5385/3/3
f 5388/4/3 5383/4/3 5387/4/3
f 5389/2/3 5384/2/3 5386/2/3
f 5390/1/3 5385/1/3 5384/1/3
f 5390/2/3 5384/2/3 5389/2/3
f 5391/3/3 5387/3/3 5385/3/3
f 5391/1/3 5385/1/3 5390/1/3
f 5392/1/3 5388/1/3 5387/1/3
f 5392/3/3 5387/3/3 5391/3/3
f 5393/1/3 5388/1/3 5392/1/3
f 5394/1/3 5390/1/3 5389/1/3
f 5395/3/3 5391/3/3 5390/3/3
f 5395/1/3 5390/1/3 5394/1/3
f 5396/1/3 5392/1/3 5391/1/3
f 5396/3/3 5391/3/3 5395/3/3
f 5397/2/3 5395/2/3 5394/2/3
f 5397/1/3 5396/1/3 5395/1/3
f 5398/1/3 5392/1/3 5396/1/3
f 5398/1/3 5396/1/3 5397/1/3
f 5399/2/3 5397/2/3 5394/2/3
f 5399/2/3 5398/2/3 5397/2/3
f 5400/2/3 5398/2/3 5399/2/3
f 5401/1/3 5392/1/3 5398/1/3
f 5401/2/3 5393/2/3 5392/2/3
f 5402/2/3 5393/2/3 5401/2/3
f 5403/2/3 5398/2/3 5400/2/3
f 5404/2/3 5398/2/3 5403/2/3
f 5405/1/3 5401/1/3 5398/1/3
f 5405/2/3 5398/2/3 5404/2/3
f 5406/4/3 5402/4/3 5401/4/3
f 5406/1/3 5401/1/3 5405/1/3
f 5407/2/3 5405/2/3 5404/2/3
f 5408/2/3 5405/2/3 5407/2/3
f 5409/4/3 5406/4/3 5405/4/3
f 5409/2/3 5405/2/3 5408/2/3
f 5410/4/3 5402/4/3 5406/4/3
f 5410/4/3 5406/4/3 5409/4/3
f 5411/4/3 5402/4/3 5410/4/3
f 5412/4/3 5408/4/3 5407/4/3
f 5413/2/3 5409/2/3 5408/2/3
f 5413/4/3 5408/4/3 5412/4/3
f 5414/1/3 5410/1/3 5409/1/3
f 5414/2/3 5409/2/3 5413/2/3
f 5415/3/3 5411/3/3 5410/3/3
f 5415/1/3 5410/1/3 5414/1/3
f 5416/3/3 5411/3/3 5415/3/3
f 5421/4/3 5418/4/3 5417/4/3
f 5422/3/3 5419/3/3 5418/3/3
f 5422/4/3 5418/4/3 5421/4/3
f 5423/1/3 5422/1/3 5421/1/3
f 5424/3/3 5419/3/3 5422/3/3
f 5424/1/3 5422/1/3 5423/1/3
f 5425/2/3 5420/2/3 5419/2/3
f 5425/3/3 5419/3/3 5424/3/3
f 5426/2/3 5424/2/3 5423/2/3
f 5427/1/3 5425/1/3 5424/1/3
f 5427/2/3 5424/2/3 5426/2/3
f 5428/2/3 5420/2/3 5425/2/3
f 5428/1/3 5425/1/3 5427/1/3
f 5429/2/3 5420/2/3 5428/2/3
f 5435/3/3 5427/3/3 5426/3/3
f 5435/3/3 5428/3/3 5427/3/3
f 5436/1/3 5429/1/3 5428/1/3
f 5436/3/3 5428/3/3 5435/3/3
f 5437/1/3 5429/1/3 5436/1/3
f 5438/4/3 5431/4/3 5430/4/3
f 5439/2/3 5432/2/3 5431/2/3
f 5439/4/3 5431/4/3 5438/4/3
f 5440/4/3 5433/4/3 5432/4/3
f 5440/2/3 5432/2/3 5439/2/3
f 5441/1/3 5434/1/3 5433/1/3
f 5441/4/3 5433/4/3 5440/4/3
f 5442/1/3 5434/1/3 5441/1/3
f 5447/1/3 5444/1/3 5443/1/3
f 5448/4/3 5445/4/3 5444/4/3
f 5448/1/3 5444/1/3 5447/1/3
f 5449/2/3 5446/2/3 5445/2/3
f 5449/4/3 5445/4/3 5448/4/3
f 5450/2/3 5446/2/3 5449/2/3
f 5451/2/3 5446/2/3 5450/2/3
f 5453/1/3 5452/1/3 5451/1/3
f 5454/1/3 5452/1/3 5453/1/3
f 5455/2/3 5454/2/3 5453/2/3
f 5456/2/3 5454/2/3 5455/2/3
f 5457/2/3 5454/2/3 5456/2/3
f 5460/1/3 5459/1/3 5458/1/3
f 5461/1/3 5459/1/3 5460/1/3
f 5462/4/3 5457/4/3 5456/4/3
f 5463/4/3 5457/4/3 5462/4/3
f 5464/1/3 5463/1/3 5462/1/3
f 5465/1/3 5463/1/3 5464/1/3
f 5466/1/3 5463/1/3 5465/1/3
f 5467/1/3 5463/1/3 5466/1/3
f 5468/2/3 5467/2/3 5466/2/3
f 5469/2/3 5467/2/3 5468/2/3
f 5470/4/3 5469/4/3 5468/4/3
f 5471/4/3 5469/4/3 5470/4/3
f 5472/1/3 5471/1/3 5470/1/3
f 5473/1/3 5471/1/3 5472/1/3
f 5474/4/3 5473/4/3 5472/4/3
f 5475/4/3 5473/4/3 5474/4/3
f 5480/2/3 5475/2/3 5474/2/3
f 5481/2/3 5475/2/3 5480/2/3
f 5482/2/3 5477/2/3 5476/2/3
f 5483/3/3 5478/3/3 5477/3/3
f 5483/2/3 5477/2/3 5482/2/3
f 5484/1/3 5479/1/3 5478/1/3
f 5484/3/3 5478/3/3 5483/3/3
f 5485/4/3 5480/4/3 5479/4/3
f 5485/1/3 5479/1/3 5484/1/3
f 5486/4/3 5480/4/3 5485/4/3
f 5488/2/3 5487/2/3 5486/2/3
f 5491/3/3 5490/3/3 5489/3/3
f 5492/3/3 5490/3/3 5491/3/3
f 5493/2/3 5487/2/3 5488/2/3
f 5494/2/3 5487/2/3 5493/2/3
f 5495/1/3 5494/1/3 5493/1/3
f 5496/1/3 5494/1/3 5495/1/3
f 5497/1/3 5494/1/3 5496/1/3
f 5498/1/3 5494/1/3 5497/1/3
f 5499/2/3 5498/2/3 5497/2/3
f 5500/2/3 5498/2/3 5499/2/3
f 5501/2/3 5498/2/3 5500/2/3
f 5502/1/3 5501/1/3 5500/1/3
f 5503/1/3 5501/1/3 5502/1/3
f 5504/1/3 5501/1/3 5503/1/3
f 5507/4/3 5506/4/3 5505/4/3
f 5508/4/3 5506/4/3 5507/4/3
f 5509/2/3 5504/2/3 5503/2/3
f 5510/2/3 5504/2/3 5509/2/3
f 5511/4/3 5510/4/3 5509/4/3
f 5512/4/3 5510/4/3 5511/4/3
f 5513/1/3 5512/1/3 5511/1/3
f 5514/1/3 5512/1/3 5513/1/3
f 5519/2/3 5514/2/3 5513/2/3
f 5520/2/3 5514/2/3 5519/2/3
f 5521/4/3 5516/4/3 5515/4/3
f 5521/4/3 5517/4/3 5516/4/3
f 5522/3/3 5518/3/3 5517/3/3
f 5522/4/3 5517/4/3 5521/4/3
f 5523/2/3 5519/2/3 5518/2/3
f 5523/3/3 5518/3/3 5522/3/3
f 5524/2/3 5519/2/3 5523/2/3
f 5526/2/3 5525/2/3 5524/2/3
f 5527/2/3 5525/2/3 5526/2/3
f 5532/1/3 5527/1/3 5526/1/3
f 5533/1/3 5527/1/3 5532/1/3
f 5534/1/3 5529/1/3 5528/1/3
f 5535/4/3 5530/4/3 5529/4/3
f 5535/1/3 5529/1/3 5534/1/3
f 5536/2/3 5531/2/3 5530/2/3
f 5536/4/3 5530/4/3 5535/4/3
f 5536/2/3 5532/2/3 5531/2/3
f 5537/2/3 5532/2/3 5536/2/3
f 5543/4/3 5539/4/3 5538/4/3
f 5544/2/3 5540/2/3 5539/2/3
f 5544/4/3 5539/4/3 5543/4/3
f 5545/4/3 5541/4/3 5540/4/3
f 5545/2/3 5540/2/3 5544/2/3
f 5546/1/3 5542/1/3 5541/1/3
f 5546/4/3 5541/4/3 5545/4/3
f 5547/1/3 5542/1/3 5546/1/3
f 5553/4/3 5549/4/3 5548/4/3
f 5554/2/3 5550/2/3 5549/2/3
f 5554/4/3 5549/4/3 5553/4/3
f 5555/4/3 5551/4/3 5550/4/3
f 5555/2/3 5550/2/3 5554/2/3
f 5556/1/3 5552/1/3 5551/1/3
f 5556/4/3 5551/4/3 5555/4/3
f 5557/1/3 5552/1/3 5556/1/3
f 5558/4/4 5559/4/4 5563/4/4
f 5559/2/4 5560/2/4 5564/2/4
f 5563/4/4 5559/4/4 5564/4/4
f 5560/1/4 5561/1/4 5565/1/4
f 5564/2/4 5560/2/4 5565/2/4
f 5565/1/4 5561/1/4 5566/1/4
f 5566/1/4 5561/1/4 5567/1/4
f 5562/3/4 5563/3/4 5568/3/4
f 5568/3/4 5563/3/4 5569/3/4
f 5570/3/4 5571/3/4 5572/3/4
f 5572/3/4 5571/3/4 5573/3/4
f 5573/4/4 5574/4/4 5578/4/4
f 5574/2/4 5575/2/4 5579/2/4
f 5578/4/4 5574/4/4 5579/4/4
f 5576/1/4 5577/1/4 5580/1/4
f 5579/2/4 5575/2/4 5580/2/4
f 5575/1/4 5576/1/4 5580/1/4
f 5580/1/4 5577/1/4 5581/1/4
f 5582/4/4 5583/4/4 5585/4/4
f 5585/4/4 5583/4/4 5586/4/4
f 5586/4/4 5583/4/4 5587/4/4
f 5583/1/4 5584/1/4 5588/1/4
f 5587/4/4 5583/4/4 5588/4/4
f 5588/1/4 5584/1/4 5589/1/4
f 5590/4/4 5591/4/4 5595/4/4
f 5591/4/4 5592/4/4 5595/4/4
f 5592/4/4 5593/4/4 5595/4/4
f 5593/1/4 5594/1/4 5596/1/4
f 5595/4/4 5593/4/4 5596/4/4
f 5596/1/4 5594/1/4 5597/1/4
f 5598/4/4 5599/4/4 5603/4/4
f 5599/1/4 5600/1/4 5604/1/4
f 5603/4/4 5599/4/4 5604/4/4
f 5600/2/4 5601/2/4 5605/2/4
f 5604/1/4 5600/1/4 5605/1/4
f 5601/4/4 5602/4/4 5606/4/4
f 5605/2/4 5601/2/4 5606/2/4
f 5606/4/4 5602/4/4 5607/4/4
f 5608/4/4 5609/4/4 5613/4/4
f 5609/1/4 5610/1/4 5614/1/4
f 5613/4/4 5609/4/4 5614/4/4
f 5610/2/4 5611/2/4 5615/2/4
f 5614/1/4 5610/1/4 5615/1/4
f 5611/4/4 5612/4/4 5616/4/4
f 5615/2/4 5611/2/4 5616/2/4
f 5616/4/4 5612/4/4 5617/4/4
f 5618/4/4 5619/4/4 5623/4/4
f 5619/2/4 5620/2/4 5624/2/4
f 5623/4/4 5619/4/4 5624/4/4
f 5620/1/4 5621/1/4 5625/1/4
f 5624/2/4 5620/2/4 5625/2/4
f 5621/4/4 5622/4/4 5626/4/4
f 5625/1/4 5621/1/4 5626/1/4
f 5626/4/4 5622/4/4 5627/4/4
f 5628/4/4 5629/4/4 5633/4/4
f 5629/2/4 5630/2/4 5634/2/4
f 5633/4/4 5629/4/4 5634/4/4
f 5630/1/4 5631/1/4 5635/1/4
f 5634/2/4 5630/2/4 5635/2/4
f 5631/4/4 5632/4/4 5636/4/4
f 5635/1/4 5631/1/4 5636/1/4
f 5636/4/4 5632/4/4 5637/4/4
f 5638/1/4 5639/1/4 5647/1/4
f 5647/1/4 5639/1/4 5648/1/4
f 5639/4/4 5640/4/4 5649/4/4
f 5648/1/4 5639/1/4 5649/1/4
f 5640/2/4 5641/2/4 5650/2/4
f 5649/4/4 5640/4/4 5650/4/4
f 5650/2/4 5641/2/4 5651/2/4
f 5642/4/4 5643/4/4 5652/4/4
f 5643/2/4 5644/2/4 5653/2/4
f 5652/4/4 5643/4/4 5653/4/4
f 5644/1/4 5645/1/4 5654/1/4
f 5653/2/4 5644/2/4 5654/2/4
f 5645/4/4 5646/4/4 5655/4/4
f 5654/1/4 5645/1/4 5655/1/4
f 5655/4/4 5646/4/4 5656/4/4
f 5657/1/4 5658/1/4 5667/1/4
f 5658/1/4 5659/1/4 5667/1/4
f 5659/4/4 5660/4/4 5668/4/4
f 5667/1/4 5659/1/4 5668/1/4
f 5660/2/4 5661/2/4 5669/2/4
f 5668/4/4 5660/4/4 5669/4/4
f 5669/2/4 5661/2/4 5670/2/4
f 5662/4/4 5663/4/4 5671/4/4
f 5663/2/4 5664/2/4 5672/2/4
f 5671/4/4 5663/4/4 5672/4/4
f 5664/1/4 5665/1/4 5673/1/4
f 5672/2/4 5664/2/4 5673/2/4
f 5665/4/4 5666/4/4 5674/4/4
f 5673/1/4 5665/1/4 5674/1/4
f 5674/4/4 5666/4/4 5675/4/4
f 5676/4/4 5677/4/4 5680/4/4
f 5680/4/4 5677/4/4 5681/4/4
f 5677/1/4 5678/1/4 5682/1/4
f 5681/4/4 5677/4/4 5682/4/4
f 5678/4/4 5679/4/4 5683/4/4
f 5682/1/4 5678/1/4 5683/1/4
f 5683/4/4 5679/4/4 5684/4/4
f 5685/4/4 5686/4/4 5690/4/4
f 5686/4/4 5687/4/4 5690/4/4
f 5687/1/4 5688/1/4 5691/1/4
f 5690/4/4 5687/4/4 5691/4/4
f 5688/4/4 5689/4/4 5692/4/4
f 5691/1/4 5688/1/4 5692/1/4
f 5692/4/4 5689/4/4 5693/4/4
f 5694/4/4 5695/4/4 5699/4/4
f 5695/2/4 5696/2/4 5700/2/4
f 5699/4/4 5695/4/4 5700/4/4
f 5696/1/4 5697/1/4 5701/1/4
f 5700/2/4 5696/2/4 5701/2/4
f 5697/4/4 5698/4/4 5702/4/4
f 5701/1/4 5697/1/4 5702/1/4
f 5702/4/4 5698/4/4 5703/4/4
f 5704/4/4 5705/4/4 5709/4/4
f 5705/2/4 5706/2/4 5710/2/4
f 5709/4/4 5705/4/4 5710/4/4
f 5706/1/4 5707/1/4 5711/1/4
f 5710/2/4 5706/2/4 5711/2/4
f 5707/4/4 5708/4/4 5712/4/4
f 5711/1/4 5707/1/4 5712/1/4
f 5712/4/4 5708/4/4 5713/4/4
f 5714/4/4 5715/4/4 5746/4/4
f 5715/2/4 5716/2/4 5747/2/4
f 5746/4/4 5715/4/4 5747/4/4
f 5716/1/4 5717/1/4 5748/1/4
f 5747/2/4 5716/2/4 5748/2/4
f 5717/4/4 5718/4/4 5749/4/4
f 5748/1/4 5717/1/4 5749/1/4
f 5749/4/4 5718/4/4 5750/4/4
f 5719/2/4 5720/2/4 5751/2/4
f 5720/4/4 5721/4/4 5752/4/4
f 5751/2/4 5720/2/4 5752/2/4
f 5721/1/4 5722/1/4 5753/1/4
f 5752/4/4 5721/4/4 5753/4/4
f 5753/1/4 5722/1/4 5754/1/4
f 5723/2/4 5724/2/4 5755/2/4
f 5724/4/4 5725/4/4 5756/4/4
f 5755/2/4 5724/2/4 5756/2/4
f 5725/1/4 5726/1/4 5757/1/4
f 5756/4/4 5725/4/4 5757/4/4
f 5757/1/4 5726/1/4 5758/1/4
f 5727/2/4 5728/2/4 5759/2/4
f 5728/1/4 5729/1/4 5760/1/4
f 5759/2/4 5728/2/4 5760/2/4
f 5729/4/4 5730/4/4 5761/4/4
f 5760/1/4 5729/1/4 5761/1/4
f 5761/4/4 5730/4/4 5762/4/4
f 5731/4/4 5732/4/4 5763/4/4
f 5732/3/4 5733/3/4 5764/3/4
f 5763/4/4 5732/4/4 5764/4/4
f 5733/2/4 5734/2/4 5765/2/4
f 5764/3/4 5733/3/4 5765/3/4
f 5765/2/4 5734/2/4 5766/2/4
f 5735/4/4 5736/4/4 5767/4/4
f 5736/2/4 5737/2/4 5768/2/4
f 5767/4/4 5736/4/4 5768/4/4
f 5737/1/4 5738/1/4 5769/1/4
f 5768/2/4 5737/2/4 5769/2/4
f 5769/1/4 5738/1/4 5770/1/4
f 5739/3/4 5740/3/4 5771/3/4
f 5740/1/4 5741/1/4 5772/1/4
f 5742/4/4 5743/4/4 5773/4/4
f 5743/2/4 5744/2/4 5774/2/4
f 5773/4/4 5743/4/4 5774/4/4
f 5774/2/4 5744/2/4 5775/2/4
f 5745/1/4 5746/1/4 5777/1/4
f 5746/2/4 5747/2/4 5778/2/4
f 5777/1/4 5746/1/4 5778/1/4
f 5747/2/4 5748/2/4 5778/2/4
f 5749/2/4 5750/2/4 5778/2/4
f 5750/2/4 5751/2/4 5778/2/4
f 5751/2/4 5752/2/4 5778/2/4
f 5753/2/4 5754/2/4 5778/2/4
f 5748/2/4 5749/2/4 5778/2/4
f 5752/2/4 5753/2/4 5778/2/4
f 5754/3/4 5755/3/4 5779/3/4
f 5778/2/4 5754/2/4 5779/2/4
f 5755/2/4 5756/2/4 5780/2/4
f 5779/3/4 5755/3/4 5780/3/4
f 5757/2/4 5758/2/4 5780/2/4
f 5756/2/4 5757/2/4 5780/2/4
f 5758/3/4 5759/3/4 5781/3/4
f 5780/2/4 5758/2/4 5781/2/4
f 5759/2/4 5760/2/4 5782/2/4
f 5781/3/4 5759/3/4 5782/3/4
f 5761/2/4 5762/2/4 5782/2/4
f 5760/2/4 5761/2/4 5782/2/4
f 5762/3/4 5763/3/4 5783/3/4
f 5782/2/4 5762/2/4 5783/2/4
f 5764/2/4 5765/2/4 5784/2/4
f 5783/3/4 5763/3/4 5784/3/4
f 5763/2/4 5764/2/4 5784/2/4
f 5765/2/4 5766/2/4 5784/2/4
f 5766/3/4 5767/3/4 5785/3/4
f 5784/2/4 5766/2/4 5785/2/4
f 5767/2/4 5768/2/4 5786/2/4
f 5785/3/4 5767/3/4 5786/3/4
f 5769/2/4 5770/2/4 5786/2/4
f 5768/2/4 5769/2/4 5786/2/4
f 5770/1/4 5771/1/4 5787/1/4
f 5786/2/4 5770/2/4 5787/2/4
f 5771/3/4 5740/3/4 5788/3/4
f 5787/1/4 5771/1/4 5788/1/4
f 5788/3/4 5740/3/4 5789/3/4
f 5740/1/4 5772/1/4 5790/1/4
f 5789/3/4 5740/3/4 5790/3/4
f 5772/2/4 5773/2/4 5791/2/4
f 5790/1/4 5772/1/4 5791/1/4
f 5774/2/4 5775/2/4 5791/2/4
f 5773/2/4 5774/2/4 5791/2/4
f 5775/1/4 5776/1/4 5792/1/4
f 5791/2/4 5775/2/4 5792/2/4
f 5792/1/4 5776/1/4 5793/1/4
f 5789/1/4 5790/1/4 5794/1/4
f 5790/4/4 5791/4/4 5794/4/4
f 5791/2/4 5792/2/4 5795/2/4
f 5794/4/4 5791/4/4 5795/4/4
f 5787/3/4 5788/3/4 5796/3/4
f 5786/3/4 5787/3/4 5796/3/4
f 5777/3/4 5778/3/4 5796/3/4
f 5778/3/4 5779/3/4 5796/3/4
f 5782/3/4 5783/3/4 5796/3/4
f 5788/2/4 5789/2/4 5796/2/4
f 5785/3/4 5786/3/4 5796/3/4
f 5779/3/4 5780/3/4 5796/3/4
f 5784/3/4 5785/3/4 5796/3/4
f 5783/3/4 5784/3/4 5796/3/4
f 5780/3/4 5781/3/4 5796/3/4
f 5781/3/4 5782/3/4 5796/3/4
f 5789/1/4 5794/1/4 5797/1/4
f 5796/2/4 5789/2/4 5797/2/4
f 5794/2/4 5795/2/4 5798/2/4
f 5797/1/4 5794/1/4 5798/1/4
f 5792/4/4 5793/4/4 5799/4/4
f 5798/2/4 5795/2/4 5799/2/4
f 5795/2/4 5792/2/4 5799/2/4
f 5799/4/4 5793/4/4 5800/4/4
f 5796/1/4 5797/1/4 5801/1/4
f 5777/3/4 5796/3/4 5801/3/4
f 5797/3/4 5798/3/4 5802/3/4
f 5801/1/4 5797/1/4 5802/1/4
f 5777/3/4 5801/3/4 5803/3/4
f 5801/4/4 5802/4/4 5803/4/4
f 5803/4/4 5802/4/4 5804/4/4
f 5802/3/4 5798/3/4 5805/3/4
f 5804/4/4 5802/4/4 5805/4/4
f 5799/2/4 5800/2/4 5806/2/4
f 5805/3/4 5798/3/4 5806/3/4
f 5798/2/4 5799/2/4 5806/2/4
f 5806/2/4 5800/2/4 5807/2/4
f 5803/1/4 5804/1/4 5808/1/4
f 5777/3/4 5803/3/4 5808/3/4
f 5804/3/4 5805/3/4 5809/3/4
f 5808/1/4 5804/1/4 5809/1/4
f 5805/3/4 5806/3/4 5809/3/4
f 5806/1/4 5807/1/4 5810/1/4
f 5809/3/4 5806/3/4 5810/3/4
f 5807/2/4 5800/2/4 5811/2/4
f 5810/1/4 5807/1/4 5811/1/4
f 5811/2/4 5800/2/4 5812/2/4
f 5809/2/4 5810/2/4 5813/2/4
f 5808/2/4 5809/2/4 5813/2/4
f 5811/4/4 5812/4/4 5813/4/4
f 5810/2/4 5811/2/4 5813/2/4
f 5812/2/4 5800/2/4 5814/2/4
f 5813/4/4 5812/4/4 5814/4/4
f 5808/2/4 5813/2/4 5815/2/4
f 5813/3/4 5814/3/4 5815/3/4
f 5814/2/4 5800/2/4 5816/2/4
f 5815/3/4 5814/3/4 5816/3/4
f 5816/2/4 5800/2/4 5817/2/4
f 5817/2/4 5800/2/4 5818/2/4
f 5816/2/4 5817/2/4 5819/2/4
f 5817/1/4 5818/1/4 5819/1/4
f 5819/1/4 5818/1/4 5820/1/4
f 5777/3/4 5808/3/4 5821/3/4
f 5808/2/4 5815/2/4 5822/2/4
f 5821/3/4 5808/3/4 5822/3/4
f 5815/4/4 5816/4/4 5823/4/4
f 5822/2/4 5815/2/4 5823/2/4
f 5816/2/4 5819/2/4 5824/2/4
f 5823/4/4 5816/4/4 5824/4/4
f 5819/2/4 5820/2/4 5824/2/4
f 5777/3/4 5821/3/4 5825/3/4
f 5821/1/4 5822/1/4 5825/1/4
f 5823/2/4 5824/2/4 5826/2/4
f 5825/1/4 5822/1/4 5826/1/4
f 5822/2/4 5823/2/4 5826/2/4
f 5777/3/4 5825/3/4 5827/3/4
f 5825/4/4 5826/4/4 5827/4/4
f 5826/2/4 5824/2/4 5828/2/4
f 5827/4/4 5826/4/4 5828/4/4
f 5827/2/4 5828/2/4 5829/2/4
f 5828/2/4 5824/2/4 5829/2/4
f 5824/2/4 5820/2/4 5830/2/4
f 5829/2/4 5824/2/4 5830/2/4
f 5827/2/4 5829/2/4 5831/2/4
f 5777/3/4 5827/3/4 5831/3/4
f 5831/2/4 5829/2/4 5832/2/4
f 5829/3/4 5830/3/4 5833/3/4
f 5832/2/4 5829/2/4 5833/2/4
f 5830/2/4 5820/2/4 5834/2/4
f 5833/3/4 5830/3/4 5834/3/4
f 5834/2/4 5820/2/4 5835/2/4
f 5835/2/4 5820/2/4 5836/2/4
f 5832/2/4 5833/2/4 5837/2/4
f 5833/4/4 5834/4/4 5837/4/4
f 5834/2/4 5835/2/4 5838/2/4
f 5837/4/4 5834/4/4 5838/4/4
f 5838/2/4 5835/2/4 5839/2/4
f 5839/2/4 5835/2/4 5840/2/4
f 5835/1/4 5836/1/4 5841/1/4
f 5840/2/4 5835/2/4 5841/2/4
f 5841/1/4 5836/1/4 5842/1/4
f 5839/1/4 5840/1/4 5843/1/4
f 5838/2/4 5839/2/4 5843/2/4
f 5840/4/4 5841/4/4 5844/4/4
f 5843/1/4 5840/1/4 5844/1/4
f 5844/4/4 5841/4/4 5845/4/4
f 5832/2/4 5837/2/4 5847/2/4
f 5837/1/4 5838/1/4 5847/1/4
f 5845/2/4 5846/2/4 5848/2/4
f 5847/1/4 5838/1/4 5848/1/4
f 5844/2/4 5845/2/4 5848/2/4
f 5843/2/4 5844/2/4 5848/2/4
f 5838/2/4 5843/2/4 5848/2/4
f 5832/2/4 5847/2/4 5849/2/4
f 5847/3/4 5848/3/4 5849/3/4
f 5848/2/4 5846/2/4 5850/2/4
f 5849/3/4 5848/3/4 5850/3/4
f 5831/3/4 5832/3/4 5851/3/4
f 5832/2/4 5849/2/4 5851/2/4
f 5849/2/4 5850/2/4 5851/2/4
f 5851/2/4 5850/2/4 5852/2/4
f 5852/2/4 5850/2/4 5853/2/4
f 5831/3/4 5851/3/4 5854/3/4
f 5851/1/4 5852/1/4 5854/1/4
f 5852/3/4 5853/3/4 5855/3/4
f 5854/1/4 5852/1/4 5855/1/4
f 5853/2/4 5850/2/4 5856/2/4
f 5855/3/4 5853/3/4 5856/3/4
f 5856/2/4 5850/2/4 5857/2/4
f 5850/2/4 5846/2/4 5858/2/4
f 5857/2/4 5850/2/4 5858/2/4
f 5856/3/4 5857/3/4 5859/3/4
f 5854/3/4 5855/3/4 5859/3/4
f 5857/4/4 5858/4/4 5859/4/4
f 5855/3/4 5856/3/4 5859/3/4
f 5858/2/4 5846/2/4 5860/2/4
f 5859/4/4 5858/4/4 5860/4/4
f 5854/3/4 5859/3/4 5861/3/4
f 5859/1/4 5860/1/4 5861/1/4
f 5860/2/4 5846/2/4 5862/2/4
f 5861/1/4 5860/1/4 5862/1/4
f 5862/2/4 5846/2/4 5863/2/4
f 5863/2/4 5846/2/4 5864/2/4
f 5854/3/4 5861/3/4 5865/3/4
f 5861/3/4 5862/3/4 5865/3/4
f 5862/2/4 5863/2/4 5866/2/4
f 5865/3/4 5862/3/4 5866/3/4
f 5863/1/4 5864/1/4 5867/1/4
f 5866/2/4 5863/2/4 5867/2/4
f 5867/1/4 5864/1/4 5868/1/4
f 5865/2/4 5866/2/4 5869/2/4
f 5854/3/4 5865/3/4 5869/3/4
f 5867/2/4 5868/2/4 5869/2/4
f 5866/2/4 5867/2/4 5869/2/4
f 5869/2/4 5868/2/4 5870/2/4
f 5854/3/4 5869/3/4 5871/3/4
f 5869/4/4 5870/4/4 5871/4/4
f 5870/2/4 5868/2/4 5872/2/4
f 5871/4/4 5870/4/4 5872/4/4
f 5854/3/4 5871/3/4 5873/3/4
f 5871/3/4 5872/3/4 5873/3/4
f 5872/2/4 5868/2/4 5874/2/4
f 5873/3/4 5872/3/4 5874/3/4
f 5874/2/4 5868/2/4 5875/2/4
f 5875/2/4 5868/2/4 5876/2/4
f 5873/2/4 5874/2/4 5877/2/4
f 5874/2/4 5875/2/4 5877/2/4
f 5875/1/4 5876/1/4 5877/1/4
f 5877/1/4 5876/1/4 5878/1/4
f 5873/2/4 5877/2/4 5879/2/4
f 5877/4/4 5878/4/4 5879/4/4
f 5879/4/4 5878/4/4 5880/4/4
f 5854/3/4 5873/3/4 5881/3/4
f 5873/2/4 5879/2/4 5881/2/4
f 5879/2/4 5880/2/4 5881/2/4
f 5881/2/4 5880/2/4 5882/2/4
f 5831/3/4 5854/3/4 5883/3/4
f 5854/3/4 5881/3/4 5883/3/4
f 5883/3/4 5881/3/4 5884/3/4
f 5884/3/4 5881/3/4 5885/3/4
f 5881/4/4 5882/4/4 5886/4/4
f 5885/3/4 5881/3/4 5886/3/4
f 5882/2/4 5880/2/4 5887/2/4
f 5886/4/4 5882/4/4 5887/4/4
f 5887/2/4 5880/2/4 5888/2/4
f 5888/2/4 5880/2/4 5889/2/4
f 5831/3/4 5883/3/4 5890/3/4
f 5883/2/4 5884/2/4 5890/2/4
f 5884/1/4 5885/1/4 5891/1/4
f 5890/2/4 5884/2/4 5891/2/4
f 5885/4/4 5886/4/4 5892/4/4
f 5891/1/4 5885/1/4 5892/1/4
f 5886/1/4 5887/1/4 5893/1/4
f 5892/4/4 5886/4/4 5893/4/4
f 5890/1/4 5891/1/4 5894/1/4
f 5831/3/4 5890/3/4 5894/3/4
f 5891/3/4 5892/3/4 5895/3/4
f 5894/1/4 5891/1/4 5895/1/4
f 5893/1/4 5887/1/4 5896/1/4
f 5892/1/4 5893/1/4 5896/1/4
f 5887/2/4 5888/2/4 5897/2/4
f 5896/1/4 5887/1/4 5897/1/4
f 5888/4/4 5889/4/4 5898/4/4
f 5897/2/4 5888/2/4 5898/2/4
f 5898/4/4 5889/4/4 5899/4/4
f 5894/4/4 5895/4/4 5900/4/4
f 5831/3/4 5894/3/4 5900/3/4
f 5895/3/4 5892/3/4 5901/3/4
f 5900/4/4 5895/4/4 5901/4/4
f 5901/3/4 5892/3/4 5902/3/4
f 5892/1/4 5896/1/4 5903/1/4
f 5902/3/4 5892/3/4 5903/3/4
f 5896/3/4 5897/3/4 5904/3/4
f 5903/1/4 5896/1/4 5904/1/4
f 5897/2/4 5898/2/4 5905/2/4
f 5904/3/4 5897/3/4 5905/3/4
f 5898/1/4 5899/1/4 5906/1/4
f 5905/2/4 5898/2/4 5906/2/4
f 5906/1/4 5899/1/4 5907/1/4
f 5902/1/4 5903/1/4 5908/1/4
f 5904/4/4 5905/4/4 5908/4/4
f 5903/4/4 5904/4/4 5908/4/4
f 5908/4/4 5905/4/4 5909/4/4
f 5905/2/4 5906/2/4 5910/2/4
f 5909/4/4 5905/4/4 5910/4/4
f 5910/2/4 5906/2/4 5911/2/4
f 5911/2/4 5906/2/4 5912/2/4
f 5912/2/4 5906/2/4 5913/2/4
f 5906/4/4 5907/4/4 5914/4/4
f 5913/2/4 5906/2/4 5914/2/4
f 5914/4/4 5907/4/4 5915/4/4
f 5901/2/4 5902/2/4 5916/2/4
f 5900/2/4 5901/2/4 5916/2/4
f 5902/1/4 5908/1/4 5917/1/4
f 5916/2/4 5902/2/4 5917/2/4
f 5908/2/4 5909/2/4 5918/2/4
f 5917/1/4 5908/1/4 5918/1/4
f 5909/3/4 5910/3/4 5919/3/4
f 5918/2/4 5909/2/4 5919/2/4
f 5910/4/4 5911/4/4 5920/4/4
f 5919/3/4 5910/3/4 5920/3/4
f 5911/2/4 5912/2/4 5921/2/4
f 5920/4/4 5911/4/4 5921/4/4
f 5912/3/4 5913/3/4 5922/3/4
f 5921/2/4 5912/2/4 5922/2/4
f 5913/4/4 5914/4/4 5923/4/4
f 5922/3/4 5913/3/4 5923/3/4
f 5923/4/4 5914/4/4 5924/4/4
f 5831/3/4 5900/3/4 5926/3/4
f 5900/2/4 5916/2/4 5926/2/4
f 5916/1/4 5917/1/4 5927/1/4
f 5926/2/4 5916/2/4 5927/2/4
f 5917/3/4 5918/3/4 5928/3/4
f 5927/1/4 5917/1/4 5928/1/4
f 5918/1/4 5919/1/4 5929/1/4
f 5928/3/4 5918/3/4 5929/3/4
f 5919/1/4 5920/1/4 5929/1/4
f 5929/1/4 5920/1/4 5930/1/4
f 5924/2/4 5925/2/4 5931/2/4
f 5930/1/4 5920/1/4 5931/1/4
f 5920/2/4 5921/2/4 5931/2/4
f 5921/2/4 5922/2/4 5931/2/4
f 5922/2/4 5923/2/4 5931/2/4
f 5923/2/4 5924/2/4 5931/2/4
f 5931/2/4 5925/2/4 5932/2/4
f 5932/2/4 5925/2/4 5933/2/4
f 5831/3/4 5926/3/4 5934/3/4
f 5926/1/4 5927/1/4 5934/1/4
f 5927/4/4 5928/4/4 5935/4/4
f 5934/1/4 5927/1/4 5935/1/4
f 5929/4/4 5930/4/4 5936/4/4
f 5930/3/4 5931/3/4 5936/3/4
f 5931/2/4 5932/2/4 5937/2/4
f 5936/3/4 5931/3/4 5937/3/4
f 5932/1/4 5933/1/4 5938/1/4
f 5937/2/4 5932/2/4 5938/2/4
f 5938/1/4 5933/1/4 5939/1/4
f 5777/3/4 5831/3/4 5940/3/4
f 5831/3/4 5934/3/4 5940/3/4
f 5934/3/4 5935/3/4 5940/3/4
f 5940/3/4 5935/3/4 5941/3/4
f 5941/3/4 5935/3/4 5942/3/4
f 5942/3/4 5935/3/4 5943/3/4
f 5943/3/4 5935/3/4 5944/3/4
f 5944/3/4 5935/3/4 5945/3/4
f 5945/3/4 5935/3/4 5946/3/4
f 5946/3/4 5935/3/4 5947/3/4
f 5947/3/4 5935/3/4 5948/3/4
f 5948/3/4 5935/3/4 5949/3/4
f 5949/3/4 5935/3/4 5950/3/4
f 5950/3/4 5935/3/4 5951/3/4
f 5935/4/4 5928/4/4 5952/4/4
f 5951/3/4 5935/3/4 5952/3/4
f 5928/1/4 5929/1/4 5953/1/4
f 5952/4/4 5928/4/4 5953/4/4
f 5936/4/4 5937/4/4 5954/4/4
f 5953/1/4 5929/1/4 5954/1/4
f 5929/4/4 5936/4/4 5954/4/4
f 5954/4/4 5937/4/4 5955/4/4
f 5937/2/4 5938/2/4 5956/2/4
f 5955/4/4 5937/4/4 5956/4/4
f 5938/4/4 5939/4/4 5957/4/4
f 5956/2/4 5938/2/4 5957/2/4
f 5957/4/4 5939/4/4 5958/4/4
f 5940/1/4 5941/1/4 5959/1/4
f 5941/2/4 5942/2/4 5960/2/4
f 5959/1/4 5941/1/4 5960/1/4
f 5960/2/4 5942/2/4 5961/2/4
f 5961/2/4 5942/2/4 5962/2/4
f 5962/2/4 5942/2/4 5963/2/4
f 5963/2/4 5942/2/4 5964/2/4
f 5964/2/4 5942/2/4 5965/2/4
f 5965/2/4 5942/2/4 5966/2/4
f 5966/2/4 5942/2/4 5967/2/4
f 5942/3/4 5943/3/4 5968/3/4
f 5967/2/4 5942/2/4 5968/2/4
f 5943/2/4 5944/2/4 5969/2/4
f 5968/3/4 5943/3/4 5969/3/4
f 5969/2/4 5944/2/4 5970/2/4
f 5970/2/4 5944/2/4 5971/2/4
f 5944/3/4 5945/3/4 5972/3/4
f 5971/2/4 5944/2/4 5972/2/4
f 5945/2/4 5946/2/4 5973/2/4
f 5972/3/4 5945/3/4 5973/3/4
f 5973/2/4 5946/2/4 5974/2/4
f 5974/2/4 5946/2/4 5975/2/4
f 5946/3/4 5947/3/4 5976/3/4
f 5975/2/4 5946/2/4 5976/2/4
f 5947/2/4 5948/2/4 5977/2/4
f 5976/3/4 5947/3/4 5977/3/4
f 5977/2/4 5948/2/4 5978/2/4
f 5978/2/4 5948/2/4 5979/2/4
f 5948/3/4 5949/3/4 5980/3/4
f 5979/2/4 5948/2/4 5980/2/4
f 5949/2/4 5950/2/4 5981/2/4
f 5980/3/4 5949/3/4 5981/3/4
f 5981/2/4 5950/2/4 5982/2/4
f 5982/2/4 5950/2/4 5983/2/4
f 5950/1/4 5951/1/4 5984/1/4
f 5983/2/4 5950/2/4 5984/2/4
f 5951/3/4 5952/3/4 5985/3/4
f 5984/1/4 5951/1/4 5985/1/4
f 5952/3/4 5953/3/4 5985/3/4
f 5953/3/4 5954/3/4 5985/3/4
f 5955/2/4 5956/2/4 5986/2/4
f 5954/1/4 5955/1/4 5986/1/4
f 5956/2/4 5957/2/4 5986/2/4
f 5986/2/4 5957/2/4 5987/2/4
f 5987/2/4 5957/2/4 5988/2/4
f 5957/1/4 5958/1/4 5989/1/4
f 5988/2/4 5957/2/4 5989/2/4
f 5989/1/4 5958/1/4 5990/1/4
f 5960/4/4 5961/4/4 5991/4/4
f 5961/2/4 5962/2/4 5992/2/4
f 5991/4/4 5961/4/4 5992/4/4
f 5962/1/4 5963/1/4 5993/1/4
f 5992/2/4 5962/2/4 5993/2/4
f 5963/4/4 5964/4/4 5994/4/4
f 5993/1/4 5963/1/4 5994/1/4
f 5994/4/4 5964/4/4 5995/4/4
f 5965/2/4 5966/2/4 5996/2/4
f 5966/4/4 5967/4/4 5997/4/4
f 5996/2/4 5966/2/4 5997/2/4
f 5967/1/4 5968/1/4 5998/1/4
f 5997/4/4 5967/4/4 5998/4/4
f 5998/1/4 5968/1/4 5999/1/4
f 5969/2/4 5970/2/4 6000/2/4
f 5970/4/4 5971/4/4 6001/4/4
f 6000/2/4 5970/2/4 6001/2/4
f 5971/1/4 5972/1/4 6002/1/4
f 6001/4/4 5971/4/4 6002/4/4
f 6002/1/4 5972/1/4 6003/1/4
f 5973/2/4 5974/2/4 6004/2/4
f 5974/1/4 5975/1/4 6005/1/4
f 6004/2/4 5974/2/4 6005/2/4
f 5975/4/4 5976/4/4 6006/4/4
f 6005/1/4 5975/1/4 6006/1/4
f 6006/4/4 5976/4/4 6007/4/4
f 5977/4/4 5978/4/4 6008/4/4
f 5978/3/4 5979/3/4 6009/3/4
f 6008/4/4 5978/4/4 6009/4/4
f 5979/2/4 5980/2/4 6010/2/4
f 6009/3/4 5979/3/4 6010/3/4
f 6010/2/4 5980/2/4 6011/2/4
f 5981/4/4 5982/4/4 6012/4/4
f 5982/2/4 5983/2/4 6013/2/4
f 6012/4/4 5982/4/4 6013/4/4
f 5983/1/4 5984/1/4 6014/1/4
f 6013/2/4 5983/2/4 6014/2/4
f 6014/1/4 5984/1/4 6015/1/4
f 5985/3/4 5954/3/4 6016/3/4
f 5954/1/4 5986/1/4 6017/1/4
f 6016/3/4 5954/3/4 6017/3/4
f 6017/1/4 5986/1/4 6018/1/4
f 5987/4/4 5988/4/4 6019/4/4
f 5988/2/4 5989/2/4 6020/2/4
f 6019/4/4 5988/4/4 6020/4/4
f 6020/2/4 5989/2/4 6021/2/4
f 6049/3/5 6023/3/5 6022/3/5
f 6049/1/5 6024/1/5 6023/1/5
f 6050/2/5 6025/2/5 6024/2/5
f 6050/1/5 6024/1/5 6049/1/5
f 6051/2/5 6025/2/5 6050/2/5
f 6052/3/5 6026/3/5 6025/3/5
f 6052/2/5 6027/2/5 6026/2/5
f 6053/1/5 6028/1/5 6027/1/5
f 6053/2/5 6027/2/5 6052/2/5
f 6054/3/5 6029/3/5 6028/3/5
f 6054/1/5 6028/1/5 6053/1/5
f 6055/1/5 6030/1/5 6029/1/5
f 6055/3/5 6029/3/5 6054/3/5
f 6056/3/5 6031/3/5 6030/3/5
f 6056/1/5 6030/1/5 6055/1/5
f 6057/3/5 6031/3/5 6056/3/5
f 6058/3/5 6031/3/5 6057/3/5
f 6059/3/5 6031/3/5 6058/3/5
f 6060/3/5 6031/3/5 6059/3/5
f 6061/1/5 6032/1/5 6031/1/5
f 6061/3/5 6031/3/5 6060/3/5
f 6062/4/5 6033/4/5 6032/4/5
f 6062/1/5 6032/1/5 6061/1/5
f 6063/3/5 6034/3/5 6033/3/5
f 6063/4/5 6033/4/5 6062/4/5
f 6064/4/5 6035/4/5 6034/4/5
f 6064/3/5 6034/3/5 6063/3/5
f 6065/4/5 6035/4/5 6064/4/5
f 6066/3/5 6036/3/5 6035/3/5
f 6066/4/5 6035/4/5 6065/4/5
f 6067/4/5 6037/4/5 6036/4/5
f 6067/3/5 6036/3/5 6066/3/5
f 6068/1/5 6038/1/5 6037/1/5
f 6068/4/5 6037/4/5 6067/4/5
f 6069/3/5 6039/3/5 6038/3/5
f 6069/1/5 6038/1/5 6068/1/5
f 6070/1/5 6040/1/5 6039/1/5
f 6070/3/5 6039/3/5 6069/3/5
f 6071/3/5 6041/3/5 6040/3/5
f 6071/1/5 6040/1/5 6070/1/5
f 6072/1/5 6042/1/5 6041/1/5
f 6072/3/5 6041/3/5 6071/3/5
f 6073/2/5 6043/2/5 6042/2/5
f 6073/1/5 6042/1/5 6072/1/5
f 6074/2/5 6043/2/5 6073/2/5
f 6075/4/5 6044/4/5 6043/4/5
f 6075/1/5 6045/1/5 6044/1/5
f 6076/2/5 6046/2/5 6045/2/5
f 6076/1/5 6045/1/5 6075/1/5
f 6077/4/5 6047/4/5 6046/4/5
f 6077/2/5 6046/2/5 6076/2/5
f 6078/3/5 6048/3/5 6047/3/5
f 6078/4/5 6047/4/5 6077/4/5
f 6079/3/5 6049/3/5 6022/3/5
f 6080/4/5 6050/4/5 6049/4/5
f 6080/3/5 6049/3/5 6079/3/5
f 6081/1/5 6051/1/5 6050/1/5
f 6081/4/5 6050/4/5 6080/4/5
f 6082/2/5 6025/2/5 6051/2/5
f 6082/1/5 6051/1/5 6081/1/5
f 6083/3/5 6052/3/5 6025/3/5
f 6083/2/5 6025/2/5 6082/2/5
f 6083/3/5 6053/3/5 6052/3/5
f 6083/3/5 6054/3/5 6053/3/5
f 6084/3/5 6054/3/5 6083/3/5
f 6085/3/5 6054/3/5 6084/3/5
f 6086/2/5 6055/2/5 6054/2/5
f 6086/3/5 6056/3/5 6055/3/5
f 6087/3/5 6056/3/5 6086/3/5
f 6088/2/5 6057/2/5 6056/2/5
f 6088/3/5 6056/3/5 6087/3/5
f 6089/4/5 6058/4/5 6057/4/5
f 6089/2/5 6057/2/5 6088/2/5
f 6090/3/5 6059/3/5 6058/3/5
f 6090/4/5 6058/4/5 6089/4/5
f 6091/3/5 6059/3/5 6090/3/5
f 6092/3/5 6061/3/5 6060/3/5
f 6092/2/5 6062/2/5 6061/2/5
f 6093/1/5 6063/1/5 6062/1/5
f 6093/2/5 6062/2/5 6092/2/5
f 6094/3/5 6064/3/5 6063/3/5
f 6094/1/5 6063/1/5 6093/1/5
f 6095/3/5 6064/3/5 6094/3/5
f 6096/2/5 6065/2/5 6064/2/5
f 6096/3/5 6064/3/5 6095/3/5
f 6097/1/5 6066/1/5 6065/1/5
f 6097/2/5 6065/2/5 6096/2/5
f 6098/3/5 6067/3/5 6066/3/5
f 6098/1/5 6066/1/5 6097/1/5
f 6098/3/5 6068/3/5 6067/3/5
f 6098/3/5 6069/3/5 6068/3/5
f 6098/3/5 6070/3/5 6069/3/5
f 6098/3/5 6071/3/5 6070/3/5
f 6098/3/5 6072/3/5 6071/3/5
f 6099/3/5 6072/3/5 6098/3/5
f 6100/3/5 6072/3/5 6099/3/5
f 6101/3/5 6072/3/5 6100/3/5
f 6102/4/5 6073/4/5 6072/4/5
f 6102/3/5 6072/3/5 6101/3/5
f 6103/1/5 6074/1/5 6073/1/5
f 6103/4/5 6073/4/5 6102/4/5
f 6104/4/5 6076/4/5 6075/4/5
f 6104/4/5 6075/4/5 6043/4/5
f 6105/1/5 6077/1/5 6076/1/5
f 6105/4/5 6076/4/5 6104/4/5
f 6105/1/5 6078/1/5 6077/1/5
f 6106/1/5 6078/1/5 6105/1/5
f 6107/3/5 6048/3/5 6078/3/5
f 6107/1/5 6078/1/5 6106/1/5
f 6108/3/5 6048/3/5 6107/3/5
f 6109/4/5 6081/4/5 6080/4/5
f 6109/4/5 6080/4/5 6079/4/5
f 6109/4/5 6082/4/5 6081/4/5
f 6110/4/5 6082/4/5 6109/4/5
f 6111/4/5 6082/4/5 6110/4/5
f 6112/1/5 6083/1/5 6082/1/5
f 6112/4/5 6082/4/5 6111/4/5
f 6113/3/5 6084/3/5 6083/3/5
f 6113/1/5 6085/1/5 6084/1/5
f 6114/3/5 6054/3/5 6085/3/5
f 6114/1/5 6085/1/5 6113/1/5
f 6115/2/5 6086/2/5 6054/2/5
f 6115/3/5 6054/3/5 6114/3/5
f 6116/4/5 6087/4/5 6086/4/5
f 6116/3/5 6088/3/5 6087/3/5
f 6117/4/5 6089/4/5 6088/4/5
f 6117/3/5 6088/3/5 6116/3/5
f 6118/1/5 6090/1/5 6089/1/5
f 6118/4/5 6089/4/5 6117/4/5
f 6119/2/5 6091/2/5 6090/2/5
f 6119/1/5 6090/1/5 6118/1/5
f 6120/3/5 6092/3/5 6060/3/5
f 6120/3/5 6094/3/5 6093/3/5
f 6120/3/5 6093/3/5 6092/3/5
f 6121/3/5 6094/3/5 6120/3/5
f 6122/3/5 6094/3/5 6121/3/5
f 6123/2/5 6096/2/5 6095/2/5
f 6123/3/5 6097/3/5 6096/3/5
f 6123/3/5 6098/3/5 6097/3/5
f 6123/3/5 6099/3/5 6098/3/5
f 6124/3/5 6099/3/5 6123/3/5
f 6125/3/5 6099/3/5 6124/3/5
f 6126/2/5 6100/2/5 6099/2/5
f 6126/3/5 6099/3/5 6125/3/5
f 6127/4/5 6101/4/5 6100/4/5
f 6128/3/5 6102/3/5 6101/3/5
f 6128/4/5 6101/4/5 6127/4/5
f 6129/3/5 6102/3/5 6128/3/5
f 6130/3/5 6102/3/5 6129/3/5
f 6131/1/5 6074/1/5 6103/1/5
f 6131/2/5 6043/2/5 6074/2/5
f 6132/4/5 6104/4/5 6043/4/5
f 6132/2/5 6043/2/5 6131/2/5
f 6133/1/5 6105/1/5 6104/1/5
f 6133/4/5 6104/4/5 6132/4/5
f 6134/2/5 6106/2/5 6105/2/5
f 6134/4/5 6108/4/5 6107/4/5
f 6134/4/5 6107/4/5 6106/4/5
f 6135/4/5 6108/4/5 6134/4/5
f 6136/4/5 6108/4/5 6135/4/5
f 6137/4/5 6111/4/5 6110/4/5
f 6137/3/5 6110/3/5 6109/3/5
f 6138/1/5 6112/1/5 6111/1/5
f 6138/4/5 6111/4/5 6137/4/5
f 6139/2/5 6086/2/5 6115/2/5
f 6139/2/5 6115/2/5 6114/2/5
f 6140/4/5 6117/4/5 6116/4/5
f 6140/2/5 6086/2/5 6139/2/5
f 6140/4/5 6116/4/5 6086/4/5
f 6141/3/5 6118/3/5 6117/3/5
f 6141/4/5 6117/4/5 6140/4/5
f 6141/3/5 6119/3/5 6118/3/5
f 6142/2/5 6091/2/5 6119/2/5
f 6142/3/5 6119/3/5 6141/3/5
f 6143/3/5 6059/3/5 6091/3/5
f 6143/2/5 6091/2/5 6142/2/5
f 6144/4/5 6060/4/5 6059/4/5
f 6144/3/5 6059/3/5 6143/3/5
f 6145/3/5 6120/3/5 6060/3/5
f 6145/4/5 6060/4/5 6144/4/5
f 6146/2/5 6121/2/5 6120/2/5
f 6146/3/5 6120/3/5 6145/3/5
f 6147/1/5 6122/1/5 6121/1/5
f 6147/2/5 6121/2/5 6146/2/5
f 6148/4/5 6095/4/5 6094/4/5
f 6148/3/5 6094/3/5 6122/3/5
f 6149/2/5 6123/2/5 6095/2/5
f 6149/4/5 6095/4/5 6148/4/5
f 6149/2/5 6124/2/5 6123/2/5
f 6150/2/5 6124/2/5 6149/2/5
f 6151/3/5 6125/3/5 6124/3/5
f 6151/2/5 6124/2/5 6150/2/5
f 6152/2/5 6126/2/5 6125/2/5
f 6152/3/5 6125/3/5 6151/3/5
f 6153/2/5 6100/2/5 6126/2/5
f 6153/2/5 6126/2/5 6152/2/5
f 6153/4/5 6127/4/5 6100/4/5
f 6154/1/5 6128/1/5 6127/1/5
f 6154/4/5 6127/4/5 6153/4/5
f 6155/3/5 6129/3/5 6128/3/5
f 6155/1/5 6128/1/5 6154/1/5
f 6156/4/5 6130/4/5 6129/4/5
f 6156/3/5 6129/3/5 6155/3/5
f 6157/3/5 6102/3/5 6130/3/5
f 6157/2/5 6103/2/5 6102/2/5
f 6158/1/5 6131/1/5 6103/1/5
f 6158/2/5 6103/2/5 6157/2/5
f 6158/1/5 6133/1/5 6132/1/5
f 6158/1/5 6132/1/5 6131/1/5
f 6159/1/5 6133/1/5 6158/1/5
f 6160/1/5 6133/1/5 6159/1/5
f 6161/1/5 6105/1/5 6133/1/5
f 6161/1/5 6133/1/5 6160/1/5
f 6162/3/5 6137/3/5 6109/3/5
f 6163/1/5 6138/1/5 6137/1/5
f 6163/3/5 6137/3/5 6162/3/5
f 6164/1/5 6112/1/5 6138/1/5
f 6164/1/5 6138/1/5 6163/1/5
f 6165/3/5 6113/3/5 6083/3/5
f 6165/1/5 6112/1/5 6164/1/5
f 6165/3/5 6114/3/5 6113/3/5
f 6165/1/5 6083/1/5 6112/1/5
f 6166/3/5 6114/3/5 6165/3/5
f 6167/3/5 6114/3/5 6166/3/5
f 6168/2/5 6139/2/5 6114/2/5
f 6168/3/5 6114/3/5 6167/3/5
f 6169/4/5 6140/4/5 6139/4/5
f 6169/2/5 6139/2/5 6168/2/5
f 6169/4/5 6141/4/5 6140/4/5
f 6170/4/5 6141/4/5 6169/4/5
f 6171/2/5 6142/2/5 6141/2/5
f 6171/4/5 6141/4/5 6170/4/5
f 6172/2/5 6142/2/5 6171/2/5
f 6173/3/5 6143/3/5 6142/3/5
f 6173/2/5 6142/2/5 6172/2/5
f 6173/3/5 6144/3/5 6143/3/5
f 6174/3/5 6144/3/5 6173/3/5
f 6175/1/5 6145/1/5 6144/1/5
f 6175/3/5 6144/3/5 6174/3/5
f 6176/3/5 6147/3/5 6146/3/5
f 6176/1/5 6145/1/5 6175/1/5
f 6176/3/5 6146/3/5 6145/3/5
f 6177/1/5 6122/1/5 6147/1/5
f 6177/3/5 6147/3/5 6176/3/5
f 6178/3/5 6148/3/5 6122/3/5
f 6178/1/5 6122/1/5 6177/1/5
f 6179/2/5 6150/2/5 6149/2/5
f 6179/3/5 6148/3/5 6178/3/5
f 6179/2/5 6149/2/5 6148/2/5
f 6180/4/5 6151/4/5 6150/4/5
f 6180/3/5 6152/3/5 6151/3/5
f 6181/4/5 6153/4/5 6152/4/5
f 6181/3/5 6152/3/5 6180/3/5
f 6182/1/5 6154/1/5 6153/1/5
f 6182/4/5 6153/4/5 6181/4/5
f 6183/3/5 6155/3/5 6154/3/5
f 6183/1/5 6154/1/5 6182/1/5
f 6184/4/5 6130/4/5 6156/4/5
f 6184/2/5 6156/2/5 6155/2/5
f 6185/3/5 6157/3/5 6130/3/5
f 6185/4/5 6130/4/5 6184/4/5
f 6186/4/5 6160/4/5 6159/4/5
f 6186/1/5 6159/1/5 6158/1/5
f 6187/2/5 6161/2/5 6160/2/5
f 6187/4/5 6160/4/5 6186/4/5
f 6188/1/5 6105/1/5 6161/1/5
f 6188/2/5 6161/2/5 6187/2/5
f 6189/2/5 6134/2/5 6105/2/5
f 6189/1/5 6105/1/5 6188/1/5
f 6189/2/5 6135/2/5 6134/2/5
f 6190/3/5 6136/3/5 6135/3/5
f 6190/2/5 6135/2/5 6189/2/5
f 6191/3/5 6136/3/5 6190/3/5
f 6192/4/5 6163/4/5 6162/4/5
f 6193/1/5 6164/1/5 6163/1/5
f 6193/4/5 6163/4/5 6192/4/5
f 6194/2/5 6165/2/5 6164/2/5
f 6194/1/5 6164/1/5 6193/1/5
f 6195/2/5 6165/2/5 6194/2/5
f 6196/3/5 6166/3/5 6165/3/5
f 6196/2/5 6167/2/5 6166/2/5
f 6197/4/5 6170/4/5 6169/4/5
f 6197/2/5 6167/2/5 6196/2/5
f 6197/4/5 6168/4/5 6167/4/5
f 6197/4/5 6169/4/5 6168/4/5
f 6198/4/5 6170/4/5 6197/4/5
f 6199/1/5 6171/1/5 6170/1/5
f 6199/4/5 6170/4/5 6198/4/5
f 6200/1/5 6171/1/5 6199/1/5
f 6201/3/5 6172/3/5 6171/3/5
f 6201/1/5 6171/1/5 6200/1/5
f 6202/4/5 6173/4/5 6172/4/5
f 6202/3/5 6172/3/5 6201/3/5
f 6203/1/5 6174/1/5 6173/1/5
f 6203/4/5 6173/4/5 6202/4/5
f 6204/3/5 6178/3/5 6177/3/5
f 6204/3/5 6176/3/5 6175/3/5
f 6204/3/5 6175/3/5 6174/3/5
f 6204/3/5 6177/3/5 6176/3/5
f 6205/2/5 6179/2/5 6178/2/5
f 6205/3/5 6178/3/5 6204/3/5
f 6206/2/5 6150/2/5 6179/2/5
f 6206/2/5 6179/2/5 6205/2/5
f 6207/4/5 6181/4/5 6180/4/5
f 6207/2/5 6150/2/5 6206/2/5
f 6207/4/5 6180/4/5 6150/4/5
f 6208/3/5 6182/3/5 6181/3/5
f 6208/3/5 6183/3/5 6182/3/5
f 6209/3/5 6155/3/5 6183/3/5
f 6209/3/5 6183/3/5 6208/3/5
f 6210/2/5 6184/2/5 6155/2/5
f 6210/3/5 6155/3/5 6209/3/5
f 6211/1/5 6185/1/5 6184/1/5
f 6211/2/5 6184/2/5 6210/2/5
f 6212/3/5 6157/3/5 6185/3/5
f 6212/1/5 6185/1/5 6211/1/5
f 6213/4/5 6158/4/5 6157/4/5
f 6213/3/5 6157/3/5 6212/3/5
f 6214/1/5 6186/1/5 6158/1/5
f 6214/4/5 6158/4/5 6213/4/5
f 6215/2/5 6188/2/5 6187/2/5
f 6215/1/5 6186/1/5 6214/1/5
f 6215/2/5 6187/2/5 6186/2/5
f 6215/2/5 6189/2/5 6188/2/5
f 6216/2/5 6189/2/5 6215/2/5
f 6217/1/5 6190/1/5 6189/1/5
f 6217/2/5 6189/2/5 6216/2/5
f 6218/1/5 6190/1/5 6217/1/5
f 6219/1/5 6190/1/5 6218/1/5
f 6220/4/5 6191/4/5 6190/4/5
f 6220/1/5 6190/1/5 6219/1/5
f 6221/4/5 6191/4/5 6220/4/5
f 6222/2/5 6165/2/5 6195/2/5
f 6222/1/5 6195/1/5 6194/1/5
f 6223/3/5 6196/3/5 6165/3/5
f 6223/2/5 6165/2/5 6222/2/5
f 6224/4/5 6197/4/5 6196/4/5
f 6224/3/5 6196/3/5 6223/3/5
f 6225/3/5 6198/3/5 6197/3/5
f 6225/4/5 6197/4/5 6224/4/5
f 6226/1/5 6200/1/5 6199/1/5
f 6226/3/5 6198/3/5 6225/3/5
f 6226/1/5 6199/1/5 6198/1/5
f 6227/3/5 6201/3/5 6200/3/5
f 6227/1/5 6200/1/5 6226/1/5
f 6228/4/5 6202/4/5 6201/4/5
f 6228/3/5 6201/3/5 6227/3/5
f 6229/3/5 6203/3/5 6202/3/5
f 6229/4/5 6202/4/5 6228/4/5
f 6230/1/5 6174/1/5 6203/1/5
f 6230/3/5 6203/3/5 6229/3/5
f 6231/3/5 6204/3/5 6174/3/5
f 6231/1/5 6174/1/5 6230/1/5
f 6232/3/5 6204/3/5 6231/3/5
f 6233/3/5 6204/3/5 6232/3/5
f 6234/4/5 6205/4/5 6204/4/5
f 6234/3/5 6204/3/5 6233/3/5
f 6235/2/5 6206/2/5 6205/2/5
f 6235/4/5 6205/4/5 6234/4/5
f 6236/4/5 6207/4/5 6206/4/5
f 6236/2/5 6206/2/5 6235/2/5
f 6237/4/5 6181/4/5 6207/4/5
f 6237/4/5 6207/4/5 6236/4/5
f 6238/3/5 6208/3/5 6181/3/5
f 6238/4/5 6181/4/5 6237/4/5
f 6239/2/5 6209/2/5 6208/2/5
f 6240/4/5 6210/4/5 6209/4/5
f 6240/2/5 6209/2/5 6239/2/5
f 6241/3/5 6211/3/5 6210/3/5
f 6241/4/5 6210/4/5 6240/4/5
f 6241/3/5 6213/3/5 6212/3/5
f 6241/3/5 6212/3/5 6211/3/5
f 6242/3/5 6213/3/5 6241/3/5
f 6243/3/5 6213/3/5 6242/3/5
f 6244/1/5 6214/1/5 6213/1/5
f 6244/3/5 6213/3/5 6243/3/5
f 6245/2/5 6216/2/5 6215/2/5
f 6245/1/5 6214/1/5 6244/1/5
f 6245/2/5 6215/2/5 6214/2/5
f 6246/2/5 6216/2/5 6245/2/5
f 6247/2/5 6216/2/5 6246/2/5
f 6248/4/5 6217/4/5 6216/4/5
f 6248/2/5 6216/2/5 6247/2/5
f 6249/1/5 6218/1/5 6217/1/5
f 6250/4/5 6219/4/5 6218/4/5
f 6250/1/5 6218/1/5 6249/1/5
f 6251/2/5 6220/2/5 6219/2/5
f 6251/4/5 6219/4/5 6250/4/5
f 6252/3/5 6193/3/5 6192/3/5
f 6253/4/5 6194/4/5 6193/4/5
f 6253/3/5 6193/3/5 6252/3/5
f 6254/1/5 6222/1/5 6194/1/5
f 6254/4/5 6194/4/5 6253/4/5
f 6254/1/5 6223/1/5 6222/1/5
f 6255/1/5 6225/1/5 6224/1/5
f 6255/3/5 6224/3/5 6223/3/5
f 6256/3/5 6226/3/5 6225/3/5
f 6256/1/5 6225/1/5 6255/1/5
f 6257/3/5 6226/3/5 6256/3/5
f 6258/2/5 6229/2/5 6228/2/5
f 6258/3/5 6226/3/5 6257/3/5
f 6258/2/5 6230/2/5 6229/2/5
f 6258/2/5 6228/2/5 6227/2/5
f 6258/2/5 6227/2/5 6226/2/5
f 6259/4/5 6231/4/5 6230/4/5
f 6259/2/5 6230/2/5 6258/2/5
f 6260/3/5 6232/3/5 6231/3/5
f 6260/4/5 6231/4/5 6259/4/5
f 6261/1/5 6233/1/5 6232/1/5
f 6261/3/5 6232/3/5 6260/3/5
f 6262/2/5 6234/2/5 6233/2/5
f 6262/1/5 6233/1/5 6261/1/5
f 6263/4/5 6237/4/5 6236/4/5
f 6263/4/5 6236/4/5 6235/4/5
f 6264/1/5 6238/1/5 6237/1/5
f 6264/4/5 6237/4/5 6263/4/5
f 6265/3/5 6208/3/5 6238/3/5
f 6265/2/5 6239/2/5 6208/2/5
f 6266/4/5 6240/4/5 6239/4/5
f 6266/2/5 6239/2/5 6265/2/5
f 6266/4/5 6241/4/5 6240/4/5
f 6267/4/5 6241/4/5 6266/4/5
f 6268/1/5 6242/1/5 6241/1/5
f 6268/4/5 6241/4/5 6267/4/5
f 6269/3/5 6244/3/5 6243/3/5
f 6269/2/5 6245/2/5 6244/2/5
f 6270/1/5 6246/1/5 6245/1/5
f 6270/2/5 6245/2/5 6269/2/5
f 6271/4/5 6248/4/5 6247/4/5
f 6271/4/5 6217/4/5 6248/4/5
f 6272/1/5 6249/1/5 6217/1/5
f 6272/4/5 6217/4/5 6271/4/5
f 6273/4/5 6250/4/5 6249/4/5
f 6273/1/5 6249/1/5 6272/1/5
f 6274/2/5 6251/2/5 6250/2/5
f 6274/4/5 6250/4/5 6273/4/5
f 6275/3/5 6221/3/5 6220/3/5
f 6275/2/5 6251/2/5 6274/2/5
f 6275/2/5 6220/2/5 6251/2/5
f 6276/3/5 6221/3/5 6275/3/5
f 6277/1/5 6253/1/5 6252/1/5
f 6277/1/5 6254/1/5 6253/1/5
f 6278/1/5 6254/1/5 6277/1/5
f 6279/1/5 6223/1/5 6254/1/5
f 6279/1/5 6254/1/5 6278/1/5
f 6280/1/5 6223/1/5 6279/1/5
f 6281/3/5 6256/3/5 6255/3/5
f 6281/1/5 6223/1/5 6280/1/5
f 6281/3/5 6255/3/5 6223/3/5
f 6282/2/5 6257/2/5 6256/2/5
f 6282/3/5 6256/3/5 6281/3/5
f 6283/4/5 6258/4/5 6257/4/5
f 6283/2/5 6257/2/5 6282/2/5
f 6284/2/5 6259/2/5 6258/2/5
f 6284/4/5 6258/4/5 6283/4/5
f 6285/2/5 6259/2/5 6284/2/5
f 6286/1/5 6260/1/5 6259/1/5
f 6286/2/5 6259/2/5 6285/2/5
f 6287/3/5 6261/3/5 6260/3/5
f 6287/1/5 6260/1/5 6286/1/5
f 6288/2/5 6234/2/5 6262/2/5
f 6288/4/5 6262/4/5 6261/4/5
f 6289/3/5 6235/3/5 6234/3/5
f 6289/2/5 6234/2/5 6288/2/5
f 6290/4/5 6263/4/5 6235/4/5
f 6290/3/5 6235/3/5 6289/3/5
f 6291/4/5 6263/4/5 6290/4/5
f 6292/4/5 6263/4/5 6291/4/5
f 6293/1/5 6264/1/5 6263/1/5
f 6293/4/5 6263/4/5 6292/4/5
f 6294/1/5 6238/1/5 6264/1/5
f 6294/1/5 6264/1/5 6293/1/5
f 6295/3/5 6265/3/5 6238/3/5
f 6295/1/5 6238/1/5 6294/1/5
f 6295/3/5 6266/3/5 6265/3/5
f 6296/4/5 6267/4/5 6266/4/5
f 6296/3/5 6266/3/5 6295/3/5
f 6297/1/5 6268/1/5 6267/1/5
f 6297/4/5 6267/4/5 6296/4/5
f 6298/1/5 6242/1/5 6268/1/5
f 6298/1/5 6268/1/5 6297/1/5
f 6299/3/5 6269/3/5 6243/3/5
f 6299/4/5 6270/4/5 6269/4/5
f 6300/1/5 6246/1/5 6270/1/5
f 6300/4/5 6270/4/5 6299/4/5
f 6301/2/5 6247/2/5 6246/2/5
f 6301/1/5 6246/1/5 6300/1/5
f 6302/4/5 6271/4/5 6247/4/5
f 6302/2/5 6247/2/5 6301/2/5
f 6303/1/5 6272/1/5 6271/1/5
f 6303/4/5 6271/4/5 6302/4/5
f 6303/1/5 6273/1/5 6272/1/5
f 6304/1/5 6273/1/5 6303/1/5
f 6305/2/5 6274/2/5 6273/2/5
f 6305/1/5 6273/1/5 6304/1/5
f 6305/2/5 6275/2/5 6274/2/5
f 6306/1/5 6276/1/5 6275/1/5
f 6306/2/5 6275/2/5 6305/2/5
f 6307/1/5 6276/1/5 6306/1/5
f 6308/4/5 6278/4/5 6277/4/5
f 6308/2/5 6279/2/5 6278/2/5
f 6309/1/5 6280/1/5 6279/1/5
f 6309/2/5 6279/2/5 6308/2/5
f 6310/4/5 6283/4/5 6282/4/5
f 6310/3/5 6282/3/5 6281/3/5
f 6311/1/5 6284/1/5 6283/1/5
f 6311/4/5 6283/4/5 6310/4/5
f 6312/3/5 6285/3/5 6284/3/5
f 6312/4/5 6286/4/5 6285/4/5
f 6313/4/5 6286/4/5 6312/4/5
f 6314/4/5 6286/4/5 6313/4/5
f 6315/3/5 6287/3/5 6286/3/5
f 6315/4/5 6286/4/5 6314/4/5
f 6316/4/5 6289/4/5 6288/4/5
f 6317/1/5 6290/1/5 6289/1/5
f 6317/4/5 6289/4/5 6316/4/5
f 6318/3/5 6291/3/5 6290/3/5
f 6318/1/5 6290/1/5 6317/1/5
f 6319/4/5 6292/4/5 6291/4/5
f 6319/3/5 6291/3/5 6318/3/5
f 6320/1/5 6293/1/5 6292/1/5
f 6320/4/5 6292/4/5 6319/4/5
f 6320/1/5 6294/1/5 6293/1/5
f 6321/3/5 6295/3/5 6294/3/5
f 6321/1/5 6294/1/5 6320/1/5
f 6322/4/5 6296/4/5 6295/4/5
f 6322/3/5 6295/3/5 6321/3/5
f 6323/3/5 6297/3/5 6296/3/5
f 6323/4/5 6296/4/5 6322/4/5
f 6323/3/5 6298/3/5 6297/3/5
f 6324/1/5 6242/1/5 6298/1/5
f 6324/3/5 6298/3/5 6323/3/5
f 6325/4/5 6243/4/5 6242/4/5
f 6325/1/5 6242/1/5 6324/1/5
f 6326/3/5 6299/3/5 6243/3/5
f 6326/4/5 6243/4/5 6325/4/5
f 6327/4/5 6301/4/5 6300/4/5
f 6327/1/5 6300/1/5 6299/1/5
f 6328/2/5 6302/2/5 6301/2/5
f 6328/4/5 6301/4/5 6327/4/5
f 6328/2/5 6303/2/5 6302/2/5
f 6329/1/5 6311/1/5 6310/1/5
f 6329/3/5 6310/3/5 6281/3/5
f 6330/1/5 6284/1/5 6311/1/5
f 6330/1/5 6311/1/5 6329/1/5
f 6330/3/5 6313/3/5 6312/3/5
f 6330/3/5 6312/3/5 6284/3/5
f 6331/3/5 6313/3/5 6330/3/5
f 6332/3/5 6313/3/5 6331/3/5
f 6333/4/5 6314/4/5 6313/4/5
f 6333/3/5 6313/3/5 6332/3/5
f 6334/1/5 6315/1/5 6314/1/5
f 6334/4/5 6314/4/5 6333/4/5
f 6335/3/5 6287/3/5 6315/3/5
f 6335/1/5 6315/1/5 6334/1/5
f 6336/3/5 6261/3/5 6287/3/5
f 6336/3/5 6287/3/5 6335/3/5
f 6337/4/5 6288/4/5 6261/4/5
f 6337/3/5 6261/3/5 6336/3/5
f 6337/4/5 6316/4/5 6288/4/5
f 6338/4/5 6316/4/5 6337/4/5
f 6339/1/5 6319/1/5 6318/1/5
f 6339/4/5 6316/4/5 6338/4/5
f 6339/1/5 6318/1/5 6317/1/5
f 6339/1/5 6317/1/5 6316/1/5
f 6340/3/5 6320/3/5 6319/3/5
f 6340/1/5 6319/1/5 6339/1/5
f 6340/3/5 6321/3/5 6320/3/5
f 6341/3/5 6321/3/5 6340/3/5
f 6342/4/5 6322/4/5 6321/4/5
f 6342/3/5 6321/3/5 6341/3/5
f 6343/2/5 6324/2/5 6323/2/5
f 6343/4/5 6322/4/5 6342/4/5
f 6343/2/5 6323/2/5 6322/2/5
f 6344/3/5 6325/3/5 6324/3/5
f 6344/2/5 6324/2/5 6343/2/5
f 6345/1/5 6326/1/5 6325/1/5
f 6345/3/5 6325/3/5 6344/3/5
f 6346/3/5 6299/3/5 6326/3/5
f 6346/1/5 6326/1/5 6345/1/5
f 6347/1/5 6327/1/5 6299/1/5
f 6347/2/5 6328/2/5 6327/2/5
f 6348/2/5 6303/2/5 6328/2/5
f 6348/2/5 6328/2/5 6347/2/5
f 6349/2/5 6303/2/5 6348/2/5
f 6350/1/5 6304/1/5 6303/1/5
f 6350/2/5 6303/2/5 6349/2/5
f 6351/4/5 6308/4/5 6277/4/5
f 6351/4/5 6309/4/5 6308/4/5
f 6352/1/5 6280/1/5 6309/1/5
f 6352/4/5 6309/4/5 6351/4/5
f 6353/2/5 6281/2/5 6280/2/5
f 6353/1/5 6280/1/5 6352/1/5
f 6354/3/5 6329/3/5 6281/3/5
f 6354/2/5 6281/2/5 6353/2/5
f 6354/3/5 6330/3/5 6329/3/5
f 6355/2/5 6331/2/5 6330/2/5
f 6355/3/5 6330/3/5 6354/3/5
f 6356/1/5 6332/1/5 6331/1/5
f 6356/2/5 6331/2/5 6355/2/5
f 6357/3/5 6335/3/5 6334/3/5
f 6357/1/5 6332/1/5 6356/1/5
f 6357/3/5 6333/3/5 6332/3/5
f 6357/3/5 6334/3/5 6333/3/5
f 6358/4/5 6336/4/5 6335/4/5
f 6358/3/5 6335/3/5 6357/3/5
f 6359/3/5 6338/3/5 6337/3/5
f 6359/4/5 6336/4/5 6358/4/5
f 6359/3/5 6337/3/5 6336/3/5
f 6360/3/5 6338/3/5 6359/3/5
f 6361/1/5 6339/1/5 6338/1/5
f 6361/3/5 6338/3/5 6360/3/5
f 6362/3/5 6340/3/5 6339/3/5
f 6362/1/5 6339/1/5 6361/1/5
f 6362/3/5 6341/3/5 6340/3/5
f 6363/3/5 6341/3/5 6362/3/5
f 6364/3/5 6341/3/5 6363/3/5
f 6365/2/5 6343/2/5 6342/2/5
f 6365/2/5 6342/2/5 6341/2/5
f 6365/2/5 6344/2/5 6343/2/5
f 6366/4/5 6345/4/5 6344/4/5
f 6366/2/5 6344/2/5 6365/2/5
f 6367/3/5 6346/3/5 6345/3/5
f 6367/4/5 6345/4/5 6366/4/5
f 6368/1/5 6347/1/5 6299/1/5
f 6368/3/5 6346/3/5 6367/3/5
f 6368/3/5 6299/3/5 6346/3/5
f 6368/1/5 6348/1/5 6347/1/5
f 6369/1/5 6348/1/5 6368/1/5
f 6370/2/5 6349/2/5 6348/2/5
f 6370/1/5 6348/1/5 6369/1/5
f 6371/4/5 6350/4/5 6349/4/5
f 6371/2/5 6349/2/5 6370/2/5
f 6372/2/5 6306/2/5 6305/2/5
f 6372/2/5 6305/2/5 6304/2/5
f 6373/4/5 6307/4/5 6306/4/5
f 6373/2/5 6306/2/5 6372/2/5
f 6374/4/5 6351/4/5 6277/4/5
f 6375/1/5 6353/1/5 6352/1/5
f 6375/4/5 6351/4/5 6374/4/5
f 6375/1/5 6352/1/5 6351/1/5
f 6376/4/5 6354/4/5 6353/4/5
f 6376/1/5 6353/1/5 6375/1/5
f 6377/3/5 6358/3/5 6357/3/5
f 6377/4/5 6354/4/5 6376/4/5
f 6377/3/5 6356/3/5 6355/3/5
f 6377/3/5 6355/3/5 6354/3/5
f 6377/3/5 6357/3/5 6356/3/5
f 6377/3/5 6360/3/5 6359/3/5
f 6377/3/5 6359/3/5 6358/3/5
f 6378/1/5 6361/1/5 6360/1/5
f 6378/3/5 6360/3/5 6377/3/5
f 6379/3/5 6362/3/5 6361/3/5
f 6379/1/5 6361/1/5 6378/1/5
f 6380/2/5 6363/2/5 6362/2/5
f 6381/4/5 6364/4/5 6363/4/5
f 6381/2/5 6363/2/5 6380/2/5
f 6382/3/5 6341/3/5 6364/3/5
f 6382/2/5 6365/2/5 6341/2/5
f 6383/2/5 6365/2/5 6382/2/5
f 6384/2/5 6365/2/5 6383/2/5
f 6385/4/5 6366/4/5 6365/4/5
f 6385/2/5 6365/2/5 6384/2/5
f 6386/1/5 6367/1/5 6366/1/5
f 6386/4/5 6366/4/5 6385/4/5
f 6387/3/5 6368/3/5 6367/3/5
f 6387/1/5 6367/1/5 6386/1/5
f 6388/3/5 6368/3/5 6387/3/5
f 6389/2/5 6369/2/5 6368/2/5
f 6389/1/5 6370/1/5 6369/1/5
f 6389/1/5 6371/1/5 6370/1/5
f 6390/1/5 6371/1/5 6389/1/5
f 6391/4/5 6350/4/5 6371/4/5
f 6391/1/5 6371/1/5 6390/1/5
f 6392/1/5 6304/1/5 6350/1/5
f 6392/4/5 6350/4/5 6391/4/5
f 6393/2/5 6372/2/5 6304/2/5
f 6393/1/5 6304/1/5 6392/1/5
f 6394/4/5 6373/4/5 6372/4/5
f 6394/2/5 6372/2/5 6393/2/5
f 6395/4/5 6373/4/5 6394/4/5
f 6396/4/5 6307/4/5 6373/4/5
f 6396/4/5 6373/4/5 6395/4/5
f 6397/4/5 6307/4/5 6396/4/5
f 6398/3/5 6375/3/5 6374/3/5
f 6399/2/5 6376/2/5 6375/2/5
f 6399/3/5 6375/3/5 6398/3/5
f 6399/2/5 6377/2/5 6376/2/5
f 6400/3/5 6378/3/5 6377/3/5
f 6400/2/5 6377/2/5 6399/2/5
f 6401/2/5 6380/2/5 6362/2/5
f 6401/3/5 6362/3/5 6379/3/5
f 6402/4/5 6381/4/5 6380/4/5
f 6402/2/5 6380/2/5 6401/2/5
f 6403/4/5 6364/4/5 6381/4/5
f 6403/4/5 6381/4/5 6402/4/5
f 6404/3/5 6382/3/5 6364/3/5
f 6404/4/5 6364/4/5 6403/4/5
f 6405/4/5 6383/4/5 6382/4/5
f 6405/3/5 6382/3/5 6404/3/5
f 6406/2/5 6384/2/5 6383/2/5
f 6406/4/5 6383/4/5 6405/4/5
f 6407/4/5 6386/4/5 6385/4/5
f 6407/2/5 6384/2/5 6406/2/5
f 6407/4/5 6385/4/5 6384/4/5
f 6408/4/5 6386/4/5 6407/4/5
f 6409/3/5 6387/3/5 6386/3/5
f 6409/4/5 6386/4/5 6408/4/5
f 6410/1/5 6388/1/5 6387/1/5
f 6410/3/5 6387/3/5 6409/3/5
f 6411/3/5 6368/3/5 6388/3/5
f 6411/1/5 6388/1/5 6410/1/5
f 6412/2/5 6389/2/5 6368/2/5
f 6412/3/5 6368/3/5 6411/3/5
f 6413/4/5 6390/4/5 6389/4/5
f 6413/2/5 6389/2/5 6412/2/5
f 6414/1/5 6391/1/5 6390/1/5
f 6414/4/5 6390/4/5 6413/4/5
f 6415/2/5 6392/2/5 6391/2/5
f 6415/1/5 6391/1/5 6414/1/5
f 6416/1/5 6393/1/5 6392/1/5
f 6416/2/5 6392/2/5 6415/2/5
f 6416/1/5 6394/1/5 6393/1/5
f 6417/4/5 6395/4/5 6394/4/5
f 6417/1/5 6394/1/5 6416/1/5
f 6418/2/5 6396/2/5 6395/2/5
f 6418/4/5 6395/4/5 6417/4/5
f 6419/3/5 6397/3/5 6396/3/5
f 6419/2/5 6396/2/5 6418/2/5
f 6420/3/5 6397/3/5 6419/3/5
f 6422/3/5 6400/3/5 6399/3/5
f 6423/3/5 6378/3/5 6400/3/5
f 6423/4/5 6379/4/5 6378/4/5
f 6423/3/5 6400/3/5 6422/3/5
f 6424/3/5 6401/3/5 6379/3/5
f 6424/4/5 6379/4/5 6423/4/5
f 6425/4/5 6402/4/5 6401/4/5
f 6425/3/5 6401/3/5 6424/3/5
f 6425/4/5 6403/4/5 6402/4/5
f 6426/4/5 6403/4/5 6425/4/5
f 6427/1/5 6404/1/5 6403/1/5
f 6427/4/5 6403/4/5 6426/4/5
f 6428/3/5 6406/3/5 6405/3/5
f 6428/3/5 6405/3/5 6404/3/5
f 6428/4/5 6408/4/5 6407/4/5
f 6428/4/5 6407/4/5 6406/4/5
f 6429/4/5 6408/4/5 6428/4/5
f 6430/4/5 6408/4/5 6429/4/5
f 6431/1/5 6409/1/5 6408/1/5
f 6431/4/5 6408/4/5 6430/4/5
f 6432/3/5 6417/3/5 6416/3/5
f 6432/3/5 6415/3/5 6414/3/5
f 6432/3/5 6413/3/5 6412/3/5
f 6432/3/5 6414/3/5 6413/3/5
f 6432/3/5 6419/3/5 6418/3/5
f 6432/3/5 6416/3/5 6415/3/5
f 6432/3/5 6412/3/5 6411/3/5
f 6432/3/5 6418/3/5 6417/3/5
f 6434/2/5 6422/2/5 6421/2/5
f 6435/3/5 6424/3/5 6423/3/5
f 6435/2/5 6422/2/5 6434/2/5
f 6435/3/5 6426/3/5 6425/3/5
f 6435/3/5 6423/3/5 6422/3/5
f 6435/3/5 6425/3/5 6424/3/5
f 6436/1/5 6427/1/5 6426/1/5
f 6436/3/5 6426/3/5 6435/3/5
f 6437/1/5 6404/1/5 6427/1/5
f 6437/1/5 6427/1/5 6436/1/5
f 6437/3/5 6429/3/5 6428/3/5
f 6437/3/5 6428/3/5 6404/3/5
f 6438/3/5 6429/3/5 6437/3/5
f 6439/3/5 6429/3/5 6438/3/5
f 6440/3/5 6429/3/5 6439/3/5
f 6441/4/5 6430/4/5 6429/4/5
f 6441/3/5 6429/3/5 6440/3/5
f 6442/1/5 6431/1/5 6430/1/5
f 6442/4/5 6430/4/5 6441/4/5
f 6443/1/5 6409/1/5 6431/1/5
f 6443/1/5 6431/1/5 6442/1/5
f 6443/3/5 6410/3/5 6409/3/5
f 6444/4/5 6411/4/5 6410/4/5
f 6444/3/5 6410/3/5 6443/3/5
f 6445/2/5 6433/2/5 6432/2/5
f 6445/3/5 6432/3/5 6411/3/5
f 6446/2/5 6433/2/5 6445/2/5
f 6447/1/5 6435/1/5 6434/1/5
f 6448/3/5 6436/3/5 6435/3/5
f 6448/1/5 6435/1/5 6447/1/5
f 6448/3/5 6437/3/5 6436/3/5
f 6449/3/5 6437/3/5 6448/3/5
f 6450/3/5 6437/3/5 6449/3/5
f 6451/3/5 6437/3/5 6450/3/5
f 6452/1/5 6438/1/5 6437/1/5
f 6452/3/5 6437/3/5 6451/3/5
f 6453/2/5 6439/2/5 6438/2/5
f 6453/1/5 6438/1/5 6452/1/5
f 6454/1/5 6440/1/5 6439/1/5
f 6454/2/5 6439/2/5 6453/2/5
f 6455/3/5 6442/3/5 6441/3/5
f 6455/3/5 6441/3/5 6440/3/5
f 6455/3/5 6443/3/5 6442/3/5
f 6456/3/5 6443/3/5 6455/3/5
f 6457/4/5 6444/4/5 6443/4/5
f 6457/3/5 6443/3/5 6456/3/5
f 6458/4/5 6411/4/5 6444/4/5
f 6458/4/5 6444/4/5 6457/4/5
f 6458/3/5 6445/3/5 6411/3/5
f 6459/1/5 6446/1/5 6445/1/5
f 6459/3/5 6445/3/5 6458/3/5
f 6460/1/5 6446/1/5 6459/1/5
f 6461/2/5 6448/2/5 6447/2/5
f 6462/3/5 6449/3/5 6448/3/5
f 6462/2/5 6448/2/5 6461/2/5
f 6463/1/5 6450/1/5 6449/1/5
f 6463/3/5 6449/3/5 6462/3/5
f 6464/3/5 6451/3/5 6450/3/5
f 6464/1/5 6450/1/5 6463/1/5
f 6465/4/5 6452/4/5 6451/4/5
f 6465/3/5 6451/3/5 6464/3/5
f 6466/3/5 6453/3/5 6452/3/5
f 6466/4/5 6452/4/5 6465/4/5
f 6467/1/5 6454/1/5 6453/1/5
f 6467/3/5 6453/3/5 6466/3/5
f 6468/1/5 6440/1/5 6454/1/5
f 6468/1/5 6454/1/5 6467/1/5
f 6468/3/5 6455/3/5 6440/3/5
f 6469/4/5 6456/4/5 6455/4/5
f 6469/3/5 6455/3/5 6468/3/5
f 6470/1/5 6457/1/5 6456/1/5
f 6470/4/5 6456/4/5 6469/4/5
f 6471/3/5 6458/3/5 6457/3/5
f 6471/1/5 6457/1/5 6470/1/5
f 6471/3/5 6459/3/5 6458/3/5
f 6472/2/5 6460/2/5 6459/2/5
f 6472/3/5 6459/3/5 6471/3/5
f 6473/2/5 6460/2/5 6472/2/5
f 6474/1/5 6462/1/5 6461/1/5
f 6475/3/5 6467/3/5 6466/3/5
f 6475/1/5 6462/1/5 6474/1/5
f 6475/3/5 6466/3/5 6465/3/5
f 6475/3/5 6469/3/5 6468/3/5
f 6475/3/5 6472/3/5 6471/3/5
f 6475/3/5 6464/3/5 6463/3/5
f 6475/3/5 6465/3/5 6464/3/5
f 6475/3/5 6471/3/5 6470/3/5
f 6475/3/5 6463/3/5 6462/3/5
f 6475/3/5 6470/3/5 6469/3/5
f 6475/3/5 6468/3/5 6467/3/5
f 6476/1/5 6473/1/5 6472/1/5
f 6476/3/5 6472/3/5 6475/3/5
f 6477/1/5 6473/1/5 6476/1/5
f 6478/3/5 6475/3/5 6474/3/5
f 6478/3/5 6476/3/5 6475/3/5
f 6478/3/5 6477/3/5 6476/3/5
f 6479/3/5 6477/3/5 6478/3/5
f 6480/3/5 6477/3/5 6479/3/5
f 6481/3/5 6477/3/5 6480/3/5
f 6482/2/5 6479/2/5 6478/2/5
f 6483/3/5 6480/3/5 6479/3/5
f 6483/2/5 6479/2/5 6482/2/5
f 6484/2/5 6481/2/5 6480/2/5
f 6484/3/5 6480/3/5 6483/3/5
f 6485/2/5 6481/2/5 6484/2/5
f 6486/4/5 6483/4/5 6482/4/5
f 6487/3/5 6484/3/5 6483/3/5
f 6487/4/5 6483/4/5 6486/4/5
f 6488/4/5 6485/4/5 6484/4/5
f 6488/3/5 6484/3/5 6487/3/5
f 6489/4/5 6485/4/5 6488/4/5
f 6490/2/5 6487/2/5 6486/2/5
f 6491/3/5 6488/3/5 6487/3/5
f 6491/2/5 6487/2/5 6490/2/5
f 6492/2/5 6489/2/5 6488/2/5
f 6492/3/5 6488/3/5 6491/3/5
f 6493/2/5 6489/2/5 6492/2/5
f 6494/4/5 6491/4/5 6490/4/5
f 6495/3/5 6492/3/5 6491/3/5
f 6495/4/5 6491/4/5 6494/4/5
f 6496/4/5 6493/4/5 6492/4/5
f 6496/3/5 6492/3/5 6495/3/5
f 6497/4/5 6493/4/5 6496/4/5
f 6498/3/5 6495/3/5 6494/3/5
f 6498/3/5 6496/3/5 6495/3/5
f 6498/3/5 6497/3/5 6496/3/5
f 6499/3/5 6497/3/5 6498/3/5
f 6500/3/5 6497/3/5 6499/3/5
f 6501/3/5 6497/3/5 6500/3/5
f 6502/2/5 6499/2/5 6498/2/5
f 6503/3/5 6500/3/5 6499/3/5
f 6503/2/5 6499/2/5 6502/2/5
f 6504/2/5 6501/2/5 6500/2/5
f 6504/3/5 6500/3/5 6503/3/5
f 6505/2/5 6501/2/5 6504/2/5
f 6506/4/5 6503/4/5 6502/4/5
f 6507/3/5 6504/3/5 6503/3/5
f 6507/4/5 6503/4/5 6506/4/5
f 6508/4/5 6505/4/5 6504/4/5
f 6508/3/5 6504/3/5 6507/3/5
f 6509/4/5 6505/4/5 6508/4/5
f 6510/3/5 6507/3/5 6506/3/5
f 6510/3/5 6508/3/5 6507/3/5
f 6510/3/5 6509/3/5 6508/3/5
f 6511/3/5 6509/3/5 6510/3/5
f 6512/3/5 6509/3/5 6511/3/5
f 6513/3/5 6509/3/5 6512/3/5
f 6514/1/5 6511/1/5 6510/1/5
f 6515/3/5 6512/3/5 6511/3/5
f 6515/1/5 6511/1/5 6514/1/5
f 6516/1/5 6513/1/5 6512/1/5
f 6516/3/5 6512/3/5 6515/3/5
f 6517/1/5 6513/1/5 6516/1/5
f 6518/2/5 6515/2/5 6514/2/5
f 6519/3/5 6516/3/5 6515/3/5
f 6519/2/5 6515/2/5 6518/2/5
f 6520/2/5 6517/2/5 6516/2/5
f 6520/3/5 6516/3/5 6519/3/5
f 6521/2/5 6517/2/5 6520/2/5
f 6522/4/5 6519/4/5 6518/4/5
f 6523/3/5 6520/3/5 6519/3/5
f 6523/4/5 6519/4/5 6522/4/5
f 6524/4/5 6521/4/5 6520/4/5
f 6524/3/5 6520/3/5 6523/3/5
f 6525/4/5 6521/4/5 6524/4/5
f 6526/3/5 6523/3/5 6522/3/5
f 6526/3/5 6524/3/5 6523/3/5
f 6526/3/5 6525/3/5 6524/3/5
f 6527/3/5 6525/3/5 6526/3/5
f 6528/3/5 6525/3/5 6527/3/5
f 6529/3/5 6525/3/5 6528/3/5
f 6530/1/5 6527/1/5 6526/1/5
f 6531/3/5 6528/3/5 6527/3/5
f 6531/1/5 6527/1/5 6530/1/5
f 6532/1/5 6529/1/5 6528/1/5
f 6532/3/5 6528/3/5 6531/3/5
f 6533/1/5 6529/1/5 6532/1/5
f 6568/1/5 6535/1/5 6534/1/5
f 6569/1/5 6535/1/5 6568/1/5
f 6570/1/5 6535/1/5 6569/1/5
f 6571/4/5 6536/4/5 6535/4/5
f 6571/1/5 6535/1/5 6570/1/5
f 6572/4/5 6536/4/5 6571/4/5
f 6573/1/5 6538/1/5 6537/1/5
f 6574/2/5 6539/2/5 6538/2/5
f 6574/1/5 6538/1/5 6573/1/5
f 6575/3/5 6540/3/5 6539/3/5
f 6575/2/5 6539/2/5 6574/2/5
f 6576/4/5 6541/4/5 6540/4/5
f 6576/3/5 6540/3/5 6575/3/5
f 6577/3/5 6542/3/5 6541/3/5
f 6577/4/5 6541/4/5 6576/4/5
f 6578/1/5 6543/1/5 6542/1/5
f 6578/3/5 6542/3/5 6577/3/5
f 6579/2/5 6544/2/5 6543/2/5
f 6579/1/5 6543/1/5 6578/1/5
f 6580/4/5 6545/4/5 6544/4/5
f 6580/2/5 6544/2/5 6579/2/5
f 6581/1/5 6546/1/5 6545/1/5
f 6581/4/5 6545/4/5 6580/4/5
f 6582/1/5 6546/1/5 6581/1/5
f 6583/4/5 6548/4/5 6547/4/5
f 6584/1/5 6549/1/5 6548/1/5
f 6584/4/5 6548/4/5 6583/4/5
f 6585/2/5 6550/2/5 6549/2/5
f 6585/1/5 6549/1/5 6584/1/5
f 6586/4/5 6551/4/5 6550/4/5
f 6586/2/5 6550/2/5 6585/2/5
f 6587/3/5 6552/3/5 6551/3/5
f 6587/4/5 6551/4/5 6586/4/5
f 6588/4/5 6553/4/5 6552/4/5
f 6588/3/5 6552/3/5 6587/3/5
f 6589/4/5 6553/4/5 6588/4/5
f 6590/3/5 6554/3/5 6553/3/5
f 6590/4/5 6553/4/5 6589/4/5
f 6591/1/5 6555/1/5 6554/1/5
f 6591/3/5 6554/3/5 6590/3/5
f 6592/2/5 6556/2/5 6555/2/5
f 6592/1/5 6555/1/5 6591/1/5
f 6593/2/5 6556/2/5 6592/2/5
f 6594/4/5 6557/4/5 6556/4/5
f 6594/2/5 6556/2/5 6593/2/5
f 6595/4/5 6557/4/5 6594/4/5
f 6596/1/5 6558/1/5 6557/1/5
f 6596/4/5 6557/4/5 6595/4/5
f 6597/2/5 6559/2/5 6558/2/5
f 6597/1/5 6558/1/5 6596/1/5
f 6598/2/5 6559/2/5 6597/2/5
f 6599/2/5 6561/2/5 6560/2/5
f 6600/2/5 6561/2/5 6599/2/5
f 6601/4/5 6562/4/5 6561/4/5
f 6601/2/5 6561/2/5 6600/2/5
f 6602/1/5 6563/1/5 6562/1/5
f 6602/4/5 6562/4/5 6601/4/5
f 6603/2/5 6564/2/5 6563/2/5
f 6603/1/5 6563/1/5 6602/1/5
f 6604/4/5 6565/4/5 6564/4/5
f 6604/2/5 6564/2/5 6603/2/5
f 6605/4/5 6565/4/5 6604/4/5
f 6606/1/5 6566/1/5 6565/1/5
f 6606/4/5 6565/4/5 6605/4/5
f 6607/1/5 6566/1/5 6606/1/5
f 6609/1/5 6568/1/5 6567/1/5
f 6610/1/5 6568/1/5 6609/1/5
f 6611/1/5 6608/1/5 6607/1/5
f 6612/1/5 6608/1/5 6611/1/5
f 6613/2/5 6610/2/5 6609/2/5
f 6614/2/5 6612/2/5 6611/2/5
f 6615/2/5 6613/2/5 6609/2/5
f 6616/2/5 6613/2/5 6615/2/5
f 6617/2/5 6612/2/5 6614/2/5
f 6618/2/5 6612/2/5 6617/2/5
f 6619/4/5 6616/4/5 6615/4/5
f 6620/4/5 6616/4/5 6619/4/5
f 6621/4/5 6618/4/5 6617/4/5
f 6622/4/5 6618/4/5 6621/4/5
f 6623/3/5 6620/3/5 6619/3/5
f 6624/3/5 6620/3/5 6623/3/5
f 6625/3/5 6622/3/5 6621/3/5
f 6626/3/5 6622/3/5 6625/3/5
f 6627/1/5 6624/1/5 6623/1/5
f 6628/1/5 6626/1/5 6625/1/5
f 6629/1/5 6627/1/5 6623/1/5
f 6630/1/5 6627/1/5 6629/1/5
f 6631/1/5 6626/1/5 6628/1/5
f 6632/1/5 6626/1/5 6631/1/5
f 6633/3/5 6630/3/5 6629/3/5
f 6634/3/5 6630/3/5 6633/3/5
f 6635/3/5 6632/3/5 6631/3/5
f 6636/3/5 6632/3/5 6635/3/5
f 6637/2/5 6634/2/5 6633/2/5
f 6638/2/5 6634/2/5 6637/2/5
f 6639/2/5 6636/2/5 6635/2/5
f 6640/2/5 6636/2/5 6639/2/5
f 6641/4/5 6638/4/5 6637/4/5
f 6642/4/5 6638/4/5 6641/4/5
f 6643/4/5 6640/4/5 6639/4/5
f 6644/4/5 6640/4/5 6643/4/5
f 6645/1/5 6642/1/5 6641/1/5
f 6646/1/5 6642/1/5 6645/1/5
f 6647/1/5 6644/1/5 6643/1/5
f 6648/1/5 6644/1/5 6647/1/5
f 6649/2/5 6646/2/5 6645/2/5
f 6650/2/5 6646/2/5 6649/2/5
f 6651/2/5 6648/2/5 6647/2/5
f 6652/2/5 6648/2/5 6651/2/5
f 6653/4/5 6650/4/5 6649/4/5
f 6654/4/5 6650/4/5 6653/4/5
f 6657/4/5 6652/4/5 6651/4/5
f 6658/4/5 6652/4/5 6657/4/5
f 6660/2/5 6655/2/5 6654/2/5
f 6661/2/5 6655/2/5 6660/2/5
f 6662/2/5 6657/2/5 6656/2/5
f 6663/2/5 6657/2/5 6662/2/5
f 6665/1/5 6660/1/5 6659/1/5
f 6666/1/5 6664/1/5 6663/1/5
f 6667/1/5 6665/1/5 6659/1/5
f 6668/1/5 6664/1/5 6666/1/5
f 6669/1/5 6667/1/5 6659/1/5
f 6670/1/5 6667/1/5 6669/1/5
f 6671/1/5 6664/1/5 6668/1/5
f 6672/1/5 6664/1/5 6671/1/5
f 6673/2/5 6670/2/5 6669/2/5
f 6674/2/5 6670/2/5 6673/2/5
f 6675/2/5 6672/2/5 6671/2/5
f 6676/2/5 6672/2/5 6675/2/5
f 6677/4/5 6674/4/5 6673/4/5
f 6678/4/5 6674/4/5 6677/4/5
f 6679/4/5 6676/4/5 6675/4/5
f 6680/4/5 6676/4/5 6679/4/5
f 6681/1/5 6678/1/5 6677/1/5
f 6682/1/5 6680/1/5 6679/1/5
f 6683/1/5 6681/1/5 6677/1/5
f 6684/1/5 6681/1/5 6683/1/5
f 6685/1/5 6680/1/5 6682/1/5
f 6686/1/5 6680/1/5 6685/1/5
f 6687/4/5 6684/4/5 6683/4/5
f 6688/4/5 6684/4/5 6687/4/5
f 6689/4/5 6686/4/5 6685/4/5
f 6690/4/5 6686/4/5 6689/4/5
f 6691/2/5 6688/2/5 6687/2/5
f 6692/2/5 6690/2/5 6689/2/5
f 6693/2/5 6691/2/5 6687/2/5
f 6694/2/5 6691/2/5 6693/2/5
f 6695/2/5 6690/2/5 6692/2/5
f 6696/2/5 6690/2/5 6695/2/5
f 6697/4/5 6694/4/5 6693/4/5
f 6698/4/5 6694/4/5 6697/4/5
f 6699/4/5 6696/4/5 6695/4/5
f 6700/4/5 6696/4/5 6699/4/5
f 6705/4/5 6702/4/5 6701/4/5
f 6706/4/5 6704/4/5 6703/4/5
f 6707/4/5 6705/4/5 6701/4/5
f 6708/4/5 6705/4/5 6707/4/5
f 6709/4/5 6704/4/5 6706/4/5
f 6710/4/5 6704/4/5 6709/4/5
f 6711/1/5 6708/1/5 6707/1/5
f 6712/1/5 6708/1/5 6711/1/5
f 6713/1/5 6710/1/5 6709/1/5
f 6714/1/5 6710/1/5 6713/1/5
f 6715/2/5 6712/2/5 6711/2/5
f 6716/2/5 6714/2/5 6713/2/5
f 6717/2/5 6715/2/5 6711/2/5
f 6718/2/5 6715/2/5 6717/2/5
f 6719/2/5 6714/2/5 6716/2/5
f 6720/2/5 6714/2/5 6719/2/5
f 6721/4/5 6718/4/5 6717/4/5
f 6722/4/5 6718/4/5 6721/4/5
f 6723/4/5 6720/4/5 6719/4/5
f 6724/4/5 6720/4/5 6723/4/5
f 6725/3/5 6722/3/5 6721/3/5
f 6726/3/5 6722/3/5 6725/3/5
f 6727/3/5 6724/3/5 6723/3/5
f 6728/3/5 6724/3/5 6727/3/5
f 6729/2/5 6726/2/5 6725/2/5
f 6730/2/5 6726/2/5 6729/2/5
f 6731/2/5 6728/2/5 6727/2/5
f 6732/2/5 6728/2/5 6731/2/5
f 6733/4/5 6730/4/5 6729/4/5
f 6734/4/5 6730/4/5 6733/4/5
f 6735/4/5 6732/4/5 6731/4/5
f 6736/4/5 6732/4/5 6735/4/5
f 6737/1/5 6734/1/5 6733/1/5
f 6738/1/5 6734/1/5 6737/1/5
f 6739/1/5 6736/1/5 6735/1/5
f 6740/1/5 6736/1/5 6739/1/5
f 6741/4/5 6738/4/5 6737/4/5
f 6742/4/5 6738/4/5 6741/4/5
f 6743/4/5 6740/4/5 6739/4/5
f 6744/4/5 6740/4/5 6743/4/5
f 6753/2/5 6746/2/5 6745/2/5
f 6754/2/5 6746/2/5 6753/2/5
f 6755/2/5 6748/2/5 6747/2/5
f 6756/2/5 6748/2/5 6755/2/5
f 6757/3/5 6750/3/5 6749/3/5
f 6758/3/5 6750/3/5 6757/3/5
f 6761/4/5 6752/4/5 6751/4/5
f 6762/4/5 6752/4/5 6761/4/5
f 6763/4/5 6760/4/5 6759/4/5
f 6764/4/5 6760/4/5 6763/4/5
f 6765/1/5 6762/1/5 6761/1/5
f 6766/1/5 6762/1/5 6765/1/5
f 6767/1/5 6764/1/5 6763/1/5
f 6768/1/5 6764/1/5 6767/1/5
f 6769/3/5 6766/3/5 6765/3/5
f 6770/3/5 6766/3/5 6769/3/5
f 6771/3/5 6768/3/5 6767/3/5
f 6772/3/5 6768/3/5 6771/3/5
f 6773/2/5 6770/2/5 6769/2/5
f 6774/2/5 6770/2/5 6773/2/5
f 6775/2/5 6772/2/5 6771/2/5
f 6776/2/5 6772/2/5 6775/2/5
f 6777/4/5 6774/4/5 6773/4/5
f 6778/4/5 6774/4/5 6777/4/5
f 6779/4/5 6776/4/5 6775/4/5
f 6780/4/5 6776/4/5 6779/4/5
f 6781/1/5 6778/1/5 6777/1/5
f 6782/1/5 6778/1/5 6781/1/5
f 6783/1/5 6780/1/5 6779/1/5
f 6784/1/5 6780/1/5 6783/1/5
f 6785/2/5 6782/2/5 6781/2/5
f 6786/2/5 6784/2/5 6783/2/5
f 6787/2/5 6785/2/5 6781/2/5
f 6788/2/5 6785/2/5 6787/2/5
f 6789/2/5 6784/2/5 6786/2/5
f 6790/2/5 6784/2/5 6789/2/5
f 6791/4/5 6788/4/5 6787/4/5
f 6792/4/5 6788/4/5 6791/4/5
f 6793/4/5 6790/4/5 6789/4/5
f 6794/4/5 6790/4/5 6793/4/5
f 6795/3/5 6792/3/5 6791/3/5
f 6796/3/5 6792/3/5 6795/3/5
f 6797/3/5 6794/3/5 6793/3/5
f 6798/3/5 6794/3/5 6797/3/5
f 6799/2/5 6796/2/5 6795/2/5
f 6800/2/5 6798/2/5 6797/2/5
f 6801/2/5 6799/2/5 6795/2/5
f 6802/2/5 6799/2/5 6801/2/5
f 6803/2/5 6798/2/5 6800/2/5
f 6804/2/5 6798/2/5 6803/2/5
f 6805/4/5 6802/4/5 6801/4/5
f 6806/4/5 6802/4/5 6805/4/5
f 6807/4/5 6804/4/5 6803/4/5
f 6808/4/5 6804/4/5 6807/4/5
f 6809/1/5 6806/1/5 6805/1/5
f 6810/1/5 6806/1/5 6809/1/5
f 6811/1/5 6808/1/5 6807/1/5
f 6812/1/5 6808/1/5 6811/1/5
f 6813/4/5 6810/4/5 6809/4/5
f 6814/4/5 6810/4/5 6813/4/5
f 6815/4/5 6812/4/5 6811/4/5
f 6816/4/5 6812/4/5 6815/4/5
f 6821/4/5 6818/4/5 6817/4/5
f 6822/4/5 6818/4/5 6821/4/5
f 6823/4/5 6820/4/5 6819/4/5
f 6824/4/5 6820/4/5 6823/4/5
f 6825/1/5 6822/1/5 6821/1/5
f 6826/1/5 6822/1/5 6825/1/5
f 6827/1/5 6824/1/5 6823/1/5
f 6828/1/5 6824/1/5 6827/1/5
f 6829/2/5 6826/2/5 6825/2/5
f 6830/2/5 6826/2/5 6829/2/5
f 6831/2/5 6828/2/5 6827/2/5
f 6832/2/5 6828/2/5 6831/2/5
f 6833/4/5 6830/4/5 6829/4/5
f 6834/4/5 6830/4/5 6833/4/5
f 6835/4/5 6832/4/5 6831/4/5
f 6836/4/5 6832/4/5 6835/4/5
f 6837/2/5 6834/2/5 6833/2/5
f 6838/2/5 6834/2/5 6837/2/5
f 6839/2/5 6836/2/5 6835/2/5
f 6840/2/5 6836/2/5 6839/2/5
f 6841/4/5 6838/4/5 6837/4/5
f 6842/4/5 6838/4/5 6841/4/5
f 6843/4/5 6840/4/5 6839/4/5
f 6844/4/5 6840/4/5 6843/4/5
f 6845/1/5 6842/1/5 6841/1/5
f 6846/1/5 6842/1/5 6845/1/5
f 6847/1/5 6844/1/5 6843/1/5
f 6848/1/5 6844/1/5 6847/1/5
f 6853/1/5 6850/1/5 6849/1/5
f 6854/1/5 6852/1/5 6851/1/5
f 6855/1/5 6853/1/5 6849/1/5
f 6856/1/5 6853/1/5 6855/1/5
f 6857/1/5 6852/1/5 6854/1/5
f 6858/1/5 6852/1/5 6857/1/5
f 6859/2/5 6856/2/5 6855/2/5
f 6860/2/5 6856/2/5 6859/2/5
f 6861/2/5 6858/2/5 6857/2/5
f 6862/2/5 6858/2/5 6861/2/5
f 6863/4/5 6860/4/5 6859/4/5
f 6864/4/5 6860/4/5 6863/4/5
f 6865/4/5 6862/4/5 6861/4/5
f 6866/4/5 6862/4/5 6865/4/5
f 6867/1/5 6864/1/5 6863/1/5
f 6868/1/5 6866/1/5 6865/1/5
f 6869/1/5 6867/1/5 6863/1/5
f 6870/1/5 6867/1/5 6869/1/5
f 6871/1/5 6866/1/5 6868/1/5
f 6872/1/5 6866/1/5 6871/1/5
f 6873/2/5 6870/2/5 6869/2/5
f 6874/2/5 6872/2/5 6871/2/5
f 6875/2/5 6873/2/5 6869/2/5
f 6876/2/5 6873/2/5 6875/2/5
f 6877/2/5 6872/2/5 6874/2/5
f 6878/2/5 6872/2/5 6877/2/5
f 6887/1/5 6880/1/5 6879/1/5
f 6888/1/5 6880/1/5 6887/1/5
f 6889/1/5 6882/1/5 6881/1/5
f 6890/1/5 6882/1/5 6889/1/5
f 6891/1/5 6884/1/5 6883/1/5
f 6892/1/5 6884/1/5 6891/1/5
f 6895/2/5 6886/2/5 6885/2/5
f 6896/2/5 6886/2/5 6895/2/5
f 6897/2/5 6894/2/5 6893/2/5
f 6898/2/5 6894/2/5 6897/2/5
f 6899/4/5 6896/4/5 6895/4/5
f 6900/4/5 6896/4/5 6899/4/5
f 6901/4/5 6898/4/5 6897/4/5
f 6902/4/5 6898/4/5 6901/4/5
f 6903/1/5 6900/1/5 6899/1/5
f 6904/1/5 6900/1/5 6903/1/5
f 6905/1/5 6902/1/5 6901/1/5
f 6906/1/5 6902/1/5 6905/1/5
f 6907/2/5 6904/2/5 6903/2/5
f 6908/2/5 6904/2/5 6907/2/5
f 6909/2/5 6906/2/5 6905/2/5
f 6910/2/5 6906/2/5 6909/2/5
f 6911/4/5 6908/4/5 6907/4/5
f 6912/4/5 6908/4/5 6911/4/5
f 6913/4/5 6910/4/5 6909/4/5
f 6914/4/5 6910/4/5 6913/4/5
f 6915/3/5 6912/3/5 6911/3/5
f 6916/3/5 6912/3/5 6915/3/5
f 6917/3/5 6914/3/5 6913/3/5
f 6918/3/5 6914/3/5 6917/3/5
f 6919/2/5 6916/2/5 6915/2/5
f 6920/2/5 6916/2/5 6919/2/5
f 6921/2/5 6918/2/5 6917/2/5
f 6922/2/5 6918/2/5 6921/2/5
f 6923/4/5 6920/4/5 6919/4/5
f 6924/4/5 6922/4/5 6921/4/5
f 6925/4/5 6923/4/5 6919/4/5
f 6926/4/5 6923/4/5 6925/4/5
f 6927/4/5 6922/4/5 6924/4/5
f 6928/4/5 6922/4/5 6927/4/5
f 6929/1/5 6926/1/5 6925/1/5
f 6930/1/5 6926/1/5 6929/1/5
f 6931/1/5 6928/1/5 6927/1/5
f 6932/1/5 6928/1/5 6931/1/5
f 6933/2/5 6930/2/5 6929/2/5
f 6934/2/5 6930/2/5 6933/2/5
f 6935/2/5 6932/2/5 6931/2/5
f 6936/2/5 6932/2/5 6935/2/5
f 6937/4/5 6934/4/5 6933/4/5
f 6938/4/5 6936/4/5 6935/4/5
f 6939/4/5 6937/4/5 6933/4/5
f 6940/4/5 6937/4/5 6939/4/5
f 6941/4/5 6936/4/5 6938/4/5
f 6942/4/5 6936/4/5 6941/4/5
f 6943/1/5 6940/1/5 6939/1/5
f 6944/1/5 6940/1/5 6943/1/5
f 6945/1/5 6942/1/5 6941/1/5
f 6946/1/5 6942/1/5 6945/1/5
f 6947/4/5 6944/4/5 6943/4/5
f 6948/4/5 6944/4/5 6947/4/5
f 6949/4/5 6946/4/5 6945/4/5
f 6950/4/5 6946/4/5 6949/4/5
f 6955/1/5 6952/1/5 6951/1/5
f 6956/1/5 6954/1/5 6953/1/5
f 6957/1/5 6955/1/5 6951/1/5
f 6958/1/5 6954/1/5 6956/1/5
f 6959/1/5 6957/1/5 6951/1/5
f 6960/1/5 6957/1/5 6959/1/5
f 6961/1/5 6954/1/5 6958/1/5
f 6962/1/5 6954/1/5 6961/1/5
f 6963/2/5 6960/2/5 6959/2/5
f 6964/2/5 6962/2/5 6961/2/5
f 6965/2/5 6963/2/5 6959/2/5
f 6966/2/5 6963/2/5 6965/2/5
f 6967/2/5 6962/2/5 6964/2/5
f 6968/2/5 6962/2/5 6967/2/5
f 6969/4/5 6966/4/5 6965/4/5
f 6970/4/5 6966/4/5 6969/4/5
f 6971/4/5 6968/4/5 6967/4/5
f 6972/4/5 6968/4/5 6971/4/5
f 6973/1/5 6970/1/5 6969/1/5
f 6974/1/5 6970/1/5 6973/1/5
f 6975/1/5 6972/1/5 6971/1/5
f 6976/1/5 6972/1/5 6975/1/5
f 6977/4/5 6974/4/5 6973/4/5
f 6978/4/5 6974/4/5 6977/4/5
f 6979/4/5 6976/4/5 6975/4/5
f 6980/4/5 6976/4/5 6979/4/5
f 6981/2/5 6978/2/5 6977/2/5
f 6982/2/5 6978/2/5 6981/2/5
f 6983/2/5 6980/2/5 6979/2/5
f 6984/2/5 6980/2/5 6983/2/5
f 6993/2/5 6986/2/5 6985/2/5
f 6994/2/5 6986/2/5 6993/2/5
f 6995/4/5 6988/4/5 6987/4/5
f 6996/4/5 6988/4/5 6995/4/5
f 6997/4/5 6990/4/5 6989/4/5
f 6998/4/5 6990/4/5 6997/4/5
f 7001/2/5 6992/2/5 6991/2/5
f 7002/2/5 6992/2/5 7001/2/5
f 7003/2/5 7000/2/5 6999/2/5
f 7004/2/5 7000/2/5 7003/2/5
f 7005/4/5 7002/4/5 7001/4/5
f 7006/4/5 7002/4/5 7005/4/5
f 7007/4/5 7004/4/5 7003/4/5
f 7008/4/5 7004/4/5 7007/4/5
f 7009/3/5 7006/3/5 7005/3/5
f 7010/3/5 7006/3/5 7009/3/5
f 7011/3/5 7008/3/5 7007/3/5
f 7012/3/5 7008/3/5 7011/3/5
f 7013/1/5 7010/1/5 7009/1/5
f 7014/1/5 7010/1/5 7013/1/5
f 7015/1/5 7012/1/5 7011/1/5
f 7016/1/5 7012/1/5 7015/1/5
f 7017/2/5 7014/2/5 7013/2/5
f 7018/2/5 7016/2/5 7015/2/5
f 7019/2/5 7017/2/5 7013/2/5
f 7020/2/5 7017/2/5 7019/2/5
f 7021/2/5 7016/2/5 7018/2/5
f 7022/2/5 7016/2/5 7021/2/5
f 7023/4/5 7020/4/5 7019/4/5
f 7024/4/5 7020/4/5 7023/4/5
f 7025/4/5 7022/4/5 7021/4/5
f 7026/4/5 7022/4/5 7025/4/5
f 7027/1/5 7024/1/5 7023/1/5
f 7028/1/5 7024/1/5 7027/1/5
f 7029/1/5 7026/1/5 7025/1/5
f 7030/1/5 7026/1/5 7029/1/5
f 7031/4/5 7028/4/5 7027/4/5
f 7032/4/5 7028/4/5 7031/4/5
f 7033/4/5 7030/4/5 7029/4/5
f 7034/4/5 7030/4/5 7033/4/5
f 7035/2/5 7032/2/5 7031/2/5
f 7036/2/5 7032/2/5 7035/2/5
f 7037/2/5 7034/2/5 7033/2/5
f 7038/2/5 7034/2/5 7037/2/5
f 7039/4/5 7036/4/5 7035/4/5
f 7040/4/5 7036/4/5 7039/4/5
f 7041/4/5 7038/4/5 7037/4/5
f 7042/4/5 7038/4/5 7041/4/5
f 7043/1/5 7040/1/5 7039/1/5
f 7044/1/5 7042/1/5 7041/1/5
f 7045/1/5 7043/1/5 7039/1/5
f 7046/1/5 7043/1/5 7045/1/5
f 7047/1/5 7042/1/5 7044/1/5
f 7048/1/5 7042/1/5 7047/1/5
f 7049/2/5 7046/2/5 7045/2/5
f 7050/2/5 7046/2/5 7049/2/5
f 7051/2/5 7048/2/5 7047/2/5
f 7052/2/5 7048/2/5 7051/2/5
f 7053/4/5 7050/4/5 7049/4/5
f 7054/4/5 7050/4/5 7053/4/5
f 7055/4/5 7052/4/5 7051/4/5
f 7056/4/5 7052/4/5 7055/4/5
f 7061/4/5 7058/4/5 7057/4/5
f 7062/4/5 7058/4/5 7061/4/5
f 7063/4/5 7060/4/5 7059/4/5
f 7064/4/5 7060/4/5 7063/4/5
f 7065/1/5 7062/1/5 7061/1/5
f 7066/1/5 7062/1/5 7065/1/5
f 7067/1/5 7064/1/5 7063/1/5
f 7068/1/5 7064/1/5 7067/1/5
f 7069/2/5 7066/2/5 7065/2/5
f 7070/2/5 7066/2/5 7069/2/5
f 7071/2/5 7068/2/5 7067/2/5
f 7072/2/5 7068/2/5 7071/2/5
f 7081/2/5 7074/2/5 7073/2/5
f 7082/2/5 7074/2/5 7081/2/5
f 7083/2/5 7076/2/5 7075/2/5
f 7084/2/5 7076/2/5 7083/2/5
f 7085/2/5 7078/2/5 7077/2/5
f 7086/2/5 7078/2/5 7085/2/5
f 7089/3/5 7080/3/5 7079/3/5
f 7090/3/5 7080/3/5 7089/3/5
f 7091/3/5 7088/3/5 7087/3/5
f 7092/3/5 7088/3/5 7091/3/5
f 7093/2/5 7090/2/5 7089/2/5
f 7094/2/5 7092/2/5 7091/2/5
f 7095/2/5 7093/2/5 7089/2/5
f 7096/2/5 7093/2/5 7095/2/5
f 7097/2/5 7092/2/5 7094/2/5
f 7098/2/5 7092/2/5 7097/2/5
f 7099/4/5 7096/4/5 7095/4/5
f 7100/4/5 7096/4/5 7099/4/5
f 7101/4/5 7098/4/5 7097/4/5
f 7102/4/5 7098/4/5 7101/4/5
f 7103/1/5 7100/1/5 7099/1/5
f 7104/1/5 7102/1/5 7101/1/5
f 7105/1/5 7103/1/5 7099/1/5
f 7106/1/5 7103/1/5 7105/1/5
f 7107/1/5 7102/1/5 7104/1/5
f 7108/1/5 7102/1/5 7107/1/5
f 7109/3/5 7106/3/5 7105/3/5
f 7110/3/5 7106/3/5 7109/3/5
f 7111/3/5 7108/3/5 7107/3/5
f 7112/3/5 7108/3/5 7111/3/5
f 7113/2/5 7110/2/5 7109/2/5
f 7114/2/5 7110/2/5 7113/2/5
f 7115/2/5 7112/2/5 7111/2/5
f 7116/2/5 7112/2/5 7115/2/5
f 7117/4/5 7114/4/5 7113/4/5
f 7118/4/5 7114/4/5 7117/4/5
f 7119/4/5 7116/4/5 7115/4/5
f 7120/4/5 7116/4/5 7119/4/5
f 7125/1/5 7122/1/5 7121/1/5
f 7126/1/5 7124/1/5 7123/1/5
f 7127/1/5 7125/1/5 7121/1/5
f 7128/1/5 7124/1/5 7126/1/5
f 7129/1/5 7127/1/5 7121/1/5
f 7130/1/5 7127/1/5 7129/1/5
f 7131/1/5 7124/1/5 7128/1/5
f 7132/1/5 7124/1/5 7131/1/5
f 7133/2/5 7130/2/5 7129/2/5
f 7134/2/5 7132/2/5 7131/2/5
f 7135/2/5 7133/2/5 7129/2/5
f 7136/2/5 7133/2/5 7135/2/5
f 7137/2/5 7132/2/5 7134/2/5
f 7138/2/5 7132/2/5 7137/2/5
f 7139/4/5 7136/4/5 7135/4/5
f 7140/4/5 7136/4/5 7139/4/5
f 7141/4/5 7138/4/5 7137/4/5
f 7142/4/5 7138/4/5 7141/4/5
f 7143/1/5 7140/1/5 7139/1/5
f 7144/1/5 7140/1/5 7143/1/5
f 7145/1/5 7142/1/5 7141/1/5
f 7146/1/5 7142/1/5 7145/1/5
f 7147/4/5 7144/4/5 7143/4/5
f 7148/4/5 7144/4/5 7147/4/5
f 7149/4/5 7146/4/5 7145/4/5
f 7150/4/5 7146/4/5 7149/4/5
f 7157/2/5 7152/2/5 7151/2/5
f 7158/2/5 7152/2/5 7157/2/5
f 7159/1/5 7154/1/5 7153/1/5
f 7160/1/5 7154/1/5 7159/1/5
f 7163/4/5 7156/4/5 7155/4/5
f 7164/4/5 7162/4/5 7161/4/5
f 7165/4/5 7163/4/5 7155/4/5
f 7166/4/5 7163/4/5 7165/4/5
f 7167/4/5 7162/4/5 7164/4/5
f 7168/4/5 7162/4/5 7167/4/5
f 7169/1/5 7166/1/5 7165/1/5
f 7170/1/5 7166/1/5 7169/1/5
f 7171/1/5 7168/1/5 7167/1/5
f 7172/1/5 7168/1/5 7171/1/5
f 7173/2/5 7170/2/5 7169/2/5
f 7174/2/5 7172/2/5 7171/2/5
f 7175/2/5 7173/2/5 7169/2/5
f 7176/2/5 7173/2/5 7175/2/5
f 7177/2/5 7172/2/5 7174/2/5
f 7178/2/5 7172/2/5 7177/2/5
f 7179/4/5 7176/4/5 7175/4/5
f 7180/4/5 7176/4/5 7179/4/5
f 7181/4/5 7178/4/5 7177/4/5
f 7182/4/5 7178/4/5 7181/4/5
f 7183/3/5 7180/3/5 7179/3/5
f 7184/3/5 7180/3/5 7183/3/5
f 7185/3/5 7182/3/5 7181/3/5
f 7186/3/5 7182/3/5 7185/3/5
f 7187/2/5 7184/2/5 7183/2/5
f 7188/2/5 7184/2/5 7187/2/5
f 7189/2/5 7186/2/5 7185/2/5
f 7190/2/5 7186/2/5 7189/2/5
f 7191/4/5 7188/4/5 7187/4/5
f 7192/4/5 7188/4/5 7191/4/5
f 7193/4/5 7190/4/5 7189/4/5
f 7194/4/5 7190/4/5 7193/4/5
f 7195/1/5 7192/1/5 7191/1/5
f 7196/1/5 7192/1/5 7195/1/5
f 7197/1/5 7194/1/5 7193/1/5
f 7198/1/5 7194/1/5 7197/1/5
f 7199/4/5 7196/4/5 7195/4/5
f 7200/4/5 7196/4/5 7199/4/5
f 7201/4/5 7198/4/5 7197/4/5
f 7202/4/5 7198/4/5 7201/4/5
f 7207/4/5 7204/4/5 7203/4/5
f 7208/4/5 7204/4/5 7207/4/5
f 7209/4/5 7206/4/5 7205/4/5
f 7210/4/5 7206/4/5 7209/4/5
f 7219/2/5 7212/2/5 7211/2/5
f 7220/2/5 7212/2/5 7219/2/5
f 7221/1/5 7214/1/5 7213/1/5
f 7222/1/5 7214/1/5 7221/1/5
f 7223/3/5 7216/3/5 7215/3/5
f 7224/3/5 7216/3/5 7223/3/5
f 7227/4/5 7218/4/5 7217/4/5
f 7228/4/5 7218/4/5 7227/4/5
f 7229/4/5 7226/4/5 7225/4/5
f 7230/4/5 7226/4/5 7229/4/5
f 7231/3/5 7228/3/5 7227/3/5
f 7232/3/5 7230/3/5 7229/3/5
f 7233/3/5 7231/3/5 7227/3/5
f 7234/3/5 7231/3/5 7233/3/5
f 7235/3/5 7230/3/5 7232/3/5
f 7236/3/5 7230/3/5 7235/3/5
f 7237/4/5 7234/4/5 7233/4/5
f 7238/4/5 7236/4/5 7235/4/5
f 7239/4/5 7237/4/5 7233/4/5
f 7240/4/5 7236/4/5 7238/4/5
f 7241/4/5 7239/4/5 7233/4/5
f 7242/4/5 7239/4/5 7241/4/5
f 7243/4/5 7236/4/5 7240/4/5
f 7244/4/5 7236/4/5 7243/4/5
f 7245/3/5 7242/3/5 7241/3/5
f 7246/3/5 7242/3/5 7245/3/5
f 7247/3/5 7244/3/5 7243/3/5
f 7248/3/5 7244/3/5 7247/3/5
f 7249/1/5 7246/1/5 7245/1/5
f 7250/1/5 7246/1/5 7249/1/5
f 7251/1/5 7248/1/5 7247/1/5
f 7252/1/5 7248/1/5 7251/1/5
f 7253/3/5 7250/3/5 7249/3/5
f 7254/3/5 7252/3/5 7251/3/5
f 7255/3/5 7253/3/5 7249/3/5
f 7256/3/5 7253/3/5 7255/3/5
f 7257/3/5 7252/3/5 7254/3/5
f 7258/3/5 7252/3/5 7257/3/5
f 7267/3/5 7260/3/5 7259/3/5
f 7268/3/5 7260/3/5 7267/3/5
f 7269/2/5 7262/2/5 7261/2/5
f 7270/2/5 7262/2/5 7269/2/5
f 7271/2/5 7264/2/5 7263/2/5
f 7272/2/5 7264/2/5 7271/2/5
f 7275/1/5 7266/1/5 7265/1/5
f 7276/1/5 7274/1/5 7273/1/5
f 7277/1/5 7275/1/5 7265/1/5
f 7278/1/5 7275/1/5 7277/1/5
f 7279/1/5 7274/1/5 7276/1/5
f 7280/1/5 7274/1/5 7279/1/5
f 7281/3/5 7278/3/5 7277/3/5
f 7282/3/5 7278/3/5 7281/3/5
f 7283/3/5 7280/3/5 7279/3/5
f 7284/3/5 7280/3/5 7283/3/5
f 7285/1/5 7282/1/5 7281/1/5
f 7286/1/5 7282/1/5 7285/1/5
f 7287/1/5 7284/1/5 7283/1/5
f 7288/1/5 7284/1/5 7287/1/5
f 7289/4/5 7286/4/5 7285/4/5
f 7290/4/5 7286/4/5 7289/4/5
f 7291/4/5 7288/4/5 7287/4/5
f 7292/4/5 7288/4/5 7291/4/5
f 7293/4/6 7294/4/6 7325/4/6
f 7325/4/6 7294/4/6 7326/4/6
f 7294/1/6 7295/1/6 7327/1/6
f 7326/4/6 7294/4/6 7327/4/6
f 7295/2/6 7296/2/6 7328/2/6
f 7327/1/6 7295/1/6 7328/1/6
f 7328/2/6 7296/2/6 7329/2/6
f 7297/2/6 7298/2/6 7330/2/6
f 7298/4/6 7299/4/6 7331/4/6
f 7330/2/6 7298/2/6 7331/2/6
f 7299/1/6 7300/1/6 7332/1/6
f 7331/4/6 7299/4/6 7332/4/6
f 7300/2/6 7301/2/6 7333/2/6
f 7332/1/6 7300/1/6 7333/1/6
f 7301/4/6 7302/4/6 7334/4/6
f 7333/2/6 7301/2/6 7334/2/6
f 7334/4/6 7302/4/6 7335/4/6
f 7302/2/6 7303/2/6 7336/2/6
f 7335/4/6 7302/4/6 7336/4/6
f 7303/1/6 7304/1/6 7337/1/6
f 7336/2/6 7303/2/6 7337/2/6
f 7337/1/6 7304/1/6 7338/1/6
f 7305/2/6 7306/2/6 7339/2/6
f 7339/2/6 7306/2/6 7340/2/6
f 7306/4/6 7307/4/6 7341/4/6
f 7340/2/6 7306/2/6 7341/2/6
f 7307/1/6 7308/1/6 7342/1/6
f 7341/4/6 7307/4/6 7342/4/6
f 7308/2/6 7309/2/6 7343/2/6
f 7342/1/6 7308/1/6 7343/1/6
f 7309/4/6 7310/4/6 7344/4/6
f 7343/2/6 7309/2/6 7344/2/6
f 7344/4/6 7310/4/6 7345/4/6
f 7345/4/6 7310/4/6 7346/4/6
f 7310/1/6 7311/1/6 7347/1/6
f 7346/4/6 7310/4/6 7347/4/6
f 7311/2/6 7312/2/6 7348/2/6
f 7347/1/6 7311/1/6 7348/1/6
f 7312/1/6 7313/1/6 7349/1/6
f 7348/2/6 7312/2/6 7349/2/6
f 7349/1/6 7313/1/6 7350/1/6
f 7350/1/6 7313/1/6 7351/1/6
f 7313/4/6 7314/4/6 7352/4/6
f 7351/1/6 7313/1/6 7352/1/6
f 7352/4/6 7314/4/6 7353/4/6
f 7315/4/6 7316/4/6 7354/4/6
f 7316/1/6 7317/1/6 7355/1/6
f 7354/4/6 7316/4/6 7355/4/6
f 7317/2/6 7318/2/6 7356/2/6
f 7355/1/6 7317/1/6 7356/1/6
f 7318/4/6 7319/4/6 7357/4/6
f 7356/2/6 7318/2/6 7357/2/6
f 7319/3/6 7320/3/6 7358/3/6
f 7357/4/6 7319/4/6 7358/4/6
f 7320/4/6 7321/4/6 7359/4/6
f 7358/3/6 7320/3/6 7359/3/6
f 7359/4/6 7321/4/6 7360/4/6
f 7321/3/6 7322/3/6 7361/3/6
f 7360/4/6 7321/4/6 7361/4/6
f 7322/4/6 7323/4/6 7362/4/6
f 7361/3/6 7322/3/6 7362/3/6
f 7362/4/6 7323/4/6 7363/4/6
f 7324/1/6 7325/1/6 7365/1/6
f 7365/1/6 7325/1/6 7366/1/6
f 7329/4/6 7330/4/6 7367/4/6
f 7338/3/6 7339/3/6 7368/3/6
f 7368/3/6 7339/3/6 7369/3/6
f 7353/4/6 7354/4/6 7370/4/6
f 7370/4/6 7354/4/6 7371/4/6
f 7363/1/6 7364/1/6 7372/1/6
f 7372/1/6 7364/1/6 7373/1/6
f 7367/4/6 7330/4/6 7374/4/6
f 7374/4/6 7330/4/6 7375/4/6
f 7368/4/6 7369/4/6 7376/4/6
f 7365/2/6 7366/2/6 7377/2/6
f 7377/2/6 7366/2/6 7378/2/6
f 7368/4/6 7376/4/6 7379/4/6
f 7379/4/6 7376/4/6 7380/4/6
f 7370/2/6 7371/2/6 7381/2/6
f 7381/2/6 7371/2/6 7382/2/6
f 7372/2/6 7373/2/6 7383/2/6
f 7383/2/6 7373/2/6 7384/2/6
f 7377/4/6 7378/4/6 7385/4/6
f 7385/4/6 7378/4/6 7386/4/6
f 7374/2/6 7375/2/6 7387/2/6
f 7381/4/6 7382/4/6 7388/4/6
f 7388/4/6 7382/4/6 7389/4/6
f 7383/4/6 7384/4/6 7390/4/6
f 7390/4/6 7384/4/6 7391/4/6
f 7385/1/6 7386/1/6 7392/1/6
f 7387/2/6 7375/2/6 7393/2/6
f 7393/2/6 7375/2/6 7394/2/6
f 7379/2/6 7380/2/6 7395/2/6
f 7395/2/6 7380/2/6 7396/2/6
f 7388/1/6 7389/1/6 7397/1/6
f 7397/1/6 7389/1/6 7398/1/6
f 7390/1/6 7391/1/6 7399/1/6
f 7385/1/6 7392/1/6 7400/1/6
f 7399/1/6 7391/1/6 7401/1/6
f 7385/1/6 7400/1/6 7402/1/6
f 7402/1/6 7400/1/6 7403/1/6
f 7401/1/6 7391/1/6 7404/1/6
f 7404/1/6 7391/1/6 7405/1/6
f 7402/2/6 7403/2/6 7406/2/6
f 7406/2/6 7403/2/6 7407/2/6
f 7404/2/6 7405/2/6 7408/2/6
f 7408/2/6 7405/2/6 7409/2/6
f 7406/4/6 7407/4/6 7410/4/6
f 7410/4/6 7407/4/6 7411/4/6
f 7408/4/6 7409/4/6 7412/4/6
f 7412/4/6 7409/4/6 7413/4/6
f 7410/1/6 7411/1/6 7414/1/6
f 7414/1/6 7411/1/6 7415/1/6
f 7412/1/6 7413/1/6 7416/1/6
f 7416/1/6 7413/1/6 7417/1/6
f 7414/2/6 7415/2/6 7418/2/6
f 7418/2/6 7415/2/6 7419/2/6
f 7416/2/6 7417/2/6 7420/2/6
f 7420/2/6 7417/2/6 7421/2/6
f 7418/4/6 7419/4/6 7422/4/6
f 7422/4/6 7419/4/6 7423/4/6
f 7420/4/6 7421/4/6 7424/4/6
f 7424/4/6 7421/4/6 7425/4/6
f 7422/1/6 7423/1/6 7426/1/6
f 7426/1/6 7423/1/6 7427/1/6
f 7424/1/6 7425/1/6 7428/1/6
f 7428/1/6 7425/1/6 7429/1/6
f 7430/4/6 7431/4/6 7434/4/6
f 7432/4/6 7433/4/6 7435/4/6
f 7430/4/6 7434/4/6 7436/4/6
f 7436/4/6 7434/4/6 7437/4/6
f 7435/4/6 7433/4/6 7438/4/6
f 7438/4/6 7433/4/6 7439/4/6
f 7436/1/6 7437/1/6 7440/1/6
f 7440/1/6 7437/1/6 7441/1/6
f 7438/1/6 7439/1/6 7442/1/6
f 7442/1/6 7439/1/6 7443/1/6
f 7440/2/6 7441/2/6 7444/2/6
f 7442/2/6 7443/2/6 7445/2/6
f 7440/2/6 7444/2/6 7446/2/6
f 7446/2/6 7444/2/6 7447/2/6
f 7445/2/6 7443/2/6 7448/2/6
f 7448/2/6 7443/2/6 7449/2/6
f 7446/4/6 7447/4/6 7450/4/6
f 7450/4/6 7447/4/6 7451/4/6
f 7448/4/6 7449/4/6 7452/4/6
f 7452/4/6 7449/4/6 7453/4/6
f 7450/3/6 7451/3/6 7454/3/6
f 7454/3/6 7451/3/6 7455/3/6
f 7452/3/6 7453/3/6 7456/3/6
f 7456/3/6 7453/3/6 7457/3/6
f 7454/2/6 7455/2/6 7458/2/6
f 7458/2/6 7455/2/6 7459/2/6
f 7456/2/6 7457/2/6 7460/2/6
f 7460/2/6 7457/2/6 7461/2/6
f 7458/4/6 7459/4/6 7462/4/6
f 7462/4/6 7459/4/6 7463/4/6
f 7460/4/6 7461/4/6 7464/4/6
f 7464/4/6 7461/4/6 7465/4/6
f 7462/1/6 7463/1/6 7466/1/6
f 7466/1/6 7463/1/6 7467/1/6
f 7464/1/6 7465/1/6 7468/1/6
f 7468/1/6 7465/1/6 7469/1/6
f 7466/4/6 7467/4/6 7470/4/6
f 7470/4/6 7467/4/6 7471/4/6
f 7468/4/6 7469/4/6 7472/4/6
f 7472/4/6 7469/4/6 7473/4/6
f 7474/1/6 7475/1/6 7478/1/6
f 7476/1/6 7477/1/6 7479/1/6
f 7474/1/6 7478/1/6 7480/1/6
f 7479/1/6 7477/1/6 7481/1/6
f 7474/1/6 7480/1/6 7482/1/6
f 7482/1/6 7480/1/6 7483/1/6
f 7481/1/6 7477/1/6 7484/1/6
f 7484/1/6 7477/1/6 7485/1/6
f 7482/2/6 7483/2/6 7486/2/6
f 7486/2/6 7483/2/6 7487/2/6
f 7484/2/6 7485/2/6 7488/2/6
f 7488/2/6 7485/2/6 7489/2/6
f 7486/4/6 7487/4/6 7490/4/6
f 7490/4/6 7487/4/6 7491/4/6
f 7488/4/6 7489/4/6 7492/4/6
f 7492/4/6 7489/4/6 7493/4/6
f 7490/1/6 7491/1/6 7494/1/6
f 7492/1/6 7493/1/6 7495/1/6
f 7490/1/6 7494/1/6 7496/1/6
f 7496/1/6 7494/1/6 7497/1/6
f 7495/1/6 7493/1/6 7498/1/6
f 7498/1/6 7493/1/6 7499/1/6
f 7496/4/6 7497/4/6 7500/4/6
f 7500/4/6 7497/4/6 7501/4/6
f 7498/4/6 7499/4/6 7502/4/6
f 7502/4/6 7499/4/6 7503/4/6
f 7500/2/6 7501/2/6 7504/2/6
f 7502/2/6 7503/2/6 7505/2/6
f 7500/2/6 7504/2/6 7506/2/6
f 7506/2/6 7504/2/6 7507/2/6
f 7505/2/6 7503/2/6 7508/2/6
f 7508/2/6 7503/2/6 7509/2/6
f 7506/4/6 7507/4/6 7510/4/6
f 7510/4/6 7507/4/6 7511/4/6
f 7508/4/6 7509/4/6 7512/4/6
f 7512/4/6 7509/4/6 7513/4/6
f 7514/1/6 7515/1/6 7545/1/6
f 7515/3/6 7516/3/6 7546/3/6
f 7545/1/6 7515/1/6 7546/1/6
f 7546/3/6 7516/3/6 7547/3/6
f 7516/1/6 7517/1/6 7548/1/6
f 7547/3/6 7516/3/6 7548/3/6
f 7548/1/6 7517/1/6 7549/1/6
f 7519/2/6 7520/2/6 7550/2/6
f 7520/1/6 7521/1/6 7550/1/6
f 7521/2/6 7522/2/6 7551/2/6
f 7550/1/6 7521/1/6 7551/1/6
f 7522/4/6 7523/4/6 7552/4/6
f 7551/2/6 7522/2/6 7552/2/6
f 7523/1/6 7524/1/6 7553/1/6
f 7552/4/6 7523/4/6 7553/4/6
f 7524/4/6 7525/4/6 7554/4/6
f 7553/1/6 7524/1/6 7554/1/6
f 7525/2/6 7526/2/6 7555/2/6
f 7554/4/6 7525/4/6 7555/4/6
f 7555/2/6 7526/2/6 7556/2/6
f 7556/2/6 7526/2/6 7557/2/6
f 7527/1/6 7528/1/6 7558/1/6
f 7528/2/6 7529/2/6 7558/2/6
f 7558/2/6 7529/2/6 7559/2/6
f 7531/2/6 7532/2/6 7560/2/6
f 7532/4/6 7533/4/6 7561/4/6
f 7560/2/6 7532/2/6 7561/2/6
f 7533/1/6 7534/1/6 7562/1/6
f 7534/4/6 7535/4/6 7563/4/6
f 7562/1/6 7534/1/6 7563/1/6
f 7535/1/6 7536/1/6 7564/1/6
f 7563/4/6 7535/4/6 7564/4/6
f 7538/3/6 7539/3/6 7565/3/6
f 7565/3/6 7539/3/6 7566/3/6
f 7539/1/6 7540/1/6 7567/1/6
f 7566/3/6 7539/3/6 7567/3/6
f 7540/4/6 7541/4/6 7568/4/6
f 7567/1/6 7540/1/6 7568/1/6
f 7541/3/6 7542/3/6 7569/3/6
f 7568/4/6 7541/4/6 7569/4/6
f 7569/3/6 7542/3/6 7570/3/6
f 7542/4/6 7543/4/6 7571/4/6
f 7570/3/6 7542/3/6 7571/3/6
f 7543/1/6 7544/1/6 7572/1/6
f 7571/4/6 7543/4/6 7572/4/6
f 7572/1/6 7544/1/6 7573/1/6
f 7546/4/6 7547/4/6 7574/4/6
f 7545/4/6 7546/4/6 7574/4/6
f 7548/3/6 7549/3/6 7575/3/6
f 7574/4/6 7547/4/6 7575/4/6
f 7547/3/6 7548/3/6 7575/3/6
f 7575/3/6 7549/3/6 7576/3/6
f 7576/3/6 7549/3/6 7577/3/6
f 7518/1/6 7519/1/6 7578/1/6
f 7519/2/6 7550/2/6 7578/2/6
f 7550/4/6 7551/4/6 7579/4/6
f 7578/2/6 7550/2/6 7579/2/6
f 7551/1/6 7552/1/6 7580/1/6
f 7579/4/6 7551/4/6 7580/4/6
f 7552/1/6 7553/1/6 7580/1/6
f 7553/4/6 7554/4/6 7581/4/6
f 7580/1/6 7553/1/6 7581/1/6
f 7555/2/6 7556/2/6 7582/2/6
f 7581/4/6 7554/4/6 7582/4/6
f 7554/2/6 7555/2/6 7582/2/6
f 7582/2/6 7556/2/6 7583/2/6
f 7556/1/6 7557/1/6 7584/1/6
f 7583/2/6 7556/2/6 7584/2/6
f 7527/1/6 7558/1/6 7585/1/6
f 7558/1/6 7559/1/6 7585/1/6
f 7585/1/6 7559/1/6 7586/1/6
f 7529/4/6 7530/4/6 7587/4/6
f 7530/1/6 7531/1/6 7587/1/6
f 7531/2/6 7560/2/6 7588/2/6
f 7587/1/6 7531/1/6 7588/1/6
f 7560/4/6 7561/4/6 7589/4/6
f 7588/2/6 7560/2/6 7589/2/6
f 7561/4/6 7533/4/6 7590/4/6
f 7589/4/6 7561/4/6 7590/4/6
f 7533/1/6 7562/1/6 7590/1/6
f 7590/1/6 7562/1/6 7591/1/6
f 7562/4/6 7563/4/6 7592/4/6
f 7591/1/6 7562/1/6 7592/1/6
f 7563/2/6 7564/2/6 7593/2/6
f 7592/4/6 7563/4/6 7593/4/6
f 7564/1/6 7536/1/6 7594/1/6
f 7593/2/6 7564/2/6 7594/2/6
f 7536/2/6 7537/2/6 7595/2/6
f 7594/1/6 7536/1/6 7595/1/6
f 7595/2/6 7537/2/6 7596/2/6
f 7566/3/6 7567/3/6 7597/3/6
f 7567/3/6 7568/3/6 7597/3/6
f 7568/3/6 7569/3/6 7597/3/6
f 7597/3/6 7569/3/6 7598/3/6
f 7598/3/6 7569/3/6 7599/3/6
f 7570/2/6 7571/2/6 7600/2/6
f 7571/3/6 7572/3/6 7600/3/6
f 7572/4/6 7573/4/6 7601/4/6
f 7600/3/6 7572/3/6 7601/3/6
f 7545/4/6 7574/4/6 7602/4/6
f 7574/1/6 7575/1/6 7603/1/6
f 7602/4/6 7574/4/6 7603/4/6
f 7575/3/6 7576/3/6 7604/3/6
f 7603/1/6 7575/1/6 7604/1/6
f 7576/4/6 7577/4/6 7605/4/6
f 7604/3/6 7576/3/6 7605/3/6
f 7518/1/6 7578/1/6 7606/1/6
f 7578/1/6 7579/1/6 7606/1/6
f 7579/1/6 7580/1/6 7606/1/6
f 7606/1/6 7580/1/6 7607/1/6
f 7582/1/6 7583/1/6 7608/1/6
f 7583/4/6 7584/4/6 7608/4/6
f 7584/1/6 7557/1/6 7609/1/6
f 7608/4/6 7584/4/6 7609/4/6
f 7585/4/6 7586/4/6 7610/4/6
f 7586/1/6 7559/1/6 7611/1/6
f 7610/4/6 7586/4/6 7611/4/6
f 7529/4/6 7587/4/6 7612/4/6
f 7587/4/6 7588/4/6 7612/4/6
f 7588/1/6 7589/1/6 7613/1/6
f 7612/4/6 7588/4/6 7613/4/6
f 7589/1/6 7590/1/6 7613/1/6
f 7613/1/6 7590/1/6 7614/1/6
f 7590/4/6 7591/4/6 7615/4/6
f 7614/1/6 7590/1/6 7615/1/6
f 7595/1/6 7596/1/6 7616/1/6
f 7594/4/6 7595/4/6 7616/4/6
f 7596/2/6 7537/2/6 7617/2/6
f 7616/1/6 7596/1/6 7617/1/6
f 7617/2/6 7537/2/6 7618/2/6
f 7565/4/6 7566/4/6 7619/4/6
f 7566/3/6 7597/3/6 7620/3/6
f 7619/4/6 7566/4/6 7620/4/6
f 7597/2/6 7598/2/6 7621/2/6
f 7620/3/6 7597/3/6 7621/3/6
f 7598/1/6 7599/1/6 7622/1/6
f 7621/2/6 7598/2/6 7622/2/6
f 7599/3/6 7569/3/6 7623/3/6
f 7569/4/6 7570/4/6 7623/4/6
f 7600/2/6 7601/2/6 7624/2/6
f 7623/4/6 7570/4/6 7624/4/6
f 7570/2/6 7600/2/6 7624/2/6
f 7624/2/6 7601/2/6 7625/2/6
f 7601/4/6 7573/4/6 7626/4/6
f 7625/2/6 7601/2/6 7626/2/6
f 7626/4/6 7573/4/6 7627/4/6
f 7602/1/6 7603/1/6 7628/1/6
f 7603/3/6 7604/3/6 7629/3/6
f 7628/1/6 7603/1/6 7629/1/6
f 7604/2/6 7605/2/6 7630/2/6
f 7629/3/6 7604/3/6 7630/3/6
f 7605/4/6 7577/4/6 7631/4/6
f 7630/2/6 7605/2/6 7631/2/6
f 7631/4/6 7577/4/6 7632/4/6
f 7518/1/6 7606/1/6 7633/1/6
f 7606/2/6 7607/2/6 7634/2/6
f 7633/1/6 7606/1/6 7634/1/6
f 7607/1/6 7580/1/6 7635/1/6
f 7634/2/6 7607/2/6 7635/2/6
f 7580/2/6 7581/2/6 7636/2/6
f 7635/1/6 7580/1/6 7636/1/6
f 7636/2/6 7581/2/6 7637/2/6
f 7581/4/6 7582/4/6 7638/4/6
f 7637/2/6 7581/2/6 7638/2/6
f 7582/1/6 7608/1/6 7639/1/6
f 7638/4/6 7582/4/6 7639/4/6
f 7608/1/6 7609/1/6 7639/1/6
f 7639/1/6 7609/1/6 7640/1/6
f 7609/1/6 7557/1/6 7641/1/6
f 7640/1/6 7609/1/6 7641/1/6
f 7610/2/6 7611/2/6 7642/2/6
f 7611/1/6 7559/1/6 7643/1/6
f 7642/2/6 7611/2/6 7643/2/6
f 7559/2/6 7529/2/6 7644/2/6
f 7643/1/6 7559/1/6 7644/1/6
f 7529/4/6 7612/4/6 7645/4/6
f 7644/2/6 7529/2/6 7645/2/6
f 7612/1/6 7613/1/6 7646/1/6
f 7645/4/6 7612/4/6 7646/4/6
f 7613/2/6 7614/2/6 7647/2/6
f 7646/1/6 7613/1/6 7647/1/6
f 7647/2/6 7614/2/6 7648/2/6
f 7648/2/6 7614/2/6 7649/2/6
f 7614/4/6 7615/4/6 7650/4/6
f 7649/2/6 7614/2/6 7650/2/6
f 7615/4/6 7591/4/6 7651/4/6
f 7650/4/6 7615/4/6 7651/4/6
f 7591/1/6 7592/1/6 7652/1/6
f 7651/4/6 7591/4/6 7652/4/6
f 7593/2/6 7594/2/6 7653/2/6
f 7652/1/6 7592/1/6 7653/1/6
f 7592/2/6 7593/2/6 7653/2/6
f 7653/2/6 7594/2/6 7654/2/6
f 7594/4/6 7616/4/6 7655/4/6
f 7654/2/6 7594/2/6 7655/2/6
f 7616/4/6 7617/4/6 7655/4/6
f 7655/4/6 7617/4/6 7656/4/6
f 7617/1/6 7618/1/6 7657/1/6
f 7656/4/6 7617/4/6 7657/4/6
f 7657/1/6 7618/1/6 7658/1/6
f 7619/1/6 7620/1/6 7659/1/6
f 7620/3/6 7621/3/6 7660/3/6
f 7659/1/6 7620/1/6 7660/1/6
f 7621/3/6 7622/3/6 7660/3/6
f 7660/3/6 7622/3/6 7661/3/6
f 7622/1/6 7599/1/6 7662/1/6
f 7661/3/6 7622/3/6 7662/3/6
f 7599/3/6 7623/3/6 7663/3/6
f 7662/1/6 7599/1/6 7663/1/6
f 7624/2/6 7625/2/6 7664/2/6
f 7663/3/6 7623/3/6 7664/3/6
f 7623/2/6 7624/2/6 7664/2/6
f 7664/2/6 7625/2/6 7665/2/6
f 7665/2/6 7625/2/6 7666/2/6
f 7625/4/6 7626/4/6 7667/4/6
f 7666/2/6 7625/2/6 7667/2/6
f 7626/1/6 7627/1/6 7668/1/6
f 7667/4/6 7626/4/6 7668/4/6
f 7668/1/6 7627/1/6 7669/1/6
f 7636/2/6 7637/2/6 7670/2/6
f 7670/2/6 7637/2/6 7671/2/6
f 7649/2/6 7650/2/6 7672/2/6
f 7672/2/6 7650/2/6 7673/2/6
f 7664/2/6 7665/2/6 7674/2/6
f 7674/2/6 7665/2/6 7675/2/6
f 7676/4/6 7677/4/6 7706/4/6
f 7706/4/6 7677/4/6 7707/4/6
f 7707/4/6 7677/4/6 7708/4/6
f 7677/2/6 7678/2/6 7709/2/6
f 7708/4/6 7677/4/6 7709/4/6
f 7678/4/6 7679/4/6 7710/4/6
f 7709/2/6 7678/2/6 7710/2/6
f 7679/1/6 7680/1/6 7711/1/6
f 7710/4/6 7679/4/6 7711/4/6
f 7711/1/6 7680/1/6 7712/1/6
f 7680/4/6 7681/4/6 7713/4/6
f 7712/1/6 7680/1/6 7713/1/6
f 7713/4/6 7681/4/6 7714/4/6
f 7682/2/6 7683/2/6 7715/2/6
f 7683/3/6 7684/3/6 7716/3/6
f 7715/2/6 7683/2/6 7716/2/6
f 7684/4/6 7685/4/6 7717/4/6
f 7716/3/6 7684/3/6 7717/3/6
f 7685/2/6 7686/2/6 7718/2/6
f 7717/4/6 7685/4/6 7718/4/6
f 7686/3/6 7687/3/6 7719/3/6
f 7718/2/6 7686/2/6 7719/2/6
f 7687/4/6 7688/4/6 7720/4/6
f 7719/3/6 7687/3/6 7720/3/6
f 7688/2/6 7689/2/6 7721/2/6
f 7720/4/6 7688/4/6 7721/4/6
f 7689/1/6 7690/1/6 7722/1/6
f 7721/2/6 7689/2/6 7722/2/6
f 7690/2/6 7691/2/6 7723/2/6
f 7722/1/6 7690/1/6 7723/1/6
f 7723/2/6 7691/2/6 7724/2/6
f 7724/2/6 7691/2/6 7725/2/6
f 7692/2/6 7693/2/6 7726/2/6
f 7726/2/6 7693/2/6 7727/2/6
f 7693/4/6 7694/4/6 7728/4/6
f 7727/2/6 7693/2/6 7728/2/6
f 7694/2/6 7695/2/6 7729/2/6
f 7728/4/6 7694/4/6 7729/4/6
f 7695/4/6 7696/4/6 7730/4/6
f 7729/2/6 7695/2/6 7730/2/6
f 7730/4/6 7696/4/6 7731/4/6
f 7696/3/6 7697/3/6 7732/3/6
f 7731/4/6 7696/4/6 7732/4/6
f 7697/2/6 7698/2/6 7733/2/6
f 7732/3/6 7697/3/6 7733/3/6
f 7698/4/6 7699/4/6 7734/4/6
f 7733/2/6 7698/2/6 7734/2/6
f 7699/3/6 7700/3/6 7735/3/6
f 7734/4/6 7699/4/6 7735/4/6
f 7700/2/6 7701/2/6 7736/2/6
f 7735/3/6 7700/3/6 7736/3/6
f 7736/2/6 7701/2/6 7737/2/6
f 7702/2/6 7703/2/6 7738/2/6
f 7738/2/6 7703/2/6 7739/2/6
f 7703/4/6 7704/4/6 7740/4/6
f 7739/2/6 7703/2/6 7740/2/6
f 7740/4/6 7704/4/6 7741/4/6
f 7705/1/6 7706/1/6 7743/1/6
f 7743/1/6 7706/1/6 7744/1/6
f 7714/4/6 7715/4/6 7745/4/6
f 7737/4/6 7738/4/6 7746/4/6
f 7741/1/6 7742/1/6 7747/1/6
f 7747/1/6 7742/1/6 7748/1/6
f 7743/3/6 7744/3/6 7749/3/6
f 7749/3/6 7744/3/6 7750/3/6
f 7714/4/6 7745/4/6 7751/4/6
f 7751/4/6 7745/4/6 7752/4/6
f 7746/4/6 7738/4/6 7753/4/6
f 7753/4/6 7738/4/6 7754/4/6
f 7747/3/6 7748/3/6 7755/3/6
f 7755/3/6 7748/3/6 7756/3/6
f 7749/2/6 7750/2/6 7757/2/6
f 7751/3/6 7752/3/6 7758/3/6
f 7758/3/6 7752/3/6 7759/3/6
f 7725/2/6 7726/2/6 7760/2/6
f 7760/2/6 7726/2/6 7761/2/6
f 7753/3/6 7754/3/6 7762/3/6
f 7762/3/6 7754/3/6 7763/3/6
f 7755/2/6 7756/2/6 7764/2/6
f 7760/4/6 7761/4/6 7765/4/6
f 7765/4/6 7761/4/6 7766/4/6
f 7762/1/6 7763/1/6 7767/1/6
f 7749/2/6 7757/2/6 7768/2/6
f 7768/2/6 7757/2/6 7769/2/6
f 7758/1/6 7759/1/6 7770/1/6
f 7770/1/6 7759/1/6 7771/1/6
f 7765/3/6 7766/3/6 7772/3/6
f 7772/3/6 7766/3/6 7773/3/6
f 7762/1/6 7767/1/6 7774/1/6
f 7774/1/6 7767/1/6 7775/1/6
f 7764/2/6 7756/2/6 7776/2/6
f 7776/2/6 7756/2/6 7777/2/6
f 7768/4/6 7769/4/6 7778/4/6
f 7776/4/6 7777/4/6 7779/4/6
f 7768/4/6 7778/4/6 7780/4/6
f 7780/4/6 7778/4/6 7781/4/6
f 7779/4/6 7777/4/6 7782/4/6
f 7782/4/6 7777/4/6 7783/4/6
f 7780/1/6 7781/1/6 7784/1/6
f 7784/1/6 7781/1/6 7785/1/6
f 7782/1/6 7783/1/6 7786/1/6
f 7786/1/6 7783/1/6 7787/1/6
f 7784/2/6 7785/2/6 7788/2/6
f 7786/2/6 7787/2/6 7789/2/6
f 7784/2/6 7788/2/6 7790/2/6
f 7789/2/6 7787/2/6 7791/2/6
f 7784/2/6 7790/2/6 7792/2/6
f 7792/2/6 7790/2/6 7793/2/6
f 7791/2/6 7787/2/6 7794/2/6
f 7794/2/6 7787/2/6 7795/2/6
f 7792/4/6 7793/4/6 7796/4/6
f 7796/4/6 7793/4/6 7797/4/6
f 7794/4/6 7795/4/6 7798/4/6
f 7798/4/6 7795/4/6 7799/4/6
f 7796/1/6 7797/1/6 7800/1/6
f 7800/1/6 7797/1/6 7801/1/6
f 7798/1/6 7799/1/6 7802/1/6
f 7802/1/6 7799/1/6 7803/1/6
f 7800/3/6 7801/3/6 7804/3/6
f 7804/3/6 7801/3/6 7805/3/6
f 7802/3/6 7803/3/6 7806/3/6
f 7806/3/6 7803/3/6 7807/3/6
f 7804/1/6 7805/1/6 7808/1/6
f 7808/1/6 7805/1/6 7809/1/6
f 7806/1/6 7807/1/6 7810/1/6
f 7810/1/6 7807/1/6 7811/1/6
f 7812/1/6 7813/1/6 7816/1/6
f 7814/1/6 7815/1/6 7817/1/6
f 7812/1/6 7816/1/6 7818/1/6
f 7818/1/6 7816/1/6 7819/1/6
f 7817/1/6 7815/1/6 7820/1/6
f 7820/1/6 7815/1/6 7821/1/6
f 7818/2/6 7819/2/6 7822/2/6
f 7822/2/6 7819/2/6 7823/2/6
f 7820/2/6 7821/2/6 7824/2/6
f 7824/2/6 7821/2/6 7825/2/6
f 7822/4/6 7823/4/6 7826/4/6
f 7826/4/6 7823/4/6 7827/4/6
f 7824/4/6 7825/4/6 7828/4/6
f 7828/4/6 7825/4/6 7829/4/6
f 7826/1/6 7827/1/6 7830/1/6
f 7830/1/6 7827/1/6 7831/1/6
f 7828/1/6 7829/1/6 7832/1/6
f 7832/1/6 7829/1/6 7833/1/6
f 7830/4/6 7831/4/6 7834/4/6
f 7834/4/6 7831/4/6 7835/4/6
f 7832/4/6 7833/4/6 7836/4/6
f 7836/4/6 7833/4/6 7837/4/6
f 7834/2/6 7835/2/6 7838/2/6
f 7836/2/6 7837/2/6 7839/2/6
f 7834/2/6 7838/2/6 7840/2/6
f 7840/2/6 7838/2/6 7841/2/6
f 7839/2/6 7837/2/6 7842/2/6
f 7842/2/6 7837/2/6 7843/2/6
f 7844/4/6 7845/4/6 7848/4/6
f 7848/4/6 7845/4/6 7849/4/6
f 7846/4/6 7847/4/6 7850/4/6
f 7850/4/6 7847/4/6 7851/4/6
f 7848/1/6 7849/1/6 7852/1/6
f 7852/1/6 7849/1/6 7853/1/6
f 7850/1/6 7851/1/6 7854/1/6
f 7854/1/6 7851/1/6 7855/1/6
f 7852/2/6 7853/2/6 7856/2/6
f 7854/2/6 7855/2/6 7857/2/6
f 7852/2/6 7856/2/6 7858/2/6
f 7858/2/6 7856/2/6 7859/2/6
f 7857/2/6 7855/2/6 7860/2/6
f 7860/2/6 7855/2/6 7861/2/6
f 7858/4/6 7859/4/6 7862/4/6
f 7862/4/6 7859/4/6 7863/4/6
f 7860/4/6 7861/4/6 7864/4/6
f 7864/4/6 7861/4/6 7865/4/6
f 7862/3/6 7863/3/6 7866/3/6
f 7866/3/6 7863/3/6 7867/3/6
f 7864/3/6 7865/3/6 7868/3/6
f 7868/3/6 7865/3/6 7869/3/6
f 7866/4/6 7867/4/6 7870/4/6
f 7870/4/6 7867/4/6 7871/4/6
f 7868/4/6 7869/4/6 7872/4/6
f 7872/4/6 7869/4/6 7873/4/6
f 7870/1/6 7871/1/6 7874/1/6
f 7874/1/6 7871/1/6 7875/1/6
f 7872/1/6 7873/1/6 7876/1/6
f 7876/1/6 7873/1/6 7877/1/6
f 7878/2/6 7879/2/6 7904/2/6
f 7879/4/6 7880/4/6 7905/4/6
f 7904/2/6 7879/2/6 7905/2/6
f 7880/1/6 7881/1/6 7906/1/6
f 7881/2/6 7882/2/6 7907/2/6
f 7906/1/6 7881/1/6 7907/1/6
f 7882/4/6 7883/4/6 7908/4/6
f 7907/2/6 7882/2/6 7908/2/6
f 7883/1/6 7884/1/6 7909/1/6
f 7908/4/6 7883/4/6 7909/4/6
f 7886/2/6 7887/2/6 7910/2/6
f 7887/4/6 7888/4/6 7911/4/6
f 7910/2/6 7887/2/6 7911/2/6
f 7888/1/6 7889/1/6 7912/1/6
f 7911/4/6 7888/4/6 7912/4/6
f 7912/1/6 7889/1/6 7913/1/6
f 7889/2/6 7890/2/6 7914/2/6
f 7913/1/6 7889/1/6 7914/1/6
f 7890/4/6 7891/4/6 7915/4/6
f 7914/2/6 7890/2/6 7915/2/6
f 7891/1/6 7892/1/6 7916/1/6
f 7915/4/6 7891/4/6 7916/4/6
f 7916/1/6 7892/1/6 7917/1/6
f 7892/4/6 7893/4/6 7918/4/6
f 7917/1/6 7892/1/6 7918/1/6
f 7918/4/6 7893/4/6 7919/4/6
f 7894/4/6 7895/4/6 7920/4/6
f 7895/1/6 7896/1/6 7921/1/6
f 7920/4/6 7895/4/6 7921/4/6
f 7921/1/6 7896/1/6 7922/1/6
f 7896/2/6 7897/2/6 7923/2/6
f 7922/1/6 7896/1/6 7923/1/6
f 7897/4/6 7898/4/6 7924/4/6
f 7923/2/6 7897/2/6 7924/2/6
f 7898/1/6 7899/1/6 7925/1/6
f 7924/4/6 7898/4/6 7925/4/6
f 7925/1/6 7899/1/6 7926/1/6
f 7926/1/6 7899/1/6 7927/1/6
f 7899/2/6 7900/2/6 7928/2/6
f 7927/1/6 7899/1/6 7928/1/6
f 7928/2/6 7900/2/6 7929/2/6
f 7902/2/6 7903/2/6 7930/2/6
f 7930/2/6 7903/2/6 7931/2/6
f 7904/4/6 7905/4/6 7932/4/6
f 7905/4/6 7880/4/6 7933/4/6
f 7932/4/6 7905/4/6 7933/4/6
f 7880/1/6 7906/1/6 7933/1/6
f 7906/4/6 7907/4/6 7934/4/6
f 7933/1/6 7906/1/6 7934/1/6
f 7907/2/6 7908/2/6 7935/2/6
f 7934/4/6 7907/4/6 7935/4/6
f 7908/2/6 7909/2/6 7935/2/6
f 7909/1/6 7884/1/6 7936/1/6
f 7935/2/6 7909/2/6 7936/2/6
f 7884/2/6 7885/2/6 7937/2/6
f 7936/1/6 7884/1/6 7937/1/6
f 7910/4/6 7911/4/6 7938/4/6
f 7911/1/6 7912/1/6 7939/1/6
f 7938/4/6 7911/4/6 7939/4/6
f 7913/1/6 7914/1/6 7940/1/6
f 7914/4/6 7915/4/6 7940/4/6
f 7915/1/6 7916/1/6 7941/1/6
f 7940/4/6 7915/4/6 7941/4/6
f 7916/2/6 7917/2/6 7942/2/6
f 7941/1/6 7916/1/6 7942/1/6
f 7917/1/6 7918/1/6 7943/1/6
f 7942/2/6 7917/2/6 7943/2/6
f 7918/2/6 7919/2/6 7944/2/6
f 7943/1/6 7918/1/6 7944/1/6
f 7919/4/6 7893/4/6 7945/4/6
f 7944/2/6 7919/2/6 7945/2/6
f 7921/1/6 7922/1/6 7946/1/6
f 7922/4/6 7923/4/6 7946/4/6
f 7923/1/6 7924/1/6 7947/1/6
f 7946/4/6 7923/4/6 7947/4/6
f 7924/1/6 7925/1/6 7947/1/6
f 7947/1/6 7925/1/6 7948/1/6
f 7926/4/6 7927/4/6 7949/4/6
f 7925/2/6 7926/2/6 7949/2/6
f 7927/1/6 7928/1/6 7950/1/6
f 7949/4/6 7927/4/6 7950/4/6
f 7928/4/6 7929/4/6 7951/4/6
f 7950/1/6 7928/1/6 7951/1/6
f 7951/4/6 7929/4/6 7952/4/6
f 7901/1/6 7902/1/6 7953/1/6
f 7902/2/6 7930/2/6 7954/2/6
f 7953/1/6 7902/1/6 7954/1/6
f 7930/4/6 7931/4/6 7955/4/6
f 7954/2/6 7930/2/6 7955/2/6
f 7955/4/6 7931/4/6 7956/4/6
f 7932/1/6 7933/1/6 7957/1/6
f 7933/4/6 7934/4/6 7958/4/6
f 7957/1/6 7933/1/6 7958/1/6
f 7935/2/6 7936/2/6 7959/2/6
f 7958/4/6 7934/4/6 7959/4/6
f 7934/2/6 7935/2/6 7959/2/6
f 7959/2/6 7936/2/6 7960/2/6
f 7960/2/6 7936/2/6 7961/2/6
f 7936/4/6 7937/4/6 7962/4/6
f 7961/2/6 7936/2/6 7962/2/6
f 7937/2/6 7885/2/6 7963/2/6
f 7962/4/6 7937/4/6 7963/4/6
f 7963/2/6 7885/2/6 7964/2/6
f 7938/1/6 7939/1/6 7965/1/6
f 7912/2/6 7913/2/6 7966/2/6
f 7965/1/6 7939/1/6 7966/1/6
f 7939/1/6 7912/1/6 7966/1/6
f 7966/2/6 7913/2/6 7967/2/6
f 7967/2/6 7913/2/6 7968/2/6
f 7940/1/6 7941/1/6 7969/1/6
f 7968/2/6 7913/2/6 7969/2/6
f 7913/1/6 7940/1/6 7969/1/6
f 7941/2/6 7942/2/6 7970/2/6
f 7969/1/6 7941/1/6 7970/1/6
f 7942/4/6 7943/4/6 7971/4/6
f 7970/2/6 7942/2/6 7971/2/6
f 7943/1/6 7944/1/6 7972/1/6
f 7971/4/6 7943/4/6 7972/4/6
f 7944/4/6 7945/4/6 7973/4/6
f 7972/1/6 7944/1/6 7973/1/6
f 7945/4/6 7893/4/6 7974/4/6
f 7973/4/6 7945/4/6 7974/4/6
f 7894/4/6 7920/4/6 7975/4/6
f 7920/2/6 7921/2/6 7976/2/6
f 7975/4/6 7920/4/6 7976/4/6
f 7921/1/6 7946/1/6 7977/1/6
f 7976/2/6 7921/2/6 7977/2/6
f 7946/2/6 7947/2/6 7978/2/6
f 7977/1/6 7946/1/6 7978/1/6
f 7947/4/6 7948/4/6 7979/4/6
f 7978/2/6 7947/2/6 7979/2/6
f 7979/4/6 7948/4/6 7980/4/6
f 7949/2/6 7950/2/6 7981/2/6
f 7950/4/6 7951/4/6 7981/4/6
f 7951/1/6 7952/1/6 7982/1/6
f 7981/4/6 7951/4/6 7982/4/6
f 7982/1/6 7952/1/6 7983/1/6
f 7983/1/6 7952/1/6 7984/1/6
f 7953/4/6 7954/4/6 7985/4/6
f 7954/2/6 7955/2/6 7986/2/6
f 7985/4/6 7954/4/6 7986/4/6
f 7955/1/6 7956/1/6 7987/1/6
f 7986/2/6 7955/2/6 7987/2/6
f 7987/1/6 7956/1/6 7988/1/6
f 7957/2/6 7958/2/6 7989/2/6
f 7989/2/6 7958/2/6 7990/2/6
f 7958/4/6 7959/4/6 7991/4/6
f 7990/2/6 7958/2/6 7991/2/6
f 7959/1/6 7960/1/6 7992/1/6
f 7991/4/6 7959/4/6 7992/4/6
f 7960/2/6 7961/2/6 7993/2/6
f 7992/1/6 7960/1/6 7993/1/6
f 7961/4/6 7962/4/6 7994/4/6
f 7993/2/6 7961/2/6 7994/2/6
f 7962/4/6 7963/4/6 7994/4/6
f 7963/1/6 7964/1/6 7995/1/6
f 7994/4/6 7963/4/6 7995/4/6
f 7995/1/6 7964/1/6 7996/1/6
f 7965/2/6 7966/2/6 7997/2/6
f 7997/2/6 7966/2/6 7998/2/6
f 7966/1/6 7967/1/6 7999/1/6
f 7998/2/6 7966/2/6 7999/2/6
f 7967/2/6 7968/2/6 8000/2/6
f 7999/1/6 7967/1/6 8000/1/6
f 7968/4/6 7969/4/6 8001/4/6
f 8000/2/6 7968/2/6 8001/2/6
f 7969/1/6 7970/1/6 8002/1/6
f 8001/4/6 7969/4/6 8002/4/6
f 8002/1/6 7970/1/6 8003/1/6
f 8003/1/6 7970/1/6 8004/1/6
f 7970/4/6 7971/4/6 8005/4/6
f 8004/1/6 7970/1/6 8005/1/6
f 7973/1/6 7974/1/6 8006/1/6
f 8005/4/6 7971/4/6 8006/4/6
f 7972/1/6 7973/1/6 8006/1/6
f 7971/1/6 7972/1/6 8006/1/6
f 8006/1/6 7974/1/6 8007/1/6
f 8007/1/6 7974/1/6 8008/1/6
f 8008/1/6 7974/1/6 8009/1/6
f 7975/1/6 7976/1/6 8010/1/6
f 7976/1/6 7977/1/6 8010/1/6
f 8010/1/6 7977/1/6 8011/1/6
f 7977/2/6 7978/2/6 8012/2/6
f 8011/1/6 7977/1/6 8012/1/6
f 7979/2/6 7980/2/6 8012/2/6
f 7978/2/6 7979/2/6 8012/2/6
f 8012/2/6 7980/2/6 8013/2/6
f 7980/4/6 7948/4/6 8014/4/6
f 8013/2/6 7980/2/6 8014/2/6
f 7948/1/6 7925/1/6 8015/1/6
f 8014/4/6 7948/4/6 8015/4/6
f 7949/2/6 7981/2/6 8016/2/6
f 8015/1/6 7925/1/6 8016/1/6
f 7925/2/6 7949/2/6 8016/2/6
f 7981/2/6 7982/2/6 8016/2/6
f 8016/2/6 7982/2/6 8017/2/6
f 7982/1/6 7983/1/6 8018/1/6
f 8017/2/6 7982/2/6 8018/2/6
f 7983/4/6 7984/4/6 8019/4/6
f 8018/1/6 7983/1/6 8019/1/6
f 8019/4/6 7984/4/6 8020/4/6
f 7985/2/6 7986/2/6 8021/2/6
f 7986/1/6 7987/1/6 8022/1/6
f 8021/2/6 7986/2/6 8022/2/6
f 8022/1/6 7987/1/6 8023/1/6
f 7987/2/6 7988/2/6 8024/2/6
f 8023/1/6 7987/1/6 8024/1/6
f 8024/2/6 7988/2/6 8025/2/6
f 7993/1/6 7994/1/6 8026/1/6
f 8026/1/6 7994/1/6 8027/1/6
f 8005/1/6 8006/1/6 8028/1/6
f 8028/1/6 8006/1/6 8029/1/6
f 8014/2/6 8015/2/6 8030/2/6
f 8030/2/6 8015/2/6 8031/2/6
f 8032/4/6 8033/4/6 8068/4/6
f 8033/3/6 8034/3/6 8069/3/6
f 8068/4/6 8033/4/6 8069/4/6
f 8034/2/6 8035/2/6 8070/2/6
f 8069/3/6 8034/3/6 8070/3/6
f 8070/2/6 8035/2/6 8071/2/6
f 8036/4/6 8037/4/6 8072/4/6
f 8037/3/6 8038/3/6 8073/3/6
f 8072/4/6 8037/4/6 8073/4/6
f 8038/1/6 8039/1/6 8074/1/6
f 8073/3/6 8038/3/6 8074/3/6
f 8039/3/6 8040/3/6 8075/3/6
f 8074/1/6 8039/1/6 8075/1/6
f 8040/2/6 8041/2/6 8076/2/6
f 8075/3/6 8040/3/6 8076/3/6
f 8041/1/6 8042/1/6 8077/1/6
f 8076/2/6 8041/2/6 8077/2/6
f 8042/3/6 8043/3/6 8078/3/6
f 8077/1/6 8042/1/6 8078/1/6
f 8043/4/6 8044/4/6 8079/4/6
f 8078/3/6 8043/3/6 8079/3/6
f 8044/2/6 8045/2/6 8080/2/6
f 8079/4/6 8044/4/6 8080/4/6
f 8080/2/6 8045/2/6 8081/2/6
f 8046/1/6 8047/1/6 8082/1/6
f 8047/2/6 8048/2/6 8083/2/6
f 8082/1/6 8047/1/6 8083/1/6
f 8083/2/6 8048/2/6 8084/2/6
f 8048/4/6 8049/4/6 8085/4/6
f 8084/2/6 8048/2/6 8085/2/6
f 8049/2/6 8050/2/6 8086/2/6
f 8085/4/6 8049/4/6 8086/4/6
f 8050/4/6 8051/4/6 8087/4/6
f 8086/2/6 8050/2/6 8087/2/6
f 8051/3/6 8052/3/6 8088/3/6
f 8087/4/6 8051/4/6 8088/4/6
f 8052/2/6 8053/2/6 8089/2/6
f 8088/3/6 8052/3/6 8089/3/6
f 8053/4/6 8054/4/6 8090/4/6
f 8089/2/6 8053/2/6 8090/2/6
f 8054/3/6 8055/3/6 8091/3/6
f 8090/4/6 8054/4/6 8091/4/6
f 8055/2/6 8056/2/6 8092/2/6
f 8091/3/6 8055/3/6 8092/3/6
f 8092/2/6 8056/2/6 8093/2/6
f 8057/2/6 8058/2/6 8094/2/6
f 8058/1/6 8059/1/6 8095/1/6
f 8094/2/6 8058/2/6 8095/2/6
f 8059/2/6 8060/2/6 8096/2/6
f 8095/1/6 8059/1/6 8096/1/6
f 8096/2/6 8060/2/6 8097/2/6
f 8060/4/6 8061/4/6 8098/4/6
f 8097/2/6 8060/2/6 8098/2/6
f 8061/1/6 8062/1/6 8099/1/6
f 8098/4/6 8061/4/6 8099/4/6
f 8062/2/6 8063/2/6 8100/2/6
f 8099/1/6 8062/1/6 8100/1/6
f 8063/4/6 8064/4/6 8101/4/6
f 8100/2/6 8063/2/6 8101/2/6
f 8101/4/6 8064/4/6 8102/4/6
f 8064/3/6 8065/3/6 8103/3/6
f 8102/4/6 8064/4/6 8103/4/6
f 8065/4/6 8066/4/6 8104/4/6
f 8103/3/6 8065/3/6 8104/3/6
f 8104/4/6 8066/4/6 8105/4/6
f 8071/2/6 8072/2/6 8107/2/6
f 8081/2/6 8082/2/6 8108/2/6
f 8108/2/6 8082/2/6 8109/2/6
f 8067/2/6 8068/2/6 8110/2/6
f 8110/2/6 8068/2/6 8111/2/6
f 8107/2/6 8072/2/6 8112/2/6
f 8112/2/6 8072/2/6 8113/2/6
f 8093/4/6 8094/4/6 8114/4/6
f 8114/4/6 8094/4/6 8115/4/6
f 8105/2/6 8106/2/6 8116/2/6
f 8116/2/6 8106/2/6 8117/2/6
f 8110/4/6 8111/4/6 8118/4/6
f 8118/4/6 8111/4/6 8119/4/6
f 8112/3/6 8113/3/6 8120/3/6
f 8120/3/6 8113/3/6 8121/3/6
f 8108/2/6 8109/2/6 8122/2/6
f 8122/2/6 8109/2/6 8123/2/6
f 8114/3/6 8115/3/6 8124/3/6
f 8124/3/6 8115/3/6 8125/3/6
f 8116/4/6 8117/4/6 8126/4/6
f 8126/4/6 8117/4/6 8127/4/6
f 8118/1/6 8119/1/6 8128/1/6
f 8122/4/6 8123/4/6 8129/4/6
f 8129/4/6 8123/4/6 8130/4/6
f 8124/1/6 8125/1/6 8131/1/6
f 8131/1/6 8125/1/6 8132/1/6
f 8126/1/6 8127/1/6 8133/1/6
f 8118/1/6 8128/1/6 8134/1/6
f 8134/1/6 8128/1/6 8135/1/6
f 8120/4/6 8121/4/6 8136/4/6
f 8136/4/6 8121/4/6 8137/4/6
f 8129/3/6 8130/3/6 8138/3/6
f 8138/3/6 8130/3/6 8139/3/6
f 8131/1/6 8132/1/6 8140/1/6
f 8140/1/6 8132/1/6 8141/1/6
f 8133/1/6 8127/1/6 8142/1/6
f 8142/1/6 8127/1/6 8143/1/6
f 8134/2/6 8135/2/6 8144/2/6
f 8144/2/6 8135/2/6 8145/2/6
f 8142/2/6 8143/2/6 8146/2/6
f 8146/2/6 8143/2/6 8147/2/6
f 8144/4/6 8145/4/6 8148/4/6
f 8148/4/6 8145/4/6 8149/4/6
f 8146/4/6 8147/4/6 8150/4/6
f 8150/4/6 8147/4/6 8151/4/6
f 8148/1/6 8149/1/6 8152/1/6
f 8152/1/6 8149/1/6 8153/1/6
f 8150/1/6 8151/1/6 8154/1/6
f 8154/1/6 8151/1/6 8155/1/6
f 8152/2/6 8153/2/6 8156/2/6
f 8156/2/6 8153/2/6 8157/2/6
f 8154/2/6 8155/2/6 8158/2/6
f 8158/2/6 8155/2/6 8159/2/6
f 8156/4/6 8157/4/6 8160/4/6
f 8160/4/6 8157/4/6 8161/4/6
f 8158/4/6 8159/4/6 8162/4/6
f 8162/4/6 8159/4/6 8163/4/6
f 8160/1/6 8161/1/6 8164/1/6
f 8164/1/6 8161/1/6 8165/1/6
f 8162/1/6 8163/1/6 8166/1/6
f 8166/1/6 8163/1/6 8167/1/6
f 8164/3/6 8165/3/6 8168/3/6
f 8168/3/6 8165/3/6 8169/3/6
f 8166/3/6 8167/3/6 8170/3/6
f 8170/3/6 8167/3/6 8171/3/6
f 8168/1/6 8169/1/6 8172/1/6
f 8170/1/6 8171/1/6 8173/1/6
f 8168/1/6 8172/1/6 8174/1/6
f 8174/1/6 8172/1/6 8175/1/6
f 8173/1/6 8171/1/6 8176/1/6
f 8176/1/6 8171/1/6 8177/1/6
f 8174/2/6 8175/2/6 8178/2/6
f 8178/2/6 8175/2/6 8179/2/6
f 8176/2/6 8177/2/6 8180/2/6
f 8180/2/6 8177/2/6 8181/2/6
f 8178/4/6 8179/4/6 8182/4/6
f 8182/4/6 8179/4/6 8183/4/6
f 8180/4/6 8181/4/6 8184/4/6
f 8184/4/6 8181/4/6 8185/4/6
f 8186/4/6 8187/4/6 8190/4/6
f 8188/4/6 8189/4/6 8191/4/6
f 8186/4/6 8190/4/6 8192/4/6
f 8192/4/6 8190/4/6 8193/4/6
f 8191/4/6 8189/4/6 8194/4/6
f 8194/4/6 8189/4/6 8195/4/6
f 8192/1/6 8193/1/6 8196/1/6
f 8196/1/6 8193/1/6 8197/1/6
f 8194/1/6 8195/1/6 8198/1/6
f 8198/1/6 8195/1/6 8199/1/6
f 8196/2/6 8197/2/6 8200/2/6
f 8198/2/6 8199/2/6 8201/2/6
f 8196/2/6 8200/2/6 8202/2/6
f 8202/2/6 8200/2/6 8203/2/6
f 8201/2/6 8199/2/6 8204/2/6
f 8204/2/6 8199/2/6 8205/2/6
f 8202/4/6 8203/4/6 8206/4/6
f 8206/4/6 8203/4/6 8207/4/6
f 8204/4/6 8205/4/6 8208/4/6
f 8208/4/6 8205/4/6 8209/4/6
f 8206/3/6 8207/3/6 8210/3/6
f 8210/3/6 8207/3/6 8211/3/6
f 8208/3/6 8209/3/6 8212/3/6
f 8212/3/6 8209/3/6 8213/3/6
f 8210/2/6 8211/2/6 8214/2/6
f 8214/2/6 8211/2/6 8215/2/6
f 8212/2/6 8213/2/6 8216/2/6
f 8216/2/6 8213/2/6 8217/2/6
f 8214/4/6 8215/4/6 8218/4/6
f 8218/4/6 8215/4/6 8219/4/6
f 8216/4/6 8217/4/6 8220/4/6
f 8220/4/6 8217/4/6 8221/4/6
f 8218/1/6 8219/1/6 8222/1/6
f 8222/1/6 8219/1/6 8223/1/6
f 8220/1/6 8221/1/6 8224/1/6
f 8224/1/6 8221/1/6 8225/1/6
f 8226/1/6 8227/1/6 8250/1/6
f 8227/2/6 8228/2/6 8250/2/6
f 8250/2/6 8228/2/6 8251/2/6
f 8251/2/6 8228/2/6 8252/2/6
f 8252/2/6 8228/2/6 8253/2/6
f 8231/2/6 8232/2/6 8254/2/6
f 8232/1/6 8233/1/6 8255/1/6
f 8254/2/6 8232/2/6 8255/2/6
f 8234/1/6 8235/1/6 8256/1/6
f 8235/4/6 8236/4/6 8256/4/6
f 8256/4/6 8236/4/6 8257/4/6
f 8237/4/6 8238/4/6 8258/4/6
f 8238/1/6 8239/1/6 8259/1/6
f 8258/4/6 8238/4/6 8259/4/6
f 8239/2/6 8240/2/6 8260/2/6
f 8259/1/6 8239/1/6 8260/1/6
f 8240/4/6 8241/4/6 8261/4/6
f 8260/2/6 8240/2/6 8261/2/6
f 8241/1/6 8242/1/6 8262/1/6
f 8261/4/6 8241/4/6 8262/4/6
f 8262/1/6 8242/1/6 8263/1/6
f 8242/2/6 8243/2/6 8264/2/6
f 8263/1/6 8242/1/6 8264/1/6
f 8264/2/6 8243/2/6 8265/2/6
f 8244/4/6 8245/4/6 8266/4/6
f 8245/1/6 8246/1/6 8267/1/6
f 8266/4/6 8245/4/6 8267/4/6
f 8267/1/6 8246/1/6 8268/1/6
f 8246/2/6 8247/2/6 8269/2/6
f 8268/1/6 8246/1/6 8269/1/6
f 8247/4/6 8248/4/6 8270/4/6
f 8269/2/6 8247/2/6 8270/2/6
f 8248/1/6 8249/1/6 8271/1/6
f 8270/4/6 8248/4/6 8271/4/6
f 8271/1/6 8249/1/6 8272/1/6
f 8226/1/6 8250/1/6 8273/1/6
f 8250/4/6 8251/4/6 8274/4/6
f 8273/1/6 8250/1/6 8274/1/6
f 8251/2/6 8252/2/6 8275/2/6
f 8274/4/6 8251/4/6 8275/4/6
f 8252/4/6 8253/4/6 8276/4/6
f 8275/2/6 8252/2/6 8276/2/6
f 8276/4/6 8253/4/6 8277/4/6
f 8229/4/6 8230/4/6 8278/4/6
f 8230/1/6 8231/1/6 8279/1/6
f 8278/4/6 8230/4/6 8279/4/6
f 8231/2/6 8254/2/6 8280/2/6
f 8279/1/6 8231/1/6 8280/1/6
f 8254/4/6 8255/4/6 8281/4/6
f 8280/2/6 8254/2/6 8281/2/6
f 8233/2/6 8234/2/6 8282/2/6
f 8255/1/6 8233/1/6 8282/1/6
f 8234/1/6 8256/1/6 8283/1/6
f 8282/2/6 8234/2/6 8283/2/6
f 8258/2/6 8259/2/6 8284/2/6
f 8259/4/6 8260/4/6 8284/4/6
f 8260/1/6 8261/1/6 8285/1/6
f 8284/4/6 8260/4/6 8285/4/6
f 8261/1/6 8262/1/6 8285/1/6
f 8285/1/6 8262/1/6 8286/1/6
f 8262/2/6 8263/2/6 8287/2/6
f 8263/4/6 8264/4/6 8287/4/6
f 8264/4/6 8265/4/6 8287/4/6
f 8287/4/6 8265/4/6 8288/4/6
f 8265/2/6 8243/2/6 8289/2/6
f 8288/4/6 8265/4/6 8289/4/6
f 8289/2/6 8243/2/6 8290/2/6
f 8268/4/6 8269/4/6 8291/4/6
f 8267/1/6 8268/1/6 8291/1/6
f 8269/1/6 8270/1/6 8292/1/6
f 8291/4/6 8269/4/6 8292/4/6
f 8270/1/6 8271/1/6 8292/1/6
f 8292/1/6 8271/1/6 8293/1/6
f 8272/1/6 8249/1/6 8294/1/6
f 8271/2/6 8272/2/6 8294/2/6
f 8294/1/6 8249/1/6 8295/1/6
f 8273/4/6 8274/4/6 8296/4/6
f 8276/1/6 8277/1/6 8297/1/6
f 8296/4/6 8274/4/6 8297/4/6
f 8274/1/6 8275/1/6 8297/1/6
f 8275/1/6 8276/1/6 8297/1/6
f 8297/1/6 8277/1/6 8298/1/6
f 8298/1/6 8277/1/6 8299/1/6
f 8278/1/6 8279/1/6 8300/1/6
f 8279/1/6 8280/1/6 8300/1/6
f 8280/4/6 8281/4/6 8301/4/6
f 8300/1/6 8280/1/6 8301/1/6
f 8281/4/6 8255/4/6 8302/4/6
f 8301/4/6 8281/4/6 8302/4/6
f 8282/1/6 8283/1/6 8302/1/6
f 8255/1/6 8282/1/6 8302/1/6
f 8302/1/6 8283/1/6 8303/1/6
f 8256/2/6 8257/2/6 8304/2/6
f 8303/1/6 8283/1/6 8304/1/6
f 8283/1/6 8256/1/6 8304/1/6
f 8304/2/6 8257/2/6 8305/2/6
f 8258/2/6 8284/2/6 8306/2/6
f 8284/2/6 8285/2/6 8306/2/6
f 8306/2/6 8285/2/6 8307/2/6
f 8285/4/6 8286/4/6 8308/4/6
f 8307/2/6 8285/2/6 8308/2/6
f 8286/1/6 8262/1/6 8309/1/6
f 8308/4/6 8286/4/6 8309/4/6
f 8289/1/6 8290/1/6 8310/1/6
f 8288/1/6 8289/1/6 8310/1/6
f 8310/1/6 8290/1/6 8311/1/6
f 8244/4/6 8266/4/6 8312/4/6
f 8266/2/6 8267/2/6 8313/2/6
f 8312/4/6 8266/4/6 8313/4/6
f 8267/1/6 8291/1/6 8314/1/6
f 8313/2/6 8267/2/6 8314/2/6
f 8291/2/6 8292/2/6 8315/2/6
f 8314/1/6 8291/1/6 8315/1/6
f 8292/4/6 8293/4/6 8316/4/6
f 8315/2/6 8292/2/6 8316/2/6
f 8316/4/6 8293/4/6 8317/4/6
f 8294/4/6 8295/4/6 8318/4/6
f 8271/2/6 8294/2/6 8318/2/6
f 8318/4/6 8295/4/6 8319/4/6
f 8296/2/6 8297/2/6 8320/2/6
f 8297/1/6 8298/1/6 8321/1/6
f 8320/2/6 8297/2/6 8321/2/6
f 8298/4/6 8299/4/6 8322/4/6
f 8321/1/6 8298/1/6 8322/1/6
f 8322/4/6 8299/4/6 8323/4/6
f 8323/4/6 8299/4/6 8324/4/6
f 8300/2/6 8301/2/6 8325/2/6
f 8325/2/6 8301/2/6 8326/2/6
f 8302/1/6 8303/1/6 8327/1/6
f 8326/2/6 8301/2/6 8327/2/6
f 8301/1/6 8302/1/6 8327/1/6
f 8327/1/6 8303/1/6 8328/1/6
f 8328/1/6 8303/1/6 8329/1/6
f 8329/1/6 8303/1/6 8330/1/6
f 8330/1/6 8303/1/6 8331/1/6
f 8303/2/6 8304/2/6 8332/2/6
f 8331/1/6 8303/1/6 8332/1/6
f 8332/2/6 8304/2/6 8333/2/6
f 8333/2/6 8304/2/6 8334/2/6
f 8304/1/6 8305/1/6 8335/1/6
f 8334/2/6 8304/2/6 8335/2/6
f 8335/1/6 8305/1/6 8336/1/6
f 8336/1/6 8305/1/6 8337/1/6
f 8306/1/6 8307/1/6 8338/1/6
f 8307/2/6 8308/2/6 8339/2/6
f 8338/1/6 8307/1/6 8339/1/6
f 8308/2/6 8309/2/6 8339/2/6
f 8339/2/6 8309/2/6 8340/2/6
f 8309/1/6 8262/1/6 8341/1/6
f 8340/2/6 8309/2/6 8341/2/6
f 8287/2/6 8288/2/6 8342/2/6
f 8341/1/6 8262/1/6 8342/1/6
f 8262/2/6 8287/2/6 8342/2/6
f 8342/2/6 8288/2/6 8343/2/6
f 8288/1/6 8310/1/6 8344/1/6
f 8343/2/6 8288/2/6 8344/2/6
f 8310/4/6 8311/4/6 8345/4/6
f 8344/1/6 8310/1/6 8345/1/6
f 8345/4/6 8311/4/6 8346/4/6
f 8312/1/6 8313/1/6 8347/1/6
f 8313/1/6 8314/1/6 8347/1/6
f 8347/1/6 8314/1/6 8348/1/6
f 8316/2/6 8317/2/6 8349/2/6
f 8348/1/6 8314/1/6 8349/1/6
f 8314/2/6 8315/2/6 8349/2/6
f 8315/2/6 8316/2/6 8349/2/6
f 8349/2/6 8317/2/6 8350/2/6
f 8350/2/6 8317/2/6 8351/2/6
f 8351/2/6 8317/2/6 8352/2/6
f 8317/4/6 8293/4/6 8353/4/6
f 8352/2/6 8317/2/6 8353/2/6
f 8293/1/6 8271/1/6 8354/1/6
f 8353/4/6 8293/4/6 8354/4/6
f 8271/2/6 8318/2/6 8355/2/6
f 8354/1/6 8271/1/6 8355/1/6
f 8318/2/6 8319/2/6 8355/2/6
f 8355/2/6 8319/2/6 8356/2/6
f 8356/2/6 8319/2/6 8357/2/6
f 8330/2/6 8331/2/6 8358/2/6
f 8358/2/6 8331/2/6 8359/2/6
f 8341/1/6 8342/1/6 8360/1/6
f 8360/1/6 8342/1/6 8361/1/6
f 8350/2/6 8351/2/6 8362/2/6
f 8362/2/6 8351/2/6 8363/2/6
f 8364/2/6 8365/2/6 8396/2/6
f 8365/1/6 8366/1/6 8397/1/6
f 8396/2/6 8365/2/6 8397/2/6
f 8397/1/6 8366/1/6 8398/1/6
f 8366/3/6 8367/3/6 8399/3/6
f 8398/1/6 8366/1/6 8399/1/6
f 8399/3/6 8367/3/6 8400/3/6
f 8367/4/6 8368/4/6 8401/4/6
f 8400/3/6 8367/3/6 8401/3/6
f 8368/2/6 8369/2/6 8402/2/6
f 8401/4/6 8368/4/6 8402/4/6
f 8402/2/6 8369/2/6 8403/2/6
f 8370/1/6 8371/1/6 8404/1/6
f 8371/2/6 8372/2/6 8405/2/6
f 8404/1/6 8371/1/6 8405/1/6
f 8405/2/6 8372/2/6 8406/2/6
f 8372/4/6 8373/4/6 8407/4/6
f 8406/2/6 8372/2/6 8407/2/6
f 8373/1/6 8374/1/6 8408/1/6
f 8407/4/6 8373/4/6 8408/4/6
f 8374/4/6 8375/4/6 8409/4/6
f 8408/1/6 8374/1/6 8409/1/6
f 8409/4/6 8375/4/6 8410/4/6
f 8375/2/6 8376/2/6 8411/2/6
f 8410/4/6 8375/4/6 8411/4/6
f 8376/4/6 8377/4/6 8412/4/6
f 8411/2/6 8376/2/6 8412/2/6
f 8377/3/6 8378/3/6 8413/3/6
f 8412/4/6 8377/4/6 8413/4/6
f 8378/2/6 8379/2/6 8414/2/6
f 8413/3/6 8378/3/6 8414/3/6
f 8414/2/6 8379/2/6 8415/2/6
f 8380/1/6 8381/1/6 8416/1/6
f 8381/2/6 8382/2/6 8417/2/6
f 8416/1/6 8381/1/6 8417/1/6
f 8417/2/6 8382/2/6 8418/2/6
f 8382/4/6 8383/4/6 8419/4/6
f 8418/2/6 8382/2/6 8419/2/6
f 8383/1/6 8384/1/6 8420/1/6
f 8419/4/6 8383/4/6 8420/4/6
f 8384/4/6 8385/4/6 8421/4/6
f 8420/1/6 8384/1/6 8421/1/6
f 8385/2/6 8386/2/6 8422/2/6
f 8421/4/6 8385/4/6 8422/4/6
f 8386/4/6 8387/4/6 8423/4/6
f 8422/2/6 8386/2/6 8423/2/6
f 8387/3/6 8388/3/6 8424/3/6
f 8423/4/6 8387/4/6 8424/4/6
f 8388/2/6 8389/2/6 8425/2/6
f 8424/3/6 8388/3/6 8425/3/6
f 8425/2/6 8389/2/6 8426/2/6
f 8390/4/6 8391/4/6 8427/4/6
f 8427/4/6 8391/4/6 8428/4/6
f 8391/3/6 8392/3/6 8429/3/6
f 8428/4/6 8391/4/6 8429/4/6
f 8392/1/6 8393/1/6 8430/1/6
f 8429/3/6 8392/3/6 8430/3/6
f 8393/2/6 8394/2/6 8431/2/6
f 8430/1/6 8393/1/6 8431/1/6
f 8431/2/6 8394/2/6 8432/2/6
f 8403/2/6 8404/2/6 8434/2/6
f 8415/4/6 8416/4/6 8435/4/6
f 8395/2/6 8396/2/6 8436/2/6
f 8436/2/6 8396/2/6 8437/2/6
f 8415/4/6 8435/4/6 8438/4/6
f 8438/4/6 8435/4/6 8439/4/6
f 8426/4/6 8427/4/6 8440/4/6
f 8440/4/6 8427/4/6 8441/4/6
f 8432/2/6 8433/2/6 8442/2/6
f 8442/2/6 8433/2/6 8443/2/6
f 8436/4/6 8437/4/6 8444/4/6
f 8444/4/6 8437/4/6 8445/4/6
f 8403/2/6 8434/2/6 8446/2/6
f 8446/2/6 8434/2/6 8447/2/6
f 8438/3/6 8439/3/6 8448/3/6
f 8448/3/6 8439/3/6 8449/3/6
f 8440/3/6 8441/3/6 8450/3/6
f 8450/3/6 8441/3/6 8451/3/6
f 8442/4/6 8443/4/6 8452/4/6
f 8452/4/6 8443/4/6 8453/4/6
f 8444/1/6 8445/1/6 8454/1/6
f 8454/1/6 8445/1/6 8455/1/6
f 8446/4/6 8447/4/6 8456/4/6
f 8456/4/6 8447/4/6 8457/4/6
f 8448/1/6 8449/1/6 8458/1/6
f 8458/1/6 8449/1/6 8459/1/6
f 8450/1/6 8451/1/6 8460/1/6
f 8452/1/6 8453/1/6 8461/1/6
f 8461/1/6 8453/1/6 8462/1/6
f 8454/2/6 8455/2/6 8463/2/6
f 8456/3/6 8457/3/6 8464/3/6
f 8464/3/6 8457/3/6 8465/3/6
f 8458/1/6 8459/1/6 8466/1/6
f 8466/1/6 8459/1/6 8467/1/6
f 8460/1/6 8451/1/6 8468/1/6
f 8468/1/6 8451/1/6 8469/1/6
f 8461/2/6 8462/2/6 8470/2/6
f 8454/2/6 8463/2/6 8471/2/6
f 8471/2/6 8463/2/6 8472/2/6
f 8470/2/6 8462/2/6 8473/2/6
f 8473/2/6 8462/2/6 8474/2/6
f 8471/4/6 8472/4/6 8475/4/6
f 8475/4/6 8472/4/6 8476/4/6
f 8473/4/6 8474/4/6 8477/4/6
f 8477/4/6 8474/4/6 8478/4/6
f 8475/1/6 8476/1/6 8479/1/6
f 8477/1/6 8478/1/6 8480/1/6
f 8475/1/6 8479/1/6 8481/1/6
f 8481/1/6 8479/1/6 8482/1/6
f 8480/1/6 8478/1/6 8483/1/6
f 8483/1/6 8478/1/6 8484/1/6
f 8481/2/6 8482/2/6 8485/2/6
f 8485/2/6 8482/2/6 8486/2/6
f 8483/2/6 8484/2/6 8487/2/6
f 8487/2/6 8484/2/6 8488/2/6
f 8485/4/6 8486/4/6 8489/4/6
f 8489/4/6 8486/4/6 8490/4/6
f 8487/4/6 8488/4/6 8491/4/6
f 8491/4/6 8488/4/6 8492/4/6
f 8489/1/6 8490/1/6 8493/1/6
f 8493/1/6 8490/1/6 8494/1/6
f 8491/1/6 8492/1/6 8495/1/6
f 8495/1/6 8492/1/6 8496/1/6
f 8493/2/6 8494/2/6 8497/2/6
f 8497/2/6 8494/2/6 8498/2/6
f 8495/2/6 8496/2/6 8499/2/6
f 8499/2/6 8496/2/6 8500/2/6
f 8497/4/6 8498/4/6 8501/4/6
f 8501/4/6 8498/4/6 8502/4/6
f 8499/4/6 8500/4/6 8503/4/6
f 8503/4/6 8500/4/6 8504/4/6
f 8501/1/6 8502/1/6 8505/1/6
f 8505/1/6 8502/1/6 8506/1/6
f 8503/1/6 8504/1/6 8507/1/6
f 8507/1/6 8504/1/6 8508/1/6
f 8505/2/6 8506/2/6 8509/2/6
f 8509/2/6 8506/2/6 8510/2/6
f 8507/2/6 8508/2/6 8511/2/6
f 8511/2/6 8508/2/6 8512/2/6
f 8509/4/6 8510/4/6 8513/4/6
f 8513/4/6 8510/4/6 8514/4/6
f 8511/4/6 8512/4/6 8515/4/6
f 8515/4/6 8512/4/6 8516/4/6
f 8517/1/6 8518/1/6 8521/1/6
f 8519/1/6 8520/1/6 8522/1/6
f 8517/1/6 8521/1/6 8523/1/6
f 8522/1/6 8520/1/6 8524/1/6
f 8517/1/6 8523/1/6 8525/1/6
f 8525/1/6 8523/1/6 8526/1/6
f 8524/1/6 8520/1/6 8527/1/6
f 8527/1/6 8520/1/6 8528/1/6
f 8525/2/6 8526/2/6 8529/2/6
f 8529/2/6 8526/2/6 8530/2/6
f 8527/2/6 8528/2/6 8531/2/6
f 8531/2/6 8528/2/6 8532/2/6
f 8529/4/6 8530/4/6 8533/4/6
f 8533/4/6 8530/4/6 8534/4/6
f 8531/4/6 8532/4/6 8535/4/6
f 8535/4/6 8532/4/6 8536/4/6
f 8538/4/6 8539/4/6 8564/4/6
f 8539/2/6 8540/2/6 8565/2/6
f 8564/4/6 8539/4/6 8565/4/6
f 8540/4/6 8541/4/6 8566/4/6
f 8565/2/6 8540/2/6 8566/2/6
f 8541/1/6 8542/1/6 8567/1/6
f 8566/4/6 8541/4/6 8567/4/6
f 8542/4/6 8543/4/6 8568/4/6
f 8568/4/6 8543/4/6 8569/4/6
f 8544/4/6 8545/4/6 8570/4/6
f 8545/1/6 8546/1/6 8571/1/6
f 8570/4/6 8545/4/6 8571/4/6
f 8546/2/6 8547/2/6 8572/2/6
f 8571/1/6 8546/1/6 8572/1/6
f 8547/4/6 8548/4/6 8573/4/6
f 8572/2/6 8547/2/6 8573/2/6
f 8548/1/6 8549/1/6 8574/1/6
f 8573/4/6 8548/4/6 8574/4/6
f 8574/1/6 8549/1/6 8575/1/6
f 8575/1/6 8549/1/6 8576/1/6
f 8549/2/6 8550/2/6 8577/2/6
f 8576/1/6 8549/1/6 8577/1/6
f 8577/2/6 8550/2/6 8578/2/6
f 8551/4/6 8552/4/6 8579/4/6
f 8552/1/6 8553/1/6 8580/1/6
f 8579/4/6 8552/4/6 8580/4/6
f 8553/2/6 8554/2/6 8581/2/6
f 8580/1/6 8553/1/6 8581/1/6
f 8554/4/6 8555/4/6 8582/4/6
f 8581/2/6 8554/2/6 8582/2/6
f 8555/1/6 8556/1/6 8583/1/6
f 8582/4/6 8555/4/6 8583/4/6
f 8583/1/6 8556/1/6 8584/1/6
f 8584/1/6 8556/1/6 8585/1/6
f 8556/2/6 8557/2/6 8586/2/6
f 8585/1/6 8556/1/6 8586/1/6
f 8586/2/6 8557/2/6 8587/2/6
f 8558/2/6 8559/2/6 8588/2/6
f 8559/4/6 8560/4/6 8588/4/6
f 8560/1/6 8561/1/6 8589/1/6
f 8588/4/6 8560/4/6 8589/4/6
f 8561/4/6 8562/4/6 8590/4/6
f 8562/1/6 8563/1/6 8591/1/6
f 8590/4/6 8562/4/6 8591/4/6
f 8570/2/6 8571/2/6 8592/2/6
f 8571/4/6 8572/4/6 8592/4/6
f 8572/1/6 8573/1/6 8593/1/6
f 8592/4/6 8572/4/6 8593/4/6
f 8573/1/6 8574/1/6 8593/1/6
f 8593/1/6 8574/1/6 8594/1/6
f 8575/4/6 8576/4/6 8595/4/6
f 8574/2/6 8575/2/6 8595/2/6
f 8576/1/6 8577/1/6 8596/1/6
f 8595/4/6 8576/4/6 8596/4/6
f 8577/4/6 8578/4/6 8597/4/6
f 8596/1/6 8577/1/6 8597/1/6
f 8578/2/6 8550/2/6 8598/2/6
f 8597/4/6 8578/4/6 8598/4/6
f 8598/2/6 8550/2/6 8599/2/6
f 8579/2/6 8580/2/6 8600/2/6
f 8580/4/6 8581/4/6 8600/4/6
f 8581/1/6 8582/1/6 8601/1/6
f 8600/4/6 8581/4/6 8601/4/6
f 8582/1/6 8583/1/6 8601/1/6
f 8601/1/6 8583/1/6 8602/1/6
f 8584/4/6 8585/4/6 8603/4/6
f 8583/2/6 8584/2/6 8603/2/6
f 8585/1/6 8586/1/6 8604/1/6
f 8603/4/6 8585/4/6 8604/4/6
f 8586/4/6 8587/4/6 8605/4/6
f 8604/1/6 8586/1/6 8605/1/6
f 8587/2/6 8557/2/6 8606/2/6
f 8605/4/6 8587/4/6 8606/4/6
f 8606/2/6 8557/2/6 8607/2/6
f 8558/2/6 8588/2/6 8608/2/6
f 8588/2/6 8589/2/6 8608/2/6
f 8589/1/6 8561/1/6 8609/1/6
f 8608/2/6 8589/2/6 8609/2/6
f 8561/4/6 8590/4/6 8610/4/6
f 8609/1/6 8561/1/6 8610/1/6
f 8590/2/6 8591/2/6 8611/2/6
f 8610/4/6 8590/4/6 8611/4/6
f 8537/1/6 8538/1/6 8612/1/6
f 8538/4/6 8564/4/6 8612/4/6
f 8564/2/6 8565/2/6 8613/2/6
f 8612/4/6 8564/4/6 8613/4/6
f 8565/2/6 8566/2/6 8613/2/6
f 8566/2/6 8567/2/6 8613/2/6
f 8613/2/6 8567/2/6 8614/2/6
f 8614/2/6 8567/2/6 8615/2/6
f 8567/1/6 8542/1/6 8616/1/6
f 8542/4/6 8568/4/6 8616/4/6
f 8568/2/6 8569/2/6 8617/2/6
f 8616/4/6 8568/4/6 8617/4/6
f 8569/4/6 8543/4/6 8618/4/6
f 8617/2/6 8569/2/6 8618/2/6
f 8618/4/6 8543/4/6 8619/4/6
f 8570/2/6 8592/2/6 8620/2/6
f 8592/2/6 8593/2/6 8620/2/6
f 8620/2/6 8593/2/6 8621/2/6
f 8593/4/6 8594/4/6 8622/4/6
f 8621/2/6 8593/2/6 8622/2/6
f 8622/4/6 8594/4/6 8623/4/6
f 8596/4/6 8597/4/6 8624/4/6
f 8595/2/6 8596/2/6 8624/2/6
f 8598/1/6 8599/1/6 8625/1/6
f 8624/4/6 8597/4/6 8625/4/6
f 8597/1/6 8598/1/6 8625/1/6
f 8625/1/6 8599/1/6 8626/1/6
f 8626/1/6 8599/1/6 8627/1/6
f 8600/2/6 8601/2/6 8628/2/6
f 8579/2/6 8600/2/6 8628/2/6
f 8628/2/6 8601/2/6 8629/2/6
f 8601/4/6 8602/4/6 8630/4/6
f 8629/2/6 8601/2/6 8630/2/6
f 8602/1/6 8583/1/6 8631/1/6
f 8630/4/6 8602/4/6 8631/4/6
f 8604/4/6 8605/4/6 8632/4/6
f 8603/2/6 8604/2/6 8632/2/6
f 8606/1/6 8607/1/6 8633/1/6
f 8632/4/6 8605/4/6 8633/4/6
f 8605/1/6 8606/1/6 8633/1/6
f 8633/1/6 8607/1/6 8634/1/6
f 8634/1/6 8607/1/6 8635/1/6
f 8558/2/6 8608/2/6 8636/2/6
f 8608/4/6 8609/4/6 8637/4/6
f 8636/2/6 8608/2/6 8637/2/6
f 8610/1/6 8611/1/6 8638/1/6
f 8637/4/6 8609/4/6 8638/4/6
f 8609/1/6 8610/1/6 8638/1/6
f 8638/1/6 8611/1/6 8639/1/6
f 8611/2/6 8591/2/6 8640/2/6
f 8639/1/6 8611/1/6 8640/1/6
f 8591/1/6 8563/1/6 8641/1/6
f 8640/2/6 8591/2/6 8641/2/6
f 8537/1/6 8612/1/6 8642/1/6
f 8612/1/6 8613/1/6 8642/1/6
f 8613/1/6 8614/1/6 8642/1/6
f 8642/1/6 8614/1/6 8643/1/6
f 8614/4/6 8615/4/6 8644/4/6
f 8643/1/6 8614/1/6 8644/1/6
f 8615/2/6 8567/2/6 8645/2/6
f 8644/4/6 8615/4/6 8645/4/6
f 8645/2/6 8567/2/6 8646/2/6
f 8616/1/6 8617/1/6 8647/1/6
f 8646/2/6 8567/2/6 8647/2/6
f 8618/1/6 8619/1/6 8647/1/6
f 8567/1/6 8616/1/6 8647/1/6
f 8617/1/6 8618/1/6 8647/1/6
f 8647/1/6 8619/1/6 8648/1/6
f 8648/1/6 8619/1/6 8649/1/6
f 8649/1/6 8619/1/6 8650/1/6
f 8620/1/6 8621/1/6 8651/1/6
f 8651/1/6 8621/1/6 8652/1/6
f 8621/2/6 8622/2/6 8653/2/6
f 8652/1/6 8621/1/6 8653/1/6
f 8622/2/6 8623/2/6 8653/2/6
f 8653/2/6 8623/2/6 8654/2/6
f 8654/2/6 8623/2/6 8655/2/6
f 8623/4/6 8594/4/6 8656/4/6
f 8655/2/6 8623/2/6 8656/2/6
f 8594/1/6 8574/1/6 8657/1/6
f 8656/4/6 8594/4/6 8657/4/6
f 8595/2/6 8624/2/6 8658/2/6
f 8657/1/6 8574/1/6 8658/1/6
f 8574/2/6 8595/2/6 8658/2/6
f 8624/2/6 8625/2/6 8658/2/6
f 8658/2/6 8625/2/6 8659/2/6
f 8659/2/6 8625/2/6 8660/2/6
f 8625/1/6 8626/1/6 8661/1/6
f 8660/2/6 8625/2/6 8661/2/6
f 8626/4/6 8627/4/6 8662/4/6
f 8661/1/6 8626/1/6 8662/1/6
f 8662/4/6 8627/4/6 8663/4/6
f 8628/1/6 8629/1/6 8664/1/6
f 8664/1/6 8629/1/6 8665/1/6
f 8629/2/6 8630/2/6 8666/2/6
f 8665/1/6 8629/1/6 8666/1/6
f 8630/2/6 8631/2/6 8666/2/6
f 8666/2/6 8631/2/6 8667/2/6
f 8631/1/6 8583/1/6 8668/1/6
f 8667/2/6 8631/2/6 8668/2/6
f 8603/2/6 8632/2/6 8669/2/6
f 8668/1/6 8583/1/6 8669/1/6
f 8583/2/6 8603/2/6 8669/2/6
f 8632/2/6 8633/2/6 8669/2/6
f 8669/2/6 8633/2/6 8670/2/6
f 8670/2/6 8633/2/6 8671/2/6
f 8633/1/6 8634/1/6 8672/1/6
f 8671/2/6 8633/2/6 8672/2/6
f 8634/4/6 8635/4/6 8673/4/6
f 8672/1/6 8634/1/6 8673/1/6
f 8673/4/6 8635/4/6 8674/4/6
f 8636/1/6 8637/1/6 8675/1/6
f 8637/1/6 8638/1/6 8675/1/6
f 8675/1/6 8638/1/6 8676/1/6
f 8638/4/6 8639/4/6 8677/4/6
f 8676/1/6 8638/1/6 8677/1/6
f 8639/2/6 8640/2/6 8678/2/6
f 8677/4/6 8639/4/6 8678/4/6
f 8640/1/6 8641/1/6 8679/1/6
f 8678/2/6 8640/2/6 8679/2/6
f 8641/1/6 8563/1/6 8680/1/6
f 8679/1/6 8641/1/6 8680/1/6
f 8680/1/6 8563/1/6 8681/1/6
f 8647/1/6 8648/1/6 8682/1/6
f 8682/1/6 8648/1/6 8683/1/6
f 8670/2/6 8671/2/6 8684/2/6
f 8684/2/6 8671/2/6 8685/2/6
f 8686/2/6 8687/2/6 8710/2/6
f 8710/2/6 8687/2/6 8711/2/6
f 8711/2/6 8687/2/6 8712/2/6
f 8687/4/6 8688/4/6 8713/4/6
f 8712/2/6 8687/2/6 8713/2/6
f 8688/3/6 8689/3/6 8714/3/6
f 8713/4/6 8688/4/6 8714/4/6
f 8714/3/6 8689/3/6 8715/3/6
f 8690/2/6 8691/2/6 8716/2/6
f 8716/2/6 8691/2/6 8717/2/6
f 8691/4/6 8692/4/6 8718/4/6
f 8717/2/6 8691/2/6 8718/2/6
f 8718/4/6 8692/4/6 8719/4/6
f 8692/1/6 8693/1/6 8720/1/6
f 8719/4/6 8692/4/6 8720/4/6
f 8693/2/6 8694/2/6 8721/2/6
f 8720/1/6 8693/1/6 8721/1/6
f 8694/4/6 8695/4/6 8722/4/6
f 8721/2/6 8694/2/6 8722/2/6
f 8722/4/6 8695/4/6 8723/4/6
f 8723/4/6 8695/4/6 8724/4/6
f 8695/1/6 8696/1/6 8725/1/6
f 8724/4/6 8695/4/6 8725/4/6
f 8696/2/6 8697/2/6 8726/2/6
f 8725/1/6 8696/1/6 8726/1/6
f 8697/4/6 8698/4/6 8727/4/6
f 8726/2/6 8697/2/6 8727/2/6
f 8698/1/6 8699/1/6 8728/1/6
f 8727/4/6 8698/4/6 8728/4/6
f 8728/1/6 8699/1/6 8729/1/6
f 8729/1/6 8699/1/6 8730/1/6
f 8699/4/6 8700/4/6 8731/4/6
f 8730/1/6 8699/1/6 8731/1/6
f 8731/4/6 8700/4/6 8732/4/6
f 8701/4/6 8702/4/6 8733/4/6
f 8702/2/6 8703/2/6 8734/2/6
f 8733/4/6 8702/4/6 8734/4/6
f 8703/4/6 8704/4/6 8735/4/6
f 8734/2/6 8703/2/6 8735/2/6
f 8704/1/6 8705/1/6 8736/1/6
f 8735/4/6 8704/4/6 8736/4/6
f 8705/2/6 8706/2/6 8737/2/6
f 8736/1/6 8705/1/6 8737/1/6
f 8737/2/6 8706/2/6 8738/2/6
f 8738/2/6 8706/2/6 8739/2/6
f 8706/4/6 8707/4/6 8740/4/6
f 8739/2/6 8706/2/6 8740/2/6
f 8707/2/6 8708/2/6 8741/2/6
f 8740/4/6 8707/4/6 8741/4/6
f 8741/2/6 8708/2/6 8742/2/6
f 8709/2/6 8710/2/6 8744/2/6
f 8744/2/6 8710/2/6 8745/2/6
f 8715/3/6 8716/3/6 8746/3/6
f 8746/3/6 8716/3/6 8747/3/6
f 8732/4/6 8733/4/6 8748/4/6
f 8748/4/6 8733/4/6 8749/4/6
f 8742/2/6 8743/2/6 8750/2/6
f 8750/2/6 8743/2/6 8751/2/6
f 8744/1/6 8745/1/6 8752/1/6
f 8752/1/6 8745/1/6 8753/1/6
f 8746/4/6 8747/4/6 8754/4/6
f 8754/4/6 8747/4/6 8755/4/6
f 8748/2/6 8749/2/6 8756/2/6
f 8750/1/6 8751/1/6 8757/1/6
f 8757/1/6 8751/1/6 8758/1/6
f 8752/2/6 8753/2/6 8759/2/6
f 8759/2/6 8753/2/6 8760/2/6
f 8754/4/6 8755/4/6 8761/4/6
f 8761/4/6 8755/4/6 8762/4/6
f 8748/2/6 8756/2/6 8763/2/6
f 8763/2/6 8756/2/6 8764/2/6
f 8757/2/6 8758/2/6 8765/2/6
f 8765/2/6 8758/2/6 8766/2/6
f 8759/4/6 8760/4/6 8767/4/6
f 8767/4/6 8760/4/6 8768/4/6
f 8763/4/6 8764/4/6 8769/4/6
f 8769/4/6 8764/4/6 8770/4/6
f 8765/4/6 8766/4/6 8771/4/6
f 8771/4/6 8766/4/6 8772/4/6
f 8767/1/6 8768/1/6 8773/1/6
f 8773/1/6 8768/1/6 8774/1/6
f 8761/2/6 8762/2/6 8775/2/6
f 8775/2/6 8762/2/6 8776/2/6
f 8769/1/6 8770/1/6 8777/1/6
f 8777/1/6 8770/1/6 8778/1/6
f 8771/1/6 8772/1/6 8779/1/6
f 8779/1/6 8772/1/6 8780/1/6
f 8773/2/6 8774/2/6 8781/2/6
f 8781/2/6 8774/2/6 8782/2/6
f 8779/2/6 8780/2/6 8783/2/6
f 8783/2/6 8780/2/6 8784/2/6
f 8781/4/6 8782/4/6 8785/4/6
f 8785/4/6 8782/4/6 8786/4/6
f 8783/4/6 8784/4/6 8787/4/6
f 8787/4/6 8784/4/6 8788/4/6
f 8785/1/6 8786/1/6 8789/1/6
f 8789/1/6 8786/1/6 8790/1/6
f 8787/1/6 8788/1/6 8791/1/6
f 8791/1/6 8788/1/6 8792/1/6
f 8789/2/6 8790/2/6 8793/2/6
f 8793/2/6 8790/2/6 8794/2/6
f 8791/2/6 8792/2/6 8795/2/6
f 8795/2/6 8792/2/6 8796/2/6
f 8793/4/6 8794/4/6 8797/4/6
f 8797/4/6 8794/4/6 8798/4/6
f 8795/4/6 8796/4/6 8799/4/6
f 8799/4/6 8796/4/6 8800/4/6
f 8801/4/6 8802/4/6 8805/4/6
f 8803/4/6 8804/4/6 8806/4/6
f 8801/4/6 8805/4/6 8807/4/6
f 8807/4/6 8805/4/6 8808/4/6
f 8806/4/6 8804/4/6 8809/4/6
f 8809/4/6 8804/4/6 8810/4/6
f 8807/1/6 8808/1/6 8811/1/6
f 8811/1/6 8808/1/6 8812/1/6
f 8809/1/6 8810/1/6 8813/1/6
f 8813/1/6 8810/1/6 8814/1/6
f 8811/2/6 8812/2/6 8815/2/6
f 8813/2/6 8814/2/6 8816/2/6
f 8811/2/6 8815/2/6 8817/2/6
f 8817/2/6 8815/2/6 8818/2/6
f 8816/2/6 8814/2/6 8819/2/6
f 8819/2/6 8814/2/6 8820/2/6
f 8817/4/6 8818/4/6 8821/4/6
f 8821/4/6 8818/4/6 8822/4/6
f 8819/4/6 8820/4/6 8823/4/6
f 8823/4/6 8820/4/6 8824/4/6
f 8821/3/6 8822/3/6 8825/3/6
f 8825/3/6 8822/3/6 8826/3/6
f 8823/3/6 8824/3/6 8827/3/6
f 8827/3/6 8824/3/6 8828/3/6
f 8825/2/6 8826/2/6 8829/2/6
f 8829/2/6 8826/2/6 8830/2/6
f 8827/2/6 8828/2/6 8831/2/6
f 8831/2/6 8828/2/6 8832/2/6
f 8833/4/6 8834/4/6 8855/4/6
f 8834/1/6 8835/1/6 8856/1/6
f 8855/4/6 8834/4/6 8856/4/6
f 8835/2/6 8836/2/6 8857/2/6
f 8856/1/6 8835/1/6 8857/1/6
f 8857/2/6 8836/2/6 8858/2/6
f 8837/1/6 8838/1/6 8859/1/6
f 8838/2/6 8839/2/6 8859/2/6
f 8859/2/6 8839/2/6 8860/2/6
f 8841/2/6 8842/2/6 8861/2/6
f 8842/4/6 8843/4/6 8862/4/6
f 8861/2/6 8842/2/6 8862/2/6
f 8843/1/6 8844/1/6 8863/1/6
f 8844/2/6 8845/2/6 8864/2/6
f 8863/1/6 8844/1/6 8864/1/6
f 8845/4/6 8846/4/6 8865/4/6
f 8864/2/6 8845/2/6 8865/2/6
f 8846/1/6 8847/1/6 8866/1/6
f 8865/4/6 8846/4/6 8866/4/6
f 8849/1/6 8850/1/6 8867/1/6
f 8867/1/6 8850/1/6 8868/1/6
f 8868/1/6 8850/1/6 8869/1/6
f 8850/2/6 8851/2/6 8870/2/6
f 8869/1/6 8850/1/6 8870/1/6
f 8851/1/6 8852/1/6 8871/1/6
f 8852/2/6 8853/2/6 8871/2/6
f 8871/2/6 8853/2/6 8872/2/6
f 8853/4/6 8854/4/6 8873/4/6
f 8872/2/6 8853/2/6 8873/2/6
f 8873/4/6 8854/4/6 8874/4/6
f 8858/2/6 8836/2/6 8875/2/6
f 8857/4/6 8858/4/6 8875/4/6
f 8875/2/6 8836/2/6 8876/2/6
f 8837/1/6 8859/1/6 8877/1/6
f 8859/1/6 8860/1/6 8877/1/6
f 8877/1/6 8860/1/6 8878/1/6
f 8839/4/6 8840/4/6 8879/4/6
f 8840/1/6 8841/1/6 8879/1/6
f 8841/2/6 8861/2/6 8880/2/6
f 8879/1/6 8841/1/6 8880/1/6
f 8861/4/6 8862/4/6 8881/4/6
f 8880/2/6 8861/2/6 8881/2/6
f 8862/4/6 8843/4/6 8882/4/6
f 8881/4/6 8862/4/6 8882/4/6
f 8843/1/6 8863/1/6 8882/1/6
f 8882/1/6 8863/1/6 8883/1/6
f 8863/4/6 8864/4/6 8884/4/6
f 8883/1/6 8863/1/6 8884/1/6
f 8864/2/6 8865/2/6 8885/2/6
f 8884/4/6 8864/4/6 8885/4/6
f 8865/2/6 8866/2/6 8885/2/6
f 8866/1/6 8847/1/6 8886/1/6
f 8885/2/6 8866/2/6 8886/2/6
f 8847/2/6 8848/2/6 8887/2/6
f 8886/1/6 8847/1/6 8887/1/6
f 8887/2/6 8848/2/6 8888/2/6
f 8867/4/6 8868/4/6 8889/4/6
f 8868/1/6 8869/1/6 8890/1/6
f 8889/4/6 8868/4/6 8890/4/6
f 8870/2/6 8851/2/6 8891/2/6
f 8869/4/6 8870/4/6 8891/4/6
f 8891/2/6 8851/2/6 8892/2/6
f 8871/4/6 8872/4/6 8893/4/6
f 8873/2/6 8874/2/6 8893/2/6
f 8872/2/6 8873/2/6 8893/2/6
f 8893/2/6 8874/2/6 8894/2/6
f 8855/2/6 8856/2/6 8895/2/6
f 8856/1/6 8857/1/6 8896/1/6
f 8895/2/6 8856/2/6 8896/2/6
f 8875/4/6 8876/4/6 8897/4/6
f 8896/1/6 8857/1/6 8897/1/6
f 8857/4/6 8875/4/6 8897/4/6
f 8897/4/6 8876/4/6 8898/4/6
f 8898/4/6 8876/4/6 8899/4/6
f 8899/4/6 8876/4/6 8900/4/6
f 8877/4/6 8878/4/6 8901/4/6
f 8878/1/6 8860/1/6 8902/1/6
f 8901/4/6 8878/4/6 8902/4/6
f 8860/2/6 8839/2/6 8903/2/6
f 8839/4/6 8879/4/6 8904/4/6
f 8903/2/6 8839/2/6 8904/2/6
f 8879/4/6 8880/4/6 8904/4/6
f 8904/4/6 8880/4/6 8905/4/6
f 8880/1/6 8881/1/6 8906/1/6
f 8905/4/6 8880/4/6 8906/4/6
f 8881/1/6 8882/1/6 8906/1/6
f 8906/1/6 8882/1/6 8907/1/6
f 8882/4/6 8883/4/6 8908/4/6
f 8907/1/6 8882/1/6 8908/1/6
f 8886/4/6 8887/4/6 8909/4/6
f 8887/1/6 8888/1/6 8909/1/6
f 8888/2/6 8848/2/6 8910/2/6
f 8909/1/6 8888/1/6 8910/1/6
f 8910/2/6 8848/2/6 8911/2/6
f 8889/2/6 8890/2/6 8912/2/6
f 8890/1/6 8869/1/6 8913/1/6
f 8912/2/6 8890/2/6 8913/2/6
f 8891/4/6 8892/4/6 8914/4/6
f 8913/1/6 8869/1/6 8914/1/6
f 8869/4/6 8891/4/6 8914/4/6
f 8892/2/6 8851/2/6 8915/2/6
f 8914/4/6 8892/4/6 8915/4/6
f 8851/1/6 8871/1/6 8916/1/6
f 8915/2/6 8851/2/6 8916/2/6
f 8893/4/6 8894/4/6 8917/4/6
f 8916/1/6 8871/1/6 8917/1/6
f 8871/4/6 8893/4/6 8917/4/6
f 8917/4/6 8894/4/6 8918/4/6
f 8894/2/6 8874/2/6 8919/2/6
f 8918/4/6 8894/4/6 8919/4/6
f 8919/2/6 8874/2/6 8920/2/6
f 8895/4/6 8896/4/6 8921/4/6
f 8896/2/6 8897/2/6 8922/2/6
f 8921/4/6 8896/4/6 8922/4/6
f 8897/2/6 8898/2/6 8922/2/6
f 8898/1/6 8899/1/6 8923/1/6
f 8922/2/6 8898/2/6 8923/2/6
f 8899/2/6 8900/2/6 8924/2/6
f 8923/1/6 8899/1/6 8924/1/6
f 8924/2/6 8900/2/6 8925/2/6
f 8925/2/6 8900/2/6 8926/2/6
f 8901/2/6 8902/2/6 8927/2/6
f 8927/2/6 8902/2/6 8928/2/6
f 8902/1/6 8860/1/6 8929/1/6
f 8928/2/6 8902/2/6 8929/2/6
f 8860/2/6 8903/2/6 8930/2/6
f 8929/1/6 8860/1/6 8930/1/6
f 8904/4/6 8905/4/6 8931/4/6
f 8930/2/6 8903/2/6 8931/2/6
f 8903/4/6 8904/4/6 8931/4/6
f 8931/4/6 8905/4/6 8932/4/6
f 8932/4/6 8905/4/6 8933/4/6
f 8905/1/6 8906/1/6 8934/1/6
f 8933/4/6 8905/4/6 8934/4/6
f 8906/2/6 8907/2/6 8935/2/6
f 8934/1/6 8906/1/6 8935/1/6
f 8935/2/6 8907/2/6 8936/2/6
f 8936/2/6 8907/2/6 8937/2/6
f 8907/4/6 8908/4/6 8938/4/6
f 8937/2/6 8907/2/6 8938/2/6
f 8883/1/6 8884/1/6 8939/1/6
f 8938/4/6 8908/4/6 8939/4/6
f 8908/4/6 8883/4/6 8939/4/6
f 8885/2/6 8886/2/6 8940/2/6
f 8939/1/6 8884/1/6 8940/1/6
f 8884/2/6 8885/2/6 8940/2/6
f 8940/2/6 8886/2/6 8941/2/6
f 8886/4/6 8909/4/6 8942/4/6
f 8941/2/6 8886/2/6 8942/2/6
f 8909/4/6 8910/4/6 8942/4/6
f 8942/4/6 8910/4/6 8943/4/6
f 8910/1/6 8911/1/6 8944/1/6
f 8943/4/6 8910/4/6 8944/4/6
f 8944/1/6 8911/1/6 8945/1/6
f 8945/1/6 8911/1/6 8946/1/6
f 8912/1/6 8913/1/6 8947/1/6
f 8913/4/6 8914/4/6 8948/4/6
f 8947/1/6 8913/1/6 8948/1/6
f 8917/2/6 8918/2/6 8949/2/6
f 8948/4/6 8914/4/6 8949/4/6
f 8915/2/6 8916/2/6 8949/2/6
f 8914/2/6 8915/2/6 8949/2/6
f 8916/2/6 8917/2/6 8949/2/6
f 8949/2/6 8918/2/6 8950/2/6
f 8950/2/6 8918/2/6 8951/2/6
f 8951/2/6 8918/2/6 8952/2/6
f 8919/4/6 8920/4/6 8953/4/6
f 8952/2/6 8918/2/6 8953/2/6
f 8918/4/6 8919/4/6 8953/4/6
f 8953/4/6 8920/4/6 8954/4/6
f 8954/4/6 8920/4/6 8955/4/6
f 8932/1/6 8933/1/6 8956/1/6
f 8956/1/6 8933/1/6 8957/1/6
f 8942/4/6 8943/4/6 8958/4/6
f 8958/4/6 8943/4/6 8959/4/6
f 8950/2/6 8951/2/6 8960/2/6
f 8960/2/6 8951/2/6 8961/2/6
f 8962/2/6 8963/2/6 8992/2/6
f 8963/4/6 8964/4/6 8993/4/6
f 8992/2/6 8963/2/6 8993/2/6
f 8993/4/6 8964/4/6 8994/4/6
f 8964/1/6 8965/1/6 8995/1/6
f 8994/4/6 8964/4/6 8995/4/6
f 8965/2/6 8966/2/6 8996/2/6
f 8995/1/6 8965/1/6 8996/1/6
f 8966/4/6 8967/4/6 8997/4/6
f 8996/2/6 8966/2/6 8997/2/6
f 8967/1/6 8968/1/6 8998/1/6
f 8997/4/6 8967/4/6 8998/4/6
f 8998/1/6 8968/1/6 8999/1/6
f 8999/1/6 8968/1/6 9000/1/6
f 8968/4/6 8969/4/6 9001/4/6
f 9000/1/6 8968/1/6 9001/1/6
f 9001/4/6 8969/4/6 9002/4/6
f 8970/4/6 8971/4/6 9003/4/6
f 8971/2/6 8972/2/6 9004/2/6
f 9003/4/6 8971/4/6 9004/4/6
f 8972/4/6 8973/4/6 9005/4/6
f 9004/2/6 8972/2/6 9005/2/6
f 8973/1/6 8974/1/6 9006/1/6
f 9005/4/6 8973/4/6 9006/4/6
f 8974/2/6 8975/2/6 9007/2/6
f 9006/1/6 8974/1/6 9007/1/6
f 9007/2/6 8975/2/6 9008/2/6
f 8975/4/6 8976/4/6 9009/4/6
f 9008/2/6 8975/2/6 9009/2/6
f 9009/4/6 8976/4/6 9010/4/6
f 8976/1/6 8977/1/6 9011/1/6
f 9010/4/6 8976/4/6 9011/4/6
f 8977/2/6 8978/2/6 9012/2/6
f 9011/1/6 8977/1/6 9012/1/6
f 8978/4/6 8979/4/6 9013/4/6
f 9012/2/6 8978/2/6 9013/2/6
f 8979/3/6 8980/3/6 9014/3/6
f 9013/4/6 8979/4/6 9014/4/6
f 9014/3/6 8980/3/6 9015/3/6
f 8981/2/6 8982/2/6 9016/2/6
f 8982/4/6 8983/4/6 9017/4/6
f 9016/2/6 8982/2/6 9017/2/6
f 8983/2/6 8984/2/6 9018/2/6
f 9017/4/6 8983/4/6 9018/4/6
f 9018/2/6 8984/2/6 9019/2/6
f 8984/4/6 8985/4/6 9020/4/6
f 9019/2/6 8984/2/6 9020/2/6
f 8985/1/6 8986/1/6 9021/1/6
f 9020/4/6 8985/4/6 9021/4/6
f 8986/2/6 8987/2/6 9022/2/6
f 9021/1/6 8986/1/6 9022/1/6
f 8987/4/6 8988/4/6 9023/4/6
f 9022/2/6 8987/2/6 9023/2/6
f 9023/4/6 8988/4/6 9024/4/6
f 8989/2/6 8990/2/6 9025/2/6
f 9025/2/6 8990/2/6 9026/2/6
f 9026/2/6 8990/2/6 9027/2/6
f 8991/1/6 8992/1/6 9029/1/6
f 9002/1/6 9003/1/6 9030/1/6
f 9015/1/6 9016/1/6 9031/1/6
f 9024/2/6 9025/2/6 9032/2/6
f 9027/1/6 9028/1/6 9033/1/6
f 8991/1/6 9029/1/6 9034/1/6
f 9002/1/6 9030/1/6 9035/1/6
f 9035/1/6 9030/1/6 9036/1/6
f 9015/1/6 9031/1/6 9037/1/6
f 9037/1/6 9031/1/6 9038/1/6
f 9024/2/6 9032/2/6 9039/2/6
f 9039/2/6 9032/2/6 9040/2/6
f 9033/1/6 9028/1/6 9041/1/6
f 8991/1/6 9034/1/6 9042/1/6
f 9042/1/6 9034/1/6 9043/1/6
f 9035/1/6 9036/1/6 9044/1/6
f 9044/1/6 9036/1/6 9045/1/6
f 9037/4/6 9038/4/6 9046/4/6
f 9046/4/6 9038/4/6 9047/4/6
f 9039/4/6 9040/4/6 9048/4/6
f 9048/4/6 9040/4/6 9049/4/6
f 9041/1/6 9028/1/6 9050/1/6
f 9050/1/6 9028/1/6 9051/1/6
f 9044/2/6 9045/2/6 9052/2/6
f 9052/2/6 9045/2/6 9053/2/6
f 9046/2/6 9047/2/6 9054/2/6
f 9054/2/6 9047/2/6 9055/2/6
f 9048/1/6 9049/1/6 9056/1/6
f 9056/1/6 9049/1/6 9057/1/6
f 9042/2/6 9043/2/6 9058/2/6
f 9058/2/6 9043/2/6 9059/2/6
f 9052/1/6 9053/1/6 9060/1/6
f 9060/1/6 9053/1/6 9061/1/6
f 9054/1/6 9055/1/6 9062/1/6
f 9062/1/6 9055/1/6 9063/1/6
f 9056/2/6 9057/2/6 9064/2/6
f 9064/2/6 9057/2/6 9065/2/6
f 9050/2/6 9051/2/6 9066/2/6
f 9066/2/6 9051/2/6 9067/2/6
f 9058/4/6 9059/4/6 9068/4/6
f 9068/4/6 9059/4/6 9069/4/6
f 9066/4/6 9067/4/6 9070/4/6
f 9070/4/6 9067/4/6 9071/4/6
f 9068/1/6 9069/1/6 9072/1/6
f 9070/1/6 9071/1/6 9073/1/6
f 9068/1/6 9072/1/6 9074/1/6
f 9074/1/6 9072/1/6 9075/1/6
f 9073/1/6 9071/1/6 9076/1/6
f 9076/1/6 9071/1/6 9077/1/6
f 9074/4/6 9075/4/6 9078/4/6
f 9078/4/6 9075/4/6 9079/4/6
f 9076/4/6 9077/4/6 9080/4/6
f 9080/4/6 9077/4/6 9081/4/6
f 9078/2/6 9079/2/6 9082/2/6
f 9080/2/6 9081/2/6 9083/2/6
f 9078/2/6 9082/2/6 9084/2/6
f 9084/2/6 9082/2/6 9085/2/6
f 9083/2/6 9081/2/6 9086/2/6
f 9086/2/6 9081/2/6 9087/2/6
f 9084/4/6 9085/4/6 9088/4/6
f 9088/4/6 9085/4/6 9089/4/6
f 9086/4/6 9087/4/6 9090/4/6
f 9090/4/6 9087/4/6 9091/4/6
f 9092/1/6 9093/1/6 9096/1/6
f 9094/1/6 9095/1/6 9097/1/6
f 9092/1/6 9096/1/6 9098/1/6
f 9098/1/6 9096/1/6 9099/1/6
f 9097/1/6 9095/1/6 9100/1/6
f 9100/1/6 9095/1/6 9101/1/6
f 9102/2/6 9103/2/6 9128/2/6
f 9103/4/6 9104/4/6 9129/4/6
f 9128/2/6 9103/2/6 9129/2/6
f 9104/1/6 9105/1/6 9130/1/6
f 9129/4/6 9104/4/6 9130/4/6
f 9130/1/6 9105/1/6 9131/1/6
f 9105/4/6 9106/4/6 9132/4/6
f 9131/1/6 9105/1/6 9132/1/6
f 9106/2/6 9107/2/6 9133/2/6
f 9132/4/6 9106/4/6 9133/4/6
f 9107/1/6 9108/1/6 9134/1/6
f 9133/2/6 9107/2/6 9134/2/6
f 9108/2/6 9109/2/6 9135/2/6
f 9134/1/6 9108/1/6 9135/1/6
f 9135/2/6 9109/2/6 9136/2/6
f 9110/4/6 9111/4/6 9137/4/6
f 9111/1/6 9112/1/6 9138/1/6
f 9137/4/6 9111/4/6 9138/4/6
f 9138/1/6 9112/1/6 9139/1/6
f 9112/2/6 9113/2/6 9140/2/6
f 9139/1/6 9112/1/6 9140/1/6
f 9113/4/6 9114/4/6 9141/4/6
f 9140/2/6 9113/2/6 9141/2/6
f 9114/1/6 9115/1/6 9142/1/6
f 9141/4/6 9114/4/6 9142/4/6
f 9115/2/6 9116/2/6 9143/2/6
f 9142/1/6 9115/1/6 9143/1/6
f 9116/1/6 9117/1/6 9144/1/6
f 9143/2/6 9116/2/6 9144/2/6
f 9144/1/6 9117/1/6 9145/1/6
f 9145/1/6 9117/1/6 9146/1/6
f 9146/1/6 9117/1/6 9147/1/6
f 9117/2/6 9118/2/6 9148/2/6
f 9147/1/6 9117/1/6 9148/1/6
f 9119/1/6 9120/1/6 9149/1/6
f 9120/4/6 9121/4/6 9150/4/6
f 9149/1/6 9120/1/6 9150/1/6
f 9121/1/6 9122/1/6 9151/1/6
f 9122/2/6 9123/2/6 9151/2/6
f 9123/1/6 9124/1/6 9152/1/6
f 9151/2/6 9123/2/6 9152/2/6
f 9152/1/6 9124/1/6 9153/1/6
f 9153/1/6 9124/1/6 9154/1/6
f 9154/1/6 9124/1/6 9155/1/6
f 9125/1/6 9126/1/6 9156/1/6
f 9156/1/6 9126/1/6 9157/1/6
f 9126/2/6 9127/2/6 9158/2/6
f 9158/2/6 9127/2/6 9159/2/6
f 9128/1/6 9129/1/6 9160/1/6
f 9129/1/6 9130/1/6 9160/1/6
f 9130/4/6 9131/4/6 9161/4/6
f 9160/1/6 9130/1/6 9161/1/6
f 9131/1/6 9132/1/6 9162/1/6
f 9132/2/6 9133/2/6 9162/2/6
f 9133/2/6 9134/2/6 9162/2/6
f 9162/2/6 9134/2/6 9163/2/6
f 9163/2/6 9134/2/6 9164/2/6
f 9134/4/6 9135/4/6 9165/4/6
f 9164/2/6 9134/2/6 9165/2/6
f 9136/2/6 9109/2/6 9166/2/6
f 9135/1/6 9136/1/6 9166/1/6
f 9166/2/6 9109/2/6 9167/2/6
f 9138/1/6 9139/1/6 9168/1/6
f 9137/1/6 9138/1/6 9168/1/6
f 9139/2/6 9140/2/6 9169/2/6
f 9168/1/6 9139/1/6 9169/1/6
f 9140/2/6 9141/2/6 9169/2/6
f 9141/2/6 9142/2/6 9169/2/6
f 9142/2/6 9143/2/6 9169/2/6
f 9143/2/6 9144/2/6 9169/2/6
f 9144/2/6 9145/2/6 9169/2/6
f 9169/2/6 9145/2/6 9170/2/6
f 9170/2/6 9145/2/6 9171/2/6
f 9145/4/6 9146/4/6 9172/4/6
f 9171/2/6 9145/2/6 9172/2/6
f 9146/1/6 9147/1/6 9173/1/6
f 9172/4/6 9146/4/6 9173/4/6
f 9147/2/6 9148/2/6 9174/2/6
f 9173/1/6 9147/1/6 9174/1/6
f 9174/2/6 9148/2/6 9175/2/6
f 9149/4/6 9150/4/6 9176/4/6
f 9150/4/6 9121/4/6 9177/4/6
f 9176/4/6 9150/4/6 9177/4/6
f 9121/1/6 9151/1/6 9177/1/6
f 9151/1/6 9152/1/6 9177/1/6
f 9177/1/6 9152/1/6 9178/1/6
f 9152/4/6 9153/4/6 9179/4/6
f 9178/1/6 9152/1/6 9179/1/6
f 9153/1/6 9154/1/6 9180/1/6
f 9179/4/6 9153/4/6 9180/4/6
f 9154/4/6 9155/4/6 9181/4/6
f 9180/1/6 9154/1/6 9181/1/6
f 9155/1/6 9124/1/6 9182/1/6
f 9181/4/6 9155/4/6 9182/4/6
f 9182/1/6 9124/1/6 9183/1/6
f 9156/4/6 9157/4/6 9184/4/6
f 9157/1/6 9126/1/6 9185/1/6
f 9184/4/6 9157/4/6 9185/4/6
f 9126/2/6 9158/2/6 9186/2/6
f 9185/1/6 9126/1/6 9186/1/6
f 9158/1/6 9159/1/6 9187/1/6
f 9186/2/6 9158/2/6 9187/2/6
f 9187/1/6 9159/1/6 9188/1/6
f 9160/2/6 9161/2/6 9189/2/6
f 9189/2/6 9161/2/6 9190/2/6
f 9162/1/6 9163/1/6 9191/1/6
f 9163/2/6 9164/2/6 9191/2/6
f 9164/4/6 9165/4/6 9192/4/6
f 9191/2/6 9164/2/6 9192/2/6
f 9165/4/6 9135/4/6 9193/4/6
f 9192/4/6 9165/4/6 9193/4/6
f 9166/1/6 9167/1/6 9193/1/6
f 9135/1/6 9166/1/6 9193/1/6
f 9168/4/6 9169/4/6 9194/4/6
f 9169/2/6 9170/2/6 9195/2/6
f 9194/4/6 9169/4/6 9195/4/6
f 9170/4/6 9171/4/6 9196/4/6
f 9195/2/6 9170/2/6 9196/2/6
f 9171/2/6 9172/2/6 9197/2/6
f 9196/4/6 9171/4/6 9197/4/6
f 9172/2/6 9173/2/6 9197/2/6
f 9197/2/6 9173/2/6 9198/2/6
f 9198/2/6 9173/2/6 9199/2/6
f 9173/1/6 9174/1/6 9200/1/6
f 9199/2/6 9173/2/6 9200/2/6
f 9174/4/6 9175/4/6 9201/4/6
f 9200/1/6 9174/1/6 9201/1/6
f 9175/2/6 9148/2/6 9202/2/6
f 9201/4/6 9175/4/6 9202/4/6
f 9148/2/6 9118/2/6 9203/2/6
f 9202/2/6 9148/2/6 9203/2/6
f 9203/2/6 9118/2/6 9204/2/6
f 9179/2/6 9180/2/6 9205/2/6
f 9178/2/6 9179/2/6 9205/2/6
f 9180/1/6 9181/1/6 9206/1/6
f 9205/2/6 9180/2/6 9206/2/6
f 9181/2/6 9182/2/6 9207/2/6
f 9206/1/6 9181/1/6 9207/1/6
f 9182/4/6 9183/4/6 9208/4/6
f 9207/2/6 9182/2/6 9208/2/6
f 9208/4/6 9183/4/6 9209/4/6
f 9184/2/6 9185/2/6 9210/2/6
f 9185/1/6 9186/1/6 9211/1/6
f 9210/2/6 9185/2/6 9211/2/6
f 9186/1/6 9187/1/6 9211/1/6
f 9211/1/6 9187/1/6 9212/1/6
f 9187/2/6 9188/2/6 9213/2/6
f 9212/1/6 9187/1/6 9213/1/6
f 9213/2/6 9188/2/6 9214/2/6
f 9189/1/6 9190/1/6 9215/1/6
f 9190/2/6 9161/2/6 9216/2/6
f 9215/1/6 9190/1/6 9216/1/6
f 9216/2/6 9161/2/6 9217/2/6
f 9161/4/6 9131/4/6 9218/4/6
f 9217/2/6 9161/2/6 9218/2/6
f 9191/1/6 9192/1/6 9219/1/6
f 9218/4/6 9131/4/6 9219/4/6
f 9131/1/6 9162/1/6 9219/1/6
f 9162/1/6 9191/1/6 9219/1/6
f 9192/1/6 9193/1/6 9219/1/6
f 9219/1/6 9193/1/6 9220/1/6
f 9193/1/6 9167/1/6 9221/1/6
f 9220/1/6 9193/1/6 9221/1/6
f 9221/1/6 9167/1/6 9222/1/6
f 9222/1/6 9167/1/6 9223/1/6
f 9195/1/6 9196/1/6 9224/1/6
f 9194/1/6 9195/1/6 9224/1/6
f 9196/1/6 9197/1/6 9224/1/6
f 9224/1/6 9197/1/6 9225/1/6
f 9225/1/6 9197/1/6 9226/1/6
f 9226/1/6 9197/1/6 9227/1/6
f 9197/4/6 9198/4/6 9228/4/6
f 9227/1/6 9197/1/6 9228/1/6
f 9228/4/6 9198/4/6 9229/4/6
f 9198/2/6 9199/2/6 9230/2/6
f 9229/4/6 9198/4/6 9230/4/6
f 9201/1/6 9202/1/6 9231/1/6
f 9230/2/6 9199/2/6 9231/2/6
f 9200/1/6 9201/1/6 9231/1/6
f 9199/1/6 9200/1/6 9231/1/6
f 9231/1/6 9202/1/6 9232/1/6
f 9232/1/6 9202/1/6 9233/1/6
f 9202/4/6 9203/4/6 9234/4/6
f 9233/1/6 9202/1/6 9234/1/6
f 9203/1/6 9204/1/6 9235/1/6
f 9234/4/6 9203/4/6 9235/4/6
f 9235/1/6 9204/1/6 9236/1/6
f 9176/2/6 9177/2/6 9237/2/6
f 9237/2/6 9177/2/6 9238/2/6
f 9177/1/6 9178/1/6 9239/1/6
f 9238/2/6 9177/2/6 9239/2/6
f 9178/2/6 9205/2/6 9240/2/6
f 9239/1/6 9178/1/6 9240/1/6
f 9208/1/6 9209/1/6 9241/1/6
f 9240/2/6 9205/2/6 9241/2/6
f 9206/1/6 9207/1/6 9241/1/6
f 9205/1/6 9206/1/6 9241/1/6
f 9207/1/6 9208/1/6 9241/1/6
f 9241/1/6 9209/1/6 9242/1/6
f 9242/1/6 9209/1/6 9243/1/6
f 9243/1/6 9209/1/6 9244/1/6
f 9244/1/6 9209/1/6 9245/1/6
f 9245/1/6 9209/1/6 9246/1/6
f 9210/4/6 9211/4/6 9247/4/6
f 9211/1/6 9212/1/6 9248/1/6
f 9247/4/6 9211/4/6 9248/4/6
f 9212/4/6 9213/4/6 9249/4/6
f 9248/1/6 9212/1/6 9249/1/6
f 9213/1/6 9214/1/6 9250/1/6
f 9249/4/6 9213/4/6 9250/4/6
f 9250/1/6 9214/1/6 9251/1/6
f 9219/1/6 9220/1/6 9252/1/6
f 9252/1/6 9220/1/6 9253/1/6
f 9228/1/6 9229/1/6 9254/1/6
f 9254/1/6 9229/1/6 9255/1/6
f 9241/1/6 9242/1/6 9256/1/6
f 9256/1/6 9242/1/6 9257/1/6
f 9258/2/6 9259/2/6 9288/2/6
f 9259/1/6 9260/1/6 9289/1/6
f 9288/2/6 9259/2/6 9289/2/6
f 9289/1/6 9260/1/6 9290/1/6
f 9290/1/6 9260/1/6 9291/1/6
f 9260/4/6 9261/4/6 9292/4/6
f 9291/1/6 9260/1/6 9292/1/6
f 9292/4/6 9261/4/6 9293/4/6
f 9262/4/6 9263/4/6 9294/4/6
f 9263/2/6 9264/2/6 9295/2/6
f 9294/4/6 9263/4/6 9295/4/6
f 9264/1/6 9265/1/6 9296/1/6
f 9295/2/6 9264/2/6 9296/2/6
f 9265/4/6 9266/4/6 9297/4/6
f 9296/1/6 9265/1/6 9297/1/6
f 9266/2/6 9267/2/6 9298/2/6
f 9297/4/6 9266/4/6 9298/4/6
f 9298/2/6 9267/2/6 9299/2/6
f 9267/1/6 9268/1/6 9300/1/6
f 9299/2/6 9267/2/6 9300/2/6
f 9268/4/6 9269/4/6 9301/4/6
f 9300/1/6 9268/1/6 9301/1/6
f 9269/2/6 9270/2/6 9302/2/6
f 9301/4/6 9269/4/6 9302/4/6
f 9270/4/6 9271/4/6 9303/4/6
f 9302/2/6 9270/2/6 9303/2/6
f 9303/4/6 9271/4/6 9304/4/6
f 9272/2/6 9273/2/6 9305/2/6
f 9273/4/6 9274/4/6 9306/4/6
f 9305/2/6 9273/2/6 9306/2/6
f 9274/1/6 9275/1/6 9307/1/6
f 9306/4/6 9274/4/6 9307/4/6
f 9275/2/6 9276/2/6 9308/2/6
f 9307/1/6 9275/1/6 9308/1/6
f 9276/4/6 9277/4/6 9309/4/6
f 9308/2/6 9276/2/6 9309/2/6
f 9309/4/6 9277/4/6 9310/4/6
f 9277/2/6 9278/2/6 9311/2/6
f 9310/4/6 9277/4/6 9311/4/6
f 9278/1/6 9279/1/6 9312/1/6
f 9311/2/6 9278/2/6 9312/2/6
f 9312/1/6 9279/1/6 9313/1/6
f 9280/2/6 9281/2/6 9314/2/6
f 9314/2/6 9281/2/6 9315/2/6
f 9281/4/6 9282/4/6 9316/4/6
f 9315/2/6 9281/2/6 9316/2/6
f 9282/1/6 9283/1/6 9317/1/6
f 9316/4/6 9282/4/6 9317/4/6
f 9283/2/6 9284/2/6 9318/2/6
f 9317/1/6 9283/1/6 9318/1/6
f 9284/4/6 9285/4/6 9319/4/6
f 9318/2/6 9284/2/6 9319/2/6
f 9285/2/6 9286/2/6 9320/2/6
f 9319/4/6 9285/4/6 9320/4/6
f 9320/2/6 9286/2/6 9321/2/6
f 9287/1/6 9288/1/6 9323/1/6
f 9323/1/6 9288/1/6 9324/1/6
f 9293/2/6 9294/2/6 9325/2/6
f 9325/2/6 9294/2/6 9326/2/6
f 9304/4/6 9305/4/6 9327/4/6
f 9327/4/6 9305/4/6 9328/4/6
f 9313/2/6 9314/2/6 9329/2/6
f 9329/2/6 9314/2/6 9330/2/6
f 9321/1/6 9322/1/6 9331/1/6
f 9331/1/6 9322/1/6 9332/1/6
f 9323/2/6 9324/2/6 9333/2/6
f 9327/2/6 9328/2/6 9334/2/6
f 9329/4/6 9330/4/6 9335/4/6
f 9335/4/6 9330/4/6 9336/4/6
f 9331/2/6 9332/2/6 9337/2/6
f 9323/2/6 9333/2/6 9338/2/6
f 9325/4/6 9326/4/6 9339/4/6
f 9339/4/6 9326/4/6 9340/4/6
f 9334/2/6 9328/2/6 9341/2/6
f 9341/2/6 9328/2/6 9342/2/6
f 9335/2/6 9336/2/6 9343/2/6
f 9343/2/6 9336/2/6 9344/2/6
f 9337/2/6 9332/2/6 9345/2/6
f 9323/2/6 9338/2/6 9346/2/6
f 9346/2/6 9338/2/6 9347/2/6
f 9339/2/6 9340/2/6 9348/2/6
f 9348/2/6 9340/2/6 9349/2/6
f 9341/1/6 9342/1/6 9350/1/6
f 9350/1/6 9342/1/6 9351/1/6
f 9343/2/6 9344/2/6 9352/2/6
f 9352/2/6 9344/2/6 9353/2/6
f 9345/2/6 9332/2/6 9354/2/6
f 9354/2/6 9332/2/6 9355/2/6
f 9346/4/6 9347/4/6 9356/4/6
f 9356/4/6 9347/4/6 9357/4/6
f 9348/4/6 9349/4/6 9358/4/6
f 9358/4/6 9349/4/6 9359/4/6
f 9350/4/6 9351/4/6 9360/4/6
f 9360/4/6 9351/4/6 9361/4/6
f 9352/4/6 9353/4/6 9362/4/6
f 9362/4/6 9353/4/6 9363/4/6
f 9354/4/6 9355/4/6 9364/4/6
f 9364/4/6 9355/4/6 9365/4/6
f 9356/1/6 9357/1/6 9366/1/6
f 9366/1/6 9357/1/6 9367/1/6
f 9364/1/6 9365/1/6 9368/1/6
f 9368/1/6 9365/1/6 9369/1/6
f 9366/2/6 9367/2/6 9370/2/6
f 9368/2/6 9369/2/6 9371/2/6
f 9366/2/6 9370/2/6 9372/2/6
f 9372/2/6 9370/2/6 9373/2/6
f 9371/2/6 9369/2/6 9374/2/6
f 9374/2/6 9369/2/6 9375/2/6
f 9372/4/6 9373/4/6 9376/4/6
f 9376/4/6 9373/4/6 9377/4/6
f 9374/4/6 9375/4/6 9378/4/6
f 9378/4/6 9375/4/6 9379/4/6
f 9376/1/6 9377/1/6 9380/1/6
f 9380/1/6 9377/1/6 9381/1/6
f 9378/1/6 9379/1/6 9382/1/6
f 9382/1/6 9379/1/6 9383/1/6
f 9384/4/6 9385/4/6 9407/4/6
f 9385/2/6 9386/2/6 9408/2/6
f 9407/4/6 9385/4/6 9408/4/6
f 9386/1/6 9387/1/6 9409/1/6
f 9408/2/6 9386/2/6 9409/2/6
f 9387/2/6 9388/2/6 9410/2/6
f 9409/1/6 9387/1/6 9410/1/6
f 9410/2/6 9388/2/6 9411/2/6
f 9411/2/6 9388/2/6 9412/2/6
f 9389/1/6 9390/1/6 9413/1/6
f 9413/1/6 9390/1/6 9414/1/6
f 9414/1/6 9390/1/6 9415/1/6
f 9415/1/6 9390/1/6 9416/1/6
f 9390/2/6 9391/2/6 9417/2/6
f 9416/1/6 9390/1/6 9417/1/6
f 9391/1/6 9392/1/6 9418/1/6
f 9417/2/6 9391/2/6 9418/2/6
f 9418/1/6 9392/1/6 9419/1/6
f 9392/4/6 9393/4/6 9420/4/6
f 9419/1/6 9392/1/6 9420/1/6
f 9393/1/6 9394/1/6 9421/1/6
f 9420/4/6 9393/4/6 9421/4/6
f 9394/2/6 9395/2/6 9422/2/6
f 9421/1/6 9394/1/6 9422/1/6
f 9422/2/6 9395/2/6 9423/2/6
f 9396/1/6 9397/1/6 9424/1/6
f 9424/1/6 9397/1/6 9425/1/6
f 9425/1/6 9397/1/6 9426/1/6
f 9426/1/6 9397/1/6 9427/1/6
f 9397/4/6 9398/4/6 9428/4/6
f 9427/1/6 9397/1/6 9428/1/6
f 9398/1/6 9399/1/6 9429/1/6
f 9428/4/6 9398/4/6 9429/4/6
f 9429/1/6 9399/1/6 9430/1/6
f 9430/1/6 9399/1/6 9431/1/6
f 9400/1/6 9401/1/6 9432/1/6
f 9432/1/6 9401/1/6 9433/1/6
f 9405/4/6 9406/4/6 9434/4/6
f 9404/2/6 9405/2/6 9434/2/6
f 9434/4/6 9406/4/6 9435/4/6
f 9407/2/6 9408/2/6 9436/2/6
f 9408/2/6 9409/2/6 9436/2/6
f 9436/2/6 9409/2/6 9437/2/6
f 9409/4/6 9410/4/6 9438/4/6
f 9437/2/6 9409/2/6 9438/2/6
f 9410/4/6 9411/4/6 9438/4/6
f 9438/4/6 9411/4/6 9439/4/6
f 9411/1/6 9412/1/6 9440/1/6
f 9439/4/6 9411/4/6 9440/4/6
f 9414/2/6 9415/2/6 9441/2/6
f 9415/1/6 9416/1/6 9442/1/6
f 9441/2/6 9415/2/6 9442/2/6
f 9416/2/6 9417/2/6 9443/2/6
f 9418/2/6 9419/2/6 9443/2/6
f 9419/4/6 9420/4/6 9443/4/6
f 9417/2/6 9418/2/6 9443/2/6
f 9420/2/6 9421/2/6 9444/2/6
f 9443/4/6 9420/4/6 9444/4/6
f 9421/2/6 9422/2/6 9444/2/6
f 9422/4/6 9423/4/6 9445/4/6
f 9444/2/6 9422/2/6 9445/2/6
f 9445/4/6 9423/4/6 9446/4/6
f 9426/4/6 9427/4/6 9447/4/6
f 9425/1/6 9426/1/6 9447/1/6
f 9427/2/6 9428/2/6 9448/2/6
f 9447/4/6 9427/4/6 9448/4/6
f 9428/2/6 9429/2/6 9448/2/6
f 9431/1/6 9399/1/6 9449/1/6
f 9430/2/6 9431/2/6 9449/2/6
f 9449/1/6 9399/1/6 9450/1/6
f 9433/1/6 9401/1/6 9451/1/6
f 9401/2/6 9402/2/6 9451/2/6
f 9402/4/6 9403/4/6 9452/4/6
f 9451/2/6 9402/2/6 9452/2/6
f 9403/1/6 9404/1/6 9453/1/6
f 9452/4/6 9403/4/6 9453/4/6
f 9434/2/6 9435/2/6 9454/2/6
f 9454/2/6 9435/2/6 9455/2/6
f 9436/1/6 9437/1/6 9456/1/6
f 9438/4/6 9439/4/6 9457/4/6
f 9456/1/6 9437/1/6 9457/1/6
f 9437/4/6 9438/4/6 9457/4/6
f 9457/4/6 9439/4/6 9458/4/6
f 9439/1/6 9440/1/6 9459/1/6
f 9458/4/6 9439/4/6 9459/4/6
f 9440/1/6 9412/1/6 9460/1/6
f 9459/1/6 9440/1/6 9460/1/6
f 9460/1/6 9412/1/6 9461/1/6
f 9389/1/6 9413/1/6 9462/1/6
f 9413/4/6 9414/4/6 9462/4/6
f 9414/2/6 9441/2/6 9463/2/6
f 9462/4/6 9414/4/6 9463/4/6
f 9441/4/6 9442/4/6 9464/4/6
f 9463/2/6 9441/2/6 9464/2/6
f 9442/1/6 9416/1/6 9465/1/6
f 9464/4/6 9442/4/6 9465/4/6
f 9416/2/6 9443/2/6 9466/2/6
f 9465/1/6 9416/1/6 9466/1/6
f 9443/2/6 9444/2/6 9466/2/6
f 9445/2/6 9446/2/6 9466/2/6
f 9444/2/6 9445/2/6 9466/2/6
f 9466/2/6 9446/2/6 9467/2/6
f 9396/1/6 9424/1/6 9468/1/6
f 9424/2/6 9425/2/6 9468/2/6
f 9425/1/6 9447/1/6 9469/1/6
f 9468/2/6 9425/2/6 9469/2/6
f 9430/2/6 9449/2/6 9470/2/6
f 9429/1/6 9430/1/6 9470/1/6
f 9449/4/6 9450/4/6 9471/4/6
f 9470/2/6 9449/2/6 9471/2/6
f 9471/4/6 9450/4/6 9472/4/6
f 9432/2/6 9433/2/6 9473/2/6
f 9433/1/6 9451/1/6 9474/1/6
f 9473/2/6 9433/2/6 9474/2/6
f 9451/1/6 9452/1/6 9474/1/6
f 9452/1/6 9453/1/6 9474/1/6
f 9474/1/6 9453/1/6 9475/1/6
f 9453/1/6 9404/1/6 9476/1/6
f 9475/1/6 9453/1/6 9476/1/6
f 9434/2/6 9454/2/6 9477/2/6
f 9404/2/6 9434/2/6 9477/2/6
f 9454/1/6 9455/1/6 9478/1/6
f 9477/2/6 9454/2/6 9478/2/6
f 9478/1/6 9455/1/6 9479/1/6
f 9456/4/6 9457/4/6 9480/4/6
f 9457/2/6 9458/2/6 9481/2/6
f 9480/4/6 9457/4/6 9481/4/6
f 9459/1/6 9460/1/6 9482/1/6
f 9481/2/6 9458/2/6 9482/2/6
f 9458/1/6 9459/1/6 9482/1/6
f 9460/2/6 9461/2/6 9483/2/6
f 9482/1/6 9460/1/6 9483/1/6
f 9483/2/6 9461/2/6 9484/2/6
f 9389/1/6 9462/1/6 9485/1/6
f 9462/1/6 9463/1/6 9485/1/6
f 9485/1/6 9463/1/6 9486/1/6
f 9463/4/6 9464/4/6 9487/4/6
f 9486/1/6 9463/1/6 9487/1/6
f 9464/4/6 9465/4/6 9487/4/6
f 9487/4/6 9465/4/6 9488/4/6
f 9465/2/6 9466/2/6 9489/2/6
f 9488/4/6 9465/4/6 9489/4/6
f 9466/1/6 9467/1/6 9490/1/6
f 9489/2/6 9466/2/6 9490/2/6
f 9490/1/6 9467/1/6 9491/1/6
f 9491/1/6 9467/1/6 9492/1/6
f 9492/1/6 9467/1/6 9493/1/6
f 9493/1/6 9467/1/6 9494/1/6
f 9494/1/6 9467/1/6 9495/1/6
f 9495/1/6 9467/1/6 9496/1/6
f 9496/1/6 9467/1/6 9497/1/6
f 9396/1/6 9468/1/6 9498/1/6
f 9468/1/6 9469/1/6 9498/1/6
f 9498/1/6 9469/1/6 9499/1/6
f 9469/1/6 9447/1/6 9500/1/6
f 9499/1/6 9469/1/6 9500/1/6
f 9447/2/6 9448/2/6 9500/2/6
f 9448/2/6 9429/2/6 9501/2/6
f 9500/2/6 9448/2/6 9501/2/6
f 9429/1/6 9470/1/6 9502/1/6
f 9501/2/6 9429/2/6 9502/2/6
f 9470/4/6 9471/4/6 9503/4/6
f 9502/1/6 9470/1/6 9503/1/6
f 9471/1/6 9472/1/6 9504/1/6
f 9503/4/6 9471/4/6 9504/4/6
f 9504/1/6 9472/1/6 9505/1/6
f 9473/4/6 9474/4/6 9506/4/6
f 9474/1/6 9475/1/6 9507/1/6
f 9506/4/6 9474/4/6 9507/4/6
f 9475/2/6 9476/2/6 9508/2/6
f 9507/1/6 9475/1/6 9508/1/6
f 9508/2/6 9476/2/6 9509/2/6
f 9476/1/6 9404/1/6 9510/1/6
f 9509/2/6 9476/2/6 9510/2/6
f 9404/2/6 9477/2/6 9511/2/6
f 9510/1/6 9404/1/6 9511/1/6
f 9511/2/6 9477/2/6 9512/2/6
f 9478/4/6 9479/4/6 9513/4/6
f 9512/2/6 9477/2/6 9513/2/6
f 9477/4/6 9478/4/6 9513/4/6
f 9513/4/6 9479/4/6 9514/4/6
f 9514/4/6 9479/4/6 9515/4/6
f 9493/2/6 9494/2/6 9516/2/6
f 9516/2/6 9494/2/6 9517/2/6
f 9510/4/6 9511/4/6 9518/4/6
f 9518/4/6 9511/4/6 9519/4/6
f 9520/1/6 9521/1/6 9544/1/6
f 9521/2/6 9522/2/6 9545/2/6
f 9544/1/6 9521/1/6 9545/1/6
f 9522/4/6 9523/4/6 9546/4/6
f 9545/2/6 9522/2/6 9546/2/6
f 9546/4/6 9523/4/6 9547/4/6
f 9547/4/6 9523/4/6 9548/4/6
f 9523/1/6 9524/1/6 9549/1/6
f 9548/4/6 9523/4/6 9549/4/6
f 9524/2/6 9525/2/6 9550/2/6
f 9549/1/6 9524/1/6 9550/1/6
f 9525/4/6 9526/4/6 9551/4/6
f 9550/2/6 9525/2/6 9551/2/6
f 9526/1/6 9527/1/6 9552/1/6
f 9551/4/6 9526/4/6 9552/4/6
f 9552/1/6 9527/1/6 9553/1/6
f 9553/1/6 9527/1/6 9554/1/6
f 9527/4/6 9528/4/6 9555/4/6
f 9554/1/6 9527/1/6 9555/1/6
f 9555/4/6 9528/4/6 9556/4/6
f 9529/4/6 9530/4/6 9557/4/6
f 9530/2/6 9531/2/6 9558/2/6
f 9557/4/6 9530/4/6 9558/4/6
f 9531/4/6 9532/4/6 9559/4/6
f 9558/2/6 9531/2/6 9559/2/6
f 9532/1/6 9533/1/6 9560/1/6
f 9559/4/6 9532/4/6 9560/4/6
f 9533/2/6 9534/2/6 9561/2/6
f 9560/1/6 9533/1/6 9561/1/6
f 9561/2/6 9534/2/6 9562/2/6
f 9534/4/6 9535/4/6 9563/4/6
f 9562/2/6 9534/2/6 9563/2/6
f 9563/4/6 9535/4/6 9564/4/6
f 9535/1/6 9536/1/6 9565/1/6
f 9564/4/6 9535/4/6 9565/4/6
f 9536/2/6 9537/2/6 9566/2/6
f 9565/1/6 9536/1/6 9566/1/6
f 9537/4/6 9538/4/6 9567/4/6
f 9566/2/6 9537/2/6 9567/2/6
f 9567/4/6 9538/4/6 9568/4/6
f 9538/3/6 9539/3/6 9569/3/6
f 9568/4/6 9538/4/6 9569/4/6
f 9569/3/6 9539/3/6 9570/3/6
f 9540/2/6 9541/2/6 9571/2/6
f 9541/1/6 9542/1/6 9572/1/6
f 9571/2/6 9541/2/6 9572/2/6
f 9572/1/6 9542/1/6 9573/1/6
f 9556/4/6 9557/4/6 9575/4/6
f 9575/4/6 9557/4/6 9576/4/6
f 9570/2/6 9571/2/6 9577/2/6
f 9575/1/6 9576/1/6 9578/1/6
f 9570/2/6 9577/2/6 9579/2/6
f 9543/2/6 9544/2/6 9580/2/6
f 9580/2/6 9544/2/6 9581/2/6
f 9575/1/6 9578/1/6 9582/1/6
f 9582/1/6 9578/1/6 9583/1/6
f 9570/2/6 9579/2/6 9584/2/6
f 9584/2/6 9579/2/6 9585/2/6
f 9573/2/6 9574/2/6 9586/2/6
f 9586/2/6 9574/2/6 9587/2/6
f 9580/1/6 9581/1/6 9588/1/6
f 9588/1/6 9581/1/6 9589/1/6
f 9582/1/6 9583/1/6 9590/1/6
f 9590/1/6 9583/1/6 9591/1/6
f 9584/4/6 9585/4/6 9592/4/6
f 9586/1/6 9587/1/6 9593/1/6
f 9593/1/6 9587/1/6 9594/1/6
f 9588/2/6 9589/2/6 9595/2/6
f 9595/2/6 9589/2/6 9596/2/6
f 9590/4/6 9591/4/6 9597/4/6
f 9597/4/6 9591/4/6 9598/4/6
f 9592/4/6 9585/4/6 9599/4/6
f 9599/4/6 9585/4/6 9600/4/6
f 9593/2/6 9594/2/6 9601/2/6
f 9601/2/6 9594/2/6 9602/2/6
f 9603/1/6 9604/1/6 9625/1/6
f 9604/2/6 9605/2/6 9625/2/6
f 9605/4/6 9606/4/6 9626/4/6
f 9625/2/6 9605/2/6 9626/2/6
f 9606/1/6 9607/1/6 9627/1/6
f 9626/4/6 9606/4/6 9627/4/6
f 9627/1/6 9607/1/6 9628/1/6
f 9628/1/6 9607/1/6 9629/1/6
f 9607/2/6 9608/2/6 9630/2/6
f 9629/1/6 9607/1/6 9630/1/6
f 9608/4/6 9609/4/6 9631/4/6
f 9630/2/6 9608/2/6 9631/2/6
f 9609/1/6 9610/1/6 9632/1/6
f 9631/4/6 9609/4/6 9632/4/6
f 9610/4/6 9611/4/6 9633/4/6
f 9632/1/6 9610/1/6 9633/1/6
f 9611/2/6 9612/2/6 9634/2/6
f 9633/4/6 9611/4/6 9634/4/6
f 9613/2/6 9614/2/6 9635/2/6
f 9614/1/6 9615/1/6 9636/1/6
f 9635/2/6 9614/2/6 9636/2/6
f 9636/1/6 9615/1/6 9637/1/6
f 9615/2/6 9616/2/6 9638/2/6
f 9637/1/6 9615/1/6 9638/1/6
f 9638/2/6 9616/2/6 9639/2/6
f 9639/2/6 9616/2/6 9640/2/6
f 9616/1/6 9617/1/6 9641/1/6
f 9640/2/6 9616/2/6 9641/2/6
f 9617/2/6 9618/2/6 9642/2/6
f 9641/1/6 9617/1/6 9642/1/6
f 9618/4/6 9619/4/6 9643/4/6
f 9642/2/6 9618/2/6 9643/2/6
f 9619/1/6 9620/1/6 9644/1/6
f 9643/4/6 9619/4/6 9644/4/6
f 9622/2/6 9623/2/6 9645/2/6
f 9623/1/6 9624/1/6 9646/1/6
f 9645/2/6 9623/2/6 9646/2/6
f 9625/1/6 9626/1/6 9647/1/6
f 9626/1/6 9627/1/6 9647/1/6
f 9627/4/6 9628/4/6 9648/4/6
f 9647/1/6 9627/1/6 9648/1/6
f 9628/2/6 9629/2/6 9649/2/6
f 9648/4/6 9628/4/6 9649/4/6
f 9629/1/6 9630/1/6 9650/1/6
f 9630/1/6 9631/1/6 9650/1/6
f 9631/1/6 9632/1/6 9650/1/6
f 9632/1/6 9633/1/6 9650/1/6
f 9633/1/6 9634/1/6 9650/1/6
f 9650/1/6 9634/1/6 9651/1/6
f 9613/2/6 9635/2/6 9652/2/6
f 9635/1/6 9636/1/6 9653/1/6
f 9652/2/6 9635/2/6 9653/2/6
f 9636/4/6 9637/4/6 9654/4/6
f 9653/1/6 9636/1/6 9654/1/6
f 9638/1/6 9639/1/6 9655/1/6
f 9654/4/6 9637/4/6 9655/4/6
f 9637/1/6 9638/1/6 9655/1/6
f 9655/1/6 9639/1/6 9656/1/6
f 9639/2/6 9640/2/6 9657/2/6
f 9656/1/6 9639/1/6 9657/1/6
f 9643/1/6 9644/1/6 9658/1/6
f 9657/2/6 9640/2/6 9658/2/6
f 9640/1/6 9641/1/6 9658/1/6
f 9641/1/6 9642/1/6 9658/1/6
f 9642/1/6 9643/1/6 9658/1/6
f 9658/1/6 9644/1/6 9659/1/6
f 9659/1/6 9644/1/6 9660/1/6
f 9660/1/6 9644/1/6 9661/1/6
f 9661/1/6 9644/1/6 9662/1/6
f 9645/1/6 9646/1/6 9663/1/6
f 9663/1/6 9646/1/6 9664/1/6
f 9603/1/6 9625/1/6 9665/1/6
f 9625/1/6 9647/1/6 9665/1/6
f 9647/4/6 9648/4/6 9666/4/6
f 9665/1/6 9647/1/6 9666/1/6
f 9666/4/6 9648/4/6 9667/4/6
f 9648/2/6 9649/2/6 9668/2/6
f 9667/4/6 9648/4/6 9668/4/6
f 9650/4/6 9651/4/6 9669/4/6
f 9651/1/6 9634/1/6 9670/1/6
f 9669/4/6 9651/4/6 9670/4/6
f 9670/1/6 9634/1/6 9671/1/6
f 9634/2/6 9612/2/6 9672/2/6
f 9671/1/6 9634/1/6 9672/1/6
f 9672/2/6 9612/2/6 9673/2/6
f 9652/1/6 9653/1/6 9674/1/6
f 9674/1/6 9653/1/6 9675/1/6
f 9653/4/6 9654/4/6 9676/4/6
f 9675/1/6 9653/1/6 9676/1/6
f 9655/4/6 9656/4/6 9676/4/6
f 9654/4/6 9655/4/6 9676/4/6
f 9676/4/6 9656/4/6 9677/4/6
f 9656/1/6 9657/1/6 9678/1/6
f 9657/1/6 9658/1/6 9678/1/6
f 9658/4/6 9659/4/6 9679/4/6
f 9678/1/6 9658/1/6 9679/1/6
f 9679/4/6 9659/4/6 9680/4/6
f 9660/2/6 9661/2/6 9681/2/6
f 9661/4/6 9662/4/6 9681/4/6
f 9662/1/6 9644/1/6 9682/1/6
f 9681/4/6 9662/4/6 9682/4/6
f 9644/1/6 9620/1/6 9683/1/6
f 9682/1/6 9644/1/6 9683/1/6
f 9663/4/6 9664/4/6 9684/4/6
f 9664/1/6 9646/1/6 9685/1/6
f 9684/4/6 9664/4/6 9685/4/6
f 9685/1/6 9646/1/6 9686/1/6
f 9646/1/6 9624/1/6 9687/1/6
f 9686/1/6 9646/1/6 9687/1/6
f 9650/4/6 9669/4/6 9688/4/6
f 9629/1/6 9650/1/6 9688/1/6
f 9670/2/6 9671/2/6 9689/2/6
f 9688/4/6 9669/4/6 9689/4/6
f 9669/2/6 9670/2/6 9689/2/6
f 9672/1/6 9673/1/6 9690/1/6
f 9689/2/6 9671/2/6 9690/2/6
f 9671/1/6 9672/1/6 9690/1/6
f 9690/1/6 9673/1/6 9691/1/6
f 9674/4/6 9675/4/6 9692/4/6
f 9676/2/6 9677/2/6 9693/2/6
f 9692/4/6 9675/4/6 9693/4/6
f 9675/2/6 9676/2/6 9693/2/6
f 9677/4/6 9656/4/6 9694/4/6
f 9693/2/6 9677/2/6 9694/2/6
f 9656/1/6 9678/1/6 9695/1/6
f 9694/4/6 9656/4/6 9695/4/6
f 9680/4/6 9659/4/6 9696/4/6
f 9679/2/6 9680/2/6 9696/2/6
f 9678/2/6 9679/2/6 9696/2/6
f 9659/1/6 9660/1/6 9697/1/6
f 9696/4/6 9659/4/6 9697/4/6
f 9681/2/6 9682/2/6 9698/2/6
f 9697/1/6 9660/1/6 9698/1/6
f 9660/2/6 9681/2/6 9698/2/6
f 9698/2/6 9682/2/6 9699/2/6
f 9620/2/6 9621/2/6 9700/2/6
f 9683/1/6 9620/1/6 9700/1/6
f 9700/2/6 9621/2/6 9701/2/6
f 9603/1/6 9665/1/6 9702/1/6
f 9666/4/6 9667/4/6 9703/4/6
f 9702/1/6 9665/1/6 9703/1/6
f 9665/4/6 9666/4/6 9703/4/6
f 9667/2/6 9668/2/6 9704/2/6
f 9703/4/6 9667/4/6 9704/4/6
f 9649/2/6 9629/2/6 9705/2/6
f 9704/2/6 9668/2/6 9705/2/6
f 9629/1/6 9688/1/6 9705/1/6
f 9668/2/6 9649/2/6 9705/2/6
f 9688/2/6 9689/2/6 9706/2/6
f 9705/1/6 9688/1/6 9706/1/6
f 9689/2/6 9690/2/6 9706/2/6
f 9690/2/6 9691/2/6 9706/2/6
f 9691/1/6 9673/1/6 9707/1/6
f 9706/2/6 9691/2/6 9707/2/6
f 9707/1/6 9673/1/6 9708/1/6
f 9692/2/6 9693/2/6 9709/2/6
f 9693/2/6 9694/2/6 9709/2/6
f 9694/2/6 9695/2/6 9709/2/6
f 9695/1/6 9678/1/6 9710/1/6
f 9709/2/6 9695/2/6 9710/2/6
f 9696/2/6 9697/2/6 9711/2/6
f 9710/1/6 9678/1/6 9711/1/6
f 9678/2/6 9696/2/6 9711/2/6
f 9697/1/6 9698/1/6 9712/1/6
f 9711/2/6 9697/2/6 9712/2/6
f 9698/4/6 9699/4/6 9713/4/6
f 9712/1/6 9698/1/6 9713/1/6
f 9699/2/6 9682/2/6 9714/2/6
f 9713/4/6 9699/4/6 9714/4/6
f 9682/4/6 9683/4/6 9715/4/6
f 9714/2/6 9682/2/6 9715/2/6
f 9683/1/6 9700/1/6 9716/1/6
f 9715/4/6 9683/4/6 9716/4/6
f 9700/4/6 9701/4/6 9717/4/6
f 9716/1/6 9700/1/6 9717/1/6
f 9717/4/6 9701/4/6 9718/4/6
f 9684/2/6 9685/2/6 9719/2/6
f 9685/1/6 9686/1/6 9720/1/6
f 9719/2/6 9685/2/6 9720/2/6
f 9686/4/6 9687/4/6 9721/4/6
f 9720/1/6 9686/1/6 9721/1/6
f 9687/1/6 9624/1/6 9722/1/6
f 9721/4/6 9687/4/6 9722/4/6
f 9722/1/6 9624/1/6 9723/1/6
