# MagicaVoxel @ Ephtracy

# group
o 

# material
mtllib StoneCube_01.mtl
usemtl palette

# normals
vn -1 0 0
vn 1 0 0
vn 0 0 1
vn 0 0 -1
vn 0 -1 0
vn 0 1 0

# texcoords
vt 0.0253906 0.5
vt 0.0292969 0.5
vt 0.0566406 0.5
vt 0.0605469 0.5

# verts
v -4.2 0 1.1
v -4.2 0 0.9
v -4.2 0 0.7
v -4.2 0 0.5
v -4.2 0 0.3
v -4.2 0 0.2
v -4.2 0 0
v -4.2 0 -0.0999999
v -4.2 0 -0.2
v -4.2 0 -0.4
v -4.2 0 -0.5
v -4.2 0 -0.9
v -4.2 0 -1.3
v -4.2 0 -1.4
v -4.2 0 -1.5
v -4.2 0 -1.6
v -4.2 0 -1.9
v -4.2 0 -2
v -4.2 0 -2.3
v -4.2 0 -2.5
v -4.2 0 -2.6
v -4.2 0 -2.8
v -4.2 0 -2.9
v -4.2 0 -3
v -4.2 0 -3.1
v -4.2 0.1 1.1
v -4.2 0.1 0.9
v -4.2 0.1 0.8
v -4.2 0.1 0.5
v -4.2 0.1 0.4
v -4.2 0.1 0.3
v -4.2 0.1 0.2
v -4.2 0.1 0
v -4.2 0.1 -0.0999999
v -4.2 0.1 -0.4
v -4.2 0.1 -0.5
v -4.2 0.1 -0.7
v -4.2 0.1 -0.9
v -4.2 0.1 -1
v -4.2 0.1 -1.2
v -4.2 0.1 -1.3
v -4.2 0.1 -1.4
v -4.2 0.1 -1.5
v -4.2 0.1 -1.6
v -4.2 0.1 -2
v -4.2 0.1 -2.1
v -4.2 0.1 -2.2
v -4.2 0.1 -2.3
v -4.2 0.1 -2.5
v -4.2 0.1 -2.6
v -4.2 0.1 -2.8
v -4.2 0.1 -2.9
v -4.2 0.1 -3
v -4.2 0.1 -3.1
v -4.2 0.2 1
v -4.2 0.2 0.8
v -4.2 0.2 0.7
v -4.2 0.2 0.5
v -4.2 0.2 0.4
v -4.2 0.2 0.3
v -4.2 0.2 0.2
v -4.2 0.2 0.1
v -4.2 0.2 0
v -4.2 0.2 -0.2
v -4.2 0.2 -0.4
v -4.2 0.2 -0.5
v -4.2 0.2 -0.6
v -4.2 0.2 -0.7
v -4.2 0.2 -0.9
v -4.2 0.2 -1
v -4.2 0.2 -1.1
v -4.2 0.2 -1.2
v -4.2 0.2 -1.3
v -4.2 0.2 -1.4
v -4.2 0.2 -1.5
v -4.2 0.2 -1.9
v -4.2 0.2 -2
v -4.2 0.2 -2.1
v -4.2 0.2 -2.2
v -4.2 0.2 -2.4
v -4.2 0.2 -2.5
v -4.2 0.2 -2.8
v -4.2 0.2 -2.9
v -4.2 0.2 -3.1
v -4.2 0.3 1.1
v -4.2 0.3 1
v -4.2 0.3 0.1
v -4.2 0.3 0
v -4.2 0.3 -0.0999999
v -4.2 0.3 -0.2
v -4.2 0.3 -1
v -4.2 0.3 -1.1
v -4.2 0.3 -1.9
v -4.2 0.3 -2
v -4.2 0.3 -2.1
v -4.2 0.3 -2.2
v -4.2 0.3 -2.3
v -4.2 0.3 -2.4
v -4.2 0.3 -2.7
v -4.2 0.3 -2.9
v -4.2 0.4 1.1
v -4.2 0.4 0.7
v -4.2 0.4 0.5
v -4.2 0.4 0.4
v -4.2 0.4 0.3
v -4.2 0.4 0.2
v -4.2 0.4 0.1
v -4.2 0.4 -0.0999999
v -4.2 0.4 -0.2
v -4.2 0.4 -0.4
v -4.2 0.4 -0.6
v -4.2 0.4 -0.9
v -4.2 0.4 -1
v -4.2 0.4 -1.3
v -4.2 0.4 -1.4
v -4.2 0.4 -1.6
v -4.2 0.4 -1.9
v -4.2 0.4 -2.1
v -4.2 0.4 -2.2
v -4.2 0.4 -2.3
v -4.2 0.4 -2.5
v -4.2 0.4 -2.6
v -4.2 0.4 -2.7
v -4.2 0.4 -3.1
v -4.2 0.7 1.1
v -4.2 0.7 1
v -4.2 0.7 0.9
v -4.2 0.7 0.8
v -4.2 0.7 0.6
v -4.2 0.7 0.5
v -4.2 0.7 0.4
v -4.2 0.7 -0.0999999
v -4.2 0.7 -0.3
v -4.2 0.7 -0.4
v -4.2 0.7 -0.6
v -4.2 0.7 -0.9
v -4.2 0.7 -1
v -4.2 0.7 -1.1
v -4.2 0.7 -1.3
v -4.2 0.7 -1.4
v -4.2 0.7 -1.5
v -4.2 0.7 -1.7
v -4.2 0.7 -1.8
v -4.2 0.7 -1.9
v -4.2 0.7 -2.2
v -4.2 0.7 -2.3
v -4.2 0.7 -2.4
v -4.2 0.7 -2.7
v -4.2 0.7 -2.8
v -4.2 0.7 -2.9
v -4.2 0.7 -3.1
v -4.2 0.8 1.1
v -4.2 0.8 1
v -4.2 0.8 0.9
v -4.2 0.8 0.8
v -4.2 0.8 0.6
v -4.2 0.8 0.5
v -4.2 0.8 0.4
v -4.2 0.8 0.3
v -4.2 0.8 0.1
v -4.2 0.8 0
v -4.2 0.8 -0.0999999
v -4.2 0.8 -0.2
v -4.2 0.8 -0.3
v -4.2 0.8 -0.4
v -4.2 0.8 -0.9
v -4.2 0.8 -1
v -4.2 0.8 -1.1
v -4.2 0.8 -1.3
v -4.2 0.8 -1.4
v -4.2 0.8 -1.5
v -4.2 0.8 -1.7
v -4.2 0.8 -1.8
v -4.2 0.8 -1.9
v -4.2 0.8 -2
v -4.2 0.8 -2.2
v -4.2 0.8 -2.3
v -4.2 0.8 -2.7
v -4.2 0.8 -2.8
v -4.2 0.8 -3
v -4.2 0.8 -3.1
v -4.2 0.9 0.6
v -4.2 0.9 0.5
v -4.2 0.9 0.4
v -4.2 0.9 0.3
v -4.2 0.9 0.1
v -4.2 0.9 0
v -4.2 0.9 -0.0999999
v -4.2 0.9 -0.2
v -4.2 0.9 -0.4
v -4.2 0.9 -0.6
v -4.2 0.9 -0.9
v -4.2 0.9 -1
v -4.2 0.9 -1.9
v -4.2 0.9 -2
v -4.2 0.9 -2.3
v -4.2 0.9 -2.4
v -4.2 0.9 -2.7
v -4.2 0.9 -2.8
v -4.2 0.9 -2.9
v -4.2 0.9 -3
v -4.2 0.9 -3.1
v -4.2 1 1.1
v -4.2 1 1
v -4.2 1 0.9
v -4.2 1 0.8
v -4.2 1 0.6
v -4.2 1 0.5
v -4.2 1 0.4
v -4.2 1 0.1
v -4.2 1 0
v -4.2 1 -0.0999999
v -4.2 1 -0.2
v -4.2 1 -0.4
v -4.2 1 -0.5
v -4.2 1 -1.3
v -4.2 1 -1.4
v -4.2 1 -1.5
v -4.2 1 -1.7
v -4.2 1 -1.8
v -4.2 1 -1.9
v -4.2 1 -2
v -4.2 1 -2.2
v -4.2 1 -2.3
v -4.2 1 -2.7
v -4.2 1 -2.8
v -4.2 1 -2.9
v -4.2 1 -3
v -4.2 1.1 1.1
v -4.2 1.1 1
v -4.2 1.1 0.9
v -4.2 1.1 0.6
v -4.2 1.1 0.4
v -4.2 1.1 0.3
v -4.2 1.1 0.1
v -4.2 1.1 -0.0999999
v -4.2 1.1 -0.4
v -4.2 1.1 -0.5
v -4.2 1.1 -0.6
v -4.2 1.1 -0.9
v -4.2 1.1 -1
v -4.2 1.1 -1.1
v -4.2 1.1 -1.3
v -4.2 1.1 -1.4
v -4.2 1.1 -1.5
v -4.2 1.1 -1.7
v -4.2 1.1 -1.8
v -4.2 1.1 -1.9
v -4.2 1.1 -2
v -4.2 1.1 -2.1
v -4.2 1.1 -2.2
v -4.2 1.1 -2.3
v -4.2 1.1 -2.4
v -4.2 1.1 -2.8
v -4.2 1.1 -2.9
v -4.2 1.1 -3
v -4.2 1.1 -3.1
v -4.2 1.2 1.1
v -4.2 1.2 1
v -4.2 1.2 0.9
v -4.2 1.2 0.2
v -4.2 1.2 0.1
v -4.2 1.2 -0.0999999
v -4.2 1.2 -0.2
v -4.2 1.2 -0.4
v -4.2 1.2 -0.5
v -4.2 1.2 -0.6
v -4.2 1.2 -0.9
v -4.2 1.2 -1
v -4.2 1.2 -1.1
v -4.2 1.2 -1.3
v -4.2 1.2 -1.5
v -4.2 1.2 -1.6
v -4.2 1.2 -1.7
v -4.2 1.2 -1.9
v -4.2 1.2 -2
v -4.2 1.2 -2.1
v -4.2 1.2 -2.2
v -4.2 1.2 -2.3
v -4.2 1.2 -2.4
v -4.2 1.2 -2.8
v -4.2 1.2 -2.9
v -4.2 1.2 -3
v -4.2 1.3 1.1
v -4.2 1.3 1
v -4.2 1.3 0.9
v -4.2 1.3 0.8
v -4.2 1.3 0.4
v -4.2 1.3 0.3
v -4.2 1.3 0.2
v -4.2 1.3 0
v -4.2 1.3 -0.2
v -4.2 1.3 -0.4
v -4.2 1.3 -0.5
v -4.2 1.3 -0.6
v -4.2 1.3 -1
v -4.2 1.3 -1.1
v -4.2 1.3 -1.3
v -4.2 1.3 -1.6
v -4.2 1.3 -1.7
v -4.2 1.3 -1.9
v -4.2 1.3 -2
v -4.2 1.3 -2.1
v -4.2 1.3 -2.7
v -4.2 1.3 -2.8
v -4.2 1.3 -2.9
v -4.2 1.3 -3
v -4.2 1.4 1
v -4.2 1.4 0.8
v -4.2 1.4 0.6
v -4.2 1.4 0.4
v -4.2 1.4 0.3
v -4.2 1.4 0.2
v -4.2 1.4 0.1
v -4.2 1.4 0
v -4.2 1.4 -0.0999999
v -4.2 1.4 -0.2
v -4.2 1.4 -0.4
v -4.2 1.4 -0.5
v -4.2 1.4 -0.9
v -4.2 1.4 -1
v -4.2 1.4 -2.1
v -4.2 1.4 -2.2
v -4.2 1.4 -3
v -4.2 1.4 -3.1
v -4.2 1.5 1.1
v -4.2 1.5 1
v -4.2 1.5 0.8
v -4.2 1.5 0.6
v -4.2 1.5 0.4
v -4.2 1.5 0.3
v -4.2 1.5 0.1
v -4.2 1.5 0
v -4.2 1.5 -0.0999999
v -4.2 1.5 -0.2
v -4.2 1.5 -0.4
v -4.2 1.5 -0.5
v -4.2 1.5 -0.6
v -4.2 1.5 -0.9
v -4.2 1.5 -1
v -4.2 1.5 -1.1
v -4.2 1.5 -1.5
v -4.2 1.5 -1.6
v -4.2 1.5 -1.7
v -4.2 1.5 -2
v -4.2 1.5 -2.1
v -4.2 1.5 -2.3
v -4.2 1.5 -2.4
v -4.2 1.5 -2.7
v -4.2 1.5 -2.8
v -4.2 1.5 -2.9
v -4.2 1.5 -3
v -4.2 1.5 -3.1
v -4.2 1.8 1.1
v -4.2 1.8 0.9
v -4.2 1.8 0.8
v -4.2 1.8 0.5
v -4.2 1.8 0.4
v -4.2 1.8 0.1
v -4.2 1.8 0
v -4.2 1.8 -0.0999999
v -4.2 1.8 -0.4
v -4.2 1.8 -0.5
v -4.2 1.8 -0.6
v -4.2 1.8 -0.8
v -4.2 1.8 -1
v -4.2 1.8 -1.1
v -4.2 1.8 -1.5
v -4.2 1.8 -1.6
v -4.2 1.8 -1.7
v -4.2 1.8 -2
v -4.2 1.8 -2.2
v -4.2 1.8 -2.3
v -4.2 1.8 -2.5
v -4.2 1.8 -2.8
v -4.2 1.8 -3.1
v -4.2 1.9 1.1
v -4.2 1.9 0.9
v -4.2 1.9 0.8
v -4.2 1.9 0.7
v -4.2 1.9 0.5
v -4.2 1.9 0.4
v -4.2 1.9 0.1
v -4.2 1.9 0
v -4.2 1.9 -0.0999999
v -4.2 1.9 -0.3
v -4.2 1.9 -0.4
v -4.2 1.9 -0.5
v -4.2 1.9 -0.6
v -4.2 1.9 -0.7
v -4.2 1.9 -0.8
v -4.2 1.9 -1
v -4.2 1.9 -1.1
v -4.2 1.9 -1.2
v -4.2 1.9 -1.3
v -4.2 1.9 -1.5
v -4.2 1.9 -1.6
v -4.2 1.9 -2
v -4.2 1.9 -2.1
v -4.2 1.9 -2.2
v -4.2 1.9 -2.3
v -4.2 1.9 -2.4
v -4.2 1.9 -2.5
v -4.2 1.9 -2.7
v -4.2 1.9 -2.8
v -4.2 1.9 -3.1
v -4.2 2.1 1.1
v -4.2 2.1 1
v -4.2 2.1 0.8
v -4.2 2.1 0.7
v -4.2 2.1 0.6
v -4.2 2.1 0.5
v -4.2 2.1 -0.2
v -4.2 2.1 -0.3
v -4.2 2.1 -0.7
v -4.2 2.1 -0.8
v -4.2 2.1 -1
v -4.2 2.1 -1.1
v -4.2 2.1 -1.2
v -4.2 2.1 -2
v -4.2 2.1 -2.1
v -4.2 2.1 -2.2
v -4.2 2.1 -2.3
v -4.2 2.1 -2.4
v -4.2 2.1 -2.7
v -4.2 2.1 -2.8
v -4.2 2.2 0.9
v -4.2 2.2 0.8
v -4.2 2.2 0.7
v -4.2 2.2 0.6
v -4.2 2.2 0.5
v -4.2 2.2 0.4
v -4.2 2.2 0.1
v -4.2 2.2 0
v -4.2 2.2 -0.0999999
v -4.2 2.2 -0.2
v -4.2 2.2 -0.3
v -4.2 2.2 -0.5
v -4.2 2.2 -0.6
v -4.2 2.2 -0.7
v -4.2 2.2 -0.8
v -4.2 2.2 -1
v -4.2 2.2 -1.1
v -4.2 2.2 -1.2
v -4.2 2.2 -1.3
v -4.2 2.2 -2
v -4.2 2.2 -2.1
v -4.2 2.2 -2.2
v -4.2 2.2 -2.4
v -4.2 2.2 -2.6
v -4.2 2.2 -2.8
v -4.2 2.2 -3.1
v -4.2 2.3 0.9
v -4.2 2.3 0.7
v -4.2 2.3 0.6
v -4.2 2.3 0.5
v -4.2 2.3 0.1
v -4.2 2.3 0
v -4.2 2.3 -0.2
v -4.2 2.3 -0.3
v -4.2 2.3 -0.5
v -4.2 2.3 -0.6
v -4.2 2.3 -0.8
v -4.2 2.3 -0.9
v -4.2 2.3 -1
v -4.2 2.3 -1.1
v -4.2 2.3 -1.2
v -4.2 2.3 -1.3
v -4.2 2.3 -1.5
v -4.2 2.3 -1.6
v -4.2 2.3 -1.7
v -4.2 2.3 -2.3
v -4.2 2.3 -2.4
v -4.2 2.3 -2.5
v -4.2 2.3 -2.6
v -4.2 2.3 -2.7
v -4.2 2.3 -2.8
v -4.2 2.4 1.1
v -4.2 2.4 1
v -4.2 2.4 0.7
v -4.2 2.4 0.6
v -4.2 2.4 0
v -4.2 2.4 -0.0999999
v -4.2 2.4 -0.2
v -4.2 2.4 -0.3
v -4.2 2.4 -0.5
v -4.2 2.4 -0.6
v -4.2 2.4 -0.8
v -4.2 2.4 -0.9
v -4.2 2.4 -1
v -4.2 2.4 -1.1
v -4.2 2.4 -1.2
v -4.2 2.4 -1.3
v -4.2 2.4 -1.5
v -4.2 2.4 -1.6
v -4.2 2.4 -2
v -4.2 2.4 -2.1
v -4.2 2.4 -2.2
v -4.2 2.4 -2.3
v -4.2 2.4 -2.4
v -4.2 2.4 -2.5
v -4.2 2.4 -2.6
v -4.2 2.4 -2.7
v -4.2 2.4 -2.8
v -4.2 2.4 -3.1
v -4.2 2.5 1.1
v -4.2 2.5 1
v -4.2 2.5 0.9
v -4.2 2.5 0.7
v -4.2 2.5 0.6
v -4.2 2.5 0.5
v -4.2 2.5 0.4
v -4.2 2.5 0.1
v -4.2 2.5 0
v -4.2 2.5 -0.0999999
v -4.2 2.5 -0.2
v -4.2 2.5 -0.4
v -4.2 2.5 -0.5
v -4.2 2.5 -0.8
v -4.2 2.5 -0.9
v -4.2 2.5 -1.1
v -4.2 2.5 -1.2
v -4.2 2.5 -1.3
v -4.2 2.5 -1.4
v -4.2 2.5 -1.6
v -4.2 2.5 -1.7
v -4.2 2.5 -2
v -4.2 2.5 -2.2
v -4.2 2.5 -2.3
v -4.2 2.5 -2.4
v -4.2 2.5 -2.5
v -4.2 2.5 -2.7
v -4.2 2.5 -2.8
v -4.2 2.5 -3.1
v -4.2 2.7 1.1
v -4.2 2.7 1
v -4.2 2.7 0.9
v -4.2 2.7 0.7
v -4.2 2.7 0.6
v -4.2 2.7 0.5
v -4.2 2.7 0.4
v -4.2 2.7 0.1
v -4.2 2.7 0
v -4.2 2.7 -0.0999999
v -4.2 2.7 -0.2
v -4.2 2.7 -0.3
v -4.2 2.7 -0.4
v -4.2 2.7 -0.7
v -4.2 2.7 -0.9
v -4.2 2.7 -1.3
v -4.2 2.7 -1.4
v -4.2 2.7 -2.2
v -4.2 2.7 -2.3
v -4.2 2.7 -2.4
v -4.2 2.7 -2.5
v -4.2 2.7 -2.7
v -4.2 2.7 -2.8
v -4.2 2.8 1.1
v -4.2 2.8 1
v -4.2 2.8 0.9
v -4.2 2.8 0.7
v -4.2 2.8 0.6
v -4.2 2.8 0.5
v -4.2 2.8 0.4
v -4.2 2.8 0.1
v -4.2 2.8 -0.0999999
v -4.2 2.8 -0.2
v -4.2 2.8 -0.3
v -4.2 2.8 -0.5
v -4.2 2.8 -0.6
v -4.2 2.8 -0.7
v -4.2 2.8 -1.1
v -4.2 2.8 -1.2
v -4.2 2.8 -1.3
v -4.2 2.8 -1.7
v -4.2 2.8 -2
v -4.2 2.8 -2.2
v -4.2 2.8 -2.3
v -4.2 2.8 -2.4
v -4.2 2.8 -2.7
v -4.2 2.8 -2.8
v -4.2 2.8 -3.1
v -4.2 3.1 1.1
v -4.2 3.1 0.9
v -4.2 3.1 0.8
v -4.2 3.1 0.7
v -4.2 3.1 0.4
v -4.2 3.1 0.3
v -4.2 3.1 0.1
v -4.2 3.1 0
v -4.2 3.1 -0.2
v -4.2 3.1 -0.3
v -4.2 3.1 -0.4
v -4.2 3.1 -0.8
v -4.2 3.1 -0.9
v -4.2 3.1 -1
v -4.2 3.1 -1.2
v -4.2 3.1 -1.7
v -4.2 3.1 -1.9
v -4.2 3.1 -2
v -4.2 3.1 -2.1
v -4.2 3.1 -2.4
v -4.2 3.1 -2.5
v -4.2 3.1 -2.8
v -4.2 3.1 -3
v -4.2 3.1 -3.1
v -4.2 3.2 1.1
v -4.2 3.2 1
v -4.2 3.2 0.9
v -4.2 3.2 0.8
v -4.2 3.2 0.5
v -4.2 3.2 0.4
v -4.2 3.2 0.3
v -4.2 3.2 0.2
v -4.2 3.2 0.1
v -4.2 3.2 0
v -4.2 3.2 -0.2
v -4.2 3.2 -0.3
v -4.2 3.2 -0.4
v -4.2 3.2 -0.5
v -4.2 3.2 -0.6
v -4.2 3.2 -0.7
v -4.2 3.2 -0.8
v -4.2 3.2 -0.9
v -4.2 3.2 -1
v -4.2 3.2 -1.2
v -4.2 3.2 -1.3
v -4.2 3.2 -1.4
v -4.2 3.2 -1.7
v -4.2 3.2 -1.8
v -4.2 3.2 -1.9
v -4.2 3.2 -2
v -4.2 3.2 -2.1
v -4.2 3.2 -2.2
v -4.2 3.2 -2.4
v -4.2 3.2 -2.5
v -4.2 3.2 -2.8
v -4.2 3.2 -3
v -4.2 3.2 -3.1
v -4.2 3.3 0.9
v -4.2 3.3 0.7
v -4.2 3.3 0.4
v -4.2 3.3 0.3
v -4.2 3.3 0.2
v -4.2 3.3 0.1
v -4.2 3.3 0
v -4.2 3.3 -0.2
v -4.2 3.3 -0.3
v -4.2 3.3 -0.4
v -4.2 3.3 -0.5
v -4.2 3.3 -0.8
v -4.2 3.3 -0.9
v -4.2 3.3 -1
v -4.2 3.3 -1.2
v -4.2 3.3 -1.3
v -4.2 3.3 -1.4
v -4.2 3.3 -1.5
v -4.2 3.3 -1.6
v -4.2 3.3 -1.7
v -4.2 3.3 -1.8
v -4.2 3.3 -1.9
v -4.2 3.3 -2
v -4.2 3.3 -2.1
v -4.2 3.3 -2.2
v -4.2 3.3 -2.8
v -4.2 3.3 -2.9
v -4.2 3.3 -3
v -4.2 3.3 -3.1
v -4.2 3.4 1.1
v -4.2 3.4 1
v -4.2 3.4 0.9
v -4.2 3.4 0.4
v -4.2 3.4 0.3
v -4.2 3.4 0.2
v -4.2 3.4 0.1
v -4.2 3.4 -0.4
v -4.2 3.4 -0.5
v -4.2 3.4 -0.6
v -4.2 3.4 -0.8
v -4.2 3.4 -0.9
v -4.2 3.4 -1.2
v -4.2 3.4 -1.3
v -4.2 3.4 -1.4
v -4.2 3.4 -1.5
v -4.2 3.4 -1.6
v -4.2 3.4 -1.7
v -4.2 3.4 -1.9
v -4.2 3.4 -2
v -4.2 3.4 -2.1
v -4.2 3.4 -2.2
v -4.2 3.4 -2.4
v -4.2 3.4 -2.5
v -4.2 3.5 1.1
v -4.2 3.5 1
v -4.2 3.5 0.9
v -4.2 3.5 0.8
v -4.2 3.5 0.6
v -4.2 3.5 0.5
v -4.2 3.5 0.3
v -4.2 3.5 0.2
v -4.2 3.5 -0.2
v -4.2 3.5 -0.3
v -4.2 3.5 -0.4
v -4.2 3.5 -0.5
v -4.2 3.5 -0.6
v -4.2 3.5 -0.7
v -4.2 3.5 -0.8
v -4.2 3.5 -0.9
v -4.2 3.5 -1.4
v -4.2 3.5 -1.5
v -4.2 3.5 -1.6
v -4.2 3.5 -1.7
v -4.2 3.5 -2
v -4.2 3.5 -2.1
v -4.2 3.5 -2.2
v -4.2 3.5 -2.4
v -4.2 3.5 -2.5
v -4.2 3.5 -2.8
v -4.2 3.5 -2.9
v -4.2 3.5 -3
v -4.2 3.5 -3.1
v -4.2 3.6 1.1
v -4.2 3.6 1
v -4.2 3.6 0.9
v -4.2 3.6 0.8
v -4.2 3.6 0.6
v -4.2 3.6 0.5
v -4.2 3.6 0.4
v -4.2 3.6 0.3
v -4.2 3.6 0.2
v -4.2 3.6 0.1
v -4.2 3.6 0
v -4.2 3.6 -0.2
v -4.2 3.6 -0.3
v -4.2 3.6 -0.4
v -4.2 3.6 -0.5
v -4.2 3.6 -0.6
v -4.2 3.6 -0.7
v -4.2 3.6 -0.8
v -4.2 3.6 -0.9
v -4.2 3.6 -1
v -4.2 3.6 -1.2
v -4.2 3.6 -1.3
v -4.2 3.6 -1.4
v -4.2 3.6 -1.5
v -4.2 3.6 -1.6
v -4.2 3.6 -1.8
v -4.2 3.6 -2.1
v -4.2 3.6 -2.2
v -4.2 3.6 -2.5
v -4.2 3.6 -2.8
v -4.2 3.6 -3
v -4.2 3.6 -3.1
v -4.2 3.7 1.1
v -4.2 3.7 1
v -4.2 3.7 0.9
v -4.2 3.7 0.8
v -4.2 3.7 0.5
v -4.2 3.7 0.4
v -4.2 3.7 0.3
v -4.2 3.7 0.2
v -4.2 3.7 0.1
v -4.2 3.7 0
v -4.2 3.7 -0.2
v -4.2 3.7 -0.3
v -4.2 3.7 -0.4
v -4.2 3.7 -0.5
v -4.2 3.7 -0.6
v -4.2 3.7 -0.7
v -4.2 3.7 -1
v -4.2 3.7 -1.2
v -4.2 3.7 -1.3
v -4.2 3.7 -1.4
v -4.2 3.7 -1.5
v -4.2 3.7 -1.6
v -4.2 3.7 -1.7
v -4.2 3.7 -1.8
v -4.2 3.7 -2.1
v -4.2 3.7 -2.2
v -4.2 3.7 -2.5
v -4.2 3.7 -2.8
v -4.2 3.7 -3
v -4.2 3.7 -3.1
v -4.2 4 1.1
v -4.2 4 0.9
v -4.2 4 0.8
v -4.2 4 0.7
v -4.2 4 0.5
v -4.2 4 0.4
v -4.2 4 0.3
v -4.2 4 0.2
v -4.2 4 0.1
v -4.2 4 0
v -4.2 4 -0.0999999
v -4.2 4 -0.2
v -4.2 4 -0.4
v -4.2 4 -0.6
v -4.2 4 -0.7
v -4.2 4 -0.8
v -4.2 4 -0.9
v -4.2 4 -1
v -4.2 4 -1.1
v -4.2 4 -1.2
v -4.2 4 -1.5
v -4.2 4 -1.6
v -4.2 4 -1.9
v -4.2 4 -2
v -4.2 4 -2.1
v -4.2 4 -2.4
v -4.2 4 -2.5
v -4.2 4 -2.6
v -4.2 4 -2.8
v -4.2 4 -3
v -4.2 4 -3.1
v -4.2 4.1 1.1
v -4.2 4.1 0.9
v -4.2 4.1 0.8
v -4.2 4.1 0.5
v -4.2 4.1 0.4
v -4.2 4.1 0.2
v -4.2 4.1 0.1
v -4.2 4.1 0
v -4.2 4.1 -0.0999999
v -4.2 4.1 -0.2
v -4.2 4.1 -0.4
v -4.2 4.1 -0.6
v -4.2 4.1 -0.7
v -4.2 4.1 -0.8
v -4.2 4.1 -0.9
v -4.2 4.1 -1
v -4.2 4.1 -1.1
v -4.2 4.1 -1.2
v -4.2 4.1 -1.3
v -4.2 4.1 -1.5
v -4.2 4.1 -1.6
v -4.2 4.1 -1.9
v -4.2 4.1 -2
v -4.2 4.1 -2.1
v -4.2 4.1 -2.3
v -4.2 4.1 -2.4
v -4.2 4.1 -2.5
v -4.2 4.1 -2.6
v -4.2 4.1 -2.7
v -4.2 4.1 -2.8
v -4.2 4.1 -3
v -4.2 4.1 -3.1
v -4.2 4.2 0.5
v -4.2 4.2 0.4
v -4.2 4.2 0.3
v -4.2 4.2 0.2
v -4.2 4.2 0.1
v -4.2 4.2 0
v -4.2 4.2 -0.0999999
v -4.2 4.2 -1
v -4.2 4.2 -1.1
v -4.2 4.2 -1.2
v -4.2 4.2 -1.3
v -4.2 4.2 -2.2
v -4.2 4.2 -2.3
v -4.2 4.2 -2.7
v -4.2 4.2 -2.8
v -4.2 4.2 -3
v -4.2 4.2 -3.1
v -4.2 4.3 0.5
v -4.2 4.3 0.4
v -4.2 4.3 0.3
v -4.2 4.3 0.2
v -4.2 4.3 0.1
v -4.2 4.3 -0.0999999
v -4.2 4.3 -0.2
v -4.2 4.3 -0.7
v -4.2 4.3 -0.8
v -4.2 4.3 -0.9
v -4.2 4.3 -1
v -4.2 4.3 -1.1
v -4.2 4.3 -1.2
v -4.2 4.3 -1.3
v -4.2 4.3 -1.5
v -4.2 4.3 -1.6
v -4.2 4.3 -1.9
v -4.2 4.3 -2
v -4.2 4.3 -2.1
v -4.2 4.3 -2.2
v -4.2 4.3 -2.3
v -4.2 4.3 -2.5
v -4.2 4.3 -2.6
v -4.2 4.3 -2.7
v -4.2 4.3 -2.8
v -4.2 4.3 -3
v -4.2 4.4 1.1
v -4.2 4.4 0.9
v -4.2 4.4 0.8
v -4.2 4.4 0.7
v -4.2 4.4 0.5
v -4.2 4.4 0.4
v -4.2 4.4 0.3
v -4.2 4.4 0.2
v -4.2 4.4 -0.0999999
v -4.2 4.4 -0.2
v -4.2 4.4 -0.4
v -4.2 4.4 -0.7
v -4.2 4.4 -0.8
v -4.2 4.4 -0.9
v -4.2 4.4 -1
v -4.2 4.4 -1.1
v -4.2 4.4 -1.2
v -4.2 4.4 -1.3
v -4.2 4.4 -1.5
v -4.2 4.4 -1.6
v -4.2 4.4 -1.9
v -4.2 4.4 -2.2
v -4.2 4.4 -2.3
v -4.2 4.4 -2.5
v -4.2 4.4 -2.6
v -4.2 4.4 -2.8
v -4.2 4.4 -3
v -4.2 4.4 -3.1
v -4.1 0 1.2
v -4.1 0 1.1
v -4.1 0 0.7
v -4.1 0 0.6
v -4.1 0 -0.3
v -4.1 0 -0.4
v -4.1 0 -1.6
v -4.1 0 -1.7
v -4.1 0 -1.8
v -4.1 0 -1.9
v -4.1 0 -3.1
v -4.1 0 -3.2
v -4.1 0.1 1.2
v -4.1 0.1 1.1
v -4.1 0.1 0.7
v -4.1 0.1 0.6
v -4.1 0.1 -0.4
v -4.1 0.1 -1.6
v -4.1 0.1 -1.8
v -4.1 0.1 -1.9
v -4.1 0.1 -3.1
v -4.1 0.2 0.7
v -4.1 0.2 -0.3
v -4.1 0.2 -0.4
v -4.1 0.2 -1.6
v -4.1 0.2 -1.7
v -4.1 0.2 -1.9
v -4.1 0.2 -3.1
v -4.1 0.2 -3.2
v -4.1 0.3 1.2
v -4.1 0.3 1.1
v -4.1 0.3 0.7
v -4.1 0.3 0.6
v -4.1 0.3 -1.6
v -4.1 0.3 -1.7
v -4.1 0.3 -1.9
v -4.1 0.4 1.2
v -4.1 0.4 1.1
v -4.1 0.4 0.8
v -4.1 0.4 0.7
v -4.1 0.4 0.6
v -4.1 0.4 0.5
v -4.1 0.4 0.4
v -4.1 0.4 0.3
v -4.1 0.4 0.2
v -4.1 0.4 0.1
v -4.1 0.4 0
v -4.1 0.4 -0.0999999
v -4.1 0.4 -0.2
v -4.1 0.4 -0.3
v -4.1 0.4 -0.4
v -4.1 0.4 -0.5
v -4.1 0.4 -0.6
v -4.1 0.4 -0.7
v -4.1 0.4 -0.9
v -4.1 0.4 -1
v -4.1 0.4 -1.1
v -4.1 0.4 -1.2
v -4.1 0.4 -1.3
v -4.1 0.4 -1.4
v -4.1 0.4 -1.6
v -4.1 0.4 -1.7
v -4.1 0.4 -1.8
v -4.1 0.4 -1.9
v -4.1 0.4 -2.1
v -4.1 0.4 -2.2
v -4.1 0.4 -2.3
v -4.1 0.4 -2.4
v -4.1 0.4 -2.5
v -4.1 0.4 -2.6
v -4.1 0.4 -2.7
v -4.1 0.4 -2.8
v -4.1 0.4 -3.1
v -4.1 0.4 -3.2
v -4.1 0.5 1.1
v -4.1 0.5 0.8
v -4.1 0.5 0.7
v -4.1 0.5 0.5
v -4.1 0.5 0.4
v -4.1 0.5 0.2
v -4.1 0.5 0.1
v -4.1 0.5 0
v -4.1 0.5 -0.0999999
v -4.1 0.5 -0.2
v -4.1 0.5 -0.4
v -4.1 0.5 -0.5
v -4.1 0.5 -0.6
v -4.1 0.5 -0.7
v -4.1 0.5 -0.9
v -4.1 0.5 -1
v -4.1 0.5 -1.1
v -4.1 0.5 -1.2
v -4.1 0.5 -1.4
v -4.1 0.5 -1.6
v -4.1 0.5 -1.9
v -4.1 0.5 -2.1
v -4.1 0.5 -2.2
v -4.1 0.5 -2.3
v -4.1 0.5 -2.4
v -4.1 0.5 -2.7
v -4.1 0.5 -2.8
v -4.1 0.5 -3.1
v -4.1 0.6 1.1
v -4.1 0.6 1
v -4.1 0.6 0.8
v -4.1 0.6 0.6
v -4.1 0.6 0.4
v -4.1 0.6 0.3
v -4.1 0.6 0.2
v -4.1 0.6 0.1
v -4.1 0.6 0
v -4.1 0.6 -0.2
v -4.1 0.6 -0.4
v -4.1 0.6 -0.5
v -4.1 0.6 -0.6
v -4.1 0.6 -0.9
v -4.1 0.6 -1
v -4.1 0.6 -1.2
v -4.1 0.6 -1.3
v -4.1 0.6 -1.5
v -4.1 0.6 -1.6
v -4.1 0.6 -1.8
v -4.1 0.6 -1.9
v -4.1 0.6 -2
v -4.1 0.6 -2.2
v -4.1 0.6 -2.3
v -4.1 0.6 -2.4
v -4.1 0.6 -2.7
v -4.1 0.6 -3.1
v -4.1 0.7 1.2
v -4.1 0.7 1.1
v -4.1 0.7 1
v -4.1 0.7 0.9
v -4.1 0.7 0.8
v -4.1 0.7 0.7
v -4.1 0.7 0.6
v -4.1 0.7 0.5
v -4.1 0.7 0.4
v -4.1 0.7 0.3
v -4.1 0.7 0.2
v -4.1 0.7 0.1
v -4.1 0.7 0
v -4.1 0.7 -0.0999999
v -4.1 0.7 -0.2
v -4.1 0.7 -0.3
v -4.1 0.7 -0.4
v -4.1 0.7 -0.5
v -4.1 0.7 -0.6
v -4.1 0.7 -0.7
v -4.1 0.7 -0.8
v -4.1 0.7 -0.9
v -4.1 0.7 -1
v -4.1 0.7 -1.1
v -4.1 0.7 -1.2
v -4.1 0.7 -1.3
v -4.1 0.7 -1.4
v -4.1 0.7 -1.5
v -4.1 0.7 -1.6
v -4.1 0.7 -1.7
v -4.1 0.7 -1.8
v -4.1 0.7 -1.9
v -4.1 0.7 -2
v -4.1 0.7 -2.2
v -4.1 0.7 -2.3
v -4.1 0.7 -2.4
v -4.1 0.7 -2.5
v -4.1 0.7 -2.6
v -4.1 0.7 -2.7
v -4.1 0.7 -2.8
v -4.1 0.7 -2.9
v -4.1 0.7 -3.1
v -4.1 0.7 -3.2
v -4.1 0.8 1.1
v -4.1 0.8 0.7
v -4.1 0.8 0.6
v -4.1 0.8 -0.6
v -4.1 0.8 -0.7
v -4.1 0.8 -0.9
v -4.1 0.8 -2.4
v -4.1 0.8 -2.5
v -4.1 0.8 -2.7
v -4.1 0.8 -3.1
v -4.1 0.8 -3.2
v -4.1 0.9 0.6
v -4.1 0.9 -0.6
v -4.1 0.9 -0.7
v -4.1 0.9 -0.9
v -4.1 0.9 -2.4
v -4.1 0.9 -2.6
v -4.1 0.9 -2.7
v -4.1 0.9 -3.1
v -4.1 0.9 -3.2
v -4.1 1 1.2
v -4.1 1 1.1
v -4.1 1 0.7
v -4.1 1 0.6
v -4.1 1 -0.6
v -4.1 1 -0.7
v -4.1 1 -2.4
v -4.1 1 -2.5
v -4.1 1 -2.6
v -4.1 1 -2.7
v -4.1 1 -3.1
v -4.1 1 -3.2
v -4.1 1.1 1.2
v -4.1 1.1 1.1
v -4.1 1.1 0.6
v -4.1 1.1 -0.6
v -4.1 1.1 -0.8
v -4.1 1.1 -0.9
v -4.1 1.1 -2.4
v -4.1 1.1 -3.1
v -4.1 1.2 1.2
v -4.1 1.2 1.1
v -4.1 1.2 -0.6
v -4.1 1.2 -0.7
v -4.1 1.2 -0.9
v -4.1 1.2 -2.4
v -4.1 1.2 -2.6
v -4.1 1.2 -2.7
v -4.1 1.2 -3.1
v -4.1 1.2 -3.2
v -4.1 1.3 1.2
v -4.1 1.3 1.1
v -4.1 1.3 0.7
v -4.1 1.3 0.6
v -4.1 1.3 -0.6
v -4.1 1.3 -0.7
v -4.1 1.3 -0.8
v -4.1 1.3 -0.9
v -4.1 1.3 -2.4
v -4.1 1.3 -2.5
v -4.1 1.3 -2.6
v -4.1 1.3 -2.7
v -4.1 1.3 -3.1
v -4.1 1.3 -3.2
v -4.1 1.4 0.7
v -4.1 1.4 0.6
v -4.1 1.4 -0.9
v -4.1 1.4 -2.4
v -4.1 1.4 -2.5
v -4.1 1.4 -2.6
v -4.1 1.4 -2.7
v -4.1 1.4 -3.1
v -4.1 1.4 -3.2
v -4.1 1.5 1.2
v -4.1 1.5 1.1
v -4.1 1.5 1
v -4.1 1.5 0.8
v -4.1 1.5 0.7
v -4.1 1.5 0.6
v -4.1 1.5 0.4
v -4.1 1.5 0.3
v -4.1 1.5 0.1
v -4.1 1.5 0
v -4.1 1.5 -0.0999999
v -4.1 1.5 -0.2
v -4.1 1.5 -0.4
v -4.1 1.5 -0.5
v -4.1 1.5 -0.6
v -4.1 1.5 -0.7
v -4.1 1.5 -0.8
v -4.1 1.5 -0.9
v -4.1 1.5 -1
v -4.1 1.5 -1.1
v -4.1 1.5 -1.3
v -4.1 1.5 -1.5
v -4.1 1.5 -1.6
v -4.1 1.5 -1.7
v -4.1 1.5 -1.9
v -4.1 1.5 -2
v -4.1 1.5 -2.1
v -4.1 1.5 -2.2
v -4.1 1.5 -2.3
v -4.1 1.5 -2.4
v -4.1 1.5 -2.5
v -4.1 1.5 -2.6
v -4.1 1.5 -2.7
v -4.1 1.5 -2.8
v -4.1 1.5 -2.9
v -4.1 1.5 -3
v -4.1 1.5 -3.1
v -4.1 1.5 -3.2
v -4.1 1.6 1.1
v -4.1 1.6 1
v -4.1 1.6 0.8
v -4.1 1.6 0.6
v -4.1 1.6 0.4
v -4.1 1.6 0.3
v -4.1 1.6 0
v -4.1 1.6 -0.0999999
v -4.1 1.6 -0.4
v -4.1 1.6 -0.5
v -4.1 1.6 -0.6
v -4.1 1.6 -0.9
v -4.1 1.6 -1.1
v -4.1 1.6 -1.3
v -4.1 1.6 -1.6
v -4.1 1.6 -1.7
v -4.1 1.6 -1.9
v -4.1 1.6 -2.2
v -4.1 1.6 -2.4
v -4.1 1.6 -2.7
v -4.1 1.6 -2.8
v -4.1 1.6 -3.1
v -4.1 1.7 1.1
v -4.1 1.7 0.8
v -4.1 1.7 0.7
v -4.1 1.7 0.4
v -4.1 1.7 0.1
v -4.1 1.7 0
v -4.1 1.7 -0.2
v -4.1 1.7 -0.4
v -4.1 1.7 -0.5
v -4.1 1.7 -0.6
v -4.1 1.7 -0.9
v -4.1 1.7 -1.1
v -4.1 1.7 -1.4
v -4.1 1.7 -1.5
v -4.1 1.7 -1.7
v -4.1 1.7 -2
v -4.1 1.7 -2.2
v -4.1 1.7 -2.3
v -4.1 1.7 -2.8
v -4.1 1.7 -3.1
v -4.1 1.8 1.2
v -4.1 1.8 1.1
v -4.1 1.8 0.9
v -4.1 1.8 0.8
v -4.1 1.8 0.7
v -4.1 1.8 0.5
v -4.1 1.8 0.4
v -4.1 1.8 0.3
v -4.1 1.8 0.2
v -4.1 1.8 0.1
v -4.1 1.8 0
v -4.1 1.8 -0.0999999
v -4.1 1.8 -0.2
v -4.1 1.8 -0.4
v -4.1 1.8 -0.5
v -4.1 1.8 -0.6
v -4.1 1.8 -0.8
v -4.1 1.8 -0.9
v -4.1 1.8 -1
v -4.1 1.8 -1.1
v -4.1 1.8 -1.4
v -4.1 1.8 -1.5
v -4.1 1.8 -1.6
v -4.1 1.8 -1.7
v -4.1 1.8 -1.8
v -4.1 1.8 -1.9
v -4.1 1.8 -2
v -4.1 1.8 -2.2
v -4.1 1.8 -2.3
v -4.1 1.8 -2.5
v -4.1 1.8 -2.8
v -4.1 1.8 -3.1
v -4.1 1.8 -3.2
v -4.1 1.9 1.2
v -4.1 1.9 1.1
v -4.1 1.9 0.4
v -4.1 1.9 0.1
v -4.1 1.9 -1.7
v -4.1 1.9 -1.8
v -4.1 1.9 -2
v -4.1 1.9 -3.1
v -4.1 1.9 -3.2
v -4.1 2.1 1.2
v -4.1 2.1 1.1
v -4.1 2.1 0.4
v -4.1 2.1 0.3
v -4.1 2.1 0.2
v -4.1 2.1 0.1
v -4.1 2.1 -1.7
v -4.1 2.1 -1.8
v -4.1 2.1 -1.9
v -4.1 2.1 -2
v -4.1 2.1 -3.1
v -4.1 2.1 -3.2
v -4.1 2.2 0.4
v -4.1 2.2 0.3
v -4.1 2.2 0.1
v -4.1 2.2 -1.9
v -4.1 2.2 -2
v -4.1 2.2 -3.1
v -4.1 2.2 -3.2
v -4.1 2.3 0.2
v -4.1 2.3 0.1
v -4.1 2.3 -1.7
v -4.1 2.3 -1.8
v -4.1 2.4 1.2
v -4.1 2.4 1.1
v -4.1 2.4 0.4
v -4.1 2.4 0.3
v -4.1 2.4 0.2
v -4.1 2.4 0.1
v -4.1 2.4 -1.7
v -4.1 2.4 -1.8
v -4.1 2.4 -1.9
v -4.1 2.4 -2
v -4.1 2.4 -3.1
v -4.1 2.4 -3.2
v -4.1 2.5 1.1
v -4.1 2.5 0.4
v -4.1 2.5 0.1
v -4.1 2.5 -1.7
v -4.1 2.5 -1.9
v -4.1 2.5 -2
v -4.1 2.5 -3.1
v -4.1 2.5 -3.2
v -4.1 2.6 1.2
v -4.1 2.6 1.1
v -4.1 2.7 1.1
v -4.1 2.7 0.4
v -4.1 2.7 0.3
v -4.1 2.7 0.1
v -4.1 2.7 -1.7
v -4.1 2.7 -1.8
v -4.1 2.7 -1.9
v -4.1 2.7 -2
v -4.1 2.7 -3.1
v -4.1 2.7 -3.2
v -4.1 2.8 1.2
v -4.1 2.8 1.1
v -4.1 2.8 1
v -4.1 2.8 0.9
v -4.1 2.8 0.7
v -4.1 2.8 0.6
v -4.1 2.8 0.5
v -4.1 2.8 0.4
v -4.1 2.8 0.3
v -4.1 2.8 0.2
v -4.1 2.8 0.1
v -4.1 2.8 -0.0999999
v -4.1 2.8 -0.2
v -4.1 2.8 -0.3
v -4.1 2.8 -0.4
v -4.1 2.8 -0.5
v -4.1 2.8 -0.6
v -4.1 2.8 -0.7
v -4.1 2.8 -0.8
v -4.1 2.8 -1.1
v -4.1 2.8 -1.2
v -4.1 2.8 -1.3
v -4.1 2.8 -1.6
v -4.1 2.8 -1.7
v -4.1 2.8 -1.8
v -4.1 2.8 -1.9
v -4.1 2.8 -2
v -4.1 2.8 -2.2
v -4.1 2.8 -2.3
v -4.1 2.8 -2.4
v -4.1 2.8 -2.7
v -4.1 2.8 -2.8
v -4.1 2.8 -3.1
v -4.1 2.8 -3.2
v -4.1 2.9 1.1
v -4.1 2.9 0.7
v -4.1 2.9 0.4
v -4.1 2.9 0.1
v -4.1 2.9 -0.0999999
v -4.1 2.9 -0.2
v -4.1 2.9 -0.3
v -4.1 2.9 -0.4
v -4.1 2.9 -0.7
v -4.1 2.9 -0.8
v -4.1 2.9 -1.1
v -4.1 2.9 -1.2
v -4.1 2.9 -1.3
v -4.1 2.9 -1.6
v -4.1 2.9 -1.7
v -4.1 2.9 -2
v -4.1 2.9 -2.3
v -4.1 2.9 -2.8
v -4.1 2.9 -3.1
v -4.1 3 1.1
v -4.1 3 0.9
v -4.1 3 0.8
v -4.1 3 0.3
v -4.1 3 0
v -4.1 3 -0.2
v -4.1 3 -0.3
v -4.1 3 -0.4
v -4.1 3 -0.8
v -4.1 3 -1
v -4.1 3 -1.2
v -4.1 3 -1.3
v -4.1 3 -1.4
v -4.1 3 -1.6
v -4.1 3 -1.7
v -4.1 3 -1.9
v -4.1 3 -2.1
v -4.1 3 -2.3
v -4.1 3 -2.4
v -4.1 3 -2.5
v -4.1 3 -2.8
v -4.1 3 -3
v -4.1 3 -3.1
v -4.1 3.1 1.2
v -4.1 3.1 1.1
v -4.1 3.1 0.9
v -4.1 3.1 0.8
v -4.1 3.1 0.7
v -4.1 3.1 0.4
v -4.1 3.1 0.3
v -4.1 3.1 0.1
v -4.1 3.1 0
v -4.1 3.1 -0.0999999
v -4.1 3.1 -0.2
v -4.1 3.1 -0.3
v -4.1 3.1 -0.4
v -4.1 3.1 -0.8
v -4.1 3.1 -0.9
v -4.1 3.1 -1
v -4.1 3.1 -1.1
v -4.1 3.1 -1.2
v -4.1 3.1 -1.3
v -4.1 3.1 -1.4
v -4.1 3.1 -1.6
v -4.1 3.1 -1.7
v -4.1 3.1 -1.9
v -4.1 3.1 -2
v -4.1 3.1 -2.1
v -4.1 3.1 -2.3
v -4.1 3.1 -2.4
v -4.1 3.1 -2.5
v -4.1 3.1 -2.6
v -4.1 3.1 -2.7
v -4.1 3.1 -2.8
v -4.1 3.1 -3
v -4.1 3.1 -3.1
v -4.1 3.1 -3.2
v -4.1 3.2 1.2
v -4.1 3.2 1.1
v -4.1 3.2 0
v -4.1 3.2 -0.0999999
v -4.1 3.2 -1.1
v -4.1 3.2 -1.2
v -4.1 3.2 -2.5
v -4.1 3.2 -2.6
v -4.1 3.2 -2.7
v -4.1 3.2 -2.8
v -4.1 3.2 -3.1
v -4.1 3.2 -3.2
v -4.1 3.3 1.2
v -4.1 3.3 1.1
v -4.1 3.3 0
v -4.1 3.3 -0.0999999
v -4.1 3.3 -1.2
v -4.1 3.3 -2.7
v -4.1 3.3 -2.8
v -4.1 3.3 -3.1
v -4.1 3.3 -3.2
v -4.1 3.4 1.2
v -4.1 3.4 1.1
v -4.1 3.4 -1.1
v -4.1 3.4 -1.2
v -4.1 3.4 -2.5
v -4.1 3.4 -2.6
v -4.1 3.4 -3.1
v -4.1 3.4 -3.2
v -4.1 3.5 1.1
v -4.1 3.5 0
v -4.1 3.5 -0.0999999
v -4.1 3.5 -1.1
v -4.1 3.5 -1.2
v -4.1 3.5 -2.5
v -4.1 3.5 -2.6
v -4.1 3.5 -2.7
v -4.1 3.5 -2.8
v -4.1 3.5 -3.1
v -4.1 3.5 -3.2
v -4.1 3.6 1.2
v -4.1 3.6 1.1
v -4.1 3.6 0
v -4.1 3.6 -0.0999999
v -4.1 3.6 -1.2
v -4.1 3.6 -2.5
v -4.1 3.6 -2.6
v -4.1 3.6 -2.7
v -4.1 3.6 -2.8
v -4.1 3.6 -3.1
v -4.1 3.6 -3.2
v -4.1 3.7 1.2
v -4.1 3.7 1.1
v -4.1 3.7 1
v -4.1 3.7 0.9
v -4.1 3.7 0.8
v -4.1 3.7 0.5
v -4.1 3.7 0.4
v -4.1 3.7 0.3
v -4.1 3.7 0.2
v -4.1 3.7 0.1
v -4.1 3.7 0
v -4.1 3.7 -0.0999999
v -4.1 3.7 -0.2
v -4.1 3.7 -0.3
v -4.1 3.7 -0.4
v -4.1 3.7 -0.5
v -4.1 3.7 -0.6
v -4.1 3.7 -0.7
v -4.1 3.7 -0.8
v -4.1 3.7 -1
v -4.1 3.7 -1.1
v -4.1 3.7 -1.2
v -4.1 3.7 -1.3
v -4.1 3.7 -1.4
v -4.1 3.7 -1.5
v -4.1 3.7 -1.6
v -4.1 3.7 -1.7
v -4.1 3.7 -1.8
v -4.1 3.7 -1.9
v -4.1 3.7 -2.1
v -4.1 3.7 -2.2
v -4.1 3.7 -2.5
v -4.1 3.7 -2.6
v -4.1 3.7 -2.7
v -4.1 3.7 -2.8
v -4.1 3.7 -3
v -4.1 3.7 -3.1
v -4.1 3.7 -3.2
v -4.1 3.8 1.1
v -4.1 3.8 0.9
v -4.1 3.8 0.8
v -4.1 3.8 0.5
v -4.1 3.8 0.3
v -4.1 3.8 0
v -4.1 3.8 -0.2
v -4.1 3.8 -0.4
v -4.1 3.8 -0.6
v -4.1 3.8 -0.7
v -4.1 3.8 -0.8
v -4.1 3.8 -1
v -4.1 3.8 -1.2
v -4.1 3.8 -1.3
v -4.1 3.8 -1.4
v -4.1 3.8 -1.5
v -4.1 3.8 -1.6
v -4.1 3.8 -1.8
v -4.1 3.8 -1.9
v -4.1 3.8 -2.1
v -4.1 3.8 -2.2
v -4.1 3.8 -2.5
v -4.1 3.8 -2.8
v -4.1 3.8 -3.1
v -4.1 3.9 1.1
v -4.1 3.9 1
v -4.1 3.9 0.9
v -4.1 3.9 0.7
v -4.1 3.9 0.5
v -4.1 3.9 0.2
v -4.1 3.9 0.1
v -4.1 3.9 0
v -4.1 3.9 -0.0999999
v -4.1 3.9 -0.2
v -4.1 3.9 -0.4
v -4.1 3.9 -0.7
v -4.1 3.9 -0.9
v -4.1 3.9 -1.1
v -4.1 3.9 -1.2
v -4.1 3.9 -1.3
v -4.1 3.9 -1.4
v -4.1 3.9 -1.6
v -4.1 3.9 -1.9
v -4.1 3.9 -2
v -4.1 3.9 -2.2
v -4.1 3.9 -2.4
v -4.1 3.9 -2.5
v -4.1 3.9 -2.6
v -4.1 3.9 -2.9
v -4.1 3.9 -3.1
v -4.1 4 1.2
v -4.1 4 1.1
v -4.1 4 1
v -4.1 4 0.9
v -4.1 4 0.8
v -4.1 4 0.7
v -4.1 4 0.6
v -4.1 4 0.5
v -4.1 4 0.4
v -4.1 4 0.3
v -4.1 4 0.2
v -4.1 4 0.1
v -4.1 4 0
v -4.1 4 -0.0999999
v -4.1 4 -0.2
v -4.1 4 -0.3
v -4.1 4 -0.4
v -4.1 4 -0.6
v -4.1 4 -0.7
v -4.1 4 -0.8
v -4.1 4 -0.9
v -4.1 4 -1
v -4.1 4 -1.1
v -4.1 4 -1.2
v -4.1 4 -1.3
v -4.1 4 -1.4
v -4.1 4 -1.5
v -4.1 4 -1.6
v -4.1 4 -1.7
v -4.1 4 -1.8
v -4.1 4 -1.9
v -4.1 4 -2
v -4.1 4 -2.1
v -4.1 4 -2.2
v -4.1 4 -2.4
v -4.1 4 -2.5
v -4.1 4 -2.6
v -4.1 4 -2.8
v -4.1 4 -2.9
v -4.1 4 -3
v -4.1 4 -3.1
v -4.1 4 -3.2
v -4.1 4.1 1.1
v -4.1 4.1 0.7
v -4.1 4.1 0.6
v -4.1 4.1 -0.4
v -4.1 4.1 -1.6
v -4.1 4.1 -1.7
v -4.1 4.1 -1.9
v -4.1 4.1 -3.1
v -4.1 4.1 -3.2
v -4.1 4.2 1.2
v -4.1 4.2 1.1
v -4.1 4.2 0.7
v -4.1 4.2 0.6
v -4.1 4.2 -1.6
v -4.1 4.2 -1.7
v -4.1 4.2 -1.8
v -4.1 4.2 -1.9
v -4.1 4.2 -3.1
v -4.1 4.2 -3.2
v -4.1 4.3 -0.3
v -4.1 4.3 -0.4
v -4.1 4.3 -1.6
v -4.1 4.3 -1.7
v -4.1 4.3 -1.8
v -4.1 4.3 -1.9
v -4.1 4.3 -3.1
v -4.1 4.3 -3.2
v -4.1 4.4 1.2
v -4.1 4.4 1.1
v -4.1 4.4 0.7
v -4.1 4.4 0.6
v -4.1 4.4 -3.1
v -4.1 4.4 -3.2
v -4 0.2 0.6
v -4 0.2 0.5
v -4 0.2 -0.2
v -4 0.2 -0.3
v -4 0.2 -1.7
v -4 0.2 -1.8
v -4 0.3 0.6
v -4 0.3 -1.7
v -4 0.4 0.7
v -4 0.4 0.6
v -4 0.4 -0.2
v -4 0.4 -0.3
v -4 0.4 -0.4
v -4 0.4 -1.6
v -4 0.4 -1.7
v -4 0.4 -1.8
v -4 0.4 -1.9
v -4 0.5 1
v -4 0.5 0.8
v -4 0.5 0.7
v -4 0.5 0.5
v -4 0.5 0.4
v -4 0.5 0.2
v -4 0.5 0.1
v -4 0.5 0
v -4 0.5 -0.0999999
v -4 0.5 -0.2
v -4 0.5 -0.4
v -4 0.5 -0.5
v -4 0.5 -0.6
v -4 0.5 -0.7
v -4 0.5 -0.9
v -4 0.5 -1
v -4 0.5 -1.1
v -4 0.5 -1.2
v -4 0.5 -1.4
v -4 0.5 -1.6
v -4 0.5 -1.9
v -4 0.5 -2.1
v -4 0.5 -2.2
v -4 0.5 -2.3
v -4 0.5 -2.4
v -4 0.5 -2.7
v -4 0.5 -2.8
v -4 0.5 -3
v -4 0.6 1
v -4 0.6 0.8
v -4 0.6 0.6
v -4 0.6 0.4
v -4 0.6 0.3
v -4 0.6 0.2
v -4 0.6 0.1
v -4 0.6 0
v -4 0.6 -0.2
v -4 0.6 -0.4
v -4 0.6 -0.5
v -4 0.6 -0.6
v -4 0.6 -0.9
v -4 0.6 -1
v -4 0.6 -1.2
v -4 0.6 -1.3
v -4 0.6 -1.5
v -4 0.6 -1.6
v -4 0.6 -1.8
v -4 0.6 -1.9
v -4 0.6 -2
v -4 0.6 -2.2
v -4 0.6 -2.3
v -4 0.6 -2.4
v -4 0.6 -2.7
v -4 0.6 -3
v -4 0.7 0.8
v -4 0.7 0.7
v -4 0.7 0.6
v -4 0.7 -0.6
v -4 0.7 -0.7
v -4 0.7 -0.8
v -4 0.7 -0.9
v -4 0.7 -2.4
v -4 0.7 -2.5
v -4 0.7 -2.6
v -4 0.7 -2.7
v -4 0.8 0.7
v -4 0.8 -0.7
v -4 0.8 -2.5
v -4 0.9 -0.7
v -4 0.9 -2.6
v -4 1 0.7
v -4 1 -0.7
v -4 1 -2.5
v -4 1 -2.6
v -4 1.1 -0.8
v -4 1.2 -0.7
v -4 1.2 -2.6
v -4 1.3 0.7
v -4 1.3 -0.7
v -4 1.3 -0.8
v -4 1.3 -2.5
v -4 1.3 -2.6
v -4 1.4 0.7
v -4 1.4 -2.5
v -4 1.4 -2.6
v -4 1.5 0.8
v -4 1.5 0.7
v -4 1.5 0.6
v -4 1.5 -0.6
v -4 1.5 -0.7
v -4 1.5 -0.8
v -4 1.5 -0.9
v -4 1.5 -2.4
v -4 1.5 -2.5
v -4 1.5 -2.6
v -4 1.5 -2.7
v -4 1.6 1
v -4 1.6 0.8
v -4 1.6 0.6
v -4 1.6 0.4
v -4 1.6 0.3
v -4 1.6 0
v -4 1.6 -0.0999999
v -4 1.6 -0.4
v -4 1.6 -0.5
v -4 1.6 -0.6
v -4 1.6 -0.9
v -4 1.6 -1.1
v -4 1.6 -1.3
v -4 1.6 -1.6
v -4 1.6 -1.7
v -4 1.6 -1.9
v -4 1.6 -2.2
v -4 1.6 -2.4
v -4 1.6 -2.7
v -4 1.6 -2.8
v -4 1.6 -3
v -4 1.7 1
v -4 1.7 0.8
v -4 1.7 0.7
v -4 1.7 0.4
v -4 1.7 0.1
v -4 1.7 0
v -4 1.7 -0.2
v -4 1.7 -0.4
v -4 1.7 -0.5
v -4 1.7 -0.6
v -4 1.7 -0.9
v -4 1.7 -1.1
v -4 1.7 -1.4
v -4 1.7 -1.5
v -4 1.7 -1.7
v -4 1.7 -2
v -4 1.7 -2.2
v -4 1.7 -2.3
v -4 1.7 -2.8
v -4 1.7 -3
v -4 1.8 0.4
v -4 1.8 0.3
v -4 1.8 0.2
v -4 1.8 0.1
v -4 1.8 -1.7
v -4 1.8 -1.8
v -4 1.8 -1.9
v -4 1.8 -2
v -4 1.9 -1.8
v -4 2.1 0.3
v -4 2.1 0.2
v -4 2.1 -1.8
v -4 2.1 -1.9
v -4 2.2 0.3
v -4 2.2 -1.9
v -4 2.3 0.2
v -4 2.3 -1.8
v -4 2.4 0.3
v -4 2.4 0.2
v -4 2.4 -1.8
v -4 2.4 -1.9
v -4 2.5 -1.9
v -4 2.7 0.3
v -4 2.7 -1.8
v -4 2.7 -1.9
v -4 2.8 0.4
v -4 2.8 0.3
v -4 2.8 0.2
v -4 2.8 0.1
v -4 2.8 -1.7
v -4 2.8 -1.8
v -4 2.8 -1.9
v -4 2.8 -2
v -4 2.9 1
v -4 2.9 0.7
v -4 2.9 0.4
v -4 2.9 0.1
v -4 2.9 -0.0999999
v -4 2.9 -0.2
v -4 2.9 -0.3
v -4 2.9 -0.4
v -4 2.9 -0.7
v -4 2.9 -0.8
v -4 2.9 -1.1
v -4 2.9 -1.2
v -4 2.9 -1.3
v -4 2.9 -1.6
v -4 2.9 -1.7
v -4 2.9 -2
v -4 2.9 -2.3
v -4 2.9 -2.8
v -4 2.9 -3
v -4 3 1
v -4 3 0.9
v -4 3 0.8
v -4 3 0.3
v -4 3 0
v -4 3 -0.2
v -4 3 -0.3
v -4 3 -0.4
v -4 3 -0.8
v -4 3 -1
v -4 3 -1.2
v -4 3 -1.3
v -4 3 -1.4
v -4 3 -1.6
v -4 3 -1.7
v -4 3 -1.9
v -4 3 -2.1
v -4 3 -2.3
v -4 3 -2.4
v -4 3 -2.5
v -4 3 -2.8
v -4 3 -3
v -4 3.1 0
v -4 3.1 -0.0999999
v -4 3.1 -0.2
v -4 3.1 -1
v -4 3.1 -1.1
v -4 3.1 -1.2
v -4 3.1 -2.5
v -4 3.1 -2.6
v -4 3.1 -2.7
v -4 3.1 -2.8
v -4 3.2 -0.0999999
v -4 3.2 -1.1
v -4 3.2 -2.6
v -4 3.2 -2.7
v -4 3.3 -0.0999999
v -4 3.3 -2.7
v -4 3.4 -1.1
v -4 3.4 -2.6
v -4 3.5 -0.0999999
v -4 3.5 -1.1
v -4 3.5 -2.6
v -4 3.5 -2.7
v -4 3.6 -0.0999999
v -4 3.6 -2.6
v -4 3.6 -2.7
v -4 3.7 0
v -4 3.7 -0.0999999
v -4 3.7 -1
v -4 3.7 -1.1
v -4 3.7 -1.2
v -4 3.7 -2.5
v -4 3.7 -2.6
v -4 3.7 -2.7
v -4 3.7 -2.8
v -4 3.8 1
v -4 3.8 0.9
v -4 3.8 0.8
v -4 3.8 0.5
v -4 3.8 0.3
v -4 3.8 0
v -4 3.8 -0.2
v -4 3.8 -0.4
v -4 3.8 -0.6
v -4 3.8 -0.7
v -4 3.8 -0.8
v -4 3.8 -1
v -4 3.8 -1.2
v -4 3.8 -1.3
v -4 3.8 -1.4
v -4 3.8 -1.5
v -4 3.8 -1.6
v -4 3.8 -1.8
v -4 3.8 -1.9
v -4 3.8 -2.1
v -4 3.8 -2.2
v -4 3.8 -2.5
v -4 3.8 -2.8
v -4 3.8 -3
v -4 3.9 1
v -4 3.9 0.9
v -4 3.9 0.7
v -4 3.9 0.5
v -4 3.9 0.2
v -4 3.9 0.1
v -4 3.9 0
v -4 3.9 -0.0999999
v -4 3.9 -0.2
v -4 3.9 -0.4
v -4 3.9 -0.7
v -4 3.9 -0.9
v -4 3.9 -1.1
v -4 3.9 -1.2
v -4 3.9 -1.3
v -4 3.9 -1.4
v -4 3.9 -1.6
v -4 3.9 -1.9
v -4 3.9 -2
v -4 3.9 -2.2
v -4 3.9 -2.4
v -4 3.9 -2.5
v -4 3.9 -2.6
v -4 3.9 -2.9
v -4 3.9 -3
v -4 4 0.7
v -4 4 0.6
v -4 4 0.5
v -4 4 -0.2
v -4 4 -0.3
v -4 4 -0.4
v -4 4 -1.6
v -4 4 -1.7
v -4 4 -1.8
v -4 4 -1.9
v -4 4.1 0.6
v -4 4.1 -1.7
v -4 4.2 0.6
v -4 4.2 0.5
v -4 4.2 -0.2
v -4 4.2 -0.3
v -4 4.2 -1.7
v -4 4.2 -1.8
v -3.7 0.7 1.1
v -3.7 0.7 1
v -3.7 0.7 -3
v -3.7 0.7 -3.1
v -3.7 0.8 1.1
v -3.7 0.8 1
v -3.7 0.8 -3
v -3.7 0.8 -3.1
v -3.7 1 1.1
v -3.7 1 1
v -3.7 1 -3
v -3.7 1 -3.1
v -3.7 1.3 1.1
v -3.7 1.3 1
v -3.7 1.3 -3
v -3.7 1.3 -3.1
v -3.7 1.4 1.1
v -3.7 1.4 1
v -3.7 1.4 -3
v -3.7 1.4 -3.1
v -3.7 1.5 1.1
v -3.7 1.5 1
v -3.7 1.5 -3
v -3.7 1.5 -3.1
v -3.6 0.6 1.1
v -3.6 0.6 1
v -3.6 0.6 -3
v -3.6 0.6 -3.1
v -3.6 0.7 1.2
v -3.6 0.7 1.1
v -3.6 0.7 1
v -3.6 0.7 -3
v -3.6 0.7 -3.1
v -3.6 0.7 -3.2
v -3.6 0.8 1.2
v -3.6 0.8 1.1
v -3.6 0.8 -3.1
v -3.6 0.8 -3.2
v -3.6 0.9 1.2
v -3.6 0.9 1.1
v -3.6 0.9 -3.1
v -3.6 0.9 -3.2
v -3.6 1 1.2
v -3.6 1 1.1
v -3.6 1 -3.1
v -3.6 1 -3.2
v -3.6 1.1 1.2
v -3.6 1.1 1.1
v -3.6 1.1 -3.1
v -3.6 1.1 -3.2
v -3.6 1.3 1.1
v -3.6 1.3 -3.1
v -3.6 1.4 1.2
v -3.6 1.4 1.1
v -3.6 1.4 -3.1
v -3.6 1.4 -3.2
v -3.6 1.5 1.2
v -3.6 1.5 1.1
v -3.6 1.5 1
v -3.6 1.5 -3
v -3.6 1.5 -3.1
v -3.6 1.5 -3.2
v -3.6 1.6 1.1
v -3.6 1.6 1
v -3.6 1.6 -3
v -3.6 1.6 -3.1
v -3.5 0 1.2
v -3.5 0 1
v -3.5 0 -3
v -3.5 0 -3.2
v -3.5 0.1 1.2
v -3.5 0.1 1.1
v -3.5 0.1 -3.1
v -3.5 0.1 -3.2
v -3.5 0.2 1.2
v -3.5 0.2 1.1
v -3.5 0.2 1
v -3.5 0.2 -3
v -3.5 0.2 -3.1
v -3.5 0.2 -3.2
v -3.5 0.4 1.2
v -3.5 0.4 1.1
v -3.5 0.4 -3.1
v -3.5 0.4 -3.2
v -3.5 0.5 1.1
v -3.5 0.5 1
v -3.5 0.5 -3
v -3.5 0.5 -3.1
v -3.5 3.9 1.1
v -3.5 3.9 1
v -3.5 3.9 -3
v -3.5 3.9 -3.1
v -3.5 4 1.2
v -3.5 4 1.1
v -3.5 4 1
v -3.5 4 -3
v -3.5 4 -3.1
v -3.5 4 -3.2
v -3.5 4.1 1.2
v -3.5 4.1 1.1
v -3.5 4.1 -3.1
v -3.5 4.1 -3.2
v -3.5 4.2 1.2
v -3.5 4.2 1.1
v -3.5 4.2 1
v -3.5 4.2 0.6
v -3.5 4.2 -1.8
v -3.5 4.2 -3
v -3.5 4.2 -3.1
v -3.5 4.2 -3.2
v -3.5 4.3 1.2
v -3.5 4.3 1.1
v -3.5 4.3 1
v -3.5 4.3 0.8
v -3.5 4.3 0.7
v -3.5 4.3 -1.8
v -3.5 4.3 -1.9
v -3.5 4.3 -2
v -3.5 4.3 -2.1
v -3.5 4.3 -2.2
v -3.5 4.3 -2.4
v -3.5 4.3 -2.5
v -3.5 4.3 -2.6
v -3.5 4.3 -2.7
v -3.5 4.3 -2.9
v -3.5 4.3 -3.1
v -3.5 4.3 -3.2
v -3.5 4.4 1.2
v -3.5 4.4 1.1
v -3.5 4.4 1
v -3.5 4.4 0.8
v -3.5 4.4 0.7
v -3.5 4.4 0.6
v -3.5 4.4 -1.9
v -3.5 4.4 -2
v -3.5 4.4 -2.1
v -3.5 4.4 -2.2
v -3.5 4.4 -2.4
v -3.5 4.4 -2.5
v -3.5 4.4 -2.6
v -3.5 4.4 -2.7
v -3.5 4.4 -2.9
v -3.5 4.4 -3.2
v -3.2 1.8 1.1
v -3.2 1.8 1
v -3.2 1.8 -3
v -3.2 1.8 -3.1
v -3.2 2.1 1.1
v -3.2 2.1 1
v -3.2 2.1 -3
v -3.2 2.1 -3.1
v -3.2 2.3 1.1
v -3.2 2.3 1
v -3.2 2.3 -3
v -3.2 2.3 -3.1
v -3.2 2.4 1.1
v -3.2 2.4 1
v -3.2 2.4 -3
v -3.2 2.4 -3.1
v -3.2 2.8 1.1
v -3.2 2.8 1
v -3.2 2.8 -3
v -3.2 2.8 -3.1
v -3.1 1.7 1.1
v -3.1 1.7 1
v -3.1 1.7 -3
v -3.1 1.7 -3.1
v -3.1 1.8 1.2
v -3.1 1.8 1.1
v -3.1 1.8 1
v -3.1 1.8 -3
v -3.1 1.8 -3.1
v -3.1 1.8 -3.2
v -3.1 1.9 1.2
v -3.1 1.9 1.1
v -3.1 1.9 -3.1
v -3.1 1.9 -3.2
v -3.1 2.1 1.1
v -3.1 2.1 -3.1
v -3.1 2.2 1.2
v -3.1 2.2 1.1
v -3.1 2.2 -3.1
v -3.1 2.2 -3.2
v -3.1 2.3 1.2
v -3.1 2.3 1.1
v -3.1 2.3 -3.1
v -3.1 2.3 -3.2
v -3.1 2.4 1.1
v -3.1 2.4 -3.1
v -3.1 2.5 1.2
v -3.1 2.5 1.1
v -3.1 2.5 -3.1
v -3.1 2.5 -3.2
v -3.1 2.7 1.2
v -3.1 2.7 1.1
v -3.1 2.7 -3.1
v -3.1 2.7 -3.2
v -3.1 2.8 1.2
v -3.1 2.8 1.1
v -3.1 2.8 1
v -3.1 2.8 -3
v -3.1 2.8 -3.1
v -3.1 2.8 -3.2
v -3.1 2.9 1.1
v -3.1 2.9 1
v -3.1 2.9 -3
v -3.1 2.9 -3.1
v -3.1 4.2 0.5
v -3.1 4.2 0.4
v -3.1 4.2 0.3
v -3.1 4.2 0.2
v -3.1 4.2 -0.2
v -3.1 4.3 0.5
v -3.1 4.3 0.4
v -3.1 4.3 0.3
v -3.1 4.3 0.2
v -3.1 4.3 -0.2
v -3 4.3 0.5
v -3 4.3 0.4
v -3 4.3 0.3
v -3 4.3 0.2
v -3 4.3 -0.2
v -3 4.4 0.5
v -3 4.4 0.4
v -3 4.4 0.3
v -3 4.4 0.2
v -3 4.4 -0.2
v -2.8 3 1.1
v -2.8 3 1
v -2.8 3 -3
v -2.8 3 -3.1
v -2.8 3.1 1.2
v -2.8 3.1 1.1
v -2.8 3.1 1
v -2.8 3.1 -3
v -2.8 3.1 -3.1
v -2.8 3.1 -3.2
v -2.8 3.2 1.2
v -2.8 3.2 1.1
v -2.8 3.2 -3.1
v -2.8 3.2 -3.2
v -2.8 3.3 1.2
v -2.8 3.3 1.1
v -2.8 3.3 -3.1
v -2.8 3.3 -3.2
v -2.8 3.5 1.2
v -2.8 3.5 1.1
v -2.8 3.5 -3.1
v -2.8 3.5 -3.2
v -2.8 3.6 1.2
v -2.8 3.6 1.1
v -2.8 3.6 -3.1
v -2.8 3.6 -3.2
v -2.8 3.7 1.2
v -2.8 3.7 1.1
v -2.8 3.7 -3.1
v -2.8 3.7 -3.2
v -2.8 3.8 1.1
v -2.8 3.8 1
v -2.8 3.8 -3
v -2.8 3.8 -3.1
v -2.7 0 1.1
v -2.7 0 1
v -2.7 0 -3
v -2.7 0 -3.1
v -2.7 0.2 1.1
v -2.7 0.2 1
v -2.7 0.2 -3
v -2.7 0.2 -3.1
v -2.7 0.4 1.1
v -2.7 0.4 1
v -2.7 0.4 -3
v -2.7 0.4 -3.1
v -2.7 4 1.1
v -2.7 4 1
v -2.7 4 -3
v -2.7 4 -3.1
v -2.7 4.2 1
v -2.7 4.2 0.8
v -2.7 4.2 0.7
v -2.7 4.2 0.6
v -2.7 4.2 -1.9
v -2.7 4.2 -2.1
v -2.7 4.2 -2.3
v -2.7 4.2 -2.4
v -2.7 4.2 -2.5
v -2.7 4.2 -3
v -2.7 4.3 1.1
v -2.7 4.3 1
v -2.7 4.3 0.8
v -2.7 4.3 0.7
v -2.7 4.3 0.6
v -2.7 4.3 -1.9
v -2.7 4.3 -2.1
v -2.7 4.3 -2.3
v -2.7 4.3 -2.4
v -2.7 4.3 -2.5
v -2.7 4.3 -3
v -2.7 4.3 -3.1
v -2.6 0 1.2
v -2.6 0 1.1
v -2.6 0 -3.1
v -2.6 0 -3.2
v -2.6 0.1 1.2
v -2.6 0.1 1.1
v -2.6 0.1 -3.1
v -2.6 0.1 -3.2
v -2.6 0.2 1.2
v -2.6 0.2 1.1
v -2.6 0.2 -3.1
v -2.6 0.2 -3.2
v -2.6 0.4 1.2
v -2.6 0.4 1.1
v -2.6 0.4 1
v -2.6 0.4 -3
v -2.6 0.4 -3.1
v -2.6 0.4 -3.2
v -2.6 0.5 1.1
v -2.6 0.5 1
v -2.6 0.5 -3
v -2.6 0.5 -3.1
v -2.6 3.9 1.1
v -2.6 3.9 1
v -2.6 3.9 -3
v -2.6 3.9 -3.1
v -2.6 4 1.2
v -2.6 4 1.1
v -2.6 4 1
v -2.6 4 -3
v -2.6 4 -3.1
v -2.6 4 -3.2
v -2.6 4.1 1.2
v -2.6 4.1 1.1
v -2.6 4.1 -3.1
v -2.6 4.1 -3.2
v -2.6 4.2 -1.8
v -2.6 4.2 -1.9
v -2.6 4.3 1.1
v -2.6 4.3 1
v -2.6 4.3 0.8
v -2.6 4.3 0.7
v -2.6 4.3 0.6
v -2.6 4.3 -1.8
v -2.6 4.3 -1.9
v -2.6 4.3 -2.1
v -2.6 4.3 -2.3
v -2.6 4.3 -2.4
v -2.6 4.3 -2.5
v -2.6 4.3 -2.7
v -2.6 4.3 -2.8
v -2.6 4.3 -3
v -2.6 4.3 -3.1
v -2.6 4.4 1.2
v -2.6 4.4 1.1
v -2.6 4.4 0.7
v -2.6 4.4 0.6
v -2.6 4.4 -1.9
v -2.6 4.4 -2.4
v -2.6 4.4 -2.5
v -2.6 4.4 -2.7
v -2.6 4.4 -2.8
v -2.6 4.4 -3
v -2.6 4.4 -3.1
v -2.6 4.4 -3.2
v -2.2 0.7 1.1
v -2.2 0.7 1
v -2.2 0.7 -3
v -2.2 0.7 -3.1
v -2.2 1.1 1.1
v -2.2 1.1 1
v -2.2 1.1 -3
v -2.2 1.1 -3.1
v -2.2 1.3 1.1
v -2.2 1.3 1
v -2.2 1.3 -3
v -2.2 1.3 -3.1
v -2.2 1.5 1.1
v -2.2 1.5 1
v -2.2 1.5 -3
v -2.2 1.5 -3.1
v -2.1 0.6 1.1
v -2.1 0.6 1
v -2.1 0.6 -3
v -2.1 0.6 -3.1
v -2.1 0.7 1.2
v -2.1 0.7 1.1
v -2.1 0.7 1
v -2.1 0.7 -3
v -2.1 0.7 -3.1
v -2.1 0.7 -3.2
v -2.1 0.8 1.2
v -2.1 0.8 1.1
v -2.1 0.8 -3.1
v -2.1 0.8 -3.2
v -2.1 0.9 1.2
v -2.1 0.9 1.1
v -2.1 0.9 -3.1
v -2.1 0.9 -3.2
v -2.1 1.1 1.2
v -2.1 1.1 1.1
v -2.1 1.1 -3.1
v -2.1 1.1 -3.2
v -2.1 1.2 1.2
v -2.1 1.2 1.1
v -2.1 1.2 -3.1
v -2.1 1.2 -3.2
v -2.1 1.3 1.1
v -2.1 1.3 -3.1
v -2.1 1.4 1.2
v -2.1 1.4 1.1
v -2.1 1.4 -3.1
v -2.1 1.4 -3.2
v -2.1 1.5 1.2
v -2.1 1.5 1.1
v -2.1 1.5 1
v -2.1 1.5 -3
v -2.1 1.5 -3.1
v -2.1 1.5 -3.2
v -2.1 1.6 1.1
v -2.1 1.6 1
v -2.1 1.6 -3
v -2.1 1.6 -3.1
v -2.1 4.2 -0.4
v -2.1 4.2 -0.5
v -2.1 4.2 -0.6
v -2.1 4.2 -0.8
v -2.1 4.2 -0.9
v -2.1 4.2 -1.2
v -2.1 4.2 -1.3
v -2.1 4.2 -1.6
v -2.1 4.3 -0.4
v -2.1 4.3 -0.5
v -2.1 4.3 -0.6
v -2.1 4.3 -0.8
v -2.1 4.3 -0.9
v -2.1 4.3 -1.2
v -2.1 4.3 -1.3
v -2.1 4.3 -1.6
v -2 4.2 -0.3
v -2 4.2 -0.4
v -2 4.2 -1.6
v -2 4.2 -1.7
v -2 4.3 -0.3
v -2 4.3 -0.4
v -2 4.3 -0.5
v -2 4.3 -0.6
v -2 4.3 -0.8
v -2 4.3 -0.9
v -2 4.3 -1.2
v -2 4.3 -1.3
v -2 4.3 -1.6
v -2 4.3 -1.7
v -2 4.4 -0.4
v -2 4.4 -0.8
v -2 4.4 -0.9
v -2 4.4 -1.6
v -1.9 3.1 1.1
v -1.9 3.1 1
v -1.9 3.1 -3
v -1.9 3.1 -3.1
v -1.9 3.2 1.1
v -1.9 3.2 1
v -1.9 3.2 -3
v -1.9 3.2 -3.1
v -1.9 3.4 1.1
v -1.9 3.4 1
v -1.9 3.4 -3
v -1.9 3.4 -3.1
v -1.9 3.5 1.1
v -1.9 3.5 1
v -1.9 3.5 -3
v -1.9 3.5 -3.1
v -1.9 3.7 1.1
v -1.9 3.7 1
v -1.9 3.7 -3
v -1.9 3.7 -3.1
v -1.8 3 1.1
v -1.8 3 1
v -1.8 3 -3
v -1.8 3 -3.1
v -1.8 3.1 1.2
v -1.8 3.1 1.1
v -1.8 3.1 1
v -1.8 3.1 -3
v -1.8 3.1 -3.1
v -1.8 3.1 -3.2
v -1.8 3.2 1.2
v -1.8 3.2 1.1
v -1.8 3.2 -3.1
v -1.8 3.2 -3.2
v -1.8 3.3 1.2
v -1.8 3.3 1.1
v -1.8 3.3 -3.1
v -1.8 3.3 -3.2
v -1.8 3.4 1.2
v -1.8 3.4 1.1
v -1.8 3.4 -3.1
v -1.8 3.4 -3.2
v -1.8 3.5 1.1
v -1.8 3.5 -3.1
v -1.8 3.6 1.2
v -1.8 3.6 1.1
v -1.8 3.6 -3.1
v -1.8 3.6 -3.2
v -1.8 3.7 1.2
v -1.8 3.7 1.1
v -1.8 3.7 1
v -1.8 3.7 -3
v -1.8 3.7 -3.1
v -1.8 3.7 -3.2
v -1.8 3.8 1.1
v -1.8 3.8 1
v -1.8 3.8 -3
v -1.8 3.8 -3.1
v -1.8 4.2 0.5
v -1.8 4.2 0.4
v -1.8 4.2 0.3
v -1.8 4.2 0.2
v -1.8 4.2 -0.2
v -1.8 4.3 0.5
v -1.8 4.3 0.4
v -1.8 4.3 0.3
v -1.8 4.3 0.2
v -1.8 4.3 -0.2
v -1.7 4.3 0.5
v -1.7 4.3 0.4
v -1.7 4.3 0.3
v -1.7 4.3 0.2
v -1.7 4.3 -0.0999999
v -1.7 4.3 -0.2
v -1.7 4.4 0.5
v -1.7 4.4 0.4
v -1.7 4.4 0.3
v -1.7 4.4 0.2
v -1.7 4.4 -0.0999999
v -1.7 4.4 -0.2
v -1.2 0 1.1
v -1.2 0 1
v -1.2 0 -3
v -1.2 0 -3.1
v -1.2 0.1 1.1
v -1.2 0.1 1
v -1.2 0.1 -3
v -1.2 0.1 -3.1
v -1.2 0.2 1
v -1.2 0.2 -3
v -1.2 0.4 1.1
v -1.2 0.4 1
v -1.2 0.4 -3
v -1.2 0.4 -3.1
v -1.2 4 1.1
v -1.2 4 1
v -1.2 4 -3
v -1.2 4 -3.1
v -1.2 4.2 1.1
v -1.2 4.2 1
v -1.2 4.2 0.8
v -1.2 4.2 0.7
v -1.2 4.2 0.6
v -1.2 4.2 -1.9
v -1.2 4.2 -2.1
v -1.2 4.2 -2.3
v -1.2 4.2 -2.4
v -1.2 4.2 -2.5
v -1.2 4.2 -3
v -1.2 4.3 1.1
v -1.2 4.3 0.8
v -1.2 4.3 0.7
v -1.2 4.3 0.6
v -1.2 4.3 -1.9
v -1.2 4.3 -2.1
v -1.2 4.3 -2.3
v -1.2 4.3 -2.4
v -1.2 4.3 -2.5
v -1.2 4.3 -3
v -1.2 4.3 -3.1
v -1.1 0 1.2
v -1.1 0 1.1
v -1.1 0 -3.1
v -1.1 0 -3.2
v -1.1 0.1 1.1
v -1.1 0.1 -3.1
v -1.1 0.2 1.2
v -1.1 0.2 1.1
v -1.1 0.2 -3.1
v -1.1 0.2 -3.2
v -1.1 0.3 1.2
v -1.1 0.3 1.1
v -1.1 0.3 -3.1
v -1.1 0.3 -3.2
v -1.1 0.4 1.2
v -1.1 0.4 1.1
v -1.1 0.4 1
v -1.1 0.4 -3
v -1.1 0.4 -3.1
v -1.1 0.4 -3.2
v -1.1 0.5 1.1
v -1.1 0.5 1
v -1.1 0.5 -3
v -1.1 0.5 -3.1
v -1.1 1.8 1.1
v -1.1 1.8 1
v -1.1 1.8 -3
v -1.1 1.8 -3.1
v -1.1 2.1 1.1
v -1.1 2.1 1
v -1.1 2.1 -3
v -1.1 2.1 -3.1
v -1.1 2.2 1.1
v -1.1 2.2 1
v -1.1 2.2 -3
v -1.1 2.2 -3.1
v -1.1 2.4 1.1
v -1.1 2.4 1
v -1.1 2.4 -3
v -1.1 2.4 -3.1
v -1.1 2.5 1.1
v -1.1 2.5 1
v -1.1 2.5 -3
v -1.1 2.5 -3.1
v -1.1 2.7 1.1
v -1.1 2.7 1
v -1.1 2.7 -3
v -1.1 2.7 -3.1
v -1.1 2.8 1.1
v -1.1 2.8 1
v -1.1 2.8 -3
v -1.1 2.8 -3.1
v -1.1 3.9 1.1
v -1.1 3.9 1
v -1.1 3.9 -3
v -1.1 3.9 -3.1
v -1.1 4 1.2
v -1.1 4 1.1
v -1.1 4 1
v -1.1 4 -3
v -1.1 4 -3.1
v -1.1 4 -3.2
v -1.1 4.1 1.2
v -1.1 4.1 1.1
v -1.1 4.1 -3.1
v -1.1 4.1 -3.2
v -1.1 4.2 1.1
v -1.1 4.2 -1.8
v -1.1 4.2 -1.9
v -1.1 4.3 1.2
v -1.1 4.3 1.1
v -1.1 4.3 1
v -1.1 4.3 0.8
v -1.1 4.3 0.7
v -1.1 4.3 0.6
v -1.1 4.3 -1.8
v -1.1 4.3 -1.9
v -1.1 4.3 -2.1
v -1.1 4.3 -2.3
v -1.1 4.3 -2.4
v -1.1 4.3 -2.5
v -1.1 4.3 -2.7
v -1.1 4.3 -2.8
v -1.1 4.3 -3
v -1.1 4.3 -3.1
v -1.1 4.3 -3.2
v -1.1 4.4 1.2
v -1.1 4.4 1.1
v -1.1 4.4 1
v -1.1 4.4 0.7
v -1.1 4.4 0.6
v -1.1 4.4 -1.9
v -1.1 4.4 -2.4
v -1.1 4.4 -2.5
v -1.1 4.4 -2.7
v -1.1 4.4 -2.8
v -1.1 4.4 -3
v -1.1 4.4 -3.1
v -1.1 4.4 -3.2
v -1 1.7 1.1
v -1 1.7 1
v -1 1.7 -3
v -1 1.7 -3.1
v -1 1.8 1.2
v -1 1.8 1.1
v -1 1.8 1
v -1 1.8 -3
v -1 1.8 -3.1
v -1 1.8 -3.2
v -1 1.9 1.2
v -1 1.9 1.1
v -1 1.9 -3.1
v -1 1.9 -3.2
v -1 2.1 1.2
v -1 2.1 1.1
v -1 2.1 -3.1
v -1 2.1 -3.2
v -1 2.2 1.2
v -1 2.2 1.1
v -1 2.2 -3.1
v -1 2.2 -3.2
v -1 2.4 1.2
v -1 2.4 1.1
v -1 2.4 -3.1
v -1 2.4 -3.2
v -1 2.5 1.2
v -1 2.5 1.1
v -1 2.5 -3.1
v -1 2.5 -3.2
v -1 2.7 1.1
v -1 2.7 -3.1
v -1 2.8 1.2
v -1 2.8 1.1
v -1 2.8 1
v -1 2.8 -3
v -1 2.8 -3.1
v -1 2.8 -3.2
v -1 2.9 1.1
v -1 2.9 1
v -1 2.9 -3
v -1 2.9 -3.1
v -0.8 4.2 -0.3
v -0.8 4.2 -0.4
v -0.8 4.2 -1.6
v -0.8 4.2 -1.7
v -0.8 4.3 -0.3
v -0.8 4.3 -0.4
v -0.8 4.3 -0.5
v -0.8 4.3 -0.6
v -0.8 4.3 -0.7
v -0.8 4.3 -0.9
v -0.8 4.3 -1
v -0.8 4.3 -1.2
v -0.8 4.3 -1.3
v -0.8 4.3 -1.6
v -0.8 4.3 -1.7
v -0.8 4.4 -0.4
v -0.8 4.4 -0.5
v -0.8 4.4 -0.6
v -0.8 4.4 -0.7
v -0.8 4.4 -0.9
v -0.8 4.4 -1
v -0.8 4.4 -1.2
v -0.8 4.4 -1.3
v -0.8 4.4 -1.6
v -0.4 0.7 1.1
v -0.4 0.7 1
v -0.4 0.7 -3
v -0.4 0.7 -3.1
v -0.4 0.9 1.1
v -0.4 0.9 1
v -0.4 0.9 -3
v -0.4 0.9 -3.1
v -0.4 1 1.1
v -0.4 1 1
v -0.4 1 -3
v -0.4 1 -3.1
v -0.4 1.2 1.1
v -0.4 1.2 1
v -0.4 1.2 -3
v -0.4 1.2 -3.1
v -0.4 1.3 1.1
v -0.4 1.3 1
v -0.4 1.3 -3
v -0.4 1.3 -3.1
v -0.4 1.4 1.1
v -0.4 1.4 1
v -0.4 1.4 -3
v -0.4 1.4 -3.1
v -0.4 1.5 1.1
v -0.4 1.5 1
v -0.4 1.5 -3
v -0.4 1.5 -3.1
v -0.3 0.6 1.1
v -0.3 0.6 1
v -0.3 0.6 -3
v -0.3 0.6 -3.1
v -0.3 0.7 1.2
v -0.3 0.7 1.1
v -0.3 0.7 1
v -0.3 0.7 -3
v -0.3 0.7 -3.1
v -0.3 0.7 -3.2
v -0.3 0.8 1.2
v -0.3 0.8 1.1
v -0.3 0.8 -3.1
v -0.3 0.8 -3.2
v -0.3 0.9 1.2
v -0.3 0.9 1.1
v -0.3 0.9 -3.1
v -0.3 0.9 -3.2
v -0.3 1 1.2
v -0.3 1 1.1
v -0.3 1 -3.1
v -0.3 1 -3.2
v -0.3 1.2 1.1
v -0.3 1.2 -3.1
v -0.3 1.3 1.2
v -0.3 1.3 1.1
v -0.3 1.3 -3.1
v -0.3 1.3 -3.2
v -0.3 1.4 1.1
v -0.3 1.4 -3.1
v -0.3 1.5 1.2
v -0.3 1.5 1.1
v -0.3 1.5 1
v -0.3 1.5 -3
v -0.3 1.5 -3.1
v -0.3 1.5 -3.2
v -0.3 1.6 1.1
v -0.3 1.6 1
v -0.3 1.6 -3
v -0.3 1.6 -3.1
v -0.3 3.1 1.1
v -0.3 3.1 1
v -0.3 3.1 -3
v -0.3 3.1 -3.1
v -0.3 3.2 1.1
v -0.3 3.2 1
v -0.3 3.2 -3
v -0.3 3.2 -3.1
v -0.3 3.3 1.1
v -0.3 3.3 1
v -0.3 3.3 -3
v -0.3 3.3 -3.1
v -0.3 3.5 1.1
v -0.3 3.5 1
v -0.3 3.5 -3
v -0.3 3.5 -3.1
v -0.3 3.6 1.1
v -0.3 3.6 1
v -0.3 3.6 -3
v -0.3 3.6 -3.1
v -0.3 3.7 1.1
v -0.3 3.7 1
v -0.3 3.7 -3
v -0.3 3.7 -3.1
v -0.2 3 1.1
v -0.2 3 1
v -0.2 3 -3
v -0.2 3 -3.1
v -0.2 3.1 1.2
v -0.2 3.1 1.1
v -0.2 3.1 1
v -0.2 3.1 -3
v -0.2 3.1 -3.1
v -0.2 3.1 -3.2
v -0.2 3.2 1.2
v -0.2 3.2 1.1
v -0.2 3.2 -3.1
v -0.2 3.2 -3.2
v -0.2 3.3 1.2
v -0.2 3.3 1.1
v -0.2 3.3 -3.1
v -0.2 3.3 -3.2
v -0.2 3.5 1.2
v -0.2 3.5 1.1
v -0.2 3.5 -3.1
v -0.2 3.5 -3.2
v -0.2 3.6 1.2
v -0.2 3.6 1.1
v -0.2 3.6 -3.1
v -0.2 3.6 -3.2
v -0.2 3.7 1.2
v -0.2 3.7 1.1
v -0.2 3.7 1
v -0.2 3.7 -3
v -0.2 3.7 -3.1
v -0.2 3.7 -3.2
v -0.2 3.8 1.1
v -0.2 3.8 1
v -0.2 3.8 -3
v -0.2 3.8 -3.1
v 0 0 1
v 0 0 0.7
v 0 0 0.6
v 0 0 0.5
v 0 0 -0.2
v 0 0 -0.3
v 0 0 -0.4
v 0 0 -1.6
v 0 0 -1.7
v 0 0 -1.8
v 0 0 -1.9
v 0 0 -3
v 0 0.1 0.8
v 0 0.1 0.7
v 0 0.1 0.6
v 0 0.1 -1.8
v 0 0.1 -1.9
v 0 0.2 1
v 0 0.2 0.8
v 0 0.2 0.7
v 0 0.2 0.6
v 0 0.2 0.5
v 0 0.2 -0.2
v 0 0.2 -0.3
v 0 0.2 -0.4
v 0 0.2 -1.6
v 0 0.2 -1.7
v 0 0.2 -1.8
v 0 0.2 -1.9
v 0 0.2 -3
v -4 0 1
v -4 0 0.7
v -4 0 0.6
v -4 0 0.5
v -4 0 -0.2
v -4 0 -0.3
v -4 0 -0.4
v -4 0 -1.6
v -4 0 -1.7
v -4 0 -1.8
v -4 0 -1.9
v -4 0 -3
v -4 0.1 0.8
v -4 0.1 0.7
v -4 0.1 0.6
v -4 0.1 -1.8
v -4 0.1 -1.9
v -4 0.2 1
v -4 0.2 0.8
v -4 0.2 0.7
v -4 0.2 0.6
v -4 0.2 0.5
v -4 0.2 -0.2
v -4 0.2 -0.3
v -4 0.2 -0.4
v -4 0.2 -1.6
v -4 0.2 -1.7
v -4 0.2 -1.8
v -4 0.2 -1.9
v -4 0.2 -3
v -3.8 0.6 1.1
v -3.8 0.6 1
v -3.8 0.6 -3
v -3.8 0.6 -3.1
v -3.8 0.7 1.2
v -3.8 0.7 1.1
v -3.8 0.7 1
v -3.8 0.7 -3
v -3.8 0.7 -3.1
v -3.8 0.7 -3.2
v -3.8 0.8 1.2
v -3.8 0.8 1.1
v -3.8 0.8 -3.1
v -3.8 0.8 -3.2
v -3.8 1 1.2
v -3.8 1 1.1
v -3.8 1 -3.1
v -3.8 1 -3.2
v -3.8 1.3 1.2
v -3.8 1.3 1.1
v -3.8 1.3 -3.1
v -3.8 1.3 -3.2
v -3.8 1.4 1.2
v -3.8 1.4 1.1
v -3.8 1.4 -3.1
v -3.8 1.4 -3.2
v -3.8 1.5 1.2
v -3.8 1.5 1.1
v -3.8 1.5 1
v -3.8 1.5 -3
v -3.8 1.5 -3.1
v -3.8 1.5 -3.2
v -3.8 1.6 1.1
v -3.8 1.6 1
v -3.8 1.6 -3
v -3.8 1.6 -3.1
v -3.7 0 1.2
v -3.7 0 1.1
v -3.7 0 -3.1
v -3.7 0 -3.2
v -3.7 0.1 1.1
v -3.7 0.1 -3.1
v -3.7 0.2 1.2
v -3.7 0.2 1.1
v -3.7 0.2 -3.1
v -3.7 0.2 -3.2
v -3.7 0.3 1.1
v -3.7 0.3 -3.1
v -3.7 0.4 1.2
v -3.7 0.4 1.1
v -3.7 0.4 1
v -3.7 0.4 -3
v -3.7 0.4 -3.1
v -3.7 0.4 -3.2
v -3.7 0.5 1.1
v -3.7 0.5 1
v -3.7 0.5 -3
v -3.7 0.5 -3.1
v -3.7 3.9 1.1
v -3.7 3.9 1
v -3.7 3.9 -3
v -3.7 3.9 -3.1
v -3.7 4 1.2
v -3.7 4 1.1
v -3.7 4 1
v -3.7 4 -3
v -3.7 4 -3.1
v -3.7 4 -3.2
v -3.7 4.1 1.1
v -3.7 4.1 -3.1
v -3.7 4.2 1.1
v -3.7 4.2 -3.1
v -3.7 4.4 1.2
v -3.7 4.4 1.1
v -3.7 4.4 -3.1
v -3.7 4.4 -3.2
v -3.6 0 1.1
v -3.6 0 1
v -3.6 0 -3
v -3.6 0 -3.1
v -3.6 0.1 1.1
v -3.6 0.1 1
v -3.6 0.1 -3
v -3.6 0.1 -3.1
v -3.6 0.2 1
v -3.6 0.2 -3
v -3.6 0.3 1.1
v -3.6 0.3 1
v -3.6 0.3 -3
v -3.6 0.3 -3.1
v -3.6 0.4 1.1
v -3.6 0.4 1
v -3.6 0.4 -3
v -3.6 0.4 -3.1
v -3.6 4 1.1
v -3.6 4 1
v -3.6 4 -3
v -3.6 4 -3.1
v -3.6 4.1 1.1
v -3.6 4.1 1
v -3.6 4.1 -3
v -3.6 4.1 -3.1
v -3.6 4.2 1.1
v -3.6 4.2 1
v -3.6 4.2 0.6
v -3.6 4.2 -1.8
v -3.6 4.2 -1.9
v -3.6 4.2 -3
v -3.6 4.2 -3.1
v -3.6 4.3 1
v -3.6 4.3 0.8
v -3.6 4.3 0.7
v -3.6 4.3 0.6
v -3.6 4.3 -1.8
v -3.6 4.3 -1.9
v -3.6 4.3 -2.1
v -3.6 4.3 -2.2
v -3.6 4.3 -2.3
v -3.6 4.3 -2.5
v -3.6 4.3 -2.6
v -3.6 4.3 -2.8
v -3.6 4.3 -2.9
v -3.6 4.3 -3
v -3.6 4.4 1.1
v -3.6 4.4 1
v -3.6 4.4 0.8
v -3.6 4.4 0.7
v -3.6 4.4 0.6
v -3.6 4.4 -1.9
v -3.6 4.4 -2.1
v -3.6 4.4 -2.2
v -3.6 4.4 -2.3
v -3.6 4.4 -2.5
v -3.6 4.4 -2.6
v -3.6 4.4 -2.8
v -3.6 4.4 -2.9
v -3.6 4.4 -3
v -3.6 4.4 -3.1
v -3.4 1.7 1.1
v -3.4 1.7 1
v -3.4 1.7 -3
v -3.4 1.7 -3.1
v -3.4 1.8 1.2
v -3.4 1.8 1.1
v -3.4 1.8 1
v -3.4 1.8 -3
v -3.4 1.8 -3.1
v -3.4 1.8 -3.2
v -3.4 1.9 1.2
v -3.4 1.9 1.1
v -3.4 1.9 -3.1
v -3.4 1.9 -3.2
v -3.4 2.1 1.1
v -3.4 2.1 -3.1
v -3.4 2.2 1.2
v -3.4 2.2 1.1
v -3.4 2.2 -3.1
v -3.4 2.2 -3.2
v -3.4 2.4 1.1
v -3.4 2.4 -3.1
v -3.4 2.5 1.2
v -3.4 2.5 1.1
v -3.4 2.5 -3.1
v -3.4 2.5 -3.2
v -3.4 2.7 1.2
v -3.4 2.7 1.1
v -3.4 2.7 -3.1
v -3.4 2.7 -3.2
v -3.4 2.8 1.2
v -3.4 2.8 1.1
v -3.4 2.8 1
v -3.4 2.8 -3
v -3.4 2.8 -3.1
v -3.4 2.8 -3.2
v -3.4 2.9 1.1
v -3.4 2.9 1
v -3.4 2.9 -3
v -3.4 2.9 -3.1
v -3.3 1.8 1.1
v -3.3 1.8 1
v -3.3 1.8 -3
v -3.3 1.8 -3.1
v -3.3 2.1 1.1
v -3.3 2.1 1
v -3.3 2.1 -3
v -3.3 2.1 -3.1
v -3.3 2.2 1.1
v -3.3 2.2 1
v -3.3 2.2 -3
v -3.3 2.2 -3.1
v -3.3 2.4 1.1
v -3.3 2.4 1
v -3.3 2.4 -3
v -3.3 2.4 -3.1
v -3.3 2.7 1.1
v -3.3 2.7 1
v -3.3 2.7 -3
v -3.3 2.7 -3.1
v -3.3 2.8 1.1
v -3.3 2.8 1
v -3.3 2.8 -3
v -3.3 2.8 -3.1
v -3.3 4.3 0.5
v -3.3 4.3 0.4
v -3.3 4.3 0.2
v -3.3 4.3 0.1
v -3.3 4.3 0
v -3.3 4.3 -0.0999999
v -3.3 4.3 -0.2
v -3.3 4.4 0.5
v -3.3 4.4 0.4
v -3.3 4.4 0.2
v -3.3 4.4 0.1
v -3.3 4.4 0
v -3.3 4.4 -0.2
v -3.2 4.2 0.5
v -3.2 4.2 0.1
v -3.2 4.2 0
v -3.2 4.2 -0.0999999
v -3.2 4.2 -0.2
v -3.2 4.3 0.5
v -3.2 4.3 0.1
v -3.2 4.3 0
v -3.2 4.3 -0.0999999
v -3.2 4.3 -0.2
v -3 3 1.1
v -3 3 1
v -3 3 -3
v -3 3 -3.1
v -3 3.1 1.2
v -3 3.1 1.1
v -3 3.1 1
v -3 3.1 -3
v -3 3.1 -3.1
v -3 3.1 -3.2
v -3 3.2 1.2
v -3 3.2 1.1
v -3 3.2 -3.1
v -3 3.2 -3.2
v -3 3.3 1.2
v -3 3.3 1.1
v -3 3.3 -3.1
v -3 3.3 -3.2
v -3 3.5 1.1
v -3 3.5 -3.1
v -3 3.6 1.2
v -3 3.6 1.1
v -3 3.6 -3.1
v -3 3.6 -3.2
v -3 3.7 1.2
v -3 3.7 1.1
v -3 3.7 1
v -3 3.7 -3
v -3 3.7 -3.1
v -3 3.7 -3.2
v -3 3.8 1.1
v -3 3.8 1
v -3 3.8 -3
v -3 3.8 -3.1
v -2.9 3.1 1.1
v -2.9 3.1 1
v -2.9 3.1 -3
v -2.9 3.1 -3.1
v -2.9 3.2 1.1
v -2.9 3.2 1
v -2.9 3.2 -3
v -2.9 3.2 -3.1
v -2.9 3.3 1.1
v -2.9 3.3 1
v -2.9 3.3 -3
v -2.9 3.3 -3.1
v -2.9 3.5 1.1
v -2.9 3.5 1
v -2.9 3.5 -3
v -2.9 3.5 -3.1
v -2.9 3.6 1.1
v -2.9 3.6 1
v -2.9 3.6 -3
v -2.9 3.6 -3.1
v -2.9 3.7 1.1
v -2.9 3.7 1
v -2.9 3.7 -3
v -2.9 3.7 -3.1
v -2.8 0 1.2
v -2.8 0 1.1
v -2.8 0 1
v -2.8 0 -3
v -2.8 0 -3.1
v -2.8 0 -3.2
v -2.8 0.2 1.2
v -2.8 0.2 1.1
v -2.8 0.2 1
v -2.8 0.2 -3
v -2.8 0.2 -3.1
v -2.8 0.2 -3.2
v -2.8 0.3 1.2
v -2.8 0.3 1.1
v -2.8 0.3 -3.1
v -2.8 0.3 -3.2
v -2.8 0.4 1.2
v -2.8 0.4 1.1
v -2.8 0.4 1
v -2.8 0.4 -3
v -2.8 0.4 -3.1
v -2.8 0.4 -3.2
v -2.8 0.5 1.1
v -2.8 0.5 1
v -2.8 0.5 -3
v -2.8 0.5 -3.1
v -2.8 3.9 1.1
v -2.8 3.9 1
v -2.8 3.9 -3
v -2.8 3.9 -3.1
v -2.8 4 1.2
v -2.8 4 1.1
v -2.8 4 1
v -2.8 4 -3
v -2.8 4 -3.1
v -2.8 4 -3.2
v -2.8 4.1 1.2
v -2.8 4.1 1.1
v -2.8 4.1 -3.1
v -2.8 4.1 -3.2
v -2.8 4.2 1
v -2.8 4.2 0.6
v -2.8 4.2 -1.8
v -2.8 4.2 -3
v -2.8 4.3 1.2
v -2.8 4.3 1.1
v -2.8 4.3 1
v -2.8 4.3 0.8
v -2.8 4.3 0.7
v -2.8 4.3 0.6
v -2.8 4.3 -1.8
v -2.8 4.3 -1.9
v -2.8 4.3 -2.1
v -2.8 4.3 -2.3
v -2.8 4.3 -2.5
v -2.8 4.3 -2.6
v -2.8 4.3 -2.9
v -2.8 4.3 -3
v -2.8 4.3 -3.1
v -2.8 4.3 -3.2
v -2.8 4.4 1.2
v -2.8 4.4 1.1
v -2.8 4.4 1
v -2.8 4.4 0.8
v -2.8 4.4 0.7
v -2.8 4.4 0.6
v -2.8 4.4 -1.9
v -2.8 4.4 -2.1
v -2.8 4.4 -2.3
v -2.8 4.4 -2.5
v -2.8 4.4 -2.6
v -2.8 4.4 -2.9
v -2.8 4.4 -3
v -2.8 4.4 -3.1
v -2.8 4.4 -3.2
v -2.4 0.6 1.1
v -2.4 0.6 1
v -2.4 0.6 -3
v -2.4 0.6 -3.1
v -2.4 0.7 1.2
v -2.4 0.7 1.1
v -2.4 0.7 1
v -2.4 0.7 -3
v -2.4 0.7 -3.1
v -2.4 0.7 -3.2
v -2.4 0.8 1.1
v -2.4 0.8 -3.1
v -2.4 0.9 1.2
v -2.4 0.9 1.1
v -2.4 0.9 -3.1
v -2.4 0.9 -3.2
v -2.4 1 1.1
v -2.4 1 -3.1
v -2.4 1.1 1.2
v -2.4 1.1 1.1
v -2.4 1.1 -3.1
v -2.4 1.1 -3.2
v -2.4 1.2 1.2
v -2.4 1.2 1.1
v -2.4 1.2 -3.1
v -2.4 1.2 -3.2
v -2.4 1.3 1.2
v -2.4 1.3 1.1
v -2.4 1.3 -3.1
v -2.4 1.3 -3.2
v -2.4 1.5 1.2
v -2.4 1.5 1.1
v -2.4 1.5 1
v -2.4 1.5 -3
v -2.4 1.5 -3.1
v -2.4 1.5 -3.2
v -2.4 1.6 1.1
v -2.4 1.6 1
v -2.4 1.6 -3
v -2.4 1.6 -3.1
v -2.3 0.7 1.1
v -2.3 0.7 1
v -2.3 0.7 -3
v -2.3 0.7 -3.1
v -2.3 0.8 1.1
v -2.3 0.8 1
v -2.3 0.8 -3
v -2.3 0.8 -3.1
v -2.3 0.9 1.1
v -2.3 0.9 1
v -2.3 0.9 -3
v -2.3 0.9 -3.1
v -2.3 1 1.1
v -2.3 1 1
v -2.3 1 -3
v -2.3 1 -3.1
v -2.3 1.2 1.1
v -2.3 1.2 1
v -2.3 1.2 -3
v -2.3 1.2 -3.1
v -2.3 1.3 1.1
v -2.3 1.3 1
v -2.3 1.3 -3
v -2.3 1.3 -3.1
v -2.3 1.5 1.1
v -2.3 1.5 1
v -2.3 1.5 -3
v -2.3 1.5 -3.1
v -2.3 4.2 -0.3
v -2.3 4.2 -0.4
v -2.3 4.2 -1.6
v -2.3 4.2 -1.7
v -2.3 4.3 -0.3
v -2.3 4.3 -0.4
v -2.3 4.3 -0.6
v -2.3 4.3 -0.7
v -2.3 4.3 -0.8
v -2.3 4.3 -1
v -2.3 4.3 -1.1
v -2.3 4.3 -1.2
v -2.3 4.3 -1.3
v -2.3 4.3 -1.4
v -2.3 4.3 -1.5
v -2.3 4.3 -1.6
v -2.3 4.3 -1.7
v -2.3 4.4 -0.4
v -2.3 4.4 -0.6
v -2.3 4.4 -0.7
v -2.3 4.4 -0.8
v -2.3 4.4 -1
v -2.3 4.4 -1.1
v -2.3 4.4 -1.3
v -2.3 4.4 -1.4
v -2.3 4.4 -1.5
v -2.3 4.4 -1.6
v -2.2 4.2 -0.4
v -2.2 4.2 -0.6
v -2.2 4.2 -0.7
v -2.2 4.2 -0.8
v -2.2 4.2 -1.1
v -2.2 4.2 -1.2
v -2.2 4.2 -1.3
v -2.2 4.2 -1.4
v -2.2 4.2 -1.5
v -2.2 4.2 -1.6
v -2.2 4.3 -0.4
v -2.2 4.3 -0.6
v -2.2 4.3 -0.7
v -2.2 4.3 -0.8
v -2.2 4.3 -1.1
v -2.2 4.3 -1.2
v -2.2 4.3 -1.3
v -2.2 4.3 -1.4
v -2.2 4.3 -1.5
v -2.2 4.3 -1.6
v -2 3 1.1
v -2 3 1
v -2 3 -3
v -2 3 -3.1
v -2 3.1 1.2
v -2 3.1 1.1
v -2 3.1 1
v -2 3.1 -3
v -2 3.1 -3.1
v -2 3.1 -3.2
v -2 3.2 1.2
v -2 3.2 1.1
v -2 3.2 -3.1
v -2 3.2 -3.2
v -2 3.3 1.2
v -2 3.3 1.1
v -2 3.3 -3.1
v -2 3.3 -3.2
v -2 3.6 1.2
v -2 3.6 1.1
v -2 3.6 -3.1
v -2 3.6 -3.2
v -2 3.7 1.2
v -2 3.7 1.1
v -2 3.7 1
v -2 3.7 -3
v -2 3.7 -3.1
v -2 3.7 -3.2
v -2 3.8 1.1
v -2 3.8 1
v -2 3.8 -3
v -2 3.8 -3.1
v -2 4.3 0.5
v -2 4.3 0.4
v -2 4.3 0.2
v -2 4.3 0.1
v -2 4.3 0
v -2 4.3 -0.0999999
v -2 4.3 -0.2
v -2 4.4 0.5
v -2 4.4 0.4
v -2 4.4 0.2
v -2 4.4 0.1
v -2 4.4 0
v -2 4.4 -0.2
v -1.9 4.2 0.5
v -1.9 4.2 0.1
v -1.9 4.2 0
v -1.9 4.2 -0.0999999
v -1.9 4.2 -0.2
v -1.9 4.3 0.5
v -1.9 4.3 0.1
v -1.9 4.3 0
v -1.9 4.3 -0.0999999
v -1.9 4.3 -0.2
v -1.4 0 1.2
v -1.4 0 1.1
v -1.4 0 -3.1
v -1.4 0 -3.2
v -1.4 0.1 1.2
v -1.4 0.1 1.1
v -1.4 0.1 -3.1
v -1.4 0.1 -3.2
v -1.4 0.2 1.1
v -1.4 0.2 -3.1
v -1.4 0.3 1.1
v -1.4 0.3 -3.1
v -1.4 0.4 1.2
v -1.4 0.4 1.1
v -1.4 0.4 1
v -1.4 0.4 -3
v -1.4 0.4 -3.1
v -1.4 0.4 -3.2
v -1.4 0.5 1.1
v -1.4 0.5 1
v -1.4 0.5 -3
v -1.4 0.5 -3.1
v -1.4 3.9 1.1
v -1.4 3.9 1
v -1.4 3.9 -3
v -1.4 3.9 -3.1
v -1.4 4 1.2
v -1.4 4 1.1
v -1.4 4 1
v -1.4 4 -3
v -1.4 4 -3.1
v -1.4 4 -3.2
v -1.4 4.1 1.2
v -1.4 4.1 1.1
v -1.4 4.1 -3.1
v -1.4 4.1 -3.2
v -1.4 4.2 -1.8
v -1.4 4.2 -1.9
v -1.4 4.2 -3.1
v -1.4 4.3 1.2
v -1.4 4.3 1.1
v -1.4 4.3 1
v -1.4 4.3 0.9
v -1.4 4.3 0.8
v -1.4 4.3 0.7
v -1.4 4.3 0.6
v -1.4 4.3 -1.8
v -1.4 4.3 -1.9
v -1.4 4.3 -2
v -1.4 4.3 -2.1
v -1.4 4.3 -2.2
v -1.4 4.3 -2.3
v -1.4 4.3 -2.4
v -1.4 4.3 -2.5
v -1.4 4.3 -2.6
v -1.4 4.3 -2.9
v -1.4 4.3 -3
v -1.4 4.3 -3.1
v -1.4 4.3 -3.2
v -1.4 4.4 1.2
v -1.4 4.4 1.1
v -1.4 4.4 1
v -1.4 4.4 0.9
v -1.4 4.4 0.8
v -1.4 4.4 0.7
v -1.4 4.4 0.6
v -1.4 4.4 -1.9
v -1.4 4.4 -2
v -1.4 4.4 -2.3
v -1.4 4.4 -2.4
v -1.4 4.4 -3
v -1.4 4.4 -3.1
v -1.4 4.4 -3.2
v -1.3 0 1.1
v -1.3 0 1
v -1.3 0 -3
v -1.3 0 -3.1
v -1.3 0.2 1.1
v -1.3 0.2 1
v -1.3 0.2 -3
v -1.3 0.2 -3.1
v -1.3 0.3 1.1
v -1.3 0.3 1
v -1.3 0.3 -3
v -1.3 0.3 -3.1
v -1.3 0.4 1.1
v -1.3 0.4 1
v -1.3 0.4 -3
v -1.3 0.4 -3.1
v -1.3 1.7 1.1
v -1.3 1.7 1
v -1.3 1.7 -3
v -1.3 1.7 -3.1
v -1.3 1.8 1.2
v -1.3 1.8 1.1
v -1.3 1.8 1
v -1.3 1.8 -3
v -1.3 1.8 -3.1
v -1.3 1.8 -3.2
v -1.3 1.9 1.1
v -1.3 1.9 -3.1
v -1.3 2.1 1.1
v -1.3 2.1 -3.1
v -1.3 2.3 1.2
v -1.3 2.3 1.1
v -1.3 2.3 -3.1
v -1.3 2.3 -3.2
v -1.3 2.4 1.1
v -1.3 2.4 -3.1
v -1.3 2.5 1.2
v -1.3 2.5 1.1
v -1.3 2.5 -3.1
v -1.3 2.5 -3.2
v -1.3 2.7 1.1
v -1.3 2.7 -3.1
v -1.3 2.8 1.2
v -1.3 2.8 1.1
v -1.3 2.8 1
v -1.3 2.8 -3
v -1.3 2.8 -3.1
v -1.3 2.8 -3.2
v -1.3 2.9 1.1
v -1.3 2.9 1
v -1.3 2.9 -3
v -1.3 2.9 -3.1
v -1.3 4 1.1
v -1.3 4 1
v -1.3 4 -3
v -1.3 4 -3.1
v -1.3 4.1 1.1
v -1.3 4.1 1
v -1.3 4.1 -3
v -1.3 4.1 -3.1
v -1.3 4.2 1
v -1.3 4.2 0.9
v -1.3 4.2 0.8
v -1.3 4.2 0.7
v -1.3 4.2 0.6
v -1.3 4.2 -1.9
v -1.3 4.2 -2.1
v -1.3 4.2 -2.2
v -1.3 4.2 -2.5
v -1.3 4.2 -2.6
v -1.3 4.2 -2.9
v -1.3 4.2 -3
v -1.3 4.2 -3.1
v -1.3 4.3 1.1
v -1.3 4.3 0.9
v -1.3 4.3 0.8
v -1.3 4.3 0.7
v -1.3 4.3 0.6
v -1.3 4.3 -1.9
v -1.3 4.3 -2.1
v -1.3 4.3 -2.2
v -1.3 4.3 -2.5
v -1.3 4.3 -2.6
v -1.3 4.3 -2.9
v -1.3 4.3 -3
v -1.3 4.3 -3.1
v -1.2 1.8 1.1
v -1.2 1.8 1
v -1.2 1.8 -3
v -1.2 1.8 -3.1
v -1.2 1.9 1.1
v -1.2 1.9 1
v -1.2 1.9 -3
v -1.2 1.9 -3.1
v -1.2 2.1 1.1
v -1.2 2.1 1
v -1.2 2.1 -3
v -1.2 2.1 -3.1
v -1.2 2.3 1.1
v -1.2 2.3 1
v -1.2 2.3 -3
v -1.2 2.3 -3.1
v -1.2 2.4 1.1
v -1.2 2.4 1
v -1.2 2.4 -3
v -1.2 2.4 -3.1
v -1.2 2.7 1.1
v -1.2 2.7 1
v -1.2 2.7 -3
v -1.2 2.7 -3.1
v -1.2 2.8 1.1
v -1.2 2.8 1
v -1.2 2.8 -3
v -1.2 2.8 -3.1
v -1 4.2 -0.3
v -1 4.2 -0.4
v -1 4.2 -1.6
v -1 4.2 -1.7
v -1 4.3 -0.3
v -1 4.3 -0.4
v -1 4.3 -0.5
v -1 4.3 -0.6
v -1 4.3 -0.7
v -1 4.3 -0.8
v -1 4.3 -0.9
v -1 4.3 -1.1
v -1 4.3 -1.2
v -1 4.3 -1.3
v -1 4.3 -1.4
v -1 4.3 -1.5
v -1 4.3 -1.6
v -1 4.3 -1.7
v -1 4.4 -0.4
v -1 4.4 -0.5
v -1 4.4 -0.6
v -1 4.4 -0.7
v -1 4.4 -0.8
v -1 4.4 -0.9
v -1 4.4 -1.1
v -1 4.4 -1.2
v -1 4.4 -1.3
v -1 4.4 -1.4
v -1 4.4 -1.5
v -1 4.4 -1.6
v -0.9 4.2 -0.4
v -0.9 4.2 -0.6
v -0.9 4.2 -0.7
v -0.9 4.2 -0.8
v -0.9 4.2 -1.1
v -0.9 4.2 -1.2
v -0.9 4.2 -1.3
v -0.9 4.2 -1.4
v -0.9 4.2 -1.5
v -0.9 4.2 -1.6
v -0.9 4.3 -0.4
v -0.9 4.3 -0.6
v -0.9 4.3 -0.7
v -0.9 4.3 -0.8
v -0.9 4.3 -1.1
v -0.9 4.3 -1.2
v -0.9 4.3 -1.3
v -0.9 4.3 -1.4
v -0.9 4.3 -1.5
v -0.9 4.3 -1.6
v -0.6 0.6 1.1
v -0.6 0.6 1
v -0.6 0.6 -3
v -0.6 0.6 -3.1
v -0.6 0.7 1.2
v -0.6 0.7 1.1
v -0.6 0.7 1
v -0.6 0.7 -3
v -0.6 0.7 -3.1
v -0.6 0.7 -3.2
v -0.6 0.8 1.1
v -0.6 0.8 -3.1
v -0.6 0.9 1.2
v -0.6 0.9 1.1
v -0.6 0.9 -3.1
v -0.6 0.9 -3.2
v -0.6 1 1.1
v -0.6 1 -3.1
v -0.6 1.1 1.2
v -0.6 1.1 1.1
v -0.6 1.1 -3.1
v -0.6 1.1 -3.2
v -0.6 1.2 1.2
v -0.6 1.2 1.1
v -0.6 1.2 -3.1
v -0.6 1.2 -3.2
v -0.6 1.3 1.1
v -0.6 1.3 -3.1
v -0.6 1.4 1.1
v -0.6 1.4 -3.1
v -0.6 1.5 1.2
v -0.6 1.5 1.1
v -0.6 1.5 1
v -0.6 1.5 -3
v -0.6 1.5 -3.1
v -0.6 1.5 -3.2
v -0.6 1.6 1.1
v -0.6 1.6 1
v -0.6 1.6 -3
v -0.6 1.6 -3.1
v -0.5 0.7 1.1
v -0.5 0.7 1
v -0.5 0.7 -3
v -0.5 0.7 -3.1
v -0.5 0.8 1.1
v -0.5 0.8 1
v -0.5 0.8 -3
v -0.5 0.8 -3.1
v -0.5 1 1.1
v -0.5 1 1
v -0.5 1 -3
v -0.5 1 -3.1
v -0.5 1.3 1.1
v -0.5 1.3 1
v -0.5 1.3 -3
v -0.5 1.3 -3.1
v -0.5 1.4 1.1
v -0.5 1.4 1
v -0.5 1.4 -3
v -0.5 1.4 -3.1
v -0.5 1.5 1.1
v -0.5 1.5 1
v -0.5 1.5 -3
v -0.5 1.5 -3.1
v -0.5 3 1.1
v -0.5 3 1
v -0.5 3 -3
v -0.5 3 -3.1
v -0.5 3.1 1.2
v -0.5 3.1 1.1
v -0.5 3.1 1
v -0.5 3.1 -3
v -0.5 3.1 -3.1
v -0.5 3.1 -3.2
v -0.5 3.2 1.2
v -0.5 3.2 1.1
v -0.5 3.2 -3.1
v -0.5 3.2 -3.2
v -0.5 3.4 1.2
v -0.5 3.4 1.1
v -0.5 3.4 -3.1
v -0.5 3.4 -3.2
v -0.5 3.5 1.2
v -0.5 3.5 1.1
v -0.5 3.5 -3.1
v -0.5 3.5 -3.2
v -0.5 3.6 1.2
v -0.5 3.6 1.1
v -0.5 3.6 -3.1
v -0.5 3.6 -3.2
v -0.5 3.7 1.2
v -0.5 3.7 1.1
v -0.5 3.7 1
v -0.5 3.7 -3
v -0.5 3.7 -3.1
v -0.5 3.7 -3.2
v -0.5 3.8 1.1
v -0.5 3.8 1
v -0.5 3.8 -3
v -0.5 3.8 -3.1
v -0.4 3.1 1.1
v -0.4 3.1 1
v -0.4 3.1 -3
v -0.4 3.1 -3.1
v -0.4 3.2 1.1
v -0.4 3.2 1
v -0.4 3.2 -3
v -0.4 3.2 -3.1
v -0.4 3.4 1.1
v -0.4 3.4 1
v -0.4 3.4 -3
v -0.4 3.4 -3.1
v -0.4 3.5 1.1
v -0.4 3.5 1
v -0.4 3.5 -3
v -0.4 3.5 -3.1
v -0.4 3.6 1.1
v -0.4 3.6 1
v -0.4 3.6 -3
v -0.4 3.6 -3.1
v -0.4 3.7 1.1
v -0.4 3.7 1
v -0.4 3.7 -3
v -0.4 3.7 -3.1
v 0 0.2 0.6
v 0 0.2 0.5
v 0 0.2 -0.2
v 0 0.2 -0.3
v 0 0.2 -1.7
v 0 0.2 -1.8
v 0 0.3 0.6
v 0 0.3 -1.7
v 0 0.4 0.7
v 0 0.4 0.6
v 0 0.4 -0.2
v 0 0.4 -0.3
v 0 0.4 -0.4
v 0 0.4 -1.6
v 0 0.4 -1.7
v 0 0.4 -1.8
v 0 0.4 -1.9
v 0 0.5 1
v 0 0.5 0.8
v 0 0.5 0.7
v 0 0.5 0.5
v 0 0.5 0.4
v 0 0.5 0.2
v 0 0.5 0.1
v 0 0.5 0
v 0 0.5 -0.0999999
v 0 0.5 -0.2
v 0 0.5 -0.4
v 0 0.5 -0.5
v 0 0.5 -0.6
v 0 0.5 -0.7
v 0 0.5 -0.9
v 0 0.5 -1
v 0 0.5 -1.1
v 0 0.5 -1.2
v 0 0.5 -1.4
v 0 0.5 -1.6
v 0 0.5 -1.9
v 0 0.5 -2.1
v 0 0.5 -2.2
v 0 0.5 -2.3
v 0 0.5 -2.4
v 0 0.5 -2.7
v 0 0.5 -2.8
v 0 0.5 -3
v 0 0.6 1
v 0 0.6 0.8
v 0 0.6 0.6
v 0 0.6 0.4
v 0 0.6 0.3
v 0 0.6 0.2
v 0 0.6 0.1
v 0 0.6 0
v 0 0.6 -0.2
v 0 0.6 -0.4
v 0 0.6 -0.5
v 0 0.6 -0.6
v 0 0.6 -0.9
v 0 0.6 -1
v 0 0.6 -1.2
v 0 0.6 -1.3
v 0 0.6 -1.5
v 0 0.6 -1.6
v 0 0.6 -1.8
v 0 0.6 -1.9
v 0 0.6 -2
v 0 0.6 -2.2
v 0 0.6 -2.3
v 0 0.6 -2.4
v 0 0.6 -2.7
v 0 0.6 -3
v 0 0.7 0.8
v 0 0.7 0.7
v 0 0.7 0.6
v 0 0.7 -0.6
v 0 0.7 -0.7
v 0 0.7 -0.8
v 0 0.7 -0.9
v 0 0.7 -2.4
v 0 0.7 -2.5
v 0 0.7 -2.6
v 0 0.7 -2.7
v 0 0.8 0.7
v 0 0.8 -0.7
v 0 0.8 -2.5
v 0 0.9 -0.7
v 0 0.9 -2.6
v 0 1 0.7
v 0 1 -0.7
v 0 1 -2.5
v 0 1 -2.6
v 0 1.1 -0.8
v 0 1.2 -0.7
v 0 1.2 -2.6
v 0 1.3 0.7
v 0 1.3 -0.7
v 0 1.3 -0.8
v 0 1.3 -2.5
v 0 1.3 -2.6
v 0 1.4 0.7
v 0 1.4 -2.5
v 0 1.4 -2.6
v 0 1.5 0.8
v 0 1.5 0.7
v 0 1.5 0.6
v 0 1.5 -0.6
v 0 1.5 -0.7
v 0 1.5 -0.8
v 0 1.5 -0.9
v 0 1.5 -2.4
v 0 1.5 -2.5
v 0 1.5 -2.6
v 0 1.5 -2.7
v 0 1.6 1
v 0 1.6 0.8
v 0 1.6 0.6
v 0 1.6 0.4
v 0 1.6 0.3
v 0 1.6 0
v 0 1.6 -0.0999999
v 0 1.6 -0.4
v 0 1.6 -0.5
v 0 1.6 -0.6
v 0 1.6 -0.9
v 0 1.6 -1.1
v 0 1.6 -1.3
v 0 1.6 -1.6
v 0 1.6 -1.7
v 0 1.6 -1.9
v 0 1.6 -2.2
v 0 1.6 -2.4
v 0 1.6 -2.7
v 0 1.6 -2.8
v 0 1.6 -3
v 0 1.7 1
v 0 1.7 0.8
v 0 1.7 0.7
v 0 1.7 0.4
v 0 1.7 0.1
v 0 1.7 0
v 0 1.7 -0.2
v 0 1.7 -0.4
v 0 1.7 -0.5
v 0 1.7 -0.6
v 0 1.7 -0.9
v 0 1.7 -1.1
v 0 1.7 -1.4
v 0 1.7 -1.5
v 0 1.7 -1.7
v 0 1.7 -2
v 0 1.7 -2.2
v 0 1.7 -2.3
v 0 1.7 -2.8
v 0 1.7 -3
v 0 1.8 0.4
v 0 1.8 0.3
v 0 1.8 0.2
v 0 1.8 0.1
v 0 1.8 -1.7
v 0 1.8 -1.8
v 0 1.8 -1.9
v 0 1.8 -2
v 0 1.9 -1.8
v 0 2.1 0.3
v 0 2.1 0.2
v 0 2.1 -1.8
v 0 2.1 -1.9
v 0 2.2 0.3
v 0 2.2 -1.9
v 0 2.3 0.2
v 0 2.3 -1.8
v 0 2.4 0.3
v 0 2.4 0.2
v 0 2.4 -1.8
v 0 2.4 -1.9
v 0 2.5 -1.9
v 0 2.7 0.3
v 0 2.7 -1.8
v 0 2.7 -1.9
v 0 2.8 0.4
v 0 2.8 0.3
v 0 2.8 0.2
v 0 2.8 0.1
v 0 2.8 -1.7
v 0 2.8 -1.8
v 0 2.8 -1.9
v 0 2.8 -2
v 0 2.9 1
v 0 2.9 0.7
v 0 2.9 0.4
v 0 2.9 0.1
v 0 2.9 -0.0999999
v 0 2.9 -0.2
v 0 2.9 -0.3
v 0 2.9 -0.4
v 0 2.9 -0.7
v 0 2.9 -0.8
v 0 2.9 -1.1
v 0 2.9 -1.2
v 0 2.9 -1.3
v 0 2.9 -1.6
v 0 2.9 -1.7
v 0 2.9 -2
v 0 2.9 -2.3
v 0 2.9 -2.8
v 0 2.9 -3
v 0 3 1
v 0 3 0.9
v 0 3 0.8
v 0 3 0.3
v 0 3 0
v 0 3 -0.2
v 0 3 -0.3
v 0 3 -0.4
v 0 3 -0.8
v 0 3 -1
v 0 3 -1.2
v 0 3 -1.3
v 0 3 -1.4
v 0 3 -1.6
v 0 3 -1.7
v 0 3 -1.9
v 0 3 -2.1
v 0 3 -2.3
v 0 3 -2.4
v 0 3 -2.5
v 0 3 -2.8
v 0 3 -3
v 0 3.1 0
v 0 3.1 -0.0999999
v 0 3.1 -0.2
v 0 3.1 -1
v 0 3.1 -1.1
v 0 3.1 -1.2
v 0 3.1 -2.5
v 0 3.1 -2.6
v 0 3.1 -2.7
v 0 3.1 -2.8
v 0 3.2 -0.0999999
v 0 3.2 -1.1
v 0 3.2 -2.6
v 0 3.2 -2.7
v 0 3.3 -0.0999999
v 0 3.3 -2.7
v 0 3.4 -1.1
v 0 3.4 -2.6
v 0 3.5 -0.0999999
v 0 3.5 -1.1
v 0 3.5 -2.6
v 0 3.5 -2.7
v 0 3.6 -0.0999999
v 0 3.6 -2.6
v 0 3.6 -2.7
v 0 3.7 0
v 0 3.7 -0.0999999
v 0 3.7 -1
v 0 3.7 -1.1
v 0 3.7 -1.2
v 0 3.7 -2.5
v 0 3.7 -2.6
v 0 3.7 -2.7
v 0 3.7 -2.8
v 0 3.8 1
v 0 3.8 0.9
v 0 3.8 0.8
v 0 3.8 0.5
v 0 3.8 0.3
v 0 3.8 0
v 0 3.8 -0.2
v 0 3.8 -0.4
v 0 3.8 -0.6
v 0 3.8 -0.7
v 0 3.8 -0.8
v 0 3.8 -1
v 0 3.8 -1.2
v 0 3.8 -1.3
v 0 3.8 -1.4
v 0 3.8 -1.5
v 0 3.8 -1.6
v 0 3.8 -1.8
v 0 3.8 -1.9
v 0 3.8 -2.1
v 0 3.8 -2.2
v 0 3.8 -2.5
v 0 3.8 -2.8
v 0 3.8 -3
v 0 3.9 1
v 0 3.9 0.9
v 0 3.9 0.7
v 0 3.9 0.5
v 0 3.9 0.2
v 0 3.9 0.1
v 0 3.9 0
v 0 3.9 -0.0999999
v 0 3.9 -0.2
v 0 3.9 -0.4
v 0 3.9 -0.7
v 0 3.9 -0.9
v 0 3.9 -1.1
v 0 3.9 -1.2
v 0 3.9 -1.3
v 0 3.9 -1.4
v 0 3.9 -1.6
v 0 3.9 -1.9
v 0 3.9 -2
v 0 3.9 -2.2
v 0 3.9 -2.4
v 0 3.9 -2.5
v 0 3.9 -2.6
v 0 3.9 -2.9
v 0 3.9 -3
v 0 4 0.7
v 0 4 0.6
v 0 4 0.5
v 0 4 -0.2
v 0 4 -0.3
v 0 4 -0.4
v 0 4 -1.6
v 0 4 -1.7
v 0 4 -1.8
v 0 4 -1.9
v 0 4.1 0.6
v 0 4.1 -1.7
v 0 4.2 0.6
v 0 4.2 0.5
v 0 4.2 -0.2
v 0 4.2 -0.3
v 0 4.2 -1.7
v 0 4.2 -1.8
v 0.0999999 0 1.2
v 0.0999999 0 1.1
v 0.0999999 0 0.7
v 0.0999999 0 0.6
v 0.0999999 0 -0.3
v 0.0999999 0 -0.4
v 0.0999999 0 -1.6
v 0.0999999 0 -1.7
v 0.0999999 0 -1.8
v 0.0999999 0 -1.9
v 0.0999999 0 -3.1
v 0.0999999 0 -3.2
v 0.0999999 0.1 1.2
v 0.0999999 0.1 1.1
v 0.0999999 0.1 0.7
v 0.0999999 0.1 0.6
v 0.0999999 0.1 -0.4
v 0.0999999 0.1 -1.6
v 0.0999999 0.1 -1.8
v 0.0999999 0.1 -1.9
v 0.0999999 0.1 -3.1
v 0.0999999 0.2 0.7
v 0.0999999 0.2 -0.3
v 0.0999999 0.2 -0.4
v 0.0999999 0.2 -1.6
v 0.0999999 0.2 -1.7
v 0.0999999 0.2 -1.9
v 0.0999999 0.2 -3.1
v 0.0999999 0.2 -3.2
v 0.0999999 0.3 1.2
v 0.0999999 0.3 1.1
v 0.0999999 0.3 0.7
v 0.0999999 0.3 0.6
v 0.0999999 0.3 -1.6
v 0.0999999 0.3 -1.7
v 0.0999999 0.3 -1.9
v 0.0999999 0.4 1.2
v 0.0999999 0.4 1.1
v 0.0999999 0.4 0.8
v 0.0999999 0.4 0.7
v 0.0999999 0.4 0.6
v 0.0999999 0.4 0.5
v 0.0999999 0.4 0.4
v 0.0999999 0.4 0.3
v 0.0999999 0.4 0.2
v 0.0999999 0.4 0.1
v 0.0999999 0.4 0
v 0.0999999 0.4 -0.0999999
v 0.0999999 0.4 -0.2
v 0.0999999 0.4 -0.3
v 0.0999999 0.4 -0.4
v 0.0999999 0.4 -0.5
v 0.0999999 0.4 -0.6
v 0.0999999 0.4 -0.7
v 0.0999999 0.4 -0.9
v 0.0999999 0.4 -1
v 0.0999999 0.4 -1.1
v 0.0999999 0.4 -1.2
v 0.0999999 0.4 -1.3
v 0.0999999 0.4 -1.4
v 0.0999999 0.4 -1.6
v 0.0999999 0.4 -1.7
v 0.0999999 0.4 -1.8
v 0.0999999 0.4 -1.9
v 0.0999999 0.4 -2.1
v 0.0999999 0.4 -2.2
v 0.0999999 0.4 -2.3
v 0.0999999 0.4 -2.4
v 0.0999999 0.4 -2.5
v 0.0999999 0.4 -2.6
v 0.0999999 0.4 -2.7
v 0.0999999 0.4 -2.8
v 0.0999999 0.4 -3.1
v 0.0999999 0.4 -3.2
v 0.0999999 0.5 1.1
v 0.0999999 0.5 0.8
v 0.0999999 0.5 0.7
v 0.0999999 0.5 0.5
v 0.0999999 0.5 0.4
v 0.0999999 0.5 0.2
v 0.0999999 0.5 0.1
v 0.0999999 0.5 0
v 0.0999999 0.5 -0.0999999
v 0.0999999 0.5 -0.2
v 0.0999999 0.5 -0.4
v 0.0999999 0.5 -0.5
v 0.0999999 0.5 -0.6
v 0.0999999 0.5 -0.7
v 0.0999999 0.5 -0.9
v 0.0999999 0.5 -1
v 0.0999999 0.5 -1.1
v 0.0999999 0.5 -1.2
v 0.0999999 0.5 -1.4
v 0.0999999 0.5 -1.6
v 0.0999999 0.5 -1.9
v 0.0999999 0.5 -2.1
v 0.0999999 0.5 -2.2
v 0.0999999 0.5 -2.3
v 0.0999999 0.5 -2.4
v 0.0999999 0.5 -2.7
v 0.0999999 0.5 -2.8
v 0.0999999 0.5 -3.1
v 0.0999999 0.6 1.1
v 0.0999999 0.6 1
v 0.0999999 0.6 0.8
v 0.0999999 0.6 0.6
v 0.0999999 0.6 0.4
v 0.0999999 0.6 0.3
v 0.0999999 0.6 0.2
v 0.0999999 0.6 0.1
v 0.0999999 0.6 0
v 0.0999999 0.6 -0.2
v 0.0999999 0.6 -0.4
v 0.0999999 0.6 -0.5
v 0.0999999 0.6 -0.6
v 0.0999999 0.6 -0.9
v 0.0999999 0.6 -1
v 0.0999999 0.6 -1.2
v 0.0999999 0.6 -1.3
v 0.0999999 0.6 -1.5
v 0.0999999 0.6 -1.6
v 0.0999999 0.6 -1.8
v 0.0999999 0.6 -1.9
v 0.0999999 0.6 -2
v 0.0999999 0.6 -2.2
v 0.0999999 0.6 -2.3
v 0.0999999 0.6 -2.4
v 0.0999999 0.6 -2.7
v 0.0999999 0.6 -3.1
v 0.0999999 0.7 1.2
v 0.0999999 0.7 1.1
v 0.0999999 0.7 1
v 0.0999999 0.7 0.9
v 0.0999999 0.7 0.8
v 0.0999999 0.7 0.7
v 0.0999999 0.7 0.6
v 0.0999999 0.7 0.5
v 0.0999999 0.7 0.4
v 0.0999999 0.7 0.3
v 0.0999999 0.7 0.2
v 0.0999999 0.7 0.1
v 0.0999999 0.7 0
v 0.0999999 0.7 -0.0999999
v 0.0999999 0.7 -0.2
v 0.0999999 0.7 -0.3
v 0.0999999 0.7 -0.4
v 0.0999999 0.7 -0.5
v 0.0999999 0.7 -0.6
v 0.0999999 0.7 -0.7
v 0.0999999 0.7 -0.8
v 0.0999999 0.7 -0.9
v 0.0999999 0.7 -1
v 0.0999999 0.7 -1.1
v 0.0999999 0.7 -1.2
v 0.0999999 0.7 -1.3
v 0.0999999 0.7 -1.4
v 0.0999999 0.7 -1.5
v 0.0999999 0.7 -1.6
v 0.0999999 0.7 -1.7
v 0.0999999 0.7 -1.8
v 0.0999999 0.7 -1.9
v 0.0999999 0.7 -2
v 0.0999999 0.7 -2.2
v 0.0999999 0.7 -2.3
v 0.0999999 0.7 -2.4
v 0.0999999 0.7 -2.5
v 0.0999999 0.7 -2.6
v 0.0999999 0.7 -2.7
v 0.0999999 0.7 -2.8
v 0.0999999 0.7 -2.9
v 0.0999999 0.7 -3.1
v 0.0999999 0.7 -3.2
v 0.0999999 0.8 1.1
v 0.0999999 0.8 0.7
v 0.0999999 0.8 0.6
v 0.0999999 0.8 -0.6
v 0.0999999 0.8 -0.7
v 0.0999999 0.8 -0.9
v 0.0999999 0.8 -2.4
v 0.0999999 0.8 -2.5
v 0.0999999 0.8 -2.7
v 0.0999999 0.8 -3.1
v 0.0999999 0.8 -3.2
v 0.0999999 0.9 0.6
v 0.0999999 0.9 -0.6
v 0.0999999 0.9 -0.7
v 0.0999999 0.9 -0.9
v 0.0999999 0.9 -2.4
v 0.0999999 0.9 -2.6
v 0.0999999 0.9 -2.7
v 0.0999999 0.9 -3.1
v 0.0999999 0.9 -3.2
v 0.0999999 1 1.2
v 0.0999999 1 1.1
v 0.0999999 1 0.7
v 0.0999999 1 0.6
v 0.0999999 1 -0.6
v 0.0999999 1 -0.7
v 0.0999999 1 -2.4
v 0.0999999 1 -2.5
v 0.0999999 1 -2.6
v 0.0999999 1 -2.7
v 0.0999999 1 -3.1
v 0.0999999 1 -3.2
v 0.0999999 1.1 1.2
v 0.0999999 1.1 1.1
v 0.0999999 1.1 0.6
v 0.0999999 1.1 -0.6
v 0.0999999 1.1 -0.8
v 0.0999999 1.1 -0.9
v 0.0999999 1.1 -2.4
v 0.0999999 1.1 -3.1
v 0.0999999 1.2 1.2
v 0.0999999 1.2 1.1
v 0.0999999 1.2 -0.6
v 0.0999999 1.2 -0.7
v 0.0999999 1.2 -0.9
v 0.0999999 1.2 -2.4
v 0.0999999 1.2 -2.6
v 0.0999999 1.2 -2.7
v 0.0999999 1.2 -3.1
v 0.0999999 1.2 -3.2
v 0.0999999 1.3 1.2
v 0.0999999 1.3 1.1
v 0.0999999 1.3 0.7
v 0.0999999 1.3 0.6
v 0.0999999 1.3 -0.6
v 0.0999999 1.3 -0.7
v 0.0999999 1.3 -0.8
v 0.0999999 1.3 -0.9
v 0.0999999 1.3 -2.4
v 0.0999999 1.3 -2.5
v 0.0999999 1.3 -2.6
v 0.0999999 1.3 -2.7
v 0.0999999 1.3 -3.1
v 0.0999999 1.3 -3.2
v 0.0999999 1.4 0.7
v 0.0999999 1.4 0.6
v 0.0999999 1.4 -0.9
v 0.0999999 1.4 -2.4
v 0.0999999 1.4 -2.5
v 0.0999999 1.4 -2.6
v 0.0999999 1.4 -2.7
v 0.0999999 1.4 -3.1
v 0.0999999 1.4 -3.2
v 0.0999999 1.5 1.2
v 0.0999999 1.5 1.1
v 0.0999999 1.5 1
v 0.0999999 1.5 0.8
v 0.0999999 1.5 0.7
v 0.0999999 1.5 0.6
v 0.0999999 1.5 0.4
v 0.0999999 1.5 0.3
v 0.0999999 1.5 0.1
v 0.0999999 1.5 0
v 0.0999999 1.5 -0.0999999
v 0.0999999 1.5 -0.2
v 0.0999999 1.5 -0.4
v 0.0999999 1.5 -0.5
v 0.0999999 1.5 -0.6
v 0.0999999 1.5 -0.7
v 0.0999999 1.5 -0.8
v 0.0999999 1.5 -0.9
v 0.0999999 1.5 -1
v 0.0999999 1.5 -1.1
v 0.0999999 1.5 -1.3
v 0.0999999 1.5 -1.5
v 0.0999999 1.5 -1.6
v 0.0999999 1.5 -1.7
v 0.0999999 1.5 -1.9
v 0.0999999 1.5 -2
v 0.0999999 1.5 -2.1
v 0.0999999 1.5 -2.2
v 0.0999999 1.5 -2.3
v 0.0999999 1.5 -2.4
v 0.0999999 1.5 -2.5
v 0.0999999 1.5 -2.6
v 0.0999999 1.5 -2.7
v 0.0999999 1.5 -2.8
v 0.0999999 1.5 -2.9
v 0.0999999 1.5 -3
v 0.0999999 1.5 -3.1
v 0.0999999 1.5 -3.2
v 0.0999999 1.6 1.1
v 0.0999999 1.6 1
v 0.0999999 1.6 0.8
v 0.0999999 1.6 0.6
v 0.0999999 1.6 0.4
v 0.0999999 1.6 0.3
v 0.0999999 1.6 0
v 0.0999999 1.6 -0.0999999
v 0.0999999 1.6 -0.4
v 0.0999999 1.6 -0.5
v 0.0999999 1.6 -0.6
v 0.0999999 1.6 -0.9
v 0.0999999 1.6 -1.1
v 0.0999999 1.6 -1.3
v 0.0999999 1.6 -1.6
v 0.0999999 1.6 -1.7
v 0.0999999 1.6 -1.9
v 0.0999999 1.6 -2.2
v 0.0999999 1.6 -2.4
v 0.0999999 1.6 -2.7
v 0.0999999 1.6 -2.8
v 0.0999999 1.6 -3.1
v 0.0999999 1.7 1.1
v 0.0999999 1.7 0.8
v 0.0999999 1.7 0.7
v 0.0999999 1.7 0.4
v 0.0999999 1.7 0.1
v 0.0999999 1.7 0
v 0.0999999 1.7 -0.2
v 0.0999999 1.7 -0.4
v 0.0999999 1.7 -0.5
v 0.0999999 1.7 -0.6
v 0.0999999 1.7 -0.9
v 0.0999999 1.7 -1.1
v 0.0999999 1.7 -1.4
v 0.0999999 1.7 -1.5
v 0.0999999 1.7 -1.7
v 0.0999999 1.7 -2
v 0.0999999 1.7 -2.2
v 0.0999999 1.7 -2.3
v 0.0999999 1.7 -2.8
v 0.0999999 1.7 -3.1
v 0.0999999 1.8 1.2
v 0.0999999 1.8 1.1
v 0.0999999 1.8 0.9
v 0.0999999 1.8 0.8
v 0.0999999 1.8 0.7
v 0.0999999 1.8 0.5
v 0.0999999 1.8 0.4
v 0.0999999 1.8 0.3
v 0.0999999 1.8 0.2
v 0.0999999 1.8 0.1
v 0.0999999 1.8 0
v 0.0999999 1.8 -0.0999999
v 0.0999999 1.8 -0.2
v 0.0999999 1.8 -0.4
v 0.0999999 1.8 -0.5
v 0.0999999 1.8 -0.6
v 0.0999999 1.8 -0.8
v 0.0999999 1.8 -0.9
v 0.0999999 1.8 -1
v 0.0999999 1.8 -1.1
v 0.0999999 1.8 -1.4
v 0.0999999 1.8 -1.5
v 0.0999999 1.8 -1.6
v 0.0999999 1.8 -1.7
v 0.0999999 1.8 -1.8
v 0.0999999 1.8 -1.9
v 0.0999999 1.8 -2
v 0.0999999 1.8 -2.2
v 0.0999999 1.8 -2.3
v 0.0999999 1.8 -2.5
v 0.0999999 1.8 -2.8
v 0.0999999 1.8 -3.1
v 0.0999999 1.8 -3.2
v 0.0999999 1.9 1.2
v 0.0999999 1.9 1.1
v 0.0999999 1.9 0.4
v 0.0999999 1.9 0.1
v 0.0999999 1.9 -1.7
v 0.0999999 1.9 -1.8
v 0.0999999 1.9 -2
v 0.0999999 1.9 -3.1
v 0.0999999 1.9 -3.2
v 0.0999999 2.1 1.2
v 0.0999999 2.1 1.1
v 0.0999999 2.1 0.4
v 0.0999999 2.1 0.3
v 0.0999999 2.1 0.2
v 0.0999999 2.1 0.1
v 0.0999999 2.1 -1.7
v 0.0999999 2.1 -1.8
v 0.0999999 2.1 -1.9
v 0.0999999 2.1 -2
v 0.0999999 2.1 -3.1
v 0.0999999 2.1 -3.2
v 0.0999999 2.2 0.4
v 0.0999999 2.2 0.3
v 0.0999999 2.2 0.1
v 0.0999999 2.2 -1.9
v 0.0999999 2.2 -2
v 0.0999999 2.2 -3.1
v 0.0999999 2.2 -3.2
v 0.0999999 2.3 0.2
v 0.0999999 2.3 0.1
v 0.0999999 2.3 -1.7
v 0.0999999 2.3 -1.8
v 0.0999999 2.4 1.2
v 0.0999999 2.4 1.1
v 0.0999999 2.4 0.4
v 0.0999999 2.4 0.3
v 0.0999999 2.4 0.2
v 0.0999999 2.4 0.1
v 0.0999999 2.4 -1.7
v 0.0999999 2.4 -1.8
v 0.0999999 2.4 -1.9
v 0.0999999 2.4 -2
v 0.0999999 2.4 -3.1
v 0.0999999 2.4 -3.2
v 0.0999999 2.5 1.1
v 0.0999999 2.5 0.4
v 0.0999999 2.5 0.1
v 0.0999999 2.5 -1.7
v 0.0999999 2.5 -1.9
v 0.0999999 2.5 -2
v 0.0999999 2.5 -3.1
v 0.0999999 2.5 -3.2
v 0.0999999 2.6 1.2
v 0.0999999 2.6 1.1
v 0.0999999 2.7 1.1
v 0.0999999 2.7 0.4
v 0.0999999 2.7 0.3
v 0.0999999 2.7 0.1
v 0.0999999 2.7 -1.7
v 0.0999999 2.7 -1.8
v 0.0999999 2.7 -1.9
v 0.0999999 2.7 -2
v 0.0999999 2.7 -3.1
v 0.0999999 2.7 -3.2
v 0.0999999 2.8 1.2
v 0.0999999 2.8 1.1
v 0.0999999 2.8 1
v 0.0999999 2.8 0.9
v 0.0999999 2.8 0.7
v 0.0999999 2.8 0.6
v 0.0999999 2.8 0.5
v 0.0999999 2.8 0.4
v 0.0999999 2.8 0.3
v 0.0999999 2.8 0.2
v 0.0999999 2.8 0.1
v 0.0999999 2.8 -0.0999999
v 0.0999999 2.8 -0.2
v 0.0999999 2.8 -0.3
v 0.0999999 2.8 -0.4
v 0.0999999 2.8 -0.5
v 0.0999999 2.8 -0.6
v 0.0999999 2.8 -0.7
v 0.0999999 2.8 -0.8
v 0.0999999 2.8 -1.1
v 0.0999999 2.8 -1.2
v 0.0999999 2.8 -1.3
v 0.0999999 2.8 -1.6
v 0.0999999 2.8 -1.7
v 0.0999999 2.8 -1.8
v 0.0999999 2.8 -1.9
v 0.0999999 2.8 -2
v 0.0999999 2.8 -2.2
v 0.0999999 2.8 -2.3
v 0.0999999 2.8 -2.4
v 0.0999999 2.8 -2.7
v 0.0999999 2.8 -2.8
v 0.0999999 2.8 -3.1
v 0.0999999 2.8 -3.2
v 0.0999999 2.9 1.1
v 0.0999999 2.9 0.7
v 0.0999999 2.9 0.4
v 0.0999999 2.9 0.1
v 0.0999999 2.9 -0.0999999
v 0.0999999 2.9 -0.2
v 0.0999999 2.9 -0.3
v 0.0999999 2.9 -0.4
v 0.0999999 2.9 -0.7
v 0.0999999 2.9 -0.8
v 0.0999999 2.9 -1.1
v 0.0999999 2.9 -1.2
v 0.0999999 2.9 -1.3
v 0.0999999 2.9 -1.6
v 0.0999999 2.9 -1.7
v 0.0999999 2.9 -2
v 0.0999999 2.9 -2.3
v 0.0999999 2.9 -2.8
v 0.0999999 2.9 -3.1
v 0.0999999 3 1.1
v 0.0999999 3 0.9
v 0.0999999 3 0.8
v 0.0999999 3 0.3
v 0.0999999 3 0
v 0.0999999 3 -0.2
v 0.0999999 3 -0.3
v 0.0999999 3 -0.4
v 0.0999999 3 -0.8
v 0.0999999 3 -1
v 0.0999999 3 -1.2
v 0.0999999 3 -1.3
v 0.0999999 3 -1.4
v 0.0999999 3 -1.6
v 0.0999999 3 -1.7
v 0.0999999 3 -1.9
v 0.0999999 3 -2.1
v 0.0999999 3 -2.3
v 0.0999999 3 -2.4
v 0.0999999 3 -2.5
v 0.0999999 3 -2.8
v 0.0999999 3 -3
v 0.0999999 3 -3.1
v 0.0999999 3.1 1.2
v 0.0999999 3.1 1.1
v 0.0999999 3.1 0.9
v 0.0999999 3.1 0.8
v 0.0999999 3.1 0.7
v 0.0999999 3.1 0.4
v 0.0999999 3.1 0.3
v 0.0999999 3.1 0.1
v 0.0999999 3.1 0
v 0.0999999 3.1 -0.0999999
v 0.0999999 3.1 -0.2
v 0.0999999 3.1 -0.3
v 0.0999999 3.1 -0.4
v 0.0999999 3.1 -0.8
v 0.0999999 3.1 -0.9
v 0.0999999 3.1 -1
v 0.0999999 3.1 -1.1
v 0.0999999 3.1 -1.2
v 0.0999999 3.1 -1.3
v 0.0999999 3.1 -1.4
v 0.0999999 3.1 -1.6
v 0.0999999 3.1 -1.7
v 0.0999999 3.1 -1.9
v 0.0999999 3.1 -2
v 0.0999999 3.1 -2.1
v 0.0999999 3.1 -2.3
v 0.0999999 3.1 -2.4
v 0.0999999 3.1 -2.5
v 0.0999999 3.1 -2.6
v 0.0999999 3.1 -2.7
v 0.0999999 3.1 -2.8
v 0.0999999 3.1 -3
v 0.0999999 3.1 -3.1
v 0.0999999 3.1 -3.2
v 0.0999999 3.2 1.2
v 0.0999999 3.2 1.1
v 0.0999999 3.2 0
v 0.0999999 3.2 -0.0999999
v 0.0999999 3.2 -1.1
v 0.0999999 3.2 -1.2
v 0.0999999 3.2 -2.5
v 0.0999999 3.2 -2.6
v 0.0999999 3.2 -2.7
v 0.0999999 3.2 -2.8
v 0.0999999 3.2 -3.1
v 0.0999999 3.2 -3.2
v 0.0999999 3.3 1.2
v 0.0999999 3.3 1.1
v 0.0999999 3.3 0
v 0.0999999 3.3 -0.0999999
v 0.0999999 3.3 -1.2
v 0.0999999 3.3 -2.7
v 0.0999999 3.3 -2.8
v 0.0999999 3.3 -3.1
v 0.0999999 3.3 -3.2
v 0.0999999 3.4 1.2
v 0.0999999 3.4 1.1
v 0.0999999 3.4 -1.1
v 0.0999999 3.4 -1.2
v 0.0999999 3.4 -2.5
v 0.0999999 3.4 -2.6
v 0.0999999 3.4 -3.1
v 0.0999999 3.4 -3.2
v 0.0999999 3.5 1.1
v 0.0999999 3.5 0
v 0.0999999 3.5 -0.0999999
v 0.0999999 3.5 -1.1
v 0.0999999 3.5 -1.2
v 0.0999999 3.5 -2.5
v 0.0999999 3.5 -2.6
v 0.0999999 3.5 -2.7
v 0.0999999 3.5 -2.8
v 0.0999999 3.5 -3.1
v 0.0999999 3.5 -3.2
v 0.0999999 3.6 1.2
v 0.0999999 3.6 1.1
v 0.0999999 3.6 0
v 0.0999999 3.6 -0.0999999
v 0.0999999 3.6 -1.2
v 0.0999999 3.6 -2.5
v 0.0999999 3.6 -2.6
v 0.0999999 3.6 -2.7
v 0.0999999 3.6 -2.8
v 0.0999999 3.6 -3.1
v 0.0999999 3.6 -3.2
v 0.0999999 3.7 1.2
v 0.0999999 3.7 1.1
v 0.0999999 3.7 1
v 0.0999999 3.7 0.9
v 0.0999999 3.7 0.8
v 0.0999999 3.7 0.5
v 0.0999999 3.7 0.4
v 0.0999999 3.7 0.3
v 0.0999999 3.7 0.2
v 0.0999999 3.7 0.1
v 0.0999999 3.7 0
v 0.0999999 3.7 -0.0999999
v 0.0999999 3.7 -0.2
v 0.0999999 3.7 -0.3
v 0.0999999 3.7 -0.4
v 0.0999999 3.7 -0.5
v 0.0999999 3.7 -0.6
v 0.0999999 3.7 -0.7
v 0.0999999 3.7 -0.8
v 0.0999999 3.7 -1
v 0.0999999 3.7 -1.1
v 0.0999999 3.7 -1.2
v 0.0999999 3.7 -1.3
v 0.0999999 3.7 -1.4
v 0.0999999 3.7 -1.5
v 0.0999999 3.7 -1.6
v 0.0999999 3.7 -1.7
v 0.0999999 3.7 -1.8
v 0.0999999 3.7 -1.9
v 0.0999999 3.7 -2.1
v 0.0999999 3.7 -2.2
v 0.0999999 3.7 -2.5
v 0.0999999 3.7 -2.6
v 0.0999999 3.7 -2.7
v 0.0999999 3.7 -2.8
v 0.0999999 3.7 -3
v 0.0999999 3.7 -3.1
v 0.0999999 3.7 -3.2
v 0.0999999 3.8 1.1
v 0.0999999 3.8 0.9
v 0.0999999 3.8 0.8
v 0.0999999 3.8 0.5
v 0.0999999 3.8 0.3
v 0.0999999 3.8 0
v 0.0999999 3.8 -0.2
v 0.0999999 3.8 -0.4
v 0.0999999 3.8 -0.6
v 0.0999999 3.8 -0.7
v 0.0999999 3.8 -0.8
v 0.0999999 3.8 -1
v 0.0999999 3.8 -1.2
v 0.0999999 3.8 -1.3
v 0.0999999 3.8 -1.4
v 0.0999999 3.8 -1.5
v 0.0999999 3.8 -1.6
v 0.0999999 3.8 -1.8
v 0.0999999 3.8 -1.9
v 0.0999999 3.8 -2.1
v 0.0999999 3.8 -2.2
v 0.0999999 3.8 -2.5
v 0.0999999 3.8 -2.8
v 0.0999999 3.8 -3.1
v 0.0999999 3.9 1.1
v 0.0999999 3.9 1
v 0.0999999 3.9 0.9
v 0.0999999 3.9 0.7
v 0.0999999 3.9 0.5
v 0.0999999 3.9 0.2
v 0.0999999 3.9 0.1
v 0.0999999 3.9 0
v 0.0999999 3.9 -0.0999999
v 0.0999999 3.9 -0.2
v 0.0999999 3.9 -0.4
v 0.0999999 3.9 -0.7
v 0.0999999 3.9 -0.9
v 0.0999999 3.9 -1.1
v 0.0999999 3.9 -1.2
v 0.0999999 3.9 -1.3
v 0.0999999 3.9 -1.4
v 0.0999999 3.9 -1.6
v 0.0999999 3.9 -1.9
v 0.0999999 3.9 -2
v 0.0999999 3.9 -2.2
v 0.0999999 3.9 -2.4
v 0.0999999 3.9 -2.5
v 0.0999999 3.9 -2.6
v 0.0999999 3.9 -2.9
v 0.0999999 3.9 -3.1
v 0.0999999 4 1.2
v 0.0999999 4 1.1
v 0.0999999 4 1
v 0.0999999 4 0.9
v 0.0999999 4 0.8
v 0.0999999 4 0.7
v 0.0999999 4 0.6
v 0.0999999 4 0.5
v 0.0999999 4 0.4
v 0.0999999 4 0.3
v 0.0999999 4 0.2
v 0.0999999 4 0.1
v 0.0999999 4 0
v 0.0999999 4 -0.0999999
v 0.0999999 4 -0.2
v 0.0999999 4 -0.3
v 0.0999999 4 -0.4
v 0.0999999 4 -0.6
v 0.0999999 4 -0.7
v 0.0999999 4 -0.8
v 0.0999999 4 -0.9
v 0.0999999 4 -1
v 0.0999999 4 -1.1
v 0.0999999 4 -1.2
v 0.0999999 4 -1.3
v 0.0999999 4 -1.4
v 0.0999999 4 -1.5
v 0.0999999 4 -1.6
v 0.0999999 4 -1.7
v 0.0999999 4 -1.8
v 0.0999999 4 -1.9
v 0.0999999 4 -2
v 0.0999999 4 -2.1
v 0.0999999 4 -2.2
v 0.0999999 4 -2.4
v 0.0999999 4 -2.5
v 0.0999999 4 -2.6
v 0.0999999 4 -2.8
v 0.0999999 4 -2.9
v 0.0999999 4 -3
v 0.0999999 4 -3.1
v 0.0999999 4 -3.2
v 0.0999999 4.1 1.1
v 0.0999999 4.1 0.7
v 0.0999999 4.1 0.6
v 0.0999999 4.1 -0.4
v 0.0999999 4.1 -1.6
v 0.0999999 4.1 -1.7
v 0.0999999 4.1 -1.9
v 0.0999999 4.1 -3.1
v 0.0999999 4.1 -3.2
v 0.0999999 4.2 1.2
v 0.0999999 4.2 1.1
v 0.0999999 4.2 0.7
v 0.0999999 4.2 0.6
v 0.0999999 4.2 -1.8
v 0.0999999 4.2 -1.9
v 0.0999999 4.2 -3.1
v 0.0999999 4.2 -3.2
v 0.0999999 4.3 -0.3
v 0.0999999 4.3 -0.4
v 0.0999999 4.3 -1.6
v 0.0999999 4.3 -1.7
v 0.0999999 4.3 -1.8
v 0.0999999 4.3 -1.9
v 0.0999999 4.3 -3.1
v 0.0999999 4.3 -3.2
v 0.0999999 4.4 1.2
v 0.0999999 4.4 1.1
v 0.0999999 4.4 0.7
v 0.0999999 4.4 0.6
v 0.0999999 4.4 -3.1
v 0.0999999 4.4 -3.2
v 0.2 0 1.1
v 0.2 0 0.9
v 0.2 0 0.7
v 0.2 0 0.5
v 0.2 0 0.3
v 0.2 0 0.2
v 0.2 0 0
v 0.2 0 -0.0999999
v 0.2 0 -0.2
v 0.2 0 -0.4
v 0.2 0 -0.5
v 0.2 0 -0.9
v 0.2 0 -1.3
v 0.2 0 -1.4
v 0.2 0 -1.5
v 0.2 0 -1.6
v 0.2 0 -1.9
v 0.2 0 -2
v 0.2 0 -2.3
v 0.2 0 -2.5
v 0.2 0 -2.6
v 0.2 0 -2.8
v 0.2 0 -2.9
v 0.2 0 -3
v 0.2 0 -3.1
v 0.2 0.1 1.1
v 0.2 0.1 0.9
v 0.2 0.1 0.8
v 0.2 0.1 0.5
v 0.2 0.1 0.4
v 0.2 0.1 0.3
v 0.2 0.1 0.2
v 0.2 0.1 0
v 0.2 0.1 -0.0999999
v 0.2 0.1 -0.4
v 0.2 0.1 -0.5
v 0.2 0.1 -0.7
v 0.2 0.1 -0.9
v 0.2 0.1 -1
v 0.2 0.1 -1.2
v 0.2 0.1 -1.3
v 0.2 0.1 -1.4
v 0.2 0.1 -1.5
v 0.2 0.1 -1.6
v 0.2 0.1 -2
v 0.2 0.1 -2.1
v 0.2 0.1 -2.2
v 0.2 0.1 -2.3
v 0.2 0.1 -2.5
v 0.2 0.1 -2.6
v 0.2 0.1 -2.8
v 0.2 0.1 -2.9
v 0.2 0.1 -3
v 0.2 0.1 -3.1
v 0.2 0.2 1
v 0.2 0.2 0.8
v 0.2 0.2 0.7
v 0.2 0.2 0.5
v 0.2 0.2 0.4
v 0.2 0.2 0.3
v 0.2 0.2 0.2
v 0.2 0.2 0.1
v 0.2 0.2 0
v 0.2 0.2 -0.2
v 0.2 0.2 -0.4
v 0.2 0.2 -0.5
v 0.2 0.2 -0.6
v 0.2 0.2 -0.7
v 0.2 0.2 -0.9
v 0.2 0.2 -1
v 0.2 0.2 -1.1
v 0.2 0.2 -1.2
v 0.2 0.2 -1.3
v 0.2 0.2 -1.4
v 0.2 0.2 -1.5
v 0.2 0.2 -1.9
v 0.2 0.2 -2
v 0.2 0.2 -2.1
v 0.2 0.2 -2.2
v 0.2 0.2 -2.4
v 0.2 0.2 -2.5
v 0.2 0.2 -2.8
v 0.2 0.2 -2.9
v 0.2 0.2 -3.1
v 0.2 0.3 1.1
v 0.2 0.3 1
v 0.2 0.3 0.1
v 0.2 0.3 0
v 0.2 0.3 -0.0999999
v 0.2 0.3 -0.2
v 0.2 0.3 -1
v 0.2 0.3 -1.1
v 0.2 0.3 -1.9
v 0.2 0.3 -2
v 0.2 0.3 -2.1
v 0.2 0.3 -2.2
v 0.2 0.3 -2.3
v 0.2 0.3 -2.4
v 0.2 0.3 -2.7
v 0.2 0.3 -2.9
v 0.2 0.4 1.1
v 0.2 0.4 0.7
v 0.2 0.4 0.5
v 0.2 0.4 0.4
v 0.2 0.4 0.3
v 0.2 0.4 0.2
v 0.2 0.4 0.1
v 0.2 0.4 -0.0999999
v 0.2 0.4 -0.2
v 0.2 0.4 -0.4
v 0.2 0.4 -0.6
v 0.2 0.4 -0.9
v 0.2 0.4 -1
v 0.2 0.4 -1.3
v 0.2 0.4 -1.4
v 0.2 0.4 -1.6
v 0.2 0.4 -1.9
v 0.2 0.4 -2.1
v 0.2 0.4 -2.2
v 0.2 0.4 -2.3
v 0.2 0.4 -2.5
v 0.2 0.4 -2.6
v 0.2 0.4 -2.7
v 0.2 0.4 -3.1
v 0.2 0.7 1.1
v 0.2 0.7 1
v 0.2 0.7 0.9
v 0.2 0.7 0.8
v 0.2 0.7 0.6
v 0.2 0.7 0.5
v 0.2 0.7 0.4
v 0.2 0.7 -0.0999999
v 0.2 0.7 -0.3
v 0.2 0.7 -0.4
v 0.2 0.7 -0.6
v 0.2 0.7 -0.9
v 0.2 0.7 -1
v 0.2 0.7 -1.1
v 0.2 0.7 -1.3
v 0.2 0.7 -1.4
v 0.2 0.7 -1.5
v 0.2 0.7 -1.7
v 0.2 0.7 -1.8
v 0.2 0.7 -1.9
v 0.2 0.7 -2.2
v 0.2 0.7 -2.3
v 0.2 0.7 -2.4
v 0.2 0.7 -2.7
v 0.2 0.7 -2.8
v 0.2 0.7 -2.9
v 0.2 0.7 -3.1
v 0.2 0.8 1.1
v 0.2 0.8 1
v 0.2 0.8 0.9
v 0.2 0.8 0.8
v 0.2 0.8 0.6
v 0.2 0.8 0.5
v 0.2 0.8 0.4
v 0.2 0.8 0.3
v 0.2 0.8 0.1
v 0.2 0.8 0
v 0.2 0.8 -0.0999999
v 0.2 0.8 -0.2
v 0.2 0.8 -0.3
v 0.2 0.8 -0.4
v 0.2 0.8 -0.9
v 0.2 0.8 -1
v 0.2 0.8 -1.1
v 0.2 0.8 -1.3
v 0.2 0.8 -1.4
v 0.2 0.8 -1.5
v 0.2 0.8 -1.7
v 0.2 0.8 -1.8
v 0.2 0.8 -1.9
v 0.2 0.8 -2
v 0.2 0.8 -2.2
v 0.2 0.8 -2.3
v 0.2 0.8 -2.7
v 0.2 0.8 -2.8
v 0.2 0.8 -3
v 0.2 0.8 -3.1
v 0.2 0.9 0.6
v 0.2 0.9 0.5
v 0.2 0.9 0.4
v 0.2 0.9 0.3
v 0.2 0.9 0.1
v 0.2 0.9 0
v 0.2 0.9 -0.0999999
v 0.2 0.9 -0.2
v 0.2 0.9 -0.4
v 0.2 0.9 -0.6
v 0.2 0.9 -0.9
v 0.2 0.9 -1
v 0.2 0.9 -1.9
v 0.2 0.9 -2
v 0.2 0.9 -2.3
v 0.2 0.9 -2.4
v 0.2 0.9 -2.7
v 0.2 0.9 -2.8
v 0.2 0.9 -2.9
v 0.2 0.9 -3
v 0.2 0.9 -3.1
v 0.2 1 1.1
v 0.2 1 1
v 0.2 1 0.9
v 0.2 1 0.8
v 0.2 1 0.6
v 0.2 1 0.5
v 0.2 1 0.4
v 0.2 1 0.1
v 0.2 1 0
v 0.2 1 -0.0999999
v 0.2 1 -0.2
v 0.2 1 -0.4
v 0.2 1 -0.5
v 0.2 1 -1.3
v 0.2 1 -1.4
v 0.2 1 -1.5
v 0.2 1 -1.7
v 0.2 1 -1.8
v 0.2 1 -1.9
v 0.2 1 -2
v 0.2 1 -2.2
v 0.2 1 -2.3
v 0.2 1 -2.7
v 0.2 1 -2.8
v 0.2 1 -2.9
v 0.2 1 -3
v 0.2 1.1 1.1
v 0.2 1.1 1
v 0.2 1.1 0.9
v 0.2 1.1 0.6
v 0.2 1.1 0.4
v 0.2 1.1 0.3
v 0.2 1.1 0.1
v 0.2 1.1 -0.0999999
v 0.2 1.1 -0.4
v 0.2 1.1 -0.5
v 0.2 1.1 -0.6
v 0.2 1.1 -0.9
v 0.2 1.1 -1
v 0.2 1.1 -1.1
v 0.2 1.1 -1.3
v 0.2 1.1 -1.4
v 0.2 1.1 -1.5
v 0.2 1.1 -1.7
v 0.2 1.1 -1.8
v 0.2 1.1 -1.9
v 0.2 1.1 -2
v 0.2 1.1 -2.1
v 0.2 1.1 -2.2
v 0.2 1.1 -2.3
v 0.2 1.1 -2.4
v 0.2 1.1 -2.8
v 0.2 1.1 -2.9
v 0.2 1.1 -3
v 0.2 1.1 -3.1
v 0.2 1.2 1.1
v 0.2 1.2 1
v 0.2 1.2 0.9
v 0.2 1.2 0.2
v 0.2 1.2 0.1
v 0.2 1.2 -0.0999999
v 0.2 1.2 -0.2
v 0.2 1.2 -0.4
v 0.2 1.2 -0.5
v 0.2 1.2 -0.6
v 0.2 1.2 -0.9
v 0.2 1.2 -1
v 0.2 1.2 -1.1
v 0.2 1.2 -1.3
v 0.2 1.2 -1.5
v 0.2 1.2 -1.6
v 0.2 1.2 -1.7
v 0.2 1.2 -1.9
v 0.2 1.2 -2
v 0.2 1.2 -2.1
v 0.2 1.2 -2.2
v 0.2 1.2 -2.3
v 0.2 1.2 -2.4
v 0.2 1.2 -2.8
v 0.2 1.2 -2.9
v 0.2 1.2 -3
v 0.2 1.3 1.1
v 0.2 1.3 1
v 0.2 1.3 0.9
v 0.2 1.3 0.8
v 0.2 1.3 0.4
v 0.2 1.3 0.3
v 0.2 1.3 0.2
v 0.2 1.3 0
v 0.2 1.3 -0.2
v 0.2 1.3 -0.4
v 0.2 1.3 -0.5
v 0.2 1.3 -0.6
v 0.2 1.3 -1
v 0.2 1.3 -1.1
v 0.2 1.3 -1.3
v 0.2 1.3 -1.6
v 0.2 1.3 -1.7
v 0.2 1.3 -1.9
v 0.2 1.3 -2
v 0.2 1.3 -2.1
v 0.2 1.3 -2.7
v 0.2 1.3 -2.8
v 0.2 1.3 -2.9
v 0.2 1.3 -3
v 0.2 1.4 1
v 0.2 1.4 0.8
v 0.2 1.4 0.6
v 0.2 1.4 0.4
v 0.2 1.4 0.3
v 0.2 1.4 0.2
v 0.2 1.4 0.1
v 0.2 1.4 0
v 0.2 1.4 -0.0999999
v 0.2 1.4 -0.2
v 0.2 1.4 -0.4
v 0.2 1.4 -0.5
v 0.2 1.4 -0.9
v 0.2 1.4 -1
v 0.2 1.4 -2.1
v 0.2 1.4 -2.2
v 0.2 1.4 -3
v 0.2 1.4 -3.1
v 0.2 1.5 1.1
v 0.2 1.5 1
v 0.2 1.5 0.8
v 0.2 1.5 0.6
v 0.2 1.5 0.4
v 0.2 1.5 0.3
v 0.2 1.5 0.1
v 0.2 1.5 0
v 0.2 1.5 -0.0999999
v 0.2 1.5 -0.2
v 0.2 1.5 -0.4
v 0.2 1.5 -0.5
v 0.2 1.5 -0.6
v 0.2 1.5 -0.9
v 0.2 1.5 -1
v 0.2 1.5 -1.1
v 0.2 1.5 -1.5
v 0.2 1.5 -1.6
v 0.2 1.5 -1.7
v 0.2 1.5 -2
v 0.2 1.5 -2.1
v 0.2 1.5 -2.3
v 0.2 1.5 -2.4
v 0.2 1.5 -2.7
v 0.2 1.5 -2.8
v 0.2 1.5 -2.9
v 0.2 1.5 -3
v 0.2 1.5 -3.1
v 0.2 1.8 1.1
v 0.2 1.8 0.9
v 0.2 1.8 0.8
v 0.2 1.8 0.5
v 0.2 1.8 0.4
v 0.2 1.8 0.1
v 0.2 1.8 0
v 0.2 1.8 -0.0999999
v 0.2 1.8 -0.4
v 0.2 1.8 -0.5
v 0.2 1.8 -0.6
v 0.2 1.8 -0.8
v 0.2 1.8 -1
v 0.2 1.8 -1.1
v 0.2 1.8 -1.5
v 0.2 1.8 -1.6
v 0.2 1.8 -1.7
v 0.2 1.8 -2
v 0.2 1.8 -2.2
v 0.2 1.8 -2.3
v 0.2 1.8 -2.5
v 0.2 1.8 -2.8
v 0.2 1.8 -3.1
v 0.2 1.9 1.1
v 0.2 1.9 0.9
v 0.2 1.9 0.8
v 0.2 1.9 0.7
v 0.2 1.9 0.5
v 0.2 1.9 0.4
v 0.2 1.9 0.1
v 0.2 1.9 0
v 0.2 1.9 -0.0999999
v 0.2 1.9 -0.3
v 0.2 1.9 -0.4
v 0.2 1.9 -0.5
v 0.2 1.9 -0.6
v 0.2 1.9 -0.7
v 0.2 1.9 -0.8
v 0.2 1.9 -1
v 0.2 1.9 -1.1
v 0.2 1.9 -1.2
v 0.2 1.9 -1.3
v 0.2 1.9 -1.5
v 0.2 1.9 -1.6
v 0.2 1.9 -2
v 0.2 1.9 -2.1
v 0.2 1.9 -2.2
v 0.2 1.9 -2.3
v 0.2 1.9 -2.4
v 0.2 1.9 -2.5
v 0.2 1.9 -2.7
v 0.2 1.9 -2.8
v 0.2 1.9 -3.1
v 0.2 2.1 1.1
v 0.2 2.1 1
v 0.2 2.1 0.8
v 0.2 2.1 0.7
v 0.2 2.1 0.6
v 0.2 2.1 0.5
v 0.2 2.1 -0.2
v 0.2 2.1 -0.3
v 0.2 2.1 -0.7
v 0.2 2.1 -0.8
v 0.2 2.1 -1
v 0.2 2.1 -1.1
v 0.2 2.1 -1.2
v 0.2 2.1 -2
v 0.2 2.1 -2.1
v 0.2 2.1 -2.2
v 0.2 2.1 -2.3
v 0.2 2.1 -2.4
v 0.2 2.1 -2.7
v 0.2 2.1 -2.8
v 0.2 2.2 0.9
v 0.2 2.2 0.8
v 0.2 2.2 0.7
v 0.2 2.2 0.6
v 0.2 2.2 0.5
v 0.2 2.2 0.4
v 0.2 2.2 0.1
v 0.2 2.2 0
v 0.2 2.2 -0.0999999
v 0.2 2.2 -0.2
v 0.2 2.2 -0.3
v 0.2 2.2 -0.5
v 0.2 2.2 -0.6
v 0.2 2.2 -0.7
v 0.2 2.2 -0.8
v 0.2 2.2 -1
v 0.2 2.2 -1.1
v 0.2 2.2 -1.2
v 0.2 2.2 -1.3
v 0.2 2.2 -2
v 0.2 2.2 -2.1
v 0.2 2.2 -2.2
v 0.2 2.2 -2.4
v 0.2 2.2 -2.6
v 0.2 2.2 -2.8
v 0.2 2.2 -3.1
v 0.2 2.3 0.9
v 0.2 2.3 0.7
v 0.2 2.3 0.6
v 0.2 2.3 0.5
v 0.2 2.3 0.1
v 0.2 2.3 0
v 0.2 2.3 -0.2
v 0.2 2.3 -0.3
v 0.2 2.3 -0.5
v 0.2 2.3 -0.6
v 0.2 2.3 -0.8
v 0.2 2.3 -0.9
v 0.2 2.3 -1
v 0.2 2.3 -1.1
v 0.2 2.3 -1.2
v 0.2 2.3 -1.3
v 0.2 2.3 -1.5
v 0.2 2.3 -1.6
v 0.2 2.3 -1.7
v 0.2 2.3 -2.3
v 0.2 2.3 -2.4
v 0.2 2.3 -2.5
v 0.2 2.3 -2.6
v 0.2 2.3 -2.7
v 0.2 2.3 -2.8
v 0.2 2.4 1.1
v 0.2 2.4 1
v 0.2 2.4 0.7
v 0.2 2.4 0.6
v 0.2 2.4 0
v 0.2 2.4 -0.0999999
v 0.2 2.4 -0.2
v 0.2 2.4 -0.3
v 0.2 2.4 -0.5
v 0.2 2.4 -0.6
v 0.2 2.4 -0.8
v 0.2 2.4 -0.9
v 0.2 2.4 -1
v 0.2 2.4 -1.1
v 0.2 2.4 -1.2
v 0.2 2.4 -1.3
v 0.2 2.4 -1.5
v 0.2 2.4 -1.6
v 0.2 2.4 -2
v 0.2 2.4 -2.1
v 0.2 2.4 -2.2
v 0.2 2.4 -2.3
v 0.2 2.4 -2.4
v 0.2 2.4 -2.5
v 0.2 2.4 -2.6
v 0.2 2.4 -2.7
v 0.2 2.4 -2.8
v 0.2 2.4 -3.1
v 0.2 2.5 1.1
v 0.2 2.5 1
v 0.2 2.5 0.9
v 0.2 2.5 0.7
v 0.2 2.5 0.6
v 0.2 2.5 0.5
v 0.2 2.5 0.4
v 0.2 2.5 0.1
v 0.2 2.5 0
v 0.2 2.5 -0.0999999
v 0.2 2.5 -0.2
v 0.2 2.5 -0.4
v 0.2 2.5 -0.5
v 0.2 2.5 -0.8
v 0.2 2.5 -0.9
v 0.2 2.5 -1.1
v 0.2 2.5 -1.2
v 0.2 2.5 -1.3
v 0.2 2.5 -1.4
v 0.2 2.5 -1.6
v 0.2 2.5 -1.7
v 0.2 2.5 -2
v 0.2 2.5 -2.2
v 0.2 2.5 -2.3
v 0.2 2.5 -2.4
v 0.2 2.5 -2.5
v 0.2 2.5 -2.7
v 0.2 2.5 -2.8
v 0.2 2.5 -3.1
v 0.2 2.7 1.1
v 0.2 2.7 1
v 0.2 2.7 0.9
v 0.2 2.7 0.7
v 0.2 2.7 0.6
v 0.2 2.7 0.5
v 0.2 2.7 0.4
v 0.2 2.7 0.1
v 0.2 2.7 0
v 0.2 2.7 -0.0999999
v 0.2 2.7 -0.2
v 0.2 2.7 -0.3
v 0.2 2.7 -0.4
v 0.2 2.7 -0.7
v 0.2 2.7 -0.9
v 0.2 2.7 -1.3
v 0.2 2.7 -1.4
v 0.2 2.7 -2.2
v 0.2 2.7 -2.3
v 0.2 2.7 -2.4
v 0.2 2.7 -2.5
v 0.2 2.7 -2.7
v 0.2 2.7 -2.8
v 0.2 2.8 1.1
v 0.2 2.8 1
v 0.2 2.8 0.9
v 0.2 2.8 0.7
v 0.2 2.8 0.6
v 0.2 2.8 0.5
v 0.2 2.8 0.4
v 0.2 2.8 0.1
v 0.2 2.8 -0.0999999
v 0.2 2.8 -0.2
v 0.2 2.8 -0.3
v 0.2 2.8 -0.5
v 0.2 2.8 -0.6
v 0.2 2.8 -0.7
v 0.2 2.8 -1.1
v 0.2 2.8 -1.2
v 0.2 2.8 -1.3
v 0.2 2.8 -1.7
v 0.2 2.8 -2
v 0.2 2.8 -2.2
v 0.2 2.8 -2.3
v 0.2 2.8 -2.4
v 0.2 2.8 -2.7
v 0.2 2.8 -2.8
v 0.2 2.8 -3.1
v 0.2 3.1 1.1
v 0.2 3.1 0.9
v 0.2 3.1 0.8
v 0.2 3.1 0.7
v 0.2 3.1 0.4
v 0.2 3.1 0.3
v 0.2 3.1 0.1
v 0.2 3.1 0
v 0.2 3.1 -0.2
v 0.2 3.1 -0.3
v 0.2 3.1 -0.4
v 0.2 3.1 -0.8
v 0.2 3.1 -0.9
v 0.2 3.1 -1
v 0.2 3.1 -1.2
v 0.2 3.1 -1.7
v 0.2 3.1 -1.9
v 0.2 3.1 -2
v 0.2 3.1 -2.1
v 0.2 3.1 -2.4
v 0.2 3.1 -2.5
v 0.2 3.1 -2.8
v 0.2 3.1 -3
v 0.2 3.1 -3.1
v 0.2 3.2 1.1
v 0.2 3.2 1
v 0.2 3.2 0.9
v 0.2 3.2 0.8
v 0.2 3.2 0.5
v 0.2 3.2 0.4
v 0.2 3.2 0.3
v 0.2 3.2 0.2
v 0.2 3.2 0.1
v 0.2 3.2 0
v 0.2 3.2 -0.2
v 0.2 3.2 -0.3
v 0.2 3.2 -0.4
v 0.2 3.2 -0.5
v 0.2 3.2 -0.6
v 0.2 3.2 -0.7
v 0.2 3.2 -0.8
v 0.2 3.2 -0.9
v 0.2 3.2 -1
v 0.2 3.2 -1.2
v 0.2 3.2 -1.3
v 0.2 3.2 -1.4
v 0.2 3.2 -1.7
v 0.2 3.2 -1.8
v 0.2 3.2 -1.9
v 0.2 3.2 -2
v 0.2 3.2 -2.1
v 0.2 3.2 -2.2
v 0.2 3.2 -2.4
v 0.2 3.2 -2.5
v 0.2 3.2 -2.8
v 0.2 3.2 -3
v 0.2 3.2 -3.1
v 0.2 3.3 0.9
v 0.2 3.3 0.7
v 0.2 3.3 0.4
v 0.2 3.3 0.3
v 0.2 3.3 0.2
v 0.2 3.3 0.1
v 0.2 3.3 0
v 0.2 3.3 -0.2
v 0.2 3.3 -0.3
v 0.2 3.3 -0.4
v 0.2 3.3 -0.5
v 0.2 3.3 -0.8
v 0.2 3.3 -0.9
v 0.2 3.3 -1
v 0.2 3.3 -1.2
v 0.2 3.3 -1.3
v 0.2 3.3 -1.4
v 0.2 3.3 -1.5
v 0.2 3.3 -1.6
v 0.2 3.3 -1.7
v 0.2 3.3 -1.8
v 0.2 3.3 -1.9
v 0.2 3.3 -2
v 0.2 3.3 -2.1
v 0.2 3.3 -2.2
v 0.2 3.3 -2.8
v 0.2 3.3 -2.9
v 0.2 3.3 -3
v 0.2 3.3 -3.1
v 0.2 3.4 1.1
v 0.2 3.4 1
v 0.2 3.4 0.9
v 0.2 3.4 0.4
v 0.2 3.4 0.3
v 0.2 3.4 0.2
v 0.2 3.4 0.1
v 0.2 3.4 -0.4
v 0.2 3.4 -0.5
v 0.2 3.4 -0.6
v 0.2 3.4 -0.8
v 0.2 3.4 -0.9
v 0.2 3.4 -1.2
v 0.2 3.4 -1.3
v 0.2 3.4 -1.4
v 0.2 3.4 -1.5
v 0.2 3.4 -1.6
v 0.2 3.4 -1.7
v 0.2 3.4 -1.9
v 0.2 3.4 -2
v 0.2 3.4 -2.1
v 0.2 3.4 -2.2
v 0.2 3.4 -2.4
v 0.2 3.4 -2.5
v 0.2 3.5 1.1
v 0.2 3.5 1
v 0.2 3.5 0.9
v 0.2 3.5 0.8
v 0.2 3.5 0.6
v 0.2 3.5 0.5
v 0.2 3.5 0.3
v 0.2 3.5 0.2
v 0.2 3.5 -0.2
v 0.2 3.5 -0.3
v 0.2 3.5 -0.4
v 0.2 3.5 -0.5
v 0.2 3.5 -0.6
v 0.2 3.5 -0.7
v 0.2 3.5 -0.8
v 0.2 3.5 -0.9
v 0.2 3.5 -1.4
v 0.2 3.5 -1.5
v 0.2 3.5 -1.6
v 0.2 3.5 -1.7
v 0.2 3.5 -2
v 0.2 3.5 -2.1
v 0.2 3.5 -2.2
v 0.2 3.5 -2.4
v 0.2 3.5 -2.5
v 0.2 3.5 -2.8
v 0.2 3.5 -2.9
v 0.2 3.5 -3
v 0.2 3.5 -3.1
v 0.2 3.6 1.1
v 0.2 3.6 1
v 0.2 3.6 0.9
v 0.2 3.6 0.8
v 0.2 3.6 0.6
v 0.2 3.6 0.5
v 0.2 3.6 0.4
v 0.2 3.6 0.3
v 0.2 3.6 0.2
v 0.2 3.6 0.1
v 0.2 3.6 0
v 0.2 3.6 -0.2
v 0.2 3.6 -0.3
v 0.2 3.6 -0.4
v 0.2 3.6 -0.5
v 0.2 3.6 -0.6
v 0.2 3.6 -0.7
v 0.2 3.6 -0.8
v 0.2 3.6 -0.9
v 0.2 3.6 -1
v 0.2 3.6 -1.2
v 0.2 3.6 -1.3
v 0.2 3.6 -1.4
v 0.2 3.6 -1.5
v 0.2 3.6 -1.6
v 0.2 3.6 -1.8
v 0.2 3.6 -2.1
v 0.2 3.6 -2.2
v 0.2 3.6 -2.5
v 0.2 3.6 -2.8
v 0.2 3.6 -3
v 0.2 3.6 -3.1
v 0.2 3.7 1.1
v 0.2 3.7 1
v 0.2 3.7 0.9
v 0.2 3.7 0.8
v 0.2 3.7 0.5
v 0.2 3.7 0.4
v 0.2 3.7 0.3
v 0.2 3.7 0.2
v 0.2 3.7 0.1
v 0.2 3.7 0
v 0.2 3.7 -0.2
v 0.2 3.7 -0.3
v 0.2 3.7 -0.4
v 0.2 3.7 -0.5
v 0.2 3.7 -0.6
v 0.2 3.7 -0.7
v 0.2 3.7 -1
v 0.2 3.7 -1.2
v 0.2 3.7 -1.3
v 0.2 3.7 -1.4
v 0.2 3.7 -1.5
v 0.2 3.7 -1.6
v 0.2 3.7 -1.7
v 0.2 3.7 -1.8
v 0.2 3.7 -2.1
v 0.2 3.7 -2.2
v 0.2 3.7 -2.5
v 0.2 3.7 -2.8
v 0.2 3.7 -3
v 0.2 3.7 -3.1
v 0.2 4 1.1
v 0.2 4 0.9
v 0.2 4 0.8
v 0.2 4 0.7
v 0.2 4 0.5
v 0.2 4 0.4
v 0.2 4 0.3
v 0.2 4 0.2
v 0.2 4 0.1
v 0.2 4 0
v 0.2 4 -0.0999999
v 0.2 4 -0.2
v 0.2 4 -0.4
v 0.2 4 -0.6
v 0.2 4 -0.7
v 0.2 4 -0.8
v 0.2 4 -0.9
v 0.2 4 -1
v 0.2 4 -1.1
v 0.2 4 -1.2
v 0.2 4 -1.5
v 0.2 4 -1.6
v 0.2 4 -1.9
v 0.2 4 -2
v 0.2 4 -2.1
v 0.2 4 -2.4
v 0.2 4 -2.5
v 0.2 4 -2.6
v 0.2 4 -2.8
v 0.2 4 -3
v 0.2 4 -3.1
v 0.2 4.1 1.1
v 0.2 4.1 0.9
v 0.2 4.1 0.8
v 0.2 4.1 0.5
v 0.2 4.1 0.4
v 0.2 4.1 0.2
v 0.2 4.1 0.1
v 0.2 4.1 0
v 0.2 4.1 -0.0999999
v 0.2 4.1 -0.2
v 0.2 4.1 -0.4
v 0.2 4.1 -0.6
v 0.2 4.1 -0.7
v 0.2 4.1 -0.8
v 0.2 4.1 -0.9
v 0.2 4.1 -1
v 0.2 4.1 -1.1
v 0.2 4.1 -1.2
v 0.2 4.1 -1.3
v 0.2 4.1 -1.5
v 0.2 4.1 -1.6
v 0.2 4.1 -1.9
v 0.2 4.1 -2
v 0.2 4.1 -2.1
v 0.2 4.1 -2.3
v 0.2 4.1 -2.4
v 0.2 4.1 -2.5
v 0.2 4.1 -2.6
v 0.2 4.1 -2.7
v 0.2 4.1 -2.8
v 0.2 4.1 -3
v 0.2 4.1 -3.1
v 0.2 4.2 0.5
v 0.2 4.2 0.4
v 0.2 4.2 0.3
v 0.2 4.2 0.2
v 0.2 4.2 0.1
v 0.2 4.2 0
v 0.2 4.2 -0.0999999
v 0.2 4.2 -1
v 0.2 4.2 -1.1
v 0.2 4.2 -1.2
v 0.2 4.2 -1.3
v 0.2 4.2 -2.2
v 0.2 4.2 -2.3
v 0.2 4.2 -2.7
v 0.2 4.2 -2.8
v 0.2 4.2 -3
v 0.2 4.2 -3.1
v 0.2 4.3 0.5
v 0.2 4.3 0.4
v 0.2 4.3 0.3
v 0.2 4.3 0.2
v 0.2 4.3 0.1
v 0.2 4.3 -0.0999999
v 0.2 4.3 -0.2
v 0.2 4.3 -0.7
v 0.2 4.3 -0.8
v 0.2 4.3 -0.9
v 0.2 4.3 -1
v 0.2 4.3 -1.1
v 0.2 4.3 -1.2
v 0.2 4.3 -1.3
v 0.2 4.3 -1.5
v 0.2 4.3 -1.6
v 0.2 4.3 -1.9
v 0.2 4.3 -2
v 0.2 4.3 -2.1
v 0.2 4.3 -2.2
v 0.2 4.3 -2.3
v 0.2 4.3 -2.5
v 0.2 4.3 -2.6
v 0.2 4.3 -2.7
v 0.2 4.3 -2.8
v 0.2 4.3 -3
v 0.2 4.4 1.1
v 0.2 4.4 0.9
v 0.2 4.4 0.8
v 0.2 4.4 0.7
v 0.2 4.4 0.5
v 0.2 4.4 0.4
v 0.2 4.4 0.3
v 0.2 4.4 0.2
v 0.2 4.4 -0.0999999
v 0.2 4.4 -0.2
v 0.2 4.4 -0.4
v 0.2 4.4 -0.7
v 0.2 4.4 -0.8
v 0.2 4.4 -0.9
v 0.2 4.4 -1
v 0.2 4.4 -1.1
v 0.2 4.4 -1.2
v 0.2 4.4 -1.3
v 0.2 4.4 -1.5
v 0.2 4.4 -1.6
v 0.2 4.4 -1.9
v 0.2 4.4 -2.2
v 0.2 4.4 -2.3
v 0.2 4.4 -2.5
v 0.2 4.4 -2.6
v 0.2 4.4 -2.8
v 0.2 4.4 -3
v 0.2 4.4 -3.1
v -4.1 0 1.2
v -4.1 0.1 1.2
v -4.1 0.3 1.2
v -4.1 0.4 1.2
v -4.1 0.7 1.2
v -4.1 1 1.2
v -4.1 1.1 1.2
v -4.1 1.2 1.2
v -4.1 1.3 1.2
v -4.1 1.5 1.2
v -4.1 1.8 1.2
v -4.1 1.9 1.2
v -4.1 2.1 1.2
v -4.1 2.4 1.2
v -4.1 2.6 1.2
v -4.1 2.8 1.2
v -4.1 3.1 1.2
v -4.1 3.2 1.2
v -4.1 3.3 1.2
v -4.1 3.4 1.2
v -4.1 3.6 1.2
v -4.1 3.7 1.2
v -4.1 4 1.2
v -4.1 4.2 1.2
v -4.1 4.4 1.2
v -4 0.2 1.2
v -4 0.3 1.2
v -4 0.8 1.2
v -4 1 1.2
v -4 1.1 1.2
v -4 1.2 1.2
v -4 1.3 1.2
v -4 1.4 1.2
v -4 1.5 1.2
v -4 1.8 1.2
v -4 1.9 1.2
v -4 2.1 1.2
v -4 2.4 1.2
v -4 2.6 1.2
v -4 2.7 1.2
v -4 3.1 1.2
v -4 3.2 1.2
v -4 3.3 1.2
v -4 3.4 1.2
v -4 3.6 1.2
v -4 3.7 1.2
v -4 4.1 1.2
v -4 4.2 1.2
v -3.9 0 1.2
v -3.9 0.1 1.2
v -3.9 0.7 1.2
v -3.9 0.8 1.2
v -3.9 1 1.2
v -3.9 1.1 1.2
v -3.9 1.2 1.2
v -3.9 1.3 1.2
v -3.9 1.8 1.2
v -3.9 1.9 1.2
v -3.9 2.2 1.2
v -3.9 2.3 1.2
v -3.9 2.5 1.2
v -3.9 2.7 1.2
v -3.9 2.8 1.2
v -3.9 3.1 1.2
v -3.9 3.2 1.2
v -3.9 3.3 1.2
v -3.9 3.4 1.2
v -3.9 3.5 1.2
v -3.9 3.6 1.2
v -3.9 3.7 1.2
v -3.9 4 1.2
v -3.9 4.1 1.2
v -3.9 4.4 1.2
v -3.8 0.1 1.2
v -3.8 0.2 1.2
v -3.8 0.7 1.2
v -3.8 0.8 1.2
v -3.8 1 1.2
v -3.8 1.3 1.2
v -3.8 1.4 1.2
v -3.8 1.5 1.2
v -3.8 1.8 1.2
v -3.8 1.9 1.2
v -3.8 2.1 1.2
v -3.8 2.2 1.2
v -3.8 3.1 1.2
v -3.8 3.2 1.2
v -3.8 3.5 1.2
v -3.8 3.6 1.2
v -3.8 3.7 1.2
v -3.8 4 1.2
v -3.8 4.1 1.2
v -3.8 4.4 1.2
v -3.7 0 1.2
v -3.7 0.2 1.2
v -3.7 0.4 1.2
v -3.7 1.9 1.2
v -3.7 2.1 1.2
v -3.7 2.2 1.2
v -3.7 2.3 1.2
v -3.7 2.4 1.2
v -3.7 2.5 1.2
v -3.7 2.7 1.2
v -3.7 2.8 1.2
v -3.7 3.1 1.2
v -3.7 3.3 1.2
v -3.7 4 1.2
v -3.7 4.4 1.2
v -3.6 0.7 1.2
v -3.6 0.8 1.2
v -3.6 0.9 1.2
v -3.6 1 1.2
v -3.6 1.1 1.2
v -3.6 1.4 1.2
v -3.6 1.5 1.2
v -3.6 2.1 1.2
v -3.6 2.2 1.2
v -3.6 2.3 1.2
v -3.6 2.4 1.2
v -3.6 2.5 1.2
v -3.6 2.7 1.2
v -3.6 2.8 1.2
v -3.6 3.5 1.2
v -3.6 3.6 1.2
v -3.5 0 1.2
v -3.5 0.1 1.2
v -3.5 0.2 1.2
v -3.5 0.4 1.2
v -3.5 0.7 1.2
v -3.5 0.8 1.2
v -3.5 0.9 1.2
v -3.5 1 1.2
v -3.5 1.8 1.2
v -3.5 1.9 1.2
v -3.5 2.1 1.2
v -3.5 2.2 1.2
v -3.5 2.3 1.2
v -3.5 2.5 1.2
v -3.5 2.7 1.2
v -3.5 2.8 1.2
v -3.5 3.2 1.2
v -3.5 3.5 1.2
v -3.5 3.6 1.2
v -3.5 3.7 1.2
v -3.5 4 1.2
v -3.5 4.1 1.2
v -3.5 4.2 1.2
v -3.5 4.3 1.2
v -3.5 4.4 1.2
v -3.4 0.1 1.2
v -3.4 0.2 1.2
v -3.4 0.4 1.2
v -3.4 0.7 1.2
v -3.4 0.8 1.2
v -3.4 0.9 1.2
v -3.4 1 1.2
v -3.4 1.1 1.2
v -3.4 1.3 1.2
v -3.4 1.4 1.2
v -3.4 1.5 1.2
v -3.4 1.8 1.2
v -3.4 1.9 1.2
v -3.4 2.2 1.2
v -3.4 2.5 1.2
v -3.4 2.7 1.2
v -3.4 2.8 1.2
v -3.4 3.1 1.2
v -3.4 3.2 1.2
v -3.4 3.3 1.2
v -3.4 3.4 1.2
v -3.4 3.6 1.2
v -3.4 3.7 1.2
v -3.4 4 1.2
v -3.4 4.1 1.2
v -3.4 4.2 1.2
v -3.4 4.3 1.2
v -3.4 4.4 1.2
v -3.3 0 1.2
v -3.3 0.1 1.2
v -3.3 0.2 1.2
v -3.3 0.4 1.2
v -3.3 0.8 1.2
v -3.3 0.9 1.2
v -3.3 1.1 1.2
v -3.3 1.3 1.2
v -3.3 1.4 1.2
v -3.3 1.5 1.2
v -3.3 3.1 1.2
v -3.3 3.2 1.2
v -3.3 3.3 1.2
v -3.3 3.4 1.2
v -3.3 3.5 1.2
v -3.3 3.6 1.2
v -3.3 3.7 1.2
v -3.3 4 1.2
v -3.3 4.2 1.2
v -3.3 4.3 1.2
v -3.3 4.4 1.2
v -3.2 0 1.2
v -3.2 0.1 1.2
v -3.2 0.2 1.2
v -3.2 0.4 1.2
v -3.2 1.2 1.2
v -3.2 1.3 1.2
v -3.2 1.4 1.2
v -3.2 3.2 1.2
v -3.2 3.3 1.2
v -3.2 3.4 1.2
v -3.2 3.5 1.2
v -3.2 3.6 1.2
v -3.2 3.7 1.2
v -3.2 4 1.2
v -3.2 4.1 1.2
v -3.2 4.2 1.2
v -3.2 4.3 1.2
v -3.2 4.4 1.2
v -3.1 0.2 1.2
v -3.1 0.3 1.2
v -3.1 0.4 1.2
v -3.1 0.8 1.2
v -3.1 0.9 1.2
v -3.1 1 1.2
v -3.1 1.1 1.2
v -3.1 1.2 1.2
v -3.1 1.4 1.2
v -3.1 1.5 1.2
v -3.1 1.8 1.2
v -3.1 1.9 1.2
v -3.1 2.2 1.2
v -3.1 2.3 1.2
v -3.1 2.5 1.2
v -3.1 2.7 1.2
v -3.1 2.8 1.2
v -3.1 3.1 1.2
v -3.1 3.2 1.2
v -3.1 3.3 1.2
v -3.1 3.4 1.2
v -3.1 3.6 1.2
v -3.1 3.7 1.2
v -3.1 4 1.2
v -3.1 4.1 1.2
v -3.1 4.2 1.2
v -3.1 4.3 1.2
v -3 0 1.2
v -3 0.1 1.2
v -3 0.2 1.2
v -3 0.3 1.2
v -3 0.8 1.2
v -3 0.9 1.2
v -3 1 1.2
v -3 1.3 1.2
v -3 1.4 1.2
v -3 1.5 1.2
v -3 1.8 1.2
v -3 1.9 1.2
v -3 2.2 1.2
v -3 2.3 1.2
v -3 2.4 1.2
v -3 2.5 1.2
v -3 2.7 1.2
v -3 3.1 1.2
v -3 3.2 1.2
v -3 3.3 1.2
v -3 3.6 1.2
v -3 3.7 1.2
v -3 4 1.2
v -3 4.1 1.2
v -3 4.2 1.2
v -2.9 0 1.2
v -2.9 0.1 1.2
v -2.9 0.3 1.2
v -2.9 0.4 1.2
v -2.9 0.7 1.2
v -2.9 0.8 1.2
v -2.9 0.9 1.2
v -2.9 1 1.2
v -2.9 1.1 1.2
v -2.9 1.2 1.2
v -2.9 1.4 1.2
v -2.9 1.5 1.2
v -2.9 1.8 1.2
v -2.9 1.9 1.2
v -2.9 2.2 1.2
v -2.9 2.4 1.2
v -2.9 2.5 1.2
v -2.9 2.7 1.2
v -2.9 2.8 1.2
v -2.9 4 1.2
v -2.9 4.1 1.2
v -2.9 4.2 1.2
v -2.9 4.3 1.2
v -2.9 4.4 1.2
v -2.8 0 1.2
v -2.8 0.2 1.2
v -2.8 0.3 1.2
v -2.8 0.4 1.2
v -2.8 0.8 1.2
v -2.8 0.9 1.2
v -2.8 1 1.2
v -2.8 1.2 1.2
v -2.8 1.3 1.2
v -2.8 1.4 1.2
v -2.8 1.5 1.2
v -2.8 2.1 1.2
v -2.8 2.2 1.2
v -2.8 2.3 1.2
v -2.8 2.4 1.2
v -2.8 2.5 1.2
v -2.8 2.7 1.2
v -2.8 2.8 1.2
v -2.8 3.1 1.2
v -2.8 3.2 1.2
v -2.8 3.3 1.2
v -2.8 3.5 1.2
v -2.8 3.6 1.2
v -2.8 3.7 1.2
v -2.8 4 1.2
v -2.8 4.1 1.2
v -2.8 4.3 1.2
v -2.8 4.4 1.2
v -2.7 0.7 1.2
v -2.7 0.8 1.2
v -2.7 1.9 1.2
v -2.7 2.1 1.2
v -2.7 2.2 1.2
v -2.7 2.3 1.2
v -2.7 2.4 1.2
v -2.7 2.7 1.2
v -2.7 2.8 1.2
v -2.7 3.1 1.2
v -2.7 3.2 1.2
v -2.7 3.3 1.2
v -2.7 3.5 1.2
v -2.7 3.6 1.2
v -2.7 3.7 1.2
v -2.6 0 1.2
v -2.6 0.1 1.2
v -2.6 0.2 1.2
v -2.6 0.4 1.2
v -2.6 0.7 1.2
v -2.6 0.8 1.2
v -2.6 0.9 1.2
v -2.6 1 1.2
v -2.6 1.1 1.2
v -2.6 1.2 1.2
v -2.6 1.3 1.2
v -2.6 1.4 1.2
v -2.6 1.5 1.2
v -2.6 1.8 1.2
v -2.6 1.9 1.2
v -2.6 2.5 1.2
v -2.6 2.7 1.2
v -2.6 3.1 1.2
v -2.6 3.2 1.2
v -2.6 3.3 1.2
v -2.6 3.4 1.2
v -2.6 3.5 1.2
v -2.6 3.6 1.2
v -2.6 3.7 1.2
v -2.6 4 1.2
v -2.6 4.1 1.2
v -2.6 4.4 1.2
v -2.5 0 1.2
v -2.5 0.1 1.2
v -2.5 0.2 1.2
v -2.5 1 1.2
v -2.5 1.1 1.2
v -2.5 1.2 1.2
v -2.5 1.3 1.2
v -2.5 1.4 1.2
v -2.5 1.5 1.2
v -2.5 1.8 1.2
v -2.5 1.9 1.2
v -2.5 2.2 1.2
v -2.5 2.3 1.2
v -2.5 2.4 1.2
v -2.5 2.5 1.2
v -2.5 2.8 1.2
v -2.5 3.2 1.2
v -2.5 3.3 1.2
v -2.5 3.4 1.2
v -2.5 3.5 1.2
v -2.5 3.6 1.2
v -2.5 3.7 1.2
v -2.4 0.2 1.2
v -2.4 0.4 1.2
v -2.4 0.7 1.2
v -2.4 0.9 1.2
v -2.4 1.1 1.2
v -2.4 1.2 1.2
v -2.4 1.3 1.2
v -2.4 1.5 1.2
v -2.4 1.8 1.2
v -2.4 1.9 1.2
v -2.4 2.2 1.2
v -2.4 2.3 1.2
v -2.4 2.4 1.2
v -2.4 2.8 1.2
v -2.4 3.2 1.2
v -2.4 3.4 1.2
v -2.4 3.5 1.2
v -2.4 3.6 1.2
v -2.4 3.7 1.2
v -2.4 4 1.2
v -2.4 4.1 1.2
v -2.3 0.1 1.2
v -2.3 0.2 1.2
v -2.3 1.9 1.2
v -2.3 2.1 1.2
v -2.3 2.2 1.2
v -2.3 2.7 1.2
v -2.3 2.8 1.2
v -2.3 3.2 1.2
v -2.3 3.5 1.2
v -2.3 3.6 1.2
v -2.3 3.7 1.2
v -2.3 4 1.2
v -2.3 4.1 1.2
v -2.3 4.3 1.2
v -2.3 4.4 1.2
v -2.2 1.8 1.2
v -2.2 1.9 1.2
v -2.2 2.1 1.2
v -2.2 2.2 1.2
v -2.2 2.3 1.2
v -2.2 2.4 1.2
v -2.2 2.5 1.2
v -2.2 3.1 1.2
v -2.2 3.2 1.2
v -2.2 3.3 1.2
v -2.2 3.4 1.2
v -2.2 3.5 1.2
v -2.2 3.6 1.2
v -2.2 4 1.2
v -2.2 4.1 1.2
v -2.2 4.3 1.2
v -2.2 4.4 1.2
v -2.1 0 1.2
v -2.1 0.1 1.2
v -2.1 0.2 1.2
v -2.1 0.4 1.2
v -2.1 0.7 1.2
v -2.1 0.8 1.2
v -2.1 0.9 1.2
v -2.1 1.1 1.2
v -2.1 1.2 1.2
v -2.1 1.4 1.2
v -2.1 1.5 1.2
v -2.1 2.3 1.2
v -2.1 2.4 1.2
v -2.1 2.5 1.2
v -2.1 2.7 1.2
v -2.1 3.1 1.2
v -2.1 3.2 1.2
v -2.1 3.3 1.2
v -2.1 3.4 1.2
v -2.1 3.5 1.2
v -2.1 3.6 1.2
v -2.1 4 1.2
v -2.1 4.1 1.2
v -2.1 4.3 1.2
v -2.1 4.4 1.2
v -2 0.1 1.2
v -2 0.2 1.2
v -2 0.3 1.2
v -2 0.4 1.2
v -2 0.7 1.2
v -2 0.8 1.2
v -2 0.9 1.2
v -2 1.1 1.2
v -2 1.2 1.2
v -2 1.3 1.2
v -2 1.4 1.2
v -2 1.5 1.2
v -2 1.8 1.2
v -2 1.9 1.2
v -2 2.1 1.2
v -2 2.2 1.2
v -2 2.3 1.2
v -2 2.4 1.2
v -2 3.1 1.2
v -2 3.2 1.2
v -2 3.3 1.2
v -2 3.6 1.2
v -2 3.7 1.2
v -2 4 1.2
v -2 4.1 1.2
v -2 4.2 1.2
v -2 4.3 1.2
v -2 4.4 1.2
v -1.9 0.2 1.2
v -1.9 0.3 1.2
v -1.9 0.7 1.2
v -1.9 0.8 1.2
v -1.9 1.1 1.2
v -1.9 1.2 1.2
v -1.9 1.3 1.2
v -1.9 1.5 1.2
v -1.9 1.8 1.2
v -1.9 1.9 1.2
v -1.9 2.1 1.2
v -1.9 2.2 1.2
v -1.9 2.3 1.2
v -1.9 2.4 1.2
v -1.9 2.5 1.2
v -1.9 2.8 1.2
v -1.9 4 1.2
v -1.9 4.1 1.2
v -1.9 4.2 1.2
v -1.9 4.3 1.2
v -1.9 4.4 1.2
v -1.8 0.1 1.2
v -1.8 0.2 1.2
v -1.8 1.9 1.2
v -1.8 2.1 1.2
v -1.8 2.2 1.2
v -1.8 2.3 1.2
v -1.8 2.4 1.2
v -1.8 2.5 1.2
v -1.8 2.8 1.2
v -1.8 3.1 1.2
v -1.8 3.2 1.2
v -1.8 3.3 1.2
v -1.8 3.4 1.2
v -1.8 3.6 1.2
v -1.8 3.7 1.2
v -1.8 4 1.2
v -1.8 4.1 1.2
v -1.8 4.2 1.2
v -1.8 4.3 1.2
v -1.8 4.4 1.2
v -1.7 0 1.2
v -1.7 0.1 1.2
v -1.7 0.2 1.2
v -1.7 0.4 1.2
v -1.7 0.7 1.2
v -1.7 0.8 1.2
v -1.7 1 1.2
v -1.7 1.1 1.2
v -1.7 1.2 1.2
v -1.7 1.3 1.2
v -1.7 1.9 1.2
v -1.7 2.2 1.2
v -1.7 2.3 1.2
v -1.7 2.4 1.2
v -1.7 2.5 1.2
v -1.7 2.7 1.2
v -1.7 2.8 1.2
v -1.7 3.2 1.2
v -1.7 3.3 1.2
v -1.7 3.4 1.2
v -1.7 3.6 1.2
v -1.7 3.7 1.2
v -1.7 4.1 1.2
v -1.7 4.2 1.2
v -1.7 4.3 1.2
v -1.7 4.4 1.2
v -1.6 0 1.2
v -1.6 0.1 1.2
v -1.6 0.2 1.2
v -1.6 0.4 1.2
v -1.6 0.7 1.2
v -1.6 0.8 1.2
v -1.6 1 1.2
v -1.6 1.1 1.2
v -1.6 2.5 1.2
v -1.6 2.7 1.2
v -1.6 3.2 1.2
v -1.6 3.3 1.2
v -1.6 3.4 1.2
v -1.6 3.5 1.2
v -1.6 3.6 1.2
v -1.6 3.7 1.2
v -1.5 0 1.2
v -1.5 0.1 1.2
v -1.5 0.2 1.2
v -1.5 0.7 1.2
v -1.5 0.8 1.2
v -1.5 1 1.2
v -1.5 1.1 1.2
v -1.5 1.2 1.2
v -1.5 1.5 1.2
v -1.5 1.8 1.2
v -1.5 1.9 1.2
v -1.5 2.3 1.2
v -1.5 2.4 1.2
v -1.5 3.3 1.2
v -1.5 3.4 1.2
v -1.5 3.5 1.2
v -1.5 3.6 1.2
v -1.5 3.7 1.2
v -1.5 4 1.2
v -1.5 4.1 1.2
v -1.5 4.3 1.2
v -1.5 4.4 1.2
v -1.4 0 1.2
v -1.4 0.1 1.2
v -1.4 0.4 1.2
v -1.4 1.2 1.2
v -1.4 1.3 1.2
v -1.4 1.5 1.2
v -1.4 1.8 1.2
v -1.4 1.9 1.2
v -1.4 2.3 1.2
v -1.4 2.4 1.2
v -1.4 2.5 1.2
v -1.4 3.3 1.2
v -1.4 3.4 1.2
v -1.4 3.5 1.2
v -1.4 3.6 1.2
v -1.4 3.7 1.2
v -1.4 4 1.2
v -1.4 4.1 1.2
v -1.4 4.3 1.2
v -1.4 4.4 1.2
v -1.3 0.7 1.2
v -1.3 0.8 1.2
v -1.3 1 1.2
v -1.3 1.1 1.2
v -1.3 1.2 1.2
v -1.3 1.3 1.2
v -1.3 1.5 1.2
v -1.3 1.8 1.2
v -1.3 2.3 1.2
v -1.3 2.5 1.2
v -1.3 2.8 1.2
v -1.3 3.1 1.2
v -1.3 3.2 1.2
v -1.3 3.3 1.2
v -1.3 3.4 1.2
v -1.3 3.5 1.2
v -1.3 3.7 1.2
v -1.2 0.7 1.2
v -1.2 0.8 1.2
v -1.2 1 1.2
v -1.2 1.1 1.2
v -1.2 3.2 1.2
v -1.2 3.3 1.2
v -1.2 3.6 1.2
v -1.2 3.7 1.2
v -1.1 0 1.2
v -1.1 0.2 1.2
v -1.1 0.3 1.2
v -1.1 0.4 1.2
v -1.1 0.7 1.2
v -1.1 0.8 1.2
v -1.1 0.9 1.2
v -1.1 1 1.2
v -1.1 1.1 1.2
v -1.1 1.2 1.2
v -1.1 1.3 1.2
v -1.1 3.1 1.2
v -1.1 3.2 1.2
v -1.1 3.3 1.2
v -1.1 3.4 1.2
v -1.1 4 1.2
v -1.1 4.1 1.2
v -1.1 4.3 1.2
v -1.1 4.4 1.2
v -1 0 1.2
v -1 0.1 1.2
v -1 0.2 1.2
v -1 0.3 1.2
v -1 0.8 1.2
v -1 0.9 1.2
v -1 1 1.2
v -1 1.1 1.2
v -1 1.2 1.2
v -1 1.3 1.2
v -1 1.5 1.2
v -1 1.8 1.2
v -1 1.9 1.2
v -1 2.1 1.2
v -1 2.2 1.2
v -1 2.4 1.2
v -1 2.5 1.2
v -1 2.8 1.2
v -1 3.1 1.2
v -1 3.2 1.2
v -1 3.3 1.2
v -1 3.4 1.2
v -1 3.5 1.2
v -1 4 1.2
v -1 4.1 1.2
v -1 4.3 1.2
v -0.9 0.1 1.2
v -0.9 0.2 1.2
v -0.9 0.3 1.2
v -0.9 0.4 1.2
v -0.9 1.1 1.2
v -0.9 1.2 1.2
v -0.9 1.3 1.2
v -0.9 1.4 1.2
v -0.9 1.5 1.2
v -0.9 1.9 1.2
v -0.9 2.1 1.2
v -0.9 2.2 1.2
v -0.9 2.4 1.2
v -0.9 3.1 1.2
v -0.9 3.2 1.2
v -0.9 3.3 1.2
v -0.9 3.4 1.2
v -0.9 3.5 1.2
v -0.9 3.6 1.2
v -0.9 3.7 1.2
v -0.9 4 1.2
v -0.9 4.1 1.2
v -0.9 4.3 1.2
v -0.8 0.1 1.2
v -0.8 0.2 1.2
v -0.8 0.3 1.2
v -0.8 0.4 1.2
v -0.8 0.7 1.2
v -0.8 0.8 1.2
v -0.8 1 1.2
v -0.8 1.1 1.2
v -0.8 1.2 1.2
v -0.8 1.4 1.2
v -0.8 1.8 1.2
v -0.8 1.9 1.2
v -0.8 2.1 1.2
v -0.8 2.2 1.2
v -0.8 2.4 1.2
v -0.8 2.5 1.2
v -0.8 2.7 1.2
v -0.8 2.8 1.2
v -0.8 3.2 1.2
v -0.8 3.3 1.2
v -0.8 3.4 1.2
v -0.8 3.5 1.2
v -0.8 3.6 1.2
v -0.8 3.7 1.2
v -0.8 4.2 1.2
v -0.8 4.3 1.2
v -0.8 4.4 1.2
v -0.7 0 1.2
v -0.7 0.1 1.2
v -0.7 0.3 1.2
v -0.7 0.4 1.2
v -0.7 0.7 1.2
v -0.7 0.8 1.2
v -0.7 0.9 1.2
v -0.7 1 1.2
v -0.7 1.1 1.2
v -0.7 1.2 1.2
v -0.7 1.5 1.2
v -0.7 1.8 1.2
v -0.7 1.9 1.2
v -0.7 2.1 1.2
v -0.7 2.3 1.2
v -0.7 2.4 1.2
v -0.7 2.5 1.2
v -0.7 2.7 1.2
v -0.7 2.8 1.2
v -0.7 4.1 1.2
v -0.7 4.2 1.2
v -0.7 4.3 1.2
v -0.7 4.4 1.2
v -0.6 0.2 1.2
v -0.6 0.3 1.2
v -0.6 0.7 1.2
v -0.6 0.9 1.2
v -0.6 1.1 1.2
v -0.6 1.2 1.2
v -0.6 1.5 1.2
v -0.6 1.9 1.2
v -0.6 2.1 1.2
v -0.6 2.2 1.2
v -0.6 2.3 1.2
v -0.6 2.4 1.2
v -0.6 2.5 1.2
v -0.6 2.7 1.2
v -0.6 2.8 1.2
v -0.6 3.1 1.2
v -0.6 3.2 1.2
v -0.6 3.4 1.2
v -0.6 3.5 1.2
v -0.6 4 1.2
v -0.6 4.1 1.2
v -0.5 0 1.2
v -0.5 0.1 1.2
v -0.5 0.2 1.2
v -0.5 0.4 1.2
v -0.5 1.8 1.2
v -0.5 1.9 1.2
v -0.5 2.3 1.2
v -0.5 2.4 1.2
v -0.5 2.5 1.2
v -0.5 2.7 1.2
v -0.5 3.1 1.2
v -0.5 3.2 1.2
v -0.5 3.4 1.2
v -0.5 3.5 1.2
v -0.5 3.6 1.2
v -0.5 3.7 1.2
v -0.5 4 1.2
v -0.5 4.1 1.2
v -0.5 4.3 1.2
v -0.5 4.4 1.2
v -0.4 0 1.2
v -0.4 0.1 1.2
v -0.4 0.4 1.2
v -0.4 2.2 1.2
v -0.4 2.3 1.2
v -0.4 2.4 1.2
v -0.4 4 1.2
v -0.4 4.1 1.2
v -0.4 4.3 1.2
v -0.4 4.4 1.2
v -0.3 0.3 1.2
v -0.3 0.4 1.2
v -0.3 0.7 1.2
v -0.3 0.8 1.2
v -0.3 0.9 1.2
v -0.3 1 1.2
v -0.3 1.3 1.2
v -0.3 1.5 1.2
v -0.3 1.9 1.2
v -0.3 2.1 1.2
v -0.3 2.3 1.2
v -0.3 2.4 1.2
v -0.3 2.5 1.2
v -0.3 2.7 1.2
v -0.3 2.8 1.2
v -0.3 4.1 1.2
v -0.3 4.2 1.2
v -0.3 4.3 1.2
v -0.2 0 1.2
v -0.2 0.1 1.2
v -0.2 0.2 1.2
v -0.2 0.7 1.2
v -0.2 0.8 1.2
v -0.2 0.9 1.2
v -0.2 1 1.2
v -0.2 1.1 1.2
v -0.2 1.2 1.2
v -0.2 1.3 1.2
v -0.2 1.5 1.2
v -0.2 1.8 1.2
v -0.2 1.9 1.2
v -0.2 2.1 1.2
v -0.2 2.2 1.2
v -0.2 2.3 1.2
v -0.2 2.4 1.2
v -0.2 2.5 1.2
v -0.2 2.7 1.2
v -0.2 2.8 1.2
v -0.2 3.1 1.2
v -0.2 3.2 1.2
v -0.2 3.3 1.2
v -0.2 3.5 1.2
v -0.2 3.6 1.2
v -0.2 3.7 1.2
v -0.2 4 1.2
v -0.2 4.1 1.2
v -0.2 4.2 1.2
v -0.2 4.3 1.2
v -0.2 4.4 1.2
v -0.0999999 0 1.2
v -0.0999999 0.1 1.2
v -0.0999999 0.2 1.2
v -0.0999999 0.7 1.2
v -0.0999999 0.9 1.2
v -0.0999999 1 1.2
v -0.0999999 1.1 1.2
v -0.0999999 1.2 1.2
v -0.0999999 1.3 1.2
v -0.0999999 1.5 1.2
v -0.0999999 3.3 1.2
v -0.0999999 3.5 1.2
v 0 0.7 1.2
v 0 0.9 1.2
v 0 1 1.2
v 0 1.8 1.2
v 0 1.9 1.2
v 0 2.1 1.2
v 0 2.2 1.2
v 0 2.4 1.2
v 0 2.5 1.2
v 0 2.6 1.2
v 0 2.8 1.2
v 0 3.1 1.2
v 0 3.2 1.2
v 0 3.3 1.2
v 0 3.4 1.2
v 0 3.6 1.2
v 0 4 1.2
v 0 4.1 1.2
v 0 4.2 1.2
v 0 4.3 1.2
v 0.0999999 0 1.2
v 0.0999999 0.1 1.2
v 0.0999999 0.3 1.2
v 0.0999999 0.4 1.2
v 0.0999999 0.7 1.2
v 0.0999999 1 1.2
v 0.0999999 1.1 1.2
v 0.0999999 1.2 1.2
v 0.0999999 1.3 1.2
v 0.0999999 1.5 1.2
v 0.0999999 1.8 1.2
v 0.0999999 1.9 1.2
v 0.0999999 2.1 1.2
v 0.0999999 2.4 1.2
v 0.0999999 2.6 1.2
v 0.0999999 2.8 1.2
v 0.0999999 3.1 1.2
v 0.0999999 3.2 1.2
v 0.0999999 3.3 1.2
v 0.0999999 3.4 1.2
v 0.0999999 3.6 1.2
v 0.0999999 3.7 1.2
v 0.0999999 4 1.2
v 0.0999999 4.2 1.2
v 0.0999999 4.4 1.2
v -4.2 0 1.1
v -4.2 0.1 1.1
v -4.2 0.3 1.1
v -4.2 0.4 1.1
v -4.2 0.7 1.1
v -4.2 0.8 1.1
v -4.2 1 1.1
v -4.2 1.1 1.1
v -4.2 1.2 1.1
v -4.2 1.3 1.1
v -4.2 1.5 1.1
v -4.2 1.8 1.1
v -4.2 1.9 1.1
v -4.2 2.1 1.1
v -4.2 2.4 1.1
v -4.2 2.5 1.1
v -4.2 2.7 1.1
v -4.2 2.8 1.1
v -4.2 3.1 1.1
v -4.2 3.2 1.1
v -4.2 3.4 1.1
v -4.2 3.5 1.1
v -4.2 3.6 1.1
v -4.2 3.7 1.1
v -4.2 4 1.1
v -4.2 4.1 1.1
v -4.2 4.4 1.1
v -4.1 0 1.1
v -4.1 0.1 1.1
v -4.1 0.3 1.1
v -4.1 0.4 1.1
v -4.1 0.5 1.1
v -4.1 0.6 1.1
v -4.1 0.7 1.1
v -4.1 0.8 1.1
v -4.1 1 1.1
v -4.1 1.1 1.1
v -4.1 1.2 1.1
v -4.1 1.3 1.1
v -4.1 1.5 1.1
v -4.1 1.6 1.1
v -4.1 1.7 1.1
v -4.1 1.8 1.1
v -4.1 1.9 1.1
v -4.1 2.1 1.1
v -4.1 2.4 1.1
v -4.1 2.5 1.1
v -4.1 2.6 1.1
v -4.1 2.7 1.1
v -4.1 2.8 1.1
v -4.1 2.9 1.1
v -4.1 3 1.1
v -4.1 3.1 1.1
v -4.1 3.2 1.1
v -4.1 3.3 1.1
v -4.1 3.4 1.1
v -4.1 3.5 1.1
v -4.1 3.6 1.1
v -4.1 3.7 1.1
v -4.1 3.8 1.1
v -4.1 3.9 1.1
v -4.1 4 1.1
v -4.1 4.1 1.1
v -4.1 4.2 1.1
v -4.1 4.4 1.1
v -4 0.6 1.1
v -4 0.7 1.1
v -4 1.5 1.1
v -4 1.6 1.1
v -4 1.8 1.1
v -4 3.1 1.1
v -4 3.7 1.1
v -4 3.9 1.1
v -4 4 1.1
v -3.9 0.7 1.1
v -3.9 1.8 1.1
v -3.9 2.8 1.1
v -3.9 3 1.1
v -3.9 3.1 1.1
v -3.9 3.7 1.1
v -3.9 3.8 1.1
v -3.9 3.9 1.1
v -3.9 4 1.1
v -3.8 0.4 1.1
v -3.8 0.5 1.1
v -3.8 0.6 1.1
v -3.8 0.7 1.1
v -3.8 1.5 1.1
v -3.8 1.6 1.1
v -3.8 1.7 1.1
v -3.8 1.8 1.1
v -3.8 3 1.1
v -3.8 3.1 1.1
v -3.8 3.7 1.1
v -3.8 3.8 1.1
v -3.8 4 1.1
v -3.7 0 1.1
v -3.7 0.1 1.1
v -3.7 0.2 1.1
v -3.7 0.3 1.1
v -3.7 0.4 1.1
v -3.7 0.5 1.1
v -3.7 0.7 1.1
v -3.7 0.8 1.1
v -3.7 1 1.1
v -3.7 1.3 1.1
v -3.7 1.4 1.1
v -3.7 1.5 1.1
v -3.7 1.7 1.1
v -3.7 1.8 1.1
v -3.7 2.8 1.1
v -3.7 2.9 1.1
v -3.7 3.1 1.1
v -3.7 3.9 1.1
v -3.7 4 1.1
v -3.7 4.1 1.1
v -3.7 4.2 1.1
v -3.7 4.4 1.1
v -3.6 0 1.1
v -3.6 0.1 1.1
v -3.6 0.3 1.1
v -3.6 0.4 1.1
v -3.6 0.6 1.1
v -3.6 0.7 1.1
v -3.6 0.8 1.1
v -3.6 0.9 1.1
v -3.6 1 1.1
v -3.6 1.1 1.1
v -3.6 1.3 1.1
v -3.6 1.4 1.1
v -3.6 1.5 1.1
v -3.6 1.6 1.1
v -3.6 2.8 1.1
v -3.6 4 1.1
v -3.6 4.1 1.1
v -3.6 4.2 1.1
v -3.6 4.4 1.1
v -3.5 0.4 1.1
v -3.5 0.5 1.1
v -3.5 0.7 1.1
v -3.5 1.8 1.1
v -3.5 2.8 1.1
v -3.5 3.7 1.1
v -3.5 3.8 1.1
v -3.5 3.9 1.1
v -3.5 4 1.1
v -3.4 0.4 1.1
v -3.4 0.5 1.1
v -3.4 0.6 1.1
v -3.4 0.7 1.1
v -3.4 1.5 1.1
v -3.4 1.6 1.1
v -3.4 1.7 1.1
v -3.4 1.8 1.1
v -3.4 1.9 1.1
v -3.4 2.1 1.1
v -3.4 2.2 1.1
v -3.4 2.4 1.1
v -3.4 2.5 1.1
v -3.4 2.7 1.1
v -3.4 2.8 1.1
v -3.4 2.9 1.1
v -3.4 3.1 1.1
v -3.4 3.7 1.1
v -3.4 4 1.1
v -3.3 0.4 1.1
v -3.3 0.6 1.1
v -3.3 0.7 1.1
v -3.3 1.5 1.1
v -3.3 1.6 1.1
v -3.3 1.8 1.1
v -3.3 2.1 1.1
v -3.3 2.2 1.1
v -3.3 2.4 1.1
v -3.3 2.7 1.1
v -3.3 2.8 1.1
v -3.3 3 1.1
v -3.3 3.1 1.1
v -3.3 3.7 1.1
v -3.3 3.8 1.1
v -3.3 4 1.1
v -3.2 0.4 1.1
v -3.2 0.5 1.1
v -3.2 0.6 1.1
v -3.2 0.7 1.1
v -3.2 1.8 1.1
v -3.2 2.1 1.1
v -3.2 2.3 1.1
v -3.2 2.4 1.1
v -3.2 2.8 1.1
v -3.2 3.7 1.1
v -3.2 3.9 1.1
v -3.2 4 1.1
v -3.1 0.4 1.1
v -3.1 0.5 1.1
v -3.1 0.6 1.1
v -3.1 0.7 1.1
v -3.1 1.5 1.1
v -3.1 1.7 1.1
v -3.1 1.8 1.1
v -3.1 1.9 1.1
v -3.1 2.1 1.1
v -3.1 2.2 1.1
v -3.1 2.3 1.1
v -3.1 2.4 1.1
v -3.1 2.5 1.1
v -3.1 2.7 1.1
v -3.1 2.8 1.1
v -3.1 2.9 1.1
v -3.1 3.1 1.1
v -3.1 3.7 1.1
v -3.1 3.9 1.1
v -3.1 4 1.1
v -3 0.4 1.1
v -3 0.5 1.1
v -3 0.6 1.1
v -3 0.7 1.1
v -3 1.5 1.1
v -3 1.6 1.1
v -3 1.7 1.1
v -3 1.8 1.1
v -3 3 1.1
v -3 3.1 1.1
v -3 3.2 1.1
v -3 3.3 1.1
v -3 3.5 1.1
v -3 3.6 1.1
v -3 3.7 1.1
v -3 3.8 1.1
v -3 3.9 1.1
v -3 4 1.1
v -2.9 0.4 1.1
v -2.9 0.5 1.1
v -2.9 0.7 1.1
v -2.9 1.5 1.1
v -2.9 1.6 1.1
v -2.9 1.8 1.1
v -2.9 2.8 1.1
v -2.9 2.9 1.1
v -2.9 3.1 1.1
v -2.9 3.2 1.1
v -2.9 3.3 1.1
v -2.9 3.5 1.1
v -2.9 3.6 1.1
v -2.9 3.7 1.1
v -2.9 3.9 1.1
v -2.9 4 1.1
v -2.8 0.4 1.1
v -2.8 0.5 1.1
v -2.8 0.6 1.1
v -2.8 0.7 1.1
v -2.8 1.5 1.1
v -2.8 1.7 1.1
v -2.8 1.8 1.1
v -2.8 2.8 1.1
v -2.8 2.9 1.1
v -2.8 3 1.1
v -2.8 3.1 1.1
v -2.8 3.7 1.1
v -2.8 3.8 1.1
v -2.8 3.9 1.1
v -2.8 4 1.1
v -2.7 0 1.1
v -2.7 0.2 1.1
v -2.7 0.4 1.1
v -2.7 0.7 1.1
v -2.7 2.8 1.1
v -2.7 2.9 1.1
v -2.7 3 1.1
v -2.7 3.1 1.1
v -2.7 3.7 1.1
v -2.7 4 1.1
v -2.7 4.3 1.1
v -2.6 0 1.1
v -2.6 0.1 1.1
v -2.6 0.2 1.1
v -2.6 0.4 1.1
v -2.6 0.5 1.1
v -2.6 0.6 1.1
v -2.6 0.7 1.1
v -2.6 1.5 1.1
v -2.6 1.6 1.1
v -2.6 1.7 1.1
v -2.6 1.8 1.1
v -2.6 2.8 1.1
v -2.6 2.9 1.1
v -2.6 3 1.1
v -2.6 3.1 1.1
v -2.6 3.7 1.1
v -2.6 3.8 1.1
v -2.6 3.9 1.1
v -2.6 4 1.1
v -2.6 4.1 1.1
v -2.6 4.3 1.1
v -2.5 0.4 1.1
v -2.5 0.5 1.1
v -2.5 0.6 1.1
v -2.5 0.7 1.1
v -2.5 1.5 1.1
v -2.5 1.6 1.1
v -2.5 1.7 1.1
v -2.5 1.8 1.1
v -2.5 2.8 1.1
v -2.5 3.7 1.1
v -2.4 0.4 1.1
v -2.4 0.5 1.1
v -2.4 0.6 1.1
v -2.4 0.7 1.1
v -2.4 0.8 1.1
v -2.4 0.9 1.1
v -2.4 1 1.1
v -2.4 1.1 1.1
v -2.4 1.2 1.1
v -2.4 1.3 1.1
v -2.4 1.5 1.1
v -2.4 1.6 1.1
v -2.4 1.7 1.1
v -2.4 1.8 1.1
v -2.4 2.8 1.1
v -2.4 3.7 1.1
v -2.4 3.8 1.1
v -2.4 4 1.1
v -2.3 0.4 1.1
v -2.3 0.5 1.1
v -2.3 0.7 1.1
v -2.3 0.8 1.1
v -2.3 0.9 1.1
v -2.3 1 1.1
v -2.3 1.2 1.1
v -2.3 1.3 1.1
v -2.3 1.5 1.1
v -2.3 2.8 1.1
v -2.3 2.9 1.1
v -2.3 3.7 1.1
v -2.3 3.8 1.1
v -2.3 3.9 1.1
v -2.3 4 1.1
v -2.2 0.7 1.1
v -2.2 1.1 1.1
v -2.2 1.3 1.1
v -2.2 1.5 1.1
v -2.2 1.8 1.1
v -2.2 2.8 1.1
v -2.2 2.9 1.1
v -2.2 3 1.1
v -2.2 3.1 1.1
v -2.2 3.7 1.1
v -2.2 3.8 1.1
v -2.2 4 1.1
v -2.1 0.4 1.1
v -2.1 0.5 1.1
v -2.1 0.6 1.1
v -2.1 0.7 1.1
v -2.1 0.8 1.1
v -2.1 0.9 1.1
v -2.1 1.1 1.1
v -2.1 1.2 1.1
v -2.1 1.3 1.1
v -2.1 1.4 1.1
v -2.1 1.5 1.1
v -2.1 1.6 1.1
v -2.1 1.7 1.1
v -2.1 1.8 1.1
v -2.1 3.1 1.1
v -2.1 3.9 1.1
v -2.1 4 1.1
v -2 0.4 1.1
v -2 0.5 1.1
v -2 0.6 1.1
v -2 0.7 1.1
v -2 1.5 1.1
v -2 1.8 1.1
v -2 3 1.1
v -2 3.1 1.1
v -2 3.7 1.1
v -2 3.8 1.1
v -2 4 1.1
v -1.9 0.4 1.1
v -1.9 0.5 1.1
v -1.9 0.7 1.1
v -1.9 1.5 1.1
v -1.9 1.6 1.1
v -1.9 1.7 1.1
v -1.9 1.8 1.1
v -1.9 2.8 1.1
v -1.9 2.9 1.1
v -1.9 3.1 1.1
v -1.9 3.2 1.1
v -1.9 3.4 1.1
v -1.9 3.5 1.1
v -1.9 3.7 1.1
v -1.9 3.9 1.1
v -1.9 4 1.1
v -1.8 0.4 1.1
v -1.8 0.5 1.1
v -1.8 0.6 1.1
v -1.8 0.7 1.1
v -1.8 2.8 1.1
v -1.8 2.9 1.1
v -1.8 3 1.1
v -1.8 3.1 1.1
v -1.8 3.2 1.1
v -1.8 3.3 1.1
v -1.8 3.4 1.1
v -1.8 3.5 1.1
v -1.8 3.6 1.1
v -1.8 3.7 1.1
v -1.8 3.8 1.1
v -1.8 3.9 1.1
v -1.8 4 1.1
v -1.7 0.4 1.1
v -1.7 0.6 1.1
v -1.7 0.7 1.1
v -1.7 1.5 1.1
v -1.7 1.6 1.1
v -1.7 2.8 1.1
v -1.7 2.9 1.1
v -1.7 3 1.1
v -1.7 3.1 1.1
v -1.7 3.7 1.1
v -1.7 3.8 1.1
v -1.7 3.9 1.1
v -1.7 4 1.1
v -1.6 0.4 1.1
v -1.6 0.5 1.1
v -1.6 0.7 1.1
v -1.6 1.7 1.1
v -1.6 1.8 1.1
v -1.6 3 1.1
v -1.6 3.1 1.1
v -1.6 3.7 1.1
v -1.6 3.8 1.1
v -1.6 3.9 1.1
v -1.6 4 1.1
v -1.5 0.6 1.1
v -1.5 0.7 1.1
v -1.5 1.5 1.1
v -1.5 1.7 1.1
v -1.5 1.8 1.1
v -1.5 3.7 1.1
v -1.5 3.8 1.1
v -1.5 4 1.1
v -1.4 0 1.1
v -1.4 0.1 1.1
v -1.4 0.2 1.1
v -1.4 0.3 1.1
v -1.4 0.4 1.1
v -1.4 0.5 1.1
v -1.4 0.6 1.1
v -1.4 0.7 1.1
v -1.4 1.5 1.1
v -1.4 1.6 1.1
v -1.4 1.8 1.1
v -1.4 2.8 1.1
v -1.4 2.9 1.1
v -1.4 3 1.1
v -1.4 3.1 1.1
v -1.4 3.7 1.1
v -1.4 3.8 1.1
v -1.4 3.9 1.1
v -1.4 4 1.1
v -1.4 4.1 1.1
v -1.4 4.3 1.1
v -1.3 0 1.1
v -1.3 0.2 1.1
v -1.3 0.3 1.1
v -1.3 0.4 1.1
v -1.3 0.7 1.1
v -1.3 1.5 1.1
v -1.3 1.6 1.1
v -1.3 1.7 1.1
v -1.3 1.8 1.1
v -1.3 1.9 1.1
v -1.3 2.1 1.1
v -1.3 2.3 1.1
v -1.3 2.4 1.1
v -1.3 2.5 1.1
v -1.3 2.7 1.1
v -1.3 2.8 1.1
v -1.3 2.9 1.1
v -1.3 3 1.1
v -1.3 3.1 1.1
v -1.3 3.7 1.1
v -1.3 4 1.1
v -1.3 4.1 1.1
v -1.3 4.3 1.1
v -1.2 0 1.1
v -1.2 0.1 1.1
v -1.2 0.4 1.1
v -1.2 0.6 1.1
v -1.2 0.7 1.1
v -1.2 1.8 1.1
v -1.2 1.9 1.1
v -1.2 2.1 1.1
v -1.2 2.3 1.1
v -1.2 2.4 1.1
v -1.2 2.7 1.1
v -1.2 2.8 1.1
v -1.2 3.7 1.1
v -1.2 3.8 1.1
v -1.2 4 1.1
v -1.2 4.2 1.1
v -1.2 4.3 1.1
v -1.1 0 1.1
v -1.1 0.1 1.1
v -1.1 0.2 1.1
v -1.1 0.3 1.1
v -1.1 0.4 1.1
v -1.1 0.5 1.1
v -1.1 0.6 1.1
v -1.1 0.7 1.1
v -1.1 1.5 1.1
v -1.1 1.6 1.1
v -1.1 1.8 1.1
v -1.1 2.1 1.1
v -1.1 2.2 1.1
v -1.1 2.4 1.1
v -1.1 2.5 1.1
v -1.1 2.7 1.1
v -1.1 2.8 1.1
v -1.1 3 1.1
v -1.1 3.1 1.1
v -1.1 3.7 1.1
v -1.1 3.8 1.1
v -1.1 3.9 1.1
v -1.1 4 1.1
v -1.1 4.1 1.1
v -1.1 4.2 1.1
v -1.1 4.3 1.1
v -1 0.6 1.1
v -1 0.7 1.1
v -1 1.5 1.1
v -1 1.7 1.1
v -1 1.8 1.1
v -1 1.9 1.1
v -1 2.1 1.1
v -1 2.2 1.1
v -1 2.4 1.1
v -1 2.5 1.1
v -1 2.7 1.1
v -1 2.8 1.1
v -1 2.9 1.1
v -1 3.1 1.1
v -1 3.9 1.1
v -1 4 1.1
v -0.9 0.4 1.1
v -0.9 0.5 1.1
v -0.9 1.5 1.1
v -0.9 3 1.1
v -0.9 3.1 1.1
v -0.9 3.7 1.1
v -0.9 3.8 1.1
v -0.9 4 1.1
v -0.8 0.4 1.1
v -0.8 0.5 1.1
v -0.8 0.6 1.1
v -0.8 0.7 1.1
v -0.8 1.5 1.1
v -0.8 1.6 1.1
v -0.8 1.7 1.1
v -0.8 1.8 1.1
v -0.8 2.8 1.1
v -0.8 3.7 1.1
v -0.8 3.8 1.1
v -0.8 3.9 1.1
v -0.8 4 1.1
v -0.7 0.4 1.1
v -0.7 0.5 1.1
v -0.7 0.6 1.1
v -0.7 0.7 1.1
v -0.7 1.5 1.1
v -0.7 1.7 1.1
v -0.7 1.8 1.1
v -0.7 2.8 1.1
v -0.7 2.9 1.1
v -0.7 3 1.1
v -0.7 3.1 1.1
v -0.6 0.4 1.1
v -0.6 0.5 1.1
v -0.6 0.6 1.1
v -0.6 0.7 1.1
v -0.6 0.8 1.1
v -0.6 0.9 1.1
v -0.6 1 1.1
v -0.6 1.1 1.1
v -0.6 1.2 1.1
v -0.6 1.3 1.1
v -0.6 1.4 1.1
v -0.6 1.5 1.1
v -0.6 1.6 1.1
v -0.6 2.8 1.1
v -0.6 3 1.1
v -0.6 3.1 1.1
v -0.6 3.9 1.1
v -0.6 4 1.1
v -0.5 0.4 1.1
v -0.5 0.7 1.1
v -0.5 0.8 1.1
v -0.5 1 1.1
v -0.5 1.3 1.1
v -0.5 1.4 1.1
v -0.5 1.5 1.1
v -0.5 1.8 1.1
v -0.5 3 1.1
v -0.5 3.1 1.1
v -0.5 3.2 1.1
v -0.5 3.4 1.1
v -0.5 3.5 1.1
v -0.5 3.6 1.1
v -0.5 3.7 1.1
v -0.5 3.8 1.1
v -0.5 3.9 1.1
v -0.5 4 1.1
v -0.4 0.4 1.1
v -0.4 0.7 1.1
v -0.4 0.9 1.1
v -0.4 1 1.1
v -0.4 1.2 1.1
v -0.4 1.3 1.1
v -0.4 1.4 1.1
v -0.4 1.5 1.1
v -0.4 3.1 1.1
v -0.4 3.2 1.1
v -0.4 3.4 1.1
v -0.4 3.5 1.1
v -0.4 3.6 1.1
v -0.4 3.7 1.1
v -0.4 3.9 1.1
v -0.4 4 1.1
v -0.3 0.4 1.1
v -0.3 0.5 1.1
v -0.3 0.6 1.1
v -0.3 0.7 1.1
v -0.3 0.8 1.1
v -0.3 0.9 1.1
v -0.3 1 1.1
v -0.3 1.2 1.1
v -0.3 1.3 1.1
v -0.3 1.4 1.1
v -0.3 1.5 1.1
v -0.3 1.6 1.1
v -0.3 2.8 1.1
v -0.3 3.1 1.1
v -0.3 3.2 1.1
v -0.3 3.3 1.1
v -0.3 3.5 1.1
v -0.3 3.6 1.1
v -0.3 3.7 1.1
v -0.2 0.4 1.1
v -0.2 0.5 1.1
v -0.2 0.7 1.1
v -0.2 1.5 1.1
v -0.2 1.6 1.1
v -0.2 1.7 1.1
v -0.2 1.8 1.1
v -0.2 2.8 1.1
v -0.2 2.9 1.1
v -0.2 3 1.1
v -0.2 3.1 1.1
v -0.2 3.2 1.1
v -0.2 3.3 1.1
v -0.2 3.5 1.1
v -0.2 3.6 1.1
v -0.2 3.7 1.1
v -0.2 3.8 1.1
v -0.2 4 1.1
v -0.0999999 0.7 1.1
v -0.0999999 1.5 1.1
v -0.0999999 3.9 1.1
v -0.0999999 4 1.1
v 0 0.7 1.1
v 0 1.7 1.1
v 0 1.8 1.1
v 0 2.8 1.1
v 0 2.9 1.1
v 0 3.1 1.1
v 0 3.7 1.1
v 0 3.8 1.1
v 0 3.9 1.1
v 0 4 1.1
v 0.0999999 0 1.1
v 0.0999999 0.1 1.1
v 0.0999999 0.3 1.1
v 0.0999999 0.4 1.1
v 0.0999999 0.5 1.1
v 0.0999999 0.6 1.1
v 0.0999999 0.7 1.1
v 0.0999999 0.8 1.1
v 0.0999999 1 1.1
v 0.0999999 1.1 1.1
v 0.0999999 1.2 1.1
v 0.0999999 1.3 1.1
v 0.0999999 1.5 1.1
v 0.0999999 1.6 1.1
v 0.0999999 1.7 1.1
v 0.0999999 1.8 1.1
v 0.0999999 1.9 1.1
v 0.0999999 2.1 1.1
v 0.0999999 2.4 1.1
v 0.0999999 2.5 1.1
v 0.0999999 2.6 1.1
v 0.0999999 2.7 1.1
v 0.0999999 2.8 1.1
v 0.0999999 2.9 1.1
v 0.0999999 3 1.1
v 0.0999999 3.1 1.1
v 0.0999999 3.2 1.1
v 0.0999999 3.3 1.1
v 0.0999999 3.4 1.1
v 0.0999999 3.5 1.1
v 0.0999999 3.6 1.1
v 0.0999999 3.7 1.1
v 0.0999999 3.8 1.1
v 0.0999999 3.9 1.1
v 0.0999999 4 1.1
v 0.0999999 4.1 1.1
v 0.0999999 4.2 1.1
v 0.0999999 4.4 1.1
v 0.2 0 1.1
v 0.2 0.1 1.1
v 0.2 0.3 1.1
v 0.2 0.4 1.1
v 0.2 0.7 1.1
v 0.2 0.8 1.1
v 0.2 1 1.1
v 0.2 1.1 1.1
v 0.2 1.2 1.1
v 0.2 1.3 1.1
v 0.2 1.5 1.1
v 0.2 1.8 1.1
v 0.2 1.9 1.1
v 0.2 2.1 1.1
v 0.2 2.4 1.1
v 0.2 2.5 1.1
v 0.2 2.7 1.1
v 0.2 2.8 1.1
v 0.2 3.1 1.1
v 0.2 3.2 1.1
v 0.2 3.4 1.1
v 0.2 3.5 1.1
v 0.2 3.6 1.1
v 0.2 3.7 1.1
v 0.2 4 1.1
v 0.2 4.1 1.1
v 0.2 4.4 1.1
v -4 0.5 1
v -4 0.6 1
v -4 1.6 1
v -4 1.7 1
v -4 2.9 1
v -4 3 1
v -4 3.8 1
v -4 3.9 1
v -3.9 3 1
v -3.9 3.8 1
v -3.9 3.9 1
v -3.8 0.5 1
v -3.8 0.6 1
v -3.8 0.7 1
v -3.8 1.5 1
v -3.8 1.6 1
v -3.8 1.7 1
v -3.8 3 1
v -3.8 3.8 1
v -3.7 0.4 1
v -3.7 0.5 1
v -3.7 0.7 1
v -3.7 0.8 1
v -3.7 1 1
v -3.7 1.3 1
v -3.7 1.4 1
v -3.7 1.5 1
v -3.7 1.7 1
v -3.7 2.9 1
v -3.7 3.9 1
v -3.7 4 1
v -3.6 0.2 1
v -3.6 0.3 1
v -3.6 0.4 1
v -3.6 0.6 1
v -3.6 0.7 1
v -3.6 1.5 1
v -3.6 1.6 1
v -3.6 4 1
v -3.6 4.1 1
v -3.6 4.2 1
v -3.5 0.2 1
v -3.5 0.5 1
v -3.5 3.8 1
v -3.5 3.9 1
v -3.5 4 1
v -3.5 4.2 1
v -3.4 0.5 1
v -3.4 0.6 1
v -3.4 1.6 1
v -3.4 1.7 1
v -3.4 1.8 1
v -3.4 2.8 1
v -3.4 2.9 1
v -3.3 0.6 1
v -3.3 1.6 1
v -3.3 1.8 1
v -3.3 2.1 1
v -3.3 2.2 1
v -3.3 2.4 1
v -3.3 2.7 1
v -3.3 2.8 1
v -3.3 3 1
v -3.3 3.8 1
v -3.2 0.5 1
v -3.2 0.6 1
v -3.2 1.8 1
v -3.2 2.1 1
v -3.2 2.3 1
v -3.2 2.4 1
v -3.2 2.8 1
v -3.2 3.9 1
v -3.1 0.5 1
v -3.1 0.6 1
v -3.1 1.7 1
v -3.1 1.8 1
v -3.1 2.8 1
v -3.1 2.9 1
v -3.1 3.9 1
v -3 0.5 1
v -3 0.6 1
v -3 1.6 1
v -3 1.7 1
v -3 3 1
v -3 3.1 1
v -3 3.7 1
v -3 3.8 1
v -3 3.9 1
v -2.9 0.5 1
v -2.9 1.6 1
v -2.9 2.9 1
v -2.9 3.1 1
v -2.9 3.2 1
v -2.9 3.3 1
v -2.9 3.5 1
v -2.9 3.6 1
v -2.9 3.7 1
v -2.9 3.9 1
v -2.8 0.2 1
v -2.8 0.4 1
v -2.8 0.5 1
v -2.8 0.6 1
v -2.8 1.7 1
v -2.8 2.9 1
v -2.8 3 1
v -2.8 3.1 1
v -2.8 3.8 1
v -2.8 3.9 1
v -2.8 4 1
v -2.8 4.2 1
v -2.7 0.2 1
v -2.7 0.4 1
v -2.7 2.9 1
v -2.7 3 1
v -2.7 4 1
v -2.7 4.2 1
v -2.6 0.4 1
v -2.6 0.5 1
v -2.6 0.6 1
v -2.6 1.6 1
v -2.6 1.7 1
v -2.6 2.9 1
v -2.6 3 1
v -2.6 3.8 1
v -2.6 3.9 1
v -2.6 4 1
v -2.5 0.5 1
v -2.5 0.6 1
v -2.5 1.6 1
v -2.5 1.7 1
v -2.4 0.5 1
v -2.4 0.6 1
v -2.4 0.7 1
v -2.4 1.5 1
v -2.4 1.6 1
v -2.4 1.7 1
v -2.4 3.8 1
v -2.3 0.5 1
v -2.3 0.7 1
v -2.3 0.8 1
v -2.3 0.9 1
v -2.3 1 1
v -2.3 1.2 1
v -2.3 1.3 1
v -2.3 1.5 1
v -2.3 2.9 1
v -2.3 3.8 1
v -2.3 3.9 1
v -2.2 0.7 1
v -2.2 1.1 1
v -2.2 1.3 1
v -2.2 1.5 1
v -2.2 2.9 1
v -2.2 3 1
v -2.2 3.8 1
v -2.1 0.5 1
v -2.1 0.6 1
v -2.1 0.7 1
v -2.1 1.5 1
v -2.1 1.6 1
v -2.1 1.7 1
v -2.1 3.9 1
v -2 0.5 1
v -2 0.6 1
v -2 3 1
v -2 3.1 1
v -2 3.7 1
v -2 3.8 1
v -1.9 0.5 1
v -1.9 1.6 1
v -1.9 1.7 1
v -1.9 2.9 1
v -1.9 3.1 1
v -1.9 3.2 1
v -1.9 3.4 1
v -1.9 3.5 1
v -1.9 3.7 1
v -1.9 3.9 1
v -1.8 0.5 1
v -1.8 0.6 1
v -1.8 2.9 1
v -1.8 3 1
v -1.8 3.1 1
v -1.8 3.7 1
v -1.8 3.8 1
v -1.8 3.9 1
v -1.7 0.6 1
v -1.7 1.6 1
v -1.7 2.9 1
v -1.7 3 1
v -1.7 3.8 1
v -1.7 3.9 1
v -1.6 0.5 1
v -1.6 1.7 1
v -1.6 3 1
v -1.6 3.8 1
v -1.6 3.9 1
v -1.5 0.6 1
v -1.5 1.7 1
v -1.5 3.8 1
v -1.4 0.4 1
v -1.4 0.5 1
v -1.4 0.6 1
v -1.4 1.6 1
v -1.4 2.9 1
v -1.4 3 1
v -1.4 3.8 1
v -1.4 3.9 1
v -1.4 4 1
v -1.3 0.2 1
v -1.3 0.3 1
v -1.3 0.4 1
v -1.3 1.6 1
v -1.3 1.7 1
v -1.3 1.8 1
v -1.3 2.8 1
v -1.3 2.9 1
v -1.3 3 1
v -1.3 4 1
v -1.3 4.1 1
v -1.3 4.2 1
v -1.2 0.2 1
v -1.2 0.4 1
v -1.2 0.6 1
v -1.2 1.8 1
v -1.2 1.9 1
v -1.2 2.1 1
v -1.2 2.3 1
v -1.2 2.4 1
v -1.2 2.7 1
v -1.2 2.8 1
v -1.2 3.8 1
v -1.2 4 1
v -1.2 4.2 1
v -1.1 0.4 1
v -1.1 0.5 1
v -1.1 0.6 1
v -1.1 1.6 1
v -1.1 1.8 1
v -1.1 2.1 1
v -1.1 2.2 1
v -1.1 2.4 1
v -1.1 2.5 1
v -1.1 2.7 1
v -1.1 2.8 1
v -1.1 3 1
v -1.1 3.8 1
v -1.1 3.9 1
v -1.1 4 1
v -1 0.6 1
v -1 1.7 1
v -1 1.8 1
v -1 2.8 1
v -1 2.9 1
v -1 3.9 1
v -0.9 0.5 1
v -0.9 3 1
v -0.9 3.8 1
v -0.8 0.5 1
v -0.8 0.6 1
v -0.8 1.6 1
v -0.8 1.7 1
v -0.8 3.8 1
v -0.8 3.9 1
v -0.7 0.5 1
v -0.7 0.6 1
v -0.7 1.7 1
v -0.7 2.9 1
v -0.7 3 1
v -0.6 0.5 1
v -0.6 0.6 1
v -0.6 0.7 1
v -0.6 1.5 1
v -0.6 1.6 1
v -0.6 3 1
v -0.6 3.9 1
v -0.5 0.7 1
v -0.5 0.8 1
v -0.5 1 1
v -0.5 1.3 1
v -0.5 1.4 1
v -0.5 1.5 1
v -0.5 3 1
v -0.5 3.1 1
v -0.5 3.7 1
v -0.5 3.8 1
v -0.5 3.9 1
v -0.4 0.7 1
v -0.4 0.9 1
v -0.4 1 1
v -0.4 1.2 1
v -0.4 1.3 1
v -0.4 1.4 1
v -0.4 1.5 1
v -0.4 3.1 1
v -0.4 3.2 1
v -0.4 3.4 1
v -0.4 3.5 1
v -0.4 3.6 1
v -0.4 3.7 1
v -0.4 3.9 1
v -0.3 0.5 1
v -0.3 0.6 1
v -0.3 0.7 1
v -0.3 1.5 1
v -0.3 1.6 1
v -0.3 3.1 1
v -0.3 3.2 1
v -0.3 3.3 1
v -0.3 3.5 1
v -0.3 3.6 1
v -0.3 3.7 1
v -0.2 0.5 1
v -0.2 1.6 1
v -0.2 1.7 1
v -0.2 2.9 1
v -0.2 3 1
v -0.2 3.1 1
v -0.2 3.7 1
v -0.2 3.8 1
v -0.0999999 3.9 1
v 0 0.5 1
v 0 0.6 1
v 0 1.6 1
v 0 1.7 1
v 0 2.9 1
v 0 3 1
v 0 3.8 1
v 0 3.9 1
v -4.1 0.7 0.7
v -4.1 0.8 0.7
v -4.1 1 0.7
v -4.1 1.3 0.7
v -4.1 1.4 0.7
v -4.1 1.5 0.7
v -4 0.7 0.7
v -4 0.8 0.7
v -4 1 0.7
v -4 1.3 0.7
v -4 1.4 0.7
v -4 1.5 0.7
v 0 0.7 0.7
v 0 0.8 0.7
v 0 1 0.7
v 0 1.3 0.7
v 0 1.4 0.7
v 0 1.5 0.7
v 0.0999999 0.7 0.7
v 0.0999999 0.8 0.7
v 0.0999999 1 0.7
v 0.0999999 1.3 0.7
v 0.0999999 1.4 0.7
v 0.0999999 1.5 0.7
v -4.2 0.7 0.6
v -4.2 0.8 0.6
v -4.2 0.9 0.6
v -4.2 1 0.6
v -4.2 1.1 0.6
v -4.2 1.4 0.6
v -4.2 1.5 0.6
v -4.1 0.6 0.6
v -4.1 0.7 0.6
v -4.1 0.8 0.6
v -4.1 0.9 0.6
v -4.1 1 0.6
v -4.1 1.1 0.6
v -4.1 1.3 0.6
v -4.1 1.4 0.6
v -4.1 1.5 0.6
v -4.1 1.6 0.6
v -4 0.6 0.6
v -4 0.7 0.6
v -4 1.5 0.6
v -4 1.6 0.6
v 0 0.6 0.6
v 0 0.7 0.6
v 0 1.5 0.6
v 0 1.6 0.6
v 0.0999999 0.6 0.6
v 0.0999999 0.7 0.6
v 0.0999999 0.8 0.6
v 0.0999999 0.9 0.6
v 0.0999999 1 0.6
v 0.0999999 1.1 0.6
v 0.0999999 1.3 0.6
v 0.0999999 1.4 0.6
v 0.0999999 1.5 0.6
v 0.0999999 1.6 0.6
v 0.2 0.7 0.6
v 0.2 0.8 0.6
v 0.2 0.9 0.6
v 0.2 1 0.6
v 0.2 1.1 0.6
v 0.2 1.4 0.6
v 0.2 1.5 0.6
v -4.2 0 0.5
v -4.2 0.1 0.5
v -4.2 0.2 0.5
v -4.2 0.4 0.5
v -4.2 4 0.5
v -4.2 4.1 0.5
v -4.2 4.2 0.5
v -4.2 4.3 0.5
v -4.2 4.4 0.5
v -4.1 0.1 0.5
v -4.1 0.2 0.5
v -4.1 0.4 0.5
v -4.1 0.5 0.5
v -4.1 3.9 0.5
v -4.1 4 0.5
v -4.1 4.1 0.5
v -4.1 4.2 0.5
v -4.1 4.3 0.5
v -4 0 0.5
v -4 0.2 0.5
v -4 0.5 0.5
v -4 3.9 0.5
v -4 4 0.5
v -4 4.2 0.5
v -3.9 4.3 0.5
v -3.9 4.4 0.5
v -3.8 4.3 0.5
v -3.8 4.4 0.5
v -3.7 4.3 0.5
v -3.7 4.4 0.5
v -3.6 4.3 0.5
v -3.6 4.4 0.5
v -3.5 4.3 0.5
v -3.5 4.4 0.5
v -3.4 4.3 0.5
v -3.4 4.4 0.5
v -3.3 4.3 0.5
v -3.3 4.4 0.5
v -3.2 4.2 0.5
v -3.2 4.3 0.5
v -3.1 4.2 0.5
v -3.1 4.3 0.5
v -3 4.3 0.5
v -3 4.4 0.5
v -2.9 4.3 0.5
v -2.9 4.4 0.5
v -2.7 4.3 0.5
v -2.7 4.4 0.5
v -2.6 4.3 0.5
v -2.6 4.4 0.5
v -2.5 4.3 0.5
v -2.5 4.4 0.5
v -2.4 4.3 0.5
v -2.4 4.4 0.5
v -2.3 4.3 0.5
v -2.3 4.4 0.5
v -2.1 4.3 0.5
v -2.1 4.4 0.5
v -2 4.3 0.5
v -2 4.4 0.5
v -1.9 4.2 0.5
v -1.9 4.3 0.5
v -1.8 4.2 0.5
v -1.8 4.3 0.5
v -1.7 4.3 0.5
v -1.7 4.4 0.5
v -1.4 4.3 0.5
v -1.4 4.4 0.5
v -1.1 4.3 0.5
v -1.1 4.4 0.5
v -0.8 4.3 0.5
v -0.8 4.4 0.5
v -0.6 4.3 0.5
v -0.6 4.4 0.5
v -0.2 4.3 0.5
v -0.2 4.4 0.5
v -0.0999999 4.3 0.5
v -0.0999999 4.4 0.5
v 0 0 0.5
v 0 0.2 0.5
v 0 0.5 0.5
v 0 3.9 0.5
v 0 4 0.5
v 0 4.2 0.5
v 0 4.3 0.5
v 0 4.4 0.5
v 0.0999999 0.1 0.5
v 0.0999999 0.2 0.5
v 0.0999999 0.4 0.5
v 0.0999999 0.5 0.5
v 0.0999999 3.9 0.5
v 0.0999999 4 0.5
v 0.0999999 4.1 0.5
v 0.0999999 4.2 0.5
v 0.0999999 4.3 0.5
v 0.2 0 0.5
v 0.2 0.1 0.5
v 0.2 0.2 0.5
v 0.2 0.4 0.5
v 0.2 4 0.5
v 0.2 4.1 0.5
v 0.2 4.2 0.5
v 0.2 4.3 0.5
v 0.2 4.4 0.5
v -4.1 1.8 0.2
v -4.1 2.1 0.2
v -4.1 2.3 0.2
v -4.1 2.4 0.2
v -4.1 2.8 0.2
v -4 1.8 0.2
v -4 2.1 0.2
v -4 2.3 0.2
v -4 2.4 0.2
v -4 2.8 0.2
v 0 1.8 0.2
v 0 2.1 0.2
v 0 2.3 0.2
v 0 2.4 0.2
v 0 2.8 0.2
v 0.0999999 1.8 0.2
v 0.0999999 2.1 0.2
v 0.0999999 2.3 0.2
v 0.0999999 2.4 0.2
v 0.0999999 2.8 0.2
v -4.2 1.8 0.1
v -4.2 1.9 0.1
v -4.2 2.2 0.1
v -4.2 2.3 0.1
v -4.2 2.5 0.1
v -4.2 2.7 0.1
v -4.2 2.8 0.1
v -4.1 1.7 0.1
v -4.1 1.8 0.1
v -4.1 1.9 0.1
v -4.1 2.1 0.1
v -4.1 2.2 0.1
v -4.1 2.3 0.1
v -4.1 2.4 0.1
v -4.1 2.5 0.1
v -4.1 2.7 0.1
v -4.1 2.8 0.1
v -4.1 2.9 0.1
v -4 1.7 0.1
v -4 1.8 0.1
v -4 2.8 0.1
v -4 2.9 0.1
v 0 1.7 0.1
v 0 1.8 0.1
v 0 2.8 0.1
v 0 2.9 0.1
v 0.0999999 1.7 0.1
v 0.0999999 1.8 0.1
v 0.0999999 1.9 0.1
v 0.0999999 2.1 0.1
v 0.0999999 2.2 0.1
v 0.0999999 2.3 0.1
v 0.0999999 2.4 0.1
v 0.0999999 2.5 0.1
v 0.0999999 2.7 0.1
v 0.0999999 2.8 0.1
v 0.0999999 2.9 0.1
v 0.2 1.8 0.1
v 0.2 1.9 0.1
v 0.2 2.2 0.1
v 0.2 2.3 0.1
v 0.2 2.5 0.1
v 0.2 2.7 0.1
v 0.2 2.8 0.1
v -4.2 3.1 -0.2
v -4.2 3.2 -0.2
v -4.2 3.3 -0.2
v -4.2 3.5 -0.2
v -4.2 3.6 -0.2
v -4.2 3.7 -0.2
v -4.1 3 -0.2
v -4.1 3.1 -0.2
v -4.1 3.2 -0.2
v -4.1 3.3 -0.2
v -4.1 3.5 -0.2
v -4.1 3.6 -0.2
v -4.1 3.7 -0.2
v -4.1 3.8 -0.2
v -4 3 -0.2
v -4 3.1 -0.2
v -4 3.8 -0.2
v 0 3 -0.2
v 0 3.1 -0.2
v 0 3.8 -0.2
v 0.0999999 3 -0.2
v 0.0999999 3.1 -0.2
v 0.0999999 3.2 -0.2
v 0.0999999 3.3 -0.2
v 0.0999999 3.5 -0.2
v 0.0999999 3.6 -0.2
v 0.0999999 3.7 -0.2
v 0.0999999 3.8 -0.2
v 0.2 3.1 -0.2
v 0.2 3.2 -0.2
v 0.2 3.3 -0.2
v 0.2 3.5 -0.2
v 0.2 3.6 -0.2
v 0.2 3.7 -0.2
v -4.1 0 -0.3
v -4.1 0.2 -0.3
v -4.1 0.4 -0.3
v -4.1 4 -0.3
v -4.1 4.3 -0.3
v -4 0 -0.3
v -4 0.2 -0.3
v -4 0.4 -0.3
v -4 4 -0.3
v -4 4.2 -0.3
v -4 4.3 -0.3
v -3.7 4.2 -0.3
v -3.7 4.3 -0.3
v -3.6 4.2 -0.3
v -3.6 4.3 -0.3
v -3.2 4.2 -0.3
v -3.2 4.3 -0.3
v -3.1 4.2 -0.3
v -3.1 4.3 -0.3
v -3 4.2 -0.3
v -3 4.3 -0.3
v -2.6 4.2 -0.3
v -2.6 4.3 -0.3
v -2.4 4.2 -0.3
v -2.4 4.3 -0.3
v -2.3 4.2 -0.3
v -2.3 4.3 -0.3
v -2 4.2 -0.3
v -2 4.3 -0.3
v -1.8 4.2 -0.3
v -1.8 4.3 -0.3
v -1.7 4.2 -0.3
v -1.7 4.3 -0.3
v -1.5 4.2 -0.3
v -1.5 4.3 -0.3
v -1.4 4.2 -0.3
v -1.4 4.3 -0.3
v -1.1 4.2 -0.3
v -1.1 4.3 -0.3
v -1 4.2 -0.3
v -1 4.3 -0.3
v -0.8 4.2 -0.3
v -0.8 4.3 -0.3
v -0.7 4.2 -0.3
v -0.7 4.3 -0.3
v -0.6 4.2 -0.3
v -0.6 4.3 -0.3
v -0.5 4.2 -0.3
v -0.5 4.3 -0.3
v -0.3 4.2 -0.3
v -0.3 4.3 -0.3
v -0.2 4.2 -0.3
v -0.2 4.3 -0.3
v 0 0 -0.3
v 0 0.2 -0.3
v 0 0.4 -0.3
v 0 4 -0.3
v 0 4.2 -0.3
v 0 4.3 -0.3
v 0.0999999 0 -0.3
v 0.0999999 0.2 -0.3
v 0.0999999 0.4 -0.3
v 0.0999999 4 -0.3
v 0.0999999 4.3 -0.3
v -4.2 0 -0.4
v -4.2 0.1 -0.4
v -4.2 0.2 -0.4
v -4.2 0.4 -0.4
v -4.2 4 -0.4
v -4.2 4.1 -0.4
v -4.2 4.4 -0.4
v -4.1 0 -0.4
v -4.1 0.1 -0.4
v -4.1 0.2 -0.4
v -4.1 0.4 -0.4
v -4.1 0.5 -0.4
v -4.1 3.9 -0.4
v -4.1 4 -0.4
v -4.1 4.1 -0.4
v -4.1 4.3 -0.4
v -4.1 4.4 -0.4
v -4 0.4 -0.4
v -4 0.5 -0.4
v -4 3.9 -0.4
v -4 4 -0.4
v -4 4.3 -0.4
v -4 4.4 -0.4
v -3.7 4.3 -0.4
v -3.7 4.4 -0.4
v -3.6 4.3 -0.4
v -3.6 4.4 -0.4
v -3.5 4.3 -0.4
v -3.5 4.4 -0.4
v -3.2 4.3 -0.4
v -3.2 4.4 -0.4
v -3.1 4.3 -0.4
v -3.1 4.4 -0.4
v -3 4.3 -0.4
v -2.6 4.3 -0.4
v -2.4 4.3 -0.4
v -2.4 4.4 -0.4
v -2.3 4.2 -0.4
v -2.3 4.3 -0.4
v -2.3 4.4 -0.4
v -2.2 4.2 -0.4
v -2.2 4.3 -0.4
v -2.1 4.2 -0.4
v -2.1 4.3 -0.4
v -2 4.2 -0.4
v -2 4.3 -0.4
v -2 4.4 -0.4
v -1.8 4.3 -0.4
v -1.8 4.4 -0.4
v -1.7 4.3 -0.4
v -1.7 4.4 -0.4
v -1.5 4.3 -0.4
v -1.5 4.4 -0.4
v -1.4 4.3 -0.4
v -1.4 4.4 -0.4
v -1.1 4.3 -0.4
v -1 4.2 -0.4
v -1 4.3 -0.4
v -1 4.4 -0.4
v -0.9 4.2 -0.4
v -0.9 4.3 -0.4
v -0.8 4.3 -0.4
v -0.8 4.4 -0.4
v -0.7 4.3 -0.4
v -0.7 4.4 -0.4
v -0.6 4.3 -0.4
v -0.5 4.3 -0.4
v -0.3 4.3 -0.4
v -0.2 4.3 -0.4
v 0 0.4 -0.4
v 0 0.5 -0.4
v 0 3.9 -0.4
v 0 4 -0.4
v 0 4.3 -0.4
v 0.0999999 0 -0.4
v 0.0999999 0.1 -0.4
v 0.0999999 0.2 -0.4
v 0.0999999 0.4 -0.4
v 0.0999999 0.5 -0.4
v 0.0999999 3.9 -0.4
v 0.0999999 4 -0.4
v 0.0999999 4.1 -0.4
v 0.0999999 4.3 -0.4
v 0.0999999 4.4 -0.4
v 0.2 0 -0.4
v 0.2 0.1 -0.4
v 0.2 0.2 -0.4
v 0.2 0.4 -0.4
v 0.2 4 -0.4
v 0.2 4.1 -0.4
v 0.2 4.4 -0.4
v -4.1 0.7 -0.8
v -4.1 1.1 -0.8
v -4.1 1.3 -0.8
v -4.1 1.5 -0.8
v -4 0.7 -0.8
v -4 1.1 -0.8
v -4 1.3 -0.8
v -4 1.5 -0.8
v 0 0.7 -0.8
v 0 1.1 -0.8
v 0 1.3 -0.8
v 0 1.5 -0.8
v 0.0999999 0.7 -0.8
v 0.0999999 1.1 -0.8
v 0.0999999 1.3 -0.8
v 0.0999999 1.5 -0.8
v -4.2 0.7 -0.9
v -4.2 0.8 -0.9
v -4.2 0.9 -0.9
v -4.2 1.1 -0.9
v -4.2 1.2 -0.9
v -4.2 1.4 -0.9
v -4.2 1.5 -0.9
v -4.1 0.6 -0.9
v -4.1 0.7 -0.9
v -4.1 0.8 -0.9
v -4.1 0.9 -0.9
v -4.1 1.1 -0.9
v -4.1 1.2 -0.9
v -4.1 1.3 -0.9
v -4.1 1.4 -0.9
v -4.1 1.5 -0.9
v -4.1 1.6 -0.9
v -4 0.6 -0.9
v -4 0.7 -0.9
v -4 1.5 -0.9
v -4 1.6 -0.9
v 0 0.6 -0.9
v 0 0.7 -0.9
v 0 1.5 -0.9
v 0 1.6 -0.9
v 0.0999999 0.6 -0.9
v 0.0999999 0.7 -0.9
v 0.0999999 0.8 -0.9
v 0.0999999 0.9 -0.9
v 0.0999999 1.1 -0.9
v 0.0999999 1.2 -0.9
v 0.0999999 1.3 -0.9
v 0.0999999 1.4 -0.9
v 0.0999999 1.5 -0.9
v 0.0999999 1.6 -0.9
v 0.2 0.7 -0.9
v 0.2 0.8 -0.9
v 0.2 0.9 -0.9
v 0.2 1.1 -0.9
v 0.2 1.2 -0.9
v 0.2 1.4 -0.9
v 0.2 1.5 -0.9
v -4.1 3.1 -1.1
v -4.1 3.2 -1.1
v -4.1 3.4 -1.1
v -4.1 3.5 -1.1
v -4.1 3.7 -1.1
v -4 3.1 -1.1
v -4 3.2 -1.1
v -4 3.4 -1.1
v -4 3.5 -1.1
v -4 3.7 -1.1
v 0 3.1 -1.1
v 0 3.2 -1.1
v 0 3.4 -1.1
v 0 3.5 -1.1
v 0 3.7 -1.1
v 0.0999999 3.1 -1.1
v 0.0999999 3.2 -1.1
v 0.0999999 3.4 -1.1
v 0.0999999 3.5 -1.1
v 0.0999999 3.7 -1.1
v -4.2 3.1 -1.2
v -4.2 3.2 -1.2
v -4.2 3.3 -1.2
v -4.2 3.4 -1.2
v -4.2 3.6 -1.2
v -4.2 3.7 -1.2
v -4.1 3 -1.2
v -4.1 3.1 -1.2
v -4.1 3.2 -1.2
v -4.1 3.3 -1.2
v -4.1 3.4 -1.2
v -4.1 3.5 -1.2
v -4.1 3.6 -1.2
v -4.1 3.7 -1.2
v -4.1 3.8 -1.2
v -4 3 -1.2
v -4 3.1 -1.2
v -4 3.7 -1.2
v -4 3.8 -1.2
v 0 3 -1.2
v 0 3.1 -1.2
v 0 3.7 -1.2
v 0 3.8 -1.2
v 0.0999999 3 -1.2
v 0.0999999 3.1 -1.2
v 0.0999999 3.2 -1.2
v 0.0999999 3.3 -1.2
v 0.0999999 3.4 -1.2
v 0.0999999 3.5 -1.2
v 0.0999999 3.6 -1.2
v 0.0999999 3.7 -1.2
v 0.0999999 3.8 -1.2
v 0.2 3.1 -1.2
v 0.2 3.2 -1.2
v 0.2 3.3 -1.2
v 0.2 3.4 -1.2
v 0.2 3.6 -1.2
v 0.2 3.7 -1.2
v -4.1 0 -1.8
v -4.1 0.1 -1.8
v -4.1 0.4 -1.8
v -4.1 4 -1.8
v -4.1 4.2 -1.8
v -4.1 4.3 -1.8
v -4 0 -1.8
v -4 0.1 -1.8
v -4 0.2 -1.8
v -4 0.4 -1.8
v -4 4 -1.8
v -4 4.2 -1.8
v -3.9 4.2 -1.8
v -3.9 4.3 -1.8
v -3.8 4.2 -1.8
v -3.8 4.3 -1.8
v -3.7 4.2 -1.8
v -3.7 4.3 -1.8
v -3.6 4.2 -1.8
v -3.6 4.3 -1.8
v -3.5 4.2 -1.8
v -3.5 4.3 -1.8
v -3.1 4.2 -1.8
v -3.1 4.3 -1.8
v -3 4.2 -1.8
v -3 4.3 -1.8
v -2.9 4.2 -1.8
v -2.9 4.3 -1.8
v -2.8 4.2 -1.8
v -2.8 4.3 -1.8
v -2.6 4.2 -1.8
v -2.6 4.3 -1.8
v -2.3 4.2 -1.8
v -2.3 4.3 -1.8
v -2.2 4.2 -1.8
v -2.2 4.3 -1.8
v -1.9 4.2 -1.8
v -1.9 4.3 -1.8
v -1.8 4.2 -1.8
v -1.8 4.3 -1.8
v -1.6 4.2 -1.8
v -1.6 4.3 -1.8
v -1.5 4.2 -1.8
v -1.5 4.3 -1.8
v -1.4 4.2 -1.8
v -1.4 4.3 -1.8
v -1.1 4.2 -1.8
v -1.1 4.3 -1.8
v -0.9 4.2 -1.8
v -0.9 4.3 -1.8
v -0.8 4.2 -1.8
v -0.8 4.3 -1.8
v -0.7 4.2 -1.8
v -0.7 4.3 -1.8
v -0.4 4.2 -1.8
v -0.4 4.3 -1.8
v -0.3 4.2 -1.8
v -0.3 4.3 -1.8
v -0.2 4.2 -1.8
v -0.2 4.3 -1.8
v -0.0999999 4.2 -1.8
v -0.0999999 4.3 -1.8
v 0 0 -1.8
v 0 0.1 -1.8
v 0 0.2 -1.8
v 0 0.4 -1.8
v 0 4 -1.8
v 0 4.2 -1.8
v 0 4.3 -1.8
v 0.0999999 0 -1.8
v 0.0999999 0.1 -1.8
v 0.0999999 0.4 -1.8
v 0.0999999 4 -1.8
v 0.0999999 4.2 -1.8
v 0.0999999 4.3 -1.8
v -4.2 0 -1.9
v -4.2 0.2 -1.9
v -4.2 0.3 -1.9
v -4.2 0.4 -1.9
v -4.2 4 -1.9
v -4.2 4.1 -1.9
v -4.2 4.3 -1.9
v -4.2 4.4 -1.9
v -4.1 0 -1.9
v -4.1 0.1 -1.9
v -4.1 0.2 -1.9
v -4.1 0.3 -1.9
v -4.1 0.4 -1.9
v -4.1 0.5 -1.9
v -4.1 1.8 -1.9
v -4.1 2.1 -1.9
v -4.1 2.2 -1.9
v -4.1 2.4 -1.9
v -4.1 2.5 -1.9
v -4.1 2.7 -1.9
v -4.1 2.8 -1.9
v -4.1 3.9 -1.9
v -4.1 4 -1.9
v -4.1 4.1 -1.9
v -4.1 4.2 -1.9
v -4.1 4.3 -1.9
v -4.1 4.4 -1.9
v -4 0.4 -1.9
v -4 0.5 -1.9
v -4 1.8 -1.9
v -4 2.1 -1.9
v -4 2.2 -1.9
v -4 2.4 -1.9
v -4 2.5 -1.9
v -4 2.7 -1.9
v -4 2.8 -1.9
v -4 3.9 -1.9
v -4 4 -1.9
v -4 4.3 -1.9
v -4 4.4 -1.9
v -3.9 4.3 -1.9
v -3.9 4.4 -1.9
v -3.8 4.3 -1.9
v -3.8 4.4 -1.9
v -3.7 4.3 -1.9
v -3.7 4.4 -1.9
v -3.6 4.3 -1.9
v -3.6 4.4 -1.9
v -3.5 4.3 -1.9
v -3.5 4.4 -1.9
v -3.4 4.3 -1.9
v -3.4 4.4 -1.9
v -3.2 4.3 -1.9
v -3.2 4.4 -1.9
v -3.1 4.3 -1.9
v -3.1 4.4 -1.9
v -3 4.3 -1.9
v -3 4.4 -1.9
v -2.9 4.3 -1.9
v -2.8 4.3 -1.9
v -2.8 4.4 -1.9
v -2.7 4.2 -1.9
v -2.7 4.3 -1.9
v -2.6 4.2 -1.9
v -2.6 4.3 -1.9
v -2.6 4.4 -1.9
v -2.5 4.3 -1.9
v -2.5 4.4 -1.9
v -2.3 4.3 -1.9
v -2.3 4.4 -1.9
v -2.2 4.3 -1.9
v -2.2 4.4 -1.9
v -2.1 4.3 -1.9
v -2.1 4.4 -1.9
v -1.9 4.3 -1.9
v -1.9 4.4 -1.9
v -1.8 4.3 -1.9
v -1.8 4.4 -1.9
v -1.7 4.3 -1.9
v -1.7 4.4 -1.9
v -1.6 4.3 -1.9
v -1.6 4.4 -1.9
v -1.5 4.3 -1.9
v -1.5 4.4 -1.9
v -1.4 4.2 -1.9
v -1.4 4.3 -1.9
v -1.4 4.4 -1.9
v -1.3 4.2 -1.9
v -1.3 4.3 -1.9
v -1.2 4.2 -1.9
v -1.2 4.3 -1.9
v -1.1 4.2 -1.9
v -1.1 4.3 -1.9
v -1.1 4.4 -1.9
v -1 4.3 -1.9
v -1 4.4 -1.9
v -0.9 4.3 -1.9
v -0.9 4.4 -1.9
v -0.8 4.3 -1.9
v -0.8 4.4 -1.9
v -0.7 4.3 -1.9
v -0.7 4.4 -1.9
v -0.6 4.3 -1.9
v -0.6 4.4 -1.9
v -0.4 4.3 -1.9
v -0.4 4.4 -1.9
v -0.3 4.3 -1.9
v -0.3 4.4 -1.9
v -0.2 4.3 -1.9
v -0.2 4.4 -1.9
v -0.0999999 4.3 -1.9
v -0.0999999 4.4 -1.9
v 0 0.4 -1.9
v 0 0.5 -1.9
v 0 1.8 -1.9
v 0 2.1 -1.9
v 0 2.2 -1.9
v 0 2.4 -1.9
v 0 2.5 -1.9
v 0 2.7 -1.9
v 0 2.8 -1.9
v 0 3.9 -1.9
v 0 4 -1.9
v 0 4.3 -1.9
v 0 4.4 -1.9
v 0.0999999 0 -1.9
v 0.0999999 0.1 -1.9
v 0.0999999 0.2 -1.9
v 0.0999999 0.3 -1.9
v 0.0999999 0.4 -1.9
v 0.0999999 0.5 -1.9
v 0.0999999 1.8 -1.9
v 0.0999999 2.1 -1.9
v 0.0999999 2.2 -1.9
v 0.0999999 2.4 -1.9
v 0.0999999 2.5 -1.9
v 0.0999999 2.7 -1.9
v 0.0999999 2.8 -1.9
v 0.0999999 3.9 -1.9
v 0.0999999 4 -1.9
v 0.0999999 4.1 -1.9
v 0.0999999 4.2 -1.9
v 0.0999999 4.3 -1.9
v 0.0999999 4.4 -1.9
v 0.2 0 -1.9
v 0.2 0.2 -1.9
v 0.2 0.3 -1.9
v 0.2 0.4 -1.9
v 0.2 4 -1.9
v 0.2 4.1 -1.9
v 0.2 4.3 -1.9
v 0.2 4.4 -1.9
v -4.2 1.8 -2
v -4.2 1.9 -2
v -4.2 2.1 -2
v -4.2 2.2 -2
v -4.2 2.4 -2
v -4.2 2.5 -2
v -4.2 2.8 -2
v -4.1 1.7 -2
v -4.1 1.8 -2
v -4.1 1.9 -2
v -4.1 2.1 -2
v -4.1 2.2 -2
v -4.1 2.4 -2
v -4.1 2.5 -2
v -4.1 2.7 -2
v -4.1 2.8 -2
v -4.1 2.9 -2
v -4 1.7 -2
v -4 1.8 -2
v -4 2.8 -2
v -4 2.9 -2
v 0 1.7 -2
v 0 1.8 -2
v 0 2.8 -2
v 0 2.9 -2
v 0.0999999 1.7 -2
v 0.0999999 1.8 -2
v 0.0999999 1.9 -2
v 0.0999999 2.1 -2
v 0.0999999 2.2 -2
v 0.0999999 2.4 -2
v 0.0999999 2.5 -2
v 0.0999999 2.7 -2
v 0.0999999 2.8 -2
v 0.0999999 2.9 -2
v 0.2 1.8 -2
v 0.2 1.9 -2
v 0.2 2.1 -2
v 0.2 2.2 -2
v 0.2 2.4 -2
v 0.2 2.5 -2
v 0.2 2.8 -2
v -4.1 0.7 -2.6
v -4.1 0.9 -2.6
v -4.1 1 -2.6
v -4.1 1.2 -2.6
v -4.1 1.3 -2.6
v -4.1 1.4 -2.6
v -4.1 1.5 -2.6
v -4 0.7 -2.6
v -4 0.9 -2.6
v -4 1 -2.6
v -4 1.2 -2.6
v -4 1.3 -2.6
v -4 1.4 -2.6
v -4 1.5 -2.6
v 0 0.7 -2.6
v 0 0.9 -2.6
v 0 1 -2.6
v 0 1.2 -2.6
v 0 1.3 -2.6
v 0 1.4 -2.6
v 0 1.5 -2.6
v 0.0999999 0.7 -2.6
v 0.0999999 0.9 -2.6
v 0.0999999 1 -2.6
v 0.0999999 1.2 -2.6
v 0.0999999 1.3 -2.6
v 0.0999999 1.4 -2.6
v 0.0999999 1.5 -2.6
v -4.2 0.7 -2.7
v -4.2 0.8 -2.7
v -4.2 0.9 -2.7
v -4.2 1 -2.7
v -4.2 1.3 -2.7
v -4.2 1.5 -2.7
v -4.1 0.6 -2.7
v -4.1 0.7 -2.7
v -4.1 0.8 -2.7
v -4.1 0.9 -2.7
v -4.1 1 -2.7
v -4.1 1.2 -2.7
v -4.1 1.3 -2.7
v -4.1 1.4 -2.7
v -4.1 1.5 -2.7
v -4.1 1.6 -2.7
v -4.1 3.1 -2.7
v -4.1 3.2 -2.7
v -4.1 3.3 -2.7
v -4.1 3.5 -2.7
v -4.1 3.6 -2.7
v -4.1 3.7 -2.7
v -4 0.6 -2.7
v -4 0.7 -2.7
v -4 1.5 -2.7
v -4 1.6 -2.7
v -4 3.1 -2.7
v -4 3.2 -2.7
v -4 3.3 -2.7
v -4 3.5 -2.7
v -4 3.6 -2.7
v -4 3.7 -2.7
v 0 0.6 -2.7
v 0 0.7 -2.7
v 0 1.5 -2.7
v 0 1.6 -2.7
v 0 3.1 -2.7
v 0 3.2 -2.7
v 0 3.3 -2.7
v 0 3.5 -2.7
v 0 3.6 -2.7
v 0 3.7 -2.7
v 0.0999999 0.6 -2.7
v 0.0999999 0.7 -2.7
v 0.0999999 0.8 -2.7
v 0.0999999 0.9 -2.7
v 0.0999999 1 -2.7
v 0.0999999 1.2 -2.7
v 0.0999999 1.3 -2.7
v 0.0999999 1.4 -2.7
v 0.0999999 1.5 -2.7
v 0.0999999 1.6 -2.7
v 0.0999999 3.1 -2.7
v 0.0999999 3.2 -2.7
v 0.0999999 3.3 -2.7
v 0.0999999 3.5 -2.7
v 0.0999999 3.6 -2.7
v 0.0999999 3.7 -2.7
v 0.2 0.7 -2.7
v 0.2 0.8 -2.7
v 0.2 0.9 -2.7
v 0.2 1 -2.7
v 0.2 1.3 -2.7
v 0.2 1.5 -2.7
v -4.2 3.1 -2.8
v -4.2 3.2 -2.8
v -4.2 3.3 -2.8
v -4.2 3.5 -2.8
v -4.2 3.6 -2.8
v -4.2 3.7 -2.8
v -4.1 3 -2.8
v -4.1 3.1 -2.8
v -4.1 3.2 -2.8
v -4.1 3.3 -2.8
v -4.1 3.5 -2.8
v -4.1 3.6 -2.8
v -4.1 3.7 -2.8
v -4.1 3.8 -2.8
v -4 3 -2.8
v -4 3.1 -2.8
v -4 3.7 -2.8
v -4 3.8 -2.8
v 0 3 -2.8
v 0 3.1 -2.8
v 0 3.7 -2.8
v 0 3.8 -2.8
v 0.0999999 3 -2.8
v 0.0999999 3.1 -2.8
v 0.0999999 3.2 -2.8
v 0.0999999 3.3 -2.8
v 0.0999999 3.5 -2.8
v 0.0999999 3.6 -2.8
v 0.0999999 3.7 -2.8
v 0.0999999 3.8 -2.8
v 0.2 3.1 -2.8
v 0.2 3.2 -2.8
v 0.2 3.3 -2.8
v 0.2 3.5 -2.8
v 0.2 3.6 -2.8
v 0.2 3.7 -2.8
v -4 0 -3
v -4 0.2 -3
v -3.8 0.1 -3
v -3.8 0.2 -3
v -3.7 0 -3
v -3.7 0.1 -3
v -3.7 0.2 -3
v -3.6 0 -3
v -3.6 0.1 -3
v -3.6 0.2 -3
v -3.5 0 -3
v -3.5 0.2 -3
v -2.8 0 -3
v -2.8 0.2 -3
v -2.7 0 -3
v -2.7 0.2 -3
v -2.6 0 -3
v -2.6 0.2 -3
v -1.4 0 -3
v -1.4 0.2 -3
v -1.3 0 -3
v -1.3 0.2 -3
v -1.2 0 -3
v -1.2 0.1 -3
v -1.2 0.2 -3
v -1.1 0 -3
v -1.1 0.1 -3
v -1.1 0.2 -3
v 0 0 -3
v 0 0.2 -3
v -4 0 1
v -4 0.2 1
v -3.8 0.1 1
v -3.8 0.2 1
v -3.7 0 1
v -3.7 0.1 1
v -3.7 0.2 1
v -3.6 0 1
v -3.6 0.1 1
v -3.6 0.2 1
v -3.5 0 1
v -3.5 0.2 1
v -2.8 0 1
v -2.8 0.2 1
v -2.7 0 1
v -2.7 0.2 1
v -2.6 0 1
v -2.6 0.2 1
v -1.4 0 1
v -1.4 0.2 1
v -1.3 0 1
v -1.3 0.2 1
v -1.2 0 1
v -1.2 0.1 1
v -1.2 0.2 1
v -1.1 0 1
v -1.1 0.1 1
v -1.1 0.2 1
v 0 0 1
v 0 0.2 1
v -4.2 0.7 0.8
v -4.2 0.8 0.8
v -4.2 1 0.8
v -4.2 1.3 0.8
v -4.2 1.4 0.8
v -4.2 1.5 0.8
v -4.1 0.6 0.8
v -4.1 0.7 0.8
v -4.1 0.8 0.8
v -4.1 1 0.8
v -4.1 1.3 0.8
v -4.1 1.4 0.8
v -4.1 1.5 0.8
v -4.1 1.6 0.8
v -4 0.6 0.8
v -4 0.7 0.8
v -4 1.5 0.8
v -4 1.6 0.8
v 0 0.6 0.8
v 0 0.7 0.8
v 0 1.5 0.8
v 0 1.6 0.8
v 0.0999999 0.6 0.8
v 0.0999999 0.7 0.8
v 0.0999999 0.8 0.8
v 0.0999999 1 0.8
v 0.0999999 1.3 0.8
v 0.0999999 1.4 0.8
v 0.0999999 1.5 0.8
v 0.0999999 1.6 0.8
v 0.2 0.7 0.8
v 0.2 0.8 0.8
v 0.2 1 0.8
v 0.2 1.3 0.8
v 0.2 1.4 0.8
v 0.2 1.5 0.8
v -4.2 0 0.7
v -4.2 0.2 0.7
v -4.2 0.4 0.7
v -4.2 4 0.7
v -4.2 4.4 0.7
v -4.1 0 0.7
v -4.1 0.1 0.7
v -4.1 0.2 0.7
v -4.1 0.3 0.7
v -4.1 0.4 0.7
v -4.1 0.5 0.7
v -4.1 3.9 0.7
v -4.1 4 0.7
v -4.1 4.1 0.7
v -4.1 4.2 0.7
v -4.1 4.4 0.7
v -4 0.4 0.7
v -4 0.5 0.7
v -4 3.9 0.7
v -4 4 0.7
v 0 0.4 0.7
v 0 0.5 0.7
v 0 3.9 0.7
v 0 4 0.7
v 0.0999999 0 0.7
v 0.0999999 0.1 0.7
v 0.0999999 0.2 0.7
v 0.0999999 0.3 0.7
v 0.0999999 0.4 0.7
v 0.0999999 0.5 0.7
v 0.0999999 3.9 0.7
v 0.0999999 4 0.7
v 0.0999999 4.1 0.7
v 0.0999999 4.2 0.7
v 0.0999999 4.4 0.7
v 0.2 0 0.7
v 0.2 0.2 0.7
v 0.2 0.4 0.7
v 0.2 4 0.7
v 0.2 4.4 0.7
v -4.1 0 0.6
v -4.1 0.1 0.6
v -4.1 0.3 0.6
v -4.1 0.4 0.6
v -4.1 4 0.6
v -4.1 4.1 0.6
v -4.1 4.2 0.6
v -4.1 4.4 0.6
v -4 0 0.6
v -4 0.1 0.6
v -4 0.2 0.6
v -4 0.3 0.6
v -4 0.4 0.6
v -4 4 0.6
v -4 4.1 0.6
v -4 4.2 0.6
v -4 4.3 0.6
v -4 4.4 0.6
v -3.9 4.3 0.6
v -3.9 4.4 0.6
v -3.8 4.3 0.6
v -3.8 4.4 0.6
v -3.7 4.3 0.6
v -3.7 4.4 0.6
v -3.6 4.2 0.6
v -3.6 4.3 0.6
v -3.6 4.4 0.6
v -3.5 4.2 0.6
v -3.5 4.4 0.6
v -3.4 4.3 0.6
v -3.4 4.4 0.6
v -3.3 4.3 0.6
v -3.3 4.4 0.6
v -3.2 4.3 0.6
v -3.2 4.4 0.6
v -3.1 4.3 0.6
v -3.1 4.4 0.6
v -2.9 4.3 0.6
v -2.9 4.4 0.6
v -2.8 4.2 0.6
v -2.8 4.3 0.6
v -2.8 4.4 0.6
v -2.7 4.2 0.6
v -2.7 4.3 0.6
v -2.6 4.2 0.6
v -2.6 4.3 0.6
v -2.6 4.4 0.6
v -2.5 4.3 0.6
v -2.5 4.4 0.6
v -2.4 4.3 0.6
v -2.4 4.4 0.6
v -2.3 4.3 0.6
v -2.3 4.4 0.6
v -2.1 4.3 0.6
v -2.1 4.4 0.6
v -2 4.3 0.6
v -2 4.4 0.6
v -1.8 4.3 0.6
v -1.8 4.4 0.6
v -1.7 4.3 0.6
v -1.7 4.4 0.6
v -1.6 4.3 0.6
v -1.6 4.4 0.6
v -1.4 4.2 0.6
v -1.4 4.3 0.6
v -1.4 4.4 0.6
v -1.3 4.2 0.6
v -1.3 4.3 0.6
v -1.2 4.2 0.6
v -1.2 4.3 0.6
v -1.1 4.3 0.6
v -1.1 4.4 0.6
v -1 4.3 0.6
v -1 4.4 0.6
v -0.9 4.3 0.6
v -0.9 4.4 0.6
v -0.8 4.3 0.6
v -0.8 4.4 0.6
v -0.6 4.3 0.6
v -0.6 4.4 0.6
v -0.5 4.3 0.6
v -0.5 4.4 0.6
v -0.4 4.3 0.6
v -0.4 4.4 0.6
v -0.3 4.3 0.6
v -0.3 4.4 0.6
v -0.0999999 4.3 0.6
v -0.0999999 4.4 0.6
v 0 0 0.6
v 0 0.1 0.6
v 0 0.2 0.6
v 0 0.3 0.6
v 0 0.4 0.6
v 0 4 0.6
v 0 4.1 0.6
v 0 4.2 0.6
v 0.0999999 0 0.6
v 0.0999999 0.1 0.6
v 0.0999999 0.3 0.6
v 0.0999999 0.4 0.6
v 0.0999999 4 0.6
v 0.0999999 4.1 0.6
v 0.0999999 4.2 0.6
v 0.0999999 4.4 0.6
v -4.2 1.8 0.4
v -4.2 1.9 0.4
v -4.2 2.2 0.4
v -4.2 2.5 0.4
v -4.2 2.7 0.4
v -4.2 2.8 0.4
v -4.1 1.7 0.4
v -4.1 1.8 0.4
v -4.1 1.9 0.4
v -4.1 2.1 0.4
v -4.1 2.2 0.4
v -4.1 2.4 0.4
v -4.1 2.5 0.4
v -4.1 2.7 0.4
v -4.1 2.8 0.4
v -4.1 2.9 0.4
v -4 1.7 0.4
v -4 1.8 0.4
v -4 2.8 0.4
v -4 2.9 0.4
v 0 1.7 0.4
v 0 1.8 0.4
v 0 2.8 0.4
v 0 2.9 0.4
v 0.0999999 1.7 0.4
v 0.0999999 1.8 0.4
v 0.0999999 1.9 0.4
v 0.0999999 2.1 0.4
v 0.0999999 2.2 0.4
v 0.0999999 2.4 0.4
v 0.0999999 2.5 0.4
v 0.0999999 2.7 0.4
v 0.0999999 2.8 0.4
v 0.0999999 2.9 0.4
v 0.2 1.8 0.4
v 0.2 1.9 0.4
v 0.2 2.2 0.4
v 0.2 2.5 0.4
v 0.2 2.7 0.4
v 0.2 2.8 0.4
v -4.1 1.8 0.3
v -4.1 2.1 0.3
v -4.1 2.2 0.3
v -4.1 2.4 0.3
v -4.1 2.7 0.3
v -4.1 2.8 0.3
v -4 1.8 0.3
v -4 2.1 0.3
v -4 2.2 0.3
v -4 2.4 0.3
v -4 2.7 0.3
v -4 2.8 0.3
v 0 1.8 0.3
v 0 2.1 0.3
v 0 2.2 0.3
v 0 2.4 0.3
v 0 2.7 0.3
v 0 2.8 0.3
v 0.0999999 1.8 0.3
v 0.0999999 2.1 0.3
v 0.0999999 2.2 0.3
v 0.0999999 2.4 0.3
v 0.0999999 2.7 0.3
v 0.0999999 2.8 0.3
v -4.2 3.1 0
v -4.2 3.2 0
v -4.2 3.3 0
v -4.2 3.6 0
v -4.2 3.7 0
v -4.1 3 0
v -4.1 3.1 0
v -4.1 3.2 0
v -4.1 3.3 0
v -4.1 3.5 0
v -4.1 3.6 0
v -4.1 3.7 0
v -4.1 3.8 0
v -4 3 0
v -4 3.1 0
v -4 3.7 0
v -4 3.8 0
v 0 3 0
v 0 3.1 0
v 0 3.7 0
v 0 3.8 0
v 0.0999999 3 0
v 0.0999999 3.1 0
v 0.0999999 3.2 0
v 0.0999999 3.3 0
v 0.0999999 3.5 0
v 0.0999999 3.6 0
v 0.0999999 3.7 0
v 0.0999999 3.8 0
v 0.2 3.1 0
v 0.2 3.2 0
v 0.2 3.3 0
v 0.2 3.6 0
v 0.2 3.7 0
v -4.1 3.1 -0.0999999
v -4.1 3.2 -0.0999999
v -4.1 3.3 -0.0999999
v -4.1 3.5 -0.0999999
v -4.1 3.6 -0.0999999
v -4.1 3.7 -0.0999999
v -4 3.1 -0.0999999
v -4 3.2 -0.0999999
v -4 3.3 -0.0999999
v -4 3.5 -0.0999999
v -4 3.6 -0.0999999
v -4 3.7 -0.0999999
v 0 3.1 -0.0999999
v 0 3.2 -0.0999999
v 0 3.3 -0.0999999
v 0 3.5 -0.0999999
v 0 3.6 -0.0999999
v 0 3.7 -0.0999999
v 0.0999999 3.1 -0.0999999
v 0.0999999 3.2 -0.0999999
v 0.0999999 3.3 -0.0999999
v 0.0999999 3.5 -0.0999999
v 0.0999999 3.6 -0.0999999
v 0.0999999 3.7 -0.0999999
v -4.2 0 -0.2
v -4.2 0.2 -0.2
v -4.2 0.3 -0.2
v -4.2 0.4 -0.2
v -4.2 4 -0.2
v -4.2 4.1 -0.2
v -4.2 4.3 -0.2
v -4.2 4.4 -0.2
v -4.1 0 -0.2
v -4.1 0.2 -0.2
v -4.1 0.3 -0.2
v -4.1 0.4 -0.2
v -4.1 0.5 -0.2
v -4.1 3.9 -0.2
v -4.1 4 -0.2
v -4.1 4.1 -0.2
v -4.1 4.3 -0.2
v -4.1 4.4 -0.2
v -4 0 -0.2
v -4 0.2 -0.2
v -4 0.4 -0.2
v -4 0.5 -0.2
v -4 3.9 -0.2
v -4 4 -0.2
v -4 4.2 -0.2
v -4 4.3 -0.2
v -4 4.4 -0.2
v -3.9 4.3 -0.2
v -3.9 4.4 -0.2
v -3.7 4.3 -0.2
v -3.7 4.4 -0.2
v -3.4 4.3 -0.2
v -3.4 4.4 -0.2
v -3.3 4.3 -0.2
v -3.3 4.4 -0.2
v -3.2 4.2 -0.2
v -3.2 4.3 -0.2
v -3.1 4.2 -0.2
v -3.1 4.3 -0.2
v -3 4.3 -0.2
v -3 4.4 -0.2
v -2.9 4.3 -0.2
v -2.9 4.4 -0.2
v -2.6 4.3 -0.2
v -2.6 4.4 -0.2
v -2.5 4.3 -0.2
v -2.5 4.4 -0.2
v -2.3 4.3 -0.2
v -2.3 4.4 -0.2
v -2.1 4.3 -0.2
v -2.1 4.4 -0.2
v -2 4.3 -0.2
v -2 4.4 -0.2
v -1.9 4.2 -0.2
v -1.9 4.3 -0.2
v -1.8 4.2 -0.2
v -1.8 4.3 -0.2
v -1.7 4.3 -0.2
v -1.7 4.4 -0.2
v -1.5 4.3 -0.2
v -1.5 4.4 -0.2
v -1.4 4.3 -0.2
v -1.4 4.4 -0.2
v -1.2 4.3 -0.2
v -1.2 4.4 -0.2
v -0.9 4.3 -0.2
v -0.9 4.4 -0.2
v -0.8 4.3 -0.2
v -0.8 4.4 -0.2
v -0.7 4.3 -0.2
v -0.7 4.4 -0.2
v -0.5 4.3 -0.2
v -0.5 4.4 -0.2
v -0.2 4.3 -0.2
v -0.2 4.4 -0.2
v 0 0 -0.2
v 0 0.2 -0.2
v 0 0.4 -0.2
v 0 0.5 -0.2
v 0 3.9 -0.2
v 0 4 -0.2
v 0 4.2 -0.2
v 0.0999999 0 -0.2
v 0.0999999 0.2 -0.2
v 0.0999999 0.3 -0.2
v 0.0999999 0.4 -0.2
v 0.0999999 0.5 -0.2
v 0.0999999 3.9 -0.2
v 0.0999999 4 -0.2
v 0.0999999 4.1 -0.2
v 0.0999999 4.3 -0.2
v 0.0999999 4.4 -0.2
v 0.2 0 -0.2
v 0.2 0.2 -0.2
v 0.2 0.3 -0.2
v 0.2 0.4 -0.2
v 0.2 4 -0.2
v 0.2 4.1 -0.2
v 0.2 4.3 -0.2
v 0.2 4.4 -0.2
v -4.2 0.7 -0.6
v -4.2 0.9 -0.6
v -4.2 1.1 -0.6
v -4.2 1.2 -0.6
v -4.2 1.3 -0.6
v -4.2 1.5 -0.6
v -4.1 0.6 -0.6
v -4.1 0.7 -0.6
v -4.1 0.8 -0.6
v -4.1 0.9 -0.6
v -4.1 1 -0.6
v -4.1 1.1 -0.6
v -4.1 1.2 -0.6
v -4.1 1.3 -0.6
v -4.1 1.5 -0.6
v -4.1 1.6 -0.6
v -4 0.6 -0.6
v -4 0.7 -0.6
v -4 1.5 -0.6
v -4 1.6 -0.6
v 0 0.6 -0.6
v 0 0.7 -0.6
v 0 1.5 -0.6
v 0 1.6 -0.6
v 0.0999999 0.6 -0.6
v 0.0999999 0.7 -0.6
v 0.0999999 0.8 -0.6
v 0.0999999 0.9 -0.6
v 0.0999999 1 -0.6
v 0.0999999 1.1 -0.6
v 0.0999999 1.2 -0.6
v 0.0999999 1.3 -0.6
v 0.0999999 1.5 -0.6
v 0.0999999 1.6 -0.6
v 0.2 0.7 -0.6
v 0.2 0.9 -0.6
v 0.2 1.1 -0.6
v 0.2 1.2 -0.6
v 0.2 1.3 -0.6
v 0.2 1.5 -0.6
v -4.1 0.7 -0.7
v -4.1 0.8 -0.7
v -4.1 0.9 -0.7
v -4.1 1 -0.7
v -4.1 1.2 -0.7
v -4.1 1.3 -0.7
v -4.1 1.5 -0.7
v -4 0.7 -0.7
v -4 0.8 -0.7
v -4 0.9 -0.7
v -4 1 -0.7
v -4 1.2 -0.7
v -4 1.3 -0.7
v -4 1.5 -0.7
v 0 0.7 -0.7
v 0 0.8 -0.7
v 0 0.9 -0.7
v 0 1 -0.7
v 0 1.2 -0.7
v 0 1.3 -0.7
v 0 1.5 -0.7
v 0.0999999 0.7 -0.7
v 0.0999999 0.8 -0.7
v 0.0999999 0.9 -0.7
v 0.0999999 1 -0.7
v 0.0999999 1.2 -0.7
v 0.0999999 1.3 -0.7
v 0.0999999 1.5 -0.7
v -4.2 3.1 -1
v -4.2 3.2 -1
v -4.2 3.3 -1
v -4.2 3.6 -1
v -4.2 3.7 -1
v -4.1 3 -1
v -4.1 3.1 -1
v -4.1 3.2 -1
v -4.1 3.3 -1
v -4.1 3.6 -1
v -4.1 3.7 -1
v -4.1 3.8 -1
v -4 3 -1
v -4 3.1 -1
v -4 3.7 -1
v -4 3.8 -1
v 0 3 -1
v 0 3.1 -1
v 0 3.7 -1
v 0 3.8 -1
v 0.0999999 3 -1
v 0.0999999 3.1 -1
v 0.0999999 3.2 -1
v 0.0999999 3.3 -1
v 0.0999999 3.6 -1
v 0.0999999 3.7 -1
v 0.0999999 3.8 -1
v 0.2 3.1 -1
v 0.2 3.2 -1
v 0.2 3.3 -1
v 0.2 3.6 -1
v 0.2 3.7 -1
v -4.2 0 -1.6
v -4.2 0.1 -1.6
v -4.2 0.4 -1.6
v -4.2 4 -1.6
v -4.2 4.1 -1.6
v -4.2 4.3 -1.6
v -4.2 4.4 -1.6
v -4.1 0 -1.6
v -4.1 0.1 -1.6
v -4.1 0.2 -1.6
v -4.1 0.3 -1.6
v -4.1 0.4 -1.6
v -4.1 0.5 -1.6
v -4.1 3.9 -1.6
v -4.1 4 -1.6
v -4.1 4.1 -1.6
v -4.1 4.2 -1.6
v -4.1 4.3 -1.6
v -4.1 4.4 -1.6
v -4 0.4 -1.6
v -4 0.5 -1.6
v -4 3.9 -1.6
v -4 4 -1.6
v -4 4.3 -1.6
v -4 4.4 -1.6
v -3.8 4.3 -1.6
v -3.4 4.3 -1.6
v -3.3 4.3 -1.6
v -3.2 4.3 -1.6
v -3.1 4.3 -1.6
v -3.1 4.4 -1.6
v -3 4.3 -1.6
v -3 4.4 -1.6
v -2.8 4.3 -1.6
v -2.7 4.3 -1.6
v -2.7 4.4 -1.6
v -2.6 4.3 -1.6
v -2.6 4.4 -1.6
v -2.5 4.3 -1.6
v -2.5 4.4 -1.6
v -2.4 4.3 -1.6
v -2.3 4.2 -1.6
v -2.3 4.3 -1.6
v -2.3 4.4 -1.6
v -2.2 4.2 -1.6
v -2.2 4.3 -1.6
v -2.1 4.2 -1.6
v -2.1 4.3 -1.6
v -2 4.2 -1.6
v -2 4.3 -1.6
v -2 4.4 -1.6
v -1.9 4.3 -1.6
v -1.6 4.3 -1.6
v -1.5 4.3 -1.6
v -1.3 4.3 -1.6
v -1.2 4.3 -1.6
v -1.2 4.4 -1.6
v -1.1 4.3 -1.6
v -1.1 4.4 -1.6
v -1 4.2 -1.6
v -1 4.3 -1.6
v -1 4.4 -1.6
v -0.9 4.2 -1.6
v -0.9 4.3 -1.6
v -0.8 4.3 -1.6
v -0.8 4.4 -1.6
v -0.7 4.3 -1.6
v -0.7 4.4 -1.6
v -0.6 4.3 -1.6
v -0.4 4.3 -1.6
v -0.4 4.4 -1.6
v -0.3 4.3 -1.6
v -0.3 4.4 -1.6
v -0.2 4.3 -1.6
v -0.2 4.4 -1.6
v -0.0999999 4.3 -1.6
v -0.0999999 4.4 -1.6
v 0 0.4 -1.6
v 0 0.5 -1.6
v 0 3.9 -1.6
v 0 4 -1.6
v 0.0999999 0 -1.6
v 0.0999999 0.1 -1.6
v 0.0999999 0.2 -1.6
v 0.0999999 0.3 -1.6
v 0.0999999 0.4 -1.6
v 0.0999999 0.5 -1.6
v 0.0999999 3.9 -1.6
v 0.0999999 4 -1.6
v 0.0999999 4.1 -1.6
v 0.0999999 4.3 -1.6
v 0.0999999 4.4 -1.6
v 0.2 0 -1.6
v 0.2 0.1 -1.6
v 0.2 0.4 -1.6
v 0.2 4 -1.6
v 0.2 4.1 -1.6
v 0.2 4.3 -1.6
v 0.2 4.4 -1.6
v -4.2 1.8 -1.7
v -4.2 2.3 -1.7
v -4.2 2.5 -1.7
v -4.2 2.8 -1.7
v -4.1 0 -1.7
v -4.1 0.2 -1.7
v -4.1 0.3 -1.7
v -4.1 0.4 -1.7
v -4.1 1.7 -1.7
v -4.1 1.8 -1.7
v -4.1 1.9 -1.7
v -4.1 2.1 -1.7
v -4.1 2.3 -1.7
v -4.1 2.4 -1.7
v -4.1 2.5 -1.7
v -4.1 2.7 -1.7
v -4.1 2.8 -1.7
v -4.1 2.9 -1.7
v -4.1 4 -1.7
v -4.1 4.1 -1.7
v -4.1 4.2 -1.7
v -4.1 4.3 -1.7
v -4 0 -1.7
v -4 0.2 -1.7
v -4 0.3 -1.7
v -4 0.4 -1.7
v -4 1.7 -1.7
v -4 1.8 -1.7
v -4 2.8 -1.7
v -4 2.9 -1.7
v -4 4 -1.7
v -4 4.1 -1.7
v -4 4.2 -1.7
v -4 4.3 -1.7
v -3.8 4.2 -1.7
v -3.8 4.3 -1.7
v -3.4 4.2 -1.7
v -3.4 4.3 -1.7
v -3.3 4.2 -1.7
v -3.3 4.3 -1.7
v -3.2 4.2 -1.7
v -3.2 4.3 -1.7
v -2.8 4.2 -1.7
v -2.8 4.3 -1.7
v -2.7 4.2 -1.7
v -2.7 4.3 -1.7
v -2.4 4.2 -1.7
v -2.4 4.3 -1.7
v -2.3 4.2 -1.7
v -2.3 4.3 -1.7
v -2 4.2 -1.7
v -2 4.3 -1.7
v -1.9 4.2 -1.7
v -1.9 4.3 -1.7
v -1.6 4.2 -1.7
v -1.6 4.3 -1.7
v -1.5 4.2 -1.7
v -1.5 4.3 -1.7
v -1.3 4.2 -1.7
v -1.3 4.3 -1.7
v -1.2 4.2 -1.7
v -1.2 4.3 -1.7
v -1 4.2 -1.7
v -1 4.3 -1.7
v -0.8 4.2 -1.7
v -0.8 4.3 -1.7
v -0.7 4.2 -1.7
v -0.7 4.3 -1.7
v -0.6 4.2 -1.7
v -0.6 4.3 -1.7
v -0.4 4.2 -1.7
v -0.4 4.3 -1.7
v -0.3 4.2 -1.7
v -0.3 4.3 -1.7
v 0 0 -1.7
v 0 0.2 -1.7
v 0 0.3 -1.7
v 0 0.4 -1.7
v 0 1.7 -1.7
v 0 1.8 -1.7
v 0 2.8 -1.7
v 0 2.9 -1.7
v 0 4 -1.7
v 0 4.1 -1.7
v 0 4.2 -1.7
v 0.0999999 0 -1.7
v 0.0999999 0.2 -1.7
v 0.0999999 0.3 -1.7
v 0.0999999 0.4 -1.7
v 0.0999999 1.7 -1.7
v 0.0999999 1.8 -1.7
v 0.0999999 1.9 -1.7
v 0.0999999 2.1 -1.7
v 0.0999999 2.3 -1.7
v 0.0999999 2.4 -1.7
v 0.0999999 2.5 -1.7
v 0.0999999 2.7 -1.7
v 0.0999999 2.8 -1.7
v 0.0999999 2.9 -1.7
v 0.0999999 4 -1.7
v 0.0999999 4.1 -1.7
v 0.0999999 4.3 -1.7
v 0.2 1.8 -1.7
v 0.2 2.3 -1.7
v 0.2 2.5 -1.7
v 0.2 2.8 -1.7
v -4.1 1.8 -1.8
v -4.1 1.9 -1.8
v -4.1 2.1 -1.8
v -4.1 2.3 -1.8
v -4.1 2.4 -1.8
v -4.1 2.7 -1.8
v -4.1 2.8 -1.8
v -4 1.8 -1.8
v -4 1.9 -1.8
v -4 2.1 -1.8
v -4 2.3 -1.8
v -4 2.4 -1.8
v -4 2.7 -1.8
v -4 2.8 -1.8
v 0 1.8 -1.8
v 0 1.9 -1.8
v 0 2.1 -1.8
v 0 2.3 -1.8
v 0 2.4 -1.8
v 0 2.7 -1.8
v 0 2.8 -1.8
v 0.0999999 1.8 -1.8
v 0.0999999 1.9 -1.8
v 0.0999999 2.1 -1.8
v 0.0999999 2.3 -1.8
v 0.0999999 2.4 -1.8
v 0.0999999 2.7 -1.8
v 0.0999999 2.8 -1.8
v -4.2 0.7 -2.4
v -4.2 0.9 -2.4
v -4.2 1.1 -2.4
v -4.2 1.2 -2.4
v -4.2 1.5 -2.4
v -4.1 0.6 -2.4
v -4.1 0.7 -2.4
v -4.1 0.8 -2.4
v -4.1 0.9 -2.4
v -4.1 1 -2.4
v -4.1 1.1 -2.4
v -4.1 1.2 -2.4
v -4.1 1.3 -2.4
v -4.1 1.4 -2.4
v -4.1 1.5 -2.4
v -4.1 1.6 -2.4
v -4 0.6 -2.4
v -4 0.7 -2.4
v -4 1.5 -2.4
v -4 1.6 -2.4
v 0 0.6 -2.4
v 0 0.7 -2.4
v 0 1.5 -2.4
v 0 1.6 -2.4
v 0.0999999 0.6 -2.4
v 0.0999999 0.7 -2.4
v 0.0999999 0.8 -2.4
v 0.0999999 0.9 -2.4
v 0.0999999 1 -2.4
v 0.0999999 1.1 -2.4
v 0.0999999 1.2 -2.4
v 0.0999999 1.3 -2.4
v 0.0999999 1.4 -2.4
v 0.0999999 1.5 -2.4
v 0.0999999 1.6 -2.4
v 0.2 0.7 -2.4
v 0.2 0.9 -2.4
v 0.2 1.1 -2.4
v 0.2 1.2 -2.4
v 0.2 1.5 -2.4
v -4.2 3.1 -2.5
v -4.2 3.2 -2.5
v -4.2 3.4 -2.5
v -4.2 3.5 -2.5
v -4.2 3.6 -2.5
v -4.2 3.7 -2.5
v -4.1 0.7 -2.5
v -4.1 0.8 -2.5
v -4.1 1 -2.5
v -4.1 1.3 -2.5
v -4.1 1.4 -2.5
v -4.1 1.5 -2.5
v -4.1 3 -2.5
v -4.1 3.1 -2.5
v -4.1 3.2 -2.5
v -4.1 3.4 -2.5
v -4.1 3.5 -2.5
v -4.1 3.6 -2.5
v -4.1 3.7 -2.5
v -4.1 3.8 -2.5
v -4 0.7 -2.5
v -4 0.8 -2.5
v -4 1 -2.5
v -4 1.3 -2.5
v -4 1.4 -2.5
v -4 1.5 -2.5
v -4 3 -2.5
v -4 3.1 -2.5
v -4 3.7 -2.5
v -4 3.8 -2.5
v 0 0.7 -2.5
v 0 0.8 -2.5
v 0 1 -2.5
v 0 1.3 -2.5
v 0 1.4 -2.5
v 0 1.5 -2.5
v 0 3 -2.5
v 0 3.1 -2.5
v 0 3.7 -2.5
v 0 3.8 -2.5
v 0.0999999 0.7 -2.5
v 0.0999999 0.8 -2.5
v 0.0999999 1 -2.5
v 0.0999999 1.3 -2.5
v 0.0999999 1.4 -2.5
v 0.0999999 1.5 -2.5
v 0.0999999 3 -2.5
v 0.0999999 3.1 -2.5
v 0.0999999 3.2 -2.5
v 0.0999999 3.4 -2.5
v 0.0999999 3.5 -2.5
v 0.0999999 3.6 -2.5
v 0.0999999 3.7 -2.5
v 0.0999999 3.8 -2.5
v 0.2 3.1 -2.5
v 0.2 3.2 -2.5
v 0.2 3.4 -2.5
v 0.2 3.5 -2.5
v 0.2 3.6 -2.5
v 0.2 3.7 -2.5
v -4.1 3.1 -2.6
v -4.1 3.2 -2.6
v -4.1 3.4 -2.6
v -4.1 3.5 -2.6
v -4.1 3.6 -2.6
v -4.1 3.7 -2.6
v -4 3.1 -2.6
v -4 3.2 -2.6
v -4 3.4 -2.6
v -4 3.5 -2.6
v -4 3.6 -2.6
v -4 3.7 -2.6
v 0 3.1 -2.6
v 0 3.2 -2.6
v 0 3.4 -2.6
v 0 3.5 -2.6
v 0 3.6 -2.6
v 0 3.7 -2.6
v 0.0999999 3.1 -2.6
v 0.0999999 3.2 -2.6
v 0.0999999 3.4 -2.6
v 0.0999999 3.5 -2.6
v 0.0999999 3.6 -2.6
v 0.0999999 3.7 -2.6
v -4 0.5 -3
v -4 0.6 -3
v -4 1.6 -3
v -4 1.7 -3
v -4 2.9 -3
v -4 3 -3
v -4 3.8 -3
v -4 3.9 -3
v -3.9 3 -3
v -3.9 3.8 -3
v -3.9 3.9 -3
v -3.8 0.5 -3
v -3.8 0.6 -3
v -3.8 0.7 -3
v -3.8 1.5 -3
v -3.8 1.6 -3
v -3.8 1.7 -3
v -3.8 3 -3
v -3.8 3.8 -3
v -3.7 0.4 -3
v -3.7 0.5 -3
v -3.7 0.7 -3
v -3.7 0.8 -3
v -3.7 1 -3
v -3.7 1.3 -3
v -3.7 1.4 -3
v -3.7 1.5 -3
v -3.7 1.7 -3
v -3.7 2.9 -3
v -3.7 3.9 -3
v -3.7 4 -3
v -3.6 0.2 -3
v -3.6 0.3 -3
v -3.6 0.4 -3
v -3.6 0.6 -3
v -3.6 0.7 -3
v -3.6 1.5 -3
v -3.6 1.6 -3
v -3.6 4 -3
v -3.6 4.1 -3
v -3.6 4.2 -3
v -3.5 0.2 -3
v -3.5 0.5 -3
v -3.5 3.8 -3
v -3.5 3.9 -3
v -3.5 4 -3
v -3.5 4.2 -3
v -3.4 0.5 -3
v -3.4 0.6 -3
v -3.4 1.6 -3
v -3.4 1.7 -3
v -3.4 1.8 -3
v -3.4 2.8 -3
v -3.4 2.9 -3
v -3.3 0.6 -3
v -3.3 1.6 -3
v -3.3 1.8 -3
v -3.3 2.1 -3
v -3.3 2.2 -3
v -3.3 2.4 -3
v -3.3 2.7 -3
v -3.3 2.8 -3
v -3.3 3 -3
v -3.3 3.8 -3
v -3.2 0.5 -3
v -3.2 0.6 -3
v -3.2 1.8 -3
v -3.2 2.1 -3
v -3.2 2.3 -3
v -3.2 2.4 -3
v -3.2 2.8 -3
v -3.2 3.9 -3
v -3.1 0.5 -3
v -3.1 0.6 -3
v -3.1 1.7 -3
v -3.1 1.8 -3
v -3.1 2.8 -3
v -3.1 2.9 -3
v -3.1 3.9 -3
v -3 0.5 -3
v -3 0.6 -3
v -3 1.6 -3
v -3 1.7 -3
v -3 3 -3
v -3 3.1 -3
v -3 3.7 -3
v -3 3.8 -3
v -3 3.9 -3
v -2.9 0.5 -3
v -2.9 1.6 -3
v -2.9 2.9 -3
v -2.9 3.1 -3
v -2.9 3.2 -3
v -2.9 3.3 -3
v -2.9 3.5 -3
v -2.9 3.6 -3
v -2.9 3.7 -3
v -2.9 3.9 -3
v -2.8 0.2 -3
v -2.8 0.4 -3
v -2.8 0.5 -3
v -2.8 0.6 -3
v -2.8 1.7 -3
v -2.8 2.9 -3
v -2.8 3 -3
v -2.8 3.1 -3
v -2.8 3.8 -3
v -2.8 3.9 -3
v -2.8 4 -3
v -2.8 4.2 -3
v -2.7 0.2 -3
v -2.7 0.4 -3
v -2.7 2.9 -3
v -2.7 3 -3
v -2.7 4 -3
v -2.7 4.2 -3
v -2.6 0.4 -3
v -2.6 0.5 -3
v -2.6 0.6 -3
v -2.6 1.6 -3
v -2.6 1.7 -3
v -2.6 2.9 -3
v -2.6 3 -3
v -2.6 3.8 -3
v -2.6 3.9 -3
v -2.6 4 -3
v -2.5 0.5 -3
v -2.5 0.6 -3
v -2.5 1.6 -3
v -2.5 1.7 -3
v -2.4 0.5 -3
v -2.4 0.6 -3
v -2.4 0.7 -3
v -2.4 1.5 -3
v -2.4 1.6 -3
v -2.4 1.7 -3
v -2.4 3.8 -3
v -2.3 0.5 -3
v -2.3 0.7 -3
v -2.3 0.8 -3
v -2.3 0.9 -3
v -2.3 1 -3
v -2.3 1.2 -3
v -2.3 1.3 -3
v -2.3 1.5 -3
v -2.3 2.9 -3
v -2.3 3.8 -3
v -2.3 3.9 -3
v -2.2 0.7 -3
v -2.2 1.1 -3
v -2.2 1.3 -3
v -2.2 1.5 -3
v -2.2 2.9 -3
v -2.2 3 -3
v -2.2 3.8 -3
v -2.1 0.5 -3
v -2.1 0.6 -3
v -2.1 0.7 -3
v -2.1 1.5 -3
v -2.1 1.6 -3
v -2.1 1.7 -3
v -2.1 3.9 -3
v -2 0.5 -3
v -2 0.6 -3
v -2 3 -3
v -2 3.1 -3
v -2 3.7 -3
v -2 3.8 -3
v -1.9 0.5 -3
v -1.9 1.6 -3
v -1.9 1.7 -3
v -1.9 2.9 -3
v -1.9 3.1 -3
v -1.9 3.2 -3
v -1.9 3.4 -3
v -1.9 3.5 -3
v -1.9 3.7 -3
v -1.9 3.9 -3
v -1.8 0.5 -3
v -1.8 0.6 -3
v -1.8 2.9 -3
v -1.8 3 -3
v -1.8 3.1 -3
v -1.8 3.7 -3
v -1.8 3.8 -3
v -1.8 3.9 -3
v -1.7 0.6 -3
v -1.7 1.6 -3
v -1.7 2.9 -3
v -1.7 3 -3
v -1.7 3.8 -3
v -1.7 3.9 -3
v -1.6 0.5 -3
v -1.6 1.7 -3
v -1.6 3 -3
v -1.6 3.8 -3
v -1.6 3.9 -3
v -1.5 0.6 -3
v -1.5 1.7 -3
v -1.5 3.8 -3
v -1.4 0.4 -3
v -1.4 0.5 -3
v -1.4 0.6 -3
v -1.4 1.6 -3
v -1.4 2.9 -3
v -1.4 3 -3
v -1.4 3.8 -3
v -1.4 3.9 -3
v -1.4 4 -3
v -1.3 0.2 -3
v -1.3 0.3 -3
v -1.3 0.4 -3
v -1.3 1.6 -3
v -1.3 1.7 -3
v -1.3 1.8 -3
v -1.3 2.8 -3
v -1.3 2.9 -3
v -1.3 3 -3
v -1.3 4 -3
v -1.3 4.1 -3
v -1.3 4.2 -3
v -1.2 0.2 -3
v -1.2 0.4 -3
v -1.2 0.6 -3
v -1.2 1.8 -3
v -1.2 1.9 -3
v -1.2 2.1 -3
v -1.2 2.3 -3
v -1.2 2.4 -3
v -1.2 2.7 -3
v -1.2 2.8 -3
v -1.2 3.8 -3
v -1.2 4 -3
v -1.2 4.2 -3
v -1.1 0.4 -3
v -1.1 0.5 -3
v -1.1 0.6 -3
v -1.1 1.6 -3
v -1.1 1.8 -3
v -1.1 2.1 -3
v -1.1 2.2 -3
v -1.1 2.4 -3
v -1.1 2.5 -3
v -1.1 2.7 -3
v -1.1 2.8 -3
v -1.1 3 -3
v -1.1 3.8 -3
v -1.1 3.9 -3
v -1.1 4 -3
v -1 0.6 -3
v -1 1.7 -3
v -1 1.8 -3
v -1 2.8 -3
v -1 2.9 -3
v -1 3.9 -3
v -0.9 0.5 -3
v -0.9 3 -3
v -0.9 3.8 -3
v -0.8 0.5 -3
v -0.8 0.6 -3
v -0.8 1.6 -3
v -0.8 1.7 -3
v -0.8 3.8 -3
v -0.8 3.9 -3
v -0.7 0.5 -3
v -0.7 0.6 -3
v -0.7 1.7 -3
v -0.7 2.9 -3
v -0.7 3 -3
v -0.6 0.5 -3
v -0.6 0.6 -3
v -0.6 0.7 -3
v -0.6 1.5 -3
v -0.6 1.6 -3
v -0.6 3 -3
v -0.6 3.9 -3
v -0.5 0.7 -3
v -0.5 0.8 -3
v -0.5 1 -3
v -0.5 1.3 -3
v -0.5 1.4 -3
v -0.5 1.5 -3
v -0.5 3 -3
v -0.5 3.1 -3
v -0.5 3.7 -3
v -0.5 3.8 -3
v -0.5 3.9 -3
v -0.4 0.7 -3
v -0.4 0.9 -3
v -0.4 1 -3
v -0.4 1.2 -3
v -0.4 1.3 -3
v -0.4 1.4 -3
v -0.4 1.5 -3
v -0.4 3.1 -3
v -0.4 3.2 -3
v -0.4 3.4 -3
v -0.4 3.5 -3
v -0.4 3.6 -3
v -0.4 3.7 -3
v -0.4 3.9 -3
v -0.3 0.5 -3
v -0.3 0.6 -3
v -0.3 0.7 -3
v -0.3 1.5 -3
v -0.3 1.6 -3
v -0.3 3.1 -3
v -0.3 3.2 -3
v -0.3 3.3 -3
v -0.3 3.5 -3
v -0.3 3.6 -3
v -0.3 3.7 -3
v -0.2 0.5 -3
v -0.2 1.6 -3
v -0.2 1.7 -3
v -0.2 2.9 -3
v -0.2 3 -3
v -0.2 3.1 -3
v -0.2 3.7 -3
v -0.2 3.8 -3
v -0.0999999 3.9 -3
v 0 0.5 -3
v 0 0.6 -3
v 0 1.6 -3
v 0 1.7 -3
v 0 2.9 -3
v 0 3 -3
v 0 3.8 -3
v 0 3.9 -3
v -4.2 0 -3.1
v -4.2 0.1 -3.1
v -4.2 0.2 -3.1
v -4.2 0.4 -3.1
v -4.2 0.7 -3.1
v -4.2 0.8 -3.1
v -4.2 0.9 -3.1
v -4.2 1.1 -3.1
v -4.2 1.4 -3.1
v -4.2 1.5 -3.1
v -4.2 1.8 -3.1
v -4.2 1.9 -3.1
v -4.2 2.2 -3.1
v -4.2 2.4 -3.1
v -4.2 2.5 -3.1
v -4.2 2.8 -3.1
v -4.2 3.1 -3.1
v -4.2 3.2 -3.1
v -4.2 3.3 -3.1
v -4.2 3.5 -3.1
v -4.2 3.6 -3.1
v -4.2 3.7 -3.1
v -4.2 4 -3.1
v -4.2 4.1 -3.1
v -4.2 4.2 -3.1
v -4.2 4.4 -3.1
v -4.1 0 -3.1
v -4.1 0.1 -3.1
v -4.1 0.2 -3.1
v -4.1 0.4 -3.1
v -4.1 0.5 -3.1
v -4.1 0.6 -3.1
v -4.1 0.7 -3.1
v -4.1 0.8 -3.1
v -4.1 0.9 -3.1
v -4.1 1 -3.1
v -4.1 1.1 -3.1
v -4.1 1.2 -3.1
v -4.1 1.3 -3.1
v -4.1 1.4 -3.1
v -4.1 1.5 -3.1
v -4.1 1.6 -3.1
v -4.1 1.7 -3.1
v -4.1 1.8 -3.1
v -4.1 1.9 -3.1
v -4.1 2.1 -3.1
v -4.1 2.2 -3.1
v -4.1 2.4 -3.1
v -4.1 2.5 -3.1
v -4.1 2.7 -3.1
v -4.1 2.8 -3.1
v -4.1 2.9 -3.1
v -4.1 3 -3.1
v -4.1 3.1 -3.1
v -4.1 3.2 -3.1
v -4.1 3.3 -3.1
v -4.1 3.4 -3.1
v -4.1 3.5 -3.1
v -4.1 3.6 -3.1
v -4.1 3.7 -3.1
v -4.1 3.8 -3.1
v -4.1 3.9 -3.1
v -4.1 4 -3.1
v -4.1 4.1 -3.1
v -4.1 4.2 -3.1
v -4.1 4.3 -3.1
v -4.1 4.4 -3.1
v -4 0.4 -3.1
v -4 0.6 -3.1
v -4 0.7 -3.1
v -4 1.5 -3.1
v -4 1.6 -3.1
v -4 1.7 -3.1
v -4 1.8 -3.1
v -4 2.8 -3.1
v -4 2.9 -3.1
v -4 3 -3.1
v -4 3.1 -3.1
v -4 3.7 -3.1
v -4 3.8 -3.1
v -4 3.9 -3.1
v -4 4 -3.1
v -3.9 0.7 -3.1
v -3.9 1.8 -3.1
v -3.9 2.8 -3.1
v -3.9 3 -3.1
v -3.9 3.1 -3.1
v -3.9 3.7 -3.1
v -3.9 3.8 -3.1
v -3.9 3.9 -3.1
v -3.9 4 -3.1
v -3.8 0.4 -3.1
v -3.8 0.5 -3.1
v -3.8 0.6 -3.1
v -3.8 0.7 -3.1
v -3.8 1.5 -3.1
v -3.8 1.6 -3.1
v -3.8 1.7 -3.1
v -3.8 1.8 -3.1
v -3.8 3 -3.1
v -3.8 3.1 -3.1
v -3.8 3.7 -3.1
v -3.8 3.8 -3.1
v -3.8 4 -3.1
v -3.7 0 -3.1
v -3.7 0.1 -3.1
v -3.7 0.2 -3.1
v -3.7 0.3 -3.1
v -3.7 0.4 -3.1
v -3.7 0.5 -3.1
v -3.7 0.7 -3.1
v -3.7 0.8 -3.1
v -3.7 1 -3.1
v -3.7 1.3 -3.1
v -3.7 1.4 -3.1
v -3.7 1.5 -3.1
v -3.7 1.7 -3.1
v -3.7 1.8 -3.1
v -3.7 2.8 -3.1
v -3.7 2.9 -3.1
v -3.7 3.1 -3.1
v -3.7 3.9 -3.1
v -3.7 4 -3.1
v -3.7 4.1 -3.1
v -3.7 4.2 -3.1
v -3.7 4.4 -3.1
v -3.6 0 -3.1
v -3.6 0.1 -3.1
v -3.6 0.3 -3.1
v -3.6 0.4 -3.1
v -3.6 0.6 -3.1
v -3.6 0.7 -3.1
v -3.6 0.8 -3.1
v -3.6 0.9 -3.1
v -3.6 1 -3.1
v -3.6 1.1 -3.1
v -3.6 1.3 -3.1
v -3.6 1.4 -3.1
v -3.6 1.5 -3.1
v -3.6 1.6 -3.1
v -3.6 2.8 -3.1
v -3.6 4 -3.1
v -3.6 4.1 -3.1
v -3.6 4.2 -3.1
v -3.6 4.4 -3.1
v -3.5 0.4 -3.1
v -3.5 0.5 -3.1
v -3.5 0.7 -3.1
v -3.5 1.8 -3.1
v -3.5 2.8 -3.1
v -3.5 3.7 -3.1
v -3.5 3.8 -3.1
v -3.5 3.9 -3.1
v -3.5 4 -3.1
v -3.4 0.4 -3.1
v -3.4 0.5 -3.1
v -3.4 0.6 -3.1
v -3.4 0.7 -3.1
v -3.4 1.5 -3.1
v -3.4 1.6 -3.1
v -3.4 1.7 -3.1
v -3.4 1.8 -3.1
v -3.4 1.9 -3.1
v -3.4 2.1 -3.1
v -3.4 2.2 -3.1
v -3.4 2.4 -3.1
v -3.4 2.5 -3.1
v -3.4 2.7 -3.1
v -3.4 2.8 -3.1
v -3.4 2.9 -3.1
v -3.4 3.1 -3.1
v -3.4 3.7 -3.1
v -3.4 4 -3.1
v -3.3 0.4 -3.1
v -3.3 0.6 -3.1
v -3.3 0.7 -3.1
v -3.3 1.5 -3.1
v -3.3 1.6 -3.1
v -3.3 1.8 -3.1
v -3.3 2.1 -3.1
v -3.3 2.2 -3.1
v -3.3 2.4 -3.1
v -3.3 2.7 -3.1
v -3.3 2.8 -3.1
v -3.3 3 -3.1
v -3.3 3.1 -3.1
v -3.3 3.7 -3.1
v -3.3 3.8 -3.1
v -3.3 4 -3.1
v -3.2 0.4 -3.1
v -3.2 0.5 -3.1
v -3.2 0.6 -3.1
v -3.2 0.7 -3.1
v -3.2 1.8 -3.1
v -3.2 2.1 -3.1
v -3.2 2.3 -3.1
v -3.2 2.4 -3.1
v -3.2 2.8 -3.1
v -3.2 3.7 -3.1
v -3.2 3.9 -3.1
v -3.2 4 -3.1
v -3.1 0.4 -3.1
v -3.1 0.5 -3.1
v -3.1 0.6 -3.1
v -3.1 0.7 -3.1
v -3.1 1.5 -3.1
v -3.1 1.7 -3.1
v -3.1 1.8 -3.1
v -3.1 1.9 -3.1
v -3.1 2.1 -3.1
v -3.1 2.2 -3.1
v -3.1 2.3 -3.1
v -3.1 2.4 -3.1
v -3.1 2.5 -3.1
v -3.1 2.7 -3.1
v -3.1 2.8 -3.1
v -3.1 2.9 -3.1
v -3.1 3.1 -3.1
v -3.1 3.7 -3.1
v -3.1 3.9 -3.1
v -3.1 4 -3.1
v -3 0.4 -3.1
v -3 0.5 -3.1
v -3 0.6 -3.1
v -3 0.7 -3.1
v -3 1.5 -3.1
v -3 1.6 -3.1
v -3 1.7 -3.1
v -3 1.8 -3.1
v -3 3 -3.1
v -3 3.1 -3.1
v -3 3.2 -3.1
v -3 3.3 -3.1
v -3 3.5 -3.1
v -3 3.6 -3.1
v -3 3.7 -3.1
v -3 3.8 -3.1
v -3 3.9 -3.1
v -3 4 -3.1
v -2.9 0.4 -3.1
v -2.9 0.5 -3.1
v -2.9 0.7 -3.1
v -2.9 1.5 -3.1
v -2.9 1.6 -3.1
v -2.9 1.8 -3.1
v -2.9 2.8 -3.1
v -2.9 2.9 -3.1
v -2.9 3.1 -3.1
v -2.9 3.2 -3.1
v -2.9 3.3 -3.1
v -2.9 3.5 -3.1
v -2.9 3.6 -3.1
v -2.9 3.7 -3.1
v -2.9 3.9 -3.1
v -2.9 4 -3.1
v -2.8 0.4 -3.1
v -2.8 0.5 -3.1
v -2.8 0.6 -3.1
v -2.8 0.7 -3.1
v -2.8 1.5 -3.1
v -2.8 1.7 -3.1
v -2.8 1.8 -3.1
v -2.8 2.8 -3.1
v -2.8 2.9 -3.1
v -2.8 3 -3.1
v -2.8 3.1 -3.1
v -2.8 3.7 -3.1
v -2.8 3.8 -3.1
v -2.8 3.9 -3.1
v -2.8 4 -3.1
v -2.7 0 -3.1
v -2.7 0.2 -3.1
v -2.7 0.4 -3.1
v -2.7 0.7 -3.1
v -2.7 2.8 -3.1
v -2.7 2.9 -3.1
v -2.7 3 -3.1
v -2.7 3.1 -3.1
v -2.7 3.7 -3.1
v -2.7 4 -3.1
v -2.7 4.3 -3.1
v -2.6 0 -3.1
v -2.6 0.1 -3.1
v -2.6 0.2 -3.1
v -2.6 0.4 -3.1
v -2.6 0.5 -3.1
v -2.6 0.6 -3.1
v -2.6 0.7 -3.1
v -2.6 1.5 -3.1
v -2.6 1.6 -3.1
v -2.6 1.7 -3.1
v -2.6 1.8 -3.1
v -2.6 2.8 -3.1
v -2.6 2.9 -3.1
v -2.6 3 -3.1
v -2.6 3.1 -3.1
v -2.6 3.7 -3.1
v -2.6 3.8 -3.1
v -2.6 3.9 -3.1
v -2.6 4 -3.1
v -2.6 4.1 -3.1
v -2.6 4.3 -3.1
v -2.5 0.4 -3.1
v -2.5 0.5 -3.1
v -2.5 0.6 -3.1
v -2.5 0.7 -3.1
v -2.5 1.5 -3.1
v -2.5 1.6 -3.1
v -2.5 1.7 -3.1
v -2.5 1.8 -3.1
v -2.5 2.8 -3.1
v -2.5 3.7 -3.1
v -2.4 0.4 -3.1
v -2.4 0.5 -3.1
v -2.4 0.6 -3.1
v -2.4 0.7 -3.1
v -2.4 0.8 -3.1
v -2.4 0.9 -3.1
v -2.4 1 -3.1
v -2.4 1.1 -3.1
v -2.4 1.2 -3.1
v -2.4 1.3 -3.1
v -2.4 1.5 -3.1
v -2.4 1.6 -3.1
v -2.4 1.7 -3.1
v -2.4 1.8 -3.1
v -2.4 2.8 -3.1
v -2.4 3.7 -3.1
v -2.4 3.8 -3.1
v -2.4 4 -3.1
v -2.3 0.4 -3.1
v -2.3 0.5 -3.1
v -2.3 0.7 -3.1
v -2.3 0.8 -3.1
v -2.3 0.9 -3.1
v -2.3 1 -3.1
v -2.3 1.2 -3.1
v -2.3 1.3 -3.1
v -2.3 1.5 -3.1
v -2.3 2.8 -3.1
v -2.3 2.9 -3.1
v -2.3 3.7 -3.1
v -2.3 3.8 -3.1
v -2.3 3.9 -3.1
v -2.3 4 -3.1
v -2.2 0.7 -3.1
v -2.2 1.1 -3.1
v -2.2 1.3 -3.1
v -2.2 1.5 -3.1
v -2.2 1.8 -3.1
v -2.2 2.8 -3.1
v -2.2 2.9 -3.1
v -2.2 3 -3.1
v -2.2 3.1 -3.1
v -2.2 3.7 -3.1
v -2.2 3.8 -3.1
v -2.2 4 -3.1
v -2.1 0.4 -3.1
v -2.1 0.5 -3.1
v -2.1 0.6 -3.1
v -2.1 0.7 -3.1
v -2.1 0.8 -3.1
v -2.1 0.9 -3.1
v -2.1 1.1 -3.1
v -2.1 1.2 -3.1
v -2.1 1.3 -3.1
v -2.1 1.4 -3.1
v -2.1 1.5 -3.1
v -2.1 1.6 -3.1
v -2.1 1.7 -3.1
v -2.1 1.8 -3.1
v -2.1 3.1 -3.1
v -2.1 3.9 -3.1
v -2.1 4 -3.1
v -2 0.4 -3.1
v -2 0.5 -3.1
v -2 0.6 -3.1
v -2 0.7 -3.1
v -2 1.5 -3.1
v -2 1.8 -3.1
v -2 3 -3.1
v -2 3.1 -3.1
v -2 3.7 -3.1
v -2 3.8 -3.1
v -2 4 -3.1
v -1.9 0.4 -3.1
v -1.9 0.5 -3.1
v -1.9 0.7 -3.1
v -1.9 1.5 -3.1
v -1.9 1.6 -3.1
v -1.9 1.7 -3.1
v -1.9 1.8 -3.1
v -1.9 2.8 -3.1
v -1.9 2.9 -3.1
v -1.9 3.1 -3.1
v -1.9 3.2 -3.1
v -1.9 3.4 -3.1
v -1.9 3.5 -3.1
v -1.9 3.7 -3.1
v -1.9 3.9 -3.1
v -1.9 4 -3.1
v -1.8 0.4 -3.1
v -1.8 0.5 -3.1
v -1.8 0.6 -3.1
v -1.8 0.7 -3.1
v -1.8 2.8 -3.1
v -1.8 2.9 -3.1
v -1.8 3 -3.1
v -1.8 3.1 -3.1
v -1.8 3.2 -3.1
v -1.8 3.3 -3.1
v -1.8 3.4 -3.1
v -1.8 3.5 -3.1
v -1.8 3.6 -3.1
v -1.8 3.7 -3.1
v -1.8 3.8 -3.1
v -1.8 3.9 -3.1
v -1.8 4 -3.1
v -1.7 0.4 -3.1
v -1.7 0.6 -3.1
v -1.7 0.7 -3.1
v -1.7 1.5 -3.1
v -1.7 1.6 -3.1
v -1.7 2.8 -3.1
v -1.7 2.9 -3.1
v -1.7 3 -3.1
v -1.7 3.1 -3.1
v -1.7 3.7 -3.1
v -1.7 3.8 -3.1
v -1.7 3.9 -3.1
v -1.7 4 -3.1
v -1.6 0.4 -3.1
v -1.6 0.5 -3.1
v -1.6 0.7 -3.1
v -1.6 1.7 -3.1
v -1.6 1.8 -3.1
v -1.6 3 -3.1
v -1.6 3.1 -3.1
v -1.6 3.7 -3.1
v -1.6 3.8 -3.1
v -1.6 3.9 -3.1
v -1.6 4 -3.1
v -1.5 0.6 -3.1
v -1.5 0.7 -3.1
v -1.5 1.5 -3.1
v -1.5 1.7 -3.1
v -1.5 1.8 -3.1
v -1.5 3.7 -3.1
v -1.5 3.8 -3.1
v -1.5 4 -3.1
v -1.4 0 -3.1
v -1.4 0.1 -3.1
v -1.4 0.2 -3.1
v -1.4 0.3 -3.1
v -1.4 0.4 -3.1
v -1.4 0.5 -3.1
v -1.4 0.6 -3.1
v -1.4 0.7 -3.1
v -1.4 1.5 -3.1
v -1.4 1.6 -3.1
v -1.4 1.8 -3.1
v -1.4 2.8 -3.1
v -1.4 2.9 -3.1
v -1.4 3 -3.1
v -1.4 3.1 -3.1
v -1.4 3.7 -3.1
v -1.4 3.8 -3.1
v -1.4 3.9 -3.1
v -1.4 4 -3.1
v -1.4 4.1 -3.1
v -1.4 4.2 -3.1
v -1.4 4.3 -3.1
v -1.3 0 -3.1
v -1.3 0.2 -3.1
v -1.3 0.3 -3.1
v -1.3 0.4 -3.1
v -1.3 0.7 -3.1
v -1.3 1.5 -3.1
v -1.3 1.6 -3.1
v -1.3 1.7 -3.1
v -1.3 1.8 -3.1
v -1.3 1.9 -3.1
v -1.3 2.1 -3.1
v -1.3 2.3 -3.1
v -1.3 2.4 -3.1
v -1.3 2.5 -3.1
v -1.3 2.7 -3.1
v -1.3 2.8 -3.1
v -1.3 2.9 -3.1
v -1.3 3 -3.1
v -1.3 3.1 -3.1
v -1.3 3.7 -3.1
v -1.3 4 -3.1
v -1.3 4.1 -3.1
v -1.3 4.2 -3.1
v -1.3 4.3 -3.1
v -1.2 0 -3.1
v -1.2 0.1 -3.1
v -1.2 0.4 -3.1
v -1.2 0.6 -3.1
v -1.2 0.7 -3.1
v -1.2 1.8 -3.1
v -1.2 1.9 -3.1
v -1.2 2.1 -3.1
v -1.2 2.3 -3.1
v -1.2 2.4 -3.1
v -1.2 2.7 -3.1
v -1.2 2.8 -3.1
v -1.2 3.7 -3.1
v -1.2 3.8 -3.1
v -1.2 4 -3.1
v -1.2 4.3 -3.1
v -1.1 0 -3.1
v -1.1 0.1 -3.1
v -1.1 0.2 -3.1
v -1.1 0.3 -3.1
v -1.1 0.4 -3.1
v -1.1 0.5 -3.1
v -1.1 0.6 -3.1
v -1.1 0.7 -3.1
v -1.1 1.5 -3.1
v -1.1 1.6 -3.1
v -1.1 1.8 -3.1
v -1.1 2.1 -3.1
v -1.1 2.2 -3.1
v -1.1 2.4 -3.1
v -1.1 2.5 -3.1
v -1.1 2.7 -3.1
v -1.1 2.8 -3.1
v -1.1 3 -3.1
v -1.1 3.1 -3.1
v -1.1 3.7 -3.1
v -1.1 3.8 -3.1
v -1.1 3.9 -3.1
v -1.1 4 -3.1
v -1.1 4.1 -3.1
v -1.1 4.3 -3.1
v -1 0.6 -3.1
v -1 0.7 -3.1
v -1 1.5 -3.1
v -1 1.7 -3.1
v -1 1.8 -3.1
v -1 1.9 -3.1
v -1 2.1 -3.1
v -1 2.2 -3.1
v -1 2.4 -3.1
v -1 2.5 -3.1
v -1 2.7 -3.1
v -1 2.8 -3.1
v -1 2.9 -3.1
v -1 3.1 -3.1
v -1 3.9 -3.1
v -1 4 -3.1
v -0.9 0.4 -3.1
v -0.9 0.5 -3.1
v -0.9 1.5 -3.1
v -0.9 3 -3.1
v -0.9 3.1 -3.1
v -0.9 3.7 -3.1
v -0.9 3.8 -3.1
v -0.9 4 -3.1
v -0.8 0.4 -3.1
v -0.8 0.5 -3.1
v -0.8 0.6 -3.1
v -0.8 0.7 -3.1
v -0.8 1.5 -3.1
v -0.8 1.6 -3.1
v -0.8 1.7 -3.1
v -0.8 1.8 -3.1
v -0.8 2.8 -3.1
v -0.8 3.7 -3.1
v -0.8 3.8 -3.1
v -0.8 3.9 -3.1
v -0.8 4 -3.1
v -0.7 0.4 -3.1
v -0.7 0.5 -3.1
v -0.7 0.6 -3.1
v -0.7 0.7 -3.1
v -0.7 1.5 -3.1
v -0.7 1.7 -3.1
v -0.7 1.8 -3.1
v -0.7 2.8 -3.1
v -0.7 2.9 -3.1
v -0.7 3 -3.1
v -0.7 3.1 -3.1
v -0.6 0.4 -3.1
v -0.6 0.5 -3.1
v -0.6 0.6 -3.1
v -0.6 0.7 -3.1
v -0.6 0.8 -3.1
v -0.6 0.9 -3.1
v -0.6 1 -3.1
v -0.6 1.1 -3.1
v -0.6 1.2 -3.1
v -0.6 1.3 -3.1
v -0.6 1.4 -3.1
v -0.6 1.5 -3.1
v -0.6 1.6 -3.1
v -0.6 2.8 -3.1
v -0.6 3 -3.1
v -0.6 3.1 -3.1
v -0.6 3.9 -3.1
v -0.6 4 -3.1
v -0.5 0.4 -3.1
v -0.5 0.7 -3.1
v -0.5 0.8 -3.1
v -0.5 1 -3.1
v -0.5 1.3 -3.1
v -0.5 1.4 -3.1
v -0.5 1.5 -3.1
v -0.5 1.8 -3.1
v -0.5 3 -3.1
v -0.5 3.1 -3.1
v -0.5 3.2 -3.1
v -0.5 3.4 -3.1
v -0.5 3.5 -3.1
v -0.5 3.6 -3.1
v -0.5 3.7 -3.1
v -0.5 3.8 -3.1
v -0.5 3.9 -3.1
v -0.5 4 -3.1
v -0.4 0.4 -3.1
v -0.4 0.7 -3.1
v -0.4 0.9 -3.1
v -0.4 1 -3.1
v -0.4 1.2 -3.1
v -0.4 1.3 -3.1
v -0.4 1.4 -3.1
v -0.4 1.5 -3.1
v -0.4 3.1 -3.1
v -0.4 3.2 -3.1
v -0.4 3.4 -3.1
v -0.4 3.5 -3.1
v -0.4 3.6 -3.1
v -0.4 3.7 -3.1
v -0.4 3.9 -3.1
v -0.4 4 -3.1
v -0.3 0.4 -3.1
v -0.3 0.5 -3.1
v -0.3 0.6 -3.1
v -0.3 0.7 -3.1
v -0.3 0.8 -3.1
v -0.3 0.9 -3.1
v -0.3 1 -3.1
v -0.3 1.2 -3.1
v -0.3 1.3 -3.1
v -0.3 1.4 -3.1
v -0.3 1.5 -3.1
v -0.3 1.6 -3.1
v -0.3 2.8 -3.1
v -0.3 3.1 -3.1
v -0.3 3.2 -3.1
v -0.3 3.3 -3.1
v -0.3 3.5 -3.1
v -0.3 3.6 -3.1
v -0.3 3.7 -3.1
v -0.2 0.4 -3.1
v -0.2 0.5 -3.1
v -0.2 0.7 -3.1
v -0.2 1.5 -3.1
v -0.2 1.6 -3.1
v -0.2 1.7 -3.1
v -0.2 1.8 -3.1
v -0.2 2.8 -3.1
v -0.2 2.9 -3.1
v -0.2 3 -3.1
v -0.2 3.1 -3.1
v -0.2 3.2 -3.1
v -0.2 3.3 -3.1
v -0.2 3.5 -3.1
v -0.2 3.6 -3.1
v -0.2 3.7 -3.1
v -0.2 3.8 -3.1
v -0.2 4 -3.1
v -0.0999999 0.7 -3.1
v -0.0999999 1.5 -3.1
v -0.0999999 3.9 -3.1
v -0.0999999 4 -3.1
v 0 0.4 -3.1
v 0 0.7 -3.1
v 0 1.8 -3.1
v 0 2.8 -3.1
v 0 3 -3.1
v 0 3.1 -3.1
v 0 3.7 -3.1
v 0 4 -3.1
v 0.0999999 0 -3.1
v 0.0999999 0.1 -3.1
v 0.0999999 0.2 -3.1
v 0.0999999 0.4 -3.1
v 0.0999999 0.5 -3.1
v 0.0999999 0.6 -3.1
v 0.0999999 0.7 -3.1
v 0.0999999 0.8 -3.1
v 0.0999999 0.9 -3.1
v 0.0999999 1 -3.1
v 0.0999999 1.1 -3.1
v 0.0999999 1.2 -3.1
v 0.0999999 1.3 -3.1
v 0.0999999 1.4 -3.1
v 0.0999999 1.5 -3.1
v 0.0999999 1.6 -3.1
v 0.0999999 1.7 -3.1
v 0.0999999 1.8 -3.1
v 0.0999999 1.9 -3.1
v 0.0999999 2.1 -3.1
v 0.0999999 2.2 -3.1
v 0.0999999 2.4 -3.1
v 0.0999999 2.5 -3.1
v 0.0999999 2.7 -3.1
v 0.0999999 2.8 -3.1
v 0.0999999 2.9 -3.1
v 0.0999999 3 -3.1
v 0.0999999 3.1 -3.1
v 0.0999999 3.2 -3.1
v 0.0999999 3.3 -3.1
v 0.0999999 3.4 -3.1
v 0.0999999 3.5 -3.1
v 0.0999999 3.6 -3.1
v 0.0999999 3.7 -3.1
v 0.0999999 3.8 -3.1
v 0.0999999 3.9 -3.1
v 0.0999999 4 -3.1
v 0.0999999 4.1 -3.1
v 0.0999999 4.2 -3.1
v 0.0999999 4.3 -3.1
v 0.0999999 4.4 -3.1
v 0.2 0 -3.1
v 0.2 0.1 -3.1
v 0.2 0.2 -3.1
v 0.2 0.4 -3.1
v 0.2 0.7 -3.1
v 0.2 0.8 -3.1
v 0.2 0.9 -3.1
v 0.2 1.1 -3.1
v 0.2 1.4 -3.1
v 0.2 1.5 -3.1
v 0.2 1.8 -3.1
v 0.2 1.9 -3.1
v 0.2 2.2 -3.1
v 0.2 2.4 -3.1
v 0.2 2.5 -3.1
v 0.2 2.8 -3.1
v 0.2 3.1 -3.1
v 0.2 3.2 -3.1
v 0.2 3.3 -3.1
v 0.2 3.5 -3.1
v 0.2 3.6 -3.1
v 0.2 3.7 -3.1
v 0.2 4 -3.1
v 0.2 4.1 -3.1
v 0.2 4.2 -3.1
v 0.2 4.4 -3.1
v -4.1 0 -3.2
v -4.1 0.2 -3.2
v -4.1 0.4 -3.2
v -4.1 0.7 -3.2
v -4.1 0.8 -3.2
v -4.1 0.9 -3.2
v -4.1 1 -3.2
v -4.1 1.2 -3.2
v -4.1 1.3 -3.2
v -4.1 1.4 -3.2
v -4.1 1.5 -3.2
v -4.1 1.8 -3.2
v -4.1 1.9 -3.2
v -4.1 2.1 -3.2
v -4.1 2.2 -3.2
v -4.1 2.4 -3.2
v -4.1 2.5 -3.2
v -4.1 2.7 -3.2
v -4.1 2.8 -3.2
v -4.1 3.1 -3.2
v -4.1 3.2 -3.2
v -4.1 3.3 -3.2
v -4.1 3.4 -3.2
v -4.1 3.5 -3.2
v -4.1 3.6 -3.2
v -4.1 3.7 -3.2
v -4.1 4 -3.2
v -4.1 4.1 -3.2
v -4.1 4.2 -3.2
v -4.1 4.3 -3.2
v -4.1 4.4 -3.2
v -4 0 -3.2
v -4 0.1 -3.2
v -4 0.2 -3.2
v -4 0.4 -3.2
v -4 0.8 -3.2
v -4 0.9 -3.2
v -4 1 -3.2
v -4 1.1 -3.2
v -4 1.2 -3.2
v -4 1.3 -3.2
v -4 1.4 -3.2
v -4 1.5 -3.2
v -4 1.8 -3.2
v -4 1.9 -3.2
v -4 2.1 -3.2
v -4 2.2 -3.2
v -4 2.4 -3.2
v -4 2.5 -3.2
v -4 2.7 -3.2
v -4 2.8 -3.2
v -4 3.1 -3.2
v -4 3.2 -3.2
v -4 3.3 -3.2
v -4 3.4 -3.2
v -4 3.5 -3.2
v -4 3.6 -3.2
v -4 3.7 -3.2
v -4 4.1 -3.2
v -4 4.2 -3.2
v -4 4.3 -3.2
v -4 4.4 -3.2
v -3.9 0 -3.2
v -3.9 0.1 -3.2
v -3.9 0.7 -3.2
v -3.9 0.8 -3.2
v -3.9 1 -3.2
v -3.9 1.1 -3.2
v -3.9 1.2 -3.2
v -3.9 1.3 -3.2
v -3.9 1.8 -3.2
v -3.9 1.9 -3.2
v -3.9 2.2 -3.2
v -3.9 2.3 -3.2
v -3.9 2.5 -3.2
v -3.9 2.7 -3.2
v -3.9 2.8 -3.2
v -3.9 3.1 -3.2
v -3.9 3.2 -3.2
v -3.9 3.3 -3.2
v -3.9 3.4 -3.2
v -3.9 3.5 -3.2
v -3.9 3.6 -3.2
v -3.9 3.7 -3.2
v -3.9 4 -3.2
v -3.9 4.1 -3.2
v -3.9 4.4 -3.2
v -3.8 0.1 -3.2
v -3.8 0.2 -3.2
v -3.8 0.7 -3.2
v -3.8 0.8 -3.2
v -3.8 1 -3.2
v -3.8 1.3 -3.2
v -3.8 1.4 -3.2
v -3.8 1.5 -3.2
v -3.8 1.8 -3.2
v -3.8 1.9 -3.2
v -3.8 2.1 -3.2
v -3.8 2.2 -3.2
v -3.8 3.1 -3.2
v -3.8 3.2 -3.2
v -3.8 3.5 -3.2
v -3.8 3.6 -3.2
v -3.8 3.7 -3.2
v -3.8 4 -3.2
v -3.8 4.1 -3.2
v -3.8 4.4 -3.2
v -3.7 0 -3.2
v -3.7 0.2 -3.2
v -3.7 0.4 -3.2
v -3.7 1.9 -3.2
v -3.7 2.1 -3.2
v -3.7 2.2 -3.2
v -3.7 2.3 -3.2
v -3.7 2.4 -3.2
v -3.7 2.5 -3.2
v -3.7 2.7 -3.2
v -3.7 2.8 -3.2
v -3.7 3.1 -3.2
v -3.7 3.3 -3.2
v -3.7 4 -3.2
v -3.7 4.4 -3.2
v -3.6 0.7 -3.2
v -3.6 0.8 -3.2
v -3.6 0.9 -3.2
v -3.6 1 -3.2
v -3.6 1.1 -3.2
v -3.6 1.4 -3.2
v -3.6 1.5 -3.2
v -3.6 2.1 -3.2
v -3.6 2.2 -3.2
v -3.6 2.3 -3.2
v -3.6 2.4 -3.2
v -3.6 2.5 -3.2
v -3.6 2.7 -3.2
v -3.6 2.8 -3.2
v -3.6 3.5 -3.2
v -3.6 3.6 -3.2
v -3.5 0 -3.2
v -3.5 0.1 -3.2
v -3.5 0.2 -3.2
v -3.5 0.4 -3.2
v -3.5 0.7 -3.2
v -3.5 0.8 -3.2
v -3.5 0.9 -3.2
v -3.5 1 -3.2
v -3.5 1.8 -3.2
v -3.5 1.9 -3.2
v -3.5 2.1 -3.2
v -3.5 2.2 -3.2
v -3.5 2.3 -3.2
v -3.5 2.5 -3.2
v -3.5 2.7 -3.2
v -3.5 2.8 -3.2
v -3.5 3.2 -3.2
v -3.5 3.5 -3.2
v -3.5 3.6 -3.2
v -3.5 3.7 -3.2
v -3.5 4 -3.2
v -3.5 4.1 -3.2
v -3.5 4.2 -3.2
v -3.5 4.3 -3.2
v -3.5 4.4 -3.2
v -3.4 0.1 -3.2
v -3.4 0.2 -3.2
v -3.4 0.4 -3.2
v -3.4 0.7 -3.2
v -3.4 0.8 -3.2
v -3.4 0.9 -3.2
v -3.4 1 -3.2
v -3.4 1.1 -3.2
v -3.4 1.3 -3.2
v -3.4 1.4 -3.2
v -3.4 1.5 -3.2
v -3.4 1.8 -3.2
v -3.4 1.9 -3.2
v -3.4 2.2 -3.2
v -3.4 2.5 -3.2
v -3.4 2.7 -3.2
v -3.4 2.8 -3.2
v -3.4 3.1 -3.2
v -3.4 3.2 -3.2
v -3.4 3.3 -3.2
v -3.4 3.4 -3.2
v -3.4 3.6 -3.2
v -3.4 3.7 -3.2
v -3.4 4 -3.2
v -3.4 4.1 -3.2
v -3.4 4.2 -3.2
v -3.4 4.3 -3.2
v -3.4 4.4 -3.2
v -3.3 0 -3.2
v -3.3 0.1 -3.2
v -3.3 0.2 -3.2
v -3.3 0.4 -3.2
v -3.3 0.8 -3.2
v -3.3 0.9 -3.2
v -3.3 1.1 -3.2
v -3.3 1.3 -3.2
v -3.3 1.4 -3.2
v -3.3 1.5 -3.2
v -3.3 3.1 -3.2
v -3.3 3.2 -3.2
v -3.3 3.3 -3.2
v -3.3 3.4 -3.2
v -3.3 3.5 -3.2
v -3.3 3.6 -3.2
v -3.3 3.7 -3.2
v -3.3 4 -3.2
v -3.3 4.2 -3.2
v -3.3 4.3 -3.2
v -3.3 4.4 -3.2
v -3.2 0 -3.2
v -3.2 0.1 -3.2
v -3.2 0.2 -3.2
v -3.2 0.4 -3.2
v -3.2 1.2 -3.2
v -3.2 1.3 -3.2
v -3.2 1.4 -3.2
v -3.2 3.2 -3.2
v -3.2 3.3 -3.2
v -3.2 3.4 -3.2
v -3.2 3.5 -3.2
v -3.2 3.6 -3.2
v -3.2 3.7 -3.2
v -3.2 4 -3.2
v -3.2 4.1 -3.2
v -3.2 4.2 -3.2
v -3.2 4.3 -3.2
v -3.2 4.4 -3.2
v -3.1 0.2 -3.2
v -3.1 0.3 -3.2
v -3.1 0.4 -3.2
v -3.1 0.8 -3.2
v -3.1 0.9 -3.2
v -3.1 1 -3.2
v -3.1 1.1 -3.2
v -3.1 1.2 -3.2
v -3.1 1.4 -3.2
v -3.1 1.5 -3.2
v -3.1 1.8 -3.2
v -3.1 1.9 -3.2
v -3.1 2.2 -3.2
v -3.1 2.3 -3.2
v -3.1 2.5 -3.2
v -3.1 2.7 -3.2
v -3.1 2.8 -3.2
v -3.1 3.1 -3.2
v -3.1 3.2 -3.2
v -3.1 3.3 -3.2
v -3.1 3.4 -3.2
v -3.1 3.6 -3.2
v -3.1 3.7 -3.2
v -3.1 4 -3.2
v -3.1 4.1 -3.2
v -3.1 4.2 -3.2
v -3.1 4.3 -3.2
v -3 0 -3.2
v -3 0.1 -3.2
v -3 0.2 -3.2
v -3 0.3 -3.2
v -3 0.8 -3.2
v -3 0.9 -3.2
v -3 1 -3.2
v -3 1.3 -3.2
v -3 1.4 -3.2
v -3 1.5 -3.2
v -3 1.8 -3.2
v -3 1.9 -3.2
v -3 2.2 -3.2
v -3 2.3 -3.2
v -3 2.4 -3.2
v -3 2.5 -3.2
v -3 2.7 -3.2
v -3 3.1 -3.2
v -3 3.2 -3.2
v -3 3.3 -3.2
v -3 3.6 -3.2
v -3 3.7 -3.2
v -3 4 -3.2
v -3 4.1 -3.2
v -3 4.2 -3.2
v -2.9 0 -3.2
v -2.9 0.1 -3.2
v -2.9 0.3 -3.2
v -2.9 0.4 -3.2
v -2.9 0.7 -3.2
v -2.9 0.8 -3.2
v -2.9 0.9 -3.2
v -2.9 1 -3.2
v -2.9 1.1 -3.2
v -2.9 1.2 -3.2
v -2.9 1.4 -3.2
v -2.9 1.5 -3.2
v -2.9 1.8 -3.2
v -2.9 1.9 -3.2
v -2.9 2.2 -3.2
v -2.9 2.4 -3.2
v -2.9 2.5 -3.2
v -2.9 2.7 -3.2
v -2.9 2.8 -3.2
v -2.9 4 -3.2
v -2.9 4.1 -3.2
v -2.9 4.2 -3.2
v -2.9 4.3 -3.2
v -2.9 4.4 -3.2
v -2.8 0 -3.2
v -2.8 0.2 -3.2
v -2.8 0.3 -3.2
v -2.8 0.4 -3.2
v -2.8 0.8 -3.2
v -2.8 0.9 -3.2
v -2.8 1 -3.2
v -2.8 1.2 -3.2
v -2.8 1.3 -3.2
v -2.8 1.4 -3.2
v -2.8 1.5 -3.2
v -2.8 2.1 -3.2
v -2.8 2.2 -3.2
v -2.8 2.3 -3.2
v -2.8 2.4 -3.2
v -2.8 2.5 -3.2
v -2.8 2.7 -3.2
v -2.8 2.8 -3.2
v -2.8 3.1 -3.2
v -2.8 3.2 -3.2
v -2.8 3.3 -3.2
v -2.8 3.5 -3.2
v -2.8 3.6 -3.2
v -2.8 3.7 -3.2
v -2.8 4 -3.2
v -2.8 4.1 -3.2
v -2.8 4.3 -3.2
v -2.8 4.4 -3.2
v -2.7 0.7 -3.2
v -2.7 0.8 -3.2
v -2.7 1.9 -3.2
v -2.7 2.1 -3.2
v -2.7 2.2 -3.2
v -2.7 2.3 -3.2
v -2.7 2.4 -3.2
v -2.7 2.7 -3.2
v -2.7 2.8 -3.2
v -2.7 3.1 -3.2
v -2.7 3.2 -3.2
v -2.7 3.3 -3.2
v -2.7 3.5 -3.2
v -2.7 3.6 -3.2
v -2.7 3.7 -3.2
v -2.6 0 -3.2
v -2.6 0.1 -3.2
v -2.6 0.2 -3.2
v -2.6 0.4 -3.2
v -2.6 0.7 -3.2
v -2.6 0.8 -3.2
v -2.6 0.9 -3.2
v -2.6 1 -3.2
v -2.6 1.1 -3.2
v -2.6 1.2 -3.2
v -2.6 1.3 -3.2
v -2.6 1.4 -3.2
v -2.6 1.5 -3.2
v -2.6 1.8 -3.2
v -2.6 1.9 -3.2
v -2.6 2.5 -3.2
v -2.6 2.7 -3.2
v -2.6 3.1 -3.2
v -2.6 3.2 -3.2
v -2.6 3.3 -3.2
v -2.6 3.4 -3.2
v -2.6 3.5 -3.2
v -2.6 3.6 -3.2
v -2.6 3.7 -3.2
v -2.6 4 -3.2
v -2.6 4.1 -3.2
v -2.6 4.4 -3.2
v -2.5 0 -3.2
v -2.5 0.1 -3.2
v -2.5 0.2 -3.2
v -2.5 1 -3.2
v -2.5 1.1 -3.2
v -2.5 1.2 -3.2
v -2.5 1.3 -3.2
v -2.5 1.4 -3.2
v -2.5 1.5 -3.2
v -2.5 1.8 -3.2
v -2.5 1.9 -3.2
v -2.5 2.2 -3.2
v -2.5 2.3 -3.2
v -2.5 2.4 -3.2
v -2.5 2.5 -3.2
v -2.5 2.8 -3.2
v -2.5 3.2 -3.2
v -2.5 3.3 -3.2
v -2.5 3.4 -3.2
v -2.5 3.5 -3.2
v -2.5 3.6 -3.2
v -2.5 3.7 -3.2
v -2.4 0.2 -3.2
v -2.4 0.4 -3.2
v -2.4 0.7 -3.2
v -2.4 0.9 -3.2
v -2.4 1.1 -3.2
v -2.4 1.2 -3.2
v -2.4 1.3 -3.2
v -2.4 1.5 -3.2
v -2.4 1.8 -3.2
v -2.4 1.9 -3.2
v -2.4 2.2 -3.2
v -2.4 2.3 -3.2
v -2.4 2.4 -3.2
v -2.4 2.8 -3.2
v -2.4 3.2 -3.2
v -2.4 3.4 -3.2
v -2.4 3.5 -3.2
v -2.4 3.6 -3.2
v -2.4 3.7 -3.2
v -2.4 4 -3.2
v -2.4 4.1 -3.2
v -2.3 0.1 -3.2
v -2.3 0.2 -3.2
v -2.3 1.9 -3.2
v -2.3 2.1 -3.2
v -2.3 2.2 -3.2
v -2.3 2.7 -3.2
v -2.3 2.8 -3.2
v -2.3 3.2 -3.2
v -2.3 3.5 -3.2
v -2.3 3.6 -3.2
v -2.3 3.7 -3.2
v -2.3 4 -3.2
v -2.3 4.1 -3.2
v -2.3 4.3 -3.2
v -2.3 4.4 -3.2
v -2.2 1.8 -3.2
v -2.2 1.9 -3.2
v -2.2 2.1 -3.2
v -2.2 2.2 -3.2
v -2.2 2.3 -3.2
v -2.2 2.4 -3.2
v -2.2 2.5 -3.2
v -2.2 3.1 -3.2
v -2.2 3.2 -3.2
v -2.2 3.3 -3.2
v -2.2 3.4 -3.2
v -2.2 3.5 -3.2
v -2.2 3.6 -3.2
v -2.2 4 -3.2
v -2.2 4.1 -3.2
v -2.2 4.3 -3.2
v -2.2 4.4 -3.2
v -2.1 0 -3.2
v -2.1 0.1 -3.2
v -2.1 0.2 -3.2
v -2.1 0.4 -3.2
v -2.1 0.7 -3.2
v -2.1 0.8 -3.2
v -2.1 0.9 -3.2
v -2.1 1.1 -3.2
v -2.1 1.2 -3.2
v -2.1 1.4 -3.2
v -2.1 1.5 -3.2
v -2.1 2.3 -3.2
v -2.1 2.4 -3.2
v -2.1 2.5 -3.2
v -2.1 2.7 -3.2
v -2.1 3.1 -3.2
v -2.1 3.2 -3.2
v -2.1 3.3 -3.2
v -2.1 3.4 -3.2
v -2.1 3.5 -3.2
v -2.1 3.6 -3.2
v -2.1 4 -3.2
v -2.1 4.1 -3.2
v -2.1 4.3 -3.2
v -2.1 4.4 -3.2
v -2 0.1 -3.2
v -2 0.2 -3.2
v -2 0.3 -3.2
v -2 0.4 -3.2
v -2 0.7 -3.2
v -2 0.8 -3.2
v -2 0.9 -3.2
v -2 1.1 -3.2
v -2 1.2 -3.2
v -2 1.3 -3.2
v -2 1.4 -3.2
v -2 1.5 -3.2
v -2 1.8 -3.2
v -2 1.9 -3.2
v -2 2.1 -3.2
v -2 2.2 -3.2
v -2 2.3 -3.2
v -2 2.4 -3.2
v -2 3.1 -3.2
v -2 3.2 -3.2
v -2 3.3 -3.2
v -2 3.6 -3.2
v -2 3.7 -3.2
v -2 4 -3.2
v -2 4.1 -3.2
v -2 4.2 -3.2
v -2 4.3 -3.2
v -2 4.4 -3.2
v -1.9 0.2 -3.2
v -1.9 0.3 -3.2
v -1.9 0.7 -3.2
v -1.9 0.8 -3.2
v -1.9 1.1 -3.2
v -1.9 1.2 -3.2
v -1.9 1.3 -3.2
v -1.9 1.5 -3.2
v -1.9 1.8 -3.2
v -1.9 1.9 -3.2
v -1.9 2.1 -3.2
v -1.9 2.2 -3.2
v -1.9 2.3 -3.2
v -1.9 2.4 -3.2
v -1.9 2.5 -3.2
v -1.9 2.8 -3.2
v -1.9 4 -3.2
v -1.9 4.1 -3.2
v -1.9 4.2 -3.2
v -1.9 4.3 -3.2
v -1.9 4.4 -3.2
v -1.8 0.1 -3.2
v -1.8 0.2 -3.2
v -1.8 1.9 -3.2
v -1.8 2.1 -3.2
v -1.8 2.2 -3.2
v -1.8 2.3 -3.2
v -1.8 2.4 -3.2
v -1.8 2.5 -3.2
v -1.8 2.8 -3.2
v -1.8 3.1 -3.2
v -1.8 3.2 -3.2
v -1.8 3.3 -3.2
v -1.8 3.4 -3.2
v -1.8 3.6 -3.2
v -1.8 3.7 -3.2
v -1.8 4 -3.2
v -1.8 4.1 -3.2
v -1.8 4.2 -3.2
v -1.8 4.3 -3.2
v -1.8 4.4 -3.2
v -1.7 0 -3.2
v -1.7 0.1 -3.2
v -1.7 0.2 -3.2
v -1.7 0.4 -3.2
v -1.7 0.7 -3.2
v -1.7 0.8 -3.2
v -1.7 1 -3.2
v -1.7 1.1 -3.2
v -1.7 1.2 -3.2
v -1.7 1.3 -3.2
v -1.7 1.9 -3.2
v -1.7 2.2 -3.2
v -1.7 2.3 -3.2
v -1.7 2.4 -3.2
v -1.7 2.5 -3.2
v -1.7 2.7 -3.2
v -1.7 2.8 -3.2
v -1.7 3.2 -3.2
v -1.7 3.3 -3.2
v -1.7 3.4 -3.2
v -1.7 3.6 -3.2
v -1.7 3.7 -3.2
v -1.7 4.1 -3.2
v -1.7 4.2 -3.2
v -1.7 4.3 -3.2
v -1.7 4.4 -3.2
v -1.6 0 -3.2
v -1.6 0.1 -3.2
v -1.6 0.2 -3.2
v -1.6 0.4 -3.2
v -1.6 0.7 -3.2
v -1.6 0.8 -3.2
v -1.6 1 -3.2
v -1.6 1.1 -3.2
v -1.6 2.5 -3.2
v -1.6 2.7 -3.2
v -1.6 3.2 -3.2
v -1.6 3.3 -3.2
v -1.6 3.4 -3.2
v -1.6 3.5 -3.2
v -1.6 3.6 -3.2
v -1.6 3.7 -3.2
v -1.5 0 -3.2
v -1.5 0.1 -3.2
v -1.5 0.2 -3.2
v -1.5 0.7 -3.2
v -1.5 0.8 -3.2
v -1.5 1 -3.2
v -1.5 1.1 -3.2
v -1.5 1.2 -3.2
v -1.5 1.5 -3.2
v -1.5 1.8 -3.2
v -1.5 1.9 -3.2
v -1.5 2.3 -3.2
v -1.5 2.4 -3.2
v -1.5 3.3 -3.2
v -1.5 3.4 -3.2
v -1.5 3.5 -3.2
v -1.5 3.6 -3.2
v -1.5 3.7 -3.2
v -1.5 4 -3.2
v -1.5 4.1 -3.2
v -1.5 4.3 -3.2
v -1.5 4.4 -3.2
v -1.4 0 -3.2
v -1.4 0.1 -3.2
v -1.4 0.4 -3.2
v -1.4 1.2 -3.2
v -1.4 1.3 -3.2
v -1.4 1.5 -3.2
v -1.4 1.8 -3.2
v -1.4 1.9 -3.2
v -1.4 2.3 -3.2
v -1.4 2.4 -3.2
v -1.4 2.5 -3.2
v -1.4 3.3 -3.2
v -1.4 3.4 -3.2
v -1.4 3.5 -3.2
v -1.4 3.6 -3.2
v -1.4 3.7 -3.2
v -1.4 4 -3.2
v -1.4 4.1 -3.2
v -1.4 4.3 -3.2
v -1.4 4.4 -3.2
v -1.3 0.7 -3.2
v -1.3 0.8 -3.2
v -1.3 1 -3.2
v -1.3 1.1 -3.2
v -1.3 1.2 -3.2
v -1.3 1.3 -3.2
v -1.3 1.5 -3.2
v -1.3 1.8 -3.2
v -1.3 2.3 -3.2
v -1.3 2.5 -3.2
v -1.3 2.8 -3.2
v -1.3 3.1 -3.2
v -1.3 3.2 -3.2
v -1.3 3.3 -3.2
v -1.3 3.4 -3.2
v -1.3 3.5 -3.2
v -1.3 3.7 -3.2
v -1.2 0.7 -3.2
v -1.2 0.8 -3.2
v -1.2 1 -3.2
v -1.2 1.1 -3.2
v -1.2 3.2 -3.2
v -1.2 3.3 -3.2
v -1.2 3.6 -3.2
v -1.2 3.7 -3.2
v -1.1 0 -3.2
v -1.1 0.2 -3.2
v -1.1 0.3 -3.2
v -1.1 0.4 -3.2
v -1.1 0.7 -3.2
v -1.1 0.8 -3.2
v -1.1 0.9 -3.2
v -1.1 1 -3.2
v -1.1 1.1 -3.2
v -1.1 1.2 -3.2
v -1.1 1.3 -3.2
v -1.1 3.1 -3.2
v -1.1 3.2 -3.2
v -1.1 3.3 -3.2
v -1.1 3.4 -3.2
v -1.1 4 -3.2
v -1.1 4.1 -3.2
v -1.1 4.3 -3.2
v -1.1 4.4 -3.2
v -1 0 -3.2
v -1 0.1 -3.2
v -1 0.2 -3.2
v -1 0.3 -3.2
v -1 0.8 -3.2
v -1 0.9 -3.2
v -1 1 -3.2
v -1 1.1 -3.2
v -1 1.2 -3.2
v -1 1.3 -3.2
v -1 1.5 -3.2
v -1 1.8 -3.2
v -1 1.9 -3.2
v -1 2.1 -3.2
v -1 2.2 -3.2
v -1 2.4 -3.2
v -1 2.5 -3.2
v -1 2.8 -3.2
v -1 3.1 -3.2
v -1 3.2 -3.2
v -1 3.3 -3.2
v -1 3.4 -3.2
v -1 3.5 -3.2
v -1 4 -3.2
v -1 4.1 -3.2
v -1 4.3 -3.2
v -0.9 0.1 -3.2
v -0.9 0.2 -3.2
v -0.9 0.3 -3.2
v -0.9 0.4 -3.2
v -0.9 1.1 -3.2
v -0.9 1.2 -3.2
v -0.9 1.3 -3.2
v -0.9 1.4 -3.2
v -0.9 1.5 -3.2
v -0.9 1.9 -3.2
v -0.9 2.1 -3.2
v -0.9 2.2 -3.2
v -0.9 2.4 -3.2
v -0.9 3.1 -3.2
v -0.9 3.2 -3.2
v -0.9 3.3 -3.2
v -0.9 3.4 -3.2
v -0.9 3.5 -3.2
v -0.9 3.6 -3.2
v -0.9 3.7 -3.2
v -0.9 4 -3.2
v -0.9 4.1 -3.2
v -0.9 4.3 -3.2
v -0.8 0.1 -3.2
v -0.8 0.2 -3.2
v -0.8 0.3 -3.2
v -0.8 0.4 -3.2
v -0.8 0.7 -3.2
v -0.8 0.8 -3.2
v -0.8 1 -3.2
v -0.8 1.1 -3.2
v -0.8 1.2 -3.2
v -0.8 1.4 -3.2
v -0.8 1.8 -3.2
v -0.8 1.9 -3.2
v -0.8 2.1 -3.2
v -0.8 2.2 -3.2
v -0.8 2.4 -3.2
v -0.8 2.5 -3.2
v -0.8 2.7 -3.2
v -0.8 2.8 -3.2
v -0.8 3.2 -3.2
v -0.8 3.3 -3.2
v -0.8 3.4 -3.2
v -0.8 3.5 -3.2
v -0.8 3.6 -3.2
v -0.8 3.7 -3.2
v -0.8 4.2 -3.2
v -0.8 4.3 -3.2
v -0.8 4.4 -3.2
v -0.7 0 -3.2
v -0.7 0.1 -3.2
v -0.7 0.3 -3.2
v -0.7 0.4 -3.2
v -0.7 0.7 -3.2
v -0.7 0.8 -3.2
v -0.7 0.9 -3.2
v -0.7 1 -3.2
v -0.7 1.1 -3.2
v -0.7 1.2 -3.2
v -0.7 1.5 -3.2
v -0.7 1.8 -3.2
v -0.7 1.9 -3.2
v -0.7 2.1 -3.2
v -0.7 2.3 -3.2
v -0.7 2.4 -3.2
v -0.7 2.5 -3.2
v -0.7 2.7 -3.2
v -0.7 2.8 -3.2
v -0.7 4.1 -3.2
v -0.7 4.2 -3.2
v -0.7 4.3 -3.2
v -0.7 4.4 -3.2
v -0.6 0.2 -3.2
v -0.6 0.3 -3.2
v -0.6 0.7 -3.2
v -0.6 0.9 -3.2
v -0.6 1.1 -3.2
v -0.6 1.2 -3.2
v -0.6 1.5 -3.2
v -0.6 1.9 -3.2
v -0.6 2.1 -3.2
v -0.6 2.2 -3.2
v -0.6 2.3 -3.2
v -0.6 2.4 -3.2
v -0.6 2.5 -3.2
v -0.6 2.7 -3.2
v -0.6 2.8 -3.2
v -0.6 3.1 -3.2
v -0.6 3.2 -3.2
v -0.6 3.4 -3.2
v -0.6 3.5 -3.2
v -0.6 4 -3.2
v -0.6 4.1 -3.2
v -0.5 0 -3.2
v -0.5 0.1 -3.2
v -0.5 0.2 -3.2
v -0.5 0.4 -3.2
v -0.5 1.8 -3.2
v -0.5 1.9 -3.2
v -0.5 2.3 -3.2
v -0.5 2.4 -3.2
v -0.5 2.5 -3.2
v -0.5 2.7 -3.2
v -0.5 3.1 -3.2
v -0.5 3.2 -3.2
v -0.5 3.4 -3.2
v -0.5 3.5 -3.2
v -0.5 3.6 -3.2
v -0.5 3.7 -3.2
v -0.5 4 -3.2
v -0.5 4.1 -3.2
v -0.5 4.3 -3.2
v -0.5 4.4 -3.2
v -0.4 0 -3.2
v -0.4 0.1 -3.2
v -0.4 0.4 -3.2
v -0.4 2.2 -3.2
v -0.4 2.3 -3.2
v -0.4 2.4 -3.2
v -0.4 4 -3.2
v -0.4 4.1 -3.2
v -0.4 4.3 -3.2
v -0.4 4.4 -3.2
v -0.3 0.3 -3.2
v -0.3 0.4 -3.2
v -0.3 0.7 -3.2
v -0.3 0.8 -3.2
v -0.3 0.9 -3.2
v -0.3 1 -3.2
v -0.3 1.3 -3.2
v -0.3 1.5 -3.2
v -0.3 1.9 -3.2
v -0.3 2.1 -3.2
v -0.3 2.3 -3.2
v -0.3 2.4 -3.2
v -0.3 2.5 -3.2
v -0.3 2.7 -3.2
v -0.3 2.8 -3.2
v -0.3 4.1 -3.2
v -0.3 4.2 -3.2
v -0.3 4.3 -3.2
v -0.2 0 -3.2
v -0.2 0.1 -3.2
v -0.2 0.2 -3.2
v -0.2 0.7 -3.2
v -0.2 0.8 -3.2
v -0.2 0.9 -3.2
v -0.2 1 -3.2
v -0.2 1.1 -3.2
v -0.2 1.2 -3.2
v -0.2 1.3 -3.2
v -0.2 1.5 -3.2
v -0.2 1.8 -3.2
v -0.2 1.9 -3.2
v -0.2 2.1 -3.2
v -0.2 2.2 -3.2
v -0.2 2.3 -3.2
v -0.2 2.4 -3.2
v -0.2 2.5 -3.2
v -0.2 2.7 -3.2
v -0.2 2.8 -3.2
v -0.2 3.1 -3.2
v -0.2 3.2 -3.2
v -0.2 3.3 -3.2
v -0.2 3.5 -3.2
v -0.2 3.6 -3.2
v -0.2 3.7 -3.2
v -0.2 4 -3.2
v -0.2 4.1 -3.2
v -0.2 4.2 -3.2
v -0.2 4.3 -3.2
v -0.2 4.4 -3.2
v -0.0999999 0 -3.2
v -0.0999999 0.1 -3.2
v -0.0999999 0.2 -3.2
v -0.0999999 0.3 -3.2
v -0.0999999 0.7 -3.2
v -0.0999999 0.9 -3.2
v -0.0999999 1 -3.2
v -0.0999999 1.1 -3.2
v -0.0999999 1.2 -3.2
v -0.0999999 1.3 -3.2
v -0.0999999 1.5 -3.2
v -0.0999999 3.3 -3.2
v -0.0999999 3.5 -3.2
v 0 0 -3.2
v 0 0.1 -3.2
v 0 0.2 -3.2
v 0 0.4 -3.2
v 0 0.7 -3.2
v 0 0.8 -3.2
v 0 0.9 -3.2
v 0 1 -3.2
v 0 1.1 -3.2
v 0 1.2 -3.2
v 0 1.3 -3.2
v 0 1.4 -3.2
v 0 1.8 -3.2
v 0 1.9 -3.2
v 0 2.1 -3.2
v 0 2.4 -3.2
v 0 2.5 -3.2
v 0 2.7 -3.2
v 0 2.8 -3.2
v 0 3.1 -3.2
v 0 3.2 -3.2
v 0 3.3 -3.2
v 0 3.4 -3.2
v 0 3.5 -3.2
v 0 3.6 -3.2
v 0 3.7 -3.2
v 0 4 -3.2
v 0 4.1 -3.2
v 0 4.2 -3.2
v 0 4.3 -3.2
v 0 4.4 -3.2
v 0.0999999 0 -3.2
v 0.0999999 0.2 -3.2
v 0.0999999 0.4 -3.2
v 0.0999999 0.7 -3.2
v 0.0999999 0.8 -3.2
v 0.0999999 0.9 -3.2
v 0.0999999 1 -3.2
v 0.0999999 1.2 -3.2
v 0.0999999 1.3 -3.2
v 0.0999999 1.4 -3.2
v 0.0999999 1.5 -3.2
v 0.0999999 1.8 -3.2
v 0.0999999 1.9 -3.2
v 0.0999999 2.1 -3.2
v 0.0999999 2.2 -3.2
v 0.0999999 2.4 -3.2
v 0.0999999 2.5 -3.2
v 0.0999999 2.7 -3.2
v 0.0999999 2.8 -3.2
v 0.0999999 3.1 -3.2
v 0.0999999 3.2 -3.2
v 0.0999999 3.3 -3.2
v 0.0999999 3.4 -3.2
v 0.0999999 3.5 -3.2
v 0.0999999 3.6 -3.2
v 0.0999999 3.7 -3.2
v 0.0999999 4 -3.2
v 0.0999999 4.1 -3.2
v 0.0999999 4.2 -3.2
v 0.0999999 4.3 -3.2
v 0.0999999 4.4 -3.2
v -4.1 0 1.2
v -3.9 0 1.2
v -3.7 0 1.2
v -3.5 0 1.2
v -3.3 0 1.2
v -3.2 0 1.2
v -3 0 1.2
v -2.9 0 1.2
v -2.8 0 1.2
v -2.6 0 1.2
v -2.5 0 1.2
v -2.1 0 1.2
v -1.7 0 1.2
v -1.6 0 1.2
v -1.5 0 1.2
v -1.4 0 1.2
v -1.1 0 1.2
v -1 0 1.2
v -0.7 0 1.2
v -0.5 0 1.2
v -0.4 0 1.2
v -0.2 0 1.2
v -0.0999999 0 1.2
v 0.0999999 0 1.2
v -4.2 0 1.1
v -4.1 0 1.1
v -3.9 0 1.1
v -3.7 0 1.1
v -3.6 0 1.1
v -3.3 0 1.1
v -3.2 0 1.1
v -3 0 1.1
v -2.9 0 1.1
v -2.8 0 1.1
v -2.7 0 1.1
v -2.6 0 1.1
v -2.5 0 1.1
v -2.1 0 1.1
v -1.7 0 1.1
v -1.6 0 1.1
v -1.5 0 1.1
v -1.4 0 1.1
v -1.3 0 1.1
v -1.2 0 1.1
v -1.1 0 1.1
v -1 0 1.1
v -0.7 0 1.1
v -0.5 0 1.1
v -0.4 0 1.1
v -0.2 0 1.1
v -0.0999999 0 1.1
v 0.0999999 0 1.1
v 0.2 0 1.1
v -4 0 1
v -3.7 0 1
v -3.6 0 1
v -3.5 0 1
v -2.8 0 1
v -2.7 0 1
v -2.6 0 1
v -1.4 0 1
v -1.3 0 1
v -1.2 0 1
v -1.1 0 1
v 0 0 1
v -4.2 0 0.9
v -4.1 0 0.9
v 0.0999999 0 0.9
v 0.2 0 0.9
v -4.2 0 0.7
v -4.1 0 0.7
v -4 0 0.7
v 0 0 0.7
v 0.0999999 0 0.7
v 0.2 0 0.7
v -4.1 0 0.6
v -4 0 0.6
v 0 0 0.6
v 0.0999999 0 0.6
v -4.2 0 0.5
v -4 0 0.5
v 0 0 0.5
v 0.2 0 0.5
v -4.2 0 0.3
v -4.1 0 0.3
v 0.0999999 0 0.3
v 0.2 0 0.3
v -4.2 0 0.2
v -4.1 0 0.2
v 0.0999999 0 0.2
v 0.2 0 0.2
v -4.2 0 0
v -4.1 0 0
v 0.0999999 0 0
v 0.2 0 0
v -4.2 0 -0.0999999
v -4.1 0 -0.0999999
v 0.0999999 0 -0.0999999
v 0.2 0 -0.0999999
v -4.2 0 -0.2
v -4.1 0 -0.2
v -4 0 -0.2
v 0 0 -0.2
v 0.0999999 0 -0.2
v 0.2 0 -0.2
v -4.1 0 -0.3
v -4 0 -0.3
v 0 0 -0.3
v 0.0999999 0 -0.3
v -4.2 0 -0.4
v -4.1 0 -0.4
v -4 0 -0.4
v 0 0 -0.4
v 0.0999999 0 -0.4
v 0.2 0 -0.4
v -4.2 0 -0.5
v -4.1 0 -0.5
v 0.0999999 0 -0.5
v 0.2 0 -0.5
v -4.2 0 -0.9
v -4.1 0 -0.9
v 0.0999999 0 -0.9
v 0.2 0 -0.9
v -4.2 0 -1.3
v -4.1 0 -1.3
v 0.0999999 0 -1.3
v 0.2 0 -1.3
v -4.2 0 -1.4
v -4.1 0 -1.4
v 0.0999999 0 -1.4
v 0.2 0 -1.4
v -4.2 0 -1.5
v -4.1 0 -1.5
v 0.0999999 0 -1.5
v 0.2 0 -1.5
v -4.2 0 -1.6
v -4.1 0 -1.6
v -4 0 -1.6
v 0 0 -1.6
v 0.0999999 0 -1.6
v 0.2 0 -1.6
v -4.1 0 -1.7
v -4 0 -1.7
v 0 0 -1.7
v 0.0999999 0 -1.7
v -4.1 0 -1.8
v -4 0 -1.8
v 0 0 -1.8
v 0.0999999 0 -1.8
v -4.2 0 -1.9
v -4.1 0 -1.9
v -4 0 -1.9
v 0 0 -1.9
v 0.0999999 0 -1.9
v 0.2 0 -1.9
v -4.2 0 -2
v -4.1 0 -2
v 0.0999999 0 -2
v 0.2 0 -2
v -4.2 0 -2.3
v -4.1 0 -2.3
v 0.0999999 0 -2.3
v 0.2 0 -2.3
v -4.2 0 -2.5
v -4.1 0 -2.5
v 0.0999999 0 -2.5
v 0.2 0 -2.5
v -4.2 0 -2.6
v -4.1 0 -2.6
v 0.0999999 0 -2.6
v 0.2 0 -2.6
v -4.2 0 -2.8
v -4.1 0 -2.8
v 0.0999999 0 -2.8
v 0.2 0 -2.8
v -4.2 0 -2.9
v -4.1 0 -2.9
v 0.0999999 0 -2.9
v 0.2 0 -2.9
v -4.2 0 -3
v -4.1 0 -3
v -4 0 -3
v -3.7 0 -3
v -3.6 0 -3
v -3.5 0 -3
v -2.8 0 -3
v -2.7 0 -3
v -2.6 0 -3
v -1.4 0 -3
v -1.3 0 -3
v -1.2 0 -3
v -1.1 0 -3
v 0 0 -3
v 0.0999999 0 -3
v 0.2 0 -3
v -4.2 0 -3.1
v -4.1 0 -3.1
v -4 0 -3.1
v -3.9 0 -3.1
v -3.7 0 -3.1
v -3.6 0 -3.1
v -3.3 0 -3.1
v -3.2 0 -3.1
v -3 0 -3.1
v -2.9 0 -3.1
v -2.8 0 -3.1
v -2.7 0 -3.1
v -2.6 0 -3.1
v -2.5 0 -3.1
v -2.1 0 -3.1
v -1.7 0 -3.1
v -1.6 0 -3.1
v -1.5 0 -3.1
v -1.4 0 -3.1
v -1.3 0 -3.1
v -1.2 0 -3.1
v -1.1 0 -3.1
v -1 0 -3.1
v -0.7 0 -3.1
v -0.5 0 -3.1
v -0.4 0 -3.1
v -0.2 0 -3.1
v -0.0999999 0 -3.1
v 0 0 -3.1
v 0.0999999 0 -3.1
v 0.2 0 -3.1
v -4.1 0 -3.2
v -4 0 -3.2
v -3.9 0 -3.2
v -3.7 0 -3.2
v -3.5 0 -3.2
v -3.3 0 -3.2
v -3.2 0 -3.2
v -3 0 -3.2
v -2.9 0 -3.2
v -2.8 0 -3.2
v -2.6 0 -3.2
v -2.5 0 -3.2
v -2.1 0 -3.2
v -1.7 0 -3.2
v -1.6 0 -3.2
v -1.5 0 -3.2
v -1.4 0 -3.2
v -1.1 0 -3.2
v -1 0 -3.2
v -0.7 0 -3.2
v -0.5 0 -3.2
v -0.4 0 -3.2
v -0.2 0 -3.2
v -0.0999999 0 -3.2
v 0 0 -3.2
v 0.0999999 0 -3.2
v -4 0.2 1
v -3.8 0.2 1
v -3.7 0.2 1
v -3.6 0.2 1
v -3.5 0.2 1
v -2.8 0.2 1
v -2.7 0.2 1
v -2.6 0.2 1
v -1.4 0.2 1
v -1.3 0.2 1
v -1.2 0.2 1
v -1.1 0.2 1
v 0 0.2 1
v -4 0.2 0.8
v 0 0.2 0.8
v -4 0.2 0.7
v 0 0.2 0.7
v -4 0.2 0.6
v 0 0.2 0.6
v -4 0.2 0.5
v 0 0.2 0.5
v -4 0.2 -0.2
v 0 0.2 -0.2
v -4 0.2 -0.3
v 0 0.2 -0.3
v -4 0.2 -0.4
v 0 0.2 -0.4
v -4 0.2 -1.6
v 0 0.2 -1.6
v -4 0.2 -1.7
v 0 0.2 -1.7
v -4 0.2 -1.8
v 0 0.2 -1.8
v -4 0.2 -1.9
v 0 0.2 -1.9
v -4 0.2 -3
v -3.8 0.2 -3
v -3.7 0.2 -3
v -3.6 0.2 -3
v -3.5 0.2 -3
v -2.8 0.2 -3
v -2.7 0.2 -3
v -2.6 0.2 -3
v -1.4 0.2 -3
v -1.3 0.2 -3
v -1.2 0.2 -3
v -1.1 0.2 -3
v 0 0.2 -3
v -4.1 0.6 1.1
v -4 0.6 1.1
v -3.8 0.6 1.1
v -3.6 0.6 1.1
v -3.4 0.6 1.1
v -3.3 0.6 1.1
v -3.2 0.6 1.1
v -3.1 0.6 1.1
v -3 0.6 1.1
v -2.8 0.6 1.1
v -2.6 0.6 1.1
v -2.5 0.6 1.1
v -2.4 0.6 1.1
v -2.1 0.6 1.1
v -2 0.6 1.1
v -1.8 0.6 1.1
v -1.7 0.6 1.1
v -1.5 0.6 1.1
v -1.4 0.6 1.1
v -1.2 0.6 1.1
v -1.1 0.6 1.1
v -1 0.6 1.1
v -0.8 0.6 1.1
v -0.7 0.6 1.1
v -0.6 0.6 1.1
v -0.3 0.6 1.1
v 0.0999999 0.6 1.1
v -4.1 0.6 1
v -4 0.6 1
v -3.8 0.6 1
v -3.6 0.6 1
v -3.4 0.6 1
v -3.3 0.6 1
v -3.2 0.6 1
v -3.1 0.6 1
v -3 0.6 1
v -2.8 0.6 1
v -2.6 0.6 1
v -2.5 0.6 1
v -2.4 0.6 1
v -2.1 0.6 1
v -2 0.6 1
v -1.8 0.6 1
v -1.7 0.6 1
v -1.5 0.6 1
v -1.4 0.6 1
v -1.2 0.6 1
v -1.1 0.6 1
v -1 0.6 1
v -0.8 0.6 1
v -0.7 0.6 1
v -0.6 0.6 1
v -0.3 0.6 1
v 0 0.6 1
v 0.0999999 0.6 1
v -4.1 0.6 0.8
v -4 0.6 0.8
v 0 0.6 0.8
v 0.0999999 0.6 0.8
v -4.1 0.6 0.6
v -4 0.6 0.6
v 0 0.6 0.6
v 0.0999999 0.6 0.6
v -4.1 0.6 0.4
v -4 0.6 0.4
v 0 0.6 0.4
v 0.0999999 0.6 0.4
v -4.1 0.6 0.3
v -4 0.6 0.3
v 0 0.6 0.3
v 0.0999999 0.6 0.3
v -4.1 0.6 0.2
v -4 0.6 0.2
v 0 0.6 0.2
v 0.0999999 0.6 0.2
v -4.1 0.6 0.1
v -4 0.6 0.1
v 0 0.6 0.1
v 0.0999999 0.6 0.1
v -4.1 0.6 0
v -4 0.6 0
v 0 0.6 0
v 0.0999999 0.6 0
v -4.1 0.6 -0.2
v -4 0.6 -0.2
v 0 0.6 -0.2
v 0.0999999 0.6 -0.2
v -4.1 0.6 -0.4
v -4 0.6 -0.4
v 0 0.6 -0.4
v 0.0999999 0.6 -0.4
v -4.1 0.6 -0.5
v -4 0.6 -0.5
v 0 0.6 -0.5
v 0.0999999 0.6 -0.5
v -4.1 0.6 -0.6
v -4 0.6 -0.6
v 0 0.6 -0.6
v 0.0999999 0.6 -0.6
v -4.1 0.6 -0.9
v -4 0.6 -0.9
v 0 0.6 -0.9
v 0.0999999 0.6 -0.9
v -4.1 0.6 -1
v -4 0.6 -1
v 0 0.6 -1
v 0.0999999 0.6 -1
v -4.1 0.6 -1.2
v -4 0.6 -1.2
v 0 0.6 -1.2
v 0.0999999 0.6 -1.2
v -4.1 0.6 -1.3
v -4 0.6 -1.3
v 0 0.6 -1.3
v 0.0999999 0.6 -1.3
v -4.1 0.6 -1.5
v -4 0.6 -1.5
v 0 0.6 -1.5
v 0.0999999 0.6 -1.5
v -4.1 0.6 -1.6
v -4 0.6 -1.6
v 0 0.6 -1.6
v 0.0999999 0.6 -1.6
v -4.1 0.6 -1.8
v -4 0.6 -1.8
v 0 0.6 -1.8
v 0.0999999 0.6 -1.8
v -4.1 0.6 -1.9
v -4 0.6 -1.9
v 0 0.6 -1.9
v 0.0999999 0.6 -1.9
v -4.1 0.6 -2
v -4 0.6 -2
v 0 0.6 -2
v 0.0999999 0.6 -2
v -4.1 0.6 -2.2
v -4 0.6 -2.2
v 0 0.6 -2.2
v 0.0999999 0.6 -2.2
v -4.1 0.6 -2.3
v -4 0.6 -2.3
v 0 0.6 -2.3
v 0.0999999 0.6 -2.3
v -4.1 0.6 -2.4
v -4 0.6 -2.4
v 0 0.6 -2.4
v 0.0999999 0.6 -2.4
v -4.1 0.6 -2.7
v -4 0.6 -2.7
v 0 0.6 -2.7
v 0.0999999 0.6 -2.7
v -4 0.6 -3
v -3.8 0.6 -3
v -3.6 0.6 -3
v -3.4 0.6 -3
v -3.3 0.6 -3
v -3.2 0.6 -3
v -3.1 0.6 -3
v -3 0.6 -3
v -2.8 0.6 -3
v -2.6 0.6 -3
v -2.5 0.6 -3
v -2.4 0.6 -3
v -2.1 0.6 -3
v -2 0.6 -3
v -1.8 0.6 -3
v -1.7 0.6 -3
v -1.5 0.6 -3
v -1.4 0.6 -3
v -1.2 0.6 -3
v -1.1 0.6 -3
v -1 0.6 -3
v -0.8 0.6 -3
v -0.7 0.6 -3
v -0.6 0.6 -3
v -0.3 0.6 -3
v 0 0.6 -3
v -4.1 0.6 -3.1
v -4 0.6 -3.1
v -3.8 0.6 -3.1
v -3.6 0.6 -3.1
v -3.4 0.6 -3.1
v -3.3 0.6 -3.1
v -3.2 0.6 -3.1
v -3.1 0.6 -3.1
v -3 0.6 -3.1
v -2.8 0.6 -3.1
v -2.6 0.6 -3.1
v -2.5 0.6 -3.1
v -2.4 0.6 -3.1
v -2.1 0.6 -3.1
v -2 0.6 -3.1
v -1.8 0.6 -3.1
v -1.7 0.6 -3.1
v -1.5 0.6 -3.1
v -1.4 0.6 -3.1
v -1.2 0.6 -3.1
v -1.1 0.6 -3.1
v -1 0.6 -3.1
v -0.8 0.6 -3.1
v -0.7 0.6 -3.1
v -0.6 0.6 -3.1
v -0.3 0.6 -3.1
v 0.0999999 0.6 -3.1
v -4.1 0.7 1.2
v -3.9 0.7 1.2
v -3.8 0.7 1.2
v -3.6 0.7 1.2
v -3.5 0.7 1.2
v -3.4 0.7 1.2
v -2.9 0.7 1.2
v -2.7 0.7 1.2
v -2.6 0.7 1.2
v -2.4 0.7 1.2
v -2.1 0.7 1.2
v -2 0.7 1.2
v -1.9 0.7 1.2
v -1.7 0.7 1.2
v -1.6 0.7 1.2
v -1.5 0.7 1.2
v -1.3 0.7 1.2
v -1.2 0.7 1.2
v -1.1 0.7 1.2
v -0.8 0.7 1.2
v -0.7 0.7 1.2
v -0.6 0.7 1.2
v -0.3 0.7 1.2
v -0.2 0.7 1.2
v -0.0999999 0.7 1.2
v 0 0.7 1.2
v 0.0999999 0.7 1.2
v -4.2 0.7 1.1
v -4.1 0.7 1.1
v -4 0.7 1.1
v -3.9 0.7 1.1
v -3.8 0.7 1.1
v -3.7 0.7 1.1
v -3.6 0.7 1.1
v -3.5 0.7 1.1
v -3.4 0.7 1.1
v -3.3 0.7 1.1
v -3.2 0.7 1.1
v -3.1 0.7 1.1
v -3 0.7 1.1
v -2.9 0.7 1.1
v -2.8 0.7 1.1
v -2.7 0.7 1.1
v -2.6 0.7 1.1
v -2.5 0.7 1.1
v -2.4 0.7 1.1
v -2.3 0.7 1.1
v -2.2 0.7 1.1
v -2.1 0.7 1.1
v -2 0.7 1.1
v -1.9 0.7 1.1
v -1.8 0.7 1.1
v -1.7 0.7 1.1
v -1.6 0.7 1.1
v -1.5 0.7 1.1
v -1.4 0.7 1.1
v -1.3 0.7 1.1
v -1.2 0.7 1.1
v -1.1 0.7 1.1
v -1 0.7 1.1
v -0.8 0.7 1.1
v -0.7 0.7 1.1
v -0.6 0.7 1.1
v -0.5 0.7 1.1
v -0.4 0.7 1.1
v -0.3 0.7 1.1
v -0.2 0.7 1.1
v -0.0999999 0.7 1.1
v 0 0.7 1.1
v 0.0999999 0.7 1.1
v 0.2 0.7 1.1
v -4.2 0.7 1
v -4.1 0.7 1
v -3.7 0.7 1
v -3.6 0.7 1
v -2.4 0.7 1
v -2.3 0.7 1
v -2.2 0.7 1
v -2.1 0.7 1
v -0.6 0.7 1
v -0.5 0.7 1
v -0.4 0.7 1
v -0.3 0.7 1
v 0.0999999 0.7 1
v 0.2 0.7 1
v -4.2 0.7 0.9
v -4.1 0.7 0.9
v 0.0999999 0.7 0.9
v 0.2 0.7 0.9
v -4.2 0.7 0.8
v -4.1 0.7 0.8
v 0.0999999 0.7 0.8
v 0.2 0.7 0.8
v -4.1 0.7 0.7
v -4 0.7 0.7
v 0 0.7 0.7
v 0.0999999 0.7 0.7
v -4.2 0.7 0.6
v -4.1 0.7 0.6
v -4 0.7 0.6
v 0 0.7 0.6
v 0.0999999 0.7 0.6
v 0.2 0.7 0.6
v -4.2 0.7 0.5
v -4.1 0.7 0.5
v 0.0999999 0.7 0.5
v 0.2 0.7 0.5
v -4.2 0.7 0.4
v -4.1 0.7 0.4
v 0.0999999 0.7 0.4
v 0.2 0.7 0.4
v -4.1 0.7 0.3
v 0.0999999 0.7 0.3
v -4.1 0.7 0.2
v 0.0999999 0.7 0.2
v -4.1 0.7 0.1
v 0.0999999 0.7 0.1
v -4.1 0.7 0
v 0.0999999 0.7 0
v -4.2 0.7 -0.0999999
v -4.1 0.7 -0.0999999
v 0.0999999 0.7 -0.0999999
v 0.2 0.7 -0.0999999
v -4.1 0.7 -0.2
v 0.0999999 0.7 -0.2
v -4.2 0.7 -0.3
v -4.1 0.7 -0.3
v 0.0999999 0.7 -0.3
v 0.2 0.7 -0.3
v -4.2 0.7 -0.4
v -4.1 0.7 -0.4
v 0.0999999 0.7 -0.4
v 0.2 0.7 -0.4
v -4.1 0.7 -0.5
v 0.0999999 0.7 -0.5
v -4.2 0.7 -0.6
v -4.1 0.7 -0.6
v -4 0.7 -0.6
v 0 0.7 -0.6
v 0.0999999 0.7 -0.6
v 0.2 0.7 -0.6
v -4.1 0.7 -0.7
v -4 0.7 -0.7
v 0 0.7 -0.7
v 0.0999999 0.7 -0.7
v -4.1 0.7 -0.8
v -4 0.7 -0.8
v 0 0.7 -0.8
v 0.0999999 0.7 -0.8
v -4.2 0.7 -0.9
v -4.1 0.7 -0.9
v -4 0.7 -0.9
v 0 0.7 -0.9
v 0.0999999 0.7 -0.9
v 0.2 0.7 -0.9
v -4.2 0.7 -1
v -4.1 0.7 -1
v 0.0999999 0.7 -1
v 0.2 0.7 -1
v -4.2 0.7 -1.1
v -4.1 0.7 -1.1
v 0.0999999 0.7 -1.1
v 0.2 0.7 -1.1
v -4.1 0.7 -1.2
v 0.0999999 0.7 -1.2
v -4.2 0.7 -1.3
v -4.1 0.7 -1.3
v 0.0999999 0.7 -1.3
v 0.2 0.7 -1.3
v -4.2 0.7 -1.4
v -4.1 0.7 -1.4
v 0.0999999 0.7 -1.4
v 0.2 0.7 -1.4
v -4.2 0.7 -1.5
v -4.1 0.7 -1.5
v 0.0999999 0.7 -1.5
v 0.2 0.7 -1.5
v -4.1 0.7 -1.6
v 0.0999999 0.7 -1.6
v -4.2 0.7 -1.7
v -4.1 0.7 -1.7
v 0.0999999 0.7 -1.7
v 0.2 0.7 -1.7
v -4.2 0.7 -1.8
v -4.1 0.7 -1.8
v 0.0999999 0.7 -1.8
v 0.2 0.7 -1.8
v -4.2 0.7 -1.9
v -4.1 0.7 -1.9
v 0.0999999 0.7 -1.9
v 0.2 0.7 -1.9
v -4.1 0.7 -2
v 0.0999999 0.7 -2
v -4.2 0.7 -2.2
v -4.1 0.7 -2.2
v 0.0999999 0.7 -2.2
v 0.2 0.7 -2.2
v -4.2 0.7 -2.3
v -4.1 0.7 -2.3
v 0.0999999 0.7 -2.3
v 0.2 0.7 -2.3
v -4.2 0.7 -2.4
v -4.1 0.7 -2.4
v -4 0.7 -2.4
v 0 0.7 -2.4
v 0.0999999 0.7 -2.4
v 0.2 0.7 -2.4
v -4.1 0.7 -2.5
v -4 0.7 -2.5
v 0 0.7 -2.5
v 0.0999999 0.7 -2.5
v -4.1 0.7 -2.6
v -4 0.7 -2.6
v 0 0.7 -2.6
v 0.0999999 0.7 -2.6
v -4.2 0.7 -2.7
v -4.1 0.7 -2.7
v -4 0.7 -2.7
v 0 0.7 -2.7
v 0.0999999 0.7 -2.7
v 0.2 0.7 -2.7
v -4.2 0.7 -2.8
v -4.1 0.7 -2.8
v 0.0999999 0.7 -2.8
v 0.2 0.7 -2.8
v -4.2 0.7 -2.9
v -4.1 0.7 -2.9
v 0.0999999 0.7 -2.9
v 0.2 0.7 -2.9
v -3.7 0.7 -3
v -3.6 0.7 -3
v -2.4 0.7 -3
v -2.3 0.7 -3
v -2.2 0.7 -3
v -2.1 0.7 -3
v -0.6 0.7 -3
v -0.5 0.7 -3
v -0.4 0.7 -3
v -0.3 0.7 -3
v -4.2 0.7 -3.1
v -4.1 0.7 -3.1
v -4 0.7 -3.1
v -3.9 0.7 -3.1
v -3.8 0.7 -3.1
v -3.7 0.7 -3.1
v -3.6 0.7 -3.1
v -3.5 0.7 -3.1
v -3.4 0.7 -3.1
v -3.3 0.7 -3.1
v -3.2 0.7 -3.1
v -3.1 0.7 -3.1
v -3 0.7 -3.1
v -2.9 0.7 -3.1
v -2.8 0.7 -3.1
v -2.7 0.7 -3.1
v -2.6 0.7 -3.1
v -2.5 0.7 -3.1
v -2.4 0.7 -3.1
v -2.3 0.7 -3.1
v -2.2 0.7 -3.1
v -2.1 0.7 -3.1
v -2 0.7 -3.1
v -1.9 0.7 -3.1
v -1.8 0.7 -3.1
v -1.7 0.7 -3.1
v -1.6 0.7 -3.1
v -1.5 0.7 -3.1
v -1.4 0.7 -3.1
v -1.3 0.7 -3.1
v -1.2 0.7 -3.1
v -1.1 0.7 -3.1
v -1 0.7 -3.1
v -0.8 0.7 -3.1
v -0.7 0.7 -3.1
v -0.6 0.7 -3.1
v -0.5 0.7 -3.1
v -0.4 0.7 -3.1
v -0.3 0.7 -3.1
v -0.2 0.7 -3.1
v -0.0999999 0.7 -3.1
v 0 0.7 -3.1
v 0.0999999 0.7 -3.1
v 0.2 0.7 -3.1
v -4.1 0.7 -3.2
v -3.9 0.7 -3.2
v -3.8 0.7 -3.2
v -3.6 0.7 -3.2
v -3.5 0.7 -3.2
v -3.4 0.7 -3.2
v -2.9 0.7 -3.2
v -2.7 0.7 -3.2
v -2.6 0.7 -3.2
v -2.4 0.7 -3.2
v -2.1 0.7 -3.2
v -2 0.7 -3.2
v -1.9 0.7 -3.2
v -1.7 0.7 -3.2
v -1.6 0.7 -3.2
v -1.5 0.7 -3.2
v -1.3 0.7 -3.2
v -1.2 0.7 -3.2
v -1.1 0.7 -3.2
v -0.8 0.7 -3.2
v -0.7 0.7 -3.2
v -0.6 0.7 -3.2
v -0.3 0.7 -3.2
v -0.2 0.7 -3.2
v -0.0999999 0.7 -3.2
v 0 0.7 -3.2
v 0.0999999 0.7 -3.2
v -4.1 1.7 1.1
v -3.8 1.7 1.1
v -3.7 1.7 1.1
v -3.4 1.7 1.1
v -3.1 1.7 1.1
v -3 1.7 1.1
v -2.8 1.7 1.1
v -2.6 1.7 1.1
v -2.5 1.7 1.1
v -2.4 1.7 1.1
v -2.1 1.7 1.1
v -1.9 1.7 1.1
v -1.6 1.7 1.1
v -1.5 1.7 1.1
v -1.3 1.7 1.1
v -1 1.7 1.1
v -0.8 1.7 1.1
v -0.7 1.7 1.1
v -0.2 1.7 1.1
v 0 1.7 1.1
v 0.0999999 1.7 1.1
v -4 1.7 1
v -3.8 1.7 1
v -3.7 1.7 1
v -3.4 1.7 1
v -3.1 1.7 1
v -3 1.7 1
v -2.8 1.7 1
v -2.6 1.7 1
v -2.5 1.7 1
v -2.4 1.7 1
v -2.1 1.7 1
v -1.9 1.7 1
v -1.6 1.7 1
v -1.5 1.7 1
v -1.3 1.7 1
v -1 1.7 1
v -0.8 1.7 1
v -0.7 1.7 1
v -0.2 1.7 1
v 0 1.7 1
v -4.1 1.7 0.8
v -4 1.7 0.8
v 0 1.7 0.8
v 0.0999999 1.7 0.8
v -4.1 1.7 0.7
v -4 1.7 0.7
v 0 1.7 0.7
v 0.0999999 1.7 0.7
v -4.1 1.7 0.4
v -4 1.7 0.4
v 0 1.7 0.4
v 0.0999999 1.7 0.4
v -4.1 1.7 0.1
v -4 1.7 0.1
v 0 1.7 0.1
v 0.0999999 1.7 0.1
v -4.1 1.7 0
v -4 1.7 0
v 0 1.7 0
v 0.0999999 1.7 0
v -4.1 1.7 -0.2
v -4 1.7 -0.2
v 0 1.7 -0.2
v 0.0999999 1.7 -0.2
v -4.1 1.7 -0.4
v -4 1.7 -0.4
v 0 1.7 -0.4
v 0.0999999 1.7 -0.4
v -4.1 1.7 -0.5
v -4 1.7 -0.5
v 0 1.7 -0.5
v 0.0999999 1.7 -0.5
v -4.1 1.7 -0.6
v -4 1.7 -0.6
v 0 1.7 -0.6
v 0.0999999 1.7 -0.6
v -4.1 1.7 -0.9
v -4 1.7 -0.9
v 0 1.7 -0.9
v 0.0999999 1.7 -0.9
v -4.1 1.7 -1.1
v -4 1.7 -1.1
v 0 1.7 -1.1
v 0.0999999 1.7 -1.1
v -4.1 1.7 -1.4
v -4 1.7 -1.4
v 0 1.7 -1.4
v 0.0999999 1.7 -1.4
v -4.1 1.7 -1.5
v -4 1.7 -1.5
v 0 1.7 -1.5
v 0.0999999 1.7 -1.5
v -4.1 1.7 -1.7
v -4 1.7 -1.7
v 0 1.7 -1.7
v 0.0999999 1.7 -1.7
v -4.1 1.7 -2
v -4 1.7 -2
v 0 1.7 -2
v 0.0999999 1.7 -2
v -4.1 1.7 -2.2
v -4 1.7 -2.2
v 0 1.7 -2.2
v 0.0999999 1.7 -2.2
v -4.1 1.7 -2.3
v -4 1.7 -2.3
v 0 1.7 -2.3
v 0.0999999 1.7 -2.3
v -4.1 1.7 -2.8
v -4 1.7 -2.8
v 0 1.7 -2.8
v 0.0999999 1.7 -2.8
v -4 1.7 -3
v -3.8 1.7 -3
v -3.7 1.7 -3
v -3.4 1.7 -3
v -3.1 1.7 -3
v -3 1.7 -3
v -2.8 1.7 -3
v -2.6 1.7 -3
v -2.5 1.7 -3
v -2.4 1.7 -3
v -2.1 1.7 -3
v -1.9 1.7 -3
v -1.6 1.7 -3
v -1.5 1.7 -3
v -1.3 1.7 -3
v -1 1.7 -3
v -0.8 1.7 -3
v -0.7 1.7 -3
v -0.2 1.7 -3
v 0 1.7 -3
v -4.1 1.7 -3.1
v -4 1.7 -3.1
v -3.8 1.7 -3.1
v -3.7 1.7 -3.1
v -3.4 1.7 -3.1
v -3.1 1.7 -3.1
v -3 1.7 -3.1
v -2.8 1.7 -3.1
v -2.6 1.7 -3.1
v -2.5 1.7 -3.1
v -2.4 1.7 -3.1
v -2.1 1.7 -3.1
v -1.9 1.7 -3.1
v -1.6 1.7 -3.1
v -1.5 1.7 -3.1
v -1.3 1.7 -3.1
v -1 1.7 -3.1
v -0.8 1.7 -3.1
v -0.7 1.7 -3.1
v -0.2 1.7 -3.1
v 0.0999999 1.7 -3.1
v -4.1 1.8 1.2
v -4 1.8 1.2
v -3.9 1.8 1.2
v -3.8 1.8 1.2
v -3.5 1.8 1.2
v -3.4 1.8 1.2
v -3.1 1.8 1.2
v -3 1.8 1.2
v -2.9 1.8 1.2
v -2.6 1.8 1.2
v -2.5 1.8 1.2
v -2.4 1.8 1.2
v -2.2 1.8 1.2
v -2 1.8 1.2
v -1.9 1.8 1.2
v -1.5 1.8 1.2
v -1.4 1.8 1.2
v -1.3 1.8 1.2
v -1 1.8 1.2
v -0.8 1.8 1.2
v -0.7 1.8 1.2
v -0.5 1.8 1.2
v -0.2 1.8 1.2
v 0 1.8 1.2
v 0.0999999 1.8 1.2
v -4.2 1.8 1.1
v -4.1 1.8 1.1
v -4 1.8 1.1
v -3.9 1.8 1.1
v -3.8 1.8 1.1
v -3.7 1.8 1.1
v -3.5 1.8 1.1
v -3.4 1.8 1.1
v -3.3 1.8 1.1
v -3.2 1.8 1.1
v -3.1 1.8 1.1
v -3 1.8 1.1
v -2.9 1.8 1.1
v -2.8 1.8 1.1
v -2.6 1.8 1.1
v -2.5 1.8 1.1
v -2.4 1.8 1.1
v -2.2 1.8 1.1
v -2.1 1.8 1.1
v -2 1.8 1.1
v -1.9 1.8 1.1
v -1.6 1.8 1.1
v -1.5 1.8 1.1
v -1.4 1.8 1.1
v -1.3 1.8 1.1
v -1.2 1.8 1.1
v -1.1 1.8 1.1
v -1 1.8 1.1
v -0.8 1.8 1.1
v -0.7 1.8 1.1
v -0.5 1.8 1.1
v -0.2 1.8 1.1
v 0 1.8 1.1
v 0.0999999 1.8 1.1
v 0.2 1.8 1.1
v -3.4 1.8 1
v -3.3 1.8 1
v -3.2 1.8 1
v -3.1 1.8 1
v -1.3 1.8 1
v -1.2 1.8 1
v -1.1 1.8 1
v -1 1.8 1
v -4.2 1.8 0.9
v -4.1 1.8 0.9
v 0.0999999 1.8 0.9
v 0.2 1.8 0.9
v -4.2 1.8 0.8
v -4.1 1.8 0.8
v 0.0999999 1.8 0.8
v 0.2 1.8 0.8
v -4.1 1.8 0.7
v 0.0999999 1.8 0.7
v -4.2 1.8 0.5
v -4.1 1.8 0.5
v 0.0999999 1.8 0.5
v 0.2 1.8 0.5
v -4.2 1.8 0.4
v -4.1 1.8 0.4
v -4 1.8 0.4
v 0 1.8 0.4
v 0.0999999 1.8 0.4
v 0.2 1.8 0.4
v -4.1 1.8 0.3
v -4 1.8 0.3
v 0 1.8 0.3
v 0.0999999 1.8 0.3
v -4.1 1.8 0.2
v -4 1.8 0.2
v 0 1.8 0.2
v 0.0999999 1.8 0.2
v -4.2 1.8 0.1
v -4.1 1.8 0.1
v -4 1.8 0.1
v 0 1.8 0.1
v 0.0999999 1.8 0.1
v 0.2 1.8 0.1
v -4.2 1.8 0
v -4.1 1.8 0
v 0.0999999 1.8 0
v 0.2 1.8 0
v -4.2 1.8 -0.0999999
v -4.1 1.8 -0.0999999
v 0.0999999 1.8 -0.0999999
v 0.2 1.8 -0.0999999
v -4.1 1.8 -0.2
v 0.0999999 1.8 -0.2
v -4.2 1.8 -0.4
v -4.1 1.8 -0.4
v 0.0999999 1.8 -0.4
v 0.2 1.8 -0.4
v -4.2 1.8 -0.5
v -4.1 1.8 -0.5
v 0.0999999 1.8 -0.5
v 0.2 1.8 -0.5
v -4.2 1.8 -0.6
v -4.1 1.8 -0.6
v 0.0999999 1.8 -0.6
v 0.2 1.8 -0.6
v -4.2 1.8 -0.8
v -4.1 1.8 -0.8
v 0.0999999 1.8 -0.8
v 0.2 1.8 -0.8
v -4.1 1.8 -0.9
v 0.0999999 1.8 -0.9
v -4.2 1.8 -1
v -4.1 1.8 -1
v 0.0999999 1.8 -1
v 0.2 1.8 -1
v -4.2 1.8 -1.1
v -4.1 1.8 -1.1
v 0.0999999 1.8 -1.1
v 0.2 1.8 -1.1
v -4.1 1.8 -1.4
v 0.0999999 1.8 -1.4
v -4.2 1.8 -1.5
v -4.1 1.8 -1.5
v 0.0999999 1.8 -1.5
v 0.2 1.8 -1.5
v -4.2 1.8 -1.6
v -4.1 1.8 -1.6
v 0.0999999 1.8 -1.6
v 0.2 1.8 -1.6
v -4.2 1.8 -1.7
v -4.1 1.8 -1.7
v -4 1.8 -1.7
v 0 1.8 -1.7
v 0.0999999 1.8 -1.7
v 0.2 1.8 -1.7
v -4.1 1.8 -1.8
v -4 1.8 -1.8
v 0 1.8 -1.8
v 0.0999999 1.8 -1.8
v -4.1 1.8 -1.9
v -4 1.8 -1.9
v 0 1.8 -1.9
v 0.0999999 1.8 -1.9
v -4.2 1.8 -2
v -4.1 1.8 -2
v -4 1.8 -2
v 0 1.8 -2
v 0.0999999 1.8 -2
v 0.2 1.8 -2
v -4.2 1.8 -2.2
v -4.1 1.8 -2.2
v 0.0999999 1.8 -2.2
v 0.2 1.8 -2.2
v -4.2 1.8 -2.3
v -4.1 1.8 -2.3
v 0.0999999 1.8 -2.3
v 0.2 1.8 -2.3
v -4.2 1.8 -2.5
v -4.1 1.8 -2.5
v 0.0999999 1.8 -2.5
v 0.2 1.8 -2.5
v -4.2 1.8 -2.8
v -4.1 1.8 -2.8
v 0.0999999 1.8 -2.8
v 0.2 1.8 -2.8
v -3.4 1.8 -3
v -3.3 1.8 -3
v -3.2 1.8 -3
v -3.1 1.8 -3
v -1.3 1.8 -3
v -1.2 1.8 -3
v -1.1 1.8 -3
v -1 1.8 -3
v -4.2 1.8 -3.1
v -4.1 1.8 -3.1
v -4 1.8 -3.1
v -3.9 1.8 -3.1
v -3.8 1.8 -3.1
v -3.7 1.8 -3.1
v -3.5 1.8 -3.1
v -3.4 1.8 -3.1
v -3.3 1.8 -3.1
v -3.2 1.8 -3.1
v -3.1 1.8 -3.1
v -3 1.8 -3.1
v -2.9 1.8 -3.1
v -2.8 1.8 -3.1
v -2.6 1.8 -3.1
v -2.5 1.8 -3.1
v -2.4 1.8 -3.1
v -2.2 1.8 -3.1
v -2.1 1.8 -3.1
v -2 1.8 -3.1
v -1.9 1.8 -3.1
v -1.6 1.8 -3.1
v -1.5 1.8 -3.1
v -1.4 1.8 -3.1
v -1.3 1.8 -3.1
v -1.2 1.8 -3.1
v -1.1 1.8 -3.1
v -1 1.8 -3.1
v -0.8 1.8 -3.1
v -0.7 1.8 -3.1
v -0.5 1.8 -3.1
v -0.2 1.8 -3.1
v 0 1.8 -3.1
v 0.0999999 1.8 -3.1
v 0.2 1.8 -3.1
v -4.1 1.8 -3.2
v -4 1.8 -3.2
v -3.9 1.8 -3.2
v -3.8 1.8 -3.2
v -3.5 1.8 -3.2
v -3.4 1.8 -3.2
v -3.1 1.8 -3.2
v -3 1.8 -3.2
v -2.9 1.8 -3.2
v -2.6 1.8 -3.2
v -2.5 1.8 -3.2
v -2.4 1.8 -3.2
v -2.2 1.8 -3.2
v -2 1.8 -3.2
v -1.9 1.8 -3.2
v -1.5 1.8 -3.2
v -1.4 1.8 -3.2
v -1.3 1.8 -3.2
v -1 1.8 -3.2
v -0.8 1.8 -3.2
v -0.7 1.8 -3.2
v -0.5 1.8 -3.2
v -0.2 1.8 -3.2
v 0 1.8 -3.2
v 0.0999999 1.8 -3.2
v -4.1 3 1.1
v -3.9 3 1.1
v -3.8 3 1.1
v -3.3 3 1.1
v -3 3 1.1
v -2.8 3 1.1
v -2.7 3 1.1
v -2.6 3 1.1
v -2.2 3 1.1
v -2 3 1.1
v -1.8 3 1.1
v -1.7 3 1.1
v -1.6 3 1.1
v -1.4 3 1.1
v -1.3 3 1.1
v -1.1 3 1.1
v -0.9 3 1.1
v -0.7 3 1.1
v -0.6 3 1.1
v -0.5 3 1.1
v -0.2 3 1.1
v 0.0999999 3 1.1
v -4 3 1
v -3.9 3 1
v -3.8 3 1
v -3.3 3 1
v -3 3 1
v -2.8 3 1
v -2.7 3 1
v -2.6 3 1
v -2.2 3 1
v -2 3 1
v -1.8 3 1
v -1.7 3 1
v -1.6 3 1
v -1.4 3 1
v -1.3 3 1
v -1.1 3 1
v -0.9 3 1
v -0.7 3 1
v -0.6 3 1
v -0.5 3 1
v -0.2 3 1
v 0 3 1
v -4.1 3 0.9
v -4 3 0.9
v 0 3 0.9
v 0.0999999 3 0.9
v -4.1 3 0.8
v -4 3 0.8
v 0 3 0.8
v 0.0999999 3 0.8
v -4.1 3 0.3
v -4 3 0.3
v 0 3 0.3
v 0.0999999 3 0.3
v -4.1 3 0
v -4 3 0
v 0 3 0
v 0.0999999 3 0
v -4.1 3 -0.2
v -4 3 -0.2
v 0 3 -0.2
v 0.0999999 3 -0.2
v -4.1 3 -0.3
v -4 3 -0.3
v 0 3 -0.3
v 0.0999999 3 -0.3
v -4.1 3 -0.4
v -4 3 -0.4
v 0 3 -0.4
v 0.0999999 3 -0.4
v -4.1 3 -0.8
v -4 3 -0.8
v 0 3 -0.8
v 0.0999999 3 -0.8
v -4.1 3 -1
v -4 3 -1
v 0 3 -1
v 0.0999999 3 -1
v -4.1 3 -1.2
v -4 3 -1.2
v 0 3 -1.2
v 0.0999999 3 -1.2
v -4.1 3 -1.3
v -4 3 -1.3
v 0 3 -1.3
v 0.0999999 3 -1.3
v -4.1 3 -1.4
v -4 3 -1.4
v 0 3 -1.4
v 0.0999999 3 -1.4
v -4.1 3 -1.6
v -4 3 -1.6
v 0 3 -1.6
v 0.0999999 3 -1.6
v -4.1 3 -1.7
v -4 3 -1.7
v 0 3 -1.7
v 0.0999999 3 -1.7
v -4.1 3 -1.9
v -4 3 -1.9
v 0 3 -1.9
v 0.0999999 3 -1.9
v -4.1 3 -2.1
v -4 3 -2.1
v 0 3 -2.1
v 0.0999999 3 -2.1
v -4.1 3 -2.3
v -4 3 -2.3
v 0 3 -2.3
v 0.0999999 3 -2.3
v -4.1 3 -2.4
v -4 3 -2.4
v 0 3 -2.4
v 0.0999999 3 -2.4
v -4.1 3 -2.5
v -4 3 -2.5
v 0 3 -2.5
v 0.0999999 3 -2.5
v -4.1 3 -2.8
v -4 3 -2.8
v 0 3 -2.8
v 0.0999999 3 -2.8
v -4.1 3 -3
v -4 3 -3
v -3.9 3 -3
v -3.8 3 -3
v -3.3 3 -3
v -3 3 -3
v -2.8 3 -3
v -2.7 3 -3
v -2.6 3 -3
v -2.2 3 -3
v -2 3 -3
v -1.8 3 -3
v -1.7 3 -3
v -1.6 3 -3
v -1.4 3 -3
v -1.3 3 -3
v -1.1 3 -3
v -0.9 3 -3
v -0.7 3 -3
v -0.6 3 -3
v -0.5 3 -3
v -0.2 3 -3
v 0 3 -3
v 0.0999999 3 -3
v -4.1 3 -3.1
v -4 3 -3.1
v -3.9 3 -3.1
v -3.8 3 -3.1
v -3.3 3 -3.1
v -3 3 -3.1
v -2.8 3 -3.1
v -2.7 3 -3.1
v -2.6 3 -3.1
v -2.2 3 -3.1
v -2 3 -3.1
v -1.8 3 -3.1
v -1.7 3 -3.1
v -1.6 3 -3.1
v -1.4 3 -3.1
v -1.3 3 -3.1
v -1.1 3 -3.1
v -0.9 3 -3.1
v -0.7 3 -3.1
v -0.6 3 -3.1
v -0.5 3 -3.1
v -0.2 3 -3.1
v 0 3 -3.1
v 0.0999999 3 -3.1
v -4.1 3.1 1.2
v -4 3.1 1.2
v -3.9 3.1 1.2
v -3.8 3.1 1.2
v -3.7 3.1 1.2
v -3.4 3.1 1.2
v -3.3 3.1 1.2
v -3.1 3.1 1.2
v -3 3.1 1.2
v -2.8 3.1 1.2
v -2.7 3.1 1.2
v -2.6 3.1 1.2
v -2.2 3.1 1.2
v -2.1 3.1 1.2
v -2 3.1 1.2
v -1.8 3.1 1.2
v -1.3 3.1 1.2
v -1.1 3.1 1.2
v -1 3.1 1.2
v -0.9 3.1 1.2
v -0.6 3.1 1.2
v -0.5 3.1 1.2
v -0.2 3.1 1.2
v 0 3.1 1.2
v 0.0999999 3.1 1.2
v -4.2 3.1 1.1
v -4.1 3.1 1.1
v -4 3.1 1.1
v -3.9 3.1 1.1
v -3.8 3.1 1.1
v -3.7 3.1 1.1
v -3.4 3.1 1.1
v -3.3 3.1 1.1
v -3.1 3.1 1.1
v -3 3.1 1.1
v -2.9 3.1 1.1
v -2.8 3.1 1.1
v -2.7 3.1 1.1
v -2.6 3.1 1.1
v -2.2 3.1 1.1
v -2.1 3.1 1.1
v -2 3.1 1.1
v -1.9 3.1 1.1
v -1.8 3.1 1.1
v -1.7 3.1 1.1
v -1.6 3.1 1.1
v -1.4 3.1 1.1
v -1.3 3.1 1.1
v -1.1 3.1 1.1
v -1 3.1 1.1
v -0.9 3.1 1.1
v -0.7 3.1 1.1
v -0.6 3.1 1.1
v -0.5 3.1 1.1
v -0.4 3.1 1.1
v -0.3 3.1 1.1
v -0.2 3.1 1.1
v 0 3.1 1.1
v 0.0999999 3.1 1.1
v 0.2 3.1 1.1
v -3 3.1 1
v -2.9 3.1 1
v -1.9 3.1 1
v -1.8 3.1 1
v -0.5 3.1 1
v -0.4 3.1 1
v -0.3 3.1 1
v -0.2 3.1 1
v -4.2 3.1 0.9
v -4.1 3.1 0.9
v 0.0999999 3.1 0.9
v 0.2 3.1 0.9
v -4.2 3.1 0.8
v -4.1 3.1 0.8
v 0.0999999 3.1 0.8
v 0.2 3.1 0.8
v -4.2 3.1 0.7
v -4.1 3.1 0.7
v 0.0999999 3.1 0.7
v 0.2 3.1 0.7
v -4.2 3.1 0.4
v -4.1 3.1 0.4
v 0.0999999 3.1 0.4
v 0.2 3.1 0.4
v -4.2 3.1 0.3
v -4.1 3.1 0.3
v 0.0999999 3.1 0.3
v 0.2 3.1 0.3
v -4.2 3.1 0.1
v -4.1 3.1 0.1
v 0.0999999 3.1 0.1
v 0.2 3.1 0.1
v -4.2 3.1 0
v -4.1 3.1 0
v -4 3.1 0
v 0 3.1 0
v 0.0999999 3.1 0
v 0.2 3.1 0
v -4.1 3.1 -0.0999999
v -4 3.1 -0.0999999
v 0 3.1 -0.0999999
v 0.0999999 3.1 -0.0999999
v -4.2 3.1 -0.2
v -4.1 3.1 -0.2
v 0.0999999 3.1 -0.2
v 0.2 3.1 -0.2
v -4.2 3.1 -0.3
v -4.1 3.1 -0.3
v 0.0999999 3.1 -0.3
v 0.2 3.1 -0.3
v -4.2 3.1 -0.4
v -4.1 3.1 -0.4
v 0.0999999 3.1 -0.4
v 0.2 3.1 -0.4
v -4.2 3.1 -0.8
v -4.1 3.1 -0.8
v 0.0999999 3.1 -0.8
v 0.2 3.1 -0.8
v -4.2 3.1 -0.9
v -4.1 3.1 -0.9
v 0.0999999 3.1 -0.9
v 0.2 3.1 -0.9
v -4.2 3.1 -1
v -4.1 3.1 -1
v 0.0999999 3.1 -1
v 0.2 3.1 -1
v -4.1 3.1 -1.1
v -4 3.1 -1.1
v 0 3.1 -1.1
v 0.0999999 3.1 -1.1
v -4.2 3.1 -1.2
v -4.1 3.1 -1.2
v -4 3.1 -1.2
v 0 3.1 -1.2
v 0.0999999 3.1 -1.2
v 0.2 3.1 -1.2
v -4.1 3.1 -1.3
v 0.0999999 3.1 -1.3
v -4.1 3.1 -1.4
v 0.0999999 3.1 -1.4
v -4.1 3.1 -1.6
v 0.0999999 3.1 -1.6
v -4.2 3.1 -1.7
v -4.1 3.1 -1.7
v 0.0999999 3.1 -1.7
v 0.2 3.1 -1.7
v -4.2 3.1 -1.9
v -4.1 3.1 -1.9
v 0.0999999 3.1 -1.9
v 0.2 3.1 -1.9
v -4.2 3.1 -2
v -4.1 3.1 -2
v 0.0999999 3.1 -2
v 0.2 3.1 -2
v -4.2 3.1 -2.1
v -4.1 3.1 -2.1
v 0.0999999 3.1 -2.1
v 0.2 3.1 -2.1
v -4.1 3.1 -2.3
v 0.0999999 3.1 -2.3
v -4.2 3.1 -2.4
v -4.1 3.1 -2.4
v 0.0999999 3.1 -2.4
v 0.2 3.1 -2.4
v -4.2 3.1 -2.5
v -4.1 3.1 -2.5
v -4 3.1 -2.5
v 0 3.1 -2.5
v 0.0999999 3.1 -2.5
v 0.2 3.1 -2.5
v -4.1 3.1 -2.6
v -4 3.1 -2.6
v 0 3.1 -2.6
v 0.0999999 3.1 -2.6
v -4.1 3.1 -2.7
v -4 3.1 -2.7
v 0 3.1 -2.7
v 0.0999999 3.1 -2.7
v -4.2 3.1 -2.8
v -4.1 3.1 -2.8
v -4 3.1 -2.8
v 0 3.1 -2.8
v 0.0999999 3.1 -2.8
v 0.2 3.1 -2.8
v -4.2 3.1 -3
v -4.1 3.1 -3
v -3 3.1 -3
v -2.9 3.1 -3
v -1.9 3.1 -3
v -1.8 3.1 -3
v -0.5 3.1 -3
v -0.4 3.1 -3
v -0.3 3.1 -3
v -0.2 3.1 -3
v 0.0999999 3.1 -3
v 0.2 3.1 -3
v -4.2 3.1 -3.1
v -4.1 3.1 -3.1
v -4 3.1 -3.1
v -3.9 3.1 -3.1
v -3.8 3.1 -3.1
v -3.7 3.1 -3.1
v -3.4 3.1 -3.1
v -3.3 3.1 -3.1
v -3.1 3.1 -3.1
v -3 3.1 -3.1
v -2.9 3.1 -3.1
v -2.8 3.1 -3.1
v -2.7 3.1 -3.1
v -2.6 3.1 -3.1
v -2.2 3.1 -3.1
v -2.1 3.1 -3.1
v -2 3.1 -3.1
v -1.9 3.1 -3.1
v -1.8 3.1 -3.1
v -1.7 3.1 -3.1
v -1.6 3.1 -3.1
v -1.4 3.1 -3.1
v -1.3 3.1 -3.1
v -1.1 3.1 -3.1
v -1 3.1 -3.1
v -0.9 3.1 -3.1
v -0.7 3.1 -3.1
v -0.6 3.1 -3.1
v -0.5 3.1 -3.1
v -0.4 3.1 -3.1
v -0.3 3.1 -3.1
v -0.2 3.1 -3.1
v 0 3.1 -3.1
v 0.0999999 3.1 -3.1
v 0.2 3.1 -3.1
v -4.1 3.1 -3.2
v -4 3.1 -3.2
v -3.9 3.1 -3.2
v -3.8 3.1 -3.2
v -3.7 3.1 -3.2
v -3.4 3.1 -3.2
v -3.3 3.1 -3.2
v -3.1 3.1 -3.2
v -3 3.1 -3.2
v -2.8 3.1 -3.2
v -2.7 3.1 -3.2
v -2.6 3.1 -3.2
v -2.2 3.1 -3.2
v -2.1 3.1 -3.2
v -2 3.1 -3.2
v -1.8 3.1 -3.2
v -1.3 3.1 -3.2
v -1.1 3.1 -3.2
v -1 3.1 -3.2
v -0.9 3.1 -3.2
v -0.6 3.1 -3.2
v -0.5 3.1 -3.2
v -0.2 3.1 -3.2
v 0 3.1 -3.2
v 0.0999999 3.1 -3.2
v -4.1 3.9 1.1
v -4 3.9 1.1
v -3.9 3.9 1.1
v -3.7 3.9 1.1
v -3.5 3.9 1.1
v -3.2 3.9 1.1
v -3.1 3.9 1.1
v -3 3.9 1.1
v -2.9 3.9 1.1
v -2.8 3.9 1.1
v -2.6 3.9 1.1
v -2.3 3.9 1.1
v -2.1 3.9 1.1
v -1.9 3.9 1.1
v -1.8 3.9 1.1
v -1.7 3.9 1.1
v -1.6 3.9 1.1
v -1.4 3.9 1.1
v -1.1 3.9 1.1
v -1 3.9 1.1
v -0.8 3.9 1.1
v -0.6 3.9 1.1
v -0.5 3.9 1.1
v -0.4 3.9 1.1
v -0.0999999 3.9 1.1
v 0 3.9 1.1
v 0.0999999 3.9 1.1
v -4.1 3.9 1
v -4 3.9 1
v -3.9 3.9 1
v -3.7 3.9 1
v -3.5 3.9 1
v -3.2 3.9 1
v -3.1 3.9 1
v -3 3.9 1
v -2.9 3.9 1
v -2.8 3.9 1
v -2.6 3.9 1
v -2.3 3.9 1
v -2.1 3.9 1
v -1.9 3.9 1
v -1.8 3.9 1
v -1.7 3.9 1
v -1.6 3.9 1
v -1.4 3.9 1
v -1.1 3.9 1
v -1 3.9 1
v -0.8 3.9 1
v -0.6 3.9 1
v -0.5 3.9 1
v -0.4 3.9 1
v -0.0999999 3.9 1
v 0 3.9 1
v 0.0999999 3.9 1
v -4.1 3.9 0.9
v -4 3.9 0.9
v 0 3.9 0.9
v 0.0999999 3.9 0.9
v -4.1 3.9 0.7
v -4 3.9 0.7
v 0 3.9 0.7
v 0.0999999 3.9 0.7
v -4.1 3.9 0.5
v -4 3.9 0.5
v 0 3.9 0.5
v 0.0999999 3.9 0.5
v -4.1 3.9 0.2
v -4 3.9 0.2
v 0 3.9 0.2
v 0.0999999 3.9 0.2
v -4.1 3.9 0.1
v -4 3.9 0.1
v 0 3.9 0.1
v 0.0999999 3.9 0.1
v -4.1 3.9 0
v -4 3.9 0
v 0 3.9 0
v 0.0999999 3.9 0
v -4.1 3.9 -0.0999999
v -4 3.9 -0.0999999
v 0 3.9 -0.0999999
v 0.0999999 3.9 -0.0999999
v -4.1 3.9 -0.2
v -4 3.9 -0.2
v 0 3.9 -0.2
v 0.0999999 3.9 -0.2
v -4.1 3.9 -0.4
v -4 3.9 -0.4
v 0 3.9 -0.4
v 0.0999999 3.9 -0.4
v -4.1 3.9 -0.7
v -4 3.9 -0.7
v 0 3.9 -0.7
v 0.0999999 3.9 -0.7
v -4.1 3.9 -0.9
v -4 3.9 -0.9
v 0 3.9 -0.9
v 0.0999999 3.9 -0.9
v -4.1 3.9 -1.1
v -4 3.9 -1.1
v 0 3.9 -1.1
v 0.0999999 3.9 -1.1
v -4.1 3.9 -1.2
v -4 3.9 -1.2
v 0 3.9 -1.2
v 0.0999999 3.9 -1.2
v -4.1 3.9 -1.3
v -4 3.9 -1.3
v 0 3.9 -1.3
v 0.0999999 3.9 -1.3
v -4.1 3.9 -1.4
v -4 3.9 -1.4
v 0 3.9 -1.4
v 0.0999999 3.9 -1.4
v -4.1 3.9 -1.6
v -4 3.9 -1.6
v 0 3.9 -1.6
v 0.0999999 3.9 -1.6
v -4.1 3.9 -1.9
v -4 3.9 -1.9
v 0 3.9 -1.9
v 0.0999999 3.9 -1.9
v -4.1 3.9 -2
v -4 3.9 -2
v 0 3.9 -2
v 0.0999999 3.9 -2
v -4.1 3.9 -2.2
v -4 3.9 -2.2
v 0 3.9 -2.2
v 0.0999999 3.9 -2.2
v -4.1 3.9 -2.4
v -4 3.9 -2.4
v 0 3.9 -2.4
v 0.0999999 3.9 -2.4
v -4.1 3.9 -2.5
v -4 3.9 -2.5
v 0 3.9 -2.5
v 0.0999999 3.9 -2.5
v -4.1 3.9 -2.6
v -4 3.9 -2.6
v 0 3.9 -2.6
v 0.0999999 3.9 -2.6
v -4.1 3.9 -2.9
v -4 3.9 -2.9
v 0 3.9 -2.9
v 0.0999999 3.9 -2.9
v -4 3.9 -3
v -3.9 3.9 -3
v -3.7 3.9 -3
v -3.5 3.9 -3
v -3.2 3.9 -3
v -3.1 3.9 -3
v -3 3.9 -3
v -2.9 3.9 -3
v -2.8 3.9 -3
v -2.6 3.9 -3
v -2.3 3.9 -3
v -2.1 3.9 -3
v -1.9 3.9 -3
v -1.8 3.9 -3
v -1.7 3.9 -3
v -1.6 3.9 -3
v -1.4 3.9 -3
v -1.1 3.9 -3
v -1 3.9 -3
v -0.8 3.9 -3
v -0.6 3.9 -3
v -0.5 3.9 -3
v -0.4 3.9 -3
v -0.0999999 3.9 -3
v 0 3.9 -3
v -4.1 3.9 -3.1
v -4 3.9 -3.1
v -3.9 3.9 -3.1
v -3.7 3.9 -3.1
v -3.5 3.9 -3.1
v -3.2 3.9 -3.1
v -3.1 3.9 -3.1
v -3 3.9 -3.1
v -2.9 3.9 -3.1
v -2.8 3.9 -3.1
v -2.6 3.9 -3.1
v -2.3 3.9 -3.1
v -2.1 3.9 -3.1
v -1.9 3.9 -3.1
v -1.8 3.9 -3.1
v -1.7 3.9 -3.1
v -1.6 3.9 -3.1
v -1.4 3.9 -3.1
v -1.1 3.9 -3.1
v -1 3.9 -3.1
v -0.8 3.9 -3.1
v -0.6 3.9 -3.1
v -0.5 3.9 -3.1
v -0.4 3.9 -3.1
v -0.0999999 3.9 -3.1
v 0.0999999 3.9 -3.1
v -4.1 4 1.2
v -3.9 4 1.2
v -3.8 4 1.2
v -3.7 4 1.2
v -3.5 4 1.2
v -3.4 4 1.2
v -3.3 4 1.2
v -3.2 4 1.2
v -3.1 4 1.2
v -3 4 1.2
v -2.9 4 1.2
v -2.8 4 1.2
v -2.6 4 1.2
v -2.4 4 1.2
v -2.3 4 1.2
v -2.2 4 1.2
v -2.1 4 1.2
v -2 4 1.2
v -1.9 4 1.2
v -1.8 4 1.2
v -1.5 4 1.2
v -1.4 4 1.2
v -1.1 4 1.2
v -1 4 1.2
v -0.9 4 1.2
v -0.6 4 1.2
v -0.5 4 1.2
v -0.4 4 1.2
v -0.2 4 1.2
v 0 4 1.2
v 0.0999999 4 1.2
v -4.2 4 1.1
v -4.1 4 1.1
v -4 4 1.1
v -3.9 4 1.1
v -3.8 4 1.1
v -3.7 4 1.1
v -3.6 4 1.1
v -3.5 4 1.1
v -3.4 4 1.1
v -3.3 4 1.1
v -3.2 4 1.1
v -3.1 4 1.1
v -3 4 1.1
v -2.9 4 1.1
v -2.8 4 1.1
v -2.7 4 1.1
v -2.6 4 1.1
v -2.4 4 1.1
v -2.3 4 1.1
v -2.2 4 1.1
v -2.1 4 1.1
v -2 4 1.1
v -1.9 4 1.1
v -1.8 4 1.1
v -1.7 4 1.1
v -1.6 4 1.1
v -1.5 4 1.1
v -1.4 4 1.1
v -1.3 4 1.1
v -1.2 4 1.1
v -1.1 4 1.1
v -1 4 1.1
v -0.9 4 1.1
v -0.8 4 1.1
v -0.6 4 1.1
v -0.5 4 1.1
v -0.4 4 1.1
v -0.2 4 1.1
v -0.0999999 4 1.1
v 0 4 1.1
v 0.0999999 4 1.1
v 0.2 4 1.1
v -4.1 4 1
v -3.7 4 1
v -3.6 4 1
v -2.7 4 1
v -2.6 4 1
v -1.4 4 1
v -1.3 4 1
v -1.2 4 1
v -1.1 4 1
v 0.0999999 4 1
v -4.2 4 0.9
v -4.1 4 0.9
v 0.0999999 4 0.9
v 0.2 4 0.9
v -4.2 4 0.8
v -4.1 4 0.8
v 0.0999999 4 0.8
v 0.2 4 0.8
v -4.2 4 0.7
v -4.1 4 0.7
v -4 4 0.7
v 0 4 0.7
v 0.0999999 4 0.7
v 0.2 4 0.7
v -4.1 4 0.6
v -4 4 0.6
v 0 4 0.6
v 0.0999999 4 0.6
v -4.2 4 0.5
v -4.1 4 0.5
v 0.0999999 4 0.5
v 0.2 4 0.5
v -4.2 4 0.4
v -4.1 4 0.4
v 0.0999999 4 0.4
v 0.2 4 0.4
v -4.2 4 0.3
v -4.1 4 0.3
v 0.0999999 4 0.3
v 0.2 4 0.3
v -4.2 4 0.2
v -4.1 4 0.2
v 0.0999999 4 0.2
v 0.2 4 0.2
v -4.2 4 0.1
v -4.1 4 0.1
v 0.0999999 4 0.1
v 0.2 4 0.1
v -4.2 4 0
v -4.1 4 0
v 0.0999999 4 0
v 0.2 4 0
v -4.2 4 -0.0999999
v -4.1 4 -0.0999999
v 0.0999999 4 -0.0999999
v 0.2 4 -0.0999999
v -4.2 4 -0.2
v -4.1 4 -0.2
v 0.0999999 4 -0.2
v 0.2 4 -0.2
v -4.1 4 -0.3
v -4 4 -0.3
v 0 4 -0.3
v 0.0999999 4 -0.3
v -4.2 4 -0.4
v -4.1 4 -0.4
v -4 4 -0.4
v 0 4 -0.4
v 0.0999999 4 -0.4
v 0.2 4 -0.4
v -4.2 4 -0.6
v -4.1 4 -0.6
v 0.0999999 4 -0.6
v 0.2 4 -0.6
v -4.2 4 -0.7
v -4.1 4 -0.7
v 0.0999999 4 -0.7
v 0.2 4 -0.7
v -4.2 4 -0.8
v -4.1 4 -0.8
v 0.0999999 4 -0.8
v 0.2 4 -0.8
v -4.2 4 -0.9
v -4.1 4 -0.9
v 0.0999999 4 -0.9
v 0.2 4 -0.9
v -4.2 4 -1
v -4.1 4 -1
v 0.0999999 4 -1
v 0.2 4 -1
v -4.2 4 -1.1
v -4.1 4 -1.1
v 0.0999999 4 -1.1
v 0.2 4 -1.1
v -4.2 4 -1.2
v -4.1 4 -1.2
v 0.0999999 4 -1.2
v 0.2 4 -1.2
v -4.1 4 -1.3
v 0.0999999 4 -1.3
v -4.1 4 -1.4
v 0.0999999 4 -1.4
v -4.2 4 -1.5
v -4.1 4 -1.5
v 0.0999999 4 -1.5
v 0.2 4 -1.5
v -4.2 4 -1.6
v -4.1 4 -1.6
v -4 4 -1.6
v 0 4 -1.6
v 0.0999999 4 -1.6
v 0.2 4 -1.6
v -4.1 4 -1.7
v -4 4 -1.7
v 0 4 -1.7
v 0.0999999 4 -1.7
v -4.1 4 -1.8
v -4 4 -1.8
v 0 4 -1.8
v 0.0999999 4 -1.8
v -4.2 4 -1.9
v -4.1 4 -1.9
v -4 4 -1.9
v 0 4 -1.9
v 0.0999999 4 -1.9
v 0.2 4 -1.9
v -4.2 4 -2
v -4.1 4 -2
v 0.0999999 4 -2
v 0.2 4 -2
v -4.2 4 -2.1
v -4.1 4 -2.1
v 0.0999999 4 -2.1
v 0.2 4 -2.1
v -4.1 4 -2.2
v 0.0999999 4 -2.2
v -4.2 4 -2.4
v -4.1 4 -2.4
v 0.0999999 4 -2.4
v 0.2 4 -2.4
v -4.2 4 -2.5
v -4.1 4 -2.5
v 0.0999999 4 -2.5
v 0.2 4 -2.5
v -4.2 4 -2.6
v -4.1 4 -2.6
v 0.0999999 4 -2.6
v 0.2 4 -2.6
v -4.2 4 -2.8
v -4.1 4 -2.8
v 0.0999999 4 -2.8
v 0.2 4 -2.8
v -4.1 4 -2.9
v 0.0999999 4 -2.9
v -4.2 4 -3
v -4.1 4 -3
v -3.7 4 -3
v -3.6 4 -3
v -2.7 4 -3
v -2.6 4 -3
v -1.4 4 -3
v -1.3 4 -3
v -1.2 4 -3
v -1.1 4 -3
v 0.0999999 4 -3
v 0.2 4 -3
v -4.2 4 -3.1
v -4.1 4 -3.1
v -4 4 -3.1
v -3.9 4 -3.1
v -3.8 4 -3.1
v -3.7 4 -3.1
v -3.6 4 -3.1
v -3.5 4 -3.1
v -3.4 4 -3.1
v -3.3 4 -3.1
v -3.2 4 -3.1
v -3.1 4 -3.1
v -3 4 -3.1
v -2.9 4 -3.1
v -2.8 4 -3.1
v -2.7 4 -3.1
v -2.6 4 -3.1
v -2.4 4 -3.1
v -2.3 4 -3.1
v -2.2 4 -3.1
v -2.1 4 -3.1
v -2 4 -3.1
v -1.9 4 -3.1
v -1.8 4 -3.1
v -1.7 4 -3.1
v -1.6 4 -3.1
v -1.5 4 -3.1
v -1.4 4 -3.1
v -1.3 4 -3.1
v -1.2 4 -3.1
v -1.1 4 -3.1
v -1 4 -3.1
v -0.9 4 -3.1
v -0.8 4 -3.1
v -0.6 4 -3.1
v -0.5 4 -3.1
v -0.4 4 -3.1
v -0.2 4 -3.1
v -0.0999999 4 -3.1
v 0 4 -3.1
v 0.0999999 4 -3.1
v 0.2 4 -3.1
v -4.1 4 -3.2
v -3.9 4 -3.2
v -3.8 4 -3.2
v -3.7 4 -3.2
v -3.5 4 -3.2
v -3.4 4 -3.2
v -3.3 4 -3.2
v -3.2 4 -3.2
v -3.1 4 -3.2
v -3 4 -3.2
v -2.9 4 -3.2
v -2.8 4 -3.2
v -2.6 4 -3.2
v -2.4 4 -3.2
v -2.3 4 -3.2
v -2.2 4 -3.2
v -2.1 4 -3.2
v -2 4 -3.2
v -1.9 4 -3.2
v -1.8 4 -3.2
v -1.5 4 -3.2
v -1.4 4 -3.2
v -1.1 4 -3.2
v -1 4 -3.2
v -0.9 4 -3.2
v -0.6 4 -3.2
v -0.5 4 -3.2
v -0.4 4 -3.2
v -0.2 4 -3.2
v 0 4 -3.2
v 0.0999999 4 -3.2
v -4.1 0.4 1.2
v -3.7 0.4 1.2
v -3.5 0.4 1.2
v -3.4 0.4 1.2
v -3.3 0.4 1.2
v -3.2 0.4 1.2
v -3.1 0.4 1.2
v -2.9 0.4 1.2
v -2.8 0.4 1.2
v -2.6 0.4 1.2
v -2.4 0.4 1.2
v -2.1 0.4 1.2
v -2 0.4 1.2
v -1.7 0.4 1.2
v -1.6 0.4 1.2
v -1.4 0.4 1.2
v -1.1 0.4 1.2
v -0.9 0.4 1.2
v -0.8 0.4 1.2
v -0.7 0.4 1.2
v -0.5 0.4 1.2
v -0.4 0.4 1.2
v -0.3 0.4 1.2
v 0.0999999 0.4 1.2
v -4.2 0.4 1.1
v -4.1 0.4 1.1
v -3.8 0.4 1.1
v -3.7 0.4 1.1
v -3.6 0.4 1.1
v -3.5 0.4 1.1
v -3.4 0.4 1.1
v -3.3 0.4 1.1
v -3.2 0.4 1.1
v -3.1 0.4 1.1
v -3 0.4 1.1
v -2.9 0.4 1.1
v -2.8 0.4 1.1
v -2.7 0.4 1.1
v -2.6 0.4 1.1
v -2.5 0.4 1.1
v -2.4 0.4 1.1
v -2.3 0.4 1.1
v -2.1 0.4 1.1
v -2 0.4 1.1
v -1.9 0.4 1.1
v -1.8 0.4 1.1
v -1.7 0.4 1.1
v -1.6 0.4 1.1
v -1.4 0.4 1.1
v -1.3 0.4 1.1
v -1.2 0.4 1.1
v -1.1 0.4 1.1
v -0.9 0.4 1.1
v -0.8 0.4 1.1
v -0.7 0.4 1.1
v -0.6 0.4 1.1
v -0.5 0.4 1.1
v -0.4 0.4 1.1
v -0.3 0.4 1.1
v -0.2 0.4 1.1
v 0.0999999 0.4 1.1
v 0.2 0.4 1.1
v -3.7 0.4 1
v -3.6 0.4 1
v -2.7 0.4 1
v -2.6 0.4 1
v -1.4 0.4 1
v -1.3 0.4 1
v -1.2 0.4 1
v -1.1 0.4 1
v -4.1 0.4 0.8
v 0.0999999 0.4 0.8
v -4.2 0.4 0.7
v -4.1 0.4 0.7
v -4 0.4 0.7
v 0 0.4 0.7
v 0.0999999 0.4 0.7
v 0.2 0.4 0.7
v -4.1 0.4 0.6
v -4 0.4 0.6
v 0 0.4 0.6
v 0.0999999 0.4 0.6
v -4.2 0.4 0.5
v -4.1 0.4 0.5
v 0.0999999 0.4 0.5
v 0.2 0.4 0.5
v -4.2 0.4 0.4
v -4.1 0.4 0.4
v 0.0999999 0.4 0.4
v 0.2 0.4 0.4
v -4.2 0.4 0.3
v -4.1 0.4 0.3
v 0.0999999 0.4 0.3
v 0.2 0.4 0.3
v -4.2 0.4 0.2
v -4.1 0.4 0.2
v 0.0999999 0.4 0.2
v 0.2 0.4 0.2
v -4.2 0.4 0.1
v -4.1 0.4 0.1
v 0.0999999 0.4 0.1
v 0.2 0.4 0.1
v -4.1 0.4 0
v 0.0999999 0.4 0
v -4.2 0.4 -0.0999999
v -4.1 0.4 -0.0999999
v 0.0999999 0.4 -0.0999999
v 0.2 0.4 -0.0999999
v -4.2 0.4 -0.2
v -4.1 0.4 -0.2
v 0.0999999 0.4 -0.2
v 0.2 0.4 -0.2
v -4.1 0.4 -0.3
v -4 0.4 -0.3
v 0 0.4 -0.3
v 0.0999999 0.4 -0.3
v -4.2 0.4 -0.4
v -4.1 0.4 -0.4
v -4 0.4 -0.4
v 0 0.4 -0.4
v 0.0999999 0.4 -0.4
v 0.2 0.4 -0.4
v -4.1 0.4 -0.5
v 0.0999999 0.4 -0.5
v -4.2 0.4 -0.6
v -4.1 0.4 -0.6
v 0.0999999 0.4 -0.6
v 0.2 0.4 -0.6
v -4.1 0.4 -0.7
v 0.0999999 0.4 -0.7
v -4.2 0.4 -0.9
v -4.1 0.4 -0.9
v 0.0999999 0.4 -0.9
v 0.2 0.4 -0.9
v -4.2 0.4 -1
v -4.1 0.4 -1
v 0.0999999 0.4 -1
v 0.2 0.4 -1
v -4.1 0.4 -1.1
v 0.0999999 0.4 -1.1
v -4.1 0.4 -1.2
v 0.0999999 0.4 -1.2
v -4.2 0.4 -1.3
v -4.1 0.4 -1.3
v 0.0999999 0.4 -1.3
v 0.2 0.4 -1.3
v -4.2 0.4 -1.4
v -4.1 0.4 -1.4
v 0.0999999 0.4 -1.4
v 0.2 0.4 -1.4
v -4.2 0.4 -1.6
v -4.1 0.4 -1.6
v -4 0.4 -1.6
v 0 0.4 -1.6
v 0.0999999 0.4 -1.6
v 0.2 0.4 -1.6
v -4.1 0.4 -1.7
v -4 0.4 -1.7
v 0 0.4 -1.7
v 0.0999999 0.4 -1.7
v -4.1 0.4 -1.8
v -4 0.4 -1.8
v 0 0.4 -1.8
v 0.0999999 0.4 -1.8
v -4.2 0.4 -1.9
v -4.1 0.4 -1.9
v -4 0.4 -1.9
v 0 0.4 -1.9
v 0.0999999 0.4 -1.9
v 0.2 0.4 -1.9
v -4.2 0.4 -2.1
v -4.1 0.4 -2.1
v 0.0999999 0.4 -2.1
v 0.2 0.4 -2.1
v -4.2 0.4 -2.2
v -4.1 0.4 -2.2
v 0.0999999 0.4 -2.2
v 0.2 0.4 -2.2
v -4.2 0.4 -2.3
v -4.1 0.4 -2.3
v 0.0999999 0.4 -2.3
v 0.2 0.4 -2.3
v -4.1 0.4 -2.4
v 0.0999999 0.4 -2.4
v -4.2 0.4 -2.5
v -4.1 0.4 -2.5
v 0.0999999 0.4 -2.5
v 0.2 0.4 -2.5
v -4.2 0.4 -2.6
v -4.1 0.4 -2.6
v 0.0999999 0.4 -2.6
v 0.2 0.4 -2.6
v -4.2 0.4 -2.7
v -4.1 0.4 -2.7
v 0.0999999 0.4 -2.7
v 0.2 0.4 -2.7
v -4.1 0.4 -2.8
v 0.0999999 0.4 -2.8
v -3.7 0.4 -3
v -3.6 0.4 -3
v -2.7 0.4 -3
v -2.6 0.4 -3
v -1.4 0.4 -3
v -1.3 0.4 -3
v -1.2 0.4 -3
v -1.1 0.4 -3
v -4.2 0.4 -3.1
v -4.1 0.4 -3.1
v -4 0.4 -3.1
v -3.8 0.4 -3.1
v -3.7 0.4 -3.1
v -3.6 0.4 -3.1
v -3.5 0.4 -3.1
v -3.4 0.4 -3.1
v -3.3 0.4 -3.1
v -3.2 0.4 -3.1
v -3.1 0.4 -3.1
v -3 0.4 -3.1
v -2.9 0.4 -3.1
v -2.8 0.4 -3.1
v -2.7 0.4 -3.1
v -2.6 0.4 -3.1
v -2.5 0.4 -3.1
v -2.4 0.4 -3.1
v -2.3 0.4 -3.1
v -2.1 0.4 -3.1
v -2 0.4 -3.1
v -1.9 0.4 -3.1
v -1.8 0.4 -3.1
v -1.7 0.4 -3.1
v -1.6 0.4 -3.1
v -1.4 0.4 -3.1
v -1.3 0.4 -3.1
v -1.2 0.4 -3.1
v -1.1 0.4 -3.1
v -0.9 0.4 -3.1
v -0.8 0.4 -3.1
v -0.7 0.4 -3.1
v -0.6 0.4 -3.1
v -0.5 0.4 -3.1
v -0.4 0.4 -3.1
v -0.3 0.4 -3.1
v -0.2 0.4 -3.1
v 0 0.4 -3.1
v 0.0999999 0.4 -3.1
v 0.2 0.4 -3.1
v -4.1 0.4 -3.2
v -4 0.4 -3.2
v -3.7 0.4 -3.2
v -3.5 0.4 -3.2
v -3.4 0.4 -3.2
v -3.3 0.4 -3.2
v -3.2 0.4 -3.2
v -3.1 0.4 -3.2
v -2.9 0.4 -3.2
v -2.8 0.4 -3.2
v -2.6 0.4 -3.2
v -2.4 0.4 -3.2
v -2.1 0.4 -3.2
v -2 0.4 -3.2
v -1.7 0.4 -3.2
v -1.6 0.4 -3.2
v -1.4 0.4 -3.2
v -1.1 0.4 -3.2
v -0.9 0.4 -3.2
v -0.8 0.4 -3.2
v -0.7 0.4 -3.2
v -0.5 0.4 -3.2
v -0.4 0.4 -3.2
v -0.3 0.4 -3.2
v 0 0.4 -3.2
v 0.0999999 0.4 -3.2
v -4.1 0.5 1.1
v -3.8 0.5 1.1
v -3.7 0.5 1.1
v -3.5 0.5 1.1
v -3.4 0.5 1.1
v -3.2 0.5 1.1
v -3.1 0.5 1.1
v -3 0.5 1.1
v -2.9 0.5 1.1
v -2.8 0.5 1.1
v -2.6 0.5 1.1
v -2.5 0.5 1.1
v -2.4 0.5 1.1
v -2.3 0.5 1.1
v -2.1 0.5 1.1
v -2 0.5 1.1
v -1.9 0.5 1.1
v -1.8 0.5 1.1
v -1.6 0.5 1.1
v -1.4 0.5 1.1
v -1.1 0.5 1.1
v -0.9 0.5 1.1
v -0.8 0.5 1.1
v -0.7 0.5 1.1
v -0.6 0.5 1.1
v -0.3 0.5 1.1
v -0.2 0.5 1.1
v 0.0999999 0.5 1.1
v -4 0.5 1
v -3.8 0.5 1
v -3.7 0.5 1
v -3.5 0.5 1
v -3.4 0.5 1
v -3.2 0.5 1
v -3.1 0.5 1
v -3 0.5 1
v -2.9 0.5 1
v -2.8 0.5 1
v -2.6 0.5 1
v -2.5 0.5 1
v -2.4 0.5 1
v -2.3 0.5 1
v -2.1 0.5 1
v -2 0.5 1
v -1.9 0.5 1
v -1.8 0.5 1
v -1.6 0.5 1
v -1.4 0.5 1
v -1.1 0.5 1
v -0.9 0.5 1
v -0.8 0.5 1
v -0.7 0.5 1
v -0.6 0.5 1
v -0.3 0.5 1
v -0.2 0.5 1
v 0 0.5 1
v -4.1 0.5 0.8
v -4 0.5 0.8
v 0 0.5 0.8
v 0.0999999 0.5 0.8
v -4.1 0.5 0.7
v -4 0.5 0.7
v 0 0.5 0.7
v 0.0999999 0.5 0.7
v -4.1 0.5 0.5
v -4 0.5 0.5
v 0 0.5 0.5
v 0.0999999 0.5 0.5
v -4.1 0.5 0.4
v -4 0.5 0.4
v 0 0.5 0.4
v 0.0999999 0.5 0.4
v -4.1 0.5 0.2
v -4 0.5 0.2
v 0 0.5 0.2
v 0.0999999 0.5 0.2
v -4.1 0.5 0.1
v -4 0.5 0.1
v 0 0.5 0.1
v 0.0999999 0.5 0.1
v -4.1 0.5 0
v -4 0.5 0
v 0 0.5 0
v 0.0999999 0.5 0
v -4.1 0.5 -0.0999999
v -4 0.5 -0.0999999
v 0 0.5 -0.0999999
v 0.0999999 0.5 -0.0999999
v -4.1 0.5 -0.2
v -4 0.5 -0.2
v 0 0.5 -0.2
v 0.0999999 0.5 -0.2
v -4.1 0.5 -0.4
v -4 0.5 -0.4
v 0 0.5 -0.4
v 0.0999999 0.5 -0.4
v -4.1 0.5 -0.5
v -4 0.5 -0.5
v 0 0.5 -0.5
v 0.0999999 0.5 -0.5
v -4.1 0.5 -0.6
v -4 0.5 -0.6
v 0 0.5 -0.6
v 0.0999999 0.5 -0.6
v -4.1 0.5 -0.7
v -4 0.5 -0.7
v 0 0.5 -0.7
v 0.0999999 0.5 -0.7
v -4.1 0.5 -0.9
v -4 0.5 -0.9
v 0 0.5 -0.9
v 0.0999999 0.5 -0.9
v -4.1 0.5 -1
v -4 0.5 -1
v 0 0.5 -1
v 0.0999999 0.5 -1
v -4.1 0.5 -1.1
v -4 0.5 -1.1
v 0 0.5 -1.1
v 0.0999999 0.5 -1.1
v -4.1 0.5 -1.2
v -4 0.5 -1.2
v 0 0.5 -1.2
v 0.0999999 0.5 -1.2
v -4.1 0.5 -1.4
v -4 0.5 -1.4
v 0 0.5 -1.4
v 0.0999999 0.5 -1.4
v -4.1 0.5 -1.6
v -4 0.5 -1.6
v 0 0.5 -1.6
v 0.0999999 0.5 -1.6
v -4.1 0.5 -1.9
v -4 0.5 -1.9
v 0 0.5 -1.9
v 0.0999999 0.5 -1.9
v -4.1 0.5 -2.1
v -4 0.5 -2.1
v 0 0.5 -2.1
v 0.0999999 0.5 -2.1
v -4.1 0.5 -2.2
v -4 0.5 -2.2
v 0 0.5 -2.2
v 0.0999999 0.5 -2.2
v -4.1 0.5 -2.3
v -4 0.5 -2.3
v 0 0.5 -2.3
v 0.0999999 0.5 -2.3
v -4.1 0.5 -2.4
v -4 0.5 -2.4
v 0 0.5 -2.4
v 0.0999999 0.5 -2.4
v -4.1 0.5 -2.7
v -4 0.5 -2.7
v 0 0.5 -2.7
v 0.0999999 0.5 -2.7
v -4.1 0.5 -2.8
v -4 0.5 -2.8
v 0 0.5 -2.8
v 0.0999999 0.5 -2.8
v -4 0.5 -3
v -3.8 0.5 -3
v -3.7 0.5 -3
v -3.5 0.5 -3
v -3.4 0.5 -3
v -3.2 0.5 -3
v -3.1 0.5 -3
v -3 0.5 -3
v -2.9 0.5 -3
v -2.8 0.5 -3
v -2.6 0.5 -3
v -2.5 0.5 -3
v -2.4 0.5 -3
v -2.3 0.5 -3
v -2.1 0.5 -3
v -2 0.5 -3
v -1.9 0.5 -3
v -1.8 0.5 -3
v -1.6 0.5 -3
v -1.4 0.5 -3
v -1.1 0.5 -3
v -0.9 0.5 -3
v -0.8 0.5 -3
v -0.7 0.5 -3
v -0.6 0.5 -3
v -0.3 0.5 -3
v -0.2 0.5 -3
v 0 0.5 -3
v -4.1 0.5 -3.1
v -3.8 0.5 -3.1
v -3.7 0.5 -3.1
v -3.5 0.5 -3.1
v -3.4 0.5 -3.1
v -3.2 0.5 -3.1
v -3.1 0.5 -3.1
v -3 0.5 -3.1
v -2.9 0.5 -3.1
v -2.8 0.5 -3.1
v -2.6 0.5 -3.1
v -2.5 0.5 -3.1
v -2.4 0.5 -3.1
v -2.3 0.5 -3.1
v -2.1 0.5 -3.1
v -2 0.5 -3.1
v -1.9 0.5 -3.1
v -1.8 0.5 -3.1
v -1.6 0.5 -3.1
v -1.4 0.5 -3.1
v -1.1 0.5 -3.1
v -0.9 0.5 -3.1
v -0.8 0.5 -3.1
v -0.7 0.5 -3.1
v -0.6 0.5 -3.1
v -0.3 0.5 -3.1
v -0.2 0.5 -3.1
v 0.0999999 0.5 -3.1
v -4.1 1.5 1.2
v -4 1.5 1.2
v -3.8 1.5 1.2
v -3.6 1.5 1.2
v -3.4 1.5 1.2
v -3.3 1.5 1.2
v -3.1 1.5 1.2
v -3 1.5 1.2
v -2.9 1.5 1.2
v -2.8 1.5 1.2
v -2.6 1.5 1.2
v -2.5 1.5 1.2
v -2.4 1.5 1.2
v -2.1 1.5 1.2
v -2 1.5 1.2
v -1.9 1.5 1.2
v -1.5 1.5 1.2
v -1.4 1.5 1.2
v -1.3 1.5 1.2
v -1 1.5 1.2
v -0.9 1.5 1.2
v -0.7 1.5 1.2
v -0.6 1.5 1.2
v -0.3 1.5 1.2
v -0.2 1.5 1.2
v -0.0999999 1.5 1.2
v 0.0999999 1.5 1.2
v -4.2 1.5 1.1
v -4.1 1.5 1.1
v -4 1.5 1.1
v -3.8 1.5 1.1
v -3.7 1.5 1.1
v -3.6 1.5 1.1
v -3.4 1.5 1.1
v -3.3 1.5 1.1
v -3.1 1.5 1.1
v -3 1.5 1.1
v -2.9 1.5 1.1
v -2.8 1.5 1.1
v -2.6 1.5 1.1
v -2.5 1.5 1.1
v -2.4 1.5 1.1
v -2.3 1.5 1.1
v -2.2 1.5 1.1
v -2.1 1.5 1.1
v -2 1.5 1.1
v -1.9 1.5 1.1
v -1.7 1.5 1.1
v -1.5 1.5 1.1
v -1.4 1.5 1.1
v -1.3 1.5 1.1
v -1.1 1.5 1.1
v -1 1.5 1.1
v -0.9 1.5 1.1
v -0.8 1.5 1.1
v -0.7 1.5 1.1
v -0.6 1.5 1.1
v -0.5 1.5 1.1
v -0.4 1.5 1.1
v -0.3 1.5 1.1
v -0.2 1.5 1.1
v -0.0999999 1.5 1.1
v 0.0999999 1.5 1.1
v 0.2 1.5 1.1
v -4.2 1.5 1
v -4.1 1.5 1
v -3.7 1.5 1
v -3.6 1.5 1
v -2.4 1.5 1
v -2.3 1.5 1
v -2.2 1.5 1
v -2.1 1.5 1
v -0.6 1.5 1
v -0.5 1.5 1
v -0.4 1.5 1
v -0.3 1.5 1
v 0.0999999 1.5 1
v 0.2 1.5 1
v -4.2 1.5 0.8
v -4.1 1.5 0.8
v 0.0999999 1.5 0.8
v 0.2 1.5 0.8
v -4.1 1.5 0.7
v -4 1.5 0.7
v 0 1.5 0.7
v 0.0999999 1.5 0.7
v -4.2 1.5 0.6
v -4.1 1.5 0.6
v -4 1.5 0.6
v 0 1.5 0.6
v 0.0999999 1.5 0.6
v 0.2 1.5 0.6
v -4.2 1.5 0.4
v -4.1 1.5 0.4
v 0.0999999 1.5 0.4
v 0.2 1.5 0.4
v -4.2 1.5 0.3
v -4.1 1.5 0.3
v 0.0999999 1.5 0.3
v 0.2 1.5 0.3
v -4.2 1.5 0.1
v -4.1 1.5 0.1
v 0.0999999 1.5 0.1
v 0.2 1.5 0.1
v -4.2 1.5 0
v -4.1 1.5 0
v 0.0999999 1.5 0
v 0.2 1.5 0
v -4.2 1.5 -0.0999999
v -4.1 1.5 -0.0999999
v 0.0999999 1.5 -0.0999999
v 0.2 1.5 -0.0999999
v -4.2 1.5 -0.2
v -4.1 1.5 -0.2
v 0.0999999 1.5 -0.2
v 0.2 1.5 -0.2
v -4.2 1.5 -0.4
v -4.1 1.5 -0.4
v 0.0999999 1.5 -0.4
v 0.2 1.5 -0.4
v -4.2 1.5 -0.5
v -4.1 1.5 -0.5
v 0.0999999 1.5 -0.5
v 0.2 1.5 -0.5
v -4.2 1.5 -0.6
v -4.1 1.5 -0.6
v -4 1.5 -0.6
v 0 1.5 -0.6
v 0.0999999 1.5 -0.6
v 0.2 1.5 -0.6
v -4.1 1.5 -0.7
v -4 1.5 -0.7
v 0 1.5 -0.7
v 0.0999999 1.5 -0.7
v -4.1 1.5 -0.8
v -4 1.5 -0.8
v 0 1.5 -0.8
v 0.0999999 1.5 -0.8
v -4.2 1.5 -0.9
v -4.1 1.5 -0.9
v -4 1.5 -0.9
v 0 1.5 -0.9
v 0.0999999 1.5 -0.9
v 0.2 1.5 -0.9
v -4.2 1.5 -1
v -4.1 1.5 -1
v 0.0999999 1.5 -1
v 0.2 1.5 -1
v -4.2 1.5 -1.1
v -4.1 1.5 -1.1
v 0.0999999 1.5 -1.1
v 0.2 1.5 -1.1
v -4.1 1.5 -1.3
v 0.0999999 1.5 -1.3
v -4.2 1.5 -1.5
v -4.1 1.5 -1.5
v 0.0999999 1.5 -1.5
v 0.2 1.5 -1.5
v -4.2 1.5 -1.6
v -4.1 1.5 -1.6
v 0.0999999 1.5 -1.6
v 0.2 1.5 -1.6
v -4.2 1.5 -1.7
v -4.1 1.5 -1.7
v 0.0999999 1.5 -1.7
v 0.2 1.5 -1.7
v -4.1 1.5 -1.9
v 0.0999999 1.5 -1.9
v -4.2 1.5 -2
v -4.1 1.5 -2
v 0.0999999 1.5 -2
v 0.2 1.5 -2
v -4.2 1.5 -2.1
v -4.1 1.5 -2.1
v 0.0999999 1.5 -2.1
v 0.2 1.5 -2.1
v -4.1 1.5 -2.2
v 0.0999999 1.5 -2.2
v -4.2 1.5 -2.3
v -4.1 1.5 -2.3
v 0.0999999 1.5 -2.3
v 0.2 1.5 -2.3
v -4.2 1.5 -2.4
v -4.1 1.5 -2.4
v -4 1.5 -2.4
v 0 1.5 -2.4
v 0.0999999 1.5 -2.4
v 0.2 1.5 -2.4
v -4.1 1.5 -2.5
v -4 1.5 -2.5
v 0 1.5 -2.5
v 0.0999999 1.5 -2.5
v -4.1 1.5 -2.6
v -4 1.5 -2.6
v 0 1.5 -2.6
v 0.0999999 1.5 -2.6
v -4.2 1.5 -2.7
v -4.1 1.5 -2.7
v -4 1.5 -2.7
v 0 1.5 -2.7
v 0.0999999 1.5 -2.7
v 0.2 1.5 -2.7
v -4.2 1.5 -2.8
v -4.1 1.5 -2.8
v 0.0999999 1.5 -2.8
v 0.2 1.5 -2.8
v -4.2 1.5 -2.9
v -4.1 1.5 -2.9
v 0.0999999 1.5 -2.9
v 0.2 1.5 -2.9
v -4.2 1.5 -3
v -4.1 1.5 -3
v -3.7 1.5 -3
v -3.6 1.5 -3
v -2.4 1.5 -3
v -2.3 1.5 -3
v -2.2 1.5 -3
v -2.1 1.5 -3
v -0.6 1.5 -3
v -0.5 1.5 -3
v -0.4 1.5 -3
v -0.3 1.5 -3
v 0.0999999 1.5 -3
v 0.2 1.5 -3
v -4.2 1.5 -3.1
v -4.1 1.5 -3.1
v -4 1.5 -3.1
v -3.8 1.5 -3.1
v -3.7 1.5 -3.1
v -3.6 1.5 -3.1
v -3.4 1.5 -3.1
v -3.3 1.5 -3.1
v -3.1 1.5 -3.1
v -3 1.5 -3.1
v -2.9 1.5 -3.1
v -2.8 1.5 -3.1
v -2.6 1.5 -3.1
v -2.5 1.5 -3.1
v -2.4 1.5 -3.1
v -2.3 1.5 -3.1
v -2.2 1.5 -3.1
v -2.1 1.5 -3.1
v -2 1.5 -3.1
v -1.9 1.5 -3.1
v -1.7 1.5 -3.1
v -1.5 1.5 -3.1
v -1.4 1.5 -3.1
v -1.3 1.5 -3.1
v -1.1 1.5 -3.1
v -1 1.5 -3.1
v -0.9 1.5 -3.1
v -0.8 1.5 -3.1
v -0.7 1.5 -3.1
v -0.6 1.5 -3.1
v -0.5 1.5 -3.1
v -0.4 1.5 -3.1
v -0.3 1.5 -3.1
v -0.2 1.5 -3.1
v -0.0999999 1.5 -3.1
v 0.0999999 1.5 -3.1
v 0.2 1.5 -3.1
v -4.1 1.5 -3.2
v -4 1.5 -3.2
v -3.8 1.5 -3.2
v -3.6 1.5 -3.2
v -3.4 1.5 -3.2
v -3.3 1.5 -3.2
v -3.1 1.5 -3.2
v -3 1.5 -3.2
v -2.9 1.5 -3.2
v -2.8 1.5 -3.2
v -2.6 1.5 -3.2
v -2.5 1.5 -3.2
v -2.4 1.5 -3.2
v -2.1 1.5 -3.2
v -2 1.5 -3.2
v -1.9 1.5 -3.2
v -1.5 1.5 -3.2
v -1.4 1.5 -3.2
v -1.3 1.5 -3.2
v -1 1.5 -3.2
v -0.9 1.5 -3.2
v -0.7 1.5 -3.2
v -0.6 1.5 -3.2
v -0.3 1.5 -3.2
v -0.2 1.5 -3.2
v -0.0999999 1.5 -3.2
v 0.0999999 1.5 -3.2
v -4.1 1.6 1.1
v -4 1.6 1.1
v -3.8 1.6 1.1
v -3.6 1.6 1.1
v -3.4 1.6 1.1
v -3.3 1.6 1.1
v -3 1.6 1.1
v -2.9 1.6 1.1
v -2.6 1.6 1.1
v -2.5 1.6 1.1
v -2.4 1.6 1.1
v -2.1 1.6 1.1
v -1.9 1.6 1.1
v -1.7 1.6 1.1
v -1.4 1.6 1.1
v -1.3 1.6 1.1
v -1.1 1.6 1.1
v -0.8 1.6 1.1
v -0.6 1.6 1.1
v -0.3 1.6 1.1
v -0.2 1.6 1.1
v 0.0999999 1.6 1.1
v -4.1 1.6 1
v -4 1.6 1
v -3.8 1.6 1
v -3.6 1.6 1
v -3.4 1.6 1
v -3.3 1.6 1
v -3 1.6 1
v -2.9 1.6 1
v -2.6 1.6 1
v -2.5 1.6 1
v -2.4 1.6 1
v -2.1 1.6 1
v -1.9 1.6 1
v -1.7 1.6 1
v -1.4 1.6 1
v -1.3 1.6 1
v -1.1 1.6 1
v -0.8 1.6 1
v -0.6 1.6 1
v -0.3 1.6 1
v -0.2 1.6 1
v 0 1.6 1
v 0.0999999 1.6 1
v -4.1 1.6 0.8
v -4 1.6 0.8
v 0 1.6 0.8
v 0.0999999 1.6 0.8
v -4.1 1.6 0.6
v -4 1.6 0.6
v 0 1.6 0.6
v 0.0999999 1.6 0.6
v -4.1 1.6 0.4
v -4 1.6 0.4
v 0 1.6 0.4
v 0.0999999 1.6 0.4
v -4.1 1.6 0.3
v -4 1.6 0.3
v 0 1.6 0.3
v 0.0999999 1.6 0.3
v -4.1 1.6 0
v -4 1.6 0
v 0 1.6 0
v 0.0999999 1.6 0
v -4.1 1.6 -0.0999999
v -4 1.6 -0.0999999
v 0 1.6 -0.0999999
v 0.0999999 1.6 -0.0999999
v -4.1 1.6 -0.4
v -4 1.6 -0.4
v 0 1.6 -0.4
v 0.0999999 1.6 -0.4
v -4.1 1.6 -0.5
v -4 1.6 -0.5
v 0 1.6 -0.5
v 0.0999999 1.6 -0.5
v -4.1 1.6 -0.6
v -4 1.6 -0.6
v 0 1.6 -0.6
v 0.0999999 1.6 -0.6
v -4.1 1.6 -0.9
v -4 1.6 -0.9
v 0 1.6 -0.9
v 0.0999999 1.6 -0.9
v -4.1 1.6 -1.1
v -4 1.6 -1.1
v 0 1.6 -1.1
v 0.0999999 1.6 -1.1
v -4.1 1.6 -1.3
v -4 1.6 -1.3
v 0 1.6 -1.3
v 0.0999999 1.6 -1.3
v -4.1 1.6 -1.6
v -4 1.6 -1.6
v 0 1.6 -1.6
v 0.0999999 1.6 -1.6
v -4.1 1.6 -1.7
v -4 1.6 -1.7
v 0 1.6 -1.7
v 0.0999999 1.6 -1.7
v -4.1 1.6 -1.9
v -4 1.6 -1.9
v 0 1.6 -1.9
v 0.0999999 1.6 -1.9
v -4.1 1.6 -2.2
v -4 1.6 -2.2
v 0 1.6 -2.2
v 0.0999999 1.6 -2.2
v -4.1 1.6 -2.4
v -4 1.6 -2.4
v 0 1.6 -2.4
v 0.0999999 1.6 -2.4
v -4.1 1.6 -2.7
v -4 1.6 -2.7
v 0 1.6 -2.7
v 0.0999999 1.6 -2.7
v -4.1 1.6 -2.8
v -4 1.6 -2.8
v 0 1.6 -2.8
v 0.0999999 1.6 -2.8
v -4 1.6 -3
v -3.8 1.6 -3
v -3.6 1.6 -3
v -3.4 1.6 -3
v -3.3 1.6 -3
v -3 1.6 -3
v -2.9 1.6 -3
v -2.6 1.6 -3
v -2.5 1.6 -3
v -2.4 1.6 -3
v -2.1 1.6 -3
v -1.9 1.6 -3
v -1.7 1.6 -3
v -1.4 1.6 -3
v -1.3 1.6 -3
v -1.1 1.6 -3
v -0.8 1.6 -3
v -0.6 1.6 -3
v -0.3 1.6 -3
v -0.2 1.6 -3
v 0 1.6 -3
v -4.1 1.6 -3.1
v -4 1.6 -3.1
v -3.8 1.6 -3.1
v -3.6 1.6 -3.1
v -3.4 1.6 -3.1
v -3.3 1.6 -3.1
v -3 1.6 -3.1
v -2.9 1.6 -3.1
v -2.6 1.6 -3.1
v -2.5 1.6 -3.1
v -2.4 1.6 -3.1
v -2.1 1.6 -3.1
v -1.9 1.6 -3.1
v -1.7 1.6 -3.1
v -1.4 1.6 -3.1
v -1.3 1.6 -3.1
v -1.1 1.6 -3.1
v -0.8 1.6 -3.1
v -0.6 1.6 -3.1
v -0.3 1.6 -3.1
v -0.2 1.6 -3.1
v 0.0999999 1.6 -3.1
v -4.1 2.8 1.2
v -3.9 2.8 1.2
v -3.7 2.8 1.2
v -3.6 2.8 1.2
v -3.5 2.8 1.2
v -3.4 2.8 1.2
v -3.1 2.8 1.2
v -2.9 2.8 1.2
v -2.8 2.8 1.2
v -2.7 2.8 1.2
v -2.5 2.8 1.2
v -2.4 2.8 1.2
v -2.3 2.8 1.2
v -1.9 2.8 1.2
v -1.8 2.8 1.2
v -1.7 2.8 1.2
v -1.3 2.8 1.2
v -1 2.8 1.2
v -0.8 2.8 1.2
v -0.7 2.8 1.2
v -0.6 2.8 1.2
v -0.3 2.8 1.2
v -0.2 2.8 1.2
v 0 2.8 1.2
v 0.0999999 2.8 1.2
v -4.2 2.8 1.1
v -4.1 2.8 1.1
v -3.9 2.8 1.1
v -3.7 2.8 1.1
v -3.6 2.8 1.1
v -3.5 2.8 1.1
v -3.4 2.8 1.1
v -3.3 2.8 1.1
v -3.2 2.8 1.1
v -3.1 2.8 1.1
v -2.9 2.8 1.1
v -2.8 2.8 1.1
v -2.7 2.8 1.1
v -2.6 2.8 1.1
v -2.5 2.8 1.1
v -2.4 2.8 1.1
v -2.3 2.8 1.1
v -2.2 2.8 1.1
v -1.9 2.8 1.1
v -1.8 2.8 1.1
v -1.7 2.8 1.1
v -1.4 2.8 1.1
v -1.3 2.8 1.1
v -1.2 2.8 1.1
v -1.1 2.8 1.1
v -1 2.8 1.1
v -0.8 2.8 1.1
v -0.7 2.8 1.1
v -0.6 2.8 1.1
v -0.3 2.8 1.1
v -0.2 2.8 1.1
v 0 2.8 1.1
v 0.0999999 2.8 1.1
v 0.2 2.8 1.1
v -4.2 2.8 1
v -4.1 2.8 1
v -3.4 2.8 1
v -3.3 2.8 1
v -3.2 2.8 1
v -3.1 2.8 1
v -1.3 2.8 1
v -1.2 2.8 1
v -1.1 2.8 1
v -1 2.8 1
v 0.0999999 2.8 1
v 0.2 2.8 1
v -4.2 2.8 0.9
v -4.1 2.8 0.9
v 0.0999999 2.8 0.9
v 0.2 2.8 0.9
v -4.2 2.8 0.7
v -4.1 2.8 0.7
v 0.0999999 2.8 0.7
v 0.2 2.8 0.7
v -4.2 2.8 0.6
v -4.1 2.8 0.6
v 0.0999999 2.8 0.6
v 0.2 2.8 0.6
v -4.2 2.8 0.5
v -4.1 2.8 0.5
v 0.0999999 2.8 0.5
v 0.2 2.8 0.5
v -4.2 2.8 0.4
v -4.1 2.8 0.4
v -4 2.8 0.4
v 0 2.8 0.4
v 0.0999999 2.8 0.4
v 0.2 2.8 0.4
v -4.1 2.8 0.3
v -4 2.8 0.3
v 0 2.8 0.3
v 0.0999999 2.8 0.3
v -4.1 2.8 0.2
v -4 2.8 0.2
v 0 2.8 0.2
v 0.0999999 2.8 0.2
v -4.2 2.8 0.1
v -4.1 2.8 0.1
v -4 2.8 0.1
v 0 2.8 0.1
v 0.0999999 2.8 0.1
v 0.2 2.8 0.1
v -4.2 2.8 -0.0999999
v -4.1 2.8 -0.0999999
v 0.0999999 2.8 -0.0999999
v 0.2 2.8 -0.0999999
v -4.2 2.8 -0.2
v -4.1 2.8 -0.2
v 0.0999999 2.8 -0.2
v 0.2 2.8 -0.2
v -4.2 2.8 -0.3
v -4.1 2.8 -0.3
v 0.0999999 2.8 -0.3
v 0.2 2.8 -0.3
v -4.1 2.8 -0.4
v 0.0999999 2.8 -0.4
v -4.2 2.8 -0.5
v -4.1 2.8 -0.5
v 0.0999999 2.8 -0.5
v 0.2 2.8 -0.5
v -4.2 2.8 -0.6
v -4.1 2.8 -0.6
v 0.0999999 2.8 -0.6
v 0.2 2.8 -0.6
v -4.2 2.8 -0.7
v -4.1 2.8 -0.7
v 0.0999999 2.8 -0.7
v 0.2 2.8 -0.7
v -4.1 2.8 -0.8
v 0.0999999 2.8 -0.8
v -4.2 2.8 -1.1
v -4.1 2.8 -1.1
v 0.0999999 2.8 -1.1
v 0.2 2.8 -1.1
v -4.2 2.8 -1.2
v -4.1 2.8 -1.2
v 0.0999999 2.8 -1.2
v 0.2 2.8 -1.2
v -4.2 2.8 -1.3
v -4.1 2.8 -1.3
v 0.0999999 2.8 -1.3
v 0.2 2.8 -1.3
v -4.1 2.8 -1.6
v 0.0999999 2.8 -1.6
v -4.2 2.8 -1.7
v -4.1 2.8 -1.7
v -4 2.8 -1.7
v 0 2.8 -1.7
v 0.0999999 2.8 -1.7
v 0.2 2.8 -1.7
v -4.1 2.8 -1.8
v -4 2.8 -1.8
v 0 2.8 -1.8
v 0.0999999 2.8 -1.8
v -4.1 2.8 -1.9
v -4 2.8 -1.9
v 0 2.8 -1.9
v 0.0999999 2.8 -1.9
v -4.2 2.8 -2
v -4.1 2.8 -2
v -4 2.8 -2
v 0 2.8 -2
v 0.0999999 2.8 -2
v 0.2 2.8 -2
v -4.2 2.8 -2.2
v -4.1 2.8 -2.2
v 0.0999999 2.8 -2.2
v 0.2 2.8 -2.2
v -4.2 2.8 -2.3
v -4.1 2.8 -2.3
v 0.0999999 2.8 -2.3
v 0.2 2.8 -2.3
v -4.2 2.8 -2.4
v -4.1 2.8 -2.4
v 0.0999999 2.8 -2.4
v 0.2 2.8 -2.4
v -4.2 2.8 -2.7
v -4.1 2.8 -2.7
v 0.0999999 2.8 -2.7
v 0.2 2.8 -2.7
v -4.2 2.8 -2.8
v -4.1 2.8 -2.8
v 0.0999999 2.8 -2.8
v 0.2 2.8 -2.8
v -3.4 2.8 -3
v -3.3 2.8 -3
v -3.2 2.8 -3
v -3.1 2.8 -3
v -1.3 2.8 -3
v -1.2 2.8 -3
v -1.1 2.8 -3
v -1 2.8 -3
v -4.2 2.8 -3.1
v -4.1 2.8 -3.1
v -4 2.8 -3.1
v -3.9 2.8 -3.1
v -3.7 2.8 -3.1
v -3.6 2.8 -3.1
v -3.5 2.8 -3.1
v -3.4 2.8 -3.1
v -3.3 2.8 -3.1
v -3.2 2.8 -3.1
v -3.1 2.8 -3.1
v -2.9 2.8 -3.1
v -2.8 2.8 -3.1
v -2.7 2.8 -3.1
v -2.6 2.8 -3.1
v -2.5 2.8 -3.1
v -2.4 2.8 -3.1
v -2.3 2.8 -3.1
v -2.2 2.8 -3.1
v -1.9 2.8 -3.1
v -1.8 2.8 -3.1
v -1.7 2.8 -3.1
v -1.4 2.8 -3.1
v -1.3 2.8 -3.1
v -1.2 2.8 -3.1
v -1.1 2.8 -3.1
v -1 2.8 -3.1
v -0.8 2.8 -3.1
v -0.7 2.8 -3.1
v -0.6 2.8 -3.1
v -0.3 2.8 -3.1
v -0.2 2.8 -3.1
v 0 2.8 -3.1
v 0.0999999 2.8 -3.1
v 0.2 2.8 -3.1
v -4.1 2.8 -3.2
v -4 2.8 -3.2
v -3.9 2.8 -3.2
v -3.7 2.8 -3.2
v -3.6 2.8 -3.2
v -3.5 2.8 -3.2
v -3.4 2.8 -3.2
v -3.1 2.8 -3.2
v -2.9 2.8 -3.2
v -2.8 2.8 -3.2
v -2.7 2.8 -3.2
v -2.5 2.8 -3.2
v -2.4 2.8 -3.2
v -2.3 2.8 -3.2
v -1.9 2.8 -3.2
v -1.8 2.8 -3.2
v -1.7 2.8 -3.2
v -1.3 2.8 -3.2
v -1 2.8 -3.2
v -0.8 2.8 -3.2
v -0.7 2.8 -3.2
v -0.6 2.8 -3.2
v -0.3 2.8 -3.2
v -0.2 2.8 -3.2
v 0 2.8 -3.2
v 0.0999999 2.8 -3.2
v -4.1 2.9 1.1
v -3.7 2.9 1.1
v -3.4 2.9 1.1
v -3.1 2.9 1.1
v -2.9 2.9 1.1
v -2.8 2.9 1.1
v -2.7 2.9 1.1
v -2.6 2.9 1.1
v -2.3 2.9 1.1
v -2.2 2.9 1.1
v -1.9 2.9 1.1
v -1.8 2.9 1.1
v -1.7 2.9 1.1
v -1.4 2.9 1.1
v -1.3 2.9 1.1
v -1 2.9 1.1
v -0.7 2.9 1.1
v -0.2 2.9 1.1
v 0 2.9 1.1
v 0.0999999 2.9 1.1
v -4 2.9 1
v -3.7 2.9 1
v -3.4 2.9 1
v -3.1 2.9 1
v -2.9 2.9 1
v -2.8 2.9 1
v -2.7 2.9 1
v -2.6 2.9 1
v -2.3 2.9 1
v -2.2 2.9 1
v -1.9 2.9 1
v -1.8 2.9 1
v -1.7 2.9 1
v -1.4 2.9 1
v -1.3 2.9 1
v -1 2.9 1
v -0.7 2.9 1
v -0.2 2.9 1
v 0 2.9 1
v -4.1 2.9 0.7
v -4 2.9 0.7
v 0 2.9 0.7
v 0.0999999 2.9 0.7
v -4.1 2.9 0.4
v -4 2.9 0.4
v 0 2.9 0.4
v 0.0999999 2.9 0.4
v -4.1 2.9 0.1
v -4 2.9 0.1
v 0 2.9 0.1
v 0.0999999 2.9 0.1
v -4.1 2.9 -0.0999999
v -4 2.9 -0.0999999
v 0 2.9 -0.0999999
v 0.0999999 2.9 -0.0999999
v -4.1 2.9 -0.2
v -4 2.9 -0.2
v 0 2.9 -0.2
v 0.0999999 2.9 -0.2
v -4.1 2.9 -0.3
v -4 2.9 -0.3
v 0 2.9 -0.3
v 0.0999999 2.9 -0.3
v -4.1 2.9 -0.4
v -4 2.9 -0.4
v 0 2.9 -0.4
v 0.0999999 2.9 -0.4
v -4.1 2.9 -0.7
v -4 2.9 -0.7
v 0 2.9 -0.7
v 0.0999999 2.9 -0.7
v -4.1 2.9 -0.8
v -4 2.9 -0.8
v 0 2.9 -0.8
v 0.0999999 2.9 -0.8
v -4.1 2.9 -1.1
v -4 2.9 -1.1
v 0 2.9 -1.1
v 0.0999999 2.9 -1.1
v -4.1 2.9 -1.2
v -4 2.9 -1.2
v 0 2.9 -1.2
v 0.0999999 2.9 -1.2
v -4.1 2.9 -1.3
v -4 2.9 -1.3
v 0 2.9 -1.3
v 0.0999999 2.9 -1.3
v -4.1 2.9 -1.6
v -4 2.9 -1.6
v 0 2.9 -1.6
v 0.0999999 2.9 -1.6
v -4.1 2.9 -1.7
v -4 2.9 -1.7
v 0 2.9 -1.7
v 0.0999999 2.9 -1.7
v -4.1 2.9 -2
v -4 2.9 -2
v 0 2.9 -2
v 0.0999999 2.9 -2
v -4.1 2.9 -2.3
v -4 2.9 -2.3
v 0 2.9 -2.3
v 0.0999999 2.9 -2.3
v -4.1 2.9 -2.8
v -4 2.9 -2.8
v 0 2.9 -2.8
v 0.0999999 2.9 -2.8
v -4 2.9 -3
v -3.7 2.9 -3
v -3.4 2.9 -3
v -3.1 2.9 -3
v -2.9 2.9 -3
v -2.8 2.9 -3
v -2.7 2.9 -3
v -2.6 2.9 -3
v -2.3 2.9 -3
v -2.2 2.9 -3
v -1.9 2.9 -3
v -1.8 2.9 -3
v -1.7 2.9 -3
v -1.4 2.9 -3
v -1.3 2.9 -3
v -1 2.9 -3
v -0.7 2.9 -3
v -0.2 2.9 -3
v 0 2.9 -3
v -4.1 2.9 -3.1
v -4 2.9 -3.1
v -3.7 2.9 -3.1
v -3.4 2.9 -3.1
v -3.1 2.9 -3.1
v -2.9 2.9 -3.1
v -2.8 2.9 -3.1
v -2.7 2.9 -3.1
v -2.6 2.9 -3.1
v -2.3 2.9 -3.1
v -2.2 2.9 -3.1
v -1.9 2.9 -3.1
v -1.8 2.9 -3.1
v -1.7 2.9 -3.1
v -1.4 2.9 -3.1
v -1.3 2.9 -3.1
v -1 2.9 -3.1
v -0.7 2.9 -3.1
v -0.2 2.9 -3.1
v 0.0999999 2.9 -3.1
v -4.1 3.7 1.2
v -4 3.7 1.2
v -3.9 3.7 1.2
v -3.8 3.7 1.2
v -3.5 3.7 1.2
v -3.4 3.7 1.2
v -3.3 3.7 1.2
v -3.2 3.7 1.2
v -3.1 3.7 1.2
v -3 3.7 1.2
v -2.8 3.7 1.2
v -2.7 3.7 1.2
v -2.6 3.7 1.2
v -2.5 3.7 1.2
v -2.4 3.7 1.2
v -2.3 3.7 1.2
v -2 3.7 1.2
v -1.8 3.7 1.2
v -1.7 3.7 1.2
v -1.6 3.7 1.2
v -1.5 3.7 1.2
v -1.4 3.7 1.2
v -1.3 3.7 1.2
v -1.2 3.7 1.2
v -0.9 3.7 1.2
v -0.8 3.7 1.2
v -0.5 3.7 1.2
v -0.2 3.7 1.2
v 0.0999999 3.7 1.2
v -4.2 3.7 1.1
v -4.1 3.7 1.1
v -4 3.7 1.1
v -3.9 3.7 1.1
v -3.8 3.7 1.1
v -3.5 3.7 1.1
v -3.4 3.7 1.1
v -3.3 3.7 1.1
v -3.2 3.7 1.1
v -3.1 3.7 1.1
v -3 3.7 1.1
v -2.9 3.7 1.1
v -2.8 3.7 1.1
v -2.7 3.7 1.1
v -2.6 3.7 1.1
v -2.5 3.7 1.1
v -2.4 3.7 1.1
v -2.3 3.7 1.1
v -2.2 3.7 1.1
v -2 3.7 1.1
v -1.9 3.7 1.1
v -1.8 3.7 1.1
v -1.7 3.7 1.1
v -1.6 3.7 1.1
v -1.5 3.7 1.1
v -1.4 3.7 1.1
v -1.3 3.7 1.1
v -1.2 3.7 1.1
v -1.1 3.7 1.1
v -0.9 3.7 1.1
v -0.8 3.7 1.1
v -0.5 3.7 1.1
v -0.4 3.7 1.1
v -0.3 3.7 1.1
v -0.2 3.7 1.1
v 0 3.7 1.1
v 0.0999999 3.7 1.1
v 0.2 3.7 1.1
v -4.2 3.7 1
v -4.1 3.7 1
v -3 3.7 1
v -2.9 3.7 1
v -1.9 3.7 1
v -1.8 3.7 1
v -0.5 3.7 1
v -0.4 3.7 1
v -0.3 3.7 1
v -0.2 3.7 1
v 0.0999999 3.7 1
v 0.2 3.7 1
v -4.2 3.7 0.9
v -4.1 3.7 0.9
v 0.0999999 3.7 0.9
v 0.2 3.7 0.9
v -4.2 3.7 0.8
v -4.1 3.7 0.8
v 0.0999999 3.7 0.8
v 0.2 3.7 0.8
v -4.2 3.7 0.5
v -4.1 3.7 0.5
v 0.0999999 3.7 0.5
v 0.2 3.7 0.5
v -4.2 3.7 0.4
v -4.1 3.7 0.4
v 0.0999999 3.7 0.4
v 0.2 3.7 0.4
v -4.2 3.7 0.3
v -4.1 3.7 0.3
v 0.0999999 3.7 0.3
v 0.2 3.7 0.3
v -4.2 3.7 0.2
v -4.1 3.7 0.2
v 0.0999999 3.7 0.2
v 0.2 3.7 0.2
v -4.2 3.7 0.1
v -4.1 3.7 0.1
v 0.0999999 3.7 0.1
v 0.2 3.7 0.1
v -4.2 3.7 0
v -4.1 3.7 0
v -4 3.7 0
v 0 3.7 0
v 0.0999999 3.7 0
v 0.2 3.7 0
v -4.1 3.7 -0.0999999
v -4 3.7 -0.0999999
v 0 3.7 -0.0999999
v 0.0999999 3.7 -0.0999999
v -4.2 3.7 -0.2
v -4.1 3.7 -0.2
v 0.0999999 3.7 -0.2
v 0.2 3.7 -0.2
v -4.2 3.7 -0.3
v -4.1 3.7 -0.3
v 0.0999999 3.7 -0.3
v 0.2 3.7 -0.3
v -4.2 3.7 -0.4
v -4.1 3.7 -0.4
v 0.0999999 3.7 -0.4
v 0.2 3.7 -0.4
v -4.2 3.7 -0.5
v -4.1 3.7 -0.5
v 0.0999999 3.7 -0.5
v 0.2 3.7 -0.5
v -4.2 3.7 -0.6
v -4.1 3.7 -0.6
v 0.0999999 3.7 -0.6
v 0.2 3.7 -0.6
v -4.2 3.7 -0.7
v -4.1 3.7 -0.7
v 0.0999999 3.7 -0.7
v 0.2 3.7 -0.7
v -4.1 3.7 -0.8
v 0.0999999 3.7 -0.8
v -4.2 3.7 -1
v -4.1 3.7 -1
v 0.0999999 3.7 -1
v 0.2 3.7 -1
v -4.1 3.7 -1.1
v -4 3.7 -1.1
v 0 3.7 -1.1
v 0.0999999 3.7 -1.1
v -4.2 3.7 -1.2
v -4.1 3.7 -1.2
v -4 3.7 -1.2
v 0 3.7 -1.2
v 0.0999999 3.7 -1.2
v 0.2 3.7 -1.2
v -4.2 3.7 -1.3
v -4.1 3.7 -1.3
v 0.0999999 3.7 -1.3
v 0.2 3.7 -1.3
v -4.2 3.7 -1.4
v -4.1 3.7 -1.4
v 0.0999999 3.7 -1.4
v 0.2 3.7 -1.4
v -4.2 3.7 -1.5
v -4.1 3.7 -1.5
v 0.0999999 3.7 -1.5
v 0.2 3.7 -1.5
v -4.2 3.7 -1.6
v -4.1 3.7 -1.6
v 0.0999999 3.7 -1.6
v 0.2 3.7 -1.6
v -4.2 3.7 -1.7
v -4.1 3.7 -1.7
v 0.0999999 3.7 -1.7
v 0.2 3.7 -1.7
v -4.2 3.7 -1.8
v -4.1 3.7 -1.8
v 0.0999999 3.7 -1.8
v 0.2 3.7 -1.8
v -4.1 3.7 -1.9
v 0.0999999 3.7 -1.9
v -4.2 3.7 -2.1
v -4.1 3.7 -2.1
v 0.0999999 3.7 -2.1
v 0.2 3.7 -2.1
v -4.2 3.7 -2.2
v -4.1 3.7 -2.2
v 0.0999999 3.7 -2.2
v 0.2 3.7 -2.2
v -4.2 3.7 -2.5
v -4.1 3.7 -2.5
v -4 3.7 -2.5
v 0 3.7 -2.5
v 0.0999999 3.7 -2.5
v 0.2 3.7 -2.5
v -4.1 3.7 -2.6
v -4 3.7 -2.6
v 0 3.7 -2.6
v 0.0999999 3.7 -2.6
v -4.1 3.7 -2.7
v -4 3.7 -2.7
v 0 3.7 -2.7
v 0.0999999 3.7 -2.7
v -4.2 3.7 -2.8
v -4.1 3.7 -2.8
v -4 3.7 -2.8
v 0 3.7 -2.8
v 0.0999999 3.7 -2.8
v 0.2 3.7 -2.8
v -4.2 3.7 -3
v -4.1 3.7 -3
v -3 3.7 -3
v -2.9 3.7 -3
v -1.9 3.7 -3
v -1.8 3.7 -3
v -0.5 3.7 -3
v -0.4 3.7 -3
v -0.3 3.7 -3
v -0.2 3.7 -3
v 0.0999999 3.7 -3
v 0.2 3.7 -3
v -4.2 3.7 -3.1
v -4.1 3.7 -3.1
v -4 3.7 -3.1
v -3.9 3.7 -3.1
v -3.8 3.7 -3.1
v -3.5 3.7 -3.1
v -3.4 3.7 -3.1
v -3.3 3.7 -3.1
v -3.2 3.7 -3.1
v -3.1 3.7 -3.1
v -3 3.7 -3.1
v -2.9 3.7 -3.1
v -2.8 3.7 -3.1
v -2.7 3.7 -3.1
v -2.6 3.7 -3.1
v -2.5 3.7 -3.1
v -2.4 3.7 -3.1
v -2.3 3.7 -3.1
v -2.2 3.7 -3.1
v -2 3.7 -3.1
v -1.9 3.7 -3.1
v -1.8 3.7 -3.1
v -1.7 3.7 -3.1
v -1.6 3.7 -3.1
v -1.5 3.7 -3.1
v -1.4 3.7 -3.1
v -1.3 3.7 -3.1
v -1.2 3.7 -3.1
v -1.1 3.7 -3.1
v -0.9 3.7 -3.1
v -0.8 3.7 -3.1
v -0.5 3.7 -3.1
v -0.4 3.7 -3.1
v -0.3 3.7 -3.1
v -0.2 3.7 -3.1
v 0 3.7 -3.1
v 0.0999999 3.7 -3.1
v 0.2 3.7 -3.1
v -4.1 3.7 -3.2
v -4 3.7 -3.2
v -3.9 3.7 -3.2
v -3.8 3.7 -3.2
v -3.5 3.7 -3.2
v -3.4 3.7 -3.2
v -3.3 3.7 -3.2
v -3.2 3.7 -3.2
v -3.1 3.7 -3.2
v -3 3.7 -3.2
v -2.8 3.7 -3.2
v -2.7 3.7 -3.2
v -2.6 3.7 -3.2
v -2.5 3.7 -3.2
v -2.4 3.7 -3.2
v -2.3 3.7 -3.2
v -2 3.7 -3.2
v -1.8 3.7 -3.2
v -1.7 3.7 -3.2
v -1.6 3.7 -3.2
v -1.5 3.7 -3.2
v -1.4 3.7 -3.2
v -1.3 3.7 -3.2
v -1.2 3.7 -3.2
v -0.9 3.7 -3.2
v -0.8 3.7 -3.2
v -0.5 3.7 -3.2
v -0.2 3.7 -3.2
v 0 3.7 -3.2
v 0.0999999 3.7 -3.2
v -4.1 3.8 1.1
v -3.9 3.8 1.1
v -3.8 3.8 1.1
v -3.5 3.8 1.1
v -3.3 3.8 1.1
v -3 3.8 1.1
v -2.8 3.8 1.1
v -2.6 3.8 1.1
v -2.4 3.8 1.1
v -2.3 3.8 1.1
v -2.2 3.8 1.1
v -2 3.8 1.1
v -1.8 3.8 1.1
v -1.7 3.8 1.1
v -1.6 3.8 1.1
v -1.5 3.8 1.1
v -1.4 3.8 1.1
v -1.2 3.8 1.1
v -1.1 3.8 1.1
v -0.9 3.8 1.1
v -0.8 3.8 1.1
v -0.5 3.8 1.1
v -0.2 3.8 1.1
v 0 3.8 1.1
v 0.0999999 3.8 1.1
v -4 3.8 1
v -3.9 3.8 1
v -3.8 3.8 1
v -3.5 3.8 1
v -3.3 3.8 1
v -3 3.8 1
v -2.8 3.8 1
v -2.6 3.8 1
v -2.4 3.8 1
v -2.3 3.8 1
v -2.2 3.8 1
v -2 3.8 1
v -1.8 3.8 1
v -1.7 3.8 1
v -1.6 3.8 1
v -1.5 3.8 1
v -1.4 3.8 1
v -1.2 3.8 1
v -1.1 3.8 1
v -0.9 3.8 1
v -0.8 3.8 1
v -0.5 3.8 1
v -0.2 3.8 1
v 0 3.8 1
v -4.1 3.8 0.9
v -4 3.8 0.9
v 0 3.8 0.9
v 0.0999999 3.8 0.9
v -4.1 3.8 0.8
v -4 3.8 0.8
v 0 3.8 0.8
v 0.0999999 3.8 0.8
v -4.1 3.8 0.5
v -4 3.8 0.5
v 0 3.8 0.5
v 0.0999999 3.8 0.5
v -4.1 3.8 0.3
v -4 3.8 0.3
v 0 3.8 0.3
v 0.0999999 3.8 0.3
v -4.1 3.8 0
v -4 3.8 0
v 0 3.8 0
v 0.0999999 3.8 0
v -4.1 3.8 -0.2
v -4 3.8 -0.2
v 0 3.8 -0.2
v 0.0999999 3.8 -0.2
v -4.1 3.8 -0.4
v -4 3.8 -0.4
v 0 3.8 -0.4
v 0.0999999 3.8 -0.4
v -4.1 3.8 -0.6
v -4 3.8 -0.6
v 0 3.8 -0.6
v 0.0999999 3.8 -0.6
v -4.1 3.8 -0.7
v -4 3.8 -0.7
v 0 3.8 -0.7
v 0.0999999 3.8 -0.7
v -4.1 3.8 -0.8
v -4 3.8 -0.8
v 0 3.8 -0.8
v 0.0999999 3.8 -0.8
v -4.1 3.8 -1
v -4 3.8 -1
v 0 3.8 -1
v 0.0999999 3.8 -1
v -4.1 3.8 -1.2
v -4 3.8 -1.2
v 0 3.8 -1.2
v 0.0999999 3.8 -1.2
v -4.1 3.8 -1.3
v -4 3.8 -1.3
v 0 3.8 -1.3
v 0.0999999 3.8 -1.3
v -4.1 3.8 -1.4
v -4 3.8 -1.4
v 0 3.8 -1.4
v 0.0999999 3.8 -1.4
v -4.1 3.8 -1.5
v -4 3.8 -1.5
v 0 3.8 -1.5
v 0.0999999 3.8 -1.5
v -4.1 3.8 -1.6
v -4 3.8 -1.6
v 0 3.8 -1.6
v 0.0999999 3.8 -1.6
v -4.1 3.8 -1.8
v -4 3.8 -1.8
v 0 3.8 -1.8
v 0.0999999 3.8 -1.8
v -4.1 3.8 -1.9
v -4 3.8 -1.9
v 0 3.8 -1.9
v 0.0999999 3.8 -1.9
v -4.1 3.8 -2.1
v -4 3.8 -2.1
v 0 3.8 -2.1
v 0.0999999 3.8 -2.1
v -4.1 3.8 -2.2
v -4 3.8 -2.2
v 0 3.8 -2.2
v 0.0999999 3.8 -2.2
v -4.1 3.8 -2.5
v -4 3.8 -2.5
v 0 3.8 -2.5
v 0.0999999 3.8 -2.5
v -4.1 3.8 -2.8
v -4 3.8 -2.8
v 0 3.8 -2.8
v 0.0999999 3.8 -2.8
v -4 3.8 -3
v -3.9 3.8 -3
v -3.8 3.8 -3
v -3.5 3.8 -3
v -3.3 3.8 -3
v -3 3.8 -3
v -2.8 3.8 -3
v -2.6 3.8 -3
v -2.4 3.8 -3
v -2.3 3.8 -3
v -2.2 3.8 -3
v -2 3.8 -3
v -1.8 3.8 -3
v -1.7 3.8 -3
v -1.6 3.8 -3
v -1.5 3.8 -3
v -1.4 3.8 -3
v -1.2 3.8 -3
v -1.1 3.8 -3
v -0.9 3.8 -3
v -0.8 3.8 -3
v -0.5 3.8 -3
v -0.2 3.8 -3
v 0 3.8 -3
v -4.1 3.8 -3.1
v -4 3.8 -3.1
v -3.9 3.8 -3.1
v -3.8 3.8 -3.1
v -3.5 3.8 -3.1
v -3.3 3.8 -3.1
v -3 3.8 -3.1
v -2.8 3.8 -3.1
v -2.6 3.8 -3.1
v -2.4 3.8 -3.1
v -2.3 3.8 -3.1
v -2.2 3.8 -3.1
v -2 3.8 -3.1
v -1.8 3.8 -3.1
v -1.7 3.8 -3.1
v -1.6 3.8 -3.1
v -1.5 3.8 -3.1
v -1.4 3.8 -3.1
v -1.2 3.8 -3.1
v -1.1 3.8 -3.1
v -0.9 3.8 -3.1
v -0.8 3.8 -3.1
v -0.5 3.8 -3.1
v -0.2 3.8 -3.1
v 0.0999999 3.8 -3.1
v -3.6 4.2 1
v -3.5 4.2 1
v -2.8 4.2 1
v -2.7 4.2 1
v -1.3 4.2 1
v -1.2 4.2 1
v -1.3 4.2 0.9
v -2.7 4.2 0.8
v -1.3 4.2 0.8
v -1.2 4.2 0.8
v -2.7 4.2 0.7
v -1.3 4.2 0.7
v -1.2 4.2 0.7
v -4 4.2 0.6
v -3.6 4.2 0.6
v -3.5 4.2 0.6
v -2.8 4.2 0.6
v -2.7 4.2 0.6
v -2.6 4.2 0.6
v -1.4 4.2 0.6
v -1.3 4.2 0.6
v -1.2 4.2 0.6
v 0 4.2 0.6
v -4 4.2 0.5
v -3.2 4.2 0.5
v -3.1 4.2 0.5
v -1.9 4.2 0.5
v -1.8 4.2 0.5
v 0 4.2 0.5
v -3.1 4.2 0.4
v -1.8 4.2 0.4
v -3.1 4.2 0.3
v -1.8 4.2 0.3
v -3.1 4.2 0.2
v -1.8 4.2 0.2
v -3.2 4.2 0.1
v -1.9 4.2 0.1
v -3.2 4.2 0
v -1.9 4.2 0
v -3.2 4.2 -0.0999999
v -1.9 4.2 -0.0999999
v -4 4.2 -0.2
v -3.2 4.2 -0.2
v -3.1 4.2 -0.2
v -1.9 4.2 -0.2
v -1.8 4.2 -0.2
v 0 4.2 -0.2
v -4 4.2 -0.3
v -3.7 4.2 -0.3
v -3.6 4.2 -0.3
v -3.2 4.2 -0.3
v -3.1 4.2 -0.3
v -3 4.2 -0.3
v -2.6 4.2 -0.3
v -2.4 4.2 -0.3
v -2.3 4.2 -0.3
v -2 4.2 -0.3
v -1.8 4.2 -0.3
v -1.7 4.2 -0.3
v -1.5 4.2 -0.3
v -1.4 4.2 -0.3
v -1.1 4.2 -0.3
v -1 4.2 -0.3
v -0.8 4.2 -0.3
v -0.7 4.2 -0.3
v -0.6 4.2 -0.3
v -0.5 4.2 -0.3
v -0.3 4.2 -0.3
v -0.2 4.2 -0.3
v 0 4.2 -0.3
v -2.3 4.2 -0.4
v -2.2 4.2 -0.4
v -2.1 4.2 -0.4
v -2 4.2 -0.4
v -1 4.2 -0.4
v -0.9 4.2 -0.4
v -0.8 4.2 -0.4
v -2.1 4.2 -0.5
v -2.2 4.2 -0.6
v -2.1 4.2 -0.6
v -0.9 4.2 -0.6
v -2.2 4.2 -0.7
v -0.9 4.2 -0.7
v -2.2 4.2 -0.8
v -2.1 4.2 -0.8
v -0.9 4.2 -0.8
v -2.1 4.2 -0.9
v -2.2 4.2 -1.1
v -0.9 4.2 -1.1
v -2.2 4.2 -1.2
v -2.1 4.2 -1.2
v -0.9 4.2 -1.2
v -2.2 4.2 -1.3
v -2.1 4.2 -1.3
v -0.9 4.2 -1.3
v -2.2 4.2 -1.4
v -0.9 4.2 -1.4
v -2.2 4.2 -1.5
v -0.9 4.2 -1.5
v -2.3 4.2 -1.6
v -2.2 4.2 -1.6
v -2.1 4.2 -1.6
v -2 4.2 -1.6
v -1 4.2 -1.6
v -0.9 4.2 -1.6
v -0.8 4.2 -1.6
v -4 4.2 -1.7
v -3.8 4.2 -1.7
v -3.4 4.2 -1.7
v -3.3 4.2 -1.7
v -3.2 4.2 -1.7
v -2.8 4.2 -1.7
v -2.7 4.2 -1.7
v -2.4 4.2 -1.7
v -2.3 4.2 -1.7
v -2 4.2 -1.7
v -1.9 4.2 -1.7
v -1.6 4.2 -1.7
v -1.5 4.2 -1.7
v -1.3 4.2 -1.7
v -1.2 4.2 -1.7
v -1 4.2 -1.7
v -0.8 4.2 -1.7
v -0.7 4.2 -1.7
v -0.6 4.2 -1.7
v -0.4 4.2 -1.7
v -0.3 4.2 -1.7
v 0 4.2 -1.7
v -4 4.2 -1.8
v -3.9 4.2 -1.8
v -3.8 4.2 -1.8
v -3.7 4.2 -1.8
v -3.6 4.2 -1.8
v -3.5 4.2 -1.8
v -3.1 4.2 -1.8
v -3 4.2 -1.8
v -2.9 4.2 -1.8
v -2.8 4.2 -1.8
v -2.6 4.2 -1.8
v -2.3 4.2 -1.8
v -2.2 4.2 -1.8
v -1.9 4.2 -1.8
v -1.8 4.2 -1.8
v -1.6 4.2 -1.8
v -1.5 4.2 -1.8
v -1.4 4.2 -1.8
v -1.1 4.2 -1.8
v -0.9 4.2 -1.8
v -0.8 4.2 -1.8
v -0.7 4.2 -1.8
v -0.4 4.2 -1.8
v -0.3 4.2 -1.8
v -0.2 4.2 -1.8
v -0.0999999 4.2 -1.8
v 0 4.2 -1.8
v -3.6 4.2 -1.9
v -2.7 4.2 -1.9
v -2.6 4.2 -1.9
v -1.4 4.2 -1.9
v -1.3 4.2 -1.9
v -1.2 4.2 -1.9
v -1.1 4.2 -1.9
v -2.7 4.2 -2.1
v -1.3 4.2 -2.1
v -1.2 4.2 -2.1
v -1.3 4.2 -2.2
v -2.7 4.2 -2.3
v -1.2 4.2 -2.3
v -2.7 4.2 -2.4
v -1.2 4.2 -2.4
v -2.7 4.2 -2.5
v -1.3 4.2 -2.5
v -1.2 4.2 -2.5
v -1.3 4.2 -2.6
v -1.3 4.2 -2.9
v -3.6 4.2 -3
v -3.5 4.2 -3
v -2.8 4.2 -3
v -2.7 4.2 -3
v -1.3 4.2 -3
v -1.2 4.2 -3
v -2.7 4.3 1.1
v -2.6 4.3 1.1
v -1.4 4.3 1.1
v -1.3 4.3 1.1
v -1.2 4.3 1.1
v -1.1 4.3 1.1
v -2.7 4.3 1
v -2.6 4.3 1
v -1.4 4.3 1
v -1.1 4.3 1
v -1.4 4.3 0.9
v -1.3 4.3 0.9
v -2.7 4.3 0.8
v -2.6 4.3 0.8
v -1.4 4.3 0.8
v -1.3 4.3 0.8
v -1.2 4.3 0.8
v -1.1 4.3 0.8
v -2.7 4.3 0.7
v -2.6 4.3 0.7
v -1.4 4.3 0.7
v -1.3 4.3 0.7
v -1.2 4.3 0.7
v -1.1 4.3 0.7
v -2.7 4.3 0.6
v -2.6 4.3 0.6
v -1.4 4.3 0.6
v -1.3 4.3 0.6
v -1.2 4.3 0.6
v -1.1 4.3 0.6
v -3.3 4.3 0.5
v -3.2 4.3 0.5
v -3.1 4.3 0.5
v -3 4.3 0.5
v -2 4.3 0.5
v -1.9 4.3 0.5
v -1.8 4.3 0.5
v -1.7 4.3 0.5
v -3.3 4.3 0.4
v -3.1 4.3 0.4
v -3 4.3 0.4
v -2 4.3 0.4
v -1.8 4.3 0.4
v -1.7 4.3 0.4
v -3.1 4.3 0.3
v -3 4.3 0.3
v -1.8 4.3 0.3
v -1.7 4.3 0.3
v -3.3 4.3 0.2
v -3.1 4.3 0.2
v -3 4.3 0.2
v -2 4.3 0.2
v -1.8 4.3 0.2
v -1.7 4.3 0.2
v -3.3 4.3 0.1
v -3.2 4.3 0.1
v -2 4.3 0.1
v -1.9 4.3 0.1
v -3.3 4.3 0
v -3.2 4.3 0
v -2 4.3 0
v -1.9 4.3 0
v -3.3 4.3 -0.0999999
v -3.2 4.3 -0.0999999
v -2 4.3 -0.0999999
v -1.9 4.3 -0.0999999
v -1.7 4.3 -0.0999999
v -3.3 4.3 -0.2
v -3.2 4.3 -0.2
v -3.1 4.3 -0.2
v -3 4.3 -0.2
v -2 4.3 -0.2
v -1.9 4.3 -0.2
v -1.8 4.3 -0.2
v -1.7 4.3 -0.2
v -4.1 4.3 -0.3
v -4 4.3 -0.3
v -3.7 4.3 -0.3
v -3.6 4.3 -0.3
v -3.2 4.3 -0.3
v -3.1 4.3 -0.3
v -3 4.3 -0.3
v -2.6 4.3 -0.3
v -2.4 4.3 -0.3
v -2.3 4.3 -0.3
v -2 4.3 -0.3
v -1.8 4.3 -0.3
v -1.7 4.3 -0.3
v -1.5 4.3 -0.3
v -1.4 4.3 -0.3
v -1.1 4.3 -0.3
v -1 4.3 -0.3
v -0.8 4.3 -0.3
v -0.7 4.3 -0.3
v -0.6 4.3 -0.3
v -0.5 4.3 -0.3
v -0.3 4.3 -0.3
v -0.2 4.3 -0.3
v 0 4.3 -0.3
v 0.0999999 4.3 -0.3
v -4.1 4.3 -0.4
v -4 4.3 -0.4
v -3.7 4.3 -0.4
v -3.6 4.3 -0.4
v -3.5 4.3 -0.4
v -3.2 4.3 -0.4
v -3.1 4.3 -0.4
v -3 4.3 -0.4
v -2.6 4.3 -0.4
v -2.4 4.3 -0.4
v -2.3 4.3 -0.4
v -2.2 4.3 -0.4
v -2.1 4.3 -0.4
v -2 4.3 -0.4
v -1.8 4.3 -0.4
v -1.7 4.3 -0.4
v -1.5 4.3 -0.4
v -1.4 4.3 -0.4
v -1.1 4.3 -0.4
v -1 4.3 -0.4
v -0.9 4.3 -0.4
v -0.8 4.3 -0.4
v -0.7 4.3 -0.4
v -0.6 4.3 -0.4
v -0.5 4.3 -0.4
v -0.3 4.3 -0.4
v -0.2 4.3 -0.4
v 0 4.3 -0.4
v 0.0999999 4.3 -0.4
v -2.1 4.3 -0.5
v -2 4.3 -0.5
v -1 4.3 -0.5
v -2.3 4.3 -0.6
v -2.2 4.3 -0.6
v -2.1 4.3 -0.6
v -2 4.3 -0.6
v -1 4.3 -0.6
v -0.9 4.3 -0.6
v -2.3 4.3 -0.7
v -2.2 4.3 -0.7
v -1 4.3 -0.7
v -0.9 4.3 -0.7
v -2.3 4.3 -0.8
v -2.2 4.3 -0.8
v -2.1 4.3 -0.8
v -2 4.3 -0.8
v -1 4.3 -0.8
v -0.9 4.3 -0.8
v -2.1 4.3 -0.9
v -2 4.3 -0.9
v -1 4.3 -0.9
v -2.3 4.3 -1
v -2.3 4.3 -1.1
v -2.2 4.3 -1.1
v -1 4.3 -1.1
v -0.9 4.3 -1.1
v -2.3 4.3 -1.2
v -2.2 4.3 -1.2
v -2.1 4.3 -1.2
v -2 4.3 -1.2
v -1 4.3 -1.2
v -0.9 4.3 -1.2
v -2.3 4.3 -1.3
v -2.2 4.3 -1.3
v -2.1 4.3 -1.3
v -2 4.3 -1.3
v -1 4.3 -1.3
v -0.9 4.3 -1.3
v -2.3 4.3 -1.4
v -2.2 4.3 -1.4
v -1 4.3 -1.4
v -0.9 4.3 -1.4
v -2.3 4.3 -1.5
v -2.2 4.3 -1.5
v -1 4.3 -1.5
v -0.9 4.3 -1.5
v -4.1 4.3 -1.6
v -4 4.3 -1.6
v -3.8 4.3 -1.6
v -3.4 4.3 -1.6
v -3.3 4.3 -1.6
v -3.2 4.3 -1.6
v -3.1 4.3 -1.6
v -3 4.3 -1.6
v -2.8 4.3 -1.6
v -2.7 4.3 -1.6
v -2.6 4.3 -1.6
v -2.5 4.3 -1.6
v -2.4 4.3 -1.6
v -2.3 4.3 -1.6
v -2.2 4.3 -1.6
v -2.1 4.3 -1.6
v -2 4.3 -1.6
v -1.9 4.3 -1.6
v -1.6 4.3 -1.6
v -1.5 4.3 -1.6
v -1.3 4.3 -1.6
v -1.2 4.3 -1.6
v -1.1 4.3 -1.6
v -1 4.3 -1.6
v -0.9 4.3 -1.6
v -0.8 4.3 -1.6
v -0.7 4.3 -1.6
v -0.6 4.3 -1.6
v -0.4 4.3 -1.6
v -0.3 4.3 -1.6
v -0.2 4.3 -1.6
v -0.0999999 4.3 -1.6
v 0.0999999 4.3 -1.6
v -4.1 4.3 -1.7
v -4 4.3 -1.7
v -3.8 4.3 -1.7
v -3.4 4.3 -1.7
v -3.3 4.3 -1.7
v -3.2 4.3 -1.7
v -2.8 4.3 -1.7
v -2.7 4.3 -1.7
v -2.4 4.3 -1.7
v -2.3 4.3 -1.7
v -2 4.3 -1.7
v -1.9 4.3 -1.7
v -1.6 4.3 -1.7
v -1.5 4.3 -1.7
v -1.3 4.3 -1.7
v -1.2 4.3 -1.7
v -1 4.3 -1.7
v -0.8 4.3 -1.7
v -0.7 4.3 -1.7
v -0.6 4.3 -1.7
v -0.4 4.3 -1.7
v -0.3 4.3 -1.7
v 0.0999999 4.3 -1.7
v -4.1 4.3 -1.8
v -3.9 4.3 -1.8
v -3.8 4.3 -1.8
v -3.7 4.3 -1.8
v -3.6 4.3 -1.8
v -3.5 4.3 -1.8
v -3.1 4.3 -1.8
v -3 4.3 -1.8
v -2.9 4.3 -1.8
v -2.8 4.3 -1.8
v -2.6 4.3 -1.8
v -2.3 4.3 -1.8
v -2.2 4.3 -1.8
v -1.9 4.3 -1.8
v -1.8 4.3 -1.8
v -1.6 4.3 -1.8
v -1.5 4.3 -1.8
v -1.4 4.3 -1.8
v -1.1 4.3 -1.8
v -0.9 4.3 -1.8
v -0.8 4.3 -1.8
v -0.7 4.3 -1.8
v -0.4 4.3 -1.8
v -0.3 4.3 -1.8
v -0.2 4.3 -1.8
v -0.0999999 4.3 -1.8
v 0 4.3 -1.8
v 0.0999999 4.3 -1.8
v -4.1 4.3 -1.9
v -4 4.3 -1.9
v -3.9 4.3 -1.9
v -3.8 4.3 -1.9
v -3.7 4.3 -1.9
v -3.6 4.3 -1.9
v -3.5 4.3 -1.9
v -3.4 4.3 -1.9
v -3.2 4.3 -1.9
v -3.1 4.3 -1.9
v -3 4.3 -1.9
v -2.9 4.3 -1.9
v -2.8 4.3 -1.9
v -2.7 4.3 -1.9
v -2.6 4.3 -1.9
v -2.5 4.3 -1.9
v -2.3 4.3 -1.9
v -2.2 4.3 -1.9
v -2.1 4.3 -1.9
v -1.9 4.3 -1.9
v -1.8 4.3 -1.9
v -1.7 4.3 -1.9
v -1.6 4.3 -1.9
v -1.5 4.3 -1.9
v -1.4 4.3 -1.9
v -1.3 4.3 -1.9
v -1.2 4.3 -1.9
v -1.1 4.3 -1.9
v -1 4.3 -1.9
v -0.9 4.3 -1.9
v -0.8 4.3 -1.9
v -0.7 4.3 -1.9
v -0.6 4.3 -1.9
v -0.4 4.3 -1.9
v -0.3 4.3 -1.9
v -0.2 4.3 -1.9
v -0.0999999 4.3 -1.9
v 0 4.3 -1.9
v 0.0999999 4.3 -1.9
v -1.4 4.3 -2
v -2.7 4.3 -2.1
v -2.6 4.3 -2.1
v -1.4 4.3 -2.1
v -1.3 4.3 -2.1
v -1.2 4.3 -2.1
v -1.1 4.3 -2.1
v -1.4 4.3 -2.2
v -1.3 4.3 -2.2
v -2.7 4.3 -2.3
v -2.6 4.3 -2.3
v -1.4 4.3 -2.3
v -1.2 4.3 -2.3
v -1.1 4.3 -2.3
v -2.7 4.3 -2.4
v -2.6 4.3 -2.4
v -1.4 4.3 -2.4
v -1.2 4.3 -2.4
v -1.1 4.3 -2.4
v -2.7 4.3 -2.5
v -2.6 4.3 -2.5
v -1.4 4.3 -2.5
v -1.3 4.3 -2.5
v -1.2 4.3 -2.5
v -1.1 4.3 -2.5
v -1.4 4.3 -2.6
v -1.3 4.3 -2.6
v -2.6 4.3 -2.7
v -1.1 4.3 -2.7
v -2.6 4.3 -2.8
v -1.1 4.3 -2.8
v -1.4 4.3 -2.9
v -1.3 4.3 -2.9
v -2.7 4.3 -3
v -2.6 4.3 -3
v -1.4 4.3 -3
v -1.3 4.3 -3
v -1.2 4.3 -3
v -1.1 4.3 -3
v -2.7 4.3 -3.1
v -2.6 4.3 -3.1
v -1.4 4.3 -3.1
v -1.3 4.3 -3.1
v -1.2 4.3 -3.1
v -1.1 4.3 -3.1
v -4.1 4.4 1.2
v -3.9 4.4 1.2
v -3.8 4.4 1.2
v -3.7 4.4 1.2
v -3.5 4.4 1.2
v -3.4 4.4 1.2
v -3.3 4.4 1.2
v -3.2 4.4 1.2
v -2.9 4.4 1.2
v -2.8 4.4 1.2
v -2.6 4.4 1.2
v -2.3 4.4 1.2
v -2.2 4.4 1.2
v -2.1 4.4 1.2
v -2 4.4 1.2
v -1.9 4.4 1.2
v -1.8 4.4 1.2
v -1.7 4.4 1.2
v -1.5 4.4 1.2
v -1.4 4.4 1.2
v -1.1 4.4 1.2
v -0.8 4.4 1.2
v -0.7 4.4 1.2
v -0.5 4.4 1.2
v -0.4 4.4 1.2
v -0.2 4.4 1.2
v 0.0999999 4.4 1.2
v -4.2 4.4 1.1
v -4.1 4.4 1.1
v -3.9 4.4 1.1
v -3.8 4.4 1.1
v -3.7 4.4 1.1
v -3.6 4.4 1.1
v -3.5 4.4 1.1
v -3.4 4.4 1.1
v -3.3 4.4 1.1
v -3.2 4.4 1.1
v -3.1 4.4 1.1
v -3 4.4 1.1
v -2.9 4.4 1.1
v -2.8 4.4 1.1
v -2.6 4.4 1.1
v -2.3 4.4 1.1
v -2.2 4.4 1.1
v -2.1 4.4 1.1
v -2 4.4 1.1
v -1.9 4.4 1.1
v -1.8 4.4 1.1
v -1.7 4.4 1.1
v -1.5 4.4 1.1
v -1.4 4.4 1.1
v -1.1 4.4 1.1
v -1 4.4 1.1
v -0.8 4.4 1.1
v -0.7 4.4 1.1
v -0.6 4.4 1.1
v -0.5 4.4 1.1
v -0.4 4.4 1.1
v -0.2 4.4 1.1
v 0 4.4 1.1
v 0.0999999 4.4 1.1
v 0.2 4.4 1.1
v -3.9 4.4 1
v -3.7 4.4 1
v -3.6 4.4 1
v -3.5 4.4 1
v -3.3 4.4 1
v -3.2 4.4 1
v -3.1 4.4 1
v -3 4.4 1
v -2.9 4.4 1
v -2.8 4.4 1
v -2.5 4.4 1
v -2.3 4.4 1
v -2.2 4.4 1
v -2.1 4.4 1
v -1.9 4.4 1
v -1.7 4.4 1
v -1.5 4.4 1
v -1.4 4.4 1
v -1.1 4.4 1
v -1 4.4 1
v -0.9 4.4 1
v -0.6 4.4 1
v -0.5 4.4 1
v 0 4.4 1
v 0.0999999 4.4 1
v -4.2 4.4 0.9
v -4.1 4.4 0.9
v -4 4.4 0.9
v -3.9 4.4 0.9
v -3.8 4.4 0.9
v -3.3 4.4 0.9
v -3.2 4.4 0.9
v -3.1 4.4 0.9
v -3 4.4 0.9
v -2.5 4.4 0.9
v -2.4 4.4 0.9
v -2.3 4.4 0.9
v -2.2 4.4 0.9
v -2.1 4.4 0.9
v -2 4.4 0.9
v -1.9 4.4 0.9
v -1.8 4.4 0.9
v -1.7 4.4 0.9
v -1.5 4.4 0.9
v -1.4 4.4 0.9
v -1 4.4 0.9
v -0.9 4.4 0.9
v -0.7 4.4 0.9
v -0.6 4.4 0.9
v -0.5 4.4 0.9
v -0.0999999 4.4 0.9
v 0.0999999 4.4 0.9
v 0.2 4.4 0.9
v -4.2 4.4 0.8
v -4.1 4.4 0.8
v -4 4.4 0.8
v -3.9 4.4 0.8
v -3.8 4.4 0.8
v -3.7 4.4 0.8
v -3.6 4.4 0.8
v -3.5 4.4 0.8
v -3.4 4.4 0.8
v -3.3 4.4 0.8
v -3.1 4.4 0.8
v -3 4.4 0.8
v -2.9 4.4 0.8
v -2.8 4.4 0.8
v -2.4 4.4 0.8
v -2.3 4.4 0.8
v -2.2 4.4 0.8
v -2 4.4 0.8
v -1.9 4.4 0.8
v -1.8 4.4 0.8
v -1.7 4.4 0.8
v -1.4 4.4 0.8
v -1 4.4 0.8
v -0.9 4.4 0.8
v -0.8 4.4 0.8
v -0.7 4.4 0.8
v -0.6 4.4 0.8
v -0.5 4.4 0.8
v -0.4 4.4 0.8
v -0.3 4.4 0.8
v -0.2 4.4 0.8
v -0.0999999 4.4 0.8
v 0 4.4 0.8
v 0.0999999 4.4 0.8
v 0.2 4.4 0.8
v -4.2 4.4 0.7
v -4.1 4.4 0.7
v -4 4.4 0.7
v -3.8 4.4 0.7
v -3.7 4.4 0.7
v -3.6 4.4 0.7
v -3.5 4.4 0.7
v -3.4 4.4 0.7
v -3.2 4.4 0.7
v -3.1 4.4 0.7
v -3 4.4 0.7
v -2.9 4.4 0.7
v -2.8 4.4 0.7
v -2.6 4.4 0.7
v -2.5 4.4 0.7
v -2.4 4.4 0.7
v -2.1 4.4 0.7
v -2 4.4 0.7
v -1.7 4.4 0.7
v -1.6 4.4 0.7
v -1.4 4.4 0.7
v -1.1 4.4 0.7
v -1 4.4 0.7
v -0.9 4.4 0.7
v -0.8 4.4 0.7
v -0.6 4.4 0.7
v -0.5 4.4 0.7
v -0.4 4.4 0.7
v -0.3 4.4 0.7
v -0.2 4.4 0.7
v -0.0999999 4.4 0.7
v 0 4.4 0.7
v 0.0999999 4.4 0.7
v 0.2 4.4 0.7
v -4.1 4.4 0.6
v -4 4.4 0.6
v -3.9 4.4 0.6
v -3.8 4.4 0.6
v -3.7 4.4 0.6
v -3.6 4.4 0.6
v -3.5 4.4 0.6
v -3.4 4.4 0.6
v -3.3 4.4 0.6
v -3.2 4.4 0.6
v -3.1 4.4 0.6
v -2.9 4.4 0.6
v -2.8 4.4 0.6
v -2.6 4.4 0.6
v -2.5 4.4 0.6
v -2.4 4.4 0.6
v -2.3 4.4 0.6
v -2.1 4.4 0.6
v -2 4.4 0.6
v -1.8 4.4 0.6
v -1.7 4.4 0.6
v -1.6 4.4 0.6
v -1.4 4.4 0.6
v -1.1 4.4 0.6
v -1 4.4 0.6
v -0.9 4.4 0.6
v -0.8 4.4 0.6
v -0.6 4.4 0.6
v -0.5 4.4 0.6
v -0.4 4.4 0.6
v -0.3 4.4 0.6
v -0.0999999 4.4 0.6
v 0.0999999 4.4 0.6
v -4.2 4.4 0.5
v -3.9 4.4 0.5
v -3.8 4.4 0.5
v -3.7 4.4 0.5
v -3.6 4.4 0.5
v -3.5 4.4 0.5
v -3.4 4.4 0.5
v -3.3 4.4 0.5
v -3 4.4 0.5
v -2.9 4.4 0.5
v -2.7 4.4 0.5
v -2.6 4.4 0.5
v -2.5 4.4 0.5
v -2.4 4.4 0.5
v -2.3 4.4 0.5
v -2.1 4.4 0.5
v -2 4.4 0.5
v -1.7 4.4 0.5
v -1.4 4.4 0.5
v -1.1 4.4 0.5
v -0.8 4.4 0.5
v -0.6 4.4 0.5
v -0.2 4.4 0.5
v -0.0999999 4.4 0.5
v 0 4.4 0.5
v 0.2 4.4 0.5
v -4.2 4.4 0.4
v -3.9 4.4 0.4
v -3.8 4.4 0.4
v -3.7 4.4 0.4
v -3.6 4.4 0.4
v -3.5 4.4 0.4
v -3.4 4.4 0.4
v -3.3 4.4 0.4
v -3 4.4 0.4
v -2.9 4.4 0.4
v -2.7 4.4 0.4
v -2.6 4.4 0.4
v -2.5 4.4 0.4
v -2.4 4.4 0.4
v -2.3 4.4 0.4
v -2.2 4.4 0.4
v -2.1 4.4 0.4
v -2 4.4 0.4
v -1.7 4.4 0.4
v -1.6 4.4 0.4
v -1.4 4.4 0.4
v -1.3 4.4 0.4
v -1.2 4.4 0.4
v -0.8 4.4 0.4
v -0.7 4.4 0.4
v 0.0999999 4.4 0.4
v 0.2 4.4 0.4
v -4.2 4.4 0.3
v -4 4.4 0.3
v -3.9 4.4 0.3
v -3.8 4.4 0.3
v -3.7 4.4 0.3
v -3.6 4.4 0.3
v -3.5 4.4 0.3
v -3.4 4.4 0.3
v -3 4.4 0.3
v -2.9 4.4 0.3
v -2.7 4.4 0.3
v -2.6 4.4 0.3
v -2.4 4.4 0.3
v -2.3 4.4 0.3
v -2.2 4.4 0.3
v -2.1 4.4 0.3
v -1.7 4.4 0.3
v -1.6 4.4 0.3
v -1.3 4.4 0.3
v -1.2 4.4 0.3
v -1.1 4.4 0.3
v -0.8 4.4 0.3
v -0.7 4.4 0.3
v -0.6 4.4 0.3
v -0.2 4.4 0.3
v -0.0999999 4.4 0.3
v 0.0999999 4.4 0.3
v 0.2 4.4 0.3
v -4.2 4.4 0.2
v -4 4.4 0.2
v -3.9 4.4 0.2
v -3.7 4.4 0.2
v -3.6 4.4 0.2
v -3.5 4.4 0.2
v -3.3 4.4 0.2
v -3 4.4 0.2
v -2.9 4.4 0.2
v -2.6 4.4 0.2
v -2.4 4.4 0.2
v -2.3 4.4 0.2
v -2.2 4.4 0.2
v -2 4.4 0.2
v -1.7 4.4 0.2
v -1.6 4.4 0.2
v -1.5 4.4 0.2
v -1.4 4.4 0.2
v -1.1 4.4 0.2
v -1 4.4 0.2
v -0.9 4.4 0.2
v -0.8 4.4 0.2
v -0.7 4.4 0.2
v -0.6 4.4 0.2
v -0.2 4.4 0.2
v -0.0999999 4.4 0.2
v 0 4.4 0.2
v 0.0999999 4.4 0.2
v 0.2 4.4 0.2
v -4 4.4 0.1
v -3.9 4.4 0.1
v -3.7 4.4 0.1
v -3.5 4.4 0.1
v -3.3 4.4 0.1
v -2.9 4.4 0.1
v -2.6 4.4 0.1
v -2.4 4.4 0.1
v -2.3 4.4 0.1
v -2.2 4.4 0.1
v -2 4.4 0.1
v -1.6 4.4 0.1
v -1.5 4.4 0.1
v -1.1 4.4 0.1
v -1 4.4 0.1
v -0.9 4.4 0.1
v -0.8 4.4 0.1
v -0.6 4.4 0.1
v -0.2 4.4 0.1
v -0.0999999 4.4 0.1
v 0 4.4 0.1
v 0.0999999 4.4 0.1
v -4 4.4 0
v -3.9 4.4 0
v -3.7 4.4 0
v -3.6 4.4 0
v -3.5 4.4 0
v -3.3 4.4 0
v -2.9 4.4 0
v -2.6 4.4 0
v -2.5 4.4 0
v -2.3 4.4 0
v -2.2 4.4 0
v -2 4.4 0
v -1.5 4.4 0
v -1.4 4.4 0
v -1.3 4.4 0
v -1.2 4.4 0
v -1 4.4 0
v -0.7 4.4 0
v -0.6 4.4 0
v -0.5 4.4 0
v -0.2 4.4 0
v -0.0999999 4.4 0
v 0 4.4 0
v 0.0999999 4.4 0
v -4.2 4.4 -0.0999999
v -4.1 4.4 -0.0999999
v -3.7 4.4 -0.0999999
v -3.6 4.4 -0.0999999
v -3.5 4.4 -0.0999999
v -3.4 4.4 -0.0999999
v -2.6 4.4 -0.0999999
v -2.5 4.4 -0.0999999
v -2.3 4.4 -0.0999999
v -2.2 4.4 -0.0999999
v -2.1 4.4 -0.0999999
v -1.7 4.4 -0.0999999
v -1.5 4.4 -0.0999999
v -1.4 4.4 -0.0999999
v -1.3 4.4 -0.0999999
v -1.2 4.4 -0.0999999
v -0.9 4.4 -0.0999999
v -0.8 4.4 -0.0999999
v -0.6 4.4 -0.0999999
v -0.5 4.4 -0.0999999
v -0.2 4.4 -0.0999999
v -0.0999999 4.4 -0.0999999
v 0 4.4 -0.0999999
v 0.0999999 4.4 -0.0999999
v 0.2 4.4 -0.0999999
v -4.2 4.4 -0.2
v -4.1 4.4 -0.2
v -4 4.4 -0.2
v -3.9 4.4 -0.2
v -3.7 4.4 -0.2
v -3.4 4.4 -0.2
v -3.3 4.4 -0.2
v -3 4.4 -0.2
v -2.9 4.4 -0.2
v -2.6 4.4 -0.2
v -2.5 4.4 -0.2
v -2.3 4.4 -0.2
v -2.1 4.4 -0.2
v -2 4.4 -0.2
v -1.7 4.4 -0.2
v -1.5 4.4 -0.2
v -1.4 4.4 -0.2
v -1.2 4.4 -0.2
v -0.9 4.4 -0.2
v -0.8 4.4 -0.2
v -0.7 4.4 -0.2
v -0.5 4.4 -0.2
v -0.2 4.4 -0.2
v 0.0999999 4.4 -0.2
v 0.2 4.4 -0.2
v -4.2 4.4 -0.4
v -4.1 4.4 -0.4
v -4 4.4 -0.4
v -3.7 4.4 -0.4
v -3.6 4.4 -0.4
v -3.5 4.4 -0.4
v -3.2 4.4 -0.4
v -3.1 4.4 -0.4
v -2.4 4.4 -0.4
v -2.3 4.4 -0.4
v -2 4.4 -0.4
v -1.8 4.4 -0.4
v -1.7 4.4 -0.4
v -1.5 4.4 -0.4
v -1.4 4.4 -0.4
v -1 4.4 -0.4
v -0.8 4.4 -0.4
v -0.7 4.4 -0.4
v 0.0999999 4.4 -0.4
v 0.2 4.4 -0.4
v -4.1 4.4 -0.5
v -4 4.4 -0.5
v -3.8 4.4 -0.5
v -3.7 4.4 -0.5
v -3.6 4.4 -0.5
v -3.5 4.4 -0.5
v -3.4 4.4 -0.5
v -3.2 4.4 -0.5
v -3.1 4.4 -0.5
v -2.9 4.4 -0.5
v -2.8 4.4 -0.5
v -2.7 4.4 -0.5
v -2.4 4.4 -0.5
v -1.9 4.4 -0.5
v -1.8 4.4 -0.5
v -1.6 4.4 -0.5
v -1.5 4.4 -0.5
v -1.4 4.4 -0.5
v -1.3 4.4 -0.5
v -1.2 4.4 -0.5
v -1 4.4 -0.5
v -0.8 4.4 -0.5
v -0.7 4.4 -0.5
v -0.5 4.4 -0.5
v -0.4 4.4 -0.5
v -0.3 4.4 -0.5
v -0.2 4.4 -0.5
v -0.0999999 4.4 -0.5
v 0 4.4 -0.5
v -4.1 4.4 -0.6
v -4 4.4 -0.6
v -3.9 4.4 -0.6
v -3.8 4.4 -0.6
v -3.7 4.4 -0.6
v -3.4 4.4 -0.6
v -3.2 4.4 -0.6
v -2.9 4.4 -0.6
v -2.8 4.4 -0.6
v -2.7 4.4 -0.6
v -2.3 4.4 -0.6
v -1.9 4.4 -0.6
v -1.8 4.4 -0.6
v -1.6 4.4 -0.6
v -1.5 4.4 -0.6
v -1.2 4.4 -0.6
v -1 4.4 -0.6
v -0.8 4.4 -0.6
v -0.7 4.4 -0.6
v -0.5 4.4 -0.6
v -0.4 4.4 -0.6
v -0.3 4.4 -0.6
v -0.0999999 4.4 -0.6
v 0 4.4 -0.6
v -4.2 4.4 -0.7
v -4 4.4 -0.7
v -3.9 4.4 -0.7
v -3.7 4.4 -0.7
v -3.5 4.4 -0.7
v -3.4 4.4 -0.7
v -3.3 4.4 -0.7
v -3.2 4.4 -0.7
v -3.1 4.4 -0.7
v -3 4.4 -0.7
v -2.8 4.4 -0.7
v -2.7 4.4 -0.7
v -2.6 4.4 -0.7
v -2.5 4.4 -0.7
v -2.3 4.4 -0.7
v -1.9 4.4 -0.7
v -1.8 4.4 -0.7
v -1.7 4.4 -0.7
v -1.5 4.4 -0.7
v -1.4 4.4 -0.7
v -1.3 4.4 -0.7
v -1.2 4.4 -0.7
v -1 4.4 -0.7
v -0.8 4.4 -0.7
v -0.7 4.4 -0.7
v -0.6 4.4 -0.7
v -0.5 4.4 -0.7
v -0.4 4.4 -0.7
v -0.2 4.4 -0.7
v 0 4.4 -0.7
v 0.0999999 4.4 -0.7
v 0.2 4.4 -0.7
v -4.2 4.4 -0.8
v -4.1 4.4 -0.8
v -4 4.4 -0.8
v -3.4 4.4 -0.8
v -3.3 4.4 -0.8
v -3.1 4.4 -0.8
v -3 4.4 -0.8
v -2.6 4.4 -0.8
v -2.5 4.4 -0.8
v -2.3 4.4 -0.8
v -2 4.4 -0.8
v -1.6 4.4 -0.8
v -1.4 4.4 -0.8
v -1 4.4 -0.8
v -0.7 4.4 -0.8
v -0.6 4.4 -0.8
v -0.5 4.4 -0.8
v -0.4 4.4 -0.8
v -0.3 4.4 -0.8
v -0.2 4.4 -0.8
v 0 4.4 -0.8
v 0.0999999 4.4 -0.8
v 0.2 4.4 -0.8
v -4.2 4.4 -0.9
v -4.1 4.4 -0.9
v -4 4.4 -0.9
v -3.9 4.4 -0.9
v -3.8 4.4 -0.9
v -3.4 4.4 -0.9
v -3.2 4.4 -0.9
v -3.1 4.4 -0.9
v -3 4.4 -0.9
v -2.9 4.4 -0.9
v -2.5 4.4 -0.9
v -2.4 4.4 -0.9
v -2 4.4 -0.9
v -1.9 4.4 -0.9
v -1.6 4.4 -0.9
v -1.5 4.4 -0.9
v -1.4 4.4 -0.9
v -1.3 4.4 -0.9
v -1.1 4.4 -0.9
v -1 4.4 -0.9
v -0.8 4.4 -0.9
v -0.7 4.4 -0.9
v -0.6 4.4 -0.9
v -0.5 4.4 -0.9
v -0.4 4.4 -0.9
v -0.3 4.4 -0.9
v -0.2 4.4 -0.9
v 0 4.4 -0.9
v 0.0999999 4.4 -0.9
v 0.2 4.4 -0.9
v -4.2 4.4 -1
v -4.1 4.4 -1
v -4 4.4 -1
v -3.2 4.4 -1
v -3.1 4.4 -1
v -2.7 4.4 -1
v -2.6 4.4 -1
v -2.4 4.4 -1
v -2.3 4.4 -1
v -1.5 4.4 -1
v -1.4 4.4 -1
v -1.2 4.4 -1
v -1.1 4.4 -1
v -0.8 4.4 -1
v -0.7 4.4 -1
v -0.4 4.4 -1
v -0.3 4.4 -1
v 0.0999999 4.4 -1
v 0.2 4.4 -1
v -4.2 4.4 -1.1
v -4.1 4.4 -1.1
v -3.9 4.4 -1.1
v -3.8 4.4 -1.1
v -3.4 4.4 -1.1
v -3.3 4.4 -1.1
v -3.1 4.4 -1.1
v -3 4.4 -1.1
v -2.9 4.4 -1.1
v -2.7 4.4 -1.1
v -2.6 4.4 -1.1
v -2.5 4.4 -1.1
v -2.3 4.4 -1.1
v -1.9 4.4 -1.1
v -1.6 4.4 -1.1
v -1.4 4.4 -1.1
v -1.3 4.4 -1.1
v -1.2 4.4 -1.1
v -1 4.4 -1.1
v -0.5 4.4 -1.1
v -0.4 4.4 -1.1
v -0.3 4.4 -1.1
v -0.2 4.4 -1.1
v 0 4.4 -1.1
v 0.0999999 4.4 -1.1
v 0.2 4.4 -1.1
v -4.2 4.4 -1.2
v -4.1 4.4 -1.2
v -4 4.4 -1.2
v -3.8 4.4 -1.2
v -3.4 4.4 -1.2
v -3.3 4.4 -1.2
v -3.2 4.4 -1.2
v -3 4.4 -1.2
v -2.9 4.4 -1.2
v -2.7 4.4 -1.2
v -2.5 4.4 -1.2
v -2.4 4.4 -1.2
v -1.9 4.4 -1.2
v -1.6 4.4 -1.2
v -1.5 4.4 -1.2
v -1.4 4.4 -1.2
v -1.3 4.4 -1.2
v -1.2 4.4 -1.2
v -1.1 4.4 -1.2
v -1 4.4 -1.2
v -0.8 4.4 -1.2
v -0.7 4.4 -1.2
v -0.6 4.4 -1.2
v -0.4 4.4 -1.2
v -0.3 4.4 -1.2
v -0.2 4.4 -1.2
v 0.0999999 4.4 -1.2
v 0.2 4.4 -1.2
v -4.2 4.4 -1.3
v -4.1 4.4 -1.3
v -4 4.4 -1.3
v -3.9 4.4 -1.3
v -3.8 4.4 -1.3
v -3.4 4.4 -1.3
v -3.3 4.4 -1.3
v -3.2 4.4 -1.3
v -3 4.4 -1.3
v -2.9 4.4 -1.3
v -2.8 4.4 -1.3
v -2.7 4.4 -1.3
v -2.5 4.4 -1.3
v -2.4 4.4 -1.3
v -2.3 4.4 -1.3
v -1.9 4.4 -1.3
v -1.6 4.4 -1.3
v -1.5 4.4 -1.3
v -1.4 4.4 -1.3
v -1.3 4.4 -1.3
v -1.2 4.4 -1.3
v -1.1 4.4 -1.3
v -1 4.4 -1.3
v -0.8 4.4 -1.3
v -0.7 4.4 -1.3
v -0.6 4.4 -1.3
v -0.5 4.4 -1.3
v -0.4 4.4 -1.3
v -0.3 4.4 -1.3
v -0.2 4.4 -1.3
v 0 4.4 -1.3
v 0.0999999 4.4 -1.3
v 0.2 4.4 -1.3
v -3.9 4.4 -1.4
v -3.8 4.4 -1.4
v -3.6 4.4 -1.4
v -3.2 4.4 -1.4
v -3.1 4.4 -1.4
v -2.9 4.4 -1.4
v -2.7 4.4 -1.4
v -2.5 4.4 -1.4
v -2.4 4.4 -1.4
v -2.3 4.4 -1.4
v -1.9 4.4 -1.4
v -1.7 4.4 -1.4
v -1.5 4.4 -1.4
v -1.4 4.4 -1.4
v -1.3 4.4 -1.4
v -1.2 4.4 -1.4
v -1.1 4.4 -1.4
v -1 4.4 -1.4
v -0.3 4.4 -1.4
v -0.2 4.4 -1.4
v -4.2 4.4 -1.5
v -4.1 4.4 -1.5
v -3.8 4.4 -1.5
v -3.6 4.4 -1.5
v -3.4 4.4 -1.5
v -3.3 4.4 -1.5
v -3.1 4.4 -1.5
v -3 4.4 -1.5
v -2.8 4.4 -1.5
v -2.7 4.4 -1.5
v -2.6 4.4 -1.5
v -2.5 4.4 -1.5
v -2.3 4.4 -1.5
v -1.9 4.4 -1.5
v -1.7 4.4 -1.5
v -1.6 4.4 -1.5
v -1.4 4.4 -1.5
v -1.3 4.4 -1.5
v -1.2 4.4 -1.5
v -1.1 4.4 -1.5
v -1 4.4 -1.5
v -0.7 4.4 -1.5
v -0.6 4.4 -1.5
v -0.5 4.4 -1.5
v -0.4 4.4 -1.5
v -0.3 4.4 -1.5
v -0.2 4.4 -1.5
v -0.0999999 4.4 -1.5
v 0 4.4 -1.5
v 0.0999999 4.4 -1.5
v 0.2 4.4 -1.5
v -4.2 4.4 -1.6
v -4.1 4.4 -1.6
v -4 4.4 -1.6
v -3.1 4.4 -1.6
v -3 4.4 -1.6
v -2.7 4.4 -1.6
v -2.6 4.4 -1.6
v -2.5 4.4 -1.6
v -2.3 4.4 -1.6
v -2 4.4 -1.6
v -1.2 4.4 -1.6
v -1.1 4.4 -1.6
v -1 4.4 -1.6
v -0.8 4.4 -1.6
v -0.7 4.4 -1.6
v -0.4 4.4 -1.6
v -0.3 4.4 -1.6
v -0.2 4.4 -1.6
v -0.0999999 4.4 -1.6
v 0.0999999 4.4 -1.6
v 0.2 4.4 -1.6
v -4.2 4.4 -1.9
v -4.1 4.4 -1.9
v -4 4.4 -1.9
v -3.9 4.4 -1.9
v -3.8 4.4 -1.9
v -3.7 4.4 -1.9
v -3.6 4.4 -1.9
v -3.5 4.4 -1.9
v -3.4 4.4 -1.9
v -3.2 4.4 -1.9
v -3.1 4.4 -1.9
v -3 4.4 -1.9
v -2.8 4.4 -1.9
v -2.6 4.4 -1.9
v -2.5 4.4 -1.9
v -2.3 4.4 -1.9
v -2.2 4.4 -1.9
v -2.1 4.4 -1.9
v -1.9 4.4 -1.9
v -1.8 4.4 -1.9
v -1.7 4.4 -1.9
v -1.6 4.4 -1.9
v -1.5 4.4 -1.9
v -1.4 4.4 -1.9
v -1.1 4.4 -1.9
v -1 4.4 -1.9
v -0.9 4.4 -1.9
v -0.8 4.4 -1.9
v -0.7 4.4 -1.9
v -0.6 4.4 -1.9
v -0.4 4.4 -1.9
v -0.3 4.4 -1.9
v -0.2 4.4 -1.9
v -0.0999999 4.4 -1.9
v 0 4.4 -1.9
v 0.0999999 4.4 -1.9
v 0.2 4.4 -1.9
v -4 4.4 -2
v -3.9 4.4 -2
v -3.5 4.4 -2
v -3.4 4.4 -2
v -3.3 4.4 -2
v -3.2 4.4 -2
v -3.1 4.4 -2
v -2.3 4.4 -2
v -2.2 4.4 -2
v -2.1 4.4 -2
v -1.9 4.4 -2
v -1.8 4.4 -2
v -1.7 4.4 -2
v -1.6 4.4 -2
v -1.5 4.4 -2
v -1.4 4.4 -2
v -0.8 4.4 -2
v -0.7 4.4 -2
v -0.6 4.4 -2
v -0.4 4.4 -2
v -0.3 4.4 -2
v -0.2 4.4 -2
v -0.0999999 4.4 -2
v 0 4.4 -2
v -3.7 4.4 -2.1
v -3.6 4.4 -2.1
v -3.5 4.4 -2.1
v -3.4 4.4 -2.1
v -3.3 4.4 -2.1
v -3.1 4.4 -2.1
v -3 4.4 -2.1
v -2.9 4.4 -2.1
v -2.8 4.4 -2.1
v -2.5 4.4 -2.1
v -2.3 4.4 -2.1
v -2.2 4.4 -2.1
v -1.9 4.4 -2.1
v -1.8 4.4 -2.1
v -1.7 4.4 -2.1
v -1 4.4 -2.1
v -0.9 4.4 -2.1
v -0.7 4.4 -2.1
v -0.4 4.4 -2.1
v -0.3 4.4 -2.1
v -0.2 4.4 -2.1
v -0.0999999 4.4 -2.1
v 0 4.4 -2.1
v 0.0999999 4.4 -2.1
v -4.2 4.4 -2.2
v -4.1 4.4 -2.2
v -4 4.4 -2.2
v -3.9 4.4 -2.2
v -3.8 4.4 -2.2
v -3.7 4.4 -2.2
v -3.6 4.4 -2.2
v -3.5 4.4 -2.2
v -3.4 4.4 -2.2
v -3.3 4.4 -2.2
v -3 4.4 -2.2
v -2.9 4.4 -2.2
v -2.5 4.4 -2.2
v -2.4 4.4 -2.2
v -2.3 4.4 -2.2
v -1.7 4.4 -2.2
v -1.6 4.4 -2.2
v -1.5 4.4 -2.2
v -1 4.4 -2.2
v -0.9 4.4 -2.2
v -0.8 4.4 -2.2
v -0.2 4.4 -2.2
v 0 4.4 -2.2
v 0.0999999 4.4 -2.2
v 0.2 4.4 -2.2
v -4.2 4.4 -2.3
v -4.1 4.4 -2.3
v -4 4.4 -2.3
v -3.9 4.4 -2.3
v -3.8 4.4 -2.3
v -3.6 4.4 -2.3
v -3.3 4.4 -2.3
v -3.1 4.4 -2.3
v -3 4.4 -2.3
v -2.8 4.4 -2.3
v -2.5 4.4 -2.3
v -2.4 4.4 -2.3
v -2.3 4.4 -2.3
v -2.2 4.4 -2.3
v -1.9 4.4 -2.3
v -1.8 4.4 -2.3
v -1.6 4.4 -2.3
v -1.5 4.4 -2.3
v -1.4 4.4 -2.3
v -1 4.4 -2.3
v -0.9 4.4 -2.3
v -0.8 4.4 -2.3
v -0.7 4.4 -2.3
v -0.4 4.4 -2.3
v -0.3 4.4 -2.3
v -0.0999999 4.4 -2.3
v 0 4.4 -2.3
v 0.0999999 4.4 -2.3
v 0.2 4.4 -2.3
v -4.1 4.4 -2.4
v -4 4.4 -2.4
v -3.9 4.4 -2.4
v -3.8 4.4 -2.4
v -3.5 4.4 -2.4
v -3.4 4.4 -2.4
v -3.2 4.4 -2.4
v -3.1 4.4 -2.4
v -2.6 4.4 -2.4
v -2.5 4.4 -2.4
v -2.3 4.4 -2.4
v -2.2 4.4 -2.4
v -2.1 4.4 -2.4
v -2 4.4 -2.4
v -1.9 4.4 -2.4
v -1.6 4.4 -2.4
v -1.5 4.4 -2.4
v -1.4 4.4 -2.4
v -1.1 4.4 -2.4
v -1 4.4 -2.4
v -0.8 4.4 -2.4
v -0.7 4.4 -2.4
v -0.6 4.4 -2.4
v -0.5 4.4 -2.4
v -0.4 4.4 -2.4
v -0.0999999 4.4 -2.4
v 0 4.4 -2.4
v -4.2 4.4 -2.5
v -4.1 4.4 -2.5
v -3.9 4.4 -2.5
v -3.8 4.4 -2.5
v -3.7 4.4 -2.5
v -3.6 4.4 -2.5
v -3.5 4.4 -2.5
v -3.4 4.4 -2.5
v -3.2 4.4 -2.5
v -3.1 4.4 -2.5
v -3 4.4 -2.5
v -2.9 4.4 -2.5
v -2.8 4.4 -2.5
v -2.6 4.4 -2.5
v -2.5 4.4 -2.5
v -2.1 4.4 -2.5
v -2 4.4 -2.5
v -1.8 4.4 -2.5
v -1.7 4.4 -2.5
v -1.1 4.4 -2.5
v -1 4.4 -2.5
v -0.9 4.4 -2.5
v -0.8 4.4 -2.5
v -0.7 4.4 -2.5
v -0.6 4.4 -2.5
v -0.5 4.4 -2.5
v -0.3 4.4 -2.5
v -0.2 4.4 -2.5
v -0.0999999 4.4 -2.5
v 0 4.4 -2.5
v 0.2 4.4 -2.5
v -4.2 4.4 -2.6
v -4.1 4.4 -2.6
v -4 4.4 -2.6
v -3.9 4.4 -2.6
v -3.7 4.4 -2.6
v -3.6 4.4 -2.6
v -3.5 4.4 -2.6
v -3.4 4.4 -2.6
v -3.3 4.4 -2.6
v -3.2 4.4 -2.6
v -3.1 4.4 -2.6
v -3 4.4 -2.6
v -2.9 4.4 -2.6
v -2.8 4.4 -2.6
v -2.5 4.4 -2.6
v -2.3 4.4 -2.6
v -2.2 4.4 -2.6
v -2.1 4.4 -2.6
v -1.9 4.4 -2.6
v -1.8 4.4 -2.6
v -1.7 4.4 -2.6
v -1.6 4.4 -2.6
v -1.5 4.4 -2.6
v -1 4.4 -2.6
v -0.9 4.4 -2.6
v -0.7 4.4 -2.6
v -0.6 4.4 -2.6
v -0.4 4.4 -2.6
v -0.3 4.4 -2.6
v -0.2 4.4 -2.6
v 0 4.4 -2.6
v 0.0999999 4.4 -2.6
v 0.2 4.4 -2.6
v -4 4.4 -2.7
v -3.9 4.4 -2.7
v -3.8 4.4 -2.7
v -3.5 4.4 -2.7
v -3.4 4.4 -2.7
v -3.3 4.4 -2.7
v -2.6 4.4 -2.7
v -2.5 4.4 -2.7
v -2.3 4.4 -2.7
v -1.7 4.4 -2.7
v -1.6 4.4 -2.7
v -1.1 4.4 -2.7
v -1 4.4 -2.7
v -0.8 4.4 -2.7
v -4.2 4.4 -2.8
v -4.1 4.4 -2.8
v -4 4.4 -2.8
v -3.9 4.4 -2.8
v -3.8 4.4 -2.8
v -3.6 4.4 -2.8
v -2.6 4.4 -2.8
v -2.5 4.4 -2.8
v -1.6 4.4 -2.8
v -1.5 4.4 -2.8
v -1.1 4.4 -2.8
v -1 4.4 -2.8
v -0.9 4.4 -2.8
v -0.8 4.4 -2.8
v -0.0999999 4.4 -2.8
v 0 4.4 -2.8
v 0.0999999 4.4 -2.8
v 0.2 4.4 -2.8
v -3.9 4.4 -2.9
v -3.8 4.4 -2.9
v -3.7 4.4 -2.9
v -3.6 4.4 -2.9
v -3.5 4.4 -2.9
v -3.4 4.4 -2.9
v -3.3 4.4 -2.9
v -3.2 4.4 -2.9
v -3.1 4.4 -2.9
v -3 4.4 -2.9
v -2.8 4.4 -2.9
v -2.5 4.4 -2.9
v -2.4 4.4 -2.9
v -2.3 4.4 -2.9
v -2.1 4.4 -2.9
v -1.9 4.4 -2.9
v -1.8 4.4 -2.9
v -1.7 4.4 -2.9
v -1.6 4.4 -2.9
v -1.5 4.4 -2.9
v -1 4.4 -2.9
v -0.9 4.4 -2.9
v -0.6 4.4 -2.9
v -0.4 4.4 -2.9
v -0.3 4.4 -2.9
v -0.2 4.4 -2.9
v -0.0999999 4.4 -2.9
v 0 4.4 -2.9
v 0.0999999 4.4 -2.9
v -4.2 4.4 -3
v -4.1 4.4 -3
v -3.9 4.4 -3
v -3.8 4.4 -3
v -3.7 4.4 -3
v -3.6 4.4 -3
v -3.3 4.4 -3
v -3.2 4.4 -3
v -3.1 4.4 -3
v -3 4.4 -3
v -2.8 4.4 -3
v -2.6 4.4 -3
v -2.5 4.4 -3
v -2.2 4.4 -3
v -2.1 4.4 -3
v -2 4.4 -3
v -1.9 4.4 -3
v -1.8 4.4 -3
v -1.6 4.4 -3
v -1.4 4.4 -3
v -1.1 4.4 -3
v -1 4.4 -3
v -0.9 4.4 -3
v -0.8 4.4 -3
v -0.7 4.4 -3
v -0.6 4.4 -3
v -0.5 4.4 -3
v -0.4 4.4 -3
v -0.3 4.4 -3
v -0.2 4.4 -3
v -0.0999999 4.4 -3
v 0 4.4 -3
v 0.0999999 4.4 -3
v 0.2 4.4 -3
v -4.2 4.4 -3.1
v -4.1 4.4 -3.1
v -4 4.4 -3.1
v -3.9 4.4 -3.1
v -3.8 4.4 -3.1
v -3.7 4.4 -3.1
v -3.6 4.4 -3.1
v -3.2 4.4 -3.1
v -3.1 4.4 -3.1
v -2.9 4.4 -3.1
v -2.8 4.4 -3.1
v -2.6 4.4 -3.1
v -2.5 4.4 -3.1
v -2.4 4.4 -3.1
v -2.3 4.4 -3.1
v -2.2 4.4 -3.1
v -2.1 4.4 -3.1
v -2 4.4 -3.1
v -1.9 4.4 -3.1
v -1.8 4.4 -3.1
v -1.7 4.4 -3.1
v -1.6 4.4 -3.1
v -1.5 4.4 -3.1
v -1.4 4.4 -3.1
v -1.1 4.4 -3.1
v -1 4.4 -3.1
v -0.9 4.4 -3.1
v -0.8 4.4 -3.1
v -0.7 4.4 -3.1
v -0.6 4.4 -3.1
v -0.5 4.4 -3.1
v -0.4 4.4 -3.1
v -0.3 4.4 -3.1
v -0.2 4.4 -3.1
v 0 4.4 -3.1
v 0.0999999 4.4 -3.1
v 0.2 4.4 -3.1
v -4.1 4.4 -3.2
v -4 4.4 -3.2
v -3.9 4.4 -3.2
v -3.8 4.4 -3.2
v -3.7 4.4 -3.2
v -3.5 4.4 -3.2
v -3.4 4.4 -3.2
v -3.3 4.4 -3.2
v -3.2 4.4 -3.2
v -2.9 4.4 -3.2
v -2.8 4.4 -3.2
v -2.6 4.4 -3.2
v -2.3 4.4 -3.2
v -2.2 4.4 -3.2
v -2.1 4.4 -3.2
v -2 4.4 -3.2
v -1.9 4.4 -3.2
v -1.8 4.4 -3.2
v -1.7 4.4 -3.2
v -1.5 4.4 -3.2
v -1.4 4.4 -3.2
v -1.1 4.4 -3.2
v -0.8 4.4 -3.2
v -0.7 4.4 -3.2
v -0.5 4.4 -3.2
v -0.4 4.4 -3.2
v -0.2 4.4 -3.2
v 0 4.4 -3.2
v 0.0999999 4.4 -3.2

# faces
f 26/1/1 2/1/1 1/1/1
f 27/3/1 3/3/1 2/3/1
f 27/1/1 2/1/1 26/1/1
f 28/3/1 3/3/1 27/3/1
f 29/2/1 5/2/1 4/2/1
f 30/2/1 5/2/1 29/2/1
f 31/3/1 6/3/1 5/3/1
f 31/2/1 5/2/1 30/2/1
f 32/2/1 7/2/1 6/2/1
f 32/3/1 6/3/1 31/3/1
f 33/1/1 8/1/1 7/1/1
f 33/2/1 7/2/1 32/2/1
f 34/4/1 9/4/1 8/4/1
f 34/1/1 8/1/1 33/1/1
f 35/4/1 11/4/1 10/4/1
f 36/1/1 12/1/1 11/1/1
f 36/4/1 11/4/1 35/4/1
f 37/1/1 12/1/1 36/1/1
f 38/3/1 13/3/1 12/3/1
f 38/1/1 12/1/1 37/1/1
f 39/3/1 13/3/1 38/3/1
f 40/3/1 13/3/1 39/3/1
f 41/4/1 14/4/1 13/4/1
f 41/3/1 13/3/1 40/3/1
f 42/1/1 15/1/1 14/1/1
f 42/4/1 14/4/1 41/4/1
f 43/4/1 16/4/1 15/4/1
f 43/1/1 15/1/1 42/1/1
f 44/4/1 16/4/1 43/4/1
f 45/1/1 18/1/1 17/1/1
f 45/3/1 19/3/1 18/3/1
f 46/3/1 19/3/1 45/3/1
f 47/3/1 19/3/1 46/3/1
f 48/1/1 20/1/1 19/1/1
f 48/3/1 19/3/1 47/3/1
f 49/3/1 21/3/1 20/3/1
f 49/1/1 20/1/1 48/1/1
f 50/1/1 22/1/1 21/1/1
f 50/3/1 21/3/1 49/3/1
f 51/2/1 23/2/1 22/2/1
f 51/1/1 22/1/1 50/1/1
f 52/1/1 24/1/1 23/1/1
f 52/2/1 23/2/1 51/2/1
f 53/3/1 25/3/1 24/3/1
f 53/1/1 24/1/1 52/1/1
f 54/3/1 25/3/1 53/3/1
f 55/4/1 27/4/1 26/4/1
f 55/4/1 28/4/1 27/4/1
f 56/3/1 3/3/1 28/3/1
f 56/4/1 28/4/1 55/4/1
f 57/3/1 3/3/1 56/3/1
f 58/1/1 30/1/1 29/1/1
f 59/3/1 31/3/1 30/3/1
f 59/1/1 30/1/1 58/1/1
f 60/4/1 32/4/1 31/4/1
f 60/3/1 31/3/1 59/3/1
f 61/3/1 33/3/1 32/3/1
f 61/4/1 32/4/1 60/4/1
f 62/3/1 33/3/1 61/3/1
f 63/4/1 34/4/1 33/4/1
f 63/3/1 33/3/1 62/3/1
f 64/4/1 9/4/1 34/4/1
f 64/4/1 34/4/1 63/4/1
f 65/1/1 36/1/1 35/1/1
f 66/4/1 37/4/1 36/4/1
f 66/1/1 36/1/1 65/1/1
f 67/4/1 37/4/1 66/4/1
f 68/2/1 38/2/1 37/2/1
f 68/4/1 37/4/1 67/4/1
f 69/3/1 39/3/1 38/3/1
f 69/2/1 38/2/1 68/2/1
f 70/4/1 40/4/1 39/4/1
f 70/3/1 39/3/1 69/3/1
f 71/4/1 40/4/1 70/4/1
f 72/2/1 41/2/1 40/2/1
f 72/4/1 40/4/1 71/4/1
f 73/3/1 42/3/1 41/3/1
f 73/2/1 41/2/1 72/2/1
f 74/4/1 43/4/1 42/4/1
f 74/3/1 42/3/1 73/3/1
f 75/2/1 44/2/1 43/2/1
f 75/4/1 43/4/1 74/4/1
f 76/1/1 45/1/1 17/1/1
f 77/4/1 46/4/1 45/4/1
f 77/1/1 45/1/1 76/1/1
f 78/3/1 47/3/1 46/3/1
f 78/4/1 46/4/1 77/4/1
f 79/1/1 48/1/1 47/1/1
f 79/3/1 47/3/1 78/3/1
f 80/4/1 49/4/1 48/4/1
f 81/1/1 50/1/1 49/1/1
f 81/4/1 49/4/1 80/4/1
f 82/1/1 52/1/1 51/1/1
f 82/4/1 51/4/1 50/4/1
f 83/4/1 54/4/1 53/4/1
f 83/1/1 52/1/1 82/1/1
f 83/4/1 53/4/1 52/4/1
f 84/4/1 54/4/1 83/4/1
f 85/4/1 55/4/1 26/4/1
f 86/2/1 57/2/1 56/2/1
f 86/4/1 55/4/1 85/4/1
f 86/2/1 56/2/1 55/2/1
f 87/1/1 63/1/1 62/1/1
f 87/4/1 62/4/1 61/4/1
f 88/2/1 64/2/1 63/2/1
f 88/1/1 63/1/1 87/1/1
f 89/2/1 64/2/1 88/2/1
f 90/2/1 64/2/1 89/2/1
f 91/4/1 71/4/1 70/4/1
f 91/4/1 70/4/1 69/4/1
f 92/2/1 72/2/1 71/2/1
f 92/4/1 71/4/1 91/4/1
f 92/2/1 73/2/1 72/2/1
f 93/4/1 77/4/1 76/4/1
f 94/1/1 78/1/1 77/1/1
f 94/4/1 77/4/1 93/4/1
f 94/1/1 79/1/1 78/1/1
f 95/1/1 79/1/1 94/1/1
f 96/1/1 48/1/1 79/1/1
f 96/1/1 79/1/1 95/1/1
f 97/4/1 80/4/1 48/4/1
f 97/1/1 48/1/1 96/1/1
f 98/2/1 81/2/1 80/2/1
f 98/4/1 80/4/1 97/4/1
f 99/4/1 82/4/1 50/4/1
f 99/4/1 83/4/1 82/4/1
f 100/2/1 84/2/1 83/2/1
f 100/4/1 83/4/1 99/4/1
f 101/2/1 86/2/1 85/2/1
f 102/2/1 57/2/1 86/2/1
f 102/2/1 86/2/1 101/2/1
f 103/2/1 59/2/1 58/2/1
f 104/4/1 60/4/1 59/4/1
f 104/2/1 59/2/1 103/2/1
f 105/2/1 61/2/1 60/2/1
f 105/4/1 60/4/1 104/4/1
f 106/4/1 87/4/1 61/4/1
f 106/2/1 61/2/1 105/2/1
f 107/2/1 88/2/1 87/2/1
f 107/4/1 87/4/1 106/4/1
f 107/2/1 89/2/1 88/2/1
f 108/1/1 90/1/1 89/1/1
f 108/2/1 89/2/1 107/2/1
f 109/1/1 90/1/1 108/1/1
f 110/4/1 67/4/1 66/4/1
f 110/4/1 66/4/1 65/4/1
f 111/2/1 69/2/1 68/2/1
f 111/4/1 67/4/1 110/4/1
f 111/2/1 68/2/1 67/2/1
f 112/4/1 91/4/1 69/4/1
f 112/2/1 69/2/1 111/2/1
f 113/2/1 92/2/1 91/2/1
f 113/4/1 91/4/1 112/4/1
f 114/1/1 74/1/1 73/1/1
f 114/2/1 92/2/1 113/2/1
f 114/2/1 73/2/1 92/2/1
f 115/2/1 75/2/1 74/2/1
f 115/1/1 74/1/1 114/1/1
f 116/2/1 44/2/1 75/2/1
f 116/2/1 75/2/1 115/2/1
f 117/2/1 95/2/1 94/2/1
f 117/2/1 94/2/1 93/2/1
f 118/1/1 96/1/1 95/1/1
f 118/2/1 95/2/1 117/2/1
f 119/4/1 97/4/1 96/4/1
f 119/1/1 96/1/1 118/1/1
f 120/2/1 98/2/1 97/2/1
f 120/4/1 97/4/1 119/4/1
f 121/1/1 50/1/1 81/1/1
f 121/2/1 98/2/1 120/2/1
f 121/2/1 81/2/1 98/2/1
f 122/4/1 99/4/1 50/4/1
f 122/1/1 50/1/1 121/1/1
f 123/2/1 100/2/1 99/2/1
f 123/4/1 99/4/1 122/4/1
f 124/2/1 84/2/1 100/2/1
f 124/2/1 100/2/1 123/2/1
f 152/1/1 126/1/1 125/1/1
f 153/4/1 127/4/1 126/4/1
f 153/1/1 126/1/1 152/1/1
f 154/3/1 128/3/1 127/3/1
f 154/4/1 127/4/1 153/4/1
f 155/3/1 128/3/1 154/3/1
f 156/4/1 130/4/1 129/4/1
f 157/3/1 131/3/1 130/3/1
f 157/4/1 130/4/1 156/4/1
f 158/4/1 132/4/1 131/4/1
f 158/3/1 131/3/1 157/3/1
f 159/4/1 132/4/1 158/4/1
f 160/4/1 132/4/1 159/4/1
f 161/4/1 132/4/1 160/4/1
f 162/2/1 133/2/1 132/2/1
f 162/4/1 132/4/1 161/4/1
f 163/2/1 133/2/1 162/2/1
f 164/3/1 134/3/1 133/3/1
f 164/2/1 133/2/1 163/2/1
f 165/2/1 135/2/1 134/2/1
f 165/3/1 134/3/1 164/3/1
f 166/3/1 137/3/1 136/3/1
f 167/4/1 138/4/1 137/4/1
f 167/3/1 137/3/1 166/3/1
f 168/2/1 139/2/1 138/2/1
f 168/4/1 138/4/1 167/4/1
f 169/1/1 140/1/1 139/1/1
f 169/2/1 139/2/1 168/2/1
f 170/3/1 141/3/1 140/3/1
f 170/1/1 140/1/1 169/1/1
f 171/4/1 142/4/1 141/4/1
f 171/3/1 141/3/1 170/3/1
f 172/2/1 143/2/1 142/2/1
f 172/4/1 142/4/1 171/4/1
f 173/1/1 144/1/1 143/1/1
f 173/2/1 143/2/1 172/2/1
f 174/4/1 145/4/1 144/4/1
f 174/1/1 144/1/1 173/1/1
f 175/4/1 145/4/1 174/4/1
f 176/3/1 146/3/1 145/3/1
f 176/4/1 145/4/1 175/4/1
f 177/4/1 147/4/1 146/4/1
f 177/3/1 146/3/1 176/3/1
f 178/2/1 149/2/1 148/2/1
f 179/4/1 150/4/1 149/4/1
f 179/2/1 149/2/1 178/2/1
f 180/2/1 151/2/1 150/2/1
f 181/2/1 151/2/1 180/2/1
f 182/2/1 157/2/1 156/2/1
f 183/1/1 158/1/1 157/1/1
f 183/2/1 157/2/1 182/2/1
f 184/4/1 159/4/1 158/4/1
f 184/1/1 158/1/1 183/1/1
f 185/2/1 160/2/1 159/2/1
f 185/4/1 159/4/1 184/4/1
f 186/4/1 161/4/1 160/4/1
f 186/2/1 160/2/1 185/2/1
f 187/2/1 162/2/1 161/2/1
f 187/4/1 161/4/1 186/4/1
f 188/3/1 163/3/1 162/3/1
f 188/2/1 162/2/1 187/2/1
f 189/1/1 164/1/1 163/1/1
f 189/3/1 163/3/1 188/3/1
f 189/1/1 165/1/1 164/1/1
f 190/2/1 135/2/1 165/2/1
f 190/1/1 165/1/1 189/1/1
f 191/2/1 135/2/1 190/2/1
f 192/4/1 167/4/1 166/4/1
f 193/2/1 168/2/1 167/2/1
f 193/4/1 167/4/1 192/4/1
f 193/2/1 169/2/1 168/2/1
f 193/2/1 170/2/1 169/2/1
f 194/4/1 175/4/1 174/4/1
f 194/4/1 174/4/1 173/4/1
f 195/2/1 176/2/1 175/2/1
f 195/4/1 175/4/1 194/4/1
f 196/4/1 147/4/1 177/4/1
f 196/1/1 177/1/1 176/1/1
f 197/4/1 147/4/1 196/4/1
f 198/3/1 179/3/1 178/3/1
f 199/4/1 150/4/1 179/4/1
f 199/3/1 179/3/1 198/3/1
f 200/2/1 180/2/1 150/2/1
f 200/4/1 150/4/1 199/4/1
f 201/3/1 181/3/1 180/3/1
f 201/2/1 180/2/1 200/2/1
f 202/3/1 181/3/1 201/3/1
f 203/4/1 153/4/1 152/4/1
f 204/2/1 154/2/1 153/2/1
f 204/4/1 153/4/1 203/4/1
f 205/1/1 155/1/1 154/1/1
f 205/2/1 154/2/1 204/2/1
f 206/1/1 155/1/1 205/1/1
f 207/3/1 183/3/1 182/3/1
f 208/1/1 184/1/1 183/1/1
f 208/3/1 183/3/1 207/3/1
f 209/2/1 185/2/1 184/2/1
f 209/1/1 184/1/1 208/1/1
f 209/2/1 186/2/1 185/2/1
f 210/1/1 187/1/1 186/1/1
f 210/2/1 186/2/1 209/2/1
f 211/3/1 188/3/1 187/3/1
f 211/1/1 187/1/1 210/1/1
f 212/4/1 189/4/1 188/4/1
f 212/3/1 188/3/1 211/3/1
f 212/4/1 190/4/1 189/4/1
f 213/4/1 190/4/1 212/4/1
f 214/3/1 191/3/1 190/3/1
f 214/4/1 190/4/1 213/4/1
f 215/3/1 191/3/1 214/3/1
f 216/2/1 170/2/1 193/2/1
f 216/2/1 193/2/1 192/2/1
f 217/1/1 171/1/1 170/1/1
f 217/2/1 170/2/1 216/2/1
f 218/2/1 172/2/1 171/2/1
f 218/1/1 171/1/1 217/1/1
f 219/1/1 173/1/1 172/1/1
f 219/2/1 172/2/1 218/2/1
f 220/4/1 194/4/1 173/4/1
f 220/1/1 173/1/1 219/1/1
f 221/2/1 195/2/1 194/2/1
f 221/4/1 194/4/1 220/4/1
f 222/2/1 176/2/1 195/2/1
f 222/2/1 195/2/1 221/2/1
f 223/1/1 196/1/1 176/1/1
f 223/2/1 176/2/1 222/2/1
f 224/2/1 197/2/1 196/2/1
f 224/1/1 196/1/1 223/1/1
f 225/4/1 199/4/1 198/4/1
f 226/3/1 200/3/1 199/3/1
f 226/4/1 199/4/1 225/4/1
f 227/1/1 201/1/1 200/1/1
f 227/3/1 200/3/1 226/3/1
f 228/4/1 202/4/1 201/4/1
f 228/1/1 201/1/1 227/1/1
f 229/2/1 204/2/1 203/2/1
f 230/4/1 206/4/1 205/4/1
f 230/2/1 204/2/1 229/2/1
f 230/4/1 205/4/1 204/4/1
f 231/4/1 206/4/1 230/4/1
f 232/4/1 208/4/1 207/4/1
f 232/4/1 209/4/1 208/4/1
f 233/1/1 210/1/1 209/1/1
f 233/4/1 209/4/1 232/4/1
f 234/1/1 210/1/1 233/1/1
f 235/4/1 211/4/1 210/4/1
f 235/1/1 210/1/1 234/1/1
f 235/4/1 213/4/1 212/4/1
f 235/4/1 212/4/1 211/4/1
f 236/4/1 213/4/1 235/4/1
f 237/1/1 215/1/1 214/1/1
f 237/2/1 214/2/1 213/2/1
f 238/3/1 191/3/1 215/3/1
f 238/1/1 215/1/1 237/1/1
f 239/3/1 191/3/1 238/3/1
f 240/2/1 216/2/1 192/2/1
f 241/2/1 216/2/1 240/2/1
f 242/2/1 216/2/1 241/2/1
f 243/1/1 217/1/1 216/1/1
f 243/2/1 216/2/1 242/2/1
f 244/3/1 218/3/1 217/3/1
f 244/1/1 217/1/1 243/1/1
f 245/1/1 219/1/1 218/1/1
f 245/3/1 218/3/1 244/3/1
f 246/3/1 220/3/1 219/3/1
f 246/1/1 219/1/1 245/1/1
f 247/1/1 221/1/1 220/1/1
f 247/3/1 220/3/1 246/3/1
f 248/4/1 222/4/1 221/4/1
f 248/1/1 221/1/1 247/1/1
f 249/2/1 223/2/1 222/2/1
f 249/4/1 222/4/1 248/4/1
f 250/2/1 223/2/1 249/2/1
f 251/3/1 224/3/1 223/3/1
f 251/2/1 223/2/1 250/2/1
f 252/2/1 197/2/1 224/2/1
f 252/3/1 224/3/1 251/3/1
f 253/2/1 197/2/1 252/2/1
f 254/4/1 227/4/1 226/4/1
f 254/1/1 226/1/1 225/1/1
f 255/2/1 228/2/1 227/2/1
f 255/4/1 227/4/1 254/4/1
f 256/4/1 202/4/1 228/4/1
f 256/2/1 228/2/1 255/2/1
f 257/4/1 202/4/1 256/4/1
f 258/1/1 230/1/1 229/1/1
f 259/3/1 231/3/1 230/3/1
f 259/1/1 230/1/1 258/1/1
f 260/4/1 206/4/1 231/4/1
f 260/3/1 231/3/1 259/3/1
f 261/4/1 235/4/1 234/4/1
f 262/2/1 236/2/1 235/2/1
f 262/4/1 235/4/1 261/4/1
f 263/4/1 213/4/1 236/4/1
f 263/2/1 236/2/1 262/2/1
f 264/2/1 237/2/1 213/2/1
f 264/4/1 213/4/1 263/4/1
f 264/2/1 238/2/1 237/2/1
f 265/2/1 238/2/1 264/2/1
f 266/1/1 239/1/1 238/1/1
f 266/2/1 238/2/1 265/2/1
f 267/1/1 239/1/1 266/1/1
f 268/1/1 241/1/1 240/1/1
f 269/4/1 242/4/1 241/4/1
f 269/1/1 241/1/1 268/1/1
f 270/1/1 243/1/1 242/1/1
f 270/4/1 242/4/1 269/4/1
f 270/1/1 244/1/1 243/1/1
f 270/1/1 245/1/1 244/1/1
f 271/1/1 245/1/1 270/1/1
f 272/3/1 246/3/1 245/3/1
f 272/1/1 245/1/1 271/1/1
f 272/3/1 248/3/1 247/3/1
f 272/3/1 247/3/1 246/3/1
f 272/3/1 249/3/1 248/3/1
f 273/3/1 249/3/1 272/3/1
f 274/3/1 249/3/1 273/3/1
f 275/3/1 249/3/1 274/3/1
f 276/4/1 250/4/1 249/4/1
f 276/3/1 249/3/1 275/3/1
f 277/1/1 251/1/1 250/1/1
f 277/4/1 250/4/1 276/4/1
f 278/4/1 252/4/1 251/4/1
f 278/1/1 251/1/1 277/1/1
f 279/3/1 253/3/1 252/3/1
f 279/4/1 252/4/1 278/4/1
f 280/3/1 253/3/1 279/3/1
f 281/2/1 255/2/1 254/2/1
f 281/1/1 254/1/1 225/1/1
f 282/1/1 256/1/1 255/1/1
f 282/2/1 255/2/1 281/2/1
f 283/3/1 257/3/1 256/3/1
f 283/1/1 256/1/1 282/1/1
f 284/4/1 259/4/1 258/4/1
f 285/1/1 260/1/1 259/1/1
f 285/4/1 259/4/1 284/4/1
f 286/4/1 206/4/1 260/4/1
f 286/1/1 260/1/1 285/1/1
f 287/4/1 206/4/1 286/4/1
f 288/2/1 234/2/1 233/2/1
f 288/2/1 233/2/1 232/2/1
f 289/4/1 261/4/1 234/4/1
f 289/2/1 234/2/1 288/2/1
f 290/2/1 263/2/1 262/2/1
f 290/4/1 261/4/1 289/4/1
f 290/2/1 262/2/1 261/2/1
f 291/2/1 263/2/1 290/2/1
f 292/2/1 265/2/1 264/2/1
f 292/3/1 264/3/1 263/3/1
f 293/4/1 266/4/1 265/4/1
f 293/2/1 265/2/1 292/2/1
f 294/3/1 267/3/1 266/3/1
f 294/4/1 266/4/1 293/4/1
f 295/3/1 267/3/1 294/3/1
f 296/3/1 269/3/1 268/3/1
f 296/1/1 270/1/1 269/1/1
f 297/4/1 271/4/1 270/4/1
f 297/1/1 270/1/1 296/1/1
f 298/2/1 272/2/1 271/2/1
f 298/4/1 271/4/1 297/4/1
f 299/1/1 273/1/1 272/1/1
f 299/3/1 274/3/1 273/3/1
f 300/4/1 275/4/1 274/4/1
f 300/3/1 274/3/1 299/3/1
f 301/2/1 276/2/1 275/2/1
f 301/4/1 275/4/1 300/4/1
f 302/3/1 277/3/1 276/3/1
f 302/2/1 276/2/1 301/2/1
f 303/4/1 278/4/1 277/4/1
f 303/3/1 277/3/1 302/3/1
f 304/1/1 281/1/1 225/1/1
f 305/3/1 282/3/1 281/3/1
f 305/1/1 281/1/1 304/1/1
f 306/4/1 283/4/1 282/4/1
f 306/3/1 282/3/1 305/3/1
f 307/3/1 257/3/1 283/3/1
f 307/4/1 283/4/1 306/4/1
f 308/2/1 287/2/1 286/2/1
f 308/2/1 286/2/1 285/2/1
f 308/2/1 285/2/1 284/2/1
f 309/2/1 287/2/1 308/2/1
f 310/2/1 288/2/1 232/2/1
f 311/4/1 289/4/1 288/4/1
f 311/2/1 288/2/1 310/2/1
f 312/3/1 290/3/1 289/3/1
f 312/4/1 289/4/1 311/4/1
f 313/1/1 291/1/1 290/1/1
f 313/3/1 290/3/1 312/3/1
f 314/1/1 291/1/1 313/1/1
f 315/2/1 263/2/1 291/2/1
f 315/1/1 291/1/1 314/1/1
f 316/3/1 292/3/1 263/3/1
f 316/2/1 263/2/1 315/2/1
f 317/1/1 293/1/1 292/1/1
f 317/3/1 292/3/1 316/3/1
f 318/3/1 294/3/1 293/3/1
f 318/1/1 293/1/1 317/1/1
f 319/4/1 295/4/1 294/4/1
f 319/3/1 294/3/1 318/3/1
f 320/3/1 296/3/1 268/3/1
f 321/4/1 297/4/1 296/4/1
f 321/3/1 296/3/1 320/3/1
f 322/1/1 303/1/1 302/1/1
f 322/4/1 278/4/1 303/4/1
f 323/2/1 279/2/1 278/2/1
f 323/4/1 278/4/1 322/4/1
f 324/3/1 257/3/1 307/3/1
f 324/2/1 307/2/1 306/2/1
f 325/3/1 257/3/1 324/3/1
f 326/2/1 308/2/1 284/2/1
f 327/1/1 309/1/1 308/1/1
f 327/2/1 308/2/1 326/2/1
f 328/1/1 309/1/1 327/1/1
f 329/1/1 311/1/1 310/1/1
f 330/3/1 312/3/1 311/3/1
f 330/1/1 311/1/1 329/1/1
f 331/4/1 314/4/1 313/4/1
f 331/3/1 312/3/1 330/3/1
f 331/4/1 313/4/1 312/4/1
f 332/2/1 315/2/1 314/2/1
f 332/4/1 314/4/1 331/4/1
f 333/1/1 316/1/1 315/1/1
f 333/2/1 315/2/1 332/2/1
f 334/4/1 317/4/1 316/4/1
f 334/1/1 316/1/1 333/1/1
f 335/2/1 318/2/1 317/2/1
f 335/4/1 317/4/1 334/4/1
f 336/1/1 319/1/1 318/1/1
f 336/2/1 318/2/1 335/2/1
f 337/4/1 295/4/1 319/4/1
f 337/1/1 319/1/1 336/1/1
f 338/4/1 295/4/1 337/4/1
f 339/1/1 321/1/1 320/1/1
f 340/4/1 297/4/1 321/4/1
f 340/1/1 321/1/1 339/1/1
f 341/2/1 298/2/1 297/2/1
f 341/4/1 297/4/1 340/4/1
f 342/1/1 299/1/1 272/1/1
f 342/2/1 298/2/1 341/2/1
f 342/2/1 272/2/1 298/2/1
f 343/4/1 300/4/1 299/4/1
f 343/1/1 299/1/1 342/1/1
f 344/2/1 302/2/1 301/2/1
f 344/4/1 300/4/1 343/4/1
f 344/2/1 301/2/1 300/2/1
f 345/1/1 322/1/1 302/1/1
f 345/2/1 302/2/1 344/2/1
f 346/2/1 323/2/1 322/2/1
f 346/1/1 322/1/1 345/1/1
f 347/4/1 280/4/1 279/4/1
f 347/2/1 323/2/1 346/2/1
f 347/2/1 279/2/1 323/2/1
f 348/4/1 280/4/1 347/4/1
f 349/2/1 305/2/1 304/2/1
f 350/4/1 306/4/1 305/4/1
f 350/2/1 305/2/1 349/2/1
f 351/2/1 324/2/1 306/2/1
f 351/4/1 306/4/1 350/4/1
f 352/1/1 325/1/1 324/1/1
f 352/2/1 324/2/1 351/2/1
f 353/1/1 325/1/1 352/1/1
f 377/2/1 355/2/1 354/2/1
f 378/1/1 356/1/1 355/1/1
f 378/2/1 355/2/1 377/2/1
f 379/4/1 357/4/1 356/4/1
f 379/1/1 356/1/1 378/1/1
f 380/4/1 357/4/1 379/4/1
f 381/3/1 358/3/1 357/3/1
f 381/4/1 357/4/1 380/4/1
f 382/3/1 358/3/1 381/3/1
f 383/4/1 360/4/1 359/4/1
f 384/3/1 361/3/1 360/3/1
f 384/4/1 360/4/1 383/4/1
f 385/4/1 362/4/1 361/4/1
f 385/3/1 361/3/1 384/3/1
f 386/4/1 362/4/1 385/4/1
f 387/2/1 363/2/1 362/2/1
f 387/4/1 362/4/1 386/4/1
f 388/4/1 364/4/1 363/4/1
f 388/2/1 363/2/1 387/2/1
f 389/3/1 365/3/1 364/3/1
f 389/4/1 364/4/1 388/4/1
f 390/3/1 365/3/1 389/3/1
f 391/1/1 366/1/1 365/1/1
f 391/3/1 365/3/1 390/3/1
f 392/3/1 367/3/1 366/3/1
f 392/1/1 366/1/1 391/1/1
f 393/4/1 368/4/1 367/4/1
f 393/3/1 367/3/1 392/3/1
f 394/4/1 368/4/1 393/4/1
f 395/4/1 368/4/1 394/4/1
f 396/3/1 369/3/1 368/3/1
f 396/4/1 368/4/1 395/4/1
f 397/4/1 370/4/1 369/4/1
f 397/3/1 369/3/1 396/3/1
f 398/2/1 372/2/1 371/2/1
f 399/2/1 372/2/1 398/2/1
f 400/1/1 373/1/1 372/1/1
f 400/2/1 372/2/1 399/2/1
f 401/4/1 374/4/1 373/4/1
f 401/1/1 373/1/1 400/1/1
f 402/4/1 374/4/1 401/4/1
f 403/2/1 375/2/1 374/2/1
f 403/4/1 374/4/1 402/4/1
f 404/2/1 375/2/1 403/2/1
f 405/3/1 376/3/1 375/3/1
f 405/2/1 375/2/1 404/2/1
f 406/3/1 376/3/1 405/3/1
f 407/1/1 378/1/1 377/1/1
f 408/1/1 378/1/1 407/1/1
f 409/4/1 380/4/1 379/4/1
f 409/4/1 379/4/1 378/4/1
f 410/2/1 381/2/1 380/2/1
f 410/4/1 380/4/1 409/4/1
f 411/2/1 381/2/1 410/2/1
f 412/1/1 382/1/1 381/1/1
f 412/2/1 381/2/1 411/2/1
f 413/4/1 386/4/1 385/4/1
f 414/2/1 387/2/1 386/2/1
f 414/4/1 386/4/1 413/4/1
f 414/2/1 388/2/1 387/2/1
f 414/2/1 389/2/1 388/2/1
f 415/1/1 390/1/1 389/1/1
f 415/3/1 391/3/1 390/3/1
f 416/4/1 392/4/1 391/4/1
f 416/3/1 391/3/1 415/3/1
f 416/4/1 393/4/1 392/4/1
f 417/4/1 393/4/1 416/4/1
f 418/3/1 394/3/1 393/3/1
f 418/4/1 393/4/1 417/4/1
f 419/4/1 395/4/1 394/4/1
f 419/3/1 394/3/1 418/3/1
f 420/1/1 399/1/1 398/1/1
f 421/3/1 400/3/1 399/3/1
f 421/1/1 399/1/1 420/1/1
f 421/3/1 401/3/1 400/3/1
f 422/3/1 401/3/1 421/3/1
f 423/4/1 402/4/1 401/4/1
f 423/3/1 401/3/1 422/3/1
f 424/2/1 404/2/1 403/2/1
f 424/4/1 402/4/1 423/4/1
f 424/2/1 403/2/1 402/2/1
f 425/3/1 405/3/1 404/3/1
f 425/2/1 404/2/1 424/2/1
f 426/4/1 406/4/1 405/4/1
f 426/3/1 405/3/1 425/3/1
f 427/1/1 378/1/1 408/1/1
f 427/4/1 409/4/1 378/4/1
f 428/2/1 411/2/1 410/2/1
f 428/4/1 409/4/1 427/4/1
f 428/2/1 410/2/1 409/2/1
f 429/2/1 411/2/1 428/2/1
f 430/4/1 412/4/1 411/4/1
f 430/2/1 411/2/1 429/2/1
f 431/1/1 382/1/1 412/1/1
f 431/4/1 412/4/1 430/4/1
f 432/1/1 382/1/1 431/1/1
f 433/2/1 384/2/1 383/2/1
f 434/1/1 385/1/1 384/1/1
f 434/2/1 384/2/1 433/2/1
f 435/4/1 413/4/1 385/4/1
f 435/1/1 385/1/1 434/1/1
f 436/2/1 414/2/1 413/2/1
f 436/4/1 413/4/1 435/4/1
f 437/2/1 389/2/1 414/2/1
f 437/2/1 414/2/1 436/2/1
f 438/2/1 389/2/1 437/2/1
f 439/1/1 415/1/1 389/1/1
f 439/2/1 389/2/1 438/2/1
f 440/4/1 416/4/1 415/4/1
f 440/1/1 415/1/1 439/1/1
f 440/4/1 417/4/1 416/4/1
f 441/4/1 417/4/1 440/4/1
f 442/1/1 418/1/1 417/1/1
f 442/4/1 417/4/1 441/4/1
f 442/1/1 419/1/1 418/1/1
f 443/1/1 419/1/1 442/1/1
f 444/4/1 395/4/1 419/4/1
f 444/1/1 419/1/1 443/1/1
f 445/2/1 396/2/1 395/2/1
f 445/4/1 395/4/1 444/4/1
f 446/4/1 422/4/1 421/4/1
f 446/4/1 421/4/1 420/4/1
f 447/4/1 422/4/1 446/4/1
f 448/3/1 423/3/1 422/3/1
f 448/4/1 422/4/1 447/4/1
f 448/3/1 424/3/1 423/3/1
f 449/1/1 425/1/1 424/1/1
f 449/3/1 424/3/1 448/3/1
f 450/1/1 425/1/1 449/1/1
f 451/4/1 406/4/1 426/4/1
f 451/4/1 426/4/1 425/4/1
f 452/4/1 406/4/1 451/4/1
f 453/1/1 427/1/1 408/1/1
f 453/2/1 429/2/1 428/2/1
f 453/2/1 428/2/1 427/2/1
f 454/4/1 430/4/1 429/4/1
f 454/2/1 429/2/1 453/2/1
f 455/3/1 431/3/1 430/3/1
f 455/4/1 430/4/1 454/4/1
f 456/4/1 432/4/1 431/4/1
f 456/3/1 431/3/1 455/3/1
f 457/3/1 434/3/1 433/3/1
f 457/3/1 436/3/1 435/3/1
f 457/3/1 435/3/1 434/3/1
f 458/3/1 436/3/1 457/3/1
f 459/4/1 437/4/1 436/4/1
f 459/3/1 436/3/1 458/3/1
f 460/2/1 438/2/1 437/2/1
f 460/4/1 437/4/1 459/4/1
f 461/1/1 439/1/1 438/1/1
f 461/2/1 438/2/1 460/2/1
f 462/4/1 441/4/1 440/4/1
f 462/1/1 439/1/1 461/1/1
f 462/4/1 440/4/1 439/4/1
f 463/2/1 442/2/1 441/2/1
f 463/4/1 441/4/1 462/4/1
f 464/2/1 442/2/1 463/2/1
f 465/1/1 443/1/1 442/1/1
f 465/2/1 442/2/1 464/2/1
f 466/3/1 444/3/1 443/3/1
f 466/1/1 443/1/1 465/1/1
f 467/2/1 445/2/1 444/2/1
f 467/3/1 444/3/1 466/3/1
f 468/2/1 396/2/1 445/2/1
f 468/2/1 445/2/1 467/2/1
f 469/1/1 397/1/1 396/1/1
f 469/2/1 396/2/1 468/2/1
f 470/4/1 370/4/1 397/4/1
f 470/1/1 397/1/1 469/1/1
f 471/4/1 370/4/1 470/4/1
f 472/4/1 449/4/1 448/4/1
f 473/2/1 450/2/1 449/2/1
f 473/4/1 449/4/1 472/4/1
f 474/2/1 450/2/1 473/2/1
f 475/1/1 425/1/1 450/1/1
f 475/2/1 450/2/1 474/2/1
f 476/4/1 451/4/1 425/4/1
f 476/1/1 425/1/1 475/1/1
f 477/2/1 452/2/1 451/2/1
f 477/4/1 451/4/1 476/4/1
f 478/2/1 408/2/1 407/2/1
f 479/1/1 453/1/1 408/1/1
f 479/2/1 408/2/1 478/2/1
f 479/1/1 454/1/1 453/1/1
f 480/3/1 455/3/1 454/3/1
f 480/1/1 454/1/1 479/1/1
f 481/4/1 456/4/1 455/4/1
f 481/3/1 455/3/1 480/3/1
f 482/3/1 459/3/1 458/3/1
f 482/3/1 460/3/1 459/3/1
f 482/1/1 458/1/1 457/1/1
f 483/3/1 460/3/1 482/3/1
f 484/3/1 460/3/1 483/3/1
f 485/1/1 461/1/1 460/1/1
f 485/3/1 460/3/1 484/3/1
f 486/3/1 462/3/1 461/3/1
f 486/1/1 461/1/1 485/1/1
f 487/1/1 463/1/1 462/1/1
f 487/3/1 462/3/1 486/3/1
f 488/2/1 464/2/1 463/2/1
f 488/1/1 463/1/1 487/1/1
f 489/1/1 465/1/1 464/1/1
f 489/2/1 464/2/1 488/2/1
f 490/3/1 467/3/1 466/3/1
f 490/1/1 465/1/1 489/1/1
f 490/3/1 468/3/1 467/3/1
f 490/3/1 466/3/1 465/3/1
f 491/3/1 468/3/1 490/3/1
f 492/3/1 468/3/1 491/3/1
f 493/1/1 469/1/1 468/1/1
f 493/3/1 468/3/1 492/3/1
f 494/3/1 471/3/1 470/3/1
f 494/1/1 469/1/1 493/1/1
f 494/3/1 470/3/1 469/3/1
f 495/3/1 471/3/1 494/3/1
f 496/2/1 447/2/1 446/2/1
f 497/1/1 448/1/1 447/1/1
f 497/2/1 447/2/1 496/2/1
f 498/4/1 472/4/1 448/4/1
f 498/1/1 448/1/1 497/1/1
f 499/2/1 474/2/1 473/2/1
f 499/4/1 472/4/1 498/4/1
f 499/2/1 473/2/1 472/2/1
f 500/2/1 474/2/1 499/2/1
f 501/1/1 475/1/1 474/1/1
f 501/2/1 474/2/1 500/2/1
f 502/3/1 476/3/1 475/3/1
f 502/1/1 475/1/1 501/1/1
f 502/3/1 477/3/1 476/3/1
f 503/3/1 477/3/1 502/3/1
f 504/2/1 452/2/1 477/2/1
f 504/3/1 477/3/1 503/3/1
f 505/2/1 452/2/1 504/2/1
f 506/3/1 479/3/1 478/3/1
f 507/4/1 480/4/1 479/4/1
f 507/3/1 479/3/1 506/3/1
f 508/4/1 480/4/1 507/4/1
f 509/1/1 481/1/1 480/1/1
f 509/4/1 480/4/1 508/4/1
f 510/4/1 456/4/1 481/4/1
f 510/1/1 481/1/1 509/1/1
f 511/4/1 432/4/1 456/4/1
f 511/4/1 456/4/1 510/4/1
f 512/4/1 432/4/1 511/4/1
f 513/1/1 482/1/1 457/1/1
f 514/4/1 483/4/1 482/4/1
f 514/1/1 482/1/1 513/1/1
f 515/3/1 484/3/1 483/3/1
f 515/4/1 483/4/1 514/4/1
f 516/1/1 485/1/1 484/1/1
f 516/3/1 484/3/1 515/3/1
f 517/4/1 486/4/1 485/4/1
f 518/1/1 487/1/1 486/1/1
f 518/4/1 486/4/1 517/4/1
f 519/4/1 488/4/1 487/4/1
f 519/1/1 489/1/1 488/1/1
f 520/4/1 491/4/1 490/4/1
f 520/1/1 489/1/1 519/1/1
f 520/4/1 490/4/1 489/4/1
f 521/3/1 492/3/1 491/3/1
f 521/4/1 491/4/1 520/4/1
f 522/1/1 493/1/1 492/1/1
f 522/3/1 492/3/1 521/3/1
f 523/4/1 495/4/1 494/4/1
f 523/1/1 493/1/1 522/1/1
f 523/4/1 494/4/1 493/4/1
f 524/4/1 495/4/1 523/4/1
f 525/3/1 471/3/1 495/3/1
f 525/4/1 495/4/1 524/4/1
f 526/3/1 471/3/1 525/3/1
f 527/1/1 498/1/1 497/1/1
f 527/1/1 497/1/1 496/1/1
f 528/3/1 500/3/1 499/3/1
f 528/1/1 498/1/1 527/1/1
f 528/3/1 499/3/1 498/3/1
f 529/3/1 500/3/1 528/3/1
f 530/1/1 501/1/1 500/1/1
f 530/3/1 500/3/1 529/3/1
f 531/4/1 503/4/1 502/4/1
f 531/1/1 501/1/1 530/1/1
f 531/4/1 502/4/1 501/4/1
f 532/3/1 504/3/1 503/3/1
f 532/4/1 503/4/1 531/4/1
f 532/3/1 505/3/1 504/3/1
f 533/3/1 505/3/1 532/3/1
f 534/3/1 505/3/1 533/3/1
f 535/1/1 507/1/1 506/1/1
f 536/4/1 508/4/1 507/4/1
f 536/1/1 507/1/1 535/1/1
f 537/2/1 510/2/1 509/2/1
f 537/4/1 508/4/1 536/4/1
f 537/2/1 509/2/1 508/2/1
f 538/2/1 510/2/1 537/2/1
f 539/1/1 511/1/1 510/1/1
f 539/2/1 510/2/1 538/2/1
f 540/2/1 512/2/1 511/2/1
f 540/1/1 511/1/1 539/1/1
f 541/2/1 512/2/1 540/2/1
f 542/4/1 514/4/1 513/4/1
f 543/1/1 515/1/1 514/1/1
f 543/4/1 514/4/1 542/4/1
f 543/1/1 516/1/1 515/1/1
f 544/1/1 516/1/1 543/1/1
f 545/1/1 485/1/1 516/1/1
f 545/1/1 516/1/1 544/1/1
f 546/4/1 517/4/1 485/4/1
f 546/1/1 485/1/1 545/1/1
f 547/2/1 518/2/1 517/2/1
f 547/4/1 517/4/1 546/4/1
f 548/4/1 520/4/1 519/4/1
f 548/4/1 519/4/1 487/4/1
f 549/2/1 521/2/1 520/2/1
f 549/4/1 520/4/1 548/4/1
f 550/4/1 524/4/1 523/4/1
f 550/4/1 523/4/1 522/4/1
f 551/2/1 526/2/1 525/2/1
f 551/4/1 524/4/1 550/4/1
f 551/2/1 525/2/1 524/2/1
f 552/3/1 529/3/1 528/3/1
f 552/2/1 528/2/1 527/2/1
f 553/4/1 530/4/1 529/4/1
f 553/3/1 529/3/1 552/3/1
f 553/4/1 531/4/1 530/4/1
f 554/4/1 531/4/1 553/4/1
f 555/2/1 532/2/1 531/2/1
f 555/4/1 531/4/1 554/4/1
f 556/3/1 533/3/1 532/3/1
f 556/2/1 532/2/1 555/2/1
f 557/4/1 534/4/1 533/4/1
f 557/3/1 533/3/1 556/3/1
f 558/2/1 536/2/1 535/2/1
f 559/1/1 537/1/1 536/1/1
f 559/2/1 536/2/1 558/2/1
f 560/2/1 538/2/1 537/2/1
f 560/1/1 537/1/1 559/1/1
f 561/1/1 539/1/1 538/1/1
f 561/2/1 538/2/1 560/2/1
f 562/3/1 540/3/1 539/3/1
f 562/1/1 539/1/1 561/1/1
f 563/1/1 541/1/1 540/1/1
f 563/3/1 540/3/1 562/3/1
f 564/1/1 541/1/1 563/1/1
f 565/2/1 543/2/1 542/2/1
f 565/2/1 544/2/1 543/2/1
f 566/1/1 545/1/1 544/1/1
f 566/2/1 544/2/1 565/2/1
f 567/4/1 546/4/1 545/4/1
f 567/1/1 545/1/1 566/1/1
f 568/2/1 547/2/1 546/2/1
f 568/4/1 546/4/1 567/4/1
f 569/1/1 487/1/1 518/1/1
f 569/2/1 547/2/1 568/2/1
f 569/2/1 518/2/1 547/2/1
f 570/4/1 548/4/1 487/4/1
f 570/1/1 487/1/1 569/1/1
f 571/2/1 549/2/1 548/2/1
f 571/4/1 548/4/1 570/4/1
f 572/2/1 521/2/1 549/2/1
f 572/2/1 549/2/1 571/2/1
f 572/1/1 522/1/1 521/1/1
f 573/4/1 550/4/1 522/4/1
f 573/1/1 522/1/1 572/1/1
f 574/2/1 551/2/1 550/2/1
f 574/4/1 550/4/1 573/4/1
f 575/2/1 526/2/1 551/2/1
f 575/2/1 551/2/1 574/2/1
f 576/2/1 552/2/1 527/2/1
f 577/1/1 553/1/1 552/1/1
f 577/2/1 552/2/1 576/2/1
f 578/4/1 554/4/1 553/4/1
f 578/1/1 553/1/1 577/1/1
f 579/2/1 556/2/1 555/2/1
f 579/4/1 554/4/1 578/4/1
f 579/2/1 555/2/1 554/2/1
f 580/1/1 557/1/1 556/1/1
f 580/2/1 556/2/1 579/2/1
f 581/4/1 534/4/1 557/4/1
f 581/1/1 557/1/1 580/1/1
f 582/4/1 534/4/1 581/4/1
f 607/2/1 584/2/1 583/2/1
f 608/2/1 584/2/1 607/2/1
f 609/3/1 585/3/1 584/3/1
f 609/2/1 584/2/1 608/2/1
f 610/4/1 586/4/1 585/4/1
f 610/3/1 585/3/1 609/3/1
f 611/2/1 587/2/1 586/2/1
f 612/1/1 588/1/1 587/1/1
f 612/2/1 587/2/1 611/2/1
f 613/4/1 589/4/1 588/4/1
f 613/1/1 588/1/1 612/1/1
f 614/4/1 589/4/1 613/4/1
f 615/3/1 590/3/1 589/3/1
f 615/4/1 589/4/1 614/4/1
f 616/3/1 590/3/1 615/3/1
f 617/2/1 592/2/1 591/2/1
f 618/1/1 593/1/1 592/1/1
f 618/2/1 592/2/1 617/2/1
f 619/2/1 594/2/1 593/2/1
f 619/1/1 593/1/1 618/1/1
f 620/2/1 594/2/1 619/2/1
f 621/2/1 594/2/1 620/2/1
f 622/2/1 594/2/1 621/2/1
f 623/4/1 595/4/1 594/4/1
f 623/2/1 594/2/1 622/2/1
f 624/3/1 596/3/1 595/3/1
f 624/4/1 595/4/1 623/4/1
f 625/3/1 596/3/1 624/3/1
f 626/4/1 598/4/1 597/4/1
f 627/4/1 598/4/1 626/4/1
f 628/4/1 598/4/1 627/4/1
f 629/3/1 599/3/1 598/3/1
f 629/4/1 598/4/1 628/4/1
f 630/3/1 599/3/1 629/3/1
f 631/1/1 600/1/1 599/1/1
f 631/3/1 599/3/1 630/3/1
f 632/3/1 601/3/1 600/3/1
f 632/1/1 600/1/1 631/1/1
f 633/4/1 602/4/1 601/4/1
f 633/3/1 601/3/1 632/3/1
f 634/4/1 602/4/1 633/4/1
f 635/3/1 603/3/1 602/3/1
f 635/4/1 602/4/1 634/4/1
f 636/3/1 603/3/1 635/3/1
f 637/2/1 605/2/1 604/2/1
f 638/1/1 606/1/1 605/1/1
f 638/2/1 605/2/1 637/2/1
f 639/1/1 606/1/1 638/1/1
f 640/4/1 609/4/1 608/4/1
f 640/4/1 610/4/1 609/4/1
f 641/4/1 586/4/1 610/4/1
f 641/4/1 610/4/1 640/4/1
f 641/2/1 611/2/1 586/2/1
f 642/1/1 612/1/1 611/1/1
f 642/4/1 613/4/1 612/4/1
f 643/2/1 614/2/1 613/2/1
f 643/4/1 613/4/1 642/4/1
f 644/4/1 615/4/1 614/4/1
f 644/2/1 614/2/1 643/2/1
f 645/1/1 616/1/1 615/1/1
f 645/4/1 615/4/1 644/4/1
f 646/1/1 616/1/1 645/1/1
f 647/4/1 618/4/1 617/4/1
f 648/3/1 619/3/1 618/3/1
f 648/4/1 618/4/1 647/4/1
f 649/1/1 620/1/1 619/1/1
f 649/3/1 619/3/1 648/3/1
f 650/4/1 621/4/1 620/4/1
f 650/1/1 620/1/1 649/1/1
f 651/1/1 623/1/1 622/1/1
f 651/2/1 624/2/1 623/2/1
f 652/1/1 625/1/1 624/1/1
f 652/2/1 624/2/1 651/2/1
f 653/1/1 625/1/1 652/1/1
f 654/2/1 627/2/1 626/2/1
f 655/4/1 628/4/1 627/4/1
f 655/2/1 627/2/1 654/2/1
f 656/2/1 629/2/1 628/2/1
f 656/4/1 628/4/1 655/4/1
f 657/2/1 629/2/1 656/2/1
f 658/2/1 629/2/1 657/2/1
f 659/1/1 630/1/1 629/1/1
f 659/2/1 629/2/1 658/2/1
f 660/4/1 631/4/1 630/4/1
f 660/1/1 630/1/1 659/1/1
f 660/4/1 632/4/1 631/4/1
f 661/4/1 632/4/1 660/4/1
f 662/1/1 634/1/1 633/1/1
f 662/4/1 632/4/1 661/4/1
f 662/1/1 633/1/1 632/1/1
f 663/1/1 634/1/1 662/1/1
f 664/2/1 635/2/1 634/2/1
f 664/1/1 634/1/1 663/1/1
f 665/4/1 638/4/1 637/4/1
f 666/4/1 638/4/1 665/4/1
f 667/3/1 639/3/1 638/3/1
f 667/4/1 638/4/1 666/4/1
f 668/3/1 639/3/1 667/3/1
f 669/1/1 608/1/1 607/1/1
f 670/4/1 640/4/1 608/4/1
f 670/1/1 608/1/1 669/1/1
f 671/2/1 641/2/1 640/2/1
f 671/4/1 640/4/1 670/4/1
f 672/1/1 642/1/1 611/1/1
f 672/2/1 643/2/1 642/2/1
f 673/4/1 644/4/1 643/4/1
f 673/2/1 643/2/1 672/2/1
f 674/3/1 645/3/1 644/3/1
f 674/4/1 644/4/1 673/4/1
f 675/4/1 646/4/1 645/4/1
f 675/3/1 645/3/1 674/3/1
f 676/4/1 649/4/1 648/4/1
f 676/2/1 650/2/1 649/2/1
f 677/4/1 621/4/1 650/4/1
f 677/2/1 650/2/1 676/2/1
f 678/2/1 622/2/1 621/2/1
f 678/4/1 621/4/1 677/4/1
f 679/1/1 651/1/1 622/1/1
f 679/4/1 653/4/1 652/4/1
f 679/4/1 652/4/1 651/4/1
f 680/4/1 653/4/1 679/4/1
f 681/3/1 655/3/1 654/3/1
f 681/3/1 656/3/1 655/3/1
f 682/3/1 656/3/1 681/3/1
f 683/4/1 657/4/1 656/4/1
f 683/3/1 656/3/1 682/3/1
f 684/2/1 658/2/1 657/2/1
f 684/4/1 657/4/1 683/4/1
f 685/1/1 659/1/1 658/1/1
f 685/2/1 658/2/1 684/2/1
f 686/4/1 661/4/1 660/4/1
f 686/1/1 659/1/1 685/1/1
f 686/4/1 660/4/1 659/4/1
f 687/2/1 662/2/1 661/2/1
f 687/4/1 661/4/1 686/4/1
f 688/1/1 663/1/1 662/1/1
f 688/2/1 662/2/1 687/2/1
f 689/3/1 664/3/1 663/3/1
f 689/1/1 663/1/1 688/1/1
f 690/2/1 635/2/1 664/2/1
f 690/3/1 664/3/1 689/3/1
f 691/1/1 636/1/1 635/1/1
f 691/2/1 635/2/1 690/2/1
f 692/1/1 636/1/1 691/1/1
f 693/3/1 670/3/1 669/3/1
f 693/3/1 671/3/1 670/3/1
f 694/3/1 671/3/1 693/3/1
f 695/2/1 641/2/1 671/2/1
f 695/3/1 671/3/1 694/3/1
f 696/2/1 641/2/1 695/2/1
f 697/2/1 611/2/1 641/2/1
f 697/2/1 641/2/1 696/2/1
f 698/1/1 672/1/1 611/1/1
f 698/2/1 611/2/1 697/2/1
f 698/1/1 673/1/1 672/1/1
f 699/3/1 674/3/1 673/3/1
f 699/1/1 673/1/1 698/1/1
f 700/4/1 675/4/1 674/4/1
f 700/3/1 674/3/1 699/3/1
f 701/2/1 648/2/1 647/2/1
f 702/4/1 676/4/1 648/4/1
f 702/2/1 648/2/1 701/2/1
f 703/1/1 677/1/1 676/1/1
f 703/4/1 676/4/1 702/4/1
f 704/3/1 678/3/1 677/3/1
f 704/1/1 677/1/1 703/1/1
f 705/2/1 622/2/1 678/2/1
f 705/3/1 678/3/1 704/3/1
f 706/1/1 679/1/1 622/1/1
f 706/2/1 622/2/1 705/2/1
f 707/3/1 680/3/1 679/3/1
f 707/1/1 679/1/1 706/1/1
f 708/4/1 653/4/1 680/4/1
f 708/3/1 680/3/1 707/3/1
f 709/3/1 683/3/1 682/3/1
f 709/3/1 684/3/1 683/3/1
f 710/1/1 685/1/1 684/1/1
f 710/3/1 684/3/1 709/3/1
f 711/3/1 686/3/1 685/3/1
f 711/1/1 685/1/1 710/1/1
f 712/1/1 687/1/1 686/1/1
f 712/3/1 686/3/1 711/3/1
f 712/1/1 688/1/1 687/1/1
f 713/3/1 689/3/1 688/3/1
f 713/1/1 688/1/1 712/1/1
f 713/3/1 690/3/1 689/3/1
f 714/3/1 690/3/1 713/3/1
f 715/1/1 691/1/1 690/1/1
f 715/3/1 690/3/1 714/3/1
f 716/3/1 692/3/1 691/3/1
f 716/1/1 691/1/1 715/1/1
f 717/3/1 692/3/1 716/3/1
f 718/2/1 666/2/1 665/2/1
f 719/1/1 667/1/1 666/1/1
f 719/2/1 666/2/1 718/2/1
f 720/4/1 668/4/1 667/4/1
f 720/1/1 667/1/1 719/1/1
f 721/4/1 668/4/1 720/4/1
f 722/4/1 694/4/1 693/4/1
f 723/3/1 696/3/1 695/3/1
f 723/4/1 694/4/1 722/4/1
f 723/3/1 695/3/1 694/3/1
f 724/3/1 696/3/1 723/3/1
f 725/1/1 697/1/1 696/1/1
f 725/3/1 696/3/1 724/3/1
f 726/3/1 698/3/1 697/3/1
f 726/1/1 697/1/1 725/1/1
f 727/4/1 699/4/1 698/4/1
f 727/3/1 698/3/1 726/3/1
f 728/4/1 699/4/1 727/4/1
f 729/1/1 700/1/1 699/1/1
f 729/4/1 699/4/1 728/4/1
f 730/4/1 675/4/1 700/4/1
f 730/1/1 700/1/1 729/1/1
f 731/4/1 646/4/1 675/4/1
f 731/4/1 675/4/1 730/4/1
f 732/4/1 646/4/1 731/4/1
f 733/1/1 702/1/1 701/1/1
f 734/3/1 703/3/1 702/3/1
f 734/1/1 702/1/1 733/1/1
f 735/4/1 704/4/1 703/4/1
f 735/3/1 703/3/1 734/3/1
f 736/3/1 705/3/1 704/3/1
f 736/4/1 704/4/1 735/4/1
f 737/1/1 706/1/1 705/1/1
f 737/3/1 705/3/1 736/3/1
f 738/4/1 707/4/1 706/4/1
f 738/1/1 706/1/1 737/1/1
f 739/1/1 708/1/1 707/1/1
f 739/4/1 707/4/1 738/4/1
f 740/4/1 653/4/1 708/4/1
f 740/1/1 708/1/1 739/1/1
f 741/4/1 653/4/1 740/4/1
f 742/1/1 682/1/1 681/1/1
f 743/3/1 709/3/1 682/3/1
f 743/1/1 682/1/1 742/1/1
f 744/1/1 710/1/1 709/1/1
f 744/3/1 709/3/1 743/3/1
f 745/4/1 711/4/1 710/4/1
f 745/1/1 710/1/1 744/1/1
f 746/1/1 712/1/1 711/1/1
f 746/4/1 711/4/1 745/4/1
f 747/4/1 714/4/1 713/4/1
f 747/4/1 713/4/1 712/4/1
f 748/3/1 715/3/1 714/3/1
f 748/4/1 714/4/1 747/4/1
f 749/4/1 717/4/1 716/4/1
f 749/3/1 715/3/1 748/3/1
f 749/4/1 716/4/1 715/4/1
f 750/4/1 717/4/1 749/4/1
f 751/1/1 719/1/1 718/1/1
f 751/1/1 720/1/1 719/1/1
f 752/3/1 721/3/1 720/3/1
f 752/1/1 720/1/1 751/1/1
f 753/3/1 721/3/1 752/3/1
f 754/2/1 723/2/1 722/2/1
f 755/1/1 724/1/1 723/1/1
f 755/2/1 723/2/1 754/2/1
f 756/4/1 725/4/1 724/4/1
f 756/1/1 724/1/1 755/1/1
f 757/2/1 726/2/1 725/2/1
f 757/4/1 725/4/1 756/4/1
f 757/2/1 727/2/1 726/2/1
f 758/1/1 728/1/1 727/1/1
f 758/2/1 727/2/1 757/2/1
f 759/2/1 729/2/1 728/2/1
f 759/1/1 728/1/1 758/1/1
f 760/1/1 730/1/1 729/1/1
f 760/2/1 729/2/1 759/2/1
f 761/3/1 731/3/1 730/3/1
f 761/1/1 730/1/1 760/1/1
f 762/1/1 732/1/1 731/1/1
f 762/3/1 731/3/1 761/3/1
f 763/1/1 732/1/1 762/1/1
f 764/2/1 734/2/1 733/2/1
f 765/1/1 735/1/1 734/1/1
f 765/2/1 734/2/1 764/2/1
f 766/2/1 736/2/1 735/2/1
f 766/1/1 735/1/1 765/1/1
f 767/1/1 737/1/1 736/1/1
f 767/2/1 736/2/1 766/2/1
f 768/2/1 738/2/1 737/2/1
f 768/1/1 737/1/1 767/1/1
f 769/1/1 739/1/1 738/1/1
f 769/2/1 738/2/1 768/2/1
f 769/1/1 741/1/1 740/1/1
f 769/1/1 740/1/1 739/1/1
f 770/1/1 741/1/1 769/1/1
f 771/2/1 743/2/1 742/2/1
f 772/1/1 744/1/1 743/1/1
f 772/2/1 743/2/1 771/2/1
f 773/4/1 745/4/1 744/4/1
f 773/1/1 744/1/1 772/1/1
f 774/2/1 746/2/1 745/2/1
f 774/4/1 745/4/1 773/4/1
f 775/1/1 712/1/1 746/1/1
f 775/2/1 746/2/1 774/2/1
f 776/4/1 747/4/1 712/4/1
f 776/1/1 712/1/1 775/1/1
f 777/2/1 748/2/1 747/2/1
f 777/4/1 747/4/1 776/4/1
f 778/1/1 749/1/1 748/1/1
f 778/2/1 748/2/1 777/2/1
f 779/2/1 750/2/1 749/2/1
f 779/1/1 749/1/1 778/1/1
f 780/2/1 750/2/1 779/2/1
f 781/2/1 752/2/1 751/2/1
f 782/1/1 753/1/1 752/1/1
f 782/2/1 752/2/1 781/2/1
f 783/1/1 753/1/1 782/1/1
f 815/4/1 785/4/1 784/4/1
f 816/3/1 786/3/1 785/3/1
f 816/4/1 785/4/1 815/4/1
f 817/4/1 787/4/1 786/4/1
f 817/3/1 786/3/1 816/3/1
f 818/2/1 789/2/1 788/2/1
f 819/4/1 790/4/1 789/4/1
f 819/2/1 789/2/1 818/2/1
f 820/2/1 791/2/1 790/2/1
f 820/3/1 792/3/1 791/3/1
f 821/2/1 793/2/1 792/2/1
f 821/3/1 792/3/1 820/3/1
f 822/4/1 794/4/1 793/4/1
f 822/2/1 793/2/1 821/2/1
f 823/3/1 795/3/1 794/3/1
f 823/4/1 794/4/1 822/4/1
f 824/3/1 795/3/1 823/3/1
f 825/4/1 797/4/1 796/4/1
f 826/2/1 798/2/1 797/2/1
f 826/4/1 797/4/1 825/4/1
f 827/1/1 799/1/1 798/1/1
f 827/2/1 798/2/1 826/2/1
f 828/3/1 800/3/1 799/3/1
f 828/1/1 799/1/1 827/1/1
f 829/4/1 801/4/1 800/4/1
f 829/3/1 800/3/1 828/3/1
f 830/2/1 802/2/1 801/2/1
f 830/4/1 801/4/1 829/4/1
f 831/1/1 803/1/1 802/1/1
f 831/2/1 802/2/1 830/2/1
f 832/4/1 804/4/1 803/4/1
f 832/1/1 803/1/1 831/1/1
f 833/4/1 804/4/1 832/4/1
f 834/3/1 805/3/1 804/3/1
f 834/4/1 804/4/1 833/4/1
f 835/3/1 805/3/1 834/3/1
f 836/4/1 807/4/1 806/4/1
f 837/3/1 808/3/1 807/3/1
f 837/4/1 807/4/1 836/4/1
f 838/4/1 809/4/1 808/4/1
f 838/3/1 808/3/1 837/3/1
f 839/4/1 809/4/1 838/4/1
f 840/2/1 810/2/1 809/2/1
f 840/4/1 809/4/1 839/4/1
f 841/4/1 811/4/1 810/4/1
f 841/2/1 810/2/1 840/2/1
f 842/3/1 812/3/1 811/3/1
f 842/4/1 811/4/1 841/4/1
f 843/3/1 812/3/1 842/3/1
f 844/1/1 813/1/1 812/1/1
f 844/3/1 812/3/1 843/3/1
f 845/3/1 814/3/1 813/3/1
f 845/1/1 813/1/1 844/1/1
f 846/3/1 814/3/1 845/3/1
f 847/1/1 819/1/1 818/1/1
f 848/4/1 790/4/1 819/4/1
f 848/1/1 819/1/1 847/1/1
f 849/2/1 820/2/1 790/2/1
f 849/4/1 790/4/1 848/4/1
f 850/4/1 821/4/1 820/4/1
f 850/2/1 820/2/1 849/2/1
f 851/1/1 822/1/1 821/1/1
f 851/4/1 821/4/1 850/4/1
f 852/4/1 823/4/1 822/4/1
f 852/1/1 822/1/1 851/1/1
f 853/1/1 824/1/1 823/1/1
f 853/4/1 823/4/1 852/4/1
f 854/2/1 830/2/1 829/2/1
f 854/2/1 831/2/1 830/2/1
f 855/4/1 833/4/1 832/4/1
f 855/2/1 831/2/1 854/2/1
f 855/4/1 832/4/1 831/4/1
f 856/4/1 833/4/1 855/4/1
f 857/2/1 834/2/1 833/2/1
f 857/4/1 833/4/1 856/4/1
f 858/4/1 839/4/1 838/4/1
f 859/2/1 840/2/1 839/2/1
f 859/4/1 839/4/1 858/4/1
f 859/2/1 841/2/1 840/2/1
f 859/2/1 842/2/1 841/2/1
f 860/3/1 844/3/1 843/3/1
f 860/1/1 843/1/1 842/1/1
f 861/4/1 846/4/1 845/4/1
f 861/3/1 844/3/1 860/3/1
f 861/4/1 845/4/1 844/4/1
f 862/4/1 846/4/1 861/4/1
f 863/4/1 846/4/1 862/4/1
f 864/4/1 848/4/1 847/4/1
f 865/3/1 849/3/1 848/3/1
f 865/4/1 848/4/1 864/4/1
f 866/1/1 850/1/1 849/1/1
f 866/3/1 849/3/1 865/3/1
f 867/4/1 851/4/1 850/4/1
f 867/1/1 850/1/1 866/1/1
f 868/2/1 852/2/1 851/2/1
f 868/4/1 851/4/1 867/4/1
f 868/2/1 853/2/1 852/2/1
f 869/1/1 824/1/1 853/1/1
f 869/2/1 853/2/1 868/2/1
f 870/1/1 824/1/1 869/1/1
f 871/2/1 826/2/1 825/2/1
f 871/2/1 827/2/1 826/2/1
f 871/2/1 828/2/1 827/2/1
f 872/1/1 829/1/1 828/1/1
f 872/2/1 828/2/1 871/2/1
f 873/2/1 854/2/1 829/2/1
f 873/1/1 829/1/1 872/1/1
f 874/1/1 855/1/1 854/1/1
f 874/2/1 854/2/1 873/2/1
f 875/4/1 856/4/1 855/4/1
f 875/1/1 855/1/1 874/1/1
f 876/2/1 857/2/1 856/2/1
f 876/4/1 856/4/1 875/4/1
f 877/2/1 834/2/1 857/2/1
f 877/2/1 857/2/1 876/2/1
f 878/1/1 835/1/1 834/1/1
f 878/2/1 834/2/1 877/2/1
f 879/1/1 835/1/1 878/1/1
f 880/2/1 837/2/1 836/2/1
f 881/1/1 838/1/1 837/1/1
f 881/2/1 837/2/1 880/2/1
f 882/4/1 858/4/1 838/4/1
f 882/1/1 838/1/1 881/1/1
f 883/2/1 859/2/1 858/2/1
f 883/4/1 858/4/1 882/4/1
f 884/2/1 842/2/1 859/2/1
f 884/2/1 859/2/1 883/2/1
f 885/2/1 842/2/1 884/2/1
f 886/1/1 860/1/1 842/1/1
f 886/2/1 842/2/1 885/2/1
f 887/4/1 862/4/1 861/4/1
f 887/1/1 860/1/1 886/1/1
f 887/4/1 861/4/1 860/4/1
f 888/4/1 862/4/1 887/4/1
f 889/1/1 863/1/1 862/1/1
f 889/4/1 862/4/1 888/4/1
f 890/2/1 816/2/1 815/2/1
f 891/1/1 817/1/1 816/1/1
f 891/2/1 816/2/1 890/2/1
f 892/4/1 787/4/1 817/4/1
f 892/1/1 817/1/1 891/1/1
f 893/4/1 787/4/1 892/4/1
f 894/2/1 865/2/1 864/2/1
f 895/4/1 866/4/1 865/4/1
f 895/2/1 865/2/1 894/2/1
f 896/1/1 867/1/1 866/1/1
f 896/4/1 866/4/1 895/4/1
f 897/2/1 869/2/1 868/2/1
f 897/1/1 867/1/1 896/1/1
f 897/2/1 868/2/1 867/2/1
f 898/4/1 870/4/1 869/4/1
f 898/2/1 869/2/1 897/2/1
f 899/4/1 870/4/1 898/4/1
f 900/2/1 871/2/1 825/2/1
f 901/1/1 872/1/1 871/1/1
f 901/2/1 871/2/1 900/2/1
f 902/3/1 873/3/1 872/3/1
f 902/1/1 872/1/1 901/1/1
f 903/1/1 874/1/1 873/1/1
f 903/3/1 873/3/1 902/3/1
f 904/3/1 875/3/1 874/3/1
f 904/1/1 874/1/1 903/1/1
f 905/1/1 876/1/1 875/1/1
f 905/3/1 875/3/1 904/3/1
f 906/4/1 877/4/1 876/4/1
f 906/1/1 876/1/1 905/1/1
f 907/2/1 878/2/1 877/2/1
f 907/4/1 877/4/1 906/4/1
f 908/3/1 879/3/1 878/3/1
f 908/2/1 878/2/1 907/2/1
f 909/3/1 879/3/1 908/3/1
f 910/3/1 883/3/1 882/3/1
f 910/3/1 881/3/1 880/3/1
f 910/3/1 882/3/1 881/3/1
f 911/4/1 884/4/1 883/4/1
f 911/3/1 883/3/1 910/3/1
f 912/2/1 885/2/1 884/2/1
f 912/4/1 884/4/1 911/4/1
f 913/1/1 886/1/1 885/1/1
f 913/2/1 885/2/1 912/2/1
f 914/4/1 888/4/1 887/4/1
f 914/1/1 886/1/1 913/1/1
f 914/4/1 887/4/1 886/4/1
f 915/2/1 889/2/1 888/2/1
f 915/4/1 888/4/1 914/4/1
f 916/1/1 863/1/1 889/1/1
f 916/2/1 889/2/1 915/2/1
f 917/1/1 863/1/1 916/1/1
f 930/1/1 919/1/1 918/1/1
f 931/1/1 919/1/1 930/1/1
f 932/1/1 921/1/1 920/1/1
f 933/1/1 921/1/1 932/1/1
f 934/3/1 923/3/1 922/3/1
f 935/1/1 925/1/1 924/1/1
f 936/3/1 927/3/1 926/3/1
f 937/3/1 927/3/1 936/3/1
f 938/3/1 929/3/1 928/3/1
f 939/3/1 933/3/1 932/3/1
f 940/3/1 934/3/1 922/3/1
f 941/3/1 934/3/1 940/3/1
f 942/1/1 925/1/1 935/1/1
f 943/1/1 925/1/1 942/1/1
f 944/4/1 937/4/1 936/4/1
f 945/3/1 929/3/1 938/3/1
f 946/3/1 929/3/1 945/3/1
f 947/4/1 931/4/1 930/4/1
f 948/4/1 931/4/1 947/4/1
f 949/3/1 933/3/1 939/3/1
f 950/3/1 933/3/1 949/3/1
f 951/4/1 943/4/1 942/4/1
f 952/4/1 943/4/1 951/4/1
f 953/4/1 944/4/1 936/4/1
f 954/2/1 948/2/1 947/2/1
f 955/2/1 948/2/1 954/2/1
f 957/1/1 950/1/1 949/1/1
f 958/1/1 950/1/1 957/1/1
f 967/2/1 941/2/1 940/2/1
f 968/2/1 941/2/1 967/2/1
f 978/2/1 952/2/1 951/2/1
f 979/2/1 952/2/1 978/2/1
f 980/4/1 953/4/1 936/4/1
f 981/4/1 953/4/1 980/4/1
f 990/1/1 946/1/1 945/1/1
f 991/1/1 946/1/1 990/1/1
f 992/2/1 956/2/1 955/2/1
f 993/1/1 957/1/1 956/1/1
f 993/2/1 956/2/1 992/2/1
f 994/1/1 957/1/1 993/1/1
f 995/2/1 960/2/1 959/2/1
f 996/1/1 961/1/1 960/1/1
f 996/2/1 960/2/1 995/2/1
f 996/1/1 962/1/1 961/1/1
f 997/4/1 963/4/1 962/4/1
f 997/1/1 962/1/1 996/1/1
f 998/2/1 964/2/1 963/2/1
f 998/4/1 963/4/1 997/4/1
f 999/1/1 965/1/1 964/1/1
f 999/2/1 964/2/1 998/2/1
f 1000/4/1 966/4/1 965/4/1
f 1000/1/1 965/1/1 999/1/1
f 1001/4/1 966/4/1 1000/4/1
f 1002/1/1 969/1/1 968/1/1
f 1003/4/1 970/4/1 969/4/1
f 1003/1/1 969/1/1 1002/1/1
f 1004/2/1 971/2/1 970/2/1
f 1004/4/1 970/4/1 1003/4/1
f 1005/4/1 972/4/1 971/4/1
f 1005/2/1 971/2/1 1004/2/1
f 1006/1/1 973/1/1 972/1/1
f 1006/4/1 972/4/1 1005/4/1
f 1007/2/1 974/2/1 973/2/1
f 1007/1/1 973/1/1 1006/1/1
f 1008/4/1 975/4/1 974/4/1
f 1008/2/1 974/2/1 1007/2/1
f 1009/1/1 977/1/1 976/1/1
f 1009/4/1 975/4/1 1008/4/1
f 1009/1/1 976/1/1 975/1/1
f 1010/2/1 978/2/1 977/2/1
f 1010/1/1 977/1/1 1009/1/1
f 1011/2/1 978/2/1 1010/2/1
f 1012/2/1 982/2/1 981/2/1
f 1013/1/1 983/1/1 982/1/1
f 1013/2/1 982/2/1 1012/2/1
f 1014/4/1 984/4/1 983/4/1
f 1014/1/1 983/1/1 1013/1/1
f 1015/2/1 985/2/1 984/2/1
f 1015/4/1 984/4/1 1014/4/1
f 1016/1/1 988/1/1 987/1/1
f 1016/2/1 985/2/1 1015/2/1
f 1016/1/1 987/1/1 986/1/1
f 1016/1/1 986/1/1 985/1/1
f 1017/4/1 989/4/1 988/4/1
f 1017/1/1 988/1/1 1016/1/1
f 1018/2/1 990/2/1 989/2/1
f 1018/4/1 989/4/1 1017/4/1
f 1019/2/1 990/2/1 1018/2/1
f 1048/4/1 1021/4/1 1020/4/1
f 1049/3/1 1022/3/1 1021/3/1
f 1049/4/1 1021/4/1 1048/4/1
f 1050/3/1 1022/3/1 1049/3/1
f 1051/3/1 1022/3/1 1050/3/1
f 1053/3/1 1024/3/1 1023/3/1
f 1054/3/1 1024/3/1 1053/3/1
f 1055/1/1 1025/1/1 1024/1/1
f 1055/3/1 1024/3/1 1054/3/1
f 1056/4/1 1026/4/1 1025/4/1
f 1056/1/1 1025/1/1 1055/1/1
f 1057/3/1 1027/3/1 1026/3/1
f 1057/4/1 1026/4/1 1056/4/1
f 1058/1/1 1028/1/1 1027/1/1
f 1058/3/1 1027/3/1 1057/3/1
f 1059/4/1 1029/4/1 1028/4/1
f 1059/1/1 1028/1/1 1058/1/1
f 1060/4/1 1029/4/1 1059/4/1
f 1061/3/1 1030/3/1 1029/3/1
f 1061/4/1 1029/4/1 1060/4/1
f 1062/3/1 1030/3/1 1061/3/1
f 1063/4/1 1031/4/1 1030/4/1
f 1063/3/1 1030/3/1 1062/3/1
f 1064/1/1 1032/1/1 1031/1/1
f 1064/4/1 1031/4/1 1063/4/1
f 1065/1/1 1032/1/1 1064/1/1
f 1068/3/1 1034/3/1 1033/3/1
f 1069/4/1 1035/4/1 1034/4/1
f 1069/3/1 1034/3/1 1068/3/1
f 1070/4/1 1035/4/1 1069/4/1
f 1071/1/1 1036/1/1 1035/1/1
f 1071/4/1 1035/4/1 1070/4/1
f 1072/3/1 1037/3/1 1036/3/1
f 1072/1/1 1036/1/1 1071/1/1
f 1073/3/1 1037/3/1 1072/3/1
f 1074/1/1 1038/1/1 1037/1/1
f 1074/3/1 1037/3/1 1073/3/1
f 1075/4/1 1039/4/1 1038/4/1
f 1075/1/1 1038/1/1 1074/1/1
f 1076/4/1 1039/4/1 1075/4/1
f 1077/3/1 1040/3/1 1039/3/1
f 1077/4/1 1039/4/1 1076/4/1
f 1078/1/1 1041/1/1 1040/1/1
f 1078/3/1 1040/3/1 1077/3/1
f 1079/4/1 1042/4/1 1041/4/1
f 1079/1/1 1041/1/1 1078/1/1
f 1080/3/1 1043/3/1 1042/3/1
f 1080/4/1 1042/4/1 1079/4/1
f 1081/1/1 1044/1/1 1043/1/1
f 1081/3/1 1043/3/1 1080/3/1
f 1082/1/1 1044/1/1 1081/1/1
f 1085/4/1 1046/4/1 1045/4/1
f 1086/4/1 1046/4/1 1085/4/1
f 1087/4/1 1046/4/1 1086/4/1
f 1088/4/1 1046/4/1 1087/4/1
f 1090/4/1 1048/4/1 1047/4/1
f 1091/3/1 1053/3/1 1052/3/1
f 1092/3/1 1053/3/1 1091/3/1
f 1093/2/1 1066/2/1 1065/2/1
f 1094/2/1 1066/2/1 1093/2/1
f 1095/4/1 1068/4/1 1067/4/1
f 1096/4/1 1083/4/1 1082/4/1
f 1097/4/1 1083/4/1 1096/4/1
f 1098/1/1 1085/1/1 1084/1/1
f 1099/4/1 1089/4/1 1088/4/1
f 1100/4/1 1089/4/1 1099/4/1
f 1101/1/1 1092/1/1 1091/1/1
f 1102/1/1 1094/1/1 1093/1/1
f 1103/1/1 1094/1/1 1102/1/1
f 1104/4/1 1095/4/1 1067/4/1
f 1105/2/1 1097/2/1 1096/2/1
f 1106/1/1 1098/1/1 1084/1/1
f 1107/1/1 1098/1/1 1106/1/1
f 1108/3/1 1100/3/1 1099/3/1
f 1109/3/1 1100/3/1 1108/3/1
f 1110/4/1 1090/4/1 1047/4/1
f 1111/4/1 1090/4/1 1110/4/1
f 1112/1/1 1101/1/1 1091/1/1
f 1113/1/1 1101/1/1 1112/1/1
f 1114/4/1 1103/4/1 1102/4/1
f 1115/4/1 1103/4/1 1114/4/1
f 1116/2/1 1097/2/1 1105/2/1
f 1117/2/1 1097/2/1 1116/2/1
f 1118/4/1 1107/4/1 1106/4/1
f 1119/4/1 1107/4/1 1118/4/1
f 1120/4/1 1109/4/1 1108/4/1
f 1121/4/1 1109/4/1 1120/4/1
f 1122/2/1 1111/2/1 1110/2/1
f 1123/2/1 1111/2/1 1122/2/1
f 1124/4/1 1113/4/1 1112/4/1
f 1125/2/1 1115/2/1 1114/2/1
f 1126/4/1 1104/4/1 1067/4/1
f 1127/4/1 1104/4/1 1126/4/1
f 1128/1/1 1117/1/1 1116/1/1
f 1129/2/1 1121/2/1 1120/2/1
f 1130/1/1 1123/1/1 1122/1/1
f 1131/1/1 1123/1/1 1130/1/1
f 1132/2/1 1115/2/1 1125/2/1
f 1133/2/1 1115/2/1 1132/2/1
f 1134/3/1 1127/3/1 1126/3/1
f 1135/1/1 1117/1/1 1128/1/1
f 1136/2/1 1119/2/1 1118/2/1
f 1137/2/1 1119/2/1 1136/2/1
f 1138/2/1 1121/2/1 1129/2/1
f 1139/2/1 1121/2/1 1138/2/1
f 1140/4/1 1131/4/1 1130/4/1
f 1141/4/1 1131/4/1 1140/4/1
f 1142/4/1 1124/4/1 1112/4/1
f 1143/4/1 1124/4/1 1142/4/1
f 1144/1/1 1133/1/1 1132/1/1
f 1145/1/1 1133/1/1 1144/1/1
f 1146/3/1 1134/3/1 1126/3/1
f 1147/3/1 1134/3/1 1146/3/1
f 1148/1/1 1117/1/1 1135/1/1
f 1149/1/1 1117/1/1 1148/1/1
f 1150/1/1 1137/1/1 1136/1/1
f 1151/1/1 1137/1/1 1150/1/1
f 1152/1/1 1139/1/1 1138/1/1
f 1153/1/1 1139/1/1 1152/1/1
f 1154/2/1 1143/2/1 1142/2/1
f 1155/2/1 1143/2/1 1154/2/1
f 1156/2/1 1147/2/1 1146/2/1
f 1157/4/1 1149/4/1 1148/4/1
f 1158/4/1 1149/4/1 1157/4/1
f 1159/4/1 1151/4/1 1150/4/1
f 1160/4/1 1151/4/1 1159/4/1
f 1161/4/1 1153/4/1 1152/4/1
f 1162/4/1 1153/4/1 1161/4/1
f 1163/2/1 1141/2/1 1140/2/1
f 1164/2/1 1141/2/1 1163/2/1
f 1167/1/1 1155/1/1 1154/1/1
f 1168/1/1 1155/1/1 1167/1/1
f 1177/2/1 1145/2/1 1144/2/1
f 1178/2/1 1145/2/1 1177/2/1
f 1179/2/1 1156/2/1 1146/2/1
f 1180/2/1 1156/2/1 1179/2/1
f 1192/2/1 1158/2/1 1157/2/1
f 1193/2/1 1158/2/1 1192/2/1
f 1194/2/1 1160/2/1 1159/2/1
f 1195/2/1 1160/2/1 1194/2/1
f 1199/2/1 1162/2/1 1161/2/1
f 1200/2/1 1162/2/1 1199/2/1
f 1201/1/1 1165/1/1 1164/1/1
f 1202/4/1 1166/4/1 1165/4/1
f 1202/1/1 1165/1/1 1201/1/1
f 1203/4/1 1166/4/1 1202/4/1
f 1204/4/1 1169/4/1 1168/4/1
f 1205/1/1 1170/1/1 1169/1/1
f 1205/4/1 1169/4/1 1204/4/1
f 1206/2/1 1171/2/1 1170/2/1
f 1206/1/1 1170/1/1 1205/1/1
f 1206/2/1 1172/2/1 1171/2/1
f 1207/1/1 1173/1/1 1172/1/1
f 1207/2/1 1172/2/1 1206/2/1
f 1208/2/1 1174/2/1 1173/2/1
f 1208/1/1 1173/1/1 1207/1/1
f 1208/2/1 1175/2/1 1174/2/1
f 1209/1/1 1176/1/1 1175/1/1
f 1209/2/1 1175/2/1 1208/2/1
f 1210/4/1 1177/4/1 1176/4/1
f 1210/1/1 1176/1/1 1209/1/1
f 1211/4/1 1177/4/1 1210/4/1
f 1212/1/1 1181/1/1 1180/1/1
f 1212/1/1 1182/1/1 1181/1/1
f 1213/2/1 1183/2/1 1182/2/1
f 1213/1/1 1182/1/1 1212/1/1
f 1214/4/1 1184/4/1 1183/4/1
f 1214/2/1 1183/2/1 1213/2/1
f 1214/4/1 1185/4/1 1184/4/1
f 1215/1/1 1186/1/1 1185/1/1
f 1215/4/1 1185/4/1 1214/4/1
f 1216/4/1 1187/4/1 1186/4/1
f 1216/1/1 1186/1/1 1215/1/1
f 1217/1/1 1188/1/1 1187/1/1
f 1217/4/1 1187/4/1 1216/4/1
f 1217/1/1 1189/1/1 1188/1/1
f 1217/1/1 1190/1/1 1189/1/1
f 1218/2/1 1191/2/1 1190/2/1
f 1218/1/1 1190/1/1 1217/1/1
f 1218/2/1 1192/2/1 1191/2/1
f 1219/2/1 1192/2/1 1218/2/1
f 1220/2/1 1196/2/1 1195/2/1
f 1221/1/1 1199/1/1 1198/1/1
f 1221/2/1 1196/2/1 1220/2/1
f 1221/1/1 1198/1/1 1197/1/1
f 1221/1/1 1197/1/1 1196/1/1
f 1222/1/1 1199/1/1 1221/1/1
f 1244/4/1 1224/4/1 1223/4/1
f 1245/4/1 1224/4/1 1244/4/1
f 1246/1/1 1225/1/1 1224/1/1
f 1246/4/1 1224/4/1 1245/4/1
f 1247/3/1 1226/3/1 1225/3/1
f 1247/1/1 1225/1/1 1246/1/1
f 1248/3/1 1226/3/1 1247/3/1
f 1249/3/1 1226/3/1 1248/3/1
f 1252/1/1 1228/1/1 1227/1/1
f 1253/3/1 1229/3/1 1228/3/1
f 1253/1/1 1228/1/1 1252/1/1
f 1254/3/1 1229/3/1 1253/3/1
f 1255/1/1 1230/1/1 1229/1/1
f 1255/3/1 1229/3/1 1254/3/1
f 1256/4/1 1231/4/1 1230/4/1
f 1256/1/1 1230/1/1 1255/1/1
f 1257/3/1 1232/3/1 1231/3/1
f 1257/4/1 1231/4/1 1256/4/1
f 1258/4/1 1233/4/1 1232/4/1
f 1258/3/1 1232/3/1 1257/3/1
f 1259/4/1 1233/4/1 1258/4/1
f 1260/3/1 1234/3/1 1233/3/1
f 1260/4/1 1233/4/1 1259/4/1
f 1261/3/1 1234/3/1 1260/3/1
f 1262/4/1 1235/4/1 1234/4/1
f 1262/3/1 1234/3/1 1261/3/1
f 1263/1/1 1236/1/1 1235/1/1
f 1263/4/1 1235/4/1 1262/4/1
f 1264/3/1 1237/3/1 1236/3/1
f 1264/1/1 1236/1/1 1263/1/1
f 1265/3/1 1237/3/1 1264/3/1
f 1266/3/1 1237/3/1 1265/3/1
f 1269/4/1 1239/4/1 1238/4/1
f 1270/3/1 1240/3/1 1239/3/1
f 1270/4/1 1239/4/1 1269/4/1
f 1271/4/1 1241/4/1 1240/4/1
f 1271/3/1 1240/3/1 1270/3/1
f 1272/4/1 1241/4/1 1271/4/1
f 1273/3/1 1242/3/1 1241/3/1
f 1273/4/1 1241/4/1 1272/4/1
f 1274/3/1 1242/3/1 1273/3/1
f 1276/1/1 1244/1/1 1243/1/1
f 1277/1/1 1244/1/1 1276/1/1
f 1278/4/1 1250/4/1 1249/4/1
f 1279/4/1 1252/4/1 1251/4/1
f 1280/3/1 1267/3/1 1266/3/1
f 1281/3/1 1267/3/1 1280/3/1
f 1282/1/1 1269/1/1 1268/1/1
f 1283/4/1 1275/4/1 1274/4/1
f 1284/4/1 1275/4/1 1283/4/1
f 1285/4/1 1277/4/1 1276/4/1
f 1286/4/1 1277/4/1 1285/4/1
f 1287/4/1 1250/4/1 1278/4/1
f 1288/4/1 1250/4/1 1287/4/1
f 1289/4/1 1279/4/1 1251/4/1
f 1290/4/1 1279/4/1 1289/4/1
f 1291/4/1 1281/4/1 1280/4/1
f 1292/4/1 1281/4/1 1291/4/1
f 1293/1/1 1282/1/1 1268/1/1
f 1294/1/1 1282/1/1 1293/1/1
f 1295/3/1 1284/3/1 1283/3/1
f 1296/3/1 1284/3/1 1295/3/1
f 1297/3/1 1288/3/1 1287/3/1
f 1298/3/1 1288/3/1 1297/3/1
f 1299/2/1 1290/2/1 1289/2/1
f 1300/4/1 1294/4/1 1293/4/1
f 1301/4/1 1294/4/1 1300/4/1
f 1302/4/1 1296/4/1 1295/4/1
f 1303/4/1 1296/4/1 1302/4/1
f 1304/2/1 1299/2/1 1289/2/1
f 1305/2/1 1299/2/1 1304/2/1
f 1306/2/1 1292/2/1 1291/2/1
f 1307/2/1 1292/2/1 1306/2/1
f 1308/1/1 1286/1/1 1285/1/1
f 1309/1/1 1286/1/1 1308/1/1
f 1310/4/1 1298/4/1 1297/4/1
f 1311/4/1 1298/4/1 1310/4/1
f 1312/3/1 1305/3/1 1304/3/1
f 1313/3/1 1305/3/1 1312/3/1
f 1314/1/1 1307/1/1 1306/1/1
f 1315/1/1 1307/1/1 1314/1/1
f 1316/2/1 1301/2/1 1300/2/1
f 1317/2/1 1301/2/1 1316/2/1
f 1318/2/1 1303/2/1 1302/2/1
f 1319/2/1 1303/2/1 1318/2/1
f 1320/3/1 1309/3/1 1308/3/1
f 1321/2/1 1311/2/1 1310/2/1
f 1322/4/1 1313/4/1 1312/4/1
f 1323/3/1 1315/3/1 1314/3/1
f 1324/1/1 1317/1/1 1316/1/1
f 1325/1/1 1317/1/1 1324/1/1
f 1326/1/1 1319/1/1 1318/1/1
f 1327/1/1 1319/1/1 1326/1/1
f 1328/3/1 1320/3/1 1308/3/1
f 1329/3/1 1320/3/1 1328/3/1
f 1330/1/1 1329/1/1 1328/1/1
f 1331/2/1 1311/2/1 1321/2/1
f 1332/2/1 1311/2/1 1331/2/1
f 1333/4/1 1322/4/1 1312/4/1
f 1334/3/1 1315/3/1 1323/3/1
f 1335/3/1 1315/3/1 1334/3/1
f 1336/4/1 1325/4/1 1324/4/1
f 1337/4/1 1325/4/1 1336/4/1
f 1338/4/1 1327/4/1 1326/4/1
f 1339/4/1 1327/4/1 1338/4/1
f 1340/1/1 1330/1/1 1328/1/1
f 1341/1/1 1330/1/1 1340/1/1
f 1347/1/1 1332/1/1 1331/1/1
f 1348/1/1 1332/1/1 1347/1/1
f 1349/4/1 1333/4/1 1312/4/1
f 1350/4/1 1333/4/1 1349/4/1
f 1363/1/1 1335/1/1 1334/1/1
f 1364/1/1 1335/1/1 1363/1/1
f 1365/2/1 1337/2/1 1336/2/1
f 1366/2/1 1337/2/1 1365/2/1
f 1372/2/1 1339/2/1 1338/2/1
f 1373/2/1 1339/2/1 1372/2/1
f 1374/1/1 1342/1/1 1341/1/1
f 1374/1/1 1343/1/1 1342/1/1
f 1374/1/1 1344/1/1 1343/1/1
f 1375/4/1 1346/4/1 1345/4/1
f 1375/1/1 1344/1/1 1374/1/1
f 1375/4/1 1345/4/1 1344/4/1
f 1375/4/1 1347/4/1 1346/4/1
f 1376/4/1 1347/4/1 1375/4/1
f 1377/2/1 1351/2/1 1350/2/1
f 1378/1/1 1352/1/1 1351/1/1
f 1378/2/1 1351/2/1 1377/2/1
f 1379/4/1 1353/4/1 1352/4/1
f 1379/1/1 1352/1/1 1378/1/1
f 1380/2/1 1354/2/1 1353/2/1
f 1380/4/1 1353/4/1 1379/4/1
f 1381/1/1 1355/1/1 1354/1/1
f 1381/2/1 1354/2/1 1380/2/1
f 1381/1/1 1356/1/1 1355/1/1
f 1381/1/1 1357/1/1 1356/1/1
f 1382/4/1 1358/4/1 1357/4/1
f 1382/1/1 1357/1/1 1381/1/1
f 1383/2/1 1359/2/1 1358/2/1
f 1383/4/1 1358/4/1 1382/4/1
f 1384/1/1 1360/1/1 1359/1/1
f 1384/2/1 1359/2/1 1383/2/1
f 1385/4/1 1361/4/1 1360/4/1
f 1385/1/1 1360/1/1 1384/1/1
f 1386/2/1 1362/2/1 1361/2/1
f 1386/4/1 1361/4/1 1385/4/1
f 1387/1/1 1363/1/1 1362/1/1
f 1387/2/1 1362/2/1 1386/2/1
f 1388/1/1 1363/1/1 1387/1/1
f 1389/2/1 1368/2/1 1367/2/1
f 1389/2/1 1367/2/1 1366/2/1
f 1390/1/1 1371/1/1 1370/1/1
f 1390/2/1 1368/2/1 1389/2/1
f 1390/1/1 1370/1/1 1369/1/1
f 1390/1/1 1369/1/1 1368/1/1
f 1391/4/1 1372/4/1 1371/4/1
f 1391/1/1 1371/1/1 1390/1/1
f 1392/4/1 1372/4/1 1391/4/1
f 1417/4/1 1394/4/1 1393/4/1
f 1418/3/1 1395/3/1 1394/3/1
f 1418/4/1 1394/4/1 1417/4/1
f 1419/4/1 1396/4/1 1395/4/1
f 1419/3/1 1395/3/1 1418/3/1
f 1420/4/1 1396/4/1 1419/4/1
f 1421/4/1 1396/4/1 1420/4/1
f 1422/3/1 1397/3/1 1396/3/1
f 1422/4/1 1396/4/1 1421/4/1
f 1423/3/1 1397/3/1 1422/3/1
f 1424/3/1 1397/3/1 1423/3/1
f 1426/4/1 1399/4/1 1398/4/1
f 1427/3/1 1400/3/1 1399/3/1
f 1427/4/1 1399/4/1 1426/4/1
f 1428/4/1 1401/4/1 1400/4/1
f 1428/3/1 1400/3/1 1427/3/1
f 1429/3/1 1402/3/1 1401/3/1
f 1429/4/1 1401/4/1 1428/4/1
f 1430/3/1 1402/3/1 1429/3/1
f 1431/3/1 1402/3/1 1430/3/1
f 1433/1/1 1404/1/1 1403/1/1
f 1434/3/1 1405/3/1 1404/3/1
f 1434/1/1 1404/1/1 1433/1/1
f 1435/1/1 1406/1/1 1405/1/1
f 1435/3/1 1405/3/1 1434/3/1
f 1436/3/1 1407/3/1 1406/3/1
f 1436/1/1 1406/1/1 1435/1/1
f 1437/4/1 1408/4/1 1407/4/1
f 1437/3/1 1407/3/1 1436/3/1
f 1438/3/1 1409/3/1 1408/3/1
f 1438/4/1 1408/4/1 1437/4/1
f 1439/3/1 1409/3/1 1438/3/1
f 1440/4/1 1410/4/1 1409/4/1
f 1440/3/1 1409/3/1 1439/3/1
f 1441/1/1 1411/1/1 1410/1/1
f 1441/4/1 1410/4/1 1440/4/1
f 1442/3/1 1412/3/1 1411/3/1
f 1442/1/1 1411/1/1 1441/1/1
f 1443/3/1 1412/3/1 1442/3/1
f 1446/4/1 1414/4/1 1413/4/1
f 1447/3/1 1415/3/1 1414/3/1
f 1447/4/1 1414/4/1 1446/4/1
f 1448/3/1 1415/3/1 1447/3/1
f 1450/4/1 1417/4/1 1416/4/1
f 1451/4/1 1417/4/1 1450/4/1
f 1452/4/1 1425/4/1 1424/4/1
f 1453/4/1 1425/4/1 1452/4/1
f 1454/4/1 1433/4/1 1432/4/1
f 1455/4/1 1433/4/1 1454/4/1
f 1456/3/1 1444/3/1 1443/3/1
f 1457/3/1 1444/3/1 1456/3/1
f 1458/1/1 1446/1/1 1445/1/1
f 1459/1/1 1446/1/1 1458/1/1
f 1460/4/1 1449/4/1 1448/4/1
f 1461/4/1 1449/4/1 1460/4/1
f 1462/1/1 1451/1/1 1450/1/1
f 1463/1/1 1451/1/1 1462/1/1
f 1464/3/1 1453/3/1 1452/3/1
f 1465/3/1 1453/3/1 1464/3/1
f 1466/2/1 1455/2/1 1454/2/1
f 1467/4/1 1459/4/1 1458/4/1
f 1468/4/1 1459/4/1 1467/4/1
f 1469/3/1 1461/3/1 1460/3/1
f 1470/3/1 1461/3/1 1469/3/1
f 1471/3/1 1463/3/1 1462/3/1
f 1472/3/1 1463/3/1 1471/3/1
f 1473/2/1 1466/2/1 1454/2/1
f 1474/2/1 1466/2/1 1473/2/1
f 1475/2/1 1457/2/1 1456/2/1
f 1476/2/1 1457/2/1 1475/2/1
f 1477/4/1 1470/4/1 1469/4/1
f 1478/4/1 1470/4/1 1477/4/1
f 1479/4/1 1472/4/1 1471/4/1
f 1480/4/1 1465/4/1 1464/4/1
f 1481/4/1 1465/4/1 1480/4/1
f 1482/3/1 1474/3/1 1473/3/1
f 1483/3/1 1474/3/1 1482/3/1
f 1484/1/1 1476/1/1 1475/1/1
f 1485/1/1 1476/1/1 1484/1/1
f 1486/2/1 1468/2/1 1467/2/1
f 1487/2/1 1468/2/1 1486/2/1
f 1488/2/1 1478/2/1 1477/2/1
f 1489/2/1 1478/2/1 1488/2/1
f 1490/4/1 1479/4/1 1471/4/1
f 1491/4/1 1479/4/1 1490/4/1
f 1492/2/1 1481/2/1 1480/2/1
f 1493/2/1 1481/2/1 1492/2/1
f 1494/4/1 1483/4/1 1482/4/1
f 1495/3/1 1485/3/1 1484/3/1
f 1496/3/1 1485/3/1 1495/3/1
f 1497/1/1 1487/1/1 1486/1/1
f 1498/1/1 1487/1/1 1497/1/1
f 1499/3/1 1489/3/1 1488/3/1
f 1500/3/1 1489/3/1 1499/3/1
f 1501/2/1 1491/2/1 1490/2/1
f 1502/2/1 1491/2/1 1501/2/1
f 1511/1/1 1493/1/1 1492/1/1
f 1512/1/1 1493/1/1 1511/1/1
f 1521/4/1 1494/4/1 1482/4/1
f 1522/4/1 1494/4/1 1521/4/1
f 1532/1/1 1496/1/1 1495/1/1
f 1533/1/1 1496/1/1 1532/1/1
f 1534/2/1 1498/2/1 1497/2/1
f 1535/2/1 1498/2/1 1534/2/1
f 1537/4/1 1500/4/1 1499/4/1
f 1538/4/1 1500/4/1 1537/4/1
f 1539/1/1 1503/1/1 1502/1/1
f 1539/1/1 1504/1/1 1503/1/1
f 1540/4/1 1505/4/1 1504/4/1
f 1540/1/1 1504/1/1 1539/1/1
f 1541/2/1 1506/2/1 1505/2/1
f 1541/4/1 1505/4/1 1540/4/1
f 1542/1/1 1507/1/1 1506/1/1
f 1542/2/1 1506/2/1 1541/2/1
f 1542/1/1 1508/1/1 1507/1/1
f 1543/4/1 1510/4/1 1509/4/1
f 1543/1/1 1508/1/1 1542/1/1
f 1543/4/1 1509/4/1 1508/4/1
f 1543/4/1 1511/4/1 1510/4/1
f 1544/4/1 1511/4/1 1543/4/1
f 1545/2/1 1514/2/1 1513/2/1
f 1545/2/1 1515/2/1 1514/2/1
f 1546/1/1 1516/1/1 1515/1/1
f 1546/2/1 1515/2/1 1545/2/1
f 1546/1/1 1517/1/1 1516/1/1
f 1547/2/1 1518/2/1 1517/2/1
f 1547/1/1 1517/1/1 1546/1/1
f 1548/1/1 1519/1/1 1518/1/1
f 1548/2/1 1518/2/1 1547/2/1
f 1549/4/1 1520/4/1 1519/4/1
f 1549/1/1 1519/1/1 1548/1/1
f 1550/4/1 1520/4/1 1549/4/1
f 1551/2/1 1523/2/1 1522/2/1
f 1552/1/1 1524/1/1 1523/1/1
f 1552/2/1 1523/2/1 1551/2/1
f 1553/4/1 1525/4/1 1524/4/1
f 1553/1/1 1524/1/1 1552/1/1
f 1554/2/1 1526/2/1 1525/2/1
f 1554/4/1 1525/4/1 1553/4/1
f 1555/1/1 1528/1/1 1527/1/1
f 1555/2/1 1526/2/1 1554/2/1
f 1555/1/1 1527/1/1 1526/1/1
f 1556/4/1 1529/4/1 1528/4/1
f 1556/1/1 1528/1/1 1555/1/1
f 1557/2/1 1530/2/1 1529/2/1
f 1557/4/1 1529/4/1 1556/4/1
f 1558/1/1 1531/1/1 1530/1/1
f 1558/2/1 1530/2/1 1557/2/1
f 1559/2/1 1532/2/1 1531/2/1
f 1559/1/1 1531/1/1 1558/1/1
f 1560/2/1 1532/2/1 1559/2/1
f 1561/2/1 1536/2/1 1535/2/1
f 1561/2/1 1537/2/1 1536/2/1
f 1562/2/1 1537/2/1 1561/2/1
f 1590/4/1 1564/4/1 1563/4/1
f 1591/1/1 1565/1/1 1564/1/1
f 1591/4/1 1564/4/1 1590/4/1
f 1592/3/1 1566/3/1 1565/3/1
f 1592/1/1 1565/1/1 1591/1/1
f 1593/3/1 1566/3/1 1592/3/1
f 1594/3/1 1566/3/1 1593/3/1
f 1596/4/1 1568/4/1 1567/4/1
f 1597/4/1 1568/4/1 1596/4/1
f 1598/4/1 1568/4/1 1597/4/1
f 1599/3/1 1569/3/1 1568/3/1
f 1599/4/1 1568/4/1 1598/4/1
f 1600/4/1 1570/4/1 1569/4/1
f 1600/3/1 1569/3/1 1599/3/1
f 1601/1/1 1571/1/1 1570/1/1
f 1601/4/1 1570/4/1 1600/4/1
f 1602/3/1 1572/3/1 1571/3/1
f 1602/1/1 1571/1/1 1601/1/1
f 1603/3/1 1572/3/1 1602/3/1
f 1605/4/1 1574/4/1 1573/4/1
f 1606/4/1 1574/4/1 1605/4/1
f 1607/3/1 1575/3/1 1574/3/1
f 1607/4/1 1574/4/1 1606/4/1
f 1608/3/1 1575/3/1 1607/3/1
f 1609/4/1 1576/4/1 1575/4/1
f 1609/3/1 1575/3/1 1608/3/1
f 1610/4/1 1576/4/1 1609/4/1
f 1611/3/1 1577/3/1 1576/3/1
f 1611/4/1 1576/4/1 1610/4/1
f 1612/1/1 1578/1/1 1577/1/1
f 1612/3/1 1577/3/1 1611/3/1
f 1613/4/1 1579/4/1 1578/4/1
f 1613/1/1 1578/1/1 1612/1/1
f 1614/3/1 1580/3/1 1579/3/1
f 1614/4/1 1579/4/1 1613/4/1
f 1615/3/1 1580/3/1 1614/3/1
f 1616/3/1 1580/3/1 1615/3/1
f 1619/1/1 1582/1/1 1581/1/1
f 1620/3/1 1583/3/1 1582/3/1
f 1620/1/1 1582/1/1 1619/1/1
f 1621/3/1 1583/3/1 1620/3/1
f 1622/1/1 1584/1/1 1583/1/1
f 1622/3/1 1583/3/1 1621/3/1
f 1623/4/1 1585/4/1 1584/4/1
f 1623/1/1 1584/1/1 1622/1/1
f 1624/3/1 1586/3/1 1585/3/1
f 1624/4/1 1585/4/1 1623/4/1
f 1625/4/1 1587/4/1 1586/4/1
f 1625/3/1 1586/3/1 1624/3/1
f 1626/4/1 1587/4/1 1625/4/1
f 1627/3/1 1588/3/1 1587/3/1
f 1627/4/1 1587/4/1 1626/4/1
f 1628/3/1 1588/3/1 1627/3/1
f 1629/3/1 1588/3/1 1628/3/1
f 1631/4/1 1590/4/1 1589/4/1
f 1632/3/1 1595/3/1 1594/3/1
f 1633/3/1 1595/3/1 1632/3/1
f 1634/4/1 1605/4/1 1604/4/1
f 1635/4/1 1617/4/1 1616/4/1
f 1636/4/1 1617/4/1 1635/4/1
f 1637/4/1 1619/4/1 1618/4/1
f 1638/4/1 1630/4/1 1629/4/1
f 1639/4/1 1630/4/1 1638/4/1
f 1640/4/1 1631/4/1 1589/4/1
f 1641/4/1 1631/4/1 1640/4/1
f 1642/4/1 1633/4/1 1632/4/1
f 1643/4/1 1633/4/1 1642/4/1
f 1644/2/1 1636/2/1 1635/2/1
f 1645/2/1 1636/2/1 1644/2/1
f 1646/4/1 1637/4/1 1618/4/1
f 1647/4/1 1637/4/1 1646/4/1
f 1648/3/1 1639/3/1 1638/3/1
f 1649/3/1 1639/3/1 1648/3/1
f 1650/4/1 1634/4/1 1604/4/1
f 1651/4/1 1634/4/1 1650/4/1
f 1652/1/1 1645/1/1 1644/1/1
f 1653/1/1 1645/1/1 1652/1/1
f 1654/2/1 1647/2/1 1646/2/1
f 1655/2/1 1647/2/1 1654/2/1
f 1656/1/1 1649/1/1 1648/1/1
f 1657/1/1 1649/1/1 1656/1/1
f 1658/2/1 1641/2/1 1640/2/1
f 1659/2/1 1641/2/1 1658/2/1
f 1660/2/1 1643/2/1 1642/2/1
f 1661/2/1 1643/2/1 1660/2/1
f 1662/3/1 1657/3/1 1656/3/1
f 1663/3/1 1657/3/1 1662/3/1
f 1670/3/1 1665/3/1 1664/3/1
f 1671/3/1 1669/3/1 1668/3/1
f 1673/3/1 1665/3/1 1670/3/1
f 1674/3/1 1667/3/1 1666/3/1
f 1675/3/1 1667/3/1 1674/3/1
f 1678/3/1 1669/3/1 1671/3/1
f 1679/3/1 1669/3/1 1678/3/1
f 1683/3/1 1673/3/1 1672/3/1
f 1684/3/1 1665/3/1 1673/3/1
f 1684/3/1 1673/3/1 1683/3/1
f 1690/3/1 1676/3/1 1675/3/1
f 1690/3/1 1675/3/1 1674/3/1
f 1691/3/1 1676/3/1 1690/3/1
f 1700/3/1 1678/3/1 1677/3/1
f 1700/3/1 1679/3/1 1678/3/1
f 1700/3/1 1680/3/1 1679/3/1
f 1701/3/1 1680/3/1 1700/3/1
f 1709/3/1 1689/3/1 1688/3/1
f 1709/3/1 1708/3/1 1707/3/1
f 1709/3/1 1707/3/1 1706/3/1
f 1709/3/1 1706/3/1 1705/3/1
f 1709/3/1 1705/3/1 1704/3/1
f 1709/3/1 1704/3/1 1703/3/1
f 1709/3/1 1703/3/1 1702/3/1
f 1709/3/1 1702/3/1 1701/3/1
f 1709/3/1 1701/3/1 1700/3/1
f 1709/3/1 1700/3/1 1699/3/1
f 1709/3/1 1682/3/1 1681/3/1
f 1709/3/1 1696/3/1 1695/3/1
f 1709/3/1 1695/3/1 1694/3/1
f 1709/3/1 1694/3/1 1693/3/1
f 1709/3/1 1693/3/1 1692/3/1
f 1709/3/1 1692/3/1 1691/3/1
f 1709/3/1 1691/3/1 1690/3/1
f 1709/3/1 1690/3/1 1689/3/1
f 1709/3/1 1683/3/1 1682/3/1
f 1709/3/1 1687/3/1 1686/3/1
f 1709/3/1 1686/3/1 1685/3/1
f 1709/3/1 1685/3/1 1684/3/1
f 1709/3/1 1684/3/1 1683/3/1
f 1709/3/1 1688/3/1 1687/3/1
f 1709/3/1 1697/3/1 1696/3/1
f 1709/3/1 1698/3/1 1697/3/1
f 1709/3/1 1699/3/1 1698/3/1
f 1710/3/1 1708/3/1 1709/3/1
f 1711/3/1 1708/3/1 1710/3/1
f 1712/3/1 1708/3/1 1711/3/1
f 1713/3/1 1708/3/1 1712/3/1
f 1714/3/1 1708/3/1 1713/3/1
f 1715/3/1 1708/3/1 1714/3/1
f 1716/3/1 1708/3/1 1715/3/1
f 1717/3/1 1708/3/1 1716/3/1
f 1718/3/1 1708/3/1 1717/3/1
f 1719/3/1 1708/3/1 1718/3/1
f 1720/3/1 1708/3/1 1719/3/1
f 1721/3/1 1708/3/1 1720/3/1
f 1722/3/1 1708/3/1 1721/3/1
f 1723/3/1 1708/3/1 1722/3/1
f 1724/3/1 1708/3/1 1723/3/1
f 1725/3/1 1708/3/1 1724/3/1
f 1726/3/1 1708/3/1 1725/3/1
f 1727/3/1 1708/3/1 1726/3/1
f 1728/3/1 1708/3/1 1727/3/1
f 1729/3/1 1708/3/1 1728/3/1
f 1730/3/1 1708/3/1 1729/3/1
f 1731/3/1 1708/3/1 1730/3/1
f 1732/3/1 1708/3/1 1731/3/1
f 1733/3/1 1708/3/1 1732/3/1
f 1734/3/1 1708/3/1 1733/3/1
f 1735/3/1 1711/3/1 1710/3/1
f 1736/3/1 1711/3/1 1735/3/1
f 1737/3/1 1711/3/1 1736/3/1
f 1738/3/1 1721/3/1 1720/3/1
f 1739/3/1 1721/3/1 1738/3/1
f 1740/3/1 1721/3/1 1739/3/1
f 1741/3/1 1721/3/1 1740/3/1
f 1742/3/1 1733/3/1 1732/3/1
f 1743/3/1 1733/3/1 1742/3/1
f 1744/3/1 1733/3/1 1743/3/1
f 1745/3/1 1733/3/1 1744/3/1
f 1746/3/1 1736/3/1 1735/3/1
f 1747/3/1 1740/3/1 1739/3/1
f 1748/3/1 1744/3/1 1743/3/1
f 1749/3/1 1740/3/1 1747/3/1
f 1750/3/1 1744/3/1 1748/3/1
f 1751/3/1 1746/3/1 1735/3/1
f 1752/3/1 1740/3/1 1749/3/1
f 1753/3/1 1750/3/1 1748/3/1
f 1754/3/1 1750/3/1 1753/3/1
f 1755/3/1 1740/3/1 1752/3/1
f 1756/3/1 1755/3/1 1752/3/1
f 1757/3/1 1754/3/1 1753/3/1
f 1758/3/1 1751/3/1 1735/3/1
f 1759/3/1 1755/3/1 1756/3/1
f 1760/3/1 1755/3/1 1759/3/1
f 1761/3/1 1757/3/1 1753/3/1
f 1762/3/1 1757/3/1 1761/3/1
f 1763/3/1 1758/3/1 1735/3/1
f 1764/3/1 1762/3/1 1761/3/1
f 1765/3/1 1762/3/1 1764/3/1
f 1766/3/1 1763/3/1 1735/3/1
f 1767/3/1 1763/3/1 1766/3/1
f 1770/3/1 1760/3/1 1759/3/1
f 1771/3/1 1760/3/1 1770/3/1
f 1774/3/1 1765/3/1 1764/3/1
f 1775/3/1 1765/3/1 1774/3/1
f 1778/3/1 1768/3/1 1767/3/1
f 1778/3/1 1767/3/1 1766/3/1
f 1779/3/1 1768/3/1 1778/3/1
f 1786/3/1 1771/3/1 1770/3/1
f 1786/3/1 1770/3/1 1769/3/1
f 1786/3/1 1772/3/1 1771/3/1
f 1787/3/1 1772/3/1 1786/3/1
f 1794/3/1 1775/3/1 1774/3/1
f 1794/3/1 1774/3/1 1773/3/1
f 1794/3/1 1776/3/1 1775/3/1
f 1795/3/1 1776/3/1 1794/3/1
f 1798/3/1 1795/3/1 1794/3/1
f 1798/3/1 1797/3/1 1796/3/1
f 1798/3/1 1796/3/1 1795/3/1
f 1798/3/1 1794/3/1 1793/3/1
f 1798/3/1 1793/3/1 1792/3/1
f 1798/3/1 1790/3/1 1789/3/1
f 1798/3/1 1789/3/1 1788/3/1
f 1798/3/1 1788/3/1 1787/3/1
f 1798/3/1 1787/3/1 1786/3/1
f 1798/3/1 1786/3/1 1785/3/1
f 1798/3/1 1792/3/1 1791/3/1
f 1798/3/1 1782/3/1 1781/3/1
f 1798/3/1 1781/3/1 1780/3/1
f 1798/3/1 1780/3/1 1779/3/1
f 1798/3/1 1779/3/1 1778/3/1
f 1798/3/1 1778/3/1 1777/3/1
f 1798/3/1 1785/3/1 1784/3/1
f 1798/3/1 1791/3/1 1790/3/1
f 1798/3/1 1784/3/1 1783/3/1
f 1798/3/1 1783/3/1 1782/3/1
f 1799/3/1 1797/3/1 1798/3/1
f 1800/3/1 1797/3/1 1799/3/1
f 1801/3/1 1797/3/1 1800/3/1
f 1802/3/1 1797/3/1 1801/3/1
f 1803/3/1 1797/3/1 1802/3/1
f 1804/3/1 1797/3/1 1803/3/1
f 1805/3/1 1797/3/1 1804/3/1
f 1806/3/1 1797/3/1 1805/3/1
f 1807/3/1 1797/3/1 1806/3/1
f 1808/3/1 1797/3/1 1807/3/1
f 1809/3/1 1797/3/1 1808/3/1
f 1810/3/1 1797/3/1 1809/3/1
f 1811/3/1 1797/3/1 1810/3/1
f 1812/3/1 1797/3/1 1811/3/1
f 1813/3/1 1797/3/1 1812/3/1
f 1814/3/1 1797/3/1 1813/3/1
f 1815/3/1 1797/3/1 1814/3/1
f 1816/3/1 1797/3/1 1815/3/1
f 1817/3/1 1797/3/1 1816/3/1
f 1818/3/1 1802/3/1 1801/3/1
f 1819/3/1 1802/3/1 1818/3/1
f 1820/3/1 1802/3/1 1819/3/1
f 1821/3/1 1802/3/1 1820/3/1
f 1822/3/1 1813/3/1 1812/3/1
f 1823/3/1 1813/3/1 1822/3/1
f 1824/3/1 1813/3/1 1823/3/1
f 1825/3/1 1813/3/1 1824/3/1
f 1826/3/1 1824/3/1 1823/3/1
f 1827/3/1 1820/3/1 1819/3/1
f 1828/3/1 1820/3/1 1827/3/1
f 1829/3/1 1824/3/1 1826/3/1
f 1830/3/1 1824/3/1 1829/3/1
f 1831/3/1 1828/3/1 1827/3/1
f 1832/3/1 1830/3/1 1829/3/1
f 1833/3/1 1828/3/1 1831/3/1
f 1834/3/1 1832/3/1 1829/3/1
f 1835/3/1 1833/3/1 1831/3/1
f 1836/3/1 1833/3/1 1835/3/1
f 1837/3/1 1832/3/1 1834/3/1
f 1838/3/1 1832/3/1 1837/3/1
f 1839/3/1 1838/3/1 1837/3/1
f 1840/3/1 1836/3/1 1835/3/1
f 1841/3/1 1839/3/1 1837/3/1
f 1842/3/1 1839/3/1 1841/3/1
f 1844/3/1 1836/3/1 1840/3/1
f 1845/3/1 1836/3/1 1844/3/1
f 1848/3/1 1842/3/1 1841/3/1
f 1849/3/1 1842/3/1 1848/3/1
f 1853/3/1 1845/3/1 1844/3/1
f 1853/3/1 1844/3/1 1843/3/1
f 1853/3/1 1846/3/1 1845/3/1
f 1854/3/1 1846/3/1 1853/3/1
f 1865/3/1 1849/3/1 1848/3/1
f 1865/3/1 1848/3/1 1847/3/1
f 1865/3/1 1850/3/1 1849/3/1
f 1866/3/1 1850/3/1 1865/3/1
f 1870/3/1 1866/3/1 1865/3/1
f 1870/3/1 1869/3/1 1868/3/1
f 1870/3/1 1868/3/1 1867/3/1
f 1870/3/1 1867/3/1 1866/3/1
f 1870/3/1 1865/3/1 1864/3/1
f 1870/3/1 1864/3/1 1863/3/1
f 1870/3/1 1861/3/1 1860/3/1
f 1870/3/1 1860/3/1 1859/3/1
f 1870/3/1 1859/3/1 1858/3/1
f 1870/3/1 1858/3/1 1857/3/1
f 1870/3/1 1857/3/1 1856/3/1
f 1870/3/1 1856/3/1 1855/3/1
f 1870/3/1 1855/3/1 1854/3/1
f 1870/3/1 1854/3/1 1853/3/1
f 1870/3/1 1853/3/1 1852/3/1
f 1870/3/1 1863/3/1 1862/3/1
f 1870/3/1 1852/3/1 1851/3/1
f 1870/3/1 1862/3/1 1861/3/1
f 1871/3/1 1869/3/1 1870/3/1
f 1872/3/1 1869/3/1 1871/3/1
f 1873/3/1 1869/3/1 1872/3/1
f 1874/3/1 1869/3/1 1873/3/1
f 1875/3/1 1869/3/1 1874/3/1
f 1876/3/1 1869/3/1 1875/3/1
f 1877/3/1 1869/3/1 1876/3/1
f 1878/3/1 1869/3/1 1877/3/1
f 1879/3/1 1869/3/1 1878/3/1
f 1880/3/1 1869/3/1 1879/3/1
f 1881/3/1 1869/3/1 1880/3/1
f 1882/3/1 1869/3/1 1881/3/1
f 1883/3/1 1869/3/1 1882/3/1
f 1884/3/1 1869/3/1 1883/3/1
f 1885/3/1 1869/3/1 1884/3/1
f 1886/3/1 1869/3/1 1885/3/1
f 1887/3/1 1869/3/1 1886/3/1
f 1888/3/1 1869/3/1 1887/3/1
f 1889/3/1 1869/3/1 1888/3/1
f 1890/3/1 1869/3/1 1889/3/1
f 1891/3/1 1869/3/1 1890/3/1
f 1892/3/1 1875/3/1 1874/3/1
f 1893/3/1 1875/3/1 1892/3/1
f 1894/3/1 1875/3/1 1893/3/1
f 1895/3/1 1880/3/1 1879/3/1
f 1896/3/1 1880/3/1 1895/3/1
f 1897/3/1 1880/3/1 1896/3/1
f 1898/3/1 1890/3/1 1889/3/1
f 1899/3/1 1890/3/1 1898/3/1
f 1900/3/1 1890/3/1 1899/3/1
f 1901/3/1 1890/3/1 1900/3/1
f 1902/3/1 1894/3/1 1893/3/1
f 1903/3/1 1896/3/1 1895/3/1
f 1904/3/1 1900/3/1 1899/3/1
f 1905/3/1 1900/3/1 1904/3/1
f 1906/3/1 1894/3/1 1902/3/1
f 1907/3/1 1905/3/1 1904/3/1
f 1908/3/1 1903/3/1 1895/3/1
f 1909/3/1 1907/3/1 1904/3/1
f 1910/3/1 1894/3/1 1906/3/1
f 1911/3/1 1908/3/1 1895/3/1
f 1912/3/1 1907/3/1 1909/3/1
f 1913/3/1 1907/3/1 1912/3/1
f 1914/3/1 1894/3/1 1910/3/1
f 1915/3/1 1913/3/1 1912/3/1
f 1916/3/1 1913/3/1 1915/3/1
f 1918/3/1 1894/3/1 1914/3/1
f 1919/3/1 1911/3/1 1895/3/1
f 1920/3/1 1911/3/1 1919/3/1
f 1923/3/1 1916/3/1 1915/3/1
f 1924/3/1 1916/3/1 1923/3/1
f 1931/3/1 1918/3/1 1917/3/1
f 1932/3/1 1894/3/1 1918/3/1
f 1932/3/1 1918/3/1 1931/3/1
f 1937/3/1 1920/3/1 1919/3/1
f 1937/3/1 1921/3/1 1920/3/1
f 1938/3/1 1921/3/1 1937/3/1
f 1947/3/1 1924/3/1 1923/3/1
f 1947/3/1 1923/3/1 1922/3/1
f 1947/3/1 1925/3/1 1924/3/1
f 1948/3/1 1925/3/1 1947/3/1
f 1950/3/1 1948/3/1 1947/3/1
f 1950/3/1 1949/3/1 1948/3/1
f 1950/3/1 1947/3/1 1946/3/1
f 1950/3/1 1946/3/1 1945/3/1
f 1950/3/1 1943/3/1 1942/3/1
f 1950/3/1 1942/3/1 1941/3/1
f 1950/3/1 1941/3/1 1940/3/1
f 1950/3/1 1940/3/1 1939/3/1
f 1950/3/1 1939/3/1 1938/3/1
f 1950/3/1 1938/3/1 1937/3/1
f 1950/3/1 1937/3/1 1936/3/1
f 1950/3/1 1945/3/1 1944/3/1
f 1950/3/1 1934/3/1 1933/3/1
f 1950/3/1 1933/3/1 1932/3/1
f 1950/3/1 1932/3/1 1931/3/1
f 1950/3/1 1930/3/1 1929/3/1
f 1950/3/1 1929/3/1 1928/3/1
f 1950/3/1 1928/3/1 1927/3/1
f 1950/3/1 1927/3/1 1926/3/1
f 1950/3/1 1944/3/1 1943/3/1
f 1950/3/1 1936/3/1 1935/3/1
f 1950/3/1 1931/3/1 1930/3/1
f 1950/3/1 1935/3/1 1934/3/1
f 1951/3/1 1949/3/1 1950/3/1
f 1952/3/1 1949/3/1 1951/3/1
f 1953/3/1 1949/3/1 1952/3/1
f 1954/3/1 1949/3/1 1953/3/1
f 1955/3/1 1949/3/1 1954/3/1
f 1956/3/1 1949/3/1 1955/3/1
f 1957/3/1 1949/3/1 1956/3/1
f 1958/3/1 1949/3/1 1957/3/1
f 1959/3/1 1949/3/1 1958/3/1
f 1960/3/1 1949/3/1 1959/3/1
f 1961/3/1 1949/3/1 1960/3/1
f 1962/3/1 1949/3/1 1961/3/1
f 1963/3/1 1949/3/1 1962/3/1
f 1964/3/1 1949/3/1 1963/3/1
f 1965/3/1 1949/3/1 1964/3/1
f 1966/3/1 1949/3/1 1965/3/1
f 1967/3/1 1949/3/1 1966/3/1
f 1968/3/1 1949/3/1 1967/3/1
f 1969/3/1 1949/3/1 1968/3/1
f 1970/3/1 1949/3/1 1969/3/1
f 1971/3/1 1949/3/1 1970/3/1
f 1972/3/1 1949/3/1 1971/3/1
f 1973/3/1 1949/3/1 1972/3/1
f 1974/3/1 1949/3/1 1973/3/1
f 1975/3/1 1953/3/1 1952/3/1
f 1976/3/1 1953/3/1 1975/3/1
f 1977/3/1 1953/3/1 1976/3/1
f 1978/3/1 1959/3/1 1958/3/1
f 1979/3/1 1959/3/1 1978/3/1
f 1980/3/1 1959/3/1 1979/3/1
f 1981/3/1 1967/3/1 1966/3/1
f 1982/3/1 1967/3/1 1981/3/1
f 1983/3/1 1967/3/1 1982/3/1
f 1984/3/1 1967/3/1 1983/3/1
f 1985/3/1 1977/3/1 1976/3/1
f 1986/3/1 1983/3/1 1982/3/1
f 1987/3/1 1977/3/1 1985/3/1
f 1988/3/1 1977/3/1 1987/3/1
f 1989/3/1 1979/3/1 1978/3/1
f 1990/3/1 1979/3/1 1989/3/1
f 1991/3/1 1983/3/1 1986/3/1
f 1992/3/1 1983/3/1 1991/3/1
f 1997/3/1 1994/3/1 1993/3/1
f 1998/3/1 1994/3/1 1997/3/1
f 1999/3/1 1996/3/1 1995/3/1
f 2000/3/1 1996/3/1 1999/3/1
f 2001/1/1 1998/1/1 1997/1/1
f 2002/1/1 1998/1/1 2001/1/1
f 2003/1/1 2000/1/1 1999/1/1
f 2004/1/1 2000/1/1 2003/1/1
f 2005/4/1 2002/4/1 2001/4/1
f 2006/4/1 2002/4/1 2005/4/1
f 2007/4/1 2004/4/1 2003/4/1
f 2008/4/1 2004/4/1 2007/4/1
f 2009/2/1 2006/2/1 2005/2/1
f 2010/2/1 2006/2/1 2009/2/1
f 2011/2/1 2008/2/1 2007/2/1
f 2012/2/1 2008/2/1 2011/2/1
f 2013/1/1 2010/1/1 2009/1/1
f 2014/1/1 2010/1/1 2013/1/1
f 2015/1/1 2012/1/1 2011/1/1
f 2016/1/1 2012/1/1 2015/1/1
f 2022/3/1 2018/3/1 2017/3/1
f 2023/3/1 2018/3/1 2022/3/1
f 2024/3/1 2020/3/1 2019/3/1
f 2025/3/1 2020/3/1 2024/3/1
f 2027/4/1 2022/4/1 2021/4/1
f 2028/4/1 2022/4/1 2027/4/1
f 2029/4/1 2026/4/1 2025/4/1
f 2030/4/1 2026/4/1 2029/4/1
f 2031/2/1 2028/2/1 2027/2/1
f 2032/2/1 2028/2/1 2031/2/1
f 2033/2/1 2030/2/1 2029/2/1
f 2034/2/1 2030/2/1 2033/2/1
f 2035/3/1 2032/3/1 2031/3/1
f 2036/3/1 2032/3/1 2035/3/1
f 2037/3/1 2034/3/1 2033/3/1
f 2038/3/1 2034/3/1 2037/3/1
f 2039/4/1 2036/4/1 2035/4/1
f 2040/4/1 2036/4/1 2039/4/1
f 2041/4/1 2038/4/1 2037/4/1
f 2042/4/1 2038/4/1 2041/4/1
f 2043/2/1 2040/2/1 2039/2/1
f 2044/2/1 2042/2/1 2041/2/1
f 2045/2/1 2043/2/1 2039/2/1
f 2046/2/1 2043/2/1 2045/2/1
f 2047/2/1 2042/2/1 2044/2/1
f 2048/2/1 2042/2/1 2047/2/1
f 2049/1/1 2046/1/1 2045/1/1
f 2050/1/1 2046/1/1 2049/1/1
f 2053/1/1 2048/1/1 2047/1/1
f 2054/1/1 2048/1/1 2053/1/1
f 2055/4/1 2051/4/1 2050/4/1
f 2056/4/1 2051/4/1 2055/4/1
f 2057/4/1 2053/4/1 2052/4/1
f 2058/4/1 2053/4/1 2057/4/1
f 2063/2/1 2060/2/1 2059/2/1
f 2064/2/1 2060/2/1 2063/2/1
f 2065/2/1 2062/2/1 2061/2/1
f 2066/2/1 2062/2/1 2065/2/1
f 2067/1/1 2064/1/1 2063/1/1
f 2068/2/1 2060/2/1 2064/2/1
f 2068/1/1 2064/1/1 2067/1/1
f 2069/2/1 2060/2/1 2068/2/1
f 2070/2/1 2065/2/1 2061/2/1
f 2071/1/1 2066/1/1 2065/1/1
f 2071/2/1 2065/2/1 2070/2/1
f 2072/1/1 2066/1/1 2071/1/1
f 2073/2/1 2069/2/1 2068/2/1
f 2073/2/1 2068/2/1 2067/2/1
f 2074/2/1 2069/2/1 2073/2/1
f 2075/2/1 2072/2/1 2071/2/1
f 2075/2/1 2071/2/1 2070/2/1
f 2076/2/1 2072/2/1 2075/2/1
f 2077/2/1 2069/2/1 2074/2/1
f 2078/2/1 2069/2/1 2077/2/1
f 2079/2/1 2075/2/1 2070/2/1
f 2080/2/1 2075/2/1 2079/2/1
f 2086/4/1 2082/4/1 2081/4/1
f 2087/4/1 2082/4/1 2086/4/1
f 2088/4/1 2084/4/1 2083/4/1
f 2089/4/1 2084/4/1 2088/4/1
f 2091/2/1 2087/2/1 2086/2/1
f 2091/2/1 2086/2/1 2085/2/1
f 2092/2/1 2087/2/1 2091/2/1
f 2093/2/1 2089/2/1 2088/2/1
f 2093/2/1 2090/2/1 2089/2/1
f 2094/2/1 2090/2/1 2093/2/1
f 2095/1/1 2092/1/1 2091/1/1
f 2096/2/1 2087/2/1 2092/2/1
f 2096/1/1 2092/1/1 2095/1/1
f 2097/2/1 2087/2/1 2096/2/1
f 2100/2/1 2093/2/1 2088/2/1
f 2101/1/1 2094/1/1 2093/1/1
f 2101/2/1 2093/2/1 2100/2/1
f 2102/1/1 2094/1/1 2101/1/1
f 2103/4/1 2096/4/1 2095/4/1
f 2104/2/1 2098/2/1 2097/2/1
f 2104/4/1 2096/4/1 2103/4/1
f 2104/2/1 2097/2/1 2096/2/1
f 2105/2/1 2098/2/1 2104/2/1
f 2106/2/1 2098/2/1 2105/2/1
f 2107/2/1 2098/2/1 2106/2/1
f 2108/2/1 2100/2/1 2099/2/1
f 2108/2/1 2101/2/1 2100/2/1
f 2109/2/1 2101/2/1 2108/2/1
f 2110/2/1 2101/2/1 2109/2/1
f 2111/2/1 2101/2/1 2110/2/1
f 2112/2/1 2101/2/1 2111/2/1
f 2113/2/1 2101/2/1 2112/2/1
f 2114/2/1 2101/2/1 2113/2/1
f 2115/2/1 2101/2/1 2114/2/1
f 2116/2/1 2101/2/1 2115/2/1
f 2117/2/1 2101/2/1 2116/2/1
f 2118/4/1 2102/4/1 2101/4/1
f 2118/2/1 2101/2/1 2117/2/1
f 2119/4/1 2102/4/1 2118/4/1
f 2120/2/1 2104/2/1 2103/2/1
f 2121/1/1 2105/1/1 2104/1/1
f 2121/2/1 2104/2/1 2120/2/1
f 2122/2/1 2106/2/1 2105/2/1
f 2122/1/1 2105/1/1 2121/1/1
f 2123/1/1 2107/1/1 2106/1/1
f 2123/2/1 2106/2/1 2122/2/1
f 2124/2/1 2098/2/1 2107/2/1
f 2124/1/1 2107/1/1 2123/1/1
f 2125/2/1 2098/2/1 2124/2/1
f 2126/1/1 2110/1/1 2109/1/1
f 2127/4/1 2111/4/1 2110/4/1
f 2127/1/1 2110/1/1 2126/1/1
f 2128/2/1 2112/2/1 2111/2/1
f 2128/4/1 2111/4/1 2127/4/1
f 2129/4/1 2113/4/1 2112/4/1
f 2129/2/1 2112/2/1 2128/2/1
f 2130/1/1 2114/1/1 2113/1/1
f 2130/4/1 2113/4/1 2129/4/1
f 2131/2/1 2115/2/1 2114/2/1
f 2131/1/1 2114/1/1 2130/1/1
f 2132/4/1 2116/4/1 2115/4/1
f 2132/2/1 2115/2/1 2131/2/1
f 2133/1/1 2117/1/1 2116/1/1
f 2133/4/1 2116/4/1 2132/4/1
f 2134/2/1 2119/2/1 2118/2/1
f 2134/1/1 2117/1/1 2133/1/1
f 2134/2/1 2118/2/1 2117/2/1
f 2135/2/1 2119/2/1 2134/2/1
f 2140/4/1 2137/4/1 2136/4/1
f 2141/4/1 2137/4/1 2140/4/1
f 2142/4/1 2139/4/1 2138/4/1
f 2143/4/1 2139/4/1 2142/4/1
f 2144/2/1 2141/2/1 2140/2/1
f 2145/2/1 2141/2/1 2144/2/1
f 2146/2/1 2143/2/1 2142/2/1
f 2147/2/1 2143/2/1 2146/2/1
f 2148/3/1 2145/3/1 2144/3/1
f 2149/3/1 2145/3/1 2148/3/1
f 2150/3/1 2147/3/1 2146/3/1
f 2151/3/1 2147/3/1 2150/3/1
f 2152/4/1 2149/4/1 2148/4/1
f 2153/4/1 2149/4/1 2152/4/1
f 2154/4/1 2151/4/1 2150/4/1
f 2155/4/1 2151/4/1 2154/4/1
f 2161/1/1 2157/1/1 2156/1/1
f 2162/1/1 2157/1/1 2161/1/1
f 2163/1/1 2159/1/1 2158/1/1
f 2164/1/1 2159/1/1 2163/1/1
f 2166/4/1 2161/4/1 2160/4/1
f 2167/4/1 2161/4/1 2166/4/1
f 2168/4/1 2165/4/1 2164/4/1
f 2169/4/1 2165/4/1 2168/4/1
f 2170/2/1 2167/2/1 2166/2/1
f 2171/2/1 2169/2/1 2168/2/1
f 2172/2/1 2170/2/1 2166/2/1
f 2173/2/1 2170/2/1 2172/2/1
f 2174/2/1 2169/2/1 2171/2/1
f 2175/2/1 2169/2/1 2174/2/1
f 2176/3/1 2173/3/1 2172/3/1
f 2177/3/1 2173/3/1 2176/3/1
f 2178/3/1 2175/3/1 2174/3/1
f 2179/3/1 2175/3/1 2178/3/1
f 2180/1/1 2177/1/1 2176/1/1
f 2181/1/1 2179/1/1 2178/1/1
f 2182/1/1 2180/1/1 2176/1/1
f 2183/1/1 2180/1/1 2182/1/1
f 2184/1/1 2179/1/1 2181/1/1
f 2185/1/1 2179/1/1 2184/1/1
f 2186/4/1 2183/4/1 2182/4/1
f 2187/4/1 2183/4/1 2186/4/1
f 2188/4/1 2185/4/1 2184/4/1
f 2189/4/1 2185/4/1 2188/4/1
f 2190/2/1 2187/2/1 2186/2/1
f 2191/2/1 2187/2/1 2190/2/1
f 2194/2/1 2189/2/1 2188/2/1
f 2195/2/1 2189/2/1 2194/2/1
f 2196/2/1 2192/2/1 2191/2/1
f 2197/2/1 2192/2/1 2196/2/1
f 2198/2/1 2194/2/1 2193/2/1
f 2199/2/1 2194/2/1 2198/2/1
f 2205/2/1 2201/2/1 2200/2/1
f 2206/4/1 2202/4/1 2201/4/1
f 2206/2/1 2201/2/1 2205/2/1
f 2207/1/1 2203/1/1 2202/1/1
f 2207/4/1 2202/4/1 2206/4/1
f 2208/2/1 2204/2/1 2203/2/1
f 2208/1/1 2203/1/1 2207/1/1
f 2209/2/1 2204/2/1 2208/2/1
f 2215/2/1 2211/2/1 2210/2/1
f 2216/1/1 2212/1/1 2211/1/1
f 2216/2/1 2211/2/1 2215/2/1
f 2217/2/1 2213/2/1 2212/2/1
f 2217/1/1 2212/1/1 2216/1/1
f 2218/1/1 2214/1/1 2213/1/1
f 2218/2/1 2213/2/1 2217/2/1
f 2219/1/1 2214/1/1 2218/1/1
f 2225/4/1 2221/4/1 2220/4/1
f 2226/4/1 2221/4/1 2225/4/1
f 2227/4/1 2223/4/1 2222/4/1
f 2228/4/1 2223/4/1 2227/4/1
f 2230/2/1 2226/2/1 2225/2/1
f 2230/2/1 2225/2/1 2224/2/1
f 2231/2/1 2226/2/1 2230/2/1
f 2232/2/1 2229/2/1 2228/2/1
f 2232/2/1 2228/2/1 2227/2/1
f 2233/2/1 2229/2/1 2232/2/1
f 2234/4/1 2231/4/1 2230/4/1
f 2235/2/1 2226/2/1 2231/2/1
f 2235/4/1 2231/4/1 2234/4/1
f 2236/2/1 2232/2/1 2227/2/1
f 2236/4/1 2233/4/1 2232/4/1
f 2237/4/1 2233/4/1 2236/4/1
f 2238/2/1 2235/2/1 2234/2/1
f 2239/2/1 2226/2/1 2235/2/1
f 2239/2/1 2235/2/1 2238/2/1
f 2240/2/1 2236/2/1 2227/2/1
f 2240/2/1 2237/2/1 2236/2/1
f 2241/2/1 2237/2/1 2240/2/1
f 2242/1/1 2239/1/1 2238/1/1
f 2243/2/1 2226/2/1 2239/2/1
f 2243/1/1 2239/1/1 2242/1/1
f 2244/2/1 2240/2/1 2227/2/1
f 2244/1/1 2241/1/1 2240/1/1
f 2245/1/1 2241/1/1 2244/1/1
f 2246/2/1 2243/2/1 2242/2/1
f 2247/2/1 2226/2/1 2243/2/1
f 2247/2/1 2243/2/1 2246/2/1
f 2248/2/1 2244/2/1 2227/2/1
f 2248/2/1 2245/2/1 2244/2/1
f 2249/2/1 2245/2/1 2248/2/1
f 2250/2/1 2226/2/1 2247/2/1
f 2251/2/1 2226/2/1 2250/2/1
f 2252/2/1 2248/2/1 2227/2/1
f 2253/2/1 2248/2/1 2252/2/1
f 2258/3/1 2255/3/1 2254/3/1
f 2259/3/1 2255/3/1 2258/3/1
f 2260/3/1 2257/3/1 2256/3/1
f 2261/3/1 2257/3/1 2260/3/1
f 2262/2/1 2259/2/1 2258/2/1
f 2263/2/1 2259/2/1 2262/2/1
f 2264/2/1 2261/2/1 2260/2/1
f 2265/2/1 2261/2/1 2264/2/1
f 2270/4/1 2267/4/1 2266/4/1
f 2279/4/1 2269/4/1 2268/4/1
f 2280/4/1 2270/4/1 2266/4/1
f 2281/2/1 2271/2/1 2270/2/1
f 2281/4/1 2270/4/1 2280/4/1
f 2282/1/1 2272/1/1 2271/1/1
f 2282/2/1 2271/2/1 2281/2/1
f 2283/4/1 2273/4/1 2272/4/1
f 2283/1/1 2272/1/1 2282/1/1
f 2284/4/1 2273/4/1 2283/4/1
f 2285/4/1 2275/4/1 2274/4/1
f 2286/2/1 2276/2/1 2275/2/1
f 2286/4/1 2275/4/1 2285/4/1
f 2287/1/1 2277/1/1 2276/1/1
f 2287/2/1 2276/2/1 2286/2/1
f 2288/4/1 2278/4/1 2277/4/1
f 2288/1/1 2277/1/1 2287/1/1
f 2289/2/1 2279/2/1 2278/2/1
f 2289/4/1 2278/4/1 2288/4/1
f 2290/4/1 2269/4/1 2279/4/1
f 2290/2/1 2279/2/1 2289/2/1
f 2291/4/1 2269/4/1 2290/4/1
f 2296/4/1 2293/4/1 2292/4/1
f 2297/4/1 2293/4/1 2296/4/1
f 2298/4/1 2295/4/1 2294/4/1
f 2299/4/1 2295/4/1 2298/4/1
f 2300/1/1 2297/1/1 2296/1/1
f 2301/1/1 2297/1/1 2300/1/1
f 2302/1/1 2299/1/1 2298/1/1
f 2303/1/1 2299/1/1 2302/1/1
f 2304/4/1 2301/4/1 2300/4/1
f 2305/4/1 2301/4/1 2304/4/1
f 2308/4/1 2303/4/1 2302/4/1
f 2309/4/1 2303/4/1 2308/4/1
f 2310/1/1 2306/1/1 2305/1/1
f 2311/1/1 2306/1/1 2310/1/1
f 2312/1/1 2308/1/1 2307/1/1
f 2313/1/1 2308/1/1 2312/1/1
f 2319/4/1 2315/4/1 2314/4/1
f 2320/4/1 2315/4/1 2319/4/1
f 2321/4/1 2317/4/1 2316/4/1
f 2322/4/1 2317/4/1 2321/4/1
f 2324/4/1 2319/4/1 2318/4/1
f 2325/4/1 2319/4/1 2324/4/1
f 2326/4/1 2323/4/1 2322/4/1
f 2327/4/1 2323/4/1 2326/4/1
f 2330/2/1 2325/2/1 2324/2/1
f 2335/2/1 2329/2/1 2328/2/1
f 2336/2/1 2329/2/1 2335/2/1
f 2344/2/1 2327/2/1 2326/2/1
f 2345/2/1 2330/2/1 2324/2/1
f 2346/1/1 2331/1/1 2330/1/1
f 2346/2/1 2330/2/1 2345/2/1
f 2346/1/1 2332/1/1 2331/1/1
f 2346/1/1 2333/1/1 2332/1/1
f 2347/2/1 2334/2/1 2333/2/1
f 2347/1/1 2333/1/1 2346/1/1
f 2348/2/1 2334/2/1 2347/2/1
f 2349/1/1 2337/1/1 2336/1/1
f 2349/1/1 2338/1/1 2337/1/1
f 2349/1/1 2339/1/1 2338/1/1
f 2350/2/1 2340/2/1 2339/2/1
f 2350/1/1 2339/1/1 2349/1/1
f 2351/1/1 2341/1/1 2340/1/1
f 2351/2/1 2340/2/1 2350/2/1
f 2352/4/1 2342/4/1 2341/4/1
f 2352/1/1 2341/1/1 2351/1/1
f 2353/1/1 2343/1/1 2342/1/1
f 2353/4/1 2342/4/1 2352/4/1
f 2354/4/1 2344/4/1 2343/4/1
f 2354/1/1 2343/1/1 2353/1/1
f 2355/2/1 2327/2/1 2344/2/1
f 2355/4/1 2344/4/1 2354/4/1
f 2356/2/1 2327/2/1 2355/2/1
f 2361/4/1 2358/4/1 2357/4/1
f 2362/4/1 2358/4/1 2361/4/1
f 2363/4/1 2360/4/1 2359/4/1
f 2364/4/1 2360/4/1 2363/4/1
f 2365/3/1 2362/3/1 2361/3/1
f 2366/3/1 2362/3/1 2365/3/1
f 2367/3/1 2364/3/1 2363/3/1
f 2368/3/1 2364/3/1 2367/3/1
f 2369/2/1 2366/2/1 2365/2/1
f 2370/2/1 2366/2/1 2369/2/1
f 2371/2/1 2368/2/1 2367/2/1
f 2372/2/1 2368/2/1 2371/2/1
f 2378/3/1 2374/3/1 2373/3/1
f 2379/3/1 2374/3/1 2378/3/1
f 2380/3/1 2376/3/1 2375/3/1
f 2381/3/1 2376/3/1 2380/3/1
f 2383/3/1 2378/3/1 2377/3/1
f 2384/3/1 2378/3/1 2383/3/1
f 2385/3/1 2382/3/1 2381/3/1
f 2386/3/1 2382/3/1 2385/3/1
f 2387/4/1 2384/4/1 2383/4/1
f 2388/4/1 2384/4/1 2387/4/1
f 2389/4/1 2386/4/1 2385/4/1
f 2390/4/1 2386/4/1 2389/4/1
f 2391/2/1 2388/2/1 2387/2/1
f 2392/2/1 2388/2/1 2391/2/1
f 2393/2/1 2390/2/1 2389/2/1
f 2394/2/1 2390/2/1 2393/2/1
f 2395/1/1 2392/1/1 2391/1/1
f 2396/1/1 2392/1/1 2395/1/1
f 2397/1/1 2394/1/1 2393/1/1
f 2398/1/1 2394/1/1 2397/1/1
f 2399/3/1 2396/3/1 2395/3/1
f 2400/3/1 2398/3/1 2397/3/1
f 2401/3/1 2399/3/1 2395/3/1
f 2402/3/1 2399/3/1 2401/3/1
f 2403/3/1 2398/3/1 2400/3/1
f 2404/3/1 2398/3/1 2403/3/1
f 2405/1/1 2402/1/1 2401/1/1
f 2406/1/1 2402/1/1 2405/1/1
f 2409/1/1 2404/1/1 2403/1/1
f 2410/1/1 2404/1/1 2409/1/1
f 2411/1/1 2407/1/1 2406/1/1
f 2412/1/1 2407/1/1 2411/1/1
f 2413/1/1 2409/1/1 2408/1/1
f 2414/1/1 2409/1/1 2413/1/1
f 2423/4/1 2416/4/1 2415/4/1
f 2424/1/1 2417/1/1 2416/1/1
f 2424/4/1 2416/4/1 2423/4/1
f 2425/2/1 2418/2/1 2417/2/1
f 2425/1/1 2417/1/1 2424/1/1
f 2426/1/1 2419/1/1 2418/1/1
f 2426/2/1 2418/2/1 2425/2/1
f 2427/2/1 2420/2/1 2419/2/1
f 2427/1/1 2419/1/1 2426/1/1
f 2428/1/1 2421/1/1 2420/1/1
f 2428/2/1 2420/2/1 2427/2/1
f 2429/2/1 2422/2/1 2421/2/1
f 2429/1/1 2421/1/1 2428/1/1
f 2430/2/1 2422/2/1 2429/2/1
f 2435/2/1 2432/2/1 2431/2/1
f 2436/2/1 2432/2/1 2435/2/1
f 2443/4/1 2434/4/1 2433/4/1
f 2444/4/1 2434/4/1 2443/4/1
f 2445/1/1 2437/1/1 2436/1/1
f 2445/1/1 2438/1/1 2437/1/1
f 2445/1/1 2439/1/1 2438/1/1
f 2446/2/1 2440/2/1 2439/2/1
f 2446/1/1 2439/1/1 2445/1/1
f 2447/1/1 2442/1/1 2441/1/1
f 2447/2/1 2440/2/1 2446/2/1
f 2447/1/1 2443/1/1 2442/1/1
f 2447/1/1 2441/1/1 2440/1/1
f 2448/1/1 2443/1/1 2447/1/1
f 2453/4/1 2450/4/1 2449/4/1
f 2454/4/1 2450/4/1 2453/4/1
f 2455/4/1 2452/4/1 2451/4/1
f 2456/4/1 2452/4/1 2455/4/1
f 2457/2/1 2454/2/1 2453/2/1
f 2458/2/1 2454/2/1 2457/2/1
f 2459/2/1 2456/2/1 2455/2/1
f 2460/2/1 2456/2/1 2459/2/1
f 2461/3/1 2458/3/1 2457/3/1
f 2462/3/1 2458/3/1 2461/3/1
f 2463/3/1 2460/3/1 2459/3/1
f 2464/3/1 2460/3/1 2463/3/1
f 2465/4/1 2462/4/1 2461/4/1
f 2466/4/1 2462/4/1 2465/4/1
f 2467/4/1 2464/4/1 2463/4/1
f 2468/4/1 2464/4/1 2467/4/1
f 2474/1/1 2470/1/1 2469/1/1
f 2475/1/1 2470/1/1 2474/1/1
f 2476/1/1 2472/1/1 2471/1/1
f 2477/1/1 2472/1/1 2476/1/1
f 2479/4/1 2474/4/1 2473/4/1
f 2480/4/1 2474/4/1 2479/4/1
f 2481/4/1 2478/4/1 2477/4/1
f 2482/4/1 2478/4/1 2481/4/1
f 2483/2/1 2480/2/1 2479/2/1
f 2484/2/1 2480/2/1 2483/2/1
f 2485/2/1 2482/2/1 2481/2/1
f 2486/2/1 2482/2/1 2485/2/1
f 2487/3/1 2484/3/1 2483/3/1
f 2488/3/1 2484/3/1 2487/3/1
f 2489/3/1 2486/3/1 2485/3/1
f 2490/3/1 2486/3/1 2489/3/1
f 2491/1/1 2488/1/1 2487/1/1
f 2492/1/1 2490/1/1 2489/1/1
f 2493/1/1 2491/1/1 2487/1/1
f 2494/1/1 2491/1/1 2493/1/1
f 2495/1/1 2490/1/1 2492/1/1
f 2496/1/1 2490/1/1 2495/1/1
f 2497/2/1 2494/2/1 2493/2/1
f 2498/2/1 2494/2/1 2497/2/1
f 2501/2/1 2496/2/1 2495/2/1
f 2502/2/1 2496/2/1 2501/2/1
f 2503/2/1 2499/2/1 2498/2/1
f 2504/2/1 2499/2/1 2503/2/1
f 2505/2/1 2501/2/1 2500/2/1
f 2506/2/1 2501/2/1 2505/2/1
f 2512/2/1 2508/2/1 2507/2/1
f 2513/4/1 2509/4/1 2508/4/1
f 2513/2/1 2508/2/1 2512/2/1
f 2514/1/1 2510/1/1 2509/1/1
f 2514/4/1 2509/4/1 2513/4/1
f 2515/2/1 2511/2/1 2510/2/1
f 2515/1/1 2510/1/1 2514/1/1
f 2516/2/1 2511/2/1 2515/2/1
f 2523/2/1 2518/2/1 2517/2/1
f 2524/4/1 2519/4/1 2518/4/1
f 2524/2/1 2518/2/1 2523/2/1
f 2525/1/1 2520/1/1 2519/1/1
f 2525/4/1 2519/4/1 2524/4/1
f 2526/2/1 2521/2/1 2520/2/1
f 2526/1/1 2520/1/1 2525/1/1
f 2527/1/1 2522/1/1 2521/1/1
f 2527/2/1 2521/2/1 2526/2/1
f 2528/1/1 2522/1/1 2527/1/1
f 2533/3/1 2530/3/1 2529/3/1
f 2534/3/1 2530/3/1 2533/3/1
f 2535/3/1 2532/3/1 2531/3/1
f 2536/3/1 2532/3/1 2535/3/1
f 2537/4/1 2534/4/1 2533/4/1
f 2538/4/1 2536/4/1 2535/4/1
f 2539/4/1 2537/4/1 2533/4/1
f 2540/4/1 2537/4/1 2539/4/1
f 2541/4/1 2536/4/1 2538/4/1
f 2542/4/1 2536/4/1 2541/4/1
f 2547/4/1 2544/4/1 2543/4/1
f 2548/4/1 2544/4/1 2547/4/1
f 2557/4/1 2546/4/1 2545/4/1
f 2558/2/1 2548/2/1 2547/2/1
f 2558/2/1 2549/2/1 2548/2/1
f 2559/4/1 2550/4/1 2549/4/1
f 2559/2/1 2549/2/1 2558/2/1
f 2560/2/1 2551/2/1 2550/2/1
f 2560/4/1 2550/4/1 2559/4/1
f 2561/2/1 2551/2/1 2560/2/1
f 2562/4/1 2553/4/1 2552/4/1
f 2563/2/1 2554/2/1 2553/2/1
f 2563/4/1 2553/4/1 2562/4/1
f 2564/1/1 2555/1/1 2554/1/1
f 2564/2/1 2554/2/1 2563/2/1
f 2565/4/1 2556/4/1 2555/4/1
f 2565/1/1 2555/1/1 2564/1/1
f 2566/2/1 2557/2/1 2556/2/1
f 2566/4/1 2556/4/1 2565/4/1
f 2567/4/1 2546/4/1 2557/4/1
f 2567/2/1 2557/2/1 2566/2/1
f 2568/4/1 2546/4/1 2567/4/1
f 2573/1/1 2570/1/1 2569/1/1
f 2574/1/1 2572/1/1 2571/1/1
f 2575/1/1 2573/1/1 2569/1/1
f 2576/1/1 2573/1/1 2575/1/1
f 2577/1/1 2572/1/1 2574/1/1
f 2578/1/1 2572/1/1 2577/1/1
f 2579/4/1 2576/4/1 2575/4/1
f 2580/4/1 2576/4/1 2579/4/1
f 2581/4/1 2578/4/1 2577/4/1
f 2582/4/1 2578/4/1 2581/4/1
f 2583/2/1 2580/2/1 2579/2/1
f 2584/2/1 2580/2/1 2583/2/1
f 2587/2/1 2582/2/1 2581/2/1
f 2588/2/1 2582/2/1 2587/2/1
f 2589/2/1 2585/2/1 2584/2/1
f 2590/2/1 2585/2/1 2589/2/1
f 2591/2/1 2587/2/1 2586/2/1
f 2592/2/1 2587/2/1 2591/2/1
f 2597/1/1 2594/1/1 2593/1/1
f 2598/1/1 2594/1/1 2597/1/1
f 2599/1/1 2596/1/1 2595/1/1
f 2600/1/1 2596/1/1 2599/1/1
f 2601/4/1 2598/4/1 2597/4/1
f 2602/4/1 2598/4/1 2601/4/1
f 2603/4/1 2600/4/1 2599/4/1
f 2604/4/1 2600/4/1 2603/4/1
f 2605/2/1 2602/2/1 2601/2/1
f 2606/2/1 2602/2/1 2605/2/1
f 2607/2/1 2604/2/1 2603/2/1
f 2608/2/1 2604/2/1 2607/2/1
f 2609/1/1 2606/1/1 2605/1/1
f 2610/1/1 2606/1/1 2609/1/1
f 2611/1/1 2608/1/1 2607/1/1
f 2612/1/1 2608/1/1 2611/1/1
f 2613/4/1 2610/4/1 2609/4/1
f 2614/4/1 2610/4/1 2613/4/1
f 2615/4/1 2612/4/1 2611/4/1
f 2616/4/1 2612/4/1 2615/4/1
f 2617/2/1 2614/2/1 2613/2/1
f 2618/2/1 2614/2/1 2617/2/1
f 2619/2/1 2616/2/1 2615/2/1
f 2620/2/1 2616/2/1 2619/2/1
f 2626/1/1 2622/1/1 2621/1/1
f 2627/1/1 2622/1/1 2626/1/1
f 2628/1/1 2624/1/1 2623/1/1
f 2629/1/1 2624/1/1 2628/1/1
f 2631/4/1 2626/4/1 2625/4/1
f 2632/4/1 2626/4/1 2631/4/1
f 2633/4/1 2630/4/1 2629/4/1
f 2634/4/1 2630/4/1 2633/4/1
f 2635/2/1 2632/2/1 2631/2/1
f 2638/2/1 2635/2/1 2631/2/1
f 2639/2/1 2635/2/1 2638/2/1
f 2644/2/1 2637/2/1 2636/2/1
f 2645/2/1 2637/2/1 2644/2/1
f 2653/2/1 2634/2/1 2633/2/1
f 2654/2/1 2634/2/1 2653/2/1
f 2655/3/1 2639/3/1 2638/3/1
f 2656/2/1 2640/2/1 2639/2/1
f 2656/3/1 2639/3/1 2655/3/1
f 2657/4/1 2641/4/1 2640/4/1
f 2657/2/1 2640/2/1 2656/2/1
f 2657/4/1 2642/4/1 2641/4/1
f 2658/1/1 2643/1/1 2642/1/1
f 2658/4/1 2642/4/1 2657/4/1
f 2659/1/1 2643/1/1 2658/1/1
f 2660/1/1 2646/1/1 2645/1/1
f 2660/1/1 2647/1/1 2646/1/1
f 2660/1/1 2648/1/1 2647/1/1
f 2661/2/1 2649/2/1 2648/2/1
f 2661/1/1 2648/1/1 2660/1/1
f 2662/1/1 2650/1/1 2649/1/1
f 2662/2/1 2649/2/1 2661/2/1
f 2663/4/1 2651/4/1 2650/4/1
f 2663/1/1 2650/1/1 2662/1/1
f 2664/1/1 2652/1/1 2651/1/1
f 2664/4/1 2651/4/1 2663/4/1
f 2665/4/1 2653/4/1 2652/4/1
f 2665/1/1 2652/1/1 2664/1/1
f 2666/3/1 2654/3/1 2653/3/1
f 2666/4/1 2653/4/1 2665/4/1
f 2667/3/1 2654/3/1 2666/3/1
f 2673/4/1 2669/4/1 2668/4/1
f 2674/4/1 2669/4/1 2673/4/1
f 2675/4/1 2671/4/1 2670/4/1
f 2676/4/1 2671/4/1 2675/4/1
f 2678/2/1 2673/2/1 2672/2/1
f 2679/2/1 2673/2/1 2678/2/1
f 2680/2/1 2677/2/1 2676/2/1
f 2681/2/1 2677/2/1 2680/2/1
f 2682/1/1 2679/1/1 2678/1/1
f 2683/1/1 2679/1/1 2682/1/1
f 2684/1/1 2681/1/1 2680/1/1
f 2685/1/1 2681/1/1 2684/1/1
f 2686/4/1 2683/4/1 2682/4/1
f 2687/4/1 2683/4/1 2686/4/1
f 2688/4/1 2685/4/1 2684/4/1
f 2689/4/1 2685/4/1 2688/4/1
f 2690/2/1 2687/2/1 2686/2/1
f 2691/2/1 2687/2/1 2690/2/1
f 2692/2/1 2689/2/1 2688/2/1
f 2693/2/1 2689/2/1 2692/2/1
f 2694/1/1 2691/1/1 2690/1/1
f 2695/1/1 2691/1/1 2694/1/1
f 2696/1/1 2693/1/1 2692/1/1
f 2697/1/1 2693/1/1 2696/1/1
f 2698/2/1 2695/2/1 2694/2/1
f 2699/2/1 2697/2/1 2696/2/1
f 2700/2/1 2698/2/1 2694/2/1
f 2701/2/1 2698/2/1 2700/2/1
f 2704/2/1 2697/2/1 2699/2/1
f 2705/2/1 2697/2/1 2704/2/1
f 2706/2/1 2702/2/1 2701/2/1
f 2707/2/1 2702/2/1 2706/2/1
f 2708/2/1 2704/2/1 2703/2/1
f 2709/2/1 2704/2/1 2708/2/1
f 2714/4/1 2711/4/1 2710/4/1
f 2715/2/1 2712/2/1 2711/2/1
f 2715/4/1 2711/4/1 2714/4/1
f 2716/2/1 2712/2/1 2715/2/1
f 2717/2/1 2712/2/1 2716/2/1
f 2718/2/1 2712/2/1 2717/2/1
f 2719/2/1 2712/2/1 2718/2/1
f 2720/2/1 2712/2/1 2719/2/1
f 2721/2/1 2712/2/1 2720/2/1
f 2722/2/1 2712/2/1 2721/2/1
f 2723/1/1 2713/1/1 2712/1/1
f 2723/2/1 2712/2/1 2722/2/1
f 2724/1/1 2713/1/1 2723/1/1
f 2725/2/1 2716/2/1 2715/2/1
f 2726/1/1 2717/1/1 2716/1/1
f 2726/2/1 2716/2/1 2725/2/1
f 2727/2/1 2718/2/1 2717/2/1
f 2727/1/1 2717/1/1 2726/1/1
f 2728/1/1 2719/1/1 2718/1/1
f 2728/2/1 2718/2/1 2727/2/1
f 2729/4/1 2720/4/1 2719/4/1
f 2729/1/1 2719/1/1 2728/1/1
f 2730/2/1 2721/2/1 2720/2/1
f 2730/4/1 2720/4/1 2729/4/1
f 2731/1/1 2722/1/1 2721/1/1
f 2731/2/1 2721/2/1 2730/2/1
f 2732/2/1 2723/2/1 2722/2/1
f 2732/1/1 2722/1/1 2731/1/1
f 2733/2/1 2723/2/1 2732/2/1
f 2738/1/1 2735/1/1 2734/1/1
f 2739/1/1 2735/1/1 2738/1/1
f 2740/1/1 2737/1/1 2736/1/1
f 2741/1/1 2737/1/1 2740/1/1
f 2742/4/1 2739/4/1 2738/4/1
f 2743/4/1 2739/4/1 2742/4/1
f 2744/4/1 2741/4/1 2740/4/1
f 2745/4/1 2741/4/1 2744/4/1
f 2746/2/1 2743/2/1 2742/2/1
f 2747/2/1 2743/2/1 2746/2/1
f 2748/2/1 2745/2/1 2744/2/1
f 2749/2/1 2745/2/1 2748/2/1
f 2750/1/1 2747/1/1 2746/1/1
f 2751/1/1 2747/1/1 2750/1/1
f 2752/1/1 2749/1/1 2748/1/1
f 2753/1/1 2749/1/1 2752/1/1
f 2754/4/1 2751/4/1 2750/4/1
f 2755/4/1 2751/4/1 2754/4/1
f 2756/4/1 2753/4/1 2752/4/1
f 2757/4/1 2753/4/1 2756/4/1
f 2758/2/1 2755/2/1 2754/2/1
f 2759/2/1 2755/2/1 2758/2/1
f 2760/2/1 2757/2/1 2756/2/1
f 2761/2/1 2757/2/1 2760/2/1
f 2767/4/1 2763/4/1 2762/4/1
f 2768/4/1 2763/4/1 2767/4/1
f 2769/4/1 2765/4/1 2764/4/1
f 2770/4/1 2765/4/1 2769/4/1
f 2772/2/1 2767/2/1 2766/2/1
f 2773/2/1 2767/2/1 2772/2/1
f 2774/2/1 2771/2/1 2770/2/1
f 2775/2/1 2771/2/1 2774/2/1
f 2776/3/1 2773/3/1 2772/3/1
f 2777/3/1 2773/3/1 2776/3/1
f 2778/3/1 2775/3/1 2774/3/1
f 2779/3/1 2775/3/1 2778/3/1
f 2780/4/1 2777/4/1 2776/4/1
f 2781/4/1 2777/4/1 2780/4/1
f 2782/4/1 2779/4/1 2778/4/1
f 2783/4/1 2779/4/1 2782/4/1
f 2784/1/1 2781/1/1 2780/1/1
f 2785/1/1 2783/1/1 2782/1/1
f 2786/1/1 2784/1/1 2780/1/1
f 2787/1/1 2784/1/1 2786/1/1
f 2788/1/1 2783/1/1 2785/1/1
f 2789/1/1 2783/1/1 2788/1/1
f 2790/2/1 2787/2/1 2786/2/1
f 2791/2/1 2789/2/1 2788/2/1
f 2792/2/1 2790/2/1 2786/2/1
f 2793/2/1 2790/2/1 2792/2/1
f 2796/2/1 2789/2/1 2791/2/1
f 2797/2/1 2789/2/1 2796/2/1
f 2798/2/1 2794/2/1 2793/2/1
f 2799/2/1 2794/2/1 2798/2/1
f 2800/2/1 2796/2/1 2795/2/1
f 2801/2/1 2796/2/1 2800/2/1
f 2806/1/1 2803/1/1 2802/1/1
f 2807/1/1 2803/1/1 2806/1/1
f 2808/1/1 2805/1/1 2804/1/1
f 2809/1/1 2805/1/1 2808/1/1
f 2810/4/1 2807/4/1 2806/4/1
f 2811/4/1 2807/4/1 2810/4/1
f 2812/4/1 2809/4/1 2808/4/1
f 2813/4/1 2809/4/1 2812/4/1
f 2814/2/1 2811/2/1 2810/2/1
f 2815/2/1 2811/2/1 2814/2/1
f 2816/2/1 2813/2/1 2812/2/1
f 2817/2/1 2813/2/1 2816/2/1
f 2818/1/1 2815/1/1 2814/1/1
f 2819/1/1 2815/1/1 2818/1/1
f 2820/1/1 2817/1/1 2816/1/1
f 2821/1/1 2817/1/1 2820/1/1
f 2822/2/1 2819/2/1 2818/2/1
f 2823/2/1 2819/2/1 2822/2/1
f 2824/2/1 2821/2/1 2820/2/1
f 2825/2/1 2821/2/1 2824/2/1
f 2831/4/1 2827/4/1 2826/4/1
f 2832/4/1 2827/4/1 2831/4/1
f 2833/4/1 2829/4/1 2828/4/1
f 2834/4/1 2829/4/1 2833/4/1
f 2836/2/1 2831/2/1 2830/2/1
f 2837/2/1 2831/2/1 2836/2/1
f 2838/2/1 2835/2/1 2834/2/1
f 2839/2/1 2835/2/1 2838/2/1
f 2840/4/1 2837/4/1 2836/4/1
f 2841/4/1 2837/4/1 2840/4/1
f 2842/4/1 2839/4/1 2838/4/1
f 2843/4/1 2839/4/1 2842/4/1
f 2844/2/1 2841/2/1 2840/2/1
f 2845/2/1 2841/2/1 2844/2/1
f 2846/2/1 2843/2/1 2842/2/1
f 2847/2/1 2843/2/1 2846/2/1
f 2848/1/1 2845/1/1 2844/1/1
f 2849/1/1 2845/1/1 2848/1/1
f 2850/1/1 2847/1/1 2846/1/1
f 2851/1/1 2847/1/1 2850/1/1
f 2852/2/1 2849/2/1 2848/2/1
f 2853/2/1 2849/2/1 2852/2/1
f 2856/2/1 2851/2/1 2850/2/1
f 2857/2/1 2851/2/1 2856/2/1
f 2858/2/1 2854/2/1 2853/2/1
f 2859/2/1 2854/2/1 2858/2/1
f 2860/2/1 2856/2/1 2855/2/1
f 2861/2/1 2856/2/1 2860/2/1
f 2874/2/1 2863/2/1 2862/2/1
f 2875/1/1 2864/1/1 2863/1/1
f 2875/2/1 2863/2/1 2874/2/1
f 2876/1/1 2864/1/1 2875/1/1
f 2877/3/1 2872/3/1 2871/3/1
f 2878/2/1 2873/2/1 2872/2/1
f 2878/3/1 2872/3/1 2877/3/1
f 2879/2/1 2874/2/1 2862/2/1
f 2880/1/1 2875/1/1 2874/1/1
f 2880/2/1 2874/2/1 2879/2/1
f 2881/3/1 2876/3/1 2875/3/1
f 2881/1/1 2875/1/1 2880/1/1
f 2882/3/1 2876/3/1 2881/3/1
f 2883/2/1 2866/2/1 2865/2/1
f 2884/2/1 2866/2/1 2883/2/1
f 2885/3/1 2868/3/1 2867/3/1
f 2886/2/1 2869/2/1 2868/2/1
f 2886/3/1 2868/3/1 2885/3/1
f 2887/1/1 2870/1/1 2869/1/1
f 2887/2/1 2869/2/1 2886/2/1
f 2888/1/1 2870/1/1 2887/1/1
f 2889/4/1 2878/4/1 2877/4/1
f 2890/2/1 2873/2/1 2878/2/1
f 2890/4/1 2878/4/1 2889/4/1
f 2891/2/1 2873/2/1 2890/2/1
f 2892/2/2 2893/2/2 2904/2/2
f 2893/1/2 2894/1/2 2905/1/2
f 2904/2/2 2893/2/2 2905/2/2
f 2905/1/2 2894/1/2 2906/1/2
f 2901/3/2 2902/3/2 2907/3/2
f 2902/2/2 2903/2/2 2908/2/2
f 2907/3/2 2902/3/2 2908/3/2
f 2892/2/2 2904/2/2 2909/2/2
f 2904/1/2 2905/1/2 2910/1/2
f 2909/2/2 2904/2/2 2910/2/2
f 2905/3/2 2906/3/2 2911/3/2
f 2910/1/2 2905/1/2 2911/1/2
f 2911/3/2 2906/3/2 2912/3/2
f 2895/2/2 2896/2/2 2913/2/2
f 2913/2/2 2896/2/2 2914/2/2
f 2897/3/2 2898/3/2 2915/3/2
f 2898/2/2 2899/2/2 2916/2/2
f 2915/3/2 2898/3/2 2916/3/2
f 2899/1/2 2900/1/2 2917/1/2
f 2916/2/2 2899/2/2 2917/2/2
f 2917/1/2 2900/1/2 2918/1/2
f 2907/4/2 2908/4/2 2919/4/2
f 2908/2/2 2903/2/2 2920/2/2
f 2919/4/2 2908/4/2 2920/4/2
f 2920/2/2 2903/2/2 2921/2/2
f 2922/3/2 2923/3/2 2927/3/2
f 2927/3/2 2923/3/2 2928/3/2
f 2924/3/2 2925/3/2 2929/3/2
f 2929/3/2 2925/3/2 2930/3/2
f 2926/3/2 2927/3/2 2932/3/2
f 2927/2/2 2928/2/2 2933/2/2
f 2932/3/2 2927/3/2 2933/3/2
f 2930/3/2 2931/3/2 2934/3/2
f 2929/2/2 2930/2/2 2934/2/2
f 2934/3/2 2931/3/2 2935/3/2
f 2932/1/2 2933/1/2 2936/1/2
f 2933/2/2 2928/2/2 2937/2/2
f 2936/1/2 2933/1/2 2937/1/2
f 2929/2/2 2934/2/2 2938/2/2
f 2934/1/2 2935/1/2 2938/1/2
f 2938/1/2 2935/1/2 2939/1/2
f 2936/4/2 2937/4/2 2940/4/2
f 2937/2/2 2928/2/2 2941/2/2
f 2940/4/2 2937/4/2 2941/4/2
f 2929/2/2 2938/2/2 2942/2/2
f 2938/4/2 2939/4/2 2942/4/2
f 2942/4/2 2939/4/2 2943/4/2
f 2940/2/2 2941/2/2 2944/2/2
f 2941/2/2 2928/2/2 2945/2/2
f 2944/2/2 2941/2/2 2945/2/2
f 2929/2/2 2942/2/2 2946/2/2
f 2942/2/2 2943/2/2 2946/2/2
f 2946/2/2 2943/2/2 2947/2/2
f 2944/1/2 2945/1/2 2948/1/2
f 2945/2/2 2928/2/2 2949/2/2
f 2948/1/2 2945/1/2 2949/1/2
f 2949/2/2 2928/2/2 2950/2/2
f 2929/2/2 2946/2/2 2951/2/2
f 2946/1/2 2947/1/2 2952/1/2
f 2951/2/2 2946/2/2 2952/2/2
f 2952/1/2 2947/1/2 2953/1/2
f 2949/4/2 2950/4/2 2954/4/2
f 2954/4/2 2950/4/2 2955/4/2
f 2951/4/2 2952/4/2 2956/4/2
f 2956/4/2 2952/4/2 2957/4/2
f 2958/3/2 2959/3/2 2962/3/2
f 2960/3/2 2961/3/2 2963/3/2
f 2958/3/2 2962/3/2 2964/3/2
f 2964/3/2 2962/3/2 2965/3/2
f 2963/3/2 2961/3/2 2966/3/2
f 2966/3/2 2961/3/2 2967/3/2
f 2964/2/2 2965/2/2 2968/2/2
f 2966/2/2 2967/2/2 2969/2/2
f 2964/2/2 2968/2/2 2970/2/2
f 2970/2/2 2968/2/2 2971/2/2
f 2969/2/2 2967/2/2 2974/2/2
f 2974/2/2 2967/2/2 2975/2/2
f 2971/1/2 2972/1/2 2976/1/2
f 2976/1/2 2972/1/2 2977/1/2
f 2973/1/2 2974/1/2 2978/1/2
f 2978/1/2 2974/1/2 2979/1/2
f 2980/3/2 2981/3/2 2985/3/2
f 2985/3/2 2981/3/2 2986/3/2
f 2982/3/2 2983/3/2 2987/3/2
f 2987/3/2 2983/3/2 2988/3/2
f 2984/4/2 2985/4/2 2990/4/2
f 2988/4/2 2989/4/2 2991/4/2
f 2984/4/2 2990/4/2 2992/4/2
f 2991/4/2 2989/4/2 2993/4/2
f 2984/4/2 2992/4/2 2994/4/2
f 2994/4/2 2992/4/2 2995/4/2
f 2993/4/2 2989/4/2 2996/4/2
f 2996/4/2 2989/4/2 2997/4/2
f 2998/1/2 2999/1/2 3002/1/2
f 3002/1/2 2999/1/2 3003/1/2
f 3000/1/2 3001/1/2 3004/1/2
f 3004/1/2 3001/1/2 3005/1/2
f 3002/3/2 3003/3/2 3006/3/2
f 3004/3/2 3005/3/2 3007/3/2
f 3002/3/2 3006/3/2 3008/3/2
f 3008/3/2 3006/3/2 3009/3/2
f 3007/3/2 3005/3/2 3010/3/2
f 3010/3/2 3005/3/2 3011/3/2
f 3008/1/2 3009/1/2 3012/1/2
f 3012/1/2 3009/1/2 3013/1/2
f 3010/1/2 3011/1/2 3014/1/2
f 3014/1/2 3011/1/2 3015/1/2
f 3016/3/2 3017/3/2 3020/3/2
f 3020/3/2 3017/3/2 3021/3/2
f 3018/3/2 3019/3/2 3022/3/2
f 3022/3/2 3019/3/2 3023/3/2
f 3020/4/2 3021/4/2 3024/4/2
f 3024/4/2 3021/4/2 3025/4/2
f 3022/4/2 3023/4/2 3029/4/2
f 3029/4/2 3023/4/2 3030/4/2
f 3024/2/2 3025/2/2 3031/2/2
f 3025/2/2 3026/2/2 3031/2/2
f 3031/2/2 3026/2/2 3032/2/2
f 3032/2/2 3026/2/2 3033/2/2
f 3033/2/2 3026/2/2 3034/2/2
f 3027/1/2 3028/1/2 3035/1/2
f 3029/2/2 3030/2/2 3036/2/2
f 3035/1/2 3028/1/2 3036/1/2
f 3028/2/2 3029/2/2 3036/2/2
f 3036/2/2 3030/2/2 3037/2/2
f 3037/2/2 3030/2/2 3038/2/2
f 3038/2/2 3030/2/2 3039/2/2
f 3039/2/2 3030/2/2 3040/2/2
f 3040/2/2 3030/2/2 3041/2/2
f 3041/2/2 3030/2/2 3042/2/2
f 3042/2/2 3030/2/2 3043/2/2
f 3043/2/2 3030/2/2 3044/2/2
f 3024/2/2 3031/2/2 3045/2/2
f 3031/1/2 3032/1/2 3046/1/2
f 3045/2/2 3031/2/2 3046/2/2
f 3032/2/2 3033/2/2 3047/2/2
f 3046/1/2 3032/1/2 3047/1/2
f 3033/1/2 3034/1/2 3048/1/2
f 3047/2/2 3033/2/2 3048/2/2
f 3048/1/2 3034/1/2 3049/1/2
f 3036/2/2 3037/2/2 3050/2/2
f 3037/4/2 3038/4/2 3051/4/2
f 3050/2/2 3037/2/2 3051/2/2
f 3038/1/2 3039/1/2 3052/1/2
f 3051/4/2 3038/4/2 3052/4/2
f 3039/2/2 3040/2/2 3053/2/2
f 3052/1/2 3039/1/2 3053/1/2
f 3040/4/2 3041/4/2 3054/4/2
f 3053/2/2 3040/2/2 3054/2/2
f 3041/1/2 3042/1/2 3055/1/2
f 3054/4/2 3041/4/2 3055/4/2
f 3042/4/2 3043/4/2 3056/4/2
f 3055/1/2 3042/1/2 3056/1/2
f 3043/1/2 3044/1/2 3057/1/2
f 3056/4/2 3043/4/2 3057/4/2
f 3044/2/2 3030/2/2 3058/2/2
f 3057/1/2 3044/1/2 3058/1/2
f 3058/2/2 3030/2/2 3059/2/2
f 3060/3/2 3061/3/2 3065/3/2
f 3065/3/2 3061/3/2 3066/3/2
f 3062/3/2 3063/3/2 3067/3/2
f 3067/3/2 3063/3/2 3068/3/2
f 3064/3/2 3065/3/2 3070/3/2
f 3070/3/2 3065/3/2 3071/3/2
f 3068/3/2 3069/3/2 3072/3/2
f 3072/3/2 3069/3/2 3073/3/2
f 3070/1/2 3071/1/2 3074/1/2
f 3072/1/2 3073/1/2 3075/1/2
f 3070/1/2 3074/1/2 3076/1/2
f 3076/1/2 3074/1/2 3077/1/2
f 3075/1/2 3073/1/2 3078/1/2
f 3078/1/2 3073/1/2 3079/1/2
f 3076/4/2 3077/4/2 3080/4/2
f 3078/4/2 3079/4/2 3081/4/2
f 3076/4/2 3080/4/2 3082/4/2
f 3082/4/2 3080/4/2 3083/4/2
f 3081/4/2 3079/4/2 3084/4/2
f 3084/4/2 3079/4/2 3085/4/2
f 3082/2/2 3083/2/2 3086/2/2
f 3086/2/2 3083/2/2 3087/2/2
f 3084/2/2 3085/2/2 3088/2/2
f 3088/2/2 3085/2/2 3089/2/2
f 3086/1/2 3087/1/2 3090/1/2
f 3090/1/2 3087/1/2 3091/1/2
f 3088/1/2 3089/1/2 3094/1/2
f 3094/1/2 3089/1/2 3095/1/2
f 3091/4/2 3092/4/2 3096/4/2
f 3096/4/2 3092/4/2 3097/4/2
f 3093/4/2 3094/4/2 3098/4/2
f 3098/4/2 3094/4/2 3099/4/2
f 3100/4/2 3101/4/2 3104/4/2
f 3104/4/2 3101/4/2 3105/4/2
f 3102/4/2 3103/4/2 3106/4/2
f 3106/4/2 3103/4/2 3107/4/2
f 3104/3/2 3105/3/2 3108/3/2
f 3108/3/2 3105/3/2 3109/3/2
f 3106/3/2 3107/3/2 3110/3/2
f 3110/3/2 3107/3/2 3111/3/2
f 3108/4/2 3109/4/2 3112/4/2
f 3112/4/2 3109/4/2 3113/4/2
f 3110/4/2 3111/4/2 3114/4/2
f 3114/4/2 3111/4/2 3115/4/2
f 3112/2/2 3113/2/2 3116/2/2
f 3116/2/2 3113/2/2 3117/2/2
f 3114/2/2 3115/2/2 3118/2/2
f 3118/2/2 3115/2/2 3119/2/2
f 3116/1/2 3117/1/2 3120/1/2
f 3120/1/2 3117/1/2 3121/1/2
f 3118/1/2 3119/1/2 3122/1/2
f 3122/1/2 3119/1/2 3123/1/2
f 3124/1/2 3125/1/2 3131/1/2
f 3125/2/2 3126/2/2 3132/2/2
f 3131/1/2 3125/1/2 3132/1/2
f 3126/4/2 3127/4/2 3133/4/2
f 3132/2/2 3126/2/2 3133/2/2
f 3127/1/2 3128/1/2 3134/1/2
f 3133/4/2 3127/4/2 3134/4/2
f 3129/2/2 3130/2/2 3135/2/2
f 3134/1/2 3128/1/2 3135/1/2
f 3128/2/2 3129/2/2 3135/2/2
f 3135/2/2 3130/2/2 3136/2/2
f 3137/2/2 3138/2/2 3142/2/2
f 3138/1/2 3139/1/2 3143/1/2
f 3142/2/2 3138/2/2 3143/2/2
f 3139/4/2 3140/4/2 3144/4/2
f 3143/1/2 3139/1/2 3144/1/2
f 3140/2/2 3141/2/2 3145/2/2
f 3144/4/2 3140/4/2 3145/4/2
f 3145/2/2 3141/2/2 3146/2/2
f 3147/3/2 3148/3/2 3152/3/2
f 3152/3/2 3148/3/2 3153/3/2
f 3149/3/2 3150/3/2 3154/3/2
f 3154/3/2 3150/3/2 3155/3/2
f 3151/3/2 3152/3/2 3157/3/2
f 3157/3/2 3152/3/2 3158/3/2
f 3155/3/2 3156/3/2 3159/3/2
f 3159/3/2 3156/3/2 3160/3/2
f 3157/1/2 3158/1/2 3161/1/2
f 3161/1/2 3158/1/2 3162/1/2
f 3159/1/2 3160/1/2 3163/1/2
f 3163/1/2 3160/1/2 3164/1/2
f 3161/4/2 3162/4/2 3165/4/2
f 3163/4/2 3164/4/2 3166/4/2
f 3161/4/2 3165/4/2 3167/4/2
f 3167/4/2 3165/4/2 3168/4/2
f 3166/4/2 3164/4/2 3169/4/2
f 3169/4/2 3164/4/2 3170/4/2
f 3167/1/2 3168/1/2 3171/1/2
f 3171/1/2 3168/1/2 3172/1/2
f 3169/1/2 3170/1/2 3175/1/2
f 3175/1/2 3170/1/2 3176/1/2
f 3172/4/2 3173/4/2 3177/4/2
f 3177/4/2 3173/4/2 3178/4/2
f 3174/4/2 3175/4/2 3179/4/2
f 3179/4/2 3175/4/2 3180/4/2
f 3181/4/2 3182/4/2 3185/4/2
f 3185/4/2 3182/4/2 3186/4/2
f 3183/4/2 3184/4/2 3187/4/2
f 3187/4/2 3184/4/2 3188/4/2
f 3185/3/2 3186/3/2 3189/3/2
f 3189/3/2 3186/3/2 3190/3/2
f 3187/3/2 3188/3/2 3191/3/2
f 3191/3/2 3188/3/2 3192/3/2
f 3189/4/2 3190/4/2 3193/4/2
f 3193/4/2 3190/4/2 3194/4/2
f 3191/4/2 3192/4/2 3195/4/2
f 3195/4/2 3192/4/2 3196/4/2
f 3193/2/2 3194/2/2 3197/2/2
f 3197/2/2 3194/2/2 3198/2/2
f 3195/2/2 3196/2/2 3199/2/2
f 3199/2/2 3196/2/2 3200/2/2
f 3197/1/2 3198/1/2 3201/1/2
f 3201/1/2 3198/1/2 3202/1/2
f 3199/1/2 3200/1/2 3203/1/2
f 3203/1/2 3200/1/2 3204/1/2
f 3205/4/2 3206/4/2 3211/4/2
f 3206/2/2 3207/2/2 3212/2/2
f 3211/4/2 3206/4/2 3212/4/2
f 3212/2/2 3207/2/2 3213/2/2
f 3208/2/2 3209/2/2 3214/2/2
f 3209/4/2 3210/4/2 3215/4/2
f 3214/2/2 3209/2/2 3215/2/2
f 3215/4/2 3210/4/2 3216/4/2
f 3212/2/2 3213/2/2 3217/2/2
f 3211/2/2 3212/2/2 3217/2/2
f 3217/2/2 3213/2/2 3218/2/2
f 3215/2/2 3216/2/2 3219/2/2
f 3214/2/2 3215/2/2 3219/2/2
f 3219/2/2 3216/2/2 3220/2/2
f 3217/1/2 3218/1/2 3221/1/2
f 3218/2/2 3213/2/2 3222/2/2
f 3221/1/2 3218/1/2 3222/1/2
f 3222/2/2 3213/2/2 3223/2/2
f 3214/2/2 3219/2/2 3224/2/2
f 3219/1/2 3220/1/2 3225/1/2
f 3224/2/2 3219/2/2 3225/2/2
f 3225/1/2 3220/1/2 3226/1/2
f 3222/4/2 3223/4/2 3227/4/2
f 3227/4/2 3223/4/2 3228/4/2
f 3224/4/2 3225/4/2 3229/4/2
f 3229/4/2 3225/4/2 3230/4/2
f 3231/3/2 3232/3/2 3236/3/2
f 3236/3/2 3232/3/2 3237/3/2
f 3233/3/2 3234/3/2 3238/3/2
f 3238/3/2 3234/3/2 3239/3/2
f 3235/3/2 3236/3/2 3241/3/2
f 3236/2/2 3237/2/2 3242/2/2
f 3241/3/2 3236/3/2 3242/3/2
f 3238/2/2 3239/2/2 3243/2/2
f 3239/3/2 3240/3/2 3243/3/2
f 3243/3/2 3240/3/2 3244/3/2
f 3242/2/2 3237/2/2 3245/2/2
f 3238/2/2 3243/2/2 3248/2/2
f 3241/1/2 3242/1/2 3249/1/2
f 3245/2/2 3246/2/2 3250/2/2
f 3249/1/2 3242/1/2 3250/1/2
f 3242/2/2 3245/2/2 3250/2/2
f 3250/2/2 3246/2/2 3251/2/2
f 3251/2/2 3246/2/2 3252/2/2
f 3252/2/2 3246/2/2 3253/2/2
f 3253/2/2 3246/2/2 3254/2/2
f 3247/2/2 3248/2/2 3255/2/2
f 3255/2/2 3248/2/2 3256/2/2
f 3256/2/2 3248/2/2 3257/2/2
f 3257/2/2 3248/2/2 3258/2/2
f 3258/2/2 3248/2/2 3259/2/2
f 3259/2/2 3248/2/2 3260/2/2
f 3260/2/2 3248/2/2 3261/2/2
f 3248/2/2 3243/2/2 3262/2/2
f 3261/2/2 3248/2/2 3262/2/2
f 3243/1/2 3244/1/2 3263/1/2
f 3262/2/2 3243/2/2 3263/2/2
f 3263/1/2 3244/1/2 3264/1/2
f 3249/4/2 3250/4/2 3265/4/2
f 3250/2/2 3251/2/2 3266/2/2
f 3265/4/2 3250/4/2 3266/4/2
f 3251/1/2 3252/1/2 3267/1/2
f 3266/2/2 3251/2/2 3267/2/2
f 3252/2/2 3253/2/2 3268/2/2
f 3267/1/2 3252/1/2 3268/1/2
f 3253/1/2 3254/1/2 3269/1/2
f 3268/2/2 3253/2/2 3269/2/2
f 3269/1/2 3254/1/2 3270/1/2
f 3256/2/2 3257/2/2 3271/2/2
f 3257/1/2 3258/1/2 3272/1/2
f 3271/2/2 3257/2/2 3272/2/2
f 3258/2/2 3259/2/2 3273/2/2
f 3272/1/2 3258/1/2 3273/1/2
f 3259/1/2 3260/1/2 3274/1/2
f 3273/2/2 3259/2/2 3274/2/2
f 3260/2/2 3261/2/2 3275/2/2
f 3274/1/2 3260/1/2 3275/1/2
f 3261/4/2 3262/4/2 3276/4/2
f 3275/2/2 3261/2/2 3276/2/2
f 3262/2/2 3263/2/2 3277/2/2
f 3276/4/2 3262/4/2 3277/4/2
f 3263/4/2 3264/4/2 3278/4/2
f 3277/2/2 3263/2/2 3278/2/2
f 3278/4/2 3264/4/2 3279/4/2
f 3280/1/2 3281/1/2 3285/1/2
f 3285/1/2 3281/1/2 3286/1/2
f 3282/1/2 3283/1/2 3287/1/2
f 3287/1/2 3283/1/2 3288/1/2
f 3284/2/2 3285/2/2 3290/2/2
f 3288/2/2 3289/2/2 3291/2/2
f 3284/2/2 3290/2/2 3292/2/2
f 3292/2/2 3290/2/2 3293/2/2
f 3291/2/2 3289/2/2 3294/2/2
f 3294/2/2 3289/2/2 3295/2/2
f 3292/3/2 3293/3/2 3296/3/2
f 3294/3/2 3295/3/2 3297/3/2
f 3292/3/2 3296/3/2 3298/3/2
f 3298/3/2 3296/3/2 3299/3/2
f 3297/3/2 3295/3/2 3300/3/2
f 3300/3/2 3295/3/2 3301/3/2
f 3298/1/2 3299/1/2 3302/1/2
f 3302/1/2 3299/1/2 3303/1/2
f 3300/1/2 3301/1/2 3304/1/2
f 3304/1/2 3301/1/2 3305/1/2
f 3302/3/2 3303/3/2 3306/3/2
f 3306/3/2 3303/3/2 3307/3/2
f 3304/3/2 3305/3/2 3308/3/2
f 3308/3/2 3305/3/2 3309/3/2
f 3306/4/2 3307/4/2 3310/4/2
f 3310/4/2 3307/4/2 3311/4/2
f 3308/4/2 3309/4/2 3314/4/2
f 3314/4/2 3309/4/2 3315/4/2
f 3311/4/2 3312/4/2 3316/4/2
f 3316/4/2 3312/4/2 3317/4/2
f 3313/4/2 3314/4/2 3318/4/2
f 3318/4/2 3314/4/2 3319/4/2
f 3320/2/2 3321/2/2 3324/2/2
f 3324/2/2 3321/2/2 3325/2/2
f 3322/2/2 3323/2/2 3326/2/2
f 3326/2/2 3323/2/2 3327/2/2
f 3324/1/2 3325/1/2 3328/1/2
f 3328/1/2 3325/1/2 3329/1/2
f 3326/1/2 3327/1/2 3330/1/2
f 3330/1/2 3327/1/2 3331/1/2
f 3328/4/2 3329/4/2 3332/4/2
f 3332/4/2 3329/4/2 3333/4/2
f 3330/4/2 3331/4/2 3334/4/2
f 3334/4/2 3331/4/2 3335/4/2
f 3332/2/2 3333/2/2 3336/2/2
f 3336/2/2 3333/2/2 3337/2/2
f 3334/2/2 3335/2/2 3338/2/2
f 3338/2/2 3335/2/2 3339/2/2
f 3336/1/2 3337/1/2 3340/1/2
f 3340/1/2 3337/1/2 3341/1/2
f 3338/1/2 3339/1/2 3342/1/2
f 3342/1/2 3339/1/2 3343/1/2
f 3340/2/2 3341/2/2 3344/2/2
f 3344/2/2 3341/2/2 3345/2/2
f 3342/2/2 3343/2/2 3346/2/2
f 3346/2/2 3343/2/2 3347/2/2
f 3348/1/2 3349/1/2 3352/1/2
f 3352/1/2 3349/1/2 3353/1/2
f 3350/4/2 3351/4/2 3363/4/2
f 3363/4/2 3351/4/2 3364/4/2
f 3353/2/2 3354/2/2 3365/2/2
f 3354/4/2 3355/4/2 3366/4/2
f 3365/2/2 3354/2/2 3366/2/2
f 3355/1/2 3356/1/2 3367/1/2
f 3366/4/2 3355/4/2 3367/4/2
f 3356/2/2 3357/2/2 3368/2/2
f 3367/1/2 3356/1/2 3368/1/2
f 3357/4/2 3358/4/2 3369/4/2
f 3368/2/2 3357/2/2 3369/2/2
f 3358/1/2 3359/1/2 3370/1/2
f 3369/4/2 3358/4/2 3370/4/2
f 3359/1/2 3360/1/2 3370/1/2
f 3360/4/2 3361/4/2 3371/4/2
f 3370/1/2 3360/1/2 3371/1/2
f 3361/1/2 3362/1/2 3372/1/2
f 3371/4/2 3361/4/2 3372/4/2
f 3362/2/2 3363/2/2 3373/2/2
f 3372/1/2 3362/1/2 3373/1/2
f 3373/2/2 3363/2/2 3374/2/2
f 3375/2/2 3376/2/2 3385/2/2
f 3376/4/2 3377/4/2 3386/4/2
f 3385/2/2 3376/2/2 3386/2/2
f 3377/1/2 3378/1/2 3387/1/2
f 3386/4/2 3377/4/2 3387/4/2
f 3378/2/2 3379/2/2 3388/2/2
f 3387/1/2 3378/1/2 3388/1/2
f 3379/1/2 3380/1/2 3389/1/2
f 3388/2/2 3379/2/2 3389/2/2
f 3380/2/2 3381/2/2 3390/2/2
f 3389/1/2 3380/1/2 3390/1/2
f 3381/4/2 3382/4/2 3391/4/2
f 3390/2/2 3381/2/2 3391/2/2
f 3382/1/2 3383/1/2 3392/1/2
f 3391/4/2 3382/4/2 3392/4/2
f 3383/2/2 3384/2/2 3393/2/2
f 3392/1/2 3383/1/2 3393/1/2
f 3393/2/2 3384/2/2 3394/2/2
f 3395/3/2 3396/3/2 3400/3/2
f 3400/3/2 3396/3/2 3401/3/2
f 3397/3/2 3398/3/2 3402/3/2
f 3402/3/2 3398/3/2 3403/3/2
f 3399/3/2 3400/3/2 3405/3/2
f 3400/2/2 3401/2/2 3406/2/2
f 3405/3/2 3400/3/2 3406/3/2
f 3403/3/2 3404/3/2 3407/3/2
f 3402/2/2 3403/2/2 3407/2/2
f 3407/3/2 3404/3/2 3408/3/2
f 3405/1/2 3406/1/2 3409/1/2
f 3406/2/2 3401/2/2 3410/2/2
f 3409/1/2 3406/1/2 3410/1/2
f 3402/2/2 3407/2/2 3411/2/2
f 3407/1/2 3408/1/2 3411/1/2
f 3411/1/2 3408/1/2 3412/1/2
f 3409/4/2 3410/4/2 3413/4/2
f 3410/2/2 3401/2/2 3414/2/2
f 3413/4/2 3410/4/2 3414/4/2
f 3402/2/2 3411/2/2 3415/2/2
f 3411/4/2 3412/4/2 3415/4/2
f 3415/4/2 3412/4/2 3416/4/2
f 3413/1/2 3414/1/2 3417/1/2
f 3414/2/2 3401/2/2 3418/2/2
f 3417/1/2 3414/1/2 3418/1/2
f 3418/2/2 3401/2/2 3419/2/2
f 3402/2/2 3415/2/2 3420/2/2
f 3415/1/2 3416/1/2 3421/1/2
f 3420/2/2 3415/2/2 3421/2/2
f 3421/1/2 3416/1/2 3422/1/2
f 3418/4/2 3419/4/2 3423/4/2
f 3423/4/2 3419/4/2 3424/4/2
f 3420/4/2 3421/4/2 3425/4/2
f 3425/4/2 3421/4/2 3426/4/2
f 3427/1/2 3428/1/2 3434/1/2
f 3428/2/2 3429/2/2 3435/2/2
f 3434/1/2 3428/1/2 3435/1/2
f 3429/4/2 3430/4/2 3436/4/2
f 3435/2/2 3429/2/2 3436/2/2
f 3430/1/2 3431/1/2 3437/1/2
f 3436/4/2 3430/4/2 3437/4/2
f 3432/2/2 3433/2/2 3438/2/2
f 3437/1/2 3431/1/2 3438/1/2
f 3431/2/2 3432/2/2 3438/2/2
f 3438/2/2 3433/2/2 3439/2/2
f 3440/2/2 3441/2/2 3445/2/2
f 3441/1/2 3442/1/2 3446/1/2
f 3445/2/2 3441/2/2 3446/2/2
f 3442/4/2 3443/4/2 3447/4/2
f 3446/1/2 3442/1/2 3447/1/2
f 3443/2/2 3444/2/2 3448/2/2
f 3447/4/2 3443/4/2 3448/4/2
f 3448/2/2 3444/2/2 3449/2/2
f 3450/4/2 3451/4/2 3454/4/2
f 3454/4/2 3451/4/2 3455/4/2
f 3452/4/2 3453/4/2 3456/4/2
f 3456/4/2 3453/4/2 3457/4/2
f 3454/2/2 3455/2/2 3458/2/2
f 3456/2/2 3457/2/2 3459/2/2
f 3454/2/2 3458/2/2 3460/2/2
f 3459/2/2 3457/2/2 3461/2/2
f 3454/2/2 3460/2/2 3462/2/2
f 3462/2/2 3460/2/2 3463/2/2
f 3461/2/2 3457/2/2 3466/2/2
f 3466/2/2 3457/2/2 3467/2/2
f 3463/2/2 3464/2/2 3468/2/2
f 3468/2/2 3464/2/2 3469/2/2
f 3465/2/2 3466/2/2 3470/2/2
f 3470/2/2 3466/2/2 3471/2/2
f 3472/3/2 3473/3/2 3477/3/2
f 3477/3/2 3473/3/2 3478/3/2
f 3474/3/2 3475/3/2 3479/3/2
f 3479/3/2 3475/3/2 3480/3/2
f 3476/3/2 3477/3/2 3482/3/2
f 3482/3/2 3477/3/2 3483/3/2
f 3480/3/2 3481/3/2 3484/3/2
f 3484/3/2 3481/3/2 3485/3/2
f 3484/1/2 3485/1/2 3488/1/2
f 3482/1/2 3483/1/2 3489/1/2
f 3489/1/2 3483/1/2 3490/1/2
f 3486/2/2 3487/2/2 3496/2/2
f 3496/2/2 3487/2/2 3497/2/2
f 3488/1/2 3485/1/2 3507/1/2
f 3507/1/2 3485/1/2 3508/1/2
f 3489/3/2 3490/3/2 3509/3/2
f 3490/1/2 3491/1/2 3510/1/2
f 3509/3/2 3490/3/2 3510/3/2
f 3491/4/2 3492/4/2 3511/4/2
f 3510/1/2 3491/1/2 3511/1/2
f 3492/2/2 3493/2/2 3512/2/2
f 3511/4/2 3492/4/2 3512/4/2
f 3493/1/2 3494/1/2 3513/1/2
f 3512/2/2 3493/2/2 3513/2/2
f 3494/2/2 3495/2/2 3514/2/2
f 3513/1/2 3494/1/2 3514/1/2
f 3514/2/2 3495/2/2 3515/2/2
f 3497/2/2 3498/2/2 3516/2/2
f 3498/1/2 3499/1/2 3517/1/2
f 3516/2/2 3498/2/2 3517/2/2
f 3499/1/2 3500/1/2 3517/1/2
f 3500/1/2 3501/1/2 3517/1/2
f 3501/2/2 3502/2/2 3518/2/2
f 3517/1/2 3501/1/2 3518/1/2
f 3505/1/2 3506/1/2 3519/1/2
f 3518/2/2 3502/2/2 3519/2/2
f 3502/1/2 3503/1/2 3519/1/2
f 3503/1/2 3504/1/2 3519/1/2
f 3504/1/2 3505/1/2 3519/1/2
f 3506/2/2 3507/2/2 3520/2/2
f 3519/1/2 3506/1/2 3520/1/2
f 3507/3/2 3508/3/2 3521/3/2
f 3520/2/2 3507/2/2 3521/2/2
f 3521/3/2 3508/3/2 3522/3/2
f 3523/1/2 3524/1/2 3527/1/2
f 3527/1/2 3524/1/2 3528/1/2
f 3525/1/2 3526/1/2 3529/1/2
f 3529/1/2 3526/1/2 3530/1/2
f 3527/4/2 3528/4/2 3531/4/2
f 3531/4/2 3528/4/2 3532/4/2
f 3529/4/2 3530/4/2 3533/4/2
f 3533/4/2 3530/4/2 3534/4/2
f 3531/2/2 3532/2/2 3535/2/2
f 3535/2/2 3532/2/2 3536/2/2
f 3533/2/2 3534/2/2 3537/2/2
f 3537/2/2 3534/2/2 3538/2/2
f 3539/3/2 3540/3/2 3544/3/2
f 3544/3/2 3540/3/2 3545/3/2
f 3541/3/2 3542/3/2 3546/3/2
f 3546/3/2 3542/3/2 3547/3/2
f 3543/4/2 3544/4/2 3549/4/2
f 3547/4/2 3548/4/2 3550/4/2
f 3543/4/2 3549/4/2 3551/4/2
f 3550/4/2 3548/4/2 3552/4/2
f 3543/4/2 3551/4/2 3553/4/2
f 3553/4/2 3551/4/2 3554/4/2
f 3552/4/2 3548/4/2 3555/4/2
f 3555/4/2 3548/4/2 3556/4/2
f 3553/3/2 3554/3/2 3557/3/2
f 3555/3/2 3556/3/2 3558/3/2
f 3553/3/2 3557/3/2 3559/3/2
f 3559/3/2 3557/3/2 3560/3/2
f 3558/3/2 3556/3/2 3561/3/2
f 3561/3/2 3556/3/2 3562/3/2
f 3559/2/2 3560/2/2 3563/2/2
f 3561/2/2 3562/2/2 3564/2/2
f 3559/2/2 3563/2/2 3565/2/2
f 3565/2/2 3563/2/2 3566/2/2
f 3564/2/2 3562/2/2 3569/2/2
f 3569/2/2 3562/2/2 3570/2/2
f 3566/1/2 3567/1/2 3571/1/2
f 3571/1/2 3567/1/2 3572/1/2
f 3568/1/2 3569/1/2 3573/1/2
f 3573/1/2 3569/1/2 3574/1/2
f 3575/4/2 3576/4/2 3579/4/2
f 3579/4/2 3576/4/2 3580/4/2
f 3577/4/2 3578/4/2 3581/4/2
f 3581/4/2 3578/4/2 3582/4/2
f 3579/2/2 3580/2/2 3583/2/2
f 3581/2/2 3582/2/2 3594/2/2
f 3594/2/2 3582/2/2 3595/2/2
f 3579/2/2 3583/2/2 3596/2/2
f 3583/2/2 3584/2/2 3596/2/2
f 3584/4/2 3585/4/2 3597/4/2
f 3596/2/2 3584/2/2 3597/2/2
f 3585/2/2 3586/2/2 3598/2/2
f 3597/4/2 3585/4/2 3598/4/2
f 3586/1/2 3587/1/2 3599/1/2
f 3598/2/2 3586/2/2 3599/2/2
f 3599/1/2 3587/1/2 3600/1/2
f 3588/2/2 3589/2/2 3601/2/2
f 3589/1/2 3590/1/2 3602/1/2
f 3601/2/2 3589/2/2 3602/2/2
f 3590/2/2 3591/2/2 3603/2/2
f 3602/1/2 3590/1/2 3603/1/2
f 3591/4/2 3592/4/2 3604/4/2
f 3603/2/2 3591/2/2 3604/2/2
f 3592/2/2 3593/2/2 3605/2/2
f 3604/4/2 3592/4/2 3605/4/2
f 3593/4/2 3594/4/2 3606/4/2
f 3605/2/2 3593/2/2 3606/2/2
f 3594/1/2 3595/1/2 3607/1/2
f 3606/4/2 3594/4/2 3607/4/2
f 3607/1/2 3595/1/2 3608/1/2
f 3609/3/2 3610/3/2 3613/3/2
f 3613/3/2 3610/3/2 3614/3/2
f 3611/3/2 3612/3/2 3615/3/2
f 3615/3/2 3612/3/2 3616/3/2
f 3613/4/2 3614/4/2 3617/4/2
f 3617/4/2 3614/4/2 3618/4/2
f 3615/4/2 3616/4/2 3619/4/2
f 3619/4/2 3616/4/2 3620/4/2
f 3617/2/2 3618/2/2 3621/2/2
f 3621/2/2 3618/2/2 3622/2/2
f 3619/2/2 3620/2/2 3623/2/2
f 3623/2/2 3620/2/2 3624/2/2
f 3621/1/2 3622/1/2 3625/1/2
f 3625/1/2 3622/1/2 3626/1/2
f 3623/1/2 3624/1/2 3627/1/2
f 3627/1/2 3624/1/2 3628/1/2
f 3625/3/2 3626/3/2 3629/3/2
f 3629/3/2 3626/3/2 3630/3/2
f 3627/3/2 3628/3/2 3631/3/2
f 3631/3/2 3628/3/2 3632/3/2
f 3629/1/2 3630/1/2 3633/1/2
f 3633/1/2 3630/1/2 3634/1/2
f 3631/1/2 3632/1/2 3635/1/2
f 3635/1/2 3632/1/2 3636/1/2
f 3637/4/2 3638/4/2 3641/4/2
f 3641/4/2 3638/4/2 3642/4/2
f 3639/2/2 3640/2/2 3653/2/2
f 3653/2/2 3640/2/2 3654/2/2
f 3642/1/2 3643/1/2 3655/1/2
f 3643/2/2 3644/2/2 3656/2/2
f 3655/1/2 3643/1/2 3656/1/2
f 3644/4/2 3645/4/2 3657/4/2
f 3656/2/2 3644/2/2 3657/2/2
f 3645/1/2 3646/1/2 3658/1/2
f 3657/4/2 3645/4/2 3658/4/2
f 3646/2/2 3647/2/2 3659/2/2
f 3658/1/2 3646/1/2 3659/1/2
f 3647/4/2 3648/4/2 3660/4/2
f 3659/2/2 3647/2/2 3660/2/2
f 3648/1/2 3649/1/2 3661/1/2
f 3660/4/2 3648/4/2 3661/4/2
f 3649/4/2 3650/4/2 3662/4/2
f 3661/1/2 3649/1/2 3662/1/2
f 3650/2/2 3651/2/2 3663/2/2
f 3662/4/2 3650/4/2 3663/4/2
f 3651/1/2 3652/1/2 3664/1/2
f 3663/2/2 3651/2/2 3664/2/2
f 3652/2/2 3653/2/2 3665/2/2
f 3664/1/2 3652/1/2 3665/1/2
f 3665/2/2 3653/2/2 3666/2/2
f 3667/2/2 3668/2/2 3677/2/2
f 3668/4/2 3669/4/2 3678/4/2
f 3677/2/2 3668/2/2 3678/2/2
f 3669/1/2 3670/1/2 3679/1/2
f 3678/4/2 3669/4/2 3679/4/2
f 3670/2/2 3671/2/2 3680/2/2
f 3679/1/2 3670/1/2 3680/1/2
f 3671/1/2 3672/1/2 3681/1/2
f 3680/2/2 3671/2/2 3681/2/2
f 3672/2/2 3673/2/2 3682/2/2
f 3681/1/2 3672/1/2 3682/1/2
f 3673/4/2 3674/4/2 3683/4/2
f 3682/2/2 3673/2/2 3683/2/2
f 3674/1/2 3675/1/2 3684/1/2
f 3683/4/2 3674/4/2 3684/4/2
f 3675/2/2 3676/2/2 3685/2/2
f 3684/1/2 3675/1/2 3685/1/2
f 3685/2/2 3676/2/2 3686/2/2
f 3687/1/2 3688/1/2 3692/1/2
f 3692/1/2 3688/1/2 3693/1/2
f 3689/1/2 3690/1/2 3694/1/2
f 3694/1/2 3690/1/2 3695/1/2
f 3691/4/2 3692/4/2 3697/4/2
f 3695/4/2 3696/4/2 3698/4/2
f 3691/4/2 3697/4/2 3699/4/2
f 3699/4/2 3697/4/2 3700/4/2
f 3698/4/2 3696/4/2 3701/4/2
f 3701/4/2 3696/4/2 3702/4/2
f 3699/2/2 3700/2/2 3703/2/2
f 3701/2/2 3702/2/2 3704/2/2
f 3699/2/2 3703/2/2 3705/2/2
f 3705/2/2 3703/2/2 3706/2/2
f 3704/2/2 3702/2/2 3707/2/2
f 3707/2/2 3702/2/2 3708/2/2
f 3705/3/2 3706/3/2 3709/3/2
f 3709/3/2 3706/3/2 3710/3/2
f 3707/3/2 3708/3/2 3711/3/2
f 3711/3/2 3708/3/2 3712/3/2
f 3709/4/2 3710/4/2 3713/4/2
f 3711/4/2 3712/4/2 3714/4/2
f 3709/4/2 3713/4/2 3715/4/2
f 3714/4/2 3712/4/2 3716/4/2
f 3709/4/2 3715/4/2 3717/4/2
f 3717/4/2 3715/4/2 3718/4/2
f 3716/4/2 3712/4/2 3721/4/2
f 3721/4/2 3712/4/2 3722/4/2
f 3718/2/2 3719/2/2 3723/2/2
f 3723/2/2 3719/2/2 3724/2/2
f 3720/2/2 3721/2/2 3725/2/2
f 3725/2/2 3721/2/2 3726/2/2
f 3727/4/2 3728/4/2 3731/4/2
f 3731/4/2 3728/4/2 3732/4/2
f 3729/4/2 3730/4/2 3733/4/2
f 3733/4/2 3730/4/2 3734/4/2
f 3731/2/2 3732/2/2 3735/2/2
f 3735/2/2 3732/2/2 3736/2/2
f 3733/2/2 3734/2/2 3737/2/2
f 3737/2/2 3734/2/2 3738/2/2
f 3735/1/2 3736/1/2 3739/1/2
f 3739/1/2 3736/1/2 3740/1/2
f 3737/1/2 3738/1/2 3741/1/2
f 3741/1/2 3738/1/2 3742/1/2
f 3739/4/2 3740/4/2 3743/4/2
f 3743/4/2 3740/4/2 3744/4/2
f 3741/4/2 3742/4/2 3745/4/2
f 3745/4/2 3742/4/2 3746/4/2
f 3743/2/2 3744/2/2 3747/2/2
f 3747/2/2 3744/2/2 3748/2/2
f 3745/2/2 3746/2/2 3749/2/2
f 3749/2/2 3746/2/2 3750/2/2
f 3751/3/2 3752/3/2 3756/3/2
f 3756/3/2 3752/3/2 3757/3/2
f 3753/3/2 3754/3/2 3758/3/2
f 3758/3/2 3754/3/2 3759/3/2
f 3755/3/2 3756/3/2 3761/3/2
f 3761/3/2 3756/3/2 3762/3/2
f 3759/3/2 3760/3/2 3763/3/2
f 3763/3/2 3760/3/2 3764/3/2
f 3761/1/2 3762/1/2 3765/1/2
f 3765/1/2 3762/1/2 3766/1/2
f 3763/1/2 3764/1/2 3767/1/2
f 3767/1/2 3764/1/2 3768/1/2
f 3765/3/2 3766/3/2 3769/3/2
f 3769/3/2 3766/3/2 3770/3/2
f 3767/3/2 3768/3/2 3771/3/2
f 3771/3/2 3768/3/2 3772/3/2
f 3769/4/2 3770/4/2 3773/4/2
f 3773/4/2 3770/4/2 3774/4/2
f 3771/4/2 3772/4/2 3775/4/2
f 3775/4/2 3772/4/2 3776/4/2
f 3773/2/2 3774/2/2 3777/2/2
f 3777/2/2 3774/2/2 3778/2/2
f 3775/2/2 3776/2/2 3781/2/2
f 3781/2/2 3776/2/2 3782/2/2
f 3778/2/2 3779/2/2 3783/2/2
f 3783/2/2 3779/2/2 3784/2/2
f 3780/2/2 3781/2/2 3785/2/2
f 3785/2/2 3781/2/2 3786/2/2
f 3787/3/2 3788/3/2 3791/3/2
f 3791/3/2 3788/3/2 3792/3/2
f 3789/3/2 3790/3/2 3793/3/2
f 3793/3/2 3790/3/2 3794/3/2
f 3791/2/2 3792/2/2 3795/2/2
f 3795/2/2 3792/2/2 3796/2/2
f 3793/2/2 3794/2/2 3797/2/2
f 3797/2/2 3794/2/2 3798/2/2
f 3795/1/2 3796/1/2 3799/1/2
f 3799/1/2 3796/1/2 3800/1/2
f 3797/1/2 3798/1/2 3801/1/2
f 3801/1/2 3798/1/2 3802/1/2
f 3799/3/2 3800/3/2 3803/3/2
f 3803/3/2 3800/3/2 3804/3/2
f 3801/3/2 3802/3/2 3805/3/2
f 3805/3/2 3802/3/2 3806/3/2
f 3803/1/2 3804/1/2 3807/1/2
f 3807/1/2 3804/1/2 3808/1/2
f 3805/1/2 3806/1/2 3809/1/2
f 3809/1/2 3806/1/2 3810/1/2
f 3811/3/2 3812/3/2 3817/3/2
f 3815/3/2 3816/3/2 3818/3/2
f 3817/3/2 3812/3/2 3820/3/2
f 3813/3/2 3814/3/2 3821/3/2
f 3821/3/2 3814/3/2 3822/3/2
f 3818/3/2 3816/3/2 3825/3/2
f 3825/3/2 3816/3/2 3826/3/2
f 3819/3/2 3820/3/2 3830/3/2
f 3820/3/2 3812/3/2 3831/3/2
f 3830/3/2 3820/3/2 3831/3/2
f 3822/3/2 3823/3/2 3837/3/2
f 3821/3/2 3822/3/2 3837/3/2
f 3837/3/2 3823/3/2 3838/3/2
f 3824/3/2 3825/3/2 3847/3/2
f 3825/3/2 3826/3/2 3847/3/2
f 3826/3/2 3827/3/2 3847/3/2
f 3847/3/2 3827/3/2 3848/3/2
f 3835/3/2 3836/3/2 3856/3/2
f 3854/3/2 3855/3/2 3856/3/2
f 3853/3/2 3854/3/2 3856/3/2
f 3852/3/2 3853/3/2 3856/3/2
f 3851/3/2 3852/3/2 3856/3/2
f 3850/3/2 3851/3/2 3856/3/2
f 3849/3/2 3850/3/2 3856/3/2
f 3848/3/2 3849/3/2 3856/3/2
f 3847/3/2 3848/3/2 3856/3/2
f 3846/3/2 3847/3/2 3856/3/2
f 3828/3/2 3829/3/2 3856/3/2
f 3842/3/2 3843/3/2 3856/3/2
f 3841/3/2 3842/3/2 3856/3/2
f 3840/3/2 3841/3/2 3856/3/2
f 3839/3/2 3840/3/2 3856/3/2
f 3838/3/2 3839/3/2 3856/3/2
f 3837/3/2 3838/3/2 3856/3/2
f 3836/3/2 3837/3/2 3856/3/2
f 3829/3/2 3830/3/2 3856/3/2
f 3833/3/2 3834/3/2 3856/3/2
f 3832/3/2 3833/3/2 3856/3/2
f 3831/3/2 3832/3/2 3856/3/2
f 3830/3/2 3831/3/2 3856/3/2
f 3834/3/2 3835/3/2 3856/3/2
f 3843/3/2 3844/3/2 3856/3/2
f 3844/3/2 3845/3/2 3856/3/2
f 3845/3/2 3846/3/2 3856/3/2
f 3856/3/2 3855/3/2 3857/3/2
f 3857/3/2 3855/3/2 3858/3/2
f 3858/3/2 3855/3/2 3859/3/2
f 3859/3/2 3855/3/2 3860/3/2
f 3860/3/2 3855/3/2 3861/3/2
f 3861/3/2 3855/3/2 3862/3/2
f 3862/3/2 3855/3/2 3863/3/2
f 3863/3/2 3855/3/2 3864/3/2
f 3864/3/2 3855/3/2 3865/3/2
f 3865/3/2 3855/3/2 3866/3/2
f 3866/3/2 3855/3/2 3867/3/2
f 3867/3/2 3855/3/2 3868/3/2
f 3868/3/2 3855/3/2 3869/3/2
f 3869/3/2 3855/3/2 3870/3/2
f 3870/3/2 3855/3/2 3871/3/2
f 3871/3/2 3855/3/2 3872/3/2
f 3872/3/2 3855/3/2 3873/3/2
f 3873/3/2 3855/3/2 3874/3/2
f 3874/3/2 3855/3/2 3875/3/2
f 3875/3/2 3855/3/2 3876/3/2
f 3876/3/2 3855/3/2 3877/3/2
f 3877/3/2 3855/3/2 3878/3/2
f 3878/3/2 3855/3/2 3879/3/2
f 3879/3/2 3855/3/2 3880/3/2
f 3880/3/2 3855/3/2 3881/3/2
f 3857/3/2 3858/3/2 3882/3/2
f 3882/3/2 3858/3/2 3883/3/2
f 3883/3/2 3858/3/2 3884/3/2
f 3867/3/2 3868/3/2 3885/3/2
f 3885/3/2 3868/3/2 3886/3/2
f 3886/3/2 3868/3/2 3887/3/2
f 3887/3/2 3868/3/2 3888/3/2
f 3879/3/2 3880/3/2 3889/3/2
f 3889/3/2 3880/3/2 3890/3/2
f 3890/3/2 3880/3/2 3891/3/2
f 3891/3/2 3880/3/2 3892/3/2
f 3882/3/2 3883/3/2 3893/3/2
f 3886/3/2 3887/3/2 3894/3/2
f 3890/3/2 3891/3/2 3895/3/2
f 3894/3/2 3887/3/2 3896/3/2
f 3895/3/2 3891/3/2 3897/3/2
f 3882/3/2 3893/3/2 3898/3/2
f 3896/3/2 3887/3/2 3899/3/2
f 3895/3/2 3897/3/2 3900/3/2
f 3900/3/2 3897/3/2 3901/3/2
f 3899/3/2 3887/3/2 3902/3/2
f 3899/3/2 3902/3/2 3903/3/2
f 3900/3/2 3901/3/2 3904/3/2
f 3882/3/2 3898/3/2 3905/3/2
f 3903/3/2 3902/3/2 3906/3/2
f 3906/3/2 3902/3/2 3907/3/2
f 3900/3/2 3904/3/2 3908/3/2
f 3908/3/2 3904/3/2 3909/3/2
f 3882/3/2 3905/3/2 3910/3/2
f 3908/3/2 3909/3/2 3911/3/2
f 3911/3/2 3909/3/2 3912/3/2
f 3882/3/2 3910/3/2 3913/3/2
f 3913/3/2 3910/3/2 3914/3/2
f 3906/3/2 3907/3/2 3917/3/2
f 3917/3/2 3907/3/2 3918/3/2
f 3911/3/2 3912/3/2 3921/3/2
f 3921/3/2 3912/3/2 3922/3/2
f 3914/3/2 3915/3/2 3925/3/2
f 3913/3/2 3914/3/2 3925/3/2
f 3925/3/2 3915/3/2 3926/3/2
f 3917/3/2 3918/3/2 3933/3/2
f 3916/3/2 3917/3/2 3933/3/2
f 3918/3/2 3919/3/2 3933/3/2
f 3933/3/2 3919/3/2 3934/3/2
f 3921/3/2 3922/3/2 3941/3/2
f 3920/3/2 3921/3/2 3941/3/2
f 3922/3/2 3923/3/2 3941/3/2
f 3941/3/2 3923/3/2 3942/3/2
f 3941/3/2 3942/3/2 3945/3/2
f 3943/3/2 3944/3/2 3945/3/2
f 3942/3/2 3943/3/2 3945/3/2
f 3940/3/2 3941/3/2 3945/3/2
f 3939/3/2 3940/3/2 3945/3/2
f 3936/3/2 3937/3/2 3945/3/2
f 3935/3/2 3936/3/2 3945/3/2
f 3934/3/2 3935/3/2 3945/3/2
f 3933/3/2 3934/3/2 3945/3/2
f 3932/3/2 3933/3/2 3945/3/2
f 3938/3/2 3939/3/2 3945/3/2
f 3928/3/2 3929/3/2 3945/3/2
f 3927/3/2 3928/3/2 3945/3/2
f 3926/3/2 3927/3/2 3945/3/2
f 3925/3/2 3926/3/2 3945/3/2
f 3924/3/2 3925/3/2 3945/3/2
f 3931/3/2 3932/3/2 3945/3/2
f 3937/3/2 3938/3/2 3945/3/2
f 3930/3/2 3931/3/2 3945/3/2
f 3929/3/2 3930/3/2 3945/3/2
f 3945/3/2 3944/3/2 3946/3/2
f 3946/3/2 3944/3/2 3947/3/2
f 3947/3/2 3944/3/2 3948/3/2
f 3948/3/2 3944/3/2 3949/3/2
f 3949/3/2 3944/3/2 3950/3/2
f 3950/3/2 3944/3/2 3951/3/2
f 3951/3/2 3944/3/2 3952/3/2
f 3952/3/2 3944/3/2 3953/3/2
f 3953/3/2 3944/3/2 3954/3/2
f 3954/3/2 3944/3/2 3955/3/2
f 3955/3/2 3944/3/2 3956/3/2
f 3956/3/2 3944/3/2 3957/3/2
f 3957/3/2 3944/3/2 3958/3/2
f 3958/3/2 3944/3/2 3959/3/2
f 3959/3/2 3944/3/2 3960/3/2
f 3960/3/2 3944/3/2 3961/3/2
f 3961/3/2 3944/3/2 3962/3/2
f 3962/3/2 3944/3/2 3963/3/2
f 3963/3/2 3944/3/2 3964/3/2
f 3948/3/2 3949/3/2 3965/3/2
f 3965/3/2 3949/3/2 3966/3/2
f 3966/3/2 3949/3/2 3967/3/2
f 3967/3/2 3949/3/2 3968/3/2
f 3959/3/2 3960/3/2 3969/3/2
f 3969/3/2 3960/3/2 3970/3/2
f 3970/3/2 3960/3/2 3971/3/2
f 3971/3/2 3960/3/2 3972/3/2
f 3970/3/2 3971/3/2 3973/3/2
f 3966/3/2 3967/3/2 3974/3/2
f 3974/3/2 3967/3/2 3975/3/2
f 3973/3/2 3971/3/2 3976/3/2
f 3976/3/2 3971/3/2 3977/3/2
f 3974/3/2 3975/3/2 3978/3/2
f 3976/3/2 3977/3/2 3979/3/2
f 3978/3/2 3975/3/2 3980/3/2
f 3976/3/2 3979/3/2 3981/3/2
f 3978/3/2 3980/3/2 3982/3/2
f 3982/3/2 3980/3/2 3983/3/2
f 3981/3/2 3979/3/2 3984/3/2
f 3984/3/2 3979/3/2 3985/3/2
f 3984/3/2 3985/3/2 3986/3/2
f 3982/3/2 3983/3/2 3987/3/2
f 3984/3/2 3986/3/2 3988/3/2
f 3988/3/2 3986/3/2 3989/3/2
f 3987/3/2 3983/3/2 3991/3/2
f 3991/3/2 3983/3/2 3992/3/2
f 3988/3/2 3989/3/2 3995/3/2
f 3995/3/2 3989/3/2 3996/3/2
f 3991/3/2 3992/3/2 4000/3/2
f 3990/3/2 3991/3/2 4000/3/2
f 3992/3/2 3993/3/2 4000/3/2
f 4000/3/2 3993/3/2 4001/3/2
f 3995/3/2 3996/3/2 4012/3/2
f 3994/3/2 3995/3/2 4012/3/2
f 3996/3/2 3997/3/2 4012/3/2
f 4012/3/2 3997/3/2 4013/3/2
f 4012/3/2 4013/3/2 4017/3/2
f 4015/3/2 4016/3/2 4017/3/2
f 4014/3/2 4015/3/2 4017/3/2
f 4013/3/2 4014/3/2 4017/3/2
f 4011/3/2 4012/3/2 4017/3/2
f 4010/3/2 4011/3/2 4017/3/2
f 4007/3/2 4008/3/2 4017/3/2
f 4006/3/2 4007/3/2 4017/3/2
f 4005/3/2 4006/3/2 4017/3/2
f 4004/3/2 4005/3/2 4017/3/2
f 4003/3/2 4004/3/2 4017/3/2
f 4002/3/2 4003/3/2 4017/3/2
f 4001/3/2 4002/3/2 4017/3/2
f 4000/3/2 4001/3/2 4017/3/2
f 3999/3/2 4000/3/2 4017/3/2
f 4009/3/2 4010/3/2 4017/3/2
f 3998/3/2 3999/3/2 4017/3/2
f 4008/3/2 4009/3/2 4017/3/2
f 4017/3/2 4016/3/2 4018/3/2
f 4018/3/2 4016/3/2 4019/3/2
f 4019/3/2 4016/3/2 4020/3/2
f 4020/3/2 4016/3/2 4021/3/2
f 4021/3/2 4016/3/2 4022/3/2
f 4022/3/2 4016/3/2 4023/3/2
f 4023/3/2 4016/3/2 4024/3/2
f 4024/3/2 4016/3/2 4025/3/2
f 4025/3/2 4016/3/2 4026/3/2
f 4026/3/2 4016/3/2 4027/3/2
f 4027/3/2 4016/3/2 4028/3/2
f 4028/3/2 4016/3/2 4029/3/2
f 4029/3/2 4016/3/2 4030/3/2
f 4030/3/2 4016/3/2 4031/3/2
f 4031/3/2 4016/3/2 4032/3/2
f 4032/3/2 4016/3/2 4033/3/2
f 4033/3/2 4016/3/2 4034/3/2
f 4034/3/2 4016/3/2 4035/3/2
f 4035/3/2 4016/3/2 4036/3/2
f 4036/3/2 4016/3/2 4037/3/2
f 4037/3/2 4016/3/2 4038/3/2
f 4021/3/2 4022/3/2 4039/3/2
f 4039/3/2 4022/3/2 4040/3/2
f 4040/3/2 4022/3/2 4041/3/2
f 4026/3/2 4027/3/2 4042/3/2
f 4042/3/2 4027/3/2 4043/3/2
f 4043/3/2 4027/3/2 4044/3/2
f 4036/3/2 4037/3/2 4045/3/2
f 4045/3/2 4037/3/2 4046/3/2
f 4046/3/2 4037/3/2 4047/3/2
f 4047/3/2 4037/3/2 4048/3/2
f 4040/3/2 4041/3/2 4049/3/2
f 4042/3/2 4043/3/2 4050/3/2
f 4046/3/2 4047/3/2 4051/3/2
f 4051/3/2 4047/3/2 4052/3/2
f 4049/3/2 4041/3/2 4053/3/2
f 4051/3/2 4052/3/2 4054/3/2
f 4042/3/2 4050/3/2 4055/3/2
f 4051/3/2 4054/3/2 4056/3/2
f 4053/3/2 4041/3/2 4057/3/2
f 4042/3/2 4055/3/2 4058/3/2
f 4056/3/2 4054/3/2 4059/3/2
f 4059/3/2 4054/3/2 4060/3/2
f 4057/3/2 4041/3/2 4061/3/2
f 4059/3/2 4060/3/2 4062/3/2
f 4062/3/2 4060/3/2 4063/3/2
f 4061/3/2 4041/3/2 4065/3/2
f 4042/3/2 4058/3/2 4066/3/2
f 4066/3/2 4058/3/2 4067/3/2
f 4062/3/2 4063/3/2 4070/3/2
f 4070/3/2 4063/3/2 4071/3/2
f 4064/3/2 4065/3/2 4078/3/2
f 4065/3/2 4041/3/2 4079/3/2
f 4078/3/2 4065/3/2 4079/3/2
f 4066/3/2 4067/3/2 4084/3/2
f 4067/3/2 4068/3/2 4084/3/2
f 4084/3/2 4068/3/2 4085/3/2
f 4070/3/2 4071/3/2 4094/3/2
f 4069/3/2 4070/3/2 4094/3/2
f 4071/3/2 4072/3/2 4094/3/2
f 4094/3/2 4072/3/2 4095/3/2
f 4094/3/2 4095/3/2 4097/3/2
f 4095/3/2 4096/3/2 4097/3/2
f 4093/3/2 4094/3/2 4097/3/2
f 4092/3/2 4093/3/2 4097/3/2
f 4089/3/2 4090/3/2 4097/3/2
f 4088/3/2 4089/3/2 4097/3/2
f 4087/3/2 4088/3/2 4097/3/2
f 4086/3/2 4087/3/2 4097/3/2
f 4085/3/2 4086/3/2 4097/3/2
f 4084/3/2 4085/3/2 4097/3/2
f 4083/3/2 4084/3/2 4097/3/2
f 4091/3/2 4092/3/2 4097/3/2
f 4080/3/2 4081/3/2 4097/3/2
f 4079/3/2 4080/3/2 4097/3/2
f 4078/3/2 4079/3/2 4097/3/2
f 4076/3/2 4077/3/2 4097/3/2
f 4075/3/2 4076/3/2 4097/3/2
f 4074/3/2 4075/3/2 4097/3/2
f 4073/3/2 4074/3/2 4097/3/2
f 4090/3/2 4091/3/2 4097/3/2
f 4082/3/2 4083/3/2 4097/3/2
f 4077/3/2 4078/3/2 4097/3/2
f 4081/3/2 4082/3/2 4097/3/2
f 4097/3/2 4096/3/2 4098/3/2
f 4098/3/2 4096/3/2 4099/3/2
f 4099/3/2 4096/3/2 4100/3/2
f 4100/3/2 4096/3/2 4101/3/2
f 4101/3/2 4096/3/2 4102/3/2
f 4102/3/2 4096/3/2 4103/3/2
f 4103/3/2 4096/3/2 4104/3/2
f 4104/3/2 4096/3/2 4105/3/2
f 4105/3/2 4096/3/2 4106/3/2
f 4106/3/2 4096/3/2 4107/3/2
f 4107/3/2 4096/3/2 4108/3/2
f 4108/3/2 4096/3/2 4109/3/2
f 4109/3/2 4096/3/2 4110/3/2
f 4110/3/2 4096/3/2 4111/3/2
f 4111/3/2 4096/3/2 4112/3/2
f 4112/3/2 4096/3/2 4113/3/2
f 4113/3/2 4096/3/2 4114/3/2
f 4114/3/2 4096/3/2 4115/3/2
f 4115/3/2 4096/3/2 4116/3/2
f 4116/3/2 4096/3/2 4117/3/2
f 4117/3/2 4096/3/2 4118/3/2
f 4118/3/2 4096/3/2 4119/3/2
f 4119/3/2 4096/3/2 4120/3/2
f 4120/3/2 4096/3/2 4121/3/2
f 4099/3/2 4100/3/2 4122/3/2
f 4122/3/2 4100/3/2 4123/3/2
f 4123/3/2 4100/3/2 4124/3/2
f 4105/3/2 4106/3/2 4125/3/2
f 4125/3/2 4106/3/2 4126/3/2
f 4126/3/2 4106/3/2 4127/3/2
f 4113/3/2 4114/3/2 4128/3/2
f 4128/3/2 4114/3/2 4129/3/2
f 4129/3/2 4114/3/2 4130/3/2
f 4130/3/2 4114/3/2 4131/3/2
f 4123/3/2 4124/3/2 4132/3/2
f 4129/3/2 4130/3/2 4133/3/2
f 4132/3/2 4124/3/2 4134/3/2
f 4134/3/2 4124/3/2 4135/3/2
f 4125/3/2 4126/3/2 4136/3/2
f 4136/3/2 4126/3/2 4137/3/2
f 4133/3/2 4130/3/2 4138/3/2
f 4138/3/2 4130/3/2 4139/3/2
f 4140/1/2 4141/1/2 4152/1/2
f 4152/1/2 4141/1/2 4153/1/2
f 4142/1/2 4143/1/2 4154/1/2
f 4154/1/2 4143/1/2 4155/1/2
f 4144/3/2 4145/3/2 4156/3/2
f 4146/1/2 4147/1/2 4157/1/2
f 4148/3/2 4149/3/2 4158/3/2
f 4158/3/2 4149/3/2 4159/3/2
f 4150/3/2 4151/3/2 4160/3/2
f 4154/3/2 4155/3/2 4161/3/2
f 4144/3/2 4156/3/2 4162/3/2
f 4162/3/2 4156/3/2 4163/3/2
f 4157/1/2 4147/1/2 4164/1/2
f 4164/1/2 4147/1/2 4165/1/2
f 4158/4/2 4159/4/2 4166/4/2
f 4160/3/2 4151/3/2 4167/3/2
f 4167/3/2 4151/3/2 4168/3/2
f 4152/4/2 4153/4/2 4169/4/2
f 4169/4/2 4153/4/2 4170/4/2
f 4161/3/2 4155/3/2 4171/3/2
f 4171/3/2 4155/3/2 4172/3/2
f 4164/4/2 4165/4/2 4173/4/2
f 4173/4/2 4165/4/2 4174/4/2
f 4158/4/2 4166/4/2 4175/4/2
f 4169/2/2 4170/2/2 4176/2/2
f 4176/2/2 4170/2/2 4177/2/2
f 4171/1/2 4172/1/2 4179/1/2
f 4179/1/2 4172/1/2 4180/1/2
f 4162/2/2 4163/2/2 4189/2/2
f 4189/2/2 4163/2/2 4190/2/2
f 4173/2/2 4174/2/2 4200/2/2
f 4200/2/2 4174/2/2 4201/2/2
f 4158/4/2 4175/4/2 4202/4/2
f 4202/4/2 4175/4/2 4203/4/2
f 4167/1/2 4168/1/2 4212/1/2
f 4212/1/2 4168/1/2 4213/1/2
f 4177/2/2 4178/2/2 4214/2/2
f 4178/1/2 4179/1/2 4215/1/2
f 4214/2/2 4178/2/2 4215/2/2
f 4215/1/2 4179/1/2 4216/1/2
f 4181/2/2 4182/2/2 4217/2/2
f 4182/1/2 4183/1/2 4218/1/2
f 4217/2/2 4182/2/2 4218/2/2
f 4183/1/2 4184/1/2 4218/1/2
f 4184/4/2 4185/4/2 4219/4/2
f 4218/1/2 4184/1/2 4219/1/2
f 4185/2/2 4186/2/2 4220/2/2
f 4219/4/2 4185/4/2 4220/4/2
f 4186/1/2 4187/1/2 4221/1/2
f 4220/2/2 4186/2/2 4221/2/2
f 4187/4/2 4188/4/2 4222/4/2
f 4221/1/2 4187/1/2 4222/1/2
f 4222/4/2 4188/4/2 4223/4/2
f 4190/1/2 4191/1/2 4224/1/2
f 4191/4/2 4192/4/2 4225/4/2
f 4224/1/2 4191/1/2 4225/1/2
f 4192/2/2 4193/2/2 4226/2/2
f 4225/4/2 4192/4/2 4226/4/2
f 4193/4/2 4194/4/2 4227/4/2
f 4226/2/2 4193/2/2 4227/2/2
f 4194/1/2 4195/1/2 4228/1/2
f 4227/4/2 4194/4/2 4228/4/2
f 4195/2/2 4196/2/2 4229/2/2
f 4228/1/2 4195/1/2 4229/1/2
f 4196/4/2 4197/4/2 4230/4/2
f 4229/2/2 4196/2/2 4230/2/2
f 4198/1/2 4199/1/2 4231/1/2
f 4230/4/2 4197/4/2 4231/4/2
f 4197/1/2 4198/1/2 4231/1/2
f 4199/2/2 4200/2/2 4232/2/2
f 4231/1/2 4199/1/2 4232/1/2
f 4232/2/2 4200/2/2 4233/2/2
f 4203/2/2 4204/2/2 4234/2/2
f 4204/1/2 4205/1/2 4235/1/2
f 4234/2/2 4204/2/2 4235/2/2
f 4205/4/2 4206/4/2 4236/4/2
f 4235/1/2 4205/1/2 4236/1/2
f 4206/2/2 4207/2/2 4237/2/2
f 4236/4/2 4206/4/2 4237/4/2
f 4209/1/2 4210/1/2 4238/1/2
f 4237/2/2 4207/2/2 4238/2/2
f 4208/1/2 4209/1/2 4238/1/2
f 4207/1/2 4208/1/2 4238/1/2
f 4210/4/2 4211/4/2 4239/4/2
f 4238/1/2 4210/1/2 4239/1/2
f 4211/2/2 4212/2/2 4240/2/2
f 4239/4/2 4211/4/2 4240/4/2
f 4240/2/2 4212/2/2 4241/2/2
f 4242/4/2 4243/4/2 4270/4/2
f 4243/3/2 4244/3/2 4271/3/2
f 4270/4/2 4243/4/2 4271/4/2
f 4271/3/2 4244/3/2 4272/3/2
f 4272/3/2 4244/3/2 4273/3/2
f 4245/3/2 4246/3/2 4275/3/2
f 4275/3/2 4246/3/2 4276/3/2
f 4246/1/2 4247/1/2 4277/1/2
f 4276/3/2 4246/3/2 4277/3/2
f 4247/4/2 4248/4/2 4278/4/2
f 4277/1/2 4247/1/2 4278/1/2
f 4248/3/2 4249/3/2 4279/3/2
f 4278/4/2 4248/4/2 4279/4/2
f 4249/1/2 4250/1/2 4280/1/2
f 4279/3/2 4249/3/2 4280/3/2
f 4250/4/2 4251/4/2 4281/4/2
f 4280/1/2 4250/1/2 4281/1/2
f 4281/4/2 4251/4/2 4282/4/2
f 4251/3/2 4252/3/2 4283/3/2
f 4282/4/2 4251/4/2 4283/4/2
f 4283/3/2 4252/3/2 4284/3/2
f 4252/4/2 4253/4/2 4285/4/2
f 4284/3/2 4252/3/2 4285/3/2
f 4253/1/2 4254/1/2 4286/1/2
f 4285/4/2 4253/4/2 4286/4/2
f 4286/1/2 4254/1/2 4287/1/2
f 4255/3/2 4256/3/2 4290/3/2
f 4256/4/2 4257/4/2 4291/4/2
f 4290/3/2 4256/3/2 4291/3/2
f 4291/4/2 4257/4/2 4292/4/2
f 4257/1/2 4258/1/2 4293/1/2
f 4292/4/2 4257/4/2 4293/4/2
f 4258/3/2 4259/3/2 4294/3/2
f 4293/1/2 4258/1/2 4294/1/2
f 4294/3/2 4259/3/2 4295/3/2
f 4259/1/2 4260/1/2 4296/1/2
f 4295/3/2 4259/3/2 4296/3/2
f 4260/4/2 4261/4/2 4297/4/2
f 4296/1/2 4260/1/2 4297/1/2
f 4297/4/2 4261/4/2 4298/4/2
f 4261/3/2 4262/3/2 4299/3/2
f 4298/4/2 4261/4/2 4299/4/2
f 4262/1/2 4263/1/2 4300/1/2
f 4299/3/2 4262/3/2 4300/3/2
f 4263/4/2 4264/4/2 4301/4/2
f 4300/1/2 4263/1/2 4301/1/2
f 4264/3/2 4265/3/2 4302/3/2
f 4301/4/2 4264/4/2 4302/4/2
f 4265/1/2 4266/1/2 4303/1/2
f 4302/3/2 4265/3/2 4303/3/2
f 4303/1/2 4266/1/2 4304/1/2
f 4267/4/2 4268/4/2 4307/4/2
f 4307/4/2 4268/4/2 4308/4/2
f 4308/4/2 4268/4/2 4309/4/2
f 4309/4/2 4268/4/2 4310/4/2
f 4269/4/2 4270/4/2 4312/4/2
f 4274/3/2 4275/3/2 4313/3/2
f 4313/3/2 4275/3/2 4314/3/2
f 4287/2/2 4288/2/2 4315/2/2
f 4315/2/2 4288/2/2 4316/2/2
f 4289/4/2 4290/4/2 4317/4/2
f 4304/4/2 4305/4/2 4318/4/2
f 4318/4/2 4305/4/2 4319/4/2
f 4306/1/2 4307/1/2 4320/1/2
f 4310/4/2 4311/4/2 4321/4/2
f 4321/4/2 4311/4/2 4322/4/2
f 4313/1/2 4314/1/2 4323/1/2
f 4315/1/2 4316/1/2 4324/1/2
f 4324/1/2 4316/1/2 4325/1/2
f 4289/4/2 4317/4/2 4326/4/2
f 4318/2/2 4319/2/2 4327/2/2
f 4306/1/2 4320/1/2 4328/1/2
f 4328/1/2 4320/1/2 4329/1/2
f 4321/3/2 4322/3/2 4330/3/2
f 4330/3/2 4322/3/2 4331/3/2
f 4269/4/2 4312/4/2 4332/4/2
f 4332/4/2 4312/4/2 4333/4/2
f 4313/1/2 4323/1/2 4334/1/2
f 4334/1/2 4323/1/2 4335/1/2
f 4324/4/2 4325/4/2 4336/4/2
f 4336/4/2 4325/4/2 4337/4/2
f 4327/2/2 4319/2/2 4338/2/2
f 4338/2/2 4319/2/2 4339/2/2
f 4328/4/2 4329/4/2 4340/4/2
f 4340/4/2 4329/4/2 4341/4/2
f 4330/4/2 4331/4/2 4342/4/2
f 4342/4/2 4331/4/2 4343/4/2
f 4332/2/2 4333/2/2 4344/2/2
f 4344/2/2 4333/2/2 4345/2/2
f 4334/4/2 4335/4/2 4346/4/2
f 4336/2/2 4337/2/2 4347/2/2
f 4289/4/2 4326/4/2 4348/4/2
f 4348/4/2 4326/4/2 4349/4/2
f 4338/1/2 4339/1/2 4350/1/2
f 4342/2/2 4343/2/2 4351/2/2
f 4344/1/2 4345/1/2 4352/1/2
f 4352/1/2 4345/1/2 4353/1/2
f 4347/2/2 4337/2/2 4354/2/2
f 4354/2/2 4337/2/2 4355/2/2
f 4348/3/2 4349/3/2 4356/3/2
f 4350/1/2 4339/1/2 4357/1/2
f 4340/2/2 4341/2/2 4358/2/2
f 4358/2/2 4341/2/2 4359/2/2
f 4351/2/2 4343/2/2 4360/2/2
f 4360/2/2 4343/2/2 4361/2/2
f 4352/4/2 4353/4/2 4362/4/2
f 4362/4/2 4353/4/2 4363/4/2
f 4334/4/2 4346/4/2 4364/4/2
f 4364/4/2 4346/4/2 4365/4/2
f 4354/1/2 4355/1/2 4366/1/2
f 4366/1/2 4355/1/2 4367/1/2
f 4348/3/2 4356/3/2 4368/3/2
f 4368/3/2 4356/3/2 4369/3/2
f 4357/1/2 4339/1/2 4370/1/2
f 4370/1/2 4339/1/2 4371/1/2
f 4358/1/2 4359/1/2 4372/1/2
f 4372/1/2 4359/1/2 4373/1/2
f 4360/1/2 4361/1/2 4374/1/2
f 4374/1/2 4361/1/2 4375/1/2
f 4364/2/2 4365/2/2 4376/2/2
f 4376/2/2 4365/2/2 4377/2/2
f 4368/2/2 4369/2/2 4378/2/2
f 4370/4/2 4371/4/2 4379/4/2
f 4379/4/2 4371/4/2 4380/4/2
f 4372/4/2 4373/4/2 4381/4/2
f 4381/4/2 4373/4/2 4382/4/2
f 4374/4/2 4375/4/2 4383/4/2
f 4383/4/2 4375/4/2 4384/4/2
f 4362/2/2 4363/2/2 4385/2/2
f 4385/2/2 4363/2/2 4386/2/2
f 4376/1/2 4377/1/2 4389/1/2
f 4389/1/2 4377/1/2 4390/1/2
f 4366/2/2 4367/2/2 4399/2/2
f 4399/2/2 4367/2/2 4400/2/2
f 4368/2/2 4378/2/2 4401/2/2
f 4401/2/2 4378/2/2 4402/2/2
f 4379/2/2 4380/2/2 4414/2/2
f 4414/2/2 4380/2/2 4415/2/2
f 4381/2/2 4382/2/2 4416/2/2
f 4416/2/2 4382/2/2 4417/2/2
f 4383/2/2 4384/2/2 4421/2/2
f 4421/2/2 4384/2/2 4422/2/2
f 4386/1/2 4387/1/2 4423/1/2
f 4387/4/2 4388/4/2 4424/4/2
f 4423/1/2 4387/1/2 4424/1/2
f 4424/4/2 4388/4/2 4425/4/2
f 4390/4/2 4391/4/2 4426/4/2
f 4391/1/2 4392/1/2 4427/1/2
f 4426/4/2 4391/4/2 4427/4/2
f 4392/2/2 4393/2/2 4428/2/2
f 4427/1/2 4392/1/2 4428/1/2
f 4393/2/2 4394/2/2 4428/2/2
f 4394/1/2 4395/1/2 4429/1/2
f 4428/2/2 4394/2/2 4429/2/2
f 4395/2/2 4396/2/2 4430/2/2
f 4429/1/2 4395/1/2 4430/1/2
f 4396/2/2 4397/2/2 4430/2/2
f 4397/1/2 4398/1/2 4431/1/2
f 4430/2/2 4397/2/2 4431/2/2
f 4398/4/2 4399/4/2 4432/4/2
f 4431/1/2 4398/1/2 4432/1/2
f 4432/4/2 4399/4/2 4433/4/2
f 4402/1/2 4403/1/2 4434/1/2
f 4403/1/2 4404/1/2 4434/1/2
f 4404/2/2 4405/2/2 4435/2/2
f 4434/1/2 4404/1/2 4435/1/2
f 4405/4/2 4406/4/2 4436/4/2
f 4435/2/2 4405/2/2 4436/2/2
f 4406/4/2 4407/4/2 4436/4/2
f 4407/1/2 4408/1/2 4437/1/2
f 4436/4/2 4407/4/2 4437/4/2
f 4408/4/2 4409/4/2 4438/4/2
f 4437/1/2 4408/1/2 4438/1/2
f 4409/1/2 4410/1/2 4439/1/2
f 4438/4/2 4409/4/2 4439/4/2
f 4410/1/2 4411/1/2 4439/1/2
f 4411/1/2 4412/1/2 4439/1/2
f 4412/2/2 4413/2/2 4440/2/2
f 4439/1/2 4412/1/2 4440/1/2
f 4413/2/2 4414/2/2 4440/2/2
f 4440/2/2 4414/2/2 4441/2/2
f 4417/2/2 4418/2/2 4442/2/2
f 4420/1/2 4421/1/2 4443/1/2
f 4442/2/2 4418/2/2 4443/2/2
f 4419/1/2 4420/1/2 4443/1/2
f 4418/1/2 4419/1/2 4443/1/2
f 4443/1/2 4421/1/2 4444/1/2
f 4445/4/2 4446/4/2 4466/4/2
f 4466/4/2 4446/4/2 4467/4/2
f 4446/1/2 4447/1/2 4468/1/2
f 4467/4/2 4446/4/2 4468/4/2
f 4447/3/2 4448/3/2 4469/3/2
f 4468/1/2 4447/1/2 4469/1/2
f 4469/3/2 4448/3/2 4470/3/2
f 4470/3/2 4448/3/2 4471/3/2
f 4449/1/2 4450/1/2 4474/1/2
f 4450/3/2 4451/3/2 4475/3/2
f 4474/1/2 4450/1/2 4475/1/2
f 4475/3/2 4451/3/2 4476/3/2
f 4451/1/2 4452/1/2 4477/1/2
f 4476/3/2 4451/3/2 4477/3/2
f 4452/4/2 4453/4/2 4478/4/2
f 4477/1/2 4452/1/2 4478/1/2
f 4453/3/2 4454/3/2 4479/3/2
f 4478/4/2 4453/4/2 4479/4/2
f 4454/4/2 4455/4/2 4480/4/2
f 4479/3/2 4454/3/2 4480/3/2
f 4480/4/2 4455/4/2 4481/4/2
f 4455/3/2 4456/3/2 4482/3/2
f 4481/4/2 4455/4/2 4482/4/2
f 4482/3/2 4456/3/2 4483/3/2
f 4456/4/2 4457/4/2 4484/4/2
f 4483/3/2 4456/3/2 4484/3/2
f 4457/1/2 4458/1/2 4485/1/2
f 4484/4/2 4457/4/2 4485/4/2
f 4458/3/2 4459/3/2 4486/3/2
f 4485/1/2 4458/1/2 4486/1/2
f 4486/3/2 4459/3/2 4487/3/2
f 4487/3/2 4459/3/2 4488/3/2
f 4460/4/2 4461/4/2 4491/4/2
f 4461/3/2 4462/3/2 4492/3/2
f 4491/4/2 4461/4/2 4492/4/2
f 4462/4/2 4463/4/2 4493/4/2
f 4492/3/2 4462/3/2 4493/3/2
f 4493/4/2 4463/4/2 4494/4/2
f 4463/3/2 4464/3/2 4495/3/2
f 4494/4/2 4463/4/2 4495/4/2
f 4495/3/2 4464/3/2 4496/3/2
f 4465/1/2 4466/1/2 4498/1/2
f 4498/1/2 4466/1/2 4499/1/2
f 4471/4/2 4472/4/2 4500/4/2
f 4473/4/2 4474/4/2 4501/4/2
f 4488/3/2 4489/3/2 4502/3/2
f 4502/3/2 4489/3/2 4503/3/2
f 4490/1/2 4491/1/2 4504/1/2
f 4496/4/2 4497/4/2 4505/4/2
f 4505/4/2 4497/4/2 4506/4/2
f 4498/4/2 4499/4/2 4507/4/2
f 4507/4/2 4499/4/2 4508/4/2
f 4500/4/2 4472/4/2 4509/4/2
f 4509/4/2 4472/4/2 4510/4/2
f 4473/4/2 4501/4/2 4511/4/2
f 4511/4/2 4501/4/2 4512/4/2
f 4502/4/2 4503/4/2 4513/4/2
f 4513/4/2 4503/4/2 4514/4/2
f 4490/1/2 4504/1/2 4515/1/2
f 4515/1/2 4504/1/2 4516/1/2
f 4505/3/2 4506/3/2 4517/3/2
f 4517/3/2 4506/3/2 4518/3/2
f 4509/3/2 4510/3/2 4519/3/2
f 4519/3/2 4510/3/2 4520/3/2
f 4511/2/2 4512/2/2 4521/2/2
f 4515/4/2 4516/4/2 4522/4/2
f 4522/4/2 4516/4/2 4523/4/2
f 4517/4/2 4518/4/2 4524/4/2
f 4524/4/2 4518/4/2 4525/4/2
f 4511/2/2 4521/2/2 4526/2/2
f 4526/2/2 4521/2/2 4527/2/2
f 4513/2/2 4514/2/2 4528/2/2
f 4528/2/2 4514/2/2 4529/2/2
f 4507/1/2 4508/1/2 4530/1/2
f 4530/1/2 4508/1/2 4531/1/2
f 4519/4/2 4520/4/2 4532/4/2
f 4532/4/2 4520/4/2 4533/4/2
f 4526/3/2 4527/3/2 4534/3/2
f 4534/3/2 4527/3/2 4535/3/2
f 4528/1/2 4529/1/2 4536/1/2
f 4536/1/2 4529/1/2 4537/1/2
f 4522/2/2 4523/2/2 4538/2/2
f 4538/2/2 4523/2/2 4539/2/2
f 4524/2/2 4525/2/2 4540/2/2
f 4540/2/2 4525/2/2 4541/2/2
f 4530/3/2 4531/3/2 4542/3/2
f 4532/2/2 4533/2/2 4543/2/2
f 4534/4/2 4535/4/2 4544/4/2
f 4536/3/2 4537/3/2 4545/3/2
f 4538/1/2 4539/1/2 4546/1/2
f 4546/1/2 4539/1/2 4547/1/2
f 4540/1/2 4541/1/2 4548/1/2
f 4548/1/2 4541/1/2 4549/1/2
f 4530/3/2 4542/3/2 4550/3/2
f 4550/3/2 4542/3/2 4551/3/2
f 4550/1/2 4551/1/2 4552/1/2
f 4543/2/2 4533/2/2 4553/2/2
f 4553/2/2 4533/2/2 4554/2/2
f 4534/4/2 4544/4/2 4555/4/2
f 4545/3/2 4537/3/2 4556/3/2
f 4556/3/2 4537/3/2 4557/3/2
f 4546/4/2 4547/4/2 4558/4/2
f 4558/4/2 4547/4/2 4559/4/2
f 4548/4/2 4549/4/2 4560/4/2
f 4560/4/2 4549/4/2 4561/4/2
f 4550/1/2 4552/1/2 4562/1/2
f 4562/1/2 4552/1/2 4563/1/2
f 4553/1/2 4554/1/2 4569/1/2
f 4569/1/2 4554/1/2 4570/1/2
f 4534/4/2 4555/4/2 4571/4/2
f 4571/4/2 4555/4/2 4572/4/2
f 4556/1/2 4557/1/2 4585/1/2
f 4585/1/2 4557/1/2 4586/1/2
f 4558/2/2 4559/2/2 4587/2/2
f 4587/2/2 4559/2/2 4588/2/2
f 4560/2/2 4561/2/2 4594/2/2
f 4594/2/2 4561/2/2 4595/2/2
f 4563/1/2 4564/1/2 4596/1/2
f 4564/1/2 4565/1/2 4596/1/2
f 4565/1/2 4566/1/2 4596/1/2
f 4567/4/2 4568/4/2 4597/4/2
f 4596/1/2 4566/1/2 4597/1/2
f 4566/4/2 4567/4/2 4597/4/2
f 4568/4/2 4569/4/2 4597/4/2
f 4597/4/2 4569/4/2 4598/4/2
f 4572/2/2 4573/2/2 4599/2/2
f 4573/1/2 4574/1/2 4600/1/2
f 4599/2/2 4573/2/2 4600/2/2
f 4574/4/2 4575/4/2 4601/4/2
f 4600/1/2 4574/1/2 4601/1/2
f 4575/2/2 4576/2/2 4602/2/2
f 4601/4/2 4575/4/2 4602/4/2
f 4576/1/2 4577/1/2 4603/1/2
f 4602/2/2 4576/2/2 4603/2/2
f 4577/1/2 4578/1/2 4603/1/2
f 4578/1/2 4579/1/2 4603/1/2
f 4579/4/2 4580/4/2 4604/4/2
f 4603/1/2 4579/1/2 4604/1/2
f 4580/2/2 4581/2/2 4605/2/2
f 4604/4/2 4580/4/2 4605/4/2
f 4581/1/2 4582/1/2 4606/1/2
f 4605/2/2 4581/2/2 4606/2/2
f 4582/4/2 4583/4/2 4607/4/2
f 4606/1/2 4582/1/2 4607/1/2
f 4583/2/2 4584/2/2 4608/2/2
f 4607/4/2 4583/4/2 4608/4/2
f 4584/1/2 4585/1/2 4609/1/2
f 4608/2/2 4584/2/2 4609/2/2
f 4609/1/2 4585/1/2 4610/1/2
f 4589/2/2 4590/2/2 4611/2/2
f 4588/2/2 4589/2/2 4611/2/2
f 4592/1/2 4593/1/2 4612/1/2
f 4611/2/2 4590/2/2 4612/2/2
f 4591/1/2 4592/1/2 4612/1/2
f 4590/1/2 4591/1/2 4612/1/2
f 4593/4/2 4594/4/2 4613/4/2
f 4612/1/2 4593/1/2 4613/1/2
f 4613/4/2 4594/4/2 4614/4/2
f 4615/4/2 4616/4/2 4639/4/2
f 4616/3/2 4617/3/2 4640/3/2
f 4639/4/2 4616/4/2 4640/4/2
f 4617/4/2 4618/4/2 4641/4/2
f 4640/3/2 4617/3/2 4641/3/2
f 4641/4/2 4618/4/2 4642/4/2
f 4642/4/2 4618/4/2 4643/4/2
f 4618/3/2 4619/3/2 4644/3/2
f 4643/4/2 4618/4/2 4644/4/2
f 4644/3/2 4619/3/2 4645/3/2
f 4645/3/2 4619/3/2 4646/3/2
f 4620/4/2 4621/4/2 4648/4/2
f 4621/3/2 4622/3/2 4649/3/2
f 4648/4/2 4621/4/2 4649/4/2
f 4622/4/2 4623/4/2 4650/4/2
f 4649/3/2 4622/3/2 4650/3/2
f 4623/3/2 4624/3/2 4651/3/2
f 4650/4/2 4623/4/2 4651/4/2
f 4651/3/2 4624/3/2 4652/3/2
f 4652/3/2 4624/3/2 4653/3/2
f 4625/1/2 4626/1/2 4655/1/2
f 4626/3/2 4627/3/2 4656/3/2
f 4655/1/2 4626/1/2 4656/1/2
f 4627/1/2 4628/1/2 4657/1/2
f 4656/3/2 4627/3/2 4657/3/2
f 4628/3/2 4629/3/2 4658/3/2
f 4657/1/2 4628/1/2 4658/1/2
f 4629/4/2 4630/4/2 4659/4/2
f 4658/3/2 4629/3/2 4659/3/2
f 4630/3/2 4631/3/2 4660/3/2
f 4659/4/2 4630/4/2 4660/4/2
f 4660/3/2 4631/3/2 4661/3/2
f 4631/4/2 4632/4/2 4662/4/2
f 4661/3/2 4631/3/2 4662/3/2
f 4632/1/2 4633/1/2 4663/1/2
f 4662/4/2 4632/4/2 4663/4/2
f 4633/3/2 4634/3/2 4664/3/2
f 4663/1/2 4633/1/2 4664/1/2
f 4664/3/2 4634/3/2 4665/3/2
f 4635/4/2 4636/4/2 4668/4/2
f 4636/3/2 4637/3/2 4669/3/2
f 4668/4/2 4636/4/2 4669/4/2
f 4669/3/2 4637/3/2 4670/3/2
f 4638/4/2 4639/4/2 4672/4/2
f 4672/4/2 4639/4/2 4673/4/2
f 4646/4/2 4647/4/2 4674/4/2
f 4674/4/2 4647/4/2 4675/4/2
f 4654/4/2 4655/4/2 4676/4/2
f 4676/4/2 4655/4/2 4677/4/2
f 4665/3/2 4666/3/2 4678/3/2
f 4678/3/2 4666/3/2 4679/3/2
f 4667/1/2 4668/1/2 4680/1/2
f 4680/1/2 4668/1/2 4681/1/2
f 4670/4/2 4671/4/2 4682/4/2
f 4682/4/2 4671/4/2 4683/4/2
f 4672/1/2 4673/1/2 4684/1/2
f 4684/1/2 4673/1/2 4685/1/2
f 4674/3/2 4675/3/2 4686/3/2
f 4686/3/2 4675/3/2 4687/3/2
f 4676/2/2 4677/2/2 4688/2/2
f 4680/4/2 4681/4/2 4689/4/2
f 4689/4/2 4681/4/2 4690/4/2
f 4682/3/2 4683/3/2 4691/3/2
f 4691/3/2 4683/3/2 4692/3/2
f 4684/3/2 4685/3/2 4693/3/2
f 4693/3/2 4685/3/2 4694/3/2
f 4676/2/2 4688/2/2 4695/2/2
f 4695/2/2 4688/2/2 4696/2/2
f 4678/2/2 4679/2/2 4697/2/2
f 4697/2/2 4679/2/2 4698/2/2
f 4691/4/2 4692/4/2 4699/4/2
f 4699/4/2 4692/4/2 4700/4/2
f 4693/4/2 4694/4/2 4701/4/2
f 4686/4/2 4687/4/2 4702/4/2
f 4702/4/2 4687/4/2 4703/4/2
f 4695/3/2 4696/3/2 4704/3/2
f 4704/3/2 4696/3/2 4705/3/2
f 4697/1/2 4698/1/2 4706/1/2
f 4706/1/2 4698/1/2 4707/1/2
f 4689/2/2 4690/2/2 4708/2/2
f 4708/2/2 4690/2/2 4709/2/2
f 4699/2/2 4700/2/2 4710/2/2
f 4710/2/2 4700/2/2 4711/2/2
f 4693/4/2 4701/4/2 4712/4/2
f 4712/4/2 4701/4/2 4713/4/2
f 4702/2/2 4703/2/2 4714/2/2
f 4714/2/2 4703/2/2 4715/2/2
f 4704/4/2 4705/4/2 4716/4/2
f 4706/3/2 4707/3/2 4717/3/2
f 4717/3/2 4707/3/2 4718/3/2
f 4708/1/2 4709/1/2 4719/1/2
f 4719/1/2 4709/1/2 4720/1/2
f 4710/3/2 4711/3/2 4721/3/2
f 4721/3/2 4711/3/2 4722/3/2
f 4712/2/2 4713/2/2 4723/2/2
f 4723/2/2 4713/2/2 4724/2/2
f 4714/1/2 4715/1/2 4733/1/2
f 4733/1/2 4715/1/2 4734/1/2
f 4704/4/2 4716/4/2 4743/4/2
f 4743/4/2 4716/4/2 4744/4/2
f 4717/1/2 4718/1/2 4754/1/2
f 4754/1/2 4718/1/2 4755/1/2
f 4719/2/2 4720/2/2 4756/2/2
f 4756/2/2 4720/2/2 4757/2/2
f 4721/4/2 4722/4/2 4759/4/2
f 4759/4/2 4722/4/2 4760/4/2
f 4724/1/2 4725/1/2 4761/1/2
f 4725/1/2 4726/1/2 4761/1/2
f 4726/4/2 4727/4/2 4762/4/2
f 4761/1/2 4726/1/2 4762/1/2
f 4727/2/2 4728/2/2 4763/2/2
f 4762/4/2 4727/4/2 4763/4/2
f 4728/1/2 4729/1/2 4764/1/2
f 4763/2/2 4728/2/2 4764/2/2
f 4729/1/2 4730/1/2 4764/1/2
f 4731/4/2 4732/4/2 4765/4/2
f 4764/1/2 4730/1/2 4765/1/2
f 4730/4/2 4731/4/2 4765/4/2
f 4732/4/2 4733/4/2 4765/4/2
f 4765/4/2 4733/4/2 4766/4/2
f 4735/2/2 4736/2/2 4767/2/2
f 4736/2/2 4737/2/2 4767/2/2
f 4737/1/2 4738/1/2 4768/1/2
f 4767/2/2 4737/2/2 4768/2/2
f 4738/1/2 4739/1/2 4768/1/2
f 4739/2/2 4740/2/2 4769/2/2
f 4768/1/2 4739/1/2 4769/1/2
f 4740/1/2 4741/1/2 4770/1/2
f 4769/2/2 4740/2/2 4770/2/2
f 4741/4/2 4742/4/2 4771/4/2
f 4770/1/2 4741/1/2 4771/1/2
f 4771/4/2 4742/4/2 4772/4/2
f 4744/2/2 4745/2/2 4773/2/2
f 4745/1/2 4746/1/2 4774/1/2
f 4773/2/2 4745/2/2 4774/2/2
f 4746/4/2 4747/4/2 4775/4/2
f 4774/1/2 4746/1/2 4775/1/2
f 4747/2/2 4748/2/2 4776/2/2
f 4775/4/2 4747/4/2 4776/4/2
f 4749/1/2 4750/1/2 4777/1/2
f 4776/2/2 4748/2/2 4777/2/2
f 4748/1/2 4749/1/2 4777/1/2
f 4750/4/2 4751/4/2 4778/4/2
f 4777/1/2 4750/1/2 4778/1/2
f 4751/2/2 4752/2/2 4779/2/2
f 4778/4/2 4751/4/2 4779/4/2
f 4752/1/2 4753/1/2 4780/1/2
f 4779/2/2 4752/2/2 4780/2/2
f 4753/2/2 4754/2/2 4781/2/2
f 4780/1/2 4753/1/2 4781/1/2
f 4781/2/2 4754/2/2 4782/2/2
f 4757/2/2 4758/2/2 4783/2/2
f 4758/2/2 4759/2/2 4783/2/2
f 4783/2/2 4759/2/2 4784/2/2
f 4785/4/2 4786/4/2 4812/4/2
f 4786/1/2 4787/1/2 4813/1/2
f 4812/4/2 4786/4/2 4813/4/2
f 4787/3/2 4788/3/2 4814/3/2
f 4813/1/2 4787/1/2 4814/1/2
f 4814/3/2 4788/3/2 4815/3/2
f 4815/3/2 4788/3/2 4816/3/2
f 4789/4/2 4790/4/2 4818/4/2
f 4818/4/2 4790/4/2 4819/4/2
f 4819/4/2 4790/4/2 4820/4/2
f 4790/3/2 4791/3/2 4821/3/2
f 4820/4/2 4790/4/2 4821/4/2
f 4791/4/2 4792/4/2 4822/4/2
f 4821/3/2 4791/3/2 4822/3/2
f 4792/1/2 4793/1/2 4823/1/2
f 4822/4/2 4792/4/2 4823/4/2
f 4793/3/2 4794/3/2 4824/3/2
f 4823/1/2 4793/1/2 4824/1/2
f 4824/3/2 4794/3/2 4825/3/2
f 4795/4/2 4796/4/2 4827/4/2
f 4827/4/2 4796/4/2 4828/4/2
f 4796/3/2 4797/3/2 4829/3/2
f 4828/4/2 4796/4/2 4829/4/2
f 4829/3/2 4797/3/2 4830/3/2
f 4797/4/2 4798/4/2 4831/4/2
f 4830/3/2 4797/3/2 4831/3/2
f 4831/4/2 4798/4/2 4832/4/2
f 4798/3/2 4799/3/2 4833/3/2
f 4832/4/2 4798/4/2 4833/4/2
f 4799/1/2 4800/1/2 4834/1/2
f 4833/3/2 4799/3/2 4834/3/2
f 4800/4/2 4801/4/2 4835/4/2
f 4834/1/2 4800/1/2 4835/1/2
f 4801/3/2 4802/3/2 4836/3/2
f 4835/4/2 4801/4/2 4836/4/2
f 4836/3/2 4802/3/2 4837/3/2
f 4837/3/2 4802/3/2 4838/3/2
f 4803/1/2 4804/1/2 4841/1/2
f 4804/3/2 4805/3/2 4842/3/2
f 4841/1/2 4804/1/2 4842/1/2
f 4842/3/2 4805/3/2 4843/3/2
f 4805/1/2 4806/1/2 4844/1/2
f 4843/3/2 4805/3/2 4844/3/2
f 4806/4/2 4807/4/2 4845/4/2
f 4844/1/2 4806/1/2 4845/1/2
f 4807/3/2 4808/3/2 4846/3/2
f 4845/4/2 4807/4/2 4846/4/2
f 4808/4/2 4809/4/2 4847/4/2
f 4846/3/2 4808/3/2 4847/3/2
f 4847/4/2 4809/4/2 4848/4/2
f 4809/3/2 4810/3/2 4849/3/2
f 4848/4/2 4809/4/2 4849/4/2
f 4849/3/2 4810/3/2 4850/3/2
f 4850/3/2 4810/3/2 4851/3/2
f 4811/4/2 4812/4/2 4853/4/2
f 4816/3/2 4817/3/2 4854/3/2
f 4854/3/2 4817/3/2 4855/3/2
f 4826/4/2 4827/4/2 4856/4/2
f 4838/4/2 4839/4/2 4857/4/2
f 4857/4/2 4839/4/2 4858/4/2
f 4840/4/2 4841/4/2 4859/4/2
f 4851/4/2 4852/4/2 4860/4/2
f 4860/4/2 4852/4/2 4861/4/2
f 4811/4/2 4853/4/2 4862/4/2
f 4862/4/2 4853/4/2 4863/4/2
f 4854/4/2 4855/4/2 4864/4/2
f 4864/4/2 4855/4/2 4865/4/2
f 4840/4/2 4859/4/2 4866/4/2
f 4866/4/2 4859/4/2 4867/4/2
f 4860/3/2 4861/3/2 4868/3/2
f 4868/3/2 4861/3/2 4869/3/2
f 4826/4/2 4856/4/2 4870/4/2
f 4870/4/2 4856/4/2 4871/4/2
f 4857/2/2 4858/2/2 4872/2/2
f 4872/2/2 4858/2/2 4873/2/2
f 4866/2/2 4867/2/2 4874/2/2
f 4874/2/2 4867/2/2 4875/2/2
f 4868/1/2 4869/1/2 4876/1/2
f 4876/1/2 4869/1/2 4877/1/2
f 4862/2/2 4863/2/2 4878/2/2
f 4878/2/2 4863/2/2 4879/2/2
f 4864/2/2 4865/2/2 4880/2/2
f 4880/2/2 4865/2/2 4881/2/2
f 4876/3/2 4877/3/2 4882/3/2
f 4882/3/2 4877/3/2 4883/3/2
f 4884/1/2 4885/1/2 4909/1/2
f 4885/3/2 4886/3/2 4910/3/2
f 4909/1/2 4885/1/2 4910/1/2
f 4910/3/2 4886/3/2 4911/3/2
f 4887/2/2 4888/2/2 4912/2/2
f 4912/2/2 4888/2/2 4913/2/2
f 4888/3/2 4889/3/2 4914/3/2
f 4913/2/2 4888/2/2 4914/2/2
f 4889/2/2 4890/2/2 4915/2/2
f 4914/3/2 4889/3/2 4915/3/2
f 4890/1/2 4891/1/2 4916/1/2
f 4915/2/2 4890/2/2 4916/2/2
f 4891/4/2 4892/4/2 4917/4/2
f 4916/1/2 4891/1/2 4917/1/2
f 4893/4/2 4894/4/2 4918/4/2
f 4894/1/2 4895/1/2 4919/1/2
f 4918/4/2 4894/4/2 4919/4/2
f 4919/1/2 4895/1/2 4920/1/2
f 4895/3/2 4896/3/2 4921/3/2
f 4920/1/2 4895/1/2 4921/1/2
f 4921/3/2 4896/3/2 4922/3/2
f 4922/3/2 4896/3/2 4923/3/2
f 4896/4/2 4897/4/2 4924/4/2
f 4923/3/2 4896/3/2 4924/3/2
f 4897/1/2 4898/1/2 4925/1/2
f 4924/4/2 4897/4/2 4925/4/2
f 4898/4/2 4899/4/2 4926/4/2
f 4925/1/2 4898/1/2 4926/1/2
f 4926/4/2 4899/4/2 4927/4/2
f 4900/1/2 4901/1/2 4928/1/2
f 4901/3/2 4902/3/2 4928/3/2
f 4928/3/2 4902/3/2 4929/3/2
f 4929/3/2 4902/3/2 4930/3/2
f 4902/1/2 4903/1/2 4931/1/2
f 4930/3/2 4902/3/2 4931/3/2
f 4903/3/2 4904/3/2 4932/3/2
f 4931/1/2 4903/1/2 4932/1/2
f 4904/1/2 4905/1/2 4933/1/2
f 4932/3/2 4904/3/2 4933/3/2
f 4905/2/2 4906/2/2 4934/2/2
f 4933/1/2 4905/1/2 4934/1/2
f 4906/1/2 4907/1/2 4935/1/2
f 4934/2/2 4906/2/2 4935/2/2
f 4907/3/2 4908/3/2 4936/3/2
f 4935/1/2 4907/1/2 4936/1/2
f 4936/3/2 4908/3/2 4937/3/2
f 4909/4/2 4910/4/2 4938/4/2
f 4910/4/2 4911/4/2 4938/4/2
f 4911/3/2 4886/3/2 4939/3/2
f 4938/4/2 4911/4/2 4939/4/2
f 4939/3/2 4886/3/2 4940/3/2
f 4912/1/2 4913/1/2 4941/1/2
f 4913/3/2 4914/3/2 4942/3/2
f 4941/1/2 4913/1/2 4942/1/2
f 4914/4/2 4915/4/2 4943/4/2
f 4942/3/2 4914/3/2 4943/3/2
f 4915/3/2 4916/3/2 4944/3/2
f 4943/4/2 4915/4/2 4944/4/2
f 4944/3/2 4916/3/2 4945/3/2
f 4916/4/2 4917/4/2 4946/4/2
f 4945/3/2 4916/3/2 4946/3/2
f 4917/4/2 4892/4/2 4947/4/2
f 4946/4/2 4917/4/2 4947/4/2
f 4918/1/2 4919/1/2 4948/1/2
f 4919/4/2 4920/4/2 4949/4/2
f 4948/1/2 4919/1/2 4949/1/2
f 4949/4/2 4920/4/2 4950/4/2
f 4920/2/2 4921/2/2 4951/2/2
f 4950/4/2 4920/4/2 4951/4/2
f 4921/3/2 4922/3/2 4952/3/2
f 4951/2/2 4921/2/2 4952/2/2
f 4922/4/2 4923/4/2 4953/4/2
f 4952/3/2 4922/3/2 4953/3/2
f 4953/4/2 4923/4/2 4954/4/2
f 4923/2/2 4924/2/2 4955/2/2
f 4954/4/2 4923/4/2 4955/4/2
f 4924/3/2 4925/3/2 4956/3/2
f 4955/2/2 4924/2/2 4956/2/2
f 4925/4/2 4926/4/2 4957/4/2
f 4956/3/2 4925/3/2 4957/3/2
f 4926/2/2 4927/2/2 4958/2/2
f 4957/4/2 4926/4/2 4958/4/2
f 4900/1/2 4928/1/2 4959/1/2
f 4928/4/2 4929/4/2 4960/4/2
f 4959/1/2 4928/1/2 4960/1/2
f 4929/3/2 4930/3/2 4961/3/2
f 4960/4/2 4929/4/2 4961/4/2
f 4930/1/2 4931/1/2 4962/1/2
f 4961/3/2 4930/3/2 4962/3/2
f 4931/4/2 4932/4/2 4963/4/2
f 4932/1/2 4933/1/2 4964/1/2
f 4963/4/2 4932/4/2 4964/4/2
f 4934/1/2 4935/1/2 4965/1/2
f 4933/4/2 4934/4/2 4965/4/2
f 4936/4/2 4937/4/2 4966/4/2
f 4965/1/2 4935/1/2 4966/1/2
f 4935/4/2 4936/4/2 4966/4/2
f 4966/4/2 4937/4/2 4967/4/2
f 4909/4/2 4938/4/2 4968/4/2
f 4939/2/2 4940/2/2 4969/2/2
f 4968/4/2 4938/4/2 4969/4/2
f 4938/2/2 4939/2/2 4969/2/2
f 4945/1/2 4946/1/2 4970/1/2
f 4944/4/2 4945/4/2 4970/4/2
f 4946/2/2 4947/2/2 4971/2/2
f 4970/1/2 4946/1/2 4971/1/2
f 4971/2/2 4947/2/2 4972/2/2
f 4972/2/2 4947/2/2 4973/2/2
f 4953/4/2 4954/4/2 4974/4/2
f 4952/4/2 4953/4/2 4974/4/2
f 4954/2/2 4955/2/2 4975/2/2
f 4974/4/2 4954/4/2 4975/4/2
f 4955/2/2 4956/2/2 4975/2/2
f 4959/4/2 4960/4/2 4976/4/2
f 4960/1/2 4961/1/2 4977/1/2
f 4976/4/2 4960/4/2 4977/4/2
f 4961/1/2 4962/1/2 4977/1/2
f 4977/1/2 4962/1/2 4978/1/2
f 4962/1/2 4931/1/2 4979/1/2
f 4978/1/2 4962/1/2 4979/1/2
f 4931/4/2 4963/4/2 4980/4/2
f 4979/1/2 4931/1/2 4980/1/2
f 4963/2/2 4964/2/2 4981/2/2
f 4980/4/2 4963/4/2 4981/4/2
f 4933/4/2 4965/4/2 4982/4/2
f 4965/4/2 4966/4/2 4982/4/2
f 4966/2/2 4967/2/2 4983/2/2
f 4982/4/2 4966/4/2 4983/4/2
f 4968/2/2 4969/2/2 4984/2/2
f 4969/2/2 4940/2/2 4985/2/2
f 4984/2/2 4969/2/2 4985/2/2
f 4941/2/2 4942/2/2 4986/2/2
f 4942/4/2 4943/4/2 4987/4/2
f 4986/2/2 4942/2/2 4987/2/2
f 4943/2/2 4944/2/2 4988/2/2
f 4987/4/2 4943/4/2 4988/4/2
f 4944/4/2 4970/4/2 4989/4/2
f 4988/2/2 4944/2/2 4989/2/2
f 4970/2/2 4971/2/2 4990/2/2
f 4989/4/2 4970/4/2 4990/4/2
f 4971/2/2 4972/2/2 4990/2/2
f 4972/1/2 4973/1/2 4991/1/2
f 4990/2/2 4972/2/2 4991/2/2
f 4991/1/2 4973/1/2 4992/1/2
f 4949/4/2 4950/4/2 4993/4/2
f 4948/4/2 4949/4/2 4993/4/2
f 4951/2/2 4952/2/2 4994/2/2
f 4993/4/2 4950/4/2 4994/4/2
f 4950/2/2 4951/2/2 4994/2/2
f 4952/4/2 4974/4/2 4995/4/2
f 4994/2/2 4952/2/2 4995/2/2
f 4974/2/2 4975/2/2 4996/2/2
f 4995/4/2 4974/4/2 4996/4/2
f 4956/1/2 4957/1/2 4997/1/2
f 4996/2/2 4975/2/2 4997/2/2
f 4975/2/2 4956/2/2 4997/2/2
f 4957/2/2 4958/2/2 4998/2/2
f 4997/1/2 4957/1/2 4998/1/2
f 4958/2/2 4927/2/2 4999/2/2
f 4998/2/2 4958/2/2 4999/2/2
f 4977/2/2 4978/2/2 5000/2/2
f 4976/2/2 4977/2/2 5000/2/2
f 4978/1/2 4979/1/2 5001/1/2
f 5000/2/2 4978/2/2 5001/2/2
f 4979/4/2 4980/4/2 5002/4/2
f 5001/1/2 4979/1/2 5002/1/2
f 4980/2/2 4981/2/2 5003/2/2
f 5002/4/2 4980/4/2 5003/4/2
f 4964/1/2 4933/1/2 5004/1/2
f 5003/2/2 4981/2/2 5004/2/2
f 4981/2/2 4964/2/2 5004/2/2
f 4933/4/2 4982/4/2 5005/4/2
f 5004/1/2 4933/1/2 5005/1/2
f 4982/2/2 4983/2/2 5006/2/2
f 5005/4/2 4982/4/2 5006/4/2
f 4983/2/2 4967/2/2 5007/2/2
f 5006/2/2 4983/2/2 5007/2/2
f 5008/1/2 5009/1/2 5035/1/2
f 5009/4/2 5010/4/2 5036/4/2
f 5035/1/2 5009/1/2 5036/1/2
f 5010/3/2 5011/3/2 5037/3/2
f 5036/4/2 5010/4/2 5037/4/2
f 5037/3/2 5011/3/2 5038/3/2
f 5012/4/2 5013/4/2 5039/4/2
f 5013/3/2 5014/3/2 5040/3/2
f 5039/4/2 5013/4/2 5040/4/2
f 5014/4/2 5015/4/2 5041/4/2
f 5040/3/2 5014/3/2 5041/3/2
f 5041/4/2 5015/4/2 5042/4/2
f 5042/4/2 5015/4/2 5043/4/2
f 5043/4/2 5015/4/2 5044/4/2
f 5015/2/2 5016/2/2 5045/2/2
f 5044/4/2 5015/4/2 5045/4/2
f 5045/2/2 5016/2/2 5046/2/2
f 5016/3/2 5017/3/2 5047/3/2
f 5046/2/2 5016/2/2 5047/2/2
f 5017/2/2 5018/2/2 5048/2/2
f 5047/3/2 5017/3/2 5048/3/2
f 5019/3/2 5020/3/2 5049/3/2
f 5020/4/2 5021/4/2 5050/4/2
f 5049/3/2 5020/3/2 5050/3/2
f 5021/2/2 5022/2/2 5051/2/2
f 5050/4/2 5021/4/2 5051/4/2
f 5022/1/2 5023/1/2 5052/1/2
f 5051/2/2 5022/2/2 5052/2/2
f 5023/3/2 5024/3/2 5053/3/2
f 5052/1/2 5023/1/2 5053/1/2
f 5024/4/2 5025/4/2 5054/4/2
f 5053/3/2 5024/3/2 5054/3/2
f 5025/2/2 5026/2/2 5055/2/2
f 5054/4/2 5025/4/2 5055/4/2
f 5026/1/2 5027/1/2 5056/1/2
f 5055/2/2 5026/2/2 5056/2/2
f 5027/4/2 5028/4/2 5057/4/2
f 5056/1/2 5027/1/2 5057/1/2
f 5057/4/2 5028/4/2 5058/4/2
f 5028/3/2 5029/3/2 5059/3/2
f 5058/4/2 5028/4/2 5059/4/2
f 5029/4/2 5030/4/2 5060/4/2
f 5059/3/2 5029/3/2 5060/3/2
f 5031/2/2 5032/2/2 5061/2/2
f 5032/4/2 5033/4/2 5062/4/2
f 5061/2/2 5032/2/2 5062/2/2
f 5033/2/2 5034/2/2 5063/2/2
f 5063/2/2 5034/2/2 5064/2/2
f 5039/2/2 5040/2/2 5065/2/2
f 5040/1/2 5041/1/2 5066/1/2
f 5065/2/2 5040/2/2 5066/2/2
f 5041/4/2 5042/4/2 5067/4/2
f 5066/1/2 5041/1/2 5067/1/2
f 5042/2/2 5043/2/2 5068/2/2
f 5067/4/2 5042/4/2 5068/4/2
f 5043/4/2 5044/4/2 5069/4/2
f 5068/2/2 5043/2/2 5069/2/2
f 5044/2/2 5045/2/2 5070/2/2
f 5069/4/2 5044/4/2 5070/4/2
f 5045/3/2 5046/3/2 5071/3/2
f 5070/2/2 5045/2/2 5071/2/2
f 5046/1/2 5047/1/2 5072/1/2
f 5071/3/2 5046/3/2 5072/3/2
f 5047/1/2 5048/1/2 5072/1/2
f 5048/2/2 5018/2/2 5073/2/2
f 5072/1/2 5048/1/2 5073/1/2
f 5073/2/2 5018/2/2 5074/2/2
f 5049/4/2 5050/4/2 5075/4/2
f 5050/2/2 5051/2/2 5076/2/2
f 5075/4/2 5050/4/2 5076/4/2
f 5051/2/2 5052/2/2 5076/2/2
f 5052/2/2 5053/2/2 5076/2/2
f 5057/4/2 5058/4/2 5077/4/2
f 5056/4/2 5057/4/2 5077/4/2
f 5058/2/2 5059/2/2 5078/2/2
f 5077/4/2 5058/4/2 5078/4/2
f 5060/4/2 5030/4/2 5079/4/2
f 5059/1/2 5060/1/2 5079/1/2
f 5079/4/2 5030/4/2 5080/4/2
f 5061/3/2 5062/3/2 5081/3/2
f 5062/4/2 5033/4/2 5082/4/2
f 5081/3/2 5062/3/2 5082/3/2
f 5033/2/2 5063/2/2 5083/2/2
f 5082/4/2 5033/4/2 5083/4/2
f 5063/3/2 5064/3/2 5084/3/2
f 5083/2/2 5063/2/2 5084/2/2
f 5084/3/2 5064/3/2 5085/3/2
f 5035/4/2 5036/4/2 5086/4/2
f 5036/2/2 5037/2/2 5087/2/2
f 5086/4/2 5036/4/2 5087/4/2
f 5037/1/2 5038/1/2 5088/1/2
f 5087/2/2 5037/2/2 5088/2/2
f 5088/1/2 5038/1/2 5089/1/2
f 5065/3/2 5066/3/2 5090/3/2
f 5066/1/2 5067/1/2 5091/1/2
f 5090/3/2 5066/3/2 5091/3/2
f 5067/2/2 5068/2/2 5092/2/2
f 5091/1/2 5067/1/2 5092/1/2
f 5068/2/2 5069/2/2 5092/2/2
f 5069/1/2 5070/1/2 5093/1/2
f 5092/2/2 5069/2/2 5093/2/2
f 5070/3/2 5071/3/2 5094/3/2
f 5093/1/2 5070/1/2 5094/1/2
f 5071/4/2 5072/4/2 5095/4/2
f 5094/3/2 5071/3/2 5095/3/2
f 5072/4/2 5073/4/2 5095/4/2
f 5095/4/2 5073/4/2 5096/4/2
f 5073/3/2 5074/3/2 5097/3/2
f 5096/4/2 5073/4/2 5097/4/2
f 5097/3/2 5074/3/2 5098/3/2
f 5076/2/2 5053/2/2 5099/2/2
f 5075/2/2 5076/2/2 5099/2/2
f 5053/1/2 5054/1/2 5100/1/2
f 5099/2/2 5053/2/2 5100/2/2
f 5054/2/2 5055/2/2 5101/2/2
f 5100/1/2 5054/1/2 5101/1/2
f 5055/1/2 5056/1/2 5102/1/2
f 5101/2/2 5055/2/2 5102/2/2
f 5056/4/2 5077/4/2 5103/4/2
f 5102/1/2 5056/1/2 5103/1/2
f 5077/2/2 5078/2/2 5104/2/2
f 5103/4/2 5077/4/2 5104/4/2
f 5078/2/2 5059/2/2 5105/2/2
f 5104/2/2 5078/2/2 5105/2/2
f 5059/1/2 5079/1/2 5106/1/2
f 5105/2/2 5059/2/2 5106/2/2
f 5079/2/2 5080/2/2 5107/2/2
f 5106/1/2 5079/1/2 5107/1/2
f 5081/4/2 5082/4/2 5108/4/2
f 5082/3/2 5083/3/2 5109/3/2
f 5108/4/2 5082/4/2 5109/4/2
f 5083/1/2 5084/1/2 5110/1/2
f 5109/3/2 5083/3/2 5110/3/2
f 5084/4/2 5085/4/2 5111/4/2
f 5110/1/2 5084/1/2 5111/1/2
f 5086/2/2 5087/2/2 5112/2/2
f 5088/4/2 5089/4/2 5113/4/2
f 5112/2/2 5087/2/2 5113/2/2
f 5087/4/2 5088/4/2 5113/4/2
f 5113/4/2 5089/4/2 5114/4/2
f 5090/4/2 5091/4/2 5115/4/2
f 5091/4/2 5092/4/2 5115/4/2
f 5092/1/2 5093/1/2 5116/1/2
f 5115/4/2 5092/4/2 5116/4/2
f 5116/1/2 5093/1/2 5117/1/2
f 5093/4/2 5094/4/2 5118/4/2
f 5117/1/2 5093/1/2 5118/1/2
f 5095/4/2 5096/4/2 5118/4/2
f 5094/4/2 5095/4/2 5118/4/2
f 5118/4/2 5096/4/2 5119/4/2
f 5097/1/2 5098/1/2 5120/1/2
f 5096/2/2 5097/2/2 5120/2/2
f 5098/3/2 5074/3/2 5121/3/2
f 5120/1/2 5098/1/2 5121/1/2
f 5121/3/2 5074/3/2 5122/3/2
f 5075/2/2 5099/2/2 5123/2/2
f 5123/2/2 5099/2/2 5124/2/2
f 5124/2/2 5099/2/2 5125/2/2
f 5099/1/2 5100/1/2 5126/1/2
f 5125/2/2 5099/2/2 5126/2/2
f 5100/3/2 5101/3/2 5127/3/2
f 5126/1/2 5100/1/2 5127/1/2
f 5101/1/2 5102/1/2 5128/1/2
f 5127/3/2 5101/3/2 5128/3/2
f 5102/3/2 5103/3/2 5129/3/2
f 5128/1/2 5102/1/2 5129/1/2
f 5103/1/2 5104/1/2 5130/1/2
f 5129/3/2 5103/3/2 5130/3/2
f 5104/4/2 5105/4/2 5131/4/2
f 5130/1/2 5104/1/2 5131/1/2
f 5105/2/2 5106/2/2 5132/2/2
f 5131/4/2 5105/4/2 5132/4/2
f 5132/2/2 5106/2/2 5133/2/2
f 5106/3/2 5107/3/2 5134/3/2
f 5133/2/2 5106/2/2 5134/2/2
f 5107/2/2 5080/2/2 5135/2/2
f 5134/3/2 5107/3/2 5135/3/2
f 5135/2/2 5080/2/2 5136/2/2
f 5109/4/2 5110/4/2 5137/4/2
f 5108/1/2 5109/1/2 5137/1/2
f 5110/2/2 5111/2/2 5138/2/2
f 5137/4/2 5110/4/2 5138/4/2
f 5111/4/2 5085/4/2 5139/4/2
f 5138/2/2 5111/2/2 5139/2/2
f 5139/4/2 5085/4/2 5140/4/2
f 5112/1/2 5113/1/2 5141/1/2
f 5113/3/2 5114/3/2 5142/3/2
f 5141/1/2 5113/1/2 5142/1/2
f 5114/4/2 5089/4/2 5143/4/2
f 5142/3/2 5114/3/2 5143/3/2
f 5117/4/2 5118/4/2 5144/4/2
f 5118/2/2 5119/2/2 5145/2/2
f 5144/4/2 5118/4/2 5145/4/2
f 5119/4/2 5096/4/2 5146/4/2
f 5145/2/2 5119/2/2 5146/2/2
f 5096/2/2 5120/2/2 5147/2/2
f 5146/4/2 5096/4/2 5147/4/2
f 5120/2/2 5121/2/2 5147/2/2
f 5147/2/2 5121/2/2 5148/2/2
f 5121/1/2 5122/1/2 5149/1/2
f 5148/2/2 5121/2/2 5149/2/2
f 5149/1/2 5122/1/2 5150/1/2
f 5123/1/2 5124/1/2 5151/1/2
f 5124/4/2 5125/4/2 5152/4/2
f 5151/1/2 5124/1/2 5152/1/2
f 5125/1/2 5126/1/2 5153/1/2
f 5152/4/2 5125/4/2 5153/4/2
f 5126/1/2 5127/1/2 5153/1/2
f 5127/1/2 5128/1/2 5153/1/2
f 5153/1/2 5128/1/2 5154/1/2
f 5128/3/2 5129/3/2 5155/3/2
f 5154/1/2 5128/1/2 5155/1/2
f 5130/3/2 5131/3/2 5155/3/2
f 5129/3/2 5130/3/2 5155/3/2
f 5131/3/2 5132/3/2 5155/3/2
f 5155/3/2 5132/3/2 5156/3/2
f 5156/3/2 5132/3/2 5157/3/2
f 5157/3/2 5132/3/2 5158/3/2
f 5132/4/2 5133/4/2 5159/4/2
f 5158/3/2 5132/3/2 5159/3/2
f 5133/1/2 5134/1/2 5160/1/2
f 5159/4/2 5133/4/2 5160/4/2
f 5134/4/2 5135/4/2 5161/4/2
f 5160/1/2 5134/1/2 5161/1/2
f 5135/3/2 5136/3/2 5162/3/2
f 5161/4/2 5135/4/2 5162/4/2
f 5162/3/2 5136/3/2 5163/3/2
f 5137/2/2 5138/2/2 5164/2/2
f 5108/1/2 5137/1/2 5164/1/2
f 5138/1/2 5139/1/2 5165/1/2
f 5164/2/2 5138/2/2 5165/2/2
f 5139/3/2 5140/3/2 5166/3/2
f 5165/1/2 5139/1/2 5166/1/2
f 5141/4/2 5142/4/2 5167/4/2
f 5142/1/2 5143/1/2 5168/1/2
f 5167/4/2 5142/4/2 5168/4/2
f 5143/4/2 5089/4/2 5169/4/2
f 5168/1/2 5143/1/2 5169/1/2
f 5169/4/2 5089/4/2 5170/4/2
f 5116/2/2 5117/2/2 5171/2/2
f 5115/2/2 5116/2/2 5171/2/2
f 5117/4/2 5144/4/2 5172/4/2
f 5171/2/2 5117/2/2 5172/2/2
f 5145/2/2 5146/2/2 5173/2/2
f 5172/4/2 5144/4/2 5173/4/2
f 5144/2/2 5145/2/2 5173/2/2
f 5173/2/2 5146/2/2 5174/2/2
f 5147/2/2 5148/2/2 5175/2/2
f 5146/3/2 5147/3/2 5175/3/2
f 5148/4/2 5149/4/2 5176/4/2
f 5175/2/2 5148/2/2 5176/2/2
f 5149/3/2 5150/3/2 5177/3/2
f 5176/4/2 5149/4/2 5177/4/2
f 5177/3/2 5150/3/2 5178/3/2
f 5151/3/2 5152/3/2 5179/3/2
f 5152/1/2 5153/1/2 5179/1/2
f 5153/4/2 5154/4/2 5180/4/2
f 5179/1/2 5153/1/2 5180/1/2
f 5154/2/2 5155/2/2 5181/2/2
f 5180/4/2 5154/4/2 5181/4/2
f 5155/1/2 5156/1/2 5182/1/2
f 5156/3/2 5157/3/2 5182/3/2
f 5157/4/2 5158/4/2 5183/4/2
f 5182/3/2 5157/3/2 5183/3/2
f 5158/2/2 5159/2/2 5184/2/2
f 5183/4/2 5158/4/2 5184/4/2
f 5159/3/2 5160/3/2 5185/3/2
f 5184/2/2 5159/2/2 5185/2/2
f 5160/4/2 5161/4/2 5186/4/2
f 5185/3/2 5160/3/2 5186/3/2
f 5108/1/2 5164/1/2 5187/1/2
f 5164/3/2 5165/3/2 5188/3/2
f 5187/1/2 5164/1/2 5188/1/2
f 5165/4/2 5166/4/2 5189/4/2
f 5188/3/2 5165/3/2 5189/3/2
f 5166/3/2 5140/3/2 5190/3/2
f 5189/4/2 5166/4/2 5190/4/2
f 5169/2/2 5170/2/2 5191/2/2
f 5168/2/2 5169/2/2 5191/2/2
f 5167/2/2 5168/2/2 5191/2/2
f 5191/2/2 5170/2/2 5192/2/2
f 5115/2/2 5171/2/2 5193/2/2
f 5171/4/2 5172/4/2 5194/4/2
f 5193/2/2 5171/2/2 5194/2/2
f 5172/3/2 5173/3/2 5195/3/2
f 5194/4/2 5172/4/2 5195/4/2
f 5173/1/2 5174/1/2 5196/1/2
f 5195/3/2 5173/3/2 5196/3/2
f 5196/1/2 5174/1/2 5197/1/2
f 5174/2/2 5146/2/2 5198/2/2
f 5197/1/2 5174/1/2 5198/1/2
f 5146/3/2 5175/3/2 5199/3/2
f 5198/2/2 5146/2/2 5199/2/2
f 5175/1/2 5176/1/2 5200/1/2
f 5199/3/2 5175/3/2 5200/3/2
f 5176/3/2 5177/3/2 5201/3/2
f 5200/1/2 5176/1/2 5201/1/2
f 5177/4/2 5178/4/2 5202/4/2
f 5201/3/2 5177/3/2 5202/3/2
f 5151/3/2 5179/3/2 5203/3/2
f 5179/4/2 5180/4/2 5204/4/2
f 5203/3/2 5179/3/2 5204/3/2
f 5185/1/2 5186/1/2 5205/1/2
f 5186/4/2 5161/4/2 5205/4/2
f 5161/2/2 5162/2/2 5206/2/2
f 5205/4/2 5161/4/2 5206/4/2
f 5190/3/2 5140/3/2 5207/3/2
f 5189/2/2 5190/2/2 5207/2/2
f 5207/3/2 5140/3/2 5208/3/2
f 5167/2/2 5191/2/2 5209/2/2
f 5191/1/2 5192/1/2 5210/1/2
f 5209/2/2 5191/2/2 5210/2/2
f 5210/1/2 5192/1/2 5211/1/2
f 5193/1/2 5194/1/2 5212/1/2
f 5194/3/2 5195/3/2 5213/3/2
f 5212/1/2 5194/1/2 5213/1/2
f 5196/4/2 5197/4/2 5214/4/2
f 5213/3/2 5195/3/2 5214/3/2
f 5195/4/2 5196/4/2 5214/4/2
f 5197/2/2 5198/2/2 5215/2/2
f 5214/4/2 5197/4/2 5215/4/2
f 5198/1/2 5199/1/2 5216/1/2
f 5215/2/2 5198/2/2 5216/2/2
f 5199/4/2 5200/4/2 5217/4/2
f 5216/1/2 5199/1/2 5217/1/2
f 5200/2/2 5201/2/2 5218/2/2
f 5217/4/2 5200/4/2 5218/4/2
f 5201/1/2 5202/1/2 5219/1/2
f 5218/2/2 5201/2/2 5219/2/2
f 5202/4/2 5178/4/2 5220/4/2
f 5219/1/2 5202/1/2 5220/1/2
f 5220/4/2 5178/4/2 5221/4/2
f 5203/1/2 5204/1/2 5222/1/2
f 5204/4/2 5180/4/2 5223/4/2
f 5222/1/2 5204/1/2 5223/1/2
f 5180/2/2 5181/2/2 5224/2/2
f 5223/4/2 5180/4/2 5224/4/2
f 5155/1/2 5182/1/2 5225/1/2
f 5224/2/2 5181/2/2 5225/2/2
f 5181/2/2 5155/2/2 5225/2/2
f 5182/4/2 5183/4/2 5226/4/2
f 5225/1/2 5182/1/2 5226/1/2
f 5184/2/2 5185/2/2 5227/2/2
f 5226/4/2 5183/4/2 5227/4/2
f 5183/2/2 5184/2/2 5227/2/2
f 5185/1/2 5205/1/2 5228/1/2
f 5227/2/2 5185/2/2 5228/2/2
f 5205/2/2 5206/2/2 5229/2/2
f 5228/1/2 5205/1/2 5229/1/2
f 5162/4/2 5163/4/2 5230/4/2
f 5229/2/2 5206/2/2 5230/2/2
f 5206/2/2 5162/2/2 5230/2/2
f 5230/4/2 5163/4/2 5231/4/2
f 5187/2/2 5188/2/2 5232/2/2
f 5188/4/2 5189/4/2 5233/4/2
f 5232/2/2 5188/2/2 5233/2/2
f 5189/2/2 5207/2/2 5234/2/2
f 5233/4/2 5189/4/2 5234/4/2
f 5207/1/2 5208/1/2 5235/1/2
f 5234/2/2 5207/2/2 5235/2/2
f 5235/1/2 5208/1/2 5236/1/2
f 5237/2/2 5238/2/2 5260/2/2
f 5238/1/2 5239/1/2 5261/1/2
f 5260/2/2 5238/2/2 5261/2/2
f 5239/4/2 5240/4/2 5262/4/2
f 5261/1/2 5239/1/2 5262/1/2
f 5262/4/2 5240/4/2 5263/4/2
f 5240/3/2 5241/3/2 5264/3/2
f 5263/4/2 5240/4/2 5264/4/2
f 5264/3/2 5241/3/2 5265/3/2
f 5242/4/2 5243/4/2 5266/4/2
f 5243/3/2 5244/3/2 5267/3/2
f 5266/4/2 5243/4/2 5267/4/2
f 5244/4/2 5245/4/2 5268/4/2
f 5267/3/2 5244/3/2 5268/3/2
f 5268/4/2 5245/4/2 5269/4/2
f 5245/2/2 5246/2/2 5270/2/2
f 5269/4/2 5245/4/2 5270/4/2
f 5246/4/2 5247/4/2 5271/4/2
f 5270/2/2 5246/2/2 5271/2/2
f 5247/3/2 5248/3/2 5272/3/2
f 5271/4/2 5247/4/2 5272/4/2
f 5272/3/2 5248/3/2 5273/3/2
f 5248/1/2 5249/1/2 5274/1/2
f 5273/3/2 5248/3/2 5274/3/2
f 5249/3/2 5250/3/2 5275/3/2
f 5274/1/2 5249/1/2 5275/1/2
f 5250/4/2 5251/4/2 5276/4/2
f 5275/3/2 5250/3/2 5276/3/2
f 5276/4/2 5251/4/2 5277/4/2
f 5277/4/2 5251/4/2 5278/4/2
f 5251/3/2 5252/3/2 5279/3/2
f 5278/4/2 5251/4/2 5279/4/2
f 5252/4/2 5253/4/2 5280/4/2
f 5279/3/2 5252/3/2 5280/3/2
f 5254/2/2 5255/2/2 5281/2/2
f 5281/2/2 5255/2/2 5282/2/2
f 5255/1/2 5256/1/2 5283/1/2
f 5282/2/2 5255/2/2 5283/2/2
f 5256/4/2 5257/4/2 5284/4/2
f 5283/1/2 5256/1/2 5284/1/2
f 5284/4/2 5257/4/2 5285/4/2
f 5257/2/2 5258/2/2 5286/2/2
f 5285/4/2 5257/4/2 5286/4/2
f 5286/2/2 5258/2/2 5287/2/2
f 5258/3/2 5259/3/2 5288/3/2
f 5287/2/2 5258/2/2 5288/2/2
f 5288/3/2 5259/3/2 5289/3/2
f 5260/1/2 5261/1/2 5290/1/2
f 5290/1/2 5261/1/2 5291/1/2
f 5262/4/2 5263/4/2 5292/4/2
f 5261/4/2 5262/4/2 5292/4/2
f 5263/2/2 5264/2/2 5293/2/2
f 5292/4/2 5263/4/2 5293/4/2
f 5293/2/2 5264/2/2 5294/2/2
f 5264/1/2 5265/1/2 5295/1/2
f 5294/2/2 5264/2/2 5295/2/2
f 5268/4/2 5269/4/2 5296/4/2
f 5269/2/2 5270/2/2 5297/2/2
f 5296/4/2 5269/4/2 5297/4/2
f 5270/2/2 5271/2/2 5297/2/2
f 5271/2/2 5272/2/2 5297/2/2
f 5272/1/2 5273/1/2 5298/1/2
f 5273/3/2 5274/3/2 5298/3/2
f 5274/4/2 5275/4/2 5299/4/2
f 5298/3/2 5274/3/2 5299/3/2
f 5275/4/2 5276/4/2 5299/4/2
f 5299/4/2 5276/4/2 5300/4/2
f 5276/3/2 5277/3/2 5301/3/2
f 5300/4/2 5276/4/2 5301/4/2
f 5277/4/2 5278/4/2 5302/4/2
f 5301/3/2 5277/3/2 5302/3/2
f 5281/1/2 5282/1/2 5303/1/2
f 5282/3/2 5283/3/2 5304/3/2
f 5303/1/2 5282/1/2 5304/1/2
f 5283/3/2 5284/3/2 5304/3/2
f 5304/3/2 5284/3/2 5305/3/2
f 5284/4/2 5285/4/2 5306/4/2
f 5305/3/2 5284/3/2 5306/3/2
f 5286/2/2 5287/2/2 5307/2/2
f 5306/4/2 5285/4/2 5307/4/2
f 5285/2/2 5286/2/2 5307/2/2
f 5287/3/2 5288/3/2 5308/3/2
f 5307/2/2 5287/2/2 5308/2/2
f 5288/4/2 5289/4/2 5309/4/2
f 5308/3/2 5288/3/2 5309/3/2
f 5291/1/2 5261/1/2 5310/1/2
f 5261/4/2 5292/4/2 5310/4/2
f 5293/2/2 5294/2/2 5311/2/2
f 5310/4/2 5292/4/2 5311/4/2
f 5292/2/2 5293/2/2 5311/2/2
f 5311/2/2 5294/2/2 5312/2/2
f 5294/4/2 5295/4/2 5313/4/2
f 5312/2/2 5294/2/2 5313/2/2
f 5295/1/2 5265/1/2 5314/1/2
f 5313/4/2 5295/4/2 5314/4/2
f 5314/1/2 5265/1/2 5315/1/2
f 5266/2/2 5267/2/2 5316/2/2
f 5267/1/2 5268/1/2 5317/1/2
f 5316/2/2 5267/2/2 5317/2/2
f 5268/4/2 5296/4/2 5318/4/2
f 5317/1/2 5268/1/2 5318/1/2
f 5296/2/2 5297/2/2 5319/2/2
f 5318/4/2 5296/4/2 5319/4/2
f 5297/2/2 5272/2/2 5320/2/2
f 5319/2/2 5297/2/2 5320/2/2
f 5320/2/2 5272/2/2 5321/2/2
f 5272/1/2 5298/1/2 5322/1/2
f 5321/2/2 5272/2/2 5322/2/2
f 5298/4/2 5299/4/2 5323/4/2
f 5322/1/2 5298/1/2 5323/1/2
f 5299/4/2 5300/4/2 5323/4/2
f 5323/4/2 5300/4/2 5324/4/2
f 5300/1/2 5301/1/2 5325/1/2
f 5324/4/2 5300/4/2 5325/4/2
f 5301/1/2 5302/1/2 5325/1/2
f 5325/1/2 5302/1/2 5326/1/2
f 5302/4/2 5278/4/2 5327/4/2
f 5326/1/2 5302/1/2 5327/1/2
f 5278/2/2 5279/2/2 5328/2/2
f 5327/4/2 5278/4/2 5328/4/2
f 5304/4/2 5305/4/2 5329/4/2
f 5303/4/2 5304/4/2 5329/4/2
f 5329/4/2 5305/4/2 5330/4/2
f 5305/3/2 5306/3/2 5331/3/2
f 5330/4/2 5305/4/2 5331/4/2
f 5306/3/2 5307/3/2 5331/3/2
f 5307/1/2 5308/1/2 5332/1/2
f 5331/3/2 5307/3/2 5332/3/2
f 5332/1/2 5308/1/2 5333/1/2
f 5309/4/2 5289/4/2 5334/4/2
f 5308/4/2 5309/4/2 5334/4/2
f 5334/4/2 5289/4/2 5335/4/2
f 5291/1/2 5310/1/2 5336/1/2
f 5311/2/2 5312/2/2 5336/2/2
f 5310/2/2 5311/2/2 5336/2/2
f 5312/4/2 5313/4/2 5337/4/2
f 5336/2/2 5312/2/2 5337/2/2
f 5313/3/2 5314/3/2 5338/3/2
f 5337/4/2 5313/4/2 5338/4/2
f 5314/4/2 5315/4/2 5339/4/2
f 5338/3/2 5314/3/2 5339/3/2
f 5316/3/2 5317/3/2 5340/3/2
f 5318/3/2 5319/3/2 5340/3/2
f 5317/3/2 5318/3/2 5340/3/2
f 5340/3/2 5319/3/2 5341/3/2
f 5319/4/2 5320/4/2 5342/4/2
f 5341/3/2 5319/3/2 5342/3/2
f 5320/2/2 5321/2/2 5343/2/2
f 5342/4/2 5320/4/2 5343/4/2
f 5321/1/2 5322/1/2 5344/1/2
f 5343/2/2 5321/2/2 5344/2/2
f 5323/4/2 5324/4/2 5345/4/2
f 5344/1/2 5322/1/2 5345/1/2
f 5322/4/2 5323/4/2 5345/4/2
f 5324/2/2 5325/2/2 5346/2/2
f 5345/4/2 5324/4/2 5346/4/2
f 5346/2/2 5325/2/2 5347/2/2
f 5325/1/2 5326/1/2 5348/1/2
f 5347/2/2 5325/2/2 5348/2/2
f 5326/3/2 5327/3/2 5349/3/2
f 5348/1/2 5326/1/2 5349/1/2
f 5327/2/2 5328/2/2 5350/2/2
f 5349/3/2 5327/3/2 5350/3/2
f 5328/2/2 5279/2/2 5351/2/2
f 5350/2/2 5328/2/2 5351/2/2
f 5279/1/2 5280/1/2 5352/1/2
f 5351/2/2 5279/2/2 5352/2/2
f 5280/4/2 5253/4/2 5353/4/2
f 5352/1/2 5280/1/2 5353/1/2
f 5353/4/2 5253/4/2 5354/4/2
f 5331/4/2 5332/4/2 5355/4/2
f 5332/2/2 5333/2/2 5356/2/2
f 5355/4/2 5332/4/2 5356/4/2
f 5356/2/2 5333/2/2 5357/2/2
f 5333/1/2 5308/1/2 5358/1/2
f 5357/2/2 5333/2/2 5358/2/2
f 5308/4/2 5334/4/2 5359/4/2
f 5358/1/2 5308/1/2 5359/1/2
f 5334/2/2 5335/2/2 5360/2/2
f 5359/4/2 5334/4/2 5360/4/2
f 5290/2/2 5291/2/2 5361/2/2
f 5291/1/2 5336/1/2 5362/1/2
f 5361/2/2 5291/2/2 5362/2/2
f 5336/1/2 5337/1/2 5362/1/2
f 5337/3/2 5338/3/2 5363/3/2
f 5362/1/2 5337/1/2 5363/1/2
f 5338/4/2 5339/4/2 5364/4/2
f 5363/3/2 5338/3/2 5364/3/2
f 5341/3/2 5342/3/2 5365/3/2
f 5342/3/2 5343/3/2 5365/3/2
f 5340/1/2 5341/1/2 5365/1/2
f 5365/3/2 5343/3/2 5366/3/2
f 5366/3/2 5343/3/2 5367/3/2
f 5343/1/2 5344/1/2 5368/1/2
f 5367/3/2 5343/3/2 5368/3/2
f 5344/3/2 5345/3/2 5369/3/2
f 5368/1/2 5344/1/2 5369/1/2
f 5345/1/2 5346/1/2 5370/1/2
f 5369/3/2 5345/3/2 5370/3/2
f 5346/2/2 5347/2/2 5371/2/2
f 5370/1/2 5346/1/2 5371/1/2
f 5347/1/2 5348/1/2 5372/1/2
f 5371/2/2 5347/2/2 5372/2/2
f 5349/3/2 5350/3/2 5373/3/2
f 5372/1/2 5348/1/2 5373/1/2
f 5350/3/2 5351/3/2 5373/3/2
f 5348/3/2 5349/3/2 5373/3/2
f 5373/3/2 5351/3/2 5374/3/2
f 5374/3/2 5351/3/2 5375/3/2
f 5351/1/2 5352/1/2 5376/1/2
f 5375/3/2 5351/3/2 5376/3/2
f 5353/3/2 5354/3/2 5377/3/2
f 5376/1/2 5352/1/2 5377/1/2
f 5352/3/2 5353/3/2 5377/3/2
f 5377/3/2 5354/3/2 5378/3/2
f 5329/2/2 5330/2/2 5379/2/2
f 5330/1/2 5331/1/2 5380/1/2
f 5379/2/2 5330/2/2 5380/2/2
f 5331/4/2 5355/4/2 5381/4/2
f 5380/1/2 5331/1/2 5381/1/2
f 5356/2/2 5357/2/2 5382/2/2
f 5381/4/2 5355/4/2 5382/4/2
f 5355/2/2 5356/2/2 5382/2/2
f 5382/2/2 5357/2/2 5383/2/2
f 5357/1/2 5358/1/2 5384/1/2
f 5383/2/2 5357/2/2 5384/2/2
f 5358/3/2 5359/3/2 5385/3/2
f 5384/1/2 5358/1/2 5385/1/2
f 5359/3/2 5360/3/2 5385/3/2
f 5385/3/2 5360/3/2 5386/3/2
f 5360/2/2 5335/2/2 5387/2/2
f 5386/3/2 5360/3/2 5387/3/2
f 5387/2/2 5335/2/2 5388/2/2
f 5361/3/2 5362/3/2 5389/3/2
f 5362/4/2 5363/4/2 5390/4/2
f 5389/3/2 5362/3/2 5390/3/2
f 5390/4/2 5363/4/2 5391/4/2
f 5363/1/2 5364/1/2 5392/1/2
f 5391/4/2 5363/4/2 5392/4/2
f 5364/4/2 5339/4/2 5393/4/2
f 5392/1/2 5364/1/2 5393/1/2
f 5339/4/2 5315/4/2 5394/4/2
f 5393/4/2 5339/4/2 5394/4/2
f 5394/4/2 5315/4/2 5395/4/2
f 5340/1/2 5365/1/2 5396/1/2
f 5365/4/2 5366/4/2 5397/4/2
f 5396/1/2 5365/1/2 5397/1/2
f 5366/3/2 5367/3/2 5398/3/2
f 5397/4/2 5366/4/2 5398/4/2
f 5367/1/2 5368/1/2 5399/1/2
f 5398/3/2 5367/3/2 5399/3/2
f 5368/4/2 5369/4/2 5400/4/2
f 5369/1/2 5370/1/2 5401/1/2
f 5400/4/2 5369/4/2 5401/4/2
f 5370/4/2 5371/4/2 5402/4/2
f 5371/1/2 5372/1/2 5402/1/2
f 5373/4/2 5374/4/2 5403/4/2
f 5402/1/2 5372/1/2 5403/1/2
f 5372/4/2 5373/4/2 5403/4/2
f 5374/3/2 5375/3/2 5404/3/2
f 5403/4/2 5374/4/2 5404/4/2
f 5375/1/2 5376/1/2 5405/1/2
f 5404/3/2 5375/3/2 5405/3/2
f 5377/4/2 5378/4/2 5406/4/2
f 5405/1/2 5376/1/2 5406/1/2
f 5376/4/2 5377/4/2 5406/4/2
f 5406/4/2 5378/4/2 5407/4/2
f 5378/3/2 5354/3/2 5408/3/2
f 5407/4/2 5378/4/2 5408/4/2
f 5408/3/2 5354/3/2 5409/3/2
f 5380/1/2 5381/1/2 5410/1/2
f 5379/1/2 5380/1/2 5410/1/2
f 5382/3/2 5383/3/2 5411/3/2
f 5410/1/2 5381/1/2 5411/1/2
f 5381/3/2 5382/3/2 5411/3/2
f 5411/3/2 5383/3/2 5412/3/2
f 5383/1/2 5384/1/2 5413/1/2
f 5412/3/2 5383/3/2 5413/3/2
f 5385/4/2 5386/4/2 5414/4/2
f 5413/1/2 5384/1/2 5414/1/2
f 5384/4/2 5385/4/2 5414/4/2
f 5386/3/2 5387/3/2 5415/3/2
f 5414/4/2 5386/4/2 5415/4/2
f 5387/3/2 5388/3/2 5415/3/2
f 5415/3/2 5388/3/2 5416/3/2
f 5416/3/2 5388/3/2 5417/3/2
f 5389/1/2 5390/1/2 5418/1/2
f 5390/4/2 5391/4/2 5419/4/2
f 5418/1/2 5390/1/2 5419/1/2
f 5392/2/2 5393/2/2 5420/2/2
f 5419/4/2 5391/4/2 5420/4/2
f 5391/2/2 5392/2/2 5420/2/2
f 5420/2/2 5393/2/2 5421/2/2
f 5393/1/2 5394/1/2 5422/1/2
f 5421/2/2 5393/2/2 5422/2/2
f 5394/2/2 5395/2/2 5423/2/2
f 5422/1/2 5394/1/2 5423/1/2
f 5423/2/2 5395/2/2 5424/2/2
f 5396/4/2 5397/4/2 5425/4/2
f 5397/1/2 5398/1/2 5426/1/2
f 5425/4/2 5397/4/2 5426/4/2
f 5398/1/2 5399/1/2 5426/1/2
f 5426/1/2 5399/1/2 5427/1/2
f 5399/1/2 5368/1/2 5428/1/2
f 5427/1/2 5399/1/2 5428/1/2
f 5368/4/2 5400/4/2 5429/4/2
f 5428/1/2 5368/1/2 5429/1/2
f 5400/2/2 5401/2/2 5430/2/2
f 5429/4/2 5400/4/2 5430/4/2
f 5402/4/2 5403/4/2 5431/4/2
f 5370/4/2 5402/4/2 5431/4/2
f 5403/2/2 5404/2/2 5432/2/2
f 5431/4/2 5403/4/2 5432/4/2
f 5406/4/2 5407/4/2 5433/4/2
f 5405/4/2 5406/4/2 5433/4/2
f 5408/2/2 5409/2/2 5434/2/2
f 5433/4/2 5407/4/2 5434/4/2
f 5407/2/2 5408/2/2 5434/2/2
f 5411/3/2 5412/3/2 5435/3/2
f 5410/2/2 5411/2/2 5435/2/2
f 5412/4/2 5413/4/2 5436/4/2
f 5435/3/2 5412/3/2 5436/3/2
f 5413/4/2 5414/4/2 5436/4/2
f 5436/4/2 5414/4/2 5437/4/2
f 5414/2/2 5415/2/2 5438/2/2
f 5437/4/2 5414/4/2 5438/4/2
f 5415/3/2 5416/3/2 5439/3/2
f 5438/2/2 5415/2/2 5439/2/2
f 5416/4/2 5417/4/2 5440/4/2
f 5439/3/2 5416/3/2 5440/3/2
f 5418/2/2 5419/2/2 5441/2/2
f 5419/1/2 5420/1/2 5442/1/2
f 5441/2/2 5419/2/2 5442/2/2
f 5420/2/2 5421/2/2 5443/2/2
f 5442/1/2 5420/1/2 5443/1/2
f 5421/1/2 5422/1/2 5444/1/2
f 5443/2/2 5421/2/2 5444/2/2
f 5422/3/2 5423/3/2 5445/3/2
f 5444/1/2 5422/1/2 5445/1/2
f 5423/1/2 5424/1/2 5446/1/2
f 5445/3/2 5423/3/2 5446/3/2
f 5446/1/2 5424/1/2 5447/1/2
f 5425/2/2 5426/2/2 5448/2/2
f 5426/2/2 5427/2/2 5448/2/2
f 5427/1/2 5428/1/2 5449/1/2
f 5448/2/2 5427/2/2 5449/2/2
f 5428/4/2 5429/4/2 5450/4/2
f 5449/1/2 5428/1/2 5450/1/2
f 5429/2/2 5430/2/2 5451/2/2
f 5450/4/2 5429/4/2 5451/4/2
f 5401/1/2 5370/1/2 5452/1/2
f 5451/2/2 5430/2/2 5452/2/2
f 5430/2/2 5401/2/2 5452/2/2
f 5370/4/2 5431/4/2 5453/4/2
f 5452/1/2 5370/1/2 5453/1/2
f 5431/2/2 5432/2/2 5454/2/2
f 5453/4/2 5431/4/2 5454/4/2
f 5432/2/2 5404/2/2 5455/2/2
f 5454/2/2 5432/2/2 5455/2/2
f 5404/1/2 5405/1/2 5455/1/2
f 5405/4/2 5433/4/2 5456/4/2
f 5455/1/2 5405/1/2 5456/1/2
f 5433/2/2 5434/2/2 5457/2/2
f 5456/4/2 5433/4/2 5457/4/2
f 5434/2/2 5409/2/2 5458/2/2
f 5457/2/2 5434/2/2 5458/2/2
f 5410/2/2 5435/2/2 5459/2/2
f 5435/1/2 5436/1/2 5460/1/2
f 5459/2/2 5435/2/2 5460/2/2
f 5436/4/2 5437/4/2 5461/4/2
f 5460/1/2 5436/1/2 5461/1/2
f 5438/2/2 5439/2/2 5462/2/2
f 5461/4/2 5437/4/2 5462/4/2
f 5437/2/2 5438/2/2 5462/2/2
f 5439/1/2 5440/1/2 5463/1/2
f 5462/2/2 5439/2/2 5463/2/2
f 5440/4/2 5417/4/2 5464/4/2
f 5463/1/2 5440/1/2 5464/1/2
f 5464/4/2 5417/4/2 5465/4/2
f 5466/2/2 5467/2/2 5490/2/2
f 5490/2/2 5467/2/2 5491/2/2
f 5467/3/2 5468/3/2 5492/3/2
f 5491/2/2 5467/2/2 5492/2/2
f 5468/4/2 5469/4/2 5493/4/2
f 5492/3/2 5468/3/2 5493/3/2
f 5469/2/2 5470/2/2 5494/2/2
f 5470/1/2 5471/1/2 5495/1/2
f 5494/2/2 5470/2/2 5495/2/2
f 5471/4/2 5472/4/2 5496/4/2
f 5495/1/2 5471/1/2 5496/1/2
f 5496/4/2 5472/4/2 5497/4/2
f 5472/3/2 5473/3/2 5498/3/2
f 5497/4/2 5472/4/2 5498/4/2
f 5498/3/2 5473/3/2 5499/3/2
f 5474/2/2 5475/2/2 5500/2/2
f 5475/1/2 5476/1/2 5501/1/2
f 5500/2/2 5475/2/2 5501/2/2
f 5476/2/2 5477/2/2 5502/2/2
f 5501/1/2 5476/1/2 5502/1/2
f 5502/2/2 5477/2/2 5503/2/2
f 5503/2/2 5477/2/2 5504/2/2
f 5504/2/2 5477/2/2 5505/2/2
f 5477/4/2 5478/4/2 5506/4/2
f 5505/2/2 5477/2/2 5506/2/2
f 5478/3/2 5479/3/2 5507/3/2
f 5506/4/2 5478/4/2 5507/4/2
f 5507/3/2 5479/3/2 5508/3/2
f 5480/4/2 5481/4/2 5509/4/2
f 5509/4/2 5481/4/2 5510/4/2
f 5510/4/2 5481/4/2 5511/4/2
f 5481/3/2 5482/3/2 5512/3/2
f 5511/4/2 5481/4/2 5512/4/2
f 5512/3/2 5482/3/2 5513/3/2
f 5482/1/2 5483/1/2 5514/1/2
f 5513/3/2 5482/3/2 5514/3/2
f 5483/3/2 5484/3/2 5515/3/2
f 5514/1/2 5483/1/2 5515/1/2
f 5484/4/2 5485/4/2 5516/4/2
f 5515/3/2 5484/3/2 5516/3/2
f 5516/4/2 5485/4/2 5517/4/2
f 5485/3/2 5486/3/2 5518/3/2
f 5517/4/2 5485/4/2 5518/4/2
f 5518/3/2 5486/3/2 5519/3/2
f 5487/2/2 5488/2/2 5520/2/2
f 5488/1/2 5489/1/2 5521/1/2
f 5520/2/2 5488/2/2 5521/2/2
f 5521/1/2 5489/1/2 5522/1/2
f 5491/4/2 5492/4/2 5523/4/2
f 5492/4/2 5493/4/2 5523/4/2
f 5493/4/2 5469/4/2 5524/4/2
f 5523/4/2 5493/4/2 5524/4/2
f 5469/2/2 5494/2/2 5524/2/2
f 5494/1/2 5495/1/2 5525/1/2
f 5495/4/2 5496/4/2 5525/4/2
f 5496/2/2 5497/2/2 5526/2/2
f 5525/4/2 5496/4/2 5526/4/2
f 5497/4/2 5498/4/2 5527/4/2
f 5526/2/2 5497/2/2 5527/2/2
f 5498/1/2 5499/1/2 5528/1/2
f 5527/4/2 5498/4/2 5528/4/2
f 5528/1/2 5499/1/2 5529/1/2
f 5500/4/2 5501/4/2 5530/4/2
f 5501/3/2 5502/3/2 5531/3/2
f 5530/4/2 5501/4/2 5531/4/2
f 5502/1/2 5503/1/2 5532/1/2
f 5531/3/2 5502/3/2 5532/3/2
f 5503/4/2 5504/4/2 5533/4/2
f 5532/1/2 5503/1/2 5533/1/2
f 5505/1/2 5506/1/2 5534/1/2
f 5506/2/2 5507/2/2 5534/2/2
f 5507/1/2 5508/1/2 5535/1/2
f 5534/2/2 5507/2/2 5535/2/2
f 5535/1/2 5508/1/2 5536/1/2
f 5509/2/2 5510/2/2 5537/2/2
f 5510/4/2 5511/4/2 5538/4/2
f 5537/2/2 5510/2/2 5538/2/2
f 5511/2/2 5512/2/2 5539/2/2
f 5538/4/2 5511/4/2 5539/4/2
f 5539/2/2 5512/2/2 5540/2/2
f 5540/2/2 5512/2/2 5541/2/2
f 5512/1/2 5513/1/2 5542/1/2
f 5541/2/2 5512/2/2 5542/2/2
f 5513/4/2 5514/4/2 5543/4/2
f 5542/1/2 5513/1/2 5543/1/2
f 5514/4/2 5515/4/2 5543/4/2
f 5543/4/2 5515/4/2 5544/4/2
f 5516/1/2 5517/1/2 5545/1/2
f 5544/4/2 5515/4/2 5545/4/2
f 5515/1/2 5516/1/2 5545/1/2
f 5545/1/2 5517/1/2 5546/1/2
f 5517/2/2 5518/2/2 5547/2/2
f 5546/1/2 5517/1/2 5547/1/2
f 5520/4/2 5521/4/2 5548/4/2
f 5548/4/2 5521/4/2 5549/4/2
f 5521/3/2 5522/3/2 5550/3/2
f 5549/4/2 5521/4/2 5550/4/2
f 5550/3/2 5522/3/2 5551/3/2
f 5490/1/2 5491/1/2 5552/1/2
f 5491/4/2 5523/4/2 5553/4/2
f 5552/1/2 5491/1/2 5553/1/2
f 5523/2/2 5524/2/2 5554/2/2
f 5553/4/2 5523/4/2 5554/4/2
f 5494/1/2 5525/1/2 5555/1/2
f 5525/2/2 5526/2/2 5555/2/2
f 5526/4/2 5527/4/2 5556/4/2
f 5555/2/2 5526/2/2 5556/2/2
f 5527/3/2 5528/3/2 5557/3/2
f 5556/4/2 5527/4/2 5557/4/2
f 5528/4/2 5529/4/2 5558/4/2
f 5557/3/2 5528/3/2 5558/3/2
f 5531/4/2 5532/4/2 5559/4/2
f 5532/2/2 5533/2/2 5559/2/2
f 5533/4/2 5504/4/2 5560/4/2
f 5559/2/2 5533/2/2 5560/2/2
f 5504/2/2 5505/2/2 5561/2/2
f 5560/4/2 5504/4/2 5561/4/2
f 5505/1/2 5534/1/2 5562/1/2
f 5535/4/2 5536/4/2 5562/4/2
f 5534/4/2 5535/4/2 5562/4/2
f 5562/4/2 5536/4/2 5563/4/2
f 5537/3/2 5538/3/2 5564/3/2
f 5538/3/2 5539/3/2 5564/3/2
f 5564/3/2 5539/3/2 5565/3/2
f 5539/4/2 5540/4/2 5566/4/2
f 5565/3/2 5539/3/2 5566/3/2
f 5540/2/2 5541/2/2 5567/2/2
f 5566/4/2 5540/4/2 5567/4/2
f 5541/1/2 5542/1/2 5568/1/2
f 5567/2/2 5541/2/2 5568/2/2
f 5543/4/2 5544/4/2 5569/4/2
f 5568/1/2 5542/1/2 5569/1/2
f 5542/4/2 5543/4/2 5569/4/2
f 5544/2/2 5545/2/2 5570/2/2
f 5569/4/2 5544/4/2 5570/4/2
f 5545/1/2 5546/1/2 5571/1/2
f 5570/2/2 5545/2/2 5571/2/2
f 5546/3/2 5547/3/2 5572/3/2
f 5571/1/2 5546/1/2 5572/1/2
f 5547/2/2 5518/2/2 5573/2/2
f 5572/3/2 5547/3/2 5573/3/2
f 5518/1/2 5519/1/2 5574/1/2
f 5573/2/2 5518/2/2 5574/2/2
f 5574/1/2 5519/1/2 5575/1/2
f 5552/3/2 5553/3/2 5576/3/2
f 5553/3/2 5554/3/2 5576/3/2
f 5576/3/2 5554/3/2 5577/3/2
f 5554/2/2 5524/2/2 5578/2/2
f 5577/3/2 5554/3/2 5578/3/2
f 5578/2/2 5524/2/2 5579/2/2
f 5524/2/2 5494/2/2 5580/2/2
f 5579/2/2 5524/2/2 5580/2/2
f 5494/1/2 5555/1/2 5581/1/2
f 5580/2/2 5494/2/2 5581/2/2
f 5555/1/2 5556/1/2 5581/1/2
f 5556/3/2 5557/3/2 5582/3/2
f 5581/1/2 5556/1/2 5582/1/2
f 5557/4/2 5558/4/2 5583/4/2
f 5582/3/2 5557/3/2 5583/3/2
f 5530/2/2 5531/2/2 5584/2/2
f 5531/4/2 5559/4/2 5585/4/2
f 5584/2/2 5531/2/2 5585/2/2
f 5559/1/2 5560/1/2 5586/1/2
f 5585/4/2 5559/4/2 5586/4/2
f 5560/3/2 5561/3/2 5587/3/2
f 5586/1/2 5560/1/2 5587/1/2
f 5561/2/2 5505/2/2 5588/2/2
f 5587/3/2 5561/3/2 5588/3/2
f 5505/1/2 5562/1/2 5589/1/2
f 5588/2/2 5505/2/2 5589/2/2
f 5562/3/2 5563/3/2 5590/3/2
f 5589/1/2 5562/1/2 5590/1/2
f 5563/4/2 5536/4/2 5591/4/2
f 5590/3/2 5563/3/2 5591/3/2
f 5565/3/2 5566/3/2 5592/3/2
f 5566/3/2 5567/3/2 5592/3/2
f 5567/1/2 5568/1/2 5593/1/2
f 5592/3/2 5567/3/2 5593/3/2
f 5568/3/2 5569/3/2 5594/3/2
f 5593/1/2 5568/1/2 5594/1/2
f 5569/1/2 5570/1/2 5595/1/2
f 5594/3/2 5569/3/2 5595/3/2
f 5570/1/2 5571/1/2 5595/1/2
f 5571/3/2 5572/3/2 5596/3/2
f 5595/1/2 5571/1/2 5596/1/2
f 5572/3/2 5573/3/2 5596/3/2
f 5596/3/2 5573/3/2 5597/3/2
f 5573/1/2 5574/1/2 5598/1/2
f 5597/3/2 5573/3/2 5598/3/2
f 5574/3/2 5575/3/2 5599/3/2
f 5598/1/2 5574/1/2 5599/1/2
f 5599/3/2 5575/3/2 5600/3/2
f 5548/2/2 5549/2/2 5601/2/2
f 5549/1/2 5550/1/2 5602/1/2
f 5601/2/2 5549/2/2 5602/2/2
f 5550/4/2 5551/4/2 5603/4/2
f 5602/1/2 5550/1/2 5603/1/2
f 5603/4/2 5551/4/2 5604/4/2
f 5576/4/2 5577/4/2 5605/4/2
f 5578/3/2 5579/3/2 5606/3/2
f 5605/4/2 5577/4/2 5606/4/2
f 5577/3/2 5578/3/2 5606/3/2
f 5606/3/2 5579/3/2 5607/3/2
f 5579/1/2 5580/1/2 5608/1/2
f 5607/3/2 5579/3/2 5608/3/2
f 5580/3/2 5581/3/2 5609/3/2
f 5608/1/2 5580/1/2 5609/1/2
f 5581/4/2 5582/4/2 5610/4/2
f 5609/3/2 5581/3/2 5610/3/2
f 5610/4/2 5582/4/2 5611/4/2
f 5582/1/2 5583/1/2 5612/1/2
f 5611/4/2 5582/4/2 5612/4/2
f 5583/4/2 5558/4/2 5613/4/2
f 5612/1/2 5583/1/2 5613/1/2
f 5558/4/2 5529/4/2 5614/4/2
f 5613/4/2 5558/4/2 5614/4/2
f 5614/4/2 5529/4/2 5615/4/2
f 5584/1/2 5585/1/2 5616/1/2
f 5585/3/2 5586/3/2 5617/3/2
f 5616/1/2 5585/1/2 5617/1/2
f 5586/4/2 5587/4/2 5618/4/2
f 5617/3/2 5586/3/2 5618/3/2
f 5587/3/2 5588/3/2 5619/3/2
f 5618/4/2 5587/4/2 5619/4/2
f 5588/1/2 5589/1/2 5620/1/2
f 5619/3/2 5588/3/2 5620/3/2
f 5589/4/2 5590/4/2 5621/4/2
f 5620/1/2 5589/1/2 5621/1/2
f 5590/1/2 5591/1/2 5622/1/2
f 5621/4/2 5590/4/2 5622/4/2
f 5591/4/2 5536/4/2 5623/4/2
f 5622/1/2 5591/1/2 5623/1/2
f 5623/4/2 5536/4/2 5624/4/2
f 5564/1/2 5565/1/2 5625/1/2
f 5565/3/2 5592/3/2 5626/3/2
f 5625/1/2 5565/1/2 5626/1/2
f 5592/1/2 5593/1/2 5627/1/2
f 5626/3/2 5592/3/2 5627/3/2
f 5593/4/2 5594/4/2 5628/4/2
f 5627/1/2 5593/1/2 5628/1/2
f 5594/1/2 5595/1/2 5629/1/2
f 5628/4/2 5594/4/2 5629/4/2
f 5596/4/2 5597/4/2 5630/4/2
f 5595/4/2 5596/4/2 5630/4/2
f 5597/3/2 5598/3/2 5631/3/2
f 5630/4/2 5597/4/2 5631/4/2
f 5599/4/2 5600/4/2 5632/4/2
f 5631/3/2 5598/3/2 5632/3/2
f 5598/4/2 5599/4/2 5632/4/2
f 5632/4/2 5600/4/2 5633/4/2
f 5601/1/2 5602/1/2 5634/1/2
f 5602/1/2 5603/1/2 5634/1/2
f 5603/3/2 5604/3/2 5635/3/2
f 5634/1/2 5603/1/2 5635/1/2
f 5635/3/2 5604/3/2 5636/3/2
f 5605/2/2 5606/2/2 5637/2/2
f 5606/1/2 5607/1/2 5638/1/2
f 5637/2/2 5606/2/2 5638/2/2
f 5607/4/2 5608/4/2 5639/4/2
f 5638/1/2 5607/1/2 5639/1/2
f 5608/2/2 5609/2/2 5640/2/2
f 5639/4/2 5608/4/2 5640/4/2
f 5609/2/2 5610/2/2 5640/2/2
f 5610/1/2 5611/1/2 5641/1/2
f 5640/2/2 5610/2/2 5641/2/2
f 5611/2/2 5612/2/2 5642/2/2
f 5641/1/2 5611/1/2 5642/1/2
f 5612/1/2 5613/1/2 5643/1/2
f 5642/2/2 5612/2/2 5643/2/2
f 5613/3/2 5614/3/2 5644/3/2
f 5643/1/2 5613/1/2 5644/1/2
f 5614/1/2 5615/1/2 5645/1/2
f 5644/3/2 5614/3/2 5645/3/2
f 5645/1/2 5615/1/2 5646/1/2
f 5616/2/2 5617/2/2 5647/2/2
f 5617/1/2 5618/1/2 5648/1/2
f 5647/2/2 5617/2/2 5648/2/2
f 5618/2/2 5619/2/2 5649/2/2
f 5648/1/2 5618/1/2 5649/1/2
f 5619/1/2 5620/1/2 5650/1/2
f 5649/2/2 5619/2/2 5650/2/2
f 5620/2/2 5621/2/2 5651/2/2
f 5650/1/2 5620/1/2 5651/1/2
f 5621/1/2 5622/1/2 5652/1/2
f 5651/2/2 5621/2/2 5652/2/2
f 5623/1/2 5624/1/2 5652/1/2
f 5622/1/2 5623/1/2 5652/1/2
f 5652/1/2 5624/1/2 5653/1/2
f 5625/2/2 5626/2/2 5654/2/2
f 5626/1/2 5627/1/2 5655/1/2
f 5654/2/2 5626/2/2 5655/2/2
f 5627/4/2 5628/4/2 5656/4/2
f 5655/1/2 5627/1/2 5656/1/2
f 5628/2/2 5629/2/2 5657/2/2
f 5656/4/2 5628/4/2 5657/4/2
f 5629/1/2 5595/1/2 5658/1/2
f 5657/2/2 5629/2/2 5658/2/2
f 5595/4/2 5630/4/2 5659/4/2
f 5658/1/2 5595/1/2 5659/1/2
f 5630/2/2 5631/2/2 5660/2/2
f 5659/4/2 5630/4/2 5660/4/2
f 5631/1/2 5632/1/2 5661/1/2
f 5660/2/2 5631/2/2 5661/2/2
f 5632/2/2 5633/2/2 5662/2/2
f 5661/1/2 5632/1/2 5662/1/2
f 5662/2/2 5633/2/2 5663/2/2
f 5634/2/2 5635/2/2 5664/2/2
f 5635/1/2 5636/1/2 5665/1/2
f 5664/2/2 5635/2/2 5665/2/2
f 5665/1/2 5636/1/2 5666/1/2
f 5667/4/2 5668/4/2 5698/4/2
f 5668/3/2 5669/3/2 5699/3/2
f 5698/4/2 5668/4/2 5699/4/2
f 5669/4/2 5670/4/2 5700/4/2
f 5699/3/2 5669/3/2 5700/3/2
f 5671/2/2 5672/2/2 5701/2/2
f 5672/4/2 5673/4/2 5702/4/2
f 5701/2/2 5672/2/2 5702/2/2
f 5673/2/2 5674/2/2 5703/2/2
f 5674/3/2 5675/3/2 5703/3/2
f 5675/2/2 5676/2/2 5704/2/2
f 5703/3/2 5675/3/2 5704/3/2
f 5676/4/2 5677/4/2 5705/4/2
f 5704/2/2 5676/2/2 5705/2/2
f 5677/3/2 5678/3/2 5706/3/2
f 5705/4/2 5677/4/2 5706/4/2
f 5706/3/2 5678/3/2 5707/3/2
f 5679/4/2 5680/4/2 5708/4/2
f 5680/2/2 5681/2/2 5709/2/2
f 5708/4/2 5680/4/2 5709/4/2
f 5681/1/2 5682/1/2 5710/1/2
f 5709/2/2 5681/2/2 5710/2/2
f 5682/3/2 5683/3/2 5711/3/2
f 5710/1/2 5682/1/2 5711/1/2
f 5683/4/2 5684/4/2 5712/4/2
f 5711/3/2 5683/3/2 5712/3/2
f 5684/2/2 5685/2/2 5713/2/2
f 5712/4/2 5684/4/2 5713/4/2
f 5685/1/2 5686/1/2 5714/1/2
f 5713/2/2 5685/2/2 5714/2/2
f 5686/4/2 5687/4/2 5715/4/2
f 5714/1/2 5686/1/2 5715/1/2
f 5715/4/2 5687/4/2 5716/4/2
f 5687/3/2 5688/3/2 5717/3/2
f 5716/4/2 5687/4/2 5717/4/2
f 5717/3/2 5688/3/2 5718/3/2
f 5689/4/2 5690/4/2 5719/4/2
f 5690/3/2 5691/3/2 5720/3/2
f 5719/4/2 5690/4/2 5720/4/2
f 5691/4/2 5692/4/2 5721/4/2
f 5720/3/2 5691/3/2 5721/3/2
f 5721/4/2 5692/4/2 5722/4/2
f 5692/2/2 5693/2/2 5723/2/2
f 5722/4/2 5692/4/2 5723/4/2
f 5693/4/2 5694/4/2 5724/4/2
f 5723/2/2 5693/2/2 5724/2/2
f 5694/3/2 5695/3/2 5725/3/2
f 5724/4/2 5694/4/2 5725/4/2
f 5725/3/2 5695/3/2 5726/3/2
f 5695/1/2 5696/1/2 5727/1/2
f 5726/3/2 5695/3/2 5727/3/2
f 5696/3/2 5697/3/2 5728/3/2
f 5727/1/2 5696/1/2 5728/1/2
f 5728/3/2 5697/3/2 5729/3/2
f 5701/1/2 5702/1/2 5730/1/2
f 5702/4/2 5673/4/2 5731/4/2
f 5730/1/2 5702/1/2 5731/1/2
f 5673/2/2 5703/2/2 5732/2/2
f 5731/4/2 5673/4/2 5732/4/2
f 5703/4/2 5704/4/2 5733/4/2
f 5732/2/2 5703/2/2 5733/2/2
f 5704/1/2 5705/1/2 5734/1/2
f 5733/4/2 5704/4/2 5734/4/2
f 5705/4/2 5706/4/2 5735/4/2
f 5734/1/2 5705/1/2 5735/1/2
f 5706/1/2 5707/1/2 5736/1/2
f 5735/4/2 5706/4/2 5736/4/2
f 5712/2/2 5713/2/2 5737/2/2
f 5713/2/2 5714/2/2 5737/2/2
f 5715/4/2 5716/4/2 5738/4/2
f 5737/2/2 5714/2/2 5738/2/2
f 5714/4/2 5715/4/2 5738/4/2
f 5738/4/2 5716/4/2 5739/4/2
f 5716/2/2 5717/2/2 5740/2/2
f 5739/4/2 5716/4/2 5740/4/2
f 5721/4/2 5722/4/2 5741/4/2
f 5722/2/2 5723/2/2 5742/2/2
f 5741/4/2 5722/4/2 5742/4/2
f 5723/2/2 5724/2/2 5742/2/2
f 5724/2/2 5725/2/2 5742/2/2
f 5726/3/2 5727/3/2 5743/3/2
f 5725/1/2 5726/1/2 5743/1/2
f 5728/4/2 5729/4/2 5744/4/2
f 5743/3/2 5727/3/2 5744/3/2
f 5727/4/2 5728/4/2 5744/4/2
f 5744/4/2 5729/4/2 5745/4/2
f 5745/4/2 5729/4/2 5746/4/2
f 5730/4/2 5731/4/2 5747/4/2
f 5731/3/2 5732/3/2 5748/3/2
f 5747/4/2 5731/4/2 5748/4/2
f 5732/1/2 5733/1/2 5749/1/2
f 5748/3/2 5732/3/2 5749/3/2
f 5733/4/2 5734/4/2 5750/4/2
f 5749/1/2 5733/1/2 5750/1/2
f 5734/2/2 5735/2/2 5751/2/2
f 5750/4/2 5734/4/2 5751/4/2
f 5735/2/2 5736/2/2 5751/2/2
f 5736/1/2 5707/1/2 5752/1/2
f 5751/2/2 5736/2/2 5752/2/2
f 5752/1/2 5707/1/2 5753/1/2
f 5708/2/2 5709/2/2 5754/2/2
f 5709/2/2 5710/2/2 5754/2/2
f 5710/2/2 5711/2/2 5754/2/2
f 5711/1/2 5712/1/2 5755/1/2
f 5754/2/2 5711/2/2 5755/2/2
f 5712/2/2 5737/2/2 5756/2/2
f 5755/1/2 5712/1/2 5756/1/2
f 5737/1/2 5738/1/2 5757/1/2
f 5756/2/2 5737/2/2 5757/2/2
f 5738/4/2 5739/4/2 5758/4/2
f 5757/1/2 5738/1/2 5758/1/2
f 5739/2/2 5740/2/2 5759/2/2
f 5758/4/2 5739/4/2 5759/4/2
f 5740/2/2 5717/2/2 5760/2/2
f 5759/2/2 5740/2/2 5760/2/2
f 5717/1/2 5718/1/2 5761/1/2
f 5760/2/2 5717/2/2 5761/2/2
f 5761/1/2 5718/1/2 5762/1/2
f 5719/2/2 5720/2/2 5763/2/2
f 5720/1/2 5721/1/2 5764/1/2
f 5763/2/2 5720/2/2 5764/2/2
f 5721/4/2 5741/4/2 5765/4/2
f 5764/1/2 5721/1/2 5765/1/2
f 5741/2/2 5742/2/2 5766/2/2
f 5765/4/2 5741/4/2 5766/4/2
f 5742/2/2 5725/2/2 5767/2/2
f 5766/2/2 5742/2/2 5767/2/2
f 5767/2/2 5725/2/2 5768/2/2
f 5725/1/2 5743/1/2 5769/1/2
f 5768/2/2 5725/2/2 5769/2/2
f 5744/4/2 5745/4/2 5770/4/2
f 5769/1/2 5743/1/2 5770/1/2
f 5743/4/2 5744/4/2 5770/4/2
f 5770/4/2 5745/4/2 5771/4/2
f 5745/1/2 5746/1/2 5772/1/2
f 5771/4/2 5745/4/2 5772/4/2
f 5698/2/2 5699/2/2 5773/2/2
f 5699/1/2 5700/1/2 5774/1/2
f 5773/2/2 5699/2/2 5774/2/2
f 5700/4/2 5670/4/2 5775/4/2
f 5774/1/2 5700/1/2 5775/1/2
f 5775/4/2 5670/4/2 5776/4/2
f 5747/2/2 5748/2/2 5777/2/2
f 5748/4/2 5749/4/2 5778/4/2
f 5777/2/2 5748/2/2 5778/2/2
f 5749/1/2 5750/1/2 5779/1/2
f 5778/4/2 5749/4/2 5779/4/2
f 5751/2/2 5752/2/2 5780/2/2
f 5779/1/2 5750/1/2 5780/1/2
f 5750/2/2 5751/2/2 5780/2/2
f 5752/4/2 5753/4/2 5781/4/2
f 5780/2/2 5752/2/2 5781/2/2
f 5781/4/2 5753/4/2 5782/4/2
f 5708/2/2 5754/2/2 5783/2/2
f 5754/1/2 5755/1/2 5784/1/2
f 5783/2/2 5754/2/2 5784/2/2
f 5755/3/2 5756/3/2 5785/3/2
f 5784/1/2 5755/1/2 5785/1/2
f 5756/1/2 5757/1/2 5786/1/2
f 5785/3/2 5756/3/2 5786/3/2
f 5757/3/2 5758/3/2 5787/3/2
f 5786/1/2 5757/1/2 5787/1/2
f 5758/1/2 5759/1/2 5788/1/2
f 5787/3/2 5758/3/2 5788/3/2
f 5759/4/2 5760/4/2 5789/4/2
f 5788/1/2 5759/1/2 5789/1/2
f 5760/2/2 5761/2/2 5790/2/2
f 5789/4/2 5760/4/2 5790/4/2
f 5761/3/2 5762/3/2 5791/3/2
f 5790/2/2 5761/2/2 5791/2/2
f 5791/3/2 5762/3/2 5792/3/2
f 5765/3/2 5766/3/2 5793/3/2
f 5763/3/2 5764/3/2 5793/3/2
f 5764/3/2 5765/3/2 5793/3/2
f 5766/4/2 5767/4/2 5794/4/2
f 5793/3/2 5766/3/2 5794/3/2
f 5767/2/2 5768/2/2 5795/2/2
f 5794/4/2 5767/4/2 5795/4/2
f 5768/1/2 5769/1/2 5796/1/2
f 5795/2/2 5768/2/2 5796/2/2
f 5770/4/2 5771/4/2 5797/4/2
f 5796/1/2 5769/1/2 5797/1/2
f 5769/4/2 5770/4/2 5797/4/2
f 5771/2/2 5772/2/2 5798/2/2
f 5797/4/2 5771/4/2 5798/4/2
f 5772/1/2 5746/1/2 5799/1/2
f 5798/2/2 5772/2/2 5799/2/2
f 5799/1/2 5746/1/2 5800/1/2
f 5826/4/3 5803/4/3 5802/4/3
f 5827/2/3 5804/2/3 5803/2/3
f 5827/4/3 5803/4/3 5826/4/3
f 5828/4/3 5806/4/3 5805/4/3
f 5829/2/3 5807/2/3 5806/2/3
f 5829/4/3 5806/4/3 5828/4/3
f 5830/1/3 5808/1/3 5807/1/3
f 5830/2/3 5807/2/3 5829/2/3
f 5831/4/3 5809/4/3 5808/4/3
f 5831/1/3 5808/1/3 5830/1/3
f 5832/2/3 5810/2/3 5809/2/3
f 5832/4/3 5809/4/3 5831/4/3
f 5833/2/3 5810/2/3 5832/2/3
f 5834/2/3 5810/2/3 5833/2/3
f 5835/1/3 5812/1/3 5811/1/3
f 5836/4/3 5813/4/3 5812/4/3
f 5836/1/3 5812/1/3 5835/1/3
f 5837/1/3 5814/1/3 5813/1/3
f 5837/4/3 5813/4/3 5836/4/3
f 5838/3/3 5815/3/3 5814/3/3
f 5838/1/3 5814/1/3 5837/1/3
f 5839/1/3 5816/1/3 5815/1/3
f 5839/3/3 5815/3/3 5838/3/3
f 5840/1/3 5816/1/3 5839/1/3
f 5841/4/3 5818/4/3 5817/4/3
f 5842/1/3 5819/1/3 5818/1/3
f 5842/4/3 5818/4/3 5841/4/3
f 5843/3/3 5820/3/3 5819/3/3
f 5843/1/3 5819/1/3 5842/1/3
f 5844/4/3 5821/4/3 5820/4/3
f 5844/3/3 5820/3/3 5843/3/3
f 5845/2/3 5822/2/3 5821/2/3
f 5845/4/3 5821/4/3 5844/4/3
f 5846/2/3 5822/2/3 5845/2/3
f 5847/4/3 5824/4/3 5823/4/3
f 5848/2/3 5825/2/3 5824/2/3
f 5848/4/3 5824/4/3 5847/4/3
f 5849/1/3 5802/1/3 5801/1/3
f 5850/4/3 5826/4/3 5802/4/3
f 5850/1/3 5802/1/3 5849/1/3
f 5851/4/3 5828/4/3 5805/4/3
f 5852/2/3 5829/2/3 5828/2/3
f 5852/4/3 5828/4/3 5851/4/3
f 5853/4/3 5830/4/3 5829/4/3
f 5853/2/3 5829/2/3 5852/2/3
f 5854/3/3 5831/3/3 5830/3/3
f 5854/4/3 5830/4/3 5853/4/3
f 5855/1/3 5832/1/3 5831/1/3
f 5855/3/3 5831/3/3 5854/3/3
f 5856/2/3 5833/2/3 5832/2/3
f 5856/1/3 5832/1/3 5855/1/3
f 5857/2/3 5836/2/3 5835/2/3
f 5858/1/3 5837/1/3 5836/1/3
f 5858/2/3 5836/2/3 5857/2/3
f 5858/1/3 5838/1/3 5837/1/3
f 5859/1/3 5838/1/3 5858/1/3
f 5860/1/3 5838/1/3 5859/1/3
f 5861/4/3 5839/4/3 5838/4/3
f 5861/4/3 5840/4/3 5839/4/3
f 5862/1/3 5816/1/3 5840/1/3
f 5862/4/3 5840/4/3 5861/4/3
f 5863/1/3 5816/1/3 5862/1/3
f 5864/2/3 5842/2/3 5841/2/3
f 5865/4/3 5843/4/3 5842/4/3
f 5865/2/3 5842/2/3 5864/2/3
f 5865/4/3 5844/4/3 5843/4/3
f 5866/4/3 5844/4/3 5865/4/3
f 5867/3/3 5845/3/3 5844/3/3
f 5867/4/3 5844/4/3 5866/4/3
f 5868/3/3 5845/3/3 5867/3/3
f 5869/1/3 5846/1/3 5845/1/3
f 5869/3/3 5845/3/3 5868/3/3
f 5870/1/3 5846/1/3 5869/1/3
f 5871/4/3 5847/4/3 5823/4/3
f 5872/2/3 5848/2/3 5847/2/3
f 5872/4/3 5847/4/3 5871/4/3
f 5873/2/3 5825/2/3 5848/2/3
f 5873/2/3 5848/2/3 5872/2/3
f 5874/4/3 5826/4/3 5850/4/3
f 5874/3/3 5850/3/3 5849/3/3
f 5875/2/3 5827/2/3 5826/2/3
f 5875/4/3 5826/4/3 5874/4/3
f 5876/3/3 5852/3/3 5851/3/3
f 5877/1/3 5853/1/3 5852/1/3
f 5877/3/3 5852/3/3 5876/3/3
f 5878/4/3 5856/4/3 5855/4/3
f 5878/1/3 5853/1/3 5877/1/3
f 5878/4/3 5854/4/3 5853/4/3
f 5878/4/3 5855/4/3 5854/4/3
f 5879/2/3 5833/2/3 5856/2/3
f 5879/4/3 5856/4/3 5878/4/3
f 5880/1/3 5834/1/3 5833/1/3
f 5880/2/3 5833/2/3 5879/2/3
f 5881/1/3 5834/1/3 5880/1/3
f 5882/1/3 5858/1/3 5857/1/3
f 5883/4/3 5859/4/3 5858/4/3
f 5883/1/3 5858/1/3 5882/1/3
f 5884/4/3 5859/4/3 5883/4/3
f 5885/2/3 5860/2/3 5859/2/3
f 5885/4/3 5859/4/3 5884/4/3
f 5886/3/3 5865/3/3 5864/3/3
f 5887/4/3 5866/4/3 5865/4/3
f 5887/3/3 5865/3/3 5886/3/3
f 5888/2/3 5868/2/3 5867/2/3
f 5888/3/3 5869/3/3 5868/3/3
f 5888/2/3 5867/2/3 5866/2/3
f 5889/4/3 5870/4/3 5869/4/3
f 5889/3/3 5869/3/3 5888/3/3
f 5890/4/3 5870/4/3 5889/4/3
f 5891/3/3 5872/3/3 5871/3/3
f 5892/1/3 5873/1/3 5872/1/3
f 5892/3/3 5872/3/3 5891/3/3
f 5893/1/3 5873/1/3 5892/1/3
f 5894/3/3 5874/3/3 5849/3/3
f 5894/3/3 5875/3/3 5874/3/3
f 5895/2/3 5827/2/3 5875/2/3
f 5895/3/3 5875/3/3 5894/3/3
f 5896/2/3 5804/2/3 5827/2/3
f 5896/2/3 5827/2/3 5895/2/3
f 5897/4/3 5883/4/3 5882/4/3
f 5897/4/3 5884/4/3 5883/4/3
f 5898/2/3 5885/2/3 5884/2/3
f 5898/4/3 5884/4/3 5897/4/3
f 5899/2/3 5860/2/3 5885/2/3
f 5899/2/3 5885/2/3 5898/2/3
f 5900/1/3 5838/1/3 5860/1/3
f 5900/2/3 5860/2/3 5899/2/3
f 5901/4/3 5861/4/3 5838/4/3
f 5901/1/3 5838/1/3 5900/1/3
f 5902/2/3 5863/2/3 5862/2/3
f 5902/4/3 5861/4/3 5901/4/3
f 5902/2/3 5862/2/3 5861/2/3
f 5903/2/3 5863/2/3 5902/2/3
f 5904/2/3 5863/2/3 5903/2/3
f 5905/4/3 5887/4/3 5886/4/3
f 5906/2/3 5888/2/3 5866/2/3
f 5906/4/3 5887/4/3 5905/4/3
f 5906/4/3 5866/4/3 5887/4/3
f 5907/4/3 5893/4/3 5892/4/3
f 5907/4/3 5892/4/3 5891/4/3
f 5908/4/3 5893/4/3 5907/4/3
f 5916/2/3 5899/2/3 5898/2/3
f 5916/2/3 5898/2/3 5897/2/3
f 5917/4/3 5900/4/3 5899/4/3
f 5917/2/3 5899/2/3 5916/2/3
f 5918/3/3 5901/3/3 5900/3/3
f 5918/4/3 5900/4/3 5917/4/3
f 5919/1/3 5902/1/3 5901/1/3
f 5919/3/3 5901/3/3 5918/3/3
f 5920/2/3 5903/2/3 5902/2/3
f 5920/1/3 5902/1/3 5919/1/3
f 5921/1/3 5904/1/3 5903/1/3
f 5921/2/3 5903/2/3 5920/2/3
f 5922/1/3 5904/1/3 5921/1/3
f 5923/2/3 5888/2/3 5906/2/3
f 5923/2/3 5906/2/3 5905/2/3
f 5923/1/3 5889/1/3 5888/1/3
f 5924/2/3 5890/2/3 5889/2/3
f 5924/1/3 5889/1/3 5923/1/3
f 5929/4/3 5910/4/3 5909/4/3
f 5930/2/3 5911/2/3 5910/2/3
f 5930/4/3 5910/4/3 5929/4/3
f 5931/3/3 5912/3/3 5911/3/3
f 5931/2/3 5911/2/3 5930/2/3
f 5932/4/3 5913/4/3 5912/4/3
f 5932/3/3 5912/3/3 5931/3/3
f 5933/4/3 5897/4/3 5882/4/3
f 5934/2/3 5916/2/3 5897/2/3
f 5934/4/3 5897/4/3 5933/4/3
f 5935/4/3 5917/4/3 5916/4/3
f 5935/2/3 5916/2/3 5934/2/3
f 5936/3/3 5918/3/3 5917/3/3
f 5936/4/3 5917/4/3 5935/4/3
f 5937/4/3 5919/4/3 5918/4/3
f 5937/3/3 5918/3/3 5936/3/3
f 5937/4/3 5920/4/3 5919/4/3
f 5938/1/3 5921/1/3 5920/1/3
f 5938/4/3 5920/4/3 5937/4/3
f 5939/3/3 5922/3/3 5921/3/3
f 5939/1/3 5921/1/3 5938/1/3
f 5940/3/3 5922/3/3 5939/3/3
f 5941/2/3 5923/2/3 5905/2/3
f 5942/3/3 5924/3/3 5923/3/3
f 5942/2/3 5923/2/3 5941/2/3
f 5943/2/3 5890/2/3 5924/2/3
f 5943/3/3 5924/3/3 5942/3/3
f 5944/2/3 5890/2/3 5943/2/3
f 5950/2/3 5926/2/3 5925/2/3
f 5950/1/3 5927/1/3 5926/1/3
f 5951/2/3 5928/2/3 5927/2/3
f 5951/1/3 5927/1/3 5950/1/3
f 5952/2/3 5928/2/3 5951/2/3
f 5953/3/3 5930/3/3 5929/3/3
f 5954/1/3 5931/1/3 5930/1/3
f 5954/3/3 5930/3/3 5953/3/3
f 5954/1/3 5932/1/3 5931/1/3
f 5955/1/3 5932/1/3 5954/1/3
f 5956/4/3 5913/4/3 5932/4/3
f 5956/1/3 5932/1/3 5955/1/3
f 5957/2/3 5914/2/3 5913/2/3
f 5957/4/3 5913/4/3 5956/4/3
f 5958/2/3 5914/2/3 5957/2/3
f 5959/1/3 5915/1/3 5914/1/3
f 5959/2/3 5914/2/3 5958/2/3
f 5960/1/3 5915/1/3 5959/1/3
f 5961/3/3 5934/3/3 5933/3/3
f 5962/1/3 5936/1/3 5935/1/3
f 5962/3/3 5934/3/3 5961/3/3
f 5962/1/3 5935/1/3 5934/1/3
f 5963/4/3 5938/4/3 5937/4/3
f 5963/1/3 5936/1/3 5962/1/3
f 5963/4/3 5937/4/3 5936/4/3
f 5964/2/3 5939/2/3 5938/2/3
f 5964/4/3 5938/4/3 5963/4/3
f 5965/1/3 5940/1/3 5939/1/3
f 5965/2/3 5939/2/3 5964/2/3
f 5966/1/3 5940/1/3 5965/1/3
f 5967/2/3 5941/2/3 5905/2/3
f 5968/1/3 5942/1/3 5941/1/3
f 5968/2/3 5941/2/3 5967/2/3
f 5969/1/3 5942/1/3 5968/1/3
f 5970/1/3 5942/1/3 5969/1/3
f 5971/4/3 5943/4/3 5942/4/3
f 5971/1/3 5944/1/3 5943/1/3
f 5972/1/3 5944/1/3 5971/1/3
f 5973/2/3 5946/2/3 5945/2/3
f 5974/1/3 5947/1/3 5946/1/3
f 5974/2/3 5946/2/3 5973/2/3
f 5975/4/3 5948/4/3 5947/4/3
f 5975/1/3 5947/1/3 5974/1/3
f 5976/2/3 5949/2/3 5948/2/3
f 5976/4/3 5948/4/3 5975/4/3
f 5977/2/3 5949/2/3 5976/2/3
f 5978/2/3 5950/2/3 5925/2/3
f 5979/3/3 5951/3/3 5950/3/3
f 5979/2/3 5950/2/3 5978/2/3
f 5980/4/3 5952/4/3 5951/4/3
f 5980/3/3 5951/3/3 5979/3/3
f 5981/4/3 5952/4/3 5980/4/3
f 5982/4/3 5955/4/3 5954/4/3
f 5982/4/3 5954/4/3 5953/4/3
f 5983/2/3 5956/2/3 5955/2/3
f 5983/4/3 5955/4/3 5982/4/3
f 5984/1/3 5957/1/3 5956/1/3
f 5984/2/3 5958/2/3 5957/2/3
f 5985/4/3 5959/4/3 5958/4/3
f 5985/2/3 5958/2/3 5984/2/3
f 5986/3/3 5960/3/3 5959/3/3
f 5986/4/3 5959/4/3 5985/4/3
f 5987/3/3 5960/3/3 5986/3/3
f 5988/1/3 5968/1/3 5967/1/3
f 5989/4/3 5969/4/3 5968/4/3
f 5989/1/3 5968/1/3 5988/1/3
f 5990/2/3 5970/2/3 5969/2/3
f 5990/4/3 5969/4/3 5989/4/3
f 5991/1/3 5942/1/3 5970/1/3
f 5991/2/3 5970/2/3 5990/2/3
f 5992/4/3 5971/4/3 5942/4/3
f 5992/1/3 5942/1/3 5991/1/3
f 5993/2/3 5972/2/3 5971/2/3
f 5993/4/3 5971/4/3 5992/4/3
f 5994/2/3 5972/2/3 5993/2/3
f 5995/4/3 5975/4/3 5974/4/3
f 5995/4/3 5974/4/3 5973/4/3
f 5996/3/3 5976/3/3 5975/3/3
f 5996/4/3 5975/4/3 5995/4/3
f 5997/4/3 5977/4/3 5976/4/3
f 5997/3/3 5976/3/3 5996/3/3
f 5998/4/3 5977/4/3 5997/4/3
f 5999/3/3 5979/3/3 5978/3/3
f 6000/4/3 5980/4/3 5979/4/3
f 6000/3/3 5979/3/3 5999/3/3
f 6001/2/3 5981/2/3 5980/2/3
f 6001/4/3 5980/4/3 6000/4/3
f 6002/2/3 5981/2/3 6001/2/3
f 6003/4/3 5985/4/3 5984/4/3
f 6004/3/3 5986/3/3 5985/3/3
f 6004/4/3 5985/4/3 6003/4/3
f 6005/4/3 5987/4/3 5986/4/3
f 6005/3/3 5986/3/3 6004/3/3
f 6006/2/3 5990/2/3 5989/2/3
f 6006/4/3 5989/4/3 5988/4/3
f 6007/4/3 5991/4/3 5990/4/3
f 6007/2/3 5990/2/3 6006/2/3
f 6008/3/3 5992/3/3 5991/3/3
f 6008/4/3 5991/4/3 6007/4/3
f 6009/1/3 5994/1/3 5993/1/3
f 6009/3/3 5992/3/3 6008/3/3
f 6009/1/3 5993/1/3 5992/1/3
f 6010/1/3 5994/1/3 6009/1/3
f 6011/1/3 5994/1/3 6010/1/3
f 6012/2/3 5996/2/3 5995/2/3
f 6013/2/3 5996/2/3 6012/2/3
f 6014/1/3 5997/1/3 5996/1/3
f 6014/2/3 5996/2/3 6013/2/3
f 6014/1/3 5998/1/3 5997/1/3
f 6015/1/3 5998/1/3 6014/1/3
f 6016/1/3 5998/1/3 6015/1/3
f 6017/4/3 6002/4/3 6001/4/3
f 6017/3/3 6001/3/3 6000/3/3
f 6018/4/3 6002/4/3 6017/4/3
f 6019/4/3 6002/4/3 6018/4/3
f 6020/2/3 5983/2/3 5982/2/3
f 6020/4/3 5982/4/3 5953/4/3
f 6021/2/3 5956/2/3 5983/2/3
f 6021/2/3 5983/2/3 6020/2/3
f 6022/1/3 5984/1/3 5956/1/3
f 6022/2/3 5956/2/3 6021/2/3
f 6023/4/3 6003/4/3 5984/4/3
f 6023/1/3 5984/1/3 6022/1/3
f 6024/2/3 6004/2/3 6003/2/3
f 6024/4/3 6003/4/3 6023/4/3
f 6025/4/3 5987/4/3 6005/4/3
f 6025/1/3 6005/1/3 6004/1/3
f 6026/4/3 5987/4/3 6025/4/3
f 6034/4/3 6006/4/3 5988/4/3
f 6034/4/3 6007/4/3 6006/4/3
f 6035/4/3 6007/4/3 6034/4/3
f 6036/3/3 6008/3/3 6007/3/3
f 6036/4/3 6007/4/3 6035/4/3
f 6037/4/3 6009/4/3 6008/4/3
f 6037/3/3 6008/3/3 6036/3/3
f 6037/4/3 6010/4/3 6009/4/3
f 6038/3/3 6011/3/3 6010/3/3
f 6038/4/3 6010/4/3 6037/4/3
f 6039/3/3 6011/3/3 6038/3/3
f 6040/3/3 6013/3/3 6012/3/3
f 6041/4/3 6014/4/3 6013/4/3
f 6041/3/3 6013/3/3 6040/3/3
f 6041/4/3 6015/4/3 6014/4/3
f 6042/4/3 6015/4/3 6041/4/3
f 6043/2/3 6016/2/3 6015/2/3
f 6043/4/3 6015/4/3 6042/4/3
f 6044/2/3 6000/2/3 5999/2/3
f 6045/3/3 6017/3/3 6000/3/3
f 6045/2/3 6000/2/3 6044/2/3
f 6046/1/3 6018/1/3 6017/1/3
f 6046/3/3 6017/3/3 6045/3/3
f 6047/2/3 6019/2/3 6018/2/3
f 6047/1/3 6018/1/3 6046/1/3
f 6048/4/3 6020/4/3 5953/4/3
f 6048/4/3 6021/4/3 6020/4/3
f 6049/1/3 6022/1/3 6021/1/3
f 6049/4/3 6021/4/3 6048/4/3
f 6050/4/3 6023/4/3 6022/4/3
f 6050/1/3 6022/1/3 6049/1/3
f 6051/2/3 6004/2/3 6024/2/3
f 6051/2/3 6024/2/3 6023/2/3
f 6051/1/3 6025/1/3 6004/1/3
f 6052/2/3 6026/2/3 6025/2/3
f 6052/1/3 6025/1/3 6051/1/3
f 6053/2/3 6026/2/3 6052/2/3
f 6054/4/3 6028/4/3 6027/4/3
f 6055/2/3 6029/2/3 6028/2/3
f 6055/4/3 6028/4/3 6054/4/3
f 6056/3/3 6030/3/3 6029/3/3
f 6056/2/3 6029/2/3 6055/2/3
f 6057/1/3 6031/1/3 6030/1/3
f 6057/3/3 6030/3/3 6056/3/3
f 6058/1/3 6031/1/3 6057/1/3
f 6059/4/3 6032/4/3 6031/4/3
f 6059/1/3 6031/1/3 6058/1/3
f 6060/2/3 6033/2/3 6032/2/3
f 6060/4/3 6032/4/3 6059/4/3
f 6061/3/3 6035/3/3 6034/3/3
f 6062/1/3 6036/1/3 6035/1/3
f 6062/3/3 6035/3/3 6061/3/3
f 6063/4/3 6037/4/3 6036/4/3
f 6063/1/3 6036/1/3 6062/1/3
f 6063/4/3 6038/4/3 6037/4/3
f 6064/1/3 6039/1/3 6038/1/3
f 6064/4/3 6038/4/3 6063/4/3
f 6065/1/3 6039/1/3 6064/1/3
f 6066/2/3 6041/2/3 6040/2/3
f 6067/1/3 6042/1/3 6041/1/3
f 6067/2/3 6041/2/3 6066/2/3
f 6068/2/3 6043/2/3 6042/2/3
f 6068/1/3 6042/1/3 6067/1/3
f 6069/1/3 6045/1/3 6044/1/3
f 6070/4/3 6046/4/3 6045/4/3
f 6070/1/3 6045/1/3 6069/1/3
f 6071/2/3 6019/2/3 6047/2/3
f 6071/2/3 6047/2/3 6046/2/3
f 6072/2/3 6019/2/3 6071/2/3
f 6073/4/3 6048/4/3 5953/4/3
f 6074/2/3 6049/2/3 6048/2/3
f 6074/4/3 6048/4/3 6073/4/3
f 6075/3/3 6050/3/3 6049/3/3
f 6075/2/3 6049/2/3 6074/2/3
f 6076/4/3 6023/4/3 6050/4/3
f 6076/3/3 6050/3/3 6075/3/3
f 6077/2/3 6051/2/3 6023/2/3
f 6077/4/3 6023/4/3 6076/4/3
f 6077/2/3 6052/2/3 6051/2/3
f 6078/2/3 6052/2/3 6077/2/3
f 6079/1/3 6053/1/3 6052/1/3
f 6079/2/3 6052/2/3 6078/2/3
f 6080/1/3 6053/1/3 6079/1/3
f 6081/3/3 6055/3/3 6054/3/3
f 6082/1/3 6056/1/3 6055/1/3
f 6082/3/3 6055/3/3 6081/3/3
f 6083/3/3 6058/3/3 6057/3/3
f 6083/1/3 6056/1/3 6082/1/3
f 6083/3/3 6057/3/3 6056/3/3
f 6084/4/3 6059/4/3 6058/4/3
f 6084/3/3 6058/3/3 6083/3/3
f 6085/1/3 6060/1/3 6059/1/3
f 6085/4/3 6059/4/3 6084/4/3
f 6086/2/3 6033/2/3 6060/2/3
f 6086/1/3 6060/1/3 6085/1/3
f 6087/2/3 6033/2/3 6086/2/3
f 6088/4/3 6068/4/3 6067/4/3
f 6088/4/3 6067/4/3 6066/4/3
f 6089/4/3 6068/4/3 6088/4/3
f 6090/2/3 6043/2/3 6068/2/3
f 6090/4/3 6068/4/3 6089/4/3
f 6091/2/3 6016/2/3 6043/2/3
f 6091/2/3 6043/2/3 6090/2/3
f 6092/2/3 6016/2/3 6091/2/3
f 6093/4/3 6070/4/3 6069/4/3
f 6094/4/3 6046/4/3 6070/4/3
f 6094/4/3 6070/4/3 6093/4/3
f 6094/2/3 6071/2/3 6046/2/3
f 6095/1/3 6072/1/3 6071/1/3
f 6095/2/3 6071/2/3 6094/2/3
f 6096/1/3 6072/1/3 6095/1/3
f 6097/3/3 6075/3/3 6074/3/3
f 6097/2/3 6074/2/3 6073/2/3
f 6098/4/3 6076/4/3 6075/4/3
f 6098/3/3 6075/3/3 6097/3/3
f 6098/4/3 6078/4/3 6077/4/3
f 6098/4/3 6077/4/3 6076/4/3
f 6099/4/3 6078/4/3 6098/4/3
f 6100/3/3 6079/3/3 6078/3/3
f 6100/4/3 6078/4/3 6099/4/3
f 6101/3/3 6079/3/3 6100/3/3
f 6102/4/3 6080/4/3 6079/4/3
f 6102/3/3 6079/3/3 6101/3/3
f 6103/4/3 6080/4/3 6102/4/3
f 6104/4/3 6083/4/3 6082/4/3
f 6104/4/3 6082/4/3 6081/4/3
f 6105/3/3 6085/3/3 6084/3/3
f 6105/4/3 6083/4/3 6104/4/3
f 6105/3/3 6084/3/3 6083/3/3
f 6106/3/3 6085/3/3 6105/3/3
f 6107/3/3 6085/3/3 6106/3/3
f 6108/1/3 6087/1/3 6086/1/3
f 6108/3/3 6085/3/3 6107/3/3
f 6108/1/3 6086/1/3 6085/1/3
f 6109/1/3 6087/1/3 6108/1/3
f 6110/1/3 6087/1/3 6109/1/3
f 6117/3/3 6089/3/3 6088/3/3
f 6118/1/3 6090/1/3 6089/1/3
f 6118/3/3 6089/3/3 6117/3/3
f 6118/1/3 6091/1/3 6090/1/3
f 6119/4/3 6092/4/3 6091/4/3
f 6119/1/3 6091/1/3 6118/1/3
f 6120/4/3 6092/4/3 6119/4/3
f 6121/2/3 6097/2/3 6073/2/3
f 6122/1/3 6098/1/3 6097/1/3
f 6122/2/3 6097/2/3 6121/2/3
f 6123/4/3 6104/4/3 6081/4/3
f 6124/2/3 6105/2/3 6104/2/3
f 6124/4/3 6104/4/3 6123/4/3
f 6125/4/3 6106/4/3 6105/4/3
f 6125/2/3 6105/2/3 6124/2/3
f 6126/3/3 6107/3/3 6106/3/3
f 6126/4/3 6106/4/3 6125/4/3
f 6127/1/3 6108/1/3 6107/1/3
f 6127/3/3 6107/3/3 6126/3/3
f 6127/1/3 6109/1/3 6108/1/3
f 6128/4/3 6110/4/3 6109/4/3
f 6128/1/3 6109/1/3 6127/1/3
f 6129/4/3 6110/4/3 6128/4/3
f 6130/2/3 6112/2/3 6111/2/3
f 6131/4/3 6113/4/3 6112/4/3
f 6131/2/3 6112/2/3 6130/2/3
f 6132/2/3 6114/2/3 6113/2/3
f 6132/4/3 6113/4/3 6131/4/3
f 6133/1/3 6115/1/3 6114/1/3
f 6133/2/3 6114/2/3 6132/2/3
f 6134/2/3 6116/2/3 6115/2/3
f 6134/1/3 6115/1/3 6133/1/3
f 6135/2/3 6116/2/3 6134/2/3
f 6140/3/3 6122/3/3 6121/3/3
f 6141/1/3 6098/1/3 6122/1/3
f 6141/3/3 6122/3/3 6140/3/3
f 6142/4/3 6099/4/3 6098/4/3
f 6142/1/3 6098/1/3 6141/1/3
f 6143/2/3 6100/2/3 6099/2/3
f 6143/4/3 6099/4/3 6142/4/3
f 6143/2/3 6101/2/3 6100/2/3
f 6144/2/3 6101/2/3 6143/2/3
f 6145/2/3 6101/2/3 6144/2/3
f 6146/1/3 6102/1/3 6101/1/3
f 6146/2/3 6101/2/3 6145/2/3
f 6147/2/3 6103/2/3 6102/2/3
f 6147/1/3 6102/1/3 6146/1/3
f 6148/2/3 6103/2/3 6147/2/3
f 6149/4/3 6123/4/3 6081/4/3
f 6150/2/3 6125/2/3 6124/2/3
f 6150/4/3 6123/4/3 6149/4/3
f 6150/2/3 6124/2/3 6123/2/3
f 6150/2/3 6126/2/3 6125/2/3
f 6151/4/3 6128/4/3 6127/4/3
f 6152/2/3 6129/2/3 6128/2/3
f 6152/4/3 6128/4/3 6151/4/3
f 6153/1/3 6131/1/3 6130/1/3
f 6154/3/3 6132/3/3 6131/3/3
f 6154/1/3 6131/1/3 6153/1/3
f 6155/4/3 6133/4/3 6132/4/3
f 6155/3/3 6132/3/3 6154/3/3
f 6156/4/3 6133/4/3 6155/4/3
f 6157/3/3 6134/3/3 6133/3/3
f 6157/4/3 6133/4/3 6156/4/3
f 6158/1/3 6135/1/3 6134/1/3
f 6158/3/3 6134/3/3 6157/3/3
f 6159/1/3 6135/1/3 6158/1/3
f 6163/4/3 6137/4/3 6136/4/3
f 6164/1/3 6138/1/3 6137/1/3
f 6164/4/3 6137/4/3 6163/4/3
f 6165/4/3 6139/4/3 6138/4/3
f 6165/1/3 6138/1/3 6164/1/3
f 6166/1/3 6144/1/3 6143/1/3
f 6166/3/3 6143/3/3 6142/3/3
f 6167/2/3 6145/2/3 6144/2/3
f 6167/1/3 6144/1/3 6166/1/3
f 6168/4/3 6146/4/3 6145/4/3
f 6168/2/3 6145/2/3 6167/2/3
f 6169/3/3 6147/3/3 6146/3/3
f 6169/4/3 6146/4/3 6168/4/3
f 6170/1/3 6148/1/3 6147/1/3
f 6170/3/3 6147/3/3 6169/3/3
f 6171/1/3 6148/1/3 6170/1/3
f 6172/2/3 6150/2/3 6149/2/3
f 6173/2/3 6126/2/3 6150/2/3
f 6173/2/3 6150/2/3 6172/2/3
f 6174/2/3 6126/2/3 6173/2/3
f 6175/1/3 6127/1/3 6126/1/3
f 6175/2/3 6126/2/3 6174/2/3
f 6176/4/3 6151/4/3 6127/4/3
f 6176/1/3 6127/1/3 6175/1/3
f 6177/2/3 6152/2/3 6151/2/3
f 6177/4/3 6151/4/3 6176/4/3
f 6178/2/3 6129/2/3 6152/2/3
f 6178/2/3 6152/2/3 6177/2/3
f 6179/2/3 6154/2/3 6153/2/3
f 6179/1/3 6155/1/3 6154/1/3
f 6180/2/3 6156/2/3 6155/2/3
f 6180/1/3 6155/1/3 6179/1/3
f 6181/1/3 6157/1/3 6156/1/3
f 6181/2/3 6156/2/3 6180/2/3
f 6182/4/3 6158/4/3 6157/4/3
f 6182/1/3 6157/1/3 6181/1/3
f 6183/2/3 6159/2/3 6158/2/3
f 6183/4/3 6158/4/3 6182/4/3
f 6184/2/3 6159/2/3 6183/2/3
f 6185/4/3 6139/4/3 6165/4/3
f 6185/4/3 6165/4/3 6164/4/3
f 6186/4/3 6139/4/3 6185/4/3
f 6187/2/3 6141/2/3 6140/2/3
f 6187/2/3 6142/2/3 6141/2/3
f 6188/3/3 6167/3/3 6166/3/3
f 6188/2/3 6142/2/3 6187/2/3
f 6188/3/3 6166/3/3 6142/3/3
f 6189/1/3 6168/1/3 6167/1/3
f 6189/3/3 6167/3/3 6188/3/3
f 6190/3/3 6169/3/3 6168/3/3
f 6190/1/3 6168/1/3 6189/1/3
f 6191/4/3 6171/4/3 6170/4/3
f 6191/3/3 6169/3/3 6190/3/3
f 6191/4/3 6170/4/3 6169/4/3
f 6192/4/3 6171/4/3 6191/4/3
f 6193/4/3 6173/4/3 6172/4/3
f 6194/2/3 6174/2/3 6173/2/3
f 6194/4/3 6173/4/3 6193/4/3
f 6195/1/3 6175/1/3 6174/1/3
f 6195/2/3 6174/2/3 6194/2/3
f 6196/3/3 6176/3/3 6175/3/3
f 6196/1/3 6175/1/3 6195/1/3
f 6197/1/3 6178/1/3 6177/1/3
f 6197/3/3 6176/3/3 6196/3/3
f 6197/1/3 6177/1/3 6176/1/3
f 6198/1/3 6178/1/3 6197/1/3
f 6199/2/3 6179/2/3 6153/2/3
f 6199/4/3 6180/4/3 6179/4/3
f 6199/4/3 6181/4/3 6180/4/3
f 6200/3/3 6183/3/3 6182/3/3
f 6200/4/3 6181/4/3 6199/4/3
f 6200/3/3 6182/3/3 6181/3/3
f 6201/3/3 6183/3/3 6200/3/3
f 6202/1/3 6184/1/3 6183/1/3
f 6202/3/3 6183/3/3 6201/3/3
f 6203/1/3 6184/1/3 6202/1/3
f 6204/4/3 6161/4/3 6160/4/3
f 6205/2/3 6162/2/3 6161/2/3
f 6205/4/3 6161/4/3 6204/4/3
f 6206/4/3 6185/4/3 6164/4/3
f 6206/1/3 6164/1/3 6163/1/3
f 6207/2/3 6186/2/3 6185/2/3
f 6207/4/3 6185/4/3 6206/4/3
f 6208/3/3 6194/3/3 6193/3/3
f 6208/1/3 6195/1/3 6194/1/3
f 6209/1/3 6195/1/3 6208/1/3
f 6210/4/3 6196/4/3 6195/4/3
f 6210/1/3 6195/1/3 6209/1/3
f 6211/4/3 6198/4/3 6197/4/3
f 6212/4/3 6198/4/3 6211/4/3
f 6213/2/3 6199/2/3 6153/2/3
f 6213/2/3 6200/2/3 6199/2/3
f 6213/2/3 6201/2/3 6200/2/3
f 6214/1/3 6202/1/3 6201/1/3
f 6214/2/3 6201/2/3 6213/2/3
f 6215/2/3 6203/2/3 6202/2/3
f 6215/1/3 6202/1/3 6214/1/3
f 6216/2/3 6203/2/3 6215/2/3
f 6217/2/3 6205/2/3 6204/2/3
f 6218/2/3 6162/2/3 6205/2/3
f 6218/2/3 6205/2/3 6217/2/3
f 6219/2/3 6162/2/3 6218/2/3
f 6220/2/3 6162/2/3 6219/2/3
f 6221/3/3 6209/3/3 6208/3/3
f 6221/3/3 6208/3/3 6193/3/3
f 6222/3/3 6209/3/3 6221/3/3
f 6223/4/3 6210/4/3 6209/4/3
f 6223/3/3 6209/3/3 6222/3/3
f 6224/4/3 6196/4/3 6210/4/3
f 6224/4/3 6210/4/3 6223/4/3
f 6225/1/3 6197/1/3 6196/1/3
f 6225/4/3 6196/4/3 6224/4/3
f 6226/4/3 6211/4/3 6197/4/3
f 6226/1/3 6197/1/3 6225/1/3
f 6227/4/3 6211/4/3 6226/4/3
f 6228/2/3 6213/2/3 6153/2/3
f 6229/1/3 6214/1/3 6213/1/3
f 6229/2/3 6213/2/3 6228/2/3
f 6230/1/3 6214/1/3 6229/1/3
f 6231/1/3 6214/1/3 6230/1/3
f 6232/4/3 6215/4/3 6214/4/3
f 6232/1/3 6214/1/3 6231/1/3
f 6233/1/3 6216/1/3 6215/1/3
f 6233/4/3 6215/4/3 6232/4/3
f 6234/1/3 6218/1/3 6217/1/3
f 6235/2/3 6219/2/3 6218/2/3
f 6235/1/3 6218/1/3 6234/1/3
f 6236/1/3 6220/1/3 6219/1/3
f 6236/2/3 6219/2/3 6235/2/3
f 6237/1/3 6220/1/3 6236/1/3
f 6238/1/3 6206/1/3 6163/1/3
f 6239/2/3 6207/2/3 6206/2/3
f 6239/1/3 6206/1/3 6238/1/3
f 6240/2/3 6186/2/3 6207/2/3
f 6240/2/3 6207/2/3 6239/2/3
f 6241/2/3 6186/2/3 6240/2/3
f 6249/2/3 6225/2/3 6224/2/3
f 6249/2/3 6226/2/3 6225/2/3
f 6250/1/3 6227/1/3 6226/1/3
f 6250/2/3 6226/2/3 6249/2/3
f 6251/4/3 6211/4/3 6227/4/3
f 6251/1/3 6227/1/3 6250/1/3
f 6252/2/3 6212/2/3 6211/2/3
f 6252/4/3 6211/4/3 6251/4/3
f 6253/4/3 6229/4/3 6228/4/3
f 6254/2/3 6230/2/3 6229/2/3
f 6254/4/3 6229/4/3 6253/4/3
f 6255/4/3 6231/4/3 6230/4/3
f 6255/2/3 6230/2/3 6254/2/3
f 6256/3/3 6232/3/3 6231/3/3
f 6256/4/3 6231/4/3 6255/4/3
f 6257/1/3 6233/1/3 6232/1/3
f 6257/3/3 6232/3/3 6256/3/3
f 6258/1/3 6216/1/3 6233/1/3
f 6258/1/3 6233/1/3 6257/1/3
f 6259/3/3 6235/3/3 6234/3/3
f 6260/1/3 6236/1/3 6235/1/3
f 6260/3/3 6235/3/3 6259/3/3
f 6261/3/3 6237/3/3 6236/3/3
f 6261/1/3 6236/1/3 6260/1/3
f 6262/3/3 6237/3/3 6261/3/3
f 6263/3/3 6239/3/3 6238/3/3
f 6263/3/3 6240/3/3 6239/3/3
f 6264/4/3 6241/4/3 6240/4/3
f 6264/3/3 6240/3/3 6263/3/3
f 6265/4/3 6241/4/3 6264/4/3
f 6266/4/3 6241/4/3 6265/4/3
f 6267/3/3 6243/3/3 6242/3/3
f 6268/4/3 6244/4/3 6243/4/3
f 6268/3/3 6243/3/3 6267/3/3
f 6269/2/3 6245/2/3 6244/2/3
f 6269/4/3 6244/4/3 6268/4/3
f 6270/1/3 6246/1/3 6245/1/3
f 6270/2/3 6245/2/3 6269/2/3
f 6271/3/3 6247/3/3 6246/3/3
f 6271/1/3 6246/1/3 6270/1/3
f 6272/3/3 6247/3/3 6271/3/3
f 6273/1/3 6248/1/3 6247/1/3
f 6273/3/3 6247/3/3 6272/3/3
f 6274/1/3 6248/1/3 6273/1/3
f 6275/1/3 6222/1/3 6221/1/3
f 6276/4/3 6223/4/3 6222/4/3
f 6276/1/3 6222/1/3 6275/1/3
f 6276/4/3 6224/4/3 6223/4/3
f 6277/4/3 6224/4/3 6276/4/3
f 6278/2/3 6249/2/3 6224/2/3
f 6278/4/3 6224/4/3 6277/4/3
f 6279/1/3 6250/1/3 6249/1/3
f 6279/2/3 6249/2/3 6278/2/3
f 6280/4/3 6251/4/3 6250/4/3
f 6280/1/3 6250/1/3 6279/1/3
f 6281/3/3 6254/3/3 6253/3/3
f 6282/1/3 6255/1/3 6254/1/3
f 6282/3/3 6254/3/3 6281/3/3
f 6283/4/3 6257/4/3 6256/4/3
f 6283/1/3 6255/1/3 6282/1/3
f 6283/4/3 6256/4/3 6255/4/3
f 6283/4/3 6258/4/3 6257/4/3
f 6284/1/3 6216/1/3 6258/1/3
f 6284/4/3 6258/4/3 6283/4/3
f 6285/1/3 6216/1/3 6284/1/3
f 6286/4/3 6260/4/3 6259/4/3
f 6287/2/3 6261/2/3 6260/2/3
f 6287/4/3 6260/4/3 6286/4/3
f 6288/2/3 6261/2/3 6287/2/3
f 6289/1/3 6262/1/3 6261/1/3
f 6289/2/3 6261/2/3 6288/2/3
f 6290/1/3 6262/1/3 6289/1/3
f 6291/4/3 6264/4/3 6263/4/3
f 6291/4/3 6265/4/3 6264/4/3
f 6292/2/3 6266/2/3 6265/2/3
f 6292/4/3 6265/4/3 6291/4/3
f 6293/4/3 6268/4/3 6267/4/3
f 6294/2/3 6270/2/3 6269/2/3
f 6294/4/3 6268/4/3 6293/4/3
f 6294/2/3 6269/2/3 6268/2/3
f 6295/4/3 6271/4/3 6270/4/3
f 6295/2/3 6270/2/3 6294/2/3
f 6296/1/3 6272/1/3 6271/1/3
f 6296/4/3 6271/4/3 6295/4/3
f 6297/4/3 6274/4/3 6273/4/3
f 6297/1/3 6272/1/3 6296/1/3
f 6297/4/3 6273/4/3 6272/4/3
f 6298/4/3 6274/4/3 6297/4/3
f 6299/3/3 6276/3/3 6275/3/3
f 6300/4/3 6277/4/3 6276/4/3
f 6300/3/3 6276/3/3 6299/3/3
f 6301/1/3 6279/1/3 6278/1/3
f 6301/4/3 6277/4/3 6300/4/3
f 6301/1/3 6278/1/3 6277/1/3
f 6302/1/3 6279/1/3 6301/1/3
f 6303/3/3 6280/3/3 6279/3/3
f 6303/1/3 6279/1/3 6302/1/3
f 6304/4/3 6251/4/3 6280/4/3
f 6304/3/3 6280/3/3 6303/3/3
f 6305/2/3 6252/2/3 6251/2/3
f 6305/4/3 6251/4/3 6304/4/3
f 6306/2/3 6212/2/3 6252/2/3
f 6306/2/3 6252/2/3 6305/2/3
f 6307/2/3 6288/2/3 6287/2/3
f 6307/2/3 6287/2/3 6286/2/3
f 6308/2/3 6288/2/3 6307/2/3
f 6309/1/3 6289/1/3 6288/1/3
f 6309/2/3 6288/2/3 6308/2/3
f 6310/3/3 6290/3/3 6289/3/3
f 6310/1/3 6289/1/3 6309/1/3
f 6311/3/3 6290/3/3 6310/3/3
f 6312/3/3 6263/3/3 6238/3/3
f 6312/4/3 6291/4/3 6263/4/3
f 6313/2/3 6292/2/3 6291/2/3
f 6313/4/3 6291/4/3 6312/4/3
f 6314/4/3 6300/4/3 6299/4/3
f 6314/3/3 6301/3/3 6300/3/3
f 6315/1/3 6302/1/3 6301/1/3
f 6315/3/3 6301/3/3 6314/3/3
f 6316/3/3 6303/3/3 6302/3/3
f 6316/1/3 6302/1/3 6315/1/3
f 6316/3/3 6305/3/3 6304/3/3
f 6316/3/3 6304/3/3 6303/3/3
f 6317/3/3 6305/3/3 6316/3/3
f 6318/3/3 6305/3/3 6317/3/3
f 6319/1/3 6306/1/3 6305/1/3
f 6319/3/3 6305/3/3 6318/3/3
f 6320/1/3 6306/1/3 6319/1/3
f 6327/1/3 6308/1/3 6307/1/3
f 6328/4/3 6309/4/3 6308/4/3
f 6328/1/3 6308/1/3 6327/1/3
f 6328/4/3 6310/4/3 6309/4/3
f 6329/4/3 6310/4/3 6328/4/3
f 6330/1/3 6311/1/3 6310/1/3
f 6330/4/3 6310/4/3 6329/4/3
f 6331/1/3 6311/1/3 6330/1/3
f 6332/3/3 6312/3/3 6238/3/3
f 6333/2/3 6313/2/3 6312/2/3
f 6333/3/3 6312/3/3 6332/3/3
f 6334/2/3 6292/2/3 6313/2/3
f 6334/2/3 6313/2/3 6333/2/3
f 6335/2/3 6266/2/3 6292/2/3
f 6335/2/3 6292/2/3 6334/2/3
f 6336/2/3 6295/2/3 6294/2/3
f 6336/2/3 6294/2/3 6293/2/3
f 6337/2/3 6295/2/3 6336/2/3
f 6338/2/3 6295/2/3 6337/2/3
f 6339/1/3 6296/1/3 6295/1/3
f 6339/2/3 6295/2/3 6338/2/3
f 6340/4/3 6297/4/3 6296/4/3
f 6340/1/3 6296/1/3 6339/1/3
f 6341/2/3 6298/2/3 6297/2/3
f 6341/4/3 6297/4/3 6340/4/3
f 6342/4/3 6315/4/3 6314/4/3
f 6342/4/3 6314/4/3 6299/4/3
f 6342/4/3 6316/4/3 6315/4/3
f 6343/2/3 6317/2/3 6316/2/3
f 6343/4/3 6316/4/3 6342/4/3
f 6344/3/3 6318/3/3 6317/3/3
f 6344/2/3 6317/2/3 6343/2/3
f 6345/1/3 6319/1/3 6318/1/3
f 6345/3/3 6318/3/3 6344/3/3
f 6346/4/3 6320/4/3 6319/4/3
f 6346/1/3 6319/1/3 6345/1/3
f 6347/4/3 6320/4/3 6346/4/3
f 6348/4/3 6320/4/3 6347/4/3
f 6349/4/3 6322/4/3 6321/4/3
f 6349/2/3 6323/2/3 6322/2/3
f 6350/3/3 6324/3/3 6323/3/3
f 6350/2/3 6323/2/3 6349/2/3
f 6351/1/3 6325/1/3 6324/1/3
f 6351/3/3 6324/3/3 6350/3/3
f 6352/2/3 6326/2/3 6325/2/3
f 6352/1/3 6325/1/3 6351/1/3
f 6353/2/3 6326/2/3 6352/2/3
f 6354/4/3 6329/4/3 6328/4/3
f 6354/4/3 6328/4/3 6327/4/3
f 6355/2/3 6330/2/3 6329/2/3
f 6355/4/3 6329/4/3 6354/4/3
f 6356/4/3 6331/4/3 6330/4/3
f 6356/2/3 6330/2/3 6355/2/3
f 6357/4/3 6331/4/3 6356/4/3
f 6358/4/3 6333/4/3 6332/4/3
f 6359/3/3 6334/3/3 6333/3/3
f 6359/4/3 6333/4/3 6358/4/3
f 6360/1/3 6335/1/3 6334/1/3
f 6360/3/3 6334/3/3 6359/3/3
f 6361/1/3 6335/1/3 6360/1/3
f 6362/1/3 6337/1/3 6336/1/3
f 6363/2/3 6338/2/3 6337/2/3
f 6363/1/3 6337/1/3 6362/1/3
f 6364/1/3 6339/1/3 6338/1/3
f 6364/2/3 6338/2/3 6363/2/3
f 6364/1/3 6340/1/3 6339/1/3
f 6365/1/3 6340/1/3 6364/1/3
f 6366/4/3 6347/4/3 6346/4/3
f 6366/4/3 6346/4/3 6345/4/3
f 6367/2/3 6348/2/3 6347/2/3
f 6367/4/3 6347/4/3 6366/4/3
f 6368/4/3 6350/4/3 6349/4/3
f 6368/4/3 6349/4/3 6321/4/3
f 6369/3/3 6351/3/3 6350/3/3
f 6369/4/3 6350/4/3 6368/4/3
f 6369/3/3 6352/3/3 6351/3/3
f 6370/3/3 6352/3/3 6369/3/3
f 6371/3/3 6352/3/3 6370/3/3
f 6372/1/3 6353/1/3 6352/1/3
f 6372/3/3 6352/3/3 6371/3/3
f 6373/1/3 6353/1/3 6372/1/3
f 6374/1/3 6359/1/3 6358/1/3
f 6375/4/3 6360/4/3 6359/4/3
f 6375/1/3 6359/1/3 6374/1/3
f 6376/2/3 6361/2/3 6360/2/3
f 6376/4/3 6360/4/3 6375/4/3
f 6377/3/3 6363/3/3 6362/3/3
f 6378/1/3 6364/1/3 6363/1/3
f 6378/3/3 6363/3/3 6377/3/3
f 6379/3/3 6365/3/3 6364/3/3
f 6379/1/3 6364/1/3 6378/1/3
f 6380/1/3 6340/1/3 6365/1/3
f 6380/3/3 6365/3/3 6379/3/3
f 6381/2/3 6341/2/3 6340/2/3
f 6381/1/3 6340/1/3 6380/1/3
f 6382/2/3 6298/2/3 6341/2/3
f 6382/2/3 6341/2/3 6381/2/3
f 6383/4/3 6342/4/3 6299/4/3
f 6384/2/3 6343/2/3 6342/2/3
f 6384/4/3 6342/4/3 6383/4/3
f 6384/2/3 6344/2/3 6343/2/3
f 6385/1/3 6345/1/3 6344/1/3
f 6385/2/3 6344/2/3 6384/2/3
f 6386/4/3 6366/4/3 6345/4/3
f 6386/1/3 6345/1/3 6385/1/3
f 6387/2/3 6369/2/3 6368/2/3
f 6387/4/3 6370/4/3 6369/4/3
f 6388/3/3 6371/3/3 6370/3/3
f 6388/4/3 6370/4/3 6387/4/3
f 6389/1/3 6372/1/3 6371/1/3
f 6389/3/3 6371/3/3 6388/3/3
f 6390/4/3 6373/4/3 6372/4/3
f 6390/1/3 6372/1/3 6389/1/3
f 6391/4/3 6373/4/3 6390/4/3
f 6392/4/3 6354/4/3 6327/4/3
f 6393/2/3 6355/2/3 6354/2/3
f 6393/4/3 6354/4/3 6392/4/3
f 6393/2/3 6356/2/3 6355/2/3
f 6393/2/3 6357/2/3 6356/2/3
f 6394/2/3 6357/2/3 6393/2/3
f 6395/2/3 6357/2/3 6394/2/3
f 6396/4/3 6375/4/3 6374/4/3
f 6397/2/3 6376/2/3 6375/2/3
f 6397/4/3 6375/4/3 6396/4/3
f 6398/2/3 6361/2/3 6376/2/3
f 6398/2/3 6376/2/3 6397/2/3
f 6399/3/3 6381/3/3 6380/3/3
f 6399/1/3 6382/1/3 6381/1/3
f 6400/1/3 6382/1/3 6399/1/3
f 6401/1/3 6382/1/3 6400/1/3
f 6402/3/3 6384/3/3 6383/3/3
f 6403/1/3 6385/1/3 6384/1/3
f 6403/3/3 6384/3/3 6402/3/3
f 6404/3/3 6386/3/3 6385/3/3
f 6404/1/3 6385/1/3 6403/1/3
f 6405/4/3 6366/4/3 6386/4/3
f 6405/3/3 6386/3/3 6404/3/3
f 6406/2/3 6367/2/3 6366/2/3
f 6406/4/3 6366/4/3 6405/4/3
f 6407/2/3 6387/2/3 6368/2/3
f 6407/2/3 6388/2/3 6387/2/3
f 6408/1/3 6389/1/3 6388/1/3
f 6408/2/3 6388/2/3 6407/2/3
f 6409/4/3 6390/4/3 6389/4/3
f 6409/1/3 6389/1/3 6408/1/3
f 6410/2/3 6391/2/3 6390/2/3
f 6410/4/3 6390/4/3 6409/4/3
f 6411/2/3 6391/2/3 6410/2/3
f 6412/3/3 6393/3/3 6392/3/3
f 6413/1/3 6394/1/3 6393/1/3
f 6413/3/3 6393/3/3 6412/3/3
f 6414/3/3 6395/3/3 6394/3/3
f 6414/1/3 6394/1/3 6413/1/3
f 6415/3/3 6395/3/3 6414/3/3
f 6416/4/3 6378/4/3 6377/4/3
f 6417/2/3 6379/2/3 6378/2/3
f 6417/4/3 6378/4/3 6416/4/3
f 6418/1/3 6380/1/3 6379/1/3
f 6418/2/3 6379/2/3 6417/2/3
f 6419/3/3 6400/3/3 6399/3/3
f 6419/1/3 6380/1/3 6418/1/3
f 6419/3/3 6399/3/3 6380/3/3
f 6420/3/3 6400/3/3 6419/3/3
f 6421/4/3 6401/4/3 6400/4/3
f 6421/3/3 6400/3/3 6420/3/3
f 6422/4/3 6401/4/3 6421/4/3
f 6423/4/3 6404/4/3 6403/4/3
f 6423/4/3 6403/4/3 6402/4/3
f 6424/3/3 6405/3/3 6404/3/3
f 6424/4/3 6404/4/3 6423/4/3
f 6424/3/3 6406/3/3 6405/3/3
f 6425/2/3 6367/2/3 6406/2/3
f 6425/3/3 6406/3/3 6424/3/3
f 6426/2/3 6348/2/3 6367/2/3
f 6426/2/3 6367/2/3 6425/2/3
f 6427/4/3 6368/4/3 6321/4/3
f 6428/2/3 6407/2/3 6368/2/3
f 6428/4/3 6368/4/3 6427/4/3
f 6429/1/3 6408/1/3 6407/1/3
f 6429/2/3 6407/2/3 6428/2/3
f 6430/3/3 6409/3/3 6408/3/3
f 6430/1/3 6408/1/3 6429/1/3
f 6431/1/3 6410/1/3 6409/1/3
f 6431/3/3 6409/3/3 6430/3/3
f 6431/1/3 6411/1/3 6410/1/3
f 6432/1/3 6411/1/3 6431/1/3
f 6433/2/3 6417/2/3 6416/2/3
f 6434/1/3 6418/1/3 6417/1/3
f 6434/2/3 6417/2/3 6433/2/3
f 6435/3/3 6420/3/3 6419/3/3
f 6435/1/3 6418/1/3 6434/1/3
f 6435/3/3 6419/3/3 6418/3/3
f 6436/3/3 6420/3/3 6435/3/3
f 6437/1/3 6429/1/3 6428/1/3
f 6437/3/3 6428/3/3 6427/3/3
f 6438/4/3 6430/4/3 6429/4/3
f 6438/1/3 6429/1/3 6437/1/3
f 6439/4/3 6432/4/3 6431/4/3
f 6440/4/3 6432/4/3 6439/4/3
f 6445/1/3 6434/1/3 6433/1/3
f 6446/4/3 6435/4/3 6434/4/3
f 6446/1/3 6434/1/3 6445/1/3
f 6447/4/3 6435/4/3 6446/4/3
f 6448/1/3 6436/1/3 6435/1/3
f 6448/4/3 6435/4/3 6447/4/3
f 6449/3/3 6420/3/3 6436/3/3
f 6449/1/3 6436/1/3 6448/1/3
f 6450/4/3 6421/4/3 6420/4/3
f 6450/3/3 6420/3/3 6449/3/3
f 6451/2/3 6422/2/3 6421/2/3
f 6451/4/3 6421/4/3 6450/4/3
f 6452/3/3 6437/3/3 6427/3/3
f 6453/4/3 6438/4/3 6437/4/3
f 6453/3/3 6437/3/3 6452/3/3
f 6454/4/3 6430/4/3 6438/4/3
f 6454/4/3 6438/4/3 6453/4/3
f 6455/1/3 6431/1/3 6430/1/3
f 6455/4/3 6430/4/3 6454/4/3
f 6460/1/3 6442/1/3 6441/1/3
f 6461/1/3 6442/1/3 6460/1/3
f 6462/4/3 6443/4/3 6442/4/3
f 6462/1/3 6442/1/3 6461/1/3
f 6463/2/3 6444/2/3 6443/2/3
f 6463/4/3 6443/4/3 6462/4/3
f 6464/4/3 6447/4/3 6446/4/3
f 6464/4/3 6446/4/3 6445/4/3
f 6465/2/3 6448/2/3 6447/2/3
f 6465/4/3 6447/4/3 6464/4/3
f 6466/4/3 6449/4/3 6448/4/3
f 6466/2/3 6448/2/3 6465/2/3
f 6467/3/3 6450/3/3 6449/3/3
f 6467/4/3 6449/4/3 6466/4/3
f 6468/2/3 6451/2/3 6450/2/3
f 6468/3/3 6450/3/3 6467/3/3
f 6469/2/3 6422/2/3 6451/2/3
f 6469/2/3 6451/2/3 6468/2/3
f 6470/2/3 6422/2/3 6469/2/3
f 6478/1/3 6453/1/3 6452/1/3
f 6479/4/3 6454/4/3 6453/4/3
f 6479/1/3 6453/1/3 6478/1/3
f 6480/2/3 6455/2/3 6454/2/3
f 6480/4/3 6454/4/3 6479/4/3
f 6481/1/3 6431/1/3 6455/1/3
f 6481/2/3 6455/2/3 6480/2/3
f 6482/4/3 6439/4/3 6431/4/3
f 6482/1/3 6431/1/3 6481/1/3
f 6483/4/3 6457/4/3 6456/4/3
f 6484/2/3 6458/2/3 6457/2/3
f 6484/4/3 6457/4/3 6483/4/3
f 6485/3/3 6459/3/3 6458/3/3
f 6485/2/3 6458/2/3 6484/2/3
f 6486/4/3 6462/4/3 6461/4/3
f 6486/3/3 6461/3/3 6460/3/3
f 6487/1/3 6463/1/3 6462/1/3
f 6487/4/3 6462/4/3 6486/4/3
f 6488/2/3 6444/2/3 6463/2/3
f 6488/1/3 6463/1/3 6487/1/3
f 6489/2/3 6444/2/3 6488/2/3
f 6490/4/3 6468/4/3 6467/4/3
f 6490/2/3 6465/2/3 6464/2/3
f 6490/2/3 6466/2/3 6465/2/3
f 6490/2/3 6467/2/3 6466/2/3
f 6491/3/3 6469/3/3 6468/3/3
f 6491/4/3 6468/4/3 6490/4/3
f 6492/1/3 6470/1/3 6469/1/3
f 6492/3/3 6469/3/3 6491/3/3
f 6493/1/3 6470/1/3 6492/1/3
f 6494/1/3 6470/1/3 6493/1/3
f 6495/2/3 6472/2/3 6471/2/3
f 6495/1/3 6473/1/3 6472/1/3
f 6496/4/3 6474/4/3 6473/4/3
f 6496/1/3 6473/1/3 6495/1/3
f 6497/2/3 6475/2/3 6474/2/3
f 6497/4/3 6474/4/3 6496/4/3
f 6498/1/3 6476/1/3 6475/1/3
f 6498/2/3 6475/2/3 6497/2/3
f 6499/3/3 6479/3/3 6478/3/3
f 6500/1/3 6480/1/3 6479/1/3
f 6500/3/3 6479/3/3 6499/3/3
f 6500/1/3 6481/1/3 6480/1/3
f 6501/1/3 6481/1/3 6500/1/3
f 6502/3/3 6482/3/3 6481/3/3
f 6502/1/3 6481/1/3 6501/1/3
f 6503/4/3 6439/4/3 6482/4/3
f 6503/3/3 6482/3/3 6502/3/3
f 6504/2/3 6440/2/3 6439/2/3
f 6504/4/3 6439/4/3 6503/4/3
f 6505/2/3 6440/2/3 6504/2/3
f 6506/3/3 6484/3/3 6483/3/3
f 6507/1/3 6485/1/3 6484/1/3
f 6507/3/3 6484/3/3 6506/3/3
f 6508/3/3 6459/3/3 6485/3/3
f 6508/1/3 6485/1/3 6507/1/3
f 6509/3/3 6487/3/3 6486/3/3
f 6509/3/3 6486/3/3 6460/3/3
f 6510/1/3 6489/1/3 6488/1/3
f 6510/3/3 6487/3/3 6509/3/3
f 6510/1/3 6488/1/3 6487/1/3
f 6511/1/3 6489/1/3 6510/1/3
f 6512/1/3 6489/1/3 6511/1/3
f 6513/4/3 6464/4/3 6445/4/3
f 6514/2/3 6490/2/3 6464/2/3
f 6514/4/3 6464/4/3 6513/4/3
f 6515/2/3 6490/2/3 6514/2/3
f 6516/1/3 6491/1/3 6490/1/3
f 6516/2/3 6490/2/3 6515/2/3
f 6517/4/3 6493/4/3 6492/4/3
f 6517/1/3 6491/1/3 6516/1/3
f 6517/4/3 6492/4/3 6491/4/3
f 6518/2/3 6494/2/3 6493/2/3
f 6518/4/3 6493/4/3 6517/4/3
f 6519/2/3 6495/2/3 6471/2/3
f 6520/3/3 6496/3/3 6495/3/3
f 6520/2/3 6495/2/3 6519/2/3
f 6521/4/3 6497/4/3 6496/4/3
f 6521/3/3 6496/3/3 6520/3/3
f 6522/1/3 6498/1/3 6497/1/3
f 6522/4/3 6497/4/3 6521/4/3
f 6523/1/3 6476/1/3 6498/1/3
f 6523/1/3 6498/1/3 6522/1/3
f 6524/2/3 6477/2/3 6476/2/3
f 6524/1/3 6476/1/3 6523/1/3
f 6525/2/3 6477/2/3 6524/2/3
f 6526/2/3 6477/2/3 6525/2/3
f 6527/1/3 6501/1/3 6500/1/3
f 6527/4/3 6500/4/3 6499/4/3
f 6528/3/3 6504/3/3 6503/3/3
f 6528/1/3 6501/1/3 6527/1/3
f 6528/3/3 6503/3/3 6502/3/3
f 6528/3/3 6502/3/3 6501/3/3
f 6529/3/3 6504/3/3 6528/3/3
f 6530/3/3 6504/3/3 6529/3/3
f 6531/1/3 6505/1/3 6504/1/3
f 6531/3/3 6504/3/3 6530/3/3
f 6532/1/3 6505/1/3 6531/1/3
f 6533/4/3 6507/4/3 6506/4/3
f 6533/4/3 6508/4/3 6507/4/3
f 6534/3/3 6459/3/3 6508/3/3
f 6534/4/3 6508/4/3 6533/4/3
f 6535/3/3 6459/3/3 6534/3/3
f 6536/3/3 6509/3/3 6460/3/3
f 6537/1/3 6510/1/3 6509/1/3
f 6537/3/3 6509/3/3 6536/3/3
f 6537/1/3 6511/1/3 6510/1/3
f 6538/4/3 6512/4/3 6511/4/3
f 6538/1/3 6511/1/3 6537/1/3
f 6539/4/3 6512/4/3 6538/4/3
f 6540/3/3 6514/3/3 6513/3/3
f 6541/1/3 6515/1/3 6514/1/3
f 6541/3/3 6514/3/3 6540/3/3
f 6542/1/3 6515/1/3 6541/1/3
f 6543/3/3 6516/3/3 6515/3/3
f 6543/1/3 6515/1/3 6542/1/3
f 6544/4/3 6517/4/3 6516/4/3
f 6544/3/3 6516/3/3 6543/3/3
f 6545/2/3 6518/2/3 6517/2/3
f 6545/4/3 6517/4/3 6544/4/3
f 6546/2/3 6494/2/3 6518/2/3
f 6546/2/3 6518/2/3 6545/2/3
f 6547/1/3 6520/1/3 6519/1/3
f 6548/3/3 6521/3/3 6520/3/3
f 6548/1/3 6520/1/3 6547/1/3
f 6548/3/3 6522/3/3 6521/3/3
f 6549/3/3 6522/3/3 6548/3/3
f 6550/4/3 6523/4/3 6522/4/3
f 6551/3/3 6524/3/3 6523/3/3
f 6551/4/3 6523/4/3 6550/4/3
f 6551/3/3 6525/3/3 6524/3/3
f 6552/3/3 6525/3/3 6551/3/3
f 6553/1/3 6526/1/3 6525/1/3
f 6553/3/3 6525/3/3 6552/3/3
f 6554/1/3 6526/1/3 6553/1/3
f 6555/4/3 6533/4/3 6506/4/3
f 6556/2/3 6534/2/3 6533/2/3
f 6556/4/3 6533/4/3 6555/4/3
f 6557/4/3 6535/4/3 6534/4/3
f 6557/2/3 6534/2/3 6556/2/3
f 6558/4/3 6535/4/3 6557/4/3
f 6559/4/3 6538/4/3 6537/4/3
f 6560/2/3 6539/2/3 6538/2/3
f 6560/4/3 6538/4/3 6559/4/3
f 6561/4/3 6541/4/3 6540/4/3
f 6561/4/3 6542/4/3 6541/4/3
f 6562/2/3 6544/2/3 6543/2/3
f 6562/4/3 6542/4/3 6561/4/3
f 6562/2/3 6543/2/3 6542/2/3
f 6563/3/3 6545/3/3 6544/3/3
f 6563/2/3 6544/2/3 6562/2/3
f 6564/4/3 6546/4/3 6545/4/3
f 6564/3/3 6545/3/3 6563/3/3
f 6565/4/3 6546/4/3 6564/4/3
f 6566/4/3 6549/4/3 6548/4/3
f 6566/4/3 6548/4/3 6547/4/3
f 6567/3/3 6522/3/3 6549/3/3
f 6567/4/3 6549/4/3 6566/4/3
f 6568/4/3 6550/4/3 6522/4/3
f 6568/3/3 6522/3/3 6567/3/3
f 6569/2/3 6551/2/3 6550/2/3
f 6569/4/3 6550/4/3 6568/4/3
f 6570/3/3 6552/3/3 6551/3/3
f 6570/2/3 6551/2/3 6569/2/3
f 6571/4/3 6554/4/3 6553/4/3
f 6571/3/3 6552/3/3 6570/3/3
f 6571/4/3 6553/4/3 6552/4/3
f 6572/4/3 6554/4/3 6571/4/3
f 6573/4/3 6554/4/3 6572/4/3
f 6574/4/3 6527/4/3 6499/4/3
f 6575/2/3 6528/2/3 6527/2/3
f 6575/4/3 6527/4/3 6574/4/3
f 6575/2/3 6529/2/3 6528/2/3
f 6576/1/3 6530/1/3 6529/1/3
f 6576/2/3 6529/2/3 6575/2/3
f 6577/4/3 6531/4/3 6530/4/3
f 6577/1/3 6530/1/3 6576/1/3
f 6578/4/3 6555/4/3 6506/4/3
f 6579/2/3 6558/2/3 6557/2/3
f 6579/4/3 6555/4/3 6578/4/3
f 6579/2/3 6556/2/3 6555/2/3
f 6579/2/3 6557/2/3 6556/2/3
f 6580/1/3 6537/1/3 6536/1/3
f 6581/4/3 6559/4/3 6537/4/3
f 6581/1/3 6537/1/3 6580/1/3
f 6582/2/3 6560/2/3 6559/2/3
f 6582/4/3 6559/4/3 6581/4/3
f 6583/2/3 6539/2/3 6560/2/3
f 6583/2/3 6560/2/3 6582/2/3
f 6584/4/3 6566/4/3 6547/4/3
f 6585/2/3 6567/2/3 6566/2/3
f 6585/4/3 6566/4/3 6584/4/3
f 6586/2/3 6570/2/3 6569/2/3
f 6586/2/3 6569/2/3 6568/2/3
f 6587/1/3 6571/1/3 6570/1/3
f 6587/2/3 6570/2/3 6586/2/3
f 6588/4/3 6572/4/3 6571/4/3
f 6588/1/3 6571/1/3 6587/1/3
f 6589/2/3 6573/2/3 6572/2/3
f 6589/4/3 6572/4/3 6588/4/3
f 6590/3/3 6575/3/3 6574/3/3
f 6591/1/3 6576/1/3 6575/1/3
f 6591/3/3 6575/3/3 6590/3/3
f 6592/3/3 6577/3/3 6576/3/3
f 6592/1/3 6576/1/3 6591/1/3
f 6593/4/3 6531/4/3 6577/4/3
f 6593/3/3 6577/3/3 6592/3/3
f 6594/2/3 6532/2/3 6531/2/3
f 6594/4/3 6531/4/3 6593/4/3
f 6595/2/3 6532/2/3 6594/2/3
f 6596/2/3 6579/2/3 6578/2/3
f 6597/2/3 6558/2/3 6579/2/3
f 6597/2/3 6579/2/3 6596/2/3
f 6598/2/3 6558/2/3 6597/2/3
f 6599/2/3 6558/2/3 6598/2/3
f 6600/3/3 6581/3/3 6580/3/3
f 6601/1/3 6583/1/3 6582/1/3
f 6601/3/3 6581/3/3 6600/3/3
f 6601/1/3 6582/1/3 6581/1/3
f 6602/1/3 6583/1/3 6601/1/3
f 6603/2/3 6586/2/3 6568/2/3
f 6603/1/3 6568/1/3 6567/1/3
f 6604/1/3 6587/1/3 6586/1/3
f 6604/2/3 6586/2/3 6603/2/3
f 6605/4/3 6588/4/3 6587/4/3
f 6605/1/3 6587/1/3 6604/1/3
f 6606/4/3 6597/4/3 6596/4/3
f 6607/2/3 6598/2/3 6597/2/3
f 6607/4/3 6597/4/3 6606/4/3
f 6608/1/3 6599/1/3 6598/1/3
f 6608/2/3 6598/2/3 6607/2/3
f 6609/1/3 6599/1/3 6608/1/3
f 6610/4/3 6602/4/3 6601/4/3
f 6611/4/3 6602/4/3 6610/4/3
f 6618/2/3 6567/2/3 6585/2/3
f 6618/2/3 6585/2/3 6584/2/3
f 6619/1/3 6604/1/3 6603/1/3
f 6619/2/3 6567/2/3 6618/2/3
f 6619/1/3 6603/1/3 6567/1/3
f 6620/3/3 6605/3/3 6604/3/3
f 6620/1/3 6604/1/3 6619/1/3
f 6621/4/3 6588/4/3 6605/4/3
f 6621/3/3 6605/3/3 6620/3/3
f 6622/2/3 6589/2/3 6588/2/3
f 6622/4/3 6588/4/3 6621/4/3
f 6623/2/3 6573/2/3 6589/2/3
f 6623/2/3 6589/2/3 6622/2/3
f 6624/2/3 6573/2/3 6623/2/3
f 6625/3/3 6607/3/3 6606/3/3
f 6625/1/3 6608/1/3 6607/1/3
f 6626/1/3 6608/1/3 6625/1/3
f 6627/4/3 6609/4/3 6608/4/3
f 6627/1/3 6608/1/3 6626/1/3
f 6628/1/3 6601/1/3 6600/1/3
f 6629/4/3 6610/4/3 6601/4/3
f 6629/1/3 6601/1/3 6628/1/3
f 6630/4/3 6610/4/3 6629/4/3
f 6631/2/3 6613/2/3 6612/2/3
f 6632/3/3 6614/3/3 6613/3/3
f 6632/2/3 6613/2/3 6631/2/3
f 6633/4/3 6615/4/3 6614/4/3
f 6633/3/3 6614/3/3 6632/3/3
f 6634/1/3 6616/1/3 6615/1/3
f 6634/4/3 6615/4/3 6633/4/3
f 6635/1/3 6616/1/3 6634/1/3
f 6636/1/3 6616/1/3 6635/1/3
f 6637/2/3 6617/2/3 6616/2/3
f 6637/1/3 6616/1/3 6636/1/3
f 6638/2/3 6617/2/3 6637/2/3
f 6639/2/3 6618/2/3 6584/2/3
f 6640/3/3 6619/3/3 6618/3/3
f 6640/2/3 6618/2/3 6639/2/3
f 6641/4/3 6620/4/3 6619/4/3
f 6641/3/3 6619/3/3 6640/3/3
f 6642/4/3 6620/4/3 6641/4/3
f 6643/3/3 6622/3/3 6621/3/3
f 6643/4/3 6620/4/3 6642/4/3
f 6643/3/3 6621/3/3 6620/3/3
f 6643/3/3 6623/3/3 6622/3/3
f 6644/3/3 6623/3/3 6643/3/3
f 6645/3/3 6623/3/3 6644/3/3
f 6646/1/3 6624/1/3 6623/1/3
f 6646/3/3 6623/3/3 6645/3/3
f 6647/1/3 6624/1/3 6646/1/3
f 6654/3/3 6626/3/3 6625/3/3
f 6654/3/3 6625/3/3 6606/3/3
f 6655/3/3 6626/3/3 6654/3/3
f 6656/4/3 6627/4/3 6626/4/3
f 6656/3/3 6626/3/3 6655/3/3
f 6657/4/3 6609/4/3 6627/4/3
f 6657/4/3 6627/4/3 6656/4/3
f 6658/4/3 6609/4/3 6657/4/3
f 6659/2/3 6629/2/3 6628/2/3
f 6660/1/3 6630/1/3 6629/1/3
f 6660/2/3 6629/2/3 6659/2/3
f 6661/4/3 6610/4/3 6630/4/3
f 6661/1/3 6630/1/3 6660/1/3
f 6662/4/3 6633/4/3 6632/4/3
f 6662/4/3 6632/4/3 6631/4/3
f 6663/3/3 6634/3/3 6633/3/3
f 6663/4/3 6633/4/3 6662/4/3
f 6664/4/3 6635/4/3 6634/4/3
f 6664/3/3 6634/3/3 6663/3/3
f 6665/2/3 6636/2/3 6635/2/3
f 6665/4/3 6635/4/3 6664/4/3
f 6666/3/3 6637/3/3 6636/3/3
f 6666/2/3 6636/2/3 6665/2/3
f 6667/4/3 6638/4/3 6637/4/3
f 6667/3/3 6637/3/3 6666/3/3
f 6668/4/3 6638/4/3 6667/4/3
f 6669/4/3 6650/4/3 6649/4/3
f 6669/2/3 6651/2/3 6650/2/3
f 6670/1/3 6652/1/3 6651/1/3
f 6670/2/3 6651/2/3 6669/2/3
f 6671/2/3 6663/2/3 6662/2/3
f 6672/1/3 6664/1/3 6663/1/3
f 6672/2/3 6663/2/3 6671/2/3
f 6673/2/3 6665/2/3 6664/2/3
f 6673/1/3 6664/1/3 6672/1/3
f 6674/3/3 6640/3/3 6639/3/3
f 6675/4/3 6642/4/3 6641/4/3
f 6675/3/3 6640/3/3 6674/3/3
f 6675/4/3 6641/4/3 6640/4/3
f 6676/4/3 6642/4/3 6675/4/3
f 6677/2/3 6643/2/3 6642/2/3
f 6677/4/3 6642/4/3 6676/4/3
f 6677/2/3 6644/2/3 6643/2/3
f 6678/3/3 6645/3/3 6644/3/3
f 6678/2/3 6644/2/3 6677/2/3
f 6679/4/3 6646/4/3 6645/4/3
f 6679/3/3 6645/3/3 6678/3/3
f 6679/4/3 6647/4/3 6646/4/3
f 6680/4/3 6647/4/3 6679/4/3
f 6681/4/3 6647/4/3 6680/4/3
f 6682/2/3 6649/2/3 6648/2/3
f 6683/4/3 6669/4/3 6649/4/3
f 6683/2/3 6649/2/3 6682/2/3
f 6684/1/3 6670/1/3 6669/1/3
f 6684/4/3 6669/4/3 6683/4/3
f 6685/1/3 6670/1/3 6684/1/3
f 6686/2/3 6653/2/3 6652/2/3
f 6686/1/3 6670/1/3 6685/1/3
f 6686/1/3 6652/1/3 6670/1/3
f 6687/1/3 6655/1/3 6654/1/3
f 6688/4/3 6656/4/3 6655/4/3
f 6688/1/3 6655/1/3 6687/1/3
f 6688/4/3 6657/4/3 6656/4/3
f 6689/4/3 6657/4/3 6688/4/3
f 6690/2/3 6658/2/3 6657/2/3
f 6690/4/3 6657/4/3 6689/4/3
f 6691/1/3 6660/1/3 6659/1/3
f 6692/4/3 6661/4/3 6660/4/3
f 6692/1/3 6660/1/3 6691/1/3
f 6693/4/3 6610/4/3 6661/4/3
f 6693/4/3 6661/4/3 6692/4/3
f 6693/2/3 6611/2/3 6610/2/3
f 6694/2/3 6611/2/3 6693/2/3
f 6695/4/3 6673/4/3 6672/4/3
f 6695/4/3 6672/4/3 6671/4/3
f 6696/2/3 6665/2/3 6673/2/3
f 6696/4/3 6673/4/3 6695/4/3
f 6697/1/3 6666/1/3 6665/1/3
f 6697/2/3 6665/2/3 6696/2/3
f 6698/4/3 6667/4/3 6666/4/3
f 6698/1/3 6666/1/3 6697/1/3
f 6699/2/3 6668/2/3 6667/2/3
f 6699/4/3 6667/4/3 6698/4/3
f 6700/2/3 6668/2/3 6699/2/3
f 6701/1/3 6675/1/3 6674/1/3
f 6702/4/3 6676/4/3 6675/4/3
f 6702/1/3 6675/1/3 6701/1/3
f 6703/1/3 6677/1/3 6676/1/3
f 6703/4/3 6676/4/3 6702/4/3
f 6703/1/3 6678/1/3 6677/1/3
f 6704/3/3 6679/3/3 6678/3/3
f 6704/1/3 6678/1/3 6703/1/3
f 6704/3/3 6680/3/3 6679/3/3
f 6705/1/3 6681/1/3 6680/1/3
f 6705/3/3 6680/3/3 6704/3/3
f 6706/1/3 6681/1/3 6705/1/3
f 6707/4/3 6683/4/3 6682/4/3
f 6708/1/3 6684/1/3 6683/1/3
f 6708/4/3 6683/4/3 6707/4/3
f 6709/3/3 6685/3/3 6684/3/3
f 6709/1/3 6684/1/3 6708/1/3
f 6710/4/3 6686/4/3 6685/4/3
f 6710/3/3 6685/3/3 6709/3/3
f 6711/2/3 6653/2/3 6686/2/3
f 6711/4/3 6686/4/3 6710/4/3
f 6712/2/3 6653/2/3 6711/2/3
f 6713/4/3 6689/4/3 6688/4/3
f 6713/4/3 6688/4/3 6687/4/3
f 6714/2/3 6690/2/3 6689/2/3
f 6714/4/3 6689/4/3 6713/4/3
f 6715/2/3 6658/2/3 6690/2/3
f 6715/2/3 6690/2/3 6714/2/3
f 6743/1/3 6717/1/3 6716/1/3
f 6744/4/3 6718/4/3 6717/4/3
f 6744/1/3 6717/1/3 6743/1/3
f 6745/2/3 6719/2/3 6718/2/3
f 6745/4/3 6718/4/3 6744/4/3
f 6746/2/3 6719/2/3 6745/2/3
f 6749/1/3 6721/1/3 6720/1/3
f 6750/4/3 6722/4/3 6721/4/3
f 6750/1/3 6721/1/3 6749/1/3
f 6751/2/3 6723/2/3 6722/2/3
f 6751/4/3 6722/4/3 6750/4/3
f 6752/1/3 6724/1/3 6723/1/3
f 6752/2/3 6723/2/3 6751/2/3
f 6753/4/3 6725/4/3 6724/4/3
f 6753/1/3 6724/1/3 6752/1/3
f 6754/2/3 6726/2/3 6725/2/3
f 6754/4/3 6725/4/3 6753/4/3
f 6755/2/3 6726/2/3 6754/2/3
f 6758/2/3 6728/2/3 6727/2/3
f 6759/1/3 6729/1/3 6728/1/3
f 6759/2/3 6728/2/3 6758/2/3
f 6760/2/3 6730/2/3 6729/2/3
f 6760/1/3 6729/1/3 6759/1/3
f 6761/3/3 6731/3/3 6730/3/3
f 6761/2/3 6730/2/3 6760/2/3
f 6762/1/3 6732/1/3 6731/1/3
f 6762/3/3 6731/3/3 6761/3/3
f 6763/1/3 6732/1/3 6762/1/3
f 6764/2/3 6733/2/3 6732/2/3
f 6764/1/3 6732/1/3 6763/1/3
f 6765/2/3 6733/2/3 6764/2/3
f 6768/2/3 6735/2/3 6734/2/3
f 6769/1/3 6736/1/3 6735/1/3
f 6769/2/3 6735/2/3 6768/2/3
f 6770/1/3 6736/1/3 6769/1/3
f 6771/3/3 6737/3/3 6736/3/3
f 6771/1/3 6736/1/3 6770/1/3
f 6772/4/3 6738/4/3 6737/4/3
f 6772/3/3 6737/3/3 6771/3/3
f 6773/2/3 6739/2/3 6738/2/3
f 6773/4/3 6738/4/3 6772/4/3
f 6774/2/3 6739/2/3 6773/2/3
f 6777/4/3 6741/4/3 6740/4/3
f 6778/2/3 6742/2/3 6741/2/3
f 6778/4/3 6741/4/3 6777/4/3
f 6779/2/3 6742/2/3 6778/2/3
f 6780/2/3 6742/2/3 6779/2/3
f 6781/4/3 6749/4/3 6748/4/3
f 6782/4/3 6749/4/3 6781/4/3
f 6783/1/3 6756/1/3 6755/1/3
f 6784/1/3 6756/1/3 6783/1/3
f 6785/4/3 6758/4/3 6757/4/3
f 6786/4/3 6768/4/3 6767/4/3
f 6787/1/3 6775/1/3 6774/1/3
f 6788/4/3 6777/4/3 6776/4/3
f 6789/4/3 6777/4/3 6788/4/3
f 6790/3/3 6782/3/3 6781/3/3
f 6791/4/3 6785/4/3 6757/4/3
f 6792/1/3 6766/1/3 6765/1/3
f 6793/4/3 6786/4/3 6767/4/3
f 6794/4/3 6786/4/3 6793/4/3
f 6795/1/3 6775/1/3 6787/1/3
f 6796/1/3 6775/1/3 6795/1/3
f 6797/1/3 6789/1/3 6788/1/3
f 6798/1/3 6789/1/3 6797/1/3
f 6799/2/3 6747/2/3 6746/2/3
f 6800/2/3 6747/2/3 6799/2/3
f 6801/3/3 6790/3/3 6781/3/3
f 6802/3/3 6790/3/3 6801/3/3
f 6803/4/3 6784/4/3 6783/4/3
f 6804/4/3 6784/4/3 6803/4/3
f 6805/4/3 6791/4/3 6757/4/3
f 6806/4/3 6791/4/3 6805/4/3
f 6807/3/3 6794/3/3 6793/3/3
f 6808/3/3 6794/3/3 6807/3/3
f 6809/4/3 6796/4/3 6795/4/3
f 6810/4/3 6796/4/3 6809/4/3
f 6811/3/3 6798/3/3 6797/3/3
f 6816/1/3 6800/1/3 6799/1/3
f 6817/1/3 6800/1/3 6816/1/3
f 6824/1/3 6806/1/3 6805/1/3
f 6825/1/3 6806/1/3 6824/1/3
f 6826/1/3 6766/1/3 6792/1/3
f 6827/1/3 6766/1/3 6826/1/3
f 6828/4/3 6808/4/3 6807/4/3
f 6829/3/3 6811/3/3 6797/3/3
f 6830/3/3 6811/3/3 6829/3/3
f 6834/1/3 6813/1/3 6812/1/3
f 6835/3/3 6815/3/3 6814/3/3
f 6835/1/3 6813/1/3 6834/1/3
f 6835/3/3 6814/3/3 6813/3/3
f 6836/1/3 6816/1/3 6815/1/3
f 6836/3/3 6815/3/3 6835/3/3
f 6837/1/3 6816/1/3 6836/1/3
f 6839/3/3 6819/3/3 6818/3/3
f 6840/1/3 6820/1/3 6819/1/3
f 6840/3/3 6819/3/3 6839/3/3
f 6841/1/3 6820/1/3 6840/1/3
f 6842/4/3 6821/4/3 6820/4/3
f 6842/1/3 6820/1/3 6841/1/3
f 6843/4/3 6821/4/3 6842/4/3
f 6844/2/3 6822/2/3 6821/2/3
f 6844/4/3 6821/4/3 6843/4/3
f 6845/1/3 6823/1/3 6822/1/3
f 6845/2/3 6822/2/3 6844/2/3
f 6846/1/3 6823/1/3 6845/1/3
f 6848/4/3 6827/4/3 6826/4/3
f 6849/3/3 6831/3/3 6830/3/3
f 6850/4/3 6832/4/3 6831/4/3
f 6850/3/3 6831/3/3 6849/3/3
f 6851/2/3 6833/2/3 6832/2/3
f 6851/4/3 6832/4/3 6850/4/3
f 6852/2/3 6833/2/3 6851/2/3
f 6855/3/3 6839/3/3 6838/3/3
f 6856/3/3 6825/3/3 6824/3/3
f 6857/4/3 6827/4/3 6848/4/3
f 6858/2/3 6810/2/3 6809/2/3
f 6859/2/3 6810/2/3 6858/2/3
f 6862/2/3 6854/2/3 6853/2/3
f 6863/2/3 6854/2/3 6862/2/3
f 6864/3/3 6855/3/3 6838/3/3
f 6865/3/3 6855/3/3 6864/3/3
f 6866/4/3 6847/4/3 6846/4/3
f 6867/4/3 6847/4/3 6866/4/3
f 6868/3/3 6856/3/3 6824/3/3
f 6869/3/3 6856/3/3 6868/3/3
f 6876/4/3 6827/4/3 6857/4/3
f 6877/4/3 6827/4/3 6876/4/3
f 6878/4/3 6828/4/3 6807/4/3
f 6879/1/3 6859/1/3 6858/1/3
f 6880/4/3 6861/4/3 6860/4/3
f 6881/1/3 6863/1/3 6862/1/3
f 6882/1/3 6865/1/3 6864/1/3
f 6883/1/3 6865/1/3 6882/1/3
f 6884/1/3 6867/1/3 6866/1/3
f 6885/1/3 6867/1/3 6884/1/3
f 6886/4/3 6870/4/3 6869/4/3
f 6886/4/3 6871/4/3 6870/4/3
f 6887/3/3 6872/3/3 6871/3/3
f 6887/4/3 6871/4/3 6886/4/3
f 6888/4/3 6873/4/3 6872/4/3
f 6888/3/3 6872/3/3 6887/3/3
f 6889/2/3 6875/2/3 6874/2/3
f 6889/4/3 6873/4/3 6888/4/3
f 6889/2/3 6874/2/3 6873/2/3
f 6890/1/3 6876/1/3 6875/1/3
f 6890/2/3 6875/2/3 6889/2/3
f 6891/1/3 6876/1/3 6890/1/3
f 6892/4/3 6878/4/3 6807/4/3
f 6893/4/3 6878/4/3 6892/4/3
f 6894/1/3 6859/1/3 6879/1/3
f 6895/1/3 6859/1/3 6894/1/3
f 6896/4/3 6880/4/3 6860/4/3
f 6897/1/3 6863/1/3 6881/1/3
f 6898/1/3 6863/1/3 6897/1/3
f 6899/4/3 6883/4/3 6882/4/3
f 6900/4/3 6883/4/3 6899/4/3
f 6906/4/3 6895/4/3 6894/4/3
f 6907/4/3 6896/4/3 6860/4/3
f 6908/4/3 6896/4/3 6907/4/3
f 6909/4/3 6898/4/3 6897/4/3
f 6910/4/3 6898/4/3 6909/4/3
f 6911/3/3 6900/3/3 6899/3/3
f 6912/3/3 6900/3/3 6911/3/3
f 6913/2/3 6885/2/3 6884/2/3
f 6915/4/3 6902/4/3 6901/4/3
f 6916/4/3 6902/4/3 6915/4/3
f 6917/2/3 6903/2/3 6902/2/3
f 6917/4/3 6902/4/3 6916/4/3
f 6918/2/3 6903/2/3 6917/2/3
f 6919/3/3 6904/3/3 6903/3/3
f 6919/2/3 6903/2/3 6918/2/3
f 6920/4/3 6905/4/3 6904/4/3
f 6920/3/3 6904/3/3 6919/3/3
f 6921/4/3 6905/4/3 6920/4/3
f 6922/4/3 6905/4/3 6921/4/3
f 6923/4/3 6905/4/3 6922/4/3
f 6925/3/3 6893/3/3 6892/3/3
f 6926/4/3 6895/4/3 6906/4/3
f 6927/3/3 6908/3/3 6907/3/3
f 6928/3/3 6908/3/3 6927/3/3
f 6929/2/3 6910/2/3 6909/2/3
f 6930/2/3 6910/2/3 6929/2/3
f 6931/1/3 6912/1/3 6911/1/3
f 6932/1/3 6912/1/3 6931/1/3
f 6933/2/3 6885/2/3 6913/2/3
f 6934/2/3 6885/2/3 6933/2/3
f 6935/1/3 6915/1/3 6914/1/3
f 6936/1/3 6915/1/3 6935/1/3
f 6937/3/3 6925/3/3 6892/3/3
f 6938/3/3 6925/3/3 6937/3/3
f 6943/4/3 6895/4/3 6926/4/3
f 6944/4/3 6895/4/3 6943/4/3
f 6945/4/3 6928/4/3 6927/4/3
f 6946/4/3 6928/4/3 6945/4/3
f 6947/1/3 6930/1/3 6929/1/3
f 6948/1/3 6930/1/3 6947/1/3
f 6949/4/3 6932/4/3 6931/4/3
f 6950/1/3 6934/1/3 6933/1/3
f 6951/1/3 6934/1/3 6950/1/3
f 6952/3/3 6936/3/3 6935/3/3
f 6953/2/3 6924/2/3 6923/2/3
f 6954/2/3 6924/2/3 6953/2/3
f 6955/4/3 6939/4/3 6938/4/3
f 6956/3/3 6940/3/3 6939/3/3
f 6956/4/3 6939/4/3 6955/4/3
f 6957/4/3 6941/4/3 6940/4/3
f 6957/3/3 6940/3/3 6956/3/3
f 6958/2/3 6942/2/3 6941/2/3
f 6958/4/3 6941/4/3 6957/4/3
f 6959/1/3 6943/1/3 6942/1/3
f 6959/2/3 6942/2/3 6958/2/3
f 6960/1/3 6943/1/3 6959/1/3
f 6961/1/3 6946/1/3 6945/1/3
f 6962/1/3 6946/1/3 6961/1/3
f 6963/4/3 6948/4/3 6947/4/3
f 6964/4/3 6948/4/3 6963/4/3
f 6965/4/3 6949/4/3 6931/4/3
f 6966/4/3 6949/4/3 6965/4/3
f 6967/2/3 6951/2/3 6950/2/3
f 6968/3/3 6952/3/3 6935/3/3
f 6969/3/3 6952/3/3 6968/3/3
f 6970/1/3 6954/1/3 6953/1/3
f 6971/1/3 6954/1/3 6970/1/3
f 6976/3/3 6962/3/3 6961/3/3
f 6977/3/3 6962/3/3 6976/3/3
f 6981/3/3 6966/3/3 6965/3/3
f 6982/4/3 6971/4/3 6970/4/3
f 6983/4/3 6971/4/3 6982/4/3
f 6984/4/3 6973/4/3 6972/4/3
f 6985/4/3 6973/4/3 6984/4/3
f 6986/2/3 6975/2/3 6974/2/3
f 6989/3/3 6979/3/3 6978/3/3
f 6990/3/3 6979/3/3 6989/3/3
f 6991/2/3 6980/2/3 6979/2/3
f 6991/3/3 6979/3/3 6990/3/3
f 6992/2/3 6980/2/3 6991/2/3
f 6994/3/3 6981/3/3 6965/3/3
f 6995/3/3 6981/3/3 6994/3/3
f 6996/2/3 6951/2/3 6967/2/3
f 6997/2/3 6951/2/3 6996/2/3
f 6998/1/3 6969/1/3 6968/1/3
f 6999/1/3 6969/1/3 6998/1/3
f 7000/2/3 6983/2/3 6982/2/3
f 7001/2/3 6983/2/3 7000/2/3
f 7002/3/3 6985/3/3 6984/3/3
f 7003/3/3 6985/3/3 7002/3/3
f 7004/2/3 6975/2/3 6986/2/3
f 7005/2/3 6975/2/3 7004/2/3
f 7007/4/3 6988/4/3 6987/4/3
f 7008/4/3 6988/4/3 7007/4/3
f 7009/4/3 6988/4/3 7008/4/3
f 7010/1/3 6993/1/3 6992/1/3
f 7011/1/3 6993/1/3 7010/1/3
f 7012/4/3 6995/4/3 6994/4/3
f 7013/4/3 6995/4/3 7012/4/3
f 7014/1/3 6997/1/3 6996/1/3
f 7015/1/3 6997/1/3 7014/1/3
f 7016/4/3 6999/4/3 6998/4/3
f 7017/4/3 6999/4/3 7016/4/3
f 7018/1/3 7001/1/3 7000/1/3
f 7019/1/3 7005/1/3 7004/1/3
f 7020/4/3 7011/4/3 7010/4/3
f 7021/4/3 7011/4/3 7020/4/3
f 7022/1/3 7013/1/3 7012/1/3
f 7023/1/3 7013/1/3 7022/1/3
f 7030/4/3 7015/4/3 7014/4/3
f 7031/4/3 7015/4/3 7030/4/3
f 7032/3/3 7017/3/3 7016/3/3
f 7033/3/3 7017/3/3 7032/3/3
f 7034/1/3 7001/1/3 7018/1/3
f 7035/1/3 7005/1/3 7019/1/3
f 7036/1/3 7005/1/3 7035/1/3
f 7037/4/3 7007/4/3 7006/4/3
f 7038/2/3 7021/2/3 7020/2/3
f 7039/2/3 7021/2/3 7038/2/3
f 7040/2/3 7024/2/3 7023/2/3
f 7041/1/3 7025/1/3 7024/1/3
f 7041/2/3 7024/2/3 7040/2/3
f 7042/4/3 7026/4/3 7025/4/3
f 7042/1/3 7025/1/3 7041/1/3
f 7043/2/3 7027/2/3 7026/2/3
f 7043/4/3 7026/4/3 7042/4/3
f 7043/2/3 7028/2/3 7027/2/3
f 7044/1/3 7029/1/3 7028/1/3
f 7044/2/3 7028/2/3 7043/2/3
f 7045/2/3 7030/2/3 7029/2/3
f 7045/1/3 7029/1/3 7044/1/3
f 7046/2/3 7030/2/3 7045/2/3
f 7047/1/3 7001/1/3 7034/1/3
f 7048/1/3 7001/1/3 7047/1/3
f 7049/2/3 7036/2/3 7035/2/3
f 7050/2/3 7036/2/3 7049/2/3
f 7051/4/3 7037/4/3 7006/4/3
f 7052/4/3 7037/4/3 7051/4/3
f 7057/4/3 7033/4/3 7032/4/3
f 7058/4/3 7048/4/3 7047/4/3
f 7059/4/3 7048/4/3 7058/4/3
f 7060/4/3 7003/4/3 7002/4/3
f 7061/4/3 7003/4/3 7060/4/3
f 7062/1/3 7050/1/3 7049/1/3
f 7063/1/3 7050/1/3 7062/1/3
f 7064/3/3 7052/3/3 7051/3/3
f 7065/4/3 7039/4/3 7038/4/3
f 7066/4/3 7039/4/3 7065/4/3
f 7068/4/3 7054/4/3 7053/4/3
f 7069/4/3 7054/4/3 7068/4/3
f 7070/4/3 7054/4/3 7069/4/3
f 7071/3/3 7055/3/3 7054/3/3
f 7071/4/3 7054/4/3 7070/4/3
f 7072/3/3 7055/3/3 7071/3/3
f 7073/2/3 7056/2/3 7055/2/3
f 7073/3/3 7055/3/3 7072/3/3
f 7074/2/3 7056/2/3 7073/2/3
f 7075/2/3 7056/2/3 7074/2/3
f 7077/4/3 7057/4/3 7032/4/3
f 7078/4/3 7057/4/3 7077/4/3
f 7079/3/3 7061/3/3 7060/3/3
f 7080/3/3 7064/3/3 7051/3/3
f 7081/3/3 7064/3/3 7080/3/3
f 7082/1/3 7066/1/3 7065/1/3
f 7083/1/3 7066/1/3 7082/1/3
f 7084/3/3 7068/3/3 7067/3/3
f 7085/3/3 7068/3/3 7084/3/3
f 7086/1/3 7076/1/3 7075/1/3
f 7087/3/3 7078/3/3 7077/3/3
f 7088/3/3 7079/3/3 7060/3/3
f 7089/3/3 7079/3/3 7088/3/3
f 7090/4/3 7063/4/3 7062/4/3
f 7091/4/3 7063/4/3 7090/4/3
f 7092/4/3 7081/4/3 7080/4/3
f 7093/2/3 7083/2/3 7082/2/3
f 7094/2/3 7083/2/3 7093/2/3
f 7095/4/3 7085/4/3 7084/4/3
f 7096/1/3 7076/1/3 7086/1/3
f 7097/1/3 7076/1/3 7096/1/3
f 7098/3/3 7087/3/3 7077/3/3
f 7099/3/3 7087/3/3 7098/3/3
f 7100/2/3 7059/2/3 7058/2/3
f 7101/2/3 7059/2/3 7100/2/3
f 7107/4/3 7092/4/3 7080/4/3
f 7108/4/3 7092/4/3 7107/4/3
f 7109/4/3 7094/4/3 7093/4/3
f 7110/4/3 7094/4/3 7109/4/3
f 7111/4/3 7095/4/3 7084/4/3
f 7112/4/3 7095/4/3 7111/4/3
f 7113/1/3 7101/1/3 7100/1/3
f 7114/1/3 7101/1/3 7113/1/3
f 7116/4/3 7103/4/3 7102/4/3
f 7117/2/3 7104/2/3 7103/2/3
f 7117/4/3 7103/4/3 7116/4/3
f 7118/2/3 7104/2/3 7117/2/3
f 7119/3/3 7105/3/3 7104/3/3
f 7119/2/3 7104/2/3 7118/2/3
f 7120/4/3 7106/4/3 7105/4/3
f 7120/3/3 7105/3/3 7119/3/3
f 7121/4/3 7106/4/3 7120/4/3
f 7122/4/3 7106/4/3 7121/4/3
f 7124/3/3 7108/3/3 7107/3/3
f 7125/3/3 7108/3/3 7124/3/3
f 7126/1/3 7110/1/3 7109/1/3
f 7127/1/3 7112/1/3 7111/1/3
f 7128/1/3 7112/1/3 7127/1/3
f 7129/2/3 7097/2/3 7096/2/3
f 7130/2/3 7097/2/3 7129/2/3
f 7131/4/3 7114/4/3 7113/4/3
f 7132/4/3 7114/4/3 7131/4/3
f 7133/1/3 7116/1/3 7115/1/3
f 7134/1/3 7116/1/3 7133/1/3
f 7135/2/3 7123/2/3 7122/2/3
f 7136/2/3 7123/2/3 7135/2/3
f 7137/1/3 7125/1/3 7124/1/3
f 7138/1/3 7125/1/3 7137/1/3
f 7139/1/3 7110/1/3 7126/1/3
f 7140/1/3 7110/1/3 7139/1/3
f 7141/3/3 7128/3/3 7127/3/3
f 7142/4/3 7099/4/3 7098/4/3
f 7143/4/3 7099/4/3 7142/4/3
f 7144/3/3 7134/3/3 7133/3/3
f 7145/3/3 7134/3/3 7144/3/3
f 7146/1/3 7136/1/3 7135/1/3
f 7147/1/3 7136/1/3 7146/1/3
f 7148/4/3 7138/4/3 7137/4/3
f 7149/4/3 7138/4/3 7148/4/3
f 7150/3/3 7141/3/3 7127/3/3
f 7151/3/3 7141/3/3 7150/3/3
f 7152/4/3 7130/4/3 7129/4/3
f 7153/1/3 7143/1/3 7142/1/3
f 7154/1/3 7143/1/3 7153/1/3
f 7155/4/3 7147/4/3 7146/4/3
f 7156/4/3 7147/4/3 7155/4/3
f 7157/3/3 7149/3/3 7148/3/3
f 7162/2/3 7140/2/3 7139/2/3
f 7163/2/3 7140/2/3 7162/2/3
f 7164/1/3 7151/1/3 7150/1/3
f 7165/1/3 7151/1/3 7164/1/3
f 7166/4/3 7130/4/3 7152/4/3
f 7167/4/3 7130/4/3 7166/4/3
f 7168/3/3 7154/3/3 7153/3/3
f 7169/2/3 7132/2/3 7131/2/3
f 7170/2/3 7132/2/3 7169/2/3
f 7171/1/3 7145/1/3 7144/1/3
f 7172/1/3 7145/1/3 7171/1/3
f 7173/2/3 7156/2/3 7155/2/3
f 7174/2/3 7156/2/3 7173/2/3
f 7175/3/3 7157/3/3 7148/3/3
f 7176/3/3 7157/3/3 7175/3/3
f 7179/1/3 7160/1/3 7159/1/3
f 7179/1/3 7159/1/3 7158/1/3
f 7180/4/3 7161/4/3 7160/4/3
f 7180/1/3 7160/1/3 7179/1/3
f 7181/2/3 7162/2/3 7161/2/3
f 7181/4/3 7161/4/3 7180/4/3
f 7182/2/3 7162/2/3 7181/2/3
f 7183/4/3 7165/4/3 7164/4/3
f 7184/1/3 7167/1/3 7166/1/3
f 7185/1/3 7167/1/3 7184/1/3
f 7186/3/3 7168/3/3 7153/3/3
f 7187/3/3 7168/3/3 7186/3/3
f 7194/1/3 7170/1/3 7169/1/3
f 7195/1/3 7170/1/3 7194/1/3
f 7196/3/3 7172/3/3 7171/3/3
f 7197/3/3 7172/3/3 7196/3/3
f 7198/1/3 7174/1/3 7173/1/3
f 7199/4/3 7177/4/3 7176/4/3
f 7200/2/3 7178/2/3 7177/2/3
f 7200/4/3 7177/4/3 7199/4/3
f 7201/2/3 7178/2/3 7200/2/3
f 7205/4/3 7183/4/3 7164/4/3
f 7206/4/3 7183/4/3 7205/4/3
f 7207/3/3 7188/3/3 7187/3/3
f 7208/4/3 7189/4/3 7188/4/3
f 7208/3/3 7188/3/3 7207/3/3
f 7209/2/3 7190/2/3 7189/2/3
f 7209/4/3 7189/4/3 7208/4/3
f 7210/1/3 7191/1/3 7190/1/3
f 7210/2/3 7190/2/3 7209/2/3
f 7211/3/3 7193/3/3 7192/3/3
f 7211/1/3 7191/1/3 7210/1/3
f 7211/3/3 7192/3/3 7191/3/3
f 7212/1/3 7194/1/3 7193/1/3
f 7212/3/3 7193/3/3 7211/3/3
f 7213/1/3 7194/1/3 7212/1/3
f 7214/1/3 7174/1/3 7198/1/3
f 7215/1/3 7174/1/3 7214/1/3
f 7219/3/3 7203/3/3 7202/3/3
f 7220/4/3 7204/4/3 7203/4/3
f 7220/3/3 7203/3/3 7219/3/3
f 7221/4/3 7204/4/3 7220/4/3
f 7222/4/3 7204/4/3 7221/4/3
f 7223/4/3 7204/4/3 7222/4/3
f 7225/3/3 7206/3/3 7205/3/3
f 7226/3/3 7206/3/3 7225/3/3
f 7227/4/3 7185/4/3 7184/4/3
f 7228/4/3 7185/4/3 7227/4/3
f 7236/4/3 7197/4/3 7196/4/3
f 7237/4/3 7197/4/3 7236/4/3
f 7238/4/3 7215/4/3 7214/4/3
f 7239/4/3 7215/4/3 7238/4/3
f 7241/4/3 7217/4/3 7216/4/3
f 7242/4/3 7217/4/3 7241/4/3
f 7243/2/3 7218/2/3 7217/2/3
f 7243/4/3 7217/4/3 7242/4/3
f 7244/2/3 7218/2/3 7243/2/3
f 7245/1/3 7226/1/3 7225/1/3
f 7246/1/3 7226/1/3 7245/1/3
f 7247/1/3 7228/1/3 7227/1/3
f 7249/1/3 7230/1/3 7229/1/3
f 7250/1/3 7230/1/3 7249/1/3
f 7251/4/3 7231/4/3 7230/4/3
f 7251/1/3 7230/1/3 7250/1/3
f 7252/2/3 7232/2/3 7231/2/3
f 7252/4/3 7231/4/3 7251/4/3
f 7253/1/3 7233/1/3 7232/1/3
f 7253/2/3 7232/2/3 7252/2/3
f 7254/4/3 7234/4/3 7233/4/3
f 7254/1/3 7233/1/3 7253/1/3
f 7255/2/3 7235/2/3 7234/2/3
f 7255/4/3 7234/4/3 7254/4/3
f 7256/2/3 7235/2/3 7255/2/3
f 7258/3/3 7237/3/3 7236/3/3
f 7259/1/3 7241/1/3 7240/1/3
f 7260/1/3 7241/1/3 7259/1/3
f 7261/2/3 7224/2/3 7223/2/3
f 7262/2/3 7224/2/3 7261/2/3
f 7263/1/3 7228/1/3 7247/1/3
f 7264/3/3 7258/3/3 7236/3/3
f 7265/3/3 7258/3/3 7264/3/3
f 7266/2/3 7239/2/3 7238/2/3
f 7267/2/3 7239/2/3 7266/2/3
f 7268/3/3 7260/3/3 7259/3/3
f 7269/1/3 7262/1/3 7261/1/3
f 7270/1/3 7262/1/3 7269/1/3
f 7271/4/3 7246/4/3 7245/4/3
f 7272/4/3 7246/4/3 7271/4/3
f 7273/1/3 7228/1/3 7263/1/3
f 7274/1/3 7228/1/3 7273/1/3
f 7275/4/3 7249/4/3 7248/4/3
f 7276/4/3 7249/4/3 7275/4/3
f 7277/2/3 7257/2/3 7256/2/3
f 7278/1/3 7267/1/3 7266/1/3
f 7279/1/3 7267/1/3 7278/1/3
f 7280/3/3 7268/3/3 7259/3/3
f 7281/3/3 7268/3/3 7280/3/3
f 7282/4/3 7270/4/3 7269/4/3
f 7283/4/3 7270/4/3 7282/4/3
f 7284/3/3 7272/3/3 7271/3/3
f 7285/3/3 7272/3/3 7284/3/3
f 7286/2/3 7274/2/3 7273/2/3
f 7287/3/3 7276/3/3 7275/3/3
f 7288/3/3 7276/3/3 7287/3/3
f 7289/2/3 7257/2/3 7277/2/3
f 7290/2/3 7257/2/3 7289/2/3
f 7291/4/3 7265/4/3 7264/4/3
f 7292/4/3 7265/4/3 7291/4/3
f 7293/2/3 7283/2/3 7282/2/3
f 7294/2/3 7283/2/3 7293/2/3
f 7295/1/3 7285/1/3 7284/1/3
f 7296/1/3 7285/1/3 7295/1/3
f 7304/2/3 7274/2/3 7286/2/3
f 7305/2/3 7274/2/3 7304/2/3
f 7306/1/3 7290/1/3 7289/1/3
f 7307/1/3 7292/1/3 7291/1/3
f 7308/1/3 7292/1/3 7307/1/3
f 7309/1/3 7281/1/3 7280/1/3
f 7310/1/3 7281/1/3 7309/1/3
f 7311/1/3 7294/1/3 7293/1/3
f 7312/4/3 7297/4/3 7296/4/3
f 7313/2/3 7298/2/3 7297/2/3
f 7313/4/3 7297/4/3 7312/4/3
f 7313/2/3 7299/2/3 7298/2/3
f 7314/1/3 7300/1/3 7299/1/3
f 7314/2/3 7299/2/3 7313/2/3
f 7314/1/3 7301/1/3 7300/1/3
f 7314/1/3 7302/1/3 7301/1/3
f 7315/4/3 7303/4/3 7302/4/3
f 7315/1/3 7302/1/3 7314/1/3
f 7316/2/3 7304/2/3 7303/2/3
f 7316/4/3 7303/4/3 7315/4/3
f 7317/2/3 7304/2/3 7316/2/3
f 7318/4/3 7288/4/3 7287/4/3
f 7319/3/3 7308/3/3 7307/3/3
f 7320/3/3 7308/3/3 7319/3/3
f 7325/2/3 7279/2/3 7278/2/3
f 7326/2/3 7279/2/3 7325/2/3
f 7327/4/3 7310/4/3 7309/4/3
f 7328/4/3 7310/4/3 7327/4/3
f 7329/1/3 7294/1/3 7311/1/3
f 7337/3/3 7321/3/3 7320/3/3
f 7338/2/3 7322/2/3 7321/2/3
f 7338/3/3 7321/3/3 7337/3/3
f 7339/1/3 7323/1/3 7322/1/3
f 7339/2/3 7322/2/3 7338/2/3
f 7340/3/3 7324/3/3 7323/3/3
f 7340/1/3 7323/1/3 7339/1/3
f 7341/1/3 7325/1/3 7324/1/3
f 7341/3/3 7324/3/3 7340/3/3
f 7342/1/3 7325/1/3 7341/1/3
f 7343/3/3 7328/3/3 7327/3/3
f 7344/3/3 7328/3/3 7343/3/3
f 7345/1/3 7294/1/3 7329/1/3
f 7346/1/3 7294/1/3 7345/1/3
f 7348/1/3 7331/1/3 7330/1/3
f 7349/1/3 7331/1/3 7348/1/3
f 7350/4/3 7332/4/3 7331/4/3
f 7350/1/3 7331/1/3 7349/1/3
f 7351/2/3 7333/2/3 7332/2/3
f 7351/4/3 7332/4/3 7350/4/3
f 7352/1/3 7334/1/3 7333/1/3
f 7352/2/3 7333/2/3 7351/2/3
f 7353/4/3 7335/4/3 7334/4/3
f 7353/1/3 7334/1/3 7352/1/3
f 7354/2/3 7336/2/3 7335/2/3
f 7354/4/3 7335/4/3 7353/4/3
f 7355/2/3 7336/2/3 7354/2/3
f 7357/1/3 7290/1/3 7306/1/3
f 7364/4/3 7346/4/3 7345/4/3
f 7365/4/3 7346/4/3 7364/4/3
f 7366/4/3 7348/4/3 7347/4/3
f 7367/2/3 7356/2/3 7355/2/3
f 7368/2/3 7356/2/3 7367/2/3
f 7369/4/3 7318/4/3 7287/4/3
f 7370/4/3 7318/4/3 7369/4/3
f 7371/1/3 7290/1/3 7357/1/3
f 7372/1/3 7290/1/3 7371/1/3
f 7374/1/3 7359/1/3 7358/1/3
f 7375/4/3 7360/4/3 7359/4/3
f 7375/1/3 7359/1/3 7374/1/3
f 7376/2/3 7361/2/3 7360/2/3
f 7376/4/3 7360/4/3 7375/4/3
f 7377/1/3 7362/1/3 7361/1/3
f 7377/2/3 7361/2/3 7376/2/3
f 7378/2/3 7363/2/3 7362/2/3
f 7378/1/3 7362/1/3 7377/1/3
f 7379/2/3 7363/2/3 7378/2/3
f 7381/4/3 7344/4/3 7343/4/3
f 7382/4/3 7366/4/3 7347/4/3
f 7383/1/3 7368/1/3 7367/1/3
f 7384/4/3 7381/4/3 7343/4/3
f 7385/4/3 7381/4/3 7384/4/3
f 7386/4/3 7382/4/3 7347/4/3
f 7387/3/3 7370/3/3 7369/3/3
f 7388/3/3 7370/3/3 7387/3/3
f 7389/4/3 7372/4/3 7371/4/3
f 7390/4/3 7372/4/3 7389/4/3
f 7391/4/3 7374/4/3 7373/4/3
f 7392/2/3 7380/2/3 7379/2/3
f 7393/2/3 7380/2/3 7392/2/3
f 7394/3/3 7385/3/3 7384/3/3
f 7395/3/3 7385/3/3 7394/3/3
f 7399/2/3 7365/2/3 7364/2/3
f 7400/2/3 7365/2/3 7399/2/3
f 7401/4/3 7386/4/3 7347/4/3
f 7402/4/3 7386/4/3 7401/4/3
f 7408/1/3 7368/1/3 7383/1/3
f 7409/1/3 7368/1/3 7408/1/3
f 7410/4/3 7388/4/3 7387/4/3
f 7411/4/3 7388/4/3 7410/4/3
f 7418/1/3 7390/1/3 7389/1/3
f 7419/1/3 7390/1/3 7418/1/3
f 7420/4/3 7391/4/3 7373/4/3
f 7421/4/3 7391/4/3 7420/4/3
f 7427/1/3 7393/1/3 7392/1/3
f 7428/1/3 7393/1/3 7427/1/3
f 7429/4/3 7395/4/3 7394/4/3
f 7430/4/3 7395/4/3 7429/4/3
f 7434/1/3 7397/1/3 7396/1/3
f 7435/4/3 7398/4/3 7397/4/3
f 7435/1/3 7397/1/3 7434/1/3
f 7436/2/3 7399/2/3 7398/2/3
f 7436/4/3 7398/4/3 7435/4/3
f 7437/2/3 7399/2/3 7436/2/3
f 7438/1/3 7403/1/3 7402/1/3
f 7439/4/3 7404/4/3 7403/4/3
f 7439/1/3 7403/1/3 7438/1/3
f 7440/2/3 7405/2/3 7404/2/3
f 7440/4/3 7404/4/3 7439/4/3
f 7441/1/3 7406/1/3 7405/1/3
f 7441/2/3 7405/2/3 7440/2/3
f 7442/4/3 7407/4/3 7406/4/3
f 7442/1/3 7406/1/3 7441/1/3
f 7443/2/3 7408/2/3 7407/2/3
f 7443/4/3 7407/4/3 7442/4/3
f 7444/2/3 7408/2/3 7443/2/3
f 7445/2/3 7412/2/3 7411/2/3
f 7446/1/3 7413/1/3 7412/1/3
f 7446/2/3 7412/2/3 7445/2/3
f 7447/2/3 7414/2/3 7413/2/3
f 7447/1/3 7413/1/3 7446/1/3
f 7448/3/3 7415/3/3 7414/3/3
f 7448/2/3 7414/2/3 7447/2/3
f 7449/1/3 7417/1/3 7416/1/3
f 7449/3/3 7415/3/3 7448/3/3
f 7449/1/3 7416/1/3 7415/1/3
f 7450/2/3 7418/2/3 7417/2/3
f 7450/1/3 7417/1/3 7449/1/3
f 7451/2/3 7418/2/3 7450/2/3
f 7452/2/3 7422/2/3 7421/2/3
f 7453/1/3 7424/1/3 7423/1/3
f 7453/2/3 7422/2/3 7452/2/3
f 7453/1/3 7423/1/3 7422/1/3
f 7454/3/3 7425/3/3 7424/3/3
f 7454/1/3 7424/1/3 7453/1/3
f 7455/4/3 7426/4/3 7425/4/3
f 7455/3/3 7425/3/3 7454/3/3
f 7456/2/3 7427/2/3 7426/2/3
f 7456/4/3 7426/4/3 7455/4/3
f 7457/2/3 7427/2/3 7456/2/3
f 7458/4/3 7431/4/3 7430/4/3
f 7459/2/3 7432/2/3 7431/2/3
f 7459/4/3 7431/4/3 7458/4/3
f 7459/2/3 7433/2/3 7432/2/3
f 7460/2/3 7433/2/3 7459/2/3
f 7469/3/3 7466/3/3 7465/3/3
f 7470/3/3 7468/3/3 7467/3/3
f 7471/3/3 7468/3/3 7470/3/3
f 7472/3/3 7462/3/3 7461/3/3
f 7473/3/3 7462/3/3 7472/3/3
f 7476/3/3 7464/3/3 7463/3/3
f 7477/3/3 7464/3/3 7476/3/3
f 7478/3/3 7469/3/3 7465/3/3
f 7479/3/3 7471/3/3 7470/3/3
f 7481/3/3 7475/3/3 7474/3/3
f 7481/3/3 7477/3/3 7476/3/3
f 7481/3/3 7473/3/3 7472/3/3
f 7481/3/3 7476/3/3 7475/3/3
f 7481/3/3 7474/3/3 7473/3/3
f 7482/3/3 7477/3/3 7481/3/3
f 7483/3/3 7477/3/3 7482/3/3
f 7484/3/3 7477/3/3 7483/3/3
f 7485/3/3 7477/3/3 7484/3/3
f 7486/3/3 7477/3/3 7485/3/3
f 7487/3/3 7477/3/3 7486/3/3
f 7488/3/3 7477/3/3 7487/3/3
f 7489/3/3 7478/3/3 7465/3/3
f 7490/3/3 7471/3/3 7479/3/3
f 7494/3/3 7481/3/3 7480/3/3
f 7494/3/3 7482/3/3 7481/3/3
f 7495/3/3 7482/3/3 7494/3/3
f 7496/3/3 7482/3/3 7495/3/3
f 7497/3/3 7488/3/3 7487/3/3
f 7498/3/3 7488/3/3 7497/3/3
f 7499/3/3 7491/3/3 7490/3/3
f 7502/3/3 7493/3/3 7492/3/3
f 7502/3/3 7494/3/3 7493/3/3
f 7502/3/3 7495/3/3 7494/3/3
f 7503/3/3 7495/3/3 7502/3/3
f 7504/3/3 7490/3/3 7479/3/3
f 7504/3/3 7501/3/3 7500/3/3
f 7504/3/3 7500/3/3 7499/3/3
f 7504/3/3 7499/3/3 7490/3/3
f 7505/3/3 7501/3/3 7504/3/3
f 7506/3/3 7501/3/3 7505/3/3
f 7507/3/3 7501/3/3 7506/3/3
f 7508/3/3 7495/3/3 7503/3/3
f 7509/3/3 7495/3/3 7508/3/3
f 7510/3/3 7488/3/3 7498/3/3
f 7511/3/3 7488/3/3 7510/3/3
f 7514/3/3 7478/3/3 7489/3/3
f 7515/3/3 7509/3/3 7508/3/3
f 7516/3/3 7512/3/3 7511/3/3
f 7516/3/3 7511/3/3 7510/3/3
f 7517/3/3 7512/3/3 7516/3/3
f 7522/3/3 7514/3/3 7513/3/3
f 7523/3/3 7478/3/3 7514/3/3
f 7523/3/3 7514/3/3 7522/3/3
f 7524/3/3 7505/3/3 7504/3/3
f 7525/3/3 7515/3/3 7508/3/3
f 7526/3/3 7515/3/3 7525/3/3
f 7527/3/3 7523/3/3 7522/3/3
f 7527/3/3 7521/3/3 7520/3/3
f 7527/3/3 7522/3/3 7521/3/3
f 7527/3/3 7517/3/3 7516/3/3
f 7527/3/3 7518/3/3 7517/3/3
f 7527/3/3 7520/3/3 7519/3/3
f 7527/3/3 7519/3/3 7518/3/3
f 7528/3/3 7523/3/3 7527/3/3
f 7529/3/3 7523/3/3 7528/3/3
f 7530/3/3 7523/3/3 7529/3/3
f 7531/3/3 7523/3/3 7530/3/3
f 7532/3/3 7505/3/3 7524/3/3
f 7533/3/3 7526/3/3 7525/3/3
f 7534/3/3 7526/3/3 7533/3/3
f 7535/3/3 7527/3/3 7516/3/3
f 7536/3/3 7527/3/3 7535/3/3
f 7537/3/3 7523/3/3 7531/3/3
f 7538/3/3 7523/3/3 7537/3/3
f 7539/3/3 7532/3/3 7524/3/3
f 7540/3/3 7534/3/3 7533/3/3
f 7541/3/3 7534/3/3 7540/3/3
f 7542/3/3 7535/3/3 7516/3/3
f 7543/3/3 7535/3/3 7542/3/3
f 7544/3/3 7523/3/3 7538/3/3
f 7547/3/3 7539/3/3 7524/3/3
f 7548/3/3 7539/3/3 7547/3/3
f 7549/3/3 7541/3/3 7540/3/3
f 7550/3/3 7543/3/3 7542/3/3
f 7551/3/3 7545/3/3 7544/3/3
f 7551/3/3 7544/3/3 7538/3/3
f 7552/3/3 7545/3/3 7551/3/3
f 7557/3/3 7547/3/3 7546/3/3
f 7557/3/3 7548/3/3 7547/3/3
f 7558/3/3 7548/3/3 7557/3/3
f 7561/3/3 7541/3/3 7549/3/3
f 7562/3/3 7541/3/3 7561/3/3
f 7563/3/3 7543/3/3 7550/3/3
f 7564/3/3 7556/3/3 7555/3/3
f 7564/3/3 7555/3/3 7554/3/3
f 7564/3/3 7552/3/3 7551/3/3
f 7564/3/3 7553/3/3 7552/3/3
f 7564/3/3 7554/3/3 7553/3/3
f 7564/3/3 7558/3/3 7557/3/3
f 7564/3/3 7557/3/3 7556/3/3
f 7565/3/3 7558/3/3 7564/3/3
f 7566/3/3 7558/3/3 7565/3/3
f 7567/3/3 7558/3/3 7566/3/3
f 7568/3/3 7558/3/3 7567/3/3
f 7571/3/3 7562/3/3 7561/3/3
f 7571/3/3 7560/3/3 7559/3/3
f 7571/3/3 7561/3/3 7560/3/3
f 7572/3/3 7562/3/3 7571/3/3
f 7573/3/3 7565/3/3 7564/3/3
f 7574/3/3 7565/3/3 7573/3/3
f 7575/3/3 7568/3/3 7567/3/3
f 7575/3/3 7570/3/3 7569/3/3
f 7575/3/3 7569/3/3 7568/3/3
f 7576/3/3 7570/3/3 7575/3/3
f 7577/3/3 7562/3/3 7572/3/3
f 7578/3/3 7562/3/3 7577/3/3
f 7579/3/3 7562/3/3 7578/3/3
f 7580/3/3 7563/3/3 7550/3/3
f 7581/3/3 7563/3/3 7580/3/3
f 7582/3/3 7574/3/3 7573/3/3
f 7583/3/3 7574/3/3 7582/3/3
f 7584/3/3 7575/3/3 7567/3/3
f 7585/3/3 7575/3/3 7584/3/3
f 7586/3/3 7575/3/3 7585/3/3
f 7587/3/3 7579/3/3 7578/3/3
f 7588/3/3 7579/3/3 7587/3/3
f 7589/3/3 7581/3/3 7580/3/3
f 7590/3/3 7581/3/3 7589/3/3
f 7591/3/3 7588/3/3 7587/3/3
f 7592/3/3 7588/3/3 7591/3/3
f 7595/3/3 7590/3/3 7589/3/3
f 7596/3/3 7590/3/3 7595/3/3
f 7597/3/3 7585/3/3 7584/3/3
f 7598/3/3 7593/3/3 7592/3/3
f 7598/3/3 7592/3/3 7591/3/3
f 7599/3/3 7593/3/3 7598/3/3
f 7605/3/3 7596/3/3 7595/3/3
f 7605/3/3 7595/3/3 7594/3/3
f 7606/3/3 7583/3/3 7582/3/3
f 7607/3/3 7585/3/3 7597/3/3
f 7608/3/3 7585/3/3 7607/3/3
f 7609/3/3 7604/3/3 7603/3/3
f 7609/3/3 7605/3/3 7604/3/3
f 7609/3/3 7603/3/3 7602/3/3
f 7609/3/3 7599/3/3 7598/3/3
f 7609/3/3 7600/3/3 7599/3/3
f 7609/3/3 7601/3/3 7600/3/3
f 7609/3/3 7602/3/3 7601/3/3
f 7610/3/3 7605/3/3 7609/3/3
f 7611/3/3 7605/3/3 7610/3/3
f 7612/3/3 7596/3/3 7605/3/3
f 7612/3/3 7605/3/3 7611/3/3
f 7613/3/3 7583/3/3 7606/3/3
f 7614/3/3 7583/3/3 7613/3/3
f 7615/3/3 7608/3/3 7607/3/3
f 7616/3/3 7609/3/3 7598/3/3
f 7617/3/3 7609/3/3 7616/3/3
f 7618/3/3 7609/3/3 7617/3/3
f 7619/3/3 7596/3/3 7612/3/3
f 7620/3/3 7596/3/3 7619/3/3
f 7621/3/3 7596/3/3 7620/3/3
f 7622/3/3 7608/3/3 7615/3/3
f 7623/3/3 7617/3/3 7616/3/3
f 7624/3/3 7617/3/3 7623/3/3
f 7625/3/3 7614/3/3 7613/3/3
f 7628/3/3 7622/3/3 7615/3/3
f 7629/3/3 7624/3/3 7623/3/3
f 7630/3/3 7621/3/3 7620/3/3
f 7631/3/3 7621/3/3 7630/3/3
f 7632/3/3 7628/3/3 7627/3/3
f 7632/3/3 7627/3/3 7626/3/3
f 7632/3/3 7625/3/3 7613/3/3
f 7632/3/3 7626/3/3 7625/3/3
f 7633/3/3 7628/3/3 7632/3/3
f 7634/3/3 7628/3/3 7633/3/3
f 7635/3/3 7628/3/3 7634/3/3
f 7636/3/3 7628/3/3 7635/3/3
f 7637/3/3 7628/3/3 7636/3/3
f 7638/3/3 7622/3/3 7628/3/3
f 7638/3/3 7628/3/3 7637/3/3
f 7639/3/3 7624/3/3 7629/3/3
f 7640/3/3 7624/3/3 7639/3/3
f 7641/3/3 7633/3/3 7632/3/3
f 7642/3/3 7633/3/3 7641/3/3
f 7643/3/3 7633/3/3 7642/3/3
f 7644/3/3 7638/3/3 7637/3/3
f 7645/3/3 7638/3/3 7644/3/3
f 7646/3/3 7638/3/3 7645/3/3
f 7647/3/3 7640/3/3 7639/3/3
f 7648/3/3 7631/3/3 7630/3/3
f 7649/3/3 7642/3/3 7641/3/3
f 7650/3/3 7642/3/3 7649/3/3
f 7651/3/3 7646/3/3 7645/3/3
f 7652/3/3 7646/3/3 7651/3/3
f 7653/3/3 7647/3/3 7639/3/3
f 7654/3/3 7631/3/3 7648/3/3
f 7655/3/3 7650/3/3 7649/3/3
f 7656/3/3 7652/3/3 7651/3/3
f 7657/3/3 7652/3/3 7656/3/3
f 7658/3/3 7647/3/3 7653/3/3
f 7659/3/3 7654/3/3 7648/3/3
f 7660/3/3 7657/3/3 7656/3/3
f 7662/3/3 7658/3/3 7653/3/3
f 7663/3/3 7658/3/3 7662/3/3
f 7664/3/3 7659/3/3 7648/3/3
f 7665/3/3 7655/3/3 7649/3/3
f 7666/3/3 7655/3/3 7665/3/3
f 7667/3/3 7657/3/3 7660/3/3
f 7668/3/3 7657/3/3 7667/3/3
f 7672/3/3 7662/3/3 7661/3/3
f 7672/3/3 7663/3/3 7662/3/3
f 7673/3/3 7659/3/3 7664/3/3
f 7674/3/3 7659/3/3 7673/3/3
f 7677/3/3 7666/3/3 7665/3/3
f 7678/3/3 7666/3/3 7677/3/3
f 7679/3/3 7668/3/3 7667/3/3
f 7679/3/3 7669/3/3 7668/3/3
f 7682/3/3 7671/3/3 7670/3/3
f 7682/3/3 7672/3/3 7671/3/3
f 7683/3/3 7663/3/3 7672/3/3
f 7683/3/3 7672/3/3 7682/3/3
f 7684/3/3 7663/3/3 7683/3/3
f 7685/3/3 7675/3/3 7674/3/3
f 7685/3/3 7674/3/3 7673/3/3
f 7691/3/3 7678/3/3 7677/3/3
f 7691/3/3 7677/3/3 7676/3/3
f 7692/3/3 7679/3/3 7667/3/3
f 7692/3/3 7681/3/3 7680/3/3
f 7692/3/3 7680/3/3 7679/3/3
f 7693/3/3 7681/3/3 7692/3/3
f 7694/3/3 7681/3/3 7693/3/3
f 7695/3/3 7684/3/3 7683/3/3
f 7696/3/3 7684/3/3 7695/3/3
f 7697/3/3 7684/3/3 7696/3/3
f 7698/3/3 7690/3/3 7689/3/3
f 7698/3/3 7691/3/3 7690/3/3
f 7698/3/3 7689/3/3 7688/3/3
f 7698/3/3 7685/3/3 7673/3/3
f 7698/3/3 7686/3/3 7685/3/3
f 7698/3/3 7688/3/3 7687/3/3
f 7698/3/3 7687/3/3 7686/3/3
f 7699/3/3 7691/3/3 7698/3/3
f 7700/3/3 7691/3/3 7699/3/3
f 7701/3/3 7691/3/3 7700/3/3
f 7702/3/3 7691/3/3 7701/3/3
f 7703/3/3 7691/3/3 7702/3/3
f 7704/3/3 7691/3/3 7703/3/3
f 7705/3/3 7678/3/3 7691/3/3
f 7705/3/3 7691/3/3 7704/3/3
f 7706/3/3 7678/3/3 7705/3/3
f 7707/3/3 7693/3/3 7692/3/3
f 7708/3/3 7693/3/3 7707/3/3
f 7709/3/3 7693/3/3 7708/3/3
f 7710/3/3 7697/3/3 7696/3/3
f 7711/3/3 7699/3/3 7698/3/3
f 7712/3/3 7699/3/3 7711/3/3
f 7713/3/3 7706/3/3 7705/3/3
f 7714/3/3 7706/3/3 7713/3/3
f 7715/3/3 7708/3/3 7707/3/3
f 7716/3/3 7710/3/3 7696/3/3
f 7717/3/3 7706/3/3 7714/3/3
f 7718/3/3 7715/3/3 7707/3/3
f 7719/3/3 7710/3/3 7716/3/3
f 7720/3/3 7710/3/3 7719/3/3
f 7721/3/3 7711/3/3 7698/3/3
f 7722/3/3 7711/3/3 7721/3/3
f 7723/3/3 7715/3/3 7718/3/3
f 7724/3/3 7715/3/3 7723/3/3
f 7725/3/3 7720/3/3 7719/3/3
f 7726/3/3 7720/3/3 7725/3/3
f 7727/3/3 7722/3/3 7721/3/3
f 7728/3/3 7717/3/3 7714/3/3
f 7729/3/3 7717/3/3 7728/3/3
f 7730/3/3 7726/3/3 7725/3/3
f 7731/3/3 7726/3/3 7730/3/3
f 7734/3/3 7727/3/3 7721/3/3
f 7735/3/3 7729/3/3 7728/3/3
f 7736/3/3 7724/3/3 7723/3/3
f 7737/3/3 7732/3/3 7731/3/3
f 7737/3/3 7731/3/3 7730/3/3
f 7742/3/3 7734/3/3 7733/3/3
f 7743/3/3 7735/3/3 7728/3/3
f 7746/3/3 7736/3/3 7723/3/3
f 7747/3/3 7736/3/3 7746/3/3
f 7748/3/3 7742/3/3 7741/3/3
f 7748/3/3 7741/3/3 7740/3/3
f 7748/3/3 7737/3/3 7730/3/3
f 7748/3/3 7738/3/3 7737/3/3
f 7748/3/3 7739/3/3 7738/3/3
f 7748/3/3 7740/3/3 7739/3/3
f 7749/3/3 7742/3/3 7748/3/3
f 7750/3/3 7742/3/3 7749/3/3
f 7751/3/3 7742/3/3 7750/3/3
f 7752/3/3 7742/3/3 7751/3/3
f 7753/3/3 7742/3/3 7752/3/3
f 7754/3/3 7734/3/3 7742/3/3
f 7754/3/3 7742/3/3 7753/3/3
f 7755/3/3 7744/3/3 7743/3/3
f 7760/3/3 7747/3/3 7746/3/3
f 7760/3/3 7746/3/3 7745/3/3
f 7761/3/3 7747/3/3 7760/3/3
f 7762/3/3 7748/3/3 7730/3/3
f 7763/3/3 7748/3/3 7762/3/3
f 7764/3/3 7748/3/3 7763/3/3
f 7765/3/3 7734/3/3 7754/3/3
f 7766/3/3 7727/3/3 7734/3/3
f 7766/3/3 7734/3/3 7765/3/3
f 7767/3/3 7759/3/3 7758/3/3
f 7767/3/3 7758/3/3 7757/3/3
f 7767/3/3 7761/3/3 7760/3/3
f 7767/3/3 7760/3/3 7759/3/3
f 7767/3/3 7757/3/3 7756/3/3
f 7767/3/3 7755/3/3 7743/3/3
f 7767/3/3 7756/3/3 7755/3/3
f 7768/3/3 7761/3/3 7767/3/3
f 7769/3/3 7761/3/3 7768/3/3
f 7770/3/3 7761/3/3 7769/3/3
f 7771/3/3 7761/3/3 7770/3/3
f 7772/3/3 7761/3/3 7771/3/3
f 7773/3/3 7763/3/3 7762/3/3
f 7774/3/3 7727/3/3 7766/3/3
f 7775/3/3 7727/3/3 7774/3/3
f 7776/3/3 7767/3/3 7743/3/3
f 7776/3/3 7743/3/3 7728/3/3
f 7777/3/3 7767/3/3 7776/3/3
f 7778/3/3 7767/3/3 7777/3/3
f 7779/3/3 7761/3/3 7772/3/3
f 7780/3/3 7761/3/3 7779/3/3
f 7781/3/3 7761/3/3 7780/3/3
f 7782/3/3 7763/3/3 7773/3/3
f 7783/3/3 7763/3/3 7782/3/3
f 7784/3/3 7775/3/3 7774/3/3
f 7785/3/3 7775/3/3 7784/3/3
f 7786/3/3 7777/3/3 7776/3/3
f 7787/3/3 7777/3/3 7786/3/3
f 7788/3/3 7781/3/3 7780/3/3
f 7789/3/3 7781/3/3 7788/3/3
f 7796/3/3 7791/3/3 7790/3/3
f 7797/1/3 7792/1/3 7791/1/3
f 7797/3/3 7791/3/3 7796/3/3
f 7798/4/3 7793/4/3 7792/4/3
f 7798/1/3 7792/1/3 7797/1/3
f 7799/2/3 7794/2/3 7793/2/3
f 7799/4/3 7793/4/3 7798/4/3
f 7800/1/3 7795/1/3 7794/1/3
f 7800/2/3 7794/2/3 7799/2/3
f 7801/1/3 7795/1/3 7800/1/3
f 7808/3/3 7803/3/3 7802/3/3
f 7809/1/3 7804/1/3 7803/1/3
f 7809/3/3 7803/3/3 7808/3/3
f 7810/4/3 7805/4/3 7804/4/3
f 7810/1/3 7804/1/3 7809/1/3
f 7811/2/3 7806/2/3 7805/2/3
f 7811/4/3 7805/4/3 7810/4/3
f 7812/1/3 7807/1/3 7806/1/3
f 7812/2/3 7806/2/3 7811/2/3
f 7813/1/3 7807/1/3 7812/1/3
f 7822/4/3 7815/4/3 7814/4/3
f 7823/2/3 7816/2/3 7815/2/3
f 7823/4/3 7815/4/3 7822/4/3
f 7824/3/3 7817/3/3 7816/3/3
f 7824/2/3 7816/2/3 7823/2/3
f 7825/4/3 7818/4/3 7817/4/3
f 7825/3/3 7817/3/3 7824/3/3
f 7826/2/3 7819/2/3 7818/2/3
f 7826/4/3 7818/4/3 7825/4/3
f 7827/2/3 7819/2/3 7826/2/3
f 7828/1/3 7820/1/3 7819/1/3
f 7828/2/3 7819/2/3 7827/2/3
f 7829/1/3 7820/1/3 7828/1/3
f 7831/3/3 7822/3/3 7821/3/3
f 7832/3/3 7822/3/3 7831/3/3
f 7833/4/3 7830/4/3 7829/4/3
f 7834/4/3 7830/4/3 7833/4/3
f 7839/3/3 7836/3/3 7835/3/3
f 7840/3/3 7836/3/3 7839/3/3
f 7847/4/3 7838/4/3 7837/4/3
f 7848/4/3 7838/4/3 7847/4/3
f 7849/4/3 7841/4/3 7840/4/3
f 7850/2/3 7842/2/3 7841/2/3
f 7850/4/3 7841/4/3 7849/4/3
f 7851/3/3 7843/3/3 7842/3/3
f 7851/2/3 7842/2/3 7850/2/3
f 7852/4/3 7844/4/3 7843/4/3
f 7852/3/3 7843/3/3 7851/3/3
f 7853/2/3 7846/2/3 7845/2/3
f 7853/4/3 7844/4/3 7852/4/3
f 7853/2/3 7845/2/3 7844/2/3
f 7854/1/3 7847/1/3 7846/1/3
f 7854/2/3 7846/2/3 7853/2/3
f 7855/1/3 7847/1/3 7854/1/3
f 7865/2/3 7857/2/3 7856/2/3
f 7865/1/3 7858/1/3 7857/1/3
f 7866/2/3 7859/2/3 7858/2/3
f 7866/1/3 7858/1/3 7865/1/3
f 7867/2/3 7859/2/3 7866/2/3
f 7870/2/3 7861/2/3 7860/2/3
f 7871/1/3 7862/1/3 7861/1/3
f 7871/2/3 7861/2/3 7870/2/3
f 7872/4/3 7863/4/3 7862/4/3
f 7872/1/3 7862/1/3 7871/1/3
f 7873/2/3 7864/2/3 7863/2/3
f 7873/4/3 7863/4/3 7872/4/3
f 7874/2/3 7865/2/3 7856/2/3
f 7874/2/3 7868/2/3 7867/2/3
f 7874/2/3 7866/2/3 7865/2/3
f 7874/2/3 7867/2/3 7866/2/3
f 7875/2/3 7868/2/3 7874/2/3
f 7876/2/3 7868/2/3 7875/2/3
f 7877/4/3 7870/4/3 7869/4/3
f 7878/2/3 7872/2/3 7871/2/3
f 7878/4/3 7870/4/3 7877/4/3
f 7878/2/3 7871/2/3 7870/2/3
f 7878/2/3 7873/2/3 7872/2/3
f 7879/2/3 7873/2/3 7878/2/3
f 7880/2/3 7873/2/3 7879/2/3
f 7880/2/3 7864/2/3 7873/2/3
f 7881/2/3 7864/2/3 7880/2/3
f 7882/2/3 7880/2/3 7879/2/3
f 7882/1/3 7881/1/3 7880/1/3
f 7883/1/3 7881/1/3 7882/1/3
f 7884/2/3 7882/2/3 7879/2/3
f 7884/4/3 7883/4/3 7882/4/3
f 7885/4/3 7883/4/3 7884/4/3
f 7886/2/3 7884/2/3 7879/2/3
f 7886/2/3 7885/2/3 7884/2/3
f 7887/2/3 7885/2/3 7886/2/3
f 7888/2/3 7886/2/3 7879/2/3
f 7888/4/3 7887/4/3 7886/4/3
f 7889/4/3 7887/4/3 7888/4/3
f 7890/2/3 7888/2/3 7879/2/3
f 7890/2/3 7889/2/3 7888/2/3
f 7891/2/3 7889/2/3 7890/2/3
f 7892/2/3 7890/2/3 7879/2/3
f 7892/1/3 7891/1/3 7890/1/3
f 7893/1/3 7891/1/3 7892/1/3
f 7894/2/3 7892/2/3 7879/2/3
f 7895/2/3 7892/2/3 7894/2/3
f 7898/2/3 7897/2/3 7896/2/3
f 7900/2/3 7898/2/3 7896/2/3
f 7900/2/3 7899/2/3 7898/2/3
f 7901/2/3 7899/2/3 7900/2/3
f 7902/2/3 7900/2/3 7896/2/3
f 7902/1/3 7901/1/3 7900/1/3
f 7903/1/3 7901/1/3 7902/1/3
f 7904/2/3 7902/2/3 7896/2/3
f 7904/4/3 7903/4/3 7902/4/3
f 7905/4/3 7903/4/3 7904/4/3
f 7906/2/3 7904/2/3 7896/2/3
f 7906/2/3 7905/2/3 7904/2/3
f 7907/2/3 7905/2/3 7906/2/3
f 7908/2/3 7906/2/3 7896/2/3
f 7908/1/3 7907/1/3 7906/1/3
f 7909/1/3 7907/1/3 7908/1/3
f 7910/2/3 7908/2/3 7896/2/3
f 7910/4/3 7909/4/3 7908/4/3
f 7911/4/3 7909/4/3 7910/4/3
f 7912/2/3 7910/2/3 7896/2/3
f 7912/2/3 7911/2/3 7910/2/3
f 7913/2/3 7911/2/3 7912/2/3
f 7914/2/3 7912/2/3 7896/2/3
f 7914/1/3 7913/1/3 7912/1/3
f 7915/1/3 7913/1/3 7914/1/3
f 7916/2/3 7914/2/3 7896/2/3
f 7917/2/3 7914/2/3 7916/2/3
f 7920/2/3 7919/2/3 7918/2/3
f 7922/2/3 7920/2/3 7918/2/3
f 7922/2/3 7921/2/3 7920/2/3
f 7923/2/3 7921/2/3 7922/2/3
f 7924/2/3 7922/2/3 7918/2/3
f 7924/1/3 7923/1/3 7922/1/3
f 7925/1/3 7923/1/3 7924/1/3
f 7926/2/3 7924/2/3 7918/2/3
f 7926/2/3 7925/2/3 7924/2/3
f 7927/2/3 7925/2/3 7926/2/3
f 7928/2/3 7926/2/3 7918/2/3
f 7928/1/3 7927/1/3 7926/1/3
f 7929/1/3 7927/1/3 7928/1/3
f 7930/2/3 7928/2/3 7918/2/3
f 7930/2/3 7929/2/3 7928/2/3
f 7931/2/3 7929/2/3 7930/2/3
f 7932/2/3 7930/2/3 7918/2/3
f 7932/4/3 7931/4/3 7930/4/3
f 7933/4/3 7931/4/3 7932/4/3
f 7939/2/3 7932/2/3 7918/2/3
f 7940/1/3 7933/1/3 7932/1/3
f 7940/2/3 7932/2/3 7939/2/3
f 7941/1/3 7933/1/3 7940/1/3
f 7942/2/3 7935/2/3 7934/2/3
f 7942/2/3 7936/2/3 7935/2/3
f 7943/2/3 7936/2/3 7942/2/3
f 7944/2/3 7936/2/3 7943/2/3
f 7945/2/3 7936/2/3 7944/2/3
f 7946/4/3 7938/4/3 7937/4/3
f 7947/2/3 7939/2/3 7938/2/3
f 7947/4/3 7938/4/3 7946/4/3
f 7947/2/3 7941/2/3 7940/2/3
f 7947/2/3 7940/2/3 7939/2/3
f 7948/2/3 7941/2/3 7947/2/3
f 7949/2/3 7941/2/3 7948/2/3
f 7950/2/3 7941/2/3 7949/2/3
f 7951/2/3 7942/2/3 7934/2/3
f 7952/1/3 7943/1/3 7942/1/3
f 7952/2/3 7942/2/3 7951/2/3
f 7953/2/3 7944/2/3 7943/2/3
f 7953/1/3 7943/1/3 7952/1/3
f 7954/2/3 7944/2/3 7953/2/3
f 7955/2/3 7948/2/3 7947/2/3
f 7956/1/3 7949/1/3 7948/1/3
f 7956/2/3 7948/2/3 7955/2/3
f 7957/4/3 7950/4/3 7949/4/3
f 7957/1/3 7949/1/3 7956/1/3
f 7958/2/3 7941/2/3 7950/2/3
f 7958/4/3 7950/4/3 7957/4/3
f 7959/2/3 7941/2/3 7958/2/3
f 7965/4/3 7961/4/3 7960/4/3
f 7966/2/3 7962/2/3 7961/2/3
f 7966/4/3 7961/4/3 7965/4/3
f 7967/3/3 7963/3/3 7962/3/3
f 7967/2/3 7962/2/3 7966/2/3
f 7968/4/3 7964/4/3 7963/4/3
f 7968/3/3 7963/3/3 7967/3/3
f 7969/4/3 7964/4/3 7968/4/3
f 7975/4/3 7971/4/3 7970/4/3
f 7976/2/3 7972/2/3 7971/2/3
f 7976/4/3 7971/4/3 7975/4/3
f 7977/3/3 7973/3/3 7972/3/3
f 7977/2/3 7972/2/3 7976/2/3
f 7978/4/3 7974/4/3 7973/4/3
f 7978/3/3 7973/3/3 7977/3/3
f 7979/4/3 7974/4/3 7978/4/3
f 7988/4/3 7981/4/3 7980/4/3
f 7989/2/3 7982/2/3 7981/2/3
f 7989/4/3 7981/4/3 7988/4/3
f 7990/2/3 7982/2/3 7989/2/3
f 7991/3/3 7983/3/3 7982/3/3
f 7991/2/3 7982/2/3 7990/2/3
f 7992/1/3 7984/1/3 7983/1/3
f 7992/3/3 7983/3/3 7991/3/3
f 7993/1/3 7984/1/3 7992/1/3
f 7994/4/3 7985/4/3 7984/4/3
f 7994/1/3 7984/1/3 7993/1/3
f 7995/2/3 7986/2/3 7985/2/3
f 7995/4/3 7985/4/3 7994/4/3
f 7996/2/3 7986/2/3 7995/2/3
f 7998/1/3 7988/1/3 7987/1/3
f 7999/1/3 7988/1/3 7998/1/3
f 8000/2/3 7997/2/3 7996/2/3
f 8001/2/3 7997/2/3 8000/2/3
f 8006/1/3 8003/1/3 8002/1/3
f 8007/1/3 8003/1/3 8006/1/3
f 8015/2/3 8005/2/3 8004/2/3
f 8016/2/3 8005/2/3 8015/2/3
f 8017/4/3 8008/4/3 8007/4/3
f 8018/2/3 8009/2/3 8008/2/3
f 8018/4/3 8008/4/3 8017/4/3
f 8018/2/3 8010/2/3 8009/2/3
f 8019/3/3 8011/3/3 8010/3/3
f 8019/2/3 8010/2/3 8018/2/3
f 8020/1/3 8012/1/3 8011/1/3
f 8020/3/3 8011/3/3 8019/3/3
f 8020/1/3 8013/1/3 8012/1/3
f 8021/4/3 8014/4/3 8013/4/3
f 8021/1/3 8013/1/3 8020/1/3
f 8022/2/3 8015/2/3 8014/2/3
f 8022/4/3 8014/4/3 8021/4/3
f 8023/2/3 8015/2/3 8022/2/3
f 8031/2/3 8025/2/3 8024/2/3
f 8032/4/3 8026/4/3 8025/4/3
f 8032/2/3 8025/2/3 8031/2/3
f 8033/2/3 8027/2/3 8026/2/3
f 8033/4/3 8026/4/3 8032/4/3
f 8034/1/3 8028/1/3 8027/1/3
f 8034/2/3 8027/2/3 8033/2/3
f 8035/2/3 8029/2/3 8028/2/3
f 8035/1/3 8028/1/3 8034/1/3
f 8036/2/3 8029/2/3 8035/2/3
f 8038/4/3 8031/4/3 8030/4/3
f 8039/2/3 8034/2/3 8033/2/3
f 8039/4/3 8031/4/3 8038/4/3
f 8039/2/3 8037/2/3 8036/2/3
f 8039/2/3 8036/2/3 8035/2/3
f 8039/2/3 8035/2/3 8034/2/3
f 8039/2/3 8032/2/3 8031/2/3
f 8039/2/3 8033/2/3 8032/2/3
f 8040/2/3 8037/2/3 8039/2/3
f 8044/4/3 8042/4/3 8041/4/3
f 8045/2/3 8043/2/3 8042/2/3
f 8045/4/3 8042/4/3 8044/4/3
f 8046/2/3 8043/2/3 8045/2/3
f 8047/2/3 8043/2/3 8046/2/3
f 8048/2/3 8043/2/3 8047/2/3
f 8049/2/3 8043/2/3 8048/2/3
f 8050/2/3 8043/2/3 8049/2/3
f 8051/2/3 8043/2/3 8050/2/3
f 8052/2/3 8046/2/3 8045/2/3
f 8053/4/3 8047/4/3 8046/4/3
f 8053/2/3 8046/2/3 8052/2/3
f 8054/2/3 8048/2/3 8047/2/3
f 8054/4/3 8047/4/3 8053/4/3
f 8055/1/3 8049/1/3 8048/1/3
f 8055/2/3 8048/2/3 8054/2/3
f 8056/2/3 8050/2/3 8049/2/3
f 8056/1/3 8049/1/3 8055/1/3
f 8057/2/3 8050/2/3 8056/2/3
f 8063/3/3 8059/3/3 8058/3/3
f 8064/2/3 8060/2/3 8059/2/3
f 8064/3/3 8059/3/3 8063/3/3
f 8065/2/3 8060/2/3 8064/2/3
f 8066/4/3 8062/4/3 8061/4/3
f 8067/4/3 8062/4/3 8066/4/3
f 8068/4/3 8062/4/3 8067/4/3
f 8069/2/3 8068/2/3 8067/2/3
f 8070/2/3 8068/2/3 8069/2/3
f 8071/1/3 8070/1/3 8069/1/3
f 8072/1/3 8070/1/3 8071/1/3
f 8073/2/3 8072/2/3 8071/2/3
f 8074/2/3 8072/2/3 8073/2/3
f 8075/4/3 8074/4/3 8073/4/3
f 8076/4/3 8074/4/3 8075/4/3
f 8077/1/3 8076/1/3 8075/1/3
f 8078/1/3 8076/1/3 8077/1/3
f 8079/2/3 8078/2/3 8077/2/3
f 8080/2/3 8078/2/3 8079/2/3
f 8081/4/3 8080/4/3 8079/4/3
f 8082/4/3 8080/4/3 8081/4/3
f 8083/1/3 8082/1/3 8081/1/3
f 8084/1/3 8082/1/3 8083/1/3
f 8087/2/3 8086/2/3 8085/2/3
f 8088/2/3 8086/2/3 8087/2/3
f 8089/1/3 8088/1/3 8087/1/3
f 8090/1/3 8088/1/3 8089/1/3
f 8091/2/3 8090/2/3 8089/2/3
f 8092/2/3 8090/2/3 8091/2/3
f 8093/4/3 8092/4/3 8091/4/3
f 8094/4/3 8092/4/3 8093/4/3
f 8095/2/3 8094/2/3 8093/2/3
f 8096/2/3 8094/2/3 8095/2/3
f 8097/4/3 8096/4/3 8095/4/3
f 8098/4/3 8096/4/3 8097/4/3
f 8101/4/3 8100/4/3 8099/4/3
f 8102/4/3 8100/4/3 8101/4/3
f 8103/2/3 8102/2/3 8101/2/3
f 8104/2/3 8102/2/3 8103/2/3
f 8105/1/3 8104/1/3 8103/1/3
f 8106/1/3 8104/1/3 8105/1/3
f 8107/2/3 8106/2/3 8105/2/3
f 8108/2/3 8106/2/3 8107/2/3
f 8109/1/3 8108/1/3 8107/1/3
f 8110/1/3 8108/1/3 8109/1/3
f 8115/2/3 8110/2/3 8109/2/3
f 8116/2/3 8110/2/3 8115/2/3
f 8117/3/3 8112/3/3 8111/3/3
f 8118/2/3 8113/2/3 8112/2/3
f 8118/3/3 8112/3/3 8117/3/3
f 8119/2/3 8113/2/3 8118/2/3
f 8120/4/3 8115/4/3 8114/4/3
f 8120/4/3 8116/4/3 8115/4/3
f 8121/4/3 8116/4/3 8120/4/3
f 8129/4/3 8123/4/3 8122/4/3
f 8130/1/3 8124/1/3 8123/1/3
f 8130/4/3 8123/4/3 8129/4/3
f 8131/4/3 8125/4/3 8124/4/3
f 8131/1/3 8124/1/3 8130/1/3
f 8132/4/3 8125/4/3 8131/4/3
f 8135/4/3 8127/4/3 8126/4/3
f 8136/2/3 8128/2/3 8127/2/3
f 8136/4/3 8127/4/3 8135/4/3
f 8137/2/3 8128/2/3 8136/2/3
f 8138/2/3 8128/2/3 8137/2/3
f 8139/1/3 8133/1/3 8132/1/3
f 8140/1/3 8133/1/3 8139/1/3
f 8141/4/3 8135/4/3 8134/4/3
f 8142/4/3 8135/4/3 8141/4/3
f 8143/4/3 8138/4/3 8137/4/3
f 8144/4/3 8138/4/3 8143/4/3
f 8145/1/3 8144/1/3 8143/1/3
f 8146/1/3 8144/1/3 8145/1/3
f 8147/2/3 8146/2/3 8145/2/3
f 8148/2/3 8146/2/3 8147/2/3
f 8149/4/3 8148/4/3 8147/4/3
f 8150/4/3 8148/4/3 8149/4/3
f 8151/1/3 8150/1/3 8149/1/3
f 8152/1/3 8150/1/3 8151/1/3
f 8153/2/3 8152/2/3 8151/2/3
f 8154/2/3 8152/2/3 8153/2/3
f 8155/1/3 8154/1/3 8153/1/3
f 8156/1/3 8154/1/3 8155/1/3
f 8157/1/3 8154/1/3 8156/1/3
f 8158/1/3 8154/1/3 8157/1/3
f 8160/2/3 8158/2/3 8157/2/3
f 8161/2/3 8158/2/3 8160/2/3
f 8162/2/3 8160/2/3 8159/2/3
f 8163/2/3 8160/2/3 8162/2/3
f 8166/4/3 8165/4/3 8164/4/3
f 8167/4/3 8165/4/3 8166/4/3
f 8169/1/3 8168/1/3 8167/1/3
f 8170/1/3 8168/1/3 8169/1/3
f 8171/2/3 8170/2/3 8169/2/3
f 8172/2/3 8170/2/3 8171/2/3
f 8173/1/3 8172/1/3 8171/1/3
f 8174/1/3 8172/1/3 8173/1/3
f 8175/2/3 8174/2/3 8173/2/3
f 8176/2/3 8174/2/3 8175/2/3
f 8177/1/3 8176/1/3 8175/1/3
f 8179/1/3 8176/1/3 8177/1/3
f 8180/1/3 8176/1/3 8179/1/3
f 8181/2/3 8179/2/3 8178/2/3
f 8182/2/3 8179/2/3 8181/2/3
f 8185/2/3 8184/2/3 8183/2/3
f 8186/2/3 8184/2/3 8185/2/3
f 8187/1/3 8186/1/3 8185/1/3
f 8188/1/3 8186/1/3 8187/1/3
f 8189/1/3 8186/1/3 8188/1/3
f 8190/1/3 8186/1/3 8189/1/3
f 8195/1/3 8186/1/3 8190/1/3
f 8199/1/3 8192/1/3 8191/1/3
f 8200/1/3 8192/1/3 8199/1/3
f 8201/4/3 8194/4/3 8193/4/3
f 8202/4/3 8194/4/3 8201/4/3
f 8204/1/3 8186/1/3 8195/1/3
f 8205/1/3 8186/1/3 8204/1/3
f 8206/4/3 8197/4/3 8196/4/3
f 8207/1/3 8198/1/3 8197/1/3
f 8207/4/3 8197/4/3 8206/4/3
f 8208/4/3 8199/4/3 8198/4/3
f 8208/1/3 8198/1/3 8207/1/3
f 8209/4/3 8199/4/3 8208/4/3
f 8210/4/3 8203/4/3 8202/4/3
f 8211/2/3 8205/2/3 8204/2/3
f 8211/4/3 8203/4/3 8210/4/3
f 8211/2/3 8204/2/3 8203/2/3
f 8212/2/3 8205/2/3 8211/2/3
f 8217/4/3 8214/4/3 8213/4/3
f 8218/3/3 8215/3/3 8214/3/3
f 8218/4/3 8214/4/3 8217/4/3
f 8219/2/3 8216/2/3 8215/2/3
f 8219/3/3 8215/3/3 8218/3/3
f 8220/2/3 8216/2/3 8219/2/3
f 8225/4/3 8222/4/3 8221/4/3
f 8226/3/3 8223/3/3 8222/3/3
f 8226/4/3 8222/4/3 8225/4/3
f 8227/2/3 8224/2/3 8223/2/3
f 8227/3/3 8223/3/3 8226/3/3
f 8228/2/3 8224/2/3 8227/2/3
f 8237/3/3 8230/3/3 8229/3/3
f 8238/4/3 8231/4/3 8230/4/3
f 8238/3/3 8230/3/3 8237/3/3
f 8239/2/3 8232/2/3 8231/2/3
f 8239/4/3 8231/4/3 8238/4/3
f 8240/1/3 8233/1/3 8232/1/3
f 8240/2/3 8232/2/3 8239/2/3
f 8241/3/3 8234/3/3 8233/3/3
f 8241/1/3 8233/1/3 8240/1/3
f 8242/3/3 8234/3/3 8241/3/3
f 8243/1/3 8235/1/3 8234/1/3
f 8243/3/3 8234/3/3 8242/3/3
f 8244/1/3 8235/1/3 8243/1/3
f 8246/3/3 8237/3/3 8236/3/3
f 8247/3/3 8237/3/3 8246/3/3
f 8248/1/3 8245/1/3 8244/1/3
f 8249/1/3 8245/1/3 8248/1/3
f 8254/3/3 8251/3/3 8250/3/3
f 8255/3/3 8251/3/3 8254/3/3
f 8262/1/3 8253/1/3 8252/1/3
f 8263/1/3 8253/1/3 8262/1/3
f 8264/3/3 8256/3/3 8255/3/3
f 8265/4/3 8257/4/3 8256/4/3
f 8265/3/3 8256/3/3 8264/3/3
f 8266/2/3 8258/2/3 8257/2/3
f 8266/4/3 8257/4/3 8265/4/3
f 8267/1/3 8259/1/3 8258/1/3
f 8267/2/3 8258/2/3 8266/2/3
f 8268/3/3 8261/3/3 8260/3/3
f 8268/1/3 8259/1/3 8267/1/3
f 8268/3/3 8260/3/3 8259/3/3
f 8269/1/3 8262/1/3 8261/1/3
f 8269/3/3 8261/3/3 8268/3/3
f 8270/1/3 8262/1/3 8269/1/3
f 8276/4/3 8272/4/3 8271/4/3
f 8277/2/3 8273/2/3 8272/2/3
f 8277/4/3 8272/4/3 8276/4/3
f 8278/3/3 8274/3/3 8273/3/3
f 8278/2/3 8273/2/3 8277/2/3
f 8279/4/3 8275/4/3 8274/4/3
f 8279/3/3 8274/3/3 8278/3/3
f 8280/4/3 8275/4/3 8279/4/3
f 8286/4/3 8282/4/3 8281/4/3
f 8287/2/3 8283/2/3 8282/2/3
f 8287/4/3 8282/4/3 8286/4/3
f 8288/3/3 8284/3/3 8283/3/3
f 8288/2/3 8283/2/3 8287/2/3
f 8289/4/3 8285/4/3 8284/4/3
f 8289/3/3 8284/3/3 8288/3/3
f 8290/4/3 8285/4/3 8289/4/3
f 8298/4/3 8292/4/3 8291/4/3
f 8299/2/3 8293/2/3 8292/2/3
f 8299/4/3 8292/4/3 8298/4/3
f 8300/3/3 8294/3/3 8293/3/3
f 8300/2/3 8293/2/3 8299/2/3
f 8301/1/3 8295/1/3 8294/1/3
f 8301/3/3 8294/3/3 8300/3/3
f 8302/1/3 8295/1/3 8301/1/3
f 8303/2/3 8296/2/3 8295/2/3
f 8303/1/3 8295/1/3 8302/1/3
f 8304/2/3 8296/2/3 8303/2/3
f 8306/1/3 8298/1/3 8297/1/3
f 8307/1/3 8298/1/3 8306/1/3
f 8308/2/3 8305/2/3 8304/2/3
f 8309/2/3 8305/2/3 8308/2/3
f 8314/1/3 8311/1/3 8310/1/3
f 8315/1/3 8311/1/3 8314/1/3
f 8321/2/3 8313/2/3 8312/2/3
f 8322/2/3 8313/2/3 8321/2/3
f 8323/4/3 8316/4/3 8315/4/3
f 8324/2/3 8317/2/3 8316/2/3
f 8324/4/3 8316/4/3 8323/4/3
f 8325/3/3 8318/3/3 8317/3/3
f 8325/2/3 8317/2/3 8324/2/3
f 8326/1/3 8320/1/3 8319/1/3
f 8326/3/3 8318/3/3 8325/3/3
f 8326/1/3 8319/1/3 8318/1/3
f 8327/2/3 8321/2/3 8320/2/3
f 8327/1/3 8320/1/3 8326/1/3
f 8328/2/3 8321/2/3 8327/2/3
f 8335/3/3 8330/3/3 8329/3/3
f 8336/4/3 8331/4/3 8330/4/3
f 8336/3/3 8330/3/3 8335/3/3
f 8337/4/3 8331/4/3 8336/4/3
f 8338/4/3 8331/4/3 8337/4/3
f 8339/4/3 8333/4/3 8332/4/3
f 8340/2/3 8334/2/3 8333/2/3
f 8340/4/3 8333/4/3 8339/4/3
f 8341/2/3 8334/2/3 8340/2/3
f 8342/2/3 8334/2/3 8341/2/3
f 8343/4/3 8342/4/3 8341/4/3
f 8344/4/3 8342/4/3 8343/4/3
f 8345/2/3 8344/2/3 8343/2/3
f 8346/2/3 8344/2/3 8345/2/3
f 8347/1/3 8346/1/3 8345/1/3
f 8348/1/3 8346/1/3 8347/1/3
f 8351/2/3 8350/2/3 8349/2/3
f 8352/2/3 8350/2/3 8351/2/3
f 8353/1/3 8352/1/3 8351/1/3
f 8354/1/3 8352/1/3 8353/1/3
f 8355/4/3 8354/4/3 8353/4/3
f 8356/4/3 8354/4/3 8355/4/3
f 8357/2/3 8356/2/3 8355/2/3
f 8358/2/3 8356/2/3 8357/2/3
f 8361/2/3 8360/2/3 8359/2/3
f 8362/2/3 8360/2/3 8361/2/3
f 8363/1/3 8362/1/3 8361/1/3
f 8364/1/3 8362/1/3 8363/1/3
f 8365/2/3 8364/2/3 8363/2/3
f 8366/2/3 8364/2/3 8365/2/3
f 8367/1/3 8366/1/3 8365/1/3
f 8368/1/3 8366/1/3 8367/1/3
f 8369/2/3 8368/2/3 8367/2/3
f 8370/2/3 8368/2/3 8369/2/3
f 8371/1/3 8370/1/3 8369/1/3
f 8372/1/3 8370/1/3 8371/1/3
f 8373/2/3 8372/2/3 8371/2/3
f 8374/2/3 8372/2/3 8373/2/3
f 8377/2/3 8376/2/3 8375/2/3
f 8378/2/3 8376/2/3 8377/2/3
f 8379/4/3 8378/4/3 8377/4/3
f 8380/4/3 8378/4/3 8379/4/3
f 8381/1/3 8380/1/3 8379/1/3
f 8382/1/3 8380/1/3 8381/1/3
f 8383/2/3 8382/2/3 8381/2/3
f 8384/2/3 8382/2/3 8383/2/3
f 8385/1/3 8384/1/3 8383/1/3
f 8386/1/3 8384/1/3 8385/1/3
f 8387/2/3 8386/2/3 8385/2/3
f 8388/2/3 8386/2/3 8387/2/3
f 8389/4/3 8388/4/3 8387/4/3
f 8390/4/3 8388/4/3 8389/4/3
f 8396/1/3 8390/1/3 8389/1/3
f 8397/1/3 8390/1/3 8396/1/3
f 8398/3/3 8392/3/3 8391/3/3
f 8399/4/3 8394/4/3 8393/4/3
f 8399/3/3 8392/3/3 8398/3/3
f 8399/4/3 8393/4/3 8392/4/3
f 8400/4/3 8394/4/3 8399/4/3
f 8401/4/3 8396/4/3 8395/4/3
f 8402/2/3 8397/2/3 8396/2/3
f 8402/4/3 8396/4/3 8401/4/3
f 8403/2/3 8397/2/3 8402/2/3
f 8412/1/3 8405/1/3 8404/1/3
f 8413/1/3 8405/1/3 8412/1/3
f 8414/4/3 8406/4/3 8405/4/3
f 8414/1/3 8405/1/3 8413/1/3
f 8415/2/3 8407/2/3 8406/2/3
f 8415/4/3 8406/4/3 8414/4/3
f 8416/2/3 8407/2/3 8415/2/3
f 8426/4/3 8409/4/3 8408/4/3
f 8427/2/3 8410/2/3 8409/2/3
f 8427/4/3 8409/4/3 8426/4/3
f 8428/2/3 8410/2/3 8427/2/3
f 8429/3/3 8411/3/3 8410/3/3
f 8429/2/3 8410/2/3 8428/2/3
f 8430/3/3 8411/3/3 8429/3/3
f 8431/2/3 8417/2/3 8416/2/3
f 8432/2/3 8417/2/3 8431/2/3
f 8433/1/3 8419/1/3 8418/1/3
f 8434/4/3 8420/4/3 8419/4/3
f 8434/1/3 8419/1/3 8433/1/3
f 8435/2/3 8421/2/3 8420/2/3
f 8435/4/3 8420/4/3 8434/4/3
f 8436/1/3 8422/1/3 8421/1/3
f 8436/2/3 8421/2/3 8435/2/3
f 8437/4/3 8423/4/3 8422/4/3
f 8437/1/3 8422/1/3 8436/1/3
f 8438/2/3 8424/2/3 8423/2/3
f 8438/4/3 8423/4/3 8437/4/3
f 8439/2/3 8424/2/3 8438/2/3
f 8440/1/3 8426/1/3 8425/1/3
f 8441/1/3 8426/1/3 8440/1/3
f 8442/1/3 8430/1/3 8429/1/3
f 8443/1/3 8430/1/3 8442/1/3
f 8444/4/3 8443/4/3 8442/4/3
f 8445/4/3 8443/4/3 8444/4/3
f 8446/2/3 8445/2/3 8444/2/3
f 8447/2/3 8445/2/3 8446/2/3
f 8448/1/3 8447/1/3 8446/1/3
f 8449/1/3 8447/1/3 8448/1/3
f 8450/2/3 8449/2/3 8448/2/3
f 8451/2/3 8449/2/3 8450/2/3
f 8454/1/3 8453/1/3 8452/1/3
f 8455/1/3 8453/1/3 8454/1/3
f 8456/2/3 8455/2/3 8454/2/3
f 8457/2/3 8455/2/3 8456/2/3
f 8458/4/3 8457/4/3 8456/4/3
f 8459/4/3 8457/4/3 8458/4/3
f 8460/1/3 8459/1/3 8458/1/3
f 8461/1/3 8459/1/3 8460/1/3
f 8462/2/3 8461/2/3 8460/2/3
f 8463/2/3 8461/2/3 8462/2/3
f 8464/2/3 8461/2/3 8463/2/3
f 8467/4/3 8466/4/3 8465/4/3
f 8468/4/3 8466/4/3 8467/4/3
f 8470/1/3 8469/1/3 8468/1/3
f 8471/1/3 8469/1/3 8470/1/3
f 8472/2/3 8471/2/3 8470/2/3
f 8473/2/3 8471/2/3 8472/2/3
f 8474/1/3 8473/1/3 8472/1/3
f 8475/1/3 8473/1/3 8474/1/3
f 8476/2/3 8475/2/3 8474/2/3
f 8477/2/3 8475/2/3 8476/2/3
f 8478/4/3 8477/4/3 8476/4/3
f 8479/4/3 8477/4/3 8478/4/3
f 8480/1/3 8479/1/3 8478/1/3
f 8481/1/3 8479/1/3 8480/1/3
f 8482/4/3 8481/4/3 8480/4/3
f 8483/4/3 8481/4/3 8482/4/3
f 8484/2/3 8483/2/3 8482/2/3
f 8485/2/3 8483/2/3 8484/2/3
f 8486/1/3 8485/1/3 8484/1/3
f 8487/1/3 8485/1/3 8486/1/3
f 8489/2/3 8487/2/3 8486/2/3
f 8490/2/3 8487/2/3 8489/2/3
f 8491/2/3 8489/2/3 8488/2/3
f 8492/2/3 8489/2/3 8491/2/3
f 8495/4/3 8494/4/3 8493/4/3
f 8496/4/3 8494/4/3 8495/4/3
f 8498/1/3 8497/1/3 8496/1/3
f 8499/1/3 8497/1/3 8498/1/3
f 8500/2/3 8499/2/3 8498/2/3
f 8501/2/3 8499/2/3 8500/2/3
f 8502/4/3 8501/4/3 8500/4/3
f 8503/4/3 8501/4/3 8502/4/3
f 8504/1/3 8503/1/3 8502/1/3
f 8505/1/3 8503/1/3 8504/1/3
f 8506/2/3 8505/2/3 8504/2/3
f 8507/2/3 8505/2/3 8506/2/3
f 8508/4/3 8507/4/3 8506/4/3
f 8509/4/3 8507/4/3 8508/4/3
f 8510/1/3 8509/1/3 8508/1/3
f 8511/1/3 8509/1/3 8510/1/3
f 8512/4/3 8511/4/3 8510/4/3
f 8513/4/3 8511/4/3 8512/4/3
f 8514/2/3 8513/2/3 8512/2/3
f 8515/2/3 8513/2/3 8514/2/3
f 8527/1/3 8515/1/3 8514/1/3
f 8528/1/3 8515/1/3 8527/1/3
f 8533/2/3 8517/2/3 8516/2/3
f 8534/2/3 8517/2/3 8533/2/3
f 8535/1/3 8519/1/3 8518/1/3
f 8536/4/3 8520/4/3 8519/4/3
f 8536/1/3 8519/1/3 8535/1/3
f 8537/2/3 8521/2/3 8520/2/3
f 8537/4/3 8520/4/3 8536/4/3
f 8538/1/3 8522/1/3 8521/1/3
f 8538/2/3 8521/2/3 8537/2/3
f 8539/4/3 8523/4/3 8522/4/3
f 8539/1/3 8522/1/3 8538/1/3
f 8540/2/3 8524/2/3 8523/2/3
f 8540/4/3 8523/4/3 8539/4/3
f 8541/2/3 8524/2/3 8540/2/3
f 8542/1/3 8526/1/3 8525/1/3
f 8543/1/3 8526/1/3 8542/1/3
f 8546/2/3 8528/2/3 8527/2/3
f 8547/2/3 8528/2/3 8546/2/3
f 8548/1/3 8530/1/3 8529/1/3
f 8548/1/3 8531/1/3 8530/1/3
f 8549/4/3 8532/4/3 8531/4/3
f 8549/1/3 8531/1/3 8548/1/3
f 8550/2/3 8533/2/3 8532/2/3
f 8550/4/3 8532/4/3 8549/4/3
f 8551/2/3 8533/2/3 8550/2/3
f 8552/4/3 8544/4/3 8543/4/3
f 8553/2/3 8546/2/3 8545/2/3
f 8553/4/3 8544/4/3 8552/4/3
f 8553/2/3 8545/2/3 8544/2/3
f 8554/3/3 8547/3/3 8546/3/3
f 8554/2/3 8546/2/3 8553/2/3
f 8555/3/3 8547/3/3 8554/3/3
f 8564/2/3 8557/2/3 8556/2/3
f 8565/1/3 8558/1/3 8557/1/3
f 8565/2/3 8557/2/3 8564/2/3
f 8566/4/3 8559/4/3 8558/4/3
f 8566/1/3 8558/1/3 8565/1/3
f 8567/2/3 8560/2/3 8559/2/3
f 8567/4/3 8559/4/3 8566/4/3
f 8568/1/3 8561/1/3 8560/1/3
f 8568/2/3 8560/2/3 8567/2/3
f 8569/2/3 8562/2/3 8561/2/3
f 8569/1/3 8561/1/3 8568/1/3
f 8570/2/3 8562/2/3 8569/2/3
f 8571/2/3 8562/2/3 8570/2/3
f 8573/4/3 8564/4/3 8563/4/3
f 8574/4/3 8564/4/3 8573/4/3
f 8575/2/3 8572/2/3 8571/2/3
f 8576/2/3 8572/2/3 8575/2/3
f 8581/4/3 8578/4/3 8577/4/3
f 8582/4/3 8578/4/3 8581/4/3
f 8589/2/3 8580/2/3 8579/2/3
f 8590/2/3 8580/2/3 8589/2/3
f 8591/2/3 8583/2/3 8582/2/3
f 8592/1/3 8584/1/3 8583/1/3
f 8592/2/3 8583/2/3 8591/2/3
f 8593/4/3 8585/4/3 8584/4/3
f 8593/1/3 8584/1/3 8592/1/3
f 8594/2/3 8586/2/3 8585/2/3
f 8594/4/3 8585/4/3 8593/4/3
f 8595/1/3 8587/1/3 8586/1/3
f 8595/2/3 8586/2/3 8594/2/3
f 8596/2/3 8588/2/3 8587/2/3
f 8596/1/3 8587/1/3 8595/1/3
f 8596/2/3 8589/2/3 8588/2/3
f 8597/2/3 8589/2/3 8596/2/3
f 8605/1/3 8599/1/3 8598/1/3
f 8606/4/3 8600/4/3 8599/4/3
f 8606/1/3 8599/1/3 8605/1/3
f 8607/2/3 8601/2/3 8600/2/3
f 8607/4/3 8600/4/3 8606/4/3
f 8608/1/3 8602/1/3 8601/1/3
f 8608/2/3 8601/2/3 8607/2/3
f 8609/4/3 8603/4/3 8602/4/3
f 8609/1/3 8602/1/3 8608/1/3
f 8610/2/3 8604/2/3 8603/2/3
f 8610/4/3 8603/4/3 8609/4/3
f 8611/2/3 8604/2/3 8610/2/3
f 8619/1/3 8613/1/3 8612/1/3
f 8620/4/3 8614/4/3 8613/4/3
f 8620/1/3 8613/1/3 8619/1/3
f 8621/2/3 8615/2/3 8614/2/3
f 8621/4/3 8614/4/3 8620/4/3
f 8622/1/3 8616/1/3 8615/1/3
f 8622/2/3 8615/2/3 8621/2/3
f 8623/4/3 8617/4/3 8616/4/3
f 8623/1/3 8616/1/3 8622/1/3
f 8624/2/3 8618/2/3 8617/2/3
f 8624/4/3 8617/4/3 8623/4/3
f 8625/2/3 8618/2/3 8624/2/3
f 8633/2/3 8627/2/3 8626/2/3
f 8634/3/3 8628/3/3 8627/3/3
f 8634/2/3 8627/2/3 8633/2/3
f 8635/4/3 8629/4/3 8628/4/3
f 8635/3/3 8628/3/3 8634/3/3
f 8636/1/3 8630/1/3 8629/1/3
f 8636/4/3 8629/4/3 8635/4/3
f 8637/1/3 8630/1/3 8636/1/3
f 8638/2/3 8631/2/3 8630/2/3
f 8638/1/3 8630/1/3 8637/1/3
f 8639/2/3 8631/2/3 8638/2/3
f 8640/2/3 8631/2/3 8639/2/3
f 8648/4/3 8633/4/3 8632/4/3
f 8649/4/3 8633/4/3 8648/4/3
f 8650/2/3 8641/2/3 8640/2/3
f 8651/2/3 8641/2/3 8650/2/3
f 8652/1/3 8643/1/3 8642/1/3
f 8653/4/3 8644/4/3 8643/4/3
f 8653/1/3 8643/1/3 8652/1/3
f 8654/2/3 8645/2/3 8644/2/3
f 8654/4/3 8644/4/3 8653/4/3
f 8655/1/3 8646/1/3 8645/1/3
f 8655/2/3 8645/2/3 8654/2/3
f 8656/2/3 8647/2/3 8646/2/3
f 8656/1/3 8646/1/3 8655/1/3
f 8657/2/3 8647/2/3 8656/2/3
f 8668/4/3 8659/4/3 8658/4/3
f 8669/4/3 8659/4/3 8668/4/3
f 8676/2/3 8661/2/3 8660/2/3
f 8677/2/3 8661/2/3 8676/2/3
f 8678/1/3 8663/1/3 8662/1/3
f 8679/4/3 8664/4/3 8663/4/3
f 8679/1/3 8663/1/3 8678/1/3
f 8680/2/3 8665/2/3 8664/2/3
f 8680/4/3 8664/4/3 8679/4/3
f 8681/1/3 8666/1/3 8665/1/3
f 8681/2/3 8665/2/3 8680/2/3
f 8682/2/3 8667/2/3 8666/2/3
f 8682/1/3 8666/1/3 8681/1/3
f 8683/2/3 8667/2/3 8682/2/3
f 8684/2/3 8670/2/3 8669/2/3
f 8685/3/3 8671/3/3 8670/3/3
f 8685/2/3 8670/2/3 8684/2/3
f 8686/4/3 8672/4/3 8671/4/3
f 8686/3/3 8671/3/3 8685/3/3
f 8687/1/3 8674/1/3 8673/1/3
f 8687/4/3 8672/4/3 8686/4/3
f 8687/1/3 8673/1/3 8672/1/3
f 8688/2/3 8675/2/3 8674/2/3
f 8688/1/3 8674/1/3 8687/1/3
f 8688/2/3 8676/2/3 8675/2/3
f 8689/2/3 8676/2/3 8688/2/3
f 8697/2/3 8691/2/3 8690/2/3
f 8698/4/3 8692/4/3 8691/4/3
f 8698/2/3 8691/2/3 8697/2/3
f 8699/2/3 8693/2/3 8692/2/3
f 8699/4/3 8692/4/3 8698/4/3
f 8700/1/3 8694/1/3 8693/1/3
f 8700/2/3 8693/2/3 8699/2/3
f 8701/2/3 8695/2/3 8694/2/3
f 8701/1/3 8694/1/3 8700/1/3
f 8702/2/3 8695/2/3 8701/2/3
f 8704/4/3 8697/4/3 8696/4/3
f 8705/4/3 8697/4/3 8704/4/3
f 8706/2/3 8703/2/3 8702/2/3
f 8707/2/3 8703/2/3 8706/2/3
f 8712/4/3 8709/4/3 8708/4/3
f 8713/4/3 8709/4/3 8712/4/3
f 8718/2/3 8711/2/3 8710/2/3
f 8719/2/3 8711/2/3 8718/2/3
f 8720/2/3 8714/2/3 8713/2/3
f 8721/4/3 8715/4/3 8714/4/3
f 8721/2/3 8714/2/3 8720/2/3
f 8722/2/3 8716/2/3 8715/2/3
f 8722/4/3 8715/4/3 8721/4/3
f 8723/1/3 8717/1/3 8716/1/3
f 8723/2/3 8716/2/3 8722/2/3
f 8724/2/3 8718/2/3 8717/2/3
f 8724/1/3 8717/1/3 8723/1/3
f 8725/2/3 8718/2/3 8724/2/3
f 8728/2/3 8727/2/3 8726/2/3
f 8729/2/3 8727/2/3 8728/2/3
f 8730/2/3 8728/2/3 8726/2/3
f 8731/1/3 8729/1/3 8728/1/3
f 8731/2/3 8728/2/3 8730/2/3
f 8732/1/3 8729/1/3 8731/1/3
f 8733/1/3 8731/1/3 8730/1/3
f 8734/3/3 8732/3/3 8731/3/3
f 8734/1/3 8731/1/3 8733/1/3
f 8735/3/3 8732/3/3 8734/3/3
f 8738/2/3 8737/2/3 8736/2/3
f 8739/2/3 8737/2/3 8738/2/3
f 8742/3/3 8741/3/3 8740/3/3
f 8743/3/3 8741/3/3 8742/3/3
f 8744/2/3 8743/2/3 8742/2/3
f 8745/2/3 8743/2/3 8744/2/3
f 8746/1/3 8745/1/3 8744/1/3
f 8747/1/3 8745/1/3 8746/1/3
f 8751/3/3 8749/3/3 8748/3/3
f 8752/4/3 8750/4/3 8749/4/3
f 8752/3/3 8749/3/3 8751/3/3
f 8753/4/3 8750/4/3 8752/4/3
f 8754/2/3 8752/2/3 8751/2/3
f 8754/2/3 8753/2/3 8752/2/3
f 8755/2/3 8753/2/3 8754/2/3
f 8756/2/4 8757/2/4 8758/2/4
f 8758/2/4 8757/2/4 8759/2/4
f 8756/2/4 8758/2/4 8760/2/4
f 8758/1/4 8759/1/4 8761/1/4
f 8760/2/4 8758/2/4 8761/2/4
f 8761/1/4 8759/1/4 8762/1/4
f 8760/1/4 8761/1/4 8763/1/4
f 8761/3/4 8762/3/4 8764/3/4
f 8763/1/4 8761/1/4 8764/1/4
f 8764/3/4 8762/3/4 8765/3/4
f 8766/2/4 8767/2/4 8768/2/4
f 8768/2/4 8767/2/4 8769/2/4
f 8770/3/4 8771/3/4 8772/3/4
f 8772/3/4 8771/3/4 8773/3/4
f 8772/2/4 8773/2/4 8774/2/4
f 8774/2/4 8773/2/4 8775/2/4
f 8774/1/4 8775/1/4 8776/1/4
f 8776/1/4 8775/1/4 8777/1/4
f 8778/3/4 8779/3/4 8781/3/4
f 8779/4/4 8780/4/4 8782/4/4
f 8781/3/4 8779/3/4 8782/3/4
f 8782/4/4 8780/4/4 8783/4/4
f 8781/2/4 8782/2/4 8784/2/4
f 8782/2/4 8783/2/4 8784/2/4
f 8784/2/4 8783/2/4 8785/2/4
f 8786/3/4 8787/3/4 8793/3/4
f 8787/1/4 8788/1/4 8794/1/4
f 8793/3/4 8787/3/4 8794/3/4
f 8788/4/4 8789/4/4 8795/4/4
f 8794/1/4 8788/1/4 8795/1/4
f 8789/2/4 8790/2/4 8796/2/4
f 8795/4/4 8789/4/4 8796/4/4
f 8790/1/4 8791/1/4 8797/1/4
f 8796/2/4 8790/2/4 8797/2/4
f 8797/1/4 8791/1/4 8798/1/4
f 8792/3/4 8793/3/4 8800/3/4
f 8795/2/4 8796/2/4 8801/2/4
f 8800/3/4 8793/3/4 8801/3/4
f 8793/2/4 8794/2/4 8801/2/4
f 8797/2/4 8798/2/4 8801/2/4
f 8796/2/4 8797/2/4 8801/2/4
f 8794/2/4 8795/2/4 8801/2/4
f 8798/4/4 8799/4/4 8802/4/4
f 8801/2/4 8798/2/4 8802/2/4
f 8802/4/4 8799/4/4 8803/4/4
f 8804/3/4 8805/3/4 8808/3/4
f 8805/2/4 8806/2/4 8809/2/4
f 8808/3/4 8805/3/4 8809/3/4
f 8809/2/4 8806/2/4 8810/2/4
f 8810/2/4 8806/2/4 8811/2/4
f 8811/2/4 8806/2/4 8812/2/4
f 8812/2/4 8806/2/4 8813/2/4
f 8806/4/4 8807/4/4 8814/4/4
f 8813/2/4 8806/2/4 8814/2/4
f 8814/4/4 8807/4/4 8815/4/4
f 8809/3/4 8810/3/4 8816/3/4
f 8810/1/4 8811/1/4 8817/1/4
f 8816/3/4 8810/3/4 8817/3/4
f 8811/4/4 8812/4/4 8818/4/4
f 8817/1/4 8811/1/4 8818/1/4
f 8812/2/4 8813/2/4 8819/2/4
f 8818/4/4 8812/4/4 8819/4/4
f 8813/1/4 8814/1/4 8820/1/4
f 8819/2/4 8813/2/4 8820/2/4
f 8820/1/4 8814/1/4 8821/1/4
f 8822/3/4 8823/3/4 8827/3/4
f 8827/3/4 8823/3/4 8828/3/4
f 8823/2/4 8824/2/4 8829/2/4
f 8828/3/4 8823/3/4 8829/3/4
f 8829/2/4 8824/2/4 8830/2/4
f 8830/2/4 8824/2/4 8831/2/4
f 8825/4/4 8826/4/4 8834/4/4
f 8834/4/4 8826/4/4 8835/4/4
f 8835/4/4 8826/4/4 8836/4/4
f 8836/4/4 8826/4/4 8837/4/4
f 8831/1/4 8832/1/4 8838/1/4
f 8838/1/4 8832/1/4 8839/1/4
f 8833/3/4 8834/3/4 8840/3/4
f 8840/3/4 8834/3/4 8841/3/4
f 8842/1/4 8843/1/4 8850/1/4
f 8850/1/4 8843/1/4 8851/1/4
f 8844/3/4 8845/3/4 8852/3/4
f 8852/3/4 8845/3/4 8853/3/4
f 8846/3/4 8847/3/4 8857/3/4
f 8847/3/4 8848/3/4 8857/3/4
f 8848/2/4 8849/2/4 8858/2/4
f 8857/3/4 8848/3/4 8858/3/4
f 8849/2/4 8850/2/4 8858/2/4
f 8858/2/4 8850/2/4 8859/2/4
f 8855/4/4 8856/4/4 8860/4/4
f 8854/4/4 8855/4/4 8860/4/4
f 8853/4/4 8854/4/4 8860/4/4
f 8860/4/4 8856/4/4 8861/4/4
f 8862/1/4 8863/1/4 8870/1/4
f 8863/3/4 8864/3/4 8871/3/4
f 8870/1/4 8863/1/4 8871/1/4
f 8871/3/4 8864/3/4 8872/3/4
f 8864/1/4 8865/1/4 8873/1/4
f 8872/3/4 8864/3/4 8873/3/4
f 8873/1/4 8865/1/4 8874/1/4
f 8866/3/4 8867/3/4 8875/3/4
f 8867/4/4 8868/4/4 8876/4/4
f 8875/3/4 8867/3/4 8876/3/4
f 8868/2/4 8869/2/4 8877/2/4
f 8876/4/4 8868/4/4 8877/4/4
f 8877/2/4 8869/2/4 8878/2/4
f 8878/2/4 8869/2/4 8879/2/4
f 8878/1/4 8879/1/4 8880/1/4
f 8877/2/4 8878/2/4 8880/2/4
f 8880/1/4 8879/1/4 8881/1/4
f 8877/2/4 8880/2/4 8882/2/4
f 8880/2/4 8881/2/4 8882/2/4
f 8882/2/4 8881/2/4 8883/2/4
f 8877/2/4 8882/2/4 8884/2/4
f 8882/4/4 8883/4/4 8884/4/4
f 8884/4/4 8883/4/4 8885/4/4
f 8877/2/4 8884/2/4 8886/2/4
f 8884/1/4 8885/1/4 8887/1/4
f 8886/2/4 8884/2/4 8887/2/4
f 8887/1/4 8885/1/4 8888/1/4
f 8889/2/4 8890/2/4 8891/2/4
f 8891/2/4 8890/2/4 8892/2/4
f 8889/2/4 8891/2/4 8893/2/4
f 8891/4/4 8892/4/4 8893/4/4
f 8893/4/4 8892/4/4 8894/4/4
f 8889/2/4 8893/2/4 8895/2/4
f 8893/1/4 8894/1/4 8895/1/4
f 8895/1/4 8894/1/4 8896/1/4
f 8889/2/4 8895/2/4 8897/2/4
f 8895/4/4 8896/4/4 8897/4/4
f 8897/4/4 8896/4/4 8898/4/4
f 8889/2/4 8897/2/4 8899/2/4
f 8897/2/4 8898/2/4 8899/2/4
f 8899/2/4 8898/2/4 8900/2/4
f 8889/2/4 8899/2/4 8901/2/4
f 8899/1/4 8900/1/4 8902/1/4
f 8901/2/4 8899/2/4 8902/2/4
f 8902/1/4 8900/1/4 8903/1/4
f 8904/4/4 8905/4/4 8906/4/4
f 8906/4/4 8905/4/4 8907/4/4
f 8906/2/4 8907/2/4 8909/2/4
f 8907/2/4 8908/2/4 8909/2/4
f 8909/2/4 8908/2/4 8910/2/4
f 8906/2/4 8909/2/4 8911/2/4
f 8909/1/4 8910/1/4 8911/1/4
f 8911/1/4 8910/1/4 8912/1/4
f 8906/2/4 8911/2/4 8913/2/4
f 8911/4/4 8912/4/4 8913/4/4
f 8913/4/4 8912/4/4 8914/4/4
f 8906/2/4 8913/2/4 8915/2/4
f 8913/1/4 8914/1/4 8915/1/4
f 8915/1/4 8914/1/4 8916/1/4
f 8906/2/4 8915/2/4 8917/2/4
f 8915/4/4 8916/4/4 8917/4/4
f 8917/4/4 8916/4/4 8918/4/4
f 8906/2/4 8917/2/4 8919/2/4
f 8917/2/4 8918/2/4 8919/2/4
f 8919/2/4 8918/2/4 8920/2/4
f 8906/2/4 8919/2/4 8921/2/4
f 8919/1/4 8920/1/4 8921/1/4
f 8921/1/4 8920/1/4 8922/1/4
f 8906/2/4 8921/2/4 8923/2/4
f 8921/4/4 8922/4/4 8923/4/4
f 8923/4/4 8922/4/4 8924/4/4
f 8906/2/4 8923/2/4 8925/2/4
f 8923/2/4 8924/2/4 8925/2/4
f 8925/2/4 8924/2/4 8926/2/4
f 8926/2/4 8924/2/4 8927/2/4
f 8925/1/4 8926/1/4 8928/1/4
f 8928/1/4 8926/1/4 8929/1/4
f 8930/2/4 8931/2/4 8932/2/4
f 8930/2/4 8932/2/4 8934/2/4
f 8932/1/4 8933/1/4 8934/1/4
f 8934/1/4 8933/1/4 8935/1/4
f 8930/2/4 8934/2/4 8936/2/4
f 8934/4/4 8935/4/4 8936/4/4
f 8936/4/4 8935/4/4 8937/4/4
f 8930/2/4 8936/2/4 8938/2/4
f 8936/2/4 8937/2/4 8938/2/4
f 8938/2/4 8937/2/4 8939/2/4
f 8930/2/4 8938/2/4 8940/2/4
f 8938/4/4 8939/4/4 8940/4/4
f 8940/4/4 8939/4/4 8941/4/4
f 8930/2/4 8940/2/4 8942/2/4
f 8940/1/4 8941/1/4 8942/1/4
f 8942/1/4 8941/1/4 8943/1/4
f 8930/2/4 8942/2/4 8944/2/4
f 8942/2/4 8943/2/4 8944/2/4
f 8944/2/4 8943/2/4 8945/2/4
f 8930/2/4 8944/2/4 8946/2/4
f 8944/4/4 8945/4/4 8946/4/4
f 8946/4/4 8945/4/4 8947/4/4
f 8930/2/4 8946/2/4 8948/2/4
f 8946/1/4 8947/1/4 8948/1/4
f 8948/1/4 8947/1/4 8949/1/4
f 8930/2/4 8948/2/4 8957/2/4
f 8948/2/4 8949/2/4 8957/2/4
f 8950/1/4 8951/1/4 8958/1/4
f 8951/3/4 8952/3/4 8959/3/4
f 8958/1/4 8951/1/4 8959/1/4
f 8952/3/4 8953/3/4 8959/3/4
f 8953/1/4 8954/1/4 8960/1/4
f 8959/3/4 8953/3/4 8960/3/4
f 8960/1/4 8954/1/4 8961/1/4
f 8955/3/4 8956/3/4 8962/3/4
f 8956/4/4 8957/4/4 8963/4/4
f 8962/3/4 8956/3/4 8963/3/4
f 8957/2/4 8949/2/4 8964/2/4
f 8963/4/4 8957/4/4 8964/4/4
f 8964/2/4 8949/2/4 8965/2/4
f 8966/3/4 8967/3/4 8973/3/4
f 8967/1/4 8968/1/4 8974/1/4
f 8973/3/4 8967/3/4 8974/3/4
f 8974/1/4 8968/1/4 8975/1/4
f 8968/4/4 8969/4/4 8976/4/4
f 8975/1/4 8968/1/4 8976/1/4
f 8976/4/4 8969/4/4 8977/4/4
f 8969/2/4 8970/2/4 8978/2/4
f 8977/4/4 8969/4/4 8978/4/4
f 8970/1/4 8971/1/4 8979/1/4
f 8978/2/4 8970/2/4 8979/2/4
f 8979/1/4 8971/1/4 8980/1/4
f 8972/3/4 8973/3/4 8982/3/4
f 8982/3/4 8973/3/4 8983/3/4
f 8980/4/4 8981/4/4 8984/4/4
f 8984/4/4 8981/4/4 8985/4/4
f 8986/3/4 8987/3/4 8990/3/4
f 8990/3/4 8987/3/4 8991/3/4
f 8988/4/4 8989/4/4 8998/4/4
f 8998/4/4 8989/4/4 8999/4/4
f 8991/3/4 8992/3/4 9000/3/4
f 8992/1/4 8993/1/4 9001/1/4
f 9000/3/4 8992/3/4 9001/3/4
f 8993/1/4 8994/1/4 9001/1/4
f 8994/4/4 8995/4/4 9002/4/4
f 9001/1/4 8994/1/4 9002/1/4
f 8995/4/4 8996/4/4 9002/4/4
f 8996/2/4 8997/2/4 9003/2/4
f 9002/4/4 8996/4/4 9003/4/4
f 8997/1/4 8998/1/4 9004/1/4
f 9003/2/4 8997/2/4 9004/2/4
f 9004/1/4 8998/1/4 9005/1/4
f 9006/4/4 9007/4/4 9012/4/4
f 9007/3/4 9008/3/4 9013/3/4
f 9012/4/4 9007/4/4 9013/4/4
f 9008/4/4 9009/4/4 9014/4/4
f 9013/3/4 9008/3/4 9014/3/4
f 9009/2/4 9010/2/4 9015/2/4
f 9014/4/4 9009/4/4 9015/4/4
f 9010/1/4 9011/1/4 9016/1/4
f 9015/2/4 9010/2/4 9016/2/4
f 9016/1/4 9011/1/4 9017/1/4
f 9018/4/4 9019/4/4 9024/4/4
f 9019/3/4 9020/3/4 9025/3/4
f 9024/4/4 9019/4/4 9025/4/4
f 9020/4/4 9021/4/4 9026/4/4
f 9025/3/4 9020/3/4 9026/3/4
f 9021/2/4 9022/2/4 9027/2/4
f 9026/4/4 9021/4/4 9027/4/4
f 9022/1/4 9023/1/4 9028/1/4
f 9027/2/4 9022/2/4 9028/2/4
f 9028/1/4 9023/1/4 9029/1/4
f 9030/3/4 9031/3/4 9036/3/4
f 9031/1/4 9032/1/4 9037/1/4
f 9036/3/4 9031/3/4 9037/3/4
f 9032/4/4 9033/4/4 9038/4/4
f 9037/1/4 9032/1/4 9038/1/4
f 9038/4/4 9033/4/4 9039/4/4
f 9033/1/4 9034/1/4 9040/1/4
f 9039/4/4 9033/4/4 9040/4/4
f 9040/1/4 9034/1/4 9041/1/4
f 9035/3/4 9036/3/4 9043/3/4
f 9043/3/4 9036/3/4 9044/3/4
f 9041/4/4 9042/4/4 9045/4/4
f 9045/4/4 9042/4/4 9046/4/4
f 9047/3/4 9048/3/4 9051/3/4
f 9051/3/4 9048/3/4 9052/3/4
f 9049/4/4 9050/4/4 9057/4/4
f 9057/4/4 9050/4/4 9058/4/4
f 9052/3/4 9053/3/4 9059/3/4
f 9053/1/4 9054/1/4 9060/1/4
f 9059/3/4 9053/3/4 9060/3/4
f 9055/4/4 9056/4/4 9061/4/4
f 9060/1/4 9054/1/4 9061/1/4
f 9054/4/4 9055/4/4 9061/4/4
f 9056/1/4 9057/1/4 9062/1/4
f 9061/4/4 9056/4/4 9062/4/4
f 9062/1/4 9057/1/4 9063/1/4
f 9064/4/4 9065/4/4 9070/4/4
f 9065/3/4 9066/3/4 9071/3/4
f 9070/4/4 9065/4/4 9071/4/4
f 9066/4/4 9067/4/4 9072/4/4
f 9071/3/4 9066/3/4 9072/3/4
f 9067/2/4 9068/2/4 9073/2/4
f 9072/4/4 9067/4/4 9073/4/4
f 9068/1/4 9069/1/4 9074/1/4
f 9073/2/4 9068/2/4 9074/2/4
f 9074/1/4 9069/1/4 9075/1/4
f 9076/4/4 9077/4/4 9082/4/4
f 9077/3/4 9078/3/4 9083/3/4
f 9082/4/4 9077/4/4 9083/4/4
f 9078/4/4 9079/4/4 9084/4/4
f 9083/3/4 9078/3/4 9084/3/4
f 9079/2/4 9080/2/4 9085/2/4
f 9084/4/4 9079/4/4 9085/4/4
f 9080/1/4 9081/1/4 9086/1/4
f 9085/2/4 9080/2/4 9086/2/4
f 9086/1/4 9081/1/4 9087/1/4
f 9088/4/4 9089/4/4 9096/4/4
f 9089/2/4 9090/2/4 9097/2/4
f 9096/4/4 9089/4/4 9097/4/4
f 9090/1/4 9091/1/4 9098/1/4
f 9097/2/4 9090/2/4 9098/2/4
f 9098/1/4 9091/1/4 9099/1/4
f 9092/3/4 9093/3/4 9102/3/4
f 9093/1/4 9094/1/4 9103/1/4
f 9102/3/4 9093/3/4 9103/3/4
f 9094/4/4 9095/4/4 9104/4/4
f 9103/1/4 9094/1/4 9104/1/4
f 9104/4/4 9095/4/4 9105/4/4
f 9096/2/4 9097/2/4 9106/2/4
f 9097/2/4 9098/2/4 9106/2/4
f 9098/2/4 9099/2/4 9106/2/4
f 9106/2/4 9099/2/4 9107/2/4
f 9099/4/4 9100/4/4 9108/4/4
f 9107/2/4 9099/2/4 9108/2/4
f 9108/4/4 9100/4/4 9109/4/4
f 9101/3/4 9102/3/4 9110/3/4
f 9102/2/4 9103/2/4 9111/2/4
f 9110/3/4 9102/3/4 9111/3/4
f 9104/2/4 9105/2/4 9111/2/4
f 9103/2/4 9104/2/4 9111/2/4
f 9111/2/4 9105/2/4 9112/2/4
f 9112/2/4 9105/2/4 9113/2/4
f 9113/2/4 9105/2/4 9114/2/4
f 9113/4/4 9114/4/4 9115/4/4
f 9112/2/4 9113/2/4 9115/2/4
f 9115/4/4 9114/4/4 9116/4/4
f 9112/2/4 9115/2/4 9117/2/4
f 9115/2/4 9116/2/4 9117/2/4
f 9117/2/4 9116/2/4 9118/2/4
f 9112/2/4 9117/2/4 9119/2/4
f 9117/1/4 9118/1/4 9119/1/4
f 9119/1/4 9118/1/4 9120/1/4
f 9112/2/4 9119/2/4 9121/2/4
f 9119/2/4 9120/2/4 9121/2/4
f 9121/2/4 9120/2/4 9122/2/4
f 9112/2/4 9121/2/4 9123/2/4
f 9123/2/4 9121/2/4 9124/2/4
f 9125/2/4 9126/2/4 9127/2/4
f 9125/2/4 9127/2/4 9129/2/4
f 9127/1/4 9128/1/4 9129/1/4
f 9129/1/4 9128/1/4 9130/1/4
f 9125/2/4 9129/2/4 9131/2/4
f 9129/2/4 9130/2/4 9131/2/4
f 9131/2/4 9130/2/4 9132/2/4
f 9125/2/4 9131/2/4 9133/2/4
f 9131/1/4 9132/1/4 9133/1/4
f 9133/1/4 9132/1/4 9134/1/4
f 9125/2/4 9133/2/4 9135/2/4
f 9133/2/4 9134/2/4 9135/2/4
f 9135/2/4 9134/2/4 9136/2/4
f 9125/2/4 9135/2/4 9137/2/4
f 9135/1/4 9136/1/4 9137/1/4
f 9137/1/4 9136/1/4 9138/1/4
f 9125/2/4 9137/2/4 9139/2/4
f 9137/2/4 9138/2/4 9139/2/4
f 9139/2/4 9138/2/4 9140/2/4
f 9125/2/4 9139/2/4 9141/2/4
f 9141/2/4 9139/2/4 9142/2/4
f 9143/2/4 9144/2/4 9145/2/4
f 9143/2/4 9145/2/4 9147/2/4
f 9145/1/4 9146/1/4 9147/1/4
f 9147/1/4 9146/1/4 9148/1/4
f 9143/2/4 9147/2/4 9149/2/4
f 9147/4/4 9148/4/4 9149/4/4
f 9149/4/4 9148/4/4 9150/4/4
f 9143/2/4 9149/2/4 9151/2/4
f 9149/2/4 9150/2/4 9151/2/4
f 9151/2/4 9150/2/4 9152/2/4
f 9143/2/4 9151/2/4 9153/2/4
f 9151/4/4 9152/4/4 9153/4/4
f 9153/4/4 9152/4/4 9154/4/4
f 9143/2/4 9153/2/4 9155/2/4
f 9153/1/4 9154/1/4 9155/1/4
f 9155/1/4 9154/1/4 9156/1/4
f 9143/2/4 9155/2/4 9157/2/4
f 9155/2/4 9156/2/4 9157/2/4
f 9157/2/4 9156/2/4 9158/2/4
f 9143/2/4 9157/2/4 9159/2/4
f 9157/4/4 9158/4/4 9159/4/4
f 9159/4/4 9158/4/4 9160/4/4
f 9143/2/4 9159/2/4 9161/2/4
f 9159/1/4 9160/1/4 9161/1/4
f 9161/1/4 9160/1/4 9162/1/4
f 9143/2/4 9161/2/4 9169/2/4
f 9161/2/4 9162/2/4 9169/2/4
f 9163/2/4 9164/2/4 9170/2/4
f 9164/2/4 9165/2/4 9170/2/4
f 9170/2/4 9165/2/4 9171/2/4
f 9171/2/4 9165/2/4 9172/2/4
f 9165/4/4 9166/4/4 9173/4/4
f 9172/2/4 9165/2/4 9173/2/4
f 9173/4/4 9166/4/4 9174/4/4
f 9167/3/4 9168/3/4 9175/3/4
f 9168/2/4 9169/2/4 9176/2/4
f 9175/3/4 9168/3/4 9176/3/4
f 9176/2/4 9169/2/4 9177/2/4
f 9169/2/4 9162/2/4 9178/2/4
f 9177/2/4 9169/2/4 9178/2/4
f 9178/2/4 9162/2/4 9179/2/4
f 9170/4/4 9171/4/4 9180/4/4
f 9171/2/4 9172/2/4 9181/2/4
f 9180/4/4 9171/4/4 9181/4/4
f 9172/1/4 9173/1/4 9182/1/4
f 9181/2/4 9172/2/4 9182/2/4
f 9182/1/4 9173/1/4 9183/1/4
f 9176/3/4 9177/3/4 9184/3/4
f 9177/1/4 9178/1/4 9185/1/4
f 9184/3/4 9177/3/4 9185/3/4
f 9178/4/4 9179/4/4 9186/4/4
f 9185/1/4 9178/1/4 9186/1/4
f 9186/4/4 9179/4/4 9187/4/4
f 9188/2/4 9189/2/4 9195/2/4
f 9195/2/4 9189/2/4 9196/2/4
f 9189/3/4 9190/3/4 9197/3/4
f 9196/2/4 9189/2/4 9197/2/4
f 9197/3/4 9190/3/4 9198/3/4
f 9190/1/4 9191/1/4 9199/1/4
f 9198/3/4 9190/3/4 9199/3/4
f 9191/3/4 9192/3/4 9200/3/4
f 9199/1/4 9191/1/4 9200/1/4
f 9192/4/4 9193/4/4 9201/4/4
f 9200/3/4 9192/3/4 9201/3/4
f 9201/4/4 9193/4/4 9202/4/4
f 9194/1/4 9195/1/4 9204/1/4
f 9204/1/4 9195/1/4 9205/1/4
f 9202/4/4 9203/4/4 9206/4/4
f 9206/4/4 9203/4/4 9207/4/4
f 9208/1/4 9209/1/4 9212/1/4
f 9212/1/4 9209/1/4 9213/1/4
f 9210/4/4 9211/4/4 9220/4/4
f 9220/4/4 9211/4/4 9221/4/4
f 9213/2/4 9214/2/4 9222/2/4
f 9214/2/4 9215/2/4 9222/2/4
f 9215/3/4 9216/3/4 9223/3/4
f 9222/2/4 9215/2/4 9223/2/4
f 9216/3/4 9217/3/4 9223/3/4
f 9217/1/4 9218/1/4 9224/1/4
f 9223/3/4 9217/3/4 9224/3/4
f 9218/3/4 9219/3/4 9225/3/4
f 9224/1/4 9218/1/4 9225/1/4
f 9219/4/4 9220/4/4 9226/4/4
f 9225/3/4 9219/3/4 9226/3/4
f 9226/4/4 9220/4/4 9227/4/4
f 9228/2/4 9229/2/4 9235/2/4
f 9229/1/4 9230/1/4 9236/1/4
f 9235/2/4 9229/2/4 9236/2/4
f 9230/4/4 9231/4/4 9237/4/4
f 9236/1/4 9230/1/4 9237/1/4
f 9231/2/4 9232/2/4 9238/2/4
f 9237/4/4 9231/4/4 9238/4/4
f 9232/1/4 9233/1/4 9239/1/4
f 9238/2/4 9232/2/4 9239/2/4
f 9233/2/4 9234/2/4 9240/2/4
f 9239/1/4 9233/1/4 9240/1/4
f 9240/2/4 9234/2/4 9241/2/4
f 9242/2/4 9243/2/4 9249/2/4
f 9243/1/4 9244/1/4 9250/1/4
f 9249/2/4 9243/2/4 9250/2/4
f 9244/4/4 9245/4/4 9251/4/4
f 9250/1/4 9244/1/4 9251/1/4
f 9245/2/4 9246/2/4 9252/2/4
f 9251/4/4 9245/4/4 9252/4/4
f 9246/1/4 9247/1/4 9253/1/4
f 9252/2/4 9246/2/4 9253/2/4
f 9247/2/4 9248/2/4 9254/2/4
f 9253/1/4 9247/1/4 9254/1/4
f 9254/2/4 9248/2/4 9255/2/4
f 9256/3/4 9257/3/4 9262/3/4
f 9257/1/4 9258/1/4 9263/1/4
f 9262/3/4 9257/3/4 9263/3/4
f 9258/4/4 9259/4/4 9264/4/4
f 9263/1/4 9258/1/4 9264/1/4
f 9259/1/4 9260/1/4 9265/1/4
f 9264/4/4 9259/4/4 9265/4/4
f 9265/1/4 9260/1/4 9266/1/4
f 9261/3/4 9262/3/4 9268/3/4
f 9263/2/4 9264/2/4 9269/2/4
f 9268/3/4 9262/3/4 9269/3/4
f 9262/2/4 9263/2/4 9269/2/4
f 9265/2/4 9266/2/4 9269/2/4
f 9264/2/4 9265/2/4 9269/2/4
f 9266/4/4 9267/4/4 9270/4/4
f 9269/2/4 9266/2/4 9270/2/4
f 9270/4/4 9267/4/4 9271/4/4
f 9272/3/4 9273/3/4 9276/3/4
f 9273/2/4 9274/2/4 9277/2/4
f 9276/3/4 9273/3/4 9277/3/4
f 9277/2/4 9274/2/4 9278/2/4
f 9278/2/4 9274/2/4 9279/2/4
f 9279/2/4 9274/2/4 9280/2/4
f 9274/4/4 9275/4/4 9281/4/4
f 9280/2/4 9274/2/4 9281/2/4
f 9281/4/4 9275/4/4 9282/4/4
f 9277/3/4 9278/3/4 9283/3/4
f 9278/1/4 9279/1/4 9284/1/4
f 9283/3/4 9278/3/4 9284/3/4
f 9279/4/4 9280/4/4 9285/4/4
f 9284/1/4 9279/1/4 9285/1/4
f 9280/1/4 9281/1/4 9286/1/4
f 9285/4/4 9280/4/4 9286/4/4
f 9286/1/4 9281/1/4 9287/1/4
f 9288/4/4 9289/4/4 9295/4/4
f 9289/2/4 9290/2/4 9296/2/4
f 9295/4/4 9289/4/4 9296/4/4
f 9296/2/4 9290/2/4 9297/2/4
f 9297/2/4 9290/2/4 9298/2/4
f 9298/2/4 9290/2/4 9299/2/4
f 9291/3/4 9292/3/4 9302/3/4
f 9292/1/4 9293/1/4 9303/1/4
f 9302/3/4 9292/3/4 9303/3/4
f 9303/1/4 9293/1/4 9304/1/4
f 9293/3/4 9294/3/4 9305/3/4
f 9304/1/4 9293/1/4 9305/1/4
f 9305/3/4 9294/3/4 9306/3/4
f 9299/2/4 9300/2/4 9307/2/4
f 9307/2/4 9300/2/4 9308/2/4
f 9301/3/4 9302/3/4 9309/3/4
f 9309/3/4 9302/3/4 9310/3/4
f 9305/2/4 9306/2/4 9311/2/4
f 9311/2/4 9306/2/4 9312/2/4
f 9311/1/4 9312/1/4 9313/1/4
f 9313/1/4 9312/1/4 9314/1/4
f 9314/1/4 9312/1/4 9315/1/4
f 9315/1/4 9312/1/4 9316/1/4
f 9316/1/4 9312/1/4 9317/1/4
f 9317/1/4 9312/1/4 9318/1/4
f 9317/2/4 9318/2/4 9319/2/4
f 9319/2/4 9318/2/4 9320/2/4
f 9319/1/4 9320/1/4 9321/1/4
f 9321/1/4 9320/1/4 9322/1/4
f 9322/1/4 9320/1/4 9323/1/4
f 9322/4/4 9323/4/4 9324/4/4
f 9324/4/4 9323/4/4 9325/4/4
f 9324/1/4 9325/1/4 9326/1/4
f 9326/1/4 9325/1/4 9327/1/4
f 9326/2/4 9327/2/4 9328/2/4
f 9328/2/4 9327/2/4 9330/2/4
f 9330/2/4 9327/2/4 9331/2/4
f 9329/2/4 9330/2/4 9332/2/4
f 9332/2/4 9330/2/4 9333/2/4
f 9334/2/4 9335/2/4 9336/2/4
f 9336/2/4 9335/2/4 9337/2/4
f 9337/1/4 9338/1/4 9339/1/4
f 9339/1/4 9338/1/4 9340/1/4
f 9340/1/4 9338/1/4 9341/1/4
f 9341/1/4 9338/1/4 9342/1/4
f 9342/1/4 9338/1/4 9343/1/4
f 9343/1/4 9338/1/4 9344/1/4
f 9343/4/4 9344/4/4 9345/4/4
f 9345/4/4 9344/4/4 9346/4/4
f 9345/2/4 9346/2/4 9348/2/4
f 9348/2/4 9346/2/4 9349/2/4
f 9347/2/4 9348/2/4 9350/2/4
f 9350/2/4 9348/2/4 9351/2/4
f 9352/2/4 9353/2/4 9354/2/4
f 9354/2/4 9353/2/4 9355/2/4
f 9354/1/4 9355/1/4 9356/1/4
f 9356/1/4 9355/1/4 9357/1/4
f 9357/1/4 9355/1/4 9358/1/4
f 9357/2/4 9358/2/4 9359/2/4
f 9359/2/4 9358/2/4 9360/2/4
f 9359/1/4 9360/1/4 9361/1/4
f 9361/1/4 9360/1/4 9362/1/4
f 9361/4/4 9362/4/4 9363/4/4
f 9363/4/4 9362/4/4 9364/4/4
f 9365/2/4 9366/2/4 9373/2/4
f 9373/2/4 9366/2/4 9374/2/4
f 9367/3/4 9368/3/4 9375/3/4
f 9375/3/4 9368/3/4 9376/3/4
f 9363/1/4 9364/1/4 9378/1/4
f 9378/1/4 9364/1/4 9379/1/4
f 9369/4/4 9370/4/4 9380/4/4
f 9371/2/4 9372/2/4 9381/2/4
f 9380/4/4 9370/4/4 9381/4/4
f 9370/2/4 9371/2/4 9381/2/4
f 9372/2/4 9373/2/4 9381/2/4
f 9381/2/4 9373/2/4 9382/2/4
f 9376/3/4 9377/3/4 9383/3/4
f 9377/1/4 9378/1/4 9384/1/4
f 9383/3/4 9377/3/4 9384/3/4
f 9378/3/4 9379/3/4 9385/3/4
f 9384/1/4 9378/1/4 9385/1/4
f 9385/3/4 9379/3/4 9386/3/4
f 9387/4/4 9388/4/4 9396/4/4
f 9396/4/4 9388/4/4 9397/4/4
f 9397/4/4 9388/4/4 9398/4/4
f 9388/3/4 9389/3/4 9399/3/4
f 9398/4/4 9388/4/4 9399/4/4
f 9399/3/4 9389/3/4 9400/3/4
f 9389/2/4 9390/2/4 9401/2/4
f 9400/3/4 9389/3/4 9401/3/4
f 9401/2/4 9390/2/4 9402/2/4
f 9402/2/4 9390/2/4 9403/2/4
f 9391/1/4 9392/1/4 9409/1/4
f 9392/4/4 9393/4/4 9410/4/4
f 9409/1/4 9392/1/4 9410/1/4
f 9393/2/4 9394/2/4 9411/2/4
f 9410/4/4 9393/4/4 9411/4/4
f 9411/2/4 9394/2/4 9412/2/4
f 9395/3/4 9396/3/4 9413/3/4
f 9413/3/4 9396/3/4 9414/3/4
f 9403/1/4 9404/1/4 9415/1/4
f 9415/1/4 9404/1/4 9416/1/4
f 9405/4/4 9406/4/4 9417/4/4
f 9406/2/4 9407/2/4 9418/2/4
f 9417/4/4 9406/4/4 9418/4/4
f 9407/1/4 9408/1/4 9419/1/4
f 9418/2/4 9407/2/4 9419/2/4
f 9419/1/4 9408/1/4 9420/1/4
f 9419/4/4 9420/4/4 9421/4/4
f 9421/4/4 9420/4/4 9422/4/4
f 9421/2/4 9422/2/4 9423/2/4
f 9423/2/4 9422/2/4 9424/2/4
f 9423/1/4 9424/1/4 9425/1/4
f 9425/1/4 9424/1/4 9426/1/4
f 9425/4/4 9426/4/4 9427/4/4
f 9427/4/4 9426/4/4 9428/4/4
f 9427/2/4 9428/2/4 9429/2/4
f 9429/2/4 9428/2/4 9430/2/4
f 9429/1/4 9430/1/4 9431/1/4
f 9431/1/4 9430/1/4 9432/1/4
f 9431/2/4 9432/2/4 9433/2/4
f 9433/2/4 9432/2/4 9434/2/4
f 9433/4/4 9434/4/4 9435/4/4
f 9435/4/4 9434/4/4 9436/4/4
f 9437/4/4 9438/4/4 9439/4/4
f 9439/4/4 9438/4/4 9440/4/4
f 9439/2/4 9440/2/4 9441/2/4
f 9441/2/4 9440/2/4 9442/2/4
f 9441/4/4 9442/4/4 9443/4/4
f 9443/4/4 9442/4/4 9444/4/4
f 9443/2/4 9444/2/4 9445/2/4
f 9445/2/4 9444/2/4 9446/2/4
f 9445/1/4 9446/1/4 9447/1/4
f 9447/1/4 9446/1/4 9448/1/4
f 9447/2/4 9448/2/4 9449/2/4
f 9449/2/4 9448/2/4 9450/2/4
f 9451/1/4 9452/1/4 9453/1/4
f 9453/1/4 9452/1/4 9454/1/4
f 9453/4/4 9454/4/4 9455/4/4
f 9455/4/4 9454/4/4 9456/4/4
f 9455/2/4 9456/2/4 9457/2/4
f 9457/2/4 9456/2/4 9458/2/4
f 9457/4/4 9458/4/4 9459/4/4
f 9459/4/4 9458/4/4 9460/4/4
f 9459/2/4 9460/2/4 9471/2/4
f 9461/1/4 9462/1/4 9472/1/4
f 9462/4/4 9463/4/4 9473/4/4
f 9472/1/4 9462/1/4 9473/1/4
f 9463/2/4 9464/2/4 9474/2/4
f 9473/4/4 9463/4/4 9474/4/4
f 9474/2/4 9464/2/4 9475/2/4
f 9465/3/4 9466/3/4 9476/3/4
f 9476/3/4 9466/3/4 9477/3/4
f 9467/1/4 9468/1/4 9484/1/4
f 9484/1/4 9468/1/4 9485/1/4
f 9469/4/4 9470/4/4 9486/4/4
f 9470/2/4 9471/2/4 9487/2/4
f 9486/4/4 9470/4/4 9487/4/4
f 9471/2/4 9460/2/4 9488/2/4
f 9487/2/4 9471/2/4 9488/2/4
f 9479/4/4 9480/4/4 9489/4/4
f 9478/4/4 9479/4/4 9489/4/4
f 9477/4/4 9478/4/4 9489/4/4
f 9481/3/4 9482/3/4 9490/3/4
f 9489/4/4 9480/4/4 9490/4/4
f 9480/3/4 9481/3/4 9490/3/4
f 9483/2/4 9484/2/4 9491/2/4
f 9490/3/4 9482/3/4 9491/3/4
f 9482/2/4 9483/2/4 9491/2/4
f 9491/2/4 9484/2/4 9492/2/4
f 9493/3/4 9494/3/4 9500/3/4
f 9494/4/4 9495/4/4 9501/4/4
f 9500/3/4 9494/3/4 9501/3/4
f 9495/2/4 9496/2/4 9502/2/4
f 9501/4/4 9495/4/4 9502/4/4
f 9496/1/4 9497/1/4 9503/1/4
f 9502/2/4 9496/2/4 9503/2/4
f 9497/3/4 9498/3/4 9504/3/4
f 9503/1/4 9497/1/4 9504/1/4
f 9498/1/4 9499/1/4 9505/1/4
f 9504/3/4 9498/3/4 9505/3/4
f 9505/1/4 9499/1/4 9506/1/4
f 9507/3/4 9508/3/4 9514/3/4
f 9508/4/4 9509/4/4 9515/4/4
f 9514/3/4 9508/3/4 9515/3/4
f 9509/2/4 9510/2/4 9516/2/4
f 9515/4/4 9509/4/4 9516/4/4
f 9510/1/4 9511/1/4 9517/1/4
f 9516/2/4 9510/2/4 9517/2/4
f 9511/3/4 9512/3/4 9518/3/4
f 9517/1/4 9511/1/4 9518/1/4
f 9512/1/4 9513/1/4 9519/1/4
f 9518/3/4 9512/3/4 9519/3/4
f 9519/1/4 9513/1/4 9520/1/4
f 9521/4/4 9522/4/4 9527/4/4
f 9527/4/4 9522/4/4 9528/4/4
f 9522/2/4 9523/2/4 9529/2/4
f 9528/4/4 9522/4/4 9529/4/4
f 9529/2/4 9523/2/4 9530/2/4
f 9523/3/4 9524/3/4 9531/3/4
f 9530/2/4 9523/2/4 9531/2/4
f 9524/4/4 9525/4/4 9532/4/4
f 9531/3/4 9524/3/4 9532/3/4
f 9532/4/4 9525/4/4 9533/4/4
f 9533/4/4 9525/4/4 9534/4/4
f 9534/4/4 9525/4/4 9535/4/4
f 9526/1/4 9527/1/4 9537/1/4
f 9537/1/4 9527/1/4 9538/1/4
f 9535/2/4 9536/2/4 9539/2/4
f 9539/2/4 9536/2/4 9540/2/4
f 9541/1/4 9542/1/4 9545/1/4
f 9545/1/4 9542/1/4 9546/1/4
f 9543/2/4 9544/2/4 9554/2/4
f 9554/2/4 9544/2/4 9555/2/4
f 9546/4/4 9547/4/4 9556/4/4
f 9547/4/4 9548/4/4 9556/4/4
f 9548/2/4 9549/2/4 9557/2/4
f 9556/4/4 9548/4/4 9557/4/4
f 9549/2/4 9550/2/4 9557/2/4
f 9550/3/4 9551/3/4 9558/3/4
f 9557/2/4 9550/2/4 9558/2/4
f 9552/4/4 9553/4/4 9559/4/4
f 9558/3/4 9551/3/4 9559/3/4
f 9553/4/4 9554/4/4 9559/4/4
f 9551/4/4 9552/4/4 9559/4/4
f 9559/4/4 9554/4/4 9560/4/4
f 9561/3/4 9562/3/4 9574/3/4
f 9562/1/4 9563/1/4 9575/1/4
f 9574/3/4 9562/3/4 9575/3/4
f 9563/3/4 9564/3/4 9576/3/4
f 9575/1/4 9563/1/4 9576/1/4
f 9564/4/4 9565/4/4 9577/4/4
f 9576/3/4 9564/3/4 9577/3/4
f 9565/2/4 9566/2/4 9578/2/4
f 9577/4/4 9565/4/4 9578/4/4
f 9578/2/4 9566/2/4 9579/2/4
f 9567/4/4 9568/4/4 9581/4/4
f 9568/2/4 9569/2/4 9582/2/4
f 9581/4/4 9568/4/4 9582/4/4
f 9569/1/4 9570/1/4 9583/1/4
f 9582/2/4 9569/2/4 9583/2/4
f 9570/4/4 9571/4/4 9584/4/4
f 9583/1/4 9570/1/4 9584/1/4
f 9571/2/4 9572/2/4 9585/2/4
f 9584/4/4 9571/4/4 9585/4/4
f 9585/2/4 9572/2/4 9586/2/4
f 9573/3/4 9574/3/4 9587/3/4
f 9587/3/4 9574/3/4 9588/3/4
f 9579/2/4 9580/2/4 9589/2/4
f 9589/2/4 9580/2/4 9590/2/4
f 9591/4/4 9592/4/4 9601/4/4
f 9592/2/4 9593/2/4 9602/2/4
f 9601/4/4 9592/4/4 9602/4/4
f 9593/1/4 9594/1/4 9603/1/4
f 9602/2/4 9593/2/4 9603/2/4
f 9594/4/4 9595/4/4 9604/4/4
f 9603/1/4 9594/1/4 9604/1/4
f 9595/2/4 9596/2/4 9605/2/4
f 9604/4/4 9595/4/4 9605/4/4
f 9605/2/4 9596/2/4 9606/2/4
f 9597/3/4 9598/3/4 9607/3/4
f 9607/3/4 9598/3/4 9608/3/4
f 9599/2/4 9600/2/4 9613/2/4
f 9613/2/4 9600/2/4 9614/2/4
f 9608/3/4 9609/3/4 9615/3/4
f 9609/1/4 9610/1/4 9616/1/4
f 9615/3/4 9609/3/4 9616/3/4
f 9610/3/4 9611/3/4 9617/3/4
f 9616/1/4 9610/1/4 9617/1/4
f 9611/4/4 9612/4/4 9618/4/4
f 9617/3/4 9611/3/4 9618/3/4
f 9612/2/4 9613/2/4 9619/2/4
f 9618/4/4 9612/4/4 9619/4/4
f 9619/2/4 9613/2/4 9620/2/4
f 9621/3/4 9622/3/4 9627/3/4
f 9622/2/4 9623/2/4 9628/2/4
f 9627/3/4 9622/3/4 9628/3/4
f 9623/1/4 9624/1/4 9629/1/4
f 9628/2/4 9623/2/4 9629/2/4
f 9624/3/4 9625/3/4 9630/3/4
f 9629/1/4 9624/1/4 9630/1/4
f 9625/1/4 9626/1/4 9631/1/4
f 9630/3/4 9625/3/4 9631/3/4
f 9631/1/4 9626/1/4 9632/1/4
f 9633/3/4 9634/3/4 9639/3/4
f 9634/2/4 9635/2/4 9640/2/4
f 9639/3/4 9634/3/4 9640/3/4
f 9635/1/4 9636/1/4 9641/1/4
f 9640/2/4 9635/2/4 9641/2/4
f 9636/3/4 9637/3/4 9642/3/4
f 9641/1/4 9636/1/4 9642/1/4
f 9637/1/4 9638/1/4 9643/1/4
f 9642/3/4 9637/3/4 9643/3/4
f 9643/1/4 9638/1/4 9644/1/4
f 9649/3/4 9650/3/4 9653/3/4
f 9651/3/4 9652/3/4 9654/3/4
f 9654/3/4 9652/3/4 9655/3/4
f 9645/3/4 9646/3/4 9656/3/4
f 9656/3/4 9646/3/4 9657/3/4
f 9647/3/4 9648/3/4 9660/3/4
f 9660/3/4 9648/3/4 9661/3/4
f 9649/3/4 9653/3/4 9662/3/4
f 9654/3/4 9655/3/4 9663/3/4
f 9658/3/4 9659/3/4 9665/3/4
f 9660/3/4 9661/3/4 9665/3/4
f 9656/3/4 9657/3/4 9665/3/4
f 9659/3/4 9660/3/4 9665/3/4
f 9657/3/4 9658/3/4 9665/3/4
f 9665/3/4 9661/3/4 9666/3/4
f 9666/3/4 9661/3/4 9667/3/4
f 9667/3/4 9661/3/4 9668/3/4
f 9668/3/4 9661/3/4 9669/3/4
f 9669/3/4 9661/3/4 9670/3/4
f 9670/3/4 9661/3/4 9671/3/4
f 9671/3/4 9661/3/4 9672/3/4
f 9649/3/4 9662/3/4 9673/3/4
f 9663/3/4 9655/3/4 9674/3/4
f 9664/3/4 9665/3/4 9678/3/4
f 9665/3/4 9666/3/4 9678/3/4
f 9678/3/4 9666/3/4 9679/3/4
f 9679/3/4 9666/3/4 9680/3/4
f 9671/3/4 9672/3/4 9681/3/4
f 9681/3/4 9672/3/4 9682/3/4
f 9674/3/4 9675/3/4 9683/3/4
f 9676/3/4 9677/3/4 9686/3/4
f 9677/3/4 9678/3/4 9686/3/4
f 9678/3/4 9679/3/4 9686/3/4
f 9686/3/4 9679/3/4 9687/3/4
f 9663/3/4 9674/3/4 9688/3/4
f 9684/3/4 9685/3/4 9688/3/4
f 9683/3/4 9684/3/4 9688/3/4
f 9674/3/4 9683/3/4 9688/3/4
f 9688/3/4 9685/3/4 9689/3/4
f 9689/3/4 9685/3/4 9690/3/4
f 9690/3/4 9685/3/4 9691/3/4
f 9687/3/4 9679/3/4 9692/3/4
f 9692/3/4 9679/3/4 9693/3/4
f 9682/3/4 9672/3/4 9694/3/4
f 9694/3/4 9672/3/4 9695/3/4
f 9673/3/4 9662/3/4 9698/3/4
f 9692/3/4 9693/3/4 9699/3/4
f 9695/3/4 9696/3/4 9700/3/4
f 9694/3/4 9695/3/4 9700/3/4
f 9700/3/4 9696/3/4 9701/3/4
f 9697/3/4 9698/3/4 9706/3/4
f 9698/3/4 9662/3/4 9707/3/4
f 9706/3/4 9698/3/4 9707/3/4
f 9688/3/4 9689/3/4 9708/3/4
f 9692/3/4 9699/3/4 9709/3/4
f 9709/3/4 9699/3/4 9710/3/4
f 9706/3/4 9707/3/4 9711/3/4
f 9704/3/4 9705/3/4 9711/3/4
f 9705/3/4 9706/3/4 9711/3/4
f 9700/3/4 9701/3/4 9711/3/4
f 9701/3/4 9702/3/4 9711/3/4
f 9703/3/4 9704/3/4 9711/3/4
f 9702/3/4 9703/3/4 9711/3/4
f 9711/3/4 9707/3/4 9712/3/4
f 9712/3/4 9707/3/4 9713/3/4
f 9713/3/4 9707/3/4 9714/3/4
f 9714/3/4 9707/3/4 9715/3/4
f 9708/3/4 9689/3/4 9716/3/4
f 9709/3/4 9710/3/4 9717/3/4
f 9717/3/4 9710/3/4 9718/3/4
f 9700/3/4 9711/3/4 9719/3/4
f 9719/3/4 9711/3/4 9720/3/4
f 9715/3/4 9707/3/4 9721/3/4
f 9721/3/4 9707/3/4 9722/3/4
f 9708/3/4 9716/3/4 9723/3/4
f 9717/3/4 9718/3/4 9724/3/4
f 9724/3/4 9718/3/4 9725/3/4
f 9700/3/4 9719/3/4 9726/3/4
f 9726/3/4 9719/3/4 9727/3/4
f 9722/3/4 9707/3/4 9728/3/4
f 9708/3/4 9723/3/4 9731/3/4
f 9731/3/4 9723/3/4 9732/3/4
f 9724/3/4 9725/3/4 9733/3/4
f 9726/3/4 9727/3/4 9734/3/4
f 9728/3/4 9729/3/4 9735/3/4
f 9722/3/4 9728/3/4 9735/3/4
f 9735/3/4 9729/3/4 9736/3/4
f 9730/3/4 9731/3/4 9741/3/4
f 9731/3/4 9732/3/4 9741/3/4
f 9741/3/4 9732/3/4 9742/3/4
f 9733/3/4 9725/3/4 9745/3/4
f 9745/3/4 9725/3/4 9746/3/4
f 9734/3/4 9727/3/4 9747/3/4
f 9739/3/4 9740/3/4 9748/3/4
f 9738/3/4 9739/3/4 9748/3/4
f 9735/3/4 9736/3/4 9748/3/4
f 9736/3/4 9737/3/4 9748/3/4
f 9737/3/4 9738/3/4 9748/3/4
f 9741/3/4 9742/3/4 9748/3/4
f 9740/3/4 9741/3/4 9748/3/4
f 9748/3/4 9742/3/4 9749/3/4
f 9749/3/4 9742/3/4 9750/3/4
f 9750/3/4 9742/3/4 9751/3/4
f 9751/3/4 9742/3/4 9752/3/4
f 9745/3/4 9746/3/4 9755/3/4
f 9743/3/4 9744/3/4 9755/3/4
f 9744/3/4 9745/3/4 9755/3/4
f 9755/3/4 9746/3/4 9756/3/4
f 9748/3/4 9749/3/4 9757/3/4
f 9757/3/4 9749/3/4 9758/3/4
f 9751/3/4 9752/3/4 9759/3/4
f 9753/3/4 9754/3/4 9759/3/4
f 9752/3/4 9753/3/4 9759/3/4
f 9759/3/4 9754/3/4 9760/3/4
f 9756/3/4 9746/3/4 9761/3/4
f 9761/3/4 9746/3/4 9762/3/4
f 9762/3/4 9746/3/4 9763/3/4
f 9734/3/4 9747/3/4 9764/3/4
f 9764/3/4 9747/3/4 9765/3/4
f 9757/3/4 9758/3/4 9766/3/4
f 9766/3/4 9758/3/4 9767/3/4
f 9751/3/4 9759/3/4 9768/3/4
f 9768/3/4 9759/3/4 9769/3/4
f 9769/3/4 9759/3/4 9770/3/4
f 9762/3/4 9763/3/4 9771/3/4
f 9771/3/4 9763/3/4 9772/3/4
f 9764/3/4 9765/3/4 9773/3/4
f 9773/3/4 9765/3/4 9774/3/4
f 9771/3/4 9772/3/4 9775/3/4
f 9775/3/4 9772/3/4 9776/3/4
f 9773/3/4 9774/3/4 9779/3/4
f 9779/3/4 9774/3/4 9780/3/4
f 9768/3/4 9769/3/4 9781/3/4
f 9776/3/4 9777/3/4 9782/3/4
f 9775/3/4 9776/3/4 9782/3/4
f 9782/3/4 9777/3/4 9783/3/4
f 9779/3/4 9780/3/4 9789/3/4
f 9778/3/4 9779/3/4 9789/3/4
f 9766/3/4 9767/3/4 9790/3/4
f 9781/3/4 9769/3/4 9791/3/4
f 9791/3/4 9769/3/4 9792/3/4
f 9787/3/4 9788/3/4 9793/3/4
f 9788/3/4 9789/3/4 9793/3/4
f 9786/3/4 9787/3/4 9793/3/4
f 9782/3/4 9783/3/4 9793/3/4
f 9783/3/4 9784/3/4 9793/3/4
f 9784/3/4 9785/3/4 9793/3/4
f 9785/3/4 9786/3/4 9793/3/4
f 9793/3/4 9789/3/4 9794/3/4
f 9794/3/4 9789/3/4 9795/3/4
f 9789/3/4 9780/3/4 9796/3/4
f 9795/3/4 9789/3/4 9796/3/4
f 9790/3/4 9767/3/4 9797/3/4
f 9797/3/4 9767/3/4 9798/3/4
f 9791/3/4 9792/3/4 9799/3/4
f 9782/3/4 9793/3/4 9800/3/4
f 9800/3/4 9793/3/4 9801/3/4
f 9801/3/4 9793/3/4 9802/3/4
f 9796/3/4 9780/3/4 9803/3/4
f 9803/3/4 9780/3/4 9804/3/4
f 9804/3/4 9780/3/4 9805/3/4
f 9799/3/4 9792/3/4 9806/3/4
f 9800/3/4 9801/3/4 9807/3/4
f 9807/3/4 9801/3/4 9808/3/4
f 9797/3/4 9798/3/4 9809/3/4
f 9799/3/4 9806/3/4 9812/3/4
f 9807/3/4 9808/3/4 9813/3/4
f 9804/3/4 9805/3/4 9814/3/4
f 9814/3/4 9805/3/4 9815/3/4
f 9811/3/4 9812/3/4 9816/3/4
f 9810/3/4 9811/3/4 9816/3/4
f 9797/3/4 9809/3/4 9816/3/4
f 9809/3/4 9810/3/4 9816/3/4
f 9816/3/4 9812/3/4 9817/3/4
f 9817/3/4 9812/3/4 9818/3/4
f 9818/3/4 9812/3/4 9819/3/4
f 9819/3/4 9812/3/4 9820/3/4
f 9820/3/4 9812/3/4 9821/3/4
f 9812/3/4 9806/3/4 9822/3/4
f 9821/3/4 9812/3/4 9822/3/4
f 9813/3/4 9808/3/4 9823/3/4
f 9823/3/4 9808/3/4 9824/3/4
f 9816/3/4 9817/3/4 9825/3/4
f 9825/3/4 9817/3/4 9826/3/4
f 9826/3/4 9817/3/4 9827/3/4
f 9821/3/4 9822/3/4 9828/3/4
f 9828/3/4 9822/3/4 9829/3/4
f 9829/3/4 9822/3/4 9830/3/4
f 9823/3/4 9824/3/4 9831/3/4
f 9814/3/4 9815/3/4 9832/3/4
f 9825/3/4 9826/3/4 9833/3/4
f 9833/3/4 9826/3/4 9834/3/4
f 9829/3/4 9830/3/4 9835/3/4
f 9835/3/4 9830/3/4 9836/3/4
f 9823/3/4 9831/3/4 9837/3/4
f 9832/3/4 9815/3/4 9838/3/4
f 9833/3/4 9834/3/4 9839/3/4
f 9835/3/4 9836/3/4 9840/3/4
f 9840/3/4 9836/3/4 9841/3/4
f 9837/3/4 9831/3/4 9842/3/4
f 9832/3/4 9838/3/4 9843/3/4
f 9840/3/4 9841/3/4 9844/3/4
f 9837/3/4 9842/3/4 9846/3/4
f 9846/3/4 9842/3/4 9847/3/4
f 9832/3/4 9843/3/4 9848/3/4
f 9833/3/4 9839/3/4 9849/3/4
f 9849/3/4 9839/3/4 9850/3/4
f 9844/3/4 9841/3/4 9851/3/4
f 9851/3/4 9841/3/4 9852/3/4
f 9845/3/4 9846/3/4 9856/3/4
f 9846/3/4 9847/3/4 9856/3/4
f 9848/3/4 9843/3/4 9857/3/4
f 9857/3/4 9843/3/4 9858/3/4
f 9849/3/4 9850/3/4 9861/3/4
f 9861/3/4 9850/3/4 9862/3/4
f 9851/3/4 9852/3/4 9863/3/4
f 9852/3/4 9853/3/4 9863/3/4
f 9854/3/4 9855/3/4 9866/3/4
f 9855/3/4 9856/3/4 9866/3/4
f 9856/3/4 9847/3/4 9867/3/4
f 9866/3/4 9856/3/4 9867/3/4
f 9867/3/4 9847/3/4 9868/3/4
f 9858/3/4 9859/3/4 9869/3/4
f 9857/3/4 9858/3/4 9869/3/4
f 9861/3/4 9862/3/4 9875/3/4
f 9860/3/4 9861/3/4 9875/3/4
f 9851/3/4 9863/3/4 9876/3/4
f 9864/3/4 9865/3/4 9876/3/4
f 9863/3/4 9864/3/4 9876/3/4
f 9876/3/4 9865/3/4 9877/3/4
f 9877/3/4 9865/3/4 9878/3/4
f 9867/3/4 9868/3/4 9879/3/4
f 9879/3/4 9868/3/4 9880/3/4
f 9880/3/4 9868/3/4 9881/3/4
f 9873/3/4 9874/3/4 9882/3/4
f 9874/3/4 9875/3/4 9882/3/4
f 9872/3/4 9873/3/4 9882/3/4
f 9857/3/4 9869/3/4 9882/3/4
f 9869/3/4 9870/3/4 9882/3/4
f 9871/3/4 9872/3/4 9882/3/4
f 9870/3/4 9871/3/4 9882/3/4
f 9882/3/4 9875/3/4 9883/3/4
f 9883/3/4 9875/3/4 9884/3/4
f 9884/3/4 9875/3/4 9885/3/4
f 9885/3/4 9875/3/4 9886/3/4
f 9886/3/4 9875/3/4 9887/3/4
f 9887/3/4 9875/3/4 9888/3/4
f 9875/3/4 9862/3/4 9889/3/4
f 9888/3/4 9875/3/4 9889/3/4
f 9889/3/4 9862/3/4 9890/3/4
f 9876/3/4 9877/3/4 9891/3/4
f 9891/3/4 9877/3/4 9892/3/4
f 9892/3/4 9877/3/4 9893/3/4
f 9880/3/4 9881/3/4 9894/3/4
f 9882/3/4 9883/3/4 9895/3/4
f 9895/3/4 9883/3/4 9896/3/4
f 9889/3/4 9890/3/4 9897/3/4
f 9897/3/4 9890/3/4 9898/3/4
f 9891/3/4 9892/3/4 9899/3/4
f 9880/3/4 9894/3/4 9900/3/4
f 9898/3/4 9890/3/4 9901/3/4
f 9891/3/4 9899/3/4 9902/3/4
f 9900/3/4 9894/3/4 9903/3/4
f 9903/3/4 9894/3/4 9904/3/4
f 9882/3/4 9895/3/4 9905/3/4
f 9905/3/4 9895/3/4 9906/3/4
f 9902/3/4 9899/3/4 9907/3/4
f 9907/3/4 9899/3/4 9908/3/4
f 9903/3/4 9904/3/4 9909/3/4
f 9909/3/4 9904/3/4 9910/3/4
f 9905/3/4 9906/3/4 9911/3/4
f 9898/3/4 9901/3/4 9912/3/4
f 9912/3/4 9901/3/4 9913/3/4
f 9909/3/4 9910/3/4 9914/3/4
f 9914/3/4 9910/3/4 9915/3/4
f 9905/3/4 9911/3/4 9918/3/4
f 9912/3/4 9913/3/4 9919/3/4
f 9907/3/4 9908/3/4 9920/3/4
f 9915/3/4 9916/3/4 9921/3/4
f 9914/3/4 9915/3/4 9921/3/4
f 9917/3/4 9918/3/4 9926/3/4
f 9912/3/4 9919/3/4 9927/3/4
f 9907/3/4 9920/3/4 9930/3/4
f 9930/3/4 9920/3/4 9931/3/4
f 9925/3/4 9926/3/4 9932/3/4
f 9924/3/4 9925/3/4 9932/3/4
f 9914/3/4 9921/3/4 9932/3/4
f 9921/3/4 9922/3/4 9932/3/4
f 9922/3/4 9923/3/4 9932/3/4
f 9923/3/4 9924/3/4 9932/3/4
f 9932/3/4 9926/3/4 9933/3/4
f 9933/3/4 9926/3/4 9934/3/4
f 9934/3/4 9926/3/4 9935/3/4
f 9935/3/4 9926/3/4 9936/3/4
f 9936/3/4 9926/3/4 9937/3/4
f 9926/3/4 9918/3/4 9938/3/4
f 9937/3/4 9926/3/4 9938/3/4
f 9927/3/4 9928/3/4 9939/3/4
f 9930/3/4 9931/3/4 9944/3/4
f 9929/3/4 9930/3/4 9944/3/4
f 9944/3/4 9931/3/4 9945/3/4
f 9914/3/4 9932/3/4 9946/3/4
f 9946/3/4 9932/3/4 9947/3/4
f 9947/3/4 9932/3/4 9948/3/4
f 9938/3/4 9918/3/4 9949/3/4
f 9918/3/4 9911/3/4 9950/3/4
f 9949/3/4 9918/3/4 9950/3/4
f 9942/3/4 9943/3/4 9951/3/4
f 9941/3/4 9942/3/4 9951/3/4
f 9944/3/4 9945/3/4 9951/3/4
f 9943/3/4 9944/3/4 9951/3/4
f 9940/3/4 9941/3/4 9951/3/4
f 9927/3/4 9939/3/4 9951/3/4
f 9939/3/4 9940/3/4 9951/3/4
f 9951/3/4 9945/3/4 9952/3/4
f 9952/3/4 9945/3/4 9953/3/4
f 9953/3/4 9945/3/4 9954/3/4
f 9954/3/4 9945/3/4 9955/3/4
f 9955/3/4 9945/3/4 9956/3/4
f 9946/3/4 9947/3/4 9957/3/4
f 9950/3/4 9911/3/4 9958/3/4
f 9958/3/4 9911/3/4 9959/3/4
f 9927/3/4 9951/3/4 9960/3/4
f 9912/3/4 9927/3/4 9960/3/4
f 9960/3/4 9951/3/4 9961/3/4
f 9961/3/4 9951/3/4 9962/3/4
f 9956/3/4 9945/3/4 9963/3/4
f 9963/3/4 9945/3/4 9964/3/4
f 9964/3/4 9945/3/4 9965/3/4
f 9957/3/4 9947/3/4 9966/3/4
f 9966/3/4 9947/3/4 9967/3/4
f 9958/3/4 9959/3/4 9968/3/4
f 9968/3/4 9959/3/4 9969/3/4
f 9960/3/4 9961/3/4 9970/3/4
f 9970/3/4 9961/3/4 9971/3/4
f 9964/3/4 9965/3/4 9972/3/4
f 9972/3/4 9965/3/4 9973/3/4
f 9974/3/4 9975/3/4 10000/3/4
f 9975/4/4 9976/4/4 10001/4/4
f 10000/3/4 9975/3/4 10001/3/4
f 9976/2/4 9977/2/4 10002/2/4
f 10001/4/4 9976/4/4 10002/4/4
f 10002/2/4 9977/2/4 10003/2/4
f 9978/2/4 9979/2/4 10006/2/4
f 9979/3/4 9980/3/4 10007/3/4
f 10006/2/4 9979/2/4 10007/2/4
f 9980/4/4 9981/4/4 10008/4/4
f 10007/3/4 9980/3/4 10008/3/4
f 10008/4/4 9981/4/4 10009/4/4
f 9981/3/4 9982/3/4 10010/3/4
f 10009/4/4 9981/4/4 10010/4/4
f 10010/3/4 9982/3/4 10011/3/4
f 10011/3/4 9982/3/4 10012/3/4
f 9982/1/4 9983/1/4 10013/1/4
f 10012/3/4 9982/3/4 10013/3/4
f 10013/1/4 9983/1/4 10014/1/4
f 9984/3/4 9985/3/4 10017/3/4
f 9985/4/4 9986/4/4 10018/4/4
f 10017/3/4 9985/3/4 10018/3/4
f 10018/4/4 9986/4/4 10019/4/4
f 9986/2/4 9987/2/4 10020/2/4
f 10019/4/4 9986/4/4 10020/4/4
f 9987/3/4 9988/3/4 10021/3/4
f 10020/2/4 9987/2/4 10021/2/4
f 9988/4/4 9989/4/4 10022/4/4
f 10021/3/4 9988/3/4 10022/3/4
f 10022/4/4 9989/4/4 10023/4/4
f 10023/4/4 9989/4/4 10024/4/4
f 9990/1/4 9991/1/4 10027/1/4
f 9991/3/4 9992/3/4 10028/3/4
f 10027/1/4 9991/1/4 10028/1/4
f 9992/4/4 9993/4/4 10029/4/4
f 10028/3/4 9992/3/4 10029/3/4
f 10029/4/4 9993/4/4 10030/4/4
f 9993/3/4 9994/3/4 10031/3/4
f 10030/4/4 9993/4/4 10031/4/4
f 9994/1/4 9995/1/4 10032/1/4
f 10031/3/4 9994/3/4 10032/3/4
f 10032/1/4 9995/1/4 10033/1/4
f 9996/3/4 9997/3/4 10036/3/4
f 9997/4/4 9998/4/4 10037/4/4
f 10036/3/4 9997/3/4 10037/3/4
f 9998/1/4 9999/1/4 10038/1/4
f 10037/4/4 9998/4/4 10038/4/4
f 10038/1/4 9999/1/4 10039/1/4
f 10039/1/4 9999/1/4 10040/1/4
f 10003/2/4 10004/2/4 10041/2/4
f 10005/4/4 10006/4/4 10042/4/4
f 10042/4/4 10006/4/4 10043/4/4
f 10014/1/4 10015/1/4 10044/1/4
f 10044/1/4 10015/1/4 10045/1/4
f 10016/3/4 10017/3/4 10046/3/4
f 10046/3/4 10017/3/4 10047/3/4
f 10024/4/4 10025/4/4 10048/4/4
f 10048/4/4 10025/4/4 10049/4/4
f 10026/3/4 10027/3/4 10050/3/4
f 10050/3/4 10027/3/4 10051/3/4
f 10033/2/4 10034/2/4 10052/2/4
f 10052/2/4 10034/2/4 10053/2/4
f 10035/3/4 10036/3/4 10054/3/4
f 10054/3/4 10036/3/4 10055/3/4
f 10042/3/4 10043/3/4 10056/3/4
f 10046/4/4 10047/4/4 10057/4/4
f 10048/1/4 10049/1/4 10058/1/4
f 10050/4/4 10051/4/4 10059/4/4
f 10059/4/4 10051/4/4 10060/4/4
f 10052/1/4 10053/1/4 10061/1/4
f 10061/1/4 10053/1/4 10062/1/4
f 10054/1/4 10055/1/4 10063/1/4
f 10063/1/4 10055/1/4 10064/1/4
f 10041/2/4 10004/2/4 10065/2/4
f 10065/2/4 10004/2/4 10066/2/4
f 10042/3/4 10056/3/4 10067/3/4
f 10067/3/4 10056/3/4 10068/3/4
f 10044/4/4 10045/4/4 10069/4/4
f 10069/4/4 10045/4/4 10070/4/4
f 10046/4/4 10057/4/4 10071/4/4
f 10071/4/4 10057/4/4 10072/4/4
f 10059/3/4 10060/3/4 10073/3/4
f 10073/3/4 10060/3/4 10074/3/4
f 10061/4/4 10062/4/4 10075/4/4
f 10075/4/4 10062/4/4 10076/4/4
f 10063/3/4 10064/3/4 10077/3/4
f 10065/1/4 10066/1/4 10082/1/4
f 10082/1/4 10066/1/4 10083/1/4
f 10071/1/4 10072/1/4 10090/1/4
f 10090/1/4 10072/1/4 10091/1/4
f 10058/1/4 10049/1/4 10092/1/4
f 10092/1/4 10049/1/4 10093/1/4
f 10073/4/4 10074/4/4 10094/4/4
f 10063/3/4 10077/3/4 10095/3/4
f 10095/3/4 10077/3/4 10096/3/4
f 10078/1/4 10079/1/4 10100/1/4
f 10080/3/4 10081/3/4 10101/3/4
f 10100/1/4 10079/1/4 10101/1/4
f 10079/3/4 10080/3/4 10101/3/4
f 10081/1/4 10082/1/4 10102/1/4
f 10101/3/4 10081/3/4 10102/3/4
f 10102/1/4 10082/1/4 10103/1/4
f 10084/3/4 10085/3/4 10105/3/4
f 10085/1/4 10086/1/4 10106/1/4
f 10105/3/4 10085/3/4 10106/3/4
f 10106/1/4 10086/1/4 10107/1/4
f 10086/4/4 10087/4/4 10108/4/4
f 10107/1/4 10086/1/4 10108/1/4
f 10108/4/4 10087/4/4 10109/4/4
f 10087/2/4 10088/2/4 10110/2/4
f 10109/4/4 10087/4/4 10110/4/4
f 10088/1/4 10089/1/4 10111/1/4
f 10110/2/4 10088/2/4 10111/2/4
f 10111/1/4 10089/1/4 10112/1/4
f 10092/4/4 10093/4/4 10114/4/4
f 10096/3/4 10097/3/4 10115/3/4
f 10097/4/4 10098/4/4 10116/4/4
f 10115/3/4 10097/3/4 10116/3/4
f 10098/2/4 10099/2/4 10117/2/4
f 10116/4/4 10098/4/4 10117/4/4
f 10117/2/4 10099/2/4 10118/2/4
f 10104/3/4 10105/3/4 10121/3/4
f 10090/3/4 10091/3/4 10122/3/4
f 10114/4/4 10093/4/4 10123/4/4
f 10075/2/4 10076/2/4 10124/2/4
f 10124/2/4 10076/2/4 10125/2/4
f 10119/2/4 10120/2/4 10128/2/4
f 10128/2/4 10120/2/4 10129/2/4
f 10104/3/4 10121/3/4 10130/3/4
f 10130/3/4 10121/3/4 10131/3/4
f 10112/4/4 10113/4/4 10132/4/4
f 10132/4/4 10113/4/4 10133/4/4
f 10090/3/4 10122/3/4 10134/3/4
f 10134/3/4 10122/3/4 10135/3/4
f 10123/4/4 10093/4/4 10142/4/4
f 10142/4/4 10093/4/4 10143/4/4
f 10073/4/4 10094/4/4 10144/4/4
f 10124/1/4 10125/1/4 10145/1/4
f 10126/4/4 10127/4/4 10146/4/4
f 10128/1/4 10129/1/4 10147/1/4
f 10130/1/4 10131/1/4 10148/1/4
f 10148/1/4 10131/1/4 10149/1/4
f 10132/1/4 10133/1/4 10150/1/4
f 10150/1/4 10133/1/4 10151/1/4
f 10135/4/4 10136/4/4 10152/4/4
f 10136/4/4 10137/4/4 10152/4/4
f 10137/3/4 10138/3/4 10153/3/4
f 10152/4/4 10137/4/4 10153/4/4
f 10138/4/4 10139/4/4 10154/4/4
f 10153/3/4 10138/3/4 10154/3/4
f 10140/2/4 10141/2/4 10155/2/4
f 10154/4/4 10139/4/4 10155/4/4
f 10139/2/4 10140/2/4 10155/2/4
f 10141/1/4 10142/1/4 10156/1/4
f 10155/2/4 10141/2/4 10156/2/4
f 10156/1/4 10142/1/4 10157/1/4
f 10073/4/4 10144/4/4 10158/4/4
f 10158/4/4 10144/4/4 10159/4/4
f 10145/1/4 10125/1/4 10160/1/4
f 10160/1/4 10125/1/4 10161/1/4
f 10126/4/4 10146/4/4 10162/4/4
f 10147/1/4 10129/1/4 10163/1/4
f 10163/1/4 10129/1/4 10164/1/4
f 10148/4/4 10149/4/4 10165/4/4
f 10165/4/4 10149/4/4 10166/4/4
f 10160/4/4 10161/4/4 10172/4/4
f 10126/4/4 10162/4/4 10173/4/4
f 10173/4/4 10162/4/4 10174/4/4
f 10163/4/4 10164/4/4 10175/4/4
f 10175/4/4 10164/4/4 10176/4/4
f 10165/3/4 10166/3/4 10177/3/4
f 10177/3/4 10166/3/4 10178/3/4
f 10150/2/4 10151/2/4 10179/2/4
f 10167/4/4 10168/4/4 10181/4/4
f 10181/4/4 10168/4/4 10182/4/4
f 10168/2/4 10169/2/4 10183/2/4
f 10182/4/4 10168/4/4 10183/4/4
f 10183/2/4 10169/2/4 10184/2/4
f 10169/3/4 10170/3/4 10185/3/4
f 10184/2/4 10169/2/4 10185/2/4
f 10170/4/4 10171/4/4 10186/4/4
f 10185/3/4 10170/3/4 10186/3/4
f 10186/4/4 10171/4/4 10187/4/4
f 10187/4/4 10171/4/4 10188/4/4
f 10188/4/4 10171/4/4 10189/4/4
f 10158/3/4 10159/3/4 10191/3/4
f 10172/4/4 10161/4/4 10192/4/4
f 10173/3/4 10174/3/4 10193/3/4
f 10193/3/4 10174/3/4 10194/3/4
f 10175/2/4 10176/2/4 10195/2/4
f 10195/2/4 10176/2/4 10196/2/4
f 10177/1/4 10178/1/4 10197/1/4
f 10197/1/4 10178/1/4 10198/1/4
f 10179/2/4 10151/2/4 10199/2/4
f 10199/2/4 10151/2/4 10200/2/4
f 10180/1/4 10181/1/4 10201/1/4
f 10201/1/4 10181/1/4 10202/1/4
f 10158/3/4 10191/3/4 10203/3/4
f 10203/3/4 10191/3/4 10204/3/4
f 10192/4/4 10161/4/4 10209/4/4
f 10209/4/4 10161/4/4 10210/4/4
f 10193/4/4 10194/4/4 10211/4/4
f 10211/4/4 10194/4/4 10212/4/4
f 10195/1/4 10196/1/4 10213/1/4
f 10213/1/4 10196/1/4 10214/1/4
f 10197/4/4 10198/4/4 10215/4/4
f 10199/1/4 10200/1/4 10216/1/4
f 10216/1/4 10200/1/4 10217/1/4
f 10201/3/4 10202/3/4 10218/3/4
f 10189/2/4 10190/2/4 10219/2/4
f 10219/2/4 10190/2/4 10220/2/4
f 10204/4/4 10205/4/4 10221/4/4
f 10205/3/4 10206/3/4 10222/3/4
f 10221/4/4 10205/4/4 10222/4/4
f 10206/4/4 10207/4/4 10223/4/4
f 10222/3/4 10206/3/4 10223/3/4
f 10207/2/4 10208/2/4 10224/2/4
f 10223/4/4 10207/4/4 10224/4/4
f 10208/1/4 10209/1/4 10225/1/4
f 10224/2/4 10208/2/4 10225/2/4
f 10225/1/4 10209/1/4 10226/1/4
f 10211/1/4 10212/1/4 10227/1/4
f 10227/1/4 10212/1/4 10228/1/4
f 10213/4/4 10214/4/4 10229/4/4
f 10229/4/4 10214/4/4 10230/4/4
f 10197/4/4 10215/4/4 10231/4/4
f 10231/4/4 10215/4/4 10232/4/4
f 10216/2/4 10217/2/4 10233/2/4
f 10201/3/4 10218/3/4 10234/3/4
f 10234/3/4 10218/3/4 10235/3/4
f 10219/1/4 10220/1/4 10236/1/4
f 10236/1/4 10220/1/4 10237/1/4
f 10227/3/4 10228/3/4 10242/3/4
f 10242/3/4 10228/3/4 10243/3/4
f 10231/3/4 10232/3/4 10247/3/4
f 10236/4/4 10237/4/4 10248/4/4
f 10248/4/4 10237/4/4 10249/4/4
f 10238/4/4 10239/4/4 10250/4/4
f 10250/4/4 10239/4/4 10251/4/4
f 10240/2/4 10241/2/4 10252/2/4
f 10244/3/4 10245/3/4 10255/3/4
f 10255/3/4 10245/3/4 10256/3/4
f 10245/2/4 10246/2/4 10257/2/4
f 10256/3/4 10245/3/4 10257/3/4
f 10257/2/4 10246/2/4 10258/2/4
f 10231/3/4 10247/3/4 10260/3/4
f 10260/3/4 10247/3/4 10261/3/4
f 10233/2/4 10217/2/4 10262/2/4
f 10262/2/4 10217/2/4 10263/2/4
f 10234/1/4 10235/1/4 10264/1/4
f 10264/1/4 10235/1/4 10265/1/4
f 10248/2/4 10249/2/4 10266/2/4
f 10266/2/4 10249/2/4 10267/2/4
f 10250/3/4 10251/3/4 10268/3/4
f 10268/3/4 10251/3/4 10269/3/4
f 10252/2/4 10241/2/4 10270/2/4
f 10270/2/4 10241/2/4 10271/2/4
f 10253/4/4 10254/4/4 10273/4/4
f 10273/4/4 10254/4/4 10274/4/4
f 10274/4/4 10254/4/4 10275/4/4
f 10258/1/4 10259/1/4 10276/1/4
f 10276/1/4 10259/1/4 10277/1/4
f 10260/4/4 10261/4/4 10278/4/4
f 10278/4/4 10261/4/4 10279/4/4
f 10262/1/4 10263/1/4 10280/1/4
f 10280/1/4 10263/1/4 10281/1/4
f 10264/4/4 10265/4/4 10282/4/4
f 10282/4/4 10265/4/4 10283/4/4
f 10266/1/4 10267/1/4 10284/1/4
f 10270/1/4 10271/1/4 10285/1/4
f 10276/4/4 10277/4/4 10286/4/4
f 10286/4/4 10277/4/4 10287/4/4
f 10278/1/4 10279/1/4 10288/1/4
f 10288/1/4 10279/1/4 10289/1/4
f 10280/4/4 10281/4/4 10296/4/4
f 10296/4/4 10281/4/4 10297/4/4
f 10282/3/4 10283/3/4 10298/3/4
f 10298/3/4 10283/3/4 10299/3/4
f 10284/1/4 10267/1/4 10300/1/4
f 10285/1/4 10271/1/4 10301/1/4
f 10301/1/4 10271/1/4 10302/1/4
f 10272/4/4 10273/4/4 10303/4/4
f 10286/2/4 10287/2/4 10304/2/4
f 10304/2/4 10287/2/4 10305/2/4
f 10289/2/4 10290/2/4 10306/2/4
f 10290/1/4 10291/1/4 10307/1/4
f 10306/2/4 10290/2/4 10307/2/4
f 10291/4/4 10292/4/4 10308/4/4
f 10307/1/4 10291/1/4 10308/1/4
f 10292/2/4 10293/2/4 10309/2/4
f 10308/4/4 10292/4/4 10309/4/4
f 10293/2/4 10294/2/4 10309/2/4
f 10294/1/4 10295/1/4 10310/1/4
f 10309/2/4 10294/2/4 10310/2/4
f 10295/2/4 10296/2/4 10311/2/4
f 10310/1/4 10295/1/4 10311/1/4
f 10311/2/4 10296/2/4 10312/2/4
f 10300/1/4 10267/1/4 10313/1/4
f 10313/1/4 10267/1/4 10314/1/4
f 10301/2/4 10302/2/4 10315/2/4
f 10315/2/4 10302/2/4 10316/2/4
f 10272/4/4 10303/4/4 10317/4/4
f 10317/4/4 10303/4/4 10318/4/4
f 10298/4/4 10299/4/4 10323/4/4
f 10313/4/4 10314/4/4 10324/4/4
f 10324/4/4 10314/4/4 10325/4/4
f 10268/4/4 10269/4/4 10326/4/4
f 10326/4/4 10269/4/4 10327/4/4
f 10315/1/4 10316/1/4 10328/1/4
f 10328/1/4 10316/1/4 10329/1/4
f 10317/3/4 10318/3/4 10330/3/4
f 10304/4/4 10305/4/4 10331/4/4
f 10331/4/4 10305/4/4 10332/4/4
f 10319/4/4 10320/4/4 10334/4/4
f 10334/4/4 10320/4/4 10335/4/4
f 10335/4/4 10320/4/4 10336/4/4
f 10320/3/4 10321/3/4 10337/3/4
f 10336/4/4 10320/4/4 10337/4/4
f 10337/3/4 10321/3/4 10338/3/4
f 10321/2/4 10322/2/4 10339/2/4
f 10338/3/4 10321/3/4 10339/3/4
f 10339/2/4 10322/2/4 10340/2/4
f 10340/2/4 10322/2/4 10341/2/4
f 10298/4/4 10323/4/4 10343/4/4
f 10343/4/4 10323/4/4 10344/4/4
f 10326/3/4 10327/3/4 10345/3/4
f 10317/3/4 10330/3/4 10346/3/4
f 10346/3/4 10330/3/4 10347/3/4
f 10331/1/4 10332/1/4 10348/1/4
f 10348/1/4 10332/1/4 10349/1/4
f 10333/3/4 10334/3/4 10350/3/4
f 10350/3/4 10334/3/4 10351/3/4
f 10341/1/4 10342/1/4 10352/1/4
f 10343/3/4 10344/3/4 10353/3/4
f 10326/3/4 10345/3/4 10354/3/4
f 10354/3/4 10345/3/4 10355/3/4
f 10328/4/4 10329/4/4 10356/4/4
f 10356/4/4 10329/4/4 10357/4/4
f 10346/4/4 10347/4/4 10358/4/4
f 10348/2/4 10349/2/4 10359/2/4
f 10359/2/4 10349/2/4 10360/2/4
f 10350/4/4 10351/4/4 10361/4/4
f 10352/1/4 10342/1/4 10362/1/4
f 10362/1/4 10342/1/4 10363/1/4
f 10343/3/4 10353/3/4 10364/3/4
f 10364/3/4 10353/3/4 10365/3/4
f 10324/2/4 10325/2/4 10366/2/4
f 10366/2/4 10325/2/4 10367/2/4
f 10346/4/4 10358/4/4 10373/4/4
f 10373/4/4 10358/4/4 10374/4/4
f 10359/4/4 10360/4/4 10375/4/4
f 10375/4/4 10360/4/4 10376/4/4
f 10350/4/4 10361/4/4 10377/4/4
f 10377/4/4 10361/4/4 10378/4/4
f 10366/1/4 10367/1/4 10379/1/4
f 10379/1/4 10367/1/4 10380/1/4
f 10368/4/4 10369/4/4 10382/4/4
f 10369/2/4 10370/2/4 10383/2/4
f 10382/4/4 10369/4/4 10383/4/4
f 10383/2/4 10370/2/4 10384/2/4
f 10370/3/4 10371/3/4 10385/3/4
f 10384/2/4 10370/2/4 10385/2/4
f 10371/4/4 10372/4/4 10386/4/4
f 10385/3/4 10371/3/4 10386/3/4
f 10386/4/4 10372/4/4 10387/4/4
f 10387/4/4 10372/4/4 10388/4/4
f 10373/3/4 10374/3/4 10390/3/4
f 10390/3/4 10374/3/4 10391/3/4
f 10375/1/4 10376/1/4 10392/1/4
f 10377/1/4 10378/1/4 10393/1/4
f 10393/1/4 10378/1/4 10394/1/4
f 10362/2/4 10363/2/4 10395/2/4
f 10395/2/4 10363/2/4 10396/2/4
f 10379/4/4 10380/4/4 10397/4/4
f 10397/4/4 10380/4/4 10398/4/4
f 10381/1/4 10382/1/4 10399/1/4
f 10399/1/4 10382/1/4 10400/1/4
f 10388/2/4 10389/2/4 10401/2/4
f 10401/2/4 10389/2/4 10402/2/4
f 10390/1/4 10391/1/4 10403/1/4
f 10403/1/4 10391/1/4 10404/1/4
f 10392/1/4 10376/1/4 10405/1/4
f 10405/1/4 10376/1/4 10406/1/4
f 10393/3/4 10394/3/4 10407/3/4
f 10364/4/4 10365/4/4 10408/4/4
f 10408/4/4 10365/4/4 10409/4/4
f 10399/3/4 10400/3/4 10410/3/4
f 10410/3/4 10400/3/4 10411/3/4
f 10401/1/4 10402/1/4 10412/1/4
f 10412/1/4 10402/1/4 10413/1/4
f 10403/4/4 10404/4/4 10414/4/4
f 10414/4/4 10404/4/4 10415/4/4
f 10393/3/4 10407/3/4 10416/3/4
f 10416/3/4 10407/3/4 10417/3/4
f 10395/4/4 10396/4/4 10418/4/4
f 10408/1/4 10409/1/4 10419/1/4
f 10419/1/4 10409/1/4 10420/1/4
f 10412/4/4 10413/4/4 10421/4/4
f 10421/4/4 10413/4/4 10422/4/4
f 10414/3/4 10415/3/4 10423/3/4
f 10405/2/4 10406/2/4 10428/2/4
f 10428/2/4 10406/2/4 10429/2/4
f 10416/1/4 10417/1/4 10430/1/4
f 10430/1/4 10417/1/4 10431/1/4
f 10418/4/4 10396/4/4 10432/4/4
f 10432/4/4 10396/4/4 10433/4/4
f 10419/3/4 10420/3/4 10434/3/4
f 10397/2/4 10398/2/4 10435/2/4
f 10435/2/4 10398/2/4 10436/2/4
f 10410/1/4 10411/1/4 10437/1/4
f 10437/1/4 10411/1/4 10438/1/4
f 10421/2/4 10422/2/4 10439/2/4
f 10439/2/4 10422/2/4 10440/2/4
f 10414/3/4 10423/3/4 10441/3/4
f 10441/3/4 10423/3/4 10442/3/4
f 10425/1/4 10426/1/4 10446/1/4
f 10424/1/4 10425/1/4 10446/1/4
f 10426/4/4 10427/4/4 10447/4/4
f 10446/1/4 10426/1/4 10447/1/4
f 10427/2/4 10428/2/4 10448/2/4
f 10447/4/4 10427/4/4 10448/4/4
f 10448/2/4 10428/2/4 10449/2/4
f 10430/4/4 10431/4/4 10450/4/4
f 10432/1/4 10433/1/4 10451/1/4
f 10451/1/4 10433/1/4 10452/1/4
f 10419/3/4 10434/3/4 10453/3/4
f 10453/3/4 10434/3/4 10454/3/4
f 10435/1/4 10436/1/4 10461/1/4
f 10461/1/4 10436/1/4 10462/1/4
f 10437/3/4 10438/3/4 10463/3/4
f 10463/3/4 10438/3/4 10464/3/4
f 10439/1/4 10440/1/4 10465/1/4
f 10442/4/4 10443/4/4 10466/4/4
f 10443/2/4 10444/2/4 10467/2/4
f 10466/4/4 10443/4/4 10467/4/4
f 10444/1/4 10445/1/4 10468/1/4
f 10467/2/4 10444/2/4 10468/2/4
f 10468/1/4 10445/1/4 10469/1/4
f 10430/4/4 10450/4/4 10473/4/4
f 10473/4/4 10450/4/4 10474/4/4
f 10454/3/4 10455/3/4 10475/3/4
f 10455/4/4 10456/4/4 10476/4/4
f 10475/3/4 10455/3/4 10476/3/4
f 10456/2/4 10457/2/4 10477/2/4
f 10476/4/4 10456/4/4 10477/4/4
f 10457/1/4 10458/1/4 10478/1/4
f 10477/2/4 10457/2/4 10478/2/4
f 10459/3/4 10460/3/4 10479/3/4
f 10478/1/4 10458/1/4 10479/1/4
f 10458/3/4 10459/3/4 10479/3/4
f 10460/1/4 10461/1/4 10480/1/4
f 10479/3/4 10460/3/4 10480/3/4
f 10480/1/4 10461/1/4 10481/1/4
f 10465/1/4 10440/1/4 10482/1/4
f 10482/1/4 10440/1/4 10483/1/4
f 10470/3/4 10471/3/4 10486/3/4
f 10471/4/4 10472/4/4 10487/4/4
f 10486/3/4 10471/3/4 10487/3/4
f 10487/4/4 10472/4/4 10488/4/4
f 10488/4/4 10472/4/4 10489/4/4
f 10489/4/4 10472/4/4 10490/4/4
f 10473/3/4 10474/3/4 10492/3/4
f 10492/3/4 10474/3/4 10493/3/4
f 10451/4/4 10452/4/4 10494/4/4
f 10494/4/4 10452/4/4 10495/4/4
f 10463/4/4 10464/4/4 10503/4/4
f 10503/4/4 10464/4/4 10504/4/4
f 10482/4/4 10483/4/4 10505/4/4
f 10505/4/4 10483/4/4 10506/4/4
f 10484/4/4 10485/4/4 10508/4/4
f 10508/4/4 10485/4/4 10509/4/4
f 10509/4/4 10485/4/4 10510/4/4
f 10492/1/4 10493/1/4 10511/1/4
f 10511/1/4 10493/1/4 10512/1/4
f 10494/1/4 10495/1/4 10513/1/4
f 10496/1/4 10497/1/4 10515/1/4
f 10515/1/4 10497/1/4 10516/1/4
f 10497/4/4 10498/4/4 10517/4/4
f 10516/1/4 10497/1/4 10517/1/4
f 10498/2/4 10499/2/4 10518/2/4
f 10517/4/4 10498/4/4 10518/4/4
f 10499/1/4 10500/1/4 10519/1/4
f 10518/2/4 10499/2/4 10519/2/4
f 10500/4/4 10501/4/4 10520/4/4
f 10519/1/4 10500/1/4 10520/1/4
f 10501/2/4 10502/2/4 10521/2/4
f 10520/4/4 10501/4/4 10521/4/4
f 10521/2/4 10502/2/4 10522/2/4
f 10503/3/4 10504/3/4 10524/3/4
f 10507/1/4 10508/1/4 10525/1/4
f 10525/1/4 10508/1/4 10526/1/4
f 10490/2/4 10491/2/4 10527/2/4
f 10527/2/4 10491/2/4 10528/2/4
f 10513/1/4 10495/1/4 10529/1/4
f 10503/3/4 10524/3/4 10530/3/4
f 10530/3/4 10524/3/4 10531/3/4
f 10505/2/4 10506/2/4 10532/2/4
f 10532/2/4 10506/2/4 10533/2/4
f 10525/3/4 10526/3/4 10534/3/4
f 10527/1/4 10528/1/4 10535/1/4
f 10535/1/4 10528/1/4 10536/1/4
f 10511/4/4 10512/4/4 10537/4/4
f 10537/4/4 10512/4/4 10538/4/4
f 10529/1/4 10495/1/4 10539/1/4
f 10539/1/4 10495/1/4 10540/1/4
f 10514/4/4 10515/4/4 10541/4/4
f 10541/4/4 10515/4/4 10542/4/4
f 10522/2/4 10523/2/4 10543/2/4
f 10532/1/4 10533/1/4 10544/1/4
f 10544/1/4 10533/1/4 10545/1/4
f 10525/3/4 10534/3/4 10546/3/4
f 10546/3/4 10534/3/4 10547/3/4
f 10535/4/4 10536/4/4 10548/4/4
f 10548/4/4 10536/4/4 10549/4/4
f 10537/3/4 10538/3/4 10550/3/4
f 10550/3/4 10538/3/4 10551/3/4
f 10539/2/4 10540/2/4 10552/2/4
f 10541/3/4 10542/3/4 10553/3/4
f 10553/3/4 10542/3/4 10554/3/4
f 10543/2/4 10523/2/4 10555/2/4
f 10555/2/4 10523/2/4 10556/2/4
f 10530/4/4 10531/4/4 10557/4/4
f 10557/4/4 10531/4/4 10558/4/4
f 10548/2/4 10549/2/4 10559/2/4
f 10559/2/4 10549/2/4 10560/2/4
f 10550/1/4 10551/1/4 10561/1/4
f 10561/1/4 10551/1/4 10562/1/4
f 10552/2/4 10540/2/4 10570/2/4
f 10570/2/4 10540/2/4 10571/2/4
f 10555/1/4 10556/1/4 10572/1/4
f 10557/1/4 10558/1/4 10573/1/4
f 10573/1/4 10558/1/4 10574/1/4
f 10546/1/4 10547/1/4 10575/1/4
f 10575/1/4 10547/1/4 10576/1/4
f 10559/1/4 10560/1/4 10577/1/4
f 10562/4/4 10563/4/4 10578/4/4
f 10563/2/4 10564/2/4 10579/2/4
f 10578/4/4 10563/4/4 10579/4/4
f 10564/2/4 10565/2/4 10579/2/4
f 10565/1/4 10566/1/4 10580/1/4
f 10579/2/4 10565/2/4 10580/2/4
f 10566/1/4 10567/1/4 10580/1/4
f 10567/1/4 10568/1/4 10580/1/4
f 10568/4/4 10569/4/4 10581/4/4
f 10580/1/4 10568/1/4 10581/1/4
f 10569/2/4 10570/2/4 10582/2/4
f 10581/4/4 10569/4/4 10582/4/4
f 10582/2/4 10570/2/4 10583/2/4
f 10553/4/4 10554/4/4 10584/4/4
f 10573/3/4 10574/3/4 10585/3/4
f 10585/3/4 10574/3/4 10586/3/4
f 10544/2/4 10545/2/4 10591/2/4
f 10591/2/4 10545/2/4 10592/2/4
f 10575/4/4 10576/4/4 10593/4/4
f 10593/4/4 10576/4/4 10594/4/4
f 10577/1/4 10560/1/4 10595/1/4
f 10586/3/4 10587/3/4 10603/3/4
f 10587/2/4 10588/2/4 10604/2/4
f 10603/3/4 10587/3/4 10604/3/4
f 10588/1/4 10589/1/4 10605/1/4
f 10604/2/4 10588/2/4 10605/2/4
f 10589/3/4 10590/3/4 10606/3/4
f 10605/1/4 10589/1/4 10606/1/4
f 10590/1/4 10591/1/4 10607/1/4
f 10606/3/4 10590/3/4 10607/3/4
f 10607/1/4 10591/1/4 10608/1/4
f 10593/3/4 10594/3/4 10609/3/4
f 10609/3/4 10594/3/4 10610/3/4
f 10595/1/4 10560/1/4 10611/1/4
f 10611/1/4 10560/1/4 10612/1/4
f 10596/1/4 10597/1/4 10614/1/4
f 10614/1/4 10597/1/4 10615/1/4
f 10597/4/4 10598/4/4 10616/4/4
f 10615/1/4 10597/1/4 10616/1/4
f 10598/2/4 10599/2/4 10617/2/4
f 10616/4/4 10598/4/4 10617/4/4
f 10599/1/4 10600/1/4 10618/1/4
f 10617/2/4 10599/2/4 10618/2/4
f 10600/4/4 10601/4/4 10619/4/4
f 10618/1/4 10600/1/4 10619/1/4
f 10601/2/4 10602/2/4 10620/2/4
f 10619/4/4 10601/4/4 10620/4/4
f 10620/2/4 10602/2/4 10621/2/4
f 10572/1/4 10556/1/4 10623/1/4
f 10611/4/4 10612/4/4 10630/4/4
f 10630/4/4 10612/4/4 10631/4/4
f 10613/4/4 10614/4/4 10632/4/4
f 10621/2/4 10622/2/4 10633/2/4
f 10633/2/4 10622/2/4 10634/2/4
f 10553/4/4 10584/4/4 10635/4/4
f 10635/4/4 10584/4/4 10636/4/4
f 10623/1/4 10556/1/4 10637/1/4
f 10637/1/4 10556/1/4 10638/1/4
f 10624/1/4 10625/1/4 10640/1/4
f 10625/4/4 10626/4/4 10641/4/4
f 10640/1/4 10625/1/4 10641/1/4
f 10626/2/4 10627/2/4 10642/2/4
f 10641/4/4 10626/4/4 10642/4/4
f 10627/1/4 10628/1/4 10643/1/4
f 10642/2/4 10627/2/4 10643/2/4
f 10628/2/4 10629/2/4 10644/2/4
f 10643/1/4 10628/1/4 10644/1/4
f 10644/2/4 10629/2/4 10645/2/4
f 10609/4/4 10610/4/4 10647/4/4
f 10613/4/4 10632/4/4 10648/4/4
f 10633/1/4 10634/1/4 10649/1/4
f 10609/4/4 10647/4/4 10650/4/4
f 10650/4/4 10647/4/4 10651/4/4
f 10630/2/4 10631/2/4 10652/2/4
f 10613/4/4 10648/4/4 10653/4/4
f 10635/3/4 10636/3/4 10654/3/4
f 10637/4/4 10638/4/4 10655/4/4
f 10639/4/4 10640/4/4 10656/4/4
f 10656/4/4 10640/4/4 10657/4/4
f 10645/2/4 10646/2/4 10658/2/4
f 10650/3/4 10651/3/4 10659/3/4
f 10652/2/4 10631/2/4 10663/2/4
f 10663/2/4 10631/2/4 10664/2/4
f 10613/4/4 10653/4/4 10665/4/4
f 10665/4/4 10653/4/4 10666/4/4
f 10649/1/4 10634/1/4 10674/1/4
f 10674/1/4 10634/1/4 10675/1/4
f 10635/3/4 10654/3/4 10676/3/4
f 10676/3/4 10654/3/4 10677/3/4
f 10655/4/4 10638/4/4 10684/4/4
f 10684/4/4 10638/4/4 10685/4/4
f 10656/3/4 10657/3/4 10686/3/4
f 10686/3/4 10657/3/4 10687/3/4
f 10658/2/4 10646/2/4 10693/2/4
f 10693/2/4 10646/2/4 10694/2/4
f 10650/3/4 10659/3/4 10695/3/4
f 10695/3/4 10659/3/4 10696/3/4
f 10660/3/4 10661/3/4 10701/3/4
f 10661/4/4 10662/4/4 10702/4/4
f 10701/3/4 10661/3/4 10702/3/4
f 10662/2/4 10663/2/4 10703/2/4
f 10702/4/4 10662/4/4 10703/4/4
f 10703/2/4 10663/2/4 10704/2/4
f 10666/2/4 10667/2/4 10705/2/4
f 10667/3/4 10668/3/4 10706/3/4
f 10705/2/4 10667/2/4 10706/2/4
f 10668/4/4 10669/4/4 10707/4/4
f 10706/3/4 10668/3/4 10707/3/4
f 10669/4/4 10670/4/4 10707/4/4
f 10672/3/4 10673/3/4 10708/3/4
f 10707/4/4 10670/4/4 10708/4/4
f 10670/3/4 10671/3/4 10708/3/4
f 10671/3/4 10672/3/4 10708/3/4
f 10673/1/4 10674/1/4 10709/1/4
f 10708/3/4 10673/3/4 10709/3/4
f 10709/1/4 10674/1/4 10710/1/4
f 10677/3/4 10678/3/4 10711/3/4
f 10679/4/4 10680/4/4 10712/4/4
f 10711/3/4 10678/3/4 10712/3/4
f 10678/4/4 10679/4/4 10712/4/4
f 10680/2/4 10681/2/4 10713/2/4
f 10712/4/4 10680/4/4 10713/4/4
f 10681/3/4 10682/3/4 10714/3/4
f 10713/2/4 10681/2/4 10714/2/4
f 10682/4/4 10683/4/4 10715/4/4
f 10714/3/4 10682/3/4 10715/3/4
f 10683/4/4 10684/4/4 10715/4/4
f 10715/4/4 10684/4/4 10716/4/4
f 10687/1/4 10688/1/4 10717/1/4
f 10688/3/4 10689/3/4 10718/3/4
f 10717/1/4 10688/1/4 10718/1/4
f 10690/4/4 10691/4/4 10719/4/4
f 10718/3/4 10689/3/4 10719/3/4
f 10689/4/4 10690/4/4 10719/4/4
f 10691/3/4 10692/3/4 10720/3/4
f 10719/4/4 10691/4/4 10720/4/4
f 10692/1/4 10693/1/4 10721/1/4
f 10720/3/4 10692/3/4 10721/3/4
f 10721/1/4 10693/1/4 10722/1/4
f 10696/3/4 10697/3/4 10723/3/4
f 10697/4/4 10698/4/4 10724/4/4
f 10723/3/4 10697/3/4 10724/3/4
f 10698/1/4 10699/1/4 10725/1/4
f 10724/4/4 10698/4/4 10725/4/4
f 10699/1/4 10700/1/4 10725/1/4
f 10725/1/4 10700/1/4 10726/1/4
f 10727/3/4 10728/3/4 10758/3/4
f 10758/3/4 10728/3/4 10759/3/4
f 10728/1/4 10729/1/4 10760/1/4
f 10759/3/4 10728/3/4 10760/3/4
f 10760/1/4 10729/1/4 10761/1/4
f 10730/4/4 10731/4/4 10762/4/4
f 10731/3/4 10732/3/4 10762/3/4
f 10732/4/4 10733/4/4 10763/4/4
f 10762/3/4 10732/3/4 10763/3/4
f 10733/2/4 10734/2/4 10764/2/4
f 10763/4/4 10733/4/4 10764/4/4
f 10764/2/4 10734/2/4 10765/2/4
f 10734/1/4 10735/1/4 10766/1/4
f 10765/2/4 10734/2/4 10766/2/4
f 10735/4/4 10736/4/4 10767/4/4
f 10766/1/4 10735/1/4 10767/1/4
f 10736/2/4 10737/2/4 10768/2/4
f 10767/4/4 10736/4/4 10768/4/4
f 10768/2/4 10737/2/4 10769/2/4
f 10738/4/4 10739/4/4 10770/4/4
f 10739/3/4 10740/3/4 10771/3/4
f 10770/4/4 10739/4/4 10771/4/4
f 10740/4/4 10741/4/4 10772/4/4
f 10771/3/4 10740/3/4 10772/3/4
f 10741/2/4 10742/2/4 10773/2/4
f 10772/4/4 10741/4/4 10773/4/4
f 10742/1/4 10743/1/4 10774/1/4
f 10773/2/4 10742/2/4 10774/2/4
f 10743/4/4 10744/4/4 10775/4/4
f 10774/1/4 10743/1/4 10775/1/4
f 10744/2/4 10745/2/4 10776/2/4
f 10775/4/4 10744/4/4 10776/4/4
f 10776/2/4 10745/2/4 10777/2/4
f 10746/4/4 10747/4/4 10778/4/4
f 10747/3/4 10748/3/4 10779/3/4
f 10778/4/4 10747/4/4 10779/4/4
f 10748/4/4 10749/4/4 10780/4/4
f 10779/3/4 10748/3/4 10780/3/4
f 10749/2/4 10750/2/4 10781/2/4
f 10780/4/4 10749/4/4 10781/4/4
f 10750/3/4 10751/3/4 10782/3/4
f 10781/2/4 10750/2/4 10782/2/4
f 10751/4/4 10752/4/4 10783/4/4
f 10782/3/4 10751/3/4 10783/3/4
f 10783/4/4 10752/4/4 10784/4/4
f 10753/4/4 10754/4/4 10785/4/4
f 10754/3/4 10755/3/4 10785/3/4
f 10755/1/4 10756/1/4 10786/1/4
f 10785/3/4 10755/3/4 10786/3/4
f 10756/3/4 10757/3/4 10787/3/4
f 10786/1/4 10756/1/4 10787/1/4
f 10787/3/4 10757/3/4 10788/3/4
f 10758/1/4 10759/1/4 10789/1/4
f 10759/4/4 10760/4/4 10790/4/4
f 10789/1/4 10759/1/4 10790/1/4
f 10730/4/4 10762/4/4 10791/4/4
f 10762/2/4 10763/2/4 10792/2/4
f 10791/4/4 10762/4/4 10792/4/4
f 10763/2/4 10764/2/4 10792/2/4
f 10764/4/4 10765/4/4 10793/4/4
f 10792/2/4 10764/2/4 10793/2/4
f 10765/3/4 10766/3/4 10794/3/4
f 10793/4/4 10765/4/4 10794/4/4
f 10766/1/4 10767/1/4 10795/1/4
f 10794/3/4 10766/3/4 10795/3/4
f 10767/2/4 10768/2/4 10796/2/4
f 10795/1/4 10767/1/4 10796/1/4
f 10770/2/4 10771/2/4 10797/2/4
f 10771/1/4 10772/1/4 10798/1/4
f 10797/2/4 10771/2/4 10798/2/4
f 10772/1/4 10773/1/4 10798/1/4
f 10773/1/4 10774/1/4 10798/1/4
f 10798/1/4 10774/1/4 10799/1/4
f 10799/1/4 10774/1/4 10800/1/4
f 10774/4/4 10775/4/4 10801/4/4
f 10775/4/4 10776/4/4 10801/4/4
f 10776/1/4 10777/1/4 10802/1/4
f 10801/4/4 10776/4/4 10802/4/4
f 10802/1/4 10777/1/4 10803/1/4
f 10778/2/4 10779/2/4 10804/2/4
f 10779/4/4 10780/4/4 10805/4/4
f 10804/2/4 10779/2/4 10805/2/4
f 10780/4/4 10781/4/4 10805/4/4
f 10805/4/4 10781/4/4 10806/4/4
f 10781/3/4 10782/3/4 10807/3/4
f 10806/4/4 10781/4/4 10807/4/4
f 10782/3/4 10783/3/4 10807/3/4
f 10807/3/4 10783/3/4 10808/3/4
f 10783/1/4 10784/1/4 10809/1/4
f 10808/3/4 10783/3/4 10809/3/4
f 10809/1/4 10784/1/4 10810/1/4
f 10753/4/4 10785/4/4 10811/4/4
f 10785/2/4 10786/2/4 10812/2/4
f 10811/4/4 10785/4/4 10812/4/4
f 10787/2/4 10788/2/4 10812/2/4
f 10786/2/4 10787/2/4 10812/2/4
f 10812/2/4 10788/2/4 10813/2/4
f 10790/4/4 10760/4/4 10814/4/4
f 10789/3/4 10790/3/4 10814/3/4
f 10760/2/4 10761/2/4 10815/2/4
f 10814/4/4 10760/4/4 10815/4/4
f 10791/3/4 10792/3/4 10816/3/4
f 10792/1/4 10793/1/4 10817/1/4
f 10816/3/4 10792/3/4 10817/3/4
f 10793/4/4 10794/4/4 10818/4/4
f 10817/1/4 10793/1/4 10818/1/4
f 10795/4/4 10796/4/4 10818/4/4
f 10794/4/4 10795/4/4 10818/4/4
f 10796/2/4 10768/2/4 10819/2/4
f 10818/4/4 10796/4/4 10819/4/4
f 10768/1/4 10769/1/4 10820/1/4
f 10819/2/4 10768/2/4 10820/2/4
f 10820/1/4 10769/1/4 10821/1/4
f 10797/1/4 10798/1/4 10822/1/4
f 10798/4/4 10799/4/4 10823/4/4
f 10822/1/4 10798/1/4 10823/1/4
f 10823/4/4 10799/4/4 10824/4/4
f 10799/2/4 10800/2/4 10825/2/4
f 10824/4/4 10799/4/4 10825/4/4
f 10804/3/4 10805/3/4 10826/3/4
f 10805/4/4 10806/4/4 10827/4/4
f 10826/3/4 10805/3/4 10827/3/4
f 10808/3/4 10809/3/4 10828/3/4
f 10807/2/4 10808/2/4 10828/2/4
f 10806/2/4 10807/2/4 10828/2/4
f 10809/4/4 10810/4/4 10829/4/4
f 10828/3/4 10809/3/4 10829/3/4
f 10829/4/4 10810/4/4 10830/4/4
f 10811/3/4 10812/3/4 10831/3/4
f 10812/1/4 10813/1/4 10832/1/4
f 10831/3/4 10812/3/4 10832/3/4
f 10832/1/4 10813/1/4 10833/1/4
f 10789/3/4 10814/3/4 10834/3/4
f 10814/3/4 10815/3/4 10834/3/4
f 10815/2/4 10761/2/4 10835/2/4
f 10834/3/4 10815/3/4 10835/3/4
f 10835/2/4 10761/2/4 10836/2/4
f 10822/4/4 10823/4/4 10837/4/4
f 10823/4/4 10824/4/4 10837/4/4
f 10824/2/4 10825/2/4 10838/2/4
f 10837/4/4 10824/4/4 10838/4/4
f 10825/2/4 10800/2/4 10839/2/4
f 10838/2/4 10825/2/4 10839/2/4
f 10800/1/4 10774/1/4 10840/1/4
f 10839/2/4 10800/2/4 10840/2/4
f 10774/4/4 10801/4/4 10841/4/4
f 10840/1/4 10774/1/4 10841/1/4
f 10802/2/4 10803/2/4 10842/2/4
f 10841/4/4 10801/4/4 10842/4/4
f 10801/2/4 10802/2/4 10842/2/4
f 10842/2/4 10803/2/4 10843/2/4
f 10843/2/4 10803/2/4 10844/2/4
f 10826/4/4 10827/4/4 10845/4/4
f 10827/4/4 10806/4/4 10846/4/4
f 10845/4/4 10827/4/4 10846/4/4
f 10806/2/4 10828/2/4 10846/2/4
f 10832/4/4 10833/4/4 10847/4/4
f 10831/4/4 10832/4/4 10847/4/4
f 10847/4/4 10833/4/4 10848/4/4
f 10838/2/4 10839/2/4 10856/2/4
f 10837/2/4 10838/2/4 10856/2/4
f 10839/4/4 10840/4/4 10857/4/4
f 10856/2/4 10839/2/4 10857/2/4
f 10840/3/4 10841/3/4 10858/3/4
f 10857/4/4 10840/4/4 10858/4/4
f 10841/1/4 10842/1/4 10859/1/4
f 10858/3/4 10841/3/4 10859/3/4
f 10842/2/4 10843/2/4 10860/2/4
f 10859/1/4 10842/1/4 10860/1/4
f 10843/1/4 10844/1/4 10861/1/4
f 10860/2/4 10843/2/4 10861/2/4
f 10861/1/4 10844/1/4 10862/1/4
f 10846/2/4 10828/2/4 10863/2/4
f 10845/2/4 10846/2/4 10863/2/4
f 10828/1/4 10829/1/4 10863/1/4
f 10829/2/4 10830/2/4 10864/2/4
f 10863/1/4 10829/1/4 10864/1/4
f 10849/4/4 10850/4/4 10869/4/4
f 10850/2/4 10851/2/4 10870/2/4
f 10869/4/4 10850/4/4 10870/4/4
f 10851/3/4 10852/3/4 10871/3/4
f 10870/2/4 10851/2/4 10871/2/4
f 10852/4/4 10853/4/4 10872/4/4
f 10871/3/4 10852/3/4 10872/3/4
f 10822/4/4 10837/4/4 10873/4/4
f 10837/2/4 10856/2/4 10874/2/4
f 10873/4/4 10837/4/4 10874/4/4
f 10856/4/4 10857/4/4 10875/4/4
f 10874/2/4 10856/2/4 10875/2/4
f 10857/3/4 10858/3/4 10876/3/4
f 10875/4/4 10857/4/4 10876/4/4
f 10859/4/4 10860/4/4 10877/4/4
f 10876/3/4 10858/3/4 10877/3/4
f 10858/4/4 10859/4/4 10877/4/4
f 10860/1/4 10861/1/4 10878/1/4
f 10877/4/4 10860/4/4 10878/4/4
f 10861/3/4 10862/3/4 10879/3/4
f 10878/1/4 10861/1/4 10879/1/4
f 10879/3/4 10862/3/4 10880/3/4
f 10845/2/4 10863/2/4 10881/2/4
f 10863/3/4 10864/3/4 10882/3/4
f 10881/2/4 10863/2/4 10882/2/4
f 10864/2/4 10830/2/4 10883/2/4
f 10882/3/4 10864/3/4 10883/3/4
f 10883/2/4 10830/2/4 10884/2/4
f 10865/2/4 10866/2/4 10890/2/4
f 10866/1/4 10867/1/4 10890/1/4
f 10867/2/4 10868/2/4 10891/2/4
f 10890/1/4 10867/1/4 10891/1/4
f 10891/2/4 10868/2/4 10892/2/4
f 10869/3/4 10870/3/4 10893/3/4
f 10870/1/4 10871/1/4 10894/1/4
f 10893/3/4 10870/3/4 10894/3/4
f 10871/1/4 10872/1/4 10894/1/4
f 10894/1/4 10872/1/4 10895/1/4
f 10872/4/4 10853/4/4 10896/4/4
f 10895/1/4 10872/1/4 10896/1/4
f 10853/2/4 10854/2/4 10897/2/4
f 10896/4/4 10853/4/4 10897/4/4
f 10897/2/4 10854/2/4 10898/2/4
f 10854/1/4 10855/1/4 10899/1/4
f 10898/2/4 10854/2/4 10899/2/4
f 10899/1/4 10855/1/4 10900/1/4
f 10873/3/4 10874/3/4 10901/3/4
f 10875/1/4 10876/1/4 10902/1/4
f 10901/3/4 10874/3/4 10902/3/4
f 10874/1/4 10875/1/4 10902/1/4
f 10877/4/4 10878/4/4 10903/4/4
f 10902/1/4 10876/1/4 10903/1/4
f 10876/4/4 10877/4/4 10903/4/4
f 10878/2/4 10879/2/4 10904/2/4
f 10903/4/4 10878/4/4 10904/4/4
f 10879/1/4 10880/1/4 10905/1/4
f 10904/2/4 10879/2/4 10905/2/4
f 10905/1/4 10880/1/4 10906/1/4
f 10845/2/4 10881/2/4 10907/2/4
f 10881/1/4 10882/1/4 10908/1/4
f 10907/2/4 10881/2/4 10908/2/4
f 10908/1/4 10882/1/4 10909/1/4
f 10909/1/4 10882/1/4 10910/1/4
f 10882/4/4 10883/4/4 10911/4/4
f 10883/1/4 10884/1/4 10911/1/4
f 10911/1/4 10884/1/4 10912/1/4
f 10885/2/4 10886/2/4 10913/2/4
f 10886/1/4 10887/1/4 10914/1/4
f 10913/2/4 10886/2/4 10914/2/4
f 10887/4/4 10888/4/4 10915/4/4
f 10914/1/4 10887/1/4 10915/1/4
f 10888/2/4 10889/2/4 10916/2/4
f 10915/4/4 10888/4/4 10916/4/4
f 10916/2/4 10889/2/4 10917/2/4
f 10865/2/4 10890/2/4 10918/2/4
f 10890/3/4 10891/3/4 10919/3/4
f 10918/2/4 10890/2/4 10919/2/4
f 10891/4/4 10892/4/4 10920/4/4
f 10919/3/4 10891/3/4 10920/3/4
f 10920/4/4 10892/4/4 10921/4/4
f 10894/4/4 10895/4/4 10922/4/4
f 10893/4/4 10894/4/4 10922/4/4
f 10895/2/4 10896/2/4 10923/2/4
f 10922/4/4 10895/4/4 10923/4/4
f 10896/1/4 10897/1/4 10924/1/4
f 10897/2/4 10898/2/4 10924/2/4
f 10898/4/4 10899/4/4 10925/4/4
f 10924/2/4 10898/2/4 10925/2/4
f 10899/3/4 10900/3/4 10926/3/4
f 10925/4/4 10899/4/4 10926/4/4
f 10926/3/4 10900/3/4 10927/3/4
f 10907/1/4 10908/1/4 10928/1/4
f 10908/4/4 10909/4/4 10929/4/4
f 10928/1/4 10908/1/4 10929/1/4
f 10909/2/4 10910/2/4 10930/2/4
f 10929/4/4 10909/4/4 10930/4/4
f 10910/1/4 10882/1/4 10931/1/4
f 10930/2/4 10910/2/4 10931/2/4
f 10882/4/4 10911/4/4 10932/4/4
f 10931/1/4 10882/1/4 10932/1/4
f 10911/2/4 10912/2/4 10933/2/4
f 10932/4/4 10911/4/4 10933/4/4
f 10933/2/4 10912/2/4 10934/2/4
f 10914/4/4 10915/4/4 10935/4/4
f 10913/4/4 10914/4/4 10935/4/4
f 10915/3/4 10916/3/4 10936/3/4
f 10935/4/4 10915/4/4 10936/4/4
f 10916/4/4 10917/4/4 10937/4/4
f 10936/3/4 10916/3/4 10937/3/4
f 10937/4/4 10917/4/4 10938/4/4
f 10918/3/4 10919/3/4 10939/3/4
f 10919/4/4 10920/4/4 10940/4/4
f 10939/3/4 10919/3/4 10940/3/4
f 10920/2/4 10921/2/4 10941/2/4
f 10940/4/4 10920/4/4 10941/4/4
f 10941/2/4 10921/2/4 10942/2/4
f 10924/4/4 10925/4/4 10943/4/4
f 10925/3/4 10926/3/4 10944/3/4
f 10943/4/4 10925/4/4 10944/4/4
f 10926/4/4 10927/4/4 10945/4/4
f 10944/3/4 10926/3/4 10945/3/4
f 10929/2/4 10930/2/4 10946/2/4
f 10928/4/4 10929/4/4 10946/4/4
f 10930/4/4 10931/4/4 10947/4/4
f 10946/2/4 10930/2/4 10947/2/4
f 10931/3/4 10932/3/4 10948/3/4
f 10947/4/4 10931/4/4 10948/4/4
f 10933/1/4 10934/1/4 10949/1/4
f 10948/3/4 10932/3/4 10949/3/4
f 10932/1/4 10933/1/4 10949/1/4
f 10949/1/4 10934/1/4 10950/1/4
f 10950/1/4 10934/1/4 10951/1/4
f 10935/2/4 10936/2/4 10952/2/4
f 10952/2/4 10936/2/4 10953/2/4
f 10936/1/4 10937/1/4 10954/1/4
f 10953/2/4 10936/2/4 10954/2/4
f 10937/1/4 10938/1/4 10954/1/4
f 10954/1/4 10938/1/4 10955/1/4
f 10955/1/4 10938/1/4 10956/1/4
f 10941/4/4 10942/4/4 10957/4/4
f 10940/3/4 10941/3/4 10957/3/4
f 10957/4/4 10942/4/4 10958/4/4
f 10958/4/4 10942/4/4 10959/4/4
f 10922/2/4 10923/2/4 10960/2/4
f 10893/4/4 10922/4/4 10960/4/4
f 10923/2/4 10896/2/4 10961/2/4
f 10960/2/4 10923/2/4 10961/2/4
f 10896/1/4 10924/1/4 10962/1/4
f 10961/2/4 10896/2/4 10962/2/4
f 10924/4/4 10943/4/4 10963/4/4
f 10962/1/4 10924/1/4 10963/1/4
f 10943/2/4 10944/2/4 10964/2/4
f 10963/4/4 10943/4/4 10964/4/4
f 10945/4/4 10927/4/4 10965/4/4
f 10944/1/4 10945/1/4 10965/1/4
f 10965/4/4 10927/4/4 10966/4/4
f 10928/4/4 10946/4/4 10974/4/4
f 10946/4/4 10947/4/4 10974/4/4
f 10974/4/4 10947/4/4 10975/4/4
f 10947/3/4 10948/3/4 10976/3/4
f 10975/4/4 10947/4/4 10976/4/4
f 10948/4/4 10949/4/4 10977/4/4
f 10976/3/4 10948/3/4 10977/3/4
f 10949/4/4 10950/4/4 10977/4/4
f 10950/3/4 10951/3/4 10978/3/4
f 10977/4/4 10950/4/4 10978/4/4
f 10978/3/4 10951/3/4 10979/3/4
f 10952/3/4 10953/3/4 10980/3/4
f 10953/4/4 10954/4/4 10981/4/4
f 10980/3/4 10953/3/4 10981/3/4
f 10954/4/4 10955/4/4 10981/4/4
f 10981/4/4 10955/4/4 10982/4/4
f 10955/2/4 10956/2/4 10983/2/4
f 10982/4/4 10955/4/4 10983/4/4
f 10939/2/4 10940/2/4 10984/2/4
f 10940/3/4 10957/3/4 10985/3/4
f 10984/2/4 10940/2/4 10985/2/4
f 10957/1/4 10958/1/4 10986/1/4
f 10985/3/4 10957/3/4 10986/3/4
f 10958/2/4 10959/2/4 10987/2/4
f 10986/1/4 10958/1/4 10987/1/4
f 10893/4/4 10960/4/4 10988/4/4
f 10960/4/4 10961/4/4 10988/4/4
f 10961/1/4 10962/1/4 10989/1/4
f 10988/4/4 10961/4/4 10989/4/4
f 10962/4/4 10963/4/4 10990/4/4
f 10989/1/4 10962/1/4 10990/1/4
f 10964/2/4 10944/2/4 10991/2/4
f 10963/2/4 10964/2/4 10991/2/4
f 10944/1/4 10965/1/4 10991/1/4
f 10965/2/4 10966/2/4 10992/2/4
f 10991/1/4 10965/1/4 10992/1/4
f 10992/2/4 10966/2/4 10993/2/4
f 10967/4/4 10968/4/4 10994/4/4
f 10968/2/4 10969/2/4 10995/2/4
f 10994/4/4 10968/4/4 10995/4/4
f 10969/3/4 10970/3/4 10996/3/4
f 10995/2/4 10969/2/4 10996/2/4
f 10970/1/4 10971/1/4 10997/1/4
f 10996/3/4 10970/3/4 10997/3/4
f 10997/1/4 10971/1/4 10998/1/4
f 10971/4/4 10972/4/4 10999/4/4
f 10998/1/4 10971/1/4 10999/1/4
f 10972/2/4 10973/2/4 11000/2/4
f 10999/4/4 10972/4/4 11000/4/4
f 10974/3/4 10975/3/4 11001/3/4
f 10975/1/4 10976/1/4 11002/1/4
f 11001/3/4 10975/3/4 11002/3/4
f 10976/4/4 10977/4/4 11003/4/4
f 11002/1/4 10976/1/4 11003/1/4
f 10977/4/4 10978/4/4 11003/4/4
f 10978/1/4 10979/1/4 11004/1/4
f 11003/4/4 10978/4/4 11004/4/4
f 11004/1/4 10979/1/4 11005/1/4
f 10980/2/4 10981/2/4 11006/2/4
f 10981/1/4 10982/1/4 11007/1/4
f 11006/2/4 10981/2/4 11007/2/4
f 10982/2/4 10983/2/4 11008/2/4
f 11007/1/4 10982/1/4 11008/1/4
f 10984/1/4 10985/1/4 11009/1/4
f 10985/4/4 10986/4/4 11010/4/4
f 11009/1/4 10985/1/4 11010/1/4
f 10987/2/4 10959/2/4 11011/2/4
f 10986/2/4 10987/2/4 11011/2/4
f 11011/2/4 10959/2/4 11012/2/4
f 10893/4/4 10988/4/4 11013/4/4
f 10988/2/4 10989/2/4 11014/2/4
f 11013/4/4 10988/4/4 11014/4/4
f 10989/3/4 10990/3/4 11015/3/4
f 11014/2/4 10989/2/4 11015/2/4
f 10990/4/4 10963/4/4 11016/4/4
f 11015/3/4 10990/3/4 11016/3/4
f 10963/2/4 10991/2/4 11017/2/4
f 11016/4/4 10963/4/4 11017/4/4
f 10991/2/4 10992/2/4 11017/2/4
f 11017/2/4 10992/2/4 11018/2/4
f 10992/1/4 10993/1/4 11019/1/4
f 11018/2/4 10992/2/4 11019/2/4
f 11019/1/4 10993/1/4 11020/1/4
f 10994/3/4 10995/3/4 11021/3/4
f 10995/1/4 10996/1/4 11022/1/4
f 11021/3/4 10995/3/4 11022/3/4
f 10997/3/4 10998/3/4 11023/3/4
f 11022/1/4 10996/1/4 11023/1/4
f 10996/3/4 10997/3/4 11023/3/4
f 10998/4/4 10999/4/4 11024/4/4
f 11023/3/4 10998/3/4 11024/3/4
f 10999/1/4 11000/1/4 11025/1/4
f 11024/4/4 10999/4/4 11025/4/4
f 11000/2/4 10973/2/4 11026/2/4
f 11025/1/4 11000/1/4 11026/1/4
f 11026/2/4 10973/2/4 11027/2/4
f 11007/4/4 11008/4/4 11028/4/4
f 11006/4/4 11007/4/4 11028/4/4
f 11028/4/4 11008/4/4 11029/4/4
f 11008/2/4 10983/2/4 11030/2/4
f 11029/4/4 11008/4/4 11030/4/4
f 10983/2/4 10956/2/4 11031/2/4
f 11030/2/4 10983/2/4 11031/2/4
f 11031/2/4 10956/2/4 11032/2/4
f 11009/4/4 11010/4/4 11033/4/4
f 11010/4/4 10986/4/4 11034/4/4
f 11033/4/4 11010/4/4 11034/4/4
f 10986/2/4 11011/2/4 11034/2/4
f 11011/1/4 11012/1/4 11035/1/4
f 11034/2/4 11011/2/4 11035/2/4
f 11035/1/4 11012/1/4 11036/1/4
f 11014/3/4 11015/3/4 11037/3/4
f 11013/2/4 11014/2/4 11037/2/4
f 11015/4/4 11016/4/4 11038/4/4
f 11037/3/4 11015/3/4 11038/3/4
f 11017/4/4 11018/4/4 11038/4/4
f 11016/4/4 11017/4/4 11038/4/4
f 11038/4/4 11018/4/4 11039/4/4
f 11018/3/4 11019/3/4 11040/3/4
f 11039/4/4 11018/4/4 11040/4/4
f 11040/3/4 11019/3/4 11041/3/4
f 11019/4/4 11020/4/4 11042/4/4
f 11041/3/4 11019/3/4 11042/3/4
f 11042/4/4 11020/4/4 11043/4/4
f 11022/4/4 11023/4/4 11044/4/4
f 11021/4/4 11022/4/4 11044/4/4
f 11024/3/4 11025/3/4 11045/3/4
f 11044/4/4 11023/4/4 11045/4/4
f 11023/3/4 11024/3/4 11045/3/4
f 11045/3/4 11025/3/4 11046/3/4
f 11046/3/4 11025/3/4 11047/3/4
f 11026/1/4 11027/1/4 11048/1/4
f 11047/3/4 11025/3/4 11048/3/4
f 11025/1/4 11026/1/4 11048/1/4
f 11048/1/4 11027/1/4 11049/1/4
f 11049/1/4 11027/1/4 11050/1/4
f 11028/3/4 11029/3/4 11057/3/4
f 11029/1/4 11030/1/4 11058/1/4
f 11057/3/4 11029/3/4 11058/3/4
f 11030/1/4 11031/1/4 11058/1/4
f 11031/4/4 11032/4/4 11059/4/4
f 11058/1/4 11031/1/4 11059/1/4
f 11059/4/4 11032/4/4 11060/4/4
f 11013/2/4 11037/2/4 11061/2/4
f 11037/1/4 11038/1/4 11062/1/4
f 11061/2/4 11037/2/4 11062/2/4
f 11021/4/4 11044/4/4 11063/4/4
f 11044/2/4 11045/2/4 11064/2/4
f 11063/4/4 11044/4/4 11064/4/4
f 11045/4/4 11046/4/4 11065/4/4
f 11064/2/4 11045/2/4 11065/2/4
f 11046/3/4 11047/3/4 11066/3/4
f 11065/4/4 11046/4/4 11066/4/4
f 11047/1/4 11048/1/4 11067/1/4
f 11066/3/4 11047/3/4 11067/3/4
f 11048/1/4 11049/1/4 11067/1/4
f 11049/4/4 11050/4/4 11068/4/4
f 11067/1/4 11049/1/4 11068/1/4
f 11068/4/4 11050/4/4 11069/4/4
f 11051/2/4 11052/2/4 11070/2/4
f 11052/4/4 11053/4/4 11071/4/4
f 11070/2/4 11052/2/4 11071/2/4
f 11053/2/4 11054/2/4 11072/2/4
f 11071/4/4 11053/4/4 11072/4/4
f 11054/1/4 11055/1/4 11073/1/4
f 11072/2/4 11054/2/4 11073/2/4
f 11055/2/4 11056/2/4 11074/2/4
f 11073/1/4 11055/1/4 11074/1/4
f 11074/2/4 11056/2/4 11075/2/4
f 11061/3/4 11062/3/4 11080/3/4
f 11062/1/4 11038/1/4 11081/1/4
f 11080/3/4 11062/3/4 11081/3/4
f 11038/4/4 11039/4/4 11082/4/4
f 11081/1/4 11038/1/4 11082/1/4
f 11039/2/4 11040/2/4 11083/2/4
f 11082/4/4 11039/4/4 11083/4/4
f 11040/2/4 11041/2/4 11083/2/4
f 11083/2/4 11041/2/4 11084/2/4
f 11084/2/4 11041/2/4 11085/2/4
f 11041/1/4 11042/1/4 11086/1/4
f 11085/2/4 11041/2/4 11086/2/4
f 11042/2/4 11043/2/4 11087/2/4
f 11086/1/4 11042/1/4 11087/1/4
f 11087/2/4 11043/2/4 11088/2/4
f 11021/4/4 11063/4/4 11089/4/4
f 11064/2/4 11065/2/4 11090/2/4
f 11089/4/4 11063/4/4 11090/4/4
f 11063/2/4 11064/2/4 11090/2/4
f 11065/2/4 11066/2/4 11090/2/4
f 11067/4/4 11068/4/4 11091/4/4
f 11068/2/4 11069/2/4 11092/2/4
f 11091/4/4 11068/4/4 11092/4/4
f 11070/1/4 11071/1/4 11093/1/4
f 11071/3/4 11072/3/4 11094/3/4
f 11093/1/4 11071/1/4 11094/1/4
f 11072/4/4 11073/4/4 11095/4/4
f 11094/3/4 11072/3/4 11095/3/4
f 11095/4/4 11073/4/4 11096/4/4
f 11073/3/4 11074/3/4 11097/3/4
f 11096/4/4 11073/4/4 11097/4/4
f 11074/1/4 11075/1/4 11098/1/4
f 11097/3/4 11074/3/4 11098/3/4
f 11098/1/4 11075/1/4 11099/1/4
f 11076/4/4 11077/4/4 11103/4/4
f 11077/1/4 11078/1/4 11104/1/4
f 11103/4/4 11077/4/4 11104/4/4
f 11078/4/4 11079/4/4 11105/4/4
f 11104/1/4 11078/1/4 11105/1/4
f 11083/1/4 11084/1/4 11106/1/4
f 11082/3/4 11083/3/4 11106/3/4
f 11084/2/4 11085/2/4 11107/2/4
f 11106/1/4 11084/1/4 11107/1/4
f 11085/4/4 11086/4/4 11108/4/4
f 11107/2/4 11085/2/4 11108/2/4
f 11086/3/4 11087/3/4 11109/3/4
f 11108/4/4 11086/4/4 11109/4/4
f 11087/1/4 11088/1/4 11110/1/4
f 11109/3/4 11087/3/4 11110/3/4
f 11110/1/4 11088/1/4 11111/1/4
f 11089/2/4 11090/2/4 11112/2/4
f 11090/2/4 11066/2/4 11113/2/4
f 11112/2/4 11090/2/4 11113/2/4
f 11113/2/4 11066/2/4 11114/2/4
f 11066/1/4 11067/1/4 11115/1/4
f 11114/2/4 11066/2/4 11115/2/4
f 11067/4/4 11091/4/4 11116/4/4
f 11115/1/4 11067/1/4 11116/1/4
f 11091/2/4 11092/2/4 11117/2/4
f 11116/4/4 11091/4/4 11117/4/4
f 11092/2/4 11069/2/4 11118/2/4
f 11117/2/4 11092/2/4 11118/2/4
f 11093/2/4 11094/2/4 11119/2/4
f 11094/1/4 11095/1/4 11119/1/4
f 11095/2/4 11096/2/4 11120/2/4
f 11119/1/4 11095/1/4 11120/1/4
f 11096/1/4 11097/1/4 11121/1/4
f 11120/2/4 11096/2/4 11121/2/4
f 11097/4/4 11098/4/4 11122/4/4
f 11121/1/4 11097/1/4 11122/1/4
f 11098/2/4 11099/2/4 11123/2/4
f 11122/4/4 11098/4/4 11123/4/4
f 11123/2/4 11099/2/4 11124/2/4
f 11105/4/4 11079/4/4 11125/4/4
f 11104/4/4 11105/4/4 11125/4/4
f 11125/4/4 11079/4/4 11126/4/4
f 11080/2/4 11081/2/4 11127/2/4
f 11081/2/4 11082/2/4 11127/2/4
f 11106/3/4 11107/3/4 11128/3/4
f 11127/2/4 11082/2/4 11128/2/4
f 11082/3/4 11106/3/4 11128/3/4
f 11107/1/4 11108/1/4 11129/1/4
f 11128/3/4 11107/3/4 11129/3/4
f 11108/3/4 11109/3/4 11130/3/4
f 11129/1/4 11108/1/4 11130/1/4
f 11110/4/4 11111/4/4 11131/4/4
f 11130/3/4 11109/3/4 11131/3/4
f 11109/4/4 11110/4/4 11131/4/4
f 11131/4/4 11111/4/4 11132/4/4
f 11112/4/4 11113/4/4 11133/4/4
f 11113/2/4 11114/2/4 11134/2/4
f 11133/4/4 11113/4/4 11134/4/4
f 11114/1/4 11115/1/4 11135/1/4
f 11134/2/4 11114/2/4 11135/2/4
f 11115/3/4 11116/3/4 11136/3/4
f 11135/1/4 11115/1/4 11136/1/4
f 11117/1/4 11118/1/4 11137/1/4
f 11136/3/4 11116/3/4 11137/3/4
f 11116/1/4 11117/1/4 11137/1/4
f 11137/1/4 11118/1/4 11138/1/4
f 11093/2/4 11119/2/4 11139/2/4
f 11119/4/4 11120/4/4 11139/4/4
f 11120/4/4 11121/4/4 11139/4/4
f 11122/3/4 11123/3/4 11140/3/4
f 11139/4/4 11121/4/4 11140/4/4
f 11121/3/4 11122/3/4 11140/3/4
f 11140/3/4 11123/3/4 11141/3/4
f 11123/1/4 11124/1/4 11142/1/4
f 11141/3/4 11123/3/4 11142/3/4
f 11142/1/4 11124/1/4 11143/1/4
f 11100/4/4 11101/4/4 11144/4/4
f 11101/2/4 11102/2/4 11145/2/4
f 11144/4/4 11101/4/4 11145/4/4
f 11104/4/4 11125/4/4 11146/4/4
f 11103/1/4 11104/1/4 11146/1/4
f 11125/2/4 11126/2/4 11147/2/4
f 11146/4/4 11125/4/4 11147/4/4
f 11133/3/4 11134/3/4 11148/3/4
f 11134/1/4 11135/1/4 11148/1/4
f 11148/1/4 11135/1/4 11149/1/4
f 11135/4/4 11136/4/4 11150/4/4
f 11149/1/4 11135/1/4 11150/1/4
f 11137/4/4 11138/4/4 11151/4/4
f 11151/4/4 11138/4/4 11152/4/4
f 11093/2/4 11139/2/4 11153/2/4
f 11139/2/4 11140/2/4 11153/2/4
f 11140/2/4 11141/2/4 11153/2/4
f 11141/1/4 11142/1/4 11154/1/4
f 11153/2/4 11141/2/4 11154/2/4
f 11142/2/4 11143/2/4 11155/2/4
f 11154/1/4 11142/1/4 11155/1/4
f 11155/2/4 11143/2/4 11156/2/4
f 11144/2/4 11145/2/4 11157/2/4
f 11145/2/4 11102/2/4 11158/2/4
f 11157/2/4 11145/2/4 11158/2/4
f 11158/2/4 11102/2/4 11159/2/4
f 11159/2/4 11102/2/4 11160/2/4
f 11148/3/4 11149/3/4 11161/3/4
f 11133/3/4 11148/3/4 11161/3/4
f 11161/3/4 11149/3/4 11162/3/4
f 11149/4/4 11150/4/4 11163/4/4
f 11162/3/4 11149/3/4 11163/3/4
f 11150/4/4 11136/4/4 11164/4/4
f 11163/4/4 11150/4/4 11164/4/4
f 11136/1/4 11137/1/4 11165/1/4
f 11164/4/4 11136/4/4 11165/4/4
f 11137/4/4 11151/4/4 11166/4/4
f 11165/1/4 11137/1/4 11166/1/4
f 11166/4/4 11151/4/4 11167/4/4
f 11093/2/4 11153/2/4 11168/2/4
f 11153/1/4 11154/1/4 11169/1/4
f 11168/2/4 11153/2/4 11169/2/4
f 11169/1/4 11154/1/4 11170/1/4
f 11170/1/4 11154/1/4 11171/1/4
f 11154/4/4 11155/4/4 11172/4/4
f 11171/1/4 11154/1/4 11172/1/4
f 11155/1/4 11156/1/4 11173/1/4
f 11172/4/4 11155/4/4 11173/4/4
f 11157/1/4 11158/1/4 11174/1/4
f 11158/2/4 11159/2/4 11175/2/4
f 11174/1/4 11158/1/4 11175/1/4
f 11159/1/4 11160/1/4 11176/1/4
f 11175/2/4 11159/2/4 11176/2/4
f 11176/1/4 11160/1/4 11177/1/4
f 11103/1/4 11146/1/4 11178/1/4
f 11146/2/4 11147/2/4 11179/2/4
f 11178/1/4 11146/1/4 11179/1/4
f 11147/2/4 11126/2/4 11180/2/4
f 11179/2/4 11147/2/4 11180/2/4
f 11180/2/4 11126/2/4 11181/2/4
f 11164/2/4 11165/2/4 11189/2/4
f 11165/2/4 11166/2/4 11189/2/4
f 11166/1/4 11167/1/4 11190/1/4
f 11189/2/4 11166/2/4 11190/2/4
f 11167/4/4 11151/4/4 11191/4/4
f 11190/1/4 11167/1/4 11191/1/4
f 11151/2/4 11152/2/4 11192/2/4
f 11191/4/4 11151/4/4 11192/4/4
f 11168/4/4 11169/4/4 11193/4/4
f 11169/2/4 11170/2/4 11194/2/4
f 11193/4/4 11169/4/4 11194/4/4
f 11170/4/4 11171/4/4 11195/4/4
f 11194/2/4 11170/2/4 11195/2/4
f 11171/3/4 11172/3/4 11196/3/4
f 11195/4/4 11171/4/4 11196/4/4
f 11172/1/4 11173/1/4 11197/1/4
f 11196/3/4 11172/3/4 11197/3/4
f 11173/1/4 11156/1/4 11198/1/4
f 11197/1/4 11173/1/4 11198/1/4
f 11174/3/4 11175/3/4 11199/3/4
f 11175/1/4 11176/1/4 11200/1/4
f 11199/3/4 11175/3/4 11200/3/4
f 11176/3/4 11177/3/4 11201/3/4
f 11200/1/4 11176/1/4 11201/1/4
f 11201/3/4 11177/3/4 11202/3/4
f 11178/3/4 11179/3/4 11203/3/4
f 11179/3/4 11180/3/4 11203/3/4
f 11180/4/4 11181/4/4 11204/4/4
f 11203/3/4 11180/3/4 11204/3/4
f 11204/4/4 11181/4/4 11205/4/4
f 11205/4/4 11181/4/4 11206/4/4
f 11182/3/4 11183/3/4 11207/3/4
f 11183/4/4 11184/4/4 11208/4/4
f 11207/3/4 11183/3/4 11208/3/4
f 11184/2/4 11185/2/4 11209/2/4
f 11208/4/4 11184/4/4 11209/4/4
f 11185/1/4 11186/1/4 11210/1/4
f 11209/2/4 11185/2/4 11210/2/4
f 11186/3/4 11187/3/4 11211/3/4
f 11210/1/4 11186/1/4 11211/1/4
f 11211/3/4 11187/3/4 11212/3/4
f 11187/1/4 11188/1/4 11213/1/4
f 11212/3/4 11187/3/4 11213/3/4
f 11213/1/4 11188/1/4 11214/1/4
f 11161/1/4 11162/1/4 11215/1/4
f 11162/4/4 11163/4/4 11216/4/4
f 11215/1/4 11162/1/4 11216/1/4
f 11163/4/4 11164/4/4 11216/4/4
f 11216/4/4 11164/4/4 11217/4/4
f 11164/2/4 11189/2/4 11218/2/4
f 11217/4/4 11164/4/4 11218/4/4
f 11189/1/4 11190/1/4 11219/1/4
f 11218/2/4 11189/2/4 11219/2/4
f 11190/4/4 11191/4/4 11220/4/4
f 11219/1/4 11190/1/4 11220/1/4
f 11193/3/4 11194/3/4 11221/3/4
f 11194/1/4 11195/1/4 11222/1/4
f 11221/3/4 11194/3/4 11222/3/4
f 11196/4/4 11197/4/4 11223/4/4
f 11222/1/4 11195/1/4 11223/1/4
f 11195/4/4 11196/4/4 11223/4/4
f 11197/4/4 11198/4/4 11223/4/4
f 11198/1/4 11156/1/4 11224/1/4
f 11223/4/4 11198/4/4 11224/4/4
f 11224/1/4 11156/1/4 11225/1/4
f 11199/4/4 11200/4/4 11226/4/4
f 11200/2/4 11201/2/4 11227/2/4
f 11226/4/4 11200/4/4 11227/4/4
f 11227/2/4 11201/2/4 11228/2/4
f 11201/1/4 11202/1/4 11229/1/4
f 11228/2/4 11201/2/4 11229/2/4
f 11229/1/4 11202/1/4 11230/1/4
f 11203/4/4 11204/4/4 11231/4/4
f 11204/4/4 11205/4/4 11231/4/4
f 11205/2/4 11206/2/4 11232/2/4
f 11231/4/4 11205/4/4 11232/4/4
f 11207/4/4 11208/4/4 11233/4/4
f 11209/2/4 11210/2/4 11234/2/4
f 11233/4/4 11208/4/4 11234/4/4
f 11208/2/4 11209/2/4 11234/2/4
f 11210/4/4 11211/4/4 11235/4/4
f 11234/2/4 11210/2/4 11235/2/4
f 11211/1/4 11212/1/4 11236/1/4
f 11235/4/4 11211/4/4 11236/4/4
f 11213/4/4 11214/4/4 11237/4/4
f 11236/1/4 11212/1/4 11237/1/4
f 11212/4/4 11213/4/4 11237/4/4
f 11237/4/4 11214/4/4 11238/4/4
f 11215/3/4 11216/3/4 11239/3/4
f 11216/4/4 11217/4/4 11240/4/4
f 11239/3/4 11216/3/4 11240/3/4
f 11218/1/4 11219/1/4 11241/1/4
f 11240/4/4 11217/4/4 11241/4/4
f 11217/1/4 11218/1/4 11241/1/4
f 11241/1/4 11219/1/4 11242/1/4
f 11219/3/4 11220/3/4 11243/3/4
f 11242/1/4 11219/1/4 11243/1/4
f 11220/4/4 11191/4/4 11244/4/4
f 11243/3/4 11220/3/4 11244/3/4
f 11191/2/4 11192/2/4 11245/2/4
f 11244/4/4 11191/4/4 11245/4/4
f 11192/2/4 11152/2/4 11246/2/4
f 11245/2/4 11192/2/4 11246/2/4
f 11227/2/4 11228/2/4 11247/2/4
f 11226/2/4 11227/2/4 11247/2/4
f 11247/2/4 11228/2/4 11248/2/4
f 11228/1/4 11229/1/4 11249/1/4
f 11248/2/4 11228/2/4 11249/2/4
f 11229/3/4 11230/3/4 11250/3/4
f 11249/1/4 11229/1/4 11250/1/4
f 11250/3/4 11230/3/4 11251/3/4
f 11178/3/4 11203/3/4 11252/3/4
f 11203/4/4 11231/4/4 11252/4/4
f 11231/2/4 11232/2/4 11253/2/4
f 11252/4/4 11231/4/4 11253/4/4
f 11239/4/4 11240/4/4 11254/4/4
f 11240/3/4 11241/3/4 11254/3/4
f 11241/1/4 11242/1/4 11255/1/4
f 11254/3/4 11241/3/4 11255/3/4
f 11242/3/4 11243/3/4 11256/3/4
f 11255/1/4 11242/1/4 11256/1/4
f 11244/3/4 11245/3/4 11256/3/4
f 11243/3/4 11244/3/4 11256/3/4
f 11256/3/4 11245/3/4 11257/3/4
f 11257/3/4 11245/3/4 11258/3/4
f 11245/1/4 11246/1/4 11259/1/4
f 11258/3/4 11245/3/4 11259/3/4
f 11259/1/4 11246/1/4 11260/1/4
f 11247/1/4 11248/1/4 11267/1/4
f 11248/4/4 11249/4/4 11268/4/4
f 11267/1/4 11248/1/4 11268/1/4
f 11249/4/4 11250/4/4 11268/4/4
f 11268/4/4 11250/4/4 11269/4/4
f 11250/1/4 11251/1/4 11270/1/4
f 11269/4/4 11250/4/4 11270/4/4
f 11270/1/4 11251/1/4 11271/1/4
f 11178/3/4 11252/3/4 11272/3/4
f 11252/2/4 11253/2/4 11273/2/4
f 11272/3/4 11252/3/4 11273/3/4
f 11253/2/4 11232/2/4 11274/2/4
f 11273/2/4 11253/2/4 11274/2/4
f 11232/2/4 11206/2/4 11275/2/4
f 11274/2/4 11232/2/4 11275/2/4
f 11234/2/4 11235/2/4 11276/2/4
f 11233/2/4 11234/2/4 11276/2/4
f 11276/2/4 11235/2/4 11277/2/4
f 11277/2/4 11235/2/4 11278/2/4
f 11235/1/4 11236/1/4 11279/1/4
f 11278/2/4 11235/2/4 11279/2/4
f 11236/4/4 11237/4/4 11280/4/4
f 11279/1/4 11236/1/4 11280/1/4
f 11237/2/4 11238/2/4 11281/2/4
f 11280/4/4 11237/4/4 11281/4/4
f 11254/4/4 11255/4/4 11282/4/4
f 11239/4/4 11254/4/4 11282/4/4
f 11255/4/4 11256/4/4 11282/4/4
f 11256/2/4 11257/2/4 11283/2/4
f 11282/4/4 11256/4/4 11283/4/4
f 11257/3/4 11258/3/4 11284/3/4
f 11283/2/4 11257/2/4 11284/2/4
f 11258/1/4 11259/1/4 11285/1/4
f 11284/3/4 11258/3/4 11285/3/4
f 11259/4/4 11260/4/4 11286/4/4
f 11285/1/4 11259/1/4 11286/1/4
f 11286/4/4 11260/4/4 11287/4/4
f 11287/4/4 11260/4/4 11288/4/4
f 11261/4/4 11262/4/4 11289/4/4
f 11262/2/4 11263/2/4 11289/2/4
f 11263/3/4 11264/3/4 11290/3/4
f 11289/2/4 11263/2/4 11290/2/4
f 11264/1/4 11265/1/4 11291/1/4
f 11290/3/4 11264/3/4 11291/3/4
f 11265/2/4 11266/2/4 11292/2/4
f 11291/1/4 11265/1/4 11292/1/4
f 11292/2/4 11266/2/4 11293/2/4
f 11268/4/4 11269/4/4 11294/4/4
f 11267/4/4 11268/4/4 11294/4/4
f 11269/2/4 11270/2/4 11295/2/4
f 11294/4/4 11269/4/4 11295/4/4
f 11270/4/4 11271/4/4 11296/4/4
f 11295/2/4 11270/2/4 11296/2/4
f 11296/4/4 11271/4/4 11297/4/4
f 11272/4/4 11273/4/4 11298/4/4
f 11273/3/4 11274/3/4 11299/3/4
f 11298/4/4 11273/4/4 11299/4/4
f 11274/1/4 11275/1/4 11300/1/4
f 11299/3/4 11274/3/4 11300/3/4
f 11300/1/4 11275/1/4 11301/1/4
f 11276/1/4 11277/1/4 11302/1/4
f 11277/2/4 11278/2/4 11303/2/4
f 11302/1/4 11277/1/4 11303/1/4
f 11278/1/4 11279/1/4 11304/1/4
f 11303/2/4 11278/2/4 11304/2/4
f 11279/1/4 11280/1/4 11304/1/4
f 11304/1/4 11280/1/4 11305/1/4
f 11286/4/4 11287/4/4 11306/4/4
f 11285/4/4 11286/4/4 11306/4/4
f 11287/2/4 11288/2/4 11307/2/4
f 11306/4/4 11287/4/4 11307/4/4
f 11289/4/4 11290/4/4 11308/4/4
f 11261/4/4 11289/4/4 11308/4/4
f 11290/3/4 11291/3/4 11309/3/4
f 11308/4/4 11290/4/4 11309/4/4
f 11291/3/4 11292/3/4 11309/3/4
f 11309/3/4 11292/3/4 11310/3/4
f 11310/3/4 11292/3/4 11311/3/4
f 11292/1/4 11293/1/4 11312/1/4
f 11311/3/4 11292/3/4 11312/3/4
f 11312/1/4 11293/1/4 11313/1/4
f 11298/1/4 11299/1/4 11314/1/4
f 11299/4/4 11300/4/4 11315/4/4
f 11314/1/4 11299/1/4 11315/1/4
f 11300/2/4 11301/2/4 11316/2/4
f 11315/4/4 11300/4/4 11316/4/4
f 11302/3/4 11303/3/4 11317/3/4
f 11303/1/4 11304/1/4 11318/1/4
f 11317/3/4 11303/3/4 11318/3/4
f 11304/3/4 11305/3/4 11319/3/4
f 11318/1/4 11304/1/4 11319/1/4
f 11305/1/4 11280/1/4 11320/1/4
f 11319/3/4 11305/3/4 11320/3/4
f 11280/2/4 11281/2/4 11321/2/4
f 11320/1/4 11280/1/4 11321/1/4
f 11281/2/4 11238/2/4 11322/2/4
f 11321/2/4 11281/2/4 11322/2/4
f 11239/4/4 11282/4/4 11323/4/4
f 11282/2/4 11283/2/4 11324/2/4
f 11323/4/4 11282/4/4 11324/4/4
f 11283/2/4 11284/2/4 11324/2/4
f 11284/1/4 11285/1/4 11325/1/4
f 11324/2/4 11284/2/4 11325/2/4
f 11285/4/4 11306/4/4 11326/4/4
f 11325/1/4 11285/1/4 11326/1/4
f 11308/2/4 11309/2/4 11327/2/4
f 11309/4/4 11310/4/4 11327/4/4
f 11310/3/4 11311/3/4 11328/3/4
f 11327/4/4 11310/4/4 11328/4/4
f 11311/1/4 11312/1/4 11329/1/4
f 11328/3/4 11311/3/4 11329/3/4
f 11312/4/4 11313/4/4 11330/4/4
f 11329/1/4 11312/1/4 11330/1/4
f 11330/4/4 11313/4/4 11331/4/4
f 11267/4/4 11294/4/4 11332/4/4
f 11294/2/4 11295/2/4 11333/2/4
f 11332/4/4 11294/4/4 11333/4/4
f 11295/2/4 11296/2/4 11333/2/4
f 11296/2/4 11297/2/4 11333/2/4
f 11333/2/4 11297/2/4 11334/2/4
f 11334/2/4 11297/2/4 11335/2/4
f 11314/4/4 11315/4/4 11336/4/4
f 11315/2/4 11316/2/4 11337/2/4
f 11336/4/4 11315/4/4 11337/4/4
f 11316/2/4 11301/2/4 11338/2/4
f 11337/2/4 11316/2/4 11338/2/4
f 11320/3/4 11321/3/4 11339/3/4
f 11321/1/4 11322/1/4 11339/1/4
f 11339/1/4 11322/1/4 11340/1/4
f 11340/1/4 11322/1/4 11341/1/4
f 11323/3/4 11324/3/4 11342/3/4
f 11324/1/4 11325/1/4 11343/1/4
f 11342/3/4 11324/3/4 11343/3/4
f 11325/3/4 11326/3/4 11344/3/4
f 11343/1/4 11325/1/4 11344/1/4
f 11326/4/4 11306/4/4 11345/4/4
f 11344/3/4 11326/3/4 11345/3/4
f 11306/2/4 11307/2/4 11346/2/4
f 11345/4/4 11306/4/4 11346/4/4
f 11308/2/4 11327/2/4 11347/2/4
f 11327/2/4 11328/2/4 11347/2/4
f 11328/1/4 11329/1/4 11348/1/4
f 11347/2/4 11328/2/4 11348/2/4
f 11329/4/4 11330/4/4 11349/4/4
f 11348/1/4 11329/1/4 11349/1/4
f 11330/2/4 11331/2/4 11350/2/4
f 11349/4/4 11330/4/4 11350/4/4
f 11350/2/4 11331/2/4 11351/2/4
f 11332/3/4 11333/3/4 11352/3/4
f 11333/1/4 11334/1/4 11353/1/4
f 11352/3/4 11333/3/4 11353/3/4
f 11334/3/4 11335/3/4 11354/3/4
f 11353/1/4 11334/1/4 11354/1/4
f 11354/3/4 11335/3/4 11355/3/4
f 11317/4/4 11318/4/4 11356/4/4
f 11318/2/4 11319/2/4 11357/2/4
f 11356/4/4 11318/4/4 11357/4/4
f 11319/1/4 11320/1/4 11358/1/4
f 11357/2/4 11319/2/4 11358/2/4
f 11339/3/4 11340/3/4 11359/3/4
f 11358/1/4 11320/1/4 11359/1/4
f 11320/3/4 11339/3/4 11359/3/4
f 11359/3/4 11340/3/4 11360/3/4
f 11340/4/4 11341/4/4 11361/4/4
f 11360/3/4 11340/3/4 11361/3/4
f 11361/4/4 11341/4/4 11362/4/4
f 11343/4/4 11344/4/4 11363/4/4
f 11342/4/4 11343/4/4 11363/4/4
f 11344/3/4 11345/3/4 11364/3/4
f 11363/4/4 11344/4/4 11364/4/4
f 11345/3/4 11346/3/4 11364/3/4
f 11346/2/4 11307/2/4 11365/2/4
f 11364/3/4 11346/3/4 11365/3/4
f 11307/2/4 11288/2/4 11366/2/4
f 11365/2/4 11307/2/4 11366/2/4
f 11261/4/4 11308/4/4 11367/4/4
f 11308/2/4 11347/2/4 11368/2/4
f 11367/4/4 11308/4/4 11368/4/4
f 11347/1/4 11348/1/4 11369/1/4
f 11368/2/4 11347/2/4 11369/2/4
f 11348/3/4 11349/3/4 11370/3/4
f 11369/1/4 11348/1/4 11370/1/4
f 11349/1/4 11350/1/4 11371/1/4
f 11370/3/4 11349/3/4 11371/3/4
f 11350/1/4 11351/1/4 11371/1/4
f 11371/1/4 11351/1/4 11372/1/4
f 11356/2/4 11357/2/4 11373/2/4
f 11357/1/4 11358/1/4 11374/1/4
f 11373/2/4 11357/2/4 11374/2/4
f 11359/3/4 11360/3/4 11375/3/4
f 11374/1/4 11358/1/4 11375/1/4
f 11358/3/4 11359/3/4 11375/3/4
f 11375/3/4 11360/3/4 11376/3/4
f 11368/1/4 11369/1/4 11377/1/4
f 11367/3/4 11368/3/4 11377/3/4
f 11369/4/4 11370/4/4 11378/4/4
f 11377/1/4 11369/1/4 11378/1/4
f 11371/4/4 11372/4/4 11379/4/4
f 11379/4/4 11372/4/4 11380/4/4
f 11373/1/4 11374/1/4 11385/1/4
f 11374/4/4 11375/4/4 11386/4/4
f 11385/1/4 11374/1/4 11386/1/4
f 11386/4/4 11375/4/4 11387/4/4
f 11375/1/4 11376/1/4 11388/1/4
f 11387/4/4 11375/4/4 11388/4/4
f 11376/3/4 11360/3/4 11389/3/4
f 11388/1/4 11376/1/4 11389/1/4
f 11360/4/4 11361/4/4 11390/4/4
f 11389/3/4 11360/3/4 11390/3/4
f 11361/2/4 11362/2/4 11391/2/4
f 11390/4/4 11361/4/4 11391/4/4
f 11367/3/4 11377/3/4 11392/3/4
f 11377/4/4 11378/4/4 11393/4/4
f 11392/3/4 11377/3/4 11393/3/4
f 11378/4/4 11370/4/4 11394/4/4
f 11393/4/4 11378/4/4 11394/4/4
f 11370/1/4 11371/1/4 11395/1/4
f 11394/4/4 11370/4/4 11395/4/4
f 11381/1/4 11382/1/4 11400/1/4
f 11400/1/4 11382/1/4 11401/1/4
f 11382/4/4 11383/4/4 11402/4/4
f 11401/1/4 11382/1/4 11402/1/4
f 11383/2/4 11384/2/4 11403/2/4
f 11402/4/4 11383/4/4 11403/4/4
f 11386/4/4 11387/4/4 11404/4/4
f 11385/4/4 11386/4/4 11404/4/4
f 11387/2/4 11388/2/4 11405/2/4
f 11404/4/4 11387/4/4 11405/4/4
f 11388/4/4 11389/4/4 11406/4/4
f 11405/2/4 11388/2/4 11406/2/4
f 11389/3/4 11390/3/4 11407/3/4
f 11406/4/4 11389/4/4 11407/4/4
f 11390/2/4 11391/2/4 11408/2/4
f 11407/3/4 11390/3/4 11408/3/4
f 11391/2/4 11362/2/4 11409/2/4
f 11408/2/4 11391/2/4 11409/2/4
f 11409/2/4 11362/2/4 11410/2/4
f 11392/1/4 11393/1/4 11418/1/4
f 11393/4/4 11394/4/4 11419/4/4
f 11418/1/4 11393/1/4 11419/1/4
f 11394/2/4 11395/2/4 11420/2/4
f 11419/4/4 11394/4/4 11420/4/4
f 11395/1/4 11371/1/4 11421/1/4
f 11420/2/4 11395/2/4 11421/2/4
f 11371/4/4 11379/4/4 11422/4/4
f 11421/1/4 11371/1/4 11422/1/4
f 11396/4/4 11397/4/4 11423/4/4
f 11397/2/4 11398/2/4 11424/2/4
f 11423/4/4 11397/4/4 11424/4/4
f 11398/3/4 11399/3/4 11425/3/4
f 11424/2/4 11398/2/4 11425/2/4
f 11401/4/4 11402/4/4 11426/4/4
f 11400/3/4 11401/3/4 11426/3/4
f 11402/1/4 11403/1/4 11427/1/4
f 11426/4/4 11402/4/4 11427/4/4
f 11403/2/4 11384/2/4 11428/2/4
f 11427/1/4 11403/1/4 11428/1/4
f 11428/2/4 11384/2/4 11429/2/4
f 11407/4/4 11408/4/4 11430/4/4
f 11404/2/4 11405/2/4 11430/2/4
f 11405/2/4 11406/2/4 11430/2/4
f 11406/2/4 11407/2/4 11430/2/4
f 11408/3/4 11409/3/4 11431/3/4
f 11430/4/4 11408/4/4 11431/4/4
f 11409/1/4 11410/1/4 11432/1/4
f 11431/3/4 11409/3/4 11432/3/4
f 11432/1/4 11410/1/4 11433/1/4
f 11433/1/4 11410/1/4 11434/1/4
f 11411/2/4 11412/2/4 11435/2/4
f 11412/1/4 11413/1/4 11435/1/4
f 11413/4/4 11414/4/4 11436/4/4
f 11435/1/4 11413/1/4 11436/1/4
f 11414/2/4 11415/2/4 11437/2/4
f 11436/4/4 11414/4/4 11437/4/4
f 11415/1/4 11416/1/4 11438/1/4
f 11437/2/4 11415/2/4 11438/2/4
f 11418/3/4 11419/3/4 11439/3/4
f 11419/1/4 11420/1/4 11440/1/4
f 11439/3/4 11419/3/4 11440/3/4
f 11420/1/4 11421/1/4 11440/1/4
f 11440/1/4 11421/1/4 11441/1/4
f 11421/3/4 11422/3/4 11442/3/4
f 11441/1/4 11421/1/4 11442/1/4
f 11422/4/4 11379/4/4 11443/4/4
f 11442/3/4 11422/3/4 11443/3/4
f 11379/2/4 11380/2/4 11444/2/4
f 11443/4/4 11379/4/4 11444/4/4
f 11444/2/4 11380/2/4 11445/2/4
f 11423/3/4 11424/3/4 11446/3/4
f 11424/1/4 11425/1/4 11447/1/4
f 11446/3/4 11424/3/4 11447/3/4
f 11425/3/4 11399/3/4 11448/3/4
f 11447/1/4 11425/1/4 11448/1/4
f 11426/3/4 11427/3/4 11449/3/4
f 11400/3/4 11426/3/4 11449/3/4
f 11428/1/4 11429/1/4 11450/1/4
f 11449/3/4 11427/3/4 11450/3/4
f 11427/1/4 11428/1/4 11450/1/4
f 11450/1/4 11429/1/4 11451/1/4
f 11451/1/4 11429/1/4 11452/1/4
f 11385/4/4 11404/4/4 11453/4/4
f 11404/2/4 11430/2/4 11454/2/4
f 11453/4/4 11404/4/4 11454/4/4
f 11454/2/4 11430/2/4 11455/2/4
f 11430/1/4 11431/1/4 11456/1/4
f 11455/2/4 11430/2/4 11456/2/4
f 11432/4/4 11433/4/4 11457/4/4
f 11456/1/4 11431/1/4 11457/1/4
f 11431/4/4 11432/4/4 11457/4/4
f 11433/2/4 11434/2/4 11458/2/4
f 11457/4/4 11433/4/4 11458/4/4
f 11411/2/4 11435/2/4 11459/2/4
f 11435/3/4 11436/3/4 11460/3/4
f 11459/2/4 11435/2/4 11460/2/4
f 11436/4/4 11437/4/4 11461/4/4
f 11460/3/4 11436/3/4 11461/3/4
f 11437/1/4 11438/1/4 11462/1/4
f 11461/4/4 11437/4/4 11462/4/4
f 11438/1/4 11416/1/4 11463/1/4
f 11462/1/4 11438/1/4 11463/1/4
f 11416/2/4 11417/2/4 11464/2/4
f 11463/1/4 11416/1/4 11464/1/4
f 11464/2/4 11417/2/4 11465/2/4
f 11465/2/4 11417/2/4 11466/2/4
f 11440/1/4 11441/1/4 11467/1/4
f 11439/4/4 11440/4/4 11467/4/4
f 11443/3/4 11444/3/4 11468/3/4
f 11467/1/4 11441/1/4 11468/1/4
f 11442/3/4 11443/3/4 11468/3/4
f 11441/3/4 11442/3/4 11468/3/4
f 11468/3/4 11444/3/4 11469/3/4
f 11469/3/4 11444/3/4 11470/3/4
f 11444/1/4 11445/1/4 11471/1/4
f 11470/3/4 11444/3/4 11471/3/4
f 11471/1/4 11445/1/4 11472/1/4
f 11446/4/4 11447/4/4 11473/4/4
f 11447/4/4 11448/4/4 11473/4/4
f 11448/3/4 11399/3/4 11474/3/4
f 11473/4/4 11448/4/4 11474/4/4
f 11474/3/4 11399/3/4 11475/3/4
f 11400/3/4 11449/3/4 11476/3/4
f 11449/1/4 11450/1/4 11477/1/4
f 11476/3/4 11449/3/4 11477/3/4
f 11450/1/4 11451/1/4 11477/1/4
f 11451/4/4 11452/4/4 11478/4/4
f 11477/1/4 11451/1/4 11478/1/4
f 11478/4/4 11452/4/4 11479/4/4
f 11453/3/4 11454/3/4 11480/3/4
f 11454/1/4 11455/1/4 11481/1/4
f 11480/3/4 11454/3/4 11481/3/4
f 11481/1/4 11455/1/4 11482/1/4
f 11455/3/4 11456/3/4 11483/3/4
f 11482/1/4 11455/1/4 11483/1/4
f 11456/4/4 11457/4/4 11484/4/4
f 11483/3/4 11456/3/4 11484/3/4
f 11457/2/4 11458/2/4 11485/2/4
f 11484/4/4 11457/4/4 11485/4/4
f 11458/2/4 11434/2/4 11486/2/4
f 11485/2/4 11458/2/4 11486/2/4
f 11459/1/4 11460/1/4 11487/1/4
f 11460/3/4 11461/3/4 11488/3/4
f 11487/1/4 11460/1/4 11488/1/4
f 11461/3/4 11462/3/4 11488/3/4
f 11488/3/4 11462/3/4 11489/3/4
f 11462/4/4 11463/4/4 11490/4/4
f 11463/3/4 11464/3/4 11491/3/4
f 11490/4/4 11463/4/4 11491/4/4
f 11464/3/4 11465/3/4 11491/3/4
f 11491/3/4 11465/3/4 11492/3/4
f 11465/1/4 11466/1/4 11493/1/4
f 11492/3/4 11465/3/4 11493/3/4
f 11493/1/4 11466/1/4 11494/1/4
f 11446/4/4 11473/4/4 11495/4/4
f 11473/2/4 11474/2/4 11496/2/4
f 11495/4/4 11473/4/4 11496/4/4
f 11474/4/4 11475/4/4 11497/4/4
f 11496/2/4 11474/2/4 11497/2/4
f 11497/4/4 11475/4/4 11498/4/4
f 11477/4/4 11478/4/4 11499/4/4
f 11478/2/4 11479/2/4 11500/2/4
f 11499/4/4 11478/4/4 11500/4/4
f 11480/4/4 11481/4/4 11501/4/4
f 11481/4/4 11482/4/4 11501/4/4
f 11483/2/4 11484/2/4 11502/2/4
f 11501/4/4 11482/4/4 11502/4/4
f 11482/2/4 11483/2/4 11502/2/4
f 11484/3/4 11485/3/4 11503/3/4
f 11502/2/4 11484/2/4 11503/2/4
f 11485/4/4 11486/4/4 11504/4/4
f 11503/3/4 11485/3/4 11504/3/4
f 11504/4/4 11486/4/4 11505/4/4
f 11488/4/4 11489/4/4 11506/4/4
f 11487/4/4 11488/4/4 11506/4/4
f 11489/3/4 11462/3/4 11507/3/4
f 11506/4/4 11489/4/4 11507/4/4
f 11462/4/4 11490/4/4 11508/4/4
f 11507/3/4 11462/3/4 11508/3/4
f 11490/2/4 11491/2/4 11509/2/4
f 11508/4/4 11490/4/4 11509/4/4
f 11491/3/4 11492/3/4 11510/3/4
f 11509/2/4 11491/2/4 11510/2/4
f 11493/4/4 11494/4/4 11511/4/4
f 11510/3/4 11492/3/4 11511/3/4
f 11492/4/4 11493/4/4 11511/4/4
f 11511/4/4 11494/4/4 11512/4/4
f 11512/4/4 11494/4/4 11513/4/4
f 11439/4/4 11467/4/4 11514/4/4
f 11467/2/4 11468/2/4 11515/2/4
f 11514/4/4 11467/4/4 11515/4/4
f 11468/2/4 11469/2/4 11515/2/4
f 11469/1/4 11470/1/4 11516/1/4
f 11515/2/4 11469/2/4 11516/2/4
f 11470/4/4 11471/4/4 11517/4/4
f 11516/1/4 11470/1/4 11517/1/4
f 11446/4/4 11495/4/4 11518/4/4
f 11497/2/4 11498/2/4 11519/2/4
f 11518/4/4 11495/4/4 11519/4/4
f 11495/2/4 11496/2/4 11519/2/4
f 11496/2/4 11497/2/4 11519/2/4
f 11476/1/4 11477/1/4 11520/1/4
f 11477/4/4 11499/4/4 11521/4/4
f 11520/1/4 11477/1/4 11521/1/4
f 11499/2/4 11500/2/4 11522/2/4
f 11521/4/4 11499/4/4 11522/4/4
f 11500/2/4 11479/2/4 11523/2/4
f 11522/2/4 11500/2/4 11523/2/4
f 11487/4/4 11506/4/4 11524/4/4
f 11506/2/4 11507/2/4 11525/2/4
f 11524/4/4 11506/4/4 11525/4/4
f 11509/2/4 11510/2/4 11526/2/4
f 11508/2/4 11509/2/4 11526/2/4
f 11510/1/4 11511/1/4 11527/1/4
f 11526/2/4 11510/2/4 11527/2/4
f 11511/4/4 11512/4/4 11528/4/4
f 11527/1/4 11511/1/4 11528/1/4
f 11512/2/4 11513/2/4 11529/2/4
f 11528/4/4 11512/4/4 11529/4/4
f 11514/3/4 11515/3/4 11530/3/4
f 11515/1/4 11516/1/4 11531/1/4
f 11530/3/4 11515/3/4 11531/3/4
f 11516/3/4 11517/3/4 11532/3/4
f 11531/1/4 11516/1/4 11532/1/4
f 11517/4/4 11471/4/4 11533/4/4
f 11532/3/4 11517/3/4 11533/3/4
f 11471/2/4 11472/2/4 11534/2/4
f 11533/4/4 11471/4/4 11534/4/4
f 11534/2/4 11472/2/4 11535/2/4
f 11518/2/4 11519/2/4 11536/2/4
f 11519/2/4 11498/2/4 11537/2/4
f 11536/2/4 11519/2/4 11537/2/4
f 11537/2/4 11498/2/4 11538/2/4
f 11538/2/4 11498/2/4 11539/2/4
f 11520/3/4 11521/3/4 11540/3/4
f 11522/1/4 11523/1/4 11541/1/4
f 11540/3/4 11521/3/4 11541/3/4
f 11521/1/4 11522/1/4 11541/1/4
f 11541/1/4 11523/1/4 11542/1/4
f 11508/2/4 11526/2/4 11543/2/4
f 11507/1/4 11508/1/4 11543/1/4
f 11526/1/4 11527/1/4 11544/1/4
f 11543/2/4 11526/2/4 11544/2/4
f 11527/4/4 11528/4/4 11545/4/4
f 11544/1/4 11527/1/4 11545/1/4
f 11536/4/4 11537/4/4 11546/4/4
f 11537/2/4 11538/2/4 11547/2/4
f 11546/4/4 11537/4/4 11547/4/4
f 11538/1/4 11539/1/4 11548/1/4
f 11547/2/4 11538/2/4 11548/2/4
f 11548/1/4 11539/1/4 11549/1/4
f 11541/4/4 11542/4/4 11550/4/4
f 11550/4/4 11542/4/4 11551/4/4
f 11525/2/4 11507/2/4 11558/2/4
f 11524/2/4 11525/2/4 11558/2/4
f 11543/1/4 11544/1/4 11559/1/4
f 11558/2/4 11507/2/4 11559/2/4
f 11507/1/4 11543/1/4 11559/1/4
f 11544/3/4 11545/3/4 11560/3/4
f 11559/1/4 11544/1/4 11560/1/4
f 11545/4/4 11528/4/4 11561/4/4
f 11560/3/4 11545/3/4 11561/3/4
f 11528/2/4 11529/2/4 11562/2/4
f 11561/4/4 11528/4/4 11562/4/4
f 11529/2/4 11513/2/4 11563/2/4
f 11562/2/4 11529/2/4 11563/2/4
f 11563/2/4 11513/2/4 11564/2/4
f 11546/3/4 11547/3/4 11565/3/4
f 11547/1/4 11548/1/4 11565/1/4
f 11565/1/4 11548/1/4 11566/1/4
f 11548/4/4 11549/4/4 11567/4/4
f 11566/1/4 11548/1/4 11567/1/4
f 11540/1/4 11541/1/4 11568/1/4
f 11541/4/4 11550/4/4 11569/4/4
f 11568/1/4 11541/1/4 11569/1/4
f 11569/4/4 11550/4/4 11570/4/4
f 11552/2/4 11553/2/4 11571/2/4
f 11553/3/4 11554/3/4 11572/3/4
f 11571/2/4 11553/2/4 11572/2/4
f 11554/4/4 11555/4/4 11573/4/4
f 11572/3/4 11554/3/4 11573/3/4
f 11555/1/4 11556/1/4 11574/1/4
f 11573/4/4 11555/4/4 11574/4/4
f 11574/1/4 11556/1/4 11575/1/4
f 11575/1/4 11556/1/4 11576/1/4
f 11556/2/4 11557/2/4 11577/2/4
f 11576/1/4 11556/1/4 11577/1/4
f 11577/2/4 11557/2/4 11578/2/4
f 11524/2/4 11558/2/4 11579/2/4
f 11558/3/4 11559/3/4 11580/3/4
f 11579/2/4 11558/2/4 11580/2/4
f 11559/4/4 11560/4/4 11581/4/4
f 11580/3/4 11559/3/4 11581/3/4
f 11581/4/4 11560/4/4 11582/4/4
f 11561/3/4 11562/3/4 11583/3/4
f 11582/4/4 11560/4/4 11583/4/4
f 11560/3/4 11561/3/4 11583/3/4
f 11562/3/4 11563/3/4 11583/3/4
f 11583/3/4 11563/3/4 11584/3/4
f 11584/3/4 11563/3/4 11585/3/4
f 11563/1/4 11564/1/4 11586/1/4
f 11585/3/4 11563/3/4 11586/3/4
f 11586/1/4 11564/1/4 11587/1/4
f 11565/3/4 11566/3/4 11594/3/4
f 11546/3/4 11565/3/4 11594/3/4
f 11594/3/4 11566/3/4 11595/3/4
f 11566/4/4 11567/4/4 11596/4/4
f 11595/3/4 11566/3/4 11596/3/4
f 11567/4/4 11549/4/4 11597/4/4
f 11596/4/4 11567/4/4 11597/4/4
f 11597/4/4 11549/4/4 11598/4/4
f 11568/2/4 11569/2/4 11599/2/4
f 11569/1/4 11570/1/4 11600/1/4
f 11599/2/4 11569/2/4 11600/2/4
f 11570/4/4 11550/4/4 11601/4/4
f 11600/1/4 11570/1/4 11601/1/4
f 11550/2/4 11551/2/4 11602/2/4
f 11601/4/4 11550/4/4 11602/4/4
f 11572/4/4 11573/4/4 11603/4/4
f 11571/4/4 11572/4/4 11603/4/4
f 11573/3/4 11574/3/4 11604/3/4
f 11603/4/4 11573/4/4 11604/4/4
f 11574/4/4 11575/4/4 11605/4/4
f 11604/3/4 11574/3/4 11605/3/4
f 11575/2/4 11576/2/4 11606/2/4
f 11605/4/4 11575/4/4 11606/4/4
f 11576/3/4 11577/3/4 11607/3/4
f 11606/2/4 11576/2/4 11607/2/4
f 11577/4/4 11578/4/4 11608/4/4
f 11607/3/4 11577/3/4 11608/3/4
f 11608/4/4 11578/4/4 11609/4/4
f 11589/4/4 11590/4/4 11610/4/4
f 11590/2/4 11591/2/4 11610/2/4
f 11591/1/4 11592/1/4 11611/1/4
f 11610/2/4 11591/2/4 11611/2/4
f 11599/1/4 11600/1/4 11612/1/4
f 11600/4/4 11601/4/4 11613/4/4
f 11612/1/4 11600/1/4 11613/1/4
f 11601/2/4 11602/2/4 11614/2/4
f 11613/4/4 11601/4/4 11614/4/4
f 11602/2/4 11551/2/4 11615/2/4
f 11614/2/4 11602/2/4 11615/2/4
f 11603/2/4 11604/2/4 11616/2/4
f 11616/2/4 11604/2/4 11617/2/4
f 11604/1/4 11605/1/4 11618/1/4
f 11617/2/4 11604/2/4 11618/2/4
f 11605/2/4 11606/2/4 11619/2/4
f 11618/1/4 11605/1/4 11619/1/4
f 11606/1/4 11607/1/4 11620/1/4
f 11619/2/4 11606/2/4 11620/2/4
f 11607/4/4 11608/4/4 11621/4/4
f 11620/1/4 11607/1/4 11621/1/4
f 11608/2/4 11609/2/4 11622/2/4
f 11621/4/4 11608/4/4 11622/4/4
f 11622/2/4 11609/2/4 11623/2/4
f 11579/3/4 11580/3/4 11624/3/4
f 11581/4/4 11582/4/4 11625/4/4
f 11624/3/4 11580/3/4 11625/3/4
f 11580/4/4 11581/4/4 11625/4/4
f 11625/4/4 11582/4/4 11626/4/4
f 11584/3/4 11585/3/4 11627/3/4
f 11582/2/4 11583/2/4 11627/2/4
f 11583/2/4 11584/2/4 11627/2/4
f 11585/4/4 11586/4/4 11628/4/4
f 11627/3/4 11585/3/4 11628/3/4
f 11586/4/4 11587/4/4 11628/4/4
f 11628/4/4 11587/4/4 11629/4/4
f 11629/4/4 11587/4/4 11630/4/4
f 11588/2/4 11589/2/4 11631/2/4
f 11589/4/4 11610/4/4 11632/4/4
f 11631/2/4 11589/2/4 11632/2/4
f 11610/1/4 11611/1/4 11633/1/4
f 11632/4/4 11610/4/4 11633/4/4
f 11633/1/4 11611/1/4 11634/1/4
f 11611/1/4 11592/1/4 11635/1/4
f 11634/1/4 11611/1/4 11635/1/4
f 11592/2/4 11593/2/4 11636/2/4
f 11635/1/4 11592/1/4 11636/1/4
f 11636/2/4 11593/2/4 11637/2/4
f 11594/1/4 11595/1/4 11638/1/4
f 11595/4/4 11596/4/4 11639/4/4
f 11638/1/4 11595/1/4 11639/1/4
f 11596/4/4 11597/4/4 11639/4/4
f 11639/4/4 11597/4/4 11640/4/4
f 11597/2/4 11598/2/4 11641/2/4
f 11640/4/4 11597/4/4 11641/4/4
f 11641/2/4 11598/2/4 11642/2/4
f 11613/3/4 11614/3/4 11643/3/4
f 11612/3/4 11613/3/4 11643/3/4
f 11614/1/4 11615/1/4 11644/1/4
f 11643/3/4 11614/3/4 11644/3/4
f 11644/1/4 11615/1/4 11645/1/4
f 11616/4/4 11617/4/4 11646/4/4
f 11617/3/4 11618/3/4 11647/3/4
f 11646/4/4 11617/4/4 11647/4/4
f 11618/4/4 11619/4/4 11648/4/4
f 11647/3/4 11618/3/4 11648/3/4
f 11620/2/4 11621/2/4 11649/2/4
f 11648/4/4 11619/4/4 11649/4/4
f 11619/2/4 11620/2/4 11649/2/4
f 11621/1/4 11622/1/4 11650/1/4
f 11649/2/4 11621/2/4 11650/2/4
f 11622/4/4 11623/4/4 11651/4/4
f 11650/1/4 11622/1/4 11651/1/4
f 11623/2/4 11609/2/4 11652/2/4
f 11651/4/4 11623/4/4 11652/4/4
f 11652/2/4 11609/2/4 11653/2/4
f 11624/4/4 11625/4/4 11654/4/4
f 11625/3/4 11626/3/4 11655/3/4
f 11654/4/4 11625/4/4 11655/4/4
f 11626/4/4 11582/4/4 11656/4/4
f 11655/3/4 11626/3/4 11656/3/4
f 11582/2/4 11627/2/4 11657/2/4
f 11656/4/4 11582/4/4 11657/4/4
f 11627/1/4 11628/1/4 11658/1/4
f 11657/2/4 11627/2/4 11658/2/4
f 11628/4/4 11629/4/4 11659/4/4
f 11658/1/4 11628/1/4 11659/1/4
f 11629/2/4 11630/2/4 11660/2/4
f 11659/4/4 11629/4/4 11660/4/4
f 11660/2/4 11630/2/4 11661/2/4
f 11631/4/4 11632/4/4 11662/4/4
f 11632/3/4 11633/3/4 11663/3/4
f 11662/4/4 11632/4/4 11663/4/4
f 11633/4/4 11634/4/4 11664/4/4
f 11663/3/4 11633/3/4 11664/3/4
f 11634/2/4 11635/2/4 11665/2/4
f 11664/4/4 11634/4/4 11665/4/4
f 11635/3/4 11636/3/4 11666/3/4
f 11665/2/4 11635/2/4 11666/2/4
f 11636/4/4 11637/4/4 11667/4/4
f 11666/3/4 11636/3/4 11667/3/4
f 11667/4/4 11637/4/4 11668/4/4
f 11638/4/4 11639/4/4 11669/4/4
f 11639/3/4 11640/3/4 11670/3/4
f 11669/4/4 11639/4/4 11670/4/4
f 11640/1/4 11641/1/4 11671/1/4
f 11670/3/4 11640/3/4 11671/3/4
f 11641/3/4 11642/3/4 11672/3/4
f 11671/1/4 11641/1/4 11672/1/4
f 11672/3/4 11642/3/4 11673/3/4
f 11699/1/5 11675/1/5 11674/1/5
f 11700/3/5 11676/3/5 11675/3/5
f 11700/1/5 11675/1/5 11699/1/5
f 11701/3/5 11676/3/5 11700/3/5
f 11703/2/5 11678/2/5 11677/2/5
f 11703/3/5 11679/3/5 11678/3/5
f 11704/2/5 11680/2/5 11679/2/5
f 11704/3/5 11679/3/5 11703/3/5
f 11705/1/5 11681/1/5 11680/1/5
f 11705/2/5 11680/2/5 11704/2/5
f 11706/4/5 11682/4/5 11681/4/5
f 11706/1/5 11681/1/5 11705/1/5
f 11707/4/5 11682/4/5 11706/4/5
f 11709/4/5 11684/4/5 11683/4/5
f 11710/1/5 11685/1/5 11684/1/5
f 11710/4/5 11684/4/5 11709/4/5
f 11711/3/5 11686/3/5 11685/3/5
f 11711/1/5 11685/1/5 11710/1/5
f 11712/4/5 11687/4/5 11686/4/5
f 11712/3/5 11686/3/5 11711/3/5
f 11713/1/5 11688/1/5 11687/1/5
f 11713/4/5 11687/4/5 11712/4/5
f 11714/4/5 11689/4/5 11688/4/5
f 11714/1/5 11688/1/5 11713/1/5
f 11715/4/5 11689/4/5 11714/4/5
f 11718/1/5 11691/1/5 11690/1/5
f 11719/3/5 11692/3/5 11691/3/5
f 11719/1/5 11691/1/5 11718/1/5
f 11720/1/5 11693/1/5 11692/1/5
f 11720/3/5 11692/3/5 11719/3/5
f 11721/3/5 11694/3/5 11693/3/5
f 11721/1/5 11693/1/5 11720/1/5
f 11722/1/5 11695/1/5 11694/1/5
f 11722/3/5 11694/3/5 11721/3/5
f 11723/2/5 11696/2/5 11695/2/5
f 11723/1/5 11695/1/5 11722/1/5
f 11724/1/5 11697/1/5 11696/1/5
f 11724/2/5 11696/2/5 11723/2/5
f 11725/1/5 11697/1/5 11724/1/5
f 11727/2/5 11701/2/5 11700/2/5
f 11727/2/5 11700/2/5 11699/2/5
f 11728/1/5 11702/1/5 11701/1/5
f 11728/2/5 11701/2/5 11727/2/5
f 11729/1/5 11702/1/5 11728/1/5
f 11730/2/5 11703/2/5 11677/2/5
f 11730/2/5 11704/2/5 11703/2/5
f 11730/2/5 11705/2/5 11704/2/5
f 11730/2/5 11707/2/5 11706/2/5
f 11730/2/5 11706/2/5 11705/2/5
f 11731/2/5 11707/2/5 11730/2/5
f 11732/3/5 11709/3/5 11708/3/5
f 11733/2/5 11710/2/5 11709/2/5
f 11733/3/5 11709/3/5 11732/3/5
f 11733/2/5 11711/2/5 11710/2/5
f 11733/2/5 11712/2/5 11711/2/5
f 11733/2/5 11714/2/5 11713/2/5
f 11733/2/5 11713/2/5 11712/2/5
f 11733/2/5 11715/2/5 11714/2/5
f 11734/1/5 11716/1/5 11715/1/5
f 11734/2/5 11715/2/5 11733/2/5
f 11735/1/5 11716/1/5 11734/1/5
f 11736/3/5 11718/3/5 11717/3/5
f 11737/2/5 11723/2/5 11722/2/5
f 11737/3/5 11718/3/5 11736/3/5
f 11737/2/5 11724/2/5 11723/2/5
f 11737/2/5 11725/2/5 11724/2/5
f 11737/2/5 11719/2/5 11718/2/5
f 11737/2/5 11722/2/5 11721/2/5
f 11737/2/5 11721/2/5 11720/2/5
f 11737/2/5 11720/2/5 11719/2/5
f 11738/2/5 11725/2/5 11737/2/5
f 11739/1/5 11699/1/5 11698/1/5
f 11740/2/5 11727/2/5 11699/2/5
f 11740/1/5 11699/1/5 11739/1/5
f 11741/2/5 11725/2/5 11738/2/5
f 11741/1/5 11726/1/5 11725/1/5
f 11742/1/5 11726/1/5 11741/1/5
f 11743/3/5 11740/3/5 11739/3/5
f 11744/2/5 11727/2/5 11740/2/5
f 11744/3/5 11740/3/5 11743/3/5
f 11745/2/5 11727/2/5 11744/2/5
f 11746/2/5 11741/2/5 11738/2/5
f 11747/3/5 11742/3/5 11741/3/5
f 11747/2/5 11741/2/5 11746/2/5
f 11748/3/5 11742/3/5 11747/3/5
f 11749/1/5 11745/1/5 11744/1/5
f 11750/1/5 11745/1/5 11749/1/5
f 11751/1/5 11747/1/5 11746/1/5
f 11752/1/5 11747/1/5 11751/1/5
f 11757/2/5 11754/2/5 11753/2/5
f 11758/2/5 11754/2/5 11757/2/5
f 11759/2/5 11756/2/5 11755/2/5
f 11760/2/5 11756/2/5 11759/2/5
f 11761/3/5 11758/3/5 11757/3/5
f 11762/2/5 11754/2/5 11758/2/5
f 11762/3/5 11758/3/5 11761/3/5
f 11763/2/5 11759/2/5 11755/2/5
f 11763/3/5 11760/3/5 11759/3/5
f 11764/3/5 11760/3/5 11763/3/5
f 11765/2/5 11762/2/5 11761/2/5
f 11766/2/5 11754/2/5 11762/2/5
f 11766/2/5 11762/2/5 11765/2/5
f 11767/2/5 11763/2/5 11755/2/5
f 11767/2/5 11764/2/5 11763/2/5
f 11768/2/5 11764/2/5 11767/2/5
f 11769/1/5 11766/1/5 11765/1/5
f 11770/2/5 11754/2/5 11766/2/5
f 11770/1/5 11766/1/5 11769/1/5
f 11771/2/5 11767/2/5 11755/2/5
f 11771/1/5 11768/1/5 11767/1/5
f 11772/1/5 11768/1/5 11771/1/5
f 11773/4/5 11770/4/5 11769/4/5
f 11774/2/5 11754/2/5 11770/2/5
f 11774/4/5 11770/4/5 11773/4/5
f 11775/2/5 11754/2/5 11774/2/5
f 11776/2/5 11771/2/5 11755/2/5
f 11777/4/5 11772/4/5 11771/4/5
f 11777/2/5 11771/2/5 11776/2/5
f 11778/4/5 11772/4/5 11777/4/5
f 11784/3/5 11780/3/5 11779/3/5
f 11785/3/5 11780/3/5 11784/3/5
f 11786/3/5 11782/3/5 11781/3/5
f 11787/3/5 11782/3/5 11786/3/5
f 11789/4/5 11784/4/5 11783/4/5
f 11790/2/5 11785/2/5 11784/2/5
f 11790/4/5 11784/4/5 11789/4/5
f 11791/4/5 11788/4/5 11787/4/5
f 11791/2/5 11787/2/5 11786/2/5
f 11792/4/5 11788/4/5 11791/4/5
f 11793/1/5 11790/1/5 11789/1/5
f 11794/2/5 11785/2/5 11790/2/5
f 11794/1/5 11790/1/5 11793/1/5
f 11795/2/5 11791/2/5 11786/2/5
f 11795/1/5 11792/1/5 11791/1/5
f 11796/1/5 11792/1/5 11795/1/5
f 11797/3/5 11794/3/5 11793/3/5
f 11798/2/5 11785/2/5 11794/2/5
f 11798/3/5 11794/3/5 11797/3/5
f 11799/2/5 11795/2/5 11786/2/5
f 11799/3/5 11796/3/5 11795/3/5
f 11800/3/5 11796/3/5 11799/3/5
f 11801/4/5 11798/4/5 11797/4/5
f 11802/2/5 11785/2/5 11798/2/5
f 11802/4/5 11798/4/5 11801/4/5
f 11803/2/5 11799/2/5 11786/2/5
f 11803/4/5 11800/4/5 11799/4/5
f 11804/4/5 11800/4/5 11803/4/5
f 11805/1/5 11802/1/5 11801/1/5
f 11806/2/5 11785/2/5 11802/2/5
f 11806/1/5 11802/1/5 11805/1/5
f 11807/2/5 11803/2/5 11786/2/5
f 11807/1/5 11804/1/5 11803/1/5
f 11808/1/5 11804/1/5 11807/1/5
f 11809/4/5 11806/4/5 11805/4/5
f 11810/2/5 11785/2/5 11806/2/5
f 11810/4/5 11806/4/5 11809/4/5
f 11811/2/5 11785/2/5 11810/2/5
f 11812/2/5 11807/2/5 11786/2/5
f 11813/4/5 11808/4/5 11807/4/5
f 11813/2/5 11807/2/5 11812/2/5
f 11814/4/5 11808/4/5 11813/4/5
f 11815/1/5 11811/1/5 11810/1/5
f 11816/1/5 11811/1/5 11815/1/5
f 11817/1/5 11813/1/5 11812/1/5
f 11818/1/5 11813/1/5 11817/1/5
f 11824/3/5 11820/3/5 11819/3/5
f 11825/3/5 11820/3/5 11824/3/5
f 11826/3/5 11822/3/5 11821/3/5
f 11827/3/5 11822/3/5 11826/3/5
f 11829/1/5 11824/1/5 11823/1/5
f 11830/2/5 11825/2/5 11824/2/5
f 11830/1/5 11824/1/5 11829/1/5
f 11831/2/5 11827/2/5 11826/2/5
f 11831/1/5 11828/1/5 11827/1/5
f 11832/1/5 11828/1/5 11831/1/5
f 11833/3/5 11830/3/5 11829/3/5
f 11834/2/5 11825/2/5 11830/2/5
f 11834/3/5 11830/3/5 11833/3/5
f 11835/2/5 11831/2/5 11826/2/5
f 11835/3/5 11832/3/5 11831/3/5
f 11836/3/5 11832/3/5 11835/3/5
f 11837/1/5 11834/1/5 11833/1/5
f 11838/2/5 11825/2/5 11834/2/5
f 11838/1/5 11834/1/5 11837/1/5
f 11839/2/5 11835/2/5 11826/2/5
f 11839/1/5 11836/1/5 11835/1/5
f 11840/1/5 11836/1/5 11839/1/5
f 11841/3/5 11838/3/5 11837/3/5
f 11842/2/5 11825/2/5 11838/2/5
f 11842/3/5 11838/3/5 11841/3/5
f 11843/2/5 11839/2/5 11826/2/5
f 11843/3/5 11840/3/5 11839/3/5
f 11844/3/5 11840/3/5 11843/3/5
f 11845/1/5 11842/1/5 11841/1/5
f 11846/2/5 11825/2/5 11842/2/5
f 11846/1/5 11842/1/5 11845/1/5
f 11847/2/5 11843/2/5 11826/2/5
f 11847/1/5 11844/1/5 11843/1/5
f 11848/1/5 11844/1/5 11847/1/5
f 11849/2/5 11846/2/5 11845/2/5
f 11850/2/5 11825/2/5 11846/2/5
f 11850/2/5 11846/2/5 11849/2/5
f 11851/2/5 11847/2/5 11826/2/5
f 11851/2/5 11848/2/5 11847/2/5
f 11852/2/5 11848/2/5 11851/2/5
f 11853/1/5 11850/1/5 11849/1/5
f 11854/2/5 11825/2/5 11850/2/5
f 11854/1/5 11850/1/5 11853/1/5
f 11855/2/5 11825/2/5 11854/2/5
f 11866/2/5 11851/2/5 11826/2/5
f 11867/1/5 11852/1/5 11851/1/5
f 11867/2/5 11851/2/5 11866/2/5
f 11868/1/5 11852/1/5 11867/1/5
f 11869/3/5 11854/3/5 11853/3/5
f 11870/2/5 11855/2/5 11854/2/5
f 11870/3/5 11854/3/5 11869/3/5
f 11870/2/5 11856/2/5 11855/2/5
f 11871/2/5 11856/2/5 11870/2/5
f 11872/2/5 11856/2/5 11871/2/5
f 11873/1/5 11857/1/5 11856/1/5
f 11873/2/5 11856/2/5 11872/2/5
f 11874/1/5 11857/1/5 11873/1/5
f 11875/2/5 11859/2/5 11858/2/5
f 11876/2/5 11859/2/5 11875/2/5
f 11877/2/5 11859/2/5 11876/2/5
f 11878/2/5 11859/2/5 11877/2/5
f 11879/2/5 11859/2/5 11878/2/5
f 11880/3/5 11861/3/5 11860/3/5
f 11881/2/5 11862/2/5 11861/2/5
f 11881/3/5 11861/3/5 11880/3/5
f 11882/2/5 11862/2/5 11881/2/5
f 11883/2/5 11862/2/5 11882/2/5
f 11884/2/5 11862/2/5 11883/2/5
f 11885/2/5 11862/2/5 11884/2/5
f 11886/2/5 11862/2/5 11885/2/5
f 11887/1/5 11863/1/5 11862/1/5
f 11887/2/5 11862/2/5 11886/2/5
f 11888/1/5 11863/1/5 11887/1/5
f 11889/3/5 11865/3/5 11864/3/5
f 11890/2/5 11866/2/5 11865/2/5
f 11890/3/5 11865/3/5 11889/3/5
f 11890/2/5 11867/2/5 11866/2/5
f 11891/2/5 11867/2/5 11890/2/5
f 11892/2/5 11867/2/5 11891/2/5
f 11893/2/5 11867/2/5 11892/2/5
f 11894/2/5 11867/2/5 11893/2/5
f 11895/2/5 11867/2/5 11894/2/5
f 11896/2/5 11867/2/5 11895/2/5
f 11897/2/5 11867/2/5 11896/2/5
f 11898/3/5 11868/3/5 11867/3/5
f 11898/2/5 11867/2/5 11897/2/5
f 11899/3/5 11868/3/5 11898/3/5
f 11900/3/5 11871/3/5 11870/3/5
f 11901/1/5 11872/1/5 11871/1/5
f 11901/3/5 11871/3/5 11900/3/5
f 11902/3/5 11873/3/5 11872/3/5
f 11902/1/5 11872/1/5 11901/1/5
f 11903/3/5 11873/3/5 11902/3/5
f 11904/2/5 11875/2/5 11858/2/5
f 11905/3/5 11876/3/5 11875/3/5
f 11905/2/5 11875/2/5 11904/2/5
f 11906/2/5 11877/2/5 11876/2/5
f 11906/3/5 11876/3/5 11905/3/5
f 11907/1/5 11878/1/5 11877/1/5
f 11907/2/5 11877/2/5 11906/2/5
f 11908/4/5 11879/4/5 11878/4/5
f 11908/1/5 11878/1/5 11907/1/5
f 11909/4/5 11879/4/5 11908/4/5
f 11910/4/5 11882/4/5 11881/4/5
f 11911/1/5 11883/1/5 11882/1/5
f 11911/4/5 11882/4/5 11910/4/5
f 11912/3/5 11884/3/5 11883/3/5
f 11912/1/5 11883/1/5 11911/1/5
f 11913/4/5 11885/4/5 11884/4/5
f 11913/3/5 11884/3/5 11912/3/5
f 11914/1/5 11886/1/5 11885/1/5
f 11914/4/5 11885/4/5 11913/4/5
f 11915/4/5 11887/4/5 11886/4/5
f 11915/1/5 11886/1/5 11914/1/5
f 11916/4/5 11887/4/5 11915/4/5
f 11917/1/5 11891/1/5 11890/1/5
f 11918/3/5 11892/3/5 11891/3/5
f 11918/1/5 11891/1/5 11917/1/5
f 11919/1/5 11893/1/5 11892/1/5
f 11919/3/5 11892/3/5 11918/3/5
f 11920/3/5 11894/3/5 11893/3/5
f 11920/1/5 11893/1/5 11919/1/5
f 11921/1/5 11895/1/5 11894/1/5
f 11921/3/5 11894/3/5 11920/3/5
f 11922/2/5 11896/2/5 11895/2/5
f 11922/1/5 11895/1/5 11921/1/5
f 11923/1/5 11897/1/5 11896/1/5
f 11923/2/5 11896/2/5 11922/2/5
f 11924/3/5 11898/3/5 11897/3/5
f 11924/1/5 11897/1/5 11923/1/5
f 11925/3/5 11898/3/5 11924/3/5
f 11939/3/5 11927/3/5 11926/3/5
f 11939/3/5 11938/3/5 11937/3/5
f 11939/3/5 11937/3/5 11936/3/5
f 11939/3/5 11936/3/5 11935/3/5
f 11939/3/5 11935/3/5 11934/3/5
f 11939/3/5 11934/3/5 11933/3/5
f 11939/3/5 11933/3/5 11932/3/5
f 11939/3/5 11932/3/5 11931/3/5
f 11939/3/5 11931/3/5 11930/3/5
f 11939/3/5 11930/3/5 11929/3/5
f 11939/3/5 11929/3/5 11928/3/5
f 11939/3/5 11928/3/5 11927/3/5
f 11940/3/5 11938/3/5 11939/3/5
f 11941/3/5 11940/3/5 11939/3/5
f 11942/3/5 11940/3/5 11941/3/5
f 11943/3/5 11942/3/5 11941/3/5
f 11944/3/5 11942/3/5 11943/3/5
f 11945/3/5 11944/3/5 11943/3/5
f 11946/3/5 11944/3/5 11945/3/5
f 11947/3/5 11946/3/5 11945/3/5
f 11948/3/5 11946/3/5 11947/3/5
f 11949/3/5 11948/3/5 11947/3/5
f 11950/3/5 11948/3/5 11949/3/5
f 11951/3/5 11950/3/5 11949/3/5
f 11952/3/5 11950/3/5 11951/3/5
f 11953/3/5 11952/3/5 11951/3/5
f 11954/3/5 11952/3/5 11953/3/5
f 11955/3/5 11954/3/5 11953/3/5
f 11956/3/5 11954/3/5 11955/3/5
f 11957/3/5 11956/3/5 11955/3/5
f 11958/3/5 11956/3/5 11957/3/5
f 11959/3/5 11958/3/5 11957/3/5
f 11960/3/5 11958/3/5 11959/3/5
f 11961/3/5 11960/3/5 11959/3/5
f 11962/3/5 11960/3/5 11961/3/5
f 11963/3/5 11960/3/5 11962/3/5
f 11964/3/5 11960/3/5 11963/3/5
f 11965/3/5 11960/3/5 11964/3/5
f 11966/3/5 11960/3/5 11965/3/5
f 11967/3/5 11960/3/5 11966/3/5
f 11968/3/5 11960/3/5 11967/3/5
f 11969/3/5 11960/3/5 11968/3/5
f 11970/3/5 11960/3/5 11969/3/5
f 11971/3/5 11960/3/5 11970/3/5
f 11972/3/5 11960/3/5 11971/3/5
f 11973/3/5 11960/3/5 11972/3/5
f 12001/4/5 11975/4/5 11974/4/5
f 12002/3/5 11976/3/5 11975/3/5
f 12002/4/5 11975/4/5 12001/4/5
f 12003/3/5 11976/3/5 12002/3/5
f 12004/3/5 11978/3/5 11977/3/5
f 12005/1/5 11979/1/5 11978/1/5
f 12005/3/5 11978/3/5 12004/3/5
f 12006/4/5 11980/4/5 11979/4/5
f 12006/1/5 11979/1/5 12005/1/5
f 12007/3/5 11981/3/5 11980/3/5
f 12007/4/5 11980/4/5 12006/4/5
f 12008/1/5 11982/1/5 11981/1/5
f 12008/3/5 11981/3/5 12007/3/5
f 12009/4/5 11983/4/5 11982/4/5
f 12009/1/5 11982/1/5 12008/1/5
f 12010/3/5 11984/3/5 11983/3/5
f 12010/4/5 11983/4/5 12009/4/5
f 12011/4/5 11985/4/5 11984/4/5
f 12011/3/5 11984/3/5 12010/3/5
f 12012/1/5 11986/1/5 11985/1/5
f 12012/4/5 11985/4/5 12011/4/5
f 12013/1/5 11986/1/5 12012/1/5
f 12014/3/5 11988/3/5 11987/3/5
f 12015/4/5 11989/4/5 11988/4/5
f 12015/3/5 11988/3/5 12014/3/5
f 12016/1/5 11990/1/5 11989/1/5
f 12016/4/5 11989/4/5 12015/4/5
f 12017/3/5 11991/3/5 11990/3/5
f 12017/1/5 11990/1/5 12016/1/5
f 12018/1/5 11992/1/5 11991/1/5
f 12018/3/5 11991/3/5 12017/3/5
f 12019/4/5 11993/4/5 11992/4/5
f 12019/1/5 11992/1/5 12018/1/5
f 12020/3/5 11994/3/5 11993/3/5
f 12020/4/5 11993/4/5 12019/4/5
f 12021/1/5 11995/1/5 11994/1/5
f 12021/3/5 11994/3/5 12020/3/5
f 12022/4/5 11996/4/5 11995/4/5
f 12022/1/5 11995/1/5 12021/1/5
f 12023/3/5 11997/3/5 11996/3/5
f 12023/4/5 11996/4/5 12022/4/5
f 12024/1/5 11998/1/5 11997/1/5
f 12024/3/5 11997/3/5 12023/3/5
f 12025/1/5 11998/1/5 12024/1/5
f 12026/4/5 12000/4/5 11999/4/5
f 12027/4/5 12000/4/5 12026/4/5
f 12028/4/5 12000/4/5 12027/4/5
f 12029/3/5 12002/3/5 12001/3/5
f 12030/3/5 12002/3/5 12029/3/5
f 12031/3/5 12028/3/5 12027/3/5
f 12032/3/5 12028/3/5 12031/3/5
f 12037/3/5 12034/3/5 12033/3/5
f 12038/3/5 12034/3/5 12037/3/5
f 12039/3/5 12036/3/5 12035/3/5
f 12040/3/5 12036/3/5 12039/3/5
f 12041/1/5 12038/1/5 12037/1/5
f 12042/1/5 12038/1/5 12041/1/5
f 12043/1/5 12040/1/5 12039/1/5
f 12044/1/5 12040/1/5 12043/1/5
f 12045/4/5 12042/4/5 12041/4/5
f 12046/4/5 12042/4/5 12045/4/5
f 12047/4/5 12044/4/5 12043/4/5
f 12048/4/5 12044/4/5 12047/4/5
f 12049/3/5 12046/3/5 12045/3/5
f 12050/3/5 12046/3/5 12049/3/5
f 12051/3/5 12048/3/5 12047/3/5
f 12052/3/5 12048/3/5 12051/3/5
f 12053/1/5 12050/1/5 12049/1/5
f 12054/1/5 12050/1/5 12053/1/5
f 12055/1/5 12052/1/5 12051/1/5
f 12056/1/5 12052/1/5 12055/1/5
f 12057/4/5 12054/4/5 12053/4/5
f 12058/4/5 12054/4/5 12057/4/5
f 12059/4/5 12056/4/5 12055/4/5
f 12060/4/5 12056/4/5 12059/4/5
f 12061/3/5 12058/3/5 12057/3/5
f 12062/3/5 12058/3/5 12061/3/5
f 12063/3/5 12060/3/5 12059/3/5
f 12064/3/5 12060/3/5 12063/3/5
f 12065/4/5 12062/4/5 12061/4/5
f 12066/4/5 12062/4/5 12065/4/5
f 12067/4/5 12064/4/5 12063/4/5
f 12068/4/5 12064/4/5 12067/4/5
f 12069/1/5 12066/1/5 12065/1/5
f 12070/1/5 12066/1/5 12069/1/5
f 12071/1/5 12068/1/5 12067/1/5
f 12072/1/5 12068/1/5 12071/1/5
f 12077/3/5 12074/3/5 12073/3/5
f 12078/3/5 12074/3/5 12077/3/5
f 12079/3/5 12076/3/5 12075/3/5
f 12080/3/5 12076/3/5 12079/3/5
f 12081/4/5 12078/4/5 12077/4/5
f 12082/4/5 12078/4/5 12081/4/5
f 12083/4/5 12080/4/5 12079/4/5
f 12084/4/5 12080/4/5 12083/4/5
f 12085/1/5 12082/1/5 12081/1/5
f 12086/1/5 12082/1/5 12085/1/5
f 12087/1/5 12084/1/5 12083/1/5
f 12088/1/5 12084/1/5 12087/1/5
f 12089/3/5 12086/3/5 12085/3/5
f 12090/3/5 12086/3/5 12089/3/5
f 12091/3/5 12088/3/5 12087/3/5
f 12092/3/5 12088/3/5 12091/3/5
f 12093/1/5 12090/1/5 12089/1/5
f 12094/1/5 12090/1/5 12093/1/5
f 12095/1/5 12092/1/5 12091/1/5
f 12096/1/5 12092/1/5 12095/1/5
f 12097/4/5 12094/4/5 12093/4/5
f 12098/4/5 12094/4/5 12097/4/5
f 12099/4/5 12096/4/5 12095/4/5
f 12100/4/5 12096/4/5 12099/4/5
f 12101/3/5 12098/3/5 12097/3/5
f 12102/3/5 12098/3/5 12101/3/5
f 12103/3/5 12100/3/5 12099/3/5
f 12104/3/5 12100/3/5 12103/3/5
f 12105/1/5 12102/1/5 12101/1/5
f 12106/1/5 12102/1/5 12105/1/5
f 12107/1/5 12104/1/5 12103/1/5
f 12108/1/5 12104/1/5 12107/1/5
f 12109/4/5 12106/4/5 12105/4/5
f 12110/4/5 12106/4/5 12109/4/5
f 12111/4/5 12108/4/5 12107/4/5
f 12112/4/5 12108/4/5 12111/4/5
f 12113/3/5 12110/3/5 12109/3/5
f 12114/3/5 12110/3/5 12113/3/5
f 12115/3/5 12112/3/5 12111/3/5
f 12116/3/5 12112/3/5 12115/3/5
f 12117/1/5 12114/1/5 12113/1/5
f 12118/1/5 12114/1/5 12117/1/5
f 12119/1/5 12116/1/5 12115/1/5
f 12120/1/5 12116/1/5 12119/1/5
f 12125/4/5 12122/4/5 12121/4/5
f 12150/4/5 12124/4/5 12123/4/5
f 12151/4/5 12125/4/5 12121/4/5
f 12152/3/5 12126/3/5 12125/3/5
f 12152/4/5 12125/4/5 12151/4/5
f 12153/3/5 12126/3/5 12152/3/5
f 12154/3/5 12128/3/5 12127/3/5
f 12155/1/5 12129/1/5 12128/1/5
f 12155/3/5 12128/3/5 12154/3/5
f 12156/4/5 12130/4/5 12129/4/5
f 12156/1/5 12129/1/5 12155/1/5
f 12157/3/5 12131/3/5 12130/3/5
f 12157/4/5 12130/4/5 12156/4/5
f 12158/1/5 12132/1/5 12131/1/5
f 12158/3/5 12131/3/5 12157/3/5
f 12159/4/5 12133/4/5 12132/4/5
f 12159/1/5 12132/1/5 12158/1/5
f 12160/3/5 12134/3/5 12133/3/5
f 12160/4/5 12133/4/5 12159/4/5
f 12161/4/5 12135/4/5 12134/4/5
f 12161/3/5 12134/3/5 12160/3/5
f 12162/1/5 12136/1/5 12135/1/5
f 12162/4/5 12135/4/5 12161/4/5
f 12163/1/5 12136/1/5 12162/1/5
f 12164/3/5 12138/3/5 12137/3/5
f 12165/4/5 12139/4/5 12138/4/5
f 12165/3/5 12138/3/5 12164/3/5
f 12166/1/5 12140/1/5 12139/1/5
f 12166/4/5 12139/4/5 12165/4/5
f 12167/3/5 12141/3/5 12140/3/5
f 12167/1/5 12140/1/5 12166/1/5
f 12168/1/5 12142/1/5 12141/1/5
f 12168/3/5 12141/3/5 12167/3/5
f 12169/4/5 12143/4/5 12142/4/5
f 12169/1/5 12142/1/5 12168/1/5
f 12170/3/5 12144/3/5 12143/3/5
f 12170/4/5 12143/4/5 12169/4/5
f 12171/1/5 12145/1/5 12144/1/5
f 12171/3/5 12144/3/5 12170/3/5
f 12172/4/5 12146/4/5 12145/4/5
f 12172/1/5 12145/1/5 12171/1/5
f 12173/3/5 12147/3/5 12146/3/5
f 12173/4/5 12146/4/5 12172/4/5
f 12174/1/5 12148/1/5 12147/1/5
f 12174/3/5 12147/3/5 12173/3/5
f 12175/1/5 12148/1/5 12174/1/5
f 12176/4/5 12150/4/5 12149/4/5
f 12177/4/5 12124/4/5 12150/4/5
f 12177/4/5 12150/4/5 12176/4/5
f 12206/4/5 12179/4/5 12178/4/5
f 12207/4/5 12179/4/5 12206/4/5
f 12208/3/5 12180/3/5 12179/3/5
f 12208/4/5 12179/4/5 12207/4/5
f 12209/3/5 12180/3/5 12208/3/5
f 12211/4/5 12182/4/5 12181/4/5
f 12212/3/5 12183/3/5 12182/3/5
f 12212/4/5 12182/4/5 12211/4/5
f 12213/4/5 12184/4/5 12183/4/5
f 12213/3/5 12183/3/5 12212/3/5
f 12214/4/5 12184/4/5 12213/4/5
f 12215/4/5 12184/4/5 12214/4/5
f 12216/4/5 12184/4/5 12215/4/5
f 12217/4/5 12184/4/5 12216/4/5
f 12218/2/5 12185/2/5 12184/2/5
f 12218/4/5 12184/4/5 12217/4/5
f 12219/2/5 12185/2/5 12218/2/5
f 12220/3/5 12186/3/5 12185/3/5
f 12220/2/5 12185/2/5 12219/2/5
f 12221/2/5 12187/2/5 12186/2/5
f 12221/3/5 12186/3/5 12220/3/5
f 12222/2/5 12187/2/5 12221/2/5
f 12223/2/5 12187/2/5 12222/2/5
f 12226/3/5 12189/3/5 12188/3/5
f 12227/4/5 12190/4/5 12189/4/5
f 12227/3/5 12189/3/5 12226/3/5
f 12228/2/5 12191/2/5 12190/2/5
f 12228/4/5 12190/4/5 12227/4/5
f 12229/2/5 12191/2/5 12228/2/5
f 12230/1/5 12192/1/5 12191/1/5
f 12230/2/5 12191/2/5 12229/2/5
f 12231/3/5 12193/3/5 12192/3/5
f 12231/1/5 12192/1/5 12230/1/5
f 12232/4/5 12194/4/5 12193/4/5
f 12232/3/5 12193/3/5 12231/3/5
f 12233/4/5 12194/4/5 12232/4/5
f 12234/2/5 12195/2/5 12194/2/5
f 12234/4/5 12194/4/5 12233/4/5
f 12235/1/5 12196/1/5 12195/1/5
f 12235/2/5 12195/2/5 12234/2/5
f 12236/4/5 12197/4/5 12196/4/5
f 12236/1/5 12196/1/5 12235/1/5
f 12237/4/5 12197/4/5 12236/4/5
f 12238/3/5 12198/3/5 12197/3/5
f 12238/4/5 12197/4/5 12237/4/5
f 12239/4/5 12199/4/5 12198/4/5
f 12239/3/5 12198/3/5 12238/3/5
f 12240/4/5 12199/4/5 12239/4/5
f 12243/2/5 12201/2/5 12200/2/5
f 12244/4/5 12202/4/5 12201/4/5
f 12244/2/5 12201/2/5 12243/2/5
f 12245/2/5 12203/2/5 12202/2/5
f 12245/4/5 12202/4/5 12244/4/5
f 12246/4/5 12204/4/5 12203/4/5
f 12246/2/5 12203/2/5 12245/2/5
f 12247/4/5 12204/4/5 12246/4/5
f 12249/1/5 12206/1/5 12205/1/5
f 12250/1/5 12206/1/5 12249/1/5
f 12251/3/5 12211/3/5 12210/3/5
f 12252/3/5 12211/3/5 12251/3/5
f 12253/2/5 12224/2/5 12223/2/5
f 12254/2/5 12224/2/5 12253/2/5
f 12255/4/5 12226/4/5 12225/4/5
f 12256/4/5 12226/4/5 12255/4/5
f 12257/4/5 12241/4/5 12240/4/5
f 12258/4/5 12241/4/5 12257/4/5
f 12259/1/5 12243/1/5 12242/1/5
f 12260/1/5 12243/1/5 12259/1/5
f 12261/1/5 12248/1/5 12247/1/5
f 12262/1/5 12248/1/5 12261/1/5
f 12263/4/5 12250/4/5 12249/4/5
f 12264/4/5 12250/4/5 12263/4/5
f 12265/4/5 12262/4/5 12261/4/5
f 12266/4/5 12262/4/5 12265/4/5
f 12267/3/5 12264/3/5 12263/3/5
f 12268/3/5 12264/3/5 12267/3/5
f 12269/3/5 12266/3/5 12265/3/5
f 12270/3/5 12266/3/5 12269/3/5
f 12276/3/5 12272/3/5 12271/3/5
f 12277/3/5 12272/3/5 12276/3/5
f 12278/3/5 12274/3/5 12273/3/5
f 12279/3/5 12274/3/5 12278/3/5
f 12281/4/5 12276/4/5 12275/4/5
f 12282/4/5 12276/4/5 12281/4/5
f 12283/4/5 12280/4/5 12279/4/5
f 12284/4/5 12280/4/5 12283/4/5
f 12285/3/5 12282/3/5 12281/3/5
f 12286/3/5 12282/3/5 12285/3/5
f 12287/3/5 12284/3/5 12283/3/5
f 12288/3/5 12284/3/5 12287/3/5
f 12289/4/5 12286/4/5 12285/4/5
f 12290/4/5 12288/4/5 12287/4/5
f 12291/4/5 12289/4/5 12285/4/5
f 12292/4/5 12288/4/5 12290/4/5
f 12293/4/5 12291/4/5 12285/4/5
f 12294/4/5 12288/4/5 12292/4/5
f 12295/4/5 12293/4/5 12285/4/5
f 12296/4/5 12288/4/5 12294/4/5
f 12297/4/5 12295/4/5 12285/4/5
f 12298/4/5 12295/4/5 12297/4/5
f 12299/4/5 12288/4/5 12296/4/5
f 12300/4/5 12288/4/5 12299/4/5
f 12301/2/5 12298/2/5 12297/2/5
f 12302/2/5 12300/2/5 12299/2/5
f 12303/2/5 12301/2/5 12297/2/5
f 12304/2/5 12301/2/5 12303/2/5
f 12305/2/5 12300/2/5 12302/2/5
f 12306/2/5 12300/2/5 12305/2/5
f 12307/3/5 12304/3/5 12303/3/5
f 12308/3/5 12304/3/5 12307/3/5
f 12309/3/5 12306/3/5 12305/3/5
f 12310/3/5 12306/3/5 12309/3/5
f 12311/2/5 12308/2/5 12307/2/5
f 12312/2/5 12310/2/5 12309/2/5
f 12313/2/5 12311/2/5 12307/2/5
f 12314/2/5 12311/2/5 12313/2/5
f 12317/2/5 12310/2/5 12312/2/5
f 12318/2/5 12310/2/5 12317/2/5
f 12319/2/5 12315/2/5 12314/2/5
f 12320/2/5 12315/2/5 12319/2/5
f 12321/2/5 12317/2/5 12316/2/5
f 12322/2/5 12317/2/5 12321/2/5
f 12328/4/5 12324/4/5 12323/4/5
f 12329/4/5 12324/4/5 12328/4/5
f 12330/4/5 12326/4/5 12325/4/5
f 12331/4/5 12326/4/5 12330/4/5
f 12333/3/5 12328/3/5 12327/3/5
f 12334/3/5 12328/3/5 12333/3/5
f 12335/3/5 12332/3/5 12331/3/5
f 12336/3/5 12332/3/5 12335/3/5
f 12337/4/5 12334/4/5 12333/4/5
f 12338/4/5 12334/4/5 12337/4/5
f 12339/4/5 12336/4/5 12335/4/5
f 12340/4/5 12336/4/5 12339/4/5
f 12341/2/5 12338/2/5 12337/2/5
f 12342/2/5 12340/2/5 12339/2/5
f 12343/2/5 12341/2/5 12337/2/5
f 12344/2/5 12341/2/5 12343/2/5
f 12345/2/5 12340/2/5 12342/2/5
f 12346/2/5 12340/2/5 12345/2/5
f 12347/1/5 12344/1/5 12343/1/5
f 12348/1/5 12344/1/5 12347/1/5
f 12349/1/5 12346/1/5 12345/1/5
f 12350/1/5 12346/1/5 12349/1/5
f 12351/3/5 12348/3/5 12347/3/5
f 12352/3/5 12348/3/5 12351/3/5
f 12353/3/5 12350/3/5 12349/3/5
f 12354/3/5 12350/3/5 12353/3/5
f 12355/4/5 12352/4/5 12351/4/5
f 12356/4/5 12354/4/5 12353/4/5
f 12357/4/5 12355/4/5 12351/4/5
f 12358/4/5 12355/4/5 12357/4/5
f 12359/4/5 12354/4/5 12356/4/5
f 12360/4/5 12354/4/5 12359/4/5
f 12361/2/5 12358/2/5 12357/2/5
f 12362/2/5 12358/2/5 12361/2/5
f 12363/2/5 12360/2/5 12359/2/5
f 12364/2/5 12360/2/5 12363/2/5
f 12365/1/5 12362/1/5 12361/1/5
f 12366/1/5 12362/1/5 12365/1/5
f 12367/1/5 12364/1/5 12363/1/5
f 12368/1/5 12364/1/5 12367/1/5
f 12369/4/5 12366/4/5 12365/4/5
f 12370/4/5 12368/4/5 12367/4/5
f 12371/4/5 12369/4/5 12365/4/5
f 12372/4/5 12369/4/5 12371/4/5
f 12373/4/5 12368/4/5 12370/4/5
f 12374/4/5 12368/4/5 12373/4/5
f 12375/3/5 12372/3/5 12371/3/5
f 12376/3/5 12372/3/5 12375/3/5
f 12377/3/5 12374/3/5 12373/3/5
f 12378/3/5 12374/3/5 12377/3/5
f 12379/4/5 12376/4/5 12375/4/5
f 12380/4/5 12376/4/5 12379/4/5
f 12383/4/5 12378/4/5 12377/4/5
f 12384/4/5 12378/4/5 12383/4/5
f 12385/4/5 12381/4/5 12380/4/5
f 12386/4/5 12381/4/5 12385/4/5
f 12387/4/5 12383/4/5 12382/4/5
f 12388/4/5 12383/4/5 12387/4/5
f 12394/1/5 12390/1/5 12389/1/5
f 12395/1/5 12390/1/5 12394/1/5
f 12396/1/5 12392/1/5 12391/1/5
f 12397/1/5 12392/1/5 12396/1/5
f 12399/2/5 12394/2/5 12393/2/5
f 12400/2/5 12394/2/5 12399/2/5
f 12401/2/5 12398/2/5 12397/2/5
f 12402/2/5 12398/2/5 12401/2/5
f 12403/4/5 12400/4/5 12399/4/5
f 12404/4/5 12400/4/5 12403/4/5
f 12405/4/5 12402/4/5 12401/4/5
f 12406/4/5 12402/4/5 12405/4/5
f 12417/2/5 12404/2/5 12403/2/5
f 12418/2/5 12404/2/5 12417/2/5
f 12422/3/5 12408/3/5 12407/3/5
f 12423/3/5 12408/3/5 12422/3/5
f 12435/2/5 12410/2/5 12409/2/5
f 12436/2/5 12410/2/5 12435/2/5
f 12437/4/5 12412/4/5 12411/4/5
f 12438/4/5 12412/4/5 12437/4/5
f 12452/4/5 12414/4/5 12413/4/5
f 12453/4/5 12414/4/5 12452/4/5
f 12454/1/5 12416/1/5 12415/1/5
f 12455/1/5 12416/1/5 12454/1/5
f 12459/2/5 12406/2/5 12405/2/5
f 12460/2/5 12406/2/5 12459/2/5
f 12461/4/5 12419/4/5 12418/4/5
f 12461/4/5 12420/4/5 12419/4/5
f 12462/3/5 12421/3/5 12420/3/5
f 12462/4/5 12420/4/5 12461/4/5
f 12463/3/5 12421/3/5 12462/3/5
f 12464/4/5 12424/4/5 12423/4/5
f 12465/3/5 12425/3/5 12424/3/5
f 12465/4/5 12424/4/5 12464/4/5
f 12466/4/5 12426/4/5 12425/4/5
f 12466/3/5 12425/3/5 12465/3/5
f 12466/4/5 12427/4/5 12426/4/5
f 12466/4/5 12428/4/5 12427/4/5
f 12466/4/5 12429/4/5 12428/4/5
f 12466/4/5 12430/4/5 12429/4/5
f 12467/2/5 12431/2/5 12430/2/5
f 12467/4/5 12430/4/5 12466/4/5
f 12467/2/5 12432/2/5 12431/2/5
f 12468/3/5 12433/3/5 12432/3/5
f 12468/2/5 12432/2/5 12467/2/5
f 12469/2/5 12434/2/5 12433/2/5
f 12469/3/5 12433/3/5 12468/3/5
f 12469/2/5 12435/2/5 12434/2/5
f 12470/2/5 12435/2/5 12469/2/5
f 12471/3/5 12439/3/5 12438/3/5
f 12472/4/5 12440/4/5 12439/4/5
f 12472/3/5 12439/3/5 12471/3/5
f 12473/2/5 12441/2/5 12440/2/5
f 12473/4/5 12440/4/5 12472/4/5
f 12473/2/5 12442/2/5 12441/2/5
f 12474/1/5 12443/1/5 12442/1/5
f 12474/2/5 12442/2/5 12473/2/5
f 12475/3/5 12444/3/5 12443/3/5
f 12475/1/5 12443/1/5 12474/1/5
f 12476/4/5 12445/4/5 12444/4/5
f 12476/3/5 12444/3/5 12475/3/5
f 12476/4/5 12446/4/5 12445/4/5
f 12477/2/5 12447/2/5 12446/2/5
f 12477/4/5 12446/4/5 12476/4/5
f 12478/1/5 12448/1/5 12447/1/5
f 12478/2/5 12447/2/5 12477/2/5
f 12479/4/5 12450/4/5 12449/4/5
f 12479/1/5 12448/1/5 12478/1/5
f 12479/4/5 12449/4/5 12448/4/5
f 12480/3/5 12451/3/5 12450/3/5
f 12480/4/5 12450/4/5 12479/4/5
f 12481/4/5 12452/4/5 12451/4/5
f 12481/3/5 12451/3/5 12480/3/5
f 12482/4/5 12452/4/5 12481/4/5
f 12483/2/5 12456/2/5 12455/2/5
f 12484/4/5 12457/4/5 12456/4/5
f 12484/2/5 12456/2/5 12483/2/5
f 12485/2/5 12458/2/5 12457/2/5
f 12485/4/5 12457/4/5 12484/4/5
f 12486/4/5 12459/4/5 12458/4/5
f 12486/2/5 12458/2/5 12485/2/5
f 12487/4/5 12459/4/5 12486/4/5
f 12509/4/5 12489/4/5 12488/4/5
f 12510/1/5 12490/1/5 12489/1/5
f 12510/4/5 12489/4/5 12509/4/5
f 12511/3/5 12491/3/5 12490/3/5
f 12511/1/5 12490/1/5 12510/1/5
f 12512/3/5 12491/3/5 12511/3/5
f 12513/1/5 12493/1/5 12492/1/5
f 12514/3/5 12494/3/5 12493/3/5
f 12514/1/5 12493/1/5 12513/1/5
f 12515/1/5 12495/1/5 12494/1/5
f 12515/3/5 12494/3/5 12514/3/5
f 12516/4/5 12496/4/5 12495/4/5
f 12516/1/5 12495/1/5 12515/1/5
f 12517/3/5 12497/3/5 12496/3/5
f 12517/4/5 12496/4/5 12516/4/5
f 12518/4/5 12498/4/5 12497/4/5
f 12518/3/5 12497/3/5 12517/3/5
f 12519/3/5 12499/3/5 12498/3/5
f 12519/4/5 12498/4/5 12518/4/5
f 12520/4/5 12500/4/5 12499/4/5
f 12520/3/5 12499/3/5 12519/3/5
f 12521/1/5 12501/1/5 12500/1/5
f 12521/4/5 12500/4/5 12520/4/5
f 12522/3/5 12502/3/5 12501/3/5
f 12522/1/5 12501/1/5 12521/1/5
f 12523/3/5 12502/3/5 12522/3/5
f 12524/4/5 12504/4/5 12503/4/5
f 12525/3/5 12505/3/5 12504/3/5
f 12525/4/5 12504/4/5 12524/4/5
f 12526/4/5 12506/4/5 12505/4/5
f 12526/3/5 12505/3/5 12525/3/5
f 12527/3/5 12507/3/5 12506/3/5
f 12527/4/5 12506/4/5 12526/4/5
f 12528/4/5 12508/4/5 12507/4/5
f 12528/3/5 12507/3/5 12527/3/5
f 12529/4/5 12509/4/5 12488/4/5
f 12530/4/5 12509/4/5 12529/4/5
f 12531/4/5 12508/4/5 12528/4/5
f 12532/4/5 12508/4/5 12531/4/5
f 12533/1/5 12530/1/5 12529/1/5
f 12534/1/5 12530/1/5 12533/1/5
f 12535/1/5 12532/1/5 12531/1/5
f 12536/1/5 12532/1/5 12535/1/5
f 12537/3/5 12534/3/5 12533/3/5
f 12538/3/5 12534/3/5 12537/3/5
f 12539/3/5 12536/3/5 12535/3/5
f 12540/3/5 12536/3/5 12539/3/5
f 12545/1/5 12542/1/5 12541/1/5
f 12546/1/5 12542/1/5 12545/1/5
f 12547/1/5 12544/1/5 12543/1/5
f 12548/1/5 12544/1/5 12547/1/5
f 12549/3/5 12546/3/5 12545/3/5
f 12550/3/5 12546/3/5 12549/3/5
f 12551/3/5 12548/3/5 12547/3/5
f 12552/3/5 12548/3/5 12551/3/5
f 12553/1/5 12550/1/5 12549/1/5
f 12554/1/5 12550/1/5 12553/1/5
f 12555/1/5 12552/1/5 12551/1/5
f 12556/1/5 12552/1/5 12555/1/5
f 12557/4/5 12554/4/5 12553/4/5
f 12558/4/5 12554/4/5 12557/4/5
f 12559/4/5 12556/4/5 12555/4/5
f 12560/4/5 12556/4/5 12559/4/5
f 12561/3/5 12558/3/5 12557/3/5
f 12562/3/5 12558/3/5 12561/3/5
f 12563/3/5 12560/3/5 12559/3/5
f 12564/3/5 12560/3/5 12563/3/5
f 12565/4/5 12562/4/5 12561/4/5
f 12566/4/5 12562/4/5 12565/4/5
f 12567/4/5 12564/4/5 12563/4/5
f 12568/4/5 12564/4/5 12567/4/5
f 12569/3/5 12566/3/5 12565/3/5
f 12570/3/5 12566/3/5 12569/3/5
f 12571/3/5 12568/3/5 12567/3/5
f 12572/3/5 12568/3/5 12571/3/5
f 12573/4/5 12570/4/5 12569/4/5
f 12574/4/5 12570/4/5 12573/4/5
f 12575/4/5 12572/4/5 12571/4/5
f 12576/4/5 12572/4/5 12575/4/5
f 12577/1/5 12574/1/5 12573/1/5
f 12578/1/5 12574/1/5 12577/1/5
f 12579/1/5 12576/1/5 12575/1/5
f 12580/1/5 12576/1/5 12579/1/5
f 12581/3/5 12578/3/5 12577/3/5
f 12582/3/5 12578/3/5 12581/3/5
f 12583/3/5 12580/3/5 12579/3/5
f 12584/3/5 12580/3/5 12583/3/5
f 12589/4/5 12586/4/5 12585/4/5
f 12590/4/5 12586/4/5 12589/4/5
f 12591/4/5 12588/4/5 12587/4/5
f 12592/4/5 12588/4/5 12591/4/5
f 12593/3/5 12590/3/5 12589/3/5
f 12594/3/5 12590/3/5 12593/3/5
f 12595/3/5 12592/3/5 12591/3/5
f 12596/3/5 12592/3/5 12595/3/5
f 12597/4/5 12594/4/5 12593/4/5
f 12598/4/5 12594/4/5 12597/4/5
f 12599/4/5 12596/4/5 12595/4/5
f 12600/4/5 12596/4/5 12599/4/5
f 12601/3/5 12598/3/5 12597/3/5
f 12620/3/5 12600/3/5 12599/3/5
f 12621/3/5 12601/3/5 12597/3/5
f 12622/4/5 12602/4/5 12601/4/5
f 12622/3/5 12601/3/5 12621/3/5
f 12623/1/5 12603/1/5 12602/1/5
f 12623/4/5 12602/4/5 12622/4/5
f 12624/3/5 12604/3/5 12603/3/5
f 12624/1/5 12603/1/5 12623/1/5
f 12625/3/5 12604/3/5 12624/3/5
f 12626/1/5 12606/1/5 12605/1/5
f 12627/3/5 12607/3/5 12606/3/5
f 12627/1/5 12606/1/5 12626/1/5
f 12628/1/5 12608/1/5 12607/1/5
f 12628/3/5 12607/3/5 12627/3/5
f 12629/4/5 12609/4/5 12608/4/5
f 12629/1/5 12608/1/5 12628/1/5
f 12630/3/5 12610/3/5 12609/3/5
f 12630/4/5 12609/4/5 12629/4/5
f 12631/4/5 12611/4/5 12610/4/5
f 12631/3/5 12610/3/5 12630/3/5
f 12632/3/5 12612/3/5 12611/3/5
f 12632/4/5 12611/4/5 12631/4/5
f 12633/4/5 12613/4/5 12612/4/5
f 12633/3/5 12612/3/5 12632/3/5
f 12634/1/5 12614/1/5 12613/1/5
f 12634/4/5 12613/4/5 12633/4/5
f 12635/3/5 12615/3/5 12614/3/5
f 12635/1/5 12614/1/5 12634/1/5
f 12636/3/5 12615/3/5 12635/3/5
f 12637/4/5 12617/4/5 12616/4/5
f 12638/3/5 12618/3/5 12617/3/5
f 12638/4/5 12617/4/5 12637/4/5
f 12639/4/5 12619/4/5 12618/4/5
f 12639/3/5 12618/3/5 12638/3/5
f 12640/3/5 12620/3/5 12619/3/5
f 12640/4/5 12619/4/5 12639/4/5
f 12641/3/5 12600/3/5 12620/3/5
f 12641/3/5 12620/3/5 12640/3/5
f 12668/1/5 12643/1/5 12642/1/5
f 12669/2/5 12644/2/5 12643/2/5
f 12669/1/5 12643/1/5 12668/1/5
f 12670/1/5 12645/1/5 12644/1/5
f 12670/2/5 12644/2/5 12669/2/5
f 12671/4/5 12646/4/5 12645/4/5
f 12671/1/5 12645/1/5 12670/1/5
f 12672/4/5 12646/4/5 12671/4/5
f 12673/3/5 12647/3/5 12646/3/5
f 12673/4/5 12646/4/5 12672/4/5
f 12674/3/5 12647/3/5 12673/3/5
f 12677/4/5 12649/4/5 12648/4/5
f 12678/3/5 12650/3/5 12649/3/5
f 12678/4/5 12649/4/5 12677/4/5
f 12679/4/5 12651/4/5 12650/4/5
f 12679/3/5 12650/3/5 12678/3/5
f 12680/4/5 12651/4/5 12679/4/5
f 12681/2/5 12652/2/5 12651/2/5
f 12681/4/5 12651/4/5 12680/4/5
f 12682/4/5 12653/4/5 12652/4/5
f 12682/2/5 12652/2/5 12681/2/5
f 12683/3/5 12654/3/5 12653/3/5
f 12683/4/5 12653/4/5 12682/4/5
f 12684/1/5 12655/1/5 12654/1/5
f 12684/3/5 12654/3/5 12683/3/5
f 12685/1/5 12655/1/5 12684/1/5
f 12686/3/5 12656/3/5 12655/3/5
f 12686/1/5 12655/1/5 12685/1/5
f 12687/4/5 12657/4/5 12656/4/5
f 12687/3/5 12656/3/5 12686/3/5
f 12688/4/5 12657/4/5 12687/4/5
f 12689/3/5 12658/3/5 12657/3/5
f 12689/4/5 12657/4/5 12688/4/5
f 12690/4/5 12659/4/5 12658/4/5
f 12690/3/5 12658/3/5 12689/3/5
f 12691/4/5 12659/4/5 12690/4/5
f 12694/2/5 12661/2/5 12660/2/5
f 12695/1/5 12662/1/5 12661/1/5
f 12695/2/5 12661/2/5 12694/2/5
f 12696/4/5 12663/4/5 12662/4/5
f 12696/1/5 12662/1/5 12695/1/5
f 12697/2/5 12664/2/5 12663/2/5
f 12697/4/5 12663/4/5 12696/4/5
f 12698/3/5 12665/3/5 12664/3/5
f 12698/2/5 12664/2/5 12697/2/5
f 12699/1/5 12666/1/5 12665/1/5
f 12699/3/5 12665/3/5 12698/3/5
f 12700/1/5 12666/1/5 12699/1/5
f 12702/4/5 12675/4/5 12674/4/5
f 12703/4/5 12675/4/5 12702/4/5
f 12704/4/5 12677/4/5 12676/4/5
f 12705/4/5 12677/4/5 12704/4/5
f 12706/3/5 12692/3/5 12691/3/5
f 12707/3/5 12692/3/5 12706/3/5
f 12708/1/5 12694/1/5 12693/1/5
f 12709/1/5 12694/1/5 12708/1/5
f 12710/2/5 12668/2/5 12667/2/5
f 12711/2/5 12668/2/5 12710/2/5
f 12712/2/5 12701/2/5 12700/2/5
f 12713/2/5 12701/2/5 12712/2/5
f 12714/1/5 12711/1/5 12710/1/5
f 12715/1/5 12711/1/5 12714/1/5
f 12716/1/5 12713/1/5 12712/1/5
f 12717/1/5 12713/1/5 12716/1/5
f 12718/4/5 12715/4/5 12714/4/5
f 12719/4/5 12717/4/5 12716/4/5
f 12720/4/5 12718/4/5 12714/4/5
f 12721/4/5 12718/4/5 12720/4/5
f 12722/4/5 12717/4/5 12719/4/5
f 12723/4/5 12717/4/5 12722/4/5
f 12724/3/5 12721/3/5 12720/3/5
f 12725/3/5 12721/3/5 12724/3/5
f 12728/3/5 12723/3/5 12722/3/5
f 12729/3/5 12723/3/5 12728/3/5
f 12730/4/5 12726/4/5 12725/4/5
f 12731/4/5 12726/4/5 12730/4/5
f 12732/4/5 12728/4/5 12727/4/5
f 12733/4/5 12728/4/5 12732/4/5
f 12739/4/5 12735/4/5 12734/4/5
f 12740/4/5 12735/4/5 12739/4/5
f 12741/4/5 12737/4/5 12736/4/5
f 12742/4/5 12737/4/5 12741/4/5
f 12744/4/5 12739/4/5 12738/4/5
f 12745/4/5 12739/4/5 12744/4/5
f 12746/4/5 12743/4/5 12742/4/5
f 12747/4/5 12743/4/5 12746/4/5
f 12748/3/5 12745/3/5 12744/3/5
f 12749/3/5 12745/3/5 12748/3/5
f 12750/3/5 12747/3/5 12746/3/5
f 12751/3/5 12747/3/5 12750/3/5
f 12752/4/5 12749/4/5 12748/4/5
f 12753/4/5 12751/4/5 12750/4/5
f 12754/4/5 12752/4/5 12748/4/5
f 12755/4/5 12752/4/5 12754/4/5
f 12756/4/5 12751/4/5 12753/4/5
f 12757/4/5 12751/4/5 12756/4/5
f 12758/2/5 12755/2/5 12754/2/5
f 12759/2/5 12755/2/5 12758/2/5
f 12760/2/5 12757/2/5 12756/2/5
f 12761/2/5 12757/2/5 12760/2/5
f 12762/4/5 12759/4/5 12758/4/5
f 12763/4/5 12759/4/5 12762/4/5
f 12764/4/5 12761/4/5 12760/4/5
f 12765/4/5 12761/4/5 12764/4/5
f 12766/3/5 12763/3/5 12762/3/5
f 12767/3/5 12763/3/5 12766/3/5
f 12768/3/5 12765/3/5 12764/3/5
f 12769/3/5 12765/3/5 12768/3/5
f 12770/1/5 12767/1/5 12766/1/5
f 12771/1/5 12769/1/5 12768/1/5
f 12772/1/5 12770/1/5 12766/1/5
f 12773/1/5 12770/1/5 12772/1/5
f 12774/1/5 12769/1/5 12771/1/5
f 12775/1/5 12769/1/5 12774/1/5
f 12776/3/5 12773/3/5 12772/3/5
f 12777/3/5 12773/3/5 12776/3/5
f 12778/3/5 12775/3/5 12774/3/5
f 12779/3/5 12775/3/5 12778/3/5
f 12780/4/5 12777/4/5 12776/4/5
f 12781/4/5 12779/4/5 12778/4/5
f 12782/4/5 12780/4/5 12776/4/5
f 12783/4/5 12780/4/5 12782/4/5
f 12784/4/5 12779/4/5 12781/4/5
f 12785/4/5 12779/4/5 12784/4/5
f 12786/3/5 12783/3/5 12782/3/5
f 12787/3/5 12783/3/5 12786/3/5
f 12788/3/5 12785/3/5 12784/3/5
f 12789/3/5 12785/3/5 12788/3/5
f 12790/4/5 12787/4/5 12786/4/5
f 12791/4/5 12787/4/5 12790/4/5
f 12794/4/5 12789/4/5 12788/4/5
f 12795/4/5 12789/4/5 12794/4/5
f 12796/3/5 12792/3/5 12791/3/5
f 12797/3/5 12792/3/5 12796/3/5
f 12798/3/5 12794/3/5 12793/3/5
f 12799/3/5 12794/3/5 12798/3/5
f 12805/1/5 12801/1/5 12800/1/5
f 12806/1/5 12801/1/5 12805/1/5
f 12807/1/5 12803/1/5 12802/1/5
f 12808/1/5 12803/1/5 12807/1/5
f 12810/2/5 12805/2/5 12804/2/5
f 12811/2/5 12805/2/5 12810/2/5
f 12812/2/5 12809/2/5 12808/2/5
f 12813/2/5 12809/2/5 12812/2/5
f 12814/1/5 12811/1/5 12810/1/5
f 12815/1/5 12811/1/5 12814/1/5
f 12816/1/5 12813/1/5 12812/1/5
f 12817/1/5 12813/1/5 12816/1/5
f 12818/4/5 12815/4/5 12814/4/5
f 12819/4/5 12815/4/5 12818/4/5
f 12820/4/5 12817/4/5 12816/4/5
f 12821/4/5 12817/4/5 12820/4/5
f 12822/2/5 12819/2/5 12818/2/5
f 12823/2/5 12819/2/5 12822/2/5
f 12824/2/5 12821/2/5 12820/2/5
f 12825/2/5 12821/2/5 12824/2/5
f 12834/3/5 12823/3/5 12822/3/5
f 12835/3/5 12823/3/5 12834/3/5
f 12841/4/5 12827/4/5 12826/4/5
f 12842/4/5 12827/4/5 12841/4/5
f 12843/4/5 12829/4/5 12828/4/5
f 12844/4/5 12829/4/5 12843/4/5
f 12858/3/5 12831/3/5 12830/3/5
f 12859/3/5 12831/3/5 12858/3/5
f 12860/1/5 12833/1/5 12832/1/5
f 12861/1/5 12833/1/5 12860/1/5
f 12867/3/5 12825/3/5 12824/3/5
f 12868/3/5 12825/3/5 12867/3/5
f 12869/4/5 12836/4/5 12835/4/5
f 12870/2/5 12837/2/5 12836/2/5
f 12870/4/5 12836/4/5 12869/4/5
f 12871/1/5 12838/1/5 12837/1/5
f 12871/2/5 12837/2/5 12870/2/5
f 12872/4/5 12840/4/5 12839/4/5
f 12872/1/5 12838/1/5 12871/1/5
f 12872/4/5 12839/4/5 12838/4/5
f 12873/3/5 12841/3/5 12840/3/5
f 12873/4/5 12840/4/5 12872/4/5
f 12874/3/5 12841/3/5 12873/3/5
f 12875/4/5 12845/4/5 12844/4/5
f 12876/3/5 12846/3/5 12845/3/5
f 12876/4/5 12845/4/5 12875/4/5
f 12877/4/5 12847/4/5 12846/4/5
f 12877/3/5 12846/3/5 12876/3/5
f 12877/4/5 12848/4/5 12847/4/5
f 12878/2/5 12849/2/5 12848/2/5
f 12878/4/5 12848/4/5 12877/4/5
f 12879/4/5 12850/4/5 12849/4/5
f 12879/2/5 12849/2/5 12878/2/5
f 12880/3/5 12851/3/5 12850/3/5
f 12880/4/5 12850/4/5 12879/4/5
f 12881/1/5 12852/1/5 12851/1/5
f 12881/3/5 12851/3/5 12880/3/5
f 12881/1/5 12853/1/5 12852/1/5
f 12882/3/5 12854/3/5 12853/3/5
f 12882/1/5 12853/1/5 12881/1/5
f 12883/4/5 12855/4/5 12854/4/5
f 12883/3/5 12854/3/5 12882/3/5
f 12883/4/5 12856/4/5 12855/4/5
f 12884/3/5 12857/3/5 12856/3/5
f 12884/4/5 12856/4/5 12883/4/5
f 12885/4/5 12858/4/5 12857/4/5
f 12885/3/5 12857/3/5 12884/3/5
f 12886/4/5 12858/4/5 12885/4/5
f 12887/2/5 12862/2/5 12861/2/5
f 12888/1/5 12863/1/5 12862/1/5
f 12888/2/5 12862/2/5 12887/2/5
f 12889/4/5 12864/4/5 12863/4/5
f 12889/1/5 12863/1/5 12888/1/5
f 12890/2/5 12865/2/5 12864/2/5
f 12890/4/5 12864/4/5 12889/4/5
f 12891/3/5 12866/3/5 12865/3/5
f 12891/2/5 12865/2/5 12890/2/5
f 12892/4/5 12867/4/5 12866/4/5
f 12892/3/5 12866/3/5 12891/3/5
f 12893/4/5 12867/4/5 12892/4/5
f 12916/4/5 12895/4/5 12894/4/5
f 12917/3/5 12896/3/5 12895/3/5
f 12917/4/5 12895/4/5 12916/4/5
f 12918/4/5 12897/4/5 12896/4/5
f 12918/3/5 12896/3/5 12917/3/5
f 12919/3/5 12898/3/5 12897/3/5
f 12919/4/5 12897/4/5 12918/4/5
f 12920/3/5 12898/3/5 12919/3/5
f 12921/4/5 12900/4/5 12899/4/5
f 12922/3/5 12901/3/5 12900/3/5
f 12922/4/5 12900/4/5 12921/4/5
f 12923/4/5 12902/4/5 12901/4/5
f 12923/3/5 12901/3/5 12922/3/5
f 12924/3/5 12903/3/5 12902/3/5
f 12924/4/5 12902/4/5 12923/4/5
f 12925/3/5 12903/3/5 12924/3/5
f 12926/1/5 12905/1/5 12904/1/5
f 12927/3/5 12906/3/5 12905/3/5
f 12927/1/5 12905/1/5 12926/1/5
f 12928/1/5 12907/1/5 12906/1/5
f 12928/3/5 12906/3/5 12927/3/5
f 12929/3/5 12908/3/5 12907/3/5
f 12929/1/5 12907/1/5 12928/1/5
f 12930/4/5 12909/4/5 12908/4/5
f 12930/3/5 12908/3/5 12929/3/5
f 12931/3/5 12910/3/5 12909/3/5
f 12931/4/5 12909/4/5 12930/4/5
f 12932/4/5 12911/4/5 12910/4/5
f 12932/3/5 12910/3/5 12931/3/5
f 12933/1/5 12912/1/5 12911/1/5
f 12933/4/5 12911/4/5 12932/4/5
f 12934/3/5 12913/3/5 12912/3/5
f 12934/1/5 12912/1/5 12933/1/5
f 12935/3/5 12913/3/5 12934/3/5
f 12936/4/5 12915/4/5 12914/4/5
f 12937/4/5 12915/4/5 12936/4/5
f 12938/4/5 12916/4/5 12894/4/5
f 12939/4/5 12916/4/5 12938/4/5
f 12940/4/5 12915/4/5 12937/4/5
f 12941/4/5 12915/4/5 12940/4/5
f 12942/3/5 12939/3/5 12938/3/5
f 12943/3/5 12939/3/5 12942/3/5
f 12944/3/5 12941/3/5 12940/3/5
f 12945/3/5 12941/3/5 12944/3/5
f 12946/4/5 12943/4/5 12942/4/5
f 12947/4/5 12943/4/5 12946/4/5
f 12948/4/5 12945/4/5 12944/4/5
f 12949/4/5 12945/4/5 12948/4/5
f 12950/3/5 12947/3/5 12946/3/5
f 12951/3/5 12947/3/5 12950/3/5
f 12952/3/5 12949/3/5 12948/3/5
f 12953/3/5 12949/3/5 12952/3/5
f 12958/4/5 12955/4/5 12954/4/5
f 12959/4/5 12955/4/5 12958/4/5
f 12960/4/5 12957/4/5 12956/4/5
f 12961/4/5 12957/4/5 12960/4/5
f 12962/3/5 12959/3/5 12958/3/5
f 12963/3/5 12959/3/5 12962/3/5
f 12964/3/5 12961/3/5 12960/3/5
f 12965/3/5 12961/3/5 12964/3/5
f 12966/4/5 12963/4/5 12962/4/5
f 12967/4/5 12963/4/5 12966/4/5
f 12968/4/5 12965/4/5 12964/4/5
f 12969/4/5 12965/4/5 12968/4/5
f 12970/3/5 12967/3/5 12966/3/5
f 12971/3/5 12967/3/5 12970/3/5
f 12972/3/5 12969/3/5 12968/3/5
f 12973/3/5 12969/3/5 12972/3/5
f 12978/1/5 12975/1/5 12974/1/5
f 12979/1/5 12975/1/5 12978/1/5
f 12980/1/5 12977/1/5 12976/1/5
f 12981/1/5 12977/1/5 12980/1/5
f 12982/3/5 12979/3/5 12978/3/5
f 12983/3/5 12979/3/5 12982/3/5
f 12984/3/5 12981/3/5 12980/3/5
f 12985/3/5 12981/3/5 12984/3/5
f 12986/1/5 12983/1/5 12982/1/5
f 12987/1/5 12983/1/5 12986/1/5
f 12988/1/5 12985/1/5 12984/1/5
f 12989/1/5 12985/1/5 12988/1/5
f 12990/3/5 12987/3/5 12986/3/5
f 12991/3/5 12987/3/5 12990/3/5
f 12992/3/5 12989/3/5 12988/3/5
f 12993/3/5 12989/3/5 12992/3/5
f 12994/4/5 12991/4/5 12990/4/5
f 12995/4/5 12991/4/5 12994/4/5
f 12996/4/5 12993/4/5 12992/4/5
f 12997/4/5 12993/4/5 12996/4/5
f 12998/3/5 12995/3/5 12994/3/5
f 12999/3/5 12995/3/5 12998/3/5
f 13000/3/5 12997/3/5 12996/3/5
f 13001/3/5 12997/3/5 13000/3/5
f 13002/4/5 12999/4/5 12998/4/5
f 13003/4/5 12999/4/5 13002/4/5
f 13004/4/5 13001/4/5 13000/4/5
f 13005/4/5 13001/4/5 13004/4/5
f 13006/1/5 13003/1/5 13002/1/5
f 13007/1/5 13003/1/5 13006/1/5
f 13008/1/5 13005/1/5 13004/1/5
f 13009/1/5 13005/1/5 13008/1/5
f 13010/3/5 13007/3/5 13006/3/5
f 13011/3/5 13007/3/5 13010/3/5
f 13012/3/5 13009/3/5 13008/3/5
f 13013/3/5 13009/3/5 13012/3/5
f 13018/4/5 13015/4/5 13014/4/5
f 13019/4/5 13015/4/5 13018/4/5
f 13040/4/5 13017/4/5 13016/4/5
f 13041/4/5 13017/4/5 13040/4/5
f 13042/3/5 13019/3/5 13018/3/5
f 13043/4/5 13020/4/5 13019/4/5
f 13043/3/5 13019/3/5 13042/3/5
f 13044/3/5 13021/3/5 13020/3/5
f 13044/4/5 13020/4/5 13043/4/5
f 13045/4/5 13022/4/5 13021/4/5
f 13045/3/5 13021/3/5 13044/3/5
f 13046/3/5 13023/3/5 13022/3/5
f 13046/4/5 13022/4/5 13045/4/5
f 13047/3/5 13023/3/5 13046/3/5
f 13048/4/5 13025/4/5 13024/4/5
f 13049/3/5 13026/3/5 13025/3/5
f 13049/4/5 13025/4/5 13048/4/5
f 13050/4/5 13027/4/5 13026/4/5
f 13050/3/5 13026/3/5 13049/3/5
f 13051/3/5 13028/3/5 13027/3/5
f 13051/4/5 13027/4/5 13050/4/5
f 13052/3/5 13028/3/5 13051/3/5
f 13053/1/5 13030/1/5 13029/1/5
f 13054/3/5 13031/3/5 13030/3/5
f 13054/1/5 13030/1/5 13053/1/5
f 13055/1/5 13032/1/5 13031/1/5
f 13055/3/5 13031/3/5 13054/3/5
f 13056/3/5 13033/3/5 13032/3/5
f 13056/1/5 13032/1/5 13055/1/5
f 13057/4/5 13034/4/5 13033/4/5
f 13057/3/5 13033/3/5 13056/3/5
f 13058/3/5 13035/3/5 13034/3/5
f 13058/4/5 13034/4/5 13057/4/5
f 13059/4/5 13036/4/5 13035/4/5
f 13059/3/5 13035/3/5 13058/3/5
f 13060/1/5 13037/1/5 13036/1/5
f 13060/4/5 13036/4/5 13059/4/5
f 13061/3/5 13038/3/5 13037/3/5
f 13061/1/5 13037/1/5 13060/1/5
f 13062/3/5 13038/3/5 13061/3/5
f 13063/4/5 13040/4/5 13039/4/5
f 13064/3/5 13041/3/5 13040/3/5
f 13064/4/5 13040/4/5 13063/4/5
f 13065/3/5 13041/3/5 13064/3/5
f 13092/4/5 13067/4/5 13066/4/5
f 13093/2/5 13068/2/5 13067/2/5
f 13093/4/5 13067/4/5 13092/4/5
f 13094/3/5 13069/3/5 13068/3/5
f 13094/2/5 13068/2/5 13093/2/5
f 13095/4/5 13070/4/5 13069/4/5
f 13095/3/5 13069/3/5 13094/3/5
f 13096/2/5 13071/2/5 13070/2/5
f 13096/4/5 13070/4/5 13095/4/5
f 13097/1/5 13072/1/5 13071/1/5
f 13097/2/5 13071/2/5 13096/2/5
f 13098/4/5 13073/4/5 13072/4/5
f 13098/1/5 13072/1/5 13097/1/5
f 13099/3/5 13074/3/5 13073/3/5
f 13099/4/5 13073/4/5 13098/4/5
f 13100/3/5 13074/3/5 13099/3/5
f 13102/2/5 13076/2/5 13075/2/5
f 13103/1/5 13077/1/5 13076/1/5
f 13103/2/5 13076/2/5 13102/2/5
f 13104/2/5 13078/2/5 13077/2/5
f 13104/1/5 13077/1/5 13103/1/5
f 13105/4/5 13079/4/5 13078/4/5
f 13105/2/5 13078/2/5 13104/2/5
f 13106/3/5 13080/3/5 13079/3/5
f 13106/4/5 13079/4/5 13105/4/5
f 13107/3/5 13080/3/5 13106/3/5
f 13109/4/5 13082/4/5 13081/4/5
f 13110/4/5 13082/4/5 13109/4/5
f 13111/4/5 13082/4/5 13110/4/5
f 13112/4/5 13082/4/5 13111/4/5
f 13113/3/5 13083/3/5 13082/3/5
f 13113/4/5 13082/4/5 13112/4/5
f 13114/1/5 13084/1/5 13083/1/5
f 13114/3/5 13083/3/5 13113/3/5
f 13115/3/5 13085/3/5 13084/3/5
f 13115/1/5 13084/1/5 13114/1/5
f 13116/4/5 13086/4/5 13085/4/5
f 13116/3/5 13085/3/5 13115/3/5
f 13117/4/5 13086/4/5 13116/4/5
f 13118/3/5 13087/3/5 13086/3/5
f 13118/4/5 13086/4/5 13117/4/5
f 13119/3/5 13087/3/5 13118/3/5
f 13122/2/5 13089/2/5 13088/2/5
f 13123/4/5 13090/4/5 13089/4/5
f 13123/2/5 13089/2/5 13122/2/5
f 13124/4/5 13090/4/5 13123/4/5
f 13126/4/5 13101/4/5 13100/4/5
f 13127/4/5 13101/4/5 13126/4/5
f 13128/4/5 13109/4/5 13108/4/5
f 13129/4/5 13109/4/5 13128/4/5
f 13130/3/5 13120/3/5 13119/3/5
f 13131/3/5 13120/3/5 13130/3/5
f 13132/1/5 13122/1/5 13121/1/5
f 13133/1/5 13122/1/5 13132/1/5
f 13134/2/5 13092/2/5 13091/2/5
f 13135/2/5 13092/2/5 13134/2/5
f 13136/2/5 13125/2/5 13124/2/5
f 13137/2/5 13125/2/5 13136/2/5
f 13138/3/5 13135/3/5 13134/3/5
f 13139/3/5 13135/3/5 13138/3/5
f 13140/3/5 13137/3/5 13136/3/5
f 13141/3/5 13137/3/5 13140/3/5
f 13142/4/5 13139/4/5 13138/4/5
f 13143/4/5 13139/4/5 13142/4/5
f 13144/4/5 13141/4/5 13140/4/5
f 13145/4/5 13141/4/5 13144/4/5
f 13146/2/5 13143/2/5 13142/2/5
f 13147/2/5 13143/2/5 13146/2/5
f 13148/2/5 13145/2/5 13144/2/5
f 13149/2/5 13145/2/5 13148/2/5
f 13150/1/5 13147/1/5 13146/1/5
f 13151/1/5 13147/1/5 13150/1/5
f 13152/1/5 13149/1/5 13148/1/5
f 13153/1/5 13149/1/5 13152/1/5
f 13154/4/5 13151/4/5 13150/4/5
f 13155/4/5 13151/4/5 13154/4/5
f 13156/4/5 13153/4/5 13152/4/5
f 13157/4/5 13153/4/5 13156/4/5
f 13158/3/5 13155/3/5 13154/3/5
f 13159/3/5 13155/3/5 13158/3/5
f 13162/3/5 13157/3/5 13156/3/5
f 13163/3/5 13157/3/5 13162/3/5
f 13164/4/5 13160/4/5 13159/4/5
f 13165/4/5 13160/4/5 13164/4/5
f 13166/4/5 13162/4/5 13161/4/5
f 13167/4/5 13162/4/5 13166/4/5
f 13172/2/5 13169/2/5 13168/2/5
f 13173/2/5 13169/2/5 13172/2/5
f 13174/2/5 13171/2/5 13170/2/5
f 13175/2/5 13171/2/5 13174/2/5
f 13176/1/5 13173/1/5 13172/1/5
f 13177/1/5 13173/1/5 13176/1/5
f 13178/1/5 13175/1/5 13174/1/5
f 13179/1/5 13175/1/5 13178/1/5
f 13180/2/5 13177/2/5 13176/2/5
f 13181/2/5 13177/2/5 13180/2/5
f 13182/2/5 13179/2/5 13178/2/5
f 13183/2/5 13179/2/5 13182/2/5
f 13184/4/5 13181/4/5 13180/4/5
f 13185/4/5 13181/4/5 13184/4/5
f 13186/4/5 13183/4/5 13182/4/5
f 13187/4/5 13183/4/5 13186/4/5
f 13188/3/5 13185/3/5 13184/3/5
f 13189/3/5 13185/3/5 13188/3/5
f 13190/3/5 13187/3/5 13186/3/5
f 13191/3/5 13187/3/5 13190/3/5
f 13197/4/5 13193/4/5 13192/4/5
f 13198/4/5 13193/4/5 13197/4/5
f 13199/4/5 13195/4/5 13194/4/5
f 13200/4/5 13195/4/5 13199/4/5
f 13202/4/5 13197/4/5 13196/4/5
f 13203/4/5 13201/4/5 13200/4/5
f 13204/4/5 13202/4/5 13196/4/5
f 13205/4/5 13201/4/5 13203/4/5
f 13206/4/5 13204/4/5 13196/4/5
f 13207/4/5 13201/4/5 13205/4/5
f 13208/4/5 13206/4/5 13196/4/5
f 13209/4/5 13206/4/5 13208/4/5
f 13210/4/5 13201/4/5 13207/4/5
f 13211/4/5 13201/4/5 13210/4/5
f 13212/3/5 13209/3/5 13208/3/5
f 13213/3/5 13209/3/5 13212/3/5
f 13214/3/5 13211/3/5 13210/3/5
f 13215/3/5 13211/3/5 13214/3/5
f 13216/1/5 13213/1/5 13212/1/5
f 13217/1/5 13213/1/5 13216/1/5
f 13218/1/5 13215/1/5 13214/1/5
f 13219/1/5 13215/1/5 13218/1/5
f 13220/3/5 13217/3/5 13216/3/5
f 13221/3/5 13217/3/5 13220/3/5
f 13222/3/5 13219/3/5 13218/3/5
f 13223/3/5 13219/3/5 13222/3/5
f 13224/4/5 13221/4/5 13220/4/5
f 13225/4/5 13223/4/5 13222/4/5
f 13226/4/5 13224/4/5 13220/4/5
f 13227/4/5 13224/4/5 13226/4/5
f 13228/4/5 13223/4/5 13225/4/5
f 13229/4/5 13223/4/5 13228/4/5
f 13230/3/5 13227/3/5 13226/3/5
f 13231/3/5 13227/3/5 13230/3/5
f 13234/3/5 13229/3/5 13228/3/5
f 13235/3/5 13229/3/5 13234/3/5
f 13236/3/5 13232/3/5 13231/3/5
f 13237/3/5 13232/3/5 13236/3/5
f 13238/3/5 13234/3/5 13233/3/5
f 13239/3/5 13234/3/5 13238/3/5
f 13245/1/5 13241/1/5 13240/1/5
f 13246/1/5 13241/1/5 13245/1/5
f 13247/1/5 13243/1/5 13242/1/5
f 13248/1/5 13243/1/5 13247/1/5
f 13250/2/5 13245/2/5 13244/2/5
f 13251/2/5 13245/2/5 13250/2/5
f 13260/2/5 13249/2/5 13248/2/5
f 13261/2/5 13249/2/5 13260/2/5
f 13262/1/5 13251/1/5 13250/1/5
f 13263/1/5 13251/1/5 13262/1/5
f 13271/4/5 13253/4/5 13252/4/5
f 13272/4/5 13253/4/5 13271/4/5
f 13279/4/5 13255/4/5 13254/4/5
f 13280/4/5 13255/4/5 13279/4/5
f 13290/3/5 13257/3/5 13256/3/5
f 13291/3/5 13257/3/5 13290/3/5
f 13292/1/5 13259/1/5 13258/1/5
f 13293/1/5 13259/1/5 13292/1/5
f 13295/1/5 13261/1/5 13260/1/5
f 13296/1/5 13261/1/5 13295/1/5
f 13297/4/5 13264/4/5 13263/4/5
f 13298/2/5 13265/2/5 13264/2/5
f 13298/4/5 13264/4/5 13297/4/5
f 13299/3/5 13266/3/5 13265/3/5
f 13299/2/5 13265/2/5 13298/2/5
f 13300/4/5 13267/4/5 13266/4/5
f 13300/3/5 13266/3/5 13299/3/5
f 13301/2/5 13268/2/5 13267/2/5
f 13301/4/5 13267/4/5 13300/4/5
f 13302/1/5 13269/1/5 13268/1/5
f 13302/2/5 13268/2/5 13301/2/5
f 13303/4/5 13270/4/5 13269/4/5
f 13303/1/5 13269/1/5 13302/1/5
f 13304/3/5 13271/3/5 13270/3/5
f 13304/4/5 13270/4/5 13303/4/5
f 13305/3/5 13271/3/5 13304/3/5
f 13306/2/5 13274/2/5 13273/2/5
f 13307/1/5 13275/1/5 13274/1/5
f 13307/2/5 13274/2/5 13306/2/5
f 13308/2/5 13276/2/5 13275/2/5
f 13308/1/5 13275/1/5 13307/1/5
f 13309/4/5 13277/4/5 13276/4/5
f 13309/2/5 13276/2/5 13308/2/5
f 13310/3/5 13278/3/5 13277/3/5
f 13310/4/5 13277/4/5 13309/4/5
f 13311/3/5 13278/3/5 13310/3/5
f 13312/4/5 13281/4/5 13280/4/5
f 13312/4/5 13282/4/5 13281/4/5
f 13312/4/5 13283/4/5 13282/4/5
f 13312/4/5 13284/4/5 13283/4/5
f 13313/3/5 13285/3/5 13284/3/5
f 13313/4/5 13284/4/5 13312/4/5
f 13314/1/5 13286/1/5 13285/1/5
f 13314/3/5 13285/3/5 13313/3/5
f 13315/3/5 13287/3/5 13286/3/5
f 13315/1/5 13286/1/5 13314/1/5
f 13316/4/5 13289/4/5 13288/4/5
f 13316/3/5 13287/3/5 13315/3/5
f 13316/4/5 13288/4/5 13287/4/5
f 13317/3/5 13290/3/5 13289/3/5
f 13317/4/5 13289/4/5 13316/4/5
f 13318/3/5 13290/3/5 13317/3/5
f 13319/2/5 13294/2/5 13293/2/5
f 13320/4/5 13295/4/5 13294/4/5
f 13320/2/5 13294/2/5 13319/2/5
f 13321/4/5 13295/4/5 13320/4/5
f 13349/4/5 13323/4/5 13322/4/5
f 13350/1/5 13324/1/5 13323/1/5
f 13350/4/5 13323/4/5 13349/4/5
f 13351/3/5 13325/3/5 13324/3/5
f 13351/1/5 13324/1/5 13350/1/5
f 13352/3/5 13325/3/5 13351/3/5
f 13353/4/5 13327/4/5 13326/4/5
f 13354/3/5 13328/3/5 13327/3/5
f 13354/4/5 13327/4/5 13353/4/5
f 13355/4/5 13329/4/5 13328/4/5
f 13355/3/5 13328/3/5 13354/3/5
f 13356/1/5 13330/1/5 13329/1/5
f 13356/4/5 13329/4/5 13355/4/5
f 13357/3/5 13331/3/5 13330/3/5
f 13357/1/5 13330/1/5 13356/1/5
f 13358/3/5 13331/3/5 13357/3/5
f 13359/4/5 13333/4/5 13332/4/5
f 13360/3/5 13334/3/5 13333/3/5
f 13360/4/5 13333/4/5 13359/4/5
f 13361/4/5 13335/4/5 13334/4/5
f 13361/3/5 13334/3/5 13360/3/5
f 13362/3/5 13336/3/5 13335/3/5
f 13362/4/5 13335/4/5 13361/4/5
f 13363/1/5 13337/1/5 13336/1/5
f 13363/3/5 13336/3/5 13362/3/5
f 13364/4/5 13338/4/5 13337/4/5
f 13364/1/5 13337/1/5 13363/1/5
f 13365/3/5 13339/3/5 13338/3/5
f 13365/4/5 13338/4/5 13364/4/5
f 13366/3/5 13339/3/5 13365/3/5
f 13367/1/5 13341/1/5 13340/1/5
f 13368/3/5 13342/3/5 13341/3/5
f 13368/1/5 13341/1/5 13367/1/5
f 13369/1/5 13343/1/5 13342/1/5
f 13369/3/5 13342/3/5 13368/3/5
f 13370/4/5 13344/4/5 13343/4/5
f 13370/1/5 13343/1/5 13369/1/5
f 13371/3/5 13345/3/5 13344/3/5
f 13371/4/5 13344/4/5 13370/4/5
f 13372/4/5 13346/4/5 13345/4/5
f 13372/3/5 13345/3/5 13371/3/5
f 13373/3/5 13347/3/5 13346/3/5
f 13373/4/5 13346/4/5 13372/4/5
f 13374/4/5 13348/4/5 13347/4/5
f 13374/3/5 13347/3/5 13373/3/5
f 13375/4/5 13348/4/5 13374/4/5
f 13376/1/5 13350/1/5 13349/1/5
f 13377/1/5 13350/1/5 13376/1/5
f 13378/1/5 13375/1/5 13374/1/5
f 13379/1/5 13375/1/5 13378/1/5
f 13380/3/5 13377/3/5 13376/3/5
f 13381/3/5 13377/3/5 13380/3/5
f 13382/3/5 13379/3/5 13378/3/5
f 13383/3/5 13379/3/5 13382/3/5
f 13388/4/5 13385/4/5 13384/4/5
f 13389/4/5 13385/4/5 13388/4/5
f 13390/4/5 13387/4/5 13386/4/5
f 13391/4/5 13387/4/5 13390/4/5
f 13392/3/5 13389/3/5 13388/3/5
f 13393/3/5 13389/3/5 13392/3/5
f 13394/3/5 13391/3/5 13390/3/5
f 13395/3/5 13391/3/5 13394/3/5
f 13396/4/5 13393/4/5 13392/4/5
f 13397/4/5 13393/4/5 13396/4/5
f 13398/4/5 13395/4/5 13394/4/5
f 13399/4/5 13395/4/5 13398/4/5
f 13400/1/5 13397/1/5 13396/1/5
f 13401/1/5 13397/1/5 13400/1/5
f 13402/1/5 13399/1/5 13398/1/5
f 13403/1/5 13399/1/5 13402/1/5
f 13404/3/5 13401/3/5 13400/3/5
f 13405/3/5 13401/3/5 13404/3/5
f 13406/3/5 13403/3/5 13402/3/5
f 13407/3/5 13403/3/5 13406/3/5
f 13412/4/5 13409/4/5 13408/4/5
f 13413/4/5 13409/4/5 13412/4/5
f 13414/4/5 13411/4/5 13410/4/5
f 13415/4/5 13411/4/5 13414/4/5
f 13416/3/5 13413/3/5 13412/3/5
f 13417/3/5 13413/3/5 13416/3/5
f 13418/3/5 13415/3/5 13414/3/5
f 13419/3/5 13415/3/5 13418/3/5
f 13420/4/5 13417/4/5 13416/4/5
f 13421/4/5 13417/4/5 13420/4/5
f 13422/4/5 13419/4/5 13418/4/5
f 13423/4/5 13419/4/5 13422/4/5
f 13424/3/5 13421/3/5 13420/3/5
f 13425/3/5 13421/3/5 13424/3/5
f 13426/3/5 13423/3/5 13422/3/5
f 13427/3/5 13423/3/5 13426/3/5
f 13428/1/5 13425/1/5 13424/1/5
f 13429/1/5 13425/1/5 13428/1/5
f 13430/1/5 13427/1/5 13426/1/5
f 13431/1/5 13427/1/5 13430/1/5
f 13432/4/5 13429/4/5 13428/4/5
f 13433/4/5 13429/4/5 13432/4/5
f 13434/4/5 13431/4/5 13430/4/5
f 13435/4/5 13431/4/5 13434/4/5
f 13436/3/5 13433/3/5 13432/3/5
f 13437/3/5 13433/3/5 13436/3/5
f 13438/3/5 13435/3/5 13434/3/5
f 13439/3/5 13435/3/5 13438/3/5
f 13444/1/5 13441/1/5 13440/1/5
f 13445/1/5 13441/1/5 13444/1/5
f 13446/1/5 13443/1/5 13442/1/5
f 13447/1/5 13443/1/5 13446/1/5
f 13448/3/5 13445/3/5 13444/3/5
f 13449/3/5 13445/3/5 13448/3/5
f 13450/3/5 13447/3/5 13446/3/5
f 13451/3/5 13447/3/5 13450/3/5
f 13452/1/5 13449/1/5 13448/1/5
f 13453/1/5 13449/1/5 13452/1/5
f 13454/1/5 13451/1/5 13450/1/5
f 13455/1/5 13451/1/5 13454/1/5
f 13456/4/5 13453/4/5 13452/4/5
f 13457/4/5 13453/4/5 13456/4/5
f 13458/4/5 13455/4/5 13454/4/5
f 13459/4/5 13455/4/5 13458/4/5
f 13460/3/5 13457/3/5 13456/3/5
f 13461/3/5 13457/3/5 13460/3/5
f 13462/3/5 13459/3/5 13458/3/5
f 13463/3/5 13459/3/5 13462/3/5
f 13464/4/5 13461/4/5 13460/4/5
f 13465/4/5 13461/4/5 13464/4/5
f 13466/4/5 13463/4/5 13462/4/5
f 13467/4/5 13463/4/5 13466/4/5
f 13468/3/5 13465/3/5 13464/3/5
f 13492/3/5 13467/3/5 13466/3/5
f 13493/3/5 13468/3/5 13464/3/5
f 13494/1/5 13469/1/5 13468/1/5
f 13494/3/5 13468/3/5 13493/3/5
f 13495/3/5 13470/3/5 13469/3/5
f 13495/1/5 13469/1/5 13494/1/5
f 13496/3/5 13470/3/5 13495/3/5
f 13497/4/5 13472/4/5 13471/4/5
f 13498/3/5 13473/3/5 13472/3/5
f 13498/4/5 13472/4/5 13497/4/5
f 13499/4/5 13474/4/5 13473/4/5
f 13499/3/5 13473/3/5 13498/3/5
f 13500/1/5 13475/1/5 13474/1/5
f 13500/4/5 13474/4/5 13499/4/5
f 13501/3/5 13476/3/5 13475/3/5
f 13501/1/5 13475/1/5 13500/1/5
f 13502/3/5 13476/3/5 13501/3/5
f 13503/4/5 13478/4/5 13477/4/5
f 13504/3/5 13479/3/5 13478/3/5
f 13504/4/5 13478/4/5 13503/4/5
f 13505/4/5 13480/4/5 13479/4/5
f 13505/3/5 13479/3/5 13504/3/5
f 13506/3/5 13481/3/5 13480/3/5
f 13506/4/5 13480/4/5 13505/4/5
f 13507/1/5 13482/1/5 13481/1/5
f 13507/3/5 13481/3/5 13506/3/5
f 13508/4/5 13483/4/5 13482/4/5
f 13508/1/5 13482/1/5 13507/1/5
f 13509/3/5 13484/3/5 13483/3/5
f 13509/4/5 13483/4/5 13508/4/5
f 13510/3/5 13484/3/5 13509/3/5
f 13511/1/5 13486/1/5 13485/1/5
f 13512/3/5 13487/3/5 13486/3/5
f 13512/1/5 13486/1/5 13511/1/5
f 13513/1/5 13488/1/5 13487/1/5
f 13513/3/5 13487/3/5 13512/3/5
f 13514/4/5 13489/4/5 13488/4/5
f 13514/1/5 13488/1/5 13513/1/5
f 13515/3/5 13490/3/5 13489/3/5
f 13515/4/5 13489/4/5 13514/4/5
f 13516/4/5 13491/4/5 13490/4/5
f 13516/3/5 13490/3/5 13515/3/5
f 13517/3/5 13492/3/5 13491/3/5
f 13517/4/5 13491/4/5 13516/4/5
f 13518/3/5 13467/3/5 13492/3/5
f 13518/3/5 13492/3/5 13517/3/5
f 13551/4/5 13520/4/5 13519/4/5
f 13552/4/5 13520/4/5 13551/4/5
f 13553/3/5 13521/3/5 13520/3/5
f 13553/4/5 13520/4/5 13552/4/5
f 13554/4/5 13522/4/5 13521/4/5
f 13554/3/5 13521/3/5 13553/3/5
f 13555/4/5 13522/4/5 13554/4/5
f 13557/2/5 13524/2/5 13523/2/5
f 13558/4/5 13525/4/5 13524/4/5
f 13558/2/5 13524/2/5 13557/2/5
f 13559/2/5 13526/2/5 13525/2/5
f 13559/4/5 13525/4/5 13558/4/5
f 13560/3/5 13527/3/5 13526/3/5
f 13560/2/5 13526/2/5 13559/2/5
f 13561/2/5 13528/2/5 13527/2/5
f 13561/3/5 13527/3/5 13560/3/5
f 13562/4/5 13529/4/5 13528/4/5
f 13562/2/5 13528/2/5 13561/2/5
f 13563/3/5 13530/3/5 13529/3/5
f 13563/4/5 13529/4/5 13562/4/5
f 13564/3/5 13530/3/5 13563/3/5
f 13566/4/5 13532/4/5 13531/4/5
f 13567/2/5 13533/2/5 13532/2/5
f 13567/4/5 13532/4/5 13566/4/5
f 13568/1/5 13534/1/5 13533/1/5
f 13568/2/5 13533/2/5 13567/2/5
f 13569/3/5 13535/3/5 13534/3/5
f 13569/1/5 13534/1/5 13568/1/5
f 13570/4/5 13536/4/5 13535/4/5
f 13570/3/5 13535/3/5 13569/3/5
f 13571/2/5 13537/2/5 13536/2/5
f 13571/4/5 13536/4/5 13570/4/5
f 13572/1/5 13538/1/5 13537/1/5
f 13572/2/5 13537/2/5 13571/2/5
f 13573/4/5 13539/4/5 13538/4/5
f 13573/1/5 13538/1/5 13572/1/5
f 13574/4/5 13539/4/5 13573/4/5
f 13575/4/5 13539/4/5 13574/4/5
f 13576/3/5 13540/3/5 13539/3/5
f 13576/4/5 13539/4/5 13575/4/5
f 13577/3/5 13540/3/5 13576/3/5
f 13580/4/5 13542/4/5 13541/4/5
f 13581/3/5 13543/3/5 13542/3/5
f 13581/4/5 13542/4/5 13580/4/5
f 13582/4/5 13544/4/5 13543/4/5
f 13582/3/5 13543/3/5 13581/3/5
f 13583/4/5 13544/4/5 13582/4/5
f 13584/2/5 13545/2/5 13544/2/5
f 13584/4/5 13544/4/5 13583/4/5
f 13585/4/5 13546/4/5 13545/4/5
f 13585/2/5 13545/2/5 13584/2/5
f 13586/3/5 13547/3/5 13546/3/5
f 13586/4/5 13546/4/5 13585/4/5
f 13587/1/5 13548/1/5 13547/1/5
f 13587/3/5 13547/3/5 13586/3/5
f 13588/1/5 13548/1/5 13587/1/5
f 13589/4/5 13549/4/5 13548/4/5
f 13589/1/5 13548/1/5 13588/1/5
f 13590/4/5 13549/4/5 13589/4/5
f 13592/4/5 13551/4/5 13550/4/5
f 13593/3/5 13556/3/5 13555/3/5
f 13594/3/5 13556/3/5 13593/3/5
f 13595/4/5 13566/4/5 13565/4/5
f 13596/4/5 13566/4/5 13595/4/5
f 13597/4/5 13578/4/5 13577/4/5
f 13598/4/5 13578/4/5 13597/4/5
f 13599/4/5 13580/4/5 13579/4/5
f 13600/4/5 13580/4/5 13599/4/5
f 13601/4/5 13591/4/5 13590/4/5
f 13602/4/5 13592/4/5 13550/4/5
f 13603/4/5 13592/4/5 13602/4/5
f 13604/4/5 13591/4/5 13601/4/5
f 13605/4/5 13591/4/5 13604/4/5
f 13606/3/5 13603/3/5 13602/3/5
f 13607/3/5 13603/3/5 13606/3/5
f 13608/3/5 13605/3/5 13604/3/5
f 13609/3/5 13605/3/5 13608/3/5
f 13610/4/5 13607/4/5 13606/4/5
f 13611/4/5 13607/4/5 13610/4/5
f 13614/4/5 13609/4/5 13608/4/5
f 13615/4/5 13609/4/5 13614/4/5
f 13616/3/5 13612/3/5 13611/3/5
f 13617/3/5 13612/3/5 13616/3/5
f 13618/3/5 13614/3/5 13613/3/5
f 13619/3/5 13614/3/5 13618/3/5
f 13624/2/5 13621/2/5 13620/2/5
f 13625/2/5 13621/2/5 13624/2/5
f 13626/2/5 13623/2/5 13622/2/5
f 13627/2/5 13623/2/5 13626/2/5
f 13628/4/5 13625/4/5 13624/4/5
f 13629/4/5 13625/4/5 13628/4/5
f 13630/4/5 13627/4/5 13626/4/5
f 13631/4/5 13627/4/5 13630/4/5
f 13632/2/5 13629/2/5 13628/2/5
f 13633/2/5 13629/2/5 13632/2/5
f 13634/2/5 13631/2/5 13630/2/5
f 13635/2/5 13631/2/5 13634/2/5
f 13636/3/5 13633/3/5 13632/3/5
f 13637/3/5 13633/3/5 13636/3/5
f 13638/3/5 13635/3/5 13634/3/5
f 13639/3/5 13635/3/5 13638/3/5
f 13640/2/5 13637/2/5 13636/2/5
f 13641/2/5 13637/2/5 13640/2/5
f 13642/2/5 13639/2/5 13638/2/5
f 13643/2/5 13639/2/5 13642/2/5
f 13644/4/5 13641/4/5 13640/4/5
f 13645/4/5 13641/4/5 13644/4/5
f 13646/4/5 13643/4/5 13642/4/5
f 13647/4/5 13643/4/5 13646/4/5
f 13648/3/5 13645/3/5 13644/3/5
f 13649/3/5 13645/3/5 13648/3/5
f 13650/3/5 13647/3/5 13646/3/5
f 13651/3/5 13647/3/5 13650/3/5
f 13657/4/5 13653/4/5 13652/4/5
f 13658/4/5 13653/4/5 13657/4/5
f 13659/4/5 13655/4/5 13654/4/5
f 13660/4/5 13655/4/5 13659/4/5
f 13662/4/5 13657/4/5 13656/4/5
f 13663/4/5 13657/4/5 13662/4/5
f 13664/4/5 13661/4/5 13660/4/5
f 13665/4/5 13661/4/5 13664/4/5
f 13666/2/5 13663/2/5 13662/2/5
f 13667/2/5 13663/2/5 13666/2/5
f 13668/2/5 13665/2/5 13664/2/5
f 13669/2/5 13665/2/5 13668/2/5
f 13670/1/5 13667/1/5 13666/1/5
f 13671/1/5 13667/1/5 13670/1/5
f 13672/1/5 13669/1/5 13668/1/5
f 13673/1/5 13669/1/5 13672/1/5
f 13674/3/5 13671/3/5 13670/3/5
f 13675/3/5 13671/3/5 13674/3/5
f 13676/3/5 13673/3/5 13672/3/5
f 13677/3/5 13673/3/5 13676/3/5
f 13678/4/5 13675/4/5 13674/4/5
f 13679/4/5 13675/4/5 13678/4/5
f 13680/4/5 13677/4/5 13676/4/5
f 13681/4/5 13677/4/5 13680/4/5
f 13682/2/5 13679/2/5 13678/2/5
f 13683/2/5 13679/2/5 13682/2/5
f 13684/2/5 13681/2/5 13680/2/5
f 13685/2/5 13681/2/5 13684/2/5
f 13686/1/5 13683/1/5 13682/1/5
f 13687/1/5 13683/1/5 13686/1/5
f 13688/1/5 13685/1/5 13684/1/5
f 13689/1/5 13685/1/5 13688/1/5
f 13690/4/5 13687/4/5 13686/4/5
f 13691/4/5 13689/4/5 13688/4/5
f 13692/4/5 13690/4/5 13686/4/5
f 13693/4/5 13689/4/5 13691/4/5
f 13694/4/5 13692/4/5 13686/4/5
f 13695/4/5 13692/4/5 13694/4/5
f 13696/4/5 13689/4/5 13693/4/5
f 13697/4/5 13689/4/5 13696/4/5
f 13698/3/5 13695/3/5 13694/3/5
f 13699/3/5 13695/3/5 13698/3/5
f 13702/3/5 13697/3/5 13696/3/5
f 13703/3/5 13697/3/5 13702/3/5
f 13704/4/5 13700/4/5 13699/4/5
f 13705/4/5 13700/4/5 13704/4/5
f 13706/4/5 13702/4/5 13701/4/5
f 13707/4/5 13702/4/5 13706/4/5
f 13713/4/5 13709/4/5 13708/4/5
f 13714/4/5 13709/4/5 13713/4/5
f 13715/4/5 13711/4/5 13710/4/5
f 13716/4/5 13711/4/5 13715/4/5
f 13718/4/5 13713/4/5 13712/4/5
f 13719/4/5 13713/4/5 13718/4/5
f 13720/4/5 13717/4/5 13716/4/5
f 13721/4/5 13717/4/5 13720/4/5
f 13722/3/5 13719/3/5 13718/3/5
f 13723/3/5 13719/3/5 13722/3/5
f 13724/3/5 13721/3/5 13720/3/5
f 13725/3/5 13721/3/5 13724/3/5
f 13726/4/5 13723/4/5 13722/4/5
f 13727/4/5 13725/4/5 13724/4/5
f 13728/4/5 13726/4/5 13722/4/5
f 13729/4/5 13726/4/5 13728/4/5
f 13730/4/5 13725/4/5 13727/4/5
f 13731/4/5 13725/4/5 13730/4/5
f 13732/2/5 13729/2/5 13728/2/5
f 13733/2/5 13729/2/5 13732/2/5
f 13734/2/5 13731/2/5 13730/2/5
f 13735/2/5 13731/2/5 13734/2/5
f 13736/4/5 13733/4/5 13732/4/5
f 13737/4/5 13733/4/5 13736/4/5
f 13738/4/5 13735/4/5 13734/4/5
f 13739/4/5 13735/4/5 13738/4/5
f 13740/3/5 13737/3/5 13736/3/5
f 13741/3/5 13737/3/5 13740/3/5
f 13742/3/5 13739/3/5 13738/3/5
f 13743/3/5 13739/3/5 13742/3/5
f 13744/1/5 13741/1/5 13740/1/5
f 13745/1/5 13743/1/5 13742/1/5
f 13746/1/5 13744/1/5 13740/1/5
f 13747/1/5 13744/1/5 13746/1/5
f 13756/1/5 13743/1/5 13745/1/5
f 13757/1/5 13743/1/5 13756/1/5
f 13758/3/5 13747/3/5 13746/3/5
f 13759/3/5 13747/3/5 13758/3/5
f 13763/3/5 13749/3/5 13748/3/5
f 13764/3/5 13749/3/5 13763/3/5
f 13773/4/5 13751/4/5 13750/4/5
f 13774/4/5 13751/4/5 13773/4/5
f 13785/4/5 13753/4/5 13752/4/5
f 13786/4/5 13753/4/5 13785/4/5
f 13787/4/5 13755/4/5 13754/4/5
f 13788/4/5 13755/4/5 13787/4/5
f 13798/3/5 13757/3/5 13756/3/5
f 13799/3/5 13757/3/5 13798/3/5
f 13800/4/5 13760/4/5 13759/4/5
f 13800/4/5 13761/4/5 13760/4/5
f 13801/3/5 13762/3/5 13761/3/5
f 13801/4/5 13761/4/5 13800/4/5
f 13802/4/5 13763/4/5 13762/4/5
f 13802/3/5 13762/3/5 13801/3/5
f 13803/4/5 13763/4/5 13802/4/5
f 13804/2/5 13766/2/5 13765/2/5
f 13805/4/5 13767/4/5 13766/4/5
f 13805/2/5 13766/2/5 13804/2/5
f 13806/2/5 13768/2/5 13767/2/5
f 13806/4/5 13767/4/5 13805/4/5
f 13807/3/5 13769/3/5 13768/3/5
f 13807/2/5 13768/2/5 13806/2/5
f 13808/2/5 13770/2/5 13769/2/5
f 13808/3/5 13769/3/5 13807/3/5
f 13809/4/5 13771/4/5 13770/4/5
f 13809/2/5 13770/2/5 13808/2/5
f 13810/3/5 13772/3/5 13771/3/5
f 13810/4/5 13771/4/5 13809/4/5
f 13811/3/5 13772/3/5 13810/3/5
f 13812/4/5 13775/4/5 13774/4/5
f 13813/2/5 13776/2/5 13775/2/5
f 13813/4/5 13775/4/5 13812/4/5
f 13814/1/5 13777/1/5 13776/1/5
f 13814/2/5 13776/2/5 13813/2/5
f 13815/3/5 13778/3/5 13777/3/5
f 13815/1/5 13777/1/5 13814/1/5
f 13816/4/5 13779/4/5 13778/4/5
f 13816/3/5 13778/3/5 13815/3/5
f 13817/2/5 13780/2/5 13779/2/5
f 13817/4/5 13779/4/5 13816/4/5
f 13818/1/5 13781/1/5 13780/1/5
f 13818/2/5 13780/2/5 13817/2/5
f 13819/4/5 13784/4/5 13783/4/5
f 13819/1/5 13781/1/5 13818/1/5
f 13819/4/5 13782/4/5 13781/4/5
f 13819/4/5 13783/4/5 13782/4/5
f 13820/3/5 13785/3/5 13784/3/5
f 13820/4/5 13784/4/5 13819/4/5
f 13821/3/5 13785/3/5 13820/3/5
f 13822/4/5 13789/4/5 13788/4/5
f 13823/3/5 13790/3/5 13789/3/5
f 13823/4/5 13789/4/5 13822/4/5
f 13824/4/5 13791/4/5 13790/4/5
f 13824/3/5 13790/3/5 13823/3/5
f 13824/4/5 13792/4/5 13791/4/5
f 13825/2/5 13793/2/5 13792/2/5
f 13825/4/5 13792/4/5 13824/4/5
f 13826/4/5 13794/4/5 13793/4/5
f 13826/2/5 13793/2/5 13825/2/5
f 13827/3/5 13795/3/5 13794/3/5
f 13827/4/5 13794/4/5 13826/4/5
f 13828/1/5 13797/1/5 13796/1/5
f 13828/3/5 13795/3/5 13827/3/5
f 13828/1/5 13796/1/5 13795/1/5
f 13829/4/5 13798/4/5 13797/4/5
f 13829/1/5 13797/1/5 13828/1/5
f 13830/4/5 13798/4/5 13829/4/5
f 13831/2/6 13832/2/6 13856/2/6
f 13856/2/6 13832/2/6 13857/2/6
f 13857/2/6 13832/2/6 13858/2/6
f 13833/2/6 13834/2/6 13860/2/6
f 13834/4/6 13835/4/6 13861/4/6
f 13860/2/6 13834/2/6 13861/2/6
f 13835/2/6 13836/2/6 13862/2/6
f 13861/4/6 13835/4/6 13862/4/6
f 13836/4/6 13837/4/6 13863/4/6
f 13862/2/6 13836/2/6 13863/2/6
f 13837/2/6 13838/2/6 13864/2/6
f 13863/4/6 13837/4/6 13864/4/6
f 13864/2/6 13838/2/6 13865/2/6
f 13838/1/6 13839/1/6 13866/1/6
f 13865/2/6 13838/2/6 13866/2/6
f 13866/1/6 13839/1/6 13867/1/6
f 13840/4/6 13841/4/6 13869/4/6
f 13869/4/6 13841/4/6 13870/4/6
f 13841/2/6 13842/2/6 13871/2/6
f 13870/4/6 13841/4/6 13871/4/6
f 13871/2/6 13842/2/6 13872/2/6
f 13842/4/6 13843/4/6 13873/4/6
f 13872/2/6 13842/2/6 13873/2/6
f 13843/2/6 13844/2/6 13874/2/6
f 13873/4/6 13843/4/6 13874/4/6
f 13874/2/6 13844/2/6 13875/2/6
f 13875/2/6 13844/2/6 13876/2/6
f 13844/1/6 13845/1/6 13877/1/6
f 13876/2/6 13844/2/6 13877/2/6
f 13845/2/6 13846/2/6 13878/2/6
f 13877/1/6 13845/1/6 13878/1/6
f 13878/2/6 13846/2/6 13879/2/6
f 13847/2/6 13848/2/6 13882/2/6
f 13848/1/6 13849/1/6 13883/1/6
f 13882/2/6 13848/2/6 13883/2/6
f 13849/4/6 13850/4/6 13884/4/6
f 13883/1/6 13849/1/6 13884/1/6
f 13850/2/6 13851/2/6 13885/2/6
f 13884/4/6 13850/4/6 13885/4/6
f 13885/2/6 13851/2/6 13886/2/6
f 13851/1/6 13852/1/6 13887/1/6
f 13886/2/6 13851/2/6 13887/2/6
f 13852/4/6 13853/4/6 13888/4/6
f 13887/1/6 13852/1/6 13888/1/6
f 13853/2/6 13854/2/6 13889/2/6
f 13888/4/6 13853/4/6 13889/4/6
f 13889/2/6 13854/2/6 13890/2/6
f 13890/2/6 13854/2/6 13891/2/6
f 13858/1/6 13859/1/6 13893/1/6
f 13893/1/6 13859/1/6 13894/1/6
f 13868/2/6 13869/2/6 13895/2/6
f 13895/2/6 13869/2/6 13896/2/6
f 13879/2/6 13880/2/6 13897/2/6
f 13897/2/6 13880/2/6 13898/2/6
f 13881/4/6 13882/4/6 13899/4/6
f 13899/4/6 13882/4/6 13900/4/6
f 13855/2/6 13856/2/6 13901/2/6
f 13891/2/6 13892/2/6 13902/2/6
f 13855/2/6 13901/2/6 13903/2/6
f 13903/2/6 13901/2/6 13904/2/6
f 13902/2/6 13892/2/6 13907/2/6
f 13907/2/6 13892/2/6 13908/2/6
f 13904/1/6 13905/1/6 13909/1/6
f 13909/1/6 13905/1/6 13910/1/6
f 13906/1/6 13907/1/6 13911/1/6
f 13911/1/6 13907/1/6 13912/1/6
f 13913/2/6 13914/2/6 13917/2/6
f 13917/2/6 13914/2/6 13918/2/6
f 13915/2/6 13916/2/6 13919/2/6
f 13919/2/6 13916/2/6 13920/2/6
f 13917/4/6 13918/4/6 13921/4/6
f 13921/4/6 13918/4/6 13922/4/6
f 13919/4/6 13920/4/6 13923/4/6
f 13923/4/6 13920/4/6 13924/4/6
f 13921/2/6 13922/2/6 13925/2/6
f 13925/2/6 13922/2/6 13926/2/6
f 13923/2/6 13924/2/6 13927/2/6
f 13927/2/6 13924/2/6 13928/2/6
f 13925/4/6 13926/4/6 13929/4/6
f 13929/4/6 13926/4/6 13930/4/6
f 13927/4/6 13928/4/6 13931/4/6
f 13931/4/6 13928/4/6 13932/4/6
f 13929/2/6 13930/2/6 13933/2/6
f 13931/2/6 13932/2/6 13934/2/6
f 13929/2/6 13933/2/6 13935/2/6
f 13935/2/6 13933/2/6 13936/2/6
f 13934/2/6 13932/2/6 13937/2/6
f 13937/2/6 13932/2/6 13938/2/6
f 13935/1/6 13936/1/6 13939/1/6
f 13939/1/6 13936/1/6 13940/1/6
f 13937/1/6 13938/1/6 13941/1/6
f 13941/1/6 13938/1/6 13942/1/6
f 13943/2/6 13944/2/6 13948/2/6
f 13948/2/6 13944/2/6 13949/2/6
f 13945/2/6 13946/2/6 13950/2/6
f 13950/2/6 13946/2/6 13951/2/6
f 13947/4/6 13948/4/6 13953/4/6
f 13951/4/6 13952/4/6 13954/4/6
f 13947/4/6 13953/4/6 13955/4/6
f 13955/4/6 13953/4/6 13956/4/6
f 13954/4/6 13952/4/6 13957/4/6
f 13957/4/6 13952/4/6 13958/4/6
f 13955/2/6 13956/2/6 13959/2/6
f 13957/2/6 13958/2/6 13960/2/6
f 13955/2/6 13959/2/6 13961/2/6
f 13961/2/6 13959/2/6 13962/2/6
f 13960/2/6 13958/2/6 13963/2/6
f 13963/2/6 13958/2/6 13964/2/6
f 13961/4/6 13962/4/6 13965/4/6
f 13965/4/6 13962/4/6 13966/4/6
f 13963/4/6 13964/4/6 13967/4/6
f 13967/4/6 13964/4/6 13968/4/6
f 13965/2/6 13966/2/6 13969/2/6
f 13967/2/6 13968/2/6 13970/2/6
f 13965/2/6 13969/2/6 13971/2/6
f 13970/2/6 13968/2/6 13972/2/6
f 13965/2/6 13971/2/6 13973/2/6
f 13973/2/6 13971/2/6 13974/2/6
f 13972/2/6 13968/2/6 13975/2/6
f 13975/2/6 13968/2/6 13976/2/6
f 13973/1/6 13974/1/6 13977/1/6
f 13977/1/6 13974/1/6 13978/1/6
f 13975/1/6 13976/1/6 13979/1/6
f 13979/1/6 13976/1/6 13980/1/6
f 13977/2/6 13978/2/6 13981/2/6
f 13981/2/6 13978/2/6 13982/2/6
f 13979/2/6 13980/2/6 13985/2/6
f 13985/2/6 13980/2/6 13986/2/6
f 13982/2/6 13983/2/6 13987/2/6
f 13987/2/6 13983/2/6 13988/2/6
f 13984/2/6 13985/2/6 13989/2/6
f 13989/2/6 13985/2/6 13990/2/6
f 13991/4/6 13992/4/6 13996/4/6
f 13996/4/6 13992/4/6 13997/4/6
f 13993/4/6 13994/4/6 13998/4/6
f 13998/4/6 13994/4/6 13999/4/6
f 13995/2/6 13996/2/6 14001/2/6
f 14001/2/6 13996/2/6 14002/2/6
f 13999/2/6 14000/2/6 14003/2/6
f 14003/2/6 14000/2/6 14004/2/6
f 14001/1/6 14002/1/6 14005/1/6
f 14005/1/6 14002/1/6 14006/1/6
f 14003/1/6 14004/1/6 14007/1/6
f 14007/1/6 14004/1/6 14008/1/6
f 14005/4/6 14006/4/6 14009/4/6
f 14009/4/6 14006/4/6 14010/4/6
f 14007/4/6 14008/4/6 14011/4/6
f 14011/4/6 14008/4/6 14012/4/6
f 14009/2/6 14010/2/6 14013/2/6
f 14011/2/6 14012/2/6 14014/2/6
f 14009/2/6 14013/2/6 14015/2/6
f 14015/2/6 14013/2/6 14016/2/6
f 14014/2/6 14012/2/6 14017/2/6
f 14017/2/6 14012/2/6 14018/2/6
f 14015/1/6 14016/1/6 14019/1/6
f 14019/1/6 14016/1/6 14020/1/6
f 14017/1/6 14018/1/6 14021/1/6
f 14021/1/6 14018/1/6 14022/1/6
f 14019/4/6 14020/4/6 14023/4/6
f 14023/4/6 14020/4/6 14024/4/6
f 14021/4/6 14022/4/6 14025/4/6
f 14025/4/6 14022/4/6 14026/4/6
f 14023/2/6 14024/2/6 14027/2/6
f 14025/2/6 14026/2/6 14028/2/6
f 14023/2/6 14027/2/6 14037/2/6
f 14037/2/6 14027/2/6 14038/2/6
f 14029/1/6 14030/1/6 14041/1/6
f 14041/1/6 14030/1/6 14042/1/6
f 14031/2/6 14032/2/6 14051/2/6
f 14051/2/6 14032/2/6 14052/2/6
f 14033/2/6 14034/2/6 14062/2/6
f 14062/2/6 14034/2/6 14063/2/6
f 14035/4/6 14036/4/6 14064/4/6
f 14064/4/6 14036/4/6 14065/4/6
f 14028/2/6 14026/2/6 14075/2/6
f 14075/2/6 14026/2/6 14076/2/6
f 14038/1/6 14039/1/6 14077/1/6
f 14039/2/6 14040/2/6 14078/2/6
f 14077/1/6 14039/1/6 14078/1/6
f 14040/2/6 14041/2/6 14078/2/6
f 14078/2/6 14041/2/6 14079/2/6
f 14043/2/6 14044/2/6 14080/2/6
f 14044/4/6 14045/4/6 14081/4/6
f 14080/2/6 14044/2/6 14081/2/6
f 14045/2/6 14046/2/6 14082/2/6
f 14081/4/6 14045/4/6 14082/4/6
f 14046/4/6 14047/4/6 14083/4/6
f 14082/2/6 14046/2/6 14083/2/6
f 14047/2/6 14048/2/6 14084/2/6
f 14083/4/6 14047/4/6 14084/4/6
f 14048/2/6 14049/2/6 14084/2/6
f 14049/1/6 14050/1/6 14085/1/6
f 14084/2/6 14049/2/6 14085/2/6
f 14085/1/6 14050/1/6 14086/1/6
f 14052/4/6 14053/4/6 14087/4/6
f 14053/4/6 14054/4/6 14087/4/6
f 14054/2/6 14055/2/6 14088/2/6
f 14087/4/6 14054/4/6 14088/4/6
f 14055/2/6 14056/2/6 14088/2/6
f 14056/4/6 14057/4/6 14089/4/6
f 14088/2/6 14056/2/6 14089/2/6
f 14057/2/6 14058/2/6 14090/2/6
f 14089/4/6 14057/4/6 14090/4/6
f 14058/2/6 14059/2/6 14090/2/6
f 14059/2/6 14060/2/6 14090/2/6
f 14060/1/6 14061/1/6 14091/1/6
f 14090/2/6 14060/2/6 14091/2/6
f 14061/2/6 14062/2/6 14092/2/6
f 14091/1/6 14061/1/6 14092/1/6
f 14092/2/6 14062/2/6 14093/2/6
f 14065/2/6 14066/2/6 14094/2/6
f 14066/1/6 14067/1/6 14095/1/6
f 14094/2/6 14066/2/6 14095/2/6
f 14067/4/6 14068/4/6 14096/4/6
f 14095/1/6 14067/1/6 14096/1/6
f 14069/2/6 14070/2/6 14097/2/6
f 14096/4/6 14068/4/6 14097/4/6
f 14068/2/6 14069/2/6 14097/2/6
f 14070/1/6 14071/1/6 14098/1/6
f 14097/2/6 14070/2/6 14098/2/6
f 14071/4/6 14072/4/6 14099/4/6
f 14098/1/6 14071/1/6 14099/1/6
f 14073/2/6 14074/2/6 14100/2/6
f 14099/4/6 14072/4/6 14100/4/6
f 14072/2/6 14073/2/6 14100/2/6
f 14074/1/6 14075/1/6 14101/1/6
f 14100/2/6 14074/2/6 14101/2/6
f 14101/1/6 14075/1/6 14102/1/6
f 14103/2/6 14104/2/6 14131/2/6
f 14104/1/6 14105/1/6 14132/1/6
f 14131/2/6 14104/2/6 14132/2/6
f 14132/1/6 14105/1/6 14133/1/6
f 14106/2/6 14107/2/6 14134/2/6
f 14107/1/6 14108/1/6 14135/1/6
f 14134/2/6 14107/2/6 14135/2/6
f 14108/4/6 14109/4/6 14136/4/6
f 14135/1/6 14108/1/6 14136/1/6
f 14109/2/6 14110/2/6 14137/2/6
f 14136/4/6 14109/4/6 14137/4/6
f 14110/1/6 14111/1/6 14138/1/6
f 14137/2/6 14110/2/6 14138/2/6
f 14111/4/6 14112/4/6 14139/4/6
f 14138/1/6 14111/1/6 14139/1/6
f 14139/4/6 14112/4/6 14140/4/6
f 14113/1/6 14114/1/6 14141/1/6
f 14114/4/6 14115/4/6 14142/4/6
f 14141/1/6 14114/1/6 14142/1/6
f 14115/2/6 14116/2/6 14143/2/6
f 14142/4/6 14115/4/6 14143/4/6
f 14116/4/6 14117/4/6 14144/4/6
f 14143/2/6 14116/2/6 14144/2/6
f 14117/1/6 14118/1/6 14145/1/6
f 14144/4/6 14117/4/6 14145/4/6
f 14118/2/6 14119/2/6 14146/2/6
f 14145/1/6 14118/1/6 14146/1/6
f 14119/4/6 14120/4/6 14147/4/6
f 14146/2/6 14119/2/6 14147/2/6
f 14120/1/6 14121/1/6 14148/1/6
f 14147/4/6 14120/4/6 14148/4/6
f 14121/2/6 14122/2/6 14149/2/6
f 14148/1/6 14121/1/6 14149/1/6
f 14149/2/6 14122/2/6 14150/2/6
f 14123/2/6 14124/2/6 14151/2/6
f 14124/1/6 14125/1/6 14152/1/6
f 14151/2/6 14124/2/6 14152/2/6
f 14125/4/6 14126/4/6 14153/4/6
f 14152/1/6 14125/1/6 14153/1/6
f 14126/2/6 14127/2/6 14154/2/6
f 14153/4/6 14126/4/6 14154/4/6
f 14127/1/6 14128/1/6 14155/1/6
f 14154/2/6 14127/2/6 14155/2/6
f 14128/4/6 14129/4/6 14156/4/6
f 14155/1/6 14128/1/6 14156/1/6
f 14129/2/6 14130/2/6 14157/2/6
f 14156/4/6 14129/4/6 14157/4/6
f 14157/2/6 14130/2/6 14158/2/6
f 14103/2/6 14131/2/6 14159/2/6
f 14159/2/6 14131/2/6 14160/2/6
f 14158/2/6 14130/2/6 14161/2/6
f 14161/2/6 14130/2/6 14162/2/6
f 14159/1/6 14160/1/6 14163/1/6
f 14163/1/6 14160/1/6 14164/1/6
f 14161/1/6 14162/1/6 14165/1/6
f 14165/1/6 14162/1/6 14166/1/6
f 14167/2/6 14168/2/6 14171/2/6
f 14171/2/6 14168/2/6 14172/2/6
f 14169/2/6 14170/2/6 14173/2/6
f 14173/2/6 14170/2/6 14174/2/6
f 14171/1/6 14172/1/6 14175/1/6
f 14175/1/6 14172/1/6 14176/1/6
f 14173/1/6 14174/1/6 14177/1/6
f 14177/1/6 14174/1/6 14178/1/6
f 14175/4/6 14176/4/6 14179/4/6
f 14179/4/6 14176/4/6 14180/4/6
f 14177/4/6 14178/4/6 14181/4/6
f 14181/4/6 14178/4/6 14182/4/6
f 14179/2/6 14180/2/6 14183/2/6
f 14183/2/6 14180/2/6 14184/2/6
f 14181/2/6 14182/2/6 14185/2/6
f 14185/2/6 14182/2/6 14186/2/6
f 14183/1/6 14184/1/6 14187/1/6
f 14187/1/6 14184/1/6 14188/1/6
f 14185/1/6 14186/1/6 14189/1/6
f 14189/1/6 14186/1/6 14190/1/6
f 14187/4/6 14188/4/6 14191/4/6
f 14191/4/6 14188/4/6 14192/4/6
f 14189/4/6 14190/4/6 14193/4/6
f 14193/4/6 14190/4/6 14194/4/6
f 14195/1/6 14196/1/6 14199/1/6
f 14199/1/6 14196/1/6 14200/1/6
f 14197/1/6 14198/1/6 14201/1/6
f 14201/1/6 14198/1/6 14202/1/6
f 14199/4/6 14200/4/6 14203/4/6
f 14203/4/6 14200/4/6 14204/4/6
f 14201/4/6 14202/4/6 14205/4/6
f 14205/4/6 14202/4/6 14206/4/6
f 14203/2/6 14204/2/6 14207/2/6
f 14207/2/6 14204/2/6 14208/2/6
f 14205/2/6 14206/2/6 14209/2/6
f 14209/2/6 14206/2/6 14210/2/6
f 14207/4/6 14208/4/6 14211/4/6
f 14211/4/6 14208/4/6 14212/4/6
f 14209/4/6 14210/4/6 14213/4/6
f 14213/4/6 14210/4/6 14214/4/6
f 14211/1/6 14212/1/6 14215/1/6
f 14215/1/6 14212/1/6 14216/1/6
f 14213/1/6 14214/1/6 14217/1/6
f 14217/1/6 14214/1/6 14218/1/6
f 14215/2/6 14216/2/6 14219/2/6
f 14219/2/6 14216/2/6 14220/2/6
f 14217/2/6 14218/2/6 14221/2/6
f 14221/2/6 14218/2/6 14222/2/6
f 14219/4/6 14220/4/6 14223/4/6
f 14223/4/6 14220/4/6 14224/4/6
f 14221/4/6 14222/4/6 14225/4/6
f 14225/4/6 14222/4/6 14226/4/6
f 14223/1/6 14224/1/6 14227/1/6
f 14227/1/6 14224/1/6 14228/1/6
f 14225/1/6 14226/1/6 14229/1/6
f 14229/1/6 14226/1/6 14230/1/6
f 14227/2/6 14228/2/6 14231/2/6
f 14231/2/6 14228/2/6 14232/2/6
f 14229/2/6 14230/2/6 14233/2/6
f 14233/2/6 14230/2/6 14234/2/6
f 14235/2/6 14236/2/6 14239/2/6
f 14239/2/6 14236/2/6 14240/2/6
f 14237/2/6 14238/2/6 14241/2/6
f 14241/2/6 14238/2/6 14242/2/6
f 14239/1/6 14240/1/6 14243/1/6
f 14243/1/6 14240/1/6 14244/1/6
f 14241/1/6 14242/1/6 14245/1/6
f 14245/1/6 14242/1/6 14246/1/6
f 14243/4/6 14244/4/6 14247/4/6
f 14247/4/6 14244/4/6 14248/4/6
f 14245/4/6 14246/4/6 14249/4/6
f 14249/4/6 14246/4/6 14250/4/6
f 14247/2/6 14248/2/6 14251/2/6
f 14251/2/6 14248/2/6 14252/2/6
f 14249/2/6 14250/2/6 14253/2/6
f 14253/2/6 14250/2/6 14254/2/6
f 14251/1/6 14252/1/6 14255/1/6
f 14255/1/6 14252/1/6 14256/1/6
f 14253/1/6 14254/1/6 14257/1/6
f 14257/1/6 14254/1/6 14258/1/6
f 14255/4/6 14256/4/6 14259/4/6
f 14259/4/6 14256/4/6 14260/4/6
f 14257/4/6 14258/4/6 14261/4/6
f 14261/4/6 14258/4/6 14262/4/6
f 14259/2/6 14260/2/6 14263/2/6
f 14261/2/6 14262/2/6 14290/2/6
f 14259/2/6 14263/2/6 14291/2/6
f 14263/2/6 14264/2/6 14291/2/6
f 14264/1/6 14265/1/6 14292/1/6
f 14291/2/6 14264/2/6 14292/2/6
f 14292/1/6 14265/1/6 14293/1/6
f 14266/2/6 14267/2/6 14294/2/6
f 14267/1/6 14268/1/6 14295/1/6
f 14294/2/6 14267/2/6 14295/2/6
f 14268/4/6 14269/4/6 14296/4/6
f 14295/1/6 14268/1/6 14296/1/6
f 14269/2/6 14270/2/6 14297/2/6
f 14296/4/6 14269/4/6 14297/4/6
f 14270/1/6 14271/1/6 14298/1/6
f 14297/2/6 14270/2/6 14298/2/6
f 14271/4/6 14272/4/6 14299/4/6
f 14298/1/6 14271/1/6 14299/1/6
f 14299/4/6 14272/4/6 14300/4/6
f 14273/1/6 14274/1/6 14301/1/6
f 14274/4/6 14275/4/6 14302/4/6
f 14301/1/6 14274/1/6 14302/1/6
f 14275/2/6 14276/2/6 14303/2/6
f 14302/4/6 14275/4/6 14303/4/6
f 14276/4/6 14277/4/6 14304/4/6
f 14303/2/6 14276/2/6 14304/2/6
f 14277/1/6 14278/1/6 14305/1/6
f 14304/4/6 14277/4/6 14305/4/6
f 14278/2/6 14279/2/6 14306/2/6
f 14305/1/6 14278/1/6 14306/1/6
f 14279/4/6 14280/4/6 14307/4/6
f 14306/2/6 14279/2/6 14307/2/6
f 14280/1/6 14281/1/6 14308/1/6
f 14307/4/6 14280/4/6 14308/4/6
f 14281/2/6 14282/2/6 14309/2/6
f 14308/1/6 14281/1/6 14309/1/6
f 14309/2/6 14282/2/6 14310/2/6
f 14283/2/6 14284/2/6 14311/2/6
f 14284/1/6 14285/1/6 14312/1/6
f 14311/2/6 14284/2/6 14312/2/6
f 14285/4/6 14286/4/6 14313/4/6
f 14312/1/6 14285/1/6 14313/1/6
f 14286/2/6 14287/2/6 14314/2/6
f 14313/4/6 14286/4/6 14314/4/6
f 14287/1/6 14288/1/6 14315/1/6
f 14314/2/6 14287/2/6 14315/2/6
f 14288/4/6 14289/4/6 14316/4/6
f 14315/1/6 14288/1/6 14316/1/6
f 14289/2/6 14290/2/6 14317/2/6
f 14316/4/6 14289/4/6 14317/4/6
f 14290/2/6 14262/2/6 14318/2/6
f 14317/2/6 14290/2/6 14318/2/6
f 14319/2/6 14320/2/6 14347/2/6
f 14320/1/6 14321/1/6 14348/1/6
f 14347/2/6 14320/2/6 14348/2/6
f 14348/1/6 14321/1/6 14349/1/6
f 14322/1/6 14323/1/6 14351/1/6
f 14323/3/6 14324/3/6 14352/3/6
f 14351/1/6 14323/1/6 14352/1/6
f 14324/4/6 14325/4/6 14353/4/6
f 14352/3/6 14324/3/6 14353/3/6
f 14325/2/6 14326/2/6 14354/2/6
f 14353/4/6 14325/4/6 14354/4/6
f 14326/1/6 14327/1/6 14355/1/6
f 14354/2/6 14326/2/6 14355/2/6
f 14327/4/6 14328/4/6 14356/4/6
f 14355/1/6 14327/1/6 14356/1/6
f 14328/2/6 14329/2/6 14357/2/6
f 14356/4/6 14328/4/6 14357/4/6
f 14329/1/6 14330/1/6 14358/1/6
f 14357/2/6 14329/2/6 14358/2/6
f 14330/4/6 14331/4/6 14359/4/6
f 14358/1/6 14330/1/6 14359/1/6
f 14359/4/6 14331/4/6 14360/4/6
f 14332/1/6 14333/1/6 14363/1/6
f 14333/4/6 14334/4/6 14364/4/6
f 14363/1/6 14333/1/6 14364/1/6
f 14334/2/6 14335/2/6 14365/2/6
f 14364/4/6 14334/4/6 14365/4/6
f 14365/2/6 14335/2/6 14366/2/6
f 14335/1/6 14336/1/6 14367/1/6
f 14366/2/6 14335/2/6 14367/2/6
f 14336/4/6 14337/4/6 14368/4/6
f 14367/1/6 14336/1/6 14368/1/6
f 14337/2/6 14338/2/6 14369/2/6
f 14368/4/6 14337/4/6 14369/4/6
f 14369/2/6 14338/2/6 14370/2/6
f 14338/1/6 14339/1/6 14371/1/6
f 14370/2/6 14338/2/6 14371/2/6
f 14339/2/6 14340/2/6 14372/2/6
f 14371/1/6 14339/1/6 14372/1/6
f 14372/2/6 14340/2/6 14373/2/6
f 14340/4/6 14341/4/6 14374/4/6
f 14373/2/6 14340/2/6 14374/2/6
f 14374/4/6 14341/4/6 14375/4/6
f 14342/2/6 14343/2/6 14378/2/6
f 14343/4/6 14344/4/6 14379/4/6
f 14378/2/6 14343/2/6 14379/2/6
f 14344/2/6 14345/2/6 14380/2/6
f 14379/4/6 14344/4/6 14380/4/6
f 14380/2/6 14345/2/6 14381/2/6
f 14346/2/6 14347/2/6 14383/2/6
f 14383/2/6 14347/2/6 14384/2/6
f 14350/1/6 14351/1/6 14385/1/6
f 14385/1/6 14351/1/6 14386/1/6
f 14360/2/6 14361/2/6 14387/2/6
f 14387/2/6 14361/2/6 14388/2/6
f 14362/2/6 14363/2/6 14389/2/6
f 14389/2/6 14363/2/6 14390/2/6
f 14375/2/6 14376/2/6 14391/2/6
f 14391/2/6 14376/2/6 14392/2/6
f 14377/2/6 14378/2/6 14393/2/6
f 14393/2/6 14378/2/6 14394/2/6
f 14381/2/6 14382/2/6 14395/2/6
f 14395/2/6 14382/2/6 14396/2/6
f 14383/1/6 14384/1/6 14397/1/6
f 14397/1/6 14384/1/6 14398/1/6
f 14395/1/6 14396/1/6 14399/1/6
f 14399/1/6 14396/1/6 14400/1/6
f 14401/1/6 14402/1/6 14406/1/6
f 14406/1/6 14402/1/6 14407/1/6
f 14403/1/6 14404/1/6 14408/1/6
f 14408/1/6 14404/1/6 14409/1/6
f 14405/1/6 14406/1/6 14411/1/6
f 14411/1/6 14406/1/6 14412/1/6
f 14409/1/6 14410/1/6 14413/1/6
f 14413/1/6 14410/1/6 14414/1/6
f 14411/3/6 14412/3/6 14415/3/6
f 14415/3/6 14412/3/6 14416/3/6
f 14413/3/6 14414/3/6 14417/3/6
f 14417/3/6 14414/3/6 14418/3/6
f 14415/4/6 14416/4/6 14419/4/6
f 14419/4/6 14416/4/6 14420/4/6
f 14417/4/6 14418/4/6 14421/4/6
f 14421/4/6 14418/4/6 14422/4/6
f 14419/2/6 14420/2/6 14423/2/6
f 14423/2/6 14420/2/6 14424/2/6
f 14421/2/6 14422/2/6 14425/2/6
f 14425/2/6 14422/2/6 14426/2/6
f 14423/1/6 14424/1/6 14427/1/6
f 14427/1/6 14424/1/6 14428/1/6
f 14425/1/6 14426/1/6 14429/1/6
f 14429/1/6 14426/1/6 14430/1/6
f 14427/4/6 14428/4/6 14431/4/6
f 14431/4/6 14428/4/6 14432/4/6
f 14429/4/6 14430/4/6 14433/4/6
f 14433/4/6 14430/4/6 14434/4/6
f 14431/2/6 14432/2/6 14435/2/6
f 14435/2/6 14432/2/6 14436/2/6
f 14433/2/6 14434/2/6 14437/2/6
f 14437/2/6 14434/2/6 14438/2/6
f 14435/1/6 14436/1/6 14439/1/6
f 14439/1/6 14436/1/6 14440/1/6
f 14437/1/6 14438/1/6 14441/1/6
f 14441/1/6 14438/1/6 14442/1/6
f 14439/4/6 14440/4/6 14443/4/6
f 14443/4/6 14440/4/6 14444/4/6
f 14441/4/6 14442/4/6 14447/4/6
f 14447/4/6 14442/4/6 14448/4/6
f 14444/2/6 14445/2/6 14449/2/6
f 14449/2/6 14445/2/6 14450/2/6
f 14446/2/6 14447/2/6 14451/2/6
f 14451/2/6 14447/2/6 14452/2/6
f 14453/2/6 14454/2/6 14458/2/6
f 14458/2/6 14454/2/6 14459/2/6
f 14455/2/6 14456/2/6 14460/2/6
f 14460/2/6 14456/2/6 14461/2/6
f 14457/1/6 14458/1/6 14463/1/6
f 14463/1/6 14458/1/6 14464/1/6
f 14461/1/6 14462/1/6 14465/1/6
f 14465/1/6 14462/1/6 14466/1/6
f 14463/4/6 14464/4/6 14467/4/6
f 14467/4/6 14464/4/6 14468/4/6
f 14465/4/6 14466/4/6 14469/4/6
f 14469/4/6 14466/4/6 14470/4/6
f 14467/2/6 14468/2/6 14471/2/6
f 14469/2/6 14470/2/6 14472/2/6
f 14467/2/6 14471/2/6 14473/2/6
f 14473/2/6 14471/2/6 14474/2/6
f 14472/2/6 14470/2/6 14475/2/6
f 14475/2/6 14470/2/6 14476/2/6
f 14473/1/6 14474/1/6 14477/1/6
f 14477/1/6 14474/1/6 14478/1/6
f 14475/1/6 14476/1/6 14479/1/6
f 14479/1/6 14476/1/6 14480/1/6
f 14477/4/6 14478/4/6 14481/4/6
f 14481/4/6 14478/4/6 14482/4/6
f 14479/4/6 14480/4/6 14483/4/6
f 14483/4/6 14480/4/6 14484/4/6
f 14481/2/6 14482/2/6 14485/2/6
f 14483/2/6 14484/2/6 14486/2/6
f 14481/2/6 14485/2/6 14487/2/6
f 14487/2/6 14485/2/6 14488/2/6
f 14486/2/6 14484/2/6 14489/2/6
f 14489/2/6 14484/2/6 14490/2/6
f 14487/1/6 14488/1/6 14491/1/6
f 14491/1/6 14488/1/6 14492/1/6
f 14489/1/6 14490/1/6 14493/1/6
f 14493/1/6 14490/1/6 14494/1/6
f 14491/2/6 14492/2/6 14495/2/6
f 14493/2/6 14494/2/6 14496/2/6
f 14491/2/6 14495/2/6 14497/2/6
f 14497/2/6 14495/2/6 14498/2/6
f 14496/2/6 14494/2/6 14499/2/6
f 14499/2/6 14494/2/6 14500/2/6
f 14497/4/6 14498/4/6 14501/4/6
f 14501/4/6 14498/4/6 14502/4/6
f 14499/4/6 14500/4/6 14505/4/6
f 14505/4/6 14500/4/6 14506/4/6
f 14502/2/6 14503/2/6 14507/2/6
f 14507/2/6 14503/2/6 14508/2/6
f 14504/2/6 14505/2/6 14509/2/6
f 14509/2/6 14505/2/6 14510/2/6
f 14511/2/6 14512/2/6 14516/2/6
f 14516/2/6 14512/2/6 14517/2/6
f 14513/2/6 14514/2/6 14518/2/6
f 14518/2/6 14514/2/6 14519/2/6
f 14515/2/6 14516/2/6 14521/2/6
f 14521/2/6 14516/2/6 14522/2/6
f 14519/2/6 14520/2/6 14523/2/6
f 14523/2/6 14520/2/6 14524/2/6
f 14521/4/6 14522/4/6 14525/4/6
f 14525/4/6 14522/4/6 14526/4/6
f 14523/4/6 14524/4/6 14527/4/6
f 14527/4/6 14524/4/6 14528/4/6
f 14525/2/6 14526/2/6 14529/2/6
f 14529/2/6 14526/2/6 14530/2/6
f 14527/2/6 14528/2/6 14541/2/6
f 14541/2/6 14528/2/6 14542/2/6
f 14529/1/6 14530/1/6 14543/1/6
f 14543/1/6 14530/1/6 14544/1/6
f 14531/1/6 14532/1/6 14547/1/6
f 14547/1/6 14532/1/6 14548/1/6
f 14533/2/6 14534/2/6 14557/2/6
f 14557/2/6 14534/2/6 14558/2/6
f 14535/2/6 14536/2/6 14559/2/6
f 14559/2/6 14536/2/6 14560/2/6
f 14537/2/6 14538/2/6 14572/2/6
f 14572/2/6 14538/2/6 14573/2/6
f 14539/2/6 14540/2/6 14574/2/6
f 14574/2/6 14540/2/6 14575/2/6
f 14541/1/6 14542/1/6 14578/1/6
f 14578/1/6 14542/1/6 14579/1/6
f 14544/2/6 14545/2/6 14580/2/6
f 14545/1/6 14546/1/6 14581/1/6
f 14580/2/6 14545/2/6 14581/2/6
f 14581/1/6 14546/1/6 14582/1/6
f 14548/1/6 14549/1/6 14583/1/6
f 14549/3/6 14550/3/6 14584/3/6
f 14583/1/6 14549/1/6 14584/1/6
f 14550/4/6 14551/4/6 14585/4/6
f 14584/3/6 14550/3/6 14585/3/6
f 14551/2/6 14552/2/6 14586/2/6
f 14585/4/6 14551/4/6 14586/4/6
f 14552/1/6 14553/1/6 14587/1/6
f 14586/2/6 14552/2/6 14587/2/6
f 14553/4/6 14554/4/6 14588/4/6
f 14587/1/6 14553/1/6 14588/1/6
f 14554/2/6 14555/2/6 14589/2/6
f 14588/4/6 14554/4/6 14589/4/6
f 14555/1/6 14556/1/6 14590/1/6
f 14589/2/6 14555/2/6 14590/2/6
f 14556/4/6 14557/4/6 14591/4/6
f 14590/1/6 14556/1/6 14591/1/6
f 14591/4/6 14557/4/6 14592/4/6
f 14560/1/6 14561/1/6 14593/1/6
f 14561/4/6 14562/4/6 14594/4/6
f 14593/1/6 14561/1/6 14594/1/6
f 14562/2/6 14563/2/6 14595/2/6
f 14594/4/6 14562/4/6 14595/4/6
f 14563/2/6 14564/2/6 14595/2/6
f 14564/1/6 14565/1/6 14596/1/6
f 14595/2/6 14564/2/6 14596/2/6
f 14565/4/6 14566/4/6 14597/4/6
f 14596/1/6 14565/1/6 14597/1/6
f 14566/2/6 14567/2/6 14598/2/6
f 14597/4/6 14566/4/6 14598/4/6
f 14567/2/6 14568/2/6 14598/2/6
f 14568/1/6 14569/1/6 14599/1/6
f 14598/2/6 14568/2/6 14599/2/6
f 14570/2/6 14571/2/6 14600/2/6
f 14599/1/6 14569/1/6 14600/1/6
f 14569/2/6 14570/2/6 14600/2/6
f 14571/4/6 14572/4/6 14601/4/6
f 14600/2/6 14571/2/6 14601/2/6
f 14601/4/6 14572/4/6 14602/4/6
f 14575/2/6 14576/2/6 14603/2/6
f 14576/4/6 14577/4/6 14604/4/6
f 14603/2/6 14576/2/6 14604/2/6
f 14577/2/6 14578/2/6 14605/2/6
f 14604/4/6 14577/4/6 14605/4/6
f 14605/2/6 14578/2/6 14606/2/6
f 14607/1/6 14608/1/6 14629/1/6
f 14608/4/6 14609/4/6 14630/4/6
f 14629/1/6 14608/1/6 14630/1/6
f 14630/4/6 14609/4/6 14631/4/6
f 14610/4/6 14611/4/6 14632/4/6
f 14611/1/6 14612/1/6 14633/1/6
f 14632/4/6 14611/4/6 14633/4/6
f 14612/2/6 14613/2/6 14634/2/6
f 14633/1/6 14612/1/6 14634/1/6
f 14613/1/6 14614/1/6 14635/1/6
f 14634/2/6 14613/2/6 14635/2/6
f 14614/2/6 14615/2/6 14636/2/6
f 14635/1/6 14614/1/6 14636/1/6
f 14615/1/6 14616/1/6 14637/1/6
f 14636/2/6 14615/2/6 14637/2/6
f 14616/4/6 14617/4/6 14638/4/6
f 14637/1/6 14616/1/6 14638/1/6
f 14638/4/6 14617/4/6 14639/4/6
f 14618/1/6 14619/1/6 14640/1/6
f 14619/2/6 14620/2/6 14641/2/6
f 14640/1/6 14619/1/6 14641/1/6
f 14620/4/6 14621/4/6 14642/4/6
f 14641/2/6 14620/2/6 14642/2/6
f 14621/1/6 14622/1/6 14643/1/6
f 14642/4/6 14621/4/6 14643/4/6
f 14622/4/6 14623/4/6 14644/4/6
f 14643/1/6 14622/1/6 14644/1/6
f 14623/1/6 14624/1/6 14645/1/6
f 14644/4/6 14623/4/6 14645/4/6
f 14624/2/6 14625/2/6 14646/2/6
f 14645/1/6 14624/1/6 14646/1/6
f 14646/2/6 14625/2/6 14647/2/6
f 14626/2/6 14627/2/6 14648/2/6
f 14627/1/6 14628/1/6 14649/1/6
f 14648/2/6 14627/2/6 14649/2/6
f 14649/1/6 14628/1/6 14650/1/6
f 14650/1/6 14628/1/6 14651/1/6
f 14629/4/6 14630/4/6 14652/4/6
f 14652/4/6 14630/4/6 14653/4/6
f 14650/4/6 14651/4/6 14654/4/6
f 14654/4/6 14651/4/6 14655/4/6
f 14656/4/6 14657/4/6 14660/4/6
f 14660/4/6 14657/4/6 14661/4/6
f 14658/4/6 14659/4/6 14662/4/6
f 14662/4/6 14659/4/6 14663/4/6
f 14660/1/6 14661/1/6 14664/1/6
f 14664/1/6 14661/1/6 14665/1/6
f 14662/1/6 14663/1/6 14666/1/6
f 14666/1/6 14663/1/6 14667/1/6
f 14664/2/6 14665/2/6 14668/2/6
f 14668/2/6 14665/2/6 14669/2/6
f 14666/2/6 14667/2/6 14670/2/6
f 14670/2/6 14667/2/6 14671/2/6
f 14668/1/6 14669/1/6 14672/1/6
f 14672/1/6 14669/1/6 14673/1/6
f 14670/1/6 14671/1/6 14674/1/6
f 14674/1/6 14671/1/6 14675/1/6
f 14672/2/6 14673/2/6 14676/2/6
f 14676/2/6 14673/2/6 14677/2/6
f 14674/2/6 14675/2/6 14678/2/6
f 14678/2/6 14675/2/6 14679/2/6
f 14676/1/6 14677/1/6 14680/1/6
f 14680/1/6 14677/1/6 14681/1/6
f 14678/1/6 14679/1/6 14682/1/6
f 14682/1/6 14679/1/6 14683/1/6
f 14680/4/6 14681/4/6 14684/4/6
f 14684/4/6 14681/4/6 14685/4/6
f 14682/4/6 14683/4/6 14686/4/6
f 14686/4/6 14683/4/6 14687/4/6
f 14688/1/6 14689/1/6 14692/1/6
f 14692/1/6 14689/1/6 14693/1/6
f 14690/1/6 14691/1/6 14694/1/6
f 14694/1/6 14691/1/6 14695/1/6
f 14692/2/6 14693/2/6 14696/2/6
f 14696/2/6 14693/2/6 14697/2/6
f 14694/2/6 14695/2/6 14698/2/6
f 14698/2/6 14695/2/6 14699/2/6
f 14696/4/6 14697/4/6 14700/4/6
f 14700/4/6 14697/4/6 14701/4/6
f 14698/4/6 14699/4/6 14702/4/6
f 14702/4/6 14699/4/6 14703/4/6
f 14700/1/6 14701/1/6 14704/1/6
f 14704/1/6 14701/1/6 14705/1/6
f 14702/1/6 14703/1/6 14706/1/6
f 14706/1/6 14703/1/6 14707/1/6
f 14704/4/6 14705/4/6 14708/4/6
f 14708/4/6 14705/4/6 14709/4/6
f 14706/4/6 14707/4/6 14710/4/6
f 14710/4/6 14707/4/6 14711/4/6
f 14708/1/6 14709/1/6 14712/1/6
f 14712/1/6 14709/1/6 14713/1/6
f 14710/1/6 14711/1/6 14714/1/6
f 14714/1/6 14711/1/6 14715/1/6
f 14712/2/6 14713/2/6 14716/2/6
f 14716/2/6 14713/2/6 14717/2/6
f 14714/2/6 14715/2/6 14718/2/6
f 14718/2/6 14715/2/6 14719/2/6
f 14720/2/6 14721/2/6 14724/2/6
f 14724/2/6 14721/2/6 14725/2/6
f 14722/2/6 14723/2/6 14726/2/6
f 14726/2/6 14723/2/6 14727/2/6
f 14724/1/6 14725/1/6 14728/1/6
f 14726/1/6 14727/1/6 14748/1/6
f 14724/1/6 14728/1/6 14749/1/6
f 14728/4/6 14729/4/6 14750/4/6
f 14749/1/6 14728/1/6 14750/1/6
f 14750/4/6 14729/4/6 14751/4/6
f 14730/4/6 14731/4/6 14752/4/6
f 14731/1/6 14732/1/6 14753/1/6
f 14752/4/6 14731/4/6 14753/4/6
f 14732/2/6 14733/2/6 14754/2/6
f 14753/1/6 14732/1/6 14754/1/6
f 14733/1/6 14734/1/6 14755/1/6
f 14754/2/6 14733/2/6 14755/2/6
f 14734/2/6 14735/2/6 14756/2/6
f 14755/1/6 14734/1/6 14756/1/6
f 14735/1/6 14736/1/6 14757/1/6
f 14756/2/6 14735/2/6 14757/2/6
f 14736/4/6 14737/4/6 14758/4/6
f 14757/1/6 14736/1/6 14758/1/6
f 14758/4/6 14737/4/6 14759/4/6
f 14738/1/6 14739/1/6 14760/1/6
f 14739/2/6 14740/2/6 14761/2/6
f 14760/1/6 14739/1/6 14761/1/6
f 14740/4/6 14741/4/6 14762/4/6
f 14761/2/6 14740/2/6 14762/2/6
f 14741/1/6 14742/1/6 14763/1/6
f 14762/4/6 14741/4/6 14763/4/6
f 14742/4/6 14743/4/6 14764/4/6
f 14763/1/6 14742/1/6 14764/1/6
f 14743/1/6 14744/1/6 14765/1/6
f 14764/4/6 14743/4/6 14765/4/6
f 14744/2/6 14745/2/6 14766/2/6
f 14765/1/6 14744/1/6 14766/1/6
f 14766/2/6 14745/2/6 14767/2/6
f 14746/2/6 14747/2/6 14768/2/6
f 14747/1/6 14748/1/6 14769/1/6
f 14768/2/6 14747/2/6 14769/2/6
f 14748/1/6 14727/1/6 14770/1/6
f 14769/1/6 14748/1/6 14770/1/6
f 14771/1/6 14772/1/6 14797/1/6
f 14772/2/6 14773/2/6 14798/2/6
f 14797/1/6 14772/1/6 14798/1/6
f 14773/1/6 14774/1/6 14799/1/6
f 14798/2/6 14773/2/6 14799/2/6
f 14774/3/6 14775/3/6 14800/3/6
f 14799/1/6 14774/1/6 14800/1/6
f 14775/1/6 14776/1/6 14801/1/6
f 14800/3/6 14775/3/6 14801/3/6
f 14801/1/6 14776/1/6 14802/1/6
f 14777/2/6 14778/2/6 14805/2/6
f 14778/1/6 14779/1/6 14806/1/6
f 14805/2/6 14778/2/6 14806/2/6
f 14779/4/6 14780/4/6 14807/4/6
f 14806/1/6 14779/1/6 14807/1/6
f 14780/2/6 14781/2/6 14808/2/6
f 14807/4/6 14780/4/6 14808/4/6
f 14808/2/6 14781/2/6 14809/2/6
f 14781/1/6 14782/1/6 14810/1/6
f 14809/2/6 14781/2/6 14810/2/6
f 14782/4/6 14783/4/6 14811/4/6
f 14810/1/6 14782/1/6 14811/1/6
f 14783/2/6 14784/2/6 14812/2/6
f 14811/4/6 14783/4/6 14812/4/6
f 14812/2/6 14784/2/6 14813/2/6
f 14784/1/6 14785/1/6 14814/1/6
f 14813/2/6 14784/2/6 14814/2/6
f 14785/4/6 14786/4/6 14815/4/6
f 14814/1/6 14785/1/6 14815/1/6
f 14786/2/6 14787/2/6 14816/2/6
f 14815/4/6 14786/4/6 14816/4/6
f 14816/2/6 14787/2/6 14817/2/6
f 14817/2/6 14787/2/6 14818/2/6
f 14788/2/6 14789/2/6 14821/2/6
f 14789/1/6 14790/1/6 14822/1/6
f 14821/2/6 14789/2/6 14822/2/6
f 14790/4/6 14791/4/6 14823/4/6
f 14822/1/6 14790/1/6 14823/1/6
f 14791/2/6 14792/2/6 14824/2/6
f 14823/4/6 14791/4/6 14824/4/6
f 14792/1/6 14793/1/6 14825/1/6
f 14824/2/6 14792/2/6 14825/2/6
f 14793/4/6 14794/4/6 14826/4/6
f 14825/1/6 14793/1/6 14826/1/6
f 14794/1/6 14795/1/6 14827/1/6
f 14826/4/6 14794/4/6 14827/4/6
f 14827/1/6 14795/1/6 14828/1/6
f 14796/2/6 14797/2/6 14830/2/6
f 14830/2/6 14797/2/6 14831/2/6
f 14802/1/6 14803/1/6 14832/1/6
f 14832/1/6 14803/1/6 14833/1/6
f 14804/4/6 14805/4/6 14834/4/6
f 14834/4/6 14805/4/6 14835/4/6
f 14818/1/6 14819/1/6 14836/1/6
f 14836/1/6 14819/1/6 14837/1/6
f 14820/2/6 14821/2/6 14838/2/6
f 14838/2/6 14821/2/6 14839/2/6
f 14828/2/6 14829/2/6 14840/2/6
f 14840/2/6 14829/2/6 14841/2/6
f 14830/1/6 14831/1/6 14842/1/6
f 14842/1/6 14831/1/6 14843/1/6
f 14840/1/6 14841/1/6 14844/1/6
f 14844/1/6 14841/1/6 14845/1/6
f 14842/2/6 14843/2/6 14846/2/6
f 14846/2/6 14843/2/6 14847/2/6
f 14844/2/6 14845/2/6 14848/2/6
f 14848/2/6 14845/2/6 14849/2/6
f 14846/1/6 14847/1/6 14850/1/6
f 14850/1/6 14847/1/6 14851/1/6
f 14848/1/6 14849/1/6 14852/1/6
f 14852/1/6 14849/1/6 14853/1/6
f 14850/3/6 14851/3/6 14854/3/6
f 14854/3/6 14851/3/6 14855/3/6
f 14852/3/6 14853/3/6 14856/3/6
f 14856/3/6 14853/3/6 14857/3/6
f 14854/1/6 14855/1/6 14858/1/6
f 14858/1/6 14855/1/6 14859/1/6
f 14856/1/6 14857/1/6 14862/1/6
f 14862/1/6 14857/1/6 14863/1/6
f 14859/1/6 14860/1/6 14864/1/6
f 14864/1/6 14860/1/6 14865/1/6
f 14861/1/6 14862/1/6 14866/1/6
f 14866/1/6 14862/1/6 14867/1/6
f 14868/4/6 14869/4/6 14873/4/6
f 14873/4/6 14869/4/6 14874/4/6
f 14870/4/6 14871/4/6 14875/4/6
f 14875/4/6 14871/4/6 14876/4/6
f 14872/2/6 14873/2/6 14878/2/6
f 14878/2/6 14873/2/6 14879/2/6
f 14876/2/6 14877/2/6 14880/2/6
f 14880/2/6 14877/2/6 14881/2/6
f 14878/1/6 14879/1/6 14882/1/6
f 14882/1/6 14879/1/6 14883/1/6
f 14880/1/6 14881/1/6 14884/1/6
f 14884/1/6 14881/1/6 14885/1/6
f 14882/4/6 14883/4/6 14886/4/6
f 14886/4/6 14883/4/6 14887/4/6
f 14884/4/6 14885/4/6 14888/4/6
f 14888/4/6 14885/4/6 14889/4/6
f 14886/2/6 14887/2/6 14890/2/6
f 14888/2/6 14889/2/6 14891/2/6
f 14886/2/6 14890/2/6 14892/2/6
f 14892/2/6 14890/2/6 14893/2/6
f 14891/2/6 14889/2/6 14894/2/6
f 14894/2/6 14889/2/6 14895/2/6
f 14892/1/6 14893/1/6 14896/1/6
f 14896/1/6 14893/1/6 14897/1/6
f 14894/1/6 14895/1/6 14898/1/6
f 14898/1/6 14895/1/6 14899/1/6
f 14896/4/6 14897/4/6 14900/4/6
f 14900/4/6 14897/4/6 14901/4/6
f 14898/4/6 14899/4/6 14902/4/6
f 14902/4/6 14899/4/6 14903/4/6
f 14900/2/6 14901/2/6 14904/2/6
f 14902/2/6 14903/2/6 14905/2/6
f 14900/2/6 14904/2/6 14906/2/6
f 14906/2/6 14904/2/6 14907/2/6
f 14905/2/6 14903/2/6 14908/2/6
f 14908/2/6 14903/2/6 14909/2/6
f 14906/1/6 14907/1/6 14910/1/6
f 14910/1/6 14907/1/6 14911/1/6
f 14908/1/6 14909/1/6 14912/1/6
f 14912/1/6 14909/1/6 14913/1/6
f 14910/4/6 14911/4/6 14914/4/6
f 14914/4/6 14911/4/6 14915/4/6
f 14912/4/6 14913/4/6 14916/4/6
f 14916/4/6 14913/4/6 14917/4/6
f 14914/2/6 14915/2/6 14918/2/6
f 14916/2/6 14917/2/6 14919/2/6
f 14914/2/6 14918/2/6 14920/2/6
f 14920/2/6 14918/2/6 14921/2/6
f 14919/2/6 14917/2/6 14924/2/6
f 14924/2/6 14917/2/6 14925/2/6
f 14921/1/6 14922/1/6 14926/1/6
f 14926/1/6 14922/1/6 14927/1/6
f 14923/1/6 14924/1/6 14928/1/6
f 14928/1/6 14924/1/6 14929/1/6
f 14930/2/6 14931/2/6 14935/2/6
f 14935/2/6 14931/2/6 14936/2/6
f 14932/2/6 14933/2/6 14937/2/6
f 14937/2/6 14933/2/6 14938/2/6
f 14934/2/6 14935/2/6 14940/2/6
f 14940/2/6 14935/2/6 14941/2/6
f 14938/2/6 14939/2/6 14942/2/6
f 14942/2/6 14939/2/6 14943/2/6
f 14940/1/6 14941/1/6 14944/1/6
f 14944/1/6 14941/1/6 14945/1/6
f 14942/1/6 14943/1/6 14946/1/6
f 14946/1/6 14943/1/6 14947/1/6
f 14944/4/6 14945/4/6 14948/4/6
f 14948/4/6 14945/4/6 14949/4/6
f 14946/4/6 14947/4/6 14950/4/6
f 14950/4/6 14947/4/6 14951/4/6
f 14948/2/6 14949/2/6 14952/2/6
f 14952/2/6 14949/2/6 14953/2/6
f 14950/2/6 14951/2/6 14954/2/6
f 14954/2/6 14951/2/6 14955/2/6
f 14952/1/6 14953/1/6 14956/1/6
f 14956/1/6 14953/1/6 14957/1/6
f 14954/1/6 14955/1/6 14958/1/6
f 14958/1/6 14955/1/6 14959/1/6
f 14956/4/6 14957/4/6 14968/4/6
f 14968/4/6 14957/4/6 14969/4/6
f 14960/1/6 14961/1/6 14975/1/6
f 14975/1/6 14961/1/6 14976/1/6
f 14962/4/6 14963/4/6 14977/4/6
f 14977/4/6 14963/4/6 14978/4/6
f 14964/1/6 14965/1/6 14991/1/6
f 14991/1/6 14965/1/6 14992/1/6
f 14966/2/6 14967/2/6 14993/2/6
f 14993/2/6 14967/2/6 14994/2/6
f 14958/4/6 14959/4/6 15001/4/6
f 15001/4/6 14959/4/6 15002/4/6
f 14969/2/6 14970/2/6 15003/2/6
f 14970/1/6 14971/1/6 15004/1/6
f 15003/2/6 14970/2/6 15004/2/6
f 14971/2/6 14972/2/6 15005/2/6
f 15004/1/6 14971/1/6 15005/1/6
f 14972/1/6 14973/1/6 15006/1/6
f 15005/2/6 14972/2/6 15006/2/6
f 14973/3/6 14974/3/6 15007/3/6
f 15006/1/6 14973/1/6 15007/1/6
f 14974/1/6 14975/1/6 15008/1/6
f 15007/3/6 14974/3/6 15008/3/6
f 15008/1/6 14975/1/6 15009/1/6
f 14978/2/6 14979/2/6 15010/2/6
f 14979/1/6 14980/1/6 15011/1/6
f 15010/2/6 14979/2/6 15011/2/6
f 14980/4/6 14981/4/6 15012/4/6
f 15011/1/6 14980/1/6 15012/1/6
f 14981/2/6 14982/2/6 15013/2/6
f 15012/4/6 14981/4/6 15013/4/6
f 14982/2/6 14983/2/6 15013/2/6
f 14983/1/6 14984/1/6 15014/1/6
f 15013/2/6 14983/2/6 15014/2/6
f 14984/4/6 14985/4/6 15015/4/6
f 15014/1/6 14984/1/6 15015/1/6
f 14985/2/6 14986/2/6 15016/2/6
f 15015/4/6 14985/4/6 15016/4/6
f 14986/2/6 14987/2/6 15016/2/6
f 14987/1/6 14988/1/6 15017/1/6
f 15016/2/6 14987/2/6 15017/2/6
f 14988/4/6 14989/4/6 15018/4/6
f 15017/1/6 14988/1/6 15018/1/6
f 14989/2/6 14990/2/6 15019/2/6
f 15018/4/6 14989/4/6 15019/4/6
f 14990/2/6 14991/2/6 15019/2/6
f 15019/2/6 14991/2/6 15020/2/6
f 14994/2/6 14995/2/6 15021/2/6
f 14995/1/6 14996/1/6 15022/1/6
f 15021/2/6 14995/2/6 15022/2/6
f 14996/4/6 14997/4/6 15023/4/6
f 15022/1/6 14996/1/6 15023/1/6
f 14997/2/6 14998/2/6 15024/2/6
f 15023/4/6 14997/4/6 15024/4/6
f 14998/1/6 14999/1/6 15025/1/6
f 15024/2/6 14998/2/6 15025/2/6
f 14999/4/6 15000/4/6 15026/4/6
f 15025/1/6 14999/1/6 15026/1/6
f 15000/2/6 15001/2/6 15027/2/6
f 15026/4/6 15000/4/6 15027/4/6
f 15027/2/6 15001/2/6 15028/2/6
f 15029/1/6 15030/1/6 15049/1/6
f 15030/4/6 15031/4/6 15050/4/6
f 15049/1/6 15030/1/6 15050/1/6
f 15050/4/6 15031/4/6 15051/4/6
f 15032/2/6 15033/2/6 15052/2/6
f 15033/1/6 15034/1/6 15053/1/6
f 15052/2/6 15033/2/6 15053/2/6
f 15034/4/6 15035/4/6 15054/4/6
f 15053/1/6 15034/1/6 15054/1/6
f 15035/2/6 15036/2/6 15055/2/6
f 15054/4/6 15035/4/6 15055/4/6
f 15036/1/6 15037/1/6 15056/1/6
f 15055/2/6 15036/2/6 15056/2/6
f 15037/4/6 15038/4/6 15057/4/6
f 15056/1/6 15037/1/6 15057/1/6
f 15038/2/6 15039/2/6 15058/2/6
f 15057/4/6 15038/4/6 15058/4/6
f 15039/1/6 15040/1/6 15059/1/6
f 15058/2/6 15039/2/6 15059/2/6
f 15040/4/6 15041/4/6 15060/4/6
f 15059/1/6 15040/1/6 15060/1/6
f 15041/2/6 15042/2/6 15061/2/6
f 15060/4/6 15041/4/6 15061/4/6
f 15042/1/6 15043/1/6 15062/1/6
f 15061/2/6 15042/2/6 15062/2/6
f 15062/1/6 15043/1/6 15063/1/6
f 15044/2/6 15045/2/6 15064/2/6
f 15045/1/6 15046/1/6 15065/1/6
f 15064/2/6 15045/2/6 15065/2/6
f 15046/4/6 15047/4/6 15066/4/6
f 15065/1/6 15046/1/6 15066/1/6
f 15047/1/6 15048/1/6 15067/1/6
f 15066/4/6 15047/4/6 15067/4/6
f 15029/1/6 15049/1/6 15068/1/6
f 15068/1/6 15049/1/6 15069/1/6
f 15067/1/6 15048/1/6 15070/1/6
f 15070/1/6 15048/1/6 15071/1/6
f 15068/4/6 15069/4/6 15072/4/6
f 15072/4/6 15069/4/6 15073/4/6
f 15070/4/6 15071/4/6 15074/4/6
f 15074/4/6 15071/4/6 15075/4/6
f 15076/2/6 15077/2/6 15080/2/6
f 15080/2/6 15077/2/6 15081/2/6
f 15078/2/6 15079/2/6 15082/2/6
f 15082/2/6 15079/2/6 15083/2/6
f 15080/1/6 15081/1/6 15084/1/6
f 15084/1/6 15081/1/6 15085/1/6
f 15082/1/6 15083/1/6 15086/1/6
f 15086/1/6 15083/1/6 15087/1/6
f 15084/4/6 15085/4/6 15088/4/6
f 15088/4/6 15085/4/6 15089/4/6
f 15086/4/6 15087/4/6 15090/4/6
f 15090/4/6 15087/4/6 15091/4/6
f 15088/2/6 15089/2/6 15092/2/6
f 15092/2/6 15089/2/6 15093/2/6
f 15090/2/6 15091/2/6 15094/2/6
f 15094/2/6 15091/2/6 15095/2/6
f 15092/1/6 15093/1/6 15096/1/6
f 15096/1/6 15093/1/6 15097/1/6
f 15094/1/6 15095/1/6 15098/1/6
f 15098/1/6 15095/1/6 15099/1/6
f 15096/4/6 15097/4/6 15100/4/6
f 15100/4/6 15097/4/6 15101/4/6
f 15098/4/6 15099/4/6 15102/4/6
f 15102/4/6 15099/4/6 15103/4/6
f 15100/2/6 15101/2/6 15104/2/6
f 15104/2/6 15101/2/6 15105/2/6
f 15102/2/6 15103/2/6 15106/2/6
f 15106/2/6 15103/2/6 15107/2/6
f 15104/1/6 15105/1/6 15108/1/6
f 15108/1/6 15105/1/6 15109/1/6
f 15106/1/6 15107/1/6 15110/1/6
f 15110/1/6 15107/1/6 15111/1/6
f 15108/4/6 15109/4/6 15112/4/6
f 15112/4/6 15109/4/6 15113/4/6
f 15110/4/6 15111/4/6 15114/4/6
f 15114/4/6 15111/4/6 15115/4/6
f 15112/2/6 15113/2/6 15116/2/6
f 15116/2/6 15113/2/6 15117/2/6
f 15114/2/6 15115/2/6 15118/2/6
f 15118/2/6 15115/2/6 15119/2/6
f 15116/1/6 15117/1/6 15120/1/6
f 15120/1/6 15117/1/6 15121/1/6
f 15118/1/6 15119/1/6 15122/1/6
f 15122/1/6 15119/1/6 15123/1/6
f 15124/2/6 15125/2/6 15128/2/6
f 15128/2/6 15125/2/6 15129/2/6
f 15126/2/6 15127/2/6 15130/2/6
f 15130/2/6 15127/2/6 15131/2/6
f 15128/1/6 15129/1/6 15132/1/6
f 15132/1/6 15129/1/6 15133/1/6
f 15130/1/6 15131/1/6 15134/1/6
f 15134/1/6 15131/1/6 15135/1/6
f 15132/4/6 15133/4/6 15136/4/6
f 15134/4/6 15135/4/6 15154/4/6
f 15132/4/6 15136/4/6 15155/4/6
f 15136/1/6 15137/1/6 15156/1/6
f 15155/4/6 15136/4/6 15156/4/6
f 15137/4/6 15138/4/6 15157/4/6
f 15156/1/6 15137/1/6 15157/1/6
f 15157/4/6 15138/4/6 15158/4/6
f 15139/2/6 15140/2/6 15159/2/6
f 15140/1/6 15141/1/6 15160/1/6
f 15159/2/6 15140/2/6 15160/2/6
f 15141/4/6 15142/4/6 15161/4/6
f 15160/1/6 15141/1/6 15161/1/6
f 15142/2/6 15143/2/6 15162/2/6
f 15161/4/6 15142/4/6 15162/4/6
f 15143/1/6 15144/1/6 15163/1/6
f 15162/2/6 15143/2/6 15163/2/6
f 15144/4/6 15145/4/6 15164/4/6
f 15163/1/6 15144/1/6 15164/1/6
f 15145/2/6 15146/2/6 15165/2/6
f 15164/4/6 15145/4/6 15165/4/6
f 15146/1/6 15147/1/6 15166/1/6
f 15165/2/6 15146/2/6 15166/2/6
f 15147/4/6 15148/4/6 15167/4/6
f 15166/1/6 15147/1/6 15167/1/6
f 15148/2/6 15149/2/6 15168/2/6
f 15167/4/6 15148/4/6 15168/4/6
f 15149/1/6 15150/1/6 15169/1/6
f 15168/2/6 15149/2/6 15169/2/6
f 15169/1/6 15150/1/6 15170/1/6
f 15151/2/6 15152/2/6 15171/2/6
f 15152/1/6 15153/1/6 15172/1/6
f 15171/2/6 15152/2/6 15172/2/6
f 15153/4/6 15154/4/6 15173/4/6
f 15172/1/6 15153/1/6 15173/1/6
f 15154/4/6 15135/4/6 15174/4/6
f 15173/4/6 15154/4/6 15174/4/6
f 15175/2/6 15176/2/6 15205/2/6
f 15176/1/6 15177/1/6 15206/1/6
f 15205/2/6 15176/2/6 15206/2/6
f 15177/4/6 15178/4/6 15207/4/6
f 15206/1/6 15177/1/6 15207/1/6
f 15178/2/6 15179/2/6 15208/2/6
f 15207/4/6 15178/4/6 15208/4/6
f 15179/1/6 15180/1/6 15209/1/6
f 15208/2/6 15179/2/6 15209/2/6
f 15180/2/6 15181/2/6 15210/2/6
f 15209/1/6 15180/1/6 15210/1/6
f 15181/1/6 15182/1/6 15211/1/6
f 15210/2/6 15181/2/6 15211/2/6
f 15182/3/6 15183/3/6 15212/3/6
f 15211/1/6 15182/1/6 15212/1/6
f 15183/1/6 15184/1/6 15213/1/6
f 15212/3/6 15183/3/6 15213/3/6
f 15213/1/6 15184/1/6 15214/1/6
f 15185/2/6 15186/2/6 15216/2/6
f 15186/1/6 15187/1/6 15217/1/6
f 15216/2/6 15186/2/6 15217/2/6
f 15187/2/6 15188/2/6 15218/2/6
f 15217/1/6 15187/1/6 15218/1/6
f 15188/1/6 15189/1/6 15219/1/6
f 15218/2/6 15188/2/6 15219/2/6
f 15189/2/6 15190/2/6 15220/2/6
f 15219/1/6 15189/1/6 15220/1/6
f 15190/1/6 15191/1/6 15221/1/6
f 15220/2/6 15190/2/6 15221/2/6
f 15221/1/6 15191/1/6 15222/1/6
f 15222/1/6 15191/1/6 15223/1/6
f 15192/2/6 15193/2/6 15225/2/6
f 15193/1/6 15194/1/6 15226/1/6
f 15225/2/6 15193/2/6 15226/2/6
f 15194/4/6 15195/4/6 15227/4/6
f 15226/1/6 15194/1/6 15227/1/6
f 15195/2/6 15196/2/6 15228/2/6
f 15227/4/6 15195/4/6 15228/4/6
f 15196/1/6 15197/1/6 15229/1/6
f 15228/2/6 15196/2/6 15229/2/6
f 15197/4/6 15198/4/6 15230/4/6
f 15229/1/6 15197/1/6 15230/1/6
f 15198/2/6 15199/2/6 15231/2/6
f 15230/4/6 15198/4/6 15231/4/6
f 15231/2/6 15199/2/6 15232/2/6
f 15199/1/6 15200/1/6 15233/1/6
f 15232/2/6 15199/2/6 15233/2/6
f 15200/2/6 15201/2/6 15234/2/6
f 15233/1/6 15200/1/6 15234/1/6
f 15234/2/6 15201/2/6 15235/2/6
f 15202/2/6 15203/2/6 15238/2/6
f 15238/2/6 15203/2/6 15239/2/6
f 15239/2/6 15203/2/6 15240/2/6
f 15204/2/6 15205/2/6 15242/2/6
f 15242/2/6 15205/2/6 15243/2/6
f 15214/1/6 15215/1/6 15244/1/6
f 15244/1/6 15215/1/6 15245/1/6
f 15224/4/6 15225/4/6 15246/4/6
f 15246/4/6 15225/4/6 15247/4/6
f 15235/1/6 15236/1/6 15248/1/6
f 15248/1/6 15236/1/6 15249/1/6
f 15237/2/6 15238/2/6 15250/2/6
f 15250/2/6 15238/2/6 15251/2/6
f 15240/2/6 15241/2/6 15252/2/6
f 15252/2/6 15241/2/6 15253/2/6
f 15242/1/6 15243/1/6 15254/1/6
f 15254/1/6 15243/1/6 15255/1/6
f 15252/1/6 15253/1/6 15256/1/6
f 15256/1/6 15253/1/6 15257/1/6
f 15254/4/6 15255/4/6 15258/4/6
f 15258/4/6 15255/4/6 15259/4/6
f 15256/4/6 15257/4/6 15260/4/6
f 15260/4/6 15257/4/6 15261/4/6
f 15258/2/6 15259/2/6 15262/2/6
f 15262/2/6 15259/2/6 15263/2/6
f 15260/2/6 15261/2/6 15264/2/6
f 15264/2/6 15261/2/6 15265/2/6
f 15262/1/6 15263/1/6 15266/1/6
f 15266/1/6 15263/1/6 15267/1/6
f 15264/1/6 15265/1/6 15268/1/6
f 15268/1/6 15265/1/6 15269/1/6
f 15266/2/6 15267/2/6 15270/2/6
f 15270/2/6 15267/2/6 15271/2/6
f 15268/2/6 15269/2/6 15272/2/6
f 15272/2/6 15269/2/6 15273/2/6
f 15270/1/6 15271/1/6 15274/1/6
f 15274/1/6 15271/1/6 15275/1/6
f 15272/1/6 15273/1/6 15276/1/6
f 15276/1/6 15273/1/6 15277/1/6
f 15274/3/6 15275/3/6 15278/3/6
f 15278/3/6 15275/3/6 15279/3/6
f 15276/3/6 15277/3/6 15280/3/6
f 15280/3/6 15277/3/6 15281/3/6
f 15278/1/6 15279/1/6 15282/1/6
f 15282/1/6 15279/1/6 15283/1/6
f 15280/1/6 15281/1/6 15286/1/6
f 15286/1/6 15281/1/6 15287/1/6
f 15283/1/6 15284/1/6 15288/1/6
f 15288/1/6 15284/1/6 15289/1/6
f 15285/1/6 15286/1/6 15290/1/6
f 15290/1/6 15286/1/6 15291/1/6
f 15292/2/6 15293/2/6 15296/2/6
f 15296/2/6 15293/2/6 15297/2/6
f 15294/2/6 15295/2/6 15298/2/6
f 15298/2/6 15295/2/6 15299/2/6
f 15296/1/6 15297/1/6 15300/1/6
f 15300/1/6 15297/1/6 15301/1/6
f 15298/1/6 15299/1/6 15302/1/6
f 15302/1/6 15299/1/6 15303/1/6
f 15300/2/6 15301/2/6 15304/2/6
f 15304/2/6 15301/2/6 15305/2/6
f 15302/2/6 15303/2/6 15306/2/6
f 15306/2/6 15303/2/6 15307/2/6
f 15304/1/6 15305/1/6 15308/1/6
f 15308/1/6 15305/1/6 15309/1/6
f 15306/1/6 15307/1/6 15310/1/6
f 15310/1/6 15307/1/6 15311/1/6
f 15308/2/6 15309/2/6 15312/2/6
f 15312/2/6 15309/2/6 15313/2/6
f 15310/2/6 15311/2/6 15314/2/6
f 15314/2/6 15311/2/6 15315/2/6
f 15312/1/6 15313/1/6 15316/1/6
f 15314/1/6 15315/1/6 15317/1/6
f 15312/1/6 15316/1/6 15318/1/6
f 15318/1/6 15316/1/6 15319/1/6
f 15317/1/6 15315/1/6 15320/1/6
f 15320/1/6 15315/1/6 15321/1/6
f 15322/4/6 15323/4/6 15327/4/6
f 15327/4/6 15323/4/6 15328/4/6
f 15324/4/6 15325/4/6 15329/4/6
f 15329/4/6 15325/4/6 15330/4/6
f 15326/2/6 15327/2/6 15332/2/6
f 15332/2/6 15327/2/6 15333/2/6
f 15330/2/6 15331/2/6 15334/2/6
f 15334/2/6 15331/2/6 15335/2/6
f 15332/1/6 15333/1/6 15336/1/6
f 15336/1/6 15333/1/6 15337/1/6
f 15334/1/6 15335/1/6 15338/1/6
f 15338/1/6 15335/1/6 15339/1/6
f 15336/4/6 15337/4/6 15340/4/6
f 15340/4/6 15337/4/6 15341/4/6
f 15338/4/6 15339/4/6 15342/4/6
f 15342/4/6 15339/4/6 15343/4/6
f 15340/2/6 15341/2/6 15344/2/6
f 15344/2/6 15341/2/6 15345/2/6
f 15342/2/6 15343/2/6 15346/2/6
f 15346/2/6 15343/2/6 15347/2/6
f 15344/1/6 15345/1/6 15348/1/6
f 15348/1/6 15345/1/6 15349/1/6
f 15346/1/6 15347/1/6 15350/1/6
f 15350/1/6 15347/1/6 15351/1/6
f 15348/4/6 15349/4/6 15352/4/6
f 15352/4/6 15349/4/6 15353/4/6
f 15350/4/6 15351/4/6 15354/4/6
f 15354/4/6 15351/4/6 15355/4/6
f 15352/2/6 15353/2/6 15356/2/6
f 15354/2/6 15355/2/6 15357/2/6
f 15352/2/6 15356/2/6 15358/2/6
f 15358/2/6 15356/2/6 15359/2/6
f 15357/2/6 15355/2/6 15360/2/6
f 15360/2/6 15355/2/6 15361/2/6
f 15358/1/6 15359/1/6 15362/1/6
f 15362/1/6 15359/1/6 15363/1/6
f 15360/1/6 15361/1/6 15364/1/6
f 15364/1/6 15361/1/6 15365/1/6
f 15362/2/6 15363/2/6 15366/2/6
f 15366/2/6 15363/2/6 15367/2/6
f 15364/2/6 15365/2/6 15370/2/6
f 15370/2/6 15365/2/6 15371/2/6
f 15367/1/6 15368/1/6 15372/1/6
f 15372/1/6 15368/1/6 15373/1/6
f 15369/1/6 15370/1/6 15374/1/6
f 15374/1/6 15370/1/6 15375/1/6
f 15376/2/6 15377/2/6 15381/2/6
f 15381/2/6 15377/2/6 15382/2/6
f 15378/2/6 15379/2/6 15383/2/6
f 15383/2/6 15379/2/6 15384/2/6
f 15380/2/6 15381/2/6 15386/2/6
f 15386/2/6 15381/2/6 15387/2/6
f 15384/2/6 15385/2/6 15396/2/6
f 15396/2/6 15385/2/6 15397/2/6
f 15386/1/6 15387/1/6 15398/1/6
f 15398/1/6 15387/1/6 15399/1/6
f 15388/1/6 15389/1/6 15408/1/6
f 15408/1/6 15389/1/6 15409/1/6
f 15390/4/6 15391/4/6 15418/4/6
f 15418/4/6 15391/4/6 15419/4/6
f 15392/1/6 15393/1/6 15429/1/6
f 15429/1/6 15393/1/6 15430/1/6
f 15394/2/6 15395/2/6 15431/2/6
f 15431/2/6 15395/2/6 15432/2/6
f 15396/1/6 15397/1/6 15434/1/6
f 15434/1/6 15397/1/6 15435/1/6
f 15399/4/6 15400/4/6 15436/4/6
f 15400/1/6 15401/1/6 15437/1/6
f 15436/4/6 15400/4/6 15437/4/6
f 15401/4/6 15402/4/6 15438/4/6
f 15437/1/6 15401/1/6 15438/1/6
f 15402/2/6 15403/2/6 15439/2/6
f 15438/4/6 15402/4/6 15439/4/6
f 15403/1/6 15404/1/6 15440/1/6
f 15439/2/6 15403/2/6 15440/2/6
f 15404/2/6 15405/2/6 15441/2/6
f 15440/1/6 15404/1/6 15441/1/6
f 15405/1/6 15406/1/6 15442/1/6
f 15441/2/6 15405/2/6 15442/2/6
f 15406/3/6 15407/3/6 15443/3/6
f 15442/1/6 15406/1/6 15443/1/6
f 15407/1/6 15408/1/6 15444/1/6
f 15443/3/6 15407/3/6 15444/3/6
f 15444/1/6 15408/1/6 15445/1/6
f 15410/2/6 15411/2/6 15446/2/6
f 15411/1/6 15412/1/6 15447/1/6
f 15446/2/6 15411/2/6 15447/2/6
f 15412/2/6 15413/2/6 15448/2/6
f 15447/1/6 15412/1/6 15448/1/6
f 15413/1/6 15414/1/6 15449/1/6
f 15448/2/6 15413/2/6 15449/2/6
f 15414/2/6 15415/2/6 15450/2/6
f 15449/1/6 15414/1/6 15450/1/6
f 15416/1/6 15417/1/6 15451/1/6
f 15450/2/6 15415/2/6 15451/2/6
f 15415/1/6 15416/1/6 15451/1/6
f 15451/1/6 15417/1/6 15452/1/6
f 15419/2/6 15420/2/6 15453/2/6
f 15420/1/6 15421/1/6 15454/1/6
f 15453/2/6 15420/2/6 15454/2/6
f 15421/4/6 15422/4/6 15455/4/6
f 15454/1/6 15421/1/6 15455/1/6
f 15422/2/6 15423/2/6 15456/2/6
f 15455/4/6 15422/4/6 15456/4/6
f 15423/1/6 15424/1/6 15457/1/6
f 15456/2/6 15423/2/6 15457/2/6
f 15424/4/6 15425/4/6 15458/4/6
f 15457/1/6 15424/1/6 15458/1/6
f 15425/2/6 15426/2/6 15459/2/6
f 15458/4/6 15425/4/6 15459/4/6
f 15426/2/6 15427/2/6 15459/2/6
f 15427/1/6 15428/1/6 15460/1/6
f 15459/2/6 15427/2/6 15460/2/6
f 15428/2/6 15429/2/6 15461/2/6
f 15460/1/6 15428/1/6 15461/1/6
f 15461/2/6 15429/2/6 15462/2/6
f 15432/2/6 15433/2/6 15463/2/6
f 15433/4/6 15434/4/6 15464/4/6
f 15463/2/6 15433/2/6 15464/2/6
f 15464/4/6 15434/4/6 15465/4/6
f 15466/1/6 15467/1/6 15491/1/6
f 15467/4/6 15468/4/6 15492/4/6
f 15491/1/6 15467/1/6 15492/1/6
f 15468/2/6 15469/2/6 15493/2/6
f 15492/4/6 15468/4/6 15493/4/6
f 15469/1/6 15470/1/6 15494/1/6
f 15493/2/6 15469/2/6 15494/2/6
f 15470/4/6 15471/4/6 15495/4/6
f 15494/1/6 15470/1/6 15495/1/6
f 15495/4/6 15471/4/6 15496/4/6
f 15472/2/6 15473/2/6 15497/2/6
f 15473/1/6 15474/1/6 15498/1/6
f 15497/2/6 15473/2/6 15498/2/6
f 15474/2/6 15475/2/6 15499/2/6
f 15498/1/6 15474/1/6 15499/1/6
f 15475/1/6 15476/1/6 15500/1/6
f 15499/2/6 15475/2/6 15500/2/6
f 15476/4/6 15477/4/6 15501/4/6
f 15500/1/6 15476/1/6 15501/1/6
f 15501/4/6 15477/4/6 15502/4/6
f 15478/2/6 15479/2/6 15503/2/6
f 15479/1/6 15480/1/6 15504/1/6
f 15503/2/6 15479/2/6 15504/2/6
f 15480/4/6 15481/4/6 15505/4/6
f 15504/1/6 15480/1/6 15505/1/6
f 15481/2/6 15482/2/6 15506/2/6
f 15505/4/6 15481/4/6 15506/4/6
f 15482/1/6 15483/1/6 15507/1/6
f 15506/2/6 15482/2/6 15507/2/6
f 15483/4/6 15484/4/6 15508/4/6
f 15507/1/6 15483/1/6 15508/1/6
f 15484/2/6 15485/2/6 15509/2/6
f 15508/4/6 15484/4/6 15509/4/6
f 15485/1/6 15486/1/6 15510/1/6
f 15509/2/6 15485/2/6 15510/2/6
f 15486/2/6 15487/2/6 15511/2/6
f 15510/1/6 15486/1/6 15511/1/6
f 15511/2/6 15487/2/6 15512/2/6
f 15488/2/6 15489/2/6 15513/2/6
f 15489/1/6 15490/1/6 15514/1/6
f 15513/2/6 15489/2/6 15514/2/6
f 15466/1/6 15491/1/6 15515/1/6
f 15515/1/6 15491/1/6 15516/1/6
f 15514/1/6 15490/1/6 15517/1/6
f 15517/1/6 15490/1/6 15518/1/6
f 15515/4/6 15516/4/6 15519/4/6
f 15519/4/6 15516/4/6 15520/4/6
f 15517/4/6 15518/4/6 15521/4/6
f 15521/4/6 15518/4/6 15522/4/6
f 15519/2/6 15520/2/6 15523/2/6
f 15523/2/6 15520/2/6 15524/2/6
f 15521/2/6 15522/2/6 15525/2/6
f 15525/2/6 15522/2/6 15526/2/6
f 15523/1/6 15524/1/6 15527/1/6
f 15527/1/6 15524/1/6 15528/1/6
f 15525/1/6 15526/1/6 15529/1/6
f 15529/1/6 15526/1/6 15530/1/6
f 15527/4/6 15528/4/6 15531/4/6
f 15531/4/6 15528/4/6 15532/4/6
f 15529/4/6 15530/4/6 15533/4/6
f 15533/4/6 15530/4/6 15534/4/6
f 15535/2/6 15536/2/6 15539/2/6
f 15539/2/6 15536/2/6 15540/2/6
f 15537/2/6 15538/2/6 15541/2/6
f 15541/2/6 15538/2/6 15542/2/6
f 15539/1/6 15540/1/6 15543/1/6
f 15543/1/6 15540/1/6 15544/1/6
f 15541/1/6 15542/1/6 15545/1/6
f 15545/1/6 15542/1/6 15546/1/6
f 15543/2/6 15544/2/6 15547/2/6
f 15547/2/6 15544/2/6 15548/2/6
f 15545/2/6 15546/2/6 15549/2/6
f 15549/2/6 15546/2/6 15550/2/6
f 15547/1/6 15548/1/6 15551/1/6
f 15551/1/6 15548/1/6 15552/1/6
f 15549/1/6 15550/1/6 15553/1/6
f 15553/1/6 15550/1/6 15554/1/6
f 15551/4/6 15552/4/6 15555/4/6
f 15555/4/6 15552/4/6 15556/4/6
f 15553/4/6 15554/4/6 15557/4/6
f 15557/4/6 15554/4/6 15558/4/6
f 15559/2/6 15560/2/6 15563/2/6
f 15563/2/6 15560/2/6 15564/2/6
f 15561/2/6 15562/2/6 15565/2/6
f 15565/2/6 15562/2/6 15566/2/6
f 15563/1/6 15564/1/6 15567/1/6
f 15567/1/6 15564/1/6 15568/1/6
f 15565/1/6 15566/1/6 15569/1/6
f 15569/1/6 15566/1/6 15570/1/6
f 15567/4/6 15568/4/6 15571/4/6
f 15571/4/6 15568/4/6 15572/4/6
f 15569/4/6 15570/4/6 15573/4/6
f 15573/4/6 15570/4/6 15574/4/6
f 15571/2/6 15572/2/6 15575/2/6
f 15575/2/6 15572/2/6 15576/2/6
f 15573/2/6 15574/2/6 15577/2/6
f 15577/2/6 15574/2/6 15578/2/6
f 15575/1/6 15576/1/6 15579/1/6
f 15579/1/6 15576/1/6 15580/1/6
f 15577/1/6 15578/1/6 15581/1/6
f 15581/1/6 15578/1/6 15582/1/6
f 15579/4/6 15580/4/6 15583/4/6
f 15583/4/6 15580/4/6 15584/4/6
f 15581/4/6 15582/4/6 15585/4/6
f 15585/4/6 15582/4/6 15586/4/6
f 15583/2/6 15584/2/6 15587/2/6
f 15587/2/6 15584/2/6 15588/2/6
f 15585/2/6 15586/2/6 15589/2/6
f 15589/2/6 15586/2/6 15590/2/6
f 15587/1/6 15588/1/6 15591/1/6
f 15591/1/6 15588/1/6 15592/1/6
f 15589/1/6 15590/1/6 15593/1/6
f 15593/1/6 15590/1/6 15594/1/6
f 15591/2/6 15592/2/6 15595/2/6
f 15595/2/6 15592/2/6 15596/2/6
f 15593/2/6 15594/2/6 15597/2/6
f 15597/2/6 15594/2/6 15598/2/6
f 15599/2/6 15600/2/6 15603/2/6
f 15601/2/6 15602/2/6 15626/2/6
f 15599/2/6 15603/2/6 15627/2/6
f 15603/1/6 15604/1/6 15628/1/6
f 15627/2/6 15603/2/6 15628/2/6
f 15604/4/6 15605/4/6 15629/4/6
f 15628/1/6 15604/1/6 15629/1/6
f 15605/2/6 15606/2/6 15630/2/6
f 15629/4/6 15605/4/6 15630/4/6
f 15606/1/6 15607/1/6 15631/1/6
f 15630/2/6 15606/2/6 15631/2/6
f 15607/4/6 15608/4/6 15632/4/6
f 15631/1/6 15607/1/6 15632/1/6
f 15632/4/6 15608/4/6 15633/4/6
f 15609/2/6 15610/2/6 15634/2/6
f 15610/1/6 15611/1/6 15635/1/6
f 15634/2/6 15610/2/6 15635/2/6
f 15611/2/6 15612/2/6 15636/2/6
f 15635/1/6 15611/1/6 15636/1/6
f 15612/1/6 15613/1/6 15637/1/6
f 15636/2/6 15612/2/6 15637/2/6
f 15613/4/6 15614/4/6 15638/4/6
f 15637/1/6 15613/1/6 15638/1/6
f 15638/4/6 15614/4/6 15639/4/6
f 15615/2/6 15616/2/6 15640/2/6
f 15616/1/6 15617/1/6 15641/1/6
f 15640/2/6 15616/2/6 15641/2/6
f 15617/4/6 15618/4/6 15642/4/6
f 15641/1/6 15617/1/6 15642/1/6
f 15618/2/6 15619/2/6 15643/2/6
f 15642/4/6 15618/4/6 15643/4/6
f 15619/1/6 15620/1/6 15644/1/6
f 15643/2/6 15619/2/6 15644/2/6
f 15620/4/6 15621/4/6 15645/4/6
f 15644/1/6 15620/1/6 15645/1/6
f 15621/2/6 15622/2/6 15646/2/6
f 15645/4/6 15621/4/6 15646/4/6
f 15622/1/6 15623/1/6 15647/1/6
f 15646/2/6 15622/2/6 15647/2/6
f 15623/2/6 15624/2/6 15648/2/6
f 15647/1/6 15623/1/6 15648/1/6
f 15648/2/6 15624/2/6 15649/2/6
f 15625/2/6 15626/2/6 15650/2/6
f 15626/2/6 15602/2/6 15651/2/6
f 15650/2/6 15626/2/6 15651/2/6
f 15656/3/6 15657/3/6 15658/3/6
f 15654/3/6 15655/3/6 15659/3/6
f 15658/3/6 15657/3/6 15660/3/6
f 15660/3/6 15657/3/6 15661/3/6
f 15654/3/6 15659/3/6 15662/3/6
f 15660/3/6 15661/3/6 15663/3/6
f 15663/3/6 15661/3/6 15664/3/6
f 15652/3/6 15653/3/6 15666/3/6
f 15666/3/6 15653/3/6 15667/3/6
f 15654/3/6 15662/3/6 15668/3/6
f 15668/3/6 15662/3/6 15669/3/6
f 15663/3/6 15664/3/6 15672/3/6
f 15672/3/6 15664/3/6 15673/3/6
f 15672/3/6 15673/3/6 15675/3/6
f 15673/3/6 15674/3/6 15675/3/6
f 15671/3/6 15672/3/6 15675/3/6
f 15669/3/6 15670/3/6 15675/3/6
f 15668/3/6 15669/3/6 15675/3/6
f 15667/3/6 15668/3/6 15675/3/6
f 15666/3/6 15667/3/6 15675/3/6
f 15665/3/6 15666/3/6 15675/3/6
f 15670/3/6 15671/3/6 15675/3/6
f 15675/3/6 15674/3/6 15676/3/6
f 15676/3/6 15674/3/6 15677/3/6
f 15677/3/6 15674/3/6 15678/3/6
f 15678/3/6 15674/3/6 15679/3/6
f 15679/3/6 15674/3/6 15680/3/6
f 15676/3/6 15677/3/6 15681/3/6
f 15678/3/6 15679/3/6 15682/3/6
f 15676/3/6 15681/3/6 15683/3/6
f 15678/3/6 15682/3/6 15684/3/6
f 15676/3/6 15683/3/6 15685/3/6
f 15678/3/6 15684/3/6 15686/3/6
f 15676/3/6 15685/3/6 15687/3/6
f 15678/3/6 15686/3/6 15688/3/6
f 15687/3/6 15685/3/6 15689/3/6
f 15688/3/6 15686/3/6 15690/3/6
f 15689/3/6 15685/3/6 15691/3/6
f 15690/3/6 15686/3/6 15692/3/6
f 15691/3/6 15685/3/6 15694/3/6
f 15694/3/6 15685/3/6 15695/3/6
f 15692/3/6 15686/3/6 15696/3/6
f 15696/3/6 15686/3/6 15697/3/6
f 15696/3/6 15697/3/6 15699/3/6
f 15697/3/6 15698/3/6 15699/3/6
f 15693/3/6 15694/3/6 15699/3/6
f 15695/3/6 15696/3/6 15699/3/6
f 15694/3/6 15695/3/6 15699/3/6
f 15699/3/6 15698/3/6 15700/3/6
f 15700/3/6 15698/3/6 15701/3/6
f 15701/3/6 15698/3/6 15702/3/6
f 15702/3/6 15698/3/6 15703/3/6
f 15703/3/6 15698/3/6 15704/3/6
f 15704/3/6 15698/3/6 15705/3/6
f 15705/3/6 15698/3/6 15706/3/6
f 15706/3/6 15698/3/6 15707/3/6
f 15707/3/6 15698/3/6 15708/3/6
f 15708/3/6 15698/3/6 15709/3/6
f 15709/3/6 15698/3/6 15710/3/6
f 15710/3/6 15698/3/6 15711/3/6
f 15711/3/6 15698/3/6 15712/3/6
f 15712/3/6 15698/3/6 15713/3/6
f 15713/3/6 15698/3/6 15714/3/6
f 15714/3/6 15698/3/6 15715/3/6
f 15715/3/6 15698/3/6 15716/3/6
f 15716/3/6 15698/3/6 15717/3/6
f 15717/3/6 15698/3/6 15718/3/6
f 15718/3/6 15698/3/6 15719/3/6
f 15719/3/6 15698/3/6 15720/3/6
f 15720/3/6 15698/3/6 15721/3/6
f 15707/3/6 15708/3/6 15722/3/6
f 15722/3/6 15708/3/6 15723/3/6
f 15723/3/6 15708/3/6 15724/3/6
f 15724/3/6 15708/3/6 15725/3/6
f 15714/3/6 15715/3/6 15726/3/6
f 15726/3/6 15715/3/6 15727/3/6
f 15727/3/6 15715/3/6 15728/3/6
f 15723/3/6 15724/3/6 15729/3/6
f 15723/3/6 15729/3/6 15730/3/6
f 15730/3/6 15729/3/6 15731/3/6
f 15727/3/6 15728/3/6 15732/3/6
f 15730/3/6 15731/3/6 15733/3/6
f 15732/3/6 15728/3/6 15734/3/6
f 15733/3/6 15731/3/6 15735/3/6
f 15735/3/6 15731/3/6 15736/3/6
f 15734/3/6 15728/3/6 15737/3/6
f 15735/3/6 15736/3/6 15738/3/6
f 15735/3/6 15738/3/6 15739/3/6
f 15737/3/6 15728/3/6 15740/3/6
f 15739/3/6 15738/3/6 15741/3/6
f 15741/3/6 15738/3/6 15742/3/6
f 15740/3/6 15728/3/6 15743/3/6
f 15741/3/6 15742/3/6 15744/3/6
f 15744/3/6 15742/3/6 15745/3/6
f 15743/3/6 15728/3/6 15746/3/6
f 15744/3/6 15745/3/6 15747/3/6
f 15746/3/6 15728/3/6 15748/3/6
f 15747/3/6 15745/3/6 15749/3/6
f 15748/3/6 15728/3/6 15750/3/6
f 15749/3/6 15745/3/6 15752/3/6
f 15752/3/6 15745/3/6 15753/3/6
f 15750/3/6 15728/3/6 15756/3/6
f 15756/3/6 15728/3/6 15757/3/6
f 15753/3/6 15754/3/6 15766/3/6
f 15751/3/6 15752/3/6 15766/3/6
f 15752/3/6 15753/3/6 15766/3/6
f 15766/3/6 15754/3/6 15767/3/6
f 15755/3/6 15756/3/6 15773/3/6
f 15756/3/6 15757/3/6 15773/3/6
f 15773/3/6 15757/3/6 15774/3/6
f 15773/3/6 15774/3/6 15780/3/6
f 15778/3/6 15779/3/6 15780/3/6
f 15777/3/6 15778/3/6 15780/3/6
f 15776/3/6 15777/3/6 15780/3/6
f 15775/3/6 15776/3/6 15780/3/6
f 15774/3/6 15775/3/6 15780/3/6
f 15764/3/6 15765/3/6 15780/3/6
f 15769/3/6 15770/3/6 15780/3/6
f 15768/3/6 15769/3/6 15780/3/6
f 15767/3/6 15768/3/6 15780/3/6
f 15766/3/6 15767/3/6 15780/3/6
f 15765/3/6 15766/3/6 15780/3/6
f 15763/3/6 15764/3/6 15780/3/6
f 15761/3/6 15762/3/6 15780/3/6
f 15760/3/6 15761/3/6 15780/3/6
f 15759/3/6 15760/3/6 15780/3/6
f 15758/3/6 15759/3/6 15780/3/6
f 15772/3/6 15773/3/6 15780/3/6
f 15770/3/6 15771/3/6 15780/3/6
f 15771/3/6 15772/3/6 15780/3/6
f 15762/3/6 15763/3/6 15780/3/6
f 15780/3/6 15779/3/6 15781/3/6
f 15781/3/6 15779/3/6 15782/3/6
f 15782/3/6 15779/3/6 15783/3/6
f 15783/3/6 15779/3/6 15784/3/6
f 15784/3/6 15779/3/6 15785/3/6
f 15785/3/6 15779/3/6 15786/3/6
f 15786/3/6 15779/3/6 15787/3/6
f 15787/3/6 15779/3/6 15788/3/6
f 15788/3/6 15779/3/6 15789/3/6
f 15789/3/6 15779/3/6 15790/3/6
f 15790/3/6 15779/3/6 15791/3/6
f 15791/3/6 15779/3/6 15792/3/6
f 15792/3/6 15779/3/6 15793/3/6
f 15793/3/6 15779/3/6 15794/3/6
f 15794/3/6 15779/3/6 15795/3/6
f 15795/3/6 15779/3/6 15796/3/6
f 15796/3/6 15779/3/6 15797/3/6
f 15797/3/6 15779/3/6 15798/3/6
f 15798/3/6 15779/3/6 15799/3/6
f 15799/3/6 15779/3/6 15800/3/6
f 15800/3/6 15779/3/6 15801/3/6
f 15801/3/6 15779/3/6 15802/3/6
f 15802/3/6 15779/3/6 15803/3/6
f 15803/3/6 15779/3/6 15804/3/6
f 15804/3/6 15779/3/6 15805/3/6
f 15805/3/6 15779/3/6 15806/3/6
f 15784/3/6 15785/3/6 15807/3/6
f 15789/3/6 15790/3/6 15808/3/6
f 15808/3/6 15790/3/6 15809/3/6
f 15797/3/6 15798/3/6 15810/3/6
f 15810/3/6 15798/3/6 15811/3/6
f 15811/3/6 15798/3/6 15812/3/6
f 15812/3/6 15798/3/6 15813/3/6
f 15789/3/6 15808/3/6 15814/3/6
f 15811/3/6 15812/3/6 15815/3/6
f 15815/3/6 15812/3/6 15816/3/6
f 15815/3/6 15816/3/6 15817/3/6
f 15789/3/6 15814/3/6 15818/3/6
f 15817/3/6 15816/3/6 15819/3/6
f 15789/3/6 15818/3/6 15820/3/6
f 15817/3/6 15819/3/6 15821/3/6
f 15789/3/6 15820/3/6 15822/3/6
f 15817/3/6 15821/3/6 15823/3/6
f 15823/3/6 15821/3/6 15824/3/6
f 15823/3/6 15824/3/6 15825/3/6
f 15825/3/6 15824/3/6 15826/3/6
f 15807/3/6 15785/3/6 15827/3/6
f 15827/3/6 15785/3/6 15828/3/6
f 15789/3/6 15822/3/6 15829/3/6
f 15829/3/6 15822/3/6 15830/3/6
f 15826/3/6 15824/3/6 15831/3/6
f 15831/3/6 15824/3/6 15832/3/6
f 15833/4/6 15834/4/6 15839/4/6
f 15839/4/6 15834/4/6 15840/4/6
f 15835/2/6 15836/2/6 15841/2/6
f 15837/2/6 15838/2/6 15842/2/6
f 15841/2/6 15836/2/6 15843/2/6
f 15843/2/6 15836/2/6 15844/2/6
f 15839/2/6 15840/2/6 15845/2/6
f 15845/2/6 15840/2/6 15846/2/6
f 15843/4/6 15844/4/6 15847/4/6
f 15847/4/6 15844/4/6 15848/4/6
f 15837/2/6 15842/2/6 15849/2/6
f 15849/2/6 15842/2/6 15850/2/6
f 15845/1/6 15846/1/6 15851/1/6
f 15851/1/6 15846/1/6 15852/1/6
f 15847/2/6 15848/2/6 15853/2/6
f 15853/2/6 15848/2/6 15854/2/6
f 15849/4/6 15850/4/6 15855/4/6
f 15855/4/6 15850/4/6 15856/4/6
f 15851/4/6 15852/4/6 15857/4/6
f 15857/4/6 15852/4/6 15858/4/6
f 15853/1/6 15854/1/6 15859/1/6
f 15859/1/6 15854/1/6 15860/1/6
f 15855/2/6 15856/2/6 15861/2/6
f 15861/2/6 15856/2/6 15862/2/6
f 15863/2/6 15864/2/6 15871/2/6
f 15865/2/6 15866/2/6 15872/2/6
f 15872/2/6 15866/2/6 15873/2/6
f 15867/2/6 15868/2/6 15874/2/6
f 15869/2/6 15870/2/6 15875/2/6
f 15875/2/6 15870/2/6 15876/2/6
f 15872/4/6 15873/4/6 15877/4/6
f 15877/4/6 15873/4/6 15878/4/6
f 15875/4/6 15876/4/6 15879/4/6
f 15879/4/6 15876/4/6 15880/4/6
f 15871/2/6 15864/2/6 15881/2/6
f 15877/1/6 15878/1/6 15882/1/6
f 15882/1/6 15878/1/6 15883/1/6
f 15874/2/6 15868/2/6 15884/2/6
f 15879/1/6 15880/1/6 15885/1/6
f 15885/1/6 15880/1/6 15886/1/6
f 15881/2/6 15864/2/6 15887/2/6
f 15887/2/6 15864/2/6 15888/2/6
f 15884/2/6 15868/2/6 15889/2/6
f 15889/2/6 15868/2/6 15890/2/6
f 15887/1/6 15888/1/6 15891/1/6
f 15891/1/6 15888/1/6 15892/1/6
f 15889/1/6 15890/1/6 15893/1/6
f 15893/1/6 15890/1/6 15894/1/6
f 15891/4/6 15892/4/6 15895/4/6
f 15895/4/6 15892/4/6 15896/4/6
f 15893/4/6 15894/4/6 15897/4/6
f 15897/4/6 15894/4/6 15898/4/6
f 15885/2/6 15886/2/6 15899/2/6
f 15895/2/6 15896/2/6 15900/2/6
f 15900/2/6 15896/2/6 15901/2/6
f 15882/2/6 15883/2/6 15902/2/6
f 15902/2/6 15883/2/6 15903/2/6
f 15897/2/6 15898/2/6 15904/2/6
f 15904/2/6 15898/2/6 15905/2/6
f 15885/2/6 15899/2/6 15906/2/6
f 15906/2/6 15899/2/6 15907/2/6
f 15908/4/6 15909/4/6 15933/4/6
f 15909/2/6 15910/2/6 15934/2/6
f 15933/4/6 15909/4/6 15934/4/6
f 15910/1/6 15911/1/6 15935/1/6
f 15934/2/6 15910/2/6 15935/2/6
f 15911/2/6 15912/2/6 15936/2/6
f 15935/1/6 15911/1/6 15936/1/6
f 15936/2/6 15912/2/6 15937/2/6
f 15912/4/6 15913/4/6 15938/4/6
f 15937/2/6 15912/2/6 15938/2/6
f 15913/1/6 15914/1/6 15939/1/6
f 15938/4/6 15913/4/6 15939/4/6
f 15914/2/6 15915/2/6 15940/2/6
f 15939/1/6 15914/1/6 15940/1/6
f 15915/4/6 15916/4/6 15941/4/6
f 15940/2/6 15915/2/6 15941/2/6
f 15916/1/6 15917/1/6 15942/1/6
f 15941/4/6 15916/4/6 15942/4/6
f 15942/1/6 15917/1/6 15943/1/6
f 15918/2/6 15919/2/6 15946/2/6
f 15919/1/6 15920/1/6 15947/1/6
f 15946/2/6 15919/2/6 15947/2/6
f 15920/2/6 15921/2/6 15948/2/6
f 15947/1/6 15920/1/6 15948/1/6
f 15921/4/6 15922/4/6 15949/4/6
f 15948/2/6 15921/2/6 15949/2/6
f 15922/2/6 15923/2/6 15950/2/6
f 15949/4/6 15922/4/6 15950/4/6
f 15923/4/6 15924/4/6 15951/4/6
f 15950/2/6 15923/2/6 15951/2/6
f 15951/4/6 15924/4/6 15952/4/6
f 15925/4/6 15926/4/6 15954/4/6
f 15926/2/6 15927/2/6 15955/2/6
f 15954/4/6 15926/4/6 15955/4/6
f 15927/1/6 15928/1/6 15956/1/6
f 15955/2/6 15927/2/6 15956/2/6
f 15928/2/6 15929/2/6 15957/2/6
f 15956/1/6 15928/1/6 15957/1/6
f 15929/1/6 15930/1/6 15958/1/6
f 15957/2/6 15929/2/6 15958/2/6
f 15930/2/6 15931/2/6 15959/2/6
f 15958/1/6 15930/1/6 15959/1/6
f 15931/4/6 15932/4/6 15960/4/6
f 15959/2/6 15931/2/6 15960/2/6
f 15960/4/6 15932/4/6 15961/4/6
f 15945/4/6 15946/4/6 15962/4/6
f 15962/4/6 15946/4/6 15963/4/6
f 15952/2/6 15953/2/6 15964/2/6
f 15943/2/6 15944/2/6 15965/2/6
f 15965/2/6 15944/2/6 15966/2/6
f 15962/1/6 15963/1/6 15967/1/6
f 15967/1/6 15963/1/6 15968/1/6
f 15964/2/6 15953/2/6 15969/2/6
f 15969/2/6 15953/2/6 15970/2/6
f 15965/4/6 15966/4/6 15971/4/6
f 15971/4/6 15966/4/6 15972/4/6
f 15969/4/6 15970/4/6 15973/4/6
f 15973/4/6 15970/4/6 15974/4/6
f 15971/1/6 15972/1/6 15975/1/6
f 15975/1/6 15972/1/6 15976/1/6
f 15967/2/6 15968/2/6 15977/2/6
f 15977/2/6 15968/2/6 15978/2/6
f 15973/1/6 15974/1/6 15979/1/6
f 15979/1/6 15974/1/6 15980/1/6
f 15977/1/6 15978/1/6 15981/1/6
f 15981/1/6 15978/1/6 15982/1/6
f 15979/2/6 15980/2/6 15983/2/6
f 15975/2/6 15976/2/6 15984/2/6
f 15984/2/6 15976/2/6 15985/2/6
f 15985/2/6 15976/2/6 15986/2/6
f 15983/2/6 15980/2/6 15987/2/6
f 15987/2/6 15980/2/6 15988/2/6
f 15985/1/6 15986/1/6 15989/1/6
f 15989/1/6 15986/1/6 15990/1/6
f 15981/2/6 15982/2/6 15991/2/6
f 15991/2/6 15982/2/6 15992/2/6
f 15987/1/6 15988/1/6 15993/1/6
f 15993/1/6 15988/1/6 15994/1/6
f 15989/2/6 15990/2/6 15995/2/6
f 15995/2/6 15990/2/6 15996/2/6
f 15991/1/6 15992/1/6 15997/1/6
f 15997/1/6 15992/1/6 15998/1/6
f 15993/2/6 15994/2/6 15999/2/6
f 15999/2/6 15994/2/6 16000/2/6
f 15995/4/6 15996/4/6 16001/4/6
f 16001/4/6 15996/4/6 16002/4/6
f 15999/4/6 16000/4/6 16003/4/6
f 16003/4/6 16000/4/6 16004/4/6
f 16001/1/6 16002/1/6 16005/1/6
f 16005/1/6 16002/1/6 16006/1/6
f 16003/1/6 16004/1/6 16007/1/6
f 16007/1/6 16004/1/6 16008/1/6
f 16005/2/6 16006/2/6 16022/2/6
f 16022/2/6 16006/2/6 16023/2/6
f 15997/2/6 15998/2/6 16024/2/6
f 16024/2/6 15998/2/6 16025/2/6
f 16007/2/6 16008/2/6 16032/2/6
f 16032/2/6 16008/2/6 16033/2/6
f 16009/1/6 16010/1/6 16042/1/6
f 16010/4/6 16011/4/6 16043/4/6
f 16042/1/6 16010/1/6 16043/1/6
f 16011/2/6 16012/2/6 16044/2/6
f 16043/4/6 16011/4/6 16044/4/6
f 16012/1/6 16013/1/6 16045/1/6
f 16044/2/6 16012/2/6 16045/2/6
f 16013/4/6 16014/4/6 16046/4/6
f 16045/1/6 16013/1/6 16046/1/6
f 16014/2/6 16015/2/6 16047/2/6
f 16046/4/6 16014/4/6 16047/4/6
f 16015/2/6 16016/2/6 16047/2/6
f 16016/2/6 16017/2/6 16047/2/6
f 16017/1/6 16018/1/6 16048/1/6
f 16047/2/6 16017/2/6 16048/2/6
f 16020/2/6 16021/2/6 16049/2/6
f 16048/1/6 16018/1/6 16049/1/6
f 16018/2/6 16019/2/6 16049/2/6
f 16019/2/6 16020/2/6 16049/2/6
f 16021/4/6 16022/4/6 16050/4/6
f 16049/2/6 16021/2/6 16050/2/6
f 16050/4/6 16022/4/6 16051/4/6
f 16025/4/6 16026/4/6 16052/4/6
f 16026/2/6 16027/2/6 16053/2/6
f 16052/4/6 16026/4/6 16053/4/6
f 16027/4/6 16028/4/6 16054/4/6
f 16053/2/6 16027/2/6 16054/2/6
f 16028/2/6 16029/2/6 16055/2/6
f 16054/4/6 16028/4/6 16055/4/6
f 16029/1/6 16030/1/6 16056/1/6
f 16055/2/6 16029/2/6 16056/2/6
f 16031/2/6 16032/2/6 16057/2/6
f 16056/1/6 16030/1/6 16057/1/6
f 16030/2/6 16031/2/6 16057/2/6
f 16057/2/6 16032/2/6 16058/2/6
f 16034/1/6 16035/1/6 16059/1/6
f 16035/4/6 16036/4/6 16060/4/6
f 16059/1/6 16035/1/6 16060/1/6
f 16036/2/6 16037/2/6 16061/2/6
f 16060/4/6 16036/4/6 16061/4/6
f 16037/4/6 16038/4/6 16062/4/6
f 16061/2/6 16037/2/6 16062/2/6
f 16040/2/6 16041/2/6 16063/2/6
f 16062/4/6 16038/4/6 16063/4/6
f 16039/2/6 16040/2/6 16063/2/6
f 16038/2/6 16039/2/6 16063/2/6
f 16063/2/6 16041/2/6 16064/2/6
f 16065/2/6 16066/2/6 16093/2/6
f 16093/2/6 16066/2/6 16094/2/6
f 16066/4/6 16067/4/6 16095/4/6
f 16094/2/6 16066/2/6 16095/2/6
f 16067/2/6 16068/2/6 16096/2/6
f 16095/4/6 16067/4/6 16096/4/6
f 16068/1/6 16069/1/6 16097/1/6
f 16096/2/6 16068/2/6 16097/2/6
f 16097/1/6 16069/1/6 16098/1/6
f 16070/2/6 16071/2/6 16099/2/6
f 16099/2/6 16071/2/6 16100/2/6
f 16100/2/6 16071/2/6 16101/2/6
f 16071/1/6 16072/1/6 16102/1/6
f 16101/2/6 16071/2/6 16102/2/6
f 16072/4/6 16073/4/6 16103/4/6
f 16102/1/6 16072/1/6 16103/1/6
f 16073/2/6 16074/2/6 16104/2/6
f 16103/4/6 16073/4/6 16104/4/6
f 16104/2/6 16074/2/6 16105/2/6
f 16075/2/6 16076/2/6 16107/2/6
f 16107/2/6 16076/2/6 16108/2/6
f 16076/1/6 16077/1/6 16109/1/6
f 16108/2/6 16076/2/6 16109/2/6
f 16077/2/6 16078/2/6 16110/2/6
f 16109/1/6 16077/1/6 16110/1/6
f 16110/2/6 16078/2/6 16111/2/6
f 16078/1/6 16079/1/6 16112/1/6
f 16111/2/6 16078/2/6 16112/2/6
f 16079/2/6 16080/2/6 16113/2/6
f 16112/1/6 16079/1/6 16113/1/6
f 16113/2/6 16080/2/6 16114/2/6
f 16080/1/6 16081/1/6 16115/1/6
f 16114/2/6 16080/2/6 16115/2/6
f 16081/2/6 16082/2/6 16116/2/6
f 16115/1/6 16081/1/6 16116/1/6
f 16116/2/6 16082/2/6 16117/2/6
f 16083/2/6 16084/2/6 16120/2/6
f 16120/2/6 16084/2/6 16121/2/6
f 16084/4/6 16085/4/6 16122/4/6
f 16121/2/6 16084/2/6 16122/2/6
f 16085/1/6 16086/1/6 16123/1/6
f 16122/4/6 16085/4/6 16123/4/6
f 16086/2/6 16087/2/6 16124/2/6
f 16123/1/6 16086/1/6 16124/1/6
f 16124/2/6 16087/2/6 16125/2/6
f 16087/1/6 16088/1/6 16126/1/6
f 16125/2/6 16087/2/6 16126/2/6
f 16088/2/6 16089/2/6 16127/2/6
f 16126/1/6 16088/1/6 16127/1/6
f 16089/4/6 16090/4/6 16128/4/6
f 16127/2/6 16089/2/6 16128/2/6
f 16090/1/6 16091/1/6 16129/1/6
f 16128/4/6 16090/4/6 16129/4/6
f 16091/2/6 16092/2/6 16130/2/6
f 16129/1/6 16091/1/6 16130/1/6
f 16130/2/6 16092/2/6 16131/2/6
f 16117/2/6 16118/2/6 16132/2/6
f 16106/4/6 16107/4/6 16133/4/6
f 16133/4/6 16107/4/6 16134/4/6
f 16132/2/6 16118/2/6 16135/2/6
f 16135/2/6 16118/2/6 16136/2/6
f 16119/4/6 16120/4/6 16137/4/6
f 16137/4/6 16120/4/6 16138/4/6
f 16135/1/6 16136/1/6 16139/1/6
f 16139/1/6 16136/1/6 16140/1/6
f 16133/2/6 16134/2/6 16141/2/6
f 16141/2/6 16134/2/6 16142/2/6
f 16139/2/6 16140/2/6 16143/2/6
f 16137/2/6 16138/2/6 16144/2/6
f 16144/2/6 16138/2/6 16145/2/6
f 16141/1/6 16142/1/6 16146/1/6
f 16146/1/6 16142/1/6 16147/1/6
f 16143/2/6 16140/2/6 16148/2/6
f 16144/1/6 16145/1/6 16149/1/6
f 16149/1/6 16145/1/6 16150/1/6
f 16146/4/6 16147/4/6 16151/4/6
f 16151/4/6 16147/4/6 16152/4/6
f 16148/2/6 16140/2/6 16153/2/6
f 16153/2/6 16140/2/6 16154/2/6
f 16149/4/6 16150/4/6 16155/4/6
f 16155/4/6 16150/4/6 16156/4/6
f 16153/4/6 16154/4/6 16157/4/6
f 16157/4/6 16154/4/6 16158/4/6
f 16151/2/6 16152/2/6 16159/2/6
f 16155/2/6 16156/2/6 16160/2/6
f 16151/2/6 16159/2/6 16161/2/6
f 16155/2/6 16160/2/6 16162/2/6
f 16157/2/6 16158/2/6 16163/2/6
f 16163/2/6 16158/2/6 16164/2/6
f 16151/2/6 16161/2/6 16165/2/6
f 16165/2/6 16161/2/6 16166/2/6
f 16163/4/6 16164/4/6 16167/4/6
f 16167/4/6 16164/4/6 16168/4/6
f 16155/2/6 16162/2/6 16169/2/6
f 16169/2/6 16162/2/6 16170/2/6
f 16165/4/6 16166/4/6 16171/4/6
f 16171/4/6 16166/4/6 16172/4/6
f 16167/1/6 16168/1/6 16173/1/6
f 16173/1/6 16168/1/6 16174/1/6
f 16169/4/6 16170/4/6 16175/4/6
f 16175/4/6 16170/4/6 16176/4/6
f 16177/2/6 16178/2/6 16205/2/6
f 16178/1/6 16179/1/6 16206/1/6
f 16205/2/6 16178/2/6 16206/2/6
f 16179/4/6 16180/4/6 16207/4/6
f 16206/1/6 16179/1/6 16207/1/6
f 16207/4/6 16180/4/6 16208/4/6
f 16181/2/6 16182/2/6 16210/2/6
f 16182/4/6 16183/4/6 16211/4/6
f 16210/2/6 16182/2/6 16211/2/6
f 16183/1/6 16184/1/6 16212/1/6
f 16211/4/6 16183/4/6 16212/4/6
f 16184/2/6 16185/2/6 16213/2/6
f 16212/1/6 16184/1/6 16213/1/6
f 16213/2/6 16185/2/6 16214/2/6
f 16214/2/6 16185/2/6 16215/2/6
f 16185/4/6 16186/4/6 16216/4/6
f 16215/2/6 16185/2/6 16216/2/6
f 16216/4/6 16186/4/6 16217/4/6
f 16187/2/6 16188/2/6 16218/2/6
f 16188/1/6 16189/1/6 16219/1/6
f 16218/2/6 16188/2/6 16219/2/6
f 16189/3/6 16190/3/6 16220/3/6
f 16219/1/6 16189/1/6 16220/1/6
f 16190/1/6 16191/1/6 16221/1/6
f 16220/3/6 16190/3/6 16221/3/6
f 16191/3/6 16192/3/6 16222/3/6
f 16221/1/6 16191/1/6 16222/1/6
f 16192/1/6 16193/1/6 16223/1/6
f 16222/3/6 16192/3/6 16223/3/6
f 16193/4/6 16194/4/6 16224/4/6
f 16223/1/6 16193/1/6 16224/1/6
f 16194/2/6 16195/2/6 16225/2/6
f 16224/4/6 16194/4/6 16225/4/6
f 16195/3/6 16196/3/6 16226/3/6
f 16225/2/6 16195/2/6 16226/2/6
f 16226/3/6 16196/3/6 16227/3/6
f 16197/3/6 16198/3/6 16228/3/6
f 16228/3/6 16198/3/6 16229/3/6
f 16198/4/6 16199/4/6 16230/4/6
f 16229/3/6 16198/3/6 16230/3/6
f 16199/2/6 16200/2/6 16231/2/6
f 16230/4/6 16199/4/6 16231/4/6
f 16231/2/6 16200/2/6 16232/2/6
f 16200/1/6 16201/1/6 16233/1/6
f 16232/2/6 16200/2/6 16233/2/6
f 16201/4/6 16202/4/6 16234/4/6
f 16233/1/6 16201/1/6 16234/1/6
f 16202/2/6 16203/2/6 16235/2/6
f 16234/4/6 16202/4/6 16235/4/6
f 16235/2/6 16203/2/6 16236/2/6
f 16236/2/6 16203/2/6 16237/2/6
f 16205/1/6 16206/1/6 16239/1/6
f 16206/1/6 16207/1/6 16239/1/6
f 16207/1/6 16208/1/6 16239/1/6
f 16208/2/6 16209/2/6 16240/2/6
f 16239/1/6 16208/1/6 16240/1/6
f 16240/2/6 16209/2/6 16241/2/6
f 16210/1/6 16211/1/6 16242/1/6
f 16211/1/6 16212/1/6 16242/1/6
f 16212/1/6 16213/1/6 16242/1/6
f 16213/1/6 16214/1/6 16242/1/6
f 16242/1/6 16214/1/6 16243/1/6
f 16243/1/6 16214/1/6 16244/1/6
f 16214/2/6 16215/2/6 16245/2/6
f 16244/1/6 16214/1/6 16245/1/6
f 16215/1/6 16216/1/6 16246/1/6
f 16245/2/6 16215/2/6 16246/2/6
f 16216/2/6 16217/2/6 16247/2/6
f 16246/1/6 16216/1/6 16247/1/6
f 16247/2/6 16217/2/6 16248/2/6
f 16218/1/6 16219/1/6 16249/1/6
f 16219/1/6 16220/1/6 16249/1/6
f 16220/1/6 16221/1/6 16249/1/6
f 16221/1/6 16222/1/6 16249/1/6
f 16222/1/6 16223/1/6 16249/1/6
f 16249/1/6 16223/1/6 16250/1/6
f 16250/1/6 16223/1/6 16251/1/6
f 16251/1/6 16223/1/6 16252/1/6
f 16223/2/6 16224/2/6 16253/2/6
f 16252/1/6 16223/1/6 16253/1/6
f 16224/1/6 16225/1/6 16254/1/6
f 16226/1/6 16227/1/6 16254/1/6
f 16225/1/6 16226/1/6 16254/1/6
f 16254/1/6 16227/1/6 16255/1/6
f 16255/1/6 16227/1/6 16256/1/6
f 16228/2/6 16229/2/6 16257/2/6
f 16229/1/6 16230/1/6 16258/1/6
f 16257/2/6 16229/2/6 16258/2/6
f 16230/1/6 16231/1/6 16258/1/6
f 16258/1/6 16231/1/6 16259/1/6
f 16233/1/6 16234/1/6 16260/1/6
f 16231/2/6 16232/2/6 16260/2/6
f 16232/1/6 16233/1/6 16260/1/6
f 16235/1/6 16236/1/6 16260/1/6
f 16234/1/6 16235/1/6 16260/1/6
f 16260/1/6 16236/1/6 16261/1/6
f 16237/2/6 16238/2/6 16262/2/6
f 16261/1/6 16236/1/6 16262/1/6
f 16236/2/6 16237/2/6 16262/2/6
f 16262/2/6 16238/2/6 16263/2/6
f 16204/2/6 16205/2/6 16264/2/6
f 16205/1/6 16239/1/6 16265/1/6
f 16264/2/6 16205/2/6 16265/2/6
f 16265/1/6 16239/1/6 16266/1/6
f 16239/2/6 16240/2/6 16267/2/6
f 16266/1/6 16239/1/6 16267/1/6
f 16267/2/6 16240/2/6 16268/2/6
f 16243/4/6 16244/4/6 16269/4/6
f 16242/2/6 16243/2/6 16269/2/6
f 16245/2/6 16246/2/6 16270/2/6
f 16269/4/6 16244/4/6 16270/4/6
f 16246/2/6 16247/2/6 16270/2/6
f 16244/2/6 16245/2/6 16270/2/6
f 16270/2/6 16247/2/6 16271/2/6
f 16271/2/6 16247/2/6 16272/2/6
f 16249/2/6 16250/2/6 16273/2/6
f 16218/1/6 16249/1/6 16273/1/6
f 16273/2/6 16250/2/6 16274/2/6
f 16250/1/6 16251/1/6 16275/1/6
f 16274/2/6 16250/2/6 16275/2/6
f 16251/4/6 16252/4/6 16276/4/6
f 16275/1/6 16251/1/6 16276/1/6
f 16252/2/6 16253/2/6 16277/2/6
f 16276/4/6 16252/4/6 16277/4/6
f 16277/2/6 16253/2/6 16278/2/6
f 16253/2/6 16224/2/6 16279/2/6
f 16278/2/6 16253/2/6 16279/2/6
f 16224/1/6 16254/1/6 16280/1/6
f 16279/2/6 16224/2/6 16280/2/6
f 16254/2/6 16255/2/6 16281/2/6
f 16280/1/6 16254/1/6 16281/1/6
f 16255/4/6 16256/4/6 16282/4/6
f 16281/2/6 16255/2/6 16282/2/6
f 16282/4/6 16256/4/6 16283/4/6
f 16258/2/6 16259/2/6 16284/2/6
f 16257/4/6 16258/4/6 16284/4/6
f 16259/1/6 16231/1/6 16285/1/6
f 16284/2/6 16259/2/6 16285/2/6
f 16260/2/6 16261/2/6 16286/2/6
f 16285/1/6 16231/1/6 16286/1/6
f 16231/2/6 16260/2/6 16286/2/6
f 16286/2/6 16261/2/6 16287/2/6
f 16261/1/6 16262/1/6 16288/1/6
f 16287/2/6 16261/2/6 16288/2/6
f 16262/1/6 16263/1/6 16288/1/6
f 16288/1/6 16263/1/6 16289/1/6
f 16263/2/6 16238/2/6 16290/2/6
f 16289/1/6 16263/1/6 16290/1/6
f 16290/2/6 16238/2/6 16291/2/6
f 16265/1/6 16266/1/6 16292/1/6
f 16264/1/6 16265/1/6 16292/1/6
f 16292/1/6 16266/1/6 16293/1/6
f 16266/2/6 16267/2/6 16294/2/6
f 16293/1/6 16266/1/6 16294/1/6
f 16267/4/6 16268/4/6 16295/4/6
f 16294/2/6 16267/2/6 16295/2/6
f 16268/2/6 16240/2/6 16296/2/6
f 16295/4/6 16268/4/6 16296/4/6
f 16240/1/6 16241/1/6 16297/1/6
f 16296/2/6 16240/2/6 16297/2/6
f 16297/1/6 16241/1/6 16298/1/6
f 16242/2/6 16269/2/6 16299/2/6
f 16299/2/6 16269/2/6 16300/2/6
f 16269/1/6 16270/1/6 16301/1/6
f 16300/2/6 16269/2/6 16301/2/6
f 16271/1/6 16272/1/6 16302/1/6
f 16270/2/6 16271/2/6 16302/2/6
f 16272/2/6 16247/2/6 16303/2/6
f 16302/1/6 16272/1/6 16303/1/6
f 16247/1/6 16248/1/6 16304/1/6
f 16303/2/6 16247/2/6 16304/2/6
f 16304/1/6 16248/1/6 16305/1/6
f 16274/2/6 16275/2/6 16306/2/6
f 16275/2/6 16276/2/6 16306/2/6
f 16273/4/6 16274/4/6 16306/4/6
f 16306/2/6 16276/2/6 16307/2/6
f 16276/1/6 16277/1/6 16308/1/6
f 16307/2/6 16276/2/6 16308/2/6
f 16277/2/6 16278/2/6 16309/2/6
f 16278/4/6 16279/4/6 16309/4/6
f 16279/1/6 16280/1/6 16310/1/6
f 16309/4/6 16279/4/6 16310/4/6
f 16280/4/6 16281/4/6 16311/4/6
f 16310/1/6 16280/1/6 16311/1/6
f 16282/2/6 16283/2/6 16312/2/6
f 16311/4/6 16281/4/6 16312/4/6
f 16281/2/6 16282/2/6 16312/2/6
f 16312/2/6 16283/2/6 16313/2/6
f 16257/4/6 16284/4/6 16314/4/6
f 16284/1/6 16285/1/6 16314/1/6
f 16285/2/6 16286/2/6 16315/2/6
f 16314/1/6 16285/1/6 16315/1/6
f 16315/2/6 16286/2/6 16316/2/6
f 16286/1/6 16287/1/6 16317/1/6
f 16316/2/6 16286/2/6 16317/2/6
f 16287/4/6 16288/4/6 16318/4/6
f 16317/1/6 16287/1/6 16318/1/6
f 16288/2/6 16289/2/6 16319/2/6
f 16318/4/6 16288/4/6 16319/4/6
f 16319/2/6 16289/2/6 16320/2/6
f 16320/2/6 16289/2/6 16321/2/6
f 16321/2/6 16289/2/6 16322/2/6
f 16289/4/6 16290/4/6 16323/4/6
f 16322/2/6 16289/2/6 16323/2/6
f 16323/4/6 16290/4/6 16324/4/6
f 16290/1/6 16291/1/6 16325/1/6
f 16324/4/6 16290/4/6 16325/4/6
f 16325/1/6 16291/1/6 16326/1/6
f 16292/4/6 16293/4/6 16327/4/6
f 16294/1/6 16295/1/6 16328/1/6
f 16327/4/6 16293/4/6 16328/4/6
f 16293/1/6 16294/1/6 16328/1/6
f 16328/1/6 16295/1/6 16329/1/6
f 16295/2/6 16296/2/6 16330/2/6
f 16296/1/6 16297/1/6 16330/1/6
f 16297/2/6 16298/2/6 16331/2/6
f 16330/1/6 16297/1/6 16331/1/6
f 16331/2/6 16298/2/6 16332/2/6
f 16299/1/6 16300/1/6 16333/1/6
f 16300/4/6 16301/4/6 16334/4/6
f 16333/1/6 16300/1/6 16334/1/6
f 16302/2/6 16303/2/6 16335/2/6
f 16270/2/6 16302/2/6 16335/2/6
f 16301/1/6 16270/1/6 16335/1/6
f 16335/2/6 16303/2/6 16336/2/6
f 16303/1/6 16304/1/6 16337/1/6
f 16336/2/6 16303/2/6 16337/2/6
f 16304/2/6 16305/2/6 16338/2/6
f 16337/1/6 16304/1/6 16338/1/6
f 16338/2/6 16305/2/6 16339/2/6
f 16218/1/6 16273/1/6 16340/1/6
f 16273/4/6 16306/4/6 16341/4/6
f 16340/1/6 16273/1/6 16341/1/6
f 16306/4/6 16307/4/6 16341/4/6
f 16341/4/6 16307/4/6 16342/4/6
f 16308/1/6 16277/1/6 16343/1/6
f 16309/2/6 16310/2/6 16343/2/6
f 16310/2/6 16311/2/6 16343/2/6
f 16307/1/6 16308/1/6 16343/1/6
f 16277/2/6 16309/2/6 16343/2/6
f 16343/2/6 16311/2/6 16344/2/6
f 16312/1/6 16313/1/6 16345/1/6
f 16311/1/6 16312/1/6 16345/1/6
f 16345/1/6 16313/1/6 16346/1/6
f 16346/1/6 16313/1/6 16347/1/6
f 16257/4/6 16314/4/6 16348/4/6
f 16314/4/6 16315/4/6 16348/4/6
f 16348/4/6 16315/4/6 16349/4/6
f 16315/1/6 16316/1/6 16350/1/6
f 16349/4/6 16315/4/6 16350/4/6
f 16317/2/6 16318/2/6 16351/2/6
f 16350/1/6 16316/1/6 16351/1/6
f 16316/2/6 16317/2/6 16351/2/6
f 16318/2/6 16319/2/6 16351/2/6
f 16351/2/6 16319/2/6 16352/2/6
f 16319/4/6 16320/4/6 16353/4/6
f 16352/2/6 16319/2/6 16353/2/6
f 16320/1/6 16321/1/6 16354/1/6
f 16353/4/6 16320/4/6 16354/4/6
f 16321/2/6 16322/2/6 16355/2/6
f 16354/1/6 16321/1/6 16355/1/6
f 16323/4/6 16324/4/6 16356/4/6
f 16355/2/6 16322/2/6 16356/2/6
f 16322/4/6 16323/4/6 16356/4/6
f 16356/4/6 16324/4/6 16357/4/6
f 16324/2/6 16325/2/6 16358/2/6
f 16357/4/6 16324/4/6 16358/4/6
f 16325/4/6 16326/4/6 16359/4/6
f 16358/2/6 16325/2/6 16359/2/6
f 16359/4/6 16326/4/6 16360/4/6
f 16328/2/6 16329/2/6 16361/2/6
f 16329/1/6 16295/1/6 16362/1/6
f 16361/2/6 16329/2/6 16362/2/6
f 16295/2/6 16330/2/6 16363/2/6
f 16362/1/6 16295/1/6 16363/1/6
f 16330/4/6 16331/4/6 16364/4/6
f 16363/2/6 16330/2/6 16364/2/6
f 16331/1/6 16332/1/6 16365/1/6
f 16364/4/6 16331/4/6 16365/4/6
f 16365/1/6 16332/1/6 16366/1/6
f 16333/2/6 16334/2/6 16367/2/6
f 16334/4/6 16301/4/6 16368/4/6
f 16367/2/6 16334/2/6 16368/2/6
f 16301/1/6 16335/1/6 16369/1/6
f 16368/4/6 16301/4/6 16369/4/6
f 16335/4/6 16336/4/6 16370/4/6
f 16369/1/6 16335/1/6 16370/1/6
f 16336/2/6 16337/2/6 16371/2/6
f 16370/4/6 16336/4/6 16371/4/6
f 16337/2/6 16338/2/6 16371/2/6
f 16338/1/6 16339/1/6 16372/1/6
f 16371/2/6 16338/2/6 16372/2/6
f 16372/1/6 16339/1/6 16373/1/6
f 16340/2/6 16341/2/6 16374/2/6
f 16341/1/6 16342/1/6 16375/1/6
f 16374/2/6 16341/2/6 16375/2/6
f 16342/4/6 16307/4/6 16376/4/6
f 16375/1/6 16342/1/6 16376/1/6
f 16307/1/6 16343/1/6 16377/1/6
f 16376/4/6 16307/4/6 16377/4/6
f 16343/4/6 16344/4/6 16378/4/6
f 16377/1/6 16343/1/6 16378/1/6
f 16344/2/6 16311/2/6 16379/2/6
f 16378/4/6 16344/4/6 16379/4/6
f 16311/1/6 16345/1/6 16380/1/6
f 16379/2/6 16311/2/6 16380/2/6
f 16345/4/6 16346/4/6 16381/4/6
f 16380/1/6 16345/1/6 16381/1/6
f 16346/2/6 16347/2/6 16382/2/6
f 16381/4/6 16346/4/6 16382/4/6
f 16382/2/6 16347/2/6 16383/2/6
f 16348/1/6 16349/1/6 16384/1/6
f 16349/4/6 16350/4/6 16385/4/6
f 16384/1/6 16349/1/6 16385/1/6
f 16350/2/6 16351/2/6 16386/2/6
f 16385/4/6 16350/4/6 16386/4/6
f 16351/4/6 16352/4/6 16387/4/6
f 16386/2/6 16351/2/6 16387/2/6
f 16352/1/6 16353/1/6 16388/1/6
f 16387/4/6 16352/4/6 16388/4/6
f 16353/2/6 16354/2/6 16389/2/6
f 16388/1/6 16353/1/6 16389/1/6
f 16354/4/6 16355/4/6 16390/4/6
f 16389/2/6 16354/2/6 16390/2/6
f 16356/1/6 16357/1/6 16391/1/6
f 16390/4/6 16355/4/6 16391/4/6
f 16355/1/6 16356/1/6 16391/1/6
f 16357/2/6 16358/2/6 16392/2/6
f 16391/1/6 16357/1/6 16392/1/6
f 16358/2/6 16359/2/6 16392/2/6
f 16392/2/6 16359/2/6 16393/2/6
f 16394/2/6 16395/2/6 16420/2/6
f 16395/1/6 16396/1/6 16421/1/6
f 16420/2/6 16395/2/6 16421/2/6
f 16396/4/6 16397/4/6 16422/4/6
f 16421/1/6 16396/1/6 16422/1/6
f 16397/2/6 16398/2/6 16423/2/6
f 16422/4/6 16397/4/6 16423/4/6
f 16398/4/6 16399/4/6 16424/4/6
f 16423/2/6 16398/2/6 16424/2/6
f 16399/2/6 16400/2/6 16425/2/6
f 16424/4/6 16399/4/6 16425/4/6
f 16400/1/6 16401/1/6 16426/1/6
f 16425/2/6 16400/2/6 16426/2/6
f 16426/1/6 16401/1/6 16427/1/6
f 16402/2/6 16403/2/6 16428/2/6
f 16403/1/6 16404/1/6 16429/1/6
f 16428/2/6 16403/2/6 16429/2/6
f 16404/4/6 16405/4/6 16430/4/6
f 16429/1/6 16404/1/6 16430/1/6
f 16405/2/6 16406/2/6 16431/2/6
f 16430/4/6 16405/4/6 16431/4/6
f 16406/1/6 16407/1/6 16432/1/6
f 16431/2/6 16406/2/6 16432/2/6
f 16407/4/6 16408/4/6 16433/4/6
f 16432/1/6 16407/1/6 16433/1/6
f 16408/2/6 16409/2/6 16434/2/6
f 16433/4/6 16408/4/6 16434/4/6
f 16434/2/6 16409/2/6 16435/2/6
f 16409/1/6 16410/1/6 16436/1/6
f 16435/2/6 16409/2/6 16436/2/6
f 16436/1/6 16410/1/6 16437/1/6
f 16411/2/6 16412/2/6 16438/2/6
f 16438/2/6 16412/2/6 16439/2/6
f 16412/1/6 16413/1/6 16440/1/6
f 16439/2/6 16412/2/6 16440/2/6
f 16440/1/6 16413/1/6 16441/1/6
f 16441/1/6 16413/1/6 16442/1/6
f 16413/2/6 16414/2/6 16443/2/6
f 16414/1/6 16415/1/6 16443/1/6
f 16443/1/6 16415/1/6 16444/1/6
f 16418/2/6 16419/2/6 16445/2/6
f 16445/2/6 16419/2/6 16446/2/6
f 16420/4/6 16421/4/6 16447/4/6
f 16447/4/6 16421/4/6 16448/4/6
f 16421/2/6 16422/2/6 16449/2/6
f 16448/4/6 16421/4/6 16449/4/6
f 16422/1/6 16423/1/6 16450/1/6
f 16449/2/6 16422/2/6 16450/2/6
f 16423/2/6 16424/2/6 16451/2/6
f 16450/1/6 16423/1/6 16451/1/6
f 16424/2/6 16425/2/6 16451/2/6
f 16451/2/6 16425/2/6 16452/2/6
f 16425/4/6 16426/4/6 16453/4/6
f 16452/2/6 16425/2/6 16453/2/6
f 16426/2/6 16427/2/6 16454/2/6
f 16453/4/6 16426/4/6 16454/4/6
f 16428/1/6 16429/1/6 16455/1/6
f 16429/2/6 16430/2/6 16456/2/6
f 16455/1/6 16429/1/6 16456/1/6
f 16430/1/6 16431/1/6 16457/1/6
f 16456/2/6 16430/2/6 16457/2/6
f 16431/2/6 16432/2/6 16458/2/6
f 16457/1/6 16431/1/6 16458/1/6
f 16432/2/6 16433/2/6 16458/2/6
f 16433/2/6 16434/2/6 16458/2/6
f 16458/2/6 16434/2/6 16459/2/6
f 16434/1/6 16435/1/6 16460/1/6
f 16459/2/6 16434/2/6 16460/2/6
f 16435/4/6 16436/4/6 16461/4/6
f 16460/1/6 16435/1/6 16461/1/6
f 16436/2/6 16437/2/6 16462/2/6
f 16461/4/6 16436/4/6 16462/4/6
f 16438/4/6 16439/4/6 16463/4/6
f 16439/2/6 16440/2/6 16464/2/6
f 16463/4/6 16439/4/6 16464/4/6
f 16440/2/6 16441/2/6 16464/2/6
f 16441/4/6 16442/4/6 16465/4/6
f 16464/2/6 16441/2/6 16465/2/6
f 16442/1/6 16413/1/6 16466/1/6
f 16465/4/6 16442/4/6 16466/4/6
f 16413/2/6 16443/2/6 16467/2/6
f 16466/1/6 16413/1/6 16467/1/6
f 16443/4/6 16444/4/6 16468/4/6
f 16467/2/6 16443/2/6 16468/2/6
f 16444/1/6 16415/1/6 16469/1/6
f 16468/4/6 16444/4/6 16469/4/6
f 16415/2/6 16416/2/6 16470/2/6
f 16469/1/6 16415/1/6 16470/1/6
f 16416/4/6 16417/4/6 16471/4/6
f 16470/2/6 16416/2/6 16471/2/6
f 16417/1/6 16418/1/6 16472/1/6
f 16471/4/6 16417/4/6 16472/4/6
f 16418/2/6 16445/2/6 16473/2/6
f 16445/4/6 16446/4/6 16473/4/6
f 16473/4/6 16446/4/6 16474/4/6
f 16447/1/6 16448/1/6 16475/1/6
f 16448/2/6 16449/2/6 16476/2/6
f 16475/1/6 16448/1/6 16476/1/6
f 16449/2/6 16450/2/6 16476/2/6
f 16450/2/6 16451/2/6 16476/2/6
f 16476/2/6 16451/2/6 16477/2/6
f 16451/1/6 16452/1/6 16478/1/6
f 16477/2/6 16451/2/6 16478/2/6
f 16452/2/6 16453/2/6 16479/2/6
f 16478/1/6 16452/1/6 16479/1/6
f 16453/2/6 16454/2/6 16479/2/6
f 16479/2/6 16454/2/6 16480/2/6
f 16454/2/6 16427/2/6 16481/2/6
f 16480/2/6 16454/2/6 16481/2/6
f 16455/2/6 16456/2/6 16482/2/6
f 16456/2/6 16457/2/6 16482/2/6
f 16457/2/6 16458/2/6 16482/2/6
f 16482/2/6 16458/2/6 16483/2/6
f 16458/1/6 16459/1/6 16484/1/6
f 16483/2/6 16458/2/6 16484/2/6
f 16460/2/6 16461/2/6 16485/2/6
f 16484/1/6 16459/1/6 16485/1/6
f 16459/2/6 16460/2/6 16485/2/6
f 16461/2/6 16462/2/6 16485/2/6
f 16485/2/6 16462/2/6 16486/2/6
f 16486/2/6 16462/2/6 16487/2/6
f 16462/2/6 16437/2/6 16488/2/6
f 16487/2/6 16462/2/6 16488/2/6
f 16467/1/6 16468/1/6 16489/1/6
f 16464/1/6 16465/1/6 16489/1/6
f 16463/1/6 16464/1/6 16489/1/6
f 16468/1/6 16469/1/6 16489/1/6
f 16465/1/6 16466/1/6 16489/1/6
f 16466/1/6 16467/1/6 16489/1/6
f 16489/1/6 16469/1/6 16490/1/6
f 16490/1/6 16469/1/6 16491/1/6
f 16491/1/6 16469/1/6 16492/1/6
f 16492/1/6 16469/1/6 16493/1/6
f 16493/1/6 16469/1/6 16494/1/6
f 16494/1/6 16469/1/6 16495/1/6
f 16495/1/6 16469/1/6 16496/1/6
f 16469/2/6 16470/2/6 16497/2/6
f 16496/1/6 16469/1/6 16497/1/6
f 16470/4/6 16471/4/6 16498/4/6
f 16497/2/6 16470/2/6 16498/2/6
f 16471/1/6 16472/1/6 16499/1/6
f 16498/4/6 16471/4/6 16499/4/6
f 16472/1/6 16418/1/6 16500/1/6
f 16499/1/6 16472/1/6 16500/1/6
f 16418/2/6 16473/2/6 16501/2/6
f 16500/1/6 16418/1/6 16501/1/6
f 16473/1/6 16474/1/6 16502/1/6
f 16501/2/6 16473/2/6 16502/2/6
f 16502/1/6 16474/1/6 16503/1/6
f 16475/2/6 16476/2/6 16504/2/6
f 16476/4/6 16477/4/6 16504/4/6
f 16477/2/6 16478/2/6 16505/2/6
f 16504/4/6 16477/4/6 16505/4/6
f 16479/2/6 16480/2/6 16505/2/6
f 16478/2/6 16479/2/6 16505/2/6
f 16505/2/6 16480/2/6 16506/2/6
f 16480/4/6 16481/4/6 16507/4/6
f 16506/2/6 16480/2/6 16507/2/6
f 16507/4/6 16481/4/6 16508/4/6
f 16482/1/6 16483/1/6 16509/1/6
f 16483/2/6 16484/2/6 16509/2/6
f 16484/2/6 16485/2/6 16509/2/6
f 16509/2/6 16485/2/6 16510/2/6
f 16485/4/6 16486/4/6 16511/4/6
f 16510/2/6 16485/2/6 16511/2/6
f 16486/2/6 16487/2/6 16512/2/6
f 16511/4/6 16486/4/6 16512/4/6
f 16487/4/6 16488/4/6 16513/4/6
f 16512/2/6 16487/2/6 16513/2/6
f 16513/4/6 16488/4/6 16514/4/6
f 16489/2/6 16490/2/6 16515/2/6
f 16490/4/6 16491/4/6 16515/4/6
f 16491/1/6 16492/1/6 16516/1/6
f 16515/4/6 16491/4/6 16516/4/6
f 16492/2/6 16493/2/6 16517/2/6
f 16493/4/6 16494/4/6 16517/4/6
f 16494/1/6 16495/1/6 16518/1/6
f 16517/4/6 16494/4/6 16518/4/6
f 16495/4/6 16496/4/6 16519/4/6
f 16518/1/6 16495/1/6 16519/1/6
f 16496/2/6 16497/2/6 16520/2/6
f 16519/4/6 16496/4/6 16520/4/6
f 16498/2/6 16499/2/6 16520/2/6
f 16497/2/6 16498/2/6 16520/2/6
f 16520/2/6 16499/2/6 16521/2/6
f 16499/4/6 16500/4/6 16522/4/6
f 16521/2/6 16499/2/6 16522/2/6
f 16500/1/6 16501/1/6 16523/1/6
f 16522/4/6 16500/4/6 16523/4/6
f 16501/4/6 16502/4/6 16524/4/6
f 16523/1/6 16501/1/6 16524/1/6
f 16502/2/6 16503/2/6 16525/2/6
f 16524/4/6 16502/4/6 16525/4/6
f 16475/2/6 16504/2/6 16526/2/6
f 16504/1/6 16505/1/6 16526/1/6
f 16505/4/6 16506/4/6 16527/4/6
f 16526/1/6 16505/1/6 16527/1/6
f 16507/1/6 16508/1/6 16528/1/6
f 16527/4/6 16506/4/6 16528/4/6
f 16506/1/6 16507/1/6 16528/1/6
f 16528/1/6 16508/1/6 16529/1/6
f 16529/1/6 16508/1/6 16530/1/6
f 16530/1/6 16508/1/6 16531/1/6
f 16509/4/6 16510/4/6 16532/4/6
f 16482/1/6 16509/1/6 16532/1/6
f 16511/1/6 16512/1/6 16533/1/6
f 16532/4/6 16510/4/6 16533/4/6
f 16510/1/6 16511/1/6 16533/1/6
f 16513/1/6 16514/1/6 16533/1/6
f 16512/1/6 16513/1/6 16533/1/6
f 16533/1/6 16514/1/6 16534/1/6
f 16534/1/6 16514/1/6 16535/1/6
f 16535/1/6 16514/1/6 16536/1/6
f 16536/1/6 16514/1/6 16537/1/6
f 16515/2/6 16516/2/6 16538/2/6
f 16516/1/6 16492/1/6 16538/1/6
f 16492/2/6 16517/2/6 16539/2/6
f 16538/1/6 16492/1/6 16539/1/6
f 16517/2/6 16518/2/6 16539/2/6
f 16539/2/6 16518/2/6 16540/2/6
f 16540/2/6 16518/2/6 16541/2/6
f 16518/1/6 16519/1/6 16542/1/6
f 16541/2/6 16518/2/6 16542/2/6
f 16519/1/6 16520/1/6 16542/1/6
f 16520/1/6 16521/1/6 16542/1/6
f 16542/1/6 16521/1/6 16543/1/6
f 16521/2/6 16522/2/6 16544/2/6
f 16543/1/6 16521/1/6 16544/1/6
f 16522/2/6 16523/2/6 16544/2/6
f 16523/2/6 16524/2/6 16544/2/6
f 16544/2/6 16524/2/6 16545/2/6
f 16545/2/6 16524/2/6 16546/2/6
f 16546/2/6 16524/2/6 16547/2/6
f 16524/1/6 16525/1/6 16548/1/6
f 16547/2/6 16524/2/6 16548/2/6
f 16525/2/6 16503/2/6 16549/2/6
f 16548/1/6 16525/1/6 16549/1/6
f 16475/2/6 16526/2/6 16550/2/6
f 16550/2/6 16526/2/6 16551/2/6
f 16528/4/6 16529/4/6 16552/4/6
f 16527/2/6 16528/2/6 16552/2/6
f 16529/1/6 16530/1/6 16553/1/6
f 16552/4/6 16529/4/6 16553/4/6
f 16530/2/6 16531/2/6 16554/2/6
f 16553/1/6 16530/1/6 16554/1/6
f 16554/2/6 16531/2/6 16555/2/6
f 16533/4/6 16534/4/6 16556/4/6
f 16532/2/6 16533/2/6 16556/2/6
f 16534/2/6 16535/2/6 16557/2/6
f 16556/4/6 16534/4/6 16557/4/6
f 16535/4/6 16536/4/6 16558/4/6
f 16557/2/6 16535/2/6 16558/2/6
f 16536/2/6 16537/2/6 16559/2/6
f 16558/4/6 16536/4/6 16559/4/6
f 16559/2/6 16537/2/6 16560/2/6
f 16515/2/6 16538/2/6 16561/2/6
f 16538/2/6 16539/2/6 16561/2/6
f 16489/2/6 16515/2/6 16561/2/6
f 16561/2/6 16539/2/6 16562/2/6
f 16539/4/6 16540/4/6 16563/4/6
f 16562/2/6 16539/2/6 16563/2/6
f 16540/1/6 16541/1/6 16564/1/6
f 16563/4/6 16540/4/6 16564/4/6
f 16542/2/6 16543/2/6 16565/2/6
f 16564/1/6 16541/1/6 16565/1/6
f 16541/2/6 16542/2/6 16565/2/6
f 16565/2/6 16543/2/6 16566/2/6
f 16566/2/6 16543/2/6 16567/2/6
f 16543/4/6 16544/4/6 16568/4/6
f 16544/1/6 16545/1/6 16568/1/6
f 16545/2/6 16546/2/6 16569/2/6
f 16568/1/6 16545/1/6 16569/1/6
f 16546/4/6 16547/4/6 16570/4/6
f 16569/2/6 16546/2/6 16570/2/6
f 16547/1/6 16548/1/6 16571/1/6
f 16570/4/6 16547/4/6 16571/4/6
f 16548/4/6 16549/4/6 16572/4/6
f 16571/1/6 16548/1/6 16572/1/6
f 16549/2/6 16503/2/6 16573/2/6
f 16572/4/6 16549/4/6 16573/4/6
f 16573/2/6 16503/2/6 16574/2/6
f 16550/4/6 16551/4/6 16575/4/6
f 16551/2/6 16526/2/6 16576/2/6
f 16575/4/6 16551/4/6 16576/4/6
f 16526/4/6 16527/4/6 16577/4/6
f 16576/2/6 16526/2/6 16577/2/6
f 16527/2/6 16552/2/6 16578/2/6
f 16577/4/6 16527/4/6 16578/4/6
f 16552/1/6 16553/1/6 16579/1/6
f 16578/2/6 16552/2/6 16579/2/6
f 16554/1/6 16555/1/6 16579/1/6
f 16553/1/6 16554/1/6 16579/1/6
f 16555/2/6 16531/2/6 16580/2/6
f 16579/1/6 16555/1/6 16580/1/6
f 16580/2/6 16531/2/6 16581/2/6
f 16482/1/6 16532/1/6 16582/1/6
f 16532/2/6 16556/2/6 16583/2/6
f 16582/1/6 16532/1/6 16583/1/6
f 16556/1/6 16557/1/6 16584/1/6
f 16583/2/6 16556/2/6 16584/2/6
f 16557/2/6 16558/2/6 16585/2/6
f 16584/1/6 16557/1/6 16585/1/6
f 16559/1/6 16560/1/6 16586/1/6
f 16585/2/6 16558/2/6 16586/2/6
f 16558/1/6 16559/1/6 16586/1/6
f 16560/2/6 16537/2/6 16587/2/6
f 16586/1/6 16560/1/6 16587/1/6
f 16587/2/6 16537/2/6 16588/2/6
f 16561/1/6 16562/1/6 16589/1/6
f 16562/4/6 16563/4/6 16590/4/6
f 16589/1/6 16562/1/6 16590/1/6
f 16563/2/6 16564/2/6 16591/2/6
f 16590/4/6 16563/4/6 16591/4/6
f 16564/2/6 16565/2/6 16591/2/6
f 16565/4/6 16566/4/6 16592/4/6
f 16591/2/6 16565/2/6 16592/2/6
f 16566/1/6 16567/1/6 16593/1/6
f 16592/4/6 16566/4/6 16593/4/6
f 16567/2/6 16543/2/6 16594/2/6
f 16593/1/6 16567/1/6 16594/1/6
f 16568/4/6 16569/4/6 16595/4/6
f 16594/2/6 16543/2/6 16595/2/6
f 16543/4/6 16568/4/6 16595/4/6
f 16569/1/6 16570/1/6 16596/1/6
f 16595/4/6 16569/4/6 16596/4/6
f 16571/2/6 16572/2/6 16597/2/6
f 16596/1/6 16570/1/6 16597/1/6
f 16570/2/6 16571/2/6 16597/2/6
f 16572/2/6 16573/2/6 16597/2/6
f 16573/4/6 16574/4/6 16598/4/6
f 16597/2/6 16573/2/6 16598/2/6
f 16598/4/6 16574/4/6 16599/4/6
f 16600/2/6 16601/2/6 16620/2/6
f 16601/4/6 16602/4/6 16620/4/6
f 16602/1/6 16603/1/6 16621/1/6
f 16620/4/6 16602/4/6 16621/4/6
f 16621/1/6 16603/1/6 16622/1/6
f 16603/2/6 16604/2/6 16623/2/6
f 16622/1/6 16603/1/6 16623/1/6
f 16604/4/6 16605/4/6 16624/4/6
f 16623/2/6 16604/2/6 16624/2/6
f 16605/1/6 16606/1/6 16625/1/6
f 16624/4/6 16605/4/6 16625/4/6
f 16625/1/6 16606/1/6 16626/1/6
f 16606/2/6 16607/2/6 16627/2/6
f 16626/1/6 16606/1/6 16627/1/6
f 16607/1/6 16608/1/6 16628/1/6
f 16627/2/6 16607/2/6 16628/2/6
f 16628/1/6 16608/1/6 16629/1/6
f 16629/1/6 16608/1/6 16630/1/6
f 16630/1/6 16608/1/6 16631/1/6
f 16608/2/6 16609/2/6 16632/2/6
f 16631/1/6 16608/1/6 16632/1/6
f 16610/1/6 16611/1/6 16633/1/6
f 16611/2/6 16612/2/6 16634/2/6
f 16633/1/6 16611/1/6 16634/1/6
f 16612/1/6 16613/1/6 16635/1/6
f 16613/2/6 16614/2/6 16636/2/6
f 16635/1/6 16613/1/6 16636/1/6
f 16614/1/6 16615/1/6 16637/1/6
f 16636/2/6 16614/2/6 16637/2/6
f 16637/1/6 16615/1/6 16638/1/6
f 16638/1/6 16615/1/6 16639/1/6
f 16639/1/6 16615/1/6 16640/1/6
f 16616/2/6 16617/2/6 16641/2/6
f 16617/1/6 16618/1/6 16642/1/6
f 16641/2/6 16617/2/6 16642/2/6
f 16642/1/6 16618/1/6 16643/1/6
f 16643/1/6 16618/1/6 16644/1/6
f 16644/1/6 16618/1/6 16645/1/6
f 16645/1/6 16618/1/6 16646/1/6
f 16646/1/6 16618/1/6 16647/1/6
f 16647/1/6 16618/1/6 16648/1/6
f 16600/2/6 16620/2/6 16649/2/6
f 16621/1/6 16622/1/6 16649/1/6
f 16620/1/6 16621/1/6 16649/1/6
f 16649/1/6 16622/1/6 16650/1/6
f 16650/1/6 16622/1/6 16651/1/6
f 16622/2/6 16623/2/6 16652/2/6
f 16651/1/6 16622/1/6 16652/1/6
f 16623/2/6 16624/2/6 16652/2/6
f 16624/2/6 16625/2/6 16652/2/6
f 16652/2/6 16625/2/6 16653/2/6
f 16625/1/6 16626/1/6 16654/1/6
f 16626/2/6 16627/2/6 16654/2/6
f 16627/2/6 16628/2/6 16654/2/6
f 16628/2/6 16629/2/6 16654/2/6
f 16654/2/6 16629/2/6 16655/2/6
f 16629/4/6 16630/4/6 16656/4/6
f 16655/2/6 16629/2/6 16656/2/6
f 16630/1/6 16631/1/6 16657/1/6
f 16656/4/6 16630/4/6 16657/4/6
f 16631/2/6 16632/2/6 16658/2/6
f 16657/1/6 16631/1/6 16658/1/6
f 16632/2/6 16609/2/6 16659/2/6
f 16658/2/6 16632/2/6 16659/2/6
f 16610/1/6 16633/1/6 16660/1/6
f 16633/2/6 16634/2/6 16660/2/6
f 16634/2/6 16612/2/6 16661/2/6
f 16660/2/6 16634/2/6 16661/2/6
f 16612/1/6 16635/1/6 16662/1/6
f 16635/2/6 16636/2/6 16662/2/6
f 16636/2/6 16637/2/6 16662/2/6
f 16637/2/6 16638/2/6 16662/2/6
f 16662/2/6 16638/2/6 16663/2/6
f 16639/2/6 16640/2/6 16664/2/6
f 16638/1/6 16639/1/6 16664/1/6
f 16664/2/6 16640/2/6 16665/2/6
f 16641/1/6 16642/1/6 16666/1/6
f 16642/4/6 16643/4/6 16667/4/6
f 16666/1/6 16642/1/6 16667/1/6
f 16643/1/6 16644/1/6 16668/1/6
f 16667/4/6 16643/4/6 16668/4/6
f 16644/4/6 16645/4/6 16669/4/6
f 16668/1/6 16644/1/6 16669/1/6
f 16645/1/6 16646/1/6 16670/1/6
f 16669/4/6 16645/4/6 16670/4/6
f 16647/4/6 16648/4/6 16671/4/6
f 16646/2/6 16647/2/6 16671/2/6
f 16648/1/6 16618/1/6 16672/1/6
f 16671/4/6 16648/4/6 16672/4/6
f 16649/2/6 16650/2/6 16673/2/6
f 16600/2/6 16649/2/6 16673/2/6
f 16650/1/6 16651/1/6 16674/1/6
f 16673/2/6 16650/2/6 16674/2/6
f 16652/4/6 16653/4/6 16675/4/6
f 16674/1/6 16651/1/6 16675/1/6
f 16651/4/6 16652/4/6 16675/4/6
f 16653/2/6 16625/2/6 16676/2/6
f 16675/4/6 16653/4/6 16676/4/6
f 16625/1/6 16654/1/6 16677/1/6
f 16676/2/6 16625/2/6 16677/2/6
f 16654/4/6 16655/4/6 16678/4/6
f 16677/1/6 16654/1/6 16678/1/6
f 16678/4/6 16655/4/6 16679/4/6
f 16655/2/6 16656/2/6 16680/2/6
f 16679/4/6 16655/4/6 16680/4/6
f 16656/2/6 16657/2/6 16680/2/6
f 16680/2/6 16657/2/6 16681/2/6
f 16681/2/6 16657/2/6 16682/2/6
f 16657/1/6 16658/1/6 16683/1/6
f 16682/2/6 16657/2/6 16683/2/6
f 16658/4/6 16659/4/6 16684/4/6
f 16683/1/6 16658/1/6 16684/1/6
f 16684/4/6 16659/4/6 16685/4/6
f 16685/4/6 16659/4/6 16686/4/6
f 16686/4/6 16659/4/6 16687/4/6
f 16610/1/6 16660/1/6 16688/1/6
f 16660/4/6 16661/4/6 16688/4/6
f 16661/2/6 16612/2/6 16689/2/6
f 16688/4/6 16661/4/6 16689/4/6
f 16612/1/6 16662/1/6 16690/1/6
f 16689/2/6 16612/2/6 16690/2/6
f 16663/2/6 16638/2/6 16691/2/6
f 16662/4/6 16663/4/6 16691/4/6
f 16691/2/6 16638/2/6 16692/2/6
f 16638/1/6 16664/1/6 16693/1/6
f 16692/2/6 16638/2/6 16693/2/6
f 16664/4/6 16665/4/6 16694/4/6
f 16693/1/6 16664/1/6 16694/1/6
f 16694/4/6 16665/4/6 16695/4/6
f 16669/2/6 16670/2/6 16696/2/6
f 16668/2/6 16669/2/6 16696/2/6
f 16667/2/6 16668/2/6 16696/2/6
f 16666/2/6 16667/2/6 16696/2/6
f 16696/2/6 16670/2/6 16697/2/6
f 16697/2/6 16670/2/6 16698/2/6
f 16698/2/6 16670/2/6 16699/2/6
f 16699/2/6 16670/2/6 16700/2/6
f 16646/2/6 16671/2/6 16701/2/6
f 16670/1/6 16646/1/6 16701/1/6
f 16671/2/6 16672/2/6 16701/2/6
f 16672/1/6 16618/1/6 16702/1/6
f 16701/2/6 16672/2/6 16702/2/6
f 16618/2/6 16619/2/6 16703/2/6
f 16702/1/6 16618/1/6 16703/1/6
f 16703/2/6 16619/2/6 16704/2/6
f 16674/1/6 16675/1/6 16705/1/6
f 16673/1/6 16674/1/6 16705/1/6
f 16678/1/6 16679/1/6 16705/1/6
f 16676/1/6 16677/1/6 16705/1/6
f 16677/1/6 16678/1/6 16705/1/6
f 16675/1/6 16676/1/6 16705/1/6
f 16705/1/6 16679/1/6 16706/1/6
f 16706/1/6 16679/1/6 16707/1/6
f 16707/1/6 16679/1/6 16708/1/6
f 16679/4/6 16680/4/6 16709/4/6
f 16708/1/6 16679/1/6 16709/1/6
f 16680/4/6 16681/4/6 16709/4/6
f 16681/2/6 16682/2/6 16710/2/6
f 16709/4/6 16681/4/6 16710/4/6
f 16682/1/6 16683/1/6 16711/1/6
f 16710/2/6 16682/2/6 16711/2/6
f 16684/1/6 16685/1/6 16711/1/6
f 16683/1/6 16684/1/6 16711/1/6
f 16685/4/6 16686/4/6 16712/4/6
f 16711/1/6 16685/1/6 16712/1/6
f 16686/1/6 16687/1/6 16713/1/6
f 16712/4/6 16686/4/6 16713/4/6
f 16713/1/6 16687/1/6 16714/1/6
f 16610/1/6 16688/1/6 16715/1/6
f 16689/1/6 16690/1/6 16715/1/6
f 16688/1/6 16689/1/6 16715/1/6
f 16690/1/6 16662/1/6 16716/1/6
f 16715/1/6 16690/1/6 16716/1/6
f 16691/4/6 16692/4/6 16716/4/6
f 16662/4/6 16691/4/6 16716/4/6
f 16694/1/6 16695/1/6 16717/1/6
f 16716/4/6 16692/4/6 16717/4/6
f 16693/1/6 16694/1/6 16717/1/6
f 16692/1/6 16693/1/6 16717/1/6
f 16717/1/6 16695/1/6 16718/1/6
f 16697/2/6 16698/2/6 16719/2/6
f 16696/1/6 16697/1/6 16719/1/6
f 16698/1/6 16699/1/6 16720/1/6
f 16719/2/6 16698/2/6 16720/2/6
f 16699/4/6 16700/4/6 16721/4/6
f 16720/1/6 16699/1/6 16721/1/6
f 16700/2/6 16670/2/6 16722/2/6
f 16721/4/6 16700/4/6 16722/4/6
f 16701/1/6 16702/1/6 16723/1/6
f 16722/2/6 16670/2/6 16723/2/6
f 16670/1/6 16701/1/6 16723/1/6
f 16703/1/6 16704/1/6 16723/1/6
f 16702/1/6 16703/1/6 16723/1/6
f 16723/1/6 16704/1/6 16724/1/6
f 16724/1/6 16704/1/6 16725/1/6
f 16725/1/6 16704/1/6 16726/1/6
f 16726/1/6 16704/1/6 16727/1/6
f 16705/3/6 16706/3/6 16728/3/6
f 16706/1/6 16707/1/6 16729/1/6
f 16728/3/6 16706/3/6 16729/3/6
f 16707/2/6 16708/2/6 16730/2/6
f 16729/1/6 16707/1/6 16730/1/6
f 16730/2/6 16708/2/6 16731/2/6
f 16731/2/6 16708/2/6 16732/2/6
f 16708/1/6 16709/1/6 16733/1/6
f 16732/2/6 16708/2/6 16733/2/6
f 16709/1/6 16710/1/6 16733/1/6
f 16710/1/6 16711/1/6 16733/1/6
f 16733/1/6 16711/1/6 16734/1/6
f 16734/1/6 16711/1/6 16735/1/6
f 16711/2/6 16712/2/6 16736/2/6
f 16735/1/6 16711/1/6 16736/1/6
f 16736/2/6 16712/2/6 16737/2/6
f 16712/1/6 16713/1/6 16738/1/6
f 16713/2/6 16714/2/6 16738/2/6
f 16738/2/6 16714/2/6 16739/2/6
f 16715/2/6 16716/2/6 16740/2/6
f 16740/2/6 16716/2/6 16741/2/6
f 16716/1/6 16717/1/6 16742/1/6
f 16741/2/6 16716/2/6 16742/2/6
f 16742/1/6 16717/1/6 16743/1/6
f 16717/2/6 16718/2/6 16744/2/6
f 16743/1/6 16717/1/6 16744/1/6
f 16744/2/6 16718/2/6 16745/2/6
f 16745/2/6 16718/2/6 16746/2/6
f 16746/2/6 16718/2/6 16747/2/6
f 16721/1/6 16722/1/6 16748/1/6
f 16720/1/6 16721/1/6 16748/1/6
f 16719/1/6 16720/1/6 16748/1/6
f 16696/1/6 16719/1/6 16748/1/6
f 16722/1/6 16723/1/6 16748/1/6
f 16748/1/6 16723/1/6 16749/1/6
f 16749/1/6 16723/1/6 16750/1/6
f 16750/1/6 16723/1/6 16751/1/6
f 16751/1/6 16723/1/6 16752/1/6
f 16723/2/6 16724/2/6 16753/2/6
f 16752/1/6 16723/1/6 16753/1/6
f 16724/4/6 16725/4/6 16754/4/6
f 16753/2/6 16724/2/6 16754/2/6
f 16725/1/6 16726/1/6 16755/1/6
f 16754/4/6 16725/4/6 16755/4/6
f 16726/3/6 16727/3/6 16756/3/6
f 16755/1/6 16726/1/6 16756/1/6
f 16756/3/6 16727/3/6 16757/3/6
f 16728/1/6 16729/1/6 16758/1/6
f 16729/4/6 16730/4/6 16759/4/6
f 16758/1/6 16729/1/6 16759/1/6
f 16730/1/6 16731/1/6 16760/1/6
f 16759/4/6 16730/4/6 16760/4/6
f 16734/4/6 16735/4/6 16761/4/6
f 16732/2/6 16733/2/6 16761/2/6
f 16733/2/6 16734/2/6 16761/2/6
f 16735/1/6 16736/1/6 16762/1/6
f 16761/4/6 16735/4/6 16762/4/6
f 16737/2/6 16712/2/6 16763/2/6
f 16712/1/6 16738/1/6 16764/1/6
f 16763/2/6 16712/2/6 16764/2/6
f 16739/2/6 16714/2/6 16765/2/6
f 16738/4/6 16739/4/6 16765/4/6
f 16765/2/6 16714/2/6 16766/2/6
f 16744/4/6 16745/4/6 16767/4/6
f 16743/4/6 16744/4/6 16767/4/6
f 16742/2/6 16743/2/6 16767/2/6
f 16741/2/6 16742/2/6 16767/2/6
f 16767/4/6 16745/4/6 16768/4/6
f 16745/2/6 16746/2/6 16769/2/6
f 16746/4/6 16747/4/6 16770/4/6
f 16769/2/6 16746/2/6 16770/2/6
f 16748/4/6 16749/4/6 16771/4/6
f 16749/1/6 16750/1/6 16772/1/6
f 16771/4/6 16749/4/6 16772/4/6
f 16751/4/6 16752/4/6 16773/4/6
f 16752/2/6 16753/2/6 16773/2/6
f 16753/2/6 16754/2/6 16773/2/6
f 16754/2/6 16755/2/6 16773/2/6
f 16773/2/6 16755/2/6 16774/2/6
f 16755/1/6 16756/1/6 16775/1/6
f 16756/1/6 16757/1/6 16775/1/6
f 16775/1/6 16757/1/6 16776/1/6
f 16758/3/6 16759/3/6 16777/3/6
f 16759/2/6 16760/2/6 16778/2/6
f 16777/3/6 16759/3/6 16778/3/6
f 16731/4/6 16732/4/6 16779/4/6
f 16760/1/6 16731/1/6 16779/1/6
f 16761/2/6 16762/2/6 16780/2/6
f 16779/4/6 16732/4/6 16780/4/6
f 16732/2/6 16761/2/6 16780/2/6
f 16780/2/6 16762/2/6 16781/2/6
f 16781/2/6 16762/2/6 16782/2/6
f 16762/1/6 16736/1/6 16783/1/6
f 16782/2/6 16762/2/6 16783/2/6
f 16736/4/6 16737/4/6 16784/4/6
f 16783/1/6 16736/1/6 16784/1/6
f 16737/2/6 16763/2/6 16785/2/6
f 16784/4/6 16737/4/6 16785/4/6
f 16763/4/6 16764/4/6 16786/4/6
f 16785/2/6 16763/2/6 16786/2/6
f 16764/1/6 16738/1/6 16787/1/6
f 16786/4/6 16764/4/6 16787/4/6
f 16765/4/6 16766/4/6 16788/4/6
f 16787/1/6 16738/1/6 16788/1/6
f 16738/4/6 16765/4/6 16788/4/6
f 16788/4/6 16766/4/6 16789/4/6
f 16740/1/6 16741/1/6 16790/1/6
f 16767/2/6 16768/2/6 16790/2/6
f 16741/2/6 16767/2/6 16790/2/6
f 16790/2/6 16768/2/6 16791/2/6
f 16768/4/6 16745/4/6 16792/4/6
f 16791/2/6 16768/2/6 16792/2/6
f 16745/2/6 16769/2/6 16793/2/6
f 16792/4/6 16745/4/6 16793/4/6
f 16769/4/6 16770/4/6 16794/4/6
f 16793/2/6 16769/2/6 16794/2/6
f 16770/4/6 16747/4/6 16795/4/6
f 16794/4/6 16770/4/6 16795/4/6
f 16773/4/6 16774/4/6 16796/4/6
f 16750/2/6 16751/2/6 16796/2/6
f 16751/4/6 16773/4/6 16796/4/6
f 16796/4/6 16774/4/6 16797/4/6
f 16774/2/6 16755/2/6 16798/2/6
f 16797/4/6 16774/4/6 16798/4/6
f 16798/2/6 16755/2/6 16799/2/6
f 16755/1/6 16775/1/6 16800/1/6
f 16799/2/6 16755/2/6 16800/2/6
f 16775/3/6 16776/3/6 16801/3/6
f 16800/1/6 16775/1/6 16801/1/6
f 16801/3/6 16776/3/6 16802/3/6
f 16777/1/6 16778/1/6 16803/1/6
f 16778/2/6 16760/2/6 16804/2/6
f 16803/1/6 16778/1/6 16804/1/6
f 16760/1/6 16779/1/6 16805/1/6
f 16804/2/6 16760/2/6 16805/2/6
f 16779/1/6 16780/1/6 16805/1/6
f 16780/4/6 16781/4/6 16806/4/6
f 16805/1/6 16780/1/6 16806/1/6
f 16781/2/6 16782/2/6 16807/2/6
f 16806/4/6 16781/4/6 16807/4/6
f 16786/1/6 16787/1/6 16808/1/6
f 16807/2/6 16782/2/6 16808/2/6
f 16782/1/6 16783/1/6 16808/1/6
f 16785/1/6 16786/1/6 16808/1/6
f 16788/1/6 16789/1/6 16808/1/6
f 16787/1/6 16788/1/6 16808/1/6
f 16783/1/6 16784/1/6 16808/1/6
f 16784/1/6 16785/1/6 16808/1/6
f 16808/1/6 16789/1/6 16809/1/6
f 16809/1/6 16789/1/6 16810/1/6
f 16810/1/6 16789/1/6 16811/1/6
f 16811/1/6 16789/1/6 16812/1/6
f 16812/1/6 16789/1/6 16813/1/6
f 16813/1/6 16789/1/6 16814/1/6
f 16790/4/6 16791/4/6 16815/4/6
f 16740/1/6 16790/1/6 16815/1/6
f 16791/1/6 16792/1/6 16816/1/6
f 16815/4/6 16791/4/6 16816/4/6
f 16792/1/6 16793/1/6 16816/1/6
f 16794/1/6 16795/1/6 16816/1/6
f 16793/1/6 16794/1/6 16816/1/6
f 16816/1/6 16795/1/6 16817/1/6
f 16817/1/6 16795/1/6 16818/1/6
f 16818/1/6 16795/1/6 16819/1/6
f 16819/1/6 16795/1/6 16820/1/6
f 16820/1/6 16795/1/6 16821/1/6
f 16821/1/6 16795/1/6 16822/1/6
f 16771/2/6 16772/2/6 16823/2/6
f 16772/1/6 16750/1/6 16824/1/6
f 16823/2/6 16772/2/6 16824/2/6
f 16750/2/6 16796/2/6 16825/2/6
f 16824/1/6 16750/1/6 16825/1/6
f 16796/2/6 16797/2/6 16825/2/6
f 16797/1/6 16798/1/6 16826/1/6
f 16825/2/6 16797/2/6 16826/2/6
f 16798/1/6 16799/1/6 16826/1/6
f 16826/1/6 16799/1/6 16827/1/6
f 16800/2/6 16801/2/6 16828/2/6
f 16827/1/6 16799/1/6 16828/1/6
f 16799/2/6 16800/2/6 16828/2/6
f 16801/1/6 16802/1/6 16829/1/6
f 16828/2/6 16801/2/6 16829/2/6
f 16829/1/6 16802/1/6 16830/1/6
f 16803/4/6 16804/4/6 16831/4/6
f 16806/1/6 16807/1/6 16832/1/6
f 16831/4/6 16804/4/6 16832/4/6
f 16805/1/6 16806/1/6 16832/1/6
f 16804/1/6 16805/1/6 16832/1/6
f 16807/1/6 16808/1/6 16832/1/6
f 16808/1/6 16809/1/6 16832/1/6
f 16832/1/6 16809/1/6 16833/1/6
f 16833/1/6 16809/1/6 16834/1/6
f 16834/1/6 16809/1/6 16835/1/6
f 16835/1/6 16809/1/6 16836/1/6
f 16836/1/6 16809/1/6 16837/1/6
f 16809/2/6 16810/2/6 16838/2/6
f 16837/1/6 16809/1/6 16838/1/6
f 16810/4/6 16811/4/6 16839/4/6
f 16838/2/6 16810/2/6 16839/2/6
f 16811/1/6 16812/1/6 16840/1/6
f 16839/4/6 16811/4/6 16840/4/6
f 16840/1/6 16812/1/6 16841/1/6
f 16812/2/6 16813/2/6 16842/2/6
f 16841/1/6 16812/1/6 16842/1/6
f 16813/4/6 16814/4/6 16843/4/6
f 16842/2/6 16813/2/6 16843/2/6
f 16814/1/6 16789/1/6 16844/1/6
f 16843/4/6 16814/4/6 16844/4/6
f 16844/1/6 16789/1/6 16845/1/6
f 16740/1/6 16815/1/6 16846/1/6
f 16815/1/6 16816/1/6 16846/1/6
f 16816/1/6 16817/1/6 16846/1/6
f 16846/1/6 16817/1/6 16847/1/6
f 16817/2/6 16818/2/6 16848/2/6
f 16847/1/6 16817/1/6 16848/1/6
f 16818/4/6 16819/4/6 16849/4/6
f 16848/2/6 16818/2/6 16849/2/6
f 16819/1/6 16820/1/6 16850/1/6
f 16849/4/6 16819/4/6 16850/4/6
f 16820/2/6 16821/2/6 16851/2/6
f 16850/1/6 16820/1/6 16851/1/6
f 16821/4/6 16822/4/6 16852/4/6
f 16851/2/6 16821/2/6 16852/2/6
f 16852/4/6 16822/4/6 16853/4/6
f 16823/1/6 16824/1/6 16854/1/6
f 16824/4/6 16825/4/6 16855/4/6
f 16854/1/6 16824/1/6 16855/1/6
f 16825/1/6 16826/1/6 16856/1/6
f 16855/4/6 16825/4/6 16856/4/6
f 16856/1/6 16826/1/6 16857/1/6
f 16826/4/6 16827/4/6 16858/4/6
f 16857/1/6 16826/1/6 16858/1/6
f 16828/1/6 16829/1/6 16859/1/6
f 16858/4/6 16827/4/6 16859/4/6
f 16827/1/6 16828/1/6 16859/1/6
f 16859/1/6 16829/1/6 16860/1/6
f 16860/1/6 16829/1/6 16861/1/6
f 16829/4/6 16830/4/6 16862/4/6
f 16861/1/6 16829/1/6 16862/1/6
f 16862/4/6 16830/4/6 16863/4/6
f 16833/1/6 16834/1/6 16864/1/6
f 16834/4/6 16835/4/6 16864/4/6
f 16835/2/6 16836/2/6 16865/2/6
f 16864/4/6 16835/4/6 16865/4/6
f 16865/2/6 16836/2/6 16866/2/6
f 16838/2/6 16839/2/6 16867/2/6
f 16837/4/6 16838/4/6 16867/4/6
f 16839/2/6 16840/2/6 16867/2/6
f 16867/2/6 16840/2/6 16868/2/6
f 16840/1/6 16841/1/6 16869/1/6
f 16868/2/6 16840/2/6 16869/2/6
f 16842/2/6 16843/2/6 16870/2/6
f 16841/4/6 16842/4/6 16870/4/6
f 16843/2/6 16844/2/6 16870/2/6
f 16870/2/6 16844/2/6 16871/2/6
f 16844/4/6 16845/4/6 16872/4/6
f 16871/2/6 16844/2/6 16872/2/6
f 16872/4/6 16845/4/6 16873/4/6
f 16846/2/6 16847/2/6 16874/2/6
f 16740/1/6 16846/1/6 16874/1/6
f 16874/2/6 16847/2/6 16875/2/6
f 16849/2/6 16850/2/6 16876/2/6
f 16848/2/6 16849/2/6 16876/2/6
f 16847/4/6 16848/4/6 16876/4/6
f 16876/2/6 16850/2/6 16877/2/6
f 16850/4/6 16851/4/6 16878/4/6
f 16877/2/6 16850/2/6 16878/2/6
f 16852/2/6 16853/2/6 16879/2/6
f 16878/4/6 16851/4/6 16879/4/6
f 16851/2/6 16852/2/6 16879/2/6
f 16879/2/6 16853/2/6 16880/2/6
f 16880/2/6 16853/2/6 16881/2/6
f 16857/2/6 16858/2/6 16882/2/6
f 16858/2/6 16859/2/6 16882/2/6
f 16859/4/6 16860/4/6 16882/4/6
f 16860/2/6 16861/2/6 16883/2/6
f 16882/4/6 16860/4/6 16883/4/6
f 16831/2/6 16832/2/6 16884/2/6
f 16832/2/6 16833/2/6 16884/2/6
f 16884/2/6 16833/2/6 16885/2/6
f 16865/4/6 16866/4/6 16886/4/6
f 16864/1/6 16865/1/6 16886/1/6
f 16866/2/6 16836/2/6 16887/2/6
f 16886/4/6 16866/4/6 16887/4/6
f 16836/1/6 16837/1/6 16888/1/6
f 16887/2/6 16836/2/6 16888/2/6
f 16867/4/6 16868/4/6 16889/4/6
f 16888/1/6 16837/1/6 16889/1/6
f 16837/4/6 16867/4/6 16889/4/6
f 16868/1/6 16869/1/6 16890/1/6
f 16889/4/6 16868/4/6 16890/4/6
f 16890/1/6 16869/1/6 16891/1/6
f 16870/4/6 16871/4/6 16892/4/6
f 16891/1/6 16869/1/6 16892/1/6
f 16869/1/6 16841/1/6 16892/1/6
f 16841/4/6 16870/4/6 16892/4/6
f 16892/4/6 16871/4/6 16893/4/6
f 16893/4/6 16871/4/6 16894/4/6
f 16872/1/6 16873/1/6 16895/1/6
f 16894/4/6 16871/4/6 16895/4/6
f 16871/1/6 16872/1/6 16895/1/6
f 16895/1/6 16873/1/6 16896/1/6
f 16874/4/6 16875/4/6 16897/4/6
f 16740/1/6 16874/1/6 16897/1/6
f 16875/2/6 16847/2/6 16898/2/6
f 16897/4/6 16875/4/6 16898/4/6
f 16876/4/6 16877/4/6 16899/4/6
f 16898/2/6 16847/2/6 16899/2/6
f 16847/4/6 16876/4/6 16899/4/6
f 16877/1/6 16878/1/6 16900/1/6
f 16899/4/6 16877/4/6 16900/4/6
f 16879/4/6 16880/4/6 16901/4/6
f 16900/1/6 16878/1/6 16901/1/6
f 16878/4/6 16879/4/6 16901/4/6
f 16901/4/6 16880/4/6 16902/4/6
f 16880/1/6 16881/1/6 16903/1/6
f 16902/4/6 16880/4/6 16903/4/6
f 16903/1/6 16881/1/6 16904/1/6
f 16854/2/6 16855/2/6 16905/2/6
f 16855/2/6 16856/2/6 16905/2/6
f 16856/1/6 16857/1/6 16906/1/6
f 16905/2/6 16856/2/6 16906/2/6
f 16857/2/6 16882/2/6 16907/2/6
f 16906/1/6 16857/1/6 16907/1/6
f 16882/2/6 16883/2/6 16907/2/6
f 16907/2/6 16883/2/6 16908/2/6
f 16908/2/6 16883/2/6 16909/2/6
f 16883/2/6 16861/2/6 16910/2/6
f 16909/2/6 16883/2/6 16910/2/6
f 16910/2/6 16861/2/6 16911/2/6
f 16861/1/6 16862/1/6 16912/1/6
f 16911/2/6 16861/2/6 16912/2/6
f 16862/2/6 16863/2/6 16913/2/6
f 16912/1/6 16862/1/6 16913/1/6
f 16913/2/6 16863/2/6 16914/2/6
f 16884/3/6 16885/3/6 16915/3/6
f 16885/2/6 16833/2/6 16916/2/6
f 16915/3/6 16885/3/6 16916/3/6
f 16889/1/6 16890/1/6 16917/1/6
f 16916/2/6 16833/2/6 16917/2/6
f 16887/1/6 16888/1/6 16917/1/6
f 16864/1/6 16886/1/6 16917/1/6
f 16888/1/6 16889/1/6 16917/1/6
f 16886/1/6 16887/1/6 16917/1/6
f 16833/1/6 16864/1/6 16917/1/6
f 16890/2/6 16891/2/6 16918/2/6
f 16917/1/6 16890/1/6 16918/1/6
f 16892/1/6 16893/1/6 16919/1/6
f 16918/2/6 16891/2/6 16919/2/6
f 16891/1/6 16892/1/6 16919/1/6
f 16893/4/6 16894/4/6 16920/4/6
f 16919/1/6 16893/1/6 16920/1/6
f 16894/1/6 16895/1/6 16921/1/6
f 16920/4/6 16894/4/6 16921/4/6
f 16895/2/6 16896/2/6 16922/2/6
f 16921/1/6 16895/1/6 16922/1/6
f 16922/2/6 16896/2/6 16923/2/6
f 16901/1/6 16902/1/6 16924/1/6
f 16898/1/6 16899/1/6 16924/1/6
f 16740/1/6 16897/1/6 16924/1/6
f 16899/1/6 16900/1/6 16924/1/6
f 16897/1/6 16898/1/6 16924/1/6
f 16900/1/6 16901/1/6 16924/1/6
f 16902/4/6 16903/4/6 16925/4/6
f 16924/1/6 16902/1/6 16925/1/6
f 16903/2/6 16904/2/6 16926/2/6
f 16925/4/6 16903/4/6 16926/4/6
f 16926/2/6 16904/2/6 16927/2/6
f 16854/2/6 16905/2/6 16928/2/6
f 16905/1/6 16906/1/6 16929/1/6
f 16928/2/6 16905/2/6 16929/2/6
f 16907/1/6 16908/1/6 16929/1/6
f 16906/1/6 16907/1/6 16929/1/6
f 16908/2/6 16909/2/6 16930/2/6
f 16929/1/6 16908/1/6 16930/1/6
f 16909/1/6 16910/1/6 16931/1/6
f 16930/2/6 16909/2/6 16931/2/6
f 16910/4/6 16911/4/6 16932/4/6
f 16931/1/6 16910/1/6 16932/1/6
f 16912/1/6 16913/1/6 16933/1/6
f 16932/4/6 16911/4/6 16933/4/6
f 16911/1/6 16912/1/6 16933/1/6
f 16913/3/6 16914/3/6 16934/3/6
f 16933/1/6 16913/1/6 16934/1/6
f 16934/3/6 16914/3/6 16935/3/6
f 16937/1/6 16938/1/6 16973/1/6
f 16938/4/6 16939/4/6 16973/4/6
f 16939/2/6 16940/2/6 16974/2/6
f 16973/4/6 16939/4/6 16974/4/6
f 16943/1/6 16944/1/6 16975/1/6
f 16944/2/6 16945/2/6 16976/2/6
f 16975/1/6 16944/1/6 16976/1/6
f 16976/2/6 16945/2/6 16977/2/6
f 16945/4/6 16946/4/6 16978/4/6
f 16977/2/6 16945/2/6 16978/2/6
f 16946/1/6 16947/1/6 16979/1/6
f 16978/4/6 16946/4/6 16979/4/6
f 16950/2/6 16951/2/6 16980/2/6
f 16951/1/6 16952/1/6 16980/1/6
f 16952/2/6 16953/2/6 16981/2/6
f 16980/1/6 16952/1/6 16981/1/6
f 16953/4/6 16954/4/6 16982/4/6
f 16981/2/6 16953/2/6 16982/2/6
f 16954/1/6 16955/1/6 16983/1/6
f 16982/4/6 16954/4/6 16983/4/6
f 16955/4/6 16956/4/6 16984/4/6
f 16983/1/6 16955/1/6 16984/1/6
f 16956/2/6 16957/2/6 16985/2/6
f 16984/4/6 16956/4/6 16985/4/6
f 16957/1/6 16958/1/6 16986/1/6
f 16985/2/6 16957/2/6 16986/2/6
f 16958/2/6 16959/2/6 16987/2/6
f 16986/1/6 16958/1/6 16987/1/6
f 16987/2/6 16959/2/6 16988/2/6
f 16962/4/6 16963/4/6 16989/4/6
f 16963/1/6 16964/1/6 16989/1/6
f 16964/2/6 16965/2/6 16990/2/6
f 16989/1/6 16964/1/6 16990/1/6
f 16965/4/6 16966/4/6 16991/4/6
f 16990/2/6 16965/2/6 16991/2/6
f 16966/1/6 16967/1/6 16992/1/6
f 16991/4/6 16966/4/6 16992/4/6
f 16967/4/6 16968/4/6 16993/4/6
f 16992/1/6 16967/1/6 16993/1/6
f 16968/2/6 16969/2/6 16994/2/6
f 16993/4/6 16968/4/6 16994/4/6
f 16969/1/6 16970/1/6 16995/1/6
f 16994/2/6 16969/2/6 16995/2/6
f 16970/2/6 16971/2/6 16996/2/6
f 16995/1/6 16970/1/6 16996/1/6
f 16940/1/6 16941/1/6 16997/1/6
f 16941/2/6 16942/2/6 16997/2/6
f 16997/2/6 16942/2/6 16998/2/6
f 16975/4/6 16976/4/6 16999/4/6
f 16976/2/6 16977/2/6 17000/2/6
f 16999/4/6 16976/4/6 17000/4/6
f 16977/1/6 16978/1/6 17001/1/6
f 17000/2/6 16977/2/6 17001/2/6
f 16978/1/6 16979/1/6 17001/1/6
f 16979/1/6 16947/1/6 17002/1/6
f 17001/1/6 16979/1/6 17002/1/6
f 16947/2/6 16948/2/6 17003/2/6
f 17002/1/6 16947/1/6 17003/1/6
f 17003/2/6 16948/2/6 17004/2/6
f 17004/2/6 16948/2/6 17005/2/6
f 16949/1/6 16950/1/6 17006/1/6
f 16950/2/6 16980/2/6 17006/2/6
f 16980/4/6 16981/4/6 17007/4/6
f 17006/2/6 16980/2/6 17007/2/6
f 16981/1/6 16982/1/6 17008/1/6
f 17007/4/6 16981/4/6 17008/4/6
f 16982/1/6 16983/1/6 17008/1/6
f 16983/1/6 16984/1/6 17008/1/6
f 17008/1/6 16984/1/6 17009/1/6
f 16984/2/6 16985/2/6 17010/2/6
f 17009/1/6 16984/1/6 17010/1/6
f 16985/2/6 16986/2/6 17010/2/6
f 17010/2/6 16986/2/6 17011/2/6
f 16960/1/6 16961/1/6 17012/1/6
f 16961/2/6 16962/2/6 17012/2/6
f 16962/4/6 16989/4/6 17013/4/6
f 17012/2/6 16962/2/6 17013/2/6
f 16989/4/6 16990/4/6 17013/4/6
f 16990/1/6 16991/1/6 17014/1/6
f 17013/4/6 16990/4/6 17014/4/6
f 16991/1/6 16992/1/6 17014/1/6
f 16992/1/6 16993/1/6 17014/1/6
f 17014/1/6 16993/1/6 17015/1/6
f 16994/2/6 16995/2/6 17016/2/6
f 17015/1/6 16993/1/6 17016/1/6
f 16993/2/6 16994/2/6 17016/2/6
f 17016/2/6 16995/2/6 17017/2/6
f 16995/4/6 16996/4/6 17018/4/6
f 17017/2/6 16995/2/6 17018/2/6
f 16996/2/6 16971/2/6 17019/2/6
f 17018/4/6 16996/4/6 17019/4/6
f 16971/3/6 16972/3/6 17020/3/6
f 17019/2/6 16971/2/6 17020/2/6
f 16936/3/6 16937/3/6 17021/3/6
f 16937/1/6 16973/1/6 17022/1/6
f 17021/3/6 16937/3/6 17022/3/6
f 16973/2/6 16974/2/6 17023/2/6
f 17022/1/6 16973/1/6 17023/1/6
f 16974/2/6 16940/2/6 17024/2/6
f 17023/2/6 16974/2/6 17024/2/6
f 16940/1/6 16997/1/6 17025/1/6
f 17024/2/6 16940/2/6 17025/2/6
f 16997/4/6 16998/4/6 17026/4/6
f 17025/1/6 16997/1/6 17026/1/6
f 17026/4/6 16998/4/6 17027/4/6
f 16999/2/6 17000/2/6 17028/2/6
f 17000/1/6 17001/1/6 17029/1/6
f 17028/2/6 17000/2/6 17029/2/6
f 17001/2/6 17002/2/6 17030/2/6
f 17029/1/6 17001/1/6 17030/1/6
f 17003/4/6 17004/4/6 17031/4/6
f 17002/1/6 17003/1/6 17031/1/6
f 17004/1/6 17005/1/6 17032/1/6
f 17031/4/6 17004/4/6 17032/4/6
f 16949/1/6 17006/1/6 17033/1/6
f 17006/1/6 17007/1/6 17033/1/6
f 17007/1/6 17008/1/6 17033/1/6
f 17033/1/6 17008/1/6 17034/1/6
f 17034/1/6 17008/1/6 17035/1/6
f 17011/2/6 16986/2/6 17036/2/6
f 17010/1/6 17011/1/6 17036/1/6
f 17009/1/6 17010/1/6 17036/1/6
f 16986/4/6 16987/4/6 17037/4/6
f 17036/2/6 16986/2/6 17037/2/6
f 16987/1/6 16988/1/6 17038/1/6
f 17037/4/6 16987/4/6 17038/4/6
f 16960/1/6 17012/1/6 17039/1/6
f 17012/1/6 17013/1/6 17039/1/6
f 17013/1/6 17014/1/6 17039/1/6
f 17039/1/6 17014/1/6 17040/1/6
f 17040/1/6 17014/1/6 17041/1/6
f 17018/4/6 17019/4/6 17042/4/6
f 17017/4/6 17018/4/6 17042/4/6
f 17016/1/6 17017/1/6 17042/1/6
f 17015/1/6 17016/1/6 17042/1/6
f 17019/1/6 17020/1/6 17043/1/6
f 17042/4/6 17019/4/6 17043/4/6
f 17020/3/6 16972/3/6 17044/3/6
f 17043/1/6 17020/1/6 17044/1/6
f 17044/3/6 16972/3/6 17045/3/6
f 17021/4/6 17022/4/6 17046/4/6
f 17022/1/6 17023/1/6 17047/1/6
f 17046/4/6 17022/4/6 17047/4/6
f 17023/1/6 17024/1/6 17047/1/6
f 17047/1/6 17024/1/6 17048/1/6
f 17024/4/6 17025/4/6 17049/4/6
f 17048/1/6 17024/1/6 17049/1/6
f 17026/1/6 17027/1/6 17050/1/6
f 17049/4/6 17025/4/6 17050/4/6
f 17025/1/6 17026/1/6 17050/1/6
f 17050/1/6 17027/1/6 17051/1/6
f 17030/2/6 17002/2/6 17052/2/6
f 17029/2/6 17030/2/6 17052/2/6
f 17002/1/6 17031/1/6 17053/1/6
f 17052/2/6 17002/2/6 17053/2/6
f 17031/1/6 17032/1/6 17053/1/6
f 17053/1/6 17032/1/6 17054/1/6
f 17032/1/6 17005/1/6 17055/1/6
f 17054/1/6 17032/1/6 17055/1/6
f 17033/4/6 17034/4/6 17056/4/6
f 16949/1/6 17033/1/6 17056/1/6
f 17034/2/6 17035/2/6 17057/2/6
f 17056/4/6 17034/4/6 17057/4/6
f 17035/1/6 17008/1/6 17058/1/6
f 17057/2/6 17035/2/6 17058/2/6
f 17008/2/6 17009/2/6 17059/2/6
f 17058/1/6 17008/1/6 17059/1/6
f 17036/1/6 17037/1/6 17060/1/6
f 17059/2/6 17009/2/6 17060/2/6
f 17009/1/6 17036/1/6 17060/1/6
f 17037/1/6 17038/1/6 17060/1/6
f 17060/1/6 17038/1/6 17061/1/6
f 17061/1/6 17038/1/6 17062/1/6
f 17038/1/6 16988/1/6 17063/1/6
f 17062/1/6 17038/1/6 17063/1/6
f 17063/1/6 16988/1/6 17064/1/6
f 17039/4/6 17040/4/6 17065/4/6
f 16960/1/6 17039/1/6 17065/1/6
f 17040/2/6 17041/2/6 17066/2/6
f 17065/4/6 17040/4/6 17066/4/6
f 17041/1/6 17014/1/6 17067/1/6
f 17066/2/6 17041/2/6 17067/2/6
f 17014/2/6 17015/2/6 17068/2/6
f 17067/1/6 17014/1/6 17068/1/6
f 17042/1/6 17043/1/6 17069/1/6
f 17068/2/6 17015/2/6 17069/2/6
f 17043/1/6 17044/1/6 17069/1/6
f 17015/1/6 17042/1/6 17069/1/6
f 17069/1/6 17044/1/6 17070/1/6
f 17070/1/6 17044/1/6 17071/1/6
f 17071/1/6 17044/1/6 17072/1/6
f 17044/4/6 17045/4/6 17073/4/6
f 17072/1/6 17044/1/6 17073/1/6
f 17073/4/6 17045/4/6 17074/4/6
f 17047/4/6 17048/4/6 17075/4/6
f 17046/2/6 17047/2/6 17075/2/6
f 17048/2/6 17049/2/6 17076/2/6
f 17075/4/6 17048/4/6 17076/4/6
f 17049/1/6 17050/1/6 17077/1/6
f 17076/2/6 17049/2/6 17077/2/6
f 17050/2/6 17051/2/6 17078/2/6
f 17077/1/6 17050/1/6 17078/1/6
f 17028/4/6 17029/4/6 17079/4/6
f 17029/2/6 17052/2/6 17080/2/6
f 17079/4/6 17029/4/6 17080/4/6
f 17053/1/6 17054/1/6 17081/1/6
f 17052/1/6 17053/1/6 17081/1/6
f 17081/1/6 17054/1/6 17082/1/6
f 16949/1/6 17056/1/6 17083/1/6
f 17057/2/6 17058/2/6 17084/2/6
f 17083/1/6 17056/1/6 17084/1/6
f 17056/2/6 17057/2/6 17084/2/6
f 17058/2/6 17059/2/6 17084/2/6
f 17084/2/6 17059/2/6 17085/2/6
f 17060/1/6 17061/1/6 17086/1/6
f 17085/2/6 17059/2/6 17086/2/6
f 17059/1/6 17060/1/6 17086/1/6
f 17086/1/6 17061/1/6 17087/1/6
f 17087/1/6 17061/1/6 17088/1/6
f 17088/1/6 17061/1/6 17089/1/6
f 17061/2/6 17062/2/6 17090/2/6
f 17062/1/6 17063/1/6 17090/1/6
f 17063/2/6 17064/2/6 17091/2/6
f 17090/1/6 17063/1/6 17091/1/6
f 17091/2/6 17064/2/6 17092/2/6
f 16960/1/6 17065/1/6 17093/1/6
f 17067/2/6 17068/2/6 17094/2/6
f 17093/1/6 17065/1/6 17094/1/6
f 17065/2/6 17066/2/6 17094/2/6
f 17066/2/6 17067/2/6 17094/2/6
f 17094/2/6 17068/2/6 17095/2/6
f 17068/1/6 17069/1/6 17096/1/6
f 17095/2/6 17068/2/6 17096/2/6
f 17069/1/6 17070/1/6 17096/1/6
f 17096/1/6 17070/1/6 17097/1/6
f 17097/1/6 17070/1/6 17098/1/6
f 17098/1/6 17070/1/6 17099/1/6
f 17071/1/6 17072/1/6 17100/1/6
f 17070/2/6 17071/2/6 17100/2/6
f 17073/2/6 17074/2/6 17101/2/6
f 17100/1/6 17072/1/6 17101/1/6
f 17072/2/6 17073/2/6 17101/2/6
f 17046/2/6 17075/2/6 17102/2/6
f 17075/1/6 17076/1/6 17103/1/6
f 17102/2/6 17075/2/6 17103/2/6
f 17076/2/6 17077/2/6 17104/2/6
f 17077/4/6 17078/4/6 17104/4/6
f 17078/2/6 17051/2/6 17105/2/6
f 17104/4/6 17078/4/6 17105/4/6
f 17105/2/6 17051/2/6 17106/2/6
f 17106/2/6 17051/2/6 17107/2/6
f 17079/1/6 17080/1/6 17108/1/6
f 17080/2/6 17052/2/6 17109/2/6
f 17108/1/6 17080/1/6 17109/1/6
f 17081/4/6 17082/4/6 17110/4/6
f 17052/1/6 17081/1/6 17110/1/6
f 17082/1/6 17054/1/6 17111/1/6
f 17110/4/6 17082/4/6 17111/4/6
f 17054/2/6 17055/2/6 17112/2/6
f 17111/1/6 17054/1/6 17112/1/6
f 17112/2/6 17055/2/6 17113/2/6
f 17113/2/6 17055/2/6 17114/2/6
f 17084/2/6 17085/2/6 17115/2/6
f 17083/2/6 17084/2/6 17115/2/6
f 17115/2/6 17085/2/6 17116/2/6
f 17087/4/6 17088/4/6 17117/4/6
f 17086/1/6 17087/1/6 17117/1/6
f 17088/2/6 17089/2/6 17118/2/6
f 17117/4/6 17088/4/6 17118/4/6
f 17061/2/6 17090/2/6 17119/2/6
f 17089/1/6 17061/1/6 17119/1/6
f 17119/2/6 17090/2/6 17120/2/6
f 17094/2/6 17095/2/6 17121/2/6
f 17093/2/6 17094/2/6 17121/2/6
f 17121/2/6 17095/2/6 17122/2/6
f 17122/2/6 17095/2/6 17123/2/6
f 17095/4/6 17096/4/6 17124/4/6
f 17123/2/6 17095/2/6 17124/2/6
f 17096/1/6 17097/1/6 17125/1/6
f 17124/4/6 17096/4/6 17125/4/6
f 17097/4/6 17098/4/6 17126/4/6
f 17125/1/6 17097/1/6 17126/1/6
f 17098/2/6 17099/2/6 17127/2/6
f 17126/4/6 17098/4/6 17127/4/6
f 17099/1/6 17070/1/6 17128/1/6
f 17070/2/6 17100/2/6 17128/2/6
f 17128/2/6 17100/2/6 17129/2/6
f 17100/4/6 17101/4/6 17130/4/6
f 17129/2/6 17100/2/6 17130/2/6
f 17101/2/6 17074/2/6 17131/2/6
f 17130/4/6 17101/4/6 17131/4/6
f 17131/2/6 17074/2/6 17132/2/6
f 17102/1/6 17103/1/6 17133/1/6
f 17103/1/6 17076/1/6 17134/1/6
f 17133/1/6 17103/1/6 17134/1/6
f 17076/2/6 17104/2/6 17135/2/6
f 17134/1/6 17076/1/6 17135/1/6
f 17104/2/6 17105/2/6 17135/2/6
f 17105/2/6 17106/2/6 17135/2/6
f 17135/2/6 17106/2/6 17136/2/6
f 17106/4/6 17107/4/6 17137/4/6
f 17136/2/6 17106/2/6 17137/2/6
f 17137/4/6 17107/4/6 17138/4/6
f 17108/2/6 17109/2/6 17139/2/6
f 17109/2/6 17052/2/6 17140/2/6
f 17139/2/6 17109/2/6 17140/2/6
f 17052/1/6 17110/1/6 17141/1/6
f 17140/2/6 17052/2/6 17141/2/6
f 17110/2/6 17111/2/6 17142/2/6
f 17141/1/6 17110/1/6 17142/1/6
f 17111/1/6 17112/1/6 17143/1/6
f 17142/2/6 17111/2/6 17143/2/6
f 17112/4/6 17113/4/6 17144/4/6
f 17143/1/6 17112/1/6 17144/1/6
f 17113/1/6 17114/1/6 17145/1/6
f 17144/4/6 17113/4/6 17145/4/6
f 17145/1/6 17114/1/6 17146/1/6
f 17116/2/6 17085/2/6 17147/2/6
f 17115/1/6 17116/1/6 17147/1/6
f 17085/4/6 17086/4/6 17148/4/6
f 17147/2/6 17085/2/6 17148/2/6
f 17086/1/6 17117/1/6 17149/1/6
f 17148/4/6 17086/4/6 17149/4/6
f 17117/2/6 17118/2/6 17150/2/6
f 17149/1/6 17117/1/6 17150/1/6
f 17118/2/6 17089/2/6 17151/2/6
f 17150/2/6 17118/2/6 17151/2/6
f 17119/1/6 17120/1/6 17151/1/6
f 17089/1/6 17119/1/6 17151/1/6
f 17151/1/6 17120/1/6 17152/1/6
f 17120/2/6 17090/2/6 17153/2/6
f 17152/1/6 17120/1/6 17153/1/6
f 17090/4/6 17091/4/6 17154/4/6
f 17153/2/6 17090/2/6 17154/2/6
f 17091/1/6 17092/1/6 17155/1/6
f 17154/4/6 17091/4/6 17155/4/6
f 17122/2/6 17123/2/6 17156/2/6
f 17121/1/6 17122/1/6 17156/1/6
f 17125/4/6 17126/4/6 17157/4/6
f 17156/2/6 17123/2/6 17157/2/6
f 17124/4/6 17125/4/6 17157/4/6
f 17123/4/6 17124/4/6 17157/4/6
f 17157/4/6 17126/4/6 17158/4/6
f 17126/2/6 17127/2/6 17159/2/6
f 17158/4/6 17126/4/6 17159/4/6
f 17127/2/6 17099/2/6 17160/2/6
f 17159/2/6 17127/2/6 17160/2/6
f 17099/1/6 17128/1/6 17160/1/6
f 17128/1/6 17129/1/6 17160/1/6
f 17160/1/6 17129/1/6 17161/1/6
f 17129/4/6 17130/4/6 17162/4/6
f 17161/1/6 17129/1/6 17162/1/6
f 17130/4/6 17131/4/6 17162/4/6
f 17131/1/6 17132/1/6 17163/1/6
f 17162/4/6 17131/4/6 17163/4/6
f 17163/1/6 17132/1/6 17164/1/6
f 17164/1/6 17132/1/6 17165/1/6
f 17135/4/6 17136/4/6 17166/4/6
f 17134/1/6 17135/1/6 17166/1/6
f 17137/1/6 17138/1/6 17167/1/6
f 17166/4/6 17136/4/6 17167/4/6
f 17136/1/6 17137/1/6 17167/1/6
f 17167/1/6 17138/1/6 17168/1/6
f 17139/4/6 17140/4/6 17169/4/6
f 17140/1/6 17141/1/6 17170/1/6
f 17169/4/6 17140/4/6 17170/4/6
f 17142/2/6 17143/2/6 17171/2/6
f 17170/1/6 17141/1/6 17171/1/6
f 17141/2/6 17142/2/6 17171/2/6
f 17148/1/6 17149/1/6 17172/1/6
f 17147/1/6 17148/1/6 17172/1/6
f 17115/1/6 17147/1/6 17172/1/6
f 17172/1/6 17149/1/6 17173/1/6
f 17173/1/6 17149/1/6 17174/1/6
f 17152/1/6 17153/1/6 17175/1/6
f 17153/4/6 17154/4/6 17175/4/6
f 17154/2/6 17155/2/6 17176/2/6
f 17175/4/6 17154/4/6 17176/4/6
f 17157/1/6 17158/1/6 17177/1/6
f 17121/1/6 17156/1/6 17177/1/6
f 17156/1/6 17157/1/6 17177/1/6
f 17177/1/6 17158/1/6 17178/1/6
f 17178/1/6 17158/1/6 17179/1/6
f 17133/4/6 17134/4/6 17180/4/6
f 17134/1/6 17166/1/6 17181/1/6
f 17180/4/6 17134/4/6 17181/4/6
f 17166/1/6 17167/1/6 17181/1/6
f 17181/1/6 17167/1/6 17182/1/6
f 17167/2/6 17168/2/6 17183/2/6
f 17182/1/6 17167/1/6 17183/1/6
f 17168/1/6 17138/1/6 17184/1/6
f 17183/2/6 17168/2/6 17184/2/6
f 17184/1/6 17138/1/6 17185/1/6
f 17172/4/6 17173/4/6 17186/4/6
f 17173/2/6 17174/2/6 17187/2/6
f 17186/4/6 17173/4/6 17187/4/6
f 17176/2/6 17155/2/6 17188/2/6
f 17175/2/6 17176/2/6 17188/2/6
f 17155/1/6 17092/1/6 17189/1/6
f 17188/2/6 17155/2/6 17189/2/6
f 17177/4/6 17178/4/6 17190/4/6
f 17178/2/6 17179/2/6 17191/2/6
f 17190/4/6 17178/4/6 17191/4/6
f 17191/2/6 17179/2/6 17192/2/6
f 17179/1/6 17158/1/6 17193/1/6
f 17192/2/6 17179/2/6 17193/2/6
f 17163/2/6 17164/2/6 17194/2/6
f 17162/2/6 17163/2/6 17194/2/6
f 17194/2/6 17164/2/6 17195/2/6
f 17164/4/6 17165/4/6 17196/4/6
f 17195/2/6 17164/2/6 17196/2/6
f 17196/4/6 17165/4/6 17197/4/6
f 17182/2/6 17183/2/6 17198/2/6
f 17183/2/6 17184/2/6 17198/2/6
f 17184/4/6 17185/4/6 17199/4/6
f 17198/2/6 17184/2/6 17199/2/6
f 17199/4/6 17185/4/6 17200/4/6
f 17200/4/6 17185/4/6 17201/4/6
f 17169/1/6 17170/1/6 17202/1/6
f 17170/2/6 17171/2/6 17203/2/6
f 17202/1/6 17170/1/6 17203/1/6
f 17171/2/6 17143/2/6 17204/2/6
f 17203/2/6 17171/2/6 17204/2/6
f 17204/2/6 17143/2/6 17205/2/6
f 17143/4/6 17144/4/6 17206/4/6
f 17205/2/6 17143/2/6 17206/2/6
f 17145/2/6 17146/2/6 17207/2/6
f 17206/4/6 17144/4/6 17207/4/6
f 17144/2/6 17145/2/6 17207/2/6
f 17207/2/6 17146/2/6 17208/2/6
f 17187/2/6 17174/2/6 17209/2/6
f 17186/1/6 17187/1/6 17209/1/6
f 17209/2/6 17174/2/6 17210/2/6
f 17174/1/6 17149/1/6 17211/1/6
f 17210/2/6 17174/2/6 17211/2/6
f 17149/2/6 17150/2/6 17212/2/6
f 17150/2/6 17151/2/6 17212/2/6
f 17151/4/6 17152/4/6 17213/4/6
f 17212/2/6 17151/2/6 17213/2/6
f 17152/1/6 17175/1/6 17214/1/6
f 17213/4/6 17152/4/6 17214/4/6
f 17175/2/6 17188/2/6 17215/2/6
f 17214/1/6 17175/1/6 17215/1/6
f 17188/4/6 17189/4/6 17216/4/6
f 17215/2/6 17188/2/6 17216/2/6
f 17189/1/6 17092/1/6 17217/1/6
f 17216/4/6 17189/4/6 17217/4/6
f 17191/2/6 17192/2/6 17218/2/6
f 17190/1/6 17191/1/6 17218/1/6
f 17192/4/6 17193/4/6 17219/4/6
f 17218/2/6 17192/2/6 17219/2/6
f 17158/2/6 17159/2/6 17220/2/6
f 17159/2/6 17160/2/6 17220/2/6
f 17160/4/6 17161/4/6 17221/4/6
f 17220/2/6 17160/2/6 17221/2/6
f 17161/1/6 17162/1/6 17222/1/6
f 17221/4/6 17161/4/6 17222/4/6
f 17162/2/6 17194/2/6 17223/2/6
f 17222/1/6 17162/1/6 17223/1/6
f 17194/4/6 17195/4/6 17224/4/6
f 17223/2/6 17194/2/6 17224/2/6
f 17196/2/6 17197/2/6 17225/2/6
f 17224/4/6 17195/4/6 17225/4/6
f 17195/2/6 17196/2/6 17225/2/6
f 17225/2/6 17197/2/6 17226/2/6
f 17180/2/6 17181/2/6 17227/2/6
f 17181/1/6 17182/1/6 17228/1/6
f 17227/2/6 17181/2/6 17228/2/6
f 17182/2/6 17198/2/6 17229/2/6
f 17198/4/6 17199/4/6 17229/4/6
f 17199/4/6 17200/4/6 17229/4/6
f 17229/4/6 17200/4/6 17230/4/6
f 17200/1/6 17201/1/6 17231/1/6
f 17230/4/6 17200/4/6 17231/4/6
f 17231/1/6 17201/1/6 17232/1/6
f 17204/2/6 17205/2/6 17233/2/6
f 17203/4/6 17204/4/6 17233/4/6
f 17205/4/6 17206/4/6 17234/4/6
f 17233/2/6 17205/2/6 17234/2/6
f 17206/1/6 17207/1/6 17235/1/6
f 17234/4/6 17206/4/6 17235/4/6
f 17207/4/6 17208/4/6 17236/4/6
f 17235/1/6 17207/1/6 17236/1/6
f 17236/4/6 17208/4/6 17237/4/6
f 17209/1/6 17210/1/6 17238/1/6
f 17186/1/6 17209/1/6 17238/1/6
f 17238/1/6 17210/1/6 17239/1/6
f 17211/1/6 17149/1/6 17240/1/6
f 17149/2/6 17212/2/6 17240/2/6
f 17212/4/6 17213/4/6 17241/4/6
f 17240/2/6 17212/2/6 17241/2/6
f 17241/4/6 17213/4/6 17242/4/6
f 17213/1/6 17214/1/6 17243/1/6
f 17242/4/6 17213/4/6 17243/4/6
f 17214/1/6 17215/1/6 17243/1/6
f 17243/1/6 17215/1/6 17244/1/6
f 17215/4/6 17216/4/6 17245/4/6
f 17216/1/6 17217/1/6 17245/1/6
f 17217/1/6 17092/1/6 17246/1/6
f 17245/1/6 17217/1/6 17246/1/6
f 17218/1/6 17219/1/6 17247/1/6
f 17190/1/6 17218/1/6 17247/1/6
f 17247/1/6 17219/1/6 17248/1/6
f 17219/4/6 17193/4/6 17249/4/6
f 17248/1/6 17219/1/6 17249/1/6
f 17193/1/6 17158/1/6 17250/1/6
f 17249/4/6 17193/4/6 17250/4/6
f 17158/2/6 17220/2/6 17251/2/6
f 17250/1/6 17158/1/6 17251/1/6
f 17220/4/6 17221/4/6 17252/4/6
f 17251/2/6 17220/2/6 17252/2/6
f 17252/4/6 17221/4/6 17253/4/6
f 17222/1/6 17223/1/6 17254/1/6
f 17253/4/6 17221/4/6 17254/4/6
f 17221/1/6 17222/1/6 17254/1/6
f 17254/1/6 17223/1/6 17255/1/6
f 17223/4/6 17224/4/6 17256/4/6
f 17255/1/6 17223/1/6 17256/1/6
f 17224/1/6 17225/1/6 17257/1/6
f 17256/4/6 17224/4/6 17257/4/6
f 17225/4/6 17226/4/6 17258/4/6
f 17257/1/6 17225/1/6 17258/1/6
f 17226/2/6 17197/2/6 17259/2/6
f 17258/4/6 17226/4/6 17259/4/6
f 17259/2/6 17197/2/6 17260/2/6
f 17227/1/6 17228/1/6 17261/1/6
f 17228/1/6 17182/1/6 17262/1/6
f 17261/1/6 17228/1/6 17262/1/6
f 17229/2/6 17230/2/6 17263/2/6
f 17262/1/6 17182/1/6 17263/1/6
f 17182/2/6 17229/2/6 17263/2/6
f 17263/2/6 17230/2/6 17264/2/6
f 17230/1/6 17231/1/6 17265/1/6
f 17264/2/6 17230/2/6 17265/2/6
f 17231/2/6 17232/2/6 17266/2/6
f 17265/1/6 17231/1/6 17266/1/6
f 17266/2/6 17232/2/6 17267/2/6
f 17234/4/6 17235/4/6 17268/4/6
f 17233/1/6 17234/1/6 17268/1/6
f 17236/2/6 17237/2/6 17269/2/6
f 17268/4/6 17235/4/6 17269/4/6
f 17235/2/6 17236/2/6 17269/2/6
f 17269/2/6 17237/2/6 17270/2/6
f 17270/2/6 17237/2/6 17271/2/6
f 17238/4/6 17239/4/6 17272/4/6
f 17239/1/6 17210/1/6 17273/1/6
f 17272/4/6 17239/4/6 17273/4/6
f 17210/4/6 17211/4/6 17274/4/6
f 17273/1/6 17210/1/6 17274/1/6
f 17211/1/6 17240/1/6 17275/1/6
f 17274/4/6 17211/4/6 17275/4/6
f 17240/1/6 17241/1/6 17275/1/6
f 17275/1/6 17241/1/6 17276/1/6
f 17241/4/6 17242/4/6 17277/4/6
f 17276/1/6 17241/1/6 17277/1/6
f 17242/2/6 17243/2/6 17278/2/6
f 17277/4/6 17242/4/6 17278/4/6
f 17243/2/6 17244/2/6 17278/2/6
f 17278/2/6 17244/2/6 17279/2/6
f 17244/1/6 17215/1/6 17280/1/6
f 17279/2/6 17244/2/6 17280/2/6
f 17215/4/6 17245/4/6 17281/4/6
f 17280/1/6 17215/1/6 17281/1/6
f 17245/2/6 17246/2/6 17282/2/6
f 17281/4/6 17245/4/6 17282/4/6
f 17282/2/6 17246/2/6 17283/2/6
f 17283/2/6 17246/2/6 17284/2/6
f 17247/4/6 17248/4/6 17285/4/6
f 17248/1/6 17249/1/6 17286/1/6
f 17285/4/6 17248/4/6 17286/4/6
f 17249/2/6 17250/2/6 17287/2/6
f 17286/1/6 17249/1/6 17287/1/6
f 17250/1/6 17251/1/6 17288/1/6
f 17287/2/6 17250/2/6 17288/2/6
f 17251/1/6 17252/1/6 17288/1/6
f 17288/1/6 17252/1/6 17289/1/6
f 17252/4/6 17253/4/6 17290/4/6
f 17289/1/6 17252/1/6 17290/1/6
f 17254/2/6 17255/2/6 17291/2/6
f 17290/4/6 17253/4/6 17291/4/6
f 17253/2/6 17254/2/6 17291/2/6
f 17291/2/6 17255/2/6 17292/2/6
f 17255/1/6 17256/1/6 17293/1/6
f 17292/2/6 17255/2/6 17293/2/6
f 17257/2/6 17258/2/6 17294/2/6
f 17293/1/6 17256/1/6 17294/1/6
f 17256/2/6 17257/2/6 17294/2/6
f 17258/2/6 17259/2/6 17294/2/6
f 17294/2/6 17259/2/6 17295/2/6
f 17259/1/6 17260/1/6 17296/1/6
f 17295/2/6 17259/2/6 17296/2/6
f 17296/1/6 17260/1/6 17297/1/6
f 17262/3/6 17263/3/6 17298/3/6
f 17263/2/6 17264/2/6 17299/2/6
f 17298/3/6 17263/3/6 17299/3/6
f 17264/1/6 17265/1/6 17300/1/6
f 17299/2/6 17264/2/6 17300/2/6
f 17265/4/6 17266/4/6 17301/4/6
f 17300/1/6 17265/1/6 17301/1/6
f 17301/4/6 17266/4/6 17302/4/6
f 17202/2/6 17203/2/6 17303/2/6
f 17203/4/6 17233/4/6 17304/4/6
f 17303/2/6 17203/2/6 17304/2/6
f 17233/1/6 17268/1/6 17305/1/6
f 17304/4/6 17233/4/6 17305/4/6
f 17269/2/6 17270/2/6 17306/2/6
f 17305/1/6 17268/1/6 17306/1/6
f 17268/2/6 17269/2/6 17306/2/6
f 17270/4/6 17271/4/6 17307/4/6
f 17306/2/6 17270/2/6 17307/2/6
f 17307/4/6 17271/4/6 17308/4/6
f 17272/2/6 17273/2/6 17309/2/6
f 17273/2/6 17274/2/6 17309/2/6
f 17274/2/6 17275/2/6 17309/2/6
f 17275/1/6 17276/1/6 17310/1/6
f 17309/2/6 17275/2/6 17310/2/6
f 17276/3/6 17277/3/6 17311/3/6
f 17310/1/6 17276/1/6 17311/1/6
f 17277/1/6 17278/1/6 17312/1/6
f 17311/3/6 17277/3/6 17312/3/6
f 17278/3/6 17279/3/6 17313/3/6
f 17312/1/6 17278/1/6 17313/1/6
f 17279/1/6 17280/1/6 17314/1/6
f 17313/3/6 17279/3/6 17314/3/6
f 17280/4/6 17281/4/6 17315/4/6
f 17314/1/6 17280/1/6 17315/1/6
f 17282/2/6 17283/2/6 17316/2/6
f 17315/4/6 17281/4/6 17316/4/6
f 17281/2/6 17282/2/6 17316/2/6
f 17283/3/6 17284/3/6 17317/3/6
f 17316/2/6 17283/2/6 17317/2/6
f 17317/3/6 17284/3/6 17318/3/6
f 17285/3/6 17286/3/6 17319/3/6
f 17286/3/6 17287/3/6 17319/3/6
f 17287/3/6 17288/3/6 17319/3/6
f 17288/4/6 17289/4/6 17320/4/6
f 17319/3/6 17288/3/6 17320/3/6
f 17289/2/6 17290/2/6 17321/2/6
f 17320/4/6 17289/4/6 17321/4/6
f 17290/2/6 17291/2/6 17321/2/6
f 17291/1/6 17292/1/6 17322/1/6
f 17321/2/6 17291/2/6 17322/2/6
f 17292/4/6 17293/4/6 17323/4/6
f 17322/1/6 17292/1/6 17323/1/6
f 17293/4/6 17294/4/6 17323/4/6
f 17294/2/6 17295/2/6 17324/2/6
f 17323/4/6 17294/4/6 17324/4/6
f 17295/3/6 17296/3/6 17325/3/6
f 17324/2/6 17295/2/6 17325/2/6
f 17325/3/6 17296/3/6 17326/3/6
