# MagicaVoxel @ Ephtracy

# group
o 

# material
mtllib Wall.mtl
usemtl palette

# normals
vn -1 0 0
vn 1 0 0
vn 0 0 1
vn 0 0 -1
vn 0 -1 0
vn 0 1 0

# texcoords
vt 0.0253906 0.5
vt 0.0292969 0.5

# verts
v -9 0 0.1
v -9 0 0
v -9 0 -0.1
v -9 0.1 0.1
v -9 0.1 0
v -9 0.8 0.1
v -9 0.8 0
v -9 0.9 0.1
v -9 0.9 0
v -9 1.3 0.1
v -9 1.3 0
v -9 1.5 0.1
v -9 1.5 0
v -9 2.1 0.1
v -9 2.1 0
v -9 2.2 0.1
v -9 2.2 0
v -9 2.7 0.1
v -9 2.7 0
v -9 3.4 0.1
v -9 3.4 0
v -9 3.9 0.1
v -9 3.9 0
v -9 4.1 0.1
v -9 4.1 0
v -9 4.5 0.1
v -9 4.5 0
v -9 4.7 0.1
v -9 4.7 0
v -9 5.2 0.1
v -9 5.2 0
v -9 5.5 0.1
v -9 5.5 0
v -9 5.7 0.1
v -9 5.7 0
v -9 6 0.1
v -9 6 0
v -9 6.5 0.1
v -9 6.5 0
v -9 6.7 0.1
v -9 6.7 0
v -9 6.9 0.1
v -9 6.9 0
v -9 7.2 0.1
v -9 7.2 0
v -9 7.9 0.1
v -9 7.9 0
v -9 8.1 0.1
v -9 8.1 0
v -9 8.4 0.1
v -9 8.4 0
v -9 8.7 0.1
v -9 8.7 0
v -9 9.1 0.1
v -9 9.1 0
v -9 9.2 0.1
v -9 9.2 0
v -9 9.7 0.1
v -9 9.7 0
v -9 9.8 0.1
v -9 9.8 0
v -9 10.3 0.1
v -9 10.3 0
v -9 10.4 0.1
v -9 10.4 0
v -9 10.9 0.1
v -9 10.9 0
v -9 11 0.1
v -9 11 0
v -9 11.5 0.1
v -9 11.5 0
v -9 11.6 0
v -9 11.6 -0.1
v -9 11.7 0
v -9 11.7 -0.1
v -9 12.2 0.1
v -9 12.2 0
v -9 12.7 0.1
v -9 12.7 0
v -9 12.9 0.1
v -9 12.9 0
v -9 13.2 0.1
v -9 13.2 0
v -9 13.4 0.1
v -9 13.4 0
v -9 13.9 0.1
v -9 13.9 0
v -9 14 0.1
v -9 14 0
v -9 14 -0.1
v -6 11.6 0
v -6 11.6 -0.1
v -6 11.7 0
v -6 11.7 -0.1
v 8.8 11.6 0
v 8.8 11.6 -0.1
v 8.8 11.7 0
v 8.8 11.7 -0.1
v 9 0 0.1
v 9 0 0
v 9 0 -0.1
v 9 0.2 0.1
v 9 0.2 0
v 9 0.7 0.1
v 9 0.7 0
v 9 0.9 0.1
v 9 0.9 0
v 9 1.4 0.1
v 9 1.4 0
v 9 1.5 0.1
v 9 1.5 0
v 9 2 0.1
v 9 2 0
v 9 2.2 0.1
v 9 2.2 0
v 9 2.7 0.1
v 9 2.7 0
v 9 2.9 0.1
v 9 2.9 0
v 9 3.1 0.1
v 9 3.1 0
v 9 3.4 0.1
v 9 3.4 0
v 9 3.9 0.1
v 9 3.9 0
v 9 4.7 0.1
v 9 4.7 0
v 9 5.2 0.1
v 9 5.2 0
v 9 6 0.1
v 9 6 0
v 9 6.5 0.1
v 9 6.5 0
v 9 7.2 0.1
v 9 7.2 0
v 9 7.9 0.1
v 9 7.9 0
v 9 8.6 0.1
v 9 8.6 0
v 9 9 0.1
v 9 9 0
v 9 9.2 0.1
v 9 9.2 0
v 9 9.7 0.1
v 9 9.7 0
v 9 9.9 0.1
v 9 9.9 0
v 9 10.2 0.1
v 9 10.2 0
v 9 10.4 0.1
v 9 10.4 0
v 9 10.9 0.1
v 9 10.9 0
v 9 11.1 0.1
v 9 11.1 0
v 9 11.4 0.1
v 9 11.4 0
v 9 11.6 0
v 9 11.6 -0.1
v 9 11.7 0.1
v 9 11.7 0
v 9 11.7 -0.1
v 9 12 0.1
v 9 12 0
v 9 12.2 0.1
v 9 12.2 0
v 9 12.7 0.1
v 9 12.7 0
v 9 12.8 0.1
v 9 12.8 0
v 9 13.3 0.1
v 9 13.3 0
v 9 13.4 0.1
v 9 13.4 0
v 9 13.9 0.1
v 9 13.9 0
v 9 14 0.1
v 9 14 0
v 9 14 -0.1
v -9 0 0.1
v -9 0.1 0.1
v -9 0.8 0.1
v -9 0.9 0.1
v -9 1.3 0.1
v -9 1.5 0.1
v -9 2.1 0.1
v -9 2.2 0.1
v -9 2.7 0.1
v -9 3.4 0.1
v -9 3.9 0.1
v -9 4.1 0.1
v -9 4.5 0.1
v -9 4.7 0.1
v -9 5.2 0.1
v -9 5.5 0.1
v -9 5.7 0.1
v -9 6 0.1
v -9 6.5 0.1
v -9 6.7 0.1
v -9 6.9 0.1
v -9 7.2 0.1
v -9 7.9 0.1
v -9 8.1 0.1
v -9 8.4 0.1
v -9 8.7 0.1
v -9 9.1 0.1
v -9 9.2 0.1
v -9 9.7 0.1
v -9 9.8 0.1
v -9 10.3 0.1
v -9 10.4 0.1
v -9 10.9 0.1
v -9 11 0.1
v -9 11.5 0.1
v -9 12.2 0.1
v -9 12.7 0.1
v -9 12.9 0.1
v -9 13.2 0.1
v -9 13.4 0.1
v -9 13.9 0.1
v -9 14 0.1
v -8.9 0.9 0.1
v -8.9 1 0.1
v -8.9 1.2 0.1
v -8.9 1.3 0.1
v -8.9 2.2 0.1
v -8.9 2.3 0.1
v -8.9 2.6 0.1
v -8.9 2.7 0.1
v -8.9 2.8 0.1
v -8.9 3.2 0.1
v -8.9 4 0.1
v -8.9 4.1 0.1
v -8.9 4.5 0.1
v -8.9 4.6 0.1
v -8.9 5.4 0.1
v -8.9 5.5 0.1
v -8.9 5.7 0.1
v -8.9 5.8 0.1
v -8.9 6.9 0.1
v -8.9 7 0.1
v -8.9 7.8 0.1
v -8.9 7.9 0.1
v -8.9 8 0.1
v -8.9 8.1 0.1
v -8.9 8.4 0.1
v -8.9 8.5 0.1
v -8.9 9.2 0.1
v -8.9 9.3 0.1
v -8.9 9.6 0.1
v -8.9 9.7 0.1
v -8.9 11.7 0.1
v -8.9 11.9 0.1
v -8.9 12.9 0.1
v -8.9 13.2 0.1
v -8.8 1 0.1
v -8.8 1.2 0.1
v -8.8 2.3 0.1
v -8.8 2.6 0.1
v -8.8 3.2 0.1
v -8.8 3.3 0.1
v -8.8 4.7 0.1
v -8.8 4.8 0.1
v -8.8 5.1 0.1
v -8.8 5.2 0.1
v -8.8 5.8 0.1
v -8.8 5.9 0.1
v -8.8 6.4 0.1
v -8.8 6.5 0.1
v -8.8 6.6 0.1
v -8.8 6.7 0.1
v -8.8 7.2 0.1
v -8.8 7.3 0.1
v -8.8 9.3 0.1
v -8.8 9.6 0.1
v -8.8 10.4 0.1
v -8.8 10.5 0.1
v -8.8 10.8 0.1
v -8.8 10.9 0.1
v -8.8 11.6 0.1
v -8.8 11.7 0.1
v -8.8 11.9 0.1
v -8.8 12 0.1
v -8.8 12.9 0.1
v -8.8 13.2 0.1
v -8.7 2.3 0.1
v -8.7 2.5 0.1
v -8.7 3.4 0.1
v -8.7 3.5 0.1
v -8.7 3.8 0.1
v -8.7 3.9 0.1
v -8.7 4.8 0.1
v -8.7 5.1 0.1
v -8.7 7 0.1
v -8.7 7.1 0.1
v -8.7 7.3 0.1
v -8.7 7.4 0.1
v -8.7 7.7 0.1
v -8.7 7.8 0.1
v -8.7 9.3 0.1
v -8.7 9.5 0.1
v -8.7 10.5 0.1
v -8.7 10.8 0.1
v -8.7 12 0.1
v -8.7 12.1 0.1
v -8.7 12.8 0.1
v -8.7 12.9 0.1
v -8.7 13.2 0.1
v -8.7 13.3 0.1
v -8.7 13.4 0.1
v -8.7 13.5 0.1
v -8.7 13.8 0.1
v -8.7 13.9 0.1
v -8.6 1 0.1
v -8.6 1.3 0.1
v -8.6 2.2 0.1
v -8.6 2.3 0.1
v -8.6 2.5 0.1
v -8.6 2.6 0.1
v -8.6 3.5 0.1
v -8.6 3.8 0.1
v -8.6 4.8 0.1
v -8.6 5.1 0.1
v -8.6 6 0.1
v -8.6 6.1 0.1
v -8.6 6.3 0.1
v -8.6 6.4 0.1
v -8.6 7.4 0.1
v -8.6 7.7 0.1
v -8.6 9.2 0.1
v -8.6 9.3 0.1
v -8.6 9.5 0.1
v -8.6 9.6 0.1
v -8.6 10.5 0.1
v -8.6 10.8 0.1
v -8.6 12.2 0.1
v -8.6 12.3 0.1
v -8.6 12.6 0.1
v -8.6 12.7 0.1
v -8.6 13.5 0.1
v -8.6 13.8 0.1
v -8.5 0.9 0.1
v -8.5 1 0.1
v -8.5 1.3 0.1
v -8.5 1.4 0.1
v -8.5 2 0.1
v -8.5 2.1 0.1
v -8.5 2.6 0.1
v -8.5 2.7 0.1
v -8.5 3.5 0.1
v -8.5 3.8 0.1
v -8.5 4.7 0.1
v -8.5 4.8 0.1
v -8.5 5.1 0.1
v -8.5 5.2 0.1
v -8.5 6.1 0.1
v -8.5 6.3 0.1
v -8.5 7.3 0.1
v -8.5 7.8 0.1
v -8.5 9 0.1
v -8.5 9.1 0.1
v -8.5 9.6 0.1
v -8.5 9.7 0.1
v -8.5 10.4 0.1
v -8.5 10.5 0.1
v -8.5 10.8 0.1
v -8.5 10.9 0.1
v -8.5 11 0.1
v -8.5 11.1 0.1
v -8.5 11.4 0.1
v -8.5 11.5 0.1
v -8.5 12.3 0.1
v -8.5 12.6 0.1
v -8.5 13.5 0.1
v -8.5 13.7 0.1
v -8.4 0.7 0.1
v -8.4 0.8 0.1
v -8.4 1.5 0.1
v -8.4 1.6 0.1
v -8.4 1.9 0.1
v -8.4 2 0.1
v -8.4 3.4 0.1
v -8.4 3.5 0.1
v -8.4 3.8 0.1
v -8.4 3.9 0.1
v -8.4 6.1 0.1
v -8.4 6.3 0.1
v -8.4 7.2 0.1
v -8.4 7.3 0.1
v -8.4 7.8 0.1
v -8.4 7.9 0.1
v -8.4 8.7 0.1
v -8.4 8.8 0.1
v -8.4 8.9 0.1
v -8.4 9 0.1
v -8.4 9.8 0.1
v -8.4 9.9 0.1
v -8.4 10.2 0.1
v -8.4 10.3 0.1
v -8.4 11.1 0.1
v -8.4 11.4 0.1
v -8.4 12.3 0.1
v -8.4 12.6 0.1
v -8.4 13.4 0.1
v -8.4 13.5 0.1
v -8.4 13.7 0.1
v -8.4 13.8 0.1
v -8.3 0.1 0.1
v -8.3 0.2 0.1
v -8.3 0.6 0.1
v -8.3 0.7 0.1
v -8.3 1.6 0.1
v -8.3 1.9 0.1
v -8.3 3.2 0.1
v -8.3 3.3 0.1
v -8.3 4.5 0.1
v -8.3 4.6 0.1
v -8.3 6 0.1
v -8.3 6.1 0.1
v -8.3 6.3 0.1
v -8.3 6.4 0.1
v -8.3 8 0.1
v -8.3 8.1 0.1
v -8.3 8.4 0.1
v -8.3 8.5 0.1
v -8.3 8.8 0.1
v -8.3 8.9 0.1
v -8.3 9.9 0.1
v -8.3 10.2 0.1
v -8.3 11.1 0.1
v -8.3 11.3 0.1
v -8.3 12.2 0.1
v -8.3 12.3 0.1
v -8.3 12.6 0.1
v -8.3 12.7 0.1
v -8.3 12.8 0.1
v -8.3 12.9 0.1
v -8.3 13.2 0.1
v -8.3 13.3 0.1
v -8.3 13.8 0.1
v -8.3 13.9 0.1
v -8.2 0.2 0.1
v -8.2 0.6 0.1
v -8.2 4 0.1
v -8.2 4.1 0.1
v -8.2 4.4 0.1
v -8.2 4.5 0.1
v -8.2 6.4 0.1
v -8.2 6.5 0.1
v -8.2 7 0.1
v -8.2 7.1 0.1
v -8.2 8.1 0.1
v -8.2 8.4 0.1
v -8.2 9.9 0.1
v -8.2 10.2 0.1
v -8.2 11 0.1
v -8.2 11.1 0.1
v -8.2 11.3 0.1
v -8.2 11.4 0.1
v -8.2 12.9 0.1
v -8.2 13.2 0.1
v -8.1 0.2 0.1
v -8.1 0.6 0.1
v -8.1 1.6 0.1
v -8.1 1.9 0.1
v -8.1 3.1 0.1
v -8.1 3.2 0.1
v -8.1 4.1 0.1
v -8.1 4.4 0.1
v -8.1 5.4 0.1
v -8.1 5.5 0.1
v -8.1 5.8 0.1
v -8.1 5.9 0.1
v -8.1 6.6 0.1
v -8.1 6.7 0.1
v -8.1 6.9 0.1
v -8.1 7 0.1
v -8.1 8.1 0.1
v -8.1 8.4 0.1
v -8.1 8.8 0.1
v -8.1 8.9 0.1
v -8.1 9.8 0.1
v -8.1 9.9 0.1
v -8.1 10.2 0.1
v -8.1 10.3 0.1
v -8.1 10.4 0.1
v -8.1 10.5 0.1
v -8.1 10.8 0.1
v -8.1 10.9 0.1
v -8.1 11.4 0.1
v -8.1 11.5 0.1
v -8.1 11.6 0.1
v -8.1 11.7 0.1
v -8.1 12 0.1
v -8.1 12.1 0.1
v -8.1 12.9 0.1
v -8.1 13.2 0.1
v -8 0.1 0.1
v -8 0.2 0.1
v -8 0.6 0.1
v -8 0.7 0.1
v -8 1.5 0.1
v -8 1.6 0.1
v -8 1.9 0.1
v -8 2 0.1
v -8 2.8 0.1
v -8 3.1 0.1
v -8 4.1 0.1
v -8 4.4 0.1
v -8 5.5 0.1
v -8 5.8 0.1
v -8 6.7 0.1
v -8 6.9 0.1
v -8 8 0.1
v -8 8.1 0.1
v -8 8.4 0.1
v -8 8.5 0.1
v -8 8.7 0.1
v -8 8.8 0.1
v -8 8.9 0.1
v -8 9 0.1
v -8 10.5 0.1
v -8 10.8 0.1
v -8 11.7 0.1
v -8 12 0.1
v -8 12.8 0.1
v -8 12.9 0.1
v -7.9 0.7 0.1
v -7.9 0.8 0.1
v -7.9 0.9 0.1
v -7.9 1 0.1
v -7.9 1.3 0.1
v -7.9 1.4 0.1
v -7.9 2 0.1
v -7.9 2.1 0.1
v -7.9 2.2 0.1
v -7.9 2.3 0.1
v -7.9 2.6 0.1
v -7.9 2.7 0.1
v -7.9 4 0.1
v -7.9 4.1 0.1
v -7.9 4.4 0.1
v -7.9 4.5 0.1
v -7.9 5.5 0.1
v -7.9 5.8 0.1
v -7.9 6.7 0.1
v -7.9 7 0.1
v -7.9 7.2 0.1
v -7.9 7.3 0.1
v -7.9 7.8 0.1
v -7.9 7.9 0.1
v -7.9 9 0.1
v -7.9 9.1 0.1
v -7.9 9.2 0.1
v -7.9 9.3 0.1
v -7.9 9.6 0.1
v -7.9 9.7 0.1
v -7.9 10.5 0.1
v -7.9 10.8 0.1
v -7.9 11.7 0.1
v -7.9 12 0.1
v -7.9 13.2 0.1
v -7.9 13.3 0.1
v -7.8 1 0.1
v -7.8 1.3 0.1
v -7.8 2.3 0.1
v -7.8 2.6 0.1
v -7.8 2.9 0.1
v -7.8 3.1 0.1
v -7.8 4.5 0.1
v -7.8 4.6 0.1
v -7.8 4.7 0.1
v -7.8 4.8 0.1
v -7.8 5.1 0.1
v -7.8 5.2 0.1
v -7.8 5.4 0.1
v -7.8 5.5 0.1
v -7.8 5.8 0.1
v -7.8 5.9 0.1
v -7.8 7 0.1
v -7.8 7.1 0.1
v -7.8 7.3 0.1
v -7.8 7.8 0.1
v -7.8 9.3 0.1
v -7.8 9.6 0.1
v -7.8 10.4 0.1
v -7.8 10.5 0.1
v -7.8 11.6 0.1
v -7.8 11.7 0.1
v -7.8 12 0.1
v -7.8 12.1 0.1
v -7.8 12.2 0.1
v -7.8 12.3 0.1
v -7.8 12.6 0.1
v -7.8 12.7 0.1
v -7.8 13.4 0.1
v -7.8 13.5 0.1
v -7.8 13.8 0.1
v -7.8 13.9 0.1
v -7.7 1.1 0.1
v -7.7 1.3 0.1
v -7.7 2.3 0.1
v -7.7 2.6 0.1
v -7.7 2.8 0.1
v -7.7 2.9 0.1
v -7.7 3.1 0.1
v -7.7 3.2 0.1
v -7.7 4.8 0.1
v -7.7 5.1 0.1
v -7.7 6 0.1
v -7.7 6.1 0.1
v -7.7 6.4 0.1
v -7.7 6.5 0.1
v -7.7 6.6 0.1
v -7.7 6.7 0.1
v -7.7 7.4 0.1
v -7.7 7.7 0.1
v -7.7 9.3 0.1
v -7.7 9.6 0.1
v -7.7 10.8 0.1
v -7.7 10.9 0.1
v -7.7 12.3 0.1
v -7.7 12.6 0.1
v -7.7 13.5 0.1
v -7.7 13.8 0.1
v -7.6 1 0.1
v -7.6 1.1 0.1
v -7.6 1.3 0.1
v -7.6 1.4 0.1
v -7.6 2 0.1
v -7.6 2.1 0.1
v -7.6 2.2 0.1
v -7.6 2.3 0.1
v -7.6 2.6 0.1
v -7.6 2.7 0.1
v -7.6 3.2 0.1
v -7.6 3.3 0.1
v -7.6 3.4 0.1
v -7.6 3.5 0.1
v -7.6 3.8 0.1
v -7.6 3.9 0.1
v -7.6 4.8 0.1
v -7.6 5.1 0.1
v -7.6 6.1 0.1
v -7.6 6.4 0.1
v -7.6 7.3 0.1
v -7.6 7.4 0.1
v -7.6 7.7 0.1
v -7.6 7.8 0.1
v -7.6 9 0.1
v -7.6 9.1 0.1
v -7.6 9.2 0.1
v -7.6 9.3 0.1
v -7.6 9.6 0.1
v -7.6 9.7 0.1
v -7.6 9.8 0.1
v -7.6 9.9 0.1
v -7.6 10.2 0.1
v -7.6 10.3 0.1
v -7.6 11 0.1
v -7.6 11.1 0.1
v -7.6 11.4 0.1
v -7.6 11.5 0.1
v -7.6 12.3 0.1
v -7.6 12.5 0.1
v -7.6 13.5 0.1
v -7.6 13.7 0.1
v -7.5 0.9 0.1
v -7.5 1 0.1
v -7.5 1.5 0.1
v -7.5 1.6 0.1
v -7.5 3.5 0.1
v -7.5 3.8 0.1
v -7.5 4.7 0.1
v -7.5 4.8 0.1
v -7.5 5.1 0.1
v -7.5 5.2 0.1
v -7.5 6.1 0.1
v -7.5 6.3 0.1
v -7.5 7.2 0.1
v -7.5 7.3 0.1
v -7.5 7.8 0.1
v -7.5 7.9 0.1
v -7.5 8 0.1
v -7.5 8.1 0.1
v -7.5 8.4 0.1
v -7.5 8.5 0.1
v -7.5 8.7 0.1
v -7.5 8.8 0.1
v -7.5 9.9 0.1
v -7.5 10.2 0.1
v -7.5 11.1 0.1
v -7.5 11.4 0.1
v -7.5 12.2 0.1
v -7.5 12.3 0.1
v -7.5 12.5 0.1
v -7.5 12.6 0.1
v -7.5 13.7 0.1
v -7.5 13.8 0.1
v -7.4 0.7 0.1
v -7.4 0.8 0.1
v -7.4 1.6 0.1
v -7.4 2 0.1
v -7.4 3.5 0.1
v -7.4 3.8 0.1
v -7.4 6 0.1
v -7.4 6.1 0.1
v -7.4 6.3 0.1
v -7.4 6.4 0.1
v -7.4 6.6 0.1
v -7.4 6.7 0.1
v -7.4 7 0.1
v -7.4 7.1 0.1
v -7.4 8.1 0.1
v -7.4 8.4 0.1
v -7.4 8.8 0.1
v -7.4 9 0.1
v -7.4 9.9 0.1
v -7.4 10.1 0.1
v -7.4 11.1 0.1
v -7.4 11.3 0.1
v -7.4 12.6 0.1
v -7.4 12.7 0.1
v -7.4 13.2 0.1
v -7.4 13.3 0.1
v -7.4 13.4 0.1
v -7.4 13.5 0.1
v -7.3 0.1 0.1
v -7.3 0.2 0.1
v -7.3 1.7 0.1
v -7.3 1.9 0.1
v -7.3 3.4 0.1
v -7.3 3.5 0.1
v -7.3 3.8 0.1
v -7.3 3.9 0.1
v -7.3 4.5 0.1
v -7.3 4.6 0.1
v -7.3 5.8 0.1
v -7.3 5.9 0.1
v -7.3 6.4 0.1
v -7.3 6.5 0.1
v -7.3 6.7 0.1
v -7.3 7 0.1
v -7.3 8.1 0.1
v -7.3 8.4 0.1
v -7.3 9.8 0.1
v -7.3 9.9 0.1
v -7.3 10.1 0.1
v -7.3 10.2 0.1
v -7.3 11.3 0.1
v -7.3 11.4 0.1
v -7.3 12 0.1
v -7.3 12.1 0.1
v -7.3 13.8 0.1
v -7.3 13.9 0.1
v -7.2 0.2 0.1
v -7.2 0.7 0.1
v -7.2 1.6 0.1
v -7.2 1.7 0.1
v -7.2 1.9 0.1
v -7.2 2 0.1
v -7.2 3.2 0.1
v -7.2 3.3 0.1
v -7.2 4 0.1
v -7.2 4.1 0.1
v -7.2 4.4 0.1
v -7.2 4.5 0.1
v -7.2 6.7 0.1
v -7.2 7 0.1
v -7.2 8 0.1
v -7.2 8.1 0.1
v -7.2 8.4 0.1
v -7.2 8.5 0.1
v -7.2 8.8 0.1
v -7.2 9 0.1
v -7.2 10.2 0.1
v -7.2 10.3 0.1
v -7.2 10.8 0.1
v -7.2 10.9 0.1
v -7.2 11 0.1
v -7.2 11.1 0.1
v -7.2 11.6 0.1
v -7.2 11.7 0.1
v -7.2 11.9 0.1
v -7.2 12 0.1
v -7.2 12.8 0.1
v -7.2 12.9 0.1
v -7.2 13.1 0.1
v -7.2 13.2 0.1
v -7.1 0.2 0.1
v -7.1 0.5 0.1
v -7.1 1.5 0.1
v -7.1 1.6 0.1
v -7.1 2.6 0.1
v -7.1 2.7 0.1
v -7.1 3.1 0.1
v -7.1 3.2 0.1
v -7.1 4.1 0.1
v -7.1 4.4 0.1
v -7.1 5.4 0.1
v -7.1 5.5 0.1
v -7.1 5.7 0.1
v -7.1 5.8 0.1
v -7.1 7 0.1
v -7.1 7.1 0.1
v -7.1 8.7 0.1
v -7.1 8.8 0.1
v -7.1 9.6 0.1
v -7.1 9.7 0.1
v -7.1 11.4 0.1
v -7.1 11.5 0.1
v -7.1 11.7 0.1
v -7.1 11.9 0.1
v -7.1 12.9 0.1
v -7.1 13.1 0.1
v -7 0.1 0.1
v -7 0.2 0.1
v -7 0.5 0.1
v -7 0.7 0.1
v -7 2 0.1
v -7 2.1 0.1
v -7 2.2 0.1
v -7 2.3 0.1
v -7 2.5 0.1
v -7 2.6 0.1
v -7 2.8 0.1
v -7 3.1 0.1
v -7 4.1 0.1
v -7 4.5 0.1
v -7 5.5 0.1
v -7 5.7 0.1
v -7 7 0.1
v -7 7.1 0.1
v -7 9 0.1
v -7 9.1 0.1
v -7 9.2 0.1
v -7 9.3 0.1
v -7 9.5 0.1
v -7 9.6 0.1
v -7 10.4 0.1
v -7 10.5 0.1
v -7 10.7 0.1
v -7 10.8 0.1
v -7 11.7 0.1
v -7 12 0.1
v -7 12.9 0.1
v -7 13.1 0.1
v -6.9 0.7 0.1
v -6.9 0.8 0.1
v -6.9 2.3 0.1
v -6.9 2.5 0.1
v -6.9 2.9 0.1
v -6.9 3.2 0.1
v -6.9 4 0.1
v -6.9 4.1 0.1
v -6.9 4.5 0.1
v -6.9 4.6 0.1
v -6.9 5.5 0.1
v -6.9 5.8 0.1
v -6.9 6.7 0.1
v -6.9 7 0.1
v -6.9 9.3 0.1
v -6.9 9.5 0.1
v -6.9 10.5 0.1
v -6.9 10.7 0.1
v -6.9 11.6 0.1
v -6.9 11.7 0.1
v -6.9 12 0.1
v -6.9 12.1 0.1
v -6.9 12.8 0.1
v -6.9 12.9 0.1
v -6.9 13.1 0.1
v -6.9 13.2 0.1
v -6.8 0.9 0.1
v -6.8 1 0.1
v -6.8 1.3 0.1
v -6.8 1.4 0.1
v -6.8 2.3 0.1
v -6.8 2.6 0.1
v -6.8 3.2 0.1
v -6.8 3.3 0.1
v -6.8 3.4 0.1
v -6.8 3.5 0.1
v -6.8 3.8 0.1
v -6.8 3.9 0.1
v -6.8 5.4 0.1
v -6.8 5.5 0.1
v -6.8 5.8 0.1
v -6.8 5.9 0.1
v -6.8 6.7 0.1
v -6.8 7 0.1
v -6.8 7.8 0.1
v -6.8 7.9 0.1
v -6.8 9.3 0.1
v -6.8 9.6 0.1
v -6.8 10.5 0.1
v -6.8 10.7 0.1
v -6.8 13.2 0.1
v -6.8 13.3 0.1
v -6.8 13.8 0.1
v -6.8 13.9 0.1
v -6.7 1 0.1
v -6.7 1.3 0.1
v -6.7 2.2 0.1
v -6.7 2.3 0.1
v -6.7 2.6 0.1
v -6.7 2.7 0.1
v -6.7 2.8 0.1
v -6.7 2.9 0.1
v -6.7 3.5 0.1
v -6.7 3.8 0.1
v -6.7 4.7 0.1
v -6.7 4.8 0.1
v -6.7 5.1 0.1
v -6.7 5.2 0.1
v -6.7 6.6 0.1
v -6.7 6.7 0.1
v -6.7 7 0.1
v -6.7 7.1 0.1
v -6.7 7.2 0.1
v -6.7 7.3 0.1
v -6.7 9.2 0.1
v -6.7 9.3 0.1
v -6.7 9.6 0.1
v -6.7 9.7 0.1
v -6.7 10.4 0.1
v -6.7 10.5 0.1
v -6.7 10.7 0.1
v -6.7 10.8 0.1
v -6.7 12.2 0.1
v -6.7 12.3 0.1
v -6.7 12.6 0.1
v -6.7 12.7 0.1
v -6.7 13.4 0.1
v -6.7 13.5 0.1
v -6.7 13.7 0.1
v -6.7 13.8 0.1
v -6.6 1 0.1
v -6.6 1.3 0.1
v -6.6 4.8 0.1
v -6.6 5.1 0.1
v -6.6 6 0.1
v -6.6 6.1 0.1
v -6.6 6.4 0.1
v -6.6 6.5 0.1
v -6.6 7.3 0.1
v -6.6 7.4 0.1
v -6.6 7.7 0.1
v -6.6 7.8 0.1
v -6.6 10.8 0.1
v -6.6 10.9 0.1
v -6.6 11.4 0.1
v -6.6 11.5 0.1
v -6.6 12.3 0.1
v -6.6 12.6 0.1
v -6.6 13.5 0.1
v -6.6 13.7 0.1
v -6.5 0.7 0.1
v -6.5 0.8 0.1
v -6.5 0.9 0.1
v -6.5 1 0.1
v -6.5 1.3 0.1
v -6.5 1.4 0.1
v -6.5 2 0.1
v -6.5 2.1 0.1
v -6.5 3.5 0.1
v -6.5 3.7 0.1
v -6.5 4.8 0.1
v -6.5 5.1 0.1
v -6.5 6.1 0.1
v -6.5 6.4 0.1
v -6.5 7.4 0.1
v -6.5 7.7 0.1
v -6.5 9 0.1
v -6.5 9.1 0.1
v -6.5 9.8 0.1
v -6.5 9.9 0.1
v -6.5 10.2 0.1
v -6.5 10.3 0.1
v -6.5 11 0.1
v -6.5 11.1 0.1
v -6.5 11.3 0.1
v -6.5 11.4 0.1
v -6.5 12.3 0.1
v -6.5 12.6 0.1
v -6.5 13.5 0.1
v -6.5 13.8 0.1
v -6.4 0.1 0.1
v -6.4 0.2 0.1
v -6.4 1.5 0.1
v -6.4 1.6 0.1
v -6.4 1.9 0.1
v -6.4 2 0.1
v -6.4 3.4 0.1
v -6.4 3.5 0.1
v -6.4 3.7 0.1
v -6.4 3.8 0.1
v -6.4 4 0.1
v -6.4 4.1 0.1
v -6.4 4.7 0.1
v -6.4 4.8 0.1
v -6.4 5.1 0.1
v -6.4 5.2 0.1
v -6.4 8.7 0.1
v -6.4 8.8 0.1
v -6.4 8.9 0.1
v -6.4 9 0.1
v -6.4 9.9 0.1
v -6.4 10.2 0.1
v -6.4 11.1 0.1
v -6.4 11.3 0.1
v -6.4 12.2 0.1
v -6.4 12.3 0.1
v -6.4 12.6 0.1
v -6.4 12.7 0.1
v -6.4 13.8 0.1
v -6.4 13.9 0.1
v -6.3 0.2 0.1
v -6.3 0.3 0.1
v -6.3 0.6 0.1
v -6.3 0.7 0.1
v -6.3 1.6 0.1
v -6.3 1.9 0.1
v -6.3 2.8 0.1
v -6.3 2.9 0.1
v -6.3 3.2 0.1
v -6.3 3.3 0.1
v -6.3 3.8 0.1
v -6.3 3.9 0.1
v -6.3 4.5 0.1
v -6.3 4.6 0.1
v -6.3 6.1 0.1
v -6.3 6.4 0.1
v -6.3 7.3 0.1
v -6.3 7.7 0.1
v -6.3 8.8 0.1
v -6.3 8.9 0.1
v -6.3 9.9 0.1
v -6.3 10.2 0.1
v -6.3 11.1 0.1
v -6.3 11.4 0.1
v -6.3 12.8 0.1
v -6.3 12.9 0.1
v -6.3 13.2 0.1
v -6.3 13.3 0.1
v -6.3 13.4 0.1
v -6.3 13.5 0.1
v -6.2 0.3 0.1
v -6.2 0.6 0.1
v -6.2 1.6 0.1
v -6.2 2 0.1
v -6.2 2.9 0.1
v -6.2 3.2 0.1
v -6.2 4.1 0.1
v -6.2 4.5 0.1
v -6.2 5.8 0.1
v -6.2 5.9 0.1
v -6.2 6.4 0.1
v -6.2 6.5 0.1
v -6.2 7.2 0.1
v -6.2 7.3 0.1
v -6.2 7.7 0.1
v -6.2 7.8 0.1
v -6.2 8.8 0.1
v -6.2 9 0.1
v -6.2 9.8 0.1
v -6.2 9.9 0.1
v -6.2 10.2 0.1
v -6.2 10.3 0.1
v -6.2 11.4 0.1
v -6.2 11.5 0.1
v -6.2 11.6 0.1
v -6.2 11.7 0.1
v -6.2 12 0.1
v -6.2 12.1 0.1
v -6.2 12.9 0.1
v -6.2 13.2 0.1
v -6.1 0.2 0.1
v -6.1 0.7 0.1
v -6.1 1.5 0.1
v -6.1 1.6 0.1
v -6.1 2 0.1
v -6.1 2.1 0.1
v -6.1 2.8 0.1
v -6.1 3.1 0.1
v -6.1 4.1 0.1
v -6.1 4.4 0.1
v -6.1 5.4 0.1
v -6.1 5.5 0.1
v -6.1 5.7 0.1
v -6.1 5.8 0.1
v -6.1 6 0.1
v -6.1 6.1 0.1
v -6.1 6.6 0.1
v -6.1 6.7 0.1
v -6.1 7.8 0.1
v -6.1 7.9 0.1
v -6.1 8 0.1
v -6.1 8.1 0.1
v -6.1 8.4 0.1
v -6.1 8.5 0.1
v -6.1 8.7 0.1
v -6.1 8.8 0.1
v -6.1 9 0.1
v -6.1 9.1 0.1
v -6.1 10.4 0.1
v -6.1 10.5 0.1
v -6.1 10.8 0.1
v -6.1 10.9 0.1
v -6.1 11 0.1
v -6.1 11.1 0.1
v -6.1 11.7 0.1
v -6.1 12 0.1
v -6.1 12.9 0.1
v -6.1 13.1 0.1
v -6 0.1 0.1
v -6 0.2 0.1
v -6 0.7 0.1
v -6 0.8 0.1
v -6 2.2 0.1
v -6 2.3 0.1
v -6 2.6 0.1
v -6 2.7 0.1
v -6 3.1 0.1
v -6 3.2 0.1
v -6 4 0.1
v -6 4.1 0.1
v -6 4.4 0.1
v -6 4.5 0.1
v -6 5.5 0.1
v -6 5.7 0.1
v -6 6.7 0.1
v -6 6.8 0.1
v -6 7 0.1
v -6 7.1 0.1
v -6 8.1 0.1
v -6 8.4 0.1
v -6 9.2 0.1
v -6 9.3 0.1
v -6 9.6 0.1
v -6 9.7 0.1
v -6 10.5 0.1
v -6 10.8 0.1
v -6 11.7 0.1
v -6 12 0.1
v -6 12.8 0.1
v -6 12.9 0.1
v -6 13.1 0.1
v -6 13.2 0.1
v -6 13.8 0.1
v -6 13.9 0.1
v -5.9 0.9 0.1
v -5.9 1 0.1
v -5.9 1.3 0.1
v -5.9 1.4 0.1
v -5.9 2.3 0.1
v -5.9 2.6 0.1
v -5.9 2.8 0.1
v -5.9 2.9 0.1
v -5.9 3.2 0.1
v -5.9 3.3 0.1
v -5.9 4 0.1
v -5.9 4.1 0.1
v -5.9 4.7 0.1
v -5.9 4.8 0.1
v -5.9 5.1 0.1
v -5.9 5.2 0.1
v -5.9 5.5 0.1
v -5.9 5.8 0.1
v -5.9 6.8 0.1
v -5.9 7 0.1
v -5.9 8.1 0.1
v -5.9 8.4 0.1
v -5.9 9.3 0.1
v -5.9 9.6 0.1
v -5.9 10.5 0.1
v -5.9 10.7 0.1
v -5.9 11.6 0.1
v -5.9 11.7 0.1
v -5.9 12 0.1
v -5.9 12.1 0.1
v -5.9 12.6 0.1
v -5.9 12.7 0.1
v -5.9 13.2 0.1
v -5.9 13.3 0.1
v -5.9 13.4 0.1
v -5.9 13.5 0.1
v -5.8 1 0.1
v -5.8 1.3 0.1
v -5.8 2.3 0.1
v -5.8 2.6 0.1
v -5.8 3.1 0.1
v -5.8 3.3 0.1
v -5.8 4.1 0.1
v -5.8 4.5 0.1
v -5.8 4.7 0.1
v -5.8 4.8 0.1
v -5.8 5.1 0.1
v -5.8 5.2 0.1
v -5.8 5.4 0.1
v -5.8 5.5 0.1
v -5.8 5.8 0.1
v -5.8 5.9 0.1
v -5.8 6.7 0.1
v -5.8 6.9 0.1
v -5.8 8 0.1
v -5.8 8.1 0.1
v -5.8 8.4 0.1
v -5.8 8.5 0.1
v -5.8 9.3 0.1
v -5.8 9.6 0.1
v -5.8 10.4 0.1
v -5.8 10.5 0.1
v -5.8 10.7 0.1
v -5.8 10.8 0.1
v -5.8 11.4 0.1
v -5.8 11.5 0.1
v -5.8 12.6 0.1
v -5.8 12.7 0.1
v -5.8 13.4 0.1
v -5.8 13.5 0.1
v -5.8 13.8 0.1
v -5.8 13.9 0.1
v -5.7 1 0.1
v -5.7 1.3 0.1
v -5.7 2.2 0.1
v -5.7 2.3 0.1
v -5.7 2.6 0.1
v -5.7 2.7 0.1
v -5.7 2.9 0.1
v -5.7 3.1 0.1
v -5.7 4.1 0.1
v -5.7 4.5 0.1
v -5.7 6.6 0.1
v -5.7 6.7 0.1
v -5.7 6.9 0.1
v -5.7 7 0.1
v -5.7 7.2 0.1
v -5.7 7.3 0.1
v -5.7 7.8 0.1
v -5.7 7.9 0.1
v -5.7 9.2 0.1
v -5.7 9.3 0.1
v -5.7 9.6 0.1
v -5.7 9.7 0.1
v -5.7 10.2 0.1
v -5.7 10.3 0.1
v -5.7 10.8 0.1
v -5.7 10.9 0.1
v -5.7 11 0.1
v -5.7 11.1 0.1
v -5.7 12.2 0.1
v -5.7 12.3 0.1
v -5.7 12.6 0.1
v -5.7 12.7 0.1
v -5.6 0.9 0.1
v -5.6 1 0.1
v -5.6 1.3 0.1
v -5.6 1.4 0.1
v -5.6 2.9 0.1
v -5.6 3.2 0.1
v -5.6 4 0.1
v -5.6 4.1 0.1
v -5.6 4.5 0.1
v -5.6 4.6 0.1
v -5.6 6 0.1
v -5.6 6.1 0.1
v -5.6 7 0.1
v -5.6 7.1 0.1
v -5.6 7.7 0.1
v -5.6 7.8 0.1
v -5.6 11 0.1
v -5.6 11.1 0.1
v -5.6 11.4 0.1
v -5.6 11.5 0.1
v -5.6 12.3 0.1
v -5.6 12.6 0.1
v -5.6 13.4 0.1
v -5.6 13.5 0.1
v -5.6 13.8 0.1
v -5.6 13.9 0.1
v -5.5 0.7 0.1
v -5.5 0.8 0.1
v -5.5 2 0.1
v -5.5 2.1 0.1
v -5.5 2.8 0.1
v -5.5 2.9 0.1
v -5.5 3.2 0.1
v -5.5 3.3 0.1
v -5.5 3.4 0.1
v -5.5 3.5 0.1
v -5.5 3.8 0.1
v -5.5 3.9 0.1
v -5.5 6.1 0.1
v -5.5 6.2 0.1
v -5.5 6.4 0.1
v -5.5 6.5 0.1
v -5.5 7.3 0.1
v -5.5 7.7 0.1
v -5.5 9 0.1
v -5.5 9.1 0.1
v -5.5 9.8 0.1
v -5.5 9.9 0.1
v -5.5 10.1 0.1
v -5.5 10.2 0.1
v -5.5 12.3 0.1
v -5.5 12.6 0.1
v -5.5 13.5 0.1
v -5.5 13.8 0.1
v -5.4 0.1 0.1
v -5.4 0.2 0.1
v -5.4 1.5 0.1
v -5.4 1.6 0.1
v -5.4 1.9 0.1
v -5.4 2 0.1
v -5.4 3.5 0.1
v -5.4 3.8 0.1
v -5.4 4.7 0.1
v -5.4 4.8 0.1
v -5.4 5.1 0.1
v -5.4 5.2 0.1
v -5.4 6.2 0.1
v -5.4 6.4 0.1
v -5.4 7.3 0.1
v -5.4 7.8 0.1
v -5.4 8.7 0.1
v -5.4 9 0.1
v -5.4 9.9 0.1
v -5.4 10.1 0.1
v -5.4 11 0.1
v -5.4 11.1 0.1
v -5.4 11.4 0.1
v -5.4 11.5 0.1
v -5.4 12.2 0.1
v -5.4 12.3 0.1
v -5.4 12.6 0.1
v -5.4 12.7 0.1
v -5.4 13.5 0.1
v -5.4 13.8 0.1
v -5.3 0.2 0.1
v -5.3 0.3 0.1
v -5.3 0.6 0.1
v -5.3 0.7 0.1
v -5.3 1.6 0.1
v -5.3 1.9 0.1
v -5.3 4 0.1
v -5.3 4.1 0.1
v -5.3 7.2 0.1
v -5.3 7.3 0.1
v -5.3 7.8 0.1
v -5.3 7.9 0.1
v -5.3 8 0.1
v -5.3 8.1 0.1
v -5.3 8.4 0.1
v -5.3 8.5 0.1
v -5.3 9.9 0.1
v -5.3 10.2 0.1
v -5.3 11.1 0.1
v -5.3 11.4 0.1
v -5.3 13.4 0.1
v -5.3 13.5 0.1
v -5.3 13.8 0.1
v -5.3 13.9 0.1
v -5.2 0.3 0.1
v -5.2 0.6 0.1
v -5.2 1.6 0.1
v -5.2 1.9 0.1
v -5.2 2.8 0.1
v -5.2 2.9 0.1
v -5.2 3.2 0.1
v -5.2 3.3 0.1
v -5.2 3.5 0.1
v -5.2 3.7 0.1
v -5.2 4.7 0.1
v -5.2 4.8 0.1
v -5.2 5.1 0.1
v -5.2 5.2 0.1
v -5.2 6 0.1
v -5.2 6.5 0.1
v -5.2 8.1 0.1
v -5.2 8.4 0.1
v -5.2 8.8 0.1
v -5.2 8.9 0.1
v -5.2 9.8 0.1
v -5.2 9.9 0.1
v -5.2 10.2 0.1
v -5.2 10.3 0.1
v -5.2 11.1 0.1
v -5.2 11.4 0.1
v -5.2 11.6 0.1
v -5.2 11.7 0.1
v -5.2 12 0.1
v -5.2 12.1 0.1
v -5.2 12.8 0.1
v -5.2 12.9 0.1
v -5.2 13.2 0.1
v -5.2 13.3 0.1
v -5.1 1.5 0.1
v -5.1 1.6 0.1
v -5.1 1.9 0.1
v -5.1 2 0.1
v -5.1 2.9 0.1
v -5.1 3.2 0.1
v -5.1 3.4 0.1
v -5.1 3.5 0.1
v -5.1 3.7 0.1
v -5.1 3.8 0.1
v -5.1 5.2 0.1
v -5.1 5.3 0.1
v -5.1 5.4 0.1
v -5.1 5.5 0.1
v -5.1 5.8 0.1
v -5.1 5.9 0.1
v -5.1 8.7 0.1
v -5.1 8.8 0.1
v -5.1 8.9 0.1
v -5.1 9 0.1
v -5.1 11 0.1
v -5.1 11.1 0.1
v -5.1 11.4 0.1
v -5.1 11.5 0.1
v -5.1 11.7 0.1
v -5.1 12 0.1
v -5.1 12.9 0.1
v -5.1 13.2 0.1
v -5 0.2 0.1
v -5 0.6 0.1
v -5 2 0.1
v -5 2.1 0.1
v -5 2.2 0.1
v -5 2.3 0.1
v -5 2.6 0.1
v -5 2.7 0.1
v -5 2.9 0.1
v -5 3.2 0.1
v -5 3.4 0.1
v -5 3.5 0.1
v -5 4.1 0.1
v -5 4.2 0.1
v -5 4.5 0.1
v -5 4.6 0.1
v -5 5.5 0.1
v -5 5.8 0.1
v -5 6.6 0.1
v -5 6.7 0.1
v -5 7 0.1
v -5 7.1 0.1
v -5 8.1 0.1
v -5 8.3 0.1
v -5 9 0.1
v -5 9.1 0.1
v -5 9.2 0.1
v -5 9.3 0.1
v -5 9.6 0.1
v -5 9.7 0.1
v -5 10.4 0.1
v -5 10.5 0.1
v -5 10.8 0.1
v -5 10.9 0.1
v -5 11.7 0.1
v -5 12 0.1
v -4.9 0.1 0.1
v -4.9 0.2 0.1
v -4.9 0.6 0.1
v -4.9 0.7 0.1
v -4.9 2.3 0.1
v -4.9 2.6 0.1
v -4.9 2.8 0.1
v -4.9 2.9 0.1
v -4.9 3.2 0.1
v -4.9 3.3 0.1
v -4.9 3.5 0.1
v -4.9 3.8 0.1
v -4.9 4.2 0.1
v -4.9 4.5 0.1
v -4.9 5.5 0.1
v -4.9 5.8 0.1
v -4.9 6.7 0.1
v -4.9 7 0.1
v -4.9 8 0.1
v -4.9 8.1 0.1
v -4.9 8.3 0.1
v -4.9 8.4 0.1
v -4.9 9.3 0.1
v -4.9 9.6 0.1
v -4.9 10.5 0.1
v -4.9 10.8 0.1
v -4.9 11.6 0.1
v -4.9 11.7 0.1
v -4.9 12 0.1
v -4.9 12.1 0.1
v -4.9 12.9 0.1
v -4.9 13.2 0.1
v -4.8 0.7 0.1
v -4.8 0.8 0.1
v -4.8 0.9 0.1
v -4.8 1 0.1
v -4.8 1.3 0.1
v -4.8 1.4 0.1
v -4.8 2.3 0.1
v -4.8 2.6 0.1
v -4.8 4.2 0.1
v -4.8 4.4 0.1
v -4.8 5.4 0.1
v -4.8 5.5 0.1
v -4.8 5.8 0.1
v -4.8 5.9 0.1
v -4.8 6.7 0.1
v -4.8 7 0.1
v -4.8 7.2 0.1
v -4.8 7.3 0.1
v -4.8 7.8 0.1
v -4.8 7.9 0.1
v -4.8 8.4 0.1
v -4.8 8.5 0.1
v -4.8 9.3 0.1
v -4.8 9.6 0.1
v -4.8 12.6 0.1
v -4.8 12.7 0.1
v -4.8 13.2 0.1
v -4.8 13.3 0.1
v -4.7 1 0.1
v -4.7 1.3 0.1
v -4.7 2.2 0.1
v -4.7 2.3 0.1
v -4.7 2.6 0.1
v -4.7 2.7 0.1
v -4.7 3.5 0.1
v -4.7 3.8 0.1
v -4.7 4.1 0.1
v -4.7 4.2 0.1
v -4.7 4.4 0.1
v -4.7 4.6 0.1
v -4.7 6 0.1
v -4.7 6.1 0.1
v -4.7 6.4 0.1
v -4.7 6.5 0.1
v -4.7 6.6 0.1
v -4.7 6.7 0.1
v -4.7 7 0.1
v -4.7 7.1 0.1
v -4.7 7.3 0.1
v -4.7 7.8 0.1
v -4.7 9.2 0.1
v -4.7 9.3 0.1
v -4.7 9.6 0.1
v -4.7 9.7 0.1
v -4.7 10.5 0.1
v -4.7 10.8 0.1
v -4.7 12.2 0.1
v -4.7 12.3 0.1
v -4.7 12.5 0.1
v -4.7 12.6 0.1
v -4.7 12.8 0.1
v -4.7 12.9 0.1
v -4.7 13.4 0.1
v -4.7 13.5 0.1
v -4.6 1 0.1
v -4.6 1.3 0.1
v -4.6 3.2 0.1
v -4.6 3.3 0.1
v -4.6 3.8 0.1
v -4.6 3.9 0.1
v -4.6 4.7 0.1
v -4.6 4.8 0.1
v -4.6 5.2 0.1
v -4.6 5.3 0.1
v -4.6 6.1 0.1
v -4.6 6.4 0.1
v -4.6 7.3 0.1
v -4.6 7.7 0.1
v -4.6 10.2 0.1
v -4.6 10.3 0.1
v -4.6 10.8 0.1
v -4.6 10.9 0.1
v -4.6 12.3 0.1
v -4.6 12.5 0.1
v -4.6 13.5 0.1
v -4.6 13.6 0.1
v -4.6 13.8 0.1
v -4.6 13.9 0.1
v -4.5 0.9 0.1
v -4.5 1 0.1
v -4.5 1.3 0.1
v -4.5 1.4 0.1
v -4.5 2 0.1
v -4.5 2.1 0.1
v -4.5 2.8 0.1
v -4.5 2.9 0.1
v -4.5 3.1 0.1
v -4.5 3.2 0.1
v -4.5 3.4 0.1
v -4.5 3.5 0.1
v -4.5 4.8 0.1
v -4.5 5.2 0.1
v -4.5 7.2 0.1
v -4.5 7.3 0.1
v -4.5 7.7 0.1
v -4.5 7.8 0.1
v -4.5 8.7 0.1
v -4.5 8.8 0.1
v -4.5 9 0.1
v -4.5 9.1 0.1
v -4.5 9.8 0.1
v -4.5 9.9 0.1
v -4.5 10.1 0.1
v -4.5 10.2 0.1
v -4.5 10.4 0.1
v -4.5 10.5 0.1
v -4.5 11 0.1
v -4.5 11.1 0.1
v -4.5 12.3 0.1
v -4.5 12.6 0.1
v -4.5 13.6 0.1
v -4.5 13.8 0.1
v -4.4 0.1 0.1
v -4.4 0.2 0.1
v -4.4 0.7 0.1
v -4.4 0.8 0.1
v -4.4 1.5 0.1
v -4.4 1.6 0.1
v -4.4 1.9 0.1
v -4.4 2 0.1
v -4.4 2.9 0.1
v -4.4 3.1 0.1
v -4.4 4.8 0.1
v -4.4 5.1 0.1
v -4.4 6.1 0.1
v -4.4 6.3 0.1
v -4.4 7.8 0.1
v -4.4 7.9 0.1
v -4.4 8.8 0.1
v -4.4 9 0.1
v -4.4 9.9 0.1
v -4.4 10.1 0.1
v -4.4 11.1 0.1
v -4.4 11.2 0.1
v -4.4 11.4 0.1
v -4.4 11.5 0.1
v -4.4 12.2 0.1
v -4.4 12.3 0.1
v -4.4 12.6 0.1
v -4.4 12.7 0.1
v -4.4 13.5 0.1
v -4.4 13.7 0.1
v -4.3 0.6 0.1
v -4.3 0.7 0.1
v -4.3 1.6 0.1
v -4.3 1.9 0.1
v -4.3 2.9 0.1
v -4.3 3.2 0.1
v -4.3 4.7 0.1
v -4.3 4.8 0.1
v -4.3 5.1 0.1
v -4.3 5.2 0.1
v -4.3 6 0.1
v -4.3 6.1 0.1
v -4.3 6.3 0.1
v -4.3 6.4 0.1
v -4.3 8 0.1
v -4.3 8.1 0.1
v -4.3 8.4 0.1
v -4.3 8.5 0.1
v -4.3 9.9 0.1
v -4.3 10.2 0.1
v -4.3 11.2 0.1
v -4.3 11.4 0.1
v -4.3 13.4 0.1
v -4.3 13.5 0.1
v -4.3 13.7 0.1
v -4.3 13.8 0.1
v -4.2 0.2 0.1
v -4.2 0.6 0.1
v -4.2 1.6 0.1
v -4.2 2 0.1
v -4.2 2.8 0.1
v -4.2 2.9 0.1
v -4.2 3.2 0.1
v -4.2 3.3 0.1
v -4.2 5.2 0.1
v -4.2 5.3 0.1
v -4.2 5.4 0.1
v -4.2 5.5 0.1
v -4.2 5.8 0.1
v -4.2 5.9 0.1
v -4.2 6.4 0.1
v -4.2 6.5 0.1
v -4.2 8.1 0.1
v -4.2 8.4 0.1
v -4.2 8.8 0.1
v -4.2 9 0.1
v -4.2 9.8 0.1
v -4.2 9.9 0.1
v -4.2 10.2 0.1
v -4.2 10.3 0.1
v -4.2 11.1 0.1
v -4.2 11.3 0.1
v -4.2 12.8 0.1
v -4.2 12.9 0.1
v -4.2 13.8 0.1
v -4.2 13.9 0.1
v -4.1 0.2 0.1
v -4.1 0.7 0.1
v -4.1 1.5 0.1
v -4.1 1.6 0.1
v -4.1 2 0.1
v -4.1 2.1 0.1
v -4.1 4.1 0.1
v -4.1 4.2 0.1
v -4.1 4.5 0.1
v -4.1 4.6 0.1
v -4.1 5.7 0.1
v -4.1 5.8 0.1
v -4.1 7 0.1
v -4.1 7.1 0.1
v -4.1 8.1 0.1
v -4.1 8.3 0.1
v -4.1 8.7 0.1
v -4.1 8.8 0.1
v -4.1 9 0.1
v -4.1 9.1 0.1
v -4.1 11 0.1
v -4.1 11.1 0.1
v -4.1 11.3 0.1
v -4.1 11.4 0.1
v -4.1 11.6 0.1
v -4.1 11.7 0.1
v -4.1 12 0.1
v -4.1 12.1 0.1
v -4.1 12.9 0.1
v -4.1 13 0.1
v -4.1 13.2 0.1
v -4.1 13.3 0.1
v -4 0.1 0.1
v -4 0.2 0.1
v -4 0.7 0.1
v -4 0.8 0.1
v -4 0.9 0.1
v -4 1 0.1
v -4 1.3 0.1
v -4 1.4 0.1
v -4 3.4 0.1
v -4 3.5 0.1
v -4 4.2 0.1
v -4 4.5 0.1
v -4 5.5 0.1
v -4 5.7 0.1
v -4 6.6 0.1
v -4 6.7 0.1
v -4 8 0.1
v -4 8.1 0.1
v -4 8.3 0.1
v -4 8.5 0.1
v -4 10.4 0.1
v -4 10.5 0.1
v -4 11.4 0.1
v -4 11.5 0.1
v -4 11.7 0.1
v -4 12 0.1
v -4 13 0.1
v -4 13.2 0.1
v -3.9 1 0.1
v -3.9 1.3 0.1
v -3.9 2.2 0.1
v -3.9 2.3 0.1
v -3.9 2.6 0.1
v -3.9 2.7 0.1
v -3.9 3.5 0.1
v -3.9 3.6 0.1
v -3.9 3.8 0.1
v -3.9 3.9 0.1
v -3.9 4.2 0.1
v -3.9 4.5 0.1
v -3.9 5.5 0.1
v -3.9 5.7 0.1
v -3.9 6.7 0.1
v -3.9 7 0.1
v -3.9 7.8 0.1
v -3.9 7.9 0.1
v -3.9 9.2 0.1
v -3.9 9.3 0.1
v -3.9 9.6 0.1
v -3.9 9.7 0.1
v -3.9 10.5 0.1
v -3.9 10.6 0.1
v -3.9 10.8 0.1
v -3.9 10.9 0.1
v -3.9 11.7 0.1
v -3.9 12 0.1
v -3.9 13 0.1
v -3.9 13.2 0.1
v -3.8 2.3 0.1
v -3.8 2.6 0.1
v -3.8 3.6 0.1
v -3.8 3.8 0.1
v -3.8 4.1 0.1
v -3.8 4.2 0.1
v -3.8 4.5 0.1
v -3.8 4.6 0.1
v -3.8 5.2 0.1
v -3.8 5.3 0.1
v -3.8 5.4 0.1
v -3.8 5.5 0.1
v -3.8 5.7 0.1
v -3.8 5.8 0.1
v -3.8 6.7 0.1
v -3.8 6.9 0.1
v -3.8 7.2 0.1
v -3.8 7.3 0.1
v -3.8 9.3 0.1
v -3.8 9.6 0.1
v -3.8 10.6 0.1
v -3.8 10.8 0.1
v -3.8 11.6 0.1
v -3.8 11.7 0.1
v -3.8 12 0.1
v -3.8 12.1 0.1
v -3.8 12.9 0.1
v -3.8 13 0.1
v -3.8 13.2 0.1
v -3.8 13.3 0.1
v -3.7 1 0.1
v -3.7 1.2 0.1
v -3.7 2.3 0.1
v -3.7 2.6 0.1
v -3.7 3.6 0.1
v -3.7 3.8 0.1
v -3.7 4.7 0.1
v -3.7 4.8 0.1
v -3.7 5.8 0.1
v -3.7 5.9 0.1
v -3.7 6.9 0.1
v -3.7 7 0.1
v -3.7 7.3 0.1
v -3.7 7.8 0.1
v -3.7 9.3 0.1
v -3.7 9.6 0.1
v -3.7 10.6 0.1
v -3.7 10.8 0.1
v -3.7 12.8 0.1
v -3.7 12.9 0.1
v -3.6 0.9 0.1
v -3.6 1 0.1
v -3.6 1.2 0.1
v -3.6 1.3 0.1
v -3.6 1.5 0.1
v -3.6 1.6 0.1
v -3.6 2.2 0.1
v -3.6 2.3 0.1
v -3.6 2.6 0.1
v -3.6 2.7 0.1
v -3.6 3.5 0.1
v -3.6 3.6 0.1
v -3.6 3.8 0.1
v -3.6 3.9 0.1
v -3.6 5.1 0.1
v -3.6 5.2 0.1
v -3.6 6.4 0.1
v -3.6 6.5 0.1
v -3.6 6.6 0.1
v -3.6 6.7 0.1
v -3.6 7.3 0.1
v -3.6 7.7 0.1
v -3.6 8.7 0.1
v -3.6 8.8 0.1
v -3.6 9.2 0.1
v -3.6 9.3 0.1
v -3.6 9.6 0.1
v -3.6 9.7 0.1
v -3.6 10.5 0.1
v -3.6 10.6 0.1
v -3.6 10.8 0.1
v -3.6 10.9 0.1
v -3.6 12.2 0.1
v -3.6 12.3 0.1
v -3.6 12.6 0.1
v -3.6 12.7 0.1
v -3.6 13.4 0.1
v -3.6 13.5 0.1
v -3.6 13.8 0.1
v -3.6 13.9 0.1
v -3.5 0.1 0.1
v -3.5 0.2 0.1
v -3.5 0.7 0.1
v -3.5 0.8 0.1
v -3.5 1.3 0.1
v -3.5 1.4 0.1
v -3.5 2 0.1
v -3.5 2.1 0.1
v -3.5 3.4 0.1
v -3.5 3.5 0.1
v -3.5 4.8 0.1
v -3.5 5.1 0.1
v -3.5 6 0.1
v -3.5 6.1 0.1
v -3.5 6.3 0.1
v -3.5 6.4 0.1
v -3.5 7 0.1
v -3.5 7.1 0.1
v -3.5 7.2 0.1
v -3.5 7.3 0.1
v -3.5 7.7 0.1
v -3.5 7.8 0.1
v -3.5 9 0.1
v -3.5 9.1 0.1
v -3.5 10.4 0.1
v -3.5 10.5 0.1
v -3.5 12.3 0.1
v -3.5 12.6 0.1
v -3.5 13.5 0.1
v -3.5 13.8 0.1
v -3.4 0.2 0.1
v -3.4 0.7 0.1
v -3.4 1.6 0.1
v -3.4 2 0.1
v -3.4 2.8 0.1
v -3.4 2.9 0.1
v -3.4 3.2 0.1
v -3.4 3.3 0.1
v -3.4 4.8 0.1
v -3.4 5.1 0.1
v -3.4 6.1 0.1
v -3.4 6.3 0.1
v -3.4 7.8 0.1
v -3.4 7.9 0.1
v -3.4 8 0.1
v -3.4 8.1 0.1
v -3.4 8.4 0.1
v -3.4 8.5 0.1
v -3.4 8.8 0.1
v -3.4 9 0.1
v -3.4 9.8 0.1
v -3.4 9.9 0.1
v -3.4 10.2 0.1
v -3.4 10.3 0.1
v -3.4 11 0.1
v -3.4 11.1 0.1
v -3.4 11.4 0.1
v -3.4 11.5 0.1
v -3.4 13.5 0.1
v -3.4 13.8 0.1
v -3.3 0.2 0.1
v -3.3 0.6 0.1
v -3.3 1.6 0.1
v -3.3 1.9 0.1
v -3.3 2.9 0.1
v -3.3 3.2 0.1
v -3.3 4.7 0.1
v -3.3 4.8 0.1
v -3.3 5.1 0.1
v -3.3 5.2 0.1
v -3.3 6.1 0.1
v -3.3 6.4 0.1
v -3.3 8.1 0.1
v -3.3 8.4 0.1
v -3.3 8.7 0.1
v -3.3 8.9 0.1
v -3.3 9.9 0.1
v -3.3 10.2 0.1
v -3.3 11.1 0.1
v -3.3 11.4 0.1
v -3.3 11.6 0.1
v -3.3 11.7 0.1
v -3.3 12 0.1
v -3.3 12.1 0.1
v -3.3 12.3 0.1
v -3.3 12.6 0.1
v -3.2 0.1 0.1
v -3.2 0.2 0.1
v -3.2 0.6 0.1
v -3.2 0.7 0.1
v -3.2 1.5 0.1
v -3.2 1.6 0.1
v -3.2 1.9 0.1
v -3.2 2 0.1
v -3.2 4.5 0.1
v -3.2 4.6 0.1
v -3.2 5.2 0.1
v -3.2 5.3 0.1
v -3.2 6 0.1
v -3.2 6.1 0.1
v -3.2 6.4 0.1
v -3.2 6.5 0.1
v -3.2 8.1 0.1
v -3.2 8.4 0.1
v -3.2 8.6 0.1
v -3.2 8.7 0.1
v -3.2 8.9 0.1
v -3.2 9 0.1
v -3.2 9.2 0.1
v -3.2 9.3 0.1
v -3.2 9.6 0.1
v -3.2 9.7 0.1
v -3.2 11.1 0.1
v -3.2 11.4 0.1
v -3.2 11.6 0.1
v -3.2 11.7 0.1
v -3.2 12 0.1
v -3.2 12.1 0.1
v -3.2 13.5 0.1
v -3.2 13.8 0.1
v -3.1 0.7 0.1
v -3.1 0.8 0.1
v -3.1 1.5 0.1
v -3.1 1.6 0.1
v -3.1 2.2 0.1
v -3.1 2.3 0.1
v -3.1 2.6 0.1
v -3.1 2.7 0.1
v -3.1 2.9 0.1
v -3.1 3.2 0.1
v -3.1 4.1 0.1
v -3.1 4.2 0.1
v -3.1 4.4 0.1
v -3.1 4.5 0.1
v -3.1 5.4 0.1
v -3.1 5.5 0.1
v -3.1 5.8 0.1
v -3.1 5.9 0.1
v -3.1 7.8 0.1
v -3.1 7.9 0.1
v -3.1 8 0.1
v -3.1 8.1 0.1
v -3.1 8.4 0.1
v -3.1 8.5 0.1
v -3.1 8.6 0.1
v -3.1 8.7 0.1
v -3.1 8.9 0.1
v -3.1 9 0.1
v -3.1 9.3 0.1
v -3.1 9.6 0.1
v -3.1 9.9 0.1
v -3.1 10.2 0.1
v -3.1 12.2 0.1
v -3.1 12.3 0.1
v -3.1 12.6 0.1
v -3.1 12.7 0.1
v -3.1 13.5 0.1
v -3.1 13.7 0.1
v -3 0.1 0.1
v -3 0.2 0.1
v -3 0.6 0.1
v -3 0.8 0.1
v -3 1.6 0.1
v -3 2 0.1
v -3 2.2 0.1
v -3 2.3 0.1
v -3 2.6 0.1
v -3 2.7 0.1
v -3 4.2 0.1
v -3 4.4 0.1
v -3 5.5 0.1
v -3 5.8 0.1
v -3 6.6 0.1
v -3 6.7 0.1
v -3 7 0.1
v -3 7.1 0.1
v -3 7.2 0.1
v -3 7.3 0.1
v -3 7.7 0.1
v -3 7.8 0.1
v -3 8.4 0.1
v -3 8.5 0.1
v -3 8.7 0.1
v -3 8.9 0.1
v -3 9.3 0.1
v -3 9.6 0.1
v -3 11.1 0.1
v -3 11.4 0.1
v -3 13.4 0.1
v -3 13.5 0.1
v -3 13.7 0.1
v -3 13.8 0.1
v -2.9 0.2 0.1
v -2.9 0.6 0.1
v -2.9 1.6 0.1
v -2.9 2 0.1
v -2.9 2.8 0.1
v -2.9 2.9 0.1
v -2.9 3.2 0.1
v -2.9 3.3 0.1
v -2.9 5.5 0.1
v -2.9 5.7 0.1
v -2.9 6.7 0.1
v -2.9 7 0.1
v -2.9 7.3 0.1
v -2.9 7.7 0.1
v -2.9 7.9 0.1
v -2.9 8 0.1
v -2.9 8.6 0.1
v -2.9 9 0.1
v -2.9 9.2 0.1
v -2.9 9.3 0.1
v -2.9 9.6 0.1
v -2.9 9.7 0.1
v -2.9 9.8 0.1
v -2.9 9.9 0.1
v -2.9 10.2 0.1
v -2.9 10.3 0.1
v -2.9 11.1 0.1
v -2.9 11.3 0.1
v -2.9 12.8 0.1
v -2.9 12.9 0.1
v -2.9 13.8 0.1
v -2.9 13.9 0.1
v -2.8 0.2 0.1
v -2.8 0.7 0.1
v -2.8 1.5 0.1
v -2.8 1.6 0.1
v -2.8 2 0.1
v -2.8 2.1 0.1
v -2.8 4.2 0.1
v -2.8 4.5 0.1
v -2.8 5.4 0.1
v -2.8 5.5 0.1
v -2.8 5.7 0.1
v -2.8 5.8 0.1
v -2.8 6.7 0.1
v -2.8 7 0.1
v -2.8 7.3 0.1
v -2.8 7.7 0.1
v -2.8 8.5 0.1
v -2.8 8.6 0.1
v -2.8 9 0.1
v -2.8 9.1 0.1
v -2.8 11 0.1
v -2.8 11.1 0.1
v -2.8 11.3 0.1
v -2.8 11.4 0.1
v -2.8 11.6 0.1
v -2.8 11.7 0.1
v -2.8 12 0.1
v -2.8 12.1 0.1
v -2.8 12.9 0.1
v -2.8 13 0.1
v -2.8 13.2 0.1
v -2.8 13.3 0.1
v -2.7 0.1 0.1
v -2.7 0.2 0.1
v -2.7 0.7 0.1
v -2.7 0.8 0.1
v -2.7 0.9 0.1
v -2.7 1 0.1
v -2.7 1.3 0.1
v -2.7 1.4 0.1
v -2.7 3.4 0.1
v -2.7 3.5 0.1
v -2.7 4.1 0.1
v -2.7 4.2 0.1
v -2.7 4.5 0.1
v -2.7 4.6 0.1
v -2.7 5.2 0.1
v -2.7 5.3 0.1
v -2.7 5.8 0.1
v -2.7 5.9 0.1
v -2.7 6.6 0.1
v -2.7 6.7 0.1
v -2.7 7 0.1
v -2.7 7.1 0.1
v -2.7 7.2 0.1
v -2.7 7.3 0.1
v -2.7 7.7 0.1
v -2.7 7.8 0.1
v -2.7 7.9 0.1
v -2.7 8 0.1
v -2.7 8.3 0.1
v -2.7 8.4 0.1
v -2.7 10.4 0.1
v -2.7 10.5 0.1
v -2.7 11.4 0.1
v -2.7 11.5 0.1
v -2.7 11.7 0.1
v -2.7 12 0.1
v -2.7 13 0.1
v -2.7 13.2 0.1
v -2.6 1 0.1
v -2.6 1.3 0.1
v -2.6 2.2 0.1
v -2.6 2.3 0.1
v -2.6 2.6 0.1
v -2.6 2.7 0.1
v -2.6 3.5 0.1
v -2.6 3.6 0.1
v -2.6 3.8 0.1
v -2.6 3.9 0.1
v -2.6 4.7 0.1
v -2.6 4.8 0.1
v -2.6 5.1 0.1
v -2.6 5.2 0.1
v -2.6 6 0.1
v -2.6 6.1 0.1
v -2.6 6.4 0.1
v -2.6 6.5 0.1
v -2.6 8 0.1
v -2.6 8.3 0.1
v -2.6 9.2 0.1
v -2.6 9.3 0.1
v -2.6 9.6 0.1
v -2.6 9.7 0.1
v -2.6 10.5 0.1
v -2.6 10.6 0.1
v -2.6 10.8 0.1
v -2.6 10.9 0.1
v -2.6 11.7 0.1
v -2.6 12 0.1
v -2.6 13 0.1
v -2.6 13.2 0.1
v -2.5 2.3 0.1
v -2.5 2.6 0.1
v -2.5 3.6 0.1
v -2.5 3.8 0.1
v -2.5 4.8 0.1
v -2.5 5.1 0.1
v -2.5 6.1 0.1
v -2.5 6.4 0.1
v -2.5 9.3 0.1
v -2.5 9.6 0.1
v -2.5 10.6 0.1
v -2.5 10.8 0.1
v -2.5 11.6 0.1
v -2.5 11.7 0.1
v -2.5 12 0.1
v -2.5 12.1 0.1
v -2.5 12.9 0.1
v -2.5 13 0.1
v -2.5 13.2 0.1
v -2.5 13.3 0.1
v -2.4 1 0.1
v -2.4 1.2 0.1
v -2.4 2.3 0.1
v -2.4 2.6 0.1
v -2.4 3.6 0.1
v -2.4 3.8 0.1
v -2.4 6.1 0.1
v -2.4 6.4 0.1
v -2.4 8 0.1
v -2.4 8.2 0.1
v -2.4 9.3 0.1
v -2.4 9.6 0.1
v -2.4 10.6 0.1
v -2.4 10.8 0.1
v -2.4 12.8 0.1
v -2.4 12.9 0.1
v -2.3 0.9 0.1
v -2.3 1 0.1
v -2.3 1.2 0.1
v -2.3 1.3 0.1
v -2.3 1.5 0.1
v -2.3 1.6 0.1
v -2.3 2.2 0.1
v -2.3 2.3 0.1
v -2.3 2.6 0.1
v -2.3 2.7 0.1
v -2.3 3.5 0.1
v -2.3 3.6 0.1
v -2.3 3.8 0.1
v -2.3 3.9 0.1
v -2.3 4.8 0.1
v -2.3 5.1 0.1
v -2.3 6 0.1
v -2.3 6.1 0.1
v -2.3 6.4 0.1
v -2.3 6.5 0.1
v -2.3 6.6 0.1
v -2.3 6.7 0.1
v -2.3 7 0.1
v -2.3 7.1 0.1
v -2.3 7.9 0.1
v -2.3 8 0.1
v -2.3 8.2 0.1
v -2.3 8.3 0.1
v -2.3 8.5 0.1
v -2.3 8.6 0.1
v -2.3 9.2 0.1
v -2.3 9.3 0.1
v -2.3 9.6 0.1
v -2.3 9.7 0.1
v -2.3 10.5 0.1
v -2.3 10.6 0.1
v -2.3 10.8 0.1
v -2.3 10.9 0.1
v -2.3 12.2 0.1
v -2.3 12.3 0.1
v -2.3 12.6 0.1
v -2.3 12.7 0.1
v -2.3 13.4 0.1
v -2.3 13.5 0.1
v -2.3 13.8 0.1
v -2.3 13.9 0.1
v -2.2 0.1 0.1
v -2.2 0.2 0.1
v -2.2 0.7 0.1
v -2.2 0.8 0.1
v -2.2 1.3 0.1
v -2.2 1.4 0.1
v -2.2 2 0.1
v -2.2 2.1 0.1
v -2.2 3.4 0.1
v -2.2 3.5 0.1
v -2.2 4.7 0.1
v -2.2 4.8 0.1
v -2.2 5.1 0.1
v -2.2 5.2 0.1
v -2.2 6.7 0.1
v -2.2 7 0.1
v -2.2 7.2 0.1
v -2.2 7.3 0.1
v -2.2 7.7 0.1
v -2.2 7.8 0.1
v -2.2 8.3 0.1
v -2.2 8.4 0.1
v -2.2 9 0.1
v -2.2 9.1 0.1
v -2.2 10.4 0.1
v -2.2 10.5 0.1
v -2.2 12.3 0.1
v -2.2 12.6 0.1
v -2.2 13.5 0.1
v -2.2 13.8 0.1
v -2.1 0.2 0.1
v -2.1 0.7 0.1
v -2.1 1.6 0.1
v -2.1 2 0.1
v -2.1 2.8 0.1
v -2.1 2.9 0.1
v -2.1 3.2 0.1
v -2.1 3.3 0.1
v -2.1 4.1 0.1
v -2.1 4.2 0.1
v -2.1 4.5 0.1
v -2.1 4.6 0.1
v -2.1 5.2 0.1
v -2.1 5.3 0.1
v -2.1 5.4 0.1
v -2.1 5.5 0.1
v -2.1 5.8 0.1
v -2.1 5.9 0.1
v -2.1 6.7 0.1
v -2.1 7 0.1
v -2.1 7.3 0.1
v -2.1 7.7 0.1
v -2.1 8.6 0.1
v -2.1 9 0.1
v -2.1 9.8 0.1
v -2.1 9.9 0.1
v -2.1 10.2 0.1
v -2.1 10.3 0.1
v -2.1 11 0.1
v -2.1 11.1 0.1
v -2.1 11.4 0.1
v -2.1 11.5 0.1
v -2.1 12.2 0.1
v -2.1 12.7 0.1
v -2.1 13.5 0.1
v -2.1 13.8 0.1
v -2 0.2 0.1
v -2 0.6 0.1
v -2 1.6 0.1
v -2 1.9 0.1
v -2 2.9 0.1
v -2 3.2 0.1
v -2 4.2 0.1
v -2 4.5 0.1
v -2 5.5 0.1
v -2 5.8 0.1
v -2 6.6 0.1
v -2 6.7 0.1
v -2 7.4 0.1
v -2 7.6 0.1
v -2 8.6 0.1
v -2 8.9 0.1
v -2 9.9 0.1
v -2 10.2 0.1
v -2 11.1 0.1
v -2 11.4 0.1
v -2 11.6 0.1
v -2 11.7 0.1
v -2 12 0.1
v -2 12.1 0.1
v -2 13.4 0.1
v -2 13.5 0.1
v -2 13.8 0.1
v -2 13.9 0.1
v -1.9 0.1 0.1
v -1.9 0.2 0.1
v -1.9 0.6 0.1
v -1.9 0.7 0.1
v -1.9 1.5 0.1
v -1.9 1.6 0.1
v -1.9 1.9 0.1
v -1.9 2 0.1
v -1.9 2.8 0.1
v -1.9 3.3 0.1
v -1.9 4.3 0.1
v -1.9 4.5 0.1
v -1.9 5.5 0.1
v -1.9 5.8 0.1
v -1.9 7 0.1
v -1.9 7.1 0.1
v -1.9 7.3 0.1
v -1.9 7.4 0.1
v -1.9 7.6 0.1
v -1.9 7.7 0.1
v -1.9 8.5 0.1
v -1.9 8.6 0.1
v -1.9 8.9 0.1
v -1.9 9 0.1
v -1.9 9.8 0.1
v -1.9 10.3 0.1
v -1.9 11.1 0.1
v -1.9 11.4 0.1
v -1.9 11.7 0.1
v -1.9 12 0.1
v -1.9 12.8 0.1
v -1.9 12.9 0.1
v -1.9 13.2 0.1
v -1.9 13.3 0.1
v -1.8 0.7 0.1
v -1.8 0.8 0.1
v -1.8 2 0.1
v -1.8 2.1 0.1
v -1.8 2.2 0.1
v -1.8 2.3 0.1
v -1.8 2.6 0.1
v -1.8 2.7 0.1
v -1.8 4.2 0.1
v -1.8 4.3 0.1
v -1.8 4.5 0.1
v -1.8 4.6 0.1
v -1.8 5.2 0.1
v -1.8 5.3 0.1
v -1.8 5.4 0.1
v -1.8 5.5 0.1
v -1.8 5.8 0.1
v -1.8 5.9 0.1
v -1.8 6 0.1
v -1.8 6.1 0.1
v -1.8 6.4 0.1
v -1.8 6.5 0.1
v -1.8 7.2 0.1
v -1.8 7.3 0.1
v -1.8 7.7 0.1
v -1.8 7.8 0.1
v -1.8 9 0.1
v -1.8 9.1 0.1
v -1.8 9.2 0.1
v -1.8 9.3 0.1
v -1.8 9.6 0.1
v -1.8 9.7 0.1
v -1.8 11 0.1
v -1.8 11.1 0.1
v -1.8 11.4 0.1
v -1.8 11.5 0.1
v -1.8 11.7 0.1
v -1.8 12 0.1
v -1.8 12.9 0.1
v -1.8 13.2 0.1
v -1.7 0.9 0.1
v -1.7 1 0.1
v -1.7 1.3 0.1
v -1.7 1.4 0.1
v -1.7 2.3 0.1
v -1.7 2.6 0.1
v -1.7 3.4 0.1
v -1.7 3.5 0.1
v -1.7 3.8 0.1
v -1.7 3.9 0.1
v -1.7 4.1 0.1
v -1.7 4.2 0.1
v -1.7 4.7 0.1
v -1.7 4.8 0.1
v -1.7 6.1 0.1
v -1.7 6.4 0.1
v -1.7 7.9 0.1
v -1.7 8 0.1
v -1.7 8.3 0.1
v -1.7 8.4 0.1
v -1.7 9.3 0.1
v -1.7 9.6 0.1
v -1.7 10.4 0.1
v -1.7 10.5 0.1
v -1.7 10.8 0.1
v -1.7 10.9 0.1
v -1.7 11.6 0.1
v -1.7 11.7 0.1
v -1.7 12 0.1
v -1.7 12.1 0.1
v -1.7 12.9 0.1
v -1.7 13.2 0.1
v -1.6 1 0.1
v -1.6 1.3 0.1
v -1.6 2.3 0.1
v -1.6 2.6 0.1
v -1.6 3.5 0.1
v -1.6 3.8 0.1
v -1.6 4.8 0.1
v -1.6 5.2 0.1
v -1.6 6.1 0.1
v -1.6 6.3 0.1
v -1.6 8 0.1
v -1.6 8.3 0.1
v -1.6 9.3 0.1
v -1.6 9.6 0.1
v -1.6 10.5 0.1
v -1.6 10.8 0.1
v -1.6 12.2 0.1
v -1.6 12.3 0.1
v -1.6 12.6 0.1
v -1.6 12.7 0.1
v -1.6 12.8 0.1
v -1.6 12.9 0.1
v -1.6 13.2 0.1
v -1.6 13.3 0.1
v -1.5 1 0.1
v -1.5 1.2 0.1
v -1.5 2.2 0.1
v -1.5 2.3 0.1
v -1.5 2.6 0.1
v -1.5 2.7 0.1
v -1.5 3.5 0.1
v -1.5 3.8 0.1
v -1.5 4.9 0.1
v -1.5 5.1 0.1
v -1.5 6 0.1
v -1.5 6.1 0.1
v -1.5 6.3 0.1
v -1.5 6.4 0.1
v -1.5 8 0.1
v -1.5 8.2 0.1
v -1.5 9.2 0.1
v -1.5 9.3 0.1
v -1.5 9.6 0.1
v -1.5 9.7 0.1
v -1.5 10.5 0.1
v -1.5 10.8 0.1
v -1.5 12.3 0.1
v -1.5 12.6 0.1
v -1.4 0.9 0.1
v -1.4 1 0.1
v -1.4 1.2 0.1
v -1.4 1.4 0.1
v -1.4 2.8 0.1
v -1.4 2.9 0.1
v -1.4 3.2 0.1
v -1.4 3.3 0.1
v -1.4 3.4 0.1
v -1.4 3.5 0.1
v -1.4 3.8 0.1
v -1.4 3.9 0.1
v -1.4 4.8 0.1
v -1.4 4.9 0.1
v -1.4 5.1 0.1
v -1.4 5.2 0.1
v -1.4 6.4 0.1
v -1.4 6.5 0.1
v -1.4 7 0.1
v -1.4 7.1 0.1
v -1.4 7.9 0.1
v -1.4 8 0.1
v -1.4 8.2 0.1
v -1.4 8.4 0.1
v -1.4 9.8 0.1
v -1.4 9.9 0.1
v -1.4 10.2 0.1
v -1.4 10.3 0.1
v -1.4 10.4 0.1
v -1.4 10.5 0.1
v -1.4 10.8 0.1
v -1.4 10.9 0.1
v -1.4 13.4 0.1
v -1.4 13.5 0.1
v -1.4 13.8 0.1
v -1.4 13.9 0.1
v -1.3 0.7 0.1
v -1.3 0.8 0.1
v -1.3 1.5 0.1
v -1.3 1.6 0.1
v -1.3 2 0.1
v -1.3 2.1 0.1
v -1.3 2.9 0.1
v -1.3 3.2 0.1
v -1.3 4.7 0.1
v -1.3 4.8 0.1
v -1.3 5.8 0.1
v -1.3 5.9 0.1
v -1.3 7.7 0.1
v -1.3 7.8 0.1
v -1.3 8.5 0.1
v -1.3 8.6 0.1
v -1.3 9 0.1
v -1.3 9.1 0.1
v -1.3 9.9 0.1
v -1.3 10.2 0.1
v -1.3 12.3 0.1
v -1.3 12.5 0.1
v -1.3 13.5 0.1
v -1.3 13.8 0.1
v -1.2 0.1 0.1
v -1.2 0.2 0.1
v -1.2 1.6 0.1
v -1.2 2 0.1
v -1.2 5.2 0.1
v -1.2 5.3 0.1
v -1.2 5.4 0.1
v -1.2 5.5 0.1
v -1.2 5.7 0.1
v -1.2 5.8 0.1
v -1.2 6.6 0.1
v -1.2 6.7 0.1
v -1.2 6.9 0.1
v -1.2 7 0.1
v -1.2 7.2 0.1
v -1.2 7.3 0.1
v -1.2 8.6 0.1
v -1.2 9 0.1
v -1.2 11 0.1
v -1.2 11.1 0.1
v -1.2 11.4 0.1
v -1.2 11.5 0.1
v -1.2 12.2 0.1
v -1.2 12.3 0.1
v -1.2 12.5 0.1
v -1.2 12.6 0.1
v -1.2 13.5 0.1
v -1.2 13.8 0.1
v -1.1 0.2 0.1
v -1.1 0.7 0.1
v -1.1 1.6 0.1
v -1.1 1.9 0.1
v -1.1 2.9 0.1
v -1.1 3.1 0.1
v -1.1 5.5 0.1
v -1.1 5.7 0.1
v -1.1 6.7 0.1
v -1.1 6.9 0.1
v -1.1 7.3 0.1
v -1.1 7.7 0.1
v -1.1 8.6 0.1
v -1.1 8.9 0.1
v -1.1 9.9 0.1
v -1.1 10.1 0.1
v -1.1 11.1 0.1
v -1.1 11.4 0.1
v -1.1 11.6 0.1
v -1.1 11.7 0.1
v -1.1 12 0.1
v -1.1 12.1 0.1
v -1.1 12.6 0.1
v -1.1 12.7 0.1
v -1.1 13.4 0.1
v -1.1 13.5 0.1
v -1.1 13.8 0.1
v -1.1 13.9 0.1
v -1 0.2 0.1
v -1 0.6 0.1
v -1 1.5 0.1
v -1 1.6 0.1
v -1 1.9 0.1
v -1 2 0.1
v -1 2.8 0.1
v -1 2.9 0.1
v -1 3.1 0.1
v -1 3.2 0.1
v -1 4.1 0.1
v -1 4.2 0.1
v -1 4.5 0.1
v -1 4.6 0.1
v -1 5.5 0.1
v -1 5.8 0.1
v -1 6.7 0.1
v -1 6.9 0.1
v -1 7.4 0.1
v -1 7.6 0.1
v -1 8.5 0.1
v -1 8.6 0.1
v -1 8.9 0.1
v -1 9 0.1
v -1 9.8 0.1
v -1 9.9 0.1
v -1 10.1 0.1
v -1 10.2 0.1
v -1 11.1 0.1
v -1 11.4 0.1
v -1 11.9 0.1
v -1 12 0.1
v -1 13.2 0.1
v -1 13.3 0.1
v -0.900001 0.1 0.1
v -0.900001 0.2 0.1
v -0.900001 0.6 0.1
v -0.900001 0.7 0.1
v -0.900001 2 0.1
v -0.900001 2.1 0.1
v -0.900001 2.2 0.1
v -0.900001 2.3 0.1
v -0.900001 2.6 0.1
v -0.900001 2.7 0.1
v -0.900001 3.2 0.1
v -0.900001 3.3 0.1
v -0.900001 4.2 0.1
v -0.900001 4.5 0.1
v -0.900001 5.4 0.1
v -0.900001 5.5 0.1
v -0.900001 5.8 0.1
v -0.900001 5.9 0.1
v -0.900001 6.6 0.1
v -0.900001 6.7 0.1
v -0.900001 6.9 0.1
v -0.900001 7 0.1
v -0.900001 7.3 0.1
v -0.900001 7.4 0.1
v -0.900001 7.6 0.1
v -0.900001 7.7 0.1
v -0.900001 9 0.1
v -0.900001 9.1 0.1
v -0.900001 9.2 0.1
v -0.900001 9.3 0.1
v -0.900001 9.6 0.1
v -0.900001 9.7 0.1
v -0.900001 10.2 0.1
v -0.900001 10.3 0.1
v -0.900001 11 0.1
v -0.900001 11.1 0.1
v -0.900001 11.4 0.1
v -0.900001 11.5 0.1
v -0.900001 11.7 0.1
v -0.900001 11.9 0.1
v -0.900001 12.8 0.1
v -0.900001 12.9 0.1
v -0.8 0.7 0.1
v -0.8 0.8 0.1
v -0.8 0.9 0.1
v -0.8 1 0.1
v -0.8 1.3 0.1
v -0.8 1.4 0.1
v -0.8 2.5 0.1
v -0.8 2.6 0.1
v -0.8 3.8 0.1
v -0.8 3.9 0.1
v -0.8 4.2 0.1
v -0.8 4.5 0.1
v -0.8 7 0.1
v -0.8 7.1 0.1
v -0.8 7.2 0.1
v -0.8 7.3 0.1
v -0.8 7.7 0.1
v -0.8 7.8 0.1
v -0.8 7.9 0.1
v -0.8 8 0.1
v -0.8 8.3 0.1
v -0.8 8.4 0.1
v -0.8 9.5 0.1
v -0.8 9.6 0.1
v -0.8 10.8 0.1
v -0.8 10.9 0.1
v -0.8 11.7 0.1
v -0.8 11.9 0.1
v -0.8 12.9 0.1
v -0.8 13.2 0.1
v -0.7 1 0.1
v -0.7 1.3 0.1
v -0.7 2.3 0.1
v -0.7 2.5 0.1
v -0.7 3.4 0.1
v -0.7 3.5 0.1
v -0.7 4.1 0.1
v -0.7 4.2 0.1
v -0.7 4.5 0.1
v -0.7 4.6 0.1
v -0.7 5.2 0.1
v -0.7 5.3 0.1
v -0.7 6 0.1
v -0.7 6.1 0.1
v -0.7 6.4 0.1
v -0.7 6.5 0.1
v -0.7 8 0.1
v -0.7 8.3 0.1
v -0.7 9.3 0.1
v -0.7 9.5 0.1
v -0.7 10.4 0.1
v -0.7 10.5 0.1
v -0.7 11.6 0.1
v -0.7 11.7 0.1
v -0.7 11.9 0.1
v -0.7 12 0.1
v -0.7 12.9 0.1
v -0.7 13.1 0.1
v -0.6 1 0.1
v -0.6 1.3 0.1
v -0.6 2.3 0.1
v -0.6 2.5 0.1
v -0.6 3.5 0.1
v -0.6 3.8 0.1
v -0.6 4.7 0.1
v -0.6 4.8 0.1
v -0.6 5.1 0.1
v -0.6 5.2 0.1
v -0.6 6.1 0.1
v -0.6 6.4 0.1
v -0.6 8 0.1
v -0.6 8.3 0.1
v -0.6 9.3 0.1
v -0.6 9.5 0.1
v -0.6 10.5 0.1
v -0.6 10.8 0.1
v -0.6 12 0.1
v -0.6 12.1 0.1
v -0.6 13.1 0.1
v -0.6 13.2 0.1
v -0.5 0.9 0.1
v -0.5 1 0.1
v -0.5 1.3 0.1
v -0.5 1.4 0.1
v -0.5 2 0.1
v -0.5 2.1 0.1
v -0.5 2.2 0.1
v -0.5 2.3 0.1
v -0.5 2.5 0.1
v -0.5 2.6 0.1
v -0.5 3.5 0.1
v -0.5 3.7 0.1
v -0.5 4.8 0.1
v -0.5 5.1 0.1
v -0.5 6.1 0.1
v -0.5 6.4 0.1
v -0.5 7.9 0.1
v -0.5 8 0.1
v -0.5 8.3 0.1
v -0.5 8.4 0.1
v -0.5 9 0.1
v -0.5 9.1 0.1
v -0.5 9.2 0.1
v -0.5 9.3 0.1
v -0.5 9.5 0.1
v -0.5 9.6 0.1
v -0.5 10.5 0.1
v -0.5 10.7 0.1
v -0.5 12.6 0.1
v -0.5 12.7 0.1
v -0.5 12.8 0.1
v -0.5 12.9 0.1
v -0.5 13.8 0.1
v -0.5 13.9 0.1
v -0.400001 1.5 0.1
v -0.400001 1.6 0.1
v -0.400001 2.6 0.1
v -0.400001 2.7 0.1
v -0.400001 3.7 0.1
v -0.400001 3.8 0.1
v -0.400001 4.8 0.1
v -0.400001 5.2 0.1
v -0.400001 6 0.1
v -0.400001 6.1 0.1
v -0.400001 6.4 0.1
v -0.400001 6.5 0.1
v -0.400001 8.5 0.1
v -0.400001 8.6 0.1
v -0.400001 9.6 0.1
v -0.400001 9.7 0.1
v -0.400001 10.7 0.1
v -0.400001 10.8 0.1
v -0.400001 12.2 0.1
v -0.400001 12.3 0.1
v -0.400001 12.5 0.1
v -0.400001 12.6 0.1
v -0.400001 13.2 0.1
v -0.400001 13.3 0.1
v -0.400001 13.4 0.1
v -0.400001 13.5 0.1
v -0.400001 13.7 0.1
v -0.400001 13.8 0.1
v -0.3 0.1 0.1
v -0.3 0.2 0.1
v -0.3 0.7 0.1
v -0.3 0.8 0.1
v -0.3 1.9 0.1
v -0.3 2 0.1
v -0.3 3.2 0.1
v -0.3 3.3 0.1
v -0.3 3.4 0.1
v -0.3 3.5 0.1
v -0.3 4.7 0.1
v -0.3 4.8 0.1
v -0.3 5.2 0.1
v -0.3 5.3 0.1
v -0.3 6.6 0.1
v -0.3 6.7 0.1
v -0.3 7 0.1
v -0.3 7.1 0.1
v -0.3 7.2 0.1
v -0.3 7.3 0.1
v -0.3 7.7 0.1
v -0.3 7.8 0.1
v -0.3 8.9 0.1
v -0.3 9 0.1
v -0.3 10.2 0.1
v -0.3 10.3 0.1
v -0.3 10.4 0.1
v -0.3 10.5 0.1
v -0.3 11.4 0.1
v -0.3 11.5 0.1
v -0.3 12.3 0.1
v -0.3 12.5 0.1
v -0.3 13.5 0.1
v -0.3 13.7 0.1
v -0.2 0.2 0.1
v -0.2 0.7 0.1
v -0.2 1.6 0.1
v -0.2 1.9 0.1
v -0.2 2.8 0.1
v -0.2 2.9 0.1
v -0.2 3.1 0.1
v -0.2 3.2 0.1
v -0.2 3.8 0.1
v -0.2 3.9 0.1
v -0.2 5.4 0.1
v -0.2 5.5 0.1
v -0.2 5.8 0.1
v -0.2 5.9 0.1
v -0.2 6.7 0.1
v -0.2 7 0.1
v -0.2 7.3 0.1
v -0.2 7.7 0.1
v -0.2 8.6 0.1
v -0.2 8.9 0.1
v -0.2 9.8 0.1
v -0.2 9.9 0.1
v -0.2 10.1 0.1
v -0.2 10.2 0.1
v -0.2 10.8 0.1
v -0.2 10.9 0.1
v -0.2 11 0.1
v -0.2 11.1 0.1
v -0.2 11.3 0.1
v -0.2 11.4 0.1
v -0.2 12.3 0.1
v -0.2 12.6 0.1
v -0.2 13.5 0.1
v -0.2 13.8 0.1
v -0.1 0.2 0.1
v -0.1 0.6 0.1
v -0.1 1.6 0.1
v -0.1 1.9 0.1
v -0.1 2.9 0.1
v -0.1 3.1 0.1
v -0.1 4.1 0.1
v -0.1 4.2 0.1
v -0.1 4.5 0.1
v -0.1 4.6 0.1
v -0.1 5.5 0.1
v -0.1 5.8 0.1
v -0.1 6.7 0.1
v -0.1 6.9 0.1
v -0.1 7.3 0.1
v -0.1 7.6 0.1
v -0.1 8.6 0.1
v -0.1 8.9 0.1
v -0.1 9.9 0.1
v -0.1 10.1 0.1
v -0.1 11.1 0.1
v -0.1 11.3 0.1
v -0.1 12.2 0.1
v -0.1 12.3 0.1
v -0.1 12.6 0.1
v -0.1 12.7 0.1
v -0.1 13.4 0.1
v -0.1 13.5 0.1
v -0.1 13.8 0.1
v -0.1 13.9 0.1
v 0 0.6 0.1
v 0 0.7 0.1
v 0 1.5 0.1
v 0 1.6 0.1
v 0 1.9 0.1
v 0 2 0.1
v 0 2.9 0.1
v 0 3.2 0.1
v 0 4.2 0.1
v 0 4.5 0.1
v 0 5.5 0.1
v 0 5.8 0.1
v 0 6.6 0.1
v 0 6.7 0.1
v 0 6.9 0.1
v 0 7 0.1
v 0 7.2 0.1
v 0 7.3 0.1
v 0 7.6 0.1
v 0 7.7 0.1
v 0 8.5 0.1
v 0 8.6 0.1
v 0 8.9 0.1
v 0 9 0.1
v 0 9.9 0.1
v 0 10.2 0.1
v 0 11.1 0.1
v 0 11.4 0.1
v 0 11.6 0.1
v 0 11.7 0.1
v 0 12 0.1
v 0 12.1 0.1
v 0.0999994 0.1 0.1
v 0.0999994 0.2 0.1
v 0.0999994 0.7 0.1
v 0.0999994 0.8 0.1
v 0.0999994 1.3 0.1
v 0.0999994 1.4 0.1
v 0.0999994 2 0.1
v 0.0999994 2.1 0.1
v 0.0999994 2.8 0.1
v 0.0999994 2.9 0.1
v 0.0999994 3.2 0.1
v 0.0999994 3.3 0.1
v 0.0999994 4.2 0.1
v 0.0999994 4.5 0.1
v 0.0999994 5.4 0.1
v 0.0999994 5.5 0.1
v 0.0999994 5.8 0.1
v 0.0999994 5.9 0.1
v 0.0999994 6.4 0.1
v 0.0999994 6.5 0.1
v 0.0999994 7 0.1
v 0.0999994 7.1 0.1
v 0.0999994 7.7 0.1
v 0.0999994 7.8 0.1
v 0.0999994 8.3 0.1
v 0.0999994 8.4 0.1
v 0.0999994 9 0.1
v 0.0999994 9.1 0.1
v 0.0999994 9.8 0.1
v 0.0999994 9.9 0.1
v 0.0999994 10.2 0.1
v 0.0999994 10.3 0.1
v 0.0999994 11 0.1
v 0.0999994 11.1 0.1
v 0.0999994 11.4 0.1
v 0.0999994 11.5 0.1
v 0.0999994 11.7 0.1
v 0.0999994 12 0.1
v 0.0999994 12.8 0.1
v 0.0999994 12.9 0.1
v 0.0999994 13.2 0.1
v 0.0999994 13.3 0.1
v 0.2 0.9 0.1
v 0.2 1 0.1
v 0.2 1.2 0.1
v 0.2 1.3 0.1
v 0.2 2.2 0.1
v 0.2 2.3 0.1
v 0.2 2.6 0.1
v 0.2 2.7 0.1
v 0.2 4.1 0.1
v 0.2 4.2 0.1
v 0.2 4.5 0.1
v 0.2 4.6 0.1
v 0.2 4.7 0.1
v 0.2 4.8 0.1
v 0.2 5.2 0.1
v 0.2 5.3 0.1
v 0.2 6 0.1
v 0.2 6.1 0.1
v 0.2 6.3 0.1
v 0.2 6.4 0.1
v 0.2 7.9 0.1
v 0.2 8 0.1
v 0.2 8.2 0.1
v 0.2 8.3 0.1
v 0.2 9.2 0.1
v 0.2 9.3 0.1
v 0.2 9.6 0.1
v 0.2 9.7 0.1
v 0.2 11.7 0.1
v 0.2 11.9 0.1
v 0.2 12.9 0.1
v 0.2 13.2 0.1
v 0.3 1 0.1
v 0.3 1.2 0.1
v 0.3 2.3 0.1
v 0.3 2.6 0.1
v 0.3 3.4 0.1
v 0.3 3.5 0.1
v 0.3 3.8 0.1
v 0.3 3.9 0.1
v 0.3 4.8 0.1
v 0.3 5.2 0.1
v 0.3 6.1 0.1
v 0.3 6.3 0.1
v 0.3 8 0.1
v 0.3 8.2 0.1
v 0.3 9.3 0.1
v 0.3 9.6 0.1
v 0.3 10.4 0.1
v 0.3 10.5 0.1
v 0.3 10.8 0.1
v 0.3 10.9 0.1
v 0.3 11.6 0.1
v 0.3 11.7 0.1
v 0.3 11.9 0.1
v 0.3 12 0.1
v 0.3 12.9 0.1
v 0.3 13.2 0.1
v 0.4 2.3 0.1
v 0.4 2.5 0.1
v 0.4 3.5 0.1
v 0.4 3.8 0.1
v 0.4 4.8 0.1
v 0.4 5.1 0.1
v 0.4 6.1 0.1
v 0.4 6.3 0.1
v 0.4 9.3 0.1
v 0.4 9.5 0.1
v 0.4 10.5 0.1
v 0.4 10.8 0.1
v 0.4 12 0.1
v 0.4 12.1 0.1
v 0.4 12.8 0.1
v 0.4 12.9 0.1
v 0.4 13.2 0.1
v 0.4 13.3 0.1
v 0.4 13.4 0.1
v 0.4 13.5 0.1
v 0.4 13.8 0.1
v 0.4 13.9 0.1
v 0.5 1 0.1
v 0.5 1.3 0.1
v 0.5 2.2 0.1
v 0.5 2.3 0.1
v 0.5 2.5 0.1
v 0.5 2.6 0.1
v 0.5 3.5 0.1
v 0.5 3.8 0.1
v 0.5 4.7 0.1
v 0.5 4.8 0.1
v 0.5 5.1 0.1
v 0.5 5.2 0.1
v 0.5 6 0.1
v 0.5 6.1 0.1
v 0.5 6.3 0.1
v 0.5 6.4 0.1
v 0.5 8 0.1
v 0.5 8.3 0.1
v 0.5 9.2 0.1
v 0.5 9.3 0.1
v 0.5 9.5 0.1
v 0.5 9.6 0.1
v 0.5 10.5 0.1
v 0.5 10.8 0.1
v 0.5 12.2 0.1
v 0.5 12.3 0.1
v 0.5 12.6 0.1
v 0.5 12.7 0.1
v 0.5 13.5 0.1
v 0.5 13.8 0.1
v 0.599999 0.9 0.1
v 0.599999 1 0.1
v 0.599999 1.3 0.1
v 0.599999 1.4 0.1
v 0.599999 2 0.1
v 0.599999 2.1 0.1
v 0.599999 2.6 0.1
v 0.599999 2.7 0.1
v 0.599999 3.4 0.1
v 0.599999 3.5 0.1
v 0.599999 3.8 0.1
v 0.599999 3.9 0.1
v 0.599999 5.2 0.1
v 0.599999 5.3 0.1
v 0.599999 5.4 0.1
v 0.599999 5.5 0.1
v 0.599999 5.8 0.1
v 0.599999 5.9 0.1
v 0.599999 6.4 0.1
v 0.599999 6.5 0.1
v 0.599999 6.6 0.1
v 0.599999 6.7 0.1
v 0.599999 7 0.1
v 0.599999 7.1 0.1
v 0.599999 7.9 0.1
v 0.599999 8 0.1
v 0.599999 8.3 0.1
v 0.599999 8.4 0.1
v 0.599999 9 0.1
v 0.599999 9.1 0.1
v 0.599999 9.6 0.1
v 0.599999 9.7 0.1
v 0.599999 10.4 0.1
v 0.599999 10.5 0.1
v 0.599999 10.8 0.1
v 0.599999 10.9 0.1
v 0.599999 11 0.1
v 0.599999 11.1 0.1
v 0.599999 11.4 0.1
v 0.599999 11.5 0.1
v 0.599999 12.3 0.1
v 0.599999 12.6 0.1
v 0.599999 13.5 0.1
v 0.599999 13.7 0.1
v 0.7 0.7 0.1
v 0.7 0.8 0.1
v 0.7 1.5 0.1
v 0.7 1.6 0.1
v 0.7 1.9 0.1
v 0.7 2 0.1
v 0.7 2.8 0.1
v 0.7 2.9 0.1
v 0.7 3.2 0.1
v 0.7 3.3 0.1
v 0.7 4.1 0.1
v 0.7 4.2 0.1
v 0.7 4.5 0.1
v 0.7 4.6 0.1
v 0.7 5.5 0.1
v 0.7 5.8 0.1
v 0.7 6.7 0.1
v 0.7 7 0.1
v 0.7 7.7 0.1
v 0.7 7.8 0.1
v 0.7 8.5 0.1
v 0.7 8.6 0.1
v 0.7 8.9 0.1
v 0.7 9 0.1
v 0.7 9.8 0.1
v 0.7 9.9 0.1
v 0.7 10.2 0.1
v 0.7 10.3 0.1
v 0.7 11.1 0.1
v 0.7 11.4 0.1
v 0.7 12.3 0.1
v 0.7 12.6 0.1
v 0.7 13.4 0.1
v 0.7 13.5 0.1
v 0.7 13.7 0.1
v 0.7 13.8 0.1
v 0.8 0.1 0.1
v 0.8 0.2 0.1
v 0.8 0.6 0.1
v 0.8 0.7 0.1
v 0.8 1.6 0.1
v 0.8 1.9 0.1
v 0.8 2.9 0.1
v 0.8 3.2 0.1
v 0.8 4.2 0.1
v 0.8 4.5 0.1
v 0.8 5.5 0.1
v 0.8 5.7 0.1
v 0.8 6.7 0.1
v 0.8 6.9 0.1
v 0.8 7.2 0.1
v 0.8 7.3 0.1
v 0.8 7.6 0.1
v 0.8 7.7 0.1
v 0.8 8.6 0.1
v 0.8 8.9 0.1
v 0.8 9.9 0.1
v 0.8 10.2 0.1
v 0.8 11.1 0.1
v 0.8 11.3 0.1
v 0.8 12.2 0.1
v 0.8 12.3 0.1
v 0.8 12.6 0.1
v 0.8 12.7 0.1
v 0.8 12.8 0.1
v 0.8 12.9 0.1
v 0.8 13.2 0.1
v 0.8 13.3 0.1
v 0.8 13.8 0.1
v 0.8 13.9 0.1
v 0.9 0.2 0.1
v 0.9 0.6 0.1
v 0.9 2.9 0.1
v 0.9 3.2 0.1
v 0.9 3.8 0.1
v 0.9 3.9 0.1
v 0.9 4.2 0.1
v 0.9 4.5 0.1
v 0.9 5.4 0.1
v 0.9 5.5 0.1
v 0.9 5.7 0.1
v 0.9 5.8 0.1
v 0.9 6.6 0.1
v 0.9 6.7 0.1
v 0.9 6.9 0.1
v 0.9 7 0.1
v 0.9 7.3 0.1
v 0.9 7.6 0.1
v 0.9 9.9 0.1
v 0.9 10.2 0.1
v 0.9 11 0.1
v 0.9 11.1 0.1
v 0.9 11.3 0.1
v 0.9 11.4 0.1
v 0.9 12.9 0.1
v 0.9 13.2 0.1
v 1 0.2 0.1
v 1 0.6 0.1
v 1 1.6 0.1
v 1 1.9 0.1
v 1 2.8 0.1
v 1 2.9 0.1
v 1 3.2 0.1
v 1 3.3 0.1
v 1 3.4 0.1
v 1 3.5 0.1
v 1 3.7 0.1
v 1 3.8 0.1
v 1 4 0.1
v 1 4.2 0.1
v 1 4.5 0.1
v 1 4.6 0.1
v 1 4.7 0.1
v 1 4.8 0.1
v 1 5.1 0.1
v 1 5.3 0.1
v 1 5.4 0.1
v 1 5.9 0.1
v 1 6 0.1
v 1 6.4 0.1
v 1 6.5 0.1
v 1 6.6 0.1
v 1 7.3 0.1
v 1 7.6 0.1
v 1 8.6 0.1
v 1 8.9 0.1
v 1 9.8 0.1
v 1 9.9 0.1
v 1 10.2 0.1
v 1 10.3 0.1
v 1 10.4 0.1
v 1 10.5 0.1
v 1 10.8 0.1
v 1 10.9 0.1
v 1 11.4 0.1
v 1 11.5 0.1
v 1 11.6 0.1
v 1 11.7 0.1
v 1 12 0.1
v 1 12.1 0.1
v 1 12.9 0.1
v 1 13.2 0.1
v 1.1 0.1 0.1
v 1.1 0.2 0.1
v 1.1 0.6 0.1
v 1.1 0.7 0.1
v 1.1 1.5 0.1
v 1.1 1.6 0.1
v 1.1 1.9 0.1
v 1.1 2 0.1
v 1.1 3.5 0.1
v 1.1 3.7 0.1
v 1.1 4.8 0.1
v 1.1 5.1 0.1
v 1.1 5.9 0.1
v 1.1 6 0.1
v 1.1 6.3 0.1
v 1.1 6.4 0.1
v 1.1 7.2 0.1
v 1.1 7.3 0.1
v 1.1 7.6 0.1
v 1.1 7.7 0.1
v 1.1 8.5 0.1
v 1.1 8.6 0.1
v 1.1 8.9 0.1
v 1.1 9 0.1
v 1.1 10.5 0.1
v 1.1 10.8 0.1
v 1.1 11.7 0.1
v 1.1 12 0.1
v 1.1 12.8 0.1
v 1.1 12.9 0.1
v 1.2 0.7 0.1
v 1.2 0.8 0.1
v 1.2 0.9 0.1
v 1.2 1 0.1
v 1.2 1.3 0.1
v 1.2 1.4 0.1
v 1.2 2 0.1
v 1.2 2.1 0.1
v 1.2 2.2 0.1
v 1.2 2.3 0.1
v 1.2 2.6 0.1
v 1.2 2.7 0.1
v 1.2 4.8 0.1
v 1.2 5 0.1
v 1.2 6 0.1
v 1.2 6.3 0.1
v 1.2 7.1 0.1
v 1.2 7.2 0.1
v 1.2 7.7 0.1
v 1.2 7.8 0.1
v 1.2 7.9 0.1
v 1.2 8 0.1
v 1.2 8.3 0.1
v 1.2 8.4 0.1
v 1.2 9 0.1
v 1.2 9.1 0.1
v 1.2 9.2 0.1
v 1.2 9.3 0.1
v 1.2 9.6 0.1
v 1.2 9.7 0.1
v 1.2 10.5 0.1
v 1.2 10.8 0.1
v 1.2 11.7 0.1
v 1.2 12 0.1
v 1.2 13.2 0.1
v 1.2 13.3 0.1
v 1.3 1 0.1
v 1.3 1.3 0.1
v 1.3 2.3 0.1
v 1.3 2.6 0.1
v 1.3 3.5 0.1
v 1.3 3.8 0.1
v 1.3 4.7 0.1
v 1.3 4.8 0.1
v 1.3 5 0.1
v 1.3 5.1 0.1
v 1.3 6 0.1
v 1.3 6.3 0.1
v 1.3 8 0.1
v 1.3 8.3 0.1
v 1.3 9.3 0.1
v 1.3 9.6 0.1
v 1.3 10.4 0.1
v 1.3 10.5 0.1
v 1.3 11.6 0.1
v 1.3 11.7 0.1
v 1.3 12 0.1
v 1.3 12.1 0.1
v 1.3 12.2 0.1
v 1.3 12.3 0.1
v 1.3 12.6 0.1
v 1.3 12.7 0.1
v 1.3 13.4 0.1
v 1.3 13.5 0.1
v 1.3 13.8 0.1
v 1.3 13.9 0.1
v 1.4 1.1 0.1
v 1.4 1.3 0.1
v 1.4 2.3 0.1
v 1.4 2.6 0.1
v 1.4 3.4 0.1
v 1.4 3.5 0.1
v 1.4 3.8 0.1
v 1.4 3.9 0.1
v 1.4 4.5 0.1
v 1.4 4.6 0.1
v 1.4 5.1 0.1
v 1.4 5.2 0.1
v 1.4 5.9 0.1
v 1.4 6 0.1
v 1.4 6.3 0.1
v 1.4 6.4 0.1
v 1.4 6.5 0.1
v 1.4 6.6 0.1
v 1.4 6.9 0.1
v 1.4 7 0.1
v 1.4 8.1 0.1
v 1.4 8.3 0.1
v 1.4 9.3 0.1
v 1.4 9.6 0.1
v 1.4 10.8 0.1
v 1.4 10.9 0.1
v 1.4 12.3 0.1
v 1.4 12.6 0.1
v 1.4 13.5 0.1
v 1.4 13.8 0.1
v 1.5 1 0.1
v 1.5 1.1 0.1
v 1.5 1.3 0.1
v 1.5 1.4 0.1
v 1.5 2 0.1
v 1.5 2.1 0.1
v 1.5 2.2 0.1
v 1.5 2.3 0.1
v 1.5 2.6 0.1
v 1.5 2.7 0.1
v 1.5 2.8 0.1
v 1.5 2.9 0.1
v 1.5 3.2 0.1
v 1.5 3.3 0.1
v 1.5 4 0.1
v 1.5 4.1 0.1
v 1.5 4.4 0.1
v 1.5 4.5 0.1
v 1.5 5.3 0.1
v 1.5 5.4 0.1
v 1.5 5.7 0.1
v 1.5 5.8 0.1
v 1.5 6.6 0.1
v 1.5 6.9 0.1
v 1.5 8 0.1
v 1.5 8.1 0.1
v 1.5 8.3 0.1
v 1.5 8.4 0.1
v 1.5 9 0.1
v 1.5 9.1 0.1
v 1.5 9.2 0.1
v 1.5 9.3 0.1
v 1.5 9.6 0.1
v 1.5 9.7 0.1
v 1.5 9.8 0.1
v 1.5 9.9 0.1
v 1.5 10.2 0.1
v 1.5 10.3 0.1
v 1.5 11 0.1
v 1.5 11.1 0.1
v 1.5 11.4 0.1
v 1.5 11.5 0.1
v 1.5 12.3 0.1
v 1.5 12.5 0.1
v 1.5 13.5 0.1
v 1.5 13.7 0.1
v 1.6 0.9 0.1
v 1.6 1 0.1
v 1.6 1.5 0.1
v 1.6 1.6 0.1
v 1.6 3.1 0.1
v 1.6 3.2 0.1
v 1.6 4.1 0.1
v 1.6 4.4 0.1
v 1.6 5.4 0.1
v 1.6 5.7 0.1
v 1.6 6.6 0.1
v 1.6 6.8 0.1
v 1.6 7.9 0.1
v 1.6 8 0.1
v 1.6 8.5 0.1
v 1.6 8.6 0.1
v 1.6 9.9 0.1
v 1.6 10.2 0.1
v 1.6 11.1 0.1
v 1.6 11.4 0.1
v 1.6 12.2 0.1
v 1.6 12.3 0.1
v 1.6 12.5 0.1
v 1.6 12.6 0.1
v 1.6 13.7 0.1
v 1.6 13.8 0.1
v 1.7 0.7 0.1
v 1.7 0.8 0.1
v 1.7 1.6 0.1
v 1.7 2 0.1
v 1.7 2.9 0.1
v 1.7 3.1 0.1
v 1.7 5.4 0.1
v 1.7 5.7 0.1
v 1.7 6.5 0.1
v 1.7 6.6 0.1
v 1.7 6.8 0.1
v 1.7 6.9 0.1
v 1.7 7.7 0.1
v 1.7 7.8 0.1
v 1.7 8.6 0.1
v 1.7 9 0.1
v 1.7 9.9 0.1
v 1.7 10.1 0.1
v 1.7 11.1 0.1
v 1.7 11.3 0.1
v 1.7 12.6 0.1
v 1.7 12.7 0.1
v 1.7 13.2 0.1
v 1.7 13.3 0.1
v 1.7 13.4 0.1
v 1.7 13.5 0.1
v 1.8 0.1 0.1
v 1.8 0.2 0.1
v 1.8 1.7 0.1
v 1.8 1.9 0.1
v 1.8 2.8 0.1
v 1.8 3.1 0.1
v 1.8 4.1 0.1
v 1.8 4.4 0.1
v 1.8 5.3 0.1
v 1.8 5.4 0.1
v 1.8 5.7 0.1
v 1.8 5.8 0.1
v 1.8 5.9 0.1
v 1.8 6 0.1
v 1.8 6.3 0.1
v 1.8 6.4 0.1
v 1.8 6.9 0.1
v 1.8 7 0.1
v 1.8 7.1 0.1
v 1.8 7.2 0.1
v 1.8 8.7 0.1
v 1.8 8.9 0.1
v 1.8 9.8 0.1
v 1.8 9.9 0.1
v 1.8 10.1 0.1
v 1.8 10.2 0.1
v 1.8 11.3 0.1
v 1.8 11.4 0.1
v 1.8 12 0.1
v 1.8 12.1 0.1
v 1.8 13.8 0.1
v 1.8 13.9 0.1
v 1.9 0.2 0.1
v 1.9 0.7 0.1
v 1.9 1.6 0.1
v 1.9 1.7 0.1
v 1.9 1.9 0.1
v 1.9 2 0.1
v 1.9 3.1 0.1
v 1.9 3.2 0.1
v 1.9 4 0.1
v 1.9 4.1 0.1
v 1.9 4.4 0.1
v 1.9 4.5 0.1
v 1.9 6 0.1
v 1.9 6.3 0.1
v 1.9 7.2 0.1
v 1.9 7.7 0.1
v 1.9 8.6 0.1
v 1.9 8.7 0.1
v 1.9 8.9 0.1
v 1.9 9 0.1
v 1.9 10.2 0.1
v 1.9 10.3 0.1
v 1.9 10.8 0.1
v 1.9 10.9 0.1
v 1.9 11 0.1
v 1.9 11.1 0.1
v 1.9 11.6 0.1
v 1.9 11.7 0.1
v 1.9 11.9 0.1
v 1.9 12 0.1
v 1.9 12.8 0.1
v 1.9 12.9 0.1
v 1.9 13.1 0.1
v 1.9 13.2 0.1
v 2 0.2 0.1
v 2 0.5 0.1
v 2 1.5 0.1
v 2 1.6 0.1
v 2 2.6 0.1
v 2 2.7 0.1
v 2 3.2 0.1
v 2 3.3 0.1
v 2 3.4 0.1
v 2 3.5 0.1
v 2 3.8 0.1
v 2 3.9 0.1
v 2 4.5 0.1
v 2 4.6 0.1
v 2 4.7 0.1
v 2 4.8 0.1
v 2 5.1 0.1
v 2 5.2 0.1
v 2 6 0.1
v 2 6.3 0.1
v 2 7.2 0.1
v 2 7.5 0.1
v 2 8.5 0.1
v 2 8.6 0.1
v 2 9.6 0.1
v 2 9.7 0.1
v 2 11.4 0.1
v 2 11.5 0.1
v 2 11.7 0.1
v 2 11.9 0.1
v 2 12.9 0.1
v 2 13.1 0.1
v 2.1 0.1 0.1
v 2.1 0.2 0.1
v 2.1 0.5 0.1
v 2.1 0.7 0.1
v 2.1 2 0.1
v 2.1 2.1 0.1
v 2.1 2.2 0.1
v 2.1 2.3 0.1
v 2.1 2.5 0.1
v 2.1 2.6 0.1
v 2.1 3.5 0.1
v 2.1 3.8 0.1
v 2.1 4.8 0.1
v 2.1 5.1 0.1
v 2.1 5.9 0.1
v 2.1 6 0.1
v 2.1 7.1 0.1
v 2.1 7.2 0.1
v 2.1 7.5 0.1
v 2.1 7.7 0.1
v 2.1 9 0.1
v 2.1 9.1 0.1
v 2.1 9.2 0.1
v 2.1 9.3 0.1
v 2.1 9.5 0.1
v 2.1 9.6 0.1
v 2.1 10.4 0.1
v 2.1 10.5 0.1
v 2.1 10.7 0.1
v 2.1 10.8 0.1
v 2.1 11.7 0.1
v 2.1 12 0.1
v 2.1 12.9 0.1
v 2.1 13.1 0.1
v 2.2 0.7 0.1
v 2.2 0.8 0.1
v 2.2 2.3 0.1
v 2.2 2.5 0.1
v 2.2 3.6 0.1
v 2.2 3.8 0.1
v 2.2 4.8 0.1
v 2.2 5.1 0.1
v 2.2 6.3 0.1
v 2.2 6.4 0.1
v 2.2 7.7 0.1
v 2.2 7.8 0.1
v 2.2 9.3 0.1
v 2.2 9.5 0.1
v 2.2 10.5 0.1
v 2.2 10.7 0.1
v 2.2 11.6 0.1
v 2.2 11.7 0.1
v 2.2 12 0.1
v 2.2 12.1 0.1
v 2.2 12.8 0.1
v 2.2 12.9 0.1
v 2.2 13.1 0.1
v 2.2 13.2 0.1
v 2.3 0.9 0.1
v 2.3 1 0.1
v 2.3 1.3 0.1
v 2.3 1.4 0.1
v 2.3 2.3 0.1
v 2.3 2.6 0.1
v 2.3 3.5 0.1
v 2.3 3.6 0.1
v 2.3 3.8 0.1
v 2.3 3.9 0.1
v 2.3 4.5 0.1
v 2.3 4.6 0.1
v 2.3 4.7 0.1
v 2.3 4.8 0.1
v 2.3 5.1 0.1
v 2.3 5.2 0.1
v 2.3 5.3 0.1
v 2.3 5.4 0.1
v 2.3 5.7 0.1
v 2.3 5.8 0.1
v 2.3 6.5 0.1
v 2.3 6.6 0.1
v 2.3 6.9 0.1
v 2.3 7 0.1
v 2.3 7.9 0.1
v 2.3 8 0.1
v 2.3 8.3 0.1
v 2.3 8.4 0.1
v 2.3 9.3 0.1
v 2.3 9.6 0.1
v 2.3 10.5 0.1
v 2.3 10.7 0.1
v 2.3 13.2 0.1
v 2.3 13.3 0.1
v 2.3 13.8 0.1
v 2.3 13.9 0.1
v 2.4 1 0.1
v 2.4 1.3 0.1
v 2.4 2.2 0.1
v 2.4 2.3 0.1
v 2.4 2.6 0.1
v 2.4 2.7 0.1
v 2.4 3.4 0.1
v 2.4 3.5 0.1
v 2.4 4 0.1
v 2.4 4.1 0.1
v 2.4 5.4 0.1
v 2.4 5.7 0.1
v 2.4 6.6 0.1
v 2.4 6.9 0.1
v 2.4 8 0.1
v 2.4 8.3 0.1
v 2.4 9.2 0.1
v 2.4 9.3 0.1
v 2.4 9.6 0.1
v 2.4 9.7 0.1
v 2.4 10.4 0.1
v 2.4 10.5 0.1
v 2.4 10.7 0.1
v 2.4 10.8 0.1
v 2.4 12.2 0.1
v 2.4 12.3 0.1
v 2.4 12.6 0.1
v 2.4 12.7 0.1
v 2.4 13.4 0.1
v 2.4 13.5 0.1
v 2.4 13.7 0.1
v 2.4 13.8 0.1
v 2.5 1 0.1
v 2.5 1.3 0.1
v 2.5 3.2 0.1
v 2.5 3.3 0.1
v 2.5 4.1 0.1
v 2.5 4.5 0.1
v 2.5 5.4 0.1
v 2.5 5.6 0.1
v 2.5 6.6 0.1
v 2.5 6.8 0.1
v 2.5 8 0.1
v 2.5 8.3 0.1
v 2.5 10.8 0.1
v 2.5 10.9 0.1
v 2.5 11.4 0.1
v 2.5 11.5 0.1
v 2.5 12.3 0.1
v 2.5 12.6 0.1
v 2.5 13.5 0.1
v 2.5 13.7 0.1
v 2.6 0.7 0.1
v 2.6 0.8 0.1
v 2.6 0.9 0.1
v 2.6 1 0.1
v 2.6 1.3 0.1
v 2.6 1.4 0.1
v 2.6 2 0.1
v 2.6 2.1 0.1
v 2.6 2.8 0.1
v 2.6 2.9 0.1
v 2.6 4.2 0.1
v 2.6 4.4 0.1
v 2.6 5.3 0.1
v 2.6 5.4 0.1
v 2.6 5.6 0.1
v 2.6 5.7 0.1
v 2.6 6.8 0.1
v 2.6 6.9 0.1
v 2.6 7.7 0.1
v 2.6 7.8 0.1
v 2.6 7.9 0.1
v 2.6 8 0.1
v 2.6 8.3 0.1
v 2.6 8.4 0.1
v 2.6 9 0.1
v 2.6 9.1 0.1
v 2.6 9.8 0.1
v 2.6 9.9 0.1
v 2.6 10.2 0.1
v 2.6 10.3 0.1
v 2.6 11 0.1
v 2.6 11.1 0.1
v 2.6 11.3 0.1
v 2.6 11.4 0.1
v 2.6 12.3 0.1
v 2.6 12.6 0.1
v 2.6 13.5 0.1
v 2.6 13.8 0.1
v 2.7 0.1 0.1
v 2.7 0.2 0.1
v 2.7 1.5 0.1
v 2.7 1.6 0.1
v 2.7 1.9 0.1
v 2.7 2 0.1
v 2.7 2.9 0.1
v 2.7 3.2 0.1
v 2.7 4.1 0.1
v 2.7 4.2 0.1
v 2.7 4.4 0.1
v 2.7 4.5 0.1
v 2.7 5.7 0.1
v 2.7 5.8 0.1
v 2.7 6.3 0.1
v 2.7 6.4 0.1
v 2.7 6.5 0.1
v 2.7 6.6 0.1
v 2.7 7.1 0.1
v 2.7 7.2 0.1
v 2.7 8.5 0.1
v 2.7 8.6 0.1
v 2.7 8.9 0.1
v 2.7 9 0.1
v 2.7 9.9 0.1
v 2.7 10.2 0.1
v 2.7 11.1 0.1
v 2.7 11.3 0.1
v 2.7 12.2 0.1
v 2.7 12.3 0.1
v 2.7 12.6 0.1
v 2.7 12.7 0.1
v 2.7 13.8 0.1
v 2.7 13.9 0.1
v 2.8 0.2 0.1
v 2.8 0.3 0.1
v 2.8 0.6 0.1
v 2.8 0.7 0.1
v 2.8 1.6 0.1
v 2.8 1.9 0.1
v 2.8 2.9 0.1
v 2.8 3 0.1
v 2.8 4 0.1
v 2.8 4.1 0.1
v 2.8 5.1 0.1
v 2.8 5.2 0.1
v 2.8 6.9 0.1
v 2.8 7 0.1
v 2.8 7.2 0.1
v 2.8 7.3 0.1
v 2.8 7.6 0.1
v 2.8 7.7 0.1
v 2.8 8.6 0.1
v 2.8 8.9 0.1
v 2.8 9.9 0.1
v 2.8 10.2 0.1
v 2.8 11.1 0.1
v 2.8 11.4 0.1
v 2.8 12.8 0.1
v 2.8 12.9 0.1
v 2.8 13.2 0.1
v 2.8 13.3 0.1
v 2.8 13.4 0.1
v 2.8 13.5 0.1
v 2.9 0.3 0.1
v 2.9 0.6 0.1
v 2.9 1.6 0.1
v 2.9 2 0.1
v 2.9 2.8 0.1
v 2.9 2.9 0.1
v 2.9 3 0.1
v 2.9 3.2 0.1
v 2.9 4.5 0.1
v 2.9 4.6 0.1
v 2.9 4.7 0.1
v 2.9 4.8 0.1
v 2.9 5 0.1
v 2.9 5.1 0.1
v 2.9 5.9 0.1
v 2.9 6 0.1
v 2.9 6.2 0.1
v 2.9 6.3 0.1
v 2.9 7.3 0.1
v 2.9 7.6 0.1
v 2.9 8.6 0.1
v 2.9 9 0.1
v 2.9 9.8 0.1
v 2.9 9.9 0.1
v 2.9 10.2 0.1
v 2.9 10.3 0.1
v 2.9 11.4 0.1
v 2.9 11.5 0.1
v 2.9 11.6 0.1
v 2.9 11.7 0.1
v 2.9 12 0.1
v 2.9 12.1 0.1
v 2.9 12.9 0.1
v 2.9 13.2 0.1
v 3 0.2 0.1
v 3 0.7 0.1
v 3 1.5 0.1
v 3 1.6 0.1
v 3 2 0.1
v 3 2.1 0.1
v 3 3.2 0.1
v 3 3.3 0.1
v 3 4.8 0.1
v 3 5 0.1
v 3 6 0.1
v 3 6.2 0.1
v 3 7.2 0.1
v 3 7.7 0.1
v 3 8.5 0.1
v 3 8.6 0.1
v 3 9 0.1
v 3 9.1 0.1
v 3 10.4 0.1
v 3 10.5 0.1
v 3 10.8 0.1
v 3 10.9 0.1
v 3 11 0.1
v 3 11.1 0.1
v 3 11.7 0.1
v 3 12 0.1
v 3 12.9 0.1
v 3 13.1 0.1
v 3.1 0.1 0.1
v 3.1 0.2 0.1
v 3.1 0.7 0.1
v 3.1 0.8 0.1
v 3.1 2.2 0.1
v 3.1 2.3 0.1
v 3.1 2.6 0.1
v 3.1 2.7 0.1
v 3.1 3.4 0.1
v 3.1 3.5 0.1
v 3.1 3.8 0.1
v 3.1 3.9 0.1
v 3.1 4.8 0.1
v 3.1 5.1 0.1
v 3.1 6 0.1
v 3.1 6.2 0.1
v 3.1 7.1 0.1
v 3.1 7.2 0.1
v 3.1 7.7 0.1
v 3.1 7.8 0.1
v 3.1 9.2 0.1
v 3.1 9.3 0.1
v 3.1 9.6 0.1
v 3.1 9.7 0.1
v 3.1 10.5 0.1
v 3.1 10.8 0.1
v 3.1 11.7 0.1
v 3.1 12 0.1
v 3.1 12.8 0.1
v 3.1 12.9 0.1
v 3.1 13.1 0.1
v 3.1 13.2 0.1
v 3.1 13.8 0.1
v 3.1 13.9 0.1
v 3.2 0.9 0.1
v 3.2 1 0.1
v 3.2 1.3 0.1
v 3.2 1.4 0.1
v 3.2 2.3 0.1
v 3.2 2.6 0.1
v 3.2 3.5 0.1
v 3.2 3.8 0.1
v 3.2 4.7 0.1
v 3.2 4.8 0.1
v 3.2 5.1 0.1
v 3.2 5.2 0.1
v 3.2 5.9 0.1
v 3.2 6 0.1
v 3.2 6.2 0.1
v 3.2 6.3 0.1
v 3.2 7.9 0.1
v 3.2 8 0.1
v 3.2 8.3 0.1
v 3.2 8.4 0.1
v 3.2 9.3 0.1
v 3.2 9.6 0.1
v 3.2 10.5 0.1
v 3.2 10.7 0.1
v 3.2 11.6 0.1
v 3.2 11.7 0.1
v 3.2 12 0.1
v 3.2 12.1 0.1
v 3.2 12.6 0.1
v 3.2 12.7 0.1
v 3.2 13.2 0.1
v 3.2 13.3 0.1
v 3.2 13.4 0.1
v 3.2 13.5 0.1
v 3.3 1 0.1
v 3.3 1.3 0.1
v 3.3 2.3 0.1
v 3.3 2.6 0.1
v 3.3 3.5 0.1
v 3.3 3.8 0.1
v 3.3 6.3 0.1
v 3.3 6.4 0.1
v 3.3 6.9 0.1
v 3.3 7 0.1
v 3.3 8 0.1
v 3.3 8.3 0.1
v 3.3 9.3 0.1
v 3.3 9.6 0.1
v 3.3 10.4 0.1
v 3.3 10.5 0.1
v 3.3 10.7 0.1
v 3.3 10.8 0.1
v 3.3 11.4 0.1
v 3.3 11.5 0.1
v 3.3 12.2 0.1
v 3.3 12.3 0.1
v 3.3 12.5 0.1
v 3.3 12.6 0.1
v 3.3 13.5 0.1
v 3.3 13.8 0.1
v 3.4 1 0.1
v 3.4 1.3 0.1
v 3.4 2.2 0.1
v 3.4 2.3 0.1
v 3.4 2.6 0.1
v 3.4 2.7 0.1
v 3.4 3.2 0.1
v 3.4 3.3 0.1
v 3.4 3.4 0.1
v 3.4 3.5 0.1
v 3.4 3.8 0.1
v 3.4 3.9 0.1
v 3.4 4.5 0.1
v 3.4 4.6 0.1
v 3.4 5.3 0.1
v 3.4 5.4 0.1
v 3.4 5.7 0.1
v 3.4 5.8 0.1
v 3.4 6.5 0.1
v 3.4 6.6 0.1
v 3.4 6.8 0.1
v 3.4 6.9 0.1
v 3.4 8 0.1
v 3.4 8.3 0.1
v 3.4 9.2 0.1
v 3.4 9.3 0.1
v 3.4 9.6 0.1
v 3.4 9.7 0.1
v 3.4 10.2 0.1
v 3.4 10.3 0.1
v 3.4 10.8 0.1
v 3.4 10.9 0.1
v 3.4 11 0.1
v 3.4 11.1 0.1
v 3.4 12.3 0.1
v 3.4 12.5 0.1
v 3.5 0.9 0.1
v 3.5 1 0.1
v 3.5 1.3 0.1
v 3.5 1.4 0.1
v 3.5 1.5 0.1
v 3.5 1.6 0.1
v 3.5 2 0.1
v 3.5 2.1 0.1
v 3.5 2.8 0.1
v 3.5 2.9 0.1
v 3.5 4 0.1
v 3.5 4.1 0.1
v 3.5 4.4 0.1
v 3.5 4.5 0.1
v 3.5 5.4 0.1
v 3.5 5.7 0.1
v 3.5 6.6 0.1
v 3.5 6.8 0.1
v 3.5 7.9 0.1
v 3.5 8 0.1
v 3.5 8.3 0.1
v 3.5 8.4 0.1
v 3.5 8.5 0.1
v 3.5 8.6 0.1
v 3.5 9 0.1
v 3.5 9.1 0.1
v 3.5 9.8 0.1
v 3.5 9.9 0.1
v 3.5 10.1 0.1
v 3.5 10.2 0.1
v 3.5 11.1 0.1
v 3.5 11.4 0.1
v 3.5 12.3 0.1
v 3.5 12.5 0.1
v 3.5 13.6 0.1
v 3.5 13.8 0.1
v 3.6 0.1 0.1
v 3.6 0.2 0.1
v 3.6 0.7 0.1
v 3.6 0.8 0.1
v 3.6 1.6 0.1
v 3.6 2 0.1
v 3.6 3.1 0.1
v 3.6 3.2 0.1
v 3.6 4.1 0.1
v 3.6 4.4 0.1
v 3.6 5.4 0.1
v 3.6 5.7 0.1
v 3.6 6.6 0.1
v 3.6 6.9 0.1
v 3.6 7.1 0.1
v 3.6 7.2 0.1
v 3.6 7.7 0.1
v 3.6 7.8 0.1
v 3.6 8.6 0.1
v 3.6 9 0.1
v 3.6 9.9 0.1
v 3.6 10.1 0.1
v 3.6 12.2 0.1
v 3.6 12.3 0.1
v 3.6 12.5 0.1
v 3.6 12.6 0.1
v 3.6 13.5 0.1
v 3.6 13.6 0.1
v 3.6 13.8 0.1
v 3.6 13.9 0.1
v 3.7 0.2 0.1
v 3.7 0.7 0.1
v 3.7 1.6 0.1
v 3.7 1.9 0.1
v 3.7 2.9 0.1
v 3.7 3.1 0.1
v 3.7 4.1 0.1
v 3.7 4.5 0.1
v 3.7 5.3 0.1
v 3.7 5.4 0.1
v 3.7 5.7 0.1
v 3.7 5.8 0.1
v 3.7 6.9 0.1
v 3.7 7 0.1
v 3.7 7.2 0.1
v 3.7 7.7 0.1
v 3.7 8.6 0.1
v 3.7 8.9 0.1
v 3.7 9.9 0.1
v 3.7 10.1 0.1
v 3.7 11.2 0.1
v 3.7 11.4 0.1
v 3.7 11.6 0.1
v 3.7 11.7 0.1
v 3.7 12 0.1
v 3.7 12.1 0.1
v 3.7 12.6 0.1
v 3.7 12.7 0.1
v 3.7 12.8 0.1
v 3.7 12.9 0.1
v 3.7 13.2 0.1
v 3.7 13.3 0.1
v 3.7 13.4 0.1
v 3.7 13.5 0.1
v 3.8 0.3 0.1
v 3.8 0.6 0.1
v 3.8 1.5 0.1
v 3.8 1.6 0.1
v 3.8 1.9 0.1
v 3.8 2 0.1
v 3.8 2.8 0.1
v 3.8 3.2 0.1
v 3.8 4 0.1
v 3.8 4.1 0.1
v 3.8 4.5 0.1
v 3.8 4.6 0.1
v 3.8 5.9 0.1
v 3.8 6 0.1
v 3.8 6.3 0.1
v 3.8 6.4 0.1
v 3.8 6.5 0.1
v 3.8 6.6 0.1
v 3.8 7.3 0.1
v 3.8 7.6 0.1
v 3.8 8.5 0.1
v 3.8 8.6 0.1
v 3.8 8.9 0.1
v 3.8 9 0.1
v 3.8 9.8 0.1
v 3.8 9.9 0.1
v 3.8 10.1 0.1
v 3.8 10.2 0.1
v 3.8 11.1 0.1
v 3.8 11.2 0.1
v 3.8 11.4 0.1
v 3.8 11.5 0.1
v 3.8 11.7 0.1
v 3.8 12 0.1
v 3.8 12.9 0.1
v 3.8 13.2 0.1
v 3.9 0.2 0.1
v 3.9 0.3 0.1
v 3.9 0.6 0.1
v 3.9 0.7 0.1
v 3.9 2 0.1
v 3.9 2.1 0.1
v 3.9 2.2 0.1
v 3.9 2.3 0.1
v 3.9 2.6 0.1
v 3.9 2.7 0.1
v 3.9 3.2 0.1
v 3.9 3.3 0.1
v 3.9 4.7 0.1
v 3.9 4.8 0.1
v 3.9 5.1 0.1
v 3.9 5.2 0.1
v 3.9 6 0.1
v 3.9 6.3 0.1
v 3.9 7.2 0.1
v 3.9 7.3 0.1
v 3.9 7.6 0.1
v 3.9 7.7 0.1
v 3.9 9 0.1
v 3.9 9.1 0.1
v 3.9 9.2 0.1
v 3.9 9.3 0.1
v 3.9 9.6 0.1
v 3.9 9.7 0.1
v 3.9 10.2 0.1
v 3.9 10.3 0.1
v 3.9 10.4 0.1
v 3.9 10.5 0.1
v 3.9 10.8 0.1
v 3.9 10.9 0.1
v 3.9 11 0.1
v 3.9 11.1 0.1
v 3.9 11.7 0.1
v 3.9 11.9 0.1
v 3.9 12.9 0.1
v 3.9 13.2 0.1
v 4 0.1 0.1
v 4 0.2 0.1
v 4 0.7 0.1
v 4 0.8 0.1
v 4 0.9 0.1
v 4 1 0.1
v 4 1.3 0.1
v 4 1.4 0.1
v 4 2.3 0.1
v 4 2.6 0.1
v 4 3.4 0.1
v 4 3.5 0.1
v 4 3.8 0.1
v 4 3.9 0.1
v 4 4.8 0.1
v 4 5.1 0.1
v 4 6 0.1
v 4 6.2 0.1
v 4 6.5 0.1
v 4 6.6 0.1
v 4 6.9 0.1
v 4 7 0.1
v 4 7.1 0.1
v 4 7.2 0.1
v 4 7.7 0.1
v 4 7.8 0.1
v 4 7.9 0.1
v 4 8 0.1
v 4 8.3 0.1
v 4 8.4 0.1
v 4 9.3 0.1
v 4 9.6 0.1
v 4 10.5 0.1
v 4 10.8 0.1
v 4 11.6 0.1
v 4 11.7 0.1
v 4 11.9 0.1
v 4 12 0.1
v 4 12.8 0.1
v 4 12.9 0.1
v 4 13.2 0.1
v 4 13.3 0.1
v 4.1 1 0.1
v 4.1 1.3 0.1
v 4.1 2.3 0.1
v 4.1 2.5 0.1
v 4.1 3.5 0.1
v 4.1 3.8 0.1
v 4.1 4.8 0.1
v 4.1 5.1 0.1
v 4.1 5.9 0.1
v 4.1 6 0.1
v 4.1 6.2 0.1
v 4.1 6.3 0.1
v 4.1 6.6 0.1
v 4.1 6.9 0.1
v 4.1 8 0.1
v 4.1 8.3 0.1
v 4.1 9.3 0.1
v 4.1 9.5 0.1
v 4.1 10.5 0.1
v 4.1 10.8 0.1
v 4.1 12 0.1
v 4.1 12.1 0.1
v 4.2 1 0.1
v 4.2 1.3 0.1
v 4.2 2.2 0.1
v 4.2 2.3 0.1
v 4.2 2.5 0.1
v 4.2 2.6 0.1
v 4.2 3.5 0.1
v 4.2 3.8 0.1
v 4.2 4.7 0.1
v 4.2 4.8 0.1
v 4.2 5.1 0.1
v 4.2 5.2 0.1
v 4.2 5.7 0.1
v 4.2 5.8 0.1
v 4.2 6.3 0.1
v 4.2 6.4 0.1
v 4.2 6.6 0.1
v 4.2 6.9 0.1
v 4.2 8 0.1
v 4.2 8.3 0.1
v 4.2 9.2 0.1
v 4.2 9.3 0.1
v 4.2 9.5 0.1
v 4.2 9.6 0.1
v 4.2 10.4 0.1
v 4.2 10.5 0.1
v 4.2 10.8 0.1
v 4.2 10.9 0.1
v 4.3 0.9 0.1
v 4.3 1 0.1
v 4.3 1.3 0.1
v 4.3 1.4 0.1
v 4.3 2.6 0.1
v 4.3 2.7 0.1
v 4.3 3.4 0.1
v 4.3 3.5 0.1
v 4.3 3.8 0.1
v 4.3 3.9 0.1
v 4.3 5.7 0.1
v 4.3 5.8 0.1
v 4.3 6.5 0.1
v 4.3 6.6 0.1
v 4.3 6.9 0.1
v 4.3 7 0.1
v 4.3 7.9 0.1
v 4.3 8 0.1
v 4.3 8.3 0.1
v 4.3 8.4 0.1
v 4.3 9.6 0.1
v 4.3 9.7 0.1
v 4.4 3.2 0.1
v 4.4 3.3 0.1
v 4.4 4.5 0.1
v 4.4 4.6 0.1
v 4.4 5.3 0.1
v 4.4 5.4 0.1
v 4.4 5.7 0.1
v 4.4 5.8 0.1
v 4.5 4 0.1
v 4.5 4.1 0.1
v 4.5 4.4 0.1
v 4.5 4.5 0.1
v 4.5 5.4 0.1
v 4.5 5.7 0.1
v 4.5 6.5 0.1
v 4.5 6.6 0.1
v 4.5 6.9 0.1
v 4.5 7 0.1
v 4.5 12.2 0.1
v 4.5 12.3 0.1
v 4.5 12.6 0.1
v 4.5 12.7 0.1
v 4.6 3.1 0.1
v 4.6 3.2 0.1
v 4.6 4.1 0.1
v 4.6 4.4 0.1
v 4.6 5.4 0.1
v 4.6 5.7 0.1
v 4.6 6.6 0.1
v 4.6 6.9 0.1
v 4.6 12.3 0.1
v 4.6 12.6 0.1
v 4.6 13.4 0.1
v 4.6 13.5 0.1
v 4.6 13.8 0.1
v 4.6 13.9 0.1
v 4.7 0.7 0.1
v 4.7 0.8 0.1
v 4.7 2 0.1
v 4.7 2.1 0.1
v 4.7 2.8 0.1
v 4.7 3.1 0.1
v 4.7 4.1 0.1
v 4.7 4.4 0.1
v 4.7 5.3 0.1
v 4.7 5.4 0.1
v 4.7 5.7 0.1
v 4.7 5.8 0.1
v 4.7 6.6 0.1
v 4.7 6.9 0.1
v 4.7 7.7 0.1
v 4.7 7.8 0.1
v 4.7 9 0.1
v 4.7 9.1 0.1
v 4.7 9.8 0.1
v 4.7 9.9 0.1
v 4.7 10.2 0.1
v 4.7 10.3 0.1
v 4.7 12.3 0.1
v 4.7 12.6 0.1
v 4.7 13.5 0.1
v 4.7 13.8 0.1
v 4.8 0.1 0.1
v 4.8 0.2 0.1
v 4.8 1.5 0.1
v 4.8 1.6 0.1
v 4.8 1.9 0.1
v 4.8 2 0.1
v 4.8 4 0.1
v 4.8 4.1 0.1
v 4.8 4.4 0.1
v 4.8 4.5 0.1
v 4.8 6.5 0.1
v 4.8 6.6 0.1
v 4.8 6.9 0.1
v 4.8 7 0.1
v 4.8 7.1 0.1
v 4.8 7.2 0.1
v 4.8 8.5 0.1
v 4.8 8.6 0.1
v 4.8 8.9 0.1
v 4.8 9 0.1
v 4.8 9.9 0.1
v 4.8 10.2 0.1
v 4.8 11 0.1
v 4.8 11.1 0.1
v 4.8 11.4 0.1
v 4.8 11.5 0.1
v 4.8 12.2 0.1
v 4.8 12.3 0.1
v 4.8 12.6 0.1
v 4.8 12.7 0.1
v 4.8 13.5 0.1
v 4.8 13.8 0.1
v 4.9 0.2 0.1
v 4.9 0.3 0.1
v 4.9 0.6 0.1
v 4.9 0.7 0.1
v 4.9 1.6 0.1
v 4.9 1.9 0.1
v 4.9 2.9 0.1
v 4.9 3.1 0.1
v 4.9 4.5 0.1
v 4.9 4.6 0.1
v 4.9 4.7 0.1
v 4.9 4.8 0.1
v 4.9 5.1 0.1
v 4.9 5.2 0.1
v 4.9 5.9 0.1
v 4.9 6 0.1
v 4.9 6.3 0.1
v 4.9 6.4 0.1
v 4.9 7.2 0.1
v 4.9 7.3 0.1
v 4.9 7.6 0.1
v 4.9 7.7 0.1
v 4.9 8.6 0.1
v 4.9 8.9 0.1
v 4.9 9.9 0.1
v 4.9 10.2 0.1
v 4.9 11.1 0.1
v 4.9 11.4 0.1
v 4.9 13.4 0.1
v 4.9 13.5 0.1
v 4.9 13.8 0.1
v 4.9 13.9 0.1
v 5 0.3 0.1
v 5 0.6 0.1
v 5 1.6 0.1
v 5 1.9 0.1
v 5 2.8 0.1
v 5 2.9 0.1
v 5 3.1 0.1
v 5 3.2 0.1
v 5 4.8 0.1
v 5 5.1 0.1
v 5 6 0.1
v 5 6.3 0.1
v 5 7.3 0.1
v 5 7.6 0.1
v 5 8.6 0.1
v 5 8.9 0.1
v 5 9.8 0.1
v 5 9.9 0.1
v 5 10.2 0.1
v 5 10.3 0.1
v 5 11.1 0.1
v 5 11.4 0.1
v 5 11.6 0.1
v 5 11.7 0.1
v 5 12 0.1
v 5 12.1 0.1
v 5 12.8 0.1
v 5 12.9 0.1
v 5 13.2 0.1
v 5 13.3 0.1
v 5.1 1.5 0.1
v 5.1 1.6 0.1
v 5.1 1.9 0.1
v 5.1 2 0.1
v 5.1 3.2 0.1
v 5.1 3.3 0.1
v 5.1 3.4 0.1
v 5.1 3.5 0.1
v 5.1 3.8 0.1
v 5.1 3.9 0.1
v 5.1 4.8 0.1
v 5.1 5.1 0.1
v 5.1 8.5 0.1
v 5.1 8.6 0.1
v 5.1 8.9 0.1
v 5.1 9 0.1
v 5.1 11 0.1
v 5.1 11.1 0.1
v 5.1 11.4 0.1
v 5.1 11.5 0.1
v 5.1 11.7 0.1
v 5.1 12 0.1
v 5.1 12.9 0.1
v 5.1 13.2 0.1
v 5.2 0.2 0.1
v 5.2 0.6 0.1
v 5.2 2 0.1
v 5.2 2.1 0.1
v 5.2 2.2 0.1
v 5.2 2.3 0.1
v 5.2 2.6 0.1
v 5.2 2.7 0.1
v 5.2 3.5 0.1
v 5.2 3.8 0.1
v 5.2 4.7 0.1
v 5.2 4.8 0.1
v 5.2 5.1 0.1
v 5.2 5.2 0.1
v 5.2 6 0.1
v 5.2 6.3 0.1
v 5.2 7.2 0.1
v 5.2 7.6 0.1
v 5.2 9 0.1
v 5.2 9.1 0.1
v 5.2 9.2 0.1
v 5.2 9.3 0.1
v 5.2 9.6 0.1
v 5.2 9.7 0.1
v 5.2 10.4 0.1
v 5.2 10.5 0.1
v 5.2 10.8 0.1
v 5.2 10.9 0.1
v 5.2 11.7 0.1
v 5.2 12 0.1
v 5.3 0.1 0.1
v 5.3 0.2 0.1
v 5.3 0.6 0.1
v 5.3 0.7 0.1
v 5.3 2.3 0.1
v 5.3 2.6 0.1
v 5.3 3.5 0.1
v 5.3 3.8 0.1
v 5.3 5.7 0.1
v 5.3 5.8 0.1
v 5.3 6.3 0.1
v 5.3 6.4 0.1
v 5.3 7.1 0.1
v 5.3 7.2 0.1
v 5.3 7.6 0.1
v 5.3 7.7 0.1
v 5.3 9.3 0.1
v 5.3 9.6 0.1
v 5.3 10.5 0.1
v 5.3 10.8 0.1
v 5.3 11.6 0.1
v 5.3 11.7 0.1
v 5.3 12 0.1
v 5.3 12.1 0.1
v 5.3 12.9 0.1
v 5.3 13.2 0.1
v 5.4 0.7 0.1
v 5.4 0.8 0.1
v 5.4 0.9 0.1
v 5.4 1 0.1
v 5.4 1.3 0.1
v 5.4 1.4 0.1
v 5.4 2.3 0.1
v 5.4 2.6 0.1
v 5.4 3.4 0.1
v 5.4 3.5 0.1
v 5.4 3.8 0.1
v 5.4 3.9 0.1
v 5.4 4.5 0.1
v 5.4 4.6 0.1
v 5.4 5.3 0.1
v 5.4 5.4 0.1
v 5.4 5.6 0.1
v 5.4 5.7 0.1
v 5.4 5.9 0.1
v 5.4 6 0.1
v 5.4 6.5 0.1
v 5.4 6.6 0.1
v 5.4 7.7 0.1
v 5.4 7.8 0.1
v 5.4 7.9 0.1
v 5.4 8 0.1
v 5.4 8.3 0.1
v 5.4 8.4 0.1
v 5.4 9.3 0.1
v 5.4 9.6 0.1
v 5.4 12.6 0.1
v 5.4 12.7 0.1
v 5.4 13.2 0.1
v 5.4 13.3 0.1
v 5.5 1 0.1
v 5.5 1.3 0.1
v 5.5 2.2 0.1
v 5.5 2.3 0.1
v 5.5 2.6 0.1
v 5.5 2.7 0.1
v 5.5 3.2 0.1
v 5.5 3.3 0.1
v 5.5 4 0.1
v 5.5 4.1 0.1
v 5.5 4.4 0.1
v 5.5 4.5 0.1
v 5.5 5.4 0.1
v 5.5 5.6 0.1
v 5.5 6.6 0.1
v 5.5 6.7 0.1
v 5.5 6.9 0.1
v 5.5 7 0.1
v 5.5 8 0.1
v 5.5 8.3 0.1
v 5.5 9.2 0.1
v 5.5 9.3 0.1
v 5.5 9.6 0.1
v 5.5 9.7 0.1
v 5.5 10.5 0.1
v 5.5 10.8 0.1
v 5.5 12.2 0.1
v 5.5 12.3 0.1
v 5.5 12.5 0.1
v 5.5 12.6 0.1
v 5.5 12.8 0.1
v 5.5 12.9 0.1
v 5.5 13.4 0.1
v 5.5 13.5 0.1
v 5.6 1 0.1
v 5.6 1.3 0.1
v 5.6 3.1 0.1
v 5.6 3.2 0.1
v 5.6 4.1 0.1
v 5.6 4.4 0.1
v 5.6 5.4 0.1
v 5.6 5.7 0.1
v 5.6 6.7 0.1
v 5.6 6.9 0.1
v 5.6 8 0.1
v 5.6 8.3 0.1
v 5.6 10.2 0.1
v 5.6 10.3 0.1
v 5.6 10.8 0.1
v 5.6 10.9 0.1
v 5.6 12.3 0.1
v 5.6 12.5 0.1
v 5.6 13.5 0.1
v 5.6 13.6 0.1
v 5.6 13.8 0.1
v 5.6 13.9 0.1
v 5.7 0.9 0.1
v 5.7 1 0.1
v 5.7 1.3 0.1
v 5.7 1.4 0.1
v 5.7 2 0.1
v 5.7 2.1 0.1
v 5.7 2.8 0.1
v 5.7 3.1 0.1
v 5.7 4.1 0.1
v 5.7 4.5 0.1
v 5.7 5.3 0.1
v 5.7 5.4 0.1
v 5.7 5.7 0.1
v 5.7 5.8 0.1
v 5.7 6.6 0.1
v 5.7 6.8 0.1
v 5.7 7.9 0.1
v 5.7 8 0.1
v 5.7 8.3 0.1
v 5.7 8.4 0.1
v 5.7 9 0.1
v 5.7 9.1 0.1
v 5.7 9.8 0.1
v 5.7 9.9 0.1
v 5.7 10.1 0.1
v 5.7 10.2 0.1
v 5.7 10.4 0.1
v 5.7 10.5 0.1
v 5.7 11 0.1
v 5.7 11.1 0.1
v 5.7 12.3 0.1
v 5.7 12.6 0.1
v 5.7 13.6 0.1
v 5.7 13.8 0.1
v 5.8 0.1 0.1
v 5.8 0.2 0.1
v 5.8 0.7 0.1
v 5.8 0.8 0.1
v 5.8 1.5 0.1
v 5.8 1.6 0.1
v 5.8 1.9 0.1
v 5.8 2 0.1
v 5.8 2.9 0.1
v 5.8 3.2 0.1
v 5.8 4 0.1
v 5.8 4.1 0.1
v 5.8 4.5 0.1
v 5.8 4.6 0.1
v 5.8 6.5 0.1
v 5.8 6.6 0.1
v 5.8 6.8 0.1
v 5.8 6.9 0.1
v 5.8 7.1 0.1
v 5.8 7.2 0.1
v 5.8 7.7 0.1
v 5.8 7.8 0.1
v 5.8 8.5 0.1
v 5.8 8.6 0.1
v 5.8 8.9 0.1
v 5.8 9 0.1
v 5.8 9.9 0.1
v 5.8 10.1 0.1
v 5.8 11.1 0.1
v 5.8 11.2 0.1
v 5.8 11.4 0.1
v 5.8 11.5 0.1
v 5.8 12.2 0.1
v 5.8 12.3 0.1
v 5.8 12.6 0.1
v 5.8 12.7 0.1
v 5.8 13.5 0.1
v 5.8 13.7 0.1
v 5.9 0.6 0.1
v 5.9 0.7 0.1
v 5.9 1.6 0.1
v 5.9 1.9 0.1
v 5.9 3.2 0.1
v 5.9 3.3 0.1
v 5.9 3.4 0.1
v 5.9 3.5 0.1
v 5.9 3.8 0.1
v 5.9 3.9 0.1
v 5.9 5.9 0.1
v 5.9 6 0.1
v 5.9 6.9 0.1
v 5.9 7 0.1
v 5.9 7.6 0.1
v 5.9 7.7 0.1
v 5.9 8.6 0.1
v 5.9 8.9 0.1
v 5.9 9.9 0.1
v 5.9 10.2 0.1
v 5.9 11.2 0.1
v 5.9 11.4 0.1
v 5.9 13.4 0.1
v 5.9 13.5 0.1
v 5.9 13.7 0.1
v 5.9 13.8 0.1
v 6 0.2 0.1
v 6 0.6 0.1
v 6 1.6 0.1
v 6 2 0.1
v 6 2.8 0.1
v 6 2.9 0.1
v 6 3.5 0.1
v 6 3.8 0.1
v 6 4.7 0.1
v 6 4.8 0.1
v 6 5.1 0.1
v 6 5.2 0.1
v 6 6 0.1
v 6 6.1 0.1
v 6 6.3 0.1
v 6 6.4 0.1
v 6 7.2 0.1
v 6 7.6 0.1
v 6 8.6 0.1
v 6 9 0.1
v 6 9.8 0.1
v 6 9.9 0.1
v 6 10.2 0.1
v 6 10.3 0.1
v 6 11.1 0.1
v 6 11.3 0.1
v 6 12.8 0.1
v 6 12.9 0.1
v 6 13.8 0.1
v 6 13.9 0.1
v 6.1 0.2 0.1
v 6.1 0.7 0.1
v 6.1 1.5 0.1
v 6.1 1.6 0.1
v 6.1 2 0.1
v 6.1 2.1 0.1
v 6.1 4.8 0.1
v 6.1 5.1 0.1
v 6.1 6.1 0.1
v 6.1 6.3 0.1
v 6.1 7.2 0.1
v 6.1 7.7 0.1
v 6.1 8.5 0.1
v 6.1 8.6 0.1
v 6.1 9 0.1
v 6.1 9.1 0.1
v 6.1 11 0.1
v 6.1 11.1 0.1
v 6.1 11.3 0.1
v 6.1 11.4 0.1
v 6.1 11.6 0.1
v 6.1 11.7 0.1
v 6.1 12 0.1
v 6.1 12.1 0.1
v 6.1 12.9 0.1
v 6.1 13 0.1
v 6.1 13.2 0.1
v 6.1 13.3 0.1
v 6.2 0.1 0.1
v 6.2 0.2 0.1
v 6.2 0.7 0.1
v 6.2 0.8 0.1
v 6.2 0.9 0.1
v 6.2 1 0.1
v 6.2 1.3 0.1
v 6.2 1.4 0.1
v 6.2 3.5 0.1
v 6.2 3.7 0.1
v 6.2 6.1 0.1
v 6.2 6.3 0.1
v 6.2 7.1 0.1
v 6.2 7.2 0.1
v 6.2 7.7 0.1
v 6.2 7.8 0.1
v 6.2 7.9 0.1
v 6.2 8 0.1
v 6.2 8.3 0.1
v 6.2 8.4 0.1
v 6.2 10.4 0.1
v 6.2 10.5 0.1
v 6.2 11.4 0.1
v 6.2 11.5 0.1
v 6.2 11.7 0.1
v 6.2 12 0.1
v 6.2 13 0.1
v 6.2 13.2 0.1
v 6.3 1 0.1
v 6.3 1.3 0.1
v 6.3 2.2 0.1
v 6.3 2.3 0.1
v 6.3 2.6 0.1
v 6.3 2.7 0.1
v 6.3 3.4 0.1
v 6.3 3.5 0.1
v 6.3 3.7 0.1
v 6.3 3.8 0.1
v 6.3 4 0.1
v 6.3 4.1 0.1
v 6.3 4.5 0.1
v 6.3 4.6 0.1
v 6.3 4.8 0.1
v 6.3 5 0.1
v 6.3 6 0.1
v 6.3 6.1 0.1
v 6.3 6.3 0.1
v 6.3 6.4 0.1
v 6.3 8 0.1
v 6.3 8.3 0.1
v 6.3 9.2 0.1
v 6.3 9.3 0.1
v 6.3 9.6 0.1
v 6.3 9.7 0.1
v 6.3 10.5 0.1
v 6.3 10.6 0.1
v 6.3 10.8 0.1
v 6.3 10.9 0.1
v 6.3 11.7 0.1
v 6.3 12 0.1
v 6.3 13 0.1
v 6.3 13.2 0.1
v 6.4 2.3 0.1
v 6.4 2.6 0.1
v 6.4 2.8 0.1
v 6.4 2.9 0.1
v 6.4 3.2 0.1
v 6.4 3.3 0.1
v 6.4 4.4 0.1
v 6.4 4.5 0.1
v 6.4 4.7 0.1
v 6.4 4.8 0.1
v 6.4 5 0.1
v 6.4 5.1 0.1
v 6.4 5.9 0.1
v 6.4 6 0.1
v 6.4 9.3 0.1
v 6.4 9.6 0.1
v 6.4 10.6 0.1
v 6.4 10.8 0.1
v 6.4 11.6 0.1
v 6.4 11.7 0.1
v 6.4 12 0.1
v 6.4 12.1 0.1
v 6.4 12.9 0.1
v 6.4 13 0.1
v 6.4 13.2 0.1
v 6.4 13.3 0.1
v 6.5 1 0.1
v 6.5 1.2 0.1
v 6.5 2.3 0.1
v 6.5 2.6 0.1
v 6.5 2.9 0.1
v 6.5 3.2 0.1
v 6.5 3.4 0.1
v 6.5 3.5 0.1
v 6.5 3.7 0.1
v 6.5 3.8 0.1
v 6.5 4.1 0.1
v 6.5 4.4 0.1
v 6.5 5.3 0.1
v 6.5 5.4 0.1
v 6.5 5.7 0.1
v 6.5 5.8 0.1
v 6.5 6.5 0.1
v 6.5 6.6 0.1
v 6.5 6.9 0.1
v 6.5 7 0.1
v 6.5 8 0.1
v 6.5 8.2 0.1
v 6.5 9.3 0.1
v 6.5 9.6 0.1
v 6.5 10.6 0.1
v 6.5 10.8 0.1
v 6.5 12.8 0.1
v 6.5 12.9 0.1
v 6.6 0.9 0.1
v 6.6 1 0.1
v 6.6 1.2 0.1
v 6.6 1.3 0.1
v 6.6 1.5 0.1
v 6.6 1.6 0.1
v 6.6 2.2 0.1
v 6.6 2.3 0.1
v 6.6 2.6 0.1
v 6.6 2.7 0.1
v 6.6 2.9 0.1
v 6.6 3.2 0.1
v 6.6 3.5 0.1
v 6.6 3.7 0.1
v 6.6 4.1 0.1
v 6.6 4.4 0.1
v 6.6 5.4 0.1
v 6.6 5.7 0.1
v 6.6 6.6 0.1
v 6.6 6.9 0.1
v 6.6 7.9 0.1
v 6.6 8 0.1
v 6.6 8.2 0.1
v 6.6 8.3 0.1
v 6.6 8.5 0.1
v 6.6 8.6 0.1
v 6.6 9.2 0.1
v 6.6 9.3 0.1
v 6.6 9.6 0.1
v 6.6 9.7 0.1
v 6.6 10.5 0.1
v 6.6 10.6 0.1
v 6.6 10.8 0.1
v 6.6 10.9 0.1
v 6.6 12.2 0.1
v 6.6 12.3 0.1
v 6.6 12.6 0.1
v 6.6 12.7 0.1
v 6.6 13.4 0.1
v 6.6 13.5 0.1
v 6.6 13.8 0.1
v 6.6 13.9 0.1
v 6.7 0.1 0.1
v 6.7 0.2 0.1
v 6.7 0.7 0.1
v 6.7 0.8 0.1
v 6.7 1.3 0.1
v 6.7 1.4 0.1
v 6.7 2 0.1
v 6.7 2.1 0.1
v 6.7 2.8 0.1
v 6.7 2.9 0.1
v 6.7 3.2 0.1
v 6.7 3.3 0.1
v 6.7 3.5 0.1
v 6.7 3.8 0.1
v 6.7 4 0.1
v 6.7 4.1 0.1
v 6.7 4.4 0.1
v 6.7 4.5 0.1
v 6.7 6.6 0.1
v 6.7 6.9 0.1
v 6.7 7.1 0.1
v 6.7 7.2 0.1
v 6.7 7.7 0.1
v 6.7 7.8 0.1
v 6.7 8.3 0.1
v 6.7 8.4 0.1
v 6.7 9 0.1
v 6.7 9.1 0.1
v 6.7 10.4 0.1
v 6.7 10.5 0.1
v 6.7 12.3 0.1
v 6.7 12.6 0.1
v 6.7 13.5 0.1
v 6.7 13.8 0.1
v 6.8 0.2 0.1
v 6.8 0.7 0.1
v 6.8 1.6 0.1
v 6.8 2 0.1
v 6.8 2.8 0.1
v 6.8 2.9 0.1
v 6.8 3.2 0.1
v 6.8 3.3 0.1
v 6.8 3.4 0.1
v 6.8 3.5 0.1
v 6.8 3.8 0.1
v 6.8 3.9 0.1
v 6.8 4 0.1
v 6.8 4.1 0.1
v 6.8 4.4 0.1
v 6.8 4.5 0.1
v 6.8 5.1 0.1
v 6.8 5.2 0.1
v 6.8 5.4 0.1
v 6.8 5.7 0.1
v 6.8 7.2 0.1
v 6.8 7.7 0.1
v 6.8 8.6 0.1
v 6.8 9 0.1
v 6.8 9.8 0.1
v 6.8 9.9 0.1
v 6.8 10.2 0.1
v 6.8 10.3 0.1
v 6.8 11 0.1
v 6.8 11.1 0.1
v 6.8 11.4 0.1
v 6.8 11.5 0.1
v 6.8 12.2 0.1
v 6.8 12.7 0.1
v 6.8 13.5 0.1
v 6.8 13.8 0.1
v 6.9 0.2 0.1
v 6.9 0.6 0.1
v 6.9 1.6 0.1
v 6.9 1.9 0.1
v 6.9 3.1 0.1
v 6.9 3.2 0.1
v 6.9 4.1 0.1
v 6.9 4.4 0.1
v 6.9 6.6 0.1
v 6.9 6.9 0.1
v 6.9 7.2 0.1
v 6.9 7.6 0.1
v 6.9 8.6 0.1
v 6.9 8.9 0.1
v 6.9 9.9 0.1
v 6.9 10.2 0.1
v 6.9 11.1 0.1
v 6.9 11.4 0.1
v 6.9 11.6 0.1
v 6.9 11.7 0.1
v 6.9 12 0.1
v 6.9 12.1 0.1
v 6.9 13.4 0.1
v 6.9 13.5 0.1
v 6.9 13.8 0.1
v 6.9 13.9 0.1
v 7 0.1 0.1
v 7 0.2 0.1
v 7 0.6 0.1
v 7 0.7 0.1
v 7 1.5 0.1
v 7 1.6 0.1
v 7 1.9 0.1
v 7 2 0.1
v 7 2.9 0.1
v 7 3.1 0.1
v 7 5.3 0.1
v 7 5.4 0.1
v 7 5.7 0.1
v 7 5.8 0.1
v 7 6.6 0.1
v 7 6.8 0.1
v 7 7.1 0.1
v 7 7.2 0.1
v 7 7.6 0.1
v 7 7.7 0.1
v 7 8.5 0.1
v 7 8.6 0.1
v 7 8.9 0.1
v 7 9 0.1
v 7 9.8 0.1
v 7 10.3 0.1
v 7 11.1 0.1
v 7 11.4 0.1
v 7 11.7 0.1
v 7 12 0.1
v 7 12.8 0.1
v 7 12.9 0.1
v 7 13.2 0.1
v 7 13.3 0.1
v 7.1 0.7 0.1
v 7.1 0.8 0.1
v 7.1 2 0.1
v 7.1 2.1 0.1
v 7.1 2.2 0.1
v 7.1 2.3 0.1
v 7.1 2.6 0.1
v 7.1 2.7 0.1
v 7.1 2.8 0.1
v 7.1 3.1 0.1
v 7.1 4.1 0.1
v 7.1 4.4 0.1
v 7.1 6.5 0.1
v 7.1 6.6 0.1
v 7.1 6.8 0.1
v 7.1 6.9 0.1
v 7.1 7.7 0.1
v 7.1 7.8 0.1
v 7.1 9 0.1
v 7.1 9.1 0.1
v 7.1 9.2 0.1
v 7.1 9.3 0.1
v 7.1 9.6 0.1
v 7.1 9.7 0.1
v 7.1 11 0.1
v 7.1 11.1 0.1
v 7.1 11.4 0.1
v 7.1 11.5 0.1
v 7.1 11.7 0.1
v 7.1 12 0.1
v 7.1 12.9 0.1
v 7.1 13.2 0.1
v 7.2 0.9 0.1
v 7.2 1 0.1
v 7.2 1.3 0.1
v 7.2 1.4 0.1
v 7.2 2.3 0.1
v 7.2 2.6 0.1
v 7.2 3.1 0.1
v 7.2 3.2 0.1
v 7.2 4 0.1
v 7.2 4.1 0.1
v 7.2 4.4 0.1
v 7.2 4.5 0.1
v 7.2 5.9 0.1
v 7.2 6 0.1
v 7.2 6.9 0.1
v 7.2 7 0.1
v 7.2 7.9 0.1
v 7.2 8 0.1
v 7.2 8.3 0.1
v 7.2 8.4 0.1
v 7.2 9.3 0.1
v 7.2 9.6 0.1
v 7.2 10.4 0.1
v 7.2 10.5 0.1
v 7.2 10.8 0.1
v 7.2 10.9 0.1
v 7.2 11.6 0.1
v 7.2 11.7 0.1
v 7.2 12 0.1
v 7.2 12.1 0.1
v 7.2 12.9 0.1
v 7.2 13.2 0.1
v 7.3 1 0.1
v 7.3 1.3 0.1
v 7.3 2.3 0.1
v 7.3 2.6 0.1
v 7.3 3.2 0.1
v 7.3 3.3 0.1
v 7.3 3.4 0.1
v 7.3 3.5 0.1
v 7.3 3.8 0.1
v 7.3 3.9 0.1
v 7.3 4.5 0.1
v 7.3 4.6 0.1
v 7.3 4.7 0.1
v 7.3 4.8 0.1
v 7.3 5.1 0.1
v 7.3 5.2 0.1
v 7.3 6 0.1
v 7.3 6.1 0.1
v 7.3 6.3 0.1
v 7.3 6.4 0.1
v 7.3 8 0.1
v 7.3 8.3 0.1
v 7.3 9.3 0.1
v 7.3 9.6 0.1
v 7.3 10.5 0.1
v 7.3 10.8 0.1
v 7.3 12.2 0.1
v 7.3 12.3 0.1
v 7.3 12.6 0.1
v 7.3 12.7 0.1
v 7.3 12.8 0.1
v 7.3 12.9 0.1
v 7.3 13.2 0.1
v 7.3 13.3 0.1
v 7.4 1 0.1
v 7.4 1.2 0.1
v 7.4 2.2 0.1
v 7.4 2.3 0.1
v 7.4 2.6 0.1
v 7.4 2.7 0.1
v 7.4 3.5 0.1
v 7.4 3.8 0.1
v 7.4 4.8 0.1
v 7.4 5.1 0.1
v 7.4 6.1 0.1
v 7.4 6.3 0.1
v 7.4 8 0.1
v 7.4 8.2 0.1
v 7.4 9.2 0.1
v 7.4 9.3 0.1
v 7.4 9.6 0.1
v 7.4 9.7 0.1
v 7.4 10.5 0.1
v 7.4 10.8 0.1
v 7.4 12.3 0.1
v 7.4 12.6 0.1
v 7.5 0.9 0.1
v 7.5 1 0.1
v 7.5 1.2 0.1
v 7.5 1.4 0.1
v 7.5 3.6 0.1
v 7.5 3.8 0.1
v 7.5 4.8 0.1
v 7.5 5.1 0.1
v 7.5 6.1 0.1
v 7.5 6.3 0.1
v 7.5 7.9 0.1
v 7.5 8 0.1
v 7.5 8.2 0.1
v 7.5 8.4 0.1
v 7.5 9.8 0.1
v 7.5 9.9 0.1
v 7.5 10.2 0.1
v 7.5 10.3 0.1
v 7.5 10.4 0.1
v 7.5 10.5 0.1
v 7.5 10.8 0.1
v 7.5 10.9 0.1
v 7.5 13.4 0.1
v 7.5 13.5 0.1
v 7.5 13.8 0.1
v 7.5 13.9 0.1
v 7.6 0.7 0.1
v 7.6 0.8 0.1
v 7.6 1.5 0.1
v 7.6 1.6 0.1
v 7.6 2 0.1
v 7.6 2.1 0.1
v 7.6 3.5 0.1
v 7.6 3.6 0.1
v 7.6 3.8 0.1
v 7.6 3.9 0.1
v 7.6 4.5 0.1
v 7.6 4.6 0.1
v 7.6 4.7 0.1
v 7.6 4.8 0.1
v 7.6 5.1 0.1
v 7.6 5.2 0.1
v 7.6 6 0.1
v 7.6 6.1 0.1
v 7.6 6.3 0.1
v 7.6 6.4 0.1
v 7.6 7.7 0.1
v 7.6 7.8 0.1
v 7.6 8.5 0.1
v 7.6 8.6 0.1
v 7.6 9 0.1
v 7.6 9.1 0.1
v 7.6 9.9 0.1
v 7.6 10.2 0.1
v 7.6 12.3 0.1
v 7.6 12.5 0.1
v 7.6 13.5 0.1
v 7.6 13.8 0.1
v 7.7 0.1 0.1
v 7.7 0.2 0.1
v 7.7 1.6 0.1
v 7.7 2 0.1
v 7.7 3.4 0.1
v 7.7 3.5 0.1
v 7.7 4 0.1
v 7.7 4.1 0.1
v 7.7 5.9 0.1
v 7.7 6 0.1
v 7.7 7.1 0.1
v 7.7 7.2 0.1
v 7.7 8.6 0.1
v 7.7 9 0.1
v 7.7 11 0.1
v 7.7 11.1 0.1
v 7.7 11.4 0.1
v 7.7 11.5 0.1
v 7.7 12.2 0.1
v 7.7 12.3 0.1
v 7.7 12.5 0.1
v 7.7 12.6 0.1
v 7.7 13.5 0.1
v 7.7 13.8 0.1
v 7.8 0.2 0.1
v 7.8 0.7 0.1
v 7.8 1.6 0.1
v 7.8 1.9 0.1
v 7.8 3.2 0.1
v 7.8 3.3 0.1
v 7.8 4.1 0.1
v 7.8 4.5 0.1
v 7.8 5.3 0.1
v 7.8 5.4 0.1
v 7.8 5.7 0.1
v 7.8 5.8 0.1
v 7.8 6.5 0.1
v 7.8 6.6 0.1
v 7.8 6.9 0.1
v 7.8 7 0.1
v 7.8 7.2 0.1
v 7.8 7.7 0.1
v 7.8 8.6 0.1
v 7.8 8.9 0.1
v 7.8 9.9 0.1
v 7.8 10.1 0.1
v 7.8 11.1 0.1
v 7.8 11.4 0.1
v 7.8 11.6 0.1
v 7.8 11.7 0.1
v 7.8 12 0.1
v 7.8 12.1 0.1
v 7.8 12.6 0.1
v 7.8 12.7 0.1
v 7.8 13.4 0.1
v 7.8 13.5 0.1
v 7.8 13.8 0.1
v 7.8 13.9 0.1
v 7.9 0.2 0.1
v 7.9 0.6 0.1
v 7.9 1.5 0.1
v 7.9 1.6 0.1
v 7.9 1.9 0.1
v 7.9 2 0.1
v 7.9 2.8 0.1
v 7.9 2.9 0.1
v 7.9 4.2 0.1
v 7.9 4.4 0.1
v 7.9 5.4 0.1
v 7.9 5.7 0.1
v 7.9 6.6 0.1
v 7.9 6.9 0.1
v 7.9 7.2 0.1
v 7.9 7.6 0.1
v 7.9 8.5 0.1
v 7.9 8.6 0.1
v 7.9 8.9 0.1
v 7.9 9 0.1
v 7.9 9.8 0.1
v 7.9 9.9 0.1
v 7.9 10.1 0.1
v 7.9 10.2 0.1
v 7.9 11.1 0.1
v 7.9 11.4 0.1
v 7.9 11.9 0.1
v 7.9 12 0.1
v 7.9 13.2 0.1
v 7.9 13.3 0.1
v 8 0.1 0.1
v 8 0.2 0.1
v 8 0.6 0.1
v 8 0.7 0.1
v 8 2 0.1
v 8 2.1 0.1
v 8 2.2 0.1
v 8 2.3 0.1
v 8 2.6 0.1
v 8 2.7 0.1
v 8 2.9 0.1
v 8 3.2 0.1
v 8 4.1 0.1
v 8 4.2 0.1
v 8 4.4 0.1
v 8 4.5 0.1
v 8 5.3 0.1
v 8 5.8 0.1
v 8 6.6 0.1
v 8 6.9 0.1
v 8 7.1 0.1
v 8 7.2 0.1
v 8 7.6 0.1
v 8 7.7 0.1
v 8 9 0.1
v 8 9.1 0.1
v 8 9.2 0.1
v 8 9.3 0.1
v 8 9.6 0.1
v 8 9.7 0.1
v 8 10.2 0.1
v 8 10.3 0.1
v 8 11 0.1
v 8 11.1 0.1
v 8 11.4 0.1
v 8 11.5 0.1
v 8 11.7 0.1
v 8 11.9 0.1
v 8 12.8 0.1
v 8 12.9 0.1
v 8.1 0.7 0.1
v 8.1 0.8 0.1
v 8.1 0.9 0.1
v 8.1 1 0.1
v 8.1 1.3 0.1
v 8.1 1.4 0.1
v 8.1 2.5 0.1
v 8.1 2.6 0.1
v 8.1 2.9 0.1
v 8.1 3 0.1
v 8.1 4 0.1
v 8.1 4.1 0.1
v 8.1 5.1 0.1
v 8.1 5.2 0.1
v 8.1 6.5 0.1
v 8.1 6.6 0.1
v 8.1 6.9 0.1
v 8.1 7 0.1
v 8.1 7.7 0.1
v 8.1 7.8 0.1
v 8.1 7.9 0.1
v 8.1 8 0.1
v 8.1 8.3 0.1
v 8.1 8.4 0.1
v 8.1 9.5 0.1
v 8.1 9.6 0.1
v 8.1 10.8 0.1
v 8.1 10.9 0.1
v 8.1 11.7 0.1
v 8.1 11.9 0.1
v 8.1 12.9 0.1
v 8.1 13.2 0.1
v 8.2 1 0.1
v 8.2 1.3 0.1
v 8.2 2.3 0.1
v 8.2 2.5 0.1
v 8.2 2.8 0.1
v 8.2 2.9 0.1
v 8.2 3 0.1
v 8.2 3.2 0.1
v 8.2 4.5 0.1
v 8.2 4.6 0.1
v 8.2 4.7 0.1
v 8.2 4.8 0.1
v 8.2 5 0.1
v 8.2 5.1 0.1
v 8.2 5.9 0.1
v 8.2 6 0.1
v 8.2 6.3 0.1
v 8.2 6.4 0.1
v 8.2 8 0.1
v 8.2 8.3 0.1
v 8.2 9.3 0.1
v 8.2 9.5 0.1
v 8.2 10.4 0.1
v 8.2 10.5 0.1
v 8.2 11.6 0.1
v 8.2 11.7 0.1
v 8.2 11.9 0.1
v 8.2 12 0.1
v 8.2 12.9 0.1
v 8.2 13.1 0.1
v 8.3 1 0.1
v 8.3 1.3 0.1
v 8.3 2.3 0.1
v 8.3 2.5 0.1
v 8.3 3.2 0.1
v 8.3 3.3 0.1
v 8.3 4.8 0.1
v 8.3 5 0.1
v 8.3 6 0.1
v 8.3 6.3 0.1
v 8.3 8 0.1
v 8.3 8.3 0.1
v 8.3 9.3 0.1
v 8.3 9.5 0.1
v 8.3 10.5 0.1
v 8.3 10.8 0.1
v 8.3 12 0.1
v 8.3 12.1 0.1
v 8.3 13.1 0.1
v 8.3 13.2 0.1
v 8.4 0.9 0.1
v 8.4 1 0.1
v 8.4 1.3 0.1
v 8.4 1.4 0.1
v 8.4 2 0.1
v 8.4 2.1 0.1
v 8.4 2.2 0.1
v 8.4 2.3 0.1
v 8.4 2.5 0.1
v 8.4 2.6 0.1
v 8.4 3.4 0.1
v 8.4 3.5 0.1
v 8.4 3.8 0.1
v 8.4 3.9 0.1
v 8.4 4.8 0.1
v 8.4 5.1 0.1
v 8.4 6 0.1
v 8.4 6.3 0.1
v 8.4 7.9 0.1
v 8.4 8 0.1
v 8.4 8.3 0.1
v 8.4 8.4 0.1
v 8.4 9 0.1
v 8.4 9.1 0.1
v 8.4 9.2 0.1
v 8.4 9.3 0.1
v 8.4 9.5 0.1
v 8.4 9.6 0.1
v 8.4 10.5 0.1
v 8.4 10.7 0.1
v 8.4 12.6 0.1
v 8.4 12.7 0.1
v 8.4 12.8 0.1
v 8.4 12.9 0.1
v 8.4 13.8 0.1
v 8.4 13.9 0.1
v 8.5 1.5 0.1
v 8.5 1.6 0.1
v 8.5 2.6 0.1
v 8.5 2.7 0.1
v 8.5 3.5 0.1
v 8.5 3.8 0.1
v 8.5 4.7 0.1
v 8.5 4.8 0.1
v 8.5 5.1 0.1
v 8.5 5.2 0.1
v 8.5 5.3 0.1
v 8.5 5.4 0.1
v 8.5 5.7 0.1
v 8.5 5.8 0.1
v 8.5 5.9 0.1
v 8.5 6 0.1
v 8.5 6.3 0.1
v 8.5 6.4 0.1
v 8.5 8.5 0.1
v 8.5 8.6 0.1
v 8.5 9.6 0.1
v 8.5 9.7 0.1
v 8.5 10.7 0.1
v 8.5 10.8 0.1
v 8.5 12.2 0.1
v 8.5 12.3 0.1
v 8.5 12.5 0.1
v 8.5 12.6 0.1
v 8.5 13.2 0.1
v 8.5 13.3 0.1
v 8.5 13.4 0.1
v 8.5 13.5 0.1
v 8.5 13.7 0.1
v 8.5 13.8 0.1
v 8.6 0.1 0.1
v 8.6 0.2 0.1
v 8.6 0.7 0.1
v 8.6 0.8 0.1
v 8.6 1.9 0.1
v 8.6 2 0.1
v 8.6 3.5 0.1
v 8.6 3.8 0.1
v 8.6 5.4 0.1
v 8.6 5.7 0.1
v 8.6 7.1 0.1
v 8.6 7.2 0.1
v 8.6 7.7 0.1
v 8.6 7.8 0.1
v 8.6 8.9 0.1
v 8.6 9 0.1
v 8.6 10.2 0.1
v 8.6 10.3 0.1
v 8.6 10.4 0.1
v 8.6 10.5 0.1
v 8.6 11.4 0.1
v 8.6 11.5 0.1
v 8.6 12.3 0.1
v 8.6 12.5 0.1
v 8.6 13.5 0.1
v 8.6 13.7 0.1
v 8.7 0.2 0.1
v 8.7 0.7 0.1
v 8.7 1.6 0.1
v 8.7 1.9 0.1
v 8.7 3.2 0.1
v 8.7 3.3 0.1
v 8.7 3.4 0.1
v 8.7 3.5 0.1
v 8.7 3.8 0.1
v 8.7 3.9 0.1
v 8.7 4.5 0.1
v 8.7 4.6 0.1
v 8.7 6.5 0.1
v 8.7 6.6 0.1
v 8.7 6.9 0.1
v 8.7 7 0.1
v 8.7 7.2 0.1
v 8.7 7.7 0.1
v 8.7 8.6 0.1
v 8.7 8.9 0.1
v 8.7 9.8 0.1
v 8.7 9.9 0.1
v 8.7 10.1 0.1
v 8.7 10.2 0.1
v 8.7 10.8 0.1
v 8.7 10.9 0.1
v 8.7 11 0.1
v 8.7 11.1 0.1
v 8.7 11.3 0.1
v 8.7 11.4 0.1
v 8.7 12.3 0.1
v 8.7 12.6 0.1
v 8.7 13.5 0.1
v 8.7 13.8 0.1
v 8.8 0.2 0.1
v 8.8 0.6 0.1
v 8.8 1.6 0.1
v 8.8 1.9 0.1
v 8.8 2.8 0.1
v 8.8 2.9 0.1
v 8.8 4 0.1
v 8.8 4.1 0.1
v 8.8 4.4 0.1
v 8.8 4.5 0.1
v 8.8 5.4 0.1
v 8.8 5.6 0.1
v 8.8 6.6 0.1
v 8.8 6.9 0.1
v 8.8 7.2 0.1
v 8.8 7.6 0.1
v 8.8 8.6 0.1
v 8.8 8.9 0.1
v 8.8 9.9 0.1
v 8.8 10.1 0.1
v 8.8 11.1 0.1
v 8.8 11.3 0.1
v 8.8 12.2 0.1
v 8.8 12.3 0.1
v 8.8 12.6 0.1
v 8.8 12.7 0.1
v 8.8 13.4 0.1
v 8.8 13.5 0.1
v 8.8 13.8 0.1
v 8.8 13.9 0.1
v 8.9 0.6 0.1
v 8.9 0.7 0.1
v 8.9 1.5 0.1
v 8.9 1.6 0.1
v 8.9 1.9 0.1
v 8.9 2 0.1
v 8.9 3.1 0.1
v 8.9 3.2 0.1
v 8.9 4.1 0.1
v 8.9 4.4 0.1
v 8.9 5.4 0.1
v 8.9 5.6 0.1
v 8.9 5.9 0.1
v 8.9 6 0.1
v 8.9 6.4 0.1
v 8.9 6.5 0.1
v 8.9 7.6 0.1
v 8.9 7.9 0.1
v 8.9 8.4 0.1
v 8.9 8.9 0.1
v 8.9 9 0.1
v 8.9 9.9 0.1
v 8.9 10.2 0.1
v 8.9 11.1 0.1
v 8.9 11.4 0.1
v 8.9 11.6 0.1
v 8.9 11.7 0.1
v 8.9 12 0.1
v 8.9 12.1 0.1
v 9 0 0.1
v 9 0.2 0.1
v 9 0.7 0.1
v 9 0.9 0.1
v 9 1.4 0.1
v 9 1.5 0.1
v 9 2 0.1
v 9 2.2 0.1
v 9 2.7 0.1
v 9 2.9 0.1
v 9 3.1 0.1
v 9 3.4 0.1
v 9 3.9 0.1
v 9 4.7 0.1
v 9 5.2 0.1
v 9 6 0.1
v 9 6.5 0.1
v 9 7.2 0.1
v 9 7.9 0.1
v 9 8.6 0.1
v 9 9 0.1
v 9 9.2 0.1
v 9 9.7 0.1
v 9 9.9 0.1
v 9 10.2 0.1
v 9 10.4 0.1
v 9 10.9 0.1
v 9 11.1 0.1
v 9 11.4 0.1
v 9 11.7 0.1
v 9 12 0.1
v 9 12.2 0.1
v 9 12.7 0.1
v 9 12.8 0.1
v 9 13.3 0.1
v 9 13.4 0.1
v 9 13.9 0.1
v 9 14 0.1
v -9 11.6 0
v -9 11.7 0
v -8.8 11.6 0
v -8.8 11.7 0
v -8.1 11.6 0
v -8.1 11.7 0
v -7.8 11.6 0
v -7.8 11.7 0
v -7.2 11.6 0
v -7.2 11.7 0
v -6.9 11.6 0
v -6.9 11.7 0
v -6.2 11.6 0
v -6.2 11.7 0
v -6 11.6 0
v -6 11.7 0
v 8.8 11.6 0
v 8.8 11.7 0
v 8.9 11.6 0
v 8.9 11.7 0
v 9 11.6 0
v 9 11.7 0
v -9 0 -0.1
v -9 11.6 -0.1
v -9 11.7 -0.1
v -9 14 -0.1
v -6 11.6 -0.1
v -6 11.7 -0.1
v 8.8 11.6 -0.1
v 8.8 11.7 -0.1
v 9 0 -0.1
v 9 11.6 -0.1
v 9 11.7 -0.1
v 9 14 -0.1
v -9 0 0.1
v 9 0 0.1
v -9 0 0
v 9 0 0
v -9 0 -0.1
v 9 0 -0.1
v -9 11.7 0
v -8.8 11.7 0
v -8.1 11.7 0
v -7.8 11.7 0
v -7.2 11.7 0
v -6.9 11.7 0
v -6.2 11.7 0
v -6 11.7 0
v 8.8 11.7 0
v 8.9 11.7 0
v 9 11.7 0
v -9 11.7 -0.1
v -6 11.7 -0.1
v 8.8 11.7 -0.1
v 9 11.7 -0.1
v -9 11.6 0
v -8.8 11.6 0
v -8.1 11.6 0
v -7.8 11.6 0
v -7.2 11.6 0
v -6.9 11.6 0
v -6.2 11.6 0
v -6 11.6 0
v 8.8 11.6 0
v 8.9 11.6 0
v 9 11.6 0
v -9 11.6 -0.1
v -6 11.6 -0.1
v 8.8 11.6 -0.1
v 9 11.6 -0.1
v -9 14 0.1
v 9 14 0.1
v -9 14 0
v 9 14 0
v -9 14 -0.1
v 9 14 -0.1

# faces
f 4/1/1 2/1/1 1/1/1
f 5/2/1 3/2/1 2/2/1
f 5/1/1 2/1/1 4/1/1
f 6/2/1 5/2/1 4/2/1
f 7/2/1 3/2/1 5/2/1
f 7/2/1 5/2/1 6/2/1
f 8/1/1 7/1/1 6/1/1
f 9/2/1 3/2/1 7/2/1
f 9/1/1 7/1/1 8/1/1
f 10/2/1 9/2/1 8/2/1
f 11/2/1 3/2/1 9/2/1
f 11/2/1 9/2/1 10/2/1
f 12/1/1 11/1/1 10/1/1
f 13/2/1 3/2/1 11/2/1
f 13/1/1 11/1/1 12/1/1
f 14/2/1 13/2/1 12/2/1
f 15/2/1 3/2/1 13/2/1
f 15/2/1 13/2/1 14/2/1
f 16/1/1 15/1/1 14/1/1
f 17/2/1 3/2/1 15/2/1
f 17/1/1 15/1/1 16/1/1
f 18/2/1 17/2/1 16/2/1
f 19/2/1 3/2/1 17/2/1
f 19/2/1 17/2/1 18/2/1
f 20/1/1 19/1/1 18/1/1
f 21/2/1 3/2/1 19/2/1
f 21/1/1 19/1/1 20/1/1
f 22/2/1 21/2/1 20/2/1
f 23/2/1 3/2/1 21/2/1
f 23/2/1 21/2/1 22/2/1
f 24/1/1 23/1/1 22/1/1
f 25/2/1 3/2/1 23/2/1
f 25/1/1 23/1/1 24/1/1
f 26/2/1 25/2/1 24/2/1
f 27/2/1 3/2/1 25/2/1
f 27/2/1 25/2/1 26/2/1
f 28/1/1 27/1/1 26/1/1
f 29/2/1 3/2/1 27/2/1
f 29/1/1 27/1/1 28/1/1
f 30/2/1 29/2/1 28/2/1
f 31/2/1 3/2/1 29/2/1
f 31/2/1 29/2/1 30/2/1
f 32/1/1 31/1/1 30/1/1
f 33/2/1 3/2/1 31/2/1
f 33/1/1 31/1/1 32/1/1
f 34/2/1 33/2/1 32/2/1
f 35/2/1 3/2/1 33/2/1
f 35/2/1 33/2/1 34/2/1
f 36/1/1 35/1/1 34/1/1
f 37/2/1 3/2/1 35/2/1
f 37/1/1 35/1/1 36/1/1
f 38/2/1 37/2/1 36/2/1
f 39/2/1 3/2/1 37/2/1
f 39/2/1 37/2/1 38/2/1
f 40/1/1 39/1/1 38/1/1
f 41/2/1 3/2/1 39/2/1
f 41/1/1 39/1/1 40/1/1
f 42/2/1 41/2/1 40/2/1
f 43/2/1 3/2/1 41/2/1
f 43/2/1 41/2/1 42/2/1
f 44/1/1 43/1/1 42/1/1
f 45/2/1 3/2/1 43/2/1
f 45/1/1 43/1/1 44/1/1
f 46/2/1 45/2/1 44/2/1
f 47/2/1 3/2/1 45/2/1
f 47/2/1 45/2/1 46/2/1
f 48/1/1 47/1/1 46/1/1
f 49/2/1 3/2/1 47/2/1
f 49/1/1 47/1/1 48/1/1
f 50/2/1 49/2/1 48/2/1
f 51/2/1 3/2/1 49/2/1
f 51/2/1 49/2/1 50/2/1
f 52/1/1 51/1/1 50/1/1
f 53/2/1 3/2/1 51/2/1
f 53/1/1 51/1/1 52/1/1
f 54/2/1 53/2/1 52/2/1
f 55/2/1 3/2/1 53/2/1
f 55/2/1 53/2/1 54/2/1
f 56/1/1 55/1/1 54/1/1
f 57/2/1 3/2/1 55/2/1
f 57/1/1 55/1/1 56/1/1
f 58/2/1 57/2/1 56/2/1
f 59/2/1 3/2/1 57/2/1
f 59/2/1 57/2/1 58/2/1
f 60/1/1 59/1/1 58/1/1
f 61/2/1 3/2/1 59/2/1
f 61/1/1 59/1/1 60/1/1
f 62/2/1 61/2/1 60/2/1
f 63/2/1 3/2/1 61/2/1
f 63/2/1 61/2/1 62/2/1
f 64/1/1 63/1/1 62/1/1
f 65/2/1 3/2/1 63/2/1
f 65/1/1 63/1/1 64/1/1
f 66/2/1 65/2/1 64/2/1
f 67/2/1 3/2/1 65/2/1
f 67/2/1 65/2/1 66/2/1
f 68/1/1 67/1/1 66/1/1
f 69/2/1 3/2/1 67/2/1
f 69/1/1 67/1/1 68/1/1
f 70/2/1 69/2/1 68/2/1
f 71/2/1 3/2/1 69/2/1
f 71/2/1 69/2/1 70/2/1
f 72/1/1 71/1/1 70/1/1
f 72/2/1 3/2/1 71/2/1
f 73/2/1 3/2/1 72/2/1
f 74/1/1 72/1/1 70/1/1
f 76/1/1 74/1/1 70/1/1
f 77/2/1 75/2/1 74/2/1
f 77/1/1 74/1/1 76/1/1
f 78/2/1 77/2/1 76/2/1
f 79/2/1 75/2/1 77/2/1
f 79/2/1 77/2/1 78/2/1
f 80/1/1 79/1/1 78/1/1
f 81/2/1 75/2/1 79/2/1
f 81/1/1 79/1/1 80/1/1
f 82/2/1 81/2/1 80/2/1
f 83/2/1 75/2/1 81/2/1
f 83/2/1 81/2/1 82/2/1
f 84/1/1 83/1/1 82/1/1
f 85/2/1 75/2/1 83/2/1
f 85/1/1 83/1/1 84/1/1
f 86/2/1 85/2/1 84/2/1
f 87/2/1 75/2/1 85/2/1
f 87/2/1 85/2/1 86/2/1
f 88/1/1 87/1/1 86/1/1
f 89/2/1 75/2/1 87/2/1
f 89/1/1 87/1/1 88/1/1
f 90/2/1 75/2/1 89/2/1
f 93/2/1 92/2/1 91/2/1
f 94/2/1 92/2/1 93/2/1
f 95/2/2 96/2/2 97/2/2
f 97/2/2 96/2/2 98/2/2
f 99/1/2 100/1/2 102/1/2
f 100/2/2 101/2/2 103/2/2
f 102/1/2 100/1/2 103/1/2
f 102/2/2 103/2/2 104/2/2
f 103/2/2 101/2/2 105/2/2
f 104/2/2 103/2/2 105/2/2
f 104/1/2 105/1/2 106/1/2
f 105/2/2 101/2/2 107/2/2
f 106/1/2 105/1/2 107/1/2
f 106/2/2 107/2/2 108/2/2
f 107/2/2 101/2/2 109/2/2
f 108/2/2 107/2/2 109/2/2
f 108/1/2 109/1/2 110/1/2
f 109/2/2 101/2/2 111/2/2
f 110/1/2 109/1/2 111/1/2
f 110/2/2 111/2/2 112/2/2
f 111/2/2 101/2/2 113/2/2
f 112/2/2 111/2/2 113/2/2
f 112/1/2 113/1/2 114/1/2
f 113/2/2 101/2/2 115/2/2
f 114/1/2 113/1/2 115/1/2
f 114/2/2 115/2/2 116/2/2
f 115/2/2 101/2/2 117/2/2
f 116/2/2 115/2/2 117/2/2
f 116/1/2 117/1/2 118/1/2
f 117/2/2 101/2/2 119/2/2
f 118/1/2 117/1/2 119/1/2
f 118/2/2 119/2/2 120/2/2
f 119/2/2 101/2/2 121/2/2
f 120/2/2 119/2/2 121/2/2
f 120/1/2 121/1/2 122/1/2
f 121/2/2 101/2/2 123/2/2
f 122/1/2 121/1/2 123/1/2
f 122/2/2 123/2/2 124/2/2
f 123/2/2 101/2/2 125/2/2
f 124/2/2 123/2/2 125/2/2
f 124/1/2 125/1/2 126/1/2
f 125/2/2 101/2/2 127/2/2
f 126/1/2 125/1/2 127/1/2
f 126/2/2 127/2/2 128/2/2
f 127/2/2 101/2/2 129/2/2
f 128/2/2 127/2/2 129/2/2
f 128/1/2 129/1/2 130/1/2
f 129/2/2 101/2/2 131/2/2
f 130/1/2 129/1/2 131/1/2
f 130/2/2 131/2/2 132/2/2
f 131/2/2 101/2/2 133/2/2
f 132/2/2 131/2/2 133/2/2
f 132/1/2 133/1/2 134/1/2
f 133/2/2 101/2/2 135/2/2
f 134/1/2 133/1/2 135/1/2
f 134/2/2 135/2/2 136/2/2
f 135/2/2 101/2/2 137/2/2
f 136/2/2 135/2/2 137/2/2
f 136/1/2 137/1/2 138/1/2
f 137/2/2 101/2/2 139/2/2
f 138/1/2 137/1/2 139/1/2
f 138/2/2 139/2/2 140/2/2
f 139/2/2 101/2/2 141/2/2
f 140/2/2 139/2/2 141/2/2
f 140/1/2 141/1/2 142/1/2
f 141/2/2 101/2/2 143/2/2
f 142/1/2 141/1/2 143/1/2
f 142/2/2 143/2/2 144/2/2
f 143/2/2 101/2/2 145/2/2
f 144/2/2 143/2/2 145/2/2
f 144/1/2 145/1/2 146/1/2
f 145/2/2 101/2/2 147/2/2
f 146/1/2 145/1/2 147/1/2
f 146/2/2 147/2/2 148/2/2
f 147/2/2 101/2/2 149/2/2
f 148/2/2 147/2/2 149/2/2
f 148/1/2 149/1/2 150/1/2
f 149/2/2 101/2/2 151/2/2
f 150/1/2 149/1/2 151/1/2
f 150/2/2 151/2/2 152/2/2
f 151/2/2 101/2/2 153/2/2
f 152/2/2 151/2/2 153/2/2
f 152/1/2 153/1/2 154/1/2
f 153/2/2 101/2/2 155/2/2
f 154/1/2 153/1/2 155/1/2
f 154/2/2 155/2/2 156/2/2
f 155/2/2 101/2/2 157/2/2
f 156/2/2 155/2/2 157/2/2
f 156/1/2 157/1/2 158/1/2
f 157/2/2 101/2/2 158/2/2
f 158/2/2 101/2/2 159/2/2
f 156/1/2 158/1/2 160/1/2
f 160/1/2 158/1/2 161/1/2
f 160/2/2 161/2/2 163/2/2
f 161/2/2 162/2/2 163/2/2
f 163/2/2 162/2/2 164/2/2
f 163/1/2 164/1/2 165/1/2
f 164/2/2 162/2/2 166/2/2
f 165/1/2 164/1/2 166/1/2
f 165/2/2 166/2/2 167/2/2
f 166/2/2 162/2/2 168/2/2
f 167/2/2 166/2/2 168/2/2
f 167/1/2 168/1/2 169/1/2
f 168/2/2 162/2/2 170/2/2
f 169/1/2 168/1/2 170/1/2
f 169/2/2 170/2/2 171/2/2
f 170/2/2 162/2/2 172/2/2
f 171/2/2 170/2/2 172/2/2
f 171/1/2 172/1/2 173/1/2
f 172/2/2 162/2/2 174/2/2
f 173/1/2 172/1/2 174/1/2
f 173/2/2 174/2/2 175/2/2
f 174/2/2 162/2/2 176/2/2
f 175/2/2 174/2/2 176/2/2
f 175/1/2 176/1/2 177/1/2
f 176/2/2 162/2/2 178/2/2
f 177/1/2 176/1/2 178/1/2
f 178/2/2 162/2/2 179/2/2
f 222/1/3 183/1/3 182/1/3
f 222/2/3 184/2/3 183/2/3
f 223/2/3 184/2/3 222/2/3
f 224/2/3 184/2/3 223/2/3
f 225/1/3 185/1/3 184/1/3
f 225/2/3 184/2/3 224/2/3
f 226/1/3 187/1/3 186/1/3
f 226/2/3 188/2/3 187/2/3
f 227/2/3 188/2/3 226/2/3
f 228/2/3 188/2/3 227/2/3
f 229/1/3 189/1/3 188/1/3
f 229/2/3 188/2/3 228/2/3
f 230/1/3 189/1/3 229/1/3
f 231/1/3 189/1/3 230/1/3
f 232/1/3 191/1/3 190/1/3
f 233/2/3 192/2/3 191/2/3
f 233/1/3 191/1/3 232/1/3
f 234/1/3 193/1/3 192/1/3
f 234/2/3 192/2/3 233/2/3
f 235/1/3 193/1/3 234/1/3
f 236/1/3 195/1/3 194/1/3
f 237/2/3 196/2/3 195/2/3
f 237/1/3 195/1/3 236/1/3
f 238/1/3 197/1/3 196/1/3
f 238/2/3 196/2/3 237/2/3
f 239/1/3 197/1/3 238/1/3
f 240/2/3 200/2/3 199/2/3
f 240/1/3 201/1/3 200/1/3
f 241/1/3 201/1/3 240/1/3
f 242/2/3 202/2/3 201/2/3
f 243/1/3 203/1/3 202/1/3
f 243/2/3 202/2/3 242/2/3
f 244/1/3 203/1/3 243/1/3
f 245/2/3 204/2/3 203/2/3
f 245/1/3 203/1/3 244/1/3
f 246/1/3 205/1/3 204/1/3
f 246/2/3 204/2/3 245/2/3
f 247/1/3 205/1/3 246/1/3
f 248/1/3 207/1/3 206/1/3
f 248/2/3 208/2/3 207/2/3
f 249/2/3 208/2/3 248/2/3
f 250/2/3 208/2/3 249/2/3
f 251/1/3 209/1/3 208/1/3
f 251/2/3 208/2/3 250/2/3
f 252/1/3 215/1/3 214/1/3
f 253/1/3 215/1/3 252/1/3
f 254/1/3 217/1/3 216/1/3
f 254/2/3 218/2/3 217/2/3
f 255/1/3 219/1/3 218/1/3
f 255/2/3 218/2/3 254/2/3
f 256/2/3 224/2/3 223/2/3
f 256/1/3 223/1/3 222/1/3
f 257/1/3 225/1/3 224/1/3
f 257/2/3 224/2/3 256/2/3
f 258/2/3 228/2/3 227/2/3
f 258/1/3 227/1/3 226/1/3
f 259/1/3 229/1/3 228/1/3
f 259/2/3 228/2/3 258/2/3
f 259/1/3 230/1/3 229/1/3
f 260/1/3 189/1/3 231/1/3
f 260/2/3 231/2/3 230/2/3
f 261/1/3 189/1/3 260/1/3
f 262/2/3 194/2/3 193/2/3
f 262/1/3 193/1/3 235/1/3
f 263/2/3 194/2/3 262/2/3
f 264/2/3 194/2/3 263/2/3
f 265/1/3 236/1/3 194/1/3
f 265/2/3 194/2/3 264/2/3
f 266/2/3 237/2/3 236/2/3
f 266/1/3 197/1/3 239/1/3
f 266/2/3 239/2/3 238/2/3
f 266/2/3 238/2/3 237/2/3
f 267/1/3 197/1/3 266/1/3
f 268/2/3 198/2/3 197/2/3
f 269/1/3 199/1/3 198/1/3
f 269/2/3 198/2/3 268/2/3
f 270/1/3 199/1/3 269/1/3
f 271/2/3 240/2/3 199/2/3
f 271/1/3 199/1/3 270/1/3
f 271/2/3 241/2/3 240/2/3
f 272/1/3 201/1/3 241/1/3
f 272/2/3 242/2/3 201/2/3
f 273/2/3 242/2/3 272/2/3
f 274/2/3 250/2/3 249/2/3
f 274/1/3 249/1/3 248/1/3
f 275/1/3 251/1/3 250/1/3
f 275/2/3 250/2/3 274/2/3
f 276/1/3 211/1/3 210/1/3
f 276/2/3 212/2/3 211/2/3
f 277/2/3 212/2/3 276/2/3
f 278/2/3 212/2/3 277/2/3
f 279/1/3 213/1/3 212/1/3
f 279/2/3 212/2/3 278/2/3
f 280/1/3 252/1/3 214/1/3
f 281/2/3 253/2/3 252/2/3
f 281/1/3 252/1/3 280/1/3
f 282/1/3 215/1/3 253/1/3
f 282/2/3 253/2/3 281/2/3
f 283/1/3 215/1/3 282/1/3
f 284/1/3 254/1/3 216/1/3
f 284/1/3 255/1/3 254/1/3
f 285/1/3 219/1/3 255/1/3
f 285/1/3 255/1/3 284/1/3
f 286/1/3 258/1/3 226/1/3
f 286/1/3 259/1/3 258/1/3
f 287/1/3 259/1/3 286/1/3
f 288/2/3 190/2/3 189/2/3
f 288/1/3 189/1/3 261/1/3
f 289/2/3 190/2/3 288/2/3
f 290/2/3 190/2/3 289/2/3
f 291/1/3 232/1/3 190/1/3
f 291/2/3 190/2/3 290/2/3
f 292/2/3 264/2/3 263/2/3
f 292/1/3 263/1/3 262/1/3
f 293/1/3 265/1/3 264/1/3
f 293/2/3 264/2/3 292/2/3
f 294/2/3 241/2/3 271/2/3
f 294/2/3 271/2/3 270/2/3
f 294/1/3 273/1/3 272/1/3
f 294/1/3 272/1/3 241/1/3
f 295/1/3 273/1/3 294/1/3
f 296/2/3 242/2/3 273/2/3
f 296/1/3 273/1/3 295/1/3
f 297/2/3 242/2/3 296/2/3
f 298/2/3 242/2/3 297/2/3
f 299/1/3 244/1/3 243/1/3
f 299/2/3 242/2/3 298/2/3
f 299/1/3 243/1/3 242/1/3
f 300/1/3 275/1/3 274/1/3
f 300/1/3 274/1/3 248/1/3
f 301/1/3 275/1/3 300/1/3
f 302/2/3 278/2/3 277/2/3
f 302/1/3 277/1/3 276/1/3
f 303/1/3 279/1/3 278/1/3
f 303/2/3 278/2/3 302/2/3
f 304/2/3 281/2/3 280/2/3
f 304/1/3 215/1/3 283/1/3
f 304/2/3 283/2/3 282/2/3
f 304/2/3 282/2/3 281/2/3
f 305/1/3 215/1/3 304/1/3
f 306/1/3 284/1/3 216/1/3
f 307/2/3 285/2/3 284/2/3
f 307/1/3 284/1/3 306/1/3
f 308/1/3 219/1/3 285/1/3
f 308/2/3 285/2/3 307/2/3
f 309/1/3 219/1/3 308/1/3
f 310/2/3 220/2/3 219/2/3
f 310/1/3 219/1/3 309/1/3
f 311/2/3 220/2/3 310/2/3
f 312/2/3 220/2/3 311/2/3
f 313/1/3 221/1/3 220/1/3
f 313/2/3 220/2/3 312/2/3
f 314/1/3 256/1/3 222/1/3
f 314/1/3 257/1/3 256/1/3
f 315/1/3 185/1/3 225/1/3
f 315/1/3 257/1/3 314/1/3
f 315/1/3 225/1/3 257/1/3
f 316/1/3 226/1/3 186/1/3
f 316/1/3 286/1/3 226/1/3
f 317/2/3 287/2/3 286/2/3
f 317/1/3 286/1/3 316/1/3
f 318/1/3 259/1/3 287/1/3
f 318/2/3 287/2/3 317/2/3
f 319/1/3 230/1/3 259/1/3
f 319/1/3 259/1/3 318/1/3
f 320/2/3 290/2/3 289/2/3
f 320/1/3 289/1/3 288/1/3
f 321/1/3 291/1/3 290/1/3
f 321/2/3 290/2/3 320/2/3
f 322/1/3 292/1/3 262/1/3
f 322/1/3 293/1/3 292/1/3
f 323/1/3 265/1/3 293/1/3
f 323/1/3 293/1/3 322/1/3
f 324/1/3 197/1/3 267/1/3
f 324/2/3 268/2/3 197/2/3
f 325/2/3 268/2/3 324/2/3
f 326/2/3 268/2/3 325/2/3
f 327/1/3 270/1/3 269/1/3
f 327/2/3 268/2/3 326/2/3
f 327/1/3 269/1/3 268/1/3
f 328/2/3 298/2/3 297/2/3
f 328/1/3 297/1/3 296/1/3
f 328/1/3 296/1/3 295/1/3
f 329/1/3 299/1/3 298/1/3
f 329/2/3 298/2/3 328/2/3
f 330/1/3 300/1/3 248/1/3
f 330/1/3 248/1/3 206/1/3
f 331/2/3 301/2/3 300/2/3
f 331/1/3 300/1/3 330/1/3
f 332/1/3 275/1/3 301/1/3
f 332/2/3 301/2/3 331/2/3
f 333/1/3 251/1/3 275/1/3
f 333/1/3 275/1/3 332/1/3
f 334/1/3 303/1/3 302/1/3
f 334/1/3 302/1/3 276/1/3
f 335/1/3 279/1/3 303/1/3
f 335/1/3 303/1/3 334/1/3
f 336/1/3 215/1/3 305/1/3
f 336/2/3 216/2/3 215/2/3
f 337/2/3 216/2/3 336/2/3
f 338/2/3 216/2/3 337/2/3
f 339/1/3 306/1/3 216/1/3
f 339/2/3 216/2/3 338/2/3
f 340/2/3 312/2/3 311/2/3
f 340/1/3 311/1/3 310/1/3
f 340/1/3 310/1/3 309/1/3
f 341/1/3 313/1/3 312/1/3
f 341/2/3 312/2/3 340/2/3
f 342/1/3 314/1/3 222/1/3
f 342/1/3 222/1/3 182/1/3
f 343/2/3 315/2/3 314/2/3
f 343/1/3 314/1/3 342/1/3
f 344/1/3 185/1/3 315/1/3
f 344/2/3 315/2/3 343/2/3
f 345/1/3 185/1/3 344/1/3
f 346/2/3 186/2/3 185/2/3
f 347/1/3 316/1/3 186/1/3
f 347/2/3 186/2/3 346/2/3
f 348/2/3 317/2/3 316/2/3
f 348/2/3 318/2/3 317/2/3
f 348/1/3 230/1/3 319/1/3
f 348/2/3 319/2/3 318/2/3
f 349/1/3 230/1/3 348/1/3
f 350/1/3 320/1/3 288/1/3
f 350/1/3 321/1/3 320/1/3
f 351/1/3 291/1/3 321/1/3
f 351/1/3 321/1/3 350/1/3
f 352/1/3 322/1/3 262/1/3
f 352/1/3 262/1/3 235/1/3
f 353/2/3 323/2/3 322/2/3
f 353/1/3 322/1/3 352/1/3
f 354/1/3 265/1/3 323/1/3
f 354/2/3 323/2/3 353/2/3
f 355/1/3 236/1/3 265/1/3
f 355/1/3 265/1/3 354/1/3
f 356/2/3 326/2/3 325/2/3
f 356/1/3 325/1/3 324/1/3
f 357/1/3 327/1/3 326/1/3
f 357/2/3 326/2/3 356/2/3
f 358/1/3 329/1/3 328/1/3
f 358/1/3 328/1/3 295/1/3
f 359/1/3 244/1/3 299/1/3
f 359/1/3 329/1/3 358/1/3
f 359/1/3 299/1/3 329/1/3
f 360/2/3 206/2/3 205/2/3
f 361/1/3 330/1/3 206/1/3
f 361/2/3 206/2/3 360/2/3
f 362/2/3 332/2/3 331/2/3
f 362/2/3 331/2/3 330/2/3
f 362/1/3 251/1/3 333/1/3
f 362/2/3 333/2/3 332/2/3
f 363/1/3 209/1/3 251/1/3
f 363/1/3 251/1/3 362/1/3
f 364/1/3 334/1/3 276/1/3
f 364/1/3 276/1/3 210/1/3
f 365/2/3 335/2/3 334/2/3
f 365/1/3 334/1/3 364/1/3
f 366/1/3 279/1/3 335/1/3
f 366/2/3 335/2/3 365/2/3
f 367/1/3 213/1/3 279/1/3
f 367/1/3 279/1/3 366/1/3
f 368/2/3 214/2/3 213/2/3
f 368/1/3 213/1/3 367/1/3
f 369/2/3 214/2/3 368/2/3
f 370/2/3 214/2/3 369/2/3
f 371/1/3 280/1/3 214/1/3
f 371/2/3 214/2/3 370/2/3
f 372/2/3 338/2/3 337/2/3
f 372/1/3 337/1/3 336/1/3
f 373/1/3 339/1/3 338/1/3
f 373/2/3 338/2/3 372/2/3
f 374/1/3 341/1/3 340/1/3
f 374/1/3 340/1/3 309/1/3
f 375/1/3 341/1/3 374/1/3
f 376/2/3 182/2/3 181/2/3
f 377/1/3 342/1/3 182/1/3
f 377/2/3 182/2/3 376/2/3
f 378/1/3 185/1/3 345/1/3
f 378/2/3 346/2/3 185/2/3
f 379/2/3 346/2/3 378/2/3
f 380/2/3 346/2/3 379/2/3
f 381/1/3 347/1/3 346/1/3
f 381/2/3 346/2/3 380/2/3
f 382/1/3 350/1/3 288/1/3
f 382/1/3 288/1/3 261/1/3
f 383/2/3 351/2/3 350/2/3
f 383/1/3 350/1/3 382/1/3
f 384/1/3 291/1/3 351/1/3
f 384/2/3 351/2/3 383/2/3
f 385/1/3 232/1/3 291/1/3
f 385/1/3 291/1/3 384/1/3
f 386/1/3 356/1/3 324/1/3
f 386/1/3 357/1/3 356/1/3
f 387/1/3 327/1/3 357/1/3
f 387/1/3 357/1/3 386/1/3
f 388/1/3 358/1/3 295/1/3
f 389/2/3 359/2/3 358/2/3
f 389/1/3 358/1/3 388/1/3
f 390/1/3 244/1/3 359/1/3
f 390/2/3 359/2/3 389/2/3
f 391/1/3 244/1/3 390/1/3
f 392/1/3 205/1/3 247/1/3
f 392/2/3 360/2/3 205/2/3
f 393/2/3 360/2/3 392/2/3
f 394/2/3 360/2/3 393/2/3
f 395/1/3 361/1/3 360/1/3
f 395/2/3 360/2/3 394/2/3
f 396/2/3 210/2/3 209/2/3
f 396/1/3 209/1/3 363/1/3
f 397/2/3 210/2/3 396/2/3
f 398/2/3 210/2/3 397/2/3
f 399/1/3 364/1/3 210/1/3
f 399/2/3 210/2/3 398/2/3
f 400/2/3 370/2/3 369/2/3
f 400/1/3 368/1/3 367/1/3
f 400/1/3 369/1/3 368/1/3
f 401/1/3 371/1/3 370/1/3
f 401/2/3 370/2/3 400/2/3
f 402/1/3 372/1/3 336/1/3
f 402/1/3 373/1/3 372/1/3
f 403/1/3 339/1/3 373/1/3
f 403/1/3 373/1/3 402/1/3
f 404/1/3 374/1/3 309/1/3
f 405/2/3 375/2/3 374/2/3
f 405/1/3 374/1/3 404/1/3
f 406/1/3 341/1/3 375/1/3
f 406/2/3 375/2/3 405/2/3
f 407/1/3 313/1/3 341/1/3
f 407/1/3 341/1/3 406/1/3
f 408/1/3 181/1/3 180/1/3
f 408/2/3 376/2/3 181/2/3
f 409/2/3 376/2/3 408/2/3
f 410/2/3 376/2/3 409/2/3
f 411/1/3 377/1/3 376/1/3
f 411/2/3 376/2/3 410/2/3
f 412/2/3 380/2/3 379/2/3
f 412/1/3 379/1/3 378/1/3
f 413/1/3 381/1/3 380/1/3
f 413/2/3 380/2/3 412/2/3
f 414/2/3 261/2/3 260/2/3
f 414/2/3 260/2/3 230/2/3
f 415/1/3 382/1/3 261/1/3
f 415/2/3 261/2/3 414/2/3
f 416/2/3 233/2/3 232/2/3
f 416/2/3 234/2/3 233/2/3
f 416/2/3 235/2/3 234/2/3
f 417/1/3 352/1/3 235/1/3
f 417/2/3 235/2/3 416/2/3
f 418/1/3 386/1/3 324/1/3
f 418/1/3 324/1/3 267/1/3
f 419/2/3 387/2/3 386/2/3
f 419/1/3 386/1/3 418/1/3
f 420/1/3 327/1/3 387/1/3
f 420/2/3 387/2/3 419/2/3
f 421/1/3 270/1/3 327/1/3
f 421/1/3 327/1/3 420/1/3
f 422/2/3 245/2/3 244/2/3
f 422/1/3 244/1/3 391/1/3
f 422/2/3 247/2/3 246/2/3
f 422/2/3 246/2/3 245/2/3
f 423/2/3 247/2/3 422/2/3
f 424/2/3 247/2/3 423/2/3
f 425/1/3 392/1/3 247/1/3
f 425/2/3 247/2/3 424/2/3
f 425/1/3 393/1/3 392/1/3
f 426/2/3 394/2/3 393/2/3
f 426/1/3 393/1/3 425/1/3
f 427/1/3 395/1/3 394/1/3
f 427/2/3 394/2/3 426/2/3
f 428/2/3 398/2/3 397/2/3
f 428/1/3 397/1/3 396/1/3
f 429/1/3 399/1/3 398/1/3
f 429/2/3 398/2/3 428/2/3
f 430/1/3 401/1/3 400/1/3
f 430/1/3 400/1/3 367/1/3
f 431/1/3 401/1/3 430/1/3
f 432/1/3 402/1/3 336/1/3
f 432/1/3 336/1/3 305/1/3
f 433/2/3 403/2/3 402/2/3
f 433/1/3 402/1/3 432/1/3
f 434/1/3 339/1/3 403/1/3
f 434/2/3 403/2/3 433/2/3
f 435/1/3 306/1/3 339/1/3
f 435/1/3 339/1/3 434/1/3
f 436/2/3 309/2/3 308/2/3
f 436/1/3 306/1/3 435/1/3
f 436/2/3 307/2/3 306/2/3
f 436/2/3 308/2/3 307/2/3
f 437/2/3 309/2/3 436/2/3
f 438/2/3 309/2/3 437/2/3
f 439/1/3 404/1/3 309/1/3
f 439/2/3 309/2/3 438/2/3
f 440/1/3 313/1/3 407/1/3
f 440/2/3 405/2/3 404/2/3
f 440/2/3 406/2/3 405/2/3
f 440/2/3 407/2/3 406/2/3
f 441/1/3 221/1/3 313/1/3
f 441/1/3 313/1/3 440/1/3
f 442/2/3 410/2/3 409/2/3
f 442/1/3 409/1/3 408/1/3
f 443/1/3 411/1/3 410/1/3
f 443/2/3 410/2/3 442/2/3
f 444/2/3 416/2/3 232/2/3
f 444/1/3 232/1/3 385/1/3
f 445/2/3 416/2/3 444/2/3
f 446/2/3 416/2/3 445/2/3
f 447/1/3 417/1/3 416/1/3
f 447/2/3 416/2/3 446/2/3
f 448/2/3 420/2/3 419/2/3
f 448/1/3 270/1/3 421/1/3
f 448/2/3 421/2/3 420/2/3
f 448/2/3 419/2/3 418/2/3
f 449/1/3 270/1/3 448/1/3
f 450/2/3 295/2/3 294/2/3
f 450/2/3 294/2/3 270/2/3
f 451/1/3 388/1/3 295/1/3
f 451/2/3 295/2/3 450/2/3
f 452/2/3 424/2/3 423/2/3
f 452/1/3 423/1/3 422/1/3
f 453/1/3 425/1/3 424/1/3
f 453/2/3 424/2/3 452/2/3
f 453/1/3 426/1/3 425/1/3
f 453/1/3 427/1/3 426/1/3
f 454/1/3 429/1/3 428/1/3
f 454/1/3 428/1/3 396/1/3
f 455/1/3 399/1/3 429/1/3
f 455/1/3 429/1/3 454/1/3
f 456/1/3 430/1/3 367/1/3
f 457/2/3 431/2/3 430/2/3
f 457/1/3 430/1/3 456/1/3
f 458/1/3 401/1/3 431/1/3
f 458/2/3 431/2/3 457/2/3
f 459/1/3 371/1/3 401/1/3
f 459/1/3 401/1/3 458/1/3
f 460/1/3 437/1/3 436/1/3
f 460/1/3 436/1/3 435/1/3
f 460/2/3 438/2/3 437/2/3
f 461/1/3 439/1/3 438/1/3
f 461/2/3 438/2/3 460/2/3
f 462/1/3 443/1/3 442/1/3
f 462/1/3 442/1/3 408/1/3
f 463/1/3 411/1/3 443/1/3
f 463/1/3 443/1/3 462/1/3
f 464/1/3 413/1/3 412/1/3
f 464/1/3 412/1/3 378/1/3
f 465/1/3 381/1/3 413/1/3
f 465/1/3 413/1/3 464/1/3
f 466/2/3 414/2/3 230/2/3
f 467/1/3 415/1/3 414/1/3
f 467/2/3 414/2/3 466/2/3
f 468/1/3 445/1/3 444/1/3
f 468/2/3 446/2/3 445/2/3
f 469/1/3 447/1/3 446/1/3
f 469/2/3 446/2/3 468/2/3
f 470/1/3 236/1/3 355/1/3
f 470/2/3 266/2/3 236/2/3
f 470/2/3 267/2/3 266/2/3
f 471/2/3 267/2/3 470/2/3
f 472/2/3 267/2/3 471/2/3
f 473/1/3 418/1/3 267/1/3
f 473/2/3 267/2/3 472/2/3
f 474/1/3 270/1/3 449/1/3
f 474/2/3 450/2/3 270/2/3
f 475/2/3 450/2/3 474/2/3
f 476/2/3 450/2/3 475/2/3
f 477/1/3 451/1/3 450/1/3
f 477/2/3 450/2/3 476/2/3
f 478/1/3 452/1/3 422/1/3
f 478/1/3 453/1/3 452/1/3
f 479/1/3 427/1/3 453/1/3
f 479/1/3 453/1/3 478/1/3
f 480/1/3 427/1/3 479/1/3
f 481/1/3 395/1/3 427/1/3
f 481/1/3 427/1/3 480/1/3
f 482/1/3 454/1/3 396/1/3
f 482/1/3 396/1/3 363/1/3
f 483/2/3 455/2/3 454/2/3
f 483/1/3 454/1/3 482/1/3
f 484/1/3 399/1/3 455/1/3
f 484/2/3 455/2/3 483/2/3
f 485/1/3 364/1/3 399/1/3
f 485/1/3 399/1/3 484/1/3
f 486/2/3 365/2/3 364/2/3
f 486/1/3 364/1/3 485/1/3
f 486/2/3 367/2/3 366/2/3
f 486/2/3 366/2/3 365/2/3
f 487/2/3 367/2/3 486/2/3
f 488/2/3 367/2/3 487/2/3
f 489/1/3 456/1/3 367/1/3
f 489/2/3 367/2/3 488/2/3
f 490/1/3 371/1/3 459/1/3
f 490/2/3 458/2/3 457/2/3
f 490/2/3 457/2/3 456/2/3
f 490/2/3 459/2/3 458/2/3
f 491/1/3 280/1/3 371/1/3
f 491/1/3 371/1/3 490/1/3
f 492/2/3 304/2/3 280/2/3
f 492/1/3 280/1/3 491/1/3
f 492/2/3 305/2/3 304/2/3
f 493/2/3 305/2/3 492/2/3
f 494/2/3 305/2/3 493/2/3
f 495/1/3 432/1/3 305/1/3
f 495/2/3 305/2/3 494/2/3
f 496/1/3 460/1/3 435/1/3
f 496/1/3 461/1/3 460/1/3
f 497/1/3 439/1/3 461/1/3
f 497/1/3 461/1/3 496/1/3
f 498/1/3 462/1/3 408/1/3
f 498/1/3 408/1/3 180/1/3
f 499/2/3 463/2/3 462/2/3
f 499/1/3 462/1/3 498/1/3
f 500/1/3 411/1/3 463/1/3
f 500/2/3 463/2/3 499/2/3
f 501/1/3 377/1/3 411/1/3
f 501/1/3 411/1/3 500/1/3
f 502/1/3 464/1/3 378/1/3
f 502/1/3 378/1/3 345/1/3
f 503/2/3 465/2/3 464/2/3
f 503/1/3 464/1/3 502/1/3
f 504/1/3 381/1/3 465/1/3
f 504/2/3 465/2/3 503/2/3
f 505/1/3 347/1/3 381/1/3
f 505/1/3 381/1/3 504/1/3
f 506/1/3 230/1/3 349/1/3
f 506/2/3 466/2/3 230/2/3
f 507/1/3 467/1/3 466/1/3
f 507/2/3 466/2/3 506/2/3
f 508/1/3 468/1/3 444/1/3
f 508/1/3 469/1/3 468/1/3
f 509/1/3 447/1/3 469/1/3
f 509/1/3 469/1/3 508/1/3
f 510/2/3 472/2/3 471/2/3
f 510/1/3 471/1/3 470/1/3
f 511/1/3 473/1/3 472/1/3
f 511/2/3 472/2/3 510/2/3
f 512/1/3 475/1/3 474/1/3
f 512/2/3 476/2/3 475/2/3
f 513/1/3 477/1/3 476/1/3
f 513/2/3 476/2/3 512/2/3
f 514/1/3 422/1/3 391/1/3
f 514/1/3 478/1/3 422/1/3
f 515/2/3 479/2/3 478/2/3
f 515/1/3 478/1/3 514/1/3
f 516/1/3 480/1/3 479/1/3
f 516/2/3 479/2/3 515/2/3
f 517/1/3 480/1/3 516/1/3
f 518/1/3 480/1/3 517/1/3
f 519/2/3 481/2/3 480/2/3
f 519/1/3 480/1/3 518/1/3
f 520/1/3 395/1/3 481/1/3
f 520/2/3 481/2/3 519/2/3
f 521/1/3 361/1/3 395/1/3
f 521/1/3 395/1/3 520/1/3
f 522/1/3 487/1/3 486/1/3
f 522/2/3 488/2/3 487/2/3
f 522/1/3 486/1/3 485/1/3
f 523/1/3 489/1/3 488/1/3
f 523/2/3 488/2/3 522/2/3
f 524/2/3 494/2/3 493/2/3
f 524/1/3 492/1/3 491/1/3
f 524/1/3 493/1/3 492/1/3
f 525/1/3 495/1/3 494/1/3
f 525/2/3 494/2/3 524/2/3
f 526/1/3 496/1/3 435/1/3
f 527/2/3 497/2/3 496/2/3
f 527/1/3 496/1/3 526/1/3
f 528/2/3 500/2/3 499/2/3
f 528/1/3 377/1/3 501/1/3
f 528/2/3 499/2/3 498/2/3
f 528/2/3 501/2/3 500/2/3
f 529/1/3 342/1/3 377/1/3
f 529/1/3 377/1/3 528/1/3
f 530/2/3 345/2/3 344/2/3
f 530/1/3 342/1/3 529/1/3
f 530/2/3 343/2/3 342/2/3
f 530/2/3 344/2/3 343/2/3
f 531/2/3 345/2/3 530/2/3
f 532/2/3 345/2/3 531/2/3
f 533/1/3 502/1/3 345/1/3
f 533/2/3 345/2/3 532/2/3
f 534/2/3 504/2/3 503/2/3
f 534/1/3 347/1/3 505/1/3
f 534/2/3 505/2/3 504/2/3
f 534/2/3 503/2/3 502/2/3
f 535/1/3 316/1/3 347/1/3
f 535/1/3 347/1/3 534/1/3
f 536/2/3 349/2/3 348/2/3
f 536/1/3 316/1/3 535/1/3
f 536/2/3 348/2/3 316/2/3
f 537/2/3 349/2/3 536/2/3
f 538/2/3 349/2/3 537/2/3
f 539/1/3 507/1/3 506/1/3
f 539/2/3 349/2/3 538/2/3
f 539/1/3 506/1/3 349/1/3
f 540/1/3 444/1/3 385/1/3
f 540/1/3 508/1/3 444/1/3
f 541/2/3 509/2/3 508/2/3
f 541/1/3 508/1/3 540/1/3
f 542/1/3 447/1/3 509/1/3
f 542/2/3 509/2/3 541/2/3
f 543/1/3 417/1/3 447/1/3
f 543/1/3 447/1/3 542/1/3
f 544/1/3 510/1/3 470/1/3
f 544/1/3 511/1/3 510/1/3
f 545/1/3 473/1/3 511/1/3
f 545/1/3 511/1/3 544/1/3
f 546/1/3 513/1/3 512/1/3
f 546/1/3 512/1/3 474/1/3
f 547/1/3 451/1/3 477/1/3
f 547/1/3 513/1/3 546/1/3
f 547/1/3 477/1/3 513/1/3
f 548/2/3 389/2/3 388/2/3
f 548/1/3 451/1/3 547/1/3
f 548/2/3 391/2/3 390/2/3
f 548/2/3 390/2/3 389/2/3
f 548/1/3 388/1/3 451/1/3
f 549/2/3 391/2/3 548/2/3
f 550/2/3 391/2/3 549/2/3
f 551/1/3 514/1/3 391/1/3
f 551/2/3 391/2/3 550/2/3
f 552/2/3 520/2/3 519/2/3
f 552/1/3 361/1/3 521/1/3
f 552/2/3 519/2/3 518/2/3
f 552/2/3 521/2/3 520/2/3
f 553/1/3 330/1/3 361/1/3
f 553/1/3 361/1/3 552/1/3
f 554/2/3 362/2/3 330/2/3
f 554/1/3 330/1/3 553/1/3
f 554/2/3 363/2/3 362/2/3
f 555/2/3 363/2/3 554/2/3
f 556/2/3 363/2/3 555/2/3
f 557/1/3 482/1/3 363/1/3
f 557/2/3 363/2/3 556/2/3
f 558/1/3 522/1/3 485/1/3
f 558/1/3 523/1/3 522/1/3
f 559/1/3 489/1/3 523/1/3
f 559/1/3 523/1/3 558/1/3
f 560/1/3 525/1/3 524/1/3
f 560/1/3 524/1/3 491/1/3
f 561/1/3 495/1/3 525/1/3
f 561/1/3 525/1/3 560/1/3
f 562/2/3 497/2/3 527/2/3
f 562/2/3 527/2/3 526/2/3
f 562/1/3 439/1/3 497/1/3
f 563/1/3 404/1/3 439/1/3
f 563/1/3 439/1/3 562/1/3
f 564/1/3 531/1/3 530/1/3
f 564/1/3 530/1/3 529/1/3
f 564/2/3 532/2/3 531/2/3
f 565/1/3 533/1/3 532/1/3
f 565/2/3 532/2/3 564/2/3
f 566/2/3 538/2/3 537/2/3
f 566/1/3 537/1/3 536/1/3
f 566/1/3 536/1/3 535/1/3
f 567/1/3 539/1/3 538/1/3
f 567/2/3 538/2/3 566/2/3
f 568/1/3 507/1/3 539/1/3
f 568/1/3 539/1/3 567/1/3
f 569/1/3 467/1/3 507/1/3
f 569/1/3 507/1/3 568/1/3
f 570/2/3 542/2/3 541/2/3
f 570/1/3 417/1/3 543/1/3
f 570/2/3 541/2/3 540/2/3
f 570/2/3 543/2/3 542/2/3
f 571/1/3 352/1/3 417/1/3
f 571/1/3 417/1/3 570/1/3
f 572/2/3 354/2/3 353/2/3
f 572/1/3 352/1/3 571/1/3
f 572/2/3 353/2/3 352/2/3
f 572/2/3 355/2/3 354/2/3
f 573/2/3 355/2/3 572/2/3
f 574/2/3 355/2/3 573/2/3
f 575/1/3 470/1/3 355/1/3
f 575/2/3 355/2/3 574/2/3
f 575/1/3 544/1/3 470/1/3
f 576/1/3 544/1/3 575/1/3
f 577/2/3 545/2/3 544/2/3
f 577/1/3 544/1/3 576/1/3
f 578/1/3 473/1/3 545/1/3
f 578/2/3 545/2/3 577/2/3
f 579/1/3 418/1/3 473/1/3
f 579/1/3 473/1/3 578/1/3
f 580/2/3 547/2/3 546/2/3
f 580/1/3 549/1/3 548/1/3
f 580/1/3 548/1/3 547/1/3
f 581/1/3 549/1/3 580/1/3
f 582/2/3 550/2/3 549/2/3
f 582/1/3 549/1/3 581/1/3
f 583/1/3 551/1/3 550/1/3
f 583/2/3 550/2/3 582/2/3
f 584/1/3 555/1/3 554/1/3
f 584/1/3 554/1/3 553/1/3
f 584/2/3 556/2/3 555/2/3
f 585/1/3 557/1/3 556/1/3
f 585/2/3 556/2/3 584/2/3
f 586/1/3 558/1/3 485/1/3
f 587/2/3 559/2/3 558/2/3
f 587/1/3 558/1/3 586/1/3
f 588/1/3 560/1/3 491/1/3
f 589/2/3 561/2/3 560/2/3
f 589/1/3 560/1/3 588/1/3
f 590/1/3 495/1/3 561/1/3
f 590/2/3 561/2/3 589/2/3
f 591/1/3 432/1/3 495/1/3
f 591/1/3 495/1/3 590/1/3
f 592/2/3 434/2/3 433/2/3
f 592/1/3 432/1/3 591/1/3
f 592/2/3 435/2/3 434/2/3
f 592/2/3 433/2/3 432/2/3
f 593/2/3 435/2/3 592/2/3
f 594/2/3 435/2/3 593/2/3
f 595/1/3 526/1/3 435/1/3
f 595/2/3 435/2/3 594/2/3
f 596/2/3 440/2/3 404/2/3
f 596/1/3 404/1/3 563/1/3
f 596/2/3 441/2/3 440/2/3
f 597/2/3 441/2/3 596/2/3
f 598/2/3 441/2/3 597/2/3
f 599/1/3 221/1/3 441/1/3
f 599/2/3 441/2/3 598/2/3
f 600/1/3 565/1/3 564/1/3
f 601/1/3 533/1/3 565/1/3
f 601/1/3 565/1/3 600/1/3
f 602/1/3 568/1/3 567/1/3
f 602/1/3 567/1/3 566/1/3
f 602/1/3 566/1/3 535/1/3
f 603/1/3 568/1/3 602/1/3
f 604/1/3 568/1/3 603/1/3
f 605/2/3 569/2/3 568/2/3
f 605/1/3 568/1/3 604/1/3
f 606/1/3 467/1/3 569/1/3
f 606/2/3 569/2/3 605/2/3
f 607/1/3 415/1/3 467/1/3
f 607/1/3 467/1/3 606/1/3
f 608/2/3 574/2/3 573/2/3
f 608/1/3 573/1/3 572/1/3
f 608/1/3 572/1/3 571/1/3
f 609/1/3 575/1/3 574/1/3
f 609/2/3 574/2/3 608/2/3
f 609/1/3 576/1/3 575/1/3
f 610/1/3 418/1/3 579/1/3
f 610/2/3 448/2/3 418/2/3
f 610/2/3 449/2/3 448/2/3
f 611/2/3 449/2/3 610/2/3
f 612/2/3 449/2/3 611/2/3
f 613/1/3 546/1/3 474/1/3
f 613/2/3 449/2/3 612/2/3
f 613/1/3 474/1/3 449/1/3
f 614/1/3 546/1/3 613/1/3
f 615/2/3 581/2/3 580/2/3
f 615/1/3 546/1/3 614/1/3
f 615/2/3 580/2/3 546/2/3
f 616/1/3 582/1/3 581/1/3
f 616/1/3 583/1/3 582/1/3
f 617/1/3 583/1/3 616/1/3
f 618/1/3 585/1/3 584/1/3
f 618/1/3 584/1/3 553/1/3
f 619/1/3 557/1/3 585/1/3
f 619/1/3 585/1/3 618/1/3
f 620/2/3 587/2/3 586/2/3
f 620/2/3 559/2/3 587/2/3
f 620/1/3 489/1/3 559/1/3
f 621/1/3 456/1/3 489/1/3
f 621/1/3 489/1/3 620/1/3
f 622/2/3 594/2/3 593/2/3
f 622/1/3 593/1/3 592/1/3
f 622/1/3 592/1/3 591/1/3
f 623/1/3 595/1/3 594/1/3
f 623/2/3 594/2/3 622/2/3
f 624/2/3 598/2/3 597/2/3
f 624/1/3 597/1/3 596/1/3
f 625/1/3 599/1/3 598/1/3
f 625/2/3 598/2/3 624/2/3
f 626/1/3 564/1/3 529/1/3
f 626/1/3 600/1/3 564/1/3
f 627/2/3 601/2/3 600/2/3
f 627/1/3 600/1/3 626/1/3
f 628/1/3 533/1/3 601/1/3
f 628/2/3 601/2/3 627/2/3
f 629/1/3 502/1/3 533/1/3
f 629/1/3 533/1/3 628/1/3
f 630/2/3 534/2/3 502/2/3
f 630/2/3 535/2/3 534/2/3
f 631/1/3 602/1/3 535/1/3
f 631/2/3 535/2/3 630/2/3
f 632/1/3 602/1/3 631/1/3
f 633/2/3 603/2/3 602/2/3
f 633/1/3 602/1/3 632/1/3
f 634/1/3 604/1/3 603/1/3
f 634/2/3 603/2/3 633/2/3
f 635/1/3 604/1/3 634/1/3
f 636/2/3 605/2/3 604/2/3
f 636/2/3 606/2/3 605/2/3
f 636/1/3 415/1/3 607/1/3
f 636/2/3 607/2/3 606/2/3
f 637/1/3 382/1/3 415/1/3
f 637/1/3 415/1/3 636/1/3
f 638/2/3 384/2/3 383/2/3
f 638/1/3 382/1/3 637/1/3
f 638/2/3 383/2/3 382/2/3
f 638/2/3 385/2/3 384/2/3
f 639/2/3 385/2/3 638/2/3
f 640/2/3 385/2/3 639/2/3
f 641/1/3 540/1/3 385/1/3
f 641/2/3 385/2/3 640/2/3
f 642/1/3 609/1/3 608/1/3
f 642/1/3 608/1/3 571/1/3
f 643/1/3 576/1/3 609/1/3
f 643/1/3 609/1/3 642/1/3
f 644/2/3 612/2/3 611/2/3
f 644/1/3 611/1/3 610/1/3
f 645/1/3 614/1/3 613/1/3
f 645/2/3 612/2/3 644/2/3
f 645/1/3 613/1/3 612/1/3
f 646/1/3 616/1/3 581/1/3
f 647/2/3 617/2/3 616/2/3
f 647/1/3 616/1/3 646/1/3
f 648/1/3 583/1/3 617/1/3
f 648/2/3 617/2/3 647/2/3
f 649/1/3 551/1/3 583/1/3
f 649/1/3 583/1/3 648/1/3
f 650/2/3 552/2/3 518/2/3
f 650/2/3 553/2/3 552/2/3
f 651/1/3 618/1/3 553/1/3
f 651/2/3 553/2/3 650/2/3
f 652/1/3 618/1/3 651/1/3
f 653/2/3 619/2/3 618/2/3
f 653/1/3 618/1/3 652/1/3
f 654/1/3 557/1/3 619/1/3
f 654/2/3 619/2/3 653/2/3
f 655/1/3 482/1/3 557/1/3
f 655/1/3 557/1/3 654/1/3
f 656/2/3 485/2/3 484/2/3
f 656/1/3 482/1/3 655/1/3
f 656/2/3 484/2/3 483/2/3
f 656/2/3 483/2/3 482/2/3
f 657/2/3 485/2/3 656/2/3
f 658/2/3 485/2/3 657/2/3
f 659/1/3 586/1/3 485/1/3
f 659/2/3 485/2/3 658/2/3
f 660/1/3 456/1/3 621/1/3
f 660/2/3 490/2/3 456/2/3
f 660/2/3 491/2/3 490/2/3
f 661/2/3 491/2/3 660/2/3
f 662/2/3 491/2/3 661/2/3
f 663/1/3 588/1/3 491/1/3
f 663/2/3 491/2/3 662/2/3
f 664/1/3 622/1/3 591/1/3
f 664/1/3 623/1/3 622/1/3
f 665/1/3 623/1/3 664/1/3
f 666/1/3 624/1/3 596/1/3
f 666/1/3 625/1/3 624/1/3
f 667/1/3 625/1/3 666/1/3
f 668/1/3 626/1/3 529/1/3
f 669/2/3 628/2/3 627/2/3
f 669/1/3 626/1/3 668/1/3
f 669/2/3 629/2/3 628/2/3
f 669/2/3 627/2/3 626/2/3
f 670/1/3 502/1/3 629/1/3
f 670/2/3 630/2/3 502/2/3
f 671/2/3 630/2/3 670/2/3
f 672/2/3 640/2/3 639/2/3
f 672/1/3 639/1/3 638/1/3
f 672/1/3 638/1/3 637/1/3
f 673/1/3 641/1/3 640/1/3
f 673/2/3 640/2/3 672/2/3
f 674/1/3 642/1/3 571/1/3
f 675/2/3 643/2/3 642/2/3
f 675/1/3 642/1/3 674/1/3
f 676/1/3 576/1/3 643/1/3
f 676/2/3 643/2/3 675/2/3
f 677/1/3 576/1/3 676/1/3
f 678/1/3 644/1/3 610/1/3
f 678/1/3 645/1/3 644/1/3
f 679/1/3 645/1/3 678/1/3
f 680/1/3 646/1/3 581/1/3
f 681/2/3 647/2/3 646/2/3
f 681/1/3 646/1/3 680/1/3
f 681/2/3 648/2/3 647/2/3
f 681/2/3 649/2/3 648/2/3
f 682/1/3 551/1/3 649/1/3
f 682/2/3 649/2/3 681/2/3
f 683/1/3 514/1/3 551/1/3
f 683/1/3 551/1/3 682/1/3
f 684/2/3 515/2/3 514/2/3
f 684/1/3 514/1/3 683/1/3
f 684/2/3 516/2/3 515/2/3
f 684/2/3 517/2/3 516/2/3
f 685/2/3 517/2/3 684/2/3
f 686/2/3 517/2/3 685/2/3
f 687/1/3 518/1/3 517/1/3
f 687/2/3 517/2/3 686/2/3
f 688/2/3 650/2/3 518/2/3
f 688/1/3 518/1/3 687/1/3
f 689/2/3 650/2/3 688/2/3
f 690/1/3 657/1/3 656/1/3
f 690/2/3 658/2/3 657/2/3
f 690/1/3 656/1/3 655/1/3
f 691/1/3 659/1/3 658/1/3
f 691/2/3 658/2/3 690/2/3
f 692/2/3 662/2/3 661/2/3
f 692/1/3 661/1/3 660/1/3
f 693/1/3 663/1/3 662/1/3
f 693/2/3 662/2/3 692/2/3
f 694/1/3 664/1/3 591/1/3
f 695/2/3 665/2/3 664/2/3
f 695/1/3 664/1/3 694/1/3
f 696/1/3 623/1/3 665/1/3
f 696/2/3 665/2/3 695/2/3
f 697/1/3 595/1/3 623/1/3
f 697/1/3 623/1/3 696/1/3
f 698/2/3 667/2/3 666/2/3
f 698/1/3 625/1/3 667/1/3
f 699/1/3 599/1/3 625/1/3
f 699/1/3 625/1/3 698/1/3
f 700/2/3 528/2/3 498/2/3
f 700/2/3 529/2/3 528/2/3
f 701/1/3 668/1/3 529/1/3
f 701/2/3 529/2/3 700/2/3
f 702/2/3 630/2/3 671/2/3
f 702/1/3 671/1/3 670/1/3
f 703/1/3 631/1/3 630/1/3
f 703/2/3 630/2/3 702/2/3
f 703/1/3 632/1/3 631/1/3
f 704/1/3 672/1/3 637/1/3
f 704/1/3 673/1/3 672/1/3
f 705/1/3 641/1/3 673/1/3
f 705/1/3 673/1/3 704/1/3
f 706/1/3 678/1/3 610/1/3
f 706/1/3 610/1/3 579/1/3
f 707/2/3 679/2/3 678/2/3
f 707/1/3 678/1/3 706/1/3
f 708/1/3 645/1/3 679/1/3
f 708/2/3 679/2/3 707/2/3
f 709/1/3 614/1/3 645/1/3
f 709/1/3 645/1/3 708/1/3
f 710/2/3 615/2/3 614/2/3
f 710/1/3 614/1/3 709/1/3
f 711/2/3 581/2/3 615/2/3
f 711/2/3 615/2/3 710/2/3
f 712/2/3 581/2/3 711/2/3
f 713/1/3 680/1/3 581/1/3
f 713/2/3 581/2/3 712/2/3
f 714/2/3 686/2/3 685/2/3
f 714/1/3 684/1/3 683/1/3
f 714/1/3 685/1/3 684/1/3
f 715/1/3 687/1/3 686/1/3
f 715/2/3 686/2/3 714/2/3
f 715/1/3 689/1/3 688/1/3
f 715/1/3 688/1/3 687/1/3
f 716/2/3 650/2/3 689/2/3
f 716/1/3 689/1/3 715/1/3
f 717/1/3 651/1/3 650/1/3
f 717/2/3 650/2/3 716/2/3
f 717/1/3 652/1/3 651/1/3
f 718/1/3 690/1/3 655/1/3
f 718/1/3 691/1/3 690/1/3
f 719/1/3 691/1/3 718/1/3
f 720/1/3 692/1/3 660/1/3
f 720/1/3 693/1/3 692/1/3
f 721/1/3 693/1/3 720/1/3
f 722/2/3 696/2/3 695/2/3
f 722/1/3 595/1/3 697/1/3
f 722/2/3 697/2/3 696/2/3
f 722/2/3 695/2/3 694/2/3
f 723/1/3 526/1/3 595/1/3
f 723/1/3 595/1/3 722/1/3
f 724/2/3 562/2/3 526/2/3
f 724/2/3 563/2/3 562/2/3
f 725/1/3 596/1/3 563/1/3
f 725/2/3 563/2/3 724/2/3
f 725/1/3 666/1/3 596/1/3
f 726/1/3 666/1/3 725/1/3
f 727/2/3 699/2/3 698/2/3
f 727/1/3 666/1/3 726/1/3
f 727/2/3 698/2/3 666/2/3
f 728/2/3 700/2/3 498/2/3
f 728/1/3 498/1/3 180/1/3
f 729/2/3 700/2/3 728/2/3
f 730/1/3 703/1/3 702/1/3
f 731/1/3 703/1/3 730/1/3
f 732/1/3 704/1/3 637/1/3
f 733/2/3 705/2/3 704/2/3
f 733/1/3 704/1/3 732/1/3
f 734/1/3 641/1/3 705/1/3
f 734/2/3 705/2/3 733/2/3
f 735/1/3 540/1/3 641/1/3
f 735/1/3 641/1/3 734/1/3
f 736/2/3 571/2/3 570/2/3
f 736/2/3 570/2/3 540/2/3
f 737/1/3 674/1/3 571/1/3
f 737/2/3 571/2/3 736/2/3
f 738/2/3 578/2/3 577/2/3
f 738/2/3 579/2/3 578/2/3
f 738/2/3 577/2/3 576/2/3
f 739/1/3 706/1/3 579/1/3
f 739/2/3 579/2/3 738/2/3
f 740/1/3 710/1/3 709/1/3
f 740/2/3 707/2/3 706/2/3
f 740/2/3 708/2/3 707/2/3
f 740/2/3 709/2/3 708/2/3
f 740/1/3 711/1/3 710/1/3
f 741/1/3 711/1/3 740/1/3
f 742/2/3 712/2/3 711/2/3
f 742/1/3 711/1/3 741/1/3
f 743/1/3 713/1/3 712/1/3
f 743/2/3 712/2/3 742/2/3
f 744/1/3 717/1/3 716/1/3
f 744/1/3 716/1/3 715/1/3
f 744/1/3 714/1/3 683/1/3
f 744/1/3 715/1/3 714/1/3
f 745/1/3 717/1/3 744/1/3
f 746/1/3 718/1/3 655/1/3
f 747/2/3 719/2/3 718/2/3
f 747/1/3 718/1/3 746/1/3
f 748/1/3 691/1/3 719/1/3
f 748/2/3 719/2/3 747/2/3
f 749/1/3 659/1/3 691/1/3
f 749/1/3 691/1/3 748/1/3
f 750/1/3 693/1/3 721/1/3
f 750/2/3 721/2/3 720/2/3
f 751/1/3 663/1/3 693/1/3
f 751/1/3 693/1/3 750/1/3
f 752/2/3 590/2/3 589/2/3
f 752/2/3 591/2/3 590/2/3
f 752/2/3 589/2/3 588/2/3
f 753/1/3 694/1/3 591/1/3
f 753/2/3 591/2/3 752/2/3
f 754/1/3 599/1/3 699/1/3
f 754/2/3 699/2/3 727/2/3
f 754/2/3 727/2/3 726/2/3
f 755/1/3 221/1/3 599/1/3
f 755/1/3 599/1/3 754/1/3
f 756/1/3 729/1/3 728/1/3
f 756/2/3 700/2/3 729/2/3
f 757/1/3 701/1/3 700/1/3
f 757/2/3 700/2/3 756/2/3
f 758/1/3 702/1/3 670/1/3
f 758/1/3 730/1/3 702/1/3
f 759/2/3 731/2/3 730/2/3
f 759/1/3 730/1/3 758/1/3
f 760/1/3 703/1/3 731/1/3
f 760/2/3 731/2/3 759/2/3
f 761/1/3 632/1/3 703/1/3
f 761/1/3 703/1/3 760/1/3
f 762/2/3 636/2/3 604/2/3
f 762/2/3 637/2/3 636/2/3
f 763/1/3 732/1/3 637/1/3
f 763/2/3 637/2/3 762/2/3
f 764/1/3 540/1/3 735/1/3
f 764/2/3 736/2/3 540/2/3
f 765/2/3 736/2/3 764/2/3
f 766/2/3 736/2/3 765/2/3
f 767/1/3 737/1/3 736/1/3
f 767/2/3 736/2/3 766/2/3
f 768/1/3 743/1/3 742/1/3
f 768/1/3 742/1/3 741/1/3
f 769/1/3 713/1/3 743/1/3
f 769/1/3 743/1/3 768/1/3
f 770/1/3 744/1/3 683/1/3
f 771/2/3 745/2/3 744/2/3
f 771/1/3 744/1/3 770/1/3
f 772/1/3 717/1/3 745/1/3
f 772/2/3 745/2/3 771/2/3
f 773/1/3 717/1/3 772/1/3
f 774/1/3 717/1/3 773/1/3
f 775/1/3 652/1/3 717/1/3
f 775/1/3 717/1/3 774/1/3
f 776/1/3 659/1/3 749/1/3
f 776/2/3 748/2/3 747/2/3
f 776/2/3 749/2/3 748/2/3
f 776/2/3 747/2/3 746/2/3
f 777/1/3 586/1/3 659/1/3
f 777/1/3 659/1/3 776/1/3
f 778/2/3 620/2/3 586/2/3
f 778/2/3 621/2/3 620/2/3
f 779/1/3 720/1/3 660/1/3
f 779/2/3 621/2/3 778/2/3
f 779/1/3 660/1/3 621/1/3
f 780/1/3 720/1/3 779/1/3
f 781/2/3 751/2/3 750/2/3
f 781/1/3 720/1/3 780/1/3
f 781/2/3 750/2/3 720/2/3
f 782/1/3 663/1/3 751/1/3
f 782/1/3 588/1/3 663/1/3
f 782/2/3 752/2/3 588/2/3
f 783/2/3 752/2/3 782/2/3
f 784/2/3 752/2/3 783/2/3
f 785/1/3 753/1/3 752/1/3
f 785/2/3 752/2/3 784/2/3
f 786/1/3 526/1/3 723/1/3
f 786/2/3 724/2/3 526/2/3
f 787/2/3 724/2/3 786/2/3
f 788/2/3 724/2/3 787/2/3
f 789/1/3 726/1/3 725/1/3
f 789/2/3 724/2/3 788/2/3
f 789/1/3 725/1/3 724/1/3
f 790/1/3 757/1/3 756/1/3
f 790/1/3 756/1/3 728/1/3
f 791/1/3 757/1/3 790/1/3
f 792/1/3 758/1/3 670/1/3
f 792/1/3 670/1/3 629/1/3
f 793/2/3 761/2/3 760/2/3
f 793/1/3 758/1/3 792/1/3
f 793/2/3 759/2/3 758/2/3
f 793/2/3 760/2/3 759/2/3
f 794/2/3 635/2/3 634/2/3
f 794/2/3 633/2/3 632/2/3
f 794/2/3 634/2/3 633/2/3
f 795/1/3 604/1/3 635/1/3
f 795/2/3 635/2/3 794/2/3
f 796/2/3 762/2/3 604/2/3
f 797/1/3 763/1/3 762/1/3
f 797/2/3 762/2/3 796/2/3
f 798/2/3 766/2/3 765/2/3
f 798/1/3 765/1/3 764/1/3
f 799/1/3 767/1/3 766/1/3
f 799/2/3 766/2/3 798/2/3
f 800/2/3 738/2/3 576/2/3
f 800/1/3 576/1/3 677/1/3
f 801/2/3 738/2/3 800/2/3
f 802/2/3 738/2/3 801/2/3
f 803/1/3 739/1/3 738/1/3
f 803/2/3 738/2/3 802/2/3
f 804/1/3 713/1/3 769/1/3
f 804/2/3 769/2/3 768/2/3
f 805/1/3 680/1/3 713/1/3
f 805/1/3 713/1/3 804/1/3
f 806/1/3 774/1/3 773/1/3
f 807/2/3 775/2/3 774/2/3
f 807/1/3 774/1/3 806/1/3
f 808/2/3 653/2/3 652/2/3
f 808/2/3 655/2/3 654/2/3
f 808/2/3 654/2/3 653/2/3
f 809/1/3 746/1/3 655/1/3
f 809/2/3 655/2/3 808/2/3
f 810/2/3 751/2/3 781/2/3
f 810/1/3 783/1/3 782/1/3
f 810/2/3 781/2/3 780/2/3
f 810/1/3 782/1/3 751/1/3
f 811/1/3 783/1/3 810/1/3
f 812/2/3 784/2/3 783/2/3
f 812/1/3 783/1/3 811/1/3
f 813/1/3 785/1/3 784/1/3
f 813/2/3 784/2/3 812/2/3
f 814/2/3 788/2/3 787/2/3
f 814/1/3 787/1/3 786/1/3
f 815/1/3 789/1/3 788/1/3
f 815/2/3 788/2/3 814/2/3
f 816/1/3 790/1/3 728/1/3
f 816/1/3 728/1/3 180/1/3
f 817/2/3 791/2/3 790/2/3
f 817/1/3 790/1/3 816/1/3
f 818/1/3 757/1/3 791/1/3
f 818/2/3 791/2/3 817/2/3
f 819/1/3 701/1/3 757/1/3
f 819/1/3 757/1/3 818/1/3
f 820/1/3 632/1/3 761/1/3
f 820/2/3 761/2/3 793/2/3
f 820/2/3 793/2/3 792/2/3
f 821/1/3 632/1/3 820/1/3
f 822/2/3 794/2/3 632/2/3
f 822/1/3 632/1/3 821/1/3
f 823/2/3 794/2/3 822/2/3
f 824/2/3 794/2/3 823/2/3
f 825/1/3 795/1/3 794/1/3
f 825/2/3 794/2/3 824/2/3
f 826/1/3 604/1/3 795/1/3
f 826/1/3 795/1/3 825/1/3
f 826/2/3 796/2/3 604/2/3
f 827/1/3 797/1/3 796/1/3
f 827/2/3 796/2/3 826/2/3
f 828/1/3 799/1/3 798/1/3
f 828/1/3 798/1/3 764/1/3
f 829/1/3 767/1/3 799/1/3
f 829/1/3 799/1/3 828/1/3
f 829/1/3 737/1/3 767/1/3
f 830/2/3 802/2/3 801/2/3
f 830/1/3 801/1/3 800/1/3
f 831/1/3 803/1/3 802/1/3
f 831/2/3 802/2/3 830/2/3
f 832/2/3 805/2/3 804/2/3
f 832/2/3 804/2/3 768/2/3
f 833/1/3 680/1/3 805/1/3
f 833/2/3 805/2/3 832/2/3
f 834/2/3 775/2/3 807/2/3
f 834/2/3 807/2/3 806/2/3
f 834/1/3 652/1/3 775/1/3
f 835/1/3 652/1/3 834/1/3
f 836/2/3 808/2/3 652/2/3
f 836/1/3 652/1/3 835/1/3
f 837/2/3 808/2/3 836/2/3
f 838/2/3 808/2/3 837/2/3
f 839/1/3 809/1/3 808/1/3
f 839/2/3 808/2/3 838/2/3
f 840/1/3 586/1/3 777/1/3
f 840/2/3 778/2/3 586/2/3
f 841/2/3 778/2/3 840/2/3
f 842/2/3 778/2/3 841/2/3
f 843/1/3 780/1/3 779/1/3
f 843/2/3 778/2/3 842/2/3
f 843/1/3 779/1/3 778/1/3
f 844/1/3 813/1/3 812/1/3
f 844/1/3 812/1/3 811/1/3
f 845/1/3 753/1/3 785/1/3
f 845/1/3 813/1/3 844/1/3
f 845/1/3 785/1/3 813/1/3
f 846/1/3 814/1/3 786/1/3
f 846/1/3 815/1/3 814/1/3
f 847/1/3 789/1/3 815/1/3
f 847/1/3 815/1/3 846/1/3
f 848/1/3 701/1/3 819/1/3
f 848/2/3 819/2/3 818/2/3
f 848/2/3 818/2/3 817/2/3
f 848/2/3 817/2/3 816/2/3
f 849/1/3 668/1/3 701/1/3
f 849/1/3 701/1/3 848/1/3
f 850/1/3 822/1/3 821/1/3
f 850/1/3 823/1/3 822/1/3
f 850/2/3 824/2/3 823/2/3
f 851/1/3 825/1/3 824/1/3
f 851/2/3 824/2/3 850/2/3
f 851/1/3 826/1/3 825/1/3
f 851/1/3 827/1/3 826/1/3
f 852/1/3 827/1/3 851/1/3
f 853/1/3 797/1/3 827/1/3
f 853/1/3 827/1/3 852/1/3
f 853/1/3 763/1/3 797/1/3
f 854/1/3 828/1/3 764/1/3
f 854/1/3 764/1/3 735/1/3
f 855/2/3 829/2/3 828/2/3
f 855/1/3 828/1/3 854/1/3
f 856/1/3 737/1/3 829/1/3
f 856/2/3 829/2/3 855/2/3
f 857/1/3 674/1/3 737/1/3
f 857/1/3 737/1/3 856/1/3
f 858/1/3 831/1/3 830/1/3
f 858/1/3 830/1/3 800/1/3
f 859/1/3 803/1/3 831/1/3
f 859/1/3 831/1/3 858/1/3
f 859/1/3 739/1/3 803/1/3
f 860/1/3 768/1/3 741/1/3
f 860/2/3 832/2/3 768/2/3
f 861/1/3 833/1/3 832/1/3
f 861/2/3 832/2/3 860/2/3
f 862/2/3 838/2/3 837/2/3
f 862/1/3 837/1/3 836/1/3
f 862/1/3 836/1/3 835/1/3
f 863/1/3 839/1/3 838/1/3
f 863/2/3 838/2/3 862/2/3
f 864/2/3 842/2/3 841/2/3
f 864/1/3 841/1/3 840/1/3
f 865/1/3 843/1/3 842/1/3
f 865/2/3 842/2/3 864/2/3
f 866/1/3 844/1/3 811/1/3
f 867/2/3 845/2/3 844/2/3
f 867/1/3 844/1/3 866/1/3
f 868/1/3 753/1/3 845/1/3
f 868/2/3 845/2/3 867/2/3
f 869/1/3 694/1/3 753/1/3
f 869/1/3 753/1/3 868/1/3
f 870/1/3 846/1/3 786/1/3
f 870/1/3 786/1/3 723/1/3
f 871/2/3 847/2/3 846/2/3
f 871/1/3 846/1/3 870/1/3
f 872/1/3 789/1/3 847/1/3
f 872/2/3 847/2/3 871/2/3
f 873/1/3 726/1/3 789/1/3
f 873/1/3 789/1/3 872/1/3
f 874/1/3 668/1/3 849/1/3
f 874/2/3 669/2/3 668/2/3
f 875/2/3 629/2/3 669/2/3
f 875/2/3 669/2/3 874/2/3
f 876/2/3 629/2/3 875/2/3
f 877/1/3 792/1/3 629/1/3
f 877/2/3 629/2/3 876/2/3
f 878/1/3 852/1/3 851/1/3
f 878/1/3 851/1/3 850/1/3
f 878/1/3 850/1/3 821/1/3
f 879/1/3 852/1/3 878/1/3
f 880/1/3 763/1/3 853/1/3
f 880/2/3 853/2/3 852/2/3
f 881/1/3 732/1/3 763/1/3
f 881/1/3 763/1/3 880/1/3
f 882/2/3 733/2/3 732/2/3
f 882/1/3 732/1/3 881/1/3
f 882/2/3 734/2/3 733/2/3
f 882/2/3 735/2/3 734/2/3
f 883/2/3 735/2/3 882/2/3
f 884/2/3 735/2/3 883/2/3
f 885/1/3 854/1/3 735/1/3
f 885/2/3 735/2/3 884/2/3
f 886/1/3 858/1/3 800/1/3
f 886/1/3 800/1/3 677/1/3
f 887/2/3 859/2/3 858/2/3
f 887/1/3 858/1/3 886/1/3
f 888/1/3 739/1/3 859/1/3
f 888/2/3 859/2/3 887/2/3
f 889/1/3 706/1/3 739/1/3
f 889/1/3 739/1/3 888/1/3
f 890/1/3 860/1/3 741/1/3
f 890/1/3 861/1/3 860/1/3
f 891/1/3 833/1/3 861/1/3
f 891/1/3 861/1/3 890/1/3
f 892/2/3 682/2/3 681/2/3
f 892/2/3 681/2/3 680/2/3
f 892/2/3 683/2/3 682/2/3
f 893/1/3 770/1/3 683/1/3
f 893/2/3 683/2/3 892/2/3
f 894/1/3 862/1/3 835/1/3
f 894/1/3 863/1/3 862/1/3
f 895/1/3 839/1/3 863/1/3
f 895/1/3 863/1/3 894/1/3
f 895/1/3 809/1/3 839/1/3
f 896/1/3 864/1/3 840/1/3
f 896/1/3 865/1/3 864/1/3
f 897/1/3 843/1/3 865/1/3
f 897/1/3 865/1/3 896/1/3
f 898/2/3 871/2/3 870/2/3
f 898/1/3 726/1/3 873/1/3
f 898/2/3 872/2/3 871/2/3
f 898/2/3 873/2/3 872/2/3
f 899/1/3 726/1/3 898/1/3
f 900/2/3 754/2/3 726/2/3
f 900/2/3 755/2/3 754/2/3
f 901/1/3 221/1/3 755/1/3
f 901/2/3 755/2/3 900/2/3
f 902/2/3 876/2/3 875/2/3
f 902/1/3 875/1/3 874/1/3
f 903/1/3 877/1/3 876/1/3
f 903/2/3 876/2/3 902/2/3
f 904/1/3 878/1/3 821/1/3
f 905/2/3 879/2/3 878/2/3
f 905/1/3 878/1/3 904/1/3
f 906/1/3 852/1/3 879/1/3
f 906/2/3 879/2/3 905/2/3
f 907/1/3 852/1/3 906/1/3
f 908/1/3 852/1/3 907/1/3
f 909/2/3 880/2/3 852/2/3
f 909/1/3 852/1/3 908/1/3
f 909/2/3 881/2/3 880/2/3
f 910/1/3 882/1/3 881/1/3
f 910/1/3 883/1/3 882/1/3
f 910/2/3 884/2/3 883/2/3
f 911/1/3 885/1/3 884/1/3
f 911/2/3 884/2/3 910/2/3
f 912/2/3 675/2/3 674/2/3
f 912/2/3 677/2/3 676/2/3
f 912/1/3 674/1/3 857/1/3
f 912/2/3 676/2/3 675/2/3
f 913/2/3 677/2/3 912/2/3
f 914/2/3 677/2/3 913/2/3
f 915/1/3 886/1/3 677/1/3
f 915/2/3 677/2/3 914/2/3
f 916/1/3 890/1/3 741/1/3
f 917/2/3 891/2/3 890/2/3
f 917/1/3 890/1/3 916/1/3
f 918/1/3 833/1/3 891/1/3
f 918/2/3 891/2/3 917/2/3
f 919/1/3 680/1/3 833/1/3
f 919/1/3 833/1/3 918/1/3
f 920/2/3 892/2/3 680/2/3
f 920/1/3 680/1/3 919/1/3
f 921/2/3 892/2/3 920/2/3
f 922/1/3 894/1/3 835/1/3
f 923/2/3 895/2/3 894/2/3
f 923/1/3 894/1/3 922/1/3
f 924/1/3 809/1/3 895/1/3
f 924/2/3 895/2/3 923/2/3
f 925/1/3 746/1/3 809/1/3
f 925/1/3 809/1/3 924/1/3
f 926/1/3 896/1/3 840/1/3
f 926/1/3 840/1/3 777/1/3
f 927/2/3 897/2/3 896/2/3
f 927/1/3 896/1/3 926/1/3
f 928/1/3 843/1/3 897/1/3
f 928/2/3 897/2/3 927/2/3
f 929/1/3 780/1/3 843/1/3
f 929/1/3 843/1/3 928/1/3
f 930/2/3 722/2/3 694/2/3
f 930/1/3 694/1/3 869/1/3
f 930/2/3 723/2/3 722/2/3
f 931/2/3 723/2/3 930/2/3
f 932/2/3 723/2/3 931/2/3
f 933/1/3 870/1/3 723/1/3
f 933/2/3 723/2/3 932/2/3
f 934/2/3 900/2/3 726/2/3
f 934/1/3 726/1/3 899/1/3
f 935/2/3 900/2/3 934/2/3
f 936/2/3 900/2/3 935/2/3
f 937/1/3 901/1/3 900/1/3
f 937/2/3 900/2/3 936/2/3
f 938/1/3 902/1/3 874/1/3
f 938/1/3 903/1/3 902/1/3
f 939/1/3 877/1/3 903/1/3
f 939/1/3 903/1/3 938/1/3
f 940/2/3 914/2/3 913/2/3
f 940/1/3 913/1/3 912/1/3
f 941/1/3 915/1/3 914/1/3
f 941/2/3 914/2/3 940/2/3
f 942/1/3 706/1/3 889/1/3
f 942/2/3 741/2/3 740/2/3
f 942/2/3 740/2/3 706/2/3
f 943/2/3 741/2/3 942/2/3
f 944/2/3 741/2/3 943/2/3
f 945/1/3 916/1/3 741/1/3
f 945/2/3 741/2/3 944/2/3
f 946/2/3 892/2/3 921/2/3
f 946/1/3 921/1/3 920/1/3
f 946/1/3 920/1/3 919/1/3
f 947/2/3 892/2/3 946/2/3
f 948/2/3 892/2/3 947/2/3
f 949/1/3 893/1/3 892/1/3
f 949/2/3 892/2/3 948/2/3
f 950/1/3 780/1/3 929/1/3
f 950/2/3 927/2/3 926/2/3
f 950/2/3 928/2/3 927/2/3
f 950/2/3 929/2/3 928/2/3
f 951/1/3 780/1/3 950/1/3
f 952/2/3 811/2/3 810/2/3
f 952/2/3 810/2/3 780/2/3
f 953/1/3 866/1/3 811/1/3
f 953/2/3 811/2/3 952/2/3
f 954/2/3 932/2/3 931/2/3
f 954/1/3 931/1/3 930/1/3
f 955/1/3 933/1/3 932/1/3
f 955/2/3 932/2/3 954/2/3
f 956/1/3 935/1/3 934/1/3
f 956/2/3 936/2/3 935/2/3
f 957/1/3 937/1/3 936/1/3
f 957/2/3 936/2/3 956/2/3
f 958/2/3 848/2/3 816/2/3
f 958/2/3 849/2/3 848/2/3
f 959/1/3 874/1/3 849/1/3
f 959/2/3 849/2/3 958/2/3
f 959/1/3 938/1/3 874/1/3
f 960/1/3 938/1/3 959/1/3
f 961/2/3 939/2/3 938/2/3
f 961/1/3 938/1/3 960/1/3
f 962/1/3 877/1/3 939/1/3
f 962/2/3 939/2/3 961/2/3
f 963/1/3 792/1/3 877/1/3
f 963/1/3 877/1/3 962/1/3
f 964/2/3 820/2/3 792/2/3
f 964/2/3 821/2/3 820/2/3
f 965/1/3 904/1/3 821/1/3
f 965/2/3 821/2/3 964/2/3
f 966/1/3 911/1/3 910/1/3
f 966/1/3 910/1/3 881/1/3
f 967/1/3 911/1/3 966/1/3
f 968/1/3 941/1/3 940/1/3
f 968/1/3 940/1/3 912/1/3
f 969/1/3 915/1/3 941/1/3
f 969/1/3 941/1/3 968/1/3
f 970/2/3 944/2/3 943/2/3
f 970/1/3 943/1/3 942/1/3
f 971/1/3 945/1/3 944/1/3
f 971/2/3 944/2/3 970/2/3
f 972/1/3 947/1/3 946/1/3
f 972/2/3 948/2/3 947/2/3
f 973/1/3 949/1/3 948/1/3
f 973/2/3 948/2/3 972/2/3
f 974/2/3 834/2/3 806/2/3
f 974/2/3 835/2/3 834/2/3
f 975/1/3 922/1/3 835/1/3
f 975/2/3 835/2/3 974/2/3
f 976/1/3 746/1/3 925/1/3
f 976/2/3 776/2/3 746/2/3
f 976/2/3 777/2/3 776/2/3
f 977/2/3 777/2/3 976/2/3
f 978/2/3 777/2/3 977/2/3
f 979/1/3 926/1/3 777/1/3
f 979/2/3 777/2/3 978/2/3
f 980/1/3 780/1/3 951/1/3
f 980/2/3 952/2/3 780/2/3
f 981/2/3 952/2/3 980/2/3
f 982/2/3 952/2/3 981/2/3
f 983/1/3 953/1/3 952/1/3
f 983/2/3 952/2/3 982/2/3
f 984/1/3 955/1/3 954/1/3
f 984/1/3 954/1/3 930/1/3
f 985/1/3 933/1/3 955/1/3
f 985/1/3 955/1/3 984/1/3
f 986/1/3 956/1/3 934/1/3
f 986/1/3 957/1/3 956/1/3
f 987/1/3 901/1/3 937/1/3
f 987/1/3 957/1/3 986/1/3
f 987/1/3 937/1/3 957/1/3
f 988/2/3 958/2/3 816/2/3
f 988/1/3 816/1/3 180/1/3
f 989/2/3 958/2/3 988/2/3
f 990/1/3 792/1/3 963/1/3
f 990/2/3 964/2/3 792/2/3
f 991/2/3 964/2/3 990/2/3
f 992/2/3 964/2/3 991/2/3
f 993/1/3 965/1/3 964/1/3
f 993/2/3 964/2/3 992/2/3
f 994/1/3 966/1/3 881/1/3
f 995/2/3 967/2/3 966/2/3
f 995/1/3 966/1/3 994/1/3
f 996/1/3 911/1/3 967/1/3
f 996/2/3 967/2/3 995/2/3
f 997/1/3 885/1/3 911/1/3
f 997/1/3 911/1/3 996/1/3
f 998/1/3 854/1/3 885/1/3
f 998/1/3 885/1/3 997/1/3
f 998/2/3 856/2/3 855/2/3
f 998/2/3 855/2/3 854/2/3
f 998/2/3 857/2/3 856/2/3
f 999/2/3 857/2/3 998/2/3
f 1000/1/3 968/1/3 912/1/3
f 1000/1/3 912/1/3 857/1/3
f 1001/2/3 969/2/3 968/2/3
f 1001/1/3 968/1/3 1000/1/3
f 1002/1/3 915/1/3 969/1/3
f 1002/2/3 969/2/3 1001/2/3
f 1003/1/3 886/1/3 915/1/3
f 1003/1/3 915/1/3 1002/1/3
f 1004/1/3 806/1/3 773/1/3
f 1004/2/3 974/2/3 806/2/3
f 1005/2/3 974/2/3 1004/2/3
f 1006/2/3 974/2/3 1005/2/3
f 1007/1/3 975/1/3 974/1/3
f 1007/2/3 974/2/3 1006/2/3
f 1008/2/3 978/2/3 977/2/3
f 1008/1/3 977/1/3 976/1/3
f 1009/1/3 979/1/3 978/1/3
f 1009/2/3 978/2/3 1008/2/3
f 1010/1/3 981/1/3 980/1/3
f 1010/2/3 982/2/3 981/2/3
f 1011/1/3 983/1/3 982/1/3
f 1011/2/3 982/2/3 1010/2/3
f 1012/1/3 984/1/3 930/1/3
f 1012/1/3 930/1/3 869/1/3
f 1013/2/3 985/2/3 984/2/3
f 1013/1/3 984/1/3 1012/1/3
f 1014/1/3 933/1/3 985/1/3
f 1014/2/3 985/2/3 1013/2/3
f 1015/1/3 870/1/3 933/1/3
f 1015/1/3 933/1/3 1014/1/3
f 1016/1/3 901/1/3 987/1/3
f 1016/2/3 987/2/3 986/2/3
f 1017/1/3 221/1/3 901/1/3
f 1017/1/3 901/1/3 1016/1/3
f 1018/2/3 958/2/3 989/2/3
f 1018/1/3 989/1/3 988/1/3
f 1019/2/3 958/2/3 1018/2/3
f 1020/2/3 958/2/3 1019/2/3
f 1021/1/3 960/1/3 959/1/3
f 1021/2/3 958/2/3 1020/2/3
f 1021/1/3 959/1/3 958/1/3
f 1022/1/3 991/1/3 990/1/3
f 1022/2/3 992/2/3 991/2/3
f 1023/1/3 993/1/3 992/1/3
f 1023/2/3 992/2/3 1022/2/3
f 1024/1/3 908/1/3 907/1/3
f 1024/2/3 909/2/3 908/2/3
f 1025/2/3 881/2/3 909/2/3
f 1025/2/3 909/2/3 1024/2/3
f 1026/2/3 881/2/3 1025/2/3
f 1027/1/3 994/1/3 881/1/3
f 1027/2/3 881/2/3 1026/2/3
f 1028/2/3 997/2/3 996/2/3
f 1028/2/3 995/2/3 994/2/3
f 1028/2/3 996/2/3 995/2/3
f 1028/1/3 999/1/3 998/1/3
f 1028/1/3 998/1/3 997/1/3
f 1029/1/3 999/1/3 1028/1/3
f 1030/2/3 857/2/3 999/2/3
f 1031/1/3 1000/1/3 857/1/3
f 1031/2/3 857/2/3 1030/2/3
f 1032/1/3 970/1/3 942/1/3
f 1032/1/3 971/1/3 970/1/3
f 1033/1/3 945/1/3 971/1/3
f 1033/1/3 971/1/3 1032/1/3
f 1034/1/3 972/1/3 946/1/3
f 1034/1/3 946/1/3 919/1/3
f 1034/1/3 973/1/3 972/1/3
f 1035/1/3 949/1/3 973/1/3
f 1035/1/3 973/1/3 1034/1/3
f 1036/2/3 1006/2/3 1005/2/3
f 1036/1/3 1005/1/3 1004/1/3
f 1037/1/3 1007/1/3 1006/1/3
f 1037/2/3 1006/2/3 1036/2/3
f 1038/1/3 1008/1/3 976/1/3
f 1038/1/3 1009/1/3 1008/1/3
f 1039/1/3 979/1/3 1009/1/3
f 1039/1/3 1009/1/3 1038/1/3
f 1040/1/3 1010/1/3 980/1/3
f 1040/1/3 1011/1/3 1010/1/3
f 1041/1/3 983/1/3 1011/1/3
f 1041/1/3 1011/1/3 1040/1/3
f 1041/1/3 953/1/3 983/1/3
f 1042/1/3 870/1/3 1015/1/3
f 1042/2/3 898/2/3 870/2/3
f 1042/2/3 899/2/3 898/2/3
f 1043/2/3 899/2/3 1042/2/3
f 1044/2/3 899/2/3 1043/2/3
f 1045/1/3 986/1/3 934/1/3
f 1045/2/3 899/2/3 1044/2/3
f 1045/1/3 934/1/3 899/1/3
f 1046/1/3 986/1/3 1045/1/3
f 1047/2/3 1016/2/3 986/2/3
f 1047/1/3 986/1/3 1046/1/3
f 1047/2/3 1017/2/3 1016/2/3
f 1048/2/3 1020/2/3 1019/2/3
f 1048/1/3 1019/1/3 1018/1/3
f 1049/1/3 1021/1/3 1020/1/3
f 1049/2/3 1020/2/3 1048/2/3
f 1050/1/3 1022/1/3 990/1/3
f 1050/1/3 1023/1/3 1022/1/3
f 1051/1/3 993/1/3 1023/1/3
f 1051/1/3 1023/1/3 1050/1/3
f 1051/1/3 965/1/3 993/1/3
f 1052/1/3 1025/1/3 1024/1/3
f 1052/2/3 1026/2/3 1025/2/3
f 1053/1/3 1027/1/3 1026/1/3
f 1053/2/3 1026/2/3 1052/2/3
f 1054/1/3 999/1/3 1029/1/3
f 1054/2/3 1030/2/3 999/2/3
f 1055/1/3 1031/1/3 1030/1/3
f 1055/2/3 1030/2/3 1054/2/3
f 1056/2/3 887/2/3 886/2/3
f 1056/2/3 888/2/3 887/2/3
f 1056/2/3 889/2/3 888/2/3
f 1057/1/3 1032/1/3 942/1/3
f 1057/2/3 889/2/3 1056/2/3
f 1057/1/3 942/1/3 889/1/3
f 1058/1/3 945/1/3 1033/1/3
f 1058/2/3 1033/2/3 1032/2/3
f 1059/1/3 916/1/3 945/1/3
f 1059/1/3 945/1/3 1058/1/3
f 1060/1/3 1034/1/3 919/1/3
f 1061/2/3 1035/2/3 1034/2/3
f 1061/1/3 1034/1/3 1060/1/3
f 1062/1/3 949/1/3 1035/1/3
f 1062/2/3 1035/2/3 1061/2/3
f 1063/1/3 893/1/3 949/1/3
f 1063/1/3 949/1/3 1062/1/3
f 1064/1/3 1037/1/3 1036/1/3
f 1064/1/3 1036/1/3 1004/1/3
f 1065/1/3 975/1/3 1007/1/3
f 1065/1/3 1037/1/3 1064/1/3
f 1065/1/3 1007/1/3 1037/1/3
f 1066/1/3 1038/1/3 976/1/3
f 1066/1/3 976/1/3 925/1/3
f 1067/2/3 1039/2/3 1038/2/3
f 1067/1/3 1038/1/3 1066/1/3
f 1068/1/3 979/1/3 1039/1/3
f 1068/2/3 1039/2/3 1067/2/3
f 1069/1/3 926/1/3 979/1/3
f 1069/1/3 979/1/3 1068/1/3
f 1070/1/3 953/1/3 1041/1/3
f 1070/2/3 1041/2/3 1040/2/3
f 1071/1/3 866/1/3 953/1/3
f 1071/1/3 953/1/3 1070/1/3
f 1072/2/3 868/2/3 867/2/3
f 1072/1/3 866/1/3 1071/1/3
f 1072/2/3 867/2/3 866/2/3
f 1072/2/3 869/2/3 868/2/3
f 1073/2/3 869/2/3 1072/2/3
f 1074/2/3 869/2/3 1073/2/3
f 1075/1/3 1012/1/3 869/1/3
f 1075/2/3 869/2/3 1074/2/3
f 1076/2/3 1044/2/3 1043/2/3
f 1076/1/3 1043/1/3 1042/1/3
f 1077/1/3 1046/1/3 1045/1/3
f 1077/2/3 1044/2/3 1076/2/3
f 1077/1/3 1045/1/3 1044/1/3
f 1078/1/3 1049/1/3 1048/1/3
f 1078/1/3 1048/1/3 1018/1/3
f 1078/1/3 1018/1/3 988/1/3
f 1079/1/3 1021/1/3 1049/1/3
f 1079/1/3 1049/1/3 1078/1/3
f 1079/1/3 960/1/3 1021/1/3
f 1080/1/3 1050/1/3 990/1/3
f 1080/1/3 990/1/3 963/1/3
f 1081/2/3 1051/2/3 1050/2/3
f 1081/1/3 1050/1/3 1080/1/3
f 1082/1/3 965/1/3 1051/1/3
f 1082/2/3 1051/2/3 1081/2/3
f 1083/1/3 904/1/3 965/1/3
f 1083/1/3 965/1/3 1082/1/3
f 1084/1/3 1024/1/3 907/1/3
f 1084/1/3 1052/1/3 1024/1/3
f 1084/1/3 1053/1/3 1052/1/3
f 1085/1/3 1053/1/3 1084/1/3
f 1086/1/3 1055/1/3 1054/1/3
f 1086/1/3 1054/1/3 1029/1/3
f 1087/1/3 1055/1/3 1086/1/3
f 1088/1/3 886/1/3 1003/1/3
f 1088/2/3 1056/2/3 886/2/3
f 1089/2/3 1056/2/3 1088/2/3
f 1090/2/3 1056/2/3 1089/2/3
f 1091/1/3 1057/1/3 1056/1/3
f 1091/2/3 1056/2/3 1090/2/3
f 1092/1/3 1032/1/3 1057/1/3
f 1092/1/3 1057/1/3 1091/1/3
f 1093/2/3 1058/2/3 1032/2/3
f 1093/1/3 1032/1/3 1092/1/3
f 1093/2/3 1059/2/3 1058/2/3
f 1094/2/3 918/2/3 917/2/3
f 1094/2/3 919/2/3 918/2/3
f 1094/2/3 917/2/3 916/2/3
f 1094/1/3 916/1/3 1059/1/3
f 1095/2/3 919/2/3 1094/2/3
f 1096/2/3 1062/2/3 1061/2/3
f 1096/2/3 1061/2/3 1060/2/3
f 1096/2/3 1063/2/3 1062/2/3
f 1096/1/3 893/1/3 1063/1/3
f 1097/1/3 770/1/3 893/1/3
f 1097/1/3 893/1/3 1096/1/3
f 1098/2/3 773/2/3 772/2/3
f 1098/1/3 770/1/3 1097/1/3
f 1098/2/3 771/2/3 770/2/3
f 1098/2/3 772/2/3 771/2/3
f 1099/2/3 773/2/3 1098/2/3
f 1100/2/3 773/2/3 1099/2/3
f 1101/1/3 1064/1/3 1004/1/3
f 1101/2/3 773/2/3 1100/2/3
f 1101/1/3 1004/1/3 773/1/3
f 1102/1/3 1064/1/3 1101/1/3
f 1103/2/3 1065/2/3 1064/2/3
f 1103/1/3 1064/1/3 1102/1/3
f 1104/1/3 975/1/3 1065/1/3
f 1104/2/3 1065/2/3 1103/2/3
f 1105/1/3 922/1/3 975/1/3
f 1105/1/3 975/1/3 1104/1/3
f 1106/1/3 926/1/3 1069/1/3
f 1106/2/3 950/2/3 926/2/3
f 1106/2/3 951/2/3 950/2/3
f 1107/2/3 951/2/3 1106/2/3
f 1108/2/3 951/2/3 1107/2/3
f 1109/1/3 1040/1/3 980/1/3
f 1109/2/3 951/2/3 1108/2/3
f 1109/1/3 980/1/3 951/1/3
f 1110/1/3 1040/1/3 1109/1/3
f 1111/2/3 1071/2/3 1070/2/3
f 1111/1/3 1040/1/3 1110/1/3
f 1111/2/3 1070/2/3 1040/2/3
f 1112/1/3 1073/1/3 1072/1/3
f 1112/2/3 1074/2/3 1073/2/3
f 1112/1/3 1072/1/3 1071/1/3
f 1113/1/3 1075/1/3 1074/1/3
f 1113/2/3 1074/2/3 1112/2/3
f 1114/1/3 1076/1/3 1042/1/3
f 1114/1/3 1077/1/3 1076/1/3
f 1115/1/3 1077/1/3 1114/1/3
f 1116/1/3 1078/1/3 988/1/3
f 1116/1/3 988/1/3 180/1/3
f 1117/2/3 1079/2/3 1078/2/3
f 1117/1/3 1078/1/3 1116/1/3
f 1118/1/3 960/1/3 1079/1/3
f 1118/2/3 1079/2/3 1117/2/3
f 1119/1/3 960/1/3 1118/1/3
f 1120/1/3 904/1/3 1083/1/3
f 1120/2/3 905/2/3 904/2/3
f 1120/2/3 907/2/3 906/2/3
f 1120/2/3 906/2/3 905/2/3
f 1121/2/3 907/2/3 1120/2/3
f 1122/2/3 907/2/3 1121/2/3
f 1123/1/3 1084/1/3 907/1/3
f 1123/2/3 907/2/3 1122/2/3
f 1124/1/3 1053/1/3 1085/1/3
f 1124/2/3 1085/2/3 1084/2/3
f 1125/1/3 1027/1/3 1053/1/3
f 1125/1/3 1053/1/3 1124/1/3
f 1126/1/3 1086/1/3 1029/1/3
f 1127/2/3 1087/2/3 1086/2/3
f 1127/1/3 1086/1/3 1126/1/3
f 1128/1/3 1055/1/3 1087/1/3
f 1128/2/3 1087/2/3 1127/2/3
f 1129/1/3 1031/1/3 1055/1/3
f 1129/1/3 1055/1/3 1128/1/3
f 1130/2/3 1090/2/3 1089/2/3
f 1130/1/3 1089/1/3 1088/1/3
f 1131/1/3 1092/1/3 1091/1/3
f 1131/2/3 1090/2/3 1130/2/3
f 1131/1/3 1091/1/3 1090/1/3
f 1132/2/3 919/2/3 1095/2/3
f 1132/1/3 1095/1/3 1094/1/3
f 1133/2/3 919/2/3 1132/2/3
f 1134/2/3 919/2/3 1133/2/3
f 1135/1/3 1060/1/3 919/1/3
f 1135/2/3 919/2/3 1134/2/3
f 1136/2/3 1100/2/3 1099/2/3
f 1136/1/3 1099/1/3 1098/1/3
f 1136/1/3 1098/1/3 1097/1/3
f 1137/1/3 1101/1/3 1100/1/3
f 1137/2/3 1100/2/3 1136/2/3
f 1137/1/3 1102/1/3 1101/1/3
f 1138/2/3 924/2/3 923/2/3
f 1138/1/3 922/1/3 1105/1/3
f 1138/2/3 925/2/3 924/2/3
f 1138/2/3 923/2/3 922/2/3
f 1139/2/3 925/2/3 1138/2/3
f 1140/2/3 925/2/3 1139/2/3
f 1141/1/3 1066/1/3 925/1/3
f 1141/2/3 925/2/3 1140/2/3
f 1142/2/3 1108/2/3 1107/2/3
f 1142/1/3 1107/1/3 1106/1/3
f 1143/1/3 1110/1/3 1109/1/3
f 1143/2/3 1108/2/3 1142/2/3
f 1143/1/3 1109/1/3 1108/1/3
f 1144/1/3 1112/1/3 1071/1/3
f 1144/1/3 1113/1/3 1112/1/3
f 1145/1/3 1075/1/3 1113/1/3
f 1145/1/3 1113/1/3 1144/1/3
f 1146/1/3 1114/1/3 1042/1/3
f 1146/1/3 1042/1/3 1015/1/3
f 1147/2/3 1115/2/3 1114/2/3
f 1147/1/3 1114/1/3 1146/1/3
f 1148/1/3 1077/1/3 1115/1/3
f 1148/2/3 1115/2/3 1147/2/3
f 1149/1/3 1046/1/3 1077/1/3
f 1149/1/3 1077/1/3 1148/1/3
f 1150/2/3 1017/2/3 1047/2/3
f 1150/2/3 1047/2/3 1046/2/3
f 1151/1/3 221/1/3 1017/1/3
f 1151/2/3 1017/2/3 1150/2/3
f 1152/1/3 960/1/3 1119/1/3
f 1152/2/3 963/2/3 962/2/3
f 1152/2/3 962/2/3 961/2/3
f 1152/2/3 961/2/3 960/2/3
f 1153/2/3 963/2/3 1152/2/3
f 1154/2/3 963/2/3 1153/2/3
f 1155/1/3 1080/1/3 963/1/3
f 1155/2/3 963/2/3 1154/2/3
f 1156/1/3 1121/1/3 1120/1/3
f 1156/2/3 1122/2/3 1121/2/3
f 1157/1/3 1123/1/3 1122/1/3
f 1157/2/3 1122/2/3 1156/2/3
f 1158/2/3 1124/2/3 1084/2/3
f 1158/1/3 1123/1/3 1157/1/3
f 1158/2/3 1125/2/3 1124/2/3
f 1158/1/3 1084/1/3 1123/1/3
f 1159/2/3 1125/2/3 1158/2/3
f 1160/1/3 1027/1/3 1125/1/3
f 1160/2/3 1125/2/3 1159/2/3
f 1161/1/3 994/1/3 1027/1/3
f 1161/1/3 1027/1/3 1160/1/3
f 1162/2/3 1127/2/3 1126/2/3
f 1162/1/3 1126/1/3 1029/1/3
f 1162/2/3 1128/2/3 1127/2/3
f 1162/2/3 1129/2/3 1128/2/3
f 1163/2/3 1129/2/3 1162/2/3
f 1164/1/3 1031/1/3 1129/1/3
f 1164/2/3 1001/2/3 1000/2/3
f 1164/2/3 1002/2/3 1001/2/3
f 1164/1/3 1000/1/3 1031/1/3
f 1164/2/3 1003/2/3 1002/2/3
f 1165/2/3 1003/2/3 1164/2/3
f 1166/2/3 1003/2/3 1165/2/3
f 1167/1/3 1130/1/3 1088/1/3
f 1167/2/3 1003/2/3 1166/2/3
f 1167/1/3 1131/1/3 1130/1/3
f 1167/1/3 1088/1/3 1003/1/3
f 1168/1/3 1131/1/3 1167/1/3
f 1169/1/3 1092/1/3 1131/1/3
f 1169/1/3 1131/1/3 1168/1/3
f 1170/2/3 1134/2/3 1133/2/3
f 1170/1/3 1133/1/3 1132/1/3
f 1171/1/3 1135/1/3 1134/1/3
f 1171/2/3 1134/2/3 1170/2/3
f 1172/1/3 1137/1/3 1136/1/3
f 1172/1/3 1136/1/3 1097/1/3
f 1173/1/3 1102/1/3 1137/1/3
f 1173/1/3 1137/1/3 1172/1/3
f 1174/1/3 1139/1/3 1138/1/3
f 1174/2/3 1140/2/3 1139/2/3
f 1175/1/3 1141/1/3 1140/1/3
f 1175/2/3 1140/2/3 1174/2/3
f 1176/1/3 1142/1/3 1106/1/3
f 1176/1/3 1143/1/3 1142/1/3
f 1177/1/3 1143/1/3 1176/1/3
f 1178/1/3 1144/1/3 1071/1/3
f 1179/2/3 1145/2/3 1144/2/3
f 1179/1/3 1144/1/3 1178/1/3
f 1180/1/3 1075/1/3 1145/1/3
f 1180/2/3 1145/2/3 1179/2/3
f 1181/1/3 1012/1/3 1075/1/3
f 1181/1/3 1075/1/3 1180/1/3
f 1182/2/3 1013/2/3 1012/2/3
f 1182/2/3 1015/2/3 1014/2/3
f 1182/2/3 1014/2/3 1013/2/3
f 1183/1/3 1146/1/3 1015/1/3
f 1183/2/3 1015/2/3 1182/2/3
f 1184/2/3 1147/2/3 1146/2/3
f 1184/2/3 1148/2/3 1147/2/3
f 1184/2/3 1149/2/3 1148/2/3
f 1184/1/3 1046/1/3 1149/1/3
f 1185/1/3 1046/1/3 1184/1/3
f 1186/2/3 1150/2/3 1046/2/3
f 1186/1/3 1046/1/3 1185/1/3
f 1187/2/3 1150/2/3 1186/2/3
f 1188/1/3 1153/1/3 1152/1/3
f 1188/2/3 1154/2/3 1153/2/3
f 1189/1/3 1155/1/3 1154/1/3
f 1189/2/3 1154/2/3 1188/2/3
f 1190/1/3 1157/1/3 1156/1/3
f 1190/1/3 1158/1/3 1157/1/3
f 1190/1/3 1156/1/3 1120/1/3
f 1190/1/3 1159/1/3 1158/1/3
f 1191/1/3 1159/1/3 1190/1/3
f 1192/2/3 1160/2/3 1159/2/3
f 1192/2/3 1161/2/3 1160/2/3
f 1193/1/3 994/1/3 1161/1/3
f 1193/2/3 1161/2/3 1192/2/3
f 1194/2/3 1129/2/3 1163/2/3
f 1194/1/3 1163/1/3 1162/1/3
f 1195/1/3 1165/1/3 1164/1/3
f 1195/2/3 1129/2/3 1194/2/3
f 1195/1/3 1164/1/3 1129/1/3
f 1196/1/3 1165/1/3 1195/1/3
f 1197/2/3 1166/2/3 1165/2/3
f 1197/1/3 1165/1/3 1196/1/3
f 1198/1/3 1168/1/3 1167/1/3
f 1198/2/3 1166/2/3 1197/2/3
f 1198/1/3 1167/1/3 1166/1/3
f 1199/1/3 1168/1/3 1198/1/3
f 1200/1/3 1168/1/3 1199/1/3
f 1201/2/3 1169/2/3 1168/2/3
f 1201/1/3 1168/1/3 1200/1/3
f 1202/1/3 1092/1/3 1169/1/3
f 1202/2/3 1169/2/3 1201/2/3
f 1203/1/3 1092/1/3 1202/1/3
f 1204/1/3 1171/1/3 1170/1/3
f 1204/1/3 1132/1/3 1094/1/3
f 1204/1/3 1170/1/3 1132/1/3
f 1205/1/3 1171/1/3 1204/1/3
f 1206/1/3 1172/1/3 1097/1/3
f 1207/2/3 1173/2/3 1172/2/3
f 1207/1/3 1172/1/3 1206/1/3
f 1208/1/3 1102/1/3 1173/1/3
f 1208/2/3 1173/2/3 1207/2/3
f 1209/1/3 1102/1/3 1208/1/3
f 1210/1/3 1174/1/3 1138/1/3
f 1210/1/3 1175/1/3 1174/1/3
f 1211/1/3 1141/1/3 1175/1/3
f 1211/1/3 1175/1/3 1210/1/3
f 1212/1/3 1176/1/3 1106/1/3
f 1212/1/3 1106/1/3 1069/1/3
f 1213/2/3 1177/2/3 1176/2/3
f 1213/1/3 1176/1/3 1212/1/3
f 1214/1/3 1143/1/3 1177/1/3
f 1214/2/3 1177/2/3 1213/2/3
f 1215/1/3 1110/1/3 1143/1/3
f 1215/1/3 1143/1/3 1214/1/3
f 1216/2/3 1071/2/3 1111/2/3
f 1216/2/3 1111/2/3 1110/2/3
f 1217/1/3 1178/1/3 1071/1/3
f 1217/2/3 1071/2/3 1216/2/3
f 1218/1/3 1183/1/3 1182/1/3
f 1218/2/3 1182/2/3 1012/2/3
f 1219/1/3 1146/1/3 1183/1/3
f 1219/1/3 1183/1/3 1218/1/3
f 1220/1/3 1186/1/3 1185/1/3
f 1220/1/3 1187/1/3 1186/1/3
f 1221/2/3 1150/2/3 1187/2/3
f 1221/1/3 1187/1/3 1220/1/3
f 1222/1/3 1151/1/3 1150/1/3
f 1222/2/3 1150/2/3 1221/2/3
f 1223/1/3 221/1/3 1151/1/3
f 1223/1/3 1151/1/3 1222/1/3
f 1224/1/3 1189/1/3 1188/1/3
f 1224/1/3 1188/1/3 1152/1/3
f 1225/1/3 1155/1/3 1189/1/3
f 1225/1/3 1189/1/3 1224/1/3
f 1226/1/3 1120/1/3 1083/1/3
f 1226/1/3 1190/1/3 1120/1/3
f 1227/2/3 1191/2/3 1190/2/3
f 1227/1/3 1190/1/3 1226/1/3
f 1228/1/3 1159/1/3 1191/1/3
f 1228/2/3 1191/2/3 1227/2/3
f 1229/1/3 1159/1/3 1228/1/3
f 1230/2/3 1192/2/3 1159/2/3
f 1230/1/3 1159/1/3 1229/1/3
f 1231/1/3 1193/1/3 1192/1/3
f 1231/2/3 1192/2/3 1230/2/3
f 1232/1/3 1196/1/3 1195/1/3
f 1232/1/3 1194/1/3 1162/1/3
f 1232/1/3 1195/1/3 1194/1/3
f 1233/1/3 1196/1/3 1232/1/3
f 1234/1/3 1094/1/3 1059/1/3
f 1234/1/3 1204/1/3 1094/1/3
f 1235/2/3 1205/2/3 1204/2/3
f 1235/1/3 1204/1/3 1234/1/3
f 1236/1/3 1171/1/3 1205/1/3
f 1236/2/3 1205/2/3 1235/2/3
f 1237/1/3 1135/1/3 1171/1/3
f 1237/1/3 1171/1/3 1236/1/3
f 1238/2/3 1097/2/3 1096/2/3
f 1238/1/3 1135/1/3 1237/1/3
f 1238/2/3 1096/2/3 1060/2/3
f 1238/1/3 1060/1/3 1135/1/3
f 1239/2/3 1097/2/3 1238/2/3
f 1240/2/3 1097/2/3 1239/2/3
f 1241/1/3 1206/1/3 1097/1/3
f 1241/2/3 1097/2/3 1240/2/3
f 1242/1/3 1210/1/3 1138/1/3
f 1242/1/3 1138/1/3 1105/1/3
f 1243/2/3 1211/2/3 1210/2/3
f 1243/1/3 1210/1/3 1242/1/3
f 1244/1/3 1141/1/3 1211/1/3
f 1244/2/3 1211/2/3 1243/2/3
f 1245/1/3 1066/1/3 1141/1/3
f 1245/1/3 1141/1/3 1244/1/3
f 1246/2/3 1068/2/3 1067/2/3
f 1246/2/3 1069/2/3 1068/2/3
f 1246/2/3 1067/2/3 1066/2/3
f 1247/1/3 1212/1/3 1069/1/3
f 1247/2/3 1069/2/3 1246/2/3
f 1248/2/3 1213/2/3 1212/2/3
f 1248/1/3 1110/1/3 1215/1/3
f 1248/2/3 1214/2/3 1213/2/3
f 1248/2/3 1215/2/3 1214/2/3
f 1249/1/3 1110/1/3 1248/1/3
f 1250/2/3 1216/2/3 1110/2/3
f 1250/1/3 1110/1/3 1249/1/3
f 1251/2/3 1216/2/3 1250/2/3
f 1252/2/3 1218/2/3 1012/2/3
f 1252/1/3 1012/1/3 1181/1/3
f 1252/2/3 1219/2/3 1218/2/3
f 1253/2/3 1219/2/3 1252/2/3
f 1254/2/3 1219/2/3 1253/2/3
f 1255/1/3 1146/1/3 1219/1/3
f 1255/2/3 1219/2/3 1254/2/3
f 1256/1/3 1224/1/3 1152/1/3
f 1256/1/3 1152/1/3 1119/1/3
f 1257/2/3 1225/2/3 1224/2/3
f 1257/1/3 1224/1/3 1256/1/3
f 1258/1/3 1155/1/3 1225/1/3
f 1258/2/3 1225/2/3 1257/2/3
f 1259/1/3 1080/1/3 1155/1/3
f 1259/1/3 1155/1/3 1258/1/3
f 1260/1/3 1231/1/3 1230/1/3
f 1260/1/3 1230/1/3 1229/1/3
f 1261/1/3 1193/1/3 1231/1/3
f 1261/1/3 1231/1/3 1260/1/3
f 1262/1/3 1232/1/3 1162/1/3
f 1262/1/3 1162/1/3 1029/1/3
f 1263/2/3 1233/2/3 1232/2/3
f 1263/1/3 1232/1/3 1262/1/3
f 1264/1/3 1196/1/3 1233/1/3
f 1264/2/3 1233/2/3 1263/2/3
f 1265/1/3 1196/1/3 1264/1/3
f 1266/2/3 1093/2/3 1092/2/3
f 1266/1/3 1092/1/3 1203/1/3
f 1267/2/3 1059/2/3 1093/2/3
f 1267/2/3 1093/2/3 1266/2/3
f 1268/2/3 1235/2/3 1234/2/3
f 1268/2/3 1236/2/3 1235/2/3
f 1268/2/3 1237/2/3 1236/2/3
f 1268/1/3 1239/1/3 1238/1/3
f 1268/1/3 1238/1/3 1237/1/3
f 1269/1/3 1239/1/3 1268/1/3
f 1270/2/3 1240/2/3 1239/2/3
f 1271/1/3 1241/1/3 1240/1/3
f 1271/2/3 1240/2/3 1270/2/3
f 1272/1/3 1251/1/3 1250/1/3
f 1272/1/3 1250/1/3 1249/1/3
f 1273/2/3 1216/2/3 1251/2/3
f 1273/1/3 1251/1/3 1272/1/3
f 1274/1/3 1217/1/3 1216/1/3
f 1274/2/3 1216/2/3 1273/2/3
f 1275/1/3 1178/1/3 1217/1/3
f 1275/1/3 1217/1/3 1274/1/3
f 1276/2/3 1254/2/3 1253/2/3
f 1276/1/3 1253/1/3 1252/1/3
f 1277/1/3 1255/1/3 1254/1/3
f 1277/2/3 1254/2/3 1276/2/3
f 1278/2/3 1222/2/3 1221/2/3
f 1278/1/3 1220/1/3 1185/1/3
f 1278/2/3 1221/2/3 1220/2/3
f 1278/2/3 1223/2/3 1222/2/3
f 1279/2/3 1223/2/3 1278/2/3
f 1280/2/3 1223/2/3 1279/2/3
f 1281/1/3 221/1/3 1223/1/3
f 1281/2/3 1223/2/3 1280/2/3
f 1282/2/3 1117/2/3 1116/2/3
f 1282/2/3 1119/2/3 1118/2/3
f 1282/2/3 1118/2/3 1117/2/3
f 1283/1/3 1256/1/3 1119/1/3
f 1283/2/3 1119/2/3 1282/2/3
f 1284/2/3 1083/2/3 1082/2/3
f 1284/2/3 1081/2/3 1080/2/3
f 1284/2/3 1082/2/3 1081/2/3
f 1285/1/3 1226/1/3 1083/1/3
f 1285/2/3 1083/2/3 1284/2/3
f 1286/1/3 1260/1/3 1229/1/3
f 1287/2/3 1261/2/3 1260/2/3
f 1287/1/3 1260/1/3 1286/1/3
f 1288/1/3 1193/1/3 1261/1/3
f 1288/2/3 1261/2/3 1287/2/3
f 1289/1/3 994/1/3 1193/1/3
f 1289/1/3 1193/1/3 1288/1/3
f 1290/2/3 1028/2/3 994/2/3
f 1290/1/3 994/1/3 1289/1/3
f 1290/2/3 1029/2/3 1028/2/3
f 1291/2/3 1029/2/3 1290/2/3
f 1292/2/3 1029/2/3 1291/2/3
f 1293/1/3 1262/1/3 1029/1/3
f 1293/2/3 1029/2/3 1292/2/3
f 1294/2/3 1059/2/3 1267/2/3
f 1294/1/3 1267/1/3 1266/1/3
f 1295/2/3 1059/2/3 1294/2/3
f 1296/2/3 1059/2/3 1295/2/3
f 1297/1/3 1234/1/3 1059/1/3
f 1297/2/3 1059/2/3 1296/2/3
f 1298/2/3 1270/2/3 1239/2/3
f 1298/1/3 1239/1/3 1269/1/3
f 1299/1/3 1271/1/3 1270/1/3
f 1299/2/3 1270/2/3 1298/2/3
f 1300/2/3 1104/2/3 1103/2/3
f 1300/2/3 1105/2/3 1104/2/3
f 1300/2/3 1103/2/3 1102/2/3
f 1301/1/3 1242/1/3 1105/1/3
f 1301/2/3 1105/2/3 1300/2/3
f 1302/1/3 1066/1/3 1245/1/3
f 1302/2/3 1246/2/3 1066/2/3
f 1303/2/3 1246/2/3 1302/2/3
f 1304/2/3 1246/2/3 1303/2/3
f 1305/1/3 1247/1/3 1246/1/3
f 1305/2/3 1246/2/3 1304/2/3
f 1306/1/3 1277/1/3 1276/1/3
f 1306/1/3 1276/1/3 1252/1/3
f 1307/1/3 1255/1/3 1277/1/3
f 1307/1/3 1277/1/3 1306/1/3
f 1308/2/3 1280/2/3 1279/2/3
f 1308/1/3 1279/1/3 1278/1/3
f 1309/1/3 1281/1/3 1280/1/3
f 1309/2/3 1280/2/3 1308/2/3
f 1310/2/3 1282/2/3 1116/2/3
f 1310/1/3 1116/1/3 180/1/3
f 1311/2/3 1282/2/3 1310/2/3
f 1312/2/3 1284/2/3 1080/2/3
f 1312/1/3 1080/1/3 1259/1/3
f 1313/2/3 1284/2/3 1312/2/3
f 1314/2/3 1284/2/3 1313/2/3
f 1315/1/3 1285/1/3 1284/1/3
f 1315/2/3 1284/2/3 1314/2/3
f 1316/2/3 1292/2/3 1291/2/3
f 1316/1/3 1290/1/3 1289/1/3
f 1316/1/3 1291/1/3 1290/1/3
f 1317/1/3 1293/1/3 1292/1/3
f 1317/2/3 1292/2/3 1316/2/3
f 1318/2/3 1197/2/3 1196/2/3
f 1318/1/3 1196/1/3 1265/1/3
f 1318/2/3 1198/2/3 1197/2/3
f 1318/2/3 1199/2/3 1198/2/3
f 1319/2/3 1199/2/3 1318/2/3
f 1320/2/3 1199/2/3 1319/2/3
f 1321/1/3 1200/1/3 1199/1/3
f 1321/2/3 1199/2/3 1320/2/3
f 1322/1/3 1295/1/3 1294/1/3
f 1322/2/3 1296/2/3 1295/2/3
f 1323/1/3 1297/1/3 1296/1/3
f 1323/2/3 1296/2/3 1322/2/3
f 1324/1/3 1299/1/3 1298/1/3
f 1324/1/3 1298/1/3 1269/1/3
f 1325/1/3 1271/1/3 1299/1/3
f 1325/1/3 1299/1/3 1324/1/3
f 1325/1/3 1241/1/3 1271/1/3
f 1326/1/3 1102/1/3 1209/1/3
f 1326/2/3 1300/2/3 1102/2/3
f 1327/1/3 1301/1/3 1300/1/3
f 1327/2/3 1300/2/3 1326/2/3
f 1328/2/3 1304/2/3 1303/2/3
f 1328/1/3 1303/1/3 1302/1/3
f 1329/1/3 1305/1/3 1304/1/3
f 1329/2/3 1304/2/3 1328/2/3
f 1330/1/3 1272/1/3 1249/1/3
f 1330/2/3 1274/2/3 1273/2/3
f 1330/2/3 1273/2/3 1272/2/3
f 1330/2/3 1275/2/3 1274/2/3
f 1331/2/3 1275/2/3 1330/2/3
f 1332/2/3 1275/2/3 1331/2/3
f 1333/1/3 1178/1/3 1275/1/3
f 1333/2/3 1275/2/3 1332/2/3
f 1334/1/3 1306/1/3 1252/1/3
f 1334/1/3 1252/1/3 1181/1/3
f 1335/2/3 1307/2/3 1306/2/3
f 1335/1/3 1306/1/3 1334/1/3
f 1336/1/3 1255/1/3 1307/1/3
f 1336/2/3 1307/2/3 1335/2/3
f 1337/1/3 1146/1/3 1255/1/3
f 1337/1/3 1255/1/3 1336/1/3
f 1338/1/3 1308/1/3 1278/1/3
f 1338/1/3 1309/1/3 1308/1/3
f 1339/1/3 1281/1/3 1309/1/3
f 1339/1/3 1309/1/3 1338/1/3
f 1340/2/3 1282/2/3 1311/2/3
f 1340/1/3 1311/1/3 1310/1/3
f 1341/2/3 1282/2/3 1340/2/3
f 1342/2/3 1282/2/3 1341/2/3
f 1343/1/3 1283/1/3 1282/1/3
f 1343/2/3 1282/2/3 1342/2/3
f 1344/2/3 1314/2/3 1313/2/3
f 1344/1/3 1313/1/3 1312/1/3
f 1345/1/3 1315/1/3 1314/1/3
f 1345/2/3 1314/2/3 1344/2/3
f 1346/1/3 1262/1/3 1293/1/3
f 1346/1/3 1293/1/3 1317/1/3
f 1346/1/3 1317/1/3 1316/1/3
f 1346/2/3 1264/2/3 1263/2/3
f 1346/2/3 1265/2/3 1264/2/3
f 1346/2/3 1263/2/3 1262/2/3
f 1347/2/3 1265/2/3 1346/2/3
f 1348/1/3 1324/1/3 1269/1/3
f 1349/2/3 1325/2/3 1324/2/3
f 1349/1/3 1324/1/3 1348/1/3
f 1350/1/3 1241/1/3 1325/1/3
f 1350/2/3 1325/2/3 1349/2/3
f 1351/1/3 1206/1/3 1241/1/3
f 1351/1/3 1241/1/3 1350/1/3
f 1352/2/3 1207/2/3 1206/2/3
f 1352/1/3 1206/1/3 1351/1/3
f 1352/2/3 1208/2/3 1207/2/3
f 1352/2/3 1209/2/3 1208/2/3
f 1353/2/3 1209/2/3 1352/2/3
f 1354/2/3 1209/2/3 1353/2/3
f 1355/1/3 1326/1/3 1209/1/3
f 1355/2/3 1209/2/3 1354/2/3
f 1355/1/3 1327/1/3 1326/1/3
f 1356/1/3 1329/1/3 1328/1/3
f 1356/1/3 1328/1/3 1302/1/3
f 1357/1/3 1247/1/3 1305/1/3
f 1357/1/3 1329/1/3 1356/1/3
f 1357/1/3 1305/1/3 1329/1/3
f 1358/1/3 1331/1/3 1330/1/3
f 1358/2/3 1332/2/3 1331/2/3
f 1359/1/3 1333/1/3 1332/1/3
f 1359/2/3 1332/2/3 1358/2/3
f 1360/1/3 1338/1/3 1278/1/3
f 1360/1/3 1278/1/3 1185/1/3
f 1361/2/3 1339/2/3 1338/2/3
f 1361/1/3 1338/1/3 1360/1/3
f 1362/1/3 1281/1/3 1339/1/3
f 1362/2/3 1339/2/3 1361/2/3
f 1363/1/3 221/1/3 1281/1/3
f 1363/1/3 1281/1/3 1362/1/3
f 1364/1/3 1341/1/3 1340/1/3
f 1364/2/3 1342/2/3 1341/2/3
f 1365/1/3 1343/1/3 1342/1/3
f 1365/2/3 1342/2/3 1364/2/3
f 1366/1/3 1345/1/3 1344/1/3
f 1366/1/3 1344/1/3 1312/1/3
f 1367/1/3 1315/1/3 1345/1/3
f 1367/1/3 1345/1/3 1366/1/3
f 1368/2/3 1288/2/3 1287/2/3
f 1368/2/3 1287/2/3 1286/2/3
f 1368/1/3 1286/1/3 1229/1/3
f 1368/2/3 1289/2/3 1288/2/3
f 1369/2/3 1289/2/3 1368/2/3
f 1370/2/3 1289/2/3 1369/2/3
f 1371/1/3 1316/1/3 1289/1/3
f 1371/2/3 1289/2/3 1370/2/3
f 1371/1/3 1347/1/3 1346/1/3
f 1371/1/3 1346/1/3 1316/1/3
f 1372/1/3 1347/1/3 1371/1/3
f 1373/1/3 1347/1/3 1372/1/3
f 1374/1/3 1318/1/3 1265/1/3
f 1374/1/3 1319/1/3 1318/1/3
f 1375/2/3 1320/2/3 1319/2/3
f 1375/1/3 1319/1/3 1374/1/3
f 1376/1/3 1321/1/3 1320/1/3
f 1376/2/3 1320/2/3 1375/2/3
f 1377/1/3 1200/1/3 1321/1/3
f 1377/1/3 1321/1/3 1376/1/3
f 1378/1/3 1266/1/3 1203/1/3
f 1378/1/3 1322/1/3 1294/1/3
f 1378/1/3 1294/1/3 1266/1/3
f 1378/1/3 1323/1/3 1322/1/3
f 1379/1/3 1234/1/3 1297/1/3
f 1379/1/3 1323/1/3 1378/1/3
f 1379/1/3 1297/1/3 1323/1/3
f 1380/1/3 1352/1/3 1351/1/3
f 1380/2/3 1354/2/3 1353/2/3
f 1380/1/3 1353/1/3 1352/1/3
f 1381/1/3 1355/1/3 1354/1/3
f 1381/2/3 1354/2/3 1380/2/3
f 1382/1/3 1327/1/3 1355/1/3
f 1382/1/3 1355/1/3 1381/1/3
f 1383/1/3 1327/1/3 1382/1/3
f 1384/1/3 1356/1/3 1302/1/3
f 1384/1/3 1302/1/3 1245/1/3
f 1385/2/3 1357/2/3 1356/2/3
f 1385/1/3 1356/1/3 1384/1/3
f 1386/1/3 1247/1/3 1357/1/3
f 1386/2/3 1357/2/3 1385/2/3
f 1387/1/3 1212/1/3 1247/1/3
f 1387/1/3 1247/1/3 1386/1/3
f 1388/1/3 1359/1/3 1358/1/3
f 1388/1/3 1358/1/3 1330/1/3
f 1389/1/3 1333/1/3 1359/1/3
f 1389/1/3 1359/1/3 1388/1/3
f 1390/1/3 1178/1/3 1333/1/3
f 1390/1/3 1333/1/3 1389/1/3
f 1390/2/3 1180/2/3 1179/2/3
f 1390/2/3 1179/2/3 1178/2/3
f 1390/2/3 1181/2/3 1180/2/3
f 1391/2/3 1181/2/3 1390/2/3
f 1392/2/3 1181/2/3 1391/2/3
f 1393/1/3 1334/1/3 1181/1/3
f 1393/2/3 1181/2/3 1392/2/3
f 1394/2/3 1185/2/3 1184/2/3
f 1394/1/3 1146/1/3 1337/1/3
f 1394/2/3 1184/2/3 1146/2/3
f 1395/2/3 1185/2/3 1394/2/3
f 1396/2/3 1185/2/3 1395/2/3
f 1397/1/3 1360/1/3 1185/1/3
f 1397/2/3 1185/2/3 1396/2/3
f 1398/1/3 1366/1/3 1312/1/3
f 1398/1/3 1312/1/3 1259/1/3
f 1399/2/3 1367/2/3 1366/2/3
f 1399/1/3 1366/1/3 1398/1/3
f 1400/1/3 1315/1/3 1367/1/3
f 1400/2/3 1367/2/3 1399/2/3
f 1401/1/3 1285/1/3 1315/1/3
f 1401/1/3 1315/1/3 1400/1/3
f 1402/2/3 1370/2/3 1369/2/3
f 1402/1/3 1369/1/3 1368/1/3
f 1403/1/3 1372/1/3 1371/1/3
f 1403/2/3 1370/2/3 1402/2/3
f 1403/1/3 1371/1/3 1370/1/3
f 1404/1/3 1372/1/3 1403/1/3
f 1405/2/3 1373/2/3 1372/2/3
f 1405/1/3 1372/1/3 1404/1/3
f 1406/1/3 1347/1/3 1373/1/3
f 1406/2/3 1373/2/3 1405/2/3
f 1407/1/3 1347/1/3 1406/1/3
f 1408/1/3 1200/1/3 1377/1/3
f 1408/2/3 1377/2/3 1376/2/3
f 1408/2/3 1376/2/3 1375/2/3
f 1408/2/3 1375/2/3 1374/2/3
f 1409/1/3 1200/1/3 1408/1/3
f 1410/2/3 1203/2/3 1202/2/3
f 1410/1/3 1200/1/3 1409/1/3
f 1410/2/3 1201/2/3 1200/2/3
f 1410/2/3 1202/2/3 1201/2/3
f 1411/2/3 1203/2/3 1410/2/3
f 1412/2/3 1203/2/3 1411/2/3
f 1413/1/3 1378/1/3 1203/1/3
f 1413/2/3 1203/2/3 1412/2/3
f 1414/1/3 1381/1/3 1380/1/3
f 1414/1/3 1382/1/3 1381/1/3
f 1415/2/3 1383/2/3 1382/2/3
f 1415/1/3 1382/1/3 1414/1/3
f 1416/1/3 1327/1/3 1383/1/3
f 1416/2/3 1383/2/3 1415/2/3
f 1417/1/3 1301/1/3 1327/1/3
f 1417/1/3 1327/1/3 1416/1/3
f 1418/1/3 1388/1/3 1330/1/3
f 1418/1/3 1330/1/3 1249/1/3
f 1419/2/3 1389/2/3 1388/2/3
f 1419/1/3 1388/1/3 1418/1/3
f 1420/1/3 1391/1/3 1390/1/3
f 1420/2/3 1389/2/3 1419/2/3
f 1420/1/3 1390/1/3 1389/1/3
f 1421/1/3 1391/1/3 1420/1/3
f 1422/2/3 1392/2/3 1391/2/3
f 1422/1/3 1391/1/3 1421/1/3
f 1423/1/3 1393/1/3 1392/1/3
f 1423/2/3 1392/2/3 1422/2/3
f 1424/2/3 1396/2/3 1395/2/3
f 1424/1/3 1395/1/3 1394/1/3
f 1425/1/3 1397/1/3 1396/1/3
f 1425/2/3 1396/2/3 1424/2/3
f 1426/1/3 1340/1/3 1310/1/3
f 1426/1/3 1364/1/3 1340/1/3
f 1426/1/3 1365/1/3 1364/1/3
f 1427/1/3 1343/1/3 1365/1/3
f 1427/1/3 1365/1/3 1426/1/3
f 1428/1/3 1285/1/3 1401/1/3
f 1428/2/3 1399/2/3 1398/2/3
f 1428/2/3 1401/2/3 1400/2/3
f 1428/2/3 1400/2/3 1399/2/3
f 1429/1/3 1226/1/3 1285/1/3
f 1429/1/3 1285/1/3 1428/1/3
f 1430/2/3 1227/2/3 1226/2/3
f 1430/1/3 1226/1/3 1429/1/3
f 1430/2/3 1229/2/3 1228/2/3
f 1430/2/3 1228/2/3 1227/2/3
f 1431/2/3 1229/2/3 1430/2/3
f 1432/2/3 1229/2/3 1431/2/3
f 1433/1/3 1404/1/3 1403/1/3
f 1433/2/3 1229/2/3 1432/2/3
f 1433/1/3 1402/1/3 1368/1/3
f 1433/1/3 1403/1/3 1402/1/3
f 1433/1/3 1368/1/3 1229/1/3
f 1434/1/3 1404/1/3 1433/1/3
f 1435/1/3 1404/1/3 1434/1/3
f 1436/2/3 1407/2/3 1406/2/3
f 1436/1/3 1404/1/3 1435/1/3
f 1436/2/3 1405/2/3 1404/2/3
f 1436/2/3 1406/2/3 1405/2/3
f 1437/2/3 1407/2/3 1436/2/3
f 1438/2/3 1265/2/3 1347/2/3
f 1438/1/3 1347/1/3 1407/1/3
f 1439/2/3 1265/2/3 1438/2/3
f 1440/2/3 1265/2/3 1439/2/3
f 1441/1/3 1374/1/3 1265/1/3
f 1441/2/3 1265/2/3 1440/2/3
f 1442/2/3 1412/2/3 1411/2/3
f 1442/1/3 1410/1/3 1409/1/3
f 1442/1/3 1411/1/3 1410/1/3
f 1443/1/3 1413/1/3 1412/1/3
f 1443/2/3 1412/2/3 1442/2/3
f 1444/2/3 1269/2/3 1268/2/3
f 1444/1/3 1234/1/3 1379/1/3
f 1444/2/3 1268/2/3 1234/2/3
f 1445/2/3 1269/2/3 1444/2/3
f 1446/2/3 1269/2/3 1445/2/3
f 1447/1/3 1348/1/3 1269/1/3
f 1447/2/3 1269/2/3 1446/2/3
f 1448/1/3 1380/1/3 1351/1/3
f 1448/1/3 1414/1/3 1380/1/3
f 1449/1/3 1414/1/3 1448/1/3
f 1450/2/3 1415/2/3 1414/2/3
f 1450/1/3 1301/1/3 1417/1/3
f 1450/2/3 1416/2/3 1415/2/3
f 1450/2/3 1417/2/3 1416/2/3
f 1451/1/3 1242/1/3 1301/1/3
f 1451/1/3 1301/1/3 1450/1/3
f 1452/2/3 1244/2/3 1243/2/3
f 1452/1/3 1242/1/3 1451/1/3
f 1452/2/3 1243/2/3 1242/2/3
f 1452/2/3 1245/2/3 1244/2/3
f 1453/2/3 1245/2/3 1452/2/3
f 1454/2/3 1245/2/3 1453/2/3
f 1455/1/3 1384/1/3 1245/1/3
f 1455/2/3 1245/2/3 1454/2/3
f 1456/1/3 1212/1/3 1387/1/3
f 1456/2/3 1248/2/3 1212/2/3
f 1456/2/3 1249/2/3 1248/2/3
f 1457/2/3 1249/2/3 1456/2/3
f 1458/2/3 1249/2/3 1457/2/3
f 1459/1/3 1418/1/3 1249/1/3
f 1459/2/3 1249/2/3 1458/2/3
f 1460/1/3 1422/1/3 1421/1/3
f 1460/1/3 1423/1/3 1422/1/3
f 1461/1/3 1393/1/3 1423/1/3
f 1461/1/3 1423/1/3 1460/1/3
f 1462/1/3 1426/1/3 1310/1/3
f 1462/1/3 1310/1/3 180/1/3
f 1463/2/3 1427/2/3 1426/2/3
f 1463/1/3 1426/1/3 1462/1/3
f 1464/1/3 1343/1/3 1427/1/3
f 1464/2/3 1427/2/3 1463/2/3
f 1465/1/3 1283/1/3 1343/1/3
f 1465/1/3 1343/1/3 1464/1/3
f 1466/2/3 1432/2/3 1431/2/3
f 1466/1/3 1431/1/3 1430/1/3
f 1466/1/3 1430/1/3 1429/1/3
f 1467/1/3 1434/1/3 1433/1/3
f 1467/2/3 1432/2/3 1466/2/3
f 1467/1/3 1433/1/3 1432/1/3
f 1468/1/3 1434/1/3 1467/1/3
f 1469/2/3 1435/2/3 1434/2/3
f 1469/1/3 1434/1/3 1468/1/3
f 1470/1/3 1437/1/3 1436/1/3
f 1470/2/3 1435/2/3 1469/2/3
f 1470/1/3 1436/1/3 1435/1/3
f 1471/1/3 1437/1/3 1470/1/3
f 1472/2/3 1407/2/3 1437/2/3
f 1472/1/3 1437/1/3 1471/1/3
f 1473/1/3 1439/1/3 1438/1/3
f 1473/2/3 1407/2/3 1472/2/3
f 1473/1/3 1438/1/3 1407/1/3
f 1474/2/3 1440/2/3 1439/2/3
f 1474/1/3 1439/1/3 1473/1/3
f 1475/1/3 1441/1/3 1440/1/3
f 1475/2/3 1440/2/3 1474/2/3
f 1476/1/3 1443/1/3 1442/1/3
f 1476/1/3 1442/1/3 1409/1/3
f 1477/1/3 1413/1/3 1443/1/3
f 1477/1/3 1443/1/3 1476/1/3
f 1478/1/3 1445/1/3 1444/1/3
f 1478/2/3 1446/2/3 1445/2/3
f 1479/1/3 1447/1/3 1446/1/3
f 1479/2/3 1446/2/3 1478/2/3
f 1480/1/3 1448/1/3 1351/1/3
f 1481/2/3 1449/2/3 1448/2/3
f 1481/1/3 1448/1/3 1480/1/3
f 1482/1/3 1414/1/3 1449/1/3
f 1482/2/3 1449/2/3 1481/2/3
f 1483/1/3 1414/1/3 1482/1/3
f 1484/1/3 1453/1/3 1452/1/3
f 1484/2/3 1454/2/3 1453/2/3
f 1484/1/3 1452/1/3 1451/1/3
f 1485/1/3 1455/1/3 1454/1/3
f 1485/2/3 1454/2/3 1484/2/3
f 1486/2/3 1458/2/3 1457/2/3
f 1486/1/3 1457/1/3 1456/1/3
f 1487/1/3 1459/1/3 1458/1/3
f 1487/2/3 1458/2/3 1486/2/3
f 1488/1/3 1460/1/3 1421/1/3
f 1489/2/3 1461/2/3 1460/2/3
f 1489/1/3 1460/1/3 1488/1/3
f 1490/1/3 1393/1/3 1461/1/3
f 1490/2/3 1461/2/3 1489/2/3
f 1491/1/3 1334/1/3 1393/1/3
f 1491/1/3 1393/1/3 1490/1/3
f 1492/1/3 1425/1/3 1424/1/3
f 1492/1/3 1424/1/3 1394/1/3
f 1493/1/3 1397/1/3 1425/1/3
f 1493/1/3 1425/1/3 1492/1/3
f 1494/2/3 1463/2/3 1462/2/3
f 1494/1/3 1283/1/3 1465/1/3
f 1494/2/3 1465/2/3 1464/2/3
f 1494/2/3 1464/2/3 1463/2/3
f 1495/1/3 1256/1/3 1283/1/3
f 1495/1/3 1283/1/3 1494/1/3
f 1496/2/3 1258/2/3 1257/2/3
f 1496/1/3 1256/1/3 1495/1/3
f 1496/2/3 1257/2/3 1256/2/3
f 1496/2/3 1259/2/3 1258/2/3
f 1497/2/3 1259/2/3 1496/2/3
f 1498/2/3 1259/2/3 1497/2/3
f 1499/1/3 1398/1/3 1259/1/3
f 1499/2/3 1259/2/3 1498/2/3
f 1500/1/3 1468/1/3 1467/1/3
f 1500/1/3 1466/1/3 1429/1/3
f 1500/1/3 1467/1/3 1466/1/3
f 1501/1/3 1468/1/3 1500/1/3
f 1502/1/3 1474/1/3 1473/1/3
f 1502/1/3 1475/1/3 1474/1/3
f 1502/1/3 1473/1/3 1472/1/3
f 1502/1/3 1472/1/3 1471/1/3
f 1503/1/3 1475/1/3 1502/1/3
f 1504/1/3 1476/1/3 1409/1/3
f 1505/2/3 1477/2/3 1476/2/3
f 1505/1/3 1476/1/3 1504/1/3
f 1506/1/3 1413/1/3 1477/1/3
f 1506/2/3 1477/2/3 1505/2/3
f 1507/1/3 1378/1/3 1413/1/3
f 1507/1/3 1413/1/3 1506/1/3
f 1508/1/3 1478/1/3 1444/1/3
f 1508/1/3 1479/1/3 1478/1/3
f 1509/1/3 1447/1/3 1479/1/3
f 1509/1/3 1479/1/3 1508/1/3
f 1510/2/3 1350/2/3 1349/2/3
f 1510/1/3 1447/1/3 1509/1/3
f 1510/2/3 1351/2/3 1350/2/3
f 1510/1/3 1348/1/3 1447/1/3
f 1510/2/3 1349/2/3 1348/2/3
f 1511/2/3 1351/2/3 1510/2/3
f 1512/2/3 1351/2/3 1511/2/3
f 1513/1/3 1480/1/3 1351/1/3
f 1513/2/3 1351/2/3 1512/2/3
f 1514/2/3 1481/2/3 1480/2/3
f 1514/2/3 1482/2/3 1481/2/3
f 1514/1/3 1414/1/3 1483/1/3
f 1514/2/3 1483/2/3 1482/2/3
f 1515/1/3 1414/1/3 1514/1/3
f 1516/1/3 1484/1/3 1451/1/3
f 1516/1/3 1485/1/3 1484/1/3
f 1517/1/3 1455/1/3 1485/1/3
f 1517/1/3 1485/1/3 1516/1/3
f 1518/2/3 1336/2/3 1335/2/3
f 1518/2/3 1335/2/3 1334/2/3
f 1518/2/3 1337/2/3 1336/2/3
f 1519/1/3 1492/1/3 1394/1/3
f 1519/2/3 1337/2/3 1518/2/3
f 1519/1/3 1394/1/3 1337/1/3
f 1520/1/3 1397/1/3 1493/1/3
f 1520/2/3 1493/2/3 1492/2/3
f 1521/1/3 1360/1/3 1397/1/3
f 1521/1/3 1397/1/3 1520/1/3
f 1522/2/3 1498/2/3 1497/2/3
f 1522/1/3 1496/1/3 1495/1/3
f 1522/1/3 1497/1/3 1496/1/3
f 1523/1/3 1499/1/3 1498/1/3
f 1523/2/3 1498/2/3 1522/2/3
f 1524/1/3 1500/1/3 1429/1/3
f 1525/2/3 1501/2/3 1500/2/3
f 1525/1/3 1500/1/3 1524/1/3
f 1526/1/3 1468/1/3 1501/1/3
f 1526/2/3 1501/2/3 1525/2/3
f 1527/1/3 1468/1/3 1526/1/3
f 1528/1/3 1502/1/3 1471/1/3
f 1529/1/3 1502/1/3 1528/1/3
f 1530/1/3 1502/1/3 1529/1/3
f 1531/2/3 1503/2/3 1502/2/3
f 1531/1/3 1502/1/3 1530/1/3
f 1532/1/3 1475/1/3 1503/1/3
f 1532/2/3 1503/2/3 1531/2/3
f 1533/1/3 1441/1/3 1475/1/3
f 1533/1/3 1475/1/3 1532/1/3
f 1533/1/3 1374/1/3 1441/1/3
f 1534/1/3 1378/1/3 1507/1/3
f 1534/2/3 1379/2/3 1378/2/3
f 1535/2/3 1379/2/3 1534/2/3
f 1536/2/3 1379/2/3 1535/2/3
f 1537/1/3 1444/1/3 1379/1/3
f 1537/2/3 1379/2/3 1536/2/3
f 1537/1/3 1508/1/3 1444/1/3
f 1538/1/3 1508/1/3 1537/1/3
f 1539/2/3 1509/2/3 1508/2/3
f 1539/1/3 1508/1/3 1538/1/3
f 1540/1/3 1511/1/3 1510/1/3
f 1540/2/3 1509/2/3 1539/2/3
f 1540/1/3 1510/1/3 1509/1/3
f 1541/1/3 1511/1/3 1540/1/3
f 1542/2/3 1512/2/3 1511/2/3
f 1542/1/3 1511/1/3 1541/1/3
f 1543/1/3 1513/1/3 1512/1/3
f 1543/2/3 1512/2/3 1542/2/3
f 1544/1/3 1516/1/3 1451/1/3
f 1545/2/3 1517/2/3 1516/2/3
f 1545/1/3 1516/1/3 1544/1/3
f 1546/1/3 1455/1/3 1517/1/3
f 1546/2/3 1517/2/3 1545/2/3
f 1547/1/3 1384/1/3 1455/1/3
f 1547/1/3 1455/1/3 1546/1/3
f 1548/1/3 1487/1/3 1486/1/3
f 1548/1/3 1486/1/3 1456/1/3
f 1549/1/3 1459/1/3 1487/1/3
f 1549/1/3 1487/1/3 1548/1/3
f 1550/2/3 1518/2/3 1334/2/3
f 1550/1/3 1334/1/3 1491/1/3
f 1551/2/3 1518/2/3 1550/2/3
f 1552/2/3 1518/2/3 1551/2/3
f 1553/1/3 1519/1/3 1518/1/3
f 1553/2/3 1518/2/3 1552/2/3
f 1554/1/3 1492/1/3 1519/1/3
f 1554/1/3 1519/1/3 1553/1/3
f 1555/2/3 1520/2/3 1492/2/3
f 1555/1/3 1492/1/3 1554/1/3
f 1555/2/3 1521/2/3 1520/2/3
f 1556/2/3 1362/2/3 1361/2/3
f 1556/2/3 1361/2/3 1360/2/3
f 1556/1/3 1360/1/3 1521/1/3
f 1556/2/3 1363/2/3 1362/2/3
f 1557/2/3 1363/2/3 1556/2/3
f 1558/1/3 1522/1/3 1495/1/3
f 1558/1/3 1523/1/3 1522/1/3
f 1559/1/3 1499/1/3 1523/1/3
f 1559/1/3 1523/1/3 1558/1/3
f 1560/2/3 1471/2/3 1470/2/3
f 1560/2/3 1469/2/3 1468/2/3
f 1560/2/3 1470/2/3 1469/2/3
f 1561/1/3 1528/1/3 1471/1/3
f 1561/2/3 1471/2/3 1560/2/3
f 1562/1/3 1530/1/3 1529/1/3
f 1562/2/3 1529/2/3 1528/2/3
f 1563/1/3 1530/1/3 1562/1/3
f 1564/1/3 1374/1/3 1533/1/3
f 1564/2/3 1409/2/3 1408/2/3
f 1564/2/3 1408/2/3 1374/2/3
f 1565/2/3 1409/2/3 1564/2/3
f 1566/2/3 1409/2/3 1565/2/3
f 1567/1/3 1504/1/3 1409/1/3
f 1567/2/3 1409/2/3 1566/2/3
f 1568/2/3 1536/2/3 1535/2/3
f 1568/1/3 1535/1/3 1534/1/3
f 1569/1/3 1538/1/3 1537/1/3
f 1569/2/3 1536/2/3 1568/2/3
f 1569/1/3 1537/1/3 1536/1/3
f 1570/1/3 1542/1/3 1541/1/3
f 1570/1/3 1543/1/3 1542/1/3
f 1571/1/3 1543/1/3 1570/1/3
f 1572/2/3 1386/2/3 1385/2/3
f 1572/2/3 1385/2/3 1384/2/3
f 1572/2/3 1387/2/3 1386/2/3
f 1573/1/3 1548/1/3 1456/1/3
f 1573/2/3 1387/2/3 1572/2/3
f 1573/1/3 1456/1/3 1387/1/3
f 1574/1/3 1459/1/3 1549/1/3
f 1574/2/3 1549/2/3 1548/2/3
f 1575/1/3 1418/1/3 1459/1/3
f 1575/1/3 1459/1/3 1574/1/3
f 1576/2/3 1552/2/3 1551/2/3
f 1576/1/3 1551/1/3 1550/1/3
f 1577/1/3 1554/1/3 1553/1/3
f 1577/2/3 1552/2/3 1576/2/3
f 1577/1/3 1553/1/3 1552/1/3
f 1578/2/3 1363/2/3 1557/2/3
f 1578/1/3 1557/1/3 1556/1/3
f 1579/2/3 1363/2/3 1578/2/3
f 1580/2/3 1363/2/3 1579/2/3
f 1581/1/3 221/1/3 1363/1/3
f 1581/2/3 1363/2/3 1580/2/3
f 1582/1/3 1558/1/3 1495/1/3
f 1583/2/3 1559/2/3 1558/2/3
f 1583/1/3 1558/1/3 1582/1/3
f 1584/1/3 1499/1/3 1559/1/3
f 1584/2/3 1559/2/3 1583/2/3
f 1585/1/3 1398/1/3 1499/1/3
f 1585/1/3 1499/1/3 1584/1/3
f 1586/2/3 1428/2/3 1398/2/3
f 1586/2/3 1429/2/3 1428/2/3
f 1587/1/3 1524/1/3 1429/1/3
f 1587/2/3 1429/2/3 1586/2/3
f 1588/1/3 1468/1/3 1527/1/3
f 1588/2/3 1560/2/3 1468/2/3
f 1589/2/3 1560/2/3 1588/2/3
f 1590/2/3 1560/2/3 1589/2/3
f 1591/1/3 1561/1/3 1560/1/3
f 1591/2/3 1560/2/3 1590/2/3
f 1592/1/3 1528/1/3 1561/1/3
f 1592/1/3 1561/1/3 1591/1/3
f 1593/2/3 1563/2/3 1562/2/3
f 1593/1/3 1528/1/3 1592/1/3
f 1593/2/3 1562/2/3 1528/2/3
f 1594/1/3 1565/1/3 1564/1/3
f 1594/2/3 1566/2/3 1565/2/3
f 1595/1/3 1567/1/3 1566/1/3
f 1595/2/3 1566/2/3 1594/2/3
f 1596/1/3 1570/1/3 1541/1/3
f 1597/2/3 1571/2/3 1570/2/3
f 1597/1/3 1570/1/3 1596/1/3
f 1598/1/3 1543/1/3 1571/1/3
f 1598/2/3 1571/2/3 1597/2/3
f 1599/1/3 1513/1/3 1543/1/3
f 1599/1/3 1543/1/3 1598/1/3
f 1600/2/3 1450/2/3 1414/2/3
f 1600/1/3 1414/1/3 1515/1/3
f 1600/2/3 1451/2/3 1450/2/3
f 1601/2/3 1451/2/3 1600/2/3
f 1602/2/3 1451/2/3 1601/2/3
f 1603/1/3 1544/1/3 1451/1/3
f 1603/2/3 1451/2/3 1602/2/3
f 1604/2/3 1572/2/3 1384/2/3
f 1604/1/3 1384/1/3 1547/1/3
f 1605/2/3 1572/2/3 1604/2/3
f 1606/2/3 1572/2/3 1605/2/3
f 1607/1/3 1573/1/3 1572/1/3
f 1607/2/3 1572/2/3 1606/2/3
f 1608/1/3 1548/1/3 1573/1/3
f 1608/1/3 1573/1/3 1607/1/3
f 1609/2/3 1574/2/3 1548/2/3
f 1609/1/3 1548/1/3 1608/1/3
f 1609/2/3 1575/2/3 1574/2/3
f 1610/2/3 1421/2/3 1420/2/3
f 1610/1/3 1418/1/3 1575/1/3
f 1610/2/3 1419/2/3 1418/2/3
f 1610/2/3 1420/2/3 1419/2/3
f 1611/2/3 1421/2/3 1610/2/3
f 1612/1/3 1576/1/3 1550/1/3
f 1612/1/3 1577/1/3 1576/1/3
f 1613/1/3 1554/1/3 1577/1/3
f 1613/1/3 1577/1/3 1612/1/3
f 1614/2/3 1580/2/3 1579/2/3
f 1614/1/3 1579/1/3 1578/1/3
f 1615/1/3 1581/1/3 1580/1/3
f 1615/2/3 1580/2/3 1614/2/3
f 1616/2/3 1495/2/3 1494/2/3
f 1616/2/3 1494/2/3 1462/2/3
f 1616/1/3 1462/1/3 180/1/3
f 1617/2/3 1495/2/3 1616/2/3
f 1618/2/3 1495/2/3 1617/2/3
f 1619/1/3 1582/1/3 1495/1/3
f 1619/2/3 1495/2/3 1618/2/3
f 1620/1/3 1398/1/3 1585/1/3
f 1620/2/3 1586/2/3 1398/2/3
f 1621/2/3 1586/2/3 1620/2/3
f 1622/2/3 1586/2/3 1621/2/3
f 1623/1/3 1587/1/3 1586/1/3
f 1623/2/3 1586/2/3 1622/2/3
f 1624/2/3 1590/2/3 1589/2/3
f 1624/1/3 1589/1/3 1588/1/3
f 1625/1/3 1591/1/3 1590/1/3
f 1625/2/3 1590/2/3 1624/2/3
f 1625/1/3 1592/1/3 1591/1/3
f 1626/1/3 1595/1/3 1594/1/3
f 1626/1/3 1594/1/3 1564/1/3
f 1627/1/3 1595/1/3 1626/1/3
f 1628/1/3 1568/1/3 1534/1/3
f 1628/1/3 1569/1/3 1568/1/3
f 1629/1/3 1569/1/3 1628/1/3
f 1630/2/3 1598/2/3 1597/2/3
f 1630/2/3 1597/2/3 1596/2/3
f 1630/1/3 1513/1/3 1599/1/3
f 1630/2/3 1599/2/3 1598/2/3
f 1631/1/3 1480/1/3 1513/1/3
f 1631/1/3 1513/1/3 1630/1/3
f 1632/2/3 1602/2/3 1601/2/3
f 1632/1/3 1601/1/3 1600/1/3
f 1633/1/3 1603/1/3 1602/1/3
f 1633/2/3 1602/2/3 1632/2/3
f 1634/2/3 1606/2/3 1605/2/3
f 1634/1/3 1605/1/3 1604/1/3
f 1635/1/3 1608/1/3 1607/1/3
f 1635/2/3 1606/2/3 1634/2/3
f 1635/1/3 1607/1/3 1606/1/3
f 1636/2/3 1421/2/3 1611/2/3
f 1636/1/3 1611/1/3 1610/1/3
f 1637/2/3 1421/2/3 1636/2/3
f 1638/2/3 1421/2/3 1637/2/3
f 1639/1/3 1488/1/3 1421/1/3
f 1639/2/3 1421/2/3 1638/2/3
f 1640/1/3 1550/1/3 1491/1/3
f 1640/1/3 1612/1/3 1550/1/3
f 1641/2/3 1613/2/3 1612/2/3
f 1641/1/3 1612/1/3 1640/1/3
f 1642/1/3 1554/1/3 1613/1/3
f 1642/2/3 1613/2/3 1641/2/3
f 1643/1/3 1554/1/3 1642/1/3
f 1644/1/3 1615/1/3 1614/1/3
f 1644/1/3 1578/1/3 1556/1/3
f 1644/1/3 1614/1/3 1578/1/3
f 1645/1/3 1615/1/3 1644/1/3
f 1646/2/3 1618/2/3 1617/2/3
f 1647/1/3 1619/1/3 1618/1/3
f 1647/2/3 1618/2/3 1646/2/3
f 1648/1/3 1621/1/3 1620/1/3
f 1648/2/3 1622/2/3 1621/2/3
f 1649/1/3 1623/1/3 1622/1/3
f 1649/2/3 1622/2/3 1648/2/3
f 1650/1/3 1624/1/3 1588/1/3
f 1650/1/3 1625/1/3 1624/1/3
f 1651/1/3 1592/1/3 1625/1/3
f 1651/1/3 1625/1/3 1650/1/3
f 1652/1/3 1626/1/3 1564/1/3
f 1652/1/3 1564/1/3 1533/1/3
f 1653/2/3 1627/2/3 1626/2/3
f 1653/1/3 1626/1/3 1652/1/3
f 1654/1/3 1595/1/3 1627/1/3
f 1654/2/3 1627/2/3 1653/2/3
f 1655/1/3 1567/1/3 1595/1/3
f 1655/1/3 1595/1/3 1654/1/3
f 1656/1/3 1628/1/3 1534/1/3
f 1656/1/3 1534/1/3 1507/1/3
f 1657/2/3 1629/2/3 1628/2/3
f 1657/1/3 1628/1/3 1656/1/3
f 1658/1/3 1569/1/3 1629/1/3
f 1658/2/3 1629/2/3 1657/2/3
f 1659/1/3 1538/1/3 1569/1/3
f 1659/1/3 1569/1/3 1658/1/3
f 1660/1/3 1480/1/3 1631/1/3
f 1660/2/3 1514/2/3 1480/2/3
f 1660/2/3 1515/2/3 1514/2/3
f 1661/2/3 1515/2/3 1660/2/3
f 1662/2/3 1515/2/3 1661/2/3
f 1663/1/3 1632/1/3 1600/1/3
f 1663/2/3 1515/2/3 1662/2/3
f 1663/1/3 1633/1/3 1632/1/3
f 1663/1/3 1600/1/3 1515/1/3
f 1664/1/3 1634/1/3 1604/1/3
f 1664/1/3 1635/1/3 1634/1/3
f 1665/1/3 1608/1/3 1635/1/3
f 1665/1/3 1635/1/3 1664/1/3
f 1666/2/3 1638/2/3 1637/2/3
f 1666/1/3 1637/1/3 1636/1/3
f 1667/1/3 1639/1/3 1638/1/3
f 1667/2/3 1638/2/3 1666/2/3
f 1668/1/3 1556/1/3 1521/1/3
f 1668/1/3 1644/1/3 1556/1/3
f 1669/2/3 1645/2/3 1644/2/3
f 1669/1/3 1644/1/3 1668/1/3
f 1670/1/3 1615/1/3 1645/1/3
f 1670/2/3 1645/2/3 1669/2/3
f 1671/1/3 1581/1/3 1615/1/3
f 1671/1/3 1615/1/3 1670/1/3
f 1672/2/3 1646/2/3 1617/2/3
f 1672/1/3 1617/1/3 1616/1/3
f 1673/1/3 1647/1/3 1646/1/3
f 1673/2/3 1646/2/3 1672/2/3
f 1674/1/3 1648/1/3 1620/1/3
f 1674/1/3 1649/1/3 1648/1/3
f 1675/1/3 1623/1/3 1649/1/3
f 1675/1/3 1649/1/3 1674/1/3
f 1675/1/3 1587/1/3 1623/1/3
f 1676/1/3 1650/1/3 1588/1/3
f 1676/1/3 1588/1/3 1527/1/3
f 1677/2/3 1651/2/3 1650/2/3
f 1677/1/3 1650/1/3 1676/1/3
f 1678/1/3 1592/1/3 1651/1/3
f 1678/2/3 1651/2/3 1677/2/3
f 1679/1/3 1592/1/3 1678/1/3
f 1680/2/3 1653/2/3 1652/2/3
f 1680/1/3 1567/1/3 1655/1/3
f 1680/2/3 1654/2/3 1653/2/3
f 1680/2/3 1655/2/3 1654/2/3
f 1681/1/3 1504/1/3 1567/1/3
f 1681/1/3 1567/1/3 1680/1/3
f 1682/2/3 1506/2/3 1505/2/3
f 1682/1/3 1504/1/3 1681/1/3
f 1682/2/3 1505/2/3 1504/2/3
f 1682/2/3 1507/2/3 1506/2/3
f 1683/2/3 1507/2/3 1682/2/3
f 1684/2/3 1507/2/3 1683/2/3
f 1685/1/3 1656/1/3 1507/1/3
f 1685/2/3 1507/2/3 1684/2/3
f 1686/2/3 1657/2/3 1656/2/3
f 1686/2/3 1658/2/3 1657/2/3
f 1686/1/3 1538/1/3 1659/1/3
f 1686/2/3 1659/2/3 1658/2/3
f 1687/1/3 1538/1/3 1686/1/3
f 1688/2/3 1662/2/3 1661/2/3
f 1688/1/3 1661/1/3 1660/1/3
f 1689/1/3 1663/1/3 1662/1/3
f 1689/2/3 1662/2/3 1688/2/3
f 1690/1/3 1633/1/3 1663/1/3
f 1690/1/3 1663/1/3 1689/1/3
f 1691/1/3 1603/1/3 1633/1/3
f 1691/1/3 1633/1/3 1690/1/3
f 1692/1/3 1664/1/3 1604/1/3
f 1692/1/3 1604/1/3 1547/1/3
f 1693/2/3 1665/2/3 1664/2/3
f 1693/1/3 1664/1/3 1692/1/3
f 1694/1/3 1608/1/3 1665/1/3
f 1694/2/3 1665/2/3 1693/2/3
f 1695/1/3 1608/1/3 1694/1/3
f 1696/1/3 1667/1/3 1666/1/3
f 1696/1/3 1666/1/3 1636/1/3
f 1696/1/3 1636/1/3 1610/1/3
f 1697/1/3 1667/1/3 1696/1/3
f 1698/1/3 1554/1/3 1643/1/3
f 1698/2/3 1555/2/3 1554/2/3
f 1699/2/3 1521/2/3 1555/2/3
f 1699/2/3 1555/2/3 1698/2/3
f 1700/2/3 1669/2/3 1668/2/3
f 1700/2/3 1670/2/3 1669/2/3
f 1700/1/3 1581/1/3 1671/1/3
f 1700/2/3 1671/2/3 1670/2/3
f 1701/1/3 221/1/3 1581/1/3
f 1701/1/3 1581/1/3 1700/1/3
f 1702/1/3 1673/1/3 1672/1/3
f 1702/1/3 1672/1/3 1616/1/3
f 1703/1/3 1619/1/3 1647/1/3
f 1703/1/3 1673/1/3 1702/1/3
f 1703/1/3 1647/1/3 1673/1/3
f 1704/1/3 1620/1/3 1585/1/3
f 1704/1/3 1674/1/3 1620/1/3
f 1705/2/3 1675/2/3 1674/2/3
f 1705/1/3 1674/1/3 1704/1/3
f 1706/1/3 1587/1/3 1675/1/3
f 1706/2/3 1675/2/3 1705/2/3
f 1707/1/3 1524/1/3 1587/1/3
f 1707/1/3 1587/1/3 1706/1/3
f 1708/2/3 1531/2/3 1530/2/3
f 1708/2/3 1532/2/3 1531/2/3
f 1708/1/3 1530/1/3 1563/1/3
f 1708/2/3 1533/2/3 1532/2/3
f 1709/2/3 1533/2/3 1708/2/3
f 1710/2/3 1533/2/3 1709/2/3
f 1711/1/3 1652/1/3 1533/1/3
f 1711/2/3 1533/2/3 1710/2/3
f 1712/2/3 1684/2/3 1683/2/3
f 1713/1/3 1685/1/3 1684/1/3
f 1713/2/3 1684/2/3 1712/2/3
f 1714/2/3 1540/2/3 1539/2/3
f 1714/2/3 1541/2/3 1540/2/3
f 1714/2/3 1539/2/3 1538/2/3
f 1715/1/3 1596/1/3 1541/1/3
f 1715/2/3 1541/2/3 1714/2/3
f 1716/1/3 1689/1/3 1688/1/3
f 1716/1/3 1690/1/3 1689/1/3
f 1716/1/3 1688/1/3 1660/1/3
f 1717/1/3 1690/1/3 1716/1/3
f 1718/1/3 1690/1/3 1717/1/3
f 1719/2/3 1691/2/3 1690/2/3
f 1719/1/3 1690/1/3 1718/1/3
f 1720/1/3 1603/1/3 1691/1/3
f 1720/2/3 1691/2/3 1719/2/3
f 1721/1/3 1544/1/3 1603/1/3
f 1721/1/3 1603/1/3 1720/1/3
f 1722/1/3 1610/1/3 1575/1/3
f 1722/1/3 1696/1/3 1610/1/3
f 1723/2/3 1697/2/3 1696/2/3
f 1723/1/3 1696/1/3 1722/1/3
f 1724/1/3 1667/1/3 1697/1/3
f 1724/2/3 1697/2/3 1723/2/3
f 1725/1/3 1639/1/3 1667/1/3
f 1725/1/3 1667/1/3 1724/1/3
f 1726/2/3 1489/2/3 1488/2/3
f 1726/1/3 1639/1/3 1725/1/3
f 1726/2/3 1490/2/3 1489/2/3
f 1726/2/3 1491/2/3 1490/2/3
f 1726/1/3 1488/1/3 1639/1/3
f 1727/2/3 1491/2/3 1726/2/3
f 1728/2/3 1491/2/3 1727/2/3
f 1729/1/3 1640/1/3 1491/1/3
f 1729/2/3 1491/2/3 1728/2/3
f 1730/2/3 1521/2/3 1699/2/3
f 1730/1/3 1699/1/3 1698/1/3
f 1731/2/3 1521/2/3 1730/2/3
f 1732/2/3 1521/2/3 1731/2/3
f 1733/1/3 1668/1/3 1521/1/3
f 1733/2/3 1521/2/3 1732/2/3
f 1734/1/3 1702/1/3 1616/1/3
f 1734/1/3 1616/1/3 180/1/3
f 1735/2/3 1703/2/3 1702/2/3
f 1735/1/3 1702/1/3 1734/1/3
f 1736/1/3 1619/1/3 1703/1/3
f 1736/2/3 1703/2/3 1735/2/3
f 1737/1/3 1582/1/3 1619/1/3
f 1737/1/3 1619/1/3 1736/1/3
f 1738/2/3 1583/2/3 1582/2/3
f 1738/1/3 1582/1/3 1737/1/3
f 1738/2/3 1585/2/3 1584/2/3
f 1738/2/3 1584/2/3 1583/2/3
f 1739/2/3 1585/2/3 1738/2/3
f 1740/2/3 1585/2/3 1739/2/3
f 1741/1/3 1704/1/3 1585/1/3
f 1741/2/3 1585/2/3 1740/2/3
f 1742/1/3 1592/1/3 1679/1/3
f 1742/2/3 1593/2/3 1592/2/3
f 1743/2/3 1563/2/3 1593/2/3
f 1743/2/3 1593/2/3 1742/2/3
f 1744/2/3 1710/2/3 1709/2/3
f 1744/1/3 1709/1/3 1708/1/3
f 1745/1/3 1711/1/3 1710/1/3
f 1745/2/3 1710/2/3 1744/2/3
f 1746/2/3 1712/2/3 1683/2/3
f 1746/1/3 1683/1/3 1682/1/3
f 1746/1/3 1682/1/3 1681/1/3
f 1747/1/3 1713/1/3 1712/1/3
f 1747/2/3 1712/2/3 1746/2/3
f 1748/2/3 1714/2/3 1538/2/3
f 1748/1/3 1538/1/3 1687/1/3
f 1749/2/3 1714/2/3 1748/2/3
f 1750/1/3 1716/1/3 1660/1/3
f 1750/1/3 1660/1/3 1631/1/3
f 1751/2/3 1717/2/3 1716/2/3
f 1751/1/3 1716/1/3 1750/1/3
f 1752/1/3 1718/1/3 1717/1/3
f 1752/2/3 1717/2/3 1751/2/3
f 1753/1/3 1718/1/3 1752/1/3
f 1754/1/3 1608/1/3 1695/1/3
f 1754/2/3 1609/2/3 1608/2/3
f 1755/2/3 1575/2/3 1609/2/3
f 1755/2/3 1609/2/3 1754/2/3
f 1756/2/3 1725/2/3 1724/2/3
f 1756/2/3 1723/2/3 1722/2/3
f 1756/2/3 1724/2/3 1723/2/3
f 1756/1/3 1726/1/3 1725/1/3
f 1756/1/3 1727/1/3 1726/1/3
f 1757/1/3 1727/1/3 1756/1/3
f 1758/2/3 1728/2/3 1727/2/3
f 1758/1/3 1727/1/3 1757/1/3
f 1759/1/3 1729/1/3 1728/1/3
f 1759/2/3 1728/2/3 1758/2/3
f 1760/1/3 1731/1/3 1730/1/3
f 1760/2/3 1732/2/3 1731/2/3
f 1761/1/3 1733/1/3 1732/1/3
f 1761/2/3 1732/2/3 1760/2/3
f 1762/2/3 1740/2/3 1739/2/3
f 1762/1/3 1739/1/3 1738/1/3
f 1762/1/3 1738/1/3 1737/1/3
f 1763/1/3 1741/1/3 1740/1/3
f 1763/2/3 1740/2/3 1762/2/3
f 1764/1/3 1524/1/3 1707/1/3
f 1764/2/3 1525/2/3 1524/2/3
f 1764/2/3 1526/2/3 1525/2/3
f 1764/2/3 1527/2/3 1526/2/3
f 1765/2/3 1527/2/3 1764/2/3
f 1766/2/3 1527/2/3 1765/2/3
f 1767/1/3 1676/1/3 1527/1/3
f 1767/2/3 1527/2/3 1766/2/3
f 1768/2/3 1563/2/3 1743/2/3
f 1768/1/3 1743/1/3 1742/1/3
f 1769/2/3 1563/2/3 1768/2/3
f 1770/2/3 1563/2/3 1769/2/3
f 1771/1/3 1745/1/3 1744/1/3
f 1771/2/3 1563/2/3 1770/2/3
f 1771/1/3 1708/1/3 1563/1/3
f 1771/1/3 1744/1/3 1708/1/3
f 1772/1/3 1745/1/3 1771/1/3
f 1773/1/3 1711/1/3 1745/1/3
f 1773/1/3 1745/1/3 1772/1/3
f 1774/1/3 1746/1/3 1681/1/3
f 1774/1/3 1747/1/3 1746/1/3
f 1775/1/3 1713/1/3 1747/1/3
f 1775/1/3 1747/1/3 1774/1/3
f 1776/2/3 1714/2/3 1749/2/3
f 1776/1/3 1749/1/3 1748/1/3
f 1777/1/3 1715/1/3 1714/1/3
f 1777/2/3 1714/2/3 1776/2/3
f 1778/2/3 1630/2/3 1596/2/3
f 1778/2/3 1631/2/3 1630/2/3
f 1779/1/3 1750/1/3 1631/1/3
f 1779/2/3 1631/2/3 1778/2/3
f 1780/2/3 1545/2/3 1544/2/3
f 1780/1/3 1544/1/3 1721/1/3
f 1780/2/3 1546/2/3 1545/2/3
f 1780/2/3 1547/2/3 1546/2/3
f 1781/2/3 1547/2/3 1780/2/3
f 1782/2/3 1547/2/3 1781/2/3
f 1783/1/3 1692/1/3 1547/1/3
f 1783/2/3 1547/2/3 1782/2/3
f 1784/2/3 1575/2/3 1755/2/3
f 1784/1/3 1755/1/3 1754/1/3
f 1785/2/3 1575/2/3 1784/2/3
f 1786/2/3 1575/2/3 1785/2/3
f 1787/1/3 1722/1/3 1575/1/3
f 1787/2/3 1575/2/3 1786/2/3
f 1788/1/3 1758/1/3 1757/1/3
f 1788/1/3 1759/1/3 1758/1/3
f 1789/1/3 1729/1/3 1759/1/3
f 1789/1/3 1759/1/3 1788/1/3
f 1790/1/3 1760/1/3 1730/1/3
f 1790/1/3 1761/1/3 1760/1/3
f 1791/1/3 1733/1/3 1761/1/3
f 1791/1/3 1761/1/3 1790/1/3
f 1792/2/3 1766/2/3 1765/2/3
f 1792/1/3 1765/1/3 1764/1/3
f 1793/1/3 1767/1/3 1766/1/3
f 1793/2/3 1766/2/3 1792/2/3
f 1794/2/3 1770/2/3 1769/2/3
f 1794/1/3 1769/1/3 1768/1/3
f 1795/1/3 1772/1/3 1771/1/3
f 1795/2/3 1770/2/3 1794/2/3
f 1795/1/3 1771/1/3 1770/1/3
f 1796/1/3 1772/1/3 1795/1/3
f 1797/2/3 1773/2/3 1772/2/3
f 1797/1/3 1772/1/3 1796/1/3
f 1798/1/3 1711/1/3 1773/1/3
f 1798/2/3 1773/2/3 1797/2/3
f 1799/1/3 1652/1/3 1711/1/3
f 1799/1/3 1711/1/3 1798/1/3
f 1800/2/3 1681/2/3 1680/2/3
f 1800/2/3 1680/2/3 1652/2/3
f 1801/1/3 1774/1/3 1681/1/3
f 1801/2/3 1681/2/3 1800/2/3
f 1802/1/3 1774/1/3 1801/1/3
f 1803/2/3 1775/2/3 1774/2/3
f 1803/1/3 1774/1/3 1802/1/3
f 1804/1/3 1713/1/3 1775/1/3
f 1804/2/3 1775/2/3 1803/2/3
f 1805/1/3 1685/1/3 1713/1/3
f 1805/1/3 1713/1/3 1804/1/3
f 1806/1/3 1776/1/3 1748/1/3
f 1806/1/3 1777/1/3 1776/1/3
f 1807/1/3 1777/1/3 1806/1/3
f 1808/1/3 1715/1/3 1777/1/3
f 1808/1/3 1777/1/3 1807/1/3
f 1808/2/3 1778/2/3 1596/2/3
f 1808/1/3 1596/1/3 1715/1/3
f 1809/2/3 1778/2/3 1808/2/3
f 1810/2/3 1782/2/3 1781/2/3
f 1810/1/3 1781/1/3 1780/1/3
f 1811/1/3 1783/1/3 1782/1/3
f 1811/2/3 1782/2/3 1810/2/3
f 1812/2/3 1786/2/3 1785/2/3
f 1812/1/3 1785/1/3 1784/1/3
f 1813/1/3 1787/1/3 1786/1/3
f 1813/2/3 1786/2/3 1812/2/3
f 1814/1/3 1788/1/3 1757/1/3
f 1815/2/3 1789/2/3 1788/2/3
f 1815/1/3 1788/1/3 1814/1/3
f 1816/1/3 1729/1/3 1789/1/3
f 1816/2/3 1789/2/3 1815/2/3
f 1817/1/3 1640/1/3 1729/1/3
f 1817/1/3 1729/1/3 1816/1/3
f 1818/1/3 1730/1/3 1698/1/3
f 1818/1/3 1790/1/3 1730/1/3
f 1819/2/3 1791/2/3 1790/2/3
f 1819/1/3 1790/1/3 1818/1/3
f 1820/1/3 1733/1/3 1791/1/3
f 1820/2/3 1791/2/3 1819/2/3
f 1821/1/3 1668/1/3 1733/1/3
f 1821/1/3 1733/1/3 1820/1/3
f 1822/1/3 1763/1/3 1762/1/3
f 1822/1/3 1762/1/3 1737/1/3
f 1823/1/3 1763/1/3 1822/1/3
f 1824/1/3 1793/1/3 1792/1/3
f 1824/1/3 1792/1/3 1764/1/3
f 1825/1/3 1767/1/3 1793/1/3
f 1825/1/3 1793/1/3 1824/1/3
f 1826/1/3 1794/1/3 1768/1/3
f 1826/1/3 1796/1/3 1795/1/3
f 1826/1/3 1795/1/3 1794/1/3
f 1827/1/3 1796/1/3 1826/1/3
f 1828/1/3 1652/1/3 1799/1/3
f 1828/2/3 1800/2/3 1652/2/3
f 1829/2/3 1800/2/3 1828/2/3
f 1830/2/3 1804/2/3 1803/2/3
f 1830/2/3 1803/2/3 1802/2/3
f 1830/1/3 1685/1/3 1805/1/3
f 1830/2/3 1805/2/3 1804/2/3
f 1831/1/3 1656/1/3 1685/1/3
f 1831/1/3 1685/1/3 1830/1/3
f 1832/2/3 1807/2/3 1806/2/3
f 1832/1/3 1809/1/3 1808/1/3
f 1832/1/3 1808/1/3 1807/1/3
f 1833/1/3 1809/1/3 1832/1/3
f 1834/2/3 1778/2/3 1809/2/3
f 1834/1/3 1809/1/3 1833/1/3
f 1835/1/3 1779/1/3 1778/1/3
f 1835/2/3 1778/2/3 1834/2/3
f 1836/1/3 1810/1/3 1780/1/3
f 1836/1/3 1811/1/3 1810/1/3
f 1837/1/3 1783/1/3 1811/1/3
f 1837/1/3 1811/1/3 1836/1/3
f 1838/1/3 1812/1/3 1784/1/3
f 1838/1/3 1813/1/3 1812/1/3
f 1839/1/3 1787/1/3 1813/1/3
f 1839/1/3 1813/1/3 1838/1/3
f 1840/1/3 1698/1/3 1643/1/3
f 1840/1/3 1818/1/3 1698/1/3
f 1841/2/3 1820/2/3 1819/2/3
f 1841/1/3 1818/1/3 1840/1/3
f 1841/2/3 1819/2/3 1818/2/3
f 1841/2/3 1821/2/3 1820/2/3
f 1842/1/3 1822/1/3 1737/1/3
f 1843/2/3 1823/2/3 1822/2/3
f 1843/1/3 1822/1/3 1842/1/3
f 1844/1/3 1763/1/3 1823/1/3
f 1844/2/3 1823/2/3 1843/2/3
f 1845/1/3 1741/1/3 1763/1/3
f 1845/1/3 1763/1/3 1844/1/3
f 1846/1/3 1704/1/3 1741/1/3
f 1846/1/3 1741/1/3 1845/1/3
f 1846/2/3 1707/2/3 1706/2/3
f 1846/2/3 1706/2/3 1705/2/3
f 1846/2/3 1705/2/3 1704/2/3
f 1847/2/3 1707/2/3 1846/2/3
f 1848/1/3 1824/1/3 1764/1/3
f 1848/1/3 1764/1/3 1707/1/3
f 1849/2/3 1825/2/3 1824/2/3
f 1849/1/3 1824/1/3 1848/1/3
f 1850/1/3 1767/1/3 1825/1/3
f 1850/2/3 1825/2/3 1849/2/3
f 1851/1/3 1676/1/3 1767/1/3
f 1851/1/3 1767/1/3 1850/1/3
f 1852/1/3 1768/1/3 1742/1/3
f 1852/1/3 1826/1/3 1768/1/3
f 1853/2/3 1827/2/3 1826/2/3
f 1853/1/3 1826/1/3 1852/1/3
f 1854/1/3 1796/1/3 1827/1/3
f 1854/2/3 1827/2/3 1853/2/3
f 1855/1/3 1796/1/3 1854/1/3
f 1856/2/3 1800/2/3 1829/2/3
f 1857/1/3 1801/1/3 1800/1/3
f 1857/2/3 1800/2/3 1856/2/3
f 1857/1/3 1802/1/3 1801/1/3
f 1858/2/3 1687/2/3 1686/2/3
f 1858/2/3 1686/2/3 1656/2/3
f 1859/1/3 1806/1/3 1748/1/3
f 1859/2/3 1687/2/3 1858/2/3
f 1859/1/3 1748/1/3 1687/1/3
f 1860/1/3 1806/1/3 1859/1/3
f 1861/2/3 1832/2/3 1806/2/3
f 1861/1/3 1806/1/3 1860/1/3
f 1861/2/3 1833/2/3 1832/2/3
f 1862/1/3 1834/1/3 1833/1/3
f 1862/1/3 1835/1/3 1834/1/3
f 1863/1/3 1835/1/3 1862/1/3
f 1864/2/3 1719/2/3 1718/2/3
f 1864/2/3 1720/2/3 1719/2/3
f 1864/1/3 1718/1/3 1753/1/3
f 1864/2/3 1721/2/3 1720/2/3
f 1865/2/3 1721/2/3 1864/2/3
f 1866/1/3 1836/1/3 1780/1/3
f 1866/1/3 1780/1/3 1721/1/3
f 1867/2/3 1837/2/3 1836/2/3
f 1867/1/3 1836/1/3 1866/1/3
f 1868/1/3 1783/1/3 1837/1/3
f 1868/2/3 1837/2/3 1867/2/3
f 1869/1/3 1692/1/3 1783/1/3
f 1869/1/3 1783/1/3 1868/1/3
f 1870/1/3 1838/1/3 1784/1/3
f 1870/1/3 1784/1/3 1754/1/3
f 1871/2/3 1839/2/3 1838/2/3
f 1871/1/3 1838/1/3 1870/1/3
f 1872/1/3 1787/1/3 1839/1/3
f 1872/2/3 1839/2/3 1871/2/3
f 1873/1/3 1722/1/3 1787/1/3
f 1873/1/3 1787/1/3 1872/1/3
f 1874/2/3 1641/2/3 1640/2/3
f 1874/1/3 1640/1/3 1817/1/3
f 1874/2/3 1643/2/3 1642/2/3
f 1874/2/3 1642/2/3 1641/2/3
f 1875/2/3 1643/2/3 1874/2/3
f 1876/2/3 1643/2/3 1875/2/3
f 1877/1/3 1840/1/3 1643/1/3
f 1877/2/3 1643/2/3 1876/2/3
f 1878/1/3 1668/1/3 1821/1/3
f 1878/2/3 1700/2/3 1668/2/3
f 1878/2/3 1701/2/3 1700/2/3
f 1879/2/3 1701/2/3 1878/2/3
f 1880/2/3 1701/2/3 1879/2/3
f 1881/1/3 221/1/3 1701/1/3
f 1881/2/3 1701/2/3 1880/2/3
f 1882/2/3 1737/2/3 1736/2/3
f 1882/2/3 1736/2/3 1735/2/3
f 1882/2/3 1735/2/3 1734/2/3
f 1882/1/3 1734/1/3 180/1/3
f 1883/2/3 1737/2/3 1882/2/3
f 1884/2/3 1737/2/3 1883/2/3
f 1885/1/3 1842/1/3 1737/1/3
f 1885/2/3 1737/2/3 1884/2/3
f 1886/2/3 1845/2/3 1844/2/3
f 1886/2/3 1844/2/3 1843/2/3
f 1886/2/3 1843/2/3 1842/2/3
f 1886/1/3 1846/1/3 1845/1/3
f 1886/1/3 1847/1/3 1846/1/3
f 1887/1/3 1847/1/3 1886/1/3
f 1888/2/3 1707/2/3 1847/2/3
f 1889/1/3 1848/1/3 1707/1/3
f 1889/2/3 1707/2/3 1888/2/3
f 1890/1/3 1852/1/3 1742/1/3
f 1890/1/3 1742/1/3 1679/1/3
f 1891/2/3 1853/2/3 1852/2/3
f 1891/1/3 1852/1/3 1890/1/3
f 1891/2/3 1855/2/3 1854/2/3
f 1891/2/3 1854/2/3 1853/2/3
f 1892/2/3 1856/2/3 1829/2/3
f 1892/1/3 1829/1/3 1828/1/3
f 1893/1/3 1857/1/3 1856/1/3
f 1893/2/3 1856/2/3 1892/2/3
f 1894/1/3 1656/1/3 1831/1/3
f 1894/2/3 1858/2/3 1656/2/3
f 1895/2/3 1858/2/3 1894/2/3
f 1896/2/3 1858/2/3 1895/2/3
f 1897/1/3 1860/1/3 1859/1/3
f 1897/2/3 1858/2/3 1896/2/3
f 1897/1/3 1859/1/3 1858/1/3
f 1898/2/3 1833/2/3 1861/2/3
f 1898/1/3 1862/1/3 1833/1/3
f 1898/2/3 1861/2/3 1860/2/3
f 1899/1/3 1862/1/3 1898/1/3
f 1900/1/3 1862/1/3 1899/1/3
f 1901/2/3 1863/2/3 1862/2/3
f 1901/1/3 1862/1/3 1900/1/3
f 1902/1/3 1835/1/3 1863/1/3
f 1902/2/3 1863/2/3 1901/2/3
f 1903/1/3 1779/1/3 1835/1/3
f 1903/1/3 1835/1/3 1902/1/3
f 1904/2/3 1721/2/3 1865/2/3
f 1905/1/3 1866/1/3 1721/1/3
f 1905/2/3 1721/2/3 1904/2/3
f 1906/1/3 1754/1/3 1695/1/3
f 1906/1/3 1870/1/3 1754/1/3
f 1907/2/3 1872/2/3 1871/2/3
f 1907/1/3 1870/1/3 1906/1/3
f 1907/2/3 1871/2/3 1870/2/3
f 1907/2/3 1873/2/3 1872/2/3
f 1908/2/3 1876/2/3 1875/2/3
f 1908/1/3 1875/1/3 1874/1/3
f 1909/1/3 1877/1/3 1876/1/3
f 1909/2/3 1876/2/3 1908/2/3
f 1910/1/3 1879/1/3 1878/1/3
f 1910/2/3 1880/2/3 1879/2/3
f 1911/1/3 1881/1/3 1880/1/3
f 1911/2/3 1880/2/3 1910/2/3
f 1912/1/3 1883/1/3 1882/1/3
f 1912/2/3 1884/2/3 1883/2/3
f 1913/1/3 1885/1/3 1884/1/3
f 1913/2/3 1884/2/3 1912/2/3
f 1914/1/3 1847/1/3 1887/1/3
f 1914/2/3 1888/2/3 1847/2/3
f 1915/1/3 1889/1/3 1888/1/3
f 1915/2/3 1888/2/3 1914/2/3
f 1916/2/3 1679/2/3 1678/2/3
f 1916/2/3 1677/2/3 1676/2/3
f 1916/1/3 1676/1/3 1851/1/3
f 1916/2/3 1678/2/3 1677/2/3
f 1917/2/3 1679/2/3 1916/2/3
f 1918/2/3 1679/2/3 1917/2/3
f 1919/1/3 1890/1/3 1679/1/3
f 1919/2/3 1679/2/3 1918/2/3
f 1920/1/3 1893/1/3 1892/1/3
f 1920/1/3 1892/1/3 1828/1/3
f 1921/1/3 1857/1/3 1893/1/3
f 1921/1/3 1893/1/3 1920/1/3
f 1922/2/3 1896/2/3 1895/2/3
f 1922/1/3 1895/1/3 1894/1/3
f 1923/1/3 1897/1/3 1896/1/3
f 1923/2/3 1896/2/3 1922/2/3
f 1924/2/3 1901/2/3 1900/2/3
f 1924/2/3 1903/2/3 1902/2/3
f 1924/2/3 1902/2/3 1901/2/3
f 1924/1/3 1779/1/3 1903/1/3
f 1925/1/3 1750/1/3 1779/1/3
f 1925/1/3 1779/1/3 1924/1/3
f 1926/2/3 1753/2/3 1752/2/3
f 1926/1/3 1750/1/3 1925/1/3
f 1926/2/3 1751/2/3 1750/2/3
f 1926/2/3 1752/2/3 1751/2/3
f 1927/2/3 1753/2/3 1926/2/3
f 1928/2/3 1753/2/3 1927/2/3
f 1929/1/3 1865/1/3 1864/1/3
f 1929/2/3 1753/2/3 1928/2/3
f 1929/1/3 1864/1/3 1753/1/3
f 1930/2/3 1904/2/3 1865/2/3
f 1930/1/3 1865/1/3 1929/1/3
f 1931/1/3 1905/1/3 1904/1/3
f 1931/2/3 1904/2/3 1930/2/3
f 1932/1/3 1692/1/3 1869/1/3
f 1932/2/3 1693/2/3 1692/2/3
f 1932/2/3 1695/2/3 1694/2/3
f 1932/2/3 1694/2/3 1693/2/3
f 1933/2/3 1695/2/3 1932/2/3
f 1934/2/3 1695/2/3 1933/2/3
f 1935/1/3 1906/1/3 1695/1/3
f 1935/2/3 1695/2/3 1934/2/3
f 1936/1/3 1722/1/3 1873/1/3
f 1936/2/3 1757/2/3 1756/2/3
f 1936/2/3 1756/2/3 1722/2/3
f 1937/2/3 1757/2/3 1936/2/3
f 1938/2/3 1757/2/3 1937/2/3
f 1939/1/3 1814/1/3 1757/1/3
f 1939/2/3 1757/2/3 1938/2/3
f 1940/1/3 1910/1/3 1878/1/3
f 1940/1/3 1911/1/3 1910/1/3
f 1941/1/3 1881/1/3 1911/1/3
f 1941/1/3 1911/1/3 1940/1/3
f 1942/1/3 1912/1/3 1882/1/3
f 1942/1/3 1913/1/3 1912/1/3
f 1943/1/3 1913/1/3 1942/1/3
f 1944/1/3 1915/1/3 1914/1/3
f 1944/1/3 1914/1/3 1887/1/3
f 1945/1/3 1915/1/3 1944/1/3
f 1946/1/3 1917/1/3 1916/1/3
f 1946/2/3 1918/2/3 1917/2/3
f 1947/1/3 1919/1/3 1918/1/3
f 1947/2/3 1918/2/3 1946/2/3
f 1948/1/3 1920/1/3 1828/1/3
f 1948/1/3 1828/1/3 1799/1/3
f 1949/2/3 1921/2/3 1920/2/3
f 1949/1/3 1920/1/3 1948/1/3
f 1950/1/3 1857/1/3 1921/1/3
f 1950/2/3 1921/2/3 1949/2/3
f 1951/1/3 1802/1/3 1857/1/3
f 1951/1/3 1857/1/3 1950/1/3
f 1952/1/3 1923/1/3 1922/1/3
f 1952/1/3 1922/1/3 1894/1/3
f 1953/1/3 1897/1/3 1923/1/3
f 1953/1/3 1923/1/3 1952/1/3
f 1953/1/3 1860/1/3 1897/1/3
f 1954/1/3 1926/1/3 1925/1/3
f 1954/2/3 1928/2/3 1927/2/3
f 1954/1/3 1927/1/3 1926/1/3
f 1955/1/3 1931/1/3 1930/1/3
f 1955/2/3 1928/2/3 1954/2/3
f 1955/1/3 1930/1/3 1929/1/3
f 1955/1/3 1929/1/3 1928/1/3
f 1956/1/3 1931/1/3 1955/1/3
f 1957/1/3 1931/1/3 1956/1/3
f 1958/2/3 1934/2/3 1933/2/3
f 1958/1/3 1933/1/3 1932/1/3
f 1959/1/3 1935/1/3 1934/1/3
f 1959/2/3 1934/2/3 1958/2/3
f 1960/1/3 1937/1/3 1936/1/3
f 1960/2/3 1938/2/3 1937/2/3
f 1961/1/3 1939/1/3 1938/1/3
f 1961/2/3 1938/2/3 1960/2/3
f 1962/1/3 1814/1/3 1939/1/3
f 1962/1/3 1939/1/3 1961/1/3
f 1962/2/3 1816/2/3 1815/2/3
f 1962/2/3 1815/2/3 1814/2/3
f 1962/2/3 1817/2/3 1816/2/3
f 1963/2/3 1817/2/3 1962/2/3
f 1964/2/3 1817/2/3 1963/2/3
f 1965/1/3 1908/1/3 1874/1/3
f 1965/2/3 1817/2/3 1964/2/3
f 1965/1/3 1874/1/3 1817/1/3
f 1965/1/3 1909/1/3 1908/1/3
f 1966/1/3 1909/1/3 1965/1/3
f 1967/1/3 1877/1/3 1909/1/3
f 1967/1/3 1909/1/3 1966/1/3
f 1968/1/3 1882/1/3 180/1/3
f 1968/1/3 1942/1/3 1882/1/3
f 1969/2/3 1943/2/3 1942/2/3
f 1969/1/3 1942/1/3 1968/1/3
f 1970/1/3 1913/1/3 1943/1/3
f 1970/2/3 1943/2/3 1969/2/3
f 1971/1/3 1885/1/3 1913/1/3
f 1971/1/3 1913/1/3 1970/1/3
f 1972/1/3 1944/1/3 1887/1/3
f 1973/2/3 1945/2/3 1944/2/3
f 1973/1/3 1944/1/3 1972/1/3
f 1974/1/3 1915/1/3 1945/1/3
f 1974/2/3 1945/2/3 1973/2/3
f 1975/1/3 1889/1/3 1915/1/3
f 1975/1/3 1915/1/3 1974/1/3
f 1976/2/3 1798/2/3 1797/2/3
f 1976/2/3 1797/2/3 1796/2/3
f 1976/2/3 1799/2/3 1798/2/3
f 1977/1/3 1948/1/3 1799/1/3
f 1977/2/3 1799/2/3 1976/2/3
f 1978/1/3 1802/1/3 1951/1/3
f 1978/2/3 1951/2/3 1950/2/3
f 1978/2/3 1949/2/3 1948/2/3
f 1978/2/3 1950/2/3 1949/2/3
f 1979/1/3 1802/1/3 1978/1/3
f 1980/1/3 1952/1/3 1894/1/3
f 1980/1/3 1894/1/3 1831/1/3
f 1981/2/3 1953/2/3 1952/2/3
f 1981/1/3 1952/1/3 1980/1/3
f 1982/1/3 1860/1/3 1953/1/3
f 1982/2/3 1953/2/3 1981/2/3
f 1983/1/3 1860/1/3 1982/1/3
f 1984/1/3 1956/1/3 1955/1/3
f 1984/1/3 1954/1/3 1925/1/3
f 1984/1/3 1955/1/3 1954/1/3
f 1985/1/3 1956/1/3 1984/1/3
f 1986/1/3 1956/1/3 1985/1/3
f 1987/2/3 1957/2/3 1956/2/3
f 1987/1/3 1956/1/3 1986/1/3
f 1988/1/3 1931/1/3 1957/1/3
f 1988/2/3 1957/2/3 1987/2/3
f 1989/1/3 1905/1/3 1931/1/3
f 1989/1/3 1931/1/3 1988/1/3
f 1990/2/3 1868/2/3 1867/2/3
f 1990/1/3 1905/1/3 1989/1/3
f 1990/1/3 1866/1/3 1905/1/3
f 1990/2/3 1869/2/3 1868/2/3
f 1990/2/3 1867/2/3 1866/2/3
f 1991/2/3 1869/2/3 1990/2/3
f 1992/2/3 1869/2/3 1991/2/3
f 1993/1/3 1932/1/3 1869/1/3
f 1993/2/3 1869/2/3 1992/2/3
f 1993/1/3 1958/1/3 1932/1/3
f 1993/1/3 1959/1/3 1958/1/3
f 1994/1/3 1961/1/3 1960/1/3
f 1994/1/3 1963/1/3 1962/1/3
f 1994/1/3 1962/1/3 1961/1/3
f 1994/1/3 1960/1/3 1936/1/3
f 1995/1/3 1963/1/3 1994/1/3
f 1996/1/3 1963/1/3 1995/1/3
f 1997/2/3 1964/2/3 1963/2/3
f 1997/1/3 1963/1/3 1996/1/3
f 1998/1/3 1966/1/3 1965/1/3
f 1998/2/3 1964/2/3 1997/2/3
f 1998/1/3 1965/1/3 1964/1/3
f 1999/1/3 1966/1/3 1998/1/3
f 2000/1/3 1940/1/3 1878/1/3
f 2000/2/3 1941/2/3 1940/2/3
f 2001/1/3 1881/1/3 1941/1/3
f 2001/2/3 1941/2/3 2000/2/3
f 2002/2/3 1970/2/3 1969/2/3
f 2002/1/3 1885/1/3 1971/1/3
f 2002/2/3 1969/2/3 1968/2/3
f 2002/2/3 1971/2/3 1970/2/3
f 2003/1/3 1842/1/3 1885/1/3
f 2003/1/3 1885/1/3 2002/1/3
f 2004/2/3 1973/2/3 1972/2/3
f 2004/2/3 1974/2/3 1973/2/3
f 2004/2/3 1975/2/3 1974/2/3
f 2004/1/3 1972/1/3 1887/1/3
f 2005/2/3 1975/2/3 2004/2/3
f 2006/1/3 1889/1/3 1975/1/3
f 2006/2/3 1849/2/3 1848/2/3
f 2006/2/3 1850/2/3 1849/2/3
f 2006/1/3 1848/1/3 1889/1/3
f 2006/2/3 1851/2/3 1850/2/3
f 2007/2/3 1851/2/3 2006/2/3
f 2008/2/3 1851/2/3 2007/2/3
f 2009/1/3 1916/1/3 1851/1/3
f 2009/2/3 1851/2/3 2008/2/3
f 2009/1/3 1947/1/3 1946/1/3
f 2009/1/3 1946/1/3 1916/1/3
f 2010/1/3 1947/1/3 2009/1/3
f 2011/1/3 1919/1/3 1947/1/3
f 2011/1/3 1947/1/3 2010/1/3
f 2012/1/3 1796/1/3 1855/1/3
f 2012/2/3 1976/2/3 1796/2/3
f 2013/2/3 1976/2/3 2012/2/3
f 2014/2/3 1976/2/3 2013/2/3
f 2015/1/3 1977/1/3 1976/1/3
f 2015/2/3 1976/2/3 2014/2/3
f 2016/1/3 1802/1/3 1979/1/3
f 2016/2/3 1830/2/3 1802/2/3
f 2016/2/3 1831/2/3 1830/2/3
f 2017/2/3 1831/2/3 2016/2/3
f 2018/2/3 1831/2/3 2017/2/3
f 2019/1/3 1980/1/3 1831/1/3
f 2019/2/3 1831/2/3 2018/2/3
f 2020/2/3 1924/2/3 1900/2/3
f 2020/2/3 1925/2/3 1924/2/3
f 2021/1/3 1984/1/3 1925/1/3
f 2021/2/3 1925/2/3 2020/2/3
f 2022/1/3 1984/1/3 2021/1/3
f 2023/2/3 1985/2/3 1984/2/3
f 2023/1/3 1984/1/3 2022/1/3
f 2024/1/3 1986/1/3 1985/1/3
f 2024/2/3 1985/2/3 2023/2/3
f 2025/1/3 1986/1/3 2024/1/3
f 2026/2/3 1989/2/3 1988/2/3
f 2026/1/3 1986/1/3 2025/1/3
f 2026/2/3 1988/2/3 1987/2/3
f 2026/2/3 1987/2/3 1986/2/3
f 2027/2/3 1989/2/3 2026/2/3
f 2028/2/3 1989/2/3 2027/2/3
f 2029/1/3 1991/1/3 1990/1/3
f 2029/2/3 1989/2/3 2028/2/3
f 2029/1/3 1990/1/3 1989/1/3
f 2030/2/3 1992/2/3 1991/2/3
f 2030/1/3 1991/1/3 2029/1/3
f 2031/1/3 1993/1/3 1992/1/3
f 2031/2/3 1992/2/3 2030/2/3
f 2032/1/3 1959/1/3 1993/1/3
f 2032/1/3 1993/1/3 2031/1/3
f 2033/1/3 1935/1/3 1959/1/3
f 2033/1/3 1959/1/3 2032/1/3
f 2034/1/3 1966/1/3 1999/1/3
f 2035/2/3 1967/2/3 1966/2/3
f 2035/1/3 1966/1/3 2034/1/3
f 2036/1/3 1877/1/3 1967/1/3
f 2036/2/3 1967/2/3 2035/2/3
f 2037/1/3 1840/1/3 1877/1/3
f 2037/1/3 1877/1/3 2036/1/3
f 2038/1/3 2000/1/3 1878/1/3
f 2038/1/3 2001/1/3 2000/1/3
f 2039/1/3 2001/1/3 2038/1/3
f 2040/2/3 2002/2/3 1968/2/3
f 2040/2/3 2003/2/3 2002/2/3
f 2040/1/3 1968/1/3 180/1/3
f 2041/2/3 2003/2/3 2040/2/3
f 2042/2/3 2003/2/3 2041/2/3
f 2043/1/3 1842/1/3 2003/1/3
f 2043/2/3 2003/2/3 2042/2/3
f 2044/2/3 1975/2/3 2005/2/3
f 2044/1/3 2005/1/3 2004/1/3
f 2045/1/3 2007/1/3 2006/1/3
f 2045/2/3 1975/2/3 2044/2/3
f 2045/1/3 2006/1/3 1975/1/3
f 2046/1/3 2007/1/3 2045/1/3
f 2047/2/3 2008/2/3 2007/2/3
f 2047/1/3 2007/1/3 2046/1/3
f 2048/1/3 2010/1/3 2009/1/3
f 2048/2/3 2008/2/3 2047/2/3
f 2048/1/3 2009/1/3 2008/1/3
f 2049/1/3 2010/1/3 2048/1/3
f 2050/2/3 2014/2/3 2013/2/3
f 2050/1/3 2013/1/3 2012/1/3
f 2051/1/3 2015/1/3 2014/1/3
f 2051/2/3 2014/2/3 2050/2/3
f 2052/2/3 2018/2/3 2017/2/3
f 2052/1/3 2017/1/3 2016/1/3
f 2053/1/3 2019/1/3 2018/1/3
f 2053/2/3 2018/2/3 2052/2/3
f 2054/1/3 1860/1/3 1983/1/3
f 2054/2/3 1898/2/3 1860/2/3
f 2054/2/3 1899/2/3 1898/2/3
f 2055/2/3 1899/2/3 2054/2/3
f 2056/2/3 1899/2/3 2055/2/3
f 2057/1/3 1900/1/3 1899/1/3
f 2057/2/3 1899/2/3 2056/2/3
f 2058/2/3 2020/2/3 1900/2/3
f 2058/1/3 1900/1/3 2057/1/3
f 2059/2/3 2020/2/3 2058/2/3
f 2060/2/3 2020/2/3 2059/2/3
f 2061/1/3 2021/1/3 2020/1/3
f 2061/2/3 2020/2/3 2060/2/3
f 2061/1/3 2022/1/3 2021/1/3
f 2062/2/3 2025/2/3 2024/2/3
f 2062/2/3 2024/2/3 2023/2/3
f 2062/2/3 2023/2/3 2022/2/3
f 2063/1/3 2027/1/3 2026/1/3
f 2063/2/3 2025/2/3 2062/2/3
f 2063/1/3 2026/1/3 2025/1/3
f 2064/2/3 2028/2/3 2027/2/3
f 2064/1/3 2027/1/3 2063/1/3
f 2065/1/3 2031/1/3 2030/1/3
f 2065/2/3 2028/2/3 2064/2/3
f 2065/1/3 2030/1/3 2029/1/3
f 2065/1/3 2029/1/3 2028/1/3
f 2065/1/3 2032/1/3 2031/1/3
f 2066/1/3 2032/1/3 2065/1/3
f 2067/1/3 2032/1/3 2066/1/3
f 2068/1/3 1994/1/3 1936/1/3
f 2068/2/3 1995/2/3 1994/2/3
f 2069/1/3 1996/1/3 1995/1/3
f 2069/2/3 1995/2/3 2068/2/3
f 2070/1/3 1878/1/3 1821/1/3
f 2070/1/3 2038/1/3 1878/1/3
f 2071/2/3 2039/2/3 2038/2/3
f 2071/1/3 2038/1/3 2070/1/3
f 2072/1/3 2001/1/3 2039/1/3
f 2072/2/3 2039/2/3 2071/2/3
f 2073/1/3 1881/1/3 2001/1/3
f 2073/1/3 2001/1/3 2072/1/3
f 2074/2/3 2042/2/3 2041/2/3
f 2074/1/3 2041/1/3 2040/1/3
f 2075/1/3 2043/1/3 2042/1/3
f 2075/2/3 2042/2/3 2074/2/3
f 2076/1/3 2046/1/3 2045/1/3
f 2076/1/3 2044/1/3 2004/1/3
f 2076/1/3 2045/1/3 2044/1/3
f 2077/1/3 2046/1/3 2076/1/3
f 2078/1/3 2010/1/3 2049/1/3
f 2079/2/3 2011/2/3 2010/2/3
f 2079/1/3 2010/1/3 2078/1/3
f 2080/1/3 1919/1/3 2011/1/3
f 2080/2/3 2011/2/3 2079/2/3
f 2081/1/3 1890/1/3 1919/1/3
f 2081/1/3 1919/1/3 2080/1/3
f 2082/1/3 2053/1/3 2052/1/3
f 2082/1/3 2052/1/3 2016/1/3
f 2083/1/3 2053/1/3 2082/1/3
f 2084/2/3 2056/2/3 2055/2/3
f 2084/1/3 2055/1/3 2054/1/3
f 2085/1/3 2059/1/3 2058/1/3
f 2085/2/3 2056/2/3 2084/2/3
f 2085/1/3 2058/1/3 2057/1/3
f 2085/1/3 2057/1/3 2056/1/3
f 2086/2/3 2060/2/3 2059/2/3
f 2086/1/3 2059/1/3 2085/1/3
f 2087/1/3 2061/1/3 2060/1/3
f 2087/2/3 2060/2/3 2086/2/3
f 2088/1/3 2022/1/3 2061/1/3
f 2088/1/3 2061/1/3 2087/1/3
f 2089/2/3 2062/2/3 2022/2/3
f 2089/1/3 2022/1/3 2088/1/3
f 2090/1/3 2064/1/3 2063/1/3
f 2090/1/3 2063/1/3 2062/1/3
f 2090/1/3 2066/1/3 2065/1/3
f 2090/1/3 2065/1/3 2064/1/3
f 2091/1/3 2066/1/3 2090/1/3
f 2092/1/3 2066/1/3 2091/1/3
f 2093/2/3 2067/2/3 2066/2/3
f 2093/1/3 2066/1/3 2092/1/3
f 2094/1/3 2032/1/3 2067/1/3
f 2094/2/3 2067/2/3 2093/2/3
f 2095/1/3 2032/1/3 2094/1/3
f 2096/1/3 2032/1/3 2095/1/3
f 2097/2/3 2033/2/3 2032/2/3
f 2097/1/3 2032/1/3 2096/1/3
f 2098/1/3 1935/1/3 2033/1/3
f 2098/2/3 2033/2/3 2097/2/3
f 2099/1/3 1906/1/3 1935/1/3
f 2099/1/3 1935/1/3 2098/1/3
f 2100/1/3 2068/1/3 1936/1/3
f 2100/1/3 2069/1/3 2068/1/3
f 2101/1/3 2069/1/3 2100/1/3
f 2102/1/3 1840/1/3 2037/1/3
f 2102/2/3 1841/2/3 1840/2/3
f 2103/2/3 1821/2/3 1841/2/3
f 2103/2/3 1841/2/3 2102/2/3
f 2104/2/3 2071/2/3 2070/2/3
f 2104/1/3 1881/1/3 2073/1/3
f 2104/2/3 2072/2/3 2071/2/3
f 2104/2/3 2073/2/3 2072/2/3
f 2105/1/3 221/1/3 1881/1/3
f 2105/1/3 1881/1/3 2104/1/3
f 2106/1/3 2074/1/3 2040/1/3
f 2106/1/3 2075/1/3 2074/1/3
f 2107/1/3 2043/1/3 2075/1/3
f 2107/1/3 2075/1/3 2106/1/3
f 2108/1/3 2004/1/3 1887/1/3
f 2108/1/3 2076/1/3 2004/1/3
f 2109/2/3 2077/2/3 2076/2/3
f 2109/1/3 2076/1/3 2108/1/3
f 2110/1/3 2046/1/3 2077/1/3
f 2110/2/3 2077/2/3 2109/2/3
f 2111/1/3 2046/1/3 2110/1/3
f 2112/1/3 2050/1/3 2012/1/3
f 2112/1/3 2051/1/3 2050/1/3
f 2113/1/3 1977/1/3 2015/1/3
f 2113/1/3 2051/1/3 2112/1/3
f 2113/1/3 2015/1/3 2051/1/3
f 2114/1/3 2082/1/3 2016/1/3
f 2114/1/3 2016/1/3 1979/1/3
f 2115/2/3 2083/2/3 2082/2/3
f 2115/1/3 2082/1/3 2114/1/3
f 2116/1/3 2053/1/3 2083/1/3
f 2116/2/3 2083/2/3 2115/2/3
f 2117/1/3 2019/1/3 2053/1/3
f 2117/1/3 2053/1/3 2116/1/3
f 2118/1/3 2087/1/3 2086/1/3
f 2118/1/3 2086/1/3 2085/1/3
f 2118/1/3 2085/1/3 2084/1/3
f 2118/1/3 2084/1/3 2054/1/3
f 2118/1/3 2088/1/3 2087/1/3
f 2119/1/3 2088/1/3 2118/1/3
f 2120/1/3 2088/1/3 2119/1/3
f 2121/1/3 2088/1/3 2120/1/3
f 2122/1/3 2090/1/3 2062/1/3
f 2123/2/3 2091/2/3 2090/2/3
f 2123/1/3 2090/1/3 2122/1/3
f 2124/1/3 2092/1/3 2091/1/3
f 2124/2/3 2091/2/3 2123/2/3
f 2125/1/3 2092/1/3 2124/1/3
f 2126/1/3 2100/1/3 1936/1/3
f 2126/1/3 1936/1/3 1873/1/3
f 2127/2/3 2101/2/3 2100/2/3
f 2127/1/3 2100/1/3 2126/1/3
f 2128/1/3 2069/1/3 2101/1/3
f 2128/2/3 2101/2/3 2127/2/3
f 2129/1/3 1996/1/3 2069/1/3
f 2129/1/3 2069/1/3 2128/1/3
f 2130/2/3 1997/2/3 1996/2/3
f 2130/1/3 1996/1/3 2129/1/3
f 2130/2/3 1998/2/3 1997/2/3
f 2130/2/3 1999/2/3 1998/2/3
f 2131/2/3 1999/2/3 2130/2/3
f 2132/2/3 1999/2/3 2131/2/3
f 2133/1/3 2034/1/3 1999/1/3
f 2133/2/3 1999/2/3 2132/2/3
f 2134/2/3 1821/2/3 2103/2/3
f 2134/1/3 2103/1/3 2102/1/3
f 2135/2/3 1821/2/3 2134/2/3
f 2136/2/3 1821/2/3 2135/2/3
f 2137/1/3 2070/1/3 1821/1/3
f 2137/2/3 1821/2/3 2136/2/3
f 2138/1/3 2106/1/3 2040/1/3
f 2138/1/3 2040/1/3 180/1/3
f 2139/2/3 2107/2/3 2106/2/3
f 2139/1/3 2106/1/3 2138/1/3
f 2140/1/3 2043/1/3 2107/1/3
f 2140/2/3 2107/2/3 2139/2/3
f 2141/1/3 1842/1/3 2043/1/3
f 2141/1/3 2043/1/3 2140/1/3
f 2142/2/3 1886/2/3 1842/2/3
f 2142/1/3 1842/1/3 2141/1/3
f 2142/2/3 1887/2/3 1886/2/3
f 2143/2/3 1887/2/3 2142/2/3
f 2144/2/3 1887/2/3 2143/2/3
f 2145/1/3 2108/1/3 1887/1/3
f 2145/2/3 1887/2/3 2144/2/3
f 2146/2/3 1891/2/3 1890/2/3
f 2146/1/3 1890/1/3 2081/1/3
f 2147/2/3 1855/2/3 1891/2/3
f 2147/2/3 1891/2/3 2146/2/3
f 2148/1/3 2112/1/3 2012/1/3
f 2148/1/3 2012/1/3 1855/1/3
f 2149/2/3 2113/2/3 2112/2/3
f 2149/1/3 2112/1/3 2148/1/3
f 2150/1/3 1977/1/3 2113/1/3
f 2150/2/3 2113/2/3 2149/2/3
f 2151/1/3 1948/1/3 1977/1/3
f 2151/1/3 1977/1/3 2150/1/3
f 2152/2/3 1979/2/3 1978/2/3
f 2152/2/3 1978/2/3 1948/2/3
f 2153/1/3 2114/1/3 1979/1/3
f 2153/2/3 1979/2/3 2152/2/3
f 2154/2/3 2116/2/3 2115/2/3
f 2154/1/3 2019/1/3 2117/1/3
f 2154/2/3 2117/2/3 2116/2/3
f 2154/2/3 2115/2/3 2114/2/3
f 2155/1/3 1980/1/3 2019/1/3
f 2155/1/3 2019/1/3 2154/1/3
f 2156/1/3 2054/1/3 1983/1/3
f 2156/1/3 2118/1/3 2054/1/3
f 2157/2/3 2119/2/3 2118/2/3
f 2157/1/3 2118/1/3 2156/1/3
f 2158/1/3 2120/1/3 2119/1/3
f 2158/2/3 2119/2/3 2157/2/3
f 2159/1/3 2120/1/3 2158/1/3
f 2160/1/3 2120/1/3 2159/1/3
f 2161/2/3 2121/2/3 2120/2/3
f 2161/1/3 2120/1/3 2160/1/3
f 2162/1/3 2088/1/3 2121/1/3
f 2162/2/3 2121/2/3 2161/2/3
f 2163/1/3 2088/1/3 2162/1/3
f 2164/2/3 2089/2/3 2088/2/3
f 2164/1/3 2088/1/3 2163/1/3
f 2165/2/3 2062/2/3 2089/2/3
f 2165/2/3 2089/2/3 2164/2/3
f 2166/2/3 2062/2/3 2165/2/3
f 2167/1/3 2122/1/3 2062/1/3
f 2167/2/3 2062/2/3 2166/2/3
f 2168/2/3 1907/2/3 1906/2/3
f 2168/1/3 1906/1/3 2099/1/3
f 2169/2/3 1873/2/3 1907/2/3
f 2169/2/3 1907/2/3 2168/2/3
f 2170/2/3 2129/2/3 2128/2/3
f 2170/2/3 2127/2/3 2126/2/3
f 2170/2/3 2128/2/3 2127/2/3
f 2170/1/3 2130/1/3 2129/1/3
f 2170/1/3 2131/1/3 2130/1/3
f 2171/1/3 2131/1/3 2170/1/3
f 2172/2/3 2132/2/3 2131/2/3
f 2172/1/3 2131/1/3 2171/1/3
f 2173/1/3 2133/1/3 2132/1/3
f 2173/2/3 2132/2/3 2172/2/3
f 2174/2/3 2136/2/3 2135/2/3
f 2174/1/3 2135/1/3 2134/1/3
f 2175/1/3 2137/1/3 2136/1/3
f 2175/2/3 2136/2/3 2174/2/3
f 2176/1/3 2143/1/3 2142/1/3
f 2176/1/3 2142/1/3 2141/1/3
f 2176/2/3 2144/2/3 2143/2/3
f 2177/1/3 2145/1/3 2144/1/3
f 2177/2/3 2144/2/3 2176/2/3
f 2178/1/3 2046/1/3 2111/1/3
f 2178/2/3 2047/2/3 2046/2/3
f 2178/2/3 2048/2/3 2047/2/3
f 2178/2/3 2049/2/3 2048/2/3
f 2179/2/3 2049/2/3 2178/2/3
f 2180/2/3 2049/2/3 2179/2/3
f 2181/1/3 2078/1/3 2049/1/3
f 2181/2/3 2049/2/3 2180/2/3
f 2182/2/3 1855/2/3 2147/2/3
f 2182/1/3 2147/1/3 2146/1/3
f 2183/2/3 1855/2/3 2182/2/3
f 2184/2/3 1855/2/3 2183/2/3
f 2185/1/3 2148/1/3 1855/1/3
f 2185/2/3 1855/2/3 2184/2/3
f 2186/1/3 1948/1/3 2151/1/3
f 2186/2/3 2152/2/3 1948/2/3
f 2187/2/3 2152/2/3 2186/2/3
f 2188/2/3 2152/2/3 2187/2/3
f 2189/1/3 2153/1/3 2152/1/3
f 2189/2/3 2152/2/3 2188/2/3
f 2190/2/3 1983/2/3 1982/2/3
f 2190/2/3 1982/2/3 1981/2/3
f 2190/2/3 1981/2/3 1980/2/3
f 2190/1/3 1980/1/3 2155/1/3
f 2191/2/3 1983/2/3 2190/2/3
f 2192/2/3 1983/2/3 2191/2/3
f 2193/1/3 2156/1/3 1983/1/3
f 2193/2/3 1983/2/3 2192/2/3
f 2194/1/3 2164/1/3 2163/1/3
f 2194/1/3 2165/1/3 2164/1/3
f 2194/2/3 2166/2/3 2165/2/3
f 2195/1/3 2167/1/3 2166/1/3
f 2195/2/3 2166/2/3 2194/2/3
f 2196/2/3 2094/2/3 2093/2/3
f 2196/1/3 2092/1/3 2125/1/3
f 2196/2/3 2093/2/3 2092/2/3
f 2196/2/3 2095/2/3 2094/2/3
f 2197/2/3 2095/2/3 2196/2/3
f 2198/2/3 2095/2/3 2197/2/3
f 2199/1/3 2096/1/3 2095/1/3
f 2199/2/3 2095/2/3 2198/2/3
f 2200/2/3 1873/2/3 2169/2/3
f 2200/1/3 2169/1/3 2168/1/3
f 2201/2/3 1873/2/3 2200/2/3
f 2202/2/3 1873/2/3 2201/2/3
f 2203/1/3 2126/1/3 1873/1/3
f 2203/2/3 1873/2/3 2202/2/3
f 2204/1/3 2172/1/3 2171/1/3
f 2204/1/3 2173/1/3 2172/1/3
f 2205/1/3 2133/1/3 2173/1/3
f 2205/1/3 2173/1/3 2204/1/3
f 2206/1/3 2175/1/3 2174/1/3
f 2206/1/3 2174/1/3 2134/1/3
f 2207/1/3 2137/1/3 2175/1/3
f 2207/1/3 2175/1/3 2206/1/3
f 2208/2/3 2180/2/3 2179/2/3
f 2208/1/3 2179/1/3 2178/1/3
f 2209/1/3 2181/1/3 2180/1/3
f 2209/2/3 2180/2/3 2208/2/3
f 2210/1/3 2183/1/3 2182/1/3
f 2210/2/3 2184/2/3 2183/2/3
f 2211/1/3 2185/1/3 2184/1/3
f 2211/2/3 2184/2/3 2210/2/3
f 2212/2/3 2188/2/3 2187/2/3
f 2212/1/3 2187/1/3 2186/1/3
f 2213/1/3 2189/1/3 2188/1/3
f 2213/2/3 2188/2/3 2212/2/3
f 2214/1/3 2191/1/3 2190/1/3
f 2214/2/3 2192/2/3 2191/2/3
f 2215/1/3 2193/1/3 2192/1/3
f 2215/2/3 2192/2/3 2214/2/3
f 2216/2/3 2198/2/3 2197/2/3
f 2216/1/3 2197/1/3 2196/1/3
f 2217/1/3 2199/1/3 2198/1/3
f 2217/2/3 2198/2/3 2216/2/3
f 2218/2/3 2202/2/3 2201/2/3
f 2218/1/3 2201/1/3 2200/1/3
f 2219/1/3 2203/1/3 2202/1/3
f 2219/2/3 2202/2/3 2218/2/3
f 2220/1/3 2204/1/3 2171/1/3
f 2221/2/3 2205/2/3 2204/2/3
f 2221/1/3 2204/1/3 2220/1/3
f 2222/1/3 2133/1/3 2205/1/3
f 2222/2/3 2205/2/3 2221/2/3
f 2223/1/3 2034/1/3 2133/1/3
f 2223/1/3 2133/1/3 2222/1/3
f 2224/1/3 2206/1/3 2134/1/3
f 2224/1/3 2134/1/3 2102/1/3
f 2225/2/3 2207/2/3 2206/2/3
f 2225/1/3 2206/1/3 2224/1/3
f 2226/1/3 2137/1/3 2207/1/3
f 2226/2/3 2207/2/3 2225/2/3
f 2227/1/3 2070/1/3 2137/1/3
f 2227/1/3 2137/1/3 2226/1/3
f 2228/1/3 2177/1/3 2176/1/3
f 2228/1/3 2176/1/3 2141/1/3
f 2229/1/3 2177/1/3 2228/1/3
f 2230/1/3 2208/1/3 2178/1/3
f 2230/1/3 2209/1/3 2208/1/3
f 2231/1/3 2181/1/3 2209/1/3
f 2231/1/3 2209/1/3 2230/1/3
f 2232/1/3 2211/1/3 2210/1/3
f 2232/1/3 2210/1/3 2182/1/3
f 2233/1/3 2185/1/3 2211/1/3
f 2233/1/3 2211/1/3 2232/1/3
f 2234/1/3 2214/1/3 2190/1/3
f 2234/1/3 2215/1/3 2214/1/3
f 2235/1/3 2193/1/3 2215/1/3
f 2235/1/3 2215/1/3 2234/1/3
f 2236/1/3 2195/1/3 2194/1/3
f 2236/1/3 2194/1/3 2163/1/3
f 2237/1/3 2195/1/3 2236/1/3
f 2238/1/3 2216/1/3 2196/1/3
f 2238/1/3 2217/1/3 2216/1/3
f 2239/1/3 2199/1/3 2217/1/3
f 2239/1/3 2217/1/3 2238/1/3
f 2240/1/3 2218/1/3 2200/1/3
f 2240/1/3 2219/1/3 2218/1/3
f 2241/1/3 2203/1/3 2219/1/3
f 2241/1/3 2219/1/3 2240/1/3
f 2242/1/3 2102/1/3 2037/1/3
f 2242/1/3 2224/1/3 2102/1/3
f 2243/2/3 2226/2/3 2225/2/3
f 2243/1/3 2224/1/3 2242/1/3
f 2243/2/3 2227/2/3 2226/2/3
f 2243/2/3 2225/2/3 2224/2/3
f 2244/1/3 2228/1/3 2141/1/3
f 2245/2/3 2229/2/3 2228/2/3
f 2245/1/3 2228/1/3 2244/1/3
f 2246/1/3 2177/1/3 2229/1/3
f 2246/2/3 2229/2/3 2245/2/3
f 2247/1/3 2145/1/3 2177/1/3
f 2247/1/3 2177/1/3 2246/1/3
f 2248/1/3 2108/1/3 2145/1/3
f 2248/1/3 2145/1/3 2247/1/3
f 2248/2/3 2109/2/3 2108/2/3
f 2248/2/3 2110/2/3 2109/2/3
f 2248/2/3 2111/2/3 2110/2/3
f 2249/2/3 2111/2/3 2248/2/3
f 2250/1/3 2230/1/3 2178/1/3
f 2250/1/3 2178/1/3 2111/1/3
f 2251/2/3 2231/2/3 2230/2/3
f 2251/1/3 2230/1/3 2250/1/3
f 2252/1/3 2181/1/3 2231/1/3
f 2252/2/3 2231/2/3 2251/2/3
f 2253/1/3 2078/1/3 2181/1/3
f 2253/1/3 2181/1/3 2252/1/3
f 2254/1/3 2232/1/3 2182/1/3
f 2254/1/3 2182/1/3 2146/1/3
f 2255/2/3 2233/2/3 2232/2/3
f 2255/1/3 2232/1/3 2254/1/3
f 2256/1/3 2185/1/3 2233/1/3
f 2256/2/3 2233/2/3 2255/2/3
f 2257/1/3 2148/1/3 2185/1/3
f 2257/1/3 2185/1/3 2256/1/3
f 2258/1/3 2212/1/3 2186/1/3
f 2258/1/3 2213/1/3 2212/1/3
f 2259/1/3 2189/1/3 2213/1/3
f 2259/1/3 2213/1/3 2258/1/3
f 2260/1/3 2190/1/3 2155/1/3
f 2260/1/3 2234/1/3 2190/1/3
f 2261/2/3 2235/2/3 2234/2/3
f 2261/1/3 2234/1/3 2260/1/3
f 2262/1/3 2193/1/3 2235/1/3
f 2262/2/3 2235/2/3 2261/2/3
f 2263/1/3 2156/1/3 2193/1/3
f 2263/1/3 2193/1/3 2262/1/3
f 2264/2/3 2158/2/3 2157/2/3
f 2264/1/3 2156/1/3 2263/1/3
f 2264/2/3 2157/2/3 2156/2/3
f 2264/2/3 2159/2/3 2158/2/3
f 2265/2/3 2159/2/3 2264/2/3
f 2266/2/3 2159/2/3 2265/2/3
f 2267/1/3 2160/1/3 2159/1/3
f 2267/2/3 2159/2/3 2266/2/3
f 2268/1/3 2236/1/3 2163/1/3
f 2269/2/3 2237/2/3 2236/2/3
f 2269/1/3 2236/1/3 2268/1/3
f 2270/1/3 2195/1/3 2237/1/3
f 2270/2/3 2237/2/3 2269/2/3
f 2271/1/3 2167/1/3 2195/1/3
f 2271/1/3 2195/1/3 2270/1/3
f 2272/1/3 2122/1/3 2167/1/3
f 2272/1/3 2167/1/3 2271/1/3
f 2272/2/3 2124/2/3 2123/2/3
f 2272/2/3 2123/2/3 2122/2/3
f 2272/2/3 2125/2/3 2124/2/3
f 2273/2/3 2125/2/3 2272/2/3
f 2274/1/3 2238/1/3 2196/1/3
f 2274/1/3 2196/1/3 2125/1/3
f 2275/2/3 2239/2/3 2238/2/3
f 2275/1/3 2238/1/3 2274/1/3
f 2276/1/3 2199/1/3 2239/1/3
f 2276/2/3 2239/2/3 2275/2/3
f 2277/1/3 2096/1/3 2199/1/3
f 2277/1/3 2199/1/3 2276/1/3
f 2278/1/3 2240/1/3 2200/1/3
f 2278/1/3 2200/1/3 2168/1/3
f 2279/2/3 2241/2/3 2240/2/3
f 2279/1/3 2240/1/3 2278/1/3
f 2280/1/3 2203/1/3 2241/1/3
f 2280/2/3 2241/2/3 2279/2/3
f 2281/1/3 2126/1/3 2203/1/3
f 2281/1/3 2203/1/3 2280/1/3
f 2282/1/3 2034/1/3 2223/1/3
f 2282/2/3 2037/2/3 2036/2/3
f 2282/2/3 2036/2/3 2035/2/3
f 2282/2/3 2035/2/3 2034/2/3
f 2283/2/3 2037/2/3 2282/2/3
f 2284/2/3 2037/2/3 2283/2/3
f 2285/1/3 2242/1/3 2037/1/3
f 2285/2/3 2037/2/3 2284/2/3
f 2286/2/3 2104/2/3 2070/2/3
f 2286/1/3 2070/1/3 2227/1/3
f 2286/2/3 2105/2/3 2104/2/3
f 2287/2/3 2105/2/3 2286/2/3
f 2288/2/3 2105/2/3 2287/2/3
f 2289/1/3 221/1/3 2105/1/3
f 2289/2/3 2105/2/3 2288/2/3
f 2290/2/3 2140/2/3 2139/2/3
f 2290/2/3 2141/2/3 2140/2/3
f 2290/2/3 2139/2/3 2138/2/3
f 2290/1/3 2138/1/3 180/1/3
f 2291/2/3 2141/2/3 2290/2/3
f 2292/2/3 2141/2/3 2291/2/3
f 2293/1/3 2244/1/3 2141/1/3
f 2293/2/3 2141/2/3 2292/2/3
f 2294/2/3 2246/2/3 2245/2/3
f 2294/2/3 2247/2/3 2246/2/3
f 2294/2/3 2245/2/3 2244/2/3
f 2294/1/3 2248/1/3 2247/1/3
f 2294/1/3 2249/1/3 2248/1/3
f 2295/1/3 2249/1/3 2294/1/3
f 2296/2/3 2111/2/3 2249/2/3
f 2297/1/3 2250/1/3 2111/1/3
f 2297/2/3 2111/2/3 2296/2/3
f 2298/1/3 2146/1/3 2081/1/3
f 2298/1/3 2254/1/3 2146/1/3
f 2299/2/3 2255/2/3 2254/2/3
f 2299/1/3 2254/1/3 2298/1/3
f 2299/2/3 2256/2/3 2255/2/3
f 2299/2/3 2257/2/3 2256/2/3
f 2300/1/3 2258/1/3 2186/1/3
f 2300/1/3 2186/1/3 2151/1/3
f 2301/2/3 2259/2/3 2258/2/3
f 2301/1/3 2258/1/3 2300/1/3
f 2302/1/3 2189/1/3 2259/1/3
f 2302/2/3 2259/2/3 2301/2/3
f 2303/1/3 2153/1/3 2189/1/3
f 2303/1/3 2189/1/3 2302/1/3
f 2304/1/3 2265/1/3 2264/1/3
f 2304/2/3 2266/2/3 2265/2/3
f 2304/1/3 2264/1/3 2263/1/3
f 2305/1/3 2267/1/3 2266/1/3
f 2305/2/3 2266/2/3 2304/2/3
f 2306/1/3 2160/1/3 2267/1/3
f 2306/1/3 2267/1/3 2305/1/3
f 2306/2/3 2163/2/3 2162/2/3
f 2306/2/3 2161/2/3 2160/2/3
f 2306/2/3 2162/2/3 2161/2/3
f 2307/2/3 2163/2/3 2306/2/3
f 2308/2/3 2163/2/3 2307/2/3
f 2309/1/3 2268/1/3 2163/1/3
f 2309/2/3 2163/2/3 2308/2/3
f 2310/2/3 2270/2/3 2269/2/3
f 2310/2/3 2269/2/3 2268/2/3
f 2310/1/3 2272/1/3 2271/1/3
f 2310/2/3 2271/2/3 2270/2/3
f 2310/1/3 2273/1/3 2272/1/3
f 2311/1/3 2273/1/3 2310/1/3
f 2312/2/3 2125/2/3 2273/2/3
f 2313/1/3 2274/1/3 2125/1/3
f 2313/2/3 2125/2/3 2312/2/3
f 2314/1/3 2168/1/3 2099/1/3
f 2314/1/3 2278/1/3 2168/1/3
f 2315/2/3 2280/2/3 2279/2/3
f 2315/1/3 2278/1/3 2314/1/3
f 2315/2/3 2281/2/3 2280/2/3
f 2315/2/3 2279/2/3 2278/2/3
f 2316/2/3 2284/2/3 2283/2/3
f 2316/1/3 2283/1/3 2282/1/3
f 2317/1/3 2285/1/3 2284/1/3
f 2317/2/3 2284/2/3 2316/2/3
f 2318/2/3 2288/2/3 2287/2/3
f 2318/1/3 2287/1/3 2286/1/3
f 2319/1/3 2289/1/3 2288/1/3
f 2319/2/3 2288/2/3 2318/2/3
f 2320/1/3 2291/1/3 2290/1/3
f 2320/2/3 2292/2/3 2291/2/3
f 2321/1/3 2293/1/3 2292/1/3
f 2321/2/3 2292/2/3 2320/2/3
f 2322/1/3 2249/1/3 2295/1/3
f 2322/2/3 2296/2/3 2249/2/3
f 2323/1/3 2297/1/3 2296/1/3
f 2323/2/3 2296/2/3 2322/2/3
f 2324/1/3 2078/1/3 2253/1/3
f 2324/2/3 2079/2/3 2078/2/3
f 2324/2/3 2080/2/3 2079/2/3
f 2324/2/3 2081/2/3 2080/2/3
f 2325/2/3 2081/2/3 2324/2/3
f 2326/2/3 2081/2/3 2325/2/3
f 2327/1/3 2298/1/3 2081/1/3
f 2327/2/3 2081/2/3 2326/2/3
f 2328/2/3 2150/2/3 2149/2/3
f 2328/2/3 2149/2/3 2148/2/3
f 2328/1/3 2148/1/3 2257/1/3
f 2328/2/3 2151/2/3 2150/2/3
f 2329/2/3 2151/2/3 2328/2/3
f 2330/2/3 2151/2/3 2329/2/3
f 2331/1/3 2300/1/3 2151/1/3
f 2331/2/3 2151/2/3 2330/2/3
f 2332/2/3 2302/2/3 2301/2/3
f 2332/2/3 2301/2/3 2300/2/3
f 2332/1/3 2153/1/3 2303/1/3
f 2332/2/3 2303/2/3 2302/2/3
f 2333/1/3 2114/1/3 2153/1/3
f 2333/1/3 2153/1/3 2332/1/3
f 2334/2/3 2154/2/3 2114/2/3
f 2334/1/3 2114/1/3 2333/1/3
f 2334/2/3 2155/2/3 2154/2/3
f 2335/2/3 2155/2/3 2334/2/3
f 2336/2/3 2155/2/3 2335/2/3
f 2337/1/3 2260/1/3 2155/1/3
f 2337/2/3 2155/2/3 2336/2/3
f 2338/1/3 2307/1/3 2306/1/3
f 2338/1/3 2306/1/3 2305/1/3
f 2338/1/3 2304/1/3 2263/1/3
f 2338/1/3 2305/1/3 2304/1/3
f 2339/1/3 2307/1/3 2338/1/3
f 2340/2/3 2308/2/3 2307/2/3
f 2340/1/3 2307/1/3 2339/1/3
f 2341/1/3 2309/1/3 2308/1/3
f 2341/2/3 2308/2/3 2340/2/3
f 2342/1/3 2273/1/3 2311/1/3
f 2342/2/3 2312/2/3 2273/2/3
f 2343/1/3 2313/1/3 2312/1/3
f 2343/2/3 2312/2/3 2342/2/3
f 2344/2/3 2098/2/3 2097/2/3
f 2344/1/3 2096/1/3 2277/1/3
f 2344/2/3 2097/2/3 2096/2/3
f 2344/2/3 2099/2/3 2098/2/3
f 2345/2/3 2099/2/3 2344/2/3
f 2346/2/3 2099/2/3 2345/2/3
f 2347/1/3 2314/1/3 2099/1/3
f 2347/2/3 2099/2/3 2346/2/3
f 2348/1/3 2126/1/3 2281/1/3
f 2348/2/3 2170/2/3 2126/2/3
f 2348/2/3 2171/2/3 2170/2/3
f 2349/2/3 2171/2/3 2348/2/3
f 2350/2/3 2171/2/3 2349/2/3
f 2351/1/3 2220/1/3 2171/1/3
f 2351/2/3 2171/2/3 2350/2/3
f 2352/1/3 2316/1/3 2282/1/3
f 2352/1/3 2282/1/3 2223/1/3
f 2352/1/3 2317/1/3 2316/1/3
f 2353/1/3 2242/1/3 2285/1/3
f 2353/1/3 2317/1/3 2352/1/3
f 2353/1/3 2285/1/3 2317/1/3
f 2354/1/3 2318/1/3 2286/1/3
f 2354/1/3 2319/1/3 2318/1/3
f 2355/1/3 2289/1/3 2319/1/3
f 2355/1/3 2319/1/3 2354/1/3
f 2356/1/3 2320/1/3 2290/1/3
f 2356/1/3 2321/1/3 2320/1/3
f 2357/1/3 2321/1/3 2356/1/3
f 2358/1/3 2323/1/3 2322/1/3
f 2358/1/3 2322/1/3 2295/1/3
f 2359/1/3 2323/1/3 2358/1/3
f 2360/2/3 2326/2/3 2325/2/3
f 2360/1/3 2325/1/3 2324/1/3
f 2361/1/3 2327/1/3 2326/1/3
f 2361/2/3 2326/2/3 2360/2/3
f 2362/1/3 2329/1/3 2328/1/3
f 2362/2/3 2330/2/3 2329/2/3
f 2363/1/3 2331/1/3 2330/1/3
f 2363/2/3 2330/2/3 2362/2/3
f 2364/2/3 2336/2/3 2335/2/3
f 2364/1/3 2335/1/3 2334/1/3
f 2364/1/3 2334/1/3 2333/1/3
f 2365/1/3 2337/1/3 2336/1/3
f 2365/2/3 2336/2/3 2364/2/3
f 2366/1/3 2338/1/3 2263/1/3
f 2367/2/3 2339/2/3 2338/2/3
f 2367/1/3 2338/1/3 2366/1/3
f 2368/1/3 2340/1/3 2339/1/3
f 2368/1/3 2341/1/3 2340/1/3
f 2369/1/3 2341/1/3 2368/1/3
f 2370/1/3 2343/1/3 2342/1/3
f 2370/1/3 2342/1/3 2311/1/3
f 2371/1/3 2343/1/3 2370/1/3
f 2372/2/3 2346/2/3 2345/2/3
f 2372/1/3 2345/1/3 2344/1/3
f 2373/1/3 2347/1/3 2346/1/3
f 2373/2/3 2346/2/3 2372/2/3
f 2374/1/3 2349/1/3 2348/1/3
f 2374/2/3 2350/2/3 2349/2/3
f 2375/1/3 2351/1/3 2350/1/3
f 2375/2/3 2350/2/3 2374/2/3
f 2376/2/3 2222/2/3 2221/2/3
f 2376/1/3 2351/1/3 2375/1/3
f 2376/1/3 2220/1/3 2351/1/3
f 2376/2/3 2221/2/3 2220/2/3
f 2376/2/3 2223/2/3 2222/2/3
f 2377/2/3 2223/2/3 2376/2/3
f 2378/2/3 2223/2/3 2377/2/3
f 2379/1/3 2352/1/3 2223/1/3
f 2379/2/3 2223/2/3 2378/2/3
f 2380/1/3 2286/1/3 2227/1/3
f 2380/1/3 2354/1/3 2286/1/3
f 2381/2/3 2355/2/3 2354/2/3
f 2381/1/3 2354/1/3 2380/1/3
f 2382/1/3 2289/1/3 2355/1/3
f 2382/2/3 2355/2/3 2381/2/3
f 2383/1/3 221/1/3 2289/1/3
f 2383/1/3 2289/1/3 2382/1/3
f 2384/1/3 2290/1/3 180/1/3
f 2384/1/3 2356/1/3 2290/1/3
f 2385/2/3 2357/2/3 2356/2/3
f 2385/1/3 2356/1/3 2384/1/3
f 2386/1/3 2321/1/3 2357/1/3
f 2386/2/3 2357/2/3 2385/2/3
f 2387/1/3 2293/1/3 2321/1/3
f 2387/1/3 2321/1/3 2386/1/3
f 2388/1/3 2358/1/3 2295/1/3
f 2389/2/3 2359/2/3 2358/2/3
f 2389/1/3 2358/1/3 2388/1/3
f 2390/1/3 2323/1/3 2359/1/3
f 2390/2/3 2359/2/3 2389/2/3
f 2391/1/3 2297/1/3 2323/1/3
f 2391/1/3 2323/1/3 2390/1/3
f 2392/1/3 2360/1/3 2324/1/3
f 2392/1/3 2361/1/3 2360/1/3
f 2392/1/3 2324/1/3 2253/1/3
f 2393/1/3 2298/1/3 2327/1/3
f 2393/1/3 2361/1/3 2392/1/3
f 2393/1/3 2327/1/3 2361/1/3
f 2394/1/3 2363/1/3 2362/1/3
f 2395/1/3 2331/1/3 2363/1/3
f 2395/1/3 2363/1/3 2394/1/3
f 2396/1/3 2364/1/3 2333/1/3
f 2396/1/3 2365/1/3 2364/1/3
f 2397/1/3 2337/1/3 2365/1/3
f 2397/1/3 2365/1/3 2396/1/3
f 2398/2/3 2339/2/3 2367/2/3
f 2398/1/3 2368/1/3 2339/1/3
f 2398/2/3 2367/2/3 2366/2/3
f 2399/1/3 2368/1/3 2398/1/3
f 2400/1/3 2368/1/3 2399/1/3
f 2401/2/3 2369/2/3 2368/2/3
f 2401/1/3 2368/1/3 2400/1/3
f 2402/1/3 2341/1/3 2369/1/3
f 2402/2/3 2369/2/3 2401/2/3
f 2403/1/3 2309/1/3 2341/1/3
f 2403/1/3 2341/1/3 2402/1/3
f 2404/1/3 2370/1/3 2311/1/3
f 2405/2/3 2371/2/3 2370/2/3
f 2405/1/3 2370/1/3 2404/1/3
f 2406/1/3 2343/1/3 2371/1/3
f 2406/2/3 2371/2/3 2405/2/3
f 2407/1/3 2313/1/3 2343/1/3
f 2407/1/3 2343/1/3 2406/1/3
f 2408/1/3 2372/1/3 2344/1/3
f 2408/1/3 2373/1/3 2372/1/3
f 2408/1/3 2344/1/3 2277/1/3
f 2409/1/3 2314/1/3 2347/1/3
f 2409/1/3 2373/1/3 2408/1/3
f 2409/1/3 2347/1/3 2373/1/3
f 2410/1/3 2375/1/3 2374/1/3
f 2410/1/3 2374/1/3 2348/1/3
f 2410/1/3 2377/1/3 2376/1/3
f 2410/1/3 2376/1/3 2375/1/3
f 2411/1/3 2377/1/3 2410/1/3
f 2412/2/3 2378/2/3 2377/2/3
f 2412/1/3 2377/1/3 2411/1/3
f 2413/1/3 2379/1/3 2378/1/3
f 2413/2/3 2378/2/3 2412/2/3
f 2414/1/3 2242/1/3 2353/1/3
f 2414/2/3 2243/2/3 2242/2/3
f 2415/2/3 2227/2/3 2243/2/3
f 2415/2/3 2243/2/3 2414/2/3
f 2416/2/3 2227/2/3 2415/2/3
f 2417/1/3 2380/1/3 2227/1/3
f 2417/2/3 2227/2/3 2416/2/3
f 2418/2/3 2385/2/3 2384/2/3
f 2418/1/3 2293/1/3 2387/1/3
f 2418/2/3 2386/2/3 2385/2/3
f 2418/2/3 2387/2/3 2386/2/3
f 2419/1/3 2244/1/3 2293/1/3
f 2419/1/3 2293/1/3 2418/1/3
f 2420/2/3 2390/2/3 2389/2/3
f 2420/2/3 2389/2/3 2388/2/3
f 2420/1/3 2297/1/3 2391/1/3
f 2420/2/3 2391/2/3 2390/2/3
f 2421/1/3 2250/1/3 2297/1/3
f 2421/1/3 2297/1/3 2420/1/3
f 2422/2/3 2252/2/3 2251/2/3
f 2422/1/3 2250/1/3 2421/1/3
f 2422/2/3 2251/2/3 2250/2/3
f 2422/2/3 2253/2/3 2252/2/3
f 2423/2/3 2253/2/3 2422/2/3
f 2424/2/3 2253/2/3 2423/2/3
f 2425/1/3 2392/1/3 2253/1/3
f 2425/2/3 2253/2/3 2424/2/3
f 2426/1/3 2394/1/3 2362/1/3
f 2426/1/3 2362/1/3 2328/1/3
f 2427/2/3 2395/2/3 2394/2/3
f 2427/1/3 2394/1/3 2426/1/3
f 2428/1/3 2331/1/3 2395/1/3
f 2428/2/3 2395/2/3 2427/2/3
f 2429/1/3 2300/1/3 2331/1/3
f 2429/1/3 2331/1/3 2428/1/3
f 2430/2/3 2332/2/3 2300/2/3
f 2430/2/3 2333/2/3 2332/2/3
f 2431/1/3 2396/1/3 2333/1/3
f 2431/2/3 2333/2/3 2430/2/3
f 2432/1/3 2396/1/3 2431/1/3
f 2433/2/3 2397/2/3 2396/2/3
f 2433/1/3 2396/1/3 2432/1/3
f 2434/1/3 2337/1/3 2397/1/3
f 2434/2/3 2397/2/3 2433/2/3
f 2435/1/3 2260/1/3 2337/1/3
f 2435/1/3 2337/1/3 2434/1/3
f 2436/2/3 2262/2/3 2261/2/3
f 2436/1/3 2260/1/3 2435/1/3
f 2436/2/3 2261/2/3 2260/2/3
f 2436/2/3 2263/2/3 2262/2/3
f 2437/2/3 2263/2/3 2436/2/3
f 2438/2/3 2263/2/3 2437/2/3
f 2439/1/3 2366/1/3 2263/1/3
f 2439/2/3 2263/2/3 2438/2/3
f 2440/1/3 2400/1/3 2399/1/3
f 2441/2/3 2401/2/3 2400/2/3
f 2441/1/3 2400/1/3 2440/1/3
f 2441/2/3 2402/2/3 2401/2/3
f 2441/2/3 2403/2/3 2402/2/3
f 2442/1/3 2309/1/3 2403/1/3
f 2442/2/3 2403/2/3 2441/2/3
f 2443/1/3 2268/1/3 2309/1/3
f 2443/1/3 2309/1/3 2442/1/3
f 2444/2/3 2406/2/3 2405/2/3
f 2444/2/3 2405/2/3 2404/2/3
f 2444/1/3 2313/1/3 2407/1/3
f 2444/2/3 2407/2/3 2406/2/3
f 2445/1/3 2274/1/3 2313/1/3
f 2445/1/3 2313/1/3 2444/1/3
f 2446/2/3 2276/2/3 2275/2/3
f 2446/1/3 2274/1/3 2445/1/3
f 2446/2/3 2275/2/3 2274/2/3
f 2446/2/3 2277/2/3 2276/2/3
f 2447/2/3 2277/2/3 2446/2/3
f 2448/2/3 2277/2/3 2447/2/3
f 2449/1/3 2408/1/3 2277/1/3
f 2449/2/3 2277/2/3 2448/2/3
f 2450/1/3 2348/1/3 2281/1/3
f 2450/1/3 2410/1/3 2348/1/3
f 2451/2/3 2411/2/3 2410/2/3
f 2451/1/3 2410/1/3 2450/1/3
f 2452/1/3 2413/1/3 2412/1/3
f 2452/2/3 2411/2/3 2451/2/3
f 2452/1/3 2412/1/3 2411/1/3
f 2453/1/3 2413/1/3 2452/1/3
f 2454/1/3 2413/1/3 2453/1/3
f 2455/1/3 2379/1/3 2413/1/3
f 2455/1/3 2413/1/3 2454/1/3
f 2456/2/3 2416/2/3 2415/2/3
f 2456/1/3 2415/1/3 2414/1/3
f 2457/1/3 2417/1/3 2416/1/3
f 2457/2/3 2416/2/3 2456/2/3
f 2458/1/3 2244/1/3 2419/1/3
f 2458/2/3 2295/2/3 2294/2/3
f 2458/2/3 2294/2/3 2244/2/3
f 2459/2/3 2295/2/3 2458/2/3
f 2460/2/3 2295/2/3 2459/2/3
f 2461/1/3 2388/1/3 2295/1/3
f 2461/2/3 2295/2/3 2460/2/3
f 2462/2/3 2424/2/3 2423/2/3
f 2462/1/3 2423/1/3 2422/1/3
f 2462/1/3 2422/1/3 2421/1/3
f 2463/1/3 2425/1/3 2424/1/3
f 2463/2/3 2424/2/3 2462/2/3
f 2464/1/3 2298/1/3 2393/1/3
f 2464/2/3 2299/2/3 2298/2/3
f 2465/2/3 2257/2/3 2299/2/3
f 2465/2/3 2299/2/3 2464/2/3
f 2466/2/3 2257/2/3 2465/2/3
f 2467/1/3 2328/1/3 2257/1/3
f 2467/2/3 2257/2/3 2466/2/3
f 2467/1/3 2426/1/3 2328/1/3
f 2468/1/3 2426/1/3 2467/1/3
f 2469/2/3 2429/2/3 2428/2/3
f 2469/1/3 2426/1/3 2468/1/3
f 2469/2/3 2428/2/3 2427/2/3
f 2469/2/3 2427/2/3 2426/2/3
f 2470/1/3 2300/1/3 2429/1/3
f 2470/2/3 2430/2/3 2300/2/3
f 2471/2/3 2430/2/3 2470/2/3
f 2472/1/3 2436/1/3 2435/1/3
f 2472/1/3 2437/1/3 2436/1/3
f 2472/2/3 2438/2/3 2437/2/3
f 2473/1/3 2439/1/3 2438/1/3
f 2473/2/3 2438/2/3 2472/2/3
f 2474/1/3 2268/1/3 2443/1/3
f 2474/2/3 2311/2/3 2310/2/3
f 2474/2/3 2310/2/3 2268/2/3
f 2475/2/3 2311/2/3 2474/2/3
f 2476/2/3 2311/2/3 2475/2/3
f 2477/1/3 2404/1/3 2311/1/3
f 2477/2/3 2311/2/3 2476/2/3
f 2478/2/3 2448/2/3 2447/2/3
f 2478/1/3 2447/1/3 2446/1/3
f 2478/1/3 2446/1/3 2445/1/3
f 2479/1/3 2449/1/3 2448/1/3
f 2479/2/3 2448/2/3 2478/2/3
f 2480/1/3 2314/1/3 2409/1/3
f 2480/2/3 2315/2/3 2314/2/3
f 2481/2/3 2281/2/3 2315/2/3
f 2481/2/3 2315/2/3 2480/2/3
f 2482/2/3 2281/2/3 2481/2/3
f 2483/1/3 2450/1/3 2281/1/3
f 2483/2/3 2281/2/3 2482/2/3
f 2484/1/3 2454/1/3 2453/1/3
f 2485/2/3 2455/2/3 2454/2/3
f 2485/1/3 2454/1/3 2484/1/3
f 2486/1/3 2379/1/3 2455/1/3
f 2486/2/3 2455/2/3 2485/2/3
f 2487/1/3 2352/1/3 2379/1/3
f 2487/1/3 2379/1/3 2486/1/3
f 2488/1/3 2457/1/3 2456/1/3
f 2488/1/3 2456/1/3 2414/1/3
f 2489/1/3 2417/1/3 2457/1/3
f 2489/1/3 2457/1/3 2488/1/3
f 2490/2/3 2460/2/3 2459/2/3
f 2490/1/3 2459/1/3 2458/1/3
f 2491/1/3 2461/1/3 2460/1/3
f 2491/2/3 2460/2/3 2490/2/3
f 2492/1/3 2462/1/3 2421/1/3
f 2492/1/3 2463/1/3 2462/1/3
f 2493/1/3 2425/1/3 2463/1/3
f 2493/1/3 2463/1/3 2492/1/3
f 2494/2/3 2466/2/3 2465/2/3
f 2494/1/3 2465/1/3 2464/1/3
f 2495/1/3 2468/1/3 2467/1/3
f 2495/2/3 2466/2/3 2494/2/3
f 2495/1/3 2467/1/3 2466/1/3
f 2496/2/3 2430/2/3 2471/2/3
f 2496/1/3 2471/1/3 2470/1/3
f 2497/1/3 2431/1/3 2430/1/3
f 2497/2/3 2430/2/3 2496/2/3
f 2497/1/3 2432/1/3 2431/1/3
f 2498/1/3 2473/1/3 2472/1/3
f 2498/1/3 2472/1/3 2435/1/3
f 2499/1/3 2473/1/3 2498/1/3
f 2500/2/3 2476/2/3 2475/2/3
f 2500/1/3 2475/1/3 2474/1/3
f 2501/1/3 2477/1/3 2476/1/3
f 2501/2/3 2476/2/3 2500/2/3
f 2502/1/3 2479/1/3 2478/1/3
f 2502/1/3 2478/1/3 2445/1/3
f 2503/1/3 2449/1/3 2479/1/3
f 2503/1/3 2479/1/3 2502/1/3
f 2504/2/3 2482/2/3 2481/2/3
f 2504/1/3 2481/1/3 2480/1/3
f 2505/1/3 2483/1/3 2482/1/3
f 2505/2/3 2482/2/3 2504/2/3
f 2506/2/3 2353/2/3 2352/2/3
f 2506/1/3 2352/1/3 2487/1/3
f 2507/2/3 2353/2/3 2506/2/3
f 2508/2/3 2353/2/3 2507/2/3
f 2509/1/3 2488/1/3 2414/1/3
f 2509/2/3 2353/2/3 2508/2/3
f 2509/1/3 2414/1/3 2353/1/3
f 2510/1/3 2488/1/3 2509/1/3
f 2511/2/3 2489/2/3 2488/2/3
f 2511/1/3 2488/1/3 2510/1/3
f 2512/1/3 2417/1/3 2489/1/3
f 2512/2/3 2489/2/3 2511/2/3
f 2513/1/3 2380/1/3 2417/1/3
f 2513/1/3 2417/1/3 2512/1/3
f 2514/1/3 2490/1/3 2458/1/3
f 2514/1/3 2491/1/3 2490/1/3
f 2515/1/3 2491/1/3 2514/1/3
f 2516/1/3 2492/1/3 2421/1/3
f 2517/2/3 2493/2/3 2492/2/3
f 2517/1/3 2492/1/3 2516/1/3
f 2518/1/3 2425/1/3 2493/1/3
f 2518/2/3 2493/2/3 2517/2/3
f 2519/1/3 2392/1/3 2425/1/3
f 2519/1/3 2425/1/3 2518/1/3
f 2520/1/3 2494/1/3 2464/1/3
f 2520/1/3 2495/1/3 2494/1/3
f 2521/1/3 2468/1/3 2495/1/3
f 2521/1/3 2495/1/3 2520/1/3
f 2522/1/3 2497/1/3 2496/1/3
f 2523/1/3 2497/1/3 2522/1/3
f 2524/1/3 2498/1/3 2435/1/3
f 2525/2/3 2499/2/3 2498/2/3
f 2525/1/3 2498/1/3 2524/1/3
f 2526/1/3 2473/1/3 2499/1/3
f 2526/2/3 2499/2/3 2525/2/3
f 2527/1/3 2439/1/3 2473/1/3
f 2527/1/3 2473/1/3 2526/1/3
f 2528/1/3 2500/1/3 2474/1/3
f 2528/1/3 2501/1/3 2500/1/3
f 2529/1/3 2501/1/3 2528/1/3
f 2530/1/3 2502/1/3 2445/1/3
f 2531/2/3 2503/2/3 2502/2/3
f 2531/1/3 2502/1/3 2530/1/3
f 2532/1/3 2449/1/3 2503/1/3
f 2532/2/3 2503/2/3 2531/2/3
f 2533/1/3 2408/1/3 2449/1/3
f 2533/1/3 2449/1/3 2532/1/3
f 2534/1/3 2504/1/3 2480/1/3
f 2534/1/3 2505/1/3 2504/1/3
f 2535/1/3 2483/1/3 2505/1/3
f 2535/1/3 2505/1/3 2534/1/3
f 2536/2/3 2508/2/3 2507/2/3
f 2536/1/3 2507/1/3 2506/1/3
f 2537/1/3 2510/1/3 2509/1/3
f 2537/2/3 2508/2/3 2536/2/3
f 2537/1/3 2509/1/3 2508/1/3
f 2538/1/3 2458/1/3 2419/1/3
f 2538/1/3 2514/1/3 2458/1/3
f 2539/2/3 2515/2/3 2514/2/3
f 2539/1/3 2514/1/3 2538/1/3
f 2540/1/3 2491/1/3 2515/1/3
f 2540/2/3 2515/2/3 2539/2/3
f 2541/1/3 2388/1/3 2461/1/3
f 2541/1/3 2491/1/3 2540/1/3
f 2541/1/3 2461/1/3 2491/1/3
f 2542/1/3 2392/1/3 2519/1/3
f 2542/2/3 2393/2/3 2392/2/3
f 2543/2/3 2393/2/3 2542/2/3
f 2544/2/3 2393/2/3 2543/2/3
f 2545/1/3 2464/1/3 2393/1/3
f 2545/2/3 2393/2/3 2544/2/3
f 2545/1/3 2520/1/3 2464/1/3
f 2546/1/3 2520/1/3 2545/1/3
f 2547/2/3 2521/2/3 2520/2/3
f 2547/1/3 2520/1/3 2546/1/3
f 2548/1/3 2468/1/3 2521/1/3
f 2548/2/3 2521/2/3 2547/2/3
f 2549/1/3 2468/1/3 2548/1/3
f 2550/1/3 2496/1/3 2470/1/3
f 2550/1/3 2522/1/3 2496/1/3
f 2551/2/3 2523/2/3 2522/2/3
f 2551/1/3 2522/1/3 2550/1/3
f 2552/1/3 2497/1/3 2523/1/3
f 2552/2/3 2523/2/3 2551/2/3
f 2553/1/3 2432/1/3 2497/1/3
f 2553/1/3 2497/1/3 2552/1/3
f 2554/2/3 2526/2/3 2525/2/3
f 2554/2/3 2525/2/3 2524/2/3
f 2554/1/3 2439/1/3 2527/1/3
f 2554/2/3 2527/2/3 2526/2/3
f 2555/1/3 2366/1/3 2439/1/3
f 2555/1/3 2439/1/3 2554/1/3
f 2556/2/3 2399/2/3 2398/2/3
f 2556/2/3 2398/2/3 2366/2/3
f 2557/1/3 2440/1/3 2399/1/3
f 2557/2/3 2399/2/3 2556/2/3
f 2558/1/3 2528/1/3 2474/1/3
f 2558/1/3 2474/1/3 2443/1/3
f 2559/2/3 2529/2/3 2528/2/3
f 2559/1/3 2528/1/3 2558/1/3
f 2560/1/3 2501/1/3 2529/1/3
f 2560/2/3 2529/2/3 2559/2/3
f 2561/1/3 2404/1/3 2477/1/3
f 2561/1/3 2501/1/3 2560/1/3
f 2561/1/3 2477/1/3 2501/1/3
f 2562/2/3 2409/2/3 2408/2/3
f 2562/1/3 2408/1/3 2533/1/3
f 2563/2/3 2409/2/3 2562/2/3
f 2564/2/3 2409/2/3 2563/2/3
f 2565/1/3 2480/1/3 2409/1/3
f 2565/2/3 2409/2/3 2564/2/3
f 2565/1/3 2534/1/3 2480/1/3
f 2566/1/3 2534/1/3 2565/1/3
f 2567/2/3 2535/2/3 2534/2/3
f 2567/1/3 2534/1/3 2566/1/3
f 2568/1/3 2483/1/3 2535/1/3
f 2568/2/3 2535/2/3 2567/2/3
f 2569/1/3 2450/1/3 2483/1/3
f 2569/1/3 2483/1/3 2568/1/3
f 2570/2/3 2382/2/3 2381/2/3
f 2570/2/3 2381/2/3 2380/2/3
f 2570/2/3 2383/2/3 2382/2/3
f 2570/1/3 2380/1/3 2513/1/3
f 2571/2/3 2383/2/3 2570/2/3
f 2572/2/3 2383/2/3 2571/2/3
f 2573/1/3 221/1/3 2383/1/3
f 2573/2/3 2383/2/3 2572/2/3
f 2574/2/3 2418/2/3 2384/2/3
f 2574/2/3 2419/2/3 2418/2/3
f 2575/1/3 2538/1/3 2419/1/3
f 2575/2/3 2419/2/3 2574/2/3
f 2576/2/3 2421/2/3 2420/2/3
f 2576/1/3 2388/1/3 2541/1/3
f 2576/2/3 2420/2/3 2388/2/3
f 2577/2/3 2421/2/3 2576/2/3
f 2578/2/3 2421/2/3 2577/2/3
f 2579/1/3 2516/1/3 2421/1/3
f 2579/2/3 2421/2/3 2578/2/3
f 2580/2/3 2544/2/3 2543/2/3
f 2580/1/3 2543/1/3 2542/1/3
f 2581/1/3 2545/1/3 2544/1/3
f 2581/2/3 2544/2/3 2580/2/3
f 2581/1/3 2546/1/3 2545/1/3
f 2582/1/3 2470/1/3 2429/1/3
f 2582/1/3 2550/1/3 2470/1/3
f 2583/2/3 2552/2/3 2551/2/3
f 2583/1/3 2550/1/3 2582/1/3
f 2583/2/3 2553/2/3 2552/2/3
f 2583/2/3 2551/2/3 2550/2/3
f 2584/2/3 2435/2/3 2434/2/3
f 2584/2/3 2433/2/3 2432/2/3
f 2584/2/3 2434/2/3 2433/2/3
f 2585/1/3 2524/1/3 2435/1/3
f 2585/2/3 2435/2/3 2584/2/3
f 2586/2/3 2442/2/3 2441/2/3
f 2586/2/3 2441/2/3 2440/2/3
f 2586/2/3 2443/2/3 2442/2/3
f 2587/1/3 2558/1/3 2443/1/3
f 2587/2/3 2443/2/3 2586/2/3
f 2588/1/3 2404/1/3 2561/1/3
f 2588/2/3 2445/2/3 2444/2/3
f 2588/2/3 2444/2/3 2404/2/3
f 2589/2/3 2445/2/3 2588/2/3
f 2590/2/3 2445/2/3 2589/2/3
f 2591/1/3 2530/1/3 2445/1/3
f 2591/2/3 2445/2/3 2590/2/3
f 2592/2/3 2564/2/3 2563/2/3
f 2592/1/3 2563/1/3 2562/1/3
f 2593/1/3 2565/1/3 2564/1/3
f 2593/2/3 2564/2/3 2592/2/3
f 2593/1/3 2566/1/3 2565/1/3
f 2594/1/3 2536/1/3 2506/1/3
f 2594/1/3 2537/1/3 2536/1/3
f 2595/1/3 2537/1/3 2594/1/3
f 2596/1/3 2571/1/3 2570/1/3
f 2596/2/3 2572/2/3 2571/2/3
f 2597/1/3 2573/1/3 2572/1/3
f 2597/2/3 2572/2/3 2596/2/3
f 2598/1/3 2384/1/3 180/1/3
f 2598/2/3 2574/2/3 2384/2/3
f 2599/2/3 2574/2/3 2598/2/3
f 2600/1/3 2577/1/3 2576/1/3
f 2600/2/3 2578/2/3 2577/2/3
f 2601/1/3 2579/1/3 2578/1/3
f 2601/2/3 2578/2/3 2600/2/3
f 2602/2/3 2553/2/3 2583/2/3
f 2602/1/3 2432/1/3 2553/1/3
f 2602/2/3 2583/2/3 2582/2/3
f 2603/1/3 2432/1/3 2602/1/3
f 2604/2/3 2584/2/3 2432/2/3
f 2604/1/3 2432/1/3 2603/1/3
f 2605/2/3 2584/2/3 2604/2/3
f 2606/2/3 2584/2/3 2605/2/3
f 2607/1/3 2585/1/3 2584/1/3
f 2607/2/3 2584/2/3 2606/2/3
f 2608/2/3 2556/2/3 2366/2/3
f 2608/1/3 2366/1/3 2555/1/3
f 2609/2/3 2556/2/3 2608/2/3
f 2610/2/3 2556/2/3 2609/2/3
f 2611/1/3 2557/1/3 2556/1/3
f 2611/2/3 2556/2/3 2610/2/3
f 2612/1/3 2440/1/3 2557/1/3
f 2612/1/3 2557/1/3 2611/1/3
f 2612/2/3 2586/2/3 2440/2/3
f 2613/2/3 2586/2/3 2612/2/3
f 2614/2/3 2590/2/3 2589/2/3
f 2614/1/3 2589/1/3 2588/1/3
f 2615/1/3 2591/1/3 2590/1/3
f 2615/2/3 2590/2/3 2614/2/3
f 2616/1/3 2450/1/3 2569/1/3
f 2616/2/3 2451/2/3 2450/2/3
f 2616/2/3 2452/2/3 2451/2/3
f 2616/2/3 2453/2/3 2452/2/3
f 2617/2/3 2453/2/3 2616/2/3
f 2618/2/3 2453/2/3 2617/2/3
f 2619/1/3 2484/1/3 2453/1/3
f 2619/2/3 2453/2/3 2618/2/3
f 2620/1/3 2506/1/3 2487/1/3
f 2620/1/3 2594/1/3 2506/1/3
f 2621/2/3 2595/2/3 2594/2/3
f 2621/1/3 2594/1/3 2620/1/3
f 2622/1/3 2537/1/3 2595/1/3
f 2622/2/3 2595/2/3 2621/2/3
f 2623/1/3 2510/1/3 2537/1/3
f 2623/1/3 2537/1/3 2622/1/3
f 2624/1/3 2596/1/3 2570/1/3
f 2624/1/3 2597/1/3 2596/1/3
f 2625/1/3 2573/1/3 2597/1/3
f 2625/1/3 2597/1/3 2624/1/3
f 2626/2/3 2574/2/3 2599/2/3
f 2626/1/3 2599/1/3 2598/1/3
f 2627/1/3 2575/1/3 2574/1/3
f 2627/2/3 2574/2/3 2626/2/3
f 2628/1/3 2601/1/3 2600/1/3
f 2628/1/3 2600/1/3 2576/1/3
f 2629/1/3 2601/1/3 2628/1/3
f 2630/1/3 2581/1/3 2580/1/3
f 2630/1/3 2580/1/3 2542/1/3
f 2631/1/3 2581/1/3 2630/1/3
f 2632/2/3 2606/2/3 2605/2/3
f 2632/1/3 2604/1/3 2603/1/3
f 2632/1/3 2605/1/3 2604/1/3
f 2633/1/3 2607/1/3 2606/1/3
f 2633/2/3 2606/2/3 2632/2/3
f 2634/2/3 2610/2/3 2609/2/3
f 2634/1/3 2609/1/3 2608/1/3
f 2635/1/3 2612/1/3 2611/1/3
f 2635/2/3 2610/2/3 2634/2/3
f 2635/1/3 2611/1/3 2610/1/3
f 2635/1/3 2613/1/3 2612/1/3
f 2636/2/3 2586/2/3 2613/2/3
f 2636/1/3 2613/1/3 2635/1/3
f 2637/1/3 2587/1/3 2586/1/3
f 2637/2/3 2586/2/3 2636/2/3
f 2638/1/3 2615/1/3 2614/1/3
f 2638/1/3 2614/1/3 2588/1/3
f 2639/1/3 2615/1/3 2638/1/3
f 2640/1/3 2592/1/3 2562/1/3
f 2640/1/3 2593/1/3 2592/1/3
f 2641/1/3 2593/1/3 2640/1/3
f 2642/1/3 2617/1/3 2616/1/3
f 2642/2/3 2618/2/3 2617/2/3
f 2643/1/3 2619/1/3 2618/1/3
f 2643/2/3 2618/2/3 2642/2/3
f 2644/2/3 2487/2/3 2486/2/3
f 2644/1/3 2619/1/3 2643/1/3
f 2644/2/3 2485/2/3 2484/2/3
f 2644/2/3 2486/2/3 2485/2/3
f 2644/1/3 2484/1/3 2619/1/3
f 2645/2/3 2487/2/3 2644/2/3
f 2646/2/3 2487/2/3 2645/2/3
f 2647/1/3 2620/1/3 2487/1/3
f 2647/2/3 2487/2/3 2646/2/3
f 2648/2/3 2621/2/3 2620/2/3
f 2648/1/3 2510/1/3 2623/1/3
f 2648/2/3 2622/2/3 2621/2/3
f 2648/2/3 2623/2/3 2622/2/3
f 2649/1/3 2510/1/3 2648/1/3
f 2650/1/3 2624/1/3 2570/1/3
f 2650/1/3 2570/1/3 2513/1/3
f 2651/2/3 2625/2/3 2624/2/3
f 2651/1/3 2624/1/3 2650/1/3
f 2652/1/3 2573/1/3 2625/1/3
f 2652/2/3 2625/2/3 2651/2/3
f 2653/1/3 221/1/3 2573/1/3
f 2653/1/3 2573/1/3 2652/1/3
f 2654/1/3 2626/1/3 2598/1/3
f 2654/1/3 2627/1/3 2626/1/3
f 2655/1/3 2627/1/3 2654/1/3
f 2656/1/3 2628/1/3 2576/1/3
f 2656/1/3 2576/1/3 2541/1/3
f 2657/2/3 2629/2/3 2628/2/3
f 2657/1/3 2628/1/3 2656/1/3
f 2658/1/3 2601/1/3 2629/1/3
f 2658/2/3 2629/2/3 2657/2/3
f 2659/1/3 2579/1/3 2601/1/3
f 2659/1/3 2601/1/3 2658/1/3
f 2660/1/3 2542/1/3 2519/1/3
f 2660/1/3 2630/1/3 2542/1/3
f 2661/2/3 2631/2/3 2630/2/3
f 2661/1/3 2630/1/3 2660/1/3
f 2662/1/3 2581/1/3 2631/1/3
f 2662/2/3 2631/2/3 2661/2/3
f 2663/1/3 2546/1/3 2581/1/3
f 2663/1/3 2581/1/3 2662/1/3
f 2664/1/3 2468/1/3 2549/1/3
f 2664/2/3 2469/2/3 2468/2/3
f 2665/2/3 2429/2/3 2469/2/3
f 2665/2/3 2469/2/3 2664/2/3
f 2666/2/3 2429/2/3 2665/2/3
f 2667/1/3 2582/1/3 2429/1/3
f 2667/2/3 2429/2/3 2666/2/3
f 2668/1/3 2632/1/3 2603/1/3
f 2668/1/3 2633/1/3 2632/1/3
f 2669/1/3 2585/1/3 2607/1/3
f 2669/1/3 2633/1/3 2668/1/3
f 2669/1/3 2607/1/3 2633/1/3
f 2670/1/3 2636/1/3 2635/1/3
f 2670/1/3 2635/1/3 2634/1/3
f 2670/1/3 2634/1/3 2608/1/3
f 2670/1/3 2637/1/3 2636/1/3
f 2671/1/3 2637/1/3 2670/1/3
f 2672/1/3 2637/1/3 2671/1/3
f 2673/1/3 2637/1/3 2672/1/3
f 2674/1/3 2638/1/3 2588/1/3
f 2674/1/3 2588/1/3 2561/1/3
f 2675/2/3 2639/2/3 2638/2/3
f 2675/1/3 2638/1/3 2674/1/3
f 2676/1/3 2615/1/3 2639/1/3
f 2676/2/3 2639/2/3 2675/2/3
f 2677/1/3 2591/1/3 2615/1/3
f 2677/1/3 2615/1/3 2676/1/3
f 2678/1/3 2562/1/3 2533/1/3
f 2678/1/3 2640/1/3 2562/1/3
f 2679/2/3 2641/2/3 2640/2/3
f 2679/1/3 2640/1/3 2678/1/3
f 2680/1/3 2593/1/3 2641/1/3
f 2680/2/3 2641/2/3 2679/2/3
f 2681/1/3 2566/1/3 2593/1/3
f 2681/1/3 2593/1/3 2680/1/3
f 2682/1/3 2645/1/3 2644/1/3
f 2682/1/3 2643/1/3 2642/1/3
f 2682/1/3 2644/1/3 2643/1/3
f 2682/1/3 2642/1/3 2616/1/3
f 2683/1/3 2645/1/3 2682/1/3
f 2684/2/3 2646/2/3 2645/2/3
f 2685/1/3 2647/1/3 2646/1/3
f 2685/2/3 2646/2/3 2684/2/3
f 2686/2/3 2512/2/3 2511/2/3
f 2686/2/3 2511/2/3 2510/2/3
f 2686/2/3 2513/2/3 2512/2/3
f 2687/1/3 2650/1/3 2513/1/3
f 2687/2/3 2513/2/3 2686/2/3
f 2688/1/3 2598/1/3 180/1/3
f 2688/1/3 2654/1/3 2598/1/3
f 2689/2/3 2655/2/3 2654/2/3
f 2689/1/3 2654/1/3 2688/1/3
f 2690/1/3 2627/1/3 2655/1/3
f 2690/2/3 2655/2/3 2689/2/3
f 2691/1/3 2575/1/3 2627/1/3
f 2691/1/3 2627/1/3 2690/1/3
f 2692/2/3 2658/2/3 2657/2/3
f 2692/1/3 2579/1/3 2659/1/3
f 2692/2/3 2657/2/3 2656/2/3
f 2692/2/3 2659/2/3 2658/2/3
f 2693/1/3 2516/1/3 2579/1/3
f 2693/1/3 2579/1/3 2692/1/3
f 2694/2/3 2518/2/3 2517/2/3
f 2694/1/3 2516/1/3 2693/1/3
f 2694/2/3 2517/2/3 2516/2/3
f 2694/2/3 2519/2/3 2518/2/3
f 2695/2/3 2519/2/3 2694/2/3
f 2696/2/3 2519/2/3 2695/2/3
f 2697/1/3 2660/1/3 2519/1/3
f 2697/2/3 2519/2/3 2696/2/3
f 2698/2/3 2661/2/3 2660/2/3
f 2698/1/3 2546/1/3 2663/1/3
f 2698/2/3 2663/2/3 2662/2/3
f 2698/2/3 2662/2/3 2661/2/3
f 2699/1/3 2546/1/3 2698/1/3
f 2700/2/3 2666/2/3 2665/2/3
f 2700/1/3 2665/1/3 2664/1/3
f 2701/1/3 2667/1/3 2666/1/3
f 2701/2/3 2666/2/3 2700/2/3
f 2702/1/3 2668/1/3 2603/1/3
f 2703/2/3 2669/2/3 2668/2/3
f 2703/1/3 2668/1/3 2702/1/3
f 2704/1/3 2585/1/3 2669/1/3
f 2704/2/3 2669/2/3 2703/2/3
f 2705/1/3 2524/1/3 2585/1/3
f 2705/1/3 2585/1/3 2704/1/3
f 2706/1/3 2608/1/3 2555/1/3
f 2706/1/3 2670/1/3 2608/1/3
f 2707/2/3 2671/2/3 2670/2/3
f 2707/1/3 2670/1/3 2706/1/3
f 2708/1/3 2672/1/3 2671/1/3
f 2708/2/3 2671/2/3 2707/2/3
f 2709/1/3 2672/1/3 2708/1/3
f 2710/1/3 2672/1/3 2709/1/3
f 2711/2/3 2673/2/3 2672/2/3
f 2711/1/3 2672/1/3 2710/1/3
f 2712/1/3 2637/1/3 2673/1/3
f 2712/2/3 2673/2/3 2711/2/3
f 2713/1/3 2587/1/3 2637/1/3
f 2713/1/3 2637/1/3 2712/1/3
f 2714/2/3 2676/2/3 2675/2/3
f 2714/2/3 2675/2/3 2674/2/3
f 2714/1/3 2591/1/3 2677/1/3
f 2714/2/3 2677/2/3 2676/2/3
f 2715/1/3 2530/1/3 2591/1/3
f 2715/1/3 2591/1/3 2714/1/3
f 2716/2/3 2531/2/3 2530/2/3
f 2716/1/3 2530/1/3 2715/1/3
f 2716/2/3 2532/2/3 2531/2/3
f 2716/2/3 2533/2/3 2532/2/3
f 2717/2/3 2533/2/3 2716/2/3
f 2718/2/3 2533/2/3 2717/2/3
f 2719/1/3 2678/1/3 2533/1/3
f 2719/2/3 2533/2/3 2718/2/3
f 2720/1/3 2566/1/3 2681/1/3
f 2720/2/3 2681/2/3 2680/2/3
f 2720/2/3 2680/2/3 2679/2/3
f 2720/2/3 2679/2/3 2678/2/3
f 2721/1/3 2566/1/3 2720/1/3
f 2722/1/3 2682/1/3 2616/1/3
f 2722/1/3 2616/1/3 2569/1/3
f 2723/2/3 2683/2/3 2682/2/3
f 2723/1/3 2682/1/3 2722/1/3
f 2724/1/3 2645/1/3 2683/1/3
f 2724/2/3 2683/2/3 2723/2/3
f 2725/1/3 2645/1/3 2724/1/3
f 2726/2/3 2684/2/3 2645/2/3
f 2726/1/3 2645/1/3 2725/1/3
f 2727/1/3 2685/1/3 2684/1/3
f 2727/2/3 2684/2/3 2726/2/3
f 2728/1/3 2510/1/3 2649/1/3
f 2728/2/3 2686/2/3 2510/2/3
f 2729/2/3 2686/2/3 2728/2/3
f 2730/1/3 2575/1/3 2691/1/3
f 2730/2/3 2690/2/3 2689/2/3
f 2730/2/3 2691/2/3 2690/2/3
f 2730/2/3 2689/2/3 2688/2/3
f 2731/1/3 2538/1/3 2575/1/3
f 2731/1/3 2575/1/3 2730/1/3
f 2732/2/3 2540/2/3 2539/2/3
f 2732/1/3 2538/1/3 2731/1/3
f 2732/2/3 2539/2/3 2538/2/3
f 2732/2/3 2541/2/3 2540/2/3
f 2733/2/3 2541/2/3 2732/2/3
f 2734/2/3 2541/2/3 2733/2/3
f 2735/1/3 2656/1/3 2541/1/3
f 2735/2/3 2541/2/3 2734/2/3
f 2736/2/3 2696/2/3 2695/2/3
f 2737/1/3 2697/1/3 2696/1/3
f 2737/2/3 2696/2/3 2736/2/3
f 2738/2/3 2549/2/3 2548/2/3
f 2738/2/3 2547/2/3 2546/2/3
f 2738/2/3 2548/2/3 2547/2/3
f 2739/1/3 2664/1/3 2549/1/3
f 2739/2/3 2549/2/3 2738/2/3
f 2739/1/3 2701/1/3 2700/1/3
f 2739/1/3 2700/1/3 2664/1/3
f 2740/1/3 2701/1/3 2739/1/3
f 2741/1/3 2667/1/3 2701/1/3
f 2741/1/3 2701/1/3 2740/1/3
f 2742/2/3 2709/2/3 2708/2/3
f 2742/2/3 2708/2/3 2707/2/3
f 2742/2/3 2707/2/3 2706/2/3
f 2742/1/3 2710/1/3 2709/1/3
f 2743/1/3 2710/1/3 2742/1/3
f 2744/1/3 2710/1/3 2743/1/3
f 2745/2/3 2712/2/3 2711/2/3
f 2745/1/3 2710/1/3 2744/1/3
f 2745/2/3 2713/2/3 2712/2/3
f 2745/2/3 2711/2/3 2710/2/3
f 2746/1/3 2587/1/3 2713/1/3
f 2746/2/3 2713/2/3 2745/2/3
f 2747/1/3 2558/1/3 2587/1/3
f 2747/1/3 2587/1/3 2746/1/3
f 2748/2/3 2559/2/3 2558/2/3
f 2748/1/3 2558/1/3 2747/1/3
f 2748/2/3 2560/2/3 2559/2/3
f 2748/2/3 2561/2/3 2560/2/3
f 2749/2/3 2561/2/3 2748/2/3
f 2750/2/3 2561/2/3 2749/2/3
f 2751/1/3 2674/1/3 2561/1/3
f 2751/2/3 2561/2/3 2750/2/3
f 2752/2/3 2718/2/3 2717/2/3
f 2753/1/3 2719/1/3 2718/1/3
f 2753/2/3 2718/2/3 2752/2/3
f 2754/2/3 2567/2/3 2566/2/3
f 2754/2/3 2568/2/3 2567/2/3
f 2754/2/3 2569/2/3 2568/2/3
f 2755/1/3 2722/1/3 2569/1/3
f 2755/2/3 2569/2/3 2754/2/3
f 2756/1/3 2726/1/3 2725/1/3
f 2756/1/3 2727/1/3 2726/1/3
f 2757/1/3 2685/1/3 2727/1/3
f 2757/1/3 2727/1/3 2756/1/3
f 2758/2/3 2686/2/3 2729/2/3
f 2758/1/3 2729/1/3 2728/1/3
f 2759/1/3 2687/1/3 2686/1/3
f 2759/2/3 2686/2/3 2758/2/3
f 2760/1/3 2733/1/3 2732/1/3
f 2760/2/3 2734/2/3 2733/2/3
f 2760/1/3 2732/1/3 2731/1/3
f 2761/1/3 2735/1/3 2734/1/3
f 2761/2/3 2734/2/3 2760/2/3
f 2762/2/3 2736/2/3 2695/2/3
f 2762/1/3 2695/1/3 2694/1/3
f 2762/1/3 2694/1/3 2693/1/3
f 2763/1/3 2737/1/3 2736/1/3
f 2763/2/3 2736/2/3 2762/2/3
f 2764/2/3 2738/2/3 2546/2/3
f 2764/1/3 2546/1/3 2699/1/3
f 2765/2/3 2738/2/3 2764/2/3
f 2766/1/3 2739/1/3 2738/1/3
f 2766/1/3 2740/1/3 2739/1/3
f 2767/2/3 2741/2/3 2740/2/3
f 2767/1/3 2740/1/3 2766/1/3
f 2768/1/3 2667/1/3 2741/1/3
f 2768/2/3 2741/2/3 2767/2/3
f 2769/1/3 2582/1/3 2667/1/3
f 2769/1/3 2667/1/3 2768/1/3
f 2770/2/3 2602/2/3 2582/2/3
f 2770/2/3 2603/2/3 2602/2/3
f 2771/1/3 2702/1/3 2603/1/3
f 2771/2/3 2603/2/3 2770/2/3
f 2772/1/3 2524/1/3 2705/1/3
f 2772/2/3 2555/2/3 2554/2/3
f 2772/2/3 2554/2/3 2524/2/3
f 2773/2/3 2555/2/3 2772/2/3
f 2774/2/3 2555/2/3 2773/2/3
f 2775/1/3 2706/1/3 2555/1/3
f 2775/2/3 2555/2/3 2774/2/3
f 2776/1/3 2748/1/3 2747/1/3
f 2776/1/3 2749/1/3 2748/1/3
f 2776/2/3 2750/2/3 2749/2/3
f 2777/1/3 2751/1/3 2750/1/3
f 2777/2/3 2750/2/3 2776/2/3
f 2778/2/3 2752/2/3 2717/2/3
f 2778/1/3 2717/1/3 2716/1/3
f 2778/1/3 2716/1/3 2715/1/3
f 2779/1/3 2753/1/3 2752/1/3
f 2779/2/3 2752/2/3 2778/2/3
f 2780/1/3 2566/1/3 2721/1/3
f 2780/2/3 2754/2/3 2566/2/3
f 2781/2/3 2754/2/3 2780/2/3
f 2782/1/3 2756/1/3 2725/1/3
f 2783/2/3 2757/2/3 2756/2/3
f 2783/1/3 2756/1/3 2782/1/3
f 2784/1/3 2685/1/3 2757/1/3
f 2784/2/3 2757/2/3 2783/2/3
f 2785/1/3 2647/1/3 2685/1/3
f 2785/1/3 2685/1/3 2784/1/3
f 2786/1/3 2758/1/3 2728/1/3
f 2786/1/3 2759/1/3 2758/1/3
f 2787/1/3 2759/1/3 2786/1/3
f 2788/1/3 2761/1/3 2760/1/3
f 2788/1/3 2760/1/3 2731/1/3
f 2789/1/3 2735/1/3 2761/1/3
f 2789/1/3 2761/1/3 2788/1/3
f 2790/1/3 2763/1/3 2762/1/3
f 2790/1/3 2762/1/3 2693/1/3
f 2791/1/3 2737/1/3 2763/1/3
f 2791/1/3 2763/1/3 2790/1/3
f 2792/2/3 2738/2/3 2765/2/3
f 2792/1/3 2765/1/3 2764/1/3
f 2793/1/3 2766/1/3 2738/1/3
f 2793/2/3 2738/2/3 2792/2/3
f 2794/2/3 2770/2/3 2582/2/3
f 2794/1/3 2582/1/3 2769/1/3
f 2795/2/3 2770/2/3 2794/2/3
f 2796/2/3 2770/2/3 2795/2/3
f 2797/1/3 2771/1/3 2770/1/3
f 2797/2/3 2770/2/3 2796/2/3
f 2798/2/3 2774/2/3 2773/2/3
f 2798/1/3 2773/1/3 2772/1/3
f 2799/1/3 2775/1/3 2774/1/3
f 2799/2/3 2774/2/3 2798/2/3
f 2800/1/3 2776/1/3 2747/1/3
f 2800/1/3 2777/1/3 2776/1/3
f 2801/1/3 2751/1/3 2777/1/3
f 2801/1/3 2777/1/3 2800/1/3
f 2802/1/3 2778/1/3 2715/1/3
f 2802/1/3 2779/1/3 2778/1/3
f 2803/1/3 2753/1/3 2779/1/3
f 2803/1/3 2779/1/3 2802/1/3
f 2804/2/3 2754/2/3 2781/2/3
f 2804/1/3 2781/1/3 2780/1/3
f 2805/1/3 2755/1/3 2754/1/3
f 2805/2/3 2754/2/3 2804/2/3
f 2806/2/3 2783/2/3 2782/2/3
f 2806/2/3 2784/2/3 2783/2/3
f 2806/1/3 2647/1/3 2785/1/3
f 2806/2/3 2785/2/3 2784/2/3
f 2807/1/3 2620/1/3 2647/1/3
f 2807/1/3 2647/1/3 2806/1/3
f 2808/1/3 2759/1/3 2787/1/3
f 2808/2/3 2787/2/3 2786/2/3
f 2809/1/3 2687/1/3 2759/1/3
f 2809/1/3 2759/1/3 2808/1/3
f 2810/1/3 2788/1/3 2731/1/3
f 2811/2/3 2789/2/3 2788/2/3
f 2811/1/3 2788/1/3 2810/1/3
f 2812/1/3 2735/1/3 2789/1/3
f 2812/2/3 2789/2/3 2811/2/3
f 2813/1/3 2656/1/3 2735/1/3
f 2813/1/3 2735/1/3 2812/1/3
f 2814/2/3 2692/2/3 2656/2/3
f 2814/2/3 2693/2/3 2692/2/3
f 2815/1/3 2790/1/3 2693/1/3
f 2815/2/3 2693/2/3 2814/2/3
f 2816/1/3 2790/1/3 2815/1/3
f 2817/2/3 2791/2/3 2790/2/3
f 2817/1/3 2790/1/3 2816/1/3
f 2818/1/3 2737/1/3 2791/1/3
f 2818/2/3 2791/2/3 2817/2/3
f 2819/1/3 2697/1/3 2737/1/3
f 2819/1/3 2737/1/3 2818/1/3
f 2820/1/3 2792/1/3 2764/1/3
f 2820/1/3 2793/1/3 2792/1/3
f 2821/1/3 2793/1/3 2820/1/3
f 2822/1/3 2795/1/3 2794/1/3
f 2822/2/3 2796/2/3 2795/2/3
f 2823/1/3 2797/1/3 2796/1/3
f 2823/2/3 2796/2/3 2822/2/3
f 2824/1/3 2799/1/3 2798/1/3
f 2824/1/3 2798/1/3 2772/1/3
f 2825/1/3 2775/1/3 2799/1/3
f 2825/1/3 2799/1/3 2824/1/3
f 2826/1/3 2800/1/3 2747/1/3
f 2827/2/3 2801/2/3 2800/2/3
f 2827/1/3 2800/1/3 2826/1/3
f 2828/1/3 2751/1/3 2801/1/3
f 2828/2/3 2801/2/3 2827/2/3
f 2829/1/3 2674/1/3 2751/1/3
f 2829/1/3 2751/1/3 2828/1/3
f 2830/2/3 2715/2/3 2714/2/3
f 2830/2/3 2714/2/3 2674/2/3
f 2831/1/3 2802/1/3 2715/1/3
f 2831/2/3 2715/2/3 2830/2/3
f 2832/1/3 2802/1/3 2831/1/3
f 2833/2/3 2803/2/3 2802/2/3
f 2833/1/3 2802/1/3 2832/1/3
f 2834/1/3 2753/1/3 2803/1/3
f 2834/2/3 2803/2/3 2833/2/3
f 2835/1/3 2719/1/3 2753/1/3
f 2835/1/3 2753/1/3 2834/1/3
f 2836/1/3 2805/1/3 2804/1/3
f 2836/1/3 2804/1/3 2780/1/3
f 2837/1/3 2805/1/3 2836/1/3
f 2838/2/3 2648/2/3 2620/2/3
f 2838/2/3 2649/2/3 2648/2/3
f 2839/1/3 2728/1/3 2649/1/3
f 2839/2/3 2649/2/3 2838/2/3
f 2839/1/3 2786/1/3 2728/1/3
f 2840/1/3 2786/1/3 2839/1/3
f 2841/2/3 2808/2/3 2786/2/3
f 2841/1/3 2786/1/3 2840/1/3
f 2841/2/3 2809/2/3 2808/2/3
f 2842/2/3 2652/2/3 2651/2/3
f 2842/2/3 2651/2/3 2650/2/3
f 2842/2/3 2653/2/3 2652/2/3
f 2843/1/3 221/1/3 2653/1/3
f 2843/2/3 2653/2/3 2842/2/3
f 2844/2/3 2814/2/3 2656/2/3
f 2844/1/3 2656/1/3 2813/1/3
f 2845/2/3 2814/2/3 2844/2/3
f 2846/2/3 2817/2/3 2816/2/3
f 2846/2/3 2818/2/3 2817/2/3
f 2846/1/3 2697/1/3 2819/1/3
f 2846/2/3 2819/2/3 2818/2/3
f 2847/1/3 2660/1/3 2697/1/3
f 2847/1/3 2697/1/3 2846/1/3
f 2848/1/3 2793/1/3 2821/1/3
f 2848/2/3 2821/2/3 2820/2/3
f 2849/1/3 2766/1/3 2793/1/3
f 2849/1/3 2793/1/3 2848/1/3
f 2850/1/3 2823/1/3 2822/1/3
f 2850/1/3 2822/1/3 2794/1/3
f 2851/1/3 2771/1/3 2797/1/3
f 2851/1/3 2823/1/3 2850/1/3
f 2851/1/3 2797/1/3 2823/1/3
f 2852/1/3 2824/1/3 2772/1/3
f 2852/1/3 2772/1/3 2705/1/3
f 2853/2/3 2825/2/3 2824/2/3
f 2853/1/3 2824/1/3 2852/1/3
f 2854/1/3 2775/1/3 2825/1/3
f 2854/2/3 2825/2/3 2853/2/3
f 2855/1/3 2706/1/3 2775/1/3
f 2855/1/3 2775/1/3 2854/1/3
f 2856/1/3 2674/1/3 2829/1/3
f 2856/2/3 2830/2/3 2674/2/3
f 2857/2/3 2830/2/3 2856/2/3
f 2858/2/3 2834/2/3 2833/2/3
f 2858/1/3 2719/1/3 2835/1/3
f 2858/2/3 2833/2/3 2832/2/3
f 2858/2/3 2835/2/3 2834/2/3
f 2859/1/3 2678/1/3 2719/1/3
f 2859/1/3 2719/1/3 2858/1/3
f 2860/1/3 2805/1/3 2837/1/3
f 2860/2/3 2837/2/3 2836/2/3
f 2861/1/3 2755/1/3 2805/1/3
f 2861/1/3 2805/1/3 2860/1/3
f 2862/1/3 2620/1/3 2807/1/3
f 2862/2/3 2838/2/3 2620/2/3
f 2863/2/3 2838/2/3 2862/2/3
f 2864/2/3 2838/2/3 2863/2/3
f 2865/1/3 2840/1/3 2839/1/3
f 2865/2/3 2838/2/3 2864/2/3
f 2865/1/3 2839/1/3 2838/1/3
f 2866/2/3 2809/2/3 2841/2/3
f 2866/1/3 2687/1/3 2809/1/3
f 2866/2/3 2841/2/3 2840/2/3
f 2867/1/3 2650/1/3 2687/1/3
f 2867/1/3 2687/1/3 2866/1/3
f 2868/2/3 2842/2/3 2650/2/3
f 2868/1/3 2650/1/3 2867/1/3
f 2869/2/3 2842/2/3 2868/2/3
f 2870/2/3 2842/2/3 2869/2/3
f 2871/1/3 2843/1/3 2842/1/3
f 2871/2/3 2842/2/3 2870/2/3
f 2872/2/3 2730/2/3 2688/2/3
f 2872/2/3 2731/2/3 2730/2/3
f 2872/1/3 2688/1/3 180/1/3
f 2873/2/3 2731/2/3 2872/2/3
f 2874/2/3 2731/2/3 2873/2/3
f 2875/1/3 2810/1/3 2731/1/3
f 2875/2/3 2731/2/3 2874/2/3
f 2876/2/3 2814/2/3 2845/2/3
f 2877/1/3 2816/1/3 2815/1/3
f 2877/2/3 2814/2/3 2876/2/3
f 2877/1/3 2815/1/3 2814/1/3
f 2878/2/3 2698/2/3 2660/2/3
f 2878/2/3 2699/2/3 2698/2/3
f 2879/1/3 2820/1/3 2764/1/3
f 2879/2/3 2699/2/3 2878/2/3
f 2879/1/3 2764/1/3 2699/1/3
f 2880/1/3 2820/1/3 2879/1/3
f 2881/2/3 2848/2/3 2820/2/3
f 2881/1/3 2820/1/3 2880/1/3
f 2881/2/3 2849/2/3 2848/2/3
f 2882/1/3 2850/1/3 2794/1/3
f 2882/1/3 2794/1/3 2769/1/3
f 2883/2/3 2851/2/3 2850/2/3
f 2883/1/3 2850/1/3 2882/1/3
f 2884/1/3 2771/1/3 2851/1/3
f 2884/2/3 2851/2/3 2883/2/3
f 2885/1/3 2702/1/3 2771/1/3
f 2885/1/3 2771/1/3 2884/1/3
f 2886/1/3 2706/1/3 2855/1/3
f 2886/2/3 2743/2/3 2742/2/3
f 2886/2/3 2742/2/3 2706/2/3
f 2887/2/3 2743/2/3 2886/2/3
f 2888/2/3 2743/2/3 2887/2/3
f 2889/1/3 2744/1/3 2743/1/3
f 2889/2/3 2743/2/3 2888/2/3
f 2890/2/3 2747/2/3 2746/2/3
f 2890/1/3 2744/1/3 2889/1/3
f 2890/2/3 2746/2/3 2745/2/3
f 2890/2/3 2745/2/3 2744/2/3
f 2891/2/3 2747/2/3 2890/2/3
f 2892/2/3 2747/2/3 2891/2/3
f 2893/1/3 2826/1/3 2747/1/3
f 2893/2/3 2747/2/3 2892/2/3
f 2894/2/3 2830/2/3 2857/2/3
f 2895/1/3 2831/1/3 2830/1/3
f 2895/2/3 2830/2/3 2894/2/3
f 2895/1/3 2832/1/3 2831/1/3
f 2896/2/3 2720/2/3 2678/2/3
f 2896/2/3 2721/2/3 2720/2/3
f 2897/1/3 2780/1/3 2721/1/3
f 2897/2/3 2721/2/3 2896/2/3
f 2897/1/3 2836/1/3 2780/1/3
f 2898/1/3 2836/1/3 2897/1/3
f 2899/2/3 2860/2/3 2836/2/3
f 2899/1/3 2836/1/3 2898/1/3
f 2899/2/3 2861/2/3 2860/2/3
f 2900/2/3 2725/2/3 2724/2/3
f 2900/2/3 2723/2/3 2722/2/3
f 2900/2/3 2724/2/3 2723/2/3
f 2901/1/3 2782/1/3 2725/1/3
f 2901/2/3 2725/2/3 2900/2/3
f 2902/2/3 2864/2/3 2863/2/3
f 2902/1/3 2863/1/3 2862/1/3
f 2903/1/3 2865/1/3 2864/1/3
f 2903/2/3 2864/2/3 2902/2/3
f 2904/2/3 2870/2/3 2869/2/3
f 2904/1/3 2869/1/3 2868/1/3
f 2904/1/3 2868/1/3 2867/1/3
f 2905/1/3 2871/1/3 2870/1/3
f 2905/2/3 2870/2/3 2904/2/3
f 2906/2/3 2874/2/3 2873/2/3
f 2906/1/3 2873/1/3 2872/1/3
f 2907/1/3 2875/1/3 2874/1/3
f 2907/2/3 2874/2/3 2906/2/3
f 2908/1/3 2845/1/3 2844/1/3
f 2908/2/3 2876/2/3 2845/2/3
f 2909/1/3 2877/1/3 2876/1/3
f 2909/2/3 2876/2/3 2908/2/3
f 2910/1/3 2660/1/3 2847/1/3
f 2910/2/3 2878/2/3 2660/2/3
f 2911/2/3 2878/2/3 2910/2/3
f 2912/2/3 2878/2/3 2911/2/3
f 2913/1/3 2880/1/3 2879/1/3
f 2913/2/3 2878/2/3 2912/2/3
f 2913/1/3 2879/1/3 2878/1/3
f 2914/2/3 2849/2/3 2881/2/3
f 2914/2/3 2881/2/3 2880/2/3
f 2914/1/3 2766/1/3 2849/1/3
f 2915/1/3 2766/1/3 2914/1/3
f 2916/1/3 2702/1/3 2885/1/3
f 2916/2/3 2704/2/3 2703/2/3
f 2916/2/3 2703/2/3 2702/2/3
f 2916/2/3 2705/2/3 2704/2/3
f 2917/2/3 2705/2/3 2916/2/3
f 2918/2/3 2705/2/3 2917/2/3
f 2919/1/3 2852/1/3 2705/1/3
f 2919/2/3 2705/2/3 2918/2/3
f 2920/1/3 2887/1/3 2886/1/3
f 2920/2/3 2888/2/3 2887/2/3
f 2921/1/3 2889/1/3 2888/1/3
f 2921/2/3 2888/2/3 2920/2/3
f 2921/1/3 2890/1/3 2889/1/3
f 2921/1/3 2891/1/3 2890/1/3
f 2922/2/3 2892/2/3 2891/2/3
f 2922/1/3 2891/1/3 2921/1/3
f 2923/1/3 2893/1/3 2892/1/3
f 2923/2/3 2892/2/3 2922/2/3
f 2924/1/3 2857/1/3 2856/1/3
f 2924/2/3 2894/2/3 2857/2/3
f 2925/1/3 2895/1/3 2894/1/3
f 2925/2/3 2894/2/3 2924/2/3
f 2926/1/3 2678/1/3 2859/1/3
f 2926/2/3 2896/2/3 2678/2/3
f 2927/2/3 2896/2/3 2926/2/3
f 2928/2/3 2896/2/3 2927/2/3
f 2929/1/3 2898/1/3 2897/1/3
f 2929/2/3 2896/2/3 2928/2/3
f 2929/1/3 2897/1/3 2896/1/3
f 2930/2/3 2861/2/3 2899/2/3
f 2930/1/3 2755/1/3 2861/1/3
f 2930/2/3 2899/2/3 2898/2/3
f 2931/1/3 2722/1/3 2755/1/3
f 2931/1/3 2755/1/3 2930/1/3
f 2932/2/3 2900/2/3 2722/2/3
f 2932/1/3 2722/1/3 2931/1/3
f 2933/2/3 2900/2/3 2932/2/3
f 2934/2/3 2900/2/3 2933/2/3
f 2935/1/3 2901/1/3 2900/1/3
f 2935/2/3 2900/2/3 2934/2/3
f 2936/1/3 2902/1/3 2862/1/3
f 2936/1/3 2903/1/3 2902/1/3
f 2937/1/3 2840/1/3 2865/1/3
f 2937/1/3 2903/1/3 2936/1/3
f 2937/1/3 2865/1/3 2903/1/3
f 2938/1/3 2904/1/3 2867/1/3
f 2938/1/3 2905/1/3 2904/1/3
f 2939/1/3 2843/1/3 2871/1/3
f 2939/1/3 2905/1/3 2938/1/3
f 2939/1/3 2871/1/3 2905/1/3
f 2940/1/3 2907/1/3 2906/1/3
f 2940/1/3 2906/1/3 2872/1/3
f 2941/1/3 2907/1/3 2940/1/3
f 2942/1/3 2909/1/3 2908/1/3
f 2942/1/3 2908/1/3 2844/1/3
f 2943/1/3 2877/1/3 2909/1/3
f 2943/1/3 2909/1/3 2942/1/3
f 2944/2/3 2912/2/3 2911/2/3
f 2944/1/3 2911/1/3 2910/1/3
f 2945/1/3 2913/1/3 2912/1/3
f 2945/2/3 2912/2/3 2944/2/3
f 2946/1/3 2766/1/3 2915/1/3
f 2946/2/3 2768/2/3 2767/2/3
f 2946/2/3 2767/2/3 2766/2/3
f 2946/2/3 2769/2/3 2768/2/3
f 2947/2/3 2769/2/3 2946/2/3
f 2948/2/3 2769/2/3 2947/2/3
f 2949/1/3 2882/1/3 2769/1/3
f 2949/2/3 2769/2/3 2948/2/3
f 2950/1/3 2917/1/3 2916/1/3
f 2950/2/3 2918/2/3 2917/2/3
f 2951/1/3 2919/1/3 2918/1/3
f 2951/2/3 2918/2/3 2950/2/3
f 2952/1/3 2920/1/3 2886/1/3
f 2952/1/3 2923/1/3 2922/1/3
f 2952/1/3 2921/1/3 2920/1/3
f 2952/1/3 2922/1/3 2921/1/3
f 2953/1/3 2923/1/3 2952/1/3
f 2954/1/3 2923/1/3 2953/1/3
f 2955/1/3 2923/1/3 2954/1/3
f 2956/1/3 2924/1/3 2856/1/3
f 2956/1/3 2925/1/3 2924/1/3
f 2957/1/3 2895/1/3 2925/1/3
f 2957/1/3 2925/1/3 2956/1/3
f 2958/2/3 2928/2/3 2927/2/3
f 2958/1/3 2927/1/3 2926/1/3
f 2959/1/3 2929/1/3 2928/1/3
f 2959/2/3 2928/2/3 2958/2/3
f 2960/1/3 2932/1/3 2931/1/3
f 2960/1/3 2933/1/3 2932/1/3
f 2960/2/3 2934/2/3 2933/2/3
f 2961/1/3 2935/1/3 2934/1/3
f 2961/2/3 2934/2/3 2960/2/3
f 2962/1/3 2936/1/3 2862/1/3
f 2962/1/3 2862/1/3 2807/1/3
f 2963/2/3 2937/2/3 2936/2/3
f 2963/1/3 2936/1/3 2962/1/3
f 2964/1/3 2840/1/3 2937/1/3
f 2964/2/3 2937/2/3 2963/2/3
f 2965/1/3 2840/1/3 2964/1/3
f 2966/1/3 2938/1/3 2867/1/3
f 2967/2/3 2939/2/3 2938/2/3
f 2967/1/3 2938/1/3 2966/1/3
f 2968/1/3 2843/1/3 2939/1/3
f 2968/2/3 2939/2/3 2967/2/3
f 2969/1/3 221/1/3 2843/1/3
f 2969/1/3 2843/1/3 2968/1/3
f 2970/1/3 2907/1/3 2941/1/3
f 2970/2/3 2941/2/3 2940/2/3
f 2971/1/3 2875/1/3 2907/1/3
f 2971/1/3 2907/1/3 2970/1/3
f 2972/1/3 2942/1/3 2844/1/3
f 2972/1/3 2844/1/3 2813/1/3
f 2973/2/3 2943/2/3 2942/2/3
f 2973/1/3 2942/1/3 2972/1/3
f 2974/1/3 2877/1/3 2943/1/3
f 2974/2/3 2943/2/3 2973/2/3
f 2975/1/3 2816/1/3 2877/1/3
f 2975/1/3 2877/1/3 2974/1/3
f 2976/1/3 2945/1/3 2944/1/3
f 2976/1/3 2944/1/3 2910/1/3
f 2977/1/3 2913/1/3 2945/1/3
f 2977/1/3 2945/1/3 2976/1/3
f 2977/1/3 2880/1/3 2913/1/3
f 2978/1/3 2947/1/3 2946/1/3
f 2978/2/3 2948/2/3 2947/2/3
f 2979/1/3 2949/1/3 2948/1/3
f 2979/2/3 2948/2/3 2978/2/3
f 2980/1/3 2950/1/3 2916/1/3
f 2980/1/3 2951/1/3 2950/1/3
f 2981/1/3 2919/1/3 2951/1/3
f 2981/1/3 2951/1/3 2980/1/3
f 2982/1/3 2886/1/3 2855/1/3
f 2982/1/3 2952/1/3 2886/1/3
f 2983/2/3 2953/2/3 2952/2/3
f 2983/1/3 2952/1/3 2982/1/3
f 2984/1/3 2954/1/3 2953/1/3
f 2984/2/3 2953/2/3 2983/2/3
f 2985/1/3 2954/1/3 2984/1/3
f 2986/1/3 2954/1/3 2985/1/3
f 2987/2/3 2955/2/3 2954/2/3
f 2987/1/3 2954/1/3 2986/1/3
f 2988/1/3 2923/1/3 2955/1/3
f 2988/2/3 2955/2/3 2987/2/3
f 2989/1/3 2893/1/3 2923/1/3
f 2989/1/3 2923/1/3 2988/1/3
f 2990/1/3 2956/1/3 2856/1/3
f 2990/1/3 2856/1/3 2829/1/3
f 2991/2/3 2957/2/3 2956/2/3
f 2991/1/3 2956/1/3 2990/1/3
f 2992/1/3 2895/1/3 2957/1/3
f 2992/2/3 2957/2/3 2991/2/3
f 2993/1/3 2832/1/3 2895/1/3
f 2993/1/3 2895/1/3 2992/1/3
f 2994/1/3 2958/1/3 2926/1/3
f 2994/1/3 2959/1/3 2958/1/3
f 2995/1/3 2898/1/3 2929/1/3
f 2995/1/3 2959/1/3 2994/1/3
f 2995/1/3 2929/1/3 2959/1/3
f 2996/1/3 2961/1/3 2960/1/3
f 2996/1/3 2960/1/3 2931/1/3
f 2997/1/3 2935/1/3 2961/1/3
f 2997/1/3 2961/1/3 2996/1/3
f 2997/1/3 2901/1/3 2935/1/3
f 2998/2/3 2806/2/3 2782/2/3
f 2998/1/3 2901/1/3 2997/1/3
f 2998/1/3 2782/1/3 2901/1/3
f 2998/2/3 2807/2/3 2806/2/3
f 2999/2/3 2807/2/3 2998/2/3
f 3000/2/3 2807/2/3 2999/2/3
f 3001/1/3 2962/1/3 2807/1/3
f 3001/2/3 2807/2/3 3000/2/3
f 3002/1/3 2940/1/3 2872/1/3
f 3002/1/3 2872/1/3 180/1/3
f 3003/2/3 2970/2/3 2940/2/3
f 3003/1/3 2940/1/3 3002/1/3
f 3003/2/3 2971/2/3 2970/2/3
f 3004/1/3 2875/1/3 2971/1/3
f 3004/2/3 2971/2/3 3003/2/3
f 3005/1/3 2810/1/3 2875/1/3
f 3005/1/3 2875/1/3 3004/1/3
f 3006/2/3 2811/2/3 2810/2/3
f 3006/2/3 2813/2/3 2812/2/3
f 3006/2/3 2812/2/3 2811/2/3
f 3007/1/3 2972/1/3 2813/1/3
f 3007/2/3 2813/2/3 3006/2/3
f 3008/2/3 2973/2/3 2972/2/3
f 3008/1/3 2816/1/3 2975/1/3
f 3008/2/3 2974/2/3 2973/2/3
f 3008/2/3 2975/2/3 2974/2/3
f 3009/1/3 2816/1/3 3008/1/3
f 3010/1/3 2976/1/3 2910/1/3
f 3010/1/3 2910/1/3 2847/1/3
f 3011/2/3 2977/2/3 2976/2/3
f 3011/1/3 2976/1/3 3010/1/3
f 3012/1/3 2880/1/3 2977/1/3
f 3012/2/3 2977/2/3 3011/2/3
f 3013/1/3 2880/1/3 3012/1/3
f 3014/1/3 2979/1/3 2978/1/3
f 3014/1/3 2978/1/3 2946/1/3
f 3015/1/3 2949/1/3 2979/1/3
f 3015/1/3 2979/1/3 3014/1/3
f 3016/1/3 2980/1/3 2916/1/3
f 3016/1/3 2916/1/3 2885/1/3
f 3017/2/3 2981/2/3 2980/2/3
f 3017/1/3 2980/1/3 3016/1/3
f 3018/1/3 2919/1/3 2981/1/3
f 3018/2/3 2981/2/3 3017/2/3
f 3019/1/3 2852/1/3 2919/1/3
f 3019/1/3 2919/1/3 3018/1/3
f 3020/2/3 2855/2/3 2854/2/3
f 3020/2/3 2853/2/3 2852/2/3
f 3020/2/3 2854/2/3 2853/2/3
f 3021/1/3 2982/1/3 2855/1/3
f 3021/2/3 2855/2/3 3020/2/3
f 3022/2/3 2984/2/3 2983/2/3
f 3022/2/3 2985/2/3 2984/2/3
f 3022/2/3 2983/2/3 2982/2/3
f 3022/1/3 2986/1/3 2985/1/3
f 3023/1/3 2986/1/3 3022/1/3
f 3024/2/3 2988/2/3 2987/2/3
f 3024/1/3 2893/1/3 2989/1/3
f 3024/2/3 2989/2/3 2988/2/3
f 3024/2/3 2987/2/3 2986/2/3
f 3025/1/3 2826/1/3 2893/1/3
f 3025/1/3 2893/1/3 3024/1/3
f 3026/2/3 2829/2/3 2828/2/3
f 3026/2/3 2827/2/3 2826/2/3
f 3026/2/3 2828/2/3 2827/2/3
f 3027/1/3 2990/1/3 2829/1/3
f 3027/2/3 2829/2/3 3026/2/3
f 3028/2/3 2991/2/3 2990/2/3
f 3028/1/3 2832/1/3 2993/1/3
f 3028/2/3 2993/2/3 2992/2/3
f 3028/2/3 2992/2/3 2991/2/3
f 3029/1/3 2832/1/3 3028/1/3
f 3030/1/3 2994/1/3 2926/1/3
f 3030/1/3 2926/1/3 2859/1/3
f 3031/2/3 2995/2/3 2994/2/3
f 3031/1/3 2994/1/3 3030/1/3
f 3032/1/3 2898/1/3 2995/1/3
f 3032/2/3 2995/2/3 3031/2/3
f 3033/1/3 2898/1/3 3032/1/3
f 3034/1/3 2996/1/3 2931/1/3
f 3035/2/3 2997/2/3 2996/2/3
f 3035/1/3 2996/1/3 3034/1/3
f 3036/1/3 2999/1/3 2998/1/3
f 3036/2/3 2997/2/3 3035/2/3
f 3036/1/3 2998/1/3 2997/1/3
f 3037/1/3 2999/1/3 3036/1/3
f 3038/2/3 3000/2/3 2999/2/3
f 3038/1/3 2999/1/3 3037/1/3
f 3039/1/3 3001/1/3 3000/1/3
f 3039/2/3 3000/2/3 3038/2/3
f 3040/1/3 2840/1/3 2965/1/3
f 3040/2/3 2867/2/3 2866/2/3
f 3040/2/3 2866/2/3 2840/2/3
f 3041/2/3 2867/2/3 3040/2/3
f 3042/2/3 2867/2/3 3041/2/3
f 3043/1/3 2966/1/3 2867/1/3
f 3043/2/3 2867/2/3 3042/2/3
f 3044/1/3 2810/1/3 3005/1/3
f 3044/2/3 3006/2/3 2810/2/3
f 3045/2/3 3006/2/3 3044/2/3
f 3046/2/3 3006/2/3 3045/2/3
f 3047/1/3 3007/1/3 3006/1/3
f 3047/2/3 3006/2/3 3046/2/3
f 3048/1/3 2816/1/3 3009/1/3
f 3048/2/3 2846/2/3 2816/2/3
f 3048/2/3 2847/2/3 2846/2/3
f 3049/2/3 2847/2/3 3048/2/3
f 3050/2/3 2847/2/3 3049/2/3
f 3051/1/3 3010/1/3 2847/1/3
f 3051/2/3 2847/2/3 3050/2/3
f 3052/1/3 3014/1/3 2946/1/3
f 3052/1/3 2946/1/3 2915/1/3
f 3053/2/3 3015/2/3 3014/2/3
f 3053/1/3 3014/1/3 3052/1/3
f 3054/1/3 2949/1/3 3015/1/3
f 3054/2/3 3015/2/3 3053/2/3
f 3055/1/3 2882/1/3 2949/1/3
f 3055/1/3 2949/1/3 3054/1/3
f 3056/2/3 2883/2/3 2882/2/3
f 3056/1/3 2882/1/3 3055/1/3
f 3056/2/3 2885/2/3 2884/2/3
f 3056/2/3 2884/2/3 2883/2/3
f 3057/2/3 2885/2/3 3056/2/3
f 3058/2/3 2885/2/3 3057/2/3
f 3059/1/3 3016/1/3 2885/1/3
f 3059/2/3 2885/2/3 3058/2/3
f 3060/1/3 2852/1/3 3019/1/3
f 3060/2/3 3020/2/3 2852/2/3
f 3061/2/3 3020/2/3 3060/2/3
f 3062/2/3 3020/2/3 3061/2/3
f 3063/1/3 3021/1/3 3020/1/3
f 3063/2/3 3020/2/3 3062/2/3
f 3064/1/3 2826/1/3 3025/1/3
f 3064/2/3 3026/2/3 2826/2/3
f 3065/2/3 3026/2/3 3064/2/3
f 3066/2/3 3026/2/3 3065/2/3
f 3067/1/3 3027/1/3 3026/1/3
f 3067/2/3 3026/2/3 3066/2/3
f 3068/1/3 2832/1/3 3029/1/3
f 3068/2/3 2858/2/3 2832/2/3
f 3068/2/3 2859/2/3 2858/2/3
f 3069/2/3 2859/2/3 3068/2/3
f 3070/2/3 2859/2/3 3069/2/3
f 3071/1/3 3030/1/3 2859/1/3
f 3071/2/3 2859/2/3 3070/2/3
f 3072/1/3 3039/1/3 3038/1/3
f 3072/1/3 3038/1/3 3037/1/3
f 3073/1/3 3039/1/3 3072/1/3
f 3074/2/3 3042/2/3 3041/2/3
f 3074/1/3 3041/1/3 3040/1/3
f 3075/1/3 3043/1/3 3042/1/3
f 3075/2/3 3042/2/3 3074/2/3
f 3076/2/3 3046/2/3 3045/2/3
f 3076/1/3 3045/1/3 3044/1/3
f 3077/1/3 3047/1/3 3046/1/3
f 3077/2/3 3046/2/3 3076/2/3
f 3078/1/3 3049/1/3 3048/1/3
f 3078/2/3 3050/2/3 3049/2/3
f 3079/1/3 3051/1/3 3050/1/3
f 3079/2/3 3050/2/3 3078/2/3
f 3080/2/3 2915/2/3 2914/2/3
f 3080/2/3 2914/2/3 2880/2/3
f 3080/1/3 2880/1/3 3013/1/3
f 3081/2/3 2915/2/3 3080/2/3
f 3082/2/3 2915/2/3 3081/2/3
f 3083/1/3 3052/1/3 2915/1/3
f 3083/2/3 2915/2/3 3082/2/3
f 3084/2/3 3058/2/3 3057/2/3
f 3084/1/3 3056/1/3 3055/1/3
f 3084/1/3 3057/1/3 3056/1/3
f 3085/1/3 3059/1/3 3058/1/3
f 3085/2/3 3058/2/3 3084/2/3
f 3086/2/3 3062/2/3 3061/2/3
f 3086/1/3 3061/1/3 3060/1/3
f 3087/1/3 3063/1/3 3062/1/3
f 3087/2/3 3062/2/3 3086/2/3
f 3088/2/3 3066/2/3 3065/2/3
f 3088/1/3 3065/1/3 3064/1/3
f 3089/1/3 3067/1/3 3066/1/3
f 3089/2/3 3066/2/3 3088/2/3
f 3090/2/3 3070/2/3 3069/2/3
f 3090/1/3 3069/1/3 3068/1/3
f 3091/1/3 3071/1/3 3070/1/3
f 3091/2/3 3070/2/3 3090/2/3
f 3092/1/3 2898/1/3 3033/1/3
f 3092/2/3 2931/2/3 2930/2/3
f 3092/2/3 2930/2/3 2898/2/3
f 3093/2/3 2931/2/3 3092/2/3
f 3094/2/3 2931/2/3 3093/2/3
f 3095/1/3 3034/1/3 2931/1/3
f 3095/2/3 2931/2/3 3094/2/3
f 3096/1/3 3072/1/3 3037/1/3
f 3097/2/3 3073/2/3 3072/2/3
f 3097/1/3 3072/1/3 3096/1/3
f 3098/1/3 3039/1/3 3073/1/3
f 3098/2/3 3073/2/3 3097/2/3
f 3099/1/3 3001/1/3 3039/1/3
f 3099/1/3 3039/1/3 3098/1/3
f 3100/1/3 3074/1/3 3040/1/3
f 3100/1/3 3075/1/3 3074/1/3
f 3101/1/3 3043/1/3 3075/1/3
f 3101/1/3 3075/1/3 3100/1/3
f 3102/1/3 3079/1/3 3078/1/3
f 3102/1/3 3078/1/3 3048/1/3
f 3103/1/3 3079/1/3 3102/1/3
f 3104/2/3 3082/2/3 3081/2/3
f 3104/1/3 3081/1/3 3080/1/3
f 3105/1/3 3083/1/3 3082/1/3
f 3105/2/3 3082/2/3 3104/2/3
f 3106/1/3 3084/1/3 3055/1/3
f 3106/1/3 3085/1/3 3084/1/3
f 3107/1/3 3085/1/3 3106/1/3
f 3108/1/3 3086/1/3 3060/1/3
f 3108/1/3 3087/1/3 3086/1/3
f 3109/1/3 3063/1/3 3087/1/3
f 3109/1/3 3087/1/3 3108/1/3
f 3110/1/3 3091/1/3 3090/1/3
f 3110/1/3 3090/1/3 3068/1/3
f 3111/1/3 3091/1/3 3110/1/3
f 3112/2/3 3094/2/3 3093/2/3
f 3112/1/3 3093/1/3 3092/1/3
f 3113/1/3 3095/1/3 3094/1/3
f 3113/2/3 3094/2/3 3112/2/3
f 3114/2/3 3098/2/3 3097/2/3
f 3114/1/3 3001/1/3 3099/1/3
f 3114/2/3 3099/2/3 3098/2/3
f 3114/2/3 3097/2/3 3096/2/3
f 3115/1/3 2962/1/3 3001/1/3
f 3115/1/3 3001/1/3 3114/1/3
f 3116/1/3 3100/1/3 3040/1/3
f 3116/1/3 3040/1/3 2965/1/3
f 3117/2/3 3101/2/3 3100/2/3
f 3117/1/3 3100/1/3 3116/1/3
f 3118/1/3 3043/1/3 3101/1/3
f 3118/2/3 3101/2/3 3117/2/3
f 3119/1/3 2966/1/3 3043/1/3
f 3119/1/3 3043/1/3 3118/1/3
f 3120/2/3 2968/2/3 2967/2/3
f 3120/1/3 2966/1/3 3119/1/3
f 3120/2/3 2967/2/3 2966/2/3
f 3120/2/3 2969/2/3 2968/2/3
f 3121/2/3 2969/2/3 3120/2/3
f 3122/2/3 2969/2/3 3121/2/3
f 3123/1/3 221/1/3 2969/1/3
f 3123/2/3 2969/2/3 3122/2/3
f 3124/1/3 3076/1/3 3044/1/3
f 3124/1/3 3077/1/3 3076/1/3
f 3125/1/3 3007/1/3 3047/1/3
f 3125/1/3 3077/1/3 3124/1/3
f 3125/1/3 3047/1/3 3077/1/3
f 3126/1/3 3102/1/3 3048/1/3
f 3126/1/3 3048/1/3 3009/1/3
f 3127/2/3 3103/2/3 3102/2/3
f 3127/1/3 3102/1/3 3126/1/3
f 3128/1/3 3079/1/3 3103/1/3
f 3128/2/3 3103/2/3 3127/2/3
f 3129/1/3 3051/1/3 3079/1/3
f 3129/1/3 3079/1/3 3128/1/3
f 3130/1/3 3104/1/3 3080/1/3
f 3130/1/3 3105/1/3 3104/1/3
f 3131/1/3 3083/1/3 3105/1/3
f 3131/1/3 3105/1/3 3130/1/3
f 3132/1/3 3106/1/3 3055/1/3
f 3133/2/3 3107/2/3 3106/2/3
f 3133/1/3 3106/1/3 3132/1/3
f 3134/1/3 3085/1/3 3107/1/3
f 3134/2/3 3107/2/3 3133/2/3
f 3135/1/3 3059/1/3 3085/1/3
f 3135/1/3 3085/1/3 3134/1/3
f 3136/1/3 3108/1/3 3060/1/3
f 3136/1/3 3060/1/3 3019/1/3
f 3137/2/3 3109/2/3 3108/2/3
f 3137/1/3 3108/1/3 3136/1/3
f 3138/1/3 3063/1/3 3109/1/3
f 3138/2/3 3109/2/3 3137/2/3
f 3139/1/3 3021/1/3 3063/1/3
f 3139/1/3 3063/1/3 3138/1/3
f 3140/1/3 3088/1/3 3064/1/3
f 3140/1/3 3089/1/3 3088/1/3
f 3141/1/3 3027/1/3 3067/1/3
f 3141/1/3 3089/1/3 3140/1/3
f 3141/1/3 3067/1/3 3089/1/3
f 3142/1/3 3110/1/3 3068/1/3
f 3142/1/3 3068/1/3 3029/1/3
f 3143/2/3 3111/2/3 3110/2/3
f 3143/1/3 3110/1/3 3142/1/3
f 3144/1/3 3091/1/3 3111/1/3
f 3144/2/3 3111/2/3 3143/2/3
f 3145/1/3 3071/1/3 3091/1/3
f 3145/1/3 3091/1/3 3144/1/3
f 3146/1/3 3113/1/3 3112/1/3
f 3146/1/3 3112/1/3 3092/1/3
f 3147/1/3 3095/1/3 3113/1/3
f 3147/1/3 3113/1/3 3146/1/3
f 3148/2/3 2965/2/3 2964/2/3
f 3148/2/3 2963/2/3 2962/2/3
f 3148/2/3 2964/2/3 2963/2/3
f 3148/1/3 2962/1/3 3115/1/3
f 3149/2/3 2965/2/3 3148/2/3
f 3150/2/3 2965/2/3 3149/2/3
f 3151/1/3 3116/1/3 2965/1/3
f 3151/2/3 2965/2/3 3150/2/3
f 3152/1/3 3120/1/3 3119/1/3
f 3152/1/3 3121/1/3 3120/1/3
f 3152/2/3 3122/2/3 3121/2/3
f 3153/1/3 3123/1/3 3122/1/3
f 3153/2/3 3122/2/3 3152/2/3
f 3154/1/3 3124/1/3 3044/1/3
f 3154/1/3 3044/1/3 3005/1/3
f 3155/2/3 3125/2/3 3124/2/3
f 3155/1/3 3124/1/3 3154/1/3
f 3156/1/3 3007/1/3 3125/1/3
f 3156/2/3 3125/2/3 3155/2/3
f 3157/1/3 2972/1/3 3007/1/3
f 3157/1/3 3007/1/3 3156/1/3
f 3158/2/3 3008/2/3 2972/2/3
f 3158/2/3 3009/2/3 3008/2/3
f 3159/1/3 3126/1/3 3009/1/3
f 3159/2/3 3009/2/3 3158/2/3
f 3160/2/3 3128/2/3 3127/2/3
f 3160/2/3 3127/2/3 3126/2/3
f 3160/1/3 3051/1/3 3129/1/3
f 3160/2/3 3129/2/3 3128/2/3
f 3161/1/3 3010/1/3 3051/1/3
f 3161/1/3 3051/1/3 3160/1/3
f 3162/1/3 3080/1/3 3013/1/3
f 3162/1/3 3130/1/3 3080/1/3
f 3163/2/3 3131/2/3 3130/2/3
f 3163/1/3 3130/1/3 3162/1/3
f 3164/1/3 3083/1/3 3131/1/3
f 3164/2/3 3131/2/3 3163/2/3
f 3165/1/3 3052/1/3 3083/1/3
f 3165/1/3 3083/1/3 3164/1/3
f 3166/2/3 3134/2/3 3133/2/3
f 3166/1/3 3059/1/3 3135/1/3
f 3166/2/3 3133/2/3 3132/2/3
f 3166/2/3 3135/2/3 3134/2/3
f 3167/1/3 3016/1/3 3059/1/3
f 3167/1/3 3059/1/3 3166/1/3
f 3168/2/3 3018/2/3 3017/2/3
f 3168/1/3 3016/1/3 3167/1/3
f 3168/2/3 3017/2/3 3016/2/3
f 3168/2/3 3019/2/3 3018/2/3
f 3169/2/3 3019/2/3 3168/2/3
f 3170/2/3 3019/2/3 3169/2/3
f 3171/1/3 3136/1/3 3019/1/3
f 3171/2/3 3019/2/3 3170/2/3
f 3172/2/3 3137/2/3 3136/2/3
f 3172/2/3 3138/2/3 3137/2/3
f 3172/2/3 3139/2/3 3138/2/3
f 3172/1/3 3021/1/3 3139/1/3
f 3173/1/3 2982/1/3 3021/1/3
f 3173/1/3 3021/1/3 3172/1/3
f 3174/2/3 3023/2/3 3022/2/3
f 3174/1/3 2982/1/3 3173/1/3
f 3174/2/3 3022/2/3 2982/2/3
f 3175/2/3 3023/2/3 3174/2/3
f 3176/2/3 3023/2/3 3175/2/3
f 3177/1/3 2986/1/3 3023/1/3
f 3177/2/3 3023/2/3 3176/2/3
f 3178/1/3 3064/1/3 3025/1/3
f 3178/1/3 3140/1/3 3064/1/3
f 3179/2/3 3141/2/3 3140/2/3
f 3179/1/3 3140/1/3 3178/1/3
f 3180/1/3 3027/1/3 3141/1/3
f 3180/2/3 3141/2/3 3179/2/3
f 3181/1/3 2990/1/3 3027/1/3
f 3181/1/3 3027/1/3 3180/1/3
f 3182/2/3 3029/2/3 3028/2/3
f 3182/2/3 3028/2/3 2990/2/3
f 3183/1/3 3142/1/3 3029/1/3
f 3183/2/3 3029/2/3 3182/2/3
f 3184/2/3 3144/2/3 3143/2/3
f 3184/2/3 3143/2/3 3142/2/3
f 3184/1/3 3071/1/3 3145/1/3
f 3184/2/3 3145/2/3 3144/2/3
f 3185/1/3 3030/1/3 3071/1/3
f 3185/1/3 3071/1/3 3184/1/3
f 3186/1/3 3146/1/3 3092/1/3
f 3186/1/3 3092/1/3 3033/1/3
f 3187/2/3 3147/2/3 3146/2/3
f 3187/1/3 3146/1/3 3186/1/3
f 3188/1/3 3095/1/3 3147/1/3
f 3188/2/3 3147/2/3 3187/2/3
f 3189/1/3 3034/1/3 3095/1/3
f 3189/1/3 3095/1/3 3188/1/3
f 3190/2/3 3036/2/3 3035/2/3
f 3190/1/3 3034/1/3 3189/1/3
f 3190/2/3 3035/2/3 3034/2/3
f 3190/2/3 3037/2/3 3036/2/3
f 3191/2/3 3037/2/3 3190/2/3
f 3192/2/3 3037/2/3 3191/2/3
f 3193/1/3 3096/1/3 3037/1/3
f 3193/2/3 3037/2/3 3192/2/3
f 3194/1/3 3149/1/3 3148/1/3
f 3194/2/3 3150/2/3 3149/2/3
f 3195/1/3 3151/1/3 3150/1/3
f 3195/2/3 3150/2/3 3194/2/3
f 3196/1/3 3152/1/3 3119/1/3
f 3196/1/3 3153/1/3 3152/1/3
f 3197/1/3 3153/1/3 3196/1/3
f 3198/2/3 3004/2/3 3003/2/3
f 3198/2/3 3003/2/3 3002/2/3
f 3198/2/3 3005/2/3 3004/2/3
f 3199/1/3 3154/1/3 3005/1/3
f 3199/2/3 3005/2/3 3198/2/3
f 3200/2/3 3158/2/3 2972/2/3
f 3200/1/3 2972/1/3 3157/1/3
f 3201/2/3 3158/2/3 3200/2/3
f 3202/2/3 3158/2/3 3201/2/3
f 3203/1/3 3159/1/3 3158/1/3
f 3203/2/3 3158/2/3 3202/2/3
f 3204/1/3 3010/1/3 3161/1/3
f 3204/2/3 3011/2/3 3010/2/3
f 3204/2/3 3012/2/3 3011/2/3
f 3204/2/3 3013/2/3 3012/2/3
f 3205/2/3 3013/2/3 3204/2/3
f 3206/2/3 3013/2/3 3205/2/3
f 3207/1/3 3162/1/3 3013/1/3
f 3207/2/3 3013/2/3 3206/2/3
f 3208/2/3 3053/2/3 3052/2/3
f 3208/1/3 3052/1/3 3165/1/3
f 3208/2/3 3055/2/3 3054/2/3
f 3208/2/3 3054/2/3 3053/2/3
f 3209/2/3 3055/2/3 3208/2/3
f 3210/2/3 3055/2/3 3209/2/3
f 3211/1/3 3132/1/3 3055/1/3
f 3211/2/3 3055/2/3 3210/2/3
f 3212/1/3 3169/1/3 3168/1/3
f 3212/1/3 3168/1/3 3167/1/3
f 3212/2/3 3170/2/3 3169/2/3
f 3213/1/3 3171/1/3 3170/1/3
f 3213/2/3 3170/2/3 3212/2/3
f 3214/2/3 3176/2/3 3175/2/3
f 3214/1/3 3175/1/3 3174/1/3
f 3214/1/3 3174/1/3 3173/1/3
f 3215/1/3 3177/1/3 3176/1/3
f 3215/2/3 3176/2/3 3214/2/3
f 3216/2/3 3024/2/3 2986/2/3
f 3216/2/3 3025/2/3 3024/2/3
f 3217/1/3 3178/1/3 3025/1/3
f 3217/2/3 3025/2/3 3216/2/3
f 3218/2/3 3182/2/3 2990/2/3
f 3218/1/3 2990/1/3 3181/1/3
f 3219/2/3 3182/2/3 3218/2/3
f 3220/2/3 3182/2/3 3219/2/3
f 3221/1/3 3183/1/3 3182/1/3
f 3221/2/3 3182/2/3 3220/2/3
f 3222/1/3 3030/1/3 3185/1/3
f 3222/2/3 3031/2/3 3030/2/3
f 3222/2/3 3033/2/3 3032/2/3
f 3222/2/3 3032/2/3 3031/2/3
f 3223/2/3 3033/2/3 3222/2/3
f 3224/2/3 3033/2/3 3223/2/3
f 3225/1/3 3186/1/3 3033/1/3
f 3225/2/3 3033/2/3 3224/2/3
f 3226/2/3 3192/2/3 3191/2/3
f 3226/1/3 3190/1/3 3189/1/3
f 3226/1/3 3191/1/3 3190/1/3
f 3227/1/3 3193/1/3 3192/1/3
f 3227/2/3 3192/2/3 3226/2/3
f 3228/1/3 3194/1/3 3148/1/3
f 3228/1/3 3195/1/3 3194/1/3
f 3229/1/3 3151/1/3 3195/1/3
f 3229/1/3 3195/1/3 3228/1/3
f 3230/1/3 3196/1/3 3119/1/3
f 3231/2/3 3197/2/3 3196/2/3
f 3231/1/3 3196/1/3 3230/1/3
f 3232/1/3 3153/1/3 3197/1/3
f 3232/2/3 3197/2/3 3231/2/3
f 3233/1/3 3123/1/3 3153/1/3
f 3233/1/3 3153/1/3 3232/1/3
f 3234/1/3 3002/1/3 180/1/3
f 3234/2/3 3198/2/3 3002/2/3
f 3235/2/3 3198/2/3 3234/2/3
f 3236/2/3 3198/2/3 3235/2/3
f 3237/1/3 3199/1/3 3198/1/3
f 3237/2/3 3198/2/3 3236/2/3
f 3238/1/3 3201/1/3 3200/1/3
f 3238/2/3 3202/2/3 3201/2/3
f 3239/1/3 3203/1/3 3202/1/3
f 3239/2/3 3202/2/3 3238/2/3
f 3240/1/3 3205/1/3 3204/1/3
f 3240/2/3 3206/2/3 3205/2/3
f 3241/1/3 3207/1/3 3206/1/3
f 3241/2/3 3206/2/3 3240/2/3
f 3242/2/3 3210/2/3 3209/2/3
f 3242/1/3 3209/1/3 3208/1/3
f 3243/1/3 3211/1/3 3210/1/3
f 3243/2/3 3210/2/3 3242/2/3
f 3244/1/3 3212/1/3 3167/1/3
f 3244/1/3 3213/1/3 3212/1/3
f 3245/1/3 3213/1/3 3244/1/3
f 3246/1/3 3214/1/3 3173/1/3
f 3246/1/3 3215/1/3 3214/1/3
f 3247/1/3 3215/1/3 3246/1/3
f 3248/1/3 3177/1/3 3215/1/3
f 3248/1/3 3215/1/3 3247/1/3
f 3248/1/3 2986/1/3 3177/1/3
f 3248/2/3 3216/2/3 2986/2/3
f 3249/2/3 3216/2/3 3248/2/3
f 3250/2/3 3216/2/3 3249/2/3
f 3251/1/3 3217/1/3 3216/1/3
f 3251/2/3 3216/2/3 3250/2/3
f 3252/2/3 3220/2/3 3219/2/3
f 3252/1/3 3219/1/3 3218/1/3
f 3253/1/3 3221/1/3 3220/1/3
f 3253/2/3 3220/2/3 3252/2/3
f 3254/2/3 3224/2/3 3223/2/3
f 3254/1/3 3223/1/3 3222/1/3
f 3255/1/3 3225/1/3 3224/1/3
f 3255/2/3 3224/2/3 3254/2/3
f 3256/1/3 3226/1/3 3189/1/3
f 3256/1/3 3227/1/3 3226/1/3
f 3257/1/3 3227/1/3 3256/1/3
f 3258/1/3 3228/1/3 3148/1/3
f 3258/1/3 3148/1/3 3115/1/3
f 3259/2/3 3229/2/3 3228/2/3
f 3259/1/3 3228/1/3 3258/1/3
f 3260/1/3 3151/1/3 3229/1/3
f 3260/2/3 3229/2/3 3259/2/3
f 3261/1/3 3116/1/3 3151/1/3
f 3261/1/3 3151/1/3 3260/1/3
f 3262/2/3 3119/2/3 3118/2/3
f 3262/1/3 3116/1/3 3261/1/3
f 3262/2/3 3117/2/3 3116/2/3
f 3262/2/3 3118/2/3 3117/2/3
f 3263/2/3 3119/2/3 3262/2/3
f 3264/2/3 3119/2/3 3263/2/3
f 3265/1/3 3230/1/3 3119/1/3
f 3265/2/3 3119/2/3 3264/2/3
f 3266/2/3 3232/2/3 3231/2/3
f 3266/2/3 3231/2/3 3230/2/3
f 3266/1/3 3123/1/3 3233/1/3
f 3266/2/3 3233/2/3 3232/2/3
f 3267/1/3 221/1/3 3123/1/3
f 3267/1/3 3123/1/3 3266/1/3
f 3268/2/3 3236/2/3 3235/2/3
f 3268/1/3 3235/1/3 3234/1/3
f 3269/1/3 3237/1/3 3236/1/3
f 3269/2/3 3236/2/3 3268/2/3
f 3270/1/3 3240/1/3 3204/1/3
f 3270/1/3 3241/1/3 3240/1/3
f 3271/1/3 3207/1/3 3241/1/3
f 3271/1/3 3241/1/3 3270/1/3
f 3272/2/3 3165/2/3 3164/2/3
f 3272/2/3 3164/2/3 3163/2/3
f 3272/2/3 3163/2/3 3162/2/3
f 3273/1/3 3243/1/3 3242/1/3
f 3273/2/3 3165/2/3 3272/2/3
f 3273/1/3 3242/1/3 3208/1/3
f 3273/1/3 3208/1/3 3165/1/3
f 3274/1/3 3243/1/3 3273/1/3
f 3275/1/3 3211/1/3 3243/1/3
f 3275/1/3 3243/1/3 3274/1/3
f 3276/1/3 3244/1/3 3167/1/3
f 3277/2/3 3245/2/3 3244/2/3
f 3277/1/3 3244/1/3 3276/1/3
f 3278/1/3 3213/1/3 3245/1/3
f 3278/2/3 3245/2/3 3277/2/3
f 3279/1/3 3171/1/3 3213/1/3
f 3279/1/3 3213/1/3 3278/1/3
f 3280/1/3 3246/1/3 3173/1/3
f 3281/2/3 3247/2/3 3246/2/3
f 3281/1/3 3246/1/3 3280/1/3
f 3282/1/3 3249/1/3 3248/1/3
f 3282/2/3 3247/2/3 3281/2/3
f 3282/1/3 3248/1/3 3247/1/3
f 3283/1/3 3249/1/3 3282/1/3
f 3284/2/3 3250/2/3 3249/2/3
f 3284/1/3 3249/1/3 3283/1/3
f 3285/1/3 3251/1/3 3250/1/3
f 3285/2/3 3250/2/3 3284/2/3
f 3286/1/3 3255/1/3 3254/1/3
f 3286/1/3 3254/1/3 3222/1/3
f 3287/1/3 3225/1/3 3255/1/3
f 3287/1/3 3255/1/3 3286/1/3
f 3288/1/3 3256/1/3 3189/1/3
f 3289/2/3 3257/2/3 3256/2/3
f 3289/1/3 3256/1/3 3288/1/3
f 3290/1/3 3227/1/3 3257/1/3
f 3290/2/3 3257/2/3 3289/2/3
f 3291/1/3 3193/1/3 3227/1/3
f 3291/1/3 3227/1/3 3290/1/3
f 3292/1/3 3263/1/3 3262/1/3
f 3292/2/3 3264/2/3 3263/2/3
f 3292/1/3 3262/1/3 3261/1/3
f 3293/1/3 3265/1/3 3264/1/3
f 3293/2/3 3264/2/3 3292/2/3
f 3294/1/3 3269/1/3 3268/1/3
f 3294/1/3 3268/1/3 3234/1/3
f 3295/1/3 3237/1/3 3269/1/3
f 3295/1/3 3269/1/3 3294/1/3
f 3296/1/3 3239/1/3 3238/1/3
f 3296/1/3 3238/1/3 3200/1/3
f 3297/1/3 3203/1/3 3239/1/3
f 3297/1/3 3239/1/3 3296/1/3
f 3298/1/3 3270/1/3 3204/1/3
f 3298/1/3 3204/1/3 3161/1/3
f 3299/2/3 3271/2/3 3270/2/3
f 3299/1/3 3270/1/3 3298/1/3
f 3300/1/3 3207/1/3 3271/1/3
f 3300/2/3 3271/2/3 3299/2/3
f 3301/1/3 3162/1/3 3207/1/3
f 3301/1/3 3207/1/3 3300/1/3
f 3302/2/3 3272/2/3 3162/2/3
f 3302/1/3 3162/1/3 3301/1/3
f 3303/2/3 3272/2/3 3302/2/3
f 3304/2/3 3272/2/3 3303/2/3
f 3305/1/3 3274/1/3 3273/1/3
f 3305/2/3 3272/2/3 3304/2/3
f 3305/1/3 3273/1/3 3272/1/3
f 3306/1/3 3274/1/3 3305/1/3
f 3307/2/3 3275/2/3 3274/2/3
f 3307/1/3 3274/1/3 3306/1/3
f 3308/1/3 3211/1/3 3275/1/3
f 3308/2/3 3275/2/3 3307/2/3
f 3309/1/3 3132/1/3 3211/1/3
f 3309/1/3 3211/1/3 3308/1/3
f 3310/2/3 3167/2/3 3166/2/3
f 3310/1/3 3132/1/3 3309/1/3
f 3310/2/3 3166/2/3 3132/2/3
f 3311/2/3 3167/2/3 3310/2/3
f 3312/2/3 3167/2/3 3311/2/3
f 3313/1/3 3276/1/3 3167/1/3
f 3313/2/3 3167/2/3 3312/2/3
f 3314/2/3 3278/2/3 3277/2/3
f 3314/1/3 3276/1/3 3313/1/3
f 3314/2/3 3277/2/3 3276/2/3
f 3314/2/3 3279/2/3 3278/2/3
f 3315/1/3 3136/1/3 3171/1/3
f 3315/1/3 3171/1/3 3279/1/3
f 3316/2/3 3172/2/3 3136/2/3
f 3316/1/3 3136/1/3 3315/1/3
f 3316/2/3 3173/2/3 3172/2/3
f 3317/2/3 3173/2/3 3316/2/3
f 3318/1/3 3280/1/3 3173/1/3
f 3318/2/3 3173/2/3 3317/2/3
f 3319/2/3 3281/2/3 3280/2/3
f 3319/1/3 3280/1/3 3318/1/3
f 3319/2/3 3283/2/3 3282/2/3
f 3319/2/3 3282/2/3 3281/2/3
f 3320/1/3 3284/1/3 3283/1/3
f 3320/1/3 3285/1/3 3284/1/3
f 3321/1/3 3251/1/3 3285/1/3
f 3321/1/3 3285/1/3 3320/1/3
f 3322/1/3 3252/1/3 3218/1/3
f 3322/1/3 3253/1/3 3252/1/3
f 3323/1/3 3221/1/3 3253/1/3
f 3323/1/3 3253/1/3 3322/1/3
f 3324/1/3 3286/1/3 3222/1/3
f 3324/1/3 3222/1/3 3185/1/3
f 3325/2/3 3287/2/3 3286/2/3
f 3325/1/3 3286/1/3 3324/1/3
f 3326/1/3 3225/1/3 3287/1/3
f 3326/2/3 3287/2/3 3325/2/3
f 3327/1/3 3186/1/3 3225/1/3
f 3327/1/3 3225/1/3 3326/1/3
f 3328/2/3 3187/2/3 3186/2/3
f 3328/1/3 3186/1/3 3327/1/3
f 3328/2/3 3189/2/3 3188/2/3
f 3328/2/3 3188/2/3 3187/2/3
f 3329/2/3 3189/2/3 3328/2/3
f 3330/2/3 3189/2/3 3329/2/3
f 3331/1/3 3288/1/3 3189/1/3
f 3331/2/3 3189/2/3 3330/2/3
f 3332/1/3 3193/1/3 3291/1/3
f 3332/2/3 3290/2/3 3289/2/3
f 3332/2/3 3291/2/3 3290/2/3
f 3332/2/3 3289/2/3 3288/2/3
f 3333/1/3 3096/1/3 3193/1/3
f 3333/1/3 3193/1/3 3332/1/3
f 3334/2/3 3114/2/3 3096/2/3
f 3334/1/3 3096/1/3 3333/1/3
f 3334/2/3 3115/2/3 3114/2/3
f 3335/2/3 3115/2/3 3334/2/3
f 3336/2/3 3115/2/3 3335/2/3
f 3337/1/3 3258/1/3 3115/1/3
f 3337/2/3 3115/2/3 3336/2/3
f 3338/1/3 3292/1/3 3261/1/3
f 3338/1/3 3293/1/3 3292/1/3
f 3339/1/3 3265/1/3 3293/1/3
f 3339/1/3 3293/1/3 3338/1/3
f 3340/1/3 3294/1/3 3234/1/3
f 3340/1/3 3234/1/3 180/1/3
f 3341/2/3 3295/2/3 3294/2/3
f 3341/1/3 3294/1/3 3340/1/3
f 3342/1/3 3237/1/3 3295/1/3
f 3342/2/3 3295/2/3 3341/2/3
f 3343/1/3 3199/1/3 3237/1/3
f 3343/1/3 3237/1/3 3342/1/3
f 3344/1/3 3296/1/3 3200/1/3
f 3344/1/3 3200/1/3 3157/1/3
f 3345/2/3 3297/2/3 3296/2/3
f 3345/1/3 3296/1/3 3344/1/3
f 3346/1/3 3203/1/3 3297/1/3
f 3346/2/3 3297/2/3 3345/2/3
f 3347/1/3 3159/1/3 3203/1/3
f 3347/1/3 3203/1/3 3346/1/3
f 3348/2/3 3304/2/3 3303/2/3
f 3348/1/3 3302/1/3 3301/1/3
f 3348/1/3 3303/1/3 3302/1/3
f 3349/1/3 3306/1/3 3305/1/3
f 3349/2/3 3304/2/3 3348/2/3
f 3349/1/3 3305/1/3 3304/1/3
f 3350/1/3 3311/1/3 3310/1/3
f 3350/2/3 3312/2/3 3311/2/3
f 3350/1/3 3310/1/3 3309/1/3
f 3351/1/3 3313/1/3 3312/1/3
f 3351/2/3 3312/2/3 3350/2/3
f 3352/2/3 3317/2/3 3316/2/3
f 3352/1/3 3315/1/3 3279/1/3
f 3352/2/3 3316/2/3 3315/2/3
f 3353/2/3 3317/2/3 3352/2/3
f 3354/2/3 3317/2/3 3353/2/3
f 3355/1/3 3318/1/3 3317/1/3
f 3355/2/3 3317/2/3 3354/2/3
f 3356/1/3 3320/1/3 3283/1/3
f 3357/2/3 3321/2/3 3320/2/3
f 3357/1/3 3320/1/3 3356/1/3
f 3358/1/3 3251/1/3 3321/1/3
f 3358/2/3 3321/2/3 3357/2/3
f 3359/1/3 3217/1/3 3251/1/3
f 3359/1/3 3251/1/3 3358/1/3
f 3360/1/3 3322/1/3 3218/1/3
f 3360/1/3 3218/1/3 3181/1/3
f 3361/2/3 3323/2/3 3322/2/3
f 3361/1/3 3322/1/3 3360/1/3
f 3362/1/3 3221/1/3 3323/1/3
f 3362/2/3 3323/2/3 3361/2/3
f 3363/1/3 3183/1/3 3221/1/3
f 3363/1/3 3221/1/3 3362/1/3
f 3364/1/3 3329/1/3 3328/1/3
f 3364/1/3 3328/1/3 3327/1/3
f 3364/2/3 3330/2/3 3329/2/3
f 3365/1/3 3331/1/3 3330/1/3
f 3365/2/3 3330/2/3 3364/2/3
f 3366/1/3 3334/1/3 3333/1/3
f 3366/1/3 3335/1/3 3334/1/3
f 3366/2/3 3336/2/3 3335/2/3
f 3367/1/3 3337/1/3 3336/1/3
f 3367/2/3 3336/2/3 3366/2/3
f 3368/1/3 3338/1/3 3261/1/3
f 3369/2/3 3339/2/3 3338/2/3
f 3369/1/3 3338/1/3 3368/1/3
f 3370/1/3 3199/1/3 3343/1/3
f 3370/2/3 3341/2/3 3340/2/3
f 3370/2/3 3342/2/3 3341/2/3
f 3370/2/3 3343/2/3 3342/2/3
f 3371/1/3 3154/1/3 3199/1/3
f 3371/1/3 3199/1/3 3370/1/3
f 3372/2/3 3155/2/3 3154/2/3
f 3372/1/3 3154/1/3 3371/1/3
f 3372/2/3 3156/2/3 3155/2/3
f 3372/2/3 3157/2/3 3156/2/3
f 3373/2/3 3157/2/3 3372/2/3
f 3374/2/3 3157/2/3 3373/2/3
f 3375/1/3 3344/1/3 3157/1/3
f 3375/2/3 3157/2/3 3374/2/3
f 3376/1/3 3159/1/3 3347/1/3
f 3376/2/3 3347/2/3 3346/2/3
f 3376/2/3 3346/2/3 3345/2/3
f 3376/2/3 3345/2/3 3344/2/3
f 3377/1/3 3126/1/3 3159/1/3
f 3377/1/3 3159/1/3 3376/1/3
f 3378/2/3 3160/2/3 3126/2/3
f 3378/1/3 3126/1/3 3377/1/3
f 3378/2/3 3161/2/3 3160/2/3
f 3379/2/3 3161/2/3 3378/2/3
f 3380/2/3 3161/2/3 3379/2/3
f 3381/1/3 3298/1/3 3161/1/3
f 3381/2/3 3161/2/3 3380/2/3
f 3382/1/3 3350/1/3 3309/1/3
f 3382/1/3 3351/1/3 3350/1/3
f 3383/1/3 3351/1/3 3382/1/3
f 3384/2/3 3354/2/3 3353/2/3
f 3384/1/3 3353/1/3 3352/1/3
f 3385/1/3 3355/1/3 3354/1/3
f 3385/2/3 3354/2/3 3384/2/3
f 3386/1/3 3356/1/3 3283/1/3
f 3387/2/3 3358/2/3 3357/2/3
f 3387/1/3 3356/1/3 3386/1/3
f 3387/2/3 3357/2/3 3356/2/3
f 3387/2/3 3359/2/3 3358/2/3
f 3388/1/3 3217/1/3 3359/1/3
f 3388/2/3 3359/2/3 3387/2/3
f 3389/1/3 3178/1/3 3217/1/3
f 3389/1/3 3217/1/3 3388/1/3
f 3390/2/3 3180/2/3 3179/2/3
f 3390/1/3 3178/1/3 3389/1/3
f 3390/2/3 3179/2/3 3178/2/3
f 3390/2/3 3181/2/3 3180/2/3
f 3391/2/3 3181/2/3 3390/2/3
f 3392/2/3 3181/2/3 3391/2/3
f 3393/1/3 3360/1/3 3181/1/3
f 3393/2/3 3181/2/3 3392/2/3
f 3394/2/3 3362/2/3 3361/2/3
f 3394/1/3 3183/1/3 3363/1/3
f 3394/2/3 3363/2/3 3362/2/3
f 3394/2/3 3361/2/3 3360/2/3
f 3395/1/3 3142/1/3 3183/1/3
f 3395/1/3 3183/1/3 3394/1/3
f 3396/2/3 3184/2/3 3142/2/3
f 3396/1/3 3142/1/3 3395/1/3
f 3396/2/3 3185/2/3 3184/2/3
f 3397/2/3 3185/2/3 3396/2/3
f 3398/2/3 3185/2/3 3397/2/3
f 3399/1/3 3324/1/3 3185/1/3
f 3399/2/3 3185/2/3 3398/2/3
f 3400/1/3 3364/1/3 3327/1/3
f 3400/1/3 3365/1/3 3364/1/3
f 3401/1/3 3331/1/3 3365/1/3
f 3401/1/3 3365/1/3 3400/1/3
f 3402/1/3 3367/1/3 3366/1/3
f 3402/1/3 3366/1/3 3333/1/3
f 3403/1/3 3337/1/3 3367/1/3
f 3403/1/3 3367/1/3 3402/1/3
f 3404/1/3 3265/1/3 3339/1/3
f 3404/2/3 3339/2/3 3369/2/3
f 3404/2/3 3369/2/3 3368/2/3
f 3405/1/3 3230/1/3 3265/1/3
f 3405/1/3 3265/1/3 3404/1/3
f 3406/1/3 3373/1/3 3372/1/3
f 3406/1/3 3372/1/3 3371/1/3
f 3406/2/3 3374/2/3 3373/2/3
f 3407/1/3 3375/1/3 3374/1/3
f 3407/2/3 3374/2/3 3406/2/3
f 3408/2/3 3380/2/3 3379/2/3
f 3408/1/3 3379/1/3 3378/1/3
f 3408/1/3 3378/1/3 3377/1/3
f 3409/1/3 3381/1/3 3380/1/3
f 3409/2/3 3380/2/3 3408/2/3
f 3410/1/3 3348/1/3 3301/1/3
f 3410/1/3 3349/1/3 3348/1/3
f 3411/1/3 3306/1/3 3349/1/3
f 3411/1/3 3349/1/3 3410/1/3
f 3412/1/3 3382/1/3 3309/1/3
f 3413/2/3 3383/2/3 3382/2/3
f 3413/1/3 3382/1/3 3412/1/3
f 3414/1/3 3351/1/3 3383/1/3
f 3414/2/3 3383/2/3 3413/2/3
f 3415/1/3 3313/1/3 3351/1/3
f 3415/1/3 3351/1/3 3414/1/3
f 3416/1/3 3385/1/3 3384/1/3
f 3416/1/3 3384/1/3 3352/1/3
f 3417/1/3 3355/1/3 3385/1/3
f 3417/1/3 3385/1/3 3416/1/3
f 3418/1/3 3391/1/3 3390/1/3
f 3418/2/3 3392/2/3 3391/2/3
f 3418/1/3 3390/1/3 3389/1/3
f 3419/1/3 3393/1/3 3392/1/3
f 3419/2/3 3392/2/3 3418/2/3
f 3420/2/3 3398/2/3 3397/2/3
f 3420/1/3 3396/1/3 3395/1/3
f 3420/1/3 3397/1/3 3396/1/3
f 3421/1/3 3399/1/3 3398/1/3
f 3421/2/3 3398/2/3 3420/2/3
f 3422/1/3 3400/1/3 3327/1/3
f 3423/2/3 3401/2/3 3400/2/3
f 3423/1/3 3400/1/3 3422/1/3
f 3424/1/3 3402/1/3 3333/1/3
f 3425/2/3 3403/2/3 3402/2/3
f 3425/1/3 3402/1/3 3424/1/3
f 3426/1/3 3337/1/3 3403/1/3
f 3426/2/3 3403/2/3 3425/2/3
f 3427/1/3 3258/1/3 3337/1/3
f 3427/1/3 3337/1/3 3426/1/3
f 3428/2/3 3261/2/3 3260/2/3
f 3428/1/3 3258/1/3 3427/1/3
f 3428/2/3 3260/2/3 3259/2/3
f 3428/2/3 3259/2/3 3258/2/3
f 3429/2/3 3261/2/3 3428/2/3
f 3430/2/3 3261/2/3 3429/2/3
f 3431/1/3 3368/1/3 3261/1/3
f 3431/2/3 3261/2/3 3430/2/3
f 3432/2/3 3266/2/3 3230/2/3
f 3432/2/3 3267/2/3 3266/2/3
f 3432/1/3 3230/1/3 3405/1/3
f 3433/2/3 3267/2/3 3432/2/3
f 3434/2/3 3267/2/3 3433/2/3
f 3435/1/3 221/1/3 3267/1/3
f 3435/2/3 3267/2/3 3434/2/3
f 3436/1/3 3407/1/3 3406/1/3
f 3437/1/3 3375/1/3 3407/1/3
f 3437/1/3 3407/1/3 3436/1/3
f 3438/1/3 3408/1/3 3377/1/3
f 3438/1/3 3409/1/3 3408/1/3
f 3439/1/3 3381/1/3 3409/1/3
f 3439/1/3 3409/1/3 3438/1/3
f 3440/1/3 3410/1/3 3301/1/3
f 3441/2/3 3411/2/3 3410/2/3
f 3441/1/3 3410/1/3 3440/1/3
f 3442/1/3 3306/1/3 3411/1/3
f 3442/2/3 3411/2/3 3441/2/3
f 3443/1/3 3306/1/3 3442/1/3
f 3444/2/3 3309/2/3 3308/2/3
f 3444/2/3 3308/2/3 3307/2/3
f 3444/2/3 3307/2/3 3306/2/3
f 3445/1/3 3412/1/3 3309/1/3
f 3445/2/3 3309/2/3 3444/2/3
f 3446/2/3 3414/2/3 3413/2/3
f 3446/2/3 3413/2/3 3412/2/3
f 3446/1/3 3313/1/3 3415/1/3
f 3446/2/3 3415/2/3 3414/2/3
f 3447/1/3 3313/1/3 3446/1/3
f 3448/1/3 3416/1/3 3352/1/3
f 3448/1/3 3352/1/3 3279/1/3
f 3449/2/3 3417/2/3 3416/2/3
f 3449/1/3 3416/1/3 3448/1/3
f 3450/1/3 3355/1/3 3417/1/3
f 3450/2/3 3417/2/3 3449/2/3
f 3451/1/3 3318/1/3 3355/1/3
f 3451/1/3 3355/1/3 3450/1/3
f 3452/2/3 3319/2/3 3318/2/3
f 3452/1/3 3318/1/3 3451/1/3
f 3453/2/3 3283/2/3 3319/2/3
f 3453/2/3 3319/2/3 3452/2/3
f 3454/2/3 3283/2/3 3453/2/3
f 3455/1/3 3386/1/3 3283/1/3
f 3455/2/3 3283/2/3 3454/2/3
f 3456/1/3 3419/1/3 3418/1/3
f 3457/1/3 3393/1/3 3419/1/3
f 3457/1/3 3419/1/3 3456/1/3
f 3458/1/3 3421/1/3 3420/1/3
f 3458/1/3 3420/1/3 3395/1/3
f 3459/1/3 3399/1/3 3421/1/3
f 3459/1/3 3421/1/3 3458/1/3
f 3460/2/3 3423/2/3 3422/2/3
f 3460/1/3 3331/1/3 3401/1/3
f 3460/2/3 3401/2/3 3423/2/3
f 3461/1/3 3288/1/3 3331/1/3
f 3461/1/3 3331/1/3 3460/1/3
f 3462/1/3 3429/1/3 3428/1/3
f 3462/2/3 3430/2/3 3429/2/3
f 3462/1/3 3428/1/3 3427/1/3
f 3463/1/3 3431/1/3 3430/1/3
f 3463/2/3 3430/2/3 3462/2/3
f 3464/2/3 3434/2/3 3433/2/3
f 3464/1/3 3433/1/3 3432/1/3
f 3465/1/3 3435/1/3 3434/1/3
f 3465/2/3 3434/2/3 3464/2/3
f 3466/1/3 3406/1/3 3371/1/3
f 3466/1/3 3436/1/3 3406/1/3
f 3467/2/3 3437/2/3 3436/2/3
f 3467/1/3 3436/1/3 3466/1/3
f 3468/1/3 3375/1/3 3437/1/3
f 3468/2/3 3437/2/3 3467/2/3
f 3469/1/3 3344/1/3 3375/1/3
f 3469/1/3 3375/1/3 3468/1/3
f 3470/2/3 3376/2/3 3344/2/3
f 3470/2/3 3377/2/3 3376/2/3
f 3471/1/3 3438/1/3 3377/1/3
f 3471/2/3 3377/2/3 3470/2/3
f 3472/1/3 3438/1/3 3471/1/3
f 3473/2/3 3439/2/3 3438/2/3
f 3473/1/3 3438/1/3 3472/1/3
f 3474/1/3 3381/1/3 3439/1/3
f 3474/2/3 3439/2/3 3473/2/3
f 3475/1/3 3298/1/3 3381/1/3
f 3475/1/3 3381/1/3 3474/1/3
f 3476/2/3 3300/2/3 3299/2/3
f 3476/1/3 3298/1/3 3475/1/3
f 3476/2/3 3299/2/3 3298/2/3
f 3476/2/3 3301/2/3 3300/2/3
f 3477/2/3 3301/2/3 3476/2/3
f 3478/2/3 3301/2/3 3477/2/3
f 3479/1/3 3440/1/3 3301/1/3
f 3479/2/3 3301/2/3 3478/2/3
f 3480/1/3 3306/1/3 3443/1/3
f 3480/2/3 3444/2/3 3306/2/3
f 3481/2/3 3444/2/3 3480/2/3
f 3482/2/3 3444/2/3 3481/2/3
f 3483/1/3 3445/1/3 3444/1/3
f 3483/2/3 3444/2/3 3482/2/3
f 3484/2/3 3314/2/3 3313/2/3
f 3484/1/3 3313/1/3 3447/1/3
f 3485/2/3 3279/2/3 3314/2/3
f 3485/2/3 3314/2/3 3484/2/3
f 3486/2/3 3279/2/3 3485/2/3
f 3487/1/3 3448/1/3 3279/1/3
f 3487/2/3 3279/2/3 3486/2/3
f 3488/2/3 3454/2/3 3453/2/3
f 3488/1/3 3452/1/3 3451/1/3
f 3488/1/3 3453/1/3 3452/1/3
f 3489/1/3 3455/1/3 3454/1/3
f 3489/2/3 3454/2/3 3488/2/3
f 3490/1/3 3418/1/3 3389/1/3
f 3490/1/3 3456/1/3 3418/1/3
f 3491/2/3 3457/2/3 3456/2/3
f 3491/1/3 3456/1/3 3490/1/3
f 3492/1/3 3393/1/3 3457/1/3
f 3492/2/3 3457/2/3 3491/2/3
f 3493/1/3 3360/1/3 3393/1/3
f 3493/1/3 3393/1/3 3492/1/3
f 3494/2/3 3395/2/3 3394/2/3
f 3494/2/3 3394/2/3 3360/2/3
f 3495/1/3 3458/1/3 3395/1/3
f 3495/2/3 3395/2/3 3494/2/3
f 3496/1/3 3458/1/3 3495/1/3
f 3497/2/3 3459/2/3 3458/2/3
f 3497/1/3 3458/1/3 3496/1/3
f 3498/1/3 3399/1/3 3459/1/3
f 3498/2/3 3459/2/3 3497/2/3
f 3499/1/3 3324/1/3 3399/1/3
f 3499/1/3 3399/1/3 3498/1/3
f 3500/2/3 3327/2/3 3326/2/3
f 3500/1/3 3324/1/3 3499/1/3
f 3500/2/3 3325/2/3 3324/2/3
f 3500/2/3 3326/2/3 3325/2/3
f 3501/2/3 3327/2/3 3500/2/3
f 3502/2/3 3327/2/3 3501/2/3
f 3503/1/3 3422/1/3 3327/1/3
f 3503/2/3 3327/2/3 3502/2/3
f 3504/1/3 3288/1/3 3461/1/3
f 3504/2/3 3333/2/3 3332/2/3
f 3504/2/3 3332/2/3 3288/2/3
f 3505/2/3 3333/2/3 3504/2/3
f 3506/2/3 3333/2/3 3505/2/3
f 3507/1/3 3424/1/3 3333/1/3
f 3507/2/3 3333/2/3 3506/2/3
f 3508/1/3 3462/1/3 3427/1/3
f 3508/1/3 3463/1/3 3462/1/3
f 3509/1/3 3463/1/3 3508/1/3
f 3510/1/3 3465/1/3 3464/1/3
f 3510/1/3 3464/1/3 3432/1/3
f 3511/1/3 3465/1/3 3510/1/3
f 3512/1/3 3466/1/3 3371/1/3
f 3513/2/3 3468/2/3 3467/2/3
f 3513/1/3 3466/1/3 3512/1/3
f 3513/2/3 3467/2/3 3466/2/3
f 3513/2/3 3469/2/3 3468/2/3
f 3514/1/3 3344/1/3 3469/1/3
f 3514/2/3 3470/2/3 3344/2/3
f 3515/2/3 3470/2/3 3514/2/3
f 3516/2/3 3478/2/3 3477/2/3
f 3517/1/3 3479/1/3 3478/1/3
f 3517/2/3 3478/2/3 3516/2/3
f 3518/2/3 3482/2/3 3481/2/3
f 3518/1/3 3481/1/3 3480/1/3
f 3519/1/3 3483/1/3 3482/1/3
f 3519/2/3 3482/2/3 3518/2/3
f 3520/2/3 3486/2/3 3485/2/3
f 3520/1/3 3485/1/3 3484/1/3
f 3521/1/3 3487/1/3 3486/1/3
f 3521/2/3 3486/2/3 3520/2/3
f 3522/1/3 3489/1/3 3488/1/3
f 3522/1/3 3488/1/3 3451/1/3
f 3523/1/3 3489/1/3 3522/1/3
f 3524/1/3 3490/1/3 3389/1/3
f 3525/2/3 3492/2/3 3491/2/3
f 3525/1/3 3490/1/3 3524/1/3
f 3525/2/3 3493/2/3 3492/2/3
f 3525/2/3 3491/2/3 3490/2/3
f 3526/1/3 3360/1/3 3493/1/3
f 3526/2/3 3494/2/3 3360/2/3
f 3527/2/3 3494/2/3 3526/2/3
f 3528/1/3 3501/1/3 3500/1/3
f 3528/2/3 3502/2/3 3501/2/3
f 3528/1/3 3500/1/3 3499/1/3
f 3529/1/3 3503/1/3 3502/1/3
f 3529/2/3 3502/2/3 3528/2/3
f 3530/2/3 3506/2/3 3505/2/3
f 3530/1/3 3505/1/3 3504/1/3
f 3531/1/3 3507/1/3 3506/1/3
f 3531/2/3 3506/2/3 3530/2/3
f 3532/1/3 3508/1/3 3427/1/3
f 3533/2/3 3509/2/3 3508/2/3
f 3533/1/3 3508/1/3 3532/1/3
f 3534/1/3 3463/1/3 3509/1/3
f 3534/2/3 3509/2/3 3533/2/3
f 3535/1/3 3431/1/3 3463/1/3
f 3535/1/3 3463/1/3 3534/1/3
f 3536/2/3 3511/2/3 3510/2/3
f 3536/1/3 3465/1/3 3511/1/3
f 3537/1/3 3435/1/3 3465/1/3
f 3537/1/3 3465/1/3 3536/1/3
f 3538/2/3 3371/2/3 3370/2/3
f 3538/2/3 3370/2/3 3340/2/3
f 3539/1/3 3512/1/3 3371/1/3
f 3539/2/3 3371/2/3 3538/2/3
f 3540/2/3 3470/2/3 3515/2/3
f 3540/1/3 3515/1/3 3514/1/3
f 3541/1/3 3471/1/3 3470/1/3
f 3541/2/3 3470/2/3 3540/2/3
f 3541/1/3 3472/1/3 3471/1/3
f 3542/2/3 3516/2/3 3477/2/3
f 3542/1/3 3476/1/3 3475/1/3
f 3542/1/3 3477/1/3 3476/1/3
f 3543/1/3 3517/1/3 3516/1/3
f 3543/2/3 3516/2/3 3542/2/3
f 3544/1/3 3520/1/3 3484/1/3
f 3544/1/3 3521/1/3 3520/1/3
f 3545/1/3 3487/1/3 3521/1/3
f 3545/1/3 3521/1/3 3544/1/3
f 3546/1/3 3522/1/3 3451/1/3
f 3547/2/3 3523/2/3 3522/2/3
f 3547/1/3 3522/1/3 3546/1/3
f 3548/1/3 3489/1/3 3523/1/3
f 3548/2/3 3523/2/3 3547/2/3
f 3549/1/3 3455/1/3 3489/1/3
f 3549/1/3 3489/1/3 3548/1/3
f 3550/2/3 3389/2/3 3388/2/3
f 3550/2/3 3387/2/3 3386/2/3
f 3550/2/3 3388/2/3 3387/2/3
f 3551/1/3 3524/1/3 3389/1/3
f 3551/2/3 3389/2/3 3550/2/3
f 3552/2/3 3494/2/3 3527/2/3
f 3552/1/3 3527/1/3 3526/1/3
f 3553/1/3 3495/1/3 3494/1/3
f 3553/2/3 3494/2/3 3552/2/3
f 3553/1/3 3496/1/3 3495/1/3
f 3554/1/3 3528/1/3 3499/1/3
f 3554/1/3 3529/1/3 3528/1/3
f 3555/1/3 3529/1/3 3554/1/3
f 3556/1/3 3531/1/3 3530/1/3
f 3556/1/3 3530/1/3 3504/1/3
f 3557/1/3 3531/1/3 3556/1/3
f 3558/1/3 3431/1/3 3535/1/3
f 3558/2/3 3535/2/3 3534/2/3
f 3558/2/3 3533/2/3 3532/2/3
f 3558/2/3 3534/2/3 3533/2/3
f 3559/1/3 3368/1/3 3431/1/3
f 3559/1/3 3431/1/3 3558/1/3
f 3560/2/3 3404/2/3 3368/2/3
f 3560/2/3 3405/2/3 3404/2/3
f 3561/1/3 3510/1/3 3432/1/3
f 3561/2/3 3405/2/3 3560/2/3
f 3561/1/3 3432/1/3 3405/1/3
f 3562/1/3 3510/1/3 3561/1/3
f 3563/2/3 3536/2/3 3510/2/3
f 3563/1/3 3510/1/3 3562/1/3
f 3563/2/3 3537/2/3 3536/2/3
f 3564/2/3 3538/2/3 3340/2/3
f 3564/1/3 3340/1/3 180/1/3
f 3565/2/3 3538/2/3 3564/2/3
f 3566/1/3 3541/1/3 3540/1/3
f 3567/1/3 3541/1/3 3566/1/3
f 3568/1/3 3542/1/3 3475/1/3
f 3568/1/3 3543/1/3 3542/1/3
f 3569/1/3 3517/1/3 3543/1/3
f 3569/1/3 3543/1/3 3568/1/3
f 3570/1/3 3518/1/3 3480/1/3
f 3570/1/3 3519/1/3 3518/1/3
f 3571/1/3 3483/1/3 3519/1/3
f 3571/1/3 3519/1/3 3570/1/3
f 3572/1/3 3484/1/3 3447/1/3
f 3572/1/3 3544/1/3 3484/1/3
f 3573/2/3 3545/2/3 3544/2/3
f 3573/1/3 3544/1/3 3572/1/3
f 3574/1/3 3487/1/3 3545/1/3
f 3574/2/3 3545/2/3 3573/2/3
f 3575/1/3 3448/1/3 3487/1/3
f 3575/1/3 3487/1/3 3574/1/3
f 3576/2/3 3451/2/3 3450/2/3
f 3576/1/3 3448/1/3 3575/1/3
f 3576/2/3 3449/2/3 3448/2/3
f 3576/2/3 3450/2/3 3449/2/3
f 3577/2/3 3451/2/3 3576/2/3
f 3578/2/3 3451/2/3 3577/2/3
f 3579/1/3 3546/1/3 3451/1/3
f 3579/2/3 3451/2/3 3578/2/3
f 3580/1/3 3455/1/3 3549/1/3
f 3580/2/3 3549/2/3 3548/2/3
f 3580/2/3 3548/2/3 3547/2/3
f 3580/2/3 3547/2/3 3546/2/3
f 3581/1/3 3386/1/3 3455/1/3
f 3581/1/3 3455/1/3 3580/1/3
f 3582/2/3 3550/2/3 3386/2/3
f 3582/1/3 3386/1/3 3581/1/3
f 3583/2/3 3550/2/3 3582/2/3
f 3584/1/3 3553/1/3 3552/1/3
f 3585/1/3 3553/1/3 3584/1/3
f 3586/1/3 3554/1/3 3499/1/3
f 3587/2/3 3555/2/3 3554/2/3
f 3587/1/3 3554/1/3 3586/1/3
f 3588/1/3 3529/1/3 3555/1/3
f 3588/2/3 3555/2/3 3587/2/3
f 3589/1/3 3503/1/3 3529/1/3
f 3589/1/3 3529/1/3 3588/1/3
f 3590/1/3 3531/1/3 3557/1/3
f 3590/2/3 3557/2/3 3556/2/3
f 3591/1/3 3507/1/3 3531/1/3
f 3591/1/3 3531/1/3 3590/1/3
f 3592/2/3 3427/2/3 3426/2/3
f 3592/2/3 3426/2/3 3425/2/3
f 3592/2/3 3425/2/3 3424/2/3
f 3593/1/3 3532/1/3 3427/1/3
f 3593/2/3 3427/2/3 3592/2/3
f 3594/1/3 3435/1/3 3537/1/3
f 3594/2/3 3537/2/3 3563/2/3
f 3594/2/3 3563/2/3 3562/2/3
f 3595/1/3 221/1/3 3435/1/3
f 3595/1/3 3435/1/3 3594/1/3
f 3596/1/3 3565/1/3 3564/1/3
f 3596/2/3 3538/2/3 3565/2/3
f 3597/1/3 3539/1/3 3538/1/3
f 3597/2/3 3538/2/3 3596/2/3
f 3598/1/3 3540/1/3 3514/1/3
f 3598/1/3 3566/1/3 3540/1/3
f 3599/2/3 3567/2/3 3566/2/3
f 3599/1/3 3566/1/3 3598/1/3
f 3600/1/3 3541/1/3 3567/1/3
f 3600/2/3 3567/2/3 3599/2/3
f 3601/1/3 3472/1/3 3541/1/3
f 3601/1/3 3541/1/3 3600/1/3
f 3602/1/3 3517/1/3 3569/1/3
f 3602/2/3 3569/2/3 3568/2/3
f 3603/1/3 3479/1/3 3517/1/3
f 3603/1/3 3517/1/3 3602/1/3
f 3604/1/3 3570/1/3 3480/1/3
f 3604/1/3 3480/1/3 3443/1/3
f 3605/2/3 3571/2/3 3570/2/3
f 3605/1/3 3570/1/3 3604/1/3
f 3606/1/3 3483/1/3 3571/1/3
f 3606/2/3 3571/2/3 3605/2/3
f 3607/1/3 3445/1/3 3483/1/3
f 3607/1/3 3483/1/3 3606/1/3
f 3608/2/3 3578/2/3 3577/2/3
f 3608/1/3 3577/1/3 3576/1/3
f 3608/1/3 3576/1/3 3575/1/3
f 3609/1/3 3579/1/3 3578/1/3
f 3609/2/3 3578/2/3 3608/2/3
f 3610/1/3 3583/1/3 3582/1/3
f 3610/2/3 3550/2/3 3583/2/3
f 3610/1/3 3582/1/3 3581/1/3
f 3611/1/3 3551/1/3 3550/1/3
f 3611/2/3 3550/2/3 3610/2/3
f 3612/1/3 3552/1/3 3526/1/3
f 3612/1/3 3584/1/3 3552/1/3
f 3613/2/3 3585/2/3 3584/2/3
f 3613/1/3 3584/1/3 3612/1/3
f 3614/1/3 3553/1/3 3585/1/3
f 3614/2/3 3585/2/3 3613/2/3
f 3615/1/3 3496/1/3 3553/1/3
f 3615/1/3 3553/1/3 3614/1/3
f 3616/1/3 3503/1/3 3589/1/3
f 3616/2/3 3589/2/3 3588/2/3
f 3616/2/3 3588/2/3 3587/2/3
f 3616/2/3 3587/2/3 3586/2/3
f 3617/1/3 3422/1/3 3503/1/3
f 3617/1/3 3503/1/3 3616/1/3
f 3618/2/3 3460/2/3 3422/2/3
f 3618/2/3 3461/2/3 3460/2/3
f 3619/1/3 3556/1/3 3504/1/3
f 3619/2/3 3461/2/3 3618/2/3
f 3619/1/3 3504/1/3 3461/1/3
f 3620/1/3 3556/1/3 3619/1/3
f 3621/2/3 3591/2/3 3590/2/3
f 3621/1/3 3556/1/3 3620/1/3
f 3621/2/3 3590/2/3 3556/2/3
f 3622/1/3 3507/1/3 3591/1/3
f 3622/1/3 3424/1/3 3507/1/3
f 3622/2/3 3592/2/3 3424/2/3
f 3623/2/3 3592/2/3 3622/2/3
f 3624/2/3 3592/2/3 3623/2/3
f 3625/1/3 3593/1/3 3592/1/3
f 3625/2/3 3592/2/3 3624/2/3
f 3626/1/3 3368/1/3 3559/1/3
f 3626/2/3 3560/2/3 3368/2/3
f 3627/2/3 3560/2/3 3626/2/3
f 3628/2/3 3560/2/3 3627/2/3
f 3629/1/3 3562/1/3 3561/1/3
f 3629/2/3 3560/2/3 3628/2/3
f 3629/1/3 3561/1/3 3560/1/3
f 3630/1/3 3597/1/3 3596/1/3
f 3630/1/3 3596/1/3 3564/1/3
f 3631/1/3 3597/1/3 3630/1/3
f 3632/1/3 3514/1/3 3469/1/3
f 3632/1/3 3598/1/3 3514/1/3
f 3633/2/3 3600/2/3 3599/2/3
f 3633/1/3 3598/1/3 3632/1/3
f 3633/2/3 3599/2/3 3598/2/3
f 3633/2/3 3601/2/3 3600/2/3
f 3634/2/3 3475/2/3 3474/2/3
f 3634/2/3 3474/2/3 3473/2/3
f 3634/2/3 3473/2/3 3472/2/3
f 3635/1/3 3568/1/3 3475/1/3
f 3635/2/3 3475/2/3 3634/2/3
f 3636/1/3 3479/1/3 3603/1/3
f 3636/2/3 3603/2/3 3602/2/3
f 3637/1/3 3440/1/3 3479/1/3
f 3637/1/3 3479/1/3 3636/1/3
f 3638/2/3 3443/2/3 3442/2/3
f 3638/1/3 3440/1/3 3637/1/3
f 3638/2/3 3442/2/3 3441/2/3
f 3638/2/3 3441/2/3 3440/2/3
f 3639/2/3 3443/2/3 3638/2/3
f 3640/2/3 3443/2/3 3639/2/3
f 3641/1/3 3604/1/3 3443/1/3
f 3641/2/3 3443/2/3 3640/2/3
f 3642/1/3 3445/1/3 3607/1/3
f 3642/2/3 3605/2/3 3604/2/3
f 3642/2/3 3606/2/3 3605/2/3
f 3642/2/3 3607/2/3 3606/2/3
f 3643/1/3 3412/1/3 3445/1/3
f 3643/1/3 3445/1/3 3642/1/3
f 3644/2/3 3446/2/3 3412/2/3
f 3644/1/3 3412/1/3 3643/1/3
f 3644/2/3 3447/2/3 3446/2/3
f 3645/2/3 3447/2/3 3644/2/3
f 3646/2/3 3447/2/3 3645/2/3
f 3647/1/3 3572/1/3 3447/1/3
f 3647/2/3 3447/2/3 3646/2/3
f 3648/1/3 3608/1/3 3575/1/3
f 3648/1/3 3609/1/3 3608/1/3
f 3649/1/3 3579/1/3 3609/1/3
f 3649/1/3 3609/1/3 3648/1/3
f 3650/1/3 3611/1/3 3610/1/3
f 3650/1/3 3610/1/3 3581/1/3
f 3651/1/3 3611/1/3 3650/1/3
f 3652/1/3 3612/1/3 3526/1/3
f 3652/1/3 3526/1/3 3493/1/3
f 3653/2/3 3615/2/3 3614/2/3
f 3653/1/3 3612/1/3 3652/1/3
f 3653/2/3 3614/2/3 3613/2/3
f 3653/2/3 3613/2/3 3612/2/3
f 3654/2/3 3499/2/3 3498/2/3
f 3654/2/3 3497/2/3 3496/2/3
f 3654/2/3 3498/2/3 3497/2/3
f 3655/1/3 3586/1/3 3499/1/3
f 3655/2/3 3499/2/3 3654/2/3
f 3656/2/3 3591/2/3 3621/2/3
f 3656/1/3 3623/1/3 3622/1/3
f 3656/2/3 3621/2/3 3620/2/3
f 3656/1/3 3622/1/3 3591/1/3
f 3657/1/3 3623/1/3 3656/1/3
f 3658/2/3 3624/2/3 3623/2/3
f 3658/1/3 3623/1/3 3657/1/3
f 3659/1/3 3625/1/3 3624/1/3
f 3659/2/3 3624/2/3 3658/2/3
f 3660/2/3 3628/2/3 3627/2/3
f 3660/1/3 3627/1/3 3626/1/3
f 3661/1/3 3629/1/3 3628/1/3
f 3661/2/3 3628/2/3 3660/2/3
f 3662/1/3 3564/1/3 180/1/3
f 3662/1/3 3630/1/3 3564/1/3
f 3663/2/3 3631/2/3 3630/2/3
f 3663/1/3 3630/1/3 3662/1/3
f 3664/1/3 3597/1/3 3631/1/3
f 3664/2/3 3631/2/3 3663/2/3
f 3665/1/3 3539/1/3 3597/1/3
f 3665/1/3 3597/1/3 3664/1/3
f 3666/2/3 3601/2/3 3633/2/3
f 3666/2/3 3633/2/3 3632/2/3
f 3666/1/3 3472/1/3 3601/1/3
f 3667/1/3 3472/1/3 3666/1/3
f 3668/2/3 3634/2/3 3472/2/3
f 3668/1/3 3472/1/3 3667/1/3
f 3669/2/3 3634/2/3 3668/2/3
f 3670/2/3 3634/2/3 3669/2/3
f 3671/1/3 3635/1/3 3634/1/3
f 3671/2/3 3634/2/3 3670/2/3
f 3672/1/3 3639/1/3 3638/1/3
f 3672/1/3 3638/1/3 3637/1/3
f 3672/2/3 3640/2/3 3639/2/3
f 3673/1/3 3641/1/3 3640/1/3
f 3673/2/3 3640/2/3 3672/2/3
f 3674/2/3 3646/2/3 3645/2/3
f 3674/1/3 3644/1/3 3643/1/3
f 3674/1/3 3645/1/3 3644/1/3
f 3675/1/3 3647/1/3 3646/1/3
f 3675/2/3 3646/2/3 3674/2/3
f 3676/1/3 3648/1/3 3575/1/3
f 3677/2/3 3649/2/3 3648/2/3
f 3677/1/3 3648/1/3 3676/1/3
f 3678/1/3 3650/1/3 3581/1/3
f 3679/2/3 3651/2/3 3650/2/3
f 3679/1/3 3650/1/3 3678/1/3
f 3680/1/3 3611/1/3 3651/1/3
f 3680/2/3 3651/2/3 3679/2/3
f 3681/1/3 3551/1/3 3611/1/3
f 3681/1/3 3611/1/3 3680/1/3
f 3682/2/3 3615/2/3 3653/2/3
f 3682/2/3 3653/2/3 3652/2/3
f 3682/1/3 3496/1/3 3615/1/3
f 3683/1/3 3496/1/3 3682/1/3
f 3684/2/3 3654/2/3 3496/2/3
f 3684/1/3 3496/1/3 3683/1/3
f 3685/2/3 3654/2/3 3684/2/3
f 3686/2/3 3654/2/3 3685/2/3
f 3687/1/3 3655/1/3 3654/1/3
f 3687/2/3 3654/2/3 3686/2/3
f 3688/1/3 3422/1/3 3617/1/3
f 3688/2/3 3618/2/3 3422/2/3
f 3689/2/3 3618/2/3 3688/2/3
f 3690/2/3 3618/2/3 3689/2/3
f 3691/1/3 3620/1/3 3619/1/3
f 3691/2/3 3618/2/3 3690/2/3
f 3691/1/3 3619/1/3 3618/1/3
f 3692/1/3 3658/1/3 3657/1/3
f 3692/1/3 3659/1/3 3658/1/3
f 3693/1/3 3593/1/3 3625/1/3
f 3693/1/3 3659/1/3 3692/1/3
f 3693/1/3 3625/1/3 3659/1/3
f 3694/1/3 3661/1/3 3660/1/3
f 3694/1/3 3660/1/3 3626/1/3
f 3695/1/3 3629/1/3 3661/1/3
f 3695/1/3 3661/1/3 3694/1/3
f 3696/1/3 3539/1/3 3665/1/3
f 3696/2/3 3665/2/3 3664/2/3
f 3696/2/3 3664/2/3 3663/2/3
f 3696/2/3 3663/2/3 3662/2/3
f 3697/1/3 3512/1/3 3539/1/3
f 3697/1/3 3539/1/3 3696/1/3
f 3698/1/3 3669/1/3 3668/1/3
f 3698/1/3 3668/1/3 3667/1/3
f 3698/2/3 3670/2/3 3669/2/3
f 3699/1/3 3671/1/3 3670/1/3
f 3699/2/3 3670/2/3 3698/2/3
f 3700/1/3 3673/1/3 3672/1/3
f 3701/1/3 3641/1/3 3673/1/3
f 3701/1/3 3673/1/3 3700/1/3
f 3702/1/3 3674/1/3 3643/1/3
f 3702/1/3 3675/1/3 3674/1/3
f 3703/1/3 3647/1/3 3675/1/3
f 3703/1/3 3675/1/3 3702/1/3
f 3704/2/3 3677/2/3 3676/2/3
f 3704/2/3 3649/2/3 3677/2/3
f 3704/1/3 3579/1/3 3649/1/3
f 3705/1/3 3546/1/3 3579/1/3
f 3705/1/3 3579/1/3 3704/1/3
f 3706/1/3 3551/1/3 3681/1/3
f 3706/2/3 3681/2/3 3680/2/3
f 3706/2/3 3680/2/3 3679/2/3
f 3706/2/3 3679/2/3 3678/2/3
f 3707/1/3 3524/1/3 3551/1/3
f 3707/1/3 3551/1/3 3706/1/3
f 3708/2/3 3686/2/3 3685/2/3
f 3708/1/3 3685/1/3 3684/1/3
f 3708/1/3 3684/1/3 3683/1/3
f 3709/1/3 3687/1/3 3686/1/3
f 3709/2/3 3686/2/3 3708/2/3
f 3710/2/3 3690/2/3 3689/2/3
f 3710/1/3 3689/1/3 3688/1/3
f 3711/1/3 3691/1/3 3690/1/3
f 3711/2/3 3690/2/3 3710/2/3
f 3712/1/3 3692/1/3 3657/1/3
f 3713/2/3 3693/2/3 3692/2/3
f 3713/1/3 3692/1/3 3712/1/3
f 3714/1/3 3593/1/3 3693/1/3
f 3714/2/3 3693/2/3 3713/2/3
f 3715/1/3 3532/1/3 3593/1/3
f 3715/1/3 3593/1/3 3714/1/3
f 3716/1/3 3694/1/3 3626/1/3
f 3716/1/3 3626/1/3 3559/1/3
f 3717/2/3 3695/2/3 3694/2/3
f 3717/1/3 3694/1/3 3716/1/3
f 3718/1/3 3629/1/3 3695/1/3
f 3718/2/3 3695/2/3 3717/2/3
f 3719/1/3 3562/1/3 3629/1/3
f 3719/1/3 3629/1/3 3718/1/3
f 3720/2/3 3513/2/3 3512/2/3
f 3720/1/3 3512/1/3 3697/1/3
f 3721/2/3 3469/2/3 3513/2/3
f 3721/2/3 3513/2/3 3720/2/3
f 3722/2/3 3469/2/3 3721/2/3
f 3723/1/3 3632/1/3 3469/1/3
f 3723/2/3 3469/2/3 3722/2/3
f 3724/1/3 3698/1/3 3667/1/3
f 3724/1/3 3699/1/3 3698/1/3
f 3725/1/3 3635/1/3 3671/1/3
f 3725/1/3 3699/1/3 3724/1/3
f 3725/1/3 3671/1/3 3699/1/3
f 3726/1/3 3672/1/3 3637/1/3
f 3726/1/3 3700/1/3 3672/1/3
f 3727/2/3 3701/2/3 3700/2/3
f 3727/1/3 3700/1/3 3726/1/3
f 3728/1/3 3641/1/3 3701/1/3
f 3728/2/3 3701/2/3 3727/2/3
f 3729/1/3 3604/1/3 3641/1/3
f 3729/1/3 3641/1/3 3728/1/3
f 3730/2/3 3642/2/3 3604/2/3
f 3730/2/3 3643/2/3 3642/2/3
f 3731/1/3 3702/1/3 3643/1/3
f 3731/2/3 3643/2/3 3730/2/3
f 3732/1/3 3702/1/3 3731/1/3
f 3733/2/3 3703/2/3 3702/2/3
f 3733/1/3 3702/1/3 3732/1/3
f 3734/1/3 3647/1/3 3703/1/3
f 3734/2/3 3703/2/3 3733/2/3
f 3735/1/3 3572/1/3 3647/1/3
f 3735/1/3 3647/1/3 3734/1/3
f 3736/2/3 3574/2/3 3573/2/3
f 3736/1/3 3572/1/3 3735/1/3
f 3736/2/3 3575/2/3 3574/2/3
f 3736/2/3 3573/2/3 3572/2/3
f 3737/2/3 3575/2/3 3736/2/3
f 3738/2/3 3575/2/3 3737/2/3
f 3739/1/3 3676/1/3 3575/1/3
f 3739/2/3 3575/2/3 3738/2/3
f 3740/2/3 3581/2/3 3580/2/3
f 3740/1/3 3546/1/3 3705/1/3
f 3740/2/3 3580/2/3 3546/2/3
f 3741/2/3 3581/2/3 3740/2/3
f 3742/2/3 3581/2/3 3741/2/3
f 3743/1/3 3678/1/3 3581/1/3
f 3743/2/3 3581/2/3 3742/2/3
f 3744/1/3 3524/1/3 3707/1/3
f 3744/2/3 3525/2/3 3524/2/3
f 3745/2/3 3493/2/3 3525/2/3
f 3745/2/3 3525/2/3 3744/2/3
f 3746/2/3 3493/2/3 3745/2/3
f 3747/1/3 3652/1/3 3493/1/3
f 3747/2/3 3493/2/3 3746/2/3
f 3748/1/3 3708/1/3 3683/1/3
f 3748/1/3 3709/1/3 3708/1/3
f 3749/1/3 3687/1/3 3709/1/3
f 3749/1/3 3709/1/3 3748/1/3
f 3749/1/3 3655/1/3 3687/1/3
f 3750/1/3 3711/1/3 3710/1/3
f 3750/1/3 3710/1/3 3688/1/3
f 3751/1/3 3691/1/3 3711/1/3
f 3751/1/3 3711/1/3 3750/1/3
f 3752/2/3 3717/2/3 3716/2/3
f 3752/1/3 3562/1/3 3719/1/3
f 3752/2/3 3719/2/3 3718/2/3
f 3752/2/3 3718/2/3 3717/2/3
f 3753/1/3 3562/1/3 3752/1/3
f 3754/2/3 3595/2/3 3594/2/3
f 3754/2/3 3594/2/3 3562/2/3
f 3755/1/3 221/1/3 3595/1/3
f 3755/2/3 3595/2/3 3754/2/3
f 3756/1/3 3721/1/3 3720/1/3
f 3756/2/3 3722/2/3 3721/2/3
f 3757/1/3 3723/1/3 3722/1/3
f 3757/2/3 3722/2/3 3756/2/3
f 3758/1/3 3724/1/3 3667/1/3
f 3759/2/3 3725/2/3 3724/2/3
f 3759/1/3 3724/1/3 3758/1/3
f 3760/1/3 3635/1/3 3725/1/3
f 3760/2/3 3725/2/3 3759/2/3
f 3761/1/3 3568/1/3 3635/1/3
f 3761/1/3 3635/1/3 3760/1/3
f 3762/1/3 3726/1/3 3637/1/3
f 3763/2/3 3728/2/3 3727/2/3
f 3763/1/3 3726/1/3 3762/1/3
f 3763/2/3 3729/2/3 3728/2/3
f 3763/2/3 3727/2/3 3726/2/3
f 3764/1/3 3604/1/3 3729/1/3
f 3764/2/3 3730/2/3 3604/2/3
f 3765/2/3 3730/2/3 3764/2/3
f 3766/1/3 3737/1/3 3736/1/3
f 3766/2/3 3738/2/3 3737/2/3
f 3766/1/3 3736/1/3 3735/1/3
f 3767/1/3 3739/1/3 3738/1/3
f 3767/2/3 3738/2/3 3766/2/3
f 3768/1/3 3741/1/3 3740/1/3
f 3768/2/3 3742/2/3 3741/2/3
f 3769/1/3 3743/1/3 3742/1/3
f 3769/2/3 3742/2/3 3768/2/3
f 3770/1/3 3745/1/3 3744/1/3
f 3770/2/3 3746/2/3 3745/2/3
f 3771/1/3 3747/1/3 3746/1/3
f 3771/2/3 3746/2/3 3770/2/3
f 3772/1/3 3748/1/3 3683/1/3
f 3773/2/3 3749/2/3 3748/2/3
f 3773/1/3 3748/1/3 3772/1/3
f 3774/1/3 3655/1/3 3749/1/3
f 3774/2/3 3749/2/3 3773/2/3
f 3775/1/3 3586/1/3 3655/1/3
f 3775/1/3 3655/1/3 3774/1/3
f 3776/1/3 3750/1/3 3688/1/3
f 3776/1/3 3688/1/3 3617/1/3
f 3777/2/3 3751/2/3 3750/2/3
f 3777/1/3 3750/1/3 3776/1/3
f 3778/1/3 3691/1/3 3751/1/3
f 3778/2/3 3751/2/3 3777/2/3
f 3779/1/3 3620/1/3 3691/1/3
f 3779/1/3 3691/1/3 3778/1/3
f 3780/2/3 3558/2/3 3532/2/3
f 3780/1/3 3532/1/3 3715/1/3
f 3780/2/3 3559/2/3 3558/2/3
f 3781/2/3 3559/2/3 3780/2/3
f 3782/2/3 3559/2/3 3781/2/3
f 3783/1/3 3716/1/3 3559/1/3
f 3783/2/3 3559/2/3 3782/2/3
f 3784/1/3 3562/1/3 3753/1/3
f 3784/2/3 3754/2/3 3562/2/3
f 3785/2/3 3754/2/3 3784/2/3
f 3786/2/3 3754/2/3 3785/2/3
f 3787/1/3 3755/1/3 3754/1/3
f 3787/2/3 3754/2/3 3786/2/3
f 3788/1/3 3757/1/3 3756/1/3
f 3788/1/3 3756/1/3 3720/1/3
f 3789/1/3 3723/1/3 3757/1/3
f 3789/1/3 3757/1/3 3788/1/3
f 3790/2/3 3636/2/3 3602/2/3
f 3790/2/3 3637/2/3 3636/2/3
f 3791/1/3 3762/1/3 3637/1/3
f 3791/2/3 3637/2/3 3790/2/3
f 3792/2/3 3730/2/3 3765/2/3
f 3792/1/3 3765/1/3 3764/1/3
f 3793/1/3 3731/1/3 3730/1/3
f 3793/2/3 3730/2/3 3792/2/3
f 3793/1/3 3732/1/3 3731/1/3
f 3794/1/3 3766/1/3 3735/1/3
f 3794/1/3 3767/1/3 3766/1/3
f 3795/1/3 3767/1/3 3794/1/3
f 3796/1/3 3769/1/3 3768/1/3
f 3796/1/3 3768/1/3 3740/1/3
f 3797/1/3 3769/1/3 3796/1/3
f 3798/1/3 3771/1/3 3770/1/3
f 3798/1/3 3770/1/3 3744/1/3
f 3799/1/3 3747/1/3 3771/1/3
f 3799/1/3 3771/1/3 3798/1/3
f 3800/2/3 3777/2/3 3776/2/3
f 3800/1/3 3620/1/3 3779/1/3
f 3800/2/3 3779/2/3 3778/2/3
f 3800/2/3 3778/2/3 3777/2/3
f 3801/1/3 3620/1/3 3800/1/3
f 3802/2/3 3657/2/3 3656/2/3
f 3802/2/3 3656/2/3 3620/2/3
f 3803/1/3 3712/1/3 3657/1/3
f 3803/2/3 3657/2/3 3802/2/3
f 3804/2/3 3782/2/3 3781/2/3
f 3804/1/3 3781/1/3 3780/1/3
f 3805/1/3 3783/1/3 3782/1/3
f 3805/2/3 3782/2/3 3804/2/3
f 3806/2/3 3786/2/3 3785/2/3
f 3806/1/3 3785/1/3 3784/1/3
f 3807/1/3 3787/1/3 3786/1/3
f 3807/2/3 3786/2/3 3806/2/3
f 3808/2/3 3697/2/3 3696/2/3
f 3808/2/3 3696/2/3 3662/2/3
f 3809/1/3 3720/1/3 3697/1/3
f 3809/2/3 3697/2/3 3808/2/3
f 3809/1/3 3788/1/3 3720/1/3
f 3810/1/3 3788/1/3 3809/1/3
f 3811/2/3 3789/2/3 3788/2/3
f 3811/1/3 3788/1/3 3810/1/3
f 3812/1/3 3723/1/3 3789/1/3
f 3812/2/3 3789/2/3 3811/2/3
f 3813/1/3 3632/1/3 3723/1/3
f 3813/1/3 3723/1/3 3812/1/3
f 3814/2/3 3666/2/3 3632/2/3
f 3814/2/3 3667/2/3 3666/2/3
f 3815/1/3 3758/1/3 3667/1/3
f 3815/2/3 3667/2/3 3814/2/3
f 3816/2/3 3790/2/3 3602/2/3
f 3816/1/3 3568/1/3 3761/1/3
f 3816/2/3 3602/2/3 3568/2/3
f 3817/2/3 3790/2/3 3816/2/3
f 3818/1/3 3793/1/3 3792/1/3
f 3819/1/3 3793/1/3 3818/1/3
f 3820/1/3 3794/1/3 3735/1/3
f 3821/2/3 3795/2/3 3794/2/3
f 3821/1/3 3794/1/3 3820/1/3
f 3822/1/3 3767/1/3 3795/1/3
f 3822/2/3 3795/2/3 3821/2/3
f 3823/1/3 3739/1/3 3767/1/3
f 3823/1/3 3767/1/3 3822/1/3
f 3824/1/3 3769/1/3 3797/1/3
f 3824/2/3 3797/2/3 3796/2/3
f 3825/1/3 3743/1/3 3769/1/3
f 3825/1/3 3769/1/3 3824/1/3
f 3826/2/3 3707/2/3 3706/2/3
f 3826/2/3 3706/2/3 3678/2/3
f 3827/1/3 3744/1/3 3707/1/3
f 3827/2/3 3707/2/3 3826/2/3
f 3827/1/3 3798/1/3 3744/1/3
f 3828/1/3 3798/1/3 3827/1/3
f 3829/2/3 3799/2/3 3798/2/3
f 3829/1/3 3798/1/3 3828/1/3
f 3830/1/3 3747/1/3 3799/1/3
f 3830/2/3 3799/2/3 3829/2/3
f 3831/1/3 3652/1/3 3747/1/3
f 3831/1/3 3747/1/3 3830/1/3
f 3832/2/3 3683/2/3 3682/2/3
f 3832/2/3 3682/2/3 3652/2/3
f 3833/1/3 3772/1/3 3683/1/3
f 3833/2/3 3683/2/3 3832/2/3
f 3834/1/3 3586/1/3 3775/1/3
f 3834/2/3 3616/2/3 3586/2/3
f 3834/2/3 3617/2/3 3616/2/3
f 3835/2/3 3617/2/3 3834/2/3
f 3836/2/3 3617/2/3 3835/2/3
f 3837/1/3 3776/1/3 3617/1/3
f 3837/2/3 3617/2/3 3836/2/3
f 3838/1/3 3620/1/3 3801/1/3
f 3838/2/3 3802/2/3 3620/2/3
f 3839/2/3 3802/2/3 3838/2/3
f 3840/2/3 3802/2/3 3839/2/3
f 3841/1/3 3803/1/3 3802/1/3
f 3841/2/3 3802/2/3 3840/2/3
f 3842/1/3 3805/1/3 3804/1/3
f 3842/1/3 3804/1/3 3780/1/3
f 3843/1/3 3783/1/3 3805/1/3
f 3843/1/3 3805/1/3 3842/1/3
f 3844/1/3 3806/1/3 3784/1/3
f 3844/1/3 3807/1/3 3806/1/3
f 3845/1/3 3755/1/3 3787/1/3
f 3845/1/3 3807/1/3 3844/1/3
f 3845/1/3 3787/1/3 3807/1/3
f 3846/2/3 3808/2/3 3662/2/3
f 3846/1/3 3662/1/3 180/1/3
f 3847/2/3 3808/2/3 3846/2/3
f 3848/1/3 3632/1/3 3813/1/3
f 3848/2/3 3814/2/3 3632/2/3
f 3849/2/3 3814/2/3 3848/2/3
f 3850/2/3 3814/2/3 3849/2/3
f 3851/1/3 3815/1/3 3814/1/3
f 3851/2/3 3814/2/3 3850/2/3
f 3852/2/3 3790/2/3 3817/2/3
f 3852/1/3 3817/1/3 3816/1/3
f 3853/1/3 3791/1/3 3790/1/3
f 3853/2/3 3790/2/3 3852/2/3
f 3854/1/3 3792/1/3 3764/1/3
f 3854/1/3 3818/1/3 3792/1/3
f 3855/2/3 3819/2/3 3818/2/3
f 3855/1/3 3818/1/3 3854/1/3
f 3856/1/3 3793/1/3 3819/1/3
f 3856/2/3 3819/2/3 3855/2/3
f 3857/1/3 3732/1/3 3793/1/3
f 3857/1/3 3793/1/3 3856/1/3
f 3858/2/3 3821/2/3 3820/2/3
f 3858/1/3 3739/1/3 3823/1/3
f 3858/2/3 3822/2/3 3821/2/3
f 3858/2/3 3823/2/3 3822/2/3
f 3859/1/3 3676/1/3 3739/1/3
f 3859/1/3 3739/1/3 3858/1/3
f 3860/2/3 3704/2/3 3676/2/3
f 3860/2/3 3705/2/3 3704/2/3
f 3861/1/3 3796/1/3 3740/1/3
f 3861/2/3 3705/2/3 3860/2/3
f 3861/1/3 3740/1/3 3705/1/3
f 3862/1/3 3796/1/3 3861/1/3
f 3863/2/3 3824/2/3 3796/2/3
f 3863/1/3 3796/1/3 3862/1/3
f 3863/2/3 3825/2/3 3824/2/3
f 3864/2/3 3826/2/3 3678/2/3
f 3864/1/3 3678/1/3 3743/1/3
f 3864/1/3 3743/1/3 3825/1/3
f 3865/2/3 3826/2/3 3864/2/3
f 3866/1/3 3652/1/3 3831/1/3
f 3866/2/3 3832/2/3 3652/2/3
f 3867/2/3 3832/2/3 3866/2/3
f 3868/2/3 3832/2/3 3867/2/3
f 3869/1/3 3833/1/3 3832/1/3
f 3869/2/3 3832/2/3 3868/2/3
f 3870/2/3 3836/2/3 3835/2/3
f 3870/1/3 3835/1/3 3834/1/3
f 3871/1/3 3837/1/3 3836/1/3
f 3871/2/3 3836/2/3 3870/2/3
f 3872/1/3 3839/1/3 3838/1/3
f 3872/2/3 3840/2/3 3839/2/3
f 3873/1/3 3841/1/3 3840/1/3
f 3873/2/3 3840/2/3 3872/2/3
f 3874/1/3 3842/1/3 3780/1/3
f 3874/1/3 3780/1/3 3715/1/3
f 3875/2/3 3843/2/3 3842/2/3
f 3875/1/3 3842/1/3 3874/1/3
f 3876/1/3 3783/1/3 3843/1/3
f 3876/2/3 3843/2/3 3875/2/3
f 3877/1/3 3716/1/3 3783/1/3
f 3877/1/3 3783/1/3 3876/1/3
f 3878/1/3 3755/1/3 3845/1/3
f 3878/2/3 3845/2/3 3844/2/3
f 3879/1/3 221/1/3 3755/1/3
f 3879/1/3 3755/1/3 3878/1/3
f 3880/2/3 3808/2/3 3847/2/3
f 3880/1/3 3847/1/3 3846/1/3
f 3881/2/3 3808/2/3 3880/2/3
f 3882/2/3 3808/2/3 3881/2/3
f 3883/1/3 3809/1/3 3808/1/3
f 3883/2/3 3808/2/3 3882/2/3
f 3883/1/3 3810/1/3 3809/1/3
f 3884/2/3 3850/2/3 3849/2/3
f 3884/1/3 3849/1/3 3848/1/3
f 3885/1/3 3851/1/3 3850/1/3
f 3885/2/3 3850/2/3 3884/2/3
f 3886/1/3 3852/1/3 3816/1/3
f 3886/1/3 3853/1/3 3852/1/3
f 3887/1/3 3853/1/3 3886/1/3
f 3888/1/3 3854/1/3 3764/1/3
f 3888/1/3 3764/1/3 3729/1/3
f 3889/2/3 3856/2/3 3855/2/3
f 3889/1/3 3854/1/3 3888/1/3
f 3889/2/3 3855/2/3 3854/2/3
f 3889/2/3 3857/2/3 3856/2/3
f 3890/2/3 3734/2/3 3733/2/3
f 3890/2/3 3735/2/3 3734/2/3
f 3890/2/3 3733/2/3 3732/2/3
f 3891/1/3 3820/1/3 3735/1/3
f 3891/2/3 3735/2/3 3890/2/3
f 3892/2/3 3825/2/3 3863/2/3
f 3892/2/3 3863/2/3 3862/2/3
f 3892/1/3 3865/1/3 3864/1/3
f 3892/1/3 3864/1/3 3825/1/3
f 3893/1/3 3865/1/3 3892/1/3
f 3894/2/3 3826/2/3 3865/2/3
f 3894/1/3 3865/1/3 3893/1/3
f 3895/2/3 3826/2/3 3894/2/3
f 3896/2/3 3826/2/3 3895/2/3
f 3897/1/3 3828/1/3 3827/1/3
f 3897/2/3 3826/2/3 3896/2/3
f 3897/1/3 3827/1/3 3826/1/3
f 3898/1/3 3867/1/3 3866/1/3
f 3898/2/3 3868/2/3 3867/2/3
f 3899/1/3 3869/1/3 3868/1/3
f 3899/2/3 3868/2/3 3898/2/3
f 3900/1/3 3870/1/3 3834/1/3
f 3900/1/3 3871/1/3 3870/1/3
f 3901/1/3 3837/1/3 3871/1/3
f 3901/1/3 3871/1/3 3900/1/3
f 3902/1/3 3872/1/3 3838/1/3
f 3902/1/3 3873/1/3 3872/1/3
f 3903/1/3 3841/1/3 3873/1/3
f 3903/1/3 3873/1/3 3902/1/3
f 3903/1/3 3803/1/3 3841/1/3
f 3904/1/3 3716/1/3 3877/1/3
f 3904/2/3 3753/2/3 3752/2/3
f 3904/2/3 3752/2/3 3716/2/3
f 3905/2/3 3753/2/3 3904/2/3
f 3906/2/3 3753/2/3 3905/2/3
f 3907/1/3 3844/1/3 3784/1/3
f 3907/2/3 3753/2/3 3906/2/3
f 3907/1/3 3784/1/3 3753/1/3
f 3908/1/3 3844/1/3 3907/1/3
f 3909/2/3 3879/2/3 3878/2/3
f 3909/1/3 3844/1/3 3908/1/3
f 3909/2/3 3878/2/3 3844/2/3
f 3910/2/3 3882/2/3 3881/2/3
f 3910/1/3 3881/1/3 3880/1/3
f 3911/1/3 3883/1/3 3882/1/3
f 3911/2/3 3882/2/3 3910/2/3
f 3912/1/3 3884/1/3 3848/1/3
f 3912/1/3 3885/1/3 3884/1/3
f 3913/1/3 3815/1/3 3851/1/3
f 3913/1/3 3885/1/3 3912/1/3
f 3913/1/3 3851/1/3 3885/1/3
f 3914/1/3 3886/1/3 3816/1/3
f 3914/1/3 3816/1/3 3761/1/3
f 3915/2/3 3887/2/3 3886/2/3
f 3915/1/3 3886/1/3 3914/1/3
f 3916/1/3 3853/1/3 3887/1/3
f 3916/2/3 3887/2/3 3915/2/3
f 3917/1/3 3791/1/3 3853/1/3
f 3917/1/3 3853/1/3 3916/1/3
f 3918/2/3 3857/2/3 3889/2/3
f 3918/2/3 3889/2/3 3888/2/3
f 3918/1/3 3732/1/3 3857/1/3
f 3919/1/3 3732/1/3 3918/1/3
f 3920/2/3 3890/2/3 3732/2/3
f 3920/1/3 3732/1/3 3919/1/3
f 3921/2/3 3890/2/3 3920/2/3
f 3922/2/3 3890/2/3 3921/2/3
f 3923/1/3 3891/1/3 3890/1/3
f 3923/2/3 3890/2/3 3922/2/3
f 3924/1/3 3676/1/3 3859/1/3
f 3924/2/3 3860/2/3 3676/2/3
f 3925/2/3 3860/2/3 3924/2/3
f 3926/2/3 3860/2/3 3925/2/3
f 3927/1/3 3862/1/3 3861/1/3
f 3927/2/3 3860/2/3 3926/2/3
f 3927/1/3 3861/1/3 3860/1/3
f 3928/2/3 3896/2/3 3895/2/3
f 3928/1/3 3894/1/3 3893/1/3
f 3928/1/3 3895/1/3 3894/1/3
f 3929/1/3 3897/1/3 3896/1/3
f 3929/2/3 3896/2/3 3928/2/3
f 3930/1/3 3898/1/3 3866/1/3
f 3930/1/3 3899/1/3 3898/1/3
f 3931/1/3 3833/1/3 3869/1/3
f 3931/1/3 3899/1/3 3930/1/3
f 3931/1/3 3869/1/3 3899/1/3
f 3932/1/3 3900/1/3 3834/1/3
f 3932/1/3 3834/1/3 3775/1/3
f 3933/2/3 3901/2/3 3900/2/3
f 3933/1/3 3900/1/3 3932/1/3
f 3934/1/3 3837/1/3 3901/1/3
f 3934/2/3 3901/2/3 3933/2/3
f 3935/1/3 3776/1/3 3837/1/3
f 3935/1/3 3837/1/3 3934/1/3
f 3936/1/3 3803/1/3 3903/1/3
f 3936/2/3 3903/2/3 3902/2/3
f 3937/1/3 3712/1/3 3803/1/3
f 3937/1/3 3803/1/3 3936/1/3
f 3938/2/3 3714/2/3 3713/2/3
f 3938/1/3 3712/1/3 3937/1/3
f 3938/2/3 3713/2/3 3712/2/3
f 3938/2/3 3715/2/3 3714/2/3
f 3939/2/3 3715/2/3 3938/2/3
f 3940/2/3 3715/2/3 3939/2/3
f 3941/1/3 3874/1/3 3715/1/3
f 3941/2/3 3715/2/3 3940/2/3
f 3942/2/3 3906/2/3 3905/2/3
f 3942/1/3 3905/1/3 3904/1/3
f 3943/1/3 3908/1/3 3907/1/3
f 3943/2/3 3906/2/3 3942/2/3
f 3943/1/3 3907/1/3 3906/1/3
f 3944/1/3 3880/1/3 3846/1/3
f 3944/1/3 3910/1/3 3880/1/3
f 3944/1/3 3911/1/3 3910/1/3
f 3945/1/3 3810/1/3 3883/1/3
f 3945/1/3 3911/1/3 3944/1/3
f 3945/1/3 3883/1/3 3911/1/3
f 3946/1/3 3848/1/3 3813/1/3
f 3946/1/3 3912/1/3 3848/1/3
f 3947/2/3 3913/2/3 3912/2/3
f 3947/1/3 3912/1/3 3946/1/3
f 3948/1/3 3815/1/3 3913/1/3
f 3948/2/3 3913/2/3 3947/2/3
f 3949/1/3 3758/1/3 3815/1/3
f 3949/1/3 3815/1/3 3948/1/3
f 3950/2/3 3915/2/3 3914/2/3
f 3950/1/3 3791/1/3 3917/1/3
f 3950/2/3 3917/2/3 3916/2/3
f 3950/2/3 3916/2/3 3915/2/3
f 3951/1/3 3762/1/3 3791/1/3
f 3951/1/3 3791/1/3 3950/1/3
f 3952/2/3 3922/2/3 3921/2/3
f 3952/1/3 3920/1/3 3919/1/3
f 3952/1/3 3921/1/3 3920/1/3
f 3953/1/3 3923/1/3 3922/1/3
f 3953/2/3 3922/2/3 3952/2/3
f 3954/2/3 3926/2/3 3925/2/3
f 3954/1/3 3925/1/3 3924/1/3
f 3955/1/3 3927/1/3 3926/1/3
f 3955/2/3 3926/2/3 3954/2/3
f 3956/1/3 3928/1/3 3893/1/3
f 3956/1/3 3929/1/3 3928/1/3
f 3957/1/3 3828/1/3 3897/1/3
f 3957/1/3 3929/1/3 3956/1/3
f 3957/1/3 3897/1/3 3929/1/3
f 3958/1/3 3930/1/3 3866/1/3
f 3958/1/3 3866/1/3 3831/1/3
f 3959/2/3 3931/2/3 3930/2/3
f 3959/1/3 3930/1/3 3958/1/3
f 3960/1/3 3833/1/3 3931/1/3
f 3960/2/3 3931/2/3 3959/2/3
f 3961/1/3 3772/1/3 3833/1/3
f 3961/1/3 3833/1/3 3960/1/3
f 3962/1/3 3776/1/3 3935/1/3
f 3962/2/3 3800/2/3 3776/2/3
f 3962/2/3 3801/2/3 3800/2/3
f 3963/2/3 3801/2/3 3962/2/3
f 3964/2/3 3801/2/3 3963/2/3
f 3965/1/3 3838/1/3 3801/1/3
f 3965/2/3 3801/2/3 3964/2/3
f 3965/1/3 3902/1/3 3838/1/3
f 3966/1/3 3902/1/3 3965/1/3
f 3967/2/3 3936/2/3 3902/2/3
f 3967/1/3 3902/1/3 3966/1/3
f 3967/2/3 3937/2/3 3936/2/3
f 3968/1/3 3938/1/3 3937/1/3
f 3968/1/3 3939/1/3 3938/1/3
f 3968/2/3 3940/2/3 3939/2/3
f 3969/1/3 3941/1/3 3940/1/3
f 3969/2/3 3940/2/3 3968/2/3
f 3970/1/3 3942/1/3 3904/1/3
f 3970/1/3 3943/1/3 3942/1/3
f 3971/1/3 3943/1/3 3970/1/3
f 3972/1/3 3944/1/3 3846/1/3
f 3972/1/3 3846/1/3 180/1/3
f 3973/2/3 3945/2/3 3944/2/3
f 3973/1/3 3944/1/3 3972/1/3
f 3974/1/3 3810/1/3 3945/1/3
f 3974/2/3 3945/2/3 3973/2/3
f 3975/1/3 3810/1/3 3974/1/3
f 3976/2/3 3759/2/3 3758/2/3
f 3976/1/3 3758/1/3 3949/1/3
f 3976/2/3 3761/2/3 3760/2/3
f 3976/2/3 3760/2/3 3759/2/3
f 3977/2/3 3761/2/3 3976/2/3
f 3978/2/3 3761/2/3 3977/2/3
f 3979/1/3 3914/1/3 3761/1/3
f 3979/2/3 3761/2/3 3978/2/3
f 3980/1/3 3762/1/3 3951/1/3
f 3980/2/3 3763/2/3 3762/2/3
f 3981/2/3 3729/2/3 3763/2/3
f 3981/2/3 3763/2/3 3980/2/3
f 3982/2/3 3729/2/3 3981/2/3
f 3983/1/3 3888/1/3 3729/1/3
f 3983/2/3 3729/2/3 3982/2/3
f 3984/1/3 3952/1/3 3919/1/3
f 3984/1/3 3953/1/3 3952/1/3
f 3985/1/3 3891/1/3 3923/1/3
f 3985/1/3 3953/1/3 3984/1/3
f 3985/1/3 3923/1/3 3953/1/3
f 3986/1/3 3954/1/3 3924/1/3
f 3986/1/3 3955/1/3 3954/1/3
f 3987/1/3 3927/1/3 3955/1/3
f 3987/1/3 3955/1/3 3986/1/3
f 3988/1/3 3956/1/3 3893/1/3
f 3989/2/3 3957/2/3 3956/2/3
f 3989/1/3 3956/1/3 3988/1/3
f 3990/1/3 3828/1/3 3957/1/3
f 3990/2/3 3957/2/3 3989/2/3
f 3991/1/3 3828/1/3 3990/1/3
f 3992/2/3 3774/2/3 3773/2/3
f 3992/1/3 3772/1/3 3961/1/3
f 3992/2/3 3775/2/3 3774/2/3
f 3992/2/3 3773/2/3 3772/2/3
f 3993/2/3 3775/2/3 3992/2/3
f 3994/2/3 3775/2/3 3993/2/3
f 3995/1/3 3932/1/3 3775/1/3
f 3995/2/3 3775/2/3 3994/2/3
f 3996/2/3 3964/2/3 3963/2/3
f 3996/1/3 3963/1/3 3962/1/3
f 3997/1/3 3966/1/3 3965/1/3
f 3997/2/3 3964/2/3 3996/2/3
f 3997/1/3 3965/1/3 3964/1/3
f 3998/1/3 3968/1/3 3937/1/3
f 3998/1/3 3969/1/3 3968/1/3
f 3999/1/3 3941/1/3 3969/1/3
f 3999/1/3 3969/1/3 3998/1/3
f 4000/1/3 3970/1/3 3904/1/3
f 4000/1/3 3904/1/3 3877/1/3
f 4001/2/3 3971/2/3 3970/2/3
f 4001/1/3 3970/1/3 4000/1/3
f 4002/1/3 3943/1/3 3971/1/3
f 4002/2/3 3971/2/3 4001/2/3
f 4003/1/3 3908/1/3 3943/1/3
f 4003/1/3 3943/1/3 4002/1/3
f 4004/2/3 3879/2/3 3909/2/3
f 4004/2/3 3909/2/3 3908/2/3
f 4005/1/3 221/1/3 3879/1/3
f 4005/2/3 3879/2/3 4004/2/3
f 4006/1/3 3810/1/3 3975/1/3
f 4006/2/3 3811/2/3 3810/2/3
f 4006/2/3 3812/2/3 3811/2/3
f 4006/2/3 3813/2/3 3812/2/3
f 4007/2/3 3813/2/3 4006/2/3
f 4008/2/3 3813/2/3 4007/2/3
f 4009/1/3 3946/1/3 3813/1/3
f 4009/2/3 3813/2/3 4008/2/3
f 4010/1/3 3977/1/3 3976/1/3
f 4010/2/3 3978/2/3 3977/2/3
f 4011/1/3 3979/1/3 3978/1/3
f 4011/2/3 3978/2/3 4010/2/3
f 4012/2/3 3982/2/3 3981/2/3
f 4012/1/3 3981/1/3 3980/1/3
f 4013/1/3 3983/1/3 3982/1/3
f 4013/2/3 3982/2/3 4012/2/3
f 4014/1/3 3984/1/3 3919/1/3
f 4015/2/3 3985/2/3 3984/2/3
f 4015/1/3 3984/1/3 4014/1/3
f 4016/1/3 3891/1/3 3985/1/3
f 4016/2/3 3985/2/3 4015/2/3
f 4017/1/3 3820/1/3 3891/1/3
f 4017/1/3 3891/1/3 4016/1/3
f 4018/1/3 3986/1/3 3924/1/3
f 4018/1/3 3924/1/3 3859/1/3
f 4019/2/3 3987/2/3 3986/2/3
f 4019/1/3 3986/1/3 4018/1/3
f 4020/1/3 3927/1/3 3987/1/3
f 4020/2/3 3987/2/3 4019/2/3
f 4021/1/3 3862/1/3 3927/1/3
f 4021/1/3 3927/1/3 4020/1/3
f 4022/1/3 3828/1/3 3991/1/3
f 4022/2/3 3829/2/3 3828/2/3
f 4022/2/3 3830/2/3 3829/2/3
f 4022/2/3 3831/2/3 3830/2/3
f 4023/2/3 3831/2/3 4022/2/3
f 4024/2/3 3831/2/3 4023/2/3
f 4025/1/3 3958/1/3 3831/1/3
f 4025/2/3 3831/2/3 4024/2/3
f 4026/1/3 3993/1/3 3992/1/3
f 4026/2/3 3994/2/3 3993/2/3
f 4027/1/3 3995/1/3 3994/1/3
f 4027/2/3 3994/2/3 4026/2/3
f 4028/1/3 3996/1/3 3962/1/3
f 4028/1/3 3997/1/3 3996/1/3
f 4029/1/3 3997/1/3 4028/1/3
f 4030/1/3 3998/1/3 3937/1/3
f 4031/2/3 3999/2/3 3998/2/3
f 4031/1/3 3998/1/3 4030/1/3
f 4032/1/3 3941/1/3 3999/1/3
f 4032/2/3 3999/2/3 4031/2/3
f 4033/1/3 3874/1/3 3941/1/3
f 4033/1/3 3941/1/3 4032/1/3
f 4034/2/3 3876/2/3 3875/2/3
f 4034/2/3 3875/2/3 3874/2/3
f 4034/2/3 3877/2/3 3876/2/3
f 4035/1/3 4000/1/3 3877/1/3
f 4035/2/3 3877/2/3 4034/2/3
f 4036/2/3 4001/2/3 4000/2/3
f 4036/1/3 3908/1/3 4003/1/3
f 4036/2/3 4003/2/3 4002/2/3
f 4036/2/3 4002/2/3 4001/2/3
f 4037/1/3 3908/1/3 4036/1/3
f 4038/2/3 4004/2/3 3908/2/3
f 4038/1/3 3908/1/3 4037/1/3
f 4039/2/3 4004/2/3 4038/2/3
f 4040/1/3 4007/1/3 4006/1/3
f 4040/2/3 4008/2/3 4007/2/3
f 4041/1/3 4009/1/3 4008/1/3
f 4041/2/3 4008/2/3 4040/2/3
f 4042/1/3 4011/1/3 4010/1/3
f 4042/1/3 4010/1/3 3976/1/3
f 4043/1/3 3979/1/3 4011/1/3
f 4043/1/3 4011/1/3 4042/1/3
f 4044/1/3 4013/1/3 4012/1/3
f 4044/1/3 4012/1/3 3980/1/3
f 4045/1/3 3983/1/3 4013/1/3
f 4045/1/3 4013/1/3 4044/1/3
f 4046/1/3 3862/1/3 4021/1/3
f 4046/2/3 4021/2/3 4020/2/3
f 4046/2/3 4020/2/3 4019/2/3
f 4046/2/3 4019/2/3 4018/2/3
f 4047/1/3 3862/1/3 4046/1/3
f 4048/2/3 3893/2/3 3892/2/3
f 4048/2/3 3892/2/3 3862/2/3
f 4049/1/3 3988/1/3 3893/1/3
f 4049/2/3 3893/2/3 4048/2/3
f 4050/2/3 4024/2/3 4023/2/3
f 4050/1/3 4023/1/3 4022/1/3
f 4051/1/3 4025/1/3 4024/1/3
f 4051/2/3 4024/2/3 4050/2/3
f 4052/1/3 4026/1/3 3992/1/3
f 4052/1/3 4027/1/3 4026/1/3
f 4053/1/3 3995/1/3 4027/1/3
f 4053/1/3 4027/1/3 4052/1/3
f 4054/1/3 4028/1/3 3962/1/3
f 4054/1/3 3962/1/3 3935/1/3
f 4055/2/3 4029/2/3 4028/2/3
f 4055/1/3 4028/1/3 4054/1/3
f 4056/1/3 3997/1/3 4029/1/3
f 4056/2/3 4029/2/3 4055/2/3
f 4057/1/3 3966/1/3 3997/1/3
f 4057/1/3 3997/1/3 4056/1/3
f 4058/2/3 3937/2/3 3967/2/3
f 4058/2/3 3967/2/3 3966/2/3
f 4059/1/3 4030/1/3 3937/1/3
f 4059/2/3 3937/2/3 4058/2/3
f 4060/1/3 3874/1/3 4033/1/3
f 4060/2/3 4034/2/3 3874/2/3
f 4061/2/3 4034/2/3 4060/2/3
f 4062/2/3 4034/2/3 4061/2/3
f 4063/1/3 4035/1/3 4034/1/3
f 4063/2/3 4034/2/3 4062/2/3
f 4064/1/3 4038/1/3 4037/1/3
f 4064/2/3 4004/2/3 4039/2/3
f 4064/1/3 4039/1/3 4038/1/3
f 4065/1/3 4005/1/3 4004/1/3
f 4065/2/3 4004/2/3 4064/2/3
f 4066/1/3 4041/1/3 4040/1/3
f 4066/1/3 4040/1/3 4006/1/3
f 4067/1/3 4009/1/3 4041/1/3
f 4067/1/3 4041/1/3 4066/1/3
f 4068/1/3 4042/1/3 3976/1/3
f 4068/1/3 3976/1/3 3949/1/3
f 4069/2/3 4043/2/3 4042/2/3
f 4069/1/3 4042/1/3 4068/1/3
f 4070/1/3 3979/1/3 4043/1/3
f 4070/2/3 4043/2/3 4069/2/3
f 4071/1/3 3914/1/3 3979/1/3
f 4071/1/3 3979/1/3 4070/1/3
f 4072/2/3 3950/2/3 3914/2/3
f 4072/2/3 3951/2/3 3950/2/3
f 4073/1/3 4044/1/3 3980/1/3
f 4073/2/3 3951/2/3 4072/2/3
f 4073/1/3 3980/1/3 3951/1/3
f 4074/1/3 4044/1/3 4073/1/3
f 4075/2/3 4045/2/3 4044/2/3
f 4075/1/3 4044/1/3 4074/1/3
f 4076/1/3 3983/1/3 4045/1/3
f 4076/2/3 4045/2/3 4075/2/3
f 4077/1/3 3888/1/3 3983/1/3
f 4077/1/3 3983/1/3 4076/1/3
f 4078/2/3 3919/2/3 3918/2/3
f 4078/2/3 3918/2/3 3888/2/3
f 4079/1/3 4014/1/3 3919/1/3
f 4079/2/3 3919/2/3 4078/2/3
f 4080/2/3 3858/2/3 3820/2/3
f 4080/2/3 3859/2/3 3858/2/3
f 4080/1/3 3820/1/3 4017/1/3
f 4081/2/3 3859/2/3 4080/2/3
f 4082/2/3 3859/2/3 4081/2/3
f 4083/1/3 4018/1/3 3859/1/3
f 4083/2/3 3859/2/3 4082/2/3
f 4084/1/3 3862/1/3 4047/1/3
f 4084/2/3 4048/2/3 3862/2/3
f 4085/2/3 4048/2/3 4084/2/3
f 4086/2/3 4048/2/3 4085/2/3
f 4087/1/3 4049/1/3 4048/1/3
f 4087/2/3 4048/2/3 4086/2/3
f 4088/1/3 4051/1/3 4050/1/3
f 4088/1/3 4050/1/3 4022/1/3
f 4089/1/3 4025/1/3 4051/1/3
f 4089/1/3 4051/1/3 4088/1/3
f 4090/1/3 4052/1/3 3992/1/3
f 4090/1/3 3992/1/3 3961/1/3
f 4091/2/3 4053/2/3 4052/2/3
f 4091/1/3 4052/1/3 4090/1/3
f 4092/1/3 3995/1/3 4053/1/3
f 4092/2/3 4053/2/3 4091/2/3
f 4093/1/3 3932/1/3 3995/1/3
f 4093/1/3 3995/1/3 4092/1/3
f 4094/2/3 3934/2/3 3933/2/3
f 4094/2/3 3935/2/3 3934/2/3
f 4094/2/3 3933/2/3 3932/2/3
f 4095/1/3 4054/1/3 3935/1/3
f 4095/2/3 3935/2/3 4094/2/3
f 4096/1/3 3966/1/3 4057/1/3
f 4096/2/3 4056/2/3 4055/2/3
f 4096/2/3 4055/2/3 4054/2/3
f 4096/2/3 4057/2/3 4056/2/3
f 4097/1/3 3966/1/3 4096/1/3
f 4098/2/3 4058/2/3 3966/2/3
f 4098/1/3 3966/1/3 4097/1/3
f 4099/2/3 4058/2/3 4098/2/3
f 4100/2/3 4062/2/3 4061/2/3
f 4100/1/3 4061/1/3 4060/1/3
f 4101/1/3 4063/1/3 4062/1/3
f 4101/2/3 4062/2/3 4100/2/3
f 4102/1/3 4066/1/3 4006/1/3
f 4102/1/3 4006/1/3 3975/1/3
f 4103/2/3 4067/2/3 4066/2/3
f 4103/1/3 4066/1/3 4102/1/3
f 4104/1/3 4009/1/3 4067/1/3
f 4104/2/3 4067/2/3 4103/2/3
f 4105/1/3 3946/1/3 4009/1/3
f 4105/1/3 4009/1/3 4104/1/3
f 4106/2/3 3948/2/3 3947/2/3
f 4106/1/3 3946/1/3 4105/1/3
f 4106/2/3 3949/2/3 3948/2/3
f 4106/2/3 3947/2/3 3946/2/3
f 4107/2/3 3949/2/3 4106/2/3
f 4108/2/3 3949/2/3 4107/2/3
f 4109/1/3 4068/1/3 3949/1/3
f 4109/2/3 3949/2/3 4108/2/3
f 4110/2/3 4072/2/3 3914/2/3
f 4110/1/3 3914/1/3 4071/1/3
f 4111/2/3 4072/2/3 4110/2/3
f 4112/1/3 3888/1/3 4077/1/3
f 4112/2/3 4078/2/3 3888/2/3
f 4113/2/3 4078/2/3 4112/2/3
f 4114/2/3 4078/2/3 4113/2/3
f 4115/1/3 4079/1/3 4078/1/3
f 4115/2/3 4078/2/3 4114/2/3
f 4116/1/3 4081/1/3 4080/1/3
f 4116/2/3 4082/2/3 4081/2/3
f 4117/1/3 4083/1/3 4082/1/3
f 4117/2/3 4082/2/3 4116/2/3
f 4118/2/3 4086/2/3 4085/2/3
f 4118/1/3 4085/1/3 4084/1/3
f 4119/1/3 4087/1/3 4086/1/3
f 4119/2/3 4086/2/3 4118/2/3
f 4120/1/3 4088/1/3 4022/1/3
f 4120/1/3 4022/1/3 3991/1/3
f 4121/2/3 4089/2/3 4088/2/3
f 4121/1/3 4088/1/3 4120/1/3
f 4122/1/3 4025/1/3 4089/1/3
f 4122/2/3 4089/2/3 4121/2/3
f 4123/1/3 3958/1/3 4025/1/3
f 4123/1/3 4025/1/3 4122/1/3
f 4124/2/3 3960/2/3 3959/2/3
f 4124/1/3 3958/1/3 4123/1/3
f 4124/2/3 3961/2/3 3960/2/3
f 4124/2/3 3959/2/3 3958/2/3
f 4125/2/3 3961/2/3 4124/2/3
f 4126/2/3 3961/2/3 4125/2/3
f 4127/1/3 4090/1/3 3961/1/3
f 4127/2/3 3961/2/3 4126/2/3
f 4128/1/3 3932/1/3 4093/1/3
f 4128/2/3 4094/2/3 3932/2/3
f 4129/2/3 4094/2/3 4128/2/3
f 4130/2/3 4094/2/3 4129/2/3
f 4131/1/3 4095/1/3 4094/1/3
f 4131/2/3 4094/2/3 4130/2/3
f 4132/1/3 4098/1/3 4097/1/3
f 4132/2/3 4058/2/3 4099/2/3
f 4132/1/3 4099/1/3 4098/1/3
f 4133/1/3 4059/1/3 4058/1/3
f 4133/2/3 4058/2/3 4132/2/3
f 4134/1/3 4100/1/3 4060/1/3
f 4134/1/3 4101/1/3 4100/1/3
f 4135/1/3 4063/1/3 4101/1/3
f 4135/1/3 4101/1/3 4134/1/3
f 4136/1/3 4065/1/3 4064/1/3
f 4137/1/3 4005/1/3 4065/1/3
f 4137/1/3 4065/1/3 4136/1/3
f 4138/2/3 3975/2/3 3974/2/3
f 4138/2/3 3974/2/3 3973/2/3
f 4138/2/3 3973/2/3 3972/2/3
f 4138/1/3 3972/1/3 180/1/3
f 4139/2/3 3975/2/3 4138/2/3
f 4140/2/3 3975/2/3 4139/2/3
f 4141/1/3 4102/1/3 3975/1/3
f 4141/2/3 3975/2/3 4140/2/3
f 4142/2/3 4108/2/3 4107/2/3
f 4142/1/3 4106/1/3 4105/1/3
f 4142/1/3 4107/1/3 4106/1/3
f 4143/1/3 4109/1/3 4108/1/3
f 4143/2/3 4108/2/3 4142/2/3
f 4144/2/3 4072/2/3 4111/2/3
f 4145/1/3 4074/1/3 4073/1/3
f 4145/2/3 4072/2/3 4144/2/3
f 4145/1/3 4073/1/3 4072/1/3
f 4146/1/3 4113/1/3 4112/1/3
f 4146/2/3 4114/2/3 4113/2/3
f 4147/1/3 4115/1/3 4114/1/3
f 4147/2/3 4114/2/3 4146/2/3
f 4148/1/3 4116/1/3 4080/1/3
f 4148/1/3 4117/1/3 4116/1/3
f 4149/1/3 4083/1/3 4117/1/3
f 4149/1/3 4117/1/3 4148/1/3
f 4150/1/3 4118/1/3 4084/1/3
f 4150/1/3 4119/1/3 4118/1/3
f 4151/1/3 4087/1/3 4119/1/3
f 4151/1/3 4119/1/3 4150/1/3
f 4151/1/3 4049/1/3 4087/1/3
f 4152/2/3 3991/2/3 3990/2/3
f 4152/1/3 4049/1/3 4151/1/3
f 4152/2/3 3989/2/3 3988/2/3
f 4152/1/3 3988/1/3 4049/1/3
f 4152/2/3 3990/2/3 3989/2/3
f 4153/2/3 3991/2/3 4152/2/3
f 4154/2/3 3991/2/3 4153/2/3
f 4155/1/3 4120/1/3 3991/1/3
f 4155/2/3 3991/2/3 4154/2/3
f 4156/1/3 4125/1/3 4124/1/3
f 4156/1/3 4124/1/3 4123/1/3
f 4156/2/3 4126/2/3 4125/2/3
f 4157/1/3 4127/1/3 4126/1/3
f 4157/2/3 4126/2/3 4156/2/3
f 4158/2/3 4130/2/3 4129/2/3
f 4158/1/3 4129/1/3 4128/1/3
f 4159/1/3 4131/1/3 4130/1/3
f 4159/2/3 4130/2/3 4158/2/3
f 4160/1/3 4060/1/3 4033/1/3
f 4160/1/3 4134/1/3 4060/1/3
f 4161/2/3 4135/2/3 4134/2/3
f 4161/1/3 4134/1/3 4160/1/3
f 4162/1/3 4063/1/3 4135/1/3
f 4162/2/3 4135/2/3 4161/2/3
f 4163/1/3 4035/1/3 4063/1/3
f 4163/1/3 4063/1/3 4162/1/3
f 4164/1/3 4064/1/3 4037/1/3
f 4164/1/3 4136/1/3 4064/1/3
f 4165/2/3 4137/2/3 4136/2/3
f 4165/1/3 4136/1/3 4164/1/3
f 4166/1/3 4005/1/3 4137/1/3
f 4166/2/3 4137/2/3 4165/2/3
f 4167/1/3 221/1/3 4005/1/3
f 4167/1/3 4005/1/3 4166/1/3
f 4168/2/3 4140/2/3 4139/2/3
f 4168/1/3 4139/1/3 4138/1/3
f 4169/1/3 4141/1/3 4140/1/3
f 4169/2/3 4140/2/3 4168/2/3
f 4170/1/3 4143/1/3 4142/1/3
f 4170/1/3 4142/1/3 4105/1/3
f 4171/1/3 4143/1/3 4170/1/3
f 4172/2/3 4144/2/3 4111/2/3
f 4172/1/3 4111/1/3 4110/1/3
f 4173/1/3 4145/1/3 4144/1/3
f 4173/2/3 4144/2/3 4172/2/3
f 4174/1/3 4146/1/3 4112/1/3
f 4174/1/3 4147/1/3 4146/1/3
f 4175/1/3 4079/1/3 4115/1/3
f 4175/1/3 4147/1/3 4174/1/3
f 4175/1/3 4115/1/3 4147/1/3
f 4176/1/3 4148/1/3 4080/1/3
f 4176/1/3 4080/1/3 4017/1/3
f 4177/2/3 4149/2/3 4148/2/3
f 4177/1/3 4148/1/3 4176/1/3
f 4178/1/3 4083/1/3 4149/1/3
f 4178/2/3 4149/2/3 4177/2/3
f 4179/1/3 4018/1/3 4083/1/3
f 4179/1/3 4083/1/3 4178/1/3
f 4180/2/3 4151/2/3 4150/2/3
f 4180/1/3 4153/1/3 4152/1/3
f 4180/1/3 4152/1/3 4151/1/3
f 4181/1/3 4153/1/3 4180/1/3
f 4182/2/3 4154/2/3 4153/2/3
f 4182/1/3 4153/1/3 4181/1/3
f 4183/1/3 4155/1/3 4154/1/3
f 4183/2/3 4154/2/3 4182/2/3
f 4184/1/3 4157/1/3 4156/1/3
f 4184/1/3 4156/1/3 4123/1/3
f 4185/1/3 4157/1/3 4184/1/3
f 4186/1/3 4159/1/3 4158/1/3
f 4186/1/3 4158/1/3 4128/1/3
f 4187/1/3 4131/1/3 4159/1/3
f 4187/1/3 4159/1/3 4186/1/3
f 4188/1/3 4133/1/3 4132/1/3
f 4189/1/3 4059/1/3 4133/1/3
f 4189/1/3 4133/1/3 4188/1/3
f 4190/1/3 4030/1/3 4059/1/3
f 4190/1/3 4059/1/3 4189/1/3
f 4190/2/3 4032/2/3 4031/2/3
f 4190/2/3 4033/2/3 4032/2/3
f 4190/2/3 4031/2/3 4030/2/3
f 4191/2/3 4033/2/3 4190/2/3
f 4192/2/3 4033/2/3 4191/2/3
f 4193/1/3 4160/1/3 4033/1/3
f 4193/2/3 4033/2/3 4192/2/3
f 4194/2/3 4162/2/3 4161/2/3
f 4194/1/3 4035/1/3 4163/1/3
f 4194/2/3 4163/2/3 4162/2/3
f 4194/2/3 4161/2/3 4160/2/3
f 4195/1/3 4000/1/3 4035/1/3
f 4195/1/3 4035/1/3 4194/1/3
f 4196/2/3 4036/2/3 4000/2/3
f 4196/1/3 4000/1/3 4195/1/3
f 4196/2/3 4037/2/3 4036/2/3
f 4197/2/3 4037/2/3 4196/2/3
f 4198/2/3 4037/2/3 4197/2/3
f 4199/1/3 4164/1/3 4037/1/3
f 4199/2/3 4037/2/3 4198/2/3
f 4200/1/3 4164/1/3 4199/1/3
f 4201/2/3 4166/2/3 4165/2/3
f 4201/1/3 4164/1/3 4200/1/3
f 4201/2/3 4165/2/3 4164/2/3
f 4201/2/3 4167/2/3 4166/2/3
f 4202/1/3 4169/1/3 4168/1/3
f 4203/1/3 4169/1/3 4202/1/3
f 4204/1/3 4170/1/3 4105/1/3
f 4205/2/3 4171/2/3 4170/2/3
f 4205/1/3 4170/1/3 4204/1/3
f 4206/1/3 4143/1/3 4171/1/3
f 4206/2/3 4171/2/3 4205/2/3
f 4207/1/3 4109/1/3 4143/1/3
f 4207/1/3 4143/1/3 4206/1/3
f 4208/1/3 4172/1/3 4110/1/3
f 4208/1/3 4110/1/3 4071/1/3
f 4208/1/3 4173/1/3 4172/1/3
f 4209/1/3 4074/1/3 4145/1/3
f 4209/1/3 4173/1/3 4208/1/3
f 4209/1/3 4145/1/3 4173/1/3
f 4210/1/3 4174/1/3 4112/1/3
f 4210/1/3 4112/1/3 4077/1/3
f 4211/2/3 4175/2/3 4174/2/3
f 4211/1/3 4174/1/3 4210/1/3
f 4212/1/3 4079/1/3 4175/1/3
f 4212/2/3 4175/2/3 4211/2/3
f 4213/1/3 4014/1/3 4079/1/3
f 4213/1/3 4079/1/3 4212/1/3
f 4214/1/3 4018/1/3 4179/1/3
f 4214/2/3 4047/2/3 4046/2/3
f 4214/2/3 4046/2/3 4018/2/3
f 4215/2/3 4047/2/3 4214/2/3
f 4216/2/3 4047/2/3 4215/2/3
f 4217/1/3 4084/1/3 4047/1/3
f 4217/2/3 4047/2/3 4216/2/3
f 4217/1/3 4150/1/3 4084/1/3
f 4218/1/3 4150/1/3 4217/1/3
f 4219/2/3 4181/2/3 4180/2/3
f 4219/1/3 4150/1/3 4218/1/3
f 4219/2/3 4180/2/3 4150/2/3
f 4220/1/3 4182/1/3 4181/1/3
f 4220/1/3 4183/1/3 4182/1/3
f 4221/1/3 4183/1/3 4220/1/3
f 4222/1/3 4184/1/3 4123/1/3
f 4223/2/3 4185/2/3 4184/2/3
f 4223/1/3 4184/1/3 4222/1/3
f 4224/1/3 4157/1/3 4185/1/3
f 4224/2/3 4185/2/3 4223/2/3
f 4225/1/3 4127/1/3 4157/1/3
f 4225/1/3 4157/1/3 4224/1/3
f 4226/1/3 4186/1/3 4128/1/3
f 4226/1/3 4128/1/3 4093/1/3
f 4227/2/3 4187/2/3 4186/2/3
f 4227/1/3 4186/1/3 4226/1/3
f 4228/1/3 4131/1/3 4187/1/3
f 4228/2/3 4187/2/3 4227/2/3
f 4229/1/3 4095/1/3 4131/1/3
f 4229/1/3 4131/1/3 4228/1/3
f 4230/1/3 4188/1/3 4132/1/3
f 4230/1/3 4132/1/3 4097/1/3
f 4231/2/3 4189/2/3 4188/2/3
f 4231/1/3 4188/1/3 4230/1/3
f 4232/1/3 4191/1/3 4190/1/3
f 4232/2/3 4189/2/3 4231/2/3
f 4232/1/3 4190/1/3 4189/1/3
f 4233/1/3 4191/1/3 4232/1/3
f 4234/2/3 4192/2/3 4191/2/3
f 4234/1/3 4191/1/3 4233/1/3
f 4235/1/3 4193/1/3 4192/1/3
f 4235/2/3 4192/2/3 4234/2/3
f 4236/1/3 4197/1/3 4196/1/3
f 4236/2/3 4198/2/3 4197/2/3
f 4236/1/3 4196/1/3 4195/1/3
f 4237/1/3 4200/1/3 4199/1/3
f 4237/2/3 4198/2/3 4236/2/3
f 4237/1/3 4199/1/3 4198/1/3
f 4238/1/3 4202/1/3 4168/1/3
f 4238/1/3 4168/1/3 4138/1/3
f 4239/2/3 4203/2/3 4202/2/3
f 4239/1/3 4202/1/3 4238/1/3
f 4240/1/3 4169/1/3 4203/1/3
f 4240/2/3 4203/2/3 4239/2/3
f 4241/1/3 4141/1/3 4169/1/3
f 4241/1/3 4169/1/3 4240/1/3
f 4242/2/3 4205/2/3 4204/2/3
f 4242/1/3 4109/1/3 4207/1/3
f 4242/2/3 4206/2/3 4205/2/3
f 4242/2/3 4207/2/3 4206/2/3
f 4243/1/3 4068/1/3 4109/1/3
f 4243/1/3 4109/1/3 4242/1/3
f 4244/2/3 4070/2/3 4069/2/3
f 4244/1/3 4068/1/3 4243/1/3
f 4244/2/3 4069/2/3 4068/2/3
f 4244/2/3 4071/2/3 4070/2/3
f 4245/2/3 4071/2/3 4244/2/3
f 4246/2/3 4071/2/3 4245/2/3
f 4247/1/3 4208/1/3 4071/1/3
f 4247/2/3 4071/2/3 4246/2/3
f 4248/1/3 4074/1/3 4209/1/3
f 4248/2/3 4209/2/3 4208/2/3
f 4249/1/3 4074/1/3 4248/1/3
f 4250/2/3 4016/2/3 4015/2/3
f 4250/1/3 4014/1/3 4213/1/3
f 4250/2/3 4015/2/3 4014/2/3
f 4250/2/3 4017/2/3 4016/2/3
f 4251/2/3 4017/2/3 4250/2/3
f 4252/2/3 4017/2/3 4251/2/3
f 4253/1/3 4176/1/3 4017/1/3
f 4253/2/3 4017/2/3 4252/2/3
f 4254/2/3 4216/2/3 4215/2/3
f 4254/1/3 4215/1/3 4214/1/3
f 4255/1/3 4218/1/3 4217/1/3
f 4255/2/3 4216/2/3 4254/2/3
f 4255/1/3 4217/1/3 4216/1/3
f 4256/1/3 4220/1/3 4181/1/3
f 4257/2/3 4221/2/3 4220/2/3
f 4257/1/3 4220/1/3 4256/1/3
f 4258/1/3 4183/1/3 4221/1/3
f 4258/2/3 4221/2/3 4257/2/3
f 4259/1/3 4155/1/3 4183/1/3
f 4259/1/3 4183/1/3 4258/1/3
f 4260/1/3 4127/1/3 4225/1/3
f 4260/2/3 4223/2/3 4222/2/3
f 4260/2/3 4224/2/3 4223/2/3
f 4260/2/3 4225/2/3 4224/2/3
f 4261/1/3 4090/1/3 4127/1/3
f 4261/1/3 4127/1/3 4260/1/3
f 4262/2/3 4092/2/3 4091/2/3
f 4262/1/3 4090/1/3 4261/1/3
f 4262/2/3 4091/2/3 4090/2/3
f 4262/2/3 4093/2/3 4092/2/3
f 4263/2/3 4093/2/3 4262/2/3
f 4264/2/3 4093/2/3 4263/2/3
f 4265/1/3 4226/1/3 4093/1/3
f 4265/2/3 4093/2/3 4264/2/3
f 4266/2/3 4228/2/3 4227/2/3
f 4266/1/3 4095/1/3 4229/1/3
f 4266/2/3 4229/2/3 4228/2/3
f 4266/2/3 4227/2/3 4226/2/3
f 4267/1/3 4054/1/3 4095/1/3
f 4267/1/3 4095/1/3 4266/1/3
f 4268/2/3 4096/2/3 4054/2/3
f 4268/1/3 4054/1/3 4267/1/3
f 4268/2/3 4097/2/3 4096/2/3
f 4269/2/3 4097/2/3 4268/2/3
f 4270/2/3 4097/2/3 4269/2/3
f 4271/1/3 4230/1/3 4097/1/3
f 4271/2/3 4097/2/3 4270/2/3
f 4272/1/3 4230/1/3 4271/1/3
f 4273/2/3 4232/2/3 4231/2/3
f 4273/1/3 4230/1/3 4272/1/3
f 4273/2/3 4231/2/3 4230/2/3
f 4273/2/3 4233/2/3 4232/2/3
f 4274/1/3 4234/1/3 4233/1/3
f 4274/1/3 4235/1/3 4234/1/3
f 4275/1/3 4235/1/3 4274/1/3
f 4276/1/3 4236/1/3 4195/1/3
f 4276/1/3 4237/1/3 4236/1/3
f 4277/1/3 4200/1/3 4237/1/3
f 4277/1/3 4237/1/3 4276/1/3
f 4278/1/3 4138/1/3 180/1/3
f 4278/1/3 4238/1/3 4138/1/3
f 4279/2/3 4241/2/3 4240/2/3
f 4279/1/3 4238/1/3 4278/1/3
f 4279/2/3 4240/2/3 4239/2/3
f 4279/2/3 4239/2/3 4238/2/3
f 4280/1/3 4141/1/3 4241/1/3
f 4280/2/3 4241/2/3 4279/2/3
f 4281/1/3 4102/1/3 4141/1/3
f 4281/1/3 4141/1/3 4280/1/3
f 4282/2/3 4105/2/3 4104/2/3
f 4282/1/3 4102/1/3 4281/1/3
f 4282/2/3 4103/2/3 4102/2/3
f 4282/2/3 4104/2/3 4103/2/3
f 4283/2/3 4105/2/3 4282/2/3
f 4284/2/3 4105/2/3 4283/2/3
f 4285/1/3 4204/1/3 4105/1/3
f 4285/2/3 4105/2/3 4284/2/3
f 4286/2/3 4246/2/3 4245/2/3
f 4286/1/3 4244/1/3 4243/1/3
f 4286/1/3 4245/1/3 4244/1/3
f 4287/1/3 4247/1/3 4246/1/3
f 4287/2/3 4246/2/3 4286/2/3
f 4288/2/3 4075/2/3 4074/2/3
f 4288/1/3 4074/1/3 4249/1/3
f 4288/2/3 4076/2/3 4075/2/3
f 4288/2/3 4077/2/3 4076/2/3
f 4289/2/3 4077/2/3 4288/2/3
f 4290/2/3 4077/2/3 4289/2/3
f 4291/1/3 4210/1/3 4077/1/3
f 4291/2/3 4077/2/3 4290/2/3
f 4292/1/3 4251/1/3 4250/1/3
f 4292/2/3 4252/2/3 4251/2/3
f 4293/1/3 4253/1/3 4252/1/3
f 4293/2/3 4252/2/3 4292/2/3
f 4294/1/3 4255/1/3 4254/1/3
f 4294/1/3 4254/1/3 4214/1/3
f 4295/1/3 4255/1/3 4294/1/3
f 4296/1/3 4218/1/3 4255/1/3
f 4296/1/3 4255/1/3 4295/1/3
f 4296/2/3 4219/2/3 4218/2/3
f 4297/2/3 4181/2/3 4219/2/3
f 4297/2/3 4219/2/3 4296/2/3
f 4298/2/3 4181/2/3 4297/2/3
f 4299/1/3 4256/1/3 4181/1/3
f 4299/2/3 4181/2/3 4298/2/3
f 4300/1/3 4256/1/3 4299/1/3
f 4301/2/3 4259/2/3 4258/2/3
f 4301/1/3 4256/1/3 4300/1/3
f 4301/2/3 4257/2/3 4256/2/3
f 4301/2/3 4258/2/3 4257/2/3
f 4302/1/3 4155/1/3 4259/1/3
f 4302/2/3 4259/2/3 4301/2/3
f 4303/1/3 4120/1/3 4155/1/3
f 4303/1/3 4155/1/3 4302/1/3
f 4304/2/3 4123/2/3 4122/2/3
f 4304/1/3 4120/1/3 4303/1/3
f 4304/2/3 4121/2/3 4120/2/3
f 4304/2/3 4122/2/3 4121/2/3
f 4305/2/3 4123/2/3 4304/2/3
f 4306/2/3 4123/2/3 4305/2/3
f 4307/1/3 4222/1/3 4123/1/3
f 4307/2/3 4123/2/3 4306/2/3
f 4308/1/3 4262/1/3 4261/1/3
f 4308/2/3 4264/2/3 4263/2/3
f 4308/1/3 4263/1/3 4262/1/3
f 4309/1/3 4265/1/3 4264/1/3
f 4309/2/3 4264/2/3 4308/2/3
f 4310/2/3 4270/2/3 4269/2/3
f 4310/1/3 4268/1/3 4267/1/3
f 4310/1/3 4269/1/3 4268/1/3
f 4311/1/3 4272/1/3 4271/1/3
f 4311/2/3 4270/2/3 4310/2/3
f 4311/1/3 4271/1/3 4270/1/3
f 4312/1/3 4274/1/3 4233/1/3
f 4313/2/3 4275/2/3 4274/2/3
f 4313/1/3 4274/1/3 4312/1/3
f 4314/1/3 4235/1/3 4275/1/3
f 4314/2/3 4275/2/3 4313/2/3
f 4315/1/3 4193/1/3 4235/1/3
f 4315/1/3 4235/1/3 4314/1/3
f 4316/1/3 4276/1/3 4195/1/3
f 4317/2/3 4277/2/3 4276/2/3
f 4317/1/3 4276/1/3 4316/1/3
f 4318/1/3 4200/1/3 4277/1/3
f 4318/2/3 4277/2/3 4317/2/3
f 4319/1/3 4200/1/3 4318/1/3
f 4320/1/3 4282/1/3 4281/1/3
f 4320/2/3 4284/2/3 4283/2/3
f 4320/1/3 4283/1/3 4282/1/3
f 4321/1/3 4285/1/3 4284/1/3
f 4321/2/3 4284/2/3 4320/2/3
f 4322/1/3 4287/1/3 4286/1/3
f 4322/1/3 4286/1/3 4243/1/3
f 4323/1/3 4287/1/3 4322/1/3
f 4324/1/3 4289/1/3 4288/1/3
f 4324/2/3 4290/2/3 4289/2/3
f 4325/1/3 4291/1/3 4290/1/3
f 4325/2/3 4290/2/3 4324/2/3
f 4326/1/3 4293/1/3 4292/1/3
f 4326/1/3 4292/1/3 4250/1/3
f 4327/1/3 4253/1/3 4293/1/3
f 4327/1/3 4293/1/3 4326/1/3
f 4328/1/3 4214/1/3 4179/1/3
f 4328/1/3 4294/1/3 4214/1/3
f 4329/2/3 4295/2/3 4294/2/3
f 4329/1/3 4294/1/3 4328/1/3
f 4330/1/3 4296/1/3 4295/1/3
f 4330/2/3 4295/2/3 4329/2/3
f 4330/1/3 4297/1/3 4296/1/3
f 4331/1/3 4297/1/3 4330/1/3
f 4332/2/3 4298/2/3 4297/2/3
f 4332/1/3 4297/1/3 4331/1/3
f 4333/1/3 4300/1/3 4299/1/3
f 4333/2/3 4298/2/3 4332/2/3
f 4333/1/3 4299/1/3 4298/1/3
f 4334/2/3 4306/2/3 4305/2/3
f 4334/1/3 4305/1/3 4304/1/3
f 4334/1/3 4304/1/3 4303/1/3
f 4335/1/3 4307/1/3 4306/1/3
f 4335/2/3 4306/2/3 4334/2/3
f 4336/1/3 4309/1/3 4308/1/3
f 4336/1/3 4308/1/3 4261/1/3
f 4337/1/3 4309/1/3 4336/1/3
f 4338/1/3 4310/1/3 4267/1/3
f 4338/1/3 4311/1/3 4310/1/3
f 4339/1/3 4272/1/3 4311/1/3
f 4339/1/3 4311/1/3 4338/1/3
f 4340/2/3 4313/2/3 4312/2/3
f 4340/2/3 4314/2/3 4313/2/3
f 4340/1/3 4193/1/3 4315/1/3
f 4340/2/3 4315/2/3 4314/2/3
f 4341/1/3 4160/1/3 4193/1/3
f 4341/1/3 4193/1/3 4340/1/3
f 4342/1/3 4320/1/3 4281/1/3
f 4342/1/3 4321/1/3 4320/1/3
f 4343/1/3 4285/1/3 4321/1/3
f 4343/1/3 4321/1/3 4342/1/3
f 4344/1/3 4322/1/3 4243/1/3
f 4345/2/3 4323/2/3 4322/2/3
f 4345/1/3 4322/1/3 4344/1/3
f 4346/1/3 4287/1/3 4323/1/3
f 4346/2/3 4323/2/3 4345/2/3
f 4347/1/3 4247/1/3 4287/1/3
f 4347/1/3 4287/1/3 4346/1/3
f 4348/1/3 4325/1/3 4324/1/3
f 4348/1/3 4324/1/3 4288/1/3
f 4349/1/3 4291/1/3 4325/1/3
f 4349/1/3 4325/1/3 4348/1/3
f 4350/1/3 4326/1/3 4250/1/3
f 4350/1/3 4250/1/3 4213/1/3
f 4351/2/3 4327/2/3 4326/2/3
f 4351/1/3 4326/1/3 4350/1/3
f 4352/1/3 4253/1/3 4327/1/3
f 4352/2/3 4327/2/3 4351/2/3
f 4353/1/3 4176/1/3 4253/1/3
f 4353/1/3 4253/1/3 4352/1/3
f 4354/2/3 4178/2/3 4177/2/3
f 4354/2/3 4179/2/3 4178/2/3
f 4354/2/3 4177/2/3 4176/2/3
f 4355/1/3 4328/1/3 4179/1/3
f 4355/2/3 4179/2/3 4354/2/3
f 4356/1/3 4332/1/3 4331/1/3
f 4356/2/3 4329/2/3 4328/2/3
f 4356/2/3 4330/2/3 4329/2/3
f 4356/2/3 4331/2/3 4330/2/3
f 4356/1/3 4333/1/3 4332/1/3
f 4357/1/3 4333/1/3 4356/1/3
f 4358/1/3 4333/1/3 4357/1/3
f 4359/1/3 4300/1/3 4333/1/3
f 4359/1/3 4333/1/3 4358/1/3
f 4360/1/3 4334/1/3 4303/1/3
f 4360/1/3 4335/1/3 4334/1/3
f 4361/1/3 4307/1/3 4335/1/3
f 4361/1/3 4335/1/3 4360/1/3
f 4362/1/3 4336/1/3 4261/1/3
f 4363/2/3 4337/2/3 4336/2/3
f 4363/1/3 4336/1/3 4362/1/3
f 4364/1/3 4309/1/3 4337/1/3
f 4364/2/3 4337/2/3 4363/2/3
f 4365/1/3 4265/1/3 4309/1/3
f 4365/1/3 4309/1/3 4364/1/3
f 4366/1/3 4338/1/3 4267/1/3
f 4367/2/3 4339/2/3 4338/2/3
f 4367/1/3 4338/1/3 4366/1/3
f 4368/1/3 4272/1/3 4339/1/3
f 4368/2/3 4339/2/3 4367/2/3
f 4369/1/3 4272/1/3 4368/1/3
f 4370/1/3 4342/1/3 4281/1/3
f 4371/2/3 4343/2/3 4342/2/3
f 4371/1/3 4342/1/3 4370/1/3
f 4372/1/3 4285/1/3 4343/1/3
f 4372/2/3 4343/2/3 4371/2/3
f 4373/1/3 4204/1/3 4285/1/3
f 4373/1/3 4285/1/3 4372/1/3
f 4374/2/3 4346/2/3 4345/2/3
f 4374/2/3 4345/2/3 4344/2/3
f 4374/1/3 4247/1/3 4347/1/3
f 4374/2/3 4347/2/3 4346/2/3
f 4375/1/3 4208/1/3 4247/1/3
f 4375/1/3 4247/1/3 4374/1/3
f 4376/1/3 4288/1/3 4249/1/3
f 4376/1/3 4348/1/3 4288/1/3
f 4377/2/3 4349/2/3 4348/2/3
f 4377/1/3 4348/1/3 4376/1/3
f 4378/1/3 4291/1/3 4349/1/3
f 4378/2/3 4349/2/3 4377/2/3
f 4379/1/3 4210/1/3 4291/1/3
f 4379/1/3 4291/1/3 4378/1/3
f 4380/2/3 4354/2/3 4176/2/3
f 4380/1/3 4355/1/3 4354/1/3
f 4381/1/3 4328/1/3 4355/1/3
f 4381/1/3 4355/1/3 4380/1/3
f 4382/1/3 4358/1/3 4357/1/3
f 4383/2/3 4359/2/3 4358/2/3
f 4383/1/3 4358/1/3 4382/1/3
f 4384/1/3 4300/1/3 4359/1/3
f 4384/2/3 4359/2/3 4383/2/3
f 4385/1/3 4300/1/3 4384/1/3
f 4386/1/3 4360/1/3 4303/1/3
f 4387/2/3 4361/2/3 4360/2/3
f 4387/1/3 4360/1/3 4386/1/3
f 4388/1/3 4307/1/3 4361/1/3
f 4388/2/3 4361/2/3 4387/2/3
f 4389/1/3 4222/1/3 4307/1/3
f 4389/1/3 4307/1/3 4388/1/3
f 4390/2/3 4364/2/3 4363/2/3
f 4390/2/3 4363/2/3 4362/2/3
f 4390/1/3 4265/1/3 4365/1/3
f 4390/2/3 4365/2/3 4364/2/3
f 4391/1/3 4226/1/3 4265/1/3
f 4391/1/3 4265/1/3 4390/1/3
f 4392/2/3 4249/2/3 4248/2/3
f 4392/2/3 4248/2/3 4208/2/3
f 4393/1/3 4376/1/3 4249/1/3
f 4393/2/3 4249/2/3 4392/2/3
f 4394/2/3 4212/2/3 4211/2/3
f 4394/2/3 4211/2/3 4210/2/3
f 4394/2/3 4213/2/3 4212/2/3
f 4395/1/3 4350/1/3 4213/1/3
f 4395/2/3 4213/2/3 4394/2/3
f 4396/2/3 4380/2/3 4176/2/3
f 4396/1/3 4176/1/3 4353/1/3
f 4396/2/3 4381/2/3 4380/2/3
f 4397/2/3 4381/2/3 4396/2/3
f 4398/2/3 4381/2/3 4397/2/3
f 4399/1/3 4328/1/3 4381/1/3
f 4399/2/3 4381/2/3 4398/2/3
f 4400/1/3 4210/1/3 4379/1/3
f 4400/2/3 4394/2/3 4210/2/3
f 4401/2/3 4394/2/3 4400/2/3
f 4402/2/3 4394/2/3 4401/2/3
f 4403/1/3 4395/1/3 4394/1/3
f 4403/2/3 4394/2/3 4402/2/3
f 4404/2/3 4398/2/3 4397/2/3
f 4404/1/3 4397/1/3 4396/1/3
f 4405/1/3 4399/1/3 4398/1/3
f 4405/2/3 4398/2/3 4404/2/3
f 4406/2/3 4383/2/3 4382/2/3
f 4406/2/3 4385/2/3 4384/2/3
f 4406/2/3 4384/2/3 4383/2/3
f 4406/1/3 4382/1/3 4357/1/3
f 4407/2/3 4385/2/3 4406/2/3
f 4408/2/3 4385/2/3 4407/2/3
f 4409/1/3 4300/1/3 4385/1/3
f 4409/2/3 4385/2/3 4408/2/3
f 4410/2/3 4194/2/3 4160/2/3
f 4410/2/3 4195/2/3 4194/2/3
f 4410/1/3 4160/1/3 4341/1/3
f 4411/2/3 4195/2/3 4410/2/3
f 4412/2/3 4195/2/3 4411/2/3
f 4413/1/3 4316/1/3 4195/1/3
f 4413/2/3 4195/2/3 4412/2/3
f 4414/2/3 4392/2/3 4208/2/3
f 4415/1/3 4393/1/3 4392/1/3
f 4415/2/3 4392/2/3 4414/2/3
f 4416/2/3 4402/2/3 4401/2/3
f 4416/1/3 4401/1/3 4400/1/3
f 4417/1/3 4403/1/3 4402/1/3
f 4417/2/3 4402/2/3 4416/2/3
f 4418/1/3 4405/1/3 4404/1/3
f 4418/1/3 4404/1/3 4396/1/3
f 4419/1/3 4399/1/3 4405/1/3
f 4419/1/3 4405/1/3 4418/1/3
f 4420/1/3 4407/1/3 4406/1/3
f 4420/2/3 4408/2/3 4407/2/3
f 4421/1/3 4409/1/3 4408/1/3
f 4421/2/3 4408/2/3 4420/2/3
f 4422/2/3 4412/2/3 4411/2/3
f 4422/1/3 4411/1/3 4410/1/3
f 4423/1/3 4413/1/3 4412/1/3
f 4423/2/3 4412/2/3 4422/2/3
f 4424/1/3 4200/1/3 4319/1/3
f 4424/2/3 4201/2/3 4200/2/3
f 4425/2/3 4167/2/3 4201/2/3
f 4425/2/3 4201/2/3 4424/2/3
f 4426/2/3 4167/2/3 4425/2/3
f 4427/1/3 221/1/3 4167/1/3
f 4427/2/3 4167/2/3 4426/2/3
f 4428/2/3 4279/2/3 4278/2/3
f 4428/2/3 4281/2/3 4280/2/3
f 4428/2/3 4280/2/3 4279/2/3
f 4429/1/3 4370/1/3 4281/1/3
f 4429/2/3 4281/2/3 4428/2/3
f 4430/2/3 4242/2/3 4204/2/3
f 4430/2/3 4243/2/3 4242/2/3
f 4431/1/3 4344/1/3 4243/1/3
f 4431/2/3 4243/2/3 4430/2/3
f 4432/1/3 4208/1/3 4375/1/3
f 4432/2/3 4414/2/3 4208/2/3
f 4433/1/3 4415/1/3 4414/1/3
f 4433/2/3 4414/2/3 4432/2/3
f 4434/1/3 4417/1/3 4416/1/3
f 4434/1/3 4416/1/3 4400/1/3
f 4435/1/3 4403/1/3 4417/1/3
f 4435/1/3 4417/1/3 4434/1/3
f 4436/1/3 4418/1/3 4396/1/3
f 4436/1/3 4396/1/3 4353/1/3
f 4437/2/3 4419/2/3 4418/2/3
f 4437/1/3 4418/1/3 4436/1/3
f 4438/1/3 4399/1/3 4419/1/3
f 4438/2/3 4419/2/3 4437/2/3
f 4439/1/3 4328/1/3 4399/1/3
f 4439/1/3 4399/1/3 4438/1/3
f 4440/1/3 4420/1/3 4406/1/3
f 4440/1/3 4421/1/3 4420/1/3
f 4441/1/3 4409/1/3 4421/1/3
f 4441/1/3 4421/1/3 4440/1/3
f 4442/2/3 4303/2/3 4302/2/3
f 4442/2/3 4301/2/3 4300/2/3
f 4442/2/3 4302/2/3 4301/2/3
f 4443/1/3 4386/1/3 4303/1/3
f 4443/2/3 4303/2/3 4442/2/3
f 4444/2/3 4260/2/3 4222/2/3
f 4444/2/3 4261/2/3 4260/2/3
f 4445/1/3 4362/1/3 4261/1/3
f 4445/2/3 4261/2/3 4444/2/3
f 4446/1/3 4226/1/3 4391/1/3
f 4446/2/3 4266/2/3 4226/2/3
f 4446/2/3 4267/2/3 4266/2/3
f 4447/2/3 4267/2/3 4446/2/3
f 4448/2/3 4267/2/3 4447/2/3
f 4449/1/3 4366/1/3 4267/1/3
f 4449/2/3 4267/2/3 4448/2/3
f 4450/1/3 4422/1/3 4410/1/3
f 4450/1/3 4423/1/3 4422/1/3
f 4451/1/3 4413/1/3 4423/1/3
f 4451/1/3 4423/1/3 4450/1/3
f 4452/1/3 4425/1/3 4424/1/3
f 4452/2/3 4426/2/3 4425/2/3
f 4453/1/3 4427/1/3 4426/1/3
f 4453/2/3 4426/2/3 4452/2/3
f 4454/1/3 4278/1/3 180/1/3
f 4454/2/3 4428/2/3 4278/2/3
f 4455/2/3 4428/2/3 4454/2/3
f 4456/1/3 4204/1/3 4373/1/3
f 4456/2/3 4430/2/3 4204/2/3
f 4457/2/3 4430/2/3 4456/2/3
f 4458/2/3 4430/2/3 4457/2/3
f 4459/1/3 4431/1/3 4430/1/3
f 4459/2/3 4430/2/3 4458/2/3
f 4460/1/3 4434/1/3 4400/1/3
f 4460/1/3 4400/1/3 4379/1/3
f 4461/2/3 4435/2/3 4434/2/3
f 4461/1/3 4434/1/3 4460/1/3
f 4462/1/3 4403/1/3 4435/1/3
f 4462/2/3 4435/2/3 4461/2/3
f 4463/1/3 4395/1/3 4403/1/3
f 4463/1/3 4403/1/3 4462/1/3
f 4464/1/3 4440/1/3 4406/1/3
f 4464/1/3 4406/1/3 4357/1/3
f 4465/2/3 4441/2/3 4440/2/3
f 4465/1/3 4440/1/3 4464/1/3
f 4466/1/3 4409/1/3 4441/1/3
f 4466/2/3 4441/2/3 4465/2/3
f 4467/1/3 4300/1/3 4409/1/3
f 4467/1/3 4409/1/3 4466/1/3
f 4468/2/3 4442/2/3 4300/2/3
f 4468/1/3 4300/1/3 4467/1/3
f 4469/2/3 4442/2/3 4468/2/3
f 4470/1/3 4222/1/3 4389/1/3
f 4470/2/3 4444/2/3 4222/2/3
f 4471/2/3 4444/2/3 4470/2/3
f 4472/2/3 4444/2/3 4471/2/3
f 4473/1/3 4445/1/3 4444/1/3
f 4473/2/3 4444/2/3 4472/2/3
f 4474/2/3 4448/2/3 4447/2/3
f 4474/1/3 4447/1/3 4446/1/3
f 4475/1/3 4449/1/3 4448/1/3
f 4475/2/3 4448/2/3 4474/2/3
f 4476/1/3 4272/1/3 4369/1/3
f 4476/2/3 4273/2/3 4272/2/3
f 4477/2/3 4233/2/3 4273/2/3
f 4477/2/3 4273/2/3 4476/2/3
f 4478/2/3 4233/2/3 4477/2/3
f 4479/1/3 4312/1/3 4233/1/3
f 4479/2/3 4233/2/3 4478/2/3
f 4480/1/3 4450/1/3 4410/1/3
f 4480/1/3 4410/1/3 4341/1/3
f 4481/2/3 4451/2/3 4450/2/3
f 4481/1/3 4450/1/3 4480/1/3
f 4482/1/3 4413/1/3 4451/1/3
f 4482/2/3 4451/2/3 4481/2/3
f 4483/1/3 4316/1/3 4413/1/3
f 4483/1/3 4413/1/3 4482/1/3
f 4484/1/3 4452/1/3 4424/1/3
f 4484/1/3 4453/1/3 4452/1/3
f 4485/1/3 4427/1/3 4453/1/3
f 4485/1/3 4453/1/3 4484/1/3
f 4486/2/3 4428/2/3 4455/2/3
f 4486/1/3 4455/1/3 4454/1/3
f 4487/2/3 4428/2/3 4486/2/3
f 4488/2/3 4428/2/3 4487/2/3
f 4489/1/3 4429/1/3 4428/1/3
f 4489/2/3 4428/2/3 4488/2/3
f 4490/2/3 4458/2/3 4457/2/3
f 4490/1/3 4457/1/3 4456/1/3
f 4491/1/3 4459/1/3 4458/1/3
f 4491/2/3 4458/2/3 4490/2/3
f 4492/1/3 4433/1/3 4432/1/3
f 4493/1/3 4415/1/3 4433/1/3
f 4493/1/3 4433/1/3 4492/1/3
f 4494/2/3 4462/2/3 4461/2/3
f 4494/2/3 4461/2/3 4460/2/3
f 4494/1/3 4395/1/3 4463/1/3
f 4494/2/3 4463/2/3 4462/2/3
f 4495/1/3 4350/1/3 4395/1/3
f 4495/1/3 4395/1/3 4494/1/3
f 4496/2/3 4352/2/3 4351/2/3
f 4496/1/3 4350/1/3 4495/1/3
f 4496/2/3 4351/2/3 4350/2/3
f 4496/2/3 4353/2/3 4352/2/3
f 4497/2/3 4353/2/3 4496/2/3
f 4498/2/3 4353/2/3 4497/2/3
f 4499/1/3 4436/1/3 4353/1/3
f 4499/2/3 4353/2/3 4498/2/3
f 4500/1/3 4328/1/3 4439/1/3
f 4500/2/3 4356/2/3 4328/2/3
f 4500/2/3 4357/2/3 4356/2/3
f 4501/2/3 4357/2/3 4500/2/3
f 4502/2/3 4357/2/3 4501/2/3
f 4503/1/3 4464/1/3 4357/1/3
f 4503/2/3 4357/2/3 4502/2/3
f 4504/2/3 4442/2/3 4469/2/3
f 4504/1/3 4469/1/3 4468/1/3
f 4504/1/3 4468/1/3 4467/1/3
f 4505/2/3 4442/2/3 4504/2/3
f 4506/2/3 4442/2/3 4505/2/3
f 4507/1/3 4443/1/3 4442/1/3
f 4507/2/3 4442/2/3 4506/2/3
f 4508/2/3 4472/2/3 4471/2/3
f 4508/1/3 4471/1/3 4470/1/3
f 4509/1/3 4473/1/3 4472/1/3
f 4509/2/3 4472/2/3 4508/2/3
f 4510/1/3 4475/1/3 4474/1/3
f 4510/1/3 4474/1/3 4446/1/3
f 4511/1/3 4449/1/3 4475/1/3
f 4511/1/3 4475/1/3 4510/1/3
f 4512/2/3 4478/2/3 4477/2/3
f 4512/1/3 4477/1/3 4476/1/3
f 4513/1/3 4479/1/3 4478/1/3
f 4513/2/3 4478/2/3 4512/2/3
f 4514/1/3 4484/1/3 4424/1/3
f 4514/1/3 4424/1/3 4319/1/3
f 4515/2/3 4485/2/3 4484/2/3
f 4515/1/3 4484/1/3 4514/1/3
f 4516/1/3 4427/1/3 4485/1/3
f 4516/2/3 4485/2/3 4515/2/3
f 4517/1/3 221/1/3 4427/1/3
f 4517/1/3 4427/1/3 4516/1/3
f 4518/2/3 4488/2/3 4487/2/3
f 4518/1/3 4487/1/3 4486/1/3
f 4519/1/3 4489/1/3 4488/1/3
f 4519/2/3 4488/2/3 4518/2/3
f 4520/1/3 4490/1/3 4456/1/3
f 4520/1/3 4491/1/3 4490/1/3
f 4521/1/3 4459/1/3 4491/1/3
f 4521/1/3 4491/1/3 4520/1/3
f 4522/1/3 4432/1/3 4375/1/3
f 4522/1/3 4492/1/3 4432/1/3
f 4523/2/3 4493/2/3 4492/2/3
f 4523/1/3 4492/1/3 4522/1/3
f 4524/1/3 4415/1/3 4493/1/3
f 4524/2/3 4493/2/3 4523/2/3
f 4525/1/3 4393/1/3 4415/1/3
f 4525/1/3 4415/1/3 4524/1/3
f 4526/2/3 4498/2/3 4497/2/3
f 4526/1/3 4497/1/3 4496/1/3
f 4526/1/3 4496/1/3 4495/1/3
f 4527/1/3 4499/1/3 4498/1/3
f 4527/2/3 4498/2/3 4526/2/3
f 4528/2/3 4502/2/3 4501/2/3
f 4528/1/3 4501/1/3 4500/1/3
f 4529/1/3 4503/1/3 4502/1/3
f 4529/2/3 4502/2/3 4528/2/3
f 4530/2/3 4506/2/3 4505/2/3
f 4530/1/3 4505/1/3 4504/1/3
f 4531/1/3 4507/1/3 4506/1/3
f 4531/2/3 4506/2/3 4530/2/3
f 4532/1/3 4509/1/3 4508/1/3
f 4532/1/3 4508/1/3 4470/1/3
f 4533/1/3 4473/1/3 4509/1/3
f 4533/1/3 4509/1/3 4532/1/3
f 4534/1/3 4510/1/3 4446/1/3
f 4534/1/3 4446/1/3 4391/1/3
f 4535/2/3 4511/2/3 4510/2/3
f 4535/1/3 4510/1/3 4534/1/3
f 4536/1/3 4449/1/3 4511/1/3
f 4536/2/3 4511/2/3 4535/2/3
f 4537/1/3 4366/1/3 4449/1/3
f 4537/1/3 4449/1/3 4536/1/3
f 4538/1/3 4513/1/3 4512/1/3
f 4538/1/3 4512/1/3 4476/1/3
f 4539/1/3 4479/1/3 4513/1/3
f 4539/1/3 4513/1/3 4538/1/3
f 4540/2/3 4340/2/3 4312/2/3
f 4540/1/3 4479/1/3 4539/1/3
f 4540/1/3 4312/1/3 4479/1/3
f 4540/2/3 4341/2/3 4340/2/3
f 4541/2/3 4341/2/3 4540/2/3
f 4542/2/3 4341/2/3 4541/2/3
f 4543/1/3 4480/1/3 4341/1/3
f 4543/2/3 4341/2/3 4542/2/3
f 4544/1/3 4316/1/3 4483/1/3
f 4544/2/3 4319/2/3 4318/2/3
f 4544/2/3 4317/2/3 4316/2/3
f 4544/2/3 4318/2/3 4317/2/3
f 4545/2/3 4319/2/3 4544/2/3
f 4546/2/3 4319/2/3 4545/2/3
f 4547/1/3 4514/1/3 4319/1/3
f 4547/2/3 4319/2/3 4546/2/3
f 4548/1/3 4520/1/3 4456/1/3
f 4548/1/3 4456/1/3 4373/1/3
f 4549/2/3 4521/2/3 4520/2/3
f 4549/1/3 4520/1/3 4548/1/3
f 4550/1/3 4459/1/3 4521/1/3
f 4550/2/3 4521/2/3 4549/2/3
f 4551/1/3 4431/1/3 4459/1/3
f 4551/1/3 4459/1/3 4550/1/3
f 4552/2/3 4523/2/3 4522/2/3
f 4552/2/3 4524/2/3 4523/2/3
f 4552/1/3 4393/1/3 4525/1/3
f 4552/2/3 4525/2/3 4524/2/3
f 4553/1/3 4376/1/3 4393/1/3
f 4553/1/3 4393/1/3 4552/1/3
f 4554/2/3 4379/2/3 4378/2/3
f 4554/1/3 4376/1/3 4553/1/3
f 4554/2/3 4377/2/3 4376/2/3
f 4554/2/3 4378/2/3 4377/2/3
f 4555/2/3 4379/2/3 4554/2/3
f 4556/2/3 4379/2/3 4555/2/3
f 4557/1/3 4460/1/3 4379/1/3
f 4557/2/3 4379/2/3 4556/2/3
f 4558/1/3 4526/1/3 4495/1/3
f 4558/1/3 4527/1/3 4526/1/3
f 4559/1/3 4499/1/3 4527/1/3
f 4559/1/3 4527/1/3 4558/1/3
f 4560/1/3 4532/1/3 4470/1/3
f 4560/1/3 4470/1/3 4389/1/3
f 4561/2/3 4533/2/3 4532/2/3
f 4561/1/3 4532/1/3 4560/1/3
f 4562/1/3 4473/1/3 4533/1/3
f 4562/2/3 4533/2/3 4561/2/3
f 4563/1/3 4445/1/3 4473/1/3
f 4563/1/3 4473/1/3 4562/1/3
f 4564/1/3 4476/1/3 4369/1/3
f 4564/1/3 4538/1/3 4476/1/3
f 4565/2/3 4539/2/3 4538/2/3
f 4565/1/3 4538/1/3 4564/1/3
f 4566/1/3 4541/1/3 4540/1/3
f 4566/2/3 4539/2/3 4565/2/3
f 4566/1/3 4540/1/3 4539/1/3
f 4567/1/3 4541/1/3 4566/1/3
f 4568/2/3 4542/2/3 4541/2/3
f 4568/1/3 4541/1/3 4567/1/3
f 4569/1/3 4543/1/3 4542/1/3
f 4569/2/3 4542/2/3 4568/2/3
f 4570/1/3 4545/1/3 4544/1/3
f 4570/2/3 4546/2/3 4545/2/3
f 4571/1/3 4547/1/3 4546/1/3
f 4571/2/3 4546/2/3 4570/2/3
f 4572/1/3 4486/1/3 4454/1/3
f 4572/1/3 4519/1/3 4518/1/3
f 4572/1/3 4518/1/3 4486/1/3
f 4573/1/3 4489/1/3 4519/1/3
f 4573/1/3 4519/1/3 4572/1/3
f 4574/1/3 4431/1/3 4551/1/3
f 4574/2/3 4551/2/3 4550/2/3
f 4574/2/3 4550/2/3 4549/2/3
f 4574/2/3 4549/2/3 4548/2/3
f 4575/1/3 4344/1/3 4431/1/3
f 4575/1/3 4431/1/3 4574/1/3
f 4576/2/3 4374/2/3 4344/2/3
f 4576/1/3 4344/1/3 4575/1/3
f 4576/2/3 4375/2/3 4374/2/3
f 4577/2/3 4375/2/3 4576/2/3
f 4578/2/3 4375/2/3 4577/2/3
f 4579/1/3 4522/1/3 4375/1/3
f 4579/2/3 4375/2/3 4578/2/3
f 4580/1/3 4554/1/3 4553/1/3
f 4580/1/3 4555/1/3 4554/1/3
f 4580/2/3 4556/2/3 4555/2/3
f 4581/1/3 4557/1/3 4556/1/3
f 4581/2/3 4556/2/3 4580/2/3
f 4582/1/3 4558/1/3 4495/1/3
f 4583/2/3 4559/2/3 4558/2/3
f 4583/1/3 4558/1/3 4582/1/3
f 4584/1/3 4499/1/3 4559/1/3
f 4584/2/3 4559/2/3 4583/2/3
f 4585/1/3 4436/1/3 4499/1/3
f 4585/1/3 4499/1/3 4584/1/3
f 4586/1/3 4529/1/3 4528/1/3
f 4586/1/3 4528/1/3 4500/1/3
f 4587/1/3 4503/1/3 4529/1/3
f 4587/1/3 4529/1/3 4586/1/3
f 4588/1/3 4504/1/3 4467/1/3
f 4588/1/3 4530/1/3 4504/1/3
f 4588/1/3 4531/1/3 4530/1/3
f 4589/1/3 4507/1/3 4531/1/3
f 4589/1/3 4531/1/3 4588/1/3
f 4590/2/3 4561/2/3 4560/2/3
f 4590/1/3 4445/1/3 4563/1/3
f 4590/2/3 4563/2/3 4562/2/3
f 4590/2/3 4562/2/3 4561/2/3
f 4591/1/3 4362/1/3 4445/1/3
f 4591/1/3 4445/1/3 4590/1/3
f 4592/2/3 4390/2/3 4362/2/3
f 4592/1/3 4362/1/3 4591/1/3
f 4592/2/3 4391/2/3 4390/2/3
f 4593/2/3 4391/2/3 4592/2/3
f 4594/2/3 4391/2/3 4593/2/3
f 4595/1/3 4534/1/3 4391/1/3
f 4595/2/3 4391/2/3 4594/2/3
f 4596/2/3 4367/2/3 4366/2/3
f 4596/2/3 4369/2/3 4368/2/3
f 4596/1/3 4366/1/3 4537/1/3
f 4596/2/3 4368/2/3 4367/2/3
f 4597/2/3 4369/2/3 4596/2/3
f 4598/2/3 4369/2/3 4597/2/3
f 4599/1/3 4564/1/3 4369/1/3
f 4599/2/3 4369/2/3 4598/2/3
f 4600/1/3 4568/1/3 4567/1/3
f 4600/1/3 4569/1/3 4568/1/3
f 4601/1/3 4543/1/3 4569/1/3
f 4601/1/3 4569/1/3 4600/1/3
f 4602/1/3 4572/1/3 4454/1/3
f 4602/1/3 4454/1/3 180/1/3
f 4603/2/3 4573/2/3 4572/2/3
f 4603/1/3 4572/1/3 4602/1/3
f 4604/1/3 4489/1/3 4573/1/3
f 4604/2/3 4573/2/3 4603/2/3
f 4605/1/3 4429/1/3 4489/1/3
f 4605/1/3 4489/1/3 4604/1/3
f 4606/1/3 4576/1/3 4575/1/3
f 4606/2/3 4578/2/3 4577/2/3
f 4606/1/3 4577/1/3 4576/1/3
f 4607/1/3 4579/1/3 4578/1/3
f 4607/2/3 4578/2/3 4606/2/3
f 4608/1/3 4580/1/3 4553/1/3
f 4608/1/3 4581/1/3 4580/1/3
f 4609/1/3 4557/1/3 4581/1/3
f 4609/1/3 4581/1/3 4608/1/3
f 4610/2/3 4438/2/3 4437/2/3
f 4610/2/3 4439/2/3 4438/2/3
f 4610/2/3 4437/2/3 4436/2/3
f 4611/1/3 4586/1/3 4500/1/3
f 4611/2/3 4439/2/3 4610/2/3
f 4611/1/3 4500/1/3 4439/1/3
f 4612/1/3 4503/1/3 4587/1/3
f 4612/2/3 4587/2/3 4586/2/3
f 4613/1/3 4464/1/3 4503/1/3
f 4613/1/3 4503/1/3 4612/1/3
f 4614/1/3 4588/1/3 4467/1/3
f 4615/2/3 4589/2/3 4588/2/3
f 4615/1/3 4588/1/3 4614/1/3
f 4616/1/3 4507/1/3 4589/1/3
f 4616/2/3 4589/2/3 4615/2/3
f 4617/1/3 4443/1/3 4507/1/3
f 4617/1/3 4507/1/3 4616/1/3
f 4618/1/3 4593/1/3 4592/1/3
f 4618/2/3 4594/2/3 4593/2/3
f 4618/1/3 4592/1/3 4591/1/3
f 4619/1/3 4595/1/3 4594/1/3
f 4619/2/3 4594/2/3 4618/2/3
f 4620/2/3 4598/2/3 4597/2/3
f 4620/1/3 4597/1/3 4596/1/3
f 4621/1/3 4599/1/3 4598/1/3
f 4621/2/3 4598/2/3 4620/2/3
f 4622/1/3 4600/1/3 4567/1/3
f 4623/2/3 4601/2/3 4600/2/3
f 4623/1/3 4600/1/3 4622/1/3
f 4624/1/3 4543/1/3 4601/1/3
f 4624/2/3 4601/2/3 4623/2/3
f 4625/1/3 4480/1/3 4543/1/3
f 4625/1/3 4543/1/3 4624/1/3
f 4626/1/3 4570/1/3 4544/1/3
f 4626/1/3 4571/1/3 4570/1/3
f 4627/1/3 4547/1/3 4571/1/3
f 4627/1/3 4571/1/3 4626/1/3
f 4628/1/3 4429/1/3 4605/1/3
f 4628/2/3 4603/2/3 4602/2/3
f 4628/2/3 4605/2/3 4604/2/3
f 4628/2/3 4604/2/3 4603/2/3
f 4629/1/3 4370/1/3 4429/1/3
f 4629/1/3 4429/1/3 4628/1/3
f 4630/2/3 4373/2/3 4372/2/3
f 4630/1/3 4370/1/3 4629/1/3
f 4630/2/3 4372/2/3 4371/2/3
f 4630/2/3 4371/2/3 4370/2/3
f 4631/2/3 4373/2/3 4630/2/3
f 4632/2/3 4373/2/3 4631/2/3
f 4633/1/3 4548/1/3 4373/1/3
f 4633/2/3 4373/2/3 4632/2/3
f 4634/1/3 4607/1/3 4606/1/3
f 4634/1/3 4606/1/3 4575/1/3
f 4635/1/3 4579/1/3 4607/1/3
f 4635/1/3 4607/1/3 4634/1/3
f 4636/1/3 4608/1/3 4553/1/3
f 4637/2/3 4609/2/3 4608/2/3
f 4637/1/3 4608/1/3 4636/1/3
f 4638/1/3 4557/1/3 4609/1/3
f 4638/2/3 4609/2/3 4637/2/3
f 4639/1/3 4460/1/3 4557/1/3
f 4639/1/3 4557/1/3 4638/1/3
f 4640/2/3 4494/2/3 4460/2/3
f 4640/2/3 4495/2/3 4494/2/3
f 4641/1/3 4582/1/3 4495/1/3
f 4641/2/3 4495/2/3 4640/2/3
f 4642/1/3 4436/1/3 4585/1/3
f 4642/2/3 4610/2/3 4436/2/3
f 4643/2/3 4610/2/3 4642/2/3
f 4644/2/3 4610/2/3 4643/2/3
f 4645/1/3 4611/1/3 4610/1/3
f 4645/2/3 4610/2/3 4644/2/3
f 4646/1/3 4586/1/3 4611/1/3
f 4646/1/3 4611/1/3 4645/1/3
f 4647/2/3 4612/2/3 4586/2/3
f 4647/1/3 4586/1/3 4646/1/3
f 4647/2/3 4613/2/3 4612/2/3
f 4648/2/3 4465/2/3 4464/2/3
f 4648/2/3 4466/2/3 4465/2/3
f 4648/1/3 4464/1/3 4613/1/3
f 4648/2/3 4467/2/3 4466/2/3
f 4649/2/3 4467/2/3 4648/2/3
f 4650/2/3 4615/2/3 4614/2/3
f 4650/2/3 4616/2/3 4615/2/3
f 4650/1/3 4443/1/3 4617/1/3
f 4650/2/3 4617/2/3 4616/2/3
f 4651/1/3 4386/1/3 4443/1/3
f 4651/1/3 4443/1/3 4650/1/3
f 4652/2/3 4388/2/3 4387/2/3
f 4652/1/3 4386/1/3 4651/1/3
f 4652/2/3 4389/2/3 4388/2/3
f 4652/2/3 4387/2/3 4386/2/3
f 4653/2/3 4389/2/3 4652/2/3
f 4654/2/3 4389/2/3 4653/2/3
f 4655/1/3 4560/1/3 4389/1/3
f 4655/2/3 4389/2/3 4654/2/3
f 4656/1/3 4618/1/3 4591/1/3
f 4656/1/3 4619/1/3 4618/1/3
f 4657/1/3 4595/1/3 4619/1/3
f 4657/1/3 4619/1/3 4656/1/3
f 4658/2/3 4483/2/3 4482/2/3
f 4658/2/3 4481/2/3 4480/2/3
f 4658/2/3 4482/2/3 4481/2/3
f 4659/1/3 4626/1/3 4544/1/3
f 4659/2/3 4483/2/3 4658/2/3
f 4659/1/3 4544/1/3 4483/1/3
f 4660/1/3 4547/1/3 4627/1/3
f 4660/2/3 4627/2/3 4626/2/3
f 4661/1/3 4514/1/3 4547/1/3
f 4661/1/3 4547/1/3 4660/1/3
f 4662/1/3 4630/1/3 4629/1/3
f 4662/1/3 4631/1/3 4630/1/3
f 4662/2/3 4632/2/3 4631/2/3
f 4663/1/3 4633/1/3 4632/1/3
f 4663/2/3 4632/2/3 4662/2/3
f 4664/1/3 4634/1/3 4575/1/3
f 4665/2/3 4635/2/3 4634/2/3
f 4665/1/3 4634/1/3 4664/1/3
f 4666/1/3 4579/1/3 4635/1/3
f 4666/2/3 4635/2/3 4665/2/3
f 4667/1/3 4522/1/3 4579/1/3
f 4667/1/3 4579/1/3 4666/1/3
f 4668/2/3 4552/2/3 4522/2/3
f 4668/2/3 4553/2/3 4552/2/3
f 4669/1/3 4636/1/3 4553/1/3
f 4669/2/3 4553/2/3 4668/2/3
f 4670/1/3 4460/1/3 4639/1/3
f 4670/2/3 4640/2/3 4460/2/3
f 4671/2/3 4640/2/3 4670/2/3
f 4672/2/3 4640/2/3 4671/2/3
f 4673/1/3 4641/1/3 4640/1/3
f 4673/2/3 4640/2/3 4672/2/3
f 4674/2/3 4644/2/3 4643/2/3
f 4674/1/3 4643/1/3 4642/1/3
f 4675/1/3 4645/1/3 4644/1/3
f 4675/2/3 4644/2/3 4674/2/3
f 4675/1/3 4646/1/3 4645/1/3
f 4676/2/3 4467/2/3 4649/2/3
f 4676/1/3 4649/1/3 4648/1/3
f 4677/2/3 4467/2/3 4676/2/3
f 4678/2/3 4467/2/3 4677/2/3
f 4679/1/3 4614/1/3 4467/1/3
f 4679/2/3 4467/2/3 4678/2/3
f 4680/2/3 4654/2/3 4653/2/3
f 4680/1/3 4653/1/3 4652/1/3
f 4680/1/3 4652/1/3 4651/1/3
f 4681/1/3 4655/1/3 4654/1/3
f 4681/2/3 4654/2/3 4680/2/3
f 4682/1/3 4656/1/3 4591/1/3
f 4683/2/3 4657/2/3 4656/2/3
f 4683/1/3 4656/1/3 4682/1/3
f 4684/1/3 4595/1/3 4657/1/3
f 4684/2/3 4657/2/3 4683/2/3
f 4685/1/3 4534/1/3 4595/1/3
f 4685/1/3 4595/1/3 4684/1/3
f 4686/1/3 4621/1/3 4620/1/3
f 4686/1/3 4620/1/3 4596/1/3
f 4687/1/3 4599/1/3 4621/1/3
f 4687/1/3 4621/1/3 4686/1/3
f 4688/2/3 4658/2/3 4480/2/3
f 4688/1/3 4480/1/3 4625/1/3
f 4689/2/3 4658/2/3 4688/2/3
f 4690/2/3 4658/2/3 4689/2/3
f 4691/1/3 4659/1/3 4658/1/3
f 4691/2/3 4658/2/3 4690/2/3
f 4692/1/3 4626/1/3 4659/1/3
f 4692/1/3 4659/1/3 4691/1/3
f 4693/2/3 4661/2/3 4660/2/3
f 4693/1/3 4626/1/3 4692/1/3
f 4693/2/3 4660/2/3 4626/2/3
f 4694/2/3 4515/2/3 4514/2/3
f 4694/2/3 4516/2/3 4515/2/3
f 4694/1/3 4514/1/3 4661/1/3
f 4694/2/3 4517/2/3 4516/2/3
f 4695/2/3 4517/2/3 4694/2/3
f 4696/1/3 4662/1/3 4629/1/3
f 4696/1/3 4663/1/3 4662/1/3
f 4697/1/3 4633/1/3 4663/1/3
f 4697/1/3 4663/1/3 4696/1/3
f 4698/2/3 4668/2/3 4522/2/3
f 4699/1/3 4669/1/3 4668/1/3
f 4699/2/3 4668/2/3 4698/2/3
f 4700/2/3 4672/2/3 4671/2/3
f 4700/1/3 4671/1/3 4670/1/3
f 4701/1/3 4673/1/3 4672/1/3
f 4701/2/3 4672/2/3 4700/2/3
f 4702/1/3 4675/1/3 4674/1/3
f 4702/1/3 4674/1/3 4642/1/3
f 4703/1/3 4646/1/3 4675/1/3
f 4703/1/3 4675/1/3 4702/1/3
f 4704/2/3 4678/2/3 4677/2/3
f 4704/1/3 4677/1/3 4676/1/3
f 4705/1/3 4679/1/3 4678/1/3
f 4705/2/3 4678/2/3 4704/2/3
f 4706/1/3 4681/1/3 4680/1/3
f 4706/1/3 4680/1/3 4651/1/3
f 4707/1/3 4655/1/3 4681/1/3
f 4707/1/3 4681/1/3 4706/1/3
f 4708/2/3 4536/2/3 4535/2/3
f 4708/2/3 4535/2/3 4534/2/3
f 4708/2/3 4537/2/3 4536/2/3
f 4709/1/3 4596/1/3 4537/1/3
f 4709/2/3 4537/2/3 4708/2/3
f 4709/1/3 4686/1/3 4596/1/3
f 4710/1/3 4599/1/3 4687/1/3
f 4710/2/3 4687/2/3 4686/2/3
f 4711/1/3 4564/1/3 4599/1/3
f 4711/1/3 4599/1/3 4710/1/3
f 4712/2/3 4690/2/3 4689/2/3
f 4712/1/3 4689/1/3 4688/1/3
f 4713/1/3 4691/1/3 4690/1/3
f 4713/2/3 4690/2/3 4712/2/3
f 4713/1/3 4692/1/3 4691/1/3
f 4714/2/3 4517/2/3 4695/2/3
f 4714/1/3 4695/1/3 4694/1/3
f 4715/2/3 4517/2/3 4714/2/3
f 4716/2/3 4517/2/3 4715/2/3
f 4717/1/3 221/1/3 4517/1/3
f 4717/2/3 4517/2/3 4716/2/3
f 4718/1/3 4696/1/3 4629/1/3
f 4719/2/3 4697/2/3 4696/2/3
f 4719/1/3 4696/1/3 4718/1/3
f 4720/1/3 4633/1/3 4697/1/3
f 4720/2/3 4697/2/3 4719/2/3
f 4721/1/3 4548/1/3 4633/1/3
f 4721/1/3 4633/1/3 4720/1/3
f 4722/2/3 4574/2/3 4548/2/3
f 4722/2/3 4575/2/3 4574/2/3
f 4723/1/3 4664/1/3 4575/1/3
f 4723/2/3 4575/2/3 4722/2/3
f 4724/1/3 4522/1/3 4667/1/3
f 4724/2/3 4698/2/3 4522/2/3
f 4725/1/3 4699/1/3 4698/1/3
f 4725/2/3 4698/2/3 4724/2/3
f 4726/1/3 4701/1/3 4700/1/3
f 4726/1/3 4700/1/3 4670/1/3
f 4727/1/3 4673/1/3 4701/1/3
f 4727/1/3 4701/1/3 4726/1/3
f 4727/1/3 4641/1/3 4673/1/3
f 4728/1/3 4702/1/3 4642/1/3
f 4728/1/3 4642/1/3 4585/1/3
f 4729/2/3 4703/2/3 4702/2/3
f 4729/1/3 4702/1/3 4728/1/3
f 4730/1/3 4646/1/3 4703/1/3
f 4730/2/3 4703/2/3 4729/2/3
f 4731/1/3 4646/1/3 4730/1/3
f 4732/1/3 4704/1/3 4676/1/3
f 4732/1/3 4676/1/3 4648/1/3
f 4732/1/3 4705/1/3 4704/1/3
f 4733/1/3 4705/1/3 4732/1/3
f 4734/1/3 4706/1/3 4651/1/3
f 4735/2/3 4707/2/3 4706/2/3
f 4735/1/3 4706/1/3 4734/1/3
f 4736/1/3 4655/1/3 4707/1/3
f 4736/2/3 4707/2/3 4735/2/3
f 4737/1/3 4560/1/3 4655/1/3
f 4737/1/3 4655/1/3 4736/1/3
f 4738/2/3 4590/2/3 4560/2/3
f 4738/2/3 4591/2/3 4590/2/3
f 4739/1/3 4682/1/3 4591/1/3
f 4739/2/3 4591/2/3 4738/2/3
f 4740/2/3 4708/2/3 4534/2/3
f 4740/1/3 4534/1/3 4685/1/3
f 4741/2/3 4708/2/3 4740/2/3
f 4742/2/3 4708/2/3 4741/2/3
f 4743/1/3 4709/1/3 4708/1/3
f 4743/2/3 4708/2/3 4742/2/3
f 4744/1/3 4686/1/3 4709/1/3
f 4744/1/3 4709/1/3 4743/1/3
f 4745/2/3 4710/2/3 4686/2/3
f 4745/1/3 4686/1/3 4744/1/3
f 4745/2/3 4711/2/3 4710/2/3
f 4746/1/3 4564/1/3 4711/1/3
f 4746/2/3 4566/2/3 4565/2/3
f 4746/2/3 4565/2/3 4564/2/3
f 4746/2/3 4567/2/3 4566/2/3
f 4747/2/3 4567/2/3 4746/2/3
f 4748/1/3 4712/1/3 4688/1/3
f 4748/1/3 4713/1/3 4712/1/3
f 4749/1/3 4692/1/3 4713/1/3
f 4749/1/3 4713/1/3 4748/1/3
f 4750/2/3 4716/2/3 4715/2/3
f 4750/1/3 4715/1/3 4714/1/3
f 4751/1/3 4717/1/3 4716/1/3
f 4751/2/3 4716/2/3 4750/2/3
f 4752/2/3 4628/2/3 4602/2/3
f 4752/2/3 4629/2/3 4628/2/3
f 4752/1/3 4602/1/3 180/1/3
f 4753/2/3 4629/2/3 4752/2/3
f 4754/2/3 4629/2/3 4753/2/3
f 4755/1/3 4718/1/3 4629/1/3
f 4755/2/3 4629/2/3 4754/2/3
f 4756/1/3 4548/1/3 4721/1/3
f 4756/2/3 4722/2/3 4548/2/3
f 4757/2/3 4722/2/3 4756/2/3
f 4758/2/3 4722/2/3 4757/2/3
f 4759/1/3 4723/1/3 4722/1/3
f 4759/2/3 4722/2/3 4758/2/3
f 4760/1/3 4725/1/3 4724/1/3
f 4761/1/3 4699/1/3 4725/1/3
f 4761/1/3 4725/1/3 4760/1/3
f 4761/1/3 4669/1/3 4699/1/3
f 4762/1/3 4726/1/3 4670/1/3
f 4762/1/3 4670/1/3 4639/1/3
f 4763/2/3 4727/2/3 4726/2/3
f 4763/1/3 4726/1/3 4762/1/3
f 4764/1/3 4641/1/3 4727/1/3
f 4764/2/3 4727/2/3 4763/2/3
f 4765/1/3 4582/1/3 4641/1/3
f 4765/1/3 4641/1/3 4764/1/3
f 4766/1/3 4648/1/3 4613/1/3
f 4766/1/3 4732/1/3 4648/1/3
f 4767/2/3 4733/2/3 4732/2/3
f 4767/1/3 4732/1/3 4766/1/3
f 4768/1/3 4705/1/3 4733/1/3
f 4768/2/3 4733/2/3 4767/2/3
f 4769/1/3 4679/1/3 4705/1/3
f 4769/1/3 4705/1/3 4768/1/3
f 4770/2/3 4651/2/3 4650/2/3
f 4770/1/3 4679/1/3 4769/1/3
f 4770/1/3 4614/1/3 4679/1/3
f 4770/2/3 4650/2/3 4614/2/3
f 4771/2/3 4651/2/3 4770/2/3
f 4772/2/3 4651/2/3 4771/2/3
f 4773/1/3 4734/1/3 4651/1/3
f 4773/2/3 4651/2/3 4772/2/3
f 4774/1/3 4560/1/3 4737/1/3
f 4774/2/3 4738/2/3 4560/2/3
f 4775/2/3 4738/2/3 4774/2/3
f 4776/2/3 4738/2/3 4775/2/3
f 4777/1/3 4739/1/3 4738/1/3
f 4777/2/3 4738/2/3 4776/2/3
f 4778/2/3 4742/2/3 4741/2/3
f 4778/1/3 4741/1/3 4740/1/3
f 4779/1/3 4743/1/3 4742/1/3
f 4779/2/3 4742/2/3 4778/2/3
f 4779/1/3 4744/1/3 4743/1/3
f 4780/2/3 4567/2/3 4747/2/3
f 4780/1/3 4747/1/3 4746/1/3
f 4781/2/3 4567/2/3 4780/2/3
f 4782/2/3 4567/2/3 4781/2/3
f 4783/1/3 4622/1/3 4567/1/3
f 4783/2/3 4567/2/3 4782/2/3
f 4784/1/3 4688/1/3 4625/1/3
f 4784/1/3 4748/1/3 4688/1/3
f 4785/2/3 4749/2/3 4748/2/3
f 4785/1/3 4748/1/3 4784/1/3
f 4786/1/3 4692/1/3 4749/1/3
f 4786/2/3 4749/2/3 4785/2/3
f 4787/1/3 4692/1/3 4786/1/3
f 4788/1/3 4751/1/3 4750/1/3
f 4788/1/3 4750/1/3 4714/1/3
f 4788/1/3 4714/1/3 4694/1/3
f 4789/1/3 4751/1/3 4788/1/3
f 4790/2/3 4754/2/3 4753/2/3
f 4791/1/3 4755/1/3 4754/1/3
f 4791/2/3 4754/2/3 4790/2/3
f 4792/1/3 4757/1/3 4756/1/3
f 4792/2/3 4758/2/3 4757/2/3
f 4793/1/3 4759/1/3 4758/1/3
f 4793/2/3 4758/2/3 4792/2/3
f 4794/1/3 4669/1/3 4761/1/3
f 4794/2/3 4761/2/3 4760/2/3
f 4795/1/3 4636/1/3 4669/1/3
f 4795/1/3 4669/1/3 4794/1/3
f 4796/2/3 4637/2/3 4636/2/3
f 4796/1/3 4636/1/3 4795/1/3
f 4796/2/3 4639/2/3 4638/2/3
f 4796/2/3 4638/2/3 4637/2/3
f 4797/2/3 4639/2/3 4796/2/3
f 4798/2/3 4639/2/3 4797/2/3
f 4799/1/3 4762/1/3 4639/1/3
f 4799/2/3 4639/2/3 4798/2/3
f 4800/2/3 4647/2/3 4646/2/3
f 4800/1/3 4646/1/3 4731/1/3
f 4801/2/3 4613/2/3 4647/2/3
f 4801/2/3 4647/2/3 4800/2/3
f 4802/2/3 4769/2/3 4768/2/3
f 4802/2/3 4767/2/3 4766/2/3
f 4802/2/3 4768/2/3 4767/2/3
f 4802/1/3 4770/1/3 4769/1/3
f 4802/1/3 4771/1/3 4770/1/3
f 4803/1/3 4771/1/3 4802/1/3
f 4804/2/3 4772/2/3 4771/2/3
f 4805/1/3 4773/1/3 4772/1/3
f 4805/2/3 4772/2/3 4804/2/3
f 4806/2/3 4776/2/3 4775/2/3
f 4806/1/3 4775/1/3 4774/1/3
f 4807/1/3 4777/1/3 4776/1/3
f 4807/2/3 4776/2/3 4806/2/3
f 4808/1/3 4778/1/3 4740/1/3
f 4808/1/3 4779/1/3 4778/1/3
f 4809/1/3 4744/1/3 4779/1/3
f 4809/1/3 4779/1/3 4808/1/3
f 4810/2/3 4782/2/3 4781/2/3
f 4810/1/3 4781/1/3 4780/1/3
f 4811/1/3 4783/1/3 4782/1/3
f 4811/2/3 4782/2/3 4810/2/3
f 4812/1/3 4694/1/3 4661/1/3
f 4812/1/3 4788/1/3 4694/1/3
f 4813/2/3 4789/2/3 4788/2/3
f 4813/1/3 4788/1/3 4812/1/3
f 4814/1/3 4751/1/3 4789/1/3
f 4814/2/3 4789/2/3 4813/2/3
f 4815/1/3 4717/1/3 4751/1/3
f 4815/1/3 4751/1/3 4814/1/3
f 4816/2/3 4790/2/3 4753/2/3
f 4816/1/3 4753/1/3 4752/1/3
f 4817/1/3 4791/1/3 4790/1/3
f 4817/2/3 4790/2/3 4816/2/3
f 4818/1/3 4792/1/3 4756/1/3
f 4818/1/3 4793/1/3 4792/1/3
f 4819/1/3 4759/1/3 4793/1/3
f 4819/1/3 4793/1/3 4818/1/3
f 4819/1/3 4723/1/3 4759/1/3
f 4820/1/3 4760/1/3 4724/1/3
f 4820/1/3 4724/1/3 4667/1/3
f 4821/2/3 4795/2/3 4794/2/3
f 4821/1/3 4760/1/3 4820/1/3
f 4821/2/3 4794/2/3 4760/2/3
f 4822/1/3 4797/1/3 4796/1/3
f 4822/2/3 4798/2/3 4797/2/3
f 4822/1/3 4796/1/3 4795/1/3
f 4823/1/3 4799/1/3 4798/1/3
f 4823/2/3 4798/2/3 4822/2/3
f 4824/2/3 4584/2/3 4583/2/3
f 4824/2/3 4583/2/3 4582/2/3
f 4824/1/3 4582/1/3 4765/1/3
f 4824/2/3 4585/2/3 4584/2/3
f 4825/2/3 4585/2/3 4824/2/3
f 4826/2/3 4585/2/3 4825/2/3
f 4827/1/3 4728/1/3 4585/1/3
f 4827/2/3 4585/2/3 4826/2/3
f 4828/2/3 4613/2/3 4801/2/3
f 4828/1/3 4801/1/3 4800/1/3
f 4829/2/3 4613/2/3 4828/2/3
f 4830/2/3 4613/2/3 4829/2/3
f 4831/1/3 4766/1/3 4613/1/3
f 4831/2/3 4613/2/3 4830/2/3
f 4832/1/3 4771/1/3 4803/1/3
f 4832/2/3 4804/2/3 4771/2/3
f 4833/1/3 4805/1/3 4804/1/3
f 4833/2/3 4804/2/3 4832/2/3
f 4834/1/3 4806/1/3 4774/1/3
f 4834/1/3 4807/1/3 4806/1/3
f 4835/1/3 4777/1/3 4807/1/3
f 4835/1/3 4807/1/3 4834/1/3
f 4835/1/3 4739/1/3 4777/1/3
f 4836/1/3 4808/1/3 4740/1/3
f 4836/1/3 4740/1/3 4685/1/3
f 4837/2/3 4809/2/3 4808/2/3
f 4837/1/3 4808/1/3 4836/1/3
f 4838/1/3 4744/1/3 4809/1/3
f 4838/2/3 4809/2/3 4837/2/3
f 4839/1/3 4744/1/3 4838/1/3
f 4840/1/3 4810/1/3 4780/1/3
f 4840/1/3 4811/1/3 4810/1/3
f 4840/1/3 4780/1/3 4746/1/3
f 4841/1/3 4811/1/3 4840/1/3
f 4842/2/3 4693/2/3 4692/2/3
f 4842/1/3 4692/1/3 4787/1/3
f 4843/2/3 4661/2/3 4693/2/3
f 4843/2/3 4693/2/3 4842/2/3
f 4844/2/3 4814/2/3 4813/2/3
f 4844/2/3 4813/2/3 4812/2/3
f 4844/1/3 4717/1/3 4815/1/3
f 4844/2/3 4815/2/3 4814/2/3
f 4845/1/3 221/1/3 4717/1/3
f 4845/1/3 4717/1/3 4844/1/3
f 4846/1/3 4816/1/3 4752/1/3
f 4846/1/3 4817/1/3 4816/1/3
f 4847/1/3 4755/1/3 4791/1/3
f 4847/1/3 4817/1/3 4846/1/3
f 4847/1/3 4791/1/3 4817/1/3
f 4848/1/3 4818/1/3 4756/1/3
f 4848/1/3 4756/1/3 4721/1/3
f 4849/2/3 4819/2/3 4818/2/3
f 4849/1/3 4818/1/3 4848/1/3
f 4850/1/3 4723/1/3 4819/1/3
f 4850/2/3 4819/2/3 4849/2/3
f 4851/1/3 4664/1/3 4723/1/3
f 4851/1/3 4723/1/3 4850/1/3
f 4852/1/3 4825/1/3 4824/1/3
f 4852/2/3 4826/2/3 4825/2/3
f 4853/1/3 4827/1/3 4826/1/3
f 4853/2/3 4826/2/3 4852/2/3
f 4854/1/3 4829/1/3 4828/1/3
f 4854/2/3 4830/2/3 4829/2/3
f 4855/1/3 4831/1/3 4830/1/3
f 4855/2/3 4830/2/3 4854/2/3
f 4856/1/3 4832/1/3 4803/1/3
f 4856/1/3 4833/1/3 4832/1/3
f 4857/1/3 4773/1/3 4805/1/3
f 4857/1/3 4833/1/3 4856/1/3
f 4857/1/3 4805/1/3 4833/1/3
f 4858/1/3 4834/1/3 4774/1/3
f 4858/1/3 4774/1/3 4737/1/3
f 4859/2/3 4835/2/3 4834/2/3
f 4859/1/3 4834/1/3 4858/1/3
f 4860/1/3 4739/1/3 4835/1/3
f 4860/2/3 4835/2/3 4859/2/3
f 4861/1/3 4682/1/3 4739/1/3
f 4861/1/3 4739/1/3 4860/1/3
f 4862/1/3 4746/1/3 4711/1/3
f 4862/1/3 4840/1/3 4746/1/3
f 4863/2/3 4841/2/3 4840/2/3
f 4863/1/3 4840/1/3 4862/1/3
f 4864/1/3 4811/1/3 4841/1/3
f 4864/2/3 4841/2/3 4863/2/3
f 4865/1/3 4783/1/3 4811/1/3
f 4865/1/3 4811/1/3 4864/1/3
f 4866/2/3 4624/2/3 4623/2/3
f 4866/1/3 4783/1/3 4865/1/3
f 4866/1/3 4622/1/3 4783/1/3
f 4866/2/3 4623/2/3 4622/2/3
f 4866/2/3 4625/2/3 4624/2/3
f 4867/2/3 4625/2/3 4866/2/3
f 4868/2/3 4625/2/3 4867/2/3
f 4869/1/3 4784/1/3 4625/1/3
f 4869/2/3 4625/2/3 4868/2/3
f 4870/2/3 4661/2/3 4843/2/3
f 4870/1/3 4843/1/3 4842/1/3
f 4871/2/3 4661/2/3 4870/2/3
f 4872/2/3 4661/2/3 4871/2/3
f 4873/1/3 4812/1/3 4661/1/3
f 4873/2/3 4661/2/3 4872/2/3
f 4874/1/3 4846/1/3 4752/1/3
f 4874/1/3 4752/1/3 180/1/3
f 4875/2/3 4847/2/3 4846/2/3
f 4875/1/3 4846/1/3 4874/1/3
f 4876/1/3 4755/1/3 4847/1/3
f 4876/2/3 4847/2/3 4875/2/3
f 4877/1/3 4718/1/3 4755/1/3
f 4877/1/3 4755/1/3 4876/1/3
f 4878/2/3 4719/2/3 4718/2/3
f 4878/1/3 4718/1/3 4877/1/3
f 4878/2/3 4721/2/3 4720/2/3
f 4878/2/3 4720/2/3 4719/2/3
f 4879/2/3 4721/2/3 4878/2/3
f 4880/2/3 4721/2/3 4879/2/3
f 4881/1/3 4848/1/3 4721/1/3
f 4881/2/3 4721/2/3 4880/2/3
f 4882/1/3 4823/1/3 4822/1/3
f 4882/1/3 4822/1/3 4795/1/3
f 4883/1/3 4823/1/3 4882/1/3
f 4884/1/3 4854/1/3 4828/1/3
f 4884/1/3 4855/1/3 4854/1/3
f 4885/1/3 4831/1/3 4855/1/3
f 4885/1/3 4855/1/3 4884/1/3
f 4886/1/3 4856/1/3 4803/1/3
f 4887/2/3 4857/2/3 4856/2/3
f 4887/1/3 4856/1/3 4886/1/3
f 4888/1/3 4773/1/3 4857/1/3
f 4888/2/3 4857/2/3 4887/2/3
f 4889/1/3 4734/1/3 4773/1/3
f 4889/1/3 4773/1/3 4888/1/3
f 4890/2/3 4737/2/3 4736/2/3
f 4890/1/3 4734/1/3 4889/1/3
f 4890/2/3 4735/2/3 4734/2/3
f 4890/2/3 4736/2/3 4735/2/3
f 4891/2/3 4737/2/3 4890/2/3
f 4892/2/3 4737/2/3 4891/2/3
f 4893/1/3 4858/1/3 4737/1/3
f 4893/2/3 4737/2/3 4892/2/3
f 4894/2/3 4745/2/3 4744/2/3
f 4894/1/3 4744/1/3 4839/1/3
f 4895/2/3 4711/2/3 4745/2/3
f 4895/2/3 4745/2/3 4894/2/3
f 4896/2/3 4863/2/3 4862/2/3
f 4896/2/3 4865/2/3 4864/2/3
f 4896/2/3 4864/2/3 4863/2/3
f 4896/1/3 4866/1/3 4865/1/3
f 4896/1/3 4867/1/3 4866/1/3
f 4897/1/3 4867/1/3 4896/1/3
f 4898/2/3 4868/2/3 4867/2/3
f 4898/1/3 4867/1/3 4897/1/3
f 4899/1/3 4869/1/3 4868/1/3
f 4899/2/3 4868/2/3 4898/2/3
f 4900/2/3 4872/2/3 4871/2/3
f 4900/1/3 4871/1/3 4870/1/3
f 4901/1/3 4873/1/3 4872/1/3
f 4901/2/3 4872/2/3 4900/2/3
f 4902/2/3 4880/2/3 4879/2/3
f 4902/1/3 4879/1/3 4878/1/3
f 4902/1/3 4878/1/3 4877/1/3
f 4903/1/3 4881/1/3 4880/1/3
f 4903/2/3 4880/2/3 4902/2/3
f 4904/2/3 4665/2/3 4664/2/3
f 4904/2/3 4667/2/3 4666/2/3
f 4904/1/3 4664/1/3 4851/1/3
f 4904/2/3 4666/2/3 4665/2/3
f 4905/2/3 4667/2/3 4904/2/3
f 4906/2/3 4667/2/3 4905/2/3
f 4907/1/3 4820/1/3 4667/1/3
f 4907/2/3 4667/2/3 4906/2/3
f 4908/1/3 4882/1/3 4795/1/3
f 4909/2/3 4883/2/3 4882/2/3
f 4909/1/3 4882/1/3 4908/1/3
f 4910/1/3 4823/1/3 4883/1/3
f 4910/2/3 4883/2/3 4909/2/3
f 4911/1/3 4799/1/3 4823/1/3
f 4911/1/3 4823/1/3 4910/1/3
f 4912/2/3 4763/2/3 4762/2/3
f 4912/1/3 4799/1/3 4911/1/3
f 4912/1/3 4762/1/3 4799/1/3
f 4912/2/3 4764/2/3 4763/2/3
f 4912/2/3 4765/2/3 4764/2/3
f 4913/2/3 4765/2/3 4912/2/3
f 4914/2/3 4765/2/3 4913/2/3
f 4915/1/3 4852/1/3 4824/1/3
f 4915/2/3 4765/2/3 4914/2/3
f 4915/1/3 4853/1/3 4852/1/3
f 4915/1/3 4824/1/3 4765/1/3
f 4916/1/3 4853/1/3 4915/1/3
f 4917/1/3 4853/1/3 4916/1/3
f 4918/1/3 4884/1/3 4828/1/3
f 4918/1/3 4828/1/3 4800/1/3
f 4919/2/3 4885/2/3 4884/2/3
f 4919/1/3 4884/1/3 4918/1/3
f 4920/1/3 4831/1/3 4885/1/3
f 4920/2/3 4885/2/3 4919/2/3
f 4921/1/3 4766/1/3 4831/1/3
f 4921/1/3 4831/1/3 4920/1/3
f 4922/1/3 4891/1/3 4890/1/3
f 4922/2/3 4892/2/3 4891/2/3
f 4922/1/3 4890/1/3 4889/1/3
f 4923/1/3 4893/1/3 4892/1/3
f 4923/2/3 4892/2/3 4922/2/3
f 4924/2/3 4684/2/3 4683/2/3
f 4924/1/3 4682/1/3 4861/1/3
f 4924/2/3 4683/2/3 4682/2/3
f 4924/2/3 4685/2/3 4684/2/3
f 4925/2/3 4685/2/3 4924/2/3
f 4926/2/3 4685/2/3 4925/2/3
f 4927/1/3 4836/1/3 4685/1/3
f 4927/2/3 4685/2/3 4926/2/3
f 4928/2/3 4711/2/3 4895/2/3
f 4928/1/3 4895/1/3 4894/1/3
f 4929/2/3 4711/2/3 4928/2/3
f 4930/2/3 4711/2/3 4929/2/3
f 4931/1/3 4862/1/3 4711/1/3
f 4931/2/3 4711/2/3 4930/2/3
f 4932/1/3 4899/1/3 4898/1/3
f 4932/1/3 4898/1/3 4897/1/3
f 4933/1/3 4869/1/3 4899/1/3
f 4933/1/3 4899/1/3 4932/1/3
f 4934/1/3 4901/1/3 4900/1/3
f 4934/1/3 4900/1/3 4870/1/3
f 4935/1/3 4873/1/3 4901/1/3
f 4935/1/3 4901/1/3 4934/1/3
f 4936/2/3 4906/2/3 4905/2/3
f 4936/1/3 4905/1/3 4904/1/3
f 4937/1/3 4907/1/3 4906/1/3
f 4937/2/3 4906/2/3 4936/2/3
f 4938/1/3 4820/1/3 4907/1/3
f 4938/1/3 4907/1/3 4937/1/3
f 4938/2/3 4821/2/3 4820/2/3
f 4939/2/3 4795/2/3 4821/2/3
f 4939/2/3 4821/2/3 4938/2/3
f 4940/2/3 4795/2/3 4939/2/3
f 4941/1/3 4908/1/3 4795/1/3
f 4941/2/3 4795/2/3 4940/2/3
f 4942/2/3 4914/2/3 4913/2/3
f 4943/1/3 4915/1/3 4914/1/3
f 4943/2/3 4914/2/3 4942/2/3
f 4943/1/3 4916/1/3 4915/1/3
f 4944/1/3 4916/1/3 4943/1/3
f 4945/2/3 4917/2/3 4916/2/3
f 4945/1/3 4916/1/3 4944/1/3
f 4946/1/3 4853/1/3 4917/1/3
f 4946/2/3 4917/2/3 4945/2/3
f 4947/1/3 4827/1/3 4853/1/3
f 4947/1/3 4853/1/3 4946/1/3
f 4948/1/3 4800/1/3 4731/1/3
f 4948/1/3 4918/1/3 4800/1/3
f 4949/2/3 4919/2/3 4918/2/3
f 4949/1/3 4918/1/3 4948/1/3
f 4949/2/3 4920/2/3 4919/2/3
f 4949/2/3 4921/2/3 4920/2/3
f 4950/2/3 4926/2/3 4925/2/3
f 4950/1/3 4925/1/3 4924/1/3
f 4951/1/3 4927/1/3 4926/1/3
f 4951/2/3 4926/2/3 4950/2/3
f 4952/2/3 4930/2/3 4929/2/3
f 4952/1/3 4929/1/3 4928/1/3
f 4953/1/3 4931/1/3 4930/1/3
f 4953/2/3 4930/2/3 4952/2/3
f 4954/1/3 4932/1/3 4897/1/3
f 4955/2/3 4933/2/3 4932/2/3
f 4955/1/3 4932/1/3 4954/1/3
f 4956/1/3 4869/1/3 4933/1/3
f 4956/2/3 4933/2/3 4955/2/3
f 4957/1/3 4784/1/3 4869/1/3
f 4957/1/3 4869/1/3 4956/1/3
f 4958/1/3 4934/1/3 4870/1/3
f 4958/1/3 4870/1/3 4842/1/3
f 4959/2/3 4935/2/3 4934/2/3
f 4959/1/3 4934/1/3 4958/1/3
f 4960/1/3 4873/1/3 4935/1/3
f 4960/2/3 4935/2/3 4959/2/3
f 4961/1/3 4812/1/3 4873/1/3
f 4961/1/3 4873/1/3 4960/1/3
f 4962/1/3 4903/1/3 4902/1/3
f 4962/1/3 4902/1/3 4877/1/3
f 4963/1/3 4903/1/3 4962/1/3
f 4964/1/3 4936/1/3 4904/1/3
f 4964/1/3 4938/1/3 4937/1/3
f 4964/1/3 4937/1/3 4936/1/3
f 4964/1/3 4939/1/3 4938/1/3
f 4965/1/3 4939/1/3 4964/1/3
f 4966/2/3 4940/2/3 4939/2/3
f 4966/1/3 4939/1/3 4965/1/3
f 4967/1/3 4941/1/3 4940/1/3
f 4967/2/3 4940/2/3 4966/2/3
f 4968/2/3 4911/2/3 4910/2/3
f 4968/1/3 4941/1/3 4967/1/3
f 4968/1/3 4908/1/3 4941/1/3
f 4968/2/3 4910/2/3 4909/2/3
f 4968/2/3 4909/2/3 4908/2/3
f 4969/2/3 4911/2/3 4968/2/3
f 4970/2/3 4911/2/3 4969/2/3
f 4971/1/3 4913/1/3 4912/1/3
f 4971/2/3 4911/2/3 4970/2/3
f 4971/1/3 4912/1/3 4911/1/3
f 4972/2/3 4942/2/3 4913/2/3
f 4972/1/3 4913/1/3 4971/1/3
f 4973/1/3 4943/1/3 4942/1/3
f 4973/2/3 4942/2/3 4972/2/3
f 4973/1/3 4944/1/3 4943/1/3
f 4974/1/3 4827/1/3 4947/1/3
f 4974/1/3 4728/1/3 4827/1/3
f 4974/2/3 4729/2/3 4728/2/3
f 4974/2/3 4731/2/3 4730/2/3
f 4974/2/3 4730/2/3 4729/2/3
f 4975/2/3 4731/2/3 4974/2/3
f 4976/2/3 4731/2/3 4975/2/3
f 4977/1/3 4948/1/3 4731/1/3
f 4977/2/3 4731/2/3 4976/2/3
f 4978/2/3 4802/2/3 4766/2/3
f 4978/1/3 4766/1/3 4921/1/3
f 4978/2/3 4803/2/3 4802/2/3
f 4979/2/3 4803/2/3 4978/2/3
f 4980/2/3 4803/2/3 4979/2/3
f 4981/1/3 4886/1/3 4803/1/3
f 4981/2/3 4803/2/3 4980/2/3
f 4982/1/3 4923/1/3 4922/1/3
f 4982/1/3 4922/1/3 4889/1/3
f 4983/1/3 4923/1/3 4982/1/3
f 4984/1/3 4950/1/3 4924/1/3
f 4984/1/3 4951/1/3 4950/1/3
f 4985/1/3 4927/1/3 4951/1/3
f 4985/1/3 4951/1/3 4984/1/3
f 4986/1/3 4953/1/3 4952/1/3
f 4986/1/3 4952/1/3 4928/1/3
f 4987/1/3 4931/1/3 4953/1/3
f 4987/1/3 4953/1/3 4986/1/3
f 4988/1/3 4842/1/3 4787/1/3
f 4988/1/3 4958/1/3 4842/1/3
f 4989/2/3 4959/2/3 4958/2/3
f 4989/1/3 4958/1/3 4988/1/3
f 4989/2/3 4960/2/3 4959/2/3
f 4989/2/3 4961/2/3 4960/2/3
f 4990/1/3 4962/1/3 4877/1/3
f 4991/2/3 4963/2/3 4962/2/3
f 4991/1/3 4962/1/3 4990/1/3
f 4992/1/3 4903/1/3 4963/1/3
f 4992/2/3 4963/2/3 4991/2/3
f 4993/1/3 4881/1/3 4903/1/3
f 4993/1/3 4903/1/3 4992/1/3
f 4994/2/3 4850/2/3 4849/2/3
f 4994/1/3 4881/1/3 4993/1/3
f 4994/2/3 4849/2/3 4848/2/3
f 4994/1/3 4848/1/3 4881/1/3
f 4994/2/3 4851/2/3 4850/2/3
f 4995/2/3 4851/2/3 4994/2/3
f 4996/1/3 4964/1/3 4904/1/3
f 4996/1/3 4904/1/3 4851/1/3
f 4997/2/3 4965/2/3 4964/2/3
f 4997/1/3 4964/1/3 4996/1/3
f 4998/1/3 4967/1/3 4966/1/3
f 4998/2/3 4965/2/3 4997/2/3
f 4998/1/3 4968/1/3 4967/1/3
f 4998/1/3 4966/1/3 4965/1/3
f 4998/1/3 4969/1/3 4968/1/3
f 4999/1/3 4969/1/3 4998/1/3
f 5000/1/3 4969/1/3 4999/1/3
f 5001/1/3 4969/1/3 5000/1/3
f 5002/2/3 4970/2/3 4969/2/3
f 5002/1/3 4969/1/3 5001/1/3
f 5003/1/3 4973/1/3 4972/1/3
f 5003/2/3 4970/2/3 5002/2/3
f 5003/1/3 4972/1/3 4971/1/3
f 5003/1/3 4971/1/3 4970/1/3
f 5004/1/3 4973/1/3 5003/1/3
f 5005/1/3 4944/1/3 4973/1/3
f 5005/1/3 4973/1/3 5004/1/3
f 5006/2/3 4976/2/3 4975/2/3
f 5006/1/3 4975/1/3 4974/1/3
f 5007/1/3 4977/1/3 4976/1/3
f 5007/2/3 4976/2/3 5006/2/3
f 5008/2/3 4980/2/3 4979/2/3
f 5008/1/3 4979/1/3 4978/1/3
f 5009/1/3 4981/1/3 4980/1/3
f 5009/2/3 4980/2/3 5008/2/3
f 5010/1/3 4982/1/3 4889/1/3
f 5011/2/3 4983/2/3 4982/2/3
f 5011/1/3 4982/1/3 5010/1/3
f 5012/1/3 4923/1/3 4983/1/3
f 5012/2/3 4983/2/3 5011/2/3
f 5013/1/3 4893/1/3 4923/1/3
f 5013/1/3 4923/1/3 5012/1/3
f 5014/2/3 4859/2/3 4858/2/3
f 5014/1/3 4893/1/3 5013/1/3
f 5014/1/3 4858/1/3 4893/1/3
f 5014/2/3 4860/2/3 4859/2/3
f 5014/2/3 4861/2/3 4860/2/3
f 5015/2/3 4861/2/3 5014/2/3
f 5016/1/3 4984/1/3 4924/1/3
f 5016/1/3 4924/1/3 4861/1/3
f 5017/2/3 4985/2/3 4984/2/3
f 5017/1/3 4984/1/3 5016/1/3
f 5018/1/3 4927/1/3 4985/1/3
f 5018/2/3 4985/2/3 5017/2/3
f 5019/1/3 4836/1/3 4927/1/3
f 5019/1/3 4927/1/3 5018/1/3
f 5020/1/3 4928/1/3 4894/1/3
f 5020/1/3 4986/1/3 4928/1/3
f 5021/2/3 4987/2/3 4986/2/3
f 5021/1/3 4986/1/3 5020/1/3
f 5022/1/3 4931/1/3 4987/1/3
f 5022/2/3 4987/2/3 5021/2/3
f 5023/1/3 4862/1/3 4931/1/3
f 5023/1/3 4931/1/3 5022/1/3
f 5024/2/3 4785/2/3 4784/2/3
f 5024/1/3 4784/1/3 4957/1/3
f 5024/2/3 4786/2/3 4785/2/3
f 5024/2/3 4787/2/3 4786/2/3
f 5025/2/3 4787/2/3 5024/2/3
f 5026/2/3 4787/2/3 5025/2/3
f 5027/1/3 4988/1/3 4787/1/3
f 5027/2/3 4787/2/3 5026/2/3
f 5028/1/3 4812/1/3 4961/1/3
f 5028/2/3 4844/2/3 4812/2/3
f 5028/2/3 4845/2/3 4844/2/3
f 5029/2/3 4845/2/3 5028/2/3
f 5030/2/3 4845/2/3 5029/2/3
f 5031/1/3 221/1/3 4845/1/3
f 5031/2/3 4845/2/3 5030/2/3
f 5032/2/3 4875/2/3 4874/2/3
f 5032/2/3 4876/2/3 4875/2/3
f 5032/1/3 4874/1/3 180/1/3
f 5032/2/3 4877/2/3 4876/2/3
f 5033/2/3 4877/2/3 5032/2/3
f 5034/2/3 4877/2/3 5033/2/3
f 5035/1/3 4990/1/3 4877/1/3
f 5035/2/3 4877/2/3 5034/2/3
f 5036/2/3 4993/2/3 4992/2/3
f 5036/2/3 4992/2/3 4991/2/3
f 5036/2/3 4991/2/3 4990/2/3
f 5036/1/3 4994/1/3 4993/1/3
f 5036/1/3 4995/1/3 4994/1/3
f 5037/1/3 4995/1/3 5036/1/3
f 5038/2/3 4851/2/3 4995/2/3
f 5039/1/3 4996/1/3 4851/1/3
f 5039/2/3 4851/2/3 5038/2/3
f 5040/1/3 5000/1/3 4999/1/3
f 5041/2/3 5001/2/3 5000/2/3
f 5041/1/3 5000/1/3 5040/1/3
f 5042/1/3 5004/1/3 5003/1/3
f 5042/2/3 5001/2/3 5041/2/3
f 5042/1/3 5002/1/3 5001/1/3
f 5042/1/3 5003/1/3 5002/1/3
f 5043/1/3 5004/1/3 5042/1/3
f 5044/1/3 5004/1/3 5043/1/3
f 5045/1/3 5004/1/3 5044/1/3
f 5046/1/3 5004/1/3 5045/1/3
f 5047/2/3 5005/2/3 5004/2/3
f 5047/1/3 5004/1/3 5046/1/3
f 5048/1/3 4944/1/3 5005/1/3
f 5048/2/3 5005/2/3 5047/2/3
f 5049/1/3 4944/1/3 5048/1/3
f 5050/1/3 5009/1/3 5008/1/3
f 5050/1/3 5008/1/3 4978/1/3
f 5051/1/3 4981/1/3 5009/1/3
f 5051/1/3 5009/1/3 5050/1/3
f 5052/2/3 4888/2/3 4887/2/3
f 5052/1/3 4981/1/3 5051/1/3
f 5052/2/3 4889/2/3 4888/2/3
f 5052/2/3 4887/2/3 4886/2/3
f 5052/1/3 4886/1/3 4981/1/3
f 5053/2/3 4889/2/3 5052/2/3
f 5054/2/3 4889/2/3 5053/2/3
f 5055/1/3 5010/1/3 4889/1/3
f 5055/2/3 4889/2/3 5054/2/3
f 5056/2/3 5011/2/3 5010/2/3
f 5056/2/3 5012/2/3 5011/2/3
f 5056/1/3 5015/1/3 5014/1/3
f 5056/2/3 5013/2/3 5012/2/3
f 5056/1/3 5014/1/3 5013/1/3
f 5057/1/3 5015/1/3 5056/1/3
f 5058/2/3 4861/2/3 5015/2/3
f 5059/1/3 5016/1/3 4861/1/3
f 5059/2/3 4861/2/3 5058/2/3
f 5060/1/3 4894/1/3 4839/1/3
f 5060/1/3 5020/1/3 4894/1/3
f 5061/2/3 5021/2/3 5020/2/3
f 5061/1/3 5020/1/3 5060/1/3
f 5061/2/3 5022/2/3 5021/2/3
f 5061/2/3 5023/2/3 5022/2/3
f 5062/2/3 5026/2/3 5025/2/3
f 5062/1/3 5025/1/3 5024/1/3
f 5063/1/3 5027/1/3 5026/1/3
f 5063/2/3 5026/2/3 5062/2/3
f 5064/1/3 5029/1/3 5028/1/3
f 5064/2/3 5030/2/3 5029/2/3
f 5065/1/3 5031/1/3 5030/1/3
f 5065/2/3 5030/2/3 5064/2/3
f 5066/1/3 5033/1/3 5032/1/3
f 5066/2/3 5034/2/3 5033/2/3
f 5067/1/3 5035/1/3 5034/1/3
f 5067/2/3 5034/2/3 5066/2/3
f 5068/1/3 4995/1/3 5037/1/3
f 5068/2/3 5038/2/3 4995/2/3
f 5069/1/3 5039/1/3 5038/1/3
f 5069/2/3 5038/2/3 5068/2/3
f 5070/2/3 5041/2/3 5040/2/3
f 5070/1/3 5040/1/3 4999/1/3
f 5070/2/3 5043/2/3 5042/2/3
f 5070/2/3 5042/2/3 5041/2/3
f 5071/2/3 5043/2/3 5070/2/3
f 5072/2/3 5043/2/3 5071/2/3
f 5073/1/3 5044/1/3 5043/1/3
f 5073/2/3 5043/2/3 5072/2/3
f 5074/1/3 5044/1/3 5073/1/3
f 5075/2/3 5045/2/3 5044/2/3
f 5075/1/3 5044/1/3 5074/1/3
f 5076/1/3 5046/1/3 5045/1/3
f 5076/2/3 5045/2/3 5075/2/3
f 5077/1/3 5046/1/3 5076/1/3
f 5078/2/3 5048/2/3 5047/2/3
f 5078/1/3 5046/1/3 5077/1/3
f 5078/2/3 5047/2/3 5046/2/3
f 5078/2/3 5049/2/3 5048/2/3
f 5079/2/3 5049/2/3 5078/2/3
f 5080/2/3 5049/2/3 5079/2/3
f 5081/1/3 4944/1/3 5049/1/3
f 5081/2/3 5049/2/3 5080/2/3
f 5082/2/3 4947/2/3 4946/2/3
f 5082/2/3 4946/2/3 4945/2/3
f 5082/1/3 5006/1/3 4974/1/3
f 5082/2/3 4945/2/3 4944/2/3
f 5082/1/3 5007/1/3 5006/1/3
f 5082/1/3 4974/1/3 4947/1/3
f 5083/1/3 5007/1/3 5082/1/3
f 5084/1/3 5007/1/3 5083/1/3
f 5085/1/3 4977/1/3 5007/1/3
f 5085/1/3 5007/1/3 5084/1/3
f 5086/1/3 5053/1/3 5052/1/3
f 5086/1/3 5052/1/3 5051/1/3
f 5086/2/3 5054/2/3 5053/2/3
f 5087/1/3 5055/1/3 5054/1/3
f 5087/2/3 5054/2/3 5086/2/3
f 5088/1/3 5015/1/3 5057/1/3
f 5088/2/3 5058/2/3 5015/2/3
f 5089/1/3 5059/1/3 5058/1/3
f 5089/2/3 5058/2/3 5088/2/3
f 5090/1/3 4836/1/3 5019/1/3
f 5090/2/3 4838/2/3 4837/2/3
f 5090/2/3 4837/2/3 4836/2/3
f 5090/2/3 4839/2/3 4838/2/3
f 5091/2/3 4839/2/3 5090/2/3
f 5092/2/3 4839/2/3 5091/2/3
f 5093/1/3 5060/1/3 4839/1/3
f 5093/2/3 4839/2/3 5092/2/3
f 5094/1/3 4862/1/3 5023/1/3
f 5094/2/3 4896/2/3 4862/2/3
f 5094/2/3 4897/2/3 4896/2/3
f 5095/2/3 4897/2/3 5094/2/3
f 5096/2/3 4897/2/3 5095/2/3
f 5097/1/3 4954/1/3 4897/1/3
f 5097/2/3 4897/2/3 5096/2/3
f 5098/1/3 5062/1/3 5024/1/3
f 5098/1/3 5063/1/3 5062/1/3
f 5098/1/3 5024/1/3 4957/1/3
f 5099/1/3 5027/1/3 5063/1/3
f 5099/1/3 5063/1/3 5098/1/3
f 5099/1/3 4988/1/3 5027/1/3
f 5100/1/3 5064/1/3 5028/1/3
f 5100/1/3 5065/1/3 5064/1/3
f 5101/1/3 5031/1/3 5065/1/3
f 5101/1/3 5065/1/3 5100/1/3
f 5102/1/3 5066/1/3 5032/1/3
f 5102/1/3 5067/1/3 5066/1/3
f 5103/1/3 5067/1/3 5102/1/3
f 5104/1/3 5068/1/3 5037/1/3
f 5104/1/3 5069/1/3 5068/1/3
f 5105/1/3 5069/1/3 5104/1/3
f 5106/2/3 5072/2/3 5071/2/3
f 5107/1/3 5074/1/3 5073/1/3
f 5107/2/3 5072/2/3 5106/2/3
f 5107/1/3 5073/1/3 5072/1/3
f 5108/2/3 5080/2/3 5079/2/3
f 5108/1/3 5079/1/3 5078/1/3
f 5108/1/3 5078/1/3 5077/1/3
f 5109/1/3 5081/1/3 5080/1/3
f 5109/2/3 5080/2/3 5108/2/3
f 5110/2/3 5051/2/3 5050/2/3
f 5110/1/3 5050/1/3 4978/1/3
f 5111/1/3 5086/1/3 5051/1/3
f 5111/2/3 5051/2/3 5110/2/3
f 5111/1/3 5087/1/3 5086/1/3
f 5112/1/3 5087/1/3 5111/1/3
f 5113/1/3 5087/1/3 5112/1/3
f 5114/1/3 5088/1/3 5057/1/3
f 5114/1/3 5089/1/3 5088/1/3
f 5115/1/3 5089/1/3 5114/1/3
f 5116/2/3 5092/2/3 5091/2/3
f 5116/1/3 5091/1/3 5090/1/3
f 5117/1/3 5093/1/3 5092/1/3
f 5117/2/3 5092/2/3 5116/2/3
f 5118/2/3 5096/2/3 5095/2/3
f 5118/1/3 5095/1/3 5094/1/3
f 5119/1/3 5097/1/3 5096/1/3
f 5119/2/3 5096/2/3 5118/2/3
f 5120/2/3 4956/2/3 4955/2/3
f 5120/1/3 5097/1/3 5119/1/3
f 5120/1/3 4954/1/3 5097/1/3
f 5120/2/3 4955/2/3 4954/2/3
f 5120/2/3 4957/2/3 4956/2/3
f 5121/2/3 4957/2/3 5120/2/3
f 5122/2/3 4957/2/3 5121/2/3
f 5123/1/3 5098/1/3 4957/1/3
f 5123/2/3 4957/2/3 5122/2/3
f 5124/1/3 5100/1/3 5028/1/3
f 5124/1/3 5028/1/3 4961/1/3
f 5125/2/3 5101/2/3 5100/2/3
f 5125/1/3 5100/1/3 5124/1/3
f 5126/1/3 5031/1/3 5101/1/3
f 5126/2/3 5101/2/3 5125/2/3
f 5127/1/3 221/1/3 5031/1/3
f 5127/1/3 5031/1/3 5126/1/3
f 5128/1/3 5032/1/3 180/1/3
f 5128/1/3 5102/1/3 5032/1/3
f 5129/2/3 5103/2/3 5102/2/3
f 5129/1/3 5102/1/3 5128/1/3
f 5130/1/3 5067/1/3 5103/1/3
f 5130/2/3 5103/2/3 5129/2/3
f 5131/1/3 5035/1/3 5067/1/3
f 5131/1/3 5067/1/3 5130/1/3
f 5132/1/3 5104/1/3 5037/1/3
f 5133/2/3 5105/2/3 5104/2/3
f 5133/1/3 5104/1/3 5132/1/3
f 5134/1/3 5069/1/3 5105/1/3
f 5134/2/3 5105/2/3 5133/2/3
f 5135/1/3 5039/1/3 5069/1/3
f 5135/1/3 5069/1/3 5134/1/3
f 5136/2/3 5106/2/3 5071/2/3
f 5136/1/3 5071/1/3 5070/1/3
f 5137/1/3 5107/1/3 5106/1/3
f 5137/2/3 5106/2/3 5136/2/3
f 5138/1/3 5084/1/3 5083/1/3
f 5139/2/3 5085/2/3 5084/2/3
f 5139/1/3 5084/1/3 5138/1/3
f 5140/1/3 4977/1/3 5085/1/3
f 5140/2/3 5085/2/3 5139/2/3
f 5141/1/3 4948/1/3 4977/1/3
f 5141/1/3 4977/1/3 5140/1/3
f 5142/1/3 5110/1/3 4978/1/3
f 5142/1/3 5112/1/3 5111/1/3
f 5142/1/3 5111/1/3 5110/1/3
f 5143/1/3 5112/1/3 5142/1/3
f 5144/1/3 5112/1/3 5143/1/3
f 5145/2/3 5113/2/3 5112/2/3
f 5145/1/3 5112/1/3 5144/1/3
f 5146/1/3 5087/1/3 5113/1/3
f 5146/2/3 5113/2/3 5145/2/3
f 5147/1/3 5055/1/3 5087/1/3
f 5147/1/3 5087/1/3 5146/1/3
f 5148/1/3 5114/1/3 5057/1/3
f 5149/2/3 5115/2/3 5114/2/3
f 5149/1/3 5114/1/3 5148/1/3
f 5150/1/3 5089/1/3 5115/1/3
f 5150/2/3 5115/2/3 5149/2/3
f 5151/1/3 5059/1/3 5089/1/3
f 5151/1/3 5089/1/3 5150/1/3
f 5152/1/3 5116/1/3 5090/1/3
f 5152/1/3 5117/1/3 5116/1/3
f 5152/1/3 5090/1/3 5019/1/3
f 5153/1/3 5060/1/3 5093/1/3
f 5153/1/3 5117/1/3 5152/1/3
f 5153/1/3 5093/1/3 5117/1/3
f 5154/1/3 5119/1/3 5118/1/3
f 5154/1/3 5118/1/3 5094/1/3
f 5154/1/3 5120/1/3 5119/1/3
f 5154/1/3 5121/1/3 5120/1/3
f 5155/1/3 5121/1/3 5154/1/3
f 5156/2/3 5122/2/3 5121/2/3
f 5156/1/3 5121/1/3 5155/1/3
f 5157/1/3 5123/1/3 5122/1/3
f 5157/2/3 5122/2/3 5156/2/3
f 5158/1/3 4988/1/3 5099/1/3
f 5158/2/3 4989/2/3 4988/2/3
f 5159/2/3 4961/2/3 4989/2/3
f 5159/2/3 4989/2/3 5158/2/3
f 5160/2/3 4961/2/3 5159/2/3
f 5161/1/3 5124/1/3 4961/1/3
f 5161/2/3 4961/2/3 5160/2/3
f 5162/2/3 5129/2/3 5128/2/3
f 5162/2/3 5130/2/3 5129/2/3
f 5162/1/3 5035/1/3 5131/1/3
f 5162/2/3 5131/2/3 5130/2/3
f 5163/1/3 4990/1/3 5035/1/3
f 5163/1/3 5035/1/3 5162/1/3
f 5164/2/3 5134/2/3 5133/2/3
f 5164/1/3 5039/1/3 5135/1/3
f 5164/2/3 5133/2/3 5132/2/3
f 5164/2/3 5135/2/3 5134/2/3
f 5165/1/3 4996/1/3 5039/1/3
f 5165/1/3 5039/1/3 5164/1/3
f 5166/2/3 4997/2/3 4996/2/3
f 5166/1/3 4996/1/3 5165/1/3
f 5166/2/3 4999/2/3 4998/2/3
f 5166/2/3 4998/2/3 4997/2/3
f 5167/2/3 4999/2/3 5166/2/3
f 5168/2/3 4999/2/3 5167/2/3
f 5169/1/3 5137/1/3 5136/1/3
f 5169/2/3 4999/2/3 5168/2/3
f 5169/1/3 5136/1/3 5070/1/3
f 5169/1/3 5070/1/3 4999/1/3
f 5170/1/3 5137/1/3 5169/1/3
f 5171/1/3 5107/1/3 5137/1/3
f 5171/1/3 5137/1/3 5170/1/3
f 5172/1/3 5109/1/3 5108/1/3
f 5172/1/3 5108/1/3 5077/1/3
f 5173/1/3 5081/1/3 5109/1/3
f 5173/1/3 5109/1/3 5172/1/3
f 5174/1/3 4978/1/3 4921/1/3
f 5174/1/3 5142/1/3 4978/1/3
f 5175/2/3 5143/2/3 5142/2/3
f 5175/1/3 5142/1/3 5174/1/3
f 5176/1/3 5144/1/3 5143/1/3
f 5176/2/3 5143/2/3 5175/2/3
f 5177/1/3 5144/1/3 5176/1/3
f 5178/2/3 5146/2/3 5145/2/3
f 5178/2/3 5145/2/3 5144/2/3
f 5178/1/3 5055/1/3 5147/1/3
f 5178/2/3 5147/2/3 5146/2/3
f 5179/1/3 5010/1/3 5055/1/3
f 5179/1/3 5055/1/3 5178/1/3
f 5180/2/3 5149/2/3 5148/2/3
f 5180/2/3 5150/2/3 5149/2/3
f 5180/1/3 5059/1/3 5151/1/3
f 5180/2/3 5151/2/3 5150/2/3
f 5181/1/3 5016/1/3 5059/1/3
f 5181/1/3 5059/1/3 5180/1/3
f 5182/2/3 5018/2/3 5017/2/3
f 5182/1/3 5016/1/3 5181/1/3
f 5182/2/3 5019/2/3 5018/2/3
f 5182/2/3 5017/2/3 5016/2/3
f 5183/2/3 5019/2/3 5182/2/3
f 5184/2/3 5019/2/3 5183/2/3
f 5185/1/3 5152/1/3 5019/1/3
f 5185/2/3 5019/2/3 5184/2/3
f 5186/1/3 5094/1/3 5023/1/3
f 5186/1/3 5154/1/3 5094/1/3
f 5187/2/3 5155/2/3 5154/2/3
f 5187/1/3 5154/1/3 5186/1/3
f 5188/1/3 5157/1/3 5156/1/3
f 5188/2/3 5155/2/3 5187/2/3
f 5188/1/3 5156/1/3 5155/1/3
f 5189/1/3 5157/1/3 5188/1/3
f 5190/1/3 5157/1/3 5189/1/3
f 5191/1/3 5123/1/3 5157/1/3
f 5191/1/3 5157/1/3 5190/1/3
f 5192/1/3 5159/1/3 5158/1/3
f 5192/2/3 5160/2/3 5159/2/3
f 5193/1/3 5161/1/3 5160/1/3
f 5193/2/3 5160/2/3 5192/2/3
f 5194/1/3 4990/1/3 5163/1/3
f 5194/2/3 5037/2/3 5036/2/3
f 5194/2/3 5036/2/3 4990/2/3
f 5195/2/3 5037/2/3 5194/2/3
f 5196/2/3 5037/2/3 5195/2/3
f 5197/1/3 5132/1/3 5037/1/3
f 5197/2/3 5037/2/3 5196/2/3
f 5198/1/3 5166/1/3 5165/1/3
f 5198/2/3 5168/2/3 5167/2/3
f 5198/1/3 5167/1/3 5166/1/3
f 5199/1/3 5170/1/3 5169/1/3
f 5199/2/3 5168/2/3 5198/2/3
f 5199/1/3 5169/1/3 5168/1/3
f 5200/1/3 5107/1/3 5171/1/3
f 5200/2/3 5171/2/3 5170/2/3
f 5201/1/3 5074/1/3 5107/1/3
f 5201/1/3 5107/1/3 5200/1/3
f 5202/1/3 5172/1/3 5077/1/3
f 5203/2/3 5173/2/3 5172/2/3
f 5203/1/3 5172/1/3 5202/1/3
f 5204/1/3 5081/1/3 5173/1/3
f 5204/2/3 5173/2/3 5203/2/3
f 5205/1/3 4944/1/3 5081/1/3
f 5205/1/3 5081/1/3 5204/1/3
f 5206/1/3 4948/1/3 5141/1/3
f 5206/2/3 4949/2/3 4948/2/3
f 5207/2/3 4921/2/3 4949/2/3
f 5207/2/3 4949/2/3 5206/2/3
f 5208/1/3 5144/1/3 5177/1/3
f 5208/2/3 5177/2/3 5176/2/3
f 5208/2/3 5176/2/3 5175/2/3
f 5208/2/3 5175/2/3 5174/2/3
f 5209/1/3 5144/1/3 5208/1/3
f 5210/1/3 5010/1/3 5179/1/3
f 5210/2/3 5057/2/3 5056/2/3
f 5210/2/3 5056/2/3 5010/2/3
f 5211/2/3 5057/2/3 5210/2/3
f 5212/2/3 5057/2/3 5211/2/3
f 5213/1/3 5148/1/3 5057/1/3
f 5213/2/3 5057/2/3 5212/2/3
f 5214/2/3 5184/2/3 5183/2/3
f 5214/1/3 5183/1/3 5182/1/3
f 5214/1/3 5182/1/3 5181/1/3
f 5215/1/3 5185/1/3 5184/1/3
f 5215/2/3 5184/2/3 5214/2/3
f 5216/1/3 5060/1/3 5153/1/3
f 5216/2/3 5061/2/3 5060/2/3
f 5217/2/3 5023/2/3 5061/2/3
f 5217/2/3 5061/2/3 5216/2/3
f 5218/2/3 5023/2/3 5217/2/3
f 5219/1/3 5186/1/3 5023/1/3
f 5219/2/3 5023/2/3 5218/2/3
f 5220/1/3 5190/1/3 5189/1/3
f 5221/2/3 5191/2/3 5190/2/3
f 5221/1/3 5190/1/3 5220/1/3
f 5222/1/3 5123/1/3 5191/1/3
f 5222/2/3 5191/2/3 5221/2/3
f 5223/1/3 5098/1/3 5123/1/3
f 5223/1/3 5123/1/3 5222/1/3
f 5224/1/3 5192/1/3 5158/1/3
f 5224/1/3 5193/1/3 5192/1/3
f 5225/1/3 5161/1/3 5193/1/3
f 5225/1/3 5193/1/3 5224/1/3
f 5226/1/3 5195/1/3 5194/1/3
f 5226/2/3 5196/2/3 5195/2/3
f 5227/1/3 5197/1/3 5196/1/3
f 5227/2/3 5196/2/3 5226/2/3
f 5228/1/3 5199/1/3 5198/1/3
f 5228/1/3 5198/1/3 5165/1/3
f 5229/1/3 5170/1/3 5199/1/3
f 5229/1/3 5199/1/3 5228/1/3
f 5230/1/3 5074/1/3 5201/1/3
f 5230/2/3 5201/2/3 5200/2/3
f 5231/1/3 5074/1/3 5230/1/3
f 5232/2/3 5077/2/3 5076/2/3
f 5232/1/3 5074/1/3 5231/1/3
f 5232/2/3 5075/2/3 5074/2/3
f 5232/2/3 5076/2/3 5075/2/3
f 5233/2/3 5077/2/3 5232/2/3
f 5234/2/3 5077/2/3 5233/2/3
f 5235/1/3 5202/1/3 5077/1/3
f 5235/2/3 5077/2/3 5234/2/3
f 5236/1/3 4944/1/3 5205/1/3
f 5236/2/3 5204/2/3 5203/2/3
f 5236/2/3 5203/2/3 5202/2/3
f 5236/2/3 5205/2/3 5204/2/3
f 5237/1/3 4944/1/3 5236/1/3
f 5238/2/3 5083/2/3 5082/2/3
f 5238/1/3 4944/1/3 5237/1/3
f 5238/2/3 5082/2/3 4944/2/3
f 5239/2/3 5083/2/3 5238/2/3
f 5240/2/3 5083/2/3 5239/2/3
f 5241/1/3 5138/1/3 5083/1/3
f 5241/2/3 5083/2/3 5240/2/3
f 5242/2/3 4921/2/3 5207/2/3
f 5242/1/3 5207/1/3 5206/1/3
f 5243/2/3 4921/2/3 5242/2/3
f 5244/2/3 4921/2/3 5243/2/3
f 5245/1/3 5174/1/3 4921/1/3
f 5245/2/3 4921/2/3 5244/2/3
f 5246/2/3 5212/2/3 5211/2/3
f 5246/1/3 5211/1/3 5210/1/3
f 5247/1/3 5213/1/3 5212/1/3
f 5247/2/3 5212/2/3 5246/2/3
f 5248/1/3 5214/1/3 5181/1/3
f 5248/1/3 5215/1/3 5214/1/3
f 5249/1/3 5185/1/3 5215/1/3
f 5249/1/3 5215/1/3 5248/1/3
f 5250/2/3 5218/2/3 5217/2/3
f 5250/1/3 5217/1/3 5216/1/3
f 5251/1/3 5219/1/3 5218/1/3
f 5251/2/3 5218/2/3 5250/2/3
f 5252/1/3 5098/1/3 5223/1/3
f 5252/2/3 5099/2/3 5098/2/3
f 5253/2/3 5099/2/3 5252/2/3
f 5254/2/3 5099/2/3 5253/2/3
f 5255/1/3 5224/1/3 5158/1/3
f 5255/2/3 5099/2/3 5254/2/3
f 5255/1/3 5158/1/3 5099/1/3
f 5256/1/3 5224/1/3 5255/1/3
f 5257/2/3 5225/2/3 5224/2/3
f 5257/1/3 5224/1/3 5256/1/3
f 5258/1/3 5161/1/3 5225/1/3
f 5258/2/3 5225/2/3 5257/2/3
f 5259/1/3 5124/1/3 5161/1/3
f 5259/1/3 5161/1/3 5258/1/3
f 5260/1/3 5226/1/3 5194/1/3
f 5260/1/3 5227/1/3 5226/1/3
f 5261/1/3 5227/1/3 5260/1/3
f 5262/1/3 5228/1/3 5165/1/3
f 5263/2/3 5229/2/3 5228/2/3
f 5263/1/3 5228/1/3 5262/1/3
f 5264/1/3 5170/1/3 5229/1/3
f 5264/2/3 5229/2/3 5263/2/3
f 5265/1/3 5170/1/3 5264/1/3
f 5266/1/3 5233/1/3 5232/1/3
f 5266/1/3 5232/1/3 5231/1/3
f 5266/2/3 5234/2/3 5233/2/3
f 5267/1/3 5235/1/3 5234/1/3
f 5267/2/3 5234/2/3 5266/2/3
f 5268/2/3 5240/2/3 5239/2/3
f 5268/1/3 5238/1/3 5237/1/3
f 5268/1/3 5239/1/3 5238/1/3
f 5269/1/3 5241/1/3 5240/1/3
f 5269/2/3 5240/2/3 5268/2/3
f 5270/2/3 5244/2/3 5243/2/3
f 5270/1/3 5243/1/3 5242/1/3
f 5271/1/3 5245/1/3 5244/1/3
f 5271/2/3 5244/2/3 5270/2/3
f 5272/1/3 5246/1/3 5210/1/3
f 5272/1/3 5247/1/3 5246/1/3
f 5273/1/3 5247/1/3 5272/1/3
f 5274/1/3 5248/1/3 5181/1/3
f 5275/2/3 5249/2/3 5248/2/3
f 5275/1/3 5248/1/3 5274/1/3
f 5276/1/3 5185/1/3 5249/1/3
f 5276/2/3 5249/2/3 5275/2/3
f 5277/1/3 5152/1/3 5185/1/3
f 5277/1/3 5185/1/3 5276/1/3
f 5278/1/3 5250/1/3 5216/1/3
f 5278/1/3 5251/1/3 5250/1/3
f 5279/1/3 5219/1/3 5251/1/3
f 5279/1/3 5251/1/3 5278/1/3
f 5280/2/3 5254/2/3 5253/2/3
f 5280/1/3 5253/1/3 5252/1/3
f 5281/1/3 5256/1/3 5255/1/3
f 5281/2/3 5254/2/3 5280/2/3
f 5281/1/3 5255/1/3 5254/1/3
f 5282/1/3 5194/1/3 5163/1/3
f 5282/1/3 5260/1/3 5194/1/3
f 5283/2/3 5261/2/3 5260/2/3
f 5283/1/3 5260/1/3 5282/1/3
f 5284/1/3 5227/1/3 5261/1/3
f 5284/2/3 5261/2/3 5283/2/3
f 5285/1/3 5132/1/3 5197/1/3
f 5285/1/3 5227/1/3 5284/1/3
f 5285/1/3 5197/1/3 5227/1/3
f 5286/1/3 5267/1/3 5266/1/3
f 5287/1/3 5235/1/3 5267/1/3
f 5287/1/3 5267/1/3 5286/1/3
f 5288/1/3 5268/1/3 5237/1/3
f 5288/1/3 5269/1/3 5268/1/3
f 5289/1/3 5241/1/3 5269/1/3
f 5289/1/3 5269/1/3 5288/1/3
f 5290/1/3 5271/1/3 5270/1/3
f 5290/1/3 5270/1/3 5242/1/3
f 5291/1/3 5245/1/3 5271/1/3
f 5291/1/3 5271/1/3 5290/1/3
f 5292/1/3 5272/1/3 5210/1/3
f 5292/1/3 5210/1/3 5179/1/3
f 5293/2/3 5273/2/3 5272/2/3
f 5293/1/3 5272/1/3 5292/1/3
f 5294/1/3 5247/1/3 5273/1/3
f 5294/2/3 5273/2/3 5293/2/3
f 5295/1/3 5148/1/3 5213/1/3
f 5295/1/3 5247/1/3 5294/1/3
f 5295/1/3 5213/1/3 5247/1/3
f 5296/1/3 5152/1/3 5277/1/3
f 5296/2/3 5153/2/3 5152/2/3
f 5297/2/3 5153/2/3 5296/2/3
f 5298/2/3 5153/2/3 5297/2/3
f 5299/1/3 5278/1/3 5216/1/3
f 5299/2/3 5153/2/3 5298/2/3
f 5299/1/3 5216/1/3 5153/1/3
f 5300/1/3 5278/1/3 5299/1/3
f 5301/2/3 5279/2/3 5278/2/3
f 5301/1/3 5278/1/3 5300/1/3
f 5302/1/3 5219/1/3 5279/1/3
f 5302/2/3 5279/2/3 5301/2/3
f 5303/1/3 5186/1/3 5219/1/3
f 5303/1/3 5219/1/3 5302/1/3
f 5304/2/3 5125/2/3 5124/2/3
f 5304/2/3 5126/2/3 5125/2/3
f 5304/1/3 5124/1/3 5259/1/3
f 5304/2/3 5127/2/3 5126/2/3
f 5305/2/3 5127/2/3 5304/2/3
f 5306/2/3 5127/2/3 5305/2/3
f 5307/1/3 221/1/3 5127/1/3
f 5307/2/3 5127/2/3 5306/2/3
f 5308/2/3 5162/2/3 5128/2/3
f 5308/2/3 5163/2/3 5162/2/3
f 5309/1/3 5282/1/3 5163/1/3
f 5309/2/3 5163/2/3 5308/2/3
f 5310/2/3 5165/2/3 5164/2/3
f 5310/2/3 5164/2/3 5132/2/3
f 5310/1/3 5132/1/3 5285/1/3
f 5311/2/3 5165/2/3 5310/2/3
f 5312/2/3 5165/2/3 5311/2/3
f 5313/1/3 5262/1/3 5165/1/3
f 5313/2/3 5165/2/3 5312/2/3
f 5314/1/3 5286/1/3 5266/1/3
f 5314/1/3 5266/1/3 5231/1/3
f 5315/2/3 5287/2/3 5286/2/3
f 5315/1/3 5286/1/3 5314/1/3
f 5316/1/3 5235/1/3 5287/1/3
f 5316/2/3 5287/2/3 5315/2/3
f 5317/1/3 5202/1/3 5235/1/3
f 5317/1/3 5235/1/3 5316/1/3
f 5318/2/3 5237/2/3 5236/2/3
f 5318/2/3 5236/2/3 5202/2/3
f 5319/1/3 5288/1/3 5237/1/3
f 5319/2/3 5237/2/3 5318/2/3
f 5320/1/3 5288/1/3 5319/1/3
f 5321/2/3 5289/2/3 5288/2/3
f 5321/1/3 5288/1/3 5320/1/3
f 5322/1/3 5241/1/3 5289/1/3
f 5322/2/3 5289/2/3 5321/2/3
f 5323/1/3 5138/1/3 5241/1/3
f 5323/1/3 5241/1/3 5322/1/3
f 5324/1/3 5290/1/3 5242/1/3
f 5324/1/3 5242/1/3 5206/1/3
f 5325/2/3 5291/2/3 5290/2/3
f 5325/1/3 5290/1/3 5324/1/3
f 5326/1/3 5245/1/3 5291/1/3
f 5326/2/3 5291/2/3 5325/2/3
f 5327/1/3 5174/1/3 5245/1/3
f 5327/1/3 5245/1/3 5326/1/3
f 5328/2/3 5178/2/3 5144/2/3
f 5328/2/3 5179/2/3 5178/2/3
f 5329/1/3 5292/1/3 5179/1/3
f 5329/2/3 5179/2/3 5328/2/3
f 5330/2/3 5181/2/3 5180/2/3
f 5330/2/3 5180/2/3 5148/2/3
f 5330/1/3 5148/1/3 5295/1/3
f 5331/2/3 5181/2/3 5330/2/3
f 5332/2/3 5181/2/3 5331/2/3
f 5333/1/3 5274/1/3 5181/1/3
f 5333/2/3 5181/2/3 5332/2/3
f 5334/2/3 5298/2/3 5297/2/3
f 5334/1/3 5297/1/3 5296/1/3
f 5335/1/3 5299/1/3 5298/1/3
f 5335/2/3 5298/2/3 5334/2/3
f 5335/1/3 5300/1/3 5299/1/3
f 5336/1/3 5280/1/3 5252/1/3
f 5336/1/3 5281/1/3 5280/1/3
f 5337/1/3 5281/1/3 5336/1/3
f 5338/2/3 5306/2/3 5305/2/3
f 5338/1/3 5305/1/3 5304/1/3
f 5339/1/3 5307/1/3 5306/1/3
f 5339/2/3 5306/2/3 5338/2/3
f 5340/1/3 5128/1/3 180/1/3
f 5340/2/3 5308/2/3 5128/2/3
f 5341/2/3 5308/2/3 5340/2/3
f 5342/2/3 5312/2/3 5311/2/3
f 5342/1/3 5311/1/3 5310/1/3
f 5343/1/3 5313/1/3 5312/1/3
f 5343/2/3 5312/2/3 5342/2/3
f 5344/1/3 5314/1/3 5231/1/3
f 5345/2/3 5316/2/3 5315/2/3
f 5345/1/3 5314/1/3 5344/1/3
f 5345/2/3 5315/2/3 5314/2/3
f 5345/2/3 5317/2/3 5316/2/3
f 5346/1/3 5202/1/3 5317/1/3
f 5346/2/3 5318/2/3 5202/2/3
f 5347/2/3 5318/2/3 5346/2/3
f 5348/1/3 5206/1/3 5141/1/3
f 5348/1/3 5324/1/3 5206/1/3
f 5349/2/3 5327/2/3 5326/2/3
f 5349/1/3 5324/1/3 5348/1/3
f 5349/2/3 5325/2/3 5324/2/3
f 5349/2/3 5326/2/3 5325/2/3
f 5350/1/3 5144/1/3 5209/1/3
f 5350/2/3 5328/2/3 5144/2/3
f 5351/2/3 5328/2/3 5350/2/3
f 5352/1/3 5331/1/3 5330/1/3
f 5352/2/3 5332/2/3 5331/2/3
f 5353/1/3 5333/1/3 5332/1/3
f 5353/2/3 5332/2/3 5352/2/3
f 5354/1/3 5186/1/3 5303/1/3
f 5354/2/3 5187/2/3 5186/2/3
f 5354/2/3 5188/2/3 5187/2/3
f 5354/2/3 5189/2/3 5188/2/3
f 5355/2/3 5189/2/3 5354/2/3
f 5356/2/3 5189/2/3 5355/2/3
f 5357/1/3 5220/1/3 5189/1/3
f 5357/2/3 5189/2/3 5356/2/3
f 5358/1/3 5336/1/3 5252/1/3
f 5358/1/3 5252/1/3 5223/1/3
f 5359/2/3 5337/2/3 5336/2/3
f 5359/1/3 5336/1/3 5358/1/3
f 5360/1/3 5281/1/3 5337/1/3
f 5360/2/3 5337/2/3 5359/2/3
f 5361/1/3 5256/1/3 5281/1/3
f 5361/1/3 5281/1/3 5360/1/3
f 5362/1/3 5338/1/3 5304/1/3
f 5362/1/3 5339/1/3 5338/1/3
f 5363/1/3 5307/1/3 5339/1/3
f 5363/1/3 5339/1/3 5362/1/3
f 5364/2/3 5308/2/3 5341/2/3
f 5364/1/3 5341/1/3 5340/1/3
f 5365/1/3 5309/1/3 5308/1/3
f 5365/2/3 5308/2/3 5364/2/3
f 5366/1/3 5342/1/3 5310/1/3
f 5366/1/3 5343/1/3 5342/1/3
f 5367/1/3 5343/1/3 5366/1/3
f 5368/2/3 5231/2/3 5230/2/3
f 5368/2/3 5230/2/3 5200/2/3
f 5369/1/3 5344/1/3 5231/1/3
f 5369/2/3 5231/2/3 5368/2/3
f 5370/2/3 5318/2/3 5347/2/3
f 5370/1/3 5347/1/3 5346/1/3
f 5371/1/3 5319/1/3 5318/1/3
f 5371/2/3 5318/2/3 5370/2/3
f 5371/1/3 5320/1/3 5319/1/3
f 5372/2/3 5139/2/3 5138/2/3
f 5372/2/3 5140/2/3 5139/2/3
f 5372/1/3 5138/1/3 5323/1/3
f 5372/2/3 5141/2/3 5140/2/3
f 5373/2/3 5141/2/3 5372/2/3
f 5374/2/3 5141/2/3 5373/2/3
f 5375/1/3 5348/1/3 5141/1/3
f 5375/2/3 5141/2/3 5374/2/3
f 5376/1/3 5174/1/3 5327/1/3
f 5376/2/3 5209/2/3 5208/2/3
f 5376/2/3 5208/2/3 5174/2/3
f 5377/2/3 5209/2/3 5376/2/3
f 5378/2/3 5209/2/3 5377/2/3
f 5379/1/3 5350/1/3 5209/1/3
f 5379/2/3 5209/2/3 5378/2/3
f 5379/1/3 5351/1/3 5350/1/3
f 5380/2/3 5328/2/3 5351/2/3
f 5380/1/3 5351/1/3 5379/1/3
f 5381/1/3 5329/1/3 5328/1/3
f 5381/2/3 5328/2/3 5380/2/3
f 5382/1/3 5352/1/3 5330/1/3
f 5382/1/3 5353/1/3 5352/1/3
f 5383/1/3 5353/1/3 5382/1/3
f 5384/1/3 5334/1/3 5296/1/3
f 5384/1/3 5335/1/3 5334/1/3
f 5385/1/3 5335/1/3 5384/1/3
f 5386/1/3 5355/1/3 5354/1/3
f 5386/2/3 5356/2/3 5355/2/3
f 5387/1/3 5357/1/3 5356/1/3
f 5387/2/3 5356/2/3 5386/2/3
f 5388/2/3 5222/2/3 5221/2/3
f 5388/1/3 5357/1/3 5387/1/3
f 5388/2/3 5223/2/3 5222/2/3
f 5388/2/3 5221/2/3 5220/2/3
f 5388/1/3 5220/1/3 5357/1/3
f 5389/2/3 5223/2/3 5388/2/3
f 5390/2/3 5223/2/3 5389/2/3
f 5391/1/3 5358/1/3 5223/1/3
f 5391/2/3 5223/2/3 5390/2/3
f 5392/1/3 5256/1/3 5361/1/3
f 5392/2/3 5359/2/3 5358/2/3
f 5392/2/3 5360/2/3 5359/2/3
f 5392/2/3 5361/2/3 5360/2/3
f 5393/1/3 5256/1/3 5392/1/3
f 5394/1/3 5362/1/3 5304/1/3
f 5394/1/3 5304/1/3 5259/1/3
f 5395/2/3 5363/2/3 5362/2/3
f 5395/1/3 5362/1/3 5394/1/3
f 5396/1/3 5307/1/3 5363/1/3
f 5396/2/3 5363/2/3 5395/2/3
f 5397/1/3 221/1/3 5307/1/3
f 5397/1/3 5307/1/3 5396/1/3
f 5398/1/3 5365/1/3 5364/1/3
f 5398/1/3 5364/1/3 5340/1/3
f 5399/1/3 5365/1/3 5398/1/3
f 5400/1/3 5366/1/3 5310/1/3
f 5400/1/3 5310/1/3 5285/1/3
f 5401/2/3 5367/2/3 5366/2/3
f 5401/1/3 5366/1/3 5400/1/3
f 5402/1/3 5343/1/3 5367/1/3
f 5402/2/3 5367/2/3 5401/2/3
f 5403/1/3 5313/1/3 5343/1/3
f 5403/1/3 5343/1/3 5402/1/3
f 5404/2/3 5368/2/3 5200/2/3
f 5404/2/3 5200/2/3 5170/2/3
f 5404/1/3 5170/1/3 5265/1/3
f 5405/2/3 5368/2/3 5404/2/3
f 5406/1/3 5371/1/3 5370/1/3
f 5407/1/3 5371/1/3 5406/1/3
f 5408/2/3 5374/2/3 5373/2/3
f 5408/1/3 5373/1/3 5372/1/3
f 5409/1/3 5375/1/3 5374/1/3
f 5409/2/3 5374/2/3 5408/2/3
f 5410/2/3 5378/2/3 5377/2/3
f 5410/1/3 5377/1/3 5376/1/3
f 5411/1/3 5380/1/3 5379/1/3
f 5411/2/3 5378/2/3 5410/2/3
f 5411/1/3 5381/1/3 5380/1/3
f 5411/1/3 5379/1/3 5378/1/3
f 5412/1/3 5381/1/3 5411/1/3
f 5413/1/3 5381/1/3 5412/1/3
f 5414/1/3 5382/1/3 5330/1/3
f 5414/1/3 5330/1/3 5295/1/3
f 5415/2/3 5383/2/3 5382/2/3
f 5415/1/3 5382/1/3 5414/1/3
f 5416/1/3 5353/1/3 5383/1/3
f 5416/2/3 5383/2/3 5415/2/3
f 5417/1/3 5333/1/3 5353/1/3
f 5417/1/3 5353/1/3 5416/1/3
f 5418/1/3 5384/1/3 5296/1/3
f 5418/1/3 5296/1/3 5277/1/3
f 5419/2/3 5385/2/3 5384/2/3
f 5419/1/3 5384/1/3 5418/1/3
f 5420/1/3 5335/1/3 5385/1/3
f 5420/2/3 5385/2/3 5419/2/3
f 5421/1/3 5300/1/3 5335/1/3
f 5421/1/3 5335/1/3 5420/1/3
f 5422/1/3 5387/1/3 5386/1/3
f 5422/1/3 5389/1/3 5388/1/3
f 5422/1/3 5388/1/3 5387/1/3
f 5422/1/3 5386/1/3 5354/1/3
f 5423/1/3 5389/1/3 5422/1/3
f 5424/2/3 5390/2/3 5389/2/3
f 5425/1/3 5391/1/3 5390/1/3
f 5425/2/3 5390/2/3 5424/2/3
f 5426/2/3 5258/2/3 5257/2/3
f 5426/2/3 5257/2/3 5256/2/3
f 5426/2/3 5259/2/3 5258/2/3
f 5427/1/3 5394/1/3 5259/1/3
f 5427/2/3 5259/2/3 5426/2/3
f 5428/1/3 5398/1/3 5340/1/3
f 5428/1/3 5340/1/3 180/1/3
f 5429/2/3 5399/2/3 5398/2/3
f 5429/1/3 5398/1/3 5428/1/3
f 5430/1/3 5365/1/3 5399/1/3
f 5430/2/3 5399/2/3 5429/2/3
f 5431/1/3 5309/1/3 5365/1/3
f 5431/1/3 5365/1/3 5430/1/3
f 5432/1/3 5313/1/3 5403/1/3
f 5432/2/3 5401/2/3 5400/2/3
f 5432/2/3 5403/2/3 5402/2/3
f 5432/2/3 5402/2/3 5401/2/3
f 5433/1/3 5262/1/3 5313/1/3
f 5433/1/3 5313/1/3 5432/1/3
f 5434/2/3 5263/2/3 5262/2/3
f 5434/1/3 5262/1/3 5433/1/3
f 5434/2/3 5265/2/3 5264/2/3
f 5434/2/3 5264/2/3 5263/2/3
f 5435/2/3 5265/2/3 5434/2/3
f 5436/2/3 5265/2/3 5435/2/3
f 5437/1/3 5405/1/3 5404/1/3
f 5437/2/3 5265/2/3 5436/2/3
f 5437/1/3 5404/1/3 5265/1/3
f 5438/2/3 5368/2/3 5405/2/3
f 5438/1/3 5405/1/3 5437/1/3
f 5439/1/3 5369/1/3 5368/1/3
f 5439/2/3 5368/2/3 5438/2/3
f 5440/1/3 5406/1/3 5370/1/3
f 5440/1/3 5370/1/3 5346/1/3
f 5441/2/3 5407/2/3 5406/2/3
f 5441/1/3 5406/1/3 5440/1/3
f 5442/1/3 5371/1/3 5407/1/3
f 5442/2/3 5407/2/3 5441/2/3
f 5443/1/3 5320/1/3 5371/1/3
f 5443/1/3 5371/1/3 5442/1/3
f 5444/1/3 5408/1/3 5372/1/3
f 5444/1/3 5372/1/3 5323/1/3
f 5444/1/3 5409/1/3 5408/1/3
f 5445/1/3 5348/1/3 5375/1/3
f 5445/1/3 5409/1/3 5444/1/3
f 5445/1/3 5375/1/3 5409/1/3
f 5446/1/3 5410/1/3 5376/1/3
f 5446/1/3 5412/1/3 5411/1/3
f 5446/1/3 5411/1/3 5410/1/3
f 5447/1/3 5412/1/3 5446/1/3
f 5448/1/3 5412/1/3 5447/1/3
f 5449/2/3 5413/2/3 5412/2/3
f 5449/1/3 5412/1/3 5448/1/3
f 5450/1/3 5381/1/3 5413/1/3
f 5450/2/3 5413/2/3 5449/2/3
f 5451/1/3 5329/1/3 5381/1/3
f 5451/1/3 5381/1/3 5450/1/3
f 5452/2/3 5416/2/3 5415/2/3
f 5452/1/3 5333/1/3 5417/1/3
f 5452/2/3 5415/2/3 5414/2/3
f 5452/2/3 5417/2/3 5416/2/3
f 5453/1/3 5274/1/3 5333/1/3
f 5453/1/3 5333/1/3 5452/1/3
f 5454/2/3 5275/2/3 5274/2/3
f 5454/1/3 5274/1/3 5453/1/3
f 5454/2/3 5276/2/3 5275/2/3
f 5454/2/3 5277/2/3 5276/2/3
f 5455/2/3 5277/2/3 5454/2/3
f 5456/2/3 5277/2/3 5455/2/3
f 5457/1/3 5418/1/3 5277/1/3
f 5457/2/3 5277/2/3 5456/2/3
f 5458/1/3 5300/1/3 5421/1/3
f 5458/2/3 5419/2/3 5418/2/3
f 5458/2/3 5421/2/3 5420/2/3
f 5458/2/3 5420/2/3 5419/2/3
f 5459/1/3 5300/1/3 5458/1/3
f 5460/1/3 5422/1/3 5354/1/3
f 5460/1/3 5354/1/3 5303/1/3
f 5461/2/3 5423/2/3 5422/2/3
f 5461/1/3 5422/1/3 5460/1/3
f 5462/1/3 5389/1/3 5423/1/3
f 5462/2/3 5423/2/3 5461/2/3
f 5463/1/3 5389/1/3 5462/1/3
f 5464/2/3 5424/2/3 5389/2/3
f 5464/1/3 5389/1/3 5463/1/3
f 5465/1/3 5425/1/3 5424/1/3
f 5465/2/3 5424/2/3 5464/2/3
f 5466/2/3 5426/2/3 5256/2/3
f 5466/1/3 5256/1/3 5393/1/3
f 5467/2/3 5426/2/3 5466/2/3
f 5468/1/3 5309/1/3 5431/1/3
f 5468/2/3 5431/2/3 5430/2/3
f 5468/2/3 5430/2/3 5429/2/3
f 5468/2/3 5429/2/3 5428/2/3
f 5469/1/3 5282/1/3 5309/1/3
f 5469/1/3 5309/1/3 5468/1/3
f 5470/2/3 5283/2/3 5282/2/3
f 5470/1/3 5282/1/3 5469/1/3
f 5470/2/3 5284/2/3 5283/2/3
f 5470/2/3 5285/2/3 5284/2/3
f 5471/2/3 5285/2/3 5470/2/3
f 5472/2/3 5285/2/3 5471/2/3
f 5473/1/3 5400/1/3 5285/1/3
f 5473/2/3 5285/2/3 5472/2/3
f 5474/2/3 5436/2/3 5435/2/3
f 5475/1/3 5437/1/3 5436/1/3
f 5475/2/3 5436/2/3 5474/2/3
f 5475/1/3 5439/1/3 5438/1/3
f 5475/1/3 5438/1/3 5437/1/3
f 5476/1/3 5439/1/3 5475/1/3
f 5477/1/3 5439/1/3 5476/1/3
f 5478/1/3 5440/1/3 5346/1/3
f 5478/1/3 5346/1/3 5317/1/3
f 5479/2/3 5442/2/3 5441/2/3
f 5479/1/3 5440/1/3 5478/1/3
f 5479/2/3 5441/2/3 5440/2/3
f 5479/2/3 5443/2/3 5442/2/3
f 5480/2/3 5322/2/3 5321/2/3
f 5480/2/3 5321/2/3 5320/2/3
f 5480/2/3 5323/2/3 5322/2/3
f 5481/1/3 5444/1/3 5323/1/3
f 5481/2/3 5323/2/3 5480/2/3
f 5482/1/3 5446/1/3 5376/1/3
f 5482/1/3 5376/1/3 5327/1/3
f 5483/2/3 5447/2/3 5446/2/3
f 5483/1/3 5446/1/3 5482/1/3
f 5484/1/3 5448/1/3 5447/1/3
f 5484/2/3 5447/2/3 5483/2/3
f 5485/1/3 5448/1/3 5484/1/3
f 5486/1/3 5329/1/3 5451/1/3
f 5486/2/3 5450/2/3 5449/2/3
f 5486/2/3 5451/2/3 5450/2/3
f 5486/2/3 5449/2/3 5448/2/3
f 5487/1/3 5292/1/3 5329/1/3
f 5487/1/3 5329/1/3 5486/1/3
f 5488/2/3 5293/2/3 5292/2/3
f 5488/1/3 5292/1/3 5487/1/3
f 5488/2/3 5294/2/3 5293/2/3
f 5488/2/3 5295/2/3 5294/2/3
f 5489/2/3 5295/2/3 5488/2/3
f 5490/2/3 5295/2/3 5489/2/3
f 5491/1/3 5414/1/3 5295/1/3
f 5491/2/3 5295/2/3 5490/2/3
f 5492/2/3 5456/2/3 5455/2/3
f 5493/1/3 5457/1/3 5456/1/3
f 5493/2/3 5456/2/3 5492/2/3
f 5494/2/3 5301/2/3 5300/2/3
f 5494/2/3 5303/2/3 5302/2/3
f 5494/2/3 5302/2/3 5301/2/3
f 5495/1/3 5460/1/3 5303/1/3
f 5495/2/3 5303/2/3 5494/2/3
f 5496/1/3 5464/1/3 5463/1/3
f 5496/1/3 5465/1/3 5464/1/3
f 5497/1/3 5425/1/3 5465/1/3
f 5497/1/3 5465/1/3 5496/1/3
f 5498/2/3 5426/2/3 5467/2/3
f 5498/1/3 5467/1/3 5466/1/3
f 5499/1/3 5427/1/3 5426/1/3
f 5499/2/3 5426/2/3 5498/2/3
f 5500/2/3 5472/2/3 5471/2/3
f 5500/1/3 5470/1/3 5469/1/3
f 5500/1/3 5471/1/3 5470/1/3
f 5501/1/3 5473/1/3 5472/1/3
f 5501/2/3 5472/2/3 5500/2/3
f 5502/2/3 5474/2/3 5435/2/3
f 5502/1/3 5435/1/3 5434/1/3
f 5502/1/3 5434/1/3 5433/1/3
f 5503/1/3 5476/1/3 5475/1/3
f 5503/2/3 5474/2/3 5502/2/3
f 5503/1/3 5475/1/3 5474/1/3
f 5504/1/3 5476/1/3 5503/1/3
f 5505/2/3 5477/2/3 5476/2/3
f 5505/1/3 5476/1/3 5504/1/3
f 5506/1/3 5439/1/3 5477/1/3
f 5506/2/3 5477/2/3 5505/2/3
f 5507/1/3 5369/1/3 5439/1/3
f 5507/1/3 5439/1/3 5506/1/3
f 5508/2/3 5443/2/3 5479/2/3
f 5508/1/3 5320/1/3 5443/1/3
f 5508/2/3 5479/2/3 5478/2/3
f 5509/1/3 5320/1/3 5508/1/3
f 5510/2/3 5480/2/3 5320/2/3
f 5510/1/3 5320/1/3 5509/1/3
f 5511/2/3 5480/2/3 5510/2/3
f 5512/2/3 5480/2/3 5511/2/3
f 5513/1/3 5481/1/3 5480/1/3
f 5513/2/3 5480/2/3 5512/2/3
f 5514/1/3 5348/1/3 5445/1/3
f 5514/2/3 5349/2/3 5348/2/3
f 5515/2/3 5327/2/3 5349/2/3
f 5515/2/3 5349/2/3 5514/2/3
f 5516/2/3 5327/2/3 5515/2/3
f 5517/1/3 5482/1/3 5327/1/3
f 5517/2/3 5327/2/3 5516/2/3
f 5518/2/3 5490/2/3 5489/2/3
f 5518/1/3 5489/1/3 5488/1/3
f 5518/1/3 5488/1/3 5487/1/3
f 5519/1/3 5491/1/3 5490/1/3
f 5519/2/3 5490/2/3 5518/2/3
f 5520/2/3 5492/2/3 5455/2/3
f 5520/1/3 5455/1/3 5454/1/3
f 5520/1/3 5454/1/3 5453/1/3
f 5521/1/3 5493/1/3 5492/1/3
f 5521/2/3 5492/2/3 5520/2/3
f 5522/1/3 5300/1/3 5459/1/3
f 5522/2/3 5494/2/3 5300/2/3
f 5523/2/3 5494/2/3 5522/2/3
f 5524/1/3 5496/1/3 5463/1/3
f 5525/2/3 5497/2/3 5496/2/3
f 5525/1/3 5496/1/3 5524/1/3
f 5526/1/3 5425/1/3 5497/1/3
f 5526/2/3 5497/2/3 5525/2/3
f 5527/1/3 5391/1/3 5425/1/3
f 5527/1/3 5425/1/3 5526/1/3
f 5528/1/3 5499/1/3 5498/1/3
f 5528/1/3 5498/1/3 5466/1/3
f 5529/1/3 5499/1/3 5528/1/3
f 5530/1/3 5501/1/3 5500/1/3
f 5530/1/3 5500/1/3 5469/1/3
f 5531/1/3 5473/1/3 5501/1/3
f 5531/1/3 5501/1/3 5530/1/3
f 5532/1/3 5502/1/3 5433/1/3
f 5532/1/3 5504/1/3 5503/1/3
f 5532/1/3 5503/1/3 5502/1/3
f 5533/1/3 5504/1/3 5532/1/3
f 5534/1/3 5369/1/3 5507/1/3
f 5534/2/3 5506/2/3 5505/2/3
f 5534/2/3 5507/2/3 5506/2/3
f 5534/2/3 5505/2/3 5504/2/3
f 5535/1/3 5344/1/3 5369/1/3
f 5535/1/3 5369/1/3 5534/1/3
f 5536/1/3 5511/1/3 5510/1/3
f 5536/2/3 5512/2/3 5511/2/3
f 5536/1/3 5510/1/3 5509/1/3
f 5537/1/3 5513/1/3 5512/1/3
f 5537/2/3 5512/2/3 5536/2/3
f 5538/2/3 5516/2/3 5515/2/3
f 5538/1/3 5515/1/3 5514/1/3
f 5539/1/3 5517/1/3 5516/1/3
f 5539/2/3 5516/2/3 5538/2/3
f 5540/1/3 5518/1/3 5487/1/3
f 5540/1/3 5519/1/3 5518/1/3
f 5541/1/3 5491/1/3 5519/1/3
f 5541/1/3 5519/1/3 5540/1/3
f 5542/1/3 5520/1/3 5453/1/3
f 5542/1/3 5521/1/3 5520/1/3
f 5543/1/3 5493/1/3 5521/1/3
f 5543/1/3 5521/1/3 5542/1/3
f 5544/1/3 5523/1/3 5522/1/3
f 5544/2/3 5494/2/3 5523/2/3
f 5545/1/3 5495/1/3 5494/1/3
f 5545/2/3 5494/2/3 5544/2/3
f 5546/2/3 5526/2/3 5525/2/3
f 5546/2/3 5525/2/3 5524/2/3
f 5546/1/3 5391/1/3 5527/1/3
f 5546/2/3 5527/2/3 5526/2/3
f 5547/1/3 5358/1/3 5391/1/3
f 5547/1/3 5391/1/3 5546/1/3
f 5548/1/3 5499/1/3 5529/1/3
f 5548/2/3 5529/2/3 5528/2/3
f 5549/1/3 5427/1/3 5499/1/3
f 5549/1/3 5499/1/3 5548/1/3
f 5550/1/3 5530/1/3 5469/1/3
f 5551/2/3 5531/2/3 5530/2/3
f 5551/1/3 5530/1/3 5550/1/3
f 5552/1/3 5473/1/3 5531/1/3
f 5552/2/3 5531/2/3 5551/2/3
f 5553/1/3 5400/1/3 5473/1/3
f 5553/1/3 5473/1/3 5552/1/3
f 5554/2/3 5433/2/3 5432/2/3
f 5554/2/3 5432/2/3 5400/2/3
f 5555/1/3 5532/1/3 5433/1/3
f 5555/2/3 5433/2/3 5554/2/3
f 5556/1/3 5532/1/3 5555/1/3
f 5557/2/3 5533/2/3 5532/2/3
f 5557/1/3 5532/1/3 5556/1/3
f 5558/1/3 5504/1/3 5533/1/3
f 5558/2/3 5533/2/3 5557/2/3
f 5559/1/3 5504/1/3 5558/1/3
f 5560/1/3 5344/1/3 5535/1/3
f 5560/2/3 5345/2/3 5344/2/3
f 5561/2/3 5317/2/3 5345/2/3
f 5561/2/3 5345/2/3 5560/2/3
f 5562/2/3 5317/2/3 5561/2/3
f 5563/1/3 5478/1/3 5317/1/3
f 5563/2/3 5317/2/3 5562/2/3
f 5564/1/3 5536/1/3 5509/1/3
f 5564/1/3 5537/1/3 5536/1/3
f 5565/1/3 5481/1/3 5513/1/3
f 5565/1/3 5537/1/3 5564/1/3
f 5565/1/3 5513/1/3 5537/1/3
f 5566/1/3 5539/1/3 5538/1/3
f 5566/1/3 5538/1/3 5514/1/3
f 5567/1/3 5517/1/3 5539/1/3
f 5567/1/3 5539/1/3 5566/1/3
f 5568/1/3 5540/1/3 5487/1/3
f 5569/2/3 5541/2/3 5540/2/3
f 5569/1/3 5540/1/3 5568/1/3
f 5570/1/3 5491/1/3 5541/1/3
f 5570/2/3 5541/2/3 5569/2/3
f 5571/1/3 5414/1/3 5491/1/3
f 5571/1/3 5491/1/3 5570/1/3
f 5572/2/3 5452/2/3 5414/2/3
f 5572/2/3 5453/2/3 5452/2/3
f 5573/1/3 5542/1/3 5453/1/3
f 5573/2/3 5453/2/3 5572/2/3
f 5574/1/3 5542/1/3 5573/1/3
f 5575/2/3 5543/2/3 5542/2/3
f 5575/1/3 5542/1/3 5574/1/3
f 5576/1/3 5493/1/3 5543/1/3
f 5576/2/3 5543/2/3 5575/2/3
f 5577/1/3 5457/1/3 5493/1/3
f 5577/1/3 5493/1/3 5576/1/3
f 5578/1/3 5545/1/3 5544/1/3
f 5578/1/3 5544/1/3 5522/1/3
f 5579/1/3 5545/1/3 5578/1/3
f 5580/2/3 5393/2/3 5392/2/3
f 5580/2/3 5392/2/3 5358/2/3
f 5581/1/3 5466/1/3 5393/1/3
f 5581/2/3 5393/2/3 5580/2/3
f 5581/1/3 5528/1/3 5466/1/3
f 5582/1/3 5528/1/3 5581/1/3
f 5583/2/3 5548/2/3 5528/2/3
f 5583/1/3 5528/1/3 5582/1/3
f 5583/2/3 5549/2/3 5548/2/3
f 5584/2/3 5396/2/3 5395/2/3
f 5584/2/3 5395/2/3 5394/2/3
f 5584/2/3 5397/2/3 5396/2/3
f 5585/1/3 221/1/3 5397/1/3
f 5585/2/3 5397/2/3 5584/2/3
f 5586/1/3 5400/1/3 5553/1/3
f 5586/2/3 5554/2/3 5400/2/3
f 5587/2/3 5554/2/3 5586/2/3
f 5588/2/3 5557/2/3 5556/2/3
f 5588/1/3 5504/1/3 5559/1/3
f 5588/2/3 5559/2/3 5558/2/3
f 5588/2/3 5558/2/3 5557/2/3
f 5589/1/3 5504/1/3 5588/1/3
f 5590/2/3 5562/2/3 5561/2/3
f 5590/1/3 5561/1/3 5560/1/3
f 5591/1/3 5563/1/3 5562/1/3
f 5591/2/3 5562/2/3 5590/2/3
f 5592/1/3 5564/1/3 5509/1/3
f 5593/2/3 5565/2/3 5564/2/3
f 5593/1/3 5564/1/3 5592/1/3
f 5594/1/3 5481/1/3 5565/1/3
f 5594/2/3 5565/2/3 5593/2/3
f 5595/1/3 5444/1/3 5481/1/3
f 5595/1/3 5481/1/3 5594/1/3
f 5596/2/3 5445/2/3 5444/2/3
f 5596/1/3 5444/1/3 5595/1/3
f 5597/2/3 5445/2/3 5596/2/3
f 5598/2/3 5445/2/3 5597/2/3
f 5599/1/3 5514/1/3 5445/1/3
f 5599/2/3 5445/2/3 5598/2/3
f 5599/1/3 5566/1/3 5514/1/3
f 5600/1/3 5566/1/3 5599/1/3
f 5601/2/3 5567/2/3 5566/2/3
f 5601/1/3 5566/1/3 5600/1/3
f 5602/1/3 5517/1/3 5567/1/3
f 5602/2/3 5567/2/3 5601/2/3
f 5603/1/3 5482/1/3 5517/1/3
f 5603/1/3 5517/1/3 5602/1/3
f 5604/1/3 5414/1/3 5571/1/3
f 5604/2/3 5572/2/3 5414/2/3
f 5605/2/3 5572/2/3 5604/2/3
f 5606/2/3 5576/2/3 5575/2/3
f 5606/1/3 5457/1/3 5577/1/3
f 5606/2/3 5575/2/3 5574/2/3
f 5606/2/3 5577/2/3 5576/2/3
f 5607/1/3 5418/1/3 5457/1/3
f 5607/1/3 5457/1/3 5606/1/3
f 5608/1/3 5545/1/3 5579/1/3
f 5608/2/3 5579/2/3 5578/2/3
f 5609/1/3 5495/1/3 5545/1/3
f 5609/1/3 5545/1/3 5608/1/3
f 5610/2/3 5580/2/3 5358/2/3
f 5610/1/3 5358/1/3 5547/1/3
f 5611/2/3 5580/2/3 5610/2/3
f 5612/2/3 5580/2/3 5611/2/3
f 5613/1/3 5582/1/3 5581/1/3
f 5613/2/3 5580/2/3 5612/2/3
f 5613/1/3 5581/1/3 5580/1/3
f 5614/2/3 5549/2/3 5583/2/3
f 5614/1/3 5427/1/3 5549/1/3
f 5614/2/3 5583/2/3 5582/2/3
f 5615/1/3 5394/1/3 5427/1/3
f 5615/1/3 5427/1/3 5614/1/3
f 5616/2/3 5584/2/3 5394/2/3
f 5616/1/3 5394/1/3 5615/1/3
f 5617/2/3 5584/2/3 5616/2/3
f 5618/2/3 5584/2/3 5617/2/3
f 5619/1/3 5585/1/3 5584/1/3
f 5619/2/3 5584/2/3 5618/2/3
f 5620/2/3 5468/2/3 5428/2/3
f 5620/2/3 5469/2/3 5468/2/3
f 5620/1/3 5428/1/3 180/1/3
f 5621/2/3 5469/2/3 5620/2/3
f 5622/2/3 5469/2/3 5621/2/3
f 5623/1/3 5550/1/3 5469/1/3
f 5623/2/3 5469/2/3 5622/2/3
f 5624/2/3 5554/2/3 5587/2/3
f 5625/1/3 5556/1/3 5555/1/3
f 5625/2/3 5554/2/3 5624/2/3
f 5625/1/3 5555/1/3 5554/1/3
f 5626/1/3 5590/1/3 5560/1/3
f 5626/1/3 5591/1/3 5590/1/3
f 5627/1/3 5563/1/3 5591/1/3
f 5627/1/3 5591/1/3 5626/1/3
f 5628/2/3 5598/2/3 5597/2/3
f 5628/1/3 5597/1/3 5596/1/3
f 5628/1/3 5596/1/3 5595/1/3
f 5629/1/3 5599/1/3 5598/1/3
f 5629/2/3 5598/2/3 5628/2/3
f 5629/1/3 5600/1/3 5599/1/3
f 5630/2/3 5487/2/3 5486/2/3
f 5630/2/3 5486/2/3 5448/2/3
f 5630/1/3 5448/1/3 5485/1/3
f 5631/2/3 5487/2/3 5630/2/3
f 5632/2/3 5487/2/3 5631/2/3
f 5633/1/3 5568/1/3 5487/1/3
f 5633/2/3 5487/2/3 5632/2/3
f 5634/2/3 5572/2/3 5605/2/3
f 5635/1/3 5574/1/3 5573/1/3
f 5635/2/3 5572/2/3 5634/2/3
f 5635/1/3 5573/1/3 5572/1/3
f 5636/2/3 5458/2/3 5418/2/3
f 5636/2/3 5459/2/3 5458/2/3
f 5637/1/3 5578/1/3 5522/1/3
f 5637/2/3 5459/2/3 5636/2/3
f 5637/1/3 5522/1/3 5459/1/3
f 5638/1/3 5578/1/3 5637/1/3
f 5639/2/3 5608/2/3 5578/2/3
f 5639/1/3 5578/1/3 5638/1/3
f 5639/2/3 5609/2/3 5608/2/3
f 5640/2/3 5463/2/3 5462/2/3
f 5640/2/3 5462/2/3 5461/2/3
f 5640/2/3 5461/2/3 5460/2/3
f 5641/1/3 5524/1/3 5463/1/3
f 5641/2/3 5463/2/3 5640/2/3
f 5642/2/3 5612/2/3 5611/2/3
f 5642/1/3 5611/1/3 5610/1/3
f 5643/1/3 5613/1/3 5612/1/3
f 5643/2/3 5612/2/3 5642/2/3
f 5644/1/3 5616/1/3 5615/1/3
f 5644/2/3 5618/2/3 5617/2/3
f 5644/1/3 5617/1/3 5616/1/3
f 5645/1/3 5619/1/3 5618/1/3
f 5645/2/3 5618/2/3 5644/2/3
f 5646/2/3 5622/2/3 5621/2/3
f 5646/1/3 5621/1/3 5620/1/3
f 5647/1/3 5623/1/3 5622/1/3
f 5647/2/3 5622/2/3 5646/2/3
f 5648/2/3 5624/2/3 5587/2/3
f 5648/1/3 5587/1/3 5586/1/3
f 5649/1/3 5625/1/3 5624/1/3
f 5649/2/3 5624/2/3 5648/2/3
f 5650/2/3 5534/2/3 5504/2/3
f 5650/2/3 5535/2/3 5534/2/3
f 5651/1/3 5626/1/3 5560/1/3
f 5651/2/3 5535/2/3 5650/2/3
f 5651/1/3 5560/1/3 5535/1/3
f 5652/1/3 5626/1/3 5651/1/3
f 5653/2/3 5627/2/3 5626/2/3
f 5653/1/3 5626/1/3 5652/1/3
f 5654/1/3 5563/1/3 5627/1/3
f 5654/2/3 5627/2/3 5653/2/3
f 5655/1/3 5478/1/3 5563/1/3
f 5655/1/3 5563/1/3 5654/1/3
f 5656/2/3 5509/2/3 5508/2/3
f 5656/2/3 5508/2/3 5478/2/3
f 5657/1/3 5592/1/3 5509/1/3
f 5657/2/3 5509/2/3 5656/2/3
f 5658/1/3 5482/1/3 5603/1/3
f 5658/2/3 5485/2/3 5484/2/3
f 5658/2/3 5484/2/3 5483/2/3
f 5658/2/3 5483/2/3 5482/2/3
f 5659/2/3 5485/2/3 5658/2/3
f 5660/2/3 5485/2/3 5659/2/3
f 5661/1/3 5631/1/3 5630/1/3
f 5661/2/3 5485/2/3 5660/2/3
f 5661/1/3 5630/1/3 5485/1/3
f 5662/2/3 5632/2/3 5631/2/3
f 5662/1/3 5631/1/3 5661/1/3
f 5663/1/3 5633/1/3 5632/1/3
f 5663/2/3 5632/2/3 5662/2/3
f 5664/1/3 5605/1/3 5604/1/3
f 5664/2/3 5634/2/3 5605/2/3
f 5665/1/3 5635/1/3 5634/1/3
f 5665/2/3 5634/2/3 5664/2/3
f 5666/1/3 5418/1/3 5607/1/3
f 5666/2/3 5636/2/3 5418/2/3
f 5667/2/3 5636/2/3 5666/2/3
f 5668/2/3 5636/2/3 5667/2/3
f 5669/1/3 5638/1/3 5637/1/3
f 5669/2/3 5636/2/3 5668/2/3
f 5669/1/3 5637/1/3 5636/1/3
f 5670/1/3 5495/1/3 5609/1/3
f 5670/2/3 5609/2/3 5639/2/3
f 5670/2/3 5639/2/3 5638/2/3
f 5671/1/3 5460/1/3 5495/1/3
f 5671/1/3 5495/1/3 5670/1/3
f 5672/2/3 5640/2/3 5460/2/3
f 5672/1/3 5460/1/3 5671/1/3
f 5673/2/3 5640/2/3 5672/2/3
f 5674/2/3 5640/2/3 5673/2/3
f 5675/1/3 5641/1/3 5640/1/3
f 5675/2/3 5640/2/3 5674/2/3
f 5676/1/3 5642/1/3 5610/1/3
f 5676/1/3 5643/1/3 5642/1/3
f 5677/1/3 5582/1/3 5613/1/3
f 5677/1/3 5643/1/3 5676/1/3
f 5677/1/3 5613/1/3 5643/1/3
f 5678/1/3 5644/1/3 5615/1/3
f 5678/1/3 5645/1/3 5644/1/3
f 5679/1/3 5585/1/3 5619/1/3
f 5679/1/3 5645/1/3 5678/1/3
f 5679/1/3 5619/1/3 5645/1/3
f 5680/1/3 5647/1/3 5646/1/3
f 5680/1/3 5646/1/3 5620/1/3
f 5681/1/3 5647/1/3 5680/1/3
f 5682/1/3 5648/1/3 5586/1/3
f 5682/1/3 5649/1/3 5648/1/3
f 5683/1/3 5625/1/3 5649/1/3
f 5683/1/3 5649/1/3 5682/1/3
f 5684/1/3 5504/1/3 5589/1/3
f 5684/2/3 5650/2/3 5504/2/3
f 5685/2/3 5650/2/3 5684/2/3
f 5686/1/3 5478/1/3 5655/1/3
f 5686/2/3 5656/2/3 5478/2/3
f 5687/2/3 5656/2/3 5686/2/3
f 5688/2/3 5656/2/3 5687/2/3
f 5689/1/3 5657/1/3 5656/1/3
f 5689/2/3 5656/2/3 5688/2/3
f 5690/1/3 5629/1/3 5628/1/3
f 5690/1/3 5628/1/3 5595/1/3
f 5691/1/3 5629/1/3 5690/1/3
f 5692/2/3 5660/2/3 5659/2/3
f 5692/1/3 5659/1/3 5658/1/3
f 5693/1/3 5663/1/3 5662/1/3
f 5693/2/3 5660/2/3 5692/2/3
f 5693/1/3 5662/1/3 5661/1/3
f 5693/1/3 5661/1/3 5660/1/3
f 5694/1/3 5663/1/3 5693/1/3
f 5695/1/3 5663/1/3 5694/1/3
f 5696/1/3 5664/1/3 5604/1/3
f 5696/1/3 5665/1/3 5664/1/3
f 5697/1/3 5635/1/3 5665/1/3
f 5697/1/3 5665/1/3 5696/1/3
f 5698/2/3 5668/2/3 5667/2/3
f 5698/1/3 5667/1/3 5666/1/3
f 5699/1/3 5669/1/3 5668/1/3
f 5699/2/3 5668/2/3 5698/2/3
f 5700/1/3 5673/1/3 5672/1/3
f 5700/1/3 5672/1/3 5671/1/3
f 5700/2/3 5674/2/3 5673/2/3
f 5701/1/3 5675/1/3 5674/1/3
f 5701/2/3 5674/2/3 5700/2/3
f 5702/1/3 5676/1/3 5610/1/3
f 5702/1/3 5610/1/3 5547/1/3
f 5703/2/3 5677/2/3 5676/2/3
f 5703/1/3 5676/1/3 5702/1/3
f 5704/1/3 5582/1/3 5677/1/3
f 5704/2/3 5677/2/3 5703/2/3
f 5705/1/3 5582/1/3 5704/1/3
f 5706/1/3 5678/1/3 5615/1/3
f 5707/2/3 5679/2/3 5678/2/3
f 5707/1/3 5678/1/3 5706/1/3
f 5708/1/3 5585/1/3 5679/1/3
f 5708/2/3 5679/2/3 5707/2/3
f 5709/1/3 221/1/3 5585/1/3
f 5709/1/3 5585/1/3 5708/1/3
f 5710/1/3 5647/1/3 5681/1/3
f 5710/2/3 5681/2/3 5680/2/3
f 5711/1/3 5623/1/3 5647/1/3
f 5711/1/3 5647/1/3 5710/1/3
f 5712/1/3 5682/1/3 5586/1/3
f 5712/1/3 5586/1/3 5553/1/3
f 5713/2/3 5683/2/3 5682/2/3
f 5713/1/3 5682/1/3 5712/1/3
f 5714/1/3 5625/1/3 5683/1/3
f 5714/2/3 5683/2/3 5713/2/3
f 5715/1/3 5556/1/3 5625/1/3
f 5715/1/3 5625/1/3 5714/1/3
f 5716/2/3 5650/2/3 5685/2/3
f 5717/1/3 5652/1/3 5651/1/3
f 5717/2/3 5650/2/3 5716/2/3
f 5717/1/3 5651/1/3 5650/1/3
f 5718/2/3 5688/2/3 5687/2/3
f 5718/1/3 5687/1/3 5686/1/3
f 5719/1/3 5689/1/3 5688/1/3
f 5719/2/3 5688/2/3 5718/2/3
f 5720/1/3 5690/1/3 5595/1/3
f 5720/2/3 5691/2/3 5690/2/3
f 5721/1/3 5629/1/3 5691/1/3
f 5721/2/3 5691/2/3 5720/2/3
f 5722/1/3 5600/1/3 5629/1/3
f 5722/1/3 5629/1/3 5721/1/3
f 5722/2/3 5603/2/3 5602/2/3
f 5722/2/3 5601/2/3 5600/2/3
f 5722/2/3 5602/2/3 5601/2/3
f 5723/2/3 5603/2/3 5722/2/3
f 5724/1/3 5692/1/3 5658/1/3
f 5724/2/3 5603/2/3 5723/2/3
f 5724/1/3 5693/1/3 5692/1/3
f 5724/1/3 5694/1/3 5693/1/3
f 5724/1/3 5658/1/3 5603/1/3
f 5725/1/3 5694/1/3 5724/1/3
f 5726/1/3 5663/1/3 5695/1/3
f 5726/2/3 5695/2/3 5694/2/3
f 5727/1/3 5568/1/3 5633/1/3
f 5727/1/3 5663/1/3 5726/1/3
f 5727/1/3 5633/1/3 5663/1/3
f 5727/2/3 5569/2/3 5568/2/3
f 5727/2/3 5571/2/3 5570/2/3
f 5727/2/3 5570/2/3 5569/2/3
f 5728/1/3 5696/1/3 5604/1/3
f 5728/2/3 5571/2/3 5727/2/3
f 5728/1/3 5604/1/3 5571/1/3
f 5729/1/3 5635/1/3 5697/1/3
f 5729/2/3 5697/2/3 5696/2/3
f 5730/1/3 5574/1/3 5635/1/3
f 5730/1/3 5635/1/3 5729/1/3
f 5731/1/3 5699/1/3 5698/1/3
f 5731/1/3 5698/1/3 5666/1/3
f 5732/1/3 5669/1/3 5699/1/3
f 5732/1/3 5699/1/3 5731/1/3
f 5732/1/3 5638/1/3 5669/1/3
f 5733/1/3 5700/1/3 5671/1/3
f 5733/1/3 5701/1/3 5700/1/3
f 5734/1/3 5675/1/3 5701/1/3
f 5734/1/3 5701/1/3 5733/1/3
f 5734/1/3 5641/1/3 5675/1/3
f 5735/1/3 5524/1/3 5641/1/3
f 5735/1/3 5641/1/3 5734/1/3
f 5735/2/3 5546/2/3 5524/2/3
f 5735/2/3 5547/2/3 5546/2/3
f 5736/2/3 5547/2/3 5735/2/3
f 5737/2/3 5547/2/3 5736/2/3
f 5738/1/3 5702/1/3 5547/1/3
f 5738/2/3 5547/2/3 5737/2/3
f 5739/1/3 5680/1/3 5620/1/3
f 5739/1/3 5620/1/3 180/1/3
f 5740/2/3 5710/2/3 5680/2/3
f 5740/1/3 5680/1/3 5739/1/3
f 5740/2/3 5711/2/3 5710/2/3
f 5741/1/3 5623/1/3 5711/1/3
f 5741/2/3 5711/2/3 5740/2/3
f 5742/1/3 5550/1/3 5623/1/3
f 5742/1/3 5623/1/3 5741/1/3
f 5742/2/3 5553/2/3 5552/2/3
f 5742/2/3 5551/2/3 5550/2/3
f 5742/2/3 5552/2/3 5551/2/3
f 5743/1/3 5712/1/3 5553/1/3
f 5743/2/3 5553/2/3 5742/2/3
f 5744/2/3 5713/2/3 5712/2/3
f 5744/1/3 5712/1/3 5743/1/3
f 5744/2/3 5715/2/3 5714/2/3
f 5744/2/3 5714/2/3 5713/2/3
f 5745/1/3 5556/1/3 5715/1/3
f 5745/2/3 5715/2/3 5744/2/3
f 5746/2/3 5589/2/3 5588/2/3
f 5746/1/3 5556/1/3 5745/1/3
f 5746/2/3 5588/2/3 5556/2/3
f 5747/1/3 5684/1/3 5589/1/3
f 5747/2/3 5589/2/3 5746/2/3
f 5747/1/3 5685/1/3 5684/1/3
f 5748/2/3 5716/2/3 5685/2/3
f 5748/1/3 5685/1/3 5747/1/3
f 5749/1/3 5717/1/3 5716/1/3
f 5749/2/3 5716/2/3 5748/2/3
f 5750/2/3 5653/2/3 5652/2/3
f 5750/1/3 5717/1/3 5749/1/3
f 5750/1/3 5652/1/3 5717/1/3
f 5750/2/3 5654/2/3 5653/2/3
f 5750/2/3 5655/2/3 5654/2/3
f 5751/1/3 5719/1/3 5718/1/3
f 5751/2/3 5655/2/3 5750/2/3
f 5751/1/3 5686/1/3 5655/1/3
f 5751/1/3 5718/1/3 5686/1/3
f 5752/1/3 5657/1/3 5689/1/3
f 5752/1/3 5719/1/3 5751/1/3
f 5752/1/3 5592/1/3 5657/1/3
f 5752/2/3 5593/2/3 5592/2/3
f 5752/2/3 5595/2/3 5594/2/3
f 5752/2/3 5594/2/3 5593/2/3
f 5752/1/3 5689/1/3 5719/1/3
f 5753/1/3 5721/1/3 5720/1/3
f 5753/2/3 5595/2/3 5752/2/3
f 5753/1/3 5723/1/3 5722/1/3
f 5753/1/3 5720/1/3 5595/1/3
f 5753/1/3 5722/1/3 5721/1/3
f 5754/2/3 5724/2/3 5723/2/3
f 5754/1/3 5723/1/3 5753/1/3
f 5754/2/3 5725/2/3 5724/2/3
f 5755/1/3 5694/1/3 5725/1/3
f 5755/2/3 5725/2/3 5754/2/3
f 5756/2/3 5726/2/3 5694/2/3
f 5756/1/3 5694/1/3 5755/1/3
f 5756/2/3 5727/2/3 5726/2/3
f 5757/1/3 5728/1/3 5727/1/3
f 5757/2/3 5727/2/3 5756/2/3
f 5758/1/3 5696/1/3 5728/1/3
f 5758/1/3 5728/1/3 5757/1/3
f 5758/2/3 5730/2/3 5729/2/3
f 5758/2/3 5729/2/3 5696/2/3
f 5759/1/3 5574/1/3 5730/1/3
f 5759/2/3 5730/2/3 5758/2/3
f 5760/2/3 5606/2/3 5574/2/3
f 5760/1/3 5574/1/3 5759/1/3
f 5760/2/3 5607/2/3 5606/2/3
f 5761/1/3 5731/1/3 5666/1/3
f 5761/2/3 5607/2/3 5760/2/3
f 5761/1/3 5666/1/3 5607/1/3
f 5762/2/3 5732/2/3 5731/2/3
f 5762/1/3 5731/1/3 5761/1/3
f 5763/1/3 5638/1/3 5732/1/3
f 5763/2/3 5732/2/3 5762/2/3
f 5764/2/3 5671/2/3 5670/2/3
f 5764/1/3 5638/1/3 5763/1/3
f 5764/2/3 5670/2/3 5638/2/3
f 5765/1/3 5733/1/3 5671/1/3
f 5765/2/3 5671/2/3 5764/2/3
f 5766/2/3 5734/2/3 5733/2/3
f 5766/1/3 5733/1/3 5765/1/3
f 5767/1/3 5735/1/3 5734/1/3
f 5767/2/3 5734/2/3 5766/2/3
f 5767/1/3 5736/1/3 5735/1/3
f 5768/2/3 5737/2/3 5736/2/3
f 5768/1/3 5736/1/3 5767/1/3
f 5769/1/3 5738/1/3 5737/1/3
f 5769/2/3 5737/2/3 5768/2/3
f 5770/2/3 5703/2/3 5702/2/3
f 5770/1/3 5738/1/3 5769/1/3
f 5770/1/3 5702/1/3 5738/1/3
f 5770/2/3 5705/2/3 5704/2/3
f 5770/2/3 5704/2/3 5703/2/3
f 5771/1/3 5582/1/3 5705/1/3
f 5771/2/3 5705/2/3 5770/2/3
f 5772/2/3 5615/2/3 5614/2/3
f 5772/1/3 5582/1/3 5771/1/3
f 5772/2/3 5614/2/3 5582/2/3
f 5773/1/3 5706/1/3 5615/1/3
f 5773/2/3 5615/2/3 5772/2/3
f 5774/2/3 5708/2/3 5707/2/3
f 5774/1/3 5706/1/3 5773/1/3
f 5774/2/3 5709/2/3 5708/2/3
f 5774/2/3 5707/2/3 5706/2/3
f 5775/1/3 221/1/3 5709/1/3
f 5775/2/3 5709/2/3 5774/2/3
f 5776/1/3 221/1/3 5775/1/3
f 5777/1/4 5778/1/4 5779/1/4
f 5779/1/4 5778/1/4 5780/1/4
f 5779/2/4 5780/2/4 5781/2/4
f 5781/2/4 5780/2/4 5782/2/4
f 5781/1/4 5782/1/4 5783/1/4
f 5783/1/4 5782/1/4 5784/1/4
f 5783/2/4 5784/2/4 5785/2/4
f 5785/2/4 5784/2/4 5786/2/4
f 5785/1/4 5786/1/4 5787/1/4
f 5787/1/4 5786/1/4 5788/1/4
f 5787/2/4 5788/2/4 5789/2/4
f 5789/2/4 5788/2/4 5790/2/4
f 5789/1/4 5790/1/4 5791/1/4
f 5791/1/4 5790/1/4 5792/1/4
f 5793/2/4 5794/2/4 5795/2/4
f 5795/2/4 5794/2/4 5796/2/4
f 5795/1/4 5796/1/4 5797/1/4
f 5797/1/4 5796/1/4 5798/1/4
f 5799/2/4 5800/2/4 5803/2/4
f 5801/2/4 5802/2/4 5804/2/4
f 5799/2/4 5803/2/4 5805/2/4
f 5803/2/4 5804/2/4 5805/2/4
f 5804/2/4 5802/2/4 5806/2/4
f 5805/2/4 5804/2/4 5806/2/4
f 5799/2/4 5805/2/4 5807/2/4
f 5807/2/4 5805/2/4 5808/2/4
f 5806/2/4 5802/2/4 5809/2/4
f 5809/2/4 5802/2/4 5810/2/4
f 5813/1/5 5812/1/5 5811/1/5
f 5814/1/5 5812/1/5 5813/1/5
f 5815/2/5 5814/2/5 5813/2/5
f 5816/2/5 5814/2/5 5815/2/5
f 5828/2/5 5818/2/5 5817/2/5
f 5828/2/5 5819/2/5 5818/2/5
f 5828/2/5 5820/2/5 5819/2/5
f 5828/2/5 5824/2/5 5823/2/5
f 5828/2/5 5823/2/5 5822/2/5
f 5828/2/5 5822/2/5 5821/2/5
f 5828/2/5 5821/2/5 5820/2/5
f 5829/2/5 5824/2/5 5828/2/5
f 5830/2/5 5827/2/5 5826/2/5
f 5830/2/5 5826/2/5 5825/2/5
f 5831/2/5 5827/2/5 5830/2/5
f 5832/2/6 5833/2/6 5843/2/6
f 5833/2/6 5834/2/6 5843/2/6
f 5834/2/6 5835/2/6 5843/2/6
f 5838/2/6 5839/2/6 5843/2/6
f 5837/2/6 5838/2/6 5843/2/6
f 5836/2/6 5837/2/6 5843/2/6
f 5835/2/6 5836/2/6 5843/2/6
f 5843/2/6 5839/2/6 5844/2/6
f 5841/2/6 5842/2/6 5845/2/6
f 5840/2/6 5841/2/6 5845/2/6
f 5845/2/6 5842/2/6 5846/2/6
f 5847/1/6 5848/1/6 5849/1/6
f 5849/1/6 5848/1/6 5850/1/6
f 5849/2/6 5850/2/6 5851/2/6
f 5851/2/6 5850/2/6 5852/2/6
