# MagicaVoxel @ Ephtracy

# group
o 

# material
mtllib Player_Idle_01.mtl
usemtl palette

# normals
vn -1 0 0
vn 1 0 0
vn 0 0 1
vn 0 0 -1
vn 0 -1 0
vn 0 1 0

# texcoords
vt 0.00195312 0.5
vt 0.00585938 0.5
vt 0.00976562 0.5
vt 0.0136719 0.5
vt 0.0175781 0.5
vt 0.0214844 0.5
vt 0.0253906 0.5
vt 0.0292969 0.5
vt 0.0332031 0.5
vt 0.0371094 0.5
vt 0.0410156 0.5
vt 0.0449219 0.5
vt 0.0488281 0.5
vt 0.0527344 0.5
vt 0.0566406 0.5
vt 0.0605469 0.5
vt 0.0644531 0.5
vt 0.0683594 0.5
vt 0.0722656 0.5
vt 0.0761719 0.5
vt 0.0800781 0.5
vt 0.0839844 0.5
vt 0.0878906 0.5
vt 0.0917969 0.5
vt 0.0996094 0.5
vt 0.119141 0.5
vt 0.123047 0.5

# verts
v -1.5 2.5 0.0999999
v -1.5 2.5 -0.1
v -1.5 2.6 0.0999999
v -1.5 2.6 -0.1
v -1.4 2.6 0.0999999
v -1.4 2.6 -0.1
v -1.4 2.7 0.0999999
v -1.4 2.7 -0.1
v -1.4 3 0.0999999
v -1.4 3 -0.1
v -1.3 0.7 0.0999999
v -1.3 0.7 -0.1
v -1.3 0.8 0.0999999
v -1.3 0.8 -0.1
v -1.3 0.9 0.0999999
v -1.3 0.9 -0.1
v -1.3 1 0.0999999
v -1.3 1 -0.1
v -1.3 2.4 0.0999999
v -1.3 2.4 -0.1
v -1.3 2.5 0.0999999
v -1.3 2.5 -0.1
v -1.3 3 0.0999999
v -1.3 3 -0.1
v -1.3 3.1 0.0999999
v -1.3 3.1 -0.1
v -1.3 3.2 0.0999999
v -1.3 3.2 -0.1
v -1.2 0.6 0.0999999
v -1.2 0.6 -0.1
v -1.2 0.7 0.0999999
v -1.2 0.7 -0.1
v -1.2 1 0.0999999
v -1.2 1 -0.1
v -1.2 1.1 0.0999999
v -1.2 1.1 -0.1
v -1.2 2.2 0.0999999
v -1.2 2.2 -0.1
v -1.2 2.4 0.0999999
v -1.2 2.4 -0.1
v -1.2 3.2 0.0999999
v -1.2 3.2 -0.1
v -1.2 3.3 0.0999999
v -1.2 3.3 -0.1
v -1.1 0.5 0.0999999
v -1.1 0.5 -0.1
v -1.1 0.6 0.0999999
v -1.1 0.6 -0.1
v -1.1 1.1 0.0999999
v -1.1 1.1 -0.1
v -1.1 1.2 0.0999999
v -1.1 1.2 -0.1
v -1.1 1.3 0.0999999
v -1.1 1.3 -0.1
v -1.1 1.4 0.0999999
v -1.1 1.4 -0.1
v -1.1 1.9 0.0999999
v -1.1 1.9 -0.1
v -1.1 2.1 0.0999999
v -1.1 2.1 -0.1
v -1.1 2.2 0.0999999
v -1.1 2.2 -0.1
v -1.1 3.3 0.0999999
v -1.1 3.3 -0.1
v -1.1 3.4 0.0999999
v -1.1 3.4 -0.1
v -1 0.4 0.0999999
v -1 0.4 -0.1
v -1 0.5 0.0999999
v -1 0.5 -0.1
v -1 1.4 0.0999999
v -1 1.4 -0.1
v -1 1.5 0.0999999
v -1 1.5 -0.1
v -1 1.6 0.0999999
v -1 1.6 -0.1
v -1 1.8 0.0999999
v -1 1.8 -0.1
v -1 1.9 0.0999999
v -1 1.9 -0.1
v -1 3.4 0.0999999
v -1 3.4 -0.1
v -1 3.5 0.0999999
v -1 3.5 -0.1
v -0.9 1.6 0.0999999
v -0.9 1.6 -0.1
v -0.9 1.7 0.0999999
v -0.9 1.7 -0.1
v -0.9 1.8 0.0999999
v -0.9 1.8 -0.1
v -0.9 3.5 0.0999999
v -0.9 3.5 -0.1
v -0.9 3.6 0.0999999
v -0.9 3.6 -0.1
v -0.8 0 0.0999999
v -0.8 0 -0.1
v -0.8 0.1 0.0999999
v -0.8 0.1 -0.1
v -0.8 0.3 0.0999999
v -0.8 0.3 -0.1
v -0.8 0.4 0.0999999
v -0.8 0.4 -0.1
v -0.7 3.6 0.0999999
v -0.7 3.6 -0.1
v -0.7 3.7 0.0999999
v -0.7 3.7 -0.1
v 0.4 0.4 0.0999999
v 0.4 0.4 -0.1
v 0.4 0.5 0.0999999
v 0.4 0.5 -0.1
v 0.4 3.6 0.0999999
v 0.4 3.6 -0.1
v 0.4 3.7 0.0999999
v 0.4 3.7 -0.1
v 0.5 3.7 0.0999999
v 0.5 3.7 -0.1
v 0.5 3.8 0.0999999
v 0.5 3.8 -0.1
v 0.6 3.8 0.0999999
v 0.6 3.8 -0.1
v 0.6 3.9 0.0999999
v 0.6 3.9 -0.1
v 0.7 3.5 0.0999999
v 0.7 3.5 -0.1
v 0.7 3.6 0.0999999
v 0.7 3.6 -0.1
v 0.9 0.4 0.0999999
v 0.9 0.4 -0.1
v 0.9 0.5 0.0999999
v 0.9 0.5 -0.1
v -0.1 0 0.0999999
v -0.1 0 -0.1
v -0.1 0.1 0.0999999
v -0.1 0.1 -0.1
v 0 0.1 0.0999999
v 0 0.1 -0.1
v 0 0.4 0.0999999
v 0 0.4 -0.1
v 0.3 0.4 0.0999999
v 0.3 0.4 -0.1
v 0.3 0.5 0.0999999
v 0.3 0.5 -0.1
v 0.3 3.6 0.0999999
v 0.3 3.6 -0.1
v 0.3 3.7 0.0999999
v 0.3 3.7 -0.1
v 0.6 3.5 0.0999999
v 0.6 3.5 -0.1
v 0.6 3.6 0.0999999
v 0.6 3.6 -0.1
v 0.7 0.4 0.0999999
v 0.7 0.4 -0.1
v 0.7 0.5 0.0999999
v 0.7 0.5 -0.1
v 0.8 3.8 0.0999999
v 0.8 3.8 -0.1
v 0.8 3.9 0.0999999
v 0.8 3.9 -0.1
v 0.9 3.7 0.0999999
v 0.9 3.7 -0.1
v 0.9 3.8 0.0999999
v 0.9 3.8 -0.1
v 1 2.6 0.0999999
v 1 2.6 -0.1
v 1 2.9 0.0999999
v 1 2.9 -0.1
v 1 3 0.0999999
v 1 3 -0.1
v 1 3.4 0.0999999
v 1 3.4 -0.1
v 1 3.6 0.0999999
v 1 3.6 -0.1
v 1 3.7 0.0999999
v 1 3.7 -0.1
v 1.1 0.4 0.0999999
v 1.1 0.4 -0.1
v 1.1 0.5 0.0999999
v 1.1 0.5 -0.1
v 1.1 2.4 0.0999999
v 1.1 2.4 -0.1
v 1.1 2.5 0.0999999
v 1.1 2.5 -0.1
v 1.1 2.6 0.0999999
v 1.1 2.6 -0.1
v 1.1 3 0.0999999
v 1.1 3 -0.1
v 1.1 3.2 0.0999999
v 1.1 3.2 -0.1
v 1.1 3.3 0.0999999
v 1.1 3.3 -0.1
v 1.1 3.4 0.0999999
v 1.1 3.4 -0.1
v 1.2 0.5 0.0999999
v 1.2 0.5 -0.1
v 1.2 0.6 0.0999999
v 1.2 0.6 -0.1
v 1.2 2.1 0.0999999
v 1.2 2.1 -0.1
v 1.2 2.2 0.0999999
v 1.2 2.2 -0.1
v 1.2 2.4 0.0999999
v 1.2 2.4 -0.1
v 1.2 3.2 0.0999999
v 1.2 3.2 -0.1
v 1.2 3.3 0.0999999
v 1.2 3.3 -0.1
v 1.3 1.9 0.0999999
v 1.3 1.9 -0.1
v 1.3 2 0.0999999
v 1.3 2 -0.1
v 1.3 2.1 0.0999999
v 1.3 2.1 -0.1
v 1.4 0.6 0.0999999
v 1.4 0.6 -0.1
v 1.4 0.7 0.0999999
v 1.4 0.7 -0.1
v 1.4 1.8 0.0999999
v 1.4 1.8 -0.1
v 1.4 1.9 0.0999999
v 1.4 1.9 -0.1
v 1.5 0.7 0.0999999
v 1.5 0.7 -0.1
v 1.5 0.8 0.0999999
v 1.5 0.8 -0.1
v 1.5 1.7 0.0999999
v 1.5 1.7 -0.1
v 1.5 1.8 0.0999999
v 1.5 1.8 -0.1
v 1.6 0.8 0.0999999
v 1.6 0.8 -0.1
v 1.6 0.9 0.0999999
v 1.6 0.9 -0.1
v 1.6 1.6 0.0999999
v 1.6 1.6 -0.1
v 1.6 1.7 0.0999999
v 1.6 1.7 -0.1
v 1.7 0.9 0.0999999
v 1.7 0.9 -0.1
v 1.7 1 0.0999999
v 1.7 1 -0.1
v 1.7 1.5 0.0999999
v 1.7 1.5 -0.1
v 1.7 1.6 0.0999999
v 1.7 1.6 -0.1
v 1.8 1 0.0999999
v 1.8 1 -0.1
v 1.8 1.2 0.0999999
v 1.8 1.2 -0.1
v 1.8 1.4 0.0999999
v 1.8 1.4 -0.1
v 1.8 1.5 0.0999999
v 1.8 1.5 -0.1
v 1.9 1.2 0.0999999
v 1.9 1.2 -0.1
v 1.9 1.4 0.0999999
v 1.9 1.4 -0.1
v -1.5 2.5 0.0999999
v -1.5 2.6 0.0999999
v -1.4 2.5 0.0999999
v -1.4 2.6 0.0999999
v -1.4 2.7 0.0999999
v -1.4 3 0.0999999
v -1.3 0.7 0.0999999
v -1.3 0.8 0.0999999
v -1.3 0.9 0.0999999
v -1.3 1 0.0999999
v -1.3 2.4 0.0999999
v -1.3 2.5 0.0999999
v -1.3 2.6 0.0999999
v -1.3 2.7 0.0999999
v -1.3 2.8 0.0999999
v -1.3 3 0.0999999
v -1.3 3.1 0.0999999
v -1.3 3.2 0.0999999
v -1.2 0.6 0.0999999
v -1.2 0.7 0.0999999
v -1.2 0.8 0.0999999
v -1.2 0.9 0.0999999
v -1.2 1 0.0999999
v -1.2 1.1 0.0999999
v -1.2 2.2 0.0999999
v -1.2 2.4 0.0999999
v -1.2 2.5 0.0999999
v -1.2 2.6 0.0999999
v -1.2 2.7 0.0999999
v -1.2 2.8 0.0999999
v -1.2 3 0.0999999
v -1.2 3.1 0.0999999
v -1.2 3.2 0.0999999
v -1.2 3.3 0.0999999
v -1.1 0.5 0.0999999
v -1.1 0.6 0.0999999
v -1.1 0.7 0.0999999
v -1.1 0.8 0.0999999
v -1.1 0.9 0.0999999
v -1.1 1 0.0999999
v -1.1 1.1 0.0999999
v -1.1 1.2 0.0999999
v -1.1 1.3 0.0999999
v -1.1 1.4 0.0999999
v -1.1 1.9 0.0999999
v -1.1 2.1 0.0999999
v -1.1 2.2 0.0999999
v -1.1 2.3 0.0999999
v -1.1 2.4 0.0999999
v -1.1 2.5 0.0999999
v -1.1 2.6 0.0999999
v -1.1 2.7 0.0999999
v -1.1 2.8 0.0999999
v -1.1 2.9 0.0999999
v -1.1 3 0.0999999
v -1.1 3.1 0.0999999
v -1.1 3.2 0.0999999
v -1.1 3.3 0.0999999
v -1.1 3.4 0.0999999
v -1 0.4 0.0999999
v -1 0.5 0.0999999
v -1 0.6 0.0999999
v -1 0.7 0.0999999
v -1 0.8 0.0999999
v -1 0.9 0.0999999
v -1 1 0.0999999
v -1 1.1 0.0999999
v -1 1.2 0.0999999
v -1 1.3 0.0999999
v -1 1.4 0.0999999
v -1 1.5 0.0999999
v -1 1.6 0.0999999
v -1 1.8 0.0999999
v -1 1.9 0.0999999
v -1 2 0.0999999
v -1 2.1 0.0999999
v -1 2.2 0.0999999
v -1 2.3 0.0999999
v -1 2.4 0.0999999
v -1 2.5 0.0999999
v -1 2.6 0.0999999
v -1 2.7 0.0999999
v -1 2.8 0.0999999
v -1 2.9 0.0999999
v -1 3 0.0999999
v -1 3.1 0.0999999
v -1 3.2 0.0999999
v -1 3.3 0.0999999
v -1 3.4 0.0999999
v -1 3.5 0.0999999
v -0.9 0.5 0.0999999
v -0.9 0.6 0.0999999
v -0.9 0.7 0.0999999
v -0.9 0.8 0.0999999
v -0.9 0.9 0.0999999
v -0.9 1 0.0999999
v -0.9 1.1 0.0999999
v -0.9 1.2 0.0999999
v -0.9 1.3 0.0999999
v -0.9 1.4 0.0999999
v -0.9 1.5 0.0999999
v -0.9 1.6 0.0999999
v -0.9 1.7 0.0999999
v -0.9 1.8 0.0999999
v -0.9 1.9 0.0999999
v -0.9 2 0.0999999
v -0.9 2.2 0.0999999
v -0.9 2.3 0.0999999
v -0.9 2.4 0.0999999
v -0.9 2.5 0.0999999
v -0.9 2.6 0.0999999
v -0.9 2.8 0.0999999
v -0.9 2.9 0.0999999
v -0.9 3 0.0999999
v -0.9 3.1 0.0999999
v -0.9 3.2 0.0999999
v -0.9 3.3 0.0999999
v -0.9 3.4 0.0999999
v -0.9 3.5 0.0999999
v -0.9 3.6 0.0999999
v -0.8 0 0.0999999
v -0.8 0.1 0.0999999
v -0.8 0.3 0.0999999
v -0.8 0.4 0.0999999
v -0.8 0.5 0.0999999
v -0.8 0.6 0.0999999
v -0.8 0.7 0.0999999
v -0.8 0.8 0.0999999
v -0.8 0.9 0.0999999
v -0.8 1 0.0999999
v -0.8 1.1 0.0999999
v -0.8 1.2 0.0999999
v -0.8 1.3 0.0999999
v -0.8 1.4 0.0999999
v -0.8 1.5 0.0999999
v -0.8 1.6 0.0999999
v -0.8 1.7 0.0999999
v -0.8 1.9 0.0999999
v -0.8 2 0.0999999
v -0.8 2.1 0.0999999
v -0.8 2.2 0.0999999
v -0.8 2.4 0.0999999
v -0.8 2.5 0.0999999
v -0.8 2.6 0.0999999
v -0.8 2.7 0.0999999
v -0.8 2.8 0.0999999
v -0.8 2.9 0.0999999
v -0.8 3 0.0999999
v -0.8 3.1 0.0999999
v -0.8 3.2 0.0999999
v -0.8 3.3 0.0999999
v -0.8 3.4 0.0999999
v -0.8 3.5 0.0999999
v -0.7 0 0.0999999
v -0.7 0.1 0.0999999
v -0.7 0.2 0.0999999
v -0.7 0.3 0.0999999
v -0.7 0.4 0.0999999
v -0.7 0.5 0.0999999
v -0.7 0.6 0.0999999
v -0.7 0.7 0.0999999
v -0.7 0.8 0.0999999
v -0.7 0.9 0.0999999
v -0.7 1 0.0999999
v -0.7 1.1 0.0999999
v -0.7 1.2 0.0999999
v -0.7 1.3 0.0999999
v -0.7 1.4 0.0999999
v -0.7 1.5 0.0999999
v -0.7 1.6 0.0999999
v -0.7 1.7 0.0999999
v -0.7 1.8 0.0999999
v -0.7 1.9 0.0999999
v -0.7 2.1 0.0999999
v -0.7 2.2 0.0999999
v -0.7 2.3 0.0999999
v -0.7 2.4 0.0999999
v -0.7 2.5 0.0999999
v -0.7 2.6 0.0999999
v -0.7 2.7 0.0999999
v -0.7 2.8 0.0999999
v -0.7 2.9 0.0999999
v -0.7 3 0.0999999
v -0.7 3.2 0.0999999
v -0.7 3.3 0.0999999
v -0.7 3.4 0.0999999
v -0.7 3.5 0.0999999
v -0.7 3.6 0.0999999
v -0.7 3.7 0.0999999
v -0.6 0.1 0.0999999
v -0.6 0.2 0.0999999
v -0.6 0.3 0.0999999
v -0.6 0.4 0.0999999
v -0.6 0.5 0.0999999
v -0.6 0.6 0.0999999
v -0.6 0.7 0.0999999
v -0.6 0.8 0.0999999
v -0.6 0.9 0.0999999
v -0.6 1 0.0999999
v -0.6 1.1 0.0999999
v -0.6 1.2 0.0999999
v -0.6 1.3 0.0999999
v -0.6 1.4 0.0999999
v -0.6 1.5 0.0999999
v -0.6 1.6 0.0999999
v -0.6 1.7 0.0999999
v -0.6 1.8 0.0999999
v -0.6 1.9 0.0999999
v -0.6 2 0.0999999
v -0.6 2.1 0.0999999
v -0.6 2.2 0.0999999
v -0.6 2.3 0.0999999
v -0.6 2.4 0.0999999
v -0.6 2.5 0.0999999
v -0.6 2.6 0.0999999
v -0.6 2.7 0.0999999
v -0.6 2.8 0.0999999
v -0.6 2.9 0.0999999
v -0.6 3.1 0.0999999
v -0.6 3.2 0.0999999
v -0.6 3.3 0.0999999
v -0.6 3.4 0.0999999
v -0.6 3.5 0.0999999
v -0.5 0 0.0999999
v -0.5 0.1 0.0999999
v -0.5 0.2 0.0999999
v -0.5 0.3 0.0999999
v -0.5 0.4 0.0999999
v -0.5 0.5 0.0999999
v -0.5 0.6 0.0999999
v -0.5 0.7 0.0999999
v -0.5 0.8 0.0999999
v -0.5 0.9 0.0999999
v -0.5 1 0.0999999
v -0.5 1.1 0.0999999
v -0.5 1.2 0.0999999
v -0.5 1.3 0.0999999
v -0.5 1.4 0.0999999
v -0.5 1.5 0.0999999
v -0.5 1.6 0.0999999
v -0.5 1.7 0.0999999
v -0.5 1.8 0.0999999
v -0.5 1.9 0.0999999
v -0.5 2 0.0999999
v -0.5 2.2 0.0999999
v -0.5 2.3 0.0999999
v -0.5 2.4 0.0999999
v -0.5 2.6 0.0999999
v -0.5 2.7 0.0999999
v -0.5 2.8 0.0999999
v -0.5 2.9 0.0999999
v -0.5 3 0.0999999
v -0.5 3.1 0.0999999
v -0.5 3.2 0.0999999
v -0.5 3.3 0.0999999
v -0.5 3.5 0.0999999
v -0.5 3.6 0.0999999
v -0.5 3.7 0.0999999
v -0.4 0 0.0999999
v -0.4 0.1 0.0999999
v -0.4 0.2 0.0999999
v -0.4 0.3 0.0999999
v -0.4 0.4 0.0999999
v -0.4 0.5 0.0999999
v -0.4 0.6 0.0999999
v -0.4 0.7 0.0999999
v -0.4 0.8 0.0999999
v -0.4 0.9 0.0999999
v -0.4 1 0.0999999
v -0.4 1.1 0.0999999
v -0.4 1.2 0.0999999
v -0.4 1.3 0.0999999
v -0.4 1.4 0.0999999
v -0.4 1.5 0.0999999
v -0.4 1.6 0.0999999
v -0.4 1.7 0.0999999
v -0.4 1.8 0.0999999
v -0.4 1.9 0.0999999
v -0.4 2 0.0999999
v -0.4 2.2 0.0999999
v -0.4 2.4 0.0999999
v -0.4 2.6 0.0999999
v -0.4 2.8 0.0999999
v -0.4 2.9 0.0999999
v -0.4 3 0.0999999
v -0.4 3.1 0.0999999
v -0.4 3.2 0.0999999
v -0.4 3.4 0.0999999
v -0.4 3.6 0.0999999
v -0.4 3.7 0.0999999
v -0.3 0 0.0999999
v -0.3 0.1 0.0999999
v -0.3 0.2 0.0999999
v -0.3 0.3 0.0999999
v -0.3 0.4 0.0999999
v -0.3 0.5 0.0999999
v -0.3 0.6 0.0999999
v -0.3 0.7 0.0999999
v -0.3 0.8 0.0999999
v -0.3 0.9 0.0999999
v -0.3 1 0.0999999
v -0.3 1.1 0.0999999
v -0.3 1.2 0.0999999
v -0.3 1.3 0.0999999
v -0.3 1.4 0.0999999
v -0.3 1.5 0.0999999
v -0.3 1.6 0.0999999
v -0.3 1.7 0.0999999
v -0.3 1.8 0.0999999
v -0.3 1.9 0.0999999
v -0.3 2 0.0999999
v -0.3 2.2 0.0999999
v -0.3 2.3 0.0999999
v -0.3 2.4 0.0999999
v -0.3 2.6 0.0999999
v -0.3 2.7 0.0999999
v -0.3 2.8 0.0999999
v -0.3 2.9 0.0999999
v -0.3 3 0.0999999
v -0.3 3.2 0.0999999
v -0.3 3.3 0.0999999
v -0.3 3.4 0.0999999
v -0.3 3.5 0.0999999
v -0.3 3.6 0.0999999
v -0.3 3.7 0.0999999
v -0.2 0.2 0.0999999
v -0.2 0.3 0.0999999
v -0.2 0.4 0.0999999
v -0.2 0.5 0.0999999
v -0.2 0.6 0.0999999
v -0.2 0.7 0.0999999
v -0.2 0.8 0.0999999
v -0.2 0.9 0.0999999
v -0.2 1 0.0999999
v -0.2 1.1 0.0999999
v -0.2 1.2 0.0999999
v -0.2 1.3 0.0999999
v -0.2 1.4 0.0999999
v -0.2 1.5 0.0999999
v -0.2 1.6 0.0999999
v -0.2 1.7 0.0999999
v -0.2 1.8 0.0999999
v -0.2 1.9 0.0999999
v -0.2 2 0.0999999
v -0.2 2.1 0.0999999
v -0.2 2.2 0.0999999
v -0.2 2.3 0.0999999
v -0.2 2.4 0.0999999
v -0.2 2.5 0.0999999
v -0.2 2.6 0.0999999
v -0.2 2.7 0.0999999
v -0.2 3 0.0999999
v -0.2 3.2 0.0999999
v -0.2 3.3 0.0999999
v -0.2 3.5 0.0999999
v -0.2 3.6 0.0999999
v -0.2 3.7 0.0999999
v -0.1 0 0.0999999
v -0.1 0.1 0.0999999
v -0.1 0.3 0.0999999
v -0.1 0.4 0.0999999
v -0.1 0.5 0.0999999
v -0.1 0.6 0.0999999
v -0.1 0.7 0.0999999
v -0.1 0.8 0.0999999
v -0.1 0.9 0.0999999
v -0.1 1 0.0999999
v -0.1 1.1 0.0999999
v -0.1 1.2 0.0999999
v -0.1 1.3 0.0999999
v -0.1 1.4 0.0999999
v -0.1 1.5 0.0999999
v -0.1 1.6 0.0999999
v -0.1 1.7 0.0999999
v -0.1 1.8 0.0999999
v -0.1 1.9 0.0999999
v -0.1 2.1 0.0999999
v -0.1 2.3 0.0999999
v -0.1 2.4 0.0999999
v -0.1 2.5 0.0999999
v -0.1 2.7 0.0999999
v -0.1 2.8 0.0999999
v -0.1 2.9 0.0999999
v -0.1 3 0.0999999
v -0.1 3.1 0.0999999
v -0.1 3.2 0.0999999
v -0.1 3.3 0.0999999
v -0.1 3.4 0.0999999
v -0.1 3.5 0.0999999
v 0 0.1 0.0999999
v 0 0.4 0.0999999
v 0 0.5 0.0999999
v 0 0.6 0.0999999
v 0 0.7 0.0999999
v 0 0.8 0.0999999
v 0 0.9 0.0999999
v 0 1 0.0999999
v 0 1.2 0.0999999
v 0 1.3 0.0999999
v 0 1.5 0.0999999
v 0 1.6 0.0999999
v 0 1.7 0.0999999
v 0 1.8 0.0999999
v 0 1.9 0.0999999
v 0 2 0.0999999
v 0 2.1 0.0999999
v 0 2.2 0.0999999
v 0 2.3 0.0999999
v 0 2.4 0.0999999
v 0 2.5 0.0999999
v 0 2.8 0.0999999
v 0 2.9 0.0999999
v 0 3 0.0999999
v 0 3.1 0.0999999
v 0 3.2 0.0999999
v 0 3.3 0.0999999
v 0 3.4 0.0999999
v 0 3.5 0.0999999
v 0 3.6 0.0999999
v 0 3.7 0.0999999
v 0.1 0.4 0.0999999
v 0.1 0.5 0.0999999
v 0.1 1.1 0.0999999
v 0.1 1.2 0.0999999
v 0.1 1.3 0.0999999
v 0.1 1.5 0.0999999
v 0.1 1.6 0.0999999
v 0.1 1.7 0.0999999
v 0.1 1.8 0.0999999
v 0.1 1.9 0.0999999
v 0.1 2 0.0999999
v 0.1 2.1 0.0999999
v 0.1 2.2 0.0999999
v 0.1 2.3 0.0999999
v 0.1 2.5 0.0999999
v 0.1 2.8 0.0999999
v 0.1 3 0.0999999
v 0.1 3.1 0.0999999
v 0.1 3.2 0.0999999
v 0.1 3.3 0.0999999
v 0.1 3.4 0.0999999
v 0.1 3.5 0.0999999
v 0.1 3.6 0.0999999
v 0.2 0.5 0.0999999
v 0.2 0.6 0.0999999
v 0.2 0.7 0.0999999
v 0.2 0.8 0.0999999
v 0.2 0.9 0.0999999
v 0.2 1 0.0999999
v 0.2 1.1 0.0999999
v 0.2 1.2 0.0999999
v 0.2 1.3 0.0999999
v 0.2 1.4 0.0999999
v 0.2 1.5 0.0999999
v 0.2 1.7 0.0999999
v 0.2 1.9 0.0999999
v 0.2 2 0.0999999
v 0.2 2.2 0.0999999
v 0.2 2.3 0.0999999
v 0.2 2.4 0.0999999
v 0.2 2.5 0.0999999
v 0.2 2.6 0.0999999
v 0.2 2.7 0.0999999
v 0.2 2.8 0.0999999
v 0.2 3 0.0999999
v 0.2 3.1 0.0999999
v 0.2 3.2 0.0999999
v 0.2 3.3 0.0999999
v 0.2 3.4 0.0999999
v 0.2 3.5 0.0999999
v 0.3 0.4 0.0999999
v 0.3 0.5 0.0999999
v 0.3 0.6 0.0999999
v 0.3 0.7 0.0999999
v 0.3 0.8 0.0999999
v 0.3 0.9 0.0999999
v 0.3 1 0.0999999
v 0.3 1.1 0.0999999
v 0.3 1.2 0.0999999
v 0.3 1.3 0.0999999
v 0.3 1.4 0.0999999
v 0.3 1.7 0.0999999
v 0.3 1.9 0.0999999
v 0.3 2 0.0999999
v 0.3 2.1 0.0999999
v 0.3 2.2 0.0999999
v 0.3 2.3 0.0999999
v 0.3 2.4 0.0999999
v 0.3 2.5 0.0999999
v 0.3 2.6 0.0999999
v 0.3 2.7 0.0999999
v 0.3 2.8 0.0999999
v 0.3 2.9 0.0999999
v 0.3 3 0.0999999
v 0.3 3.1 0.0999999
v 0.3 3.2 0.0999999
v 0.3 3.3 0.0999999
v 0.3 3.5 0.0999999
v 0.3 3.6 0.0999999
v 0.3 3.7 0.0999999
v 0.4 0.4 0.0999999
v 0.4 0.5 0.0999999
v 0.4 0.6 0.0999999
v 0.4 0.7 0.0999999
v 0.4 0.9 0.0999999
v 0.4 1 0.0999999
v 0.4 1.3 0.0999999
v 0.4 1.4 0.0999999
v 0.4 1.6 0.0999999
v 0.4 1.7 0.0999999
v 0.4 1.9 0.0999999
v 0.4 2 0.0999999
v 0.4 2.1 0.0999999
v 0.4 2.3 0.0999999
v 0.4 2.4 0.0999999
v 0.4 2.5 0.0999999
v 0.4 2.6 0.0999999
v 0.4 2.7 0.0999999
v 0.4 2.8 0.0999999
v 0.4 2.9 0.0999999
v 0.4 3 0.0999999
v 0.4 3.1 0.0999999
v 0.4 3.2 0.0999999
v 0.4 3.3 0.0999999
v 0.4 3.4 0.0999999
v 0.4 3.5 0.0999999
v 0.4 3.6 0.0999999
v 0.4 3.7 0.0999999
v 0.5 0.6 0.0999999
v 0.5 0.7 0.0999999
v 0.5 1 0.0999999
v 0.5 1.2 0.0999999
v 0.5 1.3 0.0999999
v 0.5 1.5 0.0999999
v 0.5 1.6 0.0999999
v 0.5 1.7 0.0999999
v 0.5 1.8 0.0999999
v 0.5 1.9 0.0999999
v 0.5 2 0.0999999
v 0.5 2.1 0.0999999
v 0.5 2.4 0.0999999
v 0.5 2.5 0.0999999
v 0.5 2.6 0.0999999
v 0.5 2.7 0.0999999
v 0.5 2.9 0.0999999
v 0.5 3 0.0999999
v 0.5 3.1 0.0999999
v 0.5 3.2 0.0999999
v 0.5 3.3 0.0999999
v 0.5 3.4 0.0999999
v 0.5 3.5 0.0999999
v 0.5 3.6 0.0999999
v 0.5 3.7 0.0999999
v 0.5 3.8 0.0999999
v 0.6 0.5 0.0999999
v 0.6 0.6 0.0999999
v 0.6 0.7 0.0999999
v 0.6 0.8 0.0999999
v 0.6 0.9 0.0999999
v 0.6 1 0.0999999
v 0.6 1.2 0.0999999
v 0.6 1.3 0.0999999
v 0.6 1.4 0.0999999
v 0.6 1.5 0.0999999
v 0.6 1.6 0.0999999
v 0.6 1.7 0.0999999
v 0.6 1.8 0.0999999
v 0.6 1.9 0.0999999
v 0.6 2 0.0999999
v 0.6 2.1 0.0999999
v 0.6 2.2 0.0999999
v 0.6 2.4 0.0999999
v 0.6 2.6 0.0999999
v 0.6 2.7 0.0999999
v 0.6 2.8 0.0999999
v 0.6 2.9 0.0999999
v 0.6 3 0.0999999
v 0.6 3.1 0.0999999
v 0.6 3.2 0.0999999
v 0.6 3.3 0.0999999
v 0.6 3.4 0.0999999
v 0.6 3.5 0.0999999
v 0.6 3.6 0.0999999
v 0.6 3.7 0.0999999
v 0.6 3.8 0.0999999
v 0.6 3.9 0.0999999
v 0.7 0.4 0.0999999
v 0.7 0.5 0.0999999
v 0.7 0.6 0.0999999
v 0.7 0.7 0.0999999
v 0.7 0.8 0.0999999
v 0.7 0.9 0.0999999
v 0.7 1 0.0999999
v 0.7 1.2 0.0999999
v 0.7 1.4 0.0999999
v 0.7 1.5 0.0999999
v 0.7 1.7 0.0999999
v 0.7 1.8 0.0999999
v 0.7 1.9 0.0999999
v 0.7 2 0.0999999
v 0.7 2.2 0.0999999
v 0.7 2.4 0.0999999
v 0.7 2.6 0.0999999
v 0.7 2.7 0.0999999
v 0.7 2.8 0.0999999
v 0.7 2.9 0.0999999
v 0.7 3 0.0999999
v 0.7 3.1 0.0999999
v 0.7 3.2 0.0999999
v 0.7 3.3 0.0999999
v 0.7 3.4 0.0999999
v 0.7 3.5 0.0999999
v 0.7 3.6 0.0999999
v 0.8 0.6 0.0999999
v 0.8 0.7 0.0999999
v 0.8 0.8 0.0999999
v 0.8 0.9 0.0999999
v 0.8 1 0.0999999
v 0.8 1.2 0.0999999
v 0.8 1.4 0.0999999
v 0.8 1.5 0.0999999
v 0.8 1.7 0.0999999
v 0.8 1.8 0.0999999
v 0.8 1.9 0.0999999
v 0.8 2 0.0999999
v 0.8 2.2 0.0999999
v 0.8 2.3 0.0999999
v 0.8 2.6 0.0999999
v 0.8 2.7 0.0999999
v 0.8 2.9 0.0999999
v 0.8 3 0.0999999
v 0.8 3.1 0.0999999
v 0.8 3.2 0.0999999
v 0.8 3.3 0.0999999
v 0.8 3.4 0.0999999
v 0.8 3.5 0.0999999
v 0.8 3.7 0.0999999
v 0.8 3.8 0.0999999
v 0.8 3.9 0.0999999
v 0.9 0.4 0.0999999
v 0.9 0.5 0.0999999
v 0.9 0.6 0.0999999
v 0.9 0.7 0.0999999
v 0.9 0.8 0.0999999
v 0.9 1 0.0999999
v 0.9 1.1 0.0999999
v 0.9 1.2 0.0999999
v 0.9 1.3 0.0999999
v 0.9 1.4 0.0999999
v 0.9 1.5 0.0999999
v 0.9 1.6 0.0999999
v 0.9 1.7 0.0999999
v 0.9 1.8 0.0999999
v 0.9 1.9 0.0999999
v 0.9 2 0.0999999
v 0.9 2.2 0.0999999
v 0.9 2.3 0.0999999
v 0.9 2.5 0.0999999
v 0.9 2.6 0.0999999
v 0.9 2.8 0.0999999
v 0.9 2.9 0.0999999
v 0.9 3 0.0999999
v 0.9 3.1 0.0999999
v 0.9 3.2 0.0999999
v 0.9 3.3 0.0999999
v 0.9 3.4 0.0999999
v 0.9 3.5 0.0999999
v 0.9 3.6 0.0999999
v 0.9 3.7 0.0999999
v 0.9 3.8 0.0999999
v 1 0.5 0.0999999
v 1 0.6 0.0999999
v 1 0.7 0.0999999
v 1 0.8 0.0999999
v 1 0.9 0.0999999
v 1 1 0.0999999
v 1 1.1 0.0999999
v 1 1.2 0.0999999
v 1 1.3 0.0999999
v 1 1.4 0.0999999
v 1 1.5 0.0999999
v 1 1.6 0.0999999
v 1 1.7 0.0999999
v 1 1.8 0.0999999
v 1 1.9 0.0999999
v 1 2 0.0999999
v 1 2.1 0.0999999
v 1 2.3 0.0999999
v 1 2.4 0.0999999
v 1 2.5 0.0999999
v 1 2.6 0.0999999
v 1 2.9 0.0999999
v 1 3 0.0999999
v 1 3.2 0.0999999
v 1 3.3 0.0999999
v 1 3.4 0.0999999
v 1 3.6 0.0999999
v 1 3.7 0.0999999
v 1.1 0.4 0.0999999
v 1.1 0.5 0.0999999
v 1.1 0.6 0.0999999
v 1.1 0.7 0.0999999
v 1.1 0.9 0.0999999
v 1.1 1.1 0.0999999
v 1.1 1.2 0.0999999
v 1.1 1.3 0.0999999
v 1.1 1.4 0.0999999
v 1.1 1.5 0.0999999
v 1.1 1.6 0.0999999
v 1.1 1.7 0.0999999
v 1.1 1.8 0.0999999
v 1.1 1.9 0.0999999
v 1.1 2 0.0999999
v 1.1 2.1 0.0999999
v 1.1 2.2 0.0999999
v 1.1 2.3 0.0999999
v 1.1 2.4 0.0999999
v 1.1 2.5 0.0999999
v 1.1 2.6 0.0999999
v 1.1 3 0.0999999
v 1.1 3.2 0.0999999
v 1.1 3.3 0.0999999
v 1.1 3.4 0.0999999
v 1.2 0.5 0.0999999
v 1.2 0.6 0.0999999
v 1.2 0.7 0.0999999
v 1.2 0.9 0.0999999
v 1.2 1.1 0.0999999
v 1.2 1.2 0.0999999
v 1.2 1.4 0.0999999
v 1.2 1.5 0.0999999
v 1.2 1.6 0.0999999
v 1.2 1.7 0.0999999
v 1.2 1.8 0.0999999
v 1.2 1.9 0.0999999
v 1.2 2 0.0999999
v 1.2 2.1 0.0999999
v 1.2 2.2 0.0999999
v 1.2 2.4 0.0999999
v 1.2 3.2 0.0999999
v 1.2 3.3 0.0999999
v 1.3 0.8 0.0999999
v 1.3 0.9 0.0999999
v 1.3 1.1 0.0999999
v 1.3 1.2 0.0999999
v 1.3 1.3 0.0999999
v 1.3 1.4 0.0999999
v 1.3 1.5 0.0999999
v 1.3 1.6 0.0999999
v 1.3 1.7 0.0999999
v 1.3 1.8 0.0999999
v 1.3 1.9 0.0999999
v 1.3 2 0.0999999
v 1.3 2.1 0.0999999
v 1.4 0.6 0.0999999
v 1.4 0.7 0.0999999
v 1.4 0.8 0.0999999
v 1.4 0.9 0.0999999
v 1.4 1 0.0999999
v 1.4 1.1 0.0999999
v 1.4 1.3 0.0999999
v 1.4 1.4 0.0999999
v 1.4 1.5 0.0999999
v 1.4 1.6 0.0999999
v 1.4 1.7 0.0999999
v 1.4 1.8 0.0999999
v 1.4 1.9 0.0999999
v 1.5 0.7 0.0999999
v 1.5 0.8 0.0999999
v 1.5 0.9 0.0999999
v 1.5 1 0.0999999
v 1.5 1.1 0.0999999
v 1.5 1.2 0.0999999
v 1.5 1.3 0.0999999
v 1.5 1.4 0.0999999
v 1.5 1.5 0.0999999
v 1.5 1.6 0.0999999
v 1.5 1.7 0.0999999
v 1.5 1.8 0.0999999
v 1.6 0.8 0.0999999
v 1.6 0.9 0.0999999
v 1.6 1 0.0999999
v 1.6 1.1 0.0999999
v 1.6 1.2 0.0999999
v 1.6 1.3 0.0999999
v 1.6 1.4 0.0999999
v 1.6 1.5 0.0999999
v 1.6 1.6 0.0999999
v 1.6 1.7 0.0999999
v 1.7 0.9 0.0999999
v 1.7 1 0.0999999
v 1.7 1.1 0.0999999
v 1.7 1.3 0.0999999
v 1.7 1.4 0.0999999
v 1.7 1.5 0.0999999
v 1.7 1.6 0.0999999
v 1.8 1 0.0999999
v 1.8 1.2 0.0999999
v 1.8 1.3 0.0999999
v 1.8 1.4 0.0999999
v 1.8 1.5 0.0999999
v 1.9 1.2 0.0999999
v 1.9 1.4 0.0999999
v -1.5 2.5 -0.1
v -1.5 2.6 -0.1
v -1.4 2.5 -0.1
v -1.4 2.6 -0.1
v -1.4 2.7 -0.1
v -1.4 3 -0.1
v -1.3 0.7 -0.1
v -1.3 0.8 -0.1
v -1.3 0.9 -0.1
v -1.3 1 -0.1
v -1.3 2.4 -0.1
v -1.3 2.5 -0.1
v -1.3 2.6 -0.1
v -1.3 2.7 -0.1
v -1.3 2.8 -0.1
v -1.3 3 -0.1
v -1.3 3.1 -0.1
v -1.3 3.2 -0.1
v -1.2 0.6 -0.1
v -1.2 0.7 -0.1
v -1.2 0.8 -0.1
v -1.2 0.9 -0.1
v -1.2 1 -0.1
v -1.2 1.1 -0.1
v -1.2 2.2 -0.1
v -1.2 2.4 -0.1
v -1.2 2.5 -0.1
v -1.2 2.6 -0.1
v -1.2 2.7 -0.1
v -1.2 2.8 -0.1
v -1.2 3 -0.1
v -1.2 3.1 -0.1
v -1.2 3.2 -0.1
v -1.2 3.3 -0.1
v -1.1 0.5 -0.1
v -1.1 0.6 -0.1
v -1.1 0.7 -0.1
v -1.1 0.8 -0.1
v -1.1 0.9 -0.1
v -1.1 1 -0.1
v -1.1 1.1 -0.1
v -1.1 1.2 -0.1
v -1.1 1.3 -0.1
v -1.1 1.4 -0.1
v -1.1 1.9 -0.1
v -1.1 2.1 -0.1
v -1.1 2.2 -0.1
v -1.1 2.3 -0.1
v -1.1 2.4 -0.1
v -1.1 2.5 -0.1
v -1.1 2.6 -0.1
v -1.1 2.7 -0.1
v -1.1 2.8 -0.1
v -1.1 2.9 -0.1
v -1.1 3 -0.1
v -1.1 3.1 -0.1
v -1.1 3.2 -0.1
v -1.1 3.3 -0.1
v -1.1 3.4 -0.1
v -1 0.4 -0.1
v -1 0.5 -0.1
v -1 0.6 -0.1
v -1 0.7 -0.1
v -1 0.8 -0.1
v -1 0.9 -0.1
v -1 1 -0.1
v -1 1.1 -0.1
v -1 1.2 -0.1
v -1 1.3 -0.1
v -1 1.4 -0.1
v -1 1.5 -0.1
v -1 1.6 -0.1
v -1 1.8 -0.1
v -1 1.9 -0.1
v -1 2 -0.1
v -1 2.1 -0.1
v -1 2.2 -0.1
v -1 2.3 -0.1
v -1 2.4 -0.1
v -1 2.5 -0.1
v -1 2.6 -0.1
v -1 2.7 -0.1
v -1 2.8 -0.1
v -1 2.9 -0.1
v -1 3 -0.1
v -1 3.1 -0.1
v -1 3.2 -0.1
v -1 3.3 -0.1
v -1 3.4 -0.1
v -1 3.5 -0.1
v -0.9 0.5 -0.1
v -0.9 0.6 -0.1
v -0.9 0.7 -0.1
v -0.9 0.8 -0.1
v -0.9 0.9 -0.1
v -0.9 1 -0.1
v -0.9 1.1 -0.1
v -0.9 1.2 -0.1
v -0.9 1.3 -0.1
v -0.9 1.4 -0.1
v -0.9 1.5 -0.1
v -0.9 1.6 -0.1
v -0.9 1.7 -0.1
v -0.9 1.8 -0.1
v -0.9 1.9 -0.1
v -0.9 2 -0.1
v -0.9 2.2 -0.1
v -0.9 2.3 -0.1
v -0.9 2.4 -0.1
v -0.9 2.5 -0.1
v -0.9 2.6 -0.1
v -0.9 2.8 -0.1
v -0.9 2.9 -0.1
v -0.9 3 -0.1
v -0.9 3.1 -0.1
v -0.9 3.2 -0.1
v -0.9 3.3 -0.1
v -0.9 3.4 -0.1
v -0.9 3.5 -0.1
v -0.9 3.6 -0.1
v -0.8 0 -0.1
v -0.8 0.1 -0.1
v -0.8 0.3 -0.1
v -0.8 0.4 -0.1
v -0.8 0.5 -0.1
v -0.8 0.6 -0.1
v -0.8 0.7 -0.1
v -0.8 0.8 -0.1
v -0.8 0.9 -0.1
v -0.8 1 -0.1
v -0.8 1.1 -0.1
v -0.8 1.2 -0.1
v -0.8 1.3 -0.1
v -0.8 1.4 -0.1
v -0.8 1.5 -0.1
v -0.8 1.6 -0.1
v -0.8 1.7 -0.1
v -0.8 1.9 -0.1
v -0.8 2 -0.1
v -0.8 2.1 -0.1
v -0.8 2.2 -0.1
v -0.8 2.4 -0.1
v -0.8 2.5 -0.1
v -0.8 2.6 -0.1
v -0.8 2.7 -0.1
v -0.8 2.8 -0.1
v -0.8 2.9 -0.1
v -0.8 3 -0.1
v -0.8 3.1 -0.1
v -0.8 3.2 -0.1
v -0.8 3.3 -0.1
v -0.8 3.4 -0.1
v -0.8 3.5 -0.1
v -0.7 0 -0.1
v -0.7 0.1 -0.1
v -0.7 0.2 -0.1
v -0.7 0.3 -0.1
v -0.7 0.4 -0.1
v -0.7 0.5 -0.1
v -0.7 0.6 -0.1
v -0.7 0.7 -0.1
v -0.7 0.8 -0.1
v -0.7 0.9 -0.1
v -0.7 1 -0.1
v -0.7 1.1 -0.1
v -0.7 1.2 -0.1
v -0.7 1.3 -0.1
v -0.7 1.4 -0.1
v -0.7 1.5 -0.1
v -0.7 1.6 -0.1
v -0.7 1.7 -0.1
v -0.7 1.8 -0.1
v -0.7 1.9 -0.1
v -0.7 2.1 -0.1
v -0.7 2.2 -0.1
v -0.7 2.3 -0.1
v -0.7 2.4 -0.1
v -0.7 2.5 -0.1
v -0.7 2.6 -0.1
v -0.7 2.7 -0.1
v -0.7 2.8 -0.1
v -0.7 2.9 -0.1
v -0.7 3 -0.1
v -0.7 3.2 -0.1
v -0.7 3.3 -0.1
v -0.7 3.4 -0.1
v -0.7 3.5 -0.1
v -0.7 3.6 -0.1
v -0.7 3.7 -0.1
v -0.6 0.1 -0.1
v -0.6 0.2 -0.1
v -0.6 0.3 -0.1
v -0.6 0.4 -0.1
v -0.6 0.5 -0.1
v -0.6 0.6 -0.1
v -0.6 0.7 -0.1
v -0.6 0.8 -0.1
v -0.6 0.9 -0.1
v -0.6 1 -0.1
v -0.6 1.1 -0.1
v -0.6 1.2 -0.1
v -0.6 1.3 -0.1
v -0.6 1.4 -0.1
v -0.6 1.5 -0.1
v -0.6 1.6 -0.1
v -0.6 1.7 -0.1
v -0.6 1.8 -0.1
v -0.6 1.9 -0.1
v -0.6 2 -0.1
v -0.6 2.1 -0.1
v -0.6 2.2 -0.1
v -0.6 2.3 -0.1
v -0.6 2.4 -0.1
v -0.6 2.5 -0.1
v -0.6 2.6 -0.1
v -0.6 2.7 -0.1
v -0.6 2.8 -0.1
v -0.6 2.9 -0.1
v -0.6 3.1 -0.1
v -0.6 3.2 -0.1
v -0.6 3.3 -0.1
v -0.6 3.4 -0.1
v -0.6 3.5 -0.1
v -0.5 0 -0.1
v -0.5 0.1 -0.1
v -0.5 0.2 -0.1
v -0.5 0.3 -0.1
v -0.5 0.4 -0.1
v -0.5 0.5 -0.1
v -0.5 0.6 -0.1
v -0.5 0.7 -0.1
v -0.5 0.8 -0.1
v -0.5 0.9 -0.1
v -0.5 1 -0.1
v -0.5 1.1 -0.1
v -0.5 1.2 -0.1
v -0.5 1.3 -0.1
v -0.5 1.4 -0.1
v -0.5 1.5 -0.1
v -0.5 1.6 -0.1
v -0.5 1.7 -0.1
v -0.5 1.8 -0.1
v -0.5 1.9 -0.1
v -0.5 2 -0.1
v -0.5 2.2 -0.1
v -0.5 2.3 -0.1
v -0.5 2.4 -0.1
v -0.5 2.6 -0.1
v -0.5 2.7 -0.1
v -0.5 2.8 -0.1
v -0.5 2.9 -0.1
v -0.5 3 -0.1
v -0.5 3.1 -0.1
v -0.5 3.2 -0.1
v -0.5 3.3 -0.1
v -0.5 3.5 -0.1
v -0.5 3.6 -0.1
v -0.5 3.7 -0.1
v -0.4 0 -0.1
v -0.4 0.1 -0.1
v -0.4 0.2 -0.1
v -0.4 0.3 -0.1
v -0.4 0.4 -0.1
v -0.4 0.5 -0.1
v -0.4 0.6 -0.1
v -0.4 0.7 -0.1
v -0.4 0.8 -0.1
v -0.4 0.9 -0.1
v -0.4 1 -0.1
v -0.4 1.1 -0.1
v -0.4 1.2 -0.1
v -0.4 1.3 -0.1
v -0.4 1.4 -0.1
v -0.4 1.5 -0.1
v -0.4 1.6 -0.1
v -0.4 1.7 -0.1
v -0.4 1.8 -0.1
v -0.4 1.9 -0.1
v -0.4 2 -0.1
v -0.4 2.2 -0.1
v -0.4 2.4 -0.1
v -0.4 2.6 -0.1
v -0.4 2.8 -0.1
v -0.4 2.9 -0.1
v -0.4 3 -0.1
v -0.4 3.1 -0.1
v -0.4 3.2 -0.1
v -0.4 3.4 -0.1
v -0.4 3.6 -0.1
v -0.4 3.7 -0.1
v -0.3 0 -0.1
v -0.3 0.1 -0.1
v -0.3 0.2 -0.1
v -0.3 0.3 -0.1
v -0.3 0.4 -0.1
v -0.3 0.5 -0.1
v -0.3 0.6 -0.1
v -0.3 0.7 -0.1
v -0.3 0.8 -0.1
v -0.3 0.9 -0.1
v -0.3 1 -0.1
v -0.3 1.1 -0.1
v -0.3 1.2 -0.1
v -0.3 1.3 -0.1
v -0.3 1.4 -0.1
v -0.3 1.5 -0.1
v -0.3 1.6 -0.1
v -0.3 1.7 -0.1
v -0.3 1.8 -0.1
v -0.3 1.9 -0.1
v -0.3 2 -0.1
v -0.3 2.2 -0.1
v -0.3 2.3 -0.1
v -0.3 2.4 -0.1
v -0.3 2.6 -0.1
v -0.3 2.7 -0.1
v -0.3 2.8 -0.1
v -0.3 2.9 -0.1
v -0.3 3 -0.1
v -0.3 3.2 -0.1
v -0.3 3.3 -0.1
v -0.3 3.4 -0.1
v -0.3 3.5 -0.1
v -0.3 3.6 -0.1
v -0.3 3.7 -0.1
v -0.2 0.2 -0.1
v -0.2 0.3 -0.1
v -0.2 0.4 -0.1
v -0.2 0.5 -0.1
v -0.2 0.6 -0.1
v -0.2 0.7 -0.1
v -0.2 0.8 -0.1
v -0.2 0.9 -0.1
v -0.2 1 -0.1
v -0.2 1.1 -0.1
v -0.2 1.2 -0.1
v -0.2 1.3 -0.1
v -0.2 1.4 -0.1
v -0.2 1.5 -0.1
v -0.2 1.6 -0.1
v -0.2 1.7 -0.1
v -0.2 1.8 -0.1
v -0.2 1.9 -0.1
v -0.2 2 -0.1
v -0.2 2.1 -0.1
v -0.2 2.2 -0.1
v -0.2 2.3 -0.1
v -0.2 2.4 -0.1
v -0.2 2.5 -0.1
v -0.2 2.6 -0.1
v -0.2 2.7 -0.1
v -0.2 3 -0.1
v -0.2 3.2 -0.1
v -0.2 3.3 -0.1
v -0.2 3.5 -0.1
v -0.2 3.6 -0.1
v -0.2 3.7 -0.1
v -0.1 0 -0.1
v -0.1 0.1 -0.1
v -0.1 0.3 -0.1
v -0.1 0.4 -0.1
v -0.1 0.5 -0.1
v -0.1 0.6 -0.1
v -0.1 0.7 -0.1
v -0.1 0.8 -0.1
v -0.1 0.9 -0.1
v -0.1 1 -0.1
v -0.1 1.1 -0.1
v -0.1 1.2 -0.1
v -0.1 1.3 -0.1
v -0.1 1.4 -0.1
v -0.1 1.5 -0.1
v -0.1 1.6 -0.1
v -0.1 1.7 -0.1
v -0.1 1.8 -0.1
v -0.1 1.9 -0.1
v -0.1 2.1 -0.1
v -0.1 2.3 -0.1
v -0.1 2.4 -0.1
v -0.1 2.5 -0.1
v -0.1 2.7 -0.1
v -0.1 2.8 -0.1
v -0.1 2.9 -0.1
v -0.1 3 -0.1
v -0.1 3.1 -0.1
v -0.1 3.2 -0.1
v -0.1 3.3 -0.1
v -0.1 3.4 -0.1
v -0.1 3.5 -0.1
v 0 0.1 -0.1
v 0 0.4 -0.1
v 0 0.5 -0.1
v 0 0.6 -0.1
v 0 0.7 -0.1
v 0 0.8 -0.1
v 0 0.9 -0.1
v 0 1 -0.1
v 0 1.2 -0.1
v 0 1.3 -0.1
v 0 1.5 -0.1
v 0 1.6 -0.1
v 0 1.7 -0.1
v 0 1.8 -0.1
v 0 1.9 -0.1
v 0 2 -0.1
v 0 2.1 -0.1
v 0 2.2 -0.1
v 0 2.3 -0.1
v 0 2.4 -0.1
v 0 2.5 -0.1
v 0 2.8 -0.1
v 0 2.9 -0.1
v 0 3 -0.1
v 0 3.1 -0.1
v 0 3.2 -0.1
v 0 3.3 -0.1
v 0 3.4 -0.1
v 0 3.5 -0.1
v 0 3.6 -0.1
v 0 3.7 -0.1
v 0.1 0.4 -0.1
v 0.1 0.5 -0.1
v 0.1 1.1 -0.1
v 0.1 1.2 -0.1
v 0.1 1.3 -0.1
v 0.1 1.5 -0.1
v 0.1 1.6 -0.1
v 0.1 1.7 -0.1
v 0.1 1.8 -0.1
v 0.1 1.9 -0.1
v 0.1 2 -0.1
v 0.1 2.1 -0.1
v 0.1 2.2 -0.1
v 0.1 2.3 -0.1
v 0.1 2.5 -0.1
v 0.1 2.8 -0.1
v 0.1 3 -0.1
v 0.1 3.1 -0.1
v 0.1 3.2 -0.1
v 0.1 3.3 -0.1
v 0.1 3.4 -0.1
v 0.1 3.5 -0.1
v 0.1 3.6 -0.1
v 0.2 0.5 -0.1
v 0.2 0.6 -0.1
v 0.2 0.7 -0.1
v 0.2 0.8 -0.1
v 0.2 0.9 -0.1
v 0.2 1 -0.1
v 0.2 1.1 -0.1
v 0.2 1.2 -0.1
v 0.2 1.3 -0.1
v 0.2 1.4 -0.1
v 0.2 1.5 -0.1
v 0.2 1.7 -0.1
v 0.2 1.9 -0.1
v 0.2 2 -0.1
v 0.2 2.2 -0.1
v 0.2 2.3 -0.1
v 0.2 2.4 -0.1
v 0.2 2.5 -0.1
v 0.2 2.6 -0.1
v 0.2 2.7 -0.1
v 0.2 2.8 -0.1
v 0.2 3 -0.1
v 0.2 3.1 -0.1
v 0.2 3.2 -0.1
v 0.2 3.3 -0.1
v 0.2 3.4 -0.1
v 0.2 3.5 -0.1
v 0.3 0.4 -0.1
v 0.3 0.5 -0.1
v 0.3 0.6 -0.1
v 0.3 0.7 -0.1
v 0.3 0.8 -0.1
v 0.3 0.9 -0.1
v 0.3 1 -0.1
v 0.3 1.1 -0.1
v 0.3 1.2 -0.1
v 0.3 1.3 -0.1
v 0.3 1.4 -0.1
v 0.3 1.7 -0.1
v 0.3 1.9 -0.1
v 0.3 2 -0.1
v 0.3 2.1 -0.1
v 0.3 2.2 -0.1
v 0.3 2.3 -0.1
v 0.3 2.4 -0.1
v 0.3 2.5 -0.1
v 0.3 2.6 -0.1
v 0.3 2.7 -0.1
v 0.3 2.8 -0.1
v 0.3 2.9 -0.1
v 0.3 3 -0.1
v 0.3 3.1 -0.1
v 0.3 3.2 -0.1
v 0.3 3.3 -0.1
v 0.3 3.5 -0.1
v 0.3 3.6 -0.1
v 0.3 3.7 -0.1
v 0.4 0.4 -0.1
v 0.4 0.5 -0.1
v 0.4 0.6 -0.1
v 0.4 0.7 -0.1
v 0.4 0.9 -0.1
v 0.4 1 -0.1
v 0.4 1.3 -0.1
v 0.4 1.4 -0.1
v 0.4 1.6 -0.1
v 0.4 1.7 -0.1
v 0.4 1.9 -0.1
v 0.4 2 -0.1
v 0.4 2.1 -0.1
v 0.4 2.3 -0.1
v 0.4 2.4 -0.1
v 0.4 2.5 -0.1
v 0.4 2.6 -0.1
v 0.4 2.7 -0.1
v 0.4 2.8 -0.1
v 0.4 2.9 -0.1
v 0.4 3 -0.1
v 0.4 3.1 -0.1
v 0.4 3.2 -0.1
v 0.4 3.3 -0.1
v 0.4 3.4 -0.1
v 0.4 3.5 -0.1
v 0.4 3.6 -0.1
v 0.4 3.7 -0.1
v 0.5 0.6 -0.1
v 0.5 0.7 -0.1
v 0.5 1 -0.1
v 0.5 1.2 -0.1
v 0.5 1.3 -0.1
v 0.5 1.5 -0.1
v 0.5 1.6 -0.1
v 0.5 1.7 -0.1
v 0.5 1.8 -0.1
v 0.5 1.9 -0.1
v 0.5 2 -0.1
v 0.5 2.1 -0.1
v 0.5 2.4 -0.1
v 0.5 2.5 -0.1
v 0.5 2.6 -0.1
v 0.5 2.7 -0.1
v 0.5 2.9 -0.1
v 0.5 3 -0.1
v 0.5 3.1 -0.1
v 0.5 3.2 -0.1
v 0.5 3.3 -0.1
v 0.5 3.4 -0.1
v 0.5 3.5 -0.1
v 0.5 3.6 -0.1
v 0.5 3.7 -0.1
v 0.5 3.8 -0.1
v 0.6 0.5 -0.1
v 0.6 0.6 -0.1
v 0.6 0.7 -0.1
v 0.6 0.8 -0.1
v 0.6 0.9 -0.1
v 0.6 1 -0.1
v 0.6 1.2 -0.1
v 0.6 1.3 -0.1
v 0.6 1.4 -0.1
v 0.6 1.5 -0.1
v 0.6 1.6 -0.1
v 0.6 1.7 -0.1
v 0.6 1.8 -0.1
v 0.6 1.9 -0.1
v 0.6 2 -0.1
v 0.6 2.1 -0.1
v 0.6 2.2 -0.1
v 0.6 2.4 -0.1
v 0.6 2.6 -0.1
v 0.6 2.7 -0.1
v 0.6 2.8 -0.1
v 0.6 2.9 -0.1
v 0.6 3 -0.1
v 0.6 3.1 -0.1
v 0.6 3.2 -0.1
v 0.6 3.3 -0.1
v 0.6 3.4 -0.1
v 0.6 3.5 -0.1
v 0.6 3.6 -0.1
v 0.6 3.7 -0.1
v 0.6 3.8 -0.1
v 0.6 3.9 -0.1
v 0.7 0.4 -0.1
v 0.7 0.5 -0.1
v 0.7 0.6 -0.1
v 0.7 0.7 -0.1
v 0.7 0.8 -0.1
v 0.7 0.9 -0.1
v 0.7 1 -0.1
v 0.7 1.2 -0.1
v 0.7 1.4 -0.1
v 0.7 1.5 -0.1
v 0.7 1.7 -0.1
v 0.7 1.8 -0.1
v 0.7 1.9 -0.1
v 0.7 2 -0.1
v 0.7 2.2 -0.1
v 0.7 2.4 -0.1
v 0.7 2.6 -0.1
v 0.7 2.7 -0.1
v 0.7 2.8 -0.1
v 0.7 2.9 -0.1
v 0.7 3 -0.1
v 0.7 3.1 -0.1
v 0.7 3.2 -0.1
v 0.7 3.3 -0.1
v 0.7 3.4 -0.1
v 0.7 3.5 -0.1
v 0.7 3.6 -0.1
v 0.8 0.6 -0.1
v 0.8 0.7 -0.1
v 0.8 0.8 -0.1
v 0.8 0.9 -0.1
v 0.8 1 -0.1
v 0.8 1.2 -0.1
v 0.8 1.4 -0.1
v 0.8 1.5 -0.1
v 0.8 1.7 -0.1
v 0.8 1.8 -0.1
v 0.8 1.9 -0.1
v 0.8 2 -0.1
v 0.8 2.2 -0.1
v 0.8 2.3 -0.1
v 0.8 2.6 -0.1
v 0.8 2.7 -0.1
v 0.8 2.9 -0.1
v 0.8 3 -0.1
v 0.8 3.1 -0.1
v 0.8 3.2 -0.1
v 0.8 3.3 -0.1
v 0.8 3.4 -0.1
v 0.8 3.5 -0.1
v 0.8 3.7 -0.1
v 0.8 3.8 -0.1
v 0.8 3.9 -0.1
v 0.9 0.4 -0.1
v 0.9 0.5 -0.1
v 0.9 0.6 -0.1
v 0.9 0.7 -0.1
v 0.9 0.8 -0.1
v 0.9 1 -0.1
v 0.9 1.1 -0.1
v 0.9 1.2 -0.1
v 0.9 1.3 -0.1
v 0.9 1.4 -0.1
v 0.9 1.5 -0.1
v 0.9 1.6 -0.1
v 0.9 1.7 -0.1
v 0.9 1.8 -0.1
v 0.9 1.9 -0.1
v 0.9 2 -0.1
v 0.9 2.2 -0.1
v 0.9 2.3 -0.1
v 0.9 2.5 -0.1
v 0.9 2.6 -0.1
v 0.9 2.8 -0.1
v 0.9 2.9 -0.1
v 0.9 3 -0.1
v 0.9 3.1 -0.1
v 0.9 3.2 -0.1
v 0.9 3.3 -0.1
v 0.9 3.4 -0.1
v 0.9 3.5 -0.1
v 0.9 3.6 -0.1
v 0.9 3.7 -0.1
v 0.9 3.8 -0.1
v 1 0.5 -0.1
v 1 0.6 -0.1
v 1 0.7 -0.1
v 1 0.8 -0.1
v 1 0.9 -0.1
v 1 1 -0.1
v 1 1.1 -0.1
v 1 1.2 -0.1
v 1 1.3 -0.1
v 1 1.4 -0.1
v 1 1.5 -0.1
v 1 1.6 -0.1
v 1 1.7 -0.1
v 1 1.8 -0.1
v 1 1.9 -0.1
v 1 2 -0.1
v 1 2.1 -0.1
v 1 2.3 -0.1
v 1 2.4 -0.1
v 1 2.5 -0.1
v 1 2.6 -0.1
v 1 2.9 -0.1
v 1 3 -0.1
v 1 3.2 -0.1
v 1 3.3 -0.1
v 1 3.4 -0.1
v 1 3.6 -0.1
v 1 3.7 -0.1
v 1.1 0.4 -0.1
v 1.1 0.5 -0.1
v 1.1 0.6 -0.1
v 1.1 0.7 -0.1
v 1.1 0.9 -0.1
v 1.1 1.1 -0.1
v 1.1 1.2 -0.1
v 1.1 1.3 -0.1
v 1.1 1.4 -0.1
v 1.1 1.5 -0.1
v 1.1 1.6 -0.1
v 1.1 1.7 -0.1
v 1.1 1.8 -0.1
v 1.1 1.9 -0.1
v 1.1 2 -0.1
v 1.1 2.1 -0.1
v 1.1 2.2 -0.1
v 1.1 2.3 -0.1
v 1.1 2.4 -0.1
v 1.1 2.5 -0.1
v 1.1 2.6 -0.1
v 1.1 3 -0.1
v 1.1 3.2 -0.1
v 1.1 3.3 -0.1
v 1.1 3.4 -0.1
v 1.2 0.5 -0.1
v 1.2 0.6 -0.1
v 1.2 0.7 -0.1
v 1.2 0.9 -0.1
v 1.2 1.1 -0.1
v 1.2 1.2 -0.1
v 1.2 1.4 -0.1
v 1.2 1.5 -0.1
v 1.2 1.6 -0.1
v 1.2 1.7 -0.1
v 1.2 1.8 -0.1
v 1.2 1.9 -0.1
v 1.2 2 -0.1
v 1.2 2.1 -0.1
v 1.2 2.2 -0.1
v 1.2 2.4 -0.1
v 1.2 3.2 -0.1
v 1.2 3.3 -0.1
v 1.3 0.8 -0.1
v 1.3 0.9 -0.1
v 1.3 1.1 -0.1
v 1.3 1.2 -0.1
v 1.3 1.3 -0.1
v 1.3 1.4 -0.1
v 1.3 1.5 -0.1
v 1.3 1.6 -0.1
v 1.3 1.7 -0.1
v 1.3 1.8 -0.1
v 1.3 1.9 -0.1
v 1.3 2 -0.1
v 1.3 2.1 -0.1
v 1.4 0.6 -0.1
v 1.4 0.7 -0.1
v 1.4 0.8 -0.1
v 1.4 0.9 -0.1
v 1.4 1 -0.1
v 1.4 1.1 -0.1
v 1.4 1.3 -0.1
v 1.4 1.4 -0.1
v 1.4 1.5 -0.1
v 1.4 1.6 -0.1
v 1.4 1.7 -0.1
v 1.4 1.8 -0.1
v 1.4 1.9 -0.1
v 1.5 0.7 -0.1
v 1.5 0.8 -0.1
v 1.5 0.9 -0.1
v 1.5 1 -0.1
v 1.5 1.1 -0.1
v 1.5 1.2 -0.1
v 1.5 1.3 -0.1
v 1.5 1.4 -0.1
v 1.5 1.5 -0.1
v 1.5 1.6 -0.1
v 1.5 1.7 -0.1
v 1.5 1.8 -0.1
v 1.6 0.8 -0.1
v 1.6 0.9 -0.1
v 1.6 1 -0.1
v 1.6 1.1 -0.1
v 1.6 1.2 -0.1
v 1.6 1.3 -0.1
v 1.6 1.4 -0.1
v 1.6 1.5 -0.1
v 1.6 1.6 -0.1
v 1.6 1.7 -0.1
v 1.7 0.9 -0.1
v 1.7 1 -0.1
v 1.7 1.1 -0.1
v 1.7 1.3 -0.1
v 1.7 1.4 -0.1
v 1.7 1.5 -0.1
v 1.7 1.6 -0.1
v 1.8 1 -0.1
v 1.8 1.2 -0.1
v 1.8 1.3 -0.1
v 1.8 1.4 -0.1
v 1.8 1.5 -0.1
v 1.9 1.2 -0.1
v 1.9 1.4 -0.1
v -0.8 0 0.0999999
v -0.7 0 0.0999999
v -0.5 0 0.0999999
v -0.4 0 0.0999999
v -0.3 0 0.0999999
v -0.1 0 0.0999999
v -0.8 0 -0.1
v -0.7 0 -0.1
v -0.5 0 -0.1
v -0.4 0 -0.1
v -0.3 0 -0.1
v -0.1 0 -0.1
v -0.1 0.1 0.0999999
v 0 0.1 0.0999999
v -0.1 0.1 -0.1
v 0 0.1 -0.1
v -1 0.4 0.0999999
v -0.8 0.4 0.0999999
v 0 0.4 0.0999999
v 0.1 0.4 0.0999999
v 0.3 0.4 0.0999999
v 0.4 0.4 0.0999999
v 0.7 0.4 0.0999999
v 0.9 0.4 0.0999999
v 1.1 0.4 0.0999999
v -1 0.4 -0.1
v -0.8 0.4 -0.1
v 0 0.4 -0.1
v 0.1 0.4 -0.1
v 0.3 0.4 -0.1
v 0.4 0.4 -0.1
v 0.7 0.4 -0.1
v 0.9 0.4 -0.1
v 1.1 0.4 -0.1
v -1.1 0.5 0.0999999
v -1 0.5 0.0999999
v 0.3 0.5 0.0999999
v 0.4 0.5 0.0999999
v 0.7 0.5 0.0999999
v 0.9 0.5 0.0999999
v 1.1 0.5 0.0999999
v 1.2 0.5 0.0999999
v -1.1 0.5 -0.1
v -1 0.5 -0.1
v 0.3 0.5 -0.1
v 0.4 0.5 -0.1
v 0.7 0.5 -0.1
v 0.9 0.5 -0.1
v 1.1 0.5 -0.1
v 1.2 0.5 -0.1
v -1.2 0.6 0.0999999
v -1.1 0.6 0.0999999
v 1.2 0.6 0.0999999
v 1.4 0.6 0.0999999
v -1.2 0.6 -0.1
v -1.1 0.6 -0.1
v 1.2 0.6 -0.1
v 1.4 0.6 -0.1
v -1.3 0.7 0.0999999
v -1.2 0.7 0.0999999
v 1.4 0.7 0.0999999
v 1.5 0.7 0.0999999
v -1.3 0.7 -0.1
v -1.2 0.7 -0.1
v 1.4 0.7 -0.1
v 1.5 0.7 -0.1
v 1.5 0.8 0.0999999
v 1.6 0.8 0.0999999
v 1.5 0.8 -0.1
v 1.6 0.8 -0.1
v 1.6 0.9 0.0999999
v 1.7 0.9 0.0999999
v 1.6 0.9 -0.1
v 1.7 0.9 -0.1
v 1.7 1 0.0999999
v 1.8 1 0.0999999
v 1.7 1 -0.1
v 1.8 1 -0.1
v 1.8 1.2 0.0999999
v 1.9 1.2 0.0999999
v 1.8 1.2 -0.1
v 1.9 1.2 -0.1
v -1 1.8 0.0999999
v -0.9 1.8 0.0999999
v -1 1.8 -0.1
v -0.9 1.8 -0.1
v -1.1 1.9 0.0999999
v -1 1.9 0.0999999
v -1.1 1.9 -0.1
v -1 1.9 -0.1
v -1.2 2.2 0.0999999
v -1.1 2.2 0.0999999
v -1.2 2.2 -0.1
v -1.1 2.2 -0.1
v -1.3 2.4 0.0999999
v -1.2 2.4 0.0999999
v -1.3 2.4 -0.1
v -1.2 2.4 -0.1
v -1.5 2.5 0.0999999
v -1.4 2.5 0.0999999
v -1.3 2.5 0.0999999
v -1.5 2.5 -0.1
v -1.4 2.5 -0.1
v -1.3 2.5 -0.1
v 1 3 0.0999999
v 1.1 3 0.0999999
v 1 3 -0.1
v 1.1 3 -0.1
v 1.1 3.2 0.0999999
v 1.2 3.2 0.0999999
v 1.1 3.2 -0.1
v 1.2 3.2 -0.1
v 0.6 3.6 0.0999999
v 0.7 3.6 0.0999999
v 0.6 3.6 -0.1
v 0.7 3.6 -0.1
v -1.3 1 0.0999999
v -1.2 1 0.0999999
v -1.3 1 -0.1
v -1.2 1 -0.1
v -1.2 1.1 0.0999999
v -1.1 1.1 0.0999999
v -1.2 1.1 -0.1
v -1.1 1.1 -0.1
v -1.1 1.4 0.0999999
v -1 1.4 0.0999999
v 1.8 1.4 0.0999999
v 1.9 1.4 0.0999999
v -1.1 1.4 -0.1
v -1 1.4 -0.1
v 1.8 1.4 -0.1
v 1.9 1.4 -0.1
v 1.7 1.5 0.0999999
v 1.8 1.5 0.0999999
v 1.7 1.5 -0.1
v 1.8 1.5 -0.1
v -1 1.6 0.0999999
v -0.9 1.6 0.0999999
v 1.6 1.6 0.0999999
v 1.7 1.6 0.0999999
v -1 1.6 -0.1
v -0.9 1.6 -0.1
v 1.6 1.6 -0.1
v 1.7 1.6 -0.1
v 1.5 1.7 0.0999999
v 1.6 1.7 0.0999999
v 1.5 1.7 -0.1
v 1.6 1.7 -0.1
v 1.4 1.8 0.0999999
v 1.5 1.8 0.0999999
v 1.4 1.8 -0.1
v 1.5 1.8 -0.1
v 1.3 1.9 0.0999999
v 1.4 1.9 0.0999999
v 1.3 1.9 -0.1
v 1.4 1.9 -0.1
v 1.2 2.1 0.0999999
v 1.3 2.1 0.0999999
v 1.2 2.1 -0.1
v 1.3 2.1 -0.1
v 1.1 2.4 0.0999999
v 1.2 2.4 0.0999999
v 1.1 2.4 -0.1
v 1.2 2.4 -0.1
v -1.5 2.6 0.0999999
v -1.4 2.6 0.0999999
v 1 2.6 0.0999999
v 1.1 2.6 0.0999999
v -1.5 2.6 -0.1
v -1.4 2.6 -0.1
v 1 2.6 -0.1
v 1.1 2.6 -0.1
v -1.4 3 0.0999999
v -1.3 3 0.0999999
v -1.4 3 -0.1
v -1.3 3 -0.1
v -1.3 3.2 0.0999999
v -1.2 3.2 0.0999999
v -1.3 3.2 -0.1
v -1.2 3.2 -0.1
v -1.2 3.3 0.0999999
v -1.1 3.3 0.0999999
v 1.1 3.3 0.0999999
v 1.2 3.3 0.0999999
v -1.2 3.3 -0.1
v -1.1 3.3 -0.1
v 1.1 3.3 -0.1
v 1.2 3.3 -0.1
v -1.1 3.4 0.0999999
v -1 3.4 0.0999999
v 1 3.4 0.0999999
v 1.1 3.4 0.0999999
v -1.1 3.4 -0.1
v -1 3.4 -0.1
v 1 3.4 -0.1
v 1.1 3.4 -0.1
v -1 3.5 0.0999999
v -0.9 3.5 0.0999999
v 0.6 3.5 0.0999999
v 0.7 3.5 0.0999999
v -1 3.5 -0.1
v -0.9 3.5 -0.1
v 0.6 3.5 -0.1
v 0.7 3.5 -0.1
v -0.9 3.6 0.0999999
v -0.7 3.6 0.0999999
v 0.3 3.6 0.0999999
v 0.4 3.6 0.0999999
v -0.9 3.6 -0.1
v -0.7 3.6 -0.1
v 0.3 3.6 -0.1
v 0.4 3.6 -0.1
v -0.7 3.7 0.0999999
v -0.5 3.7 0.0999999
v -0.4 3.7 0.0999999
v -0.3 3.7 0.0999999
v -0.2 3.7 0.0999999
v 0 3.7 0.0999999
v 0.3 3.7 0.0999999
v 0.4 3.7 0.0999999
v 0.5 3.7 0.0999999
v 0.9 3.7 0.0999999
v 1 3.7 0.0999999
v -0.7 3.7 -0.1
v -0.5 3.7 -0.1
v -0.4 3.7 -0.1
v -0.3 3.7 -0.1
v -0.2 3.7 -0.1
v 0 3.7 -0.1
v 0.3 3.7 -0.1
v 0.4 3.7 -0.1
v 0.5 3.7 -0.1
v 0.9 3.7 -0.1
v 1 3.7 -0.1
v 0.5 3.8 0.0999999
v 0.6 3.8 0.0999999
v 0.8 3.8 0.0999999
v 0.9 3.8 0.0999999
v 0.5 3.8 -0.1
v 0.6 3.8 -0.1
v 0.8 3.8 -0.1
v 0.9 3.8 -0.1
v 0.6 3.9 0.0999999
v 0.8 3.9 0.0999999
v 0.6 3.9 -0.1
v 0.8 3.9 -0.1

# faces
f 3/6/1 2/6/1 1/6/1
f 4/6/1 2/6/1 3/6/1
f 7/6/1 6/6/1 5/6/1
f 8/6/1 6/6/1 7/6/1
f 9/15/1 8/15/1 7/15/1
f 10/15/1 8/15/1 9/15/1
f 13/20/1 12/20/1 11/20/1
f 14/20/1 12/20/1 13/20/1
f 15/13/1 14/13/1 13/13/1
f 16/13/1 14/13/1 15/13/1
f 17/3/1 16/3/1 15/3/1
f 18/3/1 16/3/1 17/3/1
f 21/8/1 20/8/1 19/8/1
f 22/8/1 20/8/1 21/8/1
f 25/15/1 24/15/1 23/15/1
f 26/15/1 24/15/1 25/15/1
f 27/7/1 26/7/1 25/7/1
f 28/7/1 26/7/1 27/7/1
f 31/20/1 30/20/1 29/20/1
f 32/20/1 30/20/1 31/20/1
f 35/13/1 34/13/1 33/13/1
f 36/13/1 34/13/1 35/13/1
f 39/7/1 38/7/1 37/7/1
f 40/7/1 38/7/1 39/7/1
f 43/7/1 42/7/1 41/7/1
f 44/7/1 42/7/1 43/7/1
f 47/19/1 46/19/1 45/19/1
f 48/19/1 46/19/1 47/19/1
f 51/13/1 50/13/1 49/13/1
f 52/13/1 50/13/1 51/13/1
f 53/7/1 52/7/1 51/7/1
f 54/7/1 52/7/1 53/7/1
f 55/15/1 54/15/1 53/15/1
f 56/15/1 54/15/1 55/15/1
f 59/3/1 58/3/1 57/3/1
f 60/3/1 58/3/1 59/3/1
f 61/1/1 60/1/1 59/1/1
f 62/1/1 60/1/1 61/1/1
f 65/15/1 64/15/1 63/15/1
f 66/15/1 64/15/1 65/15/1
f 69/19/1 68/19/1 67/19/1
f 70/19/1 68/19/1 69/19/1
f 73/27/1 72/27/1 71/27/1
f 74/27/1 72/27/1 73/27/1
f 75/7/1 74/7/1 73/7/1
f 76/7/1 74/7/1 75/7/1
f 79/13/1 78/13/1 77/13/1
f 80/13/1 78/13/1 79/13/1
f 83/15/1 82/15/1 81/15/1
f 84/15/1 82/15/1 83/15/1
f 87/7/1 86/7/1 85/7/1
f 88/7/1 86/7/1 87/7/1
f 89/13/1 88/13/1 87/13/1
f 90/13/1 88/13/1 89/13/1
f 93/7/1 92/7/1 91/7/1
f 94/7/1 92/7/1 93/7/1
f 97/20/1 96/20/1 95/20/1
f 98/20/1 96/20/1 97/20/1
f 99/19/1 98/19/1 97/19/1
f 100/19/1 98/19/1 99/19/1
f 101/4/1 100/4/1 99/4/1
f 102/4/1 100/4/1 101/4/1
f 105/7/1 104/7/1 103/7/1
f 106/7/1 104/7/1 105/7/1
f 109/8/1 108/8/1 107/8/1
f 110/8/1 108/8/1 109/8/1
f 113/24/1 112/24/1 111/24/1
f 114/24/1 112/24/1 113/24/1
f 117/27/1 116/27/1 115/27/1
f 118/27/1 116/27/1 117/27/1
f 121/27/1 120/27/1 119/27/1
f 122/27/1 120/27/1 121/27/1
f 125/24/1 124/24/1 123/24/1
f 126/24/1 124/24/1 125/24/1
f 129/8/1 128/8/1 127/8/1
f 130/8/1 128/8/1 129/8/1
f 131/4/2 132/4/2 133/4/2
f 133/4/2 132/4/2 134/4/2
f 135/4/2 136/4/2 137/4/2
f 137/4/2 136/4/2 138/4/2
f 139/8/2 140/8/2 141/8/2
f 141/8/2 140/8/2 142/8/2
f 143/8/2 144/8/2 145/8/2
f 145/8/2 144/8/2 146/8/2
f 147/24/2 148/24/2 149/24/2
f 149/24/2 148/24/2 150/24/2
f 151/8/2 152/8/2 153/8/2
f 153/8/2 152/8/2 154/8/2
f 155/27/2 156/27/2 157/27/2
f 157/27/2 156/27/2 158/27/2
f 159/27/2 160/27/2 161/27/2
f 161/27/2 160/27/2 162/27/2
f 163/8/2 164/8/2 165/8/2
f 165/8/2 164/8/2 166/8/2
f 165/24/2 166/24/2 167/24/2
f 167/24/2 166/24/2 168/24/2
f 169/24/2 170/24/2 171/24/2
f 171/24/2 170/24/2 172/24/2
f 171/27/2 172/27/2 173/27/2
f 173/27/2 172/27/2 174/27/2
f 175/8/2 176/8/2 177/8/2
f 177/8/2 176/8/2 178/8/2
f 179/7/2 180/7/2 181/7/2
f 181/7/2 180/7/2 182/7/2
f 181/8/2 182/8/2 183/8/2
f 183/8/2 182/8/2 184/8/2
f 185/24/2 186/24/2 187/24/2
f 187/24/2 186/24/2 188/24/2
f 189/24/2 190/24/2 191/24/2
f 191/24/2 190/24/2 192/24/2
f 193/8/2 194/8/2 195/8/2
f 195/8/2 194/8/2 196/8/2
f 197/7/2 198/7/2 199/7/2
f 199/7/2 198/7/2 200/7/2
f 199/8/2 200/8/2 201/8/2
f 201/8/2 200/8/2 202/8/2
f 203/24/2 204/24/2 205/24/2
f 205/24/2 204/24/2 206/24/2
f 207/7/2 208/7/2 209/7/2
f 209/7/2 208/7/2 210/7/2
f 209/8/2 210/8/2 211/8/2
f 211/8/2 210/8/2 212/8/2
f 213/8/2 214/8/2 215/8/2
f 215/8/2 214/8/2 216/8/2
f 217/8/2 218/8/2 219/8/2
f 219/8/2 218/8/2 220/8/2
f 221/8/2 222/8/2 223/8/2
f 223/8/2 222/8/2 224/8/2
f 225/8/2 226/8/2 227/8/2
f 227/8/2 226/8/2 228/8/2
f 229/8/2 230/8/2 231/8/2
f 231/8/2 230/8/2 232/8/2
f 233/8/2 234/8/2 235/8/2
f 235/8/2 234/8/2 236/8/2
f 237/8/2 238/8/2 239/8/2
f 239/8/2 238/8/2 240/8/2
f 241/8/2 242/8/2 243/8/2
f 243/8/2 242/8/2 244/8/2
f 245/8/2 246/8/2 247/8/2
f 247/8/2 246/8/2 248/8/2
f 249/8/2 250/8/2 251/8/2
f 251/8/2 250/8/2 252/8/2
f 253/8/2 254/8/2 255/8/2
f 255/8/2 254/8/2 256/8/2
f 259/6/3 258/6/3 257/6/3
f 260/6/3 258/6/3 259/6/3
f 268/15/3 260/15/3 259/15/3
f 269/6/3 261/6/3 260/6/3
f 269/15/3 260/15/3 268/15/3
f 270/15/3 262/15/3 261/15/3
f 270/6/3 261/6/3 269/6/3
f 271/15/3 262/15/3 270/15/3
f 272/15/3 262/15/3 271/15/3
f 276/20/3 264/20/3 263/20/3
f 277/13/3 265/13/3 264/13/3
f 277/20/3 264/20/3 276/20/3
f 278/3/3 266/3/3 265/3/3
f 278/13/3 265/13/3 277/13/3
f 279/3/3 266/3/3 278/3/3
f 282/8/3 268/8/3 267/8/3
f 283/7/3 269/7/3 268/7/3
f 283/7/3 270/7/3 269/7/3
f 283/8/3 268/8/3 282/8/3
f 284/7/3 270/7/3 283/7/3
f 285/15/3 271/15/3 270/15/3
f 285/7/3 270/7/3 284/7/3
f 286/6/3 272/6/3 271/6/3
f 286/15/3 271/15/3 285/15/3
f 287/15/3 273/15/3 272/15/3
f 287/6/3 272/6/3 286/6/3
f 288/7/3 274/7/3 273/7/3
f 288/15/3 273/15/3 287/15/3
f 289/7/3 274/7/3 288/7/3
f 292/20/3 276/20/3 275/20/3
f 293/5/3 277/5/3 276/5/3
f 293/20/3 276/20/3 292/20/3
f 294/2/3 278/2/3 277/2/3
f 294/5/3 277/5/3 293/5/3
f 295/9/3 279/9/3 278/9/3
f 295/2/3 278/2/3 294/2/3
f 296/13/3 280/13/3 279/13/3
f 296/9/3 279/9/3 295/9/3
f 297/13/3 280/13/3 296/13/3
f 303/7/3 282/7/3 281/7/3
f 304/7/3 282/7/3 303/7/3
f 305/15/3 284/15/3 283/15/3
f 305/7/3 282/7/3 304/7/3
f 305/15/3 283/15/3 282/15/3
f 306/15/3 284/15/3 305/15/3
f 307/8/3 285/8/3 284/8/3
f 307/15/3 284/15/3 306/15/3
f 308/7/3 286/7/3 285/7/3
f 308/8/3 285/8/3 307/8/3
f 309/15/3 287/15/3 286/15/3
f 309/7/3 286/7/3 308/7/3
f 310/15/3 287/15/3 309/15/3
f 311/6/3 288/6/3 287/6/3
f 311/15/3 287/15/3 310/15/3
f 312/14/3 289/14/3 288/14/3
f 312/6/3 288/6/3 311/6/3
f 313/7/3 290/7/3 289/7/3
f 313/14/3 289/14/3 312/14/3
f 314/7/3 290/7/3 313/7/3
f 317/19/3 292/19/3 291/19/3
f 317/19/3 293/19/3 292/19/3
f 318/19/3 293/19/3 317/19/3
f 319/4/3 294/4/3 293/4/3
f 319/19/3 293/19/3 318/19/3
f 320/5/3 295/5/3 294/5/3
f 320/4/3 294/4/3 319/4/3
f 321/3/3 296/3/3 295/3/3
f 321/5/3 295/5/3 320/5/3
f 321/3/3 297/3/3 296/3/3
f 322/3/3 297/3/3 321/3/3
f 323/13/3 298/13/3 297/13/3
f 323/3/3 297/3/3 322/3/3
f 324/7/3 299/7/3 298/7/3
f 324/13/3 298/13/3 323/13/3
f 325/15/3 300/15/3 299/15/3
f 325/7/3 299/7/3 324/7/3
f 326/15/3 300/15/3 325/15/3
f 330/3/3 302/3/3 301/3/3
f 331/3/3 302/3/3 330/3/3
f 332/1/3 303/1/3 302/1/3
f 332/3/3 302/3/3 331/3/3
f 333/13/3 304/13/3 303/13/3
f 333/1/3 303/1/3 332/1/3
f 334/8/3 306/8/3 305/8/3
f 334/13/3 304/13/3 333/13/3
f 334/8/3 305/8/3 304/8/3
f 335/8/3 306/8/3 334/8/3
f 336/7/3 307/7/3 306/7/3
f 336/8/3 306/8/3 335/8/3
f 337/15/3 308/15/3 307/15/3
f 337/7/3 307/7/3 336/7/3
f 338/6/3 310/6/3 309/6/3
f 338/15/3 308/15/3 337/15/3
f 338/6/3 309/6/3 308/6/3
f 339/6/3 310/6/3 338/6/3
f 340/14/3 311/14/3 310/14/3
f 340/6/3 310/6/3 339/6/3
f 341/15/3 312/15/3 311/15/3
f 341/14/3 311/14/3 340/14/3
f 342/6/3 314/6/3 313/6/3
f 342/15/3 312/15/3 341/15/3
f 342/6/3 313/6/3 312/6/3
f 343/6/3 314/6/3 342/6/3
f 344/15/3 315/15/3 314/15/3
f 344/6/3 314/6/3 343/6/3
f 345/15/3 315/15/3 344/15/3
f 347/19/3 318/19/3 317/19/3
f 347/19/3 317/19/3 316/19/3
f 348/13/3 319/13/3 318/13/3
f 348/19/3 318/19/3 347/19/3
f 349/19/3 320/19/3 319/19/3
f 349/13/3 319/13/3 348/13/3
f 349/19/3 321/19/3 320/19/3
f 350/19/3 321/19/3 349/19/3
f 351/20/3 322/20/3 321/20/3
f 351/19/3 321/19/3 350/19/3
f 352/5/3 323/5/3 322/5/3
f 352/20/3 322/20/3 351/20/3
f 353/3/3 324/3/3 323/3/3
f 353/5/3 323/5/3 352/5/3
f 354/20/3 325/20/3 324/20/3
f 354/3/3 324/3/3 353/3/3
f 355/27/3 326/27/3 325/27/3
f 355/20/3 325/20/3 354/20/3
f 355/27/3 327/27/3 326/27/3
f 356/27/3 327/27/3 355/27/3
f 357/7/3 328/7/3 327/7/3
f 357/27/3 327/27/3 356/27/3
f 358/7/3 328/7/3 357/7/3
f 360/13/3 330/13/3 329/13/3
f 361/2/3 331/2/3 330/2/3
f 361/13/3 330/13/3 360/13/3
f 362/9/3 332/9/3 331/9/3
f 362/2/3 331/2/3 361/2/3
f 362/9/3 333/9/3 332/9/3
f 362/9/3 334/9/3 333/9/3
f 363/9/3 334/9/3 362/9/3
f 364/3/3 335/3/3 334/3/3
f 364/9/3 334/9/3 363/9/3
f 365/7/3 336/7/3 335/7/3
f 365/3/3 335/3/3 364/3/3
f 366/15/3 337/15/3 336/15/3
f 366/7/3 336/7/3 365/7/3
f 367/6/3 339/6/3 338/6/3
f 367/15/3 337/15/3 366/15/3
f 367/6/3 338/6/3 337/6/3
f 368/15/3 340/15/3 339/15/3
f 368/6/3 339/6/3 367/6/3
f 368/15/3 341/15/3 340/15/3
f 369/15/3 341/15/3 368/15/3
f 370/14/3 343/14/3 342/14/3
f 370/15/3 341/15/3 369/15/3
f 370/14/3 342/14/3 341/14/3
f 371/14/3 343/14/3 370/14/3
f 372/15/3 344/15/3 343/15/3
f 372/14/3 343/14/3 371/14/3
f 373/6/3 345/6/3 344/6/3
f 373/15/3 344/15/3 372/15/3
f 374/15/3 346/15/3 345/15/3
f 374/6/3 345/6/3 373/6/3
f 375/15/3 346/15/3 374/15/3
f 380/19/3 347/19/3 316/19/3
f 381/13/3 348/13/3 347/13/3
f 381/19/3 347/19/3 380/19/3
f 382/19/3 349/19/3 348/19/3
f 382/13/3 348/13/3 381/13/3
f 383/20/3 350/20/3 349/20/3
f 383/19/3 349/19/3 382/19/3
f 384/13/3 351/13/3 350/13/3
f 384/20/3 350/20/3 383/20/3
f 385/19/3 352/19/3 351/19/3
f 385/13/3 351/13/3 384/13/3
f 386/4/3 353/4/3 352/4/3
f 386/19/3 352/19/3 385/19/3
f 387/27/3 354/27/3 353/27/3
f 387/4/3 353/4/3 386/4/3
f 387/27/3 355/27/3 354/27/3
f 388/27/3 355/27/3 387/27/3
f 389/26/3 356/26/3 355/26/3
f 389/27/3 355/27/3 388/27/3
f 390/23/3 357/23/3 356/23/3
f 390/26/3 356/26/3 389/26/3
f 391/27/3 358/27/3 357/27/3
f 391/23/3 357/23/3 390/23/3
f 392/7/3 359/7/3 358/7/3
f 392/27/3 358/27/3 391/27/3
f 393/13/3 360/13/3 359/13/3
f 393/7/3 359/7/3 392/7/3
f 394/9/3 361/9/3 360/9/3
f 394/9/3 362/9/3 361/9/3
f 395/10/3 363/10/3 362/10/3
f 395/9/3 362/9/3 394/9/3
f 396/10/3 363/10/3 395/10/3
f 397/9/3 364/9/3 363/9/3
f 397/10/3 363/10/3 396/10/3
f 397/9/3 365/9/3 364/9/3
f 398/3/3 366/3/3 365/3/3
f 398/9/3 365/9/3 397/9/3
f 399/5/3 367/5/3 366/5/3
f 399/3/3 366/3/3 398/3/3
f 400/7/3 368/7/3 367/7/3
f 400/5/3 367/5/3 399/5/3
f 401/7/3 368/7/3 400/7/3
f 402/15/3 369/15/3 368/15/3
f 402/7/3 368/7/3 401/7/3
f 403/6/3 371/6/3 370/6/3
f 403/15/3 369/15/3 402/15/3
f 403/6/3 370/6/3 369/6/3
f 404/6/3 371/6/3 403/6/3
f 405/14/3 372/14/3 371/14/3
f 405/6/3 371/6/3 404/6/3
f 406/6/3 373/6/3 372/6/3
f 406/14/3 372/14/3 405/14/3
f 407/15/3 374/15/3 373/15/3
f 407/6/3 373/6/3 406/6/3
f 408/6/3 375/6/3 374/6/3
f 408/15/3 374/15/3 407/15/3
f 409/7/3 376/7/3 375/7/3
f 409/6/3 375/6/3 408/6/3
f 410/20/3 378/20/3 377/20/3
f 411/19/3 379/19/3 378/19/3
f 411/20/3 378/20/3 410/20/3
f 412/19/3 379/19/3 411/19/3
f 413/4/3 380/4/3 379/4/3
f 413/19/3 379/19/3 412/19/3
f 414/19/3 381/19/3 380/19/3
f 414/4/3 380/4/3 413/4/3
f 415/20/3 382/20/3 381/20/3
f 415/19/3 381/19/3 414/19/3
f 415/20/3 383/20/3 382/20/3
f 416/20/3 383/20/3 415/20/3
f 417/13/3 384/13/3 383/13/3
f 417/20/3 383/20/3 416/20/3
f 418/19/3 385/19/3 384/19/3
f 418/13/3 384/13/3 417/13/3
f 419/4/3 386/4/3 385/4/3
f 419/19/3 385/19/3 418/19/3
f 420/27/3 388/27/3 387/27/3
f 420/4/3 386/4/3 419/4/3
f 420/27/3 387/27/3 386/27/3
f 421/27/3 388/27/3 420/27/3
f 422/23/3 389/23/3 388/23/3
f 422/27/3 388/27/3 421/27/3
f 423/27/3 392/27/3 391/27/3
f 423/23/3 389/23/3 422/23/3
f 423/27/3 391/27/3 390/27/3
f 423/27/3 390/27/3 389/27/3
f 423/27/3 393/27/3 392/27/3
f 424/27/3 393/27/3 423/27/3
f 425/27/3 393/27/3 424/27/3
f 426/27/3 393/27/3 425/27/3
f 427/13/3 360/13/3 393/13/3
f 427/27/3 393/27/3 426/27/3
f 428/9/3 394/9/3 360/9/3
f 428/13/3 360/13/3 427/13/3
f 429/10/3 396/10/3 395/10/3
f 429/9/3 394/9/3 428/9/3
f 429/10/3 395/10/3 394/10/3
f 430/4/3 397/4/3 396/4/3
f 430/10/3 396/10/3 429/10/3
f 431/16/3 398/16/3 397/16/3
f 431/4/3 397/4/3 430/4/3
f 432/16/3 398/16/3 431/16/3
f 433/10/3 399/10/3 398/10/3
f 433/16/3 398/16/3 432/16/3
f 434/1/3 400/1/3 399/1/3
f 434/10/3 399/10/3 433/10/3
f 435/3/3 401/3/3 400/3/3
f 435/1/3 400/1/3 434/1/3
f 436/5/3 402/5/3 401/5/3
f 436/3/3 401/3/3 435/3/3
f 437/8/3 403/8/3 402/8/3
f 437/5/3 402/5/3 436/5/3
f 438/7/3 404/7/3 403/7/3
f 438/8/3 403/8/3 437/8/3
f 439/15/3 405/15/3 404/15/3
f 439/7/3 404/7/3 438/7/3
f 439/15/3 406/15/3 405/15/3
f 440/14/3 407/14/3 406/14/3
f 440/15/3 406/15/3 439/15/3
f 441/6/3 408/6/3 407/6/3
f 441/14/3 407/14/3 440/14/3
f 442/15/3 409/15/3 408/15/3
f 442/6/3 408/6/3 441/6/3
f 443/7/3 376/7/3 409/7/3
f 443/15/3 409/15/3 442/15/3
f 444/7/3 376/7/3 443/7/3
f 446/1/3 412/1/3 411/1/3
f 446/4/3 411/4/3 410/4/3
f 447/5/3 413/5/3 412/5/3
f 447/1/3 412/1/3 446/1/3
f 448/9/3 414/9/3 413/9/3
f 448/5/3 413/5/3 447/5/3
f 449/20/3 415/20/3 414/20/3
f 449/9/3 414/9/3 448/9/3
f 450/19/3 416/19/3 415/19/3
f 450/20/3 415/20/3 449/20/3
f 451/13/3 417/13/3 416/13/3
f 451/19/3 416/19/3 450/19/3
f 452/20/3 418/20/3 417/20/3
f 452/13/3 417/13/3 451/13/3
f 453/4/3 419/4/3 418/4/3
f 453/20/3 418/20/3 452/20/3
f 454/27/3 420/27/3 419/27/3
f 454/4/3 419/4/3 453/4/3
f 455/26/3 421/26/3 420/26/3
f 455/27/3 420/27/3 454/27/3
f 456/23/3 422/23/3 421/23/3
f 456/26/3 421/26/3 455/26/3
f 457/27/3 423/27/3 422/27/3
f 457/23/3 422/23/3 456/23/3
f 457/27/3 424/27/3 423/27/3
f 458/27/3 424/27/3 457/27/3
f 459/18/3 425/18/3 424/18/3
f 459/27/3 424/27/3 458/27/3
f 460/25/3 426/25/3 425/25/3
f 460/18/3 425/18/3 459/18/3
f 461/27/3 427/27/3 426/27/3
f 461/25/3 426/25/3 460/25/3
f 462/5/3 428/5/3 427/5/3
f 462/27/3 427/27/3 461/27/3
f 463/1/3 429/1/3 428/1/3
f 463/5/3 428/5/3 462/5/3
f 464/10/3 430/10/3 429/10/3
f 464/1/3 429/1/3 463/1/3
f 465/10/3 430/10/3 464/10/3
f 466/13/3 431/13/3 430/13/3
f 466/10/3 430/10/3 465/10/3
f 467/4/3 432/4/3 431/4/3
f 467/13/3 431/13/3 466/13/3
f 468/16/3 433/16/3 432/16/3
f 468/4/3 432/4/3 467/4/3
f 469/1/3 434/1/3 433/1/3
f 469/16/3 433/16/3 468/16/3
f 470/3/3 435/3/3 434/3/3
f 470/1/3 434/1/3 469/1/3
f 471/8/3 437/8/3 436/8/3
f 471/3/3 435/3/3 470/3/3
f 471/8/3 436/8/3 435/8/3
f 472/8/3 437/8/3 471/8/3
f 473/15/3 438/15/3 437/15/3
f 473/8/3 437/8/3 472/8/3
f 474/6/3 439/6/3 438/6/3
f 474/15/3 438/15/3 473/15/3
f 475/14/3 440/14/3 439/14/3
f 476/15/3 441/15/3 440/15/3
f 476/14/3 440/14/3 475/14/3
f 476/15/3 442/15/3 441/15/3
f 477/15/3 442/15/3 476/15/3
f 478/6/3 443/6/3 442/6/3
f 478/15/3 442/15/3 477/15/3
f 479/15/3 444/15/3 443/15/3
f 479/6/3 443/6/3 478/6/3
f 480/4/3 446/4/3 410/4/3
f 481/20/3 447/20/3 446/20/3
f 481/4/3 446/4/3 480/4/3
f 482/5/3 448/5/3 447/5/3
f 482/20/3 447/20/3 481/20/3
f 483/3/3 449/3/3 448/3/3
f 483/5/3 448/5/3 482/5/3
f 484/19/3 450/19/3 449/19/3
f 484/3/3 449/3/3 483/3/3
f 485/13/3 451/13/3 450/13/3
f 485/19/3 450/19/3 484/19/3
f 486/20/3 452/20/3 451/20/3
f 486/13/3 451/13/3 485/13/3
f 487/19/3 454/19/3 453/19/3
f 487/20/3 452/20/3 486/20/3
f 487/19/3 453/19/3 452/19/3
f 488/19/3 454/19/3 487/19/3
f 489/22/3 455/22/3 454/22/3
f 489/19/3 454/19/3 488/19/3
f 490/27/3 456/27/3 455/27/3
f 490/22/3 455/22/3 489/22/3
f 491/23/3 458/23/3 457/23/3
f 491/27/3 456/27/3 490/27/3
f 491/23/3 457/23/3 456/23/3
f 492/23/3 458/23/3 491/23/3
f 493/27/3 459/27/3 458/27/3
f 493/23/3 458/23/3 492/23/3
f 494/17/3 460/17/3 459/17/3
f 494/27/3 459/27/3 493/27/3
f 495/27/3 461/27/3 460/27/3
f 495/17/3 460/17/3 494/17/3
f 496/1/3 462/1/3 461/1/3
f 496/27/3 461/27/3 495/27/3
f 497/5/3 463/5/3 462/5/3
f 497/1/3 462/1/3 496/1/3
f 498/7/3 464/7/3 463/7/3
f 498/5/3 463/5/3 497/5/3
f 499/1/3 465/1/3 464/1/3
f 499/7/3 464/7/3 498/7/3
f 500/10/3 466/10/3 465/10/3
f 500/1/3 465/1/3 499/1/3
f 500/10/3 467/10/3 466/10/3
f 501/16/3 468/16/3 467/16/3
f 501/10/3 467/10/3 500/10/3
f 502/1/3 469/1/3 468/1/3
f 502/16/3 468/16/3 501/16/3
f 503/8/3 470/8/3 469/8/3
f 503/1/3 469/1/3 502/1/3
f 503/8/3 471/8/3 470/8/3
f 504/13/3 472/13/3 471/13/3
f 504/8/3 471/8/3 503/8/3
f 505/7/3 473/7/3 472/7/3
f 505/13/3 472/13/3 504/13/3
f 506/13/3 474/13/3 473/13/3
f 506/7/3 473/7/3 505/7/3
f 507/6/3 439/6/3 474/6/3
f 507/13/3 474/13/3 506/13/3
f 508/14/3 475/14/3 439/14/3
f 508/6/3 439/6/3 507/6/3
f 509/6/3 476/6/3 475/6/3
f 509/14/3 475/14/3 508/14/3
f 510/14/3 477/14/3 476/14/3
f 510/6/3 476/6/3 509/6/3
f 511/6/3 478/6/3 477/6/3
f 511/14/3 477/14/3 510/14/3
f 512/15/3 479/15/3 478/15/3
f 512/15/3 444/15/3 479/15/3
f 513/7/3 445/7/3 444/7/3
f 513/15/3 444/15/3 512/15/3
f 514/7/3 445/7/3 513/7/3
f 515/20/3 481/20/3 480/20/3
f 516/4/3 482/4/3 481/4/3
f 516/20/3 481/20/3 515/20/3
f 517/19/3 483/19/3 482/19/3
f 517/4/3 482/4/3 516/4/3
f 518/4/3 485/4/3 484/4/3
f 518/19/3 483/19/3 517/19/3
f 518/4/3 484/4/3 483/4/3
f 519/4/3 485/4/3 518/4/3
f 520/19/3 486/19/3 485/19/3
f 520/4/3 485/4/3 519/4/3
f 520/19/3 487/19/3 486/19/3
f 521/19/3 487/19/3 520/19/3
f 522/20/3 488/20/3 487/20/3
f 522/19/3 487/19/3 521/19/3
f 523/19/3 489/19/3 488/19/3
f 523/20/3 488/20/3 522/20/3
f 524/27/3 490/27/3 489/27/3
f 524/19/3 489/19/3 523/19/3
f 524/27/3 491/27/3 490/27/3
f 525/27/3 491/27/3 524/27/3
f 526/26/3 492/26/3 491/26/3
f 526/27/3 491/27/3 525/27/3
f 527/27/3 493/27/3 492/27/3
f 527/26/3 492/26/3 526/26/3
f 528/23/3 494/23/3 493/23/3
f 528/27/3 493/27/3 527/27/3
f 529/27/3 495/27/3 494/27/3
f 529/23/3 494/23/3 528/23/3
f 530/11/3 496/11/3 495/11/3
f 530/27/3 495/27/3 529/27/3
f 530/11/3 497/11/3 496/11/3
f 531/11/3 497/11/3 530/11/3
f 532/7/3 498/7/3 497/7/3
f 532/11/3 497/11/3 531/11/3
f 533/6/3 499/6/3 498/6/3
f 533/7/3 498/7/3 532/7/3
f 534/7/3 500/7/3 499/7/3
f 534/6/3 499/6/3 533/6/3
f 534/7/3 501/7/3 500/7/3
f 535/7/3 501/7/3 534/7/3
f 536/8/3 503/8/3 502/8/3
f 536/7/3 501/7/3 535/7/3
f 536/8/3 502/8/3 501/8/3
f 537/7/3 504/7/3 503/7/3
f 537/8/3 503/8/3 536/8/3
f 538/5/3 505/5/3 504/5/3
f 538/7/3 504/7/3 537/7/3
f 539/5/3 507/5/3 506/5/3
f 539/15/3 506/15/3 505/15/3
f 540/6/3 509/6/3 508/6/3
f 540/5/3 507/5/3 539/5/3
f 540/6/3 508/6/3 507/6/3
f 541/6/3 509/6/3 540/6/3
f 542/14/3 510/14/3 509/14/3
f 542/6/3 509/6/3 541/6/3
f 543/6/3 511/6/3 510/6/3
f 543/14/3 510/14/3 542/14/3
f 544/15/3 512/15/3 478/15/3
f 544/6/3 511/6/3 543/6/3
f 544/6/3 478/6/3 511/6/3
f 545/15/3 514/15/3 513/15/3
f 545/6/3 513/6/3 512/6/3
f 546/15/3 514/15/3 545/15/3
f 547/19/3 516/19/3 515/19/3
f 548/1/3 517/1/3 516/1/3
f 548/19/3 516/19/3 547/19/3
f 549/5/3 518/5/3 517/5/3
f 549/1/3 517/1/3 548/1/3
f 550/9/3 519/9/3 518/9/3
f 550/5/3 518/5/3 549/5/3
f 551/19/3 520/19/3 519/19/3
f 551/9/3 519/9/3 550/9/3
f 552/4/3 521/4/3 520/4/3
f 552/19/3 520/19/3 551/19/3
f 553/20/3 522/20/3 521/20/3
f 553/4/3 521/4/3 552/4/3
f 554/19/3 523/19/3 522/19/3
f 554/20/3 522/20/3 553/20/3
f 555/4/3 524/4/3 523/4/3
f 555/19/3 523/19/3 554/19/3
f 556/27/3 525/27/3 524/27/3
f 556/4/3 524/4/3 555/4/3
f 557/22/3 526/22/3 525/22/3
f 557/27/3 525/27/3 556/27/3
f 558/27/3 527/27/3 526/27/3
f 558/22/3 526/22/3 557/22/3
f 559/23/3 528/23/3 527/23/3
f 559/27/3 527/27/3 558/27/3
f 560/27/3 529/27/3 528/27/3
f 560/23/3 528/23/3 559/23/3
f 561/23/3 530/23/3 529/23/3
f 561/27/3 529/27/3 560/27/3
f 562/27/3 531/27/3 530/27/3
f 562/23/3 530/23/3 561/23/3
f 563/11/3 532/11/3 531/11/3
f 563/27/3 531/27/3 562/27/3
f 564/8/3 533/8/3 532/8/3
f 564/11/3 532/11/3 563/11/3
f 565/7/3 534/7/3 533/7/3
f 565/8/3 533/8/3 564/8/3
f 566/6/3 535/6/3 534/6/3
f 566/7/3 534/7/3 565/7/3
f 567/14/3 536/14/3 535/14/3
f 567/6/3 535/6/3 566/6/3
f 568/7/3 537/7/3 536/7/3
f 568/14/3 536/14/3 567/14/3
f 569/7/3 537/7/3 568/7/3
f 570/6/3 538/6/3 537/6/3
f 570/7/3 537/7/3 569/7/3
f 571/5/3 505/5/3 538/5/3
f 571/6/3 538/6/3 570/6/3
f 572/15/3 539/15/3 505/15/3
f 572/5/3 505/5/3 571/5/3
f 573/13/3 540/13/3 539/13/3
f 573/15/3 539/15/3 572/15/3
f 574/15/3 541/15/3 540/15/3
f 574/13/3 540/13/3 573/13/3
f 575/6/3 543/6/3 542/6/3
f 575/15/3 541/15/3 574/15/3
f 575/6/3 542/6/3 541/6/3
f 576/15/3 544/15/3 543/15/3
f 576/6/3 543/6/3 575/6/3
f 577/15/3 544/15/3 576/15/3
f 578/15/3 512/15/3 544/15/3
f 578/15/3 544/15/3 577/15/3
f 579/6/3 545/6/3 512/6/3
f 579/15/3 512/15/3 578/15/3
f 579/6/3 546/6/3 545/6/3
f 580/6/3 546/6/3 579/6/3
f 581/6/3 546/6/3 580/6/3
f 582/19/3 549/19/3 548/19/3
f 582/5/3 550/5/3 549/5/3
f 583/10/3 551/10/3 550/10/3
f 583/5/3 550/5/3 582/5/3
f 584/4/3 552/4/3 551/4/3
f 584/10/3 551/10/3 583/10/3
f 585/20/3 553/20/3 552/20/3
f 585/4/3 552/4/3 584/4/3
f 586/19/3 555/19/3 554/19/3
f 586/20/3 553/20/3 585/20/3
f 586/19/3 556/19/3 555/19/3
f 586/19/3 554/19/3 553/19/3
f 587/19/3 556/19/3 586/19/3
f 588/19/3 556/19/3 587/19/3
f 589/20/3 557/20/3 556/20/3
f 589/19/3 556/19/3 588/19/3
f 590/27/3 558/27/3 557/27/3
f 590/20/3 557/20/3 589/20/3
f 591/26/3 559/26/3 558/26/3
f 591/27/3 558/27/3 590/27/3
f 592/27/3 560/27/3 559/27/3
f 592/26/3 559/26/3 591/26/3
f 593/23/3 561/23/3 560/23/3
f 593/27/3 560/27/3 592/27/3
f 594/27/3 562/27/3 561/27/3
f 594/23/3 561/23/3 593/23/3
f 595/23/3 563/23/3 562/23/3
f 595/27/3 562/27/3 594/27/3
f 596/27/3 564/27/3 563/27/3
f 596/23/3 563/23/3 595/23/3
f 597/12/3 565/12/3 564/12/3
f 597/27/3 564/27/3 596/27/3
f 598/7/3 566/7/3 565/7/3
f 598/12/3 565/12/3 597/12/3
f 598/7/3 567/7/3 566/7/3
f 599/7/3 567/7/3 598/7/3
f 600/6/3 568/6/3 567/6/3
f 600/7/3 567/7/3 599/7/3
f 601/6/3 568/6/3 600/6/3
f 602/7/3 569/7/3 568/7/3
f 602/6/3 568/6/3 601/6/3
f 603/6/3 570/6/3 569/6/3
f 603/7/3 569/7/3 602/7/3
f 604/7/3 571/7/3 570/7/3
f 604/6/3 570/6/3 603/6/3
f 605/7/3 571/7/3 604/7/3
f 606/15/3 572/15/3 571/15/3
f 606/7/3 571/7/3 605/7/3
f 607/7/3 574/7/3 573/7/3
f 607/15/3 572/15/3 606/15/3
f 607/7/3 573/7/3 572/7/3
f 607/7/3 575/7/3 574/7/3
f 608/15/3 576/15/3 575/15/3
f 608/7/3 575/7/3 607/7/3
f 609/14/3 577/14/3 576/14/3
f 609/15/3 576/15/3 608/15/3
f 610/15/3 578/15/3 577/15/3
f 610/14/3 577/14/3 609/14/3
f 611/6/3 580/6/3 579/6/3
f 611/6/3 579/6/3 578/6/3
f 612/15/3 581/15/3 580/15/3
f 612/6/3 580/6/3 611/6/3
f 613/15/3 581/15/3 612/15/3
f 614/4/3 548/4/3 547/4/3
f 615/19/3 582/19/3 548/19/3
f 615/4/3 548/4/3 614/4/3
f 615/19/3 583/19/3 582/19/3
f 616/3/3 584/3/3 583/3/3
f 616/19/3 583/19/3 615/19/3
f 617/4/3 585/4/3 584/4/3
f 617/3/3 584/3/3 616/3/3
f 618/19/3 586/19/3 585/19/3
f 618/4/3 585/4/3 617/4/3
f 619/20/3 587/20/3 586/20/3
f 619/19/3 586/19/3 618/19/3
f 620/19/3 588/19/3 587/19/3
f 620/20/3 587/20/3 619/20/3
f 621/20/3 589/20/3 588/20/3
f 621/19/3 588/19/3 620/19/3
f 622/4/3 590/4/3 589/4/3
f 622/20/3 589/20/3 621/20/3
f 623/20/3 591/20/3 590/20/3
f 623/4/3 590/4/3 622/4/3
f 624/27/3 592/27/3 591/27/3
f 624/20/3 591/20/3 623/20/3
f 625/26/3 594/26/3 593/26/3
f 625/27/3 592/27/3 624/27/3
f 625/26/3 593/26/3 592/26/3
f 626/26/3 594/26/3 625/26/3
f 627/23/3 595/23/3 594/23/3
f 627/26/3 594/26/3 626/26/3
f 628/26/3 596/26/3 595/26/3
f 628/23/3 595/23/3 627/23/3
f 628/26/3 597/26/3 596/26/3
f 629/26/3 597/26/3 628/26/3
f 630/8/3 599/8/3 598/8/3
f 630/26/3 597/26/3 629/26/3
f 630/8/3 598/8/3 597/8/3
f 631/8/3 599/8/3 630/8/3
f 632/15/3 601/15/3 600/15/3
f 632/8/3 599/8/3 631/8/3
f 632/15/3 600/15/3 599/15/3
f 633/6/3 602/6/3 601/6/3
f 633/15/3 601/15/3 632/15/3
f 633/6/3 603/6/3 602/6/3
f 634/7/3 604/7/3 603/7/3
f 634/6/3 603/6/3 633/6/3
f 635/6/3 605/6/3 604/6/3
f 635/7/3 604/7/3 634/7/3
f 636/14/3 606/14/3 605/14/3
f 636/6/3 605/6/3 635/6/3
f 636/14/3 607/14/3 606/14/3
f 637/6/3 608/6/3 607/6/3
f 637/14/3 607/14/3 636/14/3
f 638/6/3 608/6/3 637/6/3
f 639/6/3 608/6/3 638/6/3
f 640/14/3 609/14/3 608/14/3
f 640/6/3 608/6/3 639/6/3
f 641/14/3 609/14/3 640/14/3
f 642/6/3 610/6/3 609/6/3
f 642/14/3 609/14/3 641/14/3
f 643/15/3 578/15/3 610/15/3
f 643/6/3 610/6/3 642/6/3
f 644/6/3 611/6/3 578/6/3
f 644/15/3 578/15/3 643/15/3
f 645/15/3 612/15/3 611/15/3
f 645/6/3 611/6/3 644/6/3
f 646/4/3 616/4/3 615/4/3
f 646/4/3 618/4/3 617/4/3
f 646/4/3 617/4/3 616/4/3
f 647/4/3 618/4/3 646/4/3
f 648/20/3 619/20/3 618/20/3
f 648/4/3 618/4/3 647/4/3
f 649/4/3 620/4/3 619/4/3
f 649/20/3 619/20/3 648/20/3
f 650/20/3 621/20/3 620/20/3
f 650/4/3 620/4/3 649/4/3
f 651/3/3 622/3/3 621/3/3
f 651/20/3 621/20/3 650/20/3
f 652/13/3 623/13/3 622/13/3
f 652/3/3 622/3/3 651/3/3
f 653/3/3 624/3/3 623/3/3
f 653/13/3 623/13/3 652/13/3
f 654/27/3 626/27/3 625/27/3
f 654/5/3 625/5/3 624/5/3
f 655/26/3 627/26/3 626/26/3
f 655/27/3 626/27/3 654/27/3
f 655/26/3 629/26/3 628/26/3
f 655/26/3 628/26/3 627/26/3
f 656/26/3 629/26/3 655/26/3
f 657/24/3 630/24/3 629/24/3
f 657/26/3 629/26/3 656/26/3
f 658/7/3 631/7/3 630/7/3
f 658/24/3 630/24/3 657/24/3
f 659/8/3 633/8/3 632/8/3
f 659/7/3 631/7/3 658/7/3
f 659/8/3 632/8/3 631/8/3
f 660/8/3 633/8/3 659/8/3
f 661/8/3 633/8/3 660/8/3
f 662/7/3 634/7/3 633/7/3
f 662/8/3 633/8/3 661/8/3
f 663/7/3 634/7/3 662/7/3
f 664/15/3 635/15/3 634/15/3
f 664/7/3 634/7/3 663/7/3
f 664/15/3 636/15/3 635/15/3
f 665/15/3 636/15/3 664/15/3
f 666/6/3 637/6/3 636/6/3
f 666/15/3 636/15/3 665/15/3
f 666/6/3 638/6/3 637/6/3
f 667/15/3 639/15/3 638/15/3
f 667/6/3 638/6/3 666/6/3
f 668/14/3 640/14/3 639/14/3
f 668/15/3 639/15/3 667/15/3
f 669/6/3 641/6/3 640/6/3
f 669/14/3 640/14/3 668/14/3
f 670/14/3 642/14/3 641/14/3
f 670/6/3 641/6/3 669/6/3
f 671/15/3 643/15/3 642/15/3
f 671/14/3 642/14/3 670/14/3
f 672/6/3 644/6/3 643/6/3
f 672/15/3 643/15/3 671/15/3
f 673/15/3 645/15/3 644/15/3
f 673/6/3 644/6/3 672/6/3
f 674/15/3 612/15/3 645/15/3
f 674/15/3 645/15/3 673/15/3
f 675/7/3 613/7/3 612/7/3
f 675/15/3 612/15/3 674/15/3
f 676/7/3 613/7/3 675/7/3
f 677/4/3 649/4/3 648/4/3
f 677/4/3 648/4/3 647/4/3
f 678/4/3 649/4/3 677/4/3
f 679/5/3 654/5/3 624/5/3
f 679/3/3 624/3/3 653/3/3
f 680/24/3 655/24/3 654/24/3
f 680/5/3 654/5/3 679/5/3
f 681/26/3 656/26/3 655/26/3
f 681/24/3 655/24/3 680/24/3
f 682/24/3 657/24/3 656/24/3
f 682/26/3 656/26/3 681/26/3
f 683/8/3 658/8/3 657/8/3
f 683/24/3 657/24/3 682/24/3
f 683/8/3 659/8/3 658/8/3
f 684/8/3 659/8/3 683/8/3
f 685/7/3 660/7/3 659/7/3
f 685/8/3 659/8/3 684/8/3
f 686/8/3 661/8/3 660/8/3
f 686/7/3 660/7/3 685/7/3
f 687/10/3 662/10/3 661/10/3
f 687/8/3 661/8/3 686/8/3
f 688/2/3 663/2/3 662/2/3
f 688/10/3 662/10/3 687/10/3
f 689/13/3 664/13/3 663/13/3
f 689/2/3 663/2/3 688/2/3
f 690/8/3 665/8/3 664/8/3
f 690/13/3 664/13/3 689/13/3
f 691/15/3 667/15/3 666/15/3
f 691/7/3 666/7/3 665/7/3
f 692/6/3 669/6/3 668/6/3
f 692/15/3 667/15/3 691/15/3
f 692/6/3 668/6/3 667/6/3
f 693/7/3 670/7/3 669/7/3
f 693/6/3 669/6/3 692/6/3
f 694/15/3 671/15/3 670/15/3
f 694/7/3 670/7/3 693/7/3
f 695/6/3 672/6/3 671/6/3
f 695/15/3 671/15/3 694/15/3
f 696/15/3 673/15/3 672/15/3
f 696/6/3 672/6/3 695/6/3
f 697/7/3 674/7/3 673/7/3
f 697/15/3 673/15/3 696/15/3
f 698/15/3 675/15/3 674/15/3
f 698/7/3 674/7/3 697/7/3
f 699/8/3 676/8/3 675/8/3
f 699/15/3 675/15/3 698/15/3
f 700/4/3 649/4/3 678/4/3
f 700/8/3 678/8/3 677/8/3
f 701/5/3 650/5/3 649/5/3
f 701/4/3 649/4/3 700/4/3
f 702/9/3 651/9/3 650/9/3
f 702/5/3 650/5/3 701/5/3
f 703/13/3 652/13/3 651/13/3
f 703/9/3 651/9/3 702/9/3
f 704/2/3 653/2/3 652/2/3
f 704/13/3 652/13/3 703/13/3
f 705/3/3 679/3/3 653/3/3
f 705/2/3 653/2/3 704/2/3
f 706/13/3 680/13/3 679/13/3
f 706/3/3 679/3/3 705/3/3
f 707/20/3 681/20/3 680/20/3
f 707/13/3 680/13/3 706/13/3
f 708/24/3 682/24/3 681/24/3
f 708/20/3 681/20/3 707/20/3
f 709/24/3 682/24/3 708/24/3
f 710/7/3 683/7/3 682/7/3
f 710/24/3 682/24/3 709/24/3
f 710/7/3 684/7/3 683/7/3
f 711/8/3 685/8/3 684/8/3
f 711/7/3 684/7/3 710/7/3
f 711/8/3 686/8/3 685/8/3
f 712/7/3 687/7/3 686/7/3
f 712/8/3 686/8/3 711/8/3
f 713/8/3 689/8/3 688/8/3
f 713/7/3 687/7/3 712/7/3
f 713/8/3 690/8/3 689/8/3
f 713/8/3 688/8/3 687/8/3
f 714/8/3 690/8/3 713/8/3
f 715/8/3 665/8/3 690/8/3
f 715/8/3 690/8/3 714/8/3
f 716/7/3 691/7/3 665/7/3
f 716/8/3 665/8/3 715/8/3
f 716/7/3 693/7/3 692/7/3
f 716/7/3 692/7/3 691/7/3
f 717/7/3 693/7/3 716/7/3
f 718/7/3 693/7/3 717/7/3
f 719/7/3 693/7/3 718/7/3
f 720/7/3 693/7/3 719/7/3
f 721/6/3 694/6/3 693/6/3
f 721/7/3 693/7/3 720/7/3
f 722/14/3 695/14/3 694/14/3
f 722/6/3 694/6/3 721/6/3
f 723/6/3 696/6/3 695/6/3
f 723/14/3 695/14/3 722/14/3
f 724/7/3 697/7/3 696/7/3
f 724/6/3 696/6/3 723/6/3
f 725/15/3 698/15/3 697/15/3
f 725/7/3 697/7/3 724/7/3
f 726/7/3 699/7/3 698/7/3
f 726/15/3 698/15/3 725/15/3
f 727/8/3 700/8/3 677/8/3
f 728/7/3 701/7/3 700/7/3
f 728/8/3 700/8/3 727/8/3
f 729/20/3 702/20/3 701/20/3
f 729/7/3 701/7/3 728/7/3
f 730/3/3 703/3/3 702/3/3
f 730/20/3 702/20/3 729/20/3
f 731/2/3 704/2/3 703/2/3
f 731/3/3 703/3/3 730/3/3
f 732/3/3 705/3/3 704/3/3
f 732/2/3 704/2/3 731/2/3
f 733/5/3 706/5/3 705/5/3
f 733/3/3 705/3/3 732/3/3
f 734/20/3 707/20/3 706/20/3
f 734/5/3 706/5/3 733/5/3
f 735/8/3 708/8/3 707/8/3
f 735/20/3 707/20/3 734/20/3
f 736/7/3 709/7/3 708/7/3
f 736/8/3 708/8/3 735/8/3
f 737/8/3 711/8/3 710/8/3
f 737/7/3 709/7/3 736/7/3
f 737/8/3 710/8/3 709/8/3
f 738/7/3 712/7/3 711/7/3
f 738/8/3 711/8/3 737/8/3
f 739/8/3 713/8/3 712/8/3
f 739/7/3 712/7/3 738/7/3
f 740/7/3 714/7/3 713/7/3
f 740/8/3 713/8/3 739/8/3
f 741/7/3 714/7/3 740/7/3
f 742/8/3 715/8/3 714/8/3
f 742/7/3 714/7/3 741/7/3
f 743/7/3 716/7/3 715/7/3
f 743/8/3 715/8/3 742/8/3
f 744/8/3 717/8/3 716/8/3
f 744/7/3 716/7/3 743/7/3
f 745/7/3 718/7/3 717/7/3
f 745/8/3 717/8/3 744/8/3
f 746/15/3 719/15/3 718/15/3
f 746/7/3 718/7/3 745/7/3
f 747/7/3 720/7/3 719/7/3
f 747/15/3 719/15/3 746/15/3
f 748/6/3 721/6/3 720/6/3
f 748/7/3 720/7/3 747/7/3
f 748/6/3 723/6/3 722/6/3
f 748/6/3 722/6/3 721/6/3
f 749/6/3 723/6/3 748/6/3
f 750/6/3 723/6/3 749/6/3
f 751/6/3 723/6/3 750/6/3
f 752/15/3 724/15/3 723/15/3
f 752/6/3 723/6/3 751/6/3
f 753/8/3 725/8/3 724/8/3
f 753/15/3 724/15/3 752/15/3
f 754/7/3 726/7/3 725/7/3
f 754/7/3 699/7/3 726/7/3
f 755/8/3 676/8/3 699/8/3
f 755/7/3 699/7/3 754/7/3
f 756/8/3 676/8/3 755/8/3
f 758/8/3 729/8/3 728/8/3
f 759/7/3 730/7/3 729/7/3
f 759/8/3 729/8/3 758/8/3
f 760/20/3 732/20/3 731/20/3
f 760/7/3 730/7/3 759/7/3
f 760/20/3 731/20/3 730/20/3
f 761/5/3 733/5/3 732/5/3
f 761/20/3 732/20/3 760/20/3
f 762/7/3 736/7/3 735/7/3
f 762/5/3 733/5/3 761/5/3
f 762/7/3 735/7/3 734/7/3
f 762/7/3 734/7/3 733/7/3
f 763/8/3 737/8/3 736/8/3
f 763/7/3 736/7/3 762/7/3
f 764/7/3 738/7/3 737/7/3
f 764/8/3 737/8/3 763/8/3
f 765/7/3 738/7/3 764/7/3
f 766/8/3 739/8/3 738/8/3
f 766/7/3 738/7/3 765/7/3
f 767/7/3 741/7/3 740/7/3
f 767/8/3 739/8/3 766/8/3
f 767/7/3 740/7/3 739/7/3
f 768/7/3 741/7/3 767/7/3
f 769/15/3 742/15/3 741/15/3
f 769/7/3 741/7/3 768/7/3
f 769/15/3 743/15/3 742/15/3
f 770/8/3 744/8/3 743/8/3
f 770/15/3 743/15/3 769/15/3
f 771/7/3 745/7/3 744/7/3
f 771/8/3 744/8/3 770/8/3
f 772/15/3 746/15/3 745/15/3
f 772/7/3 745/7/3 771/7/3
f 773/6/3 747/6/3 746/6/3
f 773/15/3 746/15/3 772/15/3
f 773/6/3 748/6/3 747/6/3
f 774/6/3 748/6/3 773/6/3
f 775/7/3 749/7/3 748/7/3
f 775/6/3 748/6/3 774/6/3
f 776/15/3 750/15/3 749/15/3
f 776/7/3 749/7/3 775/7/3
f 777/6/3 751/6/3 750/6/3
f 777/15/3 750/15/3 776/15/3
f 778/15/3 752/15/3 751/15/3
f 778/6/3 751/6/3 777/6/3
f 779/7/3 753/7/3 752/7/3
f 779/15/3 752/15/3 778/15/3
f 780/8/3 725/8/3 753/8/3
f 780/7/3 753/7/3 779/7/3
f 781/7/3 754/7/3 725/7/3
f 781/8/3 725/8/3 780/8/3
f 782/24/3 755/24/3 754/24/3
f 782/7/3 754/7/3 781/7/3
f 783/24/3 755/24/3 782/24/3
f 785/8/3 760/8/3 759/8/3
f 785/7/3 759/7/3 758/7/3
f 786/7/3 761/7/3 760/7/3
f 786/8/3 760/8/3 785/8/3
f 786/7/3 762/7/3 761/7/3
f 787/8/3 763/8/3 762/8/3
f 787/7/3 762/7/3 786/7/3
f 788/8/3 763/8/3 787/8/3
f 789/7/3 764/7/3 763/7/3
f 789/8/3 763/8/3 788/8/3
f 789/7/3 765/7/3 764/7/3
f 790/7/3 765/7/3 789/7/3
f 791/8/3 766/8/3 765/8/3
f 791/7/3 765/7/3 790/7/3
f 792/7/3 768/7/3 767/7/3
f 792/8/3 766/8/3 791/8/3
f 792/7/3 767/7/3 766/7/3
f 793/7/3 768/7/3 792/7/3
f 794/7/3 768/7/3 793/7/3
f 795/15/3 769/15/3 768/15/3
f 795/7/3 768/7/3 794/7/3
f 796/7/3 771/7/3 770/7/3
f 796/15/3 769/15/3 795/15/3
f 796/7/3 770/7/3 769/7/3
f 797/8/3 772/8/3 771/8/3
f 797/7/3 771/7/3 796/7/3
f 798/7/3 773/7/3 772/7/3
f 798/8/3 772/8/3 797/8/3
f 799/15/3 774/15/3 773/15/3
f 799/7/3 773/7/3 798/7/3
f 800/6/3 776/6/3 775/6/3
f 800/15/3 774/15/3 799/15/3
f 800/6/3 775/6/3 774/6/3
f 801/7/3 777/7/3 776/7/3
f 801/6/3 776/6/3 800/6/3
f 802/15/3 779/15/3 778/15/3
f 802/7/3 777/7/3 801/7/3
f 802/15/3 778/15/3 777/15/3
f 803/15/3 779/15/3 802/15/3
f 804/8/3 780/8/3 779/8/3
f 804/15/3 779/15/3 803/15/3
f 805/22/3 781/22/3 780/22/3
f 805/8/3 780/8/3 804/8/3
f 806/24/3 782/24/3 781/24/3
f 806/22/3 781/22/3 805/22/3
f 807/21/3 783/21/3 782/21/3
f 807/24/3 782/24/3 806/24/3
f 808/24/3 784/24/3 783/24/3
f 808/21/3 783/21/3 807/21/3
f 809/24/3 784/24/3 808/24/3
f 811/7/3 785/7/3 758/7/3
f 811/8/3 758/8/3 757/8/3
f 811/7/3 786/7/3 785/7/3
f 812/7/3 786/7/3 811/7/3
f 813/8/3 787/8/3 786/8/3
f 813/7/3 786/7/3 812/7/3
f 814/8/3 787/8/3 813/8/3
f 815/8/3 787/8/3 814/8/3
f 816/15/3 788/15/3 787/15/3
f 816/8/3 787/8/3 815/8/3
f 817/7/3 789/7/3 788/7/3
f 817/15/3 788/15/3 816/15/3
f 818/8/3 790/8/3 789/8/3
f 818/7/3 789/7/3 817/7/3
f 819/8/3 790/8/3 818/8/3
f 820/15/3 791/15/3 790/15/3
f 820/8/3 790/8/3 819/8/3
f 821/7/3 792/7/3 791/7/3
f 821/15/3 791/15/3 820/15/3
f 822/15/3 793/15/3 792/15/3
f 822/7/3 792/7/3 821/7/3
f 823/7/3 794/7/3 793/7/3
f 823/15/3 793/15/3 822/15/3
f 824/8/3 795/8/3 794/8/3
f 824/7/3 794/7/3 823/7/3
f 825/7/3 796/7/3 795/7/3
f 825/8/3 795/8/3 824/8/3
f 826/15/3 799/15/3 798/15/3
f 826/7/3 796/7/3 825/7/3
f 826/15/3 800/15/3 799/15/3
f 826/15/3 801/15/3 800/15/3
f 826/15/3 797/15/3 796/15/3
f 826/15/3 798/15/3 797/15/3
f 827/15/3 801/15/3 826/15/3
f 828/15/3 801/15/3 827/15/3
f 829/15/3 801/15/3 828/15/3
f 830/15/3 801/15/3 829/15/3
f 831/15/3 801/15/3 830/15/3
f 832/8/3 802/8/3 801/8/3
f 832/15/3 801/15/3 831/15/3
f 833/15/3 803/15/3 802/15/3
f 833/8/3 802/8/3 832/8/3
f 834/8/3 804/8/3 803/8/3
f 834/15/3 803/15/3 833/15/3
f 835/22/3 805/22/3 804/22/3
f 835/8/3 804/8/3 834/8/3
f 836/21/3 806/21/3 805/21/3
f 836/22/3 805/22/3 835/22/3
f 837/8/3 807/8/3 806/8/3
f 837/21/3 806/21/3 836/21/3
f 838/24/3 808/24/3 807/24/3
f 838/8/3 807/8/3 837/8/3
f 839/23/3 809/23/3 808/23/3
f 839/24/3 808/24/3 838/24/3
f 840/27/3 810/27/3 809/27/3
f 840/23/3 809/23/3 839/23/3
f 841/27/3 810/27/3 840/27/3
f 843/8/3 811/8/3 757/8/3
f 844/15/3 812/15/3 811/15/3
f 844/8/3 811/8/3 843/8/3
f 845/7/3 814/7/3 813/7/3
f 845/15/3 812/15/3 844/15/3
f 845/7/3 813/7/3 812/7/3
f 846/7/3 814/7/3 845/7/3
f 847/15/3 815/15/3 814/15/3
f 847/7/3 814/7/3 846/7/3
f 848/7/3 816/7/3 815/7/3
f 848/15/3 815/15/3 847/15/3
f 849/8/3 817/8/3 816/8/3
f 849/7/3 816/7/3 848/7/3
f 850/15/3 818/15/3 817/15/3
f 850/8/3 817/8/3 849/8/3
f 850/15/3 819/15/3 818/15/3
f 851/7/3 820/7/3 819/7/3
f 851/15/3 819/15/3 850/15/3
f 851/7/3 822/7/3 821/7/3
f 851/7/3 821/7/3 820/7/3
f 852/7/3 822/7/3 851/7/3
f 853/8/3 823/8/3 822/8/3
f 853/7/3 822/7/3 852/7/3
f 854/7/3 824/7/3 823/7/3
f 854/8/3 823/8/3 853/8/3
f 855/15/3 825/15/3 824/15/3
f 855/7/3 824/7/3 854/7/3
f 856/7/3 826/7/3 825/7/3
f 856/15/3 825/15/3 855/15/3
f 856/7/3 827/7/3 826/7/3
f 857/8/3 828/8/3 827/8/3
f 857/7/3 827/7/3 856/7/3
f 858/7/3 829/7/3 828/7/3
f 858/8/3 828/8/3 857/8/3
f 859/15/3 830/15/3 829/15/3
f 859/7/3 829/7/3 858/7/3
f 860/7/3 831/7/3 830/7/3
f 860/15/3 830/15/3 859/15/3
f 861/15/3 832/15/3 831/15/3
f 861/7/3 831/7/3 860/7/3
f 862/24/3 833/24/3 832/24/3
f 862/15/3 832/15/3 861/15/3
f 862/24/3 834/24/3 833/24/3
f 863/24/3 834/24/3 862/24/3
f 864/23/3 835/23/3 834/23/3
f 864/24/3 834/24/3 863/24/3
f 865/15/3 836/15/3 835/15/3
f 865/23/3 835/23/3 864/23/3
f 866/23/3 837/23/3 836/23/3
f 866/15/3 836/15/3 865/15/3
f 867/7/3 838/7/3 837/7/3
f 867/23/3 837/23/3 866/23/3
f 868/7/3 838/7/3 867/7/3
f 869/24/3 840/24/3 839/24/3
f 870/15/3 846/15/3 845/15/3
f 870/8/3 845/8/3 844/8/3
f 871/8/3 848/8/3 847/8/3
f 871/15/3 846/15/3 870/15/3
f 871/8/3 847/8/3 846/8/3
f 872/8/3 848/8/3 871/8/3
f 873/15/3 849/15/3 848/15/3
f 873/8/3 848/8/3 872/8/3
f 873/15/3 850/15/3 849/15/3
f 874/15/3 850/15/3 873/15/3
f 875/7/3 851/7/3 850/7/3
f 875/15/3 850/15/3 874/15/3
f 876/15/3 852/15/3 851/15/3
f 876/7/3 851/7/3 875/7/3
f 877/8/3 853/8/3 852/8/3
f 877/15/3 852/15/3 876/15/3
f 878/15/3 854/15/3 853/15/3
f 878/8/3 853/8/3 877/8/3
f 878/15/3 855/15/3 854/15/3
f 879/15/3 855/15/3 878/15/3
f 880/8/3 857/8/3 856/8/3
f 880/15/3 855/15/3 879/15/3
f 880/8/3 856/8/3 855/8/3
f 881/8/3 857/8/3 880/8/3
f 882/15/3 859/15/3 858/15/3
f 882/8/3 857/8/3 881/8/3
f 882/15/3 858/15/3 857/15/3
f 883/15/3 859/15/3 882/15/3
f 884/7/3 860/7/3 859/7/3
f 884/15/3 859/15/3 883/15/3
f 885/8/3 861/8/3 860/8/3
f 885/7/3 860/7/3 884/7/3
f 886/21/3 863/21/3 862/21/3
f 886/24/3 862/24/3 861/24/3
f 887/22/3 864/22/3 863/22/3
f 887/21/3 863/21/3 886/21/3
f 888/15/3 865/15/3 864/15/3
f 888/22/3 864/22/3 887/22/3
f 889/7/3 866/7/3 865/7/3
f 889/15/3 865/15/3 888/15/3
f 890/23/3 867/23/3 866/23/3
f 890/7/3 866/7/3 889/7/3
f 891/24/3 869/24/3 868/24/3
f 891/23/3 867/23/3 890/23/3
f 891/24/3 868/24/3 867/24/3
f 892/24/3 869/24/3 891/24/3
f 893/24/3 840/24/3 869/24/3
f 893/24/3 869/24/3 892/24/3
f 893/23/3 841/23/3 840/23/3
f 894/27/3 842/27/3 841/27/3
f 894/23/3 841/23/3 893/23/3
f 895/27/3 842/27/3 894/27/3
f 897/8/3 870/8/3 844/8/3
f 897/8/3 871/8/3 870/8/3
f 898/8/3 871/8/3 897/8/3
f 899/7/3 872/7/3 871/7/3
f 899/8/3 871/8/3 898/8/3
f 900/15/3 873/15/3 872/15/3
f 900/7/3 872/7/3 899/7/3
f 900/15/3 874/15/3 873/15/3
f 901/7/3 875/7/3 874/7/3
f 901/15/3 874/15/3 900/15/3
f 902/7/3 875/7/3 901/7/3
f 903/15/3 876/15/3 875/15/3
f 903/7/3 875/7/3 902/7/3
f 904/15/3 876/15/3 903/15/3
f 905/8/3 877/8/3 876/8/3
f 905/15/3 876/15/3 904/15/3
f 906/15/3 878/15/3 877/15/3
f 906/8/3 877/8/3 905/8/3
f 907/15/3 878/15/3 906/15/3
f 908/7/3 879/7/3 878/7/3
f 908/15/3 878/15/3 907/15/3
f 909/8/3 880/8/3 879/8/3
f 909/7/3 879/7/3 908/7/3
f 910/7/3 881/7/3 880/7/3
f 910/8/3 880/8/3 909/8/3
f 911/15/3 882/15/3 881/15/3
f 911/7/3 881/7/3 910/7/3
f 912/6/3 883/6/3 882/6/3
f 912/15/3 882/15/3 911/15/3
f 913/8/3 884/8/3 883/8/3
f 913/6/3 883/6/3 912/6/3
f 913/8/3 885/8/3 884/8/3
f 914/8/3 885/8/3 913/8/3
f 915/8/3 885/8/3 914/8/3
f 916/24/3 886/24/3 861/24/3
f 916/8/3 885/8/3 915/8/3
f 916/8/3 861/8/3 885/8/3
f 917/23/3 887/23/3 886/23/3
f 917/24/3 886/24/3 916/24/3
f 918/21/3 888/21/3 887/21/3
f 918/23/3 887/23/3 917/23/3
f 919/24/3 889/24/3 888/24/3
f 919/21/3 888/21/3 918/21/3
f 920/8/3 890/8/3 889/8/3
f 920/24/3 889/24/3 919/24/3
f 921/23/3 891/23/3 890/23/3
f 921/8/3 890/8/3 920/8/3
f 922/21/3 892/21/3 891/21/3
f 922/23/3 891/23/3 921/23/3
f 923/23/3 893/23/3 892/23/3
f 923/21/3 892/21/3 922/21/3
f 924/23/3 893/23/3 923/23/3
f 925/27/3 894/27/3 893/27/3
f 925/23/3 893/23/3 924/23/3
f 926/27/3 894/27/3 925/27/3
f 927/8/3 898/8/3 897/8/3
f 927/8/3 897/8/3 896/8/3
f 928/15/3 900/15/3 899/15/3
f 928/8/3 898/8/3 927/8/3
f 928/15/3 899/15/3 898/15/3
f 929/15/3 900/15/3 928/15/3
f 930/7/3 901/7/3 900/7/3
f 930/15/3 900/15/3 929/15/3
f 931/7/3 901/7/3 930/7/3
f 932/15/3 902/15/3 901/15/3
f 932/7/3 901/7/3 931/7/3
f 933/8/3 903/8/3 902/8/3
f 933/15/3 902/15/3 932/15/3
f 934/7/3 904/7/3 903/7/3
f 934/8/3 903/8/3 933/8/3
f 935/8/3 905/8/3 904/8/3
f 935/7/3 904/7/3 934/7/3
f 936/15/3 907/15/3 906/15/3
f 936/8/3 905/8/3 935/8/3
f 936/15/3 906/15/3 905/15/3
f 937/15/3 907/15/3 936/15/3
f 938/7/3 908/7/3 907/7/3
f 938/15/3 907/15/3 937/15/3
f 939/8/3 909/8/3 908/8/3
f 939/7/3 908/7/3 938/7/3
f 940/7/3 910/7/3 909/7/3
f 940/8/3 909/8/3 939/8/3
f 941/8/3 911/8/3 910/8/3
f 941/7/3 910/7/3 940/7/3
f 941/8/3 912/8/3 911/8/3
f 941/8/3 913/8/3 912/8/3
f 942/8/3 913/8/3 941/8/3
f 943/8/3 913/8/3 942/8/3
f 944/7/3 914/7/3 913/7/3
f 944/8/3 913/8/3 943/8/3
f 945/7/3 914/7/3 944/7/3
f 946/15/3 915/15/3 914/15/3
f 946/7/3 914/7/3 945/7/3
f 947/8/3 917/8/3 916/8/3
f 947/15/3 915/15/3 946/15/3
f 947/8/3 916/8/3 915/8/3
f 948/24/3 918/24/3 917/24/3
f 948/8/3 917/8/3 947/8/3
f 949/23/3 919/23/3 918/23/3
f 949/24/3 918/24/3 948/24/3
f 949/23/3 920/23/3 919/23/3
f 950/24/3 921/24/3 920/24/3
f 950/23/3 920/23/3 949/23/3
f 951/23/3 922/23/3 921/23/3
f 951/24/3 921/24/3 950/24/3
f 952/24/3 924/24/3 923/24/3
f 952/23/3 922/23/3 951/23/3
f 952/24/3 923/24/3 922/24/3
f 953/27/3 925/27/3 924/27/3
f 953/24/3 924/24/3 952/24/3
f 954/27/3 925/27/3 953/27/3
f 955/8/3 927/8/3 896/8/3
f 956/7/3 928/7/3 927/7/3
f 956/8/3 927/8/3 955/8/3
f 957/8/3 929/8/3 928/8/3
f 957/7/3 928/7/3 956/7/3
f 958/7/3 931/7/3 930/7/3
f 958/8/3 929/8/3 957/8/3
f 958/7/3 930/7/3 929/7/3
f 959/8/3 933/8/3 932/8/3
f 959/7/3 931/7/3 958/7/3
f 959/8/3 932/8/3 931/8/3
f 960/7/3 934/7/3 933/7/3
f 960/8/3 933/8/3 959/8/3
f 961/8/3 935/8/3 934/8/3
f 961/7/3 934/7/3 960/7/3
f 962/7/3 936/7/3 935/7/3
f 962/8/3 935/8/3 961/8/3
f 963/15/3 937/15/3 936/15/3
f 963/7/3 936/7/3 962/7/3
f 964/7/3 938/7/3 937/7/3
f 964/15/3 937/15/3 963/15/3
f 965/8/3 939/8/3 938/8/3
f 965/7/3 938/7/3 964/7/3
f 966/15/3 940/15/3 939/15/3
f 966/8/3 939/8/3 965/8/3
f 967/8/3 942/8/3 941/8/3
f 967/15/3 940/15/3 966/15/3
f 967/8/3 941/8/3 940/8/3
f 968/8/3 942/8/3 967/8/3
f 969/7/3 943/7/3 942/7/3
f 969/8/3 942/8/3 968/8/3
f 970/15/3 944/15/3 943/15/3
f 970/7/3 943/7/3 969/7/3
f 971/15/3 944/15/3 970/15/3
f 972/6/3 945/6/3 944/6/3
f 972/15/3 944/15/3 971/15/3
f 973/7/3 946/7/3 945/7/3
f 973/6/3 945/6/3 972/6/3
f 974/8/3 947/8/3 946/8/3
f 974/7/3 946/7/3 973/7/3
f 975/8/3 947/8/3 974/8/3
f 976/24/3 950/24/3 949/24/3
f 977/23/3 951/23/3 950/23/3
f 977/24/3 950/24/3 976/24/3
f 978/24/3 952/24/3 951/24/3
f 978/23/3 951/23/3 977/23/3
f 979/24/3 952/24/3 978/24/3
f 980/8/3 957/8/3 956/8/3
f 981/7/3 958/7/3 957/7/3
f 981/8/3 957/8/3 980/8/3
f 982/8/3 959/8/3 958/8/3
f 982/7/3 958/7/3 981/7/3
f 983/7/3 960/7/3 959/7/3
f 983/8/3 959/8/3 982/8/3
f 984/8/3 961/8/3 960/8/3
f 984/7/3 960/7/3 983/7/3
f 985/15/3 963/15/3 962/15/3
f 985/8/3 961/8/3 984/8/3
f 985/15/3 962/15/3 961/15/3
f 986/7/3 964/7/3 963/7/3
f 986/15/3 963/15/3 985/15/3
f 987/8/3 965/8/3 964/8/3
f 987/7/3 964/7/3 986/7/3
f 988/7/3 966/7/3 965/7/3
f 988/8/3 965/8/3 987/8/3
f 989/8/3 967/8/3 966/8/3
f 989/7/3 966/7/3 988/7/3
f 990/7/3 968/7/3 967/7/3
f 990/8/3 967/8/3 989/8/3
f 991/15/3 969/15/3 968/15/3
f 991/7/3 968/7/3 990/7/3
f 992/6/3 970/6/3 969/6/3
f 992/15/3 969/15/3 991/15/3
f 993/7/3 971/7/3 970/7/3
f 993/6/3 970/6/3 992/6/3
f 994/8/3 972/8/3 971/8/3
f 994/7/3 971/7/3 993/7/3
f 994/8/3 973/8/3 972/8/3
f 995/8/3 973/8/3 994/8/3
f 996/24/3 978/24/3 977/24/3
f 997/24/3 978/24/3 996/24/3
f 998/7/3 983/7/3 982/7/3
f 999/8/3 984/8/3 983/8/3
f 999/7/3 983/7/3 998/7/3
f 1000/15/3 985/15/3 984/15/3
f 1000/8/3 984/8/3 999/8/3
f 1001/7/3 986/7/3 985/7/3
f 1001/15/3 985/15/3 1000/15/3
f 1002/7/3 986/7/3 1001/7/3
f 1003/8/3 987/8/3 986/8/3
f 1003/7/3 986/7/3 1002/7/3
f 1004/7/3 988/7/3 987/7/3
f 1004/8/3 987/8/3 1003/8/3
f 1005/6/3 989/6/3 988/6/3
f 1005/7/3 988/7/3 1004/7/3
f 1006/7/3 990/7/3 989/7/3
f 1006/6/3 989/6/3 1005/6/3
f 1007/15/3 991/15/3 990/15/3
f 1007/7/3 990/7/3 1006/7/3
f 1008/7/3 992/7/3 991/7/3
f 1008/15/3 991/15/3 1007/15/3
f 1009/8/3 993/8/3 992/8/3
f 1009/7/3 992/7/3 1008/7/3
f 1010/8/3 993/8/3 1009/8/3
f 1011/8/3 982/8/3 981/8/3
f 1012/7/3 998/7/3 982/7/3
f 1012/8/3 982/8/3 1011/8/3
f 1013/15/3 999/15/3 998/15/3
f 1013/7/3 998/7/3 1012/7/3
f 1014/7/3 1000/7/3 999/7/3
f 1014/15/3 999/15/3 1013/15/3
f 1014/7/3 1002/7/3 1001/7/3
f 1014/7/3 1001/7/3 1000/7/3
f 1015/7/3 1002/7/3 1014/7/3
f 1016/7/3 1002/7/3 1015/7/3
f 1017/8/3 1003/8/3 1002/8/3
f 1017/7/3 1002/7/3 1016/7/3
f 1018/7/3 1004/7/3 1003/7/3
f 1018/8/3 1003/8/3 1017/8/3
f 1019/15/3 1005/15/3 1004/15/3
f 1019/7/3 1004/7/3 1018/7/3
f 1020/8/3 1006/8/3 1005/8/3
f 1020/15/3 1005/15/3 1019/15/3
f 1021/15/3 1007/15/3 1006/15/3
f 1021/8/3 1006/8/3 1020/8/3
f 1022/8/3 1008/8/3 1007/8/3
f 1022/15/3 1007/15/3 1021/15/3
f 1023/8/3 1008/8/3 1022/8/3
f 1024/8/3 1013/8/3 1012/8/3
f 1024/8/3 1014/8/3 1013/8/3
f 1025/8/3 1014/8/3 1024/8/3
f 1026/7/3 1015/7/3 1014/7/3
f 1026/8/3 1014/8/3 1025/8/3
f 1027/15/3 1016/15/3 1015/15/3
f 1027/7/3 1015/7/3 1026/7/3
f 1028/8/3 1017/8/3 1016/8/3
f 1028/15/3 1016/15/3 1027/15/3
f 1029/8/3 1017/8/3 1028/8/3
f 1030/15/3 1018/15/3 1017/15/3
f 1030/8/3 1017/8/3 1029/8/3
f 1030/15/3 1019/15/3 1018/15/3
f 1031/15/3 1019/15/3 1030/15/3
f 1032/8/3 1020/8/3 1019/8/3
f 1032/15/3 1019/15/3 1031/15/3
f 1033/7/3 1021/7/3 1020/7/3
f 1033/8/3 1020/8/3 1032/8/3
f 1034/8/3 1022/8/3 1021/8/3
f 1034/7/3 1021/7/3 1033/7/3
f 1035/8/3 1022/8/3 1034/8/3
f 1036/8/3 1029/8/3 1028/8/3
f 1036/8/3 1026/8/3 1025/8/3
f 1036/8/3 1027/8/3 1026/8/3
f 1036/8/3 1028/8/3 1027/8/3
f 1037/8/3 1029/8/3 1036/8/3
f 1038/8/3 1029/8/3 1037/8/3
f 1039/8/3 1029/8/3 1038/8/3
f 1040/15/3 1030/15/3 1029/15/3
f 1040/8/3 1029/8/3 1039/8/3
f 1041/6/3 1031/6/3 1030/6/3
f 1041/15/3 1030/15/3 1040/15/3
f 1042/8/3 1032/8/3 1031/8/3
f 1042/6/3 1031/6/3 1041/6/3
f 1043/15/3 1033/15/3 1032/15/3
f 1043/8/3 1032/8/3 1042/8/3
f 1044/8/3 1034/8/3 1033/8/3
f 1044/15/3 1033/15/3 1043/15/3
f 1045/8/3 1034/8/3 1044/8/3
f 1046/8/3 1038/8/3 1037/8/3
f 1047/15/3 1039/15/3 1038/15/3
f 1047/8/3 1038/8/3 1046/8/3
f 1048/6/3 1041/6/3 1040/6/3
f 1048/15/3 1039/15/3 1047/15/3
f 1048/6/3 1040/6/3 1039/6/3
f 1049/8/3 1042/8/3 1041/8/3
f 1049/6/3 1041/6/3 1048/6/3
f 1050/7/3 1043/7/3 1042/7/3
f 1050/8/3 1042/8/3 1049/8/3
f 1051/8/3 1044/8/3 1043/8/3
f 1051/7/3 1043/7/3 1050/7/3
f 1052/8/3 1044/8/3 1051/8/3
f 1053/8/3 1048/8/3 1047/8/3
f 1053/8/3 1049/8/3 1048/8/3
f 1054/8/3 1049/8/3 1053/8/3
f 1055/15/3 1050/15/3 1049/15/3
f 1055/8/3 1049/8/3 1054/8/3
f 1056/8/3 1051/8/3 1050/8/3
f 1056/15/3 1050/15/3 1055/15/3
f 1057/8/3 1051/8/3 1056/8/3
f 1058/8/3 1055/8/3 1054/8/3
f 1058/8/3 1056/8/3 1055/8/3
f 1059/8/3 1056/8/3 1058/8/3
f 1060/6/4 1061/6/4 1062/6/4
f 1062/6/4 1061/6/4 1063/6/4
f 1062/15/4 1063/15/4 1071/15/4
f 1063/6/4 1064/6/4 1072/6/4
f 1071/15/4 1063/15/4 1072/15/4
f 1064/15/4 1065/15/4 1073/15/4
f 1072/6/4 1064/6/4 1073/6/4
f 1073/15/4 1065/15/4 1074/15/4
f 1074/15/4 1065/15/4 1075/15/4
f 1066/20/4 1067/20/4 1079/20/4
f 1067/13/4 1068/13/4 1080/13/4
f 1079/20/4 1067/20/4 1080/20/4
f 1068/3/4 1069/3/4 1081/3/4
f 1080/13/4 1068/13/4 1081/13/4
f 1081/3/4 1069/3/4 1082/3/4
f 1070/8/4 1071/8/4 1085/8/4
f 1071/7/4 1072/7/4 1086/7/4
f 1072/7/4 1073/7/4 1086/7/4
f 1085/8/4 1071/8/4 1086/8/4
f 1086/7/4 1073/7/4 1087/7/4
f 1073/15/4 1074/15/4 1088/15/4
f 1087/7/4 1073/7/4 1088/7/4
f 1074/6/4 1075/6/4 1089/6/4
f 1088/15/4 1074/15/4 1089/15/4
f 1075/15/4 1076/15/4 1090/15/4
f 1089/6/4 1075/6/4 1090/6/4
f 1076/7/4 1077/7/4 1091/7/4
f 1090/15/4 1076/15/4 1091/15/4
f 1091/7/4 1077/7/4 1092/7/4
f 1078/20/4 1079/20/4 1095/20/4
f 1079/5/4 1080/5/4 1096/5/4
f 1095/20/4 1079/20/4 1096/20/4
f 1080/2/4 1081/2/4 1097/2/4
f 1096/5/4 1080/5/4 1097/5/4
f 1081/9/4 1082/9/4 1098/9/4
f 1097/2/4 1081/2/4 1098/2/4
f 1082/13/4 1083/13/4 1099/13/4
f 1098/9/4 1082/9/4 1099/9/4
f 1099/13/4 1083/13/4 1100/13/4
f 1084/7/4 1085/7/4 1106/7/4
f 1106/7/4 1085/7/4 1107/7/4
f 1086/15/4 1087/15/4 1108/15/4
f 1107/7/4 1085/7/4 1108/7/4
f 1085/15/4 1086/15/4 1108/15/4
f 1108/15/4 1087/15/4 1109/15/4
f 1087/8/4 1088/8/4 1110/8/4
f 1109/15/4 1087/15/4 1110/15/4
f 1088/7/4 1089/7/4 1111/7/4
f 1110/8/4 1088/8/4 1111/8/4
f 1089/15/4 1090/15/4 1112/15/4
f 1111/7/4 1089/7/4 1112/7/4
f 1112/15/4 1090/15/4 1113/15/4
f 1090/6/4 1091/6/4 1114/6/4
f 1113/15/4 1090/15/4 1114/15/4
f 1091/14/4 1092/14/4 1115/14/4
f 1114/6/4 1091/6/4 1115/6/4
f 1092/7/4 1093/7/4 1116/7/4
f 1115/14/4 1092/14/4 1116/14/4
f 1116/7/4 1093/7/4 1117/7/4
f 1094/19/4 1095/19/4 1120/19/4
f 1095/19/4 1096/19/4 1120/19/4
f 1120/19/4 1096/19/4 1121/19/4
f 1096/4/4 1097/4/4 1122/4/4
f 1121/19/4 1096/19/4 1122/19/4
f 1097/5/4 1098/5/4 1123/5/4
f 1122/4/4 1097/4/4 1123/4/4
f 1098/3/4 1099/3/4 1124/3/4
f 1123/5/4 1098/5/4 1124/5/4
f 1099/3/4 1100/3/4 1124/3/4
f 1124/3/4 1100/3/4 1125/3/4
f 1100/13/4 1101/13/4 1126/13/4
f 1125/3/4 1100/3/4 1126/3/4
f 1101/7/4 1102/7/4 1127/7/4
f 1126/13/4 1101/13/4 1127/13/4
f 1102/15/4 1103/15/4 1128/15/4
f 1127/7/4 1102/7/4 1128/7/4
f 1128/15/4 1103/15/4 1129/15/4
f 1104/3/4 1105/3/4 1133/3/4
f 1133/3/4 1105/3/4 1134/3/4
f 1105/1/4 1106/1/4 1135/1/4
f 1134/3/4 1105/3/4 1135/3/4
f 1106/13/4 1107/13/4 1136/13/4
f 1135/1/4 1106/1/4 1136/1/4
f 1108/8/4 1109/8/4 1137/8/4
f 1136/13/4 1107/13/4 1137/13/4
f 1107/8/4 1108/8/4 1137/8/4
f 1137/8/4 1109/8/4 1138/8/4
f 1109/7/4 1110/7/4 1139/7/4
f 1138/8/4 1109/8/4 1139/8/4
f 1110/15/4 1111/15/4 1140/15/4
f 1139/7/4 1110/7/4 1140/7/4
f 1112/6/4 1113/6/4 1141/6/4
f 1140/15/4 1111/15/4 1141/15/4
f 1111/6/4 1112/6/4 1141/6/4
f 1141/6/4 1113/6/4 1142/6/4
f 1113/14/4 1114/14/4 1143/14/4
f 1142/6/4 1113/6/4 1143/6/4
f 1114/15/4 1115/15/4 1144/15/4
f 1143/14/4 1114/14/4 1144/14/4
f 1116/6/4 1117/6/4 1145/6/4
f 1144/15/4 1115/15/4 1145/15/4
f 1115/6/4 1116/6/4 1145/6/4
f 1145/6/4 1117/6/4 1146/6/4
f 1117/15/4 1118/15/4 1147/15/4
f 1146/6/4 1117/6/4 1147/6/4
f 1147/15/4 1118/15/4 1148/15/4
f 1120/19/4 1121/19/4 1150/19/4
f 1119/19/4 1120/19/4 1150/19/4
f 1121/13/4 1122/13/4 1151/13/4
f 1150/19/4 1121/19/4 1151/19/4
f 1122/19/4 1123/19/4 1152/19/4
f 1151/13/4 1122/13/4 1152/13/4
f 1123/19/4 1124/19/4 1152/19/4
f 1152/19/4 1124/19/4 1153/19/4
f 1124/20/4 1125/20/4 1154/20/4
f 1153/19/4 1124/19/4 1154/19/4
f 1125/5/4 1126/5/4 1155/5/4
f 1154/20/4 1125/20/4 1155/20/4
f 1126/3/4 1127/3/4 1156/3/4
f 1155/5/4 1126/5/4 1156/5/4
f 1127/20/4 1128/20/4 1157/20/4
f 1156/3/4 1127/3/4 1157/3/4
f 1128/27/4 1129/27/4 1158/27/4
f 1157/20/4 1128/20/4 1158/20/4
f 1129/27/4 1130/27/4 1158/27/4
f 1158/27/4 1130/27/4 1159/27/4
f 1130/7/4 1131/7/4 1160/7/4
f 1159/27/4 1130/27/4 1160/27/4
f 1160/7/4 1131/7/4 1161/7/4
f 1132/13/4 1133/13/4 1163/13/4
f 1133/2/4 1134/2/4 1164/2/4
f 1163/13/4 1133/13/4 1164/13/4
f 1134/9/4 1135/9/4 1165/9/4
f 1164/2/4 1134/2/4 1165/2/4
f 1135/9/4 1136/9/4 1165/9/4
f 1136/9/4 1137/9/4 1165/9/4
f 1165/9/4 1137/9/4 1166/9/4
f 1137/3/4 1138/3/4 1167/3/4
f 1166/9/4 1137/9/4 1167/9/4
f 1138/7/4 1139/7/4 1168/7/4
f 1167/3/4 1138/3/4 1168/3/4
f 1139/15/4 1140/15/4 1169/15/4
f 1168/7/4 1139/7/4 1169/7/4
f 1141/6/4 1142/6/4 1170/6/4
f 1169/15/4 1140/15/4 1170/15/4
f 1140/6/4 1141/6/4 1170/6/4
f 1142/15/4 1143/15/4 1171/15/4
f 1170/6/4 1142/6/4 1171/6/4
f 1143/15/4 1144/15/4 1171/15/4
f 1171/15/4 1144/15/4 1172/15/4
f 1145/14/4 1146/14/4 1173/14/4
f 1172/15/4 1144/15/4 1173/15/4
f 1144/14/4 1145/14/4 1173/14/4
f 1173/14/4 1146/14/4 1174/14/4
f 1146/15/4 1147/15/4 1175/15/4
f 1174/14/4 1146/14/4 1175/14/4
f 1147/6/4 1148/6/4 1176/6/4
f 1175/15/4 1147/15/4 1176/15/4
f 1148/15/4 1149/15/4 1177/15/4
f 1176/6/4 1148/6/4 1177/6/4
f 1177/15/4 1149/15/4 1178/15/4
f 1119/19/4 1150/19/4 1183/19/4
f 1150/13/4 1151/13/4 1184/13/4
f 1183/19/4 1150/19/4 1184/19/4
f 1151/19/4 1152/19/4 1185/19/4
f 1184/13/4 1151/13/4 1185/13/4
f 1152/20/4 1153/20/4 1186/20/4
f 1185/19/4 1152/19/4 1186/19/4
f 1153/13/4 1154/13/4 1187/13/4
f 1186/20/4 1153/20/4 1187/20/4
f 1154/19/4 1155/19/4 1188/19/4
f 1187/13/4 1154/13/4 1188/13/4
f 1155/4/4 1156/4/4 1189/4/4
f 1188/19/4 1155/19/4 1189/19/4
f 1156/27/4 1157/27/4 1190/27/4
f 1189/4/4 1156/4/4 1190/4/4
f 1157/27/4 1158/27/4 1190/27/4
f 1190/27/4 1158/27/4 1191/27/4
f 1158/26/4 1159/26/4 1192/26/4
f 1191/27/4 1158/27/4 1192/27/4
f 1159/23/4 1160/23/4 1193/23/4
f 1192/26/4 1159/26/4 1193/26/4
f 1160/27/4 1161/27/4 1194/27/4
f 1193/23/4 1160/23/4 1194/23/4
f 1161/7/4 1162/7/4 1195/7/4
f 1194/27/4 1161/27/4 1195/27/4
f 1162/13/4 1163/13/4 1196/13/4
f 1195/7/4 1162/7/4 1196/7/4
f 1163/9/4 1164/9/4 1197/9/4
f 1164/9/4 1165/9/4 1197/9/4
f 1165/10/4 1166/10/4 1198/10/4
f 1197/9/4 1165/9/4 1198/9/4
f 1198/10/4 1166/10/4 1199/10/4
f 1166/9/4 1167/9/4 1200/9/4
f 1199/10/4 1166/10/4 1200/10/4
f 1167/9/4 1168/9/4 1200/9/4
f 1168/3/4 1169/3/4 1201/3/4
f 1200/9/4 1168/9/4 1201/9/4
f 1169/5/4 1170/5/4 1202/5/4
f 1201/3/4 1169/3/4 1202/3/4
f 1170/7/4 1171/7/4 1203/7/4
f 1202/5/4 1170/5/4 1203/5/4
f 1203/7/4 1171/7/4 1204/7/4
f 1171/15/4 1172/15/4 1205/15/4
f 1204/7/4 1171/7/4 1205/7/4
f 1173/6/4 1174/6/4 1206/6/4
f 1205/15/4 1172/15/4 1206/15/4
f 1172/6/4 1173/6/4 1206/6/4
f 1206/6/4 1174/6/4 1207/6/4
f 1174/14/4 1175/14/4 1208/14/4
f 1207/6/4 1174/6/4 1208/6/4
f 1175/6/4 1176/6/4 1209/6/4
f 1208/14/4 1175/14/4 1209/14/4
f 1176/15/4 1177/15/4 1210/15/4
f 1209/6/4 1176/6/4 1210/6/4
f 1177/6/4 1178/6/4 1211/6/4
f 1210/15/4 1177/15/4 1211/15/4
f 1178/7/4 1179/7/4 1212/7/4
f 1211/6/4 1178/6/4 1212/6/4
f 1180/20/4 1181/20/4 1213/20/4
f 1181/19/4 1182/19/4 1214/19/4
f 1213/20/4 1181/20/4 1214/20/4
f 1214/19/4 1182/19/4 1215/19/4
f 1182/4/4 1183/4/4 1216/4/4
f 1215/19/4 1182/19/4 1216/19/4
f 1183/19/4 1184/19/4 1217/19/4
f 1216/4/4 1183/4/4 1217/4/4
f 1184/20/4 1185/20/4 1218/20/4
f 1217/19/4 1184/19/4 1218/19/4
f 1185/20/4 1186/20/4 1218/20/4
f 1218/20/4 1186/20/4 1219/20/4
f 1186/13/4 1187/13/4 1220/13/4
f 1219/20/4 1186/20/4 1220/20/4
f 1187/19/4 1188/19/4 1221/19/4
f 1220/13/4 1187/13/4 1221/13/4
f 1188/4/4 1189/4/4 1222/4/4
f 1221/19/4 1188/19/4 1222/19/4
f 1190/27/4 1191/27/4 1223/27/4
f 1222/4/4 1189/4/4 1223/4/4
f 1189/27/4 1190/27/4 1223/27/4
f 1223/27/4 1191/27/4 1224/27/4
f 1191/23/4 1192/23/4 1225/23/4
f 1224/27/4 1191/27/4 1225/27/4
f 1194/27/4 1195/27/4 1226/27/4
f 1225/23/4 1192/23/4 1226/23/4
f 1193/27/4 1194/27/4 1226/27/4
f 1192/27/4 1193/27/4 1226/27/4
f 1195/27/4 1196/27/4 1226/27/4
f 1226/27/4 1196/27/4 1227/27/4
f 1227/27/4 1196/27/4 1228/27/4
f 1228/27/4 1196/27/4 1229/27/4
f 1196/13/4 1163/13/4 1230/13/4
f 1229/27/4 1196/27/4 1230/27/4
f 1163/9/4 1197/9/4 1231/9/4
f 1230/13/4 1163/13/4 1231/13/4
f 1198/10/4 1199/10/4 1232/10/4
f 1231/9/4 1197/9/4 1232/9/4
f 1197/10/4 1198/10/4 1232/10/4
f 1199/4/4 1200/4/4 1233/4/4
f 1232/10/4 1199/10/4 1233/10/4
f 1200/16/4 1201/16/4 1234/16/4
f 1233/4/4 1200/4/4 1234/4/4
f 1234/16/4 1201/16/4 1235/16/4
f 1201/10/4 1202/10/4 1236/10/4
f 1235/16/4 1201/16/4 1236/16/4
f 1202/1/4 1203/1/4 1237/1/4
f 1236/10/4 1202/10/4 1237/10/4
f 1203/3/4 1204/3/4 1238/3/4
f 1237/1/4 1203/1/4 1238/1/4
f 1204/5/4 1205/5/4 1239/5/4
f 1238/3/4 1204/3/4 1239/3/4
f 1205/8/4 1206/8/4 1240/8/4
f 1239/5/4 1205/5/4 1240/5/4
f 1206/7/4 1207/7/4 1241/7/4
f 1240/8/4 1206/8/4 1241/8/4
f 1207/15/4 1208/15/4 1242/15/4
f 1241/7/4 1207/7/4 1242/7/4
f 1208/15/4 1209/15/4 1242/15/4
f 1209/14/4 1210/14/4 1243/14/4
f 1242/15/4 1209/15/4 1243/15/4
f 1210/6/4 1211/6/4 1244/6/4
f 1243/14/4 1210/14/4 1244/14/4
f 1211/15/4 1212/15/4 1245/15/4
f 1244/6/4 1211/6/4 1245/6/4
f 1212/7/4 1179/7/4 1246/7/4
f 1245/15/4 1212/15/4 1246/15/4
f 1246/7/4 1179/7/4 1247/7/4
f 1214/1/4 1215/1/4 1249/1/4
f 1213/4/4 1214/4/4 1249/4/4
f 1215/5/4 1216/5/4 1250/5/4
f 1249/1/4 1215/1/4 1250/1/4
f 1216/9/4 1217/9/4 1251/9/4
f 1250/5/4 1216/5/4 1251/5/4
f 1217/20/4 1218/20/4 1252/20/4
f 1251/9/4 1217/9/4 1252/9/4
f 1218/19/4 1219/19/4 1253/19/4
f 1252/20/4 1218/20/4 1253/20/4
f 1219/13/4 1220/13/4 1254/13/4
f 1253/19/4 1219/19/4 1254/19/4
f 1220/20/4 1221/20/4 1255/20/4
f 1254/13/4 1220/13/4 1255/13/4
f 1221/4/4 1222/4/4 1256/4/4
f 1255/20/4 1221/20/4 1256/20/4
f 1222/27/4 1223/27/4 1257/27/4
f 1256/4/4 1222/4/4 1257/4/4
f 1223/26/4 1224/26/4 1258/26/4
f 1257/27/4 1223/27/4 1258/27/4
f 1224/23/4 1225/23/4 1259/23/4
f 1258/26/4 1224/26/4 1259/26/4
f 1225/27/4 1226/27/4 1260/27/4
f 1259/23/4 1225/23/4 1260/23/4
f 1226/27/4 1227/27/4 1260/27/4
f 1260/27/4 1227/27/4 1261/27/4
f 1227/18/4 1228/18/4 1262/18/4
f 1261/27/4 1227/27/4 1262/27/4
f 1228/25/4 1229/25/4 1263/25/4
f 1262/18/4 1228/18/4 1263/18/4
f 1229/27/4 1230/27/4 1264/27/4
f 1263/25/4 1229/25/4 1264/25/4
f 1230/5/4 1231/5/4 1265/5/4
f 1264/27/4 1230/27/4 1265/27/4
f 1231/1/4 1232/1/4 1266/1/4
f 1265/5/4 1231/5/4 1266/5/4
f 1232/10/4 1233/10/4 1267/10/4
f 1266/1/4 1232/1/4 1267/1/4
f 1267/10/4 1233/10/4 1268/10/4
f 1233/13/4 1234/13/4 1269/13/4
f 1268/10/4 1233/10/4 1269/10/4
f 1234/4/4 1235/4/4 1270/4/4
f 1269/13/4 1234/13/4 1270/13/4
f 1235/16/4 1236/16/4 1271/16/4
f 1270/4/4 1235/4/4 1271/4/4
f 1236/1/4 1237/1/4 1272/1/4
f 1271/16/4 1236/16/4 1272/16/4
f 1237/3/4 1238/3/4 1273/3/4
f 1272/1/4 1237/1/4 1273/1/4
f 1239/8/4 1240/8/4 1274/8/4
f 1273/3/4 1238/3/4 1274/3/4
f 1238/8/4 1239/8/4 1274/8/4
f 1274/8/4 1240/8/4 1275/8/4
f 1240/15/4 1241/15/4 1276/15/4
f 1275/8/4 1240/8/4 1276/8/4
f 1241/6/4 1242/6/4 1277/6/4
f 1276/15/4 1241/15/4 1277/15/4
f 1242/14/4 1243/14/4 1278/14/4
f 1243/15/4 1244/15/4 1279/15/4
f 1278/14/4 1243/14/4 1279/14/4
f 1244/15/4 1245/15/4 1279/15/4
f 1279/15/4 1245/15/4 1280/15/4
f 1245/6/4 1246/6/4 1281/6/4
f 1280/15/4 1245/15/4 1281/15/4
f 1246/15/4 1247/15/4 1282/15/4
f 1281/6/4 1246/6/4 1282/6/4
f 1213/4/4 1249/4/4 1283/4/4
f 1249/20/4 1250/20/4 1284/20/4
f 1283/4/4 1249/4/4 1284/4/4
f 1250/5/4 1251/5/4 1285/5/4
f 1284/20/4 1250/20/4 1285/20/4
f 1251/3/4 1252/3/4 1286/3/4
f 1285/5/4 1251/5/4 1286/5/4
f 1252/19/4 1253/19/4 1287/19/4
f 1286/3/4 1252/3/4 1287/3/4
f 1253/13/4 1254/13/4 1288/13/4
f 1287/19/4 1253/19/4 1288/19/4
f 1254/20/4 1255/20/4 1289/20/4
f 1288/13/4 1254/13/4 1289/13/4
f 1256/19/4 1257/19/4 1290/19/4
f 1289/20/4 1255/20/4 1290/20/4
f 1255/19/4 1256/19/4 1290/19/4
f 1290/19/4 1257/19/4 1291/19/4
f 1257/22/4 1258/22/4 1292/22/4
f 1291/19/4 1257/19/4 1292/19/4
f 1258/27/4 1259/27/4 1293/27/4
f 1292/22/4 1258/22/4 1293/22/4
f 1260/23/4 1261/23/4 1294/23/4
f 1293/27/4 1259/27/4 1294/27/4
f 1259/23/4 1260/23/4 1294/23/4
f 1294/23/4 1261/23/4 1295/23/4
f 1261/27/4 1262/27/4 1296/27/4
f 1295/23/4 1261/23/4 1296/23/4
f 1262/17/4 1263/17/4 1297/17/4
f 1296/27/4 1262/27/4 1297/27/4
f 1263/27/4 1264/27/4 1298/27/4
f 1297/17/4 1263/17/4 1298/17/4
f 1264/1/4 1265/1/4 1299/1/4
f 1298/27/4 1264/27/4 1299/27/4
f 1265/5/4 1266/5/4 1300/5/4
f 1299/1/4 1265/1/4 1300/1/4
f 1266/7/4 1267/7/4 1301/7/4
f 1300/5/4 1266/5/4 1301/5/4
f 1267/1/4 1268/1/4 1302/1/4
f 1301/7/4 1267/7/4 1302/7/4
f 1268/10/4 1269/10/4 1303/10/4
f 1302/1/4 1268/1/4 1303/1/4
f 1269/10/4 1270/10/4 1303/10/4
f 1270/16/4 1271/16/4 1304/16/4
f 1303/10/4 1270/10/4 1304/10/4
f 1271/1/4 1272/1/4 1305/1/4
f 1304/16/4 1271/16/4 1305/16/4
f 1272/8/4 1273/8/4 1306/8/4
f 1305/1/4 1272/1/4 1306/1/4
f 1273/8/4 1274/8/4 1306/8/4
f 1274/13/4 1275/13/4 1307/13/4
f 1306/8/4 1274/8/4 1307/8/4
f 1275/7/4 1276/7/4 1308/7/4
f 1307/13/4 1275/13/4 1308/13/4
f 1276/13/4 1277/13/4 1309/13/4
f 1308/7/4 1276/7/4 1309/7/4
f 1277/6/4 1242/6/4 1310/6/4
f 1309/13/4 1277/13/4 1310/13/4
f 1242/14/4 1278/14/4 1311/14/4
f 1310/6/4 1242/6/4 1311/6/4
f 1278/6/4 1279/6/4 1312/6/4
f 1311/14/4 1278/14/4 1312/14/4
f 1279/14/4 1280/14/4 1313/14/4
f 1312/6/4 1279/6/4 1313/6/4
f 1280/6/4 1281/6/4 1314/6/4
f 1313/14/4 1280/14/4 1314/14/4
f 1281/15/4 1282/15/4 1315/15/4
f 1282/15/4 1247/15/4 1315/15/4
f 1247/7/4 1248/7/4 1316/7/4
f 1315/15/4 1247/15/4 1316/15/4
f 1316/7/4 1248/7/4 1317/7/4
f 1283/20/4 1284/20/4 1318/20/4
f 1284/4/4 1285/4/4 1319/4/4
f 1318/20/4 1284/20/4 1319/20/4
f 1285/19/4 1286/19/4 1320/19/4
f 1319/4/4 1285/4/4 1320/4/4
f 1287/4/4 1288/4/4 1321/4/4
f 1320/19/4 1286/19/4 1321/19/4
f 1286/4/4 1287/4/4 1321/4/4
f 1321/4/4 1288/4/4 1322/4/4
f 1288/19/4 1289/19/4 1323/19/4
f 1322/4/4 1288/4/4 1323/4/4
f 1289/19/4 1290/19/4 1323/19/4
f 1323/19/4 1290/19/4 1324/19/4
f 1290/20/4 1291/20/4 1325/20/4
f 1324/19/4 1290/19/4 1325/19/4
f 1291/19/4 1292/19/4 1326/19/4
f 1325/20/4 1291/20/4 1326/20/4
f 1292/27/4 1293/27/4 1327/27/4
f 1326/19/4 1292/19/4 1327/19/4
f 1293/27/4 1294/27/4 1327/27/4
f 1327/27/4 1294/27/4 1328/27/4
f 1294/26/4 1295/26/4 1329/26/4
f 1328/27/4 1294/27/4 1329/27/4
f 1295/27/4 1296/27/4 1330/27/4
f 1329/26/4 1295/26/4 1330/26/4
f 1296/23/4 1297/23/4 1331/23/4
f 1330/27/4 1296/27/4 1331/27/4
f 1297/27/4 1298/27/4 1332/27/4
f 1331/23/4 1297/23/4 1332/23/4
f 1298/11/4 1299/11/4 1333/11/4
f 1332/27/4 1298/27/4 1333/27/4
f 1299/11/4 1300/11/4 1333/11/4
f 1333/11/4 1300/11/4 1334/11/4
f 1300/7/4 1301/7/4 1335/7/4
f 1334/11/4 1300/11/4 1335/11/4
f 1301/6/4 1302/6/4 1336/6/4
f 1335/7/4 1301/7/4 1336/7/4
f 1302/7/4 1303/7/4 1337/7/4
f 1336/6/4 1302/6/4 1337/6/4
f 1303/7/4 1304/7/4 1337/7/4
f 1337/7/4 1304/7/4 1338/7/4
f 1305/8/4 1306/8/4 1339/8/4
f 1338/7/4 1304/7/4 1339/7/4
f 1304/8/4 1305/8/4 1339/8/4
f 1306/7/4 1307/7/4 1340/7/4
f 1339/8/4 1306/8/4 1340/8/4
f 1307/5/4 1308/5/4 1341/5/4
f 1340/7/4 1307/7/4 1341/7/4
f 1309/5/4 1310/5/4 1342/5/4
f 1308/15/4 1309/15/4 1342/15/4
f 1311/6/4 1312/6/4 1343/6/4
f 1342/5/4 1310/5/4 1343/5/4
f 1310/6/4 1311/6/4 1343/6/4
f 1343/6/4 1312/6/4 1344/6/4
f 1312/14/4 1313/14/4 1345/14/4
f 1344/6/4 1312/6/4 1345/6/4
f 1313/6/4 1314/6/4 1346/6/4
f 1345/14/4 1313/14/4 1346/14/4
f 1281/15/4 1315/15/4 1347/15/4
f 1346/6/4 1314/6/4 1347/6/4
f 1314/6/4 1281/6/4 1347/6/4
f 1316/15/4 1317/15/4 1348/15/4
f 1315/6/4 1316/6/4 1348/6/4
f 1348/15/4 1317/15/4 1349/15/4
f 1318/19/4 1319/19/4 1350/19/4
f 1319/1/4 1320/1/4 1351/1/4
f 1350/19/4 1319/19/4 1351/19/4
f 1320/5/4 1321/5/4 1352/5/4
f 1351/1/4 1320/1/4 1352/1/4
f 1321/9/4 1322/9/4 1353/9/4
f 1352/5/4 1321/5/4 1353/5/4
f 1322/19/4 1323/19/4 1354/19/4
f 1353/9/4 1322/9/4 1354/9/4
f 1323/4/4 1324/4/4 1355/4/4
f 1354/19/4 1323/19/4 1355/19/4
f 1324/20/4 1325/20/4 1356/20/4
f 1355/4/4 1324/4/4 1356/4/4
f 1325/19/4 1326/19/4 1357/19/4
f 1356/20/4 1325/20/4 1357/20/4
f 1326/4/4 1327/4/4 1358/4/4
f 1357/19/4 1326/19/4 1358/19/4
f 1327/27/4 1328/27/4 1359/27/4
f 1358/4/4 1327/4/4 1359/4/4
f 1328/22/4 1329/22/4 1360/22/4
f 1359/27/4 1328/27/4 1360/27/4
f 1329/27/4 1330/27/4 1361/27/4
f 1360/22/4 1329/22/4 1361/22/4
f 1330/23/4 1331/23/4 1362/23/4
f 1361/27/4 1330/27/4 1362/27/4
f 1331/27/4 1332/27/4 1363/27/4
f 1362/23/4 1331/23/4 1363/23/4
f 1332/23/4 1333/23/4 1364/23/4
f 1363/27/4 1332/27/4 1364/27/4
f 1333/27/4 1334/27/4 1365/27/4
f 1364/23/4 1333/23/4 1365/23/4
f 1334/11/4 1335/11/4 1366/11/4
f 1365/27/4 1334/27/4 1366/27/4
f 1335/8/4 1336/8/4 1367/8/4
f 1366/11/4 1335/11/4 1367/11/4
f 1336/7/4 1337/7/4 1368/7/4
f 1367/8/4 1336/8/4 1368/8/4
f 1337/6/4 1338/6/4 1369/6/4
f 1368/7/4 1337/7/4 1369/7/4
f 1338/14/4 1339/14/4 1370/14/4
f 1369/6/4 1338/6/4 1370/6/4
f 1339/7/4 1340/7/4 1371/7/4
f 1370/14/4 1339/14/4 1371/14/4
f 1371/7/4 1340/7/4 1372/7/4
f 1340/6/4 1341/6/4 1373/6/4
f 1372/7/4 1340/7/4 1373/7/4
f 1341/5/4 1308/5/4 1374/5/4
f 1373/6/4 1341/6/4 1374/6/4
f 1308/15/4 1342/15/4 1375/15/4
f 1374/5/4 1308/5/4 1375/5/4
f 1342/13/4 1343/13/4 1376/13/4
f 1375/15/4 1342/15/4 1376/15/4
f 1343/15/4 1344/15/4 1377/15/4
f 1376/13/4 1343/13/4 1377/13/4
f 1345/6/4 1346/6/4 1378/6/4
f 1377/15/4 1344/15/4 1378/15/4
f 1344/6/4 1345/6/4 1378/6/4
f 1346/15/4 1347/15/4 1379/15/4
f 1378/6/4 1346/6/4 1379/6/4
f 1379/15/4 1347/15/4 1380/15/4
f 1347/15/4 1315/15/4 1381/15/4
f 1380/15/4 1347/15/4 1381/15/4
f 1315/6/4 1348/6/4 1382/6/4
f 1381/15/4 1315/15/4 1382/15/4
f 1348/6/4 1349/6/4 1382/6/4
f 1382/6/4 1349/6/4 1383/6/4
f 1383/6/4 1349/6/4 1384/6/4
f 1351/19/4 1352/19/4 1385/19/4
f 1352/5/4 1353/5/4 1385/5/4
f 1353/10/4 1354/10/4 1386/10/4
f 1385/5/4 1353/5/4 1386/5/4
f 1354/4/4 1355/4/4 1387/4/4
f 1386/10/4 1354/10/4 1387/10/4
f 1355/20/4 1356/20/4 1388/20/4
f 1387/4/4 1355/4/4 1388/4/4
f 1357/19/4 1358/19/4 1389/19/4
f 1388/20/4 1356/20/4 1389/20/4
f 1358/19/4 1359/19/4 1389/19/4
f 1356/19/4 1357/19/4 1389/19/4
f 1389/19/4 1359/19/4 1390/19/4
f 1390/19/4 1359/19/4 1391/19/4
f 1359/20/4 1360/20/4 1392/20/4
f 1391/19/4 1359/19/4 1392/19/4
f 1360/27/4 1361/27/4 1393/27/4
f 1392/20/4 1360/20/4 1393/20/4
f 1361/26/4 1362/26/4 1394/26/4
f 1393/27/4 1361/27/4 1394/27/4
f 1362/27/4 1363/27/4 1395/27/4
f 1394/26/4 1362/26/4 1395/26/4
f 1363/23/4 1364/23/4 1396/23/4
f 1395/27/4 1363/27/4 1396/27/4
f 1364/27/4 1365/27/4 1397/27/4
f 1396/23/4 1364/23/4 1397/23/4
f 1365/23/4 1366/23/4 1398/23/4
f 1397/27/4 1365/27/4 1398/27/4
f 1366/27/4 1367/27/4 1399/27/4
f 1398/23/4 1366/23/4 1399/23/4
f 1367/12/4 1368/12/4 1400/12/4
f 1399/27/4 1367/27/4 1400/27/4
f 1368/7/4 1369/7/4 1401/7/4
f 1400/12/4 1368/12/4 1401/12/4
f 1369/7/4 1370/7/4 1401/7/4
f 1401/7/4 1370/7/4 1402/7/4
f 1370/6/4 1371/6/4 1403/6/4
f 1402/7/4 1370/7/4 1403/7/4
f 1403/6/4 1371/6/4 1404/6/4
f 1371/7/4 1372/7/4 1405/7/4
f 1404/6/4 1371/6/4 1405/6/4
f 1372/6/4 1373/6/4 1406/6/4
f 1405/7/4 1372/7/4 1406/7/4
f 1373/7/4 1374/7/4 1407/7/4
f 1406/6/4 1373/6/4 1407/6/4
f 1407/7/4 1374/7/4 1408/7/4
f 1374/15/4 1375/15/4 1409/15/4
f 1408/7/4 1374/7/4 1409/7/4
f 1376/7/4 1377/7/4 1410/7/4
f 1409/15/4 1375/15/4 1410/15/4
f 1375/7/4 1376/7/4 1410/7/4
f 1377/7/4 1378/7/4 1410/7/4
f 1378/15/4 1379/15/4 1411/15/4
f 1410/7/4 1378/7/4 1411/7/4
f 1379/14/4 1380/14/4 1412/14/4
f 1411/15/4 1379/15/4 1412/15/4
f 1380/15/4 1381/15/4 1413/15/4
f 1412/14/4 1380/14/4 1413/14/4
f 1382/6/4 1383/6/4 1414/6/4
f 1381/6/4 1382/6/4 1414/6/4
f 1383/15/4 1384/15/4 1415/15/4
f 1414/6/4 1383/6/4 1415/6/4
f 1415/15/4 1384/15/4 1416/15/4
f 1350/4/4 1351/4/4 1417/4/4
f 1351/19/4 1385/19/4 1418/19/4
f 1417/4/4 1351/4/4 1418/4/4
f 1385/19/4 1386/19/4 1418/19/4
f 1386/3/4 1387/3/4 1419/3/4
f 1418/19/4 1386/19/4 1419/19/4
f 1387/4/4 1388/4/4 1420/4/4
f 1419/3/4 1387/3/4 1420/3/4
f 1388/19/4 1389/19/4 1421/19/4
f 1420/4/4 1388/4/4 1421/4/4
f 1389/20/4 1390/20/4 1422/20/4
f 1421/19/4 1389/19/4 1422/19/4
f 1390/19/4 1391/19/4 1423/19/4
f 1422/20/4 1390/20/4 1423/20/4
f 1391/20/4 1392/20/4 1424/20/4
f 1423/19/4 1391/19/4 1424/19/4
f 1392/4/4 1393/4/4 1425/4/4
f 1424/20/4 1392/20/4 1425/20/4
f 1393/20/4 1394/20/4 1426/20/4
f 1425/4/4 1393/4/4 1426/4/4
f 1394/27/4 1395/27/4 1427/27/4
f 1426/20/4 1394/20/4 1427/20/4
f 1396/26/4 1397/26/4 1428/26/4
f 1427/27/4 1395/27/4 1428/27/4
f 1395/26/4 1396/26/4 1428/26/4
f 1428/26/4 1397/26/4 1429/26/4
f 1397/23/4 1398/23/4 1430/23/4
f 1429/26/4 1397/26/4 1430/26/4
f 1398/26/4 1399/26/4 1431/26/4
f 1430/23/4 1398/23/4 1431/23/4
f 1399/26/4 1400/26/4 1431/26/4
f 1431/26/4 1400/26/4 1432/26/4
f 1401/8/4 1402/8/4 1433/8/4
f 1432/26/4 1400/26/4 1433/26/4
f 1400/8/4 1401/8/4 1433/8/4
f 1433/8/4 1402/8/4 1434/8/4
f 1403/15/4 1404/15/4 1435/15/4
f 1434/8/4 1402/8/4 1435/8/4
f 1402/15/4 1403/15/4 1435/15/4
f 1404/6/4 1405/6/4 1436/6/4
f 1435/15/4 1404/15/4 1436/15/4
f 1405/6/4 1406/6/4 1436/6/4
f 1406/7/4 1407/7/4 1437/7/4
f 1436/6/4 1406/6/4 1437/6/4
f 1407/6/4 1408/6/4 1438/6/4
f 1437/7/4 1407/7/4 1438/7/4
f 1408/14/4 1409/14/4 1439/14/4
f 1438/6/4 1408/6/4 1439/6/4
f 1409/14/4 1410/14/4 1439/14/4
f 1410/6/4 1411/6/4 1440/6/4
f 1439/14/4 1410/14/4 1440/14/4
f 1440/6/4 1411/6/4 1441/6/4
f 1441/6/4 1411/6/4 1442/6/4
f 1411/14/4 1412/14/4 1443/14/4
f 1442/6/4 1411/6/4 1443/6/4
f 1443/14/4 1412/14/4 1444/14/4
f 1412/6/4 1413/6/4 1445/6/4
f 1444/14/4 1412/14/4 1445/14/4
f 1413/15/4 1381/15/4 1446/15/4
f 1445/6/4 1413/6/4 1446/6/4
f 1381/6/4 1414/6/4 1447/6/4
f 1446/15/4 1381/15/4 1447/15/4
f 1414/15/4 1415/15/4 1448/15/4
f 1447/6/4 1414/6/4 1448/6/4
f 1418/4/4 1419/4/4 1449/4/4
f 1420/4/4 1421/4/4 1449/4/4
f 1419/4/4 1420/4/4 1449/4/4
f 1449/4/4 1421/4/4 1450/4/4
f 1421/20/4 1422/20/4 1451/20/4
f 1450/4/4 1421/4/4 1451/4/4
f 1422/4/4 1423/4/4 1452/4/4
f 1451/20/4 1422/20/4 1452/20/4
f 1423/20/4 1424/20/4 1453/20/4
f 1452/4/4 1423/4/4 1453/4/4
f 1424/3/4 1425/3/4 1454/3/4
f 1453/20/4 1424/20/4 1454/20/4
f 1425/13/4 1426/13/4 1455/13/4
f 1454/3/4 1425/3/4 1455/3/4
f 1426/3/4 1427/3/4 1456/3/4
f 1455/13/4 1426/13/4 1456/13/4
f 1428/27/4 1429/27/4 1457/27/4
f 1427/5/4 1428/5/4 1457/5/4
f 1429/26/4 1430/26/4 1458/26/4
f 1457/27/4 1429/27/4 1458/27/4
f 1431/26/4 1432/26/4 1458/26/4
f 1430/26/4 1431/26/4 1458/26/4
f 1458/26/4 1432/26/4 1459/26/4
f 1432/24/4 1433/24/4 1460/24/4
f 1459/26/4 1432/26/4 1460/26/4
f 1433/7/4 1434/7/4 1461/7/4
f 1460/24/4 1433/24/4 1461/24/4
f 1435/8/4 1436/8/4 1462/8/4
f 1461/7/4 1434/7/4 1462/7/4
f 1434/8/4 1435/8/4 1462/8/4
f 1462/8/4 1436/8/4 1463/8/4
f 1463/8/4 1436/8/4 1464/8/4
f 1436/7/4 1437/7/4 1465/7/4
f 1464/8/4 1436/8/4 1465/8/4
f 1465/7/4 1437/7/4 1466/7/4
f 1437/15/4 1438/15/4 1467/15/4
f 1466/7/4 1437/7/4 1467/7/4
f 1438/15/4 1439/15/4 1467/15/4
f 1467/15/4 1439/15/4 1468/15/4
f 1439/6/4 1440/6/4 1469/6/4
f 1468/15/4 1439/15/4 1469/15/4
f 1440/6/4 1441/6/4 1469/6/4
f 1441/15/4 1442/15/4 1470/15/4
f 1469/6/4 1441/6/4 1470/6/4
f 1442/14/4 1443/14/4 1471/14/4
f 1470/15/4 1442/15/4 1471/15/4
f 1443/6/4 1444/6/4 1472/6/4
f 1471/14/4 1443/14/4 1472/14/4
f 1444/14/4 1445/14/4 1473/14/4
f 1472/6/4 1444/6/4 1473/6/4
f 1445/15/4 1446/15/4 1474/15/4
f 1473/14/4 1445/14/4 1474/14/4
f 1446/6/4 1447/6/4 1475/6/4
f 1474/15/4 1446/15/4 1475/15/4
f 1447/15/4 1448/15/4 1476/15/4
f 1475/6/4 1447/6/4 1476/6/4
f 1448/15/4 1415/15/4 1477/15/4
f 1476/15/4 1448/15/4 1477/15/4
f 1415/7/4 1416/7/4 1478/7/4
f 1477/15/4 1415/15/4 1478/15/4
f 1478/7/4 1416/7/4 1479/7/4
f 1451/4/4 1452/4/4 1480/4/4
f 1450/4/4 1451/4/4 1480/4/4
f 1480/4/4 1452/4/4 1481/4/4
f 1427/5/4 1457/5/4 1482/5/4
f 1456/3/4 1427/3/4 1482/3/4
f 1457/24/4 1458/24/4 1483/24/4
f 1482/5/4 1457/5/4 1483/5/4
f 1458/26/4 1459/26/4 1484/26/4
f 1483/24/4 1458/24/4 1484/24/4
f 1459/24/4 1460/24/4 1485/24/4
f 1484/26/4 1459/26/4 1485/26/4
f 1460/8/4 1461/8/4 1486/8/4
f 1485/24/4 1460/24/4 1486/24/4
f 1461/8/4 1462/8/4 1486/8/4
f 1486/8/4 1462/8/4 1487/8/4
f 1462/7/4 1463/7/4 1488/7/4
f 1487/8/4 1462/8/4 1488/8/4
f 1463/8/4 1464/8/4 1489/8/4
f 1488/7/4 1463/7/4 1489/7/4
f 1464/10/4 1465/10/4 1490/10/4
f 1489/8/4 1464/8/4 1490/8/4
f 1465/2/4 1466/2/4 1491/2/4
f 1490/10/4 1465/10/4 1491/10/4
f 1466/13/4 1467/13/4 1492/13/4
f 1491/2/4 1466/2/4 1492/2/4
f 1467/8/4 1468/8/4 1493/8/4
f 1492/13/4 1467/13/4 1493/13/4
f 1469/15/4 1470/15/4 1494/15/4
f 1468/7/4 1469/7/4 1494/7/4
f 1471/6/4 1472/6/4 1495/6/4
f 1494/15/4 1470/15/4 1495/15/4
f 1470/6/4 1471/6/4 1495/6/4
f 1472/7/4 1473/7/4 1496/7/4
f 1495/6/4 1472/6/4 1496/6/4
f 1473/15/4 1474/15/4 1497/15/4
f 1496/7/4 1473/7/4 1497/7/4
f 1474/6/4 1475/6/4 1498/6/4
f 1497/15/4 1474/15/4 1498/15/4
f 1475/15/4 1476/15/4 1499/15/4
f 1498/6/4 1475/6/4 1499/6/4
f 1476/7/4 1477/7/4 1500/7/4
f 1499/15/4 1476/15/4 1500/15/4
f 1477/15/4 1478/15/4 1501/15/4
f 1500/7/4 1477/7/4 1501/7/4
f 1478/8/4 1479/8/4 1502/8/4
f 1501/15/4 1478/15/4 1502/15/4
f 1481/4/4 1452/4/4 1503/4/4
f 1480/8/4 1481/8/4 1503/8/4
f 1452/5/4 1453/5/4 1504/5/4
f 1503/4/4 1452/4/4 1504/4/4
f 1453/9/4 1454/9/4 1505/9/4
f 1504/5/4 1453/5/4 1505/5/4
f 1454/13/4 1455/13/4 1506/13/4
f 1505/9/4 1454/9/4 1506/9/4
f 1455/2/4 1456/2/4 1507/2/4
f 1506/13/4 1455/13/4 1507/13/4
f 1456/3/4 1482/3/4 1508/3/4
f 1507/2/4 1456/2/4 1508/2/4
f 1482/13/4 1483/13/4 1509/13/4
f 1508/3/4 1482/3/4 1509/3/4
f 1483/20/4 1484/20/4 1510/20/4
f 1509/13/4 1483/13/4 1510/13/4
f 1484/24/4 1485/24/4 1511/24/4
f 1510/20/4 1484/20/4 1511/20/4
f 1511/24/4 1485/24/4 1512/24/4
f 1485/7/4 1486/7/4 1513/7/4
f 1512/24/4 1485/24/4 1513/24/4
f 1486/7/4 1487/7/4 1513/7/4
f 1487/8/4 1488/8/4 1514/8/4
f 1513/7/4 1487/7/4 1514/7/4
f 1488/8/4 1489/8/4 1514/8/4
f 1489/7/4 1490/7/4 1515/7/4
f 1514/8/4 1489/8/4 1515/8/4
f 1491/8/4 1492/8/4 1516/8/4
f 1515/7/4 1490/7/4 1516/7/4
f 1492/8/4 1493/8/4 1516/8/4
f 1490/8/4 1491/8/4 1516/8/4
f 1516/8/4 1493/8/4 1517/8/4
f 1493/8/4 1468/8/4 1518/8/4
f 1517/8/4 1493/8/4 1518/8/4
f 1468/7/4 1494/7/4 1519/7/4
f 1518/8/4 1468/8/4 1519/8/4
f 1495/7/4 1496/7/4 1519/7/4
f 1494/7/4 1495/7/4 1519/7/4
f 1519/7/4 1496/7/4 1520/7/4
f 1520/7/4 1496/7/4 1521/7/4
f 1521/7/4 1496/7/4 1522/7/4
f 1522/7/4 1496/7/4 1523/7/4
f 1496/6/4 1497/6/4 1524/6/4
f 1523/7/4 1496/7/4 1524/7/4
f 1497/14/4 1498/14/4 1525/14/4
f 1524/6/4 1497/6/4 1525/6/4
f 1498/6/4 1499/6/4 1526/6/4
f 1525/14/4 1498/14/4 1526/14/4
f 1499/7/4 1500/7/4 1527/7/4
f 1526/6/4 1499/6/4 1527/6/4
f 1500/15/4 1501/15/4 1528/15/4
f 1527/7/4 1500/7/4 1528/7/4
f 1501/7/4 1502/7/4 1529/7/4
f 1528/15/4 1501/15/4 1529/15/4
f 1480/8/4 1503/8/4 1530/8/4
f 1503/7/4 1504/7/4 1531/7/4
f 1530/8/4 1503/8/4 1531/8/4
f 1504/20/4 1505/20/4 1532/20/4
f 1531/7/4 1504/7/4 1532/7/4
f 1505/3/4 1506/3/4 1533/3/4
f 1532/20/4 1505/20/4 1533/20/4
f 1506/2/4 1507/2/4 1534/2/4
f 1533/3/4 1506/3/4 1534/3/4
f 1507/3/4 1508/3/4 1535/3/4
f 1534/2/4 1507/2/4 1535/2/4
f 1508/5/4 1509/5/4 1536/5/4
f 1535/3/4 1508/3/4 1536/3/4
f 1509/20/4 1510/20/4 1537/20/4
f 1536/5/4 1509/5/4 1537/5/4
f 1510/8/4 1511/8/4 1538/8/4
f 1537/20/4 1510/20/4 1538/20/4
f 1511/7/4 1512/7/4 1539/7/4
f 1538/8/4 1511/8/4 1539/8/4
f 1513/8/4 1514/8/4 1540/8/4
f 1539/7/4 1512/7/4 1540/7/4
f 1512/8/4 1513/8/4 1540/8/4
f 1514/7/4 1515/7/4 1541/7/4
f 1540/8/4 1514/8/4 1541/8/4
f 1515/8/4 1516/8/4 1542/8/4
f 1541/7/4 1515/7/4 1542/7/4
f 1516/7/4 1517/7/4 1543/7/4
f 1542/8/4 1516/8/4 1543/8/4
f 1543/7/4 1517/7/4 1544/7/4
f 1517/8/4 1518/8/4 1545/8/4
f 1544/7/4 1517/7/4 1545/7/4
f 1518/7/4 1519/7/4 1546/7/4
f 1545/8/4 1518/8/4 1546/8/4
f 1519/8/4 1520/8/4 1547/8/4
f 1546/7/4 1519/7/4 1547/7/4
f 1520/7/4 1521/7/4 1548/7/4
f 1547/8/4 1520/8/4 1548/8/4
f 1521/15/4 1522/15/4 1549/15/4
f 1548/7/4 1521/7/4 1549/7/4
f 1522/7/4 1523/7/4 1550/7/4
f 1549/15/4 1522/15/4 1550/15/4
f 1523/6/4 1524/6/4 1551/6/4
f 1550/7/4 1523/7/4 1551/7/4
f 1525/6/4 1526/6/4 1551/6/4
f 1524/6/4 1525/6/4 1551/6/4
f 1551/6/4 1526/6/4 1552/6/4
f 1552/6/4 1526/6/4 1553/6/4
f 1553/6/4 1526/6/4 1554/6/4
f 1526/15/4 1527/15/4 1555/15/4
f 1554/6/4 1526/6/4 1555/6/4
f 1527/8/4 1528/8/4 1556/8/4
f 1555/15/4 1527/15/4 1556/15/4
f 1528/7/4 1529/7/4 1557/7/4
f 1529/7/4 1502/7/4 1557/7/4
f 1502/8/4 1479/8/4 1558/8/4
f 1557/7/4 1502/7/4 1558/7/4
f 1558/8/4 1479/8/4 1559/8/4
f 1531/8/4 1532/8/4 1561/8/4
f 1532/7/4 1533/7/4 1562/7/4
f 1561/8/4 1532/8/4 1562/8/4
f 1534/20/4 1535/20/4 1563/20/4
f 1562/7/4 1533/7/4 1563/7/4
f 1533/20/4 1534/20/4 1563/20/4
f 1535/5/4 1536/5/4 1564/5/4
f 1563/20/4 1535/20/4 1564/20/4
f 1538/7/4 1539/7/4 1565/7/4
f 1564/5/4 1536/5/4 1565/5/4
f 1537/7/4 1538/7/4 1565/7/4
f 1536/7/4 1537/7/4 1565/7/4
f 1539/8/4 1540/8/4 1566/8/4
f 1565/7/4 1539/7/4 1566/7/4
f 1540/7/4 1541/7/4 1567/7/4
f 1566/8/4 1540/8/4 1567/8/4
f 1567/7/4 1541/7/4 1568/7/4
f 1541/8/4 1542/8/4 1569/8/4
f 1568/7/4 1541/7/4 1569/7/4
f 1543/7/4 1544/7/4 1570/7/4
f 1569/8/4 1542/8/4 1570/8/4
f 1542/7/4 1543/7/4 1570/7/4
f 1570/7/4 1544/7/4 1571/7/4
f 1544/15/4 1545/15/4 1572/15/4
f 1571/7/4 1544/7/4 1572/7/4
f 1545/15/4 1546/15/4 1572/15/4
f 1546/8/4 1547/8/4 1573/8/4
f 1572/15/4 1546/15/4 1573/15/4
f 1547/7/4 1548/7/4 1574/7/4
f 1573/8/4 1547/8/4 1574/8/4
f 1548/15/4 1549/15/4 1575/15/4
f 1574/7/4 1548/7/4 1575/7/4
f 1549/6/4 1550/6/4 1576/6/4
f 1575/15/4 1549/15/4 1576/15/4
f 1550/6/4 1551/6/4 1576/6/4
f 1576/6/4 1551/6/4 1577/6/4
f 1551/7/4 1552/7/4 1578/7/4
f 1577/6/4 1551/6/4 1578/6/4
f 1552/15/4 1553/15/4 1579/15/4
f 1578/7/4 1552/7/4 1579/7/4
f 1553/6/4 1554/6/4 1580/6/4
f 1579/15/4 1553/15/4 1580/15/4
f 1554/15/4 1555/15/4 1581/15/4
f 1580/6/4 1554/6/4 1581/6/4
f 1555/7/4 1556/7/4 1582/7/4
f 1581/15/4 1555/15/4 1582/15/4
f 1556/8/4 1528/8/4 1583/8/4
f 1582/7/4 1556/7/4 1583/7/4
f 1528/7/4 1557/7/4 1584/7/4
f 1583/8/4 1528/8/4 1584/8/4
f 1557/24/4 1558/24/4 1585/24/4
f 1584/7/4 1557/7/4 1585/7/4
f 1585/24/4 1558/24/4 1586/24/4
f 1562/8/4 1563/8/4 1588/8/4
f 1561/7/4 1562/7/4 1588/7/4
f 1563/7/4 1564/7/4 1589/7/4
f 1588/8/4 1563/8/4 1589/8/4
f 1564/7/4 1565/7/4 1589/7/4
f 1565/8/4 1566/8/4 1590/8/4
f 1589/7/4 1565/7/4 1590/7/4
f 1590/8/4 1566/8/4 1591/8/4
f 1566/7/4 1567/7/4 1592/7/4
f 1591/8/4 1566/8/4 1592/8/4
f 1567/7/4 1568/7/4 1592/7/4
f 1592/7/4 1568/7/4 1593/7/4
f 1568/8/4 1569/8/4 1594/8/4
f 1593/7/4 1568/7/4 1594/7/4
f 1570/7/4 1571/7/4 1595/7/4
f 1594/8/4 1569/8/4 1595/8/4
f 1569/7/4 1570/7/4 1595/7/4
f 1595/7/4 1571/7/4 1596/7/4
f 1596/7/4 1571/7/4 1597/7/4
f 1571/15/4 1572/15/4 1598/15/4
f 1597/7/4 1571/7/4 1598/7/4
f 1573/7/4 1574/7/4 1599/7/4
f 1598/15/4 1572/15/4 1599/15/4
f 1572/7/4 1573/7/4 1599/7/4
f 1574/8/4 1575/8/4 1600/8/4
f 1599/7/4 1574/7/4 1600/7/4
f 1575/7/4 1576/7/4 1601/7/4
f 1600/8/4 1575/8/4 1601/8/4
f 1576/15/4 1577/15/4 1602/15/4
f 1601/7/4 1576/7/4 1602/7/4
f 1578/6/4 1579/6/4 1603/6/4
f 1602/15/4 1577/15/4 1603/15/4
f 1577/6/4 1578/6/4 1603/6/4
f 1579/7/4 1580/7/4 1604/7/4
f 1603/6/4 1579/6/4 1604/6/4
f 1581/15/4 1582/15/4 1605/15/4
f 1604/7/4 1580/7/4 1605/7/4
f 1580/15/4 1581/15/4 1605/15/4
f 1605/15/4 1582/15/4 1606/15/4
f 1582/8/4 1583/8/4 1607/8/4
f 1606/15/4 1582/15/4 1607/15/4
f 1583/22/4 1584/22/4 1608/22/4
f 1607/8/4 1583/8/4 1608/8/4
f 1584/24/4 1585/24/4 1609/24/4
f 1608/22/4 1584/22/4 1609/22/4
f 1585/21/4 1586/21/4 1610/21/4
f 1609/24/4 1585/24/4 1610/24/4
f 1586/24/4 1587/24/4 1611/24/4
f 1610/21/4 1586/21/4 1611/21/4
f 1611/24/4 1587/24/4 1612/24/4
f 1561/7/4 1588/7/4 1614/7/4
f 1560/8/4 1561/8/4 1614/8/4
f 1588/7/4 1589/7/4 1614/7/4
f 1614/7/4 1589/7/4 1615/7/4
f 1589/8/4 1590/8/4 1616/8/4
f 1615/7/4 1589/7/4 1616/7/4
f 1616/8/4 1590/8/4 1617/8/4
f 1617/8/4 1590/8/4 1618/8/4
f 1590/15/4 1591/15/4 1619/15/4
f 1618/8/4 1590/8/4 1619/8/4
f 1591/7/4 1592/7/4 1620/7/4
f 1619/15/4 1591/15/4 1620/15/4
f 1592/8/4 1593/8/4 1621/8/4
f 1620/7/4 1592/7/4 1621/7/4
f 1621/8/4 1593/8/4 1622/8/4
f 1593/15/4 1594/15/4 1623/15/4
f 1622/8/4 1593/8/4 1623/8/4
f 1594/7/4 1595/7/4 1624/7/4
f 1623/15/4 1594/15/4 1624/15/4
f 1595/15/4 1596/15/4 1625/15/4
f 1624/7/4 1595/7/4 1625/7/4
f 1596/7/4 1597/7/4 1626/7/4
f 1625/15/4 1596/15/4 1626/15/4
f 1597/8/4 1598/8/4 1627/8/4
f 1626/7/4 1597/7/4 1627/7/4
f 1598/7/4 1599/7/4 1628/7/4
f 1627/8/4 1598/8/4 1628/8/4
f 1601/15/4 1602/15/4 1629/15/4
f 1628/7/4 1599/7/4 1629/7/4
f 1602/15/4 1603/15/4 1629/15/4
f 1603/15/4 1604/15/4 1629/15/4
f 1599/15/4 1600/15/4 1629/15/4
f 1600/15/4 1601/15/4 1629/15/4
f 1629/15/4 1604/15/4 1630/15/4
f 1630/15/4 1604/15/4 1631/15/4
f 1631/15/4 1604/15/4 1632/15/4
f 1632/15/4 1604/15/4 1633/15/4
f 1633/15/4 1604/15/4 1634/15/4
f 1604/8/4 1605/8/4 1635/8/4
f 1634/15/4 1604/15/4 1635/15/4
f 1605/15/4 1606/15/4 1636/15/4
f 1635/8/4 1605/8/4 1636/8/4
f 1606/8/4 1607/8/4 1637/8/4
f 1636/15/4 1606/15/4 1637/15/4
f 1607/22/4 1608/22/4 1638/22/4
f 1637/8/4 1607/8/4 1638/8/4
f 1608/21/4 1609/21/4 1639/21/4
f 1638/22/4 1608/22/4 1639/22/4
f 1609/8/4 1610/8/4 1640/8/4
f 1639/21/4 1609/21/4 1640/21/4
f 1610/24/4 1611/24/4 1641/24/4
f 1640/8/4 1610/8/4 1641/8/4
f 1611/23/4 1612/23/4 1642/23/4
f 1641/24/4 1611/24/4 1642/24/4
f 1612/27/4 1613/27/4 1643/27/4
f 1642/23/4 1612/23/4 1643/23/4
f 1643/27/4 1613/27/4 1644/27/4
f 1560/8/4 1614/8/4 1646/8/4
f 1614/15/4 1615/15/4 1647/15/4
f 1646/8/4 1614/8/4 1647/8/4
f 1616/7/4 1617/7/4 1648/7/4
f 1647/15/4 1615/15/4 1648/15/4
f 1615/7/4 1616/7/4 1648/7/4
f 1648/7/4 1617/7/4 1649/7/4
f 1617/15/4 1618/15/4 1650/15/4
f 1649/7/4 1617/7/4 1650/7/4
f 1618/7/4 1619/7/4 1651/7/4
f 1650/15/4 1618/15/4 1651/15/4
f 1619/8/4 1620/8/4 1652/8/4
f 1651/7/4 1619/7/4 1652/7/4
f 1620/15/4 1621/15/4 1653/15/4
f 1652/8/4 1620/8/4 1653/8/4
f 1621/15/4 1622/15/4 1653/15/4
f 1622/7/4 1623/7/4 1654/7/4
f 1653/15/4 1622/15/4 1654/15/4
f 1624/7/4 1625/7/4 1654/7/4
f 1623/7/4 1624/7/4 1654/7/4
f 1654/7/4 1625/7/4 1655/7/4
f 1625/8/4 1626/8/4 1656/8/4
f 1655/7/4 1625/7/4 1656/7/4
f 1626/7/4 1627/7/4 1657/7/4
f 1656/8/4 1626/8/4 1657/8/4
f 1627/15/4 1628/15/4 1658/15/4
f 1657/7/4 1627/7/4 1658/7/4
f 1628/7/4 1629/7/4 1659/7/4
f 1658/15/4 1628/15/4 1659/15/4
f 1629/7/4 1630/7/4 1659/7/4
f 1630/8/4 1631/8/4 1660/8/4
f 1659/7/4 1630/7/4 1660/7/4
f 1631/7/4 1632/7/4 1661/7/4
f 1660/8/4 1631/8/4 1661/8/4
f 1632/15/4 1633/15/4 1662/15/4
f 1661/7/4 1632/7/4 1662/7/4
f 1633/7/4 1634/7/4 1663/7/4
f 1662/15/4 1633/15/4 1663/15/4
f 1634/15/4 1635/15/4 1664/15/4
f 1663/7/4 1634/7/4 1664/7/4
f 1635/24/4 1636/24/4 1665/24/4
f 1664/15/4 1635/15/4 1665/15/4
f 1636/24/4 1637/24/4 1665/24/4
f 1665/24/4 1637/24/4 1666/24/4
f 1637/23/4 1638/23/4 1667/23/4
f 1666/24/4 1637/24/4 1667/24/4
f 1638/15/4 1639/15/4 1668/15/4
f 1667/23/4 1638/23/4 1668/23/4
f 1639/23/4 1640/23/4 1669/23/4
f 1668/15/4 1639/15/4 1669/15/4
f 1640/7/4 1641/7/4 1670/7/4
f 1669/23/4 1640/23/4 1670/23/4
f 1670/7/4 1641/7/4 1671/7/4
f 1642/24/4 1643/24/4 1672/24/4
f 1648/15/4 1649/15/4 1673/15/4
f 1647/8/4 1648/8/4 1673/8/4
f 1650/8/4 1651/8/4 1674/8/4
f 1673/15/4 1649/15/4 1674/15/4
f 1649/8/4 1650/8/4 1674/8/4
f 1674/8/4 1651/8/4 1675/8/4
f 1651/15/4 1652/15/4 1676/15/4
f 1675/8/4 1651/8/4 1676/8/4
f 1652/15/4 1653/15/4 1676/15/4
f 1676/15/4 1653/15/4 1677/15/4
f 1653/7/4 1654/7/4 1678/7/4
f 1677/15/4 1653/15/4 1678/15/4
f 1654/15/4 1655/15/4 1679/15/4
f 1678/7/4 1654/7/4 1679/7/4
f 1655/8/4 1656/8/4 1680/8/4
f 1679/15/4 1655/15/4 1680/15/4
f 1656/15/4 1657/15/4 1681/15/4
f 1680/8/4 1656/8/4 1681/8/4
f 1657/15/4 1658/15/4 1681/15/4
f 1681/15/4 1658/15/4 1682/15/4
f 1659/8/4 1660/8/4 1683/8/4
f 1682/15/4 1658/15/4 1683/15/4
f 1658/8/4 1659/8/4 1683/8/4
f 1683/8/4 1660/8/4 1684/8/4
f 1661/15/4 1662/15/4 1685/15/4
f 1684/8/4 1660/8/4 1685/8/4
f 1660/15/4 1661/15/4 1685/15/4
f 1685/15/4 1662/15/4 1686/15/4
f 1662/7/4 1663/7/4 1687/7/4
f 1686/15/4 1662/15/4 1687/15/4
f 1663/8/4 1664/8/4 1688/8/4
f 1687/7/4 1663/7/4 1688/7/4
f 1665/21/4 1666/21/4 1689/21/4
f 1664/24/4 1665/24/4 1689/24/4
f 1666/22/4 1667/22/4 1690/22/4
f 1689/21/4 1666/21/4 1690/21/4
f 1667/15/4 1668/15/4 1691/15/4
f 1690/22/4 1667/22/4 1691/22/4
f 1668/7/4 1669/7/4 1692/7/4
f 1691/15/4 1668/15/4 1692/15/4
f 1669/23/4 1670/23/4 1693/23/4
f 1692/7/4 1669/7/4 1693/7/4
f 1671/24/4 1672/24/4 1694/24/4
f 1693/23/4 1670/23/4 1694/23/4
f 1670/24/4 1671/24/4 1694/24/4
f 1694/24/4 1672/24/4 1695/24/4
f 1672/24/4 1643/24/4 1696/24/4
f 1695/24/4 1672/24/4 1696/24/4
f 1643/23/4 1644/23/4 1696/23/4
f 1644/27/4 1645/27/4 1697/27/4
f 1696/23/4 1644/23/4 1697/23/4
f 1697/27/4 1645/27/4 1698/27/4
f 1647/8/4 1673/8/4 1700/8/4
f 1673/8/4 1674/8/4 1700/8/4
f 1700/8/4 1674/8/4 1701/8/4
f 1674/7/4 1675/7/4 1702/7/4
f 1701/8/4 1674/8/4 1702/8/4
f 1675/15/4 1676/15/4 1703/15/4
f 1702/7/4 1675/7/4 1703/7/4
f 1676/15/4 1677/15/4 1703/15/4
f 1677/7/4 1678/7/4 1704/7/4
f 1703/15/4 1677/15/4 1704/15/4
f 1704/7/4 1678/7/4 1705/7/4
f 1678/15/4 1679/15/4 1706/15/4
f 1705/7/4 1678/7/4 1706/7/4
f 1706/15/4 1679/15/4 1707/15/4
f 1679/8/4 1680/8/4 1708/8/4
f 1707/15/4 1679/15/4 1708/15/4
f 1680/15/4 1681/15/4 1709/15/4
f 1708/8/4 1680/8/4 1709/8/4
f 1709/15/4 1681/15/4 1710/15/4
f 1681/7/4 1682/7/4 1711/7/4
f 1710/15/4 1681/15/4 1711/15/4
f 1682/8/4 1683/8/4 1712/8/4
f 1711/7/4 1682/7/4 1712/7/4
f 1683/7/4 1684/7/4 1713/7/4
f 1712/8/4 1683/8/4 1713/8/4
f 1684/15/4 1685/15/4 1714/15/4
f 1713/7/4 1684/7/4 1714/7/4
f 1685/6/4 1686/6/4 1715/6/4
f 1714/15/4 1685/15/4 1715/15/4
f 1686/8/4 1687/8/4 1716/8/4
f 1715/6/4 1686/6/4 1716/6/4
f 1687/8/4 1688/8/4 1716/8/4
f 1716/8/4 1688/8/4 1717/8/4
f 1717/8/4 1688/8/4 1718/8/4
f 1664/24/4 1689/24/4 1719/24/4
f 1718/8/4 1688/8/4 1719/8/4
f 1688/8/4 1664/8/4 1719/8/4
f 1689/23/4 1690/23/4 1720/23/4
f 1719/24/4 1689/24/4 1720/24/4
f 1690/21/4 1691/21/4 1721/21/4
f 1720/23/4 1690/23/4 1721/23/4
f 1691/24/4 1692/24/4 1722/24/4
f 1721/21/4 1691/21/4 1722/21/4
f 1692/8/4 1693/8/4 1723/8/4
f 1722/24/4 1692/24/4 1723/24/4
f 1693/23/4 1694/23/4 1724/23/4
f 1723/8/4 1693/8/4 1724/8/4
f 1694/21/4 1695/21/4 1725/21/4
f 1724/23/4 1694/23/4 1725/23/4
f 1695/23/4 1696/23/4 1726/23/4
f 1725/21/4 1695/21/4 1726/21/4
f 1726/23/4 1696/23/4 1727/23/4
f 1696/27/4 1697/27/4 1728/27/4
f 1727/23/4 1696/23/4 1728/23/4
f 1728/27/4 1697/27/4 1729/27/4
f 1700/8/4 1701/8/4 1730/8/4
f 1699/8/4 1700/8/4 1730/8/4
f 1702/15/4 1703/15/4 1731/15/4
f 1730/8/4 1701/8/4 1731/8/4
f 1701/15/4 1702/15/4 1731/15/4
f 1731/15/4 1703/15/4 1732/15/4
f 1703/7/4 1704/7/4 1733/7/4
f 1732/15/4 1703/15/4 1733/15/4
f 1733/7/4 1704/7/4 1734/7/4
f 1704/15/4 1705/15/4 1735/15/4
f 1734/7/4 1704/7/4 1735/7/4
f 1705/8/4 1706/8/4 1736/8/4
f 1735/15/4 1705/15/4 1736/15/4
f 1706/7/4 1707/7/4 1737/7/4
f 1736/8/4 1706/8/4 1737/8/4
f 1707/8/4 1708/8/4 1738/8/4
f 1737/7/4 1707/7/4 1738/7/4
f 1709/15/4 1710/15/4 1739/15/4
f 1738/8/4 1708/8/4 1739/8/4
f 1708/15/4 1709/15/4 1739/15/4
f 1739/15/4 1710/15/4 1740/15/4
f 1710/7/4 1711/7/4 1741/7/4
f 1740/15/4 1710/15/4 1741/15/4
f 1711/8/4 1712/8/4 1742/8/4
f 1741/7/4 1711/7/4 1742/7/4
f 1712/7/4 1713/7/4 1743/7/4
f 1742/8/4 1712/8/4 1743/8/4
f 1713/8/4 1714/8/4 1744/8/4
f 1743/7/4 1713/7/4 1744/7/4
f 1714/8/4 1715/8/4 1744/8/4
f 1715/8/4 1716/8/4 1744/8/4
f 1744/8/4 1716/8/4 1745/8/4
f 1745/8/4 1716/8/4 1746/8/4
f 1716/7/4 1717/7/4 1747/7/4
f 1746/8/4 1716/8/4 1747/8/4
f 1747/7/4 1717/7/4 1748/7/4
f 1717/15/4 1718/15/4 1749/15/4
f 1748/7/4 1717/7/4 1749/7/4
f 1719/8/4 1720/8/4 1750/8/4
f 1749/15/4 1718/15/4 1750/15/4
f 1718/8/4 1719/8/4 1750/8/4
f 1720/24/4 1721/24/4 1751/24/4
f 1750/8/4 1720/8/4 1751/8/4
f 1721/23/4 1722/23/4 1752/23/4
f 1751/24/4 1721/24/4 1752/24/4
f 1722/23/4 1723/23/4 1752/23/4
f 1723/24/4 1724/24/4 1753/24/4
f 1752/23/4 1723/23/4 1753/23/4
f 1724/23/4 1725/23/4 1754/23/4
f 1753/24/4 1724/24/4 1754/24/4
f 1726/24/4 1727/24/4 1755/24/4
f 1754/23/4 1725/23/4 1755/23/4
f 1725/24/4 1726/24/4 1755/24/4
f 1727/27/4 1728/27/4 1756/27/4
f 1755/24/4 1727/24/4 1756/24/4
f 1756/27/4 1728/27/4 1757/27/4
f 1699/8/4 1730/8/4 1758/8/4
f 1730/7/4 1731/7/4 1759/7/4
f 1758/8/4 1730/8/4 1759/8/4
f 1731/8/4 1732/8/4 1760/8/4
f 1759/7/4 1731/7/4 1760/7/4
f 1733/7/4 1734/7/4 1761/7/4
f 1760/8/4 1732/8/4 1761/8/4
f 1732/7/4 1733/7/4 1761/7/4
f 1735/8/4 1736/8/4 1762/8/4
f 1761/7/4 1734/7/4 1762/7/4
f 1734/8/4 1735/8/4 1762/8/4
f 1736/7/4 1737/7/4 1763/7/4
f 1762/8/4 1736/8/4 1763/8/4
f 1737/8/4 1738/8/4 1764/8/4
f 1763/7/4 1737/7/4 1764/7/4
f 1738/7/4 1739/7/4 1765/7/4
f 1764/8/4 1738/8/4 1765/8/4
f 1739/15/4 1740/15/4 1766/15/4
f 1765/7/4 1739/7/4 1766/7/4
f 1740/7/4 1741/7/4 1767/7/4
f 1766/15/4 1740/15/4 1767/15/4
f 1741/8/4 1742/8/4 1768/8/4
f 1767/7/4 1741/7/4 1768/7/4
f 1742/15/4 1743/15/4 1769/15/4
f 1768/8/4 1742/8/4 1769/8/4
f 1744/8/4 1745/8/4 1770/8/4
f 1769/15/4 1743/15/4 1770/15/4
f 1743/8/4 1744/8/4 1770/8/4
f 1770/8/4 1745/8/4 1771/8/4
f 1745/7/4 1746/7/4 1772/7/4
f 1771/8/4 1745/8/4 1772/8/4
f 1746/15/4 1747/15/4 1773/15/4
f 1772/7/4 1746/7/4 1773/7/4
f 1773/15/4 1747/15/4 1774/15/4
f 1747/6/4 1748/6/4 1775/6/4
f 1774/15/4 1747/15/4 1775/15/4
f 1748/7/4 1749/7/4 1776/7/4
f 1775/6/4 1748/6/4 1776/6/4
f 1749/8/4 1750/8/4 1777/8/4
f 1776/7/4 1749/7/4 1777/7/4
f 1777/8/4 1750/8/4 1778/8/4
f 1752/24/4 1753/24/4 1779/24/4
f 1753/23/4 1754/23/4 1780/23/4
f 1779/24/4 1753/24/4 1780/24/4
f 1754/24/4 1755/24/4 1781/24/4
f 1780/23/4 1754/23/4 1781/23/4
f 1781/24/4 1755/24/4 1782/24/4
f 1759/8/4 1760/8/4 1783/8/4
f 1760/7/4 1761/7/4 1784/7/4
f 1783/8/4 1760/8/4 1784/8/4
f 1761/8/4 1762/8/4 1785/8/4
f 1784/7/4 1761/7/4 1785/7/4
f 1762/7/4 1763/7/4 1786/7/4
f 1785/8/4 1762/8/4 1786/8/4
f 1763/8/4 1764/8/4 1787/8/4
f 1786/7/4 1763/7/4 1787/7/4
f 1765/15/4 1766/15/4 1788/15/4
f 1787/8/4 1764/8/4 1788/8/4
f 1764/15/4 1765/15/4 1788/15/4
f 1766/7/4 1767/7/4 1789/7/4
f 1788/15/4 1766/15/4 1789/15/4
f 1767/8/4 1768/8/4 1790/8/4
f 1789/7/4 1767/7/4 1790/7/4
f 1768/7/4 1769/7/4 1791/7/4
f 1790/8/4 1768/8/4 1791/8/4
f 1769/8/4 1770/8/4 1792/8/4
f 1791/7/4 1769/7/4 1792/7/4
f 1770/7/4 1771/7/4 1793/7/4
f 1792/8/4 1770/8/4 1793/8/4
f 1771/15/4 1772/15/4 1794/15/4
f 1793/7/4 1771/7/4 1794/7/4
f 1772/6/4 1773/6/4 1795/6/4
f 1794/15/4 1772/15/4 1795/15/4
f 1773/7/4 1774/7/4 1796/7/4
f 1795/6/4 1773/6/4 1796/6/4
f 1774/8/4 1775/8/4 1797/8/4
f 1796/7/4 1774/7/4 1797/7/4
f 1775/8/4 1776/8/4 1797/8/4
f 1797/8/4 1776/8/4 1798/8/4
f 1780/24/4 1781/24/4 1799/24/4
f 1799/24/4 1781/24/4 1800/24/4
f 1785/7/4 1786/7/4 1801/7/4
f 1786/8/4 1787/8/4 1802/8/4
f 1801/7/4 1786/7/4 1802/7/4
f 1787/15/4 1788/15/4 1803/15/4
f 1802/8/4 1787/8/4 1803/8/4
f 1788/7/4 1789/7/4 1804/7/4
f 1803/15/4 1788/15/4 1804/15/4
f 1804/7/4 1789/7/4 1805/7/4
f 1789/8/4 1790/8/4 1806/8/4
f 1805/7/4 1789/7/4 1806/7/4
f 1790/7/4 1791/7/4 1807/7/4
f 1806/8/4 1790/8/4 1807/8/4
f 1791/6/4 1792/6/4 1808/6/4
f 1807/7/4 1791/7/4 1808/7/4
f 1792/7/4 1793/7/4 1809/7/4
f 1808/6/4 1792/6/4 1809/6/4
f 1793/15/4 1794/15/4 1810/15/4
f 1809/7/4 1793/7/4 1810/7/4
f 1794/7/4 1795/7/4 1811/7/4
f 1810/15/4 1794/15/4 1811/15/4
f 1795/8/4 1796/8/4 1812/8/4
f 1811/7/4 1795/7/4 1812/7/4
f 1812/8/4 1796/8/4 1813/8/4
f 1784/8/4 1785/8/4 1814/8/4
f 1785/7/4 1801/7/4 1815/7/4
f 1814/8/4 1785/8/4 1815/8/4
f 1801/15/4 1802/15/4 1816/15/4
f 1815/7/4 1801/7/4 1816/7/4
f 1802/7/4 1803/7/4 1817/7/4
f 1816/15/4 1802/15/4 1817/15/4
f 1804/7/4 1805/7/4 1817/7/4
f 1803/7/4 1804/7/4 1817/7/4
f 1817/7/4 1805/7/4 1818/7/4
f 1818/7/4 1805/7/4 1819/7/4
f 1805/8/4 1806/8/4 1820/8/4
f 1819/7/4 1805/7/4 1820/7/4
f 1806/7/4 1807/7/4 1821/7/4
f 1820/8/4 1806/8/4 1821/8/4
f 1807/15/4 1808/15/4 1822/15/4
f 1821/7/4 1807/7/4 1822/7/4
f 1808/8/4 1809/8/4 1823/8/4
f 1822/15/4 1808/15/4 1823/15/4
f 1809/15/4 1810/15/4 1824/15/4
f 1823/8/4 1809/8/4 1824/8/4
f 1810/8/4 1811/8/4 1825/8/4
f 1824/15/4 1810/15/4 1825/15/4
f 1825/8/4 1811/8/4 1826/8/4
f 1815/8/4 1816/8/4 1827/8/4
f 1816/8/4 1817/8/4 1827/8/4
f 1827/8/4 1817/8/4 1828/8/4
f 1817/7/4 1818/7/4 1829/7/4
f 1828/8/4 1817/8/4 1829/8/4
f 1818/15/4 1819/15/4 1830/15/4
f 1829/7/4 1818/7/4 1830/7/4
f 1819/8/4 1820/8/4 1831/8/4
f 1830/15/4 1819/15/4 1831/15/4
f 1831/8/4 1820/8/4 1832/8/4
f 1820/15/4 1821/15/4 1833/15/4
f 1832/8/4 1820/8/4 1833/8/4
f 1821/15/4 1822/15/4 1833/15/4
f 1833/15/4 1822/15/4 1834/15/4
f 1822/8/4 1823/8/4 1835/8/4
f 1834/15/4 1822/15/4 1835/15/4
f 1823/7/4 1824/7/4 1836/7/4
f 1835/8/4 1823/8/4 1836/8/4
f 1824/8/4 1825/8/4 1837/8/4
f 1836/7/4 1824/7/4 1837/7/4
f 1837/8/4 1825/8/4 1838/8/4
f 1831/8/4 1832/8/4 1839/8/4
f 1828/8/4 1829/8/4 1839/8/4
f 1829/8/4 1830/8/4 1839/8/4
f 1830/8/4 1831/8/4 1839/8/4
f 1839/8/4 1832/8/4 1840/8/4
f 1840/8/4 1832/8/4 1841/8/4
f 1841/8/4 1832/8/4 1842/8/4
f 1832/15/4 1833/15/4 1843/15/4
f 1842/8/4 1832/8/4 1843/8/4
f 1833/6/4 1834/6/4 1844/6/4
f 1843/15/4 1833/15/4 1844/15/4
f 1834/8/4 1835/8/4 1845/8/4
f 1844/6/4 1834/6/4 1845/6/4
f 1835/15/4 1836/15/4 1846/15/4
f 1845/8/4 1835/8/4 1846/8/4
f 1836/8/4 1837/8/4 1847/8/4
f 1846/15/4 1836/15/4 1847/15/4
f 1847/8/4 1837/8/4 1848/8/4
f 1840/8/4 1841/8/4 1849/8/4
f 1841/15/4 1842/15/4 1850/15/4
f 1849/8/4 1841/8/4 1850/8/4
f 1843/6/4 1844/6/4 1851/6/4
f 1850/15/4 1842/15/4 1851/15/4
f 1842/6/4 1843/6/4 1851/6/4
f 1844/8/4 1845/8/4 1852/8/4
f 1851/6/4 1844/6/4 1852/6/4
f 1845/7/4 1846/7/4 1853/7/4
f 1852/8/4 1845/8/4 1853/8/4
f 1846/8/4 1847/8/4 1854/8/4
f 1853/7/4 1846/7/4 1854/7/4
f 1854/8/4 1847/8/4 1855/8/4
f 1850/8/4 1851/8/4 1856/8/4
f 1851/8/4 1852/8/4 1856/8/4
f 1856/8/4 1852/8/4 1857/8/4
f 1852/15/4 1853/15/4 1858/15/4
f 1857/8/4 1852/8/4 1858/8/4
f 1853/8/4 1854/8/4 1859/8/4
f 1858/15/4 1853/15/4 1859/15/4
f 1859/8/4 1854/8/4 1860/8/4
f 1857/8/4 1858/8/4 1861/8/4
f 1858/8/4 1859/8/4 1861/8/4
f 1861/8/4 1859/8/4 1862/8/4
f 1869/20/5 1864/20/5 1863/20/5
f 1870/4/5 1865/4/5 1864/4/5
f 1870/20/5 1864/20/5 1869/20/5
f 1871/20/5 1866/20/5 1865/20/5
f 1871/4/5 1865/4/5 1870/4/5
f 1872/19/5 1867/19/5 1866/19/5
f 1872/20/5 1866/20/5 1871/20/5
f 1873/4/5 1868/4/5 1867/4/5
f 1873/19/5 1867/19/5 1872/19/5
f 1874/4/5 1868/4/5 1873/4/5
f 1877/4/5 1876/4/5 1875/4/5
f 1878/4/5 1876/4/5 1877/4/5
f 1888/19/5 1880/19/5 1879/19/5
f 1889/19/5 1880/19/5 1888/19/5
f 1890/4/5 1882/4/5 1881/4/5
f 1891/8/5 1883/8/5 1882/8/5
f 1891/4/5 1882/4/5 1890/4/5
f 1892/8/5 1883/8/5 1891/8/5
f 1893/8/5 1885/8/5 1884/8/5
f 1894/8/5 1885/8/5 1893/8/5
f 1895/8/5 1887/8/5 1886/8/5
f 1896/8/5 1887/8/5 1895/8/5
f 1905/19/5 1898/19/5 1897/19/5
f 1906/19/5 1898/19/5 1905/19/5
f 1907/8/5 1900/8/5 1899/8/5
f 1908/8/5 1900/8/5 1907/8/5
f 1909/8/5 1902/8/5 1901/8/5
f 1910/8/5 1902/8/5 1909/8/5
f 1911/8/5 1904/8/5 1903/8/5
f 1912/8/5 1904/8/5 1911/8/5
f 1917/20/5 1914/20/5 1913/20/5
f 1918/20/5 1914/20/5 1917/20/5
f 1919/8/5 1916/8/5 1915/8/5
f 1920/8/5 1916/8/5 1919/8/5
f 1925/20/5 1922/20/5 1921/20/5
f 1926/20/5 1922/20/5 1925/20/5
f 1927/8/5 1924/8/5 1923/8/5
f 1928/8/5 1924/8/5 1927/8/5
f 1931/8/5 1930/8/5 1929/8/5
f 1932/8/5 1930/8/5 1931/8/5
f 1935/8/5 1934/8/5 1933/8/5
f 1936/8/5 1934/8/5 1935/8/5
f 1939/8/5 1938/8/5 1937/8/5
f 1940/8/5 1938/8/5 1939/8/5
f 1943/8/5 1942/8/5 1941/8/5
f 1944/8/5 1942/8/5 1943/8/5
f 1947/13/5 1946/13/5 1945/13/5
f 1948/13/5 1946/13/5 1947/13/5
f 1951/3/5 1950/3/5 1949/3/5
f 1952/3/5 1950/3/5 1951/3/5
f 1955/7/5 1954/7/5 1953/7/5
f 1956/7/5 1954/7/5 1955/7/5
f 1959/8/5 1958/8/5 1957/8/5
f 1960/8/5 1958/8/5 1959/8/5
f 1964/6/5 1962/6/5 1961/6/5
f 1965/15/5 1963/15/5 1962/15/5
f 1965/6/5 1962/6/5 1964/6/5
f 1966/15/5 1963/15/5 1965/15/5
f 1969/24/5 1968/24/5 1967/24/5
f 1970/24/5 1968/24/5 1969/24/5
f 1973/24/5 1972/24/5 1971/24/5
f 1974/24/5 1972/24/5 1973/24/5
f 1977/24/5 1976/24/5 1975/24/5
f 1978/24/5 1976/24/5 1977/24/5
f 1979/3/6 1980/3/6 1981/3/6
f 1981/3/6 1980/3/6 1982/3/6
f 1983/13/6 1984/13/6 1985/13/6
f 1985/13/6 1984/13/6 1986/13/6
f 1987/15/6 1988/15/6 1991/15/6
f 1991/15/6 1988/15/6 1992/15/6
f 1989/8/6 1990/8/6 1993/8/6
f 1993/8/6 1990/8/6 1994/8/6
f 1995/8/6 1996/8/6 1997/8/6
f 1997/8/6 1996/8/6 1998/8/6
f 1999/7/6 2000/7/6 2003/7/6
f 2003/7/6 2000/7/6 2004/7/6
f 2001/8/6 2002/8/6 2005/8/6
f 2005/8/6 2002/8/6 2006/8/6
f 2007/8/6 2008/8/6 2009/8/6
f 2009/8/6 2008/8/6 2010/8/6
f 2011/8/6 2012/8/6 2013/8/6
f 2013/8/6 2012/8/6 2014/8/6
f 2015/8/6 2016/8/6 2017/8/6
f 2017/8/6 2016/8/6 2018/8/6
f 2019/8/6 2020/8/6 2021/8/6
f 2021/8/6 2020/8/6 2022/8/6
f 2023/8/6 2024/8/6 2025/8/6
f 2025/8/6 2024/8/6 2026/8/6
f 2027/6/6 2028/6/6 2031/6/6
f 2031/6/6 2028/6/6 2032/6/6
f 2029/8/6 2030/8/6 2033/8/6
f 2033/8/6 2030/8/6 2034/8/6
f 2035/15/6 2036/15/6 2037/15/6
f 2037/15/6 2036/15/6 2038/15/6
f 2039/7/6 2040/7/6 2041/7/6
f 2041/7/6 2040/7/6 2042/7/6
f 2043/7/6 2044/7/6 2047/7/6
f 2047/7/6 2044/7/6 2048/7/6
f 2045/24/6 2046/24/6 2049/24/6
f 2049/24/6 2046/24/6 2050/24/6
f 2051/15/6 2052/15/6 2055/15/6
f 2055/15/6 2052/15/6 2056/15/6
f 2053/24/6 2054/24/6 2057/24/6
f 2057/24/6 2054/24/6 2058/24/6
f 2059/15/6 2060/15/6 2063/15/6
f 2063/15/6 2060/15/6 2064/15/6
f 2061/7/6 2062/7/6 2065/7/6
f 2065/7/6 2062/7/6 2066/7/6
f 2067/7/6 2068/7/6 2071/7/6
f 2071/7/6 2068/7/6 2072/7/6
f 2069/24/6 2070/24/6 2073/24/6
f 2073/24/6 2070/24/6 2074/24/6
f 2075/7/6 2076/7/6 2086/7/6
f 2076/15/6 2077/15/6 2087/15/6
f 2086/7/6 2076/7/6 2087/7/6
f 2077/6/6 2078/6/6 2088/6/6
f 2087/15/6 2077/15/6 2088/15/6
f 2078/15/6 2079/15/6 2089/15/6
f 2088/6/6 2078/6/6 2089/6/6
f 2079/7/6 2080/7/6 2090/7/6
f 2089/15/6 2079/15/6 2090/15/6
f 2080/8/6 2081/8/6 2091/8/6
f 2090/7/6 2080/7/6 2091/7/6
f 2091/8/6 2081/8/6 2092/8/6
f 2082/24/6 2083/24/6 2093/24/6
f 2093/24/6 2083/24/6 2094/24/6
f 2084/27/6 2085/27/6 2095/27/6
f 2095/27/6 2085/27/6 2096/27/6
f 2097/27/6 2098/27/6 2101/27/6
f 2101/27/6 2098/27/6 2102/27/6
f 2099/27/6 2100/27/6 2103/27/6
f 2103/27/6 2100/27/6 2104/27/6
f 2105/27/6 2106/27/6 2107/27/6
f 2107/27/6 2106/27/6 2108/27/6
