# MagicaVoxel @ Ephtracy

# group
o 

# material
mtllib Player_Jump_01.mtl
usemtl palette

# normals
vn -1 0 0
vn 1 0 0
vn 0 0 1
vn 0 0 -1
vn 0 -1 0
vn 0 1 0

# texcoords
vt 0.00195312 0.5
vt 0.00585938 0.5
vt 0.00976562 0.5
vt 0.0136719 0.5
vt 0.0175781 0.5
vt 0.0214844 0.5
vt 0.0253906 0.5
vt 0.0292969 0.5
vt 0.0332031 0.5
vt 0.0371094 0.5
vt 0.0410156 0.5
vt 0.0449219 0.5
vt 0.0488281 0.5
vt 0.0527344 0.5
vt 0.0566406 0.5
vt 0.0605469 0.5
vt 0.0644531 0.5
vt 0.0683594 0.5
vt 0.0722656 0.5
vt 0.0761719 0.5
vt 0.0800781 0.5
vt 0.0839844 0.5
vt 0.0878906 0.5
vt 0.0917969 0.5
vt 0.0996094 0.5
vt 0.119141 0.5
vt 0.123047 0.5

# verts
v -1.5 2.7 0.0999999
v -1.5 2.7 -0.1
v -1.5 2.8 0.0999999
v -1.5 2.8 -0.1
v -1.4 2.8 0.0999999
v -1.4 2.8 -0.1
v -1.4 2.9 0.0999999
v -1.4 2.9 -0.1
v -1.4 3.2 0.0999999
v -1.4 3.2 -0.1
v -1.3 2.6 0.0999999
v -1.3 2.6 -0.1
v -1.3 2.7 0.0999999
v -1.3 2.7 -0.1
v -1.3 3.2 0.0999999
v -1.3 3.2 -0.1
v -1.3 3.3 0.0999999
v -1.3 3.3 -0.1
v -1.2 2.4 0.0999999
v -1.2 2.4 -0.1
v -1.2 2.6 0.0999999
v -1.2 2.6 -0.1
v -1.2 3.3 0.0999999
v -1.2 3.3 -0.1
v -1.2 3.4 0.0999999
v -1.2 3.4 -0.1
v -1.1 0.7 0.0999999
v -1.1 0.7 -0.1
v -1.1 0.9 0.0999999
v -1.1 0.9 -0.1
v -1.1 1 0.0999999
v -1.1 1 -0.1
v -1.1 1.1 0.0999999
v -1.1 1.1 -0.1
v -1.1 1.3 0.0999999
v -1.1 1.3 -0.1
v -1.1 1.5 0.0999999
v -1.1 1.5 -0.1
v -1.1 1.6 0.0999999
v -1.1 1.6 -0.1
v -1.1 2.1 0.0999999
v -1.1 2.1 -0.1
v -1.1 2.3 0.0999999
v -1.1 2.3 -0.1
v -1.1 2.4 0.0999999
v -1.1 2.4 -0.1
v -1.1 3.4 0.0999999
v -1.1 3.4 -0.1
v -1.1 3.5 0.0999999
v -1.1 3.5 -0.1
v -1 1.6 0.0999999
v -1 1.6 -0.1
v -1 1.7 0.0999999
v -1 1.7 -0.1
v -1 1.8 0.0999999
v -1 1.8 -0.1
v -1 2 0.0999999
v -1 2 -0.1
v -1 2.1 0.0999999
v -1 2.1 -0.1
v -1 3.5 0.0999999
v -1 3.5 -0.1
v -1 3.6 0.0999999
v -1 3.6 -0.1
v -0.9 0.6 0.0999999
v -0.9 0.6 -0.1
v -0.9 0.7 0.0999999
v -0.9 0.7 -0.1
v -0.9 1.8 0.0999999
v -0.9 1.8 -0.1
v -0.9 1.9 0.0999999
v -0.9 1.9 -0.1
v -0.9 2 0.0999999
v -0.9 2 -0.1
v -0.9 3.6 0.0999999
v -0.9 3.6 -0.1
v -0.9 3.7 0.0999999
v -0.9 3.7 -0.1
v -0.8 0.5 0.0999999
v -0.8 0.5 -0.1
v -0.8 0.6 0.0999999
v -0.8 0.6 -0.1
v -0.7 0.4 0.0999999
v -0.7 0.4 -0.1
v -0.7 0.5 0.0999999
v -0.7 0.5 -0.1
v -0.7 3.7 0.0999999
v -0.7 3.7 -0.1
v -0.7 3.8 0.0999999
v -0.7 3.8 -0.1
v -0.3 0.3 0.0999999
v -0.3 0.3 -0.1
v -0.3 0.4 0.0999999
v -0.3 0.4 -0.1
v -0.2 0.2 0.0999999
v -0.2 0.2 -0.1
v -0.2 0.3 0.0999999
v -0.2 0.3 -0.1
v 0.4 0.6 0.0999999
v 0.4 0.6 -0.1
v 0.4 0.7 0.0999999
v 0.4 0.7 -0.1
v 0.4 3.7 0.0999999
v 0.4 3.7 -0.1
v 0.4 3.8 0.0999999
v 0.4 3.8 -0.1
v 0.5 3.8 0.0999999
v 0.5 3.8 -0.1
v 0.5 3.9 0.0999999
v 0.5 3.9 -0.1
v 0.6 3.9 0.0999999
v 0.6 3.9 -0.1
v 0.6 4 0.0999999
v 0.6 4 -0.1
v 0.7 3.6 0.0999999
v 0.7 3.6 -0.1
v 0.7 3.7 0.0999999
v 0.7 3.7 -0.1
v 0.9 0.6 0.0999999
v 0.9 0.6 -0.1
v 0.9 0.7 0.0999999
v 0.9 0.7 -0.1
v 0 0.5 0.0999999
v 0 0.5 -7.45058e-08
v 0 0.6 0.0999999
v 0 0.6 -7.45058e-08
v 0.1 0.2 0.0999999
v 0.1 0.2 -0.1
v 0.1 0.3 0.0999999
v 0.1 0.3 -0.1
v 0.1 0.4 0.0999999
v 0.1 0.4 -0.1
v 0.1 0.5 0.0999999
v 0.1 0.5 -7.45058e-08
v 0.1 0.6 -7.45058e-08
v 0.1 0.6 -0.1
v 0.3 0.6 0.0999999
v 0.3 0.6 -0.1
v 0.3 0.7 0.0999999
v 0.3 0.7 -0.1
v 0.3 3.7 0.0999999
v 0.3 3.7 -0.1
v 0.3 3.8 0.0999999
v 0.3 3.8 -0.1
v 0.6 3.6 0.0999999
v 0.6 3.6 -0.1
v 0.6 3.7 0.0999999
v 0.6 3.7 -0.1
v 0.7 0.6 0.0999999
v 0.7 0.6 -0.1
v 0.7 0.7 0.0999999
v 0.7 0.7 -0.1
v 0.8 3.9 0.0999999
v 0.8 3.9 -0.1
v 0.8 4 0.0999999
v 0.8 4 -0.1
v 0.9 3.8 0.0999999
v 0.9 3.8 -0.1
v 0.9 3.9 0.0999999
v 0.9 3.9 -0.1
v 1 2.8 0.0999999
v 1 2.8 -0.1
v 1 3.1 0.0999999
v 1 3.1 -0.1
v 1 3.2 0.0999999
v 1 3.2 -0.1
v 1 3.5 0.0999999
v 1 3.5 -0.1
v 1 3.7 0.0999999
v 1 3.7 -0.1
v 1 3.8 0.0999999
v 1 3.8 -0.1
v 1.1 0.6 0.0999999
v 1.1 0.6 -0.1
v 1.1 0.7 0.0999999
v 1.1 0.7 -0.1
v 1.1 2.6 0.0999999
v 1.1 2.6 -0.1
v 1.1 2.7 0.0999999
v 1.1 2.7 -0.1
v 1.1 2.8 0.0999999
v 1.1 2.8 -0.1
v 1.1 3.2 0.0999999
v 1.1 3.2 -0.1
v 1.1 3.3 0.0999999
v 1.1 3.3 -0.1
v 1.1 3.4 0.0999999
v 1.1 3.4 -0.1
v 1.1 3.5 0.0999999
v 1.1 3.5 -0.1
v 1.2 0.7 0.0999999
v 1.2 0.7 -0.1
v 1.2 0.8 0.0999999
v 1.2 0.8 -0.1
v 1.2 2.3 0.0999999
v 1.2 2.3 -0.1
v 1.2 2.4 0.0999999
v 1.2 2.4 -0.1
v 1.2 2.6 0.0999999
v 1.2 2.6 -0.1
v 1.2 3.3 0.0999999
v 1.2 3.3 -0.1
v 1.2 3.4 0.0999999
v 1.2 3.4 -0.1
v 1.3 2.1 0.0999999
v 1.3 2.1 -0.1
v 1.3 2.2 0.0999999
v 1.3 2.2 -0.1
v 1.3 2.3 0.0999999
v 1.3 2.3 -0.1
v 1.4 0.8 0.0999999
v 1.4 0.8 -0.1
v 1.4 0.9 0.0999999
v 1.4 0.9 -0.1
v 1.4 2 0.0999999
v 1.4 2 -0.1
v 1.4 2.1 0.0999999
v 1.4 2.1 -0.1
v 1.5 0.9 0.0999999
v 1.5 0.9 -0.1
v 1.5 1 0.0999999
v 1.5 1 -0.1
v 1.5 1.9 0.0999999
v 1.5 1.9 -0.1
v 1.5 2 0.0999999
v 1.5 2 -0.1
v 1.6 1 0.0999999
v 1.6 1 -0.1
v 1.6 1.1 0.0999999
v 1.6 1.1 -0.1
v 1.6 1.8 0.0999999
v 1.6 1.8 -0.1
v 1.6 1.9 0.0999999
v 1.6 1.9 -0.1
v 1.7 1.1 0.0999999
v 1.7 1.1 -0.1
v 1.7 1.2 0.0999999
v 1.7 1.2 -0.1
v 1.7 1.7 0.0999999
v 1.7 1.7 -0.1
v 1.7 1.8 0.0999999
v 1.7 1.8 -0.1
v 1.8 1.2 0.0999999
v 1.8 1.2 -0.1
v 1.8 1.4 0.0999999
v 1.8 1.4 -0.1
v 1.8 1.6 0.0999999
v 1.8 1.6 -0.1
v 1.8 1.7 0.0999999
v 1.8 1.7 -0.1
v 1.9 1.4 0.0999999
v 1.9 1.4 -0.1
v 1.9 1.6 0.0999999
v 1.9 1.6 -0.1
v -1.5 2.7 0.0999999
v -1.5 2.8 0.0999999
v -1.4 2.7 0.0999999
v -1.4 2.8 0.0999999
v -1.4 2.9 0.0999999
v -1.4 3.2 0.0999999
v -1.3 2.6 0.0999999
v -1.3 2.7 0.0999999
v -1.3 2.8 0.0999999
v -1.3 2.9 0.0999999
v -1.3 3 0.0999999
v -1.3 3.2 0.0999999
v -1.3 3.3 0.0999999
v -1.2 2.4 0.0999999
v -1.2 2.6 0.0999999
v -1.2 2.7 0.0999999
v -1.2 2.8 0.0999999
v -1.2 2.9 0.0999999
v -1.2 3 0.0999999
v -1.2 3.2 0.0999999
v -1.2 3.3 0.0999999
v -1.2 3.4 0.0999999
v -1.1 0.7 0.0999999
v -1.1 0.9 0.0999999
v -1.1 1 0.0999999
v -1.1 1.1 0.0999999
v -1.1 1.3 0.0999999
v -1.1 1.5 0.0999999
v -1.1 1.6 0.0999999
v -1.1 2.1 0.0999999
v -1.1 2.3 0.0999999
v -1.1 2.4 0.0999999
v -1.1 2.5 0.0999999
v -1.1 2.6 0.0999999
v -1.1 2.7 0.0999999
v -1.1 2.8 0.0999999
v -1.1 2.9 0.0999999
v -1.1 3 0.0999999
v -1.1 3.1 0.0999999
v -1.1 3.2 0.0999999
v -1.1 3.3 0.0999999
v -1.1 3.4 0.0999999
v -1.1 3.5 0.0999999
v -1 0.7 0.0999999
v -1 0.8 0.0999999
v -1 0.9 0.0999999
v -1 1 0.0999999
v -1 1.1 0.0999999
v -1 1.2 0.0999999
v -1 1.3 0.0999999
v -1 1.4 0.0999999
v -1 1.5 0.0999999
v -1 1.6 0.0999999
v -1 1.7 0.0999999
v -1 1.8 0.0999999
v -1 2 0.0999999
v -1 2.1 0.0999999
v -1 2.2 0.0999999
v -1 2.3 0.0999999
v -1 2.4 0.0999999
v -1 2.5 0.0999999
v -1 2.6 0.0999999
v -1 2.7 0.0999999
v -1 2.8 0.0999999
v -1 2.9 0.0999999
v -1 3 0.0999999
v -1 3.1 0.0999999
v -1 3.2 0.0999999
v -1 3.3 0.0999999
v -1 3.4 0.0999999
v -1 3.5 0.0999999
v -1 3.6 0.0999999
v -0.9 0.6 0.0999999
v -0.9 0.7 0.0999999
v -0.9 0.8 0.0999999
v -0.9 0.9 0.0999999
v -0.9 1 0.0999999
v -0.9 1.1 0.0999999
v -0.9 1.2 0.0999999
v -0.9 1.3 0.0999999
v -0.9 1.4 0.0999999
v -0.9 1.6 0.0999999
v -0.9 1.7 0.0999999
v -0.9 1.8 0.0999999
v -0.9 1.9 0.0999999
v -0.9 2 0.0999999
v -0.9 2.1 0.0999999
v -0.9 2.2 0.0999999
v -0.9 2.4 0.0999999
v -0.9 2.5 0.0999999
v -0.9 2.6 0.0999999
v -0.9 2.7 0.0999999
v -0.9 2.8 0.0999999
v -0.9 3 0.0999999
v -0.9 3.1 0.0999999
v -0.9 3.2 0.0999999
v -0.9 3.3 0.0999999
v -0.9 3.4 0.0999999
v -0.9 3.5 0.0999999
v -0.9 3.6 0.0999999
v -0.9 3.7 0.0999999
v -0.8 0.5 0.0999999
v -0.8 0.6 0.0999999
v -0.8 0.7 0.0999999
v -0.8 0.8 0.0999999
v -0.8 0.9 0.0999999
v -0.8 1 0.0999999
v -0.8 1.1 0.0999999
v -0.8 1.2 0.0999999
v -0.8 1.3 0.0999999
v -0.8 1.4 0.0999999
v -0.8 1.5 0.0999999
v -0.8 1.6 0.0999999
v -0.8 1.7 0.0999999
v -0.8 1.8 0.0999999
v -0.8 1.9 0.0999999
v -0.8 2.1 0.0999999
v -0.8 2.2 0.0999999
v -0.8 2.3 0.0999999
v -0.8 2.4 0.0999999
v -0.8 2.5 0.0999999
v -0.8 2.6 0.0999999
v -0.8 2.7 0.0999999
v -0.8 2.8 0.0999999
v -0.8 2.9 0.0999999
v -0.8 3 0.0999999
v -0.8 3.1 0.0999999
v -0.8 3.2 0.0999999
v -0.8 3.3 0.0999999
v -0.8 3.4 0.0999999
v -0.8 3.5 0.0999999
v -0.8 3.6 0.0999999
v -0.7 0.4 0.0999999
v -0.7 0.5 0.0999999
v -0.7 0.6 0.0999999
v -0.7 0.7 0.0999999
v -0.7 0.8 0.0999999
v -0.7 0.9 0.0999999
v -0.7 1 0.0999999
v -0.7 1.1 0.0999999
v -0.7 1.2 0.0999999
v -0.7 1.3 0.0999999
v -0.7 1.4 0.0999999
v -0.7 1.5 0.0999999
v -0.7 1.6 0.0999999
v -0.7 1.7 0.0999999
v -0.7 1.8 0.0999999
v -0.7 1.9 0.0999999
v -0.7 2 0.0999999
v -0.7 2.1 0.0999999
v -0.7 2.2 0.0999999
v -0.7 2.3 0.0999999
v -0.7 2.4 0.0999999
v -0.7 2.5 0.0999999
v -0.7 2.6 0.0999999
v -0.7 2.7 0.0999999
v -0.7 2.8 0.0999999
v -0.7 2.9 0.0999999
v -0.7 3 0.0999999
v -0.7 3.1 0.0999999
v -0.7 3.2 0.0999999
v -0.7 3.3 0.0999999
v -0.7 3.4 0.0999999
v -0.7 3.5 0.0999999
v -0.7 3.6 0.0999999
v -0.7 3.7 0.0999999
v -0.7 3.8 0.0999999
v -0.6 0.4 0.0999999
v -0.6 0.5 0.0999999
v -0.6 0.6 0.0999999
v -0.6 0.7 0.0999999
v -0.6 0.8 0.0999999
v -0.6 0.9 0.0999999
v -0.6 1 0.0999999
v -0.6 1.1 0.0999999
v -0.6 1.2 0.0999999
v -0.6 1.3 0.0999999
v -0.6 1.4 0.0999999
v -0.6 1.5 0.0999999
v -0.6 1.6 0.0999999
v -0.6 1.7 0.0999999
v -0.6 1.8 0.0999999
v -0.6 1.9 0.0999999
v -0.6 2 0.0999999
v -0.6 2.1 0.0999999
v -0.6 2.2 0.0999999
v -0.6 2.3 0.0999999
v -0.6 2.4 0.0999999
v -0.6 2.5 0.0999999
v -0.6 2.6 0.0999999
v -0.6 2.7 0.0999999
v -0.6 2.8 0.0999999
v -0.6 2.9 0.0999999
v -0.6 3 0.0999999
v -0.6 3.1 0.0999999
v -0.6 3.3 0.0999999
v -0.6 3.4 0.0999999
v -0.6 3.5 0.0999999
v -0.6 3.6 0.0999999
v -0.5 0.5 0.0999999
v -0.5 0.6 0.0999999
v -0.5 0.7 0.0999999
v -0.5 0.8 0.0999999
v -0.5 0.9 0.0999999
v -0.5 1 0.0999999
v -0.5 1.1 0.0999999
v -0.5 1.2 0.0999999
v -0.5 1.3 0.0999999
v -0.5 1.4 0.0999999
v -0.5 1.5 0.0999999
v -0.5 1.6 0.0999999
v -0.5 1.7 0.0999999
v -0.5 1.8 0.0999999
v -0.5 1.9 0.0999999
v -0.5 2 0.0999999
v -0.5 2.1 0.0999999
v -0.5 2.2 0.0999999
v -0.5 2.4 0.0999999
v -0.5 2.5 0.0999999
v -0.5 2.6 0.0999999
v -0.5 2.8 0.0999999
v -0.5 2.9 0.0999999
v -0.5 3 0.0999999
v -0.5 3.1 0.0999999
v -0.5 3.2 0.0999999
v -0.5 3.4 0.0999999
v -0.5 3.6 0.0999999
v -0.5 3.7 0.0999999
v -0.5 3.8 0.0999999
v -0.4 0.4 0.0999999
v -0.4 0.5 0.0999999
v -0.4 0.6 0.0999999
v -0.4 0.7 0.0999999
v -0.4 0.8 0.0999999
v -0.4 0.9 0.0999999
v -0.4 1 0.0999999
v -0.4 1.1 0.0999999
v -0.4 1.2 0.0999999
v -0.4 1.3 0.0999999
v -0.4 1.4 0.0999999
v -0.4 1.5 0.0999999
v -0.4 1.6 0.0999999
v -0.4 1.7 0.0999999
v -0.4 1.8 0.0999999
v -0.4 1.9 0.0999999
v -0.4 2 0.0999999
v -0.4 2.1 0.0999999
v -0.4 2.2 0.0999999
v -0.4 2.4 0.0999999
v -0.4 2.6 0.0999999
v -0.4 2.8 0.0999999
v -0.4 3 0.0999999
v -0.4 3.1 0.0999999
v -0.4 3.2 0.0999999
v -0.4 3.3 0.0999999
v -0.4 3.5 0.0999999
v -0.4 3.7 0.0999999
v -0.4 3.8 0.0999999
v -0.3 0.3 0.0999999
v -0.3 0.4 0.0999999
v -0.3 0.5 0.0999999
v -0.3 0.6 0.0999999
v -0.3 0.7 0.0999999
v -0.3 0.8 0.0999999
v -0.3 0.9 0.0999999
v -0.3 1 0.0999999
v -0.3 1.1 0.0999999
v -0.3 1.2 0.0999999
v -0.3 1.3 0.0999999
v -0.3 1.4 0.0999999
v -0.3 1.5 0.0999999
v -0.3 1.6 0.0999999
v -0.3 1.7 0.0999999
v -0.3 1.8 0.0999999
v -0.3 1.9 0.0999999
v -0.3 2 0.0999999
v -0.3 2.1 0.0999999
v -0.3 2.2 0.0999999
v -0.3 2.4 0.0999999
v -0.3 2.5 0.0999999
v -0.3 2.6 0.0999999
v -0.3 2.8 0.0999999
v -0.3 2.9 0.0999999
v -0.3 3 0.0999999
v -0.3 3.1 0.0999999
v -0.3 3.2 0.0999999
v -0.3 3.3 0.0999999
v -0.3 3.4 0.0999999
v -0.3 3.5 0.0999999
v -0.3 3.6 0.0999999
v -0.3 3.7 0.0999999
v -0.3 3.8 0.0999999
v -0.2 0.2 0.0999999
v -0.2 0.3 0.0999999
v -0.2 0.4 0.0999999
v -0.2 0.5 0.0999999
v -0.2 0.6 0.0999999
v -0.2 0.7 0.0999999
v -0.2 0.8 0.0999999
v -0.2 0.9 0.0999999
v -0.2 1 0.0999999
v -0.2 1.1 0.0999999
v -0.2 1.2 0.0999999
v -0.2 1.3 0.0999999
v -0.2 1.4 0.0999999
v -0.2 1.5 0.0999999
v -0.2 1.6 0.0999999
v -0.2 1.7 0.0999999
v -0.2 1.8 0.0999999
v -0.2 1.9 0.0999999
v -0.2 2 0.0999999
v -0.2 2.1 0.0999999
v -0.2 2.2 0.0999999
v -0.2 2.3 0.0999999
v -0.2 2.4 0.0999999
v -0.2 2.5 0.0999999
v -0.2 2.6 0.0999999
v -0.2 2.7 0.0999999
v -0.2 2.8 0.0999999
v -0.2 2.9 0.0999999
v -0.2 3.2 0.0999999
v -0.2 3.3 0.0999999
v -0.2 3.4 0.0999999
v -0.2 3.6 0.0999999
v -0.2 3.7 0.0999999
v -0.2 3.8 0.0999999
v -0.1 0.2 0.0999999
v -0.1 0.3 0.0999999
v -0.1 0.4 0.0999999
v -0.1 0.5 0.0999999
v -0.1 0.6 0.0999999
v -0.1 0.7 0.0999999
v -0.1 0.8 0.0999999
v -0.1 0.9 0.0999999
v -0.1 1 0.0999999
v -0.1 1.1 0.0999999
v -0.1 1.2 0.0999999
v -0.1 1.3 0.0999999
v -0.1 1.4 0.0999999
v -0.1 1.6 0.0999999
v -0.1 1.7 0.0999999
v -0.1 1.8 0.0999999
v -0.1 1.9 0.0999999
v -0.1 2 0.0999999
v -0.1 2.1 0.0999999
v -0.1 2.3 0.0999999
v -0.1 2.5 0.0999999
v -0.1 2.6 0.0999999
v -0.1 2.7 0.0999999
v -0.1 2.9 0.0999999
v -0.1 3 0.0999999
v -0.1 3.1 0.0999999
v -0.1 3.2 0.0999999
v -0.1 3.3 0.0999999
v -0.1 3.4 0.0999999
v -0.1 3.5 0.0999999
v -0.1 3.6 0.0999999
v 0 0.4 0.0999999
v 0 0.5 0.0999999
v 0 0.6 0.0999999
v 0 0.7 0.0999999
v 0 0.8 0.0999999
v 0 0.9 0.0999999
v 0 1 0.0999999
v 0 1.1 0.0999999
v 0 1.2 0.0999999
v 0 1.3 0.0999999
v 0 1.4 0.0999999
v 0 1.5 0.0999999
v 0 1.7 0.0999999
v 0 1.8 0.0999999
v 0 1.9 0.0999999
v 0 2 0.0999999
v 0 2.1 0.0999999
v 0 2.2 0.0999999
v 0 2.3 0.0999999
v 0 2.4 0.0999999
v 0 2.5 0.0999999
v 0 2.6 0.0999999
v 0 2.7 0.0999999
v 0 3 0.0999999
v 0 3.1 0.0999999
v 0 3.2 0.0999999
v 0 3.3 0.0999999
v 0 3.4 0.0999999
v 0 3.5 0.0999999
v 0 3.6 0.0999999
v 0 3.7 0.0999999
v 0 3.8 0.0999999
v 0.1 0.2 0.0999999
v 0.1 0.3 0.0999999
v 0.1 0.4 0.0999999
v 0.1 0.5 0.0999999
v 0.1 0.6 0.0999999
v 0.1 0.7 0.0999999
v 0.1 0.8 0.0999999
v 0.1 0.9 0.0999999
v 0.1 1 0.0999999
v 0.1 1.1 0.0999999
v 0.1 1.2 0.0999999
v 0.1 1.3 0.0999999
v 0.1 1.4 0.0999999
v 0.1 1.5 0.0999999
v 0.1 1.7 0.0999999
v 0.1 1.8 0.0999999
v 0.1 1.9 0.0999999
v 0.1 2 0.0999999
v 0.1 2.1 0.0999999
v 0.1 2.2 0.0999999
v 0.1 2.3 0.0999999
v 0.1 2.4 0.0999999
v 0.1 2.5 0.0999999
v 0.1 2.7 0.0999999
v 0.1 3 0.0999999
v 0.1 3.2 0.0999999
v 0.1 3.3 0.0999999
v 0.1 3.4 0.0999999
v 0.1 3.5 0.0999999
v 0.1 3.6 0.0999999
v 0.1 3.7 0.0999999
v 0.2 0.7 0.0999999
v 0.2 0.8 0.0999999
v 0.2 0.9 0.0999999
v 0.2 1 0.0999999
v 0.2 1.1 0.0999999
v 0.2 1.2 0.0999999
v 0.2 1.3 0.0999999
v 0.2 1.4 0.0999999
v 0.2 1.5 0.0999999
v 0.2 1.6 0.0999999
v 0.2 1.7 0.0999999
v 0.2 1.9 0.0999999
v 0.2 2.1 0.0999999
v 0.2 2.2 0.0999999
v 0.2 2.4 0.0999999
v 0.2 2.5 0.0999999
v 0.2 2.6 0.0999999
v 0.2 2.7 0.0999999
v 0.2 2.8 0.0999999
v 0.2 2.9 0.0999999
v 0.2 3 0.0999999
v 0.2 3.2 0.0999999
v 0.2 3.3 0.0999999
v 0.2 3.4 0.0999999
v 0.2 3.5 0.0999999
v 0.2 3.6 0.0999999
v 0.3 0.6 0.0999999
v 0.3 0.7 0.0999999
v 0.3 0.8 0.0999999
v 0.3 0.9 0.0999999
v 0.3 1 0.0999999
v 0.3 1.1 0.0999999
v 0.3 1.2 0.0999999
v 0.3 1.3 0.0999999
v 0.3 1.4 0.0999999
v 0.3 1.5 0.0999999
v 0.3 1.6 0.0999999
v 0.3 1.9 0.0999999
v 0.3 2.1 0.0999999
v 0.3 2.2 0.0999999
v 0.3 2.3 0.0999999
v 0.3 2.4 0.0999999
v 0.3 2.5 0.0999999
v 0.3 2.6 0.0999999
v 0.3 2.7 0.0999999
v 0.3 2.8 0.0999999
v 0.3 2.9 0.0999999
v 0.3 3 0.0999999
v 0.3 3.1 0.0999999
v 0.3 3.2 0.0999999
v 0.3 3.3 0.0999999
v 0.3 3.4 0.0999999
v 0.3 3.6 0.0999999
v 0.3 3.7 0.0999999
v 0.3 3.8 0.0999999
v 0.4 0.6 0.0999999
v 0.4 0.7 0.0999999
v 0.4 0.8 0.0999999
v 0.4 0.9 0.0999999
v 0.4 1 0.0999999
v 0.4 1.1 0.0999999
v 0.4 1.2 0.0999999
v 0.4 1.3 0.0999999
v 0.4 1.4 0.0999999
v 0.4 1.5 0.0999999
v 0.4 1.6 0.0999999
v 0.4 1.8 0.0999999
v 0.4 1.9 0.0999999
v 0.4 2.1 0.0999999
v 0.4 2.2 0.0999999
v 0.4 2.3 0.0999999
v 0.4 2.5 0.0999999
v 0.4 2.6 0.0999999
v 0.4 2.7 0.0999999
v 0.4 2.8 0.0999999
v 0.4 2.9 0.0999999
v 0.4 3 0.0999999
v 0.4 3.1 0.0999999
v 0.4 3.2 0.0999999
v 0.4 3.3 0.0999999
v 0.4 3.4 0.0999999
v 0.4 3.5 0.0999999
v 0.4 3.6 0.0999999
v 0.4 3.7 0.0999999
v 0.4 3.8 0.0999999
v 0.5 0.8 0.0999999
v 0.5 0.9 0.0999999
v 0.5 1.1 0.0999999
v 0.5 1.2 0.0999999
v 0.5 1.3 0.0999999
v 0.5 1.4 0.0999999
v 0.5 1.5 0.0999999
v 0.5 1.7 0.0999999
v 0.5 1.8 0.0999999
v 0.5 1.9 0.0999999
v 0.5 2 0.0999999
v 0.5 2.1 0.0999999
v 0.5 2.2 0.0999999
v 0.5 2.3 0.0999999
v 0.5 2.6 0.0999999
v 0.5 2.7 0.0999999
v 0.5 2.8 0.0999999
v 0.5 2.9 0.0999999
v 0.5 3.1 0.0999999
v 0.5 3.2 0.0999999
v 0.5 3.3 0.0999999
v 0.5 3.4 0.0999999
v 0.5 3.5 0.0999999
v 0.5 3.6 0.0999999
v 0.5 3.7 0.0999999
v 0.5 3.8 0.0999999
v 0.5 3.9 0.0999999
v 0.6 0.7 0.0999999
v 0.6 0.8 0.0999999
v 0.6 0.9 0.0999999
v 0.6 1 0.0999999
v 0.6 1.1 0.0999999
v 0.6 1.2 0.0999999
v 0.6 1.4 0.0999999
v 0.6 1.5 0.0999999
v 0.6 1.6 0.0999999
v 0.6 1.7 0.0999999
v 0.6 1.8 0.0999999
v 0.6 1.9 0.0999999
v 0.6 2 0.0999999
v 0.6 2.1 0.0999999
v 0.6 2.2 0.0999999
v 0.6 2.3 0.0999999
v 0.6 2.4 0.0999999
v 0.6 2.6 0.0999999
v 0.6 2.8 0.0999999
v 0.6 2.9 0.0999999
v 0.6 3 0.0999999
v 0.6 3.1 0.0999999
v 0.6 3.2 0.0999999
v 0.6 3.3 0.0999999
v 0.6 3.4 0.0999999
v 0.6 3.5 0.0999999
v 0.6 3.6 0.0999999
v 0.6 3.7 0.0999999
v 0.6 3.8 0.0999999
v 0.6 3.9 0.0999999
v 0.6 4 0.0999999
v 0.7 0.6 0.0999999
v 0.7 0.7 0.0999999
v 0.7 0.8 0.0999999
v 0.7 0.9 0.0999999
v 0.7 1 0.0999999
v 0.7 1.1 0.0999999
v 0.7 1.2 0.0999999
v 0.7 1.4 0.0999999
v 0.7 1.6 0.0999999
v 0.7 1.7 0.0999999
v 0.7 1.9 0.0999999
v 0.7 2 0.0999999
v 0.7 2.1 0.0999999
v 0.7 2.2 0.0999999
v 0.7 2.4 0.0999999
v 0.7 2.6 0.0999999
v 0.7 2.8 0.0999999
v 0.7 2.9 0.0999999
v 0.7 3 0.0999999
v 0.7 3.1 0.0999999
v 0.7 3.2 0.0999999
v 0.7 3.3 0.0999999
v 0.7 3.4 0.0999999
v 0.7 3.5 0.0999999
v 0.7 3.6 0.0999999
v 0.7 3.7 0.0999999
v 0.8 0.8 0.0999999
v 0.8 0.9 0.0999999
v 0.8 1 0.0999999
v 0.8 1.1 0.0999999
v 0.8 1.2 0.0999999
v 0.8 1.4 0.0999999
v 0.8 1.6 0.0999999
v 0.8 1.7 0.0999999
v 0.8 1.9 0.0999999
v 0.8 2 0.0999999
v 0.8 2.1 0.0999999
v 0.8 2.2 0.0999999
v 0.8 2.4 0.0999999
v 0.8 2.5 0.0999999
v 0.8 2.8 0.0999999
v 0.8 2.9 0.0999999
v 0.8 3.1 0.0999999
v 0.8 3.2 0.0999999
v 0.8 3.3 0.0999999
v 0.8 3.4 0.0999999
v 0.8 3.5 0.0999999
v 0.8 3.6 0.0999999
v 0.8 3.8 0.0999999
v 0.8 3.9 0.0999999
v 0.8 4 0.0999999
v 0.9 0.6 0.0999999
v 0.9 0.7 0.0999999
v 0.9 0.8 0.0999999
v 0.9 0.9 0.0999999
v 0.9 1 0.0999999
v 0.9 1.2 0.0999999
v 0.9 1.3 0.0999999
v 0.9 1.4 0.0999999
v 0.9 1.5 0.0999999
v 0.9 1.6 0.0999999
v 0.9 1.7 0.0999999
v 0.9 1.8 0.0999999
v 0.9 1.9 0.0999999
v 0.9 2 0.0999999
v 0.9 2.1 0.0999999
v 0.9 2.2 0.0999999
v 0.9 2.4 0.0999999
v 0.9 2.5 0.0999999
v 0.9 2.7 0.0999999
v 0.9 2.8 0.0999999
v 0.9 3 0.0999999
v 0.9 3.1 0.0999999
v 0.9 3.2 0.0999999
v 0.9 3.3 0.0999999
v 0.9 3.4 0.0999999
v 0.9 3.5 0.0999999
v 0.9 3.6 0.0999999
v 0.9 3.7 0.0999999
v 0.9 3.8 0.0999999
v 0.9 3.9 0.0999999
v 1 0.7 0.0999999
v 1 0.8 0.0999999
v 1 0.9 0.0999999
v 1 1 0.0999999
v 1 1.1 0.0999999
v 1 1.2 0.0999999
v 1 1.3 0.0999999
v 1 1.4 0.0999999
v 1 1.5 0.0999999
v 1 1.6 0.0999999
v 1 1.7 0.0999999
v 1 1.8 0.0999999
v 1 1.9 0.0999999
v 1 2 0.0999999
v 1 2.1 0.0999999
v 1 2.2 0.0999999
v 1 2.3 0.0999999
v 1 2.5 0.0999999
v 1 2.6 0.0999999
v 1 2.7 0.0999999
v 1 2.8 0.0999999
v 1 3.1 0.0999999
v 1 3.2 0.0999999
v 1 3.3 0.0999999
v 1 3.4 0.0999999
v 1 3.5 0.0999999
v 1 3.7 0.0999999
v 1 3.8 0.0999999
v 1.1 0.6 0.0999999
v 1.1 0.7 0.0999999
v 1.1 0.8 0.0999999
v 1.1 0.9 0.0999999
v 1.1 1.1 0.0999999
v 1.1 1.3 0.0999999
v 1.1 1.4 0.0999999
v 1.1 1.5 0.0999999
v 1.1 1.6 0.0999999
v 1.1 1.7 0.0999999
v 1.1 1.8 0.0999999
v 1.1 1.9 0.0999999
v 1.1 2 0.0999999
v 1.1 2.1 0.0999999
v 1.1 2.2 0.0999999
v 1.1 2.3 0.0999999
v 1.1 2.4 0.0999999
v 1.1 2.5 0.0999999
v 1.1 2.6 0.0999999
v 1.1 2.7 0.0999999
v 1.1 2.8 0.0999999
v 1.1 3.2 0.0999999
v 1.1 3.3 0.0999999
v 1.1 3.4 0.0999999
v 1.1 3.5 0.0999999
v 1.2 0.7 0.0999999
v 1.2 0.8 0.0999999
v 1.2 0.9 0.0999999
v 1.2 1.1 0.0999999
v 1.2 1.3 0.0999999
v 1.2 1.4 0.0999999
v 1.2 1.6 0.0999999
v 1.2 1.7 0.0999999
v 1.2 1.8 0.0999999
v 1.2 1.9 0.0999999
v 1.2 2 0.0999999
v 1.2 2.1 0.0999999
v 1.2 2.2 0.0999999
v 1.2 2.3 0.0999999
v 1.2 2.4 0.0999999
v 1.2 2.6 0.0999999
v 1.2 3.3 0.0999999
v 1.2 3.4 0.0999999
v 1.3 1 0.0999999
v 1.3 1.1 0.0999999
v 1.3 1.3 0.0999999
v 1.3 1.4 0.0999999
v 1.3 1.5 0.0999999
v 1.3 1.6 0.0999999
v 1.3 1.7 0.0999999
v 1.3 1.8 0.0999999
v 1.3 1.9 0.0999999
v 1.3 2 0.0999999
v 1.3 2.1 0.0999999
v 1.3 2.2 0.0999999
v 1.3 2.3 0.0999999
v 1.4 0.8 0.0999999
v 1.4 0.9 0.0999999
v 1.4 1 0.0999999
v 1.4 1.1 0.0999999
v 1.4 1.2 0.0999999
v 1.4 1.3 0.0999999
v 1.4 1.5 0.0999999
v 1.4 1.6 0.0999999
v 1.4 1.7 0.0999999
v 1.4 1.8 0.0999999
v 1.4 1.9 0.0999999
v 1.4 2 0.0999999
v 1.4 2.1 0.0999999
v 1.5 0.9 0.0999999
v 1.5 1 0.0999999
v 1.5 1.1 0.0999999
v 1.5 1.2 0.0999999
v 1.5 1.3 0.0999999
v 1.5 1.4 0.0999999
v 1.5 1.5 0.0999999
v 1.5 1.6 0.0999999
v 1.5 1.7 0.0999999
v 1.5 1.8 0.0999999
v 1.5 1.9 0.0999999
v 1.5 2 0.0999999
v 1.6 1 0.0999999
v 1.6 1.1 0.0999999
v 1.6 1.2 0.0999999
v 1.6 1.3 0.0999999
v 1.6 1.4 0.0999999
v 1.6 1.5 0.0999999
v 1.6 1.6 0.0999999
v 1.6 1.7 0.0999999
v 1.6 1.8 0.0999999
v 1.6 1.9 0.0999999
v 1.7 1.1 0.0999999
v 1.7 1.2 0.0999999
v 1.7 1.3 0.0999999
v 1.7 1.5 0.0999999
v 1.7 1.6 0.0999999
v 1.7 1.7 0.0999999
v 1.7 1.8 0.0999999
v 1.8 1.2 0.0999999
v 1.8 1.4 0.0999999
v 1.8 1.5 0.0999999
v 1.8 1.6 0.0999999
v 1.8 1.7 0.0999999
v 1.9 1.4 0.0999999
v 1.9 1.6 0.0999999
v 0 0.5 -7.45058e-08
v 0 0.6 -7.45058e-08
v 0.1 0.5 -7.45058e-08
v 0.1 0.6 -7.45058e-08
v -1.5 2.7 -0.1
v -1.5 2.8 -0.1
v -1.4 2.7 -0.1
v -1.4 2.8 -0.1
v -1.4 2.9 -0.1
v -1.4 3.2 -0.1
v -1.3 2.6 -0.1
v -1.3 2.7 -0.1
v -1.3 2.8 -0.1
v -1.3 2.9 -0.1
v -1.3 3 -0.1
v -1.3 3.2 -0.1
v -1.3 3.3 -0.1
v -1.2 2.4 -0.1
v -1.2 2.6 -0.1
v -1.2 2.7 -0.1
v -1.2 2.8 -0.1
v -1.2 2.9 -0.1
v -1.2 3 -0.1
v -1.2 3.2 -0.1
v -1.2 3.3 -0.1
v -1.2 3.4 -0.1
v -1.1 0.7 -0.1
v -1.1 0.9 -0.1
v -1.1 1 -0.1
v -1.1 1.1 -0.1
v -1.1 1.3 -0.1
v -1.1 1.5 -0.1
v -1.1 1.6 -0.1
v -1.1 2.1 -0.1
v -1.1 2.3 -0.1
v -1.1 2.4 -0.1
v -1.1 2.5 -0.1
v -1.1 2.6 -0.1
v -1.1 2.7 -0.1
v -1.1 2.8 -0.1
v -1.1 2.9 -0.1
v -1.1 3 -0.1
v -1.1 3.1 -0.1
v -1.1 3.2 -0.1
v -1.1 3.3 -0.1
v -1.1 3.4 -0.1
v -1.1 3.5 -0.1
v -1 0.7 -0.1
v -1 0.8 -0.1
v -1 0.9 -0.1
v -1 1 -0.1
v -1 1.1 -0.1
v -1 1.2 -0.1
v -1 1.3 -0.1
v -1 1.4 -0.1
v -1 1.5 -0.1
v -1 1.6 -0.1
v -1 1.7 -0.1
v -1 1.8 -0.1
v -1 2 -0.1
v -1 2.1 -0.1
v -1 2.2 -0.1
v -1 2.3 -0.1
v -1 2.4 -0.1
v -1 2.5 -0.1
v -1 2.6 -0.1
v -1 2.7 -0.1
v -1 2.8 -0.1
v -1 2.9 -0.1
v -1 3 -0.1
v -1 3.1 -0.1
v -1 3.2 -0.1
v -1 3.3 -0.1
v -1 3.4 -0.1
v -1 3.5 -0.1
v -1 3.6 -0.1
v -0.9 0.6 -0.1
v -0.9 0.7 -0.1
v -0.9 0.8 -0.1
v -0.9 0.9 -0.1
v -0.9 1 -0.1
v -0.9 1.1 -0.1
v -0.9 1.2 -0.1
v -0.9 1.3 -0.1
v -0.9 1.4 -0.1
v -0.9 1.6 -0.1
v -0.9 1.7 -0.1
v -0.9 1.8 -0.1
v -0.9 1.9 -0.1
v -0.9 2 -0.1
v -0.9 2.1 -0.1
v -0.9 2.2 -0.1
v -0.9 2.4 -0.1
v -0.9 2.5 -0.1
v -0.9 2.6 -0.1
v -0.9 2.7 -0.1
v -0.9 2.8 -0.1
v -0.9 3 -0.1
v -0.9 3.1 -0.1
v -0.9 3.2 -0.1
v -0.9 3.3 -0.1
v -0.9 3.4 -0.1
v -0.9 3.5 -0.1
v -0.9 3.6 -0.1
v -0.9 3.7 -0.1
v -0.8 0.5 -0.1
v -0.8 0.6 -0.1
v -0.8 0.7 -0.1
v -0.8 0.8 -0.1
v -0.8 0.9 -0.1
v -0.8 1 -0.1
v -0.8 1.1 -0.1
v -0.8 1.2 -0.1
v -0.8 1.3 -0.1
v -0.8 1.4 -0.1
v -0.8 1.5 -0.1
v -0.8 1.6 -0.1
v -0.8 1.7 -0.1
v -0.8 1.8 -0.1
v -0.8 1.9 -0.1
v -0.8 2.1 -0.1
v -0.8 2.2 -0.1
v -0.8 2.3 -0.1
v -0.8 2.4 -0.1
v -0.8 2.5 -0.1
v -0.8 2.6 -0.1
v -0.8 2.7 -0.1
v -0.8 2.8 -0.1
v -0.8 2.9 -0.1
v -0.8 3 -0.1
v -0.8 3.1 -0.1
v -0.8 3.2 -0.1
v -0.8 3.3 -0.1
v -0.8 3.4 -0.1
v -0.8 3.5 -0.1
v -0.8 3.6 -0.1
v -0.7 0.4 -0.1
v -0.7 0.5 -0.1
v -0.7 0.6 -0.1
v -0.7 0.7 -0.1
v -0.7 0.8 -0.1
v -0.7 0.9 -0.1
v -0.7 1 -0.1
v -0.7 1.1 -0.1
v -0.7 1.2 -0.1
v -0.7 1.3 -0.1
v -0.7 1.4 -0.1
v -0.7 1.5 -0.1
v -0.7 1.6 -0.1
v -0.7 1.7 -0.1
v -0.7 1.8 -0.1
v -0.7 1.9 -0.1
v -0.7 2 -0.1
v -0.7 2.1 -0.1
v -0.7 2.2 -0.1
v -0.7 2.3 -0.1
v -0.7 2.4 -0.1
v -0.7 2.5 -0.1
v -0.7 2.6 -0.1
v -0.7 2.7 -0.1
v -0.7 2.8 -0.1
v -0.7 2.9 -0.1
v -0.7 3 -0.1
v -0.7 3.1 -0.1
v -0.7 3.2 -0.1
v -0.7 3.3 -0.1
v -0.7 3.4 -0.1
v -0.7 3.5 -0.1
v -0.7 3.6 -0.1
v -0.7 3.7 -0.1
v -0.7 3.8 -0.1
v -0.6 0.4 -0.1
v -0.6 0.5 -0.1
v -0.6 0.6 -0.1
v -0.6 0.7 -0.1
v -0.6 0.8 -0.1
v -0.6 0.9 -0.1
v -0.6 1 -0.1
v -0.6 1.1 -0.1
v -0.6 1.2 -0.1
v -0.6 1.3 -0.1
v -0.6 1.4 -0.1
v -0.6 1.5 -0.1
v -0.6 1.6 -0.1
v -0.6 1.7 -0.1
v -0.6 1.8 -0.1
v -0.6 1.9 -0.1
v -0.6 2 -0.1
v -0.6 2.1 -0.1
v -0.6 2.2 -0.1
v -0.6 2.3 -0.1
v -0.6 2.4 -0.1
v -0.6 2.5 -0.1
v -0.6 2.6 -0.1
v -0.6 2.7 -0.1
v -0.6 2.8 -0.1
v -0.6 2.9 -0.1
v -0.6 3 -0.1
v -0.6 3.1 -0.1
v -0.6 3.3 -0.1
v -0.6 3.4 -0.1
v -0.6 3.5 -0.1
v -0.6 3.6 -0.1
v -0.5 0.5 -0.1
v -0.5 0.6 -0.1
v -0.5 0.7 -0.1
v -0.5 0.8 -0.1
v -0.5 0.9 -0.1
v -0.5 1 -0.1
v -0.5 1.1 -0.1
v -0.5 1.2 -0.1
v -0.5 1.3 -0.1
v -0.5 1.4 -0.1
v -0.5 1.5 -0.1
v -0.5 1.6 -0.1
v -0.5 1.7 -0.1
v -0.5 1.8 -0.1
v -0.5 1.9 -0.1
v -0.5 2 -0.1
v -0.5 2.1 -0.1
v -0.5 2.2 -0.1
v -0.5 2.4 -0.1
v -0.5 2.5 -0.1
v -0.5 2.6 -0.1
v -0.5 2.8 -0.1
v -0.5 2.9 -0.1
v -0.5 3 -0.1
v -0.5 3.1 -0.1
v -0.5 3.2 -0.1
v -0.5 3.4 -0.1
v -0.5 3.6 -0.1
v -0.5 3.7 -0.1
v -0.5 3.8 -0.1
v -0.4 0.4 -0.1
v -0.4 0.5 -0.1
v -0.4 0.6 -0.1
v -0.4 0.7 -0.1
v -0.4 0.8 -0.1
v -0.4 0.9 -0.1
v -0.4 1 -0.1
v -0.4 1.1 -0.1
v -0.4 1.2 -0.1
v -0.4 1.3 -0.1
v -0.4 1.4 -0.1
v -0.4 1.5 -0.1
v -0.4 1.6 -0.1
v -0.4 1.7 -0.1
v -0.4 1.8 -0.1
v -0.4 1.9 -0.1
v -0.4 2 -0.1
v -0.4 2.1 -0.1
v -0.4 2.2 -0.1
v -0.4 2.4 -0.1
v -0.4 2.6 -0.1
v -0.4 2.8 -0.1
v -0.4 3 -0.1
v -0.4 3.1 -0.1
v -0.4 3.2 -0.1
v -0.4 3.3 -0.1
v -0.4 3.5 -0.1
v -0.4 3.7 -0.1
v -0.4 3.8 -0.1
v -0.3 0.3 -0.1
v -0.3 0.4 -0.1
v -0.3 0.5 -0.1
v -0.3 0.6 -0.1
v -0.3 0.7 -0.1
v -0.3 0.8 -0.1
v -0.3 0.9 -0.1
v -0.3 1 -0.1
v -0.3 1.1 -0.1
v -0.3 1.2 -0.1
v -0.3 1.3 -0.1
v -0.3 1.4 -0.1
v -0.3 1.5 -0.1
v -0.3 1.6 -0.1
v -0.3 1.7 -0.1
v -0.3 1.8 -0.1
v -0.3 1.9 -0.1
v -0.3 2 -0.1
v -0.3 2.1 -0.1
v -0.3 2.2 -0.1
v -0.3 2.4 -0.1
v -0.3 2.5 -0.1
v -0.3 2.6 -0.1
v -0.3 2.8 -0.1
v -0.3 2.9 -0.1
v -0.3 3 -0.1
v -0.3 3.1 -0.1
v -0.3 3.2 -0.1
v -0.3 3.3 -0.1
v -0.3 3.4 -0.1
v -0.3 3.5 -0.1
v -0.3 3.6 -0.1
v -0.3 3.7 -0.1
v -0.3 3.8 -0.1
v -0.2 0.2 -0.1
v -0.2 0.3 -0.1
v -0.2 0.4 -0.1
v -0.2 0.5 -0.1
v -0.2 0.6 -0.1
v -0.2 0.7 -0.1
v -0.2 0.8 -0.1
v -0.2 0.9 -0.1
v -0.2 1 -0.1
v -0.2 1.1 -0.1
v -0.2 1.2 -0.1
v -0.2 1.3 -0.1
v -0.2 1.4 -0.1
v -0.2 1.5 -0.1
v -0.2 1.6 -0.1
v -0.2 1.7 -0.1
v -0.2 1.8 -0.1
v -0.2 1.9 -0.1
v -0.2 2 -0.1
v -0.2 2.1 -0.1
v -0.2 2.2 -0.1
v -0.2 2.3 -0.1
v -0.2 2.4 -0.1
v -0.2 2.5 -0.1
v -0.2 2.6 -0.1
v -0.2 2.7 -0.1
v -0.2 2.8 -0.1
v -0.2 2.9 -0.1
v -0.2 3.2 -0.1
v -0.2 3.3 -0.1
v -0.2 3.4 -0.1
v -0.2 3.6 -0.1
v -0.2 3.7 -0.1
v -0.2 3.8 -0.1
v -0.1 0.2 -0.1
v -0.1 0.3 -0.1
v -0.1 0.4 -0.1
v -0.1 0.5 -0.1
v -0.1 0.6 -0.1
v -0.1 0.7 -0.1
v -0.1 0.8 -0.1
v -0.1 0.9 -0.1
v -0.1 1 -0.1
v -0.1 1.1 -0.1
v -0.1 1.2 -0.1
v -0.1 1.3 -0.1
v -0.1 1.4 -0.1
v -0.1 1.6 -0.1
v -0.1 1.7 -0.1
v -0.1 1.8 -0.1
v -0.1 1.9 -0.1
v -0.1 2 -0.1
v -0.1 2.1 -0.1
v -0.1 2.3 -0.1
v -0.1 2.5 -0.1
v -0.1 2.6 -0.1
v -0.1 2.7 -0.1
v -0.1 2.9 -0.1
v -0.1 3 -0.1
v -0.1 3.1 -0.1
v -0.1 3.2 -0.1
v -0.1 3.3 -0.1
v -0.1 3.4 -0.1
v -0.1 3.5 -0.1
v -0.1 3.6 -0.1
v 0 0.4 -0.1
v 0 0.5 -0.1
v 0 0.7 -0.1
v 0 0.8 -0.1
v 0 0.9 -0.1
v 0 1 -0.1
v 0 1.1 -0.1
v 0 1.2 -0.1
v 0 1.3 -0.1
v 0 1.4 -0.1
v 0 1.5 -0.1
v 0 1.7 -0.1
v 0 1.8 -0.1
v 0 1.9 -0.1
v 0 2 -0.1
v 0 2.1 -0.1
v 0 2.2 -0.1
v 0 2.3 -0.1
v 0 2.4 -0.1
v 0 2.5 -0.1
v 0 2.6 -0.1
v 0 2.7 -0.1
v 0 3 -0.1
v 0 3.1 -0.1
v 0 3.2 -0.1
v 0 3.3 -0.1
v 0 3.4 -0.1
v 0 3.5 -0.1
v 0 3.6 -0.1
v 0 3.7 -0.1
v 0 3.8 -0.1
v 0.1 0.2 -0.1
v 0.1 0.3 -0.1
v 0.1 0.4 -0.1
v 0.1 0.6 -0.1
v 0.1 0.7 -0.1
v 0.1 0.8 -0.1
v 0.1 0.9 -0.1
v 0.1 1 -0.1
v 0.1 1.1 -0.1
v 0.1 1.2 -0.1
v 0.1 1.3 -0.1
v 0.1 1.4 -0.1
v 0.1 1.5 -0.1
v 0.1 1.7 -0.1
v 0.1 1.8 -0.1
v 0.1 1.9 -0.1
v 0.1 2 -0.1
v 0.1 2.1 -0.1
v 0.1 2.2 -0.1
v 0.1 2.3 -0.1
v 0.1 2.4 -0.1
v 0.1 2.5 -0.1
v 0.1 2.7 -0.1
v 0.1 3 -0.1
v 0.1 3.2 -0.1
v 0.1 3.3 -0.1
v 0.1 3.4 -0.1
v 0.1 3.5 -0.1
v 0.1 3.6 -0.1
v 0.1 3.7 -0.1
v 0.2 0.7 -0.1
v 0.2 0.8 -0.1
v 0.2 0.9 -0.1
v 0.2 1 -0.1
v 0.2 1.1 -0.1
v 0.2 1.2 -0.1
v 0.2 1.3 -0.1
v 0.2 1.4 -0.1
v 0.2 1.5 -0.1
v 0.2 1.6 -0.1
v 0.2 1.7 -0.1
v 0.2 1.9 -0.1
v 0.2 2.1 -0.1
v 0.2 2.2 -0.1
v 0.2 2.4 -0.1
v 0.2 2.5 -0.1
v 0.2 2.6 -0.1
v 0.2 2.7 -0.1
v 0.2 2.8 -0.1
v 0.2 2.9 -0.1
v 0.2 3 -0.1
v 0.2 3.2 -0.1
v 0.2 3.3 -0.1
v 0.2 3.4 -0.1
v 0.2 3.5 -0.1
v 0.2 3.6 -0.1
v 0.3 0.6 -0.1
v 0.3 0.7 -0.1
v 0.3 0.8 -0.1
v 0.3 0.9 -0.1
v 0.3 1 -0.1
v 0.3 1.1 -0.1
v 0.3 1.2 -0.1
v 0.3 1.3 -0.1
v 0.3 1.4 -0.1
v 0.3 1.5 -0.1
v 0.3 1.6 -0.1
v 0.3 1.9 -0.1
v 0.3 2.1 -0.1
v 0.3 2.2 -0.1
v 0.3 2.3 -0.1
v 0.3 2.4 -0.1
v 0.3 2.5 -0.1
v 0.3 2.6 -0.1
v 0.3 2.7 -0.1
v 0.3 2.8 -0.1
v 0.3 2.9 -0.1
v 0.3 3 -0.1
v 0.3 3.1 -0.1
v 0.3 3.2 -0.1
v 0.3 3.3 -0.1
v 0.3 3.4 -0.1
v 0.3 3.6 -0.1
v 0.3 3.7 -0.1
v 0.3 3.8 -0.1
v 0.4 0.6 -0.1
v 0.4 0.7 -0.1
v 0.4 0.8 -0.1
v 0.4 0.9 -0.1
v 0.4 1 -0.1
v 0.4 1.1 -0.1
v 0.4 1.2 -0.1
v 0.4 1.3 -0.1
v 0.4 1.4 -0.1
v 0.4 1.5 -0.1
v 0.4 1.6 -0.1
v 0.4 1.8 -0.1
v 0.4 1.9 -0.1
v 0.4 2.1 -0.1
v 0.4 2.2 -0.1
v 0.4 2.3 -0.1
v 0.4 2.5 -0.1
v 0.4 2.6 -0.1
v 0.4 2.7 -0.1
v 0.4 2.8 -0.1
v 0.4 2.9 -0.1
v 0.4 3 -0.1
v 0.4 3.1 -0.1
v 0.4 3.2 -0.1
v 0.4 3.3 -0.1
v 0.4 3.4 -0.1
v 0.4 3.5 -0.1
v 0.4 3.6 -0.1
v 0.4 3.7 -0.1
v 0.4 3.8 -0.1
v 0.5 0.8 -0.1
v 0.5 0.9 -0.1
v 0.5 1.1 -0.1
v 0.5 1.2 -0.1
v 0.5 1.3 -0.1
v 0.5 1.4 -0.1
v 0.5 1.5 -0.1
v 0.5 1.7 -0.1
v 0.5 1.8 -0.1
v 0.5 1.9 -0.1
v 0.5 2 -0.1
v 0.5 2.1 -0.1
v 0.5 2.2 -0.1
v 0.5 2.3 -0.1
v 0.5 2.6 -0.1
v 0.5 2.7 -0.1
v 0.5 2.8 -0.1
v 0.5 2.9 -0.1
v 0.5 3.1 -0.1
v 0.5 3.2 -0.1
v 0.5 3.3 -0.1
v 0.5 3.4 -0.1
v 0.5 3.5 -0.1
v 0.5 3.6 -0.1
v 0.5 3.7 -0.1
v 0.5 3.8 -0.1
v 0.5 3.9 -0.1
v 0.6 0.7 -0.1
v 0.6 0.8 -0.1
v 0.6 0.9 -0.1
v 0.6 1 -0.1
v 0.6 1.1 -0.1
v 0.6 1.2 -0.1
v 0.6 1.4 -0.1
v 0.6 1.5 -0.1
v 0.6 1.6 -0.1
v 0.6 1.7 -0.1
v 0.6 1.8 -0.1
v 0.6 1.9 -0.1
v 0.6 2 -0.1
v 0.6 2.1 -0.1
v 0.6 2.2 -0.1
v 0.6 2.3 -0.1
v 0.6 2.4 -0.1
v 0.6 2.6 -0.1
v 0.6 2.8 -0.1
v 0.6 2.9 -0.1
v 0.6 3 -0.1
v 0.6 3.1 -0.1
v 0.6 3.2 -0.1
v 0.6 3.3 -0.1
v 0.6 3.4 -0.1
v 0.6 3.5 -0.1
v 0.6 3.6 -0.1
v 0.6 3.7 -0.1
v 0.6 3.8 -0.1
v 0.6 3.9 -0.1
v 0.6 4 -0.1
v 0.7 0.6 -0.1
v 0.7 0.7 -0.1
v 0.7 0.8 -0.1
v 0.7 0.9 -0.1
v 0.7 1 -0.1
v 0.7 1.1 -0.1
v 0.7 1.2 -0.1
v 0.7 1.4 -0.1
v 0.7 1.6 -0.1
v 0.7 1.7 -0.1
v 0.7 1.9 -0.1
v 0.7 2 -0.1
v 0.7 2.1 -0.1
v 0.7 2.2 -0.1
v 0.7 2.4 -0.1
v 0.7 2.6 -0.1
v 0.7 2.8 -0.1
v 0.7 2.9 -0.1
v 0.7 3 -0.1
v 0.7 3.1 -0.1
v 0.7 3.2 -0.1
v 0.7 3.3 -0.1
v 0.7 3.4 -0.1
v 0.7 3.5 -0.1
v 0.7 3.6 -0.1
v 0.7 3.7 -0.1
v 0.8 0.8 -0.1
v 0.8 0.9 -0.1
v 0.8 1 -0.1
v 0.8 1.1 -0.1
v 0.8 1.2 -0.1
v 0.8 1.4 -0.1
v 0.8 1.6 -0.1
v 0.8 1.7 -0.1
v 0.8 1.9 -0.1
v 0.8 2 -0.1
v 0.8 2.1 -0.1
v 0.8 2.2 -0.1
v 0.8 2.4 -0.1
v 0.8 2.5 -0.1
v 0.8 2.8 -0.1
v 0.8 2.9 -0.1
v 0.8 3.1 -0.1
v 0.8 3.2 -0.1
v 0.8 3.3 -0.1
v 0.8 3.4 -0.1
v 0.8 3.5 -0.1
v 0.8 3.6 -0.1
v 0.8 3.8 -0.1
v 0.8 3.9 -0.1
v 0.8 4 -0.1
v 0.9 0.6 -0.1
v 0.9 0.7 -0.1
v 0.9 0.8 -0.1
v 0.9 0.9 -0.1
v 0.9 1 -0.1
v 0.9 1.2 -0.1
v 0.9 1.3 -0.1
v 0.9 1.4 -0.1
v 0.9 1.5 -0.1
v 0.9 1.6 -0.1
v 0.9 1.7 -0.1
v 0.9 1.8 -0.1
v 0.9 1.9 -0.1
v 0.9 2 -0.1
v 0.9 2.1 -0.1
v 0.9 2.2 -0.1
v 0.9 2.4 -0.1
v 0.9 2.5 -0.1
v 0.9 2.7 -0.1
v 0.9 2.8 -0.1
v 0.9 3 -0.1
v 0.9 3.1 -0.1
v 0.9 3.2 -0.1
v 0.9 3.3 -0.1
v 0.9 3.4 -0.1
v 0.9 3.5 -0.1
v 0.9 3.6 -0.1
v 0.9 3.7 -0.1
v 0.9 3.8 -0.1
v 0.9 3.9 -0.1
v 1 0.7 -0.1
v 1 0.8 -0.1
v 1 0.9 -0.1
v 1 1 -0.1
v 1 1.1 -0.1
v 1 1.2 -0.1
v 1 1.3 -0.1
v 1 1.4 -0.1
v 1 1.5 -0.1
v 1 1.6 -0.1
v 1 1.7 -0.1
v 1 1.8 -0.1
v 1 1.9 -0.1
v 1 2 -0.1
v 1 2.1 -0.1
v 1 2.2 -0.1
v 1 2.3 -0.1
v 1 2.5 -0.1
v 1 2.6 -0.1
v 1 2.7 -0.1
v 1 2.8 -0.1
v 1 3.1 -0.1
v 1 3.2 -0.1
v 1 3.3 -0.1
v 1 3.4 -0.1
v 1 3.5 -0.1
v 1 3.7 -0.1
v 1 3.8 -0.1
v 1.1 0.6 -0.1
v 1.1 0.7 -0.1
v 1.1 0.8 -0.1
v 1.1 0.9 -0.1
v 1.1 1.1 -0.1
v 1.1 1.3 -0.1
v 1.1 1.4 -0.1
v 1.1 1.5 -0.1
v 1.1 1.6 -0.1
v 1.1 1.7 -0.1
v 1.1 1.8 -0.1
v 1.1 1.9 -0.1
v 1.1 2 -0.1
v 1.1 2.1 -0.1
v 1.1 2.2 -0.1
v 1.1 2.3 -0.1
v 1.1 2.4 -0.1
v 1.1 2.5 -0.1
v 1.1 2.6 -0.1
v 1.1 2.7 -0.1
v 1.1 2.8 -0.1
v 1.1 3.2 -0.1
v 1.1 3.3 -0.1
v 1.1 3.4 -0.1
v 1.1 3.5 -0.1
v 1.2 0.7 -0.1
v 1.2 0.8 -0.1
v 1.2 0.9 -0.1
v 1.2 1.1 -0.1
v 1.2 1.3 -0.1
v 1.2 1.4 -0.1
v 1.2 1.6 -0.1
v 1.2 1.7 -0.1
v 1.2 1.8 -0.1
v 1.2 1.9 -0.1
v 1.2 2 -0.1
v 1.2 2.1 -0.1
v 1.2 2.2 -0.1
v 1.2 2.3 -0.1
v 1.2 2.4 -0.1
v 1.2 2.6 -0.1
v 1.2 3.3 -0.1
v 1.2 3.4 -0.1
v 1.3 1 -0.1
v 1.3 1.1 -0.1
v 1.3 1.3 -0.1
v 1.3 1.4 -0.1
v 1.3 1.5 -0.1
v 1.3 1.6 -0.1
v 1.3 1.7 -0.1
v 1.3 1.8 -0.1
v 1.3 1.9 -0.1
v 1.3 2 -0.1
v 1.3 2.1 -0.1
v 1.3 2.2 -0.1
v 1.3 2.3 -0.1
v 1.4 0.8 -0.1
v 1.4 0.9 -0.1
v 1.4 1 -0.1
v 1.4 1.1 -0.1
v 1.4 1.2 -0.1
v 1.4 1.3 -0.1
v 1.4 1.5 -0.1
v 1.4 1.6 -0.1
v 1.4 1.7 -0.1
v 1.4 1.8 -0.1
v 1.4 1.9 -0.1
v 1.4 2 -0.1
v 1.4 2.1 -0.1
v 1.5 0.9 -0.1
v 1.5 1 -0.1
v 1.5 1.1 -0.1
v 1.5 1.2 -0.1
v 1.5 1.3 -0.1
v 1.5 1.4 -0.1
v 1.5 1.5 -0.1
v 1.5 1.6 -0.1
v 1.5 1.7 -0.1
v 1.5 1.8 -0.1
v 1.5 1.9 -0.1
v 1.5 2 -0.1
v 1.6 1 -0.1
v 1.6 1.1 -0.1
v 1.6 1.2 -0.1
v 1.6 1.3 -0.1
v 1.6 1.4 -0.1
v 1.6 1.5 -0.1
v 1.6 1.6 -0.1
v 1.6 1.7 -0.1
v 1.6 1.8 -0.1
v 1.6 1.9 -0.1
v 1.7 1.1 -0.1
v 1.7 1.2 -0.1
v 1.7 1.3 -0.1
v 1.7 1.5 -0.1
v 1.7 1.6 -0.1
v 1.7 1.7 -0.1
v 1.7 1.8 -0.1
v 1.8 1.2 -0.1
v 1.8 1.4 -0.1
v 1.8 1.5 -0.1
v 1.8 1.6 -0.1
v 1.8 1.7 -0.1
v 1.9 1.4 -0.1
v 1.9 1.6 -0.1
v -0.2 0.2 0.0999999
v -0.1 0.2 0.0999999
v 0.1 0.2 0.0999999
v -0.2 0.2 -0.1
v -0.1 0.2 -0.1
v 0.1 0.2 -0.1
v -0.3 0.3 0.0999999
v -0.2 0.3 0.0999999
v -0.3 0.3 -0.1
v -0.2 0.3 -0.1
v -0.7 0.4 0.0999999
v -0.6 0.4 0.0999999
v -0.4 0.4 0.0999999
v -0.3 0.4 0.0999999
v -0.7 0.4 -0.1
v -0.6 0.4 -0.1
v -0.4 0.4 -0.1
v -0.3 0.4 -0.1
v -0.8 0.5 0.0999999
v -0.7 0.5 0.0999999
v -0.8 0.5 -0.1
v -0.7 0.5 -0.1
v -0.9 0.6 0.0999999
v -0.8 0.6 0.0999999
v 0 0.6 0.0999999
v 0.1 0.6 0.0999999
v 0.3 0.6 0.0999999
v 0.4 0.6 0.0999999
v 0.7 0.6 0.0999999
v 0.9 0.6 0.0999999
v 1.1 0.6 0.0999999
v 0 0.6 -7.45058e-08
v 0.1 0.6 -7.45058e-08
v -0.9 0.6 -0.1
v -0.8 0.6 -0.1
v 0.1 0.6 -0.1
v 0.3 0.6 -0.1
v 0.4 0.6 -0.1
v 0.7 0.6 -0.1
v 0.9 0.6 -0.1
v 1.1 0.6 -0.1
v -1.1 0.7 0.0999999
v -1 0.7 0.0999999
v -0.9 0.7 0.0999999
v 0.3 0.7 0.0999999
v 0.4 0.7 0.0999999
v 0.7 0.7 0.0999999
v 0.9 0.7 0.0999999
v 1.1 0.7 0.0999999
v 1.2 0.7 0.0999999
v -1.1 0.7 -0.1
v -1 0.7 -0.1
v -0.9 0.7 -0.1
v 0.3 0.7 -0.1
v 0.4 0.7 -0.1
v 0.7 0.7 -0.1
v 0.9 0.7 -0.1
v 1.1 0.7 -0.1
v 1.2 0.7 -0.1
v 1.2 0.8 0.0999999
v 1.4 0.8 0.0999999
v 1.2 0.8 -0.1
v 1.4 0.8 -0.1
v 1.4 0.9 0.0999999
v 1.5 0.9 0.0999999
v 1.4 0.9 -0.1
v 1.5 0.9 -0.1
v 1.5 1 0.0999999
v 1.6 1 0.0999999
v 1.5 1 -0.1
v 1.6 1 -0.1
v 1.6 1.1 0.0999999
v 1.7 1.1 0.0999999
v 1.6 1.1 -0.1
v 1.7 1.1 -0.1
v 1.7 1.2 0.0999999
v 1.8 1.2 0.0999999
v 1.7 1.2 -0.1
v 1.8 1.2 -0.1
v 1.8 1.4 0.0999999
v 1.9 1.4 0.0999999
v 1.8 1.4 -0.1
v 1.9 1.4 -0.1
v -1 2 0.0999999
v -0.9 2 0.0999999
v -1 2 -0.1
v -0.9 2 -0.1
v -1.1 2.1 0.0999999
v -1 2.1 0.0999999
v -1.1 2.1 -0.1
v -1 2.1 -0.1
v -1.2 2.4 0.0999999
v -1.1 2.4 0.0999999
v -1.2 2.4 -0.1
v -1.1 2.4 -0.1
v -1.3 2.6 0.0999999
v -1.2 2.6 0.0999999
v -1.3 2.6 -0.1
v -1.2 2.6 -0.1
v -1.5 2.7 0.0999999
v -1.4 2.7 0.0999999
v -1.3 2.7 0.0999999
v -1.5 2.7 -0.1
v -1.4 2.7 -0.1
v -1.3 2.7 -0.1
v 1 3.2 0.0999999
v 1.1 3.2 0.0999999
v 1 3.2 -0.1
v 1.1 3.2 -0.1
v 1.1 3.3 0.0999999
v 1.2 3.3 0.0999999
v 1.1 3.3 -0.1
v 1.2 3.3 -0.1
v 0.6 3.7 0.0999999
v 0.7 3.7 0.0999999
v 0.6 3.7 -0.1
v 0.7 3.7 -0.1
v 0 0.5 0.0999999
v 0.1 0.5 0.0999999
v 0 0.5 -7.45058e-08
v 0.1 0.5 -7.45058e-08
v -1.1 1.6 0.0999999
v -1 1.6 0.0999999
v 1.8 1.6 0.0999999
v 1.9 1.6 0.0999999
v -1.1 1.6 -0.1
v -1 1.6 -0.1
v 1.8 1.6 -0.1
v 1.9 1.6 -0.1
v 1.7 1.7 0.0999999
v 1.8 1.7 0.0999999
v 1.7 1.7 -0.1
v 1.8 1.7 -0.1
v -1 1.8 0.0999999
v -0.9 1.8 0.0999999
v 1.6 1.8 0.0999999
v 1.7 1.8 0.0999999
v -1 1.8 -0.1
v -0.9 1.8 -0.1
v 1.6 1.8 -0.1
v 1.7 1.8 -0.1
v 1.5 1.9 0.0999999
v 1.6 1.9 0.0999999
v 1.5 1.9 -0.1
v 1.6 1.9 -0.1
v 1.4 2 0.0999999
v 1.5 2 0.0999999
v 1.4 2 -0.1
v 1.5 2 -0.1
v 1.3 2.1 0.0999999
v 1.4 2.1 0.0999999
v 1.3 2.1 -0.1
v 1.4 2.1 -0.1
v 1.2 2.3 0.0999999
v 1.3 2.3 0.0999999
v 1.2 2.3 -0.1
v 1.3 2.3 -0.1
v 1.1 2.6 0.0999999
v 1.2 2.6 0.0999999
v 1.1 2.6 -0.1
v 1.2 2.6 -0.1
v -1.5 2.8 0.0999999
v -1.4 2.8 0.0999999
v 1 2.8 0.0999999
v 1.1 2.8 0.0999999
v -1.5 2.8 -0.1
v -1.4 2.8 -0.1
v 1 2.8 -0.1
v 1.1 2.8 -0.1
v -1.4 3.2 0.0999999
v -1.3 3.2 0.0999999
v -1.4 3.2 -0.1
v -1.3 3.2 -0.1
v -1.3 3.3 0.0999999
v -1.2 3.3 0.0999999
v -1.3 3.3 -0.1
v -1.2 3.3 -0.1
v -1.2 3.4 0.0999999
v -1.1 3.4 0.0999999
v 1.1 3.4 0.0999999
v 1.2 3.4 0.0999999
v -1.2 3.4 -0.1
v -1.1 3.4 -0.1
v 1.1 3.4 -0.1
v 1.2 3.4 -0.1
v -1.1 3.5 0.0999999
v -1 3.5 0.0999999
v 1 3.5 0.0999999
v 1.1 3.5 0.0999999
v -1.1 3.5 -0.1
v -1 3.5 -0.1
v 1 3.5 -0.1
v 1.1 3.5 -0.1
v -1 3.6 0.0999999
v -0.9 3.6 0.0999999
v 0.6 3.6 0.0999999
v 0.7 3.6 0.0999999
v -1 3.6 -0.1
v -0.9 3.6 -0.1
v 0.6 3.6 -0.1
v 0.7 3.6 -0.1
v -0.9 3.7 0.0999999
v -0.7 3.7 0.0999999
v 0.3 3.7 0.0999999
v 0.4 3.7 0.0999999
v -0.9 3.7 -0.1
v -0.7 3.7 -0.1
v 0.3 3.7 -0.1
v 0.4 3.7 -0.1
v -0.7 3.8 0.0999999
v -0.5 3.8 0.0999999
v -0.4 3.8 0.0999999
v -0.3 3.8 0.0999999
v -0.2 3.8 0.0999999
v 0 3.8 0.0999999
v 0.3 3.8 0.0999999
v 0.4 3.8 0.0999999
v 0.5 3.8 0.0999999
v 0.9 3.8 0.0999999
v 1 3.8 0.0999999
v -0.7 3.8 -0.1
v -0.5 3.8 -0.1
v -0.4 3.8 -0.1
v -0.3 3.8 -0.1
v -0.2 3.8 -0.1
v 0 3.8 -0.1
v 0.3 3.8 -0.1
v 0.4 3.8 -0.1
v 0.5 3.8 -0.1
v 0.9 3.8 -0.1
v 1 3.8 -0.1
v 0.5 3.9 0.0999999
v 0.6 3.9 0.0999999
v 0.8 3.9 0.0999999
v 0.9 3.9 0.0999999
v 0.5 3.9 -0.1
v 0.6 3.9 -0.1
v 0.8 3.9 -0.1
v 0.9 3.9 -0.1
v 0.6 4 0.0999999
v 0.8 4 0.0999999
v 0.6 4 -0.1
v 0.8 4 -0.1

# faces
f 3/6/1 2/6/1 1/6/1
f 4/6/1 2/6/1 3/6/1
f 7/6/1 6/6/1 5/6/1
f 8/6/1 6/6/1 7/6/1
f 9/15/1 8/15/1 7/15/1
f 10/15/1 8/15/1 9/15/1
f 13/8/1 12/8/1 11/8/1
f 14/8/1 12/8/1 13/8/1
f 17/15/1 16/15/1 15/15/1
f 18/15/1 16/15/1 17/15/1
f 21/7/1 20/7/1 19/7/1
f 22/7/1 20/7/1 21/7/1
f 25/7/1 24/7/1 23/7/1
f 26/7/1 24/7/1 25/7/1
f 29/19/1 28/19/1 27/19/1
f 30/19/1 28/19/1 29/19/1
f 31/4/1 30/4/1 29/4/1
f 32/4/1 30/4/1 31/4/1
f 33/13/1 32/13/1 31/13/1
f 34/13/1 32/13/1 33/13/1
f 35/5/1 34/5/1 33/5/1
f 36/5/1 34/5/1 35/5/1
f 37/7/1 36/7/1 35/7/1
f 38/7/1 36/7/1 37/7/1
f 39/15/1 38/15/1 37/15/1
f 40/15/1 38/15/1 39/15/1
f 43/3/1 42/3/1 41/3/1
f 44/3/1 42/3/1 43/3/1
f 45/1/1 44/1/1 43/1/1
f 46/1/1 44/1/1 45/1/1
f 49/15/1 48/15/1 47/15/1
f 50/15/1 48/15/1 49/15/1
f 53/27/1 52/27/1 51/27/1
f 54/27/1 52/27/1 53/27/1
f 55/7/1 54/7/1 53/7/1
f 56/7/1 54/7/1 55/7/1
f 59/13/1 58/13/1 57/13/1
f 60/13/1 58/13/1 59/13/1
f 63/15/1 62/15/1 61/15/1
f 64/15/1 62/15/1 63/15/1
f 67/13/1 66/13/1 65/13/1
f 68/13/1 66/13/1 67/13/1
f 71/7/1 70/7/1 69/7/1
f 72/7/1 70/7/1 71/7/1
f 73/13/1 72/13/1 71/13/1
f 74/13/1 72/13/1 73/13/1
f 77/7/1 76/7/1 75/7/1
f 78/7/1 76/7/1 77/7/1
f 81/13/1 80/13/1 79/13/1
f 82/13/1 80/13/1 81/13/1
f 85/20/1 84/20/1 83/20/1
f 86/20/1 84/20/1 85/20/1
f 89/7/1 88/7/1 87/7/1
f 90/7/1 88/7/1 89/7/1
f 93/4/1 92/4/1 91/4/1
f 94/4/1 92/4/1 93/4/1
f 97/19/1 96/19/1 95/19/1
f 98/19/1 96/19/1 97/19/1
f 101/8/1 100/8/1 99/8/1
f 102/8/1 100/8/1 101/8/1
f 105/24/1 104/24/1 103/24/1
f 106/24/1 104/24/1 105/24/1
f 109/27/1 108/27/1 107/27/1
f 110/27/1 108/27/1 109/27/1
f 113/27/1 112/27/1 111/27/1
f 114/27/1 112/27/1 113/27/1
f 117/24/1 116/24/1 115/24/1
f 118/24/1 116/24/1 117/24/1
f 121/8/1 120/8/1 119/8/1
f 122/8/1 120/8/1 121/8/1
f 123/4/2 124/4/2 125/4/2
f 125/4/2 124/4/2 126/4/2
f 127/4/2 128/4/2 129/4/2
f 129/4/2 128/4/2 130/4/2
f 129/19/2 130/19/2 131/19/2
f 131/19/2 130/19/2 132/19/2
f 131/4/2 132/4/2 133/4/2
f 133/4/2 132/4/2 134/4/2
f 134/4/2 132/4/2 135/4/2
f 135/4/2 132/4/2 136/4/2
f 137/8/2 138/8/2 139/8/2
f 139/8/2 138/8/2 140/8/2
f 141/8/2 142/8/2 143/8/2
f 143/8/2 142/8/2 144/8/2
f 145/24/2 146/24/2 147/24/2
f 147/24/2 146/24/2 148/24/2
f 149/8/2 150/8/2 151/8/2
f 151/8/2 150/8/2 152/8/2
f 153/27/2 154/27/2 155/27/2
f 155/27/2 154/27/2 156/27/2
f 157/27/2 158/27/2 159/27/2
f 159/27/2 158/27/2 160/27/2
f 161/8/2 162/8/2 163/8/2
f 163/8/2 162/8/2 164/8/2
f 163/24/2 164/24/2 165/24/2
f 165/24/2 164/24/2 166/24/2
f 167/24/2 168/24/2 169/24/2
f 169/24/2 168/24/2 170/24/2
f 169/27/2 170/27/2 171/27/2
f 171/27/2 170/27/2 172/27/2
f 173/8/2 174/8/2 175/8/2
f 175/8/2 174/8/2 176/8/2
f 177/7/2 178/7/2 179/7/2
f 179/7/2 178/7/2 180/7/2
f 179/8/2 180/8/2 181/8/2
f 181/8/2 180/8/2 182/8/2
f 183/24/2 184/24/2 185/24/2
f 185/24/2 184/24/2 186/24/2
f 187/24/2 188/24/2 189/24/2
f 189/24/2 188/24/2 190/24/2
f 191/8/2 192/8/2 193/8/2
f 193/8/2 192/8/2 194/8/2
f 195/7/2 196/7/2 197/7/2
f 197/7/2 196/7/2 198/7/2
f 197/8/2 198/8/2 199/8/2
f 199/8/2 198/8/2 200/8/2
f 201/24/2 202/24/2 203/24/2
f 203/24/2 202/24/2 204/24/2
f 205/7/2 206/7/2 207/7/2
f 207/7/2 206/7/2 208/7/2
f 207/8/2 208/8/2 209/8/2
f 209/8/2 208/8/2 210/8/2
f 211/8/2 212/8/2 213/8/2
f 213/8/2 212/8/2 214/8/2
f 215/8/2 216/8/2 217/8/2
f 217/8/2 216/8/2 218/8/2
f 219/8/2 220/8/2 221/8/2
f 221/8/2 220/8/2 222/8/2
f 223/8/2 224/8/2 225/8/2
f 225/8/2 224/8/2 226/8/2
f 227/8/2 228/8/2 229/8/2
f 229/8/2 228/8/2 230/8/2
f 231/8/2 232/8/2 233/8/2
f 233/8/2 232/8/2 234/8/2
f 235/8/2 236/8/2 237/8/2
f 237/8/2 236/8/2 238/8/2
f 239/8/2 240/8/2 241/8/2
f 241/8/2 240/8/2 242/8/2
f 243/8/2 244/8/2 245/8/2
f 245/8/2 244/8/2 246/8/2
f 247/8/2 248/8/2 249/8/2
f 249/8/2 248/8/2 250/8/2
f 251/8/2 252/8/2 253/8/2
f 253/8/2 252/8/2 254/8/2
f 257/6/3 256/6/3 255/6/3
f 258/6/3 256/6/3 257/6/3
f 262/15/3 258/15/3 257/15/3
f 263/6/3 259/6/3 258/6/3
f 263/15/3 258/15/3 262/15/3
f 264/15/3 260/15/3 259/15/3
f 264/6/3 259/6/3 263/6/3
f 265/15/3 260/15/3 264/15/3
f 266/15/3 260/15/3 265/15/3
f 269/8/3 262/8/3 261/8/3
f 270/7/3 263/7/3 262/7/3
f 270/7/3 264/7/3 263/7/3
f 270/8/3 262/8/3 269/8/3
f 271/7/3 264/7/3 270/7/3
f 272/15/3 265/15/3 264/15/3
f 272/7/3 264/7/3 271/7/3
f 273/6/3 266/6/3 265/6/3
f 273/15/3 265/15/3 272/15/3
f 274/15/3 267/15/3 266/15/3
f 274/6/3 266/6/3 273/6/3
f 275/15/3 267/15/3 274/15/3
f 286/7/3 269/7/3 268/7/3
f 287/7/3 269/7/3 286/7/3
f 288/15/3 271/15/3 270/15/3
f 288/7/3 269/7/3 287/7/3
f 288/15/3 270/15/3 269/15/3
f 289/15/3 271/15/3 288/15/3
f 290/8/3 272/8/3 271/8/3
f 290/15/3 271/15/3 289/15/3
f 291/7/3 273/7/3 272/7/3
f 291/8/3 272/8/3 290/8/3
f 292/15/3 274/15/3 273/15/3
f 292/7/3 273/7/3 291/7/3
f 293/15/3 274/15/3 292/15/3
f 294/6/3 275/6/3 274/6/3
f 294/15/3 274/15/3 293/15/3
f 295/7/3 276/7/3 275/7/3
f 295/6/3 275/6/3 294/6/3
f 296/7/3 276/7/3 295/7/3
f 298/19/3 278/19/3 277/19/3
f 299/19/3 278/19/3 298/19/3
f 300/4/3 279/4/3 278/4/3
f 300/19/3 278/19/3 299/19/3
f 301/13/3 280/13/3 279/13/3
f 301/4/3 279/4/3 300/4/3
f 302/5/3 281/5/3 280/5/3
f 302/13/3 280/13/3 301/13/3
f 303/5/3 281/5/3 302/5/3
f 304/7/3 282/7/3 281/7/3
f 304/5/3 281/5/3 303/5/3
f 305/7/3 282/7/3 304/7/3
f 306/15/3 283/15/3 282/15/3
f 306/7/3 282/7/3 305/7/3
f 307/15/3 283/15/3 306/15/3
f 311/3/3 285/3/3 284/3/3
f 312/3/3 285/3/3 311/3/3
f 313/1/3 286/1/3 285/1/3
f 313/3/3 285/3/3 312/3/3
f 314/13/3 287/13/3 286/13/3
f 314/1/3 286/1/3 313/1/3
f 315/8/3 289/8/3 288/8/3
f 315/13/3 287/13/3 314/13/3
f 315/8/3 288/8/3 287/8/3
f 316/8/3 289/8/3 315/8/3
f 317/7/3 290/7/3 289/7/3
f 317/8/3 289/8/3 316/8/3
f 318/15/3 291/15/3 290/15/3
f 318/7/3 290/7/3 317/7/3
f 319/6/3 293/6/3 292/6/3
f 319/15/3 291/15/3 318/15/3
f 319/6/3 292/6/3 291/6/3
f 320/6/3 293/6/3 319/6/3
f 321/14/3 294/14/3 293/14/3
f 321/6/3 293/6/3 320/6/3
f 322/15/3 295/15/3 294/15/3
f 322/14/3 294/14/3 321/14/3
f 323/6/3 296/6/3 295/6/3
f 323/15/3 295/15/3 322/15/3
f 324/15/3 297/15/3 296/15/3
f 324/6/3 296/6/3 323/6/3
f 325/15/3 297/15/3 324/15/3
f 328/4/3 299/4/3 298/4/3
f 329/13/3 300/13/3 299/13/3
f 329/4/3 299/4/3 328/4/3
f 330/19/3 301/19/3 300/19/3
f 330/13/3 300/13/3 329/13/3
f 330/19/3 302/19/3 301/19/3
f 331/19/3 302/19/3 330/19/3
f 332/3/3 303/3/3 302/3/3
f 332/19/3 302/19/3 331/19/3
f 333/13/3 304/13/3 303/13/3
f 333/3/3 303/3/3 332/3/3
f 334/5/3 305/5/3 304/5/3
f 334/13/3 304/13/3 333/13/3
f 335/27/3 306/27/3 305/27/3
f 335/5/3 305/5/3 334/5/3
f 335/27/3 307/27/3 306/27/3
f 335/27/3 308/27/3 307/27/3
f 336/27/3 308/27/3 335/27/3
f 337/7/3 309/7/3 308/7/3
f 337/27/3 308/27/3 336/27/3
f 338/7/3 309/7/3 337/7/3
f 340/13/3 311/13/3 310/13/3
f 341/2/3 312/2/3 311/2/3
f 341/13/3 311/13/3 340/13/3
f 342/9/3 313/9/3 312/9/3
f 342/2/3 312/2/3 341/2/3
f 342/9/3 314/9/3 313/9/3
f 342/9/3 315/9/3 314/9/3
f 343/9/3 315/9/3 342/9/3
f 344/3/3 316/3/3 315/3/3
f 344/9/3 315/9/3 343/9/3
f 345/7/3 317/7/3 316/7/3
f 345/3/3 316/3/3 344/3/3
f 346/15/3 318/15/3 317/15/3
f 346/7/3 317/7/3 345/7/3
f 347/6/3 320/6/3 319/6/3
f 347/15/3 318/15/3 346/15/3
f 347/6/3 319/6/3 318/6/3
f 348/15/3 321/15/3 320/15/3
f 348/6/3 320/6/3 347/6/3
f 348/15/3 322/15/3 321/15/3
f 349/15/3 322/15/3 348/15/3
f 350/14/3 323/14/3 322/14/3
f 350/15/3 322/15/3 349/15/3
f 351/15/3 324/15/3 323/15/3
f 351/14/3 323/14/3 350/14/3
f 352/6/3 325/6/3 324/6/3
f 352/15/3 324/15/3 351/15/3
f 353/15/3 326/15/3 325/15/3
f 353/6/3 325/6/3 352/6/3
f 354/15/3 326/15/3 353/15/3
f 357/13/3 328/13/3 327/13/3
f 357/13/3 329/13/3 328/13/3
f 358/13/3 329/13/3 357/13/3
f 359/4/3 330/4/3 329/4/3
f 359/13/3 329/13/3 358/13/3
f 360/20/3 331/20/3 330/20/3
f 360/4/3 330/4/3 359/4/3
f 361/13/3 332/13/3 331/13/3
f 361/20/3 331/20/3 360/20/3
f 362/19/3 333/19/3 332/19/3
f 362/13/3 332/13/3 361/13/3
f 363/4/3 334/4/3 333/4/3
f 363/19/3 333/19/3 362/19/3
f 364/27/3 335/27/3 334/27/3
f 364/4/3 334/4/3 363/4/3
f 365/26/3 336/26/3 335/26/3
f 365/27/3 335/27/3 364/27/3
f 366/26/3 336/26/3 365/26/3
f 367/23/3 337/23/3 336/23/3
f 367/26/3 336/26/3 366/26/3
f 368/27/3 338/27/3 337/27/3
f 368/23/3 337/23/3 367/23/3
f 369/7/3 339/7/3 338/7/3
f 369/27/3 338/27/3 368/27/3
f 370/13/3 340/13/3 339/13/3
f 370/7/3 339/7/3 369/7/3
f 371/9/3 341/9/3 340/9/3
f 371/9/3 342/9/3 341/9/3
f 372/10/3 343/10/3 342/10/3
f 372/9/3 342/9/3 371/9/3
f 373/10/3 343/10/3 372/10/3
f 374/9/3 344/9/3 343/9/3
f 374/10/3 343/10/3 373/10/3
f 374/9/3 345/9/3 344/9/3
f 375/9/3 345/9/3 374/9/3
f 376/3/3 346/3/3 345/3/3
f 376/9/3 345/9/3 375/9/3
f 377/5/3 347/5/3 346/5/3
f 377/3/3 346/3/3 376/3/3
f 378/7/3 348/7/3 347/7/3
f 378/5/3 347/5/3 377/5/3
f 379/7/3 348/7/3 378/7/3
f 380/15/3 349/15/3 348/15/3
f 380/7/3 348/7/3 379/7/3
f 381/6/3 352/6/3 351/6/3
f 381/15/3 349/15/3 380/15/3
f 381/6/3 351/6/3 350/6/3
f 381/6/3 350/6/3 349/6/3
f 382/6/3 352/6/3 381/6/3
f 383/6/3 352/6/3 382/6/3
f 384/15/3 353/15/3 352/15/3
f 384/6/3 352/6/3 383/6/3
f 385/6/3 354/6/3 353/6/3
f 385/15/3 353/15/3 384/15/3
f 386/7/3 355/7/3 354/7/3
f 386/6/3 354/6/3 385/6/3
f 388/13/3 357/13/3 356/13/3
f 389/9/3 358/9/3 357/9/3
f 389/13/3 357/13/3 388/13/3
f 390/2/3 359/2/3 358/2/3
f 390/9/3 358/9/3 389/9/3
f 391/19/3 360/19/3 359/19/3
f 391/2/3 359/2/3 390/2/3
f 392/13/3 361/13/3 360/13/3
f 392/19/3 360/19/3 391/19/3
f 393/19/3 362/19/3 361/19/3
f 393/13/3 361/13/3 392/13/3
f 394/4/3 363/4/3 362/4/3
f 394/19/3 362/19/3 393/19/3
f 395/27/3 364/27/3 363/27/3
f 395/4/3 363/4/3 394/4/3
f 395/27/3 365/27/3 364/27/3
f 396/27/3 365/27/3 395/27/3
f 397/23/3 366/23/3 365/23/3
f 397/27/3 365/27/3 396/27/3
f 398/27/3 369/27/3 368/27/3
f 398/23/3 366/23/3 397/23/3
f 398/27/3 368/27/3 367/27/3
f 398/27/3 367/27/3 366/27/3
f 398/27/3 370/27/3 369/27/3
f 399/27/3 370/27/3 398/27/3
f 400/27/3 370/27/3 399/27/3
f 401/27/3 370/27/3 400/27/3
f 402/13/3 340/13/3 370/13/3
f 402/27/3 370/27/3 401/27/3
f 403/9/3 371/9/3 340/9/3
f 403/13/3 340/13/3 402/13/3
f 404/10/3 372/10/3 371/10/3
f 404/9/3 371/9/3 403/9/3
f 405/3/3 373/3/3 372/3/3
f 405/10/3 372/10/3 404/10/3
f 406/5/3 374/5/3 373/5/3
f 406/3/3 373/3/3 405/3/3
f 407/4/3 375/4/3 374/4/3
f 407/5/3 374/5/3 406/5/3
f 408/16/3 376/16/3 375/16/3
f 408/4/3 375/4/3 407/4/3
f 408/16/3 377/16/3 376/16/3
f 409/16/3 377/16/3 408/16/3
f 410/1/3 378/1/3 377/1/3
f 410/16/3 377/16/3 409/16/3
f 411/3/3 379/3/3 378/3/3
f 411/1/3 378/1/3 410/1/3
f 412/5/3 380/5/3 379/5/3
f 412/3/3 379/3/3 411/3/3
f 413/8/3 381/8/3 380/8/3
f 413/5/3 380/5/3 412/5/3
f 414/7/3 382/7/3 381/7/3
f 414/8/3 381/8/3 413/8/3
f 415/15/3 383/15/3 382/15/3
f 415/7/3 382/7/3 414/7/3
f 416/14/3 384/14/3 383/14/3
f 416/15/3 383/15/3 415/15/3
f 417/6/3 385/6/3 384/6/3
f 417/14/3 384/14/3 416/14/3
f 418/15/3 386/15/3 385/15/3
f 418/6/3 385/6/3 417/6/3
f 419/7/3 355/7/3 386/7/3
f 419/15/3 386/15/3 418/15/3
f 420/7/3 355/7/3 419/7/3
f 422/20/3 388/20/3 387/20/3
f 423/21/3 389/21/3 388/21/3
f 423/20/3 388/20/3 422/20/3
f 424/13/3 390/13/3 389/13/3
f 424/21/3 389/21/3 423/21/3
f 425/3/3 391/3/3 390/3/3
f 425/13/3 390/13/3 424/13/3
f 426/4/3 392/4/3 391/4/3
f 426/3/3 391/3/3 425/3/3
f 427/20/3 393/20/3 392/20/3
f 427/4/3 392/4/3 426/4/3
f 428/4/3 394/4/3 393/4/3
f 428/20/3 393/20/3 427/20/3
f 429/27/3 395/27/3 394/27/3
f 429/4/3 394/4/3 428/4/3
f 430/26/3 396/26/3 395/26/3
f 430/27/3 395/27/3 429/27/3
f 431/23/3 397/23/3 396/23/3
f 431/26/3 396/26/3 430/26/3
f 432/27/3 398/27/3 397/27/3
f 432/23/3 397/23/3 431/23/3
f 432/27/3 399/27/3 398/27/3
f 433/27/3 399/27/3 432/27/3
f 434/18/3 400/18/3 399/18/3
f 434/27/3 399/27/3 433/27/3
f 435/25/3 401/25/3 400/25/3
f 435/18/3 400/18/3 434/18/3
f 436/27/3 402/27/3 401/27/3
f 436/25/3 401/25/3 435/25/3
f 437/5/3 403/5/3 402/5/3
f 437/27/3 402/27/3 436/27/3
f 438/1/3 404/1/3 403/1/3
f 438/5/3 403/5/3 437/5/3
f 439/10/3 405/10/3 404/10/3
f 439/1/3 404/1/3 438/1/3
f 440/2/3 406/2/3 405/2/3
f 440/10/3 405/10/3 439/10/3
f 441/3/3 407/3/3 406/3/3
f 441/2/3 406/2/3 440/2/3
f 442/5/3 408/5/3 407/5/3
f 442/3/3 407/3/3 441/3/3
f 443/1/3 409/1/3 408/1/3
f 443/5/3 408/5/3 442/5/3
f 444/16/3 410/16/3 409/16/3
f 444/1/3 409/1/3 443/1/3
f 445/3/3 411/3/3 410/3/3
f 445/16/3 410/16/3 444/16/3
f 446/8/3 413/8/3 412/8/3
f 446/3/3 411/3/3 445/3/3
f 446/8/3 412/8/3 411/8/3
f 447/8/3 413/8/3 446/8/3
f 448/15/3 414/15/3 413/15/3
f 448/8/3 413/8/3 447/8/3
f 449/6/3 415/6/3 414/6/3
f 449/15/3 414/15/3 448/15/3
f 450/14/3 416/14/3 415/14/3
f 450/15/3 417/15/3 416/15/3
f 450/15/3 418/15/3 417/15/3
f 451/15/3 418/15/3 450/15/3
f 452/6/3 419/6/3 418/6/3
f 452/15/3 418/15/3 451/15/3
f 453/15/3 420/15/3 419/15/3
f 453/6/3 419/6/3 452/6/3
f 454/20/3 424/20/3 423/20/3
f 454/4/3 423/4/3 422/4/3
f 455/19/3 425/19/3 424/19/3
f 455/20/3 424/20/3 454/20/3
f 456/4/3 426/4/3 425/4/3
f 456/19/3 425/19/3 455/19/3
f 457/19/3 427/19/3 426/19/3
f 457/4/3 426/4/3 456/4/3
f 457/19/3 428/19/3 427/19/3
f 457/19/3 429/19/3 428/19/3
f 458/19/3 429/19/3 457/19/3
f 459/19/3 429/19/3 458/19/3
f 460/22/3 430/22/3 429/22/3
f 460/19/3 429/19/3 459/19/3
f 461/27/3 431/27/3 430/27/3
f 461/22/3 430/22/3 460/22/3
f 462/23/3 433/23/3 432/23/3
f 462/27/3 431/27/3 461/27/3
f 462/23/3 432/23/3 431/23/3
f 463/23/3 433/23/3 462/23/3
f 464/27/3 434/27/3 433/27/3
f 464/23/3 433/23/3 463/23/3
f 465/17/3 435/17/3 434/17/3
f 465/27/3 434/27/3 464/27/3
f 466/27/3 436/27/3 435/27/3
f 466/17/3 435/17/3 465/17/3
f 467/1/3 437/1/3 436/1/3
f 467/27/3 436/27/3 466/27/3
f 468/5/3 438/5/3 437/5/3
f 468/1/3 437/1/3 467/1/3
f 469/7/3 439/7/3 438/7/3
f 469/5/3 438/5/3 468/5/3
f 470/1/3 440/1/3 439/1/3
f 470/7/3 439/7/3 469/7/3
f 471/10/3 442/10/3 441/10/3
f 471/1/3 440/1/3 470/1/3
f 471/10/3 441/10/3 440/10/3
f 472/1/3 443/1/3 442/1/3
f 472/10/3 442/10/3 471/10/3
f 473/16/3 444/16/3 443/16/3
f 473/1/3 443/1/3 472/1/3
f 474/8/3 445/8/3 444/8/3
f 474/16/3 444/16/3 473/16/3
f 474/8/3 446/8/3 445/8/3
f 475/13/3 447/13/3 446/13/3
f 475/8/3 446/8/3 474/8/3
f 476/7/3 448/7/3 447/7/3
f 476/13/3 447/13/3 475/13/3
f 477/13/3 449/13/3 448/13/3
f 477/7/3 448/7/3 476/7/3
f 478/6/3 415/6/3 449/6/3
f 478/13/3 449/13/3 477/13/3
f 479/14/3 450/14/3 415/14/3
f 479/6/3 415/6/3 478/6/3
f 479/14/3 451/14/3 450/14/3
f 480/6/3 452/6/3 451/6/3
f 480/14/3 451/14/3 479/14/3
f 481/15/3 420/15/3 453/15/3
f 481/15/3 453/15/3 452/15/3
f 482/7/3 421/7/3 420/7/3
f 482/15/3 420/15/3 481/15/3
f 483/7/3 421/7/3 482/7/3
f 484/4/3 456/4/3 455/4/3
f 484/4/3 454/4/3 422/4/3
f 484/4/3 455/4/3 454/4/3
f 485/4/3 456/4/3 484/4/3
f 486/4/3 456/4/3 485/4/3
f 487/19/3 457/19/3 456/19/3
f 487/4/3 456/4/3 486/4/3
f 487/19/3 458/19/3 457/19/3
f 488/19/3 458/19/3 487/19/3
f 489/20/3 459/20/3 458/20/3
f 489/19/3 458/19/3 488/19/3
f 490/19/3 460/19/3 459/19/3
f 490/20/3 459/20/3 489/20/3
f 491/27/3 462/27/3 461/27/3
f 491/19/3 460/19/3 490/19/3
f 491/27/3 461/27/3 460/27/3
f 492/27/3 462/27/3 491/27/3
f 493/26/3 463/26/3 462/26/3
f 493/27/3 462/27/3 492/27/3
f 494/27/3 464/27/3 463/27/3
f 494/26/3 463/26/3 493/26/3
f 495/23/3 465/23/3 464/23/3
f 495/27/3 464/27/3 494/27/3
f 496/27/3 466/27/3 465/27/3
f 496/23/3 465/23/3 495/23/3
f 497/11/3 468/11/3 467/11/3
f 497/27/3 466/27/3 496/27/3
f 497/11/3 467/11/3 466/11/3
f 498/11/3 468/11/3 497/11/3
f 499/7/3 469/7/3 468/7/3
f 499/11/3 468/11/3 498/11/3
f 500/6/3 470/6/3 469/6/3
f 500/7/3 469/7/3 499/7/3
f 501/7/3 471/7/3 470/7/3
f 501/6/3 470/6/3 500/6/3
f 501/7/3 472/7/3 471/7/3
f 502/7/3 472/7/3 501/7/3
f 503/8/3 473/8/3 472/8/3
f 503/7/3 472/7/3 502/7/3
f 503/8/3 474/8/3 473/8/3
f 504/7/3 475/7/3 474/7/3
f 504/8/3 474/8/3 503/8/3
f 505/5/3 476/5/3 475/5/3
f 505/7/3 475/7/3 504/7/3
f 506/15/3 477/15/3 476/15/3
f 506/5/3 478/5/3 477/5/3
f 507/6/3 480/6/3 479/6/3
f 507/5/3 478/5/3 506/5/3
f 507/6/3 479/6/3 478/6/3
f 508/6/3 480/6/3 507/6/3
f 509/6/3 480/6/3 508/6/3
f 510/6/3 452/6/3 480/6/3
f 510/6/3 480/6/3 509/6/3
f 510/15/3 481/15/3 452/15/3
f 511/15/3 483/15/3 482/15/3
f 511/6/3 482/6/3 481/6/3
f 512/15/3 483/15/3 511/15/3
f 514/19/3 485/19/3 484/19/3
f 515/9/3 486/9/3 485/9/3
f 515/19/3 485/19/3 514/19/3
f 516/19/3 487/19/3 486/19/3
f 516/9/3 486/9/3 515/9/3
f 517/4/3 488/4/3 487/4/3
f 517/19/3 487/19/3 516/19/3
f 518/20/3 489/20/3 488/20/3
f 518/4/3 488/4/3 517/4/3
f 519/19/3 490/19/3 489/19/3
f 519/20/3 489/20/3 518/20/3
f 520/4/3 491/4/3 490/4/3
f 520/19/3 490/19/3 519/19/3
f 521/27/3 492/27/3 491/27/3
f 521/4/3 491/4/3 520/4/3
f 522/22/3 493/22/3 492/22/3
f 522/27/3 492/27/3 521/27/3
f 523/27/3 494/27/3 493/27/3
f 523/22/3 493/22/3 522/22/3
f 524/23/3 495/23/3 494/23/3
f 524/27/3 494/27/3 523/27/3
f 525/27/3 496/27/3 495/27/3
f 525/23/3 495/23/3 524/23/3
f 526/23/3 497/23/3 496/23/3
f 526/27/3 496/27/3 525/27/3
f 527/27/3 498/27/3 497/27/3
f 527/23/3 497/23/3 526/23/3
f 528/11/3 499/11/3 498/11/3
f 528/27/3 498/27/3 527/27/3
f 529/8/3 500/8/3 499/8/3
f 529/11/3 499/11/3 528/11/3
f 530/7/3 501/7/3 500/7/3
f 530/8/3 500/8/3 529/8/3
f 531/6/3 502/6/3 501/6/3
f 531/7/3 501/7/3 530/7/3
f 532/14/3 503/14/3 502/14/3
f 532/6/3 502/6/3 531/6/3
f 533/7/3 504/7/3 503/7/3
f 533/14/3 503/14/3 532/14/3
f 534/7/3 504/7/3 533/7/3
f 535/6/3 505/6/3 504/6/3
f 535/7/3 504/7/3 534/7/3
f 536/5/3 476/5/3 505/5/3
f 536/6/3 505/6/3 535/6/3
f 537/15/3 506/15/3 476/15/3
f 537/5/3 476/5/3 536/5/3
f 538/13/3 507/13/3 506/13/3
f 538/15/3 506/15/3 537/15/3
f 539/15/3 508/15/3 507/15/3
f 539/13/3 507/13/3 538/13/3
f 540/6/3 509/6/3 508/6/3
f 540/15/3 508/15/3 539/15/3
f 541/15/3 510/15/3 509/15/3
f 541/6/3 509/6/3 540/6/3
f 542/15/3 510/15/3 541/15/3
f 543/15/3 481/15/3 510/15/3
f 543/15/3 510/15/3 542/15/3
f 544/6/3 511/6/3 481/6/3
f 544/15/3 481/15/3 543/15/3
f 544/6/3 512/6/3 511/6/3
f 545/6/3 512/6/3 544/6/3
f 546/6/3 512/6/3 545/6/3
f 548/4/3 514/4/3 513/4/3
f 549/13/3 515/13/3 514/13/3
f 549/4/3 514/4/3 548/4/3
f 550/10/3 516/10/3 515/10/3
f 550/13/3 515/13/3 549/13/3
f 551/4/3 517/4/3 516/4/3
f 551/10/3 516/10/3 550/10/3
f 552/20/3 518/20/3 517/20/3
f 552/4/3 517/4/3 551/4/3
f 553/19/3 521/19/3 520/19/3
f 553/20/3 518/20/3 552/20/3
f 553/19/3 520/19/3 519/19/3
f 553/19/3 519/19/3 518/19/3
f 554/19/3 521/19/3 553/19/3
f 555/19/3 521/19/3 554/19/3
f 556/20/3 522/20/3 521/20/3
f 556/19/3 521/19/3 555/19/3
f 557/27/3 523/27/3 522/27/3
f 557/20/3 522/20/3 556/20/3
f 558/26/3 524/26/3 523/26/3
f 558/27/3 523/27/3 557/27/3
f 559/27/3 525/27/3 524/27/3
f 559/26/3 524/26/3 558/26/3
f 560/23/3 526/23/3 525/23/3
f 560/27/3 525/27/3 559/27/3
f 561/27/3 527/27/3 526/27/3
f 561/23/3 526/23/3 560/23/3
f 562/23/3 528/23/3 527/23/3
f 562/27/3 527/27/3 561/27/3
f 563/27/3 529/27/3 528/27/3
f 563/23/3 528/23/3 562/23/3
f 564/12/3 530/12/3 529/12/3
f 564/27/3 529/27/3 563/27/3
f 565/7/3 531/7/3 530/7/3
f 565/12/3 530/12/3 564/12/3
f 565/7/3 532/7/3 531/7/3
f 566/7/3 532/7/3 565/7/3
f 567/6/3 533/6/3 532/6/3
f 567/7/3 532/7/3 566/7/3
f 568/6/3 533/6/3 567/6/3
f 569/7/3 534/7/3 533/7/3
f 569/6/3 533/6/3 568/6/3
f 570/6/3 535/6/3 534/6/3
f 570/7/3 534/7/3 569/7/3
f 571/7/3 536/7/3 535/7/3
f 571/6/3 535/6/3 570/6/3
f 572/7/3 536/7/3 571/7/3
f 573/15/3 537/15/3 536/15/3
f 573/7/3 536/7/3 572/7/3
f 574/7/3 539/7/3 538/7/3
f 574/15/3 537/15/3 573/15/3
f 574/7/3 538/7/3 537/7/3
f 574/7/3 540/7/3 539/7/3
f 575/15/3 541/15/3 540/15/3
f 575/7/3 540/7/3 574/7/3
f 576/14/3 542/14/3 541/14/3
f 576/15/3 541/15/3 575/15/3
f 577/15/3 543/15/3 542/15/3
f 577/14/3 542/14/3 576/14/3
f 578/6/3 544/6/3 543/6/3
f 578/6/3 545/6/3 544/6/3
f 579/15/3 546/15/3 545/15/3
f 579/6/3 545/6/3 578/6/3
f 580/15/3 546/15/3 579/15/3
f 581/19/3 548/19/3 547/19/3
f 582/1/3 549/1/3 548/1/3
f 582/19/3 548/19/3 581/19/3
f 583/5/3 550/5/3 549/5/3
f 583/1/3 549/1/3 582/1/3
f 584/3/3 551/3/3 550/3/3
f 584/5/3 550/5/3 583/5/3
f 585/4/3 552/4/3 551/4/3
f 585/3/3 551/3/3 584/3/3
f 586/19/3 553/19/3 552/19/3
f 586/4/3 552/4/3 585/4/3
f 587/20/3 554/20/3 553/20/3
f 587/19/3 553/19/3 586/19/3
f 588/19/3 555/19/3 554/19/3
f 588/20/3 554/20/3 587/20/3
f 589/20/3 556/20/3 555/20/3
f 589/19/3 555/19/3 588/19/3
f 590/19/3 557/19/3 556/19/3
f 590/20/3 556/20/3 589/20/3
f 591/20/3 558/20/3 557/20/3
f 591/19/3 557/19/3 590/19/3
f 592/27/3 559/27/3 558/27/3
f 592/20/3 558/20/3 591/20/3
f 593/26/3 561/26/3 560/26/3
f 593/27/3 559/27/3 592/27/3
f 593/26/3 560/26/3 559/26/3
f 594/23/3 562/23/3 561/23/3
f 594/26/3 561/26/3 593/26/3
f 595/26/3 564/26/3 563/26/3
f 595/23/3 562/23/3 594/23/3
f 595/26/3 563/26/3 562/26/3
f 596/26/3 564/26/3 595/26/3
f 597/8/3 566/8/3 565/8/3
f 597/26/3 564/26/3 596/26/3
f 597/8/3 565/8/3 564/8/3
f 598/8/3 566/8/3 597/8/3
f 599/15/3 568/15/3 567/15/3
f 599/8/3 566/8/3 598/8/3
f 599/15/3 567/15/3 566/15/3
f 600/6/3 569/6/3 568/6/3
f 600/15/3 568/15/3 599/15/3
f 600/6/3 570/6/3 569/6/3
f 601/7/3 571/7/3 570/7/3
f 601/6/3 570/6/3 600/6/3
f 602/6/3 572/6/3 571/6/3
f 602/7/3 571/7/3 601/7/3
f 603/14/3 573/14/3 572/14/3
f 603/6/3 572/6/3 602/6/3
f 603/14/3 574/14/3 573/14/3
f 604/6/3 575/6/3 574/6/3
f 604/14/3 574/14/3 603/14/3
f 605/6/3 575/6/3 604/6/3
f 606/6/3 575/6/3 605/6/3
f 607/14/3 576/14/3 575/14/3
f 607/6/3 575/6/3 606/6/3
f 608/6/3 577/6/3 576/6/3
f 608/14/3 576/14/3 607/14/3
f 609/15/3 543/15/3 577/15/3
f 609/6/3 577/6/3 608/6/3
f 610/6/3 578/6/3 543/6/3
f 610/15/3 543/15/3 609/15/3
f 611/15/3 579/15/3 578/15/3
f 611/6/3 578/6/3 610/6/3
f 612/19/3 584/19/3 583/19/3
f 612/19/3 583/19/3 582/19/3
f 613/4/3 586/4/3 585/4/3
f 613/19/3 584/19/3 612/19/3
f 613/4/3 585/4/3 584/4/3
f 614/4/3 586/4/3 613/4/3
f 615/20/3 587/20/3 586/20/3
f 615/4/3 586/4/3 614/4/3
f 616/4/3 588/4/3 587/4/3
f 616/20/3 587/20/3 615/20/3
f 617/20/3 589/20/3 588/20/3
f 617/4/3 588/4/3 616/4/3
f 618/19/3 590/19/3 589/19/3
f 618/20/3 589/20/3 617/20/3
f 619/4/3 591/4/3 590/4/3
f 619/19/3 590/19/3 618/19/3
f 620/19/3 592/19/3 591/19/3
f 620/4/3 591/4/3 619/4/3
f 621/24/3 593/24/3 592/24/3
f 621/19/3 592/19/3 620/19/3
f 622/26/3 594/26/3 593/26/3
f 622/24/3 593/24/3 621/24/3
f 622/26/3 595/26/3 594/26/3
f 622/26/3 596/26/3 595/26/3
f 623/26/3 596/26/3 622/26/3
f 624/26/3 596/26/3 623/26/3
f 625/24/3 597/24/3 596/24/3
f 625/26/3 596/26/3 624/26/3
f 626/7/3 598/7/3 597/7/3
f 626/24/3 597/24/3 625/24/3
f 627/8/3 599/8/3 598/8/3
f 627/7/3 598/7/3 626/7/3
f 627/8/3 600/8/3 599/8/3
f 628/8/3 600/8/3 627/8/3
f 629/8/3 600/8/3 628/8/3
f 630/7/3 601/7/3 600/7/3
f 630/8/3 600/8/3 629/8/3
f 631/7/3 601/7/3 630/7/3
f 632/15/3 602/15/3 601/15/3
f 632/7/3 601/7/3 631/7/3
f 632/15/3 603/15/3 602/15/3
f 633/15/3 603/15/3 632/15/3
f 634/6/3 605/6/3 604/6/3
f 634/15/3 603/15/3 633/15/3
f 634/6/3 604/6/3 603/6/3
f 635/15/3 606/15/3 605/15/3
f 635/6/3 605/6/3 634/6/3
f 636/14/3 607/14/3 606/14/3
f 636/15/3 606/15/3 635/15/3
f 637/6/3 608/6/3 607/6/3
f 637/14/3 607/14/3 636/14/3
f 638/15/3 609/15/3 608/15/3
f 638/6/3 608/6/3 637/6/3
f 639/6/3 610/6/3 609/6/3
f 639/15/3 609/15/3 638/15/3
f 640/15/3 611/15/3 610/15/3
f 640/6/3 610/6/3 639/6/3
f 641/15/3 579/15/3 611/15/3
f 641/15/3 611/15/3 640/15/3
f 642/7/3 580/7/3 579/7/3
f 642/15/3 579/15/3 641/15/3
f 643/7/3 580/7/3 642/7/3
f 644/4/3 582/4/3 581/4/3
f 645/19/3 612/19/3 582/19/3
f 645/4/3 582/4/3 644/4/3
f 646/4/3 613/4/3 612/4/3
f 646/19/3 612/19/3 645/19/3
f 647/4/3 613/4/3 646/4/3
f 648/4/3 615/4/3 614/4/3
f 648/4/3 616/4/3 615/4/3
f 649/4/3 616/4/3 648/4/3
f 650/19/3 617/19/3 616/19/3
f 650/4/3 616/4/3 649/4/3
f 650/19/3 618/19/3 617/19/3
f 651/19/3 618/19/3 650/19/3
f 652/4/3 619/4/3 618/4/3
f 652/19/3 618/19/3 651/19/3
f 653/2/3 620/2/3 619/2/3
f 653/4/3 619/4/3 652/4/3
f 654/13/3 621/13/3 620/13/3
f 654/2/3 620/2/3 653/2/3
f 655/5/3 622/5/3 621/5/3
f 655/13/3 621/13/3 654/13/3
f 656/24/3 623/24/3 622/24/3
f 656/5/3 622/5/3 655/5/3
f 657/26/3 624/26/3 623/26/3
f 657/24/3 623/24/3 656/24/3
f 658/24/3 625/24/3 624/24/3
f 658/26/3 624/26/3 657/26/3
f 659/8/3 626/8/3 625/8/3
f 659/24/3 625/24/3 658/24/3
f 659/8/3 627/8/3 626/8/3
f 660/8/3 627/8/3 659/8/3
f 661/7/3 628/7/3 627/7/3
f 661/8/3 627/8/3 660/8/3
f 662/8/3 629/8/3 628/8/3
f 662/7/3 628/7/3 661/7/3
f 663/10/3 630/10/3 629/10/3
f 663/8/3 629/8/3 662/8/3
f 664/2/3 631/2/3 630/2/3
f 664/10/3 630/10/3 663/10/3
f 665/13/3 632/13/3 631/13/3
f 665/2/3 631/2/3 664/2/3
f 666/8/3 633/8/3 632/8/3
f 666/13/3 632/13/3 665/13/3
f 667/7/3 634/7/3 633/7/3
f 667/15/3 635/15/3 634/15/3
f 668/6/3 637/6/3 636/6/3
f 668/15/3 635/15/3 667/15/3
f 668/6/3 636/6/3 635/6/3
f 669/7/3 638/7/3 637/7/3
f 669/6/3 637/6/3 668/6/3
f 670/6/3 639/6/3 638/6/3
f 670/7/3 638/7/3 669/7/3
f 671/15/3 640/15/3 639/15/3
f 671/6/3 639/6/3 670/6/3
f 672/7/3 641/7/3 640/7/3
f 672/15/3 640/15/3 671/15/3
f 673/15/3 642/15/3 641/15/3
f 673/7/3 641/7/3 672/7/3
f 674/8/3 643/8/3 642/8/3
f 674/15/3 642/15/3 673/15/3
f 675/4/3 651/4/3 650/4/3
f 675/8/3 649/8/3 648/8/3
f 675/4/3 650/4/3 649/4/3
f 676/4/3 651/4/3 675/4/3
f 677/20/3 652/20/3 651/20/3
f 677/4/3 651/4/3 676/4/3
f 678/2/3 653/2/3 652/2/3
f 678/20/3 652/20/3 677/20/3
f 679/13/3 654/13/3 653/13/3
f 679/2/3 653/2/3 678/2/3
f 680/2/3 655/2/3 654/2/3
f 680/13/3 654/13/3 679/13/3
f 681/3/3 656/3/3 655/3/3
f 681/2/3 655/2/3 680/2/3
f 682/20/3 657/20/3 656/20/3
f 682/3/3 656/3/3 681/3/3
f 683/24/3 658/24/3 657/24/3
f 683/20/3 657/20/3 682/20/3
f 684/24/3 658/24/3 683/24/3
f 685/7/3 660/7/3 659/7/3
f 685/24/3 658/24/3 684/24/3
f 685/7/3 659/7/3 658/7/3
f 686/8/3 662/8/3 661/8/3
f 686/7/3 660/7/3 685/7/3
f 686/8/3 661/8/3 660/8/3
f 687/7/3 663/7/3 662/7/3
f 687/8/3 662/8/3 686/8/3
f 688/8/3 665/8/3 664/8/3
f 688/7/3 663/7/3 687/7/3
f 688/8/3 664/8/3 663/8/3
f 688/8/3 666/8/3 665/8/3
f 689/8/3 666/8/3 688/8/3
f 690/8/3 633/8/3 666/8/3
f 690/8/3 666/8/3 689/8/3
f 691/7/3 669/7/3 668/7/3
f 691/8/3 633/8/3 690/8/3
f 691/7/3 668/7/3 667/7/3
f 691/7/3 667/7/3 633/7/3
f 692/7/3 669/7/3 691/7/3
f 693/7/3 669/7/3 692/7/3
f 694/7/3 669/7/3 693/7/3
f 695/7/3 669/7/3 694/7/3
f 696/6/3 670/6/3 669/6/3
f 696/7/3 669/7/3 695/7/3
f 696/6/3 671/6/3 670/6/3
f 697/6/3 671/6/3 696/6/3
f 698/7/3 672/7/3 671/7/3
f 698/6/3 671/6/3 697/6/3
f 699/15/3 673/15/3 672/15/3
f 699/7/3 672/7/3 698/7/3
f 700/7/3 674/7/3 673/7/3
f 700/15/3 673/15/3 699/15/3
f 701/8/3 675/8/3 648/8/3
f 702/7/3 676/7/3 675/7/3
f 702/8/3 675/8/3 701/8/3
f 703/8/3 677/8/3 676/8/3
f 703/7/3 676/7/3 702/7/3
f 704/20/3 678/20/3 677/20/3
f 704/8/3 677/8/3 703/8/3
f 705/9/3 679/9/3 678/9/3
f 705/20/3 678/20/3 704/20/3
f 706/13/3 680/13/3 679/13/3
f 706/9/3 679/9/3 705/9/3
f 707/3/3 681/3/3 680/3/3
f 707/13/3 680/13/3 706/13/3
f 708/2/3 682/2/3 681/2/3
f 708/3/3 681/3/3 707/3/3
f 709/13/3 683/13/3 682/13/3
f 709/2/3 682/2/3 708/2/3
f 710/20/3 684/20/3 683/20/3
f 710/13/3 683/13/3 709/13/3
f 711/8/3 686/8/3 685/8/3
f 711/20/3 684/20/3 710/20/3
f 711/8/3 685/8/3 684/8/3
f 712/7/3 687/7/3 686/7/3
f 712/8/3 686/8/3 711/8/3
f 713/8/3 688/8/3 687/8/3
f 713/7/3 687/7/3 712/7/3
f 714/7/3 689/7/3 688/7/3
f 714/8/3 688/8/3 713/8/3
f 715/7/3 689/7/3 714/7/3
f 716/8/3 690/8/3 689/8/3
f 716/7/3 689/7/3 715/7/3
f 717/7/3 691/7/3 690/7/3
f 717/8/3 690/8/3 716/8/3
f 718/8/3 692/8/3 691/8/3
f 718/7/3 691/7/3 717/7/3
f 719/7/3 693/7/3 692/7/3
f 719/8/3 692/8/3 718/8/3
f 720/15/3 694/15/3 693/15/3
f 720/7/3 693/7/3 719/7/3
f 721/7/3 695/7/3 694/7/3
f 721/15/3 694/15/3 720/15/3
f 722/6/3 697/6/3 696/6/3
f 722/7/3 695/7/3 721/7/3
f 722/6/3 696/6/3 695/6/3
f 723/6/3 697/6/3 722/6/3
f 724/6/3 697/6/3 723/6/3
f 725/15/3 698/15/3 697/15/3
f 725/6/3 697/6/3 724/6/3
f 726/8/3 699/8/3 698/8/3
f 726/15/3 698/15/3 725/15/3
f 727/7/3 700/7/3 699/7/3
f 727/7/3 674/7/3 700/7/3
f 728/8/3 643/8/3 674/8/3
f 728/7/3 674/7/3 727/7/3
f 729/8/3 643/8/3 728/8/3
f 731/8/3 703/8/3 702/8/3
f 732/7/3 704/7/3 703/7/3
f 732/8/3 703/8/3 731/8/3
f 733/8/3 705/8/3 704/8/3
f 733/7/3 704/7/3 732/7/3
f 734/20/3 706/20/3 705/20/3
f 734/8/3 705/8/3 733/8/3
f 735/9/3 707/9/3 706/9/3
f 735/20/3 706/20/3 734/20/3
f 736/2/3 708/2/3 707/2/3
f 736/9/3 707/9/3 735/9/3
f 737/3/3 709/3/3 708/3/3
f 737/2/3 708/2/3 736/2/3
f 738/20/3 710/20/3 709/20/3
f 738/3/3 709/3/3 737/3/3
f 739/8/3 711/8/3 710/8/3
f 739/20/3 710/20/3 738/20/3
f 740/7/3 712/7/3 711/7/3
f 740/8/3 711/8/3 739/8/3
f 741/7/3 712/7/3 740/7/3
f 742/8/3 713/8/3 712/8/3
f 742/7/3 712/7/3 741/7/3
f 743/7/3 715/7/3 714/7/3
f 743/8/3 713/8/3 742/8/3
f 743/7/3 714/7/3 713/7/3
f 744/7/3 715/7/3 743/7/3
f 745/15/3 716/15/3 715/15/3
f 745/7/3 715/7/3 744/7/3
f 745/15/3 717/15/3 716/15/3
f 746/8/3 718/8/3 717/8/3
f 746/15/3 717/15/3 745/15/3
f 747/7/3 719/7/3 718/7/3
f 747/8/3 718/8/3 746/8/3
f 748/15/3 720/15/3 719/15/3
f 748/7/3 719/7/3 747/7/3
f 749/6/3 721/6/3 720/6/3
f 749/15/3 720/15/3 748/15/3
f 749/6/3 722/6/3 721/6/3
f 750/6/3 722/6/3 749/6/3
f 751/7/3 723/7/3 722/7/3
f 751/6/3 722/6/3 750/6/3
f 752/15/3 724/15/3 723/15/3
f 752/7/3 723/7/3 751/7/3
f 753/6/3 725/6/3 724/6/3
f 753/15/3 724/15/3 752/15/3
f 754/7/3 726/7/3 725/7/3
f 754/6/3 725/6/3 753/6/3
f 755/8/3 699/8/3 726/8/3
f 755/7/3 726/7/3 754/7/3
f 756/7/3 727/7/3 699/7/3
f 756/8/3 699/8/3 755/8/3
f 757/24/3 728/24/3 727/24/3
f 757/7/3 727/7/3 756/7/3
f 758/24/3 728/24/3 757/24/3
f 760/8/3 733/8/3 732/8/3
f 760/7/3 732/7/3 731/7/3
f 761/7/3 734/7/3 733/7/3
f 761/8/3 733/8/3 760/8/3
f 761/7/3 735/7/3 734/7/3
f 762/20/3 736/20/3 735/20/3
f 762/7/3 735/7/3 761/7/3
f 762/20/3 737/20/3 736/20/3
f 763/20/3 737/20/3 762/20/3
f 764/5/3 738/5/3 737/5/3
f 764/20/3 737/20/3 763/20/3
f 765/8/3 739/8/3 738/8/3
f 765/5/3 738/5/3 764/5/3
f 766/7/3 741/7/3 740/7/3
f 766/8/3 739/8/3 765/8/3
f 766/7/3 740/7/3 739/7/3
f 767/7/3 741/7/3 766/7/3
f 768/8/3 742/8/3 741/8/3
f 768/7/3 741/7/3 767/7/3
f 769/7/3 744/7/3 743/7/3
f 769/8/3 742/8/3 768/8/3
f 769/7/3 743/7/3 742/7/3
f 770/7/3 744/7/3 769/7/3
f 771/7/3 744/7/3 770/7/3
f 772/15/3 745/15/3 744/15/3
f 772/7/3 744/7/3 771/7/3
f 773/7/3 747/7/3 746/7/3
f 773/15/3 745/15/3 772/15/3
f 773/7/3 746/7/3 745/7/3
f 774/8/3 748/8/3 747/8/3
f 774/7/3 747/7/3 773/7/3
f 775/7/3 749/7/3 748/7/3
f 775/8/3 748/8/3 774/8/3
f 776/15/3 750/15/3 749/15/3
f 776/7/3 749/7/3 775/7/3
f 777/6/3 752/6/3 751/6/3
f 777/15/3 750/15/3 776/15/3
f 777/6/3 751/6/3 750/6/3
f 778/7/3 753/7/3 752/7/3
f 778/6/3 752/6/3 777/6/3
f 779/15/3 754/15/3 753/15/3
f 779/7/3 753/7/3 778/7/3
f 780/8/3 755/8/3 754/8/3
f 780/15/3 754/15/3 779/15/3
f 781/22/3 756/22/3 755/22/3
f 781/8/3 755/8/3 780/8/3
f 782/24/3 757/24/3 756/24/3
f 782/22/3 756/22/3 781/22/3
f 783/21/3 758/21/3 757/21/3
f 783/24/3 757/24/3 782/24/3
f 784/24/3 759/24/3 758/24/3
f 784/21/3 758/21/3 783/21/3
f 785/24/3 759/24/3 784/24/3
f 787/7/3 761/7/3 760/7/3
f 787/7/3 760/7/3 731/7/3
f 787/8/3 731/8/3 730/8/3
f 788/7/3 761/7/3 787/7/3
f 789/8/3 762/8/3 761/8/3
f 789/7/3 761/7/3 788/7/3
f 789/8/3 763/8/3 762/8/3
f 790/8/3 763/8/3 789/8/3
f 791/8/3 763/8/3 790/8/3
f 792/15/3 764/15/3 763/15/3
f 792/8/3 763/8/3 791/8/3
f 792/15/3 765/15/3 764/15/3
f 793/7/3 766/7/3 765/7/3
f 793/15/3 765/15/3 792/15/3
f 794/8/3 767/8/3 766/8/3
f 794/7/3 766/7/3 793/7/3
f 795/8/3 767/8/3 794/8/3
f 796/15/3 768/15/3 767/15/3
f 796/8/3 767/8/3 795/8/3
f 797/7/3 769/7/3 768/7/3
f 797/15/3 768/15/3 796/15/3
f 798/15/3 770/15/3 769/15/3
f 798/7/3 769/7/3 797/7/3
f 799/7/3 771/7/3 770/7/3
f 799/15/3 770/15/3 798/15/3
f 800/8/3 772/8/3 771/8/3
f 800/7/3 771/7/3 799/7/3
f 801/7/3 773/7/3 772/7/3
f 801/8/3 772/8/3 800/8/3
f 802/15/3 776/15/3 775/15/3
f 802/7/3 773/7/3 801/7/3
f 802/15/3 775/15/3 774/15/3
f 802/15/3 774/15/3 773/15/3
f 802/15/3 778/15/3 777/15/3
f 802/15/3 777/15/3 776/15/3
f 803/15/3 778/15/3 802/15/3
f 804/15/3 778/15/3 803/15/3
f 805/15/3 778/15/3 804/15/3
f 806/15/3 778/15/3 805/15/3
f 807/15/3 778/15/3 806/15/3
f 808/8/3 779/8/3 778/8/3
f 808/15/3 778/15/3 807/15/3
f 809/24/3 780/24/3 779/24/3
f 809/8/3 779/8/3 808/8/3
f 810/22/3 781/22/3 780/22/3
f 810/24/3 780/24/3 809/24/3
f 811/21/3 782/21/3 781/21/3
f 811/22/3 781/22/3 810/22/3
f 812/8/3 783/8/3 782/8/3
f 812/21/3 782/21/3 811/21/3
f 813/24/3 784/24/3 783/24/3
f 813/8/3 783/8/3 812/8/3
f 814/23/3 785/23/3 784/23/3
f 814/24/3 784/24/3 813/24/3
f 815/27/3 786/27/3 785/27/3
f 815/23/3 785/23/3 814/23/3
f 816/27/3 786/27/3 815/27/3
f 818/8/3 787/8/3 730/8/3
f 819/15/3 788/15/3 787/15/3
f 819/8/3 787/8/3 818/8/3
f 820/7/3 789/7/3 788/7/3
f 820/15/3 788/15/3 819/15/3
f 820/7/3 790/7/3 789/7/3
f 821/7/3 790/7/3 820/7/3
f 822/15/3 791/15/3 790/15/3
f 822/7/3 790/7/3 821/7/3
f 823/7/3 792/7/3 791/7/3
f 823/15/3 791/15/3 822/15/3
f 824/8/3 793/8/3 792/8/3
f 824/7/3 792/7/3 823/7/3
f 825/15/3 794/15/3 793/15/3
f 825/8/3 793/8/3 824/8/3
f 825/15/3 795/15/3 794/15/3
f 826/7/3 797/7/3 796/7/3
f 826/15/3 795/15/3 825/15/3
f 826/7/3 798/7/3 797/7/3
f 826/7/3 796/7/3 795/7/3
f 827/7/3 798/7/3 826/7/3
f 828/8/3 799/8/3 798/8/3
f 828/7/3 798/7/3 827/7/3
f 829/7/3 800/7/3 799/7/3
f 829/8/3 799/8/3 828/8/3
f 830/15/3 801/15/3 800/15/3
f 830/7/3 800/7/3 829/7/3
f 831/7/3 802/7/3 801/7/3
f 831/15/3 801/15/3 830/15/3
f 831/7/3 803/7/3 802/7/3
f 832/8/3 804/8/3 803/8/3
f 832/7/3 803/7/3 831/7/3
f 833/7/3 805/7/3 804/7/3
f 833/8/3 804/8/3 832/8/3
f 834/15/3 806/15/3 805/15/3
f 834/7/3 805/7/3 833/7/3
f 835/7/3 807/7/3 806/7/3
f 835/15/3 806/15/3 834/15/3
f 836/15/3 808/15/3 807/15/3
f 836/7/3 807/7/3 835/7/3
f 837/24/3 809/24/3 808/24/3
f 837/15/3 808/15/3 836/15/3
f 838/22/3 810/22/3 809/22/3
f 838/24/3 809/24/3 837/24/3
f 839/15/3 811/15/3 810/15/3
f 839/22/3 810/22/3 838/22/3
f 840/23/3 812/23/3 811/23/3
f 840/15/3 811/15/3 839/15/3
f 841/7/3 813/7/3 812/7/3
f 841/23/3 812/23/3 840/23/3
f 842/7/3 813/7/3 841/7/3
f 843/24/3 815/24/3 814/24/3
f 844/8/3 820/8/3 819/8/3
f 844/15/3 821/15/3 820/15/3
f 845/8/3 822/8/3 821/8/3
f 845/15/3 821/15/3 844/15/3
f 845/8/3 823/8/3 822/8/3
f 846/8/3 823/8/3 845/8/3
f 847/15/3 824/15/3 823/15/3
f 847/8/3 823/8/3 846/8/3
f 847/15/3 825/15/3 824/15/3
f 848/15/3 825/15/3 847/15/3
f 849/7/3 826/7/3 825/7/3
f 849/15/3 825/15/3 848/15/3
f 850/15/3 827/15/3 826/15/3
f 850/7/3 826/7/3 849/7/3
f 851/8/3 828/8/3 827/8/3
f 851/15/3 827/15/3 850/15/3
f 852/15/3 829/15/3 828/15/3
f 852/8/3 828/8/3 851/8/3
f 852/15/3 830/15/3 829/15/3
f 853/15/3 830/15/3 852/15/3
f 854/8/3 832/8/3 831/8/3
f 854/15/3 830/15/3 853/15/3
f 854/8/3 831/8/3 830/8/3
f 855/8/3 832/8/3 854/8/3
f 856/15/3 834/15/3 833/15/3
f 856/8/3 832/8/3 855/8/3
f 856/15/3 833/15/3 832/15/3
f 857/15/3 834/15/3 856/15/3
f 858/7/3 835/7/3 834/7/3
f 858/15/3 834/15/3 857/15/3
f 859/8/3 836/8/3 835/8/3
f 859/7/3 835/7/3 858/7/3
f 860/21/3 838/21/3 837/21/3
f 860/24/3 837/24/3 836/24/3
f 861/22/3 839/22/3 838/22/3
f 861/21/3 838/21/3 860/21/3
f 862/7/3 840/7/3 839/7/3
f 862/22/3 839/22/3 861/22/3
f 863/23/3 841/23/3 840/23/3
f 863/7/3 840/7/3 862/7/3
f 864/24/3 843/24/3 842/24/3
f 864/23/3 841/23/3 863/23/3
f 864/24/3 842/24/3 841/24/3
f 865/24/3 843/24/3 864/24/3
f 866/24/3 815/24/3 843/24/3
f 866/24/3 843/24/3 865/24/3
f 866/23/3 816/23/3 815/23/3
f 867/27/3 817/27/3 816/27/3
f 867/23/3 816/23/3 866/23/3
f 868/27/3 817/27/3 867/27/3
f 870/8/3 844/8/3 819/8/3
f 870/8/3 845/8/3 844/8/3
f 871/8/3 845/8/3 870/8/3
f 872/7/3 846/7/3 845/7/3
f 872/8/3 845/8/3 871/8/3
f 873/15/3 847/15/3 846/15/3
f 873/7/3 846/7/3 872/7/3
f 873/15/3 848/15/3 847/15/3
f 874/7/3 849/7/3 848/7/3
f 874/15/3 848/15/3 873/15/3
f 875/7/3 849/7/3 874/7/3
f 876/15/3 850/15/3 849/15/3
f 876/7/3 849/7/3 875/7/3
f 877/15/3 850/15/3 876/15/3
f 878/8/3 851/8/3 850/8/3
f 878/15/3 850/15/3 877/15/3
f 879/15/3 852/15/3 851/15/3
f 879/8/3 851/8/3 878/8/3
f 880/15/3 852/15/3 879/15/3
f 881/7/3 853/7/3 852/7/3
f 881/15/3 852/15/3 880/15/3
f 882/8/3 854/8/3 853/8/3
f 882/7/3 853/7/3 881/7/3
f 883/7/3 855/7/3 854/7/3
f 883/8/3 854/8/3 882/8/3
f 884/15/3 856/15/3 855/15/3
f 884/7/3 855/7/3 883/7/3
f 885/6/3 857/6/3 856/6/3
f 885/15/3 856/15/3 884/15/3
f 886/8/3 858/8/3 857/8/3
f 886/6/3 857/6/3 885/6/3
f 886/8/3 859/8/3 858/8/3
f 887/8/3 859/8/3 886/8/3
f 888/8/3 859/8/3 887/8/3
f 889/24/3 860/24/3 836/24/3
f 889/8/3 859/8/3 888/8/3
f 889/8/3 836/8/3 859/8/3
f 890/23/3 861/23/3 860/23/3
f 890/24/3 860/24/3 889/24/3
f 891/21/3 862/21/3 861/21/3
f 891/23/3 861/23/3 890/23/3
f 892/8/3 863/8/3 862/8/3
f 892/21/3 862/21/3 891/21/3
f 893/23/3 864/23/3 863/23/3
f 893/8/3 863/8/3 892/8/3
f 894/21/3 865/21/3 864/21/3
f 894/23/3 864/23/3 893/23/3
f 895/23/3 866/23/3 865/23/3
f 895/21/3 865/21/3 894/21/3
f 896/23/3 866/23/3 895/23/3
f 897/27/3 867/27/3 866/27/3
f 897/23/3 866/23/3 896/23/3
f 898/27/3 867/27/3 897/27/3
f 899/8/3 871/8/3 870/8/3
f 899/8/3 870/8/3 869/8/3
f 900/15/3 873/15/3 872/15/3
f 900/8/3 871/8/3 899/8/3
f 900/15/3 872/15/3 871/15/3
f 901/15/3 873/15/3 900/15/3
f 902/7/3 874/7/3 873/7/3
f 902/15/3 873/15/3 901/15/3
f 903/7/3 874/7/3 902/7/3
f 904/15/3 875/15/3 874/15/3
f 904/7/3 874/7/3 903/7/3
f 905/8/3 876/8/3 875/8/3
f 905/15/3 875/15/3 904/15/3
f 906/7/3 877/7/3 876/7/3
f 906/8/3 876/8/3 905/8/3
f 907/8/3 878/8/3 877/8/3
f 907/7/3 877/7/3 906/7/3
f 908/15/3 879/15/3 878/15/3
f 908/8/3 878/8/3 907/8/3
f 908/15/3 880/15/3 879/15/3
f 909/15/3 880/15/3 908/15/3
f 910/7/3 881/7/3 880/7/3
f 910/15/3 880/15/3 909/15/3
f 911/8/3 882/8/3 881/8/3
f 911/7/3 881/7/3 910/7/3
f 912/7/3 883/7/3 882/7/3
f 912/8/3 882/8/3 911/8/3
f 913/8/3 884/8/3 883/8/3
f 913/7/3 883/7/3 912/7/3
f 913/8/3 885/8/3 884/8/3
f 913/8/3 886/8/3 885/8/3
f 914/8/3 886/8/3 913/8/3
f 915/8/3 886/8/3 914/8/3
f 916/7/3 887/7/3 886/7/3
f 916/8/3 886/8/3 915/8/3
f 917/7/3 887/7/3 916/7/3
f 918/15/3 888/15/3 887/15/3
f 918/7/3 887/7/3 917/7/3
f 919/8/3 889/8/3 888/8/3
f 919/15/3 888/15/3 918/15/3
f 919/8/3 890/8/3 889/8/3
f 920/24/3 891/24/3 890/24/3
f 920/8/3 890/8/3 919/8/3
f 921/23/3 892/23/3 891/23/3
f 921/24/3 891/24/3 920/24/3
f 922/24/3 893/24/3 892/24/3
f 922/23/3 892/23/3 921/23/3
f 923/23/3 894/23/3 893/23/3
f 923/24/3 893/24/3 922/24/3
f 924/24/3 896/24/3 895/24/3
f 924/23/3 894/23/3 923/23/3
f 924/24/3 895/24/3 894/24/3
f 925/27/3 897/27/3 896/27/3
f 925/24/3 896/24/3 924/24/3
f 926/27/3 897/27/3 925/27/3
f 927/8/3 899/8/3 869/8/3
f 928/7/3 900/7/3 899/7/3
f 928/8/3 899/8/3 927/8/3
f 929/8/3 901/8/3 900/8/3
f 929/7/3 900/7/3 928/7/3
f 930/7/3 903/7/3 902/7/3
f 930/8/3 901/8/3 929/8/3
f 930/7/3 902/7/3 901/7/3
f 931/8/3 905/8/3 904/8/3
f 931/7/3 903/7/3 930/7/3
f 931/8/3 904/8/3 903/8/3
f 932/7/3 906/7/3 905/7/3
f 932/8/3 905/8/3 931/8/3
f 933/8/3 907/8/3 906/8/3
f 933/7/3 906/7/3 932/7/3
f 934/7/3 908/7/3 907/7/3
f 934/8/3 907/8/3 933/8/3
f 935/15/3 909/15/3 908/15/3
f 935/7/3 908/7/3 934/7/3
f 936/7/3 910/7/3 909/7/3
f 936/15/3 909/15/3 935/15/3
f 937/8/3 911/8/3 910/8/3
f 937/7/3 910/7/3 936/7/3
f 938/15/3 912/15/3 911/15/3
f 938/8/3 911/8/3 937/8/3
f 939/8/3 913/8/3 912/8/3
f 939/15/3 912/15/3 938/15/3
f 939/8/3 914/8/3 913/8/3
f 940/8/3 914/8/3 939/8/3
f 941/7/3 915/7/3 914/7/3
f 941/8/3 914/8/3 940/8/3
f 942/15/3 916/15/3 915/15/3
f 942/7/3 915/7/3 941/7/3
f 943/15/3 916/15/3 942/15/3
f 944/6/3 917/6/3 916/6/3
f 944/15/3 916/15/3 943/15/3
f 945/7/3 918/7/3 917/7/3
f 945/6/3 917/6/3 944/6/3
f 946/8/3 919/8/3 918/8/3
f 946/7/3 918/7/3 945/7/3
f 947/8/3 919/8/3 946/8/3
f 948/24/3 922/24/3 921/24/3
f 949/23/3 923/23/3 922/23/3
f 949/24/3 922/24/3 948/24/3
f 950/24/3 924/24/3 923/24/3
f 950/23/3 923/23/3 949/23/3
f 951/24/3 924/24/3 950/24/3
f 952/8/3 929/8/3 928/8/3
f 953/7/3 930/7/3 929/7/3
f 953/8/3 929/8/3 952/8/3
f 954/8/3 931/8/3 930/8/3
f 954/7/3 930/7/3 953/7/3
f 955/7/3 932/7/3 931/7/3
f 955/8/3 931/8/3 954/8/3
f 956/8/3 933/8/3 932/8/3
f 956/7/3 932/7/3 955/7/3
f 957/15/3 935/15/3 934/15/3
f 957/8/3 933/8/3 956/8/3
f 957/15/3 934/15/3 933/15/3
f 958/7/3 936/7/3 935/7/3
f 958/15/3 935/15/3 957/15/3
f 959/8/3 937/8/3 936/8/3
f 959/7/3 936/7/3 958/7/3
f 960/7/3 938/7/3 937/7/3
f 960/8/3 937/8/3 959/8/3
f 961/8/3 939/8/3 938/8/3
f 961/7/3 938/7/3 960/7/3
f 962/7/3 940/7/3 939/7/3
f 962/8/3 939/8/3 961/8/3
f 963/15/3 941/15/3 940/15/3
f 963/7/3 940/7/3 962/7/3
f 964/6/3 942/6/3 941/6/3
f 964/15/3 941/15/3 963/15/3
f 965/7/3 943/7/3 942/7/3
f 965/6/3 942/6/3 964/6/3
f 966/8/3 944/8/3 943/8/3
f 966/7/3 943/7/3 965/7/3
f 966/8/3 945/8/3 944/8/3
f 967/8/3 945/8/3 966/8/3
f 968/24/3 950/24/3 949/24/3
f 969/24/3 950/24/3 968/24/3
f 970/7/3 955/7/3 954/7/3
f 971/8/3 956/8/3 955/8/3
f 971/7/3 955/7/3 970/7/3
f 972/15/3 957/15/3 956/15/3
f 972/8/3 956/8/3 971/8/3
f 973/7/3 958/7/3 957/7/3
f 973/15/3 957/15/3 972/15/3
f 974/7/3 958/7/3 973/7/3
f 975/8/3 959/8/3 958/8/3
f 975/7/3 958/7/3 974/7/3
f 976/7/3 960/7/3 959/7/3
f 976/8/3 959/8/3 975/8/3
f 977/6/3 961/6/3 960/6/3
f 977/7/3 960/7/3 976/7/3
f 978/7/3 962/7/3 961/7/3
f 978/6/3 961/6/3 977/6/3
f 979/15/3 963/15/3 962/15/3
f 979/7/3 962/7/3 978/7/3
f 980/7/3 964/7/3 963/7/3
f 980/15/3 963/15/3 979/15/3
f 981/8/3 965/8/3 964/8/3
f 981/7/3 964/7/3 980/7/3
f 982/8/3 965/8/3 981/8/3
f 983/8/3 954/8/3 953/8/3
f 984/7/3 970/7/3 954/7/3
f 984/8/3 954/8/3 983/8/3
f 985/15/3 971/15/3 970/15/3
f 985/7/3 970/7/3 984/7/3
f 986/7/3 972/7/3 971/7/3
f 986/15/3 971/15/3 985/15/3
f 986/7/3 974/7/3 973/7/3
f 986/7/3 973/7/3 972/7/3
f 987/7/3 974/7/3 986/7/3
f 988/7/3 974/7/3 987/7/3
f 989/8/3 975/8/3 974/8/3
f 989/7/3 974/7/3 988/7/3
f 990/7/3 976/7/3 975/7/3
f 990/8/3 975/8/3 989/8/3
f 991/15/3 977/15/3 976/15/3
f 991/7/3 976/7/3 990/7/3
f 992/8/3 978/8/3 977/8/3
f 992/15/3 977/15/3 991/15/3
f 993/15/3 979/15/3 978/15/3
f 993/8/3 978/8/3 992/8/3
f 994/8/3 980/8/3 979/8/3
f 994/15/3 979/15/3 993/15/3
f 995/8/3 980/8/3 994/8/3
f 996/8/3 985/8/3 984/8/3
f 996/8/3 986/8/3 985/8/3
f 997/8/3 986/8/3 996/8/3
f 998/7/3 987/7/3 986/7/3
f 998/8/3 986/8/3 997/8/3
f 999/15/3 988/15/3 987/15/3
f 999/7/3 987/7/3 998/7/3
f 1000/8/3 989/8/3 988/8/3
f 1000/15/3 988/15/3 999/15/3
f 1001/8/3 989/8/3 1000/8/3
f 1002/15/3 990/15/3 989/15/3
f 1002/8/3 989/8/3 1001/8/3
f 1002/15/3 991/15/3 990/15/3
f 1003/15/3 991/15/3 1002/15/3
f 1004/8/3 992/8/3 991/8/3
f 1004/15/3 991/15/3 1003/15/3
f 1005/7/3 993/7/3 992/7/3
f 1005/8/3 992/8/3 1004/8/3
f 1006/8/3 994/8/3 993/8/3
f 1006/7/3 993/7/3 1005/7/3
f 1007/8/3 994/8/3 1006/8/3
f 1008/8/3 998/8/3 997/8/3
f 1008/8/3 999/8/3 998/8/3
f 1008/8/3 1001/8/3 1000/8/3
f 1008/8/3 1000/8/3 999/8/3
f 1009/8/3 1001/8/3 1008/8/3
f 1010/8/3 1001/8/3 1009/8/3
f 1011/8/3 1001/8/3 1010/8/3
f 1012/15/3 1002/15/3 1001/15/3
f 1012/8/3 1001/8/3 1011/8/3
f 1013/6/3 1003/6/3 1002/6/3
f 1013/15/3 1002/15/3 1012/15/3
f 1014/8/3 1004/8/3 1003/8/3
f 1014/6/3 1003/6/3 1013/6/3
f 1015/15/3 1005/15/3 1004/15/3
f 1015/8/3 1004/8/3 1014/8/3
f 1016/8/3 1006/8/3 1005/8/3
f 1016/15/3 1005/15/3 1015/15/3
f 1017/8/3 1006/8/3 1016/8/3
f 1018/8/3 1010/8/3 1009/8/3
f 1019/15/3 1011/15/3 1010/15/3
f 1019/8/3 1010/8/3 1018/8/3
f 1020/6/3 1013/6/3 1012/6/3
f 1020/15/3 1011/15/3 1019/15/3
f 1020/6/3 1012/6/3 1011/6/3
f 1021/8/3 1014/8/3 1013/8/3
f 1021/6/3 1013/6/3 1020/6/3
f 1022/7/3 1015/7/3 1014/7/3
f 1022/8/3 1014/8/3 1021/8/3
f 1023/8/3 1016/8/3 1015/8/3
f 1023/7/3 1015/7/3 1022/7/3
f 1024/8/3 1016/8/3 1023/8/3
f 1025/8/3 1021/8/3 1020/8/3
f 1025/8/3 1020/8/3 1019/8/3
f 1026/8/3 1021/8/3 1025/8/3
f 1027/15/3 1022/15/3 1021/15/3
f 1027/8/3 1021/8/3 1026/8/3
f 1028/8/3 1023/8/3 1022/8/3
f 1028/15/3 1022/15/3 1027/15/3
f 1029/8/3 1023/8/3 1028/8/3
f 1030/8/3 1027/8/3 1026/8/3
f 1030/8/3 1028/8/3 1027/8/3
f 1031/8/3 1028/8/3 1030/8/3
f 1034/4/3 1033/4/3 1032/4/3
f 1035/4/3 1033/4/3 1034/4/3
f 1036/6/4 1037/6/4 1038/6/4
f 1038/6/4 1037/6/4 1039/6/4
f 1038/15/4 1039/15/4 1043/15/4
f 1039/6/4 1040/6/4 1044/6/4
f 1043/15/4 1039/15/4 1044/15/4
f 1040/15/4 1041/15/4 1045/15/4
f 1044/6/4 1040/6/4 1045/6/4
f 1045/15/4 1041/15/4 1046/15/4
f 1046/15/4 1041/15/4 1047/15/4
f 1042/8/4 1043/8/4 1050/8/4
f 1043/7/4 1044/7/4 1051/7/4
f 1044/7/4 1045/7/4 1051/7/4
f 1050/8/4 1043/8/4 1051/8/4
f 1051/7/4 1045/7/4 1052/7/4
f 1045/15/4 1046/15/4 1053/15/4
f 1052/7/4 1045/7/4 1053/7/4
f 1046/6/4 1047/6/4 1054/6/4
f 1053/15/4 1046/15/4 1054/15/4
f 1047/15/4 1048/15/4 1055/15/4
f 1054/6/4 1047/6/4 1055/6/4
f 1055/15/4 1048/15/4 1056/15/4
f 1049/7/4 1050/7/4 1067/7/4
f 1067/7/4 1050/7/4 1068/7/4
f 1051/15/4 1052/15/4 1069/15/4
f 1068/7/4 1050/7/4 1069/7/4
f 1050/15/4 1051/15/4 1069/15/4
f 1069/15/4 1052/15/4 1070/15/4
f 1052/8/4 1053/8/4 1071/8/4
f 1070/15/4 1052/15/4 1071/15/4
f 1053/7/4 1054/7/4 1072/7/4
f 1071/8/4 1053/8/4 1072/8/4
f 1054/15/4 1055/15/4 1073/15/4
f 1072/7/4 1054/7/4 1073/7/4
f 1073/15/4 1055/15/4 1074/15/4
f 1055/6/4 1056/6/4 1075/6/4
f 1074/15/4 1055/15/4 1075/15/4
f 1056/7/4 1057/7/4 1076/7/4
f 1075/6/4 1056/6/4 1076/6/4
f 1076/7/4 1057/7/4 1077/7/4
f 1058/19/4 1059/19/4 1079/19/4
f 1079/19/4 1059/19/4 1080/19/4
f 1059/4/4 1060/4/4 1081/4/4
f 1080/19/4 1059/19/4 1081/19/4
f 1060/13/4 1061/13/4 1082/13/4
f 1081/4/4 1060/4/4 1082/4/4
f 1061/5/4 1062/5/4 1083/5/4
f 1082/13/4 1061/13/4 1083/13/4
f 1083/5/4 1062/5/4 1084/5/4
f 1062/7/4 1063/7/4 1085/7/4
f 1084/5/4 1062/5/4 1085/5/4
f 1085/7/4 1063/7/4 1086/7/4
f 1063/15/4 1064/15/4 1087/15/4
f 1086/7/4 1063/7/4 1087/7/4
f 1087/15/4 1064/15/4 1088/15/4
f 1065/3/4 1066/3/4 1092/3/4
f 1092/3/4 1066/3/4 1093/3/4
f 1066/1/4 1067/1/4 1094/1/4
f 1093/3/4 1066/3/4 1094/3/4
f 1067/13/4 1068/13/4 1095/13/4
f 1094/1/4 1067/1/4 1095/1/4
f 1069/8/4 1070/8/4 1096/8/4
f 1095/13/4 1068/13/4 1096/13/4
f 1068/8/4 1069/8/4 1096/8/4
f 1096/8/4 1070/8/4 1097/8/4
f 1070/7/4 1071/7/4 1098/7/4
f 1097/8/4 1070/8/4 1098/8/4
f 1071/15/4 1072/15/4 1099/15/4
f 1098/7/4 1071/7/4 1099/7/4
f 1073/6/4 1074/6/4 1100/6/4
f 1099/15/4 1072/15/4 1100/15/4
f 1072/6/4 1073/6/4 1100/6/4
f 1100/6/4 1074/6/4 1101/6/4
f 1074/14/4 1075/14/4 1102/14/4
f 1101/6/4 1074/6/4 1102/6/4
f 1075/15/4 1076/15/4 1103/15/4
f 1102/14/4 1075/14/4 1103/14/4
f 1076/6/4 1077/6/4 1104/6/4
f 1103/15/4 1076/15/4 1104/15/4
f 1077/15/4 1078/15/4 1105/15/4
f 1104/6/4 1077/6/4 1105/6/4
f 1105/15/4 1078/15/4 1106/15/4
f 1079/4/4 1080/4/4 1109/4/4
f 1080/13/4 1081/13/4 1110/13/4
f 1109/4/4 1080/4/4 1110/4/4
f 1081/19/4 1082/19/4 1111/19/4
f 1110/13/4 1081/13/4 1111/13/4
f 1082/19/4 1083/19/4 1111/19/4
f 1111/19/4 1083/19/4 1112/19/4
f 1083/3/4 1084/3/4 1113/3/4
f 1112/19/4 1083/19/4 1113/19/4
f 1084/13/4 1085/13/4 1114/13/4
f 1113/3/4 1084/3/4 1114/3/4
f 1085/5/4 1086/5/4 1115/5/4
f 1114/13/4 1085/13/4 1115/13/4
f 1086/27/4 1087/27/4 1116/27/4
f 1115/5/4 1086/5/4 1116/5/4
f 1087/27/4 1088/27/4 1116/27/4
f 1088/27/4 1089/27/4 1116/27/4
f 1116/27/4 1089/27/4 1117/27/4
f 1089/7/4 1090/7/4 1118/7/4
f 1117/27/4 1089/27/4 1118/27/4
f 1118/7/4 1090/7/4 1119/7/4
f 1091/13/4 1092/13/4 1121/13/4
f 1092/2/4 1093/2/4 1122/2/4
f 1121/13/4 1092/13/4 1122/13/4
f 1093/9/4 1094/9/4 1123/9/4
f 1122/2/4 1093/2/4 1123/2/4
f 1094/9/4 1095/9/4 1123/9/4
f 1095/9/4 1096/9/4 1123/9/4
f 1123/9/4 1096/9/4 1124/9/4
f 1096/3/4 1097/3/4 1125/3/4
f 1124/9/4 1096/9/4 1125/9/4
f 1097/7/4 1098/7/4 1126/7/4
f 1125/3/4 1097/3/4 1126/3/4
f 1098/15/4 1099/15/4 1127/15/4
f 1126/7/4 1098/7/4 1127/7/4
f 1100/6/4 1101/6/4 1128/6/4
f 1127/15/4 1099/15/4 1128/15/4
f 1099/6/4 1100/6/4 1128/6/4
f 1101/15/4 1102/15/4 1129/15/4
f 1128/6/4 1101/6/4 1129/6/4
f 1102/15/4 1103/15/4 1129/15/4
f 1129/15/4 1103/15/4 1130/15/4
f 1103/14/4 1104/14/4 1131/14/4
f 1130/15/4 1103/15/4 1131/15/4
f 1104/15/4 1105/15/4 1132/15/4
f 1131/14/4 1104/14/4 1132/14/4
f 1105/6/4 1106/6/4 1133/6/4
f 1132/15/4 1105/15/4 1133/15/4
f 1106/15/4 1107/15/4 1134/15/4
f 1133/6/4 1106/6/4 1134/6/4
f 1134/15/4 1107/15/4 1135/15/4
f 1108/13/4 1109/13/4 1138/13/4
f 1109/13/4 1110/13/4 1138/13/4
f 1138/13/4 1110/13/4 1139/13/4
f 1110/4/4 1111/4/4 1140/4/4
f 1139/13/4 1110/13/4 1140/13/4
f 1111/20/4 1112/20/4 1141/20/4
f 1140/4/4 1111/4/4 1141/4/4
f 1112/13/4 1113/13/4 1142/13/4
f 1141/20/4 1112/20/4 1142/20/4
f 1113/19/4 1114/19/4 1143/19/4
f 1142/13/4 1113/13/4 1143/13/4
f 1114/4/4 1115/4/4 1144/4/4
f 1143/19/4 1114/19/4 1144/19/4
f 1115/27/4 1116/27/4 1145/27/4
f 1144/4/4 1115/4/4 1145/4/4
f 1116/26/4 1117/26/4 1146/26/4
f 1145/27/4 1116/27/4 1146/27/4
f 1146/26/4 1117/26/4 1147/26/4
f 1117/23/4 1118/23/4 1148/23/4
f 1147/26/4 1117/26/4 1148/26/4
f 1118/27/4 1119/27/4 1149/27/4
f 1148/23/4 1118/23/4 1149/23/4
f 1119/7/4 1120/7/4 1150/7/4
f 1149/27/4 1119/27/4 1150/27/4
f 1120/13/4 1121/13/4 1151/13/4
f 1150/7/4 1120/7/4 1151/7/4
f 1121/9/4 1122/9/4 1152/9/4
f 1122/9/4 1123/9/4 1152/9/4
f 1123/10/4 1124/10/4 1153/10/4
f 1152/9/4 1123/9/4 1153/9/4
f 1153/10/4 1124/10/4 1154/10/4
f 1124/9/4 1125/9/4 1155/9/4
f 1154/10/4 1124/10/4 1155/10/4
f 1125/9/4 1126/9/4 1155/9/4
f 1155/9/4 1126/9/4 1156/9/4
f 1126/3/4 1127/3/4 1157/3/4
f 1156/9/4 1126/9/4 1157/9/4
f 1127/5/4 1128/5/4 1158/5/4
f 1157/3/4 1127/3/4 1158/3/4
f 1128/7/4 1129/7/4 1159/7/4
f 1158/5/4 1128/5/4 1159/5/4
f 1159/7/4 1129/7/4 1160/7/4
f 1129/15/4 1130/15/4 1161/15/4
f 1160/7/4 1129/7/4 1161/7/4
f 1132/6/4 1133/6/4 1162/6/4
f 1161/15/4 1130/15/4 1162/15/4
f 1131/6/4 1132/6/4 1162/6/4
f 1130/6/4 1131/6/4 1162/6/4
f 1162/6/4 1133/6/4 1163/6/4
f 1163/6/4 1133/6/4 1164/6/4
f 1133/15/4 1134/15/4 1165/15/4
f 1164/6/4 1133/6/4 1165/6/4
f 1134/6/4 1135/6/4 1166/6/4
f 1165/15/4 1134/15/4 1166/15/4
f 1135/7/4 1136/7/4 1167/7/4
f 1166/6/4 1135/6/4 1167/6/4
f 1137/13/4 1138/13/4 1169/13/4
f 1138/9/4 1139/9/4 1170/9/4
f 1169/13/4 1138/13/4 1170/13/4
f 1139/2/4 1140/2/4 1171/2/4
f 1170/9/4 1139/9/4 1171/9/4
f 1140/19/4 1141/19/4 1172/19/4
f 1171/2/4 1140/2/4 1172/2/4
f 1141/13/4 1142/13/4 1173/13/4
f 1172/19/4 1141/19/4 1173/19/4
f 1142/19/4 1143/19/4 1174/19/4
f 1173/13/4 1142/13/4 1174/13/4
f 1143/4/4 1144/4/4 1175/4/4
f 1174/19/4 1143/19/4 1175/19/4
f 1144/27/4 1145/27/4 1176/27/4
f 1175/4/4 1144/4/4 1176/4/4
f 1145/27/4 1146/27/4 1176/27/4
f 1176/27/4 1146/27/4 1177/27/4
f 1146/23/4 1147/23/4 1178/23/4
f 1177/27/4 1146/27/4 1178/27/4
f 1149/27/4 1150/27/4 1179/27/4
f 1178/23/4 1147/23/4 1179/23/4
f 1148/27/4 1149/27/4 1179/27/4
f 1147/27/4 1148/27/4 1179/27/4
f 1150/27/4 1151/27/4 1179/27/4
f 1179/27/4 1151/27/4 1180/27/4
f 1180/27/4 1151/27/4 1181/27/4
f 1181/27/4 1151/27/4 1182/27/4
f 1151/13/4 1121/13/4 1183/13/4
f 1182/27/4 1151/27/4 1183/27/4
f 1121/9/4 1152/9/4 1184/9/4
f 1183/13/4 1121/13/4 1184/13/4
f 1152/10/4 1153/10/4 1185/10/4
f 1184/9/4 1152/9/4 1185/9/4
f 1153/3/4 1154/3/4 1186/3/4
f 1185/10/4 1153/10/4 1186/10/4
f 1154/5/4 1155/5/4 1187/5/4
f 1186/3/4 1154/3/4 1187/3/4
f 1155/4/4 1156/4/4 1188/4/4
f 1187/5/4 1155/5/4 1188/5/4
f 1156/16/4 1157/16/4 1189/16/4
f 1188/4/4 1156/4/4 1189/4/4
f 1157/16/4 1158/16/4 1189/16/4
f 1189/16/4 1158/16/4 1190/16/4
f 1158/1/4 1159/1/4 1191/1/4
f 1190/16/4 1158/16/4 1191/16/4
f 1159/3/4 1160/3/4 1192/3/4
f 1191/1/4 1159/1/4 1192/1/4
f 1160/5/4 1161/5/4 1193/5/4
f 1192/3/4 1160/3/4 1193/3/4
f 1161/8/4 1162/8/4 1194/8/4
f 1193/5/4 1161/5/4 1194/5/4
f 1162/7/4 1163/7/4 1195/7/4
f 1194/8/4 1162/8/4 1195/8/4
f 1163/15/4 1164/15/4 1196/15/4
f 1195/7/4 1163/7/4 1196/7/4
f 1164/14/4 1165/14/4 1197/14/4
f 1196/15/4 1164/15/4 1197/15/4
f 1165/6/4 1166/6/4 1198/6/4
f 1197/14/4 1165/14/4 1198/14/4
f 1166/15/4 1167/15/4 1199/15/4
f 1198/6/4 1166/6/4 1199/6/4
f 1167/7/4 1136/7/4 1200/7/4
f 1199/15/4 1167/15/4 1200/15/4
f 1200/7/4 1136/7/4 1201/7/4
f 1168/20/4 1169/20/4 1203/20/4
f 1169/21/4 1170/21/4 1204/21/4
f 1203/20/4 1169/20/4 1204/20/4
f 1170/13/4 1171/13/4 1205/13/4
f 1204/21/4 1170/21/4 1205/21/4
f 1171/3/4 1172/3/4 1206/3/4
f 1205/13/4 1171/13/4 1206/13/4
f 1172/4/4 1173/4/4 1207/4/4
f 1206/3/4 1172/3/4 1207/3/4
f 1173/20/4 1174/20/4 1208/20/4
f 1207/4/4 1173/4/4 1208/4/4
f 1174/4/4 1175/4/4 1209/4/4
f 1208/20/4 1174/20/4 1209/20/4
f 1175/27/4 1176/27/4 1210/27/4
f 1209/4/4 1175/4/4 1210/4/4
f 1176/26/4 1177/26/4 1211/26/4
f 1210/27/4 1176/27/4 1211/27/4
f 1177/23/4 1178/23/4 1212/23/4
f 1211/26/4 1177/26/4 1212/26/4
f 1178/27/4 1179/27/4 1213/27/4
f 1212/23/4 1178/23/4 1213/23/4
f 1179/27/4 1180/27/4 1213/27/4
f 1213/27/4 1180/27/4 1214/27/4
f 1180/18/4 1181/18/4 1215/18/4
f 1214/27/4 1180/27/4 1215/27/4
f 1181/25/4 1182/25/4 1216/25/4
f 1215/18/4 1181/18/4 1216/18/4
f 1182/27/4 1183/27/4 1217/27/4
f 1216/25/4 1182/25/4 1217/25/4
f 1183/5/4 1184/5/4 1218/5/4
f 1217/27/4 1183/27/4 1218/27/4
f 1184/1/4 1185/1/4 1219/1/4
f 1218/5/4 1184/5/4 1219/5/4
f 1185/10/4 1186/10/4 1220/10/4
f 1219/1/4 1185/1/4 1220/1/4
f 1186/2/4 1187/2/4 1221/2/4
f 1220/10/4 1186/10/4 1221/10/4
f 1187/3/4 1188/3/4 1222/3/4
f 1221/2/4 1187/2/4 1222/2/4
f 1188/5/4 1189/5/4 1223/5/4
f 1222/3/4 1188/3/4 1223/3/4
f 1189/1/4 1190/1/4 1224/1/4
f 1223/5/4 1189/5/4 1224/5/4
f 1190/16/4 1191/16/4 1225/16/4
f 1224/1/4 1190/1/4 1225/1/4
f 1191/3/4 1192/3/4 1226/3/4
f 1225/16/4 1191/16/4 1226/16/4
f 1193/8/4 1194/8/4 1227/8/4
f 1226/3/4 1192/3/4 1227/3/4
f 1192/8/4 1193/8/4 1227/8/4
f 1227/8/4 1194/8/4 1228/8/4
f 1194/15/4 1195/15/4 1229/15/4
f 1228/8/4 1194/8/4 1229/8/4
f 1195/6/4 1196/6/4 1230/6/4
f 1229/15/4 1195/15/4 1230/15/4
f 1196/14/4 1197/14/4 1231/14/4
f 1197/15/4 1198/15/4 1231/15/4
f 1198/15/4 1199/15/4 1231/15/4
f 1231/15/4 1199/15/4 1232/15/4
f 1199/6/4 1200/6/4 1233/6/4
f 1232/15/4 1199/15/4 1233/15/4
f 1200/15/4 1201/15/4 1234/15/4
f 1233/6/4 1200/6/4 1234/6/4
f 1204/20/4 1205/20/4 1235/20/4
f 1203/4/4 1204/4/4 1235/4/4
f 1205/19/4 1206/19/4 1236/19/4
f 1235/20/4 1205/20/4 1236/20/4
f 1206/4/4 1207/4/4 1237/4/4
f 1236/19/4 1206/19/4 1237/19/4
f 1207/19/4 1208/19/4 1238/19/4
f 1237/4/4 1207/4/4 1238/4/4
f 1208/19/4 1209/19/4 1238/19/4
f 1209/19/4 1210/19/4 1238/19/4
f 1238/19/4 1210/19/4 1239/19/4
f 1239/19/4 1210/19/4 1240/19/4
f 1210/22/4 1211/22/4 1241/22/4
f 1240/19/4 1210/19/4 1241/19/4
f 1211/27/4 1212/27/4 1242/27/4
f 1241/22/4 1211/22/4 1242/22/4
f 1213/23/4 1214/23/4 1243/23/4
f 1242/27/4 1212/27/4 1243/27/4
f 1212/23/4 1213/23/4 1243/23/4
f 1243/23/4 1214/23/4 1244/23/4
f 1214/27/4 1215/27/4 1245/27/4
f 1244/23/4 1214/23/4 1245/23/4
f 1215/17/4 1216/17/4 1246/17/4
f 1245/27/4 1215/27/4 1246/27/4
f 1216/27/4 1217/27/4 1247/27/4
f 1246/17/4 1216/17/4 1247/17/4
f 1217/1/4 1218/1/4 1248/1/4
f 1247/27/4 1217/27/4 1248/27/4
f 1218/5/4 1219/5/4 1249/5/4
f 1248/1/4 1218/1/4 1249/1/4
f 1219/7/4 1220/7/4 1250/7/4
f 1249/5/4 1219/5/4 1250/5/4
f 1220/1/4 1221/1/4 1251/1/4
f 1250/7/4 1220/7/4 1251/7/4
f 1222/10/4 1223/10/4 1252/10/4
f 1251/1/4 1221/1/4 1252/1/4
f 1221/10/4 1222/10/4 1252/10/4
f 1223/1/4 1224/1/4 1253/1/4
f 1252/10/4 1223/10/4 1253/10/4
f 1224/16/4 1225/16/4 1254/16/4
f 1253/1/4 1224/1/4 1254/1/4
f 1225/8/4 1226/8/4 1255/8/4
f 1254/16/4 1225/16/4 1255/16/4
f 1226/8/4 1227/8/4 1255/8/4
f 1227/13/4 1228/13/4 1256/13/4
f 1255/8/4 1227/8/4 1256/8/4
f 1228/7/4 1229/7/4 1257/7/4
f 1256/13/4 1228/13/4 1257/13/4
f 1229/13/4 1230/13/4 1258/13/4
f 1257/7/4 1229/7/4 1258/7/4
f 1230/6/4 1196/6/4 1259/6/4
f 1258/13/4 1230/13/4 1259/13/4
f 1196/14/4 1231/14/4 1260/14/4
f 1259/6/4 1196/6/4 1260/6/4
f 1231/14/4 1232/14/4 1260/14/4
f 1232/6/4 1233/6/4 1261/6/4
f 1260/14/4 1232/14/4 1261/14/4
f 1234/15/4 1201/15/4 1262/15/4
f 1233/15/4 1234/15/4 1262/15/4
f 1201/7/4 1202/7/4 1263/7/4
f 1262/15/4 1201/15/4 1263/15/4
f 1263/7/4 1202/7/4 1264/7/4
f 1236/4/4 1237/4/4 1265/4/4
f 1203/4/4 1235/4/4 1265/4/4
f 1235/4/4 1236/4/4 1265/4/4
f 1265/4/4 1237/4/4 1266/4/4
f 1266/4/4 1237/4/4 1267/4/4
f 1237/19/4 1238/19/4 1268/19/4
f 1267/4/4 1237/4/4 1268/4/4
f 1238/19/4 1239/19/4 1268/19/4
f 1268/19/4 1239/19/4 1269/19/4
f 1239/20/4 1240/20/4 1270/20/4
f 1269/19/4 1239/19/4 1270/19/4
f 1240/19/4 1241/19/4 1271/19/4
f 1270/20/4 1240/20/4 1271/20/4
f 1242/27/4 1243/27/4 1272/27/4
f 1271/19/4 1241/19/4 1272/19/4
f 1241/27/4 1242/27/4 1272/27/4
f 1272/27/4 1243/27/4 1273/27/4
f 1243/26/4 1244/26/4 1274/26/4
f 1273/27/4 1243/27/4 1274/27/4
f 1244/27/4 1245/27/4 1275/27/4
f 1274/26/4 1244/26/4 1275/26/4
f 1245/23/4 1246/23/4 1276/23/4
f 1275/27/4 1245/27/4 1276/27/4
f 1246/27/4 1247/27/4 1277/27/4
f 1276/23/4 1246/23/4 1277/23/4
f 1248/11/4 1249/11/4 1278/11/4
f 1277/27/4 1247/27/4 1278/27/4
f 1247/11/4 1248/11/4 1278/11/4
f 1278/11/4 1249/11/4 1279/11/4
f 1249/7/4 1250/7/4 1280/7/4
f 1279/11/4 1249/11/4 1280/11/4
f 1250/6/4 1251/6/4 1281/6/4
f 1280/7/4 1250/7/4 1281/7/4
f 1251/7/4 1252/7/4 1282/7/4
f 1281/6/4 1251/6/4 1282/6/4
f 1252/7/4 1253/7/4 1282/7/4
f 1282/7/4 1253/7/4 1283/7/4
f 1253/8/4 1254/8/4 1284/8/4
f 1283/7/4 1253/7/4 1284/7/4
f 1254/8/4 1255/8/4 1284/8/4
f 1255/7/4 1256/7/4 1285/7/4
f 1284/8/4 1255/8/4 1285/8/4
f 1256/5/4 1257/5/4 1286/5/4
f 1285/7/4 1256/7/4 1286/7/4
f 1257/15/4 1258/15/4 1287/15/4
f 1258/5/4 1259/5/4 1287/5/4
f 1260/6/4 1261/6/4 1288/6/4
f 1287/5/4 1259/5/4 1288/5/4
f 1259/6/4 1260/6/4 1288/6/4
f 1288/6/4 1261/6/4 1289/6/4
f 1289/6/4 1261/6/4 1290/6/4
f 1261/6/4 1233/6/4 1291/6/4
f 1290/6/4 1261/6/4 1291/6/4
f 1233/15/4 1262/15/4 1291/15/4
f 1263/15/4 1264/15/4 1292/15/4
f 1262/6/4 1263/6/4 1292/6/4
f 1292/15/4 1264/15/4 1293/15/4
f 1265/19/4 1266/19/4 1295/19/4
f 1266/9/4 1267/9/4 1296/9/4
f 1295/19/4 1266/19/4 1296/19/4
f 1267/19/4 1268/19/4 1297/19/4
f 1296/9/4 1267/9/4 1297/9/4
f 1268/4/4 1269/4/4 1298/4/4
f 1297/19/4 1268/19/4 1298/19/4
f 1269/20/4 1270/20/4 1299/20/4
f 1298/4/4 1269/4/4 1299/4/4
f 1270/19/4 1271/19/4 1300/19/4
f 1299/20/4 1270/20/4 1300/20/4
f 1271/4/4 1272/4/4 1301/4/4
f 1300/19/4 1271/19/4 1301/19/4
f 1272/27/4 1273/27/4 1302/27/4
f 1301/4/4 1272/4/4 1302/4/4
f 1273/22/4 1274/22/4 1303/22/4
f 1302/27/4 1273/27/4 1303/27/4
f 1274/27/4 1275/27/4 1304/27/4
f 1303/22/4 1274/22/4 1304/22/4
f 1275/23/4 1276/23/4 1305/23/4
f 1304/27/4 1275/27/4 1305/27/4
f 1276/27/4 1277/27/4 1306/27/4
f 1305/23/4 1276/23/4 1306/23/4
f 1277/23/4 1278/23/4 1307/23/4
f 1306/27/4 1277/27/4 1307/27/4
f 1278/27/4 1279/27/4 1308/27/4
f 1307/23/4 1278/23/4 1308/23/4
f 1279/11/4 1280/11/4 1309/11/4
f 1308/27/4 1279/27/4 1309/27/4
f 1280/8/4 1281/8/4 1310/8/4
f 1309/11/4 1280/11/4 1310/11/4
f 1281/7/4 1282/7/4 1311/7/4
f 1310/8/4 1281/8/4 1311/8/4
f 1282/6/4 1283/6/4 1312/6/4
f 1311/7/4 1282/7/4 1312/7/4
f 1283/14/4 1284/14/4 1313/14/4
f 1312/6/4 1283/6/4 1313/6/4
f 1284/7/4 1285/7/4 1314/7/4
f 1313/14/4 1284/14/4 1314/14/4
f 1314/7/4 1285/7/4 1315/7/4
f 1285/6/4 1286/6/4 1316/6/4
f 1315/7/4 1285/7/4 1316/7/4
f 1286/5/4 1257/5/4 1317/5/4
f 1316/6/4 1286/6/4 1317/6/4
f 1257/15/4 1287/15/4 1318/15/4
f 1317/5/4 1257/5/4 1318/5/4
f 1287/13/4 1288/13/4 1319/13/4
f 1318/15/4 1287/15/4 1319/15/4
f 1288/15/4 1289/15/4 1320/15/4
f 1319/13/4 1288/13/4 1320/13/4
f 1289/6/4 1290/6/4 1321/6/4
f 1320/15/4 1289/15/4 1321/15/4
f 1290/15/4 1291/15/4 1322/15/4
f 1321/6/4 1290/6/4 1322/6/4
f 1322/15/4 1291/15/4 1323/15/4
f 1291/15/4 1262/15/4 1324/15/4
f 1323/15/4 1291/15/4 1324/15/4
f 1262/6/4 1292/6/4 1325/6/4
f 1324/15/4 1262/15/4 1325/15/4
f 1292/6/4 1293/6/4 1325/6/4
f 1325/6/4 1293/6/4 1326/6/4
f 1326/6/4 1293/6/4 1327/6/4
f 1294/4/4 1295/4/4 1329/4/4
f 1295/13/4 1296/13/4 1330/13/4
f 1329/4/4 1295/4/4 1330/4/4
f 1296/10/4 1297/10/4 1331/10/4
f 1330/13/4 1296/13/4 1331/13/4
f 1297/4/4 1298/4/4 1332/4/4
f 1331/10/4 1297/10/4 1332/10/4
f 1298/20/4 1299/20/4 1333/20/4
f 1332/4/4 1298/4/4 1333/4/4
f 1301/19/4 1302/19/4 1334/19/4
f 1333/20/4 1299/20/4 1334/20/4
f 1300/19/4 1301/19/4 1334/19/4
f 1299/19/4 1300/19/4 1334/19/4
f 1334/19/4 1302/19/4 1335/19/4
f 1335/19/4 1302/19/4 1336/19/4
f 1302/20/4 1303/20/4 1337/20/4
f 1336/19/4 1302/19/4 1337/19/4
f 1303/27/4 1304/27/4 1338/27/4
f 1337/20/4 1303/20/4 1338/20/4
f 1304/26/4 1305/26/4 1339/26/4
f 1338/27/4 1304/27/4 1339/27/4
f 1305/27/4 1306/27/4 1340/27/4
f 1339/26/4 1305/26/4 1340/26/4
f 1306/23/4 1307/23/4 1341/23/4
f 1340/27/4 1306/27/4 1341/27/4
f 1307/27/4 1308/27/4 1342/27/4
f 1341/23/4 1307/23/4 1342/23/4
f 1308/23/4 1309/23/4 1343/23/4
f 1342/27/4 1308/27/4 1343/27/4
f 1309/27/4 1310/27/4 1344/27/4
f 1343/23/4 1309/23/4 1344/23/4
f 1310/12/4 1311/12/4 1345/12/4
f 1344/27/4 1310/27/4 1345/27/4
f 1311/7/4 1312/7/4 1346/7/4
f 1345/12/4 1311/12/4 1346/12/4
f 1312/7/4 1313/7/4 1346/7/4
f 1346/7/4 1313/7/4 1347/7/4
f 1313/6/4 1314/6/4 1348/6/4
f 1347/7/4 1313/7/4 1348/7/4
f 1348/6/4 1314/6/4 1349/6/4
f 1314/7/4 1315/7/4 1350/7/4
f 1349/6/4 1314/6/4 1350/6/4
f 1315/6/4 1316/6/4 1351/6/4
f 1350/7/4 1315/7/4 1351/7/4
f 1316/7/4 1317/7/4 1352/7/4
f 1351/6/4 1316/6/4 1352/6/4
f 1352/7/4 1317/7/4 1353/7/4
f 1317/15/4 1318/15/4 1354/15/4
f 1353/7/4 1317/7/4 1354/7/4
f 1319/7/4 1320/7/4 1355/7/4
f 1354/15/4 1318/15/4 1355/15/4
f 1318/7/4 1319/7/4 1355/7/4
f 1320/7/4 1321/7/4 1355/7/4
f 1321/15/4 1322/15/4 1356/15/4
f 1355/7/4 1321/7/4 1356/7/4
f 1322/14/4 1323/14/4 1357/14/4
f 1356/15/4 1322/15/4 1357/15/4
f 1323/15/4 1324/15/4 1358/15/4
f 1357/14/4 1323/14/4 1358/14/4
f 1324/6/4 1325/6/4 1359/6/4
f 1325/6/4 1326/6/4 1359/6/4
f 1326/15/4 1327/15/4 1360/15/4
f 1359/6/4 1326/6/4 1360/6/4
f 1360/15/4 1327/15/4 1361/15/4
f 1328/19/4 1329/19/4 1362/19/4
f 1329/1/4 1330/1/4 1363/1/4
f 1362/19/4 1329/19/4 1363/19/4
f 1330/5/4 1331/5/4 1364/5/4
f 1363/1/4 1330/1/4 1364/1/4
f 1331/3/4 1332/3/4 1365/3/4
f 1364/5/4 1331/5/4 1365/5/4
f 1332/4/4 1333/4/4 1366/4/4
f 1365/3/4 1332/3/4 1366/3/4
f 1333/19/4 1334/19/4 1367/19/4
f 1366/4/4 1333/4/4 1367/4/4
f 1334/20/4 1335/20/4 1368/20/4
f 1367/19/4 1334/19/4 1368/19/4
f 1335/19/4 1336/19/4 1369/19/4
f 1368/20/4 1335/20/4 1369/20/4
f 1336/20/4 1337/20/4 1370/20/4
f 1369/19/4 1336/19/4 1370/19/4
f 1337/19/4 1338/19/4 1371/19/4
f 1370/20/4 1337/20/4 1371/20/4
f 1338/20/4 1339/20/4 1372/20/4
f 1371/19/4 1338/19/4 1372/19/4
f 1339/27/4 1340/27/4 1373/27/4
f 1372/20/4 1339/20/4 1373/20/4
f 1341/26/4 1342/26/4 1374/26/4
f 1373/27/4 1340/27/4 1374/27/4
f 1340/26/4 1341/26/4 1374/26/4
f 1342/23/4 1343/23/4 1375/23/4
f 1374/26/4 1342/26/4 1375/26/4
f 1344/26/4 1345/26/4 1376/26/4
f 1375/23/4 1343/23/4 1376/23/4
f 1343/26/4 1344/26/4 1376/26/4
f 1376/26/4 1345/26/4 1377/26/4
f 1346/8/4 1347/8/4 1378/8/4
f 1377/26/4 1345/26/4 1378/26/4
f 1345/8/4 1346/8/4 1378/8/4
f 1378/8/4 1347/8/4 1379/8/4
f 1348/15/4 1349/15/4 1380/15/4
f 1379/8/4 1347/8/4 1380/8/4
f 1347/15/4 1348/15/4 1380/15/4
f 1349/6/4 1350/6/4 1381/6/4
f 1380/15/4 1349/15/4 1381/15/4
f 1350/6/4 1351/6/4 1381/6/4
f 1351/7/4 1352/7/4 1382/7/4
f 1381/6/4 1351/6/4 1382/6/4
f 1352/6/4 1353/6/4 1383/6/4
f 1382/7/4 1352/7/4 1383/7/4
f 1353/14/4 1354/14/4 1384/14/4
f 1383/6/4 1353/6/4 1384/6/4
f 1354/14/4 1355/14/4 1384/14/4
f 1355/6/4 1356/6/4 1385/6/4
f 1384/14/4 1355/14/4 1385/14/4
f 1385/6/4 1356/6/4 1386/6/4
f 1386/6/4 1356/6/4 1387/6/4
f 1356/14/4 1357/14/4 1388/14/4
f 1387/6/4 1356/6/4 1388/6/4
f 1357/6/4 1358/6/4 1389/6/4
f 1388/14/4 1357/14/4 1389/14/4
f 1358/15/4 1324/15/4 1390/15/4
f 1389/6/4 1358/6/4 1390/6/4
f 1324/6/4 1359/6/4 1391/6/4
f 1390/15/4 1324/15/4 1391/15/4
f 1359/15/4 1360/15/4 1392/15/4
f 1391/6/4 1359/6/4 1392/6/4
f 1364/19/4 1365/19/4 1393/19/4
f 1363/19/4 1364/19/4 1393/19/4
f 1366/4/4 1367/4/4 1394/4/4
f 1393/19/4 1365/19/4 1394/19/4
f 1365/4/4 1366/4/4 1394/4/4
f 1367/20/4 1368/20/4 1395/20/4
f 1394/4/4 1367/4/4 1395/4/4
f 1368/4/4 1369/4/4 1396/4/4
f 1395/20/4 1368/20/4 1396/20/4
f 1369/20/4 1370/20/4 1397/20/4
f 1396/4/4 1369/4/4 1397/4/4
f 1370/19/4 1371/19/4 1398/19/4
f 1397/20/4 1370/20/4 1398/20/4
f 1371/4/4 1372/4/4 1399/4/4
f 1398/19/4 1371/19/4 1399/19/4
f 1372/19/4 1373/19/4 1400/19/4
f 1399/4/4 1372/4/4 1400/4/4
f 1373/24/4 1374/24/4 1401/24/4
f 1400/19/4 1373/19/4 1401/19/4
f 1374/26/4 1375/26/4 1402/26/4
f 1401/24/4 1374/24/4 1402/24/4
f 1375/26/4 1376/26/4 1402/26/4
f 1376/26/4 1377/26/4 1402/26/4
f 1402/26/4 1377/26/4 1403/26/4
f 1403/26/4 1377/26/4 1404/26/4
f 1377/24/4 1378/24/4 1405/24/4
f 1404/26/4 1377/26/4 1405/26/4
f 1378/7/4 1379/7/4 1406/7/4
f 1405/24/4 1378/24/4 1406/24/4
f 1379/8/4 1380/8/4 1407/8/4
f 1406/7/4 1379/7/4 1407/7/4
f 1380/8/4 1381/8/4 1407/8/4
f 1407/8/4 1381/8/4 1408/8/4
f 1408/8/4 1381/8/4 1409/8/4
f 1381/7/4 1382/7/4 1410/7/4
f 1409/8/4 1381/8/4 1410/8/4
f 1410/7/4 1382/7/4 1411/7/4
f 1382/15/4 1383/15/4 1412/15/4
f 1411/7/4 1382/7/4 1412/7/4
f 1383/15/4 1384/15/4 1412/15/4
f 1412/15/4 1384/15/4 1413/15/4
f 1384/6/4 1385/6/4 1414/6/4
f 1413/15/4 1384/15/4 1414/15/4
f 1385/6/4 1386/6/4 1414/6/4
f 1386/15/4 1387/15/4 1415/15/4
f 1414/6/4 1386/6/4 1415/6/4
f 1387/14/4 1388/14/4 1416/14/4
f 1415/15/4 1387/15/4 1416/15/4
f 1388/6/4 1389/6/4 1417/6/4
f 1416/14/4 1388/14/4 1417/14/4
f 1389/15/4 1390/15/4 1418/15/4
f 1417/6/4 1389/6/4 1418/6/4
f 1390/6/4 1391/6/4 1419/6/4
f 1418/15/4 1390/15/4 1419/15/4
f 1391/15/4 1392/15/4 1420/15/4
f 1419/6/4 1391/6/4 1420/6/4
f 1392/15/4 1360/15/4 1421/15/4
f 1420/15/4 1392/15/4 1421/15/4
f 1360/7/4 1361/7/4 1422/7/4
f 1421/15/4 1360/15/4 1422/15/4
f 1422/7/4 1361/7/4 1423/7/4
f 1362/4/4 1363/4/4 1424/4/4
f 1363/19/4 1393/19/4 1425/19/4
f 1424/4/4 1363/4/4 1425/4/4
f 1394/4/4 1395/4/4 1426/4/4
f 1425/19/4 1393/19/4 1426/19/4
f 1393/4/4 1394/4/4 1426/4/4
f 1395/4/4 1396/4/4 1426/4/4
f 1426/4/4 1396/4/4 1427/4/4
f 1427/4/4 1396/4/4 1428/4/4
f 1396/19/4 1397/19/4 1429/19/4
f 1428/4/4 1396/4/4 1429/4/4
f 1397/19/4 1398/19/4 1429/19/4
f 1429/19/4 1398/19/4 1430/19/4
f 1398/4/4 1399/4/4 1431/4/4
f 1430/19/4 1398/19/4 1431/19/4
f 1399/2/4 1400/2/4 1432/2/4
f 1431/4/4 1399/4/4 1432/4/4
f 1400/13/4 1401/13/4 1433/13/4
f 1432/2/4 1400/2/4 1433/2/4
f 1401/5/4 1402/5/4 1434/5/4
f 1433/13/4 1401/13/4 1434/13/4
f 1402/24/4 1403/24/4 1435/24/4
f 1434/5/4 1402/5/4 1435/5/4
f 1403/26/4 1404/26/4 1436/26/4
f 1435/24/4 1403/24/4 1436/24/4
f 1404/24/4 1405/24/4 1437/24/4
f 1436/26/4 1404/26/4 1437/26/4
f 1405/8/4 1406/8/4 1438/8/4
f 1437/24/4 1405/24/4 1438/24/4
f 1406/8/4 1407/8/4 1438/8/4
f 1438/8/4 1407/8/4 1439/8/4
f 1407/7/4 1408/7/4 1440/7/4
f 1439/8/4 1407/8/4 1440/8/4
f 1408/8/4 1409/8/4 1441/8/4
f 1440/7/4 1408/7/4 1441/7/4
f 1409/10/4 1410/10/4 1442/10/4
f 1441/8/4 1409/8/4 1442/8/4
f 1410/2/4 1411/2/4 1443/2/4
f 1442/10/4 1410/10/4 1443/10/4
f 1411/13/4 1412/13/4 1444/13/4
f 1443/2/4 1411/2/4 1444/2/4
f 1412/8/4 1413/8/4 1445/8/4
f 1444/13/4 1412/13/4 1445/13/4
f 1413/7/4 1414/7/4 1446/7/4
f 1414/15/4 1415/15/4 1446/15/4
f 1416/6/4 1417/6/4 1447/6/4
f 1446/15/4 1415/15/4 1447/15/4
f 1415/6/4 1416/6/4 1447/6/4
f 1417/7/4 1418/7/4 1448/7/4
f 1447/6/4 1417/6/4 1448/6/4
f 1418/6/4 1419/6/4 1449/6/4
f 1448/7/4 1418/7/4 1449/7/4
f 1419/15/4 1420/15/4 1450/15/4
f 1449/6/4 1419/6/4 1450/6/4
f 1420/7/4 1421/7/4 1451/7/4
f 1450/15/4 1420/15/4 1451/15/4
f 1421/15/4 1422/15/4 1452/15/4
f 1451/7/4 1421/7/4 1452/7/4
f 1422/8/4 1423/8/4 1453/8/4
f 1452/15/4 1422/15/4 1453/15/4
f 1429/4/4 1430/4/4 1454/4/4
f 1427/8/4 1428/8/4 1454/8/4
f 1428/4/4 1429/4/4 1454/4/4
f 1454/4/4 1430/4/4 1455/4/4
f 1430/20/4 1431/20/4 1456/20/4
f 1455/4/4 1430/4/4 1456/4/4
f 1431/2/4 1432/2/4 1457/2/4
f 1456/20/4 1431/20/4 1457/20/4
f 1432/13/4 1433/13/4 1458/13/4
f 1457/2/4 1432/2/4 1458/2/4
f 1433/2/4 1434/2/4 1459/2/4
f 1458/13/4 1433/13/4 1459/13/4
f 1434/3/4 1435/3/4 1460/3/4
f 1459/2/4 1434/2/4 1460/2/4
f 1435/20/4 1436/20/4 1461/20/4
f 1460/3/4 1435/3/4 1461/3/4
f 1436/24/4 1437/24/4 1462/24/4
f 1461/20/4 1436/20/4 1462/20/4
f 1462/24/4 1437/24/4 1463/24/4
f 1438/7/4 1439/7/4 1464/7/4
f 1463/24/4 1437/24/4 1464/24/4
f 1437/7/4 1438/7/4 1464/7/4
f 1440/8/4 1441/8/4 1465/8/4
f 1464/7/4 1439/7/4 1465/7/4
f 1439/8/4 1440/8/4 1465/8/4
f 1441/7/4 1442/7/4 1466/7/4
f 1465/8/4 1441/8/4 1466/8/4
f 1443/8/4 1444/8/4 1467/8/4
f 1466/7/4 1442/7/4 1467/7/4
f 1442/8/4 1443/8/4 1467/8/4
f 1444/8/4 1445/8/4 1467/8/4
f 1467/8/4 1445/8/4 1468/8/4
f 1445/8/4 1413/8/4 1469/8/4
f 1468/8/4 1445/8/4 1469/8/4
f 1447/7/4 1448/7/4 1470/7/4
f 1469/8/4 1413/8/4 1470/8/4
f 1446/7/4 1447/7/4 1470/7/4
f 1413/7/4 1446/7/4 1470/7/4
f 1470/7/4 1448/7/4 1471/7/4
f 1471/7/4 1448/7/4 1472/7/4
f 1472/7/4 1448/7/4 1473/7/4
f 1473/7/4 1448/7/4 1474/7/4
f 1448/6/4 1449/6/4 1475/6/4
f 1474/7/4 1448/7/4 1475/7/4
f 1449/6/4 1450/6/4 1475/6/4
f 1475/6/4 1450/6/4 1476/6/4
f 1450/7/4 1451/7/4 1477/7/4
f 1476/6/4 1450/6/4 1477/6/4
f 1451/15/4 1452/15/4 1478/15/4
f 1477/7/4 1451/7/4 1478/7/4
f 1452/7/4 1453/7/4 1479/7/4
f 1478/15/4 1452/15/4 1479/15/4
f 1427/8/4 1454/8/4 1480/8/4
f 1454/7/4 1455/7/4 1481/7/4
f 1480/8/4 1454/8/4 1481/8/4
f 1455/8/4 1456/8/4 1482/8/4
f 1481/7/4 1455/7/4 1482/7/4
f 1456/20/4 1457/20/4 1483/20/4
f 1482/8/4 1456/8/4 1483/8/4
f 1457/9/4 1458/9/4 1484/9/4
f 1483/20/4 1457/20/4 1484/20/4
f 1458/13/4 1459/13/4 1485/13/4
f 1484/9/4 1458/9/4 1485/9/4
f 1459/3/4 1460/3/4 1486/3/4
f 1485/13/4 1459/13/4 1486/13/4
f 1460/2/4 1461/2/4 1487/2/4
f 1486/3/4 1460/3/4 1487/3/4
f 1461/13/4 1462/13/4 1488/13/4
f 1487/2/4 1461/2/4 1488/2/4
f 1462/20/4 1463/20/4 1489/20/4
f 1488/13/4 1462/13/4 1489/13/4
f 1464/8/4 1465/8/4 1490/8/4
f 1489/20/4 1463/20/4 1490/20/4
f 1463/8/4 1464/8/4 1490/8/4
f 1465/7/4 1466/7/4 1491/7/4
f 1490/8/4 1465/8/4 1491/8/4
f 1466/8/4 1467/8/4 1492/8/4
f 1491/7/4 1466/7/4 1492/7/4
f 1467/7/4 1468/7/4 1493/7/4
f 1492/8/4 1467/8/4 1493/8/4
f 1493/7/4 1468/7/4 1494/7/4
f 1468/8/4 1469/8/4 1495/8/4
f 1494/7/4 1468/7/4 1495/7/4
f 1469/7/4 1470/7/4 1496/7/4
f 1495/8/4 1469/8/4 1496/8/4
f 1470/8/4 1471/8/4 1497/8/4
f 1496/7/4 1470/7/4 1497/7/4
f 1471/7/4 1472/7/4 1498/7/4
f 1497/8/4 1471/8/4 1498/8/4
f 1472/15/4 1473/15/4 1499/15/4
f 1498/7/4 1472/7/4 1499/7/4
f 1473/7/4 1474/7/4 1500/7/4
f 1499/15/4 1473/15/4 1500/15/4
f 1475/6/4 1476/6/4 1501/6/4
f 1500/7/4 1474/7/4 1501/7/4
f 1474/6/4 1475/6/4 1501/6/4
f 1501/6/4 1476/6/4 1502/6/4
f 1502/6/4 1476/6/4 1503/6/4
f 1476/15/4 1477/15/4 1504/15/4
f 1503/6/4 1476/6/4 1504/6/4
f 1477/8/4 1478/8/4 1505/8/4
f 1504/15/4 1477/15/4 1505/15/4
f 1478/7/4 1479/7/4 1506/7/4
f 1479/7/4 1453/7/4 1506/7/4
f 1453/8/4 1423/8/4 1507/8/4
f 1506/7/4 1453/7/4 1507/7/4
f 1507/8/4 1423/8/4 1508/8/4
f 1481/8/4 1482/8/4 1510/8/4
f 1482/7/4 1483/7/4 1511/7/4
f 1510/8/4 1482/8/4 1511/8/4
f 1483/8/4 1484/8/4 1512/8/4
f 1511/7/4 1483/7/4 1512/7/4
f 1484/20/4 1485/20/4 1513/20/4
f 1512/8/4 1484/8/4 1513/8/4
f 1485/9/4 1486/9/4 1514/9/4
f 1513/20/4 1485/20/4 1514/20/4
f 1486/2/4 1487/2/4 1515/2/4
f 1514/9/4 1486/9/4 1515/9/4
f 1487/3/4 1488/3/4 1516/3/4
f 1515/2/4 1487/2/4 1516/2/4
f 1488/20/4 1489/20/4 1517/20/4
f 1516/3/4 1488/3/4 1517/3/4
f 1489/8/4 1490/8/4 1518/8/4
f 1517/20/4 1489/20/4 1518/20/4
f 1490/7/4 1491/7/4 1519/7/4
f 1518/8/4 1490/8/4 1519/8/4
f 1519/7/4 1491/7/4 1520/7/4
f 1491/8/4 1492/8/4 1521/8/4
f 1520/7/4 1491/7/4 1521/7/4
f 1493/7/4 1494/7/4 1522/7/4
f 1521/8/4 1492/8/4 1522/8/4
f 1492/7/4 1493/7/4 1522/7/4
f 1522/7/4 1494/7/4 1523/7/4
f 1494/15/4 1495/15/4 1524/15/4
f 1523/7/4 1494/7/4 1524/7/4
f 1495/15/4 1496/15/4 1524/15/4
f 1496/8/4 1497/8/4 1525/8/4
f 1524/15/4 1496/15/4 1525/15/4
f 1497/7/4 1498/7/4 1526/7/4
f 1525/8/4 1497/8/4 1526/8/4
f 1498/15/4 1499/15/4 1527/15/4
f 1526/7/4 1498/7/4 1527/7/4
f 1499/6/4 1500/6/4 1528/6/4
f 1527/15/4 1499/15/4 1528/15/4
f 1500/6/4 1501/6/4 1528/6/4
f 1528/6/4 1501/6/4 1529/6/4
f 1501/7/4 1502/7/4 1530/7/4
f 1529/6/4 1501/6/4 1530/6/4
f 1502/15/4 1503/15/4 1531/15/4
f 1530/7/4 1502/7/4 1531/7/4
f 1503/6/4 1504/6/4 1532/6/4
f 1531/15/4 1503/15/4 1532/15/4
f 1504/7/4 1505/7/4 1533/7/4
f 1532/6/4 1504/6/4 1533/6/4
f 1505/8/4 1478/8/4 1534/8/4
f 1533/7/4 1505/7/4 1534/7/4
f 1478/7/4 1506/7/4 1535/7/4
f 1534/8/4 1478/8/4 1535/8/4
f 1506/24/4 1507/24/4 1536/24/4
f 1535/7/4 1506/7/4 1536/7/4
f 1536/24/4 1507/24/4 1537/24/4
f 1511/8/4 1512/8/4 1539/8/4
f 1510/7/4 1511/7/4 1539/7/4
f 1512/7/4 1513/7/4 1540/7/4
f 1539/8/4 1512/8/4 1540/8/4
f 1513/7/4 1514/7/4 1540/7/4
f 1514/20/4 1515/20/4 1541/20/4
f 1540/7/4 1514/7/4 1541/7/4
f 1515/20/4 1516/20/4 1541/20/4
f 1541/20/4 1516/20/4 1542/20/4
f 1516/5/4 1517/5/4 1543/5/4
f 1542/20/4 1516/20/4 1543/20/4
f 1517/8/4 1518/8/4 1544/8/4
f 1543/5/4 1517/5/4 1544/5/4
f 1519/7/4 1520/7/4 1545/7/4
f 1544/8/4 1518/8/4 1545/8/4
f 1518/7/4 1519/7/4 1545/7/4
f 1545/7/4 1520/7/4 1546/7/4
f 1520/8/4 1521/8/4 1547/8/4
f 1546/7/4 1520/7/4 1547/7/4
f 1522/7/4 1523/7/4 1548/7/4
f 1547/8/4 1521/8/4 1548/8/4
f 1521/7/4 1522/7/4 1548/7/4
f 1548/7/4 1523/7/4 1549/7/4
f 1549/7/4 1523/7/4 1550/7/4
f 1523/15/4 1524/15/4 1551/15/4
f 1550/7/4 1523/7/4 1551/7/4
f 1525/7/4 1526/7/4 1552/7/4
f 1551/15/4 1524/15/4 1552/15/4
f 1524/7/4 1525/7/4 1552/7/4
f 1526/8/4 1527/8/4 1553/8/4
f 1552/7/4 1526/7/4 1553/7/4
f 1527/7/4 1528/7/4 1554/7/4
f 1553/8/4 1527/8/4 1554/8/4
f 1528/15/4 1529/15/4 1555/15/4
f 1554/7/4 1528/7/4 1555/7/4
f 1529/6/4 1530/6/4 1556/6/4
f 1555/15/4 1529/15/4 1556/15/4
f 1530/6/4 1531/6/4 1556/6/4
f 1531/7/4 1532/7/4 1557/7/4
f 1556/6/4 1531/6/4 1557/6/4
f 1532/15/4 1533/15/4 1558/15/4
f 1557/7/4 1532/7/4 1558/7/4
f 1533/8/4 1534/8/4 1559/8/4
f 1558/15/4 1533/15/4 1559/15/4
f 1534/22/4 1535/22/4 1560/22/4
f 1559/8/4 1534/8/4 1560/8/4
f 1535/24/4 1536/24/4 1561/24/4
f 1560/22/4 1535/22/4 1561/22/4
f 1536/21/4 1537/21/4 1562/21/4
f 1561/24/4 1536/24/4 1562/24/4
f 1537/24/4 1538/24/4 1563/24/4
f 1562/21/4 1537/21/4 1563/21/4
f 1563/24/4 1538/24/4 1564/24/4
f 1539/7/4 1540/7/4 1566/7/4
f 1510/7/4 1539/7/4 1566/7/4
f 1509/8/4 1510/8/4 1566/8/4
f 1566/7/4 1540/7/4 1567/7/4
f 1541/8/4 1542/8/4 1568/8/4
f 1567/7/4 1540/7/4 1568/7/4
f 1540/8/4 1541/8/4 1568/8/4
f 1568/8/4 1542/8/4 1569/8/4
f 1569/8/4 1542/8/4 1570/8/4
f 1542/15/4 1543/15/4 1571/15/4
f 1570/8/4 1542/8/4 1571/8/4
f 1543/15/4 1544/15/4 1571/15/4
f 1544/7/4 1545/7/4 1572/7/4
f 1571/15/4 1544/15/4 1572/15/4
f 1545/8/4 1546/8/4 1573/8/4
f 1572/7/4 1545/7/4 1573/7/4
f 1573/8/4 1546/8/4 1574/8/4
f 1546/15/4 1547/15/4 1575/15/4
f 1574/8/4 1546/8/4 1575/8/4
f 1547/7/4 1548/7/4 1576/7/4
f 1575/15/4 1547/15/4 1576/15/4
f 1548/15/4 1549/15/4 1577/15/4
f 1576/7/4 1548/7/4 1577/7/4
f 1549/7/4 1550/7/4 1578/7/4
f 1577/15/4 1549/15/4 1578/15/4
f 1550/8/4 1551/8/4 1579/8/4
f 1578/7/4 1550/7/4 1579/7/4
f 1551/7/4 1552/7/4 1580/7/4
f 1579/8/4 1551/8/4 1580/8/4
f 1554/15/4 1555/15/4 1581/15/4
f 1580/7/4 1552/7/4 1581/7/4
f 1552/15/4 1553/15/4 1581/15/4
f 1556/15/4 1557/15/4 1581/15/4
f 1553/15/4 1554/15/4 1581/15/4
f 1555/15/4 1556/15/4 1581/15/4
f 1581/15/4 1557/15/4 1582/15/4
f 1582/15/4 1557/15/4 1583/15/4
f 1583/15/4 1557/15/4 1584/15/4
f 1584/15/4 1557/15/4 1585/15/4
f 1585/15/4 1557/15/4 1586/15/4
f 1557/8/4 1558/8/4 1587/8/4
f 1586/15/4 1557/15/4 1587/15/4
f 1558/24/4 1559/24/4 1588/24/4
f 1587/8/4 1558/8/4 1588/8/4
f 1559/22/4 1560/22/4 1589/22/4
f 1588/24/4 1559/24/4 1589/24/4
f 1560/21/4 1561/21/4 1590/21/4
f 1589/22/4 1560/22/4 1590/22/4
f 1561/8/4 1562/8/4 1591/8/4
f 1590/21/4 1561/21/4 1591/21/4
f 1562/24/4 1563/24/4 1592/24/4
f 1591/8/4 1562/8/4 1592/8/4
f 1563/23/4 1564/23/4 1593/23/4
f 1592/24/4 1563/24/4 1593/24/4
f 1564/27/4 1565/27/4 1594/27/4
f 1593/23/4 1564/23/4 1594/23/4
f 1594/27/4 1565/27/4 1595/27/4
f 1509/8/4 1566/8/4 1597/8/4
f 1566/15/4 1567/15/4 1598/15/4
f 1597/8/4 1566/8/4 1598/8/4
f 1567/7/4 1568/7/4 1599/7/4
f 1598/15/4 1567/15/4 1599/15/4
f 1568/7/4 1569/7/4 1599/7/4
f 1599/7/4 1569/7/4 1600/7/4
f 1569/15/4 1570/15/4 1601/15/4
f 1600/7/4 1569/7/4 1601/7/4
f 1570/7/4 1571/7/4 1602/7/4
f 1601/15/4 1570/15/4 1602/15/4
f 1571/8/4 1572/8/4 1603/8/4
f 1602/7/4 1571/7/4 1603/7/4
f 1572/15/4 1573/15/4 1604/15/4
f 1603/8/4 1572/8/4 1604/8/4
f 1573/15/4 1574/15/4 1604/15/4
f 1574/7/4 1575/7/4 1605/7/4
f 1604/15/4 1574/15/4 1605/15/4
f 1575/7/4 1576/7/4 1605/7/4
f 1576/7/4 1577/7/4 1605/7/4
f 1605/7/4 1577/7/4 1606/7/4
f 1577/8/4 1578/8/4 1607/8/4
f 1606/7/4 1577/7/4 1607/7/4
f 1578/7/4 1579/7/4 1608/7/4
f 1607/8/4 1578/8/4 1608/8/4
f 1579/15/4 1580/15/4 1609/15/4
f 1608/7/4 1579/7/4 1609/7/4
f 1580/7/4 1581/7/4 1610/7/4
f 1609/15/4 1580/15/4 1610/15/4
f 1581/7/4 1582/7/4 1610/7/4
f 1582/8/4 1583/8/4 1611/8/4
f 1610/7/4 1582/7/4 1611/7/4
f 1583/7/4 1584/7/4 1612/7/4
f 1611/8/4 1583/8/4 1612/8/4
f 1584/15/4 1585/15/4 1613/15/4
f 1612/7/4 1584/7/4 1613/7/4
f 1585/7/4 1586/7/4 1614/7/4
f 1613/15/4 1585/15/4 1614/15/4
f 1586/15/4 1587/15/4 1615/15/4
f 1614/7/4 1586/7/4 1615/7/4
f 1587/24/4 1588/24/4 1616/24/4
f 1615/15/4 1587/15/4 1616/15/4
f 1588/22/4 1589/22/4 1617/22/4
f 1616/24/4 1588/24/4 1617/24/4
f 1589/15/4 1590/15/4 1618/15/4
f 1617/22/4 1589/22/4 1618/22/4
f 1590/23/4 1591/23/4 1619/23/4
f 1618/15/4 1590/15/4 1619/15/4
f 1591/7/4 1592/7/4 1620/7/4
f 1619/23/4 1591/23/4 1620/23/4
f 1620/7/4 1592/7/4 1621/7/4
f 1593/24/4 1594/24/4 1622/24/4
f 1598/8/4 1599/8/4 1623/8/4
f 1599/15/4 1600/15/4 1623/15/4
f 1600/8/4 1601/8/4 1624/8/4
f 1623/15/4 1600/15/4 1624/15/4
f 1601/8/4 1602/8/4 1624/8/4
f 1624/8/4 1602/8/4 1625/8/4
f 1603/15/4 1604/15/4 1626/15/4
f 1625/8/4 1602/8/4 1626/8/4
f 1602/15/4 1603/15/4 1626/15/4
f 1626/15/4 1604/15/4 1627/15/4
f 1604/7/4 1605/7/4 1628/7/4
f 1627/15/4 1604/15/4 1628/15/4
f 1605/15/4 1606/15/4 1629/15/4
f 1628/7/4 1605/7/4 1629/7/4
f 1606/8/4 1607/8/4 1630/8/4
f 1629/15/4 1606/15/4 1630/15/4
f 1607/15/4 1608/15/4 1631/15/4
f 1630/8/4 1607/8/4 1631/8/4
f 1608/15/4 1609/15/4 1631/15/4
f 1631/15/4 1609/15/4 1632/15/4
f 1610/8/4 1611/8/4 1633/8/4
f 1632/15/4 1609/15/4 1633/15/4
f 1609/8/4 1610/8/4 1633/8/4
f 1633/8/4 1611/8/4 1634/8/4
f 1612/15/4 1613/15/4 1635/15/4
f 1634/8/4 1611/8/4 1635/8/4
f 1611/15/4 1612/15/4 1635/15/4
f 1635/15/4 1613/15/4 1636/15/4
f 1613/7/4 1614/7/4 1637/7/4
f 1636/15/4 1613/15/4 1637/15/4
f 1614/8/4 1615/8/4 1638/8/4
f 1637/7/4 1614/7/4 1638/7/4
f 1616/21/4 1617/21/4 1639/21/4
f 1615/24/4 1616/24/4 1639/24/4
f 1617/22/4 1618/22/4 1640/22/4
f 1639/21/4 1617/21/4 1640/21/4
f 1618/7/4 1619/7/4 1641/7/4
f 1640/22/4 1618/22/4 1641/22/4
f 1619/23/4 1620/23/4 1642/23/4
f 1641/7/4 1619/7/4 1642/7/4
f 1621/24/4 1622/24/4 1643/24/4
f 1642/23/4 1620/23/4 1643/23/4
f 1620/24/4 1621/24/4 1643/24/4
f 1643/24/4 1622/24/4 1644/24/4
f 1622/24/4 1594/24/4 1645/24/4
f 1644/24/4 1622/24/4 1645/24/4
f 1594/23/4 1595/23/4 1645/23/4
f 1595/27/4 1596/27/4 1646/27/4
f 1645/23/4 1595/23/4 1646/23/4
f 1646/27/4 1596/27/4 1647/27/4
f 1598/8/4 1623/8/4 1649/8/4
f 1623/8/4 1624/8/4 1649/8/4
f 1649/8/4 1624/8/4 1650/8/4
f 1624/7/4 1625/7/4 1651/7/4
f 1650/8/4 1624/8/4 1651/8/4
f 1625/15/4 1626/15/4 1652/15/4
f 1651/7/4 1625/7/4 1652/7/4
f 1626/15/4 1627/15/4 1652/15/4
f 1627/7/4 1628/7/4 1653/7/4
f 1652/15/4 1627/15/4 1653/15/4
f 1653/7/4 1628/7/4 1654/7/4
f 1628/15/4 1629/15/4 1655/15/4
f 1654/7/4 1628/7/4 1655/7/4
f 1655/15/4 1629/15/4 1656/15/4
f 1629/8/4 1630/8/4 1657/8/4
f 1656/15/4 1629/15/4 1657/15/4
f 1630/15/4 1631/15/4 1658/15/4
f 1657/8/4 1630/8/4 1658/8/4
f 1658/15/4 1631/15/4 1659/15/4
f 1631/7/4 1632/7/4 1660/7/4
f 1659/15/4 1631/15/4 1660/15/4
f 1632/8/4 1633/8/4 1661/8/4
f 1660/7/4 1632/7/4 1661/7/4
f 1633/7/4 1634/7/4 1662/7/4
f 1661/8/4 1633/8/4 1662/8/4
f 1634/15/4 1635/15/4 1663/15/4
f 1662/7/4 1634/7/4 1663/7/4
f 1635/6/4 1636/6/4 1664/6/4
f 1663/15/4 1635/15/4 1664/15/4
f 1637/8/4 1638/8/4 1665/8/4
f 1664/6/4 1636/6/4 1665/6/4
f 1636/8/4 1637/8/4 1665/8/4
f 1665/8/4 1638/8/4 1666/8/4
f 1666/8/4 1638/8/4 1667/8/4
f 1615/24/4 1639/24/4 1668/24/4
f 1667/8/4 1638/8/4 1668/8/4
f 1638/8/4 1615/8/4 1668/8/4
f 1639/23/4 1640/23/4 1669/23/4
f 1668/24/4 1639/24/4 1669/24/4
f 1640/21/4 1641/21/4 1670/21/4
f 1669/23/4 1640/23/4 1670/23/4
f 1641/8/4 1642/8/4 1671/8/4
f 1670/21/4 1641/21/4 1671/21/4
f 1642/23/4 1643/23/4 1672/23/4
f 1671/8/4 1642/8/4 1672/8/4
f 1643/21/4 1644/21/4 1673/21/4
f 1672/23/4 1643/23/4 1673/23/4
f 1644/23/4 1645/23/4 1674/23/4
f 1673/21/4 1644/21/4 1674/21/4
f 1674/23/4 1645/23/4 1675/23/4
f 1645/27/4 1646/27/4 1676/27/4
f 1675/23/4 1645/23/4 1676/23/4
f 1676/27/4 1646/27/4 1677/27/4
f 1649/8/4 1650/8/4 1678/8/4
f 1648/8/4 1649/8/4 1678/8/4
f 1651/15/4 1652/15/4 1679/15/4
f 1678/8/4 1650/8/4 1679/8/4
f 1650/15/4 1651/15/4 1679/15/4
f 1679/15/4 1652/15/4 1680/15/4
f 1652/7/4 1653/7/4 1681/7/4
f 1680/15/4 1652/15/4 1681/15/4
f 1681/7/4 1653/7/4 1682/7/4
f 1653/15/4 1654/15/4 1683/15/4
f 1682/7/4 1653/7/4 1683/7/4
f 1654/8/4 1655/8/4 1684/8/4
f 1683/15/4 1654/15/4 1684/15/4
f 1655/7/4 1656/7/4 1685/7/4
f 1684/8/4 1655/8/4 1685/8/4
f 1656/8/4 1657/8/4 1686/8/4
f 1685/7/4 1656/7/4 1686/7/4
f 1657/15/4 1658/15/4 1687/15/4
f 1686/8/4 1657/8/4 1687/8/4
f 1658/15/4 1659/15/4 1687/15/4
f 1687/15/4 1659/15/4 1688/15/4
f 1659/7/4 1660/7/4 1689/7/4
f 1688/15/4 1659/15/4 1689/15/4
f 1660/8/4 1661/8/4 1690/8/4
f 1689/7/4 1660/7/4 1690/7/4
f 1661/7/4 1662/7/4 1691/7/4
f 1690/8/4 1661/8/4 1691/8/4
f 1662/8/4 1663/8/4 1692/8/4
f 1691/7/4 1662/7/4 1692/7/4
f 1663/8/4 1664/8/4 1692/8/4
f 1664/8/4 1665/8/4 1692/8/4
f 1692/8/4 1665/8/4 1693/8/4
f 1693/8/4 1665/8/4 1694/8/4
f 1665/7/4 1666/7/4 1695/7/4
f 1694/8/4 1665/8/4 1695/8/4
f 1695/7/4 1666/7/4 1696/7/4
f 1666/15/4 1667/15/4 1697/15/4
f 1696/7/4 1666/7/4 1697/7/4
f 1667/8/4 1668/8/4 1698/8/4
f 1697/15/4 1667/15/4 1698/15/4
f 1668/8/4 1669/8/4 1698/8/4
f 1669/24/4 1670/24/4 1699/24/4
f 1698/8/4 1669/8/4 1699/8/4
f 1670/23/4 1671/23/4 1700/23/4
f 1699/24/4 1670/24/4 1700/24/4
f 1671/24/4 1672/24/4 1701/24/4
f 1700/23/4 1671/23/4 1701/23/4
f 1672/23/4 1673/23/4 1702/23/4
f 1701/24/4 1672/24/4 1702/24/4
f 1674/24/4 1675/24/4 1703/24/4
f 1702/23/4 1673/23/4 1703/23/4
f 1673/24/4 1674/24/4 1703/24/4
f 1675/27/4 1676/27/4 1704/27/4
f 1703/24/4 1675/24/4 1704/24/4
f 1704/27/4 1676/27/4 1705/27/4
f 1648/8/4 1678/8/4 1706/8/4
f 1678/7/4 1679/7/4 1707/7/4
f 1706/8/4 1678/8/4 1707/8/4
f 1679/8/4 1680/8/4 1708/8/4
f 1707/7/4 1679/7/4 1708/7/4
f 1681/7/4 1682/7/4 1709/7/4
f 1708/8/4 1680/8/4 1709/8/4
f 1680/7/4 1681/7/4 1709/7/4
f 1683/8/4 1684/8/4 1710/8/4
f 1709/7/4 1682/7/4 1710/7/4
f 1682/8/4 1683/8/4 1710/8/4
f 1684/7/4 1685/7/4 1711/7/4
f 1710/8/4 1684/8/4 1711/8/4
f 1685/8/4 1686/8/4 1712/8/4
f 1711/7/4 1685/7/4 1712/7/4
f 1686/7/4 1687/7/4 1713/7/4
f 1712/8/4 1686/8/4 1713/8/4
f 1687/15/4 1688/15/4 1714/15/4
f 1713/7/4 1687/7/4 1714/7/4
f 1688/7/4 1689/7/4 1715/7/4
f 1714/15/4 1688/15/4 1715/15/4
f 1689/8/4 1690/8/4 1716/8/4
f 1715/7/4 1689/7/4 1716/7/4
f 1690/15/4 1691/15/4 1717/15/4
f 1716/8/4 1690/8/4 1717/8/4
f 1691/8/4 1692/8/4 1718/8/4
f 1717/15/4 1691/15/4 1718/15/4
f 1692/8/4 1693/8/4 1718/8/4
f 1718/8/4 1693/8/4 1719/8/4
f 1693/7/4 1694/7/4 1720/7/4
f 1719/8/4 1693/8/4 1720/8/4
f 1694/15/4 1695/15/4 1721/15/4
f 1720/7/4 1694/7/4 1721/7/4
f 1721/15/4 1695/15/4 1722/15/4
f 1695/6/4 1696/6/4 1723/6/4
f 1722/15/4 1695/15/4 1723/15/4
f 1696/7/4 1697/7/4 1724/7/4
f 1723/6/4 1696/6/4 1724/6/4
f 1697/8/4 1698/8/4 1725/8/4
f 1724/7/4 1697/7/4 1725/7/4
f 1725/8/4 1698/8/4 1726/8/4
f 1700/24/4 1701/24/4 1727/24/4
f 1701/23/4 1702/23/4 1728/23/4
f 1727/24/4 1701/24/4 1728/24/4
f 1702/24/4 1703/24/4 1729/24/4
f 1728/23/4 1702/23/4 1729/23/4
f 1729/24/4 1703/24/4 1730/24/4
f 1707/8/4 1708/8/4 1731/8/4
f 1708/7/4 1709/7/4 1732/7/4
f 1731/8/4 1708/8/4 1732/8/4
f 1709/8/4 1710/8/4 1733/8/4
f 1732/7/4 1709/7/4 1733/7/4
f 1710/7/4 1711/7/4 1734/7/4
f 1733/8/4 1710/8/4 1734/8/4
f 1711/8/4 1712/8/4 1735/8/4
f 1734/7/4 1711/7/4 1735/7/4
f 1713/15/4 1714/15/4 1736/15/4
f 1735/8/4 1712/8/4 1736/8/4
f 1712/15/4 1713/15/4 1736/15/4
f 1714/7/4 1715/7/4 1737/7/4
f 1736/15/4 1714/15/4 1737/15/4
f 1715/8/4 1716/8/4 1738/8/4
f 1737/7/4 1715/7/4 1738/7/4
f 1716/7/4 1717/7/4 1739/7/4
f 1738/8/4 1716/8/4 1739/8/4
f 1717/8/4 1718/8/4 1740/8/4
f 1739/7/4 1717/7/4 1740/7/4
f 1718/7/4 1719/7/4 1741/7/4
f 1740/8/4 1718/8/4 1741/8/4
f 1719/15/4 1720/15/4 1742/15/4
f 1741/7/4 1719/7/4 1742/7/4
f 1720/6/4 1721/6/4 1743/6/4
f 1742/15/4 1720/15/4 1743/15/4
f 1721/7/4 1722/7/4 1744/7/4
f 1743/6/4 1721/6/4 1744/6/4
f 1722/8/4 1723/8/4 1745/8/4
f 1744/7/4 1722/7/4 1745/7/4
f 1723/8/4 1724/8/4 1745/8/4
f 1745/8/4 1724/8/4 1746/8/4
f 1728/24/4 1729/24/4 1747/24/4
f 1747/24/4 1729/24/4 1748/24/4
f 1733/7/4 1734/7/4 1749/7/4
f 1734/8/4 1735/8/4 1750/8/4
f 1749/7/4 1734/7/4 1750/7/4
f 1735/15/4 1736/15/4 1751/15/4
f 1750/8/4 1735/8/4 1751/8/4
f 1736/7/4 1737/7/4 1752/7/4
f 1751/15/4 1736/15/4 1752/15/4
f 1752/7/4 1737/7/4 1753/7/4
f 1737/8/4 1738/8/4 1754/8/4
f 1753/7/4 1737/7/4 1754/7/4
f 1738/7/4 1739/7/4 1755/7/4
f 1754/8/4 1738/8/4 1755/8/4
f 1739/6/4 1740/6/4 1756/6/4
f 1755/7/4 1739/7/4 1756/7/4
f 1740/7/4 1741/7/4 1757/7/4
f 1756/6/4 1740/6/4 1757/6/4
f 1741/15/4 1742/15/4 1758/15/4
f 1757/7/4 1741/7/4 1758/7/4
f 1742/7/4 1743/7/4 1759/7/4
f 1758/15/4 1742/15/4 1759/15/4
f 1743/8/4 1744/8/4 1760/8/4
f 1759/7/4 1743/7/4 1760/7/4
f 1760/8/4 1744/8/4 1761/8/4
f 1732/8/4 1733/8/4 1762/8/4
f 1733/7/4 1749/7/4 1763/7/4
f 1762/8/4 1733/8/4 1763/8/4
f 1749/15/4 1750/15/4 1764/15/4
f 1763/7/4 1749/7/4 1764/7/4
f 1750/7/4 1751/7/4 1765/7/4
f 1764/15/4 1750/15/4 1765/15/4
f 1752/7/4 1753/7/4 1765/7/4
f 1751/7/4 1752/7/4 1765/7/4
f 1765/7/4 1753/7/4 1766/7/4
f 1766/7/4 1753/7/4 1767/7/4
f 1753/8/4 1754/8/4 1768/8/4
f 1767/7/4 1753/7/4 1768/7/4
f 1754/7/4 1755/7/4 1769/7/4
f 1768/8/4 1754/8/4 1769/8/4
f 1755/15/4 1756/15/4 1770/15/4
f 1769/7/4 1755/7/4 1770/7/4
f 1756/8/4 1757/8/4 1771/8/4
f 1770/15/4 1756/15/4 1771/15/4
f 1757/15/4 1758/15/4 1772/15/4
f 1771/8/4 1757/8/4 1772/8/4
f 1758/8/4 1759/8/4 1773/8/4
f 1772/15/4 1758/15/4 1773/15/4
f 1773/8/4 1759/8/4 1774/8/4
f 1763/8/4 1764/8/4 1775/8/4
f 1764/8/4 1765/8/4 1775/8/4
f 1775/8/4 1765/8/4 1776/8/4
f 1765/7/4 1766/7/4 1777/7/4
f 1776/8/4 1765/8/4 1777/8/4
f 1766/15/4 1767/15/4 1778/15/4
f 1777/7/4 1766/7/4 1778/7/4
f 1767/8/4 1768/8/4 1779/8/4
f 1778/15/4 1767/15/4 1779/15/4
f 1779/8/4 1768/8/4 1780/8/4
f 1768/15/4 1769/15/4 1781/15/4
f 1780/8/4 1768/8/4 1781/8/4
f 1769/15/4 1770/15/4 1781/15/4
f 1781/15/4 1770/15/4 1782/15/4
f 1770/8/4 1771/8/4 1783/8/4
f 1782/15/4 1770/15/4 1783/15/4
f 1771/7/4 1772/7/4 1784/7/4
f 1783/8/4 1771/8/4 1784/8/4
f 1772/8/4 1773/8/4 1785/8/4
f 1784/7/4 1772/7/4 1785/7/4
f 1785/8/4 1773/8/4 1786/8/4
f 1777/8/4 1778/8/4 1787/8/4
f 1779/8/4 1780/8/4 1787/8/4
f 1776/8/4 1777/8/4 1787/8/4
f 1778/8/4 1779/8/4 1787/8/4
f 1787/8/4 1780/8/4 1788/8/4
f 1788/8/4 1780/8/4 1789/8/4
f 1789/8/4 1780/8/4 1790/8/4
f 1780/15/4 1781/15/4 1791/15/4
f 1790/8/4 1780/8/4 1791/8/4
f 1781/6/4 1782/6/4 1792/6/4
f 1791/15/4 1781/15/4 1792/15/4
f 1782/8/4 1783/8/4 1793/8/4
f 1792/6/4 1782/6/4 1793/6/4
f 1783/15/4 1784/15/4 1794/15/4
f 1793/8/4 1783/8/4 1794/8/4
f 1784/8/4 1785/8/4 1795/8/4
f 1794/15/4 1784/15/4 1795/15/4
f 1795/8/4 1785/8/4 1796/8/4
f 1788/8/4 1789/8/4 1797/8/4
f 1789/15/4 1790/15/4 1798/15/4
f 1797/8/4 1789/8/4 1798/8/4
f 1791/6/4 1792/6/4 1799/6/4
f 1798/15/4 1790/15/4 1799/15/4
f 1790/6/4 1791/6/4 1799/6/4
f 1792/8/4 1793/8/4 1800/8/4
f 1799/6/4 1792/6/4 1800/6/4
f 1793/7/4 1794/7/4 1801/7/4
f 1800/8/4 1793/8/4 1801/8/4
f 1794/8/4 1795/8/4 1802/8/4
f 1801/7/4 1794/7/4 1802/7/4
f 1802/8/4 1795/8/4 1803/8/4
f 1799/8/4 1800/8/4 1804/8/4
f 1798/8/4 1799/8/4 1804/8/4
f 1804/8/4 1800/8/4 1805/8/4
f 1800/15/4 1801/15/4 1806/15/4
f 1805/8/4 1800/8/4 1806/8/4
f 1801/8/4 1802/8/4 1807/8/4
f 1806/15/4 1801/15/4 1807/15/4
f 1807/8/4 1802/8/4 1808/8/4
f 1805/8/4 1806/8/4 1809/8/4
f 1806/8/4 1807/8/4 1809/8/4
f 1809/8/4 1807/8/4 1810/8/4
f 1814/19/5 1812/19/5 1811/19/5
f 1815/4/5 1813/4/5 1812/4/5
f 1815/19/5 1812/19/5 1814/19/5
f 1816/4/5 1813/4/5 1815/4/5
f 1819/4/5 1818/4/5 1817/4/5
f 1820/4/5 1818/4/5 1819/4/5
f 1825/20/5 1822/20/5 1821/20/5
f 1826/4/5 1823/4/5 1822/4/5
f 1826/20/5 1822/20/5 1825/20/5
f 1827/19/5 1824/19/5 1823/19/5
f 1827/4/5 1823/4/5 1826/4/5
f 1828/19/5 1824/19/5 1827/19/5
f 1831/13/5 1830/13/5 1829/13/5
f 1832/13/5 1830/13/5 1831/13/5
f 1842/4/5 1836/4/5 1835/4/5
f 1843/8/5 1837/8/5 1836/8/5
f 1843/4/5 1836/4/5 1842/4/5
f 1844/13/5 1834/13/5 1833/13/5
f 1845/13/5 1834/13/5 1844/13/5
f 1846/8/5 1837/8/5 1843/8/5
f 1847/8/5 1837/8/5 1846/8/5
f 1848/8/5 1839/8/5 1838/8/5
f 1849/8/5 1839/8/5 1848/8/5
f 1850/8/5 1841/8/5 1840/8/5
f 1851/8/5 1841/8/5 1850/8/5
f 1861/19/5 1853/19/5 1852/19/5
f 1862/4/5 1854/4/5 1853/4/5
f 1862/19/5 1853/19/5 1861/19/5
f 1863/4/5 1854/4/5 1862/4/5
f 1864/8/5 1856/8/5 1855/8/5
f 1865/8/5 1856/8/5 1864/8/5
f 1866/8/5 1858/8/5 1857/8/5
f 1867/8/5 1858/8/5 1866/8/5
f 1868/8/5 1860/8/5 1859/8/5
f 1869/8/5 1860/8/5 1868/8/5
f 1872/8/5 1871/8/5 1870/8/5
f 1873/8/5 1871/8/5 1872/8/5
f 1876/8/5 1875/8/5 1874/8/5
f 1877/8/5 1875/8/5 1876/8/5
f 1880/8/5 1879/8/5 1878/8/5
f 1881/8/5 1879/8/5 1880/8/5
f 1884/8/5 1883/8/5 1882/8/5
f 1885/8/5 1883/8/5 1884/8/5
f 1888/8/5 1887/8/5 1886/8/5
f 1889/8/5 1887/8/5 1888/8/5
f 1892/8/5 1891/8/5 1890/8/5
f 1893/8/5 1891/8/5 1892/8/5
f 1896/13/5 1895/13/5 1894/13/5
f 1897/13/5 1895/13/5 1896/13/5
f 1900/3/5 1899/3/5 1898/3/5
f 1901/3/5 1899/3/5 1900/3/5
f 1904/7/5 1903/7/5 1902/7/5
f 1905/7/5 1903/7/5 1904/7/5
f 1908/8/5 1907/8/5 1906/8/5
f 1909/8/5 1907/8/5 1908/8/5
f 1913/6/5 1911/6/5 1910/6/5
f 1914/15/5 1912/15/5 1911/15/5
f 1914/6/5 1911/6/5 1913/6/5
f 1915/15/5 1912/15/5 1914/15/5
f 1918/24/5 1917/24/5 1916/24/5
f 1919/24/5 1917/24/5 1918/24/5
f 1922/24/5 1921/24/5 1920/24/5
f 1923/24/5 1921/24/5 1922/24/5
f 1926/24/5 1925/24/5 1924/24/5
f 1927/24/5 1925/24/5 1926/24/5
f 1928/4/6 1929/4/6 1930/4/6
f 1930/4/6 1929/4/6 1931/4/6
f 1932/15/6 1933/15/6 1936/15/6
f 1936/15/6 1933/15/6 1937/15/6
f 1934/8/6 1935/8/6 1938/8/6
f 1938/8/6 1935/8/6 1939/8/6
f 1940/8/6 1941/8/6 1942/8/6
f 1942/8/6 1941/8/6 1943/8/6
f 1944/7/6 1945/7/6 1948/7/6
f 1948/7/6 1945/7/6 1949/7/6
f 1946/8/6 1947/8/6 1950/8/6
f 1950/8/6 1947/8/6 1951/8/6
f 1952/8/6 1953/8/6 1954/8/6
f 1954/8/6 1953/8/6 1955/8/6
f 1956/8/6 1957/8/6 1958/8/6
f 1958/8/6 1957/8/6 1959/8/6
f 1960/8/6 1961/8/6 1962/8/6
f 1962/8/6 1961/8/6 1963/8/6
f 1964/8/6 1965/8/6 1966/8/6
f 1966/8/6 1965/8/6 1967/8/6
f 1968/8/6 1969/8/6 1970/8/6
f 1970/8/6 1969/8/6 1971/8/6
f 1972/6/6 1973/6/6 1976/6/6
f 1976/6/6 1973/6/6 1977/6/6
f 1974/8/6 1975/8/6 1978/8/6
f 1978/8/6 1975/8/6 1979/8/6
f 1980/15/6 1981/15/6 1982/15/6
f 1982/15/6 1981/15/6 1983/15/6
f 1984/15/6 1985/15/6 1986/15/6
f 1986/15/6 1985/15/6 1987/15/6
f 1988/7/6 1989/7/6 1992/7/6
f 1992/7/6 1989/7/6 1993/7/6
f 1990/24/6 1991/24/6 1994/24/6
f 1994/24/6 1991/24/6 1995/24/6
f 1996/15/6 1997/15/6 2000/15/6
f 2000/15/6 1997/15/6 2001/15/6
f 1998/24/6 1999/24/6 2002/24/6
f 2002/24/6 1999/24/6 2003/24/6
f 2004/15/6 2005/15/6 2008/15/6
f 2008/15/6 2005/15/6 2009/15/6
f 2006/7/6 2007/7/6 2010/7/6
f 2010/7/6 2007/7/6 2011/7/6
f 2012/7/6 2013/7/6 2016/7/6
f 2016/7/6 2013/7/6 2017/7/6
f 2014/24/6 2015/24/6 2018/24/6
f 2018/24/6 2015/24/6 2019/24/6
f 2020/7/6 2021/7/6 2031/7/6
f 2021/15/6 2022/15/6 2032/15/6
f 2031/7/6 2021/7/6 2032/7/6
f 2022/6/6 2023/6/6 2033/6/6
f 2032/15/6 2022/15/6 2033/15/6
f 2023/15/6 2024/15/6 2034/15/6
f 2033/6/6 2023/6/6 2034/6/6
f 2024/7/6 2025/7/6 2035/7/6
f 2034/15/6 2024/15/6 2035/15/6
f 2025/8/6 2026/8/6 2036/8/6
f 2035/7/6 2025/7/6 2036/7/6
f 2036/8/6 2026/8/6 2037/8/6
f 2027/24/6 2028/24/6 2038/24/6
f 2038/24/6 2028/24/6 2039/24/6
f 2029/27/6 2030/27/6 2040/27/6
f 2040/27/6 2030/27/6 2041/27/6
f 2042/27/6 2043/27/6 2046/27/6
f 2046/27/6 2043/27/6 2047/27/6
f 2044/27/6 2045/27/6 2048/27/6
f 2048/27/6 2045/27/6 2049/27/6
f 2050/27/6 2051/27/6 2052/27/6
f 2052/27/6 2051/27/6 2053/27/6
