# MagicaVoxel @ Ephtracy

# group
o 

# material
mtllib Player_Idle_02.mtl
usemtl palette

# normals
vn -1 0 0
vn 1 0 0
vn 0 0 1
vn 0 0 -1
vn 0 -1 0
vn 0 1 0

# texcoords
vt 0.00195312 0.5
vt 0.00585938 0.5
vt 0.00976562 0.5
vt 0.0136719 0.5
vt 0.0175781 0.5
vt 0.0214844 0.5
vt 0.0253906 0.5
vt 0.0292969 0.5
vt 0.0332031 0.5
vt 0.0371094 0.5
vt 0.0410156 0.5
vt 0.0449219 0.5
vt 0.0488281 0.5
vt 0.0527344 0.5
vt 0.0566406 0.5
vt 0.0605469 0.5
vt 0.0644531 0.5
vt 0.0683594 0.5
vt 0.0722656 0.5
vt 0.0761719 0.5
vt 0.0800781 0.5
vt 0.0839844 0.5
vt 0.0878906 0.5
vt 0.0917969 0.5
vt 0.0996094 0.5
vt 0.119141 0.5
vt 0.123047 0.5

# verts
v -1.5 2.4 0.0999999
v -1.5 2.4 -0.1
v -1.5 2.5 0.0999999
v -1.5 2.5 -0.1
v -1.4 2.5 0.0999999
v -1.4 2.5 -0.1
v -1.4 2.6 0.0999999
v -1.4 2.6 -0.1
v -1.4 2.8 0.0999999
v -1.4 2.8 -0.1
v -1.3 0.7 0.0999999
v -1.3 0.7 -0.1
v -1.3 0.8 0.0999999
v -1.3 0.8 -0.1
v -1.3 0.9 0.0999999
v -1.3 0.9 -0.1
v -1.3 2.3 0.0999999
v -1.3 2.3 -0.1
v -1.3 2.4 0.0999999
v -1.3 2.4 -0.1
v -1.3 2.8 0.0999999
v -1.3 2.8 -0.1
v -1.3 2.9 0.0999999
v -1.3 2.9 -0.1
v -1.3 3 0.0999999
v -1.3 3 -0.1
v -1.2 0.6 0.0999999
v -1.2 0.6 -0.1
v -1.2 0.7 0.0999999
v -1.2 0.7 -0.1
v -1.2 0.9 0.0999999
v -1.2 0.9 -0.1
v -1.2 1 0.0999999
v -1.2 1 -0.1
v -1.2 2.1 0.0999999
v -1.2 2.1 -0.1
v -1.2 2.3 0.0999999
v -1.2 2.3 -0.1
v -1.2 3 0.0999999
v -1.2 3 -0.1
v -1.2 3.1 0.0999999
v -1.2 3.1 -0.1
v -1.1 0.5 0.0999999
v -1.1 0.5 -0.1
v -1.1 0.6 0.0999999
v -1.1 0.6 -0.1
v -1.1 1 0.0999999
v -1.1 1 -0.1
v -1.1 1.1 0.0999999
v -1.1 1.1 -0.1
v -1.1 1.2 0.0999999
v -1.1 1.2 -0.1
v -1.1 1.3 0.0999999
v -1.1 1.3 -0.1
v -1.1 1.8 0.0999999
v -1.1 1.8 -0.1
v -1.1 2 0.0999999
v -1.1 2 -0.1
v -1.1 2.1 0.0999999
v -1.1 2.1 -0.1
v -1.1 3.1 0.0999999
v -1.1 3.1 -0.1
v -1.1 3.2 0.0999999
v -1.1 3.2 -0.1
v -1 0.4 0.0999999
v -1 0.4 -0.1
v -1 0.5 0.0999999
v -1 0.5 -0.1
v -1 1.3 0.0999999
v -1 1.3 -0.1
v -1 1.4 0.0999999
v -1 1.4 -0.1
v -1 1.5 0.0999999
v -1 1.5 -0.1
v -1 1.7 0.0999999
v -1 1.7 -0.1
v -1 1.8 0.0999999
v -1 1.8 -0.1
v -1 3.2 0.0999999
v -1 3.2 -0.1
v -1 3.3 0.0999999
v -1 3.3 -0.1
v -0.9 1.5 0.0999999
v -0.9 1.5 -0.1
v -0.9 1.6 0.0999999
v -0.9 1.6 -0.1
v -0.9 1.7 0.0999999
v -0.9 1.7 -0.1
v -0.9 3.3 0.0999999
v -0.9 3.3 -0.1
v -0.9 3.4 0.0999999
v -0.9 3.4 -0.1
v -0.8 0 0.0999999
v -0.8 0 -0.1
v -0.8 0.1 0.0999999
v -0.8 0.1 -0.1
v -0.8 0.3 0.0999999
v -0.8 0.3 -0.1
v -0.8 0.4 0.0999999
v -0.8 0.4 -0.1
v -0.7 3.4 0.0999999
v -0.7 3.4 -0.1
v -0.7 3.5 0.0999999
v -0.7 3.5 -0.1
v 0.4 0.4 0.0999999
v 0.4 0.4 -0.1
v 0.4 0.5 0.0999999
v 0.4 0.5 -0.1
v 0.4 3.4 0.0999999
v 0.4 3.4 -0.1
v 0.4 3.5 0.0999999
v 0.4 3.5 -0.1
v 0.5 3.5 0.0999999
v 0.5 3.5 -0.1
v 0.5 3.6 0.0999999
v 0.5 3.6 -0.1
v 0.6 3.6 0.0999999
v 0.6 3.6 -0.1
v 0.6 3.7 0.0999999
v 0.6 3.7 -0.1
v 0.7 3.3 0.0999999
v 0.7 3.3 -0.1
v 0.7 3.4 0.0999999
v 0.7 3.4 -0.1
v 0.9 0.4 0.0999999
v 0.9 0.4 -0.1
v 0.9 0.5 0.0999999
v 0.9 0.5 -0.1
v -0.1 0 0.0999999
v -0.1 0 -0.1
v -0.1 0.1 0.0999999
v -0.1 0.1 -0.1
v 0 0.1 0.0999999
v 0 0.1 -0.1
v 0 0.4 0.0999999
v 0 0.4 -0.1
v 0.3 0.4 0.0999999
v 0.3 0.4 -0.1
v 0.3 0.5 0.0999999
v 0.3 0.5 -0.1
v 0.3 3.4 0.0999999
v 0.3 3.4 -0.1
v 0.3 3.5 0.0999999
v 0.3 3.5 -0.1
v 0.6 3.3 0.0999999
v 0.6 3.3 -0.1
v 0.6 3.4 0.0999999
v 0.6 3.4 -0.1
v 0.7 0.4 0.0999999
v 0.7 0.4 -0.1
v 0.7 0.5 0.0999999
v 0.7 0.5 -0.1
v 0.8 3.6 0.0999999
v 0.8 3.6 -0.1
v 0.8 3.7 0.0999999
v 0.8 3.7 -0.1
v 0.9 3.5 0.0999999
v 0.9 3.5 -0.1
v 0.9 3.6 0.0999999
v 0.9 3.6 -0.1
v 1 2.5 0.0999999
v 1 2.5 -0.1
v 1 2.8 0.0999999
v 1 2.8 -0.1
v 1 2.9 0.0999999
v 1 2.9 -0.1
v 1 3.2 0.0999999
v 1 3.2 -0.1
v 1 3.4 0.0999999
v 1 3.4 -0.1
v 1 3.5 0.0999999
v 1 3.5 -0.1
v 1.1 0.4 0.0999999
v 1.1 0.4 -0.1
v 1.1 0.5 0.0999999
v 1.1 0.5 -0.1
v 1.1 2.3 0.0999999
v 1.1 2.3 -0.1
v 1.1 2.4 0.0999999
v 1.1 2.4 -0.1
v 1.1 2.5 0.0999999
v 1.1 2.5 -0.1
v 1.1 2.9 0.0999999
v 1.1 2.9 -0.1
v 1.1 3 0.0999999
v 1.1 3 -0.1
v 1.1 3.1 0.0999999
v 1.1 3.1 -0.1
v 1.1 3.2 0.0999999
v 1.1 3.2 -0.1
v 1.2 0.5 0.0999999
v 1.2 0.5 -0.1
v 1.2 0.6 0.0999999
v 1.2 0.6 -0.1
v 1.2 2 0.0999999
v 1.2 2 -0.1
v 1.2 2.1 0.0999999
v 1.2 2.1 -0.1
v 1.2 2.3 0.0999999
v 1.2 2.3 -0.1
v 1.2 3 0.0999999
v 1.2 3 -0.1
v 1.2 3.1 0.0999999
v 1.2 3.1 -0.1
v 1.3 1.8 0.0999999
v 1.3 1.8 -0.1
v 1.3 1.9 0.0999999
v 1.3 1.9 -0.1
v 1.3 2 0.0999999
v 1.3 2 -0.1
v 1.4 0.6 0.0999999
v 1.4 0.6 -0.1
v 1.4 0.7 0.0999999
v 1.4 0.7 -0.1
v 1.4 1.7 0.0999999
v 1.4 1.7 -0.1
v 1.4 1.8 0.0999999
v 1.4 1.8 -0.1
v 1.5 0.7 0.0999999
v 1.5 0.7 -0.1
v 1.5 0.8 0.0999999
v 1.5 0.8 -0.1
v 1.5 1.6 0.0999999
v 1.5 1.6 -0.1
v 1.5 1.7 0.0999999
v 1.5 1.7 -0.1
v 1.6 0.8 0.0999999
v 1.6 0.8 -0.1
v 1.6 0.9 0.0999999
v 1.6 0.9 -0.1
v 1.6 1.5 0.0999999
v 1.6 1.5 -0.1
v 1.6 1.6 0.0999999
v 1.6 1.6 -0.1
v 1.7 1.4 0.0999999
v 1.7 1.4 -0.1
v 1.7 1.5 0.0999999
v 1.7 1.5 -0.1
v 1.8 0.9 0.0999999
v 1.8 0.9 -0.1
v 1.8 1.1 0.0999999
v 1.8 1.1 -0.1
v 1.8 1.3 0.0999999
v 1.8 1.3 -0.1
v 1.8 1.4 0.0999999
v 1.8 1.4 -0.1
v 1.9 1.1 0.0999999
v 1.9 1.1 -0.1
v 1.9 1.3 0.0999999
v 1.9 1.3 -0.1
v -1.5 2.4 0.0999999
v -1.5 2.5 0.0999999
v -1.4 2.4 0.0999999
v -1.4 2.5 0.0999999
v -1.4 2.6 0.0999999
v -1.4 2.8 0.0999999
v -1.3 0.7 0.0999999
v -1.3 0.8 0.0999999
v -1.3 0.9 0.0999999
v -1.3 2.3 0.0999999
v -1.3 2.4 0.0999999
v -1.3 2.5 0.0999999
v -1.3 2.6 0.0999999
v -1.3 2.7 0.0999999
v -1.3 2.8 0.0999999
v -1.3 2.9 0.0999999
v -1.3 3 0.0999999
v -1.2 0.6 0.0999999
v -1.2 0.7 0.0999999
v -1.2 0.8 0.0999999
v -1.2 0.9 0.0999999
v -1.2 1 0.0999999
v -1.2 2.1 0.0999999
v -1.2 2.3 0.0999999
v -1.2 2.4 0.0999999
v -1.2 2.5 0.0999999
v -1.2 2.6 0.0999999
v -1.2 2.7 0.0999999
v -1.2 2.8 0.0999999
v -1.2 2.9 0.0999999
v -1.2 3 0.0999999
v -1.2 3.1 0.0999999
v -1.1 0.5 0.0999999
v -1.1 0.6 0.0999999
v -1.1 0.7 0.0999999
v -1.1 0.8 0.0999999
v -1.1 0.9 0.0999999
v -1.1 1 0.0999999
v -1.1 1.1 0.0999999
v -1.1 1.2 0.0999999
v -1.1 1.3 0.0999999
v -1.1 1.8 0.0999999
v -1.1 2 0.0999999
v -1.1 2.1 0.0999999
v -1.1 2.2 0.0999999
v -1.1 2.3 0.0999999
v -1.1 2.4 0.0999999
v -1.1 2.5 0.0999999
v -1.1 2.6 0.0999999
v -1.1 2.7 0.0999999
v -1.1 2.8 0.0999999
v -1.1 2.9 0.0999999
v -1.1 3 0.0999999
v -1.1 3.1 0.0999999
v -1.1 3.2 0.0999999
v -1 0.4 0.0999999
v -1 0.5 0.0999999
v -1 0.6 0.0999999
v -1 0.7 0.0999999
v -1 0.8 0.0999999
v -1 0.9 0.0999999
v -1 1 0.0999999
v -1 1.1 0.0999999
v -1 1.2 0.0999999
v -1 1.3 0.0999999
v -1 1.4 0.0999999
v -1 1.5 0.0999999
v -1 1.7 0.0999999
v -1 1.8 0.0999999
v -1 1.9 0.0999999
v -1 2 0.0999999
v -1 2.1 0.0999999
v -1 2.2 0.0999999
v -1 2.3 0.0999999
v -1 2.4 0.0999999
v -1 2.5 0.0999999
v -1 2.6 0.0999999
v -1 2.7 0.0999999
v -1 2.8 0.0999999
v -1 2.9 0.0999999
v -1 3 0.0999999
v -1 3.1 0.0999999
v -1 3.2 0.0999999
v -1 3.3 0.0999999
v -0.9 0.5 0.0999999
v -0.9 0.6 0.0999999
v -0.9 0.7 0.0999999
v -0.9 0.8 0.0999999
v -0.9 0.9 0.0999999
v -0.9 1 0.0999999
v -0.9 1.1 0.0999999
v -0.9 1.2 0.0999999
v -0.9 1.3 0.0999999
v -0.9 1.4 0.0999999
v -0.9 1.5 0.0999999
v -0.9 1.6 0.0999999
v -0.9 1.7 0.0999999
v -0.9 1.8 0.0999999
v -0.9 1.9 0.0999999
v -0.9 2.1 0.0999999
v -0.9 2.2 0.0999999
v -0.9 2.3 0.0999999
v -0.9 2.4 0.0999999
v -0.9 2.5 0.0999999
v -0.9 2.7 0.0999999
v -0.9 2.8 0.0999999
v -0.9 2.9 0.0999999
v -0.9 3 0.0999999
v -0.9 3.1 0.0999999
v -0.9 3.2 0.0999999
v -0.9 3.3 0.0999999
v -0.9 3.4 0.0999999
v -0.8 0 0.0999999
v -0.8 0.1 0.0999999
v -0.8 0.3 0.0999999
v -0.8 0.4 0.0999999
v -0.8 0.5 0.0999999
v -0.8 0.6 0.0999999
v -0.8 0.7 0.0999999
v -0.8 0.8 0.0999999
v -0.8 0.9 0.0999999
v -0.8 1 0.0999999
v -0.8 1.1 0.0999999
v -0.8 1.2 0.0999999
v -0.8 1.3 0.0999999
v -0.8 1.4 0.0999999
v -0.8 1.5 0.0999999
v -0.8 1.6 0.0999999
v -0.8 1.8 0.0999999
v -0.8 1.9 0.0999999
v -0.8 2 0.0999999
v -0.8 2.1 0.0999999
v -0.8 2.3 0.0999999
v -0.8 2.4 0.0999999
v -0.8 2.5 0.0999999
v -0.8 2.6 0.0999999
v -0.8 2.7 0.0999999
v -0.8 2.8 0.0999999
v -0.8 2.9 0.0999999
v -0.8 3 0.0999999
v -0.8 3.1 0.0999999
v -0.8 3.2 0.0999999
v -0.8 3.3 0.0999999
v -0.7 0 0.0999999
v -0.7 0.1 0.0999999
v -0.7 0.2 0.0999999
v -0.7 0.3 0.0999999
v -0.7 0.4 0.0999999
v -0.7 0.5 0.0999999
v -0.7 0.6 0.0999999
v -0.7 0.7 0.0999999
v -0.7 0.8 0.0999999
v -0.7 0.9 0.0999999
v -0.7 1 0.0999999
v -0.7 1.1 0.0999999
v -0.7 1.2 0.0999999
v -0.7 1.3 0.0999999
v -0.7 1.4 0.0999999
v -0.7 1.5 0.0999999
v -0.7 1.6 0.0999999
v -0.7 1.7 0.0999999
v -0.7 1.8 0.0999999
v -0.7 2.3 0.0999999
v -0.7 2.4 0.0999999
v -0.7 2.5 0.0999999
v -0.7 2.6 0.0999999
v -0.7 2.7 0.0999999
v -0.7 2.8 0.0999999
v -0.7 2.9 0.0999999
v -0.7 3 0.0999999
v -0.7 3.1 0.0999999
v -0.7 3.2 0.0999999
v -0.7 3.3 0.0999999
v -0.7 3.4 0.0999999
v -0.7 3.5 0.0999999
v -0.6 0.1 0.0999999
v -0.6 0.2 0.0999999
v -0.6 0.3 0.0999999
v -0.6 0.4 0.0999999
v -0.6 0.5 0.0999999
v -0.6 0.6 0.0999999
v -0.6 0.7 0.0999999
v -0.6 0.8 0.0999999
v -0.6 0.9 0.0999999
v -0.6 1 0.0999999
v -0.6 1.1 0.0999999
v -0.6 1.2 0.0999999
v -0.6 1.3 0.0999999
v -0.6 1.4 0.0999999
v -0.6 1.5 0.0999999
v -0.6 1.6 0.0999999
v -0.6 1.7 0.0999999
v -0.6 1.8 0.0999999
v -0.6 1.9 0.0999999
v -0.6 2.1 0.0999999
v -0.6 2.3 0.0999999
v -0.6 2.4 0.0999999
v -0.6 2.5 0.0999999
v -0.6 2.6 0.0999999
v -0.6 2.7 0.0999999
v -0.6 2.8 0.0999999
v -0.6 2.9 0.0999999
v -0.6 3 0.0999999
v -0.6 3.1 0.0999999
v -0.6 3.2 0.0999999
v -0.6 3.3 0.0999999
v -0.5 0 0.0999999
v -0.5 0.1 0.0999999
v -0.5 0.2 0.0999999
v -0.5 0.3 0.0999999
v -0.5 0.4 0.0999999
v -0.5 0.5 0.0999999
v -0.5 0.6 0.0999999
v -0.5 0.7 0.0999999
v -0.5 0.8 0.0999999
v -0.5 1 0.0999999
v -0.5 1.1 0.0999999
v -0.5 1.2 0.0999999
v -0.5 1.3 0.0999999
v -0.5 1.4 0.0999999
v -0.5 1.5 0.0999999
v -0.5 1.6 0.0999999
v -0.5 1.7 0.0999999
v -0.5 1.8 0.0999999
v -0.5 1.9 0.0999999
v -0.5 2 0.0999999
v -0.5 2.1 0.0999999
v -0.5 2.3 0.0999999
v -0.5 2.5 0.0999999
v -0.5 2.6 0.0999999
v -0.5 2.7 0.0999999
v -0.5 2.8 0.0999999
v -0.5 2.9 0.0999999
v -0.5 3 0.0999999
v -0.5 3.1 0.0999999
v -0.5 3.3 0.0999999
v -0.5 3.4 0.0999999
v -0.5 3.5 0.0999999
v -0.4 0 0.0999999
v -0.4 0.1 0.0999999
v -0.4 0.2 0.0999999
v -0.4 0.3 0.0999999
v -0.4 0.4 0.0999999
v -0.4 0.5 0.0999999
v -0.4 0.6 0.0999999
v -0.4 0.7 0.0999999
v -0.4 0.8 0.0999999
v -0.4 0.9 0.0999999
v -0.4 1 0.0999999
v -0.4 1.1 0.0999999
v -0.4 1.2 0.0999999
v -0.4 1.3 0.0999999
v -0.4 1.4 0.0999999
v -0.4 1.5 0.0999999
v -0.4 1.6 0.0999999
v -0.4 1.7 0.0999999
v -0.4 1.8 0.0999999
v -0.4 1.9 0.0999999
v -0.4 2.1 0.0999999
v -0.4 2.3 0.0999999
v -0.4 2.5 0.0999999
v -0.4 2.7 0.0999999
v -0.4 2.8 0.0999999
v -0.4 2.9 0.0999999
v -0.4 3 0.0999999
v -0.4 3.2 0.0999999
v -0.4 3.4 0.0999999
v -0.4 3.5 0.0999999
v -0.3 0 0.0999999
v -0.3 0.1 0.0999999
v -0.3 0.2 0.0999999
v -0.3 0.3 0.0999999
v -0.3 0.4 0.0999999
v -0.3 0.5 0.0999999
v -0.3 0.6 0.0999999
v -0.3 0.7 0.0999999
v -0.3 0.8 0.0999999
v -0.3 0.9 0.0999999
v -0.3 1 0.0999999
v -0.3 1.1 0.0999999
v -0.3 1.2 0.0999999
v -0.3 1.3 0.0999999
v -0.3 1.4 0.0999999
v -0.3 1.5 0.0999999
v -0.3 1.6 0.0999999
v -0.3 1.7 0.0999999
v -0.3 1.8 0.0999999
v -0.3 1.9 0.0999999
v -0.3 2.1 0.0999999
v -0.3 2.2 0.0999999
v -0.3 2.3 0.0999999
v -0.3 2.5 0.0999999
v -0.3 2.6 0.0999999
v -0.3 2.7 0.0999999
v -0.3 2.8 0.0999999
v -0.3 2.9 0.0999999
v -0.3 3 0.0999999
v -0.3 3.1 0.0999999
v -0.3 3.2 0.0999999
v -0.3 3.3 0.0999999
v -0.3 3.4 0.0999999
v -0.3 3.5 0.0999999
v -0.2 0.2 0.0999999
v -0.2 0.3 0.0999999
v -0.2 0.4 0.0999999
v -0.2 0.5 0.0999999
v -0.2 0.6 0.0999999
v -0.2 0.7 0.0999999
v -0.2 0.8 0.0999999
v -0.2 0.9 0.0999999
v -0.2 1 0.0999999
v -0.2 1.1 0.0999999
v -0.2 1.2 0.0999999
v -0.2 1.3 0.0999999
v -0.2 1.4 0.0999999
v -0.2 1.5 0.0999999
v -0.2 1.6 0.0999999
v -0.2 1.7 0.0999999
v -0.2 1.8 0.0999999
v -0.2 1.9 0.0999999
v -0.2 2 0.0999999
v -0.2 2.1 0.0999999
v -0.2 2.2 0.0999999
v -0.2 2.3 0.0999999
v -0.2 2.4 0.0999999
v -0.2 2.5 0.0999999
v -0.2 2.6 0.0999999
v -0.2 2.9 0.0999999
v -0.2 3 0.0999999
v -0.2 3.1 0.0999999
v -0.2 3.3 0.0999999
v -0.2 3.4 0.0999999
v -0.2 3.5 0.0999999
v -0.1 0 0.0999999
v -0.1 0.1 0.0999999
v -0.1 0.3 0.0999999
v -0.1 0.4 0.0999999
v -0.1 0.5 0.0999999
v -0.1 0.6 0.0999999
v -0.1 0.7 0.0999999
v -0.1 0.8 0.0999999
v -0.1 1 0.0999999
v -0.1 1.1 0.0999999
v -0.1 1.2 0.0999999
v -0.1 1.3 0.0999999
v -0.1 1.4 0.0999999
v -0.1 1.5 0.0999999
v -0.1 1.6 0.0999999
v -0.1 1.7 0.0999999
v -0.1 1.8 0.0999999
v -0.1 2 0.0999999
v -0.1 2.2 0.0999999
v -0.1 2.3 0.0999999
v -0.1 2.4 0.0999999
v -0.1 2.6 0.0999999
v -0.1 2.7 0.0999999
v -0.1 2.8 0.0999999
v -0.1 2.9 0.0999999
v -0.1 3 0.0999999
v -0.1 3.1 0.0999999
v -0.1 3.2 0.0999999
v -0.1 3.3 0.0999999
v 0 0.1 0.0999999
v 0 0.4 0.0999999
v 0 0.5 0.0999999
v 0 0.6 0.0999999
v 0 0.7 0.0999999
v 0 0.8 0.0999999
v 0 0.9 0.0999999
v 0 1.1 0.0999999
v 0 1.2 0.0999999
v 0 1.4 0.0999999
v 0 1.5 0.0999999
v 0 1.6 0.0999999
v 0 1.7 0.0999999
v 0 1.8 0.0999999
v 0 1.9 0.0999999
v 0 2 0.0999999
v 0 2.1 0.0999999
v 0 2.2 0.0999999
v 0 2.3 0.0999999
v 0 2.4 0.0999999
v 0 2.7 0.0999999
v 0 2.8 0.0999999
v 0 2.9 0.0999999
v 0 3 0.0999999
v 0 3.1 0.0999999
v 0 3.2 0.0999999
v 0 3.3 0.0999999
v 0 3.4 0.0999999
v 0 3.5 0.0999999
v 0.1 0.4 0.0999999
v 0.1 0.5 0.0999999
v 0.1 1 0.0999999
v 0.1 1.1 0.0999999
v 0.1 1.2 0.0999999
v 0.1 1.4 0.0999999
v 0.1 1.5 0.0999999
v 0.1 1.6 0.0999999
v 0.1 1.7 0.0999999
v 0.1 1.8 0.0999999
v 0.1 1.9 0.0999999
v 0.1 2 0.0999999
v 0.1 2.1 0.0999999
v 0.1 2.2 0.0999999
v 0.1 2.4 0.0999999
v 0.1 2.7 0.0999999
v 0.1 2.9 0.0999999
v 0.1 3 0.0999999
v 0.1 3.1 0.0999999
v 0.1 3.2 0.0999999
v 0.1 3.3 0.0999999
v 0.1 3.4 0.0999999
v 0.2 0.5 0.0999999
v 0.2 0.6 0.0999999
v 0.2 0.7 0.0999999
v 0.2 0.8 0.0999999
v 0.2 0.9 0.0999999
v 0.2 1 0.0999999
v 0.2 1.1 0.0999999
v 0.2 1.2 0.0999999
v 0.2 1.3 0.0999999
v 0.2 1.4 0.0999999
v 0.2 1.6 0.0999999
v 0.2 1.8 0.0999999
v 0.2 1.9 0.0999999
v 0.2 2.1 0.0999999
v 0.2 2.2 0.0999999
v 0.2 2.3 0.0999999
v 0.2 2.4 0.0999999
v 0.2 2.5 0.0999999
v 0.2 2.6 0.0999999
v 0.2 2.7 0.0999999
v 0.2 2.9 0.0999999
v 0.2 3 0.0999999
v 0.2 3.1 0.0999999
v 0.2 3.2 0.0999999
v 0.2 3.3 0.0999999
v 0.3 0.4 0.0999999
v 0.3 0.5 0.0999999
v 0.3 0.6 0.0999999
v 0.3 0.7 0.0999999
v 0.3 0.8 0.0999999
v 0.3 0.9 0.0999999
v 0.3 1 0.0999999
v 0.3 1.1 0.0999999
v 0.3 1.2 0.0999999
v 0.3 1.3 0.0999999
v 0.3 1.6 0.0999999
v 0.3 1.8 0.0999999
v 0.3 1.9 0.0999999
v 0.3 2 0.0999999
v 0.3 2.1 0.0999999
v 0.3 2.2 0.0999999
v 0.3 2.3 0.0999999
v 0.3 2.4 0.0999999
v 0.3 2.5 0.0999999
v 0.3 2.6 0.0999999
v 0.3 2.7 0.0999999
v 0.3 2.8 0.0999999
v 0.3 3 0.0999999
v 0.3 3.1 0.0999999
v 0.3 3.3 0.0999999
v 0.3 3.4 0.0999999
v 0.3 3.5 0.0999999
v 0.4 0.4 0.0999999
v 0.4 0.5 0.0999999
v 0.4 0.6 0.0999999
v 0.4 0.7 0.0999999
v 0.4 0.9 0.0999999
v 0.4 1.2 0.0999999
v 0.4 1.3 0.0999999
v 0.4 1.5 0.0999999
v 0.4 1.6 0.0999999
v 0.4 1.8 0.0999999
v 0.4 1.9 0.0999999
v 0.4 2 0.0999999
v 0.4 2.2 0.0999999
v 0.4 2.3 0.0999999
v 0.4 2.4 0.0999999
v 0.4 2.5 0.0999999
v 0.4 2.6 0.0999999
v 0.4 2.7 0.0999999
v 0.4 2.8 0.0999999
v 0.4 2.9 0.0999999
v 0.4 3 0.0999999
v 0.4 3.1 0.0999999
v 0.4 3.2 0.0999999
v 0.4 3.3 0.0999999
v 0.4 3.4 0.0999999
v 0.4 3.5 0.0999999
v 0.5 0.6 0.0999999
v 0.5 0.7 0.0999999
v 0.5 0.9 0.0999999
v 0.5 1.1 0.0999999
v 0.5 1.2 0.0999999
v 0.5 1.4 0.0999999
v 0.5 1.5 0.0999999
v 0.5 1.6 0.0999999
v 0.5 1.7 0.0999999
v 0.5 1.8 0.0999999
v 0.5 1.9 0.0999999
v 0.5 2 0.0999999
v 0.5 2.3 0.0999999
v 0.5 2.4 0.0999999
v 0.5 2.5 0.0999999
v 0.5 2.6 0.0999999
v 0.5 2.8 0.0999999
v 0.5 2.9 0.0999999
v 0.5 3 0.0999999
v 0.5 3.1 0.0999999
v 0.5 3.2 0.0999999
v 0.5 3.3 0.0999999
v 0.5 3.4 0.0999999
v 0.5 3.5 0.0999999
v 0.5 3.6 0.0999999
v 0.6 0.5 0.0999999
v 0.6 0.6 0.0999999
v 0.6 0.7 0.0999999
v 0.6 0.8 0.0999999
v 0.6 0.9 0.0999999
v 0.6 1.1 0.0999999
v 0.6 1.2 0.0999999
v 0.6 1.3 0.0999999
v 0.6 1.4 0.0999999
v 0.6 1.5 0.0999999
v 0.6 1.6 0.0999999
v 0.6 1.7 0.0999999
v 0.6 1.8 0.0999999
v 0.6 1.9 0.0999999
v 0.6 2 0.0999999
v 0.6 2.1 0.0999999
v 0.6 2.3 0.0999999
v 0.6 2.5 0.0999999
v 0.6 2.6 0.0999999
v 0.6 2.7 0.0999999
v 0.6 2.8 0.0999999
v 0.6 2.9 0.0999999
v 0.6 3 0.0999999
v 0.6 3.1 0.0999999
v 0.6 3.2 0.0999999
v 0.6 3.3 0.0999999
v 0.6 3.4 0.0999999
v 0.6 3.5 0.0999999
v 0.6 3.6 0.0999999
v 0.6 3.7 0.0999999
v 0.7 0.4 0.0999999
v 0.7 0.5 0.0999999
v 0.7 0.6 0.0999999
v 0.7 0.7 0.0999999
v 0.7 0.8 0.0999999
v 0.7 0.9 0.0999999
v 0.7 1.1 0.0999999
v 0.7 1.3 0.0999999
v 0.7 1.4 0.0999999
v 0.7 1.6 0.0999999
v 0.7 1.7 0.0999999
v 0.7 1.8 0.0999999
v 0.7 1.9 0.0999999
v 0.7 2.1 0.0999999
v 0.7 2.3 0.0999999
v 0.7 2.5 0.0999999
v 0.7 2.6 0.0999999
v 0.7 2.7 0.0999999
v 0.7 2.8 0.0999999
v 0.7 2.9 0.0999999
v 0.7 3 0.0999999
v 0.7 3.1 0.0999999
v 0.7 3.2 0.0999999
v 0.7 3.3 0.0999999
v 0.7 3.4 0.0999999
v 0.8 0.6 0.0999999
v 0.8 0.7 0.0999999
v 0.8 0.8 0.0999999
v 0.8 0.9 0.0999999
v 0.8 1.1 0.0999999
v 0.8 1.3 0.0999999
v 0.8 1.4 0.0999999
v 0.8 1.6 0.0999999
v 0.8 1.7 0.0999999
v 0.8 1.8 0.0999999
v 0.8 1.9 0.0999999
v 0.8 2.1 0.0999999
v 0.8 2.2 0.0999999
v 0.8 2.5 0.0999999
v 0.8 2.6 0.0999999
v 0.8 2.8 0.0999999
v 0.8 2.9 0.0999999
v 0.8 3 0.0999999
v 0.8 3.1 0.0999999
v 0.8 3.2 0.0999999
v 0.8 3.3 0.0999999
v 0.8 3.5 0.0999999
v 0.8 3.6 0.0999999
v 0.8 3.7 0.0999999
v 0.9 0.4 0.0999999
v 0.9 0.5 0.0999999
v 0.9 0.6 0.0999999
v 0.9 0.7 0.0999999
v 0.9 0.8 0.0999999
v 0.9 0.9 0.0999999
v 0.9 1 0.0999999
v 0.9 1.1 0.0999999
v 0.9 1.2 0.0999999
v 0.9 1.3 0.0999999
v 0.9 1.4 0.0999999
v 0.9 1.5 0.0999999
v 0.9 1.6 0.0999999
v 0.9 1.7 0.0999999
v 0.9 1.8 0.0999999
v 0.9 1.9 0.0999999
v 0.9 2.1 0.0999999
v 0.9 2.2 0.0999999
v 0.9 2.4 0.0999999
v 0.9 2.5 0.0999999
v 0.9 2.7 0.0999999
v 0.9 2.8 0.0999999
v 0.9 2.9 0.0999999
v 0.9 3 0.0999999
v 0.9 3.1 0.0999999
v 0.9 3.2 0.0999999
v 0.9 3.3 0.0999999
v 0.9 3.4 0.0999999
v 0.9 3.5 0.0999999
v 0.9 3.6 0.0999999
v 1 0.5 0.0999999
v 1 0.6 0.0999999
v 1 0.7 0.0999999
v 1 0.8 0.0999999
v 1 0.9 0.0999999
v 1 1 0.0999999
v 1 1.1 0.0999999
v 1 1.2 0.0999999
v 1 1.3 0.0999999
v 1 1.4 0.0999999
v 1 1.5 0.0999999
v 1 1.6 0.0999999
v 1 1.7 0.0999999
v 1 1.8 0.0999999
v 1 1.9 0.0999999
v 1 2 0.0999999
v 1 2.2 0.0999999
v 1 2.3 0.0999999
v 1 2.4 0.0999999
v 1 2.5 0.0999999
v 1 2.8 0.0999999
v 1 2.9 0.0999999
v 1 3 0.0999999
v 1 3.1 0.0999999
v 1 3.2 0.0999999
v 1 3.4 0.0999999
v 1 3.5 0.0999999
v 1.1 0.4 0.0999999
v 1.1 0.5 0.0999999
v 1.1 0.6 0.0999999
v 1.1 0.7 0.0999999
v 1.1 0.9 0.0999999
v 1.1 1 0.0999999
v 1.1 1.1 0.0999999
v 1.1 1.2 0.0999999
v 1.1 1.3 0.0999999
v 1.1 1.4 0.0999999
v 1.1 1.5 0.0999999
v 1.1 1.6 0.0999999
v 1.1 1.7 0.0999999
v 1.1 1.8 0.0999999
v 1.1 1.9 0.0999999
v 1.1 2 0.0999999
v 1.1 2.1 0.0999999
v 1.1 2.2 0.0999999
v 1.1 2.3 0.0999999
v 1.1 2.4 0.0999999
v 1.1 2.5 0.0999999
v 1.1 2.9 0.0999999
v 1.1 3 0.0999999
v 1.1 3.1 0.0999999
v 1.1 3.2 0.0999999
v 1.2 0.5 0.0999999
v 1.2 0.6 0.0999999
v 1.2 0.7 0.0999999
v 1.2 0.9 0.0999999
v 1.2 1 0.0999999
v 1.2 1.1 0.0999999
v 1.2 1.3 0.0999999
v 1.2 1.4 0.0999999
v 1.2 1.5 0.0999999
v 1.2 1.6 0.0999999
v 1.2 1.7 0.0999999
v 1.2 1.8 0.0999999
v 1.2 1.9 0.0999999
v 1.2 2 0.0999999
v 1.2 2.1 0.0999999
v 1.2 2.3 0.0999999
v 1.2 3 0.0999999
v 1.2 3.1 0.0999999
v 1.3 0.8 0.0999999
v 1.3 0.9 0.0999999
v 1.3 1 0.0999999
v 1.3 1.1 0.0999999
v 1.3 1.2 0.0999999
v 1.3 1.3 0.0999999
v 1.3 1.4 0.0999999
v 1.3 1.5 0.0999999
v 1.3 1.6 0.0999999
v 1.3 1.7 0.0999999
v 1.3 1.8 0.0999999
v 1.3 1.9 0.0999999
v 1.3 2 0.0999999
v 1.4 0.6 0.0999999
v 1.4 0.7 0.0999999
v 1.4 0.8 0.0999999
v 1.4 0.9 0.0999999
v 1.4 1 0.0999999
v 1.4 1.2 0.0999999
v 1.4 1.3 0.0999999
v 1.4 1.4 0.0999999
v 1.4 1.5 0.0999999
v 1.4 1.6 0.0999999
v 1.4 1.7 0.0999999
v 1.4 1.8 0.0999999
v 1.5 0.7 0.0999999
v 1.5 0.8 0.0999999
v 1.5 0.9 0.0999999
v 1.5 1 0.0999999
v 1.5 1.1 0.0999999
v 1.5 1.2 0.0999999
v 1.5 1.3 0.0999999
v 1.5 1.4 0.0999999
v 1.5 1.5 0.0999999
v 1.5 1.6 0.0999999
v 1.5 1.7 0.0999999
v 1.6 0.8 0.0999999
v 1.6 0.9 0.0999999
v 1.6 1 0.0999999
v 1.6 1.1 0.0999999
v 1.6 1.2 0.0999999
v 1.6 1.3 0.0999999
v 1.6 1.4 0.0999999
v 1.6 1.5 0.0999999
v 1.6 1.6 0.0999999
v 1.7 0.9 0.0999999
v 1.7 1 0.0999999
v 1.7 1.2 0.0999999
v 1.7 1.3 0.0999999
v 1.7 1.4 0.0999999
v 1.7 1.5 0.0999999
v 1.8 0.9 0.0999999
v 1.8 1.1 0.0999999
v 1.8 1.2 0.0999999
v 1.8 1.3 0.0999999
v 1.8 1.4 0.0999999
v 1.9 1.1 0.0999999
v 1.9 1.3 0.0999999
v -1.5 2.4 -0.1
v -1.5 2.5 -0.1
v -1.4 2.4 -0.1
v -1.4 2.5 -0.1
v -1.4 2.6 -0.1
v -1.4 2.8 -0.1
v -1.3 0.7 -0.1
v -1.3 0.8 -0.1
v -1.3 0.9 -0.1
v -1.3 2.3 -0.1
v -1.3 2.4 -0.1
v -1.3 2.5 -0.1
v -1.3 2.6 -0.1
v -1.3 2.7 -0.1
v -1.3 2.8 -0.1
v -1.3 2.9 -0.1
v -1.3 3 -0.1
v -1.2 0.6 -0.1
v -1.2 0.7 -0.1
v -1.2 0.8 -0.1
v -1.2 0.9 -0.1
v -1.2 1 -0.1
v -1.2 2.1 -0.1
v -1.2 2.3 -0.1
v -1.2 2.4 -0.1
v -1.2 2.5 -0.1
v -1.2 2.6 -0.1
v -1.2 2.7 -0.1
v -1.2 2.8 -0.1
v -1.2 2.9 -0.1
v -1.2 3 -0.1
v -1.2 3.1 -0.1
v -1.1 0.5 -0.1
v -1.1 0.6 -0.1
v -1.1 0.7 -0.1
v -1.1 0.8 -0.1
v -1.1 0.9 -0.1
v -1.1 1 -0.1
v -1.1 1.1 -0.1
v -1.1 1.2 -0.1
v -1.1 1.3 -0.1
v -1.1 1.8 -0.1
v -1.1 2 -0.1
v -1.1 2.1 -0.1
v -1.1 2.2 -0.1
v -1.1 2.3 -0.1
v -1.1 2.4 -0.1
v -1.1 2.5 -0.1
v -1.1 2.6 -0.1
v -1.1 2.7 -0.1
v -1.1 2.8 -0.1
v -1.1 2.9 -0.1
v -1.1 3 -0.1
v -1.1 3.1 -0.1
v -1.1 3.2 -0.1
v -1 0.4 -0.1
v -1 0.5 -0.1
v -1 0.6 -0.1
v -1 0.7 -0.1
v -1 0.8 -0.1
v -1 0.9 -0.1
v -1 1 -0.1
v -1 1.1 -0.1
v -1 1.2 -0.1
v -1 1.3 -0.1
v -1 1.4 -0.1
v -1 1.5 -0.1
v -1 1.7 -0.1
v -1 1.8 -0.1
v -1 1.9 -0.1
v -1 2 -0.1
v -1 2.1 -0.1
v -1 2.2 -0.1
v -1 2.3 -0.1
v -1 2.4 -0.1
v -1 2.5 -0.1
v -1 2.6 -0.1
v -1 2.7 -0.1
v -1 2.8 -0.1
v -1 2.9 -0.1
v -1 3 -0.1
v -1 3.1 -0.1
v -1 3.2 -0.1
v -1 3.3 -0.1
v -0.9 0.5 -0.1
v -0.9 0.6 -0.1
v -0.9 0.7 -0.1
v -0.9 0.8 -0.1
v -0.9 0.9 -0.1
v -0.9 1 -0.1
v -0.9 1.1 -0.1
v -0.9 1.2 -0.1
v -0.9 1.3 -0.1
v -0.9 1.4 -0.1
v -0.9 1.5 -0.1
v -0.9 1.6 -0.1
v -0.9 1.7 -0.1
v -0.9 1.8 -0.1
v -0.9 1.9 -0.1
v -0.9 2.1 -0.1
v -0.9 2.2 -0.1
v -0.9 2.3 -0.1
v -0.9 2.4 -0.1
v -0.9 2.5 -0.1
v -0.9 2.7 -0.1
v -0.9 2.8 -0.1
v -0.9 2.9 -0.1
v -0.9 3 -0.1
v -0.9 3.1 -0.1
v -0.9 3.2 -0.1
v -0.9 3.3 -0.1
v -0.9 3.4 -0.1
v -0.8 0 -0.1
v -0.8 0.1 -0.1
v -0.8 0.3 -0.1
v -0.8 0.4 -0.1
v -0.8 0.5 -0.1
v -0.8 0.6 -0.1
v -0.8 0.7 -0.1
v -0.8 0.8 -0.1
v -0.8 0.9 -0.1
v -0.8 1 -0.1
v -0.8 1.1 -0.1
v -0.8 1.2 -0.1
v -0.8 1.3 -0.1
v -0.8 1.4 -0.1
v -0.8 1.5 -0.1
v -0.8 1.6 -0.1
v -0.8 1.8 -0.1
v -0.8 1.9 -0.1
v -0.8 2 -0.1
v -0.8 2.1 -0.1
v -0.8 2.3 -0.1
v -0.8 2.4 -0.1
v -0.8 2.5 -0.1
v -0.8 2.6 -0.1
v -0.8 2.7 -0.1
v -0.8 2.8 -0.1
v -0.8 2.9 -0.1
v -0.8 3 -0.1
v -0.8 3.1 -0.1
v -0.8 3.2 -0.1
v -0.8 3.3 -0.1
v -0.7 0 -0.1
v -0.7 0.1 -0.1
v -0.7 0.2 -0.1
v -0.7 0.3 -0.1
v -0.7 0.4 -0.1
v -0.7 0.5 -0.1
v -0.7 0.6 -0.1
v -0.7 0.7 -0.1
v -0.7 0.8 -0.1
v -0.7 0.9 -0.1
v -0.7 1 -0.1
v -0.7 1.1 -0.1
v -0.7 1.2 -0.1
v -0.7 1.3 -0.1
v -0.7 1.4 -0.1
v -0.7 1.5 -0.1
v -0.7 1.6 -0.1
v -0.7 1.7 -0.1
v -0.7 1.8 -0.1
v -0.7 2.3 -0.1
v -0.7 2.4 -0.1
v -0.7 2.5 -0.1
v -0.7 2.6 -0.1
v -0.7 2.7 -0.1
v -0.7 2.8 -0.1
v -0.7 2.9 -0.1
v -0.7 3 -0.1
v -0.7 3.1 -0.1
v -0.7 3.2 -0.1
v -0.7 3.3 -0.1
v -0.7 3.4 -0.1
v -0.7 3.5 -0.1
v -0.6 0.1 -0.1
v -0.6 0.2 -0.1
v -0.6 0.3 -0.1
v -0.6 0.4 -0.1
v -0.6 0.5 -0.1
v -0.6 0.6 -0.1
v -0.6 0.7 -0.1
v -0.6 0.8 -0.1
v -0.6 0.9 -0.1
v -0.6 1 -0.1
v -0.6 1.1 -0.1
v -0.6 1.2 -0.1
v -0.6 1.3 -0.1
v -0.6 1.4 -0.1
v -0.6 1.5 -0.1
v -0.6 1.6 -0.1
v -0.6 1.7 -0.1
v -0.6 1.8 -0.1
v -0.6 1.9 -0.1
v -0.6 2.1 -0.1
v -0.6 2.3 -0.1
v -0.6 2.4 -0.1
v -0.6 2.5 -0.1
v -0.6 2.6 -0.1
v -0.6 2.7 -0.1
v -0.6 2.8 -0.1
v -0.6 2.9 -0.1
v -0.6 3 -0.1
v -0.6 3.1 -0.1
v -0.6 3.2 -0.1
v -0.6 3.3 -0.1
v -0.5 0 -0.1
v -0.5 0.1 -0.1
v -0.5 0.2 -0.1
v -0.5 0.3 -0.1
v -0.5 0.4 -0.1
v -0.5 0.5 -0.1
v -0.5 0.6 -0.1
v -0.5 0.7 -0.1
v -0.5 0.8 -0.1
v -0.5 1 -0.1
v -0.5 1.1 -0.1
v -0.5 1.2 -0.1
v -0.5 1.3 -0.1
v -0.5 1.4 -0.1
v -0.5 1.5 -0.1
v -0.5 1.6 -0.1
v -0.5 1.7 -0.1
v -0.5 1.8 -0.1
v -0.5 1.9 -0.1
v -0.5 2 -0.1
v -0.5 2.1 -0.1
v -0.5 2.3 -0.1
v -0.5 2.5 -0.1
v -0.5 2.6 -0.1
v -0.5 2.7 -0.1
v -0.5 2.8 -0.1
v -0.5 2.9 -0.1
v -0.5 3 -0.1
v -0.5 3.1 -0.1
v -0.5 3.3 -0.1
v -0.5 3.4 -0.1
v -0.5 3.5 -0.1
v -0.4 0 -0.1
v -0.4 0.1 -0.1
v -0.4 0.2 -0.1
v -0.4 0.3 -0.1
v -0.4 0.4 -0.1
v -0.4 0.5 -0.1
v -0.4 0.6 -0.1
v -0.4 0.7 -0.1
v -0.4 0.8 -0.1
v -0.4 0.9 -0.1
v -0.4 1 -0.1
v -0.4 1.1 -0.1
v -0.4 1.2 -0.1
v -0.4 1.3 -0.1
v -0.4 1.4 -0.1
v -0.4 1.5 -0.1
v -0.4 1.6 -0.1
v -0.4 1.7 -0.1
v -0.4 1.8 -0.1
v -0.4 1.9 -0.1
v -0.4 2.1 -0.1
v -0.4 2.3 -0.1
v -0.4 2.5 -0.1
v -0.4 2.7 -0.1
v -0.4 2.8 -0.1
v -0.4 2.9 -0.1
v -0.4 3 -0.1
v -0.4 3.2 -0.1
v -0.4 3.4 -0.1
v -0.4 3.5 -0.1
v -0.3 0 -0.1
v -0.3 0.1 -0.1
v -0.3 0.2 -0.1
v -0.3 0.3 -0.1
v -0.3 0.4 -0.1
v -0.3 0.5 -0.1
v -0.3 0.6 -0.1
v -0.3 0.7 -0.1
v -0.3 0.8 -0.1
v -0.3 0.9 -0.1
v -0.3 1 -0.1
v -0.3 1.1 -0.1
v -0.3 1.2 -0.1
v -0.3 1.3 -0.1
v -0.3 1.4 -0.1
v -0.3 1.5 -0.1
v -0.3 1.6 -0.1
v -0.3 1.7 -0.1
v -0.3 1.8 -0.1
v -0.3 1.9 -0.1
v -0.3 2.1 -0.1
v -0.3 2.2 -0.1
v -0.3 2.3 -0.1
v -0.3 2.5 -0.1
v -0.3 2.6 -0.1
v -0.3 2.7 -0.1
v -0.3 2.8 -0.1
v -0.3 2.9 -0.1
v -0.3 3 -0.1
v -0.3 3.1 -0.1
v -0.3 3.2 -0.1
v -0.3 3.3 -0.1
v -0.3 3.4 -0.1
v -0.3 3.5 -0.1
v -0.2 0.2 -0.1
v -0.2 0.3 -0.1
v -0.2 0.4 -0.1
v -0.2 0.5 -0.1
v -0.2 0.6 -0.1
v -0.2 0.7 -0.1
v -0.2 0.8 -0.1
v -0.2 0.9 -0.1
v -0.2 1 -0.1
v -0.2 1.1 -0.1
v -0.2 1.2 -0.1
v -0.2 1.3 -0.1
v -0.2 1.4 -0.1
v -0.2 1.5 -0.1
v -0.2 1.6 -0.1
v -0.2 1.7 -0.1
v -0.2 1.8 -0.1
v -0.2 1.9 -0.1
v -0.2 2 -0.1
v -0.2 2.1 -0.1
v -0.2 2.2 -0.1
v -0.2 2.3 -0.1
v -0.2 2.4 -0.1
v -0.2 2.5 -0.1
v -0.2 2.6 -0.1
v -0.2 2.9 -0.1
v -0.2 3 -0.1
v -0.2 3.1 -0.1
v -0.2 3.3 -0.1
v -0.2 3.4 -0.1
v -0.2 3.5 -0.1
v -0.1 0 -0.1
v -0.1 0.1 -0.1
v -0.1 0.3 -0.1
v -0.1 0.4 -0.1
v -0.1 0.5 -0.1
v -0.1 0.6 -0.1
v -0.1 0.7 -0.1
v -0.1 0.8 -0.1
v -0.1 1 -0.1
v -0.1 1.1 -0.1
v -0.1 1.2 -0.1
v -0.1 1.3 -0.1
v -0.1 1.4 -0.1
v -0.1 1.5 -0.1
v -0.1 1.6 -0.1
v -0.1 1.7 -0.1
v -0.1 1.8 -0.1
v -0.1 2 -0.1
v -0.1 2.2 -0.1
v -0.1 2.3 -0.1
v -0.1 2.4 -0.1
v -0.1 2.6 -0.1
v -0.1 2.7 -0.1
v -0.1 2.8 -0.1
v -0.1 2.9 -0.1
v -0.1 3 -0.1
v -0.1 3.1 -0.1
v -0.1 3.2 -0.1
v -0.1 3.3 -0.1
v 0 0.1 -0.1
v 0 0.4 -0.1
v 0 0.5 -0.1
v 0 0.6 -0.1
v 0 0.7 -0.1
v 0 0.8 -0.1
v 0 0.9 -0.1
v 0 1.1 -0.1
v 0 1.2 -0.1
v 0 1.4 -0.1
v 0 1.5 -0.1
v 0 1.6 -0.1
v 0 1.7 -0.1
v 0 1.8 -0.1
v 0 1.9 -0.1
v 0 2 -0.1
v 0 2.1 -0.1
v 0 2.2 -0.1
v 0 2.3 -0.1
v 0 2.4 -0.1
v 0 2.7 -0.1
v 0 2.8 -0.1
v 0 2.9 -0.1
v 0 3 -0.1
v 0 3.1 -0.1
v 0 3.2 -0.1
v 0 3.3 -0.1
v 0 3.4 -0.1
v 0 3.5 -0.1
v 0.1 0.4 -0.1
v 0.1 0.5 -0.1
v 0.1 1 -0.1
v 0.1 1.1 -0.1
v 0.1 1.2 -0.1
v 0.1 1.4 -0.1
v 0.1 1.5 -0.1
v 0.1 1.6 -0.1
v 0.1 1.7 -0.1
v 0.1 1.8 -0.1
v 0.1 1.9 -0.1
v 0.1 2 -0.1
v 0.1 2.1 -0.1
v 0.1 2.2 -0.1
v 0.1 2.4 -0.1
v 0.1 2.7 -0.1
v 0.1 2.9 -0.1
v 0.1 3 -0.1
v 0.1 3.1 -0.1
v 0.1 3.2 -0.1
v 0.1 3.3 -0.1
v 0.1 3.4 -0.1
v 0.2 0.5 -0.1
v 0.2 0.6 -0.1
v 0.2 0.7 -0.1
v 0.2 0.8 -0.1
v 0.2 0.9 -0.1
v 0.2 1 -0.1
v 0.2 1.1 -0.1
v 0.2 1.2 -0.1
v 0.2 1.3 -0.1
v 0.2 1.4 -0.1
v 0.2 1.6 -0.1
v 0.2 1.8 -0.1
v 0.2 1.9 -0.1
v 0.2 2.1 -0.1
v 0.2 2.2 -0.1
v 0.2 2.3 -0.1
v 0.2 2.4 -0.1
v 0.2 2.5 -0.1
v 0.2 2.6 -0.1
v 0.2 2.7 -0.1
v 0.2 2.9 -0.1
v 0.2 3 -0.1
v 0.2 3.1 -0.1
v 0.2 3.2 -0.1
v 0.2 3.3 -0.1
v 0.3 0.4 -0.1
v 0.3 0.5 -0.1
v 0.3 0.6 -0.1
v 0.3 0.7 -0.1
v 0.3 0.8 -0.1
v 0.3 0.9 -0.1
v 0.3 1 -0.1
v 0.3 1.1 -0.1
v 0.3 1.2 -0.1
v 0.3 1.3 -0.1
v 0.3 1.6 -0.1
v 0.3 1.8 -0.1
v 0.3 1.9 -0.1
v 0.3 2 -0.1
v 0.3 2.1 -0.1
v 0.3 2.2 -0.1
v 0.3 2.3 -0.1
v 0.3 2.4 -0.1
v 0.3 2.5 -0.1
v 0.3 2.6 -0.1
v 0.3 2.7 -0.1
v 0.3 2.8 -0.1
v 0.3 3 -0.1
v 0.3 3.1 -0.1
v 0.3 3.3 -0.1
v 0.3 3.4 -0.1
v 0.3 3.5 -0.1
v 0.4 0.4 -0.1
v 0.4 0.5 -0.1
v 0.4 0.6 -0.1
v 0.4 0.7 -0.1
v 0.4 0.9 -0.1
v 0.4 1.2 -0.1
v 0.4 1.3 -0.1
v 0.4 1.5 -0.1
v 0.4 1.6 -0.1
v 0.4 1.8 -0.1
v 0.4 1.9 -0.1
v 0.4 2 -0.1
v 0.4 2.2 -0.1
v 0.4 2.3 -0.1
v 0.4 2.4 -0.1
v 0.4 2.5 -0.1
v 0.4 2.6 -0.1
v 0.4 2.7 -0.1
v 0.4 2.8 -0.1
v 0.4 2.9 -0.1
v 0.4 3 -0.1
v 0.4 3.1 -0.1
v 0.4 3.2 -0.1
v 0.4 3.3 -0.1
v 0.4 3.4 -0.1
v 0.4 3.5 -0.1
v 0.5 0.6 -0.1
v 0.5 0.7 -0.1
v 0.5 0.9 -0.1
v 0.5 1.1 -0.1
v 0.5 1.2 -0.1
v 0.5 1.4 -0.1
v 0.5 1.5 -0.1
v 0.5 1.6 -0.1
v 0.5 1.7 -0.1
v 0.5 1.8 -0.1
v 0.5 1.9 -0.1
v 0.5 2 -0.1
v 0.5 2.3 -0.1
v 0.5 2.4 -0.1
v 0.5 2.5 -0.1
v 0.5 2.6 -0.1
v 0.5 2.8 -0.1
v 0.5 2.9 -0.1
v 0.5 3 -0.1
v 0.5 3.1 -0.1
v 0.5 3.2 -0.1
v 0.5 3.3 -0.1
v 0.5 3.4 -0.1
v 0.5 3.5 -0.1
v 0.5 3.6 -0.1
v 0.6 0.5 -0.1
v 0.6 0.6 -0.1
v 0.6 0.7 -0.1
v 0.6 0.8 -0.1
v 0.6 0.9 -0.1
v 0.6 1.1 -0.1
v 0.6 1.2 -0.1
v 0.6 1.3 -0.1
v 0.6 1.4 -0.1
v 0.6 1.5 -0.1
v 0.6 1.6 -0.1
v 0.6 1.7 -0.1
v 0.6 1.8 -0.1
v 0.6 1.9 -0.1
v 0.6 2 -0.1
v 0.6 2.1 -0.1
v 0.6 2.3 -0.1
v 0.6 2.5 -0.1
v 0.6 2.6 -0.1
v 0.6 2.7 -0.1
v 0.6 2.8 -0.1
v 0.6 2.9 -0.1
v 0.6 3 -0.1
v 0.6 3.1 -0.1
v 0.6 3.2 -0.1
v 0.6 3.3 -0.1
v 0.6 3.4 -0.1
v 0.6 3.5 -0.1
v 0.6 3.6 -0.1
v 0.6 3.7 -0.1
v 0.7 0.4 -0.1
v 0.7 0.5 -0.1
v 0.7 0.6 -0.1
v 0.7 0.7 -0.1
v 0.7 0.8 -0.1
v 0.7 0.9 -0.1
v 0.7 1.1 -0.1
v 0.7 1.3 -0.1
v 0.7 1.4 -0.1
v 0.7 1.6 -0.1
v 0.7 1.7 -0.1
v 0.7 1.8 -0.1
v 0.7 1.9 -0.1
v 0.7 2.1 -0.1
v 0.7 2.3 -0.1
v 0.7 2.5 -0.1
v 0.7 2.6 -0.1
v 0.7 2.7 -0.1
v 0.7 2.8 -0.1
v 0.7 2.9 -0.1
v 0.7 3 -0.1
v 0.7 3.1 -0.1
v 0.7 3.2 -0.1
v 0.7 3.3 -0.1
v 0.7 3.4 -0.1
v 0.8 0.6 -0.1
v 0.8 0.7 -0.1
v 0.8 0.8 -0.1
v 0.8 0.9 -0.1
v 0.8 1.1 -0.1
v 0.8 1.3 -0.1
v 0.8 1.4 -0.1
v 0.8 1.6 -0.1
v 0.8 1.7 -0.1
v 0.8 1.8 -0.1
v 0.8 1.9 -0.1
v 0.8 2.1 -0.1
v 0.8 2.2 -0.1
v 0.8 2.5 -0.1
v 0.8 2.6 -0.1
v 0.8 2.8 -0.1
v 0.8 2.9 -0.1
v 0.8 3 -0.1
v 0.8 3.1 -0.1
v 0.8 3.2 -0.1
v 0.8 3.3 -0.1
v 0.8 3.5 -0.1
v 0.8 3.6 -0.1
v 0.8 3.7 -0.1
v 0.9 0.4 -0.1
v 0.9 0.5 -0.1
v 0.9 0.6 -0.1
v 0.9 0.7 -0.1
v 0.9 0.8 -0.1
v 0.9 0.9 -0.1
v 0.9 1 -0.1
v 0.9 1.1 -0.1
v 0.9 1.2 -0.1
v 0.9 1.3 -0.1
v 0.9 1.4 -0.1
v 0.9 1.5 -0.1
v 0.9 1.6 -0.1
v 0.9 1.7 -0.1
v 0.9 1.8 -0.1
v 0.9 1.9 -0.1
v 0.9 2.1 -0.1
v 0.9 2.2 -0.1
v 0.9 2.4 -0.1
v 0.9 2.5 -0.1
v 0.9 2.7 -0.1
v 0.9 2.8 -0.1
v 0.9 2.9 -0.1
v 0.9 3 -0.1
v 0.9 3.1 -0.1
v 0.9 3.2 -0.1
v 0.9 3.3 -0.1
v 0.9 3.4 -0.1
v 0.9 3.5 -0.1
v 0.9 3.6 -0.1
v 1 0.5 -0.1
v 1 0.6 -0.1
v 1 0.7 -0.1
v 1 0.8 -0.1
v 1 0.9 -0.1
v 1 1 -0.1
v 1 1.1 -0.1
v 1 1.2 -0.1
v 1 1.3 -0.1
v 1 1.4 -0.1
v 1 1.5 -0.1
v 1 1.6 -0.1
v 1 1.7 -0.1
v 1 1.8 -0.1
v 1 1.9 -0.1
v 1 2 -0.1
v 1 2.2 -0.1
v 1 2.3 -0.1
v 1 2.4 -0.1
v 1 2.5 -0.1
v 1 2.8 -0.1
v 1 2.9 -0.1
v 1 3 -0.1
v 1 3.1 -0.1
v 1 3.2 -0.1
v 1 3.4 -0.1
v 1 3.5 -0.1
v 1.1 0.4 -0.1
v 1.1 0.5 -0.1
v 1.1 0.6 -0.1
v 1.1 0.7 -0.1
v 1.1 0.9 -0.1
v 1.1 1 -0.1
v 1.1 1.1 -0.1
v 1.1 1.2 -0.1
v 1.1 1.3 -0.1
v 1.1 1.4 -0.1
v 1.1 1.5 -0.1
v 1.1 1.6 -0.1
v 1.1 1.7 -0.1
v 1.1 1.8 -0.1
v 1.1 1.9 -0.1
v 1.1 2 -0.1
v 1.1 2.1 -0.1
v 1.1 2.2 -0.1
v 1.1 2.3 -0.1
v 1.1 2.4 -0.1
v 1.1 2.5 -0.1
v 1.1 2.9 -0.1
v 1.1 3 -0.1
v 1.1 3.1 -0.1
v 1.1 3.2 -0.1
v 1.2 0.5 -0.1
v 1.2 0.6 -0.1
v 1.2 0.7 -0.1
v 1.2 0.9 -0.1
v 1.2 1 -0.1
v 1.2 1.1 -0.1
v 1.2 1.3 -0.1
v 1.2 1.4 -0.1
v 1.2 1.5 -0.1
v 1.2 1.6 -0.1
v 1.2 1.7 -0.1
v 1.2 1.8 -0.1
v 1.2 1.9 -0.1
v 1.2 2 -0.1
v 1.2 2.1 -0.1
v 1.2 2.3 -0.1
v 1.2 3 -0.1
v 1.2 3.1 -0.1
v 1.3 0.8 -0.1
v 1.3 0.9 -0.1
v 1.3 1 -0.1
v 1.3 1.1 -0.1
v 1.3 1.2 -0.1
v 1.3 1.3 -0.1
v 1.3 1.4 -0.1
v 1.3 1.5 -0.1
v 1.3 1.6 -0.1
v 1.3 1.7 -0.1
v 1.3 1.8 -0.1
v 1.3 1.9 -0.1
v 1.3 2 -0.1
v 1.4 0.6 -0.1
v 1.4 0.7 -0.1
v 1.4 0.8 -0.1
v 1.4 0.9 -0.1
v 1.4 1 -0.1
v 1.4 1.2 -0.1
v 1.4 1.3 -0.1
v 1.4 1.4 -0.1
v 1.4 1.5 -0.1
v 1.4 1.6 -0.1
v 1.4 1.7 -0.1
v 1.4 1.8 -0.1
v 1.5 0.7 -0.1
v 1.5 0.8 -0.1
v 1.5 0.9 -0.1
v 1.5 1 -0.1
v 1.5 1.1 -0.1
v 1.5 1.2 -0.1
v 1.5 1.3 -0.1
v 1.5 1.4 -0.1
v 1.5 1.5 -0.1
v 1.5 1.6 -0.1
v 1.5 1.7 -0.1
v 1.6 0.8 -0.1
v 1.6 0.9 -0.1
v 1.6 1 -0.1
v 1.6 1.1 -0.1
v 1.6 1.2 -0.1
v 1.6 1.3 -0.1
v 1.6 1.4 -0.1
v 1.6 1.5 -0.1
v 1.6 1.6 -0.1
v 1.7 0.9 -0.1
v 1.7 1 -0.1
v 1.7 1.2 -0.1
v 1.7 1.3 -0.1
v 1.7 1.4 -0.1
v 1.7 1.5 -0.1
v 1.8 0.9 -0.1
v 1.8 1.1 -0.1
v 1.8 1.2 -0.1
v 1.8 1.3 -0.1
v 1.8 1.4 -0.1
v 1.9 1.1 -0.1
v 1.9 1.3 -0.1
v -0.8 0 0.0999999
v -0.7 0 0.0999999
v -0.5 0 0.0999999
v -0.4 0 0.0999999
v -0.3 0 0.0999999
v -0.1 0 0.0999999
v -0.8 0 -0.1
v -0.7 0 -0.1
v -0.5 0 -0.1
v -0.4 0 -0.1
v -0.3 0 -0.1
v -0.1 0 -0.1
v -0.1 0.1 0.0999999
v 0 0.1 0.0999999
v -0.1 0.1 -0.1
v 0 0.1 -0.1
v -1 0.4 0.0999999
v -0.8 0.4 0.0999999
v 0 0.4 0.0999999
v 0.1 0.4 0.0999999
v 0.3 0.4 0.0999999
v 0.4 0.4 0.0999999
v 0.7 0.4 0.0999999
v 0.9 0.4 0.0999999
v 1.1 0.4 0.0999999
v -1 0.4 -0.1
v -0.8 0.4 -0.1
v 0 0.4 -0.1
v 0.1 0.4 -0.1
v 0.3 0.4 -0.1
v 0.4 0.4 -0.1
v 0.7 0.4 -0.1
v 0.9 0.4 -0.1
v 1.1 0.4 -0.1
v -1.1 0.5 0.0999999
v -1 0.5 0.0999999
v 0.3 0.5 0.0999999
v 0.4 0.5 0.0999999
v 0.7 0.5 0.0999999
v 0.9 0.5 0.0999999
v 1.1 0.5 0.0999999
v 1.2 0.5 0.0999999
v -1.1 0.5 -0.1
v -1 0.5 -0.1
v 0.3 0.5 -0.1
v 0.4 0.5 -0.1
v 0.7 0.5 -0.1
v 0.9 0.5 -0.1
v 1.1 0.5 -0.1
v 1.2 0.5 -0.1
v -1.2 0.6 0.0999999
v -1.1 0.6 0.0999999
v 1.2 0.6 0.0999999
v 1.4 0.6 0.0999999
v -1.2 0.6 -0.1
v -1.1 0.6 -0.1
v 1.2 0.6 -0.1
v 1.4 0.6 -0.1
v -1.3 0.7 0.0999999
v -1.2 0.7 0.0999999
v 1.4 0.7 0.0999999
v 1.5 0.7 0.0999999
v -1.3 0.7 -0.1
v -1.2 0.7 -0.1
v 1.4 0.7 -0.1
v 1.5 0.7 -0.1
v 1.5 0.8 0.0999999
v 1.6 0.8 0.0999999
v 1.5 0.8 -0.1
v 1.6 0.8 -0.1
v 1.6 0.9 0.0999999
v 1.7 0.9 0.0999999
v 1.8 0.9 0.0999999
v 1.6 0.9 -0.1
v 1.7 0.9 -0.1
v 1.8 0.9 -0.1
v 1.8 1.1 0.0999999
v 1.9 1.1 0.0999999
v 1.8 1.1 -0.1
v 1.9 1.1 -0.1
v -1 1.7 0.0999999
v -0.9 1.7 0.0999999
v -1 1.7 -0.1
v -0.9 1.7 -0.1
v -1.1 1.8 0.0999999
v -1 1.8 0.0999999
v -1.1 1.8 -0.1
v -1 1.8 -0.1
v -1.2 2.1 0.0999999
v -1.1 2.1 0.0999999
v -1.2 2.1 -0.1
v -1.1 2.1 -0.1
v -1.3 2.3 0.0999999
v -1.2 2.3 0.0999999
v -1.3 2.3 -0.1
v -1.2 2.3 -0.1
v -1.5 2.4 0.0999999
v -1.4 2.4 0.0999999
v -1.3 2.4 0.0999999
v -1.5 2.4 -0.1
v -1.4 2.4 -0.1
v -1.3 2.4 -0.1
v 1 2.9 0.0999999
v 1.1 2.9 0.0999999
v 1 2.9 -0.1
v 1.1 2.9 -0.1
v 1.1 3 0.0999999
v 1.2 3 0.0999999
v 1.1 3 -0.1
v 1.2 3 -0.1
v 0.6 3.4 0.0999999
v 0.7 3.4 0.0999999
v 0.6 3.4 -0.1
v 0.7 3.4 -0.1
v -1.3 0.9 0.0999999
v -1.2 0.9 0.0999999
v -1.3 0.9 -0.1
v -1.2 0.9 -0.1
v -1.2 1 0.0999999
v -1.1 1 0.0999999
v -1.2 1 -0.1
v -1.1 1 -0.1
v -1.1 1.3 0.0999999
v -1 1.3 0.0999999
v 1.8 1.3 0.0999999
v 1.9 1.3 0.0999999
v -1.1 1.3 -0.1
v -1 1.3 -0.1
v 1.8 1.3 -0.1
v 1.9 1.3 -0.1
v 1.7 1.4 0.0999999
v 1.8 1.4 0.0999999
v 1.7 1.4 -0.1
v 1.8 1.4 -0.1
v -1 1.5 0.0999999
v -0.9 1.5 0.0999999
v 1.6 1.5 0.0999999
v 1.7 1.5 0.0999999
v -1 1.5 -0.1
v -0.9 1.5 -0.1
v 1.6 1.5 -0.1
v 1.7 1.5 -0.1
v 1.5 1.6 0.0999999
v 1.6 1.6 0.0999999
v 1.5 1.6 -0.1
v 1.6 1.6 -0.1
v 1.4 1.7 0.0999999
v 1.5 1.7 0.0999999
v 1.4 1.7 -0.1
v 1.5 1.7 -0.1
v 1.3 1.8 0.0999999
v 1.4 1.8 0.0999999
v 1.3 1.8 -0.1
v 1.4 1.8 -0.1
v 1.2 2 0.0999999
v 1.3 2 0.0999999
v 1.2 2 -0.1
v 1.3 2 -0.1
v 1.1 2.3 0.0999999
v 1.2 2.3 0.0999999
v 1.1 2.3 -0.1
v 1.2 2.3 -0.1
v -1.5 2.5 0.0999999
v -1.4 2.5 0.0999999
v 1 2.5 0.0999999
v 1.1 2.5 0.0999999
v -1.5 2.5 -0.1
v -1.4 2.5 -0.1
v 1 2.5 -0.1
v 1.1 2.5 -0.1
v -1.4 2.8 0.0999999
v -1.3 2.8 0.0999999
v -1.4 2.8 -0.1
v -1.3 2.8 -0.1
v -1.3 3 0.0999999
v -1.2 3 0.0999999
v -1.3 3 -0.1
v -1.2 3 -0.1
v -1.2 3.1 0.0999999
v -1.1 3.1 0.0999999
v 1.1 3.1 0.0999999
v 1.2 3.1 0.0999999
v -1.2 3.1 -0.1
v -1.1 3.1 -0.1
v 1.1 3.1 -0.1
v 1.2 3.1 -0.1
v -1.1 3.2 0.0999999
v -1 3.2 0.0999999
v 1 3.2 0.0999999
v 1.1 3.2 0.0999999
v -1.1 3.2 -0.1
v -1 3.2 -0.1
v 1 3.2 -0.1
v 1.1 3.2 -0.1
v -1 3.3 0.0999999
v -0.9 3.3 0.0999999
v 0.6 3.3 0.0999999
v 0.7 3.3 0.0999999
v -1 3.3 -0.1
v -0.9 3.3 -0.1
v 0.6 3.3 -0.1
v 0.7 3.3 -0.1
v -0.9 3.4 0.0999999
v -0.7 3.4 0.0999999
v 0.3 3.4 0.0999999
v 0.4 3.4 0.0999999
v -0.9 3.4 -0.1
v -0.7 3.4 -0.1
v 0.3 3.4 -0.1
v 0.4 3.4 -0.1
v -0.7 3.5 0.0999999
v -0.5 3.5 0.0999999
v -0.4 3.5 0.0999999
v -0.3 3.5 0.0999999
v -0.2 3.5 0.0999999
v 0 3.5 0.0999999
v 0.3 3.5 0.0999999
v 0.4 3.5 0.0999999
v 0.5 3.5 0.0999999
v 0.9 3.5 0.0999999
v 1 3.5 0.0999999
v -0.7 3.5 -0.1
v -0.5 3.5 -0.1
v -0.4 3.5 -0.1
v -0.3 3.5 -0.1
v -0.2 3.5 -0.1
v 0 3.5 -0.1
v 0.3 3.5 -0.1
v 0.4 3.5 -0.1
v 0.5 3.5 -0.1
v 0.9 3.5 -0.1
v 1 3.5 -0.1
v 0.5 3.6 0.0999999
v 0.6 3.6 0.0999999
v 0.8 3.6 0.0999999
v 0.9 3.6 0.0999999
v 0.5 3.6 -0.1
v 0.6 3.6 -0.1
v 0.8 3.6 -0.1
v 0.9 3.6 -0.1
v 0.6 3.7 0.0999999
v 0.8 3.7 0.0999999
v 0.6 3.7 -0.1
v 0.8 3.7 -0.1

# faces
f 3/6/1 2/6/1 1/6/1
f 4/6/1 2/6/1 3/6/1
f 7/6/1 6/6/1 5/6/1
f 8/6/1 6/6/1 7/6/1
f 9/15/1 8/15/1 7/15/1
f 10/15/1 8/15/1 9/15/1
f 13/20/1 12/20/1 11/20/1
f 14/20/1 12/20/1 13/20/1
f 15/13/1 14/13/1 13/13/1
f 16/13/1 14/13/1 15/13/1
f 19/8/1 18/8/1 17/8/1
f 20/8/1 18/8/1 19/8/1
f 23/15/1 22/15/1 21/15/1
f 24/15/1 22/15/1 23/15/1
f 25/7/1 24/7/1 23/7/1
f 26/7/1 24/7/1 25/7/1
f 29/20/1 28/20/1 27/20/1
f 30/20/1 28/20/1 29/20/1
f 33/13/1 32/13/1 31/13/1
f 34/13/1 32/13/1 33/13/1
f 37/7/1 36/7/1 35/7/1
f 38/7/1 36/7/1 37/7/1
f 41/7/1 40/7/1 39/7/1
f 42/7/1 40/7/1 41/7/1
f 45/19/1 44/19/1 43/19/1
f 46/19/1 44/19/1 45/19/1
f 49/13/1 48/13/1 47/13/1
f 50/13/1 48/13/1 49/13/1
f 51/7/1 50/7/1 49/7/1
f 52/7/1 50/7/1 51/7/1
f 53/15/1 52/15/1 51/15/1
f 54/15/1 52/15/1 53/15/1
f 57/3/1 56/3/1 55/3/1
f 58/3/1 56/3/1 57/3/1
f 59/1/1 58/1/1 57/1/1
f 60/1/1 58/1/1 59/1/1
f 63/15/1 62/15/1 61/15/1
f 64/15/1 62/15/1 63/15/1
f 67/19/1 66/19/1 65/19/1
f 68/19/1 66/19/1 67/19/1
f 71/27/1 70/27/1 69/27/1
f 72/27/1 70/27/1 71/27/1
f 73/7/1 72/7/1 71/7/1
f 74/7/1 72/7/1 73/7/1
f 77/13/1 76/13/1 75/13/1
f 78/13/1 76/13/1 77/13/1
f 81/15/1 80/15/1 79/15/1
f 82/15/1 80/15/1 81/15/1
f 85/7/1 84/7/1 83/7/1
f 86/7/1 84/7/1 85/7/1
f 87/13/1 86/13/1 85/13/1
f 88/13/1 86/13/1 87/13/1
f 91/7/1 90/7/1 89/7/1
f 92/7/1 90/7/1 91/7/1
f 95/20/1 94/20/1 93/20/1
f 96/20/1 94/20/1 95/20/1
f 97/19/1 96/19/1 95/19/1
f 98/19/1 96/19/1 97/19/1
f 99/4/1 98/4/1 97/4/1
f 100/4/1 98/4/1 99/4/1
f 103/7/1 102/7/1 101/7/1
f 104/7/1 102/7/1 103/7/1
f 107/8/1 106/8/1 105/8/1
f 108/8/1 106/8/1 107/8/1
f 111/24/1 110/24/1 109/24/1
f 112/24/1 110/24/1 111/24/1
f 115/27/1 114/27/1 113/27/1
f 116/27/1 114/27/1 115/27/1
f 119/27/1 118/27/1 117/27/1
f 120/27/1 118/27/1 119/27/1
f 123/24/1 122/24/1 121/24/1
f 124/24/1 122/24/1 123/24/1
f 127/8/1 126/8/1 125/8/1
f 128/8/1 126/8/1 127/8/1
f 129/4/2 130/4/2 131/4/2
f 131/4/2 130/4/2 132/4/2
f 133/4/2 134/4/2 135/4/2
f 135/4/2 134/4/2 136/4/2
f 137/8/2 138/8/2 139/8/2
f 139/8/2 138/8/2 140/8/2
f 141/8/2 142/8/2 143/8/2
f 143/8/2 142/8/2 144/8/2
f 145/24/2 146/24/2 147/24/2
f 147/24/2 146/24/2 148/24/2
f 149/8/2 150/8/2 151/8/2
f 151/8/2 150/8/2 152/8/2
f 153/27/2 154/27/2 155/27/2
f 155/27/2 154/27/2 156/27/2
f 157/27/2 158/27/2 159/27/2
f 159/27/2 158/27/2 160/27/2
f 161/8/2 162/8/2 163/8/2
f 163/8/2 162/8/2 164/8/2
f 163/24/2 164/24/2 165/24/2
f 165/24/2 164/24/2 166/24/2
f 167/24/2 168/24/2 169/24/2
f 169/24/2 168/24/2 170/24/2
f 169/27/2 170/27/2 171/27/2
f 171/27/2 170/27/2 172/27/2
f 173/8/2 174/8/2 175/8/2
f 175/8/2 174/8/2 176/8/2
f 177/7/2 178/7/2 179/7/2
f 179/7/2 178/7/2 180/7/2
f 179/8/2 180/8/2 181/8/2
f 181/8/2 180/8/2 182/8/2
f 183/24/2 184/24/2 185/24/2
f 185/24/2 184/24/2 186/24/2
f 187/24/2 188/24/2 189/24/2
f 189/24/2 188/24/2 190/24/2
f 191/8/2 192/8/2 193/8/2
f 193/8/2 192/8/2 194/8/2
f 195/7/2 196/7/2 197/7/2
f 197/7/2 196/7/2 198/7/2
f 197/8/2 198/8/2 199/8/2
f 199/8/2 198/8/2 200/8/2
f 201/24/2 202/24/2 203/24/2
f 203/24/2 202/24/2 204/24/2
f 205/7/2 206/7/2 207/7/2
f 207/7/2 206/7/2 208/7/2
f 207/8/2 208/8/2 209/8/2
f 209/8/2 208/8/2 210/8/2
f 211/8/2 212/8/2 213/8/2
f 213/8/2 212/8/2 214/8/2
f 215/8/2 216/8/2 217/8/2
f 217/8/2 216/8/2 218/8/2
f 219/8/2 220/8/2 221/8/2
f 221/8/2 220/8/2 222/8/2
f 223/8/2 224/8/2 225/8/2
f 225/8/2 224/8/2 226/8/2
f 227/8/2 228/8/2 229/8/2
f 229/8/2 228/8/2 230/8/2
f 231/8/2 232/8/2 233/8/2
f 233/8/2 232/8/2 234/8/2
f 235/8/2 236/8/2 237/8/2
f 237/8/2 236/8/2 238/8/2
f 239/8/2 240/8/2 241/8/2
f 241/8/2 240/8/2 242/8/2
f 243/8/2 244/8/2 245/8/2
f 245/8/2 244/8/2 246/8/2
f 247/8/2 248/8/2 249/8/2
f 249/8/2 248/8/2 250/8/2
f 253/6/3 252/6/3 251/6/3
f 254/6/3 252/6/3 253/6/3
f 261/15/3 254/15/3 253/15/3
f 262/6/3 255/6/3 254/6/3
f 262/15/3 254/15/3 261/15/3
f 263/15/3 256/15/3 255/15/3
f 263/6/3 255/6/3 262/6/3
f 264/15/3 256/15/3 263/15/3
f 265/15/3 256/15/3 264/15/3
f 269/20/3 258/20/3 257/20/3
f 270/13/3 259/13/3 258/13/3
f 270/20/3 258/20/3 269/20/3
f 271/13/3 259/13/3 270/13/3
f 274/8/3 261/8/3 260/8/3
f 275/7/3 262/7/3 261/7/3
f 275/7/3 263/7/3 262/7/3
f 275/8/3 261/8/3 274/8/3
f 276/7/3 263/7/3 275/7/3
f 277/15/3 264/15/3 263/15/3
f 277/7/3 263/7/3 276/7/3
f 278/6/3 265/6/3 264/6/3
f 278/15/3 264/15/3 277/15/3
f 279/15/3 266/15/3 265/15/3
f 279/6/3 265/6/3 278/6/3
f 280/7/3 267/7/3 266/7/3
f 280/15/3 266/15/3 279/15/3
f 281/7/3 267/7/3 280/7/3
f 284/20/3 269/20/3 268/20/3
f 285/5/3 270/5/3 269/5/3
f 285/20/3 269/20/3 284/20/3
f 286/2/3 271/2/3 270/2/3
f 286/5/3 270/5/3 285/5/3
f 287/13/3 272/13/3 271/13/3
f 287/2/3 271/2/3 286/2/3
f 288/13/3 272/13/3 287/13/3
f 294/7/3 274/7/3 273/7/3
f 295/7/3 274/7/3 294/7/3
f 296/15/3 276/15/3 275/15/3
f 296/7/3 274/7/3 295/7/3
f 296/15/3 275/15/3 274/15/3
f 297/15/3 276/15/3 296/15/3
f 298/8/3 277/8/3 276/8/3
f 298/15/3 276/15/3 297/15/3
f 299/7/3 278/7/3 277/7/3
f 299/8/3 277/8/3 298/8/3
f 300/15/3 279/15/3 278/15/3
f 300/7/3 278/7/3 299/7/3
f 300/15/3 280/15/3 279/15/3
f 301/15/3 280/15/3 300/15/3
f 302/14/3 281/14/3 280/14/3
f 302/15/3 280/15/3 301/15/3
f 303/7/3 282/7/3 281/7/3
f 303/14/3 281/14/3 302/14/3
f 304/7/3 282/7/3 303/7/3
f 307/19/3 284/19/3 283/19/3
f 307/19/3 285/19/3 284/19/3
f 308/19/3 285/19/3 307/19/3
f 309/4/3 286/4/3 285/4/3
f 309/19/3 285/19/3 308/19/3
f 310/5/3 287/5/3 286/5/3
f 310/4/3 286/4/3 309/4/3
f 311/3/3 288/3/3 287/3/3
f 311/5/3 287/5/3 310/5/3
f 312/13/3 289/13/3 288/13/3
f 312/3/3 288/3/3 311/3/3
f 313/7/3 290/7/3 289/7/3
f 313/13/3 289/13/3 312/13/3
f 314/15/3 291/15/3 290/15/3
f 314/7/3 290/7/3 313/7/3
f 315/15/3 291/15/3 314/15/3
f 319/3/3 293/3/3 292/3/3
f 320/3/3 293/3/3 319/3/3
f 321/1/3 294/1/3 293/1/3
f 321/3/3 293/3/3 320/3/3
f 322/13/3 295/13/3 294/13/3
f 322/1/3 294/1/3 321/1/3
f 323/8/3 297/8/3 296/8/3
f 323/13/3 295/13/3 322/13/3
f 323/8/3 296/8/3 295/8/3
f 324/8/3 297/8/3 323/8/3
f 325/7/3 298/7/3 297/7/3
f 325/8/3 297/8/3 324/8/3
f 326/15/3 299/15/3 298/15/3
f 326/7/3 298/7/3 325/7/3
f 327/6/3 301/6/3 300/6/3
f 327/15/3 299/15/3 326/15/3
f 327/6/3 300/6/3 299/6/3
f 328/6/3 301/6/3 327/6/3
f 329/14/3 302/14/3 301/14/3
f 329/6/3 301/6/3 328/6/3
f 330/6/3 304/6/3 303/6/3
f 330/14/3 302/14/3 329/14/3
f 330/6/3 303/6/3 302/6/3
f 331/6/3 304/6/3 330/6/3
f 332/15/3 305/15/3 304/15/3
f 332/6/3 304/6/3 331/6/3
f 333/15/3 305/15/3 332/15/3
f 335/19/3 308/19/3 307/19/3
f 335/19/3 307/19/3 306/19/3
f 336/13/3 309/13/3 308/13/3
f 336/19/3 308/19/3 335/19/3
f 337/19/3 310/19/3 309/19/3
f 337/13/3 309/13/3 336/13/3
f 337/19/3 311/19/3 310/19/3
f 338/19/3 311/19/3 337/19/3
f 339/5/3 312/5/3 311/5/3
f 339/19/3 311/19/3 338/19/3
f 340/3/3 313/3/3 312/3/3
f 340/5/3 312/5/3 339/5/3
f 341/20/3 314/20/3 313/20/3
f 341/3/3 313/3/3 340/3/3
f 342/27/3 315/27/3 314/27/3
f 342/20/3 314/20/3 341/20/3
f 342/27/3 316/27/3 315/27/3
f 343/27/3 316/27/3 342/27/3
f 344/7/3 317/7/3 316/7/3
f 344/27/3 316/27/3 343/27/3
f 345/7/3 317/7/3 344/7/3
f 347/13/3 319/13/3 318/13/3
f 348/2/3 320/2/3 319/2/3
f 348/13/3 319/13/3 347/13/3
f 349/9/3 321/9/3 320/9/3
f 349/2/3 320/2/3 348/2/3
f 349/9/3 322/9/3 321/9/3
f 349/9/3 323/9/3 322/9/3
f 350/9/3 323/9/3 349/9/3
f 351/3/3 324/3/3 323/3/3
f 351/9/3 323/9/3 350/9/3
f 352/7/3 325/7/3 324/7/3
f 352/3/3 324/3/3 351/3/3
f 353/15/3 326/15/3 325/15/3
f 353/7/3 325/7/3 352/7/3
f 354/6/3 328/6/3 327/6/3
f 354/15/3 326/15/3 353/15/3
f 354/6/3 327/6/3 326/6/3
f 355/15/3 329/15/3 328/15/3
f 355/6/3 328/6/3 354/6/3
f 355/15/3 330/15/3 329/15/3
f 356/15/3 330/15/3 355/15/3
f 357/14/3 331/14/3 330/14/3
f 357/15/3 330/15/3 356/15/3
f 358/15/3 332/15/3 331/15/3
f 358/14/3 331/14/3 357/14/3
f 359/6/3 333/6/3 332/6/3
f 359/15/3 332/15/3 358/15/3
f 360/15/3 334/15/3 333/15/3
f 360/6/3 333/6/3 359/6/3
f 361/15/3 334/15/3 360/15/3
f 366/19/3 335/19/3 306/19/3
f 367/13/3 336/13/3 335/13/3
f 367/19/3 335/19/3 366/19/3
f 368/19/3 337/19/3 336/19/3
f 368/13/3 336/13/3 367/13/3
f 369/20/3 338/20/3 337/20/3
f 369/19/3 337/19/3 368/19/3
f 370/13/3 339/13/3 338/13/3
f 370/20/3 338/20/3 369/20/3
f 371/4/3 340/4/3 339/4/3
f 371/13/3 339/13/3 370/13/3
f 372/27/3 341/27/3 340/27/3
f 372/4/3 340/4/3 371/4/3
f 372/27/3 342/27/3 341/27/3
f 373/27/3 342/27/3 372/27/3
f 374/26/3 343/26/3 342/26/3
f 374/27/3 342/27/3 373/27/3
f 375/23/3 344/23/3 343/23/3
f 375/26/3 343/26/3 374/26/3
f 376/27/3 345/27/3 344/27/3
f 376/23/3 344/23/3 375/23/3
f 377/7/3 346/7/3 345/7/3
f 377/27/3 345/27/3 376/27/3
f 378/13/3 347/13/3 346/13/3
f 378/7/3 346/7/3 377/7/3
f 379/9/3 348/9/3 347/9/3
f 379/9/3 349/9/3 348/9/3
f 380/10/3 350/10/3 349/10/3
f 380/9/3 349/9/3 379/9/3
f 381/10/3 350/10/3 380/10/3
f 382/9/3 351/9/3 350/9/3
f 382/10/3 350/10/3 381/10/3
f 382/9/3 352/9/3 351/9/3
f 383/3/3 353/3/3 352/3/3
f 383/9/3 352/9/3 382/9/3
f 384/5/3 354/5/3 353/5/3
f 384/3/3 353/3/3 383/3/3
f 385/7/3 355/7/3 354/7/3
f 385/5/3 354/5/3 384/5/3
f 386/7/3 355/7/3 385/7/3
f 387/15/3 356/15/3 355/15/3
f 387/7/3 355/7/3 386/7/3
f 388/6/3 357/6/3 356/6/3
f 388/15/3 356/15/3 387/15/3
f 389/14/3 358/14/3 357/14/3
f 389/6/3 357/6/3 388/6/3
f 390/6/3 359/6/3 358/6/3
f 390/14/3 358/14/3 389/14/3
f 391/15/3 360/15/3 359/15/3
f 391/6/3 359/6/3 390/6/3
f 392/6/3 361/6/3 360/6/3
f 392/15/3 360/15/3 391/15/3
f 393/7/3 362/7/3 361/7/3
f 393/6/3 361/6/3 392/6/3
f 394/20/3 364/20/3 363/20/3
f 395/19/3 365/19/3 364/19/3
f 395/20/3 364/20/3 394/20/3
f 396/19/3 365/19/3 395/19/3
f 397/4/3 366/4/3 365/4/3
f 397/19/3 365/19/3 396/19/3
f 398/19/3 367/19/3 366/19/3
f 398/4/3 366/4/3 397/4/3
f 399/20/3 368/20/3 367/20/3
f 399/19/3 367/19/3 398/19/3
f 399/20/3 369/20/3 368/20/3
f 400/20/3 369/20/3 399/20/3
f 401/13/3 370/13/3 369/13/3
f 401/20/3 369/20/3 400/20/3
f 402/19/3 371/19/3 370/19/3
f 402/13/3 370/13/3 401/13/3
f 403/27/3 373/27/3 372/27/3
f 403/19/3 371/19/3 402/19/3
f 403/27/3 372/27/3 371/27/3
f 404/27/3 373/27/3 403/27/3
f 405/23/3 374/23/3 373/23/3
f 405/27/3 373/27/3 404/27/3
f 406/27/3 377/27/3 376/27/3
f 406/23/3 374/23/3 405/23/3
f 406/27/3 376/27/3 375/27/3
f 406/27/3 375/27/3 374/27/3
f 406/27/3 378/27/3 377/27/3
f 407/27/3 378/27/3 406/27/3
f 408/27/3 378/27/3 407/27/3
f 409/27/3 378/27/3 408/27/3
f 410/13/3 347/13/3 378/13/3
f 410/27/3 378/27/3 409/27/3
f 411/9/3 379/9/3 347/9/3
f 411/13/3 347/13/3 410/13/3
f 412/10/3 381/10/3 380/10/3
f 412/9/3 379/9/3 411/9/3
f 412/10/3 380/10/3 379/10/3
f 413/9/3 383/9/3 382/9/3
f 413/9/3 384/9/3 383/9/3
f 414/1/3 385/1/3 384/1/3
f 414/9/3 384/9/3 413/9/3
f 415/3/3 386/3/3 385/3/3
f 415/1/3 385/1/3 414/1/3
f 416/5/3 387/5/3 386/5/3
f 416/3/3 386/3/3 415/3/3
f 417/8/3 388/8/3 387/8/3
f 417/5/3 387/5/3 416/5/3
f 418/7/3 389/7/3 388/7/3
f 418/8/3 388/8/3 417/8/3
f 419/15/3 390/15/3 389/15/3
f 419/7/3 389/7/3 418/7/3
f 420/14/3 391/14/3 390/14/3
f 420/15/3 390/15/3 419/15/3
f 421/6/3 392/6/3 391/6/3
f 421/14/3 391/14/3 420/14/3
f 422/15/3 393/15/3 392/15/3
f 422/6/3 392/6/3 421/6/3
f 423/7/3 362/7/3 393/7/3
f 423/15/3 393/15/3 422/15/3
f 424/7/3 362/7/3 423/7/3
f 426/1/3 396/1/3 395/1/3
f 426/4/3 395/4/3 394/4/3
f 427/5/3 397/5/3 396/5/3
f 427/1/3 396/1/3 426/1/3
f 428/9/3 398/9/3 397/9/3
f 428/5/3 397/5/3 427/5/3
f 429/20/3 399/20/3 398/20/3
f 429/9/3 398/9/3 428/9/3
f 430/19/3 400/19/3 399/19/3
f 430/20/3 399/20/3 429/20/3
f 431/13/3 401/13/3 400/13/3
f 431/19/3 400/19/3 430/19/3
f 432/20/3 402/20/3 401/20/3
f 432/13/3 401/13/3 431/13/3
f 433/4/3 403/4/3 402/4/3
f 433/20/3 402/20/3 432/20/3
f 434/26/3 404/26/3 403/26/3
f 434/4/3 403/4/3 433/4/3
f 435/23/3 405/23/3 404/23/3
f 435/26/3 404/26/3 434/26/3
f 436/27/3 406/27/3 405/27/3
f 436/23/3 405/23/3 435/23/3
f 436/27/3 407/27/3 406/27/3
f 437/27/3 407/27/3 436/27/3
f 438/18/3 408/18/3 407/18/3
f 438/27/3 407/27/3 437/27/3
f 439/25/3 409/25/3 408/25/3
f 439/18/3 408/18/3 438/18/3
f 440/27/3 410/27/3 409/27/3
f 440/25/3 409/25/3 439/25/3
f 441/5/3 411/5/3 410/5/3
f 441/27/3 410/27/3 440/27/3
f 442/1/3 412/1/3 411/1/3
f 442/5/3 411/5/3 441/5/3
f 443/10/3 381/10/3 412/10/3
f 443/1/3 412/1/3 442/1/3
f 444/10/3 381/10/3 443/10/3
f 445/16/3 382/16/3 381/16/3
f 445/9/3 413/9/3 382/9/3
f 446/1/3 414/1/3 413/1/3
f 446/9/3 413/9/3 445/9/3
f 447/3/3 415/3/3 414/3/3
f 447/1/3 414/1/3 446/1/3
f 448/8/3 417/8/3 416/8/3
f 448/3/3 415/3/3 447/3/3
f 448/8/3 416/8/3 415/8/3
f 449/8/3 417/8/3 448/8/3
f 450/15/3 418/15/3 417/15/3
f 450/8/3 417/8/3 449/8/3
f 451/6/3 419/6/3 418/6/3
f 451/15/3 418/15/3 450/15/3
f 452/14/3 420/14/3 419/14/3
f 452/6/3 419/6/3 451/6/3
f 453/15/3 421/15/3 420/15/3
f 453/14/3 420/14/3 452/14/3
f 453/15/3 422/15/3 421/15/3
f 454/15/3 422/15/3 453/15/3
f 455/6/3 423/6/3 422/6/3
f 455/15/3 422/15/3 454/15/3
f 456/15/3 424/15/3 423/15/3
f 456/6/3 423/6/3 455/6/3
f 457/4/3 426/4/3 394/4/3
f 458/20/3 427/20/3 426/20/3
f 458/4/3 426/4/3 457/4/3
f 459/5/3 428/5/3 427/5/3
f 459/20/3 427/20/3 458/20/3
f 460/3/3 429/3/3 428/3/3
f 460/5/3 428/5/3 459/5/3
f 461/19/3 430/19/3 429/19/3
f 461/3/3 429/3/3 460/3/3
f 462/13/3 431/13/3 430/13/3
f 462/19/3 430/19/3 461/19/3
f 463/20/3 432/20/3 431/20/3
f 463/13/3 431/13/3 462/13/3
f 464/19/3 434/19/3 433/19/3
f 464/20/3 432/20/3 463/20/3
f 464/19/3 433/19/3 432/19/3
f 465/19/3 434/19/3 464/19/3
f 466/23/3 437/23/3 436/23/3
f 466/27/3 435/27/3 434/27/3
f 466/23/3 436/23/3 435/23/3
f 467/23/3 437/23/3 466/23/3
f 468/27/3 438/27/3 437/27/3
f 468/23/3 437/23/3 467/23/3
f 469/17/3 439/17/3 438/17/3
f 469/27/3 438/27/3 468/27/3
f 470/27/3 440/27/3 439/27/3
f 470/17/3 439/17/3 469/17/3
f 471/1/3 441/1/3 440/1/3
f 471/27/3 440/27/3 470/27/3
f 472/5/3 442/5/3 441/5/3
f 472/1/3 441/1/3 471/1/3
f 473/7/3 443/7/3 442/7/3
f 473/5/3 442/5/3 472/5/3
f 474/1/3 444/1/3 443/1/3
f 474/7/3 443/7/3 473/7/3
f 475/10/3 381/10/3 444/10/3
f 475/1/3 444/1/3 474/1/3
f 476/16/3 445/16/3 381/16/3
f 476/10/3 381/10/3 475/10/3
f 477/1/3 446/1/3 445/1/3
f 477/16/3 445/16/3 476/16/3
f 478/8/3 447/8/3 446/8/3
f 478/1/3 446/1/3 477/1/3
f 478/8/3 448/8/3 447/8/3
f 479/13/3 449/13/3 448/13/3
f 479/8/3 448/8/3 478/8/3
f 480/7/3 450/7/3 449/7/3
f 480/13/3 449/13/3 479/13/3
f 481/13/3 451/13/3 450/13/3
f 481/7/3 450/7/3 480/7/3
f 482/6/3 452/6/3 451/6/3
f 482/13/3 451/13/3 481/13/3
f 482/6/3 453/6/3 452/6/3
f 483/6/3 453/6/3 482/6/3
f 484/14/3 454/14/3 453/14/3
f 484/6/3 453/6/3 483/6/3
f 485/6/3 455/6/3 454/6/3
f 485/14/3 454/14/3 484/14/3
f 486/15/3 424/15/3 456/15/3
f 486/15/3 456/15/3 455/15/3
f 487/7/3 425/7/3 424/7/3
f 487/15/3 424/15/3 486/15/3
f 488/7/3 425/7/3 487/7/3
f 489/20/3 458/20/3 457/20/3
f 490/4/3 459/4/3 458/4/3
f 490/20/3 458/20/3 489/20/3
f 491/19/3 460/19/3 459/19/3
f 491/4/3 459/4/3 490/4/3
f 492/4/3 461/4/3 460/4/3
f 492/19/3 460/19/3 491/19/3
f 492/4/3 462/4/3 461/4/3
f 493/4/3 462/4/3 492/4/3
f 494/19/3 463/19/3 462/19/3
f 494/4/3 462/4/3 493/4/3
f 494/19/3 464/19/3 463/19/3
f 495/19/3 464/19/3 494/19/3
f 496/20/3 465/20/3 464/20/3
f 496/19/3 464/19/3 495/19/3
f 497/19/3 434/19/3 465/19/3
f 497/20/3 465/20/3 496/20/3
f 498/27/3 466/27/3 434/27/3
f 498/19/3 434/19/3 497/19/3
f 499/26/3 467/26/3 466/26/3
f 499/27/3 466/27/3 498/27/3
f 500/27/3 468/27/3 467/27/3
f 500/26/3 467/26/3 499/26/3
f 501/23/3 469/23/3 468/23/3
f 501/27/3 468/27/3 500/27/3
f 502/27/3 470/27/3 469/27/3
f 502/23/3 469/23/3 501/23/3
f 503/11/3 471/11/3 470/11/3
f 503/27/3 470/27/3 502/27/3
f 503/11/3 472/11/3 471/11/3
f 504/11/3 472/11/3 503/11/3
f 505/7/3 473/7/3 472/7/3
f 505/11/3 472/11/3 504/11/3
f 506/6/3 474/6/3 473/6/3
f 506/7/3 473/7/3 505/7/3
f 507/7/3 477/7/3 476/7/3
f 507/6/3 474/6/3 506/6/3
f 507/7/3 475/7/3 474/7/3
f 507/7/3 476/7/3 475/7/3
f 508/7/3 477/7/3 507/7/3
f 509/8/3 478/8/3 477/8/3
f 509/7/3 477/7/3 508/7/3
f 510/7/3 479/7/3 478/7/3
f 510/8/3 478/8/3 509/8/3
f 511/5/3 480/5/3 479/5/3
f 511/7/3 479/7/3 510/7/3
f 512/15/3 481/15/3 480/15/3
f 512/5/3 482/5/3 481/5/3
f 513/6/3 483/6/3 482/6/3
f 513/5/3 482/5/3 512/5/3
f 514/14/3 484/14/3 483/14/3
f 514/6/3 483/6/3 513/6/3
f 515/6/3 485/6/3 484/6/3
f 515/14/3 484/14/3 514/14/3
f 516/15/3 486/15/3 455/15/3
f 516/6/3 485/6/3 515/6/3
f 516/6/3 455/6/3 485/6/3
f 517/15/3 488/15/3 487/15/3
f 517/6/3 487/6/3 486/6/3
f 518/15/3 488/15/3 517/15/3
f 519/19/3 490/19/3 489/19/3
f 520/1/3 491/1/3 490/1/3
f 520/19/3 490/19/3 519/19/3
f 521/5/3 492/5/3 491/5/3
f 521/1/3 491/1/3 520/1/3
f 522/9/3 493/9/3 492/9/3
f 522/5/3 492/5/3 521/5/3
f 523/19/3 494/19/3 493/19/3
f 523/9/3 493/9/3 522/9/3
f 524/4/3 495/4/3 494/4/3
f 524/19/3 494/19/3 523/19/3
f 525/20/3 496/20/3 495/20/3
f 525/4/3 495/4/3 524/4/3
f 526/19/3 497/19/3 496/19/3
f 526/20/3 496/20/3 525/20/3
f 527/4/3 498/4/3 497/4/3
f 527/19/3 497/19/3 526/19/3
f 528/22/3 499/22/3 498/22/3
f 528/4/3 498/4/3 527/4/3
f 529/27/3 500/27/3 499/27/3
f 529/22/3 499/22/3 528/22/3
f 530/23/3 501/23/3 500/23/3
f 530/27/3 500/27/3 529/27/3
f 531/27/3 502/27/3 501/27/3
f 531/23/3 501/23/3 530/23/3
f 532/23/3 503/23/3 502/23/3
f 532/27/3 502/27/3 531/27/3
f 533/27/3 504/27/3 503/27/3
f 533/23/3 503/23/3 532/23/3
f 534/11/3 505/11/3 504/11/3
f 534/27/3 504/27/3 533/27/3
f 535/8/3 506/8/3 505/8/3
f 535/11/3 505/11/3 534/11/3
f 536/7/3 507/7/3 506/7/3
f 536/8/3 506/8/3 535/8/3
f 537/6/3 508/6/3 507/6/3
f 537/7/3 507/7/3 536/7/3
f 538/14/3 509/14/3 508/14/3
f 538/6/3 508/6/3 537/6/3
f 539/7/3 510/7/3 509/7/3
f 539/14/3 509/14/3 538/14/3
f 540/7/3 510/7/3 539/7/3
f 541/6/3 511/6/3 510/6/3
f 541/7/3 510/7/3 540/7/3
f 542/5/3 480/5/3 511/5/3
f 542/6/3 511/6/3 541/6/3
f 543/15/3 512/15/3 480/15/3
f 543/5/3 480/5/3 542/5/3
f 544/13/3 513/13/3 512/13/3
f 544/15/3 512/15/3 543/15/3
f 545/15/3 514/15/3 513/15/3
f 545/13/3 513/13/3 544/13/3
f 546/6/3 515/6/3 514/6/3
f 546/15/3 514/15/3 545/15/3
f 547/15/3 516/15/3 515/15/3
f 547/6/3 515/6/3 546/6/3
f 548/15/3 516/15/3 547/15/3
f 549/15/3 486/15/3 516/15/3
f 549/15/3 516/15/3 548/15/3
f 550/6/3 517/6/3 486/6/3
f 550/15/3 486/15/3 549/15/3
f 550/6/3 518/6/3 517/6/3
f 551/6/3 518/6/3 550/6/3
f 552/6/3 518/6/3 551/6/3
f 553/19/3 521/19/3 520/19/3
f 553/5/3 522/5/3 521/5/3
f 554/10/3 523/10/3 522/10/3
f 554/5/3 522/5/3 553/5/3
f 555/4/3 524/4/3 523/4/3
f 555/10/3 523/10/3 554/10/3
f 556/20/3 525/20/3 524/20/3
f 556/4/3 524/4/3 555/4/3
f 557/19/3 528/19/3 527/19/3
f 557/20/3 525/20/3 556/20/3
f 557/19/3 526/19/3 525/19/3
f 557/19/3 527/19/3 526/19/3
f 558/19/3 528/19/3 557/19/3
f 559/19/3 528/19/3 558/19/3
f 560/27/3 529/27/3 528/27/3
f 560/19/3 528/19/3 559/19/3
f 561/26/3 530/26/3 529/26/3
f 561/27/3 529/27/3 560/27/3
f 562/27/3 531/27/3 530/27/3
f 562/26/3 530/26/3 561/26/3
f 563/23/3 532/23/3 531/23/3
f 563/27/3 531/27/3 562/27/3
f 564/27/3 533/27/3 532/27/3
f 564/23/3 532/23/3 563/23/3
f 565/23/3 534/23/3 533/23/3
f 565/27/3 533/27/3 564/27/3
f 566/27/3 535/27/3 534/27/3
f 566/23/3 534/23/3 565/23/3
f 567/12/3 536/12/3 535/12/3
f 567/27/3 535/27/3 566/27/3
f 568/7/3 537/7/3 536/7/3
f 568/12/3 536/12/3 567/12/3
f 568/7/3 538/7/3 537/7/3
f 569/7/3 538/7/3 568/7/3
f 570/6/3 539/6/3 538/6/3
f 570/7/3 538/7/3 569/7/3
f 571/6/3 539/6/3 570/6/3
f 572/7/3 540/7/3 539/7/3
f 572/6/3 539/6/3 571/6/3
f 573/6/3 541/6/3 540/6/3
f 573/7/3 540/7/3 572/7/3
f 574/7/3 542/7/3 541/7/3
f 574/6/3 541/6/3 573/6/3
f 575/7/3 542/7/3 574/7/3
f 576/15/3 543/15/3 542/15/3
f 576/7/3 542/7/3 575/7/3
f 577/7/3 545/7/3 544/7/3
f 577/15/3 543/15/3 576/15/3
f 577/7/3 546/7/3 545/7/3
f 577/7/3 544/7/3 543/7/3
f 578/15/3 547/15/3 546/15/3
f 578/7/3 546/7/3 577/7/3
f 579/14/3 548/14/3 547/14/3
f 579/15/3 547/15/3 578/15/3
f 580/15/3 549/15/3 548/15/3
f 580/14/3 548/14/3 579/14/3
f 581/6/3 551/6/3 550/6/3
f 581/6/3 550/6/3 549/6/3
f 582/15/3 552/15/3 551/15/3
f 582/6/3 551/6/3 581/6/3
f 583/15/3 552/15/3 582/15/3
f 584/4/3 520/4/3 519/4/3
f 585/19/3 554/19/3 553/19/3
f 585/4/3 520/4/3 584/4/3
f 585/19/3 553/19/3 520/19/3
f 586/3/3 555/3/3 554/3/3
f 586/19/3 554/19/3 585/19/3
f 587/4/3 556/4/3 555/4/3
f 587/3/3 555/3/3 586/3/3
f 588/19/3 557/19/3 556/19/3
f 588/4/3 556/4/3 587/4/3
f 589/20/3 558/20/3 557/20/3
f 589/19/3 557/19/3 588/19/3
f 590/19/3 559/19/3 558/19/3
f 590/20/3 558/20/3 589/20/3
f 591/20/3 561/20/3 560/20/3
f 591/19/3 559/19/3 590/19/3
f 591/20/3 560/20/3 559/20/3
f 592/27/3 562/27/3 561/27/3
f 592/20/3 561/20/3 591/20/3
f 593/26/3 563/26/3 562/26/3
f 593/27/3 562/27/3 592/27/3
f 593/26/3 564/26/3 563/26/3
f 594/26/3 564/26/3 593/26/3
f 595/23/3 565/23/3 564/23/3
f 595/26/3 564/26/3 594/26/3
f 596/26/3 566/26/3 565/26/3
f 596/23/3 565/23/3 595/23/3
f 596/26/3 567/26/3 566/26/3
f 597/26/3 567/26/3 596/26/3
f 598/8/3 568/8/3 567/8/3
f 598/26/3 567/26/3 597/26/3
f 598/8/3 569/8/3 568/8/3
f 599/8/3 569/8/3 598/8/3
f 600/15/3 570/15/3 569/15/3
f 600/8/3 569/8/3 599/8/3
f 600/15/3 571/15/3 570/15/3
f 601/6/3 572/6/3 571/6/3
f 601/15/3 571/15/3 600/15/3
f 601/6/3 573/6/3 572/6/3
f 602/7/3 574/7/3 573/7/3
f 602/6/3 573/6/3 601/6/3
f 603/6/3 575/6/3 574/6/3
f 603/7/3 574/7/3 602/7/3
f 604/14/3 576/14/3 575/14/3
f 604/6/3 575/6/3 603/6/3
f 604/14/3 577/14/3 576/14/3
f 605/6/3 578/6/3 577/6/3
f 605/14/3 577/14/3 604/14/3
f 606/6/3 578/6/3 605/6/3
f 607/6/3 578/6/3 606/6/3
f 608/14/3 579/14/3 578/14/3
f 608/6/3 578/6/3 607/6/3
f 609/6/3 580/6/3 579/6/3
f 609/14/3 579/14/3 608/14/3
f 610/15/3 549/15/3 580/15/3
f 610/6/3 580/6/3 609/6/3
f 611/6/3 581/6/3 549/6/3
f 611/15/3 549/15/3 610/15/3
f 612/15/3 582/15/3 581/15/3
f 612/6/3 581/6/3 611/6/3
f 613/4/3 586/4/3 585/4/3
f 613/4/3 588/4/3 587/4/3
f 613/4/3 587/4/3 586/4/3
f 614/4/3 588/4/3 613/4/3
f 615/20/3 589/20/3 588/20/3
f 615/4/3 588/4/3 614/4/3
f 616/4/3 590/4/3 589/4/3
f 616/20/3 589/20/3 615/20/3
f 617/20/3 591/20/3 590/20/3
f 617/4/3 590/4/3 616/4/3
f 618/3/3 592/3/3 591/3/3
f 618/20/3 591/20/3 617/20/3
f 619/3/3 592/3/3 618/3/3
f 620/27/3 594/27/3 593/27/3
f 620/5/3 593/5/3 592/5/3
f 621/26/3 597/26/3 596/26/3
f 621/27/3 594/27/3 620/27/3
f 621/26/3 595/26/3 594/26/3
f 621/26/3 596/26/3 595/26/3
f 622/26/3 597/26/3 621/26/3
f 623/24/3 598/24/3 597/24/3
f 623/26/3 597/26/3 622/26/3
f 624/7/3 599/7/3 598/7/3
f 624/24/3 598/24/3 623/24/3
f 625/8/3 601/8/3 600/8/3
f 625/7/3 599/7/3 624/7/3
f 625/8/3 600/8/3 599/8/3
f 626/8/3 601/8/3 625/8/3
f 627/8/3 601/8/3 626/8/3
f 628/7/3 602/7/3 601/7/3
f 628/8/3 601/8/3 627/8/3
f 629/7/3 602/7/3 628/7/3
f 630/15/3 604/15/3 603/15/3
f 630/7/3 602/7/3 629/7/3
f 630/15/3 603/15/3 602/15/3
f 631/15/3 604/15/3 630/15/3
f 632/6/3 606/6/3 605/6/3
f 632/15/3 604/15/3 631/15/3
f 632/6/3 605/6/3 604/6/3
f 633/15/3 607/15/3 606/15/3
f 633/6/3 606/6/3 632/6/3
f 634/14/3 609/14/3 608/14/3
f 634/15/3 607/15/3 633/15/3
f 634/14/3 608/14/3 607/14/3
f 635/14/3 609/14/3 634/14/3
f 636/15/3 610/15/3 609/15/3
f 636/14/3 609/14/3 635/14/3
f 637/6/3 611/6/3 610/6/3
f 637/15/3 610/15/3 636/15/3
f 638/15/3 612/15/3 611/15/3
f 638/6/3 611/6/3 637/6/3
f 639/15/3 582/15/3 612/15/3
f 639/15/3 612/15/3 638/15/3
f 640/7/3 583/7/3 582/7/3
f 640/15/3 582/15/3 639/15/3
f 641/7/3 583/7/3 640/7/3
f 642/4/3 615/4/3 614/4/3
f 642/4/3 616/4/3 615/4/3
f 643/4/3 616/4/3 642/4/3
f 644/5/3 620/5/3 592/5/3
f 644/3/3 592/3/3 619/3/3
f 645/24/3 621/24/3 620/24/3
f 645/5/3 620/5/3 644/5/3
f 646/26/3 622/26/3 621/26/3
f 646/24/3 621/24/3 645/24/3
f 647/24/3 623/24/3 622/24/3
f 647/26/3 622/26/3 646/26/3
f 648/8/3 624/8/3 623/8/3
f 648/24/3 623/24/3 647/24/3
f 648/8/3 625/8/3 624/8/3
f 649/8/3 625/8/3 648/8/3
f 650/7/3 626/7/3 625/7/3
f 650/8/3 625/8/3 649/8/3
f 651/8/3 627/8/3 626/8/3
f 651/7/3 626/7/3 650/7/3
f 652/10/3 628/10/3 627/10/3
f 652/8/3 627/8/3 651/8/3
f 653/2/3 629/2/3 628/2/3
f 653/10/3 628/10/3 652/10/3
f 654/13/3 630/13/3 629/13/3
f 654/2/3 629/2/3 653/2/3
f 655/8/3 631/8/3 630/8/3
f 655/13/3 630/13/3 654/13/3
f 656/15/3 633/15/3 632/15/3
f 656/7/3 632/7/3 631/7/3
f 657/6/3 635/6/3 634/6/3
f 657/15/3 633/15/3 656/15/3
f 657/6/3 634/6/3 633/6/3
f 658/15/3 636/15/3 635/15/3
f 658/6/3 635/6/3 657/6/3
f 659/6/3 637/6/3 636/6/3
f 659/15/3 636/15/3 658/15/3
f 660/15/3 638/15/3 637/15/3
f 660/6/3 637/6/3 659/6/3
f 661/7/3 639/7/3 638/7/3
f 661/15/3 638/15/3 660/15/3
f 662/15/3 640/15/3 639/15/3
f 662/7/3 639/7/3 661/7/3
f 663/8/3 641/8/3 640/8/3
f 663/15/3 640/15/3 662/15/3
f 664/4/3 616/4/3 643/4/3
f 664/8/3 643/8/3 642/8/3
f 665/5/3 617/5/3 616/5/3
f 665/4/3 616/4/3 664/4/3
f 666/9/3 618/9/3 617/9/3
f 666/5/3 617/5/3 665/5/3
f 667/13/3 619/13/3 618/13/3
f 667/9/3 618/9/3 666/9/3
f 668/3/3 644/3/3 619/3/3
f 668/13/3 619/13/3 667/13/3
f 669/13/3 645/13/3 644/13/3
f 669/3/3 644/3/3 668/3/3
f 670/20/3 646/20/3 645/20/3
f 670/13/3 645/13/3 669/13/3
f 671/24/3 647/24/3 646/24/3
f 671/20/3 646/20/3 670/20/3
f 672/24/3 647/24/3 671/24/3
f 673/7/3 649/7/3 648/7/3
f 673/24/3 647/24/3 672/24/3
f 673/7/3 648/7/3 647/7/3
f 674/8/3 651/8/3 650/8/3
f 674/7/3 649/7/3 673/7/3
f 674/8/3 650/8/3 649/8/3
f 675/7/3 652/7/3 651/7/3
f 675/8/3 651/8/3 674/8/3
f 676/8/3 654/8/3 653/8/3
f 676/7/3 652/7/3 675/7/3
f 676/8/3 653/8/3 652/8/3
f 676/8/3 655/8/3 654/8/3
f 677/8/3 655/8/3 676/8/3
f 678/8/3 631/8/3 655/8/3
f 678/8/3 655/8/3 677/8/3
f 679/7/3 657/7/3 656/7/3
f 679/8/3 631/8/3 678/8/3
f 679/7/3 656/7/3 631/7/3
f 679/7/3 658/7/3 657/7/3
f 680/7/3 658/7/3 679/7/3
f 681/7/3 658/7/3 680/7/3
f 682/7/3 658/7/3 681/7/3
f 683/7/3 658/7/3 682/7/3
f 684/14/3 659/14/3 658/14/3
f 684/7/3 658/7/3 683/7/3
f 685/6/3 660/6/3 659/6/3
f 685/14/3 659/14/3 684/14/3
f 686/7/3 661/7/3 660/7/3
f 686/6/3 660/6/3 685/6/3
f 687/15/3 662/15/3 661/15/3
f 687/7/3 661/7/3 686/7/3
f 688/7/3 663/7/3 662/7/3
f 688/15/3 662/15/3 687/15/3
f 689/8/3 664/8/3 642/8/3
f 690/7/3 665/7/3 664/7/3
f 690/8/3 664/8/3 689/8/3
f 691/20/3 666/20/3 665/20/3
f 691/7/3 665/7/3 690/7/3
f 692/3/3 667/3/3 666/3/3
f 692/20/3 666/20/3 691/20/3
f 693/2/3 668/2/3 667/2/3
f 693/3/3 667/3/3 692/3/3
f 694/5/3 669/5/3 668/5/3
f 694/2/3 668/2/3 693/2/3
f 695/20/3 670/20/3 669/20/3
f 695/5/3 669/5/3 694/5/3
f 696/8/3 671/8/3 670/8/3
f 696/20/3 670/20/3 695/20/3
f 697/7/3 672/7/3 671/7/3
f 697/8/3 671/8/3 696/8/3
f 698/8/3 674/8/3 673/8/3
f 698/7/3 672/7/3 697/7/3
f 698/8/3 673/8/3 672/8/3
f 699/7/3 675/7/3 674/7/3
f 699/8/3 674/8/3 698/8/3
f 700/8/3 676/8/3 675/8/3
f 700/7/3 675/7/3 699/7/3
f 701/7/3 677/7/3 676/7/3
f 701/8/3 676/8/3 700/8/3
f 702/7/3 677/7/3 701/7/3
f 703/8/3 678/8/3 677/8/3
f 703/7/3 677/7/3 702/7/3
f 704/7/3 679/7/3 678/7/3
f 704/8/3 678/8/3 703/8/3
f 705/8/3 680/8/3 679/8/3
f 705/7/3 679/7/3 704/7/3
f 706/7/3 681/7/3 680/7/3
f 706/8/3 680/8/3 705/8/3
f 707/15/3 682/15/3 681/15/3
f 707/7/3 681/7/3 706/7/3
f 708/7/3 683/7/3 682/7/3
f 708/15/3 682/15/3 707/15/3
f 709/6/3 685/6/3 684/6/3
f 709/7/3 683/7/3 708/7/3
f 709/6/3 684/6/3 683/6/3
f 710/6/3 685/6/3 709/6/3
f 711/15/3 686/15/3 685/15/3
f 711/6/3 685/6/3 710/6/3
f 712/8/3 687/8/3 686/8/3
f 712/15/3 686/15/3 711/15/3
f 713/7/3 663/7/3 688/7/3
f 713/7/3 688/7/3 687/7/3
f 714/8/3 641/8/3 663/8/3
f 714/7/3 663/7/3 713/7/3
f 715/8/3 641/8/3 714/8/3
f 717/8/3 691/8/3 690/8/3
f 718/7/3 692/7/3 691/7/3
f 718/8/3 691/8/3 717/8/3
f 719/20/3 694/20/3 693/20/3
f 719/7/3 692/7/3 718/7/3
f 719/20/3 693/20/3 692/20/3
f 720/7/3 696/7/3 695/7/3
f 720/20/3 694/20/3 719/20/3
f 720/7/3 697/7/3 696/7/3
f 720/7/3 695/7/3 694/7/3
f 721/8/3 698/8/3 697/8/3
f 721/7/3 697/7/3 720/7/3
f 722/7/3 699/7/3 698/7/3
f 722/8/3 698/8/3 721/8/3
f 723/7/3 699/7/3 722/7/3
f 724/8/3 700/8/3 699/8/3
f 724/7/3 699/7/3 723/7/3
f 725/7/3 702/7/3 701/7/3
f 725/8/3 700/8/3 724/8/3
f 725/7/3 701/7/3 700/7/3
f 726/7/3 702/7/3 725/7/3
f 727/15/3 703/15/3 702/15/3
f 727/7/3 702/7/3 726/7/3
f 727/15/3 704/15/3 703/15/3
f 728/8/3 705/8/3 704/8/3
f 728/15/3 704/15/3 727/15/3
f 729/7/3 706/7/3 705/7/3
f 729/8/3 705/8/3 728/8/3
f 730/15/3 707/15/3 706/15/3
f 730/7/3 706/7/3 729/7/3
f 731/6/3 709/6/3 708/6/3
f 731/15/3 707/15/3 730/15/3
f 731/6/3 708/6/3 707/6/3
f 732/6/3 709/6/3 731/6/3
f 733/7/3 710/7/3 709/7/3
f 733/6/3 709/6/3 732/6/3
f 734/15/3 711/15/3 710/15/3
f 734/7/3 710/7/3 733/7/3
f 735/15/3 711/15/3 734/15/3
f 736/7/3 712/7/3 711/7/3
f 736/15/3 711/15/3 735/15/3
f 737/8/3 687/8/3 712/8/3
f 737/7/3 712/7/3 736/7/3
f 738/7/3 713/7/3 687/7/3
f 738/8/3 687/8/3 737/8/3
f 739/24/3 714/24/3 713/24/3
f 739/7/3 713/7/3 738/7/3
f 740/24/3 714/24/3 739/24/3
f 742/8/3 719/8/3 718/8/3
f 742/7/3 718/7/3 717/7/3
f 743/7/3 720/7/3 719/7/3
f 743/8/3 719/8/3 742/8/3
f 744/8/3 721/8/3 720/8/3
f 744/7/3 720/7/3 743/7/3
f 745/8/3 721/8/3 744/8/3
f 746/7/3 723/7/3 722/7/3
f 746/8/3 721/8/3 745/8/3
f 746/7/3 722/7/3 721/7/3
f 747/7/3 723/7/3 746/7/3
f 748/8/3 724/8/3 723/8/3
f 748/7/3 723/7/3 747/7/3
f 749/7/3 726/7/3 725/7/3
f 749/8/3 724/8/3 748/8/3
f 749/7/3 725/7/3 724/7/3
f 750/7/3 726/7/3 749/7/3
f 751/7/3 726/7/3 750/7/3
f 752/15/3 727/15/3 726/15/3
f 752/7/3 726/7/3 751/7/3
f 753/7/3 729/7/3 728/7/3
f 753/15/3 727/15/3 752/15/3
f 753/7/3 728/7/3 727/7/3
f 754/8/3 730/8/3 729/8/3
f 754/7/3 729/7/3 753/7/3
f 755/7/3 731/7/3 730/7/3
f 755/8/3 730/8/3 754/8/3
f 756/15/3 732/15/3 731/15/3
f 756/7/3 731/7/3 755/7/3
f 757/6/3 733/6/3 732/6/3
f 757/15/3 732/15/3 756/15/3
f 757/6/3 734/6/3 733/6/3
f 758/7/3 735/7/3 734/7/3
f 758/6/3 734/6/3 757/6/3
f 759/15/3 736/15/3 735/15/3
f 759/7/3 735/7/3 758/7/3
f 760/8/3 737/8/3 736/8/3
f 760/15/3 736/15/3 759/15/3
f 761/22/3 738/22/3 737/22/3
f 761/8/3 737/8/3 760/8/3
f 762/24/3 739/24/3 738/24/3
f 762/22/3 738/22/3 761/22/3
f 763/21/3 740/21/3 739/21/3
f 763/24/3 739/24/3 762/24/3
f 764/24/3 741/24/3 740/24/3
f 764/21/3 740/21/3 763/21/3
f 765/24/3 741/24/3 764/24/3
f 767/7/3 743/7/3 742/7/3
f 767/7/3 742/7/3 717/7/3
f 767/8/3 717/8/3 716/8/3
f 768/7/3 743/7/3 767/7/3
f 769/8/3 744/8/3 743/8/3
f 769/7/3 743/7/3 768/7/3
f 770/8/3 744/8/3 769/8/3
f 771/15/3 745/15/3 744/15/3
f 771/8/3 744/8/3 770/8/3
f 772/7/3 746/7/3 745/7/3
f 772/15/3 745/15/3 771/15/3
f 773/8/3 747/8/3 746/8/3
f 773/7/3 746/7/3 772/7/3
f 774/8/3 747/8/3 773/8/3
f 775/15/3 748/15/3 747/15/3
f 775/8/3 747/8/3 774/8/3
f 776/7/3 749/7/3 748/7/3
f 776/15/3 748/15/3 775/15/3
f 777/15/3 750/15/3 749/15/3
f 777/7/3 749/7/3 776/7/3
f 778/7/3 751/7/3 750/7/3
f 778/15/3 750/15/3 777/15/3
f 779/8/3 752/8/3 751/8/3
f 779/7/3 751/7/3 778/7/3
f 780/7/3 753/7/3 752/7/3
f 780/8/3 752/8/3 779/8/3
f 781/15/3 758/15/3 757/15/3
f 781/7/3 753/7/3 780/7/3
f 781/15/3 757/15/3 756/15/3
f 781/15/3 755/15/3 754/15/3
f 781/15/3 756/15/3 755/15/3
f 781/15/3 754/15/3 753/15/3
f 782/15/3 758/15/3 781/15/3
f 783/15/3 758/15/3 782/15/3
f 784/15/3 758/15/3 783/15/3
f 785/15/3 758/15/3 784/15/3
f 786/15/3 758/15/3 785/15/3
f 787/8/3 759/8/3 758/8/3
f 787/15/3 758/15/3 786/15/3
f 787/8/3 760/8/3 759/8/3
f 788/8/3 760/8/3 787/8/3
f 789/22/3 761/22/3 760/22/3
f 789/8/3 760/8/3 788/8/3
f 790/21/3 762/21/3 761/21/3
f 790/22/3 761/22/3 789/22/3
f 791/8/3 763/8/3 762/8/3
f 791/21/3 762/21/3 790/21/3
f 792/24/3 764/24/3 763/24/3
f 792/8/3 763/8/3 791/8/3
f 793/23/3 765/23/3 764/23/3
f 793/24/3 764/24/3 792/24/3
f 794/27/3 766/27/3 765/27/3
f 794/23/3 765/23/3 793/23/3
f 795/27/3 766/27/3 794/27/3
f 797/8/3 767/8/3 716/8/3
f 798/15/3 768/15/3 767/15/3
f 798/8/3 767/8/3 797/8/3
f 799/7/3 770/7/3 769/7/3
f 799/15/3 768/15/3 798/15/3
f 799/7/3 769/7/3 768/7/3
f 800/7/3 770/7/3 799/7/3
f 801/15/3 771/15/3 770/15/3
f 801/7/3 770/7/3 800/7/3
f 802/8/3 772/8/3 771/8/3
f 802/15/3 771/15/3 801/15/3
f 803/15/3 773/15/3 772/15/3
f 803/8/3 772/8/3 802/8/3
f 803/15/3 774/15/3 773/15/3
f 804/7/3 776/7/3 775/7/3
f 804/15/3 774/15/3 803/15/3
f 804/7/3 777/7/3 776/7/3
f 804/7/3 775/7/3 774/7/3
f 805/7/3 777/7/3 804/7/3
f 806/8/3 778/8/3 777/8/3
f 806/7/3 777/7/3 805/7/3
f 807/7/3 779/7/3 778/7/3
f 807/8/3 778/8/3 806/8/3
f 808/15/3 780/15/3 779/15/3
f 808/7/3 779/7/3 807/7/3
f 809/7/3 781/7/3 780/7/3
f 809/15/3 780/15/3 808/15/3
f 809/7/3 782/7/3 781/7/3
f 810/8/3 783/8/3 782/8/3
f 810/7/3 782/7/3 809/7/3
f 811/7/3 784/7/3 783/7/3
f 811/8/3 783/8/3 810/8/3
f 812/15/3 785/15/3 784/15/3
f 812/7/3 784/7/3 811/7/3
f 813/7/3 786/7/3 785/7/3
f 813/15/3 785/15/3 812/15/3
f 814/15/3 787/15/3 786/15/3
f 814/7/3 786/7/3 813/7/3
f 815/24/3 788/24/3 787/24/3
f 815/15/3 787/15/3 814/15/3
f 816/23/3 789/23/3 788/23/3
f 816/24/3 788/24/3 815/24/3
f 817/15/3 790/15/3 789/15/3
f 817/23/3 789/23/3 816/23/3
f 818/23/3 791/23/3 790/23/3
f 818/15/3 790/15/3 817/15/3
f 819/7/3 792/7/3 791/7/3
f 819/23/3 791/23/3 818/23/3
f 820/7/3 792/7/3 819/7/3
f 821/24/3 794/24/3 793/24/3
f 822/8/3 799/8/3 798/8/3
f 822/15/3 800/15/3 799/15/3
f 823/8/3 801/8/3 800/8/3
f 823/15/3 800/15/3 822/15/3
f 823/8/3 802/8/3 801/8/3
f 824/8/3 802/8/3 823/8/3
f 825/15/3 803/15/3 802/15/3
f 825/8/3 802/8/3 824/8/3
f 826/7/3 804/7/3 803/7/3
f 826/15/3 803/15/3 825/15/3
f 827/15/3 805/15/3 804/15/3
f 827/7/3 804/7/3 826/7/3
f 828/8/3 806/8/3 805/8/3
f 828/15/3 805/15/3 827/15/3
f 829/15/3 807/15/3 806/15/3
f 829/8/3 806/8/3 828/8/3
f 829/15/3 808/15/3 807/15/3
f 830/15/3 808/15/3 829/15/3
f 831/8/3 810/8/3 809/8/3
f 831/15/3 808/15/3 830/15/3
f 831/8/3 809/8/3 808/8/3
f 832/8/3 810/8/3 831/8/3
f 833/15/3 812/15/3 811/15/3
f 833/8/3 810/8/3 832/8/3
f 833/15/3 811/15/3 810/15/3
f 834/15/3 812/15/3 833/15/3
f 835/7/3 813/7/3 812/7/3
f 835/15/3 812/15/3 834/15/3
f 836/8/3 814/8/3 813/8/3
f 836/7/3 813/7/3 835/7/3
f 837/21/3 816/21/3 815/21/3
f 837/24/3 815/24/3 814/24/3
f 838/15/3 817/15/3 816/15/3
f 838/21/3 816/21/3 837/21/3
f 839/7/3 818/7/3 817/7/3
f 839/15/3 817/15/3 838/15/3
f 840/23/3 819/23/3 818/23/3
f 840/7/3 818/7/3 839/7/3
f 841/24/3 821/24/3 820/24/3
f 841/23/3 819/23/3 840/23/3
f 841/24/3 820/24/3 819/24/3
f 842/24/3 821/24/3 841/24/3
f 843/23/3 795/23/3 794/23/3
f 843/24/3 821/24/3 842/24/3
f 843/24/3 794/24/3 821/24/3
f 844/27/3 796/27/3 795/27/3
f 844/23/3 795/23/3 843/23/3
f 845/27/3 796/27/3 844/27/3
f 847/8/3 822/8/3 798/8/3
f 847/8/3 823/8/3 822/8/3
f 848/8/3 823/8/3 847/8/3
f 849/7/3 824/7/3 823/7/3
f 849/8/3 823/8/3 848/8/3
f 850/15/3 825/15/3 824/15/3
f 850/7/3 824/7/3 849/7/3
f 851/7/3 826/7/3 825/7/3
f 851/15/3 825/15/3 850/15/3
f 852/7/3 826/7/3 851/7/3
f 853/15/3 827/15/3 826/15/3
f 853/7/3 826/7/3 852/7/3
f 854/15/3 827/15/3 853/15/3
f 855/8/3 828/8/3 827/8/3
f 855/15/3 827/15/3 854/15/3
f 856/15/3 829/15/3 828/15/3
f 856/8/3 828/8/3 855/8/3
f 857/15/3 829/15/3 856/15/3
f 858/7/3 830/7/3 829/7/3
f 858/15/3 829/15/3 857/15/3
f 859/8/3 831/8/3 830/8/3
f 859/7/3 830/7/3 858/7/3
f 860/7/3 832/7/3 831/7/3
f 860/8/3 831/8/3 859/8/3
f 861/15/3 833/15/3 832/15/3
f 861/7/3 832/7/3 860/7/3
f 862/6/3 834/6/3 833/6/3
f 862/15/3 833/15/3 861/15/3
f 863/8/3 836/8/3 835/8/3
f 863/6/3 834/6/3 862/6/3
f 863/8/3 835/8/3 834/8/3
f 864/8/3 836/8/3 863/8/3
f 865/8/3 836/8/3 864/8/3
f 866/8/3 814/8/3 836/8/3
f 866/8/3 836/8/3 865/8/3
f 866/24/3 837/24/3 814/24/3
f 867/23/3 838/23/3 837/23/3
f 867/24/3 837/24/3 866/24/3
f 868/24/3 839/24/3 838/24/3
f 868/23/3 838/23/3 867/23/3
f 869/8/3 840/8/3 839/8/3
f 869/24/3 839/24/3 868/24/3
f 870/23/3 841/23/3 840/23/3
f 870/8/3 840/8/3 869/8/3
f 871/21/3 842/21/3 841/21/3
f 871/23/3 841/23/3 870/23/3
f 872/23/3 843/23/3 842/23/3
f 872/21/3 842/21/3 871/21/3
f 873/23/3 843/23/3 872/23/3
f 874/27/3 844/27/3 843/27/3
f 874/23/3 843/23/3 873/23/3
f 875/27/3 844/27/3 874/27/3
f 876/8/3 848/8/3 847/8/3
f 876/8/3 847/8/3 846/8/3
f 877/15/3 850/15/3 849/15/3
f 877/8/3 848/8/3 876/8/3
f 877/15/3 849/15/3 848/15/3
f 878/15/3 850/15/3 877/15/3
f 879/7/3 851/7/3 850/7/3
f 879/15/3 850/15/3 878/15/3
f 880/15/3 852/15/3 851/15/3
f 880/7/3 851/7/3 879/7/3
f 881/8/3 853/8/3 852/8/3
f 881/15/3 852/15/3 880/15/3
f 882/7/3 854/7/3 853/7/3
f 882/8/3 853/8/3 881/8/3
f 883/8/3 855/8/3 854/8/3
f 883/7/3 854/7/3 882/7/3
f 884/15/3 856/15/3 855/15/3
f 884/8/3 855/8/3 883/8/3
f 884/15/3 857/15/3 856/15/3
f 885/15/3 857/15/3 884/15/3
f 886/7/3 858/7/3 857/7/3
f 886/15/3 857/15/3 885/15/3
f 887/8/3 859/8/3 858/8/3
f 887/7/3 858/7/3 886/7/3
f 888/7/3 860/7/3 859/7/3
f 888/8/3 859/8/3 887/8/3
f 889/8/3 862/8/3 861/8/3
f 889/7/3 860/7/3 888/7/3
f 889/8/3 861/8/3 860/8/3
f 889/8/3 863/8/3 862/8/3
f 890/8/3 863/8/3 889/8/3
f 891/8/3 863/8/3 890/8/3
f 892/7/3 864/7/3 863/7/3
f 892/8/3 863/8/3 891/8/3
f 893/7/3 864/7/3 892/7/3
f 894/15/3 865/15/3 864/15/3
f 894/7/3 864/7/3 893/7/3
f 895/8/3 866/8/3 865/8/3
f 895/15/3 865/15/3 894/15/3
f 895/8/3 867/8/3 866/8/3
f 896/24/3 868/24/3 867/24/3
f 896/8/3 867/8/3 895/8/3
f 897/23/3 869/23/3 868/23/3
f 897/24/3 868/24/3 896/24/3
f 898/24/3 870/24/3 869/24/3
f 898/23/3 869/23/3 897/23/3
f 899/23/3 871/23/3 870/23/3
f 899/24/3 870/24/3 898/24/3
f 900/24/3 873/24/3 872/24/3
f 900/23/3 871/23/3 899/23/3
f 900/24/3 872/24/3 871/24/3
f 901/27/3 874/27/3 873/27/3
f 901/24/3 873/24/3 900/24/3
f 902/27/3 874/27/3 901/27/3
f 903/8/3 876/8/3 846/8/3
f 904/7/3 877/7/3 876/7/3
f 904/8/3 876/8/3 903/8/3
f 905/8/3 878/8/3 877/8/3
f 905/7/3 877/7/3 904/7/3
f 906/7/3 879/7/3 878/7/3
f 906/8/3 878/8/3 905/8/3
f 906/7/3 880/7/3 879/7/3
f 907/8/3 881/8/3 880/8/3
f 907/7/3 880/7/3 906/7/3
f 908/7/3 882/7/3 881/7/3
f 908/8/3 881/8/3 907/8/3
f 909/8/3 883/8/3 882/8/3
f 909/7/3 882/7/3 908/7/3
f 910/7/3 884/7/3 883/7/3
f 910/8/3 883/8/3 909/8/3
f 911/15/3 885/15/3 884/15/3
f 911/7/3 884/7/3 910/7/3
f 912/7/3 886/7/3 885/7/3
f 912/15/3 885/15/3 911/15/3
f 913/8/3 887/8/3 886/8/3
f 913/7/3 886/7/3 912/7/3
f 914/15/3 888/15/3 887/15/3
f 914/8/3 887/8/3 913/8/3
f 915/8/3 889/8/3 888/8/3
f 915/15/3 888/15/3 914/15/3
f 915/8/3 890/8/3 889/8/3
f 916/8/3 890/8/3 915/8/3
f 917/7/3 891/7/3 890/7/3
f 917/8/3 890/8/3 916/8/3
f 918/15/3 892/15/3 891/15/3
f 918/7/3 891/7/3 917/7/3
f 919/15/3 892/15/3 918/15/3
f 920/6/3 893/6/3 892/6/3
f 920/15/3 892/15/3 919/15/3
f 921/7/3 894/7/3 893/7/3
f 921/6/3 893/6/3 920/6/3
f 922/8/3 895/8/3 894/8/3
f 922/7/3 894/7/3 921/7/3
f 923/8/3 895/8/3 922/8/3
f 924/24/3 898/24/3 897/24/3
f 925/23/3 899/23/3 898/23/3
f 925/24/3 898/24/3 924/24/3
f 926/24/3 900/24/3 899/24/3
f 926/23/3 899/23/3 925/23/3
f 927/24/3 900/24/3 926/24/3
f 928/8/3 905/8/3 904/8/3
f 929/7/3 906/7/3 905/7/3
f 929/8/3 905/8/3 928/8/3
f 930/8/3 907/8/3 906/8/3
f 930/7/3 906/7/3 929/7/3
f 931/7/3 908/7/3 907/7/3
f 931/8/3 907/8/3 930/8/3
f 932/8/3 909/8/3 908/8/3
f 932/7/3 908/7/3 931/7/3
f 933/15/3 911/15/3 910/15/3
f 933/8/3 909/8/3 932/8/3
f 933/15/3 910/15/3 909/15/3
f 934/7/3 912/7/3 911/7/3
f 934/15/3 911/15/3 933/15/3
f 935/8/3 913/8/3 912/8/3
f 935/7/3 912/7/3 934/7/3
f 936/7/3 914/7/3 913/7/3
f 936/8/3 913/8/3 935/8/3
f 937/8/3 915/8/3 914/8/3
f 937/7/3 914/7/3 936/7/3
f 938/7/3 916/7/3 915/7/3
f 938/8/3 915/8/3 937/8/3
f 939/15/3 917/15/3 916/15/3
f 939/7/3 916/7/3 938/7/3
f 940/6/3 918/6/3 917/6/3
f 940/15/3 917/15/3 939/15/3
f 941/7/3 919/7/3 918/7/3
f 941/6/3 918/6/3 940/6/3
f 942/8/3 921/8/3 920/8/3
f 942/7/3 919/7/3 941/7/3
f 942/8/3 920/8/3 919/8/3
f 943/8/3 921/8/3 942/8/3
f 944/24/3 926/24/3 925/24/3
f 945/24/3 926/24/3 944/24/3
f 946/7/3 931/7/3 930/7/3
f 947/8/3 932/8/3 931/8/3
f 947/7/3 931/7/3 946/7/3
f 948/15/3 933/15/3 932/15/3
f 948/8/3 932/8/3 947/8/3
f 949/7/3 934/7/3 933/7/3
f 949/15/3 933/15/3 948/15/3
f 950/7/3 934/7/3 949/7/3
f 951/8/3 935/8/3 934/8/3
f 951/7/3 934/7/3 950/7/3
f 952/7/3 936/7/3 935/7/3
f 952/8/3 935/8/3 951/8/3
f 953/6/3 937/6/3 936/6/3
f 953/7/3 936/7/3 952/7/3
f 954/7/3 938/7/3 937/7/3
f 954/6/3 937/6/3 953/6/3
f 955/15/3 939/15/3 938/15/3
f 955/7/3 938/7/3 954/7/3
f 956/7/3 940/7/3 939/7/3
f 956/15/3 939/15/3 955/15/3
f 957/8/3 941/8/3 940/8/3
f 957/7/3 940/7/3 956/7/3
f 958/8/3 941/8/3 957/8/3
f 959/8/3 930/8/3 929/8/3
f 960/7/3 946/7/3 930/7/3
f 960/8/3 930/8/3 959/8/3
f 961/15/3 947/15/3 946/15/3
f 961/7/3 946/7/3 960/7/3
f 962/7/3 948/7/3 947/7/3
f 962/15/3 947/15/3 961/15/3
f 962/7/3 950/7/3 949/7/3
f 962/7/3 949/7/3 948/7/3
f 963/7/3 950/7/3 962/7/3
f 964/8/3 951/8/3 950/8/3
f 964/7/3 950/7/3 963/7/3
f 965/7/3 952/7/3 951/7/3
f 965/8/3 951/8/3 964/8/3
f 966/15/3 953/15/3 952/15/3
f 966/7/3 952/7/3 965/7/3
f 967/8/3 954/8/3 953/8/3
f 967/15/3 953/15/3 966/15/3
f 968/15/3 955/15/3 954/15/3
f 968/8/3 954/8/3 967/8/3
f 969/8/3 956/8/3 955/8/3
f 969/15/3 955/15/3 968/15/3
f 970/8/3 956/8/3 969/8/3
f 971/8/3 961/8/3 960/8/3
f 971/8/3 962/8/3 961/8/3
f 972/8/3 962/8/3 971/8/3
f 973/15/3 963/15/3 962/15/3
f 973/8/3 962/8/3 972/8/3
f 974/8/3 964/8/3 963/8/3
f 974/15/3 963/15/3 973/15/3
f 975/8/3 964/8/3 974/8/3
f 976/15/3 965/15/3 964/15/3
f 976/8/3 964/8/3 975/8/3
f 976/15/3 966/15/3 965/15/3
f 977/15/3 966/15/3 976/15/3
f 978/8/3 967/8/3 966/8/3
f 978/15/3 966/15/3 977/15/3
f 979/7/3 968/7/3 967/7/3
f 979/8/3 967/8/3 978/8/3
f 980/8/3 969/8/3 968/8/3
f 980/7/3 968/7/3 979/7/3
f 981/8/3 969/8/3 980/8/3
f 982/8/3 973/8/3 972/8/3
f 982/8/3 975/8/3 974/8/3
f 982/8/3 974/8/3 973/8/3
f 983/8/3 975/8/3 982/8/3
f 984/8/3 975/8/3 983/8/3
f 985/15/3 976/15/3 975/15/3
f 985/8/3 975/8/3 984/8/3
f 986/6/3 977/6/3 976/6/3
f 986/15/3 976/15/3 985/15/3
f 987/8/3 978/8/3 977/8/3
f 987/6/3 977/6/3 986/6/3
f 988/15/3 979/15/3 978/15/3
f 988/8/3 978/8/3 987/8/3
f 989/8/3 980/8/3 979/8/3
f 989/15/3 979/15/3 988/15/3
f 990/8/3 980/8/3 989/8/3
f 991/15/3 984/15/3 983/15/3
f 992/6/3 986/6/3 985/6/3
f 992/15/3 984/15/3 991/15/3
f 992/6/3 985/6/3 984/6/3
f 993/8/3 987/8/3 986/8/3
f 993/6/3 986/6/3 992/6/3
f 994/7/3 988/7/3 987/7/3
f 994/8/3 987/8/3 993/8/3
f 995/8/3 989/8/3 988/8/3
f 995/7/3 988/7/3 994/7/3
f 996/8/3 989/8/3 995/8/3
f 997/8/3 993/8/3 992/8/3
f 997/8/3 992/8/3 991/8/3
f 998/8/3 993/8/3 997/8/3
f 999/15/3 994/15/3 993/15/3
f 999/8/3 993/8/3 998/8/3
f 1000/8/3 995/8/3 994/8/3
f 1000/15/3 994/15/3 999/15/3
f 1001/8/3 995/8/3 1000/8/3
f 1002/8/3 999/8/3 998/8/3
f 1002/8/3 1000/8/3 999/8/3
f 1003/8/3 1000/8/3 1002/8/3
f 1004/6/4 1005/6/4 1006/6/4
f 1006/6/4 1005/6/4 1007/6/4
f 1006/15/4 1007/15/4 1014/15/4
f 1007/6/4 1008/6/4 1015/6/4
f 1014/15/4 1007/15/4 1015/15/4
f 1008/15/4 1009/15/4 1016/15/4
f 1015/6/4 1008/6/4 1016/6/4
f 1016/15/4 1009/15/4 1017/15/4
f 1017/15/4 1009/15/4 1018/15/4
f 1010/20/4 1011/20/4 1022/20/4
f 1011/13/4 1012/13/4 1023/13/4
f 1022/20/4 1011/20/4 1023/20/4
f 1023/13/4 1012/13/4 1024/13/4
f 1013/8/4 1014/8/4 1027/8/4
f 1014/7/4 1015/7/4 1028/7/4
f 1015/7/4 1016/7/4 1028/7/4
f 1027/8/4 1014/8/4 1028/8/4
f 1028/7/4 1016/7/4 1029/7/4
f 1016/15/4 1017/15/4 1030/15/4
f 1029/7/4 1016/7/4 1030/7/4
f 1017/6/4 1018/6/4 1031/6/4
f 1030/15/4 1017/15/4 1031/15/4
f 1018/15/4 1019/15/4 1032/15/4
f 1031/6/4 1018/6/4 1032/6/4
f 1019/7/4 1020/7/4 1033/7/4
f 1032/15/4 1019/15/4 1033/15/4
f 1033/7/4 1020/7/4 1034/7/4
f 1021/20/4 1022/20/4 1037/20/4
f 1022/5/4 1023/5/4 1038/5/4
f 1037/20/4 1022/20/4 1038/20/4
f 1023/2/4 1024/2/4 1039/2/4
f 1038/5/4 1023/5/4 1039/5/4
f 1024/13/4 1025/13/4 1040/13/4
f 1039/2/4 1024/2/4 1040/2/4
f 1040/13/4 1025/13/4 1041/13/4
f 1026/7/4 1027/7/4 1047/7/4
f 1047/7/4 1027/7/4 1048/7/4
f 1028/15/4 1029/15/4 1049/15/4
f 1048/7/4 1027/7/4 1049/7/4
f 1027/15/4 1028/15/4 1049/15/4
f 1049/15/4 1029/15/4 1050/15/4
f 1029/8/4 1030/8/4 1051/8/4
f 1050/15/4 1029/15/4 1051/15/4
f 1030/7/4 1031/7/4 1052/7/4
f 1051/8/4 1030/8/4 1052/8/4
f 1031/15/4 1032/15/4 1053/15/4
f 1052/7/4 1031/7/4 1053/7/4
f 1032/15/4 1033/15/4 1053/15/4
f 1053/15/4 1033/15/4 1054/15/4
f 1033/14/4 1034/14/4 1055/14/4
f 1054/15/4 1033/15/4 1055/15/4
f 1034/7/4 1035/7/4 1056/7/4
f 1055/14/4 1034/14/4 1056/14/4
f 1056/7/4 1035/7/4 1057/7/4
f 1036/19/4 1037/19/4 1060/19/4
f 1037/19/4 1038/19/4 1060/19/4
f 1060/19/4 1038/19/4 1061/19/4
f 1038/4/4 1039/4/4 1062/4/4
f 1061/19/4 1038/19/4 1062/19/4
f 1039/5/4 1040/5/4 1063/5/4
f 1062/4/4 1039/4/4 1063/4/4
f 1040/3/4 1041/3/4 1064/3/4
f 1063/5/4 1040/5/4 1064/5/4
f 1041/13/4 1042/13/4 1065/13/4
f 1064/3/4 1041/3/4 1065/3/4
f 1042/7/4 1043/7/4 1066/7/4
f 1065/13/4 1042/13/4 1066/13/4
f 1043/15/4 1044/15/4 1067/15/4
f 1066/7/4 1043/7/4 1067/7/4
f 1067/15/4 1044/15/4 1068/15/4
f 1045/3/4 1046/3/4 1072/3/4
f 1072/3/4 1046/3/4 1073/3/4
f 1046/1/4 1047/1/4 1074/1/4
f 1073/3/4 1046/3/4 1074/3/4
f 1047/13/4 1048/13/4 1075/13/4
f 1074/1/4 1047/1/4 1075/1/4
f 1049/8/4 1050/8/4 1076/8/4
f 1075/13/4 1048/13/4 1076/13/4
f 1048/8/4 1049/8/4 1076/8/4
f 1076/8/4 1050/8/4 1077/8/4
f 1050/7/4 1051/7/4 1078/7/4
f 1077/8/4 1050/8/4 1078/8/4
f 1051/15/4 1052/15/4 1079/15/4
f 1078/7/4 1051/7/4 1079/7/4
f 1053/6/4 1054/6/4 1080/6/4
f 1079/15/4 1052/15/4 1080/15/4
f 1052/6/4 1053/6/4 1080/6/4
f 1080/6/4 1054/6/4 1081/6/4
f 1054/14/4 1055/14/4 1082/14/4
f 1081/6/4 1054/6/4 1082/6/4
f 1056/6/4 1057/6/4 1083/6/4
f 1082/14/4 1055/14/4 1083/14/4
f 1055/6/4 1056/6/4 1083/6/4
f 1083/6/4 1057/6/4 1084/6/4
f 1057/15/4 1058/15/4 1085/15/4
f 1084/6/4 1057/6/4 1085/6/4
f 1085/15/4 1058/15/4 1086/15/4
f 1060/19/4 1061/19/4 1088/19/4
f 1059/19/4 1060/19/4 1088/19/4
f 1061/13/4 1062/13/4 1089/13/4
f 1088/19/4 1061/19/4 1089/19/4
f 1062/19/4 1063/19/4 1090/19/4
f 1089/13/4 1062/13/4 1090/13/4
f 1063/19/4 1064/19/4 1090/19/4
f 1090/19/4 1064/19/4 1091/19/4
f 1064/5/4 1065/5/4 1092/5/4
f 1091/19/4 1064/19/4 1092/19/4
f 1065/3/4 1066/3/4 1093/3/4
f 1092/5/4 1065/5/4 1093/5/4
f 1066/20/4 1067/20/4 1094/20/4
f 1093/3/4 1066/3/4 1094/3/4
f 1067/27/4 1068/27/4 1095/27/4
f 1094/20/4 1067/20/4 1095/20/4
f 1068/27/4 1069/27/4 1095/27/4
f 1095/27/4 1069/27/4 1096/27/4
f 1069/7/4 1070/7/4 1097/7/4
f 1096/27/4 1069/27/4 1097/27/4
f 1097/7/4 1070/7/4 1098/7/4
f 1071/13/4 1072/13/4 1100/13/4
f 1072/2/4 1073/2/4 1101/2/4
f 1100/13/4 1072/13/4 1101/13/4
f 1073/9/4 1074/9/4 1102/9/4
f 1101/2/4 1073/2/4 1102/2/4
f 1074/9/4 1075/9/4 1102/9/4
f 1075/9/4 1076/9/4 1102/9/4
f 1102/9/4 1076/9/4 1103/9/4
f 1076/3/4 1077/3/4 1104/3/4
f 1103/9/4 1076/9/4 1104/9/4
f 1077/7/4 1078/7/4 1105/7/4
f 1104/3/4 1077/3/4 1105/3/4
f 1078/15/4 1079/15/4 1106/15/4
f 1105/7/4 1078/7/4 1106/7/4
f 1080/6/4 1081/6/4 1107/6/4
f 1106/15/4 1079/15/4 1107/15/4
f 1079/6/4 1080/6/4 1107/6/4
f 1081/15/4 1082/15/4 1108/15/4
f 1107/6/4 1081/6/4 1108/6/4
f 1082/15/4 1083/15/4 1108/15/4
f 1108/15/4 1083/15/4 1109/15/4
f 1083/14/4 1084/14/4 1110/14/4
f 1109/15/4 1083/15/4 1110/15/4
f 1084/15/4 1085/15/4 1111/15/4
f 1110/14/4 1084/14/4 1111/14/4
f 1085/6/4 1086/6/4 1112/6/4
f 1111/15/4 1085/15/4 1112/15/4
f 1086/15/4 1087/15/4 1113/15/4
f 1112/6/4 1086/6/4 1113/6/4
f 1113/15/4 1087/15/4 1114/15/4
f 1059/19/4 1088/19/4 1119/19/4
f 1088/13/4 1089/13/4 1120/13/4
f 1119/19/4 1088/19/4 1120/19/4
f 1089/19/4 1090/19/4 1121/19/4
f 1120/13/4 1089/13/4 1121/13/4
f 1090/20/4 1091/20/4 1122/20/4
f 1121/19/4 1090/19/4 1122/19/4
f 1091/13/4 1092/13/4 1123/13/4
f 1122/20/4 1091/20/4 1123/20/4
f 1092/4/4 1093/4/4 1124/4/4
f 1123/13/4 1092/13/4 1124/13/4
f 1093/27/4 1094/27/4 1125/27/4
f 1124/4/4 1093/4/4 1125/4/4
f 1094/27/4 1095/27/4 1125/27/4
f 1125/27/4 1095/27/4 1126/27/4
f 1095/26/4 1096/26/4 1127/26/4
f 1126/27/4 1095/27/4 1127/27/4
f 1096/23/4 1097/23/4 1128/23/4
f 1127/26/4 1096/26/4 1128/26/4
f 1097/27/4 1098/27/4 1129/27/4
f 1128/23/4 1097/23/4 1129/23/4
f 1098/7/4 1099/7/4 1130/7/4
f 1129/27/4 1098/27/4 1130/27/4
f 1099/13/4 1100/13/4 1131/13/4
f 1130/7/4 1099/7/4 1131/7/4
f 1100/9/4 1101/9/4 1132/9/4
f 1101/9/4 1102/9/4 1132/9/4
f 1102/10/4 1103/10/4 1133/10/4
f 1132/9/4 1102/9/4 1133/9/4
f 1133/10/4 1103/10/4 1134/10/4
f 1103/9/4 1104/9/4 1135/9/4
f 1134/10/4 1103/10/4 1135/10/4
f 1104/9/4 1105/9/4 1135/9/4
f 1105/3/4 1106/3/4 1136/3/4
f 1135/9/4 1105/9/4 1136/9/4
f 1106/5/4 1107/5/4 1137/5/4
f 1136/3/4 1106/3/4 1137/3/4
f 1107/7/4 1108/7/4 1138/7/4
f 1137/5/4 1107/5/4 1138/5/4
f 1138/7/4 1108/7/4 1139/7/4
f 1108/15/4 1109/15/4 1140/15/4
f 1139/7/4 1108/7/4 1140/7/4
f 1109/6/4 1110/6/4 1141/6/4
f 1140/15/4 1109/15/4 1141/15/4
f 1110/14/4 1111/14/4 1142/14/4
f 1141/6/4 1110/6/4 1142/6/4
f 1111/6/4 1112/6/4 1143/6/4
f 1142/14/4 1111/14/4 1143/14/4
f 1112/15/4 1113/15/4 1144/15/4
f 1143/6/4 1112/6/4 1144/6/4
f 1113/6/4 1114/6/4 1145/6/4
f 1144/15/4 1113/15/4 1145/15/4
f 1114/7/4 1115/7/4 1146/7/4
f 1145/6/4 1114/6/4 1146/6/4
f 1116/20/4 1117/20/4 1147/20/4
f 1117/19/4 1118/19/4 1148/19/4
f 1147/20/4 1117/20/4 1148/20/4
f 1148/19/4 1118/19/4 1149/19/4
f 1118/4/4 1119/4/4 1150/4/4
f 1149/19/4 1118/19/4 1150/19/4
f 1119/19/4 1120/19/4 1151/19/4
f 1150/4/4 1119/4/4 1151/4/4
f 1120/20/4 1121/20/4 1152/20/4
f 1151/19/4 1120/19/4 1152/19/4
f 1121/20/4 1122/20/4 1152/20/4
f 1152/20/4 1122/20/4 1153/20/4
f 1122/13/4 1123/13/4 1154/13/4
f 1153/20/4 1122/20/4 1154/20/4
f 1123/19/4 1124/19/4 1155/19/4
f 1154/13/4 1123/13/4 1155/13/4
f 1125/27/4 1126/27/4 1156/27/4
f 1155/19/4 1124/19/4 1156/19/4
f 1124/27/4 1125/27/4 1156/27/4
f 1156/27/4 1126/27/4 1157/27/4
f 1126/23/4 1127/23/4 1158/23/4
f 1157/27/4 1126/27/4 1158/27/4
f 1129/27/4 1130/27/4 1159/27/4
f 1158/23/4 1127/23/4 1159/23/4
f 1128/27/4 1129/27/4 1159/27/4
f 1127/27/4 1128/27/4 1159/27/4
f 1130/27/4 1131/27/4 1159/27/4
f 1159/27/4 1131/27/4 1160/27/4
f 1160/27/4 1131/27/4 1161/27/4
f 1161/27/4 1131/27/4 1162/27/4
f 1131/13/4 1100/13/4 1163/13/4
f 1162/27/4 1131/27/4 1163/27/4
f 1100/9/4 1132/9/4 1164/9/4
f 1163/13/4 1100/13/4 1164/13/4
f 1133/10/4 1134/10/4 1165/10/4
f 1164/9/4 1132/9/4 1165/9/4
f 1132/10/4 1133/10/4 1165/10/4
f 1135/9/4 1136/9/4 1166/9/4
f 1136/9/4 1137/9/4 1166/9/4
f 1137/1/4 1138/1/4 1167/1/4
f 1166/9/4 1137/9/4 1167/9/4
f 1138/3/4 1139/3/4 1168/3/4
f 1167/1/4 1138/1/4 1168/1/4
f 1139/5/4 1140/5/4 1169/5/4
f 1168/3/4 1139/3/4 1169/3/4
f 1140/8/4 1141/8/4 1170/8/4
f 1169/5/4 1140/5/4 1170/5/4
f 1141/7/4 1142/7/4 1171/7/4
f 1170/8/4 1141/8/4 1171/8/4
f 1142/15/4 1143/15/4 1172/15/4
f 1171/7/4 1142/7/4 1172/7/4
f 1143/14/4 1144/14/4 1173/14/4
f 1172/15/4 1143/15/4 1173/15/4
f 1144/6/4 1145/6/4 1174/6/4
f 1173/14/4 1144/14/4 1174/14/4
f 1145/15/4 1146/15/4 1175/15/4
f 1174/6/4 1145/6/4 1175/6/4
f 1146/7/4 1115/7/4 1176/7/4
f 1175/15/4 1146/15/4 1176/15/4
f 1176/7/4 1115/7/4 1177/7/4
f 1148/1/4 1149/1/4 1179/1/4
f 1147/4/4 1148/4/4 1179/4/4
f 1149/5/4 1150/5/4 1180/5/4
f 1179/1/4 1149/1/4 1180/1/4
f 1150/9/4 1151/9/4 1181/9/4
f 1180/5/4 1150/5/4 1181/5/4
f 1151/20/4 1152/20/4 1182/20/4
f 1181/9/4 1151/9/4 1182/9/4
f 1152/19/4 1153/19/4 1183/19/4
f 1182/20/4 1152/20/4 1183/20/4
f 1153/13/4 1154/13/4 1184/13/4
f 1183/19/4 1153/19/4 1184/19/4
f 1154/20/4 1155/20/4 1185/20/4
f 1184/13/4 1154/13/4 1185/13/4
f 1155/4/4 1156/4/4 1186/4/4
f 1185/20/4 1155/20/4 1186/20/4
f 1156/26/4 1157/26/4 1187/26/4
f 1186/4/4 1156/4/4 1187/4/4
f 1157/23/4 1158/23/4 1188/23/4
f 1187/26/4 1157/26/4 1188/26/4
f 1158/27/4 1159/27/4 1189/27/4
f 1188/23/4 1158/23/4 1189/23/4
f 1159/27/4 1160/27/4 1189/27/4
f 1189/27/4 1160/27/4 1190/27/4
f 1160/18/4 1161/18/4 1191/18/4
f 1190/27/4 1160/27/4 1191/27/4
f 1161/25/4 1162/25/4 1192/25/4
f 1191/18/4 1161/18/4 1192/18/4
f 1162/27/4 1163/27/4 1193/27/4
f 1192/25/4 1162/25/4 1193/25/4
f 1163/5/4 1164/5/4 1194/5/4
f 1193/27/4 1163/27/4 1194/27/4
f 1164/1/4 1165/1/4 1195/1/4
f 1194/5/4 1164/5/4 1195/5/4
f 1165/10/4 1134/10/4 1196/10/4
f 1195/1/4 1165/1/4 1196/1/4
f 1196/10/4 1134/10/4 1197/10/4
f 1134/16/4 1135/16/4 1198/16/4
f 1135/9/4 1166/9/4 1198/9/4
f 1166/1/4 1167/1/4 1199/1/4
f 1198/9/4 1166/9/4 1199/9/4
f 1167/3/4 1168/3/4 1200/3/4
f 1199/1/4 1167/1/4 1200/1/4
f 1169/8/4 1170/8/4 1201/8/4
f 1200/3/4 1168/3/4 1201/3/4
f 1168/8/4 1169/8/4 1201/8/4
f 1201/8/4 1170/8/4 1202/8/4
f 1170/15/4 1171/15/4 1203/15/4
f 1202/8/4 1170/8/4 1203/8/4
f 1171/6/4 1172/6/4 1204/6/4
f 1203/15/4 1171/15/4 1204/15/4
f 1172/14/4 1173/14/4 1205/14/4
f 1204/6/4 1172/6/4 1205/6/4
f 1173/15/4 1174/15/4 1206/15/4
f 1205/14/4 1173/14/4 1206/14/4
f 1174/15/4 1175/15/4 1206/15/4
f 1206/15/4 1175/15/4 1207/15/4
f 1175/6/4 1176/6/4 1208/6/4
f 1207/15/4 1175/15/4 1208/15/4
f 1176/15/4 1177/15/4 1209/15/4
f 1208/6/4 1176/6/4 1209/6/4
f 1147/4/4 1179/4/4 1210/4/4
f 1179/20/4 1180/20/4 1211/20/4
f 1210/4/4 1179/4/4 1211/4/4
f 1180/5/4 1181/5/4 1212/5/4
f 1211/20/4 1180/20/4 1212/20/4
f 1181/3/4 1182/3/4 1213/3/4
f 1212/5/4 1181/5/4 1213/5/4
f 1182/19/4 1183/19/4 1214/19/4
f 1213/3/4 1182/3/4 1214/3/4
f 1183/13/4 1184/13/4 1215/13/4
f 1214/19/4 1183/19/4 1215/19/4
f 1184/20/4 1185/20/4 1216/20/4
f 1215/13/4 1184/13/4 1216/13/4
f 1186/19/4 1187/19/4 1217/19/4
f 1216/20/4 1185/20/4 1217/20/4
f 1185/19/4 1186/19/4 1217/19/4
f 1217/19/4 1187/19/4 1218/19/4
f 1189/23/4 1190/23/4 1219/23/4
f 1187/27/4 1188/27/4 1219/27/4
f 1188/23/4 1189/23/4 1219/23/4
f 1219/23/4 1190/23/4 1220/23/4
f 1190/27/4 1191/27/4 1221/27/4
f 1220/23/4 1190/23/4 1221/23/4
f 1191/17/4 1192/17/4 1222/17/4
f 1221/27/4 1191/27/4 1222/27/4
f 1192/27/4 1193/27/4 1223/27/4
f 1222/17/4 1192/17/4 1223/17/4
f 1193/1/4 1194/1/4 1224/1/4
f 1223/27/4 1193/27/4 1224/27/4
f 1194/5/4 1195/5/4 1225/5/4
f 1224/1/4 1194/1/4 1225/1/4
f 1195/7/4 1196/7/4 1226/7/4
f 1225/5/4 1195/5/4 1226/5/4
f 1196/1/4 1197/1/4 1227/1/4
f 1226/7/4 1196/7/4 1227/7/4
f 1197/10/4 1134/10/4 1228/10/4
f 1227/1/4 1197/1/4 1228/1/4
f 1134/16/4 1198/16/4 1229/16/4
f 1228/10/4 1134/10/4 1229/10/4
f 1198/1/4 1199/1/4 1230/1/4
f 1229/16/4 1198/16/4 1230/16/4
f 1199/8/4 1200/8/4 1231/8/4
f 1230/1/4 1199/1/4 1231/1/4
f 1200/8/4 1201/8/4 1231/8/4
f 1201/13/4 1202/13/4 1232/13/4
f 1231/8/4 1201/8/4 1232/8/4
f 1202/7/4 1203/7/4 1233/7/4
f 1232/13/4 1202/13/4 1233/13/4
f 1203/13/4 1204/13/4 1234/13/4
f 1233/7/4 1203/7/4 1234/7/4
f 1204/6/4 1205/6/4 1235/6/4
f 1234/13/4 1204/13/4 1235/13/4
f 1205/6/4 1206/6/4 1235/6/4
f 1235/6/4 1206/6/4 1236/6/4
f 1206/14/4 1207/14/4 1237/14/4
f 1236/6/4 1206/6/4 1237/6/4
f 1207/6/4 1208/6/4 1238/6/4
f 1237/14/4 1207/14/4 1238/14/4
f 1209/15/4 1177/15/4 1239/15/4
f 1208/15/4 1209/15/4 1239/15/4
f 1177/7/4 1178/7/4 1240/7/4
f 1239/15/4 1177/15/4 1240/15/4
f 1240/7/4 1178/7/4 1241/7/4
f 1210/20/4 1211/20/4 1242/20/4
f 1211/4/4 1212/4/4 1243/4/4
f 1242/20/4 1211/20/4 1243/20/4
f 1212/19/4 1213/19/4 1244/19/4
f 1243/4/4 1212/4/4 1244/4/4
f 1213/4/4 1214/4/4 1245/4/4
f 1244/19/4 1213/19/4 1245/19/4
f 1214/4/4 1215/4/4 1245/4/4
f 1245/4/4 1215/4/4 1246/4/4
f 1215/19/4 1216/19/4 1247/19/4
f 1246/4/4 1215/4/4 1247/4/4
f 1216/19/4 1217/19/4 1247/19/4
f 1247/19/4 1217/19/4 1248/19/4
f 1217/20/4 1218/20/4 1249/20/4
f 1248/19/4 1217/19/4 1249/19/4
f 1218/19/4 1187/19/4 1250/19/4
f 1249/20/4 1218/20/4 1250/20/4
f 1187/27/4 1219/27/4 1251/27/4
f 1250/19/4 1187/19/4 1251/19/4
f 1219/26/4 1220/26/4 1252/26/4
f 1251/27/4 1219/27/4 1252/27/4
f 1220/27/4 1221/27/4 1253/27/4
f 1252/26/4 1220/26/4 1253/26/4
f 1221/23/4 1222/23/4 1254/23/4
f 1253/27/4 1221/27/4 1254/27/4
f 1222/27/4 1223/27/4 1255/27/4
f 1254/23/4 1222/23/4 1255/23/4
f 1223/11/4 1224/11/4 1256/11/4
f 1255/27/4 1223/27/4 1256/27/4
f 1224/11/4 1225/11/4 1256/11/4
f 1256/11/4 1225/11/4 1257/11/4
f 1225/7/4 1226/7/4 1258/7/4
f 1257/11/4 1225/11/4 1258/11/4
f 1226/6/4 1227/6/4 1259/6/4
f 1258/7/4 1226/7/4 1259/7/4
f 1229/7/4 1230/7/4 1260/7/4
f 1259/6/4 1227/6/4 1260/6/4
f 1227/7/4 1228/7/4 1260/7/4
f 1228/7/4 1229/7/4 1260/7/4
f 1260/7/4 1230/7/4 1261/7/4
f 1230/8/4 1231/8/4 1262/8/4
f 1261/7/4 1230/7/4 1262/7/4
f 1231/7/4 1232/7/4 1263/7/4
f 1262/8/4 1231/8/4 1263/8/4
f 1232/5/4 1233/5/4 1264/5/4
f 1263/7/4 1232/7/4 1264/7/4
f 1233/15/4 1234/15/4 1265/15/4
f 1234/5/4 1235/5/4 1265/5/4
f 1235/6/4 1236/6/4 1266/6/4
f 1265/5/4 1235/5/4 1266/5/4
f 1236/14/4 1237/14/4 1267/14/4
f 1266/6/4 1236/6/4 1267/6/4
f 1237/6/4 1238/6/4 1268/6/4
f 1267/14/4 1237/14/4 1268/14/4
f 1208/15/4 1239/15/4 1269/15/4
f 1268/6/4 1238/6/4 1269/6/4
f 1238/6/4 1208/6/4 1269/6/4
f 1240/15/4 1241/15/4 1270/15/4
f 1239/6/4 1240/6/4 1270/6/4
f 1270/15/4 1241/15/4 1271/15/4
f 1242/19/4 1243/19/4 1272/19/4
f 1243/1/4 1244/1/4 1273/1/4
f 1272/19/4 1243/19/4 1273/19/4
f 1244/5/4 1245/5/4 1274/5/4
f 1273/1/4 1244/1/4 1274/1/4
f 1245/9/4 1246/9/4 1275/9/4
f 1274/5/4 1245/5/4 1275/5/4
f 1246/19/4 1247/19/4 1276/19/4
f 1275/9/4 1246/9/4 1276/9/4
f 1247/4/4 1248/4/4 1277/4/4
f 1276/19/4 1247/19/4 1277/19/4
f 1248/20/4 1249/20/4 1278/20/4
f 1277/4/4 1248/4/4 1278/4/4
f 1249/19/4 1250/19/4 1279/19/4
f 1278/20/4 1249/20/4 1279/20/4
f 1250/4/4 1251/4/4 1280/4/4
f 1279/19/4 1250/19/4 1280/19/4
f 1251/22/4 1252/22/4 1281/22/4
f 1280/4/4 1251/4/4 1281/4/4
f 1252/27/4 1253/27/4 1282/27/4
f 1281/22/4 1252/22/4 1282/22/4
f 1253/23/4 1254/23/4 1283/23/4
f 1282/27/4 1253/27/4 1283/27/4
f 1254/27/4 1255/27/4 1284/27/4
f 1283/23/4 1254/23/4 1284/23/4
f 1255/23/4 1256/23/4 1285/23/4
f 1284/27/4 1255/27/4 1285/27/4
f 1256/27/4 1257/27/4 1286/27/4
f 1285/23/4 1256/23/4 1286/23/4
f 1257/11/4 1258/11/4 1287/11/4
f 1286/27/4 1257/27/4 1287/27/4
f 1258/8/4 1259/8/4 1288/8/4
f 1287/11/4 1258/11/4 1288/11/4
f 1259/7/4 1260/7/4 1289/7/4
f 1288/8/4 1259/8/4 1289/8/4
f 1260/6/4 1261/6/4 1290/6/4
f 1289/7/4 1260/7/4 1290/7/4
f 1261/14/4 1262/14/4 1291/14/4
f 1290/6/4 1261/6/4 1291/6/4
f 1262/7/4 1263/7/4 1292/7/4
f 1291/14/4 1262/14/4 1292/14/4
f 1292/7/4 1263/7/4 1293/7/4
f 1263/6/4 1264/6/4 1294/6/4
f 1293/7/4 1263/7/4 1294/7/4
f 1264/5/4 1233/5/4 1295/5/4
f 1294/6/4 1264/6/4 1295/6/4
f 1233/15/4 1265/15/4 1296/15/4
f 1295/5/4 1233/5/4 1296/5/4
f 1265/13/4 1266/13/4 1297/13/4
f 1296/15/4 1265/15/4 1297/15/4
f 1266/15/4 1267/15/4 1298/15/4
f 1297/13/4 1266/13/4 1298/13/4
f 1267/6/4 1268/6/4 1299/6/4
f 1298/15/4 1267/15/4 1299/15/4
f 1268/15/4 1269/15/4 1300/15/4
f 1299/6/4 1268/6/4 1300/6/4
f 1300/15/4 1269/15/4 1301/15/4
f 1269/15/4 1239/15/4 1302/15/4
f 1301/15/4 1269/15/4 1302/15/4
f 1239/6/4 1270/6/4 1303/6/4
f 1302/15/4 1239/15/4 1303/15/4
f 1270/6/4 1271/6/4 1303/6/4
f 1303/6/4 1271/6/4 1304/6/4
f 1304/6/4 1271/6/4 1305/6/4
f 1273/19/4 1274/19/4 1306/19/4
f 1274/5/4 1275/5/4 1306/5/4
f 1275/10/4 1276/10/4 1307/10/4
f 1306/5/4 1275/5/4 1307/5/4
f 1276/4/4 1277/4/4 1308/4/4
f 1307/10/4 1276/10/4 1308/10/4
f 1277/20/4 1278/20/4 1309/20/4
f 1308/4/4 1277/4/4 1309/4/4
f 1280/19/4 1281/19/4 1310/19/4
f 1309/20/4 1278/20/4 1310/20/4
f 1278/19/4 1279/19/4 1310/19/4
f 1279/19/4 1280/19/4 1310/19/4
f 1310/19/4 1281/19/4 1311/19/4
f 1311/19/4 1281/19/4 1312/19/4
f 1281/27/4 1282/27/4 1313/27/4
f 1312/19/4 1281/19/4 1313/19/4
f 1282/26/4 1283/26/4 1314/26/4
f 1313/27/4 1282/27/4 1314/27/4
f 1283/27/4 1284/27/4 1315/27/4
f 1314/26/4 1283/26/4 1315/26/4
f 1284/23/4 1285/23/4 1316/23/4
f 1315/27/4 1284/27/4 1316/27/4
f 1285/27/4 1286/27/4 1317/27/4
f 1316/23/4 1285/23/4 1317/23/4
f 1286/23/4 1287/23/4 1318/23/4
f 1317/27/4 1286/27/4 1318/27/4
f 1287/27/4 1288/27/4 1319/27/4
f 1318/23/4 1287/23/4 1319/23/4
f 1288/12/4 1289/12/4 1320/12/4
f 1319/27/4 1288/27/4 1320/27/4
f 1289/7/4 1290/7/4 1321/7/4
f 1320/12/4 1289/12/4 1321/12/4
f 1290/7/4 1291/7/4 1321/7/4
f 1321/7/4 1291/7/4 1322/7/4
f 1291/6/4 1292/6/4 1323/6/4
f 1322/7/4 1291/7/4 1323/7/4
f 1323/6/4 1292/6/4 1324/6/4
f 1292/7/4 1293/7/4 1325/7/4
f 1324/6/4 1292/6/4 1325/6/4
f 1293/6/4 1294/6/4 1326/6/4
f 1325/7/4 1293/7/4 1326/7/4
f 1294/7/4 1295/7/4 1327/7/4
f 1326/6/4 1294/6/4 1327/6/4
f 1327/7/4 1295/7/4 1328/7/4
f 1295/15/4 1296/15/4 1329/15/4
f 1328/7/4 1295/7/4 1329/7/4
f 1297/7/4 1298/7/4 1330/7/4
f 1329/15/4 1296/15/4 1330/15/4
f 1298/7/4 1299/7/4 1330/7/4
f 1296/7/4 1297/7/4 1330/7/4
f 1299/15/4 1300/15/4 1331/15/4
f 1330/7/4 1299/7/4 1331/7/4
f 1300/14/4 1301/14/4 1332/14/4
f 1331/15/4 1300/15/4 1332/15/4
f 1301/15/4 1302/15/4 1333/15/4
f 1332/14/4 1301/14/4 1333/14/4
f 1303/6/4 1304/6/4 1334/6/4
f 1302/6/4 1303/6/4 1334/6/4
f 1304/15/4 1305/15/4 1335/15/4
f 1334/6/4 1304/6/4 1335/6/4
f 1335/15/4 1305/15/4 1336/15/4
f 1272/4/4 1273/4/4 1337/4/4
f 1306/19/4 1307/19/4 1338/19/4
f 1337/4/4 1273/4/4 1338/4/4
f 1273/19/4 1306/19/4 1338/19/4
f 1307/3/4 1308/3/4 1339/3/4
f 1338/19/4 1307/19/4 1339/19/4
f 1308/4/4 1309/4/4 1340/4/4
f 1339/3/4 1308/3/4 1340/3/4
f 1309/19/4 1310/19/4 1341/19/4
f 1340/4/4 1309/4/4 1341/4/4
f 1310/20/4 1311/20/4 1342/20/4
f 1341/19/4 1310/19/4 1342/19/4
f 1311/19/4 1312/19/4 1343/19/4
f 1342/20/4 1311/20/4 1343/20/4
f 1313/20/4 1314/20/4 1344/20/4
f 1343/19/4 1312/19/4 1344/19/4
f 1312/20/4 1313/20/4 1344/20/4
f 1314/27/4 1315/27/4 1345/27/4
f 1344/20/4 1314/20/4 1345/20/4
f 1315/26/4 1316/26/4 1346/26/4
f 1345/27/4 1315/27/4 1346/27/4
f 1316/26/4 1317/26/4 1346/26/4
f 1346/26/4 1317/26/4 1347/26/4
f 1317/23/4 1318/23/4 1348/23/4
f 1347/26/4 1317/26/4 1348/26/4
f 1318/26/4 1319/26/4 1349/26/4
f 1348/23/4 1318/23/4 1349/23/4
f 1319/26/4 1320/26/4 1349/26/4
f 1349/26/4 1320/26/4 1350/26/4
f 1320/8/4 1321/8/4 1351/8/4
f 1350/26/4 1320/26/4 1351/26/4
f 1321/8/4 1322/8/4 1351/8/4
f 1351/8/4 1322/8/4 1352/8/4
f 1322/15/4 1323/15/4 1353/15/4
f 1352/8/4 1322/8/4 1353/8/4
f 1323/15/4 1324/15/4 1353/15/4
f 1324/6/4 1325/6/4 1354/6/4
f 1353/15/4 1324/15/4 1354/15/4
f 1325/6/4 1326/6/4 1354/6/4
f 1326/7/4 1327/7/4 1355/7/4
f 1354/6/4 1326/6/4 1355/6/4
f 1327/6/4 1328/6/4 1356/6/4
f 1355/7/4 1327/7/4 1356/7/4
f 1328/14/4 1329/14/4 1357/14/4
f 1356/6/4 1328/6/4 1357/6/4
f 1329/14/4 1330/14/4 1357/14/4
f 1330/6/4 1331/6/4 1358/6/4
f 1357/14/4 1330/14/4 1358/14/4
f 1358/6/4 1331/6/4 1359/6/4
f 1359/6/4 1331/6/4 1360/6/4
f 1331/14/4 1332/14/4 1361/14/4
f 1360/6/4 1331/6/4 1361/6/4
f 1332/6/4 1333/6/4 1362/6/4
f 1361/14/4 1332/14/4 1362/14/4
f 1333/15/4 1302/15/4 1363/15/4
f 1362/6/4 1333/6/4 1363/6/4
f 1302/6/4 1334/6/4 1364/6/4
f 1363/15/4 1302/15/4 1364/15/4
f 1334/15/4 1335/15/4 1365/15/4
f 1364/6/4 1334/6/4 1365/6/4
f 1338/4/4 1339/4/4 1366/4/4
f 1340/4/4 1341/4/4 1366/4/4
f 1339/4/4 1340/4/4 1366/4/4
f 1366/4/4 1341/4/4 1367/4/4
f 1341/20/4 1342/20/4 1368/20/4
f 1367/4/4 1341/4/4 1368/4/4
f 1342/4/4 1343/4/4 1369/4/4
f 1368/20/4 1342/20/4 1369/20/4
f 1343/20/4 1344/20/4 1370/20/4
f 1369/4/4 1343/4/4 1370/4/4
f 1344/3/4 1345/3/4 1371/3/4
f 1370/20/4 1344/20/4 1371/20/4
f 1371/3/4 1345/3/4 1372/3/4
f 1346/27/4 1347/27/4 1373/27/4
f 1345/5/4 1346/5/4 1373/5/4
f 1349/26/4 1350/26/4 1374/26/4
f 1373/27/4 1347/27/4 1374/27/4
f 1347/26/4 1348/26/4 1374/26/4
f 1348/26/4 1349/26/4 1374/26/4
f 1374/26/4 1350/26/4 1375/26/4
f 1350/24/4 1351/24/4 1376/24/4
f 1375/26/4 1350/26/4 1376/26/4
f 1351/7/4 1352/7/4 1377/7/4
f 1376/24/4 1351/24/4 1377/24/4
f 1353/8/4 1354/8/4 1378/8/4
f 1377/7/4 1352/7/4 1378/7/4
f 1352/8/4 1353/8/4 1378/8/4
f 1378/8/4 1354/8/4 1379/8/4
f 1379/8/4 1354/8/4 1380/8/4
f 1354/7/4 1355/7/4 1381/7/4
f 1380/8/4 1354/8/4 1381/8/4
f 1381/7/4 1355/7/4 1382/7/4
f 1356/15/4 1357/15/4 1383/15/4
f 1382/7/4 1355/7/4 1383/7/4
f 1355/15/4 1356/15/4 1383/15/4
f 1383/15/4 1357/15/4 1384/15/4
f 1358/6/4 1359/6/4 1385/6/4
f 1384/15/4 1357/15/4 1385/15/4
f 1357/6/4 1358/6/4 1385/6/4
f 1359/15/4 1360/15/4 1386/15/4
f 1385/6/4 1359/6/4 1386/6/4
f 1361/14/4 1362/14/4 1387/14/4
f 1386/15/4 1360/15/4 1387/15/4
f 1360/14/4 1361/14/4 1387/14/4
f 1387/14/4 1362/14/4 1388/14/4
f 1362/15/4 1363/15/4 1389/15/4
f 1388/14/4 1362/14/4 1389/14/4
f 1363/6/4 1364/6/4 1390/6/4
f 1389/15/4 1363/15/4 1390/15/4
f 1364/15/4 1365/15/4 1391/15/4
f 1390/6/4 1364/6/4 1391/6/4
f 1365/15/4 1335/15/4 1392/15/4
f 1391/15/4 1365/15/4 1392/15/4
f 1335/7/4 1336/7/4 1393/7/4
f 1392/15/4 1335/15/4 1393/15/4
f 1393/7/4 1336/7/4 1394/7/4
f 1367/4/4 1368/4/4 1395/4/4
f 1368/4/4 1369/4/4 1395/4/4
f 1395/4/4 1369/4/4 1396/4/4
f 1345/5/4 1373/5/4 1397/5/4
f 1372/3/4 1345/3/4 1397/3/4
f 1373/24/4 1374/24/4 1398/24/4
f 1397/5/4 1373/5/4 1398/5/4
f 1374/26/4 1375/26/4 1399/26/4
f 1398/24/4 1374/24/4 1399/24/4
f 1375/24/4 1376/24/4 1400/24/4
f 1399/26/4 1375/26/4 1400/26/4
f 1376/8/4 1377/8/4 1401/8/4
f 1400/24/4 1376/24/4 1401/24/4
f 1377/8/4 1378/8/4 1401/8/4
f 1401/8/4 1378/8/4 1402/8/4
f 1378/7/4 1379/7/4 1403/7/4
f 1402/8/4 1378/8/4 1403/8/4
f 1379/8/4 1380/8/4 1404/8/4
f 1403/7/4 1379/7/4 1404/7/4
f 1380/10/4 1381/10/4 1405/10/4
f 1404/8/4 1380/8/4 1405/8/4
f 1381/2/4 1382/2/4 1406/2/4
f 1405/10/4 1381/10/4 1406/10/4
f 1382/13/4 1383/13/4 1407/13/4
f 1406/2/4 1382/2/4 1407/2/4
f 1383/8/4 1384/8/4 1408/8/4
f 1407/13/4 1383/13/4 1408/13/4
f 1385/15/4 1386/15/4 1409/15/4
f 1384/7/4 1385/7/4 1409/7/4
f 1387/6/4 1388/6/4 1410/6/4
f 1409/15/4 1386/15/4 1410/15/4
f 1386/6/4 1387/6/4 1410/6/4
f 1388/15/4 1389/15/4 1411/15/4
f 1410/6/4 1388/6/4 1411/6/4
f 1389/6/4 1390/6/4 1412/6/4
f 1411/15/4 1389/15/4 1412/15/4
f 1390/15/4 1391/15/4 1413/15/4
f 1412/6/4 1390/6/4 1413/6/4
f 1391/7/4 1392/7/4 1414/7/4
f 1413/15/4 1391/15/4 1414/15/4
f 1392/15/4 1393/15/4 1415/15/4
f 1414/7/4 1392/7/4 1415/7/4
f 1393/8/4 1394/8/4 1416/8/4
f 1415/15/4 1393/15/4 1416/15/4
f 1396/4/4 1369/4/4 1417/4/4
f 1395/8/4 1396/8/4 1417/8/4
f 1369/5/4 1370/5/4 1418/5/4
f 1417/4/4 1369/4/4 1418/4/4
f 1370/9/4 1371/9/4 1419/9/4
f 1418/5/4 1370/5/4 1419/5/4
f 1371/13/4 1372/13/4 1420/13/4
f 1419/9/4 1371/9/4 1420/9/4
f 1372/3/4 1397/3/4 1421/3/4
f 1420/13/4 1372/13/4 1421/13/4
f 1397/13/4 1398/13/4 1422/13/4
f 1421/3/4 1397/3/4 1422/3/4
f 1398/20/4 1399/20/4 1423/20/4
f 1422/13/4 1398/13/4 1423/13/4
f 1399/24/4 1400/24/4 1424/24/4
f 1423/20/4 1399/20/4 1424/20/4
f 1424/24/4 1400/24/4 1425/24/4
f 1401/7/4 1402/7/4 1426/7/4
f 1425/24/4 1400/24/4 1426/24/4
f 1400/7/4 1401/7/4 1426/7/4
f 1403/8/4 1404/8/4 1427/8/4
f 1426/7/4 1402/7/4 1427/7/4
f 1402/8/4 1403/8/4 1427/8/4
f 1404/7/4 1405/7/4 1428/7/4
f 1427/8/4 1404/8/4 1428/8/4
f 1406/8/4 1407/8/4 1429/8/4
f 1428/7/4 1405/7/4 1429/7/4
f 1405/8/4 1406/8/4 1429/8/4
f 1407/8/4 1408/8/4 1429/8/4
f 1429/8/4 1408/8/4 1430/8/4
f 1408/8/4 1384/8/4 1431/8/4
f 1430/8/4 1408/8/4 1431/8/4
f 1409/7/4 1410/7/4 1432/7/4
f 1431/8/4 1384/8/4 1432/8/4
f 1384/7/4 1409/7/4 1432/7/4
f 1410/7/4 1411/7/4 1432/7/4
f 1432/7/4 1411/7/4 1433/7/4
f 1433/7/4 1411/7/4 1434/7/4
f 1434/7/4 1411/7/4 1435/7/4
f 1435/7/4 1411/7/4 1436/7/4
f 1411/14/4 1412/14/4 1437/14/4
f 1436/7/4 1411/7/4 1437/7/4
f 1412/6/4 1413/6/4 1438/6/4
f 1437/14/4 1412/14/4 1438/14/4
f 1413/7/4 1414/7/4 1439/7/4
f 1438/6/4 1413/6/4 1439/6/4
f 1414/15/4 1415/15/4 1440/15/4
f 1439/7/4 1414/7/4 1440/7/4
f 1415/7/4 1416/7/4 1441/7/4
f 1440/15/4 1415/15/4 1441/15/4
f 1395/8/4 1417/8/4 1442/8/4
f 1417/7/4 1418/7/4 1443/7/4
f 1442/8/4 1417/8/4 1443/8/4
f 1418/20/4 1419/20/4 1444/20/4
f 1443/7/4 1418/7/4 1444/7/4
f 1419/3/4 1420/3/4 1445/3/4
f 1444/20/4 1419/20/4 1445/20/4
f 1420/2/4 1421/2/4 1446/2/4
f 1445/3/4 1420/3/4 1446/3/4
f 1421/5/4 1422/5/4 1447/5/4
f 1446/2/4 1421/2/4 1447/2/4
f 1422/20/4 1423/20/4 1448/20/4
f 1447/5/4 1422/5/4 1448/5/4
f 1423/8/4 1424/8/4 1449/8/4
f 1448/20/4 1423/20/4 1449/20/4
f 1424/7/4 1425/7/4 1450/7/4
f 1449/8/4 1424/8/4 1450/8/4
f 1426/8/4 1427/8/4 1451/8/4
f 1450/7/4 1425/7/4 1451/7/4
f 1425/8/4 1426/8/4 1451/8/4
f 1427/7/4 1428/7/4 1452/7/4
f 1451/8/4 1427/8/4 1452/8/4
f 1428/8/4 1429/8/4 1453/8/4
f 1452/7/4 1428/7/4 1453/7/4
f 1429/7/4 1430/7/4 1454/7/4
f 1453/8/4 1429/8/4 1454/8/4
f 1454/7/4 1430/7/4 1455/7/4
f 1430/8/4 1431/8/4 1456/8/4
f 1455/7/4 1430/7/4 1456/7/4
f 1431/7/4 1432/7/4 1457/7/4
f 1456/8/4 1431/8/4 1457/8/4
f 1432/8/4 1433/8/4 1458/8/4
f 1457/7/4 1432/7/4 1458/7/4
f 1433/7/4 1434/7/4 1459/7/4
f 1458/8/4 1433/8/4 1459/8/4
f 1434/15/4 1435/15/4 1460/15/4
f 1459/7/4 1434/7/4 1460/7/4
f 1435/7/4 1436/7/4 1461/7/4
f 1460/15/4 1435/15/4 1461/15/4
f 1437/6/4 1438/6/4 1462/6/4
f 1461/7/4 1436/7/4 1462/7/4
f 1436/6/4 1437/6/4 1462/6/4
f 1462/6/4 1438/6/4 1463/6/4
f 1438/15/4 1439/15/4 1464/15/4
f 1463/6/4 1438/6/4 1464/6/4
f 1439/8/4 1440/8/4 1465/8/4
f 1464/15/4 1439/15/4 1465/15/4
f 1441/7/4 1416/7/4 1466/7/4
f 1440/7/4 1441/7/4 1466/7/4
f 1416/8/4 1394/8/4 1467/8/4
f 1466/7/4 1416/7/4 1467/7/4
f 1467/8/4 1394/8/4 1468/8/4
f 1443/8/4 1444/8/4 1470/8/4
f 1444/7/4 1445/7/4 1471/7/4
f 1470/8/4 1444/8/4 1471/8/4
f 1446/20/4 1447/20/4 1472/20/4
f 1471/7/4 1445/7/4 1472/7/4
f 1445/20/4 1446/20/4 1472/20/4
f 1448/7/4 1449/7/4 1473/7/4
f 1472/20/4 1447/20/4 1473/20/4
f 1449/7/4 1450/7/4 1473/7/4
f 1447/7/4 1448/7/4 1473/7/4
f 1450/8/4 1451/8/4 1474/8/4
f 1473/7/4 1450/7/4 1474/7/4
f 1451/7/4 1452/7/4 1475/7/4
f 1474/8/4 1451/8/4 1475/8/4
f 1475/7/4 1452/7/4 1476/7/4
f 1452/8/4 1453/8/4 1477/8/4
f 1476/7/4 1452/7/4 1477/7/4
f 1454/7/4 1455/7/4 1478/7/4
f 1477/8/4 1453/8/4 1478/8/4
f 1453/7/4 1454/7/4 1478/7/4
f 1478/7/4 1455/7/4 1479/7/4
f 1455/15/4 1456/15/4 1480/15/4
f 1479/7/4 1455/7/4 1480/7/4
f 1456/15/4 1457/15/4 1480/15/4
f 1457/8/4 1458/8/4 1481/8/4
f 1480/15/4 1457/15/4 1481/15/4
f 1458/7/4 1459/7/4 1482/7/4
f 1481/8/4 1458/8/4 1482/8/4
f 1459/15/4 1460/15/4 1483/15/4
f 1482/7/4 1459/7/4 1483/7/4
f 1461/6/4 1462/6/4 1484/6/4
f 1483/15/4 1460/15/4 1484/15/4
f 1460/6/4 1461/6/4 1484/6/4
f 1484/6/4 1462/6/4 1485/6/4
f 1462/7/4 1463/7/4 1486/7/4
f 1485/6/4 1462/6/4 1486/6/4
f 1463/15/4 1464/15/4 1487/15/4
f 1486/7/4 1463/7/4 1487/7/4
f 1487/15/4 1464/15/4 1488/15/4
f 1464/7/4 1465/7/4 1489/7/4
f 1488/15/4 1464/15/4 1489/15/4
f 1465/8/4 1440/8/4 1490/8/4
f 1489/7/4 1465/7/4 1490/7/4
f 1440/7/4 1466/7/4 1491/7/4
f 1490/8/4 1440/8/4 1491/8/4
f 1466/24/4 1467/24/4 1492/24/4
f 1491/7/4 1466/7/4 1492/7/4
f 1492/24/4 1467/24/4 1493/24/4
f 1471/8/4 1472/8/4 1495/8/4
f 1470/7/4 1471/7/4 1495/7/4
f 1472/7/4 1473/7/4 1496/7/4
f 1495/8/4 1472/8/4 1496/8/4
f 1473/8/4 1474/8/4 1497/8/4
f 1496/7/4 1473/7/4 1497/7/4
f 1497/8/4 1474/8/4 1498/8/4
f 1475/7/4 1476/7/4 1499/7/4
f 1498/8/4 1474/8/4 1499/8/4
f 1474/7/4 1475/7/4 1499/7/4
f 1499/7/4 1476/7/4 1500/7/4
f 1476/8/4 1477/8/4 1501/8/4
f 1500/7/4 1476/7/4 1501/7/4
f 1478/7/4 1479/7/4 1502/7/4
f 1501/8/4 1477/8/4 1502/8/4
f 1477/7/4 1478/7/4 1502/7/4
f 1502/7/4 1479/7/4 1503/7/4
f 1503/7/4 1479/7/4 1504/7/4
f 1479/15/4 1480/15/4 1505/15/4
f 1504/7/4 1479/7/4 1505/7/4
f 1481/7/4 1482/7/4 1506/7/4
f 1505/15/4 1480/15/4 1506/15/4
f 1480/7/4 1481/7/4 1506/7/4
f 1482/8/4 1483/8/4 1507/8/4
f 1506/7/4 1482/7/4 1507/7/4
f 1483/7/4 1484/7/4 1508/7/4
f 1507/8/4 1483/8/4 1508/8/4
f 1484/15/4 1485/15/4 1509/15/4
f 1508/7/4 1484/7/4 1509/7/4
f 1485/6/4 1486/6/4 1510/6/4
f 1509/15/4 1485/15/4 1510/15/4
f 1486/6/4 1487/6/4 1510/6/4
f 1487/7/4 1488/7/4 1511/7/4
f 1510/6/4 1487/6/4 1511/6/4
f 1488/15/4 1489/15/4 1512/15/4
f 1511/7/4 1488/7/4 1512/7/4
f 1489/8/4 1490/8/4 1513/8/4
f 1512/15/4 1489/15/4 1513/15/4
f 1490/22/4 1491/22/4 1514/22/4
f 1513/8/4 1490/8/4 1514/8/4
f 1491/24/4 1492/24/4 1515/24/4
f 1514/22/4 1491/22/4 1515/22/4
f 1492/21/4 1493/21/4 1516/21/4
f 1515/24/4 1492/24/4 1516/24/4
f 1493/24/4 1494/24/4 1517/24/4
f 1516/21/4 1493/21/4 1517/21/4
f 1517/24/4 1494/24/4 1518/24/4
f 1495/7/4 1496/7/4 1520/7/4
f 1470/7/4 1495/7/4 1520/7/4
f 1469/8/4 1470/8/4 1520/8/4
f 1520/7/4 1496/7/4 1521/7/4
f 1496/8/4 1497/8/4 1522/8/4
f 1521/7/4 1496/7/4 1522/7/4
f 1522/8/4 1497/8/4 1523/8/4
f 1497/15/4 1498/15/4 1524/15/4
f 1523/8/4 1497/8/4 1524/8/4
f 1498/7/4 1499/7/4 1525/7/4
f 1524/15/4 1498/15/4 1525/15/4
f 1499/8/4 1500/8/4 1526/8/4
f 1525/7/4 1499/7/4 1526/7/4
f 1526/8/4 1500/8/4 1527/8/4
f 1500/15/4 1501/15/4 1528/15/4
f 1527/8/4 1500/8/4 1528/8/4
f 1501/7/4 1502/7/4 1529/7/4
f 1528/15/4 1501/15/4 1529/15/4
f 1502/15/4 1503/15/4 1530/15/4
f 1529/7/4 1502/7/4 1530/7/4
f 1503/7/4 1504/7/4 1531/7/4
f 1530/15/4 1503/15/4 1531/15/4
f 1504/8/4 1505/8/4 1532/8/4
f 1531/7/4 1504/7/4 1532/7/4
f 1505/7/4 1506/7/4 1533/7/4
f 1532/8/4 1505/8/4 1533/8/4
f 1510/15/4 1511/15/4 1534/15/4
f 1533/7/4 1506/7/4 1534/7/4
f 1509/15/4 1510/15/4 1534/15/4
f 1507/15/4 1508/15/4 1534/15/4
f 1508/15/4 1509/15/4 1534/15/4
f 1506/15/4 1507/15/4 1534/15/4
f 1534/15/4 1511/15/4 1535/15/4
f 1535/15/4 1511/15/4 1536/15/4
f 1536/15/4 1511/15/4 1537/15/4
f 1537/15/4 1511/15/4 1538/15/4
f 1538/15/4 1511/15/4 1539/15/4
f 1511/8/4 1512/8/4 1540/8/4
f 1539/15/4 1511/15/4 1540/15/4
f 1512/8/4 1513/8/4 1540/8/4
f 1540/8/4 1513/8/4 1541/8/4
f 1513/22/4 1514/22/4 1542/22/4
f 1541/8/4 1513/8/4 1542/8/4
f 1514/21/4 1515/21/4 1543/21/4
f 1542/22/4 1514/22/4 1543/22/4
f 1515/8/4 1516/8/4 1544/8/4
f 1543/21/4 1515/21/4 1544/21/4
f 1516/24/4 1517/24/4 1545/24/4
f 1544/8/4 1516/8/4 1545/8/4
f 1517/23/4 1518/23/4 1546/23/4
f 1545/24/4 1517/24/4 1546/24/4
f 1518/27/4 1519/27/4 1547/27/4
f 1546/23/4 1518/23/4 1547/23/4
f 1547/27/4 1519/27/4 1548/27/4
f 1469/8/4 1520/8/4 1550/8/4
f 1520/15/4 1521/15/4 1551/15/4
f 1550/8/4 1520/8/4 1551/8/4
f 1522/7/4 1523/7/4 1552/7/4
f 1551/15/4 1521/15/4 1552/15/4
f 1521/7/4 1522/7/4 1552/7/4
f 1552/7/4 1523/7/4 1553/7/4
f 1523/15/4 1524/15/4 1554/15/4
f 1553/7/4 1523/7/4 1554/7/4
f 1524/8/4 1525/8/4 1555/8/4
f 1554/15/4 1524/15/4 1555/15/4
f 1525/15/4 1526/15/4 1556/15/4
f 1555/8/4 1525/8/4 1556/8/4
f 1526/15/4 1527/15/4 1556/15/4
f 1528/7/4 1529/7/4 1557/7/4
f 1556/15/4 1527/15/4 1557/15/4
f 1529/7/4 1530/7/4 1557/7/4
f 1527/7/4 1528/7/4 1557/7/4
f 1557/7/4 1530/7/4 1558/7/4
f 1530/8/4 1531/8/4 1559/8/4
f 1558/7/4 1530/7/4 1559/7/4
f 1531/7/4 1532/7/4 1560/7/4
f 1559/8/4 1531/8/4 1560/8/4
f 1532/15/4 1533/15/4 1561/15/4
f 1560/7/4 1532/7/4 1561/7/4
f 1533/7/4 1534/7/4 1562/7/4
f 1561/15/4 1533/15/4 1562/15/4
f 1534/7/4 1535/7/4 1562/7/4
f 1535/8/4 1536/8/4 1563/8/4
f 1562/7/4 1535/7/4 1563/7/4
f 1536/7/4 1537/7/4 1564/7/4
f 1563/8/4 1536/8/4 1564/8/4
f 1537/15/4 1538/15/4 1565/15/4
f 1564/7/4 1537/7/4 1565/7/4
f 1538/7/4 1539/7/4 1566/7/4
f 1565/15/4 1538/15/4 1566/15/4
f 1539/15/4 1540/15/4 1567/15/4
f 1566/7/4 1539/7/4 1567/7/4
f 1540/24/4 1541/24/4 1568/24/4
f 1567/15/4 1540/15/4 1568/15/4
f 1541/23/4 1542/23/4 1569/23/4
f 1568/24/4 1541/24/4 1569/24/4
f 1542/15/4 1543/15/4 1570/15/4
f 1569/23/4 1542/23/4 1570/23/4
f 1543/23/4 1544/23/4 1571/23/4
f 1570/15/4 1543/15/4 1571/15/4
f 1544/7/4 1545/7/4 1572/7/4
f 1571/23/4 1544/23/4 1572/23/4
f 1572/7/4 1545/7/4 1573/7/4
f 1546/24/4 1547/24/4 1574/24/4
f 1551/8/4 1552/8/4 1575/8/4
f 1552/15/4 1553/15/4 1575/15/4
f 1553/8/4 1554/8/4 1576/8/4
f 1575/15/4 1553/15/4 1576/15/4
f 1554/8/4 1555/8/4 1576/8/4
f 1576/8/4 1555/8/4 1577/8/4
f 1555/15/4 1556/15/4 1578/15/4
f 1577/8/4 1555/8/4 1578/8/4
f 1556/7/4 1557/7/4 1579/7/4
f 1578/15/4 1556/15/4 1579/15/4
f 1557/15/4 1558/15/4 1580/15/4
f 1579/7/4 1557/7/4 1580/7/4
f 1558/8/4 1559/8/4 1581/8/4
f 1580/15/4 1558/15/4 1581/15/4
f 1559/15/4 1560/15/4 1582/15/4
f 1581/8/4 1559/8/4 1582/8/4
f 1560/15/4 1561/15/4 1582/15/4
f 1582/15/4 1561/15/4 1583/15/4
f 1562/8/4 1563/8/4 1584/8/4
f 1583/15/4 1561/15/4 1584/15/4
f 1561/8/4 1562/8/4 1584/8/4
f 1584/8/4 1563/8/4 1585/8/4
f 1564/15/4 1565/15/4 1586/15/4
f 1585/8/4 1563/8/4 1586/8/4
f 1563/15/4 1564/15/4 1586/15/4
f 1586/15/4 1565/15/4 1587/15/4
f 1565/7/4 1566/7/4 1588/7/4
f 1587/15/4 1565/15/4 1588/15/4
f 1566/8/4 1567/8/4 1589/8/4
f 1588/7/4 1566/7/4 1589/7/4
f 1568/21/4 1569/21/4 1590/21/4
f 1567/24/4 1568/24/4 1590/24/4
f 1569/15/4 1570/15/4 1591/15/4
f 1590/21/4 1569/21/4 1591/21/4
f 1570/7/4 1571/7/4 1592/7/4
f 1591/15/4 1570/15/4 1592/15/4
f 1571/23/4 1572/23/4 1593/23/4
f 1592/7/4 1571/7/4 1593/7/4
f 1573/24/4 1574/24/4 1594/24/4
f 1593/23/4 1572/23/4 1594/23/4
f 1572/24/4 1573/24/4 1594/24/4
f 1594/24/4 1574/24/4 1595/24/4
f 1547/23/4 1548/23/4 1596/23/4
f 1595/24/4 1574/24/4 1596/24/4
f 1574/24/4 1547/24/4 1596/24/4
f 1548/27/4 1549/27/4 1597/27/4
f 1596/23/4 1548/23/4 1597/23/4
f 1597/27/4 1549/27/4 1598/27/4
f 1551/8/4 1575/8/4 1600/8/4
f 1575/8/4 1576/8/4 1600/8/4
f 1600/8/4 1576/8/4 1601/8/4
f 1576/7/4 1577/7/4 1602/7/4
f 1601/8/4 1576/8/4 1602/8/4
f 1577/15/4 1578/15/4 1603/15/4
f 1602/7/4 1577/7/4 1603/7/4
f 1578/7/4 1579/7/4 1604/7/4
f 1603/15/4 1578/15/4 1604/15/4
f 1604/7/4 1579/7/4 1605/7/4
f 1579/15/4 1580/15/4 1606/15/4
f 1605/7/4 1579/7/4 1606/7/4
f 1606/15/4 1580/15/4 1607/15/4
f 1580/8/4 1581/8/4 1608/8/4
f 1607/15/4 1580/15/4 1608/15/4
f 1581/15/4 1582/15/4 1609/15/4
f 1608/8/4 1581/8/4 1609/8/4
f 1609/15/4 1582/15/4 1610/15/4
f 1582/7/4 1583/7/4 1611/7/4
f 1610/15/4 1582/15/4 1611/15/4
f 1583/8/4 1584/8/4 1612/8/4
f 1611/7/4 1583/7/4 1612/7/4
f 1584/7/4 1585/7/4 1613/7/4
f 1612/8/4 1584/8/4 1613/8/4
f 1585/15/4 1586/15/4 1614/15/4
f 1613/7/4 1585/7/4 1614/7/4
f 1586/6/4 1587/6/4 1615/6/4
f 1614/15/4 1586/15/4 1615/15/4
f 1588/8/4 1589/8/4 1616/8/4
f 1615/6/4 1587/6/4 1616/6/4
f 1587/8/4 1588/8/4 1616/8/4
f 1616/8/4 1589/8/4 1617/8/4
f 1617/8/4 1589/8/4 1618/8/4
f 1589/8/4 1567/8/4 1619/8/4
f 1618/8/4 1589/8/4 1619/8/4
f 1567/24/4 1590/24/4 1619/24/4
f 1590/23/4 1591/23/4 1620/23/4
f 1619/24/4 1590/24/4 1620/24/4
f 1591/24/4 1592/24/4 1621/24/4
f 1620/23/4 1591/23/4 1621/23/4
f 1592/8/4 1593/8/4 1622/8/4
f 1621/24/4 1592/24/4 1622/24/4
f 1593/23/4 1594/23/4 1623/23/4
f 1622/8/4 1593/8/4 1623/8/4
f 1594/21/4 1595/21/4 1624/21/4
f 1623/23/4 1594/23/4 1624/23/4
f 1595/23/4 1596/23/4 1625/23/4
f 1624/21/4 1595/21/4 1625/21/4
f 1625/23/4 1596/23/4 1626/23/4
f 1596/27/4 1597/27/4 1627/27/4
f 1626/23/4 1596/23/4 1627/23/4
f 1627/27/4 1597/27/4 1628/27/4
f 1600/8/4 1601/8/4 1629/8/4
f 1599/8/4 1600/8/4 1629/8/4
f 1602/15/4 1603/15/4 1630/15/4
f 1629/8/4 1601/8/4 1630/8/4
f 1601/15/4 1602/15/4 1630/15/4
f 1630/15/4 1603/15/4 1631/15/4
f 1603/7/4 1604/7/4 1632/7/4
f 1631/15/4 1603/15/4 1632/15/4
f 1604/15/4 1605/15/4 1633/15/4
f 1632/7/4 1604/7/4 1633/7/4
f 1605/8/4 1606/8/4 1634/8/4
f 1633/15/4 1605/15/4 1634/15/4
f 1606/7/4 1607/7/4 1635/7/4
f 1634/8/4 1606/8/4 1635/8/4
f 1607/8/4 1608/8/4 1636/8/4
f 1635/7/4 1607/7/4 1636/7/4
f 1608/15/4 1609/15/4 1637/15/4
f 1636/8/4 1608/8/4 1637/8/4
f 1609/15/4 1610/15/4 1637/15/4
f 1637/15/4 1610/15/4 1638/15/4
f 1610/7/4 1611/7/4 1639/7/4
f 1638/15/4 1610/15/4 1639/15/4
f 1611/8/4 1612/8/4 1640/8/4
f 1639/7/4 1611/7/4 1640/7/4
f 1612/7/4 1613/7/4 1641/7/4
f 1640/8/4 1612/8/4 1641/8/4
f 1614/8/4 1615/8/4 1642/8/4
f 1641/7/4 1613/7/4 1642/7/4
f 1613/8/4 1614/8/4 1642/8/4
f 1615/8/4 1616/8/4 1642/8/4
f 1642/8/4 1616/8/4 1643/8/4
f 1643/8/4 1616/8/4 1644/8/4
f 1616/7/4 1617/7/4 1645/7/4
f 1644/8/4 1616/8/4 1645/8/4
f 1645/7/4 1617/7/4 1646/7/4
f 1617/15/4 1618/15/4 1647/15/4
f 1646/7/4 1617/7/4 1647/7/4
f 1618/8/4 1619/8/4 1648/8/4
f 1647/15/4 1618/15/4 1648/15/4
f 1619/8/4 1620/8/4 1648/8/4
f 1620/24/4 1621/24/4 1649/24/4
f 1648/8/4 1620/8/4 1649/8/4
f 1621/23/4 1622/23/4 1650/23/4
f 1649/24/4 1621/24/4 1650/24/4
f 1622/24/4 1623/24/4 1651/24/4
f 1650/23/4 1622/23/4 1651/23/4
f 1623/23/4 1624/23/4 1652/23/4
f 1651/24/4 1623/24/4 1652/24/4
f 1625/24/4 1626/24/4 1653/24/4
f 1652/23/4 1624/23/4 1653/23/4
f 1624/24/4 1625/24/4 1653/24/4
f 1626/27/4 1627/27/4 1654/27/4
f 1653/24/4 1626/24/4 1654/24/4
f 1654/27/4 1627/27/4 1655/27/4
f 1599/8/4 1629/8/4 1656/8/4
f 1629/7/4 1630/7/4 1657/7/4
f 1656/8/4 1629/8/4 1657/8/4
f 1630/8/4 1631/8/4 1658/8/4
f 1657/7/4 1630/7/4 1658/7/4
f 1631/7/4 1632/7/4 1659/7/4
f 1658/8/4 1631/8/4 1659/8/4
f 1632/7/4 1633/7/4 1659/7/4
f 1633/8/4 1634/8/4 1660/8/4
f 1659/7/4 1633/7/4 1660/7/4
f 1634/7/4 1635/7/4 1661/7/4
f 1660/8/4 1634/8/4 1661/8/4
f 1635/8/4 1636/8/4 1662/8/4
f 1661/7/4 1635/7/4 1662/7/4
f 1636/7/4 1637/7/4 1663/7/4
f 1662/8/4 1636/8/4 1663/8/4
f 1637/15/4 1638/15/4 1664/15/4
f 1663/7/4 1637/7/4 1664/7/4
f 1638/7/4 1639/7/4 1665/7/4
f 1664/15/4 1638/15/4 1665/15/4
f 1639/8/4 1640/8/4 1666/8/4
f 1665/7/4 1639/7/4 1666/7/4
f 1640/15/4 1641/15/4 1667/15/4
f 1666/8/4 1640/8/4 1667/8/4
f 1641/8/4 1642/8/4 1668/8/4
f 1667/15/4 1641/15/4 1668/15/4
f 1642/8/4 1643/8/4 1668/8/4
f 1668/8/4 1643/8/4 1669/8/4
f 1643/7/4 1644/7/4 1670/7/4
f 1669/8/4 1643/8/4 1670/8/4
f 1644/15/4 1645/15/4 1671/15/4
f 1670/7/4 1644/7/4 1671/7/4
f 1671/15/4 1645/15/4 1672/15/4
f 1645/6/4 1646/6/4 1673/6/4
f 1672/15/4 1645/15/4 1673/15/4
f 1646/7/4 1647/7/4 1674/7/4
f 1673/6/4 1646/6/4 1674/6/4
f 1647/8/4 1648/8/4 1675/8/4
f 1674/7/4 1647/7/4 1675/7/4
f 1675/8/4 1648/8/4 1676/8/4
f 1650/24/4 1651/24/4 1677/24/4
f 1651/23/4 1652/23/4 1678/23/4
f 1677/24/4 1651/24/4 1678/24/4
f 1652/24/4 1653/24/4 1679/24/4
f 1678/23/4 1652/23/4 1679/23/4
f 1679/24/4 1653/24/4 1680/24/4
f 1657/8/4 1658/8/4 1681/8/4
f 1658/7/4 1659/7/4 1682/7/4
f 1681/8/4 1658/8/4 1682/8/4
f 1659/8/4 1660/8/4 1683/8/4
f 1682/7/4 1659/7/4 1683/7/4
f 1660/7/4 1661/7/4 1684/7/4
f 1683/8/4 1660/8/4 1684/8/4
f 1661/8/4 1662/8/4 1685/8/4
f 1684/7/4 1661/7/4 1685/7/4
f 1663/15/4 1664/15/4 1686/15/4
f 1685/8/4 1662/8/4 1686/8/4
f 1662/15/4 1663/15/4 1686/15/4
f 1664/7/4 1665/7/4 1687/7/4
f 1686/15/4 1664/15/4 1687/15/4
f 1665/8/4 1666/8/4 1688/8/4
f 1687/7/4 1665/7/4 1688/7/4
f 1666/7/4 1667/7/4 1689/7/4
f 1688/8/4 1666/8/4 1689/8/4
f 1667/8/4 1668/8/4 1690/8/4
f 1689/7/4 1667/7/4 1690/7/4
f 1668/7/4 1669/7/4 1691/7/4
f 1690/8/4 1668/8/4 1691/8/4
f 1669/15/4 1670/15/4 1692/15/4
f 1691/7/4 1669/7/4 1692/7/4
f 1670/6/4 1671/6/4 1693/6/4
f 1692/15/4 1670/15/4 1693/15/4
f 1671/7/4 1672/7/4 1694/7/4
f 1693/6/4 1671/6/4 1694/6/4
f 1673/8/4 1674/8/4 1695/8/4
f 1694/7/4 1672/7/4 1695/7/4
f 1672/8/4 1673/8/4 1695/8/4
f 1695/8/4 1674/8/4 1696/8/4
f 1678/24/4 1679/24/4 1697/24/4
f 1697/24/4 1679/24/4 1698/24/4
f 1683/7/4 1684/7/4 1699/7/4
f 1684/8/4 1685/8/4 1700/8/4
f 1699/7/4 1684/7/4 1700/7/4
f 1685/15/4 1686/15/4 1701/15/4
f 1700/8/4 1685/8/4 1701/8/4
f 1686/7/4 1687/7/4 1702/7/4
f 1701/15/4 1686/15/4 1702/15/4
f 1702/7/4 1687/7/4 1703/7/4
f 1687/8/4 1688/8/4 1704/8/4
f 1703/7/4 1687/7/4 1704/7/4
f 1688/7/4 1689/7/4 1705/7/4
f 1704/8/4 1688/8/4 1705/8/4
f 1689/6/4 1690/6/4 1706/6/4
f 1705/7/4 1689/7/4 1706/7/4
f 1690/7/4 1691/7/4 1707/7/4
f 1706/6/4 1690/6/4 1707/6/4
f 1691/15/4 1692/15/4 1708/15/4
f 1707/7/4 1691/7/4 1708/7/4
f 1692/7/4 1693/7/4 1709/7/4
f 1708/15/4 1692/15/4 1709/15/4
f 1693/8/4 1694/8/4 1710/8/4
f 1709/7/4 1693/7/4 1710/7/4
f 1710/8/4 1694/8/4 1711/8/4
f 1682/8/4 1683/8/4 1712/8/4
f 1683/7/4 1699/7/4 1713/7/4
f 1712/8/4 1683/8/4 1713/8/4
f 1699/15/4 1700/15/4 1714/15/4
f 1713/7/4 1699/7/4 1714/7/4
f 1700/7/4 1701/7/4 1715/7/4
f 1714/15/4 1700/15/4 1715/15/4
f 1702/7/4 1703/7/4 1715/7/4
f 1701/7/4 1702/7/4 1715/7/4
f 1715/7/4 1703/7/4 1716/7/4
f 1703/8/4 1704/8/4 1717/8/4
f 1716/7/4 1703/7/4 1717/7/4
f 1704/7/4 1705/7/4 1718/7/4
f 1717/8/4 1704/8/4 1718/8/4
f 1705/15/4 1706/15/4 1719/15/4
f 1718/7/4 1705/7/4 1719/7/4
f 1706/8/4 1707/8/4 1720/8/4
f 1719/15/4 1706/15/4 1720/15/4
f 1707/15/4 1708/15/4 1721/15/4
f 1720/8/4 1707/8/4 1721/8/4
f 1708/8/4 1709/8/4 1722/8/4
f 1721/15/4 1708/15/4 1722/15/4
f 1722/8/4 1709/8/4 1723/8/4
f 1713/8/4 1714/8/4 1724/8/4
f 1714/8/4 1715/8/4 1724/8/4
f 1724/8/4 1715/8/4 1725/8/4
f 1715/15/4 1716/15/4 1726/15/4
f 1725/8/4 1715/8/4 1726/8/4
f 1716/8/4 1717/8/4 1727/8/4
f 1726/15/4 1716/15/4 1727/15/4
f 1727/8/4 1717/8/4 1728/8/4
f 1717/15/4 1718/15/4 1729/15/4
f 1728/8/4 1717/8/4 1729/8/4
f 1718/15/4 1719/15/4 1729/15/4
f 1729/15/4 1719/15/4 1730/15/4
f 1719/8/4 1720/8/4 1731/8/4
f 1730/15/4 1719/15/4 1731/15/4
f 1720/7/4 1721/7/4 1732/7/4
f 1731/8/4 1720/8/4 1732/8/4
f 1721/8/4 1722/8/4 1733/8/4
f 1732/7/4 1721/7/4 1733/7/4
f 1733/8/4 1722/8/4 1734/8/4
f 1725/8/4 1726/8/4 1735/8/4
f 1727/8/4 1728/8/4 1735/8/4
f 1726/8/4 1727/8/4 1735/8/4
f 1735/8/4 1728/8/4 1736/8/4
f 1736/8/4 1728/8/4 1737/8/4
f 1728/15/4 1729/15/4 1738/15/4
f 1737/8/4 1728/8/4 1738/8/4
f 1729/6/4 1730/6/4 1739/6/4
f 1738/15/4 1729/15/4 1739/15/4
f 1730/8/4 1731/8/4 1740/8/4
f 1739/6/4 1730/6/4 1740/6/4
f 1731/15/4 1732/15/4 1741/15/4
f 1740/8/4 1731/8/4 1741/8/4
f 1732/8/4 1733/8/4 1742/8/4
f 1741/15/4 1732/15/4 1742/15/4
f 1742/8/4 1733/8/4 1743/8/4
f 1736/15/4 1737/15/4 1744/15/4
f 1738/6/4 1739/6/4 1745/6/4
f 1744/15/4 1737/15/4 1745/15/4
f 1737/6/4 1738/6/4 1745/6/4
f 1739/8/4 1740/8/4 1746/8/4
f 1745/6/4 1739/6/4 1746/6/4
f 1740/7/4 1741/7/4 1747/7/4
f 1746/8/4 1740/8/4 1747/8/4
f 1741/8/4 1742/8/4 1748/8/4
f 1747/7/4 1741/7/4 1748/7/4
f 1748/8/4 1742/8/4 1749/8/4
f 1745/8/4 1746/8/4 1750/8/4
f 1744/8/4 1745/8/4 1750/8/4
f 1750/8/4 1746/8/4 1751/8/4
f 1746/15/4 1747/15/4 1752/15/4
f 1751/8/4 1746/8/4 1752/8/4
f 1747/8/4 1748/8/4 1753/8/4
f 1752/15/4 1747/15/4 1753/15/4
f 1753/8/4 1748/8/4 1754/8/4
f 1751/8/4 1752/8/4 1755/8/4
f 1752/8/4 1753/8/4 1755/8/4
f 1755/8/4 1753/8/4 1756/8/4
f 1763/20/5 1758/20/5 1757/20/5
f 1764/4/5 1759/4/5 1758/4/5
f 1764/20/5 1758/20/5 1763/20/5
f 1765/20/5 1760/20/5 1759/20/5
f 1765/4/5 1759/4/5 1764/4/5
f 1766/19/5 1761/19/5 1760/19/5
f 1766/20/5 1760/20/5 1765/20/5
f 1767/4/5 1762/4/5 1761/4/5
f 1767/19/5 1761/19/5 1766/19/5
f 1768/4/5 1762/4/5 1767/4/5
f 1771/4/5 1770/4/5 1769/4/5
f 1772/4/5 1770/4/5 1771/4/5
f 1782/19/5 1774/19/5 1773/19/5
f 1783/19/5 1774/19/5 1782/19/5
f 1784/4/5 1776/4/5 1775/4/5
f 1785/8/5 1777/8/5 1776/8/5
f 1785/4/5 1776/4/5 1784/4/5
f 1786/8/5 1777/8/5 1785/8/5
f 1787/8/5 1779/8/5 1778/8/5
f 1788/8/5 1779/8/5 1787/8/5
f 1789/8/5 1781/8/5 1780/8/5
f 1790/8/5 1781/8/5 1789/8/5
f 1799/19/5 1792/19/5 1791/19/5
f 1800/19/5 1792/19/5 1799/19/5
f 1801/8/5 1794/8/5 1793/8/5
f 1802/8/5 1794/8/5 1801/8/5
f 1803/8/5 1796/8/5 1795/8/5
f 1804/8/5 1796/8/5 1803/8/5
f 1805/8/5 1798/8/5 1797/8/5
f 1806/8/5 1798/8/5 1805/8/5
f 1811/20/5 1808/20/5 1807/20/5
f 1812/20/5 1808/20/5 1811/20/5
f 1813/8/5 1810/8/5 1809/8/5
f 1814/8/5 1810/8/5 1813/8/5
f 1819/20/5 1816/20/5 1815/20/5
f 1820/20/5 1816/20/5 1819/20/5
f 1821/8/5 1818/8/5 1817/8/5
f 1822/8/5 1818/8/5 1821/8/5
f 1825/8/5 1824/8/5 1823/8/5
f 1826/8/5 1824/8/5 1825/8/5
f 1830/15/5 1828/15/5 1827/15/5
f 1831/8/5 1829/8/5 1828/8/5
f 1831/15/5 1828/15/5 1830/15/5
f 1832/8/5 1829/8/5 1831/8/5
f 1835/8/5 1834/8/5 1833/8/5
f 1836/8/5 1834/8/5 1835/8/5
f 1839/13/5 1838/13/5 1837/13/5
f 1840/13/5 1838/13/5 1839/13/5
f 1843/3/5 1842/3/5 1841/3/5
f 1844/3/5 1842/3/5 1843/3/5
f 1847/7/5 1846/7/5 1845/7/5
f 1848/7/5 1846/7/5 1847/7/5
f 1851/8/5 1850/8/5 1849/8/5
f 1852/8/5 1850/8/5 1851/8/5
f 1856/6/5 1854/6/5 1853/6/5
f 1857/15/5 1855/15/5 1854/15/5
f 1857/6/5 1854/6/5 1856/6/5
f 1858/15/5 1855/15/5 1857/15/5
f 1861/24/5 1860/24/5 1859/24/5
f 1862/24/5 1860/24/5 1861/24/5
f 1865/24/5 1864/24/5 1863/24/5
f 1866/24/5 1864/24/5 1865/24/5
f 1869/24/5 1868/24/5 1867/24/5
f 1870/24/5 1868/24/5 1869/24/5
f 1871/13/6 1872/13/6 1873/13/6
f 1873/13/6 1872/13/6 1874/13/6
f 1875/13/6 1876/13/6 1877/13/6
f 1877/13/6 1876/13/6 1878/13/6
f 1879/15/6 1880/15/6 1883/15/6
f 1883/15/6 1880/15/6 1884/15/6
f 1881/8/6 1882/8/6 1885/8/6
f 1885/8/6 1882/8/6 1886/8/6
f 1887/8/6 1888/8/6 1889/8/6
f 1889/8/6 1888/8/6 1890/8/6
f 1891/7/6 1892/7/6 1895/7/6
f 1895/7/6 1892/7/6 1896/7/6
f 1893/8/6 1894/8/6 1897/8/6
f 1897/8/6 1894/8/6 1898/8/6
f 1899/8/6 1900/8/6 1901/8/6
f 1901/8/6 1900/8/6 1902/8/6
f 1903/8/6 1904/8/6 1905/8/6
f 1905/8/6 1904/8/6 1906/8/6
f 1907/8/6 1908/8/6 1909/8/6
f 1909/8/6 1908/8/6 1910/8/6
f 1911/8/6 1912/8/6 1913/8/6
f 1913/8/6 1912/8/6 1914/8/6
f 1915/8/6 1916/8/6 1917/8/6
f 1917/8/6 1916/8/6 1918/8/6
f 1919/6/6 1920/6/6 1923/6/6
f 1923/6/6 1920/6/6 1924/6/6
f 1921/8/6 1922/8/6 1925/8/6
f 1925/8/6 1922/8/6 1926/8/6
f 1927/15/6 1928/15/6 1929/15/6
f 1929/15/6 1928/15/6 1930/15/6
f 1931/7/6 1932/7/6 1933/7/6
f 1933/7/6 1932/7/6 1934/7/6
f 1935/7/6 1936/7/6 1939/7/6
f 1939/7/6 1936/7/6 1940/7/6
f 1937/24/6 1938/24/6 1941/24/6
f 1941/24/6 1938/24/6 1942/24/6
f 1943/15/6 1944/15/6 1947/15/6
f 1947/15/6 1944/15/6 1948/15/6
f 1945/24/6 1946/24/6 1949/24/6
f 1949/24/6 1946/24/6 1950/24/6
f 1951/15/6 1952/15/6 1955/15/6
f 1955/15/6 1952/15/6 1956/15/6
f 1953/7/6 1954/7/6 1957/7/6
f 1957/7/6 1954/7/6 1958/7/6
f 1959/7/6 1960/7/6 1963/7/6
f 1963/7/6 1960/7/6 1964/7/6
f 1961/24/6 1962/24/6 1965/24/6
f 1965/24/6 1962/24/6 1966/24/6
f 1967/7/6 1968/7/6 1978/7/6
f 1968/15/6 1969/15/6 1979/15/6
f 1978/7/6 1968/7/6 1979/7/6
f 1969/6/6 1970/6/6 1980/6/6
f 1979/15/6 1969/15/6 1980/15/6
f 1970/15/6 1971/15/6 1981/15/6
f 1980/6/6 1970/6/6 1981/6/6
f 1971/7/6 1972/7/6 1982/7/6
f 1981/15/6 1971/15/6 1982/15/6
f 1972/8/6 1973/8/6 1983/8/6
f 1982/7/6 1972/7/6 1983/7/6
f 1983/8/6 1973/8/6 1984/8/6
f 1974/24/6 1975/24/6 1985/24/6
f 1985/24/6 1975/24/6 1986/24/6
f 1976/27/6 1977/27/6 1987/27/6
f 1987/27/6 1977/27/6 1988/27/6
f 1989/27/6 1990/27/6 1993/27/6
f 1993/27/6 1990/27/6 1994/27/6
f 1991/27/6 1992/27/6 1995/27/6
f 1995/27/6 1992/27/6 1996/27/6
f 1997/27/6 1998/27/6 1999/27/6
f 1999/27/6 1998/27/6 2000/27/6
