# MagicaVoxel @ Ephtracy

# group
o 

# material
mtllib Player.mtl
usemtl palette

# normals
vn -1 0 0
vn 1 0 0
vn 0 0 1
vn 0 0 -1
vn 0 -1 0
vn 0 1 0

# texcoords
vt 0.00195312 0.5
vt 0.00585938 0.5
vt 0.00976562 0.5
vt 0.0136719 0.5
vt 0.0175781 0.5
vt 0.0214844 0.5
vt 0.0253906 0.5
vt 0.0292969 0.5
vt 0.0332031 0.5
vt 0.0371094 0.5
vt 0.0410156 0.5
vt 0.0449219 0.5
vt 0.0488281 0.5
vt 0.0527344 0.5
vt 0.0566406 0.5
vt 0.0605469 0.5
vt 0.0644531 0.5
vt 0.0683594 0.5
vt 0.0722656 0.5
vt 0.0761719 0.5
vt 0.0800781 0.5
vt 0.0839844 0.5
vt 0.0878906 0.5
vt 0.0917969 0.5
vt 0.0996094 0.5
vt 0.119141 0.5
vt 0.123047 0.5
vt 0.306641 0.5

# verts
v -1.5 2.6 0.1
v -1.5 2.6 -0.1
v -1.5 2.7 0.1
v -1.5 2.7 -0.1
v -1.4 2.7 0.1
v -1.4 2.7 -0.1
v -1.4 2.8 0.1
v -1.4 2.8 -0.1
v -1.4 3.1 0.1
v -1.4 3.1 -0.1
v -1.3 0.7 0.1
v -1.3 0.7 -0.1
v -1.3 0.8 0.1
v -1.3 0.8 -0.1
v -1.3 0.9 0.1
v -1.3 0.9 -0.1
v -1.3 1 0.1
v -1.3 1 -0.1
v -1.3 2.5 0.1
v -1.3 2.5 -0.1
v -1.3 2.6 0.1
v -1.3 2.6 -0.1
v -1.3 3.1 0.1
v -1.3 3.1 -0.1
v -1.3 3.2 0.1
v -1.3 3.2 -0.1
v -1.3 3.3 0.1
v -1.3 3.3 -0.1
v -1.2 0.6 0.1
v -1.2 0.6 -0.1
v -1.2 0.7 0.1
v -1.2 0.7 -0.1
v -1.2 1 0.1
v -1.2 1 -0.1
v -1.2 1.1 0.1
v -1.2 1.1 -0.1
v -1.2 2.3 0.1
v -1.2 2.3 -0.1
v -1.2 2.5 0.1
v -1.2 2.5 -0.1
v -1.2 3.3 0.1
v -1.2 3.3 -0.1
v -1.2 3.4 0.1
v -1.2 3.4 -0.1
v -1.1 0.5 0.1
v -1.1 0.5 -0.1
v -1.1 0.6 0.1
v -1.1 0.6 -0.1
v -1.1 1.1 0.1
v -1.1 1.1 -0.1
v -1.1 1.2 0.1
v -1.1 1.2 -0.1
v -1.1 1.3 0.1
v -1.1 1.3 -0.1
v -1.1 1.4 0.1
v -1.1 1.4 -0.1
v -1.1 2 0.1
v -1.1 2 -0.1
v -1.1 2.2 0.1
v -1.1 2.2 -0.1
v -1.1 2.3 0.1
v -1.1 2.3 -0.1
v -1.1 3.4 0.1
v -1.1 3.4 -0.1
v -1.1 3.5 0.1
v -1.1 3.5 -0.1
v -1 0.4 0.1
v -1 0.4 -0.1
v -1 0.5 0.1
v -1 0.5 -0.1
v -1 1.4 0.1
v -1 1.4 -0.1
v -1 1.5 0.1
v -1 1.5 -0.1
v -1 1.6 0.1
v -1 1.6 -0.1
v -1 1.9 0.1
v -1 1.9 -0.1
v -1 2 0.1
v -1 2 -0.1
v -1 3.5 0.1
v -1 3.5 -0.1
v -1 3.6 0.1
v -1 3.6 -0.1
v -0.9 1.6 0.1
v -0.9 1.6 -0.1
v -0.9 1.8 0.1
v -0.9 1.8 -0.1
v -0.9 1.9 0.1
v -0.9 1.9 -0.1
v -0.9 3.6 0.1
v -0.9 3.6 -0.1
v -0.9 3.7 0.1
v -0.9 3.7 -0.1
v -0.8 0 0.1
v -0.8 0 -0.1
v -0.8 0.1 0.1
v -0.8 0.1 -0.1
v -0.8 0.3 0.1
v -0.8 0.3 -0.1
v -0.8 0.4 0.1
v -0.8 0.4 -0.1
v -0.7 3.7 0.1
v -0.7 3.7 -0.1
v -0.7 3.8 0.1
v -0.7 3.8 -0.1
v 0.4 0.4 0.1
v 0.4 0.4 -0.1
v 0.4 0.5 0.1
v 0.4 0.5 -0.1
v 0.4 3.7 0.1
v 0.4 3.7 -0.1
v 0.4 3.8 0.1
v 0.4 3.8 -0.1
v 0.5 3.8 0.1
v 0.5 3.8 -0.1
v 0.5 3.9 0.1
v 0.5 3.9 -0.1
v 0.6 3.9 0.1
v 0.6 3.9 -0.1
v 0.6 4 0.1
v 0.6 4 -0.1
v 0.7 3.6 0.1
v 0.7 3.6 -0.1
v 0.7 3.7 0.1
v 0.7 3.7 -0.1
v 0.9 0.4 0.1
v 0.9 0.4 -0.1
v 0.9 0.5 0.1
v 0.9 0.5 -0.1
v -0.1 0 0.1
v -0.1 0 -0.1
v -0.1 0.1 0.1
v -0.1 0.1 -0.1
v 0 0.1 0.1
v 0 0.1 -0.1
v 0 0.4 0.1
v 0 0.4 -0.1
v 0.3 0.4 0.1
v 0.3 0.4 -0.1
v 0.3 0.5 0.1
v 0.3 0.5 -0.1
v 0.3 3.7 0.1
v 0.3 3.7 -0.1
v 0.3 3.8 0.1
v 0.3 3.8 -0.1
v 0.6 3.6 0.1
v 0.6 3.6 -0.1
v 0.6 3.7 0.1
v 0.6 3.7 -0.1
v 0.7 0.4 0.1
v 0.7 0.4 -0.1
v 0.7 0.5 0.1
v 0.7 0.5 -0.1
v 0.8 3.9 0.1
v 0.8 3.9 -0.1
v 0.8 4 0.1
v 0.8 4 -0.1
v 0.9 3.8 0.1
v 0.9 3.8 -0.1
v 0.9 3.9 0.1
v 0.9 3.9 -0.1
v 1 2.7 0.1
v 1 2.7 -0.1
v 1 3 0.1
v 1 3 -0.1
v 1 3.1 0.1
v 1 3.1 -0.1
v 1 3.5 0.1
v 1 3.5 -0.1
v 1 3.7 0.1
v 1 3.7 -0.1
v 1 3.8 0.1
v 1 3.8 -0.1
v 1.1 0.4 0.1
v 1.1 0.4 -0.1
v 1.1 0.5 0.1
v 1.1 0.5 -0.1
v 1.1 2.5 0.1
v 1.1 2.5 -0.1
v 1.1 2.6 0.1
v 1.1 2.6 -0.1
v 1.1 2.7 0.1
v 1.1 2.7 -0.1
v 1.1 3.1 0.1
v 1.1 3.1 -0.1
v 1.1 3.3 0.1
v 1.1 3.3 -0.1
v 1.1 3.4 0.1
v 1.1 3.4 -0.1
v 1.1 3.5 0.1
v 1.1 3.5 -0.1
v 1.2 0.5 0.1
v 1.2 0.5 -0.1
v 1.2 0.6 0.1
v 1.2 0.6 -0.1
v 1.2 2.2 0.1
v 1.2 2.2 -0.1
v 1.2 2.3 0.1
v 1.2 2.3 -0.1
v 1.2 2.5 0.1
v 1.2 2.5 -0.1
v 1.2 3.3 0.1
v 1.2 3.3 -0.1
v 1.2 3.4 0.1
v 1.2 3.4 -0.1
v 1.3 2 0.1
v 1.3 2 -0.1
v 1.3 2.1 0.1
v 1.3 2.1 -0.1
v 1.3 2.2 0.1
v 1.3 2.2 -0.1
v 1.4 0.6 0.1
v 1.4 0.6 -0.1
v 1.4 0.7 0.1
v 1.4 0.7 -0.1
v 1.4 1.9 0.1
v 1.4 1.9 -0.1
v 1.4 2 0.1
v 1.4 2 -0.1
v 1.5 0.7 0.1
v 1.5 0.7 -0.1
v 1.5 0.8 0.1
v 1.5 0.8 -0.1
v 1.5 1.7 0.1
v 1.5 1.7 -0.1
v 1.5 1.9 0.1
v 1.5 1.9 -0.1
v 1.6 0.8 0.1
v 1.6 0.8 -0.1
v 1.6 0.9 0.1
v 1.6 0.9 -0.1
v 1.6 1.6 0.1
v 1.6 1.6 -0.1
v 1.6 1.7 0.1
v 1.6 1.7 -0.1
v 1.7 0.9 0.1
v 1.7 0.9 -0.1
v 1.7 1 0.1
v 1.7 1 -0.1
v 1.7 1.5 0.1
v 1.7 1.5 -0.1
v 1.7 1.6 0.1
v 1.7 1.6 -0.1
v 1.8 1 0.1
v 1.8 1 -0.1
v 1.8 1.2 0.1
v 1.8 1.2 -0.1
v 1.8 1.4 0.1
v 1.8 1.4 -0.1
v 1.8 1.5 0.1
v 1.8 1.5 -0.1
v 1.9 1.2 0.1
v 1.9 1.2 -0.1
v 1.9 1.4 0.1
v 1.9 1.4 -0.1
v -1.5 2.6 0.1
v -1.5 2.7 0.1
v -1.4 2.6 0.1
v -1.4 2.7 0.1
v -1.4 2.8 0.1
v -1.4 3.1 0.1
v -1.3 0.7 0.1
v -1.3 0.8 0.1
v -1.3 0.9 0.1
v -1.3 1 0.1
v -1.3 2.5 0.1
v -1.3 2.6 0.1
v -1.3 2.7 0.1
v -1.3 2.8 0.1
v -1.3 2.9 0.1
v -1.3 3.1 0.1
v -1.3 3.2 0.1
v -1.3 3.3 0.1
v -1.2 0.6 0.1
v -1.2 0.7 0.1
v -1.2 0.8 0.1
v -1.2 0.9 0.1
v -1.2 1 0.1
v -1.2 1.1 0.1
v -1.2 2.3 0.1
v -1.2 2.5 0.1
v -1.2 2.6 0.1
v -1.2 2.7 0.1
v -1.2 2.8 0.1
v -1.2 2.9 0.1
v -1.2 3.1 0.1
v -1.2 3.2 0.1
v -1.2 3.3 0.1
v -1.2 3.4 0.1
v -1.1 0.5 0.1
v -1.1 0.6 0.1
v -1.1 0.7 0.1
v -1.1 0.8 0.1
v -1.1 0.9 0.1
v -1.1 1 0.1
v -1.1 1.1 0.1
v -1.1 1.2 0.1
v -1.1 1.3 0.1
v -1.1 1.4 0.1
v -1.1 2 0.1
v -1.1 2.2 0.1
v -1.1 2.3 0.1
v -1.1 2.4 0.1
v -1.1 2.5 0.1
v -1.1 2.6 0.1
v -1.1 2.7 0.1
v -1.1 2.8 0.1
v -1.1 2.9 0.1
v -1.1 3 0.1
v -1.1 3.1 0.1
v -1.1 3.2 0.1
v -1.1 3.3 0.1
v -1.1 3.4 0.1
v -1.1 3.5 0.1
v -1 0.4 0.1
v -1 0.5 0.1
v -1 0.6 0.1
v -1 0.7 0.1
v -1 0.8 0.1
v -1 0.9 0.1
v -1 1 0.1
v -1 1.1 0.1
v -1 1.2 0.1
v -1 1.3 0.1
v -1 1.4 0.1
v -1 1.5 0.1
v -1 1.6 0.1
v -1 1.9 0.1
v -1 2 0.1
v -1 2.1 0.1
v -1 2.2 0.1
v -1 2.3 0.1
v -1 2.4 0.1
v -1 2.5 0.1
v -1 2.6 0.1
v -1 2.7 0.1
v -1 2.8 0.1
v -1 2.9 0.1
v -1 3 0.1
v -1 3.1 0.1
v -1 3.2 0.1
v -1 3.3 0.1
v -1 3.4 0.1
v -1 3.5 0.1
v -1 3.6 0.1
v -0.9 0.5 0.1
v -0.9 0.6 0.1
v -0.9 0.7 0.1
v -0.9 0.8 0.1
v -0.9 0.9 0.1
v -0.9 1 0.1
v -0.9 1.1 0.1
v -0.9 1.2 0.1
v -0.9 1.3 0.1
v -0.9 1.4 0.1
v -0.9 1.5 0.1
v -0.9 1.6 0.1
v -0.9 1.8 0.1
v -0.9 1.9 0.1
v -0.9 2 0.1
v -0.9 2.1 0.1
v -0.9 2.3 0.1
v -0.9 2.4 0.1
v -0.9 2.5 0.1
v -0.9 2.6 0.1
v -0.9 2.7 0.1
v -0.9 2.9 0.1
v -0.9 3 0.1
v -0.9 3.1 0.1
v -0.9 3.2 0.1
v -0.9 3.3 0.1
v -0.9 3.4 0.1
v -0.9 3.5 0.1
v -0.9 3.6 0.1
v -0.9 3.7 0.1
v -0.8 0 0.1
v -0.8 0.1 0.1
v -0.8 0.3 0.1
v -0.8 0.4 0.1
v -0.8 0.5 0.1
v -0.8 0.6 0.1
v -0.8 0.7 0.1
v -0.8 0.8 0.1
v -0.8 0.9 0.1
v -0.8 1 0.1
v -0.8 1.1 0.1
v -0.8 1.2 0.1
v -0.8 1.3 0.1
v -0.8 1.4 0.1
v -0.8 1.5 0.1
v -0.8 1.6 0.1
v -0.8 1.7 0.1
v -0.8 1.8 0.1
v -0.8 2 0.1
v -0.8 2.1 0.1
v -0.8 2.2 0.1
v -0.8 2.3 0.1
v -0.8 2.4 0.1
v -0.8 2.5 0.1
v -0.8 2.6 0.1
v -0.8 2.7 0.1
v -0.8 2.8 0.1
v -0.8 2.9 0.1
v -0.8 3 0.1
v -0.8 3.1 0.1
v -0.8 3.2 0.1
v -0.8 3.3 0.1
v -0.8 3.4 0.1
v -0.8 3.5 0.1
v -0.8 3.6 0.1
v -0.7 0 0.1
v -0.7 0.1 0.1
v -0.7 0.2 0.1
v -0.7 0.3 0.1
v -0.7 0.4 0.1
v -0.7 0.5 0.1
v -0.7 0.6 0.1
v -0.7 0.7 0.1
v -0.7 0.8 0.1
v -0.7 0.9 0.1
v -0.7 1 0.1
v -0.7 1.1 0.1
v -0.7 1.2 0.1
v -0.7 1.3 0.1
v -0.7 1.4 0.1
v -0.7 1.5 0.1
v -0.7 1.6 0.1
v -0.7 1.7 0.1
v -0.7 1.8 0.1
v -0.7 1.9 0.1
v -0.7 2 0.1
v -0.7 2.1 0.1
v -0.7 2.2 0.1
v -0.7 2.3 0.1
v -0.7 2.4 0.1
v -0.7 2.5 0.1
v -0.7 2.6 0.1
v -0.7 2.7 0.1
v -0.7 2.8 0.1
v -0.7 2.9 0.1
v -0.7 3 0.1
v -0.7 3.1 0.1
v -0.7 3.3 0.1
v -0.7 3.4 0.1
v -0.7 3.5 0.1
v -0.7 3.6 0.1
v -0.7 3.7 0.1
v -0.7 3.8 0.1
v -0.6 0.1 0.1
v -0.6 0.2 0.1
v -0.6 0.3 0.1
v -0.6 0.4 0.1
v -0.6 0.5 0.1
v -0.6 0.6 0.1
v -0.6 0.7 0.1
v -0.6 0.8 0.1
v -0.6 0.9 0.1
v -0.6 1 0.1
v -0.6 1.1 0.1
v -0.6 1.2 0.1
v -0.6 1.3 0.1
v -0.6 1.4 0.1
v -0.6 1.5 0.1
v -0.6 1.6 0.1
v -0.6 1.7 0.1
v -0.6 1.8 0.1
v -0.6 1.9 0.1
v -0.6 2 0.1
v -0.6 2.1 0.1
v -0.6 2.2 0.1
v -0.6 2.3 0.1
v -0.6 2.4 0.1
v -0.6 2.5 0.1
v -0.6 2.6 0.1
v -0.6 2.7 0.1
v -0.6 2.8 0.1
v -0.6 2.9 0.1
v -0.6 3 0.1
v -0.6 3.2 0.1
v -0.6 3.3 0.1
v -0.6 3.4 0.1
v -0.6 3.5 0.1
v -0.6 3.6 0.1
v -0.5 0 0.1
v -0.5 0.1 0.1
v -0.5 0.2 0.1
v -0.5 0.3 0.1
v -0.5 0.4 0.1
v -0.5 0.5 0.1
v -0.5 0.6 0.1
v -0.5 0.7 0.1
v -0.5 0.8 0.1
v -0.5 0.9 0.1
v -0.5 1 0.1
v -0.5 1.1 0.1
v -0.5 1.2 0.1
v -0.5 1.3 0.1
v -0.5 1.4 0.1
v -0.5 1.5 0.1
v -0.5 1.6 0.1
v -0.5 1.7 0.1
v -0.5 1.8 0.1
v -0.5 1.9 0.1
v -0.5 2 0.1
v -0.5 2.1 0.1
v -0.5 2.3 0.1
v -0.5 2.4 0.1
v -0.5 2.5 0.1
v -0.5 2.7 0.1
v -0.5 2.8 0.1
v -0.5 2.9 0.1
v -0.5 3 0.1
v -0.5 3.1 0.1
v -0.5 3.2 0.1
v -0.5 3.3 0.1
v -0.5 3.4 0.1
v -0.5 3.6 0.1
v -0.5 3.7 0.1
v -0.5 3.8 0.1
v -0.4 0 0.1
v -0.4 0.1 0.1
v -0.4 0.2 0.1
v -0.4 0.3 0.1
v -0.4 0.4 0.1
v -0.4 0.5 0.1
v -0.4 0.6 0.1
v -0.4 0.7 0.1
v -0.4 0.8 0.1
v -0.4 0.9 0.1
v -0.4 1 0.1
v -0.4 1.1 0.1
v -0.4 1.2 0.1
v -0.4 1.3 0.1
v -0.4 1.4 0.1
v -0.4 1.5 0.1
v -0.4 1.6 0.1
v -0.4 1.7 0.1
v -0.4 1.8 0.1
v -0.4 1.9 0.1
v -0.4 2 0.1
v -0.4 2.1 0.1
v -0.4 2.3 0.1
v -0.4 2.5 0.1
v -0.4 2.7 0.1
v -0.4 2.9 0.1
v -0.4 3 0.1
v -0.4 3.1 0.1
v -0.4 3.2 0.1
v -0.4 3.3 0.1
v -0.4 3.5 0.1
v -0.4 3.7 0.1
v -0.4 3.8 0.1
v -0.3 0 0.1
v -0.3 0.1 0.1
v -0.3 0.2 0.1
v -0.3 0.3 0.1
v -0.3 0.4 0.1
v -0.3 0.5 0.1
v -0.3 0.6 0.1
v -0.3 0.7 0.1
v -0.3 0.8 0.1
v -0.3 0.9 0.1
v -0.3 1 0.1
v -0.3 1.1 0.1
v -0.3 1.2 0.1
v -0.3 1.3 0.1
v -0.3 1.4 0.1
v -0.3 1.5 0.1
v -0.3 1.6 0.1
v -0.3 1.7 0.1
v -0.3 1.8 0.1
v -0.3 1.9 0.1
v -0.3 2 0.1
v -0.3 2.1 0.1
v -0.3 2.3 0.1
v -0.3 2.4 0.1
v -0.3 2.5 0.1
v -0.3 2.7 0.1
v -0.3 2.8 0.1
v -0.3 2.9 0.1
v -0.3 3 0.1
v -0.3 3.1 0.1
v -0.3 3.3 0.1
v -0.3 3.4 0.1
v -0.3 3.5 0.1
v -0.3 3.6 0.1
v -0.3 3.7 0.1
v -0.3 3.8 0.1
v -0.2 0.2 0.1
v -0.2 0.3 0.1
v -0.2 0.4 0.1
v -0.2 0.5 0.1
v -0.2 0.6 0.1
v -0.2 0.7 0.1
v -0.2 0.8 0.1
v -0.2 0.9 0.1
v -0.2 1 0.1
v -0.2 1.1 0.1
v -0.2 1.2 0.1
v -0.2 1.3 0.1
v -0.2 1.4 0.1
v -0.2 1.5 0.1
v -0.2 1.6 0.1
v -0.2 1.7 0.1
v -0.2 1.8 0.1
v -0.2 1.9 0.1
v -0.2 2 0.1
v -0.2 2.1 0.1
v -0.2 2.2 0.1
v -0.2 2.3 0.1
v -0.2 2.4 0.1
v -0.2 2.5 0.1
v -0.2 2.6 0.1
v -0.2 2.7 0.1
v -0.2 2.8 0.1
v -0.2 3.1 0.1
v -0.2 3.3 0.1
v -0.2 3.4 0.1
v -0.2 3.6 0.1
v -0.2 3.7 0.1
v -0.2 3.8 0.1
v -0.1 0 0.1
v -0.1 0.1 0.1
v -0.1 0.3 0.1
v -0.1 0.4 0.1
v -0.1 0.5 0.1
v -0.1 0.6 0.1
v -0.1 0.7 0.1
v -0.1 0.8 0.1
v -0.1 0.9 0.1
v -0.1 1 0.1
v -0.1 1.1 0.1
v -0.1 1.2 0.1
v -0.1 1.3 0.1
v -0.1 1.4 0.1
v -0.1 1.5 0.1
v -0.1 1.6 0.1
v -0.1 1.7 0.1
v -0.1 1.8 0.1
v -0.1 1.9 0.1
v -0.1 2 0.1
v -0.1 2.2 0.1
v -0.1 2.4 0.1
v -0.1 2.5 0.1
v -0.1 2.6 0.1
v -0.1 2.8 0.1
v -0.1 2.9 0.1
v -0.1 3 0.1
v -0.1 3.1 0.1
v -0.1 3.2 0.1
v -0.1 3.3 0.1
v -0.1 3.4 0.1
v -0.1 3.5 0.1
v -0.1 3.6 0.1
v 0 0.1 0.1
v 0 0.4 0.1
v 0 0.5 0.1
v 0 0.6 0.1
v 0 0.7 0.1
v 0 0.8 0.1
v 0 0.9 0.1
v 0 1 0.1
v 0 1.2 0.1
v 0 1.3 0.1
v 0 1.5 0.1
v 0 1.6 0.1
v 0 1.7 0.1
v 0 1.8 0.1
v 0 1.9 0.1
v 0 2 0.1
v 0 2.1 0.1
v 0 2.2 0.1
v 0 2.3 0.1
v 0 2.4 0.1
v 0 2.5 0.1
v 0 2.6 0.1
v 0 2.9 0.1
v 0 3 0.1
v 0 3.1 0.1
v 0 3.2 0.1
v 0 3.3 0.1
v 0 3.4 0.1
v 0 3.5 0.1
v 0 3.6 0.1
v 0 3.7 0.1
v 0 3.8 0.1
v 0.1 0.4 0.1
v 0.1 0.5 0.1
v 0.1 1.1 0.1
v 0.1 1.2 0.1
v 0.1 1.3 0.1
v 0.1 1.5 0.1
v 0.1 1.6 0.1
v 0.1 1.7 0.1
v 0.1 1.8 0.1
v 0.1 1.9 0.1
v 0.1 2 0.1
v 0.1 2.1 0.1
v 0.1 2.2 0.1
v 0.1 2.3 0.1
v 0.1 2.4 0.1
v 0.1 2.6 0.1
v 0.1 2.9 0.1
v 0.1 3.1 0.1
v 0.1 3.2 0.1
v 0.1 3.3 0.1
v 0.1 3.4 0.1
v 0.1 3.5 0.1
v 0.1 3.6 0.1
v 0.1 3.7 0.1
v 0.2 0.5 0.1
v 0.2 0.6 0.1
v 0.2 0.7 0.1
v 0.2 0.8 0.1
v 0.2 0.9 0.1
v 0.2 1 0.1
v 0.2 1.1 0.1
v 0.2 1.2 0.1
v 0.2 1.3 0.1
v 0.2 1.4 0.1
v 0.2 1.5 0.1
v 0.2 1.7 0.1
v 0.2 2 0.1
v 0.2 2.1 0.1
v 0.2 2.3 0.1
v 0.2 2.4 0.1
v 0.2 2.5 0.1
v 0.2 2.6 0.1
v 0.2 2.7 0.1
v 0.2 2.8 0.1
v 0.2 2.9 0.1
v 0.2 3.1 0.1
v 0.2 3.2 0.1
v 0.2 3.3 0.1
v 0.2 3.4 0.1
v 0.2 3.5 0.1
v 0.2 3.6 0.1
v 0.3 0.4 0.1
v 0.3 0.5 0.1
v 0.3 0.6 0.1
v 0.3 0.7 0.1
v 0.3 0.8 0.1
v 0.3 0.9 0.1
v 0.3 1 0.1
v 0.3 1.1 0.1
v 0.3 1.2 0.1
v 0.3 1.3 0.1
v 0.3 1.4 0.1
v 0.3 1.7 0.1
v 0.3 1.8 0.1
v 0.3 2 0.1
v 0.3 2.1 0.1
v 0.3 2.2 0.1
v 0.3 2.3 0.1
v 0.3 2.4 0.1
v 0.3 2.5 0.1
v 0.3 2.6 0.1
v 0.3 2.7 0.1
v 0.3 2.8 0.1
v 0.3 2.9 0.1
v 0.3 3 0.1
v 0.3 3.1 0.1
v 0.3 3.2 0.1
v 0.3 3.3 0.1
v 0.3 3.4 0.1
v 0.3 3.6 0.1
v 0.3 3.7 0.1
v 0.3 3.8 0.1
v 0.4 0.4 0.1
v 0.4 0.5 0.1
v 0.4 0.6 0.1
v 0.4 0.7 0.1
v 0.4 0.9 0.1
v 0.4 1 0.1
v 0.4 1.3 0.1
v 0.4 1.4 0.1
v 0.4 1.6 0.1
v 0.4 1.8 0.1
v 0.4 2 0.1
v 0.4 2.1 0.1
v 0.4 2.2 0.1
v 0.4 2.4 0.1
v 0.4 2.5 0.1
v 0.4 2.6 0.1
v 0.4 2.7 0.1
v 0.4 2.8 0.1
v 0.4 2.9 0.1
v 0.4 3 0.1
v 0.4 3.1 0.1
v 0.4 3.2 0.1
v 0.4 3.3 0.1
v 0.4 3.4 0.1
v 0.4 3.5 0.1
v 0.4 3.6 0.1
v 0.4 3.7 0.1
v 0.4 3.8 0.1
v 0.5 0.6 0.1
v 0.5 0.7 0.1
v 0.5 1 0.1
v 0.5 1.2 0.1
v 0.5 1.3 0.1
v 0.5 1.5 0.1
v 0.5 1.6 0.1
v 0.5 1.8 0.1
v 0.5 1.9 0.1
v 0.5 2 0.1
v 0.5 2.1 0.1
v 0.5 2.2 0.1
v 0.5 2.5 0.1
v 0.5 2.6 0.1
v 0.5 2.7 0.1
v 0.5 2.8 0.1
v 0.5 3 0.1
v 0.5 3.1 0.1
v 0.5 3.2 0.1
v 0.5 3.3 0.1
v 0.5 3.4 0.1
v 0.5 3.5 0.1
v 0.5 3.6 0.1
v 0.5 3.7 0.1
v 0.5 3.8 0.1
v 0.5 3.9 0.1
v 0.6 0.5 0.1
v 0.6 0.6 0.1
v 0.6 0.7 0.1
v 0.6 0.8 0.1
v 0.6 0.9 0.1
v 0.6 1 0.1
v 0.6 1.2 0.1
v 0.6 1.3 0.1
v 0.6 1.4 0.1
v 0.6 1.5 0.1
v 0.6 1.6 0.1
v 0.6 1.7 0.1
v 0.6 1.8 0.1
v 0.6 1.9 0.1
v 0.6 2 0.1
v 0.6 2.1 0.1
v 0.6 2.2 0.1
v 0.6 2.3 0.1
v 0.6 2.5 0.1
v 0.6 2.7 0.1
v 0.6 2.8 0.1
v 0.6 2.9 0.1
v 0.6 3 0.1
v 0.6 3.1 0.1
v 0.6 3.2 0.1
v 0.6 3.3 0.1
v 0.6 3.4 0.1
v 0.6 3.5 0.1
v 0.6 3.6 0.1
v 0.6 3.7 0.1
v 0.6 3.8 0.1
v 0.6 3.9 0.1
v 0.6 4 0.1
v 0.7 0.4 0.1
v 0.7 0.5 0.1
v 0.7 0.6 0.1
v 0.7 0.7 0.1
v 0.7 0.8 0.1
v 0.7 0.9 0.1
v 0.7 1 0.1
v 0.7 1.2 0.1
v 0.7 1.4 0.1
v 0.7 1.5 0.1
v 0.7 1.7 0.1
v 0.7 1.9 0.1
v 0.7 2 0.1
v 0.7 2.1 0.1
v 0.7 2.3 0.1
v 0.7 2.5 0.1
v 0.7 2.7 0.1
v 0.7 2.8 0.1
v 0.7 2.9 0.1
v 0.7 3 0.1
v 0.7 3.1 0.1
v 0.7 3.2 0.1
v 0.7 3.3 0.1
v 0.7 3.4 0.1
v 0.7 3.5 0.1
v 0.7 3.6 0.1
v 0.7 3.7 0.1
v 0.8 0.6 0.1
v 0.8 0.7 0.1
v 0.8 0.8 0.1
v 0.8 0.9 0.1
v 0.8 1 0.1
v 0.8 1.2 0.1
v 0.8 1.4 0.1
v 0.8 1.5 0.1
v 0.8 1.7 0.1
v 0.8 1.8 0.1
v 0.8 1.9 0.1
v 0.8 2 0.1
v 0.8 2.1 0.1
v 0.8 2.3 0.1
v 0.8 2.4 0.1
v 0.8 2.7 0.1
v 0.8 2.8 0.1
v 0.8 3 0.1
v 0.8 3.1 0.1
v 0.8 3.2 0.1
v 0.8 3.3 0.1
v 0.8 3.4 0.1
v 0.8 3.5 0.1
v 0.8 3.6 0.1
v 0.8 3.8 0.1
v 0.8 3.9 0.1
v 0.8 4 0.1
v 0.9 0.4 0.1
v 0.9 0.5 0.1
v 0.9 0.6 0.1
v 0.9 0.7 0.1
v 0.9 0.8 0.1
v 0.9 1 0.1
v 0.9 1.1 0.1
v 0.9 1.2 0.1
v 0.9 1.3 0.1
v 0.9 1.4 0.1
v 0.9 1.5 0.1
v 0.9 1.6 0.1
v 0.9 1.7 0.1
v 0.9 1.8 0.1
v 0.9 1.9 0.1
v 0.9 2 0.1
v 0.9 2.1 0.1
v 0.9 2.3 0.1
v 0.9 2.4 0.1
v 0.9 2.6 0.1
v 0.9 2.7 0.1
v 0.9 2.9 0.1
v 0.9 3 0.1
v 0.9 3.1 0.1
v 0.9 3.2 0.1
v 0.9 3.3 0.1
v 0.9 3.4 0.1
v 0.9 3.5 0.1
v 0.9 3.6 0.1
v 0.9 3.7 0.1
v 0.9 3.8 0.1
v 0.9 3.9 0.1
v 1 0.5 0.1
v 1 0.6 0.1
v 1 0.7 0.1
v 1 0.8 0.1
v 1 0.9 0.1
v 1 1 0.1
v 1 1.1 0.1
v 1 1.2 0.1
v 1 1.3 0.1
v 1 1.4 0.1
v 1 1.5 0.1
v 1 1.6 0.1
v 1 1.7 0.1
v 1 1.8 0.1
v 1 1.9 0.1
v 1 2 0.1
v 1 2.1 0.1
v 1 2.2 0.1
v 1 2.4 0.1
v 1 2.5 0.1
v 1 2.6 0.1
v 1 2.7 0.1
v 1 3 0.1
v 1 3.1 0.1
v 1 3.3 0.1
v 1 3.4 0.1
v 1 3.5 0.1
v 1 3.7 0.1
v 1 3.8 0.1
v 1.1 0.4 0.1
v 1.1 0.5 0.1
v 1.1 0.6 0.1
v 1.1 0.7 0.1
v 1.1 0.9 0.1
v 1.1 1.1 0.1
v 1.1 1.2 0.1
v 1.1 1.3 0.1
v 1.1 1.4 0.1
v 1.1 1.5 0.1
v 1.1 1.6 0.1
v 1.1 1.7 0.1
v 1.1 1.8 0.1
v 1.1 1.9 0.1
v 1.1 2 0.1
v 1.1 2.1 0.1
v 1.1 2.2 0.1
v 1.1 2.3 0.1
v 1.1 2.4 0.1
v 1.1 2.5 0.1
v 1.1 2.6 0.1
v 1.1 2.7 0.1
v 1.1 3.1 0.1
v 1.1 3.3 0.1
v 1.1 3.4 0.1
v 1.1 3.5 0.1
v 1.2 0.5 0.1
v 1.2 0.6 0.1
v 1.2 0.7 0.1
v 1.2 0.9 0.1
v 1.2 1.1 0.1
v 1.2 1.2 0.1
v 1.2 1.4 0.1
v 1.2 1.5 0.1
v 1.2 1.6 0.1
v 1.2 1.7 0.1
v 1.2 1.8 0.1
v 1.2 1.9 0.1
v 1.2 2 0.1
v 1.2 2.1 0.1
v 1.2 2.2 0.1
v 1.2 2.3 0.1
v 1.2 2.5 0.1
v 1.2 3.3 0.1
v 1.2 3.4 0.1
v 1.3 0.8 0.1
v 1.3 0.9 0.1
v 1.3 1.1 0.1
v 1.3 1.2 0.1
v 1.3 1.3 0.1
v 1.3 1.4 0.1
v 1.3 1.5 0.1
v 1.3 1.6 0.1
v 1.3 1.7 0.1
v 1.3 1.8 0.1
v 1.3 1.9 0.1
v 1.3 2 0.1
v 1.3 2.1 0.1
v 1.3 2.2 0.1
v 1.4 0.6 0.1
v 1.4 0.7 0.1
v 1.4 0.8 0.1
v 1.4 0.9 0.1
v 1.4 1 0.1
v 1.4 1.1 0.1
v 1.4 1.3 0.1
v 1.4 1.4 0.1
v 1.4 1.5 0.1
v 1.4 1.6 0.1
v 1.4 1.7 0.1
v 1.4 1.8 0.1
v 1.4 1.9 0.1
v 1.4 2 0.1
v 1.5 0.7 0.1
v 1.5 0.8 0.1
v 1.5 0.9 0.1
v 1.5 1 0.1
v 1.5 1.1 0.1
v 1.5 1.2 0.1
v 1.5 1.3 0.1
v 1.5 1.4 0.1
v 1.5 1.5 0.1
v 1.5 1.6 0.1
v 1.5 1.7 0.1
v 1.5 1.9 0.1
v 1.6 0.8 0.1
v 1.6 0.9 0.1
v 1.6 1 0.1
v 1.6 1.1 0.1
v 1.6 1.2 0.1
v 1.6 1.3 0.1
v 1.6 1.4 0.1
v 1.6 1.5 0.1
v 1.6 1.6 0.1
v 1.6 1.7 0.1
v 1.7 0.9 0.1
v 1.7 1 0.1
v 1.7 1.1 0.1
v 1.7 1.3 0.1
v 1.7 1.4 0.1
v 1.7 1.5 0.1
v 1.7 1.6 0.1
v 1.8 1 0.1
v 1.8 1.2 0.1
v 1.8 1.3 0.1
v 1.8 1.4 0.1
v 1.8 1.5 0.1
v 1.9 1.2 0.1
v 1.9 1.4 0.1
v -1.5 2.6 -0.1
v -1.5 2.7 -0.1
v -1.4 2.6 -0.1
v -1.4 2.7 -0.1
v -1.4 2.8 -0.1
v -1.4 3.1 -0.1
v -1.3 0.7 -0.1
v -1.3 0.8 -0.1
v -1.3 0.9 -0.1
v -1.3 1 -0.1
v -1.3 2.5 -0.1
v -1.3 2.6 -0.1
v -1.3 2.7 -0.1
v -1.3 2.8 -0.1
v -1.3 2.9 -0.1
v -1.3 3.1 -0.1
v -1.3 3.2 -0.1
v -1.3 3.3 -0.1
v -1.2 0.6 -0.1
v -1.2 0.7 -0.1
v -1.2 0.8 -0.1
v -1.2 0.9 -0.1
v -1.2 1 -0.1
v -1.2 1.1 -0.1
v -1.2 2.3 -0.1
v -1.2 2.5 -0.1
v -1.2 2.6 -0.1
v -1.2 2.7 -0.1
v -1.2 2.8 -0.1
v -1.2 2.9 -0.1
v -1.2 3.1 -0.1
v -1.2 3.2 -0.1
v -1.2 3.3 -0.1
v -1.2 3.4 -0.1
v -1.1 0.5 -0.1
v -1.1 0.6 -0.1
v -1.1 0.7 -0.1
v -1.1 0.8 -0.1
v -1.1 0.9 -0.1
v -1.1 1 -0.1
v -1.1 1.1 -0.1
v -1.1 1.2 -0.1
v -1.1 1.3 -0.1
v -1.1 1.4 -0.1
v -1.1 2 -0.1
v -1.1 2.2 -0.1
v -1.1 2.3 -0.1
v -1.1 2.4 -0.1
v -1.1 2.5 -0.1
v -1.1 2.6 -0.1
v -1.1 2.7 -0.1
v -1.1 2.8 -0.1
v -1.1 2.9 -0.1
v -1.1 3 -0.1
v -1.1 3.1 -0.1
v -1.1 3.2 -0.1
v -1.1 3.3 -0.1
v -1.1 3.4 -0.1
v -1.1 3.5 -0.1
v -1 0.4 -0.1
v -1 0.5 -0.1
v -1 0.6 -0.1
v -1 0.7 -0.1
v -1 0.8 -0.1
v -1 0.9 -0.1
v -1 1 -0.1
v -1 1.1 -0.1
v -1 1.2 -0.1
v -1 1.3 -0.1
v -1 1.4 -0.1
v -1 1.5 -0.1
v -1 1.6 -0.1
v -1 1.9 -0.1
v -1 2 -0.1
v -1 2.1 -0.1
v -1 2.2 -0.1
v -1 2.3 -0.1
v -1 2.4 -0.1
v -1 2.5 -0.1
v -1 2.6 -0.1
v -1 2.7 -0.1
v -1 2.8 -0.1
v -1 2.9 -0.1
v -1 3 -0.1
v -1 3.1 -0.1
v -1 3.2 -0.1
v -1 3.3 -0.1
v -1 3.4 -0.1
v -1 3.5 -0.1
v -1 3.6 -0.1
v -0.9 0.5 -0.1
v -0.9 0.6 -0.1
v -0.9 0.7 -0.1
v -0.9 0.8 -0.1
v -0.9 0.9 -0.1
v -0.9 1 -0.1
v -0.9 1.1 -0.1
v -0.9 1.2 -0.1
v -0.9 1.3 -0.1
v -0.9 1.4 -0.1
v -0.9 1.5 -0.1
v -0.9 1.6 -0.1
v -0.9 1.8 -0.1
v -0.9 1.9 -0.1
v -0.9 2 -0.1
v -0.9 2.1 -0.1
v -0.9 2.3 -0.1
v -0.9 2.4 -0.1
v -0.9 2.5 -0.1
v -0.9 2.6 -0.1
v -0.9 2.7 -0.1
v -0.9 2.9 -0.1
v -0.9 3 -0.1
v -0.9 3.1 -0.1
v -0.9 3.2 -0.1
v -0.9 3.3 -0.1
v -0.9 3.4 -0.1
v -0.9 3.5 -0.1
v -0.9 3.6 -0.1
v -0.9 3.7 -0.1
v -0.8 0 -0.1
v -0.8 0.1 -0.1
v -0.8 0.3 -0.1
v -0.8 0.4 -0.1
v -0.8 0.5 -0.1
v -0.8 0.6 -0.1
v -0.8 0.7 -0.1
v -0.8 0.8 -0.1
v -0.8 0.9 -0.1
v -0.8 1 -0.1
v -0.8 1.1 -0.1
v -0.8 1.2 -0.1
v -0.8 1.3 -0.1
v -0.8 1.4 -0.1
v -0.8 1.5 -0.1
v -0.8 1.6 -0.1
v -0.8 1.7 -0.1
v -0.8 1.8 -0.1
v -0.8 2 -0.1
v -0.8 2.1 -0.1
v -0.8 2.2 -0.1
v -0.8 2.3 -0.1
v -0.8 2.4 -0.1
v -0.8 2.5 -0.1
v -0.8 2.6 -0.1
v -0.8 2.7 -0.1
v -0.8 2.8 -0.1
v -0.8 2.9 -0.1
v -0.8 3 -0.1
v -0.8 3.1 -0.1
v -0.8 3.2 -0.1
v -0.8 3.3 -0.1
v -0.8 3.4 -0.1
v -0.8 3.5 -0.1
v -0.8 3.6 -0.1
v -0.7 0 -0.1
v -0.7 0.1 -0.1
v -0.7 0.2 -0.1
v -0.7 0.3 -0.1
v -0.7 0.4 -0.1
v -0.7 0.5 -0.1
v -0.7 0.6 -0.1
v -0.7 0.7 -0.1
v -0.7 0.8 -0.1
v -0.7 0.9 -0.1
v -0.7 1 -0.1
v -0.7 1.1 -0.1
v -0.7 1.2 -0.1
v -0.7 1.3 -0.1
v -0.7 1.4 -0.1
v -0.7 1.5 -0.1
v -0.7 1.6 -0.1
v -0.7 1.7 -0.1
v -0.7 1.8 -0.1
v -0.7 1.9 -0.1
v -0.7 2 -0.1
v -0.7 2.1 -0.1
v -0.7 2.2 -0.1
v -0.7 2.3 -0.1
v -0.7 2.4 -0.1
v -0.7 2.5 -0.1
v -0.7 2.6 -0.1
v -0.7 2.7 -0.1
v -0.7 2.8 -0.1
v -0.7 2.9 -0.1
v -0.7 3 -0.1
v -0.7 3.1 -0.1
v -0.7 3.3 -0.1
v -0.7 3.4 -0.1
v -0.7 3.5 -0.1
v -0.7 3.6 -0.1
v -0.7 3.7 -0.1
v -0.7 3.8 -0.1
v -0.6 0.1 -0.1
v -0.6 0.2 -0.1
v -0.6 0.3 -0.1
v -0.6 0.4 -0.1
v -0.6 0.5 -0.1
v -0.6 0.6 -0.1
v -0.6 0.7 -0.1
v -0.6 0.8 -0.1
v -0.6 0.9 -0.1
v -0.6 1 -0.1
v -0.6 1.1 -0.1
v -0.6 1.2 -0.1
v -0.6 1.3 -0.1
v -0.6 1.4 -0.1
v -0.6 1.5 -0.1
v -0.6 1.6 -0.1
v -0.6 1.7 -0.1
v -0.6 1.8 -0.1
v -0.6 1.9 -0.1
v -0.6 2 -0.1
v -0.6 2.1 -0.1
v -0.6 2.2 -0.1
v -0.6 2.3 -0.1
v -0.6 2.4 -0.1
v -0.6 2.5 -0.1
v -0.6 2.6 -0.1
v -0.6 2.7 -0.1
v -0.6 2.8 -0.1
v -0.6 2.9 -0.1
v -0.6 3 -0.1
v -0.6 3.2 -0.1
v -0.6 3.3 -0.1
v -0.6 3.4 -0.1
v -0.6 3.5 -0.1
v -0.6 3.6 -0.1
v -0.5 0 -0.1
v -0.5 0.1 -0.1
v -0.5 0.2 -0.1
v -0.5 0.3 -0.1
v -0.5 0.4 -0.1
v -0.5 0.5 -0.1
v -0.5 0.6 -0.1
v -0.5 0.7 -0.1
v -0.5 0.8 -0.1
v -0.5 0.9 -0.1
v -0.5 1 -0.1
v -0.5 1.1 -0.1
v -0.5 1.2 -0.1
v -0.5 1.3 -0.1
v -0.5 1.4 -0.1
v -0.5 1.5 -0.1
v -0.5 1.6 -0.1
v -0.5 1.7 -0.1
v -0.5 1.8 -0.1
v -0.5 1.9 -0.1
v -0.5 2 -0.1
v -0.5 2.1 -0.1
v -0.5 2.3 -0.1
v -0.5 2.4 -0.1
v -0.5 2.5 -0.1
v -0.5 2.7 -0.1
v -0.5 2.8 -0.1
v -0.5 2.9 -0.1
v -0.5 3 -0.1
v -0.5 3.1 -0.1
v -0.5 3.2 -0.1
v -0.5 3.3 -0.1
v -0.5 3.4 -0.1
v -0.5 3.6 -0.1
v -0.5 3.7 -0.1
v -0.5 3.8 -0.1
v -0.4 0 -0.1
v -0.4 0.1 -0.1
v -0.4 0.2 -0.1
v -0.4 0.3 -0.1
v -0.4 0.4 -0.1
v -0.4 0.5 -0.1
v -0.4 0.6 -0.1
v -0.4 0.7 -0.1
v -0.4 0.8 -0.1
v -0.4 0.9 -0.1
v -0.4 1 -0.1
v -0.4 1.1 -0.1
v -0.4 1.2 -0.1
v -0.4 1.3 -0.1
v -0.4 1.4 -0.1
v -0.4 1.5 -0.1
v -0.4 1.6 -0.1
v -0.4 1.7 -0.1
v -0.4 1.8 -0.1
v -0.4 1.9 -0.1
v -0.4 2 -0.1
v -0.4 2.1 -0.1
v -0.4 2.3 -0.1
v -0.4 2.5 -0.1
v -0.4 2.7 -0.1
v -0.4 2.9 -0.1
v -0.4 3 -0.1
v -0.4 3.1 -0.1
v -0.4 3.2 -0.1
v -0.4 3.3 -0.1
v -0.4 3.5 -0.1
v -0.4 3.7 -0.1
v -0.4 3.8 -0.1
v -0.3 0 -0.1
v -0.3 0.1 -0.1
v -0.3 0.2 -0.1
v -0.3 0.3 -0.1
v -0.3 0.4 -0.1
v -0.3 0.5 -0.1
v -0.3 0.6 -0.1
v -0.3 0.7 -0.1
v -0.3 0.8 -0.1
v -0.3 0.9 -0.1
v -0.3 1 -0.1
v -0.3 1.1 -0.1
v -0.3 1.2 -0.1
v -0.3 1.3 -0.1
v -0.3 1.4 -0.1
v -0.3 1.5 -0.1
v -0.3 1.6 -0.1
v -0.3 1.7 -0.1
v -0.3 1.8 -0.1
v -0.3 1.9 -0.1
v -0.3 2 -0.1
v -0.3 2.1 -0.1
v -0.3 2.3 -0.1
v -0.3 2.4 -0.1
v -0.3 2.5 -0.1
v -0.3 2.7 -0.1
v -0.3 2.8 -0.1
v -0.3 2.9 -0.1
v -0.3 3 -0.1
v -0.3 3.1 -0.1
v -0.3 3.3 -0.1
v -0.3 3.4 -0.1
v -0.3 3.5 -0.1
v -0.3 3.6 -0.1
v -0.3 3.7 -0.1
v -0.3 3.8 -0.1
v -0.2 0.2 -0.1
v -0.2 0.3 -0.1
v -0.2 0.4 -0.1
v -0.2 0.5 -0.1
v -0.2 0.6 -0.1
v -0.2 0.7 -0.1
v -0.2 0.8 -0.1
v -0.2 0.9 -0.1
v -0.2 1 -0.1
v -0.2 1.1 -0.1
v -0.2 1.2 -0.1
v -0.2 1.3 -0.1
v -0.2 1.4 -0.1
v -0.2 1.5 -0.1
v -0.2 1.6 -0.1
v -0.2 1.7 -0.1
v -0.2 1.8 -0.1
v -0.2 1.9 -0.1
v -0.2 2 -0.1
v -0.2 2.1 -0.1
v -0.2 2.2 -0.1
v -0.2 2.3 -0.1
v -0.2 2.4 -0.1
v -0.2 2.5 -0.1
v -0.2 2.6 -0.1
v -0.2 2.7 -0.1
v -0.2 2.8 -0.1
v -0.2 3.1 -0.1
v -0.2 3.3 -0.1
v -0.2 3.4 -0.1
v -0.2 3.6 -0.1
v -0.2 3.7 -0.1
v -0.2 3.8 -0.1
v -0.1 0 -0.1
v -0.1 0.1 -0.1
v -0.1 0.3 -0.1
v -0.1 0.4 -0.1
v -0.1 0.5 -0.1
v -0.1 0.6 -0.1
v -0.1 0.7 -0.1
v -0.1 0.8 -0.1
v -0.1 0.9 -0.1
v -0.1 1 -0.1
v -0.1 1.1 -0.1
v -0.1 1.2 -0.1
v -0.1 1.3 -0.1
v -0.1 1.4 -0.1
v -0.1 1.5 -0.1
v -0.1 1.6 -0.1
v -0.1 1.7 -0.1
v -0.1 1.8 -0.1
v -0.1 1.9 -0.1
v -0.1 2 -0.1
v -0.1 2.2 -0.1
v -0.1 2.4 -0.1
v -0.1 2.5 -0.1
v -0.1 2.6 -0.1
v -0.1 2.8 -0.1
v -0.1 2.9 -0.1
v -0.1 3 -0.1
v -0.1 3.1 -0.1
v -0.1 3.2 -0.1
v -0.1 3.3 -0.1
v -0.1 3.4 -0.1
v -0.1 3.5 -0.1
v -0.1 3.6 -0.1
v 0 0.1 -0.1
v 0 0.4 -0.1
v 0 0.5 -0.1
v 0 0.6 -0.1
v 0 0.7 -0.1
v 0 0.8 -0.1
v 0 0.9 -0.1
v 0 1 -0.1
v 0 1.2 -0.1
v 0 1.3 -0.1
v 0 1.5 -0.1
v 0 1.6 -0.1
v 0 1.7 -0.1
v 0 1.8 -0.1
v 0 1.9 -0.1
v 0 2 -0.1
v 0 2.1 -0.1
v 0 2.2 -0.1
v 0 2.3 -0.1
v 0 2.4 -0.1
v 0 2.5 -0.1
v 0 2.6 -0.1
v 0 2.9 -0.1
v 0 3 -0.1
v 0 3.1 -0.1
v 0 3.2 -0.1
v 0 3.3 -0.1
v 0 3.4 -0.1
v 0 3.5 -0.1
v 0 3.6 -0.1
v 0 3.7 -0.1
v 0 3.8 -0.1
v 0.1 0.4 -0.1
v 0.1 0.5 -0.1
v 0.1 1.1 -0.1
v 0.1 1.2 -0.1
v 0.1 1.3 -0.1
v 0.1 1.5 -0.1
v 0.1 1.6 -0.1
v 0.1 1.7 -0.1
v 0.1 1.8 -0.1
v 0.1 1.9 -0.1
v 0.1 2 -0.1
v 0.1 2.1 -0.1
v 0.1 2.2 -0.1
v 0.1 2.3 -0.1
v 0.1 2.4 -0.1
v 0.1 2.6 -0.1
v 0.1 2.9 -0.1
v 0.1 3.1 -0.1
v 0.1 3.2 -0.1
v 0.1 3.3 -0.1
v 0.1 3.4 -0.1
v 0.1 3.5 -0.1
v 0.1 3.6 -0.1
v 0.1 3.7 -0.1
v 0.2 0.5 -0.1
v 0.2 0.6 -0.1
v 0.2 0.7 -0.1
v 0.2 0.8 -0.1
v 0.2 0.9 -0.1
v 0.2 1 -0.1
v 0.2 1.1 -0.1
v 0.2 1.2 -0.1
v 0.2 1.3 -0.1
v 0.2 1.4 -0.1
v 0.2 1.5 -0.1
v 0.2 1.7 -0.1
v 0.2 2 -0.1
v 0.2 2.1 -0.1
v 0.2 2.3 -0.1
v 0.2 2.4 -0.1
v 0.2 2.5 -0.1
v 0.2 2.6 -0.1
v 0.2 2.7 -0.1
v 0.2 2.8 -0.1
v 0.2 2.9 -0.1
v 0.2 3.1 -0.1
v 0.2 3.2 -0.1
v 0.2 3.3 -0.1
v 0.2 3.4 -0.1
v 0.2 3.5 -0.1
v 0.2 3.6 -0.1
v 0.3 0.4 -0.1
v 0.3 0.5 -0.1
v 0.3 0.6 -0.1
v 0.3 0.7 -0.1
v 0.3 0.8 -0.1
v 0.3 0.9 -0.1
v 0.3 1 -0.1
v 0.3 1.1 -0.1
v 0.3 1.2 -0.1
v 0.3 1.3 -0.1
v 0.3 1.4 -0.1
v 0.3 1.7 -0.1
v 0.3 1.8 -0.1
v 0.3 2 -0.1
v 0.3 2.1 -0.1
v 0.3 2.2 -0.1
v 0.3 2.3 -0.1
v 0.3 2.4 -0.1
v 0.3 2.5 -0.1
v 0.3 2.6 -0.1
v 0.3 2.7 -0.1
v 0.3 2.8 -0.1
v 0.3 2.9 -0.1
v 0.3 3 -0.1
v 0.3 3.1 -0.1
v 0.3 3.2 -0.1
v 0.3 3.3 -0.1
v 0.3 3.4 -0.1
v 0.3 3.6 -0.1
v 0.3 3.7 -0.1
v 0.3 3.8 -0.1
v 0.4 0.4 -0.1
v 0.4 0.5 -0.1
v 0.4 0.6 -0.1
v 0.4 0.7 -0.1
v 0.4 0.9 -0.1
v 0.4 1 -0.1
v 0.4 1.3 -0.1
v 0.4 1.4 -0.1
v 0.4 1.6 -0.1
v 0.4 1.8 -0.1
v 0.4 2 -0.1
v 0.4 2.1 -0.1
v 0.4 2.2 -0.1
v 0.4 2.4 -0.1
v 0.4 2.5 -0.1
v 0.4 2.6 -0.1
v 0.4 2.7 -0.1
v 0.4 2.8 -0.1
v 0.4 2.9 -0.1
v 0.4 3 -0.1
v 0.4 3.1 -0.1
v 0.4 3.2 -0.1
v 0.4 3.3 -0.1
v 0.4 3.4 -0.1
v 0.4 3.5 -0.1
v 0.4 3.6 -0.1
v 0.4 3.7 -0.1
v 0.4 3.8 -0.1
v 0.5 0.6 -0.1
v 0.5 0.7 -0.1
v 0.5 1 -0.1
v 0.5 1.2 -0.1
v 0.5 1.3 -0.1
v 0.5 1.5 -0.1
v 0.5 1.6 -0.1
v 0.5 1.8 -0.1
v 0.5 1.9 -0.1
v 0.5 2 -0.1
v 0.5 2.1 -0.1
v 0.5 2.2 -0.1
v 0.5 2.5 -0.1
v 0.5 2.6 -0.1
v 0.5 2.7 -0.1
v 0.5 2.8 -0.1
v 0.5 3 -0.1
v 0.5 3.1 -0.1
v 0.5 3.2 -0.1
v 0.5 3.3 -0.1
v 0.5 3.4 -0.1
v 0.5 3.5 -0.1
v 0.5 3.6 -0.1
v 0.5 3.7 -0.1
v 0.5 3.8 -0.1
v 0.5 3.9 -0.1
v 0.6 0.5 -0.1
v 0.6 0.6 -0.1
v 0.6 0.7 -0.1
v 0.6 0.8 -0.1
v 0.6 0.9 -0.1
v 0.6 1 -0.1
v 0.6 1.2 -0.1
v 0.6 1.3 -0.1
v 0.6 1.4 -0.1
v 0.6 1.5 -0.1
v 0.6 1.6 -0.1
v 0.6 1.7 -0.1
v 0.6 1.8 -0.1
v 0.6 1.9 -0.1
v 0.6 2 -0.1
v 0.6 2.1 -0.1
v 0.6 2.2 -0.1
v 0.6 2.3 -0.1
v 0.6 2.5 -0.1
v 0.6 2.7 -0.1
v 0.6 2.8 -0.1
v 0.6 2.9 -0.1
v 0.6 3 -0.1
v 0.6 3.1 -0.1
v 0.6 3.2 -0.1
v 0.6 3.3 -0.1
v 0.6 3.4 -0.1
v 0.6 3.5 -0.1
v 0.6 3.6 -0.1
v 0.6 3.7 -0.1
v 0.6 3.8 -0.1
v 0.6 3.9 -0.1
v 0.6 4 -0.1
v 0.7 0.4 -0.1
v 0.7 0.5 -0.1
v 0.7 0.6 -0.1
v 0.7 0.7 -0.1
v 0.7 0.8 -0.1
v 0.7 0.9 -0.1
v 0.7 1 -0.1
v 0.7 1.2 -0.1
v 0.7 1.4 -0.1
v 0.7 1.5 -0.1
v 0.7 1.7 -0.1
v 0.7 1.9 -0.1
v 0.7 2 -0.1
v 0.7 2.1 -0.1
v 0.7 2.3 -0.1
v 0.7 2.5 -0.1
v 0.7 2.7 -0.1
v 0.7 2.8 -0.1
v 0.7 2.9 -0.1
v 0.7 3 -0.1
v 0.7 3.1 -0.1
v 0.7 3.2 -0.1
v 0.7 3.3 -0.1
v 0.7 3.4 -0.1
v 0.7 3.5 -0.1
v 0.7 3.6 -0.1
v 0.7 3.7 -0.1
v 0.8 0.6 -0.1
v 0.8 0.7 -0.1
v 0.8 0.8 -0.1
v 0.8 0.9 -0.1
v 0.8 1 -0.1
v 0.8 1.2 -0.1
v 0.8 1.4 -0.1
v 0.8 1.5 -0.1
v 0.8 1.7 -0.1
v 0.8 1.8 -0.1
v 0.8 1.9 -0.1
v 0.8 2 -0.1
v 0.8 2.1 -0.1
v 0.8 2.3 -0.1
v 0.8 2.4 -0.1
v 0.8 2.7 -0.1
v 0.8 2.8 -0.1
v 0.8 3 -0.1
v 0.8 3.1 -0.1
v 0.8 3.2 -0.1
v 0.8 3.3 -0.1
v 0.8 3.4 -0.1
v 0.8 3.5 -0.1
v 0.8 3.6 -0.1
v 0.8 3.8 -0.1
v 0.8 3.9 -0.1
v 0.8 4 -0.1
v 0.9 0.4 -0.1
v 0.9 0.5 -0.1
v 0.9 0.6 -0.1
v 0.9 0.7 -0.1
v 0.9 0.8 -0.1
v 0.9 1 -0.1
v 0.9 1.1 -0.1
v 0.9 1.2 -0.1
v 0.9 1.3 -0.1
v 0.9 1.4 -0.1
v 0.9 1.5 -0.1
v 0.9 1.6 -0.1
v 0.9 1.7 -0.1
v 0.9 1.8 -0.1
v 0.9 1.9 -0.1
v 0.9 2 -0.1
v 0.9 2.1 -0.1
v 0.9 2.3 -0.1
v 0.9 2.4 -0.1
v 0.9 2.6 -0.1
v 0.9 2.7 -0.1
v 0.9 2.9 -0.1
v 0.9 3 -0.1
v 0.9 3.1 -0.1
v 0.9 3.2 -0.1
v 0.9 3.3 -0.1
v 0.9 3.4 -0.1
v 0.9 3.5 -0.1
v 0.9 3.6 -0.1
v 0.9 3.7 -0.1
v 0.9 3.8 -0.1
v 0.9 3.9 -0.1
v 1 0.5 -0.1
v 1 0.6 -0.1
v 1 0.7 -0.1
v 1 0.8 -0.1
v 1 0.9 -0.1
v 1 1 -0.1
v 1 1.1 -0.1
v 1 1.2 -0.1
v 1 1.3 -0.1
v 1 1.4 -0.1
v 1 1.5 -0.1
v 1 1.6 -0.1
v 1 1.7 -0.1
v 1 1.8 -0.1
v 1 1.9 -0.1
v 1 2 -0.1
v 1 2.1 -0.1
v 1 2.2 -0.1
v 1 2.4 -0.1
v 1 2.5 -0.1
v 1 2.6 -0.1
v 1 2.7 -0.1
v 1 3 -0.1
v 1 3.1 -0.1
v 1 3.3 -0.1
v 1 3.4 -0.1
v 1 3.5 -0.1
v 1 3.7 -0.1
v 1 3.8 -0.1
v 1.1 0.4 -0.1
v 1.1 0.5 -0.1
v 1.1 0.6 -0.1
v 1.1 0.7 -0.1
v 1.1 0.9 -0.1
v 1.1 1.1 -0.1
v 1.1 1.2 -0.1
v 1.1 1.3 -0.1
v 1.1 1.4 -0.1
v 1.1 1.5 -0.1
v 1.1 1.6 -0.1
v 1.1 1.7 -0.1
v 1.1 1.8 -0.1
v 1.1 1.9 -0.1
v 1.1 2 -0.1
v 1.1 2.1 -0.1
v 1.1 2.2 -0.1
v 1.1 2.3 -0.1
v 1.1 2.4 -0.1
v 1.1 2.5 -0.1
v 1.1 2.6 -0.1
v 1.1 2.7 -0.1
v 1.1 3.1 -0.1
v 1.1 3.3 -0.1
v 1.1 3.4 -0.1
v 1.1 3.5 -0.1
v 1.2 0.5 -0.1
v 1.2 0.6 -0.1
v 1.2 0.7 -0.1
v 1.2 0.9 -0.1
v 1.2 1.1 -0.1
v 1.2 1.2 -0.1
v 1.2 1.4 -0.1
v 1.2 1.5 -0.1
v 1.2 1.6 -0.1
v 1.2 1.7 -0.1
v 1.2 1.8 -0.1
v 1.2 1.9 -0.1
v 1.2 2 -0.1
v 1.2 2.1 -0.1
v 1.2 2.2 -0.1
v 1.2 2.3 -0.1
v 1.2 2.5 -0.1
v 1.2 3.3 -0.1
v 1.2 3.4 -0.1
v 1.3 0.8 -0.1
v 1.3 0.9 -0.1
v 1.3 1.1 -0.1
v 1.3 1.2 -0.1
v 1.3 1.3 -0.1
v 1.3 1.4 -0.1
v 1.3 1.5 -0.1
v 1.3 1.6 -0.1
v 1.3 1.7 -0.1
v 1.3 1.8 -0.1
v 1.3 1.9 -0.1
v 1.3 2 -0.1
v 1.3 2.1 -0.1
v 1.3 2.2 -0.1
v 1.4 0.6 -0.1
v 1.4 0.7 -0.1
v 1.4 0.8 -0.1
v 1.4 0.9 -0.1
v 1.4 1 -0.1
v 1.4 1.1 -0.1
v 1.4 1.3 -0.1
v 1.4 1.4 -0.1
v 1.4 1.5 -0.1
v 1.4 1.6 -0.1
v 1.4 1.7 -0.1
v 1.4 1.8 -0.1
v 1.4 1.9 -0.1
v 1.4 2 -0.1
v 1.5 0.7 -0.1
v 1.5 0.8 -0.1
v 1.5 0.9 -0.1
v 1.5 1 -0.1
v 1.5 1.1 -0.1
v 1.5 1.2 -0.1
v 1.5 1.3 -0.1
v 1.5 1.4 -0.1
v 1.5 1.5 -0.1
v 1.5 1.6 -0.1
v 1.5 1.7 -0.1
v 1.5 1.9 -0.1
v 1.6 0.8 -0.1
v 1.6 0.9 -0.1
v 1.6 1 -0.1
v 1.6 1.1 -0.1
v 1.6 1.2 -0.1
v 1.6 1.3 -0.1
v 1.6 1.4 -0.1
v 1.6 1.5 -0.1
v 1.6 1.6 -0.1
v 1.6 1.7 -0.1
v 1.7 0.9 -0.1
v 1.7 1 -0.1
v 1.7 1.1 -0.1
v 1.7 1.3 -0.1
v 1.7 1.4 -0.1
v 1.7 1.5 -0.1
v 1.7 1.6 -0.1
v 1.8 1 -0.1
v 1.8 1.2 -0.1
v 1.8 1.3 -0.1
v 1.8 1.4 -0.1
v 1.8 1.5 -0.1
v 1.9 1.2 -0.1
v 1.9 1.4 -0.1
v -0.8 0 0.1
v -0.7 0 0.1
v -0.5 0 0.1
v -0.4 0 0.1
v -0.3 0 0.1
v -0.1 0 0.1
v -0.8 0 -0.1
v -0.7 0 -0.1
v -0.5 0 -0.1
v -0.4 0 -0.1
v -0.3 0 -0.1
v -0.1 0 -0.1
v -0.1 0.1 0.1
v 0 0.1 0.1
v -0.1 0.1 -0.1
v 0 0.1 -0.1
v -1 0.4 0.1
v -0.8 0.4 0.1
v 0 0.4 0.1
v 0.1 0.4 0.1
v 0.3 0.4 0.1
v 0.4 0.4 0.1
v 0.7 0.4 0.1
v 0.9 0.4 0.1
v 1.1 0.4 0.1
v -1 0.4 -0.1
v -0.8 0.4 -0.1
v 0 0.4 -0.1
v 0.1 0.4 -0.1
v 0.3 0.4 -0.1
v 0.4 0.4 -0.1
v 0.7 0.4 -0.1
v 0.9 0.4 -0.1
v 1.1 0.4 -0.1
v -1.1 0.5 0.1
v -1 0.5 0.1
v 0.3 0.5 0.1
v 0.4 0.5 0.1
v 0.7 0.5 0.1
v 0.9 0.5 0.1
v 1.1 0.5 0.1
v 1.2 0.5 0.1
v -1.1 0.5 -0.1
v -1 0.5 -0.1
v 0.3 0.5 -0.1
v 0.4 0.5 -0.1
v 0.7 0.5 -0.1
v 0.9 0.5 -0.1
v 1.1 0.5 -0.1
v 1.2 0.5 -0.1
v -1.2 0.6 0.1
v -1.1 0.6 0.1
v 1.2 0.6 0.1
v 1.4 0.6 0.1
v -1.2 0.6 -0.1
v -1.1 0.6 -0.1
v 1.2 0.6 -0.1
v 1.4 0.6 -0.1
v -1.3 0.7 0.1
v -1.2 0.7 0.1
v 1.4 0.7 0.1
v 1.5 0.7 0.1
v -1.3 0.7 -0.1
v -1.2 0.7 -0.1
v 1.4 0.7 -0.1
v 1.5 0.7 -0.1
v 1.5 0.8 0.1
v 1.6 0.8 0.1
v 1.5 0.8 -0.1
v 1.6 0.8 -0.1
v 1.6 0.9 0.1
v 1.7 0.9 0.1
v 1.6 0.9 -0.1
v 1.7 0.9 -0.1
v 1.7 1 0.1
v 1.8 1 0.1
v 1.7 1 -0.1
v 1.8 1 -0.1
v 1.8 1.2 0.1
v 1.9 1.2 0.1
v 1.8 1.2 -0.1
v 1.9 1.2 -0.1
v -1 1.9 0.1
v -0.9 1.9 0.1
v -1 1.9 -0.1
v -0.9 1.9 -0.1
v -1.1 2 0.1
v -1 2 0.1
v -1.1 2 -0.1
v -1 2 -0.1
v -1.2 2.3 0.1
v -1.1 2.3 0.1
v -1.2 2.3 -0.1
v -1.1 2.3 -0.1
v -1.3 2.5 0.1
v -1.2 2.5 0.1
v -1.3 2.5 -0.1
v -1.2 2.5 -0.1
v -1.5 2.6 0.1
v -1.4 2.6 0.1
v -1.3 2.6 0.1
v -1.5 2.6 -0.1
v -1.4 2.6 -0.1
v -1.3 2.6 -0.1
v 1 3.1 0.1
v 1.1 3.1 0.1
v 1 3.1 -0.1
v 1.1 3.1 -0.1
v 1.1 3.3 0.1
v 1.2 3.3 0.1
v 1.1 3.3 -0.1
v 1.2 3.3 -0.1
v 0.6 3.7 0.1
v 0.7 3.7 0.1
v 0.6 3.7 -0.1
v 0.7 3.7 -0.1
v -1.3 1 0.1
v -1.2 1 0.1
v -1.3 1 -0.1
v -1.2 1 -0.1
v -1.2 1.1 0.1
v -1.1 1.1 0.1
v -1.2 1.1 -0.1
v -1.1 1.1 -0.1
v -1.1 1.4 0.1
v -1 1.4 0.1
v 1.8 1.4 0.1
v 1.9 1.4 0.1
v -1.1 1.4 -0.1
v -1 1.4 -0.1
v 1.8 1.4 -0.1
v 1.9 1.4 -0.1
v 1.7 1.5 0.1
v 1.8 1.5 0.1
v 1.7 1.5 -0.1
v 1.8 1.5 -0.1
v -1 1.6 0.1
v -0.9 1.6 0.1
v 1.6 1.6 0.1
v 1.7 1.6 0.1
v -1 1.6 -0.1
v -0.9 1.6 -0.1
v 1.6 1.6 -0.1
v 1.7 1.6 -0.1
v 1.5 1.7 0.1
v 1.6 1.7 0.1
v 1.5 1.7 -0.1
v 1.6 1.7 -0.1
v 1.4 1.9 0.1
v 1.5 1.9 0.1
v 1.4 1.9 -0.1
v 1.5 1.9 -0.1
v 1.3 2 0.1
v 1.4 2 0.1
v 1.3 2 -0.1
v 1.4 2 -0.1
v 1.2 2.2 0.1
v 1.3 2.2 0.1
v 1.2 2.2 -0.1
v 1.3 2.2 -0.1
v 1.1 2.5 0.1
v 1.2 2.5 0.1
v 1.1 2.5 -0.1
v 1.2 2.5 -0.1
v -1.5 2.7 0.1
v -1.4 2.7 0.1
v 1 2.7 0.1
v 1.1 2.7 0.1
v -1.5 2.7 -0.1
v -1.4 2.7 -0.1
v 1 2.7 -0.1
v 1.1 2.7 -0.1
v -1.4 3.1 0.1
v -1.3 3.1 0.1
v -1.4 3.1 -0.1
v -1.3 3.1 -0.1
v -1.3 3.3 0.1
v -1.2 3.3 0.1
v -1.3 3.3 -0.1
v -1.2 3.3 -0.1
v -1.2 3.4 0.1
v -1.1 3.4 0.1
v 1.1 3.4 0.1
v 1.2 3.4 0.1
v -1.2 3.4 -0.1
v -1.1 3.4 -0.1
v 1.1 3.4 -0.1
v 1.2 3.4 -0.1
v -1.1 3.5 0.1
v -1 3.5 0.1
v 1 3.5 0.1
v 1.1 3.5 0.1
v -1.1 3.5 -0.1
v -1 3.5 -0.1
v 1 3.5 -0.1
v 1.1 3.5 -0.1
v -1 3.6 0.1
v -0.9 3.6 0.1
v 0.6 3.6 0.1
v 0.7 3.6 0.1
v -1 3.6 -0.1
v -0.9 3.6 -0.1
v 0.6 3.6 -0.1
v 0.7 3.6 -0.1
v -0.9 3.7 0.1
v -0.7 3.7 0.1
v 0.3 3.7 0.1
v 0.4 3.7 0.1
v -0.9 3.7 -0.1
v -0.7 3.7 -0.1
v 0.3 3.7 -0.1
v 0.4 3.7 -0.1
v -0.7 3.8 0.1
v -0.5 3.8 0.1
v -0.4 3.8 0.1
v -0.3 3.8 0.1
v -0.2 3.8 0.1
v 0 3.8 0.1
v 0.3 3.8 0.1
v 0.4 3.8 0.1
v 0.5 3.8 0.1
v 0.9 3.8 0.1
v 1 3.8 0.1
v -0.7 3.8 -0.1
v -0.5 3.8 -0.1
v -0.4 3.8 -0.1
v -0.3 3.8 -0.1
v -0.2 3.8 -0.1
v 0 3.8 -0.1
v 0.3 3.8 -0.1
v 0.4 3.8 -0.1
v 0.5 3.8 -0.1
v 0.9 3.8 -0.1
v 1 3.8 -0.1
v 0.5 3.9 0.1
v 0.6 3.9 0.1
v 0.8 3.9 0.1
v 0.9 3.9 0.1
v 0.5 3.9 -0.1
v 0.6 3.9 -0.1
v 0.8 3.9 -0.1
v 0.9 3.9 -0.1
v 0.6 4 0.1
v 0.8 4 0.1
v 0.6 4 -0.1
v 0.8 4 -0.1

# faces
f 3/6/1 2/6/1 1/6/1
f 4/6/1 2/6/1 3/6/1
f 7/6/1 6/6/1 5/6/1
f 8/6/1 6/6/1 7/6/1
f 9/15/1 8/15/1 7/15/1
f 10/15/1 8/15/1 9/15/1
f 13/20/1 12/20/1 11/20/1
f 14/20/1 12/20/1 13/20/1
f 15/13/1 14/13/1 13/13/1
f 16/13/1 14/13/1 15/13/1
f 17/3/1 16/3/1 15/3/1
f 18/3/1 16/3/1 17/3/1
f 21/8/1 20/8/1 19/8/1
f 22/8/1 20/8/1 21/8/1
f 25/15/1 24/15/1 23/15/1
f 26/15/1 24/15/1 25/15/1
f 27/7/1 26/7/1 25/7/1
f 28/7/1 26/7/1 27/7/1
f 31/20/1 30/20/1 29/20/1
f 32/20/1 30/20/1 31/20/1
f 35/13/1 34/13/1 33/13/1
f 36/13/1 34/13/1 35/13/1
f 39/7/1 38/7/1 37/7/1
f 40/7/1 38/7/1 39/7/1
f 43/7/1 42/7/1 41/7/1
f 44/7/1 42/7/1 43/7/1
f 47/19/1 46/19/1 45/19/1
f 48/19/1 46/19/1 47/19/1
f 51/13/1 50/13/1 49/13/1
f 52/13/1 50/13/1 51/13/1
f 53/7/1 52/7/1 51/7/1
f 54/7/1 52/7/1 53/7/1
f 55/15/1 54/15/1 53/15/1
f 56/15/1 54/15/1 55/15/1
f 59/3/1 58/3/1 57/3/1
f 60/3/1 58/3/1 59/3/1
f 61/1/1 60/1/1 59/1/1
f 62/1/1 60/1/1 61/1/1
f 65/15/1 64/15/1 63/15/1
f 66/15/1 64/15/1 65/15/1
f 69/19/1 68/19/1 67/19/1
f 70/19/1 68/19/1 69/19/1
f 73/27/1 72/27/1 71/27/1
f 74/27/1 72/27/1 73/27/1
f 75/7/1 74/7/1 73/7/1
f 76/7/1 74/7/1 75/7/1
f 79/13/1 78/13/1 77/13/1
f 80/13/1 78/13/1 79/13/1
f 83/15/1 82/15/1 81/15/1
f 84/15/1 82/15/1 83/15/1
f 87/7/1 86/7/1 85/7/1
f 88/7/1 86/7/1 87/7/1
f 89/13/1 88/13/1 87/13/1
f 90/13/1 88/13/1 89/13/1
f 93/7/1 92/7/1 91/7/1
f 94/7/1 92/7/1 93/7/1
f 97/20/1 96/20/1 95/20/1
f 98/20/1 96/20/1 97/20/1
f 99/19/1 98/19/1 97/19/1
f 100/19/1 98/19/1 99/19/1
f 101/4/1 100/4/1 99/4/1
f 102/4/1 100/4/1 101/4/1
f 105/7/1 104/7/1 103/7/1
f 106/7/1 104/7/1 105/7/1
f 109/8/1 108/8/1 107/8/1
f 110/8/1 108/8/1 109/8/1
f 113/24/1 112/24/1 111/24/1
f 114/24/1 112/24/1 113/24/1
f 117/27/1 116/27/1 115/27/1
f 118/27/1 116/27/1 117/27/1
f 121/27/1 120/27/1 119/27/1
f 122/27/1 120/27/1 121/27/1
f 125/24/1 124/24/1 123/24/1
f 126/24/1 124/24/1 125/24/1
f 129/8/1 128/8/1 127/8/1
f 130/8/1 128/8/1 129/8/1
f 131/4/2 132/4/2 133/4/2
f 133/4/2 132/4/2 134/4/2
f 135/4/2 136/4/2 137/4/2
f 137/4/2 136/4/2 138/4/2
f 139/8/2 140/8/2 141/8/2
f 141/8/2 140/8/2 142/8/2
f 143/8/2 144/8/2 145/8/2
f 145/8/2 144/8/2 146/8/2
f 147/24/2 148/24/2 149/24/2
f 149/24/2 148/24/2 150/24/2
f 151/8/2 152/8/2 153/8/2
f 153/8/2 152/8/2 154/8/2
f 155/27/2 156/27/2 157/27/2
f 157/27/2 156/27/2 158/27/2
f 159/27/2 160/27/2 161/27/2
f 161/27/2 160/27/2 162/27/2
f 163/8/2 164/8/2 165/8/2
f 165/8/2 164/8/2 166/8/2
f 165/24/2 166/24/2 167/24/2
f 167/24/2 166/24/2 168/24/2
f 169/24/2 170/24/2 171/24/2
f 171/24/2 170/24/2 172/24/2
f 171/27/2 172/27/2 173/27/2
f 173/27/2 172/27/2 174/27/2
f 175/8/2 176/8/2 177/8/2
f 177/8/2 176/8/2 178/8/2
f 179/7/2 180/7/2 181/7/2
f 181/7/2 180/7/2 182/7/2
f 181/8/2 182/8/2 183/8/2
f 183/8/2 182/8/2 184/8/2
f 185/24/2 186/24/2 187/24/2
f 187/24/2 186/24/2 188/24/2
f 189/24/2 190/24/2 191/24/2
f 191/24/2 190/24/2 192/24/2
f 193/8/2 194/8/2 195/8/2
f 195/8/2 194/8/2 196/8/2
f 197/7/2 198/7/2 199/7/2
f 199/7/2 198/7/2 200/7/2
f 199/8/2 200/8/2 201/8/2
f 201/8/2 200/8/2 202/8/2
f 203/24/2 204/24/2 205/24/2
f 205/24/2 204/24/2 206/24/2
f 207/7/2 208/7/2 209/7/2
f 209/7/2 208/7/2 210/7/2
f 209/8/2 210/8/2 211/8/2
f 211/8/2 210/8/2 212/8/2
f 213/8/2 214/8/2 215/8/2
f 215/8/2 214/8/2 216/8/2
f 217/8/2 218/8/2 219/8/2
f 219/8/2 218/8/2 220/8/2
f 221/8/2 222/8/2 223/8/2
f 223/8/2 222/8/2 224/8/2
f 225/8/2 226/8/2 227/8/2
f 227/8/2 226/8/2 228/8/2
f 229/8/2 230/8/2 231/8/2
f 231/8/2 230/8/2 232/8/2
f 233/8/2 234/8/2 235/8/2
f 235/8/2 234/8/2 236/8/2
f 237/8/2 238/8/2 239/8/2
f 239/8/2 238/8/2 240/8/2
f 241/8/2 242/8/2 243/8/2
f 243/8/2 242/8/2 244/8/2
f 245/8/2 246/8/2 247/8/2
f 247/8/2 246/8/2 248/8/2
f 249/8/2 250/8/2 251/8/2
f 251/8/2 250/8/2 252/8/2
f 253/8/2 254/8/2 255/8/2
f 255/8/2 254/8/2 256/8/2
f 259/6/3 258/6/3 257/6/3
f 260/6/3 258/6/3 259/6/3
f 268/15/3 260/15/3 259/15/3
f 269/6/3 261/6/3 260/6/3
f 269/15/3 260/15/3 268/15/3
f 270/15/3 262/15/3 261/15/3
f 270/6/3 261/6/3 269/6/3
f 271/15/3 262/15/3 270/15/3
f 272/15/3 262/15/3 271/15/3
f 276/20/3 264/20/3 263/20/3
f 277/13/3 265/13/3 264/13/3
f 277/20/3 264/20/3 276/20/3
f 278/3/3 266/3/3 265/3/3
f 278/13/3 265/13/3 277/13/3
f 279/3/3 266/3/3 278/3/3
f 282/8/3 268/8/3 267/8/3
f 283/7/3 269/7/3 268/7/3
f 283/7/3 270/7/3 269/7/3
f 283/8/3 268/8/3 282/8/3
f 284/7/3 270/7/3 283/7/3
f 285/15/3 271/15/3 270/15/3
f 285/7/3 270/7/3 284/7/3
f 286/6/3 272/6/3 271/6/3
f 286/15/3 271/15/3 285/15/3
f 287/15/3 273/15/3 272/15/3
f 287/6/3 272/6/3 286/6/3
f 288/7/3 274/7/3 273/7/3
f 288/15/3 273/15/3 287/15/3
f 289/7/3 274/7/3 288/7/3
f 292/20/3 276/20/3 275/20/3
f 293/5/3 277/5/3 276/5/3
f 293/20/3 276/20/3 292/20/3
f 294/2/3 278/2/3 277/2/3
f 294/5/3 277/5/3 293/5/3
f 295/9/3 279/9/3 278/9/3
f 295/2/3 278/2/3 294/2/3
f 296/13/3 280/13/3 279/13/3
f 296/9/3 279/9/3 295/9/3
f 297/13/3 280/13/3 296/13/3
f 303/7/3 282/7/3 281/7/3
f 304/7/3 282/7/3 303/7/3
f 305/15/3 284/15/3 283/15/3
f 305/7/3 282/7/3 304/7/3
f 305/15/3 283/15/3 282/15/3
f 306/15/3 284/15/3 305/15/3
f 307/8/3 285/8/3 284/8/3
f 307/15/3 284/15/3 306/15/3
f 308/7/3 286/7/3 285/7/3
f 308/8/3 285/8/3 307/8/3
f 309/15/3 287/15/3 286/15/3
f 309/7/3 286/7/3 308/7/3
f 310/15/3 287/15/3 309/15/3
f 311/6/3 288/6/3 287/6/3
f 311/15/3 287/15/3 310/15/3
f 312/14/3 289/14/3 288/14/3
f 312/6/3 288/6/3 311/6/3
f 313/7/3 290/7/3 289/7/3
f 313/14/3 289/14/3 312/14/3
f 314/7/3 290/7/3 313/7/3
f 317/19/3 292/19/3 291/19/3
f 317/19/3 293/19/3 292/19/3
f 318/19/3 293/19/3 317/19/3
f 319/4/3 294/4/3 293/4/3
f 319/19/3 293/19/3 318/19/3
f 320/5/3 295/5/3 294/5/3
f 320/4/3 294/4/3 319/4/3
f 321/3/3 296/3/3 295/3/3
f 321/5/3 295/5/3 320/5/3
f 321/3/3 297/3/3 296/3/3
f 322/3/3 297/3/3 321/3/3
f 323/13/3 298/13/3 297/13/3
f 323/3/3 297/3/3 322/3/3
f 324/7/3 299/7/3 298/7/3
f 324/13/3 298/13/3 323/13/3
f 325/15/3 300/15/3 299/15/3
f 325/7/3 299/7/3 324/7/3
f 326/15/3 300/15/3 325/15/3
f 330/3/3 302/3/3 301/3/3
f 331/3/3 302/3/3 330/3/3
f 332/1/3 303/1/3 302/1/3
f 332/3/3 302/3/3 331/3/3
f 333/13/3 304/13/3 303/13/3
f 333/1/3 303/1/3 332/1/3
f 334/8/3 306/8/3 305/8/3
f 334/13/3 304/13/3 333/13/3
f 334/8/3 305/8/3 304/8/3
f 335/8/3 306/8/3 334/8/3
f 336/7/3 307/7/3 306/7/3
f 336/8/3 306/8/3 335/8/3
f 337/15/3 308/15/3 307/15/3
f 337/7/3 307/7/3 336/7/3
f 338/6/3 310/6/3 309/6/3
f 338/15/3 308/15/3 337/15/3
f 338/6/3 309/6/3 308/6/3
f 339/6/3 310/6/3 338/6/3
f 340/14/3 311/14/3 310/14/3
f 340/6/3 310/6/3 339/6/3
f 341/15/3 312/15/3 311/15/3
f 341/14/3 311/14/3 340/14/3
f 342/6/3 314/6/3 313/6/3
f 342/15/3 312/15/3 341/15/3
f 342/6/3 313/6/3 312/6/3
f 343/6/3 314/6/3 342/6/3
f 344/15/3 315/15/3 314/15/3
f 344/6/3 314/6/3 343/6/3
f 345/15/3 315/15/3 344/15/3
f 347/19/3 318/19/3 317/19/3
f 347/19/3 317/19/3 316/19/3
f 348/13/3 319/13/3 318/13/3
f 348/19/3 318/19/3 347/19/3
f 349/19/3 320/19/3 319/19/3
f 349/13/3 319/13/3 348/13/3
f 349/19/3 321/19/3 320/19/3
f 350/19/3 321/19/3 349/19/3
f 351/20/3 322/20/3 321/20/3
f 351/19/3 321/19/3 350/19/3
f 352/5/3 323/5/3 322/5/3
f 352/20/3 322/20/3 351/20/3
f 353/3/3 324/3/3 323/3/3
f 353/5/3 323/5/3 352/5/3
f 354/20/3 325/20/3 324/20/3
f 354/3/3 324/3/3 353/3/3
f 355/27/3 326/27/3 325/27/3
f 355/20/3 325/20/3 354/20/3
f 355/27/3 327/27/3 326/27/3
f 356/27/3 327/27/3 355/27/3
f 357/7/3 328/7/3 327/7/3
f 357/27/3 327/27/3 356/27/3
f 358/7/3 328/7/3 357/7/3
f 360/13/3 330/13/3 329/13/3
f 361/2/3 331/2/3 330/2/3
f 361/13/3 330/13/3 360/13/3
f 362/9/3 332/9/3 331/9/3
f 362/2/3 331/2/3 361/2/3
f 362/9/3 333/9/3 332/9/3
f 362/9/3 334/9/3 333/9/3
f 363/9/3 334/9/3 362/9/3
f 364/3/3 335/3/3 334/3/3
f 364/9/3 334/9/3 363/9/3
f 365/7/3 336/7/3 335/7/3
f 365/3/3 335/3/3 364/3/3
f 366/15/3 337/15/3 336/15/3
f 366/7/3 336/7/3 365/7/3
f 367/6/3 339/6/3 338/6/3
f 367/15/3 337/15/3 366/15/3
f 367/6/3 338/6/3 337/6/3
f 368/15/3 340/15/3 339/15/3
f 368/6/3 339/6/3 367/6/3
f 368/15/3 341/15/3 340/15/3
f 369/15/3 341/15/3 368/15/3
f 370/14/3 343/14/3 342/14/3
f 370/15/3 341/15/3 369/15/3
f 370/14/3 342/14/3 341/14/3
f 371/14/3 343/14/3 370/14/3
f 372/15/3 344/15/3 343/15/3
f 372/14/3 343/14/3 371/14/3
f 373/6/3 345/6/3 344/6/3
f 373/15/3 344/15/3 372/15/3
f 374/15/3 346/15/3 345/15/3
f 374/6/3 345/6/3 373/6/3
f 375/15/3 346/15/3 374/15/3
f 380/19/3 347/19/3 316/19/3
f 381/13/3 348/13/3 347/13/3
f 381/19/3 347/19/3 380/19/3
f 382/19/3 349/19/3 348/19/3
f 382/13/3 348/13/3 381/13/3
f 383/20/3 350/20/3 349/20/3
f 383/19/3 349/19/3 382/19/3
f 384/13/3 351/13/3 350/13/3
f 384/20/3 350/20/3 383/20/3
f 385/19/3 352/19/3 351/19/3
f 385/13/3 351/13/3 384/13/3
f 386/4/3 353/4/3 352/4/3
f 386/19/3 352/19/3 385/19/3
f 387/27/3 354/27/3 353/27/3
f 387/4/3 353/4/3 386/4/3
f 387/27/3 355/27/3 354/27/3
f 388/27/3 355/27/3 387/27/3
f 389/26/3 356/26/3 355/26/3
f 389/27/3 355/27/3 388/27/3
f 390/23/3 357/23/3 356/23/3
f 390/26/3 356/26/3 389/26/3
f 391/27/3 358/27/3 357/27/3
f 391/23/3 357/23/3 390/23/3
f 392/7/3 359/7/3 358/7/3
f 392/27/3 358/27/3 391/27/3
f 393/7/3 359/7/3 392/7/3
f 394/13/3 360/13/3 359/13/3
f 394/7/3 359/7/3 393/7/3
f 395/9/3 361/9/3 360/9/3
f 395/9/3 362/9/3 361/9/3
f 396/10/3 363/10/3 362/10/3
f 396/9/3 362/9/3 395/9/3
f 397/10/3 363/10/3 396/10/3
f 398/9/3 364/9/3 363/9/3
f 398/10/3 363/10/3 397/10/3
f 398/9/3 365/9/3 364/9/3
f 399/9/3 365/9/3 398/9/3
f 400/3/3 366/3/3 365/3/3
f 400/9/3 365/9/3 399/9/3
f 401/5/3 367/5/3 366/5/3
f 401/3/3 366/3/3 400/3/3
f 402/7/3 368/7/3 367/7/3
f 402/5/3 367/5/3 401/5/3
f 403/7/3 368/7/3 402/7/3
f 404/15/3 369/15/3 368/15/3
f 404/7/3 368/7/3 403/7/3
f 405/6/3 371/6/3 370/6/3
f 405/15/3 369/15/3 404/15/3
f 405/6/3 370/6/3 369/6/3
f 406/6/3 371/6/3 405/6/3
f 407/14/3 372/14/3 371/14/3
f 407/6/3 371/6/3 406/6/3
f 408/6/3 373/6/3 372/6/3
f 408/14/3 372/14/3 407/14/3
f 409/15/3 374/15/3 373/15/3
f 409/6/3 373/6/3 408/6/3
f 410/6/3 375/6/3 374/6/3
f 410/15/3 374/15/3 409/15/3
f 411/7/3 376/7/3 375/7/3
f 411/6/3 375/6/3 410/6/3
f 412/20/3 378/20/3 377/20/3
f 413/19/3 379/19/3 378/19/3
f 413/20/3 378/20/3 412/20/3
f 414/19/3 379/19/3 413/19/3
f 415/4/3 380/4/3 379/4/3
f 415/19/3 379/19/3 414/19/3
f 416/19/3 381/19/3 380/19/3
f 416/4/3 380/4/3 415/4/3
f 417/20/3 382/20/3 381/20/3
f 417/19/3 381/19/3 416/19/3
f 417/20/3 383/20/3 382/20/3
f 418/20/3 383/20/3 417/20/3
f 419/13/3 384/13/3 383/13/3
f 419/20/3 383/20/3 418/20/3
f 420/19/3 385/19/3 384/19/3
f 420/13/3 384/13/3 419/13/3
f 421/4/3 386/4/3 385/4/3
f 421/19/3 385/19/3 420/19/3
f 422/27/3 388/27/3 387/27/3
f 422/4/3 386/4/3 421/4/3
f 422/27/3 387/27/3 386/27/3
f 423/27/3 388/27/3 422/27/3
f 424/23/3 389/23/3 388/23/3
f 424/27/3 388/27/3 423/27/3
f 425/27/3 393/27/3 392/27/3
f 425/23/3 389/23/3 424/23/3
f 425/27/3 391/27/3 390/27/3
f 425/27/3 390/27/3 389/27/3
f 425/27/3 392/27/3 391/27/3
f 426/27/3 393/27/3 425/27/3
f 427/27/3 393/27/3 426/27/3
f 428/27/3 393/27/3 427/27/3
f 429/15/3 394/15/3 393/15/3
f 429/27/3 393/27/3 428/27/3
f 430/13/3 360/13/3 394/13/3
f 430/15/3 394/15/3 429/15/3
f 431/9/3 395/9/3 360/9/3
f 431/13/3 360/13/3 430/13/3
f 432/10/3 396/10/3 395/10/3
f 432/9/3 395/9/3 431/9/3
f 433/3/3 397/3/3 396/3/3
f 433/10/3 396/10/3 432/10/3
f 434/5/3 398/5/3 397/5/3
f 434/3/3 397/3/3 433/3/3
f 435/4/3 399/4/3 398/4/3
f 435/5/3 398/5/3 434/5/3
f 436/16/3 400/16/3 399/16/3
f 436/4/3 399/4/3 435/4/3
f 436/16/3 401/16/3 400/16/3
f 437/16/3 401/16/3 436/16/3
f 438/1/3 402/1/3 401/1/3
f 438/16/3 401/16/3 437/16/3
f 439/3/3 403/3/3 402/3/3
f 439/1/3 402/1/3 438/1/3
f 440/5/3 404/5/3 403/5/3
f 440/3/3 403/3/3 439/3/3
f 441/8/3 405/8/3 404/8/3
f 441/5/3 404/5/3 440/5/3
f 442/7/3 406/7/3 405/7/3
f 442/8/3 405/8/3 441/8/3
f 443/15/3 407/15/3 406/15/3
f 443/7/3 406/7/3 442/7/3
f 443/15/3 408/15/3 407/15/3
f 444/14/3 409/14/3 408/14/3
f 444/15/3 408/15/3 443/15/3
f 445/6/3 410/6/3 409/6/3
f 445/14/3 409/14/3 444/14/3
f 446/15/3 411/15/3 410/15/3
f 446/6/3 410/6/3 445/6/3
f 447/7/3 376/7/3 411/7/3
f 447/15/3 411/15/3 446/15/3
f 448/7/3 376/7/3 447/7/3
f 450/1/3 414/1/3 413/1/3
f 450/4/3 413/4/3 412/4/3
f 451/5/3 415/5/3 414/5/3
f 451/1/3 414/1/3 450/1/3
f 452/9/3 416/9/3 415/9/3
f 452/5/3 415/5/3 451/5/3
f 453/20/3 417/20/3 416/20/3
f 453/9/3 416/9/3 452/9/3
f 454/19/3 418/19/3 417/19/3
f 454/20/3 417/20/3 453/20/3
f 455/13/3 419/13/3 418/13/3
f 455/19/3 418/19/3 454/19/3
f 456/20/3 420/20/3 419/20/3
f 456/13/3 419/13/3 455/13/3
f 457/4/3 421/4/3 420/4/3
f 457/20/3 420/20/3 456/20/3
f 458/27/3 422/27/3 421/27/3
f 458/4/3 421/4/3 457/4/3
f 459/26/3 423/26/3 422/26/3
f 459/27/3 422/27/3 458/27/3
f 460/23/3 424/23/3 423/23/3
f 460/26/3 423/26/3 459/26/3
f 461/27/3 425/27/3 424/27/3
f 461/23/3 424/23/3 460/23/3
f 461/27/3 426/27/3 425/27/3
f 462/27/3 426/27/3 461/27/3
f 463/18/3 427/18/3 426/18/3
f 463/27/3 426/27/3 462/27/3
f 464/25/3 428/25/3 427/25/3
f 464/18/3 427/18/3 463/18/3
f 465/27/3 429/27/3 428/27/3
f 465/25/3 428/25/3 464/25/3
f 466/8/3 430/8/3 429/8/3
f 466/27/3 429/27/3 465/27/3
f 467/5/3 431/5/3 430/5/3
f 467/8/3 430/8/3 466/8/3
f 468/1/3 432/1/3 431/1/3
f 468/5/3 431/5/3 467/5/3
f 469/10/3 433/10/3 432/10/3
f 469/1/3 432/1/3 468/1/3
f 470/2/3 434/2/3 433/2/3
f 470/10/3 433/10/3 469/10/3
f 471/3/3 435/3/3 434/3/3
f 471/2/3 434/2/3 470/2/3
f 472/5/3 436/5/3 435/5/3
f 472/3/3 435/3/3 471/3/3
f 473/1/3 437/1/3 436/1/3
f 473/5/3 436/5/3 472/5/3
f 474/16/3 438/16/3 437/16/3
f 474/1/3 437/1/3 473/1/3
f 475/3/3 439/3/3 438/3/3
f 475/16/3 438/16/3 474/16/3
f 476/8/3 441/8/3 440/8/3
f 476/3/3 439/3/3 475/3/3
f 476/8/3 440/8/3 439/8/3
f 477/8/3 441/8/3 476/8/3
f 478/15/3 442/15/3 441/15/3
f 478/8/3 441/8/3 477/8/3
f 479/6/3 443/6/3 442/6/3
f 479/15/3 442/15/3 478/15/3
f 480/14/3 444/14/3 443/14/3
f 481/15/3 445/15/3 444/15/3
f 481/14/3 444/14/3 480/14/3
f 481/15/3 446/15/3 445/15/3
f 482/15/3 446/15/3 481/15/3
f 483/6/3 447/6/3 446/6/3
f 483/15/3 446/15/3 482/15/3
f 484/15/3 448/15/3 447/15/3
f 484/6/3 447/6/3 483/6/3
f 485/4/3 450/4/3 412/4/3
f 486/20/3 451/20/3 450/20/3
f 486/4/3 450/4/3 485/4/3
f 487/5/3 452/5/3 451/5/3
f 487/20/3 451/20/3 486/20/3
f 488/3/3 453/3/3 452/3/3
f 488/5/3 452/5/3 487/5/3
f 489/19/3 454/19/3 453/19/3
f 489/3/3 453/3/3 488/3/3
f 490/13/3 455/13/3 454/13/3
f 490/19/3 454/19/3 489/19/3
f 491/20/3 456/20/3 455/20/3
f 491/13/3 455/13/3 490/13/3
f 492/19/3 458/19/3 457/19/3
f 492/20/3 456/20/3 491/20/3
f 492/19/3 457/19/3 456/19/3
f 493/19/3 458/19/3 492/19/3
f 494/22/3 459/22/3 458/22/3
f 494/19/3 458/19/3 493/19/3
f 495/27/3 460/27/3 459/27/3
f 495/22/3 459/22/3 494/22/3
f 496/23/3 462/23/3 461/23/3
f 496/27/3 460/27/3 495/27/3
f 496/23/3 461/23/3 460/23/3
f 497/23/3 462/23/3 496/23/3
f 498/27/3 463/27/3 462/27/3
f 498/23/3 462/23/3 497/23/3
f 499/17/3 464/17/3 463/17/3
f 499/27/3 463/27/3 498/27/3
f 500/27/3 465/27/3 464/27/3
f 500/17/3 464/17/3 499/17/3
f 501/1/3 466/1/3 465/1/3
f 501/27/3 465/27/3 500/27/3
f 502/5/3 467/5/3 466/5/3
f 502/1/3 466/1/3 501/1/3
f 502/5/3 468/5/3 467/5/3
f 503/5/3 468/5/3 502/5/3
f 504/7/3 469/7/3 468/7/3
f 504/5/3 468/5/3 503/5/3
f 505/1/3 470/1/3 469/1/3
f 505/7/3 469/7/3 504/7/3
f 506/10/3 472/10/3 471/10/3
f 506/1/3 470/1/3 505/1/3
f 506/10/3 471/10/3 470/10/3
f 507/1/3 473/1/3 472/1/3
f 507/10/3 472/10/3 506/10/3
f 508/16/3 474/16/3 473/16/3
f 508/1/3 473/1/3 507/1/3
f 509/8/3 475/8/3 474/8/3
f 509/16/3 474/16/3 508/16/3
f 509/8/3 476/8/3 475/8/3
f 510/13/3 477/13/3 476/13/3
f 510/8/3 476/8/3 509/8/3
f 511/7/3 478/7/3 477/7/3
f 511/13/3 477/13/3 510/13/3
f 512/13/3 479/13/3 478/13/3
f 512/7/3 478/7/3 511/7/3
f 513/6/3 443/6/3 479/6/3
f 513/13/3 479/13/3 512/13/3
f 514/14/3 480/14/3 443/14/3
f 514/6/3 443/6/3 513/6/3
f 515/6/3 481/6/3 480/6/3
f 515/14/3 480/14/3 514/14/3
f 516/14/3 482/14/3 481/14/3
f 516/6/3 481/6/3 515/6/3
f 517/6/3 483/6/3 482/6/3
f 517/14/3 482/14/3 516/14/3
f 518/15/3 484/15/3 483/15/3
f 518/15/3 448/15/3 484/15/3
f 519/7/3 449/7/3 448/7/3
f 519/15/3 448/15/3 518/15/3
f 520/7/3 449/7/3 519/7/3
f 521/20/3 486/20/3 485/20/3
f 522/4/3 487/4/3 486/4/3
f 522/20/3 486/20/3 521/20/3
f 523/19/3 488/19/3 487/19/3
f 523/4/3 487/4/3 522/4/3
f 524/4/3 490/4/3 489/4/3
f 524/19/3 488/19/3 523/19/3
f 524/4/3 489/4/3 488/4/3
f 525/4/3 490/4/3 524/4/3
f 526/19/3 491/19/3 490/19/3
f 526/4/3 490/4/3 525/4/3
f 526/19/3 492/19/3 491/19/3
f 527/19/3 492/19/3 526/19/3
f 528/20/3 493/20/3 492/20/3
f 528/19/3 492/19/3 527/19/3
f 529/19/3 494/19/3 493/19/3
f 529/20/3 493/20/3 528/20/3
f 530/27/3 495/27/3 494/27/3
f 530/19/3 494/19/3 529/19/3
f 530/27/3 496/27/3 495/27/3
f 531/27/3 496/27/3 530/27/3
f 532/26/3 497/26/3 496/26/3
f 532/27/3 496/27/3 531/27/3
f 533/27/3 498/27/3 497/27/3
f 533/26/3 497/26/3 532/26/3
f 534/23/3 499/23/3 498/23/3
f 534/27/3 498/27/3 533/27/3
f 535/27/3 500/27/3 499/27/3
f 535/23/3 499/23/3 534/23/3
f 536/11/3 501/11/3 500/11/3
f 536/27/3 500/27/3 535/27/3
f 536/11/3 502/11/3 501/11/3
f 537/11/3 502/11/3 536/11/3
f 538/5/3 503/5/3 502/5/3
f 538/11/3 502/11/3 537/11/3
f 539/7/3 504/7/3 503/7/3
f 539/5/3 503/5/3 538/5/3
f 540/6/3 505/6/3 504/6/3
f 540/7/3 504/7/3 539/7/3
f 541/7/3 506/7/3 505/7/3
f 541/6/3 505/6/3 540/6/3
f 541/7/3 507/7/3 506/7/3
f 542/7/3 507/7/3 541/7/3
f 543/8/3 509/8/3 508/8/3
f 543/7/3 507/7/3 542/7/3
f 543/8/3 508/8/3 507/8/3
f 544/7/3 510/7/3 509/7/3
f 544/8/3 509/8/3 543/8/3
f 545/5/3 511/5/3 510/5/3
f 545/7/3 510/7/3 544/7/3
f 546/5/3 513/5/3 512/5/3
f 546/15/3 512/15/3 511/15/3
f 547/6/3 515/6/3 514/6/3
f 547/5/3 513/5/3 546/5/3
f 547/6/3 514/6/3 513/6/3
f 548/6/3 515/6/3 547/6/3
f 549/14/3 516/14/3 515/14/3
f 549/6/3 515/6/3 548/6/3
f 550/6/3 517/6/3 516/6/3
f 550/14/3 516/14/3 549/14/3
f 551/15/3 518/15/3 483/15/3
f 551/6/3 517/6/3 550/6/3
f 551/6/3 483/6/3 517/6/3
f 552/15/3 520/15/3 519/15/3
f 552/6/3 519/6/3 518/6/3
f 553/15/3 520/15/3 552/15/3
f 554/19/3 522/19/3 521/19/3
f 555/1/3 523/1/3 522/1/3
f 555/19/3 522/19/3 554/19/3
f 556/5/3 524/5/3 523/5/3
f 556/1/3 523/1/3 555/1/3
f 557/9/3 525/9/3 524/9/3
f 557/5/3 524/5/3 556/5/3
f 558/19/3 526/19/3 525/19/3
f 558/9/3 525/9/3 557/9/3
f 559/4/3 527/4/3 526/4/3
f 559/19/3 526/19/3 558/19/3
f 560/20/3 528/20/3 527/20/3
f 560/4/3 527/4/3 559/4/3
f 561/19/3 529/19/3 528/19/3
f 561/20/3 528/20/3 560/20/3
f 562/4/3 530/4/3 529/4/3
f 562/19/3 529/19/3 561/19/3
f 563/27/3 531/27/3 530/27/3
f 563/4/3 530/4/3 562/4/3
f 564/22/3 532/22/3 531/22/3
f 564/27/3 531/27/3 563/27/3
f 565/27/3 533/27/3 532/27/3
f 565/22/3 532/22/3 564/22/3
f 566/23/3 534/23/3 533/23/3
f 566/27/3 533/27/3 565/27/3
f 567/27/3 535/27/3 534/27/3
f 567/23/3 534/23/3 566/23/3
f 568/23/3 536/23/3 535/23/3
f 568/27/3 535/27/3 567/27/3
f 569/27/3 537/27/3 536/27/3
f 569/23/3 536/23/3 568/23/3
f 570/11/3 538/11/3 537/11/3
f 570/27/3 537/27/3 569/27/3
f 571/12/3 539/12/3 538/12/3
f 571/11/3 538/11/3 570/11/3
f 572/8/3 540/8/3 539/8/3
f 572/12/3 539/12/3 571/12/3
f 573/7/3 541/7/3 540/7/3
f 573/8/3 540/8/3 572/8/3
f 574/6/3 542/6/3 541/6/3
f 574/7/3 541/7/3 573/7/3
f 575/14/3 543/14/3 542/14/3
f 575/6/3 542/6/3 574/6/3
f 576/7/3 544/7/3 543/7/3
f 576/14/3 543/14/3 575/14/3
f 577/7/3 544/7/3 576/7/3
f 578/6/3 545/6/3 544/6/3
f 578/7/3 544/7/3 577/7/3
f 579/5/3 511/5/3 545/5/3
f 579/6/3 545/6/3 578/6/3
f 580/15/3 546/15/3 511/15/3
f 580/5/3 511/5/3 579/5/3
f 581/13/3 547/13/3 546/13/3
f 581/15/3 546/15/3 580/15/3
f 582/15/3 548/15/3 547/15/3
f 582/13/3 547/13/3 581/13/3
f 583/6/3 550/6/3 549/6/3
f 583/15/3 548/15/3 582/15/3
f 583/6/3 549/6/3 548/6/3
f 584/15/3 551/15/3 550/15/3
f 584/6/3 550/6/3 583/6/3
f 585/15/3 551/15/3 584/15/3
f 586/15/3 518/15/3 551/15/3
f 586/15/3 551/15/3 585/15/3
f 587/6/3 552/6/3 518/6/3
f 587/15/3 518/15/3 586/15/3
f 587/6/3 553/6/3 552/6/3
f 588/6/3 553/6/3 587/6/3
f 589/6/3 553/6/3 588/6/3
f 590/19/3 556/19/3 555/19/3
f 590/5/3 557/5/3 556/5/3
f 591/10/3 558/10/3 557/10/3
f 591/5/3 557/5/3 590/5/3
f 592/4/3 559/4/3 558/4/3
f 592/10/3 558/10/3 591/10/3
f 593/20/3 560/20/3 559/20/3
f 593/4/3 559/4/3 592/4/3
f 594/19/3 563/19/3 562/19/3
f 594/20/3 560/20/3 593/20/3
f 594/19/3 562/19/3 561/19/3
f 594/19/3 561/19/3 560/19/3
f 595/19/3 563/19/3 594/19/3
f 596/19/3 563/19/3 595/19/3
f 597/20/3 564/20/3 563/20/3
f 597/19/3 563/19/3 596/19/3
f 598/27/3 565/27/3 564/27/3
f 598/20/3 564/20/3 597/20/3
f 599/26/3 566/26/3 565/26/3
f 599/27/3 565/27/3 598/27/3
f 600/27/3 567/27/3 566/27/3
f 600/26/3 566/26/3 599/26/3
f 601/23/3 568/23/3 567/23/3
f 601/27/3 567/27/3 600/27/3
f 602/27/3 569/27/3 568/27/3
f 602/23/3 568/23/3 601/23/3
f 603/23/3 570/23/3 569/23/3
f 603/27/3 569/27/3 602/27/3
f 604/27/3 571/27/3 570/27/3
f 604/23/3 570/23/3 603/23/3
f 605/12/3 573/12/3 572/12/3
f 605/27/3 571/27/3 604/27/3
f 605/12/3 572/12/3 571/12/3
f 606/12/3 573/12/3 605/12/3
f 607/7/3 574/7/3 573/7/3
f 607/12/3 573/12/3 606/12/3
f 607/7/3 575/7/3 574/7/3
f 608/7/3 575/7/3 607/7/3
f 609/6/3 576/6/3 575/6/3
f 609/7/3 575/7/3 608/7/3
f 610/6/3 576/6/3 609/6/3
f 611/7/3 577/7/3 576/7/3
f 611/6/3 576/6/3 610/6/3
f 612/6/3 578/6/3 577/6/3
f 612/7/3 577/7/3 611/7/3
f 613/7/3 579/7/3 578/7/3
f 613/6/3 578/6/3 612/6/3
f 614/7/3 579/7/3 613/7/3
f 615/15/3 580/15/3 579/15/3
f 615/7/3 579/7/3 614/7/3
f 616/7/3 582/7/3 581/7/3
f 616/15/3 580/15/3 615/15/3
f 616/7/3 581/7/3 580/7/3
f 616/7/3 583/7/3 582/7/3
f 617/15/3 584/15/3 583/15/3
f 617/7/3 583/7/3 616/7/3
f 618/14/3 585/14/3 584/14/3
f 618/15/3 584/15/3 617/15/3
f 619/15/3 586/15/3 585/15/3
f 619/14/3 585/14/3 618/14/3
f 620/6/3 588/6/3 587/6/3
f 620/6/3 587/6/3 586/6/3
f 621/15/3 589/15/3 588/15/3
f 621/6/3 588/6/3 620/6/3
f 622/15/3 589/15/3 621/15/3
f 623/4/3 555/4/3 554/4/3
f 624/19/3 590/19/3 555/19/3
f 624/4/3 555/4/3 623/4/3
f 624/19/3 591/19/3 590/19/3
f 625/3/3 592/3/3 591/3/3
f 625/19/3 591/19/3 624/19/3
f 626/4/3 593/4/3 592/4/3
f 626/3/3 592/3/3 625/3/3
f 627/19/3 594/19/3 593/19/3
f 627/4/3 593/4/3 626/4/3
f 628/20/3 595/20/3 594/20/3
f 628/19/3 594/19/3 627/19/3
f 629/19/3 596/19/3 595/19/3
f 629/20/3 595/20/3 628/20/3
f 630/20/3 597/20/3 596/20/3
f 630/19/3 596/19/3 629/19/3
f 631/4/3 598/4/3 597/4/3
f 631/20/3 597/20/3 630/20/3
f 632/20/3 599/20/3 598/20/3
f 632/4/3 598/4/3 631/4/3
f 633/27/3 600/27/3 599/27/3
f 633/20/3 599/20/3 632/20/3
f 634/26/3 601/26/3 600/26/3
f 634/27/3 600/27/3 633/27/3
f 634/26/3 602/26/3 601/26/3
f 635/26/3 602/26/3 634/26/3
f 636/23/3 603/23/3 602/23/3
f 636/26/3 602/26/3 635/26/3
f 637/26/3 604/26/3 603/26/3
f 637/23/3 603/23/3 636/23/3
f 637/26/3 605/26/3 604/26/3
f 638/26/3 605/26/3 637/26/3
f 639/24/3 606/24/3 605/24/3
f 639/26/3 605/26/3 638/26/3
f 640/8/3 608/8/3 607/8/3
f 640/24/3 606/24/3 639/24/3
f 640/8/3 607/8/3 606/8/3
f 641/8/3 608/8/3 640/8/3
f 642/15/3 610/15/3 609/15/3
f 642/8/3 608/8/3 641/8/3
f 642/15/3 609/15/3 608/15/3
f 643/6/3 611/6/3 610/6/3
f 643/15/3 610/15/3 642/15/3
f 643/6/3 612/6/3 611/6/3
f 644/7/3 613/7/3 612/7/3
f 644/6/3 612/6/3 643/6/3
f 645/6/3 614/6/3 613/6/3
f 645/7/3 613/7/3 644/7/3
f 646/14/3 615/14/3 614/14/3
f 646/6/3 614/6/3 645/6/3
f 646/14/3 616/14/3 615/14/3
f 647/6/3 617/6/3 616/6/3
f 647/14/3 616/14/3 646/14/3
f 648/6/3 617/6/3 647/6/3
f 649/6/3 617/6/3 648/6/3
f 650/14/3 618/14/3 617/14/3
f 650/6/3 617/6/3 649/6/3
f 651/14/3 618/14/3 650/14/3
f 652/6/3 619/6/3 618/6/3
f 652/14/3 618/14/3 651/14/3
f 653/15/3 586/15/3 619/15/3
f 653/6/3 619/6/3 652/6/3
f 654/6/3 620/6/3 586/6/3
f 654/15/3 586/15/3 653/15/3
f 655/15/3 621/15/3 620/15/3
f 655/6/3 620/6/3 654/6/3
f 656/4/3 625/4/3 624/4/3
f 656/4/3 627/4/3 626/4/3
f 656/4/3 626/4/3 625/4/3
f 657/4/3 627/4/3 656/4/3
f 658/20/3 628/20/3 627/20/3
f 658/4/3 627/4/3 657/4/3
f 659/4/3 629/4/3 628/4/3
f 659/20/3 628/20/3 658/20/3
f 660/20/3 630/20/3 629/20/3
f 660/4/3 629/4/3 659/4/3
f 661/3/3 631/3/3 630/3/3
f 661/20/3 630/20/3 660/20/3
f 662/13/3 632/13/3 631/13/3
f 662/3/3 631/3/3 661/3/3
f 663/3/3 633/3/3 632/3/3
f 663/13/3 632/13/3 662/13/3
f 664/27/3 635/27/3 634/27/3
f 664/5/3 634/5/3 633/5/3
f 665/26/3 636/26/3 635/26/3
f 665/27/3 635/27/3 664/27/3
f 665/26/3 638/26/3 637/26/3
f 665/26/3 637/26/3 636/26/3
f 666/26/3 638/26/3 665/26/3
f 667/24/3 639/24/3 638/24/3
f 667/26/3 638/26/3 666/26/3
f 668/8/3 640/8/3 639/8/3
f 668/24/3 639/24/3 667/24/3
f 669/7/3 641/7/3 640/7/3
f 669/8/3 640/8/3 668/8/3
f 670/8/3 643/8/3 642/8/3
f 670/7/3 641/7/3 669/7/3
f 670/8/3 642/8/3 641/8/3
f 671/8/3 643/8/3 670/8/3
f 672/8/3 643/8/3 671/8/3
f 673/7/3 644/7/3 643/7/3
f 673/8/3 643/8/3 672/8/3
f 674/7/3 644/7/3 673/7/3
f 675/15/3 645/15/3 644/15/3
f 675/7/3 644/7/3 674/7/3
f 675/15/3 646/15/3 645/15/3
f 676/15/3 646/15/3 675/15/3
f 677/6/3 647/6/3 646/6/3
f 677/15/3 646/15/3 676/15/3
f 677/6/3 648/6/3 647/6/3
f 678/15/3 649/15/3 648/15/3
f 678/6/3 648/6/3 677/6/3
f 679/14/3 650/14/3 649/14/3
f 679/15/3 649/15/3 678/15/3
f 680/6/3 651/6/3 650/6/3
f 680/14/3 650/14/3 679/14/3
f 681/14/3 652/14/3 651/14/3
f 681/6/3 651/6/3 680/6/3
f 682/15/3 653/15/3 652/15/3
f 682/14/3 652/14/3 681/14/3
f 683/6/3 654/6/3 653/6/3
f 683/15/3 653/15/3 682/15/3
f 684/15/3 655/15/3 654/15/3
f 684/6/3 654/6/3 683/6/3
f 685/15/3 621/15/3 655/15/3
f 685/15/3 655/15/3 684/15/3
f 686/7/3 622/7/3 621/7/3
f 686/15/3 621/15/3 685/15/3
f 687/7/3 622/7/3 686/7/3
f 688/4/3 659/4/3 658/4/3
f 688/4/3 658/4/3 657/4/3
f 689/4/3 659/4/3 688/4/3
f 690/3/3 633/3/3 663/3/3
f 690/5/3 664/5/3 633/5/3
f 691/24/3 665/24/3 664/24/3
f 691/5/3 664/5/3 690/5/3
f 692/26/3 666/26/3 665/26/3
f 692/24/3 665/24/3 691/24/3
f 693/24/3 667/24/3 666/24/3
f 693/26/3 666/26/3 692/26/3
f 694/8/3 668/8/3 667/8/3
f 694/24/3 667/24/3 693/24/3
f 695/7/3 669/7/3 668/7/3
f 695/8/3 668/8/3 694/8/3
f 696/8/3 670/8/3 669/8/3
f 696/7/3 669/7/3 695/7/3
f 697/7/3 671/7/3 670/7/3
f 697/8/3 670/8/3 696/8/3
f 698/8/3 672/8/3 671/8/3
f 698/7/3 671/7/3 697/7/3
f 699/10/3 673/10/3 672/10/3
f 699/8/3 672/8/3 698/8/3
f 700/2/3 674/2/3 673/2/3
f 700/10/3 673/10/3 699/10/3
f 701/13/3 675/13/3 674/13/3
f 701/2/3 674/2/3 700/2/3
f 702/8/3 676/8/3 675/8/3
f 702/13/3 675/13/3 701/13/3
f 703/15/3 678/15/3 677/15/3
f 703/7/3 677/7/3 676/7/3
f 704/6/3 680/6/3 679/6/3
f 704/15/3 678/15/3 703/15/3
f 704/6/3 679/6/3 678/6/3
f 705/7/3 681/7/3 680/7/3
f 705/6/3 680/6/3 704/6/3
f 706/15/3 682/15/3 681/15/3
f 706/7/3 681/7/3 705/7/3
f 707/6/3 683/6/3 682/6/3
f 707/15/3 682/15/3 706/15/3
f 708/15/3 684/15/3 683/15/3
f 708/6/3 683/6/3 707/6/3
f 709/7/3 685/7/3 684/7/3
f 709/15/3 684/15/3 708/15/3
f 710/15/3 686/15/3 685/15/3
f 710/7/3 685/7/3 709/7/3
f 711/8/3 687/8/3 686/8/3
f 711/15/3 686/15/3 710/15/3
f 712/4/3 659/4/3 689/4/3
f 712/8/3 689/8/3 688/8/3
f 713/5/3 660/5/3 659/5/3
f 713/4/3 659/4/3 712/4/3
f 714/9/3 661/9/3 660/9/3
f 714/5/3 660/5/3 713/5/3
f 715/13/3 662/13/3 661/13/3
f 715/9/3 661/9/3 714/9/3
f 716/2/3 663/2/3 662/2/3
f 716/13/3 662/13/3 715/13/3
f 717/3/3 690/3/3 663/3/3
f 717/2/3 663/2/3 716/2/3
f 718/13/3 691/13/3 690/13/3
f 718/3/3 690/3/3 717/3/3
f 719/20/3 692/20/3 691/20/3
f 719/13/3 691/13/3 718/13/3
f 720/24/3 693/24/3 692/24/3
f 720/20/3 692/20/3 719/20/3
f 721/24/3 693/24/3 720/24/3
f 722/7/3 694/7/3 693/7/3
f 722/24/3 693/24/3 721/24/3
f 722/7/3 695/7/3 694/7/3
f 723/8/3 697/8/3 696/8/3
f 723/7/3 695/7/3 722/7/3
f 723/8/3 698/8/3 697/8/3
f 723/8/3 696/8/3 695/8/3
f 724/28/3 699/28/3 698/28/3
f 724/8/3 698/8/3 723/8/3
f 725/8/3 701/8/3 700/8/3
f 725/28/3 699/28/3 724/28/3
f 725/8/3 702/8/3 701/8/3
f 725/8/3 700/8/3 699/8/3
f 726/8/3 702/8/3 725/8/3
f 727/8/3 676/8/3 702/8/3
f 727/8/3 702/8/3 726/8/3
f 728/7/3 703/7/3 676/7/3
f 728/8/3 676/8/3 727/8/3
f 728/7/3 705/7/3 704/7/3
f 728/7/3 704/7/3 703/7/3
f 729/7/3 705/7/3 728/7/3
f 730/7/3 705/7/3 729/7/3
f 731/7/3 705/7/3 730/7/3
f 732/7/3 705/7/3 731/7/3
f 733/6/3 706/6/3 705/6/3
f 733/7/3 705/7/3 732/7/3
f 734/14/3 707/14/3 706/14/3
f 734/6/3 706/6/3 733/6/3
f 735/6/3 708/6/3 707/6/3
f 735/14/3 707/14/3 734/14/3
f 736/7/3 709/7/3 708/7/3
f 736/6/3 708/6/3 735/6/3
f 737/15/3 710/15/3 709/15/3
f 737/7/3 709/7/3 736/7/3
f 738/7/3 711/7/3 710/7/3
f 738/15/3 710/15/3 737/15/3
f 739/8/3 712/8/3 688/8/3
f 740/7/3 713/7/3 712/7/3
f 740/8/3 712/8/3 739/8/3
f 741/20/3 714/20/3 713/20/3
f 741/7/3 713/7/3 740/7/3
f 742/3/3 715/3/3 714/3/3
f 742/20/3 714/20/3 741/20/3
f 743/2/3 716/2/3 715/2/3
f 743/3/3 715/3/3 742/3/3
f 744/3/3 717/3/3 716/3/3
f 744/2/3 716/2/3 743/2/3
f 745/5/3 718/5/3 717/5/3
f 745/3/3 717/3/3 744/3/3
f 746/20/3 719/20/3 718/20/3
f 746/5/3 718/5/3 745/5/3
f 747/8/3 720/8/3 719/8/3
f 747/20/3 719/20/3 746/20/3
f 748/7/3 721/7/3 720/7/3
f 748/8/3 720/8/3 747/8/3
f 749/8/3 723/8/3 722/8/3
f 749/7/3 721/7/3 748/7/3
f 749/8/3 722/8/3 721/8/3
f 750/7/3 724/7/3 723/7/3
f 750/8/3 723/8/3 749/8/3
f 751/7/3 724/7/3 750/7/3
f 752/8/3 725/8/3 724/8/3
f 752/7/3 724/7/3 751/7/3
f 753/7/3 726/7/3 725/7/3
f 753/8/3 725/8/3 752/8/3
f 754/7/3 726/7/3 753/7/3
f 755/8/3 727/8/3 726/8/3
f 755/7/3 726/7/3 754/7/3
f 756/7/3 728/7/3 727/7/3
f 756/8/3 727/8/3 755/8/3
f 757/8/3 729/8/3 728/8/3
f 757/7/3 728/7/3 756/7/3
f 758/7/3 730/7/3 729/7/3
f 758/8/3 729/8/3 757/8/3
f 759/15/3 731/15/3 730/15/3
f 759/7/3 730/7/3 758/7/3
f 760/7/3 732/7/3 731/7/3
f 760/15/3 731/15/3 759/15/3
f 761/6/3 733/6/3 732/6/3
f 761/7/3 732/7/3 760/7/3
f 761/6/3 735/6/3 734/6/3
f 761/6/3 734/6/3 733/6/3
f 762/6/3 735/6/3 761/6/3
f 763/6/3 735/6/3 762/6/3
f 764/6/3 735/6/3 763/6/3
f 765/15/3 736/15/3 735/15/3
f 765/6/3 735/6/3 764/6/3
f 766/8/3 737/8/3 736/8/3
f 766/15/3 736/15/3 765/15/3
f 767/7/3 738/7/3 737/7/3
f 767/7/3 711/7/3 738/7/3
f 768/8/3 687/8/3 711/8/3
f 768/7/3 711/7/3 767/7/3
f 769/8/3 687/8/3 768/8/3
f 771/8/3 741/8/3 740/8/3
f 772/7/3 742/7/3 741/7/3
f 772/8/3 741/8/3 771/8/3
f 773/20/3 743/20/3 742/20/3
f 773/7/3 742/7/3 772/7/3
f 773/20/3 744/20/3 743/20/3
f 774/5/3 745/5/3 744/5/3
f 774/20/3 744/20/3 773/20/3
f 775/7/3 748/7/3 747/7/3
f 775/5/3 745/5/3 774/5/3
f 775/7/3 747/7/3 746/7/3
f 775/7/3 746/7/3 745/7/3
f 776/8/3 749/8/3 748/8/3
f 776/7/3 748/7/3 775/7/3
f 777/7/3 751/7/3 750/7/3
f 777/8/3 749/8/3 776/8/3
f 777/7/3 750/7/3 749/7/3
f 778/7/3 751/7/3 777/7/3
f 779/8/3 752/8/3 751/8/3
f 779/7/3 751/7/3 778/7/3
f 780/7/3 753/7/3 752/7/3
f 780/8/3 752/8/3 779/8/3
f 780/7/3 754/7/3 753/7/3
f 781/7/3 754/7/3 780/7/3
f 782/15/3 755/15/3 754/15/3
f 782/7/3 754/7/3 781/7/3
f 782/15/3 756/15/3 755/15/3
f 783/8/3 757/8/3 756/8/3
f 783/15/3 756/15/3 782/15/3
f 784/7/3 758/7/3 757/7/3
f 784/8/3 757/8/3 783/8/3
f 785/15/3 759/15/3 758/15/3
f 785/7/3 758/7/3 784/7/3
f 786/6/3 760/6/3 759/6/3
f 786/15/3 759/15/3 785/15/3
f 786/6/3 761/6/3 760/6/3
f 787/6/3 761/6/3 786/6/3
f 788/7/3 762/7/3 761/7/3
f 788/6/3 761/6/3 787/6/3
f 789/15/3 763/15/3 762/15/3
f 789/7/3 762/7/3 788/7/3
f 790/6/3 764/6/3 763/6/3
f 790/15/3 763/15/3 789/15/3
f 791/15/3 765/15/3 764/15/3
f 791/6/3 764/6/3 790/6/3
f 792/7/3 766/7/3 765/7/3
f 792/15/3 765/15/3 791/15/3
f 793/8/3 737/8/3 766/8/3
f 793/7/3 766/7/3 792/7/3
f 794/7/3 767/7/3 737/7/3
f 794/8/3 737/8/3 793/8/3
f 795/24/3 768/24/3 767/24/3
f 795/7/3 767/7/3 794/7/3
f 796/24/3 768/24/3 795/24/3
f 798/7/3 772/7/3 771/7/3
f 798/8/3 773/8/3 772/8/3
f 799/7/3 774/7/3 773/7/3
f 799/8/3 773/8/3 798/8/3
f 799/7/3 775/7/3 774/7/3
f 800/8/3 776/8/3 775/8/3
f 800/7/3 775/7/3 799/7/3
f 801/8/3 776/8/3 800/8/3
f 802/7/3 777/7/3 776/7/3
f 802/8/3 776/8/3 801/8/3
f 802/7/3 778/7/3 777/7/3
f 803/7/3 778/7/3 802/7/3
f 804/8/3 779/8/3 778/8/3
f 804/7/3 778/7/3 803/7/3
f 805/7/3 781/7/3 780/7/3
f 805/8/3 779/8/3 804/8/3
f 805/7/3 780/7/3 779/7/3
f 806/7/3 781/7/3 805/7/3
f 807/7/3 781/7/3 806/7/3
f 808/15/3 782/15/3 781/15/3
f 808/7/3 781/7/3 807/7/3
f 809/7/3 784/7/3 783/7/3
f 809/15/3 782/15/3 808/15/3
f 809/7/3 783/7/3 782/7/3
f 810/8/3 785/8/3 784/8/3
f 810/7/3 784/7/3 809/7/3
f 811/7/3 786/7/3 785/7/3
f 811/8/3 785/8/3 810/8/3
f 812/15/3 787/15/3 786/15/3
f 812/7/3 786/7/3 811/7/3
f 813/6/3 789/6/3 788/6/3
f 813/15/3 787/15/3 812/15/3
f 813/6/3 788/6/3 787/6/3
f 814/7/3 790/7/3 789/7/3
f 814/6/3 789/6/3 813/6/3
f 815/15/3 792/15/3 791/15/3
f 815/7/3 790/7/3 814/7/3
f 815/15/3 791/15/3 790/15/3
f 816/15/3 792/15/3 815/15/3
f 817/8/3 793/8/3 792/8/3
f 817/15/3 792/15/3 816/15/3
f 818/22/3 794/22/3 793/22/3
f 818/8/3 793/8/3 817/8/3
f 819/24/3 795/24/3 794/24/3
f 819/22/3 794/22/3 818/22/3
f 820/21/3 796/21/3 795/21/3
f 820/24/3 795/24/3 819/24/3
f 821/24/3 797/24/3 796/24/3
f 821/21/3 796/21/3 820/21/3
f 822/24/3 797/24/3 821/24/3
f 824/7/3 798/7/3 771/7/3
f 824/8/3 771/8/3 770/8/3
f 824/7/3 799/7/3 798/7/3
f 825/7/3 799/7/3 824/7/3
f 826/8/3 800/8/3 799/8/3
f 826/7/3 799/7/3 825/7/3
f 827/8/3 800/8/3 826/8/3
f 828/8/3 800/8/3 827/8/3
f 829/15/3 801/15/3 800/15/3
f 829/8/3 800/8/3 828/8/3
f 830/7/3 802/7/3 801/7/3
f 830/15/3 801/15/3 829/15/3
f 831/8/3 803/8/3 802/8/3
f 831/7/3 802/7/3 830/7/3
f 832/8/3 803/8/3 831/8/3
f 833/15/3 804/15/3 803/15/3
f 833/8/3 803/8/3 832/8/3
f 834/7/3 805/7/3 804/7/3
f 834/15/3 804/15/3 833/15/3
f 835/7/3 805/7/3 834/7/3
f 836/15/3 806/15/3 805/15/3
f 836/7/3 805/7/3 835/7/3
f 837/7/3 807/7/3 806/7/3
f 837/15/3 806/15/3 836/15/3
f 838/8/3 808/8/3 807/8/3
f 838/7/3 807/7/3 837/7/3
f 839/7/3 809/7/3 808/7/3
f 839/8/3 808/8/3 838/8/3
f 840/15/3 812/15/3 811/15/3
f 840/7/3 809/7/3 839/7/3
f 840/15/3 813/15/3 812/15/3
f 840/15/3 814/15/3 813/15/3
f 840/15/3 810/15/3 809/15/3
f 840/15/3 811/15/3 810/15/3
f 841/15/3 814/15/3 840/15/3
f 842/15/3 814/15/3 841/15/3
f 843/15/3 814/15/3 842/15/3
f 844/15/3 814/15/3 843/15/3
f 845/15/3 814/15/3 844/15/3
f 846/8/3 815/8/3 814/8/3
f 846/15/3 814/15/3 845/15/3
f 847/15/3 816/15/3 815/15/3
f 847/8/3 815/8/3 846/8/3
f 848/8/3 817/8/3 816/8/3
f 848/15/3 816/15/3 847/15/3
f 849/22/3 818/22/3 817/22/3
f 849/8/3 817/8/3 848/8/3
f 850/21/3 819/21/3 818/21/3
f 850/22/3 818/22/3 849/22/3
f 851/8/3 820/8/3 819/8/3
f 851/21/3 819/21/3 850/21/3
f 852/24/3 821/24/3 820/24/3
f 852/8/3 820/8/3 851/8/3
f 853/23/3 822/23/3 821/23/3
f 853/24/3 821/24/3 852/24/3
f 854/27/3 823/27/3 822/27/3
f 854/23/3 822/23/3 853/23/3
f 855/27/3 823/27/3 854/27/3
f 857/8/3 824/8/3 770/8/3
f 858/15/3 825/15/3 824/15/3
f 858/8/3 824/8/3 857/8/3
f 859/7/3 827/7/3 826/7/3
f 859/15/3 825/15/3 858/15/3
f 859/7/3 826/7/3 825/7/3
f 860/7/3 827/7/3 859/7/3
f 861/15/3 828/15/3 827/15/3
f 861/7/3 827/7/3 860/7/3
f 862/7/3 829/7/3 828/7/3
f 862/15/3 828/15/3 861/15/3
f 863/8/3 830/8/3 829/8/3
f 863/7/3 829/7/3 862/7/3
f 864/15/3 831/15/3 830/15/3
f 864/8/3 830/8/3 863/8/3
f 864/15/3 832/15/3 831/15/3
f 865/7/3 834/7/3 833/7/3
f 865/15/3 832/15/3 864/15/3
f 865/7/3 833/7/3 832/7/3
f 865/7/3 835/7/3 834/7/3
f 866/7/3 835/7/3 865/7/3
f 867/8/3 837/8/3 836/8/3
f 867/7/3 835/7/3 866/7/3
f 867/8/3 836/8/3 835/8/3
f 868/7/3 838/7/3 837/7/3
f 868/8/3 837/8/3 867/8/3
f 869/15/3 839/15/3 838/15/3
f 869/7/3 838/7/3 868/7/3
f 870/7/3 840/7/3 839/7/3
f 870/15/3 839/15/3 869/15/3
f 870/7/3 841/7/3 840/7/3
f 871/8/3 842/8/3 841/8/3
f 871/7/3 841/7/3 870/7/3
f 872/7/3 843/7/3 842/7/3
f 872/8/3 842/8/3 871/8/3
f 873/15/3 844/15/3 843/15/3
f 873/7/3 843/7/3 872/7/3
f 874/7/3 845/7/3 844/7/3
f 874/15/3 844/15/3 873/15/3
f 875/15/3 846/15/3 845/15/3
f 875/7/3 845/7/3 874/7/3
f 876/24/3 848/24/3 847/24/3
f 876/15/3 846/15/3 875/15/3
f 876/24/3 847/24/3 846/24/3
f 877/24/3 848/24/3 876/24/3
f 878/23/3 849/23/3 848/23/3
f 878/24/3 848/24/3 877/24/3
f 879/15/3 850/15/3 849/15/3
f 879/23/3 849/23/3 878/23/3
f 880/23/3 851/23/3 850/23/3
f 880/15/3 850/15/3 879/15/3
f 881/7/3 852/7/3 851/7/3
f 881/23/3 851/23/3 880/23/3
f 882/7/3 852/7/3 881/7/3
f 883/24/3 854/24/3 853/24/3
f 884/15/3 860/15/3 859/15/3
f 884/8/3 859/8/3 858/8/3
f 885/8/3 862/8/3 861/8/3
f 885/15/3 860/15/3 884/15/3
f 885/8/3 861/8/3 860/8/3
f 886/8/3 862/8/3 885/8/3
f 887/15/3 864/15/3 863/15/3
f 887/8/3 862/8/3 886/8/3
f 887/15/3 863/15/3 862/15/3
f 888/15/3 864/15/3 887/15/3
f 889/7/3 865/7/3 864/7/3
f 889/15/3 864/15/3 888/15/3
f 890/15/3 866/15/3 865/15/3
f 890/7/3 865/7/3 889/7/3
f 891/8/3 867/8/3 866/8/3
f 891/15/3 866/15/3 890/15/3
f 892/15/3 868/15/3 867/15/3
f 892/8/3 867/8/3 891/8/3
f 892/15/3 869/15/3 868/15/3
f 893/15/3 869/15/3 892/15/3
f 894/15/3 869/15/3 893/15/3
f 895/8/3 871/8/3 870/8/3
f 895/15/3 869/15/3 894/15/3
f 895/8/3 870/8/3 869/8/3
f 896/8/3 871/8/3 895/8/3
f 897/15/3 873/15/3 872/15/3
f 897/8/3 871/8/3 896/8/3
f 897/15/3 872/15/3 871/15/3
f 898/15/3 873/15/3 897/15/3
f 899/7/3 874/7/3 873/7/3
f 899/15/3 873/15/3 898/15/3
f 900/8/3 875/8/3 874/8/3
f 900/7/3 874/7/3 899/7/3
f 901/21/3 877/21/3 876/21/3
f 901/24/3 876/24/3 875/24/3
f 902/22/3 878/22/3 877/22/3
f 902/21/3 877/21/3 901/21/3
f 903/15/3 879/15/3 878/15/3
f 903/22/3 878/22/3 902/22/3
f 904/7/3 880/7/3 879/7/3
f 904/15/3 879/15/3 903/15/3
f 905/23/3 881/23/3 880/23/3
f 905/7/3 880/7/3 904/7/3
f 906/24/3 883/24/3 882/24/3
f 906/23/3 881/23/3 905/23/3
f 906/24/3 882/24/3 881/24/3
f 907/24/3 883/24/3 906/24/3
f 908/24/3 854/24/3 883/24/3
f 908/24/3 883/24/3 907/24/3
f 908/23/3 855/23/3 854/23/3
f 909/27/3 856/27/3 855/27/3
f 909/23/3 855/23/3 908/23/3
f 910/27/3 856/27/3 909/27/3
f 912/8/3 884/8/3 858/8/3
f 912/8/3 885/8/3 884/8/3
f 913/8/3 885/8/3 912/8/3
f 914/7/3 886/7/3 885/7/3
f 914/8/3 885/8/3 913/8/3
f 915/15/3 888/15/3 887/15/3
f 915/7/3 886/7/3 914/7/3
f 915/15/3 887/15/3 886/15/3
f 916/7/3 889/7/3 888/7/3
f 916/15/3 888/15/3 915/15/3
f 917/7/3 889/7/3 916/7/3
f 918/15/3 890/15/3 889/15/3
f 918/7/3 889/7/3 917/7/3
f 919/15/3 890/15/3 918/15/3
f 920/8/3 891/8/3 890/8/3
f 920/15/3 890/15/3 919/15/3
f 921/15/3 893/15/3 892/15/3
f 921/8/3 891/8/3 920/8/3
f 921/15/3 892/15/3 891/15/3
f 922/15/3 893/15/3 921/15/3
f 923/15/3 893/15/3 922/15/3
f 924/7/3 894/7/3 893/7/3
f 924/15/3 893/15/3 923/15/3
f 925/8/3 895/8/3 894/8/3
f 925/7/3 894/7/3 924/7/3
f 926/7/3 896/7/3 895/7/3
f 926/8/3 895/8/3 925/8/3
f 927/15/3 897/15/3 896/15/3
f 927/7/3 896/7/3 926/7/3
f 928/6/3 898/6/3 897/6/3
f 928/15/3 897/15/3 927/15/3
f 929/8/3 899/8/3 898/8/3
f 929/6/3 898/6/3 928/6/3
f 929/8/3 900/8/3 899/8/3
f 930/8/3 900/8/3 929/8/3
f 931/8/3 900/8/3 930/8/3
f 932/24/3 901/24/3 875/24/3
f 932/8/3 900/8/3 931/8/3
f 932/8/3 875/8/3 900/8/3
f 933/23/3 902/23/3 901/23/3
f 933/24/3 901/24/3 932/24/3
f 934/21/3 903/21/3 902/21/3
f 934/23/3 902/23/3 933/23/3
f 935/24/3 904/24/3 903/24/3
f 935/21/3 903/21/3 934/21/3
f 936/8/3 905/8/3 904/8/3
f 936/24/3 904/24/3 935/24/3
f 937/23/3 906/23/3 905/23/3
f 937/8/3 905/8/3 936/8/3
f 938/21/3 907/21/3 906/21/3
f 938/23/3 906/23/3 937/23/3
f 939/23/3 908/23/3 907/23/3
f 939/21/3 907/21/3 938/21/3
f 940/23/3 908/23/3 939/23/3
f 941/27/3 909/27/3 908/27/3
f 941/23/3 908/23/3 940/23/3
f 942/27/3 909/27/3 941/27/3
f 943/8/3 913/8/3 912/8/3
f 943/8/3 912/8/3 911/8/3
f 944/15/3 915/15/3 914/15/3
f 944/8/3 913/8/3 943/8/3
f 944/15/3 914/15/3 913/15/3
f 945/15/3 915/15/3 944/15/3
f 946/7/3 916/7/3 915/7/3
f 946/15/3 915/15/3 945/15/3
f 947/7/3 916/7/3 946/7/3
f 948/15/3 917/15/3 916/15/3
f 948/7/3 916/7/3 947/7/3
f 949/8/3 918/8/3 917/8/3
f 949/15/3 917/15/3 948/15/3
f 950/7/3 919/7/3 918/7/3
f 950/8/3 918/8/3 949/8/3
f 951/8/3 920/8/3 919/8/3
f 951/7/3 919/7/3 950/7/3
f 952/15/3 922/15/3 921/15/3
f 952/8/3 920/8/3 951/8/3
f 952/15/3 921/15/3 920/15/3
f 953/15/3 922/15/3 952/15/3
f 954/7/3 923/7/3 922/7/3
f 954/15/3 922/15/3 953/15/3
f 955/8/3 925/8/3 924/8/3
f 955/7/3 923/7/3 954/7/3
f 955/8/3 924/8/3 923/8/3
f 956/8/3 925/8/3 955/8/3
f 957/7/3 926/7/3 925/7/3
f 957/8/3 925/8/3 956/8/3
f 958/8/3 927/8/3 926/8/3
f 958/7/3 926/7/3 957/7/3
f 958/8/3 928/8/3 927/8/3
f 958/8/3 929/8/3 928/8/3
f 959/8/3 929/8/3 958/8/3
f 960/8/3 929/8/3 959/8/3
f 961/7/3 930/7/3 929/7/3
f 961/8/3 929/8/3 960/8/3
f 962/7/3 930/7/3 961/7/3
f 963/15/3 931/15/3 930/15/3
f 963/7/3 930/7/3 962/7/3
f 964/8/3 933/8/3 932/8/3
f 964/15/3 931/15/3 963/15/3
f 964/8/3 932/8/3 931/8/3
f 965/24/3 934/24/3 933/24/3
f 965/8/3 933/8/3 964/8/3
f 966/23/3 935/23/3 934/23/3
f 966/24/3 934/24/3 965/24/3
f 966/23/3 936/23/3 935/23/3
f 967/24/3 937/24/3 936/24/3
f 967/23/3 936/23/3 966/23/3
f 968/23/3 938/23/3 937/23/3
f 968/24/3 937/24/3 967/24/3
f 969/24/3 940/24/3 939/24/3
f 969/23/3 938/23/3 968/23/3
f 969/24/3 939/24/3 938/24/3
f 970/27/3 941/27/3 940/27/3
f 970/24/3 940/24/3 969/24/3
f 971/27/3 941/27/3 970/27/3
f 972/8/3 943/8/3 911/8/3
f 973/7/3 944/7/3 943/7/3
f 973/8/3 943/8/3 972/8/3
f 974/8/3 945/8/3 944/8/3
f 974/7/3 944/7/3 973/7/3
f 975/7/3 947/7/3 946/7/3
f 975/8/3 945/8/3 974/8/3
f 975/7/3 946/7/3 945/7/3
f 976/8/3 949/8/3 948/8/3
f 976/7/3 947/7/3 975/7/3
f 976/8/3 948/8/3 947/8/3
f 977/7/3 950/7/3 949/7/3
f 977/8/3 949/8/3 976/8/3
f 978/8/3 951/8/3 950/8/3
f 978/7/3 950/7/3 977/7/3
f 979/7/3 952/7/3 951/7/3
f 979/8/3 951/8/3 978/8/3
f 980/15/3 953/15/3 952/15/3
f 980/7/3 952/7/3 979/7/3
f 981/7/3 954/7/3 953/7/3
f 981/15/3 953/15/3 980/15/3
f 982/8/3 955/8/3 954/8/3
f 982/7/3 954/7/3 981/7/3
f 983/7/3 956/7/3 955/7/3
f 983/8/3 955/8/3 982/8/3
f 984/15/3 957/15/3 956/15/3
f 984/7/3 956/7/3 983/7/3
f 985/8/3 958/8/3 957/8/3
f 985/15/3 957/15/3 984/15/3
f 985/8/3 959/8/3 958/8/3
f 986/8/3 959/8/3 985/8/3
f 987/7/3 960/7/3 959/7/3
f 987/8/3 959/8/3 986/8/3
f 988/15/3 961/15/3 960/15/3
f 988/7/3 960/7/3 987/7/3
f 989/15/3 961/15/3 988/15/3
f 990/6/3 962/6/3 961/6/3
f 990/15/3 961/15/3 989/15/3
f 991/7/3 963/7/3 962/7/3
f 991/6/3 962/6/3 990/6/3
f 992/8/3 964/8/3 963/8/3
f 992/7/3 963/7/3 991/7/3
f 993/8/3 964/8/3 992/8/3
f 994/24/3 967/24/3 966/24/3
f 995/23/3 968/23/3 967/23/3
f 995/24/3 967/24/3 994/24/3
f 996/24/3 969/24/3 968/24/3
f 996/23/3 968/23/3 995/23/3
f 997/24/3 969/24/3 996/24/3
f 998/8/3 974/8/3 973/8/3
f 999/7/3 975/7/3 974/7/3
f 999/8/3 974/8/3 998/8/3
f 1000/8/3 976/8/3 975/8/3
f 1000/7/3 975/7/3 999/7/3
f 1001/7/3 977/7/3 976/7/3
f 1001/8/3 976/8/3 1000/8/3
f 1002/8/3 978/8/3 977/8/3
f 1002/7/3 977/7/3 1001/7/3
f 1003/15/3 980/15/3 979/15/3
f 1003/8/3 978/8/3 1002/8/3
f 1003/15/3 979/15/3 978/15/3
f 1004/7/3 981/7/3 980/7/3
f 1004/15/3 980/15/3 1003/15/3
f 1005/8/3 982/8/3 981/8/3
f 1005/7/3 981/7/3 1004/7/3
f 1006/7/3 983/7/3 982/7/3
f 1006/8/3 982/8/3 1005/8/3
f 1007/6/3 984/6/3 983/6/3
f 1007/7/3 983/7/3 1006/7/3
f 1008/8/3 985/8/3 984/8/3
f 1008/6/3 984/6/3 1007/6/3
f 1009/7/3 986/7/3 985/7/3
f 1009/8/3 985/8/3 1008/8/3
f 1010/15/3 987/15/3 986/15/3
f 1010/7/3 986/7/3 1009/7/3
f 1011/6/3 988/6/3 987/6/3
f 1011/15/3 987/15/3 1010/15/3
f 1012/7/3 989/7/3 988/7/3
f 1012/6/3 988/6/3 1011/6/3
f 1013/8/3 990/8/3 989/8/3
f 1013/7/3 989/7/3 1012/7/3
f 1013/8/3 991/8/3 990/8/3
f 1014/8/3 991/8/3 1013/8/3
f 1015/24/3 996/24/3 995/24/3
f 1016/24/3 996/24/3 1015/24/3
f 1017/7/3 1001/7/3 1000/7/3
f 1018/8/3 1002/8/3 1001/8/3
f 1018/7/3 1001/7/3 1017/7/3
f 1019/15/3 1003/15/3 1002/15/3
f 1019/8/3 1002/8/3 1018/8/3
f 1020/7/3 1004/7/3 1003/7/3
f 1020/15/3 1003/15/3 1019/15/3
f 1021/7/3 1004/7/3 1020/7/3
f 1022/8/3 1005/8/3 1004/8/3
f 1022/7/3 1004/7/3 1021/7/3
f 1023/7/3 1006/7/3 1005/7/3
f 1023/8/3 1005/8/3 1022/8/3
f 1024/6/3 1007/6/3 1006/6/3
f 1024/7/3 1006/7/3 1023/7/3
f 1025/8/3 1008/8/3 1007/8/3
f 1025/6/3 1007/6/3 1024/6/3
f 1026/7/3 1009/7/3 1008/7/3
f 1026/8/3 1008/8/3 1025/8/3
f 1027/15/3 1010/15/3 1009/15/3
f 1027/7/3 1009/7/3 1026/7/3
f 1028/7/3 1011/7/3 1010/7/3
f 1028/15/3 1010/15/3 1027/15/3
f 1029/8/3 1012/8/3 1011/8/3
f 1029/7/3 1011/7/3 1028/7/3
f 1030/8/3 1012/8/3 1029/8/3
f 1031/8/3 1000/8/3 999/8/3
f 1032/7/3 1017/7/3 1000/7/3
f 1032/8/3 1000/8/3 1031/8/3
f 1033/15/3 1018/15/3 1017/15/3
f 1033/7/3 1017/7/3 1032/7/3
f 1034/7/3 1021/7/3 1020/7/3
f 1034/15/3 1018/15/3 1033/15/3
f 1034/7/3 1019/7/3 1018/7/3
f 1034/7/3 1020/7/3 1019/7/3
f 1035/7/3 1021/7/3 1034/7/3
f 1036/7/3 1021/7/3 1035/7/3
f 1037/8/3 1022/8/3 1021/8/3
f 1037/7/3 1021/7/3 1036/7/3
f 1038/7/3 1023/7/3 1022/7/3
f 1038/8/3 1022/8/3 1037/8/3
f 1039/15/3 1024/15/3 1023/15/3
f 1039/7/3 1023/7/3 1038/7/3
f 1040/8/3 1025/8/3 1024/8/3
f 1040/15/3 1024/15/3 1039/15/3
f 1041/7/3 1026/7/3 1025/7/3
f 1041/8/3 1025/8/3 1040/8/3
f 1042/15/3 1027/15/3 1026/15/3
f 1042/7/3 1026/7/3 1041/7/3
f 1043/8/3 1028/8/3 1027/8/3
f 1043/15/3 1027/15/3 1042/15/3
f 1044/8/3 1028/8/3 1043/8/3
f 1045/8/3 1033/8/3 1032/8/3
f 1045/8/3 1034/8/3 1033/8/3
f 1046/8/3 1034/8/3 1045/8/3
f 1047/7/3 1035/7/3 1034/7/3
f 1047/8/3 1034/8/3 1046/8/3
f 1048/15/3 1036/15/3 1035/15/3
f 1048/7/3 1035/7/3 1047/7/3
f 1049/8/3 1037/8/3 1036/8/3
f 1049/15/3 1036/15/3 1048/15/3
f 1050/8/3 1037/8/3 1049/8/3
f 1051/15/3 1039/15/3 1038/15/3
f 1051/8/3 1037/8/3 1050/8/3
f 1051/15/3 1038/15/3 1037/15/3
f 1052/15/3 1039/15/3 1051/15/3
f 1053/8/3 1040/8/3 1039/8/3
f 1053/15/3 1039/15/3 1052/15/3
f 1054/7/3 1041/7/3 1040/7/3
f 1054/8/3 1040/8/3 1053/8/3
f 1055/8/3 1042/8/3 1041/8/3
f 1055/7/3 1041/7/3 1054/7/3
f 1055/8/3 1043/8/3 1042/8/3
f 1056/8/3 1043/8/3 1055/8/3
f 1057/8/3 1050/8/3 1049/8/3
f 1057/8/3 1047/8/3 1046/8/3
f 1057/8/3 1049/8/3 1048/8/3
f 1057/8/3 1048/8/3 1047/8/3
f 1058/8/3 1050/8/3 1057/8/3
f 1059/8/3 1050/8/3 1058/8/3
f 1060/8/3 1050/8/3 1059/8/3
f 1061/15/3 1051/15/3 1050/15/3
f 1061/8/3 1050/8/3 1060/8/3
f 1062/6/3 1052/6/3 1051/6/3
f 1062/15/3 1051/15/3 1061/15/3
f 1063/8/3 1053/8/3 1052/8/3
f 1063/6/3 1052/6/3 1062/6/3
f 1064/15/3 1054/15/3 1053/15/3
f 1064/8/3 1053/8/3 1063/8/3
f 1065/8/3 1055/8/3 1054/8/3
f 1065/15/3 1054/15/3 1064/15/3
f 1066/8/3 1055/8/3 1065/8/3
f 1067/8/3 1059/8/3 1058/8/3
f 1068/15/3 1060/15/3 1059/15/3
f 1068/8/3 1059/8/3 1067/8/3
f 1069/6/3 1061/6/3 1060/6/3
f 1069/15/3 1060/15/3 1068/15/3
f 1069/6/3 1062/6/3 1061/6/3
f 1070/8/3 1063/8/3 1062/8/3
f 1070/6/3 1062/6/3 1069/6/3
f 1071/7/3 1064/7/3 1063/7/3
f 1071/8/3 1063/8/3 1070/8/3
f 1072/8/3 1065/8/3 1064/8/3
f 1072/7/3 1064/7/3 1071/7/3
f 1073/8/3 1065/8/3 1072/8/3
f 1074/8/3 1069/8/3 1068/8/3
f 1074/8/3 1070/8/3 1069/8/3
f 1075/8/3 1070/8/3 1074/8/3
f 1076/15/3 1071/15/3 1070/15/3
f 1076/8/3 1070/8/3 1075/8/3
f 1077/8/3 1072/8/3 1071/8/3
f 1077/15/3 1071/15/3 1076/15/3
f 1078/8/3 1072/8/3 1077/8/3
f 1079/8/3 1076/8/3 1075/8/3
f 1079/8/3 1077/8/3 1076/8/3
f 1080/8/3 1077/8/3 1079/8/3
f 1081/6/4 1082/6/4 1083/6/4
f 1083/6/4 1082/6/4 1084/6/4
f 1083/15/4 1084/15/4 1092/15/4
f 1084/6/4 1085/6/4 1093/6/4
f 1092/15/4 1084/15/4 1093/15/4
f 1085/15/4 1086/15/4 1094/15/4
f 1093/6/4 1085/6/4 1094/6/4
f 1094/15/4 1086/15/4 1095/15/4
f 1095/15/4 1086/15/4 1096/15/4
f 1087/20/4 1088/20/4 1100/20/4
f 1088/13/4 1089/13/4 1101/13/4
f 1100/20/4 1088/20/4 1101/20/4
f 1089/3/4 1090/3/4 1102/3/4
f 1101/13/4 1089/13/4 1102/13/4
f 1102/3/4 1090/3/4 1103/3/4
f 1091/8/4 1092/8/4 1106/8/4
f 1092/7/4 1093/7/4 1107/7/4
f 1093/7/4 1094/7/4 1107/7/4
f 1106/8/4 1092/8/4 1107/8/4
f 1107/7/4 1094/7/4 1108/7/4
f 1094/15/4 1095/15/4 1109/15/4
f 1108/7/4 1094/7/4 1109/7/4
f 1095/6/4 1096/6/4 1110/6/4
f 1109/15/4 1095/15/4 1110/15/4
f 1096/15/4 1097/15/4 1111/15/4
f 1110/6/4 1096/6/4 1111/6/4
f 1097/7/4 1098/7/4 1112/7/4
f 1111/15/4 1097/15/4 1112/15/4
f 1112/7/4 1098/7/4 1113/7/4
f 1099/20/4 1100/20/4 1116/20/4
f 1100/5/4 1101/5/4 1117/5/4
f 1116/20/4 1100/20/4 1117/20/4
f 1101/2/4 1102/2/4 1118/2/4
f 1117/5/4 1101/5/4 1118/5/4
f 1102/9/4 1103/9/4 1119/9/4
f 1118/2/4 1102/2/4 1119/2/4
f 1103/13/4 1104/13/4 1120/13/4
f 1119/9/4 1103/9/4 1120/9/4
f 1120/13/4 1104/13/4 1121/13/4
f 1105/7/4 1106/7/4 1127/7/4
f 1127/7/4 1106/7/4 1128/7/4
f 1107/15/4 1108/15/4 1129/15/4
f 1128/7/4 1106/7/4 1129/7/4
f 1106/15/4 1107/15/4 1129/15/4
f 1129/15/4 1108/15/4 1130/15/4
f 1108/8/4 1109/8/4 1131/8/4
f 1130/15/4 1108/15/4 1131/15/4
f 1109/7/4 1110/7/4 1132/7/4
f 1131/8/4 1109/8/4 1132/8/4
f 1110/15/4 1111/15/4 1133/15/4
f 1132/7/4 1110/7/4 1133/7/4
f 1133/15/4 1111/15/4 1134/15/4
f 1111/6/4 1112/6/4 1135/6/4
f 1134/15/4 1111/15/4 1135/15/4
f 1112/14/4 1113/14/4 1136/14/4
f 1135/6/4 1112/6/4 1136/6/4
f 1113/7/4 1114/7/4 1137/7/4
f 1136/14/4 1113/14/4 1137/14/4
f 1137/7/4 1114/7/4 1138/7/4
f 1115/19/4 1116/19/4 1141/19/4
f 1116/19/4 1117/19/4 1141/19/4
f 1141/19/4 1117/19/4 1142/19/4
f 1117/4/4 1118/4/4 1143/4/4
f 1142/19/4 1117/19/4 1143/19/4
f 1118/5/4 1119/5/4 1144/5/4
f 1143/4/4 1118/4/4 1144/4/4
f 1119/3/4 1120/3/4 1145/3/4
f 1144/5/4 1119/5/4 1145/5/4
f 1120/3/4 1121/3/4 1145/3/4
f 1145/3/4 1121/3/4 1146/3/4
f 1121/13/4 1122/13/4 1147/13/4
f 1146/3/4 1121/3/4 1147/3/4
f 1122/7/4 1123/7/4 1148/7/4
f 1147/13/4 1122/13/4 1148/13/4
f 1123/15/4 1124/15/4 1149/15/4
f 1148/7/4 1123/7/4 1149/7/4
f 1149/15/4 1124/15/4 1150/15/4
f 1125/3/4 1126/3/4 1154/3/4
f 1154/3/4 1126/3/4 1155/3/4
f 1126/1/4 1127/1/4 1156/1/4
f 1155/3/4 1126/3/4 1156/3/4
f 1127/13/4 1128/13/4 1157/13/4
f 1156/1/4 1127/1/4 1157/1/4
f 1129/8/4 1130/8/4 1158/8/4
f 1157/13/4 1128/13/4 1158/13/4
f 1128/8/4 1129/8/4 1158/8/4
f 1158/8/4 1130/8/4 1159/8/4
f 1130/7/4 1131/7/4 1160/7/4
f 1159/8/4 1130/8/4 1160/8/4
f 1131/15/4 1132/15/4 1161/15/4
f 1160/7/4 1131/7/4 1161/7/4
f 1133/6/4 1134/6/4 1162/6/4
f 1161/15/4 1132/15/4 1162/15/4
f 1132/6/4 1133/6/4 1162/6/4
f 1162/6/4 1134/6/4 1163/6/4
f 1134/14/4 1135/14/4 1164/14/4
f 1163/6/4 1134/6/4 1164/6/4
f 1135/15/4 1136/15/4 1165/15/4
f 1164/14/4 1135/14/4 1165/14/4
f 1137/6/4 1138/6/4 1166/6/4
f 1165/15/4 1136/15/4 1166/15/4
f 1136/6/4 1137/6/4 1166/6/4
f 1166/6/4 1138/6/4 1167/6/4
f 1138/15/4 1139/15/4 1168/15/4
f 1167/6/4 1138/6/4 1168/6/4
f 1168/15/4 1139/15/4 1169/15/4
f 1141/19/4 1142/19/4 1171/19/4
f 1140/19/4 1141/19/4 1171/19/4
f 1142/13/4 1143/13/4 1172/13/4
f 1171/19/4 1142/19/4 1172/19/4
f 1143/19/4 1144/19/4 1173/19/4
f 1172/13/4 1143/13/4 1173/13/4
f 1144/19/4 1145/19/4 1173/19/4
f 1173/19/4 1145/19/4 1174/19/4
f 1145/20/4 1146/20/4 1175/20/4
f 1174/19/4 1145/19/4 1175/19/4
f 1146/5/4 1147/5/4 1176/5/4
f 1175/20/4 1146/20/4 1176/20/4
f 1147/3/4 1148/3/4 1177/3/4
f 1176/5/4 1147/5/4 1177/5/4
f 1148/20/4 1149/20/4 1178/20/4
f 1177/3/4 1148/3/4 1178/3/4
f 1149/27/4 1150/27/4 1179/27/4
f 1178/20/4 1149/20/4 1179/20/4
f 1150/27/4 1151/27/4 1179/27/4
f 1179/27/4 1151/27/4 1180/27/4
f 1151/7/4 1152/7/4 1181/7/4
f 1180/27/4 1151/27/4 1181/27/4
f 1181/7/4 1152/7/4 1182/7/4
f 1153/13/4 1154/13/4 1184/13/4
f 1154/2/4 1155/2/4 1185/2/4
f 1184/13/4 1154/13/4 1185/13/4
f 1155/9/4 1156/9/4 1186/9/4
f 1185/2/4 1155/2/4 1186/2/4
f 1156/9/4 1157/9/4 1186/9/4
f 1157/9/4 1158/9/4 1186/9/4
f 1186/9/4 1158/9/4 1187/9/4
f 1158/3/4 1159/3/4 1188/3/4
f 1187/9/4 1158/9/4 1188/9/4
f 1159/7/4 1160/7/4 1189/7/4
f 1188/3/4 1159/3/4 1189/3/4
f 1160/15/4 1161/15/4 1190/15/4
f 1189/7/4 1160/7/4 1190/7/4
f 1162/6/4 1163/6/4 1191/6/4
f 1190/15/4 1161/15/4 1191/15/4
f 1161/6/4 1162/6/4 1191/6/4
f 1163/15/4 1164/15/4 1192/15/4
f 1191/6/4 1163/6/4 1192/6/4
f 1164/15/4 1165/15/4 1192/15/4
f 1192/15/4 1165/15/4 1193/15/4
f 1166/14/4 1167/14/4 1194/14/4
f 1193/15/4 1165/15/4 1194/15/4
f 1165/14/4 1166/14/4 1194/14/4
f 1194/14/4 1167/14/4 1195/14/4
f 1167/15/4 1168/15/4 1196/15/4
f 1195/14/4 1167/14/4 1196/14/4
f 1168/6/4 1169/6/4 1197/6/4
f 1196/15/4 1168/15/4 1197/15/4
f 1169/15/4 1170/15/4 1198/15/4
f 1197/6/4 1169/6/4 1198/6/4
f 1198/15/4 1170/15/4 1199/15/4
f 1140/19/4 1171/19/4 1204/19/4
f 1171/13/4 1172/13/4 1205/13/4
f 1204/19/4 1171/19/4 1205/19/4
f 1172/19/4 1173/19/4 1206/19/4
f 1205/13/4 1172/13/4 1206/13/4
f 1173/20/4 1174/20/4 1207/20/4
f 1206/19/4 1173/19/4 1207/19/4
f 1174/13/4 1175/13/4 1208/13/4
f 1207/20/4 1174/20/4 1208/20/4
f 1175/19/4 1176/19/4 1209/19/4
f 1208/13/4 1175/13/4 1209/13/4
f 1176/4/4 1177/4/4 1210/4/4
f 1209/19/4 1176/19/4 1210/19/4
f 1177/27/4 1178/27/4 1211/27/4
f 1210/4/4 1177/4/4 1211/4/4
f 1178/27/4 1179/27/4 1211/27/4
f 1211/27/4 1179/27/4 1212/27/4
f 1179/26/4 1180/26/4 1213/26/4
f 1212/27/4 1179/27/4 1213/27/4
f 1180/23/4 1181/23/4 1214/23/4
f 1213/26/4 1180/26/4 1214/26/4
f 1181/27/4 1182/27/4 1215/27/4
f 1214/23/4 1181/23/4 1215/23/4
f 1182/7/4 1183/7/4 1216/7/4
f 1215/27/4 1182/27/4 1216/27/4
f 1216/7/4 1183/7/4 1217/7/4
f 1183/13/4 1184/13/4 1218/13/4
f 1217/7/4 1183/7/4 1218/7/4
f 1184/9/4 1185/9/4 1219/9/4
f 1185/9/4 1186/9/4 1219/9/4
f 1186/10/4 1187/10/4 1220/10/4
f 1219/9/4 1186/9/4 1220/9/4
f 1220/10/4 1187/10/4 1221/10/4
f 1187/9/4 1188/9/4 1222/9/4
f 1221/10/4 1187/10/4 1222/10/4
f 1188/9/4 1189/9/4 1222/9/4
f 1222/9/4 1189/9/4 1223/9/4
f 1189/3/4 1190/3/4 1224/3/4
f 1223/9/4 1189/9/4 1224/9/4
f 1190/5/4 1191/5/4 1225/5/4
f 1224/3/4 1190/3/4 1225/3/4
f 1191/7/4 1192/7/4 1226/7/4
f 1225/5/4 1191/5/4 1226/5/4
f 1226/7/4 1192/7/4 1227/7/4
f 1192/15/4 1193/15/4 1228/15/4
f 1227/7/4 1192/7/4 1228/7/4
f 1194/6/4 1195/6/4 1229/6/4
f 1228/15/4 1193/15/4 1229/15/4
f 1193/6/4 1194/6/4 1229/6/4
f 1229/6/4 1195/6/4 1230/6/4
f 1195/14/4 1196/14/4 1231/14/4
f 1230/6/4 1195/6/4 1231/6/4
f 1196/6/4 1197/6/4 1232/6/4
f 1231/14/4 1196/14/4 1232/14/4
f 1197/15/4 1198/15/4 1233/15/4
f 1232/6/4 1197/6/4 1233/6/4
f 1198/6/4 1199/6/4 1234/6/4
f 1233/15/4 1198/15/4 1234/15/4
f 1199/7/4 1200/7/4 1235/7/4
f 1234/6/4 1199/6/4 1235/6/4
f 1201/20/4 1202/20/4 1236/20/4
f 1202/19/4 1203/19/4 1237/19/4
f 1236/20/4 1202/20/4 1237/20/4
f 1237/19/4 1203/19/4 1238/19/4
f 1203/4/4 1204/4/4 1239/4/4
f 1238/19/4 1203/19/4 1239/19/4
f 1204/19/4 1205/19/4 1240/19/4
f 1239/4/4 1204/4/4 1240/4/4
f 1205/20/4 1206/20/4 1241/20/4
f 1240/19/4 1205/19/4 1241/19/4
f 1206/20/4 1207/20/4 1241/20/4
f 1241/20/4 1207/20/4 1242/20/4
f 1207/13/4 1208/13/4 1243/13/4
f 1242/20/4 1207/20/4 1243/20/4
f 1208/19/4 1209/19/4 1244/19/4
f 1243/13/4 1208/13/4 1244/13/4
f 1209/4/4 1210/4/4 1245/4/4
f 1244/19/4 1209/19/4 1245/19/4
f 1211/27/4 1212/27/4 1246/27/4
f 1245/4/4 1210/4/4 1246/4/4
f 1210/27/4 1211/27/4 1246/27/4
f 1246/27/4 1212/27/4 1247/27/4
f 1212/23/4 1213/23/4 1248/23/4
f 1247/27/4 1212/27/4 1248/27/4
f 1216/27/4 1217/27/4 1249/27/4
f 1248/23/4 1213/23/4 1249/23/4
f 1214/27/4 1215/27/4 1249/27/4
f 1213/27/4 1214/27/4 1249/27/4
f 1215/27/4 1216/27/4 1249/27/4
f 1249/27/4 1217/27/4 1250/27/4
f 1250/27/4 1217/27/4 1251/27/4
f 1251/27/4 1217/27/4 1252/27/4
f 1217/15/4 1218/15/4 1253/15/4
f 1252/27/4 1217/27/4 1253/27/4
f 1218/13/4 1184/13/4 1254/13/4
f 1253/15/4 1218/15/4 1254/15/4
f 1184/9/4 1219/9/4 1255/9/4
f 1254/13/4 1184/13/4 1255/13/4
f 1219/10/4 1220/10/4 1256/10/4
f 1255/9/4 1219/9/4 1256/9/4
f 1220/3/4 1221/3/4 1257/3/4
f 1256/10/4 1220/10/4 1257/10/4
f 1221/5/4 1222/5/4 1258/5/4
f 1257/3/4 1221/3/4 1258/3/4
f 1222/4/4 1223/4/4 1259/4/4
f 1258/5/4 1222/5/4 1259/5/4
f 1223/16/4 1224/16/4 1260/16/4
f 1259/4/4 1223/4/4 1260/4/4
f 1224/16/4 1225/16/4 1260/16/4
f 1260/16/4 1225/16/4 1261/16/4
f 1225/1/4 1226/1/4 1262/1/4
f 1261/16/4 1225/16/4 1262/16/4
f 1226/3/4 1227/3/4 1263/3/4
f 1262/1/4 1226/1/4 1263/1/4
f 1227/5/4 1228/5/4 1264/5/4
f 1263/3/4 1227/3/4 1264/3/4
f 1228/8/4 1229/8/4 1265/8/4
f 1264/5/4 1228/5/4 1265/5/4
f 1229/7/4 1230/7/4 1266/7/4
f 1265/8/4 1229/8/4 1266/8/4
f 1230/15/4 1231/15/4 1267/15/4
f 1266/7/4 1230/7/4 1267/7/4
f 1231/15/4 1232/15/4 1267/15/4
f 1232/14/4 1233/14/4 1268/14/4
f 1267/15/4 1232/15/4 1268/15/4
f 1233/6/4 1234/6/4 1269/6/4
f 1268/14/4 1233/14/4 1269/14/4
f 1234/15/4 1235/15/4 1270/15/4
f 1269/6/4 1234/6/4 1270/6/4
f 1235/7/4 1200/7/4 1271/7/4
f 1270/15/4 1235/15/4 1271/15/4
f 1271/7/4 1200/7/4 1272/7/4
f 1237/1/4 1238/1/4 1274/1/4
f 1236/4/4 1237/4/4 1274/4/4
f 1238/5/4 1239/5/4 1275/5/4
f 1274/1/4 1238/1/4 1275/1/4
f 1239/9/4 1240/9/4 1276/9/4
f 1275/5/4 1239/5/4 1276/5/4
f 1240/20/4 1241/20/4 1277/20/4
f 1276/9/4 1240/9/4 1277/9/4
f 1241/19/4 1242/19/4 1278/19/4
f 1277/20/4 1241/20/4 1278/20/4
f 1242/13/4 1243/13/4 1279/13/4
f 1278/19/4 1242/19/4 1279/19/4
f 1243/20/4 1244/20/4 1280/20/4
f 1279/13/4 1243/13/4 1280/13/4
f 1244/4/4 1245/4/4 1281/4/4
f 1280/20/4 1244/20/4 1281/20/4
f 1245/27/4 1246/27/4 1282/27/4
f 1281/4/4 1245/4/4 1282/4/4
f 1246/26/4 1247/26/4 1283/26/4
f 1282/27/4 1246/27/4 1283/27/4
f 1247/23/4 1248/23/4 1284/23/4
f 1283/26/4 1247/26/4 1284/26/4
f 1248/27/4 1249/27/4 1285/27/4
f 1284/23/4 1248/23/4 1285/23/4
f 1249/27/4 1250/27/4 1285/27/4
f 1285/27/4 1250/27/4 1286/27/4
f 1250/18/4 1251/18/4 1287/18/4
f 1286/27/4 1250/27/4 1287/27/4
f 1251/25/4 1252/25/4 1288/25/4
f 1287/18/4 1251/18/4 1288/18/4
f 1252/27/4 1253/27/4 1289/27/4
f 1288/25/4 1252/25/4 1289/25/4
f 1253/8/4 1254/8/4 1290/8/4
f 1289/27/4 1253/27/4 1290/27/4
f 1254/5/4 1255/5/4 1291/5/4
f 1290/8/4 1254/8/4 1291/8/4
f 1255/1/4 1256/1/4 1292/1/4
f 1291/5/4 1255/5/4 1292/5/4
f 1256/10/4 1257/10/4 1293/10/4
f 1292/1/4 1256/1/4 1293/1/4
f 1257/2/4 1258/2/4 1294/2/4
f 1293/10/4 1257/10/4 1294/10/4
f 1258/3/4 1259/3/4 1295/3/4
f 1294/2/4 1258/2/4 1295/2/4
f 1259/5/4 1260/5/4 1296/5/4
f 1295/3/4 1259/3/4 1296/3/4
f 1260/1/4 1261/1/4 1297/1/4
f 1296/5/4 1260/5/4 1297/5/4
f 1261/16/4 1262/16/4 1298/16/4
f 1297/1/4 1261/1/4 1298/1/4
f 1262/3/4 1263/3/4 1299/3/4
f 1298/16/4 1262/16/4 1299/16/4
f 1264/8/4 1265/8/4 1300/8/4
f 1299/3/4 1263/3/4 1300/3/4
f 1263/8/4 1264/8/4 1300/8/4
f 1300/8/4 1265/8/4 1301/8/4
f 1265/15/4 1266/15/4 1302/15/4
f 1301/8/4 1265/8/4 1302/8/4
f 1266/6/4 1267/6/4 1303/6/4
f 1302/15/4 1266/15/4 1303/15/4
f 1267/14/4 1268/14/4 1304/14/4
f 1268/15/4 1269/15/4 1305/15/4
f 1304/14/4 1268/14/4 1305/14/4
f 1269/15/4 1270/15/4 1305/15/4
f 1305/15/4 1270/15/4 1306/15/4
f 1270/6/4 1271/6/4 1307/6/4
f 1306/15/4 1270/15/4 1307/15/4
f 1271/15/4 1272/15/4 1308/15/4
f 1307/6/4 1271/6/4 1308/6/4
f 1236/4/4 1274/4/4 1309/4/4
f 1274/20/4 1275/20/4 1310/20/4
f 1309/4/4 1274/4/4 1310/4/4
f 1275/5/4 1276/5/4 1311/5/4
f 1310/20/4 1275/20/4 1311/20/4
f 1276/3/4 1277/3/4 1312/3/4
f 1311/5/4 1276/5/4 1312/5/4
f 1277/19/4 1278/19/4 1313/19/4
f 1312/3/4 1277/3/4 1313/3/4
f 1278/13/4 1279/13/4 1314/13/4
f 1313/19/4 1278/19/4 1314/19/4
f 1279/20/4 1280/20/4 1315/20/4
f 1314/13/4 1279/13/4 1315/13/4
f 1281/19/4 1282/19/4 1316/19/4
f 1315/20/4 1280/20/4 1316/20/4
f 1280/19/4 1281/19/4 1316/19/4
f 1316/19/4 1282/19/4 1317/19/4
f 1282/22/4 1283/22/4 1318/22/4
f 1317/19/4 1282/19/4 1318/19/4
f 1283/27/4 1284/27/4 1319/27/4
f 1318/22/4 1283/22/4 1319/22/4
f 1285/23/4 1286/23/4 1320/23/4
f 1319/27/4 1284/27/4 1320/27/4
f 1284/23/4 1285/23/4 1320/23/4
f 1320/23/4 1286/23/4 1321/23/4
f 1286/27/4 1287/27/4 1322/27/4
f 1321/23/4 1286/23/4 1322/23/4
f 1287/17/4 1288/17/4 1323/17/4
f 1322/27/4 1287/27/4 1323/27/4
f 1288/27/4 1289/27/4 1324/27/4
f 1323/17/4 1288/17/4 1324/17/4
f 1289/1/4 1290/1/4 1325/1/4
f 1324/27/4 1289/27/4 1325/27/4
f 1290/5/4 1291/5/4 1326/5/4
f 1325/1/4 1290/1/4 1326/1/4
f 1291/5/4 1292/5/4 1326/5/4
f 1326/5/4 1292/5/4 1327/5/4
f 1292/7/4 1293/7/4 1328/7/4
f 1327/5/4 1292/5/4 1328/5/4
f 1293/1/4 1294/1/4 1329/1/4
f 1328/7/4 1293/7/4 1329/7/4
f 1295/10/4 1296/10/4 1330/10/4
f 1329/1/4 1294/1/4 1330/1/4
f 1294/10/4 1295/10/4 1330/10/4
f 1296/1/4 1297/1/4 1331/1/4
f 1330/10/4 1296/10/4 1331/10/4
f 1297/16/4 1298/16/4 1332/16/4
f 1331/1/4 1297/1/4 1332/1/4
f 1298/8/4 1299/8/4 1333/8/4
f 1332/16/4 1298/16/4 1333/16/4
f 1299/8/4 1300/8/4 1333/8/4
f 1300/13/4 1301/13/4 1334/13/4
f 1333/8/4 1300/8/4 1334/8/4
f 1301/7/4 1302/7/4 1335/7/4
f 1334/13/4 1301/13/4 1335/13/4
f 1302/13/4 1303/13/4 1336/13/4
f 1335/7/4 1302/7/4 1336/7/4
f 1303/6/4 1267/6/4 1337/6/4
f 1336/13/4 1303/13/4 1337/13/4
f 1267/14/4 1304/14/4 1338/14/4
f 1337/6/4 1267/6/4 1338/6/4
f 1304/6/4 1305/6/4 1339/6/4
f 1338/14/4 1304/14/4 1339/14/4
f 1305/14/4 1306/14/4 1340/14/4
f 1339/6/4 1305/6/4 1340/6/4
f 1306/6/4 1307/6/4 1341/6/4
f 1340/14/4 1306/14/4 1341/14/4
f 1307/15/4 1308/15/4 1342/15/4
f 1308/15/4 1272/15/4 1342/15/4
f 1272/7/4 1273/7/4 1343/7/4
f 1342/15/4 1272/15/4 1343/15/4
f 1343/7/4 1273/7/4 1344/7/4
f 1309/20/4 1310/20/4 1345/20/4
f 1310/4/4 1311/4/4 1346/4/4
f 1345/20/4 1310/20/4 1346/20/4
f 1311/19/4 1312/19/4 1347/19/4
f 1346/4/4 1311/4/4 1347/4/4
f 1313/4/4 1314/4/4 1348/4/4
f 1347/19/4 1312/19/4 1348/19/4
f 1312/4/4 1313/4/4 1348/4/4
f 1348/4/4 1314/4/4 1349/4/4
f 1314/19/4 1315/19/4 1350/19/4
f 1349/4/4 1314/4/4 1350/4/4
f 1315/19/4 1316/19/4 1350/19/4
f 1350/19/4 1316/19/4 1351/19/4
f 1316/20/4 1317/20/4 1352/20/4
f 1351/19/4 1316/19/4 1352/19/4
f 1317/19/4 1318/19/4 1353/19/4
f 1352/20/4 1317/20/4 1353/20/4
f 1318/27/4 1319/27/4 1354/27/4
f 1353/19/4 1318/19/4 1354/19/4
f 1319/27/4 1320/27/4 1354/27/4
f 1354/27/4 1320/27/4 1355/27/4
f 1320/26/4 1321/26/4 1356/26/4
f 1355/27/4 1320/27/4 1356/27/4
f 1321/27/4 1322/27/4 1357/27/4
f 1356/26/4 1321/26/4 1357/26/4
f 1322/23/4 1323/23/4 1358/23/4
f 1357/27/4 1322/27/4 1358/27/4
f 1323/27/4 1324/27/4 1359/27/4
f 1358/23/4 1323/23/4 1359/23/4
f 1324/11/4 1325/11/4 1360/11/4
f 1359/27/4 1324/27/4 1360/27/4
f 1325/11/4 1326/11/4 1360/11/4
f 1360/11/4 1326/11/4 1361/11/4
f 1326/5/4 1327/5/4 1362/5/4
f 1361/11/4 1326/11/4 1362/11/4
f 1327/7/4 1328/7/4 1363/7/4
f 1362/5/4 1327/5/4 1363/5/4
f 1328/6/4 1329/6/4 1364/6/4
f 1363/7/4 1328/7/4 1364/7/4
f 1329/7/4 1330/7/4 1365/7/4
f 1364/6/4 1329/6/4 1365/6/4
f 1330/7/4 1331/7/4 1365/7/4
f 1365/7/4 1331/7/4 1366/7/4
f 1332/8/4 1333/8/4 1367/8/4
f 1366/7/4 1331/7/4 1367/7/4
f 1331/8/4 1332/8/4 1367/8/4
f 1333/7/4 1334/7/4 1368/7/4
f 1367/8/4 1333/8/4 1368/8/4
f 1334/5/4 1335/5/4 1369/5/4
f 1368/7/4 1334/7/4 1369/7/4
f 1336/5/4 1337/5/4 1370/5/4
f 1335/15/4 1336/15/4 1370/15/4
f 1338/6/4 1339/6/4 1371/6/4
f 1370/5/4 1337/5/4 1371/5/4
f 1337/6/4 1338/6/4 1371/6/4
f 1371/6/4 1339/6/4 1372/6/4
f 1339/14/4 1340/14/4 1373/14/4
f 1372/6/4 1339/6/4 1373/6/4
f 1340/6/4 1341/6/4 1374/6/4
f 1373/14/4 1340/14/4 1374/14/4
f 1307/15/4 1342/15/4 1375/15/4
f 1374/6/4 1341/6/4 1375/6/4
f 1341/6/4 1307/6/4 1375/6/4
f 1343/15/4 1344/15/4 1376/15/4
f 1342/6/4 1343/6/4 1376/6/4
f 1376/15/4 1344/15/4 1377/15/4
f 1345/19/4 1346/19/4 1378/19/4
f 1346/1/4 1347/1/4 1379/1/4
f 1378/19/4 1346/19/4 1379/19/4
f 1347/5/4 1348/5/4 1380/5/4
f 1379/1/4 1347/1/4 1380/1/4
f 1348/9/4 1349/9/4 1381/9/4
f 1380/5/4 1348/5/4 1381/5/4
f 1349/19/4 1350/19/4 1382/19/4
f 1381/9/4 1349/9/4 1382/9/4
f 1350/4/4 1351/4/4 1383/4/4
f 1382/19/4 1350/19/4 1383/19/4
f 1351/20/4 1352/20/4 1384/20/4
f 1383/4/4 1351/4/4 1384/4/4
f 1352/19/4 1353/19/4 1385/19/4
f 1384/20/4 1352/20/4 1385/20/4
f 1353/4/4 1354/4/4 1386/4/4
f 1385/19/4 1353/19/4 1386/19/4
f 1354/27/4 1355/27/4 1387/27/4
f 1386/4/4 1354/4/4 1387/4/4
f 1355/22/4 1356/22/4 1388/22/4
f 1387/27/4 1355/27/4 1388/27/4
f 1356/27/4 1357/27/4 1389/27/4
f 1388/22/4 1356/22/4 1389/22/4
f 1357/23/4 1358/23/4 1390/23/4
f 1389/27/4 1357/27/4 1390/27/4
f 1358/27/4 1359/27/4 1391/27/4
f 1390/23/4 1358/23/4 1391/23/4
f 1359/23/4 1360/23/4 1392/23/4
f 1391/27/4 1359/27/4 1392/27/4
f 1360/27/4 1361/27/4 1393/27/4
f 1392/23/4 1360/23/4 1393/23/4
f 1361/11/4 1362/11/4 1394/11/4
f 1393/27/4 1361/27/4 1394/27/4
f 1362/12/4 1363/12/4 1395/12/4
f 1394/11/4 1362/11/4 1395/11/4
f 1363/8/4 1364/8/4 1396/8/4
f 1395/12/4 1363/12/4 1396/12/4
f 1364/7/4 1365/7/4 1397/7/4
f 1396/8/4 1364/8/4 1397/8/4
f 1365/6/4 1366/6/4 1398/6/4
f 1397/7/4 1365/7/4 1398/7/4
f 1366/14/4 1367/14/4 1399/14/4
f 1398/6/4 1366/6/4 1399/6/4
f 1367/7/4 1368/7/4 1400/7/4
f 1399/14/4 1367/14/4 1400/14/4
f 1400/7/4 1368/7/4 1401/7/4
f 1368/6/4 1369/6/4 1402/6/4
f 1401/7/4 1368/7/4 1402/7/4
f 1369/5/4 1335/5/4 1403/5/4
f 1402/6/4 1369/6/4 1403/6/4
f 1335/15/4 1370/15/4 1404/15/4
f 1403/5/4 1335/5/4 1404/5/4
f 1370/13/4 1371/13/4 1405/13/4
f 1404/15/4 1370/15/4 1405/15/4
f 1371/15/4 1372/15/4 1406/15/4
f 1405/13/4 1371/13/4 1406/13/4
f 1373/6/4 1374/6/4 1407/6/4
f 1406/15/4 1372/15/4 1407/15/4
f 1372/6/4 1373/6/4 1407/6/4
f 1374/15/4 1375/15/4 1408/15/4
f 1407/6/4 1374/6/4 1408/6/4
f 1408/15/4 1375/15/4 1409/15/4
f 1375/15/4 1342/15/4 1410/15/4
f 1409/15/4 1375/15/4 1410/15/4
f 1342/6/4 1376/6/4 1411/6/4
f 1410/15/4 1342/15/4 1411/15/4
f 1376/6/4 1377/6/4 1411/6/4
f 1411/6/4 1377/6/4 1412/6/4
f 1412/6/4 1377/6/4 1413/6/4
f 1379/19/4 1380/19/4 1414/19/4
f 1380/5/4 1381/5/4 1414/5/4
f 1381/10/4 1382/10/4 1415/10/4
f 1414/5/4 1381/5/4 1415/5/4
f 1382/4/4 1383/4/4 1416/4/4
f 1415/10/4 1382/10/4 1416/10/4
f 1383/20/4 1384/20/4 1417/20/4
f 1416/4/4 1383/4/4 1417/4/4
f 1386/19/4 1387/19/4 1418/19/4
f 1417/20/4 1384/20/4 1418/20/4
f 1385/19/4 1386/19/4 1418/19/4
f 1384/19/4 1385/19/4 1418/19/4
f 1418/19/4 1387/19/4 1419/19/4
f 1419/19/4 1387/19/4 1420/19/4
f 1387/20/4 1388/20/4 1421/20/4
f 1420/19/4 1387/19/4 1421/19/4
f 1388/27/4 1389/27/4 1422/27/4
f 1421/20/4 1388/20/4 1422/20/4
f 1389/26/4 1390/26/4 1423/26/4
f 1422/27/4 1389/27/4 1423/27/4
f 1390/27/4 1391/27/4 1424/27/4
f 1423/26/4 1390/26/4 1424/26/4
f 1391/23/4 1392/23/4 1425/23/4
f 1424/27/4 1391/27/4 1425/27/4
f 1392/27/4 1393/27/4 1426/27/4
f 1425/23/4 1392/23/4 1426/23/4
f 1393/23/4 1394/23/4 1427/23/4
f 1426/27/4 1393/27/4 1427/27/4
f 1394/27/4 1395/27/4 1428/27/4
f 1427/23/4 1394/23/4 1428/23/4
f 1396/12/4 1397/12/4 1429/12/4
f 1428/27/4 1395/27/4 1429/27/4
f 1395/12/4 1396/12/4 1429/12/4
f 1429/12/4 1397/12/4 1430/12/4
f 1397/7/4 1398/7/4 1431/7/4
f 1430/12/4 1397/12/4 1431/12/4
f 1398/7/4 1399/7/4 1431/7/4
f 1431/7/4 1399/7/4 1432/7/4
f 1399/6/4 1400/6/4 1433/6/4
f 1432/7/4 1399/7/4 1433/7/4
f 1433/6/4 1400/6/4 1434/6/4
f 1400/7/4 1401/7/4 1435/7/4
f 1434/6/4 1400/6/4 1435/6/4
f 1401/6/4 1402/6/4 1436/6/4
f 1435/7/4 1401/7/4 1436/7/4
f 1402/7/4 1403/7/4 1437/7/4
f 1436/6/4 1402/6/4 1437/6/4
f 1437/7/4 1403/7/4 1438/7/4
f 1403/15/4 1404/15/4 1439/15/4
f 1438/7/4 1403/7/4 1439/7/4
f 1405/7/4 1406/7/4 1440/7/4
f 1439/15/4 1404/15/4 1440/15/4
f 1404/7/4 1405/7/4 1440/7/4
f 1406/7/4 1407/7/4 1440/7/4
f 1407/15/4 1408/15/4 1441/15/4
f 1440/7/4 1407/7/4 1441/7/4
f 1408/14/4 1409/14/4 1442/14/4
f 1441/15/4 1408/15/4 1442/15/4
f 1409/15/4 1410/15/4 1443/15/4
f 1442/14/4 1409/14/4 1443/14/4
f 1411/6/4 1412/6/4 1444/6/4
f 1410/6/4 1411/6/4 1444/6/4
f 1412/15/4 1413/15/4 1445/15/4
f 1444/6/4 1412/6/4 1445/6/4
f 1445/15/4 1413/15/4 1446/15/4
f 1378/4/4 1379/4/4 1447/4/4
f 1379/19/4 1414/19/4 1448/19/4
f 1447/4/4 1379/4/4 1448/4/4
f 1414/19/4 1415/19/4 1448/19/4
f 1415/3/4 1416/3/4 1449/3/4
f 1448/19/4 1415/19/4 1449/19/4
f 1416/4/4 1417/4/4 1450/4/4
f 1449/3/4 1416/3/4 1450/3/4
f 1417/19/4 1418/19/4 1451/19/4
f 1450/4/4 1417/4/4 1451/4/4
f 1418/20/4 1419/20/4 1452/20/4
f 1451/19/4 1418/19/4 1452/19/4
f 1419/19/4 1420/19/4 1453/19/4
f 1452/20/4 1419/20/4 1453/20/4
f 1420/20/4 1421/20/4 1454/20/4
f 1453/19/4 1420/19/4 1454/19/4
f 1421/4/4 1422/4/4 1455/4/4
f 1454/20/4 1421/20/4 1455/20/4
f 1422/20/4 1423/20/4 1456/20/4
f 1455/4/4 1422/4/4 1456/4/4
f 1423/27/4 1424/27/4 1457/27/4
f 1456/20/4 1423/20/4 1457/20/4
f 1424/26/4 1425/26/4 1458/26/4
f 1457/27/4 1424/27/4 1458/27/4
f 1425/26/4 1426/26/4 1458/26/4
f 1458/26/4 1426/26/4 1459/26/4
f 1426/23/4 1427/23/4 1460/23/4
f 1459/26/4 1426/26/4 1460/26/4
f 1427/26/4 1428/26/4 1461/26/4
f 1460/23/4 1427/23/4 1461/23/4
f 1428/26/4 1429/26/4 1461/26/4
f 1461/26/4 1429/26/4 1462/26/4
f 1429/24/4 1430/24/4 1463/24/4
f 1462/26/4 1429/26/4 1463/26/4
f 1431/8/4 1432/8/4 1464/8/4
f 1463/24/4 1430/24/4 1464/24/4
f 1430/8/4 1431/8/4 1464/8/4
f 1464/8/4 1432/8/4 1465/8/4
f 1433/15/4 1434/15/4 1466/15/4
f 1465/8/4 1432/8/4 1466/8/4
f 1432/15/4 1433/15/4 1466/15/4
f 1434/6/4 1435/6/4 1467/6/4
f 1466/15/4 1434/15/4 1467/15/4
f 1435/6/4 1436/6/4 1467/6/4
f 1436/7/4 1437/7/4 1468/7/4
f 1467/6/4 1436/6/4 1468/6/4
f 1437/6/4 1438/6/4 1469/6/4
f 1468/7/4 1437/7/4 1469/7/4
f 1438/14/4 1439/14/4 1470/14/4
f 1469/6/4 1438/6/4 1470/6/4
f 1439/14/4 1440/14/4 1470/14/4
f 1440/6/4 1441/6/4 1471/6/4
f 1470/14/4 1440/14/4 1471/14/4
f 1471/6/4 1441/6/4 1472/6/4
f 1472/6/4 1441/6/4 1473/6/4
f 1441/14/4 1442/14/4 1474/14/4
f 1473/6/4 1441/6/4 1474/6/4
f 1474/14/4 1442/14/4 1475/14/4
f 1442/6/4 1443/6/4 1476/6/4
f 1475/14/4 1442/14/4 1476/14/4
f 1443/15/4 1410/15/4 1477/15/4
f 1476/6/4 1443/6/4 1477/6/4
f 1410/6/4 1444/6/4 1478/6/4
f 1477/15/4 1410/15/4 1478/15/4
f 1444/15/4 1445/15/4 1479/15/4
f 1478/6/4 1444/6/4 1479/6/4
f 1448/4/4 1449/4/4 1480/4/4
f 1450/4/4 1451/4/4 1480/4/4
f 1449/4/4 1450/4/4 1480/4/4
f 1480/4/4 1451/4/4 1481/4/4
f 1451/20/4 1452/20/4 1482/20/4
f 1481/4/4 1451/4/4 1482/4/4
f 1452/4/4 1453/4/4 1483/4/4
f 1482/20/4 1452/20/4 1483/20/4
f 1453/20/4 1454/20/4 1484/20/4
f 1483/4/4 1453/4/4 1484/4/4
f 1454/3/4 1455/3/4 1485/3/4
f 1484/20/4 1454/20/4 1485/20/4
f 1455/13/4 1456/13/4 1486/13/4
f 1485/3/4 1455/3/4 1486/3/4
f 1456/3/4 1457/3/4 1487/3/4
f 1486/13/4 1456/13/4 1487/13/4
f 1458/27/4 1459/27/4 1488/27/4
f 1457/5/4 1458/5/4 1488/5/4
f 1459/26/4 1460/26/4 1489/26/4
f 1488/27/4 1459/27/4 1489/27/4
f 1461/26/4 1462/26/4 1489/26/4
f 1460/26/4 1461/26/4 1489/26/4
f 1489/26/4 1462/26/4 1490/26/4
f 1462/24/4 1463/24/4 1491/24/4
f 1490/26/4 1462/26/4 1491/26/4
f 1463/8/4 1464/8/4 1492/8/4
f 1491/24/4 1463/24/4 1492/24/4
f 1464/7/4 1465/7/4 1493/7/4
f 1492/8/4 1464/8/4 1493/8/4
f 1466/8/4 1467/8/4 1494/8/4
f 1493/7/4 1465/7/4 1494/7/4
f 1465/8/4 1466/8/4 1494/8/4
f 1494/8/4 1467/8/4 1495/8/4
f 1495/8/4 1467/8/4 1496/8/4
f 1467/7/4 1468/7/4 1497/7/4
f 1496/8/4 1467/8/4 1497/8/4
f 1497/7/4 1468/7/4 1498/7/4
f 1468/15/4 1469/15/4 1499/15/4
f 1498/7/4 1468/7/4 1499/7/4
f 1469/15/4 1470/15/4 1499/15/4
f 1499/15/4 1470/15/4 1500/15/4
f 1470/6/4 1471/6/4 1501/6/4
f 1500/15/4 1470/15/4 1501/15/4
f 1471/6/4 1472/6/4 1501/6/4
f 1472/15/4 1473/15/4 1502/15/4
f 1501/6/4 1472/6/4 1502/6/4
f 1473/14/4 1474/14/4 1503/14/4
f 1502/15/4 1473/15/4 1503/15/4
f 1474/6/4 1475/6/4 1504/6/4
f 1503/14/4 1474/14/4 1504/14/4
f 1475/14/4 1476/14/4 1505/14/4
f 1504/6/4 1475/6/4 1505/6/4
f 1476/15/4 1477/15/4 1506/15/4
f 1505/14/4 1476/14/4 1506/14/4
f 1477/6/4 1478/6/4 1507/6/4
f 1506/15/4 1477/15/4 1507/15/4
f 1478/15/4 1479/15/4 1508/15/4
f 1507/6/4 1478/6/4 1508/6/4
f 1479/15/4 1445/15/4 1509/15/4
f 1508/15/4 1479/15/4 1509/15/4
f 1445/7/4 1446/7/4 1510/7/4
f 1509/15/4 1445/15/4 1510/15/4
f 1510/7/4 1446/7/4 1511/7/4
f 1482/4/4 1483/4/4 1512/4/4
f 1481/4/4 1482/4/4 1512/4/4
f 1512/4/4 1483/4/4 1513/4/4
f 1487/3/4 1457/3/4 1514/3/4
f 1457/5/4 1488/5/4 1514/5/4
f 1488/24/4 1489/24/4 1515/24/4
f 1514/5/4 1488/5/4 1515/5/4
f 1489/26/4 1490/26/4 1516/26/4
f 1515/24/4 1489/24/4 1516/24/4
f 1490/24/4 1491/24/4 1517/24/4
f 1516/26/4 1490/26/4 1517/26/4
f 1491/8/4 1492/8/4 1518/8/4
f 1517/24/4 1491/24/4 1518/24/4
f 1492/7/4 1493/7/4 1519/7/4
f 1518/8/4 1492/8/4 1519/8/4
f 1493/8/4 1494/8/4 1520/8/4
f 1519/7/4 1493/7/4 1520/7/4
f 1494/7/4 1495/7/4 1521/7/4
f 1520/8/4 1494/8/4 1521/8/4
f 1495/8/4 1496/8/4 1522/8/4
f 1521/7/4 1495/7/4 1522/7/4
f 1496/10/4 1497/10/4 1523/10/4
f 1522/8/4 1496/8/4 1523/8/4
f 1497/2/4 1498/2/4 1524/2/4
f 1523/10/4 1497/10/4 1524/10/4
f 1498/13/4 1499/13/4 1525/13/4
f 1524/2/4 1498/2/4 1525/2/4
f 1499/8/4 1500/8/4 1526/8/4
f 1525/13/4 1499/13/4 1526/13/4
f 1501/15/4 1502/15/4 1527/15/4
f 1500/7/4 1501/7/4 1527/7/4
f 1503/6/4 1504/6/4 1528/6/4
f 1527/15/4 1502/15/4 1528/15/4
f 1502/6/4 1503/6/4 1528/6/4
f 1504/7/4 1505/7/4 1529/7/4
f 1528/6/4 1504/6/4 1529/6/4
f 1505/15/4 1506/15/4 1530/15/4
f 1529/7/4 1505/7/4 1530/7/4
f 1506/6/4 1507/6/4 1531/6/4
f 1530/15/4 1506/15/4 1531/15/4
f 1507/15/4 1508/15/4 1532/15/4
f 1531/6/4 1507/6/4 1532/6/4
f 1508/7/4 1509/7/4 1533/7/4
f 1532/15/4 1508/15/4 1533/15/4
f 1509/15/4 1510/15/4 1534/15/4
f 1533/7/4 1509/7/4 1534/7/4
f 1510/8/4 1511/8/4 1535/8/4
f 1534/15/4 1510/15/4 1535/15/4
f 1513/4/4 1483/4/4 1536/4/4
f 1512/8/4 1513/8/4 1536/8/4
f 1483/5/4 1484/5/4 1537/5/4
f 1536/4/4 1483/4/4 1537/4/4
f 1484/9/4 1485/9/4 1538/9/4
f 1537/5/4 1484/5/4 1538/5/4
f 1485/13/4 1486/13/4 1539/13/4
f 1538/9/4 1485/9/4 1539/9/4
f 1486/2/4 1487/2/4 1540/2/4
f 1539/13/4 1486/13/4 1540/13/4
f 1487/3/4 1514/3/4 1541/3/4
f 1540/2/4 1487/2/4 1541/2/4
f 1514/13/4 1515/13/4 1542/13/4
f 1541/3/4 1514/3/4 1542/3/4
f 1515/20/4 1516/20/4 1543/20/4
f 1542/13/4 1515/13/4 1543/13/4
f 1516/24/4 1517/24/4 1544/24/4
f 1543/20/4 1516/20/4 1544/20/4
f 1544/24/4 1517/24/4 1545/24/4
f 1517/7/4 1518/7/4 1546/7/4
f 1545/24/4 1517/24/4 1546/24/4
f 1518/7/4 1519/7/4 1546/7/4
f 1520/8/4 1521/8/4 1547/8/4
f 1546/7/4 1519/7/4 1547/7/4
f 1521/8/4 1522/8/4 1547/8/4
f 1519/8/4 1520/8/4 1547/8/4
f 1522/28/4 1523/28/4 1548/28/4
f 1547/8/4 1522/8/4 1548/8/4
f 1524/8/4 1525/8/4 1549/8/4
f 1548/28/4 1523/28/4 1549/28/4
f 1525/8/4 1526/8/4 1549/8/4
f 1523/8/4 1524/8/4 1549/8/4
f 1549/8/4 1526/8/4 1550/8/4
f 1526/8/4 1500/8/4 1551/8/4
f 1550/8/4 1526/8/4 1551/8/4
f 1500/7/4 1527/7/4 1552/7/4
f 1551/8/4 1500/8/4 1552/8/4
f 1528/7/4 1529/7/4 1552/7/4
f 1527/7/4 1528/7/4 1552/7/4
f 1552/7/4 1529/7/4 1553/7/4
f 1553/7/4 1529/7/4 1554/7/4
f 1554/7/4 1529/7/4 1555/7/4
f 1555/7/4 1529/7/4 1556/7/4
f 1529/6/4 1530/6/4 1557/6/4
f 1556/7/4 1529/7/4 1557/7/4
f 1530/14/4 1531/14/4 1558/14/4
f 1557/6/4 1530/6/4 1558/6/4
f 1531/6/4 1532/6/4 1559/6/4
f 1558/14/4 1531/14/4 1559/14/4
f 1532/7/4 1533/7/4 1560/7/4
f 1559/6/4 1532/6/4 1560/6/4
f 1533/15/4 1534/15/4 1561/15/4
f 1560/7/4 1533/7/4 1561/7/4
f 1534/7/4 1535/7/4 1562/7/4
f 1561/15/4 1534/15/4 1562/15/4
f 1512/8/4 1536/8/4 1563/8/4
f 1536/7/4 1537/7/4 1564/7/4
f 1563/8/4 1536/8/4 1564/8/4
f 1537/20/4 1538/20/4 1565/20/4
f 1564/7/4 1537/7/4 1565/7/4
f 1538/3/4 1539/3/4 1566/3/4
f 1565/20/4 1538/20/4 1566/20/4
f 1539/2/4 1540/2/4 1567/2/4
f 1566/3/4 1539/3/4 1567/3/4
f 1540/3/4 1541/3/4 1568/3/4
f 1567/2/4 1540/2/4 1568/2/4
f 1541/5/4 1542/5/4 1569/5/4
f 1568/3/4 1541/3/4 1569/3/4
f 1542/20/4 1543/20/4 1570/20/4
f 1569/5/4 1542/5/4 1570/5/4
f 1543/8/4 1544/8/4 1571/8/4
f 1570/20/4 1543/20/4 1571/20/4
f 1544/7/4 1545/7/4 1572/7/4
f 1571/8/4 1544/8/4 1572/8/4
f 1546/8/4 1547/8/4 1573/8/4
f 1572/7/4 1545/7/4 1573/7/4
f 1545/8/4 1546/8/4 1573/8/4
f 1547/7/4 1548/7/4 1574/7/4
f 1573/8/4 1547/8/4 1574/8/4
f 1574/7/4 1548/7/4 1575/7/4
f 1548/8/4 1549/8/4 1576/8/4
f 1575/7/4 1548/7/4 1576/7/4
f 1549/7/4 1550/7/4 1577/7/4
f 1576/8/4 1549/8/4 1577/8/4
f 1577/7/4 1550/7/4 1578/7/4
f 1550/8/4 1551/8/4 1579/8/4
f 1578/7/4 1550/7/4 1579/7/4
f 1551/7/4 1552/7/4 1580/7/4
f 1579/8/4 1551/8/4 1580/8/4
f 1552/8/4 1553/8/4 1581/8/4
f 1580/7/4 1552/7/4 1581/7/4
f 1553/7/4 1554/7/4 1582/7/4
f 1581/8/4 1553/8/4 1582/8/4
f 1554/15/4 1555/15/4 1583/15/4
f 1582/7/4 1554/7/4 1583/7/4
f 1555/7/4 1556/7/4 1584/7/4
f 1583/15/4 1555/15/4 1584/15/4
f 1556/6/4 1557/6/4 1585/6/4
f 1584/7/4 1556/7/4 1585/7/4
f 1558/6/4 1559/6/4 1585/6/4
f 1557/6/4 1558/6/4 1585/6/4
f 1585/6/4 1559/6/4 1586/6/4
f 1586/6/4 1559/6/4 1587/6/4
f 1587/6/4 1559/6/4 1588/6/4
f 1559/15/4 1560/15/4 1589/15/4
f 1588/6/4 1559/6/4 1589/6/4
f 1560/8/4 1561/8/4 1590/8/4
f 1589/15/4 1560/15/4 1590/15/4
f 1561/7/4 1562/7/4 1591/7/4
f 1562/7/4 1535/7/4 1591/7/4
f 1535/8/4 1511/8/4 1592/8/4
f 1591/7/4 1535/7/4 1592/7/4
f 1592/8/4 1511/8/4 1593/8/4
f 1564/8/4 1565/8/4 1595/8/4
f 1565/7/4 1566/7/4 1596/7/4
f 1595/8/4 1565/8/4 1596/8/4
f 1566/20/4 1567/20/4 1597/20/4
f 1596/7/4 1566/7/4 1597/7/4
f 1567/20/4 1568/20/4 1597/20/4
f 1568/5/4 1569/5/4 1598/5/4
f 1597/20/4 1568/20/4 1598/20/4
f 1571/7/4 1572/7/4 1599/7/4
f 1598/5/4 1569/5/4 1599/5/4
f 1570/7/4 1571/7/4 1599/7/4
f 1569/7/4 1570/7/4 1599/7/4
f 1572/8/4 1573/8/4 1600/8/4
f 1599/7/4 1572/7/4 1600/7/4
f 1574/7/4 1575/7/4 1601/7/4
f 1600/8/4 1573/8/4 1601/8/4
f 1573/7/4 1574/7/4 1601/7/4
f 1601/7/4 1575/7/4 1602/7/4
f 1575/8/4 1576/8/4 1603/8/4
f 1602/7/4 1575/7/4 1603/7/4
f 1576/7/4 1577/7/4 1604/7/4
f 1603/8/4 1576/8/4 1604/8/4
f 1577/7/4 1578/7/4 1604/7/4
f 1604/7/4 1578/7/4 1605/7/4
f 1578/15/4 1579/15/4 1606/15/4
f 1605/7/4 1578/7/4 1606/7/4
f 1579/15/4 1580/15/4 1606/15/4
f 1580/8/4 1581/8/4 1607/8/4
f 1606/15/4 1580/15/4 1607/15/4
f 1581/7/4 1582/7/4 1608/7/4
f 1607/8/4 1581/8/4 1608/8/4
f 1582/15/4 1583/15/4 1609/15/4
f 1608/7/4 1582/7/4 1609/7/4
f 1583/6/4 1584/6/4 1610/6/4
f 1609/15/4 1583/15/4 1610/15/4
f 1584/6/4 1585/6/4 1610/6/4
f 1610/6/4 1585/6/4 1611/6/4
f 1585/7/4 1586/7/4 1612/7/4
f 1611/6/4 1585/6/4 1612/6/4
f 1586/15/4 1587/15/4 1613/15/4
f 1612/7/4 1586/7/4 1613/7/4
f 1587/6/4 1588/6/4 1614/6/4
f 1613/15/4 1587/15/4 1614/15/4
f 1588/15/4 1589/15/4 1615/15/4
f 1614/6/4 1588/6/4 1615/6/4
f 1589/7/4 1590/7/4 1616/7/4
f 1615/15/4 1589/15/4 1616/15/4
f 1590/8/4 1561/8/4 1617/8/4
f 1616/7/4 1590/7/4 1617/7/4
f 1561/7/4 1591/7/4 1618/7/4
f 1617/8/4 1561/8/4 1618/8/4
f 1591/24/4 1592/24/4 1619/24/4
f 1618/7/4 1591/7/4 1619/7/4
f 1619/24/4 1592/24/4 1620/24/4
f 1595/7/4 1596/7/4 1622/7/4
f 1596/8/4 1597/8/4 1622/8/4
f 1597/7/4 1598/7/4 1623/7/4
f 1622/8/4 1597/8/4 1623/8/4
f 1598/7/4 1599/7/4 1623/7/4
f 1599/8/4 1600/8/4 1624/8/4
f 1623/7/4 1599/7/4 1624/7/4
f 1624/8/4 1600/8/4 1625/8/4
f 1600/7/4 1601/7/4 1626/7/4
f 1625/8/4 1600/8/4 1626/8/4
f 1601/7/4 1602/7/4 1626/7/4
f 1626/7/4 1602/7/4 1627/7/4
f 1602/8/4 1603/8/4 1628/8/4
f 1627/7/4 1602/7/4 1628/7/4
f 1604/7/4 1605/7/4 1629/7/4
f 1628/8/4 1603/8/4 1629/8/4
f 1603/7/4 1604/7/4 1629/7/4
f 1629/7/4 1605/7/4 1630/7/4
f 1630/7/4 1605/7/4 1631/7/4
f 1605/15/4 1606/15/4 1632/15/4
f 1631/7/4 1605/7/4 1632/7/4
f 1607/7/4 1608/7/4 1633/7/4
f 1632/15/4 1606/15/4 1633/15/4
f 1606/7/4 1607/7/4 1633/7/4
f 1608/8/4 1609/8/4 1634/8/4
f 1633/7/4 1608/7/4 1634/7/4
f 1609/7/4 1610/7/4 1635/7/4
f 1634/8/4 1609/8/4 1635/8/4
f 1610/15/4 1611/15/4 1636/15/4
f 1635/7/4 1610/7/4 1636/7/4
f 1612/6/4 1613/6/4 1637/6/4
f 1636/15/4 1611/15/4 1637/15/4
f 1611/6/4 1612/6/4 1637/6/4
f 1613/7/4 1614/7/4 1638/7/4
f 1637/6/4 1613/6/4 1638/6/4
f 1615/15/4 1616/15/4 1639/15/4
f 1638/7/4 1614/7/4 1639/7/4
f 1614/15/4 1615/15/4 1639/15/4
f 1639/15/4 1616/15/4 1640/15/4
f 1616/8/4 1617/8/4 1641/8/4
f 1640/15/4 1616/15/4 1641/15/4
f 1617/22/4 1618/22/4 1642/22/4
f 1641/8/4 1617/8/4 1642/8/4
f 1618/24/4 1619/24/4 1643/24/4
f 1642/22/4 1618/22/4 1643/22/4
f 1619/21/4 1620/21/4 1644/21/4
f 1643/24/4 1619/24/4 1644/24/4
f 1620/24/4 1621/24/4 1645/24/4
f 1644/21/4 1620/21/4 1645/21/4
f 1645/24/4 1621/24/4 1646/24/4
f 1595/7/4 1622/7/4 1648/7/4
f 1594/8/4 1595/8/4 1648/8/4
f 1622/7/4 1623/7/4 1648/7/4
f 1648/7/4 1623/7/4 1649/7/4
f 1623/8/4 1624/8/4 1650/8/4
f 1649/7/4 1623/7/4 1650/7/4
f 1650/8/4 1624/8/4 1651/8/4
f 1651/8/4 1624/8/4 1652/8/4
f 1624/15/4 1625/15/4 1653/15/4
f 1652/8/4 1624/8/4 1653/8/4
f 1625/7/4 1626/7/4 1654/7/4
f 1653/15/4 1625/15/4 1654/15/4
f 1626/8/4 1627/8/4 1655/8/4
f 1654/7/4 1626/7/4 1655/7/4
f 1655/8/4 1627/8/4 1656/8/4
f 1627/15/4 1628/15/4 1657/15/4
f 1656/8/4 1627/8/4 1657/8/4
f 1628/7/4 1629/7/4 1658/7/4
f 1657/15/4 1628/15/4 1658/15/4
f 1658/7/4 1629/7/4 1659/7/4
f 1629/15/4 1630/15/4 1660/15/4
f 1659/7/4 1629/7/4 1660/7/4
f 1630/7/4 1631/7/4 1661/7/4
f 1660/15/4 1630/15/4 1661/15/4
f 1631/8/4 1632/8/4 1662/8/4
f 1661/7/4 1631/7/4 1662/7/4
f 1632/7/4 1633/7/4 1663/7/4
f 1662/8/4 1632/8/4 1663/8/4
f 1635/15/4 1636/15/4 1664/15/4
f 1663/7/4 1633/7/4 1664/7/4
f 1636/15/4 1637/15/4 1664/15/4
f 1637/15/4 1638/15/4 1664/15/4
f 1633/15/4 1634/15/4 1664/15/4
f 1634/15/4 1635/15/4 1664/15/4
f 1664/15/4 1638/15/4 1665/15/4
f 1665/15/4 1638/15/4 1666/15/4
f 1666/15/4 1638/15/4 1667/15/4
f 1667/15/4 1638/15/4 1668/15/4
f 1668/15/4 1638/15/4 1669/15/4
f 1638/8/4 1639/8/4 1670/8/4
f 1669/15/4 1638/15/4 1670/15/4
f 1639/15/4 1640/15/4 1671/15/4
f 1670/8/4 1639/8/4 1671/8/4
f 1640/8/4 1641/8/4 1672/8/4
f 1671/15/4 1640/15/4 1672/15/4
f 1641/22/4 1642/22/4 1673/22/4
f 1672/8/4 1641/8/4 1673/8/4
f 1642/21/4 1643/21/4 1674/21/4
f 1673/22/4 1642/22/4 1674/22/4
f 1643/8/4 1644/8/4 1675/8/4
f 1674/21/4 1643/21/4 1675/21/4
f 1644/24/4 1645/24/4 1676/24/4
f 1675/8/4 1644/8/4 1676/8/4
f 1645/23/4 1646/23/4 1677/23/4
f 1676/24/4 1645/24/4 1677/24/4
f 1646/27/4 1647/27/4 1678/27/4
f 1677/23/4 1646/23/4 1678/23/4
f 1678/27/4 1647/27/4 1679/27/4
f 1594/8/4 1648/8/4 1681/8/4
f 1648/15/4 1649/15/4 1682/15/4
f 1681/8/4 1648/8/4 1682/8/4
f 1650/7/4 1651/7/4 1683/7/4
f 1682/15/4 1649/15/4 1683/15/4
f 1649/7/4 1650/7/4 1683/7/4
f 1683/7/4 1651/7/4 1684/7/4
f 1651/15/4 1652/15/4 1685/15/4
f 1684/7/4 1651/7/4 1685/7/4
f 1652/7/4 1653/7/4 1686/7/4
f 1685/15/4 1652/15/4 1686/15/4
f 1653/8/4 1654/8/4 1687/8/4
f 1686/7/4 1653/7/4 1687/7/4
f 1654/15/4 1655/15/4 1688/15/4
f 1687/8/4 1654/8/4 1688/8/4
f 1655/15/4 1656/15/4 1688/15/4
f 1657/7/4 1658/7/4 1689/7/4
f 1688/15/4 1656/15/4 1689/15/4
f 1656/7/4 1657/7/4 1689/7/4
f 1658/7/4 1659/7/4 1689/7/4
f 1689/7/4 1659/7/4 1690/7/4
f 1660/8/4 1661/8/4 1691/8/4
f 1690/7/4 1659/7/4 1691/7/4
f 1659/8/4 1660/8/4 1691/8/4
f 1661/7/4 1662/7/4 1692/7/4
f 1691/8/4 1661/8/4 1692/8/4
f 1662/15/4 1663/15/4 1693/15/4
f 1692/7/4 1662/7/4 1693/7/4
f 1663/7/4 1664/7/4 1694/7/4
f 1693/15/4 1663/15/4 1694/15/4
f 1664/7/4 1665/7/4 1694/7/4
f 1665/8/4 1666/8/4 1695/8/4
f 1694/7/4 1665/7/4 1695/7/4
f 1666/7/4 1667/7/4 1696/7/4
f 1695/8/4 1666/8/4 1696/8/4
f 1667/15/4 1668/15/4 1697/15/4
f 1696/7/4 1667/7/4 1697/7/4
f 1668/7/4 1669/7/4 1698/7/4
f 1697/15/4 1668/15/4 1698/15/4
f 1669/15/4 1670/15/4 1699/15/4
f 1698/7/4 1669/7/4 1699/7/4
f 1671/24/4 1672/24/4 1700/24/4
f 1699/15/4 1670/15/4 1700/15/4
f 1670/24/4 1671/24/4 1700/24/4
f 1700/24/4 1672/24/4 1701/24/4
f 1672/23/4 1673/23/4 1702/23/4
f 1701/24/4 1672/24/4 1702/24/4
f 1673/15/4 1674/15/4 1703/15/4
f 1702/23/4 1673/23/4 1703/23/4
f 1674/23/4 1675/23/4 1704/23/4
f 1703/15/4 1674/15/4 1704/15/4
f 1675/7/4 1676/7/4 1705/7/4
f 1704/23/4 1675/23/4 1705/23/4
f 1705/7/4 1676/7/4 1706/7/4
f 1677/24/4 1678/24/4 1707/24/4
f 1683/15/4 1684/15/4 1708/15/4
f 1682/8/4 1683/8/4 1708/8/4
f 1685/8/4 1686/8/4 1709/8/4
f 1708/15/4 1684/15/4 1709/15/4
f 1684/8/4 1685/8/4 1709/8/4
f 1709/8/4 1686/8/4 1710/8/4
f 1687/15/4 1688/15/4 1711/15/4
f 1710/8/4 1686/8/4 1711/8/4
f 1686/15/4 1687/15/4 1711/15/4
f 1711/15/4 1688/15/4 1712/15/4
f 1688/7/4 1689/7/4 1713/7/4
f 1712/15/4 1688/15/4 1713/15/4
f 1689/15/4 1690/15/4 1714/15/4
f 1713/7/4 1689/7/4 1714/7/4
f 1690/8/4 1691/8/4 1715/8/4
f 1714/15/4 1690/15/4 1715/15/4
f 1691/15/4 1692/15/4 1716/15/4
f 1715/8/4 1691/8/4 1716/8/4
f 1692/15/4 1693/15/4 1716/15/4
f 1716/15/4 1693/15/4 1717/15/4
f 1717/15/4 1693/15/4 1718/15/4
f 1694/8/4 1695/8/4 1719/8/4
f 1718/15/4 1693/15/4 1719/15/4
f 1693/8/4 1694/8/4 1719/8/4
f 1719/8/4 1695/8/4 1720/8/4
f 1696/15/4 1697/15/4 1721/15/4
f 1720/8/4 1695/8/4 1721/8/4
f 1695/15/4 1696/15/4 1721/15/4
f 1721/15/4 1697/15/4 1722/15/4
f 1697/7/4 1698/7/4 1723/7/4
f 1722/15/4 1697/15/4 1723/15/4
f 1698/8/4 1699/8/4 1724/8/4
f 1723/7/4 1698/7/4 1724/7/4
f 1700/21/4 1701/21/4 1725/21/4
f 1699/24/4 1700/24/4 1725/24/4
f 1701/22/4 1702/22/4 1726/22/4
f 1725/21/4 1701/21/4 1726/21/4
f 1702/15/4 1703/15/4 1727/15/4
f 1726/22/4 1702/22/4 1727/22/4
f 1703/7/4 1704/7/4 1728/7/4
f 1727/15/4 1703/15/4 1728/15/4
f 1704/23/4 1705/23/4 1729/23/4
f 1728/7/4 1704/7/4 1729/7/4
f 1706/24/4 1707/24/4 1730/24/4
f 1729/23/4 1705/23/4 1730/23/4
f 1705/24/4 1706/24/4 1730/24/4
f 1730/24/4 1707/24/4 1731/24/4
f 1707/24/4 1678/24/4 1732/24/4
f 1731/24/4 1707/24/4 1732/24/4
f 1678/23/4 1679/23/4 1732/23/4
f 1679/27/4 1680/27/4 1733/27/4
f 1732/23/4 1679/23/4 1733/23/4
f 1733/27/4 1680/27/4 1734/27/4
f 1682/8/4 1708/8/4 1736/8/4
f 1708/8/4 1709/8/4 1736/8/4
f 1736/8/4 1709/8/4 1737/8/4
f 1709/7/4 1710/7/4 1738/7/4
f 1737/8/4 1709/8/4 1738/8/4
f 1711/15/4 1712/15/4 1739/15/4
f 1738/7/4 1710/7/4 1739/7/4
f 1710/15/4 1711/15/4 1739/15/4
f 1712/7/4 1713/7/4 1740/7/4
f 1739/15/4 1712/15/4 1740/15/4
f 1740/7/4 1713/7/4 1741/7/4
f 1713/15/4 1714/15/4 1742/15/4
f 1741/7/4 1713/7/4 1742/7/4
f 1742/15/4 1714/15/4 1743/15/4
f 1714/8/4 1715/8/4 1744/8/4
f 1743/15/4 1714/15/4 1744/15/4
f 1716/15/4 1717/15/4 1745/15/4
f 1744/8/4 1715/8/4 1745/8/4
f 1715/15/4 1716/15/4 1745/15/4
f 1745/15/4 1717/15/4 1746/15/4
f 1746/15/4 1717/15/4 1747/15/4
f 1717/7/4 1718/7/4 1748/7/4
f 1747/15/4 1717/15/4 1748/15/4
f 1718/8/4 1719/8/4 1749/8/4
f 1748/7/4 1718/7/4 1749/7/4
f 1719/7/4 1720/7/4 1750/7/4
f 1749/8/4 1719/8/4 1750/8/4
f 1720/15/4 1721/15/4 1751/15/4
f 1750/7/4 1720/7/4 1751/7/4
f 1721/6/4 1722/6/4 1752/6/4
f 1751/15/4 1721/15/4 1752/15/4
f 1722/8/4 1723/8/4 1753/8/4
f 1752/6/4 1722/6/4 1753/6/4
f 1723/8/4 1724/8/4 1753/8/4
f 1753/8/4 1724/8/4 1754/8/4
f 1754/8/4 1724/8/4 1755/8/4
f 1699/24/4 1725/24/4 1756/24/4
f 1755/8/4 1724/8/4 1756/8/4
f 1724/8/4 1699/8/4 1756/8/4
f 1725/23/4 1726/23/4 1757/23/4
f 1756/24/4 1725/24/4 1757/24/4
f 1726/21/4 1727/21/4 1758/21/4
f 1757/23/4 1726/23/4 1758/23/4
f 1727/24/4 1728/24/4 1759/24/4
f 1758/21/4 1727/21/4 1759/21/4
f 1728/8/4 1729/8/4 1760/8/4
f 1759/24/4 1728/24/4 1760/24/4
f 1729/23/4 1730/23/4 1761/23/4
f 1760/8/4 1729/8/4 1761/8/4
f 1730/21/4 1731/21/4 1762/21/4
f 1761/23/4 1730/23/4 1762/23/4
f 1731/23/4 1732/23/4 1763/23/4
f 1762/21/4 1731/21/4 1763/21/4
f 1763/23/4 1732/23/4 1764/23/4
f 1732/27/4 1733/27/4 1765/27/4
f 1764/23/4 1732/23/4 1765/23/4
f 1765/27/4 1733/27/4 1766/27/4
f 1736/8/4 1737/8/4 1767/8/4
f 1735/8/4 1736/8/4 1767/8/4
f 1738/15/4 1739/15/4 1768/15/4
f 1767/8/4 1737/8/4 1768/8/4
f 1737/15/4 1738/15/4 1768/15/4
f 1768/15/4 1739/15/4 1769/15/4
f 1739/7/4 1740/7/4 1770/7/4
f 1769/15/4 1739/15/4 1770/15/4
f 1770/7/4 1740/7/4 1771/7/4
f 1740/15/4 1741/15/4 1772/15/4
f 1771/7/4 1740/7/4 1772/7/4
f 1741/8/4 1742/8/4 1773/8/4
f 1772/15/4 1741/15/4 1773/15/4
f 1742/7/4 1743/7/4 1774/7/4
f 1773/8/4 1742/8/4 1774/8/4
f 1743/8/4 1744/8/4 1775/8/4
f 1774/7/4 1743/7/4 1775/7/4
f 1745/15/4 1746/15/4 1776/15/4
f 1775/8/4 1744/8/4 1776/8/4
f 1744/15/4 1745/15/4 1776/15/4
f 1776/15/4 1746/15/4 1777/15/4
f 1746/7/4 1747/7/4 1778/7/4
f 1777/15/4 1746/15/4 1778/15/4
f 1748/8/4 1749/8/4 1779/8/4
f 1778/7/4 1747/7/4 1779/7/4
f 1747/8/4 1748/8/4 1779/8/4
f 1779/8/4 1749/8/4 1780/8/4
f 1749/7/4 1750/7/4 1781/7/4
f 1780/8/4 1749/8/4 1781/8/4
f 1750/8/4 1751/8/4 1782/8/4
f 1781/7/4 1750/7/4 1782/7/4
f 1751/8/4 1752/8/4 1782/8/4
f 1752/8/4 1753/8/4 1782/8/4
f 1782/8/4 1753/8/4 1783/8/4
f 1783/8/4 1753/8/4 1784/8/4
f 1753/7/4 1754/7/4 1785/7/4
f 1784/8/4 1753/8/4 1785/8/4
f 1785/7/4 1754/7/4 1786/7/4
f 1754/15/4 1755/15/4 1787/15/4
f 1786/7/4 1754/7/4 1787/7/4
f 1756/8/4 1757/8/4 1788/8/4
f 1787/15/4 1755/15/4 1788/15/4
f 1755/8/4 1756/8/4 1788/8/4
f 1757/24/4 1758/24/4 1789/24/4
f 1788/8/4 1757/8/4 1789/8/4
f 1758/23/4 1759/23/4 1790/23/4
f 1789/24/4 1758/24/4 1790/24/4
f 1759/23/4 1760/23/4 1790/23/4
f 1760/24/4 1761/24/4 1791/24/4
f 1790/23/4 1760/23/4 1791/23/4
f 1761/23/4 1762/23/4 1792/23/4
f 1791/24/4 1761/24/4 1792/24/4
f 1763/24/4 1764/24/4 1793/24/4
f 1792/23/4 1762/23/4 1793/23/4
f 1762/24/4 1763/24/4 1793/24/4
f 1764/27/4 1765/27/4 1794/27/4
f 1793/24/4 1764/24/4 1794/24/4
f 1794/27/4 1765/27/4 1795/27/4
f 1735/8/4 1767/8/4 1796/8/4
f 1767/7/4 1768/7/4 1797/7/4
f 1796/8/4 1767/8/4 1797/8/4
f 1768/8/4 1769/8/4 1798/8/4
f 1797/7/4 1768/7/4 1798/7/4
f 1770/7/4 1771/7/4 1799/7/4
f 1798/8/4 1769/8/4 1799/8/4
f 1769/7/4 1770/7/4 1799/7/4
f 1772/8/4 1773/8/4 1800/8/4
f 1799/7/4 1771/7/4 1800/7/4
f 1771/8/4 1772/8/4 1800/8/4
f 1773/7/4 1774/7/4 1801/7/4
f 1800/8/4 1773/8/4 1801/8/4
f 1774/8/4 1775/8/4 1802/8/4
f 1801/7/4 1774/7/4 1802/7/4
f 1775/7/4 1776/7/4 1803/7/4
f 1802/8/4 1775/8/4 1803/8/4
f 1776/15/4 1777/15/4 1804/15/4
f 1803/7/4 1776/7/4 1804/7/4
f 1777/7/4 1778/7/4 1805/7/4
f 1804/15/4 1777/15/4 1805/15/4
f 1778/8/4 1779/8/4 1806/8/4
f 1805/7/4 1778/7/4 1806/7/4
f 1779/7/4 1780/7/4 1807/7/4
f 1806/8/4 1779/8/4 1807/8/4
f 1780/15/4 1781/15/4 1808/15/4
f 1807/7/4 1780/7/4 1808/7/4
f 1781/8/4 1782/8/4 1809/8/4
f 1808/15/4 1781/15/4 1809/15/4
f 1782/8/4 1783/8/4 1809/8/4
f 1809/8/4 1783/8/4 1810/8/4
f 1783/7/4 1784/7/4 1811/7/4
f 1810/8/4 1783/8/4 1811/8/4
f 1784/15/4 1785/15/4 1812/15/4
f 1811/7/4 1784/7/4 1812/7/4
f 1812/15/4 1785/15/4 1813/15/4
f 1785/6/4 1786/6/4 1814/6/4
f 1813/15/4 1785/15/4 1814/15/4
f 1786/7/4 1787/7/4 1815/7/4
f 1814/6/4 1786/6/4 1815/6/4
f 1787/8/4 1788/8/4 1816/8/4
f 1815/7/4 1787/7/4 1816/7/4
f 1816/8/4 1788/8/4 1817/8/4
f 1790/24/4 1791/24/4 1818/24/4
f 1791/23/4 1792/23/4 1819/23/4
f 1818/24/4 1791/24/4 1819/24/4
f 1792/24/4 1793/24/4 1820/24/4
f 1819/23/4 1792/23/4 1820/23/4
f 1820/24/4 1793/24/4 1821/24/4
f 1797/8/4 1798/8/4 1822/8/4
f 1798/7/4 1799/7/4 1823/7/4
f 1822/8/4 1798/8/4 1823/8/4
f 1799/8/4 1800/8/4 1824/8/4
f 1823/7/4 1799/7/4 1824/7/4
f 1800/7/4 1801/7/4 1825/7/4
f 1824/8/4 1800/8/4 1825/8/4
f 1801/8/4 1802/8/4 1826/8/4
f 1825/7/4 1801/7/4 1826/7/4
f 1803/15/4 1804/15/4 1827/15/4
f 1826/8/4 1802/8/4 1827/8/4
f 1802/15/4 1803/15/4 1827/15/4
f 1804/7/4 1805/7/4 1828/7/4
f 1827/15/4 1804/15/4 1828/15/4
f 1805/8/4 1806/8/4 1829/8/4
f 1828/7/4 1805/7/4 1829/7/4
f 1806/7/4 1807/7/4 1830/7/4
f 1829/8/4 1806/8/4 1830/8/4
f 1807/6/4 1808/6/4 1831/6/4
f 1830/7/4 1807/7/4 1831/7/4
f 1808/8/4 1809/8/4 1832/8/4
f 1831/6/4 1808/6/4 1832/6/4
f 1809/7/4 1810/7/4 1833/7/4
f 1832/8/4 1809/8/4 1833/8/4
f 1810/15/4 1811/15/4 1834/15/4
f 1833/7/4 1810/7/4 1834/7/4
f 1811/6/4 1812/6/4 1835/6/4
f 1834/15/4 1811/15/4 1835/15/4
f 1812/7/4 1813/7/4 1836/7/4
f 1835/6/4 1812/6/4 1836/6/4
f 1813/8/4 1814/8/4 1837/8/4
f 1836/7/4 1813/7/4 1837/7/4
f 1814/8/4 1815/8/4 1837/8/4
f 1837/8/4 1815/8/4 1838/8/4
f 1819/24/4 1820/24/4 1839/24/4
f 1839/24/4 1820/24/4 1840/24/4
f 1824/7/4 1825/7/4 1841/7/4
f 1825/8/4 1826/8/4 1842/8/4
f 1841/7/4 1825/7/4 1842/7/4
f 1826/15/4 1827/15/4 1843/15/4
f 1842/8/4 1826/8/4 1843/8/4
f 1827/7/4 1828/7/4 1844/7/4
f 1843/15/4 1827/15/4 1844/15/4
f 1844/7/4 1828/7/4 1845/7/4
f 1828/8/4 1829/8/4 1846/8/4
f 1845/7/4 1828/7/4 1846/7/4
f 1829/7/4 1830/7/4 1847/7/4
f 1846/8/4 1829/8/4 1847/8/4
f 1830/6/4 1831/6/4 1848/6/4
f 1847/7/4 1830/7/4 1848/7/4
f 1831/8/4 1832/8/4 1849/8/4
f 1848/6/4 1831/6/4 1849/6/4
f 1832/7/4 1833/7/4 1850/7/4
f 1849/8/4 1832/8/4 1850/8/4
f 1833/15/4 1834/15/4 1851/15/4
f 1850/7/4 1833/7/4 1851/7/4
f 1834/7/4 1835/7/4 1852/7/4
f 1851/15/4 1834/15/4 1852/15/4
f 1835/8/4 1836/8/4 1853/8/4
f 1852/7/4 1835/7/4 1853/7/4
f 1853/8/4 1836/8/4 1854/8/4
f 1823/8/4 1824/8/4 1855/8/4
f 1824/7/4 1841/7/4 1856/7/4
f 1855/8/4 1824/8/4 1856/8/4
f 1841/15/4 1842/15/4 1857/15/4
f 1856/7/4 1841/7/4 1857/7/4
f 1844/7/4 1845/7/4 1858/7/4
f 1857/15/4 1842/15/4 1858/15/4
f 1842/7/4 1843/7/4 1858/7/4
f 1843/7/4 1844/7/4 1858/7/4
f 1858/7/4 1845/7/4 1859/7/4
f 1859/7/4 1845/7/4 1860/7/4
f 1845/8/4 1846/8/4 1861/8/4
f 1860/7/4 1845/7/4 1861/7/4
f 1846/7/4 1847/7/4 1862/7/4
f 1861/8/4 1846/8/4 1862/8/4
f 1847/15/4 1848/15/4 1863/15/4
f 1862/7/4 1847/7/4 1863/7/4
f 1848/8/4 1849/8/4 1864/8/4
f 1863/15/4 1848/15/4 1864/15/4
f 1849/7/4 1850/7/4 1865/7/4
f 1864/8/4 1849/8/4 1865/8/4
f 1850/15/4 1851/15/4 1866/15/4
f 1865/7/4 1850/7/4 1866/7/4
f 1851/8/4 1852/8/4 1867/8/4
f 1866/15/4 1851/15/4 1867/15/4
f 1867/8/4 1852/8/4 1868/8/4
f 1856/8/4 1857/8/4 1869/8/4
f 1857/8/4 1858/8/4 1869/8/4
f 1869/8/4 1858/8/4 1870/8/4
f 1858/7/4 1859/7/4 1871/7/4
f 1870/8/4 1858/8/4 1871/8/4
f 1859/15/4 1860/15/4 1872/15/4
f 1871/7/4 1859/7/4 1872/7/4
f 1860/8/4 1861/8/4 1873/8/4
f 1872/15/4 1860/15/4 1873/15/4
f 1873/8/4 1861/8/4 1874/8/4
f 1862/15/4 1863/15/4 1875/15/4
f 1874/8/4 1861/8/4 1875/8/4
f 1861/15/4 1862/15/4 1875/15/4
f 1875/15/4 1863/15/4 1876/15/4
f 1863/8/4 1864/8/4 1877/8/4
f 1876/15/4 1863/15/4 1877/15/4
f 1864/7/4 1865/7/4 1878/7/4
f 1877/8/4 1864/8/4 1878/8/4
f 1865/8/4 1866/8/4 1879/8/4
f 1878/7/4 1865/7/4 1879/7/4
f 1866/8/4 1867/8/4 1879/8/4
f 1879/8/4 1867/8/4 1880/8/4
f 1873/8/4 1874/8/4 1881/8/4
f 1870/8/4 1871/8/4 1881/8/4
f 1872/8/4 1873/8/4 1881/8/4
f 1871/8/4 1872/8/4 1881/8/4
f 1881/8/4 1874/8/4 1882/8/4
f 1882/8/4 1874/8/4 1883/8/4
f 1883/8/4 1874/8/4 1884/8/4
f 1874/15/4 1875/15/4 1885/15/4
f 1884/8/4 1874/8/4 1885/8/4
f 1875/6/4 1876/6/4 1886/6/4
f 1885/15/4 1875/15/4 1886/15/4
f 1876/8/4 1877/8/4 1887/8/4
f 1886/6/4 1876/6/4 1887/6/4
f 1877/15/4 1878/15/4 1888/15/4
f 1887/8/4 1877/8/4 1888/8/4
f 1878/8/4 1879/8/4 1889/8/4
f 1888/15/4 1878/15/4 1889/15/4
f 1889/8/4 1879/8/4 1890/8/4
f 1882/8/4 1883/8/4 1891/8/4
f 1883/15/4 1884/15/4 1892/15/4
f 1891/8/4 1883/8/4 1892/8/4
f 1884/6/4 1885/6/4 1893/6/4
f 1892/15/4 1884/15/4 1893/15/4
f 1885/6/4 1886/6/4 1893/6/4
f 1886/8/4 1887/8/4 1894/8/4
f 1893/6/4 1886/6/4 1894/6/4
f 1887/7/4 1888/7/4 1895/7/4
f 1894/8/4 1887/8/4 1895/8/4
f 1888/8/4 1889/8/4 1896/8/4
f 1895/7/4 1888/7/4 1896/7/4
f 1896/8/4 1889/8/4 1897/8/4
f 1892/8/4 1893/8/4 1898/8/4
f 1893/8/4 1894/8/4 1898/8/4
f 1898/8/4 1894/8/4 1899/8/4
f 1894/15/4 1895/15/4 1900/15/4
f 1899/8/4 1894/8/4 1900/8/4
f 1895/8/4 1896/8/4 1901/8/4
f 1900/15/4 1895/15/4 1901/15/4
f 1901/8/4 1896/8/4 1902/8/4
f 1899/8/4 1900/8/4 1903/8/4
f 1900/8/4 1901/8/4 1903/8/4
f 1903/8/4 1901/8/4 1904/8/4
f 1911/20/5 1906/20/5 1905/20/5
f 1912/4/5 1907/4/5 1906/4/5
f 1912/20/5 1906/20/5 1911/20/5
f 1913/20/5 1908/20/5 1907/20/5
f 1913/4/5 1907/4/5 1912/4/5
f 1914/19/5 1909/19/5 1908/19/5
f 1914/20/5 1908/20/5 1913/20/5
f 1915/4/5 1910/4/5 1909/4/5
f 1915/19/5 1909/19/5 1914/19/5
f 1916/4/5 1910/4/5 1915/4/5
f 1919/4/5 1918/4/5 1917/4/5
f 1920/4/5 1918/4/5 1919/4/5
f 1930/19/5 1922/19/5 1921/19/5
f 1931/19/5 1922/19/5 1930/19/5
f 1932/4/5 1924/4/5 1923/4/5
f 1933/8/5 1925/8/5 1924/8/5
f 1933/4/5 1924/4/5 1932/4/5
f 1934/8/5 1925/8/5 1933/8/5
f 1935/8/5 1927/8/5 1926/8/5
f 1936/8/5 1927/8/5 1935/8/5
f 1937/8/5 1929/8/5 1928/8/5
f 1938/8/5 1929/8/5 1937/8/5
f 1947/19/5 1940/19/5 1939/19/5
f 1948/19/5 1940/19/5 1947/19/5
f 1949/8/5 1942/8/5 1941/8/5
f 1950/8/5 1942/8/5 1949/8/5
f 1951/8/5 1944/8/5 1943/8/5
f 1952/8/5 1944/8/5 1951/8/5
f 1953/8/5 1946/8/5 1945/8/5
f 1954/8/5 1946/8/5 1953/8/5
f 1959/20/5 1956/20/5 1955/20/5
f 1960/20/5 1956/20/5 1959/20/5
f 1961/8/5 1958/8/5 1957/8/5
f 1962/8/5 1958/8/5 1961/8/5
f 1967/20/5 1964/20/5 1963/20/5
f 1968/20/5 1964/20/5 1967/20/5
f 1969/8/5 1966/8/5 1965/8/5
f 1970/8/5 1966/8/5 1969/8/5
f 1973/8/5 1972/8/5 1971/8/5
f 1974/8/5 1972/8/5 1973/8/5
f 1977/8/5 1976/8/5 1975/8/5
f 1978/8/5 1976/8/5 1977/8/5
f 1981/8/5 1980/8/5 1979/8/5
f 1982/8/5 1980/8/5 1981/8/5
f 1985/8/5 1984/8/5 1983/8/5
f 1986/8/5 1984/8/5 1985/8/5
f 1989/13/5 1988/13/5 1987/13/5
f 1990/13/5 1988/13/5 1989/13/5
f 1993/3/5 1992/3/5 1991/3/5
f 1994/3/5 1992/3/5 1993/3/5
f 1997/7/5 1996/7/5 1995/7/5
f 1998/7/5 1996/7/5 1997/7/5
f 2001/8/5 2000/8/5 1999/8/5
f 2002/8/5 2000/8/5 2001/8/5
f 2006/6/5 2004/6/5 2003/6/5
f 2007/15/5 2005/15/5 2004/15/5
f 2007/6/5 2004/6/5 2006/6/5
f 2008/15/5 2005/15/5 2007/15/5
f 2011/24/5 2010/24/5 2009/24/5
f 2012/24/5 2010/24/5 2011/24/5
f 2015/24/5 2014/24/5 2013/24/5
f 2016/24/5 2014/24/5 2015/24/5
f 2019/24/5 2018/24/5 2017/24/5
f 2020/24/5 2018/24/5 2019/24/5
f 2021/3/6 2022/3/6 2023/3/6
f 2023/3/6 2022/3/6 2024/3/6
f 2025/13/6 2026/13/6 2027/13/6
f 2027/13/6 2026/13/6 2028/13/6
f 2029/15/6 2030/15/6 2033/15/6
f 2033/15/6 2030/15/6 2034/15/6
f 2031/8/6 2032/8/6 2035/8/6
f 2035/8/6 2032/8/6 2036/8/6
f 2037/8/6 2038/8/6 2039/8/6
f 2039/8/6 2038/8/6 2040/8/6
f 2041/7/6 2042/7/6 2045/7/6
f 2045/7/6 2042/7/6 2046/7/6
f 2043/8/6 2044/8/6 2047/8/6
f 2047/8/6 2044/8/6 2048/8/6
f 2049/8/6 2050/8/6 2051/8/6
f 2051/8/6 2050/8/6 2052/8/6
f 2053/8/6 2054/8/6 2055/8/6
f 2055/8/6 2054/8/6 2056/8/6
f 2057/8/6 2058/8/6 2059/8/6
f 2059/8/6 2058/8/6 2060/8/6
f 2061/8/6 2062/8/6 2063/8/6
f 2063/8/6 2062/8/6 2064/8/6
f 2065/8/6 2066/8/6 2067/8/6
f 2067/8/6 2066/8/6 2068/8/6
f 2069/6/6 2070/6/6 2073/6/6
f 2073/6/6 2070/6/6 2074/6/6
f 2071/8/6 2072/8/6 2075/8/6
f 2075/8/6 2072/8/6 2076/8/6
f 2077/15/6 2078/15/6 2079/15/6
f 2079/15/6 2078/15/6 2080/15/6
f 2081/7/6 2082/7/6 2083/7/6
f 2083/7/6 2082/7/6 2084/7/6
f 2085/7/6 2086/7/6 2089/7/6
f 2089/7/6 2086/7/6 2090/7/6
f 2087/24/6 2088/24/6 2091/24/6
f 2091/24/6 2088/24/6 2092/24/6
f 2093/15/6 2094/15/6 2097/15/6
f 2097/15/6 2094/15/6 2098/15/6
f 2095/24/6 2096/24/6 2099/24/6
f 2099/24/6 2096/24/6 2100/24/6
f 2101/15/6 2102/15/6 2105/15/6
f 2105/15/6 2102/15/6 2106/15/6
f 2103/7/6 2104/7/6 2107/7/6
f 2107/7/6 2104/7/6 2108/7/6
f 2109/7/6 2110/7/6 2113/7/6
f 2113/7/6 2110/7/6 2114/7/6
f 2111/24/6 2112/24/6 2115/24/6
f 2115/24/6 2112/24/6 2116/24/6
f 2117/7/6 2118/7/6 2128/7/6
f 2118/15/6 2119/15/6 2129/15/6
f 2128/7/6 2118/7/6 2129/7/6
f 2119/6/6 2120/6/6 2130/6/6
f 2129/15/6 2119/15/6 2130/15/6
f 2120/15/6 2121/15/6 2131/15/6
f 2130/6/6 2120/6/6 2131/6/6
f 2121/7/6 2122/7/6 2132/7/6
f 2131/15/6 2121/15/6 2132/15/6
f 2122/8/6 2123/8/6 2133/8/6
f 2132/7/6 2122/7/6 2133/7/6
f 2133/8/6 2123/8/6 2134/8/6
f 2124/24/6 2125/24/6 2135/24/6
f 2135/24/6 2125/24/6 2136/24/6
f 2126/27/6 2127/27/6 2137/27/6
f 2137/27/6 2127/27/6 2138/27/6
f 2139/27/6 2140/27/6 2143/27/6
f 2143/27/6 2140/27/6 2144/27/6
f 2141/27/6 2142/27/6 2145/27/6
f 2145/27/6 2142/27/6 2146/27/6
f 2147/27/6 2148/27/6 2149/27/6
f 2149/27/6 2148/27/6 2150/27/6
