# MagicaVoxel @ Ephtracy

# group
o 

# material
mtllib Player_Run_02.mtl
usemtl palette

# normals
vn -1 0 0
vn 1 0 0
vn 0 0 1
vn 0 0 -1
vn 0 -1 0
vn 0 1 0

# texcoords
vt 0.00195312 0.5
vt 0.00585938 0.5
vt 0.00976562 0.5
vt 0.0136719 0.5
vt 0.0175781 0.5
vt 0.0214844 0.5
vt 0.0253906 0.5
vt 0.0292969 0.5
vt 0.0332031 0.5
vt 0.0371094 0.5
vt 0.0410156 0.5
vt 0.0449219 0.5
vt 0.0488281 0.5
vt 0.0527344 0.5
vt 0.0566406 0.5
vt 0.0605469 0.5
vt 0.0644531 0.5
vt 0.0683594 0.5
vt 0.0722656 0.5
vt 0.0761719 0.5
vt 0.0800781 0.5
vt 0.0839844 0.5
vt 0.0878906 0.5
vt 0.0917969 0.5
vt 0.0996094 0.5
vt 0.119141 0.5
vt 0.123047 0.5

# verts
v -1.5 2.6 0.0999999
v -1.5 2.6 -0.1
v -1.5 2.7 0.0999999
v -1.5 2.7 -0.1
v -1.4 0.9 0.0999999
v -1.4 0.9 -0.1
v -1.4 1 0.0999999
v -1.4 1 -0.1
v -1.4 1.1 0.0999999
v -1.4 1.1 -0.1
v -1.4 2.7 0.0999999
v -1.4 2.7 -0.1
v -1.4 2.8 0.0999999
v -1.4 2.8 -0.1
v -1.4 3.1 0.0999999
v -1.4 3.1 -0.1
v -1.3 0.8 0.0999999
v -1.3 0.8 -0.1
v -1.3 0.9 0.0999999
v -1.3 0.9 -0.1
v -1.3 1.1 0.0999999
v -1.3 1.1 -0.1
v -1.3 1.2 0.0999999
v -1.3 1.2 -0.1
v -1.3 2.5 0.0999999
v -1.3 2.5 -0.1
v -1.3 2.6 0.0999999
v -1.3 2.6 -0.1
v -1.3 3.1 0.0999999
v -1.3 3.1 -0.1
v -1.3 3.2 0.0999999
v -1.3 3.2 -0.1
v -1.3 3.3 0.0999999
v -1.3 3.3 -0.1
v -1.2 1.2 0.0999999
v -1.2 1.2 -0.1
v -1.2 1.3 0.0999999
v -1.2 1.3 -0.1
v -1.2 2.3 0.0999999
v -1.2 2.3 -0.1
v -1.2 2.5 0.0999999
v -1.2 2.5 -0.1
v -1.2 3.3 0.0999999
v -1.2 3.3 -0.1
v -1.2 3.4 0.0999999
v -1.2 3.4 -0.1
v -1.1 0.5 0.0999999
v -1.1 0.5 -0.1
v -1.1 0.7 0.0999999
v -1.1 0.7 -0.1
v -1.1 0.8 0.0999999
v -1.1 0.8 -0.1
v -1.1 1.3 0.0999999
v -1.1 1.3 -0.1
v -1.1 1.4 0.0999999
v -1.1 1.4 -0.1
v -1.1 2 0.0999999
v -1.1 2 -0.1
v -1.1 2.2 0.0999999
v -1.1 2.2 -0.1
v -1.1 2.3 0.0999999
v -1.1 2.3 -0.1
v -1.1 3.4 0.0999999
v -1.1 3.4 -0.1
v -1.1 3.5 0.0999999
v -1.1 3.5 -0.1
v -1 0 0.0999999
v -1 0 -0.1
v -1 0.2 0.0999999
v -1 0.2 -0.1
v -1 0.3 0.0999999
v -1 0.3 -0.1
v -1 0.4 0.0999999
v -1 0.4 -0.1
v -1 0.5 0.0999999
v -1 0.5 -0.1
v -1 0.8 0.0999999
v -1 0.8 -0.1
v -1 0.9 0.0999999
v -1 0.9 -0.1
v -1 1.4 0.0999999
v -1 1.4 -0.1
v -1 1.5 0.0999999
v -1 1.5 -0.1
v -1 1.6 0.0999999
v -1 1.6 -0.1
v -1 1.9 0.0999999
v -1 1.9 -0.1
v -1 2 0.0999999
v -1 2 -0.1
v -1 3.5 0.0999999
v -1 3.5 -0.1
v -1 3.6 0.0999999
v -1 3.6 -0.1
v -0.9 0.3 0.0999999
v -0.9 0.3 -0.1
v -0.9 0.4 0.0999999
v -0.9 0.4 -0.1
v -0.9 1.6 0.0999999
v -0.9 1.6 -0.1
v -0.9 1.8 0.0999999
v -0.9 1.8 -0.1
v -0.9 1.9 0.0999999
v -0.9 1.9 -0.1
v -0.9 3.6 0.0999999
v -0.9 3.6 -0.1
v -0.9 3.7 0.0999999
v -0.9 3.7 -0.1
v -0.7 3.7 0.0999999
v -0.7 3.7 -0.1
v -0.7 3.8 0.0999999
v -0.7 3.8 -0.1
v -0.4 0.2 0.0999999
v -0.4 0.2 -0.1
v -0.4 0.3 0.0999999
v -0.4 0.3 -0.1
v -0.3 0 0.0999999
v -0.3 0 -0.1
v -0.3 0.1 0.0999999
v -0.3 0.1 -0.1
v -0.3 0.2 0.0999999
v -0.3 0.2 -0.1
v 0.4 0.4 0.0999999
v 0.4 0.4 -0.1
v 0.4 0.5 0.0999999
v 0.4 0.5 -0.1
v 0.4 3.7 0.0999999
v 0.4 3.7 -0.1
v 0.4 3.8 0.0999999
v 0.4 3.8 -0.1
v 0.5 3.8 0.0999999
v 0.5 3.8 -0.1
v 0.5 3.9 0.0999999
v 0.5 3.9 -0.1
v 0.6 3.9 0.0999999
v 0.6 3.9 -0.1
v 0.6 4 0.0999999
v 0.6 4 -0.1
v 0.7 3.6 0.0999999
v 0.7 3.6 -0.1
v 0.7 3.7 0.0999999
v 0.7 3.7 -0.1
v 0.9 0.4 0.0999999
v 0.9 0.4 -0.1
v 0.9 0.5 0.0999999
v 0.9 0.5 -0.1
v -1.1 0.8 0.0999999
v -1.1 0.8 -0.1
v -1.1 0.9 0.0999999
v -1.1 0.9 -0.1
v -0.7 0 0.0999999
v -0.7 0 -0.1
v -0.7 0.1 0.0999999
v -0.7 0.1 -0.1
v -0.6 0.1 0.0999999
v -0.6 0.1 -0.1
v -0.6 0.2 0.0999999
v -0.6 0.2 -0.1
v -0.6 0.3 0.0999999
v -0.6 0.3 -0.1
v 0 0 0.0999999
v 0 0 -0.1
v 0 0.1 0.0999999
v 0 0.1 -0.1
v 0 0.3 0.0999999
v 0 0.3 -0.1
v 0 0.4 0.0999999
v 0 0.4 -0.1
v 0.1 0.1 0.0999999
v 0.1 0.1 -0.1
v 0.1 0.3 0.0999999
v 0.1 0.3 -0.1
v 0.3 0.4 0.0999999
v 0.3 0.4 -0.1
v 0.3 0.5 0.0999999
v 0.3 0.5 -0.1
v 0.3 3.7 0.0999999
v 0.3 3.7 -0.1
v 0.3 3.8 0.0999999
v 0.3 3.8 -0.1
v 0.6 3.6 0.0999999
v 0.6 3.6 -0.1
v 0.6 3.7 0.0999999
v 0.6 3.7 -0.1
v 0.7 0.4 0.0999999
v 0.7 0.4 -0.1
v 0.7 0.5 0.0999999
v 0.7 0.5 -0.1
v 0.8 3.9 0.0999999
v 0.8 3.9 -0.1
v 0.8 4 0.0999999
v 0.8 4 -0.1
v 0.9 3.8 0.0999999
v 0.9 3.8 -0.1
v 0.9 3.9 0.0999999
v 0.9 3.9 -0.1
v 1 2.7 0.0999999
v 1 2.7 -0.1
v 1 3 0.0999999
v 1 3 -0.1
v 1 3.1 0.0999999
v 1 3.1 -0.1
v 1 3.5 0.0999999
v 1 3.5 -0.1
v 1 3.7 0.0999999
v 1 3.7 -0.1
v 1 3.8 0.0999999
v 1 3.8 -0.1
v 1.1 0.4 0.0999999
v 1.1 0.4 -0.1
v 1.1 0.5 0.0999999
v 1.1 0.5 -0.1
v 1.1 2.5 0.0999999
v 1.1 2.5 -0.1
v 1.1 2.6 0.0999999
v 1.1 2.6 -0.1
v 1.1 2.7 0.0999999
v 1.1 2.7 -0.1
v 1.1 3.1 0.0999999
v 1.1 3.1 -0.1
v 1.1 3.3 0.0999999
v 1.1 3.3 -0.1
v 1.1 3.4 0.0999999
v 1.1 3.4 -0.1
v 1.1 3.5 0.0999999
v 1.1 3.5 -0.1
v 1.2 0.5 0.0999999
v 1.2 0.5 -0.1
v 1.2 0.6 0.0999999
v 1.2 0.6 -0.1
v 1.2 2.2 0.0999999
v 1.2 2.2 -0.1
v 1.2 2.3 0.0999999
v 1.2 2.3 -0.1
v 1.2 2.5 0.0999999
v 1.2 2.5 -0.1
v 1.2 3.3 0.0999999
v 1.2 3.3 -0.1
v 1.2 3.4 0.0999999
v 1.2 3.4 -0.1
v 1.3 2 0.0999999
v 1.3 2 -0.1
v 1.3 2.1 0.0999999
v 1.3 2.1 -0.1
v 1.3 2.2 0.0999999
v 1.3 2.2 -0.1
v 1.4 0.6 0.0999999
v 1.4 0.6 -0.1
v 1.4 0.7 0.0999999
v 1.4 0.7 -0.1
v 1.4 1.9 0.0999999
v 1.4 1.9 -0.1
v 1.4 2 0.0999999
v 1.4 2 -0.1
v 1.5 0.7 0.0999999
v 1.5 0.7 -0.1
v 1.5 0.8 0.0999999
v 1.5 0.8 -0.1
v 1.5 1.7 0.0999999
v 1.5 1.7 -0.1
v 1.5 1.9 0.0999999
v 1.5 1.9 -0.1
v 1.6 0.8 0.0999999
v 1.6 0.8 -0.1
v 1.6 0.9 0.0999999
v 1.6 0.9 -0.1
v 1.6 1.6 0.0999999
v 1.6 1.6 -0.1
v 1.6 1.7 0.0999999
v 1.6 1.7 -0.1
v 1.7 0.9 0.0999999
v 1.7 0.9 -0.1
v 1.7 1 0.0999999
v 1.7 1 -0.1
v 1.7 1.5 0.0999999
v 1.7 1.5 -0.1
v 1.7 1.6 0.0999999
v 1.7 1.6 -0.1
v 1.8 1 0.0999999
v 1.8 1 -0.1
v 1.8 1.2 0.0999999
v 1.8 1.2 -0.1
v 1.8 1.4 0.0999999
v 1.8 1.4 -0.1
v 1.8 1.5 0.0999999
v 1.8 1.5 -0.1
v 1.9 1.2 0.0999999
v 1.9 1.2 -0.1
v 1.9 1.4 0.0999999
v 1.9 1.4 -0.1
v -1.5 2.6 0.0999999
v -1.5 2.7 0.0999999
v -1.4 0.9 0.0999999
v -1.4 1 0.0999999
v -1.4 1.1 0.0999999
v -1.4 2.6 0.0999999
v -1.4 2.7 0.0999999
v -1.4 2.8 0.0999999
v -1.4 3.1 0.0999999
v -1.3 0.8 0.0999999
v -1.3 0.9 0.0999999
v -1.3 1 0.0999999
v -1.3 1.1 0.0999999
v -1.3 1.2 0.0999999
v -1.3 2.5 0.0999999
v -1.3 2.6 0.0999999
v -1.3 2.7 0.0999999
v -1.3 2.8 0.0999999
v -1.3 2.9 0.0999999
v -1.3 3.1 0.0999999
v -1.3 3.2 0.0999999
v -1.3 3.3 0.0999999
v -1.2 0.8 0.0999999
v -1.2 0.9 0.0999999
v -1.2 1 0.0999999
v -1.2 1.1 0.0999999
v -1.2 1.2 0.0999999
v -1.2 1.3 0.0999999
v -1.2 2.3 0.0999999
v -1.2 2.5 0.0999999
v -1.2 2.6 0.0999999
v -1.2 2.7 0.0999999
v -1.2 2.8 0.0999999
v -1.2 2.9 0.0999999
v -1.2 3.1 0.0999999
v -1.2 3.2 0.0999999
v -1.2 3.3 0.0999999
v -1.2 3.4 0.0999999
v -1.1 0.5 0.0999999
v -1.1 0.7 0.0999999
v -1.1 0.8 0.0999999
v -1.1 0.9 0.0999999
v -1.1 1 0.0999999
v -1.1 1.1 0.0999999
v -1.1 1.2 0.0999999
v -1.1 1.3 0.0999999
v -1.1 1.4 0.0999999
v -1.1 2 0.0999999
v -1.1 2.2 0.0999999
v -1.1 2.3 0.0999999
v -1.1 2.4 0.0999999
v -1.1 2.5 0.0999999
v -1.1 2.6 0.0999999
v -1.1 2.7 0.0999999
v -1.1 2.8 0.0999999
v -1.1 2.9 0.0999999
v -1.1 3 0.0999999
v -1.1 3.1 0.0999999
v -1.1 3.2 0.0999999
v -1.1 3.3 0.0999999
v -1.1 3.4 0.0999999
v -1.1 3.5 0.0999999
v -1 0 0.0999999
v -1 0.2 0.0999999
v -1 0.3 0.0999999
v -1 0.4 0.0999999
v -1 0.5 0.0999999
v -1 0.6 0.0999999
v -1 0.7 0.0999999
v -1 0.8 0.0999999
v -1 0.9 0.0999999
v -1 1 0.0999999
v -1 1.1 0.0999999
v -1 1.3 0.0999999
v -1 1.4 0.0999999
v -1 1.5 0.0999999
v -1 1.6 0.0999999
v -1 1.9 0.0999999
v -1 2 0.0999999
v -1 2.1 0.0999999
v -1 2.2 0.0999999
v -1 2.3 0.0999999
v -1 2.4 0.0999999
v -1 2.5 0.0999999
v -1 2.6 0.0999999
v -1 2.7 0.0999999
v -1 2.8 0.0999999
v -1 2.9 0.0999999
v -1 3 0.0999999
v -1 3.1 0.0999999
v -1 3.2 0.0999999
v -1 3.3 0.0999999
v -1 3.4 0.0999999
v -1 3.5 0.0999999
v -1 3.6 0.0999999
v -0.9 0 0.0999999
v -0.9 0.1 0.0999999
v -0.9 0.2 0.0999999
v -0.9 0.3 0.0999999
v -0.9 0.4 0.0999999
v -0.9 0.5 0.0999999
v -0.9 0.6 0.0999999
v -0.9 0.7 0.0999999
v -0.9 0.8 0.0999999
v -0.9 0.9 0.0999999
v -0.9 1 0.0999999
v -0.9 1.1 0.0999999
v -0.9 1.2 0.0999999
v -0.9 1.3 0.0999999
v -0.9 1.4 0.0999999
v -0.9 1.5 0.0999999
v -0.9 1.6 0.0999999
v -0.9 1.8 0.0999999
v -0.9 1.9 0.0999999
v -0.9 2 0.0999999
v -0.9 2.1 0.0999999
v -0.9 2.3 0.0999999
v -0.9 2.4 0.0999999
v -0.9 2.5 0.0999999
v -0.9 2.6 0.0999999
v -0.9 2.7 0.0999999
v -0.9 2.9 0.0999999
v -0.9 3 0.0999999
v -0.9 3.1 0.0999999
v -0.9 3.2 0.0999999
v -0.9 3.3 0.0999999
v -0.9 3.4 0.0999999
v -0.9 3.5 0.0999999
v -0.9 3.6 0.0999999
v -0.9 3.7 0.0999999
v -0.8 0.1 0.0999999
v -0.8 0.2 0.0999999
v -0.8 0.3 0.0999999
v -0.8 0.4 0.0999999
v -0.8 0.5 0.0999999
v -0.8 0.6 0.0999999
v -0.8 0.7 0.0999999
v -0.8 0.8 0.0999999
v -0.8 0.9 0.0999999
v -0.8 1 0.0999999
v -0.8 1.1 0.0999999
v -0.8 1.2 0.0999999
v -0.8 1.3 0.0999999
v -0.8 1.4 0.0999999
v -0.8 1.5 0.0999999
v -0.8 1.6 0.0999999
v -0.8 1.7 0.0999999
v -0.8 1.8 0.0999999
v -0.8 2 0.0999999
v -0.8 2.1 0.0999999
v -0.8 2.2 0.0999999
v -0.8 2.3 0.0999999
v -0.8 2.4 0.0999999
v -0.8 2.5 0.0999999
v -0.8 2.6 0.0999999
v -0.8 2.7 0.0999999
v -0.8 2.8 0.0999999
v -0.8 2.9 0.0999999
v -0.8 3 0.0999999
v -0.8 3.1 0.0999999
v -0.8 3.2 0.0999999
v -0.8 3.3 0.0999999
v -0.8 3.4 0.0999999
v -0.8 3.5 0.0999999
v -0.8 3.6 0.0999999
v -0.7 0 0.0999999
v -0.7 0.1 0.0999999
v -0.7 0.2 0.0999999
v -0.7 0.3 0.0999999
v -0.7 0.4 0.0999999
v -0.7 0.5 0.0999999
v -0.7 0.6 0.0999999
v -0.7 0.7 0.0999999
v -0.7 0.8 0.0999999
v -0.7 0.9 0.0999999
v -0.7 1 0.0999999
v -0.7 1.1 0.0999999
v -0.7 1.2 0.0999999
v -0.7 1.3 0.0999999
v -0.7 1.4 0.0999999
v -0.7 1.5 0.0999999
v -0.7 1.6 0.0999999
v -0.7 1.7 0.0999999
v -0.7 1.8 0.0999999
v -0.7 1.9 0.0999999
v -0.7 2 0.0999999
v -0.7 2.1 0.0999999
v -0.7 2.2 0.0999999
v -0.7 2.3 0.0999999
v -0.7 2.4 0.0999999
v -0.7 2.5 0.0999999
v -0.7 2.6 0.0999999
v -0.7 2.7 0.0999999
v -0.7 2.8 0.0999999
v -0.7 2.9 0.0999999
v -0.7 3 0.0999999
v -0.7 3.1 0.0999999
v -0.7 3.3 0.0999999
v -0.7 3.4 0.0999999
v -0.7 3.5 0.0999999
v -0.7 3.6 0.0999999
v -0.7 3.7 0.0999999
v -0.7 3.8 0.0999999
v -0.6 0.1 0.0999999
v -0.6 0.2 0.0999999
v -0.6 0.3 0.0999999
v -0.6 0.4 0.0999999
v -0.6 0.5 0.0999999
v -0.6 0.6 0.0999999
v -0.6 0.7 0.0999999
v -0.6 0.8 0.0999999
v -0.6 0.9 0.0999999
v -0.6 1 0.0999999
v -0.6 1.1 0.0999999
v -0.6 1.2 0.0999999
v -0.6 1.3 0.0999999
v -0.6 1.4 0.0999999
v -0.6 1.5 0.0999999
v -0.6 1.6 0.0999999
v -0.6 1.7 0.0999999
v -0.6 1.8 0.0999999
v -0.6 1.9 0.0999999
v -0.6 2 0.0999999
v -0.6 2.1 0.0999999
v -0.6 2.2 0.0999999
v -0.6 2.3 0.0999999
v -0.6 2.4 0.0999999
v -0.6 2.5 0.0999999
v -0.6 2.6 0.0999999
v -0.6 2.7 0.0999999
v -0.6 2.8 0.0999999
v -0.6 2.9 0.0999999
v -0.6 3 0.0999999
v -0.6 3.2 0.0999999
v -0.6 3.3 0.0999999
v -0.6 3.4 0.0999999
v -0.6 3.5 0.0999999
v -0.6 3.6 0.0999999
v -0.5 0.4 0.0999999
v -0.5 0.5 0.0999999
v -0.5 0.6 0.0999999
v -0.5 0.7 0.0999999
v -0.5 0.8 0.0999999
v -0.5 0.9 0.0999999
v -0.5 1 0.0999999
v -0.5 1.1 0.0999999
v -0.5 1.2 0.0999999
v -0.5 1.3 0.0999999
v -0.5 1.4 0.0999999
v -0.5 1.5 0.0999999
v -0.5 1.6 0.0999999
v -0.5 1.7 0.0999999
v -0.5 1.8 0.0999999
v -0.5 1.9 0.0999999
v -0.5 2 0.0999999
v -0.5 2.1 0.0999999
v -0.5 2.3 0.0999999
v -0.5 2.4 0.0999999
v -0.5 2.5 0.0999999
v -0.5 2.7 0.0999999
v -0.5 2.8 0.0999999
v -0.5 2.9 0.0999999
v -0.5 3 0.0999999
v -0.5 3.1 0.0999999
v -0.5 3.2 0.0999999
v -0.5 3.3 0.0999999
v -0.5 3.4 0.0999999
v -0.5 3.6 0.0999999
v -0.5 3.7 0.0999999
v -0.5 3.8 0.0999999
v -0.4 0.2 0.0999999
v -0.4 0.3 0.0999999
v -0.4 0.4 0.0999999
v -0.4 0.5 0.0999999
v -0.4 0.6 0.0999999
v -0.4 0.7 0.0999999
v -0.4 0.8 0.0999999
v -0.4 0.9 0.0999999
v -0.4 1 0.0999999
v -0.4 1.1 0.0999999
v -0.4 1.2 0.0999999
v -0.4 1.3 0.0999999
v -0.4 1.4 0.0999999
v -0.4 1.5 0.0999999
v -0.4 1.6 0.0999999
v -0.4 1.7 0.0999999
v -0.4 1.8 0.0999999
v -0.4 1.9 0.0999999
v -0.4 2 0.0999999
v -0.4 2.1 0.0999999
v -0.4 2.3 0.0999999
v -0.4 2.5 0.0999999
v -0.4 2.7 0.0999999
v -0.4 2.9 0.0999999
v -0.4 3 0.0999999
v -0.4 3.1 0.0999999
v -0.4 3.2 0.0999999
v -0.4 3.3 0.0999999
v -0.4 3.5 0.0999999
v -0.4 3.7 0.0999999
v -0.4 3.8 0.0999999
v -0.3 0 0.0999999
v -0.3 0.1 0.0999999
v -0.3 0.2 0.0999999
v -0.3 0.3 0.0999999
v -0.3 0.4 0.0999999
v -0.3 0.5 0.0999999
v -0.3 0.6 0.0999999
v -0.3 0.7 0.0999999
v -0.3 0.8 0.0999999
v -0.3 0.9 0.0999999
v -0.3 1 0.0999999
v -0.3 1.1 0.0999999
v -0.3 1.2 0.0999999
v -0.3 1.3 0.0999999
v -0.3 1.4 0.0999999
v -0.3 1.5 0.0999999
v -0.3 1.6 0.0999999
v -0.3 1.7 0.0999999
v -0.3 1.8 0.0999999
v -0.3 1.9 0.0999999
v -0.3 2 0.0999999
v -0.3 2.1 0.0999999
v -0.3 2.3 0.0999999
v -0.3 2.4 0.0999999
v -0.3 2.5 0.0999999
v -0.3 2.7 0.0999999
v -0.3 2.8 0.0999999
v -0.3 2.9 0.0999999
v -0.3 3 0.0999999
v -0.3 3.1 0.0999999
v -0.3 3.3 0.0999999
v -0.3 3.4 0.0999999
v -0.3 3.5 0.0999999
v -0.3 3.6 0.0999999
v -0.3 3.7 0.0999999
v -0.3 3.8 0.0999999
v -0.2 0 0.0999999
v -0.2 0.1 0.0999999
v -0.2 0.2 0.0999999
v -0.2 0.3 0.0999999
v -0.2 0.4 0.0999999
v -0.2 0.5 0.0999999
v -0.2 0.6 0.0999999
v -0.2 0.7 0.0999999
v -0.2 0.8 0.0999999
v -0.2 0.9 0.0999999
v -0.2 1 0.0999999
v -0.2 1.1 0.0999999
v -0.2 1.2 0.0999999
v -0.2 1.3 0.0999999
v -0.2 1.4 0.0999999
v -0.2 1.5 0.0999999
v -0.2 1.6 0.0999999
v -0.2 1.7 0.0999999
v -0.2 1.8 0.0999999
v -0.2 1.9 0.0999999
v -0.2 2 0.0999999
v -0.2 2.1 0.0999999
v -0.2 2.2 0.0999999
v -0.2 2.3 0.0999999
v -0.2 2.4 0.0999999
v -0.2 2.5 0.0999999
v -0.2 2.6 0.0999999
v -0.2 2.7 0.0999999
v -0.2 2.8 0.0999999
v -0.2 3.1 0.0999999
v -0.2 3.3 0.0999999
v -0.2 3.4 0.0999999
v -0.2 3.6 0.0999999
v -0.2 3.7 0.0999999
v -0.2 3.8 0.0999999
v -0.1 0.2 0.0999999
v -0.1 0.3 0.0999999
v -0.1 0.4 0.0999999
v -0.1 0.5 0.0999999
v -0.1 0.6 0.0999999
v -0.1 0.7 0.0999999
v -0.1 0.8 0.0999999
v -0.1 0.9 0.0999999
v -0.1 1 0.0999999
v -0.1 1.1 0.0999999
v -0.1 1.4 0.0999999
v -0.1 1.5 0.0999999
v -0.1 1.6 0.0999999
v -0.1 1.7 0.0999999
v -0.1 1.8 0.0999999
v -0.1 1.9 0.0999999
v -0.1 2 0.0999999
v -0.1 2.2 0.0999999
v -0.1 2.4 0.0999999
v -0.1 2.5 0.0999999
v -0.1 2.6 0.0999999
v -0.1 2.8 0.0999999
v -0.1 2.9 0.0999999
v -0.1 3 0.0999999
v -0.1 3.1 0.0999999
v -0.1 3.2 0.0999999
v -0.1 3.3 0.0999999
v -0.1 3.4 0.0999999
v -0.1 3.5 0.0999999
v -0.1 3.6 0.0999999
v 0 0 0.0999999
v 0 0.1 0.0999999
v 0 0.3 0.0999999
v 0 0.4 0.0999999
v 0 0.5 0.0999999
v 0 0.6 0.0999999
v 0 0.7 0.0999999
v 0 0.8 0.0999999
v 0 0.9 0.0999999
v 0 1 0.0999999
v 0 1.1 0.0999999
v 0 1.2 0.0999999
v 0 1.3 0.0999999
v 0 1.5 0.0999999
v 0 1.6 0.0999999
v 0 1.7 0.0999999
v 0 1.8 0.0999999
v 0 1.9 0.0999999
v 0 2 0.0999999
v 0 2.1 0.0999999
v 0 2.2 0.0999999
v 0 2.3 0.0999999
v 0 2.4 0.0999999
v 0 2.5 0.0999999
v 0 2.6 0.0999999
v 0 2.9 0.0999999
v 0 3 0.0999999
v 0 3.1 0.0999999
v 0 3.2 0.0999999
v 0 3.3 0.0999999
v 0 3.4 0.0999999
v 0 3.5 0.0999999
v 0 3.6 0.0999999
v 0 3.7 0.0999999
v 0 3.8 0.0999999
v 0.1 0.1 0.0999999
v 0.1 0.3 0.0999999
v 0.1 0.4 0.0999999
v 0.1 0.5 0.0999999
v 0.1 0.6 0.0999999
v 0.1 0.7 0.0999999
v 0.1 0.8 0.0999999
v 0.1 0.9 0.0999999
v 0.1 1 0.0999999
v 0.1 1.1 0.0999999
v 0.1 1.2 0.0999999
v 0.1 1.3 0.0999999
v 0.1 1.5 0.0999999
v 0.1 1.6 0.0999999
v 0.1 1.7 0.0999999
v 0.1 1.8 0.0999999
v 0.1 1.9 0.0999999
v 0.1 2 0.0999999
v 0.1 2.1 0.0999999
v 0.1 2.2 0.0999999
v 0.1 2.3 0.0999999
v 0.1 2.4 0.0999999
v 0.1 2.6 0.0999999
v 0.1 2.9 0.0999999
v 0.1 3.1 0.0999999
v 0.1 3.2 0.0999999
v 0.1 3.3 0.0999999
v 0.1 3.4 0.0999999
v 0.1 3.5 0.0999999
v 0.1 3.6 0.0999999
v 0.1 3.7 0.0999999
v 0.2 0.5 0.0999999
v 0.2 0.6 0.0999999
v 0.2 0.7 0.0999999
v 0.2 0.8 0.0999999
v 0.2 0.9 0.0999999
v 0.2 1 0.0999999
v 0.2 1.1 0.0999999
v 0.2 1.2 0.0999999
v 0.2 1.3 0.0999999
v 0.2 1.4 0.0999999
v 0.2 1.5 0.0999999
v 0.2 1.7 0.0999999
v 0.2 2 0.0999999
v 0.2 2.1 0.0999999
v 0.2 2.3 0.0999999
v 0.2 2.4 0.0999999
v 0.2 2.5 0.0999999
v 0.2 2.6 0.0999999
v 0.2 2.7 0.0999999
v 0.2 2.8 0.0999999
v 0.2 2.9 0.0999999
v 0.2 3.1 0.0999999
v 0.2 3.2 0.0999999
v 0.2 3.3 0.0999999
v 0.2 3.4 0.0999999
v 0.2 3.5 0.0999999
v 0.2 3.6 0.0999999
v 0.3 0.4 0.0999999
v 0.3 0.5 0.0999999
v 0.3 0.6 0.0999999
v 0.3 0.7 0.0999999
v 0.3 0.8 0.0999999
v 0.3 0.9 0.0999999
v 0.3 1 0.0999999
v 0.3 1.1 0.0999999
v 0.3 1.2 0.0999999
v 0.3 1.3 0.0999999
v 0.3 1.4 0.0999999
v 0.3 1.7 0.0999999
v 0.3 1.8 0.0999999
v 0.3 2 0.0999999
v 0.3 2.1 0.0999999
v 0.3 2.2 0.0999999
v 0.3 2.3 0.0999999
v 0.3 2.4 0.0999999
v 0.3 2.5 0.0999999
v 0.3 2.6 0.0999999
v 0.3 2.7 0.0999999
v 0.3 2.8 0.0999999
v 0.3 2.9 0.0999999
v 0.3 3 0.0999999
v 0.3 3.1 0.0999999
v 0.3 3.2 0.0999999
v 0.3 3.3 0.0999999
v 0.3 3.4 0.0999999
v 0.3 3.6 0.0999999
v 0.3 3.7 0.0999999
v 0.3 3.8 0.0999999
v 0.4 0.4 0.0999999
v 0.4 0.5 0.0999999
v 0.4 0.6 0.0999999
v 0.4 0.7 0.0999999
v 0.4 0.8 0.0999999
v 0.4 0.9 0.0999999
v 0.4 1 0.0999999
v 0.4 1.1 0.0999999
v 0.4 1.2 0.0999999
v 0.4 1.3 0.0999999
v 0.4 1.4 0.0999999
v 0.4 1.6 0.0999999
v 0.4 1.8 0.0999999
v 0.4 2 0.0999999
v 0.4 2.1 0.0999999
v 0.4 2.2 0.0999999
v 0.4 2.4 0.0999999
v 0.4 2.5 0.0999999
v 0.4 2.6 0.0999999
v 0.4 2.7 0.0999999
v 0.4 2.8 0.0999999
v 0.4 2.9 0.0999999
v 0.4 3 0.0999999
v 0.4 3.1 0.0999999
v 0.4 3.2 0.0999999
v 0.4 3.3 0.0999999
v 0.4 3.4 0.0999999
v 0.4 3.5 0.0999999
v 0.4 3.6 0.0999999
v 0.4 3.7 0.0999999
v 0.4 3.8 0.0999999
v 0.5 0.6 0.0999999
v 0.5 0.7 0.0999999
v 0.5 0.9 0.0999999
v 0.5 1 0.0999999
v 0.5 1.1 0.0999999
v 0.5 1.2 0.0999999
v 0.5 1.3 0.0999999
v 0.5 1.5 0.0999999
v 0.5 1.6 0.0999999
v 0.5 1.8 0.0999999
v 0.5 1.9 0.0999999
v 0.5 2 0.0999999
v 0.5 2.1 0.0999999
v 0.5 2.2 0.0999999
v 0.5 2.5 0.0999999
v 0.5 2.6 0.0999999
v 0.5 2.7 0.0999999
v 0.5 2.8 0.0999999
v 0.5 3 0.0999999
v 0.5 3.1 0.0999999
v 0.5 3.2 0.0999999
v 0.5 3.3 0.0999999
v 0.5 3.4 0.0999999
v 0.5 3.5 0.0999999
v 0.5 3.6 0.0999999
v 0.5 3.7 0.0999999
v 0.5 3.8 0.0999999
v 0.5 3.9 0.0999999
v 0.6 0.5 0.0999999
v 0.6 0.6 0.0999999
v 0.6 0.7 0.0999999
v 0.6 0.8 0.0999999
v 0.6 0.9 0.0999999
v 0.6 1 0.0999999
v 0.6 1.2 0.0999999
v 0.6 1.3 0.0999999
v 0.6 1.4 0.0999999
v 0.6 1.5 0.0999999
v 0.6 1.6 0.0999999
v 0.6 1.7 0.0999999
v 0.6 1.8 0.0999999
v 0.6 1.9 0.0999999
v 0.6 2 0.0999999
v 0.6 2.1 0.0999999
v 0.6 2.2 0.0999999
v 0.6 2.3 0.0999999
v 0.6 2.5 0.0999999
v 0.6 2.7 0.0999999
v 0.6 2.8 0.0999999
v 0.6 2.9 0.0999999
v 0.6 3 0.0999999
v 0.6 3.1 0.0999999
v 0.6 3.2 0.0999999
v 0.6 3.3 0.0999999
v 0.6 3.4 0.0999999
v 0.6 3.5 0.0999999
v 0.6 3.6 0.0999999
v 0.6 3.7 0.0999999
v 0.6 3.8 0.0999999
v 0.6 3.9 0.0999999
v 0.6 4 0.0999999
v 0.7 0.4 0.0999999
v 0.7 0.5 0.0999999
v 0.7 0.6 0.0999999
v 0.7 0.7 0.0999999
v 0.7 0.8 0.0999999
v 0.7 0.9 0.0999999
v 0.7 1 0.0999999
v 0.7 1.2 0.0999999
v 0.7 1.4 0.0999999
v 0.7 1.5 0.0999999
v 0.7 1.7 0.0999999
v 0.7 1.9 0.0999999
v 0.7 2 0.0999999
v 0.7 2.1 0.0999999
v 0.7 2.3 0.0999999
v 0.7 2.5 0.0999999
v 0.7 2.7 0.0999999
v 0.7 2.8 0.0999999
v 0.7 2.9 0.0999999
v 0.7 3 0.0999999
v 0.7 3.1 0.0999999
v 0.7 3.2 0.0999999
v 0.7 3.3 0.0999999
v 0.7 3.4 0.0999999
v 0.7 3.5 0.0999999
v 0.7 3.6 0.0999999
v 0.7 3.7 0.0999999
v 0.8 0.6 0.0999999
v 0.8 0.7 0.0999999
v 0.8 0.8 0.0999999
v 0.8 0.9 0.0999999
v 0.8 1 0.0999999
v 0.8 1.2 0.0999999
v 0.8 1.4 0.0999999
v 0.8 1.5 0.0999999
v 0.8 1.7 0.0999999
v 0.8 1.8 0.0999999
v 0.8 1.9 0.0999999
v 0.8 2 0.0999999
v 0.8 2.1 0.0999999
v 0.8 2.3 0.0999999
v 0.8 2.4 0.0999999
v 0.8 2.7 0.0999999
v 0.8 2.8 0.0999999
v 0.8 3 0.0999999
v 0.8 3.1 0.0999999
v 0.8 3.2 0.0999999
v 0.8 3.3 0.0999999
v 0.8 3.4 0.0999999
v 0.8 3.5 0.0999999
v 0.8 3.6 0.0999999
v 0.8 3.8 0.0999999
v 0.8 3.9 0.0999999
v 0.8 4 0.0999999
v 0.9 0.4 0.0999999
v 0.9 0.5 0.0999999
v 0.9 0.6 0.0999999
v 0.9 0.7 0.0999999
v 0.9 0.8 0.0999999
v 0.9 1 0.0999999
v 0.9 1.1 0.0999999
v 0.9 1.2 0.0999999
v 0.9 1.3 0.0999999
v 0.9 1.4 0.0999999
v 0.9 1.5 0.0999999
v 0.9 1.6 0.0999999
v 0.9 1.7 0.0999999
v 0.9 1.8 0.0999999
v 0.9 1.9 0.0999999
v 0.9 2 0.0999999
v 0.9 2.1 0.0999999
v 0.9 2.3 0.0999999
v 0.9 2.4 0.0999999
v 0.9 2.6 0.0999999
v 0.9 2.7 0.0999999
v 0.9 2.9 0.0999999
v 0.9 3 0.0999999
v 0.9 3.1 0.0999999
v 0.9 3.2 0.0999999
v 0.9 3.3 0.0999999
v 0.9 3.4 0.0999999
v 0.9 3.5 0.0999999
v 0.9 3.6 0.0999999
v 0.9 3.7 0.0999999
v 0.9 3.8 0.0999999
v 0.9 3.9 0.0999999
v 1 0.5 0.0999999
v 1 0.6 0.0999999
v 1 0.7 0.0999999
v 1 0.8 0.0999999
v 1 0.9 0.0999999
v 1 1 0.0999999
v 1 1.1 0.0999999
v 1 1.2 0.0999999
v 1 1.3 0.0999999
v 1 1.4 0.0999999
v 1 1.5 0.0999999
v 1 1.6 0.0999999
v 1 1.7 0.0999999
v 1 1.8 0.0999999
v 1 1.9 0.0999999
v 1 2 0.0999999
v 1 2.1 0.0999999
v 1 2.2 0.0999999
v 1 2.4 0.0999999
v 1 2.5 0.0999999
v 1 2.6 0.0999999
v 1 2.7 0.0999999
v 1 3 0.0999999
v 1 3.1 0.0999999
v 1 3.3 0.0999999
v 1 3.4 0.0999999
v 1 3.5 0.0999999
v 1 3.7 0.0999999
v 1 3.8 0.0999999
v 1.1 0.4 0.0999999
v 1.1 0.5 0.0999999
v 1.1 0.6 0.0999999
v 1.1 0.7 0.0999999
v 1.1 0.9 0.0999999
v 1.1 1.1 0.0999999
v 1.1 1.2 0.0999999
v 1.1 1.3 0.0999999
v 1.1 1.4 0.0999999
v 1.1 1.5 0.0999999
v 1.1 1.6 0.0999999
v 1.1 1.7 0.0999999
v 1.1 1.8 0.0999999
v 1.1 1.9 0.0999999
v 1.1 2 0.0999999
v 1.1 2.1 0.0999999
v 1.1 2.2 0.0999999
v 1.1 2.3 0.0999999
v 1.1 2.4 0.0999999
v 1.1 2.5 0.0999999
v 1.1 2.6 0.0999999
v 1.1 2.7 0.0999999
v 1.1 3.1 0.0999999
v 1.1 3.3 0.0999999
v 1.1 3.4 0.0999999
v 1.1 3.5 0.0999999
v 1.2 0.5 0.0999999
v 1.2 0.6 0.0999999
v 1.2 0.7 0.0999999
v 1.2 0.9 0.0999999
v 1.2 1.1 0.0999999
v 1.2 1.2 0.0999999
v 1.2 1.4 0.0999999
v 1.2 1.5 0.0999999
v 1.2 1.6 0.0999999
v 1.2 1.7 0.0999999
v 1.2 1.8 0.0999999
v 1.2 1.9 0.0999999
v 1.2 2 0.0999999
v 1.2 2.1 0.0999999
v 1.2 2.2 0.0999999
v 1.2 2.3 0.0999999
v 1.2 2.5 0.0999999
v 1.2 3.3 0.0999999
v 1.2 3.4 0.0999999
v 1.3 0.8 0.0999999
v 1.3 0.9 0.0999999
v 1.3 1.1 0.0999999
v 1.3 1.2 0.0999999
v 1.3 1.3 0.0999999
v 1.3 1.4 0.0999999
v 1.3 1.5 0.0999999
v 1.3 1.6 0.0999999
v 1.3 1.7 0.0999999
v 1.3 1.8 0.0999999
v 1.3 1.9 0.0999999
v 1.3 2 0.0999999
v 1.3 2.1 0.0999999
v 1.3 2.2 0.0999999
v 1.4 0.6 0.0999999
v 1.4 0.7 0.0999999
v 1.4 0.8 0.0999999
v 1.4 0.9 0.0999999
v 1.4 1 0.0999999
v 1.4 1.1 0.0999999
v 1.4 1.3 0.0999999
v 1.4 1.4 0.0999999
v 1.4 1.5 0.0999999
v 1.4 1.6 0.0999999
v 1.4 1.7 0.0999999
v 1.4 1.8 0.0999999
v 1.4 1.9 0.0999999
v 1.4 2 0.0999999
v 1.5 0.7 0.0999999
v 1.5 0.8 0.0999999
v 1.5 0.9 0.0999999
v 1.5 1 0.0999999
v 1.5 1.1 0.0999999
v 1.5 1.2 0.0999999
v 1.5 1.3 0.0999999
v 1.5 1.4 0.0999999
v 1.5 1.5 0.0999999
v 1.5 1.6 0.0999999
v 1.5 1.7 0.0999999
v 1.5 1.9 0.0999999
v 1.6 0.8 0.0999999
v 1.6 0.9 0.0999999
v 1.6 1 0.0999999
v 1.6 1.1 0.0999999
v 1.6 1.2 0.0999999
v 1.6 1.3 0.0999999
v 1.6 1.4 0.0999999
v 1.6 1.5 0.0999999
v 1.6 1.6 0.0999999
v 1.6 1.7 0.0999999
v 1.7 0.9 0.0999999
v 1.7 1 0.0999999
v 1.7 1.1 0.0999999
v 1.7 1.3 0.0999999
v 1.7 1.4 0.0999999
v 1.7 1.5 0.0999999
v 1.7 1.6 0.0999999
v 1.8 1 0.0999999
v 1.8 1.2 0.0999999
v 1.8 1.3 0.0999999
v 1.8 1.4 0.0999999
v 1.8 1.5 0.0999999
v 1.9 1.2 0.0999999
v 1.9 1.4 0.0999999
v -1.5 2.6 -0.1
v -1.5 2.7 -0.1
v -1.4 0.9 -0.1
v -1.4 1 -0.1
v -1.4 1.1 -0.1
v -1.4 2.6 -0.1
v -1.4 2.7 -0.1
v -1.4 2.8 -0.1
v -1.4 3.1 -0.1
v -1.3 0.8 -0.1
v -1.3 0.9 -0.1
v -1.3 1 -0.1
v -1.3 1.1 -0.1
v -1.3 1.2 -0.1
v -1.3 2.5 -0.1
v -1.3 2.6 -0.1
v -1.3 2.7 -0.1
v -1.3 2.8 -0.1
v -1.3 2.9 -0.1
v -1.3 3.1 -0.1
v -1.3 3.2 -0.1
v -1.3 3.3 -0.1
v -1.2 0.8 -0.1
v -1.2 0.9 -0.1
v -1.2 1 -0.1
v -1.2 1.1 -0.1
v -1.2 1.2 -0.1
v -1.2 1.3 -0.1
v -1.2 2.3 -0.1
v -1.2 2.5 -0.1
v -1.2 2.6 -0.1
v -1.2 2.7 -0.1
v -1.2 2.8 -0.1
v -1.2 2.9 -0.1
v -1.2 3.1 -0.1
v -1.2 3.2 -0.1
v -1.2 3.3 -0.1
v -1.2 3.4 -0.1
v -1.1 0.5 -0.1
v -1.1 0.7 -0.1
v -1.1 0.8 -0.1
v -1.1 0.9 -0.1
v -1.1 1 -0.1
v -1.1 1.1 -0.1
v -1.1 1.2 -0.1
v -1.1 1.3 -0.1
v -1.1 1.4 -0.1
v -1.1 2 -0.1
v -1.1 2.2 -0.1
v -1.1 2.3 -0.1
v -1.1 2.4 -0.1
v -1.1 2.5 -0.1
v -1.1 2.6 -0.1
v -1.1 2.7 -0.1
v -1.1 2.8 -0.1
v -1.1 2.9 -0.1
v -1.1 3 -0.1
v -1.1 3.1 -0.1
v -1.1 3.2 -0.1
v -1.1 3.3 -0.1
v -1.1 3.4 -0.1
v -1.1 3.5 -0.1
v -1 0 -0.1
v -1 0.2 -0.1
v -1 0.3 -0.1
v -1 0.4 -0.1
v -1 0.5 -0.1
v -1 0.6 -0.1
v -1 0.7 -0.1
v -1 0.8 -0.1
v -1 0.9 -0.1
v -1 1 -0.1
v -1 1.1 -0.1
v -1 1.3 -0.1
v -1 1.4 -0.1
v -1 1.5 -0.1
v -1 1.6 -0.1
v -1 1.9 -0.1
v -1 2 -0.1
v -1 2.1 -0.1
v -1 2.2 -0.1
v -1 2.3 -0.1
v -1 2.4 -0.1
v -1 2.5 -0.1
v -1 2.6 -0.1
v -1 2.7 -0.1
v -1 2.8 -0.1
v -1 2.9 -0.1
v -1 3 -0.1
v -1 3.1 -0.1
v -1 3.2 -0.1
v -1 3.3 -0.1
v -1 3.4 -0.1
v -1 3.5 -0.1
v -1 3.6 -0.1
v -0.9 0 -0.1
v -0.9 0.1 -0.1
v -0.9 0.2 -0.1
v -0.9 0.3 -0.1
v -0.9 0.4 -0.1
v -0.9 0.5 -0.1
v -0.9 0.6 -0.1
v -0.9 0.7 -0.1
v -0.9 0.8 -0.1
v -0.9 0.9 -0.1
v -0.9 1 -0.1
v -0.9 1.1 -0.1
v -0.9 1.2 -0.1
v -0.9 1.3 -0.1
v -0.9 1.4 -0.1
v -0.9 1.5 -0.1
v -0.9 1.6 -0.1
v -0.9 1.8 -0.1
v -0.9 1.9 -0.1
v -0.9 2 -0.1
v -0.9 2.1 -0.1
v -0.9 2.3 -0.1
v -0.9 2.4 -0.1
v -0.9 2.5 -0.1
v -0.9 2.6 -0.1
v -0.9 2.7 -0.1
v -0.9 2.9 -0.1
v -0.9 3 -0.1
v -0.9 3.1 -0.1
v -0.9 3.2 -0.1
v -0.9 3.3 -0.1
v -0.9 3.4 -0.1
v -0.9 3.5 -0.1
v -0.9 3.6 -0.1
v -0.9 3.7 -0.1
v -0.8 0.1 -0.1
v -0.8 0.2 -0.1
v -0.8 0.3 -0.1
v -0.8 0.4 -0.1
v -0.8 0.5 -0.1
v -0.8 0.6 -0.1
v -0.8 0.7 -0.1
v -0.8 0.8 -0.1
v -0.8 0.9 -0.1
v -0.8 1 -0.1
v -0.8 1.1 -0.1
v -0.8 1.2 -0.1
v -0.8 1.3 -0.1
v -0.8 1.4 -0.1
v -0.8 1.5 -0.1
v -0.8 1.6 -0.1
v -0.8 1.7 -0.1
v -0.8 1.8 -0.1
v -0.8 2 -0.1
v -0.8 2.1 -0.1
v -0.8 2.2 -0.1
v -0.8 2.3 -0.1
v -0.8 2.4 -0.1
v -0.8 2.5 -0.1
v -0.8 2.6 -0.1
v -0.8 2.7 -0.1
v -0.8 2.8 -0.1
v -0.8 2.9 -0.1
v -0.8 3 -0.1
v -0.8 3.1 -0.1
v -0.8 3.2 -0.1
v -0.8 3.3 -0.1
v -0.8 3.4 -0.1
v -0.8 3.5 -0.1
v -0.8 3.6 -0.1
v -0.7 0 -0.1
v -0.7 0.1 -0.1
v -0.7 0.2 -0.1
v -0.7 0.3 -0.1
v -0.7 0.4 -0.1
v -0.7 0.5 -0.1
v -0.7 0.6 -0.1
v -0.7 0.7 -0.1
v -0.7 0.8 -0.1
v -0.7 0.9 -0.1
v -0.7 1 -0.1
v -0.7 1.1 -0.1
v -0.7 1.2 -0.1
v -0.7 1.3 -0.1
v -0.7 1.4 -0.1
v -0.7 1.5 -0.1
v -0.7 1.6 -0.1
v -0.7 1.7 -0.1
v -0.7 1.8 -0.1
v -0.7 1.9 -0.1
v -0.7 2 -0.1
v -0.7 2.1 -0.1
v -0.7 2.2 -0.1
v -0.7 2.3 -0.1
v -0.7 2.4 -0.1
v -0.7 2.5 -0.1
v -0.7 2.6 -0.1
v -0.7 2.7 -0.1
v -0.7 2.8 -0.1
v -0.7 2.9 -0.1
v -0.7 3 -0.1
v -0.7 3.1 -0.1
v -0.7 3.3 -0.1
v -0.7 3.4 -0.1
v -0.7 3.5 -0.1
v -0.7 3.6 -0.1
v -0.7 3.7 -0.1
v -0.7 3.8 -0.1
v -0.6 0.1 -0.1
v -0.6 0.2 -0.1
v -0.6 0.3 -0.1
v -0.6 0.4 -0.1
v -0.6 0.5 -0.1
v -0.6 0.6 -0.1
v -0.6 0.7 -0.1
v -0.6 0.8 -0.1
v -0.6 0.9 -0.1
v -0.6 1 -0.1
v -0.6 1.1 -0.1
v -0.6 1.2 -0.1
v -0.6 1.3 -0.1
v -0.6 1.4 -0.1
v -0.6 1.5 -0.1
v -0.6 1.6 -0.1
v -0.6 1.7 -0.1
v -0.6 1.8 -0.1
v -0.6 1.9 -0.1
v -0.6 2 -0.1
v -0.6 2.1 -0.1
v -0.6 2.2 -0.1
v -0.6 2.3 -0.1
v -0.6 2.4 -0.1
v -0.6 2.5 -0.1
v -0.6 2.6 -0.1
v -0.6 2.7 -0.1
v -0.6 2.8 -0.1
v -0.6 2.9 -0.1
v -0.6 3 -0.1
v -0.6 3.2 -0.1
v -0.6 3.3 -0.1
v -0.6 3.4 -0.1
v -0.6 3.5 -0.1
v -0.6 3.6 -0.1
v -0.5 0.4 -0.1
v -0.5 0.5 -0.1
v -0.5 0.6 -0.1
v -0.5 0.7 -0.1
v -0.5 0.8 -0.1
v -0.5 0.9 -0.1
v -0.5 1 -0.1
v -0.5 1.1 -0.1
v -0.5 1.2 -0.1
v -0.5 1.3 -0.1
v -0.5 1.4 -0.1
v -0.5 1.5 -0.1
v -0.5 1.6 -0.1
v -0.5 1.7 -0.1
v -0.5 1.8 -0.1
v -0.5 1.9 -0.1
v -0.5 2 -0.1
v -0.5 2.1 -0.1
v -0.5 2.3 -0.1
v -0.5 2.4 -0.1
v -0.5 2.5 -0.1
v -0.5 2.7 -0.1
v -0.5 2.8 -0.1
v -0.5 2.9 -0.1
v -0.5 3 -0.1
v -0.5 3.1 -0.1
v -0.5 3.2 -0.1
v -0.5 3.3 -0.1
v -0.5 3.4 -0.1
v -0.5 3.6 -0.1
v -0.5 3.7 -0.1
v -0.5 3.8 -0.1
v -0.4 0.2 -0.1
v -0.4 0.3 -0.1
v -0.4 0.4 -0.1
v -0.4 0.5 -0.1
v -0.4 0.6 -0.1
v -0.4 0.7 -0.1
v -0.4 0.8 -0.1
v -0.4 0.9 -0.1
v -0.4 1 -0.1
v -0.4 1.1 -0.1
v -0.4 1.2 -0.1
v -0.4 1.3 -0.1
v -0.4 1.4 -0.1
v -0.4 1.5 -0.1
v -0.4 1.6 -0.1
v -0.4 1.7 -0.1
v -0.4 1.8 -0.1
v -0.4 1.9 -0.1
v -0.4 2 -0.1
v -0.4 2.1 -0.1
v -0.4 2.3 -0.1
v -0.4 2.5 -0.1
v -0.4 2.7 -0.1
v -0.4 2.9 -0.1
v -0.4 3 -0.1
v -0.4 3.1 -0.1
v -0.4 3.2 -0.1
v -0.4 3.3 -0.1
v -0.4 3.5 -0.1
v -0.4 3.7 -0.1
v -0.4 3.8 -0.1
v -0.3 0 -0.1
v -0.3 0.1 -0.1
v -0.3 0.2 -0.1
v -0.3 0.3 -0.1
v -0.3 0.4 -0.1
v -0.3 0.5 -0.1
v -0.3 0.6 -0.1
v -0.3 0.7 -0.1
v -0.3 0.8 -0.1
v -0.3 0.9 -0.1
v -0.3 1 -0.1
v -0.3 1.1 -0.1
v -0.3 1.2 -0.1
v -0.3 1.3 -0.1
v -0.3 1.4 -0.1
v -0.3 1.5 -0.1
v -0.3 1.6 -0.1
v -0.3 1.7 -0.1
v -0.3 1.8 -0.1
v -0.3 1.9 -0.1
v -0.3 2 -0.1
v -0.3 2.1 -0.1
v -0.3 2.3 -0.1
v -0.3 2.4 -0.1
v -0.3 2.5 -0.1
v -0.3 2.7 -0.1
v -0.3 2.8 -0.1
v -0.3 2.9 -0.1
v -0.3 3 -0.1
v -0.3 3.1 -0.1
v -0.3 3.3 -0.1
v -0.3 3.4 -0.1
v -0.3 3.5 -0.1
v -0.3 3.6 -0.1
v -0.3 3.7 -0.1
v -0.3 3.8 -0.1
v -0.2 0 -0.1
v -0.2 0.1 -0.1
v -0.2 0.2 -0.1
v -0.2 0.3 -0.1
v -0.2 0.4 -0.1
v -0.2 0.5 -0.1
v -0.2 0.6 -0.1
v -0.2 0.7 -0.1
v -0.2 0.8 -0.1
v -0.2 0.9 -0.1
v -0.2 1 -0.1
v -0.2 1.1 -0.1
v -0.2 1.2 -0.1
v -0.2 1.3 -0.1
v -0.2 1.4 -0.1
v -0.2 1.5 -0.1
v -0.2 1.6 -0.1
v -0.2 1.7 -0.1
v -0.2 1.8 -0.1
v -0.2 1.9 -0.1
v -0.2 2 -0.1
v -0.2 2.1 -0.1
v -0.2 2.2 -0.1
v -0.2 2.3 -0.1
v -0.2 2.4 -0.1
v -0.2 2.5 -0.1
v -0.2 2.6 -0.1
v -0.2 2.7 -0.1
v -0.2 2.8 -0.1
v -0.2 3.1 -0.1
v -0.2 3.3 -0.1
v -0.2 3.4 -0.1
v -0.2 3.6 -0.1
v -0.2 3.7 -0.1
v -0.2 3.8 -0.1
v -0.1 0.2 -0.1
v -0.1 0.3 -0.1
v -0.1 0.4 -0.1
v -0.1 0.5 -0.1
v -0.1 0.6 -0.1
v -0.1 0.7 -0.1
v -0.1 0.8 -0.1
v -0.1 0.9 -0.1
v -0.1 1 -0.1
v -0.1 1.1 -0.1
v -0.1 1.4 -0.1
v -0.1 1.5 -0.1
v -0.1 1.6 -0.1
v -0.1 1.7 -0.1
v -0.1 1.8 -0.1
v -0.1 1.9 -0.1
v -0.1 2 -0.1
v -0.1 2.2 -0.1
v -0.1 2.4 -0.1
v -0.1 2.5 -0.1
v -0.1 2.6 -0.1
v -0.1 2.8 -0.1
v -0.1 2.9 -0.1
v -0.1 3 -0.1
v -0.1 3.1 -0.1
v -0.1 3.2 -0.1
v -0.1 3.3 -0.1
v -0.1 3.4 -0.1
v -0.1 3.5 -0.1
v -0.1 3.6 -0.1
v 0 0 -0.1
v 0 0.1 -0.1
v 0 0.3 -0.1
v 0 0.4 -0.1
v 0 0.5 -0.1
v 0 0.6 -0.1
v 0 0.7 -0.1
v 0 0.8 -0.1
v 0 0.9 -0.1
v 0 1 -0.1
v 0 1.1 -0.1
v 0 1.2 -0.1
v 0 1.3 -0.1
v 0 1.5 -0.1
v 0 1.6 -0.1
v 0 1.7 -0.1
v 0 1.8 -0.1
v 0 1.9 -0.1
v 0 2 -0.1
v 0 2.1 -0.1
v 0 2.2 -0.1
v 0 2.3 -0.1
v 0 2.4 -0.1
v 0 2.5 -0.1
v 0 2.6 -0.1
v 0 2.9 -0.1
v 0 3 -0.1
v 0 3.1 -0.1
v 0 3.2 -0.1
v 0 3.3 -0.1
v 0 3.4 -0.1
v 0 3.5 -0.1
v 0 3.6 -0.1
v 0 3.7 -0.1
v 0 3.8 -0.1
v 0.1 0.1 -0.1
v 0.1 0.3 -0.1
v 0.1 0.4 -0.1
v 0.1 0.5 -0.1
v 0.1 0.6 -0.1
v 0.1 0.7 -0.1
v 0.1 0.8 -0.1
v 0.1 0.9 -0.1
v 0.1 1 -0.1
v 0.1 1.1 -0.1
v 0.1 1.2 -0.1
v 0.1 1.3 -0.1
v 0.1 1.5 -0.1
v 0.1 1.6 -0.1
v 0.1 1.7 -0.1
v 0.1 1.8 -0.1
v 0.1 1.9 -0.1
v 0.1 2 -0.1
v 0.1 2.1 -0.1
v 0.1 2.2 -0.1
v 0.1 2.3 -0.1
v 0.1 2.4 -0.1
v 0.1 2.6 -0.1
v 0.1 2.9 -0.1
v 0.1 3.1 -0.1
v 0.1 3.2 -0.1
v 0.1 3.3 -0.1
v 0.1 3.4 -0.1
v 0.1 3.5 -0.1
v 0.1 3.6 -0.1
v 0.1 3.7 -0.1
v 0.2 0.5 -0.1
v 0.2 0.6 -0.1
v 0.2 0.7 -0.1
v 0.2 0.8 -0.1
v 0.2 0.9 -0.1
v 0.2 1 -0.1
v 0.2 1.1 -0.1
v 0.2 1.2 -0.1
v 0.2 1.3 -0.1
v 0.2 1.4 -0.1
v 0.2 1.5 -0.1
v 0.2 1.7 -0.1
v 0.2 2 -0.1
v 0.2 2.1 -0.1
v 0.2 2.3 -0.1
v 0.2 2.4 -0.1
v 0.2 2.5 -0.1
v 0.2 2.6 -0.1
v 0.2 2.7 -0.1
v 0.2 2.8 -0.1
v 0.2 2.9 -0.1
v 0.2 3.1 -0.1
v 0.2 3.2 -0.1
v 0.2 3.3 -0.1
v 0.2 3.4 -0.1
v 0.2 3.5 -0.1
v 0.2 3.6 -0.1
v 0.3 0.4 -0.1
v 0.3 0.5 -0.1
v 0.3 0.6 -0.1
v 0.3 0.7 -0.1
v 0.3 0.8 -0.1
v 0.3 0.9 -0.1
v 0.3 1 -0.1
v 0.3 1.1 -0.1
v 0.3 1.2 -0.1
v 0.3 1.3 -0.1
v 0.3 1.4 -0.1
v 0.3 1.7 -0.1
v 0.3 1.8 -0.1
v 0.3 2 -0.1
v 0.3 2.1 -0.1
v 0.3 2.2 -0.1
v 0.3 2.3 -0.1
v 0.3 2.4 -0.1
v 0.3 2.5 -0.1
v 0.3 2.6 -0.1
v 0.3 2.7 -0.1
v 0.3 2.8 -0.1
v 0.3 2.9 -0.1
v 0.3 3 -0.1
v 0.3 3.1 -0.1
v 0.3 3.2 -0.1
v 0.3 3.3 -0.1
v 0.3 3.4 -0.1
v 0.3 3.6 -0.1
v 0.3 3.7 -0.1
v 0.3 3.8 -0.1
v 0.4 0.4 -0.1
v 0.4 0.5 -0.1
v 0.4 0.6 -0.1
v 0.4 0.7 -0.1
v 0.4 0.8 -0.1
v 0.4 0.9 -0.1
v 0.4 1 -0.1
v 0.4 1.1 -0.1
v 0.4 1.2 -0.1
v 0.4 1.3 -0.1
v 0.4 1.4 -0.1
v 0.4 1.6 -0.1
v 0.4 1.8 -0.1
v 0.4 2 -0.1
v 0.4 2.1 -0.1
v 0.4 2.2 -0.1
v 0.4 2.4 -0.1
v 0.4 2.5 -0.1
v 0.4 2.6 -0.1
v 0.4 2.7 -0.1
v 0.4 2.8 -0.1
v 0.4 2.9 -0.1
v 0.4 3 -0.1
v 0.4 3.1 -0.1
v 0.4 3.2 -0.1
v 0.4 3.3 -0.1
v 0.4 3.4 -0.1
v 0.4 3.5 -0.1
v 0.4 3.6 -0.1
v 0.4 3.7 -0.1
v 0.4 3.8 -0.1
v 0.5 0.6 -0.1
v 0.5 0.7 -0.1
v 0.5 0.9 -0.1
v 0.5 1 -0.1
v 0.5 1.1 -0.1
v 0.5 1.2 -0.1
v 0.5 1.3 -0.1
v 0.5 1.5 -0.1
v 0.5 1.6 -0.1
v 0.5 1.8 -0.1
v 0.5 1.9 -0.1
v 0.5 2 -0.1
v 0.5 2.1 -0.1
v 0.5 2.2 -0.1
v 0.5 2.5 -0.1
v 0.5 2.6 -0.1
v 0.5 2.7 -0.1
v 0.5 2.8 -0.1
v 0.5 3 -0.1
v 0.5 3.1 -0.1
v 0.5 3.2 -0.1
v 0.5 3.3 -0.1
v 0.5 3.4 -0.1
v 0.5 3.5 -0.1
v 0.5 3.6 -0.1
v 0.5 3.7 -0.1
v 0.5 3.8 -0.1
v 0.5 3.9 -0.1
v 0.6 0.5 -0.1
v 0.6 0.6 -0.1
v 0.6 0.7 -0.1
v 0.6 0.8 -0.1
v 0.6 0.9 -0.1
v 0.6 1 -0.1
v 0.6 1.2 -0.1
v 0.6 1.3 -0.1
v 0.6 1.4 -0.1
v 0.6 1.5 -0.1
v 0.6 1.6 -0.1
v 0.6 1.7 -0.1
v 0.6 1.8 -0.1
v 0.6 1.9 -0.1
v 0.6 2 -0.1
v 0.6 2.1 -0.1
v 0.6 2.2 -0.1
v 0.6 2.3 -0.1
v 0.6 2.5 -0.1
v 0.6 2.7 -0.1
v 0.6 2.8 -0.1
v 0.6 2.9 -0.1
v 0.6 3 -0.1
v 0.6 3.1 -0.1
v 0.6 3.2 -0.1
v 0.6 3.3 -0.1
v 0.6 3.4 -0.1
v 0.6 3.5 -0.1
v 0.6 3.6 -0.1
v 0.6 3.7 -0.1
v 0.6 3.8 -0.1
v 0.6 3.9 -0.1
v 0.6 4 -0.1
v 0.7 0.4 -0.1
v 0.7 0.5 -0.1
v 0.7 0.6 -0.1
v 0.7 0.7 -0.1
v 0.7 0.8 -0.1
v 0.7 0.9 -0.1
v 0.7 1 -0.1
v 0.7 1.2 -0.1
v 0.7 1.4 -0.1
v 0.7 1.5 -0.1
v 0.7 1.7 -0.1
v 0.7 1.9 -0.1
v 0.7 2 -0.1
v 0.7 2.1 -0.1
v 0.7 2.3 -0.1
v 0.7 2.5 -0.1
v 0.7 2.7 -0.1
v 0.7 2.8 -0.1
v 0.7 2.9 -0.1
v 0.7 3 -0.1
v 0.7 3.1 -0.1
v 0.7 3.2 -0.1
v 0.7 3.3 -0.1
v 0.7 3.4 -0.1
v 0.7 3.5 -0.1
v 0.7 3.6 -0.1
v 0.7 3.7 -0.1
v 0.8 0.6 -0.1
v 0.8 0.7 -0.1
v 0.8 0.8 -0.1
v 0.8 0.9 -0.1
v 0.8 1 -0.1
v 0.8 1.2 -0.1
v 0.8 1.4 -0.1
v 0.8 1.5 -0.1
v 0.8 1.7 -0.1
v 0.8 1.8 -0.1
v 0.8 1.9 -0.1
v 0.8 2 -0.1
v 0.8 2.1 -0.1
v 0.8 2.3 -0.1
v 0.8 2.4 -0.1
v 0.8 2.7 -0.1
v 0.8 2.8 -0.1
v 0.8 3 -0.1
v 0.8 3.1 -0.1
v 0.8 3.2 -0.1
v 0.8 3.3 -0.1
v 0.8 3.4 -0.1
v 0.8 3.5 -0.1
v 0.8 3.6 -0.1
v 0.8 3.8 -0.1
v 0.8 3.9 -0.1
v 0.8 4 -0.1
v 0.9 0.4 -0.1
v 0.9 0.5 -0.1
v 0.9 0.6 -0.1
v 0.9 0.7 -0.1
v 0.9 0.8 -0.1
v 0.9 1 -0.1
v 0.9 1.1 -0.1
v 0.9 1.2 -0.1
v 0.9 1.3 -0.1
v 0.9 1.4 -0.1
v 0.9 1.5 -0.1
v 0.9 1.6 -0.1
v 0.9 1.7 -0.1
v 0.9 1.8 -0.1
v 0.9 1.9 -0.1
v 0.9 2 -0.1
v 0.9 2.1 -0.1
v 0.9 2.3 -0.1
v 0.9 2.4 -0.1
v 0.9 2.6 -0.1
v 0.9 2.7 -0.1
v 0.9 2.9 -0.1
v 0.9 3 -0.1
v 0.9 3.1 -0.1
v 0.9 3.2 -0.1
v 0.9 3.3 -0.1
v 0.9 3.4 -0.1
v 0.9 3.5 -0.1
v 0.9 3.6 -0.1
v 0.9 3.7 -0.1
v 0.9 3.8 -0.1
v 0.9 3.9 -0.1
v 1 0.5 -0.1
v 1 0.6 -0.1
v 1 0.7 -0.1
v 1 0.8 -0.1
v 1 0.9 -0.1
v 1 1 -0.1
v 1 1.1 -0.1
v 1 1.2 -0.1
v 1 1.3 -0.1
v 1 1.4 -0.1
v 1 1.5 -0.1
v 1 1.6 -0.1
v 1 1.7 -0.1
v 1 1.8 -0.1
v 1 1.9 -0.1
v 1 2 -0.1
v 1 2.1 -0.1
v 1 2.2 -0.1
v 1 2.4 -0.1
v 1 2.5 -0.1
v 1 2.6 -0.1
v 1 2.7 -0.1
v 1 3 -0.1
v 1 3.1 -0.1
v 1 3.3 -0.1
v 1 3.4 -0.1
v 1 3.5 -0.1
v 1 3.7 -0.1
v 1 3.8 -0.1
v 1.1 0.4 -0.1
v 1.1 0.5 -0.1
v 1.1 0.6 -0.1
v 1.1 0.7 -0.1
v 1.1 0.9 -0.1
v 1.1 1.1 -0.1
v 1.1 1.2 -0.1
v 1.1 1.3 -0.1
v 1.1 1.4 -0.1
v 1.1 1.5 -0.1
v 1.1 1.6 -0.1
v 1.1 1.7 -0.1
v 1.1 1.8 -0.1
v 1.1 1.9 -0.1
v 1.1 2 -0.1
v 1.1 2.1 -0.1
v 1.1 2.2 -0.1
v 1.1 2.3 -0.1
v 1.1 2.4 -0.1
v 1.1 2.5 -0.1
v 1.1 2.6 -0.1
v 1.1 2.7 -0.1
v 1.1 3.1 -0.1
v 1.1 3.3 -0.1
v 1.1 3.4 -0.1
v 1.1 3.5 -0.1
v 1.2 0.5 -0.1
v 1.2 0.6 -0.1
v 1.2 0.7 -0.1
v 1.2 0.9 -0.1
v 1.2 1.1 -0.1
v 1.2 1.2 -0.1
v 1.2 1.4 -0.1
v 1.2 1.5 -0.1
v 1.2 1.6 -0.1
v 1.2 1.7 -0.1
v 1.2 1.8 -0.1
v 1.2 1.9 -0.1
v 1.2 2 -0.1
v 1.2 2.1 -0.1
v 1.2 2.2 -0.1
v 1.2 2.3 -0.1
v 1.2 2.5 -0.1
v 1.2 3.3 -0.1
v 1.2 3.4 -0.1
v 1.3 0.8 -0.1
v 1.3 0.9 -0.1
v 1.3 1.1 -0.1
v 1.3 1.2 -0.1
v 1.3 1.3 -0.1
v 1.3 1.4 -0.1
v 1.3 1.5 -0.1
v 1.3 1.6 -0.1
v 1.3 1.7 -0.1
v 1.3 1.8 -0.1
v 1.3 1.9 -0.1
v 1.3 2 -0.1
v 1.3 2.1 -0.1
v 1.3 2.2 -0.1
v 1.4 0.6 -0.1
v 1.4 0.7 -0.1
v 1.4 0.8 -0.1
v 1.4 0.9 -0.1
v 1.4 1 -0.1
v 1.4 1.1 -0.1
v 1.4 1.3 -0.1
v 1.4 1.4 -0.1
v 1.4 1.5 -0.1
v 1.4 1.6 -0.1
v 1.4 1.7 -0.1
v 1.4 1.8 -0.1
v 1.4 1.9 -0.1
v 1.4 2 -0.1
v 1.5 0.7 -0.1
v 1.5 0.8 -0.1
v 1.5 0.9 -0.1
v 1.5 1 -0.1
v 1.5 1.1 -0.1
v 1.5 1.2 -0.1
v 1.5 1.3 -0.1
v 1.5 1.4 -0.1
v 1.5 1.5 -0.1
v 1.5 1.6 -0.1
v 1.5 1.7 -0.1
v 1.5 1.9 -0.1
v 1.6 0.8 -0.1
v 1.6 0.9 -0.1
v 1.6 1 -0.1
v 1.6 1.1 -0.1
v 1.6 1.2 -0.1
v 1.6 1.3 -0.1
v 1.6 1.4 -0.1
v 1.6 1.5 -0.1
v 1.6 1.6 -0.1
v 1.6 1.7 -0.1
v 1.7 0.9 -0.1
v 1.7 1 -0.1
v 1.7 1.1 -0.1
v 1.7 1.3 -0.1
v 1.7 1.4 -0.1
v 1.7 1.5 -0.1
v 1.7 1.6 -0.1
v 1.8 1 -0.1
v 1.8 1.2 -0.1
v 1.8 1.3 -0.1
v 1.8 1.4 -0.1
v 1.8 1.5 -0.1
v 1.9 1.2 -0.1
v 1.9 1.4 -0.1
v -1 0 0.0999999
v -0.9 0 0.0999999
v -0.7 0 0.0999999
v -0.3 0 0.0999999
v -0.2 0 0.0999999
v 0 0 0.0999999
v -1 0 -0.1
v -0.9 0 -0.1
v -0.7 0 -0.1
v -0.3 0 -0.1
v -0.2 0 -0.1
v 0 0 -0.1
v -0.7 0.1 0.0999999
v -0.6 0.1 0.0999999
v 0 0.1 0.0999999
v 0.1 0.1 0.0999999
v -0.7 0.1 -0.1
v -0.6 0.1 -0.1
v 0 0.1 -0.1
v 0.1 0.1 -0.1
v -0.4 0.2 0.0999999
v -0.3 0.2 0.0999999
v -0.4 0.2 -0.1
v -0.3 0.2 -0.1
v -0.6 0.3 0.0999999
v -0.4 0.3 0.0999999
v -0.6 0.3 -0.1
v -0.4 0.3 -0.1
v -1 0.4 0.0999999
v -0.9 0.4 0.0999999
v 0 0.4 0.0999999
v 0.1 0.4 0.0999999
v 0.3 0.4 0.0999999
v 0.4 0.4 0.0999999
v 0.7 0.4 0.0999999
v 0.9 0.4 0.0999999
v 1.1 0.4 0.0999999
v -1 0.4 -0.1
v -0.9 0.4 -0.1
v 0 0.4 -0.1
v 0.1 0.4 -0.1
v 0.3 0.4 -0.1
v 0.4 0.4 -0.1
v 0.7 0.4 -0.1
v 0.9 0.4 -0.1
v 1.1 0.4 -0.1
v -1.1 0.5 0.0999999
v -1 0.5 0.0999999
v 0.3 0.5 0.0999999
v 0.4 0.5 0.0999999
v 0.7 0.5 0.0999999
v 0.9 0.5 0.0999999
v 1.1 0.5 0.0999999
v 1.2 0.5 0.0999999
v -1.1 0.5 -0.1
v -1 0.5 -0.1
v 0.3 0.5 -0.1
v 0.4 0.5 -0.1
v 0.7 0.5 -0.1
v 0.9 0.5 -0.1
v 1.1 0.5 -0.1
v 1.2 0.5 -0.1
v 1.2 0.6 0.0999999
v 1.4 0.6 0.0999999
v 1.2 0.6 -0.1
v 1.4 0.6 -0.1
v 1.4 0.7 0.0999999
v 1.5 0.7 0.0999999
v 1.4 0.7 -0.1
v 1.5 0.7 -0.1
v -1.3 0.8 0.0999999
v -1.2 0.8 0.0999999
v -1.1 0.8 0.0999999
v 1.5 0.8 0.0999999
v 1.6 0.8 0.0999999
v -1.3 0.8 -0.1
v -1.2 0.8 -0.1
v -1.1 0.8 -0.1
v 1.5 0.8 -0.1
v 1.6 0.8 -0.1
v -1.4 0.9 0.0999999
v -1.3 0.9 0.0999999
v -1.1 0.9 0.0999999
v -1 0.9 0.0999999
v 1.6 0.9 0.0999999
v 1.7 0.9 0.0999999
v -1.4 0.9 -0.1
v -1.3 0.9 -0.1
v -1.1 0.9 -0.1
v -1 0.9 -0.1
v 1.6 0.9 -0.1
v 1.7 0.9 -0.1
v 1.7 1 0.0999999
v 1.8 1 0.0999999
v 1.7 1 -0.1
v 1.8 1 -0.1
v 1.8 1.2 0.0999999
v 1.9 1.2 0.0999999
v 1.8 1.2 -0.1
v 1.9 1.2 -0.1
v -1 1.9 0.0999999
v -0.9 1.9 0.0999999
v -1 1.9 -0.1
v -0.9 1.9 -0.1
v -1.1 2 0.0999999
v -1 2 0.0999999
v -1.1 2 -0.1
v -1 2 -0.1
v -1.2 2.3 0.0999999
v -1.1 2.3 0.0999999
v -1.2 2.3 -0.1
v -1.1 2.3 -0.1
v -1.3 2.5 0.0999999
v -1.2 2.5 0.0999999
v -1.3 2.5 -0.1
v -1.2 2.5 -0.1
v -1.5 2.6 0.0999999
v -1.4 2.6 0.0999999
v -1.3 2.6 0.0999999
v -1.5 2.6 -0.1
v -1.4 2.6 -0.1
v -1.3 2.6 -0.1
v 1 3.1 0.0999999
v 1.1 3.1 0.0999999
v 1 3.1 -0.1
v 1.1 3.1 -0.1
v 1.1 3.3 0.0999999
v 1.2 3.3 0.0999999
v 1.1 3.3 -0.1
v 1.2 3.3 -0.1
v 0.6 3.7 0.0999999
v 0.7 3.7 0.0999999
v 0.6 3.7 -0.1
v 0.7 3.7 -0.1
v -1 0.3 0.0999999
v -0.9 0.3 0.0999999
v 0 0.3 0.0999999
v 0.1 0.3 0.0999999
v -1 0.3 -0.1
v -0.9 0.3 -0.1
v 0 0.3 -0.1
v 0.1 0.3 -0.1
v -1.1 0.8 0.0999999
v -1 0.8 0.0999999
v -1.1 0.8 -0.1
v -1 0.8 -0.1
v -1.4 1.1 0.0999999
v -1.3 1.1 0.0999999
v -1.4 1.1 -0.1
v -1.3 1.1 -0.1
v -1.3 1.2 0.0999999
v -1.2 1.2 0.0999999
v -1.3 1.2 -0.1
v -1.2 1.2 -0.1
v -1.2 1.3 0.0999999
v -1.1 1.3 0.0999999
v -1.2 1.3 -0.1
v -1.1 1.3 -0.1
v -1.1 1.4 0.0999999
v -1 1.4 0.0999999
v 1.8 1.4 0.0999999
v 1.9 1.4 0.0999999
v -1.1 1.4 -0.1
v -1 1.4 -0.1
v 1.8 1.4 -0.1
v 1.9 1.4 -0.1
v 1.7 1.5 0.0999999
v 1.8 1.5 0.0999999
v 1.7 1.5 -0.1
v 1.8 1.5 -0.1
v -1 1.6 0.0999999
v -0.9 1.6 0.0999999
v 1.6 1.6 0.0999999
v 1.7 1.6 0.0999999
v -1 1.6 -0.1
v -0.9 1.6 -0.1
v 1.6 1.6 -0.1
v 1.7 1.6 -0.1
v 1.5 1.7 0.0999999
v 1.6 1.7 0.0999999
v 1.5 1.7 -0.1
v 1.6 1.7 -0.1
v 1.4 1.9 0.0999999
v 1.5 1.9 0.0999999
v 1.4 1.9 -0.1
v 1.5 1.9 -0.1
v 1.3 2 0.0999999
v 1.4 2 0.0999999
v 1.3 2 -0.1
v 1.4 2 -0.1
v 1.2 2.2 0.0999999
v 1.3 2.2 0.0999999
v 1.2 2.2 -0.1
v 1.3 2.2 -0.1
v 1.1 2.5 0.0999999
v 1.2 2.5 0.0999999
v 1.1 2.5 -0.1
v 1.2 2.5 -0.1
v -1.5 2.7 0.0999999
v -1.4 2.7 0.0999999
v 1 2.7 0.0999999
v 1.1 2.7 0.0999999
v -1.5 2.7 -0.1
v -1.4 2.7 -0.1
v 1 2.7 -0.1
v 1.1 2.7 -0.1
v -1.4 3.1 0.0999999
v -1.3 3.1 0.0999999
v -1.4 3.1 -0.1
v -1.3 3.1 -0.1
v -1.3 3.3 0.0999999
v -1.2 3.3 0.0999999
v -1.3 3.3 -0.1
v -1.2 3.3 -0.1
v -1.2 3.4 0.0999999
v -1.1 3.4 0.0999999
v 1.1 3.4 0.0999999
v 1.2 3.4 0.0999999
v -1.2 3.4 -0.1
v -1.1 3.4 -0.1
v 1.1 3.4 -0.1
v 1.2 3.4 -0.1
v -1.1 3.5 0.0999999
v -1 3.5 0.0999999
v 1 3.5 0.0999999
v 1.1 3.5 0.0999999
v -1.1 3.5 -0.1
v -1 3.5 -0.1
v 1 3.5 -0.1
v 1.1 3.5 -0.1
v -1 3.6 0.0999999
v -0.9 3.6 0.0999999
v 0.6 3.6 0.0999999
v 0.7 3.6 0.0999999
v -1 3.6 -0.1
v -0.9 3.6 -0.1
v 0.6 3.6 -0.1
v 0.7 3.6 -0.1
v -0.9 3.7 0.0999999
v -0.7 3.7 0.0999999
v 0.3 3.7 0.0999999
v 0.4 3.7 0.0999999
v -0.9 3.7 -0.1
v -0.7 3.7 -0.1
v 0.3 3.7 -0.1
v 0.4 3.7 -0.1
v -0.7 3.8 0.0999999
v -0.5 3.8 0.0999999
v -0.4 3.8 0.0999999
v -0.3 3.8 0.0999999
v -0.2 3.8 0.0999999
v 0 3.8 0.0999999
v 0.3 3.8 0.0999999
v 0.4 3.8 0.0999999
v 0.5 3.8 0.0999999
v 0.9 3.8 0.0999999
v 1 3.8 0.0999999
v -0.7 3.8 -0.1
v -0.5 3.8 -0.1
v -0.4 3.8 -0.1
v -0.3 3.8 -0.1
v -0.2 3.8 -0.1
v 0 3.8 -0.1
v 0.3 3.8 -0.1
v 0.4 3.8 -0.1
v 0.5 3.8 -0.1
v 0.9 3.8 -0.1
v 1 3.8 -0.1
v 0.5 3.9 0.0999999
v 0.6 3.9 0.0999999
v 0.8 3.9 0.0999999
v 0.9 3.9 0.0999999
v 0.5 3.9 -0.1
v 0.6 3.9 -0.1
v 0.8 3.9 -0.1
v 0.9 3.9 -0.1
v 0.6 4 0.0999999
v 0.8 4 0.0999999
v 0.6 4 -0.1
v 0.8 4 -0.1

# faces
f 3/6/1 2/6/1 1/6/1
f 4/6/1 2/6/1 3/6/1
f 7/13/1 6/13/1 5/13/1
f 8/13/1 6/13/1 7/13/1
f 9/3/1 8/3/1 7/3/1
f 10/3/1 8/3/1 9/3/1
f 13/6/1 12/6/1 11/6/1
f 14/6/1 12/6/1 13/6/1
f 15/15/1 14/15/1 13/15/1
f 16/15/1 14/15/1 15/15/1
f 19/5/1 18/5/1 17/5/1
f 20/5/1 18/5/1 19/5/1
f 23/3/1 22/3/1 21/3/1
f 24/3/1 22/3/1 23/3/1
f 27/8/1 26/8/1 25/8/1
f 28/8/1 26/8/1 27/8/1
f 31/15/1 30/15/1 29/15/1
f 32/15/1 30/15/1 31/15/1
f 33/7/1 32/7/1 31/7/1
f 34/7/1 32/7/1 33/7/1
f 37/13/1 36/13/1 35/13/1
f 38/13/1 36/13/1 37/13/1
f 41/7/1 40/7/1 39/7/1
f 42/7/1 40/7/1 41/7/1
f 45/7/1 44/7/1 43/7/1
f 46/7/1 44/7/1 45/7/1
f 49/19/1 48/19/1 47/19/1
f 50/19/1 48/19/1 49/19/1
f 51/4/1 50/4/1 49/4/1
f 52/4/1 50/4/1 51/4/1
f 55/15/1 54/15/1 53/15/1
f 56/15/1 54/15/1 55/15/1
f 59/3/1 58/3/1 57/3/1
f 60/3/1 58/3/1 59/3/1
f 61/1/1 60/1/1 59/1/1
f 62/1/1 60/1/1 61/1/1
f 65/15/1 64/15/1 63/15/1
f 66/15/1 64/15/1 65/15/1
f 69/19/1 68/19/1 67/19/1
f 70/19/1 68/19/1 69/19/1
f 71/20/1 70/20/1 69/20/1
f 72/20/1 70/20/1 71/20/1
f 75/19/1 74/19/1 73/19/1
f 76/19/1 74/19/1 75/19/1
f 79/19/1 78/19/1 77/19/1
f 80/19/1 78/19/1 79/19/1
f 83/27/1 82/27/1 81/27/1
f 84/27/1 82/27/1 83/27/1
f 85/7/1 84/7/1 83/7/1
f 86/7/1 84/7/1 85/7/1
f 89/13/1 88/13/1 87/13/1
f 90/13/1 88/13/1 89/13/1
f 93/15/1 92/15/1 91/15/1
f 94/15/1 92/15/1 93/15/1
f 97/19/1 96/19/1 95/19/1
f 98/19/1 96/19/1 97/19/1
f 101/7/1 100/7/1 99/7/1
f 102/7/1 100/7/1 101/7/1
f 103/13/1 102/13/1 101/13/1
f 104/13/1 102/13/1 103/13/1
f 107/7/1 106/7/1 105/7/1
f 108/7/1 106/7/1 107/7/1
f 111/7/1 110/7/1 109/7/1
f 112/7/1 110/7/1 111/7/1
f 115/19/1 114/19/1 113/19/1
f 116/19/1 114/19/1 115/19/1
f 119/19/1 118/19/1 117/19/1
f 120/19/1 118/19/1 119/19/1
f 121/1/1 120/1/1 119/1/1
f 122/1/1 120/1/1 121/1/1
f 125/8/1 124/8/1 123/8/1
f 126/8/1 124/8/1 125/8/1
f 129/24/1 128/24/1 127/24/1
f 130/24/1 128/24/1 129/24/1
f 133/27/1 132/27/1 131/27/1
f 134/27/1 132/27/1 133/27/1
f 137/27/1 136/27/1 135/27/1
f 138/27/1 136/27/1 137/27/1
f 141/24/1 140/24/1 139/24/1
f 142/24/1 140/24/1 141/24/1
f 145/8/1 144/8/1 143/8/1
f 146/8/1 144/8/1 145/8/1
f 147/20/2 148/20/2 149/20/2
f 149/20/2 148/20/2 150/20/2
f 151/4/2 152/4/2 153/4/2
f 153/4/2 152/4/2 154/4/2
f 155/4/2 156/4/2 157/4/2
f 157/4/2 156/4/2 158/4/2
f 157/19/2 158/19/2 159/19/2
f 159/19/2 158/19/2 160/19/2
f 161/4/2 162/4/2 163/4/2
f 163/4/2 162/4/2 164/4/2
f 165/4/2 166/4/2 167/4/2
f 167/4/2 166/4/2 168/4/2
f 169/4/2 170/4/2 171/4/2
f 171/4/2 170/4/2 172/4/2
f 173/8/2 174/8/2 175/8/2
f 175/8/2 174/8/2 176/8/2
f 177/8/2 178/8/2 179/8/2
f 179/8/2 178/8/2 180/8/2
f 181/24/2 182/24/2 183/24/2
f 183/24/2 182/24/2 184/24/2
f 185/8/2 186/8/2 187/8/2
f 187/8/2 186/8/2 188/8/2
f 189/27/2 190/27/2 191/27/2
f 191/27/2 190/27/2 192/27/2
f 193/27/2 194/27/2 195/27/2
f 195/27/2 194/27/2 196/27/2
f 197/8/2 198/8/2 199/8/2
f 199/8/2 198/8/2 200/8/2
f 199/24/2 200/24/2 201/24/2
f 201/24/2 200/24/2 202/24/2
f 203/24/2 204/24/2 205/24/2
f 205/24/2 204/24/2 206/24/2
f 205/27/2 206/27/2 207/27/2
f 207/27/2 206/27/2 208/27/2
f 209/8/2 210/8/2 211/8/2
f 211/8/2 210/8/2 212/8/2
f 213/7/2 214/7/2 215/7/2
f 215/7/2 214/7/2 216/7/2
f 215/8/2 216/8/2 217/8/2
f 217/8/2 216/8/2 218/8/2
f 219/24/2 220/24/2 221/24/2
f 221/24/2 220/24/2 222/24/2
f 223/24/2 224/24/2 225/24/2
f 225/24/2 224/24/2 226/24/2
f 227/8/2 228/8/2 229/8/2
f 229/8/2 228/8/2 230/8/2
f 231/7/2 232/7/2 233/7/2
f 233/7/2 232/7/2 234/7/2
f 233/8/2 234/8/2 235/8/2
f 235/8/2 234/8/2 236/8/2
f 237/24/2 238/24/2 239/24/2
f 239/24/2 238/24/2 240/24/2
f 241/7/2 242/7/2 243/7/2
f 243/7/2 242/7/2 244/7/2
f 243/8/2 244/8/2 245/8/2
f 245/8/2 244/8/2 246/8/2
f 247/8/2 248/8/2 249/8/2
f 249/8/2 248/8/2 250/8/2
f 251/8/2 252/8/2 253/8/2
f 253/8/2 252/8/2 254/8/2
f 255/8/2 256/8/2 257/8/2
f 257/8/2 256/8/2 258/8/2
f 259/8/2 260/8/2 261/8/2
f 261/8/2 260/8/2 262/8/2
f 263/8/2 264/8/2 265/8/2
f 265/8/2 264/8/2 266/8/2
f 267/8/2 268/8/2 269/8/2
f 269/8/2 268/8/2 270/8/2
f 271/8/2 272/8/2 273/8/2
f 273/8/2 272/8/2 274/8/2
f 275/8/2 276/8/2 277/8/2
f 277/8/2 276/8/2 278/8/2
f 279/8/2 280/8/2 281/8/2
f 281/8/2 280/8/2 282/8/2
f 283/8/2 284/8/2 285/8/2
f 285/8/2 284/8/2 286/8/2
f 287/8/2 288/8/2 289/8/2
f 289/8/2 288/8/2 290/8/2
f 296/6/3 292/6/3 291/6/3
f 297/6/3 292/6/3 296/6/3
f 301/13/3 294/13/3 293/13/3
f 302/3/3 295/3/3 294/3/3
f 302/13/3 294/13/3 301/13/3
f 303/3/3 295/3/3 302/3/3
f 306/15/3 297/15/3 296/15/3
f 307/6/3 298/6/3 297/6/3
f 307/15/3 297/15/3 306/15/3
f 308/15/3 299/15/3 298/15/3
f 308/6/3 298/6/3 307/6/3
f 309/15/3 299/15/3 308/15/3
f 310/15/3 299/15/3 309/15/3
f 313/5/3 301/5/3 300/5/3
f 314/13/3 302/13/3 301/13/3
f 314/5/3 301/5/3 313/5/3
f 315/10/3 303/10/3 302/10/3
f 315/13/3 302/13/3 314/13/3
f 316/3/3 304/3/3 303/3/3
f 316/10/3 303/10/3 315/10/3
f 317/3/3 304/3/3 316/3/3
f 320/8/3 306/8/3 305/8/3
f 321/7/3 307/7/3 306/7/3
f 321/7/3 308/7/3 307/7/3
f 321/8/3 306/8/3 320/8/3
f 322/7/3 308/7/3 321/7/3
f 323/15/3 309/15/3 308/15/3
f 323/7/3 308/7/3 322/7/3
f 324/6/3 310/6/3 309/6/3
f 324/15/3 309/15/3 323/15/3
f 325/15/3 311/15/3 310/15/3
f 325/6/3 310/6/3 324/6/3
f 326/7/3 312/7/3 311/7/3
f 326/15/3 311/15/3 325/15/3
f 327/7/3 312/7/3 326/7/3
f 331/20/3 314/20/3 313/20/3
f 332/5/3 315/5/3 314/5/3
f 332/20/3 314/20/3 331/20/3
f 333/2/3 316/2/3 315/2/3
f 333/5/3 315/5/3 332/5/3
f 334/10/3 317/10/3 316/10/3
f 334/2/3 316/2/3 333/2/3
f 335/13/3 318/13/3 317/13/3
f 335/10/3 317/10/3 334/10/3
f 336/13/3 318/13/3 335/13/3
f 340/7/3 320/7/3 319/7/3
f 341/7/3 320/7/3 340/7/3
f 342/15/3 322/15/3 321/15/3
f 342/7/3 320/7/3 341/7/3
f 342/15/3 321/15/3 320/15/3
f 343/15/3 322/15/3 342/15/3
f 344/8/3 323/8/3 322/8/3
f 344/15/3 322/15/3 343/15/3
f 345/7/3 324/7/3 323/7/3
f 345/8/3 323/8/3 344/8/3
f 346/15/3 325/15/3 324/15/3
f 346/7/3 324/7/3 345/7/3
f 347/15/3 325/15/3 346/15/3
f 348/6/3 326/6/3 325/6/3
f 348/15/3 325/15/3 347/15/3
f 349/14/3 327/14/3 326/14/3
f 349/6/3 326/6/3 348/6/3
f 350/7/3 328/7/3 327/7/3
f 350/14/3 327/14/3 349/14/3
f 351/7/3 328/7/3 350/7/3
f 357/19/3 330/19/3 329/19/3
f 358/19/3 330/19/3 357/19/3
f 359/4/3 331/4/3 330/4/3
f 359/19/3 330/19/3 358/19/3
f 360/4/3 331/4/3 359/4/3
f 361/20/3 333/20/3 332/20/3
f 362/3/3 334/3/3 333/3/3
f 362/3/3 335/3/3 334/3/3
f 362/20/3 333/20/3 361/20/3
f 363/3/3 335/3/3 362/3/3
f 364/20/3 336/20/3 335/20/3
f 364/15/3 337/15/3 336/15/3
f 365/15/3 337/15/3 364/15/3
f 369/3/3 339/3/3 338/3/3
f 370/3/3 339/3/3 369/3/3
f 371/1/3 340/1/3 339/1/3
f 371/3/3 339/3/3 370/3/3
f 372/13/3 341/13/3 340/13/3
f 372/1/3 340/1/3 371/1/3
f 373/8/3 343/8/3 342/8/3
f 373/13/3 341/13/3 372/13/3
f 373/8/3 342/8/3 341/8/3
f 374/8/3 343/8/3 373/8/3
f 375/7/3 344/7/3 343/7/3
f 375/8/3 343/8/3 374/8/3
f 376/15/3 345/15/3 344/15/3
f 376/7/3 344/7/3 375/7/3
f 377/6/3 347/6/3 346/6/3
f 377/15/3 345/15/3 376/15/3
f 377/6/3 346/6/3 345/6/3
f 378/6/3 347/6/3 377/6/3
f 379/14/3 348/14/3 347/14/3
f 379/6/3 347/6/3 378/6/3
f 380/15/3 349/15/3 348/15/3
f 380/14/3 348/14/3 379/14/3
f 381/6/3 350/6/3 349/6/3
f 381/15/3 349/15/3 380/15/3
f 381/6/3 351/6/3 350/6/3
f 382/6/3 351/6/3 381/6/3
f 383/15/3 352/15/3 351/15/3
f 383/6/3 351/6/3 382/6/3
f 384/15/3 352/15/3 383/15/3
f 386/19/3 354/19/3 353/19/3
f 387/19/3 354/19/3 386/19/3
f 388/20/3 355/20/3 354/20/3
f 388/19/3 354/19/3 387/19/3
f 389/20/3 355/20/3 388/20/3
f 390/19/3 358/19/3 357/19/3
f 390/19/3 357/19/3 356/19/3
f 391/19/3 358/19/3 390/19/3
f 392/13/3 359/13/3 358/13/3
f 392/19/3 358/19/3 391/19/3
f 393/19/3 361/19/3 360/19/3
f 393/13/3 359/13/3 392/13/3
f 393/19/3 360/19/3 359/19/3
f 393/19/3 362/19/3 361/19/3
f 394/19/3 362/19/3 393/19/3
f 395/19/3 362/19/3 394/19/3
f 396/5/3 363/5/3 362/5/3
f 396/19/3 362/19/3 395/19/3
f 397/3/3 335/3/3 363/3/3
f 397/5/3 363/5/3 396/5/3
f 398/20/3 364/20/3 335/20/3
f 398/3/3 335/3/3 397/3/3
f 399/27/3 365/27/3 364/27/3
f 399/20/3 364/20/3 398/20/3
f 399/27/3 366/27/3 365/27/3
f 400/27/3 366/27/3 399/27/3
f 401/7/3 367/7/3 366/7/3
f 401/27/3 366/27/3 400/27/3
f 402/7/3 367/7/3 401/7/3
f 404/13/3 369/13/3 368/13/3
f 405/2/3 370/2/3 369/2/3
f 405/13/3 369/13/3 404/13/3
f 406/9/3 371/9/3 370/9/3
f 406/2/3 370/2/3 405/2/3
f 406/9/3 372/9/3 371/9/3
f 406/9/3 373/9/3 372/9/3
f 407/9/3 373/9/3 406/9/3
f 408/3/3 374/3/3 373/3/3
f 408/9/3 373/9/3 407/9/3
f 409/7/3 375/7/3 374/7/3
f 409/3/3 374/3/3 408/3/3
f 410/15/3 376/15/3 375/15/3
f 410/7/3 375/7/3 409/7/3
f 411/6/3 378/6/3 377/6/3
f 411/15/3 376/15/3 410/15/3
f 411/6/3 377/6/3 376/6/3
f 412/15/3 379/15/3 378/15/3
f 412/6/3 378/6/3 411/6/3
f 412/15/3 380/15/3 379/15/3
f 413/15/3 380/15/3 412/15/3
f 414/14/3 382/14/3 381/14/3
f 414/15/3 380/15/3 413/15/3
f 414/14/3 381/14/3 380/14/3
f 415/14/3 382/14/3 414/14/3
f 416/15/3 383/15/3 382/15/3
f 416/14/3 382/14/3 415/14/3
f 417/6/3 384/6/3 383/6/3
f 417/15/3 383/15/3 416/15/3
f 418/15/3 385/15/3 384/15/3
f 418/6/3 384/6/3 417/6/3
f 419/15/3 385/15/3 418/15/3
f 421/4/3 387/4/3 386/4/3
f 421/1/3 388/1/3 387/1/3
f 422/13/3 389/13/3 388/13/3
f 422/1/3 388/1/3 421/1/3
f 423/19/3 390/19/3 389/19/3
f 423/13/3 389/13/3 422/13/3
f 423/19/3 391/19/3 390/19/3
f 424/19/3 391/19/3 423/19/3
f 425/13/3 392/13/3 391/13/3
f 425/19/3 391/19/3 424/19/3
f 426/19/3 393/19/3 392/19/3
f 426/13/3 392/13/3 425/13/3
f 427/20/3 394/20/3 393/20/3
f 427/19/3 393/19/3 426/19/3
f 428/13/3 395/13/3 394/13/3
f 428/20/3 394/20/3 427/20/3
f 429/19/3 396/19/3 395/19/3
f 429/13/3 395/13/3 428/13/3
f 430/4/3 397/4/3 396/4/3
f 430/19/3 396/19/3 429/19/3
f 431/27/3 398/27/3 397/27/3
f 431/4/3 397/4/3 430/4/3
f 431/27/3 399/27/3 398/27/3
f 432/27/3 399/27/3 431/27/3
f 433/26/3 400/26/3 399/26/3
f 433/27/3 399/27/3 432/27/3
f 434/23/3 401/23/3 400/23/3
f 434/26/3 400/26/3 433/26/3
f 435/27/3 402/27/3 401/27/3
f 435/23/3 401/23/3 434/23/3
f 436/7/3 403/7/3 402/7/3
f 436/27/3 402/27/3 435/27/3
f 437/7/3 403/7/3 436/7/3
f 438/13/3 404/13/3 403/13/3
f 438/7/3 403/7/3 437/7/3
f 439/9/3 405/9/3 404/9/3
f 439/9/3 406/9/3 405/9/3
f 440/10/3 407/10/3 406/10/3
f 440/9/3 406/9/3 439/9/3
f 441/10/3 407/10/3 440/10/3
f 442/9/3 408/9/3 407/9/3
f 442/10/3 407/10/3 441/10/3
f 442/9/3 409/9/3 408/9/3
f 443/9/3 409/9/3 442/9/3
f 444/3/3 410/3/3 409/3/3
f 444/9/3 409/9/3 443/9/3
f 445/5/3 411/5/3 410/5/3
f 445/3/3 410/3/3 444/3/3
f 446/7/3 412/7/3 411/7/3
f 446/5/3 411/5/3 445/5/3
f 447/7/3 412/7/3 446/7/3
f 448/15/3 413/15/3 412/15/3
f 448/7/3 412/7/3 447/7/3
f 449/6/3 415/6/3 414/6/3
f 449/15/3 413/15/3 448/15/3
f 449/6/3 414/6/3 413/6/3
f 450/6/3 415/6/3 449/6/3
f 451/14/3 416/14/3 415/14/3
f 451/6/3 415/6/3 450/6/3
f 452/6/3 417/6/3 416/6/3
f 452/14/3 416/14/3 451/14/3
f 453/15/3 418/15/3 417/15/3
f 453/6/3 417/6/3 452/6/3
f 454/6/3 419/6/3 418/6/3
f 454/15/3 418/15/3 453/15/3
f 455/7/3 420/7/3 419/7/3
f 455/6/3 419/6/3 454/6/3
f 456/4/3 421/4/3 386/4/3
f 457/20/3 422/20/3 421/20/3
f 457/4/3 421/4/3 456/4/3
f 458/5/3 423/5/3 422/5/3
f 458/20/3 422/20/3 457/20/3
f 459/10/3 424/10/3 423/10/3
f 459/5/3 423/5/3 458/5/3
f 460/19/3 425/19/3 424/19/3
f 460/10/3 424/10/3 459/10/3
f 461/20/3 427/20/3 426/20/3
f 461/19/3 425/19/3 460/19/3
f 461/20/3 426/20/3 425/20/3
f 462/20/3 427/20/3 461/20/3
f 463/13/3 428/13/3 427/13/3
f 463/20/3 427/20/3 462/20/3
f 464/19/3 429/19/3 428/19/3
f 464/13/3 428/13/3 463/13/3
f 465/4/3 430/4/3 429/4/3
f 465/19/3 429/19/3 464/19/3
f 466/27/3 432/27/3 431/27/3
f 466/4/3 430/4/3 465/4/3
f 466/27/3 431/27/3 430/27/3
f 467/27/3 432/27/3 466/27/3
f 468/23/3 433/23/3 432/23/3
f 468/27/3 432/27/3 467/27/3
f 469/27/3 437/27/3 436/27/3
f 469/23/3 433/23/3 468/23/3
f 469/27/3 435/27/3 434/27/3
f 469/27/3 434/27/3 433/27/3
f 469/27/3 436/27/3 435/27/3
f 470/27/3 437/27/3 469/27/3
f 471/27/3 437/27/3 470/27/3
f 472/27/3 437/27/3 471/27/3
f 473/15/3 438/15/3 437/15/3
f 473/27/3 437/27/3 472/27/3
f 474/13/3 404/13/3 438/13/3
f 474/15/3 438/15/3 473/15/3
f 475/9/3 439/9/3 404/9/3
f 475/13/3 404/13/3 474/13/3
f 476/10/3 440/10/3 439/10/3
f 476/9/3 439/9/3 475/9/3
f 477/3/3 441/3/3 440/3/3
f 477/10/3 440/10/3 476/10/3
f 478/5/3 442/5/3 441/5/3
f 478/3/3 441/3/3 477/3/3
f 479/4/3 443/4/3 442/4/3
f 479/5/3 442/5/3 478/5/3
f 480/16/3 444/16/3 443/16/3
f 480/4/3 443/4/3 479/4/3
f 480/16/3 445/16/3 444/16/3
f 481/16/3 445/16/3 480/16/3
f 482/1/3 446/1/3 445/1/3
f 482/16/3 445/16/3 481/16/3
f 483/3/3 447/3/3 446/3/3
f 483/1/3 446/1/3 482/1/3
f 484/5/3 448/5/3 447/5/3
f 484/3/3 447/3/3 483/3/3
f 485/8/3 449/8/3 448/8/3
f 485/5/3 448/5/3 484/5/3
f 486/7/3 450/7/3 449/7/3
f 486/8/3 449/8/3 485/8/3
f 487/15/3 451/15/3 450/15/3
f 487/7/3 450/7/3 486/7/3
f 487/15/3 452/15/3 451/15/3
f 488/14/3 453/14/3 452/14/3
f 488/15/3 452/15/3 487/15/3
f 489/6/3 454/6/3 453/6/3
f 489/14/3 453/14/3 488/14/3
f 490/15/3 455/15/3 454/15/3
f 490/6/3 454/6/3 489/6/3
f 491/7/3 420/7/3 455/7/3
f 491/15/3 455/15/3 490/15/3
f 492/7/3 420/7/3 491/7/3
f 494/4/3 458/4/3 457/4/3
f 495/19/3 459/19/3 458/19/3
f 495/4/3 458/4/3 494/4/3
f 496/3/3 460/3/3 459/3/3
f 496/19/3 459/19/3 495/19/3
f 497/20/3 461/20/3 460/20/3
f 497/3/3 460/3/3 496/3/3
f 498/19/3 462/19/3 461/19/3
f 498/20/3 461/20/3 497/20/3
f 499/13/3 463/13/3 462/13/3
f 499/19/3 462/19/3 498/19/3
f 500/20/3 464/20/3 463/20/3
f 500/13/3 463/13/3 499/13/3
f 501/4/3 465/4/3 464/4/3
f 501/20/3 464/20/3 500/20/3
f 502/27/3 466/27/3 465/27/3
f 502/4/3 465/4/3 501/4/3
f 503/26/3 467/26/3 466/26/3
f 503/27/3 466/27/3 502/27/3
f 504/23/3 468/23/3 467/23/3
f 504/26/3 467/26/3 503/26/3
f 505/27/3 469/27/3 468/27/3
f 505/23/3 468/23/3 504/23/3
f 505/27/3 470/27/3 469/27/3
f 506/27/3 470/27/3 505/27/3
f 507/18/3 471/18/3 470/18/3
f 507/27/3 470/27/3 506/27/3
f 508/25/3 472/25/3 471/25/3
f 508/18/3 471/18/3 507/18/3
f 509/27/3 473/27/3 472/27/3
f 509/25/3 472/25/3 508/25/3
f 510/8/3 474/8/3 473/8/3
f 510/27/3 473/27/3 509/27/3
f 511/5/3 475/5/3 474/5/3
f 511/8/3 474/8/3 510/8/3
f 512/1/3 476/1/3 475/1/3
f 512/5/3 475/5/3 511/5/3
f 513/10/3 477/10/3 476/10/3
f 513/1/3 476/1/3 512/1/3
f 514/2/3 478/2/3 477/2/3
f 514/10/3 477/10/3 513/10/3
f 515/3/3 479/3/3 478/3/3
f 515/2/3 478/2/3 514/2/3
f 516/5/3 480/5/3 479/5/3
f 516/3/3 479/3/3 515/3/3
f 517/1/3 481/1/3 480/1/3
f 517/5/3 480/5/3 516/5/3
f 518/16/3 482/16/3 481/16/3
f 518/1/3 481/1/3 517/1/3
f 519/3/3 483/3/3 482/3/3
f 519/16/3 482/16/3 518/16/3
f 520/8/3 484/8/3 483/8/3
f 520/3/3 483/3/3 519/3/3
f 520/8/3 485/8/3 484/8/3
f 521/8/3 485/8/3 520/8/3
f 522/15/3 486/15/3 485/15/3
f 522/8/3 485/8/3 521/8/3
f 523/6/3 487/6/3 486/6/3
f 523/15/3 486/15/3 522/15/3
f 524/14/3 488/14/3 487/14/3
f 525/15/3 490/15/3 489/15/3
f 525/14/3 488/14/3 524/14/3
f 525/15/3 489/15/3 488/15/3
f 526/15/3 490/15/3 525/15/3
f 527/6/3 491/6/3 490/6/3
f 527/15/3 490/15/3 526/15/3
f 528/15/3 492/15/3 491/15/3
f 528/6/3 491/6/3 527/6/3
f 529/4/3 497/4/3 496/4/3
f 529/19/3 498/19/3 497/19/3
f 530/13/3 499/13/3 498/13/3
f 530/19/3 498/19/3 529/19/3
f 531/20/3 500/20/3 499/20/3
f 531/13/3 499/13/3 530/13/3
f 532/19/3 501/19/3 500/19/3
f 532/20/3 500/20/3 531/20/3
f 532/19/3 502/19/3 501/19/3
f 533/19/3 502/19/3 532/19/3
f 534/22/3 503/22/3 502/22/3
f 534/19/3 502/19/3 533/19/3
f 535/27/3 504/27/3 503/27/3
f 535/22/3 503/22/3 534/22/3
f 536/23/3 506/23/3 505/23/3
f 536/27/3 504/27/3 535/27/3
f 536/23/3 505/23/3 504/23/3
f 537/23/3 506/23/3 536/23/3
f 538/27/3 507/27/3 506/27/3
f 538/23/3 506/23/3 537/23/3
f 539/17/3 508/17/3 507/17/3
f 539/27/3 507/27/3 538/27/3
f 540/27/3 509/27/3 508/27/3
f 540/17/3 508/17/3 539/17/3
f 541/1/3 510/1/3 509/1/3
f 541/27/3 509/27/3 540/27/3
f 542/5/3 511/5/3 510/5/3
f 542/1/3 510/1/3 541/1/3
f 542/5/3 512/5/3 511/5/3
f 543/5/3 512/5/3 542/5/3
f 544/7/3 513/7/3 512/7/3
f 544/5/3 512/5/3 543/5/3
f 545/1/3 514/1/3 513/1/3
f 545/7/3 513/7/3 544/7/3
f 546/10/3 515/10/3 514/10/3
f 546/1/3 514/1/3 545/1/3
f 546/10/3 516/10/3 515/10/3
f 547/1/3 517/1/3 516/1/3
f 547/10/3 516/10/3 546/10/3
f 548/16/3 518/16/3 517/16/3
f 548/1/3 517/1/3 547/1/3
f 549/8/3 519/8/3 518/8/3
f 549/16/3 518/16/3 548/16/3
f 549/8/3 520/8/3 519/8/3
f 550/13/3 521/13/3 520/13/3
f 550/8/3 520/8/3 549/8/3
f 551/7/3 522/7/3 521/7/3
f 551/13/3 521/13/3 550/13/3
f 552/13/3 523/13/3 522/13/3
f 552/7/3 522/7/3 551/7/3
f 553/6/3 487/6/3 523/6/3
f 553/13/3 523/13/3 552/13/3
f 554/14/3 524/14/3 487/14/3
f 554/6/3 487/6/3 553/6/3
f 555/6/3 525/6/3 524/6/3
f 555/14/3 524/14/3 554/14/3
f 556/14/3 526/14/3 525/14/3
f 556/6/3 525/6/3 555/6/3
f 557/6/3 527/6/3 526/6/3
f 557/14/3 526/14/3 556/14/3
f 558/15/3 492/15/3 528/15/3
f 558/15/3 528/15/3 527/15/3
f 559/7/3 493/7/3 492/7/3
f 559/15/3 492/15/3 558/15/3
f 560/7/3 493/7/3 559/7/3
f 562/4/3 530/4/3 529/4/3
f 562/4/3 529/4/3 496/4/3
f 563/4/3 530/4/3 562/4/3
f 564/19/3 531/19/3 530/19/3
f 564/4/3 530/4/3 563/4/3
f 564/19/3 532/19/3 531/19/3
f 565/19/3 532/19/3 564/19/3
f 566/20/3 533/20/3 532/20/3
f 566/19/3 532/19/3 565/19/3
f 567/19/3 534/19/3 533/19/3
f 567/20/3 533/20/3 566/20/3
f 568/27/3 535/27/3 534/27/3
f 568/19/3 534/19/3 567/19/3
f 568/27/3 536/27/3 535/27/3
f 569/27/3 536/27/3 568/27/3
f 570/26/3 537/26/3 536/26/3
f 570/27/3 536/27/3 569/27/3
f 571/27/3 538/27/3 537/27/3
f 571/26/3 537/26/3 570/26/3
f 572/23/3 539/23/3 538/23/3
f 572/27/3 538/27/3 571/27/3
f 573/27/3 540/27/3 539/27/3
f 573/23/3 539/23/3 572/23/3
f 574/11/3 541/11/3 540/11/3
f 574/27/3 540/27/3 573/27/3
f 574/11/3 542/11/3 541/11/3
f 575/11/3 542/11/3 574/11/3
f 576/5/3 543/5/3 542/5/3
f 576/11/3 542/11/3 575/11/3
f 577/7/3 544/7/3 543/7/3
f 577/5/3 543/5/3 576/5/3
f 578/6/3 545/6/3 544/6/3
f 578/7/3 544/7/3 577/7/3
f 579/7/3 546/7/3 545/7/3
f 579/6/3 545/6/3 578/6/3
f 579/7/3 547/7/3 546/7/3
f 580/7/3 547/7/3 579/7/3
f 581/8/3 548/8/3 547/8/3
f 581/7/3 547/7/3 580/7/3
f 581/8/3 549/8/3 548/8/3
f 582/7/3 550/7/3 549/7/3
f 582/8/3 549/8/3 581/8/3
f 583/5/3 551/5/3 550/5/3
f 583/7/3 550/7/3 582/7/3
f 584/5/3 553/5/3 552/5/3
f 584/15/3 552/15/3 551/15/3
f 585/6/3 555/6/3 554/6/3
f 585/5/3 553/5/3 584/5/3
f 585/6/3 554/6/3 553/6/3
f 586/6/3 555/6/3 585/6/3
f 587/14/3 556/14/3 555/14/3
f 587/6/3 555/6/3 586/6/3
f 588/6/3 557/6/3 556/6/3
f 588/14/3 556/14/3 587/14/3
f 589/15/3 558/15/3 527/15/3
f 589/6/3 557/6/3 588/6/3
f 589/6/3 527/6/3 557/6/3
f 590/15/3 560/15/3 559/15/3
f 590/6/3 559/6/3 558/6/3
f 591/15/3 560/15/3 590/15/3
f 594/19/3 562/19/3 561/19/3
f 595/9/3 563/9/3 562/9/3
f 595/19/3 562/19/3 594/19/3
f 596/19/3 564/19/3 563/19/3
f 596/9/3 563/9/3 595/9/3
f 597/4/3 565/4/3 564/4/3
f 597/19/3 564/19/3 596/19/3
f 598/20/3 566/20/3 565/20/3
f 598/4/3 565/4/3 597/4/3
f 599/19/3 567/19/3 566/19/3
f 599/20/3 566/20/3 598/20/3
f 600/4/3 568/4/3 567/4/3
f 600/19/3 567/19/3 599/19/3
f 601/27/3 569/27/3 568/27/3
f 601/4/3 568/4/3 600/4/3
f 602/22/3 570/22/3 569/22/3
f 602/27/3 569/27/3 601/27/3
f 603/27/3 571/27/3 570/27/3
f 603/22/3 570/22/3 602/22/3
f 604/23/3 572/23/3 571/23/3
f 604/27/3 571/27/3 603/27/3
f 605/27/3 573/27/3 572/27/3
f 605/23/3 572/23/3 604/23/3
f 606/23/3 574/23/3 573/23/3
f 606/27/3 573/27/3 605/27/3
f 607/27/3 575/27/3 574/27/3
f 607/23/3 574/23/3 606/23/3
f 608/11/3 576/11/3 575/11/3
f 608/27/3 575/27/3 607/27/3
f 609/12/3 577/12/3 576/12/3
f 609/11/3 576/11/3 608/11/3
f 610/8/3 578/8/3 577/8/3
f 610/12/3 577/12/3 609/12/3
f 611/7/3 579/7/3 578/7/3
f 611/8/3 578/8/3 610/8/3
f 612/6/3 580/6/3 579/6/3
f 612/7/3 579/7/3 611/7/3
f 613/14/3 581/14/3 580/14/3
f 613/6/3 580/6/3 612/6/3
f 614/7/3 582/7/3 581/7/3
f 614/14/3 581/14/3 613/14/3
f 615/7/3 582/7/3 614/7/3
f 616/6/3 583/6/3 582/6/3
f 616/7/3 582/7/3 615/7/3
f 617/5/3 551/5/3 583/5/3
f 617/6/3 583/6/3 616/6/3
f 618/15/3 584/15/3 551/15/3
f 618/5/3 551/5/3 617/5/3
f 619/13/3 585/13/3 584/13/3
f 619/15/3 584/15/3 618/15/3
f 620/15/3 586/15/3 585/15/3
f 620/13/3 585/13/3 619/13/3
f 621/6/3 588/6/3 587/6/3
f 621/15/3 586/15/3 620/15/3
f 621/6/3 587/6/3 586/6/3
f 622/15/3 589/15/3 588/15/3
f 622/6/3 588/6/3 621/6/3
f 623/15/3 589/15/3 622/15/3
f 624/15/3 558/15/3 589/15/3
f 624/15/3 589/15/3 623/15/3
f 625/6/3 590/6/3 558/6/3
f 625/15/3 558/15/3 624/15/3
f 625/6/3 591/6/3 590/6/3
f 626/6/3 591/6/3 625/6/3
f 627/6/3 591/6/3 626/6/3
f 628/19/3 593/19/3 592/19/3
f 629/1/3 594/1/3 593/1/3
f 629/19/3 593/19/3 628/19/3
f 630/5/3 595/5/3 594/5/3
f 630/1/3 594/1/3 629/1/3
f 631/10/3 596/10/3 595/10/3
f 631/5/3 595/5/3 630/5/3
f 632/4/3 597/4/3 596/4/3
f 632/10/3 596/10/3 631/10/3
f 633/20/3 598/20/3 597/20/3
f 633/4/3 597/4/3 632/4/3
f 634/19/3 601/19/3 600/19/3
f 634/20/3 598/20/3 633/20/3
f 634/19/3 600/19/3 599/19/3
f 634/19/3 599/19/3 598/19/3
f 635/19/3 601/19/3 634/19/3
f 636/19/3 601/19/3 635/19/3
f 637/20/3 602/20/3 601/20/3
f 637/19/3 601/19/3 636/19/3
f 638/27/3 603/27/3 602/27/3
f 638/20/3 602/20/3 637/20/3
f 639/26/3 604/26/3 603/26/3
f 639/27/3 603/27/3 638/27/3
f 640/27/3 605/27/3 604/27/3
f 640/26/3 604/26/3 639/26/3
f 641/23/3 606/23/3 605/23/3
f 641/27/3 605/27/3 640/27/3
f 642/27/3 607/27/3 606/27/3
f 642/23/3 606/23/3 641/23/3
f 643/23/3 608/23/3 607/23/3
f 643/27/3 607/27/3 642/27/3
f 644/27/3 609/27/3 608/27/3
f 644/23/3 608/23/3 643/23/3
f 645/12/3 611/12/3 610/12/3
f 645/27/3 609/27/3 644/27/3
f 645/12/3 610/12/3 609/12/3
f 646/12/3 611/12/3 645/12/3
f 647/7/3 612/7/3 611/7/3
f 647/12/3 611/12/3 646/12/3
f 647/7/3 613/7/3 612/7/3
f 648/7/3 613/7/3 647/7/3
f 649/6/3 614/6/3 613/6/3
f 649/7/3 613/7/3 648/7/3
f 650/6/3 614/6/3 649/6/3
f 651/7/3 615/7/3 614/7/3
f 651/6/3 614/6/3 650/6/3
f 652/6/3 616/6/3 615/6/3
f 652/7/3 615/7/3 651/7/3
f 653/7/3 617/7/3 616/7/3
f 653/6/3 616/6/3 652/6/3
f 654/7/3 617/7/3 653/7/3
f 655/15/3 618/15/3 617/15/3
f 655/7/3 617/7/3 654/7/3
f 656/7/3 620/7/3 619/7/3
f 656/15/3 618/15/3 655/15/3
f 656/7/3 619/7/3 618/7/3
f 656/7/3 621/7/3 620/7/3
f 657/15/3 622/15/3 621/15/3
f 657/7/3 621/7/3 656/7/3
f 658/14/3 623/14/3 622/14/3
f 658/15/3 622/15/3 657/15/3
f 659/15/3 624/15/3 623/15/3
f 659/14/3 623/14/3 658/14/3
f 660/6/3 626/6/3 625/6/3
f 660/6/3 625/6/3 624/6/3
f 661/15/3 627/15/3 626/15/3
f 661/6/3 626/6/3 660/6/3
f 662/15/3 627/15/3 661/15/3
f 663/19/3 630/19/3 629/19/3
f 663/5/3 631/5/3 630/5/3
f 664/3/3 632/3/3 631/3/3
f 664/5/3 631/5/3 663/5/3
f 665/4/3 633/4/3 632/4/3
f 665/3/3 632/3/3 664/3/3
f 666/19/3 634/19/3 633/19/3
f 666/4/3 633/4/3 665/4/3
f 667/20/3 635/20/3 634/20/3
f 667/19/3 634/19/3 666/19/3
f 668/19/3 636/19/3 635/19/3
f 668/20/3 635/20/3 667/20/3
f 669/20/3 637/20/3 636/20/3
f 669/19/3 636/19/3 668/19/3
f 670/19/3 638/19/3 637/19/3
f 670/20/3 637/20/3 669/20/3
f 671/20/3 639/20/3 638/20/3
f 671/19/3 638/19/3 670/19/3
f 672/27/3 640/27/3 639/27/3
f 672/20/3 639/20/3 671/20/3
f 673/23/3 643/23/3 642/23/3
f 673/26/3 641/26/3 640/26/3
f 673/26/3 642/26/3 641/26/3
f 674/26/3 644/26/3 643/26/3
f 674/23/3 643/23/3 673/23/3
f 674/26/3 645/26/3 644/26/3
f 675/26/3 645/26/3 674/26/3
f 676/24/3 646/24/3 645/24/3
f 676/26/3 645/26/3 675/26/3
f 677/8/3 648/8/3 647/8/3
f 677/24/3 646/24/3 676/24/3
f 677/8/3 647/8/3 646/8/3
f 678/8/3 648/8/3 677/8/3
f 679/15/3 650/15/3 649/15/3
f 679/8/3 648/8/3 678/8/3
f 679/15/3 649/15/3 648/15/3
f 680/6/3 651/6/3 650/6/3
f 680/15/3 650/15/3 679/15/3
f 680/6/3 652/6/3 651/6/3
f 681/7/3 653/7/3 652/7/3
f 681/6/3 652/6/3 680/6/3
f 682/6/3 654/6/3 653/6/3
f 682/7/3 653/7/3 681/7/3
f 683/14/3 655/14/3 654/14/3
f 683/6/3 654/6/3 682/6/3
f 683/14/3 656/14/3 655/14/3
f 684/6/3 657/6/3 656/6/3
f 684/14/3 656/14/3 683/14/3
f 685/6/3 657/6/3 684/6/3
f 686/6/3 657/6/3 685/6/3
f 687/14/3 658/14/3 657/14/3
f 687/6/3 657/6/3 686/6/3
f 688/14/3 658/14/3 687/14/3
f 689/6/3 659/6/3 658/6/3
f 689/14/3 658/14/3 688/14/3
f 690/15/3 624/15/3 659/15/3
f 690/6/3 659/6/3 689/6/3
f 691/6/3 660/6/3 624/6/3
f 691/15/3 624/15/3 690/15/3
f 692/15/3 661/15/3 660/15/3
f 692/6/3 660/6/3 691/6/3
f 693/4/3 629/4/3 628/4/3
f 694/19/3 664/19/3 663/19/3
f 694/4/3 629/4/3 693/4/3
f 694/19/3 663/19/3 629/19/3
f 695/4/3 665/4/3 664/4/3
f 695/19/3 664/19/3 694/19/3
f 695/4/3 666/4/3 665/4/3
f 696/4/3 666/4/3 695/4/3
f 697/20/3 667/20/3 666/20/3
f 697/4/3 666/4/3 696/4/3
f 698/4/3 668/4/3 667/4/3
f 698/20/3 667/20/3 697/20/3
f 699/20/3 669/20/3 668/20/3
f 699/4/3 668/4/3 698/4/3
f 700/19/3 670/19/3 669/19/3
f 700/20/3 669/20/3 699/20/3
f 701/4/3 671/4/3 670/4/3
f 701/19/3 670/19/3 700/19/3
f 702/19/3 672/19/3 671/19/3
f 702/4/3 671/4/3 701/4/3
f 703/27/3 640/27/3 672/27/3
f 703/19/3 672/19/3 702/19/3
f 704/26/3 673/26/3 640/26/3
f 704/27/3 640/27/3 703/27/3
f 704/26/3 675/26/3 674/26/3
f 704/26/3 674/26/3 673/26/3
f 705/26/3 675/26/3 704/26/3
f 706/26/3 675/26/3 705/26/3
f 707/24/3 676/24/3 675/24/3
f 707/26/3 675/26/3 706/26/3
f 708/8/3 677/8/3 676/8/3
f 708/24/3 676/24/3 707/24/3
f 709/7/3 678/7/3 677/7/3
f 709/8/3 677/8/3 708/8/3
f 710/8/3 679/8/3 678/8/3
f 710/7/3 678/7/3 709/7/3
f 710/8/3 680/8/3 679/8/3
f 711/8/3 680/8/3 710/8/3
f 712/8/3 680/8/3 711/8/3
f 713/7/3 681/7/3 680/7/3
f 713/8/3 680/8/3 712/8/3
f 714/7/3 681/7/3 713/7/3
f 715/15/3 682/15/3 681/15/3
f 715/7/3 681/7/3 714/7/3
f 715/15/3 683/15/3 682/15/3
f 716/15/3 683/15/3 715/15/3
f 717/6/3 685/6/3 684/6/3
f 717/15/3 683/15/3 716/15/3
f 717/6/3 684/6/3 683/6/3
f 718/15/3 686/15/3 685/15/3
f 718/6/3 685/6/3 717/6/3
f 719/14/3 687/14/3 686/14/3
f 719/15/3 686/15/3 718/15/3
f 720/6/3 688/6/3 687/6/3
f 720/14/3 687/14/3 719/14/3
f 721/14/3 689/14/3 688/14/3
f 721/6/3 688/6/3 720/6/3
f 722/15/3 690/15/3 689/15/3
f 722/14/3 689/14/3 721/14/3
f 723/6/3 691/6/3 690/6/3
f 723/15/3 690/15/3 722/15/3
f 724/15/3 692/15/3 691/15/3
f 724/6/3 691/6/3 723/6/3
f 725/15/3 661/15/3 692/15/3
f 725/15/3 692/15/3 724/15/3
f 726/7/3 662/7/3 661/7/3
f 726/15/3 661/15/3 725/15/3
f 727/7/3 662/7/3 726/7/3
f 728/4/3 695/4/3 694/4/3
f 729/4/3 695/4/3 728/4/3
f 730/4/3 698/4/3 697/4/3
f 730/4/3 697/4/3 696/4/3
f 731/4/3 698/4/3 730/4/3
f 732/19/3 700/19/3 699/19/3
f 732/4/3 698/4/3 731/4/3
f 732/19/3 699/19/3 698/19/3
f 733/19/3 700/19/3 732/19/3
f 734/4/3 701/4/3 700/4/3
f 734/19/3 700/19/3 733/19/3
f 735/3/3 702/3/3 701/3/3
f 735/4/3 701/4/3 734/4/3
f 736/13/3 703/13/3 702/13/3
f 736/3/3 702/3/3 735/3/3
f 737/20/3 704/20/3 703/20/3
f 737/13/3 703/13/3 736/13/3
f 738/24/3 705/24/3 704/24/3
f 738/20/3 704/20/3 737/20/3
f 739/26/3 706/26/3 705/26/3
f 739/24/3 705/24/3 738/24/3
f 740/24/3 707/24/3 706/24/3
f 740/26/3 706/26/3 739/26/3
f 741/8/3 708/8/3 707/8/3
f 741/24/3 707/24/3 740/24/3
f 742/7/3 709/7/3 708/7/3
f 742/8/3 708/8/3 741/8/3
f 743/8/3 710/8/3 709/8/3
f 743/7/3 709/7/3 742/7/3
f 744/7/3 711/7/3 710/7/3
f 744/8/3 710/8/3 743/8/3
f 745/8/3 712/8/3 711/8/3
f 745/7/3 711/7/3 744/7/3
f 746/10/3 713/10/3 712/10/3
f 746/8/3 712/8/3 745/8/3
f 747/2/3 714/2/3 713/2/3
f 747/10/3 713/10/3 746/10/3
f 748/13/3 715/13/3 714/13/3
f 748/2/3 714/2/3 747/2/3
f 749/8/3 716/8/3 715/8/3
f 749/13/3 715/13/3 748/13/3
f 750/15/3 718/15/3 717/15/3
f 750/7/3 717/7/3 716/7/3
f 751/6/3 720/6/3 719/6/3
f 751/15/3 718/15/3 750/15/3
f 751/6/3 719/6/3 718/6/3
f 752/7/3 721/7/3 720/7/3
f 752/6/3 720/6/3 751/6/3
f 753/15/3 722/15/3 721/15/3
f 753/7/3 721/7/3 752/7/3
f 754/6/3 723/6/3 722/6/3
f 754/15/3 722/15/3 753/15/3
f 755/15/3 724/15/3 723/15/3
f 755/6/3 723/6/3 754/6/3
f 756/7/3 725/7/3 724/7/3
f 756/15/3 724/15/3 755/15/3
f 757/15/3 726/15/3 725/15/3
f 757/7/3 725/7/3 756/7/3
f 758/8/3 727/8/3 726/8/3
f 758/15/3 726/15/3 757/15/3
f 759/8/3 731/8/3 730/8/3
f 759/4/3 733/4/3 732/4/3
f 759/4/3 732/4/3 731/4/3
f 760/4/3 733/4/3 759/4/3
f 761/20/3 734/20/3 733/20/3
f 761/4/3 733/4/3 760/4/3
f 762/3/3 735/3/3 734/3/3
f 762/20/3 734/20/3 761/20/3
f 763/13/3 736/13/3 735/13/3
f 763/3/3 735/3/3 762/3/3
f 764/2/3 737/2/3 736/2/3
f 764/13/3 736/13/3 763/13/3
f 765/3/3 738/3/3 737/3/3
f 765/2/3 737/2/3 764/2/3
f 766/20/3 739/20/3 738/20/3
f 766/3/3 738/3/3 765/3/3
f 767/24/3 740/24/3 739/24/3
f 767/20/3 739/20/3 766/20/3
f 768/24/3 740/24/3 767/24/3
f 769/7/3 741/7/3 740/7/3
f 769/24/3 740/24/3 768/24/3
f 769/7/3 742/7/3 741/7/3
f 770/8/3 743/8/3 742/8/3
f 770/7/3 742/7/3 769/7/3
f 770/8/3 744/8/3 743/8/3
f 770/8/3 745/8/3 744/8/3
f 771/7/3 746/7/3 745/7/3
f 771/8/3 745/8/3 770/8/3
f 772/8/3 748/8/3 747/8/3
f 772/7/3 746/7/3 771/7/3
f 772/8/3 749/8/3 748/8/3
f 772/8/3 747/8/3 746/8/3
f 773/8/3 749/8/3 772/8/3
f 774/8/3 716/8/3 749/8/3
f 774/8/3 749/8/3 773/8/3
f 775/7/3 751/7/3 750/7/3
f 775/8/3 716/8/3 774/8/3
f 775/7/3 752/7/3 751/7/3
f 775/7/3 750/7/3 716/7/3
f 776/7/3 752/7/3 775/7/3
f 777/7/3 752/7/3 776/7/3
f 778/7/3 752/7/3 777/7/3
f 779/7/3 752/7/3 778/7/3
f 780/6/3 753/6/3 752/6/3
f 780/7/3 752/7/3 779/7/3
f 781/14/3 754/14/3 753/14/3
f 781/6/3 753/6/3 780/6/3
f 782/6/3 755/6/3 754/6/3
f 782/14/3 754/14/3 781/14/3
f 783/7/3 756/7/3 755/7/3
f 783/6/3 755/6/3 782/6/3
f 784/15/3 757/15/3 756/15/3
f 784/7/3 756/7/3 783/7/3
f 785/7/3 758/7/3 757/7/3
f 785/15/3 757/15/3 784/15/3
f 786/8/3 759/8/3 730/8/3
f 787/7/3 760/7/3 759/7/3
f 787/8/3 759/8/3 786/8/3
f 788/8/3 761/8/3 760/8/3
f 788/7/3 760/7/3 787/7/3
f 789/20/3 762/20/3 761/20/3
f 789/8/3 761/8/3 788/8/3
f 790/10/3 763/10/3 762/10/3
f 790/20/3 762/20/3 789/20/3
f 791/13/3 764/13/3 763/13/3
f 791/10/3 763/10/3 790/10/3
f 792/3/3 765/3/3 764/3/3
f 792/13/3 764/13/3 791/13/3
f 793/2/3 766/2/3 765/2/3
f 793/3/3 765/3/3 792/3/3
f 794/13/3 767/13/3 766/13/3
f 794/2/3 766/2/3 793/2/3
f 795/20/3 768/20/3 767/20/3
f 795/13/3 767/13/3 794/13/3
f 796/8/3 770/8/3 769/8/3
f 796/20/3 768/20/3 795/20/3
f 796/8/3 769/8/3 768/8/3
f 797/7/3 771/7/3 770/7/3
f 797/8/3 770/8/3 796/8/3
f 798/7/3 771/7/3 797/7/3
f 799/8/3 772/8/3 771/8/3
f 799/7/3 771/7/3 798/7/3
f 800/7/3 773/7/3 772/7/3
f 800/8/3 772/8/3 799/8/3
f 801/7/3 773/7/3 800/7/3
f 802/8/3 774/8/3 773/8/3
f 802/7/3 773/7/3 801/7/3
f 803/7/3 775/7/3 774/7/3
f 803/8/3 774/8/3 802/8/3
f 804/8/3 776/8/3 775/8/3
f 804/7/3 775/7/3 803/7/3
f 805/7/3 777/7/3 776/7/3
f 805/8/3 776/8/3 804/8/3
f 806/15/3 778/15/3 777/15/3
f 806/7/3 777/7/3 805/7/3
f 807/7/3 779/7/3 778/7/3
f 807/15/3 778/15/3 806/15/3
f 808/6/3 782/6/3 781/6/3
f 808/7/3 779/7/3 807/7/3
f 808/6/3 781/6/3 780/6/3
f 808/6/3 780/6/3 779/6/3
f 809/6/3 782/6/3 808/6/3
f 810/6/3 782/6/3 809/6/3
f 811/6/3 782/6/3 810/6/3
f 812/15/3 783/15/3 782/15/3
f 812/6/3 782/6/3 811/6/3
f 813/8/3 784/8/3 783/8/3
f 813/15/3 783/15/3 812/15/3
f 814/7/3 785/7/3 784/7/3
f 814/7/3 758/7/3 785/7/3
f 815/8/3 727/8/3 758/8/3
f 815/7/3 758/7/3 814/7/3
f 816/8/3 727/8/3 815/8/3
f 818/8/3 788/8/3 787/8/3
f 819/7/3 789/7/3 788/7/3
f 819/8/3 788/8/3 818/8/3
f 820/8/3 790/8/3 789/8/3
f 820/7/3 789/7/3 819/7/3
f 821/5/3 791/5/3 790/5/3
f 821/8/3 790/8/3 820/8/3
f 822/10/3 792/10/3 791/10/3
f 822/5/3 791/5/3 821/5/3
f 823/2/3 793/2/3 792/2/3
f 823/10/3 792/10/3 822/10/3
f 824/3/3 794/3/3 793/3/3
f 824/2/3 793/2/3 823/2/3
f 825/20/3 795/20/3 794/20/3
f 825/3/3 794/3/3 824/3/3
f 826/8/3 796/8/3 795/8/3
f 826/20/3 795/20/3 825/20/3
f 827/7/3 798/7/3 797/7/3
f 827/8/3 796/8/3 826/8/3
f 827/7/3 797/7/3 796/7/3
f 828/7/3 798/7/3 827/7/3
f 829/8/3 799/8/3 798/8/3
f 829/7/3 798/7/3 828/7/3
f 830/7/3 801/7/3 800/7/3
f 830/8/3 799/8/3 829/8/3
f 830/7/3 800/7/3 799/7/3
f 831/7/3 801/7/3 830/7/3
f 832/15/3 802/15/3 801/15/3
f 832/7/3 801/7/3 831/7/3
f 832/15/3 803/15/3 802/15/3
f 833/8/3 804/8/3 803/8/3
f 833/15/3 803/15/3 832/15/3
f 834/7/3 805/7/3 804/7/3
f 834/8/3 804/8/3 833/8/3
f 835/15/3 806/15/3 805/15/3
f 835/7/3 805/7/3 834/7/3
f 836/6/3 807/6/3 806/6/3
f 836/15/3 806/15/3 835/15/3
f 836/6/3 808/6/3 807/6/3
f 837/6/3 808/6/3 836/6/3
f 838/7/3 809/7/3 808/7/3
f 838/6/3 808/6/3 837/6/3
f 839/15/3 810/15/3 809/15/3
f 839/7/3 809/7/3 838/7/3
f 840/6/3 811/6/3 810/6/3
f 840/15/3 810/15/3 839/15/3
f 841/15/3 812/15/3 811/15/3
f 841/6/3 811/6/3 840/6/3
f 842/7/3 813/7/3 812/7/3
f 842/15/3 812/15/3 841/15/3
f 843/8/3 784/8/3 813/8/3
f 843/7/3 813/7/3 842/7/3
f 844/7/3 814/7/3 784/7/3
f 844/8/3 784/8/3 843/8/3
f 845/24/3 815/24/3 814/24/3
f 845/7/3 814/7/3 844/7/3
f 846/24/3 815/24/3 845/24/3
f 848/7/3 819/7/3 818/7/3
f 848/8/3 820/8/3 819/8/3
f 849/7/3 821/7/3 820/7/3
f 849/8/3 820/8/3 848/8/3
f 849/7/3 822/7/3 821/7/3
f 850/20/3 823/20/3 822/20/3
f 850/7/3 822/7/3 849/7/3
f 850/20/3 824/20/3 823/20/3
f 851/20/3 824/20/3 850/20/3
f 852/5/3 825/5/3 824/5/3
f 852/20/3 824/20/3 851/20/3
f 853/8/3 826/8/3 825/8/3
f 853/5/3 825/5/3 852/5/3
f 854/7/3 828/7/3 827/7/3
f 854/8/3 826/8/3 853/8/3
f 854/7/3 827/7/3 826/7/3
f 855/7/3 828/7/3 854/7/3
f 856/8/3 829/8/3 828/8/3
f 856/7/3 828/7/3 855/7/3
f 857/7/3 831/7/3 830/7/3
f 857/8/3 829/8/3 856/8/3
f 857/7/3 830/7/3 829/7/3
f 858/7/3 831/7/3 857/7/3
f 859/7/3 831/7/3 858/7/3
f 860/15/3 832/15/3 831/15/3
f 860/7/3 831/7/3 859/7/3
f 861/7/3 834/7/3 833/7/3
f 861/15/3 832/15/3 860/15/3
f 861/7/3 833/7/3 832/7/3
f 862/8/3 835/8/3 834/8/3
f 862/7/3 834/7/3 861/7/3
f 863/7/3 836/7/3 835/7/3
f 863/8/3 835/8/3 862/8/3
f 864/15/3 837/15/3 836/15/3
f 864/7/3 836/7/3 863/7/3
f 865/6/3 839/6/3 838/6/3
f 865/15/3 837/15/3 864/15/3
f 865/6/3 838/6/3 837/6/3
f 866/7/3 840/7/3 839/7/3
f 866/6/3 839/6/3 865/6/3
f 867/15/3 842/15/3 841/15/3
f 867/7/3 840/7/3 866/7/3
f 867/15/3 841/15/3 840/15/3
f 868/15/3 842/15/3 867/15/3
f 869/8/3 843/8/3 842/8/3
f 869/15/3 842/15/3 868/15/3
f 870/22/3 844/22/3 843/22/3
f 870/8/3 843/8/3 869/8/3
f 871/24/3 845/24/3 844/24/3
f 871/22/3 844/22/3 870/22/3
f 872/21/3 846/21/3 845/21/3
f 872/24/3 845/24/3 871/24/3
f 873/24/3 847/24/3 846/24/3
f 873/21/3 846/21/3 872/21/3
f 874/24/3 847/24/3 873/24/3
f 876/7/3 849/7/3 848/7/3
f 876/7/3 848/7/3 818/7/3
f 876/8/3 818/8/3 817/8/3
f 877/7/3 849/7/3 876/7/3
f 878/8/3 851/8/3 850/8/3
f 878/7/3 849/7/3 877/7/3
f 878/8/3 850/8/3 849/8/3
f 879/8/3 851/8/3 878/8/3
f 880/8/3 851/8/3 879/8/3
f 881/15/3 853/15/3 852/15/3
f 881/8/3 851/8/3 880/8/3
f 881/15/3 852/15/3 851/15/3
f 882/7/3 854/7/3 853/7/3
f 882/15/3 853/15/3 881/15/3
f 883/8/3 855/8/3 854/8/3
f 883/7/3 854/7/3 882/7/3
f 884/8/3 855/8/3 883/8/3
f 885/15/3 856/15/3 855/15/3
f 885/8/3 855/8/3 884/8/3
f 886/7/3 857/7/3 856/7/3
f 886/15/3 856/15/3 885/15/3
f 887/7/3 857/7/3 886/7/3
f 888/15/3 858/15/3 857/15/3
f 888/7/3 857/7/3 887/7/3
f 889/7/3 859/7/3 858/7/3
f 889/15/3 858/15/3 888/15/3
f 890/8/3 860/8/3 859/8/3
f 890/7/3 859/7/3 889/7/3
f 891/7/3 861/7/3 860/7/3
f 891/8/3 860/8/3 890/8/3
f 892/15/3 862/15/3 861/15/3
f 892/7/3 861/7/3 891/7/3
f 892/15/3 865/15/3 864/15/3
f 892/15/3 866/15/3 865/15/3
f 892/15/3 863/15/3 862/15/3
f 892/15/3 864/15/3 863/15/3
f 893/15/3 866/15/3 892/15/3
f 894/15/3 866/15/3 893/15/3
f 895/15/3 866/15/3 894/15/3
f 896/15/3 866/15/3 895/15/3
f 897/15/3 866/15/3 896/15/3
f 898/8/3 867/8/3 866/8/3
f 898/15/3 866/15/3 897/15/3
f 899/15/3 868/15/3 867/15/3
f 899/8/3 867/8/3 898/8/3
f 900/8/3 869/8/3 868/8/3
f 900/15/3 868/15/3 899/15/3
f 901/22/3 870/22/3 869/22/3
f 901/8/3 869/8/3 900/8/3
f 902/21/3 871/21/3 870/21/3
f 902/22/3 870/22/3 901/22/3
f 903/8/3 872/8/3 871/8/3
f 903/21/3 871/21/3 902/21/3
f 904/24/3 873/24/3 872/24/3
f 904/8/3 872/8/3 903/8/3
f 905/23/3 874/23/3 873/23/3
f 905/24/3 873/24/3 904/24/3
f 906/27/3 875/27/3 874/27/3
f 906/23/3 874/23/3 905/23/3
f 907/27/3 875/27/3 906/27/3
f 909/8/3 876/8/3 817/8/3
f 910/15/3 877/15/3 876/15/3
f 910/8/3 876/8/3 909/8/3
f 911/7/3 878/7/3 877/7/3
f 911/15/3 877/15/3 910/15/3
f 911/7/3 879/7/3 878/7/3
f 912/7/3 879/7/3 911/7/3
f 913/15/3 880/15/3 879/15/3
f 913/7/3 879/7/3 912/7/3
f 914/7/3 881/7/3 880/7/3
f 914/15/3 880/15/3 913/15/3
f 915/8/3 882/8/3 881/8/3
f 915/7/3 881/7/3 914/7/3
f 916/15/3 883/15/3 882/15/3
f 916/8/3 882/8/3 915/8/3
f 916/15/3 884/15/3 883/15/3
f 917/7/3 886/7/3 885/7/3
f 917/15/3 884/15/3 916/15/3
f 917/7/3 885/7/3 884/7/3
f 917/7/3 887/7/3 886/7/3
f 918/7/3 887/7/3 917/7/3
f 919/8/3 889/8/3 888/8/3
f 919/7/3 887/7/3 918/7/3
f 919/8/3 888/8/3 887/8/3
f 920/7/3 890/7/3 889/7/3
f 920/8/3 889/8/3 919/8/3
f 921/15/3 891/15/3 890/15/3
f 921/7/3 890/7/3 920/7/3
f 922/7/3 892/7/3 891/7/3
f 922/15/3 891/15/3 921/15/3
f 922/7/3 893/7/3 892/7/3
f 923/8/3 894/8/3 893/8/3
f 923/7/3 893/7/3 922/7/3
f 924/7/3 895/7/3 894/7/3
f 924/8/3 894/8/3 923/8/3
f 925/15/3 896/15/3 895/15/3
f 925/7/3 895/7/3 924/7/3
f 926/7/3 897/7/3 896/7/3
f 926/15/3 896/15/3 925/15/3
f 927/15/3 898/15/3 897/15/3
f 927/7/3 897/7/3 926/7/3
f 928/24/3 900/24/3 899/24/3
f 928/15/3 898/15/3 927/15/3
f 928/24/3 899/24/3 898/24/3
f 929/24/3 900/24/3 928/24/3
f 930/23/3 901/23/3 900/23/3
f 930/24/3 900/24/3 929/24/3
f 931/15/3 902/15/3 901/15/3
f 931/23/3 901/23/3 930/23/3
f 932/23/3 903/23/3 902/23/3
f 932/15/3 902/15/3 931/15/3
f 933/7/3 904/7/3 903/7/3
f 933/23/3 903/23/3 932/23/3
f 934/7/3 904/7/3 933/7/3
f 935/24/3 906/24/3 905/24/3
f 936/15/3 912/15/3 911/15/3
f 936/8/3 911/8/3 910/8/3
f 937/8/3 913/8/3 912/8/3
f 937/15/3 912/15/3 936/15/3
f 937/8/3 914/8/3 913/8/3
f 938/8/3 914/8/3 937/8/3
f 939/15/3 916/15/3 915/15/3
f 939/8/3 914/8/3 938/8/3
f 939/15/3 915/15/3 914/15/3
f 940/15/3 916/15/3 939/15/3
f 941/7/3 917/7/3 916/7/3
f 941/15/3 916/15/3 940/15/3
f 942/15/3 918/15/3 917/15/3
f 942/7/3 917/7/3 941/7/3
f 943/8/3 919/8/3 918/8/3
f 943/15/3 918/15/3 942/15/3
f 944/15/3 920/15/3 919/15/3
f 944/8/3 919/8/3 943/8/3
f 944/15/3 921/15/3 920/15/3
f 945/15/3 921/15/3 944/15/3
f 946/15/3 921/15/3 945/15/3
f 947/8/3 922/8/3 921/8/3
f 947/15/3 921/15/3 946/15/3
f 947/8/3 923/8/3 922/8/3
f 948/8/3 923/8/3 947/8/3
f 949/15/3 925/15/3 924/15/3
f 949/8/3 923/8/3 948/8/3
f 949/15/3 924/15/3 923/15/3
f 950/15/3 925/15/3 949/15/3
f 951/7/3 926/7/3 925/7/3
f 951/15/3 925/15/3 950/15/3
f 952/8/3 927/8/3 926/8/3
f 952/7/3 926/7/3 951/7/3
f 953/21/3 929/21/3 928/21/3
f 953/24/3 928/24/3 927/24/3
f 954/22/3 930/22/3 929/22/3
f 954/21/3 929/21/3 953/21/3
f 955/15/3 931/15/3 930/15/3
f 955/22/3 930/22/3 954/22/3
f 956/7/3 932/7/3 931/7/3
f 956/15/3 931/15/3 955/15/3
f 957/23/3 933/23/3 932/23/3
f 957/7/3 932/7/3 956/7/3
f 958/24/3 935/24/3 934/24/3
f 958/23/3 933/23/3 957/23/3
f 958/24/3 934/24/3 933/24/3
f 959/24/3 935/24/3 958/24/3
f 960/24/3 906/24/3 935/24/3
f 960/24/3 935/24/3 959/24/3
f 960/23/3 907/23/3 906/23/3
f 961/27/3 908/27/3 907/27/3
f 961/23/3 907/23/3 960/23/3
f 962/27/3 908/27/3 961/27/3
f 964/8/3 936/8/3 910/8/3
f 964/8/3 937/8/3 936/8/3
f 965/8/3 937/8/3 964/8/3
f 966/7/3 938/7/3 937/7/3
f 966/8/3 937/8/3 965/8/3
f 967/15/3 940/15/3 939/15/3
f 967/7/3 938/7/3 966/7/3
f 967/15/3 939/15/3 938/15/3
f 968/7/3 941/7/3 940/7/3
f 968/15/3 940/15/3 967/15/3
f 969/7/3 941/7/3 968/7/3
f 970/15/3 942/15/3 941/15/3
f 970/7/3 941/7/3 969/7/3
f 971/15/3 942/15/3 970/15/3
f 972/8/3 943/8/3 942/8/3
f 972/15/3 942/15/3 971/15/3
f 973/15/3 945/15/3 944/15/3
f 973/8/3 943/8/3 972/8/3
f 973/15/3 944/15/3 943/15/3
f 974/15/3 945/15/3 973/15/3
f 975/15/3 945/15/3 974/15/3
f 976/7/3 946/7/3 945/7/3
f 976/15/3 945/15/3 975/15/3
f 977/8/3 947/8/3 946/8/3
f 977/7/3 946/7/3 976/7/3
f 978/7/3 948/7/3 947/7/3
f 978/8/3 947/8/3 977/8/3
f 979/15/3 949/15/3 948/15/3
f 979/7/3 948/7/3 978/7/3
f 980/6/3 950/6/3 949/6/3
f 980/15/3 949/15/3 979/15/3
f 981/8/3 951/8/3 950/8/3
f 981/6/3 950/6/3 980/6/3
f 981/8/3 952/8/3 951/8/3
f 982/8/3 952/8/3 981/8/3
f 983/8/3 952/8/3 982/8/3
f 984/24/3 953/24/3 927/24/3
f 984/8/3 952/8/3 983/8/3
f 984/8/3 927/8/3 952/8/3
f 985/23/3 954/23/3 953/23/3
f 985/24/3 953/24/3 984/24/3
f 986/21/3 955/21/3 954/21/3
f 986/23/3 954/23/3 985/23/3
f 987/24/3 956/24/3 955/24/3
f 987/21/3 955/21/3 986/21/3
f 988/8/3 957/8/3 956/8/3
f 988/24/3 956/24/3 987/24/3
f 989/23/3 958/23/3 957/23/3
f 989/8/3 957/8/3 988/8/3
f 990/21/3 959/21/3 958/21/3
f 990/23/3 958/23/3 989/23/3
f 991/23/3 960/23/3 959/23/3
f 991/21/3 959/21/3 990/21/3
f 992/23/3 960/23/3 991/23/3
f 993/27/3 961/27/3 960/27/3
f 993/23/3 960/23/3 992/23/3
f 994/27/3 961/27/3 993/27/3
f 995/8/3 965/8/3 964/8/3
f 995/8/3 964/8/3 963/8/3
f 996/15/3 967/15/3 966/15/3
f 996/8/3 965/8/3 995/8/3
f 996/15/3 966/15/3 965/15/3
f 997/15/3 967/15/3 996/15/3
f 998/7/3 968/7/3 967/7/3
f 998/15/3 967/15/3 997/15/3
f 999/7/3 968/7/3 998/7/3
f 1000/15/3 969/15/3 968/15/3
f 1000/7/3 968/7/3 999/7/3
f 1001/8/3 970/8/3 969/8/3
f 1001/15/3 969/15/3 1000/15/3
f 1002/7/3 971/7/3 970/7/3
f 1002/8/3 970/8/3 1001/8/3
f 1003/8/3 972/8/3 971/8/3
f 1003/7/3 971/7/3 1002/7/3
f 1004/15/3 974/15/3 973/15/3
f 1004/8/3 972/8/3 1003/8/3
f 1004/15/3 973/15/3 972/15/3
f 1005/15/3 974/15/3 1004/15/3
f 1006/7/3 975/7/3 974/7/3
f 1006/15/3 974/15/3 1005/15/3
f 1007/8/3 977/8/3 976/8/3
f 1007/7/3 975/7/3 1006/7/3
f 1007/8/3 976/8/3 975/8/3
f 1008/8/3 977/8/3 1007/8/3
f 1009/7/3 978/7/3 977/7/3
f 1009/8/3 977/8/3 1008/8/3
f 1010/8/3 979/8/3 978/8/3
f 1010/7/3 978/7/3 1009/7/3
f 1010/8/3 980/8/3 979/8/3
f 1010/8/3 981/8/3 980/8/3
f 1011/8/3 981/8/3 1010/8/3
f 1012/8/3 981/8/3 1011/8/3
f 1013/7/3 982/7/3 981/7/3
f 1013/8/3 981/8/3 1012/8/3
f 1014/7/3 982/7/3 1013/7/3
f 1015/15/3 983/15/3 982/15/3
f 1015/7/3 982/7/3 1014/7/3
f 1016/8/3 985/8/3 984/8/3
f 1016/15/3 983/15/3 1015/15/3
f 1016/8/3 984/8/3 983/8/3
f 1017/24/3 986/24/3 985/24/3
f 1017/8/3 985/8/3 1016/8/3
f 1018/23/3 987/23/3 986/23/3
f 1018/24/3 986/24/3 1017/24/3
f 1018/23/3 988/23/3 987/23/3
f 1019/24/3 989/24/3 988/24/3
f 1019/23/3 988/23/3 1018/23/3
f 1020/23/3 990/23/3 989/23/3
f 1020/24/3 989/24/3 1019/24/3
f 1021/24/3 992/24/3 991/24/3
f 1021/23/3 990/23/3 1020/23/3
f 1021/24/3 991/24/3 990/24/3
f 1022/27/3 993/27/3 992/27/3
f 1022/24/3 992/24/3 1021/24/3
f 1023/27/3 993/27/3 1022/27/3
f 1024/8/3 995/8/3 963/8/3
f 1025/7/3 996/7/3 995/7/3
f 1025/8/3 995/8/3 1024/8/3
f 1026/8/3 997/8/3 996/8/3
f 1026/7/3 996/7/3 1025/7/3
f 1027/7/3 999/7/3 998/7/3
f 1027/8/3 997/8/3 1026/8/3
f 1027/7/3 998/7/3 997/7/3
f 1028/8/3 1001/8/3 1000/8/3
f 1028/7/3 999/7/3 1027/7/3
f 1028/8/3 1000/8/3 999/8/3
f 1029/7/3 1002/7/3 1001/7/3
f 1029/8/3 1001/8/3 1028/8/3
f 1030/8/3 1003/8/3 1002/8/3
f 1030/7/3 1002/7/3 1029/7/3
f 1031/7/3 1004/7/3 1003/7/3
f 1031/8/3 1003/8/3 1030/8/3
f 1032/15/3 1005/15/3 1004/15/3
f 1032/7/3 1004/7/3 1031/7/3
f 1033/7/3 1006/7/3 1005/7/3
f 1033/15/3 1005/15/3 1032/15/3
f 1034/8/3 1007/8/3 1006/8/3
f 1034/7/3 1006/7/3 1033/7/3
f 1035/7/3 1008/7/3 1007/7/3
f 1035/8/3 1007/8/3 1034/8/3
f 1036/15/3 1009/15/3 1008/15/3
f 1036/7/3 1008/7/3 1035/7/3
f 1037/8/3 1010/8/3 1009/8/3
f 1037/15/3 1009/15/3 1036/15/3
f 1037/8/3 1011/8/3 1010/8/3
f 1038/8/3 1011/8/3 1037/8/3
f 1039/7/3 1012/7/3 1011/7/3
f 1039/8/3 1011/8/3 1038/8/3
f 1040/15/3 1013/15/3 1012/15/3
f 1040/7/3 1012/7/3 1039/7/3
f 1041/15/3 1013/15/3 1040/15/3
f 1042/6/3 1014/6/3 1013/6/3
f 1042/15/3 1013/15/3 1041/15/3
f 1043/7/3 1015/7/3 1014/7/3
f 1043/6/3 1014/6/3 1042/6/3
f 1044/8/3 1016/8/3 1015/8/3
f 1044/7/3 1015/7/3 1043/7/3
f 1045/8/3 1016/8/3 1044/8/3
f 1046/24/3 1019/24/3 1018/24/3
f 1047/23/3 1020/23/3 1019/23/3
f 1047/24/3 1019/24/3 1046/24/3
f 1048/24/3 1021/24/3 1020/24/3
f 1048/23/3 1020/23/3 1047/23/3
f 1049/24/3 1021/24/3 1048/24/3
f 1050/8/3 1026/8/3 1025/8/3
f 1051/7/3 1027/7/3 1026/7/3
f 1051/8/3 1026/8/3 1050/8/3
f 1052/8/3 1028/8/3 1027/8/3
f 1052/7/3 1027/7/3 1051/7/3
f 1053/7/3 1029/7/3 1028/7/3
f 1053/8/3 1028/8/3 1052/8/3
f 1054/8/3 1030/8/3 1029/8/3
f 1054/7/3 1029/7/3 1053/7/3
f 1055/15/3 1032/15/3 1031/15/3
f 1055/8/3 1030/8/3 1054/8/3
f 1055/15/3 1031/15/3 1030/15/3
f 1056/7/3 1033/7/3 1032/7/3
f 1056/15/3 1032/15/3 1055/15/3
f 1057/8/3 1034/8/3 1033/8/3
f 1057/7/3 1033/7/3 1056/7/3
f 1058/7/3 1035/7/3 1034/7/3
f 1058/8/3 1034/8/3 1057/8/3
f 1059/6/3 1036/6/3 1035/6/3
f 1059/7/3 1035/7/3 1058/7/3
f 1060/8/3 1037/8/3 1036/8/3
f 1060/6/3 1036/6/3 1059/6/3
f 1061/7/3 1038/7/3 1037/7/3
f 1061/8/3 1037/8/3 1060/8/3
f 1062/15/3 1039/15/3 1038/15/3
f 1062/7/3 1038/7/3 1061/7/3
f 1063/6/3 1040/6/3 1039/6/3
f 1063/15/3 1039/15/3 1062/15/3
f 1064/7/3 1041/7/3 1040/7/3
f 1064/6/3 1040/6/3 1063/6/3
f 1065/8/3 1042/8/3 1041/8/3
f 1065/7/3 1041/7/3 1064/7/3
f 1065/8/3 1043/8/3 1042/8/3
f 1066/8/3 1043/8/3 1065/8/3
f 1067/24/3 1048/24/3 1047/24/3
f 1068/24/3 1048/24/3 1067/24/3
f 1069/7/3 1053/7/3 1052/7/3
f 1070/8/3 1054/8/3 1053/8/3
f 1070/7/3 1053/7/3 1069/7/3
f 1071/15/3 1055/15/3 1054/15/3
f 1071/8/3 1054/8/3 1070/8/3
f 1072/7/3 1056/7/3 1055/7/3
f 1072/15/3 1055/15/3 1071/15/3
f 1073/7/3 1056/7/3 1072/7/3
f 1074/8/3 1057/8/3 1056/8/3
f 1074/7/3 1056/7/3 1073/7/3
f 1075/7/3 1058/7/3 1057/7/3
f 1075/8/3 1057/8/3 1074/8/3
f 1076/6/3 1059/6/3 1058/6/3
f 1076/7/3 1058/7/3 1075/7/3
f 1077/8/3 1060/8/3 1059/8/3
f 1077/6/3 1059/6/3 1076/6/3
f 1078/7/3 1061/7/3 1060/7/3
f 1078/8/3 1060/8/3 1077/8/3
f 1079/15/3 1062/15/3 1061/15/3
f 1079/7/3 1061/7/3 1078/7/3
f 1080/7/3 1063/7/3 1062/7/3
f 1080/15/3 1062/15/3 1079/15/3
f 1081/8/3 1064/8/3 1063/8/3
f 1081/7/3 1063/7/3 1080/7/3
f 1082/8/3 1064/8/3 1081/8/3
f 1083/8/3 1052/8/3 1051/8/3
f 1084/7/3 1069/7/3 1052/7/3
f 1084/8/3 1052/8/3 1083/8/3
f 1085/15/3 1070/15/3 1069/15/3
f 1085/7/3 1069/7/3 1084/7/3
f 1086/7/3 1073/7/3 1072/7/3
f 1086/15/3 1070/15/3 1085/15/3
f 1086/7/3 1071/7/3 1070/7/3
f 1086/7/3 1072/7/3 1071/7/3
f 1087/7/3 1073/7/3 1086/7/3
f 1088/7/3 1073/7/3 1087/7/3
f 1089/8/3 1074/8/3 1073/8/3
f 1089/7/3 1073/7/3 1088/7/3
f 1090/7/3 1075/7/3 1074/7/3
f 1090/8/3 1074/8/3 1089/8/3
f 1091/15/3 1076/15/3 1075/15/3
f 1091/7/3 1075/7/3 1090/7/3
f 1092/8/3 1077/8/3 1076/8/3
f 1092/15/3 1076/15/3 1091/15/3
f 1093/7/3 1078/7/3 1077/7/3
f 1093/8/3 1077/8/3 1092/8/3
f 1094/15/3 1079/15/3 1078/15/3
f 1094/7/3 1078/7/3 1093/7/3
f 1095/8/3 1080/8/3 1079/8/3
f 1095/15/3 1079/15/3 1094/15/3
f 1096/8/3 1080/8/3 1095/8/3
f 1097/8/3 1085/8/3 1084/8/3
f 1097/8/3 1086/8/3 1085/8/3
f 1098/8/3 1086/8/3 1097/8/3
f 1099/7/3 1087/7/3 1086/7/3
f 1099/8/3 1086/8/3 1098/8/3
f 1100/15/3 1088/15/3 1087/15/3
f 1100/7/3 1087/7/3 1099/7/3
f 1101/8/3 1089/8/3 1088/8/3
f 1101/15/3 1088/15/3 1100/15/3
f 1102/8/3 1089/8/3 1101/8/3
f 1103/15/3 1091/15/3 1090/15/3
f 1103/8/3 1089/8/3 1102/8/3
f 1103/15/3 1090/15/3 1089/15/3
f 1104/15/3 1091/15/3 1103/15/3
f 1105/8/3 1092/8/3 1091/8/3
f 1105/15/3 1091/15/3 1104/15/3
f 1106/7/3 1093/7/3 1092/7/3
f 1106/8/3 1092/8/3 1105/8/3
f 1107/8/3 1094/8/3 1093/8/3
f 1107/7/3 1093/7/3 1106/7/3
f 1107/8/3 1095/8/3 1094/8/3
f 1108/8/3 1095/8/3 1107/8/3
f 1109/8/3 1102/8/3 1101/8/3
f 1109/8/3 1100/8/3 1099/8/3
f 1109/8/3 1101/8/3 1100/8/3
f 1109/8/3 1099/8/3 1098/8/3
f 1110/8/3 1102/8/3 1109/8/3
f 1111/8/3 1102/8/3 1110/8/3
f 1112/8/3 1102/8/3 1111/8/3
f 1113/15/3 1103/15/3 1102/15/3
f 1113/8/3 1102/8/3 1112/8/3
f 1114/6/3 1104/6/3 1103/6/3
f 1114/15/3 1103/15/3 1113/15/3
f 1115/8/3 1105/8/3 1104/8/3
f 1115/6/3 1104/6/3 1114/6/3
f 1116/15/3 1106/15/3 1105/15/3
f 1116/8/3 1105/8/3 1115/8/3
f 1117/8/3 1107/8/3 1106/8/3
f 1117/15/3 1106/15/3 1116/15/3
f 1118/8/3 1107/8/3 1117/8/3
f 1119/8/3 1111/8/3 1110/8/3
f 1120/15/3 1112/15/3 1111/15/3
f 1120/8/3 1111/8/3 1119/8/3
f 1121/6/3 1114/6/3 1113/6/3
f 1121/15/3 1112/15/3 1120/15/3
f 1121/6/3 1113/6/3 1112/6/3
f 1122/8/3 1115/8/3 1114/8/3
f 1122/6/3 1114/6/3 1121/6/3
f 1123/7/3 1116/7/3 1115/7/3
f 1123/8/3 1115/8/3 1122/8/3
f 1124/8/3 1117/8/3 1116/8/3
f 1124/7/3 1116/7/3 1123/7/3
f 1125/8/3 1117/8/3 1124/8/3
f 1126/8/3 1121/8/3 1120/8/3
f 1126/8/3 1122/8/3 1121/8/3
f 1127/8/3 1122/8/3 1126/8/3
f 1128/15/3 1123/15/3 1122/15/3
f 1128/8/3 1122/8/3 1127/8/3
f 1129/8/3 1124/8/3 1123/8/3
f 1129/15/3 1123/15/3 1128/15/3
f 1130/8/3 1124/8/3 1129/8/3
f 1131/8/3 1128/8/3 1127/8/3
f 1131/8/3 1129/8/3 1128/8/3
f 1132/8/3 1129/8/3 1131/8/3
f 1133/6/4 1134/6/4 1138/6/4
f 1138/6/4 1134/6/4 1139/6/4
f 1135/13/4 1136/13/4 1143/13/4
f 1136/3/4 1137/3/4 1144/3/4
f 1143/13/4 1136/13/4 1144/13/4
f 1144/3/4 1137/3/4 1145/3/4
f 1138/15/4 1139/15/4 1148/15/4
f 1139/6/4 1140/6/4 1149/6/4
f 1148/15/4 1139/15/4 1149/15/4
f 1140/15/4 1141/15/4 1150/15/4
f 1149/6/4 1140/6/4 1150/6/4
f 1150/15/4 1141/15/4 1151/15/4
f 1151/15/4 1141/15/4 1152/15/4
f 1142/5/4 1143/5/4 1155/5/4
f 1143/13/4 1144/13/4 1156/13/4
f 1155/5/4 1143/5/4 1156/5/4
f 1144/10/4 1145/10/4 1157/10/4
f 1156/13/4 1144/13/4 1157/13/4
f 1145/3/4 1146/3/4 1158/3/4
f 1157/10/4 1145/10/4 1158/10/4
f 1158/3/4 1146/3/4 1159/3/4
f 1147/8/4 1148/8/4 1162/8/4
f 1148/7/4 1149/7/4 1163/7/4
f 1149/7/4 1150/7/4 1163/7/4
f 1162/8/4 1148/8/4 1163/8/4
f 1163/7/4 1150/7/4 1164/7/4
f 1150/15/4 1151/15/4 1165/15/4
f 1164/7/4 1150/7/4 1165/7/4
f 1151/6/4 1152/6/4 1166/6/4
f 1165/15/4 1151/15/4 1166/15/4
f 1152/15/4 1153/15/4 1167/15/4
f 1166/6/4 1152/6/4 1167/6/4
f 1153/7/4 1154/7/4 1168/7/4
f 1167/15/4 1153/15/4 1168/15/4
f 1168/7/4 1154/7/4 1169/7/4
f 1155/20/4 1156/20/4 1173/20/4
f 1156/5/4 1157/5/4 1174/5/4
f 1173/20/4 1156/20/4 1174/20/4
f 1157/2/4 1158/2/4 1175/2/4
f 1174/5/4 1157/5/4 1175/5/4
f 1158/10/4 1159/10/4 1176/10/4
f 1175/2/4 1158/2/4 1176/2/4
f 1159/13/4 1160/13/4 1177/13/4
f 1176/10/4 1159/10/4 1177/10/4
f 1177/13/4 1160/13/4 1178/13/4
f 1161/7/4 1162/7/4 1182/7/4
f 1182/7/4 1162/7/4 1183/7/4
f 1163/15/4 1164/15/4 1184/15/4
f 1183/7/4 1162/7/4 1184/7/4
f 1162/15/4 1163/15/4 1184/15/4
f 1184/15/4 1164/15/4 1185/15/4
f 1164/8/4 1165/8/4 1186/8/4
f 1185/15/4 1164/15/4 1186/15/4
f 1165/7/4 1166/7/4 1187/7/4
f 1186/8/4 1165/8/4 1187/8/4
f 1166/15/4 1167/15/4 1188/15/4
f 1187/7/4 1166/7/4 1188/7/4
f 1188/15/4 1167/15/4 1189/15/4
f 1167/6/4 1168/6/4 1190/6/4
f 1189/15/4 1167/15/4 1190/15/4
f 1168/14/4 1169/14/4 1191/14/4
f 1190/6/4 1168/6/4 1191/6/4
f 1169/7/4 1170/7/4 1192/7/4
f 1191/14/4 1169/14/4 1192/14/4
f 1192/7/4 1170/7/4 1193/7/4
f 1171/19/4 1172/19/4 1199/19/4
f 1199/19/4 1172/19/4 1200/19/4
f 1172/4/4 1173/4/4 1201/4/4
f 1200/19/4 1172/19/4 1201/19/4
f 1201/4/4 1173/4/4 1202/4/4
f 1174/20/4 1175/20/4 1203/20/4
f 1175/3/4 1176/3/4 1204/3/4
f 1176/3/4 1177/3/4 1204/3/4
f 1203/20/4 1175/20/4 1204/20/4
f 1204/3/4 1177/3/4 1205/3/4
f 1177/20/4 1178/20/4 1206/20/4
f 1178/15/4 1179/15/4 1206/15/4
f 1206/15/4 1179/15/4 1207/15/4
f 1180/3/4 1181/3/4 1211/3/4
f 1211/3/4 1181/3/4 1212/3/4
f 1181/1/4 1182/1/4 1213/1/4
f 1212/3/4 1181/3/4 1213/3/4
f 1182/13/4 1183/13/4 1214/13/4
f 1213/1/4 1182/1/4 1214/1/4
f 1184/8/4 1185/8/4 1215/8/4
f 1214/13/4 1183/13/4 1215/13/4
f 1183/8/4 1184/8/4 1215/8/4
f 1215/8/4 1185/8/4 1216/8/4
f 1185/7/4 1186/7/4 1217/7/4
f 1216/8/4 1185/8/4 1217/8/4
f 1186/15/4 1187/15/4 1218/15/4
f 1217/7/4 1186/7/4 1218/7/4
f 1188/6/4 1189/6/4 1219/6/4
f 1218/15/4 1187/15/4 1219/15/4
f 1187/6/4 1188/6/4 1219/6/4
f 1219/6/4 1189/6/4 1220/6/4
f 1189/14/4 1190/14/4 1221/14/4
f 1220/6/4 1189/6/4 1221/6/4
f 1190/15/4 1191/15/4 1222/15/4
f 1221/14/4 1190/14/4 1222/14/4
f 1191/6/4 1192/6/4 1223/6/4
f 1222/15/4 1191/15/4 1223/15/4
f 1192/6/4 1193/6/4 1223/6/4
f 1223/6/4 1193/6/4 1224/6/4
f 1193/15/4 1194/15/4 1225/15/4
f 1224/6/4 1193/6/4 1225/6/4
f 1225/15/4 1194/15/4 1226/15/4
f 1195/19/4 1196/19/4 1228/19/4
f 1228/19/4 1196/19/4 1229/19/4
f 1196/20/4 1197/20/4 1230/20/4
f 1229/19/4 1196/19/4 1230/19/4
f 1230/20/4 1197/20/4 1231/20/4
f 1199/19/4 1200/19/4 1232/19/4
f 1198/19/4 1199/19/4 1232/19/4
f 1232/19/4 1200/19/4 1233/19/4
f 1200/13/4 1201/13/4 1234/13/4
f 1233/19/4 1200/19/4 1234/19/4
f 1202/19/4 1203/19/4 1235/19/4
f 1234/13/4 1201/13/4 1235/13/4
f 1201/19/4 1202/19/4 1235/19/4
f 1203/19/4 1204/19/4 1235/19/4
f 1235/19/4 1204/19/4 1236/19/4
f 1236/19/4 1204/19/4 1237/19/4
f 1204/5/4 1205/5/4 1238/5/4
f 1237/19/4 1204/19/4 1238/19/4
f 1205/3/4 1177/3/4 1239/3/4
f 1238/5/4 1205/5/4 1239/5/4
f 1177/20/4 1206/20/4 1240/20/4
f 1239/3/4 1177/3/4 1240/3/4
f 1206/27/4 1207/27/4 1241/27/4
f 1240/20/4 1206/20/4 1241/20/4
f 1207/27/4 1208/27/4 1241/27/4
f 1241/27/4 1208/27/4 1242/27/4
f 1208/7/4 1209/7/4 1243/7/4
f 1242/27/4 1208/27/4 1243/27/4
f 1243/7/4 1209/7/4 1244/7/4
f 1210/13/4 1211/13/4 1246/13/4
f 1211/2/4 1212/2/4 1247/2/4
f 1246/13/4 1211/13/4 1247/13/4
f 1212/9/4 1213/9/4 1248/9/4
f 1247/2/4 1212/2/4 1248/2/4
f 1213/9/4 1214/9/4 1248/9/4
f 1214/9/4 1215/9/4 1248/9/4
f 1248/9/4 1215/9/4 1249/9/4
f 1215/3/4 1216/3/4 1250/3/4
f 1249/9/4 1215/9/4 1250/9/4
f 1216/7/4 1217/7/4 1251/7/4
f 1250/3/4 1216/3/4 1251/3/4
f 1217/15/4 1218/15/4 1252/15/4
f 1251/7/4 1217/7/4 1252/7/4
f 1219/6/4 1220/6/4 1253/6/4
f 1252/15/4 1218/15/4 1253/15/4
f 1218/6/4 1219/6/4 1253/6/4
f 1220/15/4 1221/15/4 1254/15/4
f 1253/6/4 1220/6/4 1254/6/4
f 1221/15/4 1222/15/4 1254/15/4
f 1254/15/4 1222/15/4 1255/15/4
f 1223/14/4 1224/14/4 1256/14/4
f 1255/15/4 1222/15/4 1256/15/4
f 1222/14/4 1223/14/4 1256/14/4
f 1256/14/4 1224/14/4 1257/14/4
f 1224/15/4 1225/15/4 1258/15/4
f 1257/14/4 1224/14/4 1258/14/4
f 1225/6/4 1226/6/4 1259/6/4
f 1258/15/4 1225/15/4 1259/15/4
f 1226/15/4 1227/15/4 1260/15/4
f 1259/6/4 1226/6/4 1260/6/4
f 1260/15/4 1227/15/4 1261/15/4
f 1228/4/4 1229/4/4 1263/4/4
f 1229/1/4 1230/1/4 1263/1/4
f 1230/13/4 1231/13/4 1264/13/4
f 1263/1/4 1230/1/4 1264/1/4
f 1231/19/4 1232/19/4 1265/19/4
f 1264/13/4 1231/13/4 1265/13/4
f 1232/19/4 1233/19/4 1265/19/4
f 1265/19/4 1233/19/4 1266/19/4
f 1233/13/4 1234/13/4 1267/13/4
f 1266/19/4 1233/19/4 1267/19/4
f 1234/19/4 1235/19/4 1268/19/4
f 1267/13/4 1234/13/4 1268/13/4
f 1235/20/4 1236/20/4 1269/20/4
f 1268/19/4 1235/19/4 1269/19/4
f 1236/13/4 1237/13/4 1270/13/4
f 1269/20/4 1236/20/4 1270/20/4
f 1237/19/4 1238/19/4 1271/19/4
f 1270/13/4 1237/13/4 1271/13/4
f 1238/4/4 1239/4/4 1272/4/4
f 1271/19/4 1238/19/4 1272/19/4
f 1239/27/4 1240/27/4 1273/27/4
f 1272/4/4 1239/4/4 1273/4/4
f 1240/27/4 1241/27/4 1273/27/4
f 1273/27/4 1241/27/4 1274/27/4
f 1241/26/4 1242/26/4 1275/26/4
f 1274/27/4 1241/27/4 1275/27/4
f 1242/23/4 1243/23/4 1276/23/4
f 1275/26/4 1242/26/4 1276/26/4
f 1243/27/4 1244/27/4 1277/27/4
f 1276/23/4 1243/23/4 1277/23/4
f 1244/7/4 1245/7/4 1278/7/4
f 1277/27/4 1244/27/4 1278/27/4
f 1278/7/4 1245/7/4 1279/7/4
f 1245/13/4 1246/13/4 1280/13/4
f 1279/7/4 1245/7/4 1280/7/4
f 1246/9/4 1247/9/4 1281/9/4
f 1247/9/4 1248/9/4 1281/9/4
f 1248/10/4 1249/10/4 1282/10/4
f 1281/9/4 1248/9/4 1282/9/4
f 1282/10/4 1249/10/4 1283/10/4
f 1249/9/4 1250/9/4 1284/9/4
f 1283/10/4 1249/10/4 1284/10/4
f 1250/9/4 1251/9/4 1284/9/4
f 1284/9/4 1251/9/4 1285/9/4
f 1251/3/4 1252/3/4 1286/3/4
f 1285/9/4 1251/9/4 1286/9/4
f 1252/5/4 1253/5/4 1287/5/4
f 1286/3/4 1252/3/4 1287/3/4
f 1253/7/4 1254/7/4 1288/7/4
f 1287/5/4 1253/5/4 1288/5/4
f 1288/7/4 1254/7/4 1289/7/4
f 1254/15/4 1255/15/4 1290/15/4
f 1289/7/4 1254/7/4 1290/7/4
f 1256/6/4 1257/6/4 1291/6/4
f 1290/15/4 1255/15/4 1291/15/4
f 1255/6/4 1256/6/4 1291/6/4
f 1291/6/4 1257/6/4 1292/6/4
f 1257/14/4 1258/14/4 1293/14/4
f 1292/6/4 1257/6/4 1293/6/4
f 1258/6/4 1259/6/4 1294/6/4
f 1293/14/4 1258/14/4 1294/14/4
f 1259/15/4 1260/15/4 1295/15/4
f 1294/6/4 1259/6/4 1295/6/4
f 1260/6/4 1261/6/4 1296/6/4
f 1295/15/4 1260/15/4 1296/15/4
f 1261/7/4 1262/7/4 1297/7/4
f 1296/6/4 1261/6/4 1297/6/4
f 1228/4/4 1263/4/4 1298/4/4
f 1263/20/4 1264/20/4 1299/20/4
f 1298/4/4 1263/4/4 1299/4/4
f 1264/5/4 1265/5/4 1300/5/4
f 1299/20/4 1264/20/4 1300/20/4
f 1265/10/4 1266/10/4 1301/10/4
f 1300/5/4 1265/5/4 1301/5/4
f 1266/19/4 1267/19/4 1302/19/4
f 1301/10/4 1266/10/4 1302/10/4
f 1268/20/4 1269/20/4 1303/20/4
f 1302/19/4 1267/19/4 1303/19/4
f 1267/20/4 1268/20/4 1303/20/4
f 1303/20/4 1269/20/4 1304/20/4
f 1269/13/4 1270/13/4 1305/13/4
f 1304/20/4 1269/20/4 1305/20/4
f 1270/19/4 1271/19/4 1306/19/4
f 1305/13/4 1270/13/4 1306/13/4
f 1271/4/4 1272/4/4 1307/4/4
f 1306/19/4 1271/19/4 1307/19/4
f 1273/27/4 1274/27/4 1308/27/4
f 1307/4/4 1272/4/4 1308/4/4
f 1272/27/4 1273/27/4 1308/27/4
f 1308/27/4 1274/27/4 1309/27/4
f 1274/23/4 1275/23/4 1310/23/4
f 1309/27/4 1274/27/4 1310/27/4
f 1278/27/4 1279/27/4 1311/27/4
f 1310/23/4 1275/23/4 1311/23/4
f 1276/27/4 1277/27/4 1311/27/4
f 1275/27/4 1276/27/4 1311/27/4
f 1277/27/4 1278/27/4 1311/27/4
f 1311/27/4 1279/27/4 1312/27/4
f 1312/27/4 1279/27/4 1313/27/4
f 1313/27/4 1279/27/4 1314/27/4
f 1279/15/4 1280/15/4 1315/15/4
f 1314/27/4 1279/27/4 1315/27/4
f 1280/13/4 1246/13/4 1316/13/4
f 1315/15/4 1280/15/4 1316/15/4
f 1246/9/4 1281/9/4 1317/9/4
f 1316/13/4 1246/13/4 1317/13/4
f 1281/10/4 1282/10/4 1318/10/4
f 1317/9/4 1281/9/4 1318/9/4
f 1282/3/4 1283/3/4 1319/3/4
f 1318/10/4 1282/10/4 1319/10/4
f 1283/5/4 1284/5/4 1320/5/4
f 1319/3/4 1283/3/4 1320/3/4
f 1284/4/4 1285/4/4 1321/4/4
f 1320/5/4 1284/5/4 1321/5/4
f 1285/16/4 1286/16/4 1322/16/4
f 1321/4/4 1285/4/4 1322/4/4
f 1286/16/4 1287/16/4 1322/16/4
f 1322/16/4 1287/16/4 1323/16/4
f 1287/1/4 1288/1/4 1324/1/4
f 1323/16/4 1287/16/4 1324/16/4
f 1288/3/4 1289/3/4 1325/3/4
f 1324/1/4 1288/1/4 1325/1/4
f 1289/5/4 1290/5/4 1326/5/4
f 1325/3/4 1289/3/4 1326/3/4
f 1290/8/4 1291/8/4 1327/8/4
f 1326/5/4 1290/5/4 1327/5/4
f 1291/7/4 1292/7/4 1328/7/4
f 1327/8/4 1291/8/4 1328/8/4
f 1292/15/4 1293/15/4 1329/15/4
f 1328/7/4 1292/7/4 1329/7/4
f 1293/15/4 1294/15/4 1329/15/4
f 1294/14/4 1295/14/4 1330/14/4
f 1329/15/4 1294/15/4 1330/15/4
f 1295/6/4 1296/6/4 1331/6/4
f 1330/14/4 1295/14/4 1331/14/4
f 1296/15/4 1297/15/4 1332/15/4
f 1331/6/4 1296/6/4 1332/6/4
f 1297/7/4 1262/7/4 1333/7/4
f 1332/15/4 1297/15/4 1333/15/4
f 1333/7/4 1262/7/4 1334/7/4
f 1299/4/4 1300/4/4 1336/4/4
f 1300/19/4 1301/19/4 1337/19/4
f 1336/4/4 1300/4/4 1337/4/4
f 1301/3/4 1302/3/4 1338/3/4
f 1337/19/4 1301/19/4 1338/19/4
f 1302/20/4 1303/20/4 1339/20/4
f 1338/3/4 1302/3/4 1339/3/4
f 1303/19/4 1304/19/4 1340/19/4
f 1339/20/4 1303/20/4 1340/20/4
f 1304/13/4 1305/13/4 1341/13/4
f 1340/19/4 1304/19/4 1341/19/4
f 1305/20/4 1306/20/4 1342/20/4
f 1341/13/4 1305/13/4 1342/13/4
f 1306/4/4 1307/4/4 1343/4/4
f 1342/20/4 1306/20/4 1343/20/4
f 1307/27/4 1308/27/4 1344/27/4
f 1343/4/4 1307/4/4 1344/4/4
f 1308/26/4 1309/26/4 1345/26/4
f 1344/27/4 1308/27/4 1345/27/4
f 1309/23/4 1310/23/4 1346/23/4
f 1345/26/4 1309/26/4 1346/26/4
f 1310/27/4 1311/27/4 1347/27/4
f 1346/23/4 1310/23/4 1347/23/4
f 1311/27/4 1312/27/4 1347/27/4
f 1347/27/4 1312/27/4 1348/27/4
f 1312/18/4 1313/18/4 1349/18/4
f 1348/27/4 1312/27/4 1349/27/4
f 1313/25/4 1314/25/4 1350/25/4
f 1349/18/4 1313/18/4 1350/18/4
f 1314/27/4 1315/27/4 1351/27/4
f 1350/25/4 1314/25/4 1351/25/4
f 1315/8/4 1316/8/4 1352/8/4
f 1351/27/4 1315/27/4 1352/27/4
f 1316/5/4 1317/5/4 1353/5/4
f 1352/8/4 1316/8/4 1353/8/4
f 1317/1/4 1318/1/4 1354/1/4
f 1353/5/4 1317/5/4 1354/5/4
f 1318/10/4 1319/10/4 1355/10/4
f 1354/1/4 1318/1/4 1355/1/4
f 1319/2/4 1320/2/4 1356/2/4
f 1355/10/4 1319/10/4 1356/10/4
f 1320/3/4 1321/3/4 1357/3/4
f 1356/2/4 1320/2/4 1357/2/4
f 1321/5/4 1322/5/4 1358/5/4
f 1357/3/4 1321/3/4 1358/3/4
f 1322/1/4 1323/1/4 1359/1/4
f 1358/5/4 1322/5/4 1359/5/4
f 1323/16/4 1324/16/4 1360/16/4
f 1359/1/4 1323/1/4 1360/1/4
f 1324/3/4 1325/3/4 1361/3/4
f 1360/16/4 1324/16/4 1361/16/4
f 1325/8/4 1326/8/4 1362/8/4
f 1361/3/4 1325/3/4 1362/3/4
f 1326/8/4 1327/8/4 1362/8/4
f 1362/8/4 1327/8/4 1363/8/4
f 1327/15/4 1328/15/4 1364/15/4
f 1363/8/4 1327/8/4 1364/8/4
f 1328/6/4 1329/6/4 1365/6/4
f 1364/15/4 1328/15/4 1365/15/4
f 1329/14/4 1330/14/4 1366/14/4
f 1331/15/4 1332/15/4 1367/15/4
f 1366/14/4 1330/14/4 1367/14/4
f 1330/15/4 1331/15/4 1367/15/4
f 1367/15/4 1332/15/4 1368/15/4
f 1332/6/4 1333/6/4 1369/6/4
f 1368/15/4 1332/15/4 1369/15/4
f 1333/15/4 1334/15/4 1370/15/4
f 1369/6/4 1333/6/4 1370/6/4
f 1338/4/4 1339/4/4 1371/4/4
f 1339/19/4 1340/19/4 1371/19/4
f 1340/13/4 1341/13/4 1372/13/4
f 1371/19/4 1340/19/4 1372/19/4
f 1341/20/4 1342/20/4 1373/20/4
f 1372/13/4 1341/13/4 1373/13/4
f 1342/19/4 1343/19/4 1374/19/4
f 1373/20/4 1342/20/4 1374/20/4
f 1343/19/4 1344/19/4 1374/19/4
f 1374/19/4 1344/19/4 1375/19/4
f 1344/22/4 1345/22/4 1376/22/4
f 1375/19/4 1344/19/4 1376/19/4
f 1345/27/4 1346/27/4 1377/27/4
f 1376/22/4 1345/22/4 1377/22/4
f 1347/23/4 1348/23/4 1378/23/4
f 1377/27/4 1346/27/4 1378/27/4
f 1346/23/4 1347/23/4 1378/23/4
f 1378/23/4 1348/23/4 1379/23/4
f 1348/27/4 1349/27/4 1380/27/4
f 1379/23/4 1348/23/4 1380/23/4
f 1349/17/4 1350/17/4 1381/17/4
f 1380/27/4 1349/27/4 1381/27/4
f 1350/27/4 1351/27/4 1382/27/4
f 1381/17/4 1350/17/4 1382/17/4
f 1351/1/4 1352/1/4 1383/1/4
f 1382/27/4 1351/27/4 1383/27/4
f 1352/5/4 1353/5/4 1384/5/4
f 1383/1/4 1352/1/4 1384/1/4
f 1353/5/4 1354/5/4 1384/5/4
f 1384/5/4 1354/5/4 1385/5/4
f 1354/7/4 1355/7/4 1386/7/4
f 1385/5/4 1354/5/4 1386/5/4
f 1355/1/4 1356/1/4 1387/1/4
f 1386/7/4 1355/7/4 1387/7/4
f 1356/10/4 1357/10/4 1388/10/4
f 1387/1/4 1356/1/4 1388/1/4
f 1357/10/4 1358/10/4 1388/10/4
f 1358/1/4 1359/1/4 1389/1/4
f 1388/10/4 1358/10/4 1389/10/4
f 1359/16/4 1360/16/4 1390/16/4
f 1389/1/4 1359/1/4 1390/1/4
f 1360/8/4 1361/8/4 1391/8/4
f 1390/16/4 1360/16/4 1391/16/4
f 1361/8/4 1362/8/4 1391/8/4
f 1362/13/4 1363/13/4 1392/13/4
f 1391/8/4 1362/8/4 1392/8/4
f 1363/7/4 1364/7/4 1393/7/4
f 1392/13/4 1363/13/4 1393/13/4
f 1364/13/4 1365/13/4 1394/13/4
f 1393/7/4 1364/7/4 1394/7/4
f 1365/6/4 1329/6/4 1395/6/4
f 1394/13/4 1365/13/4 1395/13/4
f 1329/14/4 1366/14/4 1396/14/4
f 1395/6/4 1329/6/4 1396/6/4
f 1366/6/4 1367/6/4 1397/6/4
f 1396/14/4 1366/14/4 1397/14/4
f 1367/14/4 1368/14/4 1398/14/4
f 1397/6/4 1367/6/4 1398/6/4
f 1368/6/4 1369/6/4 1399/6/4
f 1398/14/4 1368/14/4 1399/14/4
f 1370/15/4 1334/15/4 1400/15/4
f 1369/15/4 1370/15/4 1400/15/4
f 1334/7/4 1335/7/4 1401/7/4
f 1400/15/4 1334/15/4 1401/15/4
f 1401/7/4 1335/7/4 1402/7/4
f 1371/4/4 1372/4/4 1404/4/4
f 1338/4/4 1371/4/4 1404/4/4
f 1404/4/4 1372/4/4 1405/4/4
f 1372/19/4 1373/19/4 1406/19/4
f 1405/4/4 1372/4/4 1406/4/4
f 1373/19/4 1374/19/4 1406/19/4
f 1406/19/4 1374/19/4 1407/19/4
f 1374/20/4 1375/20/4 1408/20/4
f 1407/19/4 1374/19/4 1408/19/4
f 1375/19/4 1376/19/4 1409/19/4
f 1408/20/4 1375/20/4 1409/20/4
f 1376/27/4 1377/27/4 1410/27/4
f 1409/19/4 1376/19/4 1410/19/4
f 1377/27/4 1378/27/4 1410/27/4
f 1410/27/4 1378/27/4 1411/27/4
f 1378/26/4 1379/26/4 1412/26/4
f 1411/27/4 1378/27/4 1412/27/4
f 1379/27/4 1380/27/4 1413/27/4
f 1412/26/4 1379/26/4 1413/26/4
f 1380/23/4 1381/23/4 1414/23/4
f 1413/27/4 1380/27/4 1414/27/4
f 1381/27/4 1382/27/4 1415/27/4
f 1414/23/4 1381/23/4 1415/23/4
f 1382/11/4 1383/11/4 1416/11/4
f 1415/27/4 1382/27/4 1416/27/4
f 1383/11/4 1384/11/4 1416/11/4
f 1416/11/4 1384/11/4 1417/11/4
f 1384/5/4 1385/5/4 1418/5/4
f 1417/11/4 1384/11/4 1418/11/4
f 1385/7/4 1386/7/4 1419/7/4
f 1418/5/4 1385/5/4 1419/5/4
f 1386/6/4 1387/6/4 1420/6/4
f 1419/7/4 1386/7/4 1420/7/4
f 1387/7/4 1388/7/4 1421/7/4
f 1420/6/4 1387/6/4 1421/6/4
f 1388/7/4 1389/7/4 1421/7/4
f 1421/7/4 1389/7/4 1422/7/4
f 1389/8/4 1390/8/4 1423/8/4
f 1422/7/4 1389/7/4 1423/7/4
f 1390/8/4 1391/8/4 1423/8/4
f 1391/7/4 1392/7/4 1424/7/4
f 1423/8/4 1391/8/4 1424/8/4
f 1392/5/4 1393/5/4 1425/5/4
f 1424/7/4 1392/7/4 1425/7/4
f 1394/5/4 1395/5/4 1426/5/4
f 1393/15/4 1394/15/4 1426/15/4
f 1396/6/4 1397/6/4 1427/6/4
f 1426/5/4 1395/5/4 1427/5/4
f 1395/6/4 1396/6/4 1427/6/4
f 1427/6/4 1397/6/4 1428/6/4
f 1397/14/4 1398/14/4 1429/14/4
f 1428/6/4 1397/6/4 1429/6/4
f 1398/6/4 1399/6/4 1430/6/4
f 1429/14/4 1398/14/4 1430/14/4
f 1369/15/4 1400/15/4 1431/15/4
f 1430/6/4 1399/6/4 1431/6/4
f 1399/6/4 1369/6/4 1431/6/4
f 1401/15/4 1402/15/4 1432/15/4
f 1400/6/4 1401/6/4 1432/6/4
f 1432/15/4 1402/15/4 1433/15/4
f 1403/19/4 1404/19/4 1436/19/4
f 1404/9/4 1405/9/4 1437/9/4
f 1436/19/4 1404/19/4 1437/19/4
f 1405/19/4 1406/19/4 1438/19/4
f 1437/9/4 1405/9/4 1438/9/4
f 1406/4/4 1407/4/4 1439/4/4
f 1438/19/4 1406/19/4 1439/19/4
f 1407/20/4 1408/20/4 1440/20/4
f 1439/4/4 1407/4/4 1440/4/4
f 1408/19/4 1409/19/4 1441/19/4
f 1440/20/4 1408/20/4 1441/20/4
f 1409/4/4 1410/4/4 1442/4/4
f 1441/19/4 1409/19/4 1442/19/4
f 1410/27/4 1411/27/4 1443/27/4
f 1442/4/4 1410/4/4 1443/4/4
f 1411/22/4 1412/22/4 1444/22/4
f 1443/27/4 1411/27/4 1444/27/4
f 1412/27/4 1413/27/4 1445/27/4
f 1444/22/4 1412/22/4 1445/22/4
f 1413/23/4 1414/23/4 1446/23/4
f 1445/27/4 1413/27/4 1446/27/4
f 1414/27/4 1415/27/4 1447/27/4
f 1446/23/4 1414/23/4 1447/23/4
f 1415/23/4 1416/23/4 1448/23/4
f 1447/27/4 1415/27/4 1448/27/4
f 1416/27/4 1417/27/4 1449/27/4
f 1448/23/4 1416/23/4 1449/23/4
f 1417/11/4 1418/11/4 1450/11/4
f 1449/27/4 1417/27/4 1450/27/4
f 1418/12/4 1419/12/4 1451/12/4
f 1450/11/4 1418/11/4 1451/11/4
f 1419/8/4 1420/8/4 1452/8/4
f 1451/12/4 1419/12/4 1452/12/4
f 1420/7/4 1421/7/4 1453/7/4
f 1452/8/4 1420/8/4 1453/8/4
f 1421/6/4 1422/6/4 1454/6/4
f 1453/7/4 1421/7/4 1454/7/4
f 1422/14/4 1423/14/4 1455/14/4
f 1454/6/4 1422/6/4 1455/6/4
f 1423/7/4 1424/7/4 1456/7/4
f 1455/14/4 1423/14/4 1456/14/4
f 1456/7/4 1424/7/4 1457/7/4
f 1424/6/4 1425/6/4 1458/6/4
f 1457/7/4 1424/7/4 1458/7/4
f 1425/5/4 1393/5/4 1459/5/4
f 1458/6/4 1425/6/4 1459/6/4
f 1393/15/4 1426/15/4 1460/15/4
f 1459/5/4 1393/5/4 1460/5/4
f 1426/13/4 1427/13/4 1461/13/4
f 1460/15/4 1426/15/4 1461/15/4
f 1427/15/4 1428/15/4 1462/15/4
f 1461/13/4 1427/13/4 1462/13/4
f 1429/6/4 1430/6/4 1463/6/4
f 1462/15/4 1428/15/4 1463/15/4
f 1428/6/4 1429/6/4 1463/6/4
f 1430/15/4 1431/15/4 1464/15/4
f 1463/6/4 1430/6/4 1464/6/4
f 1464/15/4 1431/15/4 1465/15/4
f 1431/15/4 1400/15/4 1466/15/4
f 1465/15/4 1431/15/4 1466/15/4
f 1400/6/4 1432/6/4 1467/6/4
f 1466/15/4 1400/15/4 1467/15/4
f 1432/6/4 1433/6/4 1467/6/4
f 1467/6/4 1433/6/4 1468/6/4
f 1468/6/4 1433/6/4 1469/6/4
f 1434/19/4 1435/19/4 1470/19/4
f 1435/1/4 1436/1/4 1471/1/4
f 1470/19/4 1435/19/4 1471/19/4
f 1436/5/4 1437/5/4 1472/5/4
f 1471/1/4 1436/1/4 1472/1/4
f 1437/10/4 1438/10/4 1473/10/4
f 1472/5/4 1437/5/4 1473/5/4
f 1438/4/4 1439/4/4 1474/4/4
f 1473/10/4 1438/10/4 1474/10/4
f 1439/20/4 1440/20/4 1475/20/4
f 1474/4/4 1439/4/4 1475/4/4
f 1442/19/4 1443/19/4 1476/19/4
f 1475/20/4 1440/20/4 1476/20/4
f 1441/19/4 1442/19/4 1476/19/4
f 1440/19/4 1441/19/4 1476/19/4
f 1476/19/4 1443/19/4 1477/19/4
f 1477/19/4 1443/19/4 1478/19/4
f 1443/20/4 1444/20/4 1479/20/4
f 1478/19/4 1443/19/4 1479/19/4
f 1444/27/4 1445/27/4 1480/27/4
f 1479/20/4 1444/20/4 1480/20/4
f 1445/26/4 1446/26/4 1481/26/4
f 1480/27/4 1445/27/4 1481/27/4
f 1446/27/4 1447/27/4 1482/27/4
f 1481/26/4 1446/26/4 1482/26/4
f 1447/23/4 1448/23/4 1483/23/4
f 1482/27/4 1447/27/4 1483/27/4
f 1448/27/4 1449/27/4 1484/27/4
f 1483/23/4 1448/23/4 1484/23/4
f 1449/23/4 1450/23/4 1485/23/4
f 1484/27/4 1449/27/4 1485/27/4
f 1450/27/4 1451/27/4 1486/27/4
f 1485/23/4 1450/23/4 1486/23/4
f 1452/12/4 1453/12/4 1487/12/4
f 1486/27/4 1451/27/4 1487/27/4
f 1451/12/4 1452/12/4 1487/12/4
f 1487/12/4 1453/12/4 1488/12/4
f 1453/7/4 1454/7/4 1489/7/4
f 1488/12/4 1453/12/4 1489/12/4
f 1454/7/4 1455/7/4 1489/7/4
f 1489/7/4 1455/7/4 1490/7/4
f 1455/6/4 1456/6/4 1491/6/4
f 1490/7/4 1455/7/4 1491/7/4
f 1491/6/4 1456/6/4 1492/6/4
f 1456/7/4 1457/7/4 1493/7/4
f 1492/6/4 1456/6/4 1493/6/4
f 1457/6/4 1458/6/4 1494/6/4
f 1493/7/4 1457/7/4 1494/7/4
f 1458/7/4 1459/7/4 1495/7/4
f 1494/6/4 1458/6/4 1495/6/4
f 1495/7/4 1459/7/4 1496/7/4
f 1459/15/4 1460/15/4 1497/15/4
f 1496/7/4 1459/7/4 1497/7/4
f 1461/7/4 1462/7/4 1498/7/4
f 1497/15/4 1460/15/4 1498/15/4
f 1460/7/4 1461/7/4 1498/7/4
f 1462/7/4 1463/7/4 1498/7/4
f 1463/15/4 1464/15/4 1499/15/4
f 1498/7/4 1463/7/4 1499/7/4
f 1464/14/4 1465/14/4 1500/14/4
f 1499/15/4 1464/15/4 1500/15/4
f 1465/15/4 1466/15/4 1501/15/4
f 1500/14/4 1465/14/4 1501/14/4
f 1467/6/4 1468/6/4 1502/6/4
f 1466/6/4 1467/6/4 1502/6/4
f 1468/15/4 1469/15/4 1503/15/4
f 1502/6/4 1468/6/4 1503/6/4
f 1503/15/4 1469/15/4 1504/15/4
f 1471/19/4 1472/19/4 1505/19/4
f 1472/5/4 1473/5/4 1505/5/4
f 1473/3/4 1474/3/4 1506/3/4
f 1505/5/4 1473/5/4 1506/5/4
f 1474/4/4 1475/4/4 1507/4/4
f 1506/3/4 1474/3/4 1507/3/4
f 1475/19/4 1476/19/4 1508/19/4
f 1507/4/4 1475/4/4 1508/4/4
f 1476/20/4 1477/20/4 1509/20/4
f 1508/19/4 1476/19/4 1509/19/4
f 1477/19/4 1478/19/4 1510/19/4
f 1509/20/4 1477/20/4 1510/20/4
f 1478/20/4 1479/20/4 1511/20/4
f 1510/19/4 1478/19/4 1511/19/4
f 1479/19/4 1480/19/4 1512/19/4
f 1511/20/4 1479/20/4 1512/20/4
f 1480/20/4 1481/20/4 1513/20/4
f 1512/19/4 1480/19/4 1513/19/4
f 1481/27/4 1482/27/4 1514/27/4
f 1513/20/4 1481/20/4 1514/20/4
f 1484/23/4 1485/23/4 1515/23/4
f 1482/26/4 1483/26/4 1515/26/4
f 1483/26/4 1484/26/4 1515/26/4
f 1485/26/4 1486/26/4 1516/26/4
f 1515/23/4 1485/23/4 1516/23/4
f 1486/26/4 1487/26/4 1516/26/4
f 1516/26/4 1487/26/4 1517/26/4
f 1487/24/4 1488/24/4 1518/24/4
f 1517/26/4 1487/26/4 1518/26/4
f 1489/8/4 1490/8/4 1519/8/4
f 1518/24/4 1488/24/4 1519/24/4
f 1488/8/4 1489/8/4 1519/8/4
f 1519/8/4 1490/8/4 1520/8/4
f 1491/15/4 1492/15/4 1521/15/4
f 1520/8/4 1490/8/4 1521/8/4
f 1490/15/4 1491/15/4 1521/15/4
f 1492/6/4 1493/6/4 1522/6/4
f 1521/15/4 1492/15/4 1522/15/4
f 1493/6/4 1494/6/4 1522/6/4
f 1494/7/4 1495/7/4 1523/7/4
f 1522/6/4 1494/6/4 1523/6/4
f 1495/6/4 1496/6/4 1524/6/4
f 1523/7/4 1495/7/4 1524/7/4
f 1496/14/4 1497/14/4 1525/14/4
f 1524/6/4 1496/6/4 1525/6/4
f 1497/14/4 1498/14/4 1525/14/4
f 1498/6/4 1499/6/4 1526/6/4
f 1525/14/4 1498/14/4 1526/14/4
f 1526/6/4 1499/6/4 1527/6/4
f 1527/6/4 1499/6/4 1528/6/4
f 1499/14/4 1500/14/4 1529/14/4
f 1528/6/4 1499/6/4 1529/6/4
f 1529/14/4 1500/14/4 1530/14/4
f 1500/6/4 1501/6/4 1531/6/4
f 1530/14/4 1500/14/4 1531/14/4
f 1501/15/4 1466/15/4 1532/15/4
f 1531/6/4 1501/6/4 1532/6/4
f 1466/6/4 1502/6/4 1533/6/4
f 1532/15/4 1466/15/4 1533/15/4
f 1502/15/4 1503/15/4 1534/15/4
f 1533/6/4 1502/6/4 1534/6/4
f 1470/4/4 1471/4/4 1535/4/4
f 1505/19/4 1506/19/4 1536/19/4
f 1535/4/4 1471/4/4 1536/4/4
f 1471/19/4 1505/19/4 1536/19/4
f 1506/4/4 1507/4/4 1537/4/4
f 1536/19/4 1506/19/4 1537/19/4
f 1507/4/4 1508/4/4 1537/4/4
f 1537/4/4 1508/4/4 1538/4/4
f 1508/20/4 1509/20/4 1539/20/4
f 1538/4/4 1508/4/4 1539/4/4
f 1509/4/4 1510/4/4 1540/4/4
f 1539/20/4 1509/20/4 1540/20/4
f 1510/20/4 1511/20/4 1541/20/4
f 1540/4/4 1510/4/4 1541/4/4
f 1511/19/4 1512/19/4 1542/19/4
f 1541/20/4 1511/20/4 1542/20/4
f 1512/4/4 1513/4/4 1543/4/4
f 1542/19/4 1512/19/4 1543/19/4
f 1513/19/4 1514/19/4 1544/19/4
f 1543/4/4 1513/4/4 1544/4/4
f 1514/27/4 1482/27/4 1545/27/4
f 1544/19/4 1514/19/4 1545/19/4
f 1482/26/4 1515/26/4 1546/26/4
f 1545/27/4 1482/27/4 1546/27/4
f 1516/26/4 1517/26/4 1546/26/4
f 1515/26/4 1516/26/4 1546/26/4
f 1546/26/4 1517/26/4 1547/26/4
f 1547/26/4 1517/26/4 1548/26/4
f 1517/24/4 1518/24/4 1549/24/4
f 1548/26/4 1517/26/4 1549/26/4
f 1518/8/4 1519/8/4 1550/8/4
f 1549/24/4 1518/24/4 1550/24/4
f 1519/7/4 1520/7/4 1551/7/4
f 1550/8/4 1519/8/4 1551/8/4
f 1520/8/4 1521/8/4 1552/8/4
f 1551/7/4 1520/7/4 1552/7/4
f 1521/8/4 1522/8/4 1552/8/4
f 1552/8/4 1522/8/4 1553/8/4
f 1553/8/4 1522/8/4 1554/8/4
f 1522/7/4 1523/7/4 1555/7/4
f 1554/8/4 1522/8/4 1555/8/4
f 1555/7/4 1523/7/4 1556/7/4
f 1523/15/4 1524/15/4 1557/15/4
f 1556/7/4 1523/7/4 1557/7/4
f 1524/15/4 1525/15/4 1557/15/4
f 1557/15/4 1525/15/4 1558/15/4
f 1526/6/4 1527/6/4 1559/6/4
f 1558/15/4 1525/15/4 1559/15/4
f 1525/6/4 1526/6/4 1559/6/4
f 1527/15/4 1528/15/4 1560/15/4
f 1559/6/4 1527/6/4 1560/6/4
f 1528/14/4 1529/14/4 1561/14/4
f 1560/15/4 1528/15/4 1561/15/4
f 1529/6/4 1530/6/4 1562/6/4
f 1561/14/4 1529/14/4 1562/14/4
f 1530/14/4 1531/14/4 1563/14/4
f 1562/6/4 1530/6/4 1563/6/4
f 1531/15/4 1532/15/4 1564/15/4
f 1563/14/4 1531/14/4 1564/14/4
f 1532/6/4 1533/6/4 1565/6/4
f 1564/15/4 1532/15/4 1565/15/4
f 1533/15/4 1534/15/4 1566/15/4
f 1565/6/4 1533/6/4 1566/6/4
f 1534/15/4 1503/15/4 1567/15/4
f 1566/15/4 1534/15/4 1567/15/4
f 1503/7/4 1504/7/4 1568/7/4
f 1567/15/4 1503/15/4 1568/15/4
f 1568/7/4 1504/7/4 1569/7/4
f 1536/4/4 1537/4/4 1570/4/4
f 1570/4/4 1537/4/4 1571/4/4
f 1539/4/4 1540/4/4 1572/4/4
f 1538/4/4 1539/4/4 1572/4/4
f 1572/4/4 1540/4/4 1573/4/4
f 1541/19/4 1542/19/4 1574/19/4
f 1573/4/4 1540/4/4 1574/4/4
f 1540/19/4 1541/19/4 1574/19/4
f 1574/19/4 1542/19/4 1575/19/4
f 1542/4/4 1543/4/4 1576/4/4
f 1575/19/4 1542/19/4 1576/19/4
f 1543/3/4 1544/3/4 1577/3/4
f 1576/4/4 1543/4/4 1577/4/4
f 1544/13/4 1545/13/4 1578/13/4
f 1577/3/4 1544/3/4 1578/3/4
f 1545/20/4 1546/20/4 1579/20/4
f 1578/13/4 1545/13/4 1579/13/4
f 1546/24/4 1547/24/4 1580/24/4
f 1579/20/4 1546/20/4 1580/20/4
f 1547/26/4 1548/26/4 1581/26/4
f 1580/24/4 1547/24/4 1581/24/4
f 1548/24/4 1549/24/4 1582/24/4
f 1581/26/4 1548/26/4 1582/26/4
f 1549/8/4 1550/8/4 1583/8/4
f 1582/24/4 1549/24/4 1583/24/4
f 1550/7/4 1551/7/4 1584/7/4
f 1583/8/4 1550/8/4 1584/8/4
f 1551/8/4 1552/8/4 1585/8/4
f 1584/7/4 1551/7/4 1585/7/4
f 1552/7/4 1553/7/4 1586/7/4
f 1585/8/4 1552/8/4 1586/8/4
f 1553/8/4 1554/8/4 1587/8/4
f 1586/7/4 1553/7/4 1587/7/4
f 1554/10/4 1555/10/4 1588/10/4
f 1587/8/4 1554/8/4 1588/8/4
f 1555/2/4 1556/2/4 1589/2/4
f 1588/10/4 1555/10/4 1589/10/4
f 1556/13/4 1557/13/4 1590/13/4
f 1589/2/4 1556/2/4 1590/2/4
f 1557/8/4 1558/8/4 1591/8/4
f 1590/13/4 1557/13/4 1591/13/4
f 1559/15/4 1560/15/4 1592/15/4
f 1558/7/4 1559/7/4 1592/7/4
f 1561/6/4 1562/6/4 1593/6/4
f 1592/15/4 1560/15/4 1593/15/4
f 1560/6/4 1561/6/4 1593/6/4
f 1562/7/4 1563/7/4 1594/7/4
f 1593/6/4 1562/6/4 1594/6/4
f 1563/15/4 1564/15/4 1595/15/4
f 1594/7/4 1563/7/4 1595/7/4
f 1564/6/4 1565/6/4 1596/6/4
f 1595/15/4 1564/15/4 1596/15/4
f 1565/15/4 1566/15/4 1597/15/4
f 1596/6/4 1565/6/4 1597/6/4
f 1566/7/4 1567/7/4 1598/7/4
f 1597/15/4 1566/15/4 1598/15/4
f 1567/15/4 1568/15/4 1599/15/4
f 1598/7/4 1567/7/4 1599/7/4
f 1568/8/4 1569/8/4 1600/8/4
f 1599/15/4 1568/15/4 1600/15/4
f 1572/8/4 1573/8/4 1601/8/4
f 1574/4/4 1575/4/4 1601/4/4
f 1573/4/4 1574/4/4 1601/4/4
f 1601/4/4 1575/4/4 1602/4/4
f 1575/20/4 1576/20/4 1603/20/4
f 1602/4/4 1575/4/4 1603/4/4
f 1576/3/4 1577/3/4 1604/3/4
f 1603/20/4 1576/20/4 1604/20/4
f 1577/13/4 1578/13/4 1605/13/4
f 1604/3/4 1577/3/4 1605/3/4
f 1578/2/4 1579/2/4 1606/2/4
f 1605/13/4 1578/13/4 1606/13/4
f 1579/3/4 1580/3/4 1607/3/4
f 1606/2/4 1579/2/4 1607/2/4
f 1580/20/4 1581/20/4 1608/20/4
f 1607/3/4 1580/3/4 1608/3/4
f 1581/24/4 1582/24/4 1609/24/4
f 1608/20/4 1581/20/4 1609/20/4
f 1609/24/4 1582/24/4 1610/24/4
f 1582/7/4 1583/7/4 1611/7/4
f 1610/24/4 1582/24/4 1611/24/4
f 1583/7/4 1584/7/4 1611/7/4
f 1584/8/4 1585/8/4 1612/8/4
f 1611/7/4 1584/7/4 1612/7/4
f 1585/8/4 1586/8/4 1612/8/4
f 1586/8/4 1587/8/4 1612/8/4
f 1587/7/4 1588/7/4 1613/7/4
f 1612/8/4 1587/8/4 1613/8/4
f 1589/8/4 1590/8/4 1614/8/4
f 1613/7/4 1588/7/4 1614/7/4
f 1590/8/4 1591/8/4 1614/8/4
f 1588/8/4 1589/8/4 1614/8/4
f 1614/8/4 1591/8/4 1615/8/4
f 1591/8/4 1558/8/4 1616/8/4
f 1615/8/4 1591/8/4 1616/8/4
f 1592/7/4 1593/7/4 1617/7/4
f 1616/8/4 1558/8/4 1617/8/4
f 1593/7/4 1594/7/4 1617/7/4
f 1558/7/4 1592/7/4 1617/7/4
f 1617/7/4 1594/7/4 1618/7/4
f 1618/7/4 1594/7/4 1619/7/4
f 1619/7/4 1594/7/4 1620/7/4
f 1620/7/4 1594/7/4 1621/7/4
f 1594/6/4 1595/6/4 1622/6/4
f 1621/7/4 1594/7/4 1622/7/4
f 1595/14/4 1596/14/4 1623/14/4
f 1622/6/4 1595/6/4 1623/6/4
f 1596/6/4 1597/6/4 1624/6/4
f 1623/14/4 1596/14/4 1624/14/4
f 1597/7/4 1598/7/4 1625/7/4
f 1624/6/4 1597/6/4 1625/6/4
f 1598/15/4 1599/15/4 1626/15/4
f 1625/7/4 1598/7/4 1626/7/4
f 1599/7/4 1600/7/4 1627/7/4
f 1626/15/4 1599/15/4 1627/15/4
f 1572/8/4 1601/8/4 1628/8/4
f 1601/7/4 1602/7/4 1629/7/4
f 1628/8/4 1601/8/4 1629/8/4
f 1602/8/4 1603/8/4 1630/8/4
f 1629/7/4 1602/7/4 1630/7/4
f 1603/20/4 1604/20/4 1631/20/4
f 1630/8/4 1603/8/4 1631/8/4
f 1604/10/4 1605/10/4 1632/10/4
f 1631/20/4 1604/20/4 1632/20/4
f 1605/13/4 1606/13/4 1633/13/4
f 1632/10/4 1605/10/4 1633/10/4
f 1606/3/4 1607/3/4 1634/3/4
f 1633/13/4 1606/13/4 1634/13/4
f 1607/2/4 1608/2/4 1635/2/4
f 1634/3/4 1607/3/4 1635/3/4
f 1608/13/4 1609/13/4 1636/13/4
f 1635/2/4 1608/2/4 1636/2/4
f 1609/20/4 1610/20/4 1637/20/4
f 1636/13/4 1609/13/4 1637/13/4
f 1611/8/4 1612/8/4 1638/8/4
f 1637/20/4 1610/20/4 1638/20/4
f 1610/8/4 1611/8/4 1638/8/4
f 1612/7/4 1613/7/4 1639/7/4
f 1638/8/4 1612/8/4 1639/8/4
f 1639/7/4 1613/7/4 1640/7/4
f 1613/8/4 1614/8/4 1641/8/4
f 1640/7/4 1613/7/4 1641/7/4
f 1614/7/4 1615/7/4 1642/7/4
f 1641/8/4 1614/8/4 1642/8/4
f 1642/7/4 1615/7/4 1643/7/4
f 1615/8/4 1616/8/4 1644/8/4
f 1643/7/4 1615/7/4 1644/7/4
f 1616/7/4 1617/7/4 1645/7/4
f 1644/8/4 1616/8/4 1645/8/4
f 1617/8/4 1618/8/4 1646/8/4
f 1645/7/4 1617/7/4 1646/7/4
f 1618/7/4 1619/7/4 1647/7/4
f 1646/8/4 1618/8/4 1647/8/4
f 1619/15/4 1620/15/4 1648/15/4
f 1647/7/4 1619/7/4 1648/7/4
f 1620/7/4 1621/7/4 1649/7/4
f 1648/15/4 1620/15/4 1649/15/4
f 1623/6/4 1624/6/4 1650/6/4
f 1649/7/4 1621/7/4 1650/7/4
f 1622/6/4 1623/6/4 1650/6/4
f 1621/6/4 1622/6/4 1650/6/4
f 1650/6/4 1624/6/4 1651/6/4
f 1651/6/4 1624/6/4 1652/6/4
f 1652/6/4 1624/6/4 1653/6/4
f 1624/15/4 1625/15/4 1654/15/4
f 1653/6/4 1624/6/4 1654/6/4
f 1625/8/4 1626/8/4 1655/8/4
f 1654/15/4 1625/15/4 1655/15/4
f 1626/7/4 1627/7/4 1656/7/4
f 1627/7/4 1600/7/4 1656/7/4
f 1600/8/4 1569/8/4 1657/8/4
f 1656/7/4 1600/7/4 1657/7/4
f 1657/8/4 1569/8/4 1658/8/4
f 1629/8/4 1630/8/4 1660/8/4
f 1630/7/4 1631/7/4 1661/7/4
f 1660/8/4 1630/8/4 1661/8/4
f 1631/8/4 1632/8/4 1662/8/4
f 1661/7/4 1631/7/4 1662/7/4
f 1632/5/4 1633/5/4 1663/5/4
f 1662/8/4 1632/8/4 1663/8/4
f 1633/10/4 1634/10/4 1664/10/4
f 1663/5/4 1633/5/4 1664/5/4
f 1634/2/4 1635/2/4 1665/2/4
f 1664/10/4 1634/10/4 1665/10/4
f 1635/3/4 1636/3/4 1666/3/4
f 1665/2/4 1635/2/4 1666/2/4
f 1636/20/4 1637/20/4 1667/20/4
f 1666/3/4 1636/3/4 1667/3/4
f 1637/8/4 1638/8/4 1668/8/4
f 1667/20/4 1637/20/4 1668/20/4
f 1639/7/4 1640/7/4 1669/7/4
f 1668/8/4 1638/8/4 1669/8/4
f 1638/7/4 1639/7/4 1669/7/4
f 1669/7/4 1640/7/4 1670/7/4
f 1640/8/4 1641/8/4 1671/8/4
f 1670/7/4 1640/7/4 1671/7/4
f 1642/7/4 1643/7/4 1672/7/4
f 1671/8/4 1641/8/4 1672/8/4
f 1641/7/4 1642/7/4 1672/7/4
f 1672/7/4 1643/7/4 1673/7/4
f 1643/15/4 1644/15/4 1674/15/4
f 1673/7/4 1643/7/4 1674/7/4
f 1644/15/4 1645/15/4 1674/15/4
f 1645/8/4 1646/8/4 1675/8/4
f 1674/15/4 1645/15/4 1675/15/4
f 1646/7/4 1647/7/4 1676/7/4
f 1675/8/4 1646/8/4 1676/8/4
f 1647/15/4 1648/15/4 1677/15/4
f 1676/7/4 1647/7/4 1677/7/4
f 1648/6/4 1649/6/4 1678/6/4
f 1677/15/4 1648/15/4 1678/15/4
f 1649/6/4 1650/6/4 1678/6/4
f 1678/6/4 1650/6/4 1679/6/4
f 1650/7/4 1651/7/4 1680/7/4
f 1679/6/4 1650/6/4 1680/6/4
f 1651/15/4 1652/15/4 1681/15/4
f 1680/7/4 1651/7/4 1681/7/4
f 1652/6/4 1653/6/4 1682/6/4
f 1681/15/4 1652/15/4 1682/15/4
f 1653/15/4 1654/15/4 1683/15/4
f 1682/6/4 1653/6/4 1683/6/4
f 1654/7/4 1655/7/4 1684/7/4
f 1683/15/4 1654/15/4 1684/15/4
f 1655/8/4 1626/8/4 1685/8/4
f 1684/7/4 1655/7/4 1685/7/4
f 1626/7/4 1656/7/4 1686/7/4
f 1685/8/4 1626/8/4 1686/8/4
f 1656/24/4 1657/24/4 1687/24/4
f 1686/7/4 1656/7/4 1687/7/4
f 1687/24/4 1657/24/4 1688/24/4
f 1660/7/4 1661/7/4 1690/7/4
f 1661/8/4 1662/8/4 1690/8/4
f 1662/7/4 1663/7/4 1691/7/4
f 1690/8/4 1662/8/4 1691/8/4
f 1663/7/4 1664/7/4 1691/7/4
f 1664/20/4 1665/20/4 1692/20/4
f 1691/7/4 1664/7/4 1692/7/4
f 1665/20/4 1666/20/4 1692/20/4
f 1692/20/4 1666/20/4 1693/20/4
f 1666/5/4 1667/5/4 1694/5/4
f 1693/20/4 1666/20/4 1694/20/4
f 1667/8/4 1668/8/4 1695/8/4
f 1694/5/4 1667/5/4 1695/5/4
f 1669/7/4 1670/7/4 1696/7/4
f 1695/8/4 1668/8/4 1696/8/4
f 1668/7/4 1669/7/4 1696/7/4
f 1696/7/4 1670/7/4 1697/7/4
f 1670/8/4 1671/8/4 1698/8/4
f 1697/7/4 1670/7/4 1698/7/4
f 1672/7/4 1673/7/4 1699/7/4
f 1698/8/4 1671/8/4 1699/8/4
f 1671/7/4 1672/7/4 1699/7/4
f 1699/7/4 1673/7/4 1700/7/4
f 1700/7/4 1673/7/4 1701/7/4
f 1673/15/4 1674/15/4 1702/15/4
f 1701/7/4 1673/7/4 1702/7/4
f 1675/7/4 1676/7/4 1703/7/4
f 1702/15/4 1674/15/4 1703/15/4
f 1674/7/4 1675/7/4 1703/7/4
f 1676/8/4 1677/8/4 1704/8/4
f 1703/7/4 1676/7/4 1704/7/4
f 1677/7/4 1678/7/4 1705/7/4
f 1704/8/4 1677/8/4 1705/8/4
f 1678/15/4 1679/15/4 1706/15/4
f 1705/7/4 1678/7/4 1706/7/4
f 1680/6/4 1681/6/4 1707/6/4
f 1706/15/4 1679/15/4 1707/15/4
f 1679/6/4 1680/6/4 1707/6/4
f 1681/7/4 1682/7/4 1708/7/4
f 1707/6/4 1681/6/4 1708/6/4
f 1683/15/4 1684/15/4 1709/15/4
f 1708/7/4 1682/7/4 1709/7/4
f 1682/15/4 1683/15/4 1709/15/4
f 1709/15/4 1684/15/4 1710/15/4
f 1684/8/4 1685/8/4 1711/8/4
f 1710/15/4 1684/15/4 1711/15/4
f 1685/22/4 1686/22/4 1712/22/4
f 1711/8/4 1685/8/4 1712/8/4
f 1686/24/4 1687/24/4 1713/24/4
f 1712/22/4 1686/22/4 1713/22/4
f 1687/21/4 1688/21/4 1714/21/4
f 1713/24/4 1687/24/4 1714/24/4
f 1688/24/4 1689/24/4 1715/24/4
f 1714/21/4 1688/21/4 1715/21/4
f 1715/24/4 1689/24/4 1716/24/4
f 1690/7/4 1691/7/4 1718/7/4
f 1660/7/4 1690/7/4 1718/7/4
f 1659/8/4 1660/8/4 1718/8/4
f 1718/7/4 1691/7/4 1719/7/4
f 1692/8/4 1693/8/4 1720/8/4
f 1719/7/4 1691/7/4 1720/7/4
f 1691/8/4 1692/8/4 1720/8/4
f 1720/8/4 1693/8/4 1721/8/4
f 1721/8/4 1693/8/4 1722/8/4
f 1694/15/4 1695/15/4 1723/15/4
f 1722/8/4 1693/8/4 1723/8/4
f 1693/15/4 1694/15/4 1723/15/4
f 1695/7/4 1696/7/4 1724/7/4
f 1723/15/4 1695/15/4 1724/15/4
f 1696/8/4 1697/8/4 1725/8/4
f 1724/7/4 1696/7/4 1725/7/4
f 1725/8/4 1697/8/4 1726/8/4
f 1697/15/4 1698/15/4 1727/15/4
f 1726/8/4 1697/8/4 1727/8/4
f 1698/7/4 1699/7/4 1728/7/4
f 1727/15/4 1698/15/4 1728/15/4
f 1728/7/4 1699/7/4 1729/7/4
f 1699/15/4 1700/15/4 1730/15/4
f 1729/7/4 1699/7/4 1730/7/4
f 1700/7/4 1701/7/4 1731/7/4
f 1730/15/4 1700/15/4 1731/15/4
f 1701/8/4 1702/8/4 1732/8/4
f 1731/7/4 1701/7/4 1732/7/4
f 1702/7/4 1703/7/4 1733/7/4
f 1732/8/4 1702/8/4 1733/8/4
f 1703/15/4 1704/15/4 1734/15/4
f 1733/7/4 1703/7/4 1734/7/4
f 1706/15/4 1707/15/4 1734/15/4
f 1707/15/4 1708/15/4 1734/15/4
f 1704/15/4 1705/15/4 1734/15/4
f 1705/15/4 1706/15/4 1734/15/4
f 1734/15/4 1708/15/4 1735/15/4
f 1735/15/4 1708/15/4 1736/15/4
f 1736/15/4 1708/15/4 1737/15/4
f 1737/15/4 1708/15/4 1738/15/4
f 1738/15/4 1708/15/4 1739/15/4
f 1708/8/4 1709/8/4 1740/8/4
f 1739/15/4 1708/15/4 1740/15/4
f 1709/15/4 1710/15/4 1741/15/4
f 1740/8/4 1709/8/4 1741/8/4
f 1710/8/4 1711/8/4 1742/8/4
f 1741/15/4 1710/15/4 1742/15/4
f 1711/22/4 1712/22/4 1743/22/4
f 1742/8/4 1711/8/4 1743/8/4
f 1712/21/4 1713/21/4 1744/21/4
f 1743/22/4 1712/22/4 1744/22/4
f 1713/8/4 1714/8/4 1745/8/4
f 1744/21/4 1713/21/4 1745/21/4
f 1714/24/4 1715/24/4 1746/24/4
f 1745/8/4 1714/8/4 1746/8/4
f 1715/23/4 1716/23/4 1747/23/4
f 1746/24/4 1715/24/4 1747/24/4
f 1716/27/4 1717/27/4 1748/27/4
f 1747/23/4 1716/23/4 1748/23/4
f 1748/27/4 1717/27/4 1749/27/4
f 1659/8/4 1718/8/4 1751/8/4
f 1718/15/4 1719/15/4 1752/15/4
f 1751/8/4 1718/8/4 1752/8/4
f 1719/7/4 1720/7/4 1753/7/4
f 1752/15/4 1719/15/4 1753/15/4
f 1720/7/4 1721/7/4 1753/7/4
f 1753/7/4 1721/7/4 1754/7/4
f 1721/15/4 1722/15/4 1755/15/4
f 1754/7/4 1721/7/4 1755/7/4
f 1722/7/4 1723/7/4 1756/7/4
f 1755/15/4 1722/15/4 1756/15/4
f 1723/8/4 1724/8/4 1757/8/4
f 1756/7/4 1723/7/4 1757/7/4
f 1724/15/4 1725/15/4 1758/15/4
f 1757/8/4 1724/8/4 1758/8/4
f 1725/15/4 1726/15/4 1758/15/4
f 1727/7/4 1728/7/4 1759/7/4
f 1758/15/4 1726/15/4 1759/15/4
f 1726/7/4 1727/7/4 1759/7/4
f 1728/7/4 1729/7/4 1759/7/4
f 1759/7/4 1729/7/4 1760/7/4
f 1730/8/4 1731/8/4 1761/8/4
f 1760/7/4 1729/7/4 1761/7/4
f 1729/8/4 1730/8/4 1761/8/4
f 1731/7/4 1732/7/4 1762/7/4
f 1761/8/4 1731/8/4 1762/8/4
f 1732/15/4 1733/15/4 1763/15/4
f 1762/7/4 1732/7/4 1763/7/4
f 1733/7/4 1734/7/4 1764/7/4
f 1763/15/4 1733/15/4 1764/15/4
f 1734/7/4 1735/7/4 1764/7/4
f 1735/8/4 1736/8/4 1765/8/4
f 1764/7/4 1735/7/4 1765/7/4
f 1736/7/4 1737/7/4 1766/7/4
f 1765/8/4 1736/8/4 1766/8/4
f 1737/15/4 1738/15/4 1767/15/4
f 1766/7/4 1737/7/4 1767/7/4
f 1738/7/4 1739/7/4 1768/7/4
f 1767/15/4 1738/15/4 1768/15/4
f 1739/15/4 1740/15/4 1769/15/4
f 1768/7/4 1739/7/4 1769/7/4
f 1741/24/4 1742/24/4 1770/24/4
f 1769/15/4 1740/15/4 1770/15/4
f 1740/24/4 1741/24/4 1770/24/4
f 1770/24/4 1742/24/4 1771/24/4
f 1742/23/4 1743/23/4 1772/23/4
f 1771/24/4 1742/24/4 1772/24/4
f 1743/15/4 1744/15/4 1773/15/4
f 1772/23/4 1743/23/4 1773/23/4
f 1744/23/4 1745/23/4 1774/23/4
f 1773/15/4 1744/15/4 1774/15/4
f 1745/7/4 1746/7/4 1775/7/4
f 1774/23/4 1745/23/4 1775/23/4
f 1775/7/4 1746/7/4 1776/7/4
f 1747/24/4 1748/24/4 1777/24/4
f 1753/15/4 1754/15/4 1778/15/4
f 1752/8/4 1753/8/4 1778/8/4
f 1754/8/4 1755/8/4 1779/8/4
f 1778/15/4 1754/15/4 1779/15/4
f 1755/8/4 1756/8/4 1779/8/4
f 1779/8/4 1756/8/4 1780/8/4
f 1757/15/4 1758/15/4 1781/15/4
f 1780/8/4 1756/8/4 1781/8/4
f 1756/15/4 1757/15/4 1781/15/4
f 1781/15/4 1758/15/4 1782/15/4
f 1758/7/4 1759/7/4 1783/7/4
f 1782/15/4 1758/15/4 1783/15/4
f 1759/15/4 1760/15/4 1784/15/4
f 1783/7/4 1759/7/4 1784/7/4
f 1760/8/4 1761/8/4 1785/8/4
f 1784/15/4 1760/15/4 1785/15/4
f 1761/15/4 1762/15/4 1786/15/4
f 1785/8/4 1761/8/4 1786/8/4
f 1762/15/4 1763/15/4 1786/15/4
f 1786/15/4 1763/15/4 1787/15/4
f 1787/15/4 1763/15/4 1788/15/4
f 1763/8/4 1764/8/4 1789/8/4
f 1788/15/4 1763/15/4 1789/15/4
f 1764/8/4 1765/8/4 1789/8/4
f 1789/8/4 1765/8/4 1790/8/4
f 1766/15/4 1767/15/4 1791/15/4
f 1790/8/4 1765/8/4 1791/8/4
f 1765/15/4 1766/15/4 1791/15/4
f 1791/15/4 1767/15/4 1792/15/4
f 1767/7/4 1768/7/4 1793/7/4
f 1792/15/4 1767/15/4 1793/15/4
f 1768/8/4 1769/8/4 1794/8/4
f 1793/7/4 1768/7/4 1794/7/4
f 1770/21/4 1771/21/4 1795/21/4
f 1769/24/4 1770/24/4 1795/24/4
f 1771/22/4 1772/22/4 1796/22/4
f 1795/21/4 1771/21/4 1796/21/4
f 1772/15/4 1773/15/4 1797/15/4
f 1796/22/4 1772/22/4 1797/22/4
f 1773/7/4 1774/7/4 1798/7/4
f 1797/15/4 1773/15/4 1798/15/4
f 1774/23/4 1775/23/4 1799/23/4
f 1798/7/4 1774/7/4 1799/7/4
f 1776/24/4 1777/24/4 1800/24/4
f 1799/23/4 1775/23/4 1800/23/4
f 1775/24/4 1776/24/4 1800/24/4
f 1800/24/4 1777/24/4 1801/24/4
f 1777/24/4 1748/24/4 1802/24/4
f 1801/24/4 1777/24/4 1802/24/4
f 1748/23/4 1749/23/4 1802/23/4
f 1749/27/4 1750/27/4 1803/27/4
f 1802/23/4 1749/23/4 1803/23/4
f 1803/27/4 1750/27/4 1804/27/4
f 1752/8/4 1778/8/4 1806/8/4
f 1778/8/4 1779/8/4 1806/8/4
f 1806/8/4 1779/8/4 1807/8/4
f 1779/7/4 1780/7/4 1808/7/4
f 1807/8/4 1779/8/4 1808/8/4
f 1781/15/4 1782/15/4 1809/15/4
f 1808/7/4 1780/7/4 1809/7/4
f 1780/15/4 1781/15/4 1809/15/4
f 1782/7/4 1783/7/4 1810/7/4
f 1809/15/4 1782/15/4 1810/15/4
f 1810/7/4 1783/7/4 1811/7/4
f 1783/15/4 1784/15/4 1812/15/4
f 1811/7/4 1783/7/4 1812/7/4
f 1812/15/4 1784/15/4 1813/15/4
f 1784/8/4 1785/8/4 1814/8/4
f 1813/15/4 1784/15/4 1814/15/4
f 1786/15/4 1787/15/4 1815/15/4
f 1814/8/4 1785/8/4 1815/8/4
f 1785/15/4 1786/15/4 1815/15/4
f 1815/15/4 1787/15/4 1816/15/4
f 1816/15/4 1787/15/4 1817/15/4
f 1787/7/4 1788/7/4 1818/7/4
f 1817/15/4 1787/15/4 1818/15/4
f 1788/8/4 1789/8/4 1819/8/4
f 1818/7/4 1788/7/4 1819/7/4
f 1789/7/4 1790/7/4 1820/7/4
f 1819/8/4 1789/8/4 1820/8/4
f 1790/15/4 1791/15/4 1821/15/4
f 1820/7/4 1790/7/4 1821/7/4
f 1791/6/4 1792/6/4 1822/6/4
f 1821/15/4 1791/15/4 1822/15/4
f 1792/8/4 1793/8/4 1823/8/4
f 1822/6/4 1792/6/4 1823/6/4
f 1793/8/4 1794/8/4 1823/8/4
f 1823/8/4 1794/8/4 1824/8/4
f 1824/8/4 1794/8/4 1825/8/4
f 1769/24/4 1795/24/4 1826/24/4
f 1825/8/4 1794/8/4 1826/8/4
f 1794/8/4 1769/8/4 1826/8/4
f 1795/23/4 1796/23/4 1827/23/4
f 1826/24/4 1795/24/4 1827/24/4
f 1796/21/4 1797/21/4 1828/21/4
f 1827/23/4 1796/23/4 1828/23/4
f 1797/24/4 1798/24/4 1829/24/4
f 1828/21/4 1797/21/4 1829/21/4
f 1798/8/4 1799/8/4 1830/8/4
f 1829/24/4 1798/24/4 1830/24/4
f 1799/23/4 1800/23/4 1831/23/4
f 1830/8/4 1799/8/4 1831/8/4
f 1800/21/4 1801/21/4 1832/21/4
f 1831/23/4 1800/23/4 1832/23/4
f 1801/23/4 1802/23/4 1833/23/4
f 1832/21/4 1801/21/4 1833/21/4
f 1833/23/4 1802/23/4 1834/23/4
f 1802/27/4 1803/27/4 1835/27/4
f 1834/23/4 1802/23/4 1835/23/4
f 1835/27/4 1803/27/4 1836/27/4
f 1806/8/4 1807/8/4 1837/8/4
f 1805/8/4 1806/8/4 1837/8/4
f 1808/15/4 1809/15/4 1838/15/4
f 1837/8/4 1807/8/4 1838/8/4
f 1807/15/4 1808/15/4 1838/15/4
f 1838/15/4 1809/15/4 1839/15/4
f 1809/7/4 1810/7/4 1840/7/4
f 1839/15/4 1809/15/4 1840/15/4
f 1840/7/4 1810/7/4 1841/7/4
f 1810/15/4 1811/15/4 1842/15/4
f 1841/7/4 1810/7/4 1842/7/4
f 1811/8/4 1812/8/4 1843/8/4
f 1842/15/4 1811/15/4 1843/15/4
f 1812/7/4 1813/7/4 1844/7/4
f 1843/8/4 1812/8/4 1844/8/4
f 1813/8/4 1814/8/4 1845/8/4
f 1844/7/4 1813/7/4 1845/7/4
f 1815/15/4 1816/15/4 1846/15/4
f 1845/8/4 1814/8/4 1846/8/4
f 1814/15/4 1815/15/4 1846/15/4
f 1846/15/4 1816/15/4 1847/15/4
f 1816/7/4 1817/7/4 1848/7/4
f 1847/15/4 1816/15/4 1848/15/4
f 1818/8/4 1819/8/4 1849/8/4
f 1848/7/4 1817/7/4 1849/7/4
f 1817/8/4 1818/8/4 1849/8/4
f 1849/8/4 1819/8/4 1850/8/4
f 1819/7/4 1820/7/4 1851/7/4
f 1850/8/4 1819/8/4 1851/8/4
f 1820/8/4 1821/8/4 1852/8/4
f 1851/7/4 1820/7/4 1852/7/4
f 1821/8/4 1822/8/4 1852/8/4
f 1822/8/4 1823/8/4 1852/8/4
f 1852/8/4 1823/8/4 1853/8/4
f 1853/8/4 1823/8/4 1854/8/4
f 1823/7/4 1824/7/4 1855/7/4
f 1854/8/4 1823/8/4 1855/8/4
f 1855/7/4 1824/7/4 1856/7/4
f 1824/15/4 1825/15/4 1857/15/4
f 1856/7/4 1824/7/4 1857/7/4
f 1826/8/4 1827/8/4 1858/8/4
f 1857/15/4 1825/15/4 1858/15/4
f 1825/8/4 1826/8/4 1858/8/4
f 1827/24/4 1828/24/4 1859/24/4
f 1858/8/4 1827/8/4 1859/8/4
f 1828/23/4 1829/23/4 1860/23/4
f 1859/24/4 1828/24/4 1860/24/4
f 1829/23/4 1830/23/4 1860/23/4
f 1830/24/4 1831/24/4 1861/24/4
f 1860/23/4 1830/23/4 1861/23/4
f 1831/23/4 1832/23/4 1862/23/4
f 1861/24/4 1831/24/4 1862/24/4
f 1833/24/4 1834/24/4 1863/24/4
f 1862/23/4 1832/23/4 1863/23/4
f 1832/24/4 1833/24/4 1863/24/4
f 1834/27/4 1835/27/4 1864/27/4
f 1863/24/4 1834/24/4 1864/24/4
f 1864/27/4 1835/27/4 1865/27/4
f 1805/8/4 1837/8/4 1866/8/4
f 1837/7/4 1838/7/4 1867/7/4
f 1866/8/4 1837/8/4 1867/8/4
f 1838/8/4 1839/8/4 1868/8/4
f 1867/7/4 1838/7/4 1868/7/4
f 1840/7/4 1841/7/4 1869/7/4
f 1868/8/4 1839/8/4 1869/8/4
f 1839/7/4 1840/7/4 1869/7/4
f 1842/8/4 1843/8/4 1870/8/4
f 1869/7/4 1841/7/4 1870/7/4
f 1841/8/4 1842/8/4 1870/8/4
f 1843/7/4 1844/7/4 1871/7/4
f 1870/8/4 1843/8/4 1871/8/4
f 1844/8/4 1845/8/4 1872/8/4
f 1871/7/4 1844/7/4 1872/7/4
f 1845/7/4 1846/7/4 1873/7/4
f 1872/8/4 1845/8/4 1873/8/4
f 1846/15/4 1847/15/4 1874/15/4
f 1873/7/4 1846/7/4 1874/7/4
f 1847/7/4 1848/7/4 1875/7/4
f 1874/15/4 1847/15/4 1875/15/4
f 1848/8/4 1849/8/4 1876/8/4
f 1875/7/4 1848/7/4 1876/7/4
f 1849/7/4 1850/7/4 1877/7/4
f 1876/8/4 1849/8/4 1877/8/4
f 1850/15/4 1851/15/4 1878/15/4
f 1877/7/4 1850/7/4 1878/7/4
f 1851/8/4 1852/8/4 1879/8/4
f 1878/15/4 1851/15/4 1879/15/4
f 1852/8/4 1853/8/4 1879/8/4
f 1879/8/4 1853/8/4 1880/8/4
f 1853/7/4 1854/7/4 1881/7/4
f 1880/8/4 1853/8/4 1881/8/4
f 1854/15/4 1855/15/4 1882/15/4
f 1881/7/4 1854/7/4 1882/7/4
f 1882/15/4 1855/15/4 1883/15/4
f 1855/6/4 1856/6/4 1884/6/4
f 1883/15/4 1855/15/4 1884/15/4
f 1856/7/4 1857/7/4 1885/7/4
f 1884/6/4 1856/6/4 1885/6/4
f 1857/8/4 1858/8/4 1886/8/4
f 1885/7/4 1857/7/4 1886/7/4
f 1886/8/4 1858/8/4 1887/8/4
f 1860/24/4 1861/24/4 1888/24/4
f 1861/23/4 1862/23/4 1889/23/4
f 1888/24/4 1861/24/4 1889/24/4
f 1862/24/4 1863/24/4 1890/24/4
f 1889/23/4 1862/23/4 1890/23/4
f 1890/24/4 1863/24/4 1891/24/4
f 1867/8/4 1868/8/4 1892/8/4
f 1868/7/4 1869/7/4 1893/7/4
f 1892/8/4 1868/8/4 1893/8/4
f 1869/8/4 1870/8/4 1894/8/4
f 1893/7/4 1869/7/4 1894/7/4
f 1870/7/4 1871/7/4 1895/7/4
f 1894/8/4 1870/8/4 1895/8/4
f 1871/8/4 1872/8/4 1896/8/4
f 1895/7/4 1871/7/4 1896/7/4
f 1873/15/4 1874/15/4 1897/15/4
f 1896/8/4 1872/8/4 1897/8/4
f 1872/15/4 1873/15/4 1897/15/4
f 1874/7/4 1875/7/4 1898/7/4
f 1897/15/4 1874/15/4 1898/15/4
f 1875/8/4 1876/8/4 1899/8/4
f 1898/7/4 1875/7/4 1899/7/4
f 1876/7/4 1877/7/4 1900/7/4
f 1899/8/4 1876/8/4 1900/8/4
f 1877/6/4 1878/6/4 1901/6/4
f 1900/7/4 1877/7/4 1901/7/4
f 1878/8/4 1879/8/4 1902/8/4
f 1901/6/4 1878/6/4 1902/6/4
f 1879/7/4 1880/7/4 1903/7/4
f 1902/8/4 1879/8/4 1903/8/4
f 1880/15/4 1881/15/4 1904/15/4
f 1903/7/4 1880/7/4 1904/7/4
f 1881/6/4 1882/6/4 1905/6/4
f 1904/15/4 1881/15/4 1905/15/4
f 1882/7/4 1883/7/4 1906/7/4
f 1905/6/4 1882/6/4 1906/6/4
f 1883/8/4 1884/8/4 1907/8/4
f 1906/7/4 1883/7/4 1907/7/4
f 1884/8/4 1885/8/4 1907/8/4
f 1907/8/4 1885/8/4 1908/8/4
f 1889/24/4 1890/24/4 1909/24/4
f 1909/24/4 1890/24/4 1910/24/4
f 1894/7/4 1895/7/4 1911/7/4
f 1895/8/4 1896/8/4 1912/8/4
f 1911/7/4 1895/7/4 1912/7/4
f 1896/15/4 1897/15/4 1913/15/4
f 1912/8/4 1896/8/4 1913/8/4
f 1897/7/4 1898/7/4 1914/7/4
f 1913/15/4 1897/15/4 1914/15/4
f 1914/7/4 1898/7/4 1915/7/4
f 1898/8/4 1899/8/4 1916/8/4
f 1915/7/4 1898/7/4 1916/7/4
f 1899/7/4 1900/7/4 1917/7/4
f 1916/8/4 1899/8/4 1917/8/4
f 1900/6/4 1901/6/4 1918/6/4
f 1917/7/4 1900/7/4 1918/7/4
f 1901/8/4 1902/8/4 1919/8/4
f 1918/6/4 1901/6/4 1919/6/4
f 1902/7/4 1903/7/4 1920/7/4
f 1919/8/4 1902/8/4 1920/8/4
f 1903/15/4 1904/15/4 1921/15/4
f 1920/7/4 1903/7/4 1921/7/4
f 1904/7/4 1905/7/4 1922/7/4
f 1921/15/4 1904/15/4 1922/15/4
f 1905/8/4 1906/8/4 1923/8/4
f 1922/7/4 1905/7/4 1923/7/4
f 1923/8/4 1906/8/4 1924/8/4
f 1893/8/4 1894/8/4 1925/8/4
f 1894/7/4 1911/7/4 1926/7/4
f 1925/8/4 1894/8/4 1926/8/4
f 1911/15/4 1912/15/4 1927/15/4
f 1926/7/4 1911/7/4 1927/7/4
f 1914/7/4 1915/7/4 1928/7/4
f 1927/15/4 1912/15/4 1928/15/4
f 1912/7/4 1913/7/4 1928/7/4
f 1913/7/4 1914/7/4 1928/7/4
f 1928/7/4 1915/7/4 1929/7/4
f 1929/7/4 1915/7/4 1930/7/4
f 1915/8/4 1916/8/4 1931/8/4
f 1930/7/4 1915/7/4 1931/7/4
f 1916/7/4 1917/7/4 1932/7/4
f 1931/8/4 1916/8/4 1932/8/4
f 1917/15/4 1918/15/4 1933/15/4
f 1932/7/4 1917/7/4 1933/7/4
f 1918/8/4 1919/8/4 1934/8/4
f 1933/15/4 1918/15/4 1934/15/4
f 1919/7/4 1920/7/4 1935/7/4
f 1934/8/4 1919/8/4 1935/8/4
f 1920/15/4 1921/15/4 1936/15/4
f 1935/7/4 1920/7/4 1936/7/4
f 1921/8/4 1922/8/4 1937/8/4
f 1936/15/4 1921/15/4 1937/15/4
f 1937/8/4 1922/8/4 1938/8/4
f 1926/8/4 1927/8/4 1939/8/4
f 1927/8/4 1928/8/4 1939/8/4
f 1939/8/4 1928/8/4 1940/8/4
f 1928/7/4 1929/7/4 1941/7/4
f 1940/8/4 1928/8/4 1941/8/4
f 1929/15/4 1930/15/4 1942/15/4
f 1941/7/4 1929/7/4 1942/7/4
f 1930/8/4 1931/8/4 1943/8/4
f 1942/15/4 1930/15/4 1943/15/4
f 1943/8/4 1931/8/4 1944/8/4
f 1932/15/4 1933/15/4 1945/15/4
f 1944/8/4 1931/8/4 1945/8/4
f 1931/15/4 1932/15/4 1945/15/4
f 1945/15/4 1933/15/4 1946/15/4
f 1933/8/4 1934/8/4 1947/8/4
f 1946/15/4 1933/15/4 1947/15/4
f 1934/7/4 1935/7/4 1948/7/4
f 1947/8/4 1934/8/4 1948/8/4
f 1935/8/4 1936/8/4 1949/8/4
f 1948/7/4 1935/7/4 1949/7/4
f 1936/8/4 1937/8/4 1949/8/4
f 1949/8/4 1937/8/4 1950/8/4
f 1943/8/4 1944/8/4 1951/8/4
f 1941/8/4 1942/8/4 1951/8/4
f 1942/8/4 1943/8/4 1951/8/4
f 1940/8/4 1941/8/4 1951/8/4
f 1951/8/4 1944/8/4 1952/8/4
f 1952/8/4 1944/8/4 1953/8/4
f 1953/8/4 1944/8/4 1954/8/4
f 1944/15/4 1945/15/4 1955/15/4
f 1954/8/4 1944/8/4 1955/8/4
f 1945/6/4 1946/6/4 1956/6/4
f 1955/15/4 1945/15/4 1956/15/4
f 1946/8/4 1947/8/4 1957/8/4
f 1956/6/4 1946/6/4 1957/6/4
f 1947/15/4 1948/15/4 1958/15/4
f 1957/8/4 1947/8/4 1958/8/4
f 1948/8/4 1949/8/4 1959/8/4
f 1958/15/4 1948/15/4 1959/15/4
f 1959/8/4 1949/8/4 1960/8/4
f 1952/8/4 1953/8/4 1961/8/4
f 1953/15/4 1954/15/4 1962/15/4
f 1961/8/4 1953/8/4 1962/8/4
f 1955/6/4 1956/6/4 1963/6/4
f 1962/15/4 1954/15/4 1963/15/4
f 1954/6/4 1955/6/4 1963/6/4
f 1956/8/4 1957/8/4 1964/8/4
f 1963/6/4 1956/6/4 1964/6/4
f 1957/7/4 1958/7/4 1965/7/4
f 1964/8/4 1957/8/4 1965/8/4
f 1958/8/4 1959/8/4 1966/8/4
f 1965/7/4 1958/7/4 1966/7/4
f 1966/8/4 1959/8/4 1967/8/4
f 1962/8/4 1963/8/4 1968/8/4
f 1963/8/4 1964/8/4 1968/8/4
f 1968/8/4 1964/8/4 1969/8/4
f 1964/15/4 1965/15/4 1970/15/4
f 1969/8/4 1964/8/4 1970/8/4
f 1965/8/4 1966/8/4 1971/8/4
f 1970/15/4 1965/15/4 1971/15/4
f 1971/8/4 1966/8/4 1972/8/4
f 1969/8/4 1970/8/4 1973/8/4
f 1970/8/4 1971/8/4 1973/8/4
f 1973/8/4 1971/8/4 1974/8/4
f 1981/19/5 1976/19/5 1975/19/5
f 1982/4/5 1977/4/5 1976/4/5
f 1982/19/5 1976/19/5 1981/19/5
f 1983/4/5 1977/4/5 1982/4/5
f 1984/19/5 1979/19/5 1978/19/5
f 1985/4/5 1980/4/5 1979/4/5
f 1985/19/5 1979/19/5 1984/19/5
f 1986/4/5 1980/4/5 1985/4/5
f 1991/4/5 1988/4/5 1987/4/5
f 1992/4/5 1988/4/5 1991/4/5
f 1993/4/5 1990/4/5 1989/4/5
f 1994/4/5 1990/4/5 1993/4/5
f 1997/19/5 1996/19/5 1995/19/5
f 1998/19/5 1996/19/5 1997/19/5
f 2001/4/5 2000/4/5 1999/4/5
f 2002/4/5 2000/4/5 2001/4/5
f 2012/19/5 2004/19/5 2003/19/5
f 2013/19/5 2004/19/5 2012/19/5
f 2014/4/5 2006/4/5 2005/4/5
f 2015/8/5 2007/8/5 2006/8/5
f 2015/4/5 2006/4/5 2014/4/5
f 2016/8/5 2007/8/5 2015/8/5
f 2017/8/5 2009/8/5 2008/8/5
f 2018/8/5 2009/8/5 2017/8/5
f 2019/8/5 2011/8/5 2010/8/5
f 2020/8/5 2011/8/5 2019/8/5
f 2029/19/5 2022/19/5 2021/19/5
f 2030/19/5 2022/19/5 2029/19/5
f 2031/8/5 2024/8/5 2023/8/5
f 2032/8/5 2024/8/5 2031/8/5
f 2033/8/5 2026/8/5 2025/8/5
f 2034/8/5 2026/8/5 2033/8/5
f 2035/8/5 2028/8/5 2027/8/5
f 2036/8/5 2028/8/5 2035/8/5
f 2039/8/5 2038/8/5 2037/8/5
f 2040/8/5 2038/8/5 2039/8/5
f 2043/8/5 2042/8/5 2041/8/5
f 2044/8/5 2042/8/5 2043/8/5
f 2050/5/5 2046/5/5 2045/5/5
f 2051/20/5 2047/20/5 2046/20/5
f 2051/5/5 2046/5/5 2050/5/5
f 2052/20/5 2047/20/5 2051/20/5
f 2053/8/5 2049/8/5 2048/8/5
f 2054/8/5 2049/8/5 2053/8/5
f 2061/13/5 2056/13/5 2055/13/5
f 2062/13/5 2056/13/5 2061/13/5
f 2063/20/5 2058/20/5 2057/20/5
f 2064/20/5 2058/20/5 2063/20/5
f 2065/8/5 2060/8/5 2059/8/5
f 2066/8/5 2060/8/5 2065/8/5
f 2069/8/5 2068/8/5 2067/8/5
f 2070/8/5 2068/8/5 2069/8/5
f 2073/8/5 2072/8/5 2071/8/5
f 2074/8/5 2072/8/5 2073/8/5
f 2077/13/5 2076/13/5 2075/13/5
f 2078/13/5 2076/13/5 2077/13/5
f 2081/3/5 2080/3/5 2079/3/5
f 2082/3/5 2080/3/5 2081/3/5
f 2085/7/5 2084/7/5 2083/7/5
f 2086/7/5 2084/7/5 2085/7/5
f 2089/8/5 2088/8/5 2087/8/5
f 2090/8/5 2088/8/5 2089/8/5
f 2094/6/5 2092/6/5 2091/6/5
f 2095/15/5 2093/15/5 2092/15/5
f 2095/6/5 2092/6/5 2094/6/5
f 2096/15/5 2093/15/5 2095/15/5
f 2099/24/5 2098/24/5 2097/24/5
f 2100/24/5 2098/24/5 2099/24/5
f 2103/24/5 2102/24/5 2101/24/5
f 2104/24/5 2102/24/5 2103/24/5
f 2107/24/5 2106/24/5 2105/24/5
f 2108/24/5 2106/24/5 2107/24/5
f 2109/20/6 2110/20/6 2113/20/6
f 2113/20/6 2110/20/6 2114/20/6
f 2111/4/6 2112/4/6 2115/4/6
f 2115/4/6 2112/4/6 2116/4/6
f 2117/4/6 2118/4/6 2119/4/6
f 2119/4/6 2118/4/6 2120/4/6
f 2121/3/6 2122/3/6 2123/3/6
f 2123/3/6 2122/3/6 2124/3/6
f 2125/3/6 2126/3/6 2127/3/6
f 2127/3/6 2126/3/6 2128/3/6
f 2129/13/6 2130/13/6 2131/13/6
f 2131/13/6 2130/13/6 2132/13/6
f 2133/15/6 2134/15/6 2137/15/6
f 2137/15/6 2134/15/6 2138/15/6
f 2135/8/6 2136/8/6 2139/8/6
f 2139/8/6 2136/8/6 2140/8/6
f 2141/8/6 2142/8/6 2143/8/6
f 2143/8/6 2142/8/6 2144/8/6
f 2145/7/6 2146/7/6 2149/7/6
f 2149/7/6 2146/7/6 2150/7/6
f 2147/8/6 2148/8/6 2151/8/6
f 2151/8/6 2148/8/6 2152/8/6
f 2153/8/6 2154/8/6 2155/8/6
f 2155/8/6 2154/8/6 2156/8/6
f 2157/8/6 2158/8/6 2159/8/6
f 2159/8/6 2158/8/6 2160/8/6
f 2161/8/6 2162/8/6 2163/8/6
f 2163/8/6 2162/8/6 2164/8/6
f 2165/8/6 2166/8/6 2167/8/6
f 2167/8/6 2166/8/6 2168/8/6
f 2169/8/6 2170/8/6 2171/8/6
f 2171/8/6 2170/8/6 2172/8/6
f 2173/6/6 2174/6/6 2177/6/6
f 2177/6/6 2174/6/6 2178/6/6
f 2175/8/6 2176/8/6 2179/8/6
f 2179/8/6 2176/8/6 2180/8/6
f 2181/15/6 2182/15/6 2183/15/6
f 2183/15/6 2182/15/6 2184/15/6
f 2185/7/6 2186/7/6 2187/7/6
f 2187/7/6 2186/7/6 2188/7/6
f 2189/7/6 2190/7/6 2193/7/6
f 2193/7/6 2190/7/6 2194/7/6
f 2191/24/6 2192/24/6 2195/24/6
f 2195/24/6 2192/24/6 2196/24/6
f 2197/15/6 2198/15/6 2201/15/6
f 2201/15/6 2198/15/6 2202/15/6
f 2199/24/6 2200/24/6 2203/24/6
f 2203/24/6 2200/24/6 2204/24/6
f 2205/15/6 2206/15/6 2209/15/6
f 2209/15/6 2206/15/6 2210/15/6
f 2207/7/6 2208/7/6 2211/7/6
f 2211/7/6 2208/7/6 2212/7/6
f 2213/7/6 2214/7/6 2217/7/6
f 2217/7/6 2214/7/6 2218/7/6
f 2215/24/6 2216/24/6 2219/24/6
f 2219/24/6 2216/24/6 2220/24/6
f 2221/7/6 2222/7/6 2232/7/6
f 2222/15/6 2223/15/6 2233/15/6
f 2232/7/6 2222/7/6 2233/7/6
f 2223/6/6 2224/6/6 2234/6/6
f 2233/15/6 2223/15/6 2234/15/6
f 2224/15/6 2225/15/6 2235/15/6
f 2234/6/6 2224/6/6 2235/6/6
f 2225/7/6 2226/7/6 2236/7/6
f 2235/15/6 2225/15/6 2236/15/6
f 2226/8/6 2227/8/6 2237/8/6
f 2236/7/6 2226/7/6 2237/7/6
f 2237/8/6 2227/8/6 2238/8/6
f 2228/24/6 2229/24/6 2239/24/6
f 2239/24/6 2229/24/6 2240/24/6
f 2230/27/6 2231/27/6 2241/27/6
f 2241/27/6 2231/27/6 2242/27/6
f 2243/27/6 2244/27/6 2247/27/6
f 2247/27/6 2244/27/6 2248/27/6
f 2245/27/6 2246/27/6 2249/27/6
f 2249/27/6 2246/27/6 2250/27/6
f 2251/27/6 2252/27/6 2253/27/6
f 2253/27/6 2252/27/6 2254/27/6
