# MagicaVoxel @ Ephtracy

# group
o 

# material
mtllib Player_Run_01.mtl
usemtl palette

# normals
vn -1 0 0
vn 1 0 0
vn 0 0 1
vn 0 0 -1
vn 0 -1 0
vn 0 1 0

# texcoords
vt 0.00195312 0.5
vt 0.00585938 0.5
vt 0.00976562 0.5
vt 0.0136719 0.5
vt 0.0175781 0.5
vt 0.0214844 0.5
vt 0.0253906 0.5
vt 0.0292969 0.5
vt 0.0332031 0.5
vt 0.0371094 0.5
vt 0.0410156 0.5
vt 0.0449219 0.5
vt 0.0488281 0.5
vt 0.0527344 0.5
vt 0.0566406 0.5
vt 0.0605469 0.5
vt 0.0644531 0.5
vt 0.0683594 0.5
vt 0.0722656 0.5
vt 0.0761719 0.5
vt 0.0800781 0.5
vt 0.0839844 0.5
vt 0.0878906 0.5
vt 0.0917969 0.5
vt 0.0996094 0.5
vt 0.119141 0.5
vt 0.123047 0.5

# verts
v -1.5 2.6 0.0999999
v -1.5 2.6 -0.1
v -1.5 2.7 0.0999999
v -1.5 2.7 -0.1
v -1.4 2.7 0.0999999
v -1.4 2.7 -0.1
v -1.4 2.8 0.0999999
v -1.4 2.8 -0.1
v -1.4 3.1 0.0999999
v -1.4 3.1 -0.1
v -1.3 2.5 0.0999999
v -1.3 2.5 -0.1
v -1.3 2.6 0.0999999
v -1.3 2.6 -0.1
v -1.3 3.1 0.0999999
v -1.3 3.1 -0.1
v -1.3 3.2 0.0999999
v -1.3 3.2 -0.1
v -1.3 3.3 0.0999999
v -1.3 3.3 -0.1
v -1.2 2.3 0.0999999
v -1.2 2.3 -0.1
v -1.2 2.5 0.0999999
v -1.2 2.5 -0.1
v -1.2 3.3 0.0999999
v -1.2 3.3 -0.1
v -1.2 3.4 0.0999999
v -1.2 3.4 -0.1
v -1.1 0.5 0.0999999
v -1.1 0.5 -0.1
v -1.1 0.7 0.0999999
v -1.1 0.7 -0.1
v -1.1 0.8 0.0999999
v -1.1 0.8 -0.1
v -1.1 0.9 0.0999999
v -1.1 0.9 -0.1
v -1.1 1.1 0.0999999
v -1.1 1.1 -0.1
v -1.1 1.3 0.0999999
v -1.1 1.3 -0.1
v -1.1 1.4 0.0999999
v -1.1 1.4 -0.1
v -1.1 2 0.0999999
v -1.1 2 -0.1
v -1.1 2.2 0.0999999
v -1.1 2.2 -0.1
v -1.1 2.3 0.0999999
v -1.1 2.3 -0.1
v -1.1 3.4 0.0999999
v -1.1 3.4 -0.1
v -1.1 3.5 0.0999999
v -1.1 3.5 -0.1
v -1 0 0.0999999
v -1 0 -0.1
v -1 0.2 0.0999999
v -1 0.2 -0.1
v -1 0.3 0.0999999
v -1 0.3 -0.1
v -1 0.4 0.0999999
v -1 0.4 -0.1
v -1 0.5 0.0999999
v -1 0.5 -0.1
v -1 0.8 0.0999999
v -1 0.8 -0.1
v -1 0.9 0.0999999
v -1 0.9 -0.1
v -1 1.4 0.0999999
v -1 1.4 -0.1
v -1 1.5 0.0999999
v -1 1.5 -0.1
v -1 1.6 0.0999999
v -1 1.6 -0.1
v -1 1.9 0.0999999
v -1 1.9 -0.1
v -1 2 0.0999999
v -1 2 -0.1
v -1 3.5 0.0999999
v -1 3.5 -0.1
v -1 3.6 0.0999999
v -1 3.6 -0.1
v -0.9 0.3 0.0999999
v -0.9 0.3 -0.1
v -0.9 0.4 0.0999999
v -0.9 0.4 -0.1
v -0.9 1.6 0.0999999
v -0.9 1.6 -0.1
v -0.9 1.8 0.0999999
v -0.9 1.8 -0.1
v -0.9 1.9 0.0999999
v -0.9 1.9 -0.1
v -0.9 3.6 0.0999999
v -0.9 3.6 -0.1
v -0.9 3.7 0.0999999
v -0.9 3.7 -0.1
v -0.7 3.7 0.0999999
v -0.7 3.7 -0.1
v -0.7 3.8 0.0999999
v -0.7 3.8 -0.1
v -0.4 0.2 0.0999999
v -0.4 0.2 -0.1
v -0.4 0.3 0.0999999
v -0.4 0.3 -0.1
v -0.3 0 0.0999999
v -0.3 0 -0.1
v -0.3 0.1 0.0999999
v -0.3 0.1 -0.1
v -0.3 0.2 0.0999999
v -0.3 0.2 -0.1
v 0.4 0.4 0.0999999
v 0.4 0.4 -0.1
v 0.4 0.5 0.0999999
v 0.4 0.5 -0.1
v 0.4 3.7 0.0999999
v 0.4 3.7 -0.1
v 0.4 3.8 0.0999999
v 0.4 3.8 -0.1
v 0.5 3.8 0.0999999
v 0.5 3.8 -0.1
v 0.5 3.9 0.0999999
v 0.5 3.9 -0.1
v 0.6 3.9 0.0999999
v 0.6 3.9 -0.1
v 0.6 4 0.0999999
v 0.6 4 -0.1
v 0.7 3.6 0.0999999
v 0.7 3.6 -0.1
v 0.7 3.7 0.0999999
v 0.7 3.7 -0.1
v 0.9 0.4 0.0999999
v 0.9 0.4 -0.1
v 0.9 0.5 0.0999999
v 0.9 0.5 -0.1
v -0.7 0 0.0999999
v -0.7 0 -0.1
v -0.7 0.1 0.0999999
v -0.7 0.1 -0.1
v -0.6 0.1 0.0999999
v -0.6 0.1 -0.1
v -0.6 0.2 0.0999999
v -0.6 0.2 -0.1
v -0.6 0.3 0.0999999
v -0.6 0.3 -0.1
v 0 0 0.0999999
v 0 0 -0.1
v 0 0.1 0.0999999
v 0 0.1 -0.1
v 0 0.3 0.0999999
v 0 0.3 -0.1
v 0 0.4 0.0999999
v 0 0.4 -0.1
v 0.1 0.1 0.0999999
v 0.1 0.1 -0.1
v 0.1 0.3 0.0999999
v 0.1 0.3 -0.1
v 0.3 0.4 0.0999999
v 0.3 0.4 -0.1
v 0.3 0.5 0.0999999
v 0.3 0.5 -0.1
v 0.3 3.7 0.0999999
v 0.3 3.7 -0.1
v 0.3 3.8 0.0999999
v 0.3 3.8 -0.1
v 0.6 3.6 0.0999999
v 0.6 3.6 -0.1
v 0.6 3.7 0.0999999
v 0.6 3.7 -0.1
v 0.7 0.4 0.0999999
v 0.7 0.4 -0.1
v 0.7 0.5 0.0999999
v 0.7 0.5 -0.1
v 0.8 3.9 0.0999999
v 0.8 3.9 -0.1
v 0.8 4 0.0999999
v 0.8 4 -0.1
v 0.9 3.8 0.0999999
v 0.9 3.8 -0.1
v 0.9 3.9 0.0999999
v 0.9 3.9 -0.1
v 1 2.7 0.0999999
v 1 2.7 -0.1
v 1 3 0.0999999
v 1 3 -0.1
v 1 3.1 0.0999999
v 1 3.1 -0.1
v 1 3.5 0.0999999
v 1 3.5 -0.1
v 1 3.7 0.0999999
v 1 3.7 -0.1
v 1 3.8 0.0999999
v 1 3.8 -0.1
v 1.1 0.4 0.0999999
v 1.1 0.4 -0.1
v 1.1 0.5 0.0999999
v 1.1 0.5 -0.1
v 1.1 2.5 0.0999999
v 1.1 2.5 -0.1
v 1.1 2.6 0.0999999
v 1.1 2.6 -0.1
v 1.1 2.7 0.0999999
v 1.1 2.7 -0.1
v 1.1 3.1 0.0999999
v 1.1 3.1 -0.1
v 1.1 3.3 0.0999999
v 1.1 3.3 -0.1
v 1.1 3.4 0.0999999
v 1.1 3.4 -0.1
v 1.1 3.5 0.0999999
v 1.1 3.5 -0.1
v 1.2 0.5 0.0999999
v 1.2 0.5 -0.1
v 1.2 0.6 0.0999999
v 1.2 0.6 -0.1
v 1.2 2.2 0.0999999
v 1.2 2.2 -0.1
v 1.2 2.3 0.0999999
v 1.2 2.3 -0.1
v 1.2 2.5 0.0999999
v 1.2 2.5 -0.1
v 1.2 3.3 0.0999999
v 1.2 3.3 -0.1
v 1.2 3.4 0.0999999
v 1.2 3.4 -0.1
v 1.3 2 0.0999999
v 1.3 2 -0.1
v 1.3 2.1 0.0999999
v 1.3 2.1 -0.1
v 1.3 2.2 0.0999999
v 1.3 2.2 -0.1
v 1.4 0.6 0.0999999
v 1.4 0.6 -0.1
v 1.4 0.7 0.0999999
v 1.4 0.7 -0.1
v 1.4 1.9 0.0999999
v 1.4 1.9 -0.1
v 1.4 2 0.0999999
v 1.4 2 -0.1
v 1.5 0.7 0.0999999
v 1.5 0.7 -0.1
v 1.5 0.8 0.0999999
v 1.5 0.8 -0.1
v 1.5 1.7 0.0999999
v 1.5 1.7 -0.1
v 1.5 1.9 0.0999999
v 1.5 1.9 -0.1
v 1.6 0.8 0.0999999
v 1.6 0.8 -0.1
v 1.6 0.9 0.0999999
v 1.6 0.9 -0.1
v 1.6 1.6 0.0999999
v 1.6 1.6 -0.1
v 1.6 1.7 0.0999999
v 1.6 1.7 -0.1
v 1.7 0.9 0.0999999
v 1.7 0.9 -0.1
v 1.7 1 0.0999999
v 1.7 1 -0.1
v 1.7 1.5 0.0999999
v 1.7 1.5 -0.1
v 1.7 1.6 0.0999999
v 1.7 1.6 -0.1
v 1.8 1 0.0999999
v 1.8 1 -0.1
v 1.8 1.2 0.0999999
v 1.8 1.2 -0.1
v 1.8 1.4 0.0999999
v 1.8 1.4 -0.1
v 1.8 1.5 0.0999999
v 1.8 1.5 -0.1
v 1.9 1.2 0.0999999
v 1.9 1.2 -0.1
v 1.9 1.4 0.0999999
v 1.9 1.4 -0.1
v -1.5 2.6 0.0999999
v -1.5 2.7 0.0999999
v -1.4 2.6 0.0999999
v -1.4 2.7 0.0999999
v -1.4 2.8 0.0999999
v -1.4 3.1 0.0999999
v -1.3 2.5 0.0999999
v -1.3 2.6 0.0999999
v -1.3 2.7 0.0999999
v -1.3 2.8 0.0999999
v -1.3 2.9 0.0999999
v -1.3 3.1 0.0999999
v -1.3 3.2 0.0999999
v -1.3 3.3 0.0999999
v -1.2 2.3 0.0999999
v -1.2 2.5 0.0999999
v -1.2 2.6 0.0999999
v -1.2 2.7 0.0999999
v -1.2 2.8 0.0999999
v -1.2 2.9 0.0999999
v -1.2 3.1 0.0999999
v -1.2 3.2 0.0999999
v -1.2 3.3 0.0999999
v -1.2 3.4 0.0999999
v -1.1 0.5 0.0999999
v -1.1 0.7 0.0999999
v -1.1 0.8 0.0999999
v -1.1 0.9 0.0999999
v -1.1 1.1 0.0999999
v -1.1 1.3 0.0999999
v -1.1 1.4 0.0999999
v -1.1 2 0.0999999
v -1.1 2.2 0.0999999
v -1.1 2.3 0.0999999
v -1.1 2.4 0.0999999
v -1.1 2.5 0.0999999
v -1.1 2.6 0.0999999
v -1.1 2.7 0.0999999
v -1.1 2.8 0.0999999
v -1.1 2.9 0.0999999
v -1.1 3 0.0999999
v -1.1 3.1 0.0999999
v -1.1 3.2 0.0999999
v -1.1 3.3 0.0999999
v -1.1 3.4 0.0999999
v -1.1 3.5 0.0999999
v -1 0 0.0999999
v -1 0.2 0.0999999
v -1 0.3 0.0999999
v -1 0.4 0.0999999
v -1 0.5 0.0999999
v -1 0.6 0.0999999
v -1 0.7 0.0999999
v -1 0.8 0.0999999
v -1 0.9 0.0999999
v -1 1 0.0999999
v -1 1.1 0.0999999
v -1 1.2 0.0999999
v -1 1.3 0.0999999
v -1 1.4 0.0999999
v -1 1.5 0.0999999
v -1 1.6 0.0999999
v -1 1.9 0.0999999
v -1 2 0.0999999
v -1 2.1 0.0999999
v -1 2.2 0.0999999
v -1 2.3 0.0999999
v -1 2.4 0.0999999
v -1 2.5 0.0999999
v -1 2.6 0.0999999
v -1 2.7 0.0999999
v -1 2.8 0.0999999
v -1 2.9 0.0999999
v -1 3 0.0999999
v -1 3.1 0.0999999
v -1 3.2 0.0999999
v -1 3.3 0.0999999
v -1 3.4 0.0999999
v -1 3.5 0.0999999
v -1 3.6 0.0999999
v -0.9 0 0.0999999
v -0.9 0.1 0.0999999
v -0.9 0.2 0.0999999
v -0.9 0.3 0.0999999
v -0.9 0.4 0.0999999
v -0.9 0.5 0.0999999
v -0.9 0.6 0.0999999
v -0.9 0.7 0.0999999
v -0.9 0.8 0.0999999
v -0.9 0.9 0.0999999
v -0.9 1 0.0999999
v -0.9 1.1 0.0999999
v -0.9 1.2 0.0999999
v -0.9 1.3 0.0999999
v -0.9 1.4 0.0999999
v -0.9 1.5 0.0999999
v -0.9 1.6 0.0999999
v -0.9 1.8 0.0999999
v -0.9 1.9 0.0999999
v -0.9 2 0.0999999
v -0.9 2.1 0.0999999
v -0.9 2.3 0.0999999
v -0.9 2.4 0.0999999
v -0.9 2.5 0.0999999
v -0.9 2.6 0.0999999
v -0.9 2.7 0.0999999
v -0.9 2.9 0.0999999
v -0.9 3 0.0999999
v -0.9 3.1 0.0999999
v -0.9 3.2 0.0999999
v -0.9 3.3 0.0999999
v -0.9 3.4 0.0999999
v -0.9 3.5 0.0999999
v -0.9 3.6 0.0999999
v -0.9 3.7 0.0999999
v -0.8 0.1 0.0999999
v -0.8 0.2 0.0999999
v -0.8 0.3 0.0999999
v -0.8 0.4 0.0999999
v -0.8 0.5 0.0999999
v -0.8 0.6 0.0999999
v -0.8 0.7 0.0999999
v -0.8 0.8 0.0999999
v -0.8 0.9 0.0999999
v -0.8 1 0.0999999
v -0.8 1.1 0.0999999
v -0.8 1.2 0.0999999
v -0.8 1.3 0.0999999
v -0.8 1.4 0.0999999
v -0.8 1.5 0.0999999
v -0.8 1.6 0.0999999
v -0.8 1.7 0.0999999
v -0.8 1.8 0.0999999
v -0.8 2 0.0999999
v -0.8 2.1 0.0999999
v -0.8 2.2 0.0999999
v -0.8 2.3 0.0999999
v -0.8 2.4 0.0999999
v -0.8 2.5 0.0999999
v -0.8 2.6 0.0999999
v -0.8 2.7 0.0999999
v -0.8 2.8 0.0999999
v -0.8 2.9 0.0999999
v -0.8 3 0.0999999
v -0.8 3.1 0.0999999
v -0.8 3.2 0.0999999
v -0.8 3.3 0.0999999
v -0.8 3.4 0.0999999
v -0.8 3.5 0.0999999
v -0.8 3.6 0.0999999
v -0.7 0 0.0999999
v -0.7 0.1 0.0999999
v -0.7 0.2 0.0999999
v -0.7 0.3 0.0999999
v -0.7 0.4 0.0999999
v -0.7 0.5 0.0999999
v -0.7 0.6 0.0999999
v -0.7 0.7 0.0999999
v -0.7 0.8 0.0999999
v -0.7 0.9 0.0999999
v -0.7 1 0.0999999
v -0.7 1.1 0.0999999
v -0.7 1.2 0.0999999
v -0.7 1.3 0.0999999
v -0.7 1.4 0.0999999
v -0.7 1.5 0.0999999
v -0.7 1.6 0.0999999
v -0.7 1.7 0.0999999
v -0.7 1.8 0.0999999
v -0.7 1.9 0.0999999
v -0.7 2 0.0999999
v -0.7 2.1 0.0999999
v -0.7 2.2 0.0999999
v -0.7 2.3 0.0999999
v -0.7 2.4 0.0999999
v -0.7 2.5 0.0999999
v -0.7 2.6 0.0999999
v -0.7 2.7 0.0999999
v -0.7 2.8 0.0999999
v -0.7 2.9 0.0999999
v -0.7 3 0.0999999
v -0.7 3.1 0.0999999
v -0.7 3.3 0.0999999
v -0.7 3.4 0.0999999
v -0.7 3.5 0.0999999
v -0.7 3.6 0.0999999
v -0.7 3.7 0.0999999
v -0.7 3.8 0.0999999
v -0.6 0.1 0.0999999
v -0.6 0.2 0.0999999
v -0.6 0.3 0.0999999
v -0.6 0.4 0.0999999
v -0.6 0.5 0.0999999
v -0.6 0.6 0.0999999
v -0.6 0.7 0.0999999
v -0.6 0.8 0.0999999
v -0.6 0.9 0.0999999
v -0.6 1 0.0999999
v -0.6 1.1 0.0999999
v -0.6 1.2 0.0999999
v -0.6 1.3 0.0999999
v -0.6 1.4 0.0999999
v -0.6 1.5 0.0999999
v -0.6 1.6 0.0999999
v -0.6 1.7 0.0999999
v -0.6 1.8 0.0999999
v -0.6 1.9 0.0999999
v -0.6 2 0.0999999
v -0.6 2.1 0.0999999
v -0.6 2.2 0.0999999
v -0.6 2.3 0.0999999
v -0.6 2.4 0.0999999
v -0.6 2.5 0.0999999
v -0.6 2.6 0.0999999
v -0.6 2.7 0.0999999
v -0.6 2.8 0.0999999
v -0.6 2.9 0.0999999
v -0.6 3 0.0999999
v -0.6 3.2 0.0999999
v -0.6 3.3 0.0999999
v -0.6 3.4 0.0999999
v -0.6 3.5 0.0999999
v -0.6 3.6 0.0999999
v -0.5 0.4 0.0999999
v -0.5 0.5 0.0999999
v -0.5 0.6 0.0999999
v -0.5 0.7 0.0999999
v -0.5 0.8 0.0999999
v -0.5 0.9 0.0999999
v -0.5 1 0.0999999
v -0.5 1.1 0.0999999
v -0.5 1.2 0.0999999
v -0.5 1.3 0.0999999
v -0.5 1.4 0.0999999
v -0.5 1.5 0.0999999
v -0.5 1.6 0.0999999
v -0.5 1.7 0.0999999
v -0.5 1.8 0.0999999
v -0.5 1.9 0.0999999
v -0.5 2 0.0999999
v -0.5 2.1 0.0999999
v -0.5 2.3 0.0999999
v -0.5 2.4 0.0999999
v -0.5 2.5 0.0999999
v -0.5 2.7 0.0999999
v -0.5 2.8 0.0999999
v -0.5 2.9 0.0999999
v -0.5 3 0.0999999
v -0.5 3.1 0.0999999
v -0.5 3.2 0.0999999
v -0.5 3.3 0.0999999
v -0.5 3.4 0.0999999
v -0.5 3.6 0.0999999
v -0.5 3.7 0.0999999
v -0.5 3.8 0.0999999
v -0.4 0.2 0.0999999
v -0.4 0.3 0.0999999
v -0.4 0.4 0.0999999
v -0.4 0.5 0.0999999
v -0.4 0.6 0.0999999
v -0.4 0.7 0.0999999
v -0.4 0.8 0.0999999
v -0.4 0.9 0.0999999
v -0.4 1 0.0999999
v -0.4 1.1 0.0999999
v -0.4 1.2 0.0999999
v -0.4 1.3 0.0999999
v -0.4 1.4 0.0999999
v -0.4 1.5 0.0999999
v -0.4 1.6 0.0999999
v -0.4 1.7 0.0999999
v -0.4 1.8 0.0999999
v -0.4 1.9 0.0999999
v -0.4 2 0.0999999
v -0.4 2.1 0.0999999
v -0.4 2.3 0.0999999
v -0.4 2.5 0.0999999
v -0.4 2.7 0.0999999
v -0.4 2.9 0.0999999
v -0.4 3 0.0999999
v -0.4 3.1 0.0999999
v -0.4 3.2 0.0999999
v -0.4 3.3 0.0999999
v -0.4 3.5 0.0999999
v -0.4 3.7 0.0999999
v -0.4 3.8 0.0999999
v -0.3 0 0.0999999
v -0.3 0.1 0.0999999
v -0.3 0.2 0.0999999
v -0.3 0.3 0.0999999
v -0.3 0.4 0.0999999
v -0.3 0.5 0.0999999
v -0.3 0.6 0.0999999
v -0.3 0.7 0.0999999
v -0.3 0.8 0.0999999
v -0.3 0.9 0.0999999
v -0.3 1 0.0999999
v -0.3 1.1 0.0999999
v -0.3 1.2 0.0999999
v -0.3 1.3 0.0999999
v -0.3 1.4 0.0999999
v -0.3 1.5 0.0999999
v -0.3 1.6 0.0999999
v -0.3 1.7 0.0999999
v -0.3 1.8 0.0999999
v -0.3 1.9 0.0999999
v -0.3 2 0.0999999
v -0.3 2.1 0.0999999
v -0.3 2.3 0.0999999
v -0.3 2.4 0.0999999
v -0.3 2.5 0.0999999
v -0.3 2.7 0.0999999
v -0.3 2.8 0.0999999
v -0.3 2.9 0.0999999
v -0.3 3 0.0999999
v -0.3 3.1 0.0999999
v -0.3 3.3 0.0999999
v -0.3 3.4 0.0999999
v -0.3 3.5 0.0999999
v -0.3 3.6 0.0999999
v -0.3 3.7 0.0999999
v -0.3 3.8 0.0999999
v -0.2 0 0.0999999
v -0.2 0.1 0.0999999
v -0.2 0.2 0.0999999
v -0.2 0.3 0.0999999
v -0.2 0.4 0.0999999
v -0.2 0.5 0.0999999
v -0.2 0.6 0.0999999
v -0.2 0.7 0.0999999
v -0.2 0.8 0.0999999
v -0.2 1 0.0999999
v -0.2 1.1 0.0999999
v -0.2 1.2 0.0999999
v -0.2 1.3 0.0999999
v -0.2 1.4 0.0999999
v -0.2 1.5 0.0999999
v -0.2 1.6 0.0999999
v -0.2 1.7 0.0999999
v -0.2 1.8 0.0999999
v -0.2 1.9 0.0999999
v -0.2 2 0.0999999
v -0.2 2.1 0.0999999
v -0.2 2.2 0.0999999
v -0.2 2.3 0.0999999
v -0.2 2.4 0.0999999
v -0.2 2.5 0.0999999
v -0.2 2.6 0.0999999
v -0.2 2.7 0.0999999
v -0.2 2.8 0.0999999
v -0.2 3.1 0.0999999
v -0.2 3.3 0.0999999
v -0.2 3.4 0.0999999
v -0.2 3.6 0.0999999
v -0.2 3.7 0.0999999
v -0.2 3.8 0.0999999
v -0.1 0.2 0.0999999
v -0.1 0.3 0.0999999
v -0.1 0.4 0.0999999
v -0.1 0.5 0.0999999
v -0.1 0.6 0.0999999
v -0.1 0.7 0.0999999
v -0.1 0.8 0.0999999
v -0.1 0.9 0.0999999
v -0.1 1 0.0999999
v -0.1 1.1 0.0999999
v -0.1 1.2 0.0999999
v -0.1 1.3 0.0999999
v -0.1 1.4 0.0999999
v -0.1 1.5 0.0999999
v -0.1 1.6 0.0999999
v -0.1 1.7 0.0999999
v -0.1 1.8 0.0999999
v -0.1 1.9 0.0999999
v -0.1 2 0.0999999
v -0.1 2.2 0.0999999
v -0.1 2.4 0.0999999
v -0.1 2.5 0.0999999
v -0.1 2.6 0.0999999
v -0.1 2.8 0.0999999
v -0.1 2.9 0.0999999
v -0.1 3 0.0999999
v -0.1 3.1 0.0999999
v -0.1 3.2 0.0999999
v -0.1 3.3 0.0999999
v -0.1 3.4 0.0999999
v -0.1 3.5 0.0999999
v -0.1 3.6 0.0999999
v 0 0 0.0999999
v 0 0.1 0.0999999
v 0 0.3 0.0999999
v 0 0.4 0.0999999
v 0 0.5 0.0999999
v 0 0.6 0.0999999
v 0 0.7 0.0999999
v 0 0.8 0.0999999
v 0 1.1 0.0999999
v 0 1.2 0.0999999
v 0 1.3 0.0999999
v 0 1.4 0.0999999
v 0 1.5 0.0999999
v 0 1.6 0.0999999
v 0 1.7 0.0999999
v 0 1.8 0.0999999
v 0 1.9 0.0999999
v 0 2 0.0999999
v 0 2.1 0.0999999
v 0 2.2 0.0999999
v 0 2.3 0.0999999
v 0 2.4 0.0999999
v 0 2.5 0.0999999
v 0 2.6 0.0999999
v 0 2.9 0.0999999
v 0 3 0.0999999
v 0 3.1 0.0999999
v 0 3.2 0.0999999
v 0 3.3 0.0999999
v 0 3.4 0.0999999
v 0 3.5 0.0999999
v 0 3.6 0.0999999
v 0 3.7 0.0999999
v 0 3.8 0.0999999
v 0.1 0.1 0.0999999
v 0.1 0.3 0.0999999
v 0.1 0.4 0.0999999
v 0.1 0.5 0.0999999
v 0.1 0.7 0.0999999
v 0.1 0.8 0.0999999
v 0.1 0.9 0.0999999
v 0.1 1 0.0999999
v 0.1 1.4 0.0999999
v 0.1 1.5 0.0999999
v 0.1 1.6 0.0999999
v 0.1 1.7 0.0999999
v 0.1 1.8 0.0999999
v 0.1 1.9 0.0999999
v 0.1 2 0.0999999
v 0.1 2.1 0.0999999
v 0.1 2.2 0.0999999
v 0.1 2.3 0.0999999
v 0.1 2.4 0.0999999
v 0.1 2.6 0.0999999
v 0.1 2.9 0.0999999
v 0.1 3.1 0.0999999
v 0.1 3.2 0.0999999
v 0.1 3.3 0.0999999
v 0.1 3.4 0.0999999
v 0.1 3.5 0.0999999
v 0.1 3.6 0.0999999
v 0.1 3.7 0.0999999
v 0.2 0.5 0.0999999
v 0.2 0.6 0.0999999
v 0.2 0.7 0.0999999
v 0.2 0.8 0.0999999
v 0.2 0.9 0.0999999
v 0.2 1 0.0999999
v 0.2 1.2 0.0999999
v 0.2 1.3 0.0999999
v 0.2 1.4 0.0999999
v 0.2 1.5 0.0999999
v 0.2 1.7 0.0999999
v 0.2 2 0.0999999
v 0.2 2.1 0.0999999
v 0.2 2.3 0.0999999
v 0.2 2.4 0.0999999
v 0.2 2.5 0.0999999
v 0.2 2.6 0.0999999
v 0.2 2.7 0.0999999
v 0.2 2.8 0.0999999
v 0.2 2.9 0.0999999
v 0.2 3.1 0.0999999
v 0.2 3.2 0.0999999
v 0.2 3.3 0.0999999
v 0.2 3.4 0.0999999
v 0.2 3.5 0.0999999
v 0.2 3.6 0.0999999
v 0.3 0.4 0.0999999
v 0.3 0.5 0.0999999
v 0.3 0.6 0.0999999
v 0.3 0.7 0.0999999
v 0.3 0.8 0.0999999
v 0.3 0.9 0.0999999
v 0.3 1 0.0999999
v 0.3 1.2 0.0999999
v 0.3 1.3 0.0999999
v 0.3 1.4 0.0999999
v 0.3 1.7 0.0999999
v 0.3 1.8 0.0999999
v 0.3 2 0.0999999
v 0.3 2.1 0.0999999
v 0.3 2.2 0.0999999
v 0.3 2.3 0.0999999
v 0.3 2.4 0.0999999
v 0.3 2.5 0.0999999
v 0.3 2.6 0.0999999
v 0.3 2.7 0.0999999
v 0.3 2.8 0.0999999
v 0.3 2.9 0.0999999
v 0.3 3 0.0999999
v 0.3 3.1 0.0999999
v 0.3 3.2 0.0999999
v 0.3 3.3 0.0999999
v 0.3 3.4 0.0999999
v 0.3 3.6 0.0999999
v 0.3 3.7 0.0999999
v 0.3 3.8 0.0999999
v 0.4 0.4 0.0999999
v 0.4 0.5 0.0999999
v 0.4 0.6 0.0999999
v 0.4 0.7 0.0999999
v 0.4 0.8 0.0999999
v 0.4 1 0.0999999
v 0.4 1.3 0.0999999
v 0.4 1.4 0.0999999
v 0.4 1.6 0.0999999
v 0.4 1.8 0.0999999
v 0.4 2 0.0999999
v 0.4 2.1 0.0999999
v 0.4 2.2 0.0999999
v 0.4 2.4 0.0999999
v 0.4 2.5 0.0999999
v 0.4 2.6 0.0999999
v 0.4 2.7 0.0999999
v 0.4 2.8 0.0999999
v 0.4 2.9 0.0999999
v 0.4 3 0.0999999
v 0.4 3.1 0.0999999
v 0.4 3.2 0.0999999
v 0.4 3.3 0.0999999
v 0.4 3.4 0.0999999
v 0.4 3.5 0.0999999
v 0.4 3.6 0.0999999
v 0.4 3.7 0.0999999
v 0.4 3.8 0.0999999
v 0.5 0.6 0.0999999
v 0.5 0.7 0.0999999
v 0.5 1 0.0999999
v 0.5 1.2 0.0999999
v 0.5 1.3 0.0999999
v 0.5 1.5 0.0999999
v 0.5 1.6 0.0999999
v 0.5 1.8 0.0999999
v 0.5 1.9 0.0999999
v 0.5 2 0.0999999
v 0.5 2.1 0.0999999
v 0.5 2.2 0.0999999
v 0.5 2.5 0.0999999
v 0.5 2.6 0.0999999
v 0.5 2.7 0.0999999
v 0.5 2.8 0.0999999
v 0.5 3 0.0999999
v 0.5 3.1 0.0999999
v 0.5 3.2 0.0999999
v 0.5 3.3 0.0999999
v 0.5 3.4 0.0999999
v 0.5 3.5 0.0999999
v 0.5 3.6 0.0999999
v 0.5 3.7 0.0999999
v 0.5 3.8 0.0999999
v 0.5 3.9 0.0999999
v 0.6 0.5 0.0999999
v 0.6 0.6 0.0999999
v 0.6 0.7 0.0999999
v 0.6 0.8 0.0999999
v 0.6 0.9 0.0999999
v 0.6 1 0.0999999
v 0.6 1.2 0.0999999
v 0.6 1.3 0.0999999
v 0.6 1.4 0.0999999
v 0.6 1.5 0.0999999
v 0.6 1.6 0.0999999
v 0.6 1.7 0.0999999
v 0.6 1.8 0.0999999
v 0.6 1.9 0.0999999
v 0.6 2 0.0999999
v 0.6 2.1 0.0999999
v 0.6 2.2 0.0999999
v 0.6 2.3 0.0999999
v 0.6 2.5 0.0999999
v 0.6 2.7 0.0999999
v 0.6 2.8 0.0999999
v 0.6 2.9 0.0999999
v 0.6 3 0.0999999
v 0.6 3.1 0.0999999
v 0.6 3.2 0.0999999
v 0.6 3.3 0.0999999
v 0.6 3.4 0.0999999
v 0.6 3.5 0.0999999
v 0.6 3.6 0.0999999
v 0.6 3.7 0.0999999
v 0.6 3.8 0.0999999
v 0.6 3.9 0.0999999
v 0.6 4 0.0999999
v 0.7 0.4 0.0999999
v 0.7 0.5 0.0999999
v 0.7 0.6 0.0999999
v 0.7 0.7 0.0999999
v 0.7 0.8 0.0999999
v 0.7 0.9 0.0999999
v 0.7 1 0.0999999
v 0.7 1.2 0.0999999
v 0.7 1.4 0.0999999
v 0.7 1.5 0.0999999
v 0.7 1.7 0.0999999
v 0.7 1.9 0.0999999
v 0.7 2 0.0999999
v 0.7 2.1 0.0999999
v 0.7 2.3 0.0999999
v 0.7 2.5 0.0999999
v 0.7 2.7 0.0999999
v 0.7 2.8 0.0999999
v 0.7 2.9 0.0999999
v 0.7 3 0.0999999
v 0.7 3.1 0.0999999
v 0.7 3.2 0.0999999
v 0.7 3.3 0.0999999
v 0.7 3.4 0.0999999
v 0.7 3.5 0.0999999
v 0.7 3.6 0.0999999
v 0.7 3.7 0.0999999
v 0.8 0.6 0.0999999
v 0.8 0.7 0.0999999
v 0.8 0.8 0.0999999
v 0.8 0.9 0.0999999
v 0.8 1 0.0999999
v 0.8 1.2 0.0999999
v 0.8 1.4 0.0999999
v 0.8 1.5 0.0999999
v 0.8 1.7 0.0999999
v 0.8 1.8 0.0999999
v 0.8 1.9 0.0999999
v 0.8 2 0.0999999
v 0.8 2.1 0.0999999
v 0.8 2.3 0.0999999
v 0.8 2.4 0.0999999
v 0.8 2.7 0.0999999
v 0.8 2.8 0.0999999
v 0.8 3 0.0999999
v 0.8 3.1 0.0999999
v 0.8 3.2 0.0999999
v 0.8 3.3 0.0999999
v 0.8 3.4 0.0999999
v 0.8 3.5 0.0999999
v 0.8 3.6 0.0999999
v 0.8 3.8 0.0999999
v 0.8 3.9 0.0999999
v 0.8 4 0.0999999
v 0.9 0.4 0.0999999
v 0.9 0.5 0.0999999
v 0.9 0.6 0.0999999
v 0.9 0.7 0.0999999
v 0.9 0.8 0.0999999
v 0.9 1 0.0999999
v 0.9 1.1 0.0999999
v 0.9 1.2 0.0999999
v 0.9 1.3 0.0999999
v 0.9 1.4 0.0999999
v 0.9 1.5 0.0999999
v 0.9 1.6 0.0999999
v 0.9 1.7 0.0999999
v 0.9 1.8 0.0999999
v 0.9 1.9 0.0999999
v 0.9 2 0.0999999
v 0.9 2.1 0.0999999
v 0.9 2.3 0.0999999
v 0.9 2.4 0.0999999
v 0.9 2.6 0.0999999
v 0.9 2.7 0.0999999
v 0.9 2.9 0.0999999
v 0.9 3 0.0999999
v 0.9 3.1 0.0999999
v 0.9 3.2 0.0999999
v 0.9 3.3 0.0999999
v 0.9 3.4 0.0999999
v 0.9 3.5 0.0999999
v 0.9 3.6 0.0999999
v 0.9 3.7 0.0999999
v 0.9 3.8 0.0999999
v 0.9 3.9 0.0999999
v 1 0.5 0.0999999
v 1 0.6 0.0999999
v 1 0.7 0.0999999
v 1 0.8 0.0999999
v 1 0.9 0.0999999
v 1 1 0.0999999
v 1 1.1 0.0999999
v 1 1.2 0.0999999
v 1 1.3 0.0999999
v 1 1.4 0.0999999
v 1 1.5 0.0999999
v 1 1.6 0.0999999
v 1 1.7 0.0999999
v 1 1.8 0.0999999
v 1 1.9 0.0999999
v 1 2 0.0999999
v 1 2.1 0.0999999
v 1 2.2 0.0999999
v 1 2.4 0.0999999
v 1 2.5 0.0999999
v 1 2.6 0.0999999
v 1 2.7 0.0999999
v 1 3 0.0999999
v 1 3.1 0.0999999
v 1 3.3 0.0999999
v 1 3.4 0.0999999
v 1 3.5 0.0999999
v 1 3.7 0.0999999
v 1 3.8 0.0999999
v 1.1 0.4 0.0999999
v 1.1 0.5 0.0999999
v 1.1 0.6 0.0999999
v 1.1 0.7 0.0999999
v 1.1 0.9 0.0999999
v 1.1 1.1 0.0999999
v 1.1 1.2 0.0999999
v 1.1 1.3 0.0999999
v 1.1 1.4 0.0999999
v 1.1 1.5 0.0999999
v 1.1 1.6 0.0999999
v 1.1 1.7 0.0999999
v 1.1 1.8 0.0999999
v 1.1 1.9 0.0999999
v 1.1 2 0.0999999
v 1.1 2.1 0.0999999
v 1.1 2.2 0.0999999
v 1.1 2.3 0.0999999
v 1.1 2.4 0.0999999
v 1.1 2.5 0.0999999
v 1.1 2.6 0.0999999
v 1.1 2.7 0.0999999
v 1.1 3.1 0.0999999
v 1.1 3.3 0.0999999
v 1.1 3.4 0.0999999
v 1.1 3.5 0.0999999
v 1.2 0.5 0.0999999
v 1.2 0.6 0.0999999
v 1.2 0.7 0.0999999
v 1.2 0.9 0.0999999
v 1.2 1.1 0.0999999
v 1.2 1.2 0.0999999
v 1.2 1.4 0.0999999
v 1.2 1.5 0.0999999
v 1.2 1.6 0.0999999
v 1.2 1.7 0.0999999
v 1.2 1.8 0.0999999
v 1.2 1.9 0.0999999
v 1.2 2 0.0999999
v 1.2 2.1 0.0999999
v 1.2 2.2 0.0999999
v 1.2 2.3 0.0999999
v 1.2 2.5 0.0999999
v 1.2 3.3 0.0999999
v 1.2 3.4 0.0999999
v 1.3 0.8 0.0999999
v 1.3 0.9 0.0999999
v 1.3 1.1 0.0999999
v 1.3 1.2 0.0999999
v 1.3 1.3 0.0999999
v 1.3 1.4 0.0999999
v 1.3 1.5 0.0999999
v 1.3 1.6 0.0999999
v 1.3 1.7 0.0999999
v 1.3 1.8 0.0999999
v 1.3 1.9 0.0999999
v 1.3 2 0.0999999
v 1.3 2.1 0.0999999
v 1.3 2.2 0.0999999
v 1.4 0.6 0.0999999
v 1.4 0.7 0.0999999
v 1.4 0.8 0.0999999
v 1.4 0.9 0.0999999
v 1.4 1 0.0999999
v 1.4 1.1 0.0999999
v 1.4 1.3 0.0999999
v 1.4 1.4 0.0999999
v 1.4 1.5 0.0999999
v 1.4 1.6 0.0999999
v 1.4 1.7 0.0999999
v 1.4 1.8 0.0999999
v 1.4 1.9 0.0999999
v 1.4 2 0.0999999
v 1.5 0.7 0.0999999
v 1.5 0.8 0.0999999
v 1.5 0.9 0.0999999
v 1.5 1 0.0999999
v 1.5 1.1 0.0999999
v 1.5 1.2 0.0999999
v 1.5 1.3 0.0999999
v 1.5 1.4 0.0999999
v 1.5 1.5 0.0999999
v 1.5 1.6 0.0999999
v 1.5 1.7 0.0999999
v 1.5 1.9 0.0999999
v 1.6 0.8 0.0999999
v 1.6 0.9 0.0999999
v 1.6 1 0.0999999
v 1.6 1.1 0.0999999
v 1.6 1.2 0.0999999
v 1.6 1.3 0.0999999
v 1.6 1.4 0.0999999
v 1.6 1.5 0.0999999
v 1.6 1.6 0.0999999
v 1.6 1.7 0.0999999
v 1.7 0.9 0.0999999
v 1.7 1 0.0999999
v 1.7 1.1 0.0999999
v 1.7 1.3 0.0999999
v 1.7 1.4 0.0999999
v 1.7 1.5 0.0999999
v 1.7 1.6 0.0999999
v 1.8 1 0.0999999
v 1.8 1.2 0.0999999
v 1.8 1.3 0.0999999
v 1.8 1.4 0.0999999
v 1.8 1.5 0.0999999
v 1.9 1.2 0.0999999
v 1.9 1.4 0.0999999
v -1.5 2.6 -0.1
v -1.5 2.7 -0.1
v -1.4 2.6 -0.1
v -1.4 2.7 -0.1
v -1.4 2.8 -0.1
v -1.4 3.1 -0.1
v -1.3 2.5 -0.1
v -1.3 2.6 -0.1
v -1.3 2.7 -0.1
v -1.3 2.8 -0.1
v -1.3 2.9 -0.1
v -1.3 3.1 -0.1
v -1.3 3.2 -0.1
v -1.3 3.3 -0.1
v -1.2 2.3 -0.1
v -1.2 2.5 -0.1
v -1.2 2.6 -0.1
v -1.2 2.7 -0.1
v -1.2 2.8 -0.1
v -1.2 2.9 -0.1
v -1.2 3.1 -0.1
v -1.2 3.2 -0.1
v -1.2 3.3 -0.1
v -1.2 3.4 -0.1
v -1.1 0.5 -0.1
v -1.1 0.7 -0.1
v -1.1 0.8 -0.1
v -1.1 0.9 -0.1
v -1.1 1.1 -0.1
v -1.1 1.3 -0.1
v -1.1 1.4 -0.1
v -1.1 2 -0.1
v -1.1 2.2 -0.1
v -1.1 2.3 -0.1
v -1.1 2.4 -0.1
v -1.1 2.5 -0.1
v -1.1 2.6 -0.1
v -1.1 2.7 -0.1
v -1.1 2.8 -0.1
v -1.1 2.9 -0.1
v -1.1 3 -0.1
v -1.1 3.1 -0.1
v -1.1 3.2 -0.1
v -1.1 3.3 -0.1
v -1.1 3.4 -0.1
v -1.1 3.5 -0.1
v -1 0 -0.1
v -1 0.2 -0.1
v -1 0.3 -0.1
v -1 0.4 -0.1
v -1 0.5 -0.1
v -1 0.6 -0.1
v -1 0.7 -0.1
v -1 0.8 -0.1
v -1 0.9 -0.1
v -1 1 -0.1
v -1 1.1 -0.1
v -1 1.2 -0.1
v -1 1.3 -0.1
v -1 1.4 -0.1
v -1 1.5 -0.1
v -1 1.6 -0.1
v -1 1.9 -0.1
v -1 2 -0.1
v -1 2.1 -0.1
v -1 2.2 -0.1
v -1 2.3 -0.1
v -1 2.4 -0.1
v -1 2.5 -0.1
v -1 2.6 -0.1
v -1 2.7 -0.1
v -1 2.8 -0.1
v -1 2.9 -0.1
v -1 3 -0.1
v -1 3.1 -0.1
v -1 3.2 -0.1
v -1 3.3 -0.1
v -1 3.4 -0.1
v -1 3.5 -0.1
v -1 3.6 -0.1
v -0.9 0 -0.1
v -0.9 0.1 -0.1
v -0.9 0.2 -0.1
v -0.9 0.3 -0.1
v -0.9 0.4 -0.1
v -0.9 0.5 -0.1
v -0.9 0.6 -0.1
v -0.9 0.7 -0.1
v -0.9 0.8 -0.1
v -0.9 0.9 -0.1
v -0.9 1 -0.1
v -0.9 1.1 -0.1
v -0.9 1.2 -0.1
v -0.9 1.3 -0.1
v -0.9 1.4 -0.1
v -0.9 1.5 -0.1
v -0.9 1.6 -0.1
v -0.9 1.8 -0.1
v -0.9 1.9 -0.1
v -0.9 2 -0.1
v -0.9 2.1 -0.1
v -0.9 2.3 -0.1
v -0.9 2.4 -0.1
v -0.9 2.5 -0.1
v -0.9 2.6 -0.1
v -0.9 2.7 -0.1
v -0.9 2.9 -0.1
v -0.9 3 -0.1
v -0.9 3.1 -0.1
v -0.9 3.2 -0.1
v -0.9 3.3 -0.1
v -0.9 3.4 -0.1
v -0.9 3.5 -0.1
v -0.9 3.6 -0.1
v -0.9 3.7 -0.1
v -0.8 0.1 -0.1
v -0.8 0.2 -0.1
v -0.8 0.3 -0.1
v -0.8 0.4 -0.1
v -0.8 0.5 -0.1
v -0.8 0.6 -0.1
v -0.8 0.7 -0.1
v -0.8 0.8 -0.1
v -0.8 0.9 -0.1
v -0.8 1 -0.1
v -0.8 1.1 -0.1
v -0.8 1.2 -0.1
v -0.8 1.3 -0.1
v -0.8 1.4 -0.1
v -0.8 1.5 -0.1
v -0.8 1.6 -0.1
v -0.8 1.7 -0.1
v -0.8 1.8 -0.1
v -0.8 2 -0.1
v -0.8 2.1 -0.1
v -0.8 2.2 -0.1
v -0.8 2.3 -0.1
v -0.8 2.4 -0.1
v -0.8 2.5 -0.1
v -0.8 2.6 -0.1
v -0.8 2.7 -0.1
v -0.8 2.8 -0.1
v -0.8 2.9 -0.1
v -0.8 3 -0.1
v -0.8 3.1 -0.1
v -0.8 3.2 -0.1
v -0.8 3.3 -0.1
v -0.8 3.4 -0.1
v -0.8 3.5 -0.1
v -0.8 3.6 -0.1
v -0.7 0 -0.1
v -0.7 0.1 -0.1
v -0.7 0.2 -0.1
v -0.7 0.3 -0.1
v -0.7 0.4 -0.1
v -0.7 0.5 -0.1
v -0.7 0.6 -0.1
v -0.7 0.7 -0.1
v -0.7 0.8 -0.1
v -0.7 0.9 -0.1
v -0.7 1 -0.1
v -0.7 1.1 -0.1
v -0.7 1.2 -0.1
v -0.7 1.3 -0.1
v -0.7 1.4 -0.1
v -0.7 1.5 -0.1
v -0.7 1.6 -0.1
v -0.7 1.7 -0.1
v -0.7 1.8 -0.1
v -0.7 1.9 -0.1
v -0.7 2 -0.1
v -0.7 2.1 -0.1
v -0.7 2.2 -0.1
v -0.7 2.3 -0.1
v -0.7 2.4 -0.1
v -0.7 2.5 -0.1
v -0.7 2.6 -0.1
v -0.7 2.7 -0.1
v -0.7 2.8 -0.1
v -0.7 2.9 -0.1
v -0.7 3 -0.1
v -0.7 3.1 -0.1
v -0.7 3.3 -0.1
v -0.7 3.4 -0.1
v -0.7 3.5 -0.1
v -0.7 3.6 -0.1
v -0.7 3.7 -0.1
v -0.7 3.8 -0.1
v -0.6 0.1 -0.1
v -0.6 0.2 -0.1
v -0.6 0.3 -0.1
v -0.6 0.4 -0.1
v -0.6 0.5 -0.1
v -0.6 0.6 -0.1
v -0.6 0.7 -0.1
v -0.6 0.8 -0.1
v -0.6 0.9 -0.1
v -0.6 1 -0.1
v -0.6 1.1 -0.1
v -0.6 1.2 -0.1
v -0.6 1.3 -0.1
v -0.6 1.4 -0.1
v -0.6 1.5 -0.1
v -0.6 1.6 -0.1
v -0.6 1.7 -0.1
v -0.6 1.8 -0.1
v -0.6 1.9 -0.1
v -0.6 2 -0.1
v -0.6 2.1 -0.1
v -0.6 2.2 -0.1
v -0.6 2.3 -0.1
v -0.6 2.4 -0.1
v -0.6 2.5 -0.1
v -0.6 2.6 -0.1
v -0.6 2.7 -0.1
v -0.6 2.8 -0.1
v -0.6 2.9 -0.1
v -0.6 3 -0.1
v -0.6 3.2 -0.1
v -0.6 3.3 -0.1
v -0.6 3.4 -0.1
v -0.6 3.5 -0.1
v -0.6 3.6 -0.1
v -0.5 0.4 -0.1
v -0.5 0.5 -0.1
v -0.5 0.6 -0.1
v -0.5 0.7 -0.1
v -0.5 0.8 -0.1
v -0.5 0.9 -0.1
v -0.5 1 -0.1
v -0.5 1.1 -0.1
v -0.5 1.2 -0.1
v -0.5 1.3 -0.1
v -0.5 1.4 -0.1
v -0.5 1.5 -0.1
v -0.5 1.6 -0.1
v -0.5 1.7 -0.1
v -0.5 1.8 -0.1
v -0.5 1.9 -0.1
v -0.5 2 -0.1
v -0.5 2.1 -0.1
v -0.5 2.3 -0.1
v -0.5 2.4 -0.1
v -0.5 2.5 -0.1
v -0.5 2.7 -0.1
v -0.5 2.8 -0.1
v -0.5 2.9 -0.1
v -0.5 3 -0.1
v -0.5 3.1 -0.1
v -0.5 3.2 -0.1
v -0.5 3.3 -0.1
v -0.5 3.4 -0.1
v -0.5 3.6 -0.1
v -0.5 3.7 -0.1
v -0.5 3.8 -0.1
v -0.4 0.2 -0.1
v -0.4 0.3 -0.1
v -0.4 0.4 -0.1
v -0.4 0.5 -0.1
v -0.4 0.6 -0.1
v -0.4 0.7 -0.1
v -0.4 0.8 -0.1
v -0.4 0.9 -0.1
v -0.4 1 -0.1
v -0.4 1.1 -0.1
v -0.4 1.2 -0.1
v -0.4 1.3 -0.1
v -0.4 1.4 -0.1
v -0.4 1.5 -0.1
v -0.4 1.6 -0.1
v -0.4 1.7 -0.1
v -0.4 1.8 -0.1
v -0.4 1.9 -0.1
v -0.4 2 -0.1
v -0.4 2.1 -0.1
v -0.4 2.3 -0.1
v -0.4 2.5 -0.1
v -0.4 2.7 -0.1
v -0.4 2.9 -0.1
v -0.4 3 -0.1
v -0.4 3.1 -0.1
v -0.4 3.2 -0.1
v -0.4 3.3 -0.1
v -0.4 3.5 -0.1
v -0.4 3.7 -0.1
v -0.4 3.8 -0.1
v -0.3 0 -0.1
v -0.3 0.1 -0.1
v -0.3 0.2 -0.1
v -0.3 0.3 -0.1
v -0.3 0.4 -0.1
v -0.3 0.5 -0.1
v -0.3 0.6 -0.1
v -0.3 0.7 -0.1
v -0.3 0.8 -0.1
v -0.3 0.9 -0.1
v -0.3 1 -0.1
v -0.3 1.1 -0.1
v -0.3 1.2 -0.1
v -0.3 1.3 -0.1
v -0.3 1.4 -0.1
v -0.3 1.5 -0.1
v -0.3 1.6 -0.1
v -0.3 1.7 -0.1
v -0.3 1.8 -0.1
v -0.3 1.9 -0.1
v -0.3 2 -0.1
v -0.3 2.1 -0.1
v -0.3 2.3 -0.1
v -0.3 2.4 -0.1
v -0.3 2.5 -0.1
v -0.3 2.7 -0.1
v -0.3 2.8 -0.1
v -0.3 2.9 -0.1
v -0.3 3 -0.1
v -0.3 3.1 -0.1
v -0.3 3.3 -0.1
v -0.3 3.4 -0.1
v -0.3 3.5 -0.1
v -0.3 3.6 -0.1
v -0.3 3.7 -0.1
v -0.3 3.8 -0.1
v -0.2 0 -0.1
v -0.2 0.1 -0.1
v -0.2 0.2 -0.1
v -0.2 0.3 -0.1
v -0.2 0.4 -0.1
v -0.2 0.5 -0.1
v -0.2 0.6 -0.1
v -0.2 0.7 -0.1
v -0.2 0.8 -0.1
v -0.2 1 -0.1
v -0.2 1.1 -0.1
v -0.2 1.2 -0.1
v -0.2 1.3 -0.1
v -0.2 1.4 -0.1
v -0.2 1.5 -0.1
v -0.2 1.6 -0.1
v -0.2 1.7 -0.1
v -0.2 1.8 -0.1
v -0.2 1.9 -0.1
v -0.2 2 -0.1
v -0.2 2.1 -0.1
v -0.2 2.2 -0.1
v -0.2 2.3 -0.1
v -0.2 2.4 -0.1
v -0.2 2.5 -0.1
v -0.2 2.6 -0.1
v -0.2 2.7 -0.1
v -0.2 2.8 -0.1
v -0.2 3.1 -0.1
v -0.2 3.3 -0.1
v -0.2 3.4 -0.1
v -0.2 3.6 -0.1
v -0.2 3.7 -0.1
v -0.2 3.8 -0.1
v -0.1 0.2 -0.1
v -0.1 0.3 -0.1
v -0.1 0.4 -0.1
v -0.1 0.5 -0.1
v -0.1 0.6 -0.1
v -0.1 0.7 -0.1
v -0.1 0.8 -0.1
v -0.1 0.9 -0.1
v -0.1 1 -0.1
v -0.1 1.1 -0.1
v -0.1 1.2 -0.1
v -0.1 1.3 -0.1
v -0.1 1.4 -0.1
v -0.1 1.5 -0.1
v -0.1 1.6 -0.1
v -0.1 1.7 -0.1
v -0.1 1.8 -0.1
v -0.1 1.9 -0.1
v -0.1 2 -0.1
v -0.1 2.2 -0.1
v -0.1 2.4 -0.1
v -0.1 2.5 -0.1
v -0.1 2.6 -0.1
v -0.1 2.8 -0.1
v -0.1 2.9 -0.1
v -0.1 3 -0.1
v -0.1 3.1 -0.1
v -0.1 3.2 -0.1
v -0.1 3.3 -0.1
v -0.1 3.4 -0.1
v -0.1 3.5 -0.1
v -0.1 3.6 -0.1
v 0 0 -0.1
v 0 0.1 -0.1
v 0 0.3 -0.1
v 0 0.4 -0.1
v 0 0.5 -0.1
v 0 0.6 -0.1
v 0 0.7 -0.1
v 0 0.8 -0.1
v 0 1.1 -0.1
v 0 1.2 -0.1
v 0 1.3 -0.1
v 0 1.4 -0.1
v 0 1.5 -0.1
v 0 1.6 -0.1
v 0 1.7 -0.1
v 0 1.8 -0.1
v 0 1.9 -0.1
v 0 2 -0.1
v 0 2.1 -0.1
v 0 2.2 -0.1
v 0 2.3 -0.1
v 0 2.4 -0.1
v 0 2.5 -0.1
v 0 2.6 -0.1
v 0 2.9 -0.1
v 0 3 -0.1
v 0 3.1 -0.1
v 0 3.2 -0.1
v 0 3.3 -0.1
v 0 3.4 -0.1
v 0 3.5 -0.1
v 0 3.6 -0.1
v 0 3.7 -0.1
v 0 3.8 -0.1
v 0.1 0.1 -0.1
v 0.1 0.3 -0.1
v 0.1 0.4 -0.1
v 0.1 0.5 -0.1
v 0.1 0.7 -0.1
v 0.1 0.8 -0.1
v 0.1 0.9 -0.1
v 0.1 1 -0.1
v 0.1 1.4 -0.1
v 0.1 1.5 -0.1
v 0.1 1.6 -0.1
v 0.1 1.7 -0.1
v 0.1 1.8 -0.1
v 0.1 1.9 -0.1
v 0.1 2 -0.1
v 0.1 2.1 -0.1
v 0.1 2.2 -0.1
v 0.1 2.3 -0.1
v 0.1 2.4 -0.1
v 0.1 2.6 -0.1
v 0.1 2.9 -0.1
v 0.1 3.1 -0.1
v 0.1 3.2 -0.1
v 0.1 3.3 -0.1
v 0.1 3.4 -0.1
v 0.1 3.5 -0.1
v 0.1 3.6 -0.1
v 0.1 3.7 -0.1
v 0.2 0.5 -0.1
v 0.2 0.6 -0.1
v 0.2 0.7 -0.1
v 0.2 0.8 -0.1
v 0.2 0.9 -0.1
v 0.2 1 -0.1
v 0.2 1.2 -0.1
v 0.2 1.3 -0.1
v 0.2 1.4 -0.1
v 0.2 1.5 -0.1
v 0.2 1.7 -0.1
v 0.2 2 -0.1
v 0.2 2.1 -0.1
v 0.2 2.3 -0.1
v 0.2 2.4 -0.1
v 0.2 2.5 -0.1
v 0.2 2.6 -0.1
v 0.2 2.7 -0.1
v 0.2 2.8 -0.1
v 0.2 2.9 -0.1
v 0.2 3.1 -0.1
v 0.2 3.2 -0.1
v 0.2 3.3 -0.1
v 0.2 3.4 -0.1
v 0.2 3.5 -0.1
v 0.2 3.6 -0.1
v 0.3 0.4 -0.1
v 0.3 0.5 -0.1
v 0.3 0.6 -0.1
v 0.3 0.7 -0.1
v 0.3 0.8 -0.1
v 0.3 0.9 -0.1
v 0.3 1 -0.1
v 0.3 1.2 -0.1
v 0.3 1.3 -0.1
v 0.3 1.4 -0.1
v 0.3 1.7 -0.1
v 0.3 1.8 -0.1
v 0.3 2 -0.1
v 0.3 2.1 -0.1
v 0.3 2.2 -0.1
v 0.3 2.3 -0.1
v 0.3 2.4 -0.1
v 0.3 2.5 -0.1
v 0.3 2.6 -0.1
v 0.3 2.7 -0.1
v 0.3 2.8 -0.1
v 0.3 2.9 -0.1
v 0.3 3 -0.1
v 0.3 3.1 -0.1
v 0.3 3.2 -0.1
v 0.3 3.3 -0.1
v 0.3 3.4 -0.1
v 0.3 3.6 -0.1
v 0.3 3.7 -0.1
v 0.3 3.8 -0.1
v 0.4 0.4 -0.1
v 0.4 0.5 -0.1
v 0.4 0.6 -0.1
v 0.4 0.7 -0.1
v 0.4 0.8 -0.1
v 0.4 1 -0.1
v 0.4 1.3 -0.1
v 0.4 1.4 -0.1
v 0.4 1.6 -0.1
v 0.4 1.8 -0.1
v 0.4 2 -0.1
v 0.4 2.1 -0.1
v 0.4 2.2 -0.1
v 0.4 2.4 -0.1
v 0.4 2.5 -0.1
v 0.4 2.6 -0.1
v 0.4 2.7 -0.1
v 0.4 2.8 -0.1
v 0.4 2.9 -0.1
v 0.4 3 -0.1
v 0.4 3.1 -0.1
v 0.4 3.2 -0.1
v 0.4 3.3 -0.1
v 0.4 3.4 -0.1
v 0.4 3.5 -0.1
v 0.4 3.6 -0.1
v 0.4 3.7 -0.1
v 0.4 3.8 -0.1
v 0.5 0.6 -0.1
v 0.5 0.7 -0.1
v 0.5 1 -0.1
v 0.5 1.2 -0.1
v 0.5 1.3 -0.1
v 0.5 1.5 -0.1
v 0.5 1.6 -0.1
v 0.5 1.8 -0.1
v 0.5 1.9 -0.1
v 0.5 2 -0.1
v 0.5 2.1 -0.1
v 0.5 2.2 -0.1
v 0.5 2.5 -0.1
v 0.5 2.6 -0.1
v 0.5 2.7 -0.1
v 0.5 2.8 -0.1
v 0.5 3 -0.1
v 0.5 3.1 -0.1
v 0.5 3.2 -0.1
v 0.5 3.3 -0.1
v 0.5 3.4 -0.1
v 0.5 3.5 -0.1
v 0.5 3.6 -0.1
v 0.5 3.7 -0.1
v 0.5 3.8 -0.1
v 0.5 3.9 -0.1
v 0.6 0.5 -0.1
v 0.6 0.6 -0.1
v 0.6 0.7 -0.1
v 0.6 0.8 -0.1
v 0.6 0.9 -0.1
v 0.6 1 -0.1
v 0.6 1.2 -0.1
v 0.6 1.3 -0.1
v 0.6 1.4 -0.1
v 0.6 1.5 -0.1
v 0.6 1.6 -0.1
v 0.6 1.7 -0.1
v 0.6 1.8 -0.1
v 0.6 1.9 -0.1
v 0.6 2 -0.1
v 0.6 2.1 -0.1
v 0.6 2.2 -0.1
v 0.6 2.3 -0.1
v 0.6 2.5 -0.1
v 0.6 2.7 -0.1
v 0.6 2.8 -0.1
v 0.6 2.9 -0.1
v 0.6 3 -0.1
v 0.6 3.1 -0.1
v 0.6 3.2 -0.1
v 0.6 3.3 -0.1
v 0.6 3.4 -0.1
v 0.6 3.5 -0.1
v 0.6 3.6 -0.1
v 0.6 3.7 -0.1
v 0.6 3.8 -0.1
v 0.6 3.9 -0.1
v 0.6 4 -0.1
v 0.7 0.4 -0.1
v 0.7 0.5 -0.1
v 0.7 0.6 -0.1
v 0.7 0.7 -0.1
v 0.7 0.8 -0.1
v 0.7 0.9 -0.1
v 0.7 1 -0.1
v 0.7 1.2 -0.1
v 0.7 1.4 -0.1
v 0.7 1.5 -0.1
v 0.7 1.7 -0.1
v 0.7 1.9 -0.1
v 0.7 2 -0.1
v 0.7 2.1 -0.1
v 0.7 2.3 -0.1
v 0.7 2.5 -0.1
v 0.7 2.7 -0.1
v 0.7 2.8 -0.1
v 0.7 2.9 -0.1
v 0.7 3 -0.1
v 0.7 3.1 -0.1
v 0.7 3.2 -0.1
v 0.7 3.3 -0.1
v 0.7 3.4 -0.1
v 0.7 3.5 -0.1
v 0.7 3.6 -0.1
v 0.7 3.7 -0.1
v 0.8 0.6 -0.1
v 0.8 0.7 -0.1
v 0.8 0.8 -0.1
v 0.8 0.9 -0.1
v 0.8 1 -0.1
v 0.8 1.2 -0.1
v 0.8 1.4 -0.1
v 0.8 1.5 -0.1
v 0.8 1.7 -0.1
v 0.8 1.8 -0.1
v 0.8 1.9 -0.1
v 0.8 2 -0.1
v 0.8 2.1 -0.1
v 0.8 2.3 -0.1
v 0.8 2.4 -0.1
v 0.8 2.7 -0.1
v 0.8 2.8 -0.1
v 0.8 3 -0.1
v 0.8 3.1 -0.1
v 0.8 3.2 -0.1
v 0.8 3.3 -0.1
v 0.8 3.4 -0.1
v 0.8 3.5 -0.1
v 0.8 3.6 -0.1
v 0.8 3.8 -0.1
v 0.8 3.9 -0.1
v 0.8 4 -0.1
v 0.9 0.4 -0.1
v 0.9 0.5 -0.1
v 0.9 0.6 -0.1
v 0.9 0.7 -0.1
v 0.9 0.8 -0.1
v 0.9 1 -0.1
v 0.9 1.1 -0.1
v 0.9 1.2 -0.1
v 0.9 1.3 -0.1
v 0.9 1.4 -0.1
v 0.9 1.5 -0.1
v 0.9 1.6 -0.1
v 0.9 1.7 -0.1
v 0.9 1.8 -0.1
v 0.9 1.9 -0.1
v 0.9 2 -0.1
v 0.9 2.1 -0.1
v 0.9 2.3 -0.1
v 0.9 2.4 -0.1
v 0.9 2.6 -0.1
v 0.9 2.7 -0.1
v 0.9 2.9 -0.1
v 0.9 3 -0.1
v 0.9 3.1 -0.1
v 0.9 3.2 -0.1
v 0.9 3.3 -0.1
v 0.9 3.4 -0.1
v 0.9 3.5 -0.1
v 0.9 3.6 -0.1
v 0.9 3.7 -0.1
v 0.9 3.8 -0.1
v 0.9 3.9 -0.1
v 1 0.5 -0.1
v 1 0.6 -0.1
v 1 0.7 -0.1
v 1 0.8 -0.1
v 1 0.9 -0.1
v 1 1 -0.1
v 1 1.1 -0.1
v 1 1.2 -0.1
v 1 1.3 -0.1
v 1 1.4 -0.1
v 1 1.5 -0.1
v 1 1.6 -0.1
v 1 1.7 -0.1
v 1 1.8 -0.1
v 1 1.9 -0.1
v 1 2 -0.1
v 1 2.1 -0.1
v 1 2.2 -0.1
v 1 2.4 -0.1
v 1 2.5 -0.1
v 1 2.6 -0.1
v 1 2.7 -0.1
v 1 3 -0.1
v 1 3.1 -0.1
v 1 3.3 -0.1
v 1 3.4 -0.1
v 1 3.5 -0.1
v 1 3.7 -0.1
v 1 3.8 -0.1
v 1.1 0.4 -0.1
v 1.1 0.5 -0.1
v 1.1 0.6 -0.1
v 1.1 0.7 -0.1
v 1.1 0.9 -0.1
v 1.1 1.1 -0.1
v 1.1 1.2 -0.1
v 1.1 1.3 -0.1
v 1.1 1.4 -0.1
v 1.1 1.5 -0.1
v 1.1 1.6 -0.1
v 1.1 1.7 -0.1
v 1.1 1.8 -0.1
v 1.1 1.9 -0.1
v 1.1 2 -0.1
v 1.1 2.1 -0.1
v 1.1 2.2 -0.1
v 1.1 2.3 -0.1
v 1.1 2.4 -0.1
v 1.1 2.5 -0.1
v 1.1 2.6 -0.1
v 1.1 2.7 -0.1
v 1.1 3.1 -0.1
v 1.1 3.3 -0.1
v 1.1 3.4 -0.1
v 1.1 3.5 -0.1
v 1.2 0.5 -0.1
v 1.2 0.6 -0.1
v 1.2 0.7 -0.1
v 1.2 0.9 -0.1
v 1.2 1.1 -0.1
v 1.2 1.2 -0.1
v 1.2 1.4 -0.1
v 1.2 1.5 -0.1
v 1.2 1.6 -0.1
v 1.2 1.7 -0.1
v 1.2 1.8 -0.1
v 1.2 1.9 -0.1
v 1.2 2 -0.1
v 1.2 2.1 -0.1
v 1.2 2.2 -0.1
v 1.2 2.3 -0.1
v 1.2 2.5 -0.1
v 1.2 3.3 -0.1
v 1.2 3.4 -0.1
v 1.3 0.8 -0.1
v 1.3 0.9 -0.1
v 1.3 1.1 -0.1
v 1.3 1.2 -0.1
v 1.3 1.3 -0.1
v 1.3 1.4 -0.1
v 1.3 1.5 -0.1
v 1.3 1.6 -0.1
v 1.3 1.7 -0.1
v 1.3 1.8 -0.1
v 1.3 1.9 -0.1
v 1.3 2 -0.1
v 1.3 2.1 -0.1
v 1.3 2.2 -0.1
v 1.4 0.6 -0.1
v 1.4 0.7 -0.1
v 1.4 0.8 -0.1
v 1.4 0.9 -0.1
v 1.4 1 -0.1
v 1.4 1.1 -0.1
v 1.4 1.3 -0.1
v 1.4 1.4 -0.1
v 1.4 1.5 -0.1
v 1.4 1.6 -0.1
v 1.4 1.7 -0.1
v 1.4 1.8 -0.1
v 1.4 1.9 -0.1
v 1.4 2 -0.1
v 1.5 0.7 -0.1
v 1.5 0.8 -0.1
v 1.5 0.9 -0.1
v 1.5 1 -0.1
v 1.5 1.1 -0.1
v 1.5 1.2 -0.1
v 1.5 1.3 -0.1
v 1.5 1.4 -0.1
v 1.5 1.5 -0.1
v 1.5 1.6 -0.1
v 1.5 1.7 -0.1
v 1.5 1.9 -0.1
v 1.6 0.8 -0.1
v 1.6 0.9 -0.1
v 1.6 1 -0.1
v 1.6 1.1 -0.1
v 1.6 1.2 -0.1
v 1.6 1.3 -0.1
v 1.6 1.4 -0.1
v 1.6 1.5 -0.1
v 1.6 1.6 -0.1
v 1.6 1.7 -0.1
v 1.7 0.9 -0.1
v 1.7 1 -0.1
v 1.7 1.1 -0.1
v 1.7 1.3 -0.1
v 1.7 1.4 -0.1
v 1.7 1.5 -0.1
v 1.7 1.6 -0.1
v 1.8 1 -0.1
v 1.8 1.2 -0.1
v 1.8 1.3 -0.1
v 1.8 1.4 -0.1
v 1.8 1.5 -0.1
v 1.9 1.2 -0.1
v 1.9 1.4 -0.1
v -1 0 0.0999999
v -0.9 0 0.0999999
v -0.7 0 0.0999999
v -0.3 0 0.0999999
v -0.2 0 0.0999999
v 0 0 0.0999999
v -1 0 -0.1
v -0.9 0 -0.1
v -0.7 0 -0.1
v -0.3 0 -0.1
v -0.2 0 -0.1
v 0 0 -0.1
v -0.7 0.1 0.0999999
v -0.6 0.1 0.0999999
v 0 0.1 0.0999999
v 0.1 0.1 0.0999999
v -0.7 0.1 -0.1
v -0.6 0.1 -0.1
v 0 0.1 -0.1
v 0.1 0.1 -0.1
v -0.4 0.2 0.0999999
v -0.3 0.2 0.0999999
v -0.4 0.2 -0.1
v -0.3 0.2 -0.1
v -0.6 0.3 0.0999999
v -0.4 0.3 0.0999999
v -0.6 0.3 -0.1
v -0.4 0.3 -0.1
v -1 0.4 0.0999999
v -0.9 0.4 0.0999999
v 0 0.4 0.0999999
v 0.1 0.4 0.0999999
v 0.3 0.4 0.0999999
v 0.4 0.4 0.0999999
v 0.7 0.4 0.0999999
v 0.9 0.4 0.0999999
v 1.1 0.4 0.0999999
v -1 0.4 -0.1
v -0.9 0.4 -0.1
v 0 0.4 -0.1
v 0.1 0.4 -0.1
v 0.3 0.4 -0.1
v 0.4 0.4 -0.1
v 0.7 0.4 -0.1
v 0.9 0.4 -0.1
v 1.1 0.4 -0.1
v -1.1 0.5 0.0999999
v -1 0.5 0.0999999
v 0.3 0.5 0.0999999
v 0.4 0.5 0.0999999
v 0.7 0.5 0.0999999
v 0.9 0.5 0.0999999
v 1.1 0.5 0.0999999
v 1.2 0.5 0.0999999
v -1.1 0.5 -0.1
v -1 0.5 -0.1
v 0.3 0.5 -0.1
v 0.4 0.5 -0.1
v 0.7 0.5 -0.1
v 0.9 0.5 -0.1
v 1.1 0.5 -0.1
v 1.2 0.5 -0.1
v 1.2 0.6 0.0999999
v 1.4 0.6 0.0999999
v 1.2 0.6 -0.1
v 1.4 0.6 -0.1
v 1.4 0.7 0.0999999
v 1.5 0.7 0.0999999
v 1.4 0.7 -0.1
v 1.5 0.7 -0.1
v 1.5 0.8 0.0999999
v 1.6 0.8 0.0999999
v 1.5 0.8 -0.1
v 1.6 0.8 -0.1
v -1.1 0.9 0.0999999
v -1 0.9 0.0999999
v 1.6 0.9 0.0999999
v 1.7 0.9 0.0999999
v -1.1 0.9 -0.1
v -1 0.9 -0.1
v 1.6 0.9 -0.1
v 1.7 0.9 -0.1
v 1.7 1 0.0999999
v 1.8 1 0.0999999
v 1.7 1 -0.1
v 1.8 1 -0.1
v 1.8 1.2 0.0999999
v 1.9 1.2 0.0999999
v 1.8 1.2 -0.1
v 1.9 1.2 -0.1
v -1 1.9 0.0999999
v -0.9 1.9 0.0999999
v -1 1.9 -0.1
v -0.9 1.9 -0.1
v -1.1 2 0.0999999
v -1 2 0.0999999
v -1.1 2 -0.1
v -1 2 -0.1
v -1.2 2.3 0.0999999
v -1.1 2.3 0.0999999
v -1.2 2.3 -0.1
v -1.1 2.3 -0.1
v -1.3 2.5 0.0999999
v -1.2 2.5 0.0999999
v -1.3 2.5 -0.1
v -1.2 2.5 -0.1
v -1.5 2.6 0.0999999
v -1.4 2.6 0.0999999
v -1.3 2.6 0.0999999
v -1.5 2.6 -0.1
v -1.4 2.6 -0.1
v -1.3 2.6 -0.1
v 1 3.1 0.0999999
v 1.1 3.1 0.0999999
v 1 3.1 -0.1
v 1.1 3.1 -0.1
v 1.1 3.3 0.0999999
v 1.2 3.3 0.0999999
v 1.1 3.3 -0.1
v 1.2 3.3 -0.1
v 0.6 3.7 0.0999999
v 0.7 3.7 0.0999999
v 0.6 3.7 -0.1
v 0.7 3.7 -0.1
v -1 0.3 0.0999999
v -0.9 0.3 0.0999999
v 0 0.3 0.0999999
v 0.1 0.3 0.0999999
v -1 0.3 -0.1
v -0.9 0.3 -0.1
v 0 0.3 -0.1
v 0.1 0.3 -0.1
v -1.1 0.8 0.0999999
v -1 0.8 0.0999999
v -1.1 0.8 -0.1
v -1 0.8 -0.1
v -1.1 1.4 0.0999999
v -1 1.4 0.0999999
v 1.8 1.4 0.0999999
v 1.9 1.4 0.0999999
v -1.1 1.4 -0.1
v -1 1.4 -0.1
v 1.8 1.4 -0.1
v 1.9 1.4 -0.1
v 1.7 1.5 0.0999999
v 1.8 1.5 0.0999999
v 1.7 1.5 -0.1
v 1.8 1.5 -0.1
v -1 1.6 0.0999999
v -0.9 1.6 0.0999999
v 1.6 1.6 0.0999999
v 1.7 1.6 0.0999999
v -1 1.6 -0.1
v -0.9 1.6 -0.1
v 1.6 1.6 -0.1
v 1.7 1.6 -0.1
v 1.5 1.7 0.0999999
v 1.6 1.7 0.0999999
v 1.5 1.7 -0.1
v 1.6 1.7 -0.1
v 1.4 1.9 0.0999999
v 1.5 1.9 0.0999999
v 1.4 1.9 -0.1
v 1.5 1.9 -0.1
v 1.3 2 0.0999999
v 1.4 2 0.0999999
v 1.3 2 -0.1
v 1.4 2 -0.1
v 1.2 2.2 0.0999999
v 1.3 2.2 0.0999999
v 1.2 2.2 -0.1
v 1.3 2.2 -0.1
v 1.1 2.5 0.0999999
v 1.2 2.5 0.0999999
v 1.1 2.5 -0.1
v 1.2 2.5 -0.1
v -1.5 2.7 0.0999999
v -1.4 2.7 0.0999999
v 1 2.7 0.0999999
v 1.1 2.7 0.0999999
v -1.5 2.7 -0.1
v -1.4 2.7 -0.1
v 1 2.7 -0.1
v 1.1 2.7 -0.1
v -1.4 3.1 0.0999999
v -1.3 3.1 0.0999999
v -1.4 3.1 -0.1
v -1.3 3.1 -0.1
v -1.3 3.3 0.0999999
v -1.2 3.3 0.0999999
v -1.3 3.3 -0.1
v -1.2 3.3 -0.1
v -1.2 3.4 0.0999999
v -1.1 3.4 0.0999999
v 1.1 3.4 0.0999999
v 1.2 3.4 0.0999999
v -1.2 3.4 -0.1
v -1.1 3.4 -0.1
v 1.1 3.4 -0.1
v 1.2 3.4 -0.1
v -1.1 3.5 0.0999999
v -1 3.5 0.0999999
v 1 3.5 0.0999999
v 1.1 3.5 0.0999999
v -1.1 3.5 -0.1
v -1 3.5 -0.1
v 1 3.5 -0.1
v 1.1 3.5 -0.1
v -1 3.6 0.0999999
v -0.9 3.6 0.0999999
v 0.6 3.6 0.0999999
v 0.7 3.6 0.0999999
v -1 3.6 -0.1
v -0.9 3.6 -0.1
v 0.6 3.6 -0.1
v 0.7 3.6 -0.1
v -0.9 3.7 0.0999999
v -0.7 3.7 0.0999999
v 0.3 3.7 0.0999999
v 0.4 3.7 0.0999999
v -0.9 3.7 -0.1
v -0.7 3.7 -0.1
v 0.3 3.7 -0.1
v 0.4 3.7 -0.1
v -0.7 3.8 0.0999999
v -0.5 3.8 0.0999999
v -0.4 3.8 0.0999999
v -0.3 3.8 0.0999999
v -0.2 3.8 0.0999999
v 0 3.8 0.0999999
v 0.3 3.8 0.0999999
v 0.4 3.8 0.0999999
v 0.5 3.8 0.0999999
v 0.9 3.8 0.0999999
v 1 3.8 0.0999999
v -0.7 3.8 -0.1
v -0.5 3.8 -0.1
v -0.4 3.8 -0.1
v -0.3 3.8 -0.1
v -0.2 3.8 -0.1
v 0 3.8 -0.1
v 0.3 3.8 -0.1
v 0.4 3.8 -0.1
v 0.5 3.8 -0.1
v 0.9 3.8 -0.1
v 1 3.8 -0.1
v 0.5 3.9 0.0999999
v 0.6 3.9 0.0999999
v 0.8 3.9 0.0999999
v 0.9 3.9 0.0999999
v 0.5 3.9 -0.1
v 0.6 3.9 -0.1
v 0.8 3.9 -0.1
v 0.9 3.9 -0.1
v 0.6 4 0.0999999
v 0.8 4 0.0999999
v 0.6 4 -0.1
v 0.8 4 -0.1

# faces
f 3/6/1 2/6/1 1/6/1
f 4/6/1 2/6/1 3/6/1
f 7/6/1 6/6/1 5/6/1
f 8/6/1 6/6/1 7/6/1
f 9/15/1 8/15/1 7/15/1
f 10/15/1 8/15/1 9/15/1
f 13/8/1 12/8/1 11/8/1
f 14/8/1 12/8/1 13/8/1
f 17/15/1 16/15/1 15/15/1
f 18/15/1 16/15/1 17/15/1
f 19/7/1 18/7/1 17/7/1
f 20/7/1 18/7/1 19/7/1
f 23/7/1 22/7/1 21/7/1
f 24/7/1 22/7/1 23/7/1
f 27/7/1 26/7/1 25/7/1
f 28/7/1 26/7/1 27/7/1
f 31/19/1 30/19/1 29/19/1
f 32/19/1 30/19/1 31/19/1
f 33/4/1 32/4/1 31/4/1
f 34/4/1 32/4/1 33/4/1
f 37/5/1 36/5/1 35/5/1
f 38/5/1 36/5/1 37/5/1
f 39/7/1 38/7/1 37/7/1
f 40/7/1 38/7/1 39/7/1
f 41/15/1 40/15/1 39/15/1
f 42/15/1 40/15/1 41/15/1
f 45/3/1 44/3/1 43/3/1
f 46/3/1 44/3/1 45/3/1
f 47/1/1 46/1/1 45/1/1
f 48/1/1 46/1/1 47/1/1
f 51/15/1 50/15/1 49/15/1
f 52/15/1 50/15/1 51/15/1
f 55/19/1 54/19/1 53/19/1
f 56/19/1 54/19/1 55/19/1
f 57/20/1 56/20/1 55/20/1
f 58/20/1 56/20/1 57/20/1
f 61/19/1 60/19/1 59/19/1
f 62/19/1 60/19/1 61/19/1
f 65/19/1 64/19/1 63/19/1
f 66/19/1 64/19/1 65/19/1
f 69/27/1 68/27/1 67/27/1
f 70/27/1 68/27/1 69/27/1
f 71/7/1 70/7/1 69/7/1
f 72/7/1 70/7/1 71/7/1
f 75/13/1 74/13/1 73/13/1
f 76/13/1 74/13/1 75/13/1
f 79/15/1 78/15/1 77/15/1
f 80/15/1 78/15/1 79/15/1
f 83/19/1 82/19/1 81/19/1
f 84/19/1 82/19/1 83/19/1
f 87/7/1 86/7/1 85/7/1
f 88/7/1 86/7/1 87/7/1
f 89/13/1 88/13/1 87/13/1
f 90/13/1 88/13/1 89/13/1
f 93/7/1 92/7/1 91/7/1
f 94/7/1 92/7/1 93/7/1
f 97/7/1 96/7/1 95/7/1
f 98/7/1 96/7/1 97/7/1
f 101/19/1 100/19/1 99/19/1
f 102/19/1 100/19/1 101/19/1
f 105/19/1 104/19/1 103/19/1
f 106/19/1 104/19/1 105/19/1
f 107/1/1 106/1/1 105/1/1
f 108/1/1 106/1/1 107/1/1
f 111/8/1 110/8/1 109/8/1
f 112/8/1 110/8/1 111/8/1
f 115/24/1 114/24/1 113/24/1
f 116/24/1 114/24/1 115/24/1
f 119/27/1 118/27/1 117/27/1
f 120/27/1 118/27/1 119/27/1
f 123/27/1 122/27/1 121/27/1
f 124/27/1 122/27/1 123/27/1
f 127/24/1 126/24/1 125/24/1
f 128/24/1 126/24/1 127/24/1
f 131/8/1 130/8/1 129/8/1
f 132/8/1 130/8/1 131/8/1
f 133/4/2 134/4/2 135/4/2
f 135/4/2 134/4/2 136/4/2
f 137/4/2 138/4/2 139/4/2
f 139/4/2 138/4/2 140/4/2
f 139/19/2 140/19/2 141/19/2
f 141/19/2 140/19/2 142/19/2
f 143/4/2 144/4/2 145/4/2
f 145/4/2 144/4/2 146/4/2
f 147/4/2 148/4/2 149/4/2
f 149/4/2 148/4/2 150/4/2
f 151/4/2 152/4/2 153/4/2
f 153/4/2 152/4/2 154/4/2
f 155/8/2 156/8/2 157/8/2
f 157/8/2 156/8/2 158/8/2
f 159/8/2 160/8/2 161/8/2
f 161/8/2 160/8/2 162/8/2
f 163/24/2 164/24/2 165/24/2
f 165/24/2 164/24/2 166/24/2
f 167/8/2 168/8/2 169/8/2
f 169/8/2 168/8/2 170/8/2
f 171/27/2 172/27/2 173/27/2
f 173/27/2 172/27/2 174/27/2
f 175/27/2 176/27/2 177/27/2
f 177/27/2 176/27/2 178/27/2
f 179/8/2 180/8/2 181/8/2
f 181/8/2 180/8/2 182/8/2
f 181/24/2 182/24/2 183/24/2
f 183/24/2 182/24/2 184/24/2
f 185/24/2 186/24/2 187/24/2
f 187/24/2 186/24/2 188/24/2
f 187/27/2 188/27/2 189/27/2
f 189/27/2 188/27/2 190/27/2
f 191/8/2 192/8/2 193/8/2
f 193/8/2 192/8/2 194/8/2
f 195/7/2 196/7/2 197/7/2
f 197/7/2 196/7/2 198/7/2
f 197/8/2 198/8/2 199/8/2
f 199/8/2 198/8/2 200/8/2
f 201/24/2 202/24/2 203/24/2
f 203/24/2 202/24/2 204/24/2
f 205/24/2 206/24/2 207/24/2
f 207/24/2 206/24/2 208/24/2
f 209/8/2 210/8/2 211/8/2
f 211/8/2 210/8/2 212/8/2
f 213/7/2 214/7/2 215/7/2
f 215/7/2 214/7/2 216/7/2
f 215/8/2 216/8/2 217/8/2
f 217/8/2 216/8/2 218/8/2
f 219/24/2 220/24/2 221/24/2
f 221/24/2 220/24/2 222/24/2
f 223/7/2 224/7/2 225/7/2
f 225/7/2 224/7/2 226/7/2
f 225/8/2 226/8/2 227/8/2
f 227/8/2 226/8/2 228/8/2
f 229/8/2 230/8/2 231/8/2
f 231/8/2 230/8/2 232/8/2
f 233/8/2 234/8/2 235/8/2
f 235/8/2 234/8/2 236/8/2
f 237/8/2 238/8/2 239/8/2
f 239/8/2 238/8/2 240/8/2
f 241/8/2 242/8/2 243/8/2
f 243/8/2 242/8/2 244/8/2
f 245/8/2 246/8/2 247/8/2
f 247/8/2 246/8/2 248/8/2
f 249/8/2 250/8/2 251/8/2
f 251/8/2 250/8/2 252/8/2
f 253/8/2 254/8/2 255/8/2
f 255/8/2 254/8/2 256/8/2
f 257/8/2 258/8/2 259/8/2
f 259/8/2 258/8/2 260/8/2
f 261/8/2 262/8/2 263/8/2
f 263/8/2 262/8/2 264/8/2
f 265/8/2 266/8/2 267/8/2
f 267/8/2 266/8/2 268/8/2
f 269/8/2 270/8/2 271/8/2
f 271/8/2 270/8/2 272/8/2
f 275/6/3 274/6/3 273/6/3
f 276/6/3 274/6/3 275/6/3
f 280/15/3 276/15/3 275/15/3
f 281/6/3 277/6/3 276/6/3
f 281/15/3 276/15/3 280/15/3
f 282/15/3 278/15/3 277/15/3
f 282/6/3 277/6/3 281/6/3
f 283/15/3 278/15/3 282/15/3
f 284/15/3 278/15/3 283/15/3
f 288/8/3 280/8/3 279/8/3
f 289/7/3 281/7/3 280/7/3
f 289/7/3 282/7/3 281/7/3
f 289/8/3 280/8/3 288/8/3
f 290/7/3 282/7/3 289/7/3
f 291/15/3 283/15/3 282/15/3
f 291/7/3 282/7/3 290/7/3
f 292/6/3 284/6/3 283/6/3
f 292/15/3 283/15/3 291/15/3
f 293/15/3 285/15/3 284/15/3
f 293/6/3 284/6/3 292/6/3
f 294/7/3 286/7/3 285/7/3
f 294/15/3 285/15/3 293/15/3
f 295/7/3 286/7/3 294/7/3
f 306/7/3 288/7/3 287/7/3
f 307/7/3 288/7/3 306/7/3
f 308/15/3 290/15/3 289/15/3
f 308/7/3 288/7/3 307/7/3
f 308/15/3 289/15/3 288/15/3
f 309/15/3 290/15/3 308/15/3
f 310/8/3 291/8/3 290/8/3
f 310/15/3 290/15/3 309/15/3
f 311/7/3 292/7/3 291/7/3
f 311/8/3 291/8/3 310/8/3
f 312/15/3 293/15/3 292/15/3
f 312/7/3 292/7/3 311/7/3
f 313/15/3 293/15/3 312/15/3
f 314/6/3 294/6/3 293/6/3
f 314/15/3 293/15/3 313/15/3
f 315/14/3 295/14/3 294/14/3
f 315/6/3 294/6/3 314/6/3
f 316/7/3 296/7/3 295/7/3
f 316/14/3 295/14/3 315/14/3
f 317/7/3 296/7/3 316/7/3
f 323/19/3 298/19/3 297/19/3
f 324/19/3 298/19/3 323/19/3
f 325/4/3 299/4/3 298/4/3
f 325/19/3 298/19/3 324/19/3
f 326/4/3 299/4/3 325/4/3
f 327/5/3 301/5/3 300/5/3
f 328/5/3 301/5/3 327/5/3
f 329/7/3 302/7/3 301/7/3
f 329/5/3 301/5/3 328/5/3
f 330/7/3 302/7/3 329/7/3
f 331/15/3 303/15/3 302/15/3
f 331/7/3 302/7/3 330/7/3
f 332/15/3 303/15/3 331/15/3
f 336/3/3 305/3/3 304/3/3
f 337/3/3 305/3/3 336/3/3
f 338/1/3 306/1/3 305/1/3
f 338/3/3 305/3/3 337/3/3
f 339/13/3 307/13/3 306/13/3
f 339/1/3 306/1/3 338/1/3
f 340/8/3 309/8/3 308/8/3
f 340/13/3 307/13/3 339/13/3
f 340/8/3 308/8/3 307/8/3
f 341/8/3 309/8/3 340/8/3
f 342/7/3 310/7/3 309/7/3
f 342/8/3 309/8/3 341/8/3
f 343/15/3 311/15/3 310/15/3
f 343/7/3 310/7/3 342/7/3
f 344/6/3 313/6/3 312/6/3
f 344/15/3 311/15/3 343/15/3
f 344/6/3 312/6/3 311/6/3
f 345/6/3 313/6/3 344/6/3
f 346/14/3 314/14/3 313/14/3
f 346/6/3 313/6/3 345/6/3
f 347/15/3 315/15/3 314/15/3
f 347/14/3 314/14/3 346/14/3
f 348/6/3 316/6/3 315/6/3
f 348/15/3 315/15/3 347/15/3
f 348/6/3 317/6/3 316/6/3
f 349/6/3 317/6/3 348/6/3
f 350/15/3 318/15/3 317/15/3
f 350/6/3 317/6/3 349/6/3
f 351/15/3 318/15/3 350/15/3
f 353/19/3 320/19/3 319/19/3
f 354/19/3 320/19/3 353/19/3
f 355/20/3 321/20/3 320/20/3
f 355/19/3 320/19/3 354/19/3
f 356/20/3 321/20/3 355/20/3
f 357/19/3 324/19/3 323/19/3
f 357/19/3 323/19/3 322/19/3
f 358/19/3 324/19/3 357/19/3
f 359/13/3 325/13/3 324/13/3
f 359/19/3 324/19/3 358/19/3
f 360/19/3 326/19/3 325/19/3
f 360/13/3 325/13/3 359/13/3
f 360/19/3 327/19/3 326/19/3
f 361/19/3 327/19/3 360/19/3
f 362/3/3 328/3/3 327/3/3
f 362/19/3 327/19/3 361/19/3
f 363/13/3 329/13/3 328/13/3
f 363/3/3 328/3/3 362/3/3
f 364/5/3 330/5/3 329/5/3
f 364/13/3 329/13/3 363/13/3
f 365/20/3 331/20/3 330/20/3
f 365/5/3 330/5/3 364/5/3
f 366/27/3 332/27/3 331/27/3
f 366/20/3 331/20/3 365/20/3
f 366/27/3 333/27/3 332/27/3
f 367/27/3 333/27/3 366/27/3
f 368/7/3 334/7/3 333/7/3
f 368/27/3 333/27/3 367/27/3
f 369/7/3 334/7/3 368/7/3
f 371/13/3 336/13/3 335/13/3
f 372/2/3 337/2/3 336/2/3
f 372/13/3 336/13/3 371/13/3
f 373/9/3 338/9/3 337/9/3
f 373/2/3 337/2/3 372/2/3
f 373/9/3 339/9/3 338/9/3
f 373/9/3 340/9/3 339/9/3
f 374/9/3 340/9/3 373/9/3
f 375/3/3 341/3/3 340/3/3
f 375/9/3 340/9/3 374/9/3
f 376/7/3 342/7/3 341/7/3
f 376/3/3 341/3/3 375/3/3
f 377/15/3 343/15/3 342/15/3
f 377/7/3 342/7/3 376/7/3
f 378/6/3 345/6/3 344/6/3
f 378/15/3 343/15/3 377/15/3
f 378/6/3 344/6/3 343/6/3
f 379/15/3 346/15/3 345/15/3
f 379/6/3 345/6/3 378/6/3
f 379/15/3 347/15/3 346/15/3
f 380/15/3 347/15/3 379/15/3
f 381/14/3 349/14/3 348/14/3
f 381/15/3 347/15/3 380/15/3
f 381/14/3 348/14/3 347/14/3
f 382/14/3 349/14/3 381/14/3
f 383/15/3 350/15/3 349/15/3
f 383/14/3 349/14/3 382/14/3
f 384/6/3 351/6/3 350/6/3
f 384/15/3 350/15/3 383/15/3
f 385/15/3 352/15/3 351/15/3
f 385/6/3 351/6/3 384/6/3
f 386/15/3 352/15/3 385/15/3
f 388/4/3 354/4/3 353/4/3
f 388/1/3 355/1/3 354/1/3
f 389/13/3 356/13/3 355/13/3
f 389/1/3 355/1/3 388/1/3
f 390/19/3 358/19/3 357/19/3
f 390/13/3 356/13/3 389/13/3
f 390/19/3 357/19/3 356/19/3
f 391/19/3 358/19/3 390/19/3
f 392/13/3 359/13/3 358/13/3
f 392/19/3 358/19/3 391/19/3
f 393/19/3 360/19/3 359/19/3
f 393/13/3 359/13/3 392/13/3
f 394/20/3 361/20/3 360/20/3
f 394/19/3 360/19/3 393/19/3
f 395/13/3 362/13/3 361/13/3
f 395/20/3 361/20/3 394/20/3
f 396/19/3 363/19/3 362/19/3
f 396/13/3 362/13/3 395/13/3
f 397/4/3 364/4/3 363/4/3
f 397/19/3 363/19/3 396/19/3
f 398/27/3 365/27/3 364/27/3
f 398/4/3 364/4/3 397/4/3
f 398/27/3 366/27/3 365/27/3
f 399/27/3 366/27/3 398/27/3
f 400/26/3 367/26/3 366/26/3
f 400/27/3 366/27/3 399/27/3
f 401/23/3 368/23/3 367/23/3
f 401/26/3 367/26/3 400/26/3
f 402/27/3 369/27/3 368/27/3
f 402/23/3 368/23/3 401/23/3
f 403/7/3 370/7/3 369/7/3
f 403/27/3 369/27/3 402/27/3
f 404/7/3 370/7/3 403/7/3
f 405/13/3 371/13/3 370/13/3
f 405/7/3 370/7/3 404/7/3
f 406/9/3 372/9/3 371/9/3
f 406/9/3 373/9/3 372/9/3
f 407/10/3 374/10/3 373/10/3
f 407/9/3 373/9/3 406/9/3
f 408/10/3 374/10/3 407/10/3
f 409/9/3 375/9/3 374/9/3
f 409/10/3 374/10/3 408/10/3
f 409/9/3 376/9/3 375/9/3
f 410/9/3 376/9/3 409/9/3
f 411/3/3 377/3/3 376/3/3
f 411/9/3 376/9/3 410/9/3
f 412/5/3 378/5/3 377/5/3
f 412/3/3 377/3/3 411/3/3
f 413/7/3 379/7/3 378/7/3
f 413/5/3 378/5/3 412/5/3
f 414/7/3 379/7/3 413/7/3
f 415/15/3 380/15/3 379/15/3
f 415/7/3 379/7/3 414/7/3
f 416/6/3 382/6/3 381/6/3
f 416/15/3 380/15/3 415/15/3
f 416/6/3 381/6/3 380/6/3
f 417/6/3 382/6/3 416/6/3
f 418/14/3 383/14/3 382/14/3
f 418/6/3 382/6/3 417/6/3
f 419/6/3 384/6/3 383/6/3
f 419/14/3 383/14/3 418/14/3
f 420/15/3 385/15/3 384/15/3
f 420/6/3 384/6/3 419/6/3
f 421/6/3 386/6/3 385/6/3
f 421/15/3 385/15/3 420/15/3
f 422/7/3 387/7/3 386/7/3
f 422/6/3 386/6/3 421/6/3
f 423/4/3 388/4/3 353/4/3
f 424/20/3 389/20/3 388/20/3
f 424/4/3 388/4/3 423/4/3
f 425/5/3 390/5/3 389/5/3
f 425/20/3 389/20/3 424/20/3
f 426/9/3 391/9/3 390/9/3
f 426/5/3 390/5/3 425/5/3
f 427/19/3 392/19/3 391/19/3
f 427/9/3 391/9/3 426/9/3
f 428/20/3 393/20/3 392/20/3
f 428/19/3 392/19/3 427/19/3
f 428/20/3 394/20/3 393/20/3
f 429/20/3 394/20/3 428/20/3
f 430/13/3 395/13/3 394/13/3
f 430/20/3 394/20/3 429/20/3
f 431/19/3 396/19/3 395/19/3
f 431/13/3 395/13/3 430/13/3
f 432/4/3 397/4/3 396/4/3
f 432/19/3 396/19/3 431/19/3
f 433/27/3 399/27/3 398/27/3
f 433/4/3 397/4/3 432/4/3
f 433/27/3 398/27/3 397/27/3
f 434/27/3 399/27/3 433/27/3
f 435/23/3 400/23/3 399/23/3
f 435/27/3 399/27/3 434/27/3
f 436/27/3 404/27/3 403/27/3
f 436/23/3 400/23/3 435/23/3
f 436/27/3 402/27/3 401/27/3
f 436/27/3 401/27/3 400/27/3
f 436/27/3 403/27/3 402/27/3
f 437/27/3 404/27/3 436/27/3
f 438/27/3 404/27/3 437/27/3
f 439/27/3 404/27/3 438/27/3
f 440/15/3 405/15/3 404/15/3
f 440/27/3 404/27/3 439/27/3
f 441/13/3 371/13/3 405/13/3
f 441/15/3 405/15/3 440/15/3
f 442/9/3 406/9/3 371/9/3
f 442/13/3 371/13/3 441/13/3
f 443/10/3 407/10/3 406/10/3
f 443/9/3 406/9/3 442/9/3
f 444/3/3 408/3/3 407/3/3
f 444/10/3 407/10/3 443/10/3
f 445/5/3 409/5/3 408/5/3
f 445/3/3 408/3/3 444/3/3
f 446/4/3 410/4/3 409/4/3
f 446/5/3 409/5/3 445/5/3
f 447/16/3 411/16/3 410/16/3
f 447/4/3 410/4/3 446/4/3
f 447/16/3 412/16/3 411/16/3
f 448/16/3 412/16/3 447/16/3
f 449/1/3 413/1/3 412/1/3
f 449/16/3 412/16/3 448/16/3
f 450/3/3 414/3/3 413/3/3
f 450/1/3 413/1/3 449/1/3
f 451/5/3 415/5/3 414/5/3
f 451/3/3 414/3/3 450/3/3
f 452/8/3 416/8/3 415/8/3
f 452/5/3 415/5/3 451/5/3
f 453/7/3 417/7/3 416/7/3
f 453/8/3 416/8/3 452/8/3
f 454/15/3 418/15/3 417/15/3
f 454/7/3 417/7/3 453/7/3
f 454/15/3 419/15/3 418/15/3
f 455/14/3 420/14/3 419/14/3
f 455/15/3 419/15/3 454/15/3
f 456/6/3 421/6/3 420/6/3
f 456/14/3 420/14/3 455/14/3
f 457/15/3 422/15/3 421/15/3
f 457/6/3 421/6/3 456/6/3
f 458/7/3 387/7/3 422/7/3
f 458/15/3 422/15/3 457/15/3
f 459/7/3 387/7/3 458/7/3
f 461/4/3 425/4/3 424/4/3
f 462/19/3 426/19/3 425/19/3
f 462/4/3 425/4/3 461/4/3
f 463/3/3 427/3/3 426/3/3
f 463/19/3 426/19/3 462/19/3
f 464/20/3 428/20/3 427/20/3
f 464/3/3 427/3/3 463/3/3
f 465/19/3 429/19/3 428/19/3
f 465/20/3 428/20/3 464/20/3
f 466/13/3 430/13/3 429/13/3
f 466/19/3 429/19/3 465/19/3
f 467/20/3 431/20/3 430/20/3
f 467/13/3 430/13/3 466/13/3
f 468/4/3 432/4/3 431/4/3
f 468/20/3 431/20/3 467/20/3
f 469/27/3 433/27/3 432/27/3
f 469/4/3 432/4/3 468/4/3
f 470/26/3 434/26/3 433/26/3
f 470/27/3 433/27/3 469/27/3
f 471/23/3 435/23/3 434/23/3
f 471/26/3 434/26/3 470/26/3
f 472/27/3 436/27/3 435/27/3
f 472/23/3 435/23/3 471/23/3
f 472/27/3 437/27/3 436/27/3
f 473/27/3 437/27/3 472/27/3
f 474/18/3 438/18/3 437/18/3
f 474/27/3 437/27/3 473/27/3
f 475/25/3 439/25/3 438/25/3
f 475/18/3 438/18/3 474/18/3
f 476/27/3 440/27/3 439/27/3
f 476/25/3 439/25/3 475/25/3
f 477/8/3 441/8/3 440/8/3
f 477/27/3 440/27/3 476/27/3
f 478/5/3 442/5/3 441/5/3
f 478/8/3 441/8/3 477/8/3
f 479/1/3 443/1/3 442/1/3
f 479/5/3 442/5/3 478/5/3
f 480/10/3 444/10/3 443/10/3
f 480/1/3 443/1/3 479/1/3
f 481/2/3 445/2/3 444/2/3
f 481/10/3 444/10/3 480/10/3
f 482/3/3 446/3/3 445/3/3
f 482/2/3 445/2/3 481/2/3
f 483/5/3 447/5/3 446/5/3
f 483/3/3 446/3/3 482/3/3
f 484/1/3 448/1/3 447/1/3
f 484/5/3 447/5/3 483/5/3
f 485/16/3 449/16/3 448/16/3
f 485/1/3 448/1/3 484/1/3
f 486/3/3 450/3/3 449/3/3
f 486/16/3 449/16/3 485/16/3
f 487/8/3 451/8/3 450/8/3
f 487/3/3 450/3/3 486/3/3
f 487/8/3 452/8/3 451/8/3
f 488/8/3 452/8/3 487/8/3
f 489/15/3 453/15/3 452/15/3
f 489/8/3 452/8/3 488/8/3
f 490/6/3 454/6/3 453/6/3
f 490/15/3 453/15/3 489/15/3
f 491/14/3 455/14/3 454/14/3
f 492/15/3 457/15/3 456/15/3
f 492/14/3 455/14/3 491/14/3
f 492/15/3 456/15/3 455/15/3
f 493/15/3 457/15/3 492/15/3
f 494/6/3 458/6/3 457/6/3
f 494/15/3 457/15/3 493/15/3
f 495/15/3 459/15/3 458/15/3
f 495/6/3 458/6/3 494/6/3
f 496/4/3 464/4/3 463/4/3
f 496/19/3 465/19/3 464/19/3
f 497/13/3 466/13/3 465/13/3
f 497/19/3 465/19/3 496/19/3
f 498/20/3 467/20/3 466/20/3
f 498/13/3 466/13/3 497/13/3
f 499/19/3 468/19/3 467/19/3
f 499/20/3 467/20/3 498/20/3
f 499/19/3 469/19/3 468/19/3
f 500/19/3 469/19/3 499/19/3
f 501/22/3 470/22/3 469/22/3
f 501/19/3 469/19/3 500/19/3
f 502/27/3 471/27/3 470/27/3
f 502/22/3 470/22/3 501/22/3
f 503/23/3 473/23/3 472/23/3
f 503/27/3 471/27/3 502/27/3
f 503/23/3 472/23/3 471/23/3
f 504/23/3 473/23/3 503/23/3
f 505/27/3 474/27/3 473/27/3
f 505/23/3 473/23/3 504/23/3
f 506/17/3 475/17/3 474/17/3
f 506/27/3 474/27/3 505/27/3
f 507/27/3 476/27/3 475/27/3
f 507/17/3 475/17/3 506/17/3
f 508/1/3 477/1/3 476/1/3
f 508/27/3 476/27/3 507/27/3
f 509/5/3 478/5/3 477/5/3
f 509/1/3 477/1/3 508/1/3
f 509/5/3 479/5/3 478/5/3
f 510/5/3 479/5/3 509/5/3
f 511/7/3 480/7/3 479/7/3
f 511/5/3 479/5/3 510/5/3
f 512/1/3 481/1/3 480/1/3
f 512/7/3 480/7/3 511/7/3
f 513/10/3 482/10/3 481/10/3
f 513/1/3 481/1/3 512/1/3
f 513/10/3 483/10/3 482/10/3
f 514/1/3 484/1/3 483/1/3
f 514/10/3 483/10/3 513/10/3
f 515/16/3 485/16/3 484/16/3
f 515/1/3 484/1/3 514/1/3
f 516/8/3 486/8/3 485/8/3
f 516/16/3 485/16/3 515/16/3
f 516/8/3 487/8/3 486/8/3
f 517/13/3 488/13/3 487/13/3
f 517/8/3 487/8/3 516/8/3
f 518/7/3 489/7/3 488/7/3
f 518/13/3 488/13/3 517/13/3
f 519/13/3 490/13/3 489/13/3
f 519/7/3 489/7/3 518/7/3
f 520/6/3 454/6/3 490/6/3
f 520/13/3 490/13/3 519/13/3
f 521/14/3 491/14/3 454/14/3
f 521/6/3 454/6/3 520/6/3
f 522/6/3 492/6/3 491/6/3
f 522/14/3 491/14/3 521/14/3
f 523/14/3 493/14/3 492/14/3
f 523/6/3 492/6/3 522/6/3
f 524/6/3 494/6/3 493/6/3
f 524/14/3 493/14/3 523/14/3
f 525/15/3 459/15/3 495/15/3
f 525/15/3 495/15/3 494/15/3
f 526/7/3 460/7/3 459/7/3
f 526/15/3 459/15/3 525/15/3
f 527/7/3 460/7/3 526/7/3
f 529/4/3 497/4/3 496/4/3
f 529/4/3 496/4/3 463/4/3
f 530/4/3 497/4/3 529/4/3
f 531/19/3 498/19/3 497/19/3
f 531/4/3 497/4/3 530/4/3
f 531/19/3 499/19/3 498/19/3
f 532/19/3 499/19/3 531/19/3
f 533/20/3 500/20/3 499/20/3
f 533/19/3 499/19/3 532/19/3
f 534/19/3 501/19/3 500/19/3
f 534/20/3 500/20/3 533/20/3
f 535/27/3 502/27/3 501/27/3
f 535/19/3 501/19/3 534/19/3
f 535/27/3 503/27/3 502/27/3
f 536/27/3 503/27/3 535/27/3
f 537/26/3 504/26/3 503/26/3
f 537/27/3 503/27/3 536/27/3
f 538/27/3 505/27/3 504/27/3
f 538/26/3 504/26/3 537/26/3
f 539/23/3 506/23/3 505/23/3
f 539/27/3 505/27/3 538/27/3
f 540/27/3 507/27/3 506/27/3
f 540/23/3 506/23/3 539/23/3
f 541/11/3 508/11/3 507/11/3
f 541/27/3 507/27/3 540/27/3
f 541/11/3 509/11/3 508/11/3
f 542/11/3 509/11/3 541/11/3
f 543/5/3 510/5/3 509/5/3
f 543/11/3 509/11/3 542/11/3
f 544/7/3 511/7/3 510/7/3
f 544/5/3 510/5/3 543/5/3
f 545/6/3 512/6/3 511/6/3
f 545/7/3 511/7/3 544/7/3
f 546/7/3 513/7/3 512/7/3
f 546/6/3 512/6/3 545/6/3
f 546/7/3 514/7/3 513/7/3
f 547/7/3 514/7/3 546/7/3
f 548/8/3 515/8/3 514/8/3
f 548/7/3 514/7/3 547/7/3
f 548/8/3 516/8/3 515/8/3
f 549/7/3 517/7/3 516/7/3
f 549/8/3 516/8/3 548/8/3
f 550/5/3 518/5/3 517/5/3
f 550/7/3 517/7/3 549/7/3
f 551/15/3 519/15/3 518/15/3
f 551/5/3 520/5/3 519/5/3
f 552/6/3 522/6/3 521/6/3
f 552/5/3 520/5/3 551/5/3
f 552/6/3 521/6/3 520/6/3
f 553/6/3 522/6/3 552/6/3
f 554/14/3 523/14/3 522/14/3
f 554/6/3 522/6/3 553/6/3
f 555/6/3 524/6/3 523/6/3
f 555/14/3 523/14/3 554/14/3
f 556/15/3 525/15/3 494/15/3
f 556/6/3 524/6/3 555/6/3
f 556/6/3 494/6/3 524/6/3
f 557/15/3 527/15/3 526/15/3
f 557/6/3 526/6/3 525/6/3
f 558/15/3 527/15/3 557/15/3
f 561/19/3 529/19/3 528/19/3
f 562/9/3 530/9/3 529/9/3
f 562/19/3 529/19/3 561/19/3
f 563/19/3 531/19/3 530/19/3
f 563/9/3 530/9/3 562/9/3
f 564/4/3 532/4/3 531/4/3
f 564/19/3 531/19/3 563/19/3
f 565/20/3 533/20/3 532/20/3
f 565/4/3 532/4/3 564/4/3
f 566/19/3 534/19/3 533/19/3
f 566/20/3 533/20/3 565/20/3
f 567/5/3 535/5/3 534/5/3
f 567/19/3 534/19/3 566/19/3
f 568/13/3 536/13/3 535/13/3
f 568/5/3 535/5/3 567/5/3
f 569/27/3 537/27/3 536/27/3
f 569/13/3 536/13/3 568/13/3
f 569/27/3 538/27/3 537/27/3
f 570/27/3 538/27/3 569/27/3
f 571/23/3 539/23/3 538/23/3
f 571/27/3 538/27/3 570/27/3
f 572/27/3 540/27/3 539/27/3
f 572/23/3 539/23/3 571/23/3
f 573/23/3 541/23/3 540/23/3
f 573/27/3 540/27/3 572/27/3
f 574/27/3 542/27/3 541/27/3
f 574/23/3 541/23/3 573/23/3
f 575/11/3 543/11/3 542/11/3
f 575/27/3 542/27/3 574/27/3
f 576/12/3 544/12/3 543/12/3
f 576/11/3 543/11/3 575/11/3
f 577/8/3 545/8/3 544/8/3
f 577/12/3 544/12/3 576/12/3
f 578/7/3 546/7/3 545/7/3
f 578/8/3 545/8/3 577/8/3
f 579/6/3 547/6/3 546/6/3
f 579/7/3 546/7/3 578/7/3
f 580/14/3 548/14/3 547/14/3
f 580/6/3 547/6/3 579/6/3
f 581/7/3 549/7/3 548/7/3
f 581/14/3 548/14/3 580/14/3
f 582/7/3 549/7/3 581/7/3
f 583/6/3 550/6/3 549/6/3
f 583/7/3 549/7/3 582/7/3
f 584/5/3 518/5/3 550/5/3
f 584/6/3 550/6/3 583/6/3
f 585/15/3 551/15/3 518/15/3
f 585/5/3 518/5/3 584/5/3
f 586/13/3 552/13/3 551/13/3
f 586/15/3 551/15/3 585/15/3
f 587/15/3 553/15/3 552/15/3
f 587/13/3 552/13/3 586/13/3
f 588/6/3 555/6/3 554/6/3
f 588/15/3 553/15/3 587/15/3
f 588/6/3 554/6/3 553/6/3
f 589/15/3 556/15/3 555/15/3
f 589/6/3 555/6/3 588/6/3
f 590/15/3 556/15/3 589/15/3
f 591/15/3 525/15/3 556/15/3
f 591/15/3 556/15/3 590/15/3
f 592/6/3 557/6/3 525/6/3
f 592/15/3 525/15/3 591/15/3
f 592/6/3 558/6/3 557/6/3
f 593/6/3 558/6/3 592/6/3
f 594/6/3 558/6/3 593/6/3
f 595/19/3 560/19/3 559/19/3
f 596/1/3 561/1/3 560/1/3
f 596/19/3 560/19/3 595/19/3
f 597/5/3 562/5/3 561/5/3
f 597/1/3 561/1/3 596/1/3
f 598/10/3 563/10/3 562/10/3
f 598/5/3 562/5/3 597/5/3
f 599/4/3 564/4/3 563/4/3
f 599/10/3 563/10/3 598/10/3
f 600/20/3 565/20/3 564/20/3
f 600/4/3 564/4/3 599/4/3
f 601/19/3 566/19/3 565/19/3
f 601/20/3 565/20/3 600/20/3
f 602/13/3 567/13/3 566/13/3
f 602/19/3 566/19/3 601/19/3
f 603/9/3 568/9/3 567/9/3
f 603/13/3 567/13/3 602/13/3
f 604/5/3 570/5/3 569/5/3
f 604/2/3 569/2/3 568/2/3
f 605/27/3 571/27/3 570/27/3
f 605/5/3 570/5/3 604/5/3
f 605/27/3 572/27/3 571/27/3
f 606/27/3 572/27/3 605/27/3
f 607/23/3 573/23/3 572/23/3
f 607/27/3 572/27/3 606/27/3
f 608/27/3 574/27/3 573/27/3
f 608/23/3 573/23/3 607/23/3
f 609/23/3 575/23/3 574/23/3
f 609/27/3 574/27/3 608/27/3
f 610/27/3 576/27/3 575/27/3
f 610/23/3 575/23/3 609/23/3
f 611/12/3 578/12/3 577/12/3
f 611/27/3 576/27/3 610/27/3
f 611/12/3 577/12/3 576/12/3
f 612/12/3 578/12/3 611/12/3
f 613/7/3 579/7/3 578/7/3
f 613/12/3 578/12/3 612/12/3
f 613/7/3 580/7/3 579/7/3
f 614/7/3 580/7/3 613/7/3
f 615/6/3 581/6/3 580/6/3
f 615/7/3 580/7/3 614/7/3
f 616/6/3 581/6/3 615/6/3
f 617/7/3 582/7/3 581/7/3
f 617/6/3 581/6/3 616/6/3
f 618/6/3 583/6/3 582/6/3
f 618/7/3 582/7/3 617/7/3
f 619/7/3 584/7/3 583/7/3
f 619/6/3 583/6/3 618/6/3
f 620/7/3 584/7/3 619/7/3
f 621/15/3 585/15/3 584/15/3
f 621/7/3 584/7/3 620/7/3
f 622/7/3 587/7/3 586/7/3
f 622/15/3 585/15/3 621/15/3
f 622/7/3 586/7/3 585/7/3
f 622/7/3 588/7/3 587/7/3
f 623/15/3 589/15/3 588/15/3
f 623/7/3 588/7/3 622/7/3
f 624/14/3 590/14/3 589/14/3
f 624/15/3 589/15/3 623/15/3
f 625/15/3 591/15/3 590/15/3
f 625/14/3 590/14/3 624/14/3
f 626/6/3 592/6/3 591/6/3
f 626/6/3 593/6/3 592/6/3
f 627/15/3 594/15/3 593/15/3
f 627/6/3 593/6/3 626/6/3
f 628/15/3 594/15/3 627/15/3
f 629/19/3 597/19/3 596/19/3
f 629/5/3 598/5/3 597/5/3
f 630/3/3 599/3/3 598/3/3
f 630/5/3 598/5/3 629/5/3
f 631/4/3 600/4/3 599/4/3
f 631/3/3 599/3/3 630/3/3
f 632/19/3 601/19/3 600/19/3
f 632/4/3 600/4/3 631/4/3
f 633/20/3 602/20/3 601/20/3
f 633/19/3 601/19/3 632/19/3
f 634/5/3 603/5/3 602/5/3
f 634/20/3 602/20/3 633/20/3
f 635/9/3 568/9/3 603/9/3
f 635/5/3 603/5/3 634/5/3
f 636/2/3 604/2/3 568/2/3
f 636/9/3 568/9/3 635/9/3
f 637/20/3 605/20/3 604/20/3
f 637/2/3 604/2/3 636/2/3
f 638/27/3 606/27/3 605/27/3
f 638/20/3 605/20/3 637/20/3
f 639/26/3 607/26/3 606/26/3
f 639/27/3 606/27/3 638/27/3
f 639/26/3 608/26/3 607/26/3
f 640/26/3 608/26/3 639/26/3
f 641/23/3 609/23/3 608/23/3
f 641/26/3 608/26/3 640/26/3
f 642/26/3 610/26/3 609/26/3
f 642/23/3 609/23/3 641/23/3
f 642/26/3 611/26/3 610/26/3
f 643/26/3 611/26/3 642/26/3
f 644/24/3 612/24/3 611/24/3
f 644/26/3 611/26/3 643/26/3
f 645/8/3 614/8/3 613/8/3
f 645/24/3 612/24/3 644/24/3
f 645/8/3 613/8/3 612/8/3
f 646/8/3 614/8/3 645/8/3
f 647/15/3 616/15/3 615/15/3
f 647/8/3 614/8/3 646/8/3
f 647/15/3 615/15/3 614/15/3
f 648/6/3 617/6/3 616/6/3
f 648/15/3 616/15/3 647/15/3
f 648/6/3 618/6/3 617/6/3
f 649/7/3 619/7/3 618/7/3
f 649/6/3 618/6/3 648/6/3
f 650/6/3 620/6/3 619/6/3
f 650/7/3 619/7/3 649/7/3
f 651/14/3 621/14/3 620/14/3
f 651/6/3 620/6/3 650/6/3
f 651/14/3 622/14/3 621/14/3
f 652/6/3 623/6/3 622/6/3
f 652/14/3 622/14/3 651/14/3
f 653/6/3 623/6/3 652/6/3
f 654/6/3 623/6/3 653/6/3
f 655/14/3 624/14/3 623/14/3
f 655/6/3 623/6/3 654/6/3
f 656/14/3 624/14/3 655/14/3
f 657/6/3 625/6/3 624/6/3
f 657/14/3 624/14/3 656/14/3
f 658/15/3 591/15/3 625/15/3
f 658/6/3 625/6/3 657/6/3
f 659/6/3 626/6/3 591/6/3
f 659/15/3 591/15/3 658/15/3
f 660/15/3 627/15/3 626/15/3
f 660/6/3 626/6/3 659/6/3
f 661/4/3 596/4/3 595/4/3
f 662/19/3 629/19/3 596/19/3
f 662/4/3 596/4/3 661/4/3
f 662/19/3 630/19/3 629/19/3
f 663/4/3 632/4/3 631/4/3
f 663/19/3 630/19/3 662/19/3
f 663/4/3 631/4/3 630/4/3
f 664/4/3 632/4/3 663/4/3
f 665/20/3 633/20/3 632/20/3
f 665/4/3 632/4/3 664/4/3
f 666/4/3 634/4/3 633/4/3
f 666/20/3 633/20/3 665/20/3
f 667/5/3 635/5/3 634/5/3
f 667/4/3 634/4/3 666/4/3
f 668/13/3 636/13/3 635/13/3
f 668/5/3 635/5/3 667/5/3
f 669/3/3 638/3/3 637/3/3
f 669/5/3 639/5/3 638/5/3
f 670/27/3 640/27/3 639/27/3
f 670/5/3 639/5/3 669/5/3
f 671/26/3 641/26/3 640/26/3
f 671/27/3 640/27/3 670/27/3
f 671/26/3 642/26/3 641/26/3
f 671/26/3 643/26/3 642/26/3
f 672/26/3 643/26/3 671/26/3
f 673/26/3 643/26/3 672/26/3
f 674/24/3 644/24/3 643/24/3
f 674/26/3 643/26/3 673/26/3
f 675/8/3 645/8/3 644/8/3
f 675/24/3 644/24/3 674/24/3
f 676/7/3 646/7/3 645/7/3
f 676/8/3 645/8/3 675/8/3
f 677/8/3 647/8/3 646/8/3
f 677/7/3 646/7/3 676/7/3
f 677/8/3 648/8/3 647/8/3
f 678/8/3 648/8/3 677/8/3
f 679/8/3 648/8/3 678/8/3
f 680/7/3 649/7/3 648/7/3
f 680/8/3 648/8/3 679/8/3
f 681/7/3 649/7/3 680/7/3
f 682/15/3 650/15/3 649/15/3
f 682/7/3 649/7/3 681/7/3
f 682/15/3 651/15/3 650/15/3
f 683/15/3 651/15/3 682/15/3
f 684/6/3 653/6/3 652/6/3
f 684/15/3 651/15/3 683/15/3
f 684/6/3 652/6/3 651/6/3
f 685/15/3 654/15/3 653/15/3
f 685/6/3 653/6/3 684/6/3
f 686/14/3 655/14/3 654/14/3
f 686/15/3 654/15/3 685/15/3
f 687/6/3 656/6/3 655/6/3
f 687/14/3 655/14/3 686/14/3
f 688/14/3 657/14/3 656/14/3
f 688/6/3 656/6/3 687/6/3
f 689/15/3 658/15/3 657/15/3
f 689/14/3 657/14/3 688/14/3
f 690/6/3 659/6/3 658/6/3
f 690/15/3 658/15/3 689/15/3
f 691/15/3 660/15/3 659/15/3
f 691/6/3 659/6/3 690/6/3
f 692/15/3 627/15/3 660/15/3
f 692/15/3 660/15/3 691/15/3
f 693/7/3 628/7/3 627/7/3
f 693/15/3 627/15/3 692/15/3
f 694/7/3 628/7/3 693/7/3
f 695/4/3 663/4/3 662/4/3
f 696/4/3 663/4/3 695/4/3
f 697/4/3 666/4/3 665/4/3
f 697/4/3 665/4/3 664/4/3
f 698/4/3 666/4/3 697/4/3
f 699/19/3 667/19/3 666/19/3
f 699/20/3 668/20/3 667/20/3
f 700/13/3 636/13/3 668/13/3
f 700/20/3 668/20/3 699/20/3
f 701/2/3 637/2/3 636/2/3
f 701/13/3 636/13/3 700/13/3
f 702/3/3 670/3/3 669/3/3
f 702/2/3 637/2/3 701/2/3
f 702/3/3 669/3/3 637/3/3
f 703/26/3 673/26/3 672/26/3
f 703/24/3 672/24/3 671/24/3
f 704/24/3 674/24/3 673/24/3
f 704/26/3 673/26/3 703/26/3
f 705/8/3 675/8/3 674/8/3
f 705/24/3 674/24/3 704/24/3
f 706/7/3 676/7/3 675/7/3
f 706/8/3 675/8/3 705/8/3
f 707/8/3 677/8/3 676/8/3
f 707/7/3 676/7/3 706/7/3
f 708/7/3 678/7/3 677/7/3
f 708/8/3 677/8/3 707/8/3
f 709/8/3 679/8/3 678/8/3
f 709/7/3 678/7/3 708/7/3
f 710/10/3 680/10/3 679/10/3
f 710/8/3 679/8/3 709/8/3
f 711/2/3 681/2/3 680/2/3
f 711/10/3 680/10/3 710/10/3
f 712/13/3 682/13/3 681/13/3
f 712/2/3 681/2/3 711/2/3
f 713/8/3 683/8/3 682/8/3
f 713/13/3 682/13/3 712/13/3
f 714/15/3 685/15/3 684/15/3
f 714/7/3 684/7/3 683/7/3
f 715/6/3 686/6/3 685/6/3
f 715/15/3 685/15/3 714/15/3
f 715/6/3 687/6/3 686/6/3
f 716/7/3 688/7/3 687/7/3
f 716/6/3 687/6/3 715/6/3
f 717/15/3 689/15/3 688/15/3
f 717/7/3 688/7/3 716/7/3
f 718/6/3 690/6/3 689/6/3
f 718/15/3 689/15/3 717/15/3
f 719/15/3 691/15/3 690/15/3
f 719/6/3 690/6/3 718/6/3
f 720/7/3 692/7/3 691/7/3
f 720/15/3 691/15/3 719/15/3
f 721/15/3 693/15/3 692/15/3
f 721/7/3 692/7/3 720/7/3
f 722/8/3 694/8/3 693/8/3
f 722/15/3 693/15/3 721/15/3
f 723/4/3 666/4/3 698/4/3
f 723/8/3 698/8/3 697/8/3
f 724/19/3 699/19/3 666/19/3
f 724/4/3 666/4/3 723/4/3
f 725/4/3 700/4/3 699/4/3
f 725/19/3 699/19/3 724/19/3
f 726/20/3 701/20/3 700/20/3
f 726/4/3 700/4/3 725/4/3
f 727/5/3 702/5/3 701/5/3
f 727/20/3 701/20/3 726/20/3
f 728/3/3 670/3/3 702/3/3
f 728/5/3 702/5/3 727/5/3
f 729/20/3 671/20/3 670/20/3
f 729/3/3 670/3/3 728/3/3
f 730/24/3 704/24/3 703/24/3
f 730/20/3 671/20/3 729/20/3
f 730/24/3 703/24/3 671/24/3
f 731/24/3 704/24/3 730/24/3
f 732/7/3 705/7/3 704/7/3
f 732/24/3 704/24/3 731/24/3
f 732/7/3 706/7/3 705/7/3
f 733/8/3 708/8/3 707/8/3
f 733/7/3 706/7/3 732/7/3
f 733/8/3 709/8/3 708/8/3
f 733/8/3 707/8/3 706/8/3
f 734/7/3 710/7/3 709/7/3
f 734/8/3 709/8/3 733/8/3
f 735/8/3 712/8/3 711/8/3
f 735/7/3 710/7/3 734/7/3
f 735/8/3 711/8/3 710/8/3
f 735/8/3 713/8/3 712/8/3
f 736/8/3 713/8/3 735/8/3
f 737/8/3 683/8/3 713/8/3
f 737/8/3 713/8/3 736/8/3
f 738/7/3 716/7/3 715/7/3
f 738/8/3 683/8/3 737/8/3
f 738/7/3 715/7/3 714/7/3
f 738/7/3 714/7/3 683/7/3
f 739/7/3 716/7/3 738/7/3
f 740/7/3 716/7/3 739/7/3
f 741/7/3 716/7/3 740/7/3
f 742/7/3 716/7/3 741/7/3
f 743/6/3 717/6/3 716/6/3
f 743/7/3 716/7/3 742/7/3
f 744/14/3 718/14/3 717/14/3
f 744/6/3 717/6/3 743/6/3
f 745/6/3 719/6/3 718/6/3
f 745/14/3 718/14/3 744/14/3
f 746/7/3 720/7/3 719/7/3
f 746/6/3 719/6/3 745/6/3
f 747/15/3 721/15/3 720/15/3
f 747/7/3 720/7/3 746/7/3
f 748/7/3 722/7/3 721/7/3
f 748/15/3 721/15/3 747/15/3
f 749/8/3 723/8/3 697/8/3
f 750/7/3 724/7/3 723/7/3
f 750/8/3 723/8/3 749/8/3
f 751/4/3 725/4/3 724/4/3
f 751/7/3 724/7/3 750/7/3
f 752/8/3 726/8/3 725/8/3
f 752/4/3 725/4/3 751/4/3
f 753/7/3 727/7/3 726/7/3
f 753/8/3 726/8/3 752/8/3
f 754/20/3 729/20/3 728/20/3
f 754/7/3 727/7/3 753/7/3
f 754/20/3 728/20/3 727/20/3
f 755/20/3 729/20/3 754/20/3
f 756/8/3 730/8/3 729/8/3
f 756/20/3 729/20/3 755/20/3
f 757/7/3 731/7/3 730/7/3
f 757/8/3 730/8/3 756/8/3
f 758/8/3 733/8/3 732/8/3
f 758/7/3 731/7/3 757/7/3
f 758/8/3 732/8/3 731/8/3
f 759/7/3 734/7/3 733/7/3
f 759/8/3 733/8/3 758/8/3
f 760/7/3 734/7/3 759/7/3
f 761/8/3 735/8/3 734/8/3
f 761/7/3 734/7/3 760/7/3
f 762/7/3 736/7/3 735/7/3
f 762/8/3 735/8/3 761/8/3
f 763/7/3 736/7/3 762/7/3
f 764/8/3 737/8/3 736/8/3
f 764/7/3 736/7/3 763/7/3
f 765/7/3 738/7/3 737/7/3
f 765/8/3 737/8/3 764/8/3
f 766/8/3 739/8/3 738/8/3
f 766/7/3 738/7/3 765/7/3
f 767/7/3 740/7/3 739/7/3
f 767/8/3 739/8/3 766/8/3
f 768/15/3 741/15/3 740/15/3
f 768/7/3 740/7/3 767/7/3
f 769/7/3 742/7/3 741/7/3
f 769/15/3 741/15/3 768/15/3
f 770/6/3 745/6/3 744/6/3
f 770/7/3 742/7/3 769/7/3
f 770/6/3 744/6/3 743/6/3
f 770/6/3 743/6/3 742/6/3
f 771/6/3 745/6/3 770/6/3
f 772/6/3 745/6/3 771/6/3
f 773/6/3 745/6/3 772/6/3
f 774/15/3 746/15/3 745/15/3
f 774/6/3 745/6/3 773/6/3
f 775/8/3 747/8/3 746/8/3
f 775/15/3 746/15/3 774/15/3
f 776/7/3 722/7/3 748/7/3
f 776/7/3 748/7/3 747/7/3
f 777/8/3 694/8/3 722/8/3
f 777/7/3 722/7/3 776/7/3
f 778/8/3 694/8/3 777/8/3
f 780/8/3 751/8/3 750/8/3
f 781/7/3 753/7/3 752/7/3
f 781/7/3 752/7/3 751/7/3
f 781/8/3 751/8/3 780/8/3
f 782/7/3 753/7/3 781/7/3
f 783/8/3 754/8/3 753/8/3
f 783/7/3 753/7/3 782/7/3
f 783/8/3 755/8/3 754/8/3
f 784/7/3 756/7/3 755/7/3
f 784/8/3 755/8/3 783/8/3
f 784/7/3 757/7/3 756/7/3
f 785/8/3 758/8/3 757/8/3
f 785/7/3 757/7/3 784/7/3
f 786/7/3 760/7/3 759/7/3
f 786/8/3 758/8/3 785/8/3
f 786/7/3 759/7/3 758/7/3
f 787/7/3 760/7/3 786/7/3
f 788/8/3 761/8/3 760/8/3
f 788/7/3 760/7/3 787/7/3
f 789/7/3 763/7/3 762/7/3
f 789/8/3 761/8/3 788/8/3
f 789/7/3 762/7/3 761/7/3
f 790/7/3 763/7/3 789/7/3
f 791/15/3 764/15/3 763/15/3
f 791/7/3 763/7/3 790/7/3
f 791/15/3 765/15/3 764/15/3
f 792/8/3 766/8/3 765/8/3
f 792/15/3 765/15/3 791/15/3
f 793/7/3 767/7/3 766/7/3
f 793/8/3 766/8/3 792/8/3
f 794/15/3 768/15/3 767/15/3
f 794/7/3 767/7/3 793/7/3
f 795/6/3 769/6/3 768/6/3
f 795/15/3 768/15/3 794/15/3
f 795/6/3 770/6/3 769/6/3
f 796/6/3 770/6/3 795/6/3
f 797/7/3 771/7/3 770/7/3
f 797/6/3 770/6/3 796/6/3
f 798/15/3 772/15/3 771/15/3
f 798/7/3 771/7/3 797/7/3
f 799/6/3 773/6/3 772/6/3
f 799/15/3 772/15/3 798/15/3
f 800/15/3 774/15/3 773/15/3
f 800/6/3 773/6/3 799/6/3
f 801/7/3 775/7/3 774/7/3
f 801/15/3 774/15/3 800/15/3
f 802/8/3 747/8/3 775/8/3
f 802/7/3 775/7/3 801/7/3
f 803/7/3 776/7/3 747/7/3
f 803/8/3 747/8/3 802/8/3
f 804/24/3 777/24/3 776/24/3
f 804/7/3 776/7/3 803/7/3
f 805/24/3 777/24/3 804/24/3
f 807/8/3 782/8/3 781/8/3
f 807/7/3 781/7/3 780/7/3
f 808/7/3 783/7/3 782/7/3
f 808/8/3 782/8/3 807/8/3
f 808/7/3 784/7/3 783/7/3
f 809/8/3 785/8/3 784/8/3
f 809/7/3 784/7/3 808/7/3
f 810/8/3 785/8/3 809/8/3
f 811/7/3 787/7/3 786/7/3
f 811/8/3 785/8/3 810/8/3
f 811/7/3 786/7/3 785/7/3
f 812/7/3 787/7/3 811/7/3
f 813/8/3 788/8/3 787/8/3
f 813/7/3 787/7/3 812/7/3
f 814/7/3 790/7/3 789/7/3
f 814/8/3 788/8/3 813/8/3
f 814/7/3 789/7/3 788/7/3
f 815/7/3 790/7/3 814/7/3
f 816/7/3 790/7/3 815/7/3
f 817/15/3 791/15/3 790/15/3
f 817/7/3 790/7/3 816/7/3
f 818/7/3 793/7/3 792/7/3
f 818/15/3 791/15/3 817/15/3
f 818/7/3 792/7/3 791/7/3
f 819/8/3 794/8/3 793/8/3
f 819/7/3 793/7/3 818/7/3
f 820/7/3 795/7/3 794/7/3
f 820/8/3 794/8/3 819/8/3
f 821/15/3 796/15/3 795/15/3
f 821/7/3 795/7/3 820/7/3
f 822/6/3 797/6/3 796/6/3
f 822/15/3 796/15/3 821/15/3
f 822/6/3 798/6/3 797/6/3
f 823/7/3 799/7/3 798/7/3
f 823/6/3 798/6/3 822/6/3
f 824/15/3 801/15/3 800/15/3
f 824/7/3 799/7/3 823/7/3
f 824/15/3 800/15/3 799/15/3
f 825/15/3 801/15/3 824/15/3
f 826/8/3 802/8/3 801/8/3
f 826/15/3 801/15/3 825/15/3
f 827/22/3 803/22/3 802/22/3
f 827/8/3 802/8/3 826/8/3
f 828/24/3 804/24/3 803/24/3
f 828/22/3 803/22/3 827/22/3
f 829/21/3 805/21/3 804/21/3
f 829/24/3 804/24/3 828/24/3
f 830/24/3 806/24/3 805/24/3
f 830/21/3 805/21/3 829/21/3
f 831/24/3 806/24/3 830/24/3
f 833/7/3 807/7/3 780/7/3
f 833/8/3 780/8/3 779/8/3
f 833/7/3 808/7/3 807/7/3
f 834/7/3 808/7/3 833/7/3
f 835/8/3 809/8/3 808/8/3
f 835/7/3 808/7/3 834/7/3
f 836/8/3 809/8/3 835/8/3
f 837/8/3 809/8/3 836/8/3
f 838/15/3 810/15/3 809/15/3
f 838/8/3 809/8/3 837/8/3
f 839/7/3 811/7/3 810/7/3
f 839/15/3 810/15/3 838/15/3
f 840/8/3 812/8/3 811/8/3
f 840/7/3 811/7/3 839/7/3
f 841/8/3 812/8/3 840/8/3
f 842/15/3 813/15/3 812/15/3
f 842/8/3 812/8/3 841/8/3
f 843/7/3 814/7/3 813/7/3
f 843/15/3 813/15/3 842/15/3
f 844/7/3 814/7/3 843/7/3
f 845/15/3 815/15/3 814/15/3
f 845/7/3 814/7/3 844/7/3
f 846/7/3 816/7/3 815/7/3
f 846/15/3 815/15/3 845/15/3
f 847/8/3 817/8/3 816/8/3
f 847/7/3 816/7/3 846/7/3
f 848/7/3 818/7/3 817/7/3
f 848/8/3 817/8/3 847/8/3
f 849/15/3 823/15/3 822/15/3
f 849/7/3 818/7/3 848/7/3
f 849/15/3 821/15/3 820/15/3
f 849/15/3 822/15/3 821/15/3
f 849/15/3 820/15/3 819/15/3
f 849/15/3 819/15/3 818/15/3
f 850/15/3 823/15/3 849/15/3
f 851/15/3 823/15/3 850/15/3
f 852/15/3 823/15/3 851/15/3
f 853/15/3 823/15/3 852/15/3
f 854/15/3 823/15/3 853/15/3
f 855/8/3 824/8/3 823/8/3
f 855/15/3 823/15/3 854/15/3
f 856/15/3 825/15/3 824/15/3
f 856/8/3 824/8/3 855/8/3
f 857/8/3 826/8/3 825/8/3
f 857/15/3 825/15/3 856/15/3
f 858/22/3 827/22/3 826/22/3
f 858/8/3 826/8/3 857/8/3
f 859/21/3 828/21/3 827/21/3
f 859/22/3 827/22/3 858/22/3
f 860/8/3 829/8/3 828/8/3
f 860/21/3 828/21/3 859/21/3
f 861/24/3 830/24/3 829/24/3
f 861/8/3 829/8/3 860/8/3
f 862/23/3 831/23/3 830/23/3
f 862/24/3 830/24/3 861/24/3
f 863/27/3 832/27/3 831/27/3
f 863/23/3 831/23/3 862/23/3
f 864/27/3 832/27/3 863/27/3
f 866/8/3 833/8/3 779/8/3
f 867/15/3 834/15/3 833/15/3
f 867/8/3 833/8/3 866/8/3
f 868/7/3 836/7/3 835/7/3
f 868/15/3 834/15/3 867/15/3
f 868/7/3 835/7/3 834/7/3
f 869/7/3 836/7/3 868/7/3
f 870/15/3 837/15/3 836/15/3
f 870/7/3 836/7/3 869/7/3
f 871/7/3 838/7/3 837/7/3
f 871/15/3 837/15/3 870/15/3
f 872/8/3 839/8/3 838/8/3
f 872/7/3 838/7/3 871/7/3
f 873/15/3 841/15/3 840/15/3
f 873/8/3 839/8/3 872/8/3
f 873/15/3 840/15/3 839/15/3
f 874/7/3 843/7/3 842/7/3
f 874/15/3 841/15/3 873/15/3
f 874/7/3 844/7/3 843/7/3
f 874/7/3 842/7/3 841/7/3
f 875/7/3 844/7/3 874/7/3
f 876/8/3 845/8/3 844/8/3
f 876/7/3 844/7/3 875/7/3
f 876/8/3 846/8/3 845/8/3
f 877/7/3 847/7/3 846/7/3
f 877/8/3 846/8/3 876/8/3
f 878/15/3 848/15/3 847/15/3
f 878/7/3 847/7/3 877/7/3
f 879/7/3 849/7/3 848/7/3
f 879/15/3 848/15/3 878/15/3
f 879/7/3 850/7/3 849/7/3
f 880/8/3 851/8/3 850/8/3
f 880/7/3 850/7/3 879/7/3
f 881/7/3 852/7/3 851/7/3
f 881/8/3 851/8/3 880/8/3
f 882/15/3 853/15/3 852/15/3
f 882/7/3 852/7/3 881/7/3
f 883/7/3 854/7/3 853/7/3
f 883/15/3 853/15/3 882/15/3
f 884/15/3 855/15/3 854/15/3
f 884/7/3 854/7/3 883/7/3
f 885/24/3 857/24/3 856/24/3
f 885/15/3 855/15/3 884/15/3
f 885/24/3 856/24/3 855/24/3
f 886/24/3 857/24/3 885/24/3
f 887/23/3 858/23/3 857/23/3
f 887/24/3 857/24/3 886/24/3
f 888/15/3 859/15/3 858/15/3
f 888/23/3 858/23/3 887/23/3
f 889/23/3 860/23/3 859/23/3
f 889/15/3 859/15/3 888/15/3
f 890/7/3 861/7/3 860/7/3
f 890/23/3 860/23/3 889/23/3
f 891/7/3 861/7/3 890/7/3
f 892/24/3 863/24/3 862/24/3
f 893/15/3 869/15/3 868/15/3
f 893/8/3 868/8/3 867/8/3
f 894/8/3 871/8/3 870/8/3
f 894/15/3 869/15/3 893/15/3
f 894/8/3 870/8/3 869/8/3
f 895/8/3 871/8/3 894/8/3
f 896/15/3 872/15/3 871/15/3
f 896/8/3 871/8/3 895/8/3
f 896/15/3 873/15/3 872/15/3
f 897/15/3 873/15/3 896/15/3
f 898/7/3 874/7/3 873/7/3
f 898/15/3 873/15/3 897/15/3
f 899/15/3 875/15/3 874/15/3
f 899/7/3 874/7/3 898/7/3
f 900/8/3 876/8/3 875/8/3
f 900/15/3 875/15/3 899/15/3
f 901/15/3 877/15/3 876/15/3
f 901/8/3 876/8/3 900/8/3
f 901/15/3 878/15/3 877/15/3
f 902/15/3 878/15/3 901/15/3
f 903/15/3 878/15/3 902/15/3
f 904/8/3 880/8/3 879/8/3
f 904/15/3 878/15/3 903/15/3
f 904/8/3 879/8/3 878/8/3
f 905/8/3 880/8/3 904/8/3
f 906/15/3 882/15/3 881/15/3
f 906/8/3 880/8/3 905/8/3
f 906/15/3 881/15/3 880/15/3
f 907/15/3 882/15/3 906/15/3
f 908/7/3 883/7/3 882/7/3
f 908/15/3 882/15/3 907/15/3
f 909/8/3 884/8/3 883/8/3
f 909/7/3 883/7/3 908/7/3
f 910/21/3 886/21/3 885/21/3
f 910/24/3 885/24/3 884/24/3
f 911/22/3 887/22/3 886/22/3
f 911/21/3 886/21/3 910/21/3
f 912/15/3 888/15/3 887/15/3
f 912/22/3 887/22/3 911/22/3
f 913/7/3 889/7/3 888/7/3
f 913/15/3 888/15/3 912/15/3
f 914/23/3 890/23/3 889/23/3
f 914/7/3 889/7/3 913/7/3
f 915/24/3 892/24/3 891/24/3
f 915/23/3 890/23/3 914/23/3
f 915/24/3 891/24/3 890/24/3
f 916/24/3 892/24/3 915/24/3
f 917/24/3 863/24/3 892/24/3
f 917/24/3 892/24/3 916/24/3
f 917/23/3 864/23/3 863/23/3
f 918/27/3 865/27/3 864/27/3
f 918/23/3 864/23/3 917/23/3
f 919/27/3 865/27/3 918/27/3
f 921/8/3 894/8/3 893/8/3
f 921/8/3 893/8/3 867/8/3
f 922/8/3 894/8/3 921/8/3
f 923/7/3 895/7/3 894/7/3
f 923/8/3 894/8/3 922/8/3
f 924/15/3 897/15/3 896/15/3
f 924/7/3 895/7/3 923/7/3
f 924/15/3 896/15/3 895/15/3
f 925/7/3 898/7/3 897/7/3
f 925/15/3 897/15/3 924/15/3
f 926/7/3 898/7/3 925/7/3
f 927/15/3 899/15/3 898/15/3
f 927/7/3 898/7/3 926/7/3
f 928/15/3 899/15/3 927/15/3
f 929/8/3 900/8/3 899/8/3
f 929/15/3 899/15/3 928/15/3
f 930/15/3 902/15/3 901/15/3
f 930/8/3 900/8/3 929/8/3
f 930/15/3 901/15/3 900/15/3
f 931/15/3 902/15/3 930/15/3
f 932/15/3 902/15/3 931/15/3
f 933/7/3 903/7/3 902/7/3
f 933/15/3 902/15/3 932/15/3
f 934/8/3 904/8/3 903/8/3
f 934/7/3 903/7/3 933/7/3
f 935/7/3 905/7/3 904/7/3
f 935/8/3 904/8/3 934/8/3
f 936/15/3 906/15/3 905/15/3
f 936/7/3 905/7/3 935/7/3
f 937/6/3 907/6/3 906/6/3
f 937/15/3 906/15/3 936/15/3
f 938/8/3 908/8/3 907/8/3
f 938/6/3 907/6/3 937/6/3
f 938/8/3 909/8/3 908/8/3
f 939/8/3 909/8/3 938/8/3
f 940/8/3 909/8/3 939/8/3
f 941/24/3 910/24/3 884/24/3
f 941/8/3 909/8/3 940/8/3
f 941/8/3 884/8/3 909/8/3
f 942/23/3 911/23/3 910/23/3
f 942/24/3 910/24/3 941/24/3
f 943/21/3 912/21/3 911/21/3
f 943/23/3 911/23/3 942/23/3
f 944/24/3 913/24/3 912/24/3
f 944/21/3 912/21/3 943/21/3
f 945/8/3 914/8/3 913/8/3
f 945/24/3 913/24/3 944/24/3
f 946/23/3 915/23/3 914/23/3
f 946/8/3 914/8/3 945/8/3
f 947/21/3 916/21/3 915/21/3
f 947/23/3 915/23/3 946/23/3
f 948/23/3 917/23/3 916/23/3
f 948/21/3 916/21/3 947/21/3
f 949/23/3 917/23/3 948/23/3
f 950/27/3 918/27/3 917/27/3
f 950/23/3 917/23/3 949/23/3
f 951/27/3 918/27/3 950/27/3
f 952/8/3 922/8/3 921/8/3
f 952/8/3 921/8/3 920/8/3
f 953/15/3 924/15/3 923/15/3
f 953/8/3 922/8/3 952/8/3
f 953/15/3 923/15/3 922/15/3
f 954/15/3 924/15/3 953/15/3
f 955/7/3 925/7/3 924/7/3
f 955/15/3 924/15/3 954/15/3
f 956/7/3 925/7/3 955/7/3
f 957/15/3 926/15/3 925/15/3
f 957/7/3 925/7/3 956/7/3
f 958/8/3 927/8/3 926/8/3
f 958/15/3 926/15/3 957/15/3
f 959/7/3 928/7/3 927/7/3
f 959/8/3 927/8/3 958/8/3
f 960/8/3 929/8/3 928/8/3
f 960/7/3 928/7/3 959/7/3
f 961/15/3 931/15/3 930/15/3
f 961/8/3 929/8/3 960/8/3
f 961/15/3 930/15/3 929/15/3
f 962/15/3 931/15/3 961/15/3
f 963/7/3 932/7/3 931/7/3
f 963/15/3 931/15/3 962/15/3
f 964/8/3 934/8/3 933/8/3
f 964/7/3 932/7/3 963/7/3
f 964/8/3 933/8/3 932/8/3
f 965/8/3 934/8/3 964/8/3
f 966/7/3 935/7/3 934/7/3
f 966/8/3 934/8/3 965/8/3
f 967/8/3 936/8/3 935/8/3
f 967/7/3 935/7/3 966/7/3
f 967/8/3 937/8/3 936/8/3
f 967/8/3 938/8/3 937/8/3
f 968/8/3 938/8/3 967/8/3
f 969/8/3 938/8/3 968/8/3
f 970/7/3 939/7/3 938/7/3
f 970/8/3 938/8/3 969/8/3
f 971/7/3 939/7/3 970/7/3
f 972/15/3 940/15/3 939/15/3
f 972/7/3 939/7/3 971/7/3
f 973/8/3 942/8/3 941/8/3
f 973/15/3 940/15/3 972/15/3
f 973/8/3 941/8/3 940/8/3
f 974/24/3 943/24/3 942/24/3
f 974/8/3 942/8/3 973/8/3
f 975/23/3 944/23/3 943/23/3
f 975/24/3 943/24/3 974/24/3
f 975/23/3 945/23/3 944/23/3
f 976/24/3 946/24/3 945/24/3
f 976/23/3 945/23/3 975/23/3
f 977/23/3 947/23/3 946/23/3
f 977/24/3 946/24/3 976/24/3
f 978/24/3 949/24/3 948/24/3
f 978/23/3 947/23/3 977/23/3
f 978/24/3 948/24/3 947/24/3
f 979/27/3 950/27/3 949/27/3
f 979/24/3 949/24/3 978/24/3
f 980/27/3 950/27/3 979/27/3
f 981/8/3 952/8/3 920/8/3
f 982/7/3 953/7/3 952/7/3
f 982/8/3 952/8/3 981/8/3
f 983/8/3 954/8/3 953/8/3
f 983/7/3 953/7/3 982/7/3
f 984/7/3 956/7/3 955/7/3
f 984/8/3 954/8/3 983/8/3
f 984/7/3 955/7/3 954/7/3
f 985/8/3 958/8/3 957/8/3
f 985/7/3 956/7/3 984/7/3
f 985/8/3 957/8/3 956/8/3
f 986/7/3 959/7/3 958/7/3
f 986/8/3 958/8/3 985/8/3
f 987/8/3 960/8/3 959/8/3
f 987/7/3 959/7/3 986/7/3
f 988/7/3 961/7/3 960/7/3
f 988/8/3 960/8/3 987/8/3
f 989/15/3 962/15/3 961/15/3
f 989/7/3 961/7/3 988/7/3
f 990/7/3 963/7/3 962/7/3
f 990/15/3 962/15/3 989/15/3
f 991/8/3 964/8/3 963/8/3
f 991/7/3 963/7/3 990/7/3
f 992/7/3 965/7/3 964/7/3
f 992/8/3 964/8/3 991/8/3
f 993/15/3 966/15/3 965/15/3
f 993/7/3 965/7/3 992/7/3
f 994/8/3 967/8/3 966/8/3
f 994/15/3 966/15/3 993/15/3
f 994/8/3 968/8/3 967/8/3
f 995/8/3 968/8/3 994/8/3
f 996/7/3 969/7/3 968/7/3
f 996/8/3 968/8/3 995/8/3
f 997/15/3 970/15/3 969/15/3
f 997/7/3 969/7/3 996/7/3
f 998/15/3 970/15/3 997/15/3
f 999/6/3 971/6/3 970/6/3
f 999/15/3 970/15/3 998/15/3
f 1000/7/3 972/7/3 971/7/3
f 1000/6/3 971/6/3 999/6/3
f 1001/8/3 973/8/3 972/8/3
f 1001/7/3 972/7/3 1000/7/3
f 1002/8/3 973/8/3 1001/8/3
f 1003/24/3 976/24/3 975/24/3
f 1004/23/3 977/23/3 976/23/3
f 1004/24/3 976/24/3 1003/24/3
f 1005/24/3 978/24/3 977/24/3
f 1005/23/3 977/23/3 1004/23/3
f 1006/24/3 978/24/3 1005/24/3
f 1007/8/3 983/8/3 982/8/3
f 1008/7/3 984/7/3 983/7/3
f 1008/8/3 983/8/3 1007/8/3
f 1009/8/3 985/8/3 984/8/3
f 1009/7/3 984/7/3 1008/7/3
f 1010/7/3 986/7/3 985/7/3
f 1010/8/3 985/8/3 1009/8/3
f 1011/8/3 987/8/3 986/8/3
f 1011/7/3 986/7/3 1010/7/3
f 1012/15/3 989/15/3 988/15/3
f 1012/8/3 987/8/3 1011/8/3
f 1012/15/3 988/15/3 987/15/3
f 1013/7/3 990/7/3 989/7/3
f 1013/15/3 989/15/3 1012/15/3
f 1014/8/3 991/8/3 990/8/3
f 1014/7/3 990/7/3 1013/7/3
f 1015/7/3 992/7/3 991/7/3
f 1015/8/3 991/8/3 1014/8/3
f 1016/6/3 993/6/3 992/6/3
f 1016/7/3 992/7/3 1015/7/3
f 1017/8/3 994/8/3 993/8/3
f 1017/6/3 993/6/3 1016/6/3
f 1018/7/3 995/7/3 994/7/3
f 1018/8/3 994/8/3 1017/8/3
f 1019/15/3 996/15/3 995/15/3
f 1019/7/3 995/7/3 1018/7/3
f 1020/6/3 997/6/3 996/6/3
f 1020/15/3 996/15/3 1019/15/3
f 1021/7/3 998/7/3 997/7/3
f 1021/6/3 997/6/3 1020/6/3
f 1022/8/3 999/8/3 998/8/3
f 1022/7/3 998/7/3 1021/7/3
f 1022/8/3 1000/8/3 999/8/3
f 1023/8/3 1000/8/3 1022/8/3
f 1024/24/3 1005/24/3 1004/24/3
f 1025/24/3 1005/24/3 1024/24/3
f 1026/7/3 1010/7/3 1009/7/3
f 1027/8/3 1011/8/3 1010/8/3
f 1027/7/3 1010/7/3 1026/7/3
f 1028/15/3 1012/15/3 1011/15/3
f 1028/8/3 1011/8/3 1027/8/3
f 1029/7/3 1013/7/3 1012/7/3
f 1029/15/3 1012/15/3 1028/15/3
f 1030/7/3 1013/7/3 1029/7/3
f 1031/8/3 1014/8/3 1013/8/3
f 1031/7/3 1013/7/3 1030/7/3
f 1032/7/3 1015/7/3 1014/7/3
f 1032/8/3 1014/8/3 1031/8/3
f 1033/6/3 1016/6/3 1015/6/3
f 1033/7/3 1015/7/3 1032/7/3
f 1034/8/3 1017/8/3 1016/8/3
f 1034/6/3 1016/6/3 1033/6/3
f 1035/7/3 1018/7/3 1017/7/3
f 1035/8/3 1017/8/3 1034/8/3
f 1036/15/3 1019/15/3 1018/15/3
f 1036/7/3 1018/7/3 1035/7/3
f 1037/7/3 1020/7/3 1019/7/3
f 1037/15/3 1019/15/3 1036/15/3
f 1038/8/3 1021/8/3 1020/8/3
f 1038/7/3 1020/7/3 1037/7/3
f 1039/8/3 1021/8/3 1038/8/3
f 1040/8/3 1009/8/3 1008/8/3
f 1041/7/3 1026/7/3 1009/7/3
f 1041/8/3 1009/8/3 1040/8/3
f 1042/15/3 1027/15/3 1026/15/3
f 1042/7/3 1026/7/3 1041/7/3
f 1043/7/3 1030/7/3 1029/7/3
f 1043/15/3 1027/15/3 1042/15/3
f 1043/7/3 1028/7/3 1027/7/3
f 1043/7/3 1029/7/3 1028/7/3
f 1044/7/3 1030/7/3 1043/7/3
f 1045/7/3 1030/7/3 1044/7/3
f 1046/8/3 1031/8/3 1030/8/3
f 1046/7/3 1030/7/3 1045/7/3
f 1047/7/3 1032/7/3 1031/7/3
f 1047/8/3 1031/8/3 1046/8/3
f 1048/15/3 1033/15/3 1032/15/3
f 1048/7/3 1032/7/3 1047/7/3
f 1049/8/3 1034/8/3 1033/8/3
f 1049/15/3 1033/15/3 1048/15/3
f 1050/7/3 1035/7/3 1034/7/3
f 1050/8/3 1034/8/3 1049/8/3
f 1051/15/3 1036/15/3 1035/15/3
f 1051/7/3 1035/7/3 1050/7/3
f 1052/8/3 1037/8/3 1036/8/3
f 1052/15/3 1036/15/3 1051/15/3
f 1053/8/3 1037/8/3 1052/8/3
f 1054/8/3 1042/8/3 1041/8/3
f 1054/8/3 1043/8/3 1042/8/3
f 1055/8/3 1043/8/3 1054/8/3
f 1056/7/3 1044/7/3 1043/7/3
f 1056/8/3 1043/8/3 1055/8/3
f 1057/15/3 1045/15/3 1044/15/3
f 1057/7/3 1044/7/3 1056/7/3
f 1058/8/3 1046/8/3 1045/8/3
f 1058/15/3 1045/15/3 1057/15/3
f 1059/8/3 1046/8/3 1058/8/3
f 1060/15/3 1048/15/3 1047/15/3
f 1060/8/3 1046/8/3 1059/8/3
f 1060/15/3 1047/15/3 1046/15/3
f 1061/15/3 1048/15/3 1060/15/3
f 1062/8/3 1049/8/3 1048/8/3
f 1062/15/3 1048/15/3 1061/15/3
f 1063/7/3 1050/7/3 1049/7/3
f 1063/8/3 1049/8/3 1062/8/3
f 1064/8/3 1051/8/3 1050/8/3
f 1064/7/3 1050/7/3 1063/7/3
f 1064/8/3 1052/8/3 1051/8/3
f 1065/8/3 1052/8/3 1064/8/3
f 1066/8/3 1059/8/3 1058/8/3
f 1066/8/3 1058/8/3 1057/8/3
f 1066/8/3 1057/8/3 1056/8/3
f 1066/8/3 1056/8/3 1055/8/3
f 1067/8/3 1059/8/3 1066/8/3
f 1068/8/3 1059/8/3 1067/8/3
f 1069/8/3 1059/8/3 1068/8/3
f 1070/15/3 1060/15/3 1059/15/3
f 1070/8/3 1059/8/3 1069/8/3
f 1071/6/3 1061/6/3 1060/6/3
f 1071/15/3 1060/15/3 1070/15/3
f 1072/8/3 1062/8/3 1061/8/3
f 1072/6/3 1061/6/3 1071/6/3
f 1073/15/3 1063/15/3 1062/15/3
f 1073/8/3 1062/8/3 1072/8/3
f 1074/8/3 1064/8/3 1063/8/3
f 1074/15/3 1063/15/3 1073/15/3
f 1075/8/3 1064/8/3 1074/8/3
f 1076/8/3 1068/8/3 1067/8/3
f 1077/15/3 1069/15/3 1068/15/3
f 1077/8/3 1068/8/3 1076/8/3
f 1078/6/3 1071/6/3 1070/6/3
f 1078/15/3 1069/15/3 1077/15/3
f 1078/6/3 1070/6/3 1069/6/3
f 1079/8/3 1072/8/3 1071/8/3
f 1079/6/3 1071/6/3 1078/6/3
f 1080/7/3 1073/7/3 1072/7/3
f 1080/8/3 1072/8/3 1079/8/3
f 1081/8/3 1074/8/3 1073/8/3
f 1081/7/3 1073/7/3 1080/7/3
f 1082/8/3 1074/8/3 1081/8/3
f 1083/8/3 1078/8/3 1077/8/3
f 1083/8/3 1079/8/3 1078/8/3
f 1084/8/3 1079/8/3 1083/8/3
f 1085/15/3 1080/15/3 1079/15/3
f 1085/8/3 1079/8/3 1084/8/3
f 1086/8/3 1081/8/3 1080/8/3
f 1086/15/3 1080/15/3 1085/15/3
f 1087/8/3 1081/8/3 1086/8/3
f 1088/8/3 1085/8/3 1084/8/3
f 1088/8/3 1086/8/3 1085/8/3
f 1089/8/3 1086/8/3 1088/8/3
f 1090/6/4 1091/6/4 1092/6/4
f 1092/6/4 1091/6/4 1093/6/4
f 1092/15/4 1093/15/4 1097/15/4
f 1093/6/4 1094/6/4 1098/6/4
f 1097/15/4 1093/15/4 1098/15/4
f 1094/15/4 1095/15/4 1099/15/4
f 1098/6/4 1094/6/4 1099/6/4
f 1099/15/4 1095/15/4 1100/15/4
f 1100/15/4 1095/15/4 1101/15/4
f 1096/8/4 1097/8/4 1105/8/4
f 1097/7/4 1098/7/4 1106/7/4
f 1098/7/4 1099/7/4 1106/7/4
f 1105/8/4 1097/8/4 1106/8/4
f 1106/7/4 1099/7/4 1107/7/4
f 1099/15/4 1100/15/4 1108/15/4
f 1107/7/4 1099/7/4 1108/7/4
f 1100/6/4 1101/6/4 1109/6/4
f 1108/15/4 1100/15/4 1109/15/4
f 1101/15/4 1102/15/4 1110/15/4
f 1109/6/4 1101/6/4 1110/6/4
f 1102/7/4 1103/7/4 1111/7/4
f 1110/15/4 1102/15/4 1111/15/4
f 1111/7/4 1103/7/4 1112/7/4
f 1104/7/4 1105/7/4 1123/7/4
f 1123/7/4 1105/7/4 1124/7/4
f 1106/15/4 1107/15/4 1125/15/4
f 1124/7/4 1105/7/4 1125/7/4
f 1105/15/4 1106/15/4 1125/15/4
f 1125/15/4 1107/15/4 1126/15/4
f 1107/8/4 1108/8/4 1127/8/4
f 1126/15/4 1107/15/4 1127/15/4
f 1108/7/4 1109/7/4 1128/7/4
f 1127/8/4 1108/8/4 1128/8/4
f 1109/15/4 1110/15/4 1129/15/4
f 1128/7/4 1109/7/4 1129/7/4
f 1129/15/4 1110/15/4 1130/15/4
f 1110/6/4 1111/6/4 1131/6/4
f 1130/15/4 1110/15/4 1131/15/4
f 1111/14/4 1112/14/4 1132/14/4
f 1131/6/4 1111/6/4 1132/6/4
f 1112/7/4 1113/7/4 1133/7/4
f 1132/14/4 1112/14/4 1133/14/4
f 1133/7/4 1113/7/4 1134/7/4
f 1114/19/4 1115/19/4 1140/19/4
f 1140/19/4 1115/19/4 1141/19/4
f 1115/4/4 1116/4/4 1142/4/4
f 1141/19/4 1115/19/4 1142/19/4
f 1142/4/4 1116/4/4 1143/4/4
f 1117/5/4 1118/5/4 1144/5/4
f 1144/5/4 1118/5/4 1145/5/4
f 1118/7/4 1119/7/4 1146/7/4
f 1145/5/4 1118/5/4 1146/5/4
f 1146/7/4 1119/7/4 1147/7/4
f 1119/15/4 1120/15/4 1148/15/4
f 1147/7/4 1119/7/4 1148/7/4
f 1148/15/4 1120/15/4 1149/15/4
f 1121/3/4 1122/3/4 1153/3/4
f 1153/3/4 1122/3/4 1154/3/4
f 1122/1/4 1123/1/4 1155/1/4
f 1154/3/4 1122/3/4 1155/3/4
f 1123/13/4 1124/13/4 1156/13/4
f 1155/1/4 1123/1/4 1156/1/4
f 1125/8/4 1126/8/4 1157/8/4
f 1156/13/4 1124/13/4 1157/13/4
f 1124/8/4 1125/8/4 1157/8/4
f 1157/8/4 1126/8/4 1158/8/4
f 1126/7/4 1127/7/4 1159/7/4
f 1158/8/4 1126/8/4 1159/8/4
f 1127/15/4 1128/15/4 1160/15/4
f 1159/7/4 1127/7/4 1160/7/4
f 1129/6/4 1130/6/4 1161/6/4
f 1160/15/4 1128/15/4 1161/15/4
f 1128/6/4 1129/6/4 1161/6/4
f 1161/6/4 1130/6/4 1162/6/4
f 1130/14/4 1131/14/4 1163/14/4
f 1162/6/4 1130/6/4 1163/6/4
f 1131/15/4 1132/15/4 1164/15/4
f 1163/14/4 1131/14/4 1164/14/4
f 1132/6/4 1133/6/4 1165/6/4
f 1164/15/4 1132/15/4 1165/15/4
f 1133/6/4 1134/6/4 1165/6/4
f 1165/6/4 1134/6/4 1166/6/4
f 1134/15/4 1135/15/4 1167/15/4
f 1166/6/4 1134/6/4 1167/6/4
f 1167/15/4 1135/15/4 1168/15/4
f 1136/19/4 1137/19/4 1170/19/4
f 1170/19/4 1137/19/4 1171/19/4
f 1137/20/4 1138/20/4 1172/20/4
f 1171/19/4 1137/19/4 1172/19/4
f 1172/20/4 1138/20/4 1173/20/4
f 1140/19/4 1141/19/4 1174/19/4
f 1139/19/4 1140/19/4 1174/19/4
f 1174/19/4 1141/19/4 1175/19/4
f 1141/13/4 1142/13/4 1176/13/4
f 1175/19/4 1141/19/4 1176/19/4
f 1142/19/4 1143/19/4 1177/19/4
f 1176/13/4 1142/13/4 1177/13/4
f 1143/19/4 1144/19/4 1177/19/4
f 1177/19/4 1144/19/4 1178/19/4
f 1144/3/4 1145/3/4 1179/3/4
f 1178/19/4 1144/19/4 1179/19/4
f 1145/13/4 1146/13/4 1180/13/4
f 1179/3/4 1145/3/4 1180/3/4
f 1146/5/4 1147/5/4 1181/5/4
f 1180/13/4 1146/13/4 1181/13/4
f 1147/20/4 1148/20/4 1182/20/4
f 1181/5/4 1147/5/4 1182/5/4
f 1148/27/4 1149/27/4 1183/27/4
f 1182/20/4 1148/20/4 1183/20/4
f 1149/27/4 1150/27/4 1183/27/4
f 1183/27/4 1150/27/4 1184/27/4
f 1150/7/4 1151/7/4 1185/7/4
f 1184/27/4 1150/27/4 1185/27/4
f 1185/7/4 1151/7/4 1186/7/4
f 1152/13/4 1153/13/4 1188/13/4
f 1153/2/4 1154/2/4 1189/2/4
f 1188/13/4 1153/13/4 1189/13/4
f 1154/9/4 1155/9/4 1190/9/4
f 1189/2/4 1154/2/4 1190/2/4
f 1155/9/4 1156/9/4 1190/9/4
f 1156/9/4 1157/9/4 1190/9/4
f 1190/9/4 1157/9/4 1191/9/4
f 1157/3/4 1158/3/4 1192/3/4
f 1191/9/4 1157/9/4 1192/9/4
f 1158/7/4 1159/7/4 1193/7/4
f 1192/3/4 1158/3/4 1193/3/4
f 1159/15/4 1160/15/4 1194/15/4
f 1193/7/4 1159/7/4 1194/7/4
f 1161/6/4 1162/6/4 1195/6/4
f 1194/15/4 1160/15/4 1195/15/4
f 1160/6/4 1161/6/4 1195/6/4
f 1162/15/4 1163/15/4 1196/15/4
f 1195/6/4 1162/6/4 1196/6/4
f 1163/15/4 1164/15/4 1196/15/4
f 1196/15/4 1164/15/4 1197/15/4
f 1165/14/4 1166/14/4 1198/14/4
f 1197/15/4 1164/15/4 1198/15/4
f 1164/14/4 1165/14/4 1198/14/4
f 1198/14/4 1166/14/4 1199/14/4
f 1166/15/4 1167/15/4 1200/15/4
f 1199/14/4 1166/14/4 1200/14/4
f 1167/6/4 1168/6/4 1201/6/4
f 1200/15/4 1167/15/4 1201/15/4
f 1168/15/4 1169/15/4 1202/15/4
f 1201/6/4 1168/6/4 1202/6/4
f 1202/15/4 1169/15/4 1203/15/4
f 1170/4/4 1171/4/4 1205/4/4
f 1171/1/4 1172/1/4 1205/1/4
f 1172/13/4 1173/13/4 1206/13/4
f 1205/1/4 1172/1/4 1206/1/4
f 1174/19/4 1175/19/4 1207/19/4
f 1206/13/4 1173/13/4 1207/13/4
f 1173/19/4 1174/19/4 1207/19/4
f 1207/19/4 1175/19/4 1208/19/4
f 1175/13/4 1176/13/4 1209/13/4
f 1208/19/4 1175/19/4 1209/19/4
f 1176/19/4 1177/19/4 1210/19/4
f 1209/13/4 1176/13/4 1210/13/4
f 1177/20/4 1178/20/4 1211/20/4
f 1210/19/4 1177/19/4 1211/19/4
f 1178/13/4 1179/13/4 1212/13/4
f 1211/20/4 1178/20/4 1212/20/4
f 1179/19/4 1180/19/4 1213/19/4
f 1212/13/4 1179/13/4 1213/13/4
f 1180/4/4 1181/4/4 1214/4/4
f 1213/19/4 1180/19/4 1214/19/4
f 1181/27/4 1182/27/4 1215/27/4
f 1214/4/4 1181/4/4 1215/4/4
f 1182/27/4 1183/27/4 1215/27/4
f 1215/27/4 1183/27/4 1216/27/4
f 1183/26/4 1184/26/4 1217/26/4
f 1216/27/4 1183/27/4 1217/27/4
f 1184/23/4 1185/23/4 1218/23/4
f 1217/26/4 1184/26/4 1218/26/4
f 1185/27/4 1186/27/4 1219/27/4
f 1218/23/4 1185/23/4 1219/23/4
f 1186/7/4 1187/7/4 1220/7/4
f 1219/27/4 1186/27/4 1220/27/4
f 1220/7/4 1187/7/4 1221/7/4
f 1187/13/4 1188/13/4 1222/13/4
f 1221/7/4 1187/7/4 1222/7/4
f 1188/9/4 1189/9/4 1223/9/4
f 1189/9/4 1190/9/4 1223/9/4
f 1190/10/4 1191/10/4 1224/10/4
f 1223/9/4 1190/9/4 1224/9/4
f 1224/10/4 1191/10/4 1225/10/4
f 1191/9/4 1192/9/4 1226/9/4
f 1225/10/4 1191/10/4 1226/10/4
f 1192/9/4 1193/9/4 1226/9/4
f 1226/9/4 1193/9/4 1227/9/4
f 1193/3/4 1194/3/4 1228/3/4
f 1227/9/4 1193/9/4 1228/9/4
f 1194/5/4 1195/5/4 1229/5/4
f 1228/3/4 1194/3/4 1229/3/4
f 1195/7/4 1196/7/4 1230/7/4
f 1229/5/4 1195/5/4 1230/5/4
f 1230/7/4 1196/7/4 1231/7/4
f 1196/15/4 1197/15/4 1232/15/4
f 1231/7/4 1196/7/4 1232/7/4
f 1198/6/4 1199/6/4 1233/6/4
f 1232/15/4 1197/15/4 1233/15/4
f 1197/6/4 1198/6/4 1233/6/4
f 1233/6/4 1199/6/4 1234/6/4
f 1199/14/4 1200/14/4 1235/14/4
f 1234/6/4 1199/6/4 1235/6/4
f 1200/6/4 1201/6/4 1236/6/4
f 1235/14/4 1200/14/4 1236/14/4
f 1201/15/4 1202/15/4 1237/15/4
f 1236/6/4 1201/6/4 1237/6/4
f 1202/6/4 1203/6/4 1238/6/4
f 1237/15/4 1202/15/4 1238/15/4
f 1203/7/4 1204/7/4 1239/7/4
f 1238/6/4 1203/6/4 1239/6/4
f 1170/4/4 1205/4/4 1240/4/4
f 1205/20/4 1206/20/4 1241/20/4
f 1240/4/4 1205/4/4 1241/4/4
f 1206/5/4 1207/5/4 1242/5/4
f 1241/20/4 1206/20/4 1242/20/4
f 1207/9/4 1208/9/4 1243/9/4
f 1242/5/4 1207/5/4 1243/5/4
f 1208/19/4 1209/19/4 1244/19/4
f 1243/9/4 1208/9/4 1244/9/4
f 1209/20/4 1210/20/4 1245/20/4
f 1244/19/4 1209/19/4 1245/19/4
f 1210/20/4 1211/20/4 1245/20/4
f 1245/20/4 1211/20/4 1246/20/4
f 1211/13/4 1212/13/4 1247/13/4
f 1246/20/4 1211/20/4 1247/20/4
f 1212/19/4 1213/19/4 1248/19/4
f 1247/13/4 1212/13/4 1248/13/4
f 1213/4/4 1214/4/4 1249/4/4
f 1248/19/4 1213/19/4 1249/19/4
f 1215/27/4 1216/27/4 1250/27/4
f 1249/4/4 1214/4/4 1250/4/4
f 1214/27/4 1215/27/4 1250/27/4
f 1250/27/4 1216/27/4 1251/27/4
f 1216/23/4 1217/23/4 1252/23/4
f 1251/27/4 1216/27/4 1252/27/4
f 1220/27/4 1221/27/4 1253/27/4
f 1252/23/4 1217/23/4 1253/23/4
f 1218/27/4 1219/27/4 1253/27/4
f 1217/27/4 1218/27/4 1253/27/4
f 1219/27/4 1220/27/4 1253/27/4
f 1253/27/4 1221/27/4 1254/27/4
f 1254/27/4 1221/27/4 1255/27/4
f 1255/27/4 1221/27/4 1256/27/4
f 1221/15/4 1222/15/4 1257/15/4
f 1256/27/4 1221/27/4 1257/27/4
f 1222/13/4 1188/13/4 1258/13/4
f 1257/15/4 1222/15/4 1258/15/4
f 1188/9/4 1223/9/4 1259/9/4
f 1258/13/4 1188/13/4 1259/13/4
f 1223/10/4 1224/10/4 1260/10/4
f 1259/9/4 1223/9/4 1260/9/4
f 1224/3/4 1225/3/4 1261/3/4
f 1260/10/4 1224/10/4 1261/10/4
f 1225/5/4 1226/5/4 1262/5/4
f 1261/3/4 1225/3/4 1262/3/4
f 1226/4/4 1227/4/4 1263/4/4
f 1262/5/4 1226/5/4 1263/5/4
f 1227/16/4 1228/16/4 1264/16/4
f 1263/4/4 1227/4/4 1264/4/4
f 1228/16/4 1229/16/4 1264/16/4
f 1264/16/4 1229/16/4 1265/16/4
f 1229/1/4 1230/1/4 1266/1/4
f 1265/16/4 1229/16/4 1266/16/4
f 1230/3/4 1231/3/4 1267/3/4
f 1266/1/4 1230/1/4 1267/1/4
f 1231/5/4 1232/5/4 1268/5/4
f 1267/3/4 1231/3/4 1268/3/4
f 1232/8/4 1233/8/4 1269/8/4
f 1268/5/4 1232/5/4 1269/5/4
f 1233/7/4 1234/7/4 1270/7/4
f 1269/8/4 1233/8/4 1270/8/4
f 1234/15/4 1235/15/4 1271/15/4
f 1270/7/4 1234/7/4 1271/7/4
f 1235/15/4 1236/15/4 1271/15/4
f 1236/14/4 1237/14/4 1272/14/4
f 1271/15/4 1236/15/4 1272/15/4
f 1237/6/4 1238/6/4 1273/6/4
f 1272/14/4 1237/14/4 1273/14/4
f 1238/15/4 1239/15/4 1274/15/4
f 1273/6/4 1238/6/4 1274/6/4
f 1239/7/4 1204/7/4 1275/7/4
f 1274/15/4 1239/15/4 1275/15/4
f 1275/7/4 1204/7/4 1276/7/4
f 1241/4/4 1242/4/4 1278/4/4
f 1242/19/4 1243/19/4 1279/19/4
f 1278/4/4 1242/4/4 1279/4/4
f 1243/3/4 1244/3/4 1280/3/4
f 1279/19/4 1243/19/4 1280/19/4
f 1244/20/4 1245/20/4 1281/20/4
f 1280/3/4 1244/3/4 1281/3/4
f 1245/19/4 1246/19/4 1282/19/4
f 1281/20/4 1245/20/4 1282/20/4
f 1246/13/4 1247/13/4 1283/13/4
f 1282/19/4 1246/19/4 1283/19/4
f 1247/20/4 1248/20/4 1284/20/4
f 1283/13/4 1247/13/4 1284/13/4
f 1248/4/4 1249/4/4 1285/4/4
f 1284/20/4 1248/20/4 1285/20/4
f 1249/27/4 1250/27/4 1286/27/4
f 1285/4/4 1249/4/4 1286/4/4
f 1250/26/4 1251/26/4 1287/26/4
f 1286/27/4 1250/27/4 1287/27/4
f 1251/23/4 1252/23/4 1288/23/4
f 1287/26/4 1251/26/4 1288/26/4
f 1252/27/4 1253/27/4 1289/27/4
f 1288/23/4 1252/23/4 1289/23/4
f 1253/27/4 1254/27/4 1289/27/4
f 1289/27/4 1254/27/4 1290/27/4
f 1254/18/4 1255/18/4 1291/18/4
f 1290/27/4 1254/27/4 1291/27/4
f 1255/25/4 1256/25/4 1292/25/4
f 1291/18/4 1255/18/4 1292/18/4
f 1256/27/4 1257/27/4 1293/27/4
f 1292/25/4 1256/25/4 1293/25/4
f 1257/8/4 1258/8/4 1294/8/4
f 1293/27/4 1257/27/4 1294/27/4
f 1258/5/4 1259/5/4 1295/5/4
f 1294/8/4 1258/8/4 1295/8/4
f 1259/1/4 1260/1/4 1296/1/4
f 1295/5/4 1259/5/4 1296/5/4
f 1260/10/4 1261/10/4 1297/10/4
f 1296/1/4 1260/1/4 1297/1/4
f 1261/2/4 1262/2/4 1298/2/4
f 1297/10/4 1261/10/4 1298/10/4
f 1262/3/4 1263/3/4 1299/3/4
f 1298/2/4 1262/2/4 1299/2/4
f 1263/5/4 1264/5/4 1300/5/4
f 1299/3/4 1263/3/4 1300/3/4
f 1264/1/4 1265/1/4 1301/1/4
f 1300/5/4 1264/5/4 1301/5/4
f 1265/16/4 1266/16/4 1302/16/4
f 1301/1/4 1265/1/4 1302/1/4
f 1266/3/4 1267/3/4 1303/3/4
f 1302/16/4 1266/16/4 1303/16/4
f 1267/8/4 1268/8/4 1304/8/4
f 1303/3/4 1267/3/4 1304/3/4
f 1268/8/4 1269/8/4 1304/8/4
f 1304/8/4 1269/8/4 1305/8/4
f 1269/15/4 1270/15/4 1306/15/4
f 1305/8/4 1269/8/4 1306/8/4
f 1270/6/4 1271/6/4 1307/6/4
f 1306/15/4 1270/15/4 1307/15/4
f 1271/14/4 1272/14/4 1308/14/4
f 1273/15/4 1274/15/4 1309/15/4
f 1308/14/4 1272/14/4 1309/14/4
f 1272/15/4 1273/15/4 1309/15/4
f 1309/15/4 1274/15/4 1310/15/4
f 1274/6/4 1275/6/4 1311/6/4
f 1310/15/4 1274/15/4 1311/15/4
f 1275/15/4 1276/15/4 1312/15/4
f 1311/6/4 1275/6/4 1312/6/4
f 1280/4/4 1281/4/4 1313/4/4
f 1281/19/4 1282/19/4 1313/19/4
f 1282/13/4 1283/13/4 1314/13/4
f 1313/19/4 1282/19/4 1314/19/4
f 1283/20/4 1284/20/4 1315/20/4
f 1314/13/4 1283/13/4 1315/13/4
f 1284/19/4 1285/19/4 1316/19/4
f 1315/20/4 1284/20/4 1316/20/4
f 1285/19/4 1286/19/4 1316/19/4
f 1316/19/4 1286/19/4 1317/19/4
f 1286/22/4 1287/22/4 1318/22/4
f 1317/19/4 1286/19/4 1318/19/4
f 1287/27/4 1288/27/4 1319/27/4
f 1318/22/4 1287/22/4 1319/22/4
f 1289/23/4 1290/23/4 1320/23/4
f 1319/27/4 1288/27/4 1320/27/4
f 1288/23/4 1289/23/4 1320/23/4
f 1320/23/4 1290/23/4 1321/23/4
f 1290/27/4 1291/27/4 1322/27/4
f 1321/23/4 1290/23/4 1322/23/4
f 1291/17/4 1292/17/4 1323/17/4
f 1322/27/4 1291/27/4 1323/27/4
f 1292/27/4 1293/27/4 1324/27/4
f 1323/17/4 1292/17/4 1324/17/4
f 1293/1/4 1294/1/4 1325/1/4
f 1324/27/4 1293/27/4 1325/27/4
f 1294/5/4 1295/5/4 1326/5/4
f 1325/1/4 1294/1/4 1326/1/4
f 1295/5/4 1296/5/4 1326/5/4
f 1326/5/4 1296/5/4 1327/5/4
f 1296/7/4 1297/7/4 1328/7/4
f 1327/5/4 1296/5/4 1328/5/4
f 1297/1/4 1298/1/4 1329/1/4
f 1328/7/4 1297/7/4 1329/7/4
f 1298/10/4 1299/10/4 1330/10/4
f 1329/1/4 1298/1/4 1330/1/4
f 1299/10/4 1300/10/4 1330/10/4
f 1300/1/4 1301/1/4 1331/1/4
f 1330/10/4 1300/10/4 1331/10/4
f 1301/16/4 1302/16/4 1332/16/4
f 1331/1/4 1301/1/4 1332/1/4
f 1302/8/4 1303/8/4 1333/8/4
f 1332/16/4 1302/16/4 1333/16/4
f 1303/8/4 1304/8/4 1333/8/4
f 1304/13/4 1305/13/4 1334/13/4
f 1333/8/4 1304/8/4 1334/8/4
f 1305/7/4 1306/7/4 1335/7/4
f 1334/13/4 1305/13/4 1335/13/4
f 1306/13/4 1307/13/4 1336/13/4
f 1335/7/4 1306/7/4 1336/7/4
f 1307/6/4 1271/6/4 1337/6/4
f 1336/13/4 1307/13/4 1337/13/4
f 1271/14/4 1308/14/4 1338/14/4
f 1337/6/4 1271/6/4 1338/6/4
f 1308/6/4 1309/6/4 1339/6/4
f 1338/14/4 1308/14/4 1339/14/4
f 1309/14/4 1310/14/4 1340/14/4
f 1339/6/4 1309/6/4 1340/6/4
f 1310/6/4 1311/6/4 1341/6/4
f 1340/14/4 1310/14/4 1341/14/4
f 1312/15/4 1276/15/4 1342/15/4
f 1311/15/4 1312/15/4 1342/15/4
f 1276/7/4 1277/7/4 1343/7/4
f 1342/15/4 1276/15/4 1343/15/4
f 1343/7/4 1277/7/4 1344/7/4
f 1313/4/4 1314/4/4 1346/4/4
f 1280/4/4 1313/4/4 1346/4/4
f 1346/4/4 1314/4/4 1347/4/4
f 1314/19/4 1315/19/4 1348/19/4
f 1347/4/4 1314/4/4 1348/4/4
f 1315/19/4 1316/19/4 1348/19/4
f 1348/19/4 1316/19/4 1349/19/4
f 1316/20/4 1317/20/4 1350/20/4
f 1349/19/4 1316/19/4 1350/19/4
f 1317/19/4 1318/19/4 1351/19/4
f 1350/20/4 1317/20/4 1351/20/4
f 1318/27/4 1319/27/4 1352/27/4
f 1351/19/4 1318/19/4 1352/19/4
f 1319/27/4 1320/27/4 1352/27/4
f 1352/27/4 1320/27/4 1353/27/4
f 1320/26/4 1321/26/4 1354/26/4
f 1353/27/4 1320/27/4 1354/27/4
f 1321/27/4 1322/27/4 1355/27/4
f 1354/26/4 1321/26/4 1355/26/4
f 1322/23/4 1323/23/4 1356/23/4
f 1355/27/4 1322/27/4 1356/27/4
f 1323/27/4 1324/27/4 1357/27/4
f 1356/23/4 1323/23/4 1357/23/4
f 1324/11/4 1325/11/4 1358/11/4
f 1357/27/4 1324/27/4 1358/27/4
f 1325/11/4 1326/11/4 1358/11/4
f 1358/11/4 1326/11/4 1359/11/4
f 1326/5/4 1327/5/4 1360/5/4
f 1359/11/4 1326/11/4 1360/11/4
f 1327/7/4 1328/7/4 1361/7/4
f 1360/5/4 1327/5/4 1361/5/4
f 1328/6/4 1329/6/4 1362/6/4
f 1361/7/4 1328/7/4 1362/7/4
f 1329/7/4 1330/7/4 1363/7/4
f 1362/6/4 1329/6/4 1363/6/4
f 1330/7/4 1331/7/4 1363/7/4
f 1363/7/4 1331/7/4 1364/7/4
f 1331/8/4 1332/8/4 1365/8/4
f 1364/7/4 1331/7/4 1365/7/4
f 1332/8/4 1333/8/4 1365/8/4
f 1333/7/4 1334/7/4 1366/7/4
f 1365/8/4 1333/8/4 1366/8/4
f 1334/5/4 1335/5/4 1367/5/4
f 1366/7/4 1334/7/4 1367/7/4
f 1335/15/4 1336/15/4 1368/15/4
f 1336/5/4 1337/5/4 1368/5/4
f 1338/6/4 1339/6/4 1369/6/4
f 1368/5/4 1337/5/4 1369/5/4
f 1337/6/4 1338/6/4 1369/6/4
f 1369/6/4 1339/6/4 1370/6/4
f 1339/14/4 1340/14/4 1371/14/4
f 1370/6/4 1339/6/4 1371/6/4
f 1340/6/4 1341/6/4 1372/6/4
f 1371/14/4 1340/14/4 1372/14/4
f 1311/15/4 1342/15/4 1373/15/4
f 1372/6/4 1341/6/4 1373/6/4
f 1341/6/4 1311/6/4 1373/6/4
f 1343/15/4 1344/15/4 1374/15/4
f 1342/6/4 1343/6/4 1374/6/4
f 1374/15/4 1344/15/4 1375/15/4
f 1345/19/4 1346/19/4 1378/19/4
f 1346/9/4 1347/9/4 1379/9/4
f 1378/19/4 1346/19/4 1379/19/4
f 1347/19/4 1348/19/4 1380/19/4
f 1379/9/4 1347/9/4 1380/9/4
f 1348/4/4 1349/4/4 1381/4/4
f 1380/19/4 1348/19/4 1381/19/4
f 1349/20/4 1350/20/4 1382/20/4
f 1381/4/4 1349/4/4 1382/4/4
f 1350/19/4 1351/19/4 1383/19/4
f 1382/20/4 1350/20/4 1383/20/4
f 1351/5/4 1352/5/4 1384/5/4
f 1383/19/4 1351/19/4 1384/19/4
f 1352/13/4 1353/13/4 1385/13/4
f 1384/5/4 1352/5/4 1385/5/4
f 1353/27/4 1354/27/4 1386/27/4
f 1385/13/4 1353/13/4 1386/13/4
f 1354/27/4 1355/27/4 1386/27/4
f 1386/27/4 1355/27/4 1387/27/4
f 1355/23/4 1356/23/4 1388/23/4
f 1387/27/4 1355/27/4 1388/27/4
f 1356/27/4 1357/27/4 1389/27/4
f 1388/23/4 1356/23/4 1389/23/4
f 1357/23/4 1358/23/4 1390/23/4
f 1389/27/4 1357/27/4 1390/27/4
f 1358/27/4 1359/27/4 1391/27/4
f 1390/23/4 1358/23/4 1391/23/4
f 1359/11/4 1360/11/4 1392/11/4
f 1391/27/4 1359/27/4 1392/27/4
f 1360/12/4 1361/12/4 1393/12/4
f 1392/11/4 1360/11/4 1393/11/4
f 1361/8/4 1362/8/4 1394/8/4
f 1393/12/4 1361/12/4 1394/12/4
f 1362/7/4 1363/7/4 1395/7/4
f 1394/8/4 1362/8/4 1395/8/4
f 1363/6/4 1364/6/4 1396/6/4
f 1395/7/4 1363/7/4 1396/7/4
f 1364/14/4 1365/14/4 1397/14/4
f 1396/6/4 1364/6/4 1397/6/4
f 1365/7/4 1366/7/4 1398/7/4
f 1397/14/4 1365/14/4 1398/14/4
f 1398/7/4 1366/7/4 1399/7/4
f 1366/6/4 1367/6/4 1400/6/4
f 1399/7/4 1366/7/4 1400/7/4
f 1367/5/4 1335/5/4 1401/5/4
f 1400/6/4 1367/6/4 1401/6/4
f 1335/15/4 1368/15/4 1402/15/4
f 1401/5/4 1335/5/4 1402/5/4
f 1368/13/4 1369/13/4 1403/13/4
f 1402/15/4 1368/15/4 1403/15/4
f 1369/15/4 1370/15/4 1404/15/4
f 1403/13/4 1369/13/4 1404/13/4
f 1371/6/4 1372/6/4 1405/6/4
f 1404/15/4 1370/15/4 1405/15/4
f 1370/6/4 1371/6/4 1405/6/4
f 1372/15/4 1373/15/4 1406/15/4
f 1405/6/4 1372/6/4 1406/6/4
f 1406/15/4 1373/15/4 1407/15/4
f 1373/15/4 1342/15/4 1408/15/4
f 1407/15/4 1373/15/4 1408/15/4
f 1342/6/4 1374/6/4 1409/6/4
f 1408/15/4 1342/15/4 1409/15/4
f 1374/6/4 1375/6/4 1409/6/4
f 1409/6/4 1375/6/4 1410/6/4
f 1410/6/4 1375/6/4 1411/6/4
f 1376/19/4 1377/19/4 1412/19/4
f 1377/1/4 1378/1/4 1413/1/4
f 1412/19/4 1377/19/4 1413/19/4
f 1378/5/4 1379/5/4 1414/5/4
f 1413/1/4 1378/1/4 1414/1/4
f 1379/10/4 1380/10/4 1415/10/4
f 1414/5/4 1379/5/4 1415/5/4
f 1380/4/4 1381/4/4 1416/4/4
f 1415/10/4 1380/10/4 1416/10/4
f 1381/20/4 1382/20/4 1417/20/4
f 1416/4/4 1381/4/4 1417/4/4
f 1382/19/4 1383/19/4 1418/19/4
f 1417/20/4 1382/20/4 1418/20/4
f 1383/13/4 1384/13/4 1419/13/4
f 1418/19/4 1383/19/4 1419/19/4
f 1384/9/4 1385/9/4 1420/9/4
f 1419/13/4 1384/13/4 1420/13/4
f 1386/5/4 1387/5/4 1421/5/4
f 1385/2/4 1386/2/4 1421/2/4
f 1387/27/4 1388/27/4 1422/27/4
f 1421/5/4 1387/5/4 1422/5/4
f 1388/27/4 1389/27/4 1422/27/4
f 1422/27/4 1389/27/4 1423/27/4
f 1389/23/4 1390/23/4 1424/23/4
f 1423/27/4 1389/27/4 1424/27/4
f 1390/27/4 1391/27/4 1425/27/4
f 1424/23/4 1390/23/4 1425/23/4
f 1391/23/4 1392/23/4 1426/23/4
f 1425/27/4 1391/27/4 1426/27/4
f 1392/27/4 1393/27/4 1427/27/4
f 1426/23/4 1392/23/4 1427/23/4
f 1394/12/4 1395/12/4 1428/12/4
f 1427/27/4 1393/27/4 1428/27/4
f 1393/12/4 1394/12/4 1428/12/4
f 1428/12/4 1395/12/4 1429/12/4
f 1395/7/4 1396/7/4 1430/7/4
f 1429/12/4 1395/12/4 1430/12/4
f 1396/7/4 1397/7/4 1430/7/4
f 1430/7/4 1397/7/4 1431/7/4
f 1397/6/4 1398/6/4 1432/6/4
f 1431/7/4 1397/7/4 1432/7/4
f 1432/6/4 1398/6/4 1433/6/4
f 1398/7/4 1399/7/4 1434/7/4
f 1433/6/4 1398/6/4 1434/6/4
f 1399/6/4 1400/6/4 1435/6/4
f 1434/7/4 1399/7/4 1435/7/4
f 1400/7/4 1401/7/4 1436/7/4
f 1435/6/4 1400/6/4 1436/6/4
f 1436/7/4 1401/7/4 1437/7/4
f 1401/15/4 1402/15/4 1438/15/4
f 1437/7/4 1401/7/4 1438/7/4
f 1403/7/4 1404/7/4 1439/7/4
f 1438/15/4 1402/15/4 1439/15/4
f 1402/7/4 1403/7/4 1439/7/4
f 1404/7/4 1405/7/4 1439/7/4
f 1405/15/4 1406/15/4 1440/15/4
f 1439/7/4 1405/7/4 1440/7/4
f 1406/14/4 1407/14/4 1441/14/4
f 1440/15/4 1406/15/4 1441/15/4
f 1407/15/4 1408/15/4 1442/15/4
f 1441/14/4 1407/14/4 1442/14/4
f 1408/6/4 1409/6/4 1443/6/4
f 1409/6/4 1410/6/4 1443/6/4
f 1410/15/4 1411/15/4 1444/15/4
f 1443/6/4 1410/6/4 1444/6/4
f 1444/15/4 1411/15/4 1445/15/4
f 1413/19/4 1414/19/4 1446/19/4
f 1414/5/4 1415/5/4 1446/5/4
f 1415/3/4 1416/3/4 1447/3/4
f 1446/5/4 1415/5/4 1447/5/4
f 1416/4/4 1417/4/4 1448/4/4
f 1447/3/4 1416/3/4 1448/3/4
f 1417/19/4 1418/19/4 1449/19/4
f 1448/4/4 1417/4/4 1449/4/4
f 1418/20/4 1419/20/4 1450/20/4
f 1449/19/4 1418/19/4 1450/19/4
f 1419/5/4 1420/5/4 1451/5/4
f 1450/20/4 1419/20/4 1451/20/4
f 1420/9/4 1385/9/4 1452/9/4
f 1451/5/4 1420/5/4 1452/5/4
f 1385/2/4 1421/2/4 1453/2/4
f 1452/9/4 1385/9/4 1453/9/4
f 1421/20/4 1422/20/4 1454/20/4
f 1453/2/4 1421/2/4 1454/2/4
f 1422/27/4 1423/27/4 1455/27/4
f 1454/20/4 1422/20/4 1455/20/4
f 1423/26/4 1424/26/4 1456/26/4
f 1455/27/4 1423/27/4 1456/27/4
f 1424/26/4 1425/26/4 1456/26/4
f 1456/26/4 1425/26/4 1457/26/4
f 1425/23/4 1426/23/4 1458/23/4
f 1457/26/4 1425/26/4 1458/26/4
f 1426/26/4 1427/26/4 1459/26/4
f 1458/23/4 1426/23/4 1459/23/4
f 1427/26/4 1428/26/4 1459/26/4
f 1459/26/4 1428/26/4 1460/26/4
f 1428/24/4 1429/24/4 1461/24/4
f 1460/26/4 1428/26/4 1461/26/4
f 1430/8/4 1431/8/4 1462/8/4
f 1461/24/4 1429/24/4 1462/24/4
f 1429/8/4 1430/8/4 1462/8/4
f 1462/8/4 1431/8/4 1463/8/4
f 1432/15/4 1433/15/4 1464/15/4
f 1463/8/4 1431/8/4 1464/8/4
f 1431/15/4 1432/15/4 1464/15/4
f 1433/6/4 1434/6/4 1465/6/4
f 1464/15/4 1433/15/4 1465/15/4
f 1434/6/4 1435/6/4 1465/6/4
f 1435/7/4 1436/7/4 1466/7/4
f 1465/6/4 1435/6/4 1466/6/4
f 1436/6/4 1437/6/4 1467/6/4
f 1466/7/4 1436/7/4 1467/7/4
f 1437/14/4 1438/14/4 1468/14/4
f 1467/6/4 1437/6/4 1468/6/4
f 1438/14/4 1439/14/4 1468/14/4
f 1439/6/4 1440/6/4 1469/6/4
f 1468/14/4 1439/14/4 1469/14/4
f 1469/6/4 1440/6/4 1470/6/4
f 1470/6/4 1440/6/4 1471/6/4
f 1440/14/4 1441/14/4 1472/14/4
f 1471/6/4 1440/6/4 1472/6/4
f 1472/14/4 1441/14/4 1473/14/4
f 1441/6/4 1442/6/4 1474/6/4
f 1473/14/4 1441/14/4 1474/14/4
f 1442/15/4 1408/15/4 1475/15/4
f 1474/6/4 1442/6/4 1475/6/4
f 1408/6/4 1443/6/4 1476/6/4
f 1475/15/4 1408/15/4 1476/15/4
f 1443/15/4 1444/15/4 1477/15/4
f 1476/6/4 1443/6/4 1477/6/4
f 1412/4/4 1413/4/4 1478/4/4
f 1413/19/4 1446/19/4 1479/19/4
f 1478/4/4 1413/4/4 1479/4/4
f 1446/19/4 1447/19/4 1479/19/4
f 1448/4/4 1449/4/4 1480/4/4
f 1479/19/4 1447/19/4 1480/19/4
f 1447/4/4 1448/4/4 1480/4/4
f 1480/4/4 1449/4/4 1481/4/4
f 1449/20/4 1450/20/4 1482/20/4
f 1481/4/4 1449/4/4 1482/4/4
f 1450/4/4 1451/4/4 1483/4/4
f 1482/20/4 1450/20/4 1483/20/4
f 1451/5/4 1452/5/4 1484/5/4
f 1483/4/4 1451/4/4 1484/4/4
f 1452/13/4 1453/13/4 1485/13/4
f 1484/5/4 1452/5/4 1485/5/4
f 1454/3/4 1455/3/4 1486/3/4
f 1455/5/4 1456/5/4 1486/5/4
f 1456/27/4 1457/27/4 1487/27/4
f 1486/5/4 1456/5/4 1487/5/4
f 1457/26/4 1458/26/4 1488/26/4
f 1487/27/4 1457/27/4 1488/27/4
f 1458/26/4 1459/26/4 1488/26/4
f 1459/26/4 1460/26/4 1488/26/4
f 1488/26/4 1460/26/4 1489/26/4
f 1489/26/4 1460/26/4 1490/26/4
f 1460/24/4 1461/24/4 1491/24/4
f 1490/26/4 1460/26/4 1491/26/4
f 1461/8/4 1462/8/4 1492/8/4
f 1491/24/4 1461/24/4 1492/24/4
f 1462/7/4 1463/7/4 1493/7/4
f 1492/8/4 1462/8/4 1493/8/4
f 1463/8/4 1464/8/4 1494/8/4
f 1493/7/4 1463/7/4 1494/7/4
f 1464/8/4 1465/8/4 1494/8/4
f 1494/8/4 1465/8/4 1495/8/4
f 1495/8/4 1465/8/4 1496/8/4
f 1465/7/4 1466/7/4 1497/7/4
f 1496/8/4 1465/8/4 1497/8/4
f 1497/7/4 1466/7/4 1498/7/4
f 1466/15/4 1467/15/4 1499/15/4
f 1498/7/4 1466/7/4 1499/7/4
f 1467/15/4 1468/15/4 1499/15/4
f 1499/15/4 1468/15/4 1500/15/4
f 1469/6/4 1470/6/4 1501/6/4
f 1500/15/4 1468/15/4 1501/15/4
f 1468/6/4 1469/6/4 1501/6/4
f 1470/15/4 1471/15/4 1502/15/4
f 1501/6/4 1470/6/4 1502/6/4
f 1471/14/4 1472/14/4 1503/14/4
f 1502/15/4 1471/15/4 1503/15/4
f 1472/6/4 1473/6/4 1504/6/4
f 1503/14/4 1472/14/4 1504/14/4
f 1473/14/4 1474/14/4 1505/14/4
f 1504/6/4 1473/6/4 1505/6/4
f 1474/15/4 1475/15/4 1506/15/4
f 1505/14/4 1474/14/4 1506/14/4
f 1475/6/4 1476/6/4 1507/6/4
f 1506/15/4 1475/15/4 1507/15/4
f 1476/15/4 1477/15/4 1508/15/4
f 1507/6/4 1476/6/4 1508/6/4
f 1477/15/4 1444/15/4 1509/15/4
f 1508/15/4 1477/15/4 1509/15/4
f 1444/7/4 1445/7/4 1510/7/4
f 1509/15/4 1444/15/4 1510/15/4
f 1510/7/4 1445/7/4 1511/7/4
f 1479/4/4 1480/4/4 1512/4/4
f 1512/4/4 1480/4/4 1513/4/4
f 1482/4/4 1483/4/4 1514/4/4
f 1481/4/4 1482/4/4 1514/4/4
f 1514/4/4 1483/4/4 1515/4/4
f 1483/19/4 1484/19/4 1516/19/4
f 1484/20/4 1485/20/4 1516/20/4
f 1485/13/4 1453/13/4 1517/13/4
f 1516/20/4 1485/20/4 1517/20/4
f 1453/2/4 1454/2/4 1518/2/4
f 1517/13/4 1453/13/4 1518/13/4
f 1486/3/4 1487/3/4 1519/3/4
f 1518/2/4 1454/2/4 1519/2/4
f 1454/3/4 1486/3/4 1519/3/4
f 1489/26/4 1490/26/4 1520/26/4
f 1488/24/4 1489/24/4 1520/24/4
f 1490/24/4 1491/24/4 1521/24/4
f 1520/26/4 1490/26/4 1521/26/4
f 1491/8/4 1492/8/4 1522/8/4
f 1521/24/4 1491/24/4 1522/24/4
f 1492/7/4 1493/7/4 1523/7/4
f 1522/8/4 1492/8/4 1523/8/4
f 1493/8/4 1494/8/4 1524/8/4
f 1523/7/4 1493/7/4 1524/7/4
f 1494/7/4 1495/7/4 1525/7/4
f 1524/8/4 1494/8/4 1525/8/4
f 1495/8/4 1496/8/4 1526/8/4
f 1525/7/4 1495/7/4 1526/7/4
f 1496/10/4 1497/10/4 1527/10/4
f 1526/8/4 1496/8/4 1527/8/4
f 1497/2/4 1498/2/4 1528/2/4
f 1527/10/4 1497/10/4 1528/10/4
f 1498/13/4 1499/13/4 1529/13/4
f 1528/2/4 1498/2/4 1529/2/4
f 1499/8/4 1500/8/4 1530/8/4
f 1529/13/4 1499/13/4 1530/13/4
f 1501/15/4 1502/15/4 1531/15/4
f 1500/7/4 1501/7/4 1531/7/4
f 1502/6/4 1503/6/4 1532/6/4
f 1531/15/4 1502/15/4 1532/15/4
f 1503/6/4 1504/6/4 1532/6/4
f 1504/7/4 1505/7/4 1533/7/4
f 1532/6/4 1504/6/4 1533/6/4
f 1505/15/4 1506/15/4 1534/15/4
f 1533/7/4 1505/7/4 1534/7/4
f 1506/6/4 1507/6/4 1535/6/4
f 1534/15/4 1506/15/4 1535/15/4
f 1507/15/4 1508/15/4 1536/15/4
f 1535/6/4 1507/6/4 1536/6/4
f 1508/7/4 1509/7/4 1537/7/4
f 1536/15/4 1508/15/4 1537/15/4
f 1509/15/4 1510/15/4 1538/15/4
f 1537/7/4 1509/7/4 1538/7/4
f 1510/8/4 1511/8/4 1539/8/4
f 1538/15/4 1510/15/4 1539/15/4
f 1515/4/4 1483/4/4 1540/4/4
f 1514/8/4 1515/8/4 1540/8/4
f 1483/19/4 1516/19/4 1541/19/4
f 1540/4/4 1483/4/4 1541/4/4
f 1516/4/4 1517/4/4 1542/4/4
f 1541/19/4 1516/19/4 1542/19/4
f 1517/20/4 1518/20/4 1543/20/4
f 1542/4/4 1517/4/4 1543/4/4
f 1518/5/4 1519/5/4 1544/5/4
f 1543/20/4 1518/20/4 1544/20/4
f 1519/3/4 1487/3/4 1545/3/4
f 1544/5/4 1519/5/4 1545/5/4
f 1487/20/4 1488/20/4 1546/20/4
f 1545/3/4 1487/3/4 1546/3/4
f 1520/24/4 1521/24/4 1547/24/4
f 1546/20/4 1488/20/4 1547/20/4
f 1488/24/4 1520/24/4 1547/24/4
f 1547/24/4 1521/24/4 1548/24/4
f 1521/7/4 1522/7/4 1549/7/4
f 1548/24/4 1521/24/4 1549/24/4
f 1522/7/4 1523/7/4 1549/7/4
f 1524/8/4 1525/8/4 1550/8/4
f 1549/7/4 1523/7/4 1550/7/4
f 1525/8/4 1526/8/4 1550/8/4
f 1523/8/4 1524/8/4 1550/8/4
f 1526/7/4 1527/7/4 1551/7/4
f 1550/8/4 1526/8/4 1551/8/4
f 1528/8/4 1529/8/4 1552/8/4
f 1551/7/4 1527/7/4 1552/7/4
f 1527/8/4 1528/8/4 1552/8/4
f 1529/8/4 1530/8/4 1552/8/4
f 1552/8/4 1530/8/4 1553/8/4
f 1530/8/4 1500/8/4 1554/8/4
f 1553/8/4 1530/8/4 1554/8/4
f 1532/7/4 1533/7/4 1555/7/4
f 1554/8/4 1500/8/4 1555/8/4
f 1531/7/4 1532/7/4 1555/7/4
f 1500/7/4 1531/7/4 1555/7/4
f 1555/7/4 1533/7/4 1556/7/4
f 1556/7/4 1533/7/4 1557/7/4
f 1557/7/4 1533/7/4 1558/7/4
f 1558/7/4 1533/7/4 1559/7/4
f 1533/6/4 1534/6/4 1560/6/4
f 1559/7/4 1533/7/4 1560/7/4
f 1534/14/4 1535/14/4 1561/14/4
f 1560/6/4 1534/6/4 1561/6/4
f 1535/6/4 1536/6/4 1562/6/4
f 1561/14/4 1535/14/4 1562/14/4
f 1536/7/4 1537/7/4 1563/7/4
f 1562/6/4 1536/6/4 1563/6/4
f 1537/15/4 1538/15/4 1564/15/4
f 1563/7/4 1537/7/4 1564/7/4
f 1538/7/4 1539/7/4 1565/7/4
f 1564/15/4 1538/15/4 1565/15/4
f 1514/8/4 1540/8/4 1566/8/4
f 1540/7/4 1541/7/4 1567/7/4
f 1566/8/4 1540/8/4 1567/8/4
f 1541/4/4 1542/4/4 1568/4/4
f 1567/7/4 1541/7/4 1568/7/4
f 1542/8/4 1543/8/4 1569/8/4
f 1568/4/4 1542/4/4 1569/4/4
f 1543/7/4 1544/7/4 1570/7/4
f 1569/8/4 1543/8/4 1570/8/4
f 1545/20/4 1546/20/4 1571/20/4
f 1570/7/4 1544/7/4 1571/7/4
f 1544/20/4 1545/20/4 1571/20/4
f 1571/20/4 1546/20/4 1572/20/4
f 1546/8/4 1547/8/4 1573/8/4
f 1572/20/4 1546/20/4 1573/20/4
f 1547/7/4 1548/7/4 1574/7/4
f 1573/8/4 1547/8/4 1574/8/4
f 1549/8/4 1550/8/4 1575/8/4
f 1574/7/4 1548/7/4 1575/7/4
f 1548/8/4 1549/8/4 1575/8/4
f 1550/7/4 1551/7/4 1576/7/4
f 1575/8/4 1550/8/4 1576/8/4
f 1576/7/4 1551/7/4 1577/7/4
f 1551/8/4 1552/8/4 1578/8/4
f 1577/7/4 1551/7/4 1578/7/4
f 1552/7/4 1553/7/4 1579/7/4
f 1578/8/4 1552/8/4 1579/8/4
f 1579/7/4 1553/7/4 1580/7/4
f 1553/8/4 1554/8/4 1581/8/4
f 1580/7/4 1553/7/4 1581/7/4
f 1554/7/4 1555/7/4 1582/7/4
f 1581/8/4 1554/8/4 1582/8/4
f 1555/8/4 1556/8/4 1583/8/4
f 1582/7/4 1555/7/4 1583/7/4
f 1556/7/4 1557/7/4 1584/7/4
f 1583/8/4 1556/8/4 1584/8/4
f 1557/15/4 1558/15/4 1585/15/4
f 1584/7/4 1557/7/4 1585/7/4
f 1558/7/4 1559/7/4 1586/7/4
f 1585/15/4 1558/15/4 1586/15/4
f 1561/6/4 1562/6/4 1587/6/4
f 1586/7/4 1559/7/4 1587/7/4
f 1560/6/4 1561/6/4 1587/6/4
f 1559/6/4 1560/6/4 1587/6/4
f 1587/6/4 1562/6/4 1588/6/4
f 1588/6/4 1562/6/4 1589/6/4
f 1589/6/4 1562/6/4 1590/6/4
f 1562/15/4 1563/15/4 1591/15/4
f 1590/6/4 1562/6/4 1591/6/4
f 1563/8/4 1564/8/4 1592/8/4
f 1591/15/4 1563/15/4 1592/15/4
f 1565/7/4 1539/7/4 1593/7/4
f 1564/7/4 1565/7/4 1593/7/4
f 1539/8/4 1511/8/4 1594/8/4
f 1593/7/4 1539/7/4 1594/7/4
f 1594/8/4 1511/8/4 1595/8/4
f 1567/8/4 1568/8/4 1597/8/4
f 1569/7/4 1570/7/4 1598/7/4
f 1568/7/4 1569/7/4 1598/7/4
f 1597/8/4 1568/8/4 1598/8/4
f 1598/7/4 1570/7/4 1599/7/4
f 1570/8/4 1571/8/4 1600/8/4
f 1599/7/4 1570/7/4 1600/7/4
f 1571/8/4 1572/8/4 1600/8/4
f 1572/7/4 1573/7/4 1601/7/4
f 1600/8/4 1572/8/4 1601/8/4
f 1573/7/4 1574/7/4 1601/7/4
f 1574/8/4 1575/8/4 1602/8/4
f 1601/7/4 1574/7/4 1602/7/4
f 1576/7/4 1577/7/4 1603/7/4
f 1602/8/4 1575/8/4 1603/8/4
f 1575/7/4 1576/7/4 1603/7/4
f 1603/7/4 1577/7/4 1604/7/4
f 1577/8/4 1578/8/4 1605/8/4
f 1604/7/4 1577/7/4 1605/7/4
f 1579/7/4 1580/7/4 1606/7/4
f 1605/8/4 1578/8/4 1606/8/4
f 1578/7/4 1579/7/4 1606/7/4
f 1606/7/4 1580/7/4 1607/7/4
f 1580/15/4 1581/15/4 1608/15/4
f 1607/7/4 1580/7/4 1608/7/4
f 1581/15/4 1582/15/4 1608/15/4
f 1582/8/4 1583/8/4 1609/8/4
f 1608/15/4 1582/15/4 1609/15/4
f 1583/7/4 1584/7/4 1610/7/4
f 1609/8/4 1583/8/4 1610/8/4
f 1584/15/4 1585/15/4 1611/15/4
f 1610/7/4 1584/7/4 1611/7/4
f 1585/6/4 1586/6/4 1612/6/4
f 1611/15/4 1585/15/4 1612/15/4
f 1586/6/4 1587/6/4 1612/6/4
f 1612/6/4 1587/6/4 1613/6/4
f 1587/7/4 1588/7/4 1614/7/4
f 1613/6/4 1587/6/4 1614/6/4
f 1588/15/4 1589/15/4 1615/15/4
f 1614/7/4 1588/7/4 1615/7/4
f 1589/6/4 1590/6/4 1616/6/4
f 1615/15/4 1589/15/4 1616/15/4
f 1590/15/4 1591/15/4 1617/15/4
f 1616/6/4 1590/6/4 1617/6/4
f 1591/7/4 1592/7/4 1618/7/4
f 1617/15/4 1591/15/4 1618/15/4
f 1592/8/4 1564/8/4 1619/8/4
f 1618/7/4 1592/7/4 1619/7/4
f 1564/7/4 1593/7/4 1620/7/4
f 1619/8/4 1564/8/4 1620/8/4
f 1593/24/4 1594/24/4 1621/24/4
f 1620/7/4 1593/7/4 1621/7/4
f 1621/24/4 1594/24/4 1622/24/4
f 1598/8/4 1599/8/4 1624/8/4
f 1597/7/4 1598/7/4 1624/7/4
f 1599/7/4 1600/7/4 1625/7/4
f 1624/8/4 1599/8/4 1625/8/4
f 1600/7/4 1601/7/4 1625/7/4
f 1601/8/4 1602/8/4 1626/8/4
f 1625/7/4 1601/7/4 1626/7/4
f 1626/8/4 1602/8/4 1627/8/4
f 1603/7/4 1604/7/4 1628/7/4
f 1627/8/4 1602/8/4 1628/8/4
f 1602/7/4 1603/7/4 1628/7/4
f 1628/7/4 1604/7/4 1629/7/4
f 1604/8/4 1605/8/4 1630/8/4
f 1629/7/4 1604/7/4 1630/7/4
f 1606/7/4 1607/7/4 1631/7/4
f 1630/8/4 1605/8/4 1631/8/4
f 1605/7/4 1606/7/4 1631/7/4
f 1631/7/4 1607/7/4 1632/7/4
f 1632/7/4 1607/7/4 1633/7/4
f 1607/15/4 1608/15/4 1634/15/4
f 1633/7/4 1607/7/4 1634/7/4
f 1609/7/4 1610/7/4 1635/7/4
f 1634/15/4 1608/15/4 1635/15/4
f 1608/7/4 1609/7/4 1635/7/4
f 1610/8/4 1611/8/4 1636/8/4
f 1635/7/4 1610/7/4 1636/7/4
f 1611/7/4 1612/7/4 1637/7/4
f 1636/8/4 1611/8/4 1637/8/4
f 1612/15/4 1613/15/4 1638/15/4
f 1637/7/4 1612/7/4 1638/7/4
f 1613/6/4 1614/6/4 1639/6/4
f 1638/15/4 1613/15/4 1639/15/4
f 1614/6/4 1615/6/4 1639/6/4
f 1615/7/4 1616/7/4 1640/7/4
f 1639/6/4 1615/6/4 1640/6/4
f 1617/15/4 1618/15/4 1641/15/4
f 1640/7/4 1616/7/4 1641/7/4
f 1616/15/4 1617/15/4 1641/15/4
f 1641/15/4 1618/15/4 1642/15/4
f 1618/8/4 1619/8/4 1643/8/4
f 1642/15/4 1618/15/4 1643/15/4
f 1619/22/4 1620/22/4 1644/22/4
f 1643/8/4 1619/8/4 1644/8/4
f 1620/24/4 1621/24/4 1645/24/4
f 1644/22/4 1620/22/4 1645/22/4
f 1621/21/4 1622/21/4 1646/21/4
f 1645/24/4 1621/24/4 1646/24/4
f 1622/24/4 1623/24/4 1647/24/4
f 1646/21/4 1622/21/4 1647/21/4
f 1647/24/4 1623/24/4 1648/24/4
f 1597/7/4 1624/7/4 1650/7/4
f 1596/8/4 1597/8/4 1650/8/4
f 1624/7/4 1625/7/4 1650/7/4
f 1650/7/4 1625/7/4 1651/7/4
f 1625/8/4 1626/8/4 1652/8/4
f 1651/7/4 1625/7/4 1652/7/4
f 1652/8/4 1626/8/4 1653/8/4
f 1653/8/4 1626/8/4 1654/8/4
f 1626/15/4 1627/15/4 1655/15/4
f 1654/8/4 1626/8/4 1655/8/4
f 1627/7/4 1628/7/4 1656/7/4
f 1655/15/4 1627/15/4 1656/15/4
f 1628/8/4 1629/8/4 1657/8/4
f 1656/7/4 1628/7/4 1657/7/4
f 1657/8/4 1629/8/4 1658/8/4
f 1629/15/4 1630/15/4 1659/15/4
f 1658/8/4 1629/8/4 1659/8/4
f 1630/7/4 1631/7/4 1660/7/4
f 1659/15/4 1630/15/4 1660/15/4
f 1660/7/4 1631/7/4 1661/7/4
f 1631/15/4 1632/15/4 1662/15/4
f 1661/7/4 1631/7/4 1662/7/4
f 1632/7/4 1633/7/4 1663/7/4
f 1662/15/4 1632/15/4 1663/15/4
f 1633/8/4 1634/8/4 1664/8/4
f 1663/7/4 1633/7/4 1664/7/4
f 1634/7/4 1635/7/4 1665/7/4
f 1664/8/4 1634/8/4 1665/8/4
f 1639/15/4 1640/15/4 1666/15/4
f 1665/7/4 1635/7/4 1666/7/4
f 1637/15/4 1638/15/4 1666/15/4
f 1638/15/4 1639/15/4 1666/15/4
f 1636/15/4 1637/15/4 1666/15/4
f 1635/15/4 1636/15/4 1666/15/4
f 1666/15/4 1640/15/4 1667/15/4
f 1667/15/4 1640/15/4 1668/15/4
f 1668/15/4 1640/15/4 1669/15/4
f 1669/15/4 1640/15/4 1670/15/4
f 1670/15/4 1640/15/4 1671/15/4
f 1640/8/4 1641/8/4 1672/8/4
f 1671/15/4 1640/15/4 1672/15/4
f 1641/15/4 1642/15/4 1673/15/4
f 1672/8/4 1641/8/4 1673/8/4
f 1642/8/4 1643/8/4 1674/8/4
f 1673/15/4 1642/15/4 1674/15/4
f 1643/22/4 1644/22/4 1675/22/4
f 1674/8/4 1643/8/4 1675/8/4
f 1644/21/4 1645/21/4 1676/21/4
f 1675/22/4 1644/22/4 1676/22/4
f 1645/8/4 1646/8/4 1677/8/4
f 1676/21/4 1645/21/4 1677/21/4
f 1646/24/4 1647/24/4 1678/24/4
f 1677/8/4 1646/8/4 1678/8/4
f 1647/23/4 1648/23/4 1679/23/4
f 1678/24/4 1647/24/4 1679/24/4
f 1648/27/4 1649/27/4 1680/27/4
f 1679/23/4 1648/23/4 1680/23/4
f 1680/27/4 1649/27/4 1681/27/4
f 1596/8/4 1650/8/4 1683/8/4
f 1650/15/4 1651/15/4 1684/15/4
f 1683/8/4 1650/8/4 1684/8/4
f 1652/7/4 1653/7/4 1685/7/4
f 1684/15/4 1651/15/4 1685/15/4
f 1651/7/4 1652/7/4 1685/7/4
f 1685/7/4 1653/7/4 1686/7/4
f 1653/15/4 1654/15/4 1687/15/4
f 1686/7/4 1653/7/4 1687/7/4
f 1654/7/4 1655/7/4 1688/7/4
f 1687/15/4 1654/15/4 1688/15/4
f 1655/8/4 1656/8/4 1689/8/4
f 1688/7/4 1655/7/4 1689/7/4
f 1657/15/4 1658/15/4 1690/15/4
f 1689/8/4 1656/8/4 1690/8/4
f 1656/15/4 1657/15/4 1690/15/4
f 1659/7/4 1660/7/4 1691/7/4
f 1690/15/4 1658/15/4 1691/15/4
f 1660/7/4 1661/7/4 1691/7/4
f 1658/7/4 1659/7/4 1691/7/4
f 1691/7/4 1661/7/4 1692/7/4
f 1661/8/4 1662/8/4 1693/8/4
f 1692/7/4 1661/7/4 1693/7/4
f 1662/8/4 1663/8/4 1693/8/4
f 1663/7/4 1664/7/4 1694/7/4
f 1693/8/4 1663/8/4 1694/8/4
f 1664/15/4 1665/15/4 1695/15/4
f 1694/7/4 1664/7/4 1695/7/4
f 1665/7/4 1666/7/4 1696/7/4
f 1695/15/4 1665/15/4 1696/15/4
f 1666/7/4 1667/7/4 1696/7/4
f 1667/8/4 1668/8/4 1697/8/4
f 1696/7/4 1667/7/4 1697/7/4
f 1668/7/4 1669/7/4 1698/7/4
f 1697/8/4 1668/8/4 1698/8/4
f 1669/15/4 1670/15/4 1699/15/4
f 1698/7/4 1669/7/4 1699/7/4
f 1670/7/4 1671/7/4 1700/7/4
f 1699/15/4 1670/15/4 1700/15/4
f 1671/15/4 1672/15/4 1701/15/4
f 1700/7/4 1671/7/4 1701/7/4
f 1673/24/4 1674/24/4 1702/24/4
f 1701/15/4 1672/15/4 1702/15/4
f 1672/24/4 1673/24/4 1702/24/4
f 1702/24/4 1674/24/4 1703/24/4
f 1674/23/4 1675/23/4 1704/23/4
f 1703/24/4 1674/24/4 1704/24/4
f 1675/15/4 1676/15/4 1705/15/4
f 1704/23/4 1675/23/4 1705/23/4
f 1676/23/4 1677/23/4 1706/23/4
f 1705/15/4 1676/15/4 1706/15/4
f 1677/7/4 1678/7/4 1707/7/4
f 1706/23/4 1677/23/4 1707/23/4
f 1707/7/4 1678/7/4 1708/7/4
f 1679/24/4 1680/24/4 1709/24/4
f 1685/15/4 1686/15/4 1710/15/4
f 1684/8/4 1685/8/4 1710/8/4
f 1687/8/4 1688/8/4 1711/8/4
f 1710/15/4 1686/15/4 1711/15/4
f 1686/8/4 1687/8/4 1711/8/4
f 1711/8/4 1688/8/4 1712/8/4
f 1688/15/4 1689/15/4 1713/15/4
f 1712/8/4 1688/8/4 1713/8/4
f 1689/15/4 1690/15/4 1713/15/4
f 1713/15/4 1690/15/4 1714/15/4
f 1690/7/4 1691/7/4 1715/7/4
f 1714/15/4 1690/15/4 1715/15/4
f 1691/15/4 1692/15/4 1716/15/4
f 1715/7/4 1691/7/4 1716/7/4
f 1692/8/4 1693/8/4 1717/8/4
f 1716/15/4 1692/15/4 1717/15/4
f 1693/15/4 1694/15/4 1718/15/4
f 1717/8/4 1693/8/4 1718/8/4
f 1694/15/4 1695/15/4 1718/15/4
f 1718/15/4 1695/15/4 1719/15/4
f 1719/15/4 1695/15/4 1720/15/4
f 1696/8/4 1697/8/4 1721/8/4
f 1720/15/4 1695/15/4 1721/15/4
f 1695/8/4 1696/8/4 1721/8/4
f 1721/8/4 1697/8/4 1722/8/4
f 1698/15/4 1699/15/4 1723/15/4
f 1722/8/4 1697/8/4 1723/8/4
f 1697/15/4 1698/15/4 1723/15/4
f 1723/15/4 1699/15/4 1724/15/4
f 1699/7/4 1700/7/4 1725/7/4
f 1724/15/4 1699/15/4 1725/15/4
f 1700/8/4 1701/8/4 1726/8/4
f 1725/7/4 1700/7/4 1726/7/4
f 1702/21/4 1703/21/4 1727/21/4
f 1701/24/4 1702/24/4 1727/24/4
f 1703/22/4 1704/22/4 1728/22/4
f 1727/21/4 1703/21/4 1728/21/4
f 1704/15/4 1705/15/4 1729/15/4
f 1728/22/4 1704/22/4 1729/22/4
f 1705/7/4 1706/7/4 1730/7/4
f 1729/15/4 1705/15/4 1730/15/4
f 1706/23/4 1707/23/4 1731/23/4
f 1730/7/4 1706/7/4 1731/7/4
f 1708/24/4 1709/24/4 1732/24/4
f 1731/23/4 1707/23/4 1732/23/4
f 1707/24/4 1708/24/4 1732/24/4
f 1732/24/4 1709/24/4 1733/24/4
f 1709/24/4 1680/24/4 1734/24/4
f 1733/24/4 1709/24/4 1734/24/4
f 1680/23/4 1681/23/4 1734/23/4
f 1681/27/4 1682/27/4 1735/27/4
f 1734/23/4 1681/23/4 1735/23/4
f 1735/27/4 1682/27/4 1736/27/4
f 1710/8/4 1711/8/4 1738/8/4
f 1684/8/4 1710/8/4 1738/8/4
f 1738/8/4 1711/8/4 1739/8/4
f 1711/7/4 1712/7/4 1740/7/4
f 1739/8/4 1711/8/4 1740/8/4
f 1713/15/4 1714/15/4 1741/15/4
f 1740/7/4 1712/7/4 1741/7/4
f 1712/15/4 1713/15/4 1741/15/4
f 1714/7/4 1715/7/4 1742/7/4
f 1741/15/4 1714/15/4 1742/15/4
f 1742/7/4 1715/7/4 1743/7/4
f 1715/15/4 1716/15/4 1744/15/4
f 1743/7/4 1715/7/4 1744/7/4
f 1744/15/4 1716/15/4 1745/15/4
f 1716/8/4 1717/8/4 1746/8/4
f 1745/15/4 1716/15/4 1746/15/4
f 1718/15/4 1719/15/4 1747/15/4
f 1746/8/4 1717/8/4 1747/8/4
f 1717/15/4 1718/15/4 1747/15/4
f 1747/15/4 1719/15/4 1748/15/4
f 1748/15/4 1719/15/4 1749/15/4
f 1719/7/4 1720/7/4 1750/7/4
f 1749/15/4 1719/15/4 1750/15/4
f 1720/8/4 1721/8/4 1751/8/4
f 1750/7/4 1720/7/4 1751/7/4
f 1721/7/4 1722/7/4 1752/7/4
f 1751/8/4 1721/8/4 1752/8/4
f 1722/15/4 1723/15/4 1753/15/4
f 1752/7/4 1722/7/4 1753/7/4
f 1723/6/4 1724/6/4 1754/6/4
f 1753/15/4 1723/15/4 1754/15/4
f 1724/8/4 1725/8/4 1755/8/4
f 1754/6/4 1724/6/4 1755/6/4
f 1725/8/4 1726/8/4 1755/8/4
f 1755/8/4 1726/8/4 1756/8/4
f 1756/8/4 1726/8/4 1757/8/4
f 1701/24/4 1727/24/4 1758/24/4
f 1757/8/4 1726/8/4 1758/8/4
f 1726/8/4 1701/8/4 1758/8/4
f 1727/23/4 1728/23/4 1759/23/4
f 1758/24/4 1727/24/4 1759/24/4
f 1728/21/4 1729/21/4 1760/21/4
f 1759/23/4 1728/23/4 1760/23/4
f 1729/24/4 1730/24/4 1761/24/4
f 1760/21/4 1729/21/4 1761/21/4
f 1730/8/4 1731/8/4 1762/8/4
f 1761/24/4 1730/24/4 1762/24/4
f 1731/23/4 1732/23/4 1763/23/4
f 1762/8/4 1731/8/4 1763/8/4
f 1732/21/4 1733/21/4 1764/21/4
f 1763/23/4 1732/23/4 1764/23/4
f 1733/23/4 1734/23/4 1765/23/4
f 1764/21/4 1733/21/4 1765/21/4
f 1765/23/4 1734/23/4 1766/23/4
f 1734/27/4 1735/27/4 1767/27/4
f 1766/23/4 1734/23/4 1767/23/4
f 1767/27/4 1735/27/4 1768/27/4
f 1738/8/4 1739/8/4 1769/8/4
f 1737/8/4 1738/8/4 1769/8/4
f 1740/15/4 1741/15/4 1770/15/4
f 1769/8/4 1739/8/4 1770/8/4
f 1739/15/4 1740/15/4 1770/15/4
f 1770/15/4 1741/15/4 1771/15/4
f 1741/7/4 1742/7/4 1772/7/4
f 1771/15/4 1741/15/4 1772/15/4
f 1772/7/4 1742/7/4 1773/7/4
f 1742/15/4 1743/15/4 1774/15/4
f 1773/7/4 1742/7/4 1774/7/4
f 1743/8/4 1744/8/4 1775/8/4
f 1774/15/4 1743/15/4 1775/15/4
f 1744/7/4 1745/7/4 1776/7/4
f 1775/8/4 1744/8/4 1776/8/4
f 1745/8/4 1746/8/4 1777/8/4
f 1776/7/4 1745/7/4 1777/7/4
f 1747/15/4 1748/15/4 1778/15/4
f 1777/8/4 1746/8/4 1778/8/4
f 1746/15/4 1747/15/4 1778/15/4
f 1778/15/4 1748/15/4 1779/15/4
f 1748/7/4 1749/7/4 1780/7/4
f 1779/15/4 1748/15/4 1780/15/4
f 1750/8/4 1751/8/4 1781/8/4
f 1780/7/4 1749/7/4 1781/7/4
f 1749/8/4 1750/8/4 1781/8/4
f 1781/8/4 1751/8/4 1782/8/4
f 1751/7/4 1752/7/4 1783/7/4
f 1782/8/4 1751/8/4 1783/8/4
f 1752/8/4 1753/8/4 1784/8/4
f 1783/7/4 1752/7/4 1784/7/4
f 1753/8/4 1754/8/4 1784/8/4
f 1754/8/4 1755/8/4 1784/8/4
f 1784/8/4 1755/8/4 1785/8/4
f 1785/8/4 1755/8/4 1786/8/4
f 1755/7/4 1756/7/4 1787/7/4
f 1786/8/4 1755/8/4 1787/8/4
f 1787/7/4 1756/7/4 1788/7/4
f 1756/15/4 1757/15/4 1789/15/4
f 1788/7/4 1756/7/4 1789/7/4
f 1758/8/4 1759/8/4 1790/8/4
f 1789/15/4 1757/15/4 1790/15/4
f 1757/8/4 1758/8/4 1790/8/4
f 1759/24/4 1760/24/4 1791/24/4
f 1790/8/4 1759/8/4 1791/8/4
f 1760/23/4 1761/23/4 1792/23/4
f 1791/24/4 1760/24/4 1792/24/4
f 1761/23/4 1762/23/4 1792/23/4
f 1762/24/4 1763/24/4 1793/24/4
f 1792/23/4 1762/23/4 1793/23/4
f 1763/23/4 1764/23/4 1794/23/4
f 1793/24/4 1763/24/4 1794/24/4
f 1765/24/4 1766/24/4 1795/24/4
f 1794/23/4 1764/23/4 1795/23/4
f 1764/24/4 1765/24/4 1795/24/4
f 1766/27/4 1767/27/4 1796/27/4
f 1795/24/4 1766/24/4 1796/24/4
f 1796/27/4 1767/27/4 1797/27/4
f 1737/8/4 1769/8/4 1798/8/4
f 1769/7/4 1770/7/4 1799/7/4
f 1798/8/4 1769/8/4 1799/8/4
f 1770/8/4 1771/8/4 1800/8/4
f 1799/7/4 1770/7/4 1800/7/4
f 1772/7/4 1773/7/4 1801/7/4
f 1800/8/4 1771/8/4 1801/8/4
f 1771/7/4 1772/7/4 1801/7/4
f 1774/8/4 1775/8/4 1802/8/4
f 1801/7/4 1773/7/4 1802/7/4
f 1773/8/4 1774/8/4 1802/8/4
f 1775/7/4 1776/7/4 1803/7/4
f 1802/8/4 1775/8/4 1803/8/4
f 1776/8/4 1777/8/4 1804/8/4
f 1803/7/4 1776/7/4 1804/7/4
f 1777/7/4 1778/7/4 1805/7/4
f 1804/8/4 1777/8/4 1805/8/4
f 1778/15/4 1779/15/4 1806/15/4
f 1805/7/4 1778/7/4 1806/7/4
f 1779/7/4 1780/7/4 1807/7/4
f 1806/15/4 1779/15/4 1807/15/4
f 1780/8/4 1781/8/4 1808/8/4
f 1807/7/4 1780/7/4 1808/7/4
f 1781/7/4 1782/7/4 1809/7/4
f 1808/8/4 1781/8/4 1809/8/4
f 1782/15/4 1783/15/4 1810/15/4
f 1809/7/4 1782/7/4 1810/7/4
f 1783/8/4 1784/8/4 1811/8/4
f 1810/15/4 1783/15/4 1811/15/4
f 1784/8/4 1785/8/4 1811/8/4
f 1811/8/4 1785/8/4 1812/8/4
f 1785/7/4 1786/7/4 1813/7/4
f 1812/8/4 1785/8/4 1813/8/4
f 1786/15/4 1787/15/4 1814/15/4
f 1813/7/4 1786/7/4 1814/7/4
f 1814/15/4 1787/15/4 1815/15/4
f 1787/6/4 1788/6/4 1816/6/4
f 1815/15/4 1787/15/4 1816/15/4
f 1788/7/4 1789/7/4 1817/7/4
f 1816/6/4 1788/6/4 1817/6/4
f 1789/8/4 1790/8/4 1818/8/4
f 1817/7/4 1789/7/4 1818/7/4
f 1818/8/4 1790/8/4 1819/8/4
f 1792/24/4 1793/24/4 1820/24/4
f 1793/23/4 1794/23/4 1821/23/4
f 1820/24/4 1793/24/4 1821/24/4
f 1794/24/4 1795/24/4 1822/24/4
f 1821/23/4 1794/23/4 1822/23/4
f 1822/24/4 1795/24/4 1823/24/4
f 1799/8/4 1800/8/4 1824/8/4
f 1800/7/4 1801/7/4 1825/7/4
f 1824/8/4 1800/8/4 1825/8/4
f 1801/8/4 1802/8/4 1826/8/4
f 1825/7/4 1801/7/4 1826/7/4
f 1802/7/4 1803/7/4 1827/7/4
f 1826/8/4 1802/8/4 1827/8/4
f 1803/8/4 1804/8/4 1828/8/4
f 1827/7/4 1803/7/4 1828/7/4
f 1805/15/4 1806/15/4 1829/15/4
f 1828/8/4 1804/8/4 1829/8/4
f 1804/15/4 1805/15/4 1829/15/4
f 1806/7/4 1807/7/4 1830/7/4
f 1829/15/4 1806/15/4 1830/15/4
f 1807/8/4 1808/8/4 1831/8/4
f 1830/7/4 1807/7/4 1831/7/4
f 1808/7/4 1809/7/4 1832/7/4
f 1831/8/4 1808/8/4 1832/8/4
f 1809/6/4 1810/6/4 1833/6/4
f 1832/7/4 1809/7/4 1833/7/4
f 1810/8/4 1811/8/4 1834/8/4
f 1833/6/4 1810/6/4 1834/6/4
f 1811/7/4 1812/7/4 1835/7/4
f 1834/8/4 1811/8/4 1835/8/4
f 1812/15/4 1813/15/4 1836/15/4
f 1835/7/4 1812/7/4 1836/7/4
f 1813/6/4 1814/6/4 1837/6/4
f 1836/15/4 1813/15/4 1837/15/4
f 1814/7/4 1815/7/4 1838/7/4
f 1837/6/4 1814/6/4 1838/6/4
f 1815/8/4 1816/8/4 1839/8/4
f 1838/7/4 1815/7/4 1839/7/4
f 1816/8/4 1817/8/4 1839/8/4
f 1839/8/4 1817/8/4 1840/8/4
f 1821/24/4 1822/24/4 1841/24/4
f 1841/24/4 1822/24/4 1842/24/4
f 1826/7/4 1827/7/4 1843/7/4
f 1827/8/4 1828/8/4 1844/8/4
f 1843/7/4 1827/7/4 1844/7/4
f 1828/15/4 1829/15/4 1845/15/4
f 1844/8/4 1828/8/4 1845/8/4
f 1829/7/4 1830/7/4 1846/7/4
f 1845/15/4 1829/15/4 1846/15/4
f 1846/7/4 1830/7/4 1847/7/4
f 1830/8/4 1831/8/4 1848/8/4
f 1847/7/4 1830/7/4 1848/7/4
f 1831/7/4 1832/7/4 1849/7/4
f 1848/8/4 1831/8/4 1849/8/4
f 1832/6/4 1833/6/4 1850/6/4
f 1849/7/4 1832/7/4 1850/7/4
f 1833/8/4 1834/8/4 1851/8/4
f 1850/6/4 1833/6/4 1851/6/4
f 1834/7/4 1835/7/4 1852/7/4
f 1851/8/4 1834/8/4 1852/8/4
f 1835/15/4 1836/15/4 1853/15/4
f 1852/7/4 1835/7/4 1853/7/4
f 1836/7/4 1837/7/4 1854/7/4
f 1853/15/4 1836/15/4 1854/15/4
f 1837/8/4 1838/8/4 1855/8/4
f 1854/7/4 1837/7/4 1855/7/4
f 1855/8/4 1838/8/4 1856/8/4
f 1825/8/4 1826/8/4 1857/8/4
f 1826/7/4 1843/7/4 1858/7/4
f 1857/8/4 1826/8/4 1858/8/4
f 1843/15/4 1844/15/4 1859/15/4
f 1858/7/4 1843/7/4 1859/7/4
f 1846/7/4 1847/7/4 1860/7/4
f 1859/15/4 1844/15/4 1860/15/4
f 1844/7/4 1845/7/4 1860/7/4
f 1845/7/4 1846/7/4 1860/7/4
f 1860/7/4 1847/7/4 1861/7/4
f 1861/7/4 1847/7/4 1862/7/4
f 1847/8/4 1848/8/4 1863/8/4
f 1862/7/4 1847/7/4 1863/7/4
f 1848/7/4 1849/7/4 1864/7/4
f 1863/8/4 1848/8/4 1864/8/4
f 1849/15/4 1850/15/4 1865/15/4
f 1864/7/4 1849/7/4 1865/7/4
f 1850/8/4 1851/8/4 1866/8/4
f 1865/15/4 1850/15/4 1866/15/4
f 1851/7/4 1852/7/4 1867/7/4
f 1866/8/4 1851/8/4 1867/8/4
f 1852/15/4 1853/15/4 1868/15/4
f 1867/7/4 1852/7/4 1868/7/4
f 1853/8/4 1854/8/4 1869/8/4
f 1868/15/4 1853/15/4 1869/15/4
f 1869/8/4 1854/8/4 1870/8/4
f 1858/8/4 1859/8/4 1871/8/4
f 1859/8/4 1860/8/4 1871/8/4
f 1871/8/4 1860/8/4 1872/8/4
f 1860/7/4 1861/7/4 1873/7/4
f 1872/8/4 1860/8/4 1873/8/4
f 1861/15/4 1862/15/4 1874/15/4
f 1873/7/4 1861/7/4 1874/7/4
f 1862/8/4 1863/8/4 1875/8/4
f 1874/15/4 1862/15/4 1875/15/4
f 1875/8/4 1863/8/4 1876/8/4
f 1864/15/4 1865/15/4 1877/15/4
f 1876/8/4 1863/8/4 1877/8/4
f 1863/15/4 1864/15/4 1877/15/4
f 1877/15/4 1865/15/4 1878/15/4
f 1865/8/4 1866/8/4 1879/8/4
f 1878/15/4 1865/15/4 1879/15/4
f 1866/7/4 1867/7/4 1880/7/4
f 1879/8/4 1866/8/4 1880/8/4
f 1867/8/4 1868/8/4 1881/8/4
f 1880/7/4 1867/7/4 1881/7/4
f 1868/8/4 1869/8/4 1881/8/4
f 1881/8/4 1869/8/4 1882/8/4
f 1875/8/4 1876/8/4 1883/8/4
f 1874/8/4 1875/8/4 1883/8/4
f 1873/8/4 1874/8/4 1883/8/4
f 1872/8/4 1873/8/4 1883/8/4
f 1883/8/4 1876/8/4 1884/8/4
f 1884/8/4 1876/8/4 1885/8/4
f 1885/8/4 1876/8/4 1886/8/4
f 1876/15/4 1877/15/4 1887/15/4
f 1886/8/4 1876/8/4 1887/8/4
f 1877/6/4 1878/6/4 1888/6/4
f 1887/15/4 1877/15/4 1888/15/4
f 1878/8/4 1879/8/4 1889/8/4
f 1888/6/4 1878/6/4 1889/6/4
f 1879/15/4 1880/15/4 1890/15/4
f 1889/8/4 1879/8/4 1890/8/4
f 1880/8/4 1881/8/4 1891/8/4
f 1890/15/4 1880/15/4 1891/15/4
f 1891/8/4 1881/8/4 1892/8/4
f 1884/8/4 1885/8/4 1893/8/4
f 1885/15/4 1886/15/4 1894/15/4
f 1893/8/4 1885/8/4 1894/8/4
f 1887/6/4 1888/6/4 1895/6/4
f 1894/15/4 1886/15/4 1895/15/4
f 1886/6/4 1887/6/4 1895/6/4
f 1888/8/4 1889/8/4 1896/8/4
f 1895/6/4 1888/6/4 1896/6/4
f 1889/7/4 1890/7/4 1897/7/4
f 1896/8/4 1889/8/4 1897/8/4
f 1890/8/4 1891/8/4 1898/8/4
f 1897/7/4 1890/7/4 1898/7/4
f 1898/8/4 1891/8/4 1899/8/4
f 1894/8/4 1895/8/4 1900/8/4
f 1895/8/4 1896/8/4 1900/8/4
f 1900/8/4 1896/8/4 1901/8/4
f 1896/15/4 1897/15/4 1902/15/4
f 1901/8/4 1896/8/4 1902/8/4
f 1897/8/4 1898/8/4 1903/8/4
f 1902/15/4 1897/15/4 1903/15/4
f 1903/8/4 1898/8/4 1904/8/4
f 1901/8/4 1902/8/4 1905/8/4
f 1902/8/4 1903/8/4 1905/8/4
f 1905/8/4 1903/8/4 1906/8/4
f 1913/19/5 1908/19/5 1907/19/5
f 1914/4/5 1909/4/5 1908/4/5
f 1914/19/5 1908/19/5 1913/19/5
f 1915/4/5 1909/4/5 1914/4/5
f 1916/19/5 1911/19/5 1910/19/5
f 1917/4/5 1912/4/5 1911/4/5
f 1917/19/5 1911/19/5 1916/19/5
f 1918/4/5 1912/4/5 1917/4/5
f 1923/4/5 1920/4/5 1919/4/5
f 1924/4/5 1920/4/5 1923/4/5
f 1925/4/5 1922/4/5 1921/4/5
f 1926/4/5 1922/4/5 1925/4/5
f 1929/19/5 1928/19/5 1927/19/5
f 1930/19/5 1928/19/5 1929/19/5
f 1933/4/5 1932/4/5 1931/4/5
f 1934/4/5 1932/4/5 1933/4/5
f 1944/19/5 1936/19/5 1935/19/5
f 1945/19/5 1936/19/5 1944/19/5
f 1946/4/5 1938/4/5 1937/4/5
f 1947/8/5 1939/8/5 1938/8/5
f 1947/4/5 1938/4/5 1946/4/5
f 1948/8/5 1939/8/5 1947/8/5
f 1949/8/5 1941/8/5 1940/8/5
f 1950/8/5 1941/8/5 1949/8/5
f 1951/8/5 1943/8/5 1942/8/5
f 1952/8/5 1943/8/5 1951/8/5
f 1961/19/5 1954/19/5 1953/19/5
f 1962/19/5 1954/19/5 1961/19/5
f 1963/8/5 1956/8/5 1955/8/5
f 1964/8/5 1956/8/5 1963/8/5
f 1965/8/5 1958/8/5 1957/8/5
f 1966/8/5 1958/8/5 1965/8/5
f 1967/8/5 1960/8/5 1959/8/5
f 1968/8/5 1960/8/5 1967/8/5
f 1971/8/5 1970/8/5 1969/8/5
f 1972/8/5 1970/8/5 1971/8/5
f 1975/8/5 1974/8/5 1973/8/5
f 1976/8/5 1974/8/5 1975/8/5
f 1979/8/5 1978/8/5 1977/8/5
f 1980/8/5 1978/8/5 1979/8/5
f 1985/5/5 1982/5/5 1981/5/5
f 1986/5/5 1982/5/5 1985/5/5
f 1987/8/5 1984/8/5 1983/8/5
f 1988/8/5 1984/8/5 1987/8/5
f 1991/8/5 1990/8/5 1989/8/5
f 1992/8/5 1990/8/5 1991/8/5
f 1995/8/5 1994/8/5 1993/8/5
f 1996/8/5 1994/8/5 1995/8/5
f 1999/13/5 1998/13/5 1997/13/5
f 2000/13/5 1998/13/5 1999/13/5
f 2003/3/5 2002/3/5 2001/3/5
f 2004/3/5 2002/3/5 2003/3/5
f 2007/7/5 2006/7/5 2005/7/5
f 2008/7/5 2006/7/5 2007/7/5
f 2011/8/5 2010/8/5 2009/8/5
f 2012/8/5 2010/8/5 2011/8/5
f 2016/6/5 2014/6/5 2013/6/5
f 2017/15/5 2015/15/5 2014/15/5
f 2017/6/5 2014/6/5 2016/6/5
f 2018/15/5 2015/15/5 2017/15/5
f 2021/24/5 2020/24/5 2019/24/5
f 2022/24/5 2020/24/5 2021/24/5
f 2025/24/5 2024/24/5 2023/24/5
f 2026/24/5 2024/24/5 2025/24/5
f 2029/24/5 2028/24/5 2027/24/5
f 2030/24/5 2028/24/5 2029/24/5
f 2031/20/6 2032/20/6 2035/20/6
f 2035/20/6 2032/20/6 2036/20/6
f 2033/4/6 2034/4/6 2037/4/6
f 2037/4/6 2034/4/6 2038/4/6
f 2039/4/6 2040/4/6 2041/4/6
f 2041/4/6 2040/4/6 2042/4/6
f 2043/15/6 2044/15/6 2047/15/6
f 2047/15/6 2044/15/6 2048/15/6
f 2045/8/6 2046/8/6 2049/8/6
f 2049/8/6 2046/8/6 2050/8/6
f 2051/8/6 2052/8/6 2053/8/6
f 2053/8/6 2052/8/6 2054/8/6
f 2055/7/6 2056/7/6 2059/7/6
f 2059/7/6 2056/7/6 2060/7/6
f 2057/8/6 2058/8/6 2061/8/6
f 2061/8/6 2058/8/6 2062/8/6
f 2063/8/6 2064/8/6 2065/8/6
f 2065/8/6 2064/8/6 2066/8/6
f 2067/8/6 2068/8/6 2069/8/6
f 2069/8/6 2068/8/6 2070/8/6
f 2071/8/6 2072/8/6 2073/8/6
f 2073/8/6 2072/8/6 2074/8/6
f 2075/8/6 2076/8/6 2077/8/6
f 2077/8/6 2076/8/6 2078/8/6
f 2079/8/6 2080/8/6 2081/8/6
f 2081/8/6 2080/8/6 2082/8/6
f 2083/6/6 2084/6/6 2087/6/6
f 2087/6/6 2084/6/6 2088/6/6
f 2085/8/6 2086/8/6 2089/8/6
f 2089/8/6 2086/8/6 2090/8/6
f 2091/15/6 2092/15/6 2093/15/6
f 2093/15/6 2092/15/6 2094/15/6
f 2095/7/6 2096/7/6 2097/7/6
f 2097/7/6 2096/7/6 2098/7/6
f 2099/7/6 2100/7/6 2103/7/6
f 2103/7/6 2100/7/6 2104/7/6
f 2101/24/6 2102/24/6 2105/24/6
f 2105/24/6 2102/24/6 2106/24/6
f 2107/15/6 2108/15/6 2111/15/6
f 2111/15/6 2108/15/6 2112/15/6
f 2109/24/6 2110/24/6 2113/24/6
f 2113/24/6 2110/24/6 2114/24/6
f 2115/15/6 2116/15/6 2119/15/6
f 2119/15/6 2116/15/6 2120/15/6
f 2117/7/6 2118/7/6 2121/7/6
f 2121/7/6 2118/7/6 2122/7/6
f 2123/7/6 2124/7/6 2127/7/6
f 2127/7/6 2124/7/6 2128/7/6
f 2125/24/6 2126/24/6 2129/24/6
f 2129/24/6 2126/24/6 2130/24/6
f 2131/7/6 2132/7/6 2142/7/6
f 2132/15/6 2133/15/6 2143/15/6
f 2142/7/6 2132/7/6 2143/7/6
f 2133/6/6 2134/6/6 2144/6/6
f 2143/15/6 2133/15/6 2144/15/6
f 2134/15/6 2135/15/6 2145/15/6
f 2144/6/6 2134/6/6 2145/6/6
f 2135/7/6 2136/7/6 2146/7/6
f 2145/15/6 2135/15/6 2146/15/6
f 2136/8/6 2137/8/6 2147/8/6
f 2146/7/6 2136/7/6 2147/7/6
f 2147/8/6 2137/8/6 2148/8/6
f 2138/24/6 2139/24/6 2149/24/6
f 2149/24/6 2139/24/6 2150/24/6
f 2140/27/6 2141/27/6 2151/27/6
f 2151/27/6 2141/27/6 2152/27/6
f 2153/27/6 2154/27/6 2157/27/6
f 2157/27/6 2154/27/6 2158/27/6
f 2155/27/6 2156/27/6 2159/27/6
f 2159/27/6 2156/27/6 2160/27/6
f 2161/27/6 2162/27/6 2163/27/6
f 2163/27/6 2162/27/6 2164/27/6
