# MagicaVoxel @ Ephtracy

# group
o 

# material
mtllib SpikeTrap.mtl
usemtl palette

# normals
vn -1 0 0
vn 1 0 0
vn 0 0 1
vn 0 0 -1
vn 0 -1 0
vn 0 1 0

# texcoords
vt 0.974609 0.5
vt 0.978516 0.5
vt 0.982422 0.5
vt 0.986328 0.5
vt 0.990234 0.5

# verts
v -2 0 2
v -2 0 -2
v -2 0.2 2
v -2 0.2 -2
v -1.9 0.2 1.9
v -1.9 0.2 1.1
v -1.9 0.2 0.9
v -1.9 0.2 0.0999999
v -1.9 0.2 -0.1
v -1.9 0.2 -0.9
v -1.9 0.2 -1.1
v -1.9 0.2 -1.9
v -1.9 0.3 1.8
v -1.9 0.3 1.7
v -1.9 0.3 1.6
v -1.9 0.3 1.5
v -1.9 0.3 1.4
v -1.9 0.3 1.3
v -1.9 0.3 1.2
v -1.9 0.3 1.1
v -1.9 0.3 0.9
v -1.9 0.3 0.8
v -1.9 0.3 0.7
v -1.9 0.3 0.6
v -1.9 0.3 0.5
v -1.9 0.3 0.4
v -1.9 0.3 0.3
v -1.9 0.3 0.2
v -1.9 0.3 -0.2
v -1.9 0.3 -0.3
v -1.9 0.3 -0.4
v -1.9 0.3 -0.5
v -1.9 0.3 -0.6
v -1.9 0.3 -0.7
v -1.9 0.3 -0.8
v -1.9 0.3 -0.9
v -1.9 0.3 -1.1
v -1.9 0.3 -1.2
v -1.9 0.3 -1.3
v -1.9 0.3 -1.4
v -1.9 0.3 -1.5
v -1.9 0.3 -1.6
v -1.9 0.3 -1.7
v -1.9 0.3 -1.8
v -1.9 0.4 1.9
v -1.9 0.4 1.8
v -1.9 0.4 1.7
v -1.9 0.4 1.6
v -1.9 0.4 1.5
v -1.9 0.4 1.4
v -1.9 0.4 1.3
v -1.9 0.4 1.2
v -1.9 0.4 0.8
v -1.9 0.4 0.7
v -1.9 0.4 0.6
v -1.9 0.4 0.5
v -1.9 0.4 0.4
v -1.9 0.4 0.3
v -1.9 0.4 0.2
v -1.9 0.4 0.0999999
v -1.9 0.4 -0.1
v -1.9 0.4 -0.2
v -1.9 0.4 -0.3
v -1.9 0.4 -0.4
v -1.9 0.4 -0.5
v -1.9 0.4 -0.6
v -1.9 0.4 -0.7
v -1.9 0.4 -0.8
v -1.9 0.4 -1.2
v -1.9 0.4 -1.3
v -1.9 0.4 -1.4
v -1.9 0.4 -1.5
v -1.9 0.4 -1.6
v -1.9 0.4 -1.7
v -1.9 0.4 -1.8
v -1.9 0.4 -1.9
v -1.9 0.5 1.9
v -1.9 0.5 1.1
v -1.9 0.5 0.9
v -1.9 0.5 0.0999999
v -1.9 0.5 -0.1
v -1.9 0.5 -0.9
v -1.9 0.5 -1.1
v -1.9 0.5 -1.9
v -1.8 0.5 1.8
v -1.8 0.5 1.2
v -1.8 0.5 0.8
v -1.8 0.5 0.2
v -1.8 0.5 -0.2
v -1.8 0.5 -0.8
v -1.8 0.5 -1.2
v -1.8 0.5 -1.8
v -1.8 0.6 1.8
v -1.8 0.6 1.7
v -1.8 0.6 1.6
v -1.8 0.6 1.5
v -1.8 0.6 1.4
v -1.8 0.6 1.3
v -1.8 0.6 0.7
v -1.8 0.6 0.6
v -1.8 0.6 0.5
v -1.8 0.6 0.4
v -1.8 0.6 0.3
v -1.8 0.6 0.2
v -1.8 0.6 -0.2
v -1.8 0.6 -0.3
v -1.8 0.6 -0.4
v -1.8 0.6 -0.5
v -1.8 0.6 -0.6
v -1.8 0.6 -0.7
v -1.8 0.6 -1.3
v -1.8 0.6 -1.4
v -1.8 0.6 -1.5
v -1.8 0.6 -1.6
v -1.8 0.6 -1.7
v -1.8 0.6 -1.8
v -1.8 0.7 1.7
v -1.8 0.7 1.6
v -1.8 0.7 1.5
v -1.8 0.7 1.4
v -1.8 0.7 1.3
v -1.8 0.7 1.2
v -1.8 0.7 0.8
v -1.8 0.7 0.7
v -1.8 0.7 0.6
v -1.8 0.7 0.5
v -1.8 0.7 0.4
v -1.8 0.7 0.3
v -1.8 0.7 -0.3
v -1.8 0.7 -0.4
v -1.8 0.7 -0.5
v -1.8 0.7 -0.6
v -1.8 0.7 -0.7
v -1.8 0.7 -0.8
v -1.8 0.7 -1.2
v -1.8 0.7 -1.3
v -1.8 0.7 -1.4
v -1.8 0.7 -1.5
v -1.8 0.7 -1.6
v -1.8 0.7 -1.7
v -1.8 0.8 1.8
v -1.8 0.8 1.2
v -1.8 0.8 0.8
v -1.8 0.8 0.2
v -1.8 0.8 -0.2
v -1.8 0.8 -0.8
v -1.8 0.8 -1.2
v -1.8 0.8 -1.8
v -1.7 0.8 1.7
v -1.7 0.8 1.6
v -1.7 0.8 1.5
v -1.7 0.8 1.4
v -1.7 0.8 1.3
v -1.7 0.8 0.7
v -1.7 0.8 0.6
v -1.7 0.8 0.5
v -1.7 0.8 0.4
v -1.7 0.8 0.3
v -1.7 0.8 -0.3
v -1.7 0.8 -0.4
v -1.7 0.8 -0.5
v -1.7 0.8 -0.6
v -1.7 0.8 -0.7
v -1.7 0.8 -1.3
v -1.7 0.8 -1.4
v -1.7 0.8 -1.5
v -1.7 0.8 -1.6
v -1.7 0.8 -1.7
v -1.7 0.9 1.6
v -1.7 0.9 1.5
v -1.7 0.9 1.4
v -1.7 0.9 1.3
v -1.7 0.9 0.7
v -1.7 0.9 0.6
v -1.7 0.9 0.5
v -1.7 0.9 0.4
v -1.7 0.9 -0.4
v -1.7 0.9 -0.5
v -1.7 0.9 -0.6
v -1.7 0.9 -0.7
v -1.7 0.9 -1.3
v -1.7 0.9 -1.4
v -1.7 0.9 -1.5
v -1.7 0.9 -1.6
v -1.7 1 1.7
v -1.7 1 1.3
v -1.7 1 0.7
v -1.7 1 0.3
v -1.7 1 -0.3
v -1.7 1 -0.7
v -1.7 1 -1.3
v -1.7 1 -1.7
v -1.6 1 1.6
v -1.6 1 1.4
v -1.6 1 0.6
v -1.6 1 0.4
v -1.6 1 -0.4
v -1.6 1 -0.6
v -1.6 1 -1.4
v -1.6 1 -1.6
v -1.6 1.1 1.6
v -1.6 1.1 1.4
v -1.6 1.1 0.6
v -1.6 1.1 0.4
v -1.6 1.1 -0.4
v -1.6 1.1 -0.6
v -1.6 1.1 -1.4
v -1.6 1.1 -1.6
v -1.6 1.2 1.6
v -1.6 1.2 1.4
v -1.6 1.2 0.6
v -1.6 1.2 0.4
v -1.6 1.2 -0.4
v -1.6 1.2 -0.6
v -1.6 1.2 -1.4
v -1.6 1.2 -1.6
v -0.9 0.2 1.9
v -0.9 0.2 1.1
v -0.9 0.2 0.9
v -0.9 0.2 0.0999999
v -0.9 0.2 -0.1
v -0.9 0.2 -0.9
v -0.9 0.2 -1.1
v -0.9 0.2 -1.9
v -0.9 0.3 1.9
v -0.9 0.3 1.8
v -0.9 0.3 1.7
v -0.9 0.3 1.6
v -0.9 0.3 1.5
v -0.9 0.3 1.4
v -0.9 0.3 1.3
v -0.9 0.3 1.2
v -0.9 0.3 0.8
v -0.9 0.3 0.7
v -0.9 0.3 0.6
v -0.9 0.3 0.5
v -0.9 0.3 0.4
v -0.9 0.3 0.3
v -0.9 0.3 0.2
v -0.9 0.3 0.0999999
v -0.9 0.3 -0.1
v -0.9 0.3 -0.2
v -0.9 0.3 -0.3
v -0.9 0.3 -0.4
v -0.9 0.3 -0.5
v -0.9 0.3 -0.6
v -0.9 0.3 -0.7
v -0.9 0.3 -0.8
v -0.9 0.3 -1.2
v -0.9 0.3 -1.3
v -0.9 0.3 -1.4
v -0.9 0.3 -1.5
v -0.9 0.3 -1.6
v -0.9 0.3 -1.7
v -0.9 0.3 -1.8
v -0.9 0.3 -1.9
v -0.9 0.4 1.8
v -0.9 0.4 1.7
v -0.9 0.4 1.6
v -0.9 0.4 1.5
v -0.9 0.4 1.4
v -0.9 0.4 1.3
v -0.9 0.4 1.2
v -0.9 0.4 1.1
v -0.9 0.4 0.9
v -0.9 0.4 0.8
v -0.9 0.4 0.7
v -0.9 0.4 0.6
v -0.9 0.4 0.5
v -0.9 0.4 0.4
v -0.9 0.4 0.3
v -0.9 0.4 0.2
v -0.9 0.4 -0.2
v -0.9 0.4 -0.3
v -0.9 0.4 -0.4
v -0.9 0.4 -0.5
v -0.9 0.4 -0.6
v -0.9 0.4 -0.7
v -0.9 0.4 -0.8
v -0.9 0.4 -0.9
v -0.9 0.4 -1.1
v -0.9 0.4 -1.2
v -0.9 0.4 -1.3
v -0.9 0.4 -1.4
v -0.9 0.4 -1.5
v -0.9 0.4 -1.6
v -0.9 0.4 -1.7
v -0.9 0.4 -1.8
v -0.9 0.5 1.9
v -0.9 0.5 1.1
v -0.9 0.5 0.9
v -0.9 0.5 0.0999999
v -0.9 0.5 -0.1
v -0.9 0.5 -0.9
v -0.9 0.5 -1.1
v -0.9 0.5 -1.9
v -0.8 0.5 1.8
v -0.8 0.5 1.2
v -0.8 0.5 0.8
v -0.8 0.5 0.2
v -0.8 0.5 -0.2
v -0.8 0.5 -0.8
v -0.8 0.5 -1.2
v -0.8 0.5 -1.8
v -0.8 0.6 1.7
v -0.8 0.6 1.6
v -0.8 0.6 1.5
v -0.8 0.6 1.4
v -0.8 0.6 1.3
v -0.8 0.6 1.2
v -0.8 0.6 0.8
v -0.8 0.6 0.7
v -0.8 0.6 0.6
v -0.8 0.6 0.5
v -0.8 0.6 0.4
v -0.8 0.6 0.3
v -0.8 0.6 -0.3
v -0.8 0.6 -0.4
v -0.8 0.6 -0.5
v -0.8 0.6 -0.6
v -0.8 0.6 -0.7
v -0.8 0.6 -0.8
v -0.8 0.6 -1.2
v -0.8 0.6 -1.3
v -0.8 0.6 -1.4
v -0.8 0.6 -1.5
v -0.8 0.6 -1.6
v -0.8 0.6 -1.7
v -0.8 0.7 1.8
v -0.8 0.7 1.7
v -0.8 0.7 1.6
v -0.8 0.7 1.5
v -0.8 0.7 1.4
v -0.8 0.7 1.3
v -0.8 0.7 0.7
v -0.8 0.7 0.6
v -0.8 0.7 0.5
v -0.8 0.7 0.4
v -0.8 0.7 0.3
v -0.8 0.7 0.2
v -0.8 0.7 -0.2
v -0.8 0.7 -0.3
v -0.8 0.7 -0.4
v -0.8 0.7 -0.5
v -0.8 0.7 -0.6
v -0.8 0.7 -0.7
v -0.8 0.7 -1.3
v -0.8 0.7 -1.4
v -0.8 0.7 -1.5
v -0.8 0.7 -1.6
v -0.8 0.7 -1.7
v -0.8 0.7 -1.8
v -0.8 0.8 1.8
v -0.8 0.8 1.2
v -0.8 0.8 0.8
v -0.8 0.8 0.2
v -0.8 0.8 -0.2
v -0.8 0.8 -0.8
v -0.8 0.8 -1.2
v -0.8 0.8 -1.8
v -0.7 0.8 1.7
v -0.7 0.8 1.6
v -0.7 0.8 1.5
v -0.7 0.8 1.4
v -0.7 0.8 1.3
v -0.7 0.8 0.7
v -0.7 0.8 0.6
v -0.7 0.8 0.5
v -0.7 0.8 0.4
v -0.7 0.8 0.3
v -0.7 0.8 -0.3
v -0.7 0.8 -0.4
v -0.7 0.8 -0.5
v -0.7 0.8 -0.6
v -0.7 0.8 -0.7
v -0.7 0.8 -1.3
v -0.7 0.8 -1.4
v -0.7 0.8 -1.5
v -0.7 0.8 -1.6
v -0.7 0.8 -1.7
v -0.7 0.9 1.7
v -0.7 0.9 1.6
v -0.7 0.9 1.5
v -0.7 0.9 1.4
v -0.7 0.9 0.6
v -0.7 0.9 0.5
v -0.7 0.9 0.4
v -0.7 0.9 0.3
v -0.7 0.9 -0.3
v -0.7 0.9 -0.4
v -0.7 0.9 -0.5
v -0.7 0.9 -0.6
v -0.7 0.9 -1.4
v -0.7 0.9 -1.5
v -0.7 0.9 -1.6
v -0.7 0.9 -1.7
v -0.7 1 1.7
v -0.7 1 1.3
v -0.7 1 0.7
v -0.7 1 0.3
v -0.7 1 -0.3
v -0.7 1 -0.7
v -0.7 1 -1.3
v -0.7 1 -1.7
v -0.6 1 1.6
v -0.6 1 1.4
v -0.6 1 0.6
v -0.6 1 0.4
v -0.6 1 -0.4
v -0.6 1 -0.6
v -0.6 1 -1.4
v -0.6 1 -1.6
v -0.6 1.1 1.6
v -0.6 1.1 1.4
v -0.6 1.1 0.6
v -0.6 1.1 0.4
v -0.6 1.1 -0.4
v -0.6 1.1 -0.6
v -0.6 1.1 -1.4
v -0.6 1.1 -1.6
v -0.6 1.2 1.6
v -0.6 1.2 1.4
v -0.6 1.2 0.6
v -0.6 1.2 0.4
v -0.6 1.2 -0.4
v -0.6 1.2 -0.6
v -0.6 1.2 -1.4
v -0.6 1.2 -1.6
v 0.1 0.2 1.9
v 0.1 0.2 1.1
v 0.1 0.2 0.9
v 0.1 0.2 0.0999999
v 0.1 0.2 -0.1
v 0.1 0.2 -0.9
v 0.1 0.2 -1.1
v 0.1 0.2 -1.9
v 0.1 0.3 1.8
v 0.1 0.3 1.7
v 0.1 0.3 1.6
v 0.1 0.3 1.5
v 0.1 0.3 1.4
v 0.1 0.3 1.3
v 0.1 0.3 1.2
v 0.1 0.3 1.1
v 0.1 0.3 0.9
v 0.1 0.3 0.8
v 0.1 0.3 0.7
v 0.1 0.3 0.6
v 0.1 0.3 0.5
v 0.1 0.3 0.4
v 0.1 0.3 0.3
v 0.1 0.3 0.2
v 0.1 0.3 -0.2
v 0.1 0.3 -0.3
v 0.1 0.3 -0.4
v 0.1 0.3 -0.5
v 0.1 0.3 -0.6
v 0.1 0.3 -0.7
v 0.1 0.3 -0.8
v 0.1 0.3 -0.9
v 0.1 0.3 -1.1
v 0.1 0.3 -1.2
v 0.1 0.3 -1.3
v 0.1 0.3 -1.4
v 0.1 0.3 -1.5
v 0.1 0.3 -1.6
v 0.1 0.3 -1.7
v 0.1 0.3 -1.8
v 0.1 0.4 1.9
v 0.1 0.4 1.8
v 0.1 0.4 1.7
v 0.1 0.4 1.6
v 0.1 0.4 1.5
v 0.1 0.4 1.4
v 0.1 0.4 1.3
v 0.1 0.4 1.2
v 0.1 0.4 0.8
v 0.1 0.4 0.7
v 0.1 0.4 0.6
v 0.1 0.4 0.5
v 0.1 0.4 0.4
v 0.1 0.4 0.3
v 0.1 0.4 0.2
v 0.1 0.4 0.0999999
v 0.1 0.4 -0.1
v 0.1 0.4 -0.2
v 0.1 0.4 -0.3
v 0.1 0.4 -0.4
v 0.1 0.4 -0.5
v 0.1 0.4 -0.6
v 0.1 0.4 -0.7
v 0.1 0.4 -0.8
v 0.1 0.4 -1.2
v 0.1 0.4 -1.3
v 0.1 0.4 -1.4
v 0.1 0.4 -1.5
v 0.1 0.4 -1.6
v 0.1 0.4 -1.7
v 0.1 0.4 -1.8
v 0.1 0.4 -1.9
v 0.1 0.5 1.9
v 0.1 0.5 1.1
v 0.1 0.5 0.9
v 0.1 0.5 0.0999999
v 0.1 0.5 -0.1
v 0.1 0.5 -0.9
v 0.1 0.5 -1.1
v 0.1 0.5 -1.9
v 0.2 0.5 1.8
v 0.2 0.5 1.2
v 0.2 0.5 0.8
v 0.2 0.5 0.2
v 0.2 0.5 -0.2
v 0.2 0.5 -0.8
v 0.2 0.5 -1.2
v 0.2 0.5 -1.8
v 0.2 0.6 1.8
v 0.2 0.6 1.7
v 0.2 0.6 1.6
v 0.2 0.6 1.5
v 0.2 0.6 1.4
v 0.2 0.6 1.3
v 0.2 0.6 0.7
v 0.2 0.6 0.6
v 0.2 0.6 0.5
v 0.2 0.6 0.4
v 0.2 0.6 0.3
v 0.2 0.6 0.2
v 0.2 0.6 -0.2
v 0.2 0.6 -0.3
v 0.2 0.6 -0.4
v 0.2 0.6 -0.5
v 0.2 0.6 -0.6
v 0.2 0.6 -0.7
v 0.2 0.6 -1.3
v 0.2 0.6 -1.4
v 0.2 0.6 -1.5
v 0.2 0.6 -1.6
v 0.2 0.6 -1.7
v 0.2 0.6 -1.8
v 0.2 0.7 1.7
v 0.2 0.7 1.6
v 0.2 0.7 1.5
v 0.2 0.7 1.4
v 0.2 0.7 1.3
v 0.2 0.7 1.2
v 0.2 0.7 0.8
v 0.2 0.7 0.7
v 0.2 0.7 0.6
v 0.2 0.7 0.5
v 0.2 0.7 0.4
v 0.2 0.7 0.3
v 0.2 0.7 -0.3
v 0.2 0.7 -0.4
v 0.2 0.7 -0.5
v 0.2 0.7 -0.6
v 0.2 0.7 -0.7
v 0.2 0.7 -0.8
v 0.2 0.7 -1.2
v 0.2 0.7 -1.3
v 0.2 0.7 -1.4
v 0.2 0.7 -1.5
v 0.2 0.7 -1.6
v 0.2 0.7 -1.7
v 0.2 0.8 1.8
v 0.2 0.8 1.2
v 0.2 0.8 0.8
v 0.2 0.8 0.2
v 0.2 0.8 -0.2
v 0.2 0.8 -0.8
v 0.2 0.8 -1.2
v 0.2 0.8 -1.8
v 0.3 0.8 1.7
v 0.3 0.8 1.6
v 0.3 0.8 1.5
v 0.3 0.8 1.4
v 0.3 0.8 1.3
v 0.3 0.8 0.7
v 0.3 0.8 0.6
v 0.3 0.8 0.5
v 0.3 0.8 0.4
v 0.3 0.8 0.3
v 0.3 0.8 -0.3
v 0.3 0.8 -0.4
v 0.3 0.8 -0.5
v 0.3 0.8 -0.6
v 0.3 0.8 -0.7
v 0.3 0.8 -1.3
v 0.3 0.8 -1.4
v 0.3 0.8 -1.5
v 0.3 0.8 -1.6
v 0.3 0.8 -1.7
v 0.3 0.9 1.6
v 0.3 0.9 1.5
v 0.3 0.9 1.4
v 0.3 0.9 1.3
v 0.3 0.9 0.7
v 0.3 0.9 0.6
v 0.3 0.9 0.5
v 0.3 0.9 0.4
v 0.3 0.9 -0.4
v 0.3 0.9 -0.5
v 0.3 0.9 -0.6
v 0.3 0.9 -0.7
v 0.3 0.9 -1.3
v 0.3 0.9 -1.4
v 0.3 0.9 -1.5
v 0.3 0.9 -1.6
v 0.3 1 1.7
v 0.3 1 1.3
v 0.3 1 0.7
v 0.3 1 0.3
v 0.3 1 -0.3
v 0.3 1 -0.7
v 0.3 1 -1.3
v 0.3 1 -1.7
v 0.4 1 1.6
v 0.4 1 1.4
v 0.4 1 0.6
v 0.4 1 0.4
v 0.4 1 -0.4
v 0.4 1 -0.6
v 0.4 1 -1.4
v 0.4 1 -1.6
v 0.4 1.1 1.6
v 0.4 1.1 1.4
v 0.4 1.1 0.6
v 0.4 1.1 0.4
v 0.4 1.1 -0.4
v 0.4 1.1 -0.6
v 0.4 1.1 -1.4
v 0.4 1.1 -1.6
v 0.4 1.2 1.6
v 0.4 1.2 1.4
v 0.4 1.2 0.6
v 0.4 1.2 0.4
v 0.4 1.2 -0.4
v 0.4 1.2 -0.6
v 0.4 1.2 -1.4
v 0.4 1.2 -1.6
v 1.1 0.2 1.9
v 1.1 0.2 1.1
v 1.1 0.2 0.9
v 1.1 0.2 0.0999999
v 1.1 0.2 -0.1
v 1.1 0.2 -0.9
v 1.1 0.2 -1.1
v 1.1 0.2 -1.9
v 1.1 0.3 1.9
v 1.1 0.3 1.8
v 1.1 0.3 1.7
v 1.1 0.3 1.6
v 1.1 0.3 1.5
v 1.1 0.3 1.4
v 1.1 0.3 1.3
v 1.1 0.3 1.2
v 1.1 0.3 0.8
v 1.1 0.3 0.7
v 1.1 0.3 0.6
v 1.1 0.3 0.5
v 1.1 0.3 0.4
v 1.1 0.3 0.3
v 1.1 0.3 0.2
v 1.1 0.3 0.0999999
v 1.1 0.3 -0.1
v 1.1 0.3 -0.2
v 1.1 0.3 -0.3
v 1.1 0.3 -0.4
v 1.1 0.3 -0.5
v 1.1 0.3 -0.6
v 1.1 0.3 -0.7
v 1.1 0.3 -0.8
v 1.1 0.3 -1.2
v 1.1 0.3 -1.3
v 1.1 0.3 -1.4
v 1.1 0.3 -1.5
v 1.1 0.3 -1.6
v 1.1 0.3 -1.7
v 1.1 0.3 -1.8
v 1.1 0.3 -1.9
v 1.1 0.4 1.8
v 1.1 0.4 1.7
v 1.1 0.4 1.6
v 1.1 0.4 1.5
v 1.1 0.4 1.4
v 1.1 0.4 1.3
v 1.1 0.4 1.2
v 1.1 0.4 1.1
v 1.1 0.4 0.9
v 1.1 0.4 0.8
v 1.1 0.4 0.7
v 1.1 0.4 0.6
v 1.1 0.4 0.5
v 1.1 0.4 0.4
v 1.1 0.4 0.3
v 1.1 0.4 0.2
v 1.1 0.4 -0.2
v 1.1 0.4 -0.3
v 1.1 0.4 -0.4
v 1.1 0.4 -0.5
v 1.1 0.4 -0.6
v 1.1 0.4 -0.7
v 1.1 0.4 -0.8
v 1.1 0.4 -0.9
v 1.1 0.4 -1.1
v 1.1 0.4 -1.2
v 1.1 0.4 -1.3
v 1.1 0.4 -1.4
v 1.1 0.4 -1.5
v 1.1 0.4 -1.6
v 1.1 0.4 -1.7
v 1.1 0.4 -1.8
v 1.1 0.5 1.9
v 1.1 0.5 1.1
v 1.1 0.5 0.9
v 1.1 0.5 0.0999999
v 1.1 0.5 -0.1
v 1.1 0.5 -0.9
v 1.1 0.5 -1.1
v 1.1 0.5 -1.9
v 1.2 0.5 1.8
v 1.2 0.5 1.2
v 1.2 0.5 0.8
v 1.2 0.5 0.2
v 1.2 0.5 -0.2
v 1.2 0.5 -0.8
v 1.2 0.5 -1.2
v 1.2 0.5 -1.8
v 1.2 0.6 1.7
v 1.2 0.6 1.6
v 1.2 0.6 1.5
v 1.2 0.6 1.4
v 1.2 0.6 1.3
v 1.2 0.6 1.2
v 1.2 0.6 0.8
v 1.2 0.6 0.7
v 1.2 0.6 0.6
v 1.2 0.6 0.5
v 1.2 0.6 0.4
v 1.2 0.6 0.3
v 1.2 0.6 -0.3
v 1.2 0.6 -0.4
v 1.2 0.6 -0.5
v 1.2 0.6 -0.6
v 1.2 0.6 -0.7
v 1.2 0.6 -0.8
v 1.2 0.6 -1.2
v 1.2 0.6 -1.3
v 1.2 0.6 -1.4
v 1.2 0.6 -1.5
v 1.2 0.6 -1.6
v 1.2 0.6 -1.7
v 1.2 0.7 1.8
v 1.2 0.7 1.7
v 1.2 0.7 1.6
v 1.2 0.7 1.5
v 1.2 0.7 1.4
v 1.2 0.7 1.3
v 1.2 0.7 0.7
v 1.2 0.7 0.6
v 1.2 0.7 0.5
v 1.2 0.7 0.4
v 1.2 0.7 0.3
v 1.2 0.7 0.2
v 1.2 0.7 -0.2
v 1.2 0.7 -0.3
v 1.2 0.7 -0.4
v 1.2 0.7 -0.5
v 1.2 0.7 -0.6
v 1.2 0.7 -0.7
v 1.2 0.7 -1.3
v 1.2 0.7 -1.4
v 1.2 0.7 -1.5
v 1.2 0.7 -1.6
v 1.2 0.7 -1.7
v 1.2 0.7 -1.8
v 1.2 0.8 1.8
v 1.2 0.8 1.2
v 1.2 0.8 0.8
v 1.2 0.8 0.2
v 1.2 0.8 -0.2
v 1.2 0.8 -0.8
v 1.2 0.8 -1.2
v 1.2 0.8 -1.8
v 1.3 0.8 1.7
v 1.3 0.8 1.6
v 1.3 0.8 1.5
v 1.3 0.8 1.4
v 1.3 0.8 1.3
v 1.3 0.8 0.7
v 1.3 0.8 0.6
v 1.3 0.8 0.5
v 1.3 0.8 0.4
v 1.3 0.8 0.3
v 1.3 0.8 -0.3
v 1.3 0.8 -0.4
v 1.3 0.8 -0.5
v 1.3 0.8 -0.6
v 1.3 0.8 -0.7
v 1.3 0.8 -1.3
v 1.3 0.8 -1.4
v 1.3 0.8 -1.5
v 1.3 0.8 -1.6
v 1.3 0.8 -1.7
v 1.3 0.9 1.7
v 1.3 0.9 1.6
v 1.3 0.9 1.5
v 1.3 0.9 1.4
v 1.3 0.9 0.6
v 1.3 0.9 0.5
v 1.3 0.9 0.4
v 1.3 0.9 0.3
v 1.3 0.9 -0.3
v 1.3 0.9 -0.4
v 1.3 0.9 -0.5
v 1.3 0.9 -0.6
v 1.3 0.9 -1.4
v 1.3 0.9 -1.5
v 1.3 0.9 -1.6
v 1.3 0.9 -1.7
v 1.3 1 1.7
v 1.3 1 1.3
v 1.3 1 0.7
v 1.3 1 0.3
v 1.3 1 -0.3
v 1.3 1 -0.7
v 1.3 1 -1.3
v 1.3 1 -1.7
v 1.4 1 1.6
v 1.4 1 1.4
v 1.4 1 0.6
v 1.4 1 0.4
v 1.4 1 -0.4
v 1.4 1 -0.6
v 1.4 1 -1.4
v 1.4 1 -1.6
v 1.4 1.1 1.6
v 1.4 1.1 1.4
v 1.4 1.1 0.6
v 1.4 1.1 0.4
v 1.4 1.1 -0.4
v 1.4 1.1 -0.6
v 1.4 1.1 -1.4
v 1.4 1.1 -1.6
v 1.4 1.2 1.6
v 1.4 1.2 1.4
v 1.4 1.2 0.6
v 1.4 1.2 0.4
v 1.4 1.2 -0.4
v 1.4 1.2 -0.6
v 1.4 1.2 -1.4
v 1.4 1.2 -1.6
v -1.4 1 1.6
v -1.4 1 1.4
v -1.4 1 0.6
v -1.4 1 0.4
v -1.4 1 -0.4
v -1.4 1 -0.6
v -1.4 1 -1.4
v -1.4 1 -1.6
v -1.4 1.1 1.6
v -1.4 1.1 1.4
v -1.4 1.1 0.6
v -1.4 1.1 0.4
v -1.4 1.1 -0.4
v -1.4 1.1 -0.6
v -1.4 1.1 -1.4
v -1.4 1.1 -1.6
v -1.4 1.2 1.6
v -1.4 1.2 1.4
v -1.4 1.2 0.6
v -1.4 1.2 0.4
v -1.4 1.2 -0.4
v -1.4 1.2 -0.6
v -1.4 1.2 -1.4
v -1.4 1.2 -1.6
v -1.3 0.8 1.7
v -1.3 0.8 1.6
v -1.3 0.8 1.5
v -1.3 0.8 1.4
v -1.3 0.8 1.3
v -1.3 0.8 0.7
v -1.3 0.8 0.6
v -1.3 0.8 0.5
v -1.3 0.8 0.4
v -1.3 0.8 0.3
v -1.3 0.8 -0.3
v -1.3 0.8 -0.4
v -1.3 0.8 -0.5
v -1.3 0.8 -0.6
v -1.3 0.8 -0.7
v -1.3 0.8 -1.3
v -1.3 0.8 -1.4
v -1.3 0.8 -1.5
v -1.3 0.8 -1.6
v -1.3 0.8 -1.7
v -1.3 0.9 1.7
v -1.3 0.9 1.6
v -1.3 0.9 1.5
v -1.3 0.9 1.4
v -1.3 0.9 0.6
v -1.3 0.9 0.5
v -1.3 0.9 0.4
v -1.3 0.9 0.3
v -1.3 0.9 -0.3
v -1.3 0.9 -0.4
v -1.3 0.9 -0.5
v -1.3 0.9 -0.6
v -1.3 0.9 -1.4
v -1.3 0.9 -1.5
v -1.3 0.9 -1.6
v -1.3 0.9 -1.7
v -1.3 1 1.7
v -1.3 1 1.3
v -1.3 1 0.7
v -1.3 1 0.3
v -1.3 1 -0.3
v -1.3 1 -0.7
v -1.3 1 -1.3
v -1.3 1 -1.7
v -1.2 0.5 1.8
v -1.2 0.5 1.2
v -1.2 0.5 0.8
v -1.2 0.5 0.2
v -1.2 0.5 -0.2
v -1.2 0.5 -0.8
v -1.2 0.5 -1.2
v -1.2 0.5 -1.8
v -1.2 0.6 1.7
v -1.2 0.6 1.6
v -1.2 0.6 1.5
v -1.2 0.6 1.4
v -1.2 0.6 1.3
v -1.2 0.6 1.2
v -1.2 0.6 0.8
v -1.2 0.6 0.7
v -1.2 0.6 0.6
v -1.2 0.6 0.5
v -1.2 0.6 0.4
v -1.2 0.6 0.3
v -1.2 0.6 -0.3
v -1.2 0.6 -0.4
v -1.2 0.6 -0.5
v -1.2 0.6 -0.6
v -1.2 0.6 -0.7
v -1.2 0.6 -0.8
v -1.2 0.6 -1.2
v -1.2 0.6 -1.3
v -1.2 0.6 -1.4
v -1.2 0.6 -1.5
v -1.2 0.6 -1.6
v -1.2 0.6 -1.7
v -1.2 0.7 1.8
v -1.2 0.7 1.7
v -1.2 0.7 1.6
v -1.2 0.7 1.5
v -1.2 0.7 1.4
v -1.2 0.7 1.3
v -1.2 0.7 0.7
v -1.2 0.7 0.6
v -1.2 0.7 0.5
v -1.2 0.7 0.4
v -1.2 0.7 0.3
v -1.2 0.7 0.2
v -1.2 0.7 -0.2
v -1.2 0.7 -0.3
v -1.2 0.7 -0.4
v -1.2 0.7 -0.5
v -1.2 0.7 -0.6
v -1.2 0.7 -0.7
v -1.2 0.7 -1.3
v -1.2 0.7 -1.4
v -1.2 0.7 -1.5
v -1.2 0.7 -1.6
v -1.2 0.7 -1.7
v -1.2 0.7 -1.8
v -1.2 0.8 1.8
v -1.2 0.8 1.2
v -1.2 0.8 0.8
v -1.2 0.8 0.2
v -1.2 0.8 -0.2
v -1.2 0.8 -0.8
v -1.2 0.8 -1.2
v -1.2 0.8 -1.8
v -1.1 0.2 1.9
v -1.1 0.2 1.1
v -1.1 0.2 0.9
v -1.1 0.2 0.0999999
v -1.1 0.2 -0.1
v -1.1 0.2 -0.9
v -1.1 0.2 -1.1
v -1.1 0.2 -1.9
v -1.1 0.3 1.9
v -1.1 0.3 1.8
v -1.1 0.3 1.7
v -1.1 0.3 1.6
v -1.1 0.3 1.5
v -1.1 0.3 1.4
v -1.1 0.3 1.3
v -1.1 0.3 1.2
v -1.1 0.3 0.8
v -1.1 0.3 0.7
v -1.1 0.3 0.6
v -1.1 0.3 0.5
v -1.1 0.3 0.4
v -1.1 0.3 0.3
v -1.1 0.3 0.2
v -1.1 0.3 0.0999999
v -1.1 0.3 -0.1
v -1.1 0.3 -0.2
v -1.1 0.3 -0.3
v -1.1 0.3 -0.4
v -1.1 0.3 -0.5
v -1.1 0.3 -0.6
v -1.1 0.3 -0.7
v -1.1 0.3 -0.8
v -1.1 0.3 -1.2
v -1.1 0.3 -1.3
v -1.1 0.3 -1.4
v -1.1 0.3 -1.5
v -1.1 0.3 -1.6
v -1.1 0.3 -1.7
v -1.1 0.3 -1.8
v -1.1 0.3 -1.9
v -1.1 0.4 1.8
v -1.1 0.4 1.7
v -1.1 0.4 1.6
v -1.1 0.4 1.5
v -1.1 0.4 1.4
v -1.1 0.4 1.3
v -1.1 0.4 1.2
v -1.1 0.4 1.1
v -1.1 0.4 0.9
v -1.1 0.4 0.8
v -1.1 0.4 0.7
v -1.1 0.4 0.6
v -1.1 0.4 0.5
v -1.1 0.4 0.4
v -1.1 0.4 0.3
v -1.1 0.4 0.2
v -1.1 0.4 -0.2
v -1.1 0.4 -0.3
v -1.1 0.4 -0.4
v -1.1 0.4 -0.5
v -1.1 0.4 -0.6
v -1.1 0.4 -0.7
v -1.1 0.4 -0.8
v -1.1 0.4 -0.9
v -1.1 0.4 -1.1
v -1.1 0.4 -1.2
v -1.1 0.4 -1.3
v -1.1 0.4 -1.4
v -1.1 0.4 -1.5
v -1.1 0.4 -1.6
v -1.1 0.4 -1.7
v -1.1 0.4 -1.8
v -1.1 0.5 1.9
v -1.1 0.5 1.1
v -1.1 0.5 0.9
v -1.1 0.5 0.0999999
v -1.1 0.5 -0.1
v -1.1 0.5 -0.9
v -1.1 0.5 -1.1
v -1.1 0.5 -1.9
v -0.4 1 1.6
v -0.4 1 1.4
v -0.4 1 0.6
v -0.4 1 0.4
v -0.4 1 -0.4
v -0.4 1 -0.6
v -0.4 1 -1.4
v -0.4 1 -1.6
v -0.4 1.1 1.6
v -0.4 1.1 1.4
v -0.4 1.1 0.6
v -0.4 1.1 0.4
v -0.4 1.1 -0.4
v -0.4 1.1 -0.6
v -0.4 1.1 -1.4
v -0.4 1.1 -1.6
v -0.4 1.2 1.6
v -0.4 1.2 1.4
v -0.4 1.2 0.6
v -0.4 1.2 0.4
v -0.4 1.2 -0.4
v -0.4 1.2 -0.6
v -0.4 1.2 -1.4
v -0.4 1.2 -1.6
v -0.3 0.8 1.7
v -0.3 0.8 1.6
v -0.3 0.8 1.5
v -0.3 0.8 1.4
v -0.3 0.8 1.3
v -0.3 0.8 0.7
v -0.3 0.8 0.6
v -0.3 0.8 0.5
v -0.3 0.8 0.4
v -0.3 0.8 0.3
v -0.3 0.8 -0.3
v -0.3 0.8 -0.4
v -0.3 0.8 -0.5
v -0.3 0.8 -0.6
v -0.3 0.8 -0.7
v -0.3 0.8 -1.3
v -0.3 0.8 -1.4
v -0.3 0.8 -1.5
v -0.3 0.8 -1.6
v -0.3 0.8 -1.7
v -0.3 0.9 1.6
v -0.3 0.9 1.5
v -0.3 0.9 1.4
v -0.3 0.9 1.3
v -0.3 0.9 0.7
v -0.3 0.9 0.6
v -0.3 0.9 0.5
v -0.3 0.9 0.4
v -0.3 0.9 -0.4
v -0.3 0.9 -0.5
v -0.3 0.9 -0.6
v -0.3 0.9 -0.7
v -0.3 0.9 -1.3
v -0.3 0.9 -1.4
v -0.3 0.9 -1.5
v -0.3 0.9 -1.6
v -0.3 1 1.7
v -0.3 1 1.3
v -0.3 1 0.7
v -0.3 1 0.3
v -0.3 1 -0.3
v -0.3 1 -0.7
v -0.3 1 -1.3
v -0.3 1 -1.7
v -0.2 0.5 1.8
v -0.2 0.5 1.2
v -0.2 0.5 0.8
v -0.2 0.5 0.2
v -0.2 0.5 -0.2
v -0.2 0.5 -0.8
v -0.2 0.5 -1.2
v -0.2 0.5 -1.8
v -0.2 0.6 1.8
v -0.2 0.6 1.7
v -0.2 0.6 1.6
v -0.2 0.6 1.5
v -0.2 0.6 1.4
v -0.2 0.6 1.3
v -0.2 0.6 0.7
v -0.2 0.6 0.6
v -0.2 0.6 0.5
v -0.2 0.6 0.4
v -0.2 0.6 0.3
v -0.2 0.6 0.2
v -0.2 0.6 -0.2
v -0.2 0.6 -0.3
v -0.2 0.6 -0.4
v -0.2 0.6 -0.5
v -0.2 0.6 -0.6
v -0.2 0.6 -0.7
v -0.2 0.6 -1.3
v -0.2 0.6 -1.4
v -0.2 0.6 -1.5
v -0.2 0.6 -1.6
v -0.2 0.6 -1.7
v -0.2 0.6 -1.8
v -0.2 0.7 1.7
v -0.2 0.7 1.6
v -0.2 0.7 1.5
v -0.2 0.7 1.4
v -0.2 0.7 1.3
v -0.2 0.7 1.2
v -0.2 0.7 0.8
v -0.2 0.7 0.7
v -0.2 0.7 0.6
v -0.2 0.7 0.5
v -0.2 0.7 0.4
v -0.2 0.7 0.3
v -0.2 0.7 -0.3
v -0.2 0.7 -0.4
v -0.2 0.7 -0.5
v -0.2 0.7 -0.6
v -0.2 0.7 -0.7
v -0.2 0.7 -0.8
v -0.2 0.7 -1.2
v -0.2 0.7 -1.3
v -0.2 0.7 -1.4
v -0.2 0.7 -1.5
v -0.2 0.7 -1.6
v -0.2 0.7 -1.7
v -0.2 0.8 1.8
v -0.2 0.8 1.2
v -0.2 0.8 0.8
v -0.2 0.8 0.2
v -0.2 0.8 -0.2
v -0.2 0.8 -0.8
v -0.2 0.8 -1.2
v -0.2 0.8 -1.8
v -0.0999999 0.2 1.9
v -0.0999999 0.2 1.1
v -0.0999999 0.2 0.9
v -0.0999999 0.2 0.0999999
v -0.0999999 0.2 -0.1
v -0.0999999 0.2 -0.9
v -0.0999999 0.2 -1.1
v -0.0999999 0.2 -1.9
v -0.0999999 0.3 1.8
v -0.0999999 0.3 1.7
v -0.0999999 0.3 1.6
v -0.0999999 0.3 1.5
v -0.0999999 0.3 1.4
v -0.0999999 0.3 1.3
v -0.0999999 0.3 1.2
v -0.0999999 0.3 1.1
v -0.0999999 0.3 0.9
v -0.0999999 0.3 0.8
v -0.0999999 0.3 0.7
v -0.0999999 0.3 0.6
v -0.0999999 0.3 0.5
v -0.0999999 0.3 0.4
v -0.0999999 0.3 0.3
v -0.0999999 0.3 0.2
v -0.0999999 0.3 -0.2
v -0.0999999 0.3 -0.3
v -0.0999999 0.3 -0.4
v -0.0999999 0.3 -0.5
v -0.0999999 0.3 -0.6
v -0.0999999 0.3 -0.7
v -0.0999999 0.3 -0.8
v -0.0999999 0.3 -0.9
v -0.0999999 0.3 -1.1
v -0.0999999 0.3 -1.2
v -0.0999999 0.3 -1.3
v -0.0999999 0.3 -1.4
v -0.0999999 0.3 -1.5
v -0.0999999 0.3 -1.6
v -0.0999999 0.3 -1.7
v -0.0999999 0.3 -1.8
v -0.0999999 0.4 1.9
v -0.0999999 0.4 1.8
v -0.0999999 0.4 1.7
v -0.0999999 0.4 1.6
v -0.0999999 0.4 1.5
v -0.0999999 0.4 1.4
v -0.0999999 0.4 1.3
v -0.0999999 0.4 1.2
v -0.0999999 0.4 0.8
v -0.0999999 0.4 0.7
v -0.0999999 0.4 0.6
v -0.0999999 0.4 0.5
v -0.0999999 0.4 0.4
v -0.0999999 0.4 0.3
v -0.0999999 0.4 0.2
v -0.0999999 0.4 0.0999999
v -0.0999999 0.4 -0.1
v -0.0999999 0.4 -0.2
v -0.0999999 0.4 -0.3
v -0.0999999 0.4 -0.4
v -0.0999999 0.4 -0.5
v -0.0999999 0.4 -0.6
v -0.0999999 0.4 -0.7
v -0.0999999 0.4 -0.8
v -0.0999999 0.4 -1.2
v -0.0999999 0.4 -1.3
v -0.0999999 0.4 -1.4
v -0.0999999 0.4 -1.5
v -0.0999999 0.4 -1.6
v -0.0999999 0.4 -1.7
v -0.0999999 0.4 -1.8
v -0.0999999 0.4 -1.9
v -0.0999999 0.5 1.9
v -0.0999999 0.5 1.1
v -0.0999999 0.5 0.9
v -0.0999999 0.5 0.0999999
v -0.0999999 0.5 -0.1
v -0.0999999 0.5 -0.9
v -0.0999999 0.5 -1.1
v -0.0999999 0.5 -1.9
v 0.6 1 1.6
v 0.6 1 1.4
v 0.6 1 0.6
v 0.6 1 0.4
v 0.6 1 -0.4
v 0.6 1 -0.6
v 0.6 1 -1.4
v 0.6 1 -1.6
v 0.6 1.1 1.6
v 0.6 1.1 1.4
v 0.6 1.1 0.6
v 0.6 1.1 0.4
v 0.6 1.1 -0.4
v 0.6 1.1 -0.6
v 0.6 1.1 -1.4
v 0.6 1.1 -1.6
v 0.6 1.2 1.6
v 0.6 1.2 1.4
v 0.6 1.2 0.6
v 0.6 1.2 0.4
v 0.6 1.2 -0.4
v 0.6 1.2 -0.6
v 0.6 1.2 -1.4
v 0.6 1.2 -1.6
v 0.7 0.8 1.7
v 0.7 0.8 1.6
v 0.7 0.8 1.5
v 0.7 0.8 1.4
v 0.7 0.8 1.3
v 0.7 0.8 0.7
v 0.7 0.8 0.6
v 0.7 0.8 0.5
v 0.7 0.8 0.4
v 0.7 0.8 0.3
v 0.7 0.8 -0.3
v 0.7 0.8 -0.4
v 0.7 0.8 -0.5
v 0.7 0.8 -0.6
v 0.7 0.8 -0.7
v 0.7 0.8 -1.3
v 0.7 0.8 -1.4
v 0.7 0.8 -1.5
v 0.7 0.8 -1.6
v 0.7 0.8 -1.7
v 0.7 0.9 1.7
v 0.7 0.9 1.6
v 0.7 0.9 1.5
v 0.7 0.9 1.4
v 0.7 0.9 0.6
v 0.7 0.9 0.5
v 0.7 0.9 0.4
v 0.7 0.9 0.3
v 0.7 0.9 -0.3
v 0.7 0.9 -0.4
v 0.7 0.9 -0.5
v 0.7 0.9 -0.6
v 0.7 0.9 -1.4
v 0.7 0.9 -1.5
v 0.7 0.9 -1.6
v 0.7 0.9 -1.7
v 0.7 1 1.7
v 0.7 1 1.3
v 0.7 1 0.7
v 0.7 1 0.3
v 0.7 1 -0.3
v 0.7 1 -0.7
v 0.7 1 -1.3
v 0.7 1 -1.7
v 0.8 0.5 1.8
v 0.8 0.5 1.2
v 0.8 0.5 0.8
v 0.8 0.5 0.2
v 0.8 0.5 -0.2
v 0.8 0.5 -0.8
v 0.8 0.5 -1.2
v 0.8 0.5 -1.8
v 0.8 0.6 1.7
v 0.8 0.6 1.6
v 0.8 0.6 1.5
v 0.8 0.6 1.4
v 0.8 0.6 1.3
v 0.8 0.6 1.2
v 0.8 0.6 0.8
v 0.8 0.6 0.7
v 0.8 0.6 0.6
v 0.8 0.6 0.5
v 0.8 0.6 0.4
v 0.8 0.6 0.3
v 0.8 0.6 -0.3
v 0.8 0.6 -0.4
v 0.8 0.6 -0.5
v 0.8 0.6 -0.6
v 0.8 0.6 -0.7
v 0.8 0.6 -0.8
v 0.8 0.6 -1.2
v 0.8 0.6 -1.3
v 0.8 0.6 -1.4
v 0.8 0.6 -1.5
v 0.8 0.6 -1.6
v 0.8 0.6 -1.7
v 0.8 0.7 1.8
v 0.8 0.7 1.7
v 0.8 0.7 1.6
v 0.8 0.7 1.5
v 0.8 0.7 1.4
v 0.8 0.7 1.3
v 0.8 0.7 0.7
v 0.8 0.7 0.6
v 0.8 0.7 0.5
v 0.8 0.7 0.4
v 0.8 0.7 0.3
v 0.8 0.7 0.2
v 0.8 0.7 -0.2
v 0.8 0.7 -0.3
v 0.8 0.7 -0.4
v 0.8 0.7 -0.5
v 0.8 0.7 -0.6
v 0.8 0.7 -0.7
v 0.8 0.7 -1.3
v 0.8 0.7 -1.4
v 0.8 0.7 -1.5
v 0.8 0.7 -1.6
v 0.8 0.7 -1.7
v 0.8 0.7 -1.8
v 0.8 0.8 1.8
v 0.8 0.8 1.2
v 0.8 0.8 0.8
v 0.8 0.8 0.2
v 0.8 0.8 -0.2
v 0.8 0.8 -0.8
v 0.8 0.8 -1.2
v 0.8 0.8 -1.8
v 0.9 0.2 1.9
v 0.9 0.2 1.1
v 0.9 0.2 0.9
v 0.9 0.2 0.0999999
v 0.9 0.2 -0.1
v 0.9 0.2 -0.9
v 0.9 0.2 -1.1
v 0.9 0.2 -1.9
v 0.9 0.3 1.9
v 0.9 0.3 1.8
v 0.9 0.3 1.7
v 0.9 0.3 1.6
v 0.9 0.3 1.5
v 0.9 0.3 1.4
v 0.9 0.3 1.3
v 0.9 0.3 1.2
v 0.9 0.3 0.8
v 0.9 0.3 0.7
v 0.9 0.3 0.6
v 0.9 0.3 0.5
v 0.9 0.3 0.4
v 0.9 0.3 0.3
v 0.9 0.3 0.2
v 0.9 0.3 0.0999999
v 0.9 0.3 -0.1
v 0.9 0.3 -0.2
v 0.9 0.3 -0.3
v 0.9 0.3 -0.4
v 0.9 0.3 -0.5
v 0.9 0.3 -0.6
v 0.9 0.3 -0.7
v 0.9 0.3 -0.8
v 0.9 0.3 -1.2
v 0.9 0.3 -1.3
v 0.9 0.3 -1.4
v 0.9 0.3 -1.5
v 0.9 0.3 -1.6
v 0.9 0.3 -1.7
v 0.9 0.3 -1.8
v 0.9 0.3 -1.9
v 0.9 0.4 1.8
v 0.9 0.4 1.7
v 0.9 0.4 1.6
v 0.9 0.4 1.5
v 0.9 0.4 1.4
v 0.9 0.4 1.3
v 0.9 0.4 1.2
v 0.9 0.4 1.1
v 0.9 0.4 0.9
v 0.9 0.4 0.8
v 0.9 0.4 0.7
v 0.9 0.4 0.6
v 0.9 0.4 0.5
v 0.9 0.4 0.4
v 0.9 0.4 0.3
v 0.9 0.4 0.2
v 0.9 0.4 -0.2
v 0.9 0.4 -0.3
v 0.9 0.4 -0.4
v 0.9 0.4 -0.5
v 0.9 0.4 -0.6
v 0.9 0.4 -0.7
v 0.9 0.4 -0.8
v 0.9 0.4 -0.9
v 0.9 0.4 -1.1
v 0.9 0.4 -1.2
v 0.9 0.4 -1.3
v 0.9 0.4 -1.4
v 0.9 0.4 -1.5
v 0.9 0.4 -1.6
v 0.9 0.4 -1.7
v 0.9 0.4 -1.8
v 0.9 0.5 1.9
v 0.9 0.5 1.1
v 0.9 0.5 0.9
v 0.9 0.5 0.0999999
v 0.9 0.5 -0.1
v 0.9 0.5 -0.9
v 0.9 0.5 -1.1
v 0.9 0.5 -1.9
v 1.6 1 1.6
v 1.6 1 1.4
v 1.6 1 0.6
v 1.6 1 0.4
v 1.6 1 -0.4
v 1.6 1 -0.6
v 1.6 1 -1.4
v 1.6 1 -1.6
v 1.6 1.1 1.6
v 1.6 1.1 1.4
v 1.6 1.1 0.6
v 1.6 1.1 0.4
v 1.6 1.1 -0.4
v 1.6 1.1 -0.6
v 1.6 1.1 -1.4
v 1.6 1.1 -1.6
v 1.6 1.2 1.6
v 1.6 1.2 1.4
v 1.6 1.2 0.6
v 1.6 1.2 0.4
v 1.6 1.2 -0.4
v 1.6 1.2 -0.6
v 1.6 1.2 -1.4
v 1.6 1.2 -1.6
v 1.7 0.8 1.7
v 1.7 0.8 1.6
v 1.7 0.8 1.5
v 1.7 0.8 1.4
v 1.7 0.8 1.3
v 1.7 0.8 0.7
v 1.7 0.8 0.6
v 1.7 0.8 0.5
v 1.7 0.8 0.4
v 1.7 0.8 0.3
v 1.7 0.8 -0.3
v 1.7 0.8 -0.4
v 1.7 0.8 -0.5
v 1.7 0.8 -0.6
v 1.7 0.8 -0.7
v 1.7 0.8 -1.3
v 1.7 0.8 -1.4
v 1.7 0.8 -1.5
v 1.7 0.8 -1.6
v 1.7 0.8 -1.7
v 1.7 0.9 1.6
v 1.7 0.9 1.5
v 1.7 0.9 1.4
v 1.7 0.9 1.3
v 1.7 0.9 0.7
v 1.7 0.9 0.6
v 1.7 0.9 0.5
v 1.7 0.9 0.4
v 1.7 0.9 -0.4
v 1.7 0.9 -0.5
v 1.7 0.9 -0.6
v 1.7 0.9 -0.7
v 1.7 0.9 -1.3
v 1.7 0.9 -1.4
v 1.7 0.9 -1.5
v 1.7 0.9 -1.6
v 1.7 1 1.7
v 1.7 1 1.3
v 1.7 1 0.7
v 1.7 1 0.3
v 1.7 1 -0.3
v 1.7 1 -0.7
v 1.7 1 -1.3
v 1.7 1 -1.7
v 1.8 0.5 1.8
v 1.8 0.5 1.2
v 1.8 0.5 0.8
v 1.8 0.5 0.2
v 1.8 0.5 -0.2
v 1.8 0.5 -0.8
v 1.8 0.5 -1.2
v 1.8 0.5 -1.8
v 1.8 0.6 1.8
v 1.8 0.6 1.7
v 1.8 0.6 1.6
v 1.8 0.6 1.5
v 1.8 0.6 1.4
v 1.8 0.6 1.3
v 1.8 0.6 0.7
v 1.8 0.6 0.6
v 1.8 0.6 0.5
v 1.8 0.6 0.4
v 1.8 0.6 0.3
v 1.8 0.6 0.2
v 1.8 0.6 -0.2
v 1.8 0.6 -0.3
v 1.8 0.6 -0.4
v 1.8 0.6 -0.5
v 1.8 0.6 -0.6
v 1.8 0.6 -0.7
v 1.8 0.6 -1.3
v 1.8 0.6 -1.4
v 1.8 0.6 -1.5
v 1.8 0.6 -1.6
v 1.8 0.6 -1.7
v 1.8 0.6 -1.8
v 1.8 0.7 1.7
v 1.8 0.7 1.6
v 1.8 0.7 1.5
v 1.8 0.7 1.4
v 1.8 0.7 1.3
v 1.8 0.7 1.2
v 1.8 0.7 0.8
v 1.8 0.7 0.7
v 1.8 0.7 0.6
v 1.8 0.7 0.5
v 1.8 0.7 0.4
v 1.8 0.7 0.3
v 1.8 0.7 -0.3
v 1.8 0.7 -0.4
v 1.8 0.7 -0.5
v 1.8 0.7 -0.6
v 1.8 0.7 -0.7
v 1.8 0.7 -0.8
v 1.8 0.7 -1.2
v 1.8 0.7 -1.3
v 1.8 0.7 -1.4
v 1.8 0.7 -1.5
v 1.8 0.7 -1.6
v 1.8 0.7 -1.7
v 1.8 0.8 1.8
v 1.8 0.8 1.2
v 1.8 0.8 0.8
v 1.8 0.8 0.2
v 1.8 0.8 -0.2
v 1.8 0.8 -0.8
v 1.8 0.8 -1.2
v 1.8 0.8 -1.8
v 1.9 0.2 1.9
v 1.9 0.2 1.1
v 1.9 0.2 0.9
v 1.9 0.2 0.0999999
v 1.9 0.2 -0.1
v 1.9 0.2 -0.9
v 1.9 0.2 -1.1
v 1.9 0.2 -1.9
v 1.9 0.3 1.8
v 1.9 0.3 1.7
v 1.9 0.3 1.6
v 1.9 0.3 1.5
v 1.9 0.3 1.4
v 1.9 0.3 1.3
v 1.9 0.3 1.2
v 1.9 0.3 1.1
v 1.9 0.3 0.9
v 1.9 0.3 0.8
v 1.9 0.3 0.7
v 1.9 0.3 0.6
v 1.9 0.3 0.5
v 1.9 0.3 0.4
v 1.9 0.3 0.3
v 1.9 0.3 0.2
v 1.9 0.3 -0.2
v 1.9 0.3 -0.3
v 1.9 0.3 -0.4
v 1.9 0.3 -0.5
v 1.9 0.3 -0.6
v 1.9 0.3 -0.7
v 1.9 0.3 -0.8
v 1.9 0.3 -0.9
v 1.9 0.3 -1.1
v 1.9 0.3 -1.2
v 1.9 0.3 -1.3
v 1.9 0.3 -1.4
v 1.9 0.3 -1.5
v 1.9 0.3 -1.6
v 1.9 0.3 -1.7
v 1.9 0.3 -1.8
v 1.9 0.4 1.9
v 1.9 0.4 1.8
v 1.9 0.4 1.7
v 1.9 0.4 1.6
v 1.9 0.4 1.5
v 1.9 0.4 1.4
v 1.9 0.4 1.3
v 1.9 0.4 1.2
v 1.9 0.4 0.8
v 1.9 0.4 0.7
v 1.9 0.4 0.6
v 1.9 0.4 0.5
v 1.9 0.4 0.4
v 1.9 0.4 0.3
v 1.9 0.4 0.2
v 1.9 0.4 0.0999999
v 1.9 0.4 -0.1
v 1.9 0.4 -0.2
v 1.9 0.4 -0.3
v 1.9 0.4 -0.4
v 1.9 0.4 -0.5
v 1.9 0.4 -0.6
v 1.9 0.4 -0.7
v 1.9 0.4 -0.8
v 1.9 0.4 -1.2
v 1.9 0.4 -1.3
v 1.9 0.4 -1.4
v 1.9 0.4 -1.5
v 1.9 0.4 -1.6
v 1.9 0.4 -1.7
v 1.9 0.4 -1.8
v 1.9 0.4 -1.9
v 1.9 0.5 1.9
v 1.9 0.5 1.1
v 1.9 0.5 0.9
v 1.9 0.5 0.0999999
v 1.9 0.5 -0.1
v 1.9 0.5 -0.9
v 1.9 0.5 -1.1
v 1.9 0.5 -1.9
v 2 0 2
v 2 0 -2
v 2 0.2 2
v 2 0.2 -2
v -2 0 2
v -2 0.2 2
v 2 0 2
v 2 0.2 2
v -1.9 0.2 1.9
v -1.9 0.4 1.9
v -1.9 0.5 1.9
v -1.8 0.3 1.9
v -1.8 0.4 1.9
v -1.7 0.3 1.9
v -1.7 0.4 1.9
v -1.6 0.3 1.9
v -1.6 0.4 1.9
v -1.5 0.3 1.9
v -1.5 0.4 1.9
v -1.4 0.3 1.9
v -1.4 0.4 1.9
v -1.3 0.3 1.9
v -1.3 0.4 1.9
v -1.2 0.3 1.9
v -1.2 0.4 1.9
v -1.1 0.2 1.9
v -1.1 0.3 1.9
v -1.1 0.5 1.9
v -0.9 0.2 1.9
v -0.9 0.3 1.9
v -0.9 0.5 1.9
v -0.8 0.3 1.9
v -0.8 0.4 1.9
v -0.7 0.3 1.9
v -0.7 0.4 1.9
v -0.6 0.3 1.9
v -0.6 0.4 1.9
v -0.5 0.3 1.9
v -0.5 0.4 1.9
v -0.4 0.3 1.9
v -0.4 0.4 1.9
v -0.3 0.3 1.9
v -0.3 0.4 1.9
v -0.2 0.3 1.9
v -0.2 0.4 1.9
v -0.0999999 0.2 1.9
v -0.0999999 0.4 1.9
v -0.0999999 0.5 1.9
v 0.1 0.2 1.9
v 0.1 0.4 1.9
v 0.1 0.5 1.9
v 0.2 0.3 1.9
v 0.2 0.4 1.9
v 0.3 0.3 1.9
v 0.3 0.4 1.9
v 0.4 0.3 1.9
v 0.4 0.4 1.9
v 0.5 0.3 1.9
v 0.5 0.4 1.9
v 0.6 0.3 1.9
v 0.6 0.4 1.9
v 0.7 0.3 1.9
v 0.7 0.4 1.9
v 0.8 0.3 1.9
v 0.8 0.4 1.9
v 0.9 0.2 1.9
v 0.9 0.3 1.9
v 0.9 0.5 1.9
v 1.1 0.2 1.9
v 1.1 0.3 1.9
v 1.1 0.5 1.9
v 1.2 0.3 1.9
v 1.2 0.4 1.9
v 1.3 0.3 1.9
v 1.3 0.4 1.9
v 1.4 0.3 1.9
v 1.4 0.4 1.9
v 1.5 0.3 1.9
v 1.5 0.4 1.9
v 1.6 0.3 1.9
v 1.6 0.4 1.9
v 1.7 0.3 1.9
v 1.7 0.4 1.9
v 1.8 0.3 1.9
v 1.8 0.4 1.9
v 1.9 0.2 1.9
v 1.9 0.4 1.9
v 1.9 0.5 1.9
v -1.8 0.5 1.8
v -1.8 0.6 1.8
v -1.8 0.8 1.8
v -1.7 0.6 1.8
v -1.7 0.7 1.8
v -1.6 0.6 1.8
v -1.6 0.7 1.8
v -1.5 0.6 1.8
v -1.5 0.7 1.8
v -1.4 0.6 1.8
v -1.4 0.7 1.8
v -1.3 0.6 1.8
v -1.3 0.7 1.8
v -1.2 0.5 1.8
v -1.2 0.7 1.8
v -1.2 0.8 1.8
v -0.8 0.5 1.8
v -0.8 0.7 1.8
v -0.8 0.8 1.8
v -0.7 0.6 1.8
v -0.7 0.7 1.8
v -0.6 0.6 1.8
v -0.6 0.7 1.8
v -0.5 0.6 1.8
v -0.5 0.7 1.8
v -0.4 0.6 1.8
v -0.4 0.7 1.8
v -0.3 0.6 1.8
v -0.3 0.7 1.8
v -0.2 0.5 1.8
v -0.2 0.6 1.8
v -0.2 0.8 1.8
v 0.2 0.5 1.8
v 0.2 0.6 1.8
v 0.2 0.8 1.8
v 0.3 0.6 1.8
v 0.3 0.7 1.8
v 0.4 0.6 1.8
v 0.4 0.7 1.8
v 0.5 0.6 1.8
v 0.5 0.7 1.8
v 0.6 0.6 1.8
v 0.6 0.7 1.8
v 0.7 0.6 1.8
v 0.7 0.7 1.8
v 0.8 0.5 1.8
v 0.8 0.7 1.8
v 0.8 0.8 1.8
v 1.2 0.5 1.8
v 1.2 0.7 1.8
v 1.2 0.8 1.8
v 1.3 0.6 1.8
v 1.3 0.7 1.8
v 1.4 0.6 1.8
v 1.4 0.7 1.8
v 1.5 0.6 1.8
v 1.5 0.7 1.8
v 1.6 0.6 1.8
v 1.6 0.7 1.8
v 1.7 0.6 1.8
v 1.7 0.7 1.8
v 1.8 0.5 1.8
v 1.8 0.6 1.8
v 1.8 0.8 1.8
v -1.7 0.8 1.7
v -1.7 1 1.7
v -1.6 0.8 1.7
v -1.6 0.9 1.7
v -1.5 0.8 1.7
v -1.5 0.9 1.7
v -1.4 0.8 1.7
v -1.4 0.9 1.7
v -1.3 0.8 1.7
v -1.3 0.9 1.7
v -1.3 1 1.7
v -0.7 0.8 1.7
v -0.7 0.9 1.7
v -0.7 1 1.7
v -0.6 0.8 1.7
v -0.6 0.9 1.7
v -0.5 0.8 1.7
v -0.5 0.9 1.7
v -0.4 0.8 1.7
v -0.4 0.9 1.7
v -0.3 0.8 1.7
v -0.3 1 1.7
v 0.3 0.8 1.7
v 0.3 1 1.7
v 0.4 0.8 1.7
v 0.4 0.9 1.7
v 0.5 0.8 1.7
v 0.5 0.9 1.7
v 0.6 0.8 1.7
v 0.6 0.9 1.7
v 0.7 0.8 1.7
v 0.7 0.9 1.7
v 0.7 1 1.7
v 1.3 0.8 1.7
v 1.3 0.9 1.7
v 1.3 1 1.7
v 1.4 0.8 1.7
v 1.4 0.9 1.7
v 1.5 0.8 1.7
v 1.5 0.9 1.7
v 1.6 0.8 1.7
v 1.6 0.9 1.7
v 1.7 0.8 1.7
v 1.7 1 1.7
v -1.6 1 1.6
v -1.6 1.1 1.6
v -1.6 1.2 1.6
v -1.4 1 1.6
v -1.4 1.1 1.6
v -1.4 1.2 1.6
v -0.6 1 1.6
v -0.6 1.1 1.6
v -0.6 1.2 1.6
v -0.4 1 1.6
v -0.4 1.1 1.6
v -0.4 1.2 1.6
v 0.4 1 1.6
v 0.4 1.1 1.6
v 0.4 1.2 1.6
v 0.6 1 1.6
v 0.6 1.1 1.6
v 0.6 1.2 1.6
v 1.4 1 1.6
v 1.4 1.1 1.6
v 1.4 1.2 1.6
v 1.6 1 1.6
v 1.6 1.1 1.6
v 1.6 1.2 1.6
v -1.9 0.2 0.9
v -1.9 0.3 0.9
v -1.9 0.5 0.9
v -1.8 0.3 0.9
v -1.8 0.4 0.9
v -1.7 0.3 0.9
v -1.7 0.4 0.9
v -1.6 0.3 0.9
v -1.6 0.4 0.9
v -1.5 0.3 0.9
v -1.5 0.4 0.9
v -1.4 0.3 0.9
v -1.4 0.4 0.9
v -1.3 0.3 0.9
v -1.3 0.4 0.9
v -1.2 0.3 0.9
v -1.2 0.4 0.9
v -1.1 0.2 0.9
v -1.1 0.4 0.9
v -1.1 0.5 0.9
v -0.9 0.2 0.9
v -0.9 0.4 0.9
v -0.9 0.5 0.9
v -0.8 0.3 0.9
v -0.8 0.4 0.9
v -0.7 0.3 0.9
v -0.7 0.4 0.9
v -0.6 0.3 0.9
v -0.6 0.4 0.9
v -0.5 0.3 0.9
v -0.5 0.4 0.9
v -0.4 0.3 0.9
v -0.4 0.4 0.9
v -0.3 0.3 0.9
v -0.3 0.4 0.9
v -0.2 0.3 0.9
v -0.2 0.4 0.9
v -0.0999999 0.2 0.9
v -0.0999999 0.3 0.9
v -0.0999999 0.5 0.9
v 0.1 0.2 0.9
v 0.1 0.3 0.9
v 0.1 0.5 0.9
v 0.2 0.3 0.9
v 0.2 0.4 0.9
v 0.3 0.3 0.9
v 0.3 0.4 0.9
v 0.4 0.3 0.9
v 0.4 0.4 0.9
v 0.5 0.3 0.9
v 0.5 0.4 0.9
v 0.6 0.3 0.9
v 0.6 0.4 0.9
v 0.7 0.3 0.9
v 0.7 0.4 0.9
v 0.8 0.3 0.9
v 0.8 0.4 0.9
v 0.9 0.2 0.9
v 0.9 0.4 0.9
v 0.9 0.5 0.9
v 1.1 0.2 0.9
v 1.1 0.4 0.9
v 1.1 0.5 0.9
v 1.2 0.3 0.9
v 1.2 0.4 0.9
v 1.3 0.3 0.9
v 1.3 0.4 0.9
v 1.4 0.3 0.9
v 1.4 0.4 0.9
v 1.5 0.3 0.9
v 1.5 0.4 0.9
v 1.6 0.3 0.9
v 1.6 0.4 0.9
v 1.7 0.3 0.9
v 1.7 0.4 0.9
v 1.8 0.3 0.9
v 1.8 0.4 0.9
v 1.9 0.2 0.9
v 1.9 0.3 0.9
v 1.9 0.5 0.9
v -1.8 0.5 0.8
v -1.8 0.7 0.8
v -1.8 0.8 0.8
v -1.7 0.6 0.8
v -1.7 0.7 0.8
v -1.6 0.6 0.8
v -1.6 0.7 0.8
v -1.5 0.6 0.8
v -1.5 0.7 0.8
v -1.4 0.6 0.8
v -1.4 0.7 0.8
v -1.3 0.6 0.8
v -1.3 0.7 0.8
v -1.2 0.5 0.8
v -1.2 0.6 0.8
v -1.2 0.8 0.8
v -0.8 0.5 0.8
v -0.8 0.6 0.8
v -0.8 0.8 0.8
v -0.7 0.6 0.8
v -0.7 0.7 0.8
v -0.6 0.6 0.8
v -0.6 0.7 0.8
v -0.5 0.6 0.8
v -0.5 0.7 0.8
v -0.4 0.6 0.8
v -0.4 0.7 0.8
v -0.3 0.6 0.8
v -0.3 0.7 0.8
v -0.2 0.5 0.8
v -0.2 0.7 0.8
v -0.2 0.8 0.8
v 0.2 0.5 0.8
v 0.2 0.7 0.8
v 0.2 0.8 0.8
v 0.3 0.6 0.8
v 0.3 0.7 0.8
v 0.4 0.6 0.8
v 0.4 0.7 0.8
v 0.5 0.6 0.8
v 0.5 0.7 0.8
v 0.6 0.6 0.8
v 0.6 0.7 0.8
v 0.7 0.6 0.8
v 0.7 0.7 0.8
v 0.8 0.5 0.8
v 0.8 0.6 0.8
v 0.8 0.8 0.8
v 1.2 0.5 0.8
v 1.2 0.6 0.8
v 1.2 0.8 0.8
v 1.3 0.6 0.8
v 1.3 0.7 0.8
v 1.4 0.6 0.8
v 1.4 0.7 0.8
v 1.5 0.6 0.8
v 1.5 0.7 0.8
v 1.6 0.6 0.8
v 1.6 0.7 0.8
v 1.7 0.6 0.8
v 1.7 0.7 0.8
v 1.8 0.5 0.8
v 1.8 0.7 0.8
v 1.8 0.8 0.8
v -1.7 0.8 0.7
v -1.7 0.9 0.7
v -1.7 1 0.7
v -1.6 0.8 0.7
v -1.6 0.9 0.7
v -1.5 0.8 0.7
v -1.5 0.9 0.7
v -1.4 0.8 0.7
v -1.4 0.9 0.7
v -1.3 0.8 0.7
v -1.3 1 0.7
v -0.7 0.8 0.7
v -0.7 1 0.7
v -0.6 0.8 0.7
v -0.6 0.9 0.7
v -0.5 0.8 0.7
v -0.5 0.9 0.7
v -0.4 0.8 0.7
v -0.4 0.9 0.7
v -0.3 0.8 0.7
v -0.3 0.9 0.7
v -0.3 1 0.7
v 0.3 0.8 0.7
v 0.3 0.9 0.7
v 0.3 1 0.7
v 0.4 0.8 0.7
v 0.4 0.9 0.7
v 0.5 0.8 0.7
v 0.5 0.9 0.7
v 0.6 0.8 0.7
v 0.6 0.9 0.7
v 0.7 0.8 0.7
v 0.7 1 0.7
v 1.3 0.8 0.7
v 1.3 1 0.7
v 1.4 0.8 0.7
v 1.4 0.9 0.7
v 1.5 0.8 0.7
v 1.5 0.9 0.7
v 1.6 0.8 0.7
v 1.6 0.9 0.7
v 1.7 0.8 0.7
v 1.7 0.9 0.7
v 1.7 1 0.7
v -1.6 1 0.6
v -1.6 1.1 0.6
v -1.6 1.2 0.6
v -1.4 1 0.6
v -1.4 1.1 0.6
v -1.4 1.2 0.6
v -0.6 1 0.6
v -0.6 1.1 0.6
v -0.6 1.2 0.6
v -0.4 1 0.6
v -0.4 1.1 0.6
v -0.4 1.2 0.6
v 0.4 1 0.6
v 0.4 1.1 0.6
v 0.4 1.2 0.6
v 0.6 1 0.6
v 0.6 1.1 0.6
v 0.6 1.2 0.6
v 1.4 1 0.6
v 1.4 1.1 0.6
v 1.4 1.2 0.6
v 1.6 1 0.6
v 1.6 1.1 0.6
v 1.6 1.2 0.6
v -1.9 0.2 -0.1
v -1.9 0.4 -0.1
v -1.9 0.5 -0.1
v -1.8 0.3 -0.1
v -1.8 0.4 -0.1
v -1.7 0.3 -0.1
v -1.7 0.4 -0.1
v -1.6 0.3 -0.1
v -1.6 0.4 -0.1
v -1.5 0.3 -0.1
v -1.5 0.4 -0.1
v -1.4 0.3 -0.1
v -1.4 0.4 -0.1
v -1.3 0.3 -0.1
v -1.3 0.4 -0.1
v -1.2 0.3 -0.1
v -1.2 0.4 -0.1
v -1.1 0.2 -0.1
v -1.1 0.3 -0.1
v -1.1 0.5 -0.1
v -0.9 0.2 -0.1
v -0.9 0.3 -0.1
v -0.9 0.5 -0.1
v -0.8 0.3 -0.1
v -0.8 0.4 -0.1
v -0.7 0.3 -0.1
v -0.7 0.4 -0.1
v -0.6 0.3 -0.1
v -0.6 0.4 -0.1
v -0.5 0.3 -0.1
v -0.5 0.4 -0.1
v -0.4 0.3 -0.1
v -0.4 0.4 -0.1
v -0.3 0.3 -0.1
v -0.3 0.4 -0.1
v -0.2 0.3 -0.1
v -0.2 0.4 -0.1
v -0.0999999 0.2 -0.1
v -0.0999999 0.4 -0.1
v -0.0999999 0.5 -0.1
v 0.1 0.2 -0.1
v 0.1 0.4 -0.1
v 0.1 0.5 -0.1
v 0.2 0.3 -0.1
v 0.2 0.4 -0.1
v 0.3 0.3 -0.1
v 0.3 0.4 -0.1
v 0.4 0.3 -0.1
v 0.4 0.4 -0.1
v 0.5 0.3 -0.1
v 0.5 0.4 -0.1
v 0.6 0.3 -0.1
v 0.6 0.4 -0.1
v 0.7 0.3 -0.1
v 0.7 0.4 -0.1
v 0.8 0.3 -0.1
v 0.8 0.4 -0.1
v 0.9 0.2 -0.1
v 0.9 0.3 -0.1
v 0.9 0.5 -0.1
v 1.1 0.2 -0.1
v 1.1 0.3 -0.1
v 1.1 0.5 -0.1
v 1.2 0.3 -0.1
v 1.2 0.4 -0.1
v 1.3 0.3 -0.1
v 1.3 0.4 -0.1
v 1.4 0.3 -0.1
v 1.4 0.4 -0.1
v 1.5 0.3 -0.1
v 1.5 0.4 -0.1
v 1.6 0.3 -0.1
v 1.6 0.4 -0.1
v 1.7 0.3 -0.1
v 1.7 0.4 -0.1
v 1.8 0.3 -0.1
v 1.8 0.4 -0.1
v 1.9 0.2 -0.1
v 1.9 0.4 -0.1
v 1.9 0.5 -0.1
v -1.8 0.5 -0.2
v -1.8 0.6 -0.2
v -1.8 0.8 -0.2
v -1.7 0.6 -0.2
v -1.7 0.7 -0.2
v -1.6 0.6 -0.2
v -1.6 0.7 -0.2
v -1.5 0.6 -0.2
v -1.5 0.7 -0.2
v -1.4 0.6 -0.2
v -1.4 0.7 -0.2
v -1.3 0.6 -0.2
v -1.3 0.7 -0.2
v -1.2 0.5 -0.2
v -1.2 0.7 -0.2
v -1.2 0.8 -0.2
v -0.8 0.5 -0.2
v -0.8 0.7 -0.2
v -0.8 0.8 -0.2
v -0.7 0.6 -0.2
v -0.7 0.7 -0.2
v -0.6 0.6 -0.2
v -0.6 0.7 -0.2
v -0.5 0.6 -0.2
v -0.5 0.7 -0.2
v -0.4 0.6 -0.2
v -0.4 0.7 -0.2
v -0.3 0.6 -0.2
v -0.3 0.7 -0.2
v -0.2 0.5 -0.2
v -0.2 0.6 -0.2
v -0.2 0.8 -0.2
v 0.2 0.5 -0.2
v 0.2 0.6 -0.2
v 0.2 0.8 -0.2
v 0.3 0.6 -0.2
v 0.3 0.7 -0.2
v 0.4 0.6 -0.2
v 0.4 0.7 -0.2
v 0.5 0.6 -0.2
v 0.5 0.7 -0.2
v 0.6 0.6 -0.2
v 0.6 0.7 -0.2
v 0.7 0.6 -0.2
v 0.7 0.7 -0.2
v 0.8 0.5 -0.2
v 0.8 0.7 -0.2
v 0.8 0.8 -0.2
v 1.2 0.5 -0.2
v 1.2 0.7 -0.2
v 1.2 0.8 -0.2
v 1.3 0.6 -0.2
v 1.3 0.7 -0.2
v 1.4 0.6 -0.2
v 1.4 0.7 -0.2
v 1.5 0.6 -0.2
v 1.5 0.7 -0.2
v 1.6 0.6 -0.2
v 1.6 0.7 -0.2
v 1.7 0.6 -0.2
v 1.7 0.7 -0.2
v 1.8 0.5 -0.2
v 1.8 0.6 -0.2
v 1.8 0.8 -0.2
v -1.7 0.8 -0.3
v -1.7 1 -0.3
v -1.6 0.8 -0.3
v -1.6 0.9 -0.3
v -1.5 0.8 -0.3
v -1.5 0.9 -0.3
v -1.4 0.8 -0.3
v -1.4 0.9 -0.3
v -1.3 0.8 -0.3
v -1.3 0.9 -0.3
v -1.3 1 -0.3
v -0.7 0.8 -0.3
v -0.7 0.9 -0.3
v -0.7 1 -0.3
v -0.6 0.8 -0.3
v -0.6 0.9 -0.3
v -0.5 0.8 -0.3
v -0.5 0.9 -0.3
v -0.4 0.8 -0.3
v -0.4 0.9 -0.3
v -0.3 0.8 -0.3
v -0.3 1 -0.3
v 0.3 0.8 -0.3
v 0.3 1 -0.3
v 0.4 0.8 -0.3
v 0.4 0.9 -0.3
v 0.5 0.8 -0.3
v 0.5 0.9 -0.3
v 0.6 0.8 -0.3
v 0.6 0.9 -0.3
v 0.7 0.8 -0.3
v 0.7 0.9 -0.3
v 0.7 1 -0.3
v 1.3 0.8 -0.3
v 1.3 0.9 -0.3
v 1.3 1 -0.3
v 1.4 0.8 -0.3
v 1.4 0.9 -0.3
v 1.5 0.8 -0.3
v 1.5 0.9 -0.3
v 1.6 0.8 -0.3
v 1.6 0.9 -0.3
v 1.7 0.8 -0.3
v 1.7 1 -0.3
v -1.6 1 -0.4
v -1.6 1.1 -0.4
v -1.6 1.2 -0.4
v -1.4 1 -0.4
v -1.4 1.1 -0.4
v -1.4 1.2 -0.4
v -0.6 1 -0.4
v -0.6 1.1 -0.4
v -0.6 1.2 -0.4
v -0.4 1 -0.4
v -0.4 1.1 -0.4
v -0.4 1.2 -0.4
v 0.4 1 -0.4
v 0.4 1.1 -0.4
v 0.4 1.2 -0.4
v 0.6 1 -0.4
v 0.6 1.1 -0.4
v 0.6 1.2 -0.4
v 1.4 1 -0.4
v 1.4 1.1 -0.4
v 1.4 1.2 -0.4
v 1.6 1 -0.4
v 1.6 1.1 -0.4
v 1.6 1.2 -0.4
v -1.9 0.2 -1.1
v -1.9 0.3 -1.1
v -1.9 0.5 -1.1
v -1.8 0.3 -1.1
v -1.8 0.4 -1.1
v -1.7 0.3 -1.1
v -1.7 0.4 -1.1
v -1.6 0.3 -1.1
v -1.6 0.4 -1.1
v -1.5 0.3 -1.1
v -1.5 0.4 -1.1
v -1.4 0.3 -1.1
v -1.4 0.4 -1.1
v -1.3 0.3 -1.1
v -1.3 0.4 -1.1
v -1.2 0.3 -1.1
v -1.2 0.4 -1.1
v -1.1 0.2 -1.1
v -1.1 0.4 -1.1
v -1.1 0.5 -1.1
v -0.9 0.2 -1.1
v -0.9 0.4 -1.1
v -0.9 0.5 -1.1
v -0.8 0.3 -1.1
v -0.8 0.4 -1.1
v -0.7 0.3 -1.1
v -0.7 0.4 -1.1
v -0.6 0.3 -1.1
v -0.6 0.4 -1.1
v -0.5 0.3 -1.1
v -0.5 0.4 -1.1
v -0.4 0.3 -1.1
v -0.4 0.4 -1.1
v -0.3 0.3 -1.1
v -0.3 0.4 -1.1
v -0.2 0.3 -1.1
v -0.2 0.4 -1.1
v -0.0999999 0.2 -1.1
v -0.0999999 0.3 -1.1
v -0.0999999 0.5 -1.1
v 0.1 0.2 -1.1
v 0.1 0.3 -1.1
v 0.1 0.5 -1.1
v 0.2 0.3 -1.1
v 0.2 0.4 -1.1
v 0.3 0.3 -1.1
v 0.3 0.4 -1.1
v 0.4 0.3 -1.1
v 0.4 0.4 -1.1
v 0.5 0.3 -1.1
v 0.5 0.4 -1.1
v 0.6 0.3 -1.1
v 0.6 0.4 -1.1
v 0.7 0.3 -1.1
v 0.7 0.4 -1.1
v 0.8 0.3 -1.1
v 0.8 0.4 -1.1
v 0.9 0.2 -1.1
v 0.9 0.4 -1.1
v 0.9 0.5 -1.1
v 1.1 0.2 -1.1
v 1.1 0.4 -1.1
v 1.1 0.5 -1.1
v 1.2 0.3 -1.1
v 1.2 0.4 -1.1
v 1.3 0.3 -1.1
v 1.3 0.4 -1.1
v 1.4 0.3 -1.1
v 1.4 0.4 -1.1
v 1.5 0.3 -1.1
v 1.5 0.4 -1.1
v 1.6 0.3 -1.1
v 1.6 0.4 -1.1
v 1.7 0.3 -1.1
v 1.7 0.4 -1.1
v 1.8 0.3 -1.1
v 1.8 0.4 -1.1
v 1.9 0.2 -1.1
v 1.9 0.3 -1.1
v 1.9 0.5 -1.1
v -1.8 0.5 -1.2
v -1.8 0.7 -1.2
v -1.8 0.8 -1.2
v -1.7 0.6 -1.2
v -1.7 0.7 -1.2
v -1.6 0.6 -1.2
v -1.6 0.7 -1.2
v -1.5 0.6 -1.2
v -1.5 0.7 -1.2
v -1.4 0.6 -1.2
v -1.4 0.7 -1.2
v -1.3 0.6 -1.2
v -1.3 0.7 -1.2
v -1.2 0.5 -1.2
v -1.2 0.6 -1.2
v -1.2 0.8 -1.2
v -0.8 0.5 -1.2
v -0.8 0.6 -1.2
v -0.8 0.8 -1.2
v -0.7 0.6 -1.2
v -0.7 0.7 -1.2
v -0.6 0.6 -1.2
v -0.6 0.7 -1.2
v -0.5 0.6 -1.2
v -0.5 0.7 -1.2
v -0.4 0.6 -1.2
v -0.4 0.7 -1.2
v -0.3 0.6 -1.2
v -0.3 0.7 -1.2
v -0.2 0.5 -1.2
v -0.2 0.7 -1.2
v -0.2 0.8 -1.2
v 0.2 0.5 -1.2
v 0.2 0.7 -1.2
v 0.2 0.8 -1.2
v 0.3 0.6 -1.2
v 0.3 0.7 -1.2
v 0.4 0.6 -1.2
v 0.4 0.7 -1.2
v 0.5 0.6 -1.2
v 0.5 0.7 -1.2
v 0.6 0.6 -1.2
v 0.6 0.7 -1.2
v 0.7 0.6 -1.2
v 0.7 0.7 -1.2
v 0.8 0.5 -1.2
v 0.8 0.6 -1.2
v 0.8 0.8 -1.2
v 1.2 0.5 -1.2
v 1.2 0.6 -1.2
v 1.2 0.8 -1.2
v 1.3 0.6 -1.2
v 1.3 0.7 -1.2
v 1.4 0.6 -1.2
v 1.4 0.7 -1.2
v 1.5 0.6 -1.2
v 1.5 0.7 -1.2
v 1.6 0.6 -1.2
v 1.6 0.7 -1.2
v 1.7 0.6 -1.2
v 1.7 0.7 -1.2
v 1.8 0.5 -1.2
v 1.8 0.7 -1.2
v 1.8 0.8 -1.2
v -1.7 0.8 -1.3
v -1.7 0.9 -1.3
v -1.7 1 -1.3
v -1.6 0.8 -1.3
v -1.6 0.9 -1.3
v -1.5 0.8 -1.3
v -1.5 0.9 -1.3
v -1.4 0.8 -1.3
v -1.4 0.9 -1.3
v -1.3 0.8 -1.3
v -1.3 1 -1.3
v -0.7 0.8 -1.3
v -0.7 1 -1.3
v -0.6 0.8 -1.3
v -0.6 0.9 -1.3
v -0.5 0.8 -1.3
v -0.5 0.9 -1.3
v -0.4 0.8 -1.3
v -0.4 0.9 -1.3
v -0.3 0.8 -1.3
v -0.3 0.9 -1.3
v -0.3 1 -1.3
v 0.3 0.8 -1.3
v 0.3 0.9 -1.3
v 0.3 1 -1.3
v 0.4 0.8 -1.3
v 0.4 0.9 -1.3
v 0.5 0.8 -1.3
v 0.5 0.9 -1.3
v 0.6 0.8 -1.3
v 0.6 0.9 -1.3
v 0.7 0.8 -1.3
v 0.7 1 -1.3
v 1.3 0.8 -1.3
v 1.3 1 -1.3
v 1.4 0.8 -1.3
v 1.4 0.9 -1.3
v 1.5 0.8 -1.3
v 1.5 0.9 -1.3
v 1.6 0.8 -1.3
v 1.6 0.9 -1.3
v 1.7 0.8 -1.3
v 1.7 0.9 -1.3
v 1.7 1 -1.3
v -1.6 1 -1.4
v -1.6 1.1 -1.4
v -1.6 1.2 -1.4
v -1.4 1 -1.4
v -1.4 1.1 -1.4
v -1.4 1.2 -1.4
v -0.6 1 -1.4
v -0.6 1.1 -1.4
v -0.6 1.2 -1.4
v -0.4 1 -1.4
v -0.4 1.1 -1.4
v -0.4 1.2 -1.4
v 0.4 1 -1.4
v 0.4 1.1 -1.4
v 0.4 1.2 -1.4
v 0.6 1 -1.4
v 0.6 1.1 -1.4
v 0.6 1.2 -1.4
v 1.4 1 -1.4
v 1.4 1.1 -1.4
v 1.4 1.2 -1.4
v 1.6 1 -1.4
v 1.6 1.1 -1.4
v 1.6 1.2 -1.4
v -1.6 1 1.4
v -1.6 1.1 1.4
v -1.6 1.2 1.4
v -1.4 1 1.4
v -1.4 1.1 1.4
v -1.4 1.2 1.4
v -0.6 1 1.4
v -0.6 1.1 1.4
v -0.6 1.2 1.4
v -0.4 1 1.4
v -0.4 1.1 1.4
v -0.4 1.2 1.4
v 0.4 1 1.4
v 0.4 1.1 1.4
v 0.4 1.2 1.4
v 0.6 1 1.4
v 0.6 1.1 1.4
v 0.6 1.2 1.4
v 1.4 1 1.4
v 1.4 1.1 1.4
v 1.4 1.2 1.4
v 1.6 1 1.4
v 1.6 1.1 1.4
v 1.6 1.2 1.4
v -1.7 0.8 1.3
v -1.7 0.9 1.3
v -1.7 1 1.3
v -1.6 0.8 1.3
v -1.6 0.9 1.3
v -1.5 0.8 1.3
v -1.5 0.9 1.3
v -1.4 0.8 1.3
v -1.4 0.9 1.3
v -1.3 0.8 1.3
v -1.3 1 1.3
v -0.7 0.8 1.3
v -0.7 1 1.3
v -0.6 0.8 1.3
v -0.6 0.9 1.3
v -0.5 0.8 1.3
v -0.5 0.9 1.3
v -0.4 0.8 1.3
v -0.4 0.9 1.3
v -0.3 0.8 1.3
v -0.3 0.9 1.3
v -0.3 1 1.3
v 0.3 0.8 1.3
v 0.3 0.9 1.3
v 0.3 1 1.3
v 0.4 0.8 1.3
v 0.4 0.9 1.3
v 0.5 0.8 1.3
v 0.5 0.9 1.3
v 0.6 0.8 1.3
v 0.6 0.9 1.3
v 0.7 0.8 1.3
v 0.7 1 1.3
v 1.3 0.8 1.3
v 1.3 1 1.3
v 1.4 0.8 1.3
v 1.4 0.9 1.3
v 1.5 0.8 1.3
v 1.5 0.9 1.3
v 1.6 0.8 1.3
v 1.6 0.9 1.3
v 1.7 0.8 1.3
v 1.7 0.9 1.3
v 1.7 1 1.3
v -1.8 0.5 1.2
v -1.8 0.7 1.2
v -1.8 0.8 1.2
v -1.7 0.6 1.2
v -1.7 0.7 1.2
v -1.6 0.6 1.2
v -1.6 0.7 1.2
v -1.5 0.6 1.2
v -1.5 0.7 1.2
v -1.4 0.6 1.2
v -1.4 0.7 1.2
v -1.3 0.6 1.2
v -1.3 0.7 1.2
v -1.2 0.5 1.2
v -1.2 0.6 1.2
v -1.2 0.8 1.2
v -0.8 0.5 1.2
v -0.8 0.6 1.2
v -0.8 0.8 1.2
v -0.7 0.6 1.2
v -0.7 0.7 1.2
v -0.6 0.6 1.2
v -0.6 0.7 1.2
v -0.5 0.6 1.2
v -0.5 0.7 1.2
v -0.4 0.6 1.2
v -0.4 0.7 1.2
v -0.3 0.6 1.2
v -0.3 0.7 1.2
v -0.2 0.5 1.2
v -0.2 0.7 1.2
v -0.2 0.8 1.2
v 0.2 0.5 1.2
v 0.2 0.7 1.2
v 0.2 0.8 1.2
v 0.3 0.6 1.2
v 0.3 0.7 1.2
v 0.4 0.6 1.2
v 0.4 0.7 1.2
v 0.5 0.6 1.2
v 0.5 0.7 1.2
v 0.6 0.6 1.2
v 0.6 0.7 1.2
v 0.7 0.6 1.2
v 0.7 0.7 1.2
v 0.8 0.5 1.2
v 0.8 0.6 1.2
v 0.8 0.8 1.2
v 1.2 0.5 1.2
v 1.2 0.6 1.2
v 1.2 0.8 1.2
v 1.3 0.6 1.2
v 1.3 0.7 1.2
v 1.4 0.6 1.2
v 1.4 0.7 1.2
v 1.5 0.6 1.2
v 1.5 0.7 1.2
v 1.6 0.6 1.2
v 1.6 0.7 1.2
v 1.7 0.6 1.2
v 1.7 0.7 1.2
v 1.8 0.5 1.2
v 1.8 0.7 1.2
v 1.8 0.8 1.2
v -1.9 0.2 1.1
v -1.9 0.3 1.1
v -1.9 0.5 1.1
v -1.8 0.3 1.1
v -1.8 0.4 1.1
v -1.7 0.3 1.1
v -1.7 0.4 1.1
v -1.6 0.3 1.1
v -1.6 0.4 1.1
v -1.5 0.3 1.1
v -1.5 0.4 1.1
v -1.4 0.3 1.1
v -1.4 0.4 1.1
v -1.3 0.3 1.1
v -1.3 0.4 1.1
v -1.2 0.3 1.1
v -1.2 0.4 1.1
v -1.1 0.2 1.1
v -1.1 0.4 1.1
v -1.1 0.5 1.1
v -0.9 0.2 1.1
v -0.9 0.4 1.1
v -0.9 0.5 1.1
v -0.8 0.3 1.1
v -0.8 0.4 1.1
v -0.7 0.3 1.1
v -0.7 0.4 1.1
v -0.6 0.3 1.1
v -0.6 0.4 1.1
v -0.5 0.3 1.1
v -0.5 0.4 1.1
v -0.4 0.3 1.1
v -0.4 0.4 1.1
v -0.3 0.3 1.1
v -0.3 0.4 1.1
v -0.2 0.3 1.1
v -0.2 0.4 1.1
v -0.0999999 0.2 1.1
v -0.0999999 0.3 1.1
v -0.0999999 0.5 1.1
v 0.1 0.2 1.1
v 0.1 0.3 1.1
v 0.1 0.5 1.1
v 0.2 0.3 1.1
v 0.2 0.4 1.1
v 0.3 0.3 1.1
v 0.3 0.4 1.1
v 0.4 0.3 1.1
v 0.4 0.4 1.1
v 0.5 0.3 1.1
v 0.5 0.4 1.1
v 0.6 0.3 1.1
v 0.6 0.4 1.1
v 0.7 0.3 1.1
v 0.7 0.4 1.1
v 0.8 0.3 1.1
v 0.8 0.4 1.1
v 0.9 0.2 1.1
v 0.9 0.4 1.1
v 0.9 0.5 1.1
v 1.1 0.2 1.1
v 1.1 0.4 1.1
v 1.1 0.5 1.1
v 1.2 0.3 1.1
v 1.2 0.4 1.1
v 1.3 0.3 1.1
v 1.3 0.4 1.1
v 1.4 0.3 1.1
v 1.4 0.4 1.1
v 1.5 0.3 1.1
v 1.5 0.4 1.1
v 1.6 0.3 1.1
v 1.6 0.4 1.1
v 1.7 0.3 1.1
v 1.7 0.4 1.1
v 1.8 0.3 1.1
v 1.8 0.4 1.1
v 1.9 0.2 1.1
v 1.9 0.3 1.1
v 1.9 0.5 1.1
v -1.6 1 0.4
v -1.6 1.1 0.4
v -1.6 1.2 0.4
v -1.4 1 0.4
v -1.4 1.1 0.4
v -1.4 1.2 0.4
v -0.6 1 0.4
v -0.6 1.1 0.4
v -0.6 1.2 0.4
v -0.4 1 0.4
v -0.4 1.1 0.4
v -0.4 1.2 0.4
v 0.4 1 0.4
v 0.4 1.1 0.4
v 0.4 1.2 0.4
v 0.6 1 0.4
v 0.6 1.1 0.4
v 0.6 1.2 0.4
v 1.4 1 0.4
v 1.4 1.1 0.4
v 1.4 1.2 0.4
v 1.6 1 0.4
v 1.6 1.1 0.4
v 1.6 1.2 0.4
v -1.7 0.8 0.3
v -1.7 1 0.3
v -1.6 0.8 0.3
v -1.6 0.9 0.3
v -1.5 0.8 0.3
v -1.5 0.9 0.3
v -1.4 0.8 0.3
v -1.4 0.9 0.3
v -1.3 0.8 0.3
v -1.3 0.9 0.3
v -1.3 1 0.3
v -0.7 0.8 0.3
v -0.7 0.9 0.3
v -0.7 1 0.3
v -0.6 0.8 0.3
v -0.6 0.9 0.3
v -0.5 0.8 0.3
v -0.5 0.9 0.3
v -0.4 0.8 0.3
v -0.4 0.9 0.3
v -0.3 0.8 0.3
v -0.3 1 0.3
v 0.3 0.8 0.3
v 0.3 1 0.3
v 0.4 0.8 0.3
v 0.4 0.9 0.3
v 0.5 0.8 0.3
v 0.5 0.9 0.3
v 0.6 0.8 0.3
v 0.6 0.9 0.3
v 0.7 0.8 0.3
v 0.7 0.9 0.3
v 0.7 1 0.3
v 1.3 0.8 0.3
v 1.3 0.9 0.3
v 1.3 1 0.3
v 1.4 0.8 0.3
v 1.4 0.9 0.3
v 1.5 0.8 0.3
v 1.5 0.9 0.3
v 1.6 0.8 0.3
v 1.6 0.9 0.3
v 1.7 0.8 0.3
v 1.7 1 0.3
v -1.8 0.5 0.2
v -1.8 0.6 0.2
v -1.8 0.8 0.2
v -1.7 0.6 0.2
v -1.7 0.7 0.2
v -1.6 0.6 0.2
v -1.6 0.7 0.2
v -1.5 0.6 0.2
v -1.5 0.7 0.2
v -1.4 0.6 0.2
v -1.4 0.7 0.2
v -1.3 0.6 0.2
v -1.3 0.7 0.2
v -1.2 0.5 0.2
v -1.2 0.7 0.2
v -1.2 0.8 0.2
v -0.8 0.5 0.2
v -0.8 0.7 0.2
v -0.8 0.8 0.2
v -0.7 0.6 0.2
v -0.7 0.7 0.2
v -0.6 0.6 0.2
v -0.6 0.7 0.2
v -0.5 0.6 0.2
v -0.5 0.7 0.2
v -0.4 0.6 0.2
v -0.4 0.7 0.2
v -0.3 0.6 0.2
v -0.3 0.7 0.2
v -0.2 0.5 0.2
v -0.2 0.6 0.2
v -0.2 0.8 0.2
v 0.2 0.5 0.2
v 0.2 0.6 0.2
v 0.2 0.8 0.2
v 0.3 0.6 0.2
v 0.3 0.7 0.2
v 0.4 0.6 0.2
v 0.4 0.7 0.2
v 0.5 0.6 0.2
v 0.5 0.7 0.2
v 0.6 0.6 0.2
v 0.6 0.7 0.2
v 0.7 0.6 0.2
v 0.7 0.7 0.2
v 0.8 0.5 0.2
v 0.8 0.7 0.2
v 0.8 0.8 0.2
v 1.2 0.5 0.2
v 1.2 0.7 0.2
v 1.2 0.8 0.2
v 1.3 0.6 0.2
v 1.3 0.7 0.2
v 1.4 0.6 0.2
v 1.4 0.7 0.2
v 1.5 0.6 0.2
v 1.5 0.7 0.2
v 1.6 0.6 0.2
v 1.6 0.7 0.2
v 1.7 0.6 0.2
v 1.7 0.7 0.2
v 1.8 0.5 0.2
v 1.8 0.6 0.2
v 1.8 0.8 0.2
v -1.9 0.2 0.0999999
v -1.9 0.4 0.0999999
v -1.9 0.5 0.0999999
v -1.8 0.3 0.0999999
v -1.8 0.4 0.0999999
v -1.7 0.3 0.0999999
v -1.7 0.4 0.0999999
v -1.6 0.3 0.0999999
v -1.6 0.4 0.0999999
v -1.5 0.3 0.0999999
v -1.5 0.4 0.0999999
v -1.4 0.3 0.0999999
v -1.4 0.4 0.0999999
v -1.3 0.3 0.0999999
v -1.3 0.4 0.0999999
v -1.2 0.3 0.0999999
v -1.2 0.4 0.0999999
v -1.1 0.2 0.0999999
v -1.1 0.3 0.0999999
v -1.1 0.5 0.0999999
v -0.9 0.2 0.0999999
v -0.9 0.3 0.0999999
v -0.9 0.5 0.0999999
v -0.8 0.3 0.0999999
v -0.8 0.4 0.0999999
v -0.7 0.3 0.0999999
v -0.7 0.4 0.0999999
v -0.6 0.3 0.0999999
v -0.6 0.4 0.0999999
v -0.5 0.3 0.0999999
v -0.5 0.4 0.0999999
v -0.4 0.3 0.0999999
v -0.4 0.4 0.0999999
v -0.3 0.3 0.0999999
v -0.3 0.4 0.0999999
v -0.2 0.3 0.0999999
v -0.2 0.4 0.0999999
v -0.0999999 0.2 0.0999999
v -0.0999999 0.4 0.0999999
v -0.0999999 0.5 0.0999999
v 0.1 0.2 0.0999999
v 0.1 0.4 0.0999999
v 0.1 0.5 0.0999999
v 0.2 0.3 0.0999999
v 0.2 0.4 0.0999999
v 0.3 0.3 0.0999999
v 0.3 0.4 0.0999999
v 0.4 0.3 0.0999999
v 0.4 0.4 0.0999999
v 0.5 0.3 0.0999999
v 0.5 0.4 0.0999999
v 0.6 0.3 0.0999999
v 0.6 0.4 0.0999999
v 0.7 0.3 0.0999999
v 0.7 0.4 0.0999999
v 0.8 0.3 0.0999999
v 0.8 0.4 0.0999999
v 0.9 0.2 0.0999999
v 0.9 0.3 0.0999999
v 0.9 0.5 0.0999999
v 1.1 0.2 0.0999999
v 1.1 0.3 0.0999999
v 1.1 0.5 0.0999999
v 1.2 0.3 0.0999999
v 1.2 0.4 0.0999999
v 1.3 0.3 0.0999999
v 1.3 0.4 0.0999999
v 1.4 0.3 0.0999999
v 1.4 0.4 0.0999999
v 1.5 0.3 0.0999999
v 1.5 0.4 0.0999999
v 1.6 0.3 0.0999999
v 1.6 0.4 0.0999999
v 1.7 0.3 0.0999999
v 1.7 0.4 0.0999999
v 1.8 0.3 0.0999999
v 1.8 0.4 0.0999999
v 1.9 0.2 0.0999999
v 1.9 0.4 0.0999999
v 1.9 0.5 0.0999999
v -1.6 1 -0.6
v -1.6 1.1 -0.6
v -1.6 1.2 -0.6
v -1.4 1 -0.6
v -1.4 1.1 -0.6
v -1.4 1.2 -0.6
v -0.6 1 -0.6
v -0.6 1.1 -0.6
v -0.6 1.2 -0.6
v -0.4 1 -0.6
v -0.4 1.1 -0.6
v -0.4 1.2 -0.6
v 0.4 1 -0.6
v 0.4 1.1 -0.6
v 0.4 1.2 -0.6
v 0.6 1 -0.6
v 0.6 1.1 -0.6
v 0.6 1.2 -0.6
v 1.4 1 -0.6
v 1.4 1.1 -0.6
v 1.4 1.2 -0.6
v 1.6 1 -0.6
v 1.6 1.1 -0.6
v 1.6 1.2 -0.6
v -1.7 0.8 -0.7
v -1.7 0.9 -0.7
v -1.7 1 -0.7
v -1.6 0.8 -0.7
v -1.6 0.9 -0.7
v -1.5 0.8 -0.7
v -1.5 0.9 -0.7
v -1.4 0.8 -0.7
v -1.4 0.9 -0.7
v -1.3 0.8 -0.7
v -1.3 1 -0.7
v -0.7 0.8 -0.7
v -0.7 1 -0.7
v -0.6 0.8 -0.7
v -0.6 0.9 -0.7
v -0.5 0.8 -0.7
v -0.5 0.9 -0.7
v -0.4 0.8 -0.7
v -0.4 0.9 -0.7
v -0.3 0.8 -0.7
v -0.3 0.9 -0.7
v -0.3 1 -0.7
v 0.3 0.8 -0.7
v 0.3 0.9 -0.7
v 0.3 1 -0.7
v 0.4 0.8 -0.7
v 0.4 0.9 -0.7
v 0.5 0.8 -0.7
v 0.5 0.9 -0.7
v 0.6 0.8 -0.7
v 0.6 0.9 -0.7
v 0.7 0.8 -0.7
v 0.7 1 -0.7
v 1.3 0.8 -0.7
v 1.3 1 -0.7
v 1.4 0.8 -0.7
v 1.4 0.9 -0.7
v 1.5 0.8 -0.7
v 1.5 0.9 -0.7
v 1.6 0.8 -0.7
v 1.6 0.9 -0.7
v 1.7 0.8 -0.7
v 1.7 0.9 -0.7
v 1.7 1 -0.7
v -1.8 0.5 -0.8
v -1.8 0.7 -0.8
v -1.8 0.8 -0.8
v -1.7 0.6 -0.8
v -1.7 0.7 -0.8
v -1.6 0.6 -0.8
v -1.6 0.7 -0.8
v -1.5 0.6 -0.8
v -1.5 0.7 -0.8
v -1.4 0.6 -0.8
v -1.4 0.7 -0.8
v -1.3 0.6 -0.8
v -1.3 0.7 -0.8
v -1.2 0.5 -0.8
v -1.2 0.6 -0.8
v -1.2 0.8 -0.8
v -0.8 0.5 -0.8
v -0.8 0.6 -0.8
v -0.8 0.8 -0.8
v -0.7 0.6 -0.8
v -0.7 0.7 -0.8
v -0.6 0.6 -0.8
v -0.6 0.7 -0.8
v -0.5 0.6 -0.8
v -0.5 0.7 -0.8
v -0.4 0.6 -0.8
v -0.4 0.7 -0.8
v -0.3 0.6 -0.8
v -0.3 0.7 -0.8
v -0.2 0.5 -0.8
v -0.2 0.7 -0.8
v -0.2 0.8 -0.8
v 0.2 0.5 -0.8
v 0.2 0.7 -0.8
v 0.2 0.8 -0.8
v 0.3 0.6 -0.8
v 0.3 0.7 -0.8
v 0.4 0.6 -0.8
v 0.4 0.7 -0.8
v 0.5 0.6 -0.8
v 0.5 0.7 -0.8
v 0.6 0.6 -0.8
v 0.6 0.7 -0.8
v 0.7 0.6 -0.8
v 0.7 0.7 -0.8
v 0.8 0.5 -0.8
v 0.8 0.6 -0.8
v 0.8 0.8 -0.8
v 1.2 0.5 -0.8
v 1.2 0.6 -0.8
v 1.2 0.8 -0.8
v 1.3 0.6 -0.8
v 1.3 0.7 -0.8
v 1.4 0.6 -0.8
v 1.4 0.7 -0.8
v 1.5 0.6 -0.8
v 1.5 0.7 -0.8
v 1.6 0.6 -0.8
v 1.6 0.7 -0.8
v 1.7 0.6 -0.8
v 1.7 0.7 -0.8
v 1.8 0.5 -0.8
v 1.8 0.7 -0.8
v 1.8 0.8 -0.8
v -1.9 0.2 -0.9
v -1.9 0.3 -0.9
v -1.9 0.5 -0.9
v -1.8 0.3 -0.9
v -1.8 0.4 -0.9
v -1.7 0.3 -0.9
v -1.7 0.4 -0.9
v -1.6 0.3 -0.9
v -1.6 0.4 -0.9
v -1.5 0.3 -0.9
v -1.5 0.4 -0.9
v -1.4 0.3 -0.9
v -1.4 0.4 -0.9
v -1.3 0.3 -0.9
v -1.3 0.4 -0.9
v -1.2 0.3 -0.9
v -1.2 0.4 -0.9
v -1.1 0.2 -0.9
v -1.1 0.4 -0.9
v -1.1 0.5 -0.9
v -0.9 0.2 -0.9
v -0.9 0.4 -0.9
v -0.9 0.5 -0.9
v -0.8 0.3 -0.9
v -0.8 0.4 -0.9
v -0.7 0.3 -0.9
v -0.7 0.4 -0.9
v -0.6 0.3 -0.9
v -0.6 0.4 -0.9
v -0.5 0.3 -0.9
v -0.5 0.4 -0.9
v -0.4 0.3 -0.9
v -0.4 0.4 -0.9
v -0.3 0.3 -0.9
v -0.3 0.4 -0.9
v -0.2 0.3 -0.9
v -0.2 0.4 -0.9
v -0.0999999 0.2 -0.9
v -0.0999999 0.3 -0.9
v -0.0999999 0.5 -0.9
v 0.1 0.2 -0.9
v 0.1 0.3 -0.9
v 0.1 0.5 -0.9
v 0.2 0.3 -0.9
v 0.2 0.4 -0.9
v 0.3 0.3 -0.9
v 0.3 0.4 -0.9
v 0.4 0.3 -0.9
v 0.4 0.4 -0.9
v 0.5 0.3 -0.9
v 0.5 0.4 -0.9
v 0.6 0.3 -0.9
v 0.6 0.4 -0.9
v 0.7 0.3 -0.9
v 0.7 0.4 -0.9
v 0.8 0.3 -0.9
v 0.8 0.4 -0.9
v 0.9 0.2 -0.9
v 0.9 0.4 -0.9
v 0.9 0.5 -0.9
v 1.1 0.2 -0.9
v 1.1 0.4 -0.9
v 1.1 0.5 -0.9
v 1.2 0.3 -0.9
v 1.2 0.4 -0.9
v 1.3 0.3 -0.9
v 1.3 0.4 -0.9
v 1.4 0.3 -0.9
v 1.4 0.4 -0.9
v 1.5 0.3 -0.9
v 1.5 0.4 -0.9
v 1.6 0.3 -0.9
v 1.6 0.4 -0.9
v 1.7 0.3 -0.9
v 1.7 0.4 -0.9
v 1.8 0.3 -0.9
v 1.8 0.4 -0.9
v 1.9 0.2 -0.9
v 1.9 0.3 -0.9
v 1.9 0.5 -0.9
v -1.6 1 -1.6
v -1.6 1.1 -1.6
v -1.6 1.2 -1.6
v -1.4 1 -1.6
v -1.4 1.1 -1.6
v -1.4 1.2 -1.6
v -0.6 1 -1.6
v -0.6 1.1 -1.6
v -0.6 1.2 -1.6
v -0.4 1 -1.6
v -0.4 1.1 -1.6
v -0.4 1.2 -1.6
v 0.4 1 -1.6
v 0.4 1.1 -1.6
v 0.4 1.2 -1.6
v 0.6 1 -1.6
v 0.6 1.1 -1.6
v 0.6 1.2 -1.6
v 1.4 1 -1.6
v 1.4 1.1 -1.6
v 1.4 1.2 -1.6
v 1.6 1 -1.6
v 1.6 1.1 -1.6
v 1.6 1.2 -1.6
v -1.7 0.8 -1.7
v -1.7 1 -1.7
v -1.6 0.8 -1.7
v -1.6 0.9 -1.7
v -1.5 0.8 -1.7
v -1.5 0.9 -1.7
v -1.4 0.8 -1.7
v -1.4 0.9 -1.7
v -1.3 0.8 -1.7
v -1.3 0.9 -1.7
v -1.3 1 -1.7
v -0.7 0.8 -1.7
v -0.7 0.9 -1.7
v -0.7 1 -1.7
v -0.6 0.8 -1.7
v -0.6 0.9 -1.7
v -0.5 0.8 -1.7
v -0.5 0.9 -1.7
v -0.4 0.8 -1.7
v -0.4 0.9 -1.7
v -0.3 0.8 -1.7
v -0.3 1 -1.7
v 0.3 0.8 -1.7
v 0.3 1 -1.7
v 0.4 0.8 -1.7
v 0.4 0.9 -1.7
v 0.5 0.8 -1.7
v 0.5 0.9 -1.7
v 0.6 0.8 -1.7
v 0.6 0.9 -1.7
v 0.7 0.8 -1.7
v 0.7 0.9 -1.7
v 0.7 1 -1.7
v 1.3 0.8 -1.7
v 1.3 0.9 -1.7
v 1.3 1 -1.7
v 1.4 0.8 -1.7
v 1.4 0.9 -1.7
v 1.5 0.8 -1.7
v 1.5 0.9 -1.7
v 1.6 0.8 -1.7
v 1.6 0.9 -1.7
v 1.7 0.8 -1.7
v 1.7 1 -1.7
v -1.8 0.5 -1.8
v -1.8 0.6 -1.8
v -1.8 0.8 -1.8
v -1.7 0.6 -1.8
v -1.7 0.7 -1.8
v -1.6 0.6 -1.8
v -1.6 0.7 -1.8
v -1.5 0.6 -1.8
v -1.5 0.7 -1.8
v -1.4 0.6 -1.8
v -1.4 0.7 -1.8
v -1.3 0.6 -1.8
v -1.3 0.7 -1.8
v -1.2 0.5 -1.8
v -1.2 0.7 -1.8
v -1.2 0.8 -1.8
v -0.8 0.5 -1.8
v -0.8 0.7 -1.8
v -0.8 0.8 -1.8
v -0.7 0.6 -1.8
v -0.7 0.7 -1.8
v -0.6 0.6 -1.8
v -0.6 0.7 -1.8
v -0.5 0.6 -1.8
v -0.5 0.7 -1.8
v -0.4 0.6 -1.8
v -0.4 0.7 -1.8
v -0.3 0.6 -1.8
v -0.3 0.7 -1.8
v -0.2 0.5 -1.8
v -0.2 0.6 -1.8
v -0.2 0.8 -1.8
v 0.2 0.5 -1.8
v 0.2 0.6 -1.8
v 0.2 0.8 -1.8
v 0.3 0.6 -1.8
v 0.3 0.7 -1.8
v 0.4 0.6 -1.8
v 0.4 0.7 -1.8
v 0.5 0.6 -1.8
v 0.5 0.7 -1.8
v 0.6 0.6 -1.8
v 0.6 0.7 -1.8
v 0.7 0.6 -1.8
v 0.7 0.7 -1.8
v 0.8 0.5 -1.8
v 0.8 0.7 -1.8
v 0.8 0.8 -1.8
v 1.2 0.5 -1.8
v 1.2 0.7 -1.8
v 1.2 0.8 -1.8
v 1.3 0.6 -1.8
v 1.3 0.7 -1.8
v 1.4 0.6 -1.8
v 1.4 0.7 -1.8
v 1.5 0.6 -1.8
v 1.5 0.7 -1.8
v 1.6 0.6 -1.8
v 1.6 0.7 -1.8
v 1.7 0.6 -1.8
v 1.7 0.7 -1.8
v 1.8 0.5 -1.8
v 1.8 0.6 -1.8
v 1.8 0.8 -1.8
v -1.9 0.2 -1.9
v -1.9 0.4 -1.9
v -1.9 0.5 -1.9
v -1.8 0.3 -1.9
v -1.8 0.4 -1.9
v -1.7 0.3 -1.9
v -1.7 0.4 -1.9
v -1.6 0.3 -1.9
v -1.6 0.4 -1.9
v -1.5 0.3 -1.9
v -1.5 0.4 -1.9
v -1.4 0.3 -1.9
v -1.4 0.4 -1.9
v -1.3 0.3 -1.9
v -1.3 0.4 -1.9
v -1.2 0.3 -1.9
v -1.2 0.4 -1.9
v -1.1 0.2 -1.9
v -1.1 0.3 -1.9
v -1.1 0.5 -1.9
v -0.9 0.2 -1.9
v -0.9 0.3 -1.9
v -0.9 0.5 -1.9
v -0.8 0.3 -1.9
v -0.8 0.4 -1.9
v -0.7 0.3 -1.9
v -0.7 0.4 -1.9
v -0.6 0.3 -1.9
v -0.6 0.4 -1.9
v -0.5 0.3 -1.9
v -0.5 0.4 -1.9
v -0.4 0.3 -1.9
v -0.4 0.4 -1.9
v -0.3 0.3 -1.9
v -0.3 0.4 -1.9
v -0.2 0.3 -1.9
v -0.2 0.4 -1.9
v -0.0999999 0.2 -1.9
v -0.0999999 0.4 -1.9
v -0.0999999 0.5 -1.9
v 0.1 0.2 -1.9
v 0.1 0.4 -1.9
v 0.1 0.5 -1.9
v 0.2 0.3 -1.9
v 0.2 0.4 -1.9
v 0.3 0.3 -1.9
v 0.3 0.4 -1.9
v 0.4 0.3 -1.9
v 0.4 0.4 -1.9
v 0.5 0.3 -1.9
v 0.5 0.4 -1.9
v 0.6 0.3 -1.9
v 0.6 0.4 -1.9
v 0.7 0.3 -1.9
v 0.7 0.4 -1.9
v 0.8 0.3 -1.9
v 0.8 0.4 -1.9
v 0.9 0.2 -1.9
v 0.9 0.3 -1.9
v 0.9 0.5 -1.9
v 1.1 0.2 -1.9
v 1.1 0.3 -1.9
v 1.1 0.5 -1.9
v 1.2 0.3 -1.9
v 1.2 0.4 -1.9
v 1.3 0.3 -1.9
v 1.3 0.4 -1.9
v 1.4 0.3 -1.9
v 1.4 0.4 -1.9
v 1.5 0.3 -1.9
v 1.5 0.4 -1.9
v 1.6 0.3 -1.9
v 1.6 0.4 -1.9
v 1.7 0.3 -1.9
v 1.7 0.4 -1.9
v 1.8 0.3 -1.9
v 1.8 0.4 -1.9
v 1.9 0.2 -1.9
v 1.9 0.4 -1.9
v 1.9 0.5 -1.9
v -2 0 -2
v -2 0.2 -2
v 2 0 -2
v 2 0.2 -2
v -2 0 2
v 2 0 2
v -2 0 -2
v 2 0 -2
v -2 0.2 2
v 2 0.2 2
v -1.9 0.2 1.9
v -1.1 0.2 1.9
v -0.9 0.2 1.9
v -0.0999999 0.2 1.9
v 0.1 0.2 1.9
v 0.9 0.2 1.9
v 1.1 0.2 1.9
v 1.9 0.2 1.9
v -1.9 0.2 1.1
v -1.1 0.2 1.1
v -0.9 0.2 1.1
v -0.0999999 0.2 1.1
v 0.1 0.2 1.1
v 0.9 0.2 1.1
v 1.1 0.2 1.1
v 1.9 0.2 1.1
v -1.9 0.2 0.9
v -1.1 0.2 0.9
v -0.9 0.2 0.9
v -0.0999999 0.2 0.9
v 0.1 0.2 0.9
v 0.9 0.2 0.9
v 1.1 0.2 0.9
v 1.9 0.2 0.9
v -1.9 0.2 0.0999999
v -1.1 0.2 0.0999999
v -0.9 0.2 0.0999999
v -0.0999999 0.2 0.0999999
v 0.1 0.2 0.0999999
v 0.9 0.2 0.0999999
v 1.1 0.2 0.0999999
v 1.9 0.2 0.0999999
v -1.9 0.2 -0.1
v -1.1 0.2 -0.1
v -0.9 0.2 -0.1
v -0.0999999 0.2 -0.1
v 0.1 0.2 -0.1
v 0.9 0.2 -0.1
v 1.1 0.2 -0.1
v 1.9 0.2 -0.1
v -1.9 0.2 -0.9
v -1.1 0.2 -0.9
v -0.9 0.2 -0.9
v -0.0999999 0.2 -0.9
v 0.1 0.2 -0.9
v 0.9 0.2 -0.9
v 1.1 0.2 -0.9
v 1.9 0.2 -0.9
v -1.9 0.2 -1.1
v -1.1 0.2 -1.1
v -0.9 0.2 -1.1
v -0.0999999 0.2 -1.1
v 0.1 0.2 -1.1
v 0.9 0.2 -1.1
v 1.1 0.2 -1.1
v 1.9 0.2 -1.1
v -1.9 0.2 -1.9
v -1.1 0.2 -1.9
v -0.9 0.2 -1.9
v -0.0999999 0.2 -1.9
v 0.1 0.2 -1.9
v 0.9 0.2 -1.9
v 1.1 0.2 -1.9
v 1.9 0.2 -1.9
v -2 0.2 -2
v 2 0.2 -2
v -1.9 0.5 1.9
v -1.1 0.5 1.9
v -0.9 0.5 1.9
v -0.0999999 0.5 1.9
v 0.1 0.5 1.9
v 0.9 0.5 1.9
v 1.1 0.5 1.9
v 1.9 0.5 1.9
v -1.8 0.5 1.8
v -1.2 0.5 1.8
v -0.8 0.5 1.8
v -0.2 0.5 1.8
v 0.2 0.5 1.8
v 0.8 0.5 1.8
v 1.2 0.5 1.8
v 1.8 0.5 1.8
v -1.8 0.5 1.2
v -1.2 0.5 1.2
v -0.8 0.5 1.2
v -0.2 0.5 1.2
v 0.2 0.5 1.2
v 0.8 0.5 1.2
v 1.2 0.5 1.2
v 1.8 0.5 1.2
v -1.9 0.5 1.1
v -1.1 0.5 1.1
v -0.9 0.5 1.1
v -0.0999999 0.5 1.1
v 0.1 0.5 1.1
v 0.9 0.5 1.1
v 1.1 0.5 1.1
v 1.9 0.5 1.1
v -1.9 0.5 0.9
v -1.1 0.5 0.9
v -0.9 0.5 0.9
v -0.0999999 0.5 0.9
v 0.1 0.5 0.9
v 0.9 0.5 0.9
v 1.1 0.5 0.9
v 1.9 0.5 0.9
v -1.8 0.5 0.8
v -1.2 0.5 0.8
v -0.8 0.5 0.8
v -0.2 0.5 0.8
v 0.2 0.5 0.8
v 0.8 0.5 0.8
v 1.2 0.5 0.8
v 1.8 0.5 0.8
v -1.8 0.5 0.2
v -1.2 0.5 0.2
v -0.8 0.5 0.2
v -0.2 0.5 0.2
v 0.2 0.5 0.2
v 0.8 0.5 0.2
v 1.2 0.5 0.2
v 1.8 0.5 0.2
v -1.9 0.5 0.0999999
v -1.1 0.5 0.0999999
v -0.9 0.5 0.0999999
v -0.0999999 0.5 0.0999999
v 0.1 0.5 0.0999999
v 0.9 0.5 0.0999999
v 1.1 0.5 0.0999999
v 1.9 0.5 0.0999999
v -1.9 0.5 -0.1
v -1.1 0.5 -0.1
v -0.9 0.5 -0.1
v -0.0999999 0.5 -0.1
v 0.1 0.5 -0.1
v 0.9 0.5 -0.1
v 1.1 0.5 -0.1
v 1.9 0.5 -0.1
v -1.8 0.5 -0.2
v -1.2 0.5 -0.2
v -0.8 0.5 -0.2
v -0.2 0.5 -0.2
v 0.2 0.5 -0.2
v 0.8 0.5 -0.2
v 1.2 0.5 -0.2
v 1.8 0.5 -0.2
v -1.8 0.5 -0.8
v -1.2 0.5 -0.8
v -0.8 0.5 -0.8
v -0.2 0.5 -0.8
v 0.2 0.5 -0.8
v 0.8 0.5 -0.8
v 1.2 0.5 -0.8
v 1.8 0.5 -0.8
v -1.9 0.5 -0.9
v -1.1 0.5 -0.9
v -0.9 0.5 -0.9
v -0.0999999 0.5 -0.9
v 0.1 0.5 -0.9
v 0.9 0.5 -0.9
v 1.1 0.5 -0.9
v 1.9 0.5 -0.9
v -1.9 0.5 -1.1
v -1.1 0.5 -1.1
v -0.9 0.5 -1.1
v -0.0999999 0.5 -1.1
v 0.1 0.5 -1.1
v 0.9 0.5 -1.1
v 1.1 0.5 -1.1
v 1.9 0.5 -1.1
v -1.8 0.5 -1.2
v -1.2 0.5 -1.2
v -0.8 0.5 -1.2
v -0.2 0.5 -1.2
v 0.2 0.5 -1.2
v 0.8 0.5 -1.2
v 1.2 0.5 -1.2
v 1.8 0.5 -1.2
v -1.8 0.5 -1.8
v -1.2 0.5 -1.8
v -0.8 0.5 -1.8
v -0.2 0.5 -1.8
v 0.2 0.5 -1.8
v 0.8 0.5 -1.8
v 1.2 0.5 -1.8
v 1.8 0.5 -1.8
v -1.9 0.5 -1.9
v -1.1 0.5 -1.9
v -0.9 0.5 -1.9
v -0.0999999 0.5 -1.9
v 0.1 0.5 -1.9
v 0.9 0.5 -1.9
v 1.1 0.5 -1.9
v 1.9 0.5 -1.9
v -1.8 0.8 1.8
v -1.2 0.8 1.8
v -0.8 0.8 1.8
v -0.2 0.8 1.8
v 0.2 0.8 1.8
v 0.8 0.8 1.8
v 1.2 0.8 1.8
v 1.8 0.8 1.8
v -1.7 0.8 1.7
v -1.6 0.8 1.7
v -1.5 0.8 1.7
v -1.4 0.8 1.7
v -1.3 0.8 1.7
v -0.7 0.8 1.7
v -0.6 0.8 1.7
v -0.5 0.8 1.7
v -0.4 0.8 1.7
v -0.3 0.8 1.7
v 0.3 0.8 1.7
v 0.4 0.8 1.7
v 0.5 0.8 1.7
v 0.6 0.8 1.7
v 0.7 0.8 1.7
v 1.3 0.8 1.7
v 1.4 0.8 1.7
v 1.5 0.8 1.7
v 1.6 0.8 1.7
v 1.7 0.8 1.7
v -1.7 0.8 1.6
v -1.3 0.8 1.6
v -0.7 0.8 1.6
v -0.3 0.8 1.6
v 0.3 0.8 1.6
v 0.7 0.8 1.6
v 1.3 0.8 1.6
v 1.7 0.8 1.6
v -1.7 0.8 1.5
v -1.3 0.8 1.5
v -0.7 0.8 1.5
v -0.3 0.8 1.5
v 0.3 0.8 1.5
v 0.7 0.8 1.5
v 1.3 0.8 1.5
v 1.7 0.8 1.5
v -1.7 0.8 1.4
v -1.3 0.8 1.4
v -0.7 0.8 1.4
v -0.3 0.8 1.4
v 0.3 0.8 1.4
v 0.7 0.8 1.4
v 1.3 0.8 1.4
v 1.7 0.8 1.4
v -1.7 0.8 1.3
v -1.6 0.8 1.3
v -1.5 0.8 1.3
v -1.4 0.8 1.3
v -1.3 0.8 1.3
v -0.7 0.8 1.3
v -0.6 0.8 1.3
v -0.5 0.8 1.3
v -0.4 0.8 1.3
v -0.3 0.8 1.3
v 0.3 0.8 1.3
v 0.4 0.8 1.3
v 0.5 0.8 1.3
v 0.6 0.8 1.3
v 0.7 0.8 1.3
v 1.3 0.8 1.3
v 1.4 0.8 1.3
v 1.5 0.8 1.3
v 1.6 0.8 1.3
v 1.7 0.8 1.3
v -1.8 0.8 1.2
v -1.2 0.8 1.2
v -0.8 0.8 1.2
v -0.2 0.8 1.2
v 0.2 0.8 1.2
v 0.8 0.8 1.2
v 1.2 0.8 1.2
v 1.8 0.8 1.2
v -1.8 0.8 0.8
v -1.2 0.8 0.8
v -0.8 0.8 0.8
v -0.2 0.8 0.8
v 0.2 0.8 0.8
v 0.8 0.8 0.8
v 1.2 0.8 0.8
v 1.8 0.8 0.8
v -1.7 0.8 0.7
v -1.6 0.8 0.7
v -1.5 0.8 0.7
v -1.4 0.8 0.7
v -1.3 0.8 0.7
v -0.7 0.8 0.7
v -0.6 0.8 0.7
v -0.5 0.8 0.7
v -0.4 0.8 0.7
v -0.3 0.8 0.7
v 0.3 0.8 0.7
v 0.4 0.8 0.7
v 0.5 0.8 0.7
v 0.6 0.8 0.7
v 0.7 0.8 0.7
v 1.3 0.8 0.7
v 1.4 0.8 0.7
v 1.5 0.8 0.7
v 1.6 0.8 0.7
v 1.7 0.8 0.7
v -1.7 0.8 0.6
v -1.3 0.8 0.6
v -0.7 0.8 0.6
v -0.3 0.8 0.6
v 0.3 0.8 0.6
v 0.7 0.8 0.6
v 1.3 0.8 0.6
v 1.7 0.8 0.6
v -1.7 0.8 0.5
v -1.3 0.8 0.5
v -0.7 0.8 0.5
v -0.3 0.8 0.5
v 0.3 0.8 0.5
v 0.7 0.8 0.5
v 1.3 0.8 0.5
v 1.7 0.8 0.5
v -1.7 0.8 0.4
v -1.3 0.8 0.4
v -0.7 0.8 0.4
v -0.3 0.8 0.4
v 0.3 0.8 0.4
v 0.7 0.8 0.4
v 1.3 0.8 0.4
v 1.7 0.8 0.4
v -1.7 0.8 0.3
v -1.6 0.8 0.3
v -1.5 0.8 0.3
v -1.4 0.8 0.3
v -1.3 0.8 0.3
v -0.7 0.8 0.3
v -0.6 0.8 0.3
v -0.5 0.8 0.3
v -0.4 0.8 0.3
v -0.3 0.8 0.3
v 0.3 0.8 0.3
v 0.4 0.8 0.3
v 0.5 0.8 0.3
v 0.6 0.8 0.3
v 0.7 0.8 0.3
v 1.3 0.8 0.3
v 1.4 0.8 0.3
v 1.5 0.8 0.3
v 1.6 0.8 0.3
v 1.7 0.8 0.3
v -1.8 0.8 0.2
v -1.2 0.8 0.2
v -0.8 0.8 0.2
v -0.2 0.8 0.2
v 0.2 0.8 0.2
v 0.8 0.8 0.2
v 1.2 0.8 0.2
v 1.8 0.8 0.2
v -1.8 0.8 -0.2
v -1.2 0.8 -0.2
v -0.8 0.8 -0.2
v -0.2 0.8 -0.2
v 0.2 0.8 -0.2
v 0.8 0.8 -0.2
v 1.2 0.8 -0.2
v 1.8 0.8 -0.2
v -1.7 0.8 -0.3
v -1.6 0.8 -0.3
v -1.5 0.8 -0.3
v -1.4 0.8 -0.3
v -1.3 0.8 -0.3
v -0.7 0.8 -0.3
v -0.6 0.8 -0.3
v -0.5 0.8 -0.3
v -0.4 0.8 -0.3
v -0.3 0.8 -0.3
v 0.3 0.8 -0.3
v 0.4 0.8 -0.3
v 0.5 0.8 -0.3
v 0.6 0.8 -0.3
v 0.7 0.8 -0.3
v 1.3 0.8 -0.3
v 1.4 0.8 -0.3
v 1.5 0.8 -0.3
v 1.6 0.8 -0.3
v 1.7 0.8 -0.3
v -1.7 0.8 -0.4
v -1.3 0.8 -0.4
v -0.7 0.8 -0.4
v -0.3 0.8 -0.4
v 0.3 0.8 -0.4
v 0.7 0.8 -0.4
v 1.3 0.8 -0.4
v 1.7 0.8 -0.4
v -1.7 0.8 -0.5
v -1.3 0.8 -0.5
v -0.7 0.8 -0.5
v -0.3 0.8 -0.5
v 0.3 0.8 -0.5
v 0.7 0.8 -0.5
v 1.3 0.8 -0.5
v 1.7 0.8 -0.5
v -1.7 0.8 -0.6
v -1.3 0.8 -0.6
v -0.7 0.8 -0.6
v -0.3 0.8 -0.6
v 0.3 0.8 -0.6
v 0.7 0.8 -0.6
v 1.3 0.8 -0.6
v 1.7 0.8 -0.6
v -1.7 0.8 -0.7
v -1.6 0.8 -0.7
v -1.5 0.8 -0.7
v -1.4 0.8 -0.7
v -1.3 0.8 -0.7
v -0.7 0.8 -0.7
v -0.6 0.8 -0.7
v -0.5 0.8 -0.7
v -0.4 0.8 -0.7
v -0.3 0.8 -0.7
v 0.3 0.8 -0.7
v 0.4 0.8 -0.7
v 0.5 0.8 -0.7
v 0.6 0.8 -0.7
v 0.7 0.8 -0.7
v 1.3 0.8 -0.7
v 1.4 0.8 -0.7
v 1.5 0.8 -0.7
v 1.6 0.8 -0.7
v 1.7 0.8 -0.7
v -1.8 0.8 -0.8
v -1.2 0.8 -0.8
v -0.8 0.8 -0.8
v -0.2 0.8 -0.8
v 0.2 0.8 -0.8
v 0.8 0.8 -0.8
v 1.2 0.8 -0.8
v 1.8 0.8 -0.8
v -1.8 0.8 -1.2
v -1.2 0.8 -1.2
v -0.8 0.8 -1.2
v -0.2 0.8 -1.2
v 0.2 0.8 -1.2
v 0.8 0.8 -1.2
v 1.2 0.8 -1.2
v 1.8 0.8 -1.2
v -1.7 0.8 -1.3
v -1.6 0.8 -1.3
v -1.5 0.8 -1.3
v -1.4 0.8 -1.3
v -1.3 0.8 -1.3
v -0.7 0.8 -1.3
v -0.6 0.8 -1.3
v -0.5 0.8 -1.3
v -0.4 0.8 -1.3
v -0.3 0.8 -1.3
v 0.3 0.8 -1.3
v 0.4 0.8 -1.3
v 0.5 0.8 -1.3
v 0.6 0.8 -1.3
v 0.7 0.8 -1.3
v 1.3 0.8 -1.3
v 1.4 0.8 -1.3
v 1.5 0.8 -1.3
v 1.6 0.8 -1.3
v 1.7 0.8 -1.3
v -1.7 0.8 -1.4
v -1.3 0.8 -1.4
v -0.7 0.8 -1.4
v -0.3 0.8 -1.4
v 0.3 0.8 -1.4
v 0.7 0.8 -1.4
v 1.3 0.8 -1.4
v 1.7 0.8 -1.4
v -1.7 0.8 -1.5
v -1.3 0.8 -1.5
v -0.7 0.8 -1.5
v -0.3 0.8 -1.5
v 0.3 0.8 -1.5
v 0.7 0.8 -1.5
v 1.3 0.8 -1.5
v 1.7 0.8 -1.5
v -1.7 0.8 -1.6
v -1.3 0.8 -1.6
v -0.7 0.8 -1.6
v -0.3 0.8 -1.6
v 0.3 0.8 -1.6
v 0.7 0.8 -1.6
v 1.3 0.8 -1.6
v 1.7 0.8 -1.6
v -1.7 0.8 -1.7
v -1.6 0.8 -1.7
v -1.5 0.8 -1.7
v -1.4 0.8 -1.7
v -1.3 0.8 -1.7
v -0.7 0.8 -1.7
v -0.6 0.8 -1.7
v -0.5 0.8 -1.7
v -0.4 0.8 -1.7
v -0.3 0.8 -1.7
v 0.3 0.8 -1.7
v 0.4 0.8 -1.7
v 0.5 0.8 -1.7
v 0.6 0.8 -1.7
v 0.7 0.8 -1.7
v 1.3 0.8 -1.7
v 1.4 0.8 -1.7
v 1.5 0.8 -1.7
v 1.6 0.8 -1.7
v 1.7 0.8 -1.7
v -1.8 0.8 -1.8
v -1.2 0.8 -1.8
v -0.8 0.8 -1.8
v -0.2 0.8 -1.8
v 0.2 0.8 -1.8
v 0.8 0.8 -1.8
v 1.2 0.8 -1.8
v 1.8 0.8 -1.8
v -1.7 1 1.7
v -1.3 1 1.7
v -0.7 1 1.7
v -0.3 1 1.7
v 0.3 1 1.7
v 0.7 1 1.7
v 1.3 1 1.7
v 1.7 1 1.7
v -1.6 1 1.6
v -1.4 1 1.6
v -0.6 1 1.6
v -0.4 1 1.6
v 0.4 1 1.6
v 0.6 1 1.6
v 1.4 1 1.6
v 1.6 1 1.6
v -1.6 1 1.4
v -1.4 1 1.4
v -0.6 1 1.4
v -0.4 1 1.4
v 0.4 1 1.4
v 0.6 1 1.4
v 1.4 1 1.4
v 1.6 1 1.4
v -1.7 1 1.3
v -1.3 1 1.3
v -0.7 1 1.3
v -0.3 1 1.3
v 0.3 1 1.3
v 0.7 1 1.3
v 1.3 1 1.3
v 1.7 1 1.3
v -1.7 1 0.7
v -1.3 1 0.7
v -0.7 1 0.7
v -0.3 1 0.7
v 0.3 1 0.7
v 0.7 1 0.7
v 1.3 1 0.7
v 1.7 1 0.7
v -1.6 1 0.6
v -1.4 1 0.6
v -0.6 1 0.6
v -0.4 1 0.6
v 0.4 1 0.6
v 0.6 1 0.6
v 1.4 1 0.6
v 1.6 1 0.6
v -1.6 1 0.4
v -1.4 1 0.4
v -0.6 1 0.4
v -0.4 1 0.4
v 0.4 1 0.4
v 0.6 1 0.4
v 1.4 1 0.4
v 1.6 1 0.4
v -1.7 1 0.3
v -1.3 1 0.3
v -0.7 1 0.3
v -0.3 1 0.3
v 0.3 1 0.3
v 0.7 1 0.3
v 1.3 1 0.3
v 1.7 1 0.3
v -1.7 1 -0.3
v -1.3 1 -0.3
v -0.7 1 -0.3
v -0.3 1 -0.3
v 0.3 1 -0.3
v 0.7 1 -0.3
v 1.3 1 -0.3
v 1.7 1 -0.3
v -1.6 1 -0.4
v -1.4 1 -0.4
v -0.6 1 -0.4
v -0.4 1 -0.4
v 0.4 1 -0.4
v 0.6 1 -0.4
v 1.4 1 -0.4
v 1.6 1 -0.4
v -1.6 1 -0.6
v -1.4 1 -0.6
v -0.6 1 -0.6
v -0.4 1 -0.6
v 0.4 1 -0.6
v 0.6 1 -0.6
v 1.4 1 -0.6
v 1.6 1 -0.6
v -1.7 1 -0.7
v -1.3 1 -0.7
v -0.7 1 -0.7
v -0.3 1 -0.7
v 0.3 1 -0.7
v 0.7 1 -0.7
v 1.3 1 -0.7
v 1.7 1 -0.7
v -1.7 1 -1.3
v -1.3 1 -1.3
v -0.7 1 -1.3
v -0.3 1 -1.3
v 0.3 1 -1.3
v 0.7 1 -1.3
v 1.3 1 -1.3
v 1.7 1 -1.3
v -1.6 1 -1.4
v -1.4 1 -1.4
v -0.6 1 -1.4
v -0.4 1 -1.4
v 0.4 1 -1.4
v 0.6 1 -1.4
v 1.4 1 -1.4
v 1.6 1 -1.4
v -1.6 1 -1.6
v -1.4 1 -1.6
v -0.6 1 -1.6
v -0.4 1 -1.6
v 0.4 1 -1.6
v 0.6 1 -1.6
v 1.4 1 -1.6
v 1.6 1 -1.6
v -1.7 1 -1.7
v -1.3 1 -1.7
v -0.7 1 -1.7
v -0.3 1 -1.7
v 0.3 1 -1.7
v 0.7 1 -1.7
v 1.3 1 -1.7
v 1.7 1 -1.7
v -1.6 1.2 1.6
v -1.4 1.2 1.6
v -0.6 1.2 1.6
v -0.4 1.2 1.6
v 0.4 1.2 1.6
v 0.6 1.2 1.6
v 1.4 1.2 1.6
v 1.6 1.2 1.6
v -1.6 1.2 1.4
v -1.4 1.2 1.4
v -0.6 1.2 1.4
v -0.4 1.2 1.4
v 0.4 1.2 1.4
v 0.6 1.2 1.4
v 1.4 1.2 1.4
v 1.6 1.2 1.4
v -1.6 1.2 0.6
v -1.4 1.2 0.6
v -0.6 1.2 0.6
v -0.4 1.2 0.6
v 0.4 1.2 0.6
v 0.6 1.2 0.6
v 1.4 1.2 0.6
v 1.6 1.2 0.6
v -1.6 1.2 0.4
v -1.4 1.2 0.4
v -0.6 1.2 0.4
v -0.4 1.2 0.4
v 0.4 1.2 0.4
v 0.6 1.2 0.4
v 1.4 1.2 0.4
v 1.6 1.2 0.4
v -1.6 1.2 -0.4
v -1.4 1.2 -0.4
v -0.6 1.2 -0.4
v -0.4 1.2 -0.4
v 0.4 1.2 -0.4
v 0.6 1.2 -0.4
v 1.4 1.2 -0.4
v 1.6 1.2 -0.4
v -1.6 1.2 -0.6
v -1.4 1.2 -0.6
v -0.6 1.2 -0.6
v -0.4 1.2 -0.6
v 0.4 1.2 -0.6
v 0.6 1.2 -0.6
v 1.4 1.2 -0.6
v 1.6 1.2 -0.6
v -1.6 1.2 -1.4
v -1.4 1.2 -1.4
v -0.6 1.2 -1.4
v -0.4 1.2 -1.4
v 0.4 1.2 -1.4
v 0.6 1.2 -1.4
v 1.4 1.2 -1.4
v 1.6 1.2 -1.4
v -1.6 1.2 -1.6
v -1.4 1.2 -1.6
v -0.6 1.2 -1.6
v -0.4 1.2 -1.6
v 0.4 1.2 -1.6
v 0.6 1.2 -1.6
v 1.4 1.2 -1.6
v 1.6 1.2 -1.6

# faces
f 3/5/1 2/5/1 1/5/1
f 4/5/1 2/5/1 3/5/1
f 13/5/1 6/5/1 5/5/1
f 14/5/1 6/5/1 13/5/1
f 15/5/1 6/5/1 14/5/1
f 16/5/1 6/5/1 15/5/1
f 17/5/1 6/5/1 16/5/1
f 18/5/1 6/5/1 17/5/1
f 19/5/1 6/5/1 18/5/1
f 20/5/1 6/5/1 19/5/1
f 21/5/1 8/5/1 7/5/1
f 22/5/1 8/5/1 21/5/1
f 23/5/1 8/5/1 22/5/1
f 24/5/1 8/5/1 23/5/1
f 25/5/1 8/5/1 24/5/1
f 26/5/1 8/5/1 25/5/1
f 27/5/1 8/5/1 26/5/1
f 28/5/1 8/5/1 27/5/1
f 29/5/1 10/5/1 9/5/1
f 30/5/1 10/5/1 29/5/1
f 31/5/1 10/5/1 30/5/1
f 32/5/1 10/5/1 31/5/1
f 33/5/1 10/5/1 32/5/1
f 34/5/1 10/5/1 33/5/1
f 35/5/1 10/5/1 34/5/1
f 36/5/1 10/5/1 35/5/1
f 37/5/1 12/5/1 11/5/1
f 38/5/1 12/5/1 37/5/1
f 39/5/1 12/5/1 38/5/1
f 40/5/1 12/5/1 39/5/1
f 41/5/1 12/5/1 40/5/1
f 42/5/1 12/5/1 41/5/1
f 43/5/1 12/5/1 42/5/1
f 44/5/1 12/5/1 43/5/1
f 45/5/1 13/5/1 5/5/1
f 46/4/1 14/4/1 13/4/1
f 46/5/1 13/5/1 45/5/1
f 47/5/1 15/5/1 14/5/1
f 47/4/1 14/4/1 46/4/1
f 48/4/1 16/4/1 15/4/1
f 48/5/1 15/5/1 47/5/1
f 49/5/1 17/5/1 16/5/1
f 49/4/1 16/4/1 48/4/1
f 50/4/1 18/4/1 17/4/1
f 50/5/1 17/5/1 49/5/1
f 51/5/1 19/5/1 18/5/1
f 51/4/1 18/4/1 50/4/1
f 52/4/1 20/4/1 19/4/1
f 52/5/1 19/5/1 51/5/1
f 53/4/1 22/4/1 21/4/1
f 53/5/1 23/5/1 22/5/1
f 54/4/1 24/4/1 23/4/1
f 54/5/1 23/5/1 53/5/1
f 55/5/1 25/5/1 24/5/1
f 55/4/1 24/4/1 54/4/1
f 56/4/1 26/4/1 25/4/1
f 56/5/1 25/5/1 55/5/1
f 57/5/1 27/5/1 26/5/1
f 57/4/1 26/4/1 56/4/1
f 58/4/1 28/4/1 27/4/1
f 58/5/1 27/5/1 57/5/1
f 59/5/1 8/5/1 28/5/1
f 59/4/1 28/4/1 58/4/1
f 60/5/1 8/5/1 59/5/1
f 61/5/1 29/5/1 9/5/1
f 62/4/1 30/4/1 29/4/1
f 62/5/1 29/5/1 61/5/1
f 63/5/1 31/5/1 30/5/1
f 63/4/1 30/4/1 62/4/1
f 64/4/1 32/4/1 31/4/1
f 64/5/1 31/5/1 63/5/1
f 65/5/1 33/5/1 32/5/1
f 65/4/1 32/4/1 64/4/1
f 66/4/1 34/4/1 33/4/1
f 66/5/1 33/5/1 65/5/1
f 67/5/1 35/5/1 34/5/1
f 67/4/1 34/4/1 66/4/1
f 68/4/1 36/4/1 35/4/1
f 68/5/1 35/5/1 67/5/1
f 69/4/1 38/4/1 37/4/1
f 69/5/1 39/5/1 38/5/1
f 70/4/1 40/4/1 39/4/1
f 70/5/1 39/5/1 69/5/1
f 71/5/1 41/5/1 40/5/1
f 71/4/1 40/4/1 70/4/1
f 72/4/1 42/4/1 41/4/1
f 72/5/1 41/5/1 71/5/1
f 73/5/1 43/5/1 42/5/1
f 73/4/1 42/4/1 72/4/1
f 74/4/1 44/4/1 43/4/1
f 74/5/1 43/5/1 73/5/1
f 75/5/1 12/5/1 44/5/1
f 75/4/1 44/4/1 74/4/1
f 76/5/1 12/5/1 75/5/1
f 77/4/1 51/4/1 50/4/1
f 77/4/1 46/4/1 45/4/1
f 77/4/1 47/4/1 46/4/1
f 77/4/1 48/4/1 47/4/1
f 77/4/1 49/4/1 48/4/1
f 77/4/1 50/4/1 49/4/1
f 77/4/1 52/4/1 51/4/1
f 78/4/1 20/4/1 52/4/1
f 78/4/1 52/4/1 77/4/1
f 79/4/1 58/4/1 57/4/1
f 79/4/1 59/4/1 58/4/1
f 79/4/1 53/4/1 21/4/1
f 79/4/1 54/4/1 53/4/1
f 79/4/1 55/4/1 54/4/1
f 79/4/1 56/4/1 55/4/1
f 79/4/1 57/4/1 56/4/1
f 79/4/1 60/4/1 59/4/1
f 80/4/1 60/4/1 79/4/1
f 81/4/1 67/4/1 66/4/1
f 81/4/1 68/4/1 67/4/1
f 81/4/1 66/4/1 65/4/1
f 81/4/1 64/4/1 63/4/1
f 81/4/1 63/4/1 62/4/1
f 81/4/1 62/4/1 61/4/1
f 81/4/1 65/4/1 64/4/1
f 82/4/1 36/4/1 68/4/1
f 82/4/1 68/4/1 81/4/1
f 83/4/1 74/4/1 73/4/1
f 83/4/1 76/4/1 75/4/1
f 83/4/1 75/4/1 74/4/1
f 83/4/1 70/4/1 69/4/1
f 83/4/1 73/4/1 72/4/1
f 83/4/1 72/4/1 71/4/1
f 83/4/1 69/4/1 37/4/1
f 83/4/1 71/4/1 70/4/1
f 84/4/1 76/4/1 83/4/1
f 93/4/1 86/4/1 85/4/1
f 94/4/1 86/4/1 93/4/1
f 95/4/1 86/4/1 94/4/1
f 96/4/1 86/4/1 95/4/1
f 97/4/1 86/4/1 96/4/1
f 98/4/1 86/4/1 97/4/1
f 99/4/1 88/4/1 87/4/1
f 100/4/1 88/4/1 99/4/1
f 101/4/1 88/4/1 100/4/1
f 102/4/1 88/4/1 101/4/1
f 103/4/1 88/4/1 102/4/1
f 104/4/1 88/4/1 103/4/1
f 105/4/1 90/4/1 89/4/1
f 106/4/1 90/4/1 105/4/1
f 107/4/1 90/4/1 106/4/1
f 108/4/1 90/4/1 107/4/1
f 109/4/1 90/4/1 108/4/1
f 110/4/1 90/4/1 109/4/1
f 111/4/1 92/4/1 91/4/1
f 112/4/1 92/4/1 111/4/1
f 113/4/1 92/4/1 112/4/1
f 114/4/1 92/4/1 113/4/1
f 115/4/1 92/4/1 114/4/1
f 116/4/1 92/4/1 115/4/1
f 117/3/1 94/3/1 93/3/1
f 117/4/1 95/4/1 94/4/1
f 118/3/1 96/3/1 95/3/1
f 118/4/1 95/4/1 117/4/1
f 119/4/1 97/4/1 96/4/1
f 119/3/1 96/3/1 118/3/1
f 120/3/1 98/3/1 97/3/1
f 120/4/1 97/4/1 119/4/1
f 121/4/1 86/4/1 98/4/1
f 121/3/1 98/3/1 120/3/1
f 122/4/1 86/4/1 121/4/1
f 123/4/1 99/4/1 87/4/1
f 124/3/1 100/3/1 99/3/1
f 124/4/1 99/4/1 123/4/1
f 125/4/1 101/4/1 100/4/1
f 125/3/1 100/3/1 124/3/1
f 126/3/1 102/3/1 101/3/1
f 126/4/1 101/4/1 125/4/1
f 127/4/1 103/4/1 102/4/1
f 127/3/1 102/3/1 126/3/1
f 128/3/1 104/3/1 103/3/1
f 128/4/1 103/4/1 127/4/1
f 129/3/1 106/3/1 105/3/1
f 129/4/1 107/4/1 106/4/1
f 130/3/1 108/3/1 107/3/1
f 130/4/1 107/4/1 129/4/1
f 131/4/1 109/4/1 108/4/1
f 131/3/1 108/3/1 130/3/1
f 132/3/1 110/3/1 109/3/1
f 132/4/1 109/4/1 131/4/1
f 133/4/1 90/4/1 110/4/1
f 133/3/1 110/3/1 132/3/1
f 134/4/1 90/4/1 133/4/1
f 135/4/1 111/4/1 91/4/1
f 136/3/1 112/3/1 111/3/1
f 136/4/1 111/4/1 135/4/1
f 137/4/1 113/4/1 112/4/1
f 137/3/1 112/3/1 136/3/1
f 138/3/1 114/3/1 113/3/1
f 138/4/1 113/4/1 137/4/1
f 139/4/1 115/4/1 114/4/1
f 139/3/1 114/3/1 138/3/1
f 140/3/1 116/3/1 115/3/1
f 140/4/1 115/4/1 139/4/1
f 141/3/1 120/3/1 119/3/1
f 141/3/1 117/3/1 93/3/1
f 141/3/1 118/3/1 117/3/1
f 141/3/1 119/3/1 118/3/1
f 141/3/1 121/3/1 120/3/1
f 141/3/1 122/3/1 121/3/1
f 142/3/1 122/3/1 141/3/1
f 143/3/1 127/3/1 126/3/1
f 143/3/1 124/3/1 123/3/1
f 143/3/1 125/3/1 124/3/1
f 143/3/1 126/3/1 125/3/1
f 143/3/1 128/3/1 127/3/1
f 144/3/1 104/3/1 128/3/1
f 144/3/1 128/3/1 143/3/1
f 145/3/1 132/3/1 131/3/1
f 145/3/1 133/3/1 132/3/1
f 145/3/1 131/3/1 130/3/1
f 145/3/1 130/3/1 129/3/1
f 145/3/1 129/3/1 105/3/1
f 145/3/1 134/3/1 133/3/1
f 146/3/1 134/3/1 145/3/1
f 147/3/1 139/3/1 138/3/1
f 147/3/1 140/3/1 139/3/1
f 147/3/1 138/3/1 137/3/1
f 147/3/1 137/3/1 136/3/1
f 147/3/1 136/3/1 135/3/1
f 148/3/1 116/3/1 140/3/1
f 148/3/1 140/3/1 147/3/1
f 169/2/1 150/2/1 149/2/1
f 169/3/1 151/3/1 150/3/1
f 170/2/1 152/2/1 151/2/1
f 170/3/1 151/3/1 169/3/1
f 171/3/1 153/3/1 152/3/1
f 171/2/1 152/2/1 170/2/1
f 172/3/1 153/3/1 171/3/1
f 173/3/1 155/3/1 154/3/1
f 174/2/1 156/2/1 155/2/1
f 174/3/1 155/3/1 173/3/1
f 175/3/1 157/3/1 156/3/1
f 175/2/1 156/2/1 174/2/1
f 176/2/1 158/2/1 157/2/1
f 176/3/1 157/3/1 175/3/1
f 177/2/1 160/2/1 159/2/1
f 177/3/1 161/3/1 160/3/1
f 178/2/1 162/2/1 161/2/1
f 178/3/1 161/3/1 177/3/1
f 179/3/1 163/3/1 162/3/1
f 179/2/1 162/2/1 178/2/1
f 180/3/1 163/3/1 179/3/1
f 181/3/1 165/3/1 164/3/1
f 182/2/1 166/2/1 165/2/1
f 182/3/1 165/3/1 181/3/1
f 183/3/1 167/3/1 166/3/1
f 183/2/1 166/2/1 182/2/1
f 184/2/1 168/2/1 167/2/1
f 184/3/1 167/3/1 183/3/1
f 185/2/1 169/2/1 149/2/1
f 185/2/1 170/2/1 169/2/1
f 185/2/1 172/2/1 171/2/1
f 185/2/1 171/2/1 170/2/1
f 186/2/1 172/2/1 185/2/1
f 187/2/1 174/2/1 173/2/1
f 187/2/1 175/2/1 174/2/1
f 187/2/1 176/2/1 175/2/1
f 188/2/1 158/2/1 176/2/1
f 188/2/1 176/2/1 187/2/1
f 189/2/1 179/2/1 178/2/1
f 189/2/1 177/2/1 159/2/1
f 189/2/1 180/2/1 179/2/1
f 189/2/1 178/2/1 177/2/1
f 190/2/1 180/2/1 189/2/1
f 191/2/1 183/2/1 182/2/1
f 191/2/1 182/2/1 181/2/1
f 191/2/1 184/2/1 183/2/1
f 192/2/1 168/2/1 184/2/1
f 192/2/1 184/2/1 191/2/1
f 201/2/1 194/2/1 193/2/1
f 202/2/1 194/2/1 201/2/1
f 203/2/1 196/2/1 195/2/1
f 204/2/1 196/2/1 203/2/1
f 205/2/1 198/2/1 197/2/1
f 206/2/1 198/2/1 205/2/1
f 207/2/1 200/2/1 199/2/1
f 208/2/1 200/2/1 207/2/1
f 209/1/1 202/1/1 201/1/1
f 210/1/1 202/1/1 209/1/1
f 211/1/1 204/1/1 203/1/1
f 212/1/1 204/1/1 211/1/1
f 213/1/1 206/1/1 205/1/1
f 214/1/1 206/1/1 213/1/1
f 215/1/1 208/1/1 207/1/1
f 216/1/1 208/1/1 215/1/1
f 225/5/1 218/5/1 217/5/1
f 226/5/1 218/5/1 225/5/1
f 227/5/1 218/5/1 226/5/1
f 228/5/1 218/5/1 227/5/1
f 229/5/1 218/5/1 228/5/1
f 230/5/1 218/5/1 229/5/1
f 231/5/1 218/5/1 230/5/1
f 232/5/1 218/5/1 231/5/1
f 233/5/1 220/5/1 219/5/1
f 234/5/1 220/5/1 233/5/1
f 235/5/1 220/5/1 234/5/1
f 236/5/1 220/5/1 235/5/1
f 237/5/1 220/5/1 236/5/1
f 238/5/1 220/5/1 237/5/1
f 239/5/1 220/5/1 238/5/1
f 240/5/1 220/5/1 239/5/1
f 241/5/1 222/5/1 221/5/1
f 242/5/1 222/5/1 241/5/1
f 243/5/1 222/5/1 242/5/1
f 244/5/1 222/5/1 243/5/1
f 245/5/1 222/5/1 244/5/1
f 246/5/1 222/5/1 245/5/1
f 247/5/1 222/5/1 246/5/1
f 248/5/1 222/5/1 247/5/1
f 249/5/1 224/5/1 223/5/1
f 250/5/1 224/5/1 249/5/1
f 251/5/1 224/5/1 250/5/1
f 252/5/1 224/5/1 251/5/1
f 253/5/1 224/5/1 252/5/1
f 254/5/1 224/5/1 253/5/1
f 255/5/1 224/5/1 254/5/1
f 256/5/1 224/5/1 255/5/1
f 257/4/1 226/4/1 225/4/1
f 257/5/1 227/5/1 226/5/1
f 258/4/1 228/4/1 227/4/1
f 258/5/1 227/5/1 257/5/1
f 259/5/1 229/5/1 228/5/1
f 259/4/1 228/4/1 258/4/1
f 260/4/1 230/4/1 229/4/1
f 260/5/1 229/5/1 259/5/1
f 261/5/1 231/5/1 230/5/1
f 261/4/1 230/4/1 260/4/1
f 262/4/1 232/4/1 231/4/1
f 262/5/1 231/5/1 261/5/1
f 263/5/1 218/5/1 232/5/1
f 263/4/1 232/4/1 262/4/1
f 264/5/1 218/5/1 263/5/1
f 265/5/1 233/5/1 219/5/1
f 266/4/1 234/4/1 233/4/1
f 266/5/1 233/5/1 265/5/1
f 267/5/1 235/5/1 234/5/1
f 267/4/1 234/4/1 266/4/1
f 268/4/1 236/4/1 235/4/1
f 268/5/1 235/5/1 267/5/1
f 269/5/1 237/5/1 236/5/1
f 269/4/1 236/4/1 268/4/1
f 270/4/1 238/4/1 237/4/1
f 270/5/1 237/5/1 269/5/1
f 271/5/1 239/5/1 238/5/1
f 271/4/1 238/4/1 270/4/1
f 272/4/1 240/4/1 239/4/1
f 272/5/1 239/5/1 271/5/1
f 273/4/1 242/4/1 241/4/1
f 273/5/1 243/5/1 242/5/1
f 274/4/1 244/4/1 243/4/1
f 274/5/1 243/5/1 273/5/1
f 275/5/1 245/5/1 244/5/1
f 275/4/1 244/4/1 274/4/1
f 276/4/1 246/4/1 245/4/1
f 276/5/1 245/5/1 275/5/1
f 277/5/1 247/5/1 246/5/1
f 277/4/1 246/4/1 276/4/1
f 278/4/1 248/4/1 247/4/1
f 278/5/1 247/5/1 277/5/1
f 279/5/1 222/5/1 248/5/1
f 279/4/1 248/4/1 278/4/1
f 280/5/1 222/5/1 279/5/1
f 281/5/1 249/5/1 223/5/1
f 282/4/1 250/4/1 249/4/1
f 282/5/1 249/5/1 281/5/1
f 283/5/1 251/5/1 250/5/1
f 283/4/1 250/4/1 282/4/1
f 284/4/1 252/4/1 251/4/1
f 284/5/1 251/5/1 283/5/1
f 285/5/1 253/5/1 252/5/1
f 285/4/1 252/4/1 284/4/1
f 286/4/1 254/4/1 253/4/1
f 286/5/1 253/5/1 285/5/1
f 287/5/1 255/5/1 254/5/1
f 287/4/1 254/4/1 286/4/1
f 288/4/1 256/4/1 255/4/1
f 288/5/1 255/5/1 287/5/1
f 289/4/1 262/4/1 261/4/1
f 289/4/1 257/4/1 225/4/1
f 289/4/1 258/4/1 257/4/1
f 289/4/1 259/4/1 258/4/1
f 289/4/1 263/4/1 262/4/1
f 289/4/1 260/4/1 259/4/1
f 289/4/1 261/4/1 260/4/1
f 289/4/1 264/4/1 263/4/1
f 290/4/1 264/4/1 289/4/1
f 291/4/1 271/4/1 270/4/1
f 291/4/1 266/4/1 265/4/1
f 291/4/1 267/4/1 266/4/1
f 291/4/1 268/4/1 267/4/1
f 291/4/1 269/4/1 268/4/1
f 291/4/1 270/4/1 269/4/1
f 291/4/1 272/4/1 271/4/1
f 292/4/1 240/4/1 272/4/1
f 292/4/1 272/4/1 291/4/1
f 293/4/1 278/4/1 277/4/1
f 293/4/1 279/4/1 278/4/1
f 293/4/1 275/4/1 274/4/1
f 293/4/1 274/4/1 273/4/1
f 293/4/1 273/4/1 241/4/1
f 293/4/1 276/4/1 275/4/1
f 293/4/1 280/4/1 279/4/1
f 293/4/1 277/4/1 276/4/1
f 294/4/1 280/4/1 293/4/1
f 295/4/1 287/4/1 286/4/1
f 295/4/1 288/4/1 287/4/1
f 295/4/1 286/4/1 285/4/1
f 295/4/1 285/4/1 284/4/1
f 295/4/1 284/4/1 283/4/1
f 295/4/1 282/4/1 281/4/1
f 295/4/1 283/4/1 282/4/1
f 296/4/1 256/4/1 288/4/1
f 296/4/1 288/4/1 295/4/1
f 305/4/1 298/4/1 297/4/1
f 306/4/1 298/4/1 305/4/1
f 307/4/1 298/4/1 306/4/1
f 308/4/1 298/4/1 307/4/1
f 309/4/1 298/4/1 308/4/1
f 310/4/1 298/4/1 309/4/1
f 311/4/1 300/4/1 299/4/1
f 312/4/1 300/4/1 311/4/1
f 313/4/1 300/4/1 312/4/1
f 314/4/1 300/4/1 313/4/1
f 315/4/1 300/4/1 314/4/1
f 316/4/1 300/4/1 315/4/1
f 317/4/1 302/4/1 301/4/1
f 318/4/1 302/4/1 317/4/1
f 319/4/1 302/4/1 318/4/1
f 320/4/1 302/4/1 319/4/1
f 321/4/1 302/4/1 320/4/1
f 322/4/1 302/4/1 321/4/1
f 323/4/1 304/4/1 303/4/1
f 324/4/1 304/4/1 323/4/1
f 325/4/1 304/4/1 324/4/1
f 326/4/1 304/4/1 325/4/1
f 327/4/1 304/4/1 326/4/1
f 328/4/1 304/4/1 327/4/1
f 329/4/1 305/4/1 297/4/1
f 330/3/1 306/3/1 305/3/1
f 330/4/1 305/4/1 329/4/1
f 331/4/1 307/4/1 306/4/1
f 331/3/1 306/3/1 330/3/1
f 332/3/1 308/3/1 307/3/1
f 332/4/1 307/4/1 331/4/1
f 333/4/1 309/4/1 308/4/1
f 333/3/1 308/3/1 332/3/1
f 334/3/1 310/3/1 309/3/1
f 334/4/1 309/4/1 333/4/1
f 335/3/1 312/3/1 311/3/1
f 335/4/1 313/4/1 312/4/1
f 336/3/1 314/3/1 313/3/1
f 336/4/1 313/4/1 335/4/1
f 337/4/1 315/4/1 314/4/1
f 337/3/1 314/3/1 336/3/1
f 338/3/1 316/3/1 315/3/1
f 338/4/1 315/4/1 337/4/1
f 339/4/1 300/4/1 316/4/1
f 339/3/1 316/3/1 338/3/1
f 340/4/1 300/4/1 339/4/1
f 341/4/1 317/4/1 301/4/1
f 342/3/1 318/3/1 317/3/1
f 342/4/1 317/4/1 341/4/1
f 343/4/1 319/4/1 318/4/1
f 343/3/1 318/3/1 342/3/1
f 344/3/1 320/3/1 319/3/1
f 344/4/1 319/4/1 343/4/1
f 345/4/1 321/4/1 320/4/1
f 345/3/1 320/3/1 344/3/1
f 346/3/1 322/3/1 321/3/1
f 346/4/1 321/4/1 345/4/1
f 347/3/1 324/3/1 323/3/1
f 347/4/1 325/4/1 324/4/1
f 348/3/1 326/3/1 325/3/1
f 348/4/1 325/4/1 347/4/1
f 349/4/1 327/4/1 326/4/1
f 349/3/1 326/3/1 348/3/1
f 350/3/1 328/3/1 327/3/1
f 350/4/1 327/4/1 349/4/1
f 351/4/1 304/4/1 328/4/1
f 351/3/1 328/3/1 350/3/1
f 352/4/1 304/4/1 351/4/1
f 353/3/1 333/3/1 332/3/1
f 353/3/1 330/3/1 329/3/1
f 353/3/1 331/3/1 330/3/1
f 353/3/1 332/3/1 331/3/1
f 353/3/1 334/3/1 333/3/1
f 354/3/1 310/3/1 334/3/1
f 354/3/1 334/3/1 353/3/1
f 355/3/1 338/3/1 337/3/1
f 355/3/1 339/3/1 338/3/1
f 355/3/1 335/3/1 311/3/1
f 355/3/1 336/3/1 335/3/1
f 355/3/1 337/3/1 336/3/1
f 355/3/1 340/3/1 339/3/1
f 356/3/1 340/3/1 355/3/1
f 357/3/1 345/3/1 344/3/1
f 357/3/1 346/3/1 345/3/1
f 357/3/1 342/3/1 341/3/1
f 357/3/1 344/3/1 343/3/1
f 357/3/1 343/3/1 342/3/1
f 358/3/1 322/3/1 346/3/1
f 358/3/1 346/3/1 357/3/1
f 359/3/1 350/3/1 349/3/1
f 359/3/1 352/3/1 351/3/1
f 359/3/1 351/3/1 350/3/1
f 359/3/1 348/3/1 347/3/1
f 359/3/1 349/3/1 348/3/1
f 359/3/1 347/3/1 323/3/1
f 360/3/1 352/3/1 359/3/1
f 381/3/1 362/3/1 361/3/1
f 382/2/1 363/2/1 362/2/1
f 382/3/1 362/3/1 381/3/1
f 383/3/1 364/3/1 363/3/1
f 383/2/1 363/2/1 382/2/1
f 384/2/1 365/2/1 364/2/1
f 384/3/1 364/3/1 383/3/1
f 385/2/1 367/2/1 366/2/1
f 385/3/1 368/3/1 367/3/1
f 386/2/1 369/2/1 368/2/1
f 386/3/1 368/3/1 385/3/1
f 387/3/1 370/3/1 369/3/1
f 387/2/1 369/2/1 386/2/1
f 388/3/1 370/3/1 387/3/1
f 389/3/1 372/3/1 371/3/1
f 390/2/1 373/2/1 372/2/1
f 390/3/1 372/3/1 389/3/1
f 391/3/1 374/3/1 373/3/1
f 391/2/1 373/2/1 390/2/1
f 392/2/1 375/2/1 374/2/1
f 392/3/1 374/3/1 391/3/1
f 393/2/1 377/2/1 376/2/1
f 393/3/1 378/3/1 377/3/1
f 394/2/1 379/2/1 378/2/1
f 394/3/1 378/3/1 393/3/1
f 395/3/1 380/3/1 379/3/1
f 395/2/1 379/2/1 394/2/1
f 396/3/1 380/3/1 395/3/1
f 397/2/1 382/2/1 381/2/1
f 397/2/1 383/2/1 382/2/1
f 397/2/1 384/2/1 383/2/1
f 398/2/1 365/2/1 384/2/1
f 398/2/1 384/2/1 397/2/1
f 399/2/1 385/2/1 366/2/1
f 399/2/1 386/2/1 385/2/1
f 399/2/1 387/2/1 386/2/1
f 399/2/1 388/2/1 387/2/1
f 400/2/1 388/2/1 399/2/1
f 401/2/1 392/2/1 391/2/1
f 401/2/1 390/2/1 389/2/1
f 401/2/1 391/2/1 390/2/1
f 402/2/1 375/2/1 392/2/1
f 402/2/1 392/2/1 401/2/1
f 403/2/1 394/2/1 393/2/1
f 403/2/1 396/2/1 395/2/1
f 403/2/1 395/2/1 394/2/1
f 403/2/1 393/2/1 376/2/1
f 404/2/1 396/2/1 403/2/1
f 413/2/1 406/2/1 405/2/1
f 414/2/1 406/2/1 413/2/1
f 415/2/1 408/2/1 407/2/1
f 416/2/1 408/2/1 415/2/1
f 417/2/1 410/2/1 409/2/1
f 418/2/1 410/2/1 417/2/1
f 419/2/1 412/2/1 411/2/1
f 420/2/1 412/2/1 419/2/1
f 421/1/1 414/1/1 413/1/1
f 422/1/1 414/1/1 421/1/1
f 423/1/1 416/1/1 415/1/1
f 424/1/1 416/1/1 423/1/1
f 425/1/1 418/1/1 417/1/1
f 426/1/1 418/1/1 425/1/1
f 427/1/1 420/1/1 419/1/1
f 428/1/1 420/1/1 427/1/1
f 437/5/1 430/5/1 429/5/1
f 438/5/1 430/5/1 437/5/1
f 439/5/1 430/5/1 438/5/1
f 440/5/1 430/5/1 439/5/1
f 441/5/1 430/5/1 440/5/1
f 442/5/1 430/5/1 441/5/1
f 443/5/1 430/5/1 442/5/1
f 444/5/1 430/5/1 443/5/1
f 445/5/1 432/5/1 431/5/1
f 446/5/1 432/5/1 445/5/1
f 447/5/1 432/5/1 446/5/1
f 448/5/1 432/5/1 447/5/1
f 449/5/1 432/5/1 448/5/1
f 450/5/1 432/5/1 449/5/1
f 451/5/1 432/5/1 450/5/1
f 452/5/1 432/5/1 451/5/1
f 453/5/1 434/5/1 433/5/1
f 454/5/1 434/5/1 453/5/1
f 455/5/1 434/5/1 454/5/1
f 456/5/1 434/5/1 455/5/1
f 457/5/1 434/5/1 456/5/1
f 458/5/1 434/5/1 457/5/1
f 459/5/1 434/5/1 458/5/1
f 460/5/1 434/5/1 459/5/1
f 461/5/1 436/5/1 435/5/1
f 462/5/1 436/5/1 461/5/1
f 463/5/1 436/5/1 462/5/1
f 464/5/1 436/5/1 463/5/1
f 465/5/1 436/5/1 464/5/1
f 466/5/1 436/5/1 465/5/1
f 467/5/1 436/5/1 466/5/1
f 468/5/1 436/5/1 467/5/1
f 469/5/1 437/5/1 429/5/1
f 470/4/1 438/4/1 437/4/1
f 470/5/1 437/5/1 469/5/1
f 471/5/1 439/5/1 438/5/1
f 471/4/1 438/4/1 470/4/1
f 472/4/1 440/4/1 439/4/1
f 472/5/1 439/5/1 471/5/1
f 473/5/1 441/5/1 440/5/1
f 473/4/1 440/4/1 472/4/1
f 474/4/1 442/4/1 441/4/1
f 474/5/1 441/5/1 473/5/1
f 475/5/1 443/5/1 442/5/1
f 475/4/1 442/4/1 474/4/1
f 476/4/1 444/4/1 443/4/1
f 476/5/1 443/5/1 475/5/1
f 477/4/1 446/4/1 445/4/1
f 477/5/1 447/5/1 446/5/1
f 478/4/1 448/4/1 447/4/1
f 478/5/1 447/5/1 477/5/1
f 479/5/1 449/5/1 448/5/1
f 479/4/1 448/4/1 478/4/1
f 480/4/1 450/4/1 449/4/1
f 480/5/1 449/5/1 479/5/1
f 481/5/1 451/5/1 450/5/1
f 481/4/1 450/4/1 480/4/1
f 482/4/1 452/4/1 451/4/1
f 482/5/1 451/5/1 481/5/1
f 483/5/1 432/5/1 452/5/1
f 483/4/1 452/4/1 482/4/1
f 484/5/1 432/5/1 483/5/1
f 485/5/1 453/5/1 433/5/1
f 486/4/1 454/4/1 453/4/1
f 486/5/1 453/5/1 485/5/1
f 487/5/1 455/5/1 454/5/1
f 487/4/1 454/4/1 486/4/1
f 488/4/1 456/4/1 455/4/1
f 488/5/1 455/5/1 487/5/1
f 489/5/1 457/5/1 456/5/1
f 489/4/1 456/4/1 488/4/1
f 490/4/1 458/4/1 457/4/1
f 490/5/1 457/5/1 489/5/1
f 491/5/1 459/5/1 458/5/1
f 491/4/1 458/4/1 490/4/1
f 492/4/1 460/4/1 459/4/1
f 492/5/1 459/5/1 491/5/1
f 493/4/1 462/4/1 461/4/1
f 493/5/1 463/5/1 462/5/1
f 494/4/1 464/4/1 463/4/1
f 494/5/1 463/5/1 493/5/1
f 495/5/1 465/5/1 464/5/1
f 495/4/1 464/4/1 494/4/1
f 496/4/1 466/4/1 465/4/1
f 496/5/1 465/5/1 495/5/1
f 497/5/1 467/5/1 466/5/1
f 497/4/1 466/4/1 496/4/1
f 498/4/1 468/4/1 467/4/1
f 498/5/1 467/5/1 497/5/1
f 499/5/1 436/5/1 468/5/1
f 499/4/1 468/4/1 498/4/1
f 500/5/1 436/5/1 499/5/1
f 501/4/1 475/4/1 474/4/1
f 501/4/1 470/4/1 469/4/1
f 501/4/1 471/4/1 470/4/1
f 501/4/1 472/4/1 471/4/1
f 501/4/1 473/4/1 472/4/1
f 501/4/1 474/4/1 473/4/1
f 501/4/1 476/4/1 475/4/1
f 502/4/1 444/4/1 476/4/1
f 502/4/1 476/4/1 501/4/1
f 503/4/1 482/4/1 481/4/1
f 503/4/1 483/4/1 482/4/1
f 503/4/1 477/4/1 445/4/1
f 503/4/1 478/4/1 477/4/1
f 503/4/1 479/4/1 478/4/1
f 503/4/1 480/4/1 479/4/1
f 503/4/1 481/4/1 480/4/1
f 503/4/1 484/4/1 483/4/1
f 504/4/1 484/4/1 503/4/1
f 505/4/1 491/4/1 490/4/1
f 505/4/1 492/4/1 491/4/1
f 505/4/1 490/4/1 489/4/1
f 505/4/1 488/4/1 487/4/1
f 505/4/1 487/4/1 486/4/1
f 505/4/1 486/4/1 485/4/1
f 505/4/1 489/4/1 488/4/1
f 506/4/1 460/4/1 492/4/1
f 506/4/1 492/4/1 505/4/1
f 507/4/1 498/4/1 497/4/1
f 507/4/1 500/4/1 499/4/1
f 507/4/1 499/4/1 498/4/1
f 507/4/1 494/4/1 493/4/1
f 507/4/1 497/4/1 496/4/1
f 507/4/1 496/4/1 495/4/1
f 507/4/1 493/4/1 461/4/1
f 507/4/1 495/4/1 494/4/1
f 508/4/1 500/4/1 507/4/1
f 517/4/1 510/4/1 509/4/1
f 518/4/1 510/4/1 517/4/1
f 519/4/1 510/4/1 518/4/1
f 520/4/1 510/4/1 519/4/1
f 521/4/1 510/4/1 520/4/1
f 522/4/1 510/4/1 521/4/1
f 523/4/1 512/4/1 511/4/1
f 524/4/1 512/4/1 523/4/1
f 525/4/1 512/4/1 524/4/1
f 526/4/1 512/4/1 525/4/1
f 527/4/1 512/4/1 526/4/1
f 528/4/1 512/4/1 527/4/1
f 529/4/1 514/4/1 513/4/1
f 530/4/1 514/4/1 529/4/1
f 531/4/1 514/4/1 530/4/1
f 532/4/1 514/4/1 531/4/1
f 533/4/1 514/4/1 532/4/1
f 534/4/1 514/4/1 533/4/1
f 535/4/1 516/4/1 515/4/1
f 536/4/1 516/4/1 535/4/1
f 537/4/1 516/4/1 536/4/1
f 538/4/1 516/4/1 537/4/1
f 539/4/1 516/4/1 538/4/1
f 540/4/1 516/4/1 539/4/1
f 541/3/1 518/3/1 517/3/1
f 541/4/1 519/4/1 518/4/1
f 542/3/1 520/3/1 519/3/1
f 542/4/1 519/4/1 541/4/1
f 543/4/1 521/4/1 520/4/1
f 543/3/1 520/3/1 542/3/1
f 544/3/1 522/3/1 521/3/1
f 544/4/1 521/4/1 543/4/1
f 545/4/1 510/4/1 522/4/1
f 545/3/1 522/3/1 544/3/1
f 546/4/1 510/4/1 545/4/1
f 547/4/1 523/4/1 511/4/1
f 548/3/1 524/3/1 523/3/1
f 548/4/1 523/4/1 547/4/1
f 549/4/1 525/4/1 524/4/1
f 549/3/1 524/3/1 548/3/1
f 550/3/1 526/3/1 525/3/1
f 550/4/1 525/4/1 549/4/1
f 551/4/1 527/4/1 526/4/1
f 551/3/1 526/3/1 550/3/1
f 552/3/1 528/3/1 527/3/1
f 552/4/1 527/4/1 551/4/1
f 553/3/1 530/3/1 529/3/1
f 553/4/1 531/4/1 530/4/1
f 554/3/1 532/3/1 531/3/1
f 554/4/1 531/4/1 553/4/1
f 555/4/1 533/4/1 532/4/1
f 555/3/1 532/3/1 554/3/1
f 556/3/1 534/3/1 533/3/1
f 556/4/1 533/4/1 555/4/1
f 557/4/1 514/4/1 534/4/1
f 557/3/1 534/3/1 556/3/1
f 558/4/1 514/4/1 557/4/1
f 559/4/1 535/4/1 515/4/1
f 560/3/1 536/3/1 535/3/1
f 560/4/1 535/4/1 559/4/1
f 561/4/1 537/4/1 536/4/1
f 561/3/1 536/3/1 560/3/1
f 562/3/1 538/3/1 537/3/1
f 562/4/1 537/4/1 561/4/1
f 563/4/1 539/4/1 538/4/1
f 563/3/1 538/3/1 562/3/1
f 564/3/1 540/3/1 539/3/1
f 564/4/1 539/4/1 563/4/1
f 565/3/1 544/3/1 543/3/1
f 565/3/1 541/3/1 517/3/1
f 565/3/1 542/3/1 541/3/1
f 565/3/1 543/3/1 542/3/1
f 565/3/1 545/3/1 544/3/1
f 565/3/1 546/3/1 545/3/1
f 566/3/1 546/3/1 565/3/1
f 567/3/1 551/3/1 550/3/1
f 567/3/1 548/3/1 547/3/1
f 567/3/1 549/3/1 548/3/1
f 567/3/1 550/3/1 549/3/1
f 567/3/1 552/3/1 551/3/1
f 568/3/1 528/3/1 552/3/1
f 568/3/1 552/3/1 567/3/1
f 569/3/1 556/3/1 555/3/1
f 569/3/1 557/3/1 556/3/1
f 569/3/1 555/3/1 554/3/1
f 569/3/1 554/3/1 553/3/1
f 569/3/1 553/3/1 529/3/1
f 569/3/1 558/3/1 557/3/1
f 570/3/1 558/3/1 569/3/1
f 571/3/1 563/3/1 562/3/1
f 571/3/1 564/3/1 563/3/1
f 571/3/1 562/3/1 561/3/1
f 571/3/1 561/3/1 560/3/1
f 571/3/1 560/3/1 559/3/1
f 572/3/1 540/3/1 564/3/1
f 572/3/1 564/3/1 571/3/1
f 593/2/1 574/2/1 573/2/1
f 593/3/1 575/3/1 574/3/1
f 594/2/1 576/2/1 575/2/1
f 594/3/1 575/3/1 593/3/1
f 595/3/1 577/3/1 576/3/1
f 595/2/1 576/2/1 594/2/1
f 596/3/1 577/3/1 595/3/1
f 597/3/1 579/3/1 578/3/1
f 598/2/1 580/2/1 579/2/1
f 598/3/1 579/3/1 597/3/1
f 599/3/1 581/3/1 580/3/1
f 599/2/1 580/2/1 598/2/1
f 600/2/1 582/2/1 581/2/1
f 600/3/1 581/3/1 599/3/1
f 601/2/1 584/2/1 583/2/1
f 601/3/1 585/3/1 584/3/1
f 602/2/1 586/2/1 585/2/1
f 602/3/1 585/3/1 601/3/1
f 603/3/1 587/3/1 586/3/1
f 603/2/1 586/2/1 602/2/1
f 604/3/1 587/3/1 603/3/1
f 605/3/1 589/3/1 588/3/1
f 606/2/1 590/2/1 589/2/1
f 606/3/1 589/3/1 605/3/1
f 607/3/1 591/3/1 590/3/1
f 607/2/1 590/2/1 606/2/1
f 608/2/1 592/2/1 591/2/1
f 608/3/1 591/3/1 607/3/1
f 609/2/1 593/2/1 573/2/1
f 609/2/1 594/2/1 593/2/1
f 609/2/1 596/2/1 595/2/1
f 609/2/1 595/2/1 594/2/1
f 610/2/1 596/2/1 609/2/1
f 611/2/1 598/2/1 597/2/1
f 611/2/1 599/2/1 598/2/1
f 611/2/1 600/2/1 599/2/1
f 612/2/1 582/2/1 600/2/1
f 612/2/1 600/2/1 611/2/1
f 613/2/1 603/2/1 602/2/1
f 613/2/1 601/2/1 583/2/1
f 613/2/1 604/2/1 603/2/1
f 613/2/1 602/2/1 601/2/1
f 614/2/1 604/2/1 613/2/1
f 615/2/1 607/2/1 606/2/1
f 615/2/1 606/2/1 605/2/1
f 615/2/1 608/2/1 607/2/1
f 616/2/1 592/2/1 608/2/1
f 616/2/1 608/2/1 615/2/1
f 625/2/1 618/2/1 617/2/1
f 626/2/1 618/2/1 625/2/1
f 627/2/1 620/2/1 619/2/1
f 628/2/1 620/2/1 627/2/1
f 629/2/1 622/2/1 621/2/1
f 630/2/1 622/2/1 629/2/1
f 631/2/1 624/2/1 623/2/1
f 632/2/1 624/2/1 631/2/1
f 633/1/1 626/1/1 625/1/1
f 634/1/1 626/1/1 633/1/1
f 635/1/1 628/1/1 627/1/1
f 636/1/1 628/1/1 635/1/1
f 637/1/1 630/1/1 629/1/1
f 638/1/1 630/1/1 637/1/1
f 639/1/1 632/1/1 631/1/1
f 640/1/1 632/1/1 639/1/1
f 649/5/1 642/5/1 641/5/1
f 650/5/1 642/5/1 649/5/1
f 651/5/1 642/5/1 650/5/1
f 652/5/1 642/5/1 651/5/1
f 653/5/1 642/5/1 652/5/1
f 654/5/1 642/5/1 653/5/1
f 655/5/1 642/5/1 654/5/1
f 656/5/1 642/5/1 655/5/1
f 657/5/1 644/5/1 643/5/1
f 658/5/1 644/5/1 657/5/1
f 659/5/1 644/5/1 658/5/1
f 660/5/1 644/5/1 659/5/1
f 661/5/1 644/5/1 660/5/1
f 662/5/1 644/5/1 661/5/1
f 663/5/1 644/5/1 662/5/1
f 664/5/1 644/5/1 663/5/1
f 665/5/1 646/5/1 645/5/1
f 666/5/1 646/5/1 665/5/1
f 667/5/1 646/5/1 666/5/1
f 668/5/1 646/5/1 667/5/1
f 669/5/1 646/5/1 668/5/1
f 670/5/1 646/5/1 669/5/1
f 671/5/1 646/5/1 670/5/1
f 672/5/1 646/5/1 671/5/1
f 673/5/1 648/5/1 647/5/1
f 674/5/1 648/5/1 673/5/1
f 675/5/1 648/5/1 674/5/1
f 676/5/1 648/5/1 675/5/1
f 677/5/1 648/5/1 676/5/1
f 678/5/1 648/5/1 677/5/1
f 679/5/1 648/5/1 678/5/1
f 680/5/1 648/5/1 679/5/1
f 681/4/1 650/4/1 649/4/1
f 681/5/1 651/5/1 650/5/1
f 682/4/1 652/4/1 651/4/1
f 682/5/1 651/5/1 681/5/1
f 683/5/1 653/5/1 652/5/1
f 683/4/1 652/4/1 682/4/1
f 684/4/1 654/4/1 653/4/1
f 684/5/1 653/5/1 683/5/1
f 685/5/1 655/5/1 654/5/1
f 685/4/1 654/4/1 684/4/1
f 686/4/1 656/4/1 655/4/1
f 686/5/1 655/5/1 685/5/1
f 687/5/1 642/5/1 656/5/1
f 687/4/1 656/4/1 686/4/1
f 688/5/1 642/5/1 687/5/1
f 689/5/1 657/5/1 643/5/1
f 690/4/1 658/4/1 657/4/1
f 690/5/1 657/5/1 689/5/1
f 691/5/1 659/5/1 658/5/1
f 691/4/1 658/4/1 690/4/1
f 692/4/1 660/4/1 659/4/1
f 692/5/1 659/5/1 691/5/1
f 693/5/1 661/5/1 660/5/1
f 693/4/1 660/4/1 692/4/1
f 694/4/1 662/4/1 661/4/1
f 694/5/1 661/5/1 693/5/1
f 695/5/1 663/5/1 662/5/1
f 695/4/1 662/4/1 694/4/1
f 696/4/1 664/4/1 663/4/1
f 696/5/1 663/5/1 695/5/1
f 697/4/1 666/4/1 665/4/1
f 697/5/1 667/5/1 666/5/1
f 698/4/1 668/4/1 667/4/1
f 698/5/1 667/5/1 697/5/1
f 699/5/1 669/5/1 668/5/1
f 699/4/1 668/4/1 698/4/1
f 700/4/1 670/4/1 669/4/1
f 700/5/1 669/5/1 699/5/1
f 701/5/1 671/5/1 670/5/1
f 701/4/1 670/4/1 700/4/1
f 702/4/1 672/4/1 671/4/1
f 702/5/1 671/5/1 701/5/1
f 703/5/1 646/5/1 672/5/1
f 703/4/1 672/4/1 702/4/1
f 704/5/1 646/5/1 703/5/1
f 705/5/1 673/5/1 647/5/1
f 706/4/1 674/4/1 673/4/1
f 706/5/1 673/5/1 705/5/1
f 707/5/1 675/5/1 674/5/1
f 707/4/1 674/4/1 706/4/1
f 708/4/1 676/4/1 675/4/1
f 708/5/1 675/5/1 707/5/1
f 709/5/1 677/5/1 676/5/1
f 709/4/1 676/4/1 708/4/1
f 710/4/1 678/4/1 677/4/1
f 710/5/1 677/5/1 709/5/1
f 711/5/1 679/5/1 678/5/1
f 711/4/1 678/4/1 710/4/1
f 712/4/1 680/4/1 679/4/1
f 712/5/1 679/5/1 711/5/1
f 713/4/1 686/4/1 685/4/1
f 713/4/1 681/4/1 649/4/1
f 713/4/1 682/4/1 681/4/1
f 713/4/1 683/4/1 682/4/1
f 713/4/1 687/4/1 686/4/1
f 713/4/1 684/4/1 683/4/1
f 713/4/1 685/4/1 684/4/1
f 713/4/1 688/4/1 687/4/1
f 714/4/1 688/4/1 713/4/1
f 715/4/1 695/4/1 694/4/1
f 715/4/1 690/4/1 689/4/1
f 715/4/1 691/4/1 690/4/1
f 715/4/1 692/4/1 691/4/1
f 715/4/1 693/4/1 692/4/1
f 715/4/1 694/4/1 693/4/1
f 715/4/1 696/4/1 695/4/1
f 716/4/1 664/4/1 696/4/1
f 716/4/1 696/4/1 715/4/1
f 717/4/1 702/4/1 701/4/1
f 717/4/1 703/4/1 702/4/1
f 717/4/1 699/4/1 698/4/1
f 717/4/1 698/4/1 697/4/1
f 717/4/1 697/4/1 665/4/1
f 717/4/1 700/4/1 699/4/1
f 717/4/1 704/4/1 703/4/1
f 717/4/1 701/4/1 700/4/1
f 718/4/1 704/4/1 717/4/1
f 719/4/1 711/4/1 710/4/1
f 719/4/1 712/4/1 711/4/1
f 719/4/1 710/4/1 709/4/1
f 719/4/1 709/4/1 708/4/1
f 719/4/1 708/4/1 707/4/1
f 719/4/1 706/4/1 705/4/1
f 719/4/1 707/4/1 706/4/1
f 720/4/1 680/4/1 712/4/1
f 720/4/1 712/4/1 719/4/1
f 729/4/1 722/4/1 721/4/1
f 730/4/1 722/4/1 729/4/1
f 731/4/1 722/4/1 730/4/1
f 732/4/1 722/4/1 731/4/1
f 733/4/1 722/4/1 732/4/1
f 734/4/1 722/4/1 733/4/1
f 735/4/1 724/4/1 723/4/1
f 736/4/1 724/4/1 735/4/1
f 737/4/1 724/4/1 736/4/1
f 738/4/1 724/4/1 737/4/1
f 739/4/1 724/4/1 738/4/1
f 740/4/1 724/4/1 739/4/1
f 741/4/1 726/4/1 725/4/1
f 742/4/1 726/4/1 741/4/1
f 743/4/1 726/4/1 742/4/1
f 744/4/1 726/4/1 743/4/1
f 745/4/1 726/4/1 744/4/1
f 746/4/1 726/4/1 745/4/1
f 747/4/1 728/4/1 727/4/1
f 748/4/1 728/4/1 747/4/1
f 749/4/1 728/4/1 748/4/1
f 750/4/1 728/4/1 749/4/1
f 751/4/1 728/4/1 750/4/1
f 752/4/1 728/4/1 751/4/1
f 753/4/1 729/4/1 721/4/1
f 754/3/1 730/3/1 729/3/1
f 754/4/1 729/4/1 753/4/1
f 755/4/1 731/4/1 730/4/1
f 755/3/1 730/3/1 754/3/1
f 756/3/1 732/3/1 731/3/1
f 756/4/1 731/4/1 755/4/1
f 757/4/1 733/4/1 732/4/1
f 757/3/1 732/3/1 756/3/1
f 758/3/1 734/3/1 733/3/1
f 758/4/1 733/4/1 757/4/1
f 759/3/1 736/3/1 735/3/1
f 759/4/1 737/4/1 736/4/1
f 760/3/1 738/3/1 737/3/1
f 760/4/1 737/4/1 759/4/1
f 761/4/1 739/4/1 738/4/1
f 761/3/1 738/3/1 760/3/1
f 762/3/1 740/3/1 739/3/1
f 762/4/1 739/4/1 761/4/1
f 763/4/1 724/4/1 740/4/1
f 763/3/1 740/3/1 762/3/1
f 764/4/1 724/4/1 763/4/1
f 765/4/1 741/4/1 725/4/1
f 766/3/1 742/3/1 741/3/1
f 766/4/1 741/4/1 765/4/1
f 767/4/1 743/4/1 742/4/1
f 767/3/1 742/3/1 766/3/1
f 768/3/1 744/3/1 743/3/1
f 768/4/1 743/4/1 767/4/1
f 769/4/1 745/4/1 744/4/1
f 769/3/1 744/3/1 768/3/1
f 770/3/1 746/3/1 745/3/1
f 770/4/1 745/4/1 769/4/1
f 771/3/1 748/3/1 747/3/1
f 771/4/1 749/4/1 748/4/1
f 772/3/1 750/3/1 749/3/1
f 772/4/1 749/4/1 771/4/1
f 773/4/1 751/4/1 750/4/1
f 773/3/1 750/3/1 772/3/1
f 774/3/1 752/3/1 751/3/1
f 774/4/1 751/4/1 773/4/1
f 775/4/1 728/4/1 752/4/1
f 775/3/1 752/3/1 774/3/1
f 776/4/1 728/4/1 775/4/1
f 777/3/1 757/3/1 756/3/1
f 777/3/1 754/3/1 753/3/1
f 777/3/1 755/3/1 754/3/1
f 777/3/1 756/3/1 755/3/1
f 777/3/1 758/3/1 757/3/1
f 778/3/1 734/3/1 758/3/1
f 778/3/1 758/3/1 777/3/1
f 779/3/1 762/3/1 761/3/1
f 779/3/1 763/3/1 762/3/1
f 779/3/1 759/3/1 735/3/1
f 779/3/1 760/3/1 759/3/1
f 779/3/1 761/3/1 760/3/1
f 779/3/1 764/3/1 763/3/1
f 780/3/1 764/3/1 779/3/1
f 781/3/1 769/3/1 768/3/1
f 781/3/1 770/3/1 769/3/1
f 781/3/1 766/3/1 765/3/1
f 781/3/1 768/3/1 767/3/1
f 781/3/1 767/3/1 766/3/1
f 782/3/1 746/3/1 770/3/1
f 782/3/1 770/3/1 781/3/1
f 783/3/1 774/3/1 773/3/1
f 783/3/1 776/3/1 775/3/1
f 783/3/1 775/3/1 774/3/1
f 783/3/1 772/3/1 771/3/1
f 783/3/1 773/3/1 772/3/1
f 783/3/1 771/3/1 747/3/1
f 784/3/1 776/3/1 783/3/1
f 805/3/1 786/3/1 785/3/1
f 806/2/1 787/2/1 786/2/1
f 806/3/1 786/3/1 805/3/1
f 807/3/1 788/3/1 787/3/1
f 807/2/1 787/2/1 806/2/1
f 808/2/1 789/2/1 788/2/1
f 808/3/1 788/3/1 807/3/1
f 809/2/1 791/2/1 790/2/1
f 809/3/1 792/3/1 791/3/1
f 810/2/1 793/2/1 792/2/1
f 810/3/1 792/3/1 809/3/1
f 811/3/1 794/3/1 793/3/1
f 811/2/1 793/2/1 810/2/1
f 812/3/1 794/3/1 811/3/1
f 813/3/1 796/3/1 795/3/1
f 814/2/1 797/2/1 796/2/1
f 814/3/1 796/3/1 813/3/1
f 815/3/1 798/3/1 797/3/1
f 815/2/1 797/2/1 814/2/1
f 816/2/1 799/2/1 798/2/1
f 816/3/1 798/3/1 815/3/1
f 817/2/1 801/2/1 800/2/1
f 817/3/1 802/3/1 801/3/1
f 818/2/1 803/2/1 802/2/1
f 818/3/1 802/3/1 817/3/1
f 819/3/1 804/3/1 803/3/1
f 819/2/1 803/2/1 818/2/1
f 820/3/1 804/3/1 819/3/1
f 821/2/1 806/2/1 805/2/1
f 821/2/1 807/2/1 806/2/1
f 821/2/1 808/2/1 807/2/1
f 822/2/1 789/2/1 808/2/1
f 822/2/1 808/2/1 821/2/1
f 823/2/1 809/2/1 790/2/1
f 823/2/1 810/2/1 809/2/1
f 823/2/1 811/2/1 810/2/1
f 823/2/1 812/2/1 811/2/1
f 824/2/1 812/2/1 823/2/1
f 825/2/1 816/2/1 815/2/1
f 825/2/1 814/2/1 813/2/1
f 825/2/1 815/2/1 814/2/1
f 826/2/1 799/2/1 816/2/1
f 826/2/1 816/2/1 825/2/1
f 827/2/1 818/2/1 817/2/1
f 827/2/1 820/2/1 819/2/1
f 827/2/1 819/2/1 818/2/1
f 827/2/1 817/2/1 800/2/1
f 828/2/1 820/2/1 827/2/1
f 837/2/1 830/2/1 829/2/1
f 838/2/1 830/2/1 837/2/1
f 839/2/1 832/2/1 831/2/1
f 840/2/1 832/2/1 839/2/1
f 841/2/1 834/2/1 833/2/1
f 842/2/1 834/2/1 841/2/1
f 843/2/1 836/2/1 835/2/1
f 844/2/1 836/2/1 843/2/1
f 845/1/1 838/1/1 837/1/1
f 846/1/1 838/1/1 845/1/1
f 847/1/1 840/1/1 839/1/1
f 848/1/1 840/1/1 847/1/1
f 849/1/1 842/1/1 841/1/1
f 850/1/1 842/1/1 849/1/1
f 851/1/1 844/1/1 843/1/1
f 852/1/1 844/1/1 851/1/1
f 853/2/2 854/2/2 861/2/2
f 861/2/2 854/2/2 862/2/2
f 855/2/2 856/2/2 863/2/2
f 863/2/2 856/2/2 864/2/2
f 857/2/2 858/2/2 865/2/2
f 865/2/2 858/2/2 866/2/2
f 859/2/2 860/2/2 867/2/2
f 867/2/2 860/2/2 868/2/2
f 861/1/2 862/1/2 869/1/2
f 869/1/2 862/1/2 870/1/2
f 863/1/2 864/1/2 871/1/2
f 871/1/2 864/1/2 872/1/2
f 865/1/2 866/1/2 873/1/2
f 873/1/2 866/1/2 874/1/2
f 867/1/2 868/1/2 875/1/2
f 875/1/2 868/1/2 876/1/2
f 877/3/2 878/3/2 897/3/2
f 878/2/2 879/2/2 898/2/2
f 897/3/2 878/3/2 898/3/2
f 879/3/2 880/3/2 899/3/2
f 898/2/2 879/2/2 899/2/2
f 880/2/2 881/2/2 900/2/2
f 899/3/2 880/3/2 900/3/2
f 882/2/2 883/2/2 901/2/2
f 883/3/2 884/3/2 901/3/2
f 884/2/2 885/2/2 902/2/2
f 901/3/2 884/3/2 902/3/2
f 885/3/2 886/3/2 903/3/2
f 902/2/2 885/2/2 903/2/2
f 903/3/2 886/3/2 904/3/2
f 887/3/2 888/3/2 905/3/2
f 888/2/2 889/2/2 906/2/2
f 905/3/2 888/3/2 906/3/2
f 889/3/2 890/3/2 907/3/2
f 906/2/2 889/2/2 907/2/2
f 890/2/2 891/2/2 908/2/2
f 907/3/2 890/3/2 908/3/2
f 892/2/2 893/2/2 909/2/2
f 893/3/2 894/3/2 909/3/2
f 894/2/2 895/2/2 910/2/2
f 909/3/2 894/3/2 910/3/2
f 895/3/2 896/3/2 911/3/2
f 910/2/2 895/2/2 911/2/2
f 911/3/2 896/3/2 912/3/2
f 897/2/2 898/2/2 913/2/2
f 898/2/2 899/2/2 913/2/2
f 899/2/2 900/2/2 913/2/2
f 900/2/2 881/2/2 914/2/2
f 913/2/2 900/2/2 914/2/2
f 882/2/2 901/2/2 915/2/2
f 901/2/2 902/2/2 915/2/2
f 902/2/2 903/2/2 915/2/2
f 903/2/2 904/2/2 915/2/2
f 915/2/2 904/2/2 916/2/2
f 907/2/2 908/2/2 917/2/2
f 905/2/2 906/2/2 917/2/2
f 906/2/2 907/2/2 917/2/2
f 908/2/2 891/2/2 918/2/2
f 917/2/2 908/2/2 918/2/2
f 909/2/2 910/2/2 919/2/2
f 911/2/2 912/2/2 919/2/2
f 910/2/2 911/2/2 919/2/2
f 892/2/2 909/2/2 919/2/2
f 919/2/2 912/2/2 920/2/2
f 921/4/2 922/4/2 929/4/2
f 929/4/2 922/4/2 930/4/2
f 930/4/2 922/4/2 931/4/2
f 931/4/2 922/4/2 932/4/2
f 932/4/2 922/4/2 933/4/2
f 933/4/2 922/4/2 934/4/2
f 923/4/2 924/4/2 935/4/2
f 935/4/2 924/4/2 936/4/2
f 936/4/2 924/4/2 937/4/2
f 937/4/2 924/4/2 938/4/2
f 938/4/2 924/4/2 939/4/2
f 939/4/2 924/4/2 940/4/2
f 925/4/2 926/4/2 941/4/2
f 941/4/2 926/4/2 942/4/2
f 942/4/2 926/4/2 943/4/2
f 943/4/2 926/4/2 944/4/2
f 944/4/2 926/4/2 945/4/2
f 945/4/2 926/4/2 946/4/2
f 927/4/2 928/4/2 947/4/2
f 947/4/2 928/4/2 948/4/2
f 948/4/2 928/4/2 949/4/2
f 949/4/2 928/4/2 950/4/2
f 950/4/2 928/4/2 951/4/2
f 951/4/2 928/4/2 952/4/2
f 921/4/2 929/4/2 953/4/2
f 929/3/2 930/3/2 954/3/2
f 953/4/2 929/4/2 954/4/2
f 930/4/2 931/4/2 955/4/2
f 954/3/2 930/3/2 955/3/2
f 931/3/2 932/3/2 956/3/2
f 955/4/2 931/4/2 956/4/2
f 932/4/2 933/4/2 957/4/2
f 956/3/2 932/3/2 957/3/2
f 933/3/2 934/3/2 958/3/2
f 957/4/2 933/4/2 958/4/2
f 935/3/2 936/3/2 959/3/2
f 936/4/2 937/4/2 959/4/2
f 937/3/2 938/3/2 960/3/2
f 959/4/2 937/4/2 960/4/2
f 938/4/2 939/4/2 961/4/2
f 960/3/2 938/3/2 961/3/2
f 939/3/2 940/3/2 962/3/2
f 961/4/2 939/4/2 962/4/2
f 940/4/2 924/4/2 963/4/2
f 962/3/2 940/3/2 963/3/2
f 963/4/2 924/4/2 964/4/2
f 925/4/2 941/4/2 965/4/2
f 941/3/2 942/3/2 966/3/2
f 965/4/2 941/4/2 966/4/2
f 942/4/2 943/4/2 967/4/2
f 966/3/2 942/3/2 967/3/2
f 943/3/2 944/3/2 968/3/2
f 967/4/2 943/4/2 968/4/2
f 944/4/2 945/4/2 969/4/2
f 968/3/2 944/3/2 969/3/2
f 945/3/2 946/3/2 970/3/2
f 969/4/2 945/4/2 970/4/2
f 947/3/2 948/3/2 971/3/2
f 948/4/2 949/4/2 971/4/2
f 949/3/2 950/3/2 972/3/2
f 971/4/2 949/4/2 972/4/2
f 950/4/2 951/4/2 973/4/2
f 972/3/2 950/3/2 973/3/2
f 951/3/2 952/3/2 974/3/2
f 973/4/2 951/4/2 974/4/2
f 952/4/2 928/4/2 975/4/2
f 974/3/2 952/3/2 975/3/2
f 975/4/2 928/4/2 976/4/2
f 956/3/2 957/3/2 977/3/2
f 953/3/2 954/3/2 977/3/2
f 954/3/2 955/3/2 977/3/2
f 955/3/2 956/3/2 977/3/2
f 957/3/2 958/3/2 977/3/2
f 958/3/2 934/3/2 978/3/2
f 977/3/2 958/3/2 978/3/2
f 961/3/2 962/3/2 979/3/2
f 962/3/2 963/3/2 979/3/2
f 935/3/2 959/3/2 979/3/2
f 959/3/2 960/3/2 979/3/2
f 960/3/2 961/3/2 979/3/2
f 963/3/2 964/3/2 979/3/2
f 979/3/2 964/3/2 980/3/2
f 968/3/2 969/3/2 981/3/2
f 969/3/2 970/3/2 981/3/2
f 965/3/2 966/3/2 981/3/2
f 967/3/2 968/3/2 981/3/2
f 966/3/2 967/3/2 981/3/2
f 970/3/2 946/3/2 982/3/2
f 981/3/2 970/3/2 982/3/2
f 973/3/2 974/3/2 983/3/2
f 975/3/2 976/3/2 983/3/2
f 974/3/2 975/3/2 983/3/2
f 971/3/2 972/3/2 983/3/2
f 972/3/2 973/3/2 983/3/2
f 947/3/2 971/3/2 983/3/2
f 983/3/2 976/3/2 984/3/2
f 985/5/2 986/5/2 993/5/2
f 993/5/2 986/5/2 994/5/2
f 994/5/2 986/5/2 995/5/2
f 995/5/2 986/5/2 996/5/2
f 996/5/2 986/5/2 997/5/2
f 997/5/2 986/5/2 998/5/2
f 998/5/2 986/5/2 999/5/2
f 999/5/2 986/5/2 1000/5/2
f 987/5/2 988/5/2 1001/5/2
f 1001/5/2 988/5/2 1002/5/2
f 1002/5/2 988/5/2 1003/5/2
f 1003/5/2 988/5/2 1004/5/2
f 1004/5/2 988/5/2 1005/5/2
f 1005/5/2 988/5/2 1006/5/2
f 1006/5/2 988/5/2 1007/5/2
f 1007/5/2 988/5/2 1008/5/2
f 989/5/2 990/5/2 1009/5/2
f 1009/5/2 990/5/2 1010/5/2
f 1010/5/2 990/5/2 1011/5/2
f 1011/5/2 990/5/2 1012/5/2
f 1012/5/2 990/5/2 1013/5/2
f 1013/5/2 990/5/2 1014/5/2
f 1014/5/2 990/5/2 1015/5/2
f 1015/5/2 990/5/2 1016/5/2
f 991/5/2 992/5/2 1017/5/2
f 1017/5/2 992/5/2 1018/5/2
f 1018/5/2 992/5/2 1019/5/2
f 1019/5/2 992/5/2 1020/5/2
f 1020/5/2 992/5/2 1021/5/2
f 1021/5/2 992/5/2 1022/5/2
f 1022/5/2 992/5/2 1023/5/2
f 1023/5/2 992/5/2 1024/5/2
f 993/4/2 994/4/2 1025/4/2
f 994/5/2 995/5/2 1025/5/2
f 995/4/2 996/4/2 1026/4/2
f 1025/5/2 995/5/2 1026/5/2
f 996/5/2 997/5/2 1027/5/2
f 1026/4/2 996/4/2 1027/4/2
f 997/4/2 998/4/2 1028/4/2
f 1027/5/2 997/5/2 1028/5/2
f 998/5/2 999/5/2 1029/5/2
f 1028/4/2 998/4/2 1029/4/2
f 999/4/2 1000/4/2 1030/4/2
f 1029/5/2 999/5/2 1030/5/2
f 1000/5/2 986/5/2 1031/5/2
f 1030/4/2 1000/4/2 1031/4/2
f 1031/5/2 986/5/2 1032/5/2
f 987/5/2 1001/5/2 1033/5/2
f 1001/4/2 1002/4/2 1034/4/2
f 1033/5/2 1001/5/2 1034/5/2
f 1002/5/2 1003/5/2 1035/5/2
f 1034/4/2 1002/4/2 1035/4/2
f 1003/4/2 1004/4/2 1036/4/2
f 1035/5/2 1003/5/2 1036/5/2
f 1004/5/2 1005/5/2 1037/5/2
f 1036/4/2 1004/4/2 1037/4/2
f 1005/4/2 1006/4/2 1038/4/2
f 1037/5/2 1005/5/2 1038/5/2
f 1006/5/2 1007/5/2 1039/5/2
f 1038/4/2 1006/4/2 1039/4/2
f 1007/4/2 1008/4/2 1040/4/2
f 1039/5/2 1007/5/2 1040/5/2
f 1009/4/2 1010/4/2 1041/4/2
f 1010/5/2 1011/5/2 1041/5/2
f 1011/4/2 1012/4/2 1042/4/2
f 1041/5/2 1011/5/2 1042/5/2
f 1012/5/2 1013/5/2 1043/5/2
f 1042/4/2 1012/4/2 1043/4/2
f 1013/4/2 1014/4/2 1044/4/2
f 1043/5/2 1013/5/2 1044/5/2
f 1014/5/2 1015/5/2 1045/5/2
f 1044/4/2 1014/4/2 1045/4/2
f 1015/4/2 1016/4/2 1046/4/2
f 1045/5/2 1015/5/2 1046/5/2
f 1016/5/2 990/5/2 1047/5/2
f 1046/4/2 1016/4/2 1047/4/2
f 1047/5/2 990/5/2 1048/5/2
f 991/5/2 1017/5/2 1049/5/2
f 1017/4/2 1018/4/2 1050/4/2
f 1049/5/2 1017/5/2 1050/5/2
f 1018/5/2 1019/5/2 1051/5/2
f 1050/4/2 1018/4/2 1051/4/2
f 1019/4/2 1020/4/2 1052/4/2
f 1051/5/2 1019/5/2 1052/5/2
f 1020/5/2 1021/5/2 1053/5/2
f 1052/4/2 1020/4/2 1053/4/2
f 1021/4/2 1022/4/2 1054/4/2
f 1053/5/2 1021/5/2 1054/5/2
f 1022/5/2 1023/5/2 1055/5/2
f 1054/4/2 1022/4/2 1055/4/2
f 1023/4/2 1024/4/2 1056/4/2
f 1055/5/2 1023/5/2 1056/5/2
f 1029/4/2 1030/4/2 1057/4/2
f 993/4/2 1025/4/2 1057/4/2
f 1025/4/2 1026/4/2 1057/4/2
f 1026/4/2 1027/4/2 1057/4/2
f 1030/4/2 1031/4/2 1057/4/2
f 1027/4/2 1028/4/2 1057/4/2
f 1028/4/2 1029/4/2 1057/4/2
f 1031/4/2 1032/4/2 1057/4/2
f 1057/4/2 1032/4/2 1058/4/2
f 1038/4/2 1039/4/2 1059/4/2
f 1033/4/2 1034/4/2 1059/4/2
f 1034/4/2 1035/4/2 1059/4/2
f 1035/4/2 1036/4/2 1059/4/2
f 1036/4/2 1037/4/2 1059/4/2
f 1037/4/2 1038/4/2 1059/4/2
f 1039/4/2 1040/4/2 1059/4/2
f 1040/4/2 1008/4/2 1060/4/2
f 1059/4/2 1040/4/2 1060/4/2
f 1045/4/2 1046/4/2 1061/4/2
f 1046/4/2 1047/4/2 1061/4/2
f 1042/4/2 1043/4/2 1061/4/2
f 1041/4/2 1042/4/2 1061/4/2
f 1009/4/2 1041/4/2 1061/4/2
f 1043/4/2 1044/4/2 1061/4/2
f 1047/4/2 1048/4/2 1061/4/2
f 1044/4/2 1045/4/2 1061/4/2
f 1061/4/2 1048/4/2 1062/4/2
f 1054/4/2 1055/4/2 1063/4/2
f 1055/4/2 1056/4/2 1063/4/2
f 1053/4/2 1054/4/2 1063/4/2
f 1052/4/2 1053/4/2 1063/4/2
f 1051/4/2 1052/4/2 1063/4/2
f 1049/4/2 1050/4/2 1063/4/2
f 1050/4/2 1051/4/2 1063/4/2
f 1056/4/2 1024/4/2 1064/4/2
f 1063/4/2 1056/4/2 1064/4/2
f 1065/2/2 1066/2/2 1073/2/2
f 1073/2/2 1066/2/2 1074/2/2
f 1067/2/2 1068/2/2 1075/2/2
f 1075/2/2 1068/2/2 1076/2/2
f 1069/2/2 1070/2/2 1077/2/2
f 1077/2/2 1070/2/2 1078/2/2
f 1071/2/2 1072/2/2 1079/2/2
f 1079/2/2 1072/2/2 1080/2/2
f 1073/1/2 1074/1/2 1081/1/2
f 1081/1/2 1074/1/2 1082/1/2
f 1075/1/2 1076/1/2 1083/1/2
f 1083/1/2 1076/1/2 1084/1/2
f 1077/1/2 1078/1/2 1085/1/2
f 1085/1/2 1078/1/2 1086/1/2
f 1079/1/2 1080/1/2 1087/1/2
f 1087/1/2 1080/1/2 1088/1/2
f 1089/2/2 1090/2/2 1109/2/2
f 1090/3/2 1091/3/2 1109/3/2
f 1091/2/2 1092/2/2 1110/2/2
f 1109/3/2 1091/3/2 1110/3/2
f 1092/3/2 1093/3/2 1111/3/2
f 1110/2/2 1092/2/2 1111/2/2
f 1111/3/2 1093/3/2 1112/3/2
f 1094/3/2 1095/3/2 1113/3/2
f 1095/2/2 1096/2/2 1114/2/2
f 1113/3/2 1095/3/2 1114/3/2
f 1096/3/2 1097/3/2 1115/3/2
f 1114/2/2 1096/2/2 1115/2/2
f 1097/2/2 1098/2/2 1116/2/2
f 1115/3/2 1097/3/2 1116/3/2
f 1099/2/2 1100/2/2 1117/2/2
f 1100/3/2 1101/3/2 1117/3/2
f 1101/2/2 1102/2/2 1118/2/2
f 1117/3/2 1101/3/2 1118/3/2
f 1102/3/2 1103/3/2 1119/3/2
f 1118/2/2 1102/2/2 1119/2/2
f 1119/3/2 1103/3/2 1120/3/2
f 1104/3/2 1105/3/2 1121/3/2
f 1105/2/2 1106/2/2 1122/2/2
f 1121/3/2 1105/3/2 1122/3/2
f 1106/3/2 1107/3/2 1123/3/2
f 1122/2/2 1106/2/2 1123/2/2
f 1107/2/2 1108/2/2 1124/2/2
f 1123/3/2 1107/3/2 1124/3/2
f 1089/2/2 1109/2/2 1125/2/2
f 1109/2/2 1110/2/2 1125/2/2
f 1111/2/2 1112/2/2 1125/2/2
f 1110/2/2 1111/2/2 1125/2/2
f 1125/2/2 1112/2/2 1126/2/2
f 1113/2/2 1114/2/2 1127/2/2
f 1114/2/2 1115/2/2 1127/2/2
f 1115/2/2 1116/2/2 1127/2/2
f 1116/2/2 1098/2/2 1128/2/2
f 1127/2/2 1116/2/2 1128/2/2
f 1118/2/2 1119/2/2 1129/2/2
f 1099/2/2 1117/2/2 1129/2/2
f 1119/2/2 1120/2/2 1129/2/2
f 1117/2/2 1118/2/2 1129/2/2
f 1129/2/2 1120/2/2 1130/2/2
f 1122/2/2 1123/2/2 1131/2/2
f 1121/2/2 1122/2/2 1131/2/2
f 1123/2/2 1124/2/2 1131/2/2
f 1124/2/2 1108/2/2 1132/2/2
f 1131/2/2 1124/2/2 1132/2/2
f 1133/4/2 1134/4/2 1141/4/2
f 1141/4/2 1134/4/2 1142/4/2
f 1142/4/2 1134/4/2 1143/4/2
f 1143/4/2 1134/4/2 1144/4/2
f 1144/4/2 1134/4/2 1145/4/2
f 1145/4/2 1134/4/2 1146/4/2
f 1135/4/2 1136/4/2 1147/4/2
f 1147/4/2 1136/4/2 1148/4/2
f 1148/4/2 1136/4/2 1149/4/2
f 1149/4/2 1136/4/2 1150/4/2
f 1150/4/2 1136/4/2 1151/4/2
f 1151/4/2 1136/4/2 1152/4/2
f 1137/4/2 1138/4/2 1153/4/2
f 1153/4/2 1138/4/2 1154/4/2
f 1154/4/2 1138/4/2 1155/4/2
f 1155/4/2 1138/4/2 1156/4/2
f 1156/4/2 1138/4/2 1157/4/2
f 1157/4/2 1138/4/2 1158/4/2
f 1139/4/2 1140/4/2 1159/4/2
f 1159/4/2 1140/4/2 1160/4/2
f 1160/4/2 1140/4/2 1161/4/2
f 1161/4/2 1140/4/2 1162/4/2
f 1162/4/2 1140/4/2 1163/4/2
f 1163/4/2 1140/4/2 1164/4/2
f 1141/3/2 1142/3/2 1165/3/2
f 1142/4/2 1143/4/2 1165/4/2
f 1143/3/2 1144/3/2 1166/3/2
f 1165/4/2 1143/4/2 1166/4/2
f 1144/4/2 1145/4/2 1167/4/2
f 1166/3/2 1144/3/2 1167/3/2
f 1145/3/2 1146/3/2 1168/3/2
f 1167/4/2 1145/4/2 1168/4/2
f 1146/4/2 1134/4/2 1169/4/2
f 1168/3/2 1146/3/2 1169/3/2
f 1169/4/2 1134/4/2 1170/4/2
f 1135/4/2 1147/4/2 1171/4/2
f 1147/3/2 1148/3/2 1172/3/2
f 1171/4/2 1147/4/2 1172/4/2
f 1148/4/2 1149/4/2 1173/4/2
f 1172/3/2 1148/3/2 1173/3/2
f 1149/3/2 1150/3/2 1174/3/2
f 1173/4/2 1149/4/2 1174/4/2
f 1150/4/2 1151/4/2 1175/4/2
f 1174/3/2 1150/3/2 1175/3/2
f 1151/3/2 1152/3/2 1176/3/2
f 1175/4/2 1151/4/2 1176/4/2
f 1153/3/2 1154/3/2 1177/3/2
f 1154/4/2 1155/4/2 1177/4/2
f 1155/3/2 1156/3/2 1178/3/2
f 1177/4/2 1155/4/2 1178/4/2
f 1156/4/2 1157/4/2 1179/4/2
f 1178/3/2 1156/3/2 1179/3/2
f 1157/3/2 1158/3/2 1180/3/2
f 1179/4/2 1157/4/2 1180/4/2
f 1158/4/2 1138/4/2 1181/4/2
f 1180/3/2 1158/3/2 1181/3/2
f 1181/4/2 1138/4/2 1182/4/2
f 1139/4/2 1159/4/2 1183/4/2
f 1159/3/2 1160/3/2 1184/3/2
f 1183/4/2 1159/4/2 1184/4/2
f 1160/4/2 1161/4/2 1185/4/2
f 1184/3/2 1160/3/2 1185/3/2
f 1161/3/2 1162/3/2 1186/3/2
f 1185/4/2 1161/4/2 1186/4/2
f 1162/4/2 1163/4/2 1187/4/2
f 1186/3/2 1162/3/2 1187/3/2
f 1163/3/2 1164/3/2 1188/3/2
f 1187/4/2 1163/4/2 1188/4/2
f 1167/3/2 1168/3/2 1189/3/2
f 1141/3/2 1165/3/2 1189/3/2
f 1165/3/2 1166/3/2 1189/3/2
f 1166/3/2 1167/3/2 1189/3/2
f 1168/3/2 1169/3/2 1189/3/2
f 1169/3/2 1170/3/2 1189/3/2
f 1189/3/2 1170/3/2 1190/3/2
f 1174/3/2 1175/3/2 1191/3/2
f 1171/3/2 1172/3/2 1191/3/2
f 1172/3/2 1173/3/2 1191/3/2
f 1173/3/2 1174/3/2 1191/3/2
f 1175/3/2 1176/3/2 1191/3/2
f 1176/3/2 1152/3/2 1192/3/2
f 1191/3/2 1176/3/2 1192/3/2
f 1179/3/2 1180/3/2 1193/3/2
f 1180/3/2 1181/3/2 1193/3/2
f 1178/3/2 1179/3/2 1193/3/2
f 1177/3/2 1178/3/2 1193/3/2
f 1153/3/2 1177/3/2 1193/3/2
f 1181/3/2 1182/3/2 1193/3/2
f 1193/3/2 1182/3/2 1194/3/2
f 1186/3/2 1187/3/2 1195/3/2
f 1187/3/2 1188/3/2 1195/3/2
f 1185/3/2 1186/3/2 1195/3/2
f 1184/3/2 1185/3/2 1195/3/2
f 1183/3/2 1184/3/2 1195/3/2
f 1188/3/2 1164/3/2 1196/3/2
f 1195/3/2 1188/3/2 1196/3/2
f 1197/5/2 1198/5/2 1205/5/2
f 1205/5/2 1198/5/2 1206/5/2
f 1206/5/2 1198/5/2 1207/5/2
f 1207/5/2 1198/5/2 1208/5/2
f 1208/5/2 1198/5/2 1209/5/2
f 1209/5/2 1198/5/2 1210/5/2
f 1210/5/2 1198/5/2 1211/5/2
f 1211/5/2 1198/5/2 1212/5/2
f 1199/5/2 1200/5/2 1213/5/2
f 1213/5/2 1200/5/2 1214/5/2
f 1214/5/2 1200/5/2 1215/5/2
f 1215/5/2 1200/5/2 1216/5/2
f 1216/5/2 1200/5/2 1217/5/2
f 1217/5/2 1200/5/2 1218/5/2
f 1218/5/2 1200/5/2 1219/5/2
f 1219/5/2 1200/5/2 1220/5/2
f 1201/5/2 1202/5/2 1221/5/2
f 1221/5/2 1202/5/2 1222/5/2
f 1222/5/2 1202/5/2 1223/5/2
f 1223/5/2 1202/5/2 1224/5/2
f 1224/5/2 1202/5/2 1225/5/2
f 1225/5/2 1202/5/2 1226/5/2
f 1226/5/2 1202/5/2 1227/5/2
f 1227/5/2 1202/5/2 1228/5/2
f 1203/5/2 1204/5/2 1229/5/2
f 1229/5/2 1204/5/2 1230/5/2
f 1230/5/2 1204/5/2 1231/5/2
f 1231/5/2 1204/5/2 1232/5/2
f 1232/5/2 1204/5/2 1233/5/2
f 1233/5/2 1204/5/2 1234/5/2
f 1234/5/2 1204/5/2 1235/5/2
f 1235/5/2 1204/5/2 1236/5/2
f 1197/5/2 1205/5/2 1237/5/2
f 1205/4/2 1206/4/2 1238/4/2
f 1237/5/2 1205/5/2 1238/5/2
f 1206/5/2 1207/5/2 1239/5/2
f 1238/4/2 1206/4/2 1239/4/2
f 1207/4/2 1208/4/2 1240/4/2
f 1239/5/2 1207/5/2 1240/5/2
f 1208/5/2 1209/5/2 1241/5/2
f 1240/4/2 1208/4/2 1241/4/2
f 1209/4/2 1210/4/2 1242/4/2
f 1241/5/2 1209/5/2 1242/5/2
f 1210/5/2 1211/5/2 1243/5/2
f 1242/4/2 1210/4/2 1243/4/2
f 1211/4/2 1212/4/2 1244/4/2
f 1243/5/2 1211/5/2 1244/5/2
f 1213/4/2 1214/4/2 1245/4/2
f 1214/5/2 1215/5/2 1245/5/2
f 1215/4/2 1216/4/2 1246/4/2
f 1245/5/2 1215/5/2 1246/5/2
f 1216/5/2 1217/5/2 1247/5/2
f 1246/4/2 1216/4/2 1247/4/2
f 1217/4/2 1218/4/2 1248/4/2
f 1247/5/2 1217/5/2 1248/5/2
f 1218/5/2 1219/5/2 1249/5/2
f 1248/4/2 1218/4/2 1249/4/2
f 1219/4/2 1220/4/2 1250/4/2
f 1249/5/2 1219/5/2 1250/5/2
f 1220/5/2 1200/5/2 1251/5/2
f 1250/4/2 1220/4/2 1251/4/2
f 1251/5/2 1200/5/2 1252/5/2
f 1201/5/2 1221/5/2 1253/5/2
f 1221/4/2 1222/4/2 1254/4/2
f 1253/5/2 1221/5/2 1254/5/2
f 1222/5/2 1223/5/2 1255/5/2
f 1254/4/2 1222/4/2 1255/4/2
f 1223/4/2 1224/4/2 1256/4/2
f 1255/5/2 1223/5/2 1256/5/2
f 1224/5/2 1225/5/2 1257/5/2
f 1256/4/2 1224/4/2 1257/4/2
f 1225/4/2 1226/4/2 1258/4/2
f 1257/5/2 1225/5/2 1258/5/2
f 1226/5/2 1227/5/2 1259/5/2
f 1258/4/2 1226/4/2 1259/4/2
f 1227/4/2 1228/4/2 1260/4/2
f 1259/5/2 1227/5/2 1260/5/2
f 1229/4/2 1230/4/2 1261/4/2
f 1230/5/2 1231/5/2 1261/5/2
f 1231/4/2 1232/4/2 1262/4/2
f 1261/5/2 1231/5/2 1262/5/2
f 1232/5/2 1233/5/2 1263/5/2
f 1262/4/2 1232/4/2 1263/4/2
f 1233/4/2 1234/4/2 1264/4/2
f 1263/5/2 1233/5/2 1264/5/2
f 1234/5/2 1235/5/2 1265/5/2
f 1264/4/2 1234/4/2 1265/4/2
f 1235/4/2 1236/4/2 1266/4/2
f 1265/5/2 1235/5/2 1266/5/2
f 1236/5/2 1204/5/2 1267/5/2
f 1266/4/2 1236/4/2 1267/4/2
f 1267/5/2 1204/5/2 1268/5/2
f 1242/4/2 1243/4/2 1269/4/2
f 1237/4/2 1238/4/2 1269/4/2
f 1238/4/2 1239/4/2 1269/4/2
f 1239/4/2 1240/4/2 1269/4/2
f 1240/4/2 1241/4/2 1269/4/2
f 1241/4/2 1242/4/2 1269/4/2
f 1243/4/2 1244/4/2 1269/4/2
f 1244/4/2 1212/4/2 1270/4/2
f 1269/4/2 1244/4/2 1270/4/2
f 1249/4/2 1250/4/2 1271/4/2
f 1250/4/2 1251/4/2 1271/4/2
f 1213/4/2 1245/4/2 1271/4/2
f 1245/4/2 1246/4/2 1271/4/2
f 1246/4/2 1247/4/2 1271/4/2
f 1247/4/2 1248/4/2 1271/4/2
f 1248/4/2 1249/4/2 1271/4/2
f 1251/4/2 1252/4/2 1271/4/2
f 1271/4/2 1252/4/2 1272/4/2
f 1258/4/2 1259/4/2 1273/4/2
f 1259/4/2 1260/4/2 1273/4/2
f 1257/4/2 1258/4/2 1273/4/2
f 1255/4/2 1256/4/2 1273/4/2
f 1254/4/2 1255/4/2 1273/4/2
f 1253/4/2 1254/4/2 1273/4/2
f 1256/4/2 1257/4/2 1273/4/2
f 1260/4/2 1228/4/2 1274/4/2
f 1273/4/2 1260/4/2 1274/4/2
f 1265/4/2 1266/4/2 1275/4/2
f 1267/4/2 1268/4/2 1275/4/2
f 1266/4/2 1267/4/2 1275/4/2
f 1261/4/2 1262/4/2 1275/4/2
f 1264/4/2 1265/4/2 1275/4/2
f 1263/4/2 1264/4/2 1275/4/2
f 1229/4/2 1261/4/2 1275/4/2
f 1262/4/2 1263/4/2 1275/4/2
f 1275/4/2 1268/4/2 1276/4/2
f 1277/2/2 1278/2/2 1285/2/2
f 1285/2/2 1278/2/2 1286/2/2
f 1279/2/2 1280/2/2 1287/2/2
f 1287/2/2 1280/2/2 1288/2/2
f 1281/2/2 1282/2/2 1289/2/2
f 1289/2/2 1282/2/2 1290/2/2
f 1283/2/2 1284/2/2 1291/2/2
f 1291/2/2 1284/2/2 1292/2/2
f 1285/1/2 1286/1/2 1293/1/2
f 1293/1/2 1286/1/2 1294/1/2
f 1287/1/2 1288/1/2 1295/1/2
f 1295/1/2 1288/1/2 1296/1/2
f 1289/1/2 1290/1/2 1297/1/2
f 1297/1/2 1290/1/2 1298/1/2
f 1291/1/2 1292/1/2 1299/1/2
f 1299/1/2 1292/1/2 1300/1/2
f 1301/3/2 1302/3/2 1321/3/2
f 1302/2/2 1303/2/2 1322/2/2
f 1321/3/2 1302/3/2 1322/3/2
f 1303/3/2 1304/3/2 1323/3/2
f 1322/2/2 1303/2/2 1323/2/2
f 1304/2/2 1305/2/2 1324/2/2
f 1323/3/2 1304/3/2 1324/3/2
f 1306/2/2 1307/2/2 1325/2/2
f 1307/3/2 1308/3/2 1325/3/2
f 1308/2/2 1309/2/2 1326/2/2
f 1325/3/2 1308/3/2 1326/3/2
f 1309/3/2 1310/3/2 1327/3/2
f 1326/2/2 1309/2/2 1327/2/2
f 1327/3/2 1310/3/2 1328/3/2
f 1311/3/2 1312/3/2 1329/3/2
f 1312/2/2 1313/2/2 1330/2/2
f 1329/3/2 1312/3/2 1330/3/2
f 1313/3/2 1314/3/2 1331/3/2
f 1330/2/2 1313/2/2 1331/2/2
f 1314/2/2 1315/2/2 1332/2/2
f 1331/3/2 1314/3/2 1332/3/2
f 1316/2/2 1317/2/2 1333/2/2
f 1317/3/2 1318/3/2 1333/3/2
f 1318/2/2 1319/2/2 1334/2/2
f 1333/3/2 1318/3/2 1334/3/2
f 1319/3/2 1320/3/2 1335/3/2
f 1334/2/2 1319/2/2 1335/2/2
f 1335/3/2 1320/3/2 1336/3/2
f 1321/2/2 1322/2/2 1337/2/2
f 1322/2/2 1323/2/2 1337/2/2
f 1323/2/2 1324/2/2 1337/2/2
f 1324/2/2 1305/2/2 1338/2/2
f 1337/2/2 1324/2/2 1338/2/2
f 1306/2/2 1325/2/2 1339/2/2
f 1325/2/2 1326/2/2 1339/2/2
f 1326/2/2 1327/2/2 1339/2/2
f 1327/2/2 1328/2/2 1339/2/2
f 1339/2/2 1328/2/2 1340/2/2
f 1331/2/2 1332/2/2 1341/2/2
f 1329/2/2 1330/2/2 1341/2/2
f 1330/2/2 1331/2/2 1341/2/2
f 1332/2/2 1315/2/2 1342/2/2
f 1341/2/2 1332/2/2 1342/2/2
f 1333/2/2 1334/2/2 1343/2/2
f 1335/2/2 1336/2/2 1343/2/2
f 1334/2/2 1335/2/2 1343/2/2
f 1316/2/2 1333/2/2 1343/2/2
f 1343/2/2 1336/2/2 1344/2/2
f 1345/4/2 1346/4/2 1353/4/2
f 1353/4/2 1346/4/2 1354/4/2
f 1354/4/2 1346/4/2 1355/4/2
f 1355/4/2 1346/4/2 1356/4/2
f 1356/4/2 1346/4/2 1357/4/2
f 1357/4/2 1346/4/2 1358/4/2
f 1347/4/2 1348/4/2 1359/4/2
f 1359/4/2 1348/4/2 1360/4/2
f 1360/4/2 1348/4/2 1361/4/2
f 1361/4/2 1348/4/2 1362/4/2
f 1362/4/2 1348/4/2 1363/4/2
f 1363/4/2 1348/4/2 1364/4/2
f 1349/4/2 1350/4/2 1365/4/2
f 1365/4/2 1350/4/2 1366/4/2
f 1366/4/2 1350/4/2 1367/4/2
f 1367/4/2 1350/4/2 1368/4/2
f 1368/4/2 1350/4/2 1369/4/2
f 1369/4/2 1350/4/2 1370/4/2
f 1351/4/2 1352/4/2 1371/4/2
f 1371/4/2 1352/4/2 1372/4/2
f 1372/4/2 1352/4/2 1373/4/2
f 1373/4/2 1352/4/2 1374/4/2
f 1374/4/2 1352/4/2 1375/4/2
f 1375/4/2 1352/4/2 1376/4/2
f 1345/4/2 1353/4/2 1377/4/2
f 1353/3/2 1354/3/2 1378/3/2
f 1377/4/2 1353/4/2 1378/4/2
f 1354/4/2 1355/4/2 1379/4/2
f 1378/3/2 1354/3/2 1379/3/2
f 1355/3/2 1356/3/2 1380/3/2
f 1379/4/2 1355/4/2 1380/4/2
f 1356/4/2 1357/4/2 1381/4/2
f 1380/3/2 1356/3/2 1381/3/2
f 1357/3/2 1358/3/2 1382/3/2
f 1381/4/2 1357/4/2 1382/4/2
f 1359/3/2 1360/3/2 1383/3/2
f 1360/4/2 1361/4/2 1383/4/2
f 1361/3/2 1362/3/2 1384/3/2
f 1383/4/2 1361/4/2 1384/4/2
f 1362/4/2 1363/4/2 1385/4/2
f 1384/3/2 1362/3/2 1385/3/2
f 1363/3/2 1364/3/2 1386/3/2
f 1385/4/2 1363/4/2 1386/4/2
f 1364/4/2 1348/4/2 1387/4/2
f 1386/3/2 1364/3/2 1387/3/2
f 1387/4/2 1348/4/2 1388/4/2
f 1349/4/2 1365/4/2 1389/4/2
f 1365/3/2 1366/3/2 1390/3/2
f 1389/4/2 1365/4/2 1390/4/2
f 1366/4/2 1367/4/2 1391/4/2
f 1390/3/2 1366/3/2 1391/3/2
f 1367/3/2 1368/3/2 1392/3/2
f 1391/4/2 1367/4/2 1392/4/2
f 1368/4/2 1369/4/2 1393/4/2
f 1392/3/2 1368/3/2 1393/3/2
f 1369/3/2 1370/3/2 1394/3/2
f 1393/4/2 1369/4/2 1394/4/2
f 1371/3/2 1372/3/2 1395/3/2
f 1372/4/2 1373/4/2 1395/4/2
f 1373/3/2 1374/3/2 1396/3/2
f 1395/4/2 1373/4/2 1396/4/2
f 1374/4/2 1375/4/2 1397/4/2
f 1396/3/2 1374/3/2 1397/3/2
f 1375/3/2 1376/3/2 1398/3/2
f 1397/4/2 1375/4/2 1398/4/2
f 1376/4/2 1352/4/2 1399/4/2
f 1398/3/2 1376/3/2 1399/3/2
f 1399/4/2 1352/4/2 1400/4/2
f 1380/3/2 1381/3/2 1401/3/2
f 1377/3/2 1378/3/2 1401/3/2
f 1378/3/2 1379/3/2 1401/3/2
f 1379/3/2 1380/3/2 1401/3/2
f 1381/3/2 1382/3/2 1401/3/2
f 1382/3/2 1358/3/2 1402/3/2
f 1401/3/2 1382/3/2 1402/3/2
f 1385/3/2 1386/3/2 1403/3/2
f 1386/3/2 1387/3/2 1403/3/2
f 1359/3/2 1383/3/2 1403/3/2
f 1383/3/2 1384/3/2 1403/3/2
f 1384/3/2 1385/3/2 1403/3/2
f 1387/3/2 1388/3/2 1403/3/2
f 1403/3/2 1388/3/2 1404/3/2
f 1392/3/2 1393/3/2 1405/3/2
f 1393/3/2 1394/3/2 1405/3/2
f 1389/3/2 1390/3/2 1405/3/2
f 1391/3/2 1392/3/2 1405/3/2
f 1390/3/2 1391/3/2 1405/3/2
f 1394/3/2 1370/3/2 1406/3/2
f 1405/3/2 1394/3/2 1406/3/2
f 1397/3/2 1398/3/2 1407/3/2
f 1399/3/2 1400/3/2 1407/3/2
f 1398/3/2 1399/3/2 1407/3/2
f 1395/3/2 1396/3/2 1407/3/2
f 1396/3/2 1397/3/2 1407/3/2
f 1371/3/2 1395/3/2 1407/3/2
f 1407/3/2 1400/3/2 1408/3/2
f 1409/5/2 1410/5/2 1417/5/2
f 1417/5/2 1410/5/2 1418/5/2
f 1418/5/2 1410/5/2 1419/5/2
f 1419/5/2 1410/5/2 1420/5/2
f 1420/5/2 1410/5/2 1421/5/2
f 1421/5/2 1410/5/2 1422/5/2
f 1422/5/2 1410/5/2 1423/5/2
f 1423/5/2 1410/5/2 1424/5/2
f 1411/5/2 1412/5/2 1425/5/2
f 1425/5/2 1412/5/2 1426/5/2
f 1426/5/2 1412/5/2 1427/5/2
f 1427/5/2 1412/5/2 1428/5/2
f 1428/5/2 1412/5/2 1429/5/2
f 1429/5/2 1412/5/2 1430/5/2
f 1430/5/2 1412/5/2 1431/5/2
f 1431/5/2 1412/5/2 1432/5/2
f 1413/5/2 1414/5/2 1433/5/2
f 1433/5/2 1414/5/2 1434/5/2
f 1434/5/2 1414/5/2 1435/5/2
f 1435/5/2 1414/5/2 1436/5/2
f 1436/5/2 1414/5/2 1437/5/2
f 1437/5/2 1414/5/2 1438/5/2
f 1438/5/2 1414/5/2 1439/5/2
f 1439/5/2 1414/5/2 1440/5/2
f 1415/5/2 1416/5/2 1441/5/2
f 1441/5/2 1416/5/2 1442/5/2
f 1442/5/2 1416/5/2 1443/5/2
f 1443/5/2 1416/5/2 1444/5/2
f 1444/5/2 1416/5/2 1445/5/2
f 1445/5/2 1416/5/2 1446/5/2
f 1446/5/2 1416/5/2 1447/5/2
f 1447/5/2 1416/5/2 1448/5/2
f 1417/4/2 1418/4/2 1449/4/2
f 1418/5/2 1419/5/2 1449/5/2
f 1419/4/2 1420/4/2 1450/4/2
f 1449/5/2 1419/5/2 1450/5/2
f 1420/5/2 1421/5/2 1451/5/2
f 1450/4/2 1420/4/2 1451/4/2
f 1421/4/2 1422/4/2 1452/4/2
f 1451/5/2 1421/5/2 1452/5/2
f 1422/5/2 1423/5/2 1453/5/2
f 1452/4/2 1422/4/2 1453/4/2
f 1423/4/2 1424/4/2 1454/4/2
f 1453/5/2 1423/5/2 1454/5/2
f 1424/5/2 1410/5/2 1455/5/2
f 1454/4/2 1424/4/2 1455/4/2
f 1455/5/2 1410/5/2 1456/5/2
f 1411/5/2 1425/5/2 1457/5/2
f 1425/4/2 1426/4/2 1458/4/2
f 1457/5/2 1425/5/2 1458/5/2
f 1426/5/2 1427/5/2 1459/5/2
f 1458/4/2 1426/4/2 1459/4/2
f 1427/4/2 1428/4/2 1460/4/2
f 1459/5/2 1427/5/2 1460/5/2
f 1428/5/2 1429/5/2 1461/5/2
f 1460/4/2 1428/4/2 1461/4/2
f 1429/4/2 1430/4/2 1462/4/2
f 1461/5/2 1429/5/2 1462/5/2
f 1430/5/2 1431/5/2 1463/5/2
f 1462/4/2 1430/4/2 1463/4/2
f 1431/4/2 1432/4/2 1464/4/2
f 1463/5/2 1431/5/2 1464/5/2
f 1433/4/2 1434/4/2 1465/4/2
f 1434/5/2 1435/5/2 1465/5/2
f 1435/4/2 1436/4/2 1466/4/2
f 1465/5/2 1435/5/2 1466/5/2
f 1436/5/2 1437/5/2 1467/5/2
f 1466/4/2 1436/4/2 1467/4/2
f 1437/4/2 1438/4/2 1468/4/2
f 1467/5/2 1437/5/2 1468/5/2
f 1438/5/2 1439/5/2 1469/5/2
f 1468/4/2 1438/4/2 1469/4/2
f 1439/4/2 1440/4/2 1470/4/2
f 1469/5/2 1439/5/2 1470/5/2
f 1440/5/2 1414/5/2 1471/5/2
f 1470/4/2 1440/4/2 1471/4/2
f 1471/5/2 1414/5/2 1472/5/2
f 1415/5/2 1441/5/2 1473/5/2
f 1441/4/2 1442/4/2 1474/4/2
f 1473/5/2 1441/5/2 1474/5/2
f 1442/5/2 1443/5/2 1475/5/2
f 1474/4/2 1442/4/2 1475/4/2
f 1443/4/2 1444/4/2 1476/4/2
f 1475/5/2 1443/5/2 1476/5/2
f 1444/5/2 1445/5/2 1477/5/2
f 1476/4/2 1444/4/2 1477/4/2
f 1445/4/2 1446/4/2 1478/4/2
f 1477/5/2 1445/5/2 1478/5/2
f 1446/5/2 1447/5/2 1479/5/2
f 1478/4/2 1446/4/2 1479/4/2
f 1447/4/2 1448/4/2 1480/4/2
f 1479/5/2 1447/5/2 1480/5/2
f 1453/4/2 1454/4/2 1481/4/2
f 1417/4/2 1449/4/2 1481/4/2
f 1449/4/2 1450/4/2 1481/4/2
f 1450/4/2 1451/4/2 1481/4/2
f 1454/4/2 1455/4/2 1481/4/2
f 1451/4/2 1452/4/2 1481/4/2
f 1452/4/2 1453/4/2 1481/4/2
f 1455/4/2 1456/4/2 1481/4/2
f 1481/4/2 1456/4/2 1482/4/2
f 1462/4/2 1463/4/2 1483/4/2
f 1457/4/2 1458/4/2 1483/4/2
f 1458/4/2 1459/4/2 1483/4/2
f 1459/4/2 1460/4/2 1483/4/2
f 1460/4/2 1461/4/2 1483/4/2
f 1461/4/2 1462/4/2 1483/4/2
f 1463/4/2 1464/4/2 1483/4/2
f 1464/4/2 1432/4/2 1484/4/2
f 1483/4/2 1464/4/2 1484/4/2
f 1469/4/2 1470/4/2 1485/4/2
f 1470/4/2 1471/4/2 1485/4/2
f 1466/4/2 1467/4/2 1485/4/2
f 1465/4/2 1466/4/2 1485/4/2
f 1433/4/2 1465/4/2 1485/4/2
f 1467/4/2 1468/4/2 1485/4/2
f 1471/4/2 1472/4/2 1485/4/2
f 1468/4/2 1469/4/2 1485/4/2
f 1485/4/2 1472/4/2 1486/4/2
f 1478/4/2 1479/4/2 1487/4/2
f 1479/4/2 1480/4/2 1487/4/2
f 1477/4/2 1478/4/2 1487/4/2
f 1476/4/2 1477/4/2 1487/4/2
f 1475/4/2 1476/4/2 1487/4/2
f 1473/4/2 1474/4/2 1487/4/2
f 1474/4/2 1475/4/2 1487/4/2
f 1480/4/2 1448/4/2 1488/4/2
f 1487/4/2 1480/4/2 1488/4/2
f 1489/2/2 1490/2/2 1497/2/2
f 1497/2/2 1490/2/2 1498/2/2
f 1491/2/2 1492/2/2 1499/2/2
f 1499/2/2 1492/2/2 1500/2/2
f 1493/2/2 1494/2/2 1501/2/2
f 1501/2/2 1494/2/2 1502/2/2
f 1495/2/2 1496/2/2 1503/2/2
f 1503/2/2 1496/2/2 1504/2/2
f 1497/1/2 1498/1/2 1505/1/2
f 1505/1/2 1498/1/2 1506/1/2
f 1499/1/2 1500/1/2 1507/1/2
f 1507/1/2 1500/1/2 1508/1/2
f 1501/1/2 1502/1/2 1509/1/2
f 1509/1/2 1502/1/2 1510/1/2
f 1503/1/2 1504/1/2 1511/1/2
f 1511/1/2 1504/1/2 1512/1/2
f 1513/2/2 1514/2/2 1533/2/2
f 1514/3/2 1515/3/2 1533/3/2
f 1515/2/2 1516/2/2 1534/2/2
f 1533/3/2 1515/3/2 1534/3/2
f 1516/3/2 1517/3/2 1535/3/2
f 1534/2/2 1516/2/2 1535/2/2
f 1535/3/2 1517/3/2 1536/3/2
f 1518/3/2 1519/3/2 1537/3/2
f 1519/2/2 1520/2/2 1538/2/2
f 1537/3/2 1519/3/2 1538/3/2
f 1520/3/2 1521/3/2 1539/3/2
f 1538/2/2 1520/2/2 1539/2/2
f 1521/2/2 1522/2/2 1540/2/2
f 1539/3/2 1521/3/2 1540/3/2
f 1523/2/2 1524/2/2 1541/2/2
f 1524/3/2 1525/3/2 1541/3/2
f 1525/2/2 1526/2/2 1542/2/2
f 1541/3/2 1525/3/2 1542/3/2
f 1526/3/2 1527/3/2 1543/3/2
f 1542/2/2 1526/2/2 1543/2/2
f 1543/3/2 1527/3/2 1544/3/2
f 1528/3/2 1529/3/2 1545/3/2
f 1529/2/2 1530/2/2 1546/2/2
f 1545/3/2 1529/3/2 1546/3/2
f 1530/3/2 1531/3/2 1547/3/2
f 1546/2/2 1530/2/2 1547/2/2
f 1531/2/2 1532/2/2 1548/2/2
f 1547/3/2 1531/3/2 1548/3/2
f 1513/2/2 1533/2/2 1549/2/2
f 1533/2/2 1534/2/2 1549/2/2
f 1535/2/2 1536/2/2 1549/2/2
f 1534/2/2 1535/2/2 1549/2/2
f 1549/2/2 1536/2/2 1550/2/2
f 1537/2/2 1538/2/2 1551/2/2
f 1538/2/2 1539/2/2 1551/2/2
f 1539/2/2 1540/2/2 1551/2/2
f 1540/2/2 1522/2/2 1552/2/2
f 1551/2/2 1540/2/2 1552/2/2
f 1542/2/2 1543/2/2 1553/2/2
f 1523/2/2 1541/2/2 1553/2/2
f 1543/2/2 1544/2/2 1553/2/2
f 1541/2/2 1542/2/2 1553/2/2
f 1553/2/2 1544/2/2 1554/2/2
f 1546/2/2 1547/2/2 1555/2/2
f 1545/2/2 1546/2/2 1555/2/2
f 1547/2/2 1548/2/2 1555/2/2
f 1548/2/2 1532/2/2 1556/2/2
f 1555/2/2 1548/2/2 1556/2/2
f 1557/4/2 1558/4/2 1565/4/2
f 1565/4/2 1558/4/2 1566/4/2
f 1566/4/2 1558/4/2 1567/4/2
f 1567/4/2 1558/4/2 1568/4/2
f 1568/4/2 1558/4/2 1569/4/2
f 1569/4/2 1558/4/2 1570/4/2
f 1559/4/2 1560/4/2 1571/4/2
f 1571/4/2 1560/4/2 1572/4/2
f 1572/4/2 1560/4/2 1573/4/2
f 1573/4/2 1560/4/2 1574/4/2
f 1574/4/2 1560/4/2 1575/4/2
f 1575/4/2 1560/4/2 1576/4/2
f 1561/4/2 1562/4/2 1577/4/2
f 1577/4/2 1562/4/2 1578/4/2
f 1578/4/2 1562/4/2 1579/4/2
f 1579/4/2 1562/4/2 1580/4/2
f 1580/4/2 1562/4/2 1581/4/2
f 1581/4/2 1562/4/2 1582/4/2
f 1563/4/2 1564/4/2 1583/4/2
f 1583/4/2 1564/4/2 1584/4/2
f 1584/4/2 1564/4/2 1585/4/2
f 1585/4/2 1564/4/2 1586/4/2
f 1586/4/2 1564/4/2 1587/4/2
f 1587/4/2 1564/4/2 1588/4/2
f 1565/3/2 1566/3/2 1589/3/2
f 1566/4/2 1567/4/2 1589/4/2
f 1567/3/2 1568/3/2 1590/3/2
f 1589/4/2 1567/4/2 1590/4/2
f 1568/4/2 1569/4/2 1591/4/2
f 1590/3/2 1568/3/2 1591/3/2
f 1569/3/2 1570/3/2 1592/3/2
f 1591/4/2 1569/4/2 1592/4/2
f 1570/4/2 1558/4/2 1593/4/2
f 1592/3/2 1570/3/2 1593/3/2
f 1593/4/2 1558/4/2 1594/4/2
f 1559/4/2 1571/4/2 1595/4/2
f 1571/3/2 1572/3/2 1596/3/2
f 1595/4/2 1571/4/2 1596/4/2
f 1572/4/2 1573/4/2 1597/4/2
f 1596/3/2 1572/3/2 1597/3/2
f 1573/3/2 1574/3/2 1598/3/2
f 1597/4/2 1573/4/2 1598/4/2
f 1574/4/2 1575/4/2 1599/4/2
f 1598/3/2 1574/3/2 1599/3/2
f 1575/3/2 1576/3/2 1600/3/2
f 1599/4/2 1575/4/2 1600/4/2
f 1577/3/2 1578/3/2 1601/3/2
f 1578/4/2 1579/4/2 1601/4/2
f 1579/3/2 1580/3/2 1602/3/2
f 1601/4/2 1579/4/2 1602/4/2
f 1580/4/2 1581/4/2 1603/4/2
f 1602/3/2 1580/3/2 1603/3/2
f 1581/3/2 1582/3/2 1604/3/2
f 1603/4/2 1581/4/2 1604/4/2
f 1582/4/2 1562/4/2 1605/4/2
f 1604/3/2 1582/3/2 1605/3/2
f 1605/4/2 1562/4/2 1606/4/2
f 1563/4/2 1583/4/2 1607/4/2
f 1583/3/2 1584/3/2 1608/3/2
f 1607/4/2 1583/4/2 1608/4/2
f 1584/4/2 1585/4/2 1609/4/2
f 1608/3/2 1584/3/2 1609/3/2
f 1585/3/2 1586/3/2 1610/3/2
f 1609/4/2 1585/4/2 1610/4/2
f 1586/4/2 1587/4/2 1611/4/2
f 1610/3/2 1586/3/2 1611/3/2
f 1587/3/2 1588/3/2 1612/3/2
f 1611/4/2 1587/4/2 1612/4/2
f 1591/3/2 1592/3/2 1613/3/2
f 1565/3/2 1589/3/2 1613/3/2
f 1589/3/2 1590/3/2 1613/3/2
f 1590/3/2 1591/3/2 1613/3/2
f 1592/3/2 1593/3/2 1613/3/2
f 1593/3/2 1594/3/2 1613/3/2
f 1613/3/2 1594/3/2 1614/3/2
f 1598/3/2 1599/3/2 1615/3/2
f 1595/3/2 1596/3/2 1615/3/2
f 1596/3/2 1597/3/2 1615/3/2
f 1597/3/2 1598/3/2 1615/3/2
f 1599/3/2 1600/3/2 1615/3/2
f 1600/3/2 1576/3/2 1616/3/2
f 1615/3/2 1600/3/2 1616/3/2
f 1603/3/2 1604/3/2 1617/3/2
f 1604/3/2 1605/3/2 1617/3/2
f 1602/3/2 1603/3/2 1617/3/2
f 1601/3/2 1602/3/2 1617/3/2
f 1577/3/2 1601/3/2 1617/3/2
f 1605/3/2 1606/3/2 1617/3/2
f 1617/3/2 1606/3/2 1618/3/2
f 1610/3/2 1611/3/2 1619/3/2
f 1611/3/2 1612/3/2 1619/3/2
f 1609/3/2 1610/3/2 1619/3/2
f 1608/3/2 1609/3/2 1619/3/2
f 1607/3/2 1608/3/2 1619/3/2
f 1612/3/2 1588/3/2 1620/3/2
f 1619/3/2 1612/3/2 1620/3/2
f 1621/5/2 1622/5/2 1629/5/2
f 1629/5/2 1622/5/2 1630/5/2
f 1630/5/2 1622/5/2 1631/5/2
f 1631/5/2 1622/5/2 1632/5/2
f 1632/5/2 1622/5/2 1633/5/2
f 1633/5/2 1622/5/2 1634/5/2
f 1634/5/2 1622/5/2 1635/5/2
f 1635/5/2 1622/5/2 1636/5/2
f 1623/5/2 1624/5/2 1637/5/2
f 1637/5/2 1624/5/2 1638/5/2
f 1638/5/2 1624/5/2 1639/5/2
f 1639/5/2 1624/5/2 1640/5/2
f 1640/5/2 1624/5/2 1641/5/2
f 1641/5/2 1624/5/2 1642/5/2
f 1642/5/2 1624/5/2 1643/5/2
f 1643/5/2 1624/5/2 1644/5/2
f 1625/5/2 1626/5/2 1645/5/2
f 1645/5/2 1626/5/2 1646/5/2
f 1646/5/2 1626/5/2 1647/5/2
f 1647/5/2 1626/5/2 1648/5/2
f 1648/5/2 1626/5/2 1649/5/2
f 1649/5/2 1626/5/2 1650/5/2
f 1650/5/2 1626/5/2 1651/5/2
f 1651/5/2 1626/5/2 1652/5/2
f 1627/5/2 1628/5/2 1653/5/2
f 1653/5/2 1628/5/2 1654/5/2
f 1654/5/2 1628/5/2 1655/5/2
f 1655/5/2 1628/5/2 1656/5/2
f 1656/5/2 1628/5/2 1657/5/2
f 1657/5/2 1628/5/2 1658/5/2
f 1658/5/2 1628/5/2 1659/5/2
f 1659/5/2 1628/5/2 1660/5/2
f 1621/5/2 1629/5/2 1661/5/2
f 1629/4/2 1630/4/2 1662/4/2
f 1661/5/2 1629/5/2 1662/5/2
f 1630/5/2 1631/5/2 1663/5/2
f 1662/4/2 1630/4/2 1663/4/2
f 1631/4/2 1632/4/2 1664/4/2
f 1663/5/2 1631/5/2 1664/5/2
f 1632/5/2 1633/5/2 1665/5/2
f 1664/4/2 1632/4/2 1665/4/2
f 1633/4/2 1634/4/2 1666/4/2
f 1665/5/2 1633/5/2 1666/5/2
f 1634/5/2 1635/5/2 1667/5/2
f 1666/4/2 1634/4/2 1667/4/2
f 1635/4/2 1636/4/2 1668/4/2
f 1667/5/2 1635/5/2 1668/5/2
f 1637/4/2 1638/4/2 1669/4/2
f 1638/5/2 1639/5/2 1669/5/2
f 1639/4/2 1640/4/2 1670/4/2
f 1669/5/2 1639/5/2 1670/5/2
f 1640/5/2 1641/5/2 1671/5/2
f 1670/4/2 1640/4/2 1671/4/2
f 1641/4/2 1642/4/2 1672/4/2
f 1671/5/2 1641/5/2 1672/5/2
f 1642/5/2 1643/5/2 1673/5/2
f 1672/4/2 1642/4/2 1673/4/2
f 1643/4/2 1644/4/2 1674/4/2
f 1673/5/2 1643/5/2 1674/5/2
f 1644/5/2 1624/5/2 1675/5/2
f 1674/4/2 1644/4/2 1675/4/2
f 1675/5/2 1624/5/2 1676/5/2
f 1625/5/2 1645/5/2 1677/5/2
f 1645/4/2 1646/4/2 1678/4/2
f 1677/5/2 1645/5/2 1678/5/2
f 1646/5/2 1647/5/2 1679/5/2
f 1678/4/2 1646/4/2 1679/4/2
f 1647/4/2 1648/4/2 1680/4/2
f 1679/5/2 1647/5/2 1680/5/2
f 1648/5/2 1649/5/2 1681/5/2
f 1680/4/2 1648/4/2 1681/4/2
f 1649/4/2 1650/4/2 1682/4/2
f 1681/5/2 1649/5/2 1682/5/2
f 1650/5/2 1651/5/2 1683/5/2
f 1682/4/2 1650/4/2 1683/4/2
f 1651/4/2 1652/4/2 1684/4/2
f 1683/5/2 1651/5/2 1684/5/2
f 1653/4/2 1654/4/2 1685/4/2
f 1654/5/2 1655/5/2 1685/5/2
f 1655/4/2 1656/4/2 1686/4/2
f 1685/5/2 1655/5/2 1686/5/2
f 1656/5/2 1657/5/2 1687/5/2
f 1686/4/2 1656/4/2 1687/4/2
f 1657/4/2 1658/4/2 1688/4/2
f 1687/5/2 1657/5/2 1688/5/2
f 1658/5/2 1659/5/2 1689/5/2
f 1688/4/2 1658/4/2 1689/4/2
f 1659/4/2 1660/4/2 1690/4/2
f 1689/5/2 1659/5/2 1690/5/2
f 1660/5/2 1628/5/2 1691/5/2
f 1690/4/2 1660/4/2 1691/4/2
f 1691/5/2 1628/5/2 1692/5/2
f 1666/4/2 1667/4/2 1693/4/2
f 1661/4/2 1662/4/2 1693/4/2
f 1662/4/2 1663/4/2 1693/4/2
f 1663/4/2 1664/4/2 1693/4/2
f 1664/4/2 1665/4/2 1693/4/2
f 1665/4/2 1666/4/2 1693/4/2
f 1667/4/2 1668/4/2 1693/4/2
f 1668/4/2 1636/4/2 1694/4/2
f 1693/4/2 1668/4/2 1694/4/2
f 1673/4/2 1674/4/2 1695/4/2
f 1674/4/2 1675/4/2 1695/4/2
f 1637/4/2 1669/4/2 1695/4/2
f 1669/4/2 1670/4/2 1695/4/2
f 1670/4/2 1671/4/2 1695/4/2
f 1671/4/2 1672/4/2 1695/4/2
f 1672/4/2 1673/4/2 1695/4/2
f 1675/4/2 1676/4/2 1695/4/2
f 1695/4/2 1676/4/2 1696/4/2
f 1682/4/2 1683/4/2 1697/4/2
f 1683/4/2 1684/4/2 1697/4/2
f 1681/4/2 1682/4/2 1697/4/2
f 1679/4/2 1680/4/2 1697/4/2
f 1678/4/2 1679/4/2 1697/4/2
f 1677/4/2 1678/4/2 1697/4/2
f 1680/4/2 1681/4/2 1697/4/2
f 1684/4/2 1652/4/2 1698/4/2
f 1697/4/2 1684/4/2 1698/4/2
f 1689/4/2 1690/4/2 1699/4/2
f 1691/4/2 1692/4/2 1699/4/2
f 1690/4/2 1691/4/2 1699/4/2
f 1685/4/2 1686/4/2 1699/4/2
f 1688/4/2 1689/4/2 1699/4/2
f 1687/4/2 1688/4/2 1699/4/2
f 1653/4/2 1685/4/2 1699/4/2
f 1686/4/2 1687/4/2 1699/4/2
f 1699/4/2 1692/4/2 1700/4/2
f 1701/5/2 1702/5/2 1703/5/2
f 1703/5/2 1702/5/2 1704/5/2
f 1707/5/3 1706/5/3 1705/5/3
f 1708/5/3 1706/5/3 1707/5/3
f 1712/5/3 1710/5/3 1709/5/3
f 1713/4/3 1711/4/3 1710/4/3
f 1713/5/3 1710/5/3 1712/5/3
f 1714/5/3 1712/5/3 1709/5/3
f 1714/4/3 1713/4/3 1712/4/3
f 1715/4/3 1711/4/3 1713/4/3
f 1715/4/3 1713/4/3 1714/4/3
f 1716/5/3 1714/5/3 1709/5/3
f 1716/5/3 1715/5/3 1714/5/3
f 1717/4/3 1711/4/3 1715/4/3
f 1717/5/3 1715/5/3 1716/5/3
f 1718/5/3 1716/5/3 1709/5/3
f 1718/4/3 1717/4/3 1716/4/3
f 1719/4/3 1711/4/3 1717/4/3
f 1719/4/3 1717/4/3 1718/4/3
f 1720/5/3 1718/5/3 1709/5/3
f 1720/5/3 1719/5/3 1718/5/3
f 1721/4/3 1711/4/3 1719/4/3
f 1721/5/3 1719/5/3 1720/5/3
f 1722/5/3 1720/5/3 1709/5/3
f 1722/4/3 1721/4/3 1720/4/3
f 1723/4/3 1711/4/3 1721/4/3
f 1723/4/3 1721/4/3 1722/4/3
f 1724/5/3 1722/5/3 1709/5/3
f 1724/5/3 1723/5/3 1722/5/3
f 1725/4/3 1711/4/3 1723/4/3
f 1725/5/3 1723/5/3 1724/5/3
f 1726/5/3 1724/5/3 1709/5/3
f 1727/4/3 1725/4/3 1724/4/3
f 1727/5/3 1724/5/3 1726/5/3
f 1728/4/3 1711/4/3 1725/4/3
f 1728/4/3 1725/4/3 1727/4/3
f 1732/5/3 1730/5/3 1729/5/3
f 1732/4/3 1731/4/3 1730/4/3
f 1733/4/3 1731/4/3 1732/4/3
f 1734/5/3 1732/5/3 1729/5/3
f 1734/5/3 1733/5/3 1732/5/3
f 1735/4/3 1731/4/3 1733/4/3
f 1735/5/3 1733/5/3 1734/5/3
f 1736/5/3 1734/5/3 1729/5/3
f 1736/4/3 1735/4/3 1734/4/3
f 1737/4/3 1731/4/3 1735/4/3
f 1737/4/3 1735/4/3 1736/4/3
f 1738/5/3 1736/5/3 1729/5/3
f 1738/5/3 1737/5/3 1736/5/3
f 1739/4/3 1731/4/3 1737/4/3
f 1739/5/3 1737/5/3 1738/5/3
f 1740/5/3 1738/5/3 1729/5/3
f 1740/4/3 1739/4/3 1738/4/3
f 1741/4/3 1731/4/3 1739/4/3
f 1741/4/3 1739/4/3 1740/4/3
f 1742/5/3 1740/5/3 1729/5/3
f 1742/5/3 1741/5/3 1740/5/3
f 1743/4/3 1731/4/3 1741/4/3
f 1743/5/3 1741/5/3 1742/5/3
f 1744/5/3 1742/5/3 1729/5/3
f 1744/4/3 1743/4/3 1742/4/3
f 1745/4/3 1731/4/3 1743/4/3
f 1745/4/3 1743/4/3 1744/4/3
f 1746/5/3 1744/5/3 1729/5/3
f 1746/5/3 1745/5/3 1744/5/3
f 1747/4/3 1731/4/3 1745/4/3
f 1747/5/3 1745/5/3 1746/5/3
f 1748/4/3 1731/4/3 1747/4/3
f 1752/5/3 1750/5/3 1749/5/3
f 1753/4/3 1751/4/3 1750/4/3
f 1753/5/3 1750/5/3 1752/5/3
f 1754/5/3 1752/5/3 1749/5/3
f 1754/4/3 1753/4/3 1752/4/3
f 1755/4/3 1751/4/3 1753/4/3
f 1755/4/3 1753/4/3 1754/4/3
f 1756/5/3 1754/5/3 1749/5/3
f 1756/5/3 1755/5/3 1754/5/3
f 1757/4/3 1751/4/3 1755/4/3
f 1757/5/3 1755/5/3 1756/5/3
f 1758/5/3 1756/5/3 1749/5/3
f 1758/4/3 1757/4/3 1756/4/3
f 1759/4/3 1751/4/3 1757/4/3
f 1759/4/3 1757/4/3 1758/4/3
f 1760/5/3 1758/5/3 1749/5/3
f 1760/5/3 1759/5/3 1758/5/3
f 1761/4/3 1751/4/3 1759/4/3
f 1761/5/3 1759/5/3 1760/5/3
f 1762/5/3 1760/5/3 1749/5/3
f 1762/4/3 1761/4/3 1760/4/3
f 1763/4/3 1751/4/3 1761/4/3
f 1763/4/3 1761/4/3 1762/4/3
f 1764/5/3 1762/5/3 1749/5/3
f 1764/5/3 1763/5/3 1762/5/3
f 1765/4/3 1751/4/3 1763/4/3
f 1765/5/3 1763/5/3 1764/5/3
f 1766/5/3 1764/5/3 1749/5/3
f 1767/4/3 1765/4/3 1764/4/3
f 1767/5/3 1764/5/3 1766/5/3
f 1768/4/3 1751/4/3 1765/4/3
f 1768/4/3 1765/4/3 1767/4/3
f 1772/5/3 1770/5/3 1769/5/3
f 1772/4/3 1771/4/3 1770/4/3
f 1773/4/3 1771/4/3 1772/4/3
f 1774/5/3 1772/5/3 1769/5/3
f 1774/5/3 1773/5/3 1772/5/3
f 1775/4/3 1771/4/3 1773/4/3
f 1775/5/3 1773/5/3 1774/5/3
f 1776/5/3 1774/5/3 1769/5/3
f 1776/4/3 1775/4/3 1774/4/3
f 1777/4/3 1771/4/3 1775/4/3
f 1777/4/3 1775/4/3 1776/4/3
f 1778/5/3 1776/5/3 1769/5/3
f 1778/5/3 1777/5/3 1776/5/3
f 1779/4/3 1771/4/3 1777/4/3
f 1779/5/3 1777/5/3 1778/5/3
f 1780/5/3 1778/5/3 1769/5/3
f 1780/4/3 1779/4/3 1778/4/3
f 1781/4/3 1771/4/3 1779/4/3
f 1781/4/3 1779/4/3 1780/4/3
f 1782/5/3 1780/5/3 1769/5/3
f 1782/5/3 1781/5/3 1780/5/3
f 1783/4/3 1771/4/3 1781/4/3
f 1783/5/3 1781/5/3 1782/5/3
f 1784/5/3 1782/5/3 1769/5/3
f 1784/4/3 1783/4/3 1782/4/3
f 1785/4/3 1771/4/3 1783/4/3
f 1785/4/3 1783/4/3 1784/4/3
f 1786/5/3 1784/5/3 1769/5/3
f 1786/5/3 1785/5/3 1784/5/3
f 1787/4/3 1771/4/3 1785/4/3
f 1787/5/3 1785/5/3 1786/5/3
f 1788/4/3 1771/4/3 1787/4/3
f 1792/4/3 1790/4/3 1789/4/3
f 1792/3/3 1791/3/3 1790/3/3
f 1793/3/3 1791/3/3 1792/3/3
f 1794/4/3 1792/4/3 1789/4/3
f 1794/4/3 1793/4/3 1792/4/3
f 1795/3/3 1791/3/3 1793/3/3
f 1795/4/3 1793/4/3 1794/4/3
f 1796/4/3 1794/4/3 1789/4/3
f 1796/3/3 1795/3/3 1794/3/3
f 1797/3/3 1791/3/3 1795/3/3
f 1797/3/3 1795/3/3 1796/3/3
f 1798/4/3 1796/4/3 1789/4/3
f 1798/4/3 1797/4/3 1796/4/3
f 1799/3/3 1791/3/3 1797/3/3
f 1799/4/3 1797/4/3 1798/4/3
f 1800/4/3 1798/4/3 1789/4/3
f 1800/3/3 1799/3/3 1798/3/3
f 1801/3/3 1791/3/3 1799/3/3
f 1801/3/3 1799/3/3 1800/3/3
f 1802/4/3 1800/4/3 1789/4/3
f 1802/4/3 1801/4/3 1800/4/3
f 1803/3/3 1791/3/3 1801/3/3
f 1803/4/3 1801/4/3 1802/4/3
f 1804/3/3 1791/3/3 1803/3/3
f 1808/4/3 1806/4/3 1805/4/3
f 1809/3/3 1807/3/3 1806/3/3
f 1809/4/3 1806/4/3 1808/4/3
f 1810/4/3 1808/4/3 1805/4/3
f 1810/3/3 1809/3/3 1808/3/3
f 1811/3/3 1807/3/3 1809/3/3
f 1811/3/3 1809/3/3 1810/3/3
f 1812/4/3 1810/4/3 1805/4/3
f 1812/4/3 1811/4/3 1810/4/3
f 1813/3/3 1807/3/3 1811/3/3
f 1813/4/3 1811/4/3 1812/4/3
f 1814/4/3 1812/4/3 1805/4/3
f 1814/3/3 1813/3/3 1812/3/3
f 1815/3/3 1807/3/3 1813/3/3
f 1815/3/3 1813/3/3 1814/3/3
f 1816/4/3 1814/4/3 1805/4/3
f 1816/4/3 1815/4/3 1814/4/3
f 1817/3/3 1807/3/3 1815/3/3
f 1817/4/3 1815/4/3 1816/4/3
f 1818/4/3 1816/4/3 1805/4/3
f 1819/3/3 1817/3/3 1816/3/3
f 1819/4/3 1816/4/3 1818/4/3
f 1820/3/3 1807/3/3 1817/3/3
f 1820/3/3 1817/3/3 1819/3/3
f 1824/4/3 1822/4/3 1821/4/3
f 1824/3/3 1823/3/3 1822/3/3
f 1825/3/3 1823/3/3 1824/3/3
f 1826/4/3 1824/4/3 1821/4/3
f 1826/4/3 1825/4/3 1824/4/3
f 1827/3/3 1823/3/3 1825/3/3
f 1827/4/3 1825/4/3 1826/4/3
f 1828/4/3 1826/4/3 1821/4/3
f 1828/3/3 1827/3/3 1826/3/3
f 1829/3/3 1823/3/3 1827/3/3
f 1829/3/3 1827/3/3 1828/3/3
f 1830/4/3 1828/4/3 1821/4/3
f 1830/4/3 1829/4/3 1828/4/3
f 1831/3/3 1823/3/3 1829/3/3
f 1831/4/3 1829/4/3 1830/4/3
f 1832/4/3 1830/4/3 1821/4/3
f 1832/3/3 1831/3/3 1830/3/3
f 1833/3/3 1823/3/3 1831/3/3
f 1833/3/3 1831/3/3 1832/3/3
f 1834/4/3 1832/4/3 1821/4/3
f 1834/4/3 1833/4/3 1832/4/3
f 1835/3/3 1823/3/3 1833/3/3
f 1835/4/3 1833/4/3 1834/4/3
f 1836/3/3 1823/3/3 1835/3/3
f 1840/4/3 1838/4/3 1837/4/3
f 1841/3/3 1839/3/3 1838/3/3
f 1841/4/3 1838/4/3 1840/4/3
f 1842/4/3 1840/4/3 1837/4/3
f 1842/3/3 1841/3/3 1840/3/3
f 1843/3/3 1839/3/3 1841/3/3
f 1843/3/3 1841/3/3 1842/3/3
f 1844/4/3 1842/4/3 1837/4/3
f 1844/4/3 1843/4/3 1842/4/3
f 1845/3/3 1839/3/3 1843/3/3
f 1845/4/3 1843/4/3 1844/4/3
f 1846/4/3 1844/4/3 1837/4/3
f 1846/3/3 1845/3/3 1844/3/3
f 1847/3/3 1839/3/3 1845/3/3
f 1847/3/3 1845/3/3 1846/3/3
f 1848/4/3 1846/4/3 1837/4/3
f 1848/4/3 1847/4/3 1846/4/3
f 1849/3/3 1839/3/3 1847/3/3
f 1849/4/3 1847/4/3 1848/4/3
f 1850/4/3 1848/4/3 1837/4/3
f 1851/3/3 1849/3/3 1848/3/3
f 1851/4/3 1848/4/3 1850/4/3
f 1852/3/3 1839/3/3 1849/3/3
f 1852/3/3 1849/3/3 1851/3/3
f 1855/2/3 1854/2/3 1853/2/3
f 1856/2/3 1854/2/3 1855/2/3
f 1857/3/3 1856/3/3 1855/3/3
f 1858/2/3 1854/2/3 1856/2/3
f 1858/3/3 1856/3/3 1857/3/3
f 1859/2/3 1858/2/3 1857/2/3
f 1860/2/3 1854/2/3 1858/2/3
f 1860/2/3 1858/2/3 1859/2/3
f 1861/3/3 1860/3/3 1859/3/3
f 1862/2/3 1854/2/3 1860/2/3
f 1862/3/3 1860/3/3 1861/3/3
f 1863/2/3 1854/2/3 1862/2/3
f 1867/3/3 1865/3/3 1864/3/3
f 1868/2/3 1866/2/3 1865/2/3
f 1868/3/3 1865/3/3 1867/3/3
f 1869/2/3 1868/2/3 1867/2/3
f 1870/2/3 1866/2/3 1868/2/3
f 1870/2/3 1868/2/3 1869/2/3
f 1871/3/3 1870/3/3 1869/3/3
f 1872/2/3 1866/2/3 1870/2/3
f 1872/3/3 1870/3/3 1871/3/3
f 1873/2/3 1872/2/3 1871/2/3
f 1874/2/3 1866/2/3 1872/2/3
f 1874/2/3 1872/2/3 1873/2/3
f 1877/2/3 1876/2/3 1875/2/3
f 1878/2/3 1876/2/3 1877/2/3
f 1879/3/3 1878/3/3 1877/3/3
f 1880/2/3 1876/2/3 1878/2/3
f 1880/3/3 1878/3/3 1879/3/3
f 1881/2/3 1880/2/3 1879/2/3
f 1882/2/3 1876/2/3 1880/2/3
f 1882/2/3 1880/2/3 1881/2/3
f 1883/3/3 1882/3/3 1881/3/3
f 1884/2/3 1876/2/3 1882/2/3
f 1884/3/3 1882/3/3 1883/3/3
f 1885/2/3 1876/2/3 1884/2/3
f 1889/3/3 1887/3/3 1886/3/3
f 1890/2/3 1888/2/3 1887/2/3
f 1890/3/3 1887/3/3 1889/3/3
f 1891/2/3 1890/2/3 1889/2/3
f 1892/2/3 1888/2/3 1890/2/3
f 1892/2/3 1890/2/3 1891/2/3
f 1893/3/3 1892/3/3 1891/3/3
f 1894/2/3 1888/2/3 1892/2/3
f 1894/3/3 1892/3/3 1893/3/3
f 1895/2/3 1894/2/3 1893/2/3
f 1896/2/3 1888/2/3 1894/2/3
f 1896/2/3 1894/2/3 1895/2/3
f 1900/2/3 1898/2/3 1897/2/3
f 1901/1/3 1899/1/3 1898/1/3
f 1901/2/3 1898/2/3 1900/2/3
f 1902/1/3 1899/1/3 1901/1/3
f 1906/2/3 1904/2/3 1903/2/3
f 1907/1/3 1905/1/3 1904/1/3
f 1907/2/3 1904/2/3 1906/2/3
f 1908/1/3 1905/1/3 1907/1/3
f 1912/2/3 1910/2/3 1909/2/3
f 1913/1/3 1911/1/3 1910/1/3
f 1913/2/3 1910/2/3 1912/2/3
f 1914/1/3 1911/1/3 1913/1/3
f 1918/2/3 1916/2/3 1915/2/3
f 1919/1/3 1917/1/3 1916/1/3
f 1919/2/3 1916/2/3 1918/2/3
f 1920/1/3 1917/1/3 1919/1/3
f 1924/5/3 1922/5/3 1921/5/3
f 1924/4/3 1923/4/3 1922/4/3
f 1925/4/3 1923/4/3 1924/4/3
f 1926/5/3 1924/5/3 1921/5/3
f 1926/5/3 1925/5/3 1924/5/3
f 1927/4/3 1923/4/3 1925/4/3
f 1927/5/3 1925/5/3 1926/5/3
f 1928/5/3 1926/5/3 1921/5/3
f 1928/4/3 1927/4/3 1926/4/3
f 1929/4/3 1923/4/3 1927/4/3
f 1929/4/3 1927/4/3 1928/4/3
f 1930/5/3 1928/5/3 1921/5/3
f 1930/5/3 1929/5/3 1928/5/3
f 1931/4/3 1923/4/3 1929/4/3
f 1931/5/3 1929/5/3 1930/5/3
f 1932/5/3 1930/5/3 1921/5/3
f 1932/4/3 1931/4/3 1930/4/3
f 1933/4/3 1923/4/3 1931/4/3
f 1933/4/3 1931/4/3 1932/4/3
f 1934/5/3 1932/5/3 1921/5/3
f 1934/5/3 1933/5/3 1932/5/3
f 1935/4/3 1923/4/3 1933/4/3
f 1935/5/3 1933/5/3 1934/5/3
f 1936/5/3 1934/5/3 1921/5/3
f 1936/4/3 1935/4/3 1934/4/3
f 1937/4/3 1923/4/3 1935/4/3
f 1937/4/3 1935/4/3 1936/4/3
f 1938/5/3 1936/5/3 1921/5/3
f 1938/5/3 1937/5/3 1936/5/3
f 1939/4/3 1923/4/3 1937/4/3
f 1939/5/3 1937/5/3 1938/5/3
f 1940/4/3 1923/4/3 1939/4/3
f 1944/5/3 1942/5/3 1941/5/3
f 1945/4/3 1943/4/3 1942/4/3
f 1945/5/3 1942/5/3 1944/5/3
f 1946/5/3 1944/5/3 1941/5/3
f 1946/4/3 1945/4/3 1944/4/3
f 1947/4/3 1943/4/3 1945/4/3
f 1947/4/3 1945/4/3 1946/4/3
f 1948/5/3 1946/5/3 1941/5/3
f 1948/5/3 1947/5/3 1946/5/3
f 1949/4/3 1943/4/3 1947/4/3
f 1949/5/3 1947/5/3 1948/5/3
f 1950/5/3 1948/5/3 1941/5/3
f 1950/4/3 1949/4/3 1948/4/3
f 1951/4/3 1943/4/3 1949/4/3
f 1951/4/3 1949/4/3 1950/4/3
f 1952/5/3 1950/5/3 1941/5/3
f 1952/5/3 1951/5/3 1950/5/3
f 1953/4/3 1943/4/3 1951/4/3
f 1953/5/3 1951/5/3 1952/5/3
f 1954/5/3 1952/5/3 1941/5/3
f 1954/4/3 1953/4/3 1952/4/3
f 1955/4/3 1943/4/3 1953/4/3
f 1955/4/3 1953/4/3 1954/4/3
f 1956/5/3 1954/5/3 1941/5/3
f 1956/5/3 1955/5/3 1954/5/3
f 1957/4/3 1943/4/3 1955/4/3
f 1957/5/3 1955/5/3 1956/5/3
f 1958/5/3 1956/5/3 1941/5/3
f 1959/4/3 1957/4/3 1956/4/3
f 1959/5/3 1956/5/3 1958/5/3
f 1960/4/3 1943/4/3 1957/4/3
f 1960/4/3 1957/4/3 1959/4/3
f 1964/5/3 1962/5/3 1961/5/3
f 1964/4/3 1963/4/3 1962/4/3
f 1965/4/3 1963/4/3 1964/4/3
f 1966/5/3 1964/5/3 1961/5/3
f 1966/5/3 1965/5/3 1964/5/3
f 1967/4/3 1963/4/3 1965/4/3
f 1967/5/3 1965/5/3 1966/5/3
f 1968/5/3 1966/5/3 1961/5/3
f 1968/4/3 1967/4/3 1966/4/3
f 1969/4/3 1963/4/3 1967/4/3
f 1969/4/3 1967/4/3 1968/4/3
f 1970/5/3 1968/5/3 1961/5/3
f 1970/5/3 1969/5/3 1968/5/3
f 1971/4/3 1963/4/3 1969/4/3
f 1971/5/3 1969/5/3 1970/5/3
f 1972/5/3 1970/5/3 1961/5/3
f 1972/4/3 1971/4/3 1970/4/3
f 1973/4/3 1963/4/3 1971/4/3
f 1973/4/3 1971/4/3 1972/4/3
f 1974/5/3 1972/5/3 1961/5/3
f 1974/5/3 1973/5/3 1972/5/3
f 1975/4/3 1963/4/3 1973/4/3
f 1975/5/3 1973/5/3 1974/5/3
f 1976/5/3 1974/5/3 1961/5/3
f 1976/4/3 1975/4/3 1974/4/3
f 1977/4/3 1963/4/3 1975/4/3
f 1977/4/3 1975/4/3 1976/4/3
f 1978/5/3 1976/5/3 1961/5/3
f 1978/5/3 1977/5/3 1976/5/3
f 1979/4/3 1963/4/3 1977/4/3
f 1979/5/3 1977/5/3 1978/5/3
f 1980/4/3 1963/4/3 1979/4/3
f 1984/5/3 1982/5/3 1981/5/3
f 1985/4/3 1983/4/3 1982/4/3
f 1985/5/3 1982/5/3 1984/5/3
f 1986/5/3 1984/5/3 1981/5/3
f 1986/4/3 1985/4/3 1984/4/3
f 1987/4/3 1983/4/3 1985/4/3
f 1987/4/3 1985/4/3 1986/4/3
f 1988/5/3 1986/5/3 1981/5/3
f 1988/5/3 1987/5/3 1986/5/3
f 1989/4/3 1983/4/3 1987/4/3
f 1989/5/3 1987/5/3 1988/5/3
f 1990/5/3 1988/5/3 1981/5/3
f 1990/4/3 1989/4/3 1988/4/3
f 1991/4/3 1983/4/3 1989/4/3
f 1991/4/3 1989/4/3 1990/4/3
f 1992/5/3 1990/5/3 1981/5/3
f 1992/5/3 1991/5/3 1990/5/3
f 1993/4/3 1983/4/3 1991/4/3
f 1993/5/3 1991/5/3 1992/5/3
f 1994/5/3 1992/5/3 1981/5/3
f 1994/4/3 1993/4/3 1992/4/3
f 1995/4/3 1983/4/3 1993/4/3
f 1995/4/3 1993/4/3 1994/4/3
f 1996/5/3 1994/5/3 1981/5/3
f 1996/5/3 1995/5/3 1994/5/3
f 1997/4/3 1983/4/3 1995/4/3
f 1997/5/3 1995/5/3 1996/5/3
f 1998/5/3 1996/5/3 1981/5/3
f 1999/4/3 1997/4/3 1996/4/3
f 1999/5/3 1996/5/3 1998/5/3
f 2000/4/3 1983/4/3 1997/4/3
f 2000/4/3 1997/4/3 1999/4/3
f 2004/4/3 2002/4/3 2001/4/3
f 2005/3/3 2003/3/3 2002/3/3
f 2005/4/3 2002/4/3 2004/4/3
f 2006/4/3 2004/4/3 2001/4/3
f 2006/3/3 2005/3/3 2004/3/3
f 2007/3/3 2003/3/3 2005/3/3
f 2007/3/3 2005/3/3 2006/3/3
f 2008/4/3 2006/4/3 2001/4/3
f 2008/4/3 2007/4/3 2006/4/3
f 2009/3/3 2003/3/3 2007/3/3
f 2009/4/3 2007/4/3 2008/4/3
f 2010/4/3 2008/4/3 2001/4/3
f 2010/3/3 2009/3/3 2008/3/3
f 2011/3/3 2003/3/3 2009/3/3
f 2011/3/3 2009/3/3 2010/3/3
f 2012/4/3 2010/4/3 2001/4/3
f 2012/4/3 2011/4/3 2010/4/3
f 2013/3/3 2003/3/3 2011/3/3
f 2013/4/3 2011/4/3 2012/4/3
f 2014/4/3 2012/4/3 2001/4/3
f 2015/3/3 2013/3/3 2012/3/3
f 2015/4/3 2012/4/3 2014/4/3
f 2016/3/3 2003/3/3 2013/3/3
f 2016/3/3 2013/3/3 2015/3/3
f 2020/4/3 2018/4/3 2017/4/3
f 2020/3/3 2019/3/3 2018/3/3
f 2021/3/3 2019/3/3 2020/3/3
f 2022/4/3 2020/4/3 2017/4/3
f 2022/4/3 2021/4/3 2020/4/3
f 2023/3/3 2019/3/3 2021/3/3
f 2023/4/3 2021/4/3 2022/4/3
f 2024/4/3 2022/4/3 2017/4/3
f 2024/3/3 2023/3/3 2022/3/3
f 2025/3/3 2019/3/3 2023/3/3
f 2025/3/3 2023/3/3 2024/3/3
f 2026/4/3 2024/4/3 2017/4/3
f 2026/4/3 2025/4/3 2024/4/3
f 2027/3/3 2019/3/3 2025/3/3
f 2027/4/3 2025/4/3 2026/4/3
f 2028/4/3 2026/4/3 2017/4/3
f 2028/3/3 2027/3/3 2026/3/3
f 2029/3/3 2019/3/3 2027/3/3
f 2029/3/3 2027/3/3 2028/3/3
f 2030/4/3 2028/4/3 2017/4/3
f 2030/4/3 2029/4/3 2028/4/3
f 2031/3/3 2019/3/3 2029/3/3
f 2031/4/3 2029/4/3 2030/4/3
f 2032/3/3 2019/3/3 2031/3/3
f 2036/4/3 2034/4/3 2033/4/3
f 2037/3/3 2035/3/3 2034/3/3
f 2037/4/3 2034/4/3 2036/4/3
f 2038/4/3 2036/4/3 2033/4/3
f 2038/3/3 2037/3/3 2036/3/3
f 2039/3/3 2035/3/3 2037/3/3
f 2039/3/3 2037/3/3 2038/3/3
f 2040/4/3 2038/4/3 2033/4/3
f 2040/4/3 2039/4/3 2038/4/3
f 2041/3/3 2035/3/3 2039/3/3
f 2041/4/3 2039/4/3 2040/4/3
f 2042/4/3 2040/4/3 2033/4/3
f 2042/3/3 2041/3/3 2040/3/3
f 2043/3/3 2035/3/3 2041/3/3
f 2043/3/3 2041/3/3 2042/3/3
f 2044/4/3 2042/4/3 2033/4/3
f 2044/4/3 2043/4/3 2042/4/3
f 2045/3/3 2035/3/3 2043/3/3
f 2045/4/3 2043/4/3 2044/4/3
f 2046/4/3 2044/4/3 2033/4/3
f 2047/3/3 2045/3/3 2044/3/3
f 2047/4/3 2044/4/3 2046/4/3
f 2048/3/3 2035/3/3 2045/3/3
f 2048/3/3 2045/3/3 2047/3/3
f 2052/4/3 2050/4/3 2049/4/3
f 2052/3/3 2051/3/3 2050/3/3
f 2053/3/3 2051/3/3 2052/3/3
f 2054/4/3 2052/4/3 2049/4/3
f 2054/4/3 2053/4/3 2052/4/3
f 2055/3/3 2051/3/3 2053/3/3
f 2055/4/3 2053/4/3 2054/4/3
f 2056/4/3 2054/4/3 2049/4/3
f 2056/3/3 2055/3/3 2054/3/3
f 2057/3/3 2051/3/3 2055/3/3
f 2057/3/3 2055/3/3 2056/3/3
f 2058/4/3 2056/4/3 2049/4/3
f 2058/4/3 2057/4/3 2056/4/3
f 2059/3/3 2051/3/3 2057/3/3
f 2059/4/3 2057/4/3 2058/4/3
f 2060/4/3 2058/4/3 2049/4/3
f 2060/3/3 2059/3/3 2058/3/3
f 2061/3/3 2051/3/3 2059/3/3
f 2061/3/3 2059/3/3 2060/3/3
f 2062/4/3 2060/4/3 2049/4/3
f 2062/4/3 2061/4/3 2060/4/3
f 2063/3/3 2051/3/3 2061/3/3
f 2063/4/3 2061/4/3 2062/4/3
f 2064/3/3 2051/3/3 2063/3/3
f 2068/3/3 2066/3/3 2065/3/3
f 2069/2/3 2067/2/3 2066/2/3
f 2069/3/3 2066/3/3 2068/3/3
f 2070/2/3 2069/2/3 2068/2/3
f 2071/2/3 2067/2/3 2069/2/3
f 2071/2/3 2069/2/3 2070/2/3
f 2072/3/3 2071/3/3 2070/3/3
f 2073/2/3 2067/2/3 2071/2/3
f 2073/3/3 2071/3/3 2072/3/3
f 2074/2/3 2073/2/3 2072/2/3
f 2075/2/3 2067/2/3 2073/2/3
f 2075/2/3 2073/2/3 2074/2/3
f 2078/2/3 2077/2/3 2076/2/3
f 2079/2/3 2077/2/3 2078/2/3
f 2080/3/3 2079/3/3 2078/3/3
f 2081/2/3 2077/2/3 2079/2/3
f 2081/3/3 2079/3/3 2080/3/3
f 2082/2/3 2081/2/3 2080/2/3
f 2083/2/3 2077/2/3 2081/2/3
f 2083/2/3 2081/2/3 2082/2/3
f 2084/3/3 2083/3/3 2082/3/3
f 2085/2/3 2077/2/3 2083/2/3
f 2085/3/3 2083/3/3 2084/3/3
f 2086/2/3 2077/2/3 2085/2/3
f 2090/3/3 2088/3/3 2087/3/3
f 2091/2/3 2089/2/3 2088/2/3
f 2091/3/3 2088/3/3 2090/3/3
f 2092/2/3 2091/2/3 2090/2/3
f 2093/2/3 2089/2/3 2091/2/3
f 2093/2/3 2091/2/3 2092/2/3
f 2094/3/3 2093/3/3 2092/3/3
f 2095/2/3 2089/2/3 2093/2/3
f 2095/3/3 2093/3/3 2094/3/3
f 2096/2/3 2095/2/3 2094/2/3
f 2097/2/3 2089/2/3 2095/2/3
f 2097/2/3 2095/2/3 2096/2/3
f 2100/2/3 2099/2/3 2098/2/3
f 2101/2/3 2099/2/3 2100/2/3
f 2102/3/3 2101/3/3 2100/3/3
f 2103/2/3 2099/2/3 2101/2/3
f 2103/3/3 2101/3/3 2102/3/3
f 2104/2/3 2103/2/3 2102/2/3
f 2105/2/3 2099/2/3 2103/2/3
f 2105/2/3 2103/2/3 2104/2/3
f 2106/3/3 2105/3/3 2104/3/3
f 2107/2/3 2099/2/3 2105/2/3
f 2107/3/3 2105/3/3 2106/3/3
f 2108/2/3 2099/2/3 2107/2/3
f 2112/2/3 2110/2/3 2109/2/3
f 2113/1/3 2111/1/3 2110/1/3
f 2113/2/3 2110/2/3 2112/2/3
f 2114/1/3 2111/1/3 2113/1/3
f 2118/2/3 2116/2/3 2115/2/3
f 2119/1/3 2117/1/3 2116/1/3
f 2119/2/3 2116/2/3 2118/2/3
f 2120/1/3 2117/1/3 2119/1/3
f 2124/2/3 2122/2/3 2121/2/3
f 2125/1/3 2123/1/3 2122/1/3
f 2125/2/3 2122/2/3 2124/2/3
f 2126/1/3 2123/1/3 2125/1/3
f 2130/2/3 2128/2/3 2127/2/3
f 2131/1/3 2129/1/3 2128/1/3
f 2131/2/3 2128/2/3 2130/2/3
f 2132/1/3 2129/1/3 2131/1/3
f 2136/5/3 2134/5/3 2133/5/3
f 2137/4/3 2135/4/3 2134/4/3
f 2137/5/3 2134/5/3 2136/5/3
f 2138/5/3 2136/5/3 2133/5/3
f 2138/4/3 2137/4/3 2136/4/3
f 2139/4/3 2135/4/3 2137/4/3
f 2139/4/3 2137/4/3 2138/4/3
f 2140/5/3 2138/5/3 2133/5/3
f 2140/5/3 2139/5/3 2138/5/3
f 2141/4/3 2135/4/3 2139/4/3
f 2141/5/3 2139/5/3 2140/5/3
f 2142/5/3 2140/5/3 2133/5/3
f 2142/4/3 2141/4/3 2140/4/3
f 2143/4/3 2135/4/3 2141/4/3
f 2143/4/3 2141/4/3 2142/4/3
f 2144/5/3 2142/5/3 2133/5/3
f 2144/5/3 2143/5/3 2142/5/3
f 2145/4/3 2135/4/3 2143/4/3
f 2145/5/3 2143/5/3 2144/5/3
f 2146/5/3 2144/5/3 2133/5/3
f 2146/4/3 2145/4/3 2144/4/3
f 2147/4/3 2135/4/3 2145/4/3
f 2147/4/3 2145/4/3 2146/4/3
f 2148/5/3 2146/5/3 2133/5/3
f 2148/5/3 2147/5/3 2146/5/3
f 2149/4/3 2135/4/3 2147/4/3
f 2149/5/3 2147/5/3 2148/5/3
f 2150/5/3 2148/5/3 2133/5/3
f 2151/4/3 2149/4/3 2148/4/3
f 2151/5/3 2148/5/3 2150/5/3
f 2152/4/3 2135/4/3 2149/4/3
f 2152/4/3 2149/4/3 2151/4/3
f 2156/5/3 2154/5/3 2153/5/3
f 2156/4/3 2155/4/3 2154/4/3
f 2157/4/3 2155/4/3 2156/4/3
f 2158/5/3 2156/5/3 2153/5/3
f 2158/5/3 2157/5/3 2156/5/3
f 2159/4/3 2155/4/3 2157/4/3
f 2159/5/3 2157/5/3 2158/5/3
f 2160/5/3 2158/5/3 2153/5/3
f 2160/4/3 2159/4/3 2158/4/3
f 2161/4/3 2155/4/3 2159/4/3
f 2161/4/3 2159/4/3 2160/4/3
f 2162/5/3 2160/5/3 2153/5/3
f 2162/5/3 2161/5/3 2160/5/3
f 2163/4/3 2155/4/3 2161/4/3
f 2163/5/3 2161/5/3 2162/5/3
f 2164/5/3 2162/5/3 2153/5/3
f 2164/4/3 2163/4/3 2162/4/3
f 2165/4/3 2155/4/3 2163/4/3
f 2165/4/3 2163/4/3 2164/4/3
f 2166/5/3 2164/5/3 2153/5/3
f 2166/5/3 2165/5/3 2164/5/3
f 2167/4/3 2155/4/3 2165/4/3
f 2167/5/3 2165/5/3 2166/5/3
f 2168/5/3 2166/5/3 2153/5/3
f 2168/4/3 2167/4/3 2166/4/3
f 2169/4/3 2155/4/3 2167/4/3
f 2169/4/3 2167/4/3 2168/4/3
f 2170/5/3 2168/5/3 2153/5/3
f 2170/5/3 2169/5/3 2168/5/3
f 2171/4/3 2155/4/3 2169/4/3
f 2171/5/3 2169/5/3 2170/5/3
f 2172/4/3 2155/4/3 2171/4/3
f 2176/5/3 2174/5/3 2173/5/3
f 2177/4/3 2175/4/3 2174/4/3
f 2177/5/3 2174/5/3 2176/5/3
f 2178/5/3 2176/5/3 2173/5/3
f 2178/4/3 2177/4/3 2176/4/3
f 2179/4/3 2175/4/3 2177/4/3
f 2179/4/3 2177/4/3 2178/4/3
f 2180/5/3 2178/5/3 2173/5/3
f 2180/5/3 2179/5/3 2178/5/3
f 2181/4/3 2175/4/3 2179/4/3
f 2181/5/3 2179/5/3 2180/5/3
f 2182/5/3 2180/5/3 2173/5/3
f 2182/4/3 2181/4/3 2180/4/3
f 2183/4/3 2175/4/3 2181/4/3
f 2183/4/3 2181/4/3 2182/4/3
f 2184/5/3 2182/5/3 2173/5/3
f 2184/5/3 2183/5/3 2182/5/3
f 2185/4/3 2175/4/3 2183/4/3
f 2185/5/3 2183/5/3 2184/5/3
f 2186/5/3 2184/5/3 2173/5/3
f 2186/4/3 2185/4/3 2184/4/3
f 2187/4/3 2175/4/3 2185/4/3
f 2187/4/3 2185/4/3 2186/4/3
f 2188/5/3 2186/5/3 2173/5/3
f 2188/5/3 2187/5/3 2186/5/3
f 2189/4/3 2175/4/3 2187/4/3
f 2189/5/3 2187/5/3 2188/5/3
f 2190/5/3 2188/5/3 2173/5/3
f 2191/4/3 2189/4/3 2188/4/3
f 2191/5/3 2188/5/3 2190/5/3
f 2192/4/3 2175/4/3 2189/4/3
f 2192/4/3 2189/4/3 2191/4/3
f 2196/5/3 2194/5/3 2193/5/3
f 2196/4/3 2195/4/3 2194/4/3
f 2197/4/3 2195/4/3 2196/4/3
f 2198/5/3 2196/5/3 2193/5/3
f 2198/5/3 2197/5/3 2196/5/3
f 2199/4/3 2195/4/3 2197/4/3
f 2199/5/3 2197/5/3 2198/5/3
f 2200/5/3 2198/5/3 2193/5/3
f 2200/4/3 2199/4/3 2198/4/3
f 2201/4/3 2195/4/3 2199/4/3
f 2201/4/3 2199/4/3 2200/4/3
f 2202/5/3 2200/5/3 2193/5/3
f 2202/5/3 2201/5/3 2200/5/3
f 2203/4/3 2195/4/3 2201/4/3
f 2203/5/3 2201/5/3 2202/5/3
f 2204/5/3 2202/5/3 2193/5/3
f 2204/4/3 2203/4/3 2202/4/3
f 2205/4/3 2195/4/3 2203/4/3
f 2205/4/3 2203/4/3 2204/4/3
f 2206/5/3 2204/5/3 2193/5/3
f 2206/5/3 2205/5/3 2204/5/3
f 2207/4/3 2195/4/3 2205/4/3
f 2207/5/3 2205/5/3 2206/5/3
f 2208/5/3 2206/5/3 2193/5/3
f 2208/4/3 2207/4/3 2206/4/3
f 2209/4/3 2195/4/3 2207/4/3
f 2209/4/3 2207/4/3 2208/4/3
f 2210/5/3 2208/5/3 2193/5/3
f 2210/5/3 2209/5/3 2208/5/3
f 2211/4/3 2195/4/3 2209/4/3
f 2211/5/3 2209/5/3 2210/5/3
f 2212/4/3 2195/4/3 2211/4/3
f 2216/4/3 2214/4/3 2213/4/3
f 2216/3/3 2215/3/3 2214/3/3
f 2217/3/3 2215/3/3 2216/3/3
f 2218/4/3 2216/4/3 2213/4/3
f 2218/4/3 2217/4/3 2216/4/3
f 2219/3/3 2215/3/3 2217/3/3
f 2219/4/3 2217/4/3 2218/4/3
f 2220/4/3 2218/4/3 2213/4/3
f 2220/3/3 2219/3/3 2218/3/3
f 2221/3/3 2215/3/3 2219/3/3
f 2221/3/3 2219/3/3 2220/3/3
f 2222/4/3 2220/4/3 2213/4/3
f 2222/4/3 2221/4/3 2220/4/3
f 2223/3/3 2215/3/3 2221/3/3
f 2223/4/3 2221/4/3 2222/4/3
f 2224/4/3 2222/4/3 2213/4/3
f 2224/3/3 2223/3/3 2222/3/3
f 2225/3/3 2215/3/3 2223/3/3
f 2225/3/3 2223/3/3 2224/3/3
f 2226/4/3 2224/4/3 2213/4/3
f 2226/4/3 2225/4/3 2224/4/3
f 2227/3/3 2215/3/3 2225/3/3
f 2227/4/3 2225/4/3 2226/4/3
f 2228/3/3 2215/3/3 2227/3/3
f 2232/4/3 2230/4/3 2229/4/3
f 2233/3/3 2231/3/3 2230/3/3
f 2233/4/3 2230/4/3 2232/4/3
f 2234/4/3 2232/4/3 2229/4/3
f 2234/3/3 2233/3/3 2232/3/3
f 2235/3/3 2231/3/3 2233/3/3
f 2235/3/3 2233/3/3 2234/3/3
f 2236/4/3 2234/4/3 2229/4/3
f 2236/4/3 2235/4/3 2234/4/3
f 2237/3/3 2231/3/3 2235/3/3
f 2237/4/3 2235/4/3 2236/4/3
f 2238/4/3 2236/4/3 2229/4/3
f 2238/3/3 2237/3/3 2236/3/3
f 2239/3/3 2231/3/3 2237/3/3
f 2239/3/3 2237/3/3 2238/3/3
f 2240/4/3 2238/4/3 2229/4/3
f 2240/4/3 2239/4/3 2238/4/3
f 2241/3/3 2231/3/3 2239/3/3
f 2241/4/3 2239/4/3 2240/4/3
f 2242/4/3 2240/4/3 2229/4/3
f 2243/3/3 2241/3/3 2240/3/3
f 2243/4/3 2240/4/3 2242/4/3
f 2244/3/3 2231/3/3 2241/3/3
f 2244/3/3 2241/3/3 2243/3/3
f 2248/4/3 2246/4/3 2245/4/3
f 2248/3/3 2247/3/3 2246/3/3
f 2249/3/3 2247/3/3 2248/3/3
f 2250/4/3 2248/4/3 2245/4/3
f 2250/4/3 2249/4/3 2248/4/3
f 2251/3/3 2247/3/3 2249/3/3
f 2251/4/3 2249/4/3 2250/4/3
f 2252/4/3 2250/4/3 2245/4/3
f 2252/3/3 2251/3/3 2250/3/3
f 2253/3/3 2247/3/3 2251/3/3
f 2253/3/3 2251/3/3 2252/3/3
f 2254/4/3 2252/4/3 2245/4/3
f 2254/4/3 2253/4/3 2252/4/3
f 2255/3/3 2247/3/3 2253/3/3
f 2255/4/3 2253/4/3 2254/4/3
f 2256/4/3 2254/4/3 2245/4/3
f 2256/3/3 2255/3/3 2254/3/3
f 2257/3/3 2247/3/3 2255/3/3
f 2257/3/3 2255/3/3 2256/3/3
f 2258/4/3 2256/4/3 2245/4/3
f 2258/4/3 2257/4/3 2256/4/3
f 2259/3/3 2247/3/3 2257/3/3
f 2259/4/3 2257/4/3 2258/4/3
f 2260/3/3 2247/3/3 2259/3/3
f 2264/4/3 2262/4/3 2261/4/3
f 2265/3/3 2263/3/3 2262/3/3
f 2265/4/3 2262/4/3 2264/4/3
f 2266/4/3 2264/4/3 2261/4/3
f 2266/3/3 2265/3/3 2264/3/3
f 2267/3/3 2263/3/3 2265/3/3
f 2267/3/3 2265/3/3 2266/3/3
f 2268/4/3 2266/4/3 2261/4/3
f 2268/4/3 2267/4/3 2266/4/3
f 2269/3/3 2263/3/3 2267/3/3
f 2269/4/3 2267/4/3 2268/4/3
f 2270/4/3 2268/4/3 2261/4/3
f 2270/3/3 2269/3/3 2268/3/3
f 2271/3/3 2263/3/3 2269/3/3
f 2271/3/3 2269/3/3 2270/3/3
f 2272/4/3 2270/4/3 2261/4/3
f 2272/4/3 2271/4/3 2270/4/3
f 2273/3/3 2263/3/3 2271/3/3
f 2273/4/3 2271/4/3 2272/4/3
f 2274/4/3 2272/4/3 2261/4/3
f 2275/3/3 2273/3/3 2272/3/3
f 2275/4/3 2272/4/3 2274/4/3
f 2276/3/3 2263/3/3 2273/3/3
f 2276/3/3 2273/3/3 2275/3/3
f 2279/2/3 2278/2/3 2277/2/3
f 2280/2/3 2278/2/3 2279/2/3
f 2281/3/3 2280/3/3 2279/3/3
f 2282/2/3 2278/2/3 2280/2/3
f 2282/3/3 2280/3/3 2281/3/3
f 2283/2/3 2282/2/3 2281/2/3
f 2284/2/3 2278/2/3 2282/2/3
f 2284/2/3 2282/2/3 2283/2/3
f 2285/3/3 2284/3/3 2283/3/3
f 2286/2/3 2278/2/3 2284/2/3
f 2286/3/3 2284/3/3 2285/3/3
f 2287/2/3 2278/2/3 2286/2/3
f 2291/3/3 2289/3/3 2288/3/3
f 2292/2/3 2290/2/3 2289/2/3
f 2292/3/3 2289/3/3 2291/3/3
f 2293/2/3 2292/2/3 2291/2/3
f 2294/2/3 2290/2/3 2292/2/3
f 2294/2/3 2292/2/3 2293/2/3
f 2295/3/3 2294/3/3 2293/3/3
f 2296/2/3 2290/2/3 2294/2/3
f 2296/3/3 2294/3/3 2295/3/3
f 2297/2/3 2296/2/3 2295/2/3
f 2298/2/3 2290/2/3 2296/2/3
f 2298/2/3 2296/2/3 2297/2/3
f 2301/2/3 2300/2/3 2299/2/3
f 2302/2/3 2300/2/3 2301/2/3
f 2303/3/3 2302/3/3 2301/3/3
f 2304/2/3 2300/2/3 2302/2/3
f 2304/3/3 2302/3/3 2303/3/3
f 2305/2/3 2304/2/3 2303/2/3
f 2306/2/3 2300/2/3 2304/2/3
f 2306/2/3 2304/2/3 2305/2/3
f 2307/3/3 2306/3/3 2305/3/3
f 2308/2/3 2300/2/3 2306/2/3
f 2308/3/3 2306/3/3 2307/3/3
f 2309/2/3 2300/2/3 2308/2/3
f 2313/3/3 2311/3/3 2310/3/3
f 2314/2/3 2312/2/3 2311/2/3
f 2314/3/3 2311/3/3 2313/3/3
f 2315/2/3 2314/2/3 2313/2/3
f 2316/2/3 2312/2/3 2314/2/3
f 2316/2/3 2314/2/3 2315/2/3
f 2317/3/3 2316/3/3 2315/3/3
f 2318/2/3 2312/2/3 2316/2/3
f 2318/3/3 2316/3/3 2317/3/3
f 2319/2/3 2318/2/3 2317/2/3
f 2320/2/3 2312/2/3 2318/2/3
f 2320/2/3 2318/2/3 2319/2/3
f 2324/2/3 2322/2/3 2321/2/3
f 2325/1/3 2323/1/3 2322/1/3
f 2325/2/3 2322/2/3 2324/2/3
f 2326/1/3 2323/1/3 2325/1/3
f 2330/2/3 2328/2/3 2327/2/3
f 2331/1/3 2329/1/3 2328/1/3
f 2331/2/3 2328/2/3 2330/2/3
f 2332/1/3 2329/1/3 2331/1/3
f 2336/2/3 2334/2/3 2333/2/3
f 2337/1/3 2335/1/3 2334/1/3
f 2337/2/3 2334/2/3 2336/2/3
f 2338/1/3 2335/1/3 2337/1/3
f 2342/2/3 2340/2/3 2339/2/3
f 2343/1/3 2341/1/3 2340/1/3
f 2343/2/3 2340/2/3 2342/2/3
f 2344/1/3 2341/1/3 2343/1/3
f 2348/5/3 2346/5/3 2345/5/3
f 2348/4/3 2347/4/3 2346/4/3
f 2349/4/3 2347/4/3 2348/4/3
f 2350/5/3 2348/5/3 2345/5/3
f 2350/5/3 2349/5/3 2348/5/3
f 2351/4/3 2347/4/3 2349/4/3
f 2351/5/3 2349/5/3 2350/5/3
f 2352/5/3 2350/5/3 2345/5/3
f 2352/4/3 2351/4/3 2350/4/3
f 2353/4/3 2347/4/3 2351/4/3
f 2353/4/3 2351/4/3 2352/4/3
f 2354/5/3 2352/5/3 2345/5/3
f 2354/5/3 2353/5/3 2352/5/3
f 2355/4/3 2347/4/3 2353/4/3
f 2355/5/3 2353/5/3 2354/5/3
f 2356/5/3 2354/5/3 2345/5/3
f 2356/4/3 2355/4/3 2354/4/3
f 2357/4/3 2347/4/3 2355/4/3
f 2357/4/3 2355/4/3 2356/4/3
f 2358/5/3 2356/5/3 2345/5/3
f 2358/5/3 2357/5/3 2356/5/3
f 2359/4/3 2347/4/3 2357/4/3
f 2359/5/3 2357/5/3 2358/5/3
f 2360/5/3 2358/5/3 2345/5/3
f 2360/4/3 2359/4/3 2358/4/3
f 2361/4/3 2347/4/3 2359/4/3
f 2361/4/3 2359/4/3 2360/4/3
f 2362/5/3 2360/5/3 2345/5/3
f 2362/5/3 2361/5/3 2360/5/3
f 2363/4/3 2347/4/3 2361/4/3
f 2363/5/3 2361/5/3 2362/5/3
f 2364/4/3 2347/4/3 2363/4/3
f 2368/5/3 2366/5/3 2365/5/3
f 2369/4/3 2367/4/3 2366/4/3
f 2369/5/3 2366/5/3 2368/5/3
f 2370/5/3 2368/5/3 2365/5/3
f 2370/4/3 2369/4/3 2368/4/3
f 2371/4/3 2367/4/3 2369/4/3
f 2371/4/3 2369/4/3 2370/4/3
f 2372/5/3 2370/5/3 2365/5/3
f 2372/5/3 2371/5/3 2370/5/3
f 2373/4/3 2367/4/3 2371/4/3
f 2373/5/3 2371/5/3 2372/5/3
f 2374/5/3 2372/5/3 2365/5/3
f 2374/4/3 2373/4/3 2372/4/3
f 2375/4/3 2367/4/3 2373/4/3
f 2375/4/3 2373/4/3 2374/4/3
f 2376/5/3 2374/5/3 2365/5/3
f 2376/5/3 2375/5/3 2374/5/3
f 2377/4/3 2367/4/3 2375/4/3
f 2377/5/3 2375/5/3 2376/5/3
f 2378/5/3 2376/5/3 2365/5/3
f 2378/4/3 2377/4/3 2376/4/3
f 2379/4/3 2367/4/3 2377/4/3
f 2379/4/3 2377/4/3 2378/4/3
f 2380/5/3 2378/5/3 2365/5/3
f 2380/5/3 2379/5/3 2378/5/3
f 2381/4/3 2367/4/3 2379/4/3
f 2381/5/3 2379/5/3 2380/5/3
f 2382/5/3 2380/5/3 2365/5/3
f 2383/4/3 2381/4/3 2380/4/3
f 2383/5/3 2380/5/3 2382/5/3
f 2384/4/3 2367/4/3 2381/4/3
f 2384/4/3 2381/4/3 2383/4/3
f 2388/5/3 2386/5/3 2385/5/3
f 2388/4/3 2387/4/3 2386/4/3
f 2389/4/3 2387/4/3 2388/4/3
f 2390/5/3 2388/5/3 2385/5/3
f 2390/5/3 2389/5/3 2388/5/3
f 2391/4/3 2387/4/3 2389/4/3
f 2391/5/3 2389/5/3 2390/5/3
f 2392/5/3 2390/5/3 2385/5/3
f 2392/4/3 2391/4/3 2390/4/3
f 2393/4/3 2387/4/3 2391/4/3
f 2393/4/3 2391/4/3 2392/4/3
f 2394/5/3 2392/5/3 2385/5/3
f 2394/5/3 2393/5/3 2392/5/3
f 2395/4/3 2387/4/3 2393/4/3
f 2395/5/3 2393/5/3 2394/5/3
f 2396/5/3 2394/5/3 2385/5/3
f 2396/4/3 2395/4/3 2394/4/3
f 2397/4/3 2387/4/3 2395/4/3
f 2397/4/3 2395/4/3 2396/4/3
f 2398/5/3 2396/5/3 2385/5/3
f 2398/5/3 2397/5/3 2396/5/3
f 2399/4/3 2387/4/3 2397/4/3
f 2399/5/3 2397/5/3 2398/5/3
f 2400/5/3 2398/5/3 2385/5/3
f 2400/4/3 2399/4/3 2398/4/3
f 2401/4/3 2387/4/3 2399/4/3
f 2401/4/3 2399/4/3 2400/4/3
f 2402/5/3 2400/5/3 2385/5/3
f 2402/5/3 2401/5/3 2400/5/3
f 2403/4/3 2387/4/3 2401/4/3
f 2403/5/3 2401/5/3 2402/5/3
f 2404/4/3 2387/4/3 2403/4/3
f 2408/5/3 2406/5/3 2405/5/3
f 2409/4/3 2407/4/3 2406/4/3
f 2409/5/3 2406/5/3 2408/5/3
f 2410/5/3 2408/5/3 2405/5/3
f 2410/4/3 2409/4/3 2408/4/3
f 2411/4/3 2407/4/3 2409/4/3
f 2411/4/3 2409/4/3 2410/4/3
f 2412/5/3 2410/5/3 2405/5/3
f 2412/5/3 2411/5/3 2410/5/3
f 2413/4/3 2407/4/3 2411/4/3
f 2413/5/3 2411/5/3 2412/5/3
f 2414/5/3 2412/5/3 2405/5/3
f 2414/4/3 2413/4/3 2412/4/3
f 2415/4/3 2407/4/3 2413/4/3
f 2415/4/3 2413/4/3 2414/4/3
f 2416/5/3 2414/5/3 2405/5/3
f 2416/5/3 2415/5/3 2414/5/3
f 2417/4/3 2407/4/3 2415/4/3
f 2417/5/3 2415/5/3 2416/5/3
f 2418/5/3 2416/5/3 2405/5/3
f 2418/4/3 2417/4/3 2416/4/3
f 2419/4/3 2407/4/3 2417/4/3
f 2419/4/3 2417/4/3 2418/4/3
f 2420/5/3 2418/5/3 2405/5/3
f 2420/5/3 2419/5/3 2418/5/3
f 2421/4/3 2407/4/3 2419/4/3
f 2421/5/3 2419/5/3 2420/5/3
f 2422/5/3 2420/5/3 2405/5/3
f 2423/4/3 2421/4/3 2420/4/3
f 2423/5/3 2420/5/3 2422/5/3
f 2424/4/3 2407/4/3 2421/4/3
f 2424/4/3 2421/4/3 2423/4/3
f 2428/4/3 2426/4/3 2425/4/3
f 2429/3/3 2427/3/3 2426/3/3
f 2429/4/3 2426/4/3 2428/4/3
f 2430/4/3 2428/4/3 2425/4/3
f 2430/3/3 2429/3/3 2428/3/3
f 2431/3/3 2427/3/3 2429/3/3
f 2431/3/3 2429/3/3 2430/3/3
f 2432/4/3 2430/4/3 2425/4/3
f 2432/4/3 2431/4/3 2430/4/3
f 2433/3/3 2427/3/3 2431/3/3
f 2433/4/3 2431/4/3 2432/4/3
f 2434/4/3 2432/4/3 2425/4/3
f 2434/3/3 2433/3/3 2432/3/3
f 2435/3/3 2427/3/3 2433/3/3
f 2435/3/3 2433/3/3 2434/3/3
f 2436/4/3 2434/4/3 2425/4/3
f 2436/4/3 2435/4/3 2434/4/3
f 2437/3/3 2427/3/3 2435/3/3
f 2437/4/3 2435/4/3 2436/4/3
f 2438/4/3 2436/4/3 2425/4/3
f 2439/3/3 2437/3/3 2436/3/3
f 2439/4/3 2436/4/3 2438/4/3
f 2440/3/3 2427/3/3 2437/3/3
f 2440/3/3 2437/3/3 2439/3/3
f 2444/4/3 2442/4/3 2441/4/3
f 2444/3/3 2443/3/3 2442/3/3
f 2445/3/3 2443/3/3 2444/3/3
f 2446/4/3 2444/4/3 2441/4/3
f 2446/4/3 2445/4/3 2444/4/3
f 2447/3/3 2443/3/3 2445/3/3
f 2447/4/3 2445/4/3 2446/4/3
f 2448/4/3 2446/4/3 2441/4/3
f 2448/3/3 2447/3/3 2446/3/3
f 2449/3/3 2443/3/3 2447/3/3
f 2449/3/3 2447/3/3 2448/3/3
f 2450/4/3 2448/4/3 2441/4/3
f 2450/4/3 2449/4/3 2448/4/3
f 2451/3/3 2443/3/3 2449/3/3
f 2451/4/3 2449/4/3 2450/4/3
f 2452/4/3 2450/4/3 2441/4/3
f 2452/3/3 2451/3/3 2450/3/3
f 2453/3/3 2443/3/3 2451/3/3
f 2453/3/3 2451/3/3 2452/3/3
f 2454/4/3 2452/4/3 2441/4/3
f 2454/4/3 2453/4/3 2452/4/3
f 2455/3/3 2443/3/3 2453/3/3
f 2455/4/3 2453/4/3 2454/4/3
f 2456/3/3 2443/3/3 2455/3/3
f 2460/4/3 2458/4/3 2457/4/3
f 2461/3/3 2459/3/3 2458/3/3
f 2461/4/3 2458/4/3 2460/4/3
f 2462/4/3 2460/4/3 2457/4/3
f 2462/3/3 2461/3/3 2460/3/3
f 2463/3/3 2459/3/3 2461/3/3
f 2463/3/3 2461/3/3 2462/3/3
f 2464/4/3 2462/4/3 2457/4/3
f 2464/4/3 2463/4/3 2462/4/3
f 2465/3/3 2459/3/3 2463/3/3
f 2465/4/3 2463/4/3 2464/4/3
f 2466/4/3 2464/4/3 2457/4/3
f 2466/3/3 2465/3/3 2464/3/3
f 2467/3/3 2459/3/3 2465/3/3
f 2467/3/3 2465/3/3 2466/3/3
f 2468/4/3 2466/4/3 2457/4/3
f 2468/4/3 2467/4/3 2466/4/3
f 2469/3/3 2459/3/3 2467/3/3
f 2469/4/3 2467/4/3 2468/4/3
f 2470/4/3 2468/4/3 2457/4/3
f 2471/3/3 2469/3/3 2468/3/3
f 2471/4/3 2468/4/3 2470/4/3
f 2472/3/3 2459/3/3 2469/3/3
f 2472/3/3 2469/3/3 2471/3/3
f 2476/4/3 2474/4/3 2473/4/3
f 2476/3/3 2475/3/3 2474/3/3
f 2477/3/3 2475/3/3 2476/3/3
f 2478/4/3 2476/4/3 2473/4/3
f 2478/4/3 2477/4/3 2476/4/3
f 2479/3/3 2475/3/3 2477/3/3
f 2479/4/3 2477/4/3 2478/4/3
f 2480/4/3 2478/4/3 2473/4/3
f 2480/3/3 2479/3/3 2478/3/3
f 2481/3/3 2475/3/3 2479/3/3
f 2481/3/3 2479/3/3 2480/3/3
f 2482/4/3 2480/4/3 2473/4/3
f 2482/4/3 2481/4/3 2480/4/3
f 2483/3/3 2475/3/3 2481/3/3
f 2483/4/3 2481/4/3 2482/4/3
f 2484/4/3 2482/4/3 2473/4/3
f 2484/3/3 2483/3/3 2482/3/3
f 2485/3/3 2475/3/3 2483/3/3
f 2485/3/3 2483/3/3 2484/3/3
f 2486/4/3 2484/4/3 2473/4/3
f 2486/4/3 2485/4/3 2484/4/3
f 2487/3/3 2475/3/3 2485/3/3
f 2487/4/3 2485/4/3 2486/4/3
f 2488/3/3 2475/3/3 2487/3/3
f 2492/3/3 2490/3/3 2489/3/3
f 2493/2/3 2491/2/3 2490/2/3
f 2493/3/3 2490/3/3 2492/3/3
f 2494/2/3 2493/2/3 2492/2/3
f 2495/2/3 2491/2/3 2493/2/3
f 2495/2/3 2493/2/3 2494/2/3
f 2496/3/3 2495/3/3 2494/3/3
f 2497/2/3 2491/2/3 2495/2/3
f 2497/3/3 2495/3/3 2496/3/3
f 2498/2/3 2497/2/3 2496/2/3
f 2499/2/3 2491/2/3 2497/2/3
f 2499/2/3 2497/2/3 2498/2/3
f 2502/2/3 2501/2/3 2500/2/3
f 2503/2/3 2501/2/3 2502/2/3
f 2504/3/3 2503/3/3 2502/3/3
f 2505/2/3 2501/2/3 2503/2/3
f 2505/3/3 2503/3/3 2504/3/3
f 2506/2/3 2505/2/3 2504/2/3
f 2507/2/3 2501/2/3 2505/2/3
f 2507/2/3 2505/2/3 2506/2/3
f 2508/3/3 2507/3/3 2506/3/3
f 2509/2/3 2501/2/3 2507/2/3
f 2509/3/3 2507/3/3 2508/3/3
f 2510/2/3 2501/2/3 2509/2/3
f 2514/3/3 2512/3/3 2511/3/3
f 2515/2/3 2513/2/3 2512/2/3
f 2515/3/3 2512/3/3 2514/3/3
f 2516/2/3 2515/2/3 2514/2/3
f 2517/2/3 2513/2/3 2515/2/3
f 2517/2/3 2515/2/3 2516/2/3
f 2518/3/3 2517/3/3 2516/3/3
f 2519/2/3 2513/2/3 2517/2/3
f 2519/3/3 2517/3/3 2518/3/3
f 2520/2/3 2519/2/3 2518/2/3
f 2521/2/3 2513/2/3 2519/2/3
f 2521/2/3 2519/2/3 2520/2/3
f 2524/2/3 2523/2/3 2522/2/3
f 2525/2/3 2523/2/3 2524/2/3
f 2526/3/3 2525/3/3 2524/3/3
f 2527/2/3 2523/2/3 2525/2/3
f 2527/3/3 2525/3/3 2526/3/3
f 2528/2/3 2527/2/3 2526/2/3
f 2529/2/3 2523/2/3 2527/2/3
f 2529/2/3 2527/2/3 2528/2/3
f 2530/3/3 2529/3/3 2528/3/3
f 2531/2/3 2523/2/3 2529/2/3
f 2531/3/3 2529/3/3 2530/3/3
f 2532/2/3 2523/2/3 2531/2/3
f 2536/2/3 2534/2/3 2533/2/3
f 2537/1/3 2535/1/3 2534/1/3
f 2537/2/3 2534/2/3 2536/2/3
f 2538/1/3 2535/1/3 2537/1/3
f 2542/2/3 2540/2/3 2539/2/3
f 2543/1/3 2541/1/3 2540/1/3
f 2543/2/3 2540/2/3 2542/2/3
f 2544/1/3 2541/1/3 2543/1/3
f 2548/2/3 2546/2/3 2545/2/3
f 2549/1/3 2547/1/3 2546/1/3
f 2549/2/3 2546/2/3 2548/2/3
f 2550/1/3 2547/1/3 2549/1/3
f 2554/2/3 2552/2/3 2551/2/3
f 2555/1/3 2553/1/3 2552/1/3
f 2555/2/3 2552/2/3 2554/2/3
f 2556/1/3 2553/1/3 2555/1/3
f 2557/2/4 2558/2/4 2560/2/4
f 2558/1/4 2559/1/4 2561/1/4
f 2560/2/4 2558/2/4 2561/2/4
f 2561/1/4 2559/1/4 2562/1/4
f 2563/2/4 2564/2/4 2566/2/4
f 2564/1/4 2565/1/4 2567/1/4
f 2566/2/4 2564/2/4 2567/2/4
f 2567/1/4 2565/1/4 2568/1/4
f 2569/2/4 2570/2/4 2572/2/4
f 2570/1/4 2571/1/4 2573/1/4
f 2572/2/4 2570/2/4 2573/2/4
f 2573/1/4 2571/1/4 2574/1/4
f 2575/2/4 2576/2/4 2578/2/4
f 2576/1/4 2577/1/4 2579/1/4
f 2578/2/4 2576/2/4 2579/2/4
f 2579/1/4 2577/1/4 2580/1/4
f 2581/3/4 2582/3/4 2584/3/4
f 2582/2/4 2583/2/4 2585/2/4
f 2584/3/4 2582/3/4 2585/3/4
f 2584/2/4 2585/2/4 2586/2/4
f 2585/2/4 2583/2/4 2587/2/4
f 2586/2/4 2585/2/4 2587/2/4
f 2586/3/4 2587/3/4 2588/3/4
f 2587/2/4 2583/2/4 2589/2/4
f 2588/3/4 2587/3/4 2589/3/4
f 2588/2/4 2589/2/4 2590/2/4
f 2589/2/4 2583/2/4 2591/2/4
f 2590/2/4 2589/2/4 2591/2/4
f 2592/2/4 2593/2/4 2594/2/4
f 2594/2/4 2593/2/4 2595/2/4
f 2594/3/4 2595/3/4 2596/3/4
f 2595/2/4 2593/2/4 2597/2/4
f 2596/3/4 2595/3/4 2597/3/4
f 2596/2/4 2597/2/4 2598/2/4
f 2597/2/4 2593/2/4 2599/2/4
f 2598/2/4 2597/2/4 2599/2/4
f 2598/3/4 2599/3/4 2600/3/4
f 2599/2/4 2593/2/4 2601/2/4
f 2600/3/4 2599/3/4 2601/3/4
f 2601/2/4 2593/2/4 2602/2/4
f 2603/3/4 2604/3/4 2606/3/4
f 2604/2/4 2605/2/4 2607/2/4
f 2606/3/4 2604/3/4 2607/3/4
f 2606/2/4 2607/2/4 2608/2/4
f 2607/2/4 2605/2/4 2609/2/4
f 2608/2/4 2607/2/4 2609/2/4
f 2608/3/4 2609/3/4 2610/3/4
f 2609/2/4 2605/2/4 2611/2/4
f 2610/3/4 2609/3/4 2611/3/4
f 2610/2/4 2611/2/4 2612/2/4
f 2611/2/4 2605/2/4 2613/2/4
f 2612/2/4 2611/2/4 2613/2/4
f 2614/2/4 2615/2/4 2616/2/4
f 2616/2/4 2615/2/4 2617/2/4
f 2616/3/4 2617/3/4 2618/3/4
f 2617/2/4 2615/2/4 2619/2/4
f 2618/3/4 2617/3/4 2619/3/4
f 2618/2/4 2619/2/4 2620/2/4
f 2619/2/4 2615/2/4 2621/2/4
f 2620/2/4 2619/2/4 2621/2/4
f 2620/3/4 2621/3/4 2622/3/4
f 2621/2/4 2615/2/4 2623/2/4
f 2622/3/4 2621/3/4 2623/3/4
f 2623/2/4 2615/2/4 2624/2/4
f 2625/4/4 2626/4/4 2628/4/4
f 2626/3/4 2627/3/4 2629/3/4
f 2628/4/4 2626/4/4 2629/4/4
f 2625/4/4 2628/4/4 2630/4/4
f 2628/3/4 2629/3/4 2630/3/4
f 2629/3/4 2627/3/4 2631/3/4
f 2630/3/4 2629/3/4 2631/3/4
f 2625/4/4 2630/4/4 2632/4/4
f 2630/4/4 2631/4/4 2632/4/4
f 2631/3/4 2627/3/4 2633/3/4
f 2632/4/4 2631/4/4 2633/4/4
f 2625/4/4 2632/4/4 2634/4/4
f 2632/3/4 2633/3/4 2634/3/4
f 2633/3/4 2627/3/4 2635/3/4
f 2634/3/4 2633/3/4 2635/3/4
f 2625/4/4 2634/4/4 2636/4/4
f 2634/4/4 2635/4/4 2636/4/4
f 2635/3/4 2627/3/4 2637/3/4
f 2636/4/4 2635/4/4 2637/4/4
f 2625/4/4 2636/4/4 2638/4/4
f 2636/3/4 2637/3/4 2639/3/4
f 2638/4/4 2636/4/4 2639/4/4
f 2637/3/4 2627/3/4 2640/3/4
f 2639/3/4 2637/3/4 2640/3/4
f 2641/4/4 2642/4/4 2644/4/4
f 2642/3/4 2643/3/4 2644/3/4
f 2644/3/4 2643/3/4 2645/3/4
f 2641/4/4 2644/4/4 2646/4/4
f 2644/4/4 2645/4/4 2646/4/4
f 2645/3/4 2643/3/4 2647/3/4
f 2646/4/4 2645/4/4 2647/4/4
f 2641/4/4 2646/4/4 2648/4/4
f 2646/3/4 2647/3/4 2648/3/4
f 2647/3/4 2643/3/4 2649/3/4
f 2648/3/4 2647/3/4 2649/3/4
f 2641/4/4 2648/4/4 2650/4/4
f 2648/4/4 2649/4/4 2650/4/4
f 2649/3/4 2643/3/4 2651/3/4
f 2650/4/4 2649/4/4 2651/4/4
f 2641/4/4 2650/4/4 2652/4/4
f 2650/3/4 2651/3/4 2652/3/4
f 2651/3/4 2643/3/4 2653/3/4
f 2652/3/4 2651/3/4 2653/3/4
f 2641/4/4 2652/4/4 2654/4/4
f 2652/4/4 2653/4/4 2654/4/4
f 2653/3/4 2643/3/4 2655/3/4
f 2654/4/4 2653/4/4 2655/4/4
f 2655/3/4 2643/3/4 2656/3/4
f 2657/4/4 2658/4/4 2660/4/4
f 2658/3/4 2659/3/4 2661/3/4
f 2660/4/4 2658/4/4 2661/4/4
f 2657/4/4 2660/4/4 2662/4/4
f 2660/3/4 2661/3/4 2662/3/4
f 2661/3/4 2659/3/4 2663/3/4
f 2662/3/4 2661/3/4 2663/3/4
f 2657/4/4 2662/4/4 2664/4/4
f 2662/4/4 2663/4/4 2664/4/4
f 2663/3/4 2659/3/4 2665/3/4
f 2664/4/4 2663/4/4 2665/4/4
f 2657/4/4 2664/4/4 2666/4/4
f 2664/3/4 2665/3/4 2666/3/4
f 2665/3/4 2659/3/4 2667/3/4
f 2666/3/4 2665/3/4 2667/3/4
f 2657/4/4 2666/4/4 2668/4/4
f 2666/4/4 2667/4/4 2668/4/4
f 2667/3/4 2659/3/4 2669/3/4
f 2668/4/4 2667/4/4 2669/4/4
f 2657/4/4 2668/4/4 2670/4/4
f 2668/3/4 2669/3/4 2671/3/4
f 2670/4/4 2668/4/4 2671/4/4
f 2669/3/4 2659/3/4 2672/3/4
f 2671/3/4 2669/3/4 2672/3/4
f 2673/4/4 2674/4/4 2676/4/4
f 2674/3/4 2675/3/4 2676/3/4
f 2676/3/4 2675/3/4 2677/3/4
f 2673/4/4 2676/4/4 2678/4/4
f 2676/4/4 2677/4/4 2678/4/4
f 2677/3/4 2675/3/4 2679/3/4
f 2678/4/4 2677/4/4 2679/4/4
f 2673/4/4 2678/4/4 2680/4/4
f 2678/3/4 2679/3/4 2680/3/4
f 2679/3/4 2675/3/4 2681/3/4
f 2680/3/4 2679/3/4 2681/3/4
f 2673/4/4 2680/4/4 2682/4/4
f 2680/4/4 2681/4/4 2682/4/4
f 2681/3/4 2675/3/4 2683/3/4
f 2682/4/4 2681/4/4 2683/4/4
f 2673/4/4 2682/4/4 2684/4/4
f 2682/3/4 2683/3/4 2684/3/4
f 2683/3/4 2675/3/4 2685/3/4
f 2684/3/4 2683/3/4 2685/3/4
f 2673/4/4 2684/4/4 2686/4/4
f 2684/4/4 2685/4/4 2686/4/4
f 2685/3/4 2675/3/4 2687/3/4
f 2686/4/4 2685/4/4 2687/4/4
f 2687/3/4 2675/3/4 2688/3/4
f 2689/5/4 2690/5/4 2692/5/4
f 2690/4/4 2691/4/4 2692/4/4
f 2692/4/4 2691/4/4 2693/4/4
f 2689/5/4 2692/5/4 2694/5/4
f 2692/5/4 2693/5/4 2694/5/4
f 2693/4/4 2691/4/4 2695/4/4
f 2694/5/4 2693/5/4 2695/5/4
f 2689/5/4 2694/5/4 2696/5/4
f 2694/4/4 2695/4/4 2696/4/4
f 2695/4/4 2691/4/4 2697/4/4
f 2696/4/4 2695/4/4 2697/4/4
f 2689/5/4 2696/5/4 2698/5/4
f 2696/5/4 2697/5/4 2698/5/4
f 2697/4/4 2691/4/4 2699/4/4
f 2698/5/4 2697/5/4 2699/5/4
f 2689/5/4 2698/5/4 2700/5/4
f 2698/4/4 2699/4/4 2700/4/4
f 2699/4/4 2691/4/4 2701/4/4
f 2700/4/4 2699/4/4 2701/4/4
f 2689/5/4 2700/5/4 2702/5/4
f 2700/5/4 2701/5/4 2702/5/4
f 2701/4/4 2691/4/4 2703/4/4
f 2702/5/4 2701/5/4 2703/5/4
f 2689/5/4 2702/5/4 2704/5/4
f 2702/4/4 2703/4/4 2704/4/4
f 2703/4/4 2691/4/4 2705/4/4
f 2704/4/4 2703/4/4 2705/4/4
f 2689/5/4 2704/5/4 2706/5/4
f 2704/5/4 2705/5/4 2706/5/4
f 2705/4/4 2691/4/4 2707/4/4
f 2706/5/4 2705/5/4 2707/5/4
f 2707/4/4 2691/4/4 2708/4/4
f 2709/5/4 2710/5/4 2712/5/4
f 2710/4/4 2711/4/4 2713/4/4
f 2712/5/4 2710/5/4 2713/5/4
f 2709/5/4 2712/5/4 2714/5/4
f 2712/4/4 2713/4/4 2714/4/4
f 2713/4/4 2711/4/4 2715/4/4
f 2714/4/4 2713/4/4 2715/4/4
f 2709/5/4 2714/5/4 2716/5/4
f 2714/5/4 2715/5/4 2716/5/4
f 2715/4/4 2711/4/4 2717/4/4
f 2716/5/4 2715/5/4 2717/5/4
f 2709/5/4 2716/5/4 2718/5/4
f 2716/4/4 2717/4/4 2718/4/4
f 2717/4/4 2711/4/4 2719/4/4
f 2718/4/4 2717/4/4 2719/4/4
f 2709/5/4 2718/5/4 2720/5/4
f 2718/5/4 2719/5/4 2720/5/4
f 2719/4/4 2711/4/4 2721/4/4
f 2720/5/4 2719/5/4 2721/5/4
f 2709/5/4 2720/5/4 2722/5/4
f 2720/4/4 2721/4/4 2722/4/4
f 2721/4/4 2711/4/4 2723/4/4
f 2722/4/4 2721/4/4 2723/4/4
f 2709/5/4 2722/5/4 2724/5/4
f 2722/5/4 2723/5/4 2724/5/4
f 2723/4/4 2711/4/4 2725/4/4
f 2724/5/4 2723/5/4 2725/5/4
f 2709/5/4 2724/5/4 2726/5/4
f 2724/4/4 2725/4/4 2727/4/4
f 2726/5/4 2724/5/4 2727/5/4
f 2725/4/4 2711/4/4 2728/4/4
f 2727/4/4 2725/4/4 2728/4/4
f 2729/5/4 2730/5/4 2732/5/4
f 2730/4/4 2731/4/4 2732/4/4
f 2732/4/4 2731/4/4 2733/4/4
f 2729/5/4 2732/5/4 2734/5/4
f 2732/5/4 2733/5/4 2734/5/4
f 2733/4/4 2731/4/4 2735/4/4
f 2734/5/4 2733/5/4 2735/5/4
f 2729/5/4 2734/5/4 2736/5/4
f 2734/4/4 2735/4/4 2736/4/4
f 2735/4/4 2731/4/4 2737/4/4
f 2736/4/4 2735/4/4 2737/4/4
f 2729/5/4 2736/5/4 2738/5/4
f 2736/5/4 2737/5/4 2738/5/4
f 2737/4/4 2731/4/4 2739/4/4
f 2738/5/4 2737/5/4 2739/5/4
f 2729/5/4 2738/5/4 2740/5/4
f 2738/4/4 2739/4/4 2740/4/4
f 2739/4/4 2731/4/4 2741/4/4
f 2740/4/4 2739/4/4 2741/4/4
f 2729/5/4 2740/5/4 2742/5/4
f 2740/5/4 2741/5/4 2742/5/4
f 2741/4/4 2731/4/4 2743/4/4
f 2742/5/4 2741/5/4 2743/5/4
f 2729/5/4 2742/5/4 2744/5/4
f 2742/4/4 2743/4/4 2744/4/4
f 2743/4/4 2731/4/4 2745/4/4
f 2744/4/4 2743/4/4 2745/4/4
f 2729/5/4 2744/5/4 2746/5/4
f 2744/5/4 2745/5/4 2746/5/4
f 2745/4/4 2731/4/4 2747/4/4
f 2746/5/4 2745/5/4 2747/5/4
f 2747/4/4 2731/4/4 2748/4/4
f 2749/5/4 2750/5/4 2752/5/4
f 2750/4/4 2751/4/4 2753/4/4
f 2752/5/4 2750/5/4 2753/5/4
f 2749/5/4 2752/5/4 2754/5/4
f 2752/4/4 2753/4/4 2754/4/4
f 2753/4/4 2751/4/4 2755/4/4
f 2754/4/4 2753/4/4 2755/4/4
f 2749/5/4 2754/5/4 2756/5/4
f 2754/5/4 2755/5/4 2756/5/4
f 2755/4/4 2751/4/4 2757/4/4
f 2756/5/4 2755/5/4 2757/5/4
f 2749/5/4 2756/5/4 2758/5/4
f 2756/4/4 2757/4/4 2758/4/4
f 2757/4/4 2751/4/4 2759/4/4
f 2758/4/4 2757/4/4 2759/4/4
f 2749/5/4 2758/5/4 2760/5/4
f 2758/5/4 2759/5/4 2760/5/4
f 2759/4/4 2751/4/4 2761/4/4
f 2760/5/4 2759/5/4 2761/5/4
f 2749/5/4 2760/5/4 2762/5/4
f 2760/4/4 2761/4/4 2762/4/4
f 2761/4/4 2751/4/4 2763/4/4
f 2762/4/4 2761/4/4 2763/4/4
f 2749/5/4 2762/5/4 2764/5/4
f 2762/5/4 2763/5/4 2764/5/4
f 2763/4/4 2751/4/4 2765/4/4
f 2764/5/4 2763/5/4 2765/5/4
f 2749/5/4 2764/5/4 2766/5/4
f 2764/4/4 2765/4/4 2767/4/4
f 2766/5/4 2764/5/4 2767/5/4
f 2765/4/4 2751/4/4 2768/4/4
f 2767/4/4 2765/4/4 2768/4/4
f 2769/2/4 2770/2/4 2772/2/4
f 2770/1/4 2771/1/4 2773/1/4
f 2772/2/4 2770/2/4 2773/2/4
f 2773/1/4 2771/1/4 2774/1/4
f 2775/2/4 2776/2/4 2778/2/4
f 2776/1/4 2777/1/4 2779/1/4
f 2778/2/4 2776/2/4 2779/2/4
f 2779/1/4 2777/1/4 2780/1/4
f 2781/2/4 2782/2/4 2784/2/4
f 2782/1/4 2783/1/4 2785/1/4
f 2784/2/4 2782/2/4 2785/2/4
f 2785/1/4 2783/1/4 2786/1/4
f 2787/2/4 2788/2/4 2790/2/4
f 2788/1/4 2789/1/4 2791/1/4
f 2790/2/4 2788/2/4 2791/2/4
f 2791/1/4 2789/1/4 2792/1/4
f 2793/2/4 2794/2/4 2795/2/4
f 2795/2/4 2794/2/4 2796/2/4
f 2795/3/4 2796/3/4 2797/3/4
f 2796/2/4 2794/2/4 2798/2/4
f 2797/3/4 2796/3/4 2798/3/4
f 2797/2/4 2798/2/4 2799/2/4
f 2798/2/4 2794/2/4 2800/2/4
f 2799/2/4 2798/2/4 2800/2/4
f 2799/3/4 2800/3/4 2801/3/4
f 2800/2/4 2794/2/4 2802/2/4
f 2801/3/4 2800/3/4 2802/3/4
f 2802/2/4 2794/2/4 2803/2/4
f 2804/3/4 2805/3/4 2807/3/4
f 2805/2/4 2806/2/4 2808/2/4
f 2807/3/4 2805/3/4 2808/3/4
f 2807/2/4 2808/2/4 2809/2/4
f 2808/2/4 2806/2/4 2810/2/4
f 2809/2/4 2808/2/4 2810/2/4
f 2809/3/4 2810/3/4 2811/3/4
f 2810/2/4 2806/2/4 2812/2/4
f 2811/3/4 2810/3/4 2812/3/4
f 2811/2/4 2812/2/4 2813/2/4
f 2812/2/4 2806/2/4 2814/2/4
f 2813/2/4 2812/2/4 2814/2/4
f 2815/2/4 2816/2/4 2817/2/4
f 2817/2/4 2816/2/4 2818/2/4
f 2817/3/4 2818/3/4 2819/3/4
f 2818/2/4 2816/2/4 2820/2/4
f 2819/3/4 2818/3/4 2820/3/4
f 2819/2/4 2820/2/4 2821/2/4
f 2820/2/4 2816/2/4 2822/2/4
f 2821/2/4 2820/2/4 2822/2/4
f 2821/3/4 2822/3/4 2823/3/4
f 2822/2/4 2816/2/4 2824/2/4
f 2823/3/4 2822/3/4 2824/3/4
f 2824/2/4 2816/2/4 2825/2/4
f 2826/3/4 2827/3/4 2829/3/4
f 2827/2/4 2828/2/4 2830/2/4
f 2829/3/4 2827/3/4 2830/3/4
f 2829/2/4 2830/2/4 2831/2/4
f 2830/2/4 2828/2/4 2832/2/4
f 2831/2/4 2830/2/4 2832/2/4
f 2831/3/4 2832/3/4 2833/3/4
f 2832/2/4 2828/2/4 2834/2/4
f 2833/3/4 2832/3/4 2834/3/4
f 2833/2/4 2834/2/4 2835/2/4
f 2834/2/4 2828/2/4 2836/2/4
f 2835/2/4 2834/2/4 2836/2/4
f 2837/4/4 2838/4/4 2840/4/4
f 2838/3/4 2839/3/4 2840/3/4
f 2840/3/4 2839/3/4 2841/3/4
f 2837/4/4 2840/4/4 2842/4/4
f 2840/4/4 2841/4/4 2842/4/4
f 2841/3/4 2839/3/4 2843/3/4
f 2842/4/4 2841/4/4 2843/4/4
f 2837/4/4 2842/4/4 2844/4/4
f 2842/3/4 2843/3/4 2844/3/4
f 2843/3/4 2839/3/4 2845/3/4
f 2844/3/4 2843/3/4 2845/3/4
f 2837/4/4 2844/4/4 2846/4/4
f 2844/4/4 2845/4/4 2846/4/4
f 2845/3/4 2839/3/4 2847/3/4
f 2846/4/4 2845/4/4 2847/4/4
f 2837/4/4 2846/4/4 2848/4/4
f 2846/3/4 2847/3/4 2848/3/4
f 2847/3/4 2839/3/4 2849/3/4
f 2848/3/4 2847/3/4 2849/3/4
f 2837/4/4 2848/4/4 2850/4/4
f 2848/4/4 2849/4/4 2850/4/4
f 2849/3/4 2839/3/4 2851/3/4
f 2850/4/4 2849/4/4 2851/4/4
f 2851/3/4 2839/3/4 2852/3/4
f 2853/4/4 2854/4/4 2856/4/4
f 2854/3/4 2855/3/4 2857/3/4
f 2856/4/4 2854/4/4 2857/4/4
f 2853/4/4 2856/4/4 2858/4/4
f 2856/3/4 2857/3/4 2858/3/4
f 2857/3/4 2855/3/4 2859/3/4
f 2858/3/4 2857/3/4 2859/3/4
f 2853/4/4 2858/4/4 2860/4/4
f 2858/4/4 2859/4/4 2860/4/4
f 2859/3/4 2855/3/4 2861/3/4
f 2860/4/4 2859/4/4 2861/4/4
f 2853/4/4 2860/4/4 2862/4/4
f 2860/3/4 2861/3/4 2862/3/4
f 2861/3/4 2855/3/4 2863/3/4
f 2862/3/4 2861/3/4 2863/3/4
f 2853/4/4 2862/4/4 2864/4/4
f 2862/4/4 2863/4/4 2864/4/4
f 2863/3/4 2855/3/4 2865/3/4
f 2864/4/4 2863/4/4 2865/4/4
f 2853/4/4 2864/4/4 2866/4/4
f 2864/3/4 2865/3/4 2867/3/4
f 2866/4/4 2864/4/4 2867/4/4
f 2865/3/4 2855/3/4 2868/3/4
f 2867/3/4 2865/3/4 2868/3/4
f 2869/4/4 2870/4/4 2872/4/4
f 2870/3/4 2871/3/4 2872/3/4
f 2872/3/4 2871/3/4 2873/3/4
f 2869/4/4 2872/4/4 2874/4/4
f 2872/4/4 2873/4/4 2874/4/4
f 2873/3/4 2871/3/4 2875/3/4
f 2874/4/4 2873/4/4 2875/4/4
f 2869/4/4 2874/4/4 2876/4/4
f 2874/3/4 2875/3/4 2876/3/4
f 2875/3/4 2871/3/4 2877/3/4
f 2876/3/4 2875/3/4 2877/3/4
f 2869/4/4 2876/4/4 2878/4/4
f 2876/4/4 2877/4/4 2878/4/4
f 2877/3/4 2871/3/4 2879/3/4
f 2878/4/4 2877/4/4 2879/4/4
f 2869/4/4 2878/4/4 2880/4/4
f 2878/3/4 2879/3/4 2880/3/4
f 2879/3/4 2871/3/4 2881/3/4
f 2880/3/4 2879/3/4 2881/3/4
f 2869/4/4 2880/4/4 2882/4/4
f 2880/4/4 2881/4/4 2882/4/4
f 2881/3/4 2871/3/4 2883/3/4
f 2882/4/4 2881/4/4 2883/4/4
f 2883/3/4 2871/3/4 2884/3/4
f 2885/4/4 2886/4/4 2888/4/4
f 2886/3/4 2887/3/4 2889/3/4
f 2888/4/4 2886/4/4 2889/4/4
f 2885/4/4 2888/4/4 2890/4/4
f 2888/3/4 2889/3/4 2890/3/4
f 2889/3/4 2887/3/4 2891/3/4
f 2890/3/4 2889/3/4 2891/3/4
f 2885/4/4 2890/4/4 2892/4/4
f 2890/4/4 2891/4/4 2892/4/4
f 2891/3/4 2887/3/4 2893/3/4
f 2892/4/4 2891/4/4 2893/4/4
f 2885/4/4 2892/4/4 2894/4/4
f 2892/3/4 2893/3/4 2894/3/4
f 2893/3/4 2887/3/4 2895/3/4
f 2894/3/4 2893/3/4 2895/3/4
f 2885/4/4 2894/4/4 2896/4/4
f 2894/4/4 2895/4/4 2896/4/4
f 2895/3/4 2887/3/4 2897/3/4
f 2896/4/4 2895/4/4 2897/4/4
f 2885/4/4 2896/4/4 2898/4/4
f 2896/3/4 2897/3/4 2899/3/4
f 2898/4/4 2896/4/4 2899/4/4
f 2897/3/4 2887/3/4 2900/3/4
f 2899/3/4 2897/3/4 2900/3/4
f 2901/5/4 2902/5/4 2904/5/4
f 2902/4/4 2903/4/4 2905/4/4
f 2904/5/4 2902/5/4 2905/5/4
f 2901/5/4 2904/5/4 2906/5/4
f 2904/4/4 2905/4/4 2906/4/4
f 2905/4/4 2903/4/4 2907/4/4
f 2906/4/4 2905/4/4 2907/4/4
f 2901/5/4 2906/5/4 2908/5/4
f 2906/5/4 2907/5/4 2908/5/4
f 2907/4/4 2903/4/4 2909/4/4
f 2908/5/4 2907/5/4 2909/5/4
f 2901/5/4 2908/5/4 2910/5/4
f 2908/4/4 2909/4/4 2910/4/4
f 2909/4/4 2903/4/4 2911/4/4
f 2910/4/4 2909/4/4 2911/4/4
f 2901/5/4 2910/5/4 2912/5/4
f 2910/5/4 2911/5/4 2912/5/4
f 2911/4/4 2903/4/4 2913/4/4
f 2912/5/4 2911/5/4 2913/5/4
f 2901/5/4 2912/5/4 2914/5/4
f 2912/4/4 2913/4/4 2914/4/4
f 2913/4/4 2903/4/4 2915/4/4
f 2914/4/4 2913/4/4 2915/4/4
f 2901/5/4 2914/5/4 2916/5/4
f 2914/5/4 2915/5/4 2916/5/4
f 2915/4/4 2903/4/4 2917/4/4
f 2916/5/4 2915/5/4 2917/5/4
f 2901/5/4 2916/5/4 2918/5/4
f 2916/4/4 2917/4/4 2919/4/4
f 2918/5/4 2916/5/4 2919/5/4
f 2917/4/4 2903/4/4 2920/4/4
f 2919/4/4 2917/4/4 2920/4/4
f 2921/5/4 2922/5/4 2924/5/4
f 2922/4/4 2923/4/4 2924/4/4
f 2924/4/4 2923/4/4 2925/4/4
f 2921/5/4 2924/5/4 2926/5/4
f 2924/5/4 2925/5/4 2926/5/4
f 2925/4/4 2923/4/4 2927/4/4
f 2926/5/4 2925/5/4 2927/5/4
f 2921/5/4 2926/5/4 2928/5/4
f 2926/4/4 2927/4/4 2928/4/4
f 2927/4/4 2923/4/4 2929/4/4
f 2928/4/4 2927/4/4 2929/4/4
f 2921/5/4 2928/5/4 2930/5/4
f 2928/5/4 2929/5/4 2930/5/4
f 2929/4/4 2923/4/4 2931/4/4
f 2930/5/4 2929/5/4 2931/5/4
f 2921/5/4 2930/5/4 2932/5/4
f 2930/4/4 2931/4/4 2932/4/4
f 2931/4/4 2923/4/4 2933/4/4
f 2932/4/4 2931/4/4 2933/4/4
f 2921/5/4 2932/5/4 2934/5/4
f 2932/5/4 2933/5/4 2934/5/4
f 2933/4/4 2923/4/4 2935/4/4
f 2934/5/4 2933/5/4 2935/5/4
f 2921/5/4 2934/5/4 2936/5/4
f 2934/4/4 2935/4/4 2936/4/4
f 2935/4/4 2923/4/4 2937/4/4
f 2936/4/4 2935/4/4 2937/4/4
f 2921/5/4 2936/5/4 2938/5/4
f 2936/5/4 2937/5/4 2938/5/4
f 2937/4/4 2923/4/4 2939/4/4
f 2938/5/4 2937/5/4 2939/5/4
f 2939/4/4 2923/4/4 2940/4/4
f 2941/5/4 2942/5/4 2944/5/4
f 2942/4/4 2943/4/4 2945/4/4
f 2944/5/4 2942/5/4 2945/5/4
f 2941/5/4 2944/5/4 2946/5/4
f 2944/4/4 2945/4/4 2946/4/4
f 2945/4/4 2943/4/4 2947/4/4
f 2946/4/4 2945/4/4 2947/4/4
f 2941/5/4 2946/5/4 2948/5/4
f 2946/5/4 2947/5/4 2948/5/4
f 2947/4/4 2943/4/4 2949/4/4
f 2948/5/4 2947/5/4 2949/5/4
f 2941/5/4 2948/5/4 2950/5/4
f 2948/4/4 2949/4/4 2950/4/4
f 2949/4/4 2943/4/4 2951/4/4
f 2950/4/4 2949/4/4 2951/4/4
f 2941/5/4 2950/5/4 2952/5/4
f 2950/5/4 2951/5/4 2952/5/4
f 2951/4/4 2943/4/4 2953/4/4
f 2952/5/4 2951/5/4 2953/5/4
f 2941/5/4 2952/5/4 2954/5/4
f 2952/4/4 2953/4/4 2954/4/4
f 2953/4/4 2943/4/4 2955/4/4
f 2954/4/4 2953/4/4 2955/4/4
f 2941/5/4 2954/5/4 2956/5/4
f 2954/5/4 2955/5/4 2956/5/4
f 2955/4/4 2943/4/4 2957/4/4
f 2956/5/4 2955/5/4 2957/5/4
f 2941/5/4 2956/5/4 2958/5/4
f 2956/4/4 2957/4/4 2959/4/4
f 2958/5/4 2956/5/4 2959/5/4
f 2957/4/4 2943/4/4 2960/4/4
f 2959/4/4 2957/4/4 2960/4/4
f 2961/5/4 2962/5/4 2964/5/4
f 2962/4/4 2963/4/4 2964/4/4
f 2964/4/4 2963/4/4 2965/4/4
f 2961/5/4 2964/5/4 2966/5/4
f 2964/5/4 2965/5/4 2966/5/4
f 2965/4/4 2963/4/4 2967/4/4
f 2966/5/4 2965/5/4 2967/5/4
f 2961/5/4 2966/5/4 2968/5/4
f 2966/4/4 2967/4/4 2968/4/4
f 2967/4/4 2963/4/4 2969/4/4
f 2968/4/4 2967/4/4 2969/4/4
f 2961/5/4 2968/5/4 2970/5/4
f 2968/5/4 2969/5/4 2970/5/4
f 2969/4/4 2963/4/4 2971/4/4
f 2970/5/4 2969/5/4 2971/5/4
f 2961/5/4 2970/5/4 2972/5/4
f 2970/4/4 2971/4/4 2972/4/4
f 2971/4/4 2963/4/4 2973/4/4
f 2972/4/4 2971/4/4 2973/4/4
f 2961/5/4 2972/5/4 2974/5/4
f 2972/5/4 2973/5/4 2974/5/4
f 2973/4/4 2963/4/4 2975/4/4
f 2974/5/4 2973/5/4 2975/5/4
f 2961/5/4 2974/5/4 2976/5/4
f 2974/4/4 2975/4/4 2976/4/4
f 2975/4/4 2963/4/4 2977/4/4
f 2976/4/4 2975/4/4 2977/4/4
f 2961/5/4 2976/5/4 2978/5/4
f 2976/5/4 2977/5/4 2978/5/4
f 2977/4/4 2963/4/4 2979/4/4
f 2978/5/4 2977/5/4 2979/5/4
f 2979/4/4 2963/4/4 2980/4/4
f 2981/2/4 2982/2/4 2984/2/4
f 2982/1/4 2983/1/4 2985/1/4
f 2984/2/4 2982/2/4 2985/2/4
f 2985/1/4 2983/1/4 2986/1/4
f 2987/2/4 2988/2/4 2990/2/4
f 2988/1/4 2989/1/4 2991/1/4
f 2990/2/4 2988/2/4 2991/2/4
f 2991/1/4 2989/1/4 2992/1/4
f 2993/2/4 2994/2/4 2996/2/4
f 2994/1/4 2995/1/4 2997/1/4
f 2996/2/4 2994/2/4 2997/2/4
f 2997/1/4 2995/1/4 2998/1/4
f 2999/2/4 3000/2/4 3002/2/4
f 3000/1/4 3001/1/4 3003/1/4
f 3002/2/4 3000/2/4 3003/2/4
f 3003/1/4 3001/1/4 3004/1/4
f 3005/3/4 3006/3/4 3008/3/4
f 3006/2/4 3007/2/4 3009/2/4
f 3008/3/4 3006/3/4 3009/3/4
f 3008/2/4 3009/2/4 3010/2/4
f 3009/2/4 3007/2/4 3011/2/4
f 3010/2/4 3009/2/4 3011/2/4
f 3010/3/4 3011/3/4 3012/3/4
f 3011/2/4 3007/2/4 3013/2/4
f 3012/3/4 3011/3/4 3013/3/4
f 3012/2/4 3013/2/4 3014/2/4
f 3013/2/4 3007/2/4 3015/2/4
f 3014/2/4 3013/2/4 3015/2/4
f 3016/2/4 3017/2/4 3018/2/4
f 3018/2/4 3017/2/4 3019/2/4
f 3018/3/4 3019/3/4 3020/3/4
f 3019/2/4 3017/2/4 3021/2/4
f 3020/3/4 3019/3/4 3021/3/4
f 3020/2/4 3021/2/4 3022/2/4
f 3021/2/4 3017/2/4 3023/2/4
f 3022/2/4 3021/2/4 3023/2/4
f 3022/3/4 3023/3/4 3024/3/4
f 3023/2/4 3017/2/4 3025/2/4
f 3024/3/4 3023/3/4 3025/3/4
f 3025/2/4 3017/2/4 3026/2/4
f 3027/3/4 3028/3/4 3030/3/4
f 3028/2/4 3029/2/4 3031/2/4
f 3030/3/4 3028/3/4 3031/3/4
f 3030/2/4 3031/2/4 3032/2/4
f 3031/2/4 3029/2/4 3033/2/4
f 3032/2/4 3031/2/4 3033/2/4
f 3032/3/4 3033/3/4 3034/3/4
f 3033/2/4 3029/2/4 3035/2/4
f 3034/3/4 3033/3/4 3035/3/4
f 3034/2/4 3035/2/4 3036/2/4
f 3035/2/4 3029/2/4 3037/2/4
f 3036/2/4 3035/2/4 3037/2/4
f 3038/2/4 3039/2/4 3040/2/4
f 3040/2/4 3039/2/4 3041/2/4
f 3040/3/4 3041/3/4 3042/3/4
f 3041/2/4 3039/2/4 3043/2/4
f 3042/3/4 3041/3/4 3043/3/4
f 3042/2/4 3043/2/4 3044/2/4
f 3043/2/4 3039/2/4 3045/2/4
f 3044/2/4 3043/2/4 3045/2/4
f 3044/3/4 3045/3/4 3046/3/4
f 3045/2/4 3039/2/4 3047/2/4
f 3046/3/4 3045/3/4 3047/3/4
f 3047/2/4 3039/2/4 3048/2/4
f 3049/4/4 3050/4/4 3052/4/4
f 3050/3/4 3051/3/4 3053/3/4
f 3052/4/4 3050/4/4 3053/4/4
f 3049/4/4 3052/4/4 3054/4/4
f 3052/3/4 3053/3/4 3054/3/4
f 3053/3/4 3051/3/4 3055/3/4
f 3054/3/4 3053/3/4 3055/3/4
f 3049/4/4 3054/4/4 3056/4/4
f 3054/4/4 3055/4/4 3056/4/4
f 3055/3/4 3051/3/4 3057/3/4
f 3056/4/4 3055/4/4 3057/4/4
f 3049/4/4 3056/4/4 3058/4/4
f 3056/3/4 3057/3/4 3058/3/4
f 3057/3/4 3051/3/4 3059/3/4
f 3058/3/4 3057/3/4 3059/3/4
f 3049/4/4 3058/4/4 3060/4/4
f 3058/4/4 3059/4/4 3060/4/4
f 3059/3/4 3051/3/4 3061/3/4
f 3060/4/4 3059/4/4 3061/4/4
f 3049/4/4 3060/4/4 3062/4/4
f 3060/3/4 3061/3/4 3063/3/4
f 3062/4/4 3060/4/4 3063/4/4
f 3061/3/4 3051/3/4 3064/3/4
f 3063/3/4 3061/3/4 3064/3/4
f 3065/4/4 3066/4/4 3068/4/4
f 3066/3/4 3067/3/4 3068/3/4
f 3068/3/4 3067/3/4 3069/3/4
f 3065/4/4 3068/4/4 3070/4/4
f 3068/4/4 3069/4/4 3070/4/4
f 3069/3/4 3067/3/4 3071/3/4
f 3070/4/4 3069/4/4 3071/4/4
f 3065/4/4 3070/4/4 3072/4/4
f 3070/3/4 3071/3/4 3072/3/4
f 3071/3/4 3067/3/4 3073/3/4
f 3072/3/4 3071/3/4 3073/3/4
f 3065/4/4 3072/4/4 3074/4/4
f 3072/4/4 3073/4/4 3074/4/4
f 3073/3/4 3067/3/4 3075/3/4
f 3074/4/4 3073/4/4 3075/4/4
f 3065/4/4 3074/4/4 3076/4/4
f 3074/3/4 3075/3/4 3076/3/4
f 3075/3/4 3067/3/4 3077/3/4
f 3076/3/4 3075/3/4 3077/3/4
f 3065/4/4 3076/4/4 3078/4/4
f 3076/4/4 3077/4/4 3078/4/4
f 3077/3/4 3067/3/4 3079/3/4
f 3078/4/4 3077/4/4 3079/4/4
f 3079/3/4 3067/3/4 3080/3/4
f 3081/4/4 3082/4/4 3084/4/4
f 3082/3/4 3083/3/4 3085/3/4
f 3084/4/4 3082/4/4 3085/4/4
f 3081/4/4 3084/4/4 3086/4/4
f 3084/3/4 3085/3/4 3086/3/4
f 3085/3/4 3083/3/4 3087/3/4
f 3086/3/4 3085/3/4 3087/3/4
f 3081/4/4 3086/4/4 3088/4/4
f 3086/4/4 3087/4/4 3088/4/4
f 3087/3/4 3083/3/4 3089/3/4
f 3088/4/4 3087/4/4 3089/4/4
f 3081/4/4 3088/4/4 3090/4/4
f 3088/3/4 3089/3/4 3090/3/4
f 3089/3/4 3083/3/4 3091/3/4
f 3090/3/4 3089/3/4 3091/3/4
f 3081/4/4 3090/4/4 3092/4/4
f 3090/4/4 3091/4/4 3092/4/4
f 3091/3/4 3083/3/4 3093/3/4
f 3092/4/4 3091/4/4 3093/4/4
f 3081/4/4 3092/4/4 3094/4/4
f 3092/3/4 3093/3/4 3095/3/4
f 3094/4/4 3092/4/4 3095/4/4
f 3093/3/4 3083/3/4 3096/3/4
f 3095/3/4 3093/3/4 3096/3/4
f 3097/4/4 3098/4/4 3100/4/4
f 3098/3/4 3099/3/4 3100/3/4
f 3100/3/4 3099/3/4 3101/3/4
f 3097/4/4 3100/4/4 3102/4/4
f 3100/4/4 3101/4/4 3102/4/4
f 3101/3/4 3099/3/4 3103/3/4
f 3102/4/4 3101/4/4 3103/4/4
f 3097/4/4 3102/4/4 3104/4/4
f 3102/3/4 3103/3/4 3104/3/4
f 3103/3/4 3099/3/4 3105/3/4
f 3104/3/4 3103/3/4 3105/3/4
f 3097/4/4 3104/4/4 3106/4/4
f 3104/4/4 3105/4/4 3106/4/4
f 3105/3/4 3099/3/4 3107/3/4
f 3106/4/4 3105/4/4 3107/4/4
f 3097/4/4 3106/4/4 3108/4/4
f 3106/3/4 3107/3/4 3108/3/4
f 3107/3/4 3099/3/4 3109/3/4
f 3108/3/4 3107/3/4 3109/3/4
f 3097/4/4 3108/4/4 3110/4/4
f 3108/4/4 3109/4/4 3110/4/4
f 3109/3/4 3099/3/4 3111/3/4
f 3110/4/4 3109/4/4 3111/4/4
f 3111/3/4 3099/3/4 3112/3/4
f 3113/5/4 3114/5/4 3116/5/4
f 3114/4/4 3115/4/4 3116/4/4
f 3116/4/4 3115/4/4 3117/4/4
f 3113/5/4 3116/5/4 3118/5/4
f 3116/5/4 3117/5/4 3118/5/4
f 3117/4/4 3115/4/4 3119/4/4
f 3118/5/4 3117/5/4 3119/5/4
f 3113/5/4 3118/5/4 3120/5/4
f 3118/4/4 3119/4/4 3120/4/4
f 3119/4/4 3115/4/4 3121/4/4
f 3120/4/4 3119/4/4 3121/4/4
f 3113/5/4 3120/5/4 3122/5/4
f 3120/5/4 3121/5/4 3122/5/4
f 3121/4/4 3115/4/4 3123/4/4
f 3122/5/4 3121/5/4 3123/5/4
f 3113/5/4 3122/5/4 3124/5/4
f 3122/4/4 3123/4/4 3124/4/4
f 3123/4/4 3115/4/4 3125/4/4
f 3124/4/4 3123/4/4 3125/4/4
f 3113/5/4 3124/5/4 3126/5/4
f 3124/5/4 3125/5/4 3126/5/4
f 3125/4/4 3115/4/4 3127/4/4
f 3126/5/4 3125/5/4 3127/5/4
f 3113/5/4 3126/5/4 3128/5/4
f 3126/4/4 3127/4/4 3128/4/4
f 3127/4/4 3115/4/4 3129/4/4
f 3128/4/4 3127/4/4 3129/4/4
f 3113/5/4 3128/5/4 3130/5/4
f 3128/5/4 3129/5/4 3130/5/4
f 3129/4/4 3115/4/4 3131/4/4
f 3130/5/4 3129/5/4 3131/5/4
f 3131/4/4 3115/4/4 3132/4/4
f 3133/5/4 3134/5/4 3136/5/4
f 3134/4/4 3135/4/4 3137/4/4
f 3136/5/4 3134/5/4 3137/5/4
f 3133/5/4 3136/5/4 3138/5/4
f 3136/4/4 3137/4/4 3138/4/4
f 3137/4/4 3135/4/4 3139/4/4
f 3138/4/4 3137/4/4 3139/4/4
f 3133/5/4 3138/5/4 3140/5/4
f 3138/5/4 3139/5/4 3140/5/4
f 3139/4/4 3135/4/4 3141/4/4
f 3140/5/4 3139/5/4 3141/5/4
f 3133/5/4 3140/5/4 3142/5/4
f 3140/4/4 3141/4/4 3142/4/4
f 3141/4/4 3135/4/4 3143/4/4
f 3142/4/4 3141/4/4 3143/4/4
f 3133/5/4 3142/5/4 3144/5/4
f 3142/5/4 3143/5/4 3144/5/4
f 3143/4/4 3135/4/4 3145/4/4
f 3144/5/4 3143/5/4 3145/5/4
f 3133/5/4 3144/5/4 3146/5/4
f 3144/4/4 3145/4/4 3146/4/4
f 3145/4/4 3135/4/4 3147/4/4
f 3146/4/4 3145/4/4 3147/4/4
f 3133/5/4 3146/5/4 3148/5/4
f 3146/5/4 3147/5/4 3148/5/4
f 3147/4/4 3135/4/4 3149/4/4
f 3148/5/4 3147/5/4 3149/5/4
f 3133/5/4 3148/5/4 3150/5/4
f 3148/4/4 3149/4/4 3151/4/4
f 3150/5/4 3148/5/4 3151/5/4
f 3149/4/4 3135/4/4 3152/4/4
f 3151/4/4 3149/4/4 3152/4/4
f 3153/5/4 3154/5/4 3156/5/4
f 3154/4/4 3155/4/4 3156/4/4
f 3156/4/4 3155/4/4 3157/4/4
f 3153/5/4 3156/5/4 3158/5/4
f 3156/5/4 3157/5/4 3158/5/4
f 3157/4/4 3155/4/4 3159/4/4
f 3158/5/4 3157/5/4 3159/5/4
f 3153/5/4 3158/5/4 3160/5/4
f 3158/4/4 3159/4/4 3160/4/4
f 3159/4/4 3155/4/4 3161/4/4
f 3160/4/4 3159/4/4 3161/4/4
f 3153/5/4 3160/5/4 3162/5/4
f 3160/5/4 3161/5/4 3162/5/4
f 3161/4/4 3155/4/4 3163/4/4
f 3162/5/4 3161/5/4 3163/5/4
f 3153/5/4 3162/5/4 3164/5/4
f 3162/4/4 3163/4/4 3164/4/4
f 3163/4/4 3155/4/4 3165/4/4
f 3164/4/4 3163/4/4 3165/4/4
f 3153/5/4 3164/5/4 3166/5/4
f 3164/5/4 3165/5/4 3166/5/4
f 3165/4/4 3155/4/4 3167/4/4
f 3166/5/4 3165/5/4 3167/5/4
f 3153/5/4 3166/5/4 3168/5/4
f 3166/4/4 3167/4/4 3168/4/4
f 3167/4/4 3155/4/4 3169/4/4
f 3168/4/4 3167/4/4 3169/4/4
f 3153/5/4 3168/5/4 3170/5/4
f 3168/5/4 3169/5/4 3170/5/4
f 3169/4/4 3155/4/4 3171/4/4
f 3170/5/4 3169/5/4 3171/5/4
f 3171/4/4 3155/4/4 3172/4/4
f 3173/5/4 3174/5/4 3176/5/4
f 3174/4/4 3175/4/4 3177/4/4
f 3176/5/4 3174/5/4 3177/5/4
f 3173/5/4 3176/5/4 3178/5/4
f 3176/4/4 3177/4/4 3178/4/4
f 3177/4/4 3175/4/4 3179/4/4
f 3178/4/4 3177/4/4 3179/4/4
f 3173/5/4 3178/5/4 3180/5/4
f 3178/5/4 3179/5/4 3180/5/4
f 3179/4/4 3175/4/4 3181/4/4
f 3180/5/4 3179/5/4 3181/5/4
f 3173/5/4 3180/5/4 3182/5/4
f 3180/4/4 3181/4/4 3182/4/4
f 3181/4/4 3175/4/4 3183/4/4
f 3182/4/4 3181/4/4 3183/4/4
f 3173/5/4 3182/5/4 3184/5/4
f 3182/5/4 3183/5/4 3184/5/4
f 3183/4/4 3175/4/4 3185/4/4
f 3184/5/4 3183/5/4 3185/5/4
f 3173/5/4 3184/5/4 3186/5/4
f 3184/4/4 3185/4/4 3186/4/4
f 3185/4/4 3175/4/4 3187/4/4
f 3186/4/4 3185/4/4 3187/4/4
f 3173/5/4 3186/5/4 3188/5/4
f 3186/5/4 3187/5/4 3188/5/4
f 3187/4/4 3175/4/4 3189/4/4
f 3188/5/4 3187/5/4 3189/5/4
f 3173/5/4 3188/5/4 3190/5/4
f 3188/4/4 3189/4/4 3191/4/4
f 3190/5/4 3188/5/4 3191/5/4
f 3189/4/4 3175/4/4 3192/4/4
f 3191/4/4 3189/4/4 3192/4/4
f 3193/2/4 3194/2/4 3196/2/4
f 3194/1/4 3195/1/4 3197/1/4
f 3196/2/4 3194/2/4 3197/2/4
f 3197/1/4 3195/1/4 3198/1/4
f 3199/2/4 3200/2/4 3202/2/4
f 3200/1/4 3201/1/4 3203/1/4
f 3202/2/4 3200/2/4 3203/2/4
f 3203/1/4 3201/1/4 3204/1/4
f 3205/2/4 3206/2/4 3208/2/4
f 3206/1/4 3207/1/4 3209/1/4
f 3208/2/4 3206/2/4 3209/2/4
f 3209/1/4 3207/1/4 3210/1/4
f 3211/2/4 3212/2/4 3214/2/4
f 3212/1/4 3213/1/4 3215/1/4
f 3214/2/4 3212/2/4 3215/2/4
f 3215/1/4 3213/1/4 3216/1/4
f 3217/2/4 3218/2/4 3219/2/4
f 3219/2/4 3218/2/4 3220/2/4
f 3219/3/4 3220/3/4 3221/3/4
f 3220/2/4 3218/2/4 3222/2/4
f 3221/3/4 3220/3/4 3222/3/4
f 3221/2/4 3222/2/4 3223/2/4
f 3222/2/4 3218/2/4 3224/2/4
f 3223/2/4 3222/2/4 3224/2/4
f 3223/3/4 3224/3/4 3225/3/4
f 3224/2/4 3218/2/4 3226/2/4
f 3225/3/4 3224/3/4 3226/3/4
f 3226/2/4 3218/2/4 3227/2/4
f 3228/3/4 3229/3/4 3231/3/4
f 3229/2/4 3230/2/4 3232/2/4
f 3231/3/4 3229/3/4 3232/3/4
f 3231/2/4 3232/2/4 3233/2/4
f 3232/2/4 3230/2/4 3234/2/4
f 3233/2/4 3232/2/4 3234/2/4
f 3233/3/4 3234/3/4 3235/3/4
f 3234/2/4 3230/2/4 3236/2/4
f 3235/3/4 3234/3/4 3236/3/4
f 3235/2/4 3236/2/4 3237/2/4
f 3236/2/4 3230/2/4 3238/2/4
f 3237/2/4 3236/2/4 3238/2/4
f 3239/2/4 3240/2/4 3241/2/4
f 3241/2/4 3240/2/4 3242/2/4
f 3241/3/4 3242/3/4 3243/3/4
f 3242/2/4 3240/2/4 3244/2/4
f 3243/3/4 3242/3/4 3244/3/4
f 3243/2/4 3244/2/4 3245/2/4
f 3244/2/4 3240/2/4 3246/2/4
f 3245/2/4 3244/2/4 3246/2/4
f 3245/3/4 3246/3/4 3247/3/4
f 3246/2/4 3240/2/4 3248/2/4
f 3247/3/4 3246/3/4 3248/3/4
f 3248/2/4 3240/2/4 3249/2/4
f 3250/3/4 3251/3/4 3253/3/4
f 3251/2/4 3252/2/4 3254/2/4
f 3253/3/4 3251/3/4 3254/3/4
f 3253/2/4 3254/2/4 3255/2/4
f 3254/2/4 3252/2/4 3256/2/4
f 3255/2/4 3254/2/4 3256/2/4
f 3255/3/4 3256/3/4 3257/3/4
f 3256/2/4 3252/2/4 3258/2/4
f 3257/3/4 3256/3/4 3258/3/4
f 3257/2/4 3258/2/4 3259/2/4
f 3258/2/4 3252/2/4 3260/2/4
f 3259/2/4 3258/2/4 3260/2/4
f 3261/4/4 3262/4/4 3264/4/4
f 3262/3/4 3263/3/4 3264/3/4
f 3264/3/4 3263/3/4 3265/3/4
f 3261/4/4 3264/4/4 3266/4/4
f 3264/4/4 3265/4/4 3266/4/4
f 3265/3/4 3263/3/4 3267/3/4
f 3266/4/4 3265/4/4 3267/4/4
f 3261/4/4 3266/4/4 3268/4/4
f 3266/3/4 3267/3/4 3268/3/4
f 3267/3/4 3263/3/4 3269/3/4
f 3268/3/4 3267/3/4 3269/3/4
f 3261/4/4 3268/4/4 3270/4/4
f 3268/4/4 3269/4/4 3270/4/4
f 3269/3/4 3263/3/4 3271/3/4
f 3270/4/4 3269/4/4 3271/4/4
f 3261/4/4 3270/4/4 3272/4/4
f 3270/3/4 3271/3/4 3272/3/4
f 3271/3/4 3263/3/4 3273/3/4
f 3272/3/4 3271/3/4 3273/3/4
f 3261/4/4 3272/4/4 3274/4/4
f 3272/4/4 3273/4/4 3274/4/4
f 3273/3/4 3263/3/4 3275/3/4
f 3274/4/4 3273/4/4 3275/4/4
f 3275/3/4 3263/3/4 3276/3/4
f 3277/4/4 3278/4/4 3280/4/4
f 3278/3/4 3279/3/4 3281/3/4
f 3280/4/4 3278/4/4 3281/4/4
f 3277/4/4 3280/4/4 3282/4/4
f 3280/3/4 3281/3/4 3282/3/4
f 3281/3/4 3279/3/4 3283/3/4
f 3282/3/4 3281/3/4 3283/3/4
f 3277/4/4 3282/4/4 3284/4/4
f 3282/4/4 3283/4/4 3284/4/4
f 3283/3/4 3279/3/4 3285/3/4
f 3284/4/4 3283/4/4 3285/4/4
f 3277/4/4 3284/4/4 3286/4/4
f 3284/3/4 3285/3/4 3286/3/4
f 3285/3/4 3279/3/4 3287/3/4
f 3286/3/4 3285/3/4 3287/3/4
f 3277/4/4 3286/4/4 3288/4/4
f 3286/4/4 3287/4/4 3288/4/4
f 3287/3/4 3279/3/4 3289/3/4
f 3288/4/4 3287/4/4 3289/4/4
f 3277/4/4 3288/4/4 3290/4/4
f 3288/3/4 3289/3/4 3291/3/4
f 3290/4/4 3288/4/4 3291/4/4
f 3289/3/4 3279/3/4 3292/3/4
f 3291/3/4 3289/3/4 3292/3/4
f 3293/4/4 3294/4/4 3296/4/4
f 3294/3/4 3295/3/4 3296/3/4
f 3296/3/4 3295/3/4 3297/3/4
f 3293/4/4 3296/4/4 3298/4/4
f 3296/4/4 3297/4/4 3298/4/4
f 3297/3/4 3295/3/4 3299/3/4
f 3298/4/4 3297/4/4 3299/4/4
f 3293/4/4 3298/4/4 3300/4/4
f 3298/3/4 3299/3/4 3300/3/4
f 3299/3/4 3295/3/4 3301/3/4
f 3300/3/4 3299/3/4 3301/3/4
f 3293/4/4 3300/4/4 3302/4/4
f 3300/4/4 3301/4/4 3302/4/4
f 3301/3/4 3295/3/4 3303/3/4
f 3302/4/4 3301/4/4 3303/4/4
f 3293/4/4 3302/4/4 3304/4/4
f 3302/3/4 3303/3/4 3304/3/4
f 3303/3/4 3295/3/4 3305/3/4
f 3304/3/4 3303/3/4 3305/3/4
f 3293/4/4 3304/4/4 3306/4/4
f 3304/4/4 3305/4/4 3306/4/4
f 3305/3/4 3295/3/4 3307/3/4
f 3306/4/4 3305/4/4 3307/4/4
f 3307/3/4 3295/3/4 3308/3/4
f 3309/4/4 3310/4/4 3312/4/4
f 3310/3/4 3311/3/4 3313/3/4
f 3312/4/4 3310/4/4 3313/4/4
f 3309/4/4 3312/4/4 3314/4/4
f 3312/3/4 3313/3/4 3314/3/4
f 3313/3/4 3311/3/4 3315/3/4
f 3314/3/4 3313/3/4 3315/3/4
f 3309/4/4 3314/4/4 3316/4/4
f 3314/4/4 3315/4/4 3316/4/4
f 3315/3/4 3311/3/4 3317/3/4
f 3316/4/4 3315/4/4 3317/4/4
f 3309/4/4 3316/4/4 3318/4/4
f 3316/3/4 3317/3/4 3318/3/4
f 3317/3/4 3311/3/4 3319/3/4
f 3318/3/4 3317/3/4 3319/3/4
f 3309/4/4 3318/4/4 3320/4/4
f 3318/4/4 3319/4/4 3320/4/4
f 3319/3/4 3311/3/4 3321/3/4
f 3320/4/4 3319/4/4 3321/4/4
f 3309/4/4 3320/4/4 3322/4/4
f 3320/3/4 3321/3/4 3323/3/4
f 3322/4/4 3320/4/4 3323/4/4
f 3321/3/4 3311/3/4 3324/3/4
f 3323/3/4 3321/3/4 3324/3/4
f 3325/5/4 3326/5/4 3328/5/4
f 3326/4/4 3327/4/4 3329/4/4
f 3328/5/4 3326/5/4 3329/5/4
f 3325/5/4 3328/5/4 3330/5/4
f 3328/4/4 3329/4/4 3330/4/4
f 3329/4/4 3327/4/4 3331/4/4
f 3330/4/4 3329/4/4 3331/4/4
f 3325/5/4 3330/5/4 3332/5/4
f 3330/5/4 3331/5/4 3332/5/4
f 3331/4/4 3327/4/4 3333/4/4
f 3332/5/4 3331/5/4 3333/5/4
f 3325/5/4 3332/5/4 3334/5/4
f 3332/4/4 3333/4/4 3334/4/4
f 3333/4/4 3327/4/4 3335/4/4
f 3334/4/4 3333/4/4 3335/4/4
f 3325/5/4 3334/5/4 3336/5/4
f 3334/5/4 3335/5/4 3336/5/4
f 3335/4/4 3327/4/4 3337/4/4
f 3336/5/4 3335/5/4 3337/5/4
f 3325/5/4 3336/5/4 3338/5/4
f 3336/4/4 3337/4/4 3338/4/4
f 3337/4/4 3327/4/4 3339/4/4
f 3338/4/4 3337/4/4 3339/4/4
f 3325/5/4 3338/5/4 3340/5/4
f 3338/5/4 3339/5/4 3340/5/4
f 3339/4/4 3327/4/4 3341/4/4
f 3340/5/4 3339/5/4 3341/5/4
f 3325/5/4 3340/5/4 3342/5/4
f 3340/4/4 3341/4/4 3343/4/4
f 3342/5/4 3340/5/4 3343/5/4
f 3341/4/4 3327/4/4 3344/4/4
f 3343/4/4 3341/4/4 3344/4/4
f 3345/5/4 3346/5/4 3348/5/4
f 3346/4/4 3347/4/4 3348/4/4
f 3348/4/4 3347/4/4 3349/4/4
f 3345/5/4 3348/5/4 3350/5/4
f 3348/5/4 3349/5/4 3350/5/4
f 3349/4/4 3347/4/4 3351/4/4
f 3350/5/4 3349/5/4 3351/5/4
f 3345/5/4 3350/5/4 3352/5/4
f 3350/4/4 3351/4/4 3352/4/4
f 3351/4/4 3347/4/4 3353/4/4
f 3352/4/4 3351/4/4 3353/4/4
f 3345/5/4 3352/5/4 3354/5/4
f 3352/5/4 3353/5/4 3354/5/4
f 3353/4/4 3347/4/4 3355/4/4
f 3354/5/4 3353/5/4 3355/5/4
f 3345/5/4 3354/5/4 3356/5/4
f 3354/4/4 3355/4/4 3356/4/4
f 3355/4/4 3347/4/4 3357/4/4
f 3356/4/4 3355/4/4 3357/4/4
f 3345/5/4 3356/5/4 3358/5/4
f 3356/5/4 3357/5/4 3358/5/4
f 3357/4/4 3347/4/4 3359/4/4
f 3358/5/4 3357/5/4 3359/5/4
f 3345/5/4 3358/5/4 3360/5/4
f 3358/4/4 3359/4/4 3360/4/4
f 3359/4/4 3347/4/4 3361/4/4
f 3360/4/4 3359/4/4 3361/4/4
f 3345/5/4 3360/5/4 3362/5/4
f 3360/5/4 3361/5/4 3362/5/4
f 3361/4/4 3347/4/4 3363/4/4
f 3362/5/4 3361/5/4 3363/5/4
f 3363/4/4 3347/4/4 3364/4/4
f 3365/5/4 3366/5/4 3368/5/4
f 3366/4/4 3367/4/4 3369/4/4
f 3368/5/4 3366/5/4 3369/5/4
f 3365/5/4 3368/5/4 3370/5/4
f 3368/4/4 3369/4/4 3370/4/4
f 3369/4/4 3367/4/4 3371/4/4
f 3370/4/4 3369/4/4 3371/4/4
f 3365/5/4 3370/5/4 3372/5/4
f 3370/5/4 3371/5/4 3372/5/4
f 3371/4/4 3367/4/4 3373/4/4
f 3372/5/4 3371/5/4 3373/5/4
f 3365/5/4 3372/5/4 3374/5/4
f 3372/4/4 3373/4/4 3374/4/4
f 3373/4/4 3367/4/4 3375/4/4
f 3374/4/4 3373/4/4 3375/4/4
f 3365/5/4 3374/5/4 3376/5/4
f 3374/5/4 3375/5/4 3376/5/4
f 3375/4/4 3367/4/4 3377/4/4
f 3376/5/4 3375/5/4 3377/5/4
f 3365/5/4 3376/5/4 3378/5/4
f 3376/4/4 3377/4/4 3378/4/4
f 3377/4/4 3367/4/4 3379/4/4
f 3378/4/4 3377/4/4 3379/4/4
f 3365/5/4 3378/5/4 3380/5/4
f 3378/5/4 3379/5/4 3380/5/4
f 3379/4/4 3367/4/4 3381/4/4
f 3380/5/4 3379/5/4 3381/5/4
f 3365/5/4 3380/5/4 3382/5/4
f 3380/4/4 3381/4/4 3383/4/4
f 3382/5/4 3380/5/4 3383/5/4
f 3381/4/4 3367/4/4 3384/4/4
f 3383/4/4 3381/4/4 3384/4/4
f 3385/5/4 3386/5/4 3388/5/4
f 3386/4/4 3387/4/4 3388/4/4
f 3388/4/4 3387/4/4 3389/4/4
f 3385/5/4 3388/5/4 3390/5/4
f 3388/5/4 3389/5/4 3390/5/4
f 3389/4/4 3387/4/4 3391/4/4
f 3390/5/4 3389/5/4 3391/5/4
f 3385/5/4 3390/5/4 3392/5/4
f 3390/4/4 3391/4/4 3392/4/4
f 3391/4/4 3387/4/4 3393/4/4
f 3392/4/4 3391/4/4 3393/4/4
f 3385/5/4 3392/5/4 3394/5/4
f 3392/5/4 3393/5/4 3394/5/4
f 3393/4/4 3387/4/4 3395/4/4
f 3394/5/4 3393/5/4 3395/5/4
f 3385/5/4 3394/5/4 3396/5/4
f 3394/4/4 3395/4/4 3396/4/4
f 3395/4/4 3387/4/4 3397/4/4
f 3396/4/4 3395/4/4 3397/4/4
f 3385/5/4 3396/5/4 3398/5/4
f 3396/5/4 3397/5/4 3398/5/4
f 3397/4/4 3387/4/4 3399/4/4
f 3398/5/4 3397/5/4 3399/5/4
f 3385/5/4 3398/5/4 3400/5/4
f 3398/4/4 3399/4/4 3400/4/4
f 3399/4/4 3387/4/4 3401/4/4
f 3400/4/4 3399/4/4 3401/4/4
f 3385/5/4 3400/5/4 3402/5/4
f 3400/5/4 3401/5/4 3402/5/4
f 3401/4/4 3387/4/4 3403/4/4
f 3402/5/4 3401/5/4 3403/5/4
f 3403/4/4 3387/4/4 3404/4/4
f 3405/5/4 3406/5/4 3407/5/4
f 3407/5/4 3406/5/4 3408/5/4
f 3411/5/5 3410/5/5 3409/5/5
f 3412/5/5 3410/5/5 3411/5/5
f 3413/5/6 3414/5/6 3415/5/6
f 3415/5/6 3414/5/6 3416/5/6
f 3416/5/6 3414/5/6 3417/5/6
f 3417/5/6 3414/5/6 3418/5/6
f 3418/5/6 3414/5/6 3419/5/6
f 3419/5/6 3414/5/6 3420/5/6
f 3420/5/6 3414/5/6 3421/5/6
f 3421/5/6 3414/5/6 3422/5/6
f 3413/5/6 3415/5/6 3423/5/6
f 3416/5/6 3417/5/6 3424/5/6
f 3424/5/6 3417/5/6 3425/5/6
f 3418/5/6 3419/5/6 3426/5/6
f 3426/5/6 3419/5/6 3427/5/6
f 3420/5/6 3421/5/6 3428/5/6
f 3428/5/6 3421/5/6 3429/5/6
f 3422/5/6 3414/5/6 3430/5/6
f 3428/5/6 3429/5/6 3431/5/6
f 3429/5/6 3430/5/6 3431/5/6
f 3426/5/6 3427/5/6 3431/5/6
f 3413/5/6 3423/5/6 3431/5/6
f 3427/5/6 3428/5/6 3431/5/6
f 3424/5/6 3425/5/6 3431/5/6
f 3425/5/6 3426/5/6 3431/5/6
f 3423/5/6 3424/5/6 3431/5/6
f 3431/5/6 3430/5/6 3432/5/6
f 3432/5/6 3430/5/6 3433/5/6
f 3433/5/6 3430/5/6 3434/5/6
f 3434/5/6 3430/5/6 3435/5/6
f 3435/5/6 3430/5/6 3436/5/6
f 3436/5/6 3430/5/6 3437/5/6
f 3430/5/6 3414/5/6 3438/5/6
f 3437/5/6 3430/5/6 3438/5/6
f 3413/5/6 3431/5/6 3439/5/6
f 3432/5/6 3433/5/6 3440/5/6
f 3440/5/6 3433/5/6 3441/5/6
f 3434/5/6 3435/5/6 3442/5/6
f 3442/5/6 3435/5/6 3443/5/6
f 3436/5/6 3437/5/6 3444/5/6
f 3444/5/6 3437/5/6 3445/5/6
f 3438/5/6 3414/5/6 3446/5/6
f 3442/5/6 3443/5/6 3447/5/6
f 3445/5/6 3446/5/6 3447/5/6
f 3444/5/6 3445/5/6 3447/5/6
f 3440/5/6 3441/5/6 3447/5/6
f 3443/5/6 3444/5/6 3447/5/6
f 3413/5/6 3439/5/6 3447/5/6
f 3441/5/6 3442/5/6 3447/5/6
f 3439/5/6 3440/5/6 3447/5/6
f 3447/5/6 3446/5/6 3448/5/6
f 3448/5/6 3446/5/6 3449/5/6
f 3449/5/6 3446/5/6 3450/5/6
f 3450/5/6 3446/5/6 3451/5/6
f 3451/5/6 3446/5/6 3452/5/6
f 3452/5/6 3446/5/6 3453/5/6
f 3446/5/6 3414/5/6 3454/5/6
f 3453/5/6 3446/5/6 3454/5/6
f 3413/5/6 3447/5/6 3455/5/6
f 3448/5/6 3449/5/6 3456/5/6
f 3456/5/6 3449/5/6 3457/5/6
f 3450/5/6 3451/5/6 3458/5/6
f 3458/5/6 3451/5/6 3459/5/6
f 3452/5/6 3453/5/6 3460/5/6
f 3460/5/6 3453/5/6 3461/5/6
f 3454/5/6 3414/5/6 3462/5/6
f 3458/5/6 3459/5/6 3463/5/6
f 3461/5/6 3462/5/6 3463/5/6
f 3460/5/6 3461/5/6 3463/5/6
f 3456/5/6 3457/5/6 3463/5/6
f 3459/5/6 3460/5/6 3463/5/6
f 3413/5/6 3455/5/6 3463/5/6
f 3457/5/6 3458/5/6 3463/5/6
f 3455/5/6 3456/5/6 3463/5/6
f 3463/5/6 3462/5/6 3464/5/6
f 3464/5/6 3462/5/6 3465/5/6
f 3465/5/6 3462/5/6 3466/5/6
f 3466/5/6 3462/5/6 3467/5/6
f 3467/5/6 3462/5/6 3468/5/6
f 3468/5/6 3462/5/6 3469/5/6
f 3462/5/6 3414/5/6 3470/5/6
f 3469/5/6 3462/5/6 3470/5/6
f 3413/5/6 3463/5/6 3471/5/6
f 3464/5/6 3465/5/6 3472/5/6
f 3472/5/6 3465/5/6 3473/5/6
f 3466/5/6 3467/5/6 3474/5/6
f 3474/5/6 3467/5/6 3475/5/6
f 3468/5/6 3469/5/6 3476/5/6
f 3476/5/6 3469/5/6 3477/5/6
f 3470/5/6 3414/5/6 3478/5/6
f 3474/5/6 3475/5/6 3479/5/6
f 3477/5/6 3478/5/6 3479/5/6
f 3476/5/6 3477/5/6 3479/5/6
f 3472/5/6 3473/5/6 3479/5/6
f 3475/5/6 3476/5/6 3479/5/6
f 3413/5/6 3471/5/6 3479/5/6
f 3473/5/6 3474/5/6 3479/5/6
f 3471/5/6 3472/5/6 3479/5/6
f 3478/5/6 3414/5/6 3480/5/6
f 3479/5/6 3478/5/6 3480/5/6
f 3481/4/6 3482/4/6 3489/4/6
f 3489/4/6 3482/4/6 3490/4/6
f 3483/4/6 3484/4/6 3491/4/6
f 3491/4/6 3484/4/6 3492/4/6
f 3485/4/6 3486/4/6 3493/4/6
f 3493/4/6 3486/4/6 3494/4/6
f 3487/4/6 3488/4/6 3495/4/6
f 3495/4/6 3488/4/6 3496/4/6
f 3481/4/6 3489/4/6 3497/4/6
f 3490/4/6 3482/4/6 3498/4/6
f 3483/4/6 3491/4/6 3499/4/6
f 3492/4/6 3484/4/6 3500/4/6
f 3485/4/6 3493/4/6 3501/4/6
f 3494/4/6 3486/4/6 3502/4/6
f 3487/4/6 3495/4/6 3503/4/6
f 3496/4/6 3488/4/6 3504/4/6
f 3481/4/6 3497/4/6 3505/4/6
f 3497/4/6 3498/4/6 3505/4/6
f 3498/4/6 3482/4/6 3506/4/6
f 3505/4/6 3498/4/6 3506/4/6
f 3483/4/6 3499/4/6 3507/4/6
f 3499/4/6 3500/4/6 3507/4/6
f 3500/4/6 3484/4/6 3508/4/6
f 3507/4/6 3500/4/6 3508/4/6
f 3485/4/6 3501/4/6 3509/4/6
f 3501/4/6 3502/4/6 3509/4/6
f 3502/4/6 3486/4/6 3510/4/6
f 3509/4/6 3502/4/6 3510/4/6
f 3503/4/6 3504/4/6 3511/4/6
f 3487/4/6 3503/4/6 3511/4/6
f 3504/4/6 3488/4/6 3512/4/6
f 3511/4/6 3504/4/6 3512/4/6
f 3513/4/6 3514/4/6 3521/4/6
f 3521/4/6 3514/4/6 3522/4/6
f 3515/4/6 3516/4/6 3523/4/6
f 3523/4/6 3516/4/6 3524/4/6
f 3517/4/6 3518/4/6 3525/4/6
f 3525/4/6 3518/4/6 3526/4/6
f 3519/4/6 3520/4/6 3527/4/6
f 3527/4/6 3520/4/6 3528/4/6
f 3513/4/6 3521/4/6 3529/4/6
f 3522/4/6 3514/4/6 3530/4/6
f 3515/4/6 3523/4/6 3531/4/6
f 3524/4/6 3516/4/6 3532/4/6
f 3517/4/6 3525/4/6 3533/4/6
f 3526/4/6 3518/4/6 3534/4/6
f 3519/4/6 3527/4/6 3535/4/6
f 3528/4/6 3520/4/6 3536/4/6
f 3513/4/6 3529/4/6 3537/4/6
f 3529/4/6 3530/4/6 3537/4/6
f 3530/4/6 3514/4/6 3538/4/6
f 3537/4/6 3530/4/6 3538/4/6
f 3515/4/6 3531/4/6 3539/4/6
f 3531/4/6 3532/4/6 3539/4/6
f 3532/4/6 3516/4/6 3540/4/6
f 3539/4/6 3532/4/6 3540/4/6
f 3517/4/6 3533/4/6 3541/4/6
f 3533/4/6 3534/4/6 3541/4/6
f 3534/4/6 3518/4/6 3542/4/6
f 3541/4/6 3534/4/6 3542/4/6
f 3535/4/6 3536/4/6 3543/4/6
f 3519/4/6 3535/4/6 3543/4/6
f 3536/4/6 3520/4/6 3544/4/6
f 3543/4/6 3536/4/6 3544/4/6
f 3545/4/6 3546/4/6 3553/4/6
f 3553/4/6 3546/4/6 3554/4/6
f 3547/4/6 3548/4/6 3555/4/6
f 3555/4/6 3548/4/6 3556/4/6
f 3549/4/6 3550/4/6 3557/4/6
f 3557/4/6 3550/4/6 3558/4/6
f 3551/4/6 3552/4/6 3559/4/6
f 3559/4/6 3552/4/6 3560/4/6
f 3545/4/6 3553/4/6 3561/4/6
f 3554/4/6 3546/4/6 3562/4/6
f 3547/4/6 3555/4/6 3563/4/6
f 3556/4/6 3548/4/6 3564/4/6
f 3549/4/6 3557/4/6 3565/4/6
f 3558/4/6 3550/4/6 3566/4/6
f 3551/4/6 3559/4/6 3567/4/6
f 3560/4/6 3552/4/6 3568/4/6
f 3545/4/6 3561/4/6 3569/4/6
f 3561/4/6 3562/4/6 3569/4/6
f 3562/4/6 3546/4/6 3570/4/6
f 3569/4/6 3562/4/6 3570/4/6
f 3547/4/6 3563/4/6 3571/4/6
f 3563/4/6 3564/4/6 3571/4/6
f 3564/4/6 3548/4/6 3572/4/6
f 3571/4/6 3564/4/6 3572/4/6
f 3549/4/6 3565/4/6 3573/4/6
f 3565/4/6 3566/4/6 3573/4/6
f 3566/4/6 3550/4/6 3574/4/6
f 3573/4/6 3566/4/6 3574/4/6
f 3567/4/6 3568/4/6 3575/4/6
f 3551/4/6 3567/4/6 3575/4/6
f 3568/4/6 3552/4/6 3576/4/6
f 3575/4/6 3568/4/6 3576/4/6
f 3577/4/6 3578/4/6 3585/4/6
f 3585/4/6 3578/4/6 3586/4/6
f 3579/4/6 3580/4/6 3587/4/6
f 3587/4/6 3580/4/6 3588/4/6
f 3581/4/6 3582/4/6 3589/4/6
f 3589/4/6 3582/4/6 3590/4/6
f 3583/4/6 3584/4/6 3591/4/6
f 3591/4/6 3584/4/6 3592/4/6
f 3577/4/6 3585/4/6 3593/4/6
f 3586/4/6 3578/4/6 3594/4/6
f 3579/4/6 3587/4/6 3595/4/6
f 3588/4/6 3580/4/6 3596/4/6
f 3581/4/6 3589/4/6 3597/4/6
f 3590/4/6 3582/4/6 3598/4/6
f 3583/4/6 3591/4/6 3599/4/6
f 3592/4/6 3584/4/6 3600/4/6
f 3577/4/6 3593/4/6 3601/4/6
f 3593/4/6 3594/4/6 3601/4/6
f 3594/4/6 3578/4/6 3602/4/6
f 3601/4/6 3594/4/6 3602/4/6
f 3579/4/6 3595/4/6 3603/4/6
f 3595/4/6 3596/4/6 3603/4/6
f 3596/4/6 3580/4/6 3604/4/6
f 3603/4/6 3596/4/6 3604/4/6
f 3581/4/6 3597/4/6 3605/4/6
f 3597/4/6 3598/4/6 3605/4/6
f 3598/4/6 3582/4/6 3606/4/6
f 3605/4/6 3598/4/6 3606/4/6
f 3599/4/6 3600/4/6 3607/4/6
f 3583/4/6 3599/4/6 3607/4/6
f 3600/4/6 3584/4/6 3608/4/6
f 3607/4/6 3600/4/6 3608/4/6
f 3609/3/6 3610/3/6 3617/3/6
f 3617/3/6 3610/3/6 3618/3/6
f 3618/3/6 3610/3/6 3619/3/6
f 3619/3/6 3610/3/6 3620/3/6
f 3620/3/6 3610/3/6 3621/3/6
f 3611/3/6 3612/3/6 3622/3/6
f 3622/3/6 3612/3/6 3623/3/6
f 3623/3/6 3612/3/6 3624/3/6
f 3624/3/6 3612/3/6 3625/3/6
f 3625/3/6 3612/3/6 3626/3/6
f 3613/3/6 3614/3/6 3627/3/6
f 3627/3/6 3614/3/6 3628/3/6
f 3628/3/6 3614/3/6 3629/3/6
f 3629/3/6 3614/3/6 3630/3/6
f 3630/3/6 3614/3/6 3631/3/6
f 3615/3/6 3616/3/6 3632/3/6
f 3632/3/6 3616/3/6 3633/3/6
f 3633/3/6 3616/3/6 3634/3/6
f 3634/3/6 3616/3/6 3635/3/6
f 3635/3/6 3616/3/6 3636/3/6
f 3609/3/6 3617/3/6 3637/3/6
f 3621/3/6 3610/3/6 3638/3/6
f 3611/3/6 3622/3/6 3639/3/6
f 3626/3/6 3612/3/6 3640/3/6
f 3613/3/6 3627/3/6 3641/3/6
f 3631/3/6 3614/3/6 3642/3/6
f 3615/3/6 3632/3/6 3643/3/6
f 3636/3/6 3616/3/6 3644/3/6
f 3609/3/6 3637/3/6 3645/3/6
f 3638/3/6 3610/3/6 3646/3/6
f 3611/3/6 3639/3/6 3647/3/6
f 3640/3/6 3612/3/6 3648/3/6
f 3613/3/6 3641/3/6 3649/3/6
f 3642/3/6 3614/3/6 3650/3/6
f 3615/3/6 3643/3/6 3651/3/6
f 3644/3/6 3616/3/6 3652/3/6
f 3609/3/6 3645/3/6 3653/3/6
f 3646/3/6 3610/3/6 3654/3/6
f 3611/3/6 3647/3/6 3655/3/6
f 3648/3/6 3612/3/6 3656/3/6
f 3613/3/6 3649/3/6 3657/3/6
f 3650/3/6 3614/3/6 3658/3/6
f 3615/3/6 3651/3/6 3659/3/6
f 3652/3/6 3616/3/6 3660/3/6
f 3609/3/6 3653/3/6 3661/3/6
f 3654/3/6 3610/3/6 3665/3/6
f 3611/3/6 3655/3/6 3666/3/6
f 3656/3/6 3612/3/6 3670/3/6
f 3613/3/6 3657/3/6 3671/3/6
f 3658/3/6 3614/3/6 3675/3/6
f 3615/3/6 3659/3/6 3676/3/6
f 3660/3/6 3616/3/6 3680/3/6
f 3664/3/6 3665/3/6 3681/3/6
f 3663/3/6 3664/3/6 3681/3/6
f 3609/3/6 3661/3/6 3681/3/6
f 3661/3/6 3662/3/6 3681/3/6
f 3662/3/6 3663/3/6 3681/3/6
f 3665/3/6 3610/3/6 3682/3/6
f 3681/3/6 3665/3/6 3682/3/6
f 3669/3/6 3670/3/6 3683/3/6
f 3668/3/6 3669/3/6 3683/3/6
f 3611/3/6 3666/3/6 3683/3/6
f 3666/3/6 3667/3/6 3683/3/6
f 3667/3/6 3668/3/6 3683/3/6
f 3670/3/6 3612/3/6 3684/3/6
f 3683/3/6 3670/3/6 3684/3/6
f 3673/3/6 3674/3/6 3685/3/6
f 3674/3/6 3675/3/6 3685/3/6
f 3671/3/6 3672/3/6 3685/3/6
f 3613/3/6 3671/3/6 3685/3/6
f 3672/3/6 3673/3/6 3685/3/6
f 3675/3/6 3614/3/6 3686/3/6
f 3685/3/6 3675/3/6 3686/3/6
f 3679/3/6 3680/3/6 3687/3/6
f 3678/3/6 3679/3/6 3687/3/6
f 3615/3/6 3676/3/6 3687/3/6
f 3677/3/6 3678/3/6 3687/3/6
f 3676/3/6 3677/3/6 3687/3/6
f 3680/3/6 3616/3/6 3688/3/6
f 3687/3/6 3680/3/6 3688/3/6
f 3689/3/6 3690/3/6 3697/3/6
f 3697/3/6 3690/3/6 3698/3/6
f 3698/3/6 3690/3/6 3699/3/6
f 3699/3/6 3690/3/6 3700/3/6
f 3700/3/6 3690/3/6 3701/3/6
f 3691/3/6 3692/3/6 3702/3/6
f 3702/3/6 3692/3/6 3703/3/6
f 3703/3/6 3692/3/6 3704/3/6
f 3704/3/6 3692/3/6 3705/3/6
f 3705/3/6 3692/3/6 3706/3/6
f 3693/3/6 3694/3/6 3707/3/6
f 3707/3/6 3694/3/6 3708/3/6
f 3708/3/6 3694/3/6 3709/3/6
f 3709/3/6 3694/3/6 3710/3/6
f 3710/3/6 3694/3/6 3711/3/6
f 3695/3/6 3696/3/6 3712/3/6
f 3712/3/6 3696/3/6 3713/3/6
f 3713/3/6 3696/3/6 3714/3/6
f 3714/3/6 3696/3/6 3715/3/6
f 3715/3/6 3696/3/6 3716/3/6
f 3689/3/6 3697/3/6 3717/3/6
f 3701/3/6 3690/3/6 3718/3/6
f 3691/3/6 3702/3/6 3719/3/6
f 3706/3/6 3692/3/6 3720/3/6
f 3693/3/6 3707/3/6 3721/3/6
f 3711/3/6 3694/3/6 3722/3/6
f 3695/3/6 3712/3/6 3723/3/6
f 3716/3/6 3696/3/6 3724/3/6
f 3689/3/6 3717/3/6 3725/3/6
f 3718/3/6 3690/3/6 3726/3/6
f 3691/3/6 3719/3/6 3727/3/6
f 3720/3/6 3692/3/6 3728/3/6
f 3693/3/6 3721/3/6 3729/3/6
f 3722/3/6 3694/3/6 3730/3/6
f 3695/3/6 3723/3/6 3731/3/6
f 3724/3/6 3696/3/6 3732/3/6
f 3689/3/6 3725/3/6 3733/3/6
f 3726/3/6 3690/3/6 3734/3/6
f 3691/3/6 3727/3/6 3735/3/6
f 3728/3/6 3692/3/6 3736/3/6
f 3693/3/6 3729/3/6 3737/3/6
f 3730/3/6 3694/3/6 3738/3/6
f 3695/3/6 3731/3/6 3739/3/6
f 3732/3/6 3696/3/6 3740/3/6
f 3689/3/6 3733/3/6 3741/3/6
f 3734/3/6 3690/3/6 3745/3/6
f 3691/3/6 3735/3/6 3746/3/6
f 3736/3/6 3692/3/6 3750/3/6
f 3693/3/6 3737/3/6 3751/3/6
f 3738/3/6 3694/3/6 3755/3/6
f 3695/3/6 3739/3/6 3756/3/6
f 3740/3/6 3696/3/6 3760/3/6
f 3744/3/6 3745/3/6 3761/3/6
f 3743/3/6 3744/3/6 3761/3/6
f 3689/3/6 3741/3/6 3761/3/6
f 3741/3/6 3742/3/6 3761/3/6
f 3742/3/6 3743/3/6 3761/3/6
f 3745/3/6 3690/3/6 3762/3/6
f 3761/3/6 3745/3/6 3762/3/6
f 3749/3/6 3750/3/6 3763/3/6
f 3748/3/6 3749/3/6 3763/3/6
f 3691/3/6 3746/3/6 3763/3/6
f 3746/3/6 3747/3/6 3763/3/6
f 3747/3/6 3748/3/6 3763/3/6
f 3750/3/6 3692/3/6 3764/3/6
f 3763/3/6 3750/3/6 3764/3/6
f 3753/3/6 3754/3/6 3765/3/6
f 3754/3/6 3755/3/6 3765/3/6
f 3751/3/6 3752/3/6 3765/3/6
f 3693/3/6 3751/3/6 3765/3/6
f 3752/3/6 3753/3/6 3765/3/6
f 3755/3/6 3694/3/6 3766/3/6
f 3765/3/6 3755/3/6 3766/3/6
f 3759/3/6 3760/3/6 3767/3/6
f 3758/3/6 3759/3/6 3767/3/6
f 3695/3/6 3756/3/6 3767/3/6
f 3757/3/6 3758/3/6 3767/3/6
f 3756/3/6 3757/3/6 3767/3/6
f 3760/3/6 3696/3/6 3768/3/6
f 3767/3/6 3760/3/6 3768/3/6
f 3769/3/6 3770/3/6 3777/3/6
f 3777/3/6 3770/3/6 3778/3/6
f 3778/3/6 3770/3/6 3779/3/6
f 3779/3/6 3770/3/6 3780/3/6
f 3780/3/6 3770/3/6 3781/3/6
f 3771/3/6 3772/3/6 3782/3/6
f 3782/3/6 3772/3/6 3783/3/6
f 3783/3/6 3772/3/6 3784/3/6
f 3784/3/6 3772/3/6 3785/3/6
f 3785/3/6 3772/3/6 3786/3/6
f 3773/3/6 3774/3/6 3787/3/6
f 3787/3/6 3774/3/6 3788/3/6
f 3788/3/6 3774/3/6 3789/3/6
f 3789/3/6 3774/3/6 3790/3/6
f 3790/3/6 3774/3/6 3791/3/6
f 3775/3/6 3776/3/6 3792/3/6
f 3792/3/6 3776/3/6 3793/3/6
f 3793/3/6 3776/3/6 3794/3/6
f 3794/3/6 3776/3/6 3795/3/6
f 3795/3/6 3776/3/6 3796/3/6
f 3769/3/6 3777/3/6 3797/3/6
f 3781/3/6 3770/3/6 3798/3/6
f 3771/3/6 3782/3/6 3799/3/6
f 3786/3/6 3772/3/6 3800/3/6
f 3773/3/6 3787/3/6 3801/3/6
f 3791/3/6 3774/3/6 3802/3/6
f 3775/3/6 3792/3/6 3803/3/6
f 3796/3/6 3776/3/6 3804/3/6
f 3769/3/6 3797/3/6 3805/3/6
f 3798/3/6 3770/3/6 3806/3/6
f 3771/3/6 3799/3/6 3807/3/6
f 3800/3/6 3772/3/6 3808/3/6
f 3773/3/6 3801/3/6 3809/3/6
f 3802/3/6 3774/3/6 3810/3/6
f 3775/3/6 3803/3/6 3811/3/6
f 3804/3/6 3776/3/6 3812/3/6
f 3769/3/6 3805/3/6 3813/3/6
f 3806/3/6 3770/3/6 3814/3/6
f 3771/3/6 3807/3/6 3815/3/6
f 3808/3/6 3772/3/6 3816/3/6
f 3773/3/6 3809/3/6 3817/3/6
f 3810/3/6 3774/3/6 3818/3/6
f 3775/3/6 3811/3/6 3819/3/6
f 3812/3/6 3776/3/6 3820/3/6
f 3769/3/6 3813/3/6 3821/3/6
f 3814/3/6 3770/3/6 3825/3/6
f 3771/3/6 3815/3/6 3826/3/6
f 3816/3/6 3772/3/6 3830/3/6
f 3773/3/6 3817/3/6 3831/3/6
f 3818/3/6 3774/3/6 3835/3/6
f 3775/3/6 3819/3/6 3836/3/6
f 3820/3/6 3776/3/6 3840/3/6
f 3824/3/6 3825/3/6 3841/3/6
f 3823/3/6 3824/3/6 3841/3/6
f 3769/3/6 3821/3/6 3841/3/6
f 3821/3/6 3822/3/6 3841/3/6
f 3822/3/6 3823/3/6 3841/3/6
f 3825/3/6 3770/3/6 3842/3/6
f 3841/3/6 3825/3/6 3842/3/6
f 3829/3/6 3830/3/6 3843/3/6
f 3828/3/6 3829/3/6 3843/3/6
f 3771/3/6 3826/3/6 3843/3/6
f 3826/3/6 3827/3/6 3843/3/6
f 3827/3/6 3828/3/6 3843/3/6
f 3830/3/6 3772/3/6 3844/3/6
f 3843/3/6 3830/3/6 3844/3/6
f 3833/3/6 3834/3/6 3845/3/6
f 3834/3/6 3835/3/6 3845/3/6
f 3831/3/6 3832/3/6 3845/3/6
f 3773/3/6 3831/3/6 3845/3/6
f 3832/3/6 3833/3/6 3845/3/6
f 3835/3/6 3774/3/6 3846/3/6
f 3845/3/6 3835/3/6 3846/3/6
f 3839/3/6 3840/3/6 3847/3/6
f 3838/3/6 3839/3/6 3847/3/6
f 3775/3/6 3836/3/6 3847/3/6
f 3837/3/6 3838/3/6 3847/3/6
f 3836/3/6 3837/3/6 3847/3/6
f 3840/3/6 3776/3/6 3848/3/6
f 3847/3/6 3840/3/6 3848/3/6
f 3849/3/6 3850/3/6 3857/3/6
f 3857/3/6 3850/3/6 3858/3/6
f 3858/3/6 3850/3/6 3859/3/6
f 3859/3/6 3850/3/6 3860/3/6
f 3860/3/6 3850/3/6 3861/3/6
f 3851/3/6 3852/3/6 3862/3/6
f 3862/3/6 3852/3/6 3863/3/6
f 3863/3/6 3852/3/6 3864/3/6
f 3864/3/6 3852/3/6 3865/3/6
f 3865/3/6 3852/3/6 3866/3/6
f 3853/3/6 3854/3/6 3867/3/6
f 3867/3/6 3854/3/6 3868/3/6
f 3868/3/6 3854/3/6 3869/3/6
f 3869/3/6 3854/3/6 3870/3/6
f 3870/3/6 3854/3/6 3871/3/6
f 3855/3/6 3856/3/6 3872/3/6
f 3872/3/6 3856/3/6 3873/3/6
f 3873/3/6 3856/3/6 3874/3/6
f 3874/3/6 3856/3/6 3875/3/6
f 3875/3/6 3856/3/6 3876/3/6
f 3849/3/6 3857/3/6 3877/3/6
f 3861/3/6 3850/3/6 3878/3/6
f 3851/3/6 3862/3/6 3879/3/6
f 3866/3/6 3852/3/6 3880/3/6
f 3853/3/6 3867/3/6 3881/3/6
f 3871/3/6 3854/3/6 3882/3/6
f 3855/3/6 3872/3/6 3883/3/6
f 3876/3/6 3856/3/6 3884/3/6
f 3849/3/6 3877/3/6 3885/3/6
f 3878/3/6 3850/3/6 3886/3/6
f 3851/3/6 3879/3/6 3887/3/6
f 3880/3/6 3852/3/6 3888/3/6
f 3853/3/6 3881/3/6 3889/3/6
f 3882/3/6 3854/3/6 3890/3/6
f 3855/3/6 3883/3/6 3891/3/6
f 3884/3/6 3856/3/6 3892/3/6
f 3849/3/6 3885/3/6 3893/3/6
f 3886/3/6 3850/3/6 3894/3/6
f 3851/3/6 3887/3/6 3895/3/6
f 3888/3/6 3852/3/6 3896/3/6
f 3853/3/6 3889/3/6 3897/3/6
f 3890/3/6 3854/3/6 3898/3/6
f 3855/3/6 3891/3/6 3899/3/6
f 3892/3/6 3856/3/6 3900/3/6
f 3849/3/6 3893/3/6 3901/3/6
f 3894/3/6 3850/3/6 3905/3/6
f 3851/3/6 3895/3/6 3906/3/6
f 3896/3/6 3852/3/6 3910/3/6
f 3853/3/6 3897/3/6 3911/3/6
f 3898/3/6 3854/3/6 3915/3/6
f 3855/3/6 3899/3/6 3916/3/6
f 3900/3/6 3856/3/6 3920/3/6
f 3904/3/6 3905/3/6 3921/3/6
f 3903/3/6 3904/3/6 3921/3/6
f 3849/3/6 3901/3/6 3921/3/6
f 3901/3/6 3902/3/6 3921/3/6
f 3902/3/6 3903/3/6 3921/3/6
f 3905/3/6 3850/3/6 3922/3/6
f 3921/3/6 3905/3/6 3922/3/6
f 3909/3/6 3910/3/6 3923/3/6
f 3908/3/6 3909/3/6 3923/3/6
f 3851/3/6 3906/3/6 3923/3/6
f 3906/3/6 3907/3/6 3923/3/6
f 3907/3/6 3908/3/6 3923/3/6
f 3910/3/6 3852/3/6 3924/3/6
f 3923/3/6 3910/3/6 3924/3/6
f 3913/3/6 3914/3/6 3925/3/6
f 3914/3/6 3915/3/6 3925/3/6
f 3911/3/6 3912/3/6 3925/3/6
f 3853/3/6 3911/3/6 3925/3/6
f 3912/3/6 3913/3/6 3925/3/6
f 3915/3/6 3854/3/6 3926/3/6
f 3925/3/6 3915/3/6 3926/3/6
f 3919/3/6 3920/3/6 3927/3/6
f 3918/3/6 3919/3/6 3927/3/6
f 3855/3/6 3916/3/6 3927/3/6
f 3917/3/6 3918/3/6 3927/3/6
f 3916/3/6 3917/3/6 3927/3/6
f 3920/3/6 3856/3/6 3928/3/6
f 3927/3/6 3920/3/6 3928/3/6
f 3929/2/6 3930/2/6 3937/2/6
f 3937/2/6 3930/2/6 3938/2/6
f 3931/2/6 3932/2/6 3939/2/6
f 3939/2/6 3932/2/6 3940/2/6
f 3933/2/6 3934/2/6 3941/2/6
f 3941/2/6 3934/2/6 3942/2/6
f 3935/2/6 3936/2/6 3943/2/6
f 3943/2/6 3936/2/6 3944/2/6
f 3929/2/6 3937/2/6 3945/2/6
f 3938/2/6 3930/2/6 3946/2/6
f 3931/2/6 3939/2/6 3947/2/6
f 3940/2/6 3932/2/6 3948/2/6
f 3933/2/6 3941/2/6 3949/2/6
f 3942/2/6 3934/2/6 3950/2/6
f 3935/2/6 3943/2/6 3951/2/6
f 3944/2/6 3936/2/6 3952/2/6
f 3929/2/6 3945/2/6 3953/2/6
f 3945/2/6 3946/2/6 3953/2/6
f 3946/2/6 3930/2/6 3954/2/6
f 3953/2/6 3946/2/6 3954/2/6
f 3931/2/6 3947/2/6 3955/2/6
f 3947/2/6 3948/2/6 3955/2/6
f 3948/2/6 3932/2/6 3956/2/6
f 3955/2/6 3948/2/6 3956/2/6
f 3933/2/6 3949/2/6 3957/2/6
f 3949/2/6 3950/2/6 3957/2/6
f 3950/2/6 3934/2/6 3958/2/6
f 3957/2/6 3950/2/6 3958/2/6
f 3951/2/6 3952/2/6 3959/2/6
f 3935/2/6 3951/2/6 3959/2/6
f 3952/2/6 3936/2/6 3960/2/6
f 3959/2/6 3952/2/6 3960/2/6
f 3961/2/6 3962/2/6 3969/2/6
f 3969/2/6 3962/2/6 3970/2/6
f 3963/2/6 3964/2/6 3971/2/6
f 3971/2/6 3964/2/6 3972/2/6
f 3965/2/6 3966/2/6 3973/2/6
f 3973/2/6 3966/2/6 3974/2/6
f 3967/2/6 3968/2/6 3975/2/6
f 3975/2/6 3968/2/6 3976/2/6
f 3961/2/6 3969/2/6 3977/2/6
f 3970/2/6 3962/2/6 3978/2/6
f 3963/2/6 3971/2/6 3979/2/6
f 3972/2/6 3964/2/6 3980/2/6
f 3965/2/6 3973/2/6 3981/2/6
f 3974/2/6 3966/2/6 3982/2/6
f 3967/2/6 3975/2/6 3983/2/6
f 3976/2/6 3968/2/6 3984/2/6
f 3961/2/6 3977/2/6 3985/2/6
f 3977/2/6 3978/2/6 3985/2/6
f 3978/2/6 3962/2/6 3986/2/6
f 3985/2/6 3978/2/6 3986/2/6
f 3963/2/6 3979/2/6 3987/2/6
f 3979/2/6 3980/2/6 3987/2/6
f 3980/2/6 3964/2/6 3988/2/6
f 3987/2/6 3980/2/6 3988/2/6
f 3965/2/6 3981/2/6 3989/2/6
f 3981/2/6 3982/2/6 3989/2/6
f 3982/2/6 3966/2/6 3990/2/6
f 3989/2/6 3982/2/6 3990/2/6
f 3983/2/6 3984/2/6 3991/2/6
f 3967/2/6 3983/2/6 3991/2/6
f 3984/2/6 3968/2/6 3992/2/6
f 3991/2/6 3984/2/6 3992/2/6
f 3993/2/6 3994/2/6 4001/2/6
f 4001/2/6 3994/2/6 4002/2/6
f 3995/2/6 3996/2/6 4003/2/6
f 4003/2/6 3996/2/6 4004/2/6
f 3997/2/6 3998/2/6 4005/2/6
f 4005/2/6 3998/2/6 4006/2/6
f 3999/2/6 4000/2/6 4007/2/6
f 4007/2/6 4000/2/6 4008/2/6
f 3993/2/6 4001/2/6 4009/2/6
f 4002/2/6 3994/2/6 4010/2/6
f 3995/2/6 4003/2/6 4011/2/6
f 4004/2/6 3996/2/6 4012/2/6
f 3997/2/6 4005/2/6 4013/2/6
f 4006/2/6 3998/2/6 4014/2/6
f 3999/2/6 4007/2/6 4015/2/6
f 4008/2/6 4000/2/6 4016/2/6
f 3993/2/6 4009/2/6 4017/2/6
f 4009/2/6 4010/2/6 4017/2/6
f 4010/2/6 3994/2/6 4018/2/6
f 4017/2/6 4010/2/6 4018/2/6
f 3995/2/6 4011/2/6 4019/2/6
f 4011/2/6 4012/2/6 4019/2/6
f 4012/2/6 3996/2/6 4020/2/6
f 4019/2/6 4012/2/6 4020/2/6
f 3997/2/6 4013/2/6 4021/2/6
f 4013/2/6 4014/2/6 4021/2/6
f 4014/2/6 3998/2/6 4022/2/6
f 4021/2/6 4014/2/6 4022/2/6
f 4015/2/6 4016/2/6 4023/2/6
f 3999/2/6 4015/2/6 4023/2/6
f 4016/2/6 4000/2/6 4024/2/6
f 4023/2/6 4016/2/6 4024/2/6
f 4025/2/6 4026/2/6 4033/2/6
f 4033/2/6 4026/2/6 4034/2/6
f 4027/2/6 4028/2/6 4035/2/6
f 4035/2/6 4028/2/6 4036/2/6
f 4029/2/6 4030/2/6 4037/2/6
f 4037/2/6 4030/2/6 4038/2/6
f 4031/2/6 4032/2/6 4039/2/6
f 4039/2/6 4032/2/6 4040/2/6
f 4025/2/6 4033/2/6 4041/2/6
f 4034/2/6 4026/2/6 4042/2/6
f 4027/2/6 4035/2/6 4043/2/6
f 4036/2/6 4028/2/6 4044/2/6
f 4029/2/6 4037/2/6 4045/2/6
f 4038/2/6 4030/2/6 4046/2/6
f 4031/2/6 4039/2/6 4047/2/6
f 4040/2/6 4032/2/6 4048/2/6
f 4025/2/6 4041/2/6 4049/2/6
f 4041/2/6 4042/2/6 4049/2/6
f 4042/2/6 4026/2/6 4050/2/6
f 4049/2/6 4042/2/6 4050/2/6
f 4027/2/6 4043/2/6 4051/2/6
f 4043/2/6 4044/2/6 4051/2/6
f 4044/2/6 4028/2/6 4052/2/6
f 4051/2/6 4044/2/6 4052/2/6
f 4029/2/6 4045/2/6 4053/2/6
f 4045/2/6 4046/2/6 4053/2/6
f 4046/2/6 4030/2/6 4054/2/6
f 4053/2/6 4046/2/6 4054/2/6
f 4047/2/6 4048/2/6 4055/2/6
f 4031/2/6 4047/2/6 4055/2/6
f 4048/2/6 4032/2/6 4056/2/6
f 4055/2/6 4048/2/6 4056/2/6
f 4057/1/6 4058/1/6 4065/1/6
f 4065/1/6 4058/1/6 4066/1/6
f 4059/1/6 4060/1/6 4067/1/6
f 4067/1/6 4060/1/6 4068/1/6
f 4061/1/6 4062/1/6 4069/1/6
f 4069/1/6 4062/1/6 4070/1/6
f 4063/1/6 4064/1/6 4071/1/6
f 4071/1/6 4064/1/6 4072/1/6
f 4073/1/6 4074/1/6 4081/1/6
f 4081/1/6 4074/1/6 4082/1/6
f 4075/1/6 4076/1/6 4083/1/6
f 4083/1/6 4076/1/6 4084/1/6
f 4077/1/6 4078/1/6 4085/1/6
f 4085/1/6 4078/1/6 4086/1/6
f 4079/1/6 4080/1/6 4087/1/6
f 4087/1/6 4080/1/6 4088/1/6
f 4089/1/6 4090/1/6 4097/1/6
f 4097/1/6 4090/1/6 4098/1/6
f 4091/1/6 4092/1/6 4099/1/6
f 4099/1/6 4092/1/6 4100/1/6
f 4093/1/6 4094/1/6 4101/1/6
f 4101/1/6 4094/1/6 4102/1/6
f 4095/1/6 4096/1/6 4103/1/6
f 4103/1/6 4096/1/6 4104/1/6
f 4105/1/6 4106/1/6 4113/1/6
f 4113/1/6 4106/1/6 4114/1/6
f 4107/1/6 4108/1/6 4115/1/6
f 4115/1/6 4108/1/6 4116/1/6
f 4109/1/6 4110/1/6 4117/1/6
f 4117/1/6 4110/1/6 4118/1/6
f 4111/1/6 4112/1/6 4119/1/6
f 4119/1/6 4112/1/6 4120/1/6
