# MagicaVoxel @ Ephtracy

# group
o 

# material
mtllib Shield.mtl
usemtl palette

# normals
vn -1 0 0
vn 1 0 0
vn 0 0 1
vn 0 0 -1
vn 0 -1 0
vn 0 1 0

# texcoords
vt 0.0253906 0.5
vt 0.0292969 0.5

# verts
v -2.5 2 0.1
v -2.5 2 -0.1
v -2.5 2.1 0
v -2.5 2.1 -0.1
v -2.5 2.3 0
v -2.5 2.3 -0.1
v -2.5 2.4 0.1
v -2.5 2.4 0
v -2.5 2.5 0.1
v -2.5 2.5 0
v -2.5 2.6 0
v -2.5 2.6 -0.1
v -2.5 2.7 0.1
v -2.5 2.7 0
v -2.5 2.7 -0.1
v -2.5 2.8 0
v -2.5 2.8 -0.1
v -2.5 2.9 0.1
v -2.5 2.9 -0.1
v -2.5 3 0.1
v -2.5 3 -0.1
v -2.4 1.6 0.1
v -2.4 1.6 -0.1
v -2.4 2 0.1
v -2.4 2 -0.1
v -2.4 3 0.1
v -2.4 3 -0.1
v -2.4 3.4 0.1
v -2.4 3.4 -0.1
v -2.3 1.4 0.1
v -2.3 1.4 -0.1
v -2.3 1.5 0.1
v -2.3 1.5 0
v -2.3 1.6 0.1
v -2.3 1.6 0
v -2.3 1.6 -0.1
v -2.3 3.4 0.1
v -2.3 3.4 0
v -2.3 3.4 -0.1
v -2.3 3.6 0.1
v -2.3 3.6 0
v -2.3 3.6 -0.1
v -2.2 1.2 0.1
v -2.2 1.2 -0.1
v -2.2 1.3 0.1
v -2.2 1.3 -0.1
v -2.2 1.4 0.1
v -2.2 1.4 -0.1
v -2.2 2.3 0.1
v -2.2 2.3 0
v -2.2 2.4 0.1
v -2.2 2.4 0
v -2.2 2.5 0
v -2.2 2.5 -0.1
v -2.2 2.6 0.1
v -2.2 2.6 0
v -2.2 2.6 -0.1
v -2.2 2.7 0.1
v -2.2 2.7 0
v -2.2 3.6 0.1
v -2.2 3.6 0
v -2.2 3.6 -0.1
v -2.2 3.7 0
v -2.2 3.7 -0.1
v -2.2 3.8 0.1
v -2.2 3.8 0
v -2.2 3.8 -0.1
v -2.1 1 0.1
v -2.1 1 -0.1
v -2.1 1.2 0.1
v -2.1 1.2 -0.1
v -2.1 3.3 0
v -2.1 3.3 -0.1
v -2.1 3.4 0
v -2.1 3.4 -0.1
v -2.1 3.8 0.1
v -2.1 3.8 0
v -2.1 3.8 -0.1
v -2.1 4 0.1
v -2.1 4 -0.1
v -2 0.9 0.1
v -2 0.9 0
v -2 0.9 -0.1
v -2 1 0.1
v -2 1 0
v -2 1 -0.1
v -2 1.6 0.1
v -2 1.6 0
v -2 1.7 0.1
v -2 1.7 0
v -2 1.8 0
v -2 1.8 -0.1
v -2 1.9 0
v -2 1.9 -0.1
v -2 3.1 0
v -2 3.1 -0.1
v -2 3.2 0
v -2 3.2 -0.1
v -2 3.3 0.1
v -2 3.3 0
v -2 3.4 0.1
v -2 3.4 0
v -2 4 0.1
v -2 4 -0.1
v -2 4.1 0.1
v -2 4.1 -0.1
v -1.9 0.8 0.1
v -1.9 0.8 -0.1
v -1.9 0.9 0.1
v -1.9 0.9 0
v -1.9 0.9 -0.1
v -1.9 2.2 0
v -1.9 2.2 -0.1
v -1.9 2.3 0
v -1.9 2.3 -0.1
v -1.9 2.7 0
v -1.9 2.7 -0.1
v -1.9 2.8 0
v -1.9 2.8 -0.1
v -1.9 4.1 0.1
v -1.9 4.1 -0.1
v -1.9 4.2 0.1
v -1.9 4.2 -0.1
v -1.8 0.7 0.1
v -1.8 0.7 -0.1
v -1.8 0.8 0.1
v -1.8 0.8 -0.1
v -1.8 2.1 0.1
v -1.8 2.1 0
v -1.8 2.2 0.1
v -1.8 2.2 0
v -1.8 2.8 0.1
v -1.8 2.8 0
v -1.8 2.9 0.1
v -1.8 2.9 0
v -1.8 3.5 0.1
v -1.8 3.5 0
v -1.8 3.6 0.1
v -1.8 3.6 0
v -1.8 4.2 0.1
v -1.8 4.2 0
v -1.8 4.2 -0.1
v -1.8 4.3 0.1
v -1.8 4.3 0
v -1.8 4.3 -0.1
v -1.7 0.6 0.1
v -1.7 0.6 -0.1
v -1.7 0.7 0.1
v -1.7 0.7 -0.1
v -1.7 1.1 0.1
v -1.7 1.1 0
v -1.7 1.2 0.1
v -1.7 1.2 0
v -1.7 1.2 -0.1
v -1.7 1.3 0
v -1.7 1.3 -0.1
v -1.7 1.5 0
v -1.7 1.5 -0.1
v -1.7 1.6 0
v -1.7 1.6 -0.1
v -1.7 1.8 0.1
v -1.7 1.8 0
v -1.7 1.9 0.1
v -1.7 1.9 0
v -1.7 3.1 0.1
v -1.7 3.1 0
v -1.7 3.2 0.1
v -1.7 3.2 0
v -1.7 3.4 0
v -1.7 3.4 -0.1
v -1.7 3.5 0
v -1.7 3.5 -0.1
v -1.7 3.7 0
v -1.7 3.7 -0.1
v -1.7 3.8 0.1
v -1.7 3.8 0
v -1.7 3.8 -0.1
v -1.7 3.9 0.1
v -1.7 3.9 0
v -1.7 4.3 0.1
v -1.7 4.3 0
v -1.7 4.3 -0.1
v -1.7 4.4 0.1
v -1.7 4.4 -0.1
v -1.6 0.5 0.1
v -1.6 0.5 -0.1
v -1.6 0.6 0.1
v -1.6 0.6 -0.1
v -1.6 4.4 0.1
v -1.6 4.4 0
v -1.6 4.4 -0.1
v -1.6 4.5 0.1
v -1.6 4.5 0
v -1.6 4.5 -0.1
v -1.5 0.4 0.1
v -1.5 0.4 -0.1
v -1.5 0.5 0.1
v -1.5 0.5 -0.1
v -1.5 1.3 0.1
v -1.5 1.3 0
v -1.5 1.4 0.1
v -1.5 1.4 0
v -1.5 3.6 0.1
v -1.5 3.6 0
v -1.5 3.7 0.1
v -1.5 3.7 0
v -1.5 4.5 0.1
v -1.5 4.5 0
v -1.5 4.5 -0.1
v -1.5 4.6 0.1
v -1.5 4.6 -0.1
v -1.4 0.8 0
v -1.4 0.8 -0.1
v -1.4 0.9 0
v -1.4 0.9 -0.1
v -1.4 4.1 0
v -1.4 4.1 -0.1
v -1.4 4.2 0
v -1.4 4.2 -0.1
v -1.3 0.3 0.1
v -1.3 0.3 0
v -1.3 0.3 -0.1
v -1.3 0.4 0.1
v -1.3 0.4 0
v -1.3 0.4 -0.1
v -1.3 0.8 0.1
v -1.3 0.8 0
v -1.3 0.9 0.1
v -1.3 0.9 0
v -1.3 4.1 0.1
v -1.3 4.1 0
v -1.3 4.2 0.1
v -1.3 4.2 0
v -1.3 4.6 0.1
v -1.3 4.6 -0.1
v -1.3 4.7 0.1
v -1.3 4.7 -0.1
v -1.2 1 0
v -1.2 1 -0.1
v -1.2 1.1 0
v -1.2 1.1 -0.1
v -1.2 3.9 0
v -1.2 3.9 -0.1
v -1.2 4 0
v -1.2 4 -0.1
v -1.1 0.2 0.1
v -1.1 0.2 0
v -1.1 0.2 -0.1
v -1.1 0.3 0.1
v -1.1 0.3 0
v -1.1 0.3 -0.1
v -1.1 0.7 0
v -1.1 0.7 -0.1
v -1.1 0.8 0
v -1.1 0.8 -0.1
v -1.1 4.7 0.1
v -1.1 4.7 0
v -1.1 4.7 -0.1
v -1.1 4.8 0.1
v -1.1 4.8 -0.1
v -1 0.8 0.1
v -1 0.8 0
v -1 0.9 0.1
v -1 0.9 0
v -1 4.1 0.1
v -1 4.1 0
v -1 4.2 0.1
v -1 4.2 0
v -0.9 0.1 0.1
v -0.9 0.1 -0.1
v -0.9 0.2 0.1
v -0.9 0.2 0
v -0.9 0.2 -0.1
v -0.9 0.5 0
v -0.9 0.5 -0.1
v -0.9 0.6 0
v -0.9 0.6 -0.1
v -0.9 4.4 0
v -0.9 4.4 -0.1
v -0.9 4.5 0
v -0.9 4.5 -0.1
v -0.9 4.8 0.1
v -0.9 4.8 -0.1
v -0.9 4.9 0.1
v -0.9 4.9 -0.1
v -0.7 0.5 0.1
v -0.7 0.5 0
v -0.7 0.6 0.1
v -0.7 0.6 0
v -0.7 0.8 0
v -0.7 0.8 -0.1
v -0.7 0.9 0
v -0.7 0.9 -0.1
v -0.7 4.1 0
v -0.7 4.1 -0.1
v -0.7 4.2 0
v -0.7 4.2 -0.1
v -0.7 4.4 0.1
v -0.7 4.4 0
v -0.7 4.5 0.1
v -0.7 4.5 0
v -0.6 0.3 0
v -0.6 0.3 -0.1
v -0.6 0.4 0
v -0.6 0.4 -0.1
v -0.6 4.6 0
v -0.6 4.6 -0.1
v -0.6 4.7 0
v -0.6 4.7 -0.1
v -0.5 0 0.1
v -0.5 0 -0.1
v -0.5 0.1 0.1
v -0.5 0.1 -0.1
v -0.5 4.9 0.1
v -0.5 4.9 -0.1
v -0.5 5 0.1
v -0.5 5 -0.1
v -0.4 0.7 0
v -0.4 0.7 -0.1
v -0.4 0.8 0
v -0.4 0.8 -0.1
v -0.4 4.2 0
v -0.4 4.2 -0.1
v -0.4 4.3 0
v -0.4 4.3 -0.1
v -0.3 0.6 0.1
v -0.3 0.6 0
v -0.3 0.7 0.1
v -0.3 0.7 0
v -0.3 4.3 0.1
v -0.3 4.3 0
v -0.3 4.4 0.1
v -0.3 4.4 0
v -0.2 0.2 0.1
v -0.2 0.2 0
v -0.2 0.3 0.1
v -0.2 0.3 0
v -0.2 0.3 -0.1
v -0.2 0.4 0
v -0.2 0.4 -0.1
v -0.2 4.6 0
v -0.2 4.6 -0.1
v -0.2 4.7 0
v -0.2 4.7 -0.1
v 2.38419e-07 4.6 0.1
v 2.38419e-07 4.6 0
v 2.38419e-07 4.7 0.1
v 2.38419e-07 4.7 0
v 0.1 0.3 0
v 0.1 0.3 -0.1
v 0.1 0.4 0
v 0.1 0.4 -0.1
v 0.1 4.6 0
v 0.1 4.6 -0.1
v 0.1 4.7 0
v 0.1 4.7 -0.1
v 0.2 0.6 0.1
v 0.2 0.6 0
v 0.2 0.7 0.1
v 0.2 0.7 0
v 0.2 4.3 0.1
v 0.2 4.3 0
v 0.2 4.4 0.1
v 0.2 4.4 0
v 0.3 0.3 0.1
v 0.3 0.3 0
v 0.3 0.4 0.1
v 0.3 0.4 0
v 0.3 0.7 0
v 0.3 0.7 -0.1
v 0.3 0.8 0
v 0.3 0.8 -0.1
v 0.3 4.2 0
v 0.3 4.2 -0.1
v 0.3 4.3 0
v 0.3 4.3 -0.1
v 0.5 0.2 0.1
v 0.5 0.2 -0.1
v 0.5 0.3 0.1
v 0.5 0.3 -0.1
v 0.5 4.7 0.1
v 0.5 4.7 -0.1
v 0.5 4.8 0.1
v 0.5 4.8 -0.1
v 0.6 0.5 0.1
v 0.6 0.5 0
v 0.6 0.6 0.1
v 0.6 0.6 0
v 0.6 0.8 0
v 0.6 0.8 -0.1
v 0.6 0.9 0
v 0.6 0.9 -0.1
v 0.6 4.1 0
v 0.6 4.1 -0.1
v 0.6 4.2 0
v 0.6 4.2 -0.1
v 0.6 4.4 0.1
v 0.6 4.4 0
v 0.6 4.5 0.1
v 0.6 4.5 0
v 0.8 0.5 0
v 0.8 0.5 -0.1
v 0.8 0.6 0
v 0.8 0.6 -0.1
v 0.8 4.4 0
v 0.8 4.4 -0.1
v 0.8 4.5 0.1
v 0.8 4.5 0
v 0.8 4.5 -0.1
v 0.8 4.6 0.1
v 0.8 4.6 0
v 0.9 0.3 0.1
v 0.9 0.3 0
v 0.9 0.3 -0.1
v 0.9 0.4 0.1
v 0.9 0.4 0
v 0.9 0.4 -0.1
v 0.9 0.8 0.1
v 0.9 0.8 0
v 0.9 0.9 0.1
v 0.9 0.9 0
v 0.9 4.1 0.1
v 0.9 4.1 0
v 0.9 4.2 0.1
v 0.9 4.2 0
v 0.9 4.6 0.1
v 0.9 4.6 0
v 0.9 4.6 -0.1
v 0.9 4.7 0.1
v 0.9 4.7 0
v 0.9 4.7 -0.1
v 1.1 0.4 0.1
v 1.1 0.4 -0.1
v 1.1 0.5 0.1
v 1.1 0.5 -0.1
v 1.1 1 0
v 1.1 1 -0.1
v 1.1 1.1 0
v 1.1 1.1 -0.1
v 1.1 3.9 0
v 1.1 3.9 -0.1
v 1.1 4 0
v 1.1 4 -0.1
v 1.1 4.5 0.1
v 1.1 4.5 -0.1
v 1.1 4.6 0.1
v 1.1 4.6 0
v 1.1 4.6 -0.1
v 1.2 0.8 0.1
v 1.2 0.8 0
v 1.2 0.9 0.1
v 1.2 0.9 0
v 1.2 4.1 0.1
v 1.2 4.1 0
v 1.2 4.2 0.1
v 1.2 4.2 0
v 1.2 4.3 0
v 1.2 4.3 -0.1
v 1.2 4.4 0
v 1.2 4.4 -0.1
v 1.3 0.5 0.1
v 1.3 0.5 0
v 1.3 0.5 -0.1
v 1.3 0.6 0.1
v 1.3 0.6 -0.1
v 1.3 0.8 0
v 1.3 0.8 -0.1
v 1.3 0.9 0
v 1.3 0.9 -0.1
v 1.3 4.1 0
v 1.3 4.1 -0.1
v 1.3 4.2 0
v 1.3 4.2 -0.1
v 1.3 4.4 0.1
v 1.3 4.4 0
v 1.3 4.4 -0.1
v 1.3 4.5 0.1
v 1.3 4.5 -0.1
v 1.4 0.6 0.1
v 1.4 0.6 -0.1
v 1.4 0.7 0.1
v 1.4 0.7 -0.1
v 1.4 1.3 0.1
v 1.4 1.3 0
v 1.4 1.4 0.1
v 1.4 1.4 0
v 1.4 3.6 0.1
v 1.4 3.6 0
v 1.4 3.7 0.1
v 1.4 3.7 0
v 1.4 4.3 0.1
v 1.4 4.3 0
v 1.4 4.3 -0.1
v 1.4 4.4 0.1
v 1.4 4.4 0
v 1.4 4.4 -0.1
v 1.5 0.7 0.1
v 1.5 0.7 0
v 1.5 0.7 -0.1
v 1.5 0.8 0.1
v 1.5 0.8 0
v 1.5 0.8 -0.1
v 1.5 4.2 0.1
v 1.5 4.2 -0.1
v 1.5 4.3 0.1
v 1.5 4.3 0
v 1.5 4.3 -0.1
v 1.6 0.8 0.1
v 1.6 0.8 0
v 1.6 0.8 -0.1
v 1.6 0.9 0.1
v 1.6 0.9 -0.1
v 1.6 1.1 0.1
v 1.6 1.1 0
v 1.6 1.2 0.1
v 1.6 1.2 0
v 1.6 1.2 -0.1
v 1.6 1.3 0
v 1.6 1.3 -0.1
v 1.6 1.5 0
v 1.6 1.5 -0.1
v 1.6 1.6 0
v 1.6 1.6 -0.1
v 1.6 1.8 0.1
v 1.6 1.8 0
v 1.6 1.9 0.1
v 1.6 1.9 0
v 1.6 3.1 0.1
v 1.6 3.1 0
v 1.6 3.2 0.1
v 1.6 3.2 0
v 1.6 3.4 0
v 1.6 3.4 -0.1
v 1.6 3.5 0
v 1.6 3.5 -0.1
v 1.6 3.7 0
v 1.6 3.7 -0.1
v 1.6 3.8 0.1
v 1.6 3.8 0
v 1.6 3.8 -0.1
v 1.6 3.9 0.1
v 1.6 3.9 0
v 1.6 4.1 0.1
v 1.6 4.1 -0.1
v 1.6 4.2 0.1
v 1.6 4.2 -0.1
v 1.7 0.9 0.1
v 1.7 0.9 -0.1
v 1.7 1 0.1
v 1.7 1 -0.1
v 1.7 2.1 0.1
v 1.7 2.1 0
v 1.7 2.2 0.1
v 1.7 2.2 0
v 1.7 2.8 0.1
v 1.7 2.8 0
v 1.7 2.9 0.1
v 1.7 2.9 0
v 1.7 4 0.1
v 1.7 4 0
v 1.7 4 -0.1
v 1.7 4.1 0.1
v 1.7 4.1 0
v 1.7 4.1 -0.1
v 1.8 1 0.1
v 1.8 1 -0.1
v 1.8 1.1 0.1
v 1.8 1.1 -0.1
v 1.8 1.2 0.1
v 1.8 1.2 0
v 1.8 1.3 0.1
v 1.8 1.3 0
v 1.8 2.2 0
v 1.8 2.2 -0.1
v 1.8 2.3 0
v 1.8 2.3 -0.1
v 1.8 2.7 0
v 1.8 2.7 -0.1
v 1.8 2.8 0
v 1.8 2.8 -0.1
v 1.8 3.9 0.1
v 1.8 3.9 0
v 1.8 3.9 -0.1
v 1.8 4 0.1
v 1.8 4 0
v 1.8 4 -0.1
v 1.9 1.1 0.1
v 1.9 1.1 0
v 1.9 1.1 -0.1
v 1.9 1.2 0.1
v 1.9 1.2 0
v 1.9 1.2 -0.1
v 1.9 1.6 0.1
v 1.9 1.6 0
v 1.9 1.7 0.1
v 1.9 1.7 0
v 1.9 1.8 0
v 1.9 1.8 -0.1
v 1.9 1.9 0
v 1.9 1.9 -0.1
v 1.9 3.1 0
v 1.9 3.1 -0.1
v 1.9 3.2 0
v 1.9 3.2 -0.1
v 1.9 3.3 0.1
v 1.9 3.3 0
v 1.9 3.4 0.1
v 1.9 3.4 0
v 1.9 3.8 0.1
v 1.9 3.8 0
v 1.9 3.8 -0.1
v 1.9 3.9 0.1
v 1.9 3.9 0
v 1.9 3.9 -0.1
v 2 1.2 0.1
v 2 1.2 0
v 2 1.2 -0.1
v 2 1.3 0
v 2 1.3 -0.1
v 2 1.4 0.1
v 2 1.4 -0.1
v 2 3.6 0.1
v 2 3.6 -0.1
v 2 3.7 0.1
v 2 3.7 -0.1
v 2 3.8 0.1
v 2 3.8 0
v 2 3.8 -0.1
v 2.1 1.4 0.1
v 2.1 1.4 -0.1
v 2.1 1.6 0.1
v 2.1 1.6 -0.1
v 2.1 2.3 0.1
v 2.1 2.3 0
v 2.1 2.4 0.1
v 2.1 2.4 0
v 2.1 2.6 0.1
v 2.1 2.6 0
v 2.1 2.7 0.1
v 2.1 2.7 0
v 2.1 2.8 0
v 2.1 2.8 -0.1
v 2.1 2.9 0
v 2.1 2.9 -0.1
v 2.1 3 0.1
v 2.1 3 0
v 2.1 3.1 0.1
v 2.1 3.1 0
v 2.1 3.4 0.1
v 2.1 3.4 0
v 2.1 3.4 -0.1
v 2.1 3.5 0
v 2.1 3.5 -0.1
v 2.1 3.6 0.1
v 2.1 3.6 -0.1
v 2.2 1.6 0.1
v 2.2 1.6 0
v 2.2 1.6 -0.1
v 2.2 1.7 0.1
v 2.2 1.7 0
v 2.2 1.8 0.1
v 2.2 1.8 -0.1
v 2.2 2 0.1
v 2.2 2 -0.1
v 2.2 2.3 0
v 2.2 2.3 -0.1
v 2.2 2.4 0
v 2.2 2.4 -0.1
v 2.2 3 0
v 2.2 3 -0.1
v 2.2 3.1 0.1
v 2.2 3.1 0
v 2.2 3.3 0.1
v 2.2 3.3 0
v 2.2 3.4 0.1
v 2.2 3.4 0
v 2.2 3.4 -0.1
v 2.3 2 0.1
v 2.3 2 0
v 2.3 2 -0.1
v 2.3 2.1 0
v 2.3 2.1 -0.1
v 2.3 2.3 0
v 2.3 2.3 -0.1
v 2.3 2.4 0
v 2.3 2.4 -0.1
v 2.3 2.5 0
v 2.3 2.5 -0.1
v 2.3 2.8 0
v 2.3 2.8 -0.1
v 2.3 2.9 0
v 2.3 2.9 -0.1
v 2.3 3 0.1
v 2.3 3 -0.1
v -2.3 2 0.1
v -2.3 2 -0.1
v -2.3 2.4 0
v -2.3 2.4 -0.1
v -2.3 2.5 0.1
v -2.3 2.5 0
v -2.3 2.5 -0.1
v -2.3 2.7 0.1
v -2.3 2.7 0
v -2.3 2.8 0
v -2.3 2.8 -0.1
v -2.3 2.9 0
v -2.3 2.9 -0.1
v -2.3 3 0.1
v -2.3 3 0
v -2.3 3 -0.1
v -2.2 1.6 0.1
v -2.2 1.6 0
v -2.2 1.6 -0.1
v -2.2 1.8 0
v -2.2 1.8 -0.1
v -2.2 1.9 0
v -2.2 1.9 -0.1
v -2.2 2 0.1
v -2.2 2 -0.1
v -2.2 3 0
v -2.2 3 -0.1
v -2.2 3.1 0.1
v -2.2 3.1 0
v -2.2 3.2 0
v -2.2 3.2 -0.1
v -2.2 3.4 0.1
v -2.2 3.4 0
v -2.2 3.4 -0.1
v -2.1 1.4 0.1
v -2.1 1.4 0
v -2.1 1.5 0
v -2.1 1.5 -0.1
v -2.1 1.6 0.1
v -2.1 1.6 0
v -2.1 1.6 -0.1
v -2.1 2.3 0.1
v -2.1 2.3 0
v -2.1 2.4 0.1
v -2.1 2.4 0
v -2.1 2.5 0
v -2.1 2.5 -0.1
v -2.1 2.6 0.1
v -2.1 2.6 0
v -2.1 2.6 -0.1
v -2.1 2.7 0.1
v -2.1 2.7 0
v -2.1 3 0.1
v -2.1 3 0
v -2.1 3.1 0.1
v -2.1 3.1 0
v -2.1 3.4 0.1
v -2.1 3.4 0
v -2.1 3.4 -0.1
v -2.1 3.5 0.1
v -2.1 3.5 0
v -2.1 3.6 0.1
v -2.1 3.6 0
v -2.1 3.6 -0.1
v -2 1.2 0.1
v -2 1.2 -0.1
v -2 1.4 0.1
v -2 1.4 0
v -2 1.5 0
v -2 1.5 -0.1
v -2 3.3 0
v -2 3.3 -0.1
v -2 3.4 0
v -2 3.4 -0.1
v -2 3.6 0.1
v -2 3.6 -0.1
v -2 3.8 0.1
v -2 3.8 -0.1
v -1.9 1.1 0.1
v -1.9 1.1 -0.1
v -1.9 1.2 0.1
v -1.9 1.2 -0.1
v -1.9 1.6 0.1
v -1.9 1.6 0
v -1.9 1.7 0.1
v -1.9 1.7 0
v -1.9 1.8 0
v -1.9 1.8 -0.1
v -1.9 1.9 0
v -1.9 1.9 -0.1
v -1.9 3.1 0
v -1.9 3.1 -0.1
v -1.9 3.2 0
v -1.9 3.2 -0.1
v -1.9 3.3 0.1
v -1.9 3.3 0
v -1.9 3.4 0.1
v -1.9 3.4 0
v -1.9 3.8 0.1
v -1.9 3.8 -0.1
v -1.9 3.9 0.1
v -1.9 3.9 -0.1
v -1.8 1 0.1
v -1.8 1 0
v -1.8 1 -0.1
v -1.8 1.1 0.1
v -1.8 1.1 -0.1
v -1.8 2.2 0
v -1.8 2.2 -0.1
v -1.8 2.3 0
v -1.8 2.3 -0.1
v -1.8 2.7 0
v -1.8 2.7 -0.1
v -1.8 2.8 0
v -1.8 2.8 -0.1
v -1.8 3.9 0.1
v -1.8 3.9 -0.1
v -1.8 4 0.1
v -1.8 4 -0.1
v -1.7 0.9 0.1
v -1.7 0.9 0
v -1.7 0.9 -0.1
v -1.7 1 0.1
v -1.7 1 0
v -1.7 1 -0.1
v -1.7 2.1 0.1
v -1.7 2.1 0
v -1.7 2.2 0.1
v -1.7 2.2 0
v -1.7 2.8 0.1
v -1.7 2.8 0
v -1.7 2.9 0.1
v -1.7 2.9 0
v -1.7 3.5 0.1
v -1.7 3.5 0
v -1.7 3.6 0.1
v -1.7 3.6 0
v -1.7 4 0.1
v -1.7 4 -0.1
v -1.7 4.1 0.1
v -1.7 4.1 -0.1
v -1.6 0.8 0.1
v -1.6 0.8 -0.1
v -1.6 0.9 0.1
v -1.6 0.9 -0.1
v -1.6 1.1 0.1
v -1.6 1.1 0
v -1.6 1.2 0.1
v -1.6 1.2 0
v -1.6 1.2 -0.1
v -1.6 1.3 0
v -1.6 1.3 -0.1
v -1.6 1.5 0
v -1.6 1.5 -0.1
v -1.6 1.6 0
v -1.6 1.6 -0.1
v -1.6 1.8 0.1
v -1.6 1.8 0
v -1.6 1.9 0.1
v -1.6 1.9 0
v -1.6 3.1 0.1
v -1.6 3.1 0
v -1.6 3.2 0.1
v -1.6 3.2 0
v -1.6 3.4 0
v -1.6 3.4 -0.1
v -1.6 3.5 0
v -1.6 3.5 -0.1
v -1.6 3.7 0
v -1.6 3.7 -0.1
v -1.6 3.8 0.1
v -1.6 3.8 0
v -1.6 3.8 -0.1
v -1.6 3.9 0.1
v -1.6 3.9 0
v -1.6 4.1 0.1
v -1.6 4.1 -0.1
v -1.6 4.2 0.1
v -1.6 4.2 0
v -1.6 4.2 -0.1
v -1.5 0.7 0.1
v -1.5 0.7 0
v -1.5 0.7 -0.1
v -1.5 0.8 0.1
v -1.5 0.8 -0.1
v -1.5 4.2 0.1
v -1.5 4.2 0
v -1.5 4.2 -0.1
v -1.5 4.3 0.1
v -1.5 4.3 0
v -1.5 4.3 -0.1
v -1.4 0.6 0.1
v -1.4 0.6 0
v -1.4 0.6 -0.1
v -1.4 0.7 0.1
v -1.4 0.7 0
v -1.4 0.7 -0.1
v -1.4 1.3 0.1
v -1.4 1.3 0
v -1.4 1.4 0.1
v -1.4 1.4 0
v -1.4 3.6 0.1
v -1.4 3.6 0
v -1.4 3.7 0.1
v -1.4 3.7 0
v -1.4 4.3 0.1
v -1.4 4.3 0
v -1.4 4.3 -0.1
v -1.4 4.4 0.1
v -1.4 4.4 0
v -1.4 4.4 -0.1
v -1.3 0.5 0.1
v -1.3 0.5 0
v -1.3 0.5 -0.1
v -1.3 0.6 0.1
v -1.3 0.6 0
v -1.3 0.6 -0.1
v -1.3 0.8 0
v -1.3 0.8 -0.1
v -1.3 0.9 0
v -1.3 0.9 -0.1
v -1.3 4.1 0
v -1.3 4.1 -0.1
v -1.3 4.2 0
v -1.3 4.2 -0.1
v -1.3 4.4 0.1
v -1.3 4.4 0
v -1.3 4.4 -0.1
v -1.3 4.5 0.1
v -1.3 4.5 0
v -1.3 4.5 -0.1
v -1.2 0.8 0.1
v -1.2 0.8 0
v -1.2 0.9 0.1
v -1.2 0.9 0
v -1.2 4.1 0.1
v -1.2 4.1 0
v -1.2 4.2 0.1
v -1.2 4.2 0
v -1.1 0.4 0.1
v -1.1 0.4 -0.1
v -1.1 0.5 0.1
v -1.1 0.5 -0.1
v -1.1 1 0
v -1.1 1 -0.1
v -1.1 1.1 0
v -1.1 1.1 -0.1
v -1.1 3.9 0
v -1.1 3.9 -0.1
v -1.1 4 0
v -1.1 4 -0.1
v -1.1 4.5 0
v -1.1 4.5 -0.1
v -1.1 4.6 0
v -1.1 4.6 -0.1
v -1 0.7 0
v -1 0.7 -0.1
v -1 0.8 0
v -1 0.8 -0.1
v -1 4.5 0.1
v -1 4.5 0
v -1 4.6 0.1
v -1 4.6 0
v -0.9 0.3 0.1
v -0.9 0.3 0
v -0.9 0.3 -0.1
v -0.9 0.4 0.1
v -0.9 0.4 0
v -0.9 0.4 -0.1
v -0.9 0.8 0.1
v -0.9 0.8 0
v -0.9 0.9 0.1
v -0.9 0.9 0
v -0.9 4.1 0.1
v -0.9 4.1 0
v -0.9 4.2 0.1
v -0.9 4.2 0
v -0.9 4.6 0.1
v -0.9 4.6 0
v -0.9 4.6 -0.1
v -0.9 4.7 0.1
v -0.9 4.7 0
v -0.9 4.7 -0.1
v -0.8 0.5 0
v -0.8 0.5 -0.1
v -0.8 0.6 0
v -0.8 0.6 -0.1
v -0.8 4.4 0
v -0.8 4.4 -0.1
v -0.8 4.5 0
v -0.8 4.5 -0.1
v -0.6 0.5 0.1
v -0.6 0.5 0
v -0.6 0.6 0.1
v -0.6 0.6 0
v -0.6 0.8 0
v -0.6 0.8 -0.1
v -0.6 0.9 0
v -0.6 0.9 -0.1
v -0.6 4.1 0
v -0.6 4.1 -0.1
v -0.6 4.2 0
v -0.6 4.2 -0.1
v -0.6 4.4 0.1
v -0.6 4.4 0
v -0.6 4.5 0.1
v -0.6 4.5 0
v -0.5 0.2 0.1
v -0.5 0.2 0
v -0.5 0.2 -0.1
v -0.5 0.3 0.1
v -0.5 0.3 0
v -0.5 0.3 -0.1
v -0.5 0.4 0
v -0.5 0.4 -0.1
v -0.5 4.6 0
v -0.5 4.6 -0.1
v -0.5 4.7 0.1
v -0.5 4.7 0
v -0.5 4.8 0.1
v -0.5 4.8 -0.1
v -0.3 0.7 0
v -0.3 0.7 -0.1
v -0.3 0.8 0
v -0.3 0.8 -0.1
v -0.3 4.2 0
v -0.3 4.2 -0.1
v -0.3 4.3 0
v -0.3 4.3 -0.1
v -0.2 0.6 0.1
v -0.2 0.6 0
v -0.2 0.7 0.1
v -0.2 0.7 0
v -0.2 4.3 0.1
v -0.2 4.3 0
v -0.2 4.4 0.1
v -0.2 4.4 0
v -0.0999999 0.2 0.1
v -0.0999999 0.2 0
v -0.0999999 0.3 0.1
v -0.0999999 0.3 0
v -0.0999999 0.3 -0.1
v -0.0999999 0.4 0
v -0.0999999 0.4 -0.1
v -0.0999999 4.6 0
v -0.0999999 4.6 -0.1
v -0.0999999 4.7 0
v -0.0999999 4.7 -0.1
v 0.1 4.6 0.1
v 0.1 4.6 0
v 0.1 4.7 0.1
v 0.1 4.7 0
v 0.2 0.3 0
v 0.2 0.3 -0.1
v 0.2 0.4 0
v 0.2 0.4 -0.1
v 0.2 4.6 0
v 0.2 4.6 -0.1
v 0.2 4.7 0
v 0.2 4.7 -0.1
v 0.3 0.6 0.1
v 0.3 0.6 0
v 0.3 0.7 0.1
v 0.3 0.7 0
v 0.3 4.3 0.1
v 0.3 4.3 0
v 0.3 4.4 0.1
v 0.3 4.4 0
v 0.4 0.3 0.1
v 0.4 0.3 0
v 0.4 0.4 0.1
v 0.4 0.4 0
v 0.4 0.7 0
v 0.4 0.7 -0.1
v 0.4 0.8 0
v 0.4 0.8 -0.1
v 0.4 4.2 0
v 0.4 4.2 -0.1
v 0.4 4.3 0
v 0.4 4.3 -0.1
v 0.5 0 0.1
v 0.5 0 -0.1
v 0.5 0.1 0.1
v 0.5 0.1 -0.1
v 0.5 4.9 0.1
v 0.5 4.9 -0.1
v 0.5 5 0.1
v 0.5 5 -0.1
v 0.7 0.5 0.1
v 0.7 0.5 0
v 0.7 0.6 0.1
v 0.7 0.6 0
v 0.7 0.8 0
v 0.7 0.8 -0.1
v 0.7 0.9 0
v 0.7 0.9 -0.1
v 0.7 4.1 0
v 0.7 4.1 -0.1
v 0.7 4.2 0
v 0.7 4.2 -0.1
v 0.7 4.4 0.1
v 0.7 4.4 0
v 0.7 4.5 0.1
v 0.7 4.5 0
v 0.9 0.1 0.1
v 0.9 0.1 -0.1
v 0.9 0.2 0.1
v 0.9 0.2 -0.1
v 0.9 0.5 0
v 0.9 0.5 -0.1
v 0.9 0.6 0
v 0.9 0.6 -0.1
v 0.9 4.4 0
v 0.9 4.4 -0.1
v 0.9 4.5 0.1
v 0.9 4.5 0
v 0.9 4.5 -0.1
v 0.9 4.6 0.1
v 0.9 4.6 0
v 0.9 4.8 0.1
v 0.9 4.8 -0.1
v 0.9 4.9 0.1
v 0.9 4.9 -0.1
v 1 0.8 0.1
v 1 0.8 0
v 1 0.9 0.1
v 1 0.9 0
v 1 4.1 0.1
v 1 4.1 0
v 1 4.2 0.1
v 1 4.2 0
v 1.1 0.2 0.1
v 1.1 0.2 -0.1
v 1.1 0.3 0.1
v 1.1 0.3 0
v 1.1 0.3 -0.1
v 1.1 4.7 0.1
v 1.1 4.7 0
v 1.1 4.7 -0.1
v 1.1 4.8 0.1
v 1.1 4.8 0
v 1.1 4.8 -0.1
v 1.2 1 0
v 1.2 1 -0.1
v 1.2 1.1 0
v 1.2 1.1 -0.1
v 1.2 3.9 0
v 1.2 3.9 -0.1
v 1.2 4 0
v 1.2 4 -0.1
v 1.3 0.3 0.1
v 1.3 0.3 -0.1
v 1.3 0.4 0.1
v 1.3 0.4 0
v 1.3 0.4 -0.1
v 1.3 0.8 0.1
v 1.3 0.8 0
v 1.3 0.9 0.1
v 1.3 0.9 0
v 1.3 4.1 0.1
v 1.3 4.1 0
v 1.3 4.2 0.1
v 1.3 4.2 0
v 1.3 4.3 0
v 1.3 4.3 -0.1
v 1.3 4.4 0
v 1.3 4.4 -0.1
v 1.3 4.6 0.1
v 1.3 4.6 0
v 1.3 4.6 -0.1
v 1.3 4.7 0.1
v 1.3 4.7 0
v 1.3 4.7 -0.1
v 1.4 0.8 0
v 1.4 0.8 -0.1
v 1.4 0.9 0
v 1.4 0.9 -0.1
v 1.4 4.1 0
v 1.4 4.1 -0.1
v 1.4 4.2 0
v 1.4 4.2 -0.1
v 1.5 0.4 0.1
v 1.5 0.4 -0.1
v 1.5 0.5 0.1
v 1.5 0.5 -0.1
v 1.5 1.3 0.1
v 1.5 1.3 0
v 1.5 1.4 0.1
v 1.5 1.4 0
v 1.5 3.6 0.1
v 1.5 3.6 0
v 1.5 3.7 0.1
v 1.5 3.7 0
v 1.5 4.5 0.1
v 1.5 4.5 0
v 1.5 4.5 -0.1
v 1.5 4.6 0.1
v 1.5 4.6 0
v 1.5 4.6 -0.1
v 1.6 0.5 0.1
v 1.6 0.5 -0.1
v 1.6 0.6 0.1
v 1.6 0.6 -0.1
v 1.6 4.4 0.1
v 1.6 4.4 -0.1
v 1.6 4.5 0.1
v 1.6 4.5 -0.1
v 1.7 0.6 0.1
v 1.7 0.6 -0.1
v 1.7 0.7 0.1
v 1.7 0.7 0
v 1.7 0.7 -0.1
v 1.7 1.1 0.1
v 1.7 1.1 0
v 1.7 1.2 0.1
v 1.7 1.2 0
v 1.7 1.2 -0.1
v 1.7 1.3 0
v 1.7 1.3 -0.1
v 1.7 1.5 0
v 1.7 1.5 -0.1
v 1.7 1.6 0
v 1.7 1.6 -0.1
v 1.7 1.8 0.1
v 1.7 1.8 0
v 1.7 1.9 0.1
v 1.7 1.9 0
v 1.7 3.1 0.1
v 1.7 3.1 0
v 1.7 3.2 0.1
v 1.7 3.2 0
v 1.7 3.4 0
v 1.7 3.4 -0.1
v 1.7 3.5 0
v 1.7 3.5 -0.1
v 1.7 3.7 0
v 1.7 3.7 -0.1
v 1.7 3.8 0.1
v 1.7 3.8 0
v 1.7 3.8 -0.1
v 1.7 3.9 0.1
v 1.7 3.9 0
v 1.7 4.3 0.1
v 1.7 4.3 -0.1
v 1.7 4.4 0.1
v 1.7 4.4 -0.1
v 1.8 0.7 0.1
v 1.8 0.7 0
v 1.8 0.7 -0.1
v 1.8 0.8 0.1
v 1.8 0.8 0
v 1.8 0.8 -0.1
v 1.8 2.1 0.1
v 1.8 2.1 0
v 1.8 2.2 0.1
v 1.8 2.2 0
v 1.8 2.8 0.1
v 1.8 2.8 0
v 1.8 2.9 0.1
v 1.8 2.9 0
v 1.8 4.2 0.1
v 1.8 4.2 -0.1
v 1.8 4.3 0.1
v 1.8 4.3 -0.1
v 1.9 0.8 0.1
v 1.9 0.8 -0.1
v 1.9 0.9 0.1
v 1.9 0.9 -0.1
v 1.9 1.2 0.1
v 1.9 1.2 0
v 1.9 1.3 0.1
v 1.9 1.3 0
v 1.9 2.2 0
v 1.9 2.2 -0.1
v 1.9 2.3 0
v 1.9 2.3 -0.1
v 1.9 2.7 0
v 1.9 2.7 -0.1
v 1.9 2.8 0
v 1.9 2.8 -0.1
v 1.9 4.1 0.1
v 1.9 4.1 -0.1
v 1.9 4.2 0.1
v 1.9 4.2 -0.1
v 2 0.9 0.1
v 2 0.9 -0.1
v 2 1 0.1
v 2 1 0
v 2 1 -0.1
v 2 1.6 0.1
v 2 1.6 0
v 2 1.7 0.1
v 2 1.7 0
v 2 1.8 0
v 2 1.8 -0.1
v 2 1.9 0
v 2 1.9 -0.1
v 2 3.1 0
v 2 3.1 -0.1
v 2 3.2 0
v 2 3.2 -0.1
v 2 3.3 0.1
v 2 3.3 0
v 2 3.4 0.1
v 2 3.4 0
v 2 4 0.1
v 2 4 -0.1
v 2 4.1 0.1
v 2 4.1 -0.1
v 2.1 1 0.1
v 2.1 1 0
v 2.1 1 -0.1
v 2.1 1.1 0.1
v 2.1 1.1 0
v 2.1 1.2 0.1
v 2.1 1.2 0
v 2.1 1.2 -0.1
v 2.1 3.8 0.1
v 2.1 3.8 0
v 2.1 3.8 -0.1
v 2.1 3.9 0
v 2.1 3.9 -0.1
v 2.1 4 0.1
v 2.1 4 -0.1
v 2.2 1.2 0.1
v 2.2 1.2 0
v 2.2 1.2 -0.1
v 2.2 1.3 0
v 2.2 1.3 -0.1
v 2.2 1.4 0.1
v 2.2 1.4 0
v 2.2 1.4 -0.1
v 2.2 2.3 0.1
v 2.2 2.3 0
v 2.2 2.4 0.1
v 2.2 2.4 0
v 2.2 2.6 0.1
v 2.2 2.6 0
v 2.2 2.7 0.1
v 2.2 2.7 0
v 2.2 2.8 0
v 2.2 2.8 -0.1
v 2.2 2.9 0
v 2.2 2.9 -0.1
v 2.2 3.6 0.1
v 2.2 3.6 -0.1
v 2.2 3.8 0.1
v 2.2 3.8 -0.1
v 2.3 1.4 0.1
v 2.3 1.4 0
v 2.3 1.4 -0.1
v 2.3 1.5 0.1
v 2.3 1.5 0
v 2.3 1.6 0.1
v 2.3 1.6 -0.1
v 2.3 3.4 0.1
v 2.3 3.4 0
v 2.3 3.4 -0.1
v 2.3 3.5 0
v 2.3 3.5 -0.1
v 2.3 3.6 0.1
v 2.3 3.6 -0.1
v 2.4 1.6 0.1
v 2.4 1.6 -0.1
v 2.4 1.7 0.1
v 2.4 1.7 0
v 2.4 1.8 0.1
v 2.4 1.8 0
v 2.4 2 0.1
v 2.4 2 -0.1
v 2.4 3 0.1
v 2.4 3 -0.1
v 2.4 3.1 0
v 2.4 3.1 -0.1
v 2.4 3.2 0
v 2.4 3.2 -0.1
v 2.4 3.4 0.1
v 2.4 3.4 -0.1
v 2.5 2 0.1
v 2.5 2 -0.1
v 2.5 2.1 0.1
v 2.5 2.1 0
v 2.5 2.2 0.1
v 2.5 2.2 0
v 2.5 2.2 -0.1
v 2.5 2.3 0
v 2.5 2.3 -0.1
v 2.5 2.6 0.1
v 2.5 2.6 0
v 2.5 2.7 0.1
v 2.5 2.7 0
v 2.5 3 0.1
v 2.5 3 -0.1
v -2.5 2 0.1
v -2.5 2.4 0.1
v -2.5 2.5 0.1
v -2.5 2.7 0.1
v -2.5 2.9 0.1
v -2.5 3 0.1
v -2.4 1.6 0.1
v -2.4 2 0.1
v -2.4 2.4 0.1
v -2.4 2.5 0.1
v -2.4 2.7 0.1
v -2.4 2.9 0.1
v -2.4 3 0.1
v -2.4 3.4 0.1
v -2.3 1.4 0.1
v -2.3 1.5 0.1
v -2.3 1.6 0.1
v -2.3 2 0.1
v -2.3 2.5 0.1
v -2.3 2.7 0.1
v -2.3 3 0.1
v -2.3 3.1 0.1
v -2.3 3.4 0.1
v -2.3 3.6 0.1
v -2.2 1.2 0.1
v -2.2 1.3 0.1
v -2.2 1.4 0.1
v -2.2 1.5 0.1
v -2.2 1.6 0.1
v -2.2 2 0.1
v -2.2 2.3 0.1
v -2.2 2.4 0.1
v -2.2 2.6 0.1
v -2.2 2.7 0.1
v -2.2 3 0.1
v -2.2 3.1 0.1
v -2.2 3.4 0.1
v -2.2 3.5 0.1
v -2.2 3.6 0.1
v -2.2 3.8 0.1
v -2.1 1 0.1
v -2.1 1.2 0.1
v -2.1 1.3 0.1
v -2.1 1.4 0.1
v -2.1 1.6 0.1
v -2.1 2.3 0.1
v -2.1 2.4 0.1
v -2.1 2.6 0.1
v -2.1 2.7 0.1
v -2.1 3 0.1
v -2.1 3.1 0.1
v -2.1 3.4 0.1
v -2.1 3.5 0.1
v -2.1 3.6 0.1
v -2.1 3.8 0.1
v -2.1 4 0.1
v -2 0.9 0.1
v -2 1 0.1
v -2 1.2 0.1
v -2 1.4 0.1
v -2 1.6 0.1
v -2 1.7 0.1
v -2 3.3 0.1
v -2 3.4 0.1
v -2 3.6 0.1
v -2 3.8 0.1
v -2 3.9 0.1
v -2 4 0.1
v -2 4.1 0.1
v -1.9 0.8 0.1
v -1.9 0.9 0.1
v -1.9 1 0.1
v -1.9 1.1 0.1
v -1.9 1.2 0.1
v -1.9 1.6 0.1
v -1.9 1.7 0.1
v -1.9 3.3 0.1
v -1.9 3.4 0.1
v -1.9 3.8 0.1
v -1.9 3.9 0.1
v -1.9 4.1 0.1
v -1.9 4.2 0.1
v -1.8 0.7 0.1
v -1.8 0.8 0.1
v -1.8 0.9 0.1
v -1.8 1 0.1
v -1.8 1.1 0.1
v -1.8 2.1 0.1
v -1.8 2.2 0.1
v -1.8 2.8 0.1
v -1.8 2.9 0.1
v -1.8 3.5 0.1
v -1.8 3.6 0.1
v -1.8 3.9 0.1
v -1.8 4 0.1
v -1.8 4.2 0.1
v -1.8 4.3 0.1
v -1.7 0.6 0.1
v -1.7 0.7 0.1
v -1.7 0.8 0.1
v -1.7 0.9 0.1
v -1.7 1 0.1
v -1.7 1.1 0.1
v -1.7 1.2 0.1
v -1.7 1.8 0.1
v -1.7 1.9 0.1
v -1.7 2.1 0.1
v -1.7 2.2 0.1
v -1.7 2.8 0.1
v -1.7 2.9 0.1
v -1.7 3.1 0.1
v -1.7 3.2 0.1
v -1.7 3.5 0.1
v -1.7 3.6 0.1
v -1.7 3.8 0.1
v -1.7 3.9 0.1
v -1.7 4 0.1
v -1.7 4.1 0.1
v -1.7 4.3 0.1
v -1.7 4.4 0.1
v -1.6 0.5 0.1
v -1.6 0.6 0.1
v -1.6 0.7 0.1
v -1.6 0.8 0.1
v -1.6 0.9 0.1
v -1.6 1.1 0.1
v -1.6 1.2 0.1
v -1.6 1.8 0.1
v -1.6 1.9 0.1
v -1.6 3.1 0.1
v -1.6 3.2 0.1
v -1.6 3.8 0.1
v -1.6 3.9 0.1
v -1.6 4.1 0.1
v -1.6 4.2 0.1
v -1.6 4.3 0.1
v -1.6 4.4 0.1
v -1.6 4.5 0.1
v -1.5 0.4 0.1
v -1.5 0.5 0.1
v -1.5 0.7 0.1
v -1.5 0.8 0.1
v -1.5 1.3 0.1
v -1.5 1.4 0.1
v -1.5 3.6 0.1
v -1.5 3.7 0.1
v -1.5 4.2 0.1
v -1.5 4.3 0.1
v -1.5 4.4 0.1
v -1.5 4.5 0.1
v -1.5 4.6 0.1
v -1.4 0.5 0.1
v -1.4 0.6 0.1
v -1.4 0.7 0.1
v -1.4 1.3 0.1
v -1.4 1.4 0.1
v -1.4 3.6 0.1
v -1.4 3.7 0.1
v -1.4 4.3 0.1
v -1.4 4.4 0.1
v -1.3 0.3 0.1
v -1.3 0.4 0.1
v -1.3 0.5 0.1
v -1.3 0.6 0.1
v -1.3 0.8 0.1
v -1.3 0.9 0.1
v -1.3 4.1 0.1
v -1.3 4.2 0.1
v -1.3 4.4 0.1
v -1.3 4.5 0.1
v -1.3 4.6 0.1
v -1.3 4.7 0.1
v -1.2 0.3 0.1
v -1.2 0.5 0.1
v -1.2 0.8 0.1
v -1.2 0.9 0.1
v -1.2 4.1 0.1
v -1.2 4.2 0.1
v -1.2 4.6 0.1
v -1.2 4.7 0.1
v -1.1 0.2 0.1
v -1.1 0.3 0.1
v -1.1 0.4 0.1
v -1.1 0.5 0.1
v -1.1 4.6 0.1
v -1.1 4.7 0.1
v -1.1 4.8 0.1
v -1 0.8 0.1
v -1 0.9 0.1
v -1 4.1 0.1
v -1 4.2 0.1
v -1 4.5 0.1
v -1 4.6 0.1
v -1 4.7 0.1
v -0.9 0.1 0.1
v -0.9 0.2 0.1
v -0.9 0.3 0.1
v -0.9 0.4 0.1
v -0.9 0.8 0.1
v -0.9 0.9 0.1
v -0.9 4.1 0.1
v -0.9 4.2 0.1
v -0.9 4.6 0.1
v -0.9 4.7 0.1
v -0.9 4.8 0.1
v -0.9 4.9 0.1
v -0.7 0.2 0.1
v -0.7 0.3 0.1
v -0.7 0.5 0.1
v -0.7 0.6 0.1
v -0.7 4.4 0.1
v -0.7 4.5 0.1
v -0.7 4.7 0.1
v -0.7 4.8 0.1
v -0.6 0.5 0.1
v -0.6 0.6 0.1
v -0.6 4.4 0.1
v -0.6 4.5 0.1
v -0.6 4.7 0.1
v -0.6 4.8 0.1
v -0.5 0 0.1
v -0.5 0.1 0.1
v -0.5 0.2 0.1
v -0.5 0.3 0.1
v -0.5 4.7 0.1
v -0.5 4.8 0.1
v -0.5 4.9 0.1
v -0.5 5 0.1
v -0.4 0.1 0.1
v -0.4 0.2 0.1
v -0.4 4.9 0.1
v -0.4 5 0.1
v -0.3 0 0.1
v -0.3 0.1 0.1
v -0.3 0.6 0.1
v -0.3 0.7 0.1
v -0.3 4.3 0.1
v -0.3 4.4 0.1
v -0.2 0 0.1
v -0.2 0.1 0.1
v -0.2 0.2 0.1
v -0.2 0.3 0.1
v -0.2 0.6 0.1
v -0.2 0.7 0.1
v -0.2 4.3 0.1
v -0.2 4.4 0.1
v -0.2 4.9 0.1
v -0.2 5 0.1
v -0.0999999 0.1 0.1
v -0.0999999 0.2 0.1
v -0.0999999 0.3 0.1
v -0.0999999 4.8 0.1
v -0.0999999 4.9 0.1
v 2.38419e-07 0.1 0.1
v 2.38419e-07 0.2 0.1
v 2.38419e-07 4.6 0.1
v 2.38419e-07 4.7 0.1
v 2.38419e-07 4.8 0.1
v 2.38419e-07 4.9 0.1
v 0.1 4.6 0.1
v 0.1 4.7 0.1
v 0.1 4.9 0.1
v 0.1 5 0.1
v 0.2 0.6 0.1
v 0.2 0.7 0.1
v 0.2 4.3 0.1
v 0.2 4.4 0.1
v 0.2 4.9 0.1
v 0.2 5 0.1
v 0.3 0.1 0.1
v 0.3 0.2 0.1
v 0.3 0.3 0.1
v 0.3 0.4 0.1
v 0.3 0.6 0.1
v 0.3 0.7 0.1
v 0.3 4.3 0.1
v 0.3 4.4 0.1
v 0.3 4.8 0.1
v 0.3 5 0.1
v 0.4 0.1 0.1
v 0.4 0.2 0.1
v 0.4 0.3 0.1
v 0.4 0.4 0.1
v 0.4 4.8 0.1
v 0.4 5 0.1
v 0.5 0 0.1
v 0.5 0.1 0.1
v 0.5 0.2 0.1
v 0.5 0.3 0.1
v 0.5 4.7 0.1
v 0.5 4.8 0.1
v 0.5 4.9 0.1
v 0.5 5 0.1
v 0.6 0.1 0.1
v 0.6 0.2 0.1
v 0.6 0.5 0.1
v 0.6 0.6 0.1
v 0.6 4.4 0.1
v 0.6 4.5 0.1
v 0.7 0.1 0.1
v 0.7 0.2 0.1
v 0.7 0.5 0.1
v 0.7 0.6 0.1
v 0.7 4.4 0.1
v 0.7 4.5 0.1
v 0.7 4.7 0.1
v 0.7 4.8 0.1
v 0.8 4.5 0.1
v 0.8 4.6 0.1
v 0.9 0.1 0.1
v 0.9 0.2 0.1
v 0.9 0.3 0.1
v 0.9 0.4 0.1
v 0.9 0.8 0.1
v 0.9 0.9 0.1
v 0.9 4.1 0.1
v 0.9 4.2 0.1
v 0.9 4.5 0.1
v 0.9 4.6 0.1
v 0.9 4.7 0.1
v 0.9 4.8 0.1
v 0.9 4.9 0.1
v 1 0.2 0.1
v 1 0.4 0.1
v 1 0.8 0.1
v 1 0.9 0.1
v 1 4.1 0.1
v 1 4.2 0.1
v 1.1 0.2 0.1
v 1.1 0.3 0.1
v 1.1 0.4 0.1
v 1.1 0.5 0.1
v 1.1 4.5 0.1
v 1.1 4.6 0.1
v 1.1 4.7 0.1
v 1.1 4.8 0.1
v 1.2 0.4 0.1
v 1.2 0.5 0.1
v 1.2 0.8 0.1
v 1.2 0.9 0.1
v 1.2 4.1 0.1
v 1.2 4.2 0.1
v 1.2 4.6 0.1
v 1.2 4.7 0.1
v 1.3 0.3 0.1
v 1.3 0.4 0.1
v 1.3 0.5 0.1
v 1.3 0.6 0.1
v 1.3 0.8 0.1
v 1.3 0.9 0.1
v 1.3 4.1 0.1
v 1.3 4.2 0.1
v 1.3 4.4 0.1
v 1.3 4.5 0.1
v 1.3 4.6 0.1
v 1.3 4.7 0.1
v 1.4 0.4 0.1
v 1.4 0.5 0.1
v 1.4 0.6 0.1
v 1.4 0.7 0.1
v 1.4 1.3 0.1
v 1.4 1.4 0.1
v 1.4 3.6 0.1
v 1.4 3.7 0.1
v 1.4 4.3 0.1
v 1.4 4.4 0.1
v 1.5 0.4 0.1
v 1.5 0.5 0.1
v 1.5 0.7 0.1
v 1.5 0.8 0.1
v 1.5 1.3 0.1
v 1.5 1.4 0.1
v 1.5 3.6 0.1
v 1.5 3.7 0.1
v 1.5 4.2 0.1
v 1.5 4.3 0.1
v 1.5 4.5 0.1
v 1.5 4.6 0.1
v 1.6 0.5 0.1
v 1.6 0.6 0.1
v 1.6 0.7 0.1
v 1.6 0.8 0.1
v 1.6 0.9 0.1
v 1.6 1.1 0.1
v 1.6 1.2 0.1
v 1.6 1.8 0.1
v 1.6 1.9 0.1
v 1.6 3.1 0.1
v 1.6 3.2 0.1
v 1.6 3.8 0.1
v 1.6 3.9 0.1
v 1.6 4.1 0.1
v 1.6 4.2 0.1
v 1.6 4.3 0.1
v 1.6 4.4 0.1
v 1.6 4.5 0.1
v 1.7 0.6 0.1
v 1.7 0.7 0.1
v 1.7 0.8 0.1
v 1.7 0.9 0.1
v 1.7 1 0.1
v 1.7 1.1 0.1
v 1.7 1.2 0.1
v 1.7 1.8 0.1
v 1.7 1.9 0.1
v 1.7 2.1 0.1
v 1.7 2.2 0.1
v 1.7 2.8 0.1
v 1.7 2.9 0.1
v 1.7 3.1 0.1
v 1.7 3.2 0.1
v 1.7 3.8 0.1
v 1.7 3.9 0.1
v 1.7 4 0.1
v 1.7 4.1 0.1
v 1.7 4.2 0.1
v 1.7 4.3 0.1
v 1.7 4.4 0.1
v 1.8 0.7 0.1
v 1.8 0.8 0.1
v 1.8 1 0.1
v 1.8 1.1 0.1
v 1.8 1.2 0.1
v 1.8 1.3 0.1
v 1.8 2.1 0.1
v 1.8 2.2 0.1
v 1.8 2.8 0.1
v 1.8 2.9 0.1
v 1.8 3.9 0.1
v 1.8 4 0.1
v 1.8 4.2 0.1
v 1.8 4.3 0.1
v 1.9 0.8 0.1
v 1.9 0.9 0.1
v 1.9 1.1 0.1
v 1.9 1.2 0.1
v 1.9 1.3 0.1
v 1.9 1.6 0.1
v 1.9 1.7 0.1
v 1.9 3.3 0.1
v 1.9 3.4 0.1
v 1.9 3.8 0.1
v 1.9 3.9 0.1
v 1.9 4 0.1
v 1.9 4.1 0.1
v 1.9 4.2 0.1
v 2 0.9 0.1
v 2 1 0.1
v 2 1.1 0.1
v 2 1.2 0.1
v 2 1.4 0.1
v 2 1.6 0.1
v 2 1.7 0.1
v 2 3.3 0.1
v 2 3.4 0.1
v 2 3.6 0.1
v 2 3.7 0.1
v 2 3.8 0.1
v 2 3.9 0.1
v 2 4 0.1
v 2 4.1 0.1
v 2.1 1 0.1
v 2.1 1.1 0.1
v 2.1 1.2 0.1
v 2.1 1.4 0.1
v 2.1 1.6 0.1
v 2.1 2.3 0.1
v 2.1 2.4 0.1
v 2.1 2.6 0.1
v 2.1 2.7 0.1
v 2.1 3 0.1
v 2.1 3.1 0.1
v 2.1 3.4 0.1
v 2.1 3.6 0.1
v 2.1 3.7 0.1
v 2.1 3.8 0.1
v 2.1 4 0.1
v 2.2 1.2 0.1
v 2.2 1.4 0.1
v 2.2 1.5 0.1
v 2.2 1.6 0.1
v 2.2 1.7 0.1
v 2.2 1.8 0.1
v 2.2 2 0.1
v 2.2 2.3 0.1
v 2.2 2.4 0.1
v 2.2 2.6 0.1
v 2.2 2.7 0.1
v 2.2 3.1 0.1
v 2.2 3.3 0.1
v 2.2 3.4 0.1
v 2.2 3.6 0.1
v 2.2 3.8 0.1
v 2.3 1.4 0.1
v 2.3 1.5 0.1
v 2.3 1.6 0.1
v 2.3 2 0.1
v 2.3 3 0.1
v 2.3 3.1 0.1
v 2.3 3.3 0.1
v 2.3 3.4 0.1
v 2.3 3.6 0.1
v 2.4 1.6 0.1
v 2.4 1.7 0.1
v 2.4 1.8 0.1
v 2.4 2 0.1
v 2.4 2.1 0.1
v 2.4 2.2 0.1
v 2.4 2.6 0.1
v 2.4 2.7 0.1
v 2.4 3 0.1
v 2.4 3.4 0.1
v 2.5 2 0.1
v 2.5 2.1 0.1
v 2.5 2.2 0.1
v 2.5 2.6 0.1
v 2.5 2.7 0.1
v 2.5 3 0.1
v -2.2 2.5 0
v -2.2 2.6 0
v -2.1 1.4 0
v -2.1 1.5 0
v -2.1 2.5 0
v -2.1 2.6 0
v -2.1 3.3 0
v -2.1 3.4 0
v -2 1.4 0
v -2 1.5 0
v -2 1.8 0
v -2 1.9 0
v -2 3.1 0
v -2 3.2 0
v -2 3.3 0
v -2 3.4 0
v -1.9 1.8 0
v -1.9 1.9 0
v -1.9 2.2 0
v -1.9 2.3 0
v -1.9 2.7 0
v -1.9 2.8 0
v -1.9 3.1 0
v -1.9 3.2 0
v -1.8 2.2 0
v -1.8 2.3 0
v -1.8 2.7 0
v -1.8 2.8 0
v -1.7 1.2 0
v -1.7 1.3 0
v -1.7 1.5 0
v -1.7 1.6 0
v -1.7 3.4 0
v -1.7 3.5 0
v -1.7 3.7 0
v -1.7 3.8 0
v -1.6 1.2 0
v -1.6 1.3 0
v -1.6 1.5 0
v -1.6 1.6 0
v -1.6 3.4 0
v -1.6 3.5 0
v -1.6 3.7 0
v -1.6 3.8 0
v -1.4 0.8 0
v -1.4 0.9 0
v -1.4 4.1 0
v -1.4 4.2 0
v -1.3 0.8 0
v -1.3 0.9 0
v -1.3 4.1 0
v -1.3 4.2 0
v -1.2 1 0
v -1.2 1.1 0
v -1.2 3.9 0
v -1.2 4 0
v -1.1 0.7 0
v -1.1 0.8 0
v -1.1 1 0
v -1.1 1.1 0
v -1.1 3.9 0
v -1.1 4 0
v -1 0.7 0
v -1 0.8 0
v -0.9 0.5 0
v -0.9 0.6 0
v -0.9 4.4 0
v -0.9 4.5 0
v -0.8 0.5 0
v -0.8 0.6 0
v -0.8 4.4 0
v -0.8 4.5 0
v -0.7 0.8 0
v -0.7 0.9 0
v -0.7 4.1 0
v -0.7 4.2 0
v -0.6 0.3 0
v -0.6 0.4 0
v -0.6 0.8 0
v -0.6 0.9 0
v -0.6 4.1 0
v -0.6 4.2 0
v -0.6 4.6 0
v -0.6 4.7 0
v -0.5 0.3 0
v -0.5 0.4 0
v -0.5 4.6 0
v -0.5 4.7 0
v -0.4 0.7 0
v -0.4 0.8 0
v -0.4 4.2 0
v -0.4 4.3 0
v -0.3 0.7 0
v -0.3 0.8 0
v -0.3 4.2 0
v -0.3 4.3 0
v -0.2 0.3 0
v -0.2 0.4 0
v -0.2 4.6 0
v -0.2 4.7 0
v -0.0999999 0.3 0
v -0.0999999 0.4 0
v -0.0999999 4.6 0
v -0.0999999 4.7 0
v 0.1 0.3 0
v 0.1 0.4 0
v 0.1 4.6 0
v 0.1 4.7 0
v 0.2 0.3 0
v 0.2 0.4 0
v 0.2 4.6 0
v 0.2 4.7 0
v 0.3 0.7 0
v 0.3 0.8 0
v 0.3 4.2 0
v 0.3 4.3 0
v 0.4 0.7 0
v 0.4 0.8 0
v 0.4 4.2 0
v 0.4 4.3 0
v 0.6 0.8 0
v 0.6 0.9 0
v 0.6 4.1 0
v 0.6 4.2 0
v 0.7 0.8 0
v 0.7 0.9 0
v 0.7 4.1 0
v 0.7 4.2 0
v 0.8 0.5 0
v 0.8 0.6 0
v 0.8 4.4 0
v 0.8 4.5 0
v 0.9 0.5 0
v 0.9 0.6 0
v 0.9 4.4 0
v 0.9 4.5 0
v 1.1 1 0
v 1.1 1.1 0
v 1.1 3.9 0
v 1.1 4 0
v 1.2 1 0
v 1.2 1.1 0
v 1.2 3.9 0
v 1.2 4 0
v 1.2 4.3 0
v 1.2 4.4 0
v 1.3 0.8 0
v 1.3 0.9 0
v 1.3 4.1 0
v 1.3 4.2 0
v 1.3 4.3 0
v 1.3 4.4 0
v 1.4 0.8 0
v 1.4 0.9 0
v 1.4 4.1 0
v 1.4 4.2 0
v 1.6 1.2 0
v 1.6 1.3 0
v 1.6 1.5 0
v 1.6 1.6 0
v 1.6 3.4 0
v 1.6 3.5 0
v 1.6 3.7 0
v 1.6 3.8 0
v 1.7 1.2 0
v 1.7 1.3 0
v 1.7 1.5 0
v 1.7 1.6 0
v 1.7 3.4 0
v 1.7 3.5 0
v 1.7 3.7 0
v 1.7 3.8 0
v 1.8 2.2 0
v 1.8 2.3 0
v 1.8 2.7 0
v 1.8 2.8 0
v 1.9 1.8 0
v 1.9 1.9 0
v 1.9 2.2 0
v 1.9 2.3 0
v 1.9 2.7 0
v 1.9 2.8 0
v 1.9 3.1 0
v 1.9 3.2 0
v 2 1.8 0
v 2 1.9 0
v 2 3.1 0
v 2 3.2 0
v 2.1 2.8 0
v 2.1 2.9 0
v 2.2 2.3 0
v 2.2 2.4 0
v 2.2 2.8 0
v 2.2 2.9 0
v 2.3 2.3 0
v 2.3 2.4 0
v -2.2 2.3 0
v -2.2 2.4 0
v -2.2 2.6 0
v -2.2 2.7 0
v -2.2 3 0
v -2.2 3.1 0
v -2.1 2.3 0
v -2.1 2.4 0
v -2.1 2.6 0
v -2.1 2.7 0
v -2.1 3 0
v -2.1 3.1 0
v -2 1.6 0
v -2 1.7 0
v -2 3.3 0
v -2 3.4 0
v -1.9 1.6 0
v -1.9 1.7 0
v -1.9 3.3 0
v -1.9 3.4 0
v -1.8 2.1 0
v -1.8 2.2 0
v -1.8 2.8 0
v -1.8 2.9 0
v -1.8 3.5 0
v -1.8 3.6 0
v -1.7 1.1 0
v -1.7 1.2 0
v -1.7 1.8 0
v -1.7 1.9 0
v -1.7 2.1 0
v -1.7 2.2 0
v -1.7 2.8 0
v -1.7 2.9 0
v -1.7 3.1 0
v -1.7 3.2 0
v -1.7 3.5 0
v -1.7 3.6 0
v -1.7 3.8 0
v -1.7 3.9 0
v -1.6 1.1 0
v -1.6 1.2 0
v -1.6 1.8 0
v -1.6 1.9 0
v -1.6 3.1 0
v -1.6 3.2 0
v -1.6 3.8 0
v -1.6 3.9 0
v -1.5 1.3 0
v -1.5 1.4 0
v -1.5 3.6 0
v -1.5 3.7 0
v -1.4 1.3 0
v -1.4 1.4 0
v -1.4 3.6 0
v -1.4 3.7 0
v -1.3 0.8 0
v -1.3 0.9 0
v -1.3 4.1 0
v -1.3 4.2 0
v -1.2 0.8 0
v -1.2 0.9 0
v -1.2 4.1 0
v -1.2 4.2 0
v -1.1 4.5 0
v -1.1 4.6 0
v -1 0.8 0
v -1 0.9 0
v -1 4.1 0
v -1 4.2 0
v -1 4.5 0
v -1 4.6 0
v -0.9 0.8 0
v -0.9 0.9 0
v -0.9 4.1 0
v -0.9 4.2 0
v -0.7 0.5 0
v -0.7 0.6 0
v -0.7 4.4 0
v -0.7 4.5 0
v -0.6 0.5 0
v -0.6 0.6 0
v -0.6 4.4 0
v -0.6 4.5 0
v -0.3 0.6 0
v -0.3 0.7 0
v -0.3 4.3 0
v -0.3 4.4 0
v -0.2 0.2 0
v -0.2 0.3 0
v -0.2 0.6 0
v -0.2 0.7 0
v -0.2 4.3 0
v -0.2 4.4 0
v -0.0999999 0.2 0
v -0.0999999 0.3 0
v 2.38419e-07 4.6 0
v 2.38419e-07 4.7 0
v 0.1 4.6 0
v 0.1 4.7 0
v 0.2 0.6 0
v 0.2 0.7 0
v 0.2 4.3 0
v 0.2 4.4 0
v 0.3 0.3 0
v 0.3 0.4 0
v 0.3 0.6 0
v 0.3 0.7 0
v 0.3 4.3 0
v 0.3 4.4 0
v 0.4 0.3 0
v 0.4 0.4 0
v 0.6 0.5 0
v 0.6 0.6 0
v 0.6 4.4 0
v 0.6 4.5 0
v 0.7 0.5 0
v 0.7 0.6 0
v 0.7 4.4 0
v 0.7 4.5 0
v 0.8 4.5 0
v 0.8 4.6 0
v 0.9 0.8 0
v 0.9 0.9 0
v 0.9 4.1 0
v 0.9 4.2 0
v 0.9 4.5 0
v 0.9 4.6 0
v 1 0.8 0
v 1 0.9 0
v 1 4.1 0
v 1 4.2 0
v 1.2 0.8 0
v 1.2 0.9 0
v 1.2 4.1 0
v 1.2 4.2 0
v 1.3 0.8 0
v 1.3 0.9 0
v 1.3 4.1 0
v 1.3 4.2 0
v 1.4 1.3 0
v 1.4 1.4 0
v 1.4 3.6 0
v 1.4 3.7 0
v 1.5 1.3 0
v 1.5 1.4 0
v 1.5 3.6 0
v 1.5 3.7 0
v 1.6 1.1 0
v 1.6 1.2 0
v 1.6 1.8 0
v 1.6 1.9 0
v 1.6 3.1 0
v 1.6 3.2 0
v 1.6 3.8 0
v 1.6 3.9 0
v 1.7 1.1 0
v 1.7 1.2 0
v 1.7 1.8 0
v 1.7 1.9 0
v 1.7 2.1 0
v 1.7 2.2 0
v 1.7 2.8 0
v 1.7 2.9 0
v 1.7 3.1 0
v 1.7 3.2 0
v 1.7 3.8 0
v 1.7 3.9 0
v 1.8 1.2 0
v 1.8 1.3 0
v 1.8 2.1 0
v 1.8 2.2 0
v 1.8 2.8 0
v 1.8 2.9 0
v 1.9 1.2 0
v 1.9 1.3 0
v 1.9 1.6 0
v 1.9 1.7 0
v 1.9 3.3 0
v 1.9 3.4 0
v 2 1.6 0
v 2 1.7 0
v 2 3.3 0
v 2 3.4 0
v 2.1 2.3 0
v 2.1 2.4 0
v 2.1 2.6 0
v 2.1 2.7 0
v 2.1 3 0
v 2.1 3.1 0
v 2.2 2.3 0
v 2.2 2.4 0
v 2.2 2.6 0
v 2.2 2.7 0
v 2.2 3 0
v 2.2 3.1 0
v -2.5 2 -0.1
v -2.5 2.1 -0.1
v -2.5 2.3 -0.1
v -2.5 2.6 -0.1
v -2.5 2.7 -0.1
v -2.5 2.8 -0.1
v -2.5 2.9 -0.1
v -2.5 3 -0.1
v -2.4 1.6 -0.1
v -2.4 2 -0.1
v -2.4 2.1 -0.1
v -2.4 2.3 -0.1
v -2.4 2.4 -0.1
v -2.4 2.5 -0.1
v -2.4 2.6 -0.1
v -2.4 2.7 -0.1
v -2.4 3 -0.1
v -2.4 3.4 -0.1
v -2.3 1.4 -0.1
v -2.3 1.6 -0.1
v -2.3 1.8 -0.1
v -2.3 1.9 -0.1
v -2.3 2 -0.1
v -2.3 2.4 -0.1
v -2.3 2.5 -0.1
v -2.3 2.8 -0.1
v -2.3 2.9 -0.1
v -2.3 3 -0.1
v -2.3 3.2 -0.1
v -2.3 3.4 -0.1
v -2.3 3.6 -0.1
v -2.2 1.2 -0.1
v -2.2 1.3 -0.1
v -2.2 1.4 -0.1
v -2.2 1.5 -0.1
v -2.2 1.6 -0.1
v -2.2 1.8 -0.1
v -2.2 1.9 -0.1
v -2.2 2 -0.1
v -2.2 2.5 -0.1
v -2.2 2.6 -0.1
v -2.2 3 -0.1
v -2.2 3.2 -0.1
v -2.2 3.4 -0.1
v -2.2 3.6 -0.1
v -2.2 3.7 -0.1
v -2.2 3.8 -0.1
v -2.1 1 -0.1
v -2.1 1.2 -0.1
v -2.1 1.3 -0.1
v -2.1 1.4 -0.1
v -2.1 1.5 -0.1
v -2.1 1.6 -0.1
v -2.1 2.5 -0.1
v -2.1 2.6 -0.1
v -2.1 3.3 -0.1
v -2.1 3.4 -0.1
v -2.1 3.6 -0.1
v -2.1 3.7 -0.1
v -2.1 3.8 -0.1
v -2.1 4 -0.1
v -2 0.9 -0.1
v -2 1 -0.1
v -2 1.2 -0.1
v -2 1.5 -0.1
v -2 1.8 -0.1
v -2 1.9 -0.1
v -2 3.1 -0.1
v -2 3.2 -0.1
v -2 3.3 -0.1
v -2 3.4 -0.1
v -2 3.6 -0.1
v -2 3.8 -0.1
v -2 4 -0.1
v -2 4.1 -0.1
v -1.9 0.8 -0.1
v -1.9 0.9 -0.1
v -1.9 1 -0.1
v -1.9 1.1 -0.1
v -1.9 1.2 -0.1
v -1.9 1.8 -0.1
v -1.9 1.9 -0.1
v -1.9 2.2 -0.1
v -1.9 2.3 -0.1
v -1.9 2.7 -0.1
v -1.9 2.8 -0.1
v -1.9 3.1 -0.1
v -1.9 3.2 -0.1
v -1.9 3.8 -0.1
v -1.9 3.9 -0.1
v -1.9 4.1 -0.1
v -1.9 4.2 -0.1
v -1.8 0.7 -0.1
v -1.8 0.8 -0.1
v -1.8 0.9 -0.1
v -1.8 1 -0.1
v -1.8 1.1 -0.1
v -1.8 2.2 -0.1
v -1.8 2.3 -0.1
v -1.8 2.7 -0.1
v -1.8 2.8 -0.1
v -1.8 3.9 -0.1
v -1.8 4 -0.1
v -1.8 4.1 -0.1
v -1.8 4.2 -0.1
v -1.8 4.3 -0.1
v -1.7 0.6 -0.1
v -1.7 0.7 -0.1
v -1.7 0.9 -0.1
v -1.7 1 -0.1
v -1.7 1.2 -0.1
v -1.7 1.3 -0.1
v -1.7 1.5 -0.1
v -1.7 1.6 -0.1
v -1.7 3.4 -0.1
v -1.7 3.5 -0.1
v -1.7 3.7 -0.1
v -1.7 3.8 -0.1
v -1.7 4 -0.1
v -1.7 4.1 -0.1
v -1.7 4.2 -0.1
v -1.7 4.3 -0.1
v -1.7 4.4 -0.1
v -1.6 0.5 -0.1
v -1.6 0.6 -0.1
v -1.6 0.8 -0.1
v -1.6 0.9 -0.1
v -1.6 1.2 -0.1
v -1.6 1.3 -0.1
v -1.6 1.5 -0.1
v -1.6 1.6 -0.1
v -1.6 3.4 -0.1
v -1.6 3.5 -0.1
v -1.6 3.7 -0.1
v -1.6 3.8 -0.1
v -1.6 4.1 -0.1
v -1.6 4.2 -0.1
v -1.6 4.4 -0.1
v -1.6 4.5 -0.1
v -1.5 0.4 -0.1
v -1.5 0.5 -0.1
v -1.5 0.7 -0.1
v -1.5 0.8 -0.1
v -1.5 4.2 -0.1
v -1.5 4.3 -0.1
v -1.5 4.4 -0.1
v -1.5 4.5 -0.1
v -1.5 4.6 -0.1
v -1.4 0.5 -0.1
v -1.4 0.6 -0.1
v -1.4 0.7 -0.1
v -1.4 0.8 -0.1
v -1.4 0.9 -0.1
v -1.4 4.1 -0.1
v -1.4 4.2 -0.1
v -1.4 4.3 -0.1
v -1.4 4.4 -0.1
v -1.4 4.5 -0.1
v -1.3 0.3 -0.1
v -1.3 0.4 -0.1
v -1.3 0.5 -0.1
v -1.3 0.6 -0.1
v -1.3 0.8 -0.1
v -1.3 0.9 -0.1
v -1.3 4.1 -0.1
v -1.3 4.2 -0.1
v -1.3 4.4 -0.1
v -1.3 4.5 -0.1
v -1.3 4.6 -0.1
v -1.3 4.7 -0.1
v -1.2 1 -0.1
v -1.2 1.1 -0.1
v -1.2 3.9 -0.1
v -1.2 4 -0.1
v -1.2 4.5 -0.1
v -1.2 4.6 -0.1
v -1.1 0.2 -0.1
v -1.1 0.3 -0.1
v -1.1 0.4 -0.1
v -1.1 0.5 -0.1
v -1.1 0.7 -0.1
v -1.1 0.8 -0.1
v -1.1 1 -0.1
v -1.1 1.1 -0.1
v -1.1 3.9 -0.1
v -1.1 4 -0.1
v -1.1 4.5 -0.1
v -1.1 4.6 -0.1
v -1.1 4.7 -0.1
v -1.1 4.8 -0.1
v -1 0.3 -0.1
v -1 0.4 -0.1
v -1 0.7 -0.1
v -1 0.8 -0.1
v -0.9 0.1 -0.1
v -0.9 0.2 -0.1
v -0.9 0.3 -0.1
v -0.9 0.4 -0.1
v -0.9 0.5 -0.1
v -0.9 0.6 -0.1
v -0.9 4.4 -0.1
v -0.9 4.5 -0.1
v -0.9 4.6 -0.1
v -0.9 4.7 -0.1
v -0.9 4.8 -0.1
v -0.9 4.9 -0.1
v -0.8 0.5 -0.1
v -0.8 0.6 -0.1
v -0.8 4.4 -0.1
v -0.8 4.5 -0.1
v -0.8 4.7 -0.1
v -0.8 4.8 -0.1
v -0.7 0.8 -0.1
v -0.7 0.9 -0.1
v -0.7 4.1 -0.1
v -0.7 4.2 -0.1
v -0.6 0.2 -0.1
v -0.6 0.3 -0.1
v -0.6 0.4 -0.1
v -0.6 0.8 -0.1
v -0.6 0.9 -0.1
v -0.6 4.1 -0.1
v -0.6 4.2 -0.1
v -0.6 4.6 -0.1
v -0.6 4.7 -0.1
v -0.6 4.8 -0.1
v -0.5 0 -0.1
v -0.5 0.1 -0.1
v -0.5 0.2 -0.1
v -0.5 0.3 -0.1
v -0.5 0.4 -0.1
v -0.5 4.6 -0.1
v -0.5 4.8 -0.1
v -0.5 4.9 -0.1
v -0.5 5 -0.1
v -0.4 0 -0.1
v -0.4 0.1 -0.1
v -0.4 0.7 -0.1
v -0.4 0.8 -0.1
v -0.4 4.2 -0.1
v -0.4 4.3 -0.1
v -0.3 0.7 -0.1
v -0.3 0.8 -0.1
v -0.3 4.2 -0.1
v -0.3 4.3 -0.1
v -0.2 0 -0.1
v -0.2 0.1 -0.1
v -0.2 0.2 -0.1
v -0.2 0.3 -0.1
v -0.2 0.4 -0.1
v -0.2 4.6 -0.1
v -0.2 4.7 -0.1
v -0.2 4.9 -0.1
v -0.2 5 -0.1
v -0.0999999 0.3 -0.1
v -0.0999999 0.4 -0.1
v -0.0999999 4.6 -0.1
v -0.0999999 4.7 -0.1
v -0.0999999 4.9 -0.1
v -0.0999999 5 -0.1
v 2.38419e-07 0 -0.1
v 2.38419e-07 0.1 -0.1
v 2.38419e-07 0.2 -0.1
v 0.1 0 -0.1
v 0.1 0.1 -0.1
v 0.1 0.3 -0.1
v 0.1 0.4 -0.1
v 0.1 4.6 -0.1
v 0.1 4.7 -0.1
v 0.2 0.3 -0.1
v 0.2 0.4 -0.1
v 0.2 4.6 -0.1
v 0.2 4.7 -0.1
v 0.3 0.7 -0.1
v 0.3 0.8 -0.1
v 0.3 4.2 -0.1
v 0.3 4.3 -0.1
v 0.3 4.9 -0.1
v 0.3 5 -0.1
v 0.4 0.7 -0.1
v 0.4 0.8 -0.1
v 0.4 4.2 -0.1
v 0.4 4.3 -0.1
v 0.4 4.9 -0.1
v 0.4 5 -0.1
v 0.5 0 -0.1
v 0.5 0.1 -0.1
v 0.5 0.2 -0.1
v 0.5 0.3 -0.1
v 0.5 4.7 -0.1
v 0.5 4.8 -0.1
v 0.5 4.9 -0.1
v 0.5 5 -0.1
v 0.6 0.8 -0.1
v 0.6 0.9 -0.1
v 0.6 4.1 -0.1
v 0.6 4.2 -0.1
v 0.7 0.8 -0.1
v 0.7 0.9 -0.1
v 0.7 4.1 -0.1
v 0.7 4.2 -0.1
v 0.7 4.7 -0.1
v 0.7 4.9 -0.1
v 0.8 0.5 -0.1
v 0.8 0.6 -0.1
v 0.8 4.4 -0.1
v 0.8 4.5 -0.1
v 0.8 4.7 -0.1
v 0.8 4.9 -0.1
v 0.9 0.1 -0.1
v 0.9 0.2 -0.1
v 0.9 0.3 -0.1
v 0.9 0.4 -0.1
v 0.9 0.5 -0.1
v 0.9 0.6 -0.1
v 0.9 4.4 -0.1
v 0.9 4.5 -0.1
v 0.9 4.6 -0.1
v 0.9 4.7 -0.1
v 0.9 4.8 -0.1
v 0.9 4.9 -0.1
v 1 0.2 -0.1
v 1 0.3 -0.1
v 1 4.7 -0.1
v 1 4.8 -0.1
v 1.1 0.2 -0.1
v 1.1 0.3 -0.1
v 1.1 0.4 -0.1
v 1.1 0.5 -0.1
v 1.1 1 -0.1
v 1.1 1.1 -0.1
v 1.1 3.9 -0.1
v 1.1 4 -0.1
v 1.1 4.5 -0.1
v 1.1 4.6 -0.1
v 1.1 4.7 -0.1
v 1.1 4.8 -0.1
v 1.2 0.3 -0.1
v 1.2 0.4 -0.1
v 1.2 1 -0.1
v 1.2 1.1 -0.1
v 1.2 3.9 -0.1
v 1.2 4 -0.1
v 1.2 4.3 -0.1
v 1.2 4.4 -0.1
v 1.3 0.3 -0.1
v 1.3 0.4 -0.1
v 1.3 0.5 -0.1
v 1.3 0.6 -0.1
v 1.3 0.8 -0.1
v 1.3 0.9 -0.1
v 1.3 4.1 -0.1
v 1.3 4.2 -0.1
v 1.3 4.3 -0.1
v 1.3 4.4 -0.1
v 1.3 4.5 -0.1
v 1.3 4.6 -0.1
v 1.3 4.7 -0.1
v 1.4 0.6 -0.1
v 1.4 0.7 -0.1
v 1.4 0.8 -0.1
v 1.4 0.9 -0.1
v 1.4 4.1 -0.1
v 1.4 4.2 -0.1
v 1.4 4.3 -0.1
v 1.4 4.4 -0.1
v 1.4 4.5 -0.1
v 1.4 4.6 -0.1
v 1.5 0.4 -0.1
v 1.5 0.5 -0.1
v 1.5 0.6 -0.1
v 1.5 0.7 -0.1
v 1.5 0.8 -0.1
v 1.5 4.2 -0.1
v 1.5 4.3 -0.1
v 1.5 4.5 -0.1
v 1.5 4.6 -0.1
v 1.6 0.5 -0.1
v 1.6 0.6 -0.1
v 1.6 0.7 -0.1
v 1.6 0.8 -0.1
v 1.6 0.9 -0.1
v 1.6 1.2 -0.1
v 1.6 1.3 -0.1
v 1.6 1.5 -0.1
v 1.6 1.6 -0.1
v 1.6 3.4 -0.1
v 1.6 3.5 -0.1
v 1.6 3.7 -0.1
v 1.6 3.8 -0.1
v 1.6 4.1 -0.1
v 1.6 4.2 -0.1
v 1.6 4.4 -0.1
v 1.6 4.5 -0.1
v 1.7 0.6 -0.1
v 1.7 0.7 -0.1
v 1.7 0.8 -0.1
v 1.7 0.9 -0.1
v 1.7 1 -0.1
v 1.7 1.2 -0.1
v 1.7 1.3 -0.1
v 1.7 1.5 -0.1
v 1.7 1.6 -0.1
v 1.7 3.4 -0.1
v 1.7 3.5 -0.1
v 1.7 3.7 -0.1
v 1.7 3.8 -0.1
v 1.7 4 -0.1
v 1.7 4.1 -0.1
v 1.7 4.2 -0.1
v 1.7 4.3 -0.1
v 1.7 4.4 -0.1
v 1.8 0.7 -0.1
v 1.8 0.8 -0.1
v 1.8 0.9 -0.1
v 1.8 1 -0.1
v 1.8 1.1 -0.1
v 1.8 2.2 -0.1
v 1.8 2.3 -0.1
v 1.8 2.7 -0.1
v 1.8 2.8 -0.1
v 1.8 3.9 -0.1
v 1.8 4 -0.1
v 1.8 4.1 -0.1
v 1.8 4.2 -0.1
v 1.8 4.3 -0.1
v 1.9 0.8 -0.1
v 1.9 0.9 -0.1
v 1.9 1.1 -0.1
v 1.9 1.2 -0.1
v 1.9 1.8 -0.1
v 1.9 1.9 -0.1
v 1.9 2.2 -0.1
v 1.9 2.3 -0.1
v 1.9 2.7 -0.1
v 1.9 2.8 -0.1
v 1.9 3.1 -0.1
v 1.9 3.2 -0.1
v 1.9 3.8 -0.1
v 1.9 3.9 -0.1
v 1.9 4.1 -0.1
v 1.9 4.2 -0.1
v 2 0.9 -0.1
v 2 1 -0.1
v 2 1.1 -0.1
v 2 1.2 -0.1
v 2 1.3 -0.1
v 2 1.4 -0.1
v 2 1.8 -0.1
v 2 1.9 -0.1
v 2 3.1 -0.1
v 2 3.2 -0.1
v 2 3.6 -0.1
v 2 3.7 -0.1
v 2 3.8 -0.1
v 2 3.9 -0.1
v 2 4 -0.1
v 2 4.1 -0.1
v 2.1 1 -0.1
v 2.1 1.2 -0.1
v 2.1 1.4 -0.1
v 2.1 1.6 -0.1
v 2.1 2.8 -0.1
v 2.1 2.9 -0.1
v 2.1 3.4 -0.1
v 2.1 3.5 -0.1
v 2.1 3.6 -0.1
v 2.1 3.7 -0.1
v 2.1 3.8 -0.1
v 2.1 3.9 -0.1
v 2.1 4 -0.1
v 2.2 1.2 -0.1
v 2.2 1.3 -0.1
v 2.2 1.4 -0.1
v 2.2 1.6 -0.1
v 2.2 1.8 -0.1
v 2.2 2 -0.1
v 2.2 2.3 -0.1
v 2.2 2.4 -0.1
v 2.2 2.8 -0.1
v 2.2 2.9 -0.1
v 2.2 3 -0.1
v 2.2 3.4 -0.1
v 2.2 3.6 -0.1
v 2.2 3.8 -0.1
v 2.3 1.4 -0.1
v 2.3 1.6 -0.1
v 2.3 1.8 -0.1
v 2.3 2 -0.1
v 2.3 2.1 -0.1
v 2.3 2.3 -0.1
v 2.3 2.4 -0.1
v 2.3 2.5 -0.1
v 2.3 2.8 -0.1
v 2.3 2.9 -0.1
v 2.3 3 -0.1
v 2.3 3.1 -0.1
v 2.3 3.2 -0.1
v 2.3 3.4 -0.1
v 2.3 3.5 -0.1
v 2.3 3.6 -0.1
v 2.4 1.6 -0.1
v 2.4 2 -0.1
v 2.4 2.1 -0.1
v 2.4 2.2 -0.1
v 2.4 2.3 -0.1
v 2.4 2.4 -0.1
v 2.4 2.5 -0.1
v 2.4 2.8 -0.1
v 2.4 2.9 -0.1
v 2.4 3 -0.1
v 2.4 3.1 -0.1
v 2.4 3.2 -0.1
v 2.4 3.4 -0.1
v 2.5 2 -0.1
v 2.5 2.2 -0.1
v 2.5 2.3 -0.1
v 2.5 3 -0.1
v -0.5 0 0.1
v -0.3 0 0.1
v -0.2 0 0.1
v 0.5 0 0.1
v -0.4 0 0
v -0.3 0 0
v 2.38419e-07 0 0
v 0.1 0 0
v -0.5 0 -0.1
v -0.4 0 -0.1
v -0.2 0 -0.1
v 2.38419e-07 0 -0.1
v 0.1 0 -0.1
v 0.5 0 -0.1
v -0.9 0.1 0.1
v -0.5 0.1 0.1
v 0.5 0.1 0.1
v 0.6 0.1 0.1
v 0.7 0.1 0.1
v 0.9 0.1 0.1
v 0.6 0.1 0
v 0.7 0.1 0
v -0.9 0.1 -0.1
v -0.5 0.1 -0.1
v 0.5 0.1 -0.1
v 0.9 0.1 -0.1
v -1.1 0.2 0.1
v -0.9 0.2 0.1
v 0.9 0.2 0.1
v 1 0.2 0.1
v 1.1 0.2 0.1
v -1.1 0.2 0
v -0.9 0.2 0
v -1.1 0.2 -0.1
v -0.9 0.2 -0.1
v 0.9 0.2 -0.1
v 1 0.2 -0.1
v 1.1 0.2 -0.1
v -1.3 0.3 0.1
v -1.2 0.3 0.1
v -1.1 0.3 0.1
v 0.3 0.3 0.1
v 0.4 0.3 0.1
v 1.1 0.3 0.1
v 1.3 0.3 0.1
v -1.3 0.3 0
v -1.2 0.3 0
v -1.1 0.3 0
v -0.2 0.3 0
v -0.0999999 0.3 0
v 0.1 0.3 0
v 0.2 0.3 0
v 0.3 0.3 0
v 0.4 0.3 0
v 1.1 0.3 0
v 1.2 0.3 0
v -1.3 0.3 -0.1
v -1.1 0.3 -0.1
v -0.2 0.3 -0.1
v -0.0999999 0.3 -0.1
v 0.1 0.3 -0.1
v 0.2 0.3 -0.1
v 1.1 0.3 -0.1
v 1.2 0.3 -0.1
v 1.3 0.3 -0.1
v -1.5 0.4 0.1
v -1.3 0.4 0.1
v 1.3 0.4 0.1
v 1.4 0.4 0.1
v 1.5 0.4 0.1
v -1.3 0.4 0
v 1.3 0.4 0
v 1.4 0.4 0
v -1.5 0.4 -0.1
v -1.3 0.4 -0.1
v 1.3 0.4 -0.1
v 1.5 0.4 -0.1
v -1.6 0.5 0.1
v -1.5 0.5 0.1
v -0.7 0.5 0.1
v -0.6 0.5 0.1
v 0.6 0.5 0.1
v 0.7 0.5 0.1
v 1.5 0.5 0.1
v 1.6 0.5 0.1
v -0.9 0.5 0
v -0.8 0.5 0
v -0.7 0.5 0
v -0.6 0.5 0
v 0.6 0.5 0
v 0.7 0.5 0
v 0.8 0.5 0
v 0.9 0.5 0
v -1.6 0.5 -0.1
v -1.5 0.5 -0.1
v -0.9 0.5 -0.1
v -0.8 0.5 -0.1
v 0.8 0.5 -0.1
v 0.9 0.5 -0.1
v 1.5 0.5 -0.1
v 1.6 0.5 -0.1
v -1.7 0.6 0.1
v -1.6 0.6 0.1
v -0.3 0.6 0.1
v -0.2 0.6 0.1
v 0.2 0.6 0.1
v 0.3 0.6 0.1
v 1.6 0.6 0.1
v 1.7 0.6 0.1
v -0.3 0.6 0
v -0.2 0.6 0
v 0.2 0.6 0
v 0.3 0.6 0
v -1.7 0.6 -0.1
v -1.6 0.6 -0.1
v 1.6 0.6 -0.1
v 1.7 0.6 -0.1
v -1.8 0.7 0.1
v -1.7 0.7 0.1
v 1.7 0.7 0.1
v 1.8 0.7 0.1
v -1.1 0.7 0
v -1 0.7 0
v -0.4 0.7 0
v -0.3 0.7 0
v 0.3 0.7 0
v 0.4 0.7 0
v 1.7 0.7 0
v 1.8 0.7 0
v -1.8 0.7 -0.1
v -1.7 0.7 -0.1
v -1.1 0.7 -0.1
v -1 0.7 -0.1
v -0.4 0.7 -0.1
v -0.3 0.7 -0.1
v 0.3 0.7 -0.1
v 0.4 0.7 -0.1
v 1.7 0.7 -0.1
v 1.8 0.7 -0.1
v -1.9 0.8 0.1
v -1.8 0.8 0.1
v -1.3 0.8 0.1
v -1.2 0.8 0.1
v -1 0.8 0.1
v -0.9 0.8 0.1
v 0.9 0.8 0.1
v 1 0.8 0.1
v 1.2 0.8 0.1
v 1.3 0.8 0.1
v 1.8 0.8 0.1
v 1.9 0.8 0.1
v -1.4 0.8 0
v -1.3 0.8 0
v -1.2 0.8 0
v -1 0.8 0
v -0.9 0.8 0
v -0.7 0.8 0
v -0.6 0.8 0
v 0.6 0.8 0
v 0.7 0.8 0
v 0.9 0.8 0
v 1 0.8 0
v 1.2 0.8 0
v 1.3 0.8 0
v 1.4 0.8 0
v 1.8 0.8 0
v -1.9 0.8 -0.1
v -1.8 0.8 -0.1
v -1.4 0.8 -0.1
v -1.3 0.8 -0.1
v -0.7 0.8 -0.1
v -0.6 0.8 -0.1
v 0.6 0.8 -0.1
v 0.7 0.8 -0.1
v 1.3 0.8 -0.1
v 1.4 0.8 -0.1
v 1.8 0.8 -0.1
v 1.9 0.8 -0.1
v -2 0.9 0.1
v -1.9 0.9 0.1
v 1.9 0.9 0.1
v 2 0.9 0.1
v -2 0.9 0
v -1.9 0.9 0
v -2 0.9 -0.1
v -1.9 0.9 -0.1
v 1.9 0.9 -0.1
v 2 0.9 -0.1
v -2.1 1 0.1
v -2 1 0.1
v 2 1 0.1
v 2.1 1 0.1
v -2 1 0
v -1.2 1 0
v -1.1 1 0
v 1.1 1 0
v 1.2 1 0
v 2 1 0
v 2.1 1 0
v -2.1 1 -0.1
v -2 1 -0.1
v -1.2 1 -0.1
v -1.1 1 -0.1
v 1.1 1 -0.1
v 1.2 1 -0.1
v 2 1 -0.1
v 2.1 1 -0.1
v -1.7 1.1 0.1
v -1.6 1.1 0.1
v 1.6 1.1 0.1
v 1.7 1.1 0.1
v -1.7 1.1 0
v -1.6 1.1 0
v 1.6 1.1 0
v 1.7 1.1 0
v -2.2 1.2 0.1
v -2.1 1.2 0.1
v 1.8 1.2 0.1
v 1.9 1.2 0.1
v 2.1 1.2 0.1
v 2.2 1.2 0.1
v -1.7 1.2 0
v -1.6 1.2 0
v 1.6 1.2 0
v 1.7 1.2 0
v 1.8 1.2 0
v 1.9 1.2 0
v 2.1 1.2 0
v 2.2 1.2 0
v -2.2 1.2 -0.1
v -2.1 1.2 -0.1
v -1.7 1.2 -0.1
v -1.6 1.2 -0.1
v 1.6 1.2 -0.1
v 1.7 1.2 -0.1
v 2.1 1.2 -0.1
v 2.2 1.2 -0.1
v -1.5 1.3 0.1
v -1.4 1.3 0.1
v 1.4 1.3 0.1
v 1.5 1.3 0.1
v -1.5 1.3 0
v -1.4 1.3 0
v 1.4 1.3 0
v 1.5 1.3 0
v -2.3 1.4 0.1
v -2.2 1.4 0.1
v 2.2 1.4 0.1
v 2.3 1.4 0.1
v 2.2 1.4 0
v 2.3 1.4 0
v -2.3 1.4 -0.1
v -2.2 1.4 -0.1
v 2.2 1.4 -0.1
v 2.3 1.4 -0.1
v -1.7 1.5 0
v -1.6 1.5 0
v 1.6 1.5 0
v 1.7 1.5 0
v -1.7 1.5 -0.1
v -1.6 1.5 -0.1
v 1.6 1.5 -0.1
v 1.7 1.5 -0.1
v -2.4 1.6 0.1
v -2.3 1.6 0.1
v -2 1.6 0.1
v -1.9 1.6 0.1
v 1.9 1.6 0.1
v 2 1.6 0.1
v 2.3 1.6 0.1
v 2.4 1.6 0.1
v -2.3 1.6 0
v -2 1.6 0
v -1.9 1.6 0
v 1.9 1.6 0
v 2 1.6 0
v -2.4 1.6 -0.1
v -2.3 1.6 -0.1
v 2.3 1.6 -0.1
v 2.4 1.6 -0.1
v -1.7 1.8 0.1
v -1.6 1.8 0.1
v 1.6 1.8 0.1
v 1.7 1.8 0.1
v -2 1.8 0
v -1.9 1.8 0
v -1.7 1.8 0
v -1.6 1.8 0
v 1.6 1.8 0
v 1.7 1.8 0
v 1.9 1.8 0
v 2 1.8 0
v -2 1.8 -0.1
v -1.9 1.8 -0.1
v 1.9 1.8 -0.1
v 2 1.8 -0.1
v -2.5 2 0.1
v -2.4 2 0.1
v 2.4 2 0.1
v 2.5 2 0.1
v -2.5 2 -0.1
v -2.4 2 -0.1
v 2.4 2 -0.1
v 2.5 2 -0.1
v -1.8 2.1 0.1
v -1.7 2.1 0.1
v 1.7 2.1 0.1
v 1.8 2.1 0.1
v -1.8 2.1 0
v -1.7 2.1 0
v 1.7 2.1 0
v 1.8 2.1 0
v -1.9 2.2 0
v -1.8 2.2 0
v 1.8 2.2 0
v 1.9 2.2 0
v -1.9 2.2 -0.1
v -1.8 2.2 -0.1
v 1.8 2.2 -0.1
v 1.9 2.2 -0.1
v -2.2 2.3 0.1
v -2.1 2.3 0.1
v 2.1 2.3 0.1
v 2.2 2.3 0.1
v -2.2 2.3 0
v -2.1 2.3 0
v 2.1 2.3 0
v 2.2 2.3 0
v 2.3 2.3 0
v 2.2 2.3 -0.1
v 2.3 2.3 -0.1
v -2.2 2.5 0
v -2.1 2.5 0
v -2.2 2.5 -0.1
v -2.1 2.5 -0.1
v -2.2 2.6 0.1
v -2.1 2.6 0.1
v 2.1 2.6 0.1
v 2.2 2.6 0.1
v -2.2 2.6 0
v -2.1 2.6 0
v 2.1 2.6 0
v 2.2 2.6 0
v -1.9 2.7 0
v -1.8 2.7 0
v 1.8 2.7 0
v 1.9 2.7 0
v -1.9 2.7 -0.1
v -1.8 2.7 -0.1
v 1.8 2.7 -0.1
v 1.9 2.7 -0.1
v -1.8 2.8 0.1
v -1.7 2.8 0.1
v 1.7 2.8 0.1
v 1.8 2.8 0.1
v -1.8 2.8 0
v -1.7 2.8 0
v 1.7 2.8 0
v 1.8 2.8 0
v 2.1 2.8 0
v 2.2 2.8 0
v 2.1 2.8 -0.1
v 2.2 2.8 -0.1
v -2.3 3 0.1
v -2.2 3 0.1
v -2.1 3 0.1
v 2.1 3 0.1
v 2.3 3 0.1
v -2.3 3 0
v -2.2 3 0
v -2.1 3 0
v 2.1 3 0
v 2.2 3 0
v -2.3 3 -0.1
v -2.2 3 -0.1
v 2.2 3 -0.1
v 2.3 3 -0.1
v -1.7 3.1 0.1
v -1.6 3.1 0.1
v 1.6 3.1 0.1
v 1.7 3.1 0.1
v -2 3.1 0
v -1.9 3.1 0
v -1.7 3.1 0
v -1.6 3.1 0
v 1.6 3.1 0
v 1.7 3.1 0
v 1.9 3.1 0
v 2 3.1 0
v -2 3.1 -0.1
v -1.9 3.1 -0.1
v 1.9 3.1 -0.1
v 2 3.1 -0.1
v -2 3.3 0.1
v -1.9 3.3 0.1
v 1.9 3.3 0.1
v 2 3.3 0.1
v -2.1 3.3 0
v -2 3.3 0
v -1.9 3.3 0
v 1.9 3.3 0
v 2 3.3 0
v -2.1 3.3 -0.1
v -2 3.3 -0.1
v -2.2 3.4 0.1
v -2.1 3.4 0.1
v 2.1 3.4 0.1
v 2.2 3.4 0.1
v -2.2 3.4 0
v -2.1 3.4 0
v -1.7 3.4 0
v -1.6 3.4 0
v 1.6 3.4 0
v 1.7 3.4 0
v 2.1 3.4 0
v 2.2 3.4 0
v -2.2 3.4 -0.1
v -2.1 3.4 -0.1
v -1.7 3.4 -0.1
v -1.6 3.4 -0.1
v 1.6 3.4 -0.1
v 1.7 3.4 -0.1
v 2.1 3.4 -0.1
v 2.2 3.4 -0.1
v -1.8 3.5 0.1
v -1.7 3.5 0.1
v -1.8 3.5 0
v -1.7 3.5 0
v -2.1 3.6 0.1
v -2 3.6 0.1
v -1.5 3.6 0.1
v -1.4 3.6 0.1
v 1.4 3.6 0.1
v 1.5 3.6 0.1
v 2 3.6 0.1
v 2.1 3.6 0.1
v -2.1 3.6 0
v -1.5 3.6 0
v -1.4 3.6 0
v 1.4 3.6 0
v 1.5 3.6 0
v -2.1 3.6 -0.1
v -2 3.6 -0.1
v 2 3.6 -0.1
v 2.1 3.6 -0.1
v -1.7 3.7 0
v -1.6 3.7 0
v 1.6 3.7 0
v 1.7 3.7 0
v -1.7 3.7 -0.1
v -1.6 3.7 -0.1
v 1.6 3.7 -0.1
v 1.7 3.7 -0.1
v -2 3.8 0.1
v -1.9 3.8 0.1
v -1.7 3.8 0.1
v -1.6 3.8 0.1
v 1.6 3.8 0.1
v 1.7 3.8 0.1
v 1.9 3.8 0.1
v 2 3.8 0.1
v -1.7 3.8 0
v -1.6 3.8 0
v 1.6 3.8 0
v 1.7 3.8 0
v 1.9 3.8 0
v 2 3.8 0
v -2 3.8 -0.1
v -1.9 3.8 -0.1
v 1.9 3.8 -0.1
v 2 3.8 -0.1
v -1.9 3.9 0.1
v -1.8 3.9 0.1
v 1.8 3.9 0.1
v 1.9 3.9 0.1
v -1.2 3.9 0
v -1.1 3.9 0
v 1.1 3.9 0
v 1.2 3.9 0
v 1.8 3.9 0
v 1.9 3.9 0
v -1.9 3.9 -0.1
v -1.8 3.9 -0.1
v -1.2 3.9 -0.1
v -1.1 3.9 -0.1
v 1.1 3.9 -0.1
v 1.2 3.9 -0.1
v 1.8 3.9 -0.1
v 1.9 3.9 -0.1
v -1.8 4 0.1
v -1.7 4 0.1
v 1.7 4 0.1
v 1.8 4 0.1
v 1.7 4 0
v 1.8 4 0
v -1.8 4 -0.1
v -1.7 4 -0.1
v 1.7 4 -0.1
v 1.8 4 -0.1
v -1.7 4.1 0.1
v -1.6 4.1 0.1
v -1.3 4.1 0.1
v -1.2 4.1 0.1
v -1 4.1 0.1
v -0.9 4.1 0.1
v 0.9 4.1 0.1
v 1 4.1 0.1
v 1.2 4.1 0.1
v 1.3 4.1 0.1
v 1.6 4.1 0.1
v 1.7 4.1 0.1
v -1.4 4.1 0
v -1.3 4.1 0
v -1.2 4.1 0
v -1 4.1 0
v -0.9 4.1 0
v -0.7 4.1 0
v -0.6 4.1 0
v 0.6 4.1 0
v 0.7 4.1 0
v 0.9 4.1 0
v 1 4.1 0
v 1.2 4.1 0
v 1.3 4.1 0
v 1.4 4.1 0
v 1.7 4.1 0
v -1.7 4.1 -0.1
v -1.6 4.1 -0.1
v -1.4 4.1 -0.1
v -1.3 4.1 -0.1
v -0.7 4.1 -0.1
v -0.6 4.1 -0.1
v 0.6 4.1 -0.1
v 0.7 4.1 -0.1
v 1.3 4.1 -0.1
v 1.4 4.1 -0.1
v 1.6 4.1 -0.1
v 1.7 4.1 -0.1
v -1.6 4.2 0.1
v -1.5 4.2 0.1
v 1.5 4.2 0.1
v 1.6 4.2 0.1
v -1.6 4.2 0
v -1.5 4.2 0
v -0.4 4.2 0
v -0.3 4.2 0
v 0.3 4.2 0
v 0.4 4.2 0
v -1.6 4.2 -0.1
v -1.5 4.2 -0.1
v -0.4 4.2 -0.1
v -0.3 4.2 -0.1
v 0.3 4.2 -0.1
v 0.4 4.2 -0.1
v 1.5 4.2 -0.1
v 1.6 4.2 -0.1
v -1.5 4.3 0.1
v -1.4 4.3 0.1
v -0.3 4.3 0.1
v -0.2 4.3 0.1
v 0.2 4.3 0.1
v 0.3 4.3 0.1
v 1.4 4.3 0.1
v 1.5 4.3 0.1
v -1.5 4.3 0
v -1.4 4.3 0
v -0.3 4.3 0
v -0.2 4.3 0
v 0.2 4.3 0
v 0.3 4.3 0
v 1.2 4.3 0
v 1.3 4.3 0
v 1.4 4.3 0
v 1.5 4.3 0
v -1.5 4.3 -0.1
v -1.4 4.3 -0.1
v 1.2 4.3 -0.1
v 1.3 4.3 -0.1
v 1.4 4.3 -0.1
v 1.5 4.3 -0.1
v -1.4 4.4 0.1
v -1.3 4.4 0.1
v -0.7 4.4 0.1
v -0.6 4.4 0.1
v 0.6 4.4 0.1
v 0.7 4.4 0.1
v 1.3 4.4 0.1
v 1.4 4.4 0.1
v -1.4 4.4 0
v -1.3 4.4 0
v -0.9 4.4 0
v -0.8 4.4 0
v -0.7 4.4 0
v -0.6 4.4 0
v 0.6 4.4 0
v 0.7 4.4 0
v 0.8 4.4 0
v 0.9 4.4 0
v 1.3 4.4 0
v 1.4 4.4 0
v -1.4 4.4 -0.1
v -1.3 4.4 -0.1
v -0.9 4.4 -0.1
v -0.8 4.4 -0.1
v 0.8 4.4 -0.1
v 0.9 4.4 -0.1
v 1.3 4.4 -0.1
v 1.4 4.4 -0.1
v -1.3 4.5 0.1
v -1 4.5 0.1
v 0.8 4.5 0.1
v 0.9 4.5 0.1
v 1.1 4.5 0.1
v 1.3 4.5 0.1
v -1.3 4.5 0
v -1.2 4.5 0
v -1.1 4.5 0
v -1 4.5 0
v 0.8 4.5 0
v 0.9 4.5 0
v -1.3 4.5 -0.1
v -1.2 4.5 -0.1
v -1.1 4.5 -0.1
v 1.1 4.5 -0.1
v 1.3 4.5 -0.1
v -1 4.6 0.1
v -0.9 4.6 0.1
v 2.38419e-07 4.6 0.1
v 0.1 4.6 0.1
v 0.9 4.6 0.1
v 1.1 4.6 0.1
v -1.1 4.6 0
v -1 4.6 0
v -0.9 4.6 0
v -0.6 4.6 0
v -0.5 4.6 0
v -0.2 4.6 0
v -0.0999999 4.6 0
v 2.38419e-07 4.6 0
v 0.1 4.6 0
v 0.2 4.6 0
v 0.9 4.6 0
v 1.1 4.6 0
v -1.1 4.6 -0.1
v -0.9 4.6 -0.1
v -0.6 4.6 -0.1
v -0.5 4.6 -0.1
v -0.2 4.6 -0.1
v -0.0999999 4.6 -0.1
v 0.1 4.6 -0.1
v 0.2 4.6 -0.1
v 0.9 4.6 -0.1
v 1.1 4.6 -0.1
v -0.9 4.7 0.1
v -0.7 4.7 0.1
v -0.6 4.7 0.1
v -0.5 4.7 0.1
v 0.5 4.7 0.1
v 0.7 4.7 0.1
v 0.9 4.7 0.1
v -0.9 4.7 0
v -0.8 4.7 0
v -0.7 4.7 0
v -0.6 4.7 0
v -0.5 4.7 0
v 0.8 4.7 0
v 0.9 4.7 0
v -0.9 4.7 -0.1
v -0.8 4.7 -0.1
v -0.6 4.7 -0.1
v 0.5 4.7 -0.1
v 0.7 4.7 -0.1
v 0.8 4.7 -0.1
v 0.9 4.7 -0.1
v -0.5 4.8 0.1
v -0.0999999 4.8 0.1
v 2.38419e-07 4.8 0.1
v 0.3 4.8 0.1
v 0.4 4.8 0.1
v 0.5 4.8 0.1
v -0.0999999 4.8 0
v 2.38419e-07 4.8 0
v 0.3 4.8 0
v 0.4 4.8 0
v -0.5 4.8 -0.1
v 0.5 4.8 -0.1
v -0.5 0.2 0.1
v -0.4 0.2 0.1
v -0.2 0.2 0.1
v -0.0999999 0.2 0.1
v 2.38419e-07 0.2 0.1
v 0.3 0.2 0.1
v 0.4 0.2 0.1
v 0.5 0.2 0.1
v -0.5 0.2 0
v -0.4 0.2 0
v -0.2 0.2 0
v -0.0999999 0.2 0
v 0.3 0.2 0
v 0.4 0.2 0
v -0.5 0.2 -0.1
v -0.2 0.2 -0.1
v 2.38419e-07 0.2 -0.1
v 0.5 0.2 -0.1
v -0.9 0.3 0.1
v -0.7 0.3 0.1
v -0.5 0.3 0.1
v -0.2 0.3 0.1
v -0.0999999 0.3 0.1
v 0.5 0.3 0.1
v 0.9 0.3 0.1
v -0.9 0.3 0
v -0.7 0.3 0
v -0.6 0.3 0
v -0.5 0.3 0
v -0.2 0.3 0
v -0.0999999 0.3 0
v 0.9 0.3 0
v -0.9 0.3 -0.1
v -0.6 0.3 -0.1
v 0.5 0.3 -0.1
v 0.9 0.3 -0.1
v -1.1 0.4 0.1
v -0.9 0.4 0.1
v 0.3 0.4 0.1
v 0.4 0.4 0.1
v 0.9 0.4 0.1
v 1 0.4 0.1
v 1.1 0.4 0.1
v -1 0.4 0
v -0.9 0.4 0
v -0.6 0.4 0
v -0.5 0.4 0
v -0.2 0.4 0
v -0.0999999 0.4 0
v 0.1 0.4 0
v 0.2 0.4 0
v 0.3 0.4 0
v 0.4 0.4 0
v 0.9 0.4 0
v 1 0.4 0
v -1.1 0.4 -0.1
v -1 0.4 -0.1
v -0.9 0.4 -0.1
v -0.6 0.4 -0.1
v -0.5 0.4 -0.1
v -0.2 0.4 -0.1
v -0.0999999 0.4 -0.1
v 0.1 0.4 -0.1
v 0.2 0.4 -0.1
v 0.9 0.4 -0.1
v 1.1 0.4 -0.1
v -1.3 0.5 0.1
v -1.2 0.5 0.1
v -1.1 0.5 0.1
v 1.1 0.5 0.1
v 1.2 0.5 0.1
v 1.3 0.5 0.1
v -1.3 0.5 0
v -1.2 0.5 0
v 1.2 0.5 0
v 1.3 0.5 0
v -1.3 0.5 -0.1
v -1.1 0.5 -0.1
v 1.1 0.5 -0.1
v 1.3 0.5 -0.1
v -1.4 0.6 0.1
v -1.3 0.6 0.1
v -0.7 0.6 0.1
v -0.6 0.6 0.1
v 0.6 0.6 0.1
v 0.7 0.6 0.1
v 1.3 0.6 0.1
v 1.4 0.6 0.1
v -1.4 0.6 0
v -1.3 0.6 0
v -0.9 0.6 0
v -0.8 0.6 0
v -0.7 0.6 0
v -0.6 0.6 0
v 0.6 0.6 0
v 0.7 0.6 0
v 0.8 0.6 0
v 0.9 0.6 0
v -1.4 0.6 -0.1
v -1.3 0.6 -0.1
v -0.9 0.6 -0.1
v -0.8 0.6 -0.1
v 0.8 0.6 -0.1
v 0.9 0.6 -0.1
v 1.3 0.6 -0.1
v 1.4 0.6 -0.1
v -1.5 0.7 0.1
v -1.4 0.7 0.1
v -0.3 0.7 0.1
v -0.2 0.7 0.1
v 0.2 0.7 0.1
v 0.3 0.7 0.1
v 1.4 0.7 0.1
v 1.5 0.7 0.1
v -1.5 0.7 0
v -1.4 0.7 0
v -0.3 0.7 0
v -0.2 0.7 0
v 0.2 0.7 0
v 0.3 0.7 0
v 1.5 0.7 0
v -1.5 0.7 -0.1
v -1.4 0.7 -0.1
v 1.4 0.7 -0.1
v 1.5 0.7 -0.1
v -1.6 0.8 0.1
v -1.5 0.8 0.1
v 1.5 0.8 0.1
v 1.6 0.8 0.1
v -1.1 0.8 0
v -1 0.8 0
v -0.4 0.8 0
v -0.3 0.8 0
v 0.3 0.8 0
v 0.4 0.8 0
v 1.5 0.8 0
v 1.6 0.8 0
v -1.6 0.8 -0.1
v -1.5 0.8 -0.1
v -1.1 0.8 -0.1
v -1 0.8 -0.1
v -0.4 0.8 -0.1
v -0.3 0.8 -0.1
v 0.3 0.8 -0.1
v 0.4 0.8 -0.1
v 1.5 0.8 -0.1
v 1.6 0.8 -0.1
v -1.7 0.9 0.1
v -1.6 0.9 0.1
v -1.3 0.9 0.1
v -1.2 0.9 0.1
v -1 0.9 0.1
v -0.9 0.9 0.1
v 0.9 0.9 0.1
v 1 0.9 0.1
v 1.2 0.9 0.1
v 1.3 0.9 0.1
v 1.6 0.9 0.1
v 1.7 0.9 0.1
v -1.7 0.9 0
v -1.4 0.9 0
v -1.3 0.9 0
v -1.2 0.9 0
v -1 0.9 0
v -0.9 0.9 0
v -0.7 0.9 0
v -0.6 0.9 0
v 0.6 0.9 0
v 0.7 0.9 0
v 0.9 0.9 0
v 1 0.9 0
v 1.2 0.9 0
v 1.3 0.9 0
v 1.4 0.9 0
v -1.7 0.9 -0.1
v -1.6 0.9 -0.1
v -1.4 0.9 -0.1
v -1.3 0.9 -0.1
v -0.7 0.9 -0.1
v -0.6 0.9 -0.1
v 0.6 0.9 -0.1
v 0.7 0.9 -0.1
v 1.3 0.9 -0.1
v 1.4 0.9 -0.1
v 1.6 0.9 -0.1
v 1.7 0.9 -0.1
v -1.8 1 0.1
v -1.7 1 0.1
v 1.7 1 0.1
v 1.8 1 0.1
v -1.8 1 0
v -1.7 1 0
v -1.8 1 -0.1
v -1.7 1 -0.1
v 1.7 1 -0.1
v 1.8 1 -0.1
v -1.9 1.1 0.1
v -1.8 1.1 0.1
v 1.8 1.1 0.1
v 1.9 1.1 0.1
v -1.2 1.1 0
v -1.1 1.1 0
v 1.1 1.1 0
v 1.2 1.1 0
v 1.9 1.1 0
v -1.9 1.1 -0.1
v -1.8 1.1 -0.1
v -1.2 1.1 -0.1
v -1.1 1.1 -0.1
v 1.1 1.1 -0.1
v 1.2 1.1 -0.1
v 1.8 1.1 -0.1
v 1.9 1.1 -0.1
v -2 1.2 0.1
v -1.9 1.2 0.1
v -1.7 1.2 0.1
v -1.6 1.2 0.1
v 1.6 1.2 0.1
v 1.7 1.2 0.1
v 1.9 1.2 0.1
v 2 1.2 0.1
v -1.7 1.2 0
v -1.6 1.2 0
v 1.6 1.2 0
v 1.7 1.2 0
v 1.9 1.2 0
v 2 1.2 0
v -2 1.2 -0.1
v -1.9 1.2 -0.1
v 1.9 1.2 -0.1
v 2 1.2 -0.1
v 1.8 1.3 0.1
v 1.9 1.3 0.1
v -1.7 1.3 0
v -1.6 1.3 0
v 1.6 1.3 0
v 1.7 1.3 0
v 1.8 1.3 0
v 1.9 1.3 0
v -1.7 1.3 -0.1
v -1.6 1.3 -0.1
v 1.6 1.3 -0.1
v 1.7 1.3 -0.1
v -2.1 1.4 0.1
v -2 1.4 0.1
v -1.5 1.4 0.1
v -1.4 1.4 0.1
v 1.4 1.4 0.1
v 1.5 1.4 0.1
v 2 1.4 0.1
v 2.1 1.4 0.1
v -2.1 1.4 0
v -2 1.4 0
v -1.5 1.4 0
v -1.4 1.4 0
v 1.4 1.4 0
v 1.5 1.4 0
v 2 1.4 -0.1
v 2.1 1.4 -0.1
v -2.1 1.5 0
v -2 1.5 0
v -2.1 1.5 -0.1
v -2 1.5 -0.1
v -2.2 1.6 0.1
v -2.1 1.6 0.1
v 2.1 1.6 0.1
v 2.2 1.6 0.1
v -2.2 1.6 0
v -2.1 1.6 0
v -1.7 1.6 0
v -1.6 1.6 0
v 1.6 1.6 0
v 1.7 1.6 0
v 2.2 1.6 0
v -2.2 1.6 -0.1
v -2.1 1.6 -0.1
v -1.7 1.6 -0.1
v -1.6 1.6 -0.1
v 1.6 1.6 -0.1
v 1.7 1.6 -0.1
v 2.1 1.6 -0.1
v 2.2 1.6 -0.1
v -2 1.7 0.1
v -1.9 1.7 0.1
v 1.9 1.7 0.1
v 2 1.7 0.1
v -2 1.7 0
v -1.9 1.7 0
v 1.9 1.7 0
v 2 1.7 0
v -1.7 1.9 0.1
v -1.6 1.9 0.1
v 1.6 1.9 0.1
v 1.7 1.9 0.1
v -2 1.9 0
v -1.9 1.9 0
v -1.7 1.9 0
v -1.6 1.9 0
v 1.6 1.9 0
v 1.7 1.9 0
v 1.9 1.9 0
v 2 1.9 0
v -2 1.9 -0.1
v -1.9 1.9 -0.1
v 1.9 1.9 -0.1
v 2 1.9 -0.1
v -2.3 2 0.1
v -2.2 2 0.1
v 2.2 2 0.1
v 2.3 2 0.1
v 2.3 2 0
v -2.3 2 -0.1
v -2.2 2 -0.1
v 2.2 2 -0.1
v 2.3 2 -0.1
v -1.8 2.2 0.1
v -1.7 2.2 0.1
v 1.7 2.2 0.1
v 1.8 2.2 0.1
v -1.8 2.2 0
v -1.7 2.2 0
v 1.7 2.2 0
v 1.8 2.2 0
v -1.9 2.3 0
v -1.8 2.3 0
v 1.8 2.3 0
v 1.9 2.3 0
v -1.9 2.3 -0.1
v -1.8 2.3 -0.1
v 1.8 2.3 -0.1
v 1.9 2.3 -0.1
v -2.2 2.4 0.1
v -2.1 2.4 0.1
v 2.1 2.4 0.1
v 2.2 2.4 0.1
v -2.2 2.4 0
v -2.1 2.4 0
v 2.1 2.4 0
v 2.2 2.4 0
v 2.3 2.4 0
v 2.2 2.4 -0.1
v 2.3 2.4 -0.1
v -2.2 2.6 0
v -2.1 2.6 0
v -2.2 2.6 -0.1
v -2.1 2.6 -0.1
v -2.2 2.7 0.1
v -2.1 2.7 0.1
v 2.1 2.7 0.1
v 2.2 2.7 0.1
v -2.2 2.7 0
v -2.1 2.7 0
v 2.1 2.7 0
v 2.2 2.7 0
v -1.9 2.8 0
v -1.8 2.8 0
v 1.8 2.8 0
v 1.9 2.8 0
v -1.9 2.8 -0.1
v -1.8 2.8 -0.1
v 1.8 2.8 -0.1
v 1.9 2.8 -0.1
v -1.8 2.9 0.1
v -1.7 2.9 0.1
v 1.7 2.9 0.1
v 1.8 2.9 0.1
v -1.8 2.9 0
v -1.7 2.9 0
v 1.7 2.9 0
v 1.8 2.9 0
v 2.1 2.9 0
v 2.2 2.9 0
v 2.1 2.9 -0.1
v 2.2 2.9 -0.1
v -2.5 3 0.1
v -2.4 3 0.1
v 2.4 3 0.1
v 2.5 3 0.1
v -2.5 3 -0.1
v -2.4 3 -0.1
v 2.4 3 -0.1
v 2.5 3 -0.1
v -2.2 3.1 0.1
v -2.1 3.1 0.1
v 2.1 3.1 0.1
v 2.2 3.1 0.1
v -2.2 3.1 0
v -2.1 3.1 0
v 2.1 3.1 0
v 2.2 3.1 0
v -1.7 3.2 0.1
v -1.6 3.2 0.1
v 1.6 3.2 0.1
v 1.7 3.2 0.1
v -2 3.2 0
v -1.9 3.2 0
v -1.7 3.2 0
v -1.6 3.2 0
v 1.6 3.2 0
v 1.7 3.2 0
v 1.9 3.2 0
v 2 3.2 0
v -2 3.2 -0.1
v -1.9 3.2 -0.1
v 1.9 3.2 -0.1
v 2 3.2 -0.1
v -2.4 3.4 0.1
v -2.3 3.4 0.1
v -2 3.4 0.1
v -1.9 3.4 0.1
v 1.9 3.4 0.1
v 2 3.4 0.1
v 2.3 3.4 0.1
v 2.4 3.4 0.1
v -2.3 3.4 0
v -2.1 3.4 0
v -2 3.4 0
v -1.9 3.4 0
v 1.9 3.4 0
v 2 3.4 0
v 2.3 3.4 0
v -2.4 3.4 -0.1
v -2.3 3.4 -0.1
v -2.1 3.4 -0.1
v -2 3.4 -0.1
v 2.3 3.4 -0.1
v 2.4 3.4 -0.1
v -1.7 3.5 0
v -1.6 3.5 0
v 1.6 3.5 0
v 1.7 3.5 0
v -1.7 3.5 -0.1
v -1.6 3.5 -0.1
v 1.6 3.5 -0.1
v 1.7 3.5 -0.1
v -2.3 3.6 0.1
v -2.2 3.6 0.1
v -1.8 3.6 0.1
v -1.7 3.6 0.1
v 2.2 3.6 0.1
v 2.3 3.6 0.1
v -2.3 3.6 0
v -2.2 3.6 0
v -1.8 3.6 0
v -1.7 3.6 0
v -2.3 3.6 -0.1
v -2.2 3.6 -0.1
v 2.2 3.6 -0.1
v 2.3 3.6 -0.1
v -1.5 3.7 0.1
v -1.4 3.7 0.1
v 1.4 3.7 0.1
v 1.5 3.7 0.1
v -1.5 3.7 0
v -1.4 3.7 0
v 1.4 3.7 0
v 1.5 3.7 0
v -2.2 3.8 0.1
v -2.1 3.8 0.1
v 2.1 3.8 0.1
v 2.2 3.8 0.1
v -2.2 3.8 0
v -2.1 3.8 0
v -1.7 3.8 0
v -1.6 3.8 0
v 1.6 3.8 0
v 1.7 3.8 0
v 2.1 3.8 0
v -2.2 3.8 -0.1
v -2.1 3.8 -0.1
v -1.7 3.8 -0.1
v -1.6 3.8 -0.1
v 1.6 3.8 -0.1
v 1.7 3.8 -0.1
v 2.1 3.8 -0.1
v 2.2 3.8 -0.1
v -1.7 3.9 0.1
v -1.6 3.9 0.1
v 1.6 3.9 0.1
v 1.7 3.9 0.1
v -1.7 3.9 0
v -1.6 3.9 0
v 1.6 3.9 0
v 1.7 3.9 0
v -2.1 4 0.1
v -2 4 0.1
v 2 4 0.1
v 2.1 4 0.1
v -1.2 4 0
v -1.1 4 0
v 1.1 4 0
v 1.2 4 0
v -2.1 4 -0.1
v -2 4 -0.1
v -1.2 4 -0.1
v -1.1 4 -0.1
v 1.1 4 -0.1
v 1.2 4 -0.1
v 2 4 -0.1
v 2.1 4 -0.1
v -2 4.1 0.1
v -1.9 4.1 0.1
v 1.9 4.1 0.1
v 2 4.1 0.1
v -2 4.1 -0.1
v -1.9 4.1 -0.1
v 1.9 4.1 -0.1
v 2 4.1 -0.1
v -1.9 4.2 0.1
v -1.8 4.2 0.1
v -1.3 4.2 0.1
v -1.2 4.2 0.1
v -1 4.2 0.1
v -0.9 4.2 0.1
v 0.9 4.2 0.1
v 1 4.2 0.1
v 1.2 4.2 0.1
v 1.3 4.2 0.1
v 1.8 4.2 0.1
v 1.9 4.2 0.1
v -1.8 4.2 0
v -1.4 4.2 0
v -1.3 4.2 0
v -1.2 4.2 0
v -1 4.2 0
v -0.9 4.2 0
v -0.7 4.2 0
v -0.6 4.2 0
v 0.6 4.2 0
v 0.7 4.2 0
v 0.9 4.2 0
v 1 4.2 0
v 1.2 4.2 0
v 1.3 4.2 0
v 1.4 4.2 0
v -1.9 4.2 -0.1
v -1.8 4.2 -0.1
v -1.4 4.2 -0.1
v -1.3 4.2 -0.1
v -0.7 4.2 -0.1
v -0.6 4.2 -0.1
v 0.6 4.2 -0.1
v 0.7 4.2 -0.1
v 1.3 4.2 -0.1
v 1.4 4.2 -0.1
v 1.8 4.2 -0.1
v 1.9 4.2 -0.1
v -1.8 4.3 0.1
v -1.7 4.3 0.1
v 1.7 4.3 0.1
v 1.8 4.3 0.1
v -1.8 4.3 0
v -1.7 4.3 0
v -0.4 4.3 0
v -0.3 4.3 0
v 0.3 4.3 0
v 0.4 4.3 0
v -1.8 4.3 -0.1
v -1.7 4.3 -0.1
v -0.4 4.3 -0.1
v -0.3 4.3 -0.1
v 0.3 4.3 -0.1
v 0.4 4.3 -0.1
v 1.7 4.3 -0.1
v 1.8 4.3 -0.1
v -1.7 4.4 0.1
v -1.6 4.4 0.1
v -0.3 4.4 0.1
v -0.2 4.4 0.1
v 0.2 4.4 0.1
v 0.3 4.4 0.1
v 1.6 4.4 0.1
v 1.7 4.4 0.1
v -1.6 4.4 0
v -0.3 4.4 0
v -0.2 4.4 0
v 0.2 4.4 0
v 0.3 4.4 0
v 1.2 4.4 0
v 1.3 4.4 0
v -1.7 4.4 -0.1
v -1.6 4.4 -0.1
v 1.2 4.4 -0.1
v 1.3 4.4 -0.1
v 1.6 4.4 -0.1
v 1.7 4.4 -0.1
v -1.6 4.5 0.1
v -1.5 4.5 0.1
v -0.7 4.5 0.1
v -0.6 4.5 0.1
v 0.6 4.5 0.1
v 0.7 4.5 0.1
v 1.5 4.5 0.1
v 1.6 4.5 0.1
v -1.6 4.5 0
v -1.5 4.5 0
v -0.9 4.5 0
v -0.8 4.5 0
v -0.7 4.5 0
v -0.6 4.5 0
v 0.6 4.5 0
v 0.7 4.5 0
v 0.8 4.5 0
v 0.9 4.5 0
v 1.5 4.5 0
v -1.6 4.5 -0.1
v -1.5 4.5 -0.1
v -0.9 4.5 -0.1
v -0.8 4.5 -0.1
v 0.8 4.5 -0.1
v 0.9 4.5 -0.1
v 1.5 4.5 -0.1
v 1.6 4.5 -0.1
v -1.5 4.6 0.1
v -1.3 4.6 0.1
v 0.8 4.6 0.1
v 0.9 4.6 0.1
v 1.3 4.6 0.1
v 1.5 4.6 0.1
v 0.8 4.6 0
v 0.9 4.6 0
v 1.3 4.6 0
v 1.4 4.6 0
v 1.5 4.6 0
v -1.5 4.6 -0.1
v -1.3 4.6 -0.1
v 1.3 4.6 -0.1
v 1.4 4.6 -0.1
v 1.5 4.6 -0.1
v -1.3 4.7 0.1
v -1.2 4.7 0.1
v -1.1 4.7 0.1
v 2.38419e-07 4.7 0.1
v 0.1 4.7 0.1
v 1.1 4.7 0.1
v 1.2 4.7 0.1
v 1.3 4.7 0.1
v -1.2 4.7 0
v -1.1 4.7 0
v -0.2 4.7 0
v -0.0999999 4.7 0
v 2.38419e-07 4.7 0
v 0.1 4.7 0
v 0.2 4.7 0
v 1.1 4.7 0
v 1.2 4.7 0
v 1.3 4.7 0
v -1.3 4.7 -0.1
v -1.1 4.7 -0.1
v -0.2 4.7 -0.1
v -0.0999999 4.7 -0.1
v 0.1 4.7 -0.1
v 0.2 4.7 -0.1
v 1.1 4.7 -0.1
v 1.3 4.7 -0.1
v -1.1 4.8 0.1
v -0.9 4.8 0.1
v 0.9 4.8 0.1
v 1.1 4.8 0.1
v 1 4.8 0
v 1.1 4.8 0
v -1.1 4.8 -0.1
v -0.9 4.8 -0.1
v 0.9 4.8 -0.1
v 1 4.8 -0.1
v 1.1 4.8 -0.1
v -0.9 4.9 0.1
v -0.5 4.9 0.1
v 0.5 4.9 0.1
v 0.9 4.9 0.1
v 0.7 4.9 0
v 0.8 4.9 0
v -0.9 4.9 -0.1
v -0.5 4.9 -0.1
v 0.5 4.9 -0.1
v 0.7 4.9 -0.1
v 0.8 4.9 -0.1
v 0.9 4.9 -0.1
v -0.5 5 0.1
v -0.4 5 0.1
v -0.2 5 0.1
v 0.1 5 0.1
v 0.2 5 0.1
v 0.3 5 0.1
v 0.4 5 0.1
v 0.5 5 0.1
v -0.4 5 0
v -0.2 5 0
v -0.0999999 5 0
v 0.1 5 0
v 0.2 5 0
v -0.5 5 -0.1
v -0.2 5 -0.1
v -0.0999999 5 -0.1
v 0.3 5 -0.1
v 0.4 5 -0.1
v 0.5 5 -0.1

# faces
f 3/2/1 2/2/1 1/2/1
f 4/2/1 2/2/1 3/2/1
f 5/2/1 3/2/1 1/2/1
f 5/1/1 4/1/1 3/1/1
f 6/1/1 4/1/1 5/1/1
f 7/2/1 5/2/1 1/2/1
f 7/2/1 6/2/1 5/2/1
f 8/2/1 6/2/1 7/2/1
f 9/1/1 8/1/1 7/1/1
f 10/2/1 6/2/1 8/2/1
f 10/1/1 8/1/1 9/1/1
f 11/2/1 10/2/1 9/2/1
f 11/2/1 6/2/1 10/2/1
f 12/2/1 6/2/1 11/2/1
f 13/2/1 11/2/1 9/2/1
f 14/1/1 12/1/1 11/1/1
f 14/2/1 11/2/1 13/2/1
f 15/1/1 12/1/1 14/1/1
f 16/1/1 14/1/1 13/1/1
f 16/2/1 15/2/1 14/2/1
f 17/2/1 15/2/1 16/2/1
f 18/1/1 16/1/1 13/1/1
f 18/1/1 17/1/1 16/1/1
f 19/1/1 17/1/1 18/1/1
f 20/2/1 19/2/1 18/2/1
f 21/2/1 19/2/1 20/2/1
f 24/2/1 23/2/1 22/2/1
f 25/2/1 23/2/1 24/2/1
f 28/2/1 27/2/1 26/2/1
f 29/2/1 27/2/1 28/2/1
f 32/2/1 31/2/1 30/2/1
f 33/2/1 31/2/1 32/2/1
f 34/1/1 33/1/1 32/1/1
f 35/2/1 31/2/1 33/2/1
f 35/1/1 33/1/1 34/1/1
f 36/2/1 31/2/1 35/2/1
f 40/1/1 38/1/1 37/1/1
f 41/2/1 39/2/1 38/2/1
f 41/1/1 38/1/1 40/1/1
f 42/2/1 39/2/1 41/2/1
f 45/2/1 44/2/1 43/2/1
f 46/2/1 44/2/1 45/2/1
f 47/1/1 46/1/1 45/1/1
f 48/1/1 46/1/1 47/1/1
f 51/2/1 50/2/1 49/2/1
f 52/2/1 50/2/1 51/2/1
f 56/2/1 54/2/1 53/2/1
f 57/2/1 54/2/1 56/2/1
f 58/2/1 56/2/1 55/2/1
f 59/2/1 56/2/1 58/2/1
f 63/2/1 61/2/1 60/2/1
f 63/2/1 62/2/1 61/2/1
f 64/2/1 62/2/1 63/2/1
f 65/2/1 63/2/1 60/2/1
f 66/1/1 64/1/1 63/1/1
f 66/2/1 63/2/1 65/2/1
f 67/1/1 64/1/1 66/1/1
f 70/2/1 69/2/1 68/2/1
f 71/2/1 69/2/1 70/2/1
f 74/2/1 73/2/1 72/2/1
f 75/2/1 73/2/1 74/2/1
f 79/2/1 77/2/1 76/2/1
f 79/2/1 78/2/1 77/2/1
f 80/2/1 78/2/1 79/2/1
f 84/2/1 82/2/1 81/2/1
f 85/1/1 83/1/1 82/1/1
f 85/2/1 82/2/1 84/2/1
f 86/1/1 83/1/1 85/1/1
f 89/2/1 88/2/1 87/2/1
f 90/2/1 88/2/1 89/2/1
f 93/2/1 92/2/1 91/2/1
f 94/2/1 92/2/1 93/2/1
f 97/2/1 96/2/1 95/2/1
f 98/2/1 96/2/1 97/2/1
f 101/2/1 100/2/1 99/2/1
f 102/2/1 100/2/1 101/2/1
f 105/2/1 104/2/1 103/2/1
f 106/2/1 104/2/1 105/2/1
f 109/2/1 108/2/1 107/2/1
f 110/2/1 108/2/1 109/2/1
f 111/2/1 108/2/1 110/2/1
f 114/2/1 113/2/1 112/2/1
f 115/2/1 113/2/1 114/2/1
f 118/1/1 117/1/1 116/1/1
f 119/1/1 117/1/1 118/1/1
f 122/2/1 121/2/1 120/2/1
f 123/2/1 121/2/1 122/2/1
f 126/2/1 125/2/1 124/2/1
f 127/2/1 125/2/1 126/2/1
f 130/2/1 129/2/1 128/2/1
f 131/2/1 129/2/1 130/2/1
f 134/2/1 133/2/1 132/2/1
f 135/2/1 133/2/1 134/2/1
f 138/2/1 137/2/1 136/2/1
f 139/2/1 137/2/1 138/2/1
f 143/2/1 141/2/1 140/2/1
f 144/1/1 142/1/1 141/1/1
f 144/2/1 141/2/1 143/2/1
f 145/1/1 142/1/1 144/1/1
f 148/2/1 147/2/1 146/2/1
f 149/2/1 147/2/1 148/2/1
f 152/2/1 151/2/1 150/2/1
f 153/2/1 151/2/1 152/2/1
f 155/2/1 154/2/1 153/2/1
f 156/2/1 154/2/1 155/2/1
f 159/2/1 158/2/1 157/2/1
f 160/2/1 158/2/1 159/2/1
f 163/2/1 162/2/1 161/2/1
f 164/2/1 162/2/1 163/2/1
f 167/1/1 166/1/1 165/1/1
f 168/1/1 166/1/1 167/1/1
f 171/1/1 170/1/1 169/1/1
f 172/1/1 170/1/1 171/1/1
f 176/2/1 174/2/1 173/2/1
f 177/2/1 174/2/1 176/2/1
f 178/2/1 176/2/1 175/2/1
f 179/2/1 176/2/1 178/2/1
f 183/2/1 181/2/1 180/2/1
f 183/2/1 182/2/1 181/2/1
f 184/2/1 182/2/1 183/2/1
f 187/2/1 186/2/1 185/2/1
f 188/2/1 186/2/1 187/2/1
f 192/1/1 190/1/1 189/1/1
f 193/2/1 191/2/1 190/2/1
f 193/1/1 190/1/1 192/1/1
f 194/2/1 191/2/1 193/2/1
f 197/2/1 196/2/1 195/2/1
f 198/2/1 196/2/1 197/2/1
f 201/2/1 200/2/1 199/2/1
f 202/2/1 200/2/1 201/2/1
f 205/2/1 204/2/1 203/2/1
f 206/2/1 204/2/1 205/2/1
f 210/2/1 208/2/1 207/2/1
f 210/2/1 209/2/1 208/2/1
f 211/2/1 209/2/1 210/2/1
f 214/2/1 213/2/1 212/2/1
f 215/2/1 213/2/1 214/2/1
f 218/2/1 217/2/1 216/2/1
f 219/2/1 217/2/1 218/2/1
f 223/1/1 221/1/1 220/1/1
f 224/2/1 222/2/1 221/2/1
f 224/1/1 221/1/1 223/1/1
f 225/2/1 222/2/1 224/2/1
f 228/2/1 227/2/1 226/2/1
f 229/2/1 227/2/1 228/2/1
f 232/2/1 231/2/1 230/2/1
f 233/2/1 231/2/1 232/2/1
f 236/2/1 235/2/1 234/2/1
f 237/2/1 235/2/1 236/2/1
f 240/2/1 239/2/1 238/2/1
f 241/2/1 239/2/1 240/2/1
f 244/2/1 243/2/1 242/2/1
f 245/2/1 243/2/1 244/2/1
f 249/2/1 247/2/1 246/2/1
f 250/1/1 248/1/1 247/1/1
f 250/2/1 247/2/1 249/2/1
f 251/1/1 248/1/1 250/1/1
f 254/2/1 253/2/1 252/2/1
f 255/2/1 253/2/1 254/2/1
f 259/2/1 257/2/1 256/2/1
f 259/2/1 258/2/1 257/2/1
f 260/2/1 258/2/1 259/2/1
f 263/2/1 262/2/1 261/2/1
f 264/2/1 262/2/1 263/2/1
f 267/2/1 266/2/1 265/2/1
f 268/2/1 266/2/1 267/2/1
f 271/2/1 270/2/1 269/2/1
f 272/2/1 270/2/1 271/2/1
f 273/2/1 270/2/1 272/2/1
f 276/2/1 275/2/1 274/2/1
f 277/2/1 275/2/1 276/2/1
f 280/2/1 279/2/1 278/2/1
f 281/2/1 279/2/1 280/2/1
f 284/2/1 283/2/1 282/2/1
f 285/2/1 283/2/1 284/2/1
f 288/2/1 287/2/1 286/2/1
f 289/2/1 287/2/1 288/2/1
f 292/1/1 291/1/1 290/1/1
f 293/1/1 291/1/1 292/1/1
f 296/2/1 295/2/1 294/2/1
f 297/2/1 295/2/1 296/2/1
f 300/2/1 299/2/1 298/2/1
f 301/2/1 299/2/1 300/2/1
f 304/2/1 303/2/1 302/2/1
f 305/2/1 303/2/1 304/2/1
f 308/2/1 307/2/1 306/2/1
f 309/2/1 307/2/1 308/2/1
f 312/2/1 311/2/1 310/2/1
f 313/2/1 311/2/1 312/2/1
f 316/2/1 315/2/1 314/2/1
f 317/2/1 315/2/1 316/2/1
f 320/2/1 319/2/1 318/2/1
f 321/2/1 319/2/1 320/2/1
f 324/2/1 323/2/1 322/2/1
f 325/2/1 323/2/1 324/2/1
f 328/2/1 327/2/1 326/2/1
f 329/2/1 327/2/1 328/2/1
f 332/2/1 331/2/1 330/2/1
f 333/2/1 331/2/1 332/2/1
f 336/2/1 335/2/1 334/2/1
f 337/2/1 335/2/1 336/2/1
f 339/2/1 338/2/1 337/2/1
f 340/2/1 338/2/1 339/2/1
f 343/2/1 342/2/1 341/2/1
f 344/2/1 342/2/1 343/2/1
f 347/2/1 346/2/1 345/2/1
f 348/2/1 346/2/1 347/2/1
f 351/2/1 350/2/1 349/2/1
f 352/2/1 350/2/1 351/2/1
f 355/2/1 354/2/1 353/2/1
f 356/2/1 354/2/1 355/2/1
f 359/1/1 358/1/1 357/1/1
f 360/1/1 358/1/1 359/1/1
f 363/1/1 362/1/1 361/1/1
f 364/1/1 362/1/1 363/1/1
f 367/2/1 366/2/1 365/2/1
f 368/2/1 366/2/1 367/2/1
f 371/2/1 370/2/1 369/2/1
f 372/2/1 370/2/1 371/2/1
f 375/1/1 374/1/1 373/1/1
f 376/1/1 374/1/1 375/1/1
f 379/2/1 378/2/1 377/2/1
f 380/2/1 378/2/1 379/2/1
f 383/2/1 382/2/1 381/2/1
f 384/2/1 382/2/1 383/2/1
f 387/1/1 386/1/1 385/1/1
f 388/1/1 386/1/1 387/1/1
f 391/2/1 390/2/1 389/2/1
f 392/2/1 390/2/1 391/2/1
f 395/2/1 394/2/1 393/2/1
f 396/2/1 394/2/1 395/2/1
f 399/2/1 398/2/1 397/2/1
f 400/2/1 398/2/1 399/2/1
f 403/2/1 402/2/1 401/2/1
f 404/2/1 402/2/1 403/2/1
f 408/2/1 406/2/1 405/2/1
f 409/2/1 406/2/1 408/2/1
f 410/2/1 408/2/1 407/2/1
f 411/2/1 408/2/1 410/2/1
f 415/1/1 413/1/1 412/1/1
f 416/2/1 414/2/1 413/2/1
f 416/1/1 413/1/1 415/1/1
f 417/2/1 414/2/1 416/2/1
f 420/2/1 419/2/1 418/2/1
f 421/2/1 419/2/1 420/2/1
f 424/1/1 423/1/1 422/1/1
f 425/1/1 423/1/1 424/1/1
f 429/1/1 427/1/1 426/1/1
f 430/2/1 428/2/1 427/2/1
f 430/1/1 427/1/1 429/1/1
f 431/2/1 428/2/1 430/2/1
f 434/2/1 433/2/1 432/2/1
f 435/2/1 433/2/1 434/2/1
f 438/2/1 437/2/1 436/2/1
f 439/2/1 437/2/1 438/2/1
f 442/1/1 441/1/1 440/1/1
f 443/1/1 441/1/1 442/1/1
f 446/2/1 445/2/1 444/2/1
f 447/2/1 445/2/1 446/2/1
f 448/2/1 445/2/1 447/2/1
f 451/2/1 450/2/1 449/2/1
f 452/2/1 450/2/1 451/2/1
f 455/2/1 454/2/1 453/2/1
f 456/2/1 454/2/1 455/2/1
f 459/2/1 458/2/1 457/2/1
f 460/2/1 458/2/1 459/2/1
f 464/2/1 462/2/1 461/2/1
f 464/2/1 463/2/1 462/2/1
f 465/2/1 463/2/1 464/2/1
f 468/2/1 467/2/1 466/2/1
f 469/2/1 467/2/1 468/2/1
f 472/2/1 471/2/1 470/2/1
f 473/2/1 471/2/1 472/2/1
f 477/2/1 475/2/1 474/2/1
f 477/2/1 476/2/1 475/2/1
f 478/2/1 476/2/1 477/2/1
f 481/2/1 480/2/1 479/2/1
f 482/2/1 480/2/1 481/2/1
f 485/1/1 484/1/1 483/1/1
f 486/1/1 484/1/1 485/1/1
f 489/2/1 488/2/1 487/2/1
f 490/2/1 488/2/1 489/2/1
f 494/1/1 492/1/1 491/1/1
f 495/2/1 493/2/1 492/2/1
f 495/1/1 492/1/1 494/1/1
f 496/2/1 493/2/1 495/2/1
f 500/1/1 498/1/1 497/1/1
f 501/2/1 499/2/1 498/2/1
f 501/1/1 498/1/1 500/1/1
f 502/2/1 499/2/1 501/2/1
f 505/2/1 504/2/1 503/2/1
f 506/2/1 504/2/1 505/2/1
f 507/2/1 504/2/1 506/2/1
f 511/2/1 509/2/1 508/2/1
f 511/2/1 510/2/1 509/2/1
f 512/2/1 510/2/1 511/2/1
f 515/2/1 514/2/1 513/2/1
f 516/2/1 514/2/1 515/2/1
f 518/2/1 517/2/1 516/2/1
f 519/2/1 517/2/1 518/2/1
f 522/2/1 521/2/1 520/2/1
f 523/2/1 521/2/1 522/2/1
f 526/2/1 525/2/1 524/2/1
f 527/2/1 525/2/1 526/2/1
f 530/2/1 529/2/1 528/2/1
f 531/2/1 529/2/1 530/2/1
f 534/2/1 533/2/1 532/2/1
f 535/2/1 533/2/1 534/2/1
f 539/2/1 537/2/1 536/2/1
f 540/2/1 537/2/1 539/2/1
f 541/2/1 539/2/1 538/2/1
f 542/2/1 539/2/1 541/2/1
f 545/2/1 544/2/1 543/2/1
f 546/2/1 544/2/1 545/2/1
f 549/2/1 548/2/1 547/2/1
f 550/2/1 548/2/1 549/2/1
f 553/1/1 552/1/1 551/1/1
f 554/1/1 552/1/1 553/1/1
f 557/2/1 556/2/1 555/2/1
f 558/2/1 556/2/1 557/2/1
f 562/2/1 560/2/1 559/2/1
f 563/1/1 561/1/1 560/1/1
f 563/2/1 560/2/1 562/2/1
f 564/1/1 561/1/1 563/1/1
f 567/2/1 566/2/1 565/2/1
f 568/2/1 566/2/1 567/2/1
f 571/2/1 570/2/1 569/2/1
f 572/2/1 570/2/1 571/2/1
f 575/2/1 574/2/1 573/2/1
f 576/2/1 574/2/1 575/2/1
f 579/1/1 578/1/1 577/1/1
f 580/1/1 578/1/1 579/1/1
f 584/1/1 582/1/1 581/1/1
f 585/2/1 583/2/1 582/2/1
f 585/1/1 582/1/1 584/1/1
f 586/2/1 583/2/1 585/2/1
f 590/2/1 588/2/1 587/2/1
f 591/1/1 589/1/1 588/1/1
f 591/2/1 588/2/1 590/2/1
f 592/1/1 589/1/1 591/1/1
f 595/2/1 594/2/1 593/2/1
f 596/2/1 594/2/1 595/2/1
f 599/2/1 598/2/1 597/2/1
f 600/2/1 598/2/1 599/2/1
f 603/1/1 602/1/1 601/1/1
f 604/1/1 602/1/1 603/1/1
f 607/2/1 606/2/1 605/2/1
f 608/2/1 606/2/1 607/2/1
f 612/1/1 610/1/1 609/1/1
f 613/2/1 611/2/1 610/2/1
f 613/1/1 610/1/1 612/1/1
f 614/2/1 611/2/1 613/2/1
f 618/2/1 616/2/1 615/2/1
f 618/1/1 617/1/1 616/1/1
f 619/1/1 617/1/1 618/1/1
f 620/2/1 618/2/1 615/2/1
f 620/2/1 619/2/1 618/2/1
f 621/2/1 619/2/1 620/2/1
f 624/2/1 623/2/1 622/2/1
f 625/2/1 623/2/1 624/2/1
f 626/1/1 625/1/1 624/1/1
f 627/1/1 625/1/1 626/1/1
f 628/1/1 625/1/1 627/1/1
f 631/2/1 630/2/1 629/2/1
f 632/2/1 630/2/1 631/2/1
f 635/2/1 634/2/1 633/2/1
f 636/2/1 634/2/1 635/2/1
f 639/2/1 638/2/1 637/2/1
f 640/2/1 638/2/1 639/2/1
f 643/2/1 642/2/1 641/2/1
f 644/2/1 642/2/1 643/2/1
f 647/2/1 646/2/1 645/2/1
f 648/2/1 646/2/1 647/2/1
f 652/2/1 650/2/1 649/2/1
f 652/1/1 651/1/1 650/1/1
f 653/1/1 651/1/1 652/1/1
f 654/2/1 652/2/1 649/2/1
f 654/2/1 653/2/1 652/2/1
f 655/2/1 653/2/1 654/2/1
f 659/2/1 657/2/1 656/2/1
f 660/1/1 658/1/1 657/1/1
f 660/2/1 657/2/1 659/2/1
f 661/1/1 660/1/1 659/1/1
f 662/1/1 658/1/1 660/1/1
f 662/1/1 660/1/1 661/1/1
f 663/2/1 662/2/1 661/2/1
f 664/2/1 662/2/1 663/2/1
f 667/2/1 666/2/1 665/2/1
f 668/2/1 666/2/1 667/2/1
f 672/2/1 670/2/1 669/2/1
f 673/1/1 672/1/1 671/1/1
f 674/2/1 670/2/1 672/2/1
f 674/1/1 672/1/1 673/1/1
f 675/2/1 674/2/1 673/2/1
f 676/2/1 670/2/1 674/2/1
f 676/2/1 674/2/1 675/2/1
f 677/2/1 670/2/1 676/2/1
f 681/2/1 679/2/1 678/2/1
f 681/1/1 680/1/1 679/1/1
f 682/1/1 680/1/1 681/1/1
f 683/2/1 681/2/1 678/2/1
f 683/2/1 682/2/1 681/2/1
f 684/2/1 682/2/1 683/2/1
f 685/2/1 683/2/1 678/2/1
f 687/2/1 685/2/1 678/2/1
f 687/1/1 686/1/1 685/1/1
f 688/1/1 686/1/1 687/1/1
f 689/2/1 687/2/1 678/2/1
f 689/2/1 688/2/1 687/2/1
f 690/2/1 688/2/1 689/2/1
f 691/2/1 689/2/1 678/2/1
f 691/1/1 690/1/1 689/1/1
f 692/1/1 690/1/1 691/1/1
f 693/2/1 691/2/1 678/2/1
f 693/2/1 692/2/1 691/2/1
f 694/2/1 692/2/1 693/2/1
f 695/2/2 696/2/2 697/2/2
f 697/2/2 696/2/2 698/2/2
f 695/2/2 697/2/2 699/2/2
f 697/1/2 698/1/2 700/1/2
f 699/2/2 697/2/2 700/2/2
f 700/1/2 698/1/2 701/1/2
f 699/1/2 700/1/2 702/1/2
f 700/2/2 701/2/2 703/2/2
f 702/1/2 700/1/2 703/1/2
f 702/2/2 703/2/2 704/2/2
f 703/2/2 701/2/2 704/2/2
f 704/2/2 701/2/2 705/2/2
f 702/2/2 704/2/2 706/2/2
f 704/1/2 705/1/2 706/1/2
f 706/1/2 705/1/2 707/1/2
f 702/2/2 706/2/2 708/2/2
f 706/2/2 707/2/2 708/2/2
f 708/2/2 707/2/2 709/2/2
f 709/2/2 707/2/2 710/2/2
f 711/2/2 712/2/2 714/2/2
f 712/2/2 713/2/2 714/2/2
f 714/2/2 713/2/2 715/2/2
f 711/2/2 714/2/2 716/2/2
f 714/1/2 715/1/2 716/1/2
f 716/1/2 715/1/2 717/1/2
f 711/2/2 716/2/2 718/2/2
f 716/2/2 717/2/2 718/2/2
f 718/2/2 717/2/2 719/2/2
f 720/2/2 721/2/2 723/2/2
f 723/2/2 721/2/2 724/2/2
f 722/2/2 723/2/2 724/2/2
f 724/2/2 721/2/2 725/2/2
f 722/2/2 724/2/2 726/2/2
f 724/1/2 725/1/2 727/1/2
f 726/2/2 724/2/2 727/2/2
f 727/1/2 725/1/2 728/1/2
f 729/2/2 730/2/2 731/2/2
f 729/2/2 731/2/2 733/2/2
f 731/1/2 732/1/2 734/1/2
f 733/2/2 731/2/2 734/2/2
f 734/1/2 732/1/2 735/1/2
f 736/2/2 737/2/2 738/2/2
f 738/2/2 737/2/2 739/2/2
f 740/2/2 741/2/2 743/2/2
f 743/2/2 741/2/2 744/2/2
f 742/2/2 743/2/2 745/2/2
f 745/2/2 743/2/2 746/2/2
f 747/2/2 748/2/2 749/2/2
f 749/2/2 748/2/2 750/2/2
f 751/1/2 752/1/2 754/1/2
f 752/1/2 753/1/2 754/1/2
f 754/1/2 753/1/2 755/1/2
f 754/2/2 755/2/2 756/2/2
f 755/1/2 753/1/2 757/1/2
f 756/2/2 755/2/2 757/2/2
f 757/1/2 753/1/2 758/1/2
f 759/2/2 760/2/2 761/2/2
f 761/2/2 760/2/2 762/2/2
f 762/2/2 760/2/2 763/2/2
f 763/2/2 760/2/2 764/2/2
f 765/2/2 766/2/2 767/2/2
f 767/2/2 766/2/2 768/2/2
f 769/2/2 770/2/2 771/2/2
f 771/2/2 770/2/2 772/2/2
f 773/2/2 774/2/2 775/2/2
f 775/2/2 774/2/2 776/2/2
f 777/2/2 778/2/2 779/2/2
f 779/2/2 778/2/2 780/2/2
f 781/2/2 782/2/2 783/2/2
f 783/2/2 782/2/2 784/2/2
f 785/2/2 786/2/2 787/2/2
f 787/2/2 786/2/2 788/2/2
f 789/2/2 790/2/2 791/2/2
f 791/2/2 790/2/2 792/2/2
f 793/2/2 794/2/2 795/2/2
f 795/2/2 794/2/2 796/2/2
f 797/2/2 798/2/2 800/2/2
f 798/2/2 799/2/2 800/2/2
f 800/2/2 799/2/2 801/2/2
f 802/2/2 803/2/2 804/2/2
f 804/2/2 803/2/2 805/2/2
f 806/1/2 807/1/2 808/1/2
f 808/1/2 807/1/2 809/1/2
f 810/1/2 811/1/2 812/1/2
f 812/1/2 811/1/2 813/1/2
f 814/2/2 815/2/2 817/2/2
f 815/1/2 816/1/2 818/1/2
f 817/2/2 815/2/2 818/2/2
f 818/1/2 816/1/2 819/1/2
f 820/2/2 821/2/2 822/2/2
f 822/2/2 821/2/2 823/2/2
f 824/2/2 825/2/2 826/2/2
f 826/2/2 825/2/2 827/2/2
f 828/2/2 829/2/2 830/2/2
f 830/2/2 829/2/2 831/2/2
f 832/2/2 833/2/2 834/2/2
f 834/2/2 833/2/2 835/2/2
f 836/2/2 837/2/2 838/2/2
f 838/2/2 837/2/2 839/2/2
f 840/2/2 841/2/2 842/2/2
f 842/2/2 841/2/2 843/2/2
f 843/2/2 844/2/2 845/2/2
f 845/2/2 844/2/2 846/2/2
f 847/2/2 848/2/2 849/2/2
f 849/2/2 848/2/2 850/2/2
f 851/2/2 852/2/2 853/2/2
f 853/2/2 852/2/2 854/2/2
f 855/1/2 856/1/2 857/1/2
f 857/1/2 856/1/2 858/1/2
f 859/1/2 860/1/2 861/1/2
f 861/1/2 860/1/2 862/1/2
f 863/2/2 864/2/2 866/2/2
f 866/2/2 864/2/2 867/2/2
f 865/2/2 866/2/2 868/2/2
f 868/2/2 866/2/2 869/2/2
f 870/2/2 871/2/2 872/2/2
f 872/2/2 871/2/2 873/2/2
f 873/2/2 871/2/2 874/2/2
f 875/2/2 876/2/2 878/2/2
f 876/2/2 877/2/2 878/2/2
f 878/2/2 877/2/2 879/2/2
f 880/1/2 881/1/2 883/1/2
f 881/2/2 882/2/2 884/2/2
f 883/1/2 881/1/2 884/1/2
f 884/2/2 882/2/2 885/2/2
f 886/2/2 887/2/2 889/2/2
f 887/1/2 888/1/2 890/1/2
f 889/2/2 887/2/2 890/2/2
f 890/1/2 888/1/2 891/1/2
f 892/2/2 893/2/2 894/2/2
f 894/2/2 893/2/2 895/2/2
f 896/2/2 897/2/2 898/2/2
f 898/2/2 897/2/2 899/2/2
f 900/2/2 901/2/2 903/2/2
f 901/1/2 902/1/2 904/1/2
f 903/2/2 901/2/2 904/2/2
f 904/1/2 902/1/2 905/1/2
f 906/1/2 907/1/2 909/1/2
f 907/2/2 908/2/2 910/2/2
f 909/1/2 907/1/2 910/1/2
f 910/2/2 908/2/2 911/2/2
f 912/2/2 913/2/2 914/2/2
f 914/2/2 913/2/2 915/2/2
f 916/2/2 917/2/2 918/2/2
f 918/2/2 917/2/2 919/2/2
f 920/2/2 921/2/2 923/2/2
f 921/1/2 922/1/2 924/1/2
f 923/2/2 921/2/2 924/2/2
f 924/1/2 922/1/2 925/1/2
f 926/2/2 927/2/2 928/2/2
f 928/2/2 927/2/2 929/2/2
f 930/2/2 931/2/2 932/2/2
f 932/2/2 931/2/2 933/2/2
f 934/2/2 935/2/2 936/2/2
f 936/2/2 935/2/2 937/2/2
f 938/2/2 939/2/2 940/2/2
f 940/2/2 939/2/2 941/2/2
f 942/2/2 943/2/2 944/2/2
f 944/2/2 943/2/2 945/2/2
f 946/2/2 947/2/2 948/2/2
f 948/2/2 947/2/2 949/2/2
f 950/2/2 951/2/2 952/2/2
f 952/2/2 951/2/2 953/2/2
f 954/2/2 955/2/2 956/2/2
f 956/2/2 955/2/2 957/2/2
f 958/2/2 959/2/2 961/2/2
f 959/1/2 960/1/2 962/1/2
f 961/2/2 959/2/2 962/2/2
f 962/1/2 960/1/2 963/1/2
f 964/2/2 965/2/2 966/2/2
f 966/2/2 965/2/2 967/2/2
f 968/2/2 969/2/2 970/2/2
f 970/2/2 969/2/2 971/2/2
f 972/1/2 973/1/2 975/1/2
f 973/2/2 974/2/2 976/2/2
f 975/1/2 973/1/2 976/1/2
f 976/2/2 974/2/2 977/2/2
f 978/2/2 979/2/2 980/2/2
f 980/2/2 979/2/2 981/2/2
f 982/2/2 983/2/2 984/2/2
f 984/2/2 983/2/2 985/2/2
f 986/2/2 987/2/2 988/2/2
f 988/2/2 987/2/2 989/2/2
f 990/1/2 991/1/2 992/1/2
f 992/1/2 991/1/2 993/1/2
f 994/2/2 995/2/2 996/2/2
f 996/2/2 995/2/2 997/2/2
f 998/2/2 999/2/2 1000/2/2
f 1000/2/2 999/2/2 1001/2/2
f 1002/2/2 1003/2/2 1005/2/2
f 1003/1/2 1004/1/2 1006/1/2
f 1005/2/2 1003/2/2 1006/2/2
f 1006/1/2 1004/1/2 1007/1/2
f 1006/2/2 1007/2/2 1008/2/2
f 1008/2/2 1007/2/2 1009/2/2
f 1010/2/2 1011/2/2 1013/2/2
f 1012/2/2 1013/2/2 1014/2/2
f 1013/2/2 1011/2/2 1015/2/2
f 1014/2/2 1013/2/2 1015/2/2
f 1016/2/2 1017/2/2 1018/2/2
f 1018/2/2 1017/2/2 1019/2/2
f 1020/2/2 1021/2/2 1022/2/2
f 1022/2/2 1021/2/2 1023/2/2
f 1024/2/2 1025/2/2 1026/2/2
f 1026/2/2 1025/2/2 1027/2/2
f 1028/2/2 1029/2/2 1030/2/2
f 1030/2/2 1029/2/2 1031/2/2
f 1032/2/2 1033/2/2 1034/2/2
f 1034/2/2 1033/2/2 1035/2/2
f 1035/2/2 1036/2/2 1037/2/2
f 1037/2/2 1036/2/2 1038/2/2
f 1039/2/2 1040/2/2 1041/2/2
f 1041/2/2 1040/2/2 1042/2/2
f 1043/2/2 1044/2/2 1045/2/2
f 1045/2/2 1044/2/2 1046/2/2
f 1047/2/2 1048/2/2 1049/2/2
f 1049/2/2 1048/2/2 1050/2/2
f 1051/2/2 1052/2/2 1053/2/2
f 1053/2/2 1052/2/2 1054/2/2
f 1055/1/2 1056/1/2 1057/1/2
f 1057/1/2 1056/1/2 1058/1/2
f 1059/1/2 1060/1/2 1061/1/2
f 1061/1/2 1060/1/2 1062/1/2
f 1063/2/2 1064/2/2 1065/2/2
f 1065/2/2 1064/2/2 1066/2/2
f 1067/2/2 1068/2/2 1069/2/2
f 1069/2/2 1068/2/2 1070/2/2
f 1071/1/2 1072/1/2 1073/1/2
f 1073/1/2 1072/1/2 1074/1/2
f 1075/2/2 1076/2/2 1077/2/2
f 1077/2/2 1076/2/2 1078/2/2
f 1079/2/2 1080/2/2 1081/2/2
f 1081/2/2 1080/2/2 1082/2/2
f 1083/1/2 1084/1/2 1085/1/2
f 1085/1/2 1084/1/2 1086/1/2
f 1087/2/2 1088/2/2 1089/2/2
f 1089/2/2 1088/2/2 1090/2/2
f 1091/2/2 1092/2/2 1093/2/2
f 1093/2/2 1092/2/2 1094/2/2
f 1095/2/2 1096/2/2 1097/2/2
f 1097/2/2 1096/2/2 1098/2/2
f 1099/2/2 1100/2/2 1101/2/2
f 1101/2/2 1100/2/2 1102/2/2
f 1103/2/2 1104/2/2 1105/2/2
f 1105/2/2 1104/2/2 1106/2/2
f 1107/2/2 1108/2/2 1110/2/2
f 1110/2/2 1108/2/2 1111/2/2
f 1109/2/2 1110/2/2 1112/2/2
f 1112/2/2 1110/2/2 1113/2/2
f 1114/2/2 1115/2/2 1116/2/2
f 1116/2/2 1115/2/2 1117/2/2
f 1118/2/2 1119/2/2 1120/2/2
f 1120/2/2 1119/2/2 1121/2/2
f 1122/1/2 1123/1/2 1124/1/2
f 1124/1/2 1123/1/2 1125/1/2
f 1126/2/2 1127/2/2 1128/2/2
f 1128/2/2 1127/2/2 1129/2/2
f 1129/2/2 1127/2/2 1130/2/2
f 1131/2/2 1132/2/2 1134/2/2
f 1132/1/2 1133/1/2 1135/1/2
f 1134/2/2 1132/2/2 1135/2/2
f 1135/1/2 1133/1/2 1136/1/2
f 1137/2/2 1138/2/2 1139/2/2
f 1139/2/2 1138/2/2 1140/2/2
f 1141/1/2 1142/1/2 1143/1/2
f 1143/1/2 1142/1/2 1144/1/2
f 1145/2/2 1146/2/2 1147/2/2
f 1147/2/2 1146/2/2 1148/2/2
f 1148/2/2 1146/2/2 1149/2/2
f 1150/2/2 1151/2/2 1152/2/2
f 1152/2/2 1151/2/2 1153/2/2
f 1154/2/2 1155/2/2 1156/2/2
f 1156/2/2 1155/2/2 1157/2/2
f 1158/2/2 1159/2/2 1160/2/2
f 1160/2/2 1159/2/2 1161/2/2
f 1162/1/2 1163/1/2 1165/1/2
f 1163/2/2 1164/2/2 1166/2/2
f 1165/1/2 1163/1/2 1166/1/2
f 1166/2/2 1164/2/2 1167/2/2
f 1168/2/2 1169/2/2 1170/2/2
f 1170/2/2 1169/2/2 1171/2/2
f 1172/2/2 1173/2/2 1174/2/2
f 1174/2/2 1173/2/2 1175/2/2
f 1176/2/2 1177/2/2 1178/2/2
f 1178/2/2 1177/2/2 1179/2/2
f 1180/1/2 1181/1/2 1182/1/2
f 1182/1/2 1181/1/2 1183/1/2
f 1184/2/2 1185/2/2 1186/2/2
f 1186/2/2 1185/2/2 1187/2/2
f 1188/2/2 1189/2/2 1191/2/2
f 1189/1/2 1190/1/2 1192/1/2
f 1191/2/2 1189/2/2 1192/2/2
f 1192/1/2 1190/1/2 1193/1/2
f 1194/2/2 1195/2/2 1196/2/2
f 1196/2/2 1195/2/2 1197/2/2
f 1198/2/2 1199/2/2 1200/2/2
f 1200/2/2 1199/2/2 1201/2/2
f 1202/2/2 1203/2/2 1204/2/2
f 1204/2/2 1203/2/2 1205/2/2
f 1205/2/2 1203/2/2 1206/2/2
f 1207/2/2 1208/2/2 1209/2/2
f 1209/2/2 1208/2/2 1210/2/2
f 1210/2/2 1211/2/2 1212/2/2
f 1212/2/2 1211/2/2 1213/2/2
f 1214/2/2 1215/2/2 1216/2/2
f 1216/2/2 1215/2/2 1217/2/2
f 1218/2/2 1219/2/2 1220/2/2
f 1220/2/2 1219/2/2 1221/2/2
f 1222/2/2 1223/2/2 1224/2/2
f 1224/2/2 1223/2/2 1225/2/2
f 1226/2/2 1227/2/2 1228/2/2
f 1228/2/2 1227/2/2 1229/2/2
f 1230/2/2 1231/2/2 1233/2/2
f 1233/2/2 1231/2/2 1234/2/2
f 1232/2/2 1233/2/2 1235/2/2
f 1235/2/2 1233/2/2 1236/2/2
f 1237/2/2 1238/2/2 1239/2/2
f 1239/2/2 1238/2/2 1240/2/2
f 1241/1/2 1242/1/2 1244/1/2
f 1242/2/2 1243/2/2 1245/2/2
f 1244/1/2 1242/1/2 1245/1/2
f 1245/2/2 1243/2/2 1246/2/2
f 1247/1/2 1248/1/2 1249/1/2
f 1249/1/2 1248/1/2 1250/1/2
f 1251/2/2 1252/2/2 1253/2/2
f 1253/2/2 1252/2/2 1254/2/2
f 1255/1/2 1256/1/2 1257/1/2
f 1257/1/2 1256/1/2 1258/1/2
f 1259/2/2 1260/2/2 1261/2/2
f 1261/2/2 1260/2/2 1262/2/2
f 1263/2/2 1264/2/2 1265/2/2
f 1265/2/2 1264/2/2 1266/2/2
f 1267/2/2 1268/2/2 1269/2/2
f 1269/2/2 1268/2/2 1270/2/2
f 1271/1/2 1272/1/2 1273/1/2
f 1273/1/2 1272/1/2 1274/1/2
f 1275/2/2 1276/2/2 1277/2/2
f 1277/2/2 1276/2/2 1278/2/2
f 1279/2/2 1280/2/2 1281/2/2
f 1281/2/2 1280/2/2 1282/2/2
f 1282/2/2 1280/2/2 1283/2/2
f 1284/2/2 1285/2/2 1286/2/2
f 1286/2/2 1285/2/2 1287/2/2
f 1288/2/2 1289/2/2 1290/2/2
f 1290/2/2 1289/2/2 1291/2/2
f 1292/1/2 1293/1/2 1294/1/2
f 1294/1/2 1293/1/2 1295/1/2
f 1296/2/2 1297/2/2 1298/2/2
f 1298/2/2 1297/2/2 1299/2/2
f 1300/2/2 1301/2/2 1302/2/2
f 1302/2/2 1301/2/2 1303/2/2
f 1304/1/2 1305/1/2 1307/1/2
f 1305/2/2 1306/2/2 1308/2/2
f 1307/1/2 1305/1/2 1308/1/2
f 1307/2/2 1308/2/2 1309/2/2
f 1308/2/2 1306/2/2 1310/2/2
f 1309/2/2 1308/2/2 1310/2/2
f 1310/2/2 1306/2/2 1311/2/2
f 1312/2/2 1313/2/2 1315/2/2
f 1313/1/2 1314/1/2 1315/1/2
f 1315/1/2 1314/1/2 1316/1/2
f 1312/2/2 1315/2/2 1317/2/2
f 1315/2/2 1316/2/2 1317/2/2
f 1317/2/2 1316/2/2 1318/2/2
f 1319/2/2 1320/2/2 1322/2/2
f 1320/1/2 1321/1/2 1322/1/2
f 1322/1/2 1321/1/2 1323/1/2
f 1319/2/2 1322/2/2 1324/2/2
f 1322/2/2 1323/2/2 1324/2/2
f 1324/2/2 1323/2/2 1325/2/2
f 1325/2/2 1323/2/2 1326/2/2
f 1327/2/2 1328/2/2 1329/2/2
f 1329/2/2 1328/2/2 1330/2/2
f 1331/2/2 1332/2/2 1333/2/2
f 1333/2/2 1332/2/2 1334/2/2
f 1335/2/2 1336/2/2 1337/2/2
f 1337/2/2 1336/2/2 1338/2/2
f 1339/2/2 1340/2/2 1341/2/2
f 1341/2/2 1340/2/2 1342/2/2
f 1343/1/2 1344/1/2 1346/1/2
f 1344/2/2 1345/2/2 1347/2/2
f 1346/1/2 1344/1/2 1347/1/2
f 1346/2/2 1347/2/2 1348/2/2
f 1347/2/2 1345/2/2 1349/2/2
f 1348/2/2 1347/2/2 1349/2/2
f 1350/2/2 1351/2/2 1353/2/2
f 1351/1/2 1352/1/2 1353/1/2
f 1353/1/2 1352/1/2 1354/1/2
f 1350/2/2 1353/2/2 1355/2/2
f 1353/2/2 1354/2/2 1355/2/2
f 1355/2/2 1354/2/2 1356/2/2
f 1357/2/2 1358/2/2 1359/2/2
f 1359/2/2 1358/2/2 1360/2/2
f 1359/1/2 1360/1/2 1361/1/2
f 1360/2/2 1358/2/2 1362/2/2
f 1361/1/2 1360/1/2 1362/1/2
f 1361/2/2 1362/2/2 1363/2/2
f 1362/2/2 1358/2/2 1364/2/2
f 1363/2/2 1362/2/2 1364/2/2
f 1365/2/2 1366/2/2 1367/2/2
f 1367/2/2 1366/2/2 1368/2/2
f 1365/2/2 1367/2/2 1369/2/2
f 1367/1/2 1368/1/2 1369/1/2
f 1369/1/2 1368/1/2 1370/1/2
f 1365/2/2 1369/2/2 1371/2/2
f 1369/2/2 1370/2/2 1371/2/2
f 1371/2/2 1370/2/2 1372/2/2
f 1373/2/2 1374/2/2 1375/2/2
f 1375/2/2 1374/2/2 1376/2/2
f 1375/1/2 1376/1/2 1377/1/2
f 1376/2/2 1374/2/2 1378/2/2
f 1377/1/2 1376/1/2 1378/1/2
f 1378/2/2 1374/2/2 1379/2/2
f 1377/2/2 1378/2/2 1380/2/2
f 1378/1/2 1379/1/2 1380/1/2
f 1380/1/2 1379/1/2 1381/1/2
f 1377/2/2 1380/2/2 1382/2/2
f 1380/2/2 1381/2/2 1382/2/2
f 1382/2/2 1381/2/2 1383/2/2
f 1382/1/2 1383/1/2 1384/1/2
f 1383/2/2 1381/2/2 1385/2/2
f 1384/1/2 1383/1/2 1385/1/2
f 1384/2/2 1385/2/2 1386/2/2
f 1385/2/2 1381/2/2 1387/2/2
f 1386/2/2 1385/2/2 1387/2/2
f 1395/2/3 1389/2/3 1388/2/3
f 1396/1/3 1390/1/3 1389/1/3
f 1396/2/3 1389/2/3 1395/2/3
f 1397/2/3 1391/2/3 1390/2/3
f 1397/1/3 1390/1/3 1396/1/3
f 1398/1/3 1392/1/3 1391/1/3
f 1398/2/3 1391/2/3 1397/2/3
f 1399/2/3 1393/2/3 1392/2/3
f 1399/1/3 1392/1/3 1398/1/3
f 1400/2/3 1393/2/3 1399/2/3
f 1404/2/3 1395/2/3 1394/2/3
f 1404/2/3 1396/2/3 1395/2/3
f 1404/2/3 1397/2/3 1396/2/3
f 1405/2/3 1397/2/3 1404/2/3
f 1406/1/3 1398/1/3 1397/1/3
f 1406/2/3 1397/2/3 1405/2/3
f 1407/2/3 1401/2/3 1400/2/3
f 1407/1/3 1398/1/3 1406/1/3
f 1407/2/3 1400/2/3 1399/2/3
f 1407/2/3 1399/2/3 1398/2/3
f 1408/2/3 1401/2/3 1407/2/3
f 1409/2/3 1401/2/3 1408/2/3
f 1410/2/3 1401/2/3 1409/2/3
f 1414/2/3 1403/2/3 1402/2/3
f 1415/1/3 1404/1/3 1403/1/3
f 1415/2/3 1403/2/3 1414/2/3
f 1416/2/3 1405/2/3 1404/2/3
f 1416/1/3 1404/1/3 1415/1/3
f 1417/2/3 1405/2/3 1416/2/3
f 1422/1/3 1409/1/3 1408/1/3
f 1423/2/3 1410/2/3 1409/2/3
f 1423/1/3 1409/1/3 1422/1/3
f 1424/1/3 1411/1/3 1410/1/3
f 1424/2/3 1410/2/3 1423/2/3
f 1425/1/3 1411/1/3 1424/1/3
f 1426/1/3 1411/1/3 1425/1/3
f 1429/2/3 1413/2/3 1412/2/3
f 1430/1/3 1414/1/3 1413/1/3
f 1430/2/3 1413/2/3 1429/2/3
f 1431/2/3 1415/2/3 1414/2/3
f 1431/1/3 1414/1/3 1430/1/3
f 1431/2/3 1416/2/3 1415/2/3
f 1432/2/3 1416/2/3 1431/2/3
f 1433/2/3 1419/2/3 1418/2/3
f 1434/2/3 1419/2/3 1433/2/3
f 1435/2/3 1421/2/3 1420/2/3
f 1436/2/3 1421/2/3 1435/2/3
f 1437/2/3 1423/2/3 1422/2/3
f 1438/2/3 1423/2/3 1437/2/3
f 1439/1/3 1425/1/3 1424/1/3
f 1440/2/3 1427/2/3 1426/2/3
f 1440/1/3 1425/1/3 1439/1/3
f 1440/2/3 1426/2/3 1425/2/3
f 1441/2/3 1427/2/3 1440/2/3
f 1442/2/3 1427/2/3 1441/2/3
f 1445/2/3 1430/2/3 1429/2/3
f 1445/2/3 1431/2/3 1430/2/3
f 1445/2/3 1429/2/3 1428/2/3
f 1446/2/3 1431/2/3 1445/2/3
f 1447/2/3 1431/2/3 1446/2/3
f 1452/2/3 1443/2/3 1442/2/3
f 1452/2/3 1442/2/3 1441/2/3
f 1453/2/3 1443/2/3 1452/2/3
f 1454/2/3 1443/2/3 1453/2/3
f 1455/2/3 1443/2/3 1454/2/3
f 1458/2/3 1445/2/3 1444/2/3
f 1458/2/3 1446/2/3 1445/2/3
f 1459/2/3 1446/2/3 1458/2/3
f 1460/2/3 1446/2/3 1459/2/3
f 1461/2/3 1446/2/3 1460/2/3
f 1462/2/3 1449/2/3 1448/2/3
f 1463/2/3 1449/2/3 1462/2/3
f 1464/2/3 1451/2/3 1450/2/3
f 1465/2/3 1451/2/3 1464/2/3
f 1466/2/3 1454/2/3 1453/2/3
f 1467/1/3 1455/1/3 1454/1/3
f 1467/2/3 1454/2/3 1466/2/3
f 1468/2/3 1456/2/3 1455/2/3
f 1471/2/3 1458/2/3 1457/2/3
f 1472/1/3 1459/1/3 1458/1/3
f 1472/2/3 1458/2/3 1471/2/3
f 1473/2/3 1460/2/3 1459/2/3
f 1473/1/3 1459/1/3 1472/1/3
f 1474/2/3 1460/2/3 1473/2/3
f 1481/1/3 1455/1/3 1467/1/3
f 1482/2/3 1469/2/3 1468/2/3
f 1482/1/3 1455/1/3 1481/1/3
f 1482/2/3 1468/2/3 1455/2/3
f 1483/2/3 1469/2/3 1482/2/3
f 1486/2/3 1471/2/3 1470/2/3
f 1486/2/3 1472/2/3 1471/2/3
f 1486/2/3 1473/2/3 1472/2/3
f 1487/2/3 1473/2/3 1486/2/3
f 1488/2/3 1473/2/3 1487/2/3
f 1489/2/3 1473/2/3 1488/2/3
f 1494/2/3 1476/2/3 1475/2/3
f 1495/2/3 1476/2/3 1494/2/3
f 1496/2/3 1478/2/3 1477/2/3
f 1497/2/3 1478/2/3 1496/2/3
f 1500/2/3 1480/2/3 1479/2/3
f 1501/2/3 1480/2/3 1500/2/3
f 1504/2/3 1483/2/3 1482/2/3
f 1504/2/3 1484/2/3 1483/2/3
f 1505/2/3 1484/2/3 1504/2/3
f 1506/2/3 1484/2/3 1505/2/3
f 1509/2/3 1486/2/3 1485/2/3
f 1510/1/3 1487/1/3 1486/1/3
f 1510/2/3 1486/2/3 1509/2/3
f 1511/2/3 1488/2/3 1487/2/3
f 1511/1/3 1487/1/3 1510/1/3
f 1512/2/3 1488/2/3 1511/2/3
f 1513/2/3 1491/2/3 1490/2/3
f 1514/2/3 1491/2/3 1513/2/3
f 1515/2/3 1493/2/3 1492/2/3
f 1516/2/3 1493/2/3 1515/2/3
f 1517/1/3 1499/1/3 1498/1/3
f 1518/1/3 1499/1/3 1517/1/3
f 1519/2/3 1503/2/3 1502/2/3
f 1520/2/3 1503/2/3 1519/2/3
f 1521/2/3 1507/2/3 1506/2/3
f 1521/2/3 1506/2/3 1505/2/3
f 1522/2/3 1507/2/3 1521/2/3
f 1523/2/3 1507/2/3 1522/2/3
f 1524/2/3 1507/2/3 1523/2/3
f 1527/2/3 1509/2/3 1508/2/3
f 1527/2/3 1510/2/3 1509/2/3
f 1527/2/3 1511/2/3 1510/2/3
f 1528/2/3 1511/2/3 1527/2/3
f 1529/2/3 1511/2/3 1528/2/3
f 1534/1/3 1523/1/3 1522/1/3
f 1535/2/3 1524/2/3 1523/2/3
f 1535/1/3 1523/1/3 1534/1/3
f 1536/1/3 1525/1/3 1524/1/3
f 1536/2/3 1524/2/3 1535/2/3
f 1537/1/3 1525/1/3 1536/1/3
f 1539/2/3 1527/2/3 1526/2/3
f 1539/2/3 1528/2/3 1527/2/3
f 1540/2/3 1528/2/3 1539/2/3
f 1541/2/3 1528/2/3 1540/2/3
f 1542/2/3 1531/2/3 1530/2/3
f 1543/2/3 1531/2/3 1542/2/3
f 1544/2/3 1533/2/3 1532/2/3
f 1545/2/3 1533/2/3 1544/2/3
f 1546/2/3 1538/2/3 1537/2/3
f 1546/2/3 1537/2/3 1536/2/3
f 1546/2/3 1536/2/3 1535/2/3
f 1547/2/3 1538/2/3 1546/2/3
f 1549/2/3 1539/2/3 1526/2/3
f 1550/1/3 1540/1/3 1539/1/3
f 1550/2/3 1539/2/3 1549/2/3
f 1551/1/3 1540/1/3 1550/1/3
f 1556/2/3 1538/2/3 1547/2/3
f 1557/2/3 1538/2/3 1556/2/3
f 1558/2/3 1538/2/3 1557/2/3
f 1560/1/3 1549/1/3 1548/1/3
f 1560/1/3 1550/1/3 1549/1/3
f 1561/1/3 1550/1/3 1560/1/3
f 1562/2/3 1553/2/3 1552/2/3
f 1563/2/3 1553/2/3 1562/2/3
f 1564/2/3 1555/2/3 1554/2/3
f 1565/2/3 1555/2/3 1564/2/3
f 1566/2/3 1559/2/3 1558/2/3
f 1566/2/3 1558/2/3 1557/2/3
f 1567/2/3 1559/2/3 1566/2/3
f 1569/2/3 1561/2/3 1560/2/3
f 1570/2/3 1561/2/3 1569/2/3
f 1571/2/3 1561/2/3 1570/2/3
f 1572/1/3 1567/1/3 1566/1/3
f 1572/2/3 1566/2/3 1557/2/3
f 1573/1/3 1567/1/3 1572/1/3
f 1579/2/3 1573/2/3 1572/2/3
f 1579/2/3 1574/2/3 1573/2/3
f 1579/2/3 1572/2/3 1557/2/3
f 1580/2/3 1574/2/3 1579/2/3
f 1581/2/3 1574/2/3 1580/2/3
f 1583/2/3 1570/2/3 1569/2/3
f 1583/2/3 1569/2/3 1568/2/3
f 1584/2/3 1570/2/3 1583/2/3
f 1585/2/3 1570/2/3 1584/2/3
f 1586/2/3 1576/2/3 1575/2/3
f 1587/2/3 1576/2/3 1586/2/3
f 1588/2/3 1578/2/3 1577/2/3
f 1589/2/3 1578/2/3 1588/2/3
f 1590/1/3 1581/1/3 1580/1/3
f 1591/2/3 1574/2/3 1581/2/3
f 1591/1/3 1581/1/3 1590/1/3
f 1592/2/3 1574/2/3 1591/2/3
f 1594/2/3 1583/2/3 1582/2/3
f 1594/1/3 1584/1/3 1583/1/3
f 1595/1/3 1584/1/3 1594/1/3
f 1600/2/3 1593/2/3 1592/2/3
f 1600/2/3 1592/2/3 1591/2/3
f 1601/2/3 1593/2/3 1600/2/3
f 1602/2/3 1597/2/3 1596/2/3
f 1603/2/3 1597/2/3 1602/2/3
f 1604/2/3 1599/2/3 1598/2/3
f 1605/2/3 1599/2/3 1604/2/3
f 1606/1/3 1601/1/3 1600/1/3
f 1607/2/3 1593/2/3 1601/2/3
f 1607/1/3 1601/1/3 1606/1/3
f 1609/2/3 1594/2/3 1582/2/3
f 1609/2/3 1595/2/3 1594/2/3
f 1610/2/3 1595/2/3 1609/2/3
f 1611/2/3 1595/2/3 1610/2/3
f 1612/2/3 1607/2/3 1606/2/3
f 1613/2/3 1593/2/3 1607/2/3
f 1613/2/3 1607/2/3 1612/2/3
f 1614/2/3 1593/2/3 1613/2/3
f 1616/2/3 1609/2/3 1608/2/3
f 1616/1/3 1610/1/3 1609/1/3
f 1617/1/3 1610/1/3 1616/1/3
f 1618/2/3 1615/2/3 1614/2/3
f 1618/2/3 1614/2/3 1613/2/3
f 1619/2/3 1615/2/3 1618/2/3
f 1620/2/3 1617/2/3 1616/2/3
f 1620/2/3 1616/2/3 1608/2/3
f 1621/2/3 1617/2/3 1620/2/3
f 1626/1/3 1621/1/3 1620/1/3
f 1627/2/3 1617/2/3 1621/2/3
f 1627/1/3 1621/1/3 1626/1/3
f 1628/2/3 1617/2/3 1627/2/3
f 1630/2/3 1623/2/3 1622/2/3
f 1631/2/3 1623/2/3 1630/2/3
f 1632/2/3 1625/2/3 1624/2/3
f 1633/2/3 1625/2/3 1632/2/3
f 1634/1/3 1619/1/3 1618/1/3
f 1634/2/3 1618/2/3 1613/2/3
f 1635/1/3 1619/1/3 1634/1/3
f 1636/2/3 1629/2/3 1628/2/3
f 1636/2/3 1627/2/3 1626/2/3
f 1636/2/3 1628/2/3 1627/2/3
f 1637/2/3 1629/2/3 1636/2/3
f 1638/2/3 1629/2/3 1637/2/3
f 1639/2/3 1635/2/3 1634/2/3
f 1639/2/3 1634/2/3 1613/2/3
f 1640/2/3 1635/2/3 1639/2/3
f 1641/1/3 1637/1/3 1636/1/3
f 1641/2/3 1636/2/3 1626/2/3
f 1642/1/3 1637/1/3 1641/1/3
f 1645/1/3 1640/1/3 1639/1/3
f 1646/2/3 1635/2/3 1640/2/3
f 1646/1/3 1640/1/3 1645/1/3
f 1647/2/3 1644/2/3 1643/2/3
f 1648/2/3 1644/2/3 1647/2/3
f 1649/2/3 1635/2/3 1646/2/3
f 1649/2/3 1646/2/3 1645/2/3
f 1650/2/3 1635/2/3 1649/2/3
f 1655/2/3 1649/2/3 1645/2/3
f 1655/1/3 1650/1/3 1649/1/3
f 1656/1/3 1650/1/3 1655/1/3
f 1657/2/3 1641/2/3 1626/2/3
f 1657/2/3 1642/2/3 1641/2/3
f 1658/2/3 1642/2/3 1657/2/3
f 1661/1/3 1652/1/3 1651/1/3
f 1662/1/3 1652/1/3 1661/1/3
f 1663/1/3 1654/1/3 1653/1/3
f 1664/1/3 1654/1/3 1663/1/3
f 1665/2/3 1656/2/3 1655/2/3
f 1665/2/3 1655/2/3 1645/2/3
f 1666/2/3 1656/2/3 1665/2/3
f 1667/2/3 1657/2/3 1626/2/3
f 1667/1/3 1658/1/3 1657/1/3
f 1668/1/3 1658/1/3 1667/1/3
f 1669/2/3 1660/2/3 1659/2/3
f 1670/2/3 1660/2/3 1669/2/3
f 1671/1/3 1666/1/3 1665/1/3
f 1672/1/3 1666/1/3 1671/1/3
f 1673/2/3 1668/2/3 1667/2/3
f 1673/2/3 1667/2/3 1626/2/3
f 1674/2/3 1668/2/3 1673/2/3
f 1675/2/3 1668/2/3 1674/2/3
f 1678/2/3 1672/2/3 1671/2/3
f 1679/2/3 1672/2/3 1678/2/3
f 1680/2/3 1672/2/3 1679/2/3
f 1681/2/3 1676/2/3 1675/2/3
f 1681/2/3 1675/2/3 1674/2/3
f 1682/2/3 1676/2/3 1681/2/3
f 1687/1/3 1682/1/3 1681/1/3
f 1688/2/3 1676/2/3 1682/2/3
f 1688/1/3 1682/1/3 1687/1/3
f 1689/1/3 1684/1/3 1683/1/3
f 1690/1/3 1684/1/3 1689/1/3
f 1691/2/3 1686/2/3 1685/2/3
f 1692/2/3 1686/2/3 1691/2/3
f 1693/2/3 1679/2/3 1678/2/3
f 1693/2/3 1678/2/3 1677/2/3
f 1694/2/3 1679/2/3 1693/2/3
f 1697/2/3 1688/2/3 1687/2/3
f 1698/2/3 1676/2/3 1688/2/3
f 1698/2/3 1688/2/3 1697/2/3
f 1699/2/3 1676/2/3 1698/2/3
f 1705/2/3 1696/2/3 1695/2/3
f 1706/2/3 1696/2/3 1705/2/3
f 1707/1/3 1694/1/3 1693/1/3
f 1708/2/3 1679/2/3 1694/2/3
f 1708/1/3 1694/1/3 1707/1/3
f 1709/2/3 1679/2/3 1708/2/3
f 1710/1/3 1699/1/3 1698/1/3
f 1710/1/3 1700/1/3 1699/1/3
f 1711/1/3 1700/1/3 1710/1/3
f 1712/2/3 1702/2/3 1701/2/3
f 1713/2/3 1702/2/3 1712/2/3
f 1714/1/3 1704/1/3 1703/1/3
f 1715/1/3 1704/1/3 1714/1/3
f 1716/2/3 1711/2/3 1710/2/3
f 1717/2/3 1711/2/3 1716/2/3
f 1718/2/3 1711/2/3 1717/2/3
f 1721/1/3 1707/1/3 1706/1/3
f 1722/2/3 1708/2/3 1707/2/3
f 1722/1/3 1707/1/3 1721/1/3
f 1723/2/3 1708/2/3 1722/2/3
f 1724/2/3 1718/2/3 1717/2/3
f 1724/2/3 1719/2/3 1718/2/3
f 1725/2/3 1719/2/3 1724/2/3
f 1730/2/3 1722/2/3 1721/2/3
f 1730/2/3 1721/2/3 1720/2/3
f 1731/2/3 1722/2/3 1730/2/3
f 1732/2/3 1724/2/3 1717/2/3
f 1733/1/3 1725/1/3 1724/1/3
f 1733/2/3 1724/2/3 1732/2/3
f 1734/1/3 1725/1/3 1733/1/3
f 1736/2/3 1727/2/3 1726/2/3
f 1737/2/3 1727/2/3 1736/2/3
f 1738/2/3 1729/2/3 1728/2/3
f 1739/2/3 1729/2/3 1738/2/3
f 1741/2/3 1730/2/3 1720/2/3
f 1742/1/3 1731/1/3 1730/1/3
f 1742/2/3 1730/2/3 1741/2/3
f 1743/1/3 1731/1/3 1742/1/3
f 1744/1/3 1734/1/3 1733/1/3
f 1745/2/3 1735/2/3 1734/2/3
f 1745/1/3 1734/1/3 1744/1/3
f 1746/2/3 1735/2/3 1745/2/3
f 1753/2/3 1742/2/3 1741/2/3
f 1753/2/3 1741/2/3 1740/2/3
f 1754/2/3 1745/2/3 1744/2/3
f 1754/2/3 1746/2/3 1745/2/3
f 1754/2/3 1747/2/3 1746/2/3
f 1755/2/3 1747/2/3 1754/2/3
f 1756/2/3 1747/2/3 1755/2/3
f 1758/1/3 1749/1/3 1748/1/3
f 1759/1/3 1749/1/3 1758/1/3
f 1760/2/3 1751/2/3 1750/2/3
f 1761/2/3 1751/2/3 1760/2/3
f 1763/1/3 1753/1/3 1752/1/3
f 1764/2/3 1742/2/3 1753/2/3
f 1765/2/3 1742/2/3 1764/2/3
f 1766/2/3 1756/2/3 1755/2/3
f 1767/2/3 1756/2/3 1766/2/3
f 1768/1/3 1757/1/3 1756/1/3
f 1768/2/3 1756/2/3 1767/2/3
f 1769/1/3 1757/1/3 1768/1/3
f 1780/2/3 1763/2/3 1762/2/3
f 1781/1/3 1753/1/3 1763/1/3
f 1781/2/3 1763/2/3 1780/2/3
f 1782/2/3 1764/2/3 1753/2/3
f 1782/1/3 1753/1/3 1781/1/3
f 1783/2/3 1764/2/3 1782/2/3
f 1784/2/3 1768/2/3 1767/2/3
f 1784/2/3 1769/2/3 1768/2/3
f 1784/2/3 1770/2/3 1769/2/3
f 1785/2/3 1770/2/3 1784/2/3
f 1786/2/3 1770/2/3 1785/2/3
f 1787/2/3 1770/2/3 1786/2/3
f 1789/2/3 1772/2/3 1771/2/3
f 1790/2/3 1772/2/3 1789/2/3
f 1791/2/3 1774/2/3 1773/2/3
f 1792/2/3 1774/2/3 1791/2/3
f 1797/2/3 1776/2/3 1775/2/3
f 1798/2/3 1776/2/3 1797/2/3
f 1799/2/3 1778/2/3 1777/2/3
f 1800/2/3 1778/2/3 1799/2/3
f 1802/2/3 1781/2/3 1780/2/3
f 1802/2/3 1780/2/3 1779/2/3
f 1802/2/3 1782/2/3 1781/2/3
f 1803/2/3 1782/2/3 1802/2/3
f 1804/2/3 1782/2/3 1803/2/3
f 1805/2/3 1782/2/3 1804/2/3
f 1806/1/3 1786/1/3 1785/1/3
f 1807/2/3 1788/2/3 1787/2/3
f 1807/1/3 1786/1/3 1806/1/3
f 1807/2/3 1787/2/3 1786/2/3
f 1808/2/3 1788/2/3 1807/2/3
f 1812/1/3 1794/1/3 1793/1/3
f 1813/1/3 1794/1/3 1812/1/3
f 1814/2/3 1796/2/3 1795/2/3
f 1815/2/3 1796/2/3 1814/2/3
f 1817/2/3 1803/2/3 1802/2/3
f 1817/2/3 1802/2/3 1801/2/3
f 1818/1/3 1804/1/3 1803/1/3
f 1818/2/3 1803/2/3 1817/2/3
f 1819/1/3 1804/1/3 1818/1/3
f 1820/2/3 1808/2/3 1807/2/3
f 1820/2/3 1809/2/3 1808/2/3
f 1821/2/3 1809/2/3 1820/2/3
f 1822/2/3 1809/2/3 1821/2/3
f 1823/2/3 1811/2/3 1810/2/3
f 1824/2/3 1811/2/3 1823/2/3
f 1830/1/3 1817/1/3 1816/1/3
f 1831/2/3 1818/2/3 1817/2/3
f 1831/1/3 1817/1/3 1830/1/3
f 1832/2/3 1818/2/3 1831/2/3
f 1833/2/3 1818/2/3 1832/2/3
f 1834/2/3 1822/2/3 1821/2/3
f 1834/2/3 1823/2/3 1822/2/3
f 1835/2/3 1823/2/3 1834/2/3
f 1836/2/3 1823/2/3 1835/2/3
f 1837/2/3 1823/2/3 1836/2/3
f 1839/2/3 1826/2/3 1825/2/3
f 1840/2/3 1826/2/3 1839/2/3
f 1841/2/3 1828/2/3 1827/2/3
f 1842/2/3 1828/2/3 1841/2/3
f 1845/1/3 1830/1/3 1829/1/3
f 1846/2/3 1832/2/3 1831/2/3
f 1846/2/3 1831/2/3 1830/2/3
f 1846/1/3 1830/1/3 1845/1/3
f 1847/2/3 1832/2/3 1846/2/3
f 1848/2/3 1832/2/3 1847/2/3
f 1849/1/3 1836/1/3 1835/1/3
f 1850/2/3 1838/2/3 1837/2/3
f 1850/1/3 1836/1/3 1849/1/3
f 1850/2/3 1837/2/3 1836/2/3
f 1851/2/3 1838/2/3 1850/2/3
f 1852/2/3 1838/2/3 1851/2/3
f 1861/2/3 1844/2/3 1843/2/3
f 1862/1/3 1845/1/3 1844/1/3
f 1862/2/3 1844/2/3 1861/2/3
f 1863/2/3 1847/2/3 1846/2/3
f 1863/1/3 1845/1/3 1862/1/3
f 1863/2/3 1846/2/3 1845/2/3
f 1864/2/3 1847/2/3 1863/2/3
f 1865/2/3 1852/2/3 1851/2/3
f 1865/2/3 1853/2/3 1852/2/3
f 1866/2/3 1853/2/3 1865/2/3
f 1867/2/3 1853/2/3 1866/2/3
f 1868/2/3 1853/2/3 1867/2/3
f 1872/2/3 1855/2/3 1854/2/3
f 1873/2/3 1855/2/3 1872/2/3
f 1874/2/3 1857/2/3 1856/2/3
f 1875/2/3 1857/2/3 1874/2/3
f 1876/2/3 1859/2/3 1858/2/3
f 1878/2/3 1861/2/3 1860/2/3
f 1878/2/3 1862/2/3 1861/2/3
f 1878/2/3 1863/2/3 1862/2/3
f 1879/2/3 1863/2/3 1878/2/3
f 1880/2/3 1863/2/3 1879/2/3
f 1881/1/3 1867/1/3 1866/1/3
f 1882/2/3 1868/2/3 1867/2/3
f 1882/1/3 1867/1/3 1881/1/3
f 1882/2/3 1869/2/3 1868/2/3
f 1883/2/3 1869/2/3 1882/2/3
f 1884/2/3 1871/2/3 1870/2/3
f 1885/2/3 1876/2/3 1858/2/3
f 1886/1/3 1877/1/3 1876/1/3
f 1886/2/3 1876/2/3 1885/2/3
f 1887/2/3 1879/2/3 1878/2/3
f 1887/1/3 1877/1/3 1886/1/3
f 1887/2/3 1878/2/3 1877/2/3
f 1888/2/3 1879/2/3 1887/2/3
f 1889/2/3 1879/2/3 1888/2/3
f 1890/2/3 1869/2/3 1883/2/3
f 1891/1/3 1870/1/3 1869/1/3
f 1891/2/3 1869/2/3 1890/2/3
f 1892/2/3 1885/2/3 1884/2/3
f 1892/1/3 1870/1/3 1891/1/3
f 1892/2/3 1884/2/3 1870/2/3
f 1892/2/3 1887/2/3 1886/2/3
f 1892/2/3 1888/2/3 1887/2/3
f 1892/2/3 1886/2/3 1885/2/3
f 1893/2/3 1888/2/3 1892/2/3
f 1894/2/3 1888/2/3 1893/2/3
f 1895/2/3 1888/2/3 1894/2/3
f 1896/2/3 1888/2/3 1895/2/3
f 1897/2/3 1888/2/3 1896/2/3
f 1898/2/3 1888/2/3 1897/2/3
f 1899/2/3 1888/2/3 1898/2/3
f 1900/2/3 1894/2/3 1893/2/3
f 1901/1/3 1895/1/3 1894/1/3
f 1901/2/3 1894/2/3 1900/2/3
f 1902/2/3 1896/2/3 1895/2/3
f 1902/1/3 1895/1/3 1901/1/3
f 1903/1/3 1897/1/3 1896/1/3
f 1903/2/3 1896/2/3 1902/2/3
f 1904/2/3 1898/2/3 1897/2/3
f 1904/1/3 1897/1/3 1903/1/3
f 1905/2/3 1898/2/3 1904/2/3
f 1910/2/3 1907/2/3 1906/2/3
f 1911/2/3 1907/2/3 1910/2/3
f 1914/2/3 1909/2/3 1908/2/3
f 1915/2/3 1909/2/3 1914/2/3
f 1920/2/3 1913/2/3 1912/2/3
f 1921/2/3 1913/2/3 1920/2/3
f 1922/2/3 1917/2/3 1916/2/3
f 1923/2/3 1917/2/3 1922/2/3
f 1928/2/3 1919/2/3 1918/2/3
f 1929/2/3 1919/2/3 1928/2/3
f 1930/2/3 1925/2/3 1924/2/3
f 1931/2/3 1925/2/3 1930/2/3
f 1932/1/3 1927/1/3 1926/1/3
f 1933/1/3 1927/1/3 1932/1/3
f 1942/2/3 1935/2/3 1934/2/3
f 1943/2/3 1935/2/3 1942/2/3
f 1944/2/3 1937/2/3 1936/2/3
f 1945/2/3 1937/2/3 1944/2/3
f 1946/1/3 1939/1/3 1938/1/3
f 1947/1/3 1939/1/3 1946/1/3
f 1948/2/3 1941/2/3 1940/2/3
f 1949/2/3 1941/2/3 1948/2/3
f 1954/2/3 1951/2/3 1950/2/3
f 1955/2/3 1951/2/3 1954/2/3
f 1956/2/3 1953/2/3 1952/2/3
f 1957/2/3 1953/2/3 1956/2/3
f 1964/2/3 1959/2/3 1958/2/3
f 1965/2/3 1959/2/3 1964/2/3
f 1966/2/3 1961/2/3 1960/2/3
f 1967/2/3 1961/2/3 1966/2/3
f 1968/2/3 1963/2/3 1962/2/3
f 1969/2/3 1963/2/3 1968/2/3
f 1974/2/3 1971/2/3 1970/2/3
f 1975/2/3 1971/2/3 1974/2/3
f 1976/2/3 1973/2/3 1972/2/3
f 1977/2/3 1973/2/3 1976/2/3
f 1984/1/3 1979/1/3 1978/1/3
f 1985/1/3 1979/1/3 1984/1/3
f 1986/2/3 1981/2/3 1980/2/3
f 1987/2/3 1981/2/3 1986/2/3
f 1990/2/3 1983/2/3 1982/2/3
f 1991/2/3 1983/2/3 1990/2/3
f 1992/2/3 1989/2/3 1988/2/3
f 1993/2/3 1989/2/3 1992/2/3
f 1998/2/3 1995/2/3 1994/2/3
f 1999/2/3 1995/2/3 1998/2/3
f 2000/2/3 1997/2/3 1996/2/3
f 2001/2/3 1997/2/3 2000/2/3
f 2006/2/3 2003/2/3 2002/2/3
f 2007/2/3 2003/2/3 2006/2/3
f 2008/2/3 2005/2/3 2004/2/3
f 2009/2/3 2005/2/3 2008/2/3
f 2014/2/3 2011/2/3 2010/2/3
f 2015/2/3 2011/2/3 2014/2/3
f 2016/2/3 2013/2/3 2012/2/3
f 2017/2/3 2013/2/3 2016/2/3
f 2022/2/3 2019/2/3 2018/2/3
f 2023/2/3 2019/2/3 2022/2/3
f 2024/1/3 2021/1/3 2020/1/3
f 2025/1/3 2021/1/3 2024/1/3
f 2030/2/3 2027/2/3 2026/2/3
f 2031/2/3 2027/2/3 2030/2/3
f 2032/2/3 2029/2/3 2028/2/3
f 2033/2/3 2029/2/3 2032/2/3
f 2038/2/3 2035/2/3 2034/2/3
f 2039/2/3 2035/2/3 2038/2/3
f 2040/2/3 2037/2/3 2036/2/3
f 2041/2/3 2037/2/3 2040/2/3
f 2046/2/3 2043/2/3 2042/2/3
f 2047/2/3 2043/2/3 2046/2/3
f 2048/1/3 2045/1/3 2044/1/3
f 2049/1/3 2045/1/3 2048/1/3
f 2056/2/3 2051/2/3 2050/2/3
f 2057/2/3 2051/2/3 2056/2/3
f 2058/2/3 2053/2/3 2052/2/3
f 2059/2/3 2053/2/3 2058/2/3
f 2060/2/3 2055/2/3 2054/2/3
f 2061/2/3 2055/2/3 2060/2/3
f 2070/2/3 2063/2/3 2062/2/3
f 2071/2/3 2063/2/3 2070/2/3
f 2072/2/3 2065/2/3 2064/2/3
f 2073/2/3 2065/2/3 2072/2/3
f 2074/2/3 2067/2/3 2066/2/3
f 2075/2/3 2067/2/3 2074/2/3
f 2076/2/3 2069/2/3 2068/2/3
f 2077/2/3 2069/2/3 2076/2/3
f 2084/2/3 2079/2/3 2078/2/3
f 2085/2/3 2079/2/3 2084/2/3
f 2086/1/3 2081/1/3 2080/1/3
f 2087/1/3 2081/1/3 2086/1/3
f 2090/2/3 2083/2/3 2082/2/3
f 2091/2/3 2083/2/3 2090/2/3
f 2092/1/3 2089/1/3 2088/1/3
f 2093/1/3 2089/1/3 2092/1/3
f 2098/2/3 2095/2/3 2094/2/3
f 2099/2/3 2095/2/3 2098/2/3
f 2100/2/3 2097/2/3 2096/2/3
f 2101/2/3 2097/2/3 2100/2/3
f 2102/2/4 2103/2/4 2108/2/4
f 2108/2/4 2103/2/4 2109/2/4
f 2104/2/4 2105/2/4 2110/2/4
f 2110/2/4 2105/2/4 2111/2/4
f 2106/2/4 2107/2/4 2112/2/4
f 2112/2/4 2107/2/4 2113/2/4
f 2114/2/4 2115/2/4 2118/2/4
f 2118/2/4 2115/2/4 2119/2/4
f 2116/2/4 2117/2/4 2120/2/4
f 2120/2/4 2117/2/4 2121/2/4
f 2122/2/4 2123/2/4 2132/2/4
f 2132/2/4 2123/2/4 2133/2/4
f 2124/2/4 2125/2/4 2134/2/4
f 2134/2/4 2125/2/4 2135/2/4
f 2126/2/4 2127/2/4 2138/2/4
f 2138/2/4 2127/2/4 2139/2/4
f 2128/2/4 2129/2/4 2142/2/4
f 2142/2/4 2129/2/4 2143/2/4
f 2130/2/4 2131/2/4 2144/2/4
f 2144/2/4 2131/2/4 2145/2/4
f 2136/1/4 2137/1/4 2146/1/4
f 2146/1/4 2137/1/4 2147/1/4
f 2140/2/4 2141/2/4 2148/2/4
f 2148/2/4 2141/2/4 2149/2/4
f 2150/2/4 2151/2/4 2154/2/4
f 2154/2/4 2151/2/4 2155/2/4
f 2152/2/4 2153/2/4 2156/2/4
f 2156/2/4 2153/2/4 2157/2/4
f 2158/2/4 2159/2/4 2162/2/4
f 2162/2/4 2159/2/4 2163/2/4
f 2160/2/4 2161/2/4 2164/2/4
f 2164/2/4 2161/2/4 2165/2/4
f 2166/2/4 2167/2/4 2172/2/4
f 2172/2/4 2167/2/4 2173/2/4
f 2168/2/4 2169/2/4 2174/2/4
f 2174/2/4 2169/2/4 2175/2/4
f 2170/2/4 2171/2/4 2176/2/4
f 2176/2/4 2171/2/4 2177/2/4
f 2178/2/4 2179/2/4 2182/2/4
f 2182/2/4 2179/2/4 2183/2/4
f 2180/2/4 2181/2/4 2184/2/4
f 2184/2/4 2181/2/4 2185/2/4
f 2186/2/4 2187/2/4 2192/2/4
f 2192/2/4 2187/2/4 2193/2/4
f 2188/2/4 2189/2/4 2194/2/4
f 2194/2/4 2189/2/4 2195/2/4
f 2190/2/4 2191/2/4 2196/2/4
f 2196/2/4 2191/2/4 2197/2/4
f 2198/2/4 2199/2/4 2200/2/4
f 2200/2/4 2199/2/4 2201/2/4
f 2202/1/4 2203/1/4 2208/1/4
f 2208/1/4 2203/1/4 2209/1/4
f 2204/1/4 2205/1/4 2210/1/4
f 2210/1/4 2205/1/4 2211/1/4
f 2206/2/4 2207/2/4 2212/2/4
f 2212/2/4 2207/2/4 2213/2/4
f 2214/1/4 2215/1/4 2218/1/4
f 2218/1/4 2215/1/4 2219/1/4
f 2216/2/4 2217/2/4 2220/2/4
f 2220/2/4 2217/2/4 2221/2/4
f 2222/2/4 2223/2/4 2228/2/4
f 2228/2/4 2223/2/4 2229/2/4
f 2224/2/4 2225/2/4 2230/2/4
f 2230/2/4 2225/2/4 2231/2/4
f 2226/1/4 2227/1/4 2232/1/4
f 2232/1/4 2227/1/4 2233/1/4
f 2234/2/4 2235/2/4 2238/2/4
f 2238/2/4 2235/2/4 2239/2/4
f 2236/2/4 2237/2/4 2240/2/4
f 2240/2/4 2237/2/4 2241/2/4
f 2242/1/4 2243/1/4 2246/1/4
f 2246/1/4 2243/1/4 2247/1/4
f 2244/2/4 2245/2/4 2248/2/4
f 2248/2/4 2245/2/4 2249/2/4
f 2250/2/4 2251/2/4 2258/2/4
f 2258/2/4 2251/2/4 2259/2/4
f 2252/2/4 2253/2/4 2260/2/4
f 2260/2/4 2253/2/4 2261/2/4
f 2254/2/4 2255/2/4 2266/2/4
f 2266/2/4 2255/2/4 2267/2/4
f 2256/2/4 2257/2/4 2268/2/4
f 2268/2/4 2257/2/4 2269/2/4
f 2262/1/4 2263/1/4 2272/1/4
f 2272/1/4 2263/1/4 2273/1/4
f 2264/2/4 2265/2/4 2274/2/4
f 2274/2/4 2265/2/4 2275/2/4
f 2270/2/4 2271/2/4 2276/2/4
f 2276/2/4 2271/2/4 2277/2/4
f 2278/2/4 2279/2/4 2282/2/4
f 2282/2/4 2279/2/4 2283/2/4
f 2280/2/4 2281/2/4 2284/2/4
f 2284/2/4 2281/2/4 2285/2/4
f 2286/2/4 2287/2/4 2292/2/4
f 2292/2/4 2287/2/4 2293/2/4
f 2288/2/4 2289/2/4 2294/2/4
f 2294/2/4 2289/2/4 2295/2/4
f 2290/2/4 2291/2/4 2296/2/4
f 2296/2/4 2291/2/4 2297/2/4
f 2298/2/4 2299/2/4 2307/2/4
f 2299/1/4 2300/1/4 2308/1/4
f 2307/2/4 2299/2/4 2308/2/4
f 2300/2/4 2301/2/4 2309/2/4
f 2308/1/4 2300/1/4 2309/1/4
f 2309/2/4 2301/2/4 2310/2/4
f 2310/2/4 2301/2/4 2311/2/4
f 2301/1/4 2302/1/4 2312/1/4
f 2311/2/4 2301/2/4 2312/2/4
f 2302/2/4 2303/2/4 2313/2/4
f 2312/1/4 2302/1/4 2313/1/4
f 2304/2/4 2305/2/4 2314/2/4
f 2306/2/4 2307/2/4 2317/2/4
f 2307/2/4 2308/2/4 2317/2/4
f 2308/2/4 2309/2/4 2317/2/4
f 2309/2/4 2310/2/4 2317/2/4
f 2317/2/4 2310/2/4 2318/2/4
f 2318/2/4 2310/2/4 2319/2/4
f 2319/2/4 2310/2/4 2320/2/4
f 2310/1/4 2311/1/4 2321/1/4
f 2320/2/4 2310/2/4 2321/2/4
f 2311/2/4 2312/2/4 2322/2/4
f 2321/1/4 2311/1/4 2322/1/4
f 2312/2/4 2313/2/4 2322/2/4
f 2313/2/4 2303/2/4 2323/2/4
f 2322/2/4 2313/2/4 2323/2/4
f 2303/1/4 2304/1/4 2323/1/4
f 2314/2/4 2315/2/4 2324/2/4
f 2323/1/4 2304/1/4 2324/1/4
f 2304/2/4 2314/2/4 2324/2/4
f 2324/2/4 2315/2/4 2325/2/4
f 2325/2/4 2315/2/4 2326/2/4
f 2326/2/4 2315/2/4 2327/2/4
f 2316/2/4 2317/2/4 2331/2/4
f 2317/2/4 2318/2/4 2331/2/4
f 2331/2/4 2318/2/4 2332/2/4
f 2332/2/4 2318/2/4 2333/2/4
f 2318/1/4 2319/1/4 2334/1/4
f 2333/2/4 2318/2/4 2334/2/4
f 2319/2/4 2320/2/4 2335/2/4
f 2334/1/4 2319/1/4 2335/1/4
f 2335/2/4 2320/2/4 2336/2/4
f 2325/2/4 2326/2/4 2339/2/4
f 2326/1/4 2327/1/4 2340/1/4
f 2339/2/4 2326/2/4 2340/2/4
f 2327/2/4 2328/2/4 2341/2/4
f 2340/1/4 2327/1/4 2341/1/4
f 2341/2/4 2328/2/4 2342/2/4
f 2329/2/4 2330/2/4 2346/2/4
f 2330/1/4 2331/1/4 2347/1/4
f 2346/2/4 2330/2/4 2347/2/4
f 2331/2/4 2332/2/4 2348/2/4
f 2347/1/4 2331/1/4 2348/1/4
f 2332/1/4 2333/1/4 2349/1/4
f 2348/2/4 2332/2/4 2349/2/4
f 2349/1/4 2333/1/4 2350/1/4
f 2337/2/4 2338/2/4 2351/2/4
f 2351/2/4 2338/2/4 2352/2/4
f 2341/1/4 2342/1/4 2354/1/4
f 2342/2/4 2343/2/4 2355/2/4
f 2354/1/4 2342/1/4 2355/1/4
f 2343/1/4 2344/1/4 2356/1/4
f 2355/2/4 2343/2/4 2356/2/4
f 2356/1/4 2344/1/4 2357/1/4
f 2347/2/4 2348/2/4 2360/2/4
f 2345/2/4 2346/2/4 2360/2/4
f 2346/2/4 2347/2/4 2360/2/4
f 2348/2/4 2349/2/4 2360/2/4
f 2360/2/4 2349/2/4 2361/2/4
f 2361/2/4 2349/2/4 2362/2/4
f 2353/2/4 2354/2/4 2367/2/4
f 2367/2/4 2354/2/4 2368/2/4
f 2357/2/4 2358/2/4 2369/2/4
f 2356/2/4 2357/2/4 2369/2/4
f 2355/2/4 2356/2/4 2369/2/4
f 2369/2/4 2358/2/4 2370/2/4
f 2370/2/4 2358/2/4 2371/2/4
f 2359/1/4 2360/1/4 2374/1/4
f 2360/2/4 2361/2/4 2375/2/4
f 2374/1/4 2360/1/4 2375/1/4
f 2375/2/4 2361/2/4 2376/2/4
f 2376/2/4 2361/2/4 2377/2/4
f 2363/2/4 2364/2/4 2378/2/4
f 2378/2/4 2364/2/4 2379/2/4
f 2365/2/4 2366/2/4 2384/2/4
f 2384/2/4 2366/2/4 2385/2/4
f 2371/2/4 2372/2/4 2386/2/4
f 2370/2/4 2371/2/4 2386/2/4
f 2386/2/4 2372/2/4 2387/2/4
f 2387/2/4 2372/2/4 2388/2/4
f 2373/2/4 2374/2/4 2391/2/4
f 2374/2/4 2375/2/4 2391/2/4
f 2375/2/4 2376/2/4 2391/2/4
f 2391/2/4 2376/2/4 2392/2/4
f 2392/2/4 2376/2/4 2393/2/4
f 2393/2/4 2376/2/4 2394/2/4
f 2380/2/4 2381/2/4 2395/2/4
f 2395/2/4 2381/2/4 2396/2/4
f 2382/1/4 2383/1/4 2397/1/4
f 2397/1/4 2383/1/4 2398/1/4
f 2387/1/4 2388/1/4 2399/1/4
f 2399/1/4 2388/1/4 2400/1/4
f 2388/2/4 2389/2/4 2401/2/4
f 2400/1/4 2388/1/4 2401/1/4
f 2401/2/4 2389/2/4 2402/2/4
f 2390/2/4 2391/2/4 2405/2/4
f 2391/2/4 2392/2/4 2405/2/4
f 2392/1/4 2393/1/4 2406/1/4
f 2405/2/4 2392/2/4 2406/2/4
f 2406/1/4 2393/1/4 2407/1/4
f 2401/2/4 2402/2/4 2416/2/4
f 2400/2/4 2401/2/4 2416/2/4
f 2416/2/4 2402/2/4 2417/2/4
f 2402/1/4 2403/1/4 2418/1/4
f 2417/2/4 2402/2/4 2418/2/4
f 2418/1/4 2403/1/4 2419/1/4
f 2404/2/4 2405/2/4 2422/2/4
f 2405/2/4 2406/2/4 2422/2/4
f 2422/2/4 2406/2/4 2423/2/4
f 2423/2/4 2406/2/4 2424/2/4
f 2408/2/4 2409/2/4 2425/2/4
f 2425/2/4 2409/2/4 2426/2/4
f 2410/2/4 2411/2/4 2427/2/4
f 2427/2/4 2411/2/4 2428/2/4
f 2412/1/4 2413/1/4 2429/1/4
f 2429/1/4 2413/1/4 2430/1/4
f 2414/2/4 2415/2/4 2431/2/4
f 2431/2/4 2415/2/4 2432/2/4
f 2419/2/4 2420/2/4 2433/2/4
f 2417/2/4 2418/2/4 2433/2/4
f 2418/2/4 2419/2/4 2433/2/4
f 2433/2/4 2420/2/4 2434/2/4
f 2434/2/4 2420/2/4 2435/2/4
f 2421/2/4 2422/2/4 2438/2/4
f 2422/2/4 2423/2/4 2438/2/4
f 2438/2/4 2423/2/4 2439/2/4
f 2439/2/4 2423/2/4 2440/2/4
f 2435/2/4 2436/2/4 2441/2/4
f 2434/2/4 2435/2/4 2441/2/4
f 2441/2/4 2436/2/4 2442/2/4
f 2442/2/4 2436/2/4 2443/2/4
f 2443/2/4 2436/2/4 2444/2/4
f 2438/1/4 2439/1/4 2446/1/4
f 2437/2/4 2438/2/4 2446/2/4
f 2446/1/4 2439/1/4 2447/1/4
f 2447/1/4 2439/1/4 2448/1/4
f 2442/1/4 2443/1/4 2453/1/4
f 2444/2/4 2445/2/4 2454/2/4
f 2453/1/4 2443/1/4 2454/1/4
f 2443/2/4 2444/2/4 2454/2/4
f 2454/2/4 2445/2/4 2455/2/4
f 2437/2/4 2446/2/4 2457/2/4
f 2446/2/4 2447/2/4 2457/2/4
f 2457/2/4 2447/2/4 2458/2/4
f 2458/2/4 2447/2/4 2459/2/4
f 2449/2/4 2450/2/4 2460/2/4
f 2460/2/4 2450/2/4 2461/2/4
f 2451/2/4 2452/2/4 2462/2/4
f 2462/2/4 2452/2/4 2463/2/4
f 2454/1/4 2455/1/4 2464/1/4
f 2455/2/4 2445/2/4 2465/2/4
f 2464/1/4 2455/1/4 2465/1/4
f 2465/2/4 2445/2/4 2466/2/4
f 2465/1/4 2466/1/4 2472/1/4
f 2466/2/4 2467/2/4 2473/2/4
f 2472/1/4 2466/1/4 2473/1/4
f 2456/2/4 2457/2/4 2475/2/4
f 2457/2/4 2458/2/4 2475/2/4
f 2475/2/4 2458/2/4 2476/2/4
f 2476/2/4 2458/2/4 2477/2/4
f 2468/2/4 2469/2/4 2480/2/4
f 2480/2/4 2469/2/4 2481/2/4
f 2470/2/4 2471/2/4 2482/2/4
f 2482/2/4 2471/2/4 2483/2/4
f 2472/2/4 2473/2/4 2484/2/4
f 2473/2/4 2467/2/4 2485/2/4
f 2484/2/4 2473/2/4 2485/2/4
f 2485/2/4 2467/2/4 2486/2/4
f 2474/1/4 2475/1/4 2488/1/4
f 2475/2/4 2476/2/4 2488/2/4
f 2488/2/4 2476/2/4 2489/2/4
f 2478/2/4 2479/2/4 2490/2/4
f 2490/2/4 2479/2/4 2491/2/4
f 2488/1/4 2489/1/4 2493/1/4
f 2474/1/4 2488/1/4 2493/1/4
f 2493/1/4 2489/1/4 2494/1/4
f 2494/1/4 2489/1/4 2495/1/4
f 2486/2/4 2487/2/4 2500/2/4
f 2485/2/4 2486/2/4 2500/2/4
f 2500/2/4 2487/2/4 2501/2/4
f 2501/2/4 2487/2/4 2502/2/4
f 2496/2/4 2497/2/4 2504/2/4
f 2504/2/4 2497/2/4 2505/2/4
f 2498/2/4 2499/2/4 2506/2/4
f 2506/2/4 2499/2/4 2507/2/4
f 2502/2/4 2503/2/4 2508/2/4
f 2501/2/4 2502/2/4 2508/2/4
f 2508/2/4 2503/2/4 2509/2/4
f 2492/2/4 2493/2/4 2514/2/4
f 2493/2/4 2494/2/4 2514/2/4
f 2514/2/4 2494/2/4 2515/2/4
f 2510/1/4 2511/1/4 2517/1/4
f 2517/1/4 2511/1/4 2518/1/4
f 2512/2/4 2513/2/4 2519/2/4
f 2519/2/4 2513/2/4 2520/2/4
f 2508/1/4 2509/1/4 2522/1/4
f 2509/2/4 2503/2/4 2523/2/4
f 2522/1/4 2509/1/4 2523/1/4
f 2492/2/4 2514/2/4 2525/2/4
f 2514/1/4 2515/1/4 2526/1/4
f 2525/2/4 2514/2/4 2526/2/4
f 2515/2/4 2516/2/4 2527/2/4
f 2526/1/4 2515/1/4 2527/1/4
f 2527/2/4 2516/2/4 2528/2/4
f 2521/2/4 2522/2/4 2529/2/4
f 2522/2/4 2523/2/4 2529/2/4
f 2523/2/4 2503/2/4 2530/2/4
f 2529/2/4 2523/2/4 2530/2/4
f 2530/2/4 2503/2/4 2531/2/4
f 2525/2/4 2526/2/4 2533/2/4
f 2524/2/4 2525/2/4 2533/2/4
f 2533/2/4 2526/2/4 2534/2/4
f 2535/2/4 2536/2/4 2539/2/4
f 2539/2/4 2536/2/4 2540/2/4
f 2537/2/4 2538/2/4 2541/2/4
f 2541/2/4 2538/2/4 2542/2/4
f 2533/1/4 2534/1/4 2543/1/4
f 2534/2/4 2526/2/4 2544/2/4
f 2543/1/4 2534/1/4 2544/1/4
f 2544/2/4 2526/2/4 2545/2/4
f 2531/2/4 2532/2/4 2550/2/4
f 2530/2/4 2531/2/4 2550/2/4
f 2550/2/4 2532/2/4 2551/2/4
f 2546/2/4 2547/2/4 2552/2/4
f 2552/2/4 2547/2/4 2553/2/4
f 2548/2/4 2549/2/4 2554/2/4
f 2554/2/4 2549/2/4 2555/2/4
f 2530/2/4 2550/2/4 2556/2/4
f 2550/1/4 2551/1/4 2556/1/4
f 2556/1/4 2551/1/4 2557/1/4
f 2543/2/4 2544/2/4 2558/2/4
f 2544/1/4 2545/1/4 2559/1/4
f 2558/2/4 2544/2/4 2559/2/4
f 2559/1/4 2545/1/4 2560/1/4
f 2558/1/4 2559/1/4 2561/1/4
f 2559/2/4 2560/2/4 2562/2/4
f 2561/1/4 2559/1/4 2562/1/4
f 2563/2/4 2564/2/4 2567/2/4
f 2567/2/4 2564/2/4 2568/2/4
f 2565/2/4 2566/2/4 2569/2/4
f 2569/2/4 2566/2/4 2570/2/4
f 2556/2/4 2557/2/4 2575/2/4
f 2530/2/4 2556/2/4 2575/2/4
f 2575/2/4 2557/2/4 2576/2/4
f 2571/2/4 2572/2/4 2577/2/4
f 2577/2/4 2572/2/4 2578/2/4
f 2573/1/4 2574/1/4 2579/1/4
f 2579/1/4 2574/1/4 2580/1/4
f 2530/2/4 2575/2/4 2581/2/4
f 2575/1/4 2576/1/4 2581/1/4
f 2581/1/4 2576/1/4 2582/1/4
f 2561/2/4 2562/2/4 2583/2/4
f 2562/2/4 2560/2/4 2584/2/4
f 2583/2/4 2562/2/4 2584/2/4
f 2584/2/4 2560/2/4 2585/2/4
f 2581/2/4 2582/2/4 2588/2/4
f 2530/2/4 2581/2/4 2588/2/4
f 2588/2/4 2582/2/4 2589/2/4
f 2589/2/4 2582/2/4 2590/2/4
f 2591/2/4 2592/2/4 2595/2/4
f 2595/2/4 2592/2/4 2596/2/4
f 2593/2/4 2594/2/4 2597/2/4
f 2597/2/4 2594/2/4 2598/2/4
f 2587/2/4 2588/2/4 2599/2/4
f 2588/2/4 2589/2/4 2599/2/4
f 2599/2/4 2589/2/4 2600/2/4
f 2599/1/4 2600/1/4 2605/1/4
f 2605/1/4 2600/1/4 2606/1/4
f 2585/2/4 2586/2/4 2607/2/4
f 2584/2/4 2585/2/4 2607/2/4
f 2607/2/4 2586/2/4 2608/2/4
f 2608/2/4 2586/2/4 2609/2/4
f 2601/2/4 2602/2/4 2611/2/4
f 2611/2/4 2602/2/4 2612/2/4
f 2603/2/4 2604/2/4 2613/2/4
f 2613/2/4 2604/2/4 2614/2/4
f 2605/2/4 2606/2/4 2616/2/4
f 2616/2/4 2606/2/4 2617/2/4
f 2617/2/4 2606/2/4 2618/2/4
f 2608/1/4 2609/1/4 2619/1/4
f 2609/2/4 2610/2/4 2620/2/4
f 2619/1/4 2609/1/4 2620/1/4
f 2616/2/4 2617/2/4 2621/2/4
f 2615/2/4 2616/2/4 2621/2/4
f 2621/2/4 2617/2/4 2622/2/4
f 2619/2/4 2620/2/4 2623/2/4
f 2620/2/4 2610/2/4 2624/2/4
f 2623/2/4 2620/2/4 2624/2/4
f 2624/2/4 2610/2/4 2625/2/4
f 2615/2/4 2621/2/4 2632/2/4
f 2621/1/4 2622/1/4 2633/1/4
f 2632/2/4 2621/2/4 2633/2/4
f 2633/1/4 2622/1/4 2634/1/4
f 2624/1/4 2625/1/4 2635/1/4
f 2625/2/4 2626/2/4 2636/2/4
f 2635/1/4 2625/1/4 2636/1/4
f 2627/2/4 2628/2/4 2637/2/4
f 2637/2/4 2628/2/4 2638/2/4
f 2629/1/4 2630/1/4 2639/1/4
f 2639/1/4 2630/1/4 2640/1/4
f 2635/2/4 2636/2/4 2643/2/4
f 2636/2/4 2626/2/4 2644/2/4
f 2643/2/4 2636/2/4 2644/2/4
f 2644/2/4 2626/2/4 2645/2/4
f 2641/2/4 2642/2/4 2651/2/4
f 2651/2/4 2642/2/4 2652/2/4
f 2631/2/4 2632/2/4 2653/2/4
f 2632/2/4 2633/2/4 2653/2/4
f 2653/2/4 2633/2/4 2654/2/4
f 2654/2/4 2633/2/4 2655/2/4
f 2644/2/4 2645/2/4 2656/2/4
f 2645/2/4 2646/2/4 2656/2/4
f 2647/2/4 2648/2/4 2658/2/4
f 2658/2/4 2648/2/4 2659/2/4
f 2649/2/4 2650/2/4 2660/2/4
f 2660/2/4 2650/2/4 2661/2/4
f 2653/2/4 2654/2/4 2663/2/4
f 2652/2/4 2653/2/4 2663/2/4
f 2663/2/4 2654/2/4 2664/2/4
f 2664/2/4 2654/2/4 2665/2/4
f 2656/2/4 2657/2/4 2666/2/4
f 2644/2/4 2656/2/4 2666/2/4
f 2666/2/4 2657/2/4 2667/2/4
f 2667/2/4 2657/2/4 2668/2/4
f 2668/2/4 2657/2/4 2669/2/4
f 2663/2/4 2664/2/4 2672/2/4
f 2662/2/4 2663/2/4 2672/2/4
f 2664/1/4 2665/1/4 2673/1/4
f 2672/2/4 2664/2/4 2673/2/4
f 2673/1/4 2665/1/4 2674/1/4
f 2667/2/4 2668/2/4 2675/2/4
f 2668/1/4 2669/1/4 2676/1/4
f 2675/2/4 2668/2/4 2676/2/4
f 2669/2/4 2670/2/4 2677/2/4
f 2676/1/4 2669/1/4 2677/1/4
f 2677/2/4 2670/2/4 2678/2/4
f 2671/2/4 2672/2/4 2689/2/4
f 2672/2/4 2673/2/4 2689/2/4
f 2689/2/4 2673/2/4 2690/2/4
f 2690/2/4 2673/2/4 2691/2/4
f 2676/2/4 2677/2/4 2692/2/4
f 2677/2/4 2678/2/4 2692/2/4
f 2678/2/4 2679/2/4 2692/2/4
f 2692/2/4 2679/2/4 2693/2/4
f 2693/2/4 2679/2/4 2694/2/4
f 2694/2/4 2679/2/4 2695/2/4
f 2680/2/4 2681/2/4 2697/2/4
f 2697/2/4 2681/2/4 2698/2/4
f 2682/2/4 2683/2/4 2699/2/4
f 2699/2/4 2683/2/4 2700/2/4
f 2684/2/4 2685/2/4 2701/2/4
f 2701/2/4 2685/2/4 2702/2/4
f 2686/2/4 2687/2/4 2703/2/4
f 2703/2/4 2687/2/4 2704/2/4
f 2689/2/4 2690/2/4 2706/2/4
f 2688/2/4 2689/2/4 2706/2/4
f 2706/2/4 2690/2/4 2707/2/4
f 2707/2/4 2690/2/4 2708/2/4
f 2708/2/4 2690/2/4 2709/2/4
f 2693/2/4 2694/2/4 2710/2/4
f 2694/1/4 2695/1/4 2711/1/4
f 2710/2/4 2694/2/4 2711/2/4
f 2695/2/4 2696/2/4 2712/2/4
f 2711/1/4 2695/1/4 2712/1/4
f 2712/2/4 2696/2/4 2713/2/4
f 2705/1/4 2706/1/4 2720/1/4
f 2706/2/4 2707/2/4 2721/2/4
f 2720/1/4 2706/1/4 2721/1/4
f 2707/1/4 2708/1/4 2722/1/4
f 2721/2/4 2707/2/4 2722/2/4
f 2722/1/4 2708/1/4 2723/1/4
f 2711/2/4 2712/2/4 2724/2/4
f 2712/2/4 2713/2/4 2724/2/4
f 2713/2/4 2714/2/4 2724/2/4
f 2724/2/4 2714/2/4 2725/2/4
f 2725/2/4 2714/2/4 2726/2/4
f 2715/2/4 2716/2/4 2730/2/4
f 2730/2/4 2716/2/4 2731/2/4
f 2717/1/4 2718/1/4 2732/1/4
f 2732/1/4 2718/1/4 2733/1/4
f 2720/2/4 2721/2/4 2737/2/4
f 2719/2/4 2720/2/4 2737/2/4
f 2721/2/4 2722/2/4 2737/2/4
f 2737/2/4 2722/2/4 2738/2/4
f 2738/2/4 2722/2/4 2739/2/4
f 2725/2/4 2726/2/4 2740/2/4
f 2740/2/4 2726/2/4 2741/2/4
f 2726/1/4 2727/1/4 2742/1/4
f 2741/2/4 2726/2/4 2742/2/4
f 2742/1/4 2727/1/4 2743/1/4
f 2728/2/4 2729/2/4 2746/2/4
f 2746/2/4 2729/2/4 2747/2/4
f 2734/1/4 2735/1/4 2748/1/4
f 2748/1/4 2735/1/4 2749/1/4
f 2737/2/4 2738/2/4 2752/2/4
f 2736/2/4 2737/2/4 2752/2/4
f 2752/2/4 2738/2/4 2753/2/4
f 2753/2/4 2738/2/4 2754/2/4
f 2754/2/4 2738/2/4 2755/2/4
f 2741/2/4 2742/2/4 2756/2/4
f 2742/2/4 2743/2/4 2756/2/4
f 2743/1/4 2744/1/4 2757/1/4
f 2756/2/4 2743/2/4 2757/2/4
f 2744/2/4 2745/2/4 2758/2/4
f 2750/2/4 2751/2/4 2764/2/4
f 2752/1/4 2753/1/4 2765/1/4
f 2751/1/4 2752/1/4 2765/1/4
f 2764/2/4 2751/2/4 2765/2/4
f 2765/1/4 2753/1/4 2766/1/4
f 2753/2/4 2754/2/4 2767/2/4
f 2766/1/4 2753/1/4 2767/1/4
f 2767/2/4 2754/2/4 2768/2/4
f 2757/1/4 2744/1/4 2769/1/4
f 2744/2/4 2758/2/4 2770/2/4
f 2769/1/4 2744/1/4 2770/1/4
f 2758/2/4 2759/2/4 2770/2/4
f 2770/2/4 2759/2/4 2771/2/4
f 2771/2/4 2759/2/4 2772/2/4
f 2760/2/4 2761/2/4 2777/2/4
f 2777/2/4 2761/2/4 2778/2/4
f 2762/1/4 2763/1/4 2780/1/4
f 2765/2/4 2766/2/4 2781/2/4
f 2763/2/4 2764/2/4 2781/2/4
f 2764/2/4 2765/2/4 2781/2/4
f 2781/2/4 2766/2/4 2782/2/4
f 2771/2/4 2772/2/4 2783/2/4
f 2772/1/4 2773/1/4 2784/1/4
f 2783/2/4 2772/2/4 2784/2/4
f 2773/2/4 2774/2/4 2785/2/4
f 2784/1/4 2773/1/4 2785/1/4
f 2785/2/4 2774/2/4 2786/2/4
f 2775/2/4 2776/2/4 2788/2/4
f 2788/2/4 2776/2/4 2789/2/4
f 2779/2/4 2780/2/4 2793/2/4
f 2793/2/4 2780/2/4 2794/2/4
f 2794/2/4 2780/2/4 2795/2/4
f 2780/1/4 2763/1/4 2796/1/4
f 2795/2/4 2780/2/4 2796/2/4
f 2763/2/4 2781/2/4 2797/2/4
f 2796/1/4 2763/1/4 2797/1/4
f 2797/2/4 2781/2/4 2798/2/4
f 2784/2/4 2785/2/4 2799/2/4
f 2785/2/4 2786/2/4 2799/2/4
f 2786/1/4 2787/1/4 2800/1/4
f 2799/2/4 2786/2/4 2800/2/4
f 2787/2/4 2788/2/4 2801/2/4
f 2800/1/4 2787/1/4 2801/1/4
f 2788/2/4 2789/2/4 2801/2/4
f 2801/2/4 2789/2/4 2802/2/4
f 2802/2/4 2789/2/4 2803/2/4
f 2789/1/4 2790/1/4 2804/1/4
f 2803/2/4 2789/2/4 2804/2/4
f 2790/2/4 2791/2/4 2805/2/4
f 2804/1/4 2790/1/4 2805/1/4
f 2791/1/4 2792/1/4 2806/1/4
f 2805/2/4 2791/2/4 2806/2/4
f 2793/2/4 2794/2/4 2807/2/4
f 2806/1/4 2792/1/4 2807/1/4
f 2792/2/4 2793/2/4 2807/2/4
f 2807/2/4 2794/2/4 2808/2/4
f 2794/1/4 2795/1/4 2809/1/4
f 2808/2/4 2794/2/4 2809/2/4
f 2795/2/4 2796/2/4 2810/2/4
f 2809/1/4 2795/1/4 2810/1/4
f 2810/2/4 2796/2/4 2811/2/4
f 2801/2/4 2802/2/4 2812/2/4
f 2800/2/4 2801/2/4 2812/2/4
f 2802/1/4 2803/1/4 2813/1/4
f 2812/2/4 2802/2/4 2813/2/4
f 2804/2/4 2805/2/4 2814/2/4
f 2813/1/4 2803/1/4 2814/1/4
f 2807/2/4 2808/2/4 2814/2/4
f 2805/2/4 2806/2/4 2814/2/4
f 2806/2/4 2807/2/4 2814/2/4
f 2803/2/4 2804/2/4 2814/2/4
f 2814/2/4 2808/2/4 2815/2/4
f 2820/2/5 2817/2/5 2816/2/5
f 2821/1/5 2818/1/5 2817/1/5
f 2821/2/5 2817/2/5 2820/2/5
f 2822/2/5 2819/2/5 2818/2/5
f 2823/2/5 2819/2/5 2822/2/5
f 2824/2/5 2820/2/5 2816/2/5
f 2825/1/5 2821/1/5 2820/1/5
f 2825/2/5 2820/2/5 2824/2/5
f 2826/1/5 2818/1/5 2821/1/5
f 2826/1/5 2821/1/5 2825/1/5
f 2826/2/5 2822/2/5 2818/2/5
f 2827/1/5 2823/1/5 2822/1/5
f 2827/2/5 2822/2/5 2826/2/5
f 2828/2/5 2819/2/5 2823/2/5
f 2828/1/5 2823/1/5 2827/1/5
f 2829/2/5 2819/2/5 2828/2/5
f 2836/2/5 2833/2/5 2832/2/5
f 2836/1/5 2834/1/5 2833/1/5
f 2837/2/5 2835/2/5 2834/2/5
f 2837/1/5 2834/1/5 2836/1/5
f 2838/2/5 2831/2/5 2830/2/5
f 2839/2/5 2831/2/5 2838/2/5
f 2840/2/5 2836/2/5 2832/2/5
f 2840/2/5 2837/2/5 2836/2/5
f 2841/2/5 2835/2/5 2837/2/5
f 2841/2/5 2837/2/5 2840/2/5
f 2847/2/5 2843/2/5 2842/2/5
f 2848/2/5 2843/2/5 2847/2/5
f 2849/1/5 2848/1/5 2847/1/5
f 2850/1/5 2848/1/5 2849/1/5
f 2851/1/5 2845/1/5 2844/1/5
f 2852/2/5 2846/2/5 2845/2/5
f 2852/1/5 2845/1/5 2851/1/5
f 2853/2/5 2846/2/5 2852/2/5
f 2861/1/5 2855/1/5 2854/1/5
f 2862/2/5 2856/2/5 2855/2/5
f 2862/1/5 2855/1/5 2861/1/5
f 2863/2/5 2856/2/5 2862/2/5
f 2868/2/5 2858/2/5 2857/2/5
f 2869/2/5 2858/2/5 2868/2/5
f 2870/2/5 2860/2/5 2859/2/5
f 2871/2/5 2860/2/5 2870/2/5
f 2872/2/5 2862/2/5 2861/2/5
f 2872/2/5 2863/2/5 2862/2/5
f 2873/2/5 2863/2/5 2872/2/5
f 2874/2/5 2865/2/5 2864/2/5
f 2875/2/5 2865/2/5 2874/2/5
f 2876/2/5 2867/2/5 2866/2/5
f 2877/2/5 2867/2/5 2876/2/5
f 2878/1/5 2871/1/5 2870/1/5
f 2879/2/5 2860/2/5 2871/2/5
f 2879/1/5 2871/1/5 2878/1/5
f 2880/2/5 2860/2/5 2879/2/5
f 2886/2/5 2882/2/5 2881/2/5
f 2887/1/5 2884/1/5 2883/1/5
f 2888/2/5 2885/2/5 2884/2/5
f 2888/1/5 2884/1/5 2887/1/5
f 2889/2/5 2886/2/5 2881/2/5
f 2890/2/5 2886/2/5 2889/2/5
f 2891/2/5 2888/2/5 2887/2/5
f 2892/2/5 2885/2/5 2888/2/5
f 2892/2/5 2888/2/5 2891/2/5
f 2903/2/5 2896/2/5 2895/2/5
f 2904/2/5 2896/2/5 2903/2/5
f 2905/1/5 2898/1/5 2897/1/5
f 2906/1/5 2898/1/5 2905/1/5
f 2909/2/5 2894/2/5 2893/2/5
f 2910/2/5 2894/2/5 2909/2/5
f 2911/2/5 2902/2/5 2901/2/5
f 2912/2/5 2902/2/5 2911/2/5
f 2913/2/5 2908/2/5 2907/2/5
f 2914/2/5 2908/2/5 2913/2/5
f 2915/2/5 2900/2/5 2899/2/5
f 2916/2/5 2900/2/5 2915/2/5
f 2925/2/5 2920/2/5 2919/2/5
f 2926/2/5 2920/2/5 2925/2/5
f 2927/1/5 2922/1/5 2921/1/5
f 2928/1/5 2922/1/5 2927/1/5
f 2929/2/5 2918/2/5 2917/2/5
f 2930/2/5 2918/2/5 2929/2/5
f 2931/2/5 2924/2/5 2923/2/5
f 2932/2/5 2924/2/5 2931/2/5
f 2943/1/5 2936/1/5 2935/1/5
f 2944/1/5 2936/1/5 2943/1/5
f 2945/2/5 2934/2/5 2933/2/5
f 2946/2/5 2934/2/5 2945/2/5
f 2947/2/5 2938/2/5 2937/2/5
f 2948/2/5 2938/2/5 2947/2/5
f 2949/2/5 2940/2/5 2939/2/5
f 2950/2/5 2940/2/5 2949/2/5
f 2951/2/5 2942/2/5 2941/2/5
f 2952/2/5 2942/2/5 2951/2/5
f 2953/2/5 2944/2/5 2943/2/5
f 2954/2/5 2944/2/5 2953/2/5
f 2968/2/5 2958/2/5 2957/2/5
f 2969/2/5 2958/2/5 2968/2/5
f 2970/2/5 2960/2/5 2959/2/5
f 2971/2/5 2960/2/5 2970/2/5
f 2976/2/5 2962/2/5 2961/2/5
f 2977/2/5 2962/2/5 2976/2/5
f 2978/2/5 2964/2/5 2963/2/5
f 2979/2/5 2964/2/5 2978/2/5
f 2981/2/5 2966/2/5 2965/2/5
f 2982/2/5 2956/2/5 2955/2/5
f 2983/2/5 2956/2/5 2982/2/5
f 2984/2/5 2968/2/5 2967/2/5
f 2985/2/5 2968/2/5 2984/2/5
f 2986/1/5 2973/1/5 2972/1/5
f 2987/1/5 2973/1/5 2986/1/5
f 2988/2/5 2975/2/5 2974/2/5
f 2989/2/5 2975/2/5 2988/2/5
f 2990/2/5 2980/2/5 2979/2/5
f 2991/2/5 2980/2/5 2990/2/5
f 2992/2/5 2966/2/5 2981/2/5
f 2993/2/5 2966/2/5 2992/2/5
f 2998/2/5 2995/2/5 2994/2/5
f 2999/2/5 2995/2/5 2998/2/5
f 3000/1/5 2999/1/5 2998/1/5
f 3001/1/5 2999/1/5 3000/1/5
f 3002/2/5 2997/2/5 2996/2/5
f 3003/2/5 2997/2/5 3002/2/5
f 3008/2/5 3005/2/5 3004/2/5
f 3013/1/5 3007/1/5 3006/1/5
f 3014/1/5 3007/1/5 3013/1/5
f 3015/2/5 3008/2/5 3004/2/5
f 3016/2/5 3008/2/5 3015/2/5
f 3017/2/5 3010/2/5 3009/2/5
f 3018/2/5 3010/2/5 3017/2/5
f 3019/2/5 3012/2/5 3011/2/5
f 3020/2/5 3012/2/5 3019/2/5
f 3021/2/5 3014/2/5 3013/2/5
f 3022/2/5 3014/2/5 3021/2/5
f 3027/2/5 3024/2/5 3023/2/5
f 3028/2/5 3024/2/5 3027/2/5
f 3029/2/5 3026/2/5 3025/2/5
f 3030/2/5 3026/2/5 3029/2/5
f 3041/2/5 3034/2/5 3033/2/5
f 3042/2/5 3034/2/5 3041/2/5
f 3043/2/5 3036/2/5 3035/2/5
f 3044/2/5 3036/2/5 3043/2/5
f 3045/2/5 3032/2/5 3031/2/5
f 3046/2/5 3032/2/5 3045/2/5
f 3047/2/5 3038/2/5 3037/2/5
f 3048/2/5 3038/2/5 3047/2/5
f 3049/2/5 3040/2/5 3039/2/5
f 3050/2/5 3040/2/5 3049/2/5
f 3051/1/5 3044/1/5 3043/1/5
f 3052/1/5 3044/1/5 3051/1/5
f 3057/2/5 3054/2/5 3053/2/5
f 3058/2/5 3054/2/5 3057/2/5
f 3059/1/5 3056/1/5 3055/1/5
f 3060/1/5 3056/1/5 3059/1/5
f 3065/1/5 3064/1/5 3063/1/5
f 3066/1/5 3064/1/5 3065/1/5
f 3067/2/5 3062/2/5 3061/2/5
f 3068/2/5 3062/2/5 3067/2/5
f 3069/2/5 3066/2/5 3065/2/5
f 3070/2/5 3066/2/5 3069/2/5
f 3075/2/5 3072/2/5 3071/2/5
f 3076/2/5 3072/2/5 3075/2/5
f 3077/2/5 3074/2/5 3073/2/5
f 3078/2/5 3074/2/5 3077/2/5
f 3087/2/5 3080/2/5 3079/2/5
f 3088/2/5 3082/2/5 3081/2/5
f 3089/2/5 3082/2/5 3088/2/5
f 3090/2/5 3084/2/5 3083/2/5
f 3091/2/5 3084/2/5 3090/2/5
f 3092/2/5 3087/2/5 3079/2/5
f 3093/2/5 3087/2/5 3092/2/5
f 3094/2/5 3086/2/5 3085/2/5
f 3095/2/5 3086/2/5 3094/2/5
f 3102/2/5 3097/2/5 3096/2/5
f 3103/2/5 3097/2/5 3102/2/5
f 3104/2/5 3099/2/5 3098/2/5
f 3105/2/5 3099/2/5 3104/2/5
f 3108/2/5 3101/2/5 3100/2/5
f 3109/2/5 3101/2/5 3108/2/5
f 3110/2/5 3107/2/5 3106/2/5
f 3111/2/5 3107/2/5 3110/2/5
f 3116/2/5 3113/2/5 3112/2/5
f 3117/2/5 3113/2/5 3116/2/5
f 3118/2/5 3115/2/5 3114/2/5
f 3119/2/5 3115/2/5 3118/2/5
f 3124/2/5 3121/2/5 3120/2/5
f 3125/2/5 3121/2/5 3124/2/5
f 3126/1/5 3123/1/5 3122/1/5
f 3127/1/5 3123/1/5 3126/1/5
f 3132/2/5 3129/2/5 3128/2/5
f 3133/2/5 3129/2/5 3132/2/5
f 3134/2/5 3131/2/5 3130/2/5
f 3135/2/5 3131/2/5 3134/2/5
f 3140/2/5 3137/2/5 3136/2/5
f 3141/2/5 3137/2/5 3140/2/5
f 3142/2/5 3139/2/5 3138/2/5
f 3143/2/5 3139/2/5 3142/2/5
f 3145/2/5 3144/2/5 3143/2/5
f 3146/2/5 3144/2/5 3145/2/5
f 3149/2/5 3148/2/5 3147/2/5
f 3150/2/5 3148/2/5 3149/2/5
f 3155/2/5 3152/2/5 3151/2/5
f 3156/2/5 3152/2/5 3155/2/5
f 3157/2/5 3154/2/5 3153/2/5
f 3158/2/5 3154/2/5 3157/2/5
f 3163/1/5 3160/1/5 3159/1/5
f 3164/1/5 3160/1/5 3163/1/5
f 3165/1/5 3162/1/5 3161/1/5
f 3166/1/5 3162/1/5 3165/1/5
f 3171/2/5 3168/2/5 3167/2/5
f 3172/2/5 3168/2/5 3171/2/5
f 3173/2/5 3170/2/5 3169/2/5
f 3174/2/5 3170/2/5 3173/2/5
f 3177/2/5 3176/2/5 3175/2/5
f 3178/2/5 3176/2/5 3177/2/5
f 3184/1/5 3180/1/5 3179/1/5
f 3185/2/5 3181/2/5 3180/2/5
f 3185/1/5 3180/1/5 3184/1/5
f 3186/2/5 3181/2/5 3185/2/5
f 3187/2/5 3183/2/5 3182/2/5
f 3188/2/5 3183/2/5 3187/2/5
f 3189/2/5 3185/2/5 3184/2/5
f 3190/2/5 3185/2/5 3189/2/5
f 3191/2/5 3183/2/5 3188/2/5
f 3192/2/5 3183/2/5 3191/2/5
f 3199/1/5 3194/1/5 3193/1/5
f 3200/1/5 3194/1/5 3199/1/5
f 3201/2/5 3196/2/5 3195/2/5
f 3202/2/5 3196/2/5 3201/2/5
f 3205/2/5 3198/2/5 3197/2/5
f 3206/2/5 3198/2/5 3205/2/5
f 3207/1/5 3204/1/5 3203/1/5
f 3208/1/5 3204/1/5 3207/1/5
f 3214/2/5 3210/2/5 3209/2/5
f 3215/2/5 3210/2/5 3214/2/5
f 3216/2/5 3212/2/5 3211/2/5
f 3217/2/5 3212/2/5 3216/2/5
f 3218/2/5 3214/2/5 3213/2/5
f 3219/2/5 3214/2/5 3218/2/5
f 3224/1/5 3221/1/5 3220/1/5
f 3225/1/5 3221/1/5 3224/1/5
f 3230/2/5 3223/2/5 3222/2/5
f 3231/2/5 3223/2/5 3230/2/5
f 3232/1/5 3225/1/5 3224/1/5
f 3233/1/5 3225/1/5 3232/1/5
f 3234/1/5 3227/1/5 3226/1/5
f 3235/1/5 3227/1/5 3234/1/5
f 3236/2/5 3229/2/5 3228/2/5
f 3237/2/5 3229/2/5 3236/2/5
f 3238/1/5 3231/1/5 3230/1/5
f 3239/1/5 3231/1/5 3238/1/5
f 3242/2/5 3241/2/5 3240/2/5
f 3243/2/5 3241/2/5 3242/2/5
f 3252/2/5 3245/2/5 3244/2/5
f 3253/2/5 3247/2/5 3246/2/5
f 3254/2/5 3247/2/5 3253/2/5
f 3255/2/5 3249/2/5 3248/2/5
f 3256/2/5 3249/2/5 3255/2/5
f 3257/2/5 3245/2/5 3252/2/5
f 3258/2/5 3245/2/5 3257/2/5
f 3259/2/5 3251/2/5 3250/2/5
f 3260/2/5 3251/2/5 3259/2/5
f 3265/2/5 3262/2/5 3261/2/5
f 3266/2/5 3262/2/5 3265/2/5
f 3267/2/5 3264/2/5 3263/2/5
f 3268/2/5 3264/2/5 3267/2/5
f 3277/2/5 3272/2/5 3271/2/5
f 3278/2/5 3272/2/5 3277/2/5
f 3279/2/5 3274/2/5 3273/2/5
f 3280/2/5 3274/2/5 3279/2/5
f 3281/1/5 3276/1/5 3275/1/5
f 3282/1/5 3276/1/5 3281/1/5
f 3283/2/5 3270/2/5 3269/2/5
f 3284/2/5 3270/2/5 3283/2/5
f 3285/2/5 3282/2/5 3281/2/5
f 3286/2/5 3282/2/5 3285/2/5
f 3295/1/5 3290/1/5 3289/1/5
f 3296/1/5 3290/1/5 3295/1/5
f 3297/1/5 3288/1/5 3287/1/5
f 3298/1/5 3288/1/5 3297/1/5
f 3299/2/5 3292/2/5 3291/2/5
f 3300/2/5 3292/2/5 3299/2/5
f 3301/1/5 3294/1/5 3293/1/5
f 3302/1/5 3294/1/5 3301/1/5
f 3303/2/5 3296/2/5 3295/2/5
f 3304/2/5 3296/2/5 3303/2/5
f 3309/2/5 3308/2/5 3307/2/5
f 3310/2/5 3308/2/5 3309/2/5
f 3311/2/5 3306/2/5 3305/2/5
f 3312/2/5 3306/2/5 3311/2/5
f 3313/1/5 3310/1/5 3309/1/5
f 3314/1/5 3310/1/5 3313/1/5
f 3328/2/5 3318/2/5 3317/2/5
f 3329/2/5 3318/2/5 3328/2/5
f 3330/2/5 3320/2/5 3319/2/5
f 3331/2/5 3320/2/5 3330/2/5
f 3336/1/5 3322/1/5 3321/1/5
f 3337/1/5 3322/1/5 3336/1/5
f 3338/2/5 3324/2/5 3323/2/5
f 3339/2/5 3324/2/5 3338/2/5
f 3341/2/5 3326/2/5 3325/2/5
f 3342/2/5 3316/2/5 3315/2/5
f 3343/2/5 3316/2/5 3342/2/5
f 3344/2/5 3328/2/5 3327/2/5
f 3345/2/5 3328/2/5 3344/2/5
f 3346/2/5 3333/2/5 3332/2/5
f 3347/2/5 3333/2/5 3346/2/5
f 3348/2/5 3335/2/5 3334/2/5
f 3349/2/5 3335/2/5 3348/2/5
f 3350/2/5 3340/2/5 3339/2/5
f 3351/2/5 3340/2/5 3350/2/5
f 3352/2/5 3341/2/5 3325/2/5
f 3353/2/5 3341/2/5 3352/2/5
f 3358/1/5 3355/1/5 3354/1/5
f 3359/1/5 3355/1/5 3358/1/5
f 3364/2/5 3359/2/5 3358/2/5
f 3365/2/5 3359/2/5 3364/2/5
f 3366/2/5 3361/2/5 3360/2/5
f 3367/2/5 3361/2/5 3366/2/5
f 3368/1/5 3363/1/5 3362/1/5
f 3369/1/5 3363/1/5 3368/1/5
f 3370/2/5 3357/2/5 3356/2/5
f 3371/2/5 3357/2/5 3370/2/5
f 3380/2/5 3373/2/5 3372/2/5
f 3381/2/5 3373/2/5 3380/2/5
f 3382/2/5 3375/2/5 3374/2/5
f 3383/2/5 3375/2/5 3382/2/5
f 3384/1/5 3377/1/5 3376/1/5
f 3385/1/5 3377/1/5 3384/1/5
f 3388/1/5 3379/1/5 3378/1/5
f 3389/1/5 3379/1/5 3388/1/5
f 3390/1/5 3381/1/5 3380/1/5
f 3391/1/5 3381/1/5 3390/1/5
f 3392/2/5 3387/2/5 3386/2/5
f 3393/2/5 3387/2/5 3392/2/5
f 3394/2/5 3389/2/5 3388/2/5
f 3395/2/5 3389/2/5 3394/2/5
f 3404/2/5 3397/2/5 3396/2/5
f 3405/2/5 3397/2/5 3404/2/5
f 3408/2/5 3399/2/5 3398/2/5
f 3409/2/5 3399/2/5 3408/2/5
f 3410/2/5 3401/2/5 3400/2/5
f 3411/2/5 3401/2/5 3410/2/5
f 3414/2/5 3403/2/5 3402/2/5
f 3415/2/5 3403/2/5 3414/2/5
f 3416/1/5 3405/1/5 3404/1/5
f 3417/1/5 3405/1/5 3416/1/5
f 3418/2/5 3407/2/5 3406/2/5
f 3419/2/5 3407/2/5 3418/2/5
f 3420/2/5 3413/2/5 3412/2/5
f 3421/2/5 3413/2/5 3420/2/5
f 3422/2/5 3415/2/5 3414/2/5
f 3423/2/5 3415/2/5 3422/2/5
f 3430/2/5 3425/2/5 3424/2/5
f 3431/2/5 3425/2/5 3430/2/5
f 3432/2/5 3425/2/5 3431/2/5
f 3433/2/5 3425/2/5 3432/2/5
f 3434/2/5 3427/2/5 3426/2/5
f 3435/2/5 3427/2/5 3434/2/5
f 3436/1/5 3431/1/5 3430/1/5
f 3437/2/5 3432/2/5 3431/2/5
f 3437/1/5 3431/1/5 3436/1/5
f 3438/2/5 3432/2/5 3437/2/5
f 3439/2/5 3429/2/5 3428/2/5
f 3440/2/5 3429/2/5 3439/2/5
f 3448/1/5 3442/1/5 3441/1/5
f 3449/1/5 3442/1/5 3448/1/5
f 3454/2/5 3444/2/5 3443/2/5
f 3455/2/5 3444/2/5 3454/2/5
f 3457/1/5 3446/1/5 3445/1/5
f 3458/1/5 3446/1/5 3457/1/5
f 3459/2/5 3448/2/5 3447/2/5
f 3459/2/5 3449/2/5 3448/2/5
f 3460/2/5 3449/2/5 3459/2/5
f 3461/2/5 3451/2/5 3450/2/5
f 3462/2/5 3451/2/5 3461/2/5
f 3463/2/5 3453/2/5 3452/2/5
f 3464/2/5 3453/2/5 3463/2/5
f 3465/2/5 3456/2/5 3455/2/5
f 3466/2/5 3456/2/5 3465/2/5
f 3467/2/5 3458/2/5 3457/2/5
f 3468/2/5 3458/2/5 3467/2/5
f 3476/2/5 3470/2/5 3469/2/5
f 3477/2/5 3470/2/5 3476/2/5
f 3478/1/5 3471/1/5 3470/1/5
f 3478/2/5 3470/2/5 3477/2/5
f 3479/2/5 3472/2/5 3471/2/5
f 3479/1/5 3471/1/5 3478/1/5
f 3480/2/5 3472/2/5 3479/2/5
f 3481/1/5 3475/1/5 3474/1/5
f 3482/1/5 3475/1/5 3481/1/5
f 3483/2/5 3477/2/5 3476/2/5
f 3484/1/5 3478/1/5 3477/1/5
f 3484/2/5 3477/2/5 3483/2/5
f 3484/1/5 3479/1/5 3478/1/5
f 3485/1/5 3479/1/5 3484/1/5
f 3486/2/5 3474/2/5 3473/2/5
f 3487/1/5 3481/1/5 3474/1/5
f 3487/2/5 3474/2/5 3486/2/5
f 3488/2/5 3482/2/5 3481/2/5
f 3488/1/5 3481/1/5 3487/1/5
f 3489/2/5 3482/2/5 3488/2/5
f 3496/2/5 3491/2/5 3490/2/5
f 3496/1/5 3492/1/5 3491/1/5
f 3497/2/5 3493/2/5 3492/2/5
f 3497/1/5 3492/1/5 3496/1/5
f 3498/1/5 3494/1/5 3493/1/5
f 3498/2/5 3493/2/5 3497/2/5
f 3499/2/5 3495/2/5 3494/2/5
f 3499/1/5 3494/1/5 3498/1/5
f 3500/2/5 3498/2/5 3497/2/5
f 3500/2/5 3497/2/5 3496/2/5
f 3500/2/5 3499/2/5 3498/2/5
f 3500/2/5 3496/2/5 3490/2/5
f 3501/2/5 3495/2/5 3499/2/5
f 3501/2/5 3499/2/5 3500/2/5
f 3502/1/6 3503/1/6 3510/1/6
f 3503/2/6 3504/2/6 3511/2/6
f 3510/1/6 3503/1/6 3511/1/6
f 3511/2/6 3504/2/6 3512/2/6
f 3505/1/6 3506/1/6 3513/1/6
f 3506/2/6 3507/2/6 3514/2/6
f 3507/1/6 3508/1/6 3514/1/6
f 3508/2/6 3509/2/6 3515/2/6
f 3514/1/6 3508/1/6 3515/1/6
f 3511/2/6 3512/2/6 3516/2/6
f 3510/2/6 3511/2/6 3516/2/6
f 3512/1/6 3513/1/6 3517/1/6
f 3516/2/6 3512/2/6 3517/2/6
f 3506/2/6 3514/2/6 3518/2/6
f 3517/1/6 3513/1/6 3518/1/6
f 3513/1/6 3506/1/6 3518/1/6
f 3514/2/6 3515/2/6 3518/2/6
f 3515/2/6 3509/2/6 3519/2/6
f 3518/2/6 3515/2/6 3519/2/6
f 3520/1/6 3521/1/6 3527/1/6
f 3521/2/6 3522/2/6 3528/2/6
f 3527/1/6 3521/1/6 3528/1/6
f 3528/2/6 3522/2/6 3529/2/6
f 3529/2/6 3522/2/6 3530/2/6
f 3523/2/6 3524/2/6 3531/2/6
f 3531/2/6 3524/2/6 3532/2/6
f 3525/2/6 3526/2/6 3533/2/6
f 3527/2/6 3528/2/6 3534/2/6
f 3528/2/6 3529/2/6 3534/2/6
f 3534/2/6 3529/2/6 3535/2/6
f 3525/2/6 3533/2/6 3536/2/6
f 3536/2/6 3533/2/6 3537/2/6
f 3538/2/6 3539/2/6 3545/2/6
f 3545/2/6 3539/2/6 3546/2/6
f 3540/2/6 3541/2/6 3553/2/6
f 3553/2/6 3541/2/6 3554/2/6
f 3542/1/6 3543/1/6 3555/1/6
f 3543/2/6 3544/2/6 3556/2/6
f 3555/1/6 3543/1/6 3556/1/6
f 3538/2/6 3545/2/6 3557/2/6
f 3545/1/6 3546/1/6 3558/1/6
f 3557/2/6 3545/2/6 3558/2/6
f 3558/1/6 3546/1/6 3559/1/6
f 3547/2/6 3548/2/6 3560/2/6
f 3560/2/6 3548/2/6 3561/2/6
f 3549/2/6 3550/2/6 3562/2/6
f 3562/2/6 3550/2/6 3563/2/6
f 3551/2/6 3552/2/6 3564/2/6
f 3564/2/6 3552/2/6 3565/2/6
f 3555/2/6 3556/2/6 3566/2/6
f 3556/2/6 3544/2/6 3567/2/6
f 3566/2/6 3556/2/6 3567/2/6
f 3568/1/6 3569/1/6 3574/1/6
f 3569/2/6 3570/2/6 3575/2/6
f 3574/1/6 3569/1/6 3575/1/6
f 3572/1/6 3573/1/6 3576/1/6
f 3571/2/6 3572/2/6 3576/2/6
f 3576/1/6 3573/1/6 3577/1/6
f 3574/2/6 3575/2/6 3578/2/6
f 3575/2/6 3570/2/6 3579/2/6
f 3578/2/6 3575/2/6 3579/2/6
f 3571/2/6 3576/2/6 3580/2/6
f 3576/2/6 3577/2/6 3580/2/6
f 3580/2/6 3577/2/6 3581/2/6
f 3582/1/6 3583/1/6 3590/1/6
f 3590/1/6 3583/1/6 3591/1/6
f 3584/2/6 3585/2/6 3594/2/6
f 3594/2/6 3585/2/6 3595/2/6
f 3586/1/6 3587/1/6 3596/1/6
f 3596/1/6 3587/1/6 3597/1/6
f 3590/2/6 3591/2/6 3600/2/6
f 3600/2/6 3591/2/6 3601/2/6
f 3592/2/6 3593/2/6 3602/2/6
f 3602/2/6 3593/2/6 3603/2/6
f 3598/2/6 3599/2/6 3604/2/6
f 3604/2/6 3599/2/6 3605/2/6
f 3588/2/6 3589/2/6 3606/2/6
f 3606/2/6 3589/2/6 3607/2/6
f 3608/2/6 3609/2/6 3616/2/6
f 3616/2/6 3609/2/6 3617/2/6
f 3610/2/6 3611/2/6 3618/2/6
f 3618/2/6 3611/2/6 3619/2/6
f 3612/1/6 3613/1/6 3620/1/6
f 3620/1/6 3613/1/6 3621/1/6
f 3614/2/6 3615/2/6 3622/2/6
f 3616/1/6 3617/1/6 3623/1/6
f 3623/1/6 3617/1/6 3624/1/6
f 3614/2/6 3622/2/6 3625/2/6
f 3625/2/6 3622/2/6 3626/2/6
f 3629/1/6 3630/1/6 3637/1/6
f 3637/1/6 3630/1/6 3638/1/6
f 3627/2/6 3628/2/6 3639/2/6
f 3639/2/6 3628/2/6 3640/2/6
f 3631/2/6 3632/2/6 3641/2/6
f 3641/2/6 3632/2/6 3642/2/6
f 3633/2/6 3634/2/6 3643/2/6
f 3643/2/6 3634/2/6 3644/2/6
f 3635/2/6 3636/2/6 3645/2/6
f 3645/2/6 3636/2/6 3646/2/6
f 3637/2/6 3638/2/6 3647/2/6
f 3647/2/6 3638/2/6 3648/2/6
f 3649/2/6 3650/2/6 3661/2/6
f 3651/2/6 3652/2/6 3663/2/6
f 3663/2/6 3652/2/6 3664/2/6
f 3653/2/6 3654/2/6 3665/2/6
f 3665/2/6 3654/2/6 3666/2/6
f 3655/2/6 3656/2/6 3671/2/6
f 3671/2/6 3656/2/6 3672/2/6
f 3657/2/6 3658/2/6 3673/2/6
f 3673/2/6 3658/2/6 3674/2/6
f 3661/2/6 3650/2/6 3676/2/6
f 3676/2/6 3650/2/6 3677/2/6
f 3662/2/6 3663/2/6 3678/2/6
f 3678/2/6 3663/2/6 3679/2/6
f 3667/1/6 3668/1/6 3680/1/6
f 3680/1/6 3668/1/6 3681/1/6
f 3669/2/6 3670/2/6 3682/2/6
f 3682/2/6 3670/2/6 3683/2/6
f 3674/2/6 3675/2/6 3684/2/6
f 3684/2/6 3675/2/6 3685/2/6
f 3659/2/6 3660/2/6 3686/2/6
f 3686/2/6 3660/2/6 3687/2/6
f 3688/2/6 3689/2/6 3692/2/6
f 3692/2/6 3689/2/6 3693/2/6
f 3692/1/6 3693/1/6 3694/1/6
f 3694/1/6 3693/1/6 3695/1/6
f 3690/2/6 3691/2/6 3696/2/6
f 3696/2/6 3691/2/6 3697/2/6
f 3700/2/6 3701/2/6 3706/2/6
f 3698/2/6 3699/2/6 3707/2/6
f 3707/2/6 3699/2/6 3708/2/6
f 3702/2/6 3703/2/6 3709/2/6
f 3709/2/6 3703/2/6 3710/2/6
f 3704/2/6 3705/2/6 3711/2/6
f 3711/2/6 3705/2/6 3712/2/6
f 3700/2/6 3706/2/6 3713/2/6
f 3713/2/6 3706/2/6 3714/2/6
f 3717/2/6 3718/2/6 3723/2/6
f 3723/2/6 3718/2/6 3724/2/6
f 3719/2/6 3720/2/6 3725/2/6
f 3725/2/6 3720/2/6 3726/2/6
f 3721/2/6 3722/2/6 3727/2/6
f 3727/2/6 3722/2/6 3728/2/6
f 3715/2/6 3716/2/6 3729/2/6
f 3729/2/6 3716/2/6 3730/2/6
f 3727/1/6 3728/1/6 3731/1/6
f 3731/1/6 3728/1/6 3732/1/6
f 3733/2/6 3734/2/6 3739/2/6
f 3739/2/6 3734/2/6 3740/2/6
f 3735/2/6 3736/2/6 3741/2/6
f 3741/2/6 3736/2/6 3742/2/6
f 3737/2/6 3738/2/6 3743/2/6
f 3743/2/6 3738/2/6 3744/2/6
f 3745/2/6 3746/2/6 3753/2/6
f 3753/2/6 3746/2/6 3754/2/6
f 3747/2/6 3748/2/6 3755/2/6
f 3755/2/6 3748/2/6 3756/2/6
f 3749/1/6 3750/1/6 3757/1/6
f 3757/1/6 3750/1/6 3758/1/6
f 3751/2/6 3752/2/6 3759/2/6
f 3759/2/6 3752/2/6 3760/2/6
f 3761/2/6 3762/2/6 3763/2/6
f 3763/2/6 3762/2/6 3764/2/6
f 3765/2/6 3766/2/6 3769/2/6
f 3769/2/6 3766/2/6 3770/2/6
f 3767/2/6 3768/2/6 3775/2/6
f 3769/1/6 3770/1/6 3776/1/6
f 3776/1/6 3770/1/6 3777/1/6
f 3771/2/6 3772/2/6 3778/2/6
f 3778/2/6 3772/2/6 3779/2/6
f 3773/2/6 3774/2/6 3780/2/6
f 3780/2/6 3774/2/6 3781/2/6
f 3767/2/6 3775/2/6 3782/2/6
f 3782/2/6 3775/2/6 3783/2/6
f 3784/2/6 3785/2/6 3788/2/6
f 3788/2/6 3785/2/6 3789/2/6
f 3786/2/6 3787/2/6 3790/2/6
f 3790/2/6 3787/2/6 3791/2/6
f 3792/2/6 3793/2/6 3798/2/6
f 3798/2/6 3793/2/6 3799/2/6
f 3794/2/6 3795/2/6 3800/2/6
f 3800/2/6 3795/2/6 3801/2/6
f 3796/2/6 3797/2/6 3804/2/6
f 3804/2/6 3797/2/6 3805/2/6
f 3802/2/6 3803/2/6 3806/2/6
f 3806/2/6 3803/2/6 3807/2/6
f 3810/2/6 3811/2/6 3812/2/6
f 3808/2/6 3809/2/6 3813/2/6
f 3813/2/6 3809/2/6 3814/2/6
f 3810/2/6 3812/2/6 3815/2/6
f 3815/2/6 3812/2/6 3816/2/6
f 3817/2/6 3818/2/6 3821/2/6
f 3821/2/6 3818/2/6 3822/2/6
f 3819/1/6 3820/1/6 3823/1/6
f 3823/1/6 3820/1/6 3824/1/6
f 3825/2/6 3826/2/6 3829/2/6
f 3829/2/6 3826/2/6 3830/2/6
f 3827/2/6 3828/2/6 3831/2/6
f 3831/2/6 3828/2/6 3832/2/6
f 3833/2/6 3834/2/6 3837/2/6
f 3837/2/6 3834/2/6 3838/2/6
f 3835/2/6 3836/2/6 3839/2/6
f 3839/2/6 3836/2/6 3840/2/6
f 3840/2/6 3841/2/6 3842/2/6
f 3842/2/6 3841/2/6 3843/2/6
f 3844/2/6 3845/2/6 3846/2/6
f 3846/2/6 3845/2/6 3847/2/6
f 3848/2/6 3849/2/6 3852/2/6
f 3852/2/6 3849/2/6 3853/2/6
f 3850/2/6 3851/2/6 3854/2/6
f 3854/2/6 3851/2/6 3855/2/6
f 3856/1/6 3857/1/6 3860/1/6
f 3860/1/6 3857/1/6 3861/1/6
f 3858/1/6 3859/1/6 3862/1/6
f 3862/1/6 3859/1/6 3863/1/6
f 3864/2/6 3865/2/6 3868/2/6
f 3868/2/6 3865/2/6 3869/2/6
f 3866/2/6 3867/2/6 3870/2/6
f 3870/2/6 3867/2/6 3871/2/6
f 3872/2/6 3873/2/6 3874/2/6
f 3874/2/6 3873/2/6 3875/2/6
f 3876/2/6 3877/2/6 3880/2/6
f 3880/2/6 3877/2/6 3881/2/6
f 3878/2/6 3879/2/6 3882/2/6
f 3882/2/6 3879/2/6 3883/2/6
f 3884/2/6 3885/2/6 3888/2/6
f 3888/2/6 3885/2/6 3889/2/6
f 3886/2/6 3887/2/6 3890/2/6
f 3890/2/6 3887/2/6 3891/2/6
f 3892/1/6 3893/1/6 3898/1/6
f 3898/1/6 3893/1/6 3899/1/6
f 3894/2/6 3895/2/6 3900/2/6
f 3900/2/6 3895/2/6 3901/2/6
f 3896/2/6 3897/2/6 3904/2/6
f 3904/2/6 3897/2/6 3905/2/6
f 3902/1/6 3903/1/6 3906/1/6
f 3906/1/6 3903/1/6 3907/1/6
f 3908/2/6 3909/2/6 3916/2/6
f 3910/2/6 3911/2/6 3918/2/6
f 3918/2/6 3911/2/6 3919/2/6
f 3912/2/6 3913/2/6 3920/2/6
f 3920/2/6 3913/2/6 3921/2/6
f 3914/2/6 3915/2/6 3922/2/6
f 3908/2/6 3916/2/6 3923/2/6
f 3923/2/6 3916/2/6 3924/2/6
f 3917/2/6 3918/2/6 3925/2/6
f 3925/2/6 3918/2/6 3926/2/6
f 3922/2/6 3915/2/6 3927/2/6
f 3927/2/6 3915/2/6 3928/2/6
f 3929/1/6 3930/1/6 3933/1/6
f 3933/1/6 3930/1/6 3934/1/6
f 3931/2/6 3932/2/6 3935/2/6
f 3935/2/6 3932/2/6 3936/2/6
f 3937/1/6 3938/1/6 3943/1/6
f 3943/1/6 3938/1/6 3944/1/6
f 3939/2/6 3940/2/6 3945/2/6
f 3945/2/6 3940/2/6 3946/2/6
f 3943/2/6 3944/2/6 3947/2/6
f 3947/2/6 3944/2/6 3948/2/6
f 3941/2/6 3942/2/6 3949/2/6
f 3949/2/6 3942/2/6 3950/2/6
f 3951/2/6 3952/2/6 3955/2/6
f 3955/2/6 3952/2/6 3956/2/6
f 3953/2/6 3954/2/6 3957/2/6
f 3957/2/6 3954/2/6 3958/2/6
f 3959/2/6 3960/2/6 3963/2/6
f 3963/2/6 3960/2/6 3964/2/6
f 3961/2/6 3962/2/6 3969/2/6
f 3963/1/6 3964/1/6 3970/1/6
f 3970/1/6 3964/1/6 3971/1/6
f 3965/2/6 3966/2/6 3972/2/6
f 3972/2/6 3966/2/6 3973/2/6
f 3967/2/6 3968/2/6 3974/2/6
f 3974/2/6 3968/2/6 3975/2/6
f 3969/2/6 3962/2/6 3976/2/6
f 3976/2/6 3962/2/6 3977/2/6
f 3978/2/6 3979/2/6 3982/2/6
f 3982/2/6 3979/2/6 3983/2/6
f 3980/2/6 3981/2/6 3984/2/6
f 3984/2/6 3981/2/6 3985/2/6
f 3986/2/6 3987/2/6 3994/2/6
f 3994/2/6 3987/2/6 3995/2/6
f 3990/2/6 3991/2/6 3996/2/6
f 3996/2/6 3991/2/6 3997/2/6
f 3992/1/6 3993/1/6 3998/1/6
f 3998/1/6 3993/1/6 3999/1/6
f 3988/2/6 3989/2/6 4000/2/6
f 4000/2/6 3989/2/6 4001/2/6
f 4002/2/6 4003/2/6 4006/2/6
f 4006/2/6 4003/2/6 4007/2/6
f 4004/2/6 4005/2/6 4008/2/6
f 4008/2/6 4005/2/6 4009/2/6
f 4010/2/6 4011/2/6 4022/2/6
f 4012/2/6 4013/2/6 4024/2/6
f 4024/2/6 4013/2/6 4025/2/6
f 4014/2/6 4015/2/6 4026/2/6
f 4026/2/6 4015/2/6 4027/2/6
f 4016/1/6 4017/1/6 4032/1/6
f 4032/1/6 4017/1/6 4033/1/6
f 4018/2/6 4019/2/6 4034/2/6
f 4034/2/6 4019/2/6 4035/2/6
f 4010/2/6 4022/2/6 4037/2/6
f 4037/2/6 4022/2/6 4038/2/6
f 4023/2/6 4024/2/6 4039/2/6
f 4039/2/6 4024/2/6 4040/2/6
f 4028/2/6 4029/2/6 4041/2/6
f 4041/2/6 4029/2/6 4042/2/6
f 4030/2/6 4031/2/6 4043/2/6
f 4043/2/6 4031/2/6 4044/2/6
f 4035/2/6 4036/2/6 4045/2/6
f 4045/2/6 4036/2/6 4046/2/6
f 4020/2/6 4021/2/6 4047/2/6
f 4047/2/6 4021/2/6 4048/2/6
f 4049/2/6 4050/2/6 4053/2/6
f 4053/2/6 4050/2/6 4054/2/6
f 4053/1/6 4054/1/6 4059/1/6
f 4059/1/6 4054/1/6 4060/1/6
f 4055/2/6 4056/2/6 4061/2/6
f 4061/2/6 4056/2/6 4062/2/6
f 4057/1/6 4058/1/6 4063/1/6
f 4063/1/6 4058/1/6 4064/1/6
f 4051/1/6 4052/1/6 4065/1/6
f 4065/1/6 4052/1/6 4066/1/6
f 4067/2/6 4068/2/6 4075/2/6
f 4069/2/6 4070/2/6 4076/2/6
f 4076/2/6 4070/2/6 4077/2/6
f 4071/1/6 4072/1/6 4078/1/6
f 4078/1/6 4072/1/6 4079/1/6
f 4067/2/6 4075/2/6 4082/2/6
f 4082/2/6 4075/2/6 4083/2/6
f 4080/2/6 4081/2/6 4084/2/6
f 4084/2/6 4081/2/6 4085/2/6
f 4073/2/6 4074/2/6 4086/2/6
f 4086/2/6 4074/2/6 4087/2/6
f 4088/1/6 4089/1/6 4096/1/6
f 4096/1/6 4089/1/6 4097/1/6
f 4090/2/6 4091/2/6 4100/2/6
f 4100/2/6 4091/2/6 4101/2/6
f 4092/2/6 4093/2/6 4102/2/6
f 4102/2/6 4093/2/6 4103/2/6
f 4094/2/6 4095/2/6 4106/2/6
f 4096/2/6 4097/2/6 4107/2/6
f 4107/2/6 4097/2/6 4108/2/6
f 4098/2/6 4099/2/6 4109/2/6
f 4109/2/6 4099/2/6 4110/2/6
f 4104/2/6 4105/2/6 4111/2/6
f 4111/2/6 4105/2/6 4112/2/6
f 4106/2/6 4095/2/6 4113/2/6
f 4113/2/6 4095/2/6 4114/2/6
f 4117/2/6 4118/2/6 4121/2/6
f 4121/2/6 4118/2/6 4122/2/6
f 4119/2/6 4120/2/6 4123/2/6
f 4123/2/6 4120/2/6 4124/2/6
f 4124/2/6 4120/2/6 4125/2/6
f 4115/2/6 4116/2/6 4126/2/6
f 4126/2/6 4116/2/6 4127/2/6
f 4123/2/6 4124/2/6 4128/2/6
f 4124/1/6 4125/1/6 4129/1/6
f 4128/2/6 4124/2/6 4129/2/6
f 4129/1/6 4125/1/6 4130/1/6
f 4131/2/6 4132/2/6 4139/2/6
f 4132/1/6 4133/1/6 4139/1/6
f 4139/1/6 4133/1/6 4140/1/6
f 4134/2/6 4135/2/6 4143/2/6
f 4143/2/6 4135/2/6 4144/2/6
f 4136/2/6 4137/2/6 4146/2/6
f 4137/1/6 4138/1/6 4147/1/6
f 4146/2/6 4137/2/6 4147/2/6
f 4147/1/6 4138/1/6 4148/1/6
f 4131/2/6 4139/2/6 4149/2/6
f 4139/2/6 4140/2/6 4149/2/6
f 4149/2/6 4140/2/6 4150/2/6
f 4141/2/6 4142/2/6 4151/2/6
f 4151/2/6 4142/2/6 4152/2/6
f 4144/2/6 4145/2/6 4153/2/6
f 4153/2/6 4145/2/6 4154/2/6
f 4147/2/6 4148/2/6 4155/2/6
f 4146/2/6 4147/2/6 4155/2/6
f 4155/2/6 4148/2/6 4156/2/6
f 4159/2/6 4160/2/6 4161/2/6
f 4161/2/6 4160/2/6 4162/2/6
f 4157/2/6 4158/2/6 4163/2/6
f 4163/2/6 4158/2/6 4164/2/6
f 4159/2/6 4161/2/6 4165/2/6
f 4161/1/6 4162/1/6 4166/1/6
f 4165/2/6 4161/2/6 4166/2/6
f 4166/1/6 4162/1/6 4167/1/6
f 4170/2/6 4171/2/6 4172/2/6
f 4172/2/6 4171/2/6 4173/2/6
f 4168/2/6 4169/2/6 4174/2/6
f 4174/2/6 4169/2/6 4175/2/6
f 4170/2/6 4172/2/6 4176/2/6
f 4172/1/6 4173/1/6 4177/1/6
f 4176/2/6 4172/2/6 4177/2/6
f 4173/2/6 4171/2/6 4178/2/6
f 4177/1/6 4173/1/6 4178/1/6
f 4178/2/6 4171/2/6 4179/2/6
f 4180/2/6 4181/2/6 4188/2/6
f 4181/1/6 4182/1/6 4188/1/6
f 4182/2/6 4183/2/6 4189/2/6
f 4188/1/6 4182/1/6 4189/1/6
f 4189/2/6 4183/2/6 4190/2/6
f 4183/1/6 4184/1/6 4191/1/6
f 4190/2/6 4183/2/6 4191/2/6
f 4184/2/6 4185/2/6 4192/2/6
f 4191/1/6 4184/1/6 4192/1/6
f 4180/2/6 4188/2/6 4193/2/6
f 4188/2/6 4189/2/6 4193/2/6
f 4189/1/6 4190/1/6 4194/1/6
f 4193/2/6 4189/2/6 4194/2/6
f 4190/2/6 4191/2/6 4195/2/6
f 4194/1/6 4190/1/6 4195/1/6
f 4191/2/6 4192/2/6 4195/2/6
f 4185/1/6 4186/1/6 4196/1/6
f 4195/2/6 4192/2/6 4196/2/6
f 4192/2/6 4185/2/6 4196/2/6
f 4186/2/6 4187/2/6 4197/2/6
f 4196/1/6 4186/1/6 4197/1/6
f 4197/2/6 4187/2/6 4198/2/6
